# label=BS
IMU1,9331,94054588,404,-260,2014,21,-29,-5
IMU1,9332,94064242,410,-265,2014,17,-29,-1
IMU1,9333,94073908,421,-271,2019,19,-21,-7
IMU1,9334,94083586,426,-273,2023,23,-16,-8
IMU1,9335,94093250,437,-282,2019,22,-21,0
IMU1,9336,94102719,434,-283,2017,27,-19,-1
IMU1,9337,94112397,443,-280,2014,28,-22,-4
IMU1,9338,94122061,444,-283,2011,33,-18,-12
IMU1,9339,94131407,443,-291,2002,31,-21,-13
IMU1,9340,94141266,429,-299,2002,27,-19,-18
IMU1,9341,94150618,403,-307,2005,17,-23,-16
IMU1,9342,94160484,384,-311,2008,21,-21,-14
IMU1,9343,94169829,384,-313,2023,24,-15,-8
IMU1,9344,94179501,381,-304,2035,23,-15,-1
IMU1,9345,94189186,383,-308,2029,27,-20,10
IMU1,9346,94198967,393,-300,2024,32,-5,7
IMU1,9347,94208365,389,-301,2015,26,-8,17
IMU1,9348,94217914,385,-291,2006,32,-7,15
IMU1,9349,94227485,378,-293,1997,30,-12,18
IMU1,9350,94237254,368,-294,1986,25,-21,27
IMU1,9351,94247026,370,-296,1988,20,-22,36
IMU1,9352,94256799,378,-300,2000,18,-14,44
IMU1,9353,94266049,394,-305,2012,19,-4,54
IMU1,9354,94275623,406,-311,2020,20,0,66
IMU1,9355,94285522,599,-3,2407,48,-107,103
IMU1,9356,94294771,485,-137,2593,274,-585,200
IMU1,9357,94304624,191,-369,1962,396,-163,214
IMU1,9358,94314477,272,-488,1775,356,248,207
IMU1,9359,94324231,255,-430,1623,265,202,209
IMU1,9360,94333981,131,-331,1657,133,67,235
IMU1,9361,94343543,48,-272,1793,17,-21,299
IMU1,9362,94352798,-10,-210,1878,-74,-28,386
IMU1,9363,94362247,12,-131,1942,-139,-1,508
IMU1,9364,94372108,59,-125,1934,-191,34,636
IMU1,9365,94381548,92,-176,1865,-234,71,752
IMU1,9366,94391004,98,-260,1803,-302,98,883
IMU1,9367,94400979,23,-330,1781,-372,102,1040
IMU1,9368,94410801,-14,-404,1740,-450,128,1229
IMU1,9369,94420734,15,-437,1657,-550,144,1417
IMU1,9370,94430572,186,-319,1688,-642,2,1466
IMU1,9371,94442961,463,-185,1827,-712,-205,1346
IMU1,9372,94453098,586,-313,1860,-785,-159,1180
IMU1,9373,94463262,408,-670,1747,-921,281,1132
IMU1,9374,94473318,132,-949,1597,-1110,663,1209
IMU1,9375,94483577,84,-966,1634,-1322,826,1358
IMU1,9376,94493612,131,-837,1768,-1537,906,1495
IMU1,9377,94503860,258,-591,1935,-1686,795,1537
IMU1,9378,94514116,1013,447,1518,-1595,-136,1347
IMU1,9379,94524580,552,-588,2565,-1396,-1195,917
IMU1,9380,94535461,83,-927,3092,-1277,-187,722
IMU1,9381,94545423,135,-767,2970,-1034,4,803
IMU1,9382,94555077,288,-659,2532,-796,237,850
IMU1,9383,94564946,356,-781,2147,-657,488,861
IMU1,9384,94574801,405,-874,1926,-611,696,850
IMU1,9385,94584652,667,-922,1871,-636,860,811
IMU1,9386,94594511,693,-953,2003,-699,1122,761
IMU1,9387,94604572,542,-1183,2290,-725,1363,610
IMU1,9388,94614840,426,-1309,2579,-677,1506,415
IMU1,9389,94625094,415,-1288,2754,-547,1582,240
IMU1,9390,94635340,368,-1167,2831,-332,1651,94
IMU1,9391,94645398,813,-1030,2135,-62,1735,-24
IMU1,9392,94655350,-346,-815,2049,96,1788,-147
IMU1,9393,94665307,-179,-1099,328,170,1751,-80
IMU1,9394,94675250,-840,-1032,1003,-67,1437,46
IMU1,9395,94685194,-401,-922,2298,-257,1183,209
IMU1,9396,94695350,-179,-735,2299,-185,1056,251
IMU1,9397,94705506,-153,-774,2450,-102,1102,185
IMU1,9398,94715667,-211,-837,2227,-5,1203,109
IMU1,9399,94725428,-173,-902,2420,75,1286,66
IMU1,9400,94735063,-153,-936,2494,168,1394,46
IMU1,9401,94744910,-150,-914,2743,305,1545,16
IMU1,9402,94754767,-219,-884,2981,497,1757,-25
IMU1,9403,94764707,-233,-888,2597,741,1973,-66
IMU1,9404,94775697,-522,-942,2221,1196,2293,-132
IMU1,9405,94786058,-512,-979,1986,1306,2354,-101
IMU1,9406,94796402,-401,-925,1847,1378,2352,-97
IMU1,9407,94806554,-409,-840,1632,1402,2309,-118
IMU1,9408,94816894,-475,-805,1514,1378,2253,-156
IMU1,9409,94827241,-598,-803,1449,1323,2169,-204
IMU1,9410,94837573,-609,-758,1325,1259,2050,-242
IMU1,9411,94847931,-380,-812,726,1169,1938,-282
IMU1,9412,94858092,-484,-792,365,984,1877,-349
IMU1,9413,94868044,-205,-480,-711,676,1724,-422
IMU1,9414,94878075,-525,-334,-792,83,1437,-572
IMU1,9415,94887933,-1422,-549,903,-543,1207,-667
IMU1,9416,94898181,-1154,-721,2155,-773,1054,-597
IMU1,9417,94908642,-819,-809,2419,-646,1028,-564
IMU1,9418,94918880,-746,-838,1819,-438,1084,-576
IMU1,9419,94929650,-570,-931,2091,-247,1174,-616
IMU1,9420,94939901,-719,-1034,2360,-110,1229,-696
IMU1,9421,94950367,-828,-1119,2284,95,1288,-773
IMU1,9422,94960533,-1139,-994,1954,291,1333,-827
IMU1,9423,94970890,-1329,-947,1734,411,1344,-832
IMU1,9424,94981241,-1568,-874,1670,475,1331,-801
IMU1,9425,94991590,-1656,-782,1408,511,1292,-723
IMU1,9426,95001947,-1769,-644,964,482,1223,-601
IMU1,9427,95012090,-1061,-683,634,332,1115,-472
IMU1,9428,95022254,-703,-915,1104,100,1034,-467
IMU1,9429,95032424,-1227,-944,1557,-21,999,-539
IMU1,9430,95042469,-1452,-686,1754,-7,1034,-544
IMU1,9431,95052508,-1501,-588,1569,58,1138,-491
IMU1,9432,95062663,-1429,-625,1533,82,1235,-416
IMU1,9433,95073858,-1305,-716,1298,62,1359,-332
IMU1,9434,95083998,-1174,-799,1391,20,1380,-332
IMU1,9435,95094157,-1203,-839,1451,20,1385,-355
IMU1,9436,95104305,-1283,-834,1388,44,1415,-372
IMU1,9437,95114442,-1399,-895,1460,69,1448,-372
IMU1,9438,95124585,-1558,-842,1362,106,1491,-356
IMU1,9439,95134930,-1713,-771,1127,128,1518,-312
IMU1,9440,95145291,-1561,-776,1032,88,1499,-251
IMU1,9441,95155440,-1444,-838,900,18,1442,-238
IMU1,9442,95165376,-1461,-896,715,-67,1393,-262
IMU1,9443,95175431,-1486,-900,763,-153,1366,-284
IMU1,9444,95185683,-1482,-936,837,-203,1337,-298
IMU1,9445,95195926,-1477,-972,932,-215,1319,-310
IMU1,9446,95206183,-1495,-1000,959,-187,1308,-324
IMU1,9447,95216624,-1475,-1070,842,-153,1253,-340
IMU1,9448,95228112,-1316,-1156,978,-111,1089,-400
IMU1,9449,95238560,-1234,-1188,1035,-76,1000,-458
IMU1,9450,95248991,-1221,-1191,975,-38,932,-537
IMU1,9451,95259036,-1251,-1173,917,-3,896,-619
IMU1,9452,95268894,-1334,-1114,876,25,908,-695
IMU1,9453,95278844,-1440,-1059,937,58,975,-749
IMU1,9454,95288792,-1442,-1082,880,116,1092,-783
IMU1,9455,95299138,-1440,-1045,832,187,1251,-801
IMU1,9456,95309477,-1498,-1016,880,260,1423,-808
IMU1,9457,95319818,-1562,-992,910,345,1555,-806
IMU1,9458,95329985,-1494,-1011,1124,433,1630,-800
IMU1,9459,95340528,-1472,-1122,999,523,1580,-809
IMU1,9460,95350885,-1565,-1086,705,556,1444,-835
IMU1,9461,95361246,-1855,-1048,281,509,1275,-855
IMU1,9462,95372104,-1847,-1107,294,238,947,-828
IMU1,9463,95382256,-1896,-1099,351,80,806,-813
IMU1,9464,95392203,-1842,-1074,517,-57,638,-795
IMU1,9465,95402251,-1836,-1039,513,-143,447,-780
IMU1,9466,95412495,-1717,-1097,559,-206,321,-759
IMU1,9467,95422737,-1560,-1097,613,-224,263,-742
IMU1,9468,95432992,-1738,-793,626,-205,255,-733
IMU1,9469,95445605,-1829,-894,666,-149,299,-657
IMU1,9470,95455638,-1617,-1026,698,-73,362,-529
IMU1,9471,95465687,-1394,-1084,698,9,427,-438
IMU1,9472,95475431,-1322,-1144,680,84,498,-403
IMU1,9473,95485375,-1429,-1176,633,157,562,-390
IMU1,9474,95495549,-1705,-1179,580,208,620,-370
IMU1,9475,95506749,-1858,-1313,607,265,656,-247
IMU1,9476,95516902,-1587,-1348,590,291,633,-202
IMU1,9477,95527070,-1499,-1334,441,298,579,-228
IMU1,9478,95537218,-1563,-1260,370,272,511,-280
IMU1,9479,95547382,-1664,-1163,422,233,428,-317
IMU1,9480,95557535,-1719,-1148,513,199,343,-314
IMU1,9481,95567697,-1739,-1148,530,180,271,-283
IMU1,9482,95577848,-1715,-1163,547,170,219,-243
IMU1,9483,95587994,-1634,-1168,565,170,179,-212
IMU1,9484,95598147,-1630,-1160,609,173,146,-190
IMU1,9485,95608301,-1627,-1162,597,180,136,-166
IMU1,9486,95618450,-1530,-1163,661,195,178,-137
IMU1,9487,95628599,-1540,-1144,614,215,255,-115
IMU1,9488,95638765,-1575,-1142,613,222,346,-101
IMU1,9489,95648931,-1580,-1207,422,209,390,-93
IMU1,9490,95658883,-1648,-1201,337,138,349,-99
IMU1,9491,95670387,-1644,-1225,403,-74,210,-117
IMU1,9492,95680444,-1627,-1260,470,-150,137,-124
IMU1,9493,95690684,-1591,-1276,548,-185,92,-144
IMU1,9494,95700736,-1619,-1277,606,-170,73,-147
IMU1,9495,95710783,-1643,-1263,564,-144,132,-100
IMU1,9496,95721027,-1606,-1208,481,-135,283,4
IMU1,9497,95730767,-1589,-1203,382,-139,385,91
IMU1,9498,95740730,-1691,-1224,358,-155,352,152
IMU1,9499,95750898,-1752,-1218,405,-153,162,224
IMU1,9500,95761041,-1691,-1232,473,-117,-78,295
IMU1,9501,95771090,-1598,-1256,488,-62,-232,339
IMU1,9502,95781145,-1479,-1256,461,-9,-244,346
IMU1,9503,95790995,-1387,-1231,411,38,-156,318
IMU1,9504,95800965,-1381,-1232,378,64,-32,249
IMU1,9505,95810716,-1431,-1240,343,68,84,149
IMU1,9506,95820378,-1524,-1292,347,53,159,52
IMU1,9507,95830046,-1594,-1330,382,40,185,-37
IMU1,9508,95839813,-1596,-1343,425,33,159,-114
IMU1,9509,95849794,-1574,-1336,460,39,119,-189
IMU1,9510,95859738,-1587,-1317,469,53,86,-270
IMU1,9511,95869495,-1581,-1318,452,77,52,-350
IMU1,9512,95879258,-1581,-1321,427,95,17,-417
IMU1,9513,95889012,-1592,-1311,403,116,-4,-471
IMU1,9514,95898864,-1596,-1306,365,135,5,-506
IMU1,9515,95908625,-1578,-1293,330,154,49,-528
IMU1,9516,95918583,-1567,-1284,342,171,108,-539
IMU1,9517,95929777,-1553,-1248,350,214,190,-549
IMU1,9518,95939938,-1576,-1254,373,236,195,-540
IMU1,9519,95950110,-1571,-1252,377,268,179,-517
IMU1,9520,95960276,-1546,-1253,372,300,152,-484
IMU1,9521,95970444,-1547,-1261,371,329,128,-448
IMU1,9522,95980600,-1538,-1262,358,351,127,-409
IMU1,9523,95990766,-1520,-1267,340,364,152,-367
IMU1,9524,96000932,-1517,-1273,338,367,190,-332
IMU1,9525,96011065,-1517,-1284,344,356,221,-302
IMU1,9526,96021194,-1534,-1292,339,338,239,-276
IMU1,9527,96031326,-1531,-1310,338,308,237,-252
IMU1,9528,96041468,-1538,-1313,361,281,232,-234
IMU1,9529,96051605,-1565,-1318,376,257,229,-211
IMU1,9530,96061729,-1605,-1321,363,243,230,-181
IMU1,9531,96071850,-1605,-1321,329,230,230,-140
IMU1,9532,96081976,-1589,-1325,319,213,234,-103
IMU1,9533,96092113,-1530,-1339,332,198,256,-75
IMU1,9534,96103105,-1501,-1349,361,182,329,-67
IMU1,9535,96113039,-1499,-1351,392,183,353,-82
IMU1,9536,96122984,-1526,-1362,426,212,354,-109
IMU1,9537,96133121,-1557,-1362,417,250,335,-121
IMU1,9538,96143252,-1580,-1357,420,283,306,-122
IMU1,9539,96153408,-1586,-1352,415,314,270,-116
IMU1,9540,96163578,-1583,-1349,410,344,238,-114
IMU1,9541,96173727,-1556,-1357,373,369,221,-117
IMU1,9542,96183883,-1592,-1384,334,380,235,-124
IMU1,9543,96194036,-1630,-1386,302,372,273,-121
IMU1,9544,96204180,-1615,-1390,333,351,327,-115
IMU1,9545,96214321,-1613,-1423,345,328,377,-115
IMU1,9546,96224470,-1609,-1469,377,310,400,-134
IMU1,9547,96234613,-1590,-1512,445,310,368,-166
IMU1,9548,96244777,-1565,-1529,491,339,298,-221
IMU1,9549,96254935,-1579,-1549,485,384,222,-291
IMU1,9550,96265105,-1615,-1510,284,438,158,-358
IMU1,9551,96276288,-1672,-1469,184,468,113,-431
IMU1,9552,96286429,-1777,-1410,51,427,163,-422
IMU1,9553,96296365,-1753,-1387,10,347,260,-365
IMU1,9554,96306308,-1838,-1348,-99,262,386,-299
IMU1,9555,96316361,-1924,-1361,-83,179,509,-215
IMU1,9556,96326400,-1905,-1350,-77,103,607,-96
IMU1,9557,96336238,-1887,-1350,-21,51,680,22
IMU1,9558,96345783,-1847,-1407,54,29,744,109
IMU1,9559,96355420,-1854,-1473,83,48,760,156
IMU1,9560,96365075,-1852,-1496,74,88,724,176
IMU1,9561,96374719,-1587,-1507,292,140,686,160
IMU1,9562,96384775,-1596,-1546,240,236,699,52
IMU1,9563,96394624,-1717,-1576,106,336,727,-83
IMU1,9564,96404568,-1612,-1503,125,392,730,-189
IMU1,9565,96414701,-1586,-1483,168,433,764,-304
IMU1,9566,96424860,-1714,-1432,-7,466,838,-407
IMU1,9567,96434700,-1762,-1417,-22,447,909,-442
IMU1,9568,96447303,-1733,-1356,16,409,976,-425
IMU1,9569,96457255,-1708,-1348,98,375,1066,-390
IMU1,9570,96468450,-1761,-1358,122,328,1197,-237
IMU1,9571,96478797,-1708,-1359,139,306,1217,-129
IMU1,9572,96489152,-1645,-1381,347,282,1265,-37
IMU1,9573,96499295,-1596,-1415,388,285,1335,41
IMU1,9574,96509350,-1525,-1442,407,302,1349,93
IMU1,9575,96519412,-1469,-1430,388,310,1318,118
IMU1,9576,96529672,-1400,-1404,397,303,1304,116
IMU1,9577,96539924,-1363,-1389,400,290,1321,96
IMU1,9578,96549975,-1358,-1368,381,274,1341,80
IMU1,9579,96560035,-1357,-1352,364,252,1345,79
IMU1,9580,96570088,-1363,-1342,396,233,1337,95
IMU1,9581,96580140,-1344,-1340,451,230,1330,133
IMU1,9582,96590396,-1331,-1337,461,239,1313,181
IMU1,9583,96600656,-1355,-1330,446,238,1269,229
IMU1,9584,96610916,-1357,-1339,387,220,1193,274
IMU1,9585,96621185,-1283,-1336,339,172,1103,309
IMU1,9586,96631964,-1270,-1327,322,41,968,296
IMU1,9587,96641834,-1257,-1328,302,-19,914,276
IMU1,9588,96651790,-1263,-1302,286,-62,850,255
IMU1,9589,96661748,-1266,-1305,265,-84,778,245
IMU1,9590,96671709,-1255,-1289,244,-94,709,254
IMU1,9591,96681651,-1235,-1266,251,-81,657,268
IMU1,9592,96691590,-1234,-1250,251,-56,620,282
IMU1,9593,96701544,-1249,-1233,240,-15,574,302
IMU1,9594,96711501,-1262,-1234,207,19,507,322
IMU1,9595,96721364,-1278,-1238,184,42,422,343
IMU1,9596,96731217,-1292,-1234,135,49,345,369
IMU1,9597,96741064,-1300,-1247,91,39,289,394
IMU1,9598,96750728,-1304,-1242,52,11,245,414
IMU1,9599,96760377,-1312,-1237,38,-31,205,429
IMU1,9600,96770128,-1311,-1243,38,-71,175,436
IMU1,9601,96779855,-1318,-1252,60,-103,143,439
IMU1,9602,96789787,-1311,-1258,91,-118,95,438
IMU1,9603,96799519,-1317,-1256,105,-119,36,436
IMU1,9604,96809463,-1311,-1244,117,-105,-35,432
IMU1,9605,96819483,-1320,-1234,111,-84,-118,429
IMU1,9606,96829499,-1325,-1219,95,-62,-206,421
IMU1,9607,96839315,-1328,-1189,69,-44,-295,414
IMU1,9608,96849146,-1362,-1152,32,-39,-371,410
IMU1,9609,96858975,-1441,-1061,102,-47,-444,419
IMU1,9610,96868994,-1497,-1217,-33,-53,-542,446
IMU1,9611,96878932,-1534,-1167,-165,-87,-622,490
IMU1,9612,96889062,-1579,-1108,-197,-153,-627,549
IMU1,9613,96899405,-1683,-1129,-161,-236,-573,619
IMU1,9614,96909724,-1634,-1072,-261,-315,-537,778
IMU1,9615,96920585,-1633,-1065,-263,-477,-503,839
IMU1,9616,96930916,-1666,-1046,-266,-552,-436,882
IMU1,9617,96941247,-1706,-1058,-273,-615,-390,922
IMU1,9618,96951590,-1738,-1059,-255,-653,-367,948
IMU1,9619,96961938,-1743,-1049,-262,-670,-360,968
IMU1,9620,96972260,-1773,-1042,-281,-671,-359,976
IMU1,9621,96982595,-1820,-1023,-268,-658,-348,979
IMU1,9622,96992926,-1868,-1008,-270,-624,-313,976
IMU1,9623,97003270,-1935,-1006,-315,-584,-274,979
IMU1,9624,97013603,-1963,-997,-381,-554,-233,985
IMU1,9625,97023741,-1959,-982,-419,-538,-200,983
IMU1,9626,97033885,-1964,-958,-493,-529,-174,967
IMU1,9627,97044016,-1942,-969,-485,-530,-167,942
IMU1,9628,97055175,-2065,-913,-408,-479,-190,904
IMU1,9629,97065315,-2049,-886,-368,-394,-156,872
IMU1,9630,97075447,-1952,-887,-374,-287,-61,798
IMU1,9631,97085369,-1967,-930,-396,-184,50,706
IMU1,9632,97095212,-2054,-950,-386,-83,136,614
IMU1,9633,97105056,-2056,-955,-370,14,162,524
IMU1,9634,97114800,-2028,-957,-343,105,124,421
IMU1,9635,97124744,-2006,-955,-305,190,60,297
IMU1,9636,97134496,-2010,-971,-331,270,0,162
IMU1,9637,97143933,-2030,-983,-355,332,-61,23
IMU1,9638,97153581,-2039,-987,-357,380,-112,-107
IMU1,9639,97163717,-2040,-986,-384,416,-134,-226
IMU1,9640,97173848,-2044,-971,-385,445,-124,-329
IMU1,9641,97183972,-2049,-952,-379,466,-93,-413
IMU1,9642,97193922,-2031,-933,-384,478,-59,-478
IMU1,9643,97203865,-2036,-905,-367,480,-37,-523
IMU1,9644,97213789,-2002,-910,-360,476,-34,-551
IMU1,9645,97223731,-1998,-899,-363,463,-38,-573
IMU1,9646,97233670,-1962,-871,-371,440,-40,-583
IMU1,9647,97243610,-1966,-868,-367,397,-48,-586
IMU1,9648,97253545,-1964,-872,-360,345,-44,-573
IMU1,9649,97263489,-1949,-856,-374,289,-23,-549
IMU1,9650,97273430,-1936,-853,-365,230,9,-516
IMU1,9651,97283094,-1930,-852,-344,172,61,-473
IMU1,9652,97292913,-1907,-845,-342,117,117,-424
IMU1,9653,97302931,-1871,-849,-325,65,158,-377
IMU1,9654,97312764,-1827,-849,-287,12,185,-336
IMU1,9655,97322585,-1812,-840,-259,-29,204,-301
IMU1,9656,97334058,-1785,-853,-223,-90,200,-240
IMU1,9657,97343974,-1757,-848,-227,-115,171,-216
IMU1,9658,97354108,-1736,-850,-226,-132,135,-203
IMU1,9659,97364233,-1713,-853,-230,-143,115,-190
IMU1,9660,97374356,-1701,-833,-222,-150,119,-183
IMU1,9661,97384488,-1717,-830,-200,-150,126,-174
IMU1,9662,97394599,-1732,-833,-192,-140,116,-149
IMU1,9663,97404728,-1683,-835,-141,-106,101,-119
IMU1,9664,97414847,-1651,-838,-160,-70,90,-95
IMU1,9665,97424366,-1643,-854,-154,-46,94,-83
IMU1,9666,97433883,-1639,-863,-160,-28,101,-79
IMU1,9667,97443598,-1636,-867,-164,-18,83,-79
IMU1,9668,97455679,-1638,-868,-153,-12,45,-89
IMU1,9669,97465212,-1649,-885,-122,-2,8,-102
IMU1,9670,97474536,-1665,-899,-140,12,-10,-113
IMU1,9671,97484271,-1658,-901,-169,14,-20,-119
IMU1,9672,97494006,-1693,-893,-176,14,-27,-132
IMU1,9673,97503724,-1744,-902,-175,9,-20,-136
IMU1,9674,97513262,-1794,-909,-175,8,0,-132
IMU1,9675,97522406,-1830,-919,-166,9,14,-120
IMU1,9676,97531841,-1850,-939,-185,7,18,-112
IMU1,9677,97541283,-1837,-964,-195,3,8,-118
IMU1,9678,97550514,-1830,-992,-191,-3,-16,-146
IMU1,9679,97560147,-1821,-1027,-173,-4,-52,-188
IMU1,9680,97569976,-1812,-1067,-127,-4,-101,-240
IMU1,9681,97579989,-1836,-1112,-85,16,-161,-309
IMU1,9682,97589930,-1820,-1170,-78,50,-241,-397
IMU1,9683,97599866,-1760,-1199,-130,80,-331,-507
IMU1,9684,97610010,-1767,-1229,-173,102,-379,-640
IMU1,9685,97620322,-1749,-1232,-200,117,-361,-766
IMU1,9686,97630647,-1784,-1229,-253,127,-315,-883
IMU1,9687,97641498,-1840,-1194,-279,132,-254,-1037
IMU1,9688,97652032,-1852,-1188,-278,139,-193,-1072
IMU1,9689,97662553,-1897,-1188,-246,142,-113,-1074
IMU1,9690,97673089,-1935,-1197,-237,160,-38,-1046
IMU1,9691,97683412,-1907,-1193,-257,173,-11,-996
IMU1,9692,97693544,-1867,-1188,-262,177,-3,-942
IMU1,9693,97703474,-1833,-1216,-273,171,37,-887
IMU1,9694,97713510,-1803,-1247,-338,149,132,-835
IMU1,9695,97723750,-1768,-1259,-379,102,278,-793
IMU1,9696,97733997,-1741,-1267,-330,42,446,-758
IMU1,9697,97744042,-1752,-1282,-273,-9,586,-731
IMU1,9698,97753966,-1765,-1294,-199,-48,644,-707
IMU1,9699,97764085,-1720,-1307,-159,-63,622,-676
IMU1,9700,97774214,-1666,-1307,-123,-69,571,-656
IMU1,9701,97784342,-1638,-1310,-107,-68,537,-650
IMU1,9702,97795511,-1610,-1331,-109,-45,513,-637
IMU1,9703,97805643,-1576,-1328,-77,-30,489,-638
IMU1,9704,97815579,-1516,-1368,-60,-17,448,-647
IMU1,9705,97825511,-1507,-1352,-74,-9,399,-671
IMU1,9706,97835255,-1501,-1372,-47,-11,363,-692
IMU1,9707,97845189,-1518,-1404,-71,-4,337,-711
IMU1,9708,97854932,-1529,-1427,-71,-10,289,-724
IMU1,9709,97864872,-1499,-1447,-55,-6,220,-730
IMU1,9710,97874609,-1484,-1479,-57,2,164,-736
IMU1,9711,97884249,-1441,-1498,-32,24,125,-738
IMU1,9712,97894086,-1407,-1515,-37,56,80,-745
IMU1,9713,97903745,-1388,-1536,-52,88,-6,-756
IMU1,9714,97913297,-1377,-1579,-55,118,-114,-764
IMU1,9715,97923447,-1379,-1594,-63,155,-231,-773
IMU1,9716,97933587,-1388,-1606,-101,192,-348,-776
IMU1,9717,97943918,-1388,-1596,-191,213,-435,-769
IMU1,9718,97954272,-1423,-1574,-280,209,-461,-744
IMU1,9719,97964617,-1478,-1565,-364,183,-412,-697
IMU1,9720,97974961,-1558,-1558,-449,127,-311,-613
IMU1,9721,97985319,-1599,-1565,-493,42,-200,-489
IMU1,9722,97995452,-1585,-1555,-499,-60,-99,-347
IMU1,9723,98005500,-1520,-1554,-433,-157,-17,-215
IMU1,9724,98016775,-1342,-1583,-327,-278,48,-15
IMU1,9725,98026711,-1277,-1603,-251,-274,51,46
IMU1,9726,98036554,-1217,-1625,-149,-225,33,73
IMU1,9727,98046396,-1173,-1643,-75,-139,1,73
IMU1,9728,98055857,-1129,-1641,-72,-48,-46,51
IMU1,9729,98065388,-1149,-1653,-86,39,-93,11
IMU1,9730,98074823,-1249,-1653,-80,99,-110,-17
IMU1,9731,98084558,-1417,-1662,-74,135,-125,-11
IMU1,9732,98094490,-1513,-1715,-101,135,-187,36
IMU1,9733,98104533,-1466,-1713,-167,85,-273,98
IMU1,9734,98114368,-1375,-1700,-193,-3,-338,141
IMU1,9735,98124308,-1299,-1695,-236,-125,-357,149
IMU1,9736,98134645,-1239,-1690,-210,-245,-349,131
IMU1,9737,98144983,-1242,-1687,-157,-344,-337,107
IMU1,9738,98155312,-1211,-1684,-76,-396,-339,90
IMU1,9739,98165262,-1171,-1634,-12,-394,-360,77
IMU1,9740,98175207,-1159,-1584,37,-340,-398,68
IMU1,9741,98185073,-1158,-1557,63,-253,-477,69
IMU1,9742,98194931,-1149,-1482,61,-141,-599,80
IMU1,9743,98204789,-1143,-1415,52,-29,-746,91
IMU1,9744,98214446,-1185,-1369,13,77,-882,102
IMU1,9745,98224190,-1188,-1374,-81,151,-964,117
IMU1,9746,98234237,-1155,-1362,-133,182,-1002,126
IMU1,9747,98244687,-1147,-1357,-103,176,-1005,116
IMU1,9748,98255126,-1160,-1366,-64,158,-990,86
IMU1,9749,98264980,-1340,-1326,-195,139,-966,50
IMU1,9750,98275021,-1428,-1273,-103,86,-844,43
IMU1,9751,98285921,-1749,-1346,76,37,-415,134
IMU1,9752,98295684,-1987,-1394,246,86,-375,231
IMU1,9753,98305648,-2316,-1517,347,146,-427,357
IMU1,9754,98315771,-2071,-1552,176,184,-386,485
IMU1,9755,98325902,-1688,-1478,156,147,-329,510
IMU1,9756,98336028,-1385,-1473,241,91,-351,387
IMU1,9757,98345945,-1134,-1425,263,64,-371,174
IMU1,9758,98355872,-944,-1366,310,74,-366,-62
IMU1,9759,98365504,-974,-1372,301,138,-416,-259
IMU1,9760,98375532,-1325,-1426,362,231,-522,-349
IMU1,9761,98385762,-1415,-1389,209,322,-544,-309
IMU1,9762,98395990,-1680,-1437,90,347,-410,-182
IMU1,9763,98406023,-1889,-1477,-154,284,-157,37
IMU1,9764,98416055,-1854,-1464,-361,108,49,292
IMU1,9765,98425972,-1760,-1471,-375,-147,112,514
IMU1,9766,98436198,-1691,-1483,-332,-401,119,685
IMU1,9767,98446409,-1654,-1495,-237,-600,157,809
IMU1,9768,98459185,-1654,-1379,-38,-761,196,942
IMU1,9769,98469218,-1651,-1255,-62,-729,152,968
IMU1,9770,98479238,-1589,-1219,-119,-657,121,968
IMU1,9771,98489470,-1518,-1184,-122,-586,128,935
IMU1,9772,98499710,-1457,-1150,-71,-515,104,867
IMU1,9773,98509746,-1431,-1173,-27,-439,23,768
IMU1,9774,98519577,-1399,-1205,-3,-368,-87,654
IMU1,9775,98529304,-1389,-1218,15,-302,-188,524
IMU1,9776,98539326,-1357,-1243,12,-238,-271,395
IMU1,9777,98549369,-1336,-1253,-3,-174,-328,265
IMU1,9778,98559301,-1383,-1257,-35,-122,-366,156
IMU1,9779,98569443,-1441,-1246,-45,-93,-418,81
IMU1,9780,98579155,-1484,-1224,-58,-74,-475,40
IMU1,9781,98588890,-1450,-1178,-106,-68,-506,17
IMU1,9782,98598806,-1445,-1149,-106,-84,-511,4
IMU1,9783,98608522,-1516,-1185,-31,-109,-526,15
IMU1,9784,98618452,-1581,-1253,53,-126,-570,56
IMU1,9785,98628288,-1540,-1276,11,-149,-627,112
IMU1,9786,98638326,-1512,-1314,-18,-191,-662,164
IMU1,9787,98648443,-1492,-1365,9,-240,-658,234
IMU1,9788,98658262,-1504,-1420,88,-280,-629,315
IMU1,9789,98668299,-1951,-1600,-99,-320,-555,414
IMU1,9790,98678420,-1557,-1515,-235,-425,-262,552
IMU1,9791,98688755,-1625,-1486,242,-549,-55,588
IMU1,9792,98699819,-1695,-1445,96,-527,-255,579
IMU1,9793,98709856,-1645,-1334,38,-484,-254,593
IMU1,9794,98719892,-1693,-1303,18,-424,-202,577
IMU1,9795,98729923,-1709,-1234,-35,-370,-167,557
IMU1,9796,98740046,-1627,-1130,-58,-319,-160,518
IMU1,9797,98750165,-1577,-1023,-35,-272,-154,446
IMU1,9798,98760303,-1630,-970,-15,-212,-155,371
IMU1,9799,98770229,-1695,-913,14,-133,-158,323
IMU1,9800,98780062,-1763,-906,131,-38,-157,317
IMU1,9801,98789904,-1862,-938,214,77,-176,344
IMU1,9802,98799657,-1967,-953,223,183,-198,389
IMU1,9803,98809606,-2053,-986,217,252,-181,446
IMU1,9804,98819530,-2113,-1062,411,270,-135,509
IMU1,9805,98829660,-1987,-1064,544,280,-182,556
IMU1,9806,98839795,-2100,-1076,400,290,-369,559
IMU1,9807,98849939,-2087,-1065,230,257,-433,572
IMU1,9808,98860071,-2084,-1015,237,182,-368,592
IMU1,9809,98870210,-2064,-1010,219,114,-321,599
IMU1,9810,98880354,-1995,-996,211,45,-310,597
IMU1,9811,98890092,-1881,-991,253,-21,-298,589
IMU1,9812,98899929,-1792,-973,325,-75,-290,567
IMU1,9813,98911324,-1719,-998,331,-153,-335,515
IMU1,9814,98921377,-1649,-966,323,-190,-351,515
IMU1,9815,98931403,-1608,-924,286,-224,-369,526
IMU1,9816,98941428,-1616,-922,235,-282,-397,548
IMU1,9817,98951479,-1624,-935,192,-352,-419,596
IMU1,9818,98961526,-1675,-919,175,-433,-394,676
IMU1,9819,98971561,-1753,-919,106,-526,-321,789
IMU1,9820,98981599,-1808,-913,67,-632,-225,922
IMU1,9821,98991451,-1904,-932,101,-752,-129,1076
IMU1,9822,99001701,-2005,-992,135,-862,-36,1244
IMU1,9823,99011734,-2136,-1069,137,-970,43,1427
IMU1,9824,99021883,-2134,-1137,149,-1091,38,1600
IMU1,9825,99032222,-2192,-1185,101,-1215,-57,1732
IMU1,9826,99042674,-2208,-1224,68,-1342,-140,1825
IMU1,9827,99053113,-2213,-1196,-38,-1480,-178,1876
IMU1,9828,99063662,-2197,-1181,-93,-1617,-162,1875
IMU1,9829,99074727,-2302,-1120,-100,-1818,-89,1780
IMU1,9830,99085256,-2332,-1021,-92,-1852,-58,1700
IMU1,9831,99095595,-2346,-948,36,-1811,-19,1618
IMU1,9832,99105654,-2292,-931,164,-1700,36,1533
IMU1,9833,99115806,-2258,-889,190,-1529,22,1415
IMU1,9834,99125967,-2273,-840,130,-1342,-157,1254
IMU1,9835,99136405,-2207,-772,-28,-1165,-399,1050
IMU1,9836,99146738,-2207,-707,-143,-1013,-594,812
IMU1,9837,99157082,-2123,-650,-220,-879,-655,567
IMU1,9838,99167225,-2121,-601,-98,-744,-602,316
IMU1,9839,99177180,-2205,-601,-62,-568,-541,71
IMU1,9840,99186932,-2328,-550,-44,-370,-607,-147
IMU1,9841,99196978,-2287,-511,-132,-159,-683,-308
IMU1,9842,99207221,-2189,-459,-155,19,-704,-436
IMU1,9843,99217145,-2188,-434,-167,174,-690,-560
IMU1,9844,99228308,-2141,-418,-213,366,-587,-749
IMU1,9845,99238437,-2146,-418,-207,382,-505,-832
IMU1,9846,99248558,-2119,-444,-214,338,-430,-898
IMU1,9847,99258688,-2040,-454,-189,245,-361,-949
IMU1,9848,99268817,-2010,-468,-109,139,-301,-991
IMU1,9849,99278943,-1955,-505,-35,47,-245,-1002
IMU1,9850,99288873,-1928,-482,63,-13,-184,-984
IMU1,9851,99298591,-1902,-490,117,-34,-115,-932
IMU1,9852,99308524,-1832,-497,156,-31,-38,-852
IMU1,9853,99318261,-1770,-462,159,-20,68,-767
IMU1,9854,99327907,-1718,-444,177,-22,171,-693
IMU1,9855,99337762,-1691,-446,228,-39,242,-631
IMU1,9856,99347589,-1623,-427,276,-62,269,-567
IMU1,9857,99357420,-1568,-392,296,-89,263,-512
IMU1,9858,99367270,-1554,-361,327,-118,239,-473
IMU1,9859,99377309,-1521,-329,327,-153,200,-436
IMU1,9860,99387337,-1480,-290,311,-192,144,-400
IMU1,9861,99397374,-1440,-246,289,-232,73,-366
IMU1,9862,99407207,-1371,-199,256,-270,10,-323
IMU1,9863,99417038,-1320,-145,228,-306,-10,-272
IMU1,9864,99426974,-1289,-108,223,-334,8,-205
IMU1,9865,99436604,-1252,-82,229,-352,38,-123
IMU1,9866,99446246,-1243,-62,294,-346,72,-36
IMU1,9867,99455689,-1233,-48,353,-305,106,34
IMU1,9868,99467802,-1270,16,315,-247,109,258
IMU1,9869,99478494,-1262,-18,238,-162,25,374
IMU1,9870,99488035,-1323,-13,185,-160,-8,483
IMU1,9871,99497974,-1398,14,155,-180,-39,607
IMU1,9872,99507523,-1459,-28,119,-196,-70,744
IMU1,9873,99517165,-1508,-93,108,-205,-96,873
IMU1,9874,99526820,-1523,-154,82,-194,-123,994
IMU1,9875,99536663,-1544,-244,36,-182,-144,1086
IMU1,9876,99546688,-1579,-300,26,-162,-146,1157
IMU1,9877,99556732,-1616,-326,72,-126,-100,1200
IMU1,9878,99566767,-1701,-374,118,-57,-21,1217
IMU1,9879,99576610,-1787,-432,148,38,34,1227
IMU1,9880,99586268,-1830,-469,174,136,65,1227
IMU1,9881,99596115,-1886,-506,143,218,73,1202
IMU1,9882,99605974,-1936,-557,141,267,44,1148
IMU1,9883,99615829,-1931,-583,113,282,-29,1040
IMU1,9884,99625765,-1966,-581,150,267,-91,871
IMU1,9885,99635499,-2068,-572,271,266,-114,666
IMU1,9886,99645432,-2179,-580,366,305,-135,457
IMU1,9887,99655387,-2302,-560,375,372,-175,264
IMU1,9888,99665334,-2400,-555,353,436,-207,94
IMU1,9889,99675077,-2486,-530,301,467,-229,-49
IMU1,9890,99684926,-2550,-488,283,449,-252,-193
IMU1,9891,99694965,-2633,-432,307,399,-293,-337
IMU1,9892,99705014,-2740,-381,339,361,-349,-462
IMU1,9893,99715055,-2796,-316,298,339,-426,-552
IMU1,9894,99725110,-2824,-270,190,312,-515,-619
IMU1,9895,99735166,-2838,-205,97,273,-578,-675
IMU1,9896,99745021,-2839,-127,55,245,-592,-713
IMU1,9897,99754865,-2855,-47,37,255,-544,-727
IMU1,9898,99764517,-2841,-1,-17,315,-453,-714
IMU1,9899,99774061,-2820,87,-91,386,-365,-685
IMU1,9900,99783711,-2775,76,-159,446,-289,-660
IMU1,9901,99793555,-2810,237,-141,497,-205,-638
IMU1,9902,99803610,-2710,57,-211,524,-163,-624
IMU1,9903,99813460,-2646,-42,-25,552,-153,-605
IMU1,9904,99824769,-2642,27,-10,729,-112,-509
IMU1,9905,99834409,-2563,-11,-44,858,-141,-465
IMU1,9906,99844148,-2487,-56,-83,965,-107,-441
IMU1,9907,99853868,-2444,-116,-80,1032,-19,-433
IMU1,9908,99863798,-2401,-151,-32,1079,83,-431
IMU1,9909,99873639,-2326,-194,37,1123,196,-438
IMU1,9910,99883577,-2285,-246,86,1172,295,-447
IMU1,9911,99893521,-2218,-217,160,1215,351,-457
IMU1,9912,99903672,-2164,-71,159,1250,356,-485
IMU1,9913,99913637,-1974,-612,77,1240,310,-557
IMU1,9914,99923605,-1892,-590,311,1209,344,-624
IMU1,9915,99933765,-1989,-294,522,1256,383,-654
IMU1,9916,99943923,-1854,-664,371,1351,290,-679
IMU1,9917,99954064,-1785,-770,397,1408,175,-711
IMU1,9918,99964213,-1796,-694,527,1454,166,-703
IMU1,9919,99974354,-1768,-727,543,1511,232,-667
IMU1,9920,99984510,-1785,-783,528,1550,282,-619
IMU1,9921,99994657,-1775,-788,554,1555,323,-546
IMU1,9922,100004805,-1738,-812,565,1532,388,-459
IMU1,9923,100015127,-1724,-816,562,1469,470,-362
IMU1,9924,100025461,-1731,-786,502,1367,554,-253
IMU1,9925,100036319,-1706,-763,503,1094,728,-5
IMU1,9926,100046259,-1677,-783,489,932,795,123
IMU1,9927,100056297,-1621,-825,479,782,852,234
IMU1,9928,100066339,-1602,-803,528,657,911,323
IMU1,9929,100076367,-1579,-802,493,560,961,405
IMU1,9930,100086405,-1558,-812,455,482,985,468
IMU1,9931,100096440,-1499,-797,501,421,980,503
IMU1,9932,100106476,-1478,-768,479,377,970,509
IMU1,9933,100116518,-1497,-732,438,336,958,493
IMU1,9934,100126564,-1445,-665,395,289,924,460
IMU1,9935,100136609,-1409,-599,371,230,864,395
IMU1,9936,100146665,-1426,-564,370,168,788,306
IMU1,9937,100156722,-1424,-548,350,99,692,207
IMU1,9938,100166575,-1431,-514,281,17,563,93
IMU1,9939,100176214,-1400,-436,283,-86,404,-38
IMU1,9940,100186035,-1403,-383,199,-199,231,-187
IMU1,9941,100196264,-1399,-325,123,-340,59,-347
IMU1,9942,100206289,-1475,-237,99,-496,-94,-503
IMU1,9943,100216219,-1448,-245,120,-636,-222,-641
IMU1,9944,100226546,-1457,-302,50,-750,-321,-752
IMU1,9945,100236688,-1515,-375,-29,-840,-367,-820
IMU1,9946,100247962,-1639,-338,-25,-912,-295,-793
IMU1,9947,100258205,-1749,-297,-19,-897,-176,-713
IMU1,9948,100268434,-1828,-264,-43,-853,-14,-600
IMU1,9949,100278469,-1899,-247,-33,-809,163,-460
IMU1,9950,100288586,-2034,-248,-54,-764,325,-302
IMU1,9951,100298712,-2120,-277,-149,-707,452,-118
IMU1,9952,100309055,-2134,-339,-187,-649,528,76
IMU1,9953,100319096,-2210,-336,-237,-587,549,266
IMU1,9954,100329353,-2258,-319,-224,-533,536,449
IMU1,9955,100339605,-2347,-335,-140,-473,496,618
IMU1,9956,100349852,-2394,-356,-66,-406,413,780
IMU1,9957,100359913,-2341,-393,-6,-330,267,928
IMU1,9958,100369755,-2301,-404,14,-250,71,1043
IMU1,9959,100379692,-2237,-421,83,-154,-155,1129
IMU1,9960,100389928,-2082,-375,-39,-48,-395,1183
IMU1,9961,100400060,-1778,-338,-63,36,-588,1158
IMU1,9962,100411128,-2174,-384,-246,141,-597,950
IMU1,9963,100421374,-1832,-449,-358,139,-544,876
IMU1,9964,100431613,-1892,-385,-298,95,-495,736
IMU1,9965,100441659,-1920,-353,-271,59,-396,584
IMU1,9966,100451686,-1995,-410,-264,27,-288,443
IMU1,9967,100461718,-2062,-427,-251,18,-210,329
IMU1,9968,100474303,-2067,-406,-170,26,-148,251
IMU1,9969,100484336,-2004,-404,-98,56,-80,180
IMU1,9970,100493951,-2306,-451,-250,93,-37,113
IMU1,9971,100503792,-2281,-475,-267,99,-52,119
IMU1,9972,100513636,-2303,-449,-90,97,-110,151
IMU1,9973,100523473,-2370,-408,-7,132,-195,180
IMU1,9974,100533314,-2222,-560,-227,165,-293,196
IMU1,9975,100543554,-2307,-472,-213,150,-282,214
IMU1,9976,100553809,-2242,-460,-205,113,-156,245
IMU1,9977,100564045,-2270,-440,-237,65,-22,249
IMU1,9978,100574912,-2292,-418,-141,-64,186,234
IMU1,9979,100584953,-2235,-429,-174,-124,266,227
IMU1,9980,100595195,-2268,-376,-116,-179,315,202
IMU1,9981,100605454,-2228,-347,-93,-226,332,180
IMU1,9982,100615490,-2238,-311,-109,-260,330,154
IMU1,9983,100625735,-2151,-290,-84,-291,314,127
IMU1,9984,100635780,-2117,-276,-86,-310,285,89
IMU1,9985,100645629,-2091,-241,-54,-315,260,47
IMU1,9986,100655462,-2115,-221,-41,-304,232,6
IMU1,9987,100665109,-2115,-210,-38,-286,190,-22
IMU1,9988,100675043,-2092,-180,-49,-267,138,-38
IMU1,9989,100684969,-2117,-155,-45,-245,80,-52
IMU1,9990,100694687,-2136,-139,-65,-229,28,-55
IMU1,9991,100704426,-2117,-128,-101,-225,-20,-49
IMU1,9992,100714449,-2110,-112,-134,-231,-53,-39
IMU1,9993,100724485,-2096,-109,-155,-243,-56,-31
IMU1,9994,100734506,-2091,-101,-168,-262,-33,-22
IMU1,9995,100744539,-2076,-108,-164,-279,10,-11
IMU1,9996,100754473,-2065,-109,-136,-291,60,-1
IMU1,9997,100764222,-2040,-120,-100,-289,102,7
IMU1,9998,100774045,-2032,-132,-54,-268,136,16
IMU1,9999,100783885,-2044,-141,-12,-239,167,23
IMU1,10000,100793724,-2053,-157,13,-198,182,29
IMU1,10001,100803657,-2051,-167,24,-155,173,35
IMU1,10002,100813576,-2047,-180,11,-126,166,32
IMU1,10003,100825053,-2085,-199,23,-107,183,37
IMU1,10004,100834976,-2090,-194,1,-114,205,33
IMU1,10005,100844710,-2078,-203,-3,-133,205,11
IMU1,10006,100854541,-2068,-202,-6,-163,218,-21
IMU1,10007,100864459,-2038,-200,4,-188,237,-47
IMU1,10008,100874269,-2032,-200,45,-204,257,-83
IMU1,10009,100884281,-1993,-203,71,-197,248,-127
IMU1,10010,100894505,-1960,-206,76,-170,199,-175
IMU1,10011,100904731,-1929,-204,77,-130,137,-222
IMU1,10012,100914963,-1909,-203,57,-75,78,-271
IMU1,10013,100924816,-1915,-211,28,-21,21,-316
IMU1,10014,100934656,-1919,-211,15,29,-31,-356
IMU1,10015,100944487,-1914,-228,-21,74,-86,-386
IMU1,10016,100954413,-1924,-243,-62,110,-139,-407
IMU1,10017,100964729,-1945,-240,-93,134,-167,-413
IMU1,10018,100975048,-1972,-247,-110,152,-155,-408
IMU1,10019,100985568,-1999,-255,-124,157,-114,-388
IMU1,10020,100996104,-2047,-273,-139,153,-70,-355
IMU1,10021,101006431,-2115,-314,-144,136,-44,-308
IMU1,10022,101017286,-2131,-332,-156,80,-58,-199
IMU1,10023,101027418,-2132,-347,-173,41,-75,-153
IMU1,10024,101037550,-2148,-347,-176,-2,-63,-103
IMU1,10025,101047583,-2176,-337,-135,-50,-20,-62
IMU1,10026,101057618,-2193,-364,-144,-84,22,-22
IMU1,10027,101067542,-2211,-366,-163,-120,48,25
IMU1,10028,101077577,-2206,-361,-174,-152,65,67
IMU1,10029,101087624,-2184,-358,-170,-187,85,99
IMU1,10030,101097669,-2144,-336,-178,-211,117,110
IMU1,10031,101108100,-2099,-314,-175,-233,156,98
IMU1,10032,101118347,-2062,-303,-153,-238,178,67
IMU1,10033,101128609,-2053,-284,-124,-230,175,28
IMU1,10034,101138835,-2050,-272,-109,-203,156,-10
IMU1,10035,101149164,-2064,-251,-123,-162,124,-44
IMU1,10036,101159485,-2070,-236,-158,-120,80,-67
IMU1,10037,101169623,-2052,-217,-172,-82,29,-88
IMU1,10038,101180592,-1995,-227,-175,-26,-49,-132
IMU1,10039,101190817,-1968,-233,-193,14,-74,-160
IMU1,10040,101200944,-1929,-240,-209,42,-95,-181
IMU1,10041,101211057,-1901,-251,-228,63,-99,-205
IMU1,10042,101221191,-1886,-268,-235,80,-104,-221
IMU1,10043,101231522,-1871,-299,-229,101,-115,-230
IMU1,10044,101242059,-1861,-319,-214,124,-144,-228
IMU1,10045,101252595,-1850,-354,-211,151,-171,-226
IMU1,10046,101263130,-1853,-392,-218,180,-187,-227
IMU1,10047,101273664,-1875,-420,-220,200,-186,-218
IMU1,10048,101284176,-1908,-450,-214,209,-159,-203
IMU1,10049,101294696,-1943,-500,-195,214,-114,-187
IMU1,10050,101305740,-2013,-518,-196,183,-48,-133
IMU1,10051,101316067,-2025,-537,-183,147,-16,-109
IMU1,10052,101326392,-2029,-553,-160,101,4,-93
IMU1,10053,101336237,-2035,-567,-136,53,15,-93
IMU1,10054,101346079,-2041,-572,-103,13,12,-104
IMU1,10055,101356115,-2036,-581,-88,-18,13,-122
IMU1,10056,101366054,-2028,-583,-78,-44,18,-141
IMU1,10057,101375996,-2031,-568,-59,-60,14,-166
IMU1,10058,101385958,-2037,-555,-49,-72,-1,-194
IMU1,10059,101395794,-2045,-546,-77,-81,-26,-219
IMU1,10060,101405831,-2042,-515,-104,-94,-56,-241
IMU1,10061,101416062,-2040,-486,-126,-116,-77,-256
IMU1,10062,101426486,-2042,-446,-158,-143,-74,-266
IMU1,10063,101436918,-2043,-411,-182,-174,-50,-269
IMU1,10064,101447346,-2039,-375,-196,-204,-10,-265
IMU1,10065,101457774,-2036,-345,-193,-230,31,-250
IMU1,10066,101468111,-2043,-278,-186,-252,66,-204
IMU1,10067,101481008,-2041,-254,-200,-274,116,-173
IMU1,10068,101491527,-2053,-235,-209,-272,135,-140
IMU1,10069,101502059,-2052,-213,-222,-268,152,-105
IMU1,10070,101512600,-2051,-191,-246,-269,179,-72
IMU1,10071,101522937,-2016,-163,-261,-267,214,-45
IMU1,10072,101533270,-1996,-143,-254,-255,255,-30
IMU1,10073,101543617,-1963,-137,-232,-229,292,-33
IMU1,10074,101553961,-1943,-123,-206,-183,313,-44
IMU1,10075,101564302,-1913,-143,-164,-116,316,-78
IMU1,10076,101575180,-1894,-167,-148,66,245,-111
IMU1,10077,101585435,-1883,-201,-124,166,168,-153
IMU1,10078,101595860,-1874,-234,-95,282,67,-200
IMU1,10079,101605903,-1878,-262,-93,401,-57,-257
IMU1,10080,101616036,-1906,-298,-120,510,-186,-320
IMU1,10081,101626556,-1956,-352,-142,607,-300,-372
IMU1,10082,101637095,-1982,-388,-163,675,-383,-404
IMU1,10083,101647619,-2015,-427,-194,717,-428,-423
IMU1,10084,101658143,-2056,-464,-225,732,-442,-431
IMU1,10085,101668672,-2100,-502,-250,718,-431,-425
IMU1,10086,101679204,-2109,-545,-249,685,-402,-403
IMU1,10087,101690250,-2139,-607,-226,590,-326,-343
IMU1,10088,101700779,-2134,-645,-229,539,-305,-304
IMU1,10089,101711322,-2131,-674,-215,487,-289,-266
IMU1,10090,101721858,-2116,-699,-190,444,-264,-225
IMU1,10091,101732389,-2094,-728,-184,399,-224,-186
IMU1,10092,101742927,-2088,-754,-163,364,-180,-154
IMU1,10093,101753462,-2059,-770,-143,330,-147,-125
IMU1,10094,101764005,-2036,-787,-129,295,-119,-105
IMU1,10095,101774525,-2019,-800,-111,263,-93,-94
IMU1,10096,101784652,-2011,-815,-85,235,-78,-88
IMU1,10097,101794586,-2007,-819,-58,210,-71,-84
IMU1,10098,101806068,-2002,-835,-49,156,-52,-71
IMU1,10099,101816008,-1995,-843,-27,130,-31,-65
IMU1,10100,101825938,-1987,-848,-20,111,-14,-74
IMU1,10101,101835871,-1977,-849,-10,79,-9,-78
IMU1,10102,101845420,-1961,-847,0,54,-13,-91
IMU1,10103,101854763,-1943,-848,20,26,-27,-106
IMU1,10104,101864596,-1922,-848,25,-2,-39,-130
IMU1,10105,101874333,-1903,-839,45,-18,-52,-165
IMU1,10106,101884277,-1887,-843,45,-33,-73,-202
IMU1,10107,101894220,-1875,-848,49,-34,-99,-236
IMU1,10108,101904162,-1877,-843,65,-34,-124,-269
IMU1,10109,101914292,-1869,-843,56,-25,-146,-292
IMU1,10110,101924422,-1862,-837,47,-19,-170,-311
IMU1,10111,101934557,-1854,-831,35,-17,-196,-329
IMU1,10112,101944695,-1838,-820,24,-20,-222,-344
IMU1,10113,101954829,-1825,-818,13,-27,-238,-362
IMU1,10114,101964962,-1826,-816,7,-38,-257,-378
IMU1,10115,101974893,-1832,-813,-4,-50,-274,-386
IMU1,10116,101984940,-1845,-813,-11,-65,-282,-386
IMU1,10117,101995179,-1876,-822,-23,-80,-276,-375
IMU1,10118,102005422,-1913,-821,-34,-98,-257,-349
IMU1,10119,102015663,-1948,-819,-46,-128,-218,-312
IMU1,10120,102027146,-2022,-804,-61,-215,-77,-207
IMU1,10121,102037380,-2042,-799,-60,-279,-7,-138
IMU1,10122,102047424,-2043,-796,-42,-344,31,-78
IMU1,10123,102057371,-2028,-782,-19,-408,45,-37
IMU1,10124,102067311,-2013,-769,-23,-459,68,-10
IMU1,10125,102077250,-2010,-751,-16,-513,109,8
IMU1,10126,102087107,-2002,-740,6,-551,144,17
IMU1,10127,102096860,-1999,-722,24,-576,164,19
IMU1,10128,102106798,-1992,-702,48,-583,170,16
IMU1,10129,102116756,-1991,-688,62,-577,158,10
IMU1,10130,102126718,-1986,-661,55,-566,130,-2
IMU1,10131,102136576,-1991,-642,54,-549,98,-21
IMU1,10132,102146430,-1980,-613,-19,-536,78,-40
IMU1,10133,102156379,-2001,-596,48,-536,69,-56
IMU1,10134,102166235,-2004,-600,45,-530,73,-68
IMU1,10135,102176093,-2014,-604,17,-519,55,-77
IMU1,10136,102185938,-2040,-621,71,-505,18,-78
IMU1,10137,102195796,-1970,-609,82,-474,-19,-74
IMU1,10138,102205745,-1975,-648,56,-433,-56,-86
IMU1,10139,102215691,-1962,-652,-11,-397,-91,-100
IMU1,10140,102225924,-1979,-653,-28,-377,-115,-117
IMU1,10141,102236358,-1975,-652,-2,-367,-105,-125
IMU1,10142,102246587,-1965,-634,30,-354,-80,-130
IMU1,10143,102257758,-1994,-630,-20,-305,-124,-125
IMU1,10144,102268199,-1978,-611,-71,-293,-172,-108
IMU1,10145,102278639,-1961,-599,-116,-314,-192,-81
IMU1,10146,102289077,-1949,-588,-138,-347,-177,-58
IMU1,10147,102299510,-1947,-583,-142,-379,-161,-38
IMU1,10148,102309950,-1937,-583,-127,-403,-153,-15
IMU1,10149,102320392,-1937,-584,-145,-418,-142,12
IMU1,10150,102330732,-1957,-582,-145,-427,-126,45
IMU1,10151,102341081,-1961,-587,-117,-433,-107,79
IMU1,10152,102351433,-1968,-596,-109,-426,-87,107
IMU1,10153,102361781,-1986,-598,-102,-405,-75,127
IMU1,10154,102372124,-1977,-609,-70,-393,-74,148
IMU1,10155,102382808,-1972,-600,-68,-346,-72,140
IMU1,10156,102392965,-1981,-598,-77,-322,-69,120
IMU1,10157,102403125,-1976,-584,-79,-303,-72,101
IMU1,10158,102413232,-1964,-566,-81,-284,-70,76
IMU1,10159,102423135,-1964,-568,-71,-266,-62,49
IMU1,10160,102433041,-1958,-600,-76,-238,-55,28
IMU1,10161,102442948,-1945,-606,-85,-208,-55,11
IMU1,10162,102452847,-1915,-624,-81,-181,-62,-8
IMU1,10163,102462648,-1879,-654,-71,-156,-66,-34
IMU1,10164,102472657,-1842,-687,-68,-125,-60,-64
IMU1,10165,102485209,-1793,-707,-55,-92,-61,-96
IMU1,10166,102495010,-1753,-733,-21,-53,-69,-139
IMU1,10167,102505025,-1709,-750,28,-9,-81,-184
IMU1,10168,102514729,-1683,-766,66,43,-107,-232
IMU1,10169,102524743,-1673,-801,83,97,-159,-277
IMU1,10170,102534763,-1656,-842,88,151,-238,-322
IMU1,10171,102544972,-1584,-902,99,193,-338,-363
IMU1,10172,102555713,-1556,-938,99,255,-518,-465
IMU1,10173,102565952,-1558,-977,99,276,-586,-515
IMU1,10174,102576183,-1572,-991,118,281,-644,-555
IMU1,10175,102586604,-1586,-1001,166,287,-682,-582
IMU1,10176,102597219,-1632,-1024,170,286,-699,-592
IMU1,10177,102607837,-1677,-1047,148,262,-707,-579
IMU1,10178,102618459,-1710,-1059,135,206,-721,-549
IMU1,10179,102629076,-1713,-1069,137,127,-739,-513
IMU1,10180,102639706,-1727,-1085,155,34,-754,-474
IMU1,10181,102650144,-1727,-1098,187,-64,-770,-431
IMU1,10182,102660668,-1768,-1053,261,-154,-782,-335
IMU1,10183,102671381,-1790,-1034,282,-330,-781,-276
IMU1,10184,102682101,-1810,-992,286,-410,-785,-211
IMU1,10185,102692621,-1842,-946,278,-496,-794,-143
IMU1,10186,102703151,-1863,-894,265,-585,-805,-73
IMU1,10187,102713487,-1926,-826,239,-677,-812,0
IMU1,10188,102723419,-1979,-754,183,-774,-815,84
IMU1,10189,102733646,-2003,-663,85,-883,-826,179
IMU1,10190,102743851,-2113,-656,42,-1006,-806,271
IMU1,10191,102754275,-2098,-570,11,-1126,-739,376
IMU1,10192,102764708,-2131,-581,0,-1225,-656,481
IMU1,10193,102774848,-2067,-554,-8,-1292,-558,575
IMU1,10194,102785183,-2042,-522,43,-1329,-433,638
IMU1,10195,102796136,-2035,-511,88,-1331,-172,719
IMU1,10196,102806578,-2038,-494,105,-1275,-77,730
IMU1,10197,102817017,-2047,-476,127,-1204,-36,726
IMU1,10198,102827438,-2061,-466,146,-1112,-31,710
IMU1,10199,102837882,-2064,-448,150,-1013,-55,676
IMU1,10200,102848311,-2053,-433,140,-913,-109,627
IMU1,10201,102858743,-2057,-440,117,-809,-183,562
IMU1,10202,102869168,-2049,-461,109,-708,-257,484
IMU1,10203,102879593,-2026,-421,117,-605,-258,400
IMU1,10204,102890033,-2004,-442,19,-478,115,314
IMU1,10205,102900172,-2069,-518,-137,-350,568,206
IMU1,10206,102910597,-2202,-493,12,-260,639,73
IMU1,10207,102921589,-2103,-587,83,-55,220,-171
IMU1,10208,102931617,-2095,-651,143,91,70,-264
IMU1,10209,102941546,-2134,-680,193,249,-55,-356
IMU1,10210,102951772,-2105,-693,203,407,-220,-409
IMU1,10211,102962197,-2014,-741,218,549,-399,-430
IMU1,10212,102972639,-2024,-689,234,677,-550,-455
IMU1,10213,102983085,-1959,-737,244,783,-674,-462
IMU1,10214,102993522,-1979,-739,242,856,-755,-460
IMU1,10215,103003966,-2018,-720,274,894,-815,-437
IMU1,10216,103014410,-2017,-712,286,907,-855,-395
IMU1,10217,103024837,-2023,-762,347,900,-857,-339
IMU1,10218,103035268,-2060,-755,462,887,-850,-275
IMU1,10219,103046230,-2008,-902,541,863,-1037,-194
IMU1,10220,103056867,-2073,-940,700,879,-1307,-209
IMU1,10221,103067495,-2050,-964,769,921,-1746,-274
IMU1,10222,103078132,-2126,-998,832,956,-2405,-379
IMU1,10223,103088778,-2151,-1042,1015,971,-3478,-502
IMU1,10224,103099819,-1870,-1161,1360,961,-4656,-579
IMU1,10225,103110866,-1618,-983,1012,920,-5055,-580
IMU1,10226,103121716,-1515,-759,797,785,-4789,-559
IMU1,10227,103132908,-1703,-668,696,445,-4047,-511
IMU1,10228,103143543,-1562,-919,710,262,-3805,-422
IMU1,10229,103154197,-1310,-1010,1386,161,-3701,-344
IMU1,10230,103165239,-1672,-855,1288,235,-3876,-256
IMU1,10231,103176085,-1468,-780,1232,375,-4102,-113
IMU1,10232,103186928,-1378,-682,1282,551,-4099,-2
IMU1,10233,103197371,-1166,-652,1221,739,-3867,72
IMU1,10234,103207934,-1264,-629,930,920,-3568,112
IMU1,10235,103218499,-917,-530,758,1031,-3334,282
IMU1,10236,103229066,-1280,-542,467,1182,-2936,356
IMU1,10237,103239805,-1381,-443,684,1220,-2654,508
IMU1,10238,103250534,-1382,-543,954,1293,-2287,713
IMU1,10239,103261280,-1115,-627,1393,1420,-2209,809
IMU1,10240,103272226,-1232,-508,1616,1610,-2461,762
IMU1,10241,103283143,-1708,-575,2167,1820,-2992,657
IMU1,10242,103294081,-1647,-1018,2521,2060,-3653,569
IMU1,10243,103305211,-378,-342,1160,2228,-3895,450
IMU1,10244,103315942,-642,-81,1514,2025,-3464,451
IMU1,10245,103326474,-583,-47,1854,1940,-3213,520
IMU1,10246,103336999,-300,-175,1993,1970,-3259,556
IMU1,10247,103347728,-220,-164,2263,2062,-3518,534
IMU1,10248,103358459,-429,-480,3154,2199,-3335,535
IMU1,10249,103369209,-184,-75,2460,2353,-2062,702
IMU1,10250,103379745,661,-53,1859,2382,-762,854
IMU1,10251,103389992,520,-1,1889,2299,262,887
IMU1,10252,103399938,262,280,2675,2195,-82,832
IMU1,10253,103410084,894,817,3254,2135,-2007,725
IMU1,10254,103421661,1864,1136,1320,1573,-2380,519
IMU1,10255,103432622,1006,295,386,442,-113,301
IMU1,10256,103442754,124,381,1029,-375,131,92
IMU1,10257,103452686,-16,360,1743,-805,106,113
IMU1,10258,103462706,-258,186,2012,-1002,260,194
IMU1,10259,103473128,-540,55,2084,-1069,309,303
IMU1,10260,103485922,-228,-14,1927,-1064,199,415
IMU1,10261,103496239,100,43,1991,-1023,63,459
IMU1,10262,103506174,136,143,2210,-939,-57,425
IMU1,10263,103516212,-58,299,2621,-775,-224,347
IMU1,10264,103527385,316,232,2446,-348,-431,220
IMU1,10265,103537618,526,130,2268,-209,-374,114
IMU1,10266,103547847,267,44,1889,-228,-61,20
IMU1,10267,103557469,-85,10,1713,-340,78,2
IMU1,10268,103566693,-123,-27,1745,-474,54,48
IMU1,10269,103576419,-45,-58,1842,-597,12,113
IMU1,10270,103586145,21,-98,1940,-692,-18,170
IMU1,10271,103595869,103,-132,2049,-745,-29,205
IMU1,10272,103605995,130,-143,2133,-768,-9,224
IMU1,10273,103615931,114,-149,2159,-765,-5,240
IMU1,10274,103625881,115,-142,2167,-746,-13,251
IMU1,10275,103636014,105,-128,2132,-712,-38,253
IMU1,10276,103646136,154,-124,2056,-673,-69,248
IMU1,10277,103656263,106,-87,2047,-647,-83,250
IMU1,10278,103666178,74,-63,2091,-624,-86,256
IMU1,10279,103675916,125,-69,2162,-601,-97,264
IMU1,10280,103685858,117,-62,2180,-573,-99,260
IMU1,10281,103695777,118,-75,2155,-545,-92,256
IMU1,10282,103705708,127,-78,2137,-530,-70,259
IMU1,10283,103715631,174,-88,2096,-521,-61,257
IMU1,10284,103725550,188,-96,2084,-524,-53,240
IMU1,10285,103735471,194,-106,2034,-539,-58,223
IMU1,10286,103745596,187,-133,1977,-571,-64,216
IMU1,10287,103755723,148,-165,1976,-617,-68,218
IMU1,10288,103765851,183,-180,2024,-669,-88,219
IMU1,10289,103775965,204,-192,2219,-699,-99,211
IMU1,10290,103787146,188,-218,2232,-662,-108,207
IMU1,10291,103797479,247,-227,2281,-606,-84,204
IMU1,10292,103807609,260,-226,2327,-534,-56,189
IMU1,10293,103817749,195,-262,2335,-443,-32,171
IMU1,10294,103827881,184,-285,2323,-346,-9,163
IMU1,10295,103837809,270,-278,2309,-240,12,146
IMU1,10296,103847845,266,-281,2275,-139,21,129
IMU1,10297,103857872,224,-296,2222,-47,30,118
IMU1,10298,103867715,254,-287,2175,35,36,106
IMU1,10299,103877462,237,-273,2139,105,23,94
IMU1,10300,103887198,179,-297,2100,158,21,86
IMU1,10301,103896943,169,-291,2068,192,27,82
IMU1,10302,103906681,120,-288,2054,206,27,74
IMU1,10303,103916420,41,-309,2060,209,29,67
IMU1,10304,103925965,-25,-322,2042,204,39,68
IMU1,10305,103935598,90,-286,2016,190,40,65
IMU1,10306,103945162,158,-280,2012,165,36,56
IMU1,10307,103954900,153,-265,1981,136,32,44
IMU1,10308,103964648,103,-283,1944,105,26,34
IMU1,10309,103974381,71,-305,1932,67,17,27
IMU1,10310,103983742,-9,-326,1949,31,9,23
IMU1,10311,103992793,-10,-364,1971,1,9,23
IMU1,10312,104001845,-21,-372,1992,-29,10,28
IMU1,10313,104011363,-3,-367,2007,-51,12,33
IMU1,10314,104020690,-37,-392,1992,-69,13,38
IMU1,10315,104030224,61,-394,2024,-82,26,33
IMU1,10316,104039668,225,-363,2044,-86,22,13
IMU1,10317,104049287,273,-324,2081,-76,11,-13
IMU1,10318,104058996,229,-342,2108,-62,17,-25
IMU1,10319,104068716,136,-363,2098,-45,31,-17
IMU1,10320,104078441,111,-390,2093,-22,57,-3
IMU1,10321,104087964,65,-384,2076,6,76,0
IMU1,10322,104096815,35,-416,2012,34,74,-1
IMU1,10323,104106039,63,-403,2014,59,75,-15
IMU1,10324,104115467,165,-374,2014,79,71,-45
IMU1,10325,104125097,216,-352,2042,100,49,-64
IMU1,10326,104134928,312,-343,2097,125,29,-84
IMU1,10327,104144760,295,-348,2100,135,14,-95
IMU1,10328,104154588,244,-347,2101,142,26,-96
IMU1,10329,104164417,136,-357,2050,141,29,-81
IMU1,10330,104174245,101,-366,2011,133,25,-66
IMU1,10331,104184073,116,-323,2010,108,17,-54
IMU1,10332,104193903,157,-325,2004,85,18,-60
IMU1,10333,104203532,119,-293,2013,61,26,-71
IMU1,10334,104213157,36,-298,1960,45,34,-80
IMU1,10335,104222586,62,-269,1950,23,29,-84
IMU1,10336,104232020,88,-248,1958,-1,3,-80
IMU1,10337,104241145,149,-258,1994,-14,-33,-64
IMU1,10338,104250974,135,-271,2016,-19,-64,-32
IMU1,10339,104260793,93,-291,2010,-23,-78,11
IMU1,10340,104270329,161,-302,2055,-25,-82,46
IMU1,10341,104280055,175,-292,2119,-15,-60,67
IMU1,10342,104289785,223,-284,2141,-1,-39,90
IMU1,10343,104299314,253,-260,2161,22,-8,102
IMU1,10344,104308953,254,-247,2167,47,22,105
IMU1,10345,104318692,225,-236,2148,75,48,101
IMU1,10346,104328452,178,-238,2104,105,62,94
IMU1,10347,104338182,133,-248,2053,123,58,91
IMU1,10348,104347919,106,-276,2017,131,40,89
IMU1,10349,104357658,81,-303,1984,130,19,76
IMU1,10350,104367205,79,-330,1951,119,-3,61
IMU1,10351,104376644,64,-344,1955,97,-26,52
IMU1,10352,104386076,53,-338,1991,73,-45,51
IMU1,10353,104395522,50,-309,2024,54,-49,57
IMU1,10354,104404968,52,-268,2055,40,-36,67
IMU1,10355,104414403,48,-243,2083,27,-22,85
IMU1,10356,104423829,37,-229,2111,18,-9,106
IMU1,10357,104433273,58,-213,2145,16,-2,128
IMU1,10358,104442723,96,-201,2156,23,3,143
IMU1,10359,104452080,158,-206,2169,32,8,152
IMU1,10360,104461609,207,-209,2135,44,21,142
IMU1,10361,104471330,257,-210,2100,50,30,120
IMU1,10362,104481068,221,-217,2019,50,40,86
IMU1,10363,104493355,171,-219,1953,44,37,51
IMU1,10364,104502893,100,-221,1930,32,17,21
IMU1,10365,104512423,58,-235,1951,14,-9,-2
IMU1,10366,104521549,1,-253,2035,-2,-34,-15
IMU1,10367,104530785,-40,-270,2079,-10,-45,-14
IMU1,10368,104540500,-7,-267,2124,-16,-48,-1
IMU1,10369,104549819,32,-274,2133,-18,-39,10
IMU1,10370,104559358,95,-276,2100,-16,-23,14
IMU1,10371,104568901,138,-282,2059,-20,-11,3
IMU1,10372,104578434,149,-294,2030,-24,-4,-17
IMU1,10373,104588059,89,-311,2019,-28,-2,-39
IMU1,10374,104597493,115,-350,2034,-28,8,-59
IMU1,10375,104607034,19,-364,2025,-29,11,-69
IMU1,10376,104616571,-16,-369,2029,-28,19,-64
IMU1,10377,104626196,-23,-360,2053,-19,20,-59
IMU1,10378,104635830,-42,-346,2055,-12,11,-49
IMU1,10379,104645468,-38,-320,2060,1,-8,-37
IMU1,10380,104654699,-15,-295,2073,16,-35,-26
IMU1,10381,104664326,17,-298,2109,31,-53,-15
IMU1,10382,104673853,33,-293,2120,46,-68,-6
IMU1,10383,104683190,40,-281,2126,57,-78,-1
IMU1,10384,104692542,48,-287,2133,62,-79,3
IMU1,10385,104701793,75,-281,2094,63,-81,0
IMU1,10386,104710943,72,-276,2056,58,-88,2
IMU1,10387,104720191,67,-287,2045,41,-84,6
IMU1,10388,104729423,80,-284,2022,16,-80,12
IMU1,10389,104738867,63,-278,1998,-17,-76,27
IMU1,10390,104748410,144,-280,1979,-53,-62,38
IMU1,10391,104758155,122,-263,1976,-86,-62,43
IMU1,10392,104767895,130,-276,1977,-117,-50,47
IMU1,10393,104777849,142,-260,2020,-141,-41,58
IMU1,10394,104787783,132,-261,2036,-154,-28,61
IMU1,10395,104797728,122,-284,2048,-159,-18,69
IMU1,10396,104807672,105,-305,2055,-159,-16,77
IMU1,10397,104817618,92,-290,2056,-148,-23,81
IMU1,10398,104827352,85,-311,2062,-138,-32,84
IMU1,10399,104837101,111,-336,2066,-125,-39,86
IMU1,10400,104847049,133,-278,2102,-113,-44,79
IMU1,10401,104856988,168,-256,2124,-101,-40,77
IMU1,10402,104866922,217,-253,2117,-81,-20,70
IMU1,10403,104876621,216,-248,2126,-63,0,59
IMU1,10404,104885937,273,-254,2168,-43,20,43
IMU1,10405,104895539,265,-240,2163,-22,37,20
IMU1,10406,104905152,268,-235,2139,-13,49,-2
IMU1,10407,104914663,226,-206,2137,-5,47,-27
IMU1,10408,104924167,205,-190,2061,-3,33,-49
IMU1,10409,104933665,150,-165,2024,-16,12,-65
IMU1,10410,104943374,131,-157,1961,-30,-6,-77
IMU1,10411,104952985,149,-149,1949,-57,-4,-88
IMU1,10412,104962592,151,-157,2000,-87,6,-105
IMU1,10413,104972276,180,-188,2031,-112,13,-127
IMU1,10414,104982366,259,-209,2057,-137,16,-147
IMU1,10415,104992465,4006,670,-103,-273,-96,-408
IMU1,10416,105002650,715,583,1778,-729,-214,-1064
IMU1,10417,105013159,2700,339,1195,-1043,-251,-1461
IMU1,10418,105024069,76,-61,2422,-1368,-198,-2019
IMU1,10419,105034454,288,-398,2465,-1419,-125,-2185
IMU1,10420,105045260,660,-1159,2388,-1349,-187,-2371
IMU1,10421,105056273,-347,-1227,2097,-1031,-282,-2705
IMU1,10422,105067374,-1839,-1189,1815,-917,-249,-2528
IMU1,10423,105078485,-2285,-1206,2278,-850,-254,-1959
IMU1,10424,105089584,-1558,-1173,2655,-717,-340,-1196
IMU1,10425,105100698,-239,-745,2499,-506,-357,-480
IMU1,10426,105111214,384,-458,2164,-306,-160,-62
IMU1,10427,105121423,212,-518,2529,-148,134,66
IMU1,10428,105131439,-363,-643,3102,80,381,128
IMU1,10429,105141464,-348,-622,1900,387,554,281
IMU1,10430,105152737,639,-492,2032,580,506,487
IMU1,10431,105162867,718,-413,2026,561,386,421
IMU1,10432,105173003,620,-419,1822,500,268,292
IMU1,10433,105183135,483,-414,1648,367,177,159
IMU1,10434,105193261,443,-435,1554,185,97,42
IMU1,10435,105202988,439,-377,1463,-26,24,-54
IMU1,10436,105212704,456,-380,1476,-232,-16,-133
IMU1,10437,105222925,485,-444,1615,-409,-36,-198
IMU1,10438,105233118,412,-541,1750,-519,-46,-261
IMU1,10439,105243336,356,-643,1922,-557,-36,-313
IMU1,10440,105253553,275,-726,2079,-520,-22,-350
IMU1,10441,105263775,177,-776,2174,-426,-18,-365
IMU1,10442,105273998,141,-799,2242,-296,13,-355
IMU1,10443,105284115,224,-1419,4926,-113,135,-328
IMU1,10444,105294621,-515,-1591,4202,497,405,-222
IMU1,10445,105305135,-1033,-982,2077,1102,395,66
IMU1,10446,105316091,-993,-586,1992,1737,70,900
IMU1,10447,105326324,-1142,-424,2009,1960,-28,1305
IMU1,10448,105337033,639,184,797,2081,58,1673
IMU1,10449,105347078,2699,565,-972,1774,345,1615
IMU1,10450,105357605,1649,346,333,967,644,1033
IMU1,10451,105367823,345,-222,1952,291,574,515
IMU1,10452,105377963,171,-368,2021,-29,-1,235
IMU1,10453,105387672,56,-340,1981,-203,-480,83
IMU1,10454,105397587,28,-495,2146,-301,-593,53
IMU1,10455,105407521,201,-613,2161,-312,-575,69
IMU1,10456,105417660,370,-627,1967,-309,-595,49
IMU1,10457,105427791,446,-617,1852,-353,-665,-24
IMU1,10458,105438018,-3,-597,1581,-434,-720,-130
IMU1,10459,105448148,310,-540,1782,-551,-664,-177
IMU1,10460,105458569,906,-537,1925,-639,-543,-274
IMU1,10461,105470040,530,-485,1847,-677,-320,-689
IMU1,10462,105480467,217,-447,1747,-686,-222,-784
IMU1,10463,105493527,219,-454,1789,-687,-106,-804
IMU1,10464,105503933,309,-495,1841,-656,35,-809
IMU1,10465,105514062,225,-527,1791,-599,190,-816
IMU1,10466,105524380,137,-542,1764,-522,353,-800
IMU1,10467,105534691,119,-504,1716,-435,547,-763
IMU1,10468,105545020,60,-450,1786,-328,783,-716
IMU1,10469,105555144,-144,-361,2038,-179,1073,-653
IMU1,10470,105566282,-733,-234,2984,278,1571,-440
IMU1,10471,105576820,-848,-697,3606,651,767,-245
IMU1,10472,105587138,-242,-906,2772,856,-571,-49
IMU1,10473,105597374,472,-547,1346,517,-376,90
IMU1,10474,105607420,408,-552,1491,-31,-15,85
IMU1,10475,105617128,269,-630,1960,-355,-24,28
IMU1,10476,105627040,145,-731,2270,-412,-86,-8
IMU1,10477,105636847,119,-800,2308,-279,-83,-3
IMU1,10478,105646651,-64,-667,2224,-82,-34,24
IMU1,10479,105656262,8,-582,2170,98,5,72
IMU1,10480,105665206,120,-482,2092,212,25,103
IMU1,10481,105675116,86,-435,1985,240,59,106
IMU1,10482,105684851,107,-411,1780,193,65,105
IMU1,10483,105694749,167,-373,1671,92,16,100
IMU1,10484,105704457,183,-360,1703,-32,-45,82
IMU1,10485,105714156,252,-419,1869,-141,-80,63
IMU1,10486,105724071,240,-458,2107,-205,-76,45
IMU1,10487,105733984,133,-493,2183,-206,-45,34
IMU1,10488,105743894,96,-533,2232,-158,-24,38
IMU1,10489,105753620,80,-553,2173,-84,-11,49
IMU1,10490,105763126,67,-539,2089,-17,8,71
IMU1,10491,105772348,101,-530,2059,27,26,99
IMU1,10492,105781873,90,-523,2054,50,33,119
IMU1,10493,105791395,148,-491,2042,54,40,141
IMU1,10494,105801122,190,-446,1997,49,55,147
IMU1,10495,105810841,204,-405,1976,38,71,140
IMU1,10496,105820564,199,-384,1977,30,75,126
IMU1,10497,105830291,187,-392,2007,21,67,110
IMU1,10498,105840030,186,-395,2059,15,63,87
IMU1,10499,105849554,161,-403,2038,10,74,56
IMU1,10500,105859085,128,-423,2021,-6,87,23
IMU1,10501,105868502,115,-444,2024,-30,82,2
IMU1,10502,105877926,108,-460,2029,-53,63,-8
IMU1,10503,105887450,107,-467,2027,-65,51,-18
IMU1,10504,105897165,82,-483,2025,-74,49,-21
IMU1,10505,105906677,63,-500,2019,-74,45,-19
IMU1,10506,105916204,-33,-492,2040,-60,34,-12
IMU1,10507,105925823,4,-519,2040,-33,23,14
IMU1,10508,105935045,19,-508,2018,-8,21,39
IMU1,10509,105944268,114,-534,2041,8,26,52
IMU1,10510,105953599,116,-535,2010,20,34,35
IMU1,10511,105963139,98,-489,1980,12,31,22
IMU1,10512,105972480,157,-480,1961,-6,18,6
IMU1,10513,105981707,68,-491,1972,-28,10,-21
IMU1,10514,105991238,115,-536,1999,-36,-6,-30
IMU1,10515,106000864,95,-557,2016,-37,-24,-35
IMU1,10516,106010479,66,-566,2008,-30,-35,-36
IMU1,10517,106020090,61,-597,2021,-19,-39,-29
IMU1,10518,106029703,29,-570,2042,-6,-40,-17
IMU1,10519,106039123,47,-559,2038,10,-45,4
IMU1,10520,106048357,56,-577,2009,22,-46,31
IMU1,10521,106057772,39,-556,2001,33,-39,56
IMU1,10522,106067203,-16,-500,2009,43,-48,87
IMU1,10523,106076709,103,-560,2030,54,-62,123
IMU1,10524,106086545,124,-584,1979,76,-63,138
IMU1,10525,106096359,92,-558,1970,87,-47,143
IMU1,10526,106105986,96,-568,2003,94,-48,154
IMU1,10527,106115615,100,-568,2004,105,-53,163
IMU1,10528,106125630,124,-599,1998,120,-46,169
IMU1,10529,106135655,64,-564,2005,131,-34,175
IMU1,10530,106145488,48,-583,1989,147,-41,187
IMU1,10531,106155316,38,-613,1996,163,-49,203
IMU1,10532,106165158,15,-579,2011,183,-55,216
IMU1,10533,106174991,42,-530,2039,208,-76,234
IMU1,10534,106184829,106,-504,2026,234,-85,253
IMU1,10535,106194851,167,-493,2007,248,-59,259
IMU1,10536,106204870,181,-457,1987,245,-16,253
IMU1,10537,106214891,131,-439,1962,232,18,243
IMU1,10538,106224816,119,-423,1979,212,20,235
IMU1,10539,106234746,129,-426,2000,197,0,229
IMU1,10540,106244386,99,-411,2046,188,-21,223
IMU1,10541,106254203,121,-446,2023,183,-34,222
IMU1,10542,106264215,63,-447,2020,161,-36,220
IMU1,10543,106274036,57,-405,2029,135,-44,229
IMU1,10544,106283854,40,-391,2086,112,-65,240
IMU1,10545,106293678,49,-329,2129,111,-96,257
IMU1,10546,106303500,136,-348,2099,120,-105,278
IMU1,10547,106313730,130,-417,1984,124,-85,287
IMU1,10548,106323755,110,-471,2005,117,-67,294
IMU1,10549,106333787,68,-515,2031,115,-70,302
IMU1,10550,106345183,111,-466,2056,137,-60,312
IMU1,10551,106355219,114,-489,1977,156,-41,300
IMU1,10552,106365244,101,-474,1961,154,-41,273
IMU1,10553,106375282,84,-461,1988,134,-51,258
IMU1,10554,106385112,80,-463,2008,124,-56,251
IMU1,10555,106394945,72,-455,2037,121,-57,255
IMU1,10556,106404779,62,-453,2044,118,-55,268
IMU1,10557,106414611,66,-445,2052,120,-50,278
IMU1,10558,106424438,61,-430,2065,123,-53,283
IMU1,10559,106434264,51,-407,2057,136,-61,277
IMU1,10560,106444098,65,-388,2070,143,-70,271
IMU1,10561,106453935,75,-364,2053,151,-71,259
IMU1,10562,106463773,66,-337,2024,148,-68,246
IMU1,10563,106473606,71,-318,2005,134,-67,239
IMU1,10564,106483436,91,-307,2021,118,-67,237
IMU1,10565,106496026,77,-313,2017,103,-67,240
IMU1,10566,106505811,112,-304,2045,89,-58,243
IMU1,10567,106515616,120,-311,2046,76,-48,242
IMU1,10568,106525426,93,-315,2056,72,-36,238
IMU1,10569,106535054,98,-312,2066,63,-23,232
IMU1,10570,106544673,91,-299,2074,61,-16,221
IMU1,10571,106554289,79,-286,2067,62,-20,208
IMU1,10572,106563904,128,-266,2071,63,-27,189
IMU1,10573,106573711,130,-261,2072,61,-34,161
IMU1,10574,106583525,128,-262,2065,57,-37,134
IMU1,10575,106593337,136,-266,2042,53,-33,107
IMU1,10576,106604708,107,-293,2049,33,-29,75
IMU1,10577,106614328,68,-305,2067,15,-27,75
IMU1,10578,106623754,61,-300,2075,14,-24,74
IMU1,10579,106633713,69,-305,2059,11,-25,80
IMU1,10580,106643134,91,-292,2067,5,-18,75
IMU1,10581,106652886,-12,-360,2055,8,-20,68
IMU1,10582,106662193,80,-308,2110,9,-28,72
IMU1,10583,106671943,96,-274,2039,10,-32,80
IMU1,10584,106681374,147,-268,2049,10,-29,67
IMU1,10585,106690992,133,-295,2037,2,-30,50
IMU1,10586,106700938,90,-312,2045,-6,-21,31
IMU1,10587,106710250,63,-329,2038,-12,-21,18
IMU1,10588,106720288,53,-346,2033,-14,-20,10
IMU1,10589,106729796,23,-373,2037,-12,-15,10
IMU1,10590,106739308,27,-372,2046,-11,-15,15
IMU1,10591,106748822,54,-366,2048,-13,-14,21
IMU1,10592,106758334,4,-415,2031,-9,-13,18
IMU1,10593,106767981,42,-364,2076,-10,-16,27
IMU1,10594,106778025,97,-364,2051,-5,-13,34
IMU1,10595,106787344,124,-352,2037,-6,-11,29
IMU1,10596,106796866,104,-369,2049,-8,-10,14
IMU1,10597,106806381,79,-385,2054,-6,-8,6
IMU1,10598,106816357,64,-390,2056,-11,-8,8
IMU1,10599,106826000,53,-398,2054,-17,-6,14
IMU1,10600,106835315,50,-387,2058,-15,-5,20
IMU1,10601,106845151,65,-385,2047,-8,-10,26
IMU1,10602,106854468,75,-366,2046,2,-3,28
IMU1,10603,106864524,83,-365,2032,10,-8,28
IMU1,10604,106873750,85,-365,2024,5,-23,27
IMU1,10605,106883497,91,-373,2032,10,-28,16
IMU1,10606,106892914,90,-378,2040,7,-18,10
IMU1,10607,106902650,77,-385,2043,-1,-15,17
IMU1,10608,106912495,68,-390,2058,-6,-13,25
IMU1,10609,106921805,70,-396,2061,-6,-15,22
IMU1,10610,106931640,47,-407,2061,-9,-19,24
IMU1,10611,106941470,46,-415,2056,-9,-18,34
IMU1,10612,106950791,-2,-450,2038,-1,-12,41
IMU1,10613,106960533,84,-394,2065,0,-17,59
IMU1,10614,106970180,84,-391,2015,8,-13,65
IMU1,10615,106979928,117,-363,2027,11,-22,61
IMU1,10616,106989551,105,-375,2012,7,-31,42
IMU1,10617,106998978,53,-397,2025,14,-31,20
IMU1,10618,107008410,45,-397,2038,16,-30,15
IMU1,10619,107018340,52,-393,2040,20,-34,21
IMU1,10620,107027763,60,-393,2042,22,-35,25
IMU1,10621,107037193,56,-387,2043,28,-39,24
IMU1,10622,107047146,62,-382,2050,30,-34,17
IMU1,10623,107056576,57,-380,2048,22,-41,19
IMU1,10624,107066525,60,-375,2047,31,-35,9
IMU1,10625,107075761,59,-372,2040,21,-36,12
IMU1,10626,107085708,56,-364,2041,29,-32,6
IMU1,10627,107094936,54,-366,2044,20,-33,12
IMU1,10628,107104890,63,-357,2047,25,-33,13
IMU1,10629,107114323,75,-355,2042,24,-32,11
IMU1,10630,107123753,82,-346,2048,25,-33,10
IMU1,10631,107133704,94,-351,2054,17,-29,7
IMU1,10632,107143466,96,-352,2055,10,-19,-3
IMU1,10633,107152801,94,-353,2053,1,-17,-10
IMU1,10634,107162640,79,-355,2055,4,-11,-18
IMU1,10635,107171965,74,-352,2051,3,-5,-25
IMU1,10636,107181619,67,-360,2048,1,-7,-25
IMU1,10637,107191274,62,-363,2038,6,-6,-29
IMU1,10638,107200938,60,-364,2044,3,-18,-19
IMU1,10639,107210775,63,-365,2043,7,-20,-18
IMU1,10640,107220104,66,-360,2041,12,-17,-23
IMU1,10641,107229618,85,-363,2039,14,-28,-22
IMU1,10642,107239134,86,-358,2040,17,-28,-24
IMU1,10643,107249170,88,-361,2033,16,-25,-26
IMU1,10644,107258690,89,-363,2036,14,-24,-25
IMU1,10645,107268215,92,-362,2040,10,-22,-28
IMU1,10646,107277729,89,-371,2043,8,-18,-32
IMU1,10647,107287573,96,-371,2048,3,-15,-31
IMU1,10648,107296904,88,-384,2047,-2,-11,-36
IMU1,10649,107306840,87,-395,2047,4,-10,-38
IMU1,10650,107316173,81,-398,2053,7,-7,-40
IMU1,10651,107325812,74,-398,2043,3,-6,-40
IMU1,10652,107335460,76,-399,2037,4,-6,-39
IMU1,10653,107345120,62,-399,2039,2,3,-41
IMU1,10654,107354677,27,-412,2044,-3,-3,-29
IMU1,10655,107364425,28,-396,2051,12,-6,-27
IMU1,10656,107374272,83,-380,2032,15,-15,-14
IMU1,10657,107383798,79,-367,2031,9,-16,-21
IMU1,10658,107393134,60,-367,2039,12,-17,-33
IMU1,10659,107402660,59,-390,2050,8,-20,-31
IMU1,10660,107412509,83,-391,2040,7,-14,-27
IMU1,10661,107422354,57,-384,2049,6,-10,-26
IMU1,10662,107431691,57,-383,2040,3,-8,-29
IMU1,10663,107441343,47,-376,2044,14,-6,-32
IMU1,10664,107451192,50,-379,2045,12,-11,-30
IMU1,10665,107460732,57,-374,2043,25,-8,-32
IMU1,10666,107470068,69,-367,2033,23,-11,-27
IMU1,10667,107479602,73,-369,2029,20,-11,-24
IMU1,10668,107489642,78,-370,2035,17,-10,-28
IMU1,10669,107501904,78,-376,2038,17,-9,-27
IMU1,10670,107511243,77,-375,2045,16,-9,-31
IMU1,10671,107520581,64,-376,2052,14,-11,-30
IMU1,10672,107530080,65,-378,2053,13,-12,-29
IMU1,10673,107539588,80,-378,2051,10,-8,-32
IMU1,10674,107548905,80,-380,2050,9,-2,-31
IMU1,10675,107558022,82,-373,2043,8,-2,-31
IMU1,10676,107567149,76,-365,2043,6,-5,-27
IMU1,10677,107576273,74,-362,2039,10,-4,-29
IMU1,10678,107585596,75,-367,2035,5,-8,-25
IMU1,10679,107595243,76,-373,2039,4,-9,-25
IMU1,10680,107604891,70,-368,2038,14,-6,-27
IMU1,10681,107614201,73,-370,2035,15,-6,-29
IMU1,10682,107624046,63,-371,2043,12,-13,-30
IMU1,10683,107633550,86,-380,2050,19,-11,-34
IMU1,10684,107643074,72,-380,2048,14,-16,-31
IMU1,10685,107653110,69,-381,2044,13,-14,-32
IMU1,10686,107662634,68,-381,2045,0,-13,-26
IMU1,10687,107672377,57,-374,2035,3,-8,-26
IMU1,10688,107681506,67,-384,2031,8,-10,-22
IMU1,10689,107691345,46,-386,2043,2,-12,-16
IMU1,10690,107701186,27,-351,2054,8,-9,-10
IMU1,10691,107710835,60,-425,2046,16,-15,-2
IMU1,10692,107720164,70,-393,2054,21,-31,12
IMU1,10693,107729594,86,-368,2063,26,-29,6
IMU1,10694,107739343,81,-372,2051,27,-27,-1
IMU1,10695,107749188,105,-393,2018,28,-22,-9
IMU1,10696,107758711,75,-377,2030,13,-10,-25
IMU1,10697,107768247,75,-374,2038,5,-3,-30
IMU1,10698,107777899,68,-377,2036,1,-3,-26
IMU1,10699,107787544,59,-376,2038,1,-3,-23
IMU1,10700,107797190,55,-378,2039,-4,-7,-23
IMU1,10701,107806942,55,-381,2043,5,-14,-19
IMU1,10702,107816263,59,-385,2044,14,-11,-28
IMU1,10703,107825785,53,-386,2042,14,-16,-25
IMU1,10704,107835832,58,-384,2040,15,-22,-20
IMU1,10705,107845366,65,-382,2048,8,-24,-15
IMU1,10706,107854687,74,-385,2043,16,-16,-21
IMU1,10707,107864729,73,-381,2046,15,-18,-20
IMU1,10708,107874254,70,-381,2044,10,-17,-21
IMU1,10709,107883780,71,-377,2038,10,-14,-25
IMU1,10710,107893309,66,-378,2039,12,-10,-27
IMU1,10711,107902839,74,-376,2038,6,-13,-21
IMU1,10712,107912702,70,-375,2045,6,-8,-23
IMU1,10713,107922362,69,-377,2042,11,-7,-23
IMU1,10714,107931696,74,-380,2043,8,-15,-16
IMU1,10715,107941546,74,-385,2045,6,-13,-20
IMU1,10716,107950882,69,-381,2046,11,-15,-17
IMU1,10717,107960410,67,-384,2047,8,-15,-18
IMU1,10718,107970259,65,-383,2046,11,-16,-18
IMU1,10719,107979794,64,-384,2042,17,-13,-23
IMU1,10720,107989333,55,-381,2047,14,-17,-19
IMU1,10721,107998863,56,-377,2039,16,-21,-15
IMU1,10722,108008916,73,-376,2041,15,-25,-16
IMU1,10723,108018442,71,-374,2034,13,-24,-14
IMU1,10724,108027968,16,-354,2048,9,-14,-20
IMU1,10725,108037821,40,-380,2067,4,-23,-4
IMU1,10726,108046943,113,-411,2014,16,-27,5
IMU1,10727,108056890,64,-388,2034,13,-23,3
IMU1,10728,108066640,75,-370,2046,9,-25,10
IMU1,10729,108075866,81,-372,2055,7,-20,-1
IMU1,10730,108085517,61,-386,2036,18,-14,-15
IMU1,10731,108095046,61,-390,2041,13,-13,-13
IMU1,10732,108105094,76,-387,2043,14,-11,-12
IMU1,10733,108114623,77,-391,2032,18,-7,-13
IMU1,10734,108123960,72,-376,2033,10,-14,-11
IMU1,10735,108133503,81,-379,2031,9,-13,-12
IMU1,10736,108143370,69,-381,2032,2,-11,-12
IMU1,10737,108153211,67,-381,2040,-1,-10,-15
IMU1,10738,108162633,66,-391,2045,9,-12,-14
IMU1,10739,108172463,73,-388,2047,10,-14,-13
IMU1,10740,108181982,67,-387,2042,18,-7,-17
IMU1,10741,108191302,68,-386,2046,15,-10,-14
IMU1,10742,108200821,68,-381,2044,11,-11,-11
IMU1,10743,108210854,67,-380,2042,9,-15,-11
IMU1,10744,108220183,67,-381,2043,14,-10,-19
IMU1,10745,108229697,63,-380,2041,11,-16,-12
IMU1,10746,108239735,65,-378,2038,12,-16,-10
IMU1,10747,108249256,67,-376,2036,13,-12,-13
IMU1,10748,108258780,67,-379,2039,8,-15,-11
IMU1,10749,108268623,68,-379,2040,7,-17,-12
IMU1,10750,108277950,62,-383,2045,14,-16,-13
IMU1,10751,108287476,66,-382,2048,16,-12,-20
IMU1,10752,108297013,64,-383,2044,10,-13,-19
IMU1,10753,108307057,61,-385,2045,10,-13,-20
IMU1,10754,108316585,54,-386,2043,1,-15,-17
IMU1,10755,108325915,58,-397,2036,5,-17,-21
IMU1,10756,108335772,68,-395,2039,4,-19,-18
IMU1,10757,108345113,56,-391,2033,10,-12,-22
IMU1,10758,108355162,45,-391,2038,12,-15,-18
IMU1,10759,108364692,52,-390,2042,16,-18,-17
IMU1,10760,108374225,49,-381,2045,19,-23,-12
IMU1,10761,108383755,58,-375,2041,19,-23,-9
IMU1,10762,108393612,67,-369,2042,19,-22,-8
IMU1,10763,108402931,73,-367,2050,9,-24,-4
IMU1,10764,108412585,73,-371,2049,13,-23,-9
IMU1,10765,108422440,73,-373,2045,17,-15,-18
IMU1,10766,108431954,72,-375,2047,10,-21,-10
IMU1,10767,108441491,70,-371,2046,8,-20,-11
IMU1,10768,108451356,67,-371,2047,7,-20,-15
IMU1,10769,108460691,68,-373,2040,9,-17,-17
IMU1,10770,108470551,65,-375,2038,7,-17,-18
IMU1,10771,108479886,69,-379,2030,2,-19,-16
IMU1,10772,108489753,72,-379,2036,9,-20,-16
IMU1,10773,108499085,73,-383,2037,10,-23,-14
IMU1,10774,108511264,71,-384,2040,12,-19,-20
IMU1,10775,108520801,70,-387,2048,9,-20,-18
IMU1,10776,108530132,70,-387,2046,7,-20,-15
IMU1,10777,108539472,71,-386,2049,8,-21,-13
IMU1,10778,108548819,71,-385,2046,10,-20,-16
IMU1,10779,108558331,69,-386,2042,12,-18,-19
IMU1,10780,108567855,71,-384,2043,13,-19,-18
IMU1,10781,108577378,72,-381,2043,14,-19,-21
IMU1,10782,108586898,76,-381,2040,14,-19,-23
IMU1,10783,108596418,80,-378,2038,8,-18,-22
IMU1,10784,108605743,84,-385,2038,0,-15,-21
IMU1,10785,108614972,73,-393,2041,-2,-14,-24
IMU1,10786,108624404,65,-395,2045,-1,-15,-24
IMU1,10787,108633828,59,-395,2046,2,-20,-22
IMU1,10788,108643677,56,-387,2043,9,-22,-20
IMU1,10789,108653010,58,-387,2039,7,-29,-11
IMU1,10790,108662857,58,-384,2039,14,-23,-18
IMU1,10791,108672388,60,-384,2037,14,-25,-15
IMU1,10792,108681908,65,-385,2035,16,-21,-20
IMU1,10793,108691442,71,-380,2038,16,-20,-20
IMU1,10794,108700973,72,-390,2040,11,-22,-20
IMU1,10795,108711027,68,-389,2040,10,-17,-20
IMU1,10796,108720562,66,-396,2045,6,-15,-22
IMU1,10797,108729899,58,-394,2040,10,-18,-20
IMU1,10798,108739432,52,-390,2039,11,-17,-20
IMU1,10799,108749491,61,-385,2042,9,-17,-20
IMU1,10800,108758820,65,-378,2040,2,-20,-14
IMU1,10801,108768675,78,-374,2036,7,-14,-17
IMU1,10802,108778010,77,-375,2040,0,-16,-12
IMU1,10803,108787767,81,-383,2037,8,-15,-14
IMU1,10804,108797106,80,-385,2041,12,-13,-20
IMU1,10805,108807159,73,-390,2040,15,-18,-16
IMU1,10806,108816669,69,-388,2043,16,-19,-14
IMU1,10807,108826168,70,-387,2038,19,-20,-17
IMU1,10808,108835676,70,-387,2037,16,-22,-16
IMU1,10809,108845194,69,-390,2041,16,-19,-16
IMU1,10810,108855230,73,-382,2038,15,-19,-16
IMU1,10811,108864746,80,-380,2034,7,-22,-16
IMU1,10812,108874057,88,-378,2036,6,-25,-15
IMU1,10813,108883895,90,-380,2040,3,-24,-15
IMU1,10814,108893728,83,-384,2040,3,-21,-15
IMU1,10815,108903046,72,-386,2046,6,-16,-15
IMU1,10816,108912881,67,-393,2052,3,-17,-7
IMU1,10817,108922522,66,-395,2052,0,-14,-14
IMU1,10818,108931753,64,-394,2044,8,-16,-15
IMU1,10819,108941604,63,-393,2041,10,-16,-16
IMU1,10820,108951124,66,-389,2036,8,-20,-10
IMU1,10821,108960979,66,-386,2035,9,-17,-13
IMU1,10822,108970286,64,-387,2031,7,-15,-14
IMU1,10823,108980120,65,-387,2038,7,-18,-14
IMU1,10824,108989435,64,-387,2036,9,-27,-9
IMU1,10825,108999092,63,-387,2036,12,-28,-11
IMU1,10826,109009132,66,-387,2042,17,-21,-17
IMU1,10827,109018649,66,-388,2046,17,-22,-11
IMU1,10828,109028167,62,-386,2046,12,-21,-5
IMU1,10829,109037489,68,-388,2047,13,-18,-10
IMU1,10830,109047528,70,-385,2048,13,-19,-14
IMU1,10831,109057056,72,-385,2046,11,-15,-14
IMU1,10832,109066568,74,-390,2040,8,-17,-12
IMU1,10833,109076407,70,-385,2038,8,-16,-13
IMU1,10834,109085740,73,-388,2036,8,-16,-15
IMU1,10835,109095593,72,-391,2036,7,-17,-17
IMU1,10836,109104936,75,-389,2037,4,-18,-17
IMU1,10837,109114793,73,-391,2043,7,-19,-17
IMU1,10838,109124139,66,-391,2040,10,-14,-22
IMU1,10839,109133657,60,-386,2042,10,-18,-13
IMU1,10840,109143695,58,-387,2044,11,-18,-3
IMU1,10841,109153018,73,-389,2039,13,-13,-11
IMU1,10842,109162547,73,-386,2038,13,-17,-14
IMU1,10843,109172589,79,-386,2038,16,-20,-14
IMU1,10844,109182113,84,-391,2038,8,-16,-18
IMU1,10845,109191446,86,-391,2034,10,-14,-23
IMU1,10846,109201492,78,-395,2037,6,-18,-22
IMU1,10847,109210819,75,-394,2044,3,-13,-30
IMU1,10848,109220666,73,-398,2045,3,-12,-30
IMU1,10849,109229993,70,-394,2041,-1,-16,-24
IMU1,10850,109239948,60,-395,2045,5,-15,-26
IMU1,10851,109249293,60,-390,2042,2,-17,-19
IMU1,10852,109259138,63,-394,2042,11,-17,-16
IMU1,10853,109268679,70,-394,2042,10,-18,-13
IMU1,10854,109278211,66,-391,2037,13,-16,-13
IMU1,10855,109287754,74,-393,2036,18,-15,-15
IMU1,10856,109297283,73,-390,2040,11,-14,-15
IMU1,10857,109306809,66,-390,2040,10,-18,-11
IMU1,10858,109316864,48,-400,2038,14,-18,-12
IMU1,10859,109326386,63,-396,2038,11,-23,0
IMU1,10860,109336050,81,-381,2032,13,-19,-3
IMU1,10861,109345383,85,-384,2029,15,-24,-4
IMU1,10862,109355232,78,-393,2032,8,-23,-13
IMU1,10863,109364578,68,-401,2040,7,-25,-15
IMU1,10864,109374416,68,-402,2039,4,-21,-22
IMU1,10865,109383743,63,-402,2038,3,-25,-18
IMU1,10866,109393590,63,-401,2044,5,-22,-22
IMU1,10867,109402930,59,-395,2043,5,-23,-18
IMU1,10868,109412789,59,-394,2043,10,-22,-16
IMU1,10869,109422332,64,-391,2044,18,-19,-13
IMU1,10870,109431873,74,-383,2041,13,-20,-10
IMU1,10871,109441422,85,-383,2035,16,-22,-8
IMU1,10872,109451273,81,-384,2039,14,-19,-11
IMU1,10873,109460799,78,-386,2042,2,-26,-4
IMU1,10874,109470459,72,-386,2040,5,-24,-8
IMU1,10875,109480115,74,-388,2036,2,-24,-4
IMU1,10876,109489771,66,-388,2040,10,-18,-5
IMU1,10877,109499102,19,-420,2036,8,-20,3
IMU1,10878,109511312,91,-386,2054,6,-16,14
IMU1,10879,109520564,115,-373,2023,11,-14,16
IMU1,10880,109530197,105,-378,2027,14,-17,3
IMU1,10881,109539625,100,-383,2035,7,-22,-6
IMU1,10882,109548956,95,-391,2042,2,-24,-14
IMU1,10883,109558285,82,-400,2037,0,-24,-19
IMU1,10884,109567517,77,-406,2042,0,-28,-18
IMU1,10885,109576765,74,-408,2043,3,-28,-19
IMU1,10886,109586086,69,-411,2044,5,-28,-17
IMU1,10887,109595404,66,-409,2046,6,-27,-12
IMU1,10888,109605247,69,-406,2046,11,-26,-9
IMU1,10889,109614562,70,-394,2045,7,-27,-1
IMU1,10890,109624205,74,-393,2042,11,-22,1
IMU1,10891,109633955,75,-391,2038,10,-22,8
IMU1,10892,109643707,74,-393,2033,11,-14,3
IMU1,10893,109653465,75,-396,2032,5,-17,9
IMU1,10894,109663024,76,-395,2033,10,-15,5
IMU1,10895,109672270,84,-396,2033,7,-21,11
IMU1,10896,109682022,80,-396,2031,10,-19,3
IMU1,10897,109691772,67,-404,2033,11,-23,0
IMU1,10898,109701424,69,-408,2037,9,-32,5
IMU1,10899,109710980,70,-402,2040,14,-23,1
IMU1,10900,109720740,68,-403,2038,4,-27,12
IMU1,10901,109729981,75,-406,2040,15,-22,-1
IMU1,10902,109739832,77,-405,2038,14,-20,-7
IMU1,10903,109749175,74,-401,2041,8,-25,-1
IMU1,10904,109758835,69,-397,2044,12,-24,-2
IMU1,10905,109768701,71,-397,2044,14,-25,2
IMU1,10906,109778467,73,-392,2036,13,-25,3
IMU1,10907,109787695,79,-395,2031,11,-23,2
IMU1,10908,109797449,84,-391,2034,5,-24,2
IMU1,10909,109807004,88,-399,2040,6,-18,-4
IMU1,10910,109816659,81,-403,2039,0,-18,-4
IMU1,10911,109826206,60,-415,2036,7,-15,-4
IMU1,10912,109835852,71,-407,2049,6,-18,7
IMU1,10913,109845408,85,-398,2032,5,-12,9
IMU1,10914,109854967,30,-439,2032,16,-9,4
IMU1,10915,109865042,53,-403,2063,15,-17,20
IMU1,10916,109874465,111,-387,2024,20,-14,27
IMU1,10917,109884104,78,-393,2029,16,-18,17
IMU1,10918,109893544,96,-386,2043,17,-22,8
IMU1,10919,109903306,86,-392,2025,21,-23,-1
IMU1,10920,109912647,74,-396,2037,24,-20,-7
IMU1,10921,109922507,78,-393,2035,18,-23,-6
IMU1,10922,109932368,82,-386,2035,14,-24,-6
IMU1,10923,109941705,82,-389,2039,9,-29,-1
IMU1,10924,109951365,78,-379,2044,13,-27,-5
IMU1,10925,109961227,79,-379,2043,14,-23,-9
IMU1,10926,109970562,83,-378,2050,6,-26,-7
IMU1,10927,109980218,81,-380,2043,8,-27,0
IMU1,10928,109989672,77,-384,2042,13,-20,-7
IMU1,10929,109999531,76,-390,2039,-1,-25,0
IMU1,10930,110009101,76,-391,2039,7,-22,-3
IMU1,10931,110018771,75,-393,2037,2,-28,0
IMU1,10932,110028238,77,-394,2033,2,-32,1
IMU1,10933,110037819,78,-400,2032,4,-35,0
IMU1,10934,110047292,74,-399,2036,16,-29,-9
IMU1,10935,110057164,70,-400,2037,13,-32,-7
IMU1,10936,110066511,71,-398,2038,11,-35,-5
IMU1,10937,110076389,71,-397,2038,10,-31,-11
IMU1,10938,110085948,76,-397,2042,8,-25,-16
IMU1,10939,110095799,76,-390,2043,3,-29,-11
IMU1,10940,110105139,81,-386,2038,9,-23,-12
IMU1,10941,110114984,82,-390,2036,5,-23,-10
IMU1,10942,110124311,79,-393,2038,5,-25,-4
IMU1,10943,110133969,79,-393,2039,5,-28,-1
IMU1,10944,110143624,77,-399,2043,8,-29,2
IMU1,10945,110153189,79,-401,2042,16,-29,1
IMU1,10946,110162943,87,-404,2042,16,-29,4
IMU1,10947,110172689,94,-398,2039,15,-23,0
IMU1,10948,110182349,99,-397,2036,8,-27,5
IMU1,10949,110191928,104,-396,2037,12,-21,-3
IMU1,10950,110201463,101,-392,2034,2,-22,0
IMU1,10951,110211127,95,-395,2036,5,-18,-5
IMU1,10952,110220785,95,-402,2038,1,-17,-8
IMU1,10953,110230449,90,-400,2037,-2,-15,-11
IMU1,10954,110239872,91,-405,2043,-3,-17,-10
IMU1,10955,110249305,86,-411,2041,2,-15,-11
IMU1,10956,110259148,83,-408,2046,3,-16,-8
IMU1,10957,110268812,86,-408,2043,4,-19,-7
IMU1,10958,110278455,84,-405,2037,5,-22,-3
IMU1,10959,110288102,82,-403,2031,10,-27,2
IMU1,10960,110297324,81,-402,2029,8,-22,-3
IMU1,10961,110306974,86,-400,2033,13,-21,-5
IMU1,10962,110316822,85,-401,2032,9,-22,0
IMU1,10963,110326271,92,-395,2030,8,-25,3
IMU1,10964,110335838,91,-403,2037,11,-16,-9
IMU1,10965,110345711,79,-404,2045,10,-19,-7
IMU1,10966,110355044,74,-402,2050,12,-19,-3
IMU1,10967,110364900,77,-402,2043,10,-22,-3
IMU1,10968,110374749,79,-403,2033,10,-17,-7
IMU1,10969,110384082,84,-406,2038,1,-17,-3
IMU1,10970,110393735,78,-409,2042,5,-12,-6
IMU1,10971,110403391,77,-400,2043,3,-17,1
IMU1,10972,110412940,79,-402,2038,12,-12,-1
IMU1,10973,110422782,80,-401,2037,9,-19,7
IMU1,10974,110432341,86,-399,2034,1,-19,7
IMU1,10975,110441893,84,-400,2028,12,-15,-1
IMU1,10976,110451212,83,-405,2033,11,-23,4
IMU1,10977,110460952,83,-412,2036,10,-21,0
IMU1,10978,110470610,82,-408,2036,10,-23,-1
IMU1,10979,110480452,83,-414,2041,17,-19,-6
IMU1,10980,110489773,78,-417,2037,14,-16,-5
IMU1,10981,110499612,77,-414,2034,13,-18,-2
IMU1,10982,110511592,77,-411,2033,13,-16,-2
IMU1,10983,110520935,77,-406,2040,12,-19,-1
IMU1,10984,110530267,78,-407,2040,13,-19,0
IMU1,10985,110539408,77,-404,2039,15,-21,-2
IMU1,10986,110548750,79,-405,2036,14,-21,-1
IMU1,10987,110558093,81,-402,2036,15,-19,-3
IMU1,10988,110567429,77,-405,2037,15,-19,-5
IMU1,10989,110576766,73,-402,2037,18,-17,-8
IMU1,10990,110586103,68,-404,2037,17,-14,-8
IMU1,10991,110595447,69,-404,2039,17,-15,-6
IMU1,10992,110605281,72,-400,2033,16,-13,-8
IMU1,10993,110615116,68,-401,2030,15,-19,-2
IMU1,10994,110624443,68,-401,2033,14,-19,-6
IMU1,10995,110634281,75,-401,2034,17,-21,-9
IMU1,10996,110643604,74,-402,2042,16,-25,-4
IMU1,10997,110653439,81,-399,2048,20,-24,-10
IMU1,10998,110662978,79,-401,2041,13,-23,-10
IMU1,10999,110672506,83,-400,2042,17,-24,-13
IMU1,11000,110682030,83,-402,2040,19,-20,-15
IMU1,11001,110692070,85,-399,2036,21,-18,-17
IMU1,11002,110701603,87,-394,2033,20,-17,-21
IMU1,11003,110711132,88,-394,2035,19,-21,-17
IMU1,11004,110720674,93,-395,2035,21,-21,-19
IMU1,11005,110730191,95,-393,2035,16,-19,-19
IMU1,11006,110739729,102,-392,2037,13,-18,-20
IMU1,11007,110749459,97,-398,2037,14,-18,-21
IMU1,11008,110758990,91,-395,2035,8,-19,-21
IMU1,11009,110768841,73,-396,2035,5,-17,-16
IMU1,11010,110778168,70,-394,2064,-3,-24,-2
IMU1,11011,110787923,83,-410,2030,11,-20,-11
IMU1,11012,110797449,82,-403,2037,10,-22,-16
IMU1,11013,110807483,73,-403,2038,15,-18,-23
IMU1,11014,110817007,73,-404,2040,18,-24,-15
IMU1,11015,110826532,78,-397,2036,21,-24,-16
IMU1,11016,110836070,84,-392,2030,24,-20,-18
IMU1,11017,110845605,91,-384,2026,19,-18,-18
IMU1,11018,110855133,92,-388,2034,14,-17,-15
IMU1,11019,110865184,93,-391,2040,16,-13,-19
IMU1,11020,110874717,95,-393,2039,13,-17,-16
IMU1,11021,110884259,89,-396,2040,13,-12,-23
IMU1,11022,110893782,91,-399,2043,9,-9,-25
IMU1,11023,110903444,95,-403,2038,5,-8,-25
IMU1,11024,110913101,87,-402,2040,5,-4,-32
IMU1,11025,110922759,80,-401,2042,0,-9,-32
IMU1,11026,110932313,79,-402,2040,1,-11,-29
IMU1,11027,110941652,74,-399,2039,11,-12,-26
IMU1,11028,110951711,70,-400,2036,6,-16,-20
IMU1,11029,110961050,87,-400,2034,2,-21,-20
IMU1,11030,110970899,82,-393,2033,10,-19,-29
IMU1,11031,110980434,92,-399,2034,4,-22,-26
IMU1,11032,110989783,91,-399,2040,7,-20,-28
IMU1,11033,110999647,95,-399,2039,5,-19,-28
IMU1,11034,111009005,84,-404,2038,-4,-18,-27
IMU1,11035,111018951,84,-408,2037,3,-14,-32
IMU1,11036,111028296,88,-413,2035,-1,-13,-26
IMU1,11037,111038252,79,-410,2047,1,-13,-26
IMU1,11038,111047604,70,-407,2028,11,-11,-27
IMU1,11039,111057141,42,-401,2052,9,-21,-18
IMU1,11040,111067000,91,-424,2032,14,-28,-10
IMU1,11041,111076535,94,-415,2029,19,-26,-8
IMU1,11042,111086396,71,-416,2031,12,-24,-9
IMU1,11043,111095738,72,-410,2032,10,-24,-13
IMU1,11044,111105279,67,-406,2040,13,-25,-14
IMU1,11045,111114803,73,-404,2035,14,-25,-10
IMU1,11046,111124853,77,-396,2034,14,-25,-7
IMU1,11047,111134184,76,-393,2033,20,-24,-2
IMU1,11048,111144050,75,-397,2039,11,-27,8
IMU1,11049,111153296,86,-402,2039,9,-27,4
IMU1,11050,111162861,88,-401,2033,14,-26,-6
IMU1,11051,111172725,96,-400,2031,13,-27,-3
IMU1,11052,111182066,102,-404,2033,8,-25,-5
IMU1,11053,111191930,102,-409,2032,3,-20,-11
IMU1,11054,111201479,90,-414,2038,2,-18,-16
IMU1,11055,111211338,86,-415,2045,-1,-17,-16
IMU1,11056,111220770,78,-416,2051,3,-14,-19
IMU1,11057,111230634,78,-413,2049,12,-20,-14
IMU1,11058,111240181,74,-407,2047,20,-23,-12
IMU1,11059,111249711,78,-400,2034,22,-22,-10
IMU1,11060,111259244,84,-394,2028,22,-23,-5
IMU1,11061,111269097,92,-394,2018,24,-21,-6
IMU1,11062,111278441,100,-395,2018,17,-28,-2
IMU1,11063,111287979,105,-399,2025,13,-26,-11
IMU1,11064,111297728,106,-399,2033,8,-24,-15
IMU1,11065,111307269,107,-411,2039,5,-20,-22
IMU1,11066,111316816,99,-413,2043,5,-17,-24
IMU1,11067,111326675,92,-417,2045,4,-14,-26
IMU1,11068,111336029,81,-417,2047,-1,-13,-23
IMU1,11069,111345979,73,-412,2047,7,-10,-20
IMU1,11070,111355329,75,-404,2044,7,-14,-10
IMU1,11071,111365203,79,-406,2040,12,-15,-17
IMU1,11072,111374731,79,-397,2039,20,-11,-25
IMU1,11073,111384274,82,-398,2034,20,-18,-17
IMU1,11074,111393821,77,-397,2030,19,-19,-14
IMU1,11075,111403368,82,-398,2027,19,-19,-14
IMU1,11076,111412913,85,-404,2030,17,-17,-19
IMU1,11077,111422947,88,-399,2035,15,-17,-21
IMU1,11078,111432477,90,-403,2035,7,-19,-23
IMU1,11079,111441802,89,-404,2039,6,-16,-27
IMU1,11080,111451647,85,-407,2045,6,-19,-27
IMU1,11081,111460974,91,-403,2043,6,-20,-27
IMU1,11082,111470821,85,-403,2041,12,-15,-30
IMU1,11083,111480347,83,-400,2037,13,-16,-26
IMU1,11084,111489868,86,-400,2039,14,-19,-25
IMU1,11085,111499910,82,-400,2035,14,-18,-26
IMU1,11086,111512192,76,-398,2039,21,-24,-25
IMU1,11087,111521737,77,-395,2039,19,-29,-25
IMU1,11088,111531269,83,-394,2035,16,-31,-21
IMU1,11089,111540806,90,-392,2036,16,-33,-20
IMU1,11090,111550333,89,-394,2032,18,-30,-23
IMU1,11091,111559882,93,-393,2031,13,-23,-24
IMU1,11092,111569423,91,-397,2033,7,-26,-25
IMU1,11093,111578770,93,-401,2034,5,-27,-27
IMU1,11094,111588108,89,-404,2040,5,-24,-32
IMU1,11095,111597443,86,-407,2039,6,-22,-34
IMU1,11096,111606780,81,-406,2036,11,-21,-35
IMU1,11097,111616315,72,-408,2036,16,-21,-37
IMU1,11098,111625835,73,-407,2039,20,-25,-35
IMU1,11099,111635366,80,-403,2039,23,-28,-33
IMU1,11100,111644892,95,-402,2036,20,-29,-33
IMU1,11101,111654420,106,-405,2041,19,-28,-39
IMU1,11102,111664142,109,-403,2044,18,-25,-45
IMU1,11103,111673868,110,-406,2049,14,-28,-45
IMU1,11104,111683598,100,-407,2043,14,-28,-49
IMU1,11105,111693322,101,-402,2038,9,-26,-51
IMU1,11106,111702854,98,-408,2033,4,-26,-51
IMU1,11107,111712196,88,-407,2036,3,-19,-53
IMU1,11108,111721533,91,-414,2032,5,-22,-50
IMU1,11109,111730877,91,-413,2034,7,-25,-50
IMU1,11110,111740230,97,-414,2029,12,-26,-50
IMU1,11111,111749767,92,-413,2036,13,-27,-48
IMU1,11112,111759296,93,-414,2036,15,-32,-46
IMU1,11113,111768845,105,-404,2036,22,-34,-46
IMU1,11114,111778581,34,-374,2058,25,-34,-42
IMU1,11115,111788122,118,-413,2027,28,-38,-21
IMU1,11116,111797864,132,-413,2028,28,-36,-12
IMU1,11117,111807606,133,-388,2044,23,-38,-10
IMU1,11118,111817357,130,-392,2031,21,-32,-13
IMU1,11119,111827114,141,-399,2027,16,-24,-14
IMU1,11120,111836862,121,-396,2035,10,-25,-18
IMU1,11121,111846596,111,-395,2040,8,-24,-18
IMU1,11122,111856127,105,-402,2044,5,-23,-14
IMU1,11123,111865659,115,-396,2044,8,-29,-4
IMU1,11124,111874999,123,-386,2042,13,-34,1
IMU1,11125,111884441,133,-376,2037,14,-35,3
IMU1,11126,111893889,119,-375,2036,7,-27,0
IMU1,11127,111903561,147,-393,2029,5,-19,5
IMU1,11128,111913334,138,-389,2035,-1,-16,14
IMU1,11129,111922879,130,-400,2036,-1,-11,24
IMU1,11130,111932430,132,-403,2034,4,-6,34
IMU1,11131,111942208,135,-434,2048,13,9,45
IMU1,11132,111951568,177,-466,2028,14,13,65
IMU1,11133,111961124,129,-433,2066,25,16,70
IMU1,11134,111970685,88,-391,2078,29,9,86
IMU1,11135,111980369,163,-449,2029,41,6,94
IMU1,11136,111990248,151,-444,2037,39,12,89
IMU1,11137,111999809,152,-392,2026,28,20,80
IMU1,11138,112009386,155,-375,2039,25,19,76
IMU1,11139,112018932,170,-387,1978,16,24,70
IMU1,11140,112028479,148,-370,2014,3,30,64
IMU1,11141,112038343,139,-369,2014,-9,30,63
IMU1,11142,112047791,124,-380,2021,-15,46,63
IMU1,11143,112057432,93,-409,2033,-19,54,74
IMU1,11144,112066881,54,-428,2073,-16,55,89
IMU1,11145,112076826,68,-416,2106,-4,41,106
IMU1,11146,112086247,68,-394,2096,11,31,111
IMU1,11147,112095791,29,-382,2066,12,36,110
IMU1,11148,112105345,21,-349,2053,10,50,115
IMU1,11149,112115410,54,-354,2049,3,58,121
IMU1,11150,112124758,53,-384,2065,1,55,117
IMU1,11151,112134644,29,-407,2046,15,66,112
IMU1,11152,112144176,-15,-428,2029,24,78,120
IMU1,11153,112153807,-74,-416,2009,46,75,119
IMU1,11154,112163441,-119,-427,2036,53,59,122
IMU1,11155,112173276,-30,-396,2076,71,43,109
IMU1,11156,112182927,35,-354,2077,83,43,73
IMU1,11157,112192280,70,-362,1980,75,64,24
IMU1,11158,112201623,-18,-350,1955,45,77,-27
IMU1,11159,112211156,-32,-376,2011,8,77,-72
IMU1,11160,112221034,-68,-425,2053,-5,90,-109
IMU1,11161,112230674,-125,-434,2005,19,109,-134
IMU1,11162,112240790,-243,-463,1948,49,95,-142
IMU1,11163,112250715,-143,-435,2036,92,80,-142
IMU1,11164,112260659,-91,-407,2077,154,32,-151
IMU1,11165,112270595,5,-363,2083,218,-17,-156
IMU1,11166,112280333,93,-393,2101,259,-37,-166
IMU1,11167,112290268,64,-491,2177,263,-26,-177
IMU1,11168,112300202,9,-595,2186,235,16,-166
IMU1,11169,112309853,-251,-676,1947,177,89,-140
IMU1,11170,112319990,-294,-636,1677,98,79,-92
IMU1,11171,112329764,28,-437,1980,43,47,-73
IMU1,11172,112339207,227,-237,2179,80,-7,-111
IMU1,11173,112348939,-37,-375,2031,159,-52,-203
IMU1,11174,112358976,-138,-486,2002,208,-127,-305
IMU1,11175,112369403,-179,-540,2024,226,-198,-347
IMU1,11176,112379839,-153,-601,2113,228,-214,-323
IMU1,11177,112390293,162,-750,2532,214,-149,-258
IMU1,11178,112400648,-251,-815,2604,248,41,-169
IMU1,11179,112410760,-598,-1112,2071,311,215,-6
IMU1,11180,112420918,-749,-1039,2024,321,208,235
IMU1,11181,112431363,294,-181,1956,356,89,519
IMU1,11182,112442360,52,359,2273,477,-160,633
IMU1,11183,112452319,564,255,2062,530,-100,421
IMU1,11184,112462474,799,18,1757,484,-22,112
IMU1,11185,112472228,369,-133,1937,318,-33,-95
IMU1,11186,112482180,-298,-480,2619,194,31,-139
IMU1,11187,112492315,-153,-250,3002,261,157,-80
IMU1,11188,112502465,-170,-131,2865,495,267,-66
IMU1,11189,112515351,70,-155,3245,779,242,-80
IMU1,11190,112525206,-58,26,3178,1170,249,-142
IMU1,11191,112535263,81,68,1175,1454,258,-170
IMU1,11192,112545226,1195,-255,403,1287,28,-198
IMU1,11193,112555474,404,-202,1238,891,-410,-366
IMU1,11194,112565833,-24,21,1592,571,-528,-353
IMU1,11195,112576829,-120,-89,1658,13,-100,-241
IMU1,11196,112586853,-88,-157,1920,-286,201,-271
IMU1,11197,112597098,29,-75,2077,-543,545,-345
IMU1,11198,112607066,155,99,2104,-777,959,-441
IMU1,11199,112617141,255,-30,2080,-1046,1446,-578
IMU1,11200,112627692,133,-121,2211,-1334,1910,-724
IMU1,11201,112638445,49,-252,2073,-1619,2419,-841
IMU1,11202,112648994,-75,-628,2090,-1906,2839,-955
IMU1,11203,112659622,-163,-772,2222,-2143,3213,-1039
IMU1,11204,112670642,-177,-836,2076,-2327,3645,-1134
IMU1,11205,112681673,-562,-980,2173,-2483,4340,-1465
IMU1,11206,112692694,-1025,-530,1779,-2605,4655,-1605
IMU1,11207,112703907,-765,-703,2176,-2640,5026,-1729
IMU1,11208,112714957,-683,-1072,2089,-2539,5380,-1945
IMU1,11209,112726196,-825,-1113,1825,-2362,5624,-2193
IMU1,11210,112737431,-1385,-981,1452,-2155,5767,-2389
IMU1,11211,112748662,-1270,-1168,1260,-1953,5910,-2473
IMU1,11212,112760107,-791,-1361,1523,-1422,6660,-2542
IMU1,11213,112771344,-854,-900,1210,-972,7027,-2650
IMU1,11214,112782175,-1129,-1244,1665,-506,7088,-2724
IMU1,11215,112793401,-1250,-1115,350,23,6400,-2716
IMU1,11216,112804147,-2146,-567,796,329,5104,-2608
IMU1,11217,112814878,-2239,-950,940,610,3524,-2317
IMU1,11218,112825632,-1952,-622,1071,835,1904,-1890
IMU1,11219,112836564,-1394,-627,1045,1027,-392,-929
IMU1,11220,112847390,-1483,-862,1180,1060,-977,-560
IMU1,11221,112858206,-1379,-1045,1187,1090,-1251,-210
IMU1,11222,112869427,-1175,-1123,1003,1099,-1379,91
IMU1,11223,112880359,-1175,-1142,849,1057,-1413,303
IMU1,11224,112891292,-1161,-1168,911,968,-1318,457
IMU1,11225,112902021,-929,-1189,971,883,-1082,553
IMU1,11226,112913594,-1360,-1268,1058,733,-188,646
IMU1,11227,112924325,-1538,-1036,1250,654,368,756
IMU1,11228,112934964,-1728,-486,1506,620,845,879
IMU1,11229,112945402,-1880,-983,1674,656,1030,1009
IMU1,11230,112956240,-1657,-1237,1184,698,867,1122
IMU1,11231,112967082,-1731,-1262,1164,633,469,1198
IMU1,11232,112977934,-1885,-1377,1174,536,-69,1289
IMU1,11233,112988656,-1775,-1374,1362,446,-657,1372
IMU1,11234,113000097,-1619,-1078,1232,376,-1753,1316
IMU1,11235,113011226,-1555,-979,1289,376,-2149,1200
IMU1,11236,113022153,-1462,-996,1408,407,-2332,1030
IMU1,11237,113033102,-1412,-1099,1488,461,-2355,848
IMU1,11238,113044051,-1257,-1148,1594,514,-2152,671
IMU1,11239,113055008,-1079,-1149,1440,521,-1519,499
IMU1,11240,113065937,-1426,-1065,888,413,-498,341
IMU1,11241,113076974,-1344,-943,1009,-54,1303,152
IMU1,11242,113087497,-1450,-991,1243,-227,1687,66
IMU1,11243,113098031,-1383,-982,1201,-313,1759,1
IMU1,11244,113108371,-1269,-1005,1212,-362,1702,-60
IMU1,11245,113119201,-1211,-1056,1189,-395,1596,-117
IMU1,11246,113130245,-1139,-1026,1107,-417,1449,-162
IMU1,11247,113141263,-1115,-973,1068,-436,1274,-205
IMU1,11248,113152101,-1079,-949,1041,-445,1106,-251
IMU1,11249,113163432,-895,-809,953,-407,836,-352
IMU1,11250,113173660,-837,-765,925,-383,775,-411
IMU1,11251,113183896,-826,-698,923,-344,791,-473
IMU1,11252,113194141,-750,-732,808,-297,824,-511
IMU1,11253,113204379,-735,-768,727,-271,825,-522
IMU1,11254,113214611,-728,-675,712,-259,810,-504
IMU1,11255,113224843,-734,-504,728,-249,789,-481
IMU1,11256,113235068,-771,-379,604,-237,707,-456
IMU1,11257,113245311,-635,-461,485,-234,572,-415
IMU1,11258,113255551,-1097,-723,1068,-227,377,-307
IMU1,11259,113266182,-1785,-576,1121,-124,69,-14
IMU1,11260,113276409,-1625,-312,662,-17,-262,392
IMU1,11261,113286639,-1401,-582,597,17,-533,748
IMU1,11262,113296774,-1950,-1263,540,30,-754,1102
IMU1,11263,113307834,-1466,-923,642,-11,-647,1955
IMU1,11264,113318261,-1283,-803,818,-74,-218,2156
IMU1,11265,113328690,-1310,-876,887,-139,441,2204
IMU1,11266,113339222,-1436,-989,865,-209,1122,2172
IMU1,11267,113349959,-1637,-1025,919,-295,1630,2109
IMU1,11268,113360902,-1719,-1006,933,-369,1865,2022
IMU1,11269,113371835,-1891,-1006,892,-442,1734,1916
IMU1,11270,113382792,-1790,-892,943,-505,1431,1783
IMU1,11271,113393533,-1993,-898,702,-612,864,1362
IMU1,11272,113404084,-2210,-784,628,-685,648,1127
IMU1,11273,113414632,-2260,-607,512,-744,570,900
IMU1,11274,113424981,-2407,-513,318,-790,755,651
IMU1,11275,113435329,-2551,-643,196,-825,991,369
IMU1,11276,113445674,-2747,-647,135,-849,1144,110
IMU1,11277,113456210,-2546,-518,290,-820,1266,-137
IMU1,11278,113466857,-2498,-592,427,-723,1214,-393
IMU1,11279,113477500,-2270,-704,571,-576,971,-592
IMU1,11280,113487950,-2175,-735,565,-401,686,-685
IMU1,11281,113498386,-2168,-655,537,-213,452,-672
IMU1,11282,113509863,-2006,-543,480,98,88,-511
IMU1,11283,113522359,-1908,-645,418,183,-48,-447
IMU1,11284,113532589,-1842,-686,431,224,-88,-416
IMU1,11285,113542823,-1797,-729,445,215,-32,-390
IMU1,11286,113553049,-1770,-748,458,172,78,-380
IMU1,11287,113563186,-1817,-771,496,99,184,-369
IMU1,11288,113573325,-1767,-777,476,18,261,-362
IMU1,11289,113583464,-1744,-781,492,-84,306,-355
IMU1,11290,113593706,-1813,-791,460,-190,362,-322
IMU1,11291,113604144,-1898,-850,398,-297,414,-223
IMU1,11292,113615615,-1994,-827,380,-461,501,-26
IMU1,11293,113625849,-2000,-815,322,-521,543,44
IMU1,11294,113635971,-2016,-829,306,-562,585,97
IMU1,11295,113646116,-1998,-854,301,-583,613,121
IMU1,11296,113656463,-1986,-870,269,-579,602,115
IMU1,11297,113666810,-1973,-841,250,-567,551,88
IMU1,11298,113676936,-1951,-808,248,-549,458,52
IMU1,11299,113687061,-1938,-802,221,-524,333,16
IMU1,11300,113697182,-1935,-783,210,-486,202,-15
IMU1,11301,113707411,-1932,-773,182,-436,87,-43
IMU1,11302,113717440,-1899,-780,173,-376,-11,-67
IMU1,11303,113727567,-1894,-761,197,-315,-90,-97
IMU1,11304,113737709,-1898,-748,208,-241,-175,-127
IMU1,11305,113748229,-1911,-745,220,-165,-266,-147
IMU1,11306,113758756,-1878,-805,216,-85,-367,-168
IMU1,11307,113769082,-1895,-755,268,11,-364,-143
IMU1,11308,113779310,-1900,-732,273,51,-352,-110
IMU1,11309,113789550,-1880,-748,273,79,-349,-91
IMU1,11310,113799593,-1924,-757,271,91,-351,-76
IMU1,11311,113809642,-1915,-786,290,88,-346,-54
IMU1,11312,113819683,-1915,-814,302,70,-324,-37
IMU1,11313,113829726,-1908,-839,317,49,-290,-35
IMU1,11314,113839777,-1908,-851,325,25,-244,-45
IMU1,11315,113849822,-1888,-854,341,3,-192,-61
IMU1,11316,113859661,-1907,-852,364,1,-142,-85
IMU1,11317,113869507,-1951,-855,332,13,-99,-103
IMU1,11318,113879531,-1979,-851,321,28,-63,-108
IMU1,11319,113889562,-2008,-848,113,37,-27,-100
IMU1,11320,113899586,-1987,-859,190,-7,50,-82
IMU1,11321,113909222,-2060,-824,147,-63,164,-64
IMU1,11322,113919260,-2031,-899,271,-104,237,-47
IMU1,11323,113929511,-2038,-952,196,-111,262,-50
IMU1,11324,113939753,-2087,-954,94,-114,258,-63
IMU1,11325,113949792,-2088,-880,153,-138,350,-68
IMU1,11326,113960026,-2059,-943,250,-141,479,-71
IMU1,11327,113971300,-2098,-954,221,-65,535,-94
IMU1,11328,113981332,-2012,-937,214,-44,538,-91
IMU1,11329,113991379,-1960,-951,200,-23,563,-108
IMU1,11330,114001619,-2002,-966,164,-20,597,-136
IMU1,11331,114011843,-2008,-984,131,-29,616,-157
IMU1,11332,114022085,-1997,-990,156,-44,620,-178
IMU1,11333,114032334,-1992,-999,173,-61,618,-201
IMU1,11334,114042582,-1999,-1001,171,-76,602,-221
IMU1,11335,114053016,-1949,-1005,189,-91,576,-239
IMU1,11336,114063451,-1907,-999,219,-97,565,-261
IMU1,11337,114073691,-1870,-993,225,-98,565,-279
IMU1,11338,114083917,-1813,-980,214,-105,564,-297
IMU1,11339,114094344,-1810,-971,217,-107,561,-317
IMU1,11340,114104780,-1771,-951,183,-117,557,-335
IMU1,11341,114115222,-1769,-931,179,-173,533,-316
IMU1,11342,114125651,-1764,-921,177,-204,525,-292
IMU1,11343,114136076,-1709,-914,154,-236,512,-303
IMU1,11344,114146522,-1701,-875,182,-274,495,-318
IMU1,11345,114156967,-1688,-862,209,-307,470,-316
IMU1,11346,114167403,-1678,-877,216,-329,416,-304
IMU1,11347,114177843,-1649,-863,183,-348,347,-284
IMU1,11348,114188261,-1647,-843,170,-365,281,-261
IMU1,11349,114198685,-1641,-818,159,-382,231,-233
IMU1,11350,114209118,-1656,-804,148,-393,198,-199
IMU1,11351,114219553,-1638,-812,134,-394,177,-163
IMU1,11352,114231024,-1589,-781,128,-374,146,-93
IMU1,11353,114241281,-1579,-775,115,-349,136,-68
IMU1,11354,114251513,-1569,-763,90,-326,122,-62
IMU1,11355,114261564,-1561,-751,45,-299,107,-60
IMU1,11356,114271613,-1554,-760,9,-292,90,-58
IMU1,11357,114281276,-1613,-776,7,-289,49,-58
IMU1,11358,114290910,-1603,-756,-28,-280,13,-62
IMU1,11359,114300842,-1688,-794,-6,-279,-54,-52
IMU1,11360,114310674,-1694,-771,-14,-268,-129,-29
IMU1,11361,114320894,-1693,-795,-33,-245,-186,-14
IMU1,11362,114331108,-1696,-796,-29,-224,-207,-3
IMU1,11363,114341137,-1730,-783,-30,-197,-194,2
IMU1,11364,114351072,-1748,-804,-49,-169,-175,17
IMU1,11365,114361201,-1791,-798,-45,-140,-174,36
IMU1,11366,114371331,-1801,-795,-55,-107,-190,60
IMU1,11367,114381464,-1812,-795,-67,-77,-208,85
IMU1,11368,114391393,-1830,-784,-87,-50,-219,107
IMU1,11369,114401532,-1844,-792,-96,-35,-220,129
IMU1,11370,114411658,-1871,-806,-81,-26,-224,148
IMU1,11371,114421783,-1880,-866,-50,-13,-227,165
IMU1,11372,114432946,-1904,-881,-32,1,-224,198
IMU1,11373,114442781,-1902,-889,-9,8,-213,208
IMU1,11374,114452417,-1917,-924,20,13,-210,214
IMU1,11375,114462367,-1916,-935,51,19,-208,208
IMU1,11376,114472324,-1893,-933,47,20,-218,204
IMU1,11377,114482269,-1872,-912,32,9,-246,200
IMU1,11378,114492022,-1865,-891,18,-13,-268,194
IMU1,11379,114502057,-1866,-884,-11,-48,-275,195
IMU1,11380,114512196,-1843,-876,-25,-84,-277,199
IMU1,11381,114524886,-1769,-845,3,-125,-257,209
IMU1,11382,114534907,-1779,-846,-44,-158,-178,202
IMU1,11383,114545231,-1888,-885,-51,-191,-189,222
IMU1,11384,114555566,-1875,-791,-56,-211,-241,274
IMU1,11385,114565916,-1888,-780,-118,-227,-259,334
IMU1,11386,114576971,-1857,-754,-177,-295,-83,461
IMU1,11387,114587304,-1924,-821,-174,-345,-26,532
IMU1,11388,114597630,-1878,-764,-111,-377,-6,594
IMU1,11389,114607781,-1886,-798,-67,-386,18,646
IMU1,11390,114617830,-1906,-813,-76,-383,59,689
IMU1,11391,114627881,-1964,-811,-106,-376,81,719
IMU1,11392,114638121,-1982,-814,-121,-367,71,733
IMU1,11393,114648367,-2002,-808,-160,-364,50,724
IMU1,11394,114658597,-2025,-803,-187,-370,43,700
IMU1,11395,114668838,-2048,-785,-201,-383,50,669
IMU1,11396,114679082,-2076,-772,-192,-402,61,635
IMU1,11397,114689347,-2121,-765,-167,-406,82,600
IMU1,11398,114699554,-2032,-704,-180,-402,123,553
IMU1,11399,114709975,-2154,-732,-242,-390,164,480
IMU1,11400,114721442,-2148,-684,-262,-379,12,404
IMU1,11401,114731655,-2140,-672,-263,-349,-43,365
IMU1,11402,114741972,-2012,-647,-257,-305,6,300
IMU1,11403,114752000,-2078,-716,-290,-255,80,229
IMU1,11404,114762214,-2113,-704,-304,-196,69,182
IMU1,11405,114772452,-2078,-652,-225,-142,3,149
IMU1,11406,114782482,-2050,-684,-184,-82,-86,117
IMU1,11407,114792599,-2047,-686,-149,-27,-173,89
IMU1,11408,114802714,-2015,-707,-131,20,-245,72
IMU1,11409,114812745,-2046,-672,-116,52,-292,66
IMU1,11410,114822781,-2055,-666,-139,62,-323,65
IMU1,11411,114832804,-2075,-676,-165,49,-360,78
IMU1,11412,114842826,-2068,-619,-129,16,-383,105
IMU1,11413,114853056,-2103,-659,-188,-32,-351,132
IMU1,11414,114863380,-2178,-714,-211,-93,-333,189
IMU1,11415,114873711,-2172,-659,-176,-162,-317,248
IMU1,11416,114884754,-2262,-391,-57,-284,-174,397
IMU1,11417,114895087,-2058,-934,-306,-354,-119,436
IMU1,11418,114905619,-2069,-701,9,-432,-38,461
IMU1,11419,114915448,-2089,-604,40,-437,131,479
IMU1,11420,114925587,-2061,-656,-11,-426,186,486
IMU1,11421,114935817,-2049,-582,46,-413,130,468
IMU1,11422,114945962,-2008,-602,16,-391,44,432
IMU1,11423,114955892,-2003,-582,16,-378,-30,370
IMU1,11424,114965930,-2040,-511,0,-372,-66,334
IMU1,11425,114975669,-2069,-457,-16,-369,-87,306
IMU1,11426,114985805,-2068,-440,-63,-371,-133,274
IMU1,11427,114996134,-2056,-461,-111,-373,-178,244
IMU1,11428,115006660,-2020,-482,-104,-381,-178,222
IMU1,11429,115017189,-2001,-364,-85,-386,-122,200
IMU1,11430,115027511,-2025,-215,-138,-386,-43,180
IMU1,11431,115038882,-1967,-505,-59,-406,-28,144
IMU1,11432,115049012,-1984,-341,38,-394,-68,118
IMU1,11433,115059050,-2001,-402,14,-346,-106,97
IMU1,11434,115069085,-1987,-388,21,-289,-147,92
IMU1,11435,115079130,-1988,-398,5,-228,-215,74
IMU1,11436,115088981,-1970,-435,5,-180,-285,51
IMU1,11437,115098819,-2017,-339,26,-149,-316,35
IMU1,11438,115108855,-1959,-419,-5,-123,-306,35
IMU1,11439,115118788,-1994,-395,-47,-126,-252,30
IMU1,11440,115128928,-1964,-358,-44,-150,-190,26
IMU1,11441,115139059,-1959,-346,-92,-186,-143,19
IMU1,11442,115149187,-1960,-339,-79,-238,-96,23
IMU1,11443,115159119,-1962,-348,-50,-290,-61,37
IMU1,11444,115169061,-1960,-350,-39,-327,-48,55
IMU1,11445,115178998,-1934,-352,-8,-351,-56,81
IMU1,11446,115188749,-1950,-382,48,-361,-57,101
IMU1,11447,115198794,-1931,-388,46,-360,-60,122
IMU1,11448,115208847,-1924,-398,45,-359,-74,134
IMU1,11449,115218861,-1911,-401,42,-360,-84,136
IMU1,11450,115228885,-1923,-399,58,-375,-85,136
IMU1,11451,115238899,-1918,-390,25,-388,-78,136
IMU1,11452,115250493,-1935,-376,4,-440,-58,147
IMU1,11453,115260325,-1934,-372,-9,-470,-44,158
IMU1,11454,115270255,-1931,-362,24,-513,-30,166
IMU1,11455,115280283,-1930,-382,52,-541,-24,168
IMU1,11456,115290303,-1918,-388,59,-555,-36,171
IMU1,11457,115300344,-1905,-383,57,-556,-52,168
IMU1,11458,115310387,-1892,-374,54,-559,-68,160
IMU1,11459,115320428,-1889,-365,45,-556,-81,150
IMU1,11460,115330460,-1895,-372,36,-550,-91,140
IMU1,11461,115340499,-1911,-370,42,-548,-115,137
IMU1,11462,115350743,-1912,-353,43,-541,-150,140
IMU1,11463,115360975,-1913,-340,43,-537,-171,140
IMU1,11464,115371189,-1922,-327,33,-545,-176,139
IMU1,11465,115381412,-1948,-310,15,-556,-179,140
IMU1,11466,115391642,-1955,-316,18,-580,-186,150
IMU1,11467,115401880,-1969,-306,27,-599,-189,166
IMU1,11468,115412102,-1979,-296,16,-619,-191,188
IMU1,11469,115423367,-2014,-272,-2,-659,-210,230
IMU1,11470,115433491,-2008,-256,-18,-677,-226,248
IMU1,11471,115443809,-2007,-236,-22,-702,-235,257
IMU1,11472,115454132,-2005,-227,-28,-723,-228,260
IMU1,11473,115464457,-2009,-206,-4,-732,-215,260
IMU1,11474,115474574,-2011,-187,27,-733,-203,261
IMU1,11475,115484795,-2013,-199,74,-718,-213,249
IMU1,11476,115495034,-2007,-193,116,-693,-266,225
IMU1,11477,115505467,-1987,-163,124,-653,-362,182
IMU1,11478,115515896,-2004,-133,121,-618,-473,125
IMU1,11479,115528878,-2098,-80,102,-537,-629,18
IMU1,11480,115538898,-2197,5,41,-501,-685,-7
IMU1,11481,115548324,-2322,117,-53,-471,-689,-12
IMU1,11482,115558439,-2502,296,-101,-450,-609,22
IMU1,11483,115568658,-2691,464,-215,-412,-495,106
IMU1,11484,115579069,-2789,652,-401,-365,-415,215
IMU1,11485,115589494,-3032,1033,-519,-306,-395,289
IMU1,11486,115600133,-3419,1423,-680,-214,-403,384
IMU1,11487,115610750,-3851,1812,-880,-69,-376,509
IMU1,11488,115621177,-4264,2228,-1108,139,-274,670
IMU1,11489,115631920,-4447,2583,-1469,404,-165,828
IMU1,11490,115642653,-4457,2953,-1708,704,-72,904
IMU1,11491,115653208,-4265,3525,-1729,1077,87,678
IMU1,11492,115663850,-4137,3774,-1467,2232,520,389
IMU1,11493,115674717,-4030,4062,-1377,3080,684,6
IMU1,11494,115685170,-3988,4360,-1487,4024,769,-410
IMU1,11495,115696117,-4027,4626,-1620,4965,821,-789
IMU1,11496,115707060,-4131,4834,-1702,5844,1069,-1057
IMU1,11497,115718412,-4320,4940,-1640,6620,1747,-1163
IMU1,11498,115729743,-4445,5181,-799,7263,2803,-999
IMU1,11499,115740700,-4446,5206,-58,8131,4984,-167
IMU1,11500,115751448,-4369,5176,995,8380,5687,374
IMU1,11501,115762218,-4211,5089,1940,8585,5906,883
IMU1,11502,115773195,-3872,5036,2666,8773,5610,1242
IMU1,11503,115784380,-3652,4970,3448,8936,5013,1413
IMU1,11504,115795558,-3408,4852,4095,9118,4269,1403
IMU1,11505,115806727,-3111,4718,4806,9324,3551,1240
IMU1,11506,115817912,-3037,4513,4928,9636,2898,782
IMU1,11507,115828895,-2953,4311,4934,9684,2884,645
IMU1,11508,115839864,-2690,3926,4960,9612,2865,566
IMU1,11509,115850843,-2145,3397,4968,9431,2759,507
IMU1,11510,115861816,-1542,2713,5126,9163,2446,375
IMU1,11511,115872783,-1362,1984,5216,8881,1897,199
IMU1,11512,115883740,-1088,51,5285,8579,1168,85
IMU1,11513,115894618,-1468,-1097,5405,7779,152,-32
IMU1,11514,115905376,-1738,-2050,4886,7180,29,84
IMU1,11515,115915837,-1697,-2021,2896,6138,-275,185
IMU1,11516,115926801,-1579,-1253,1144,4373,-728,111
IMU1,11517,115937756,-1731,-777,382,2177,-707,-47
IMU1,11518,115948202,-1577,-735,629,156,-109,-89
IMU1,11519,115958446,-1523,-872,1317,-1174,785,-168
IMU1,11520,115969285,-2271,-1131,1458,-1755,1364,7
IMU1,11521,115980009,-1212,-1001,1818,-1790,1311,404
IMU1,11522,115991135,-845,-1017,1865,-957,944,816
IMU1,11523,116001685,-734,-1110,1635,-296,583,678
IMU1,11524,116012203,-1078,-1235,1123,338,84,421
IMU1,11525,116022629,-1409,-1174,734,820,-373,216
IMU1,11526,116033152,-1370,-1014,385,1091,-478,123
IMU1,11527,116043877,-1468,-1103,180,1159,-202,91
IMU1,11528,116054403,-1435,-1147,220,1100,154,66
# swing_peak_seq=11502
IMU1,11529,116064837,-1481,-1161,328,1005,378,3
IMU1,11530,116075064,-1656,-1189,367,927,394,-35
IMU1,11531,116085405,-1796,-1152,333,852,197,-17
IMU1,11532,116096777,-1652,-1136,435,709,-133,109
IMU1,11533,116107300,-1624,-1217,553,695,-170,128
IMU1,11534,116117830,-1629,-1316,593,733,-239,123
IMU1,11535,116128370,-1629,-1329,561,788,-315,87
IMU1,11536,116138696,-1633,-1390,536,815,-357,34
IMU1,11537,116149034,-1693,-1410,508,806,-336,-24
IMU1,11538,116159460,-1761,-1423,468,756,-298,-81
IMU1,11539,116169907,-1834,-1454,469,670,-289,-125
IMU1,11540,116180534,-1891,-1446,459,571,-285,-151
IMU1,11541,116191161,-1912,-1448,484,455,-276,-158
IMU1,11542,116202322,-1926,-1453,548,212,-179,-154
IMU1,11543,116212948,-1934,-1484,592,109,-98,-154
IMU1,11544,116223382,-1944,-1500,601,3,-36,-153
IMU1,11545,116233433,-1967,-1485,581,-120,10,-163
IMU1,11546,116243860,-1984,-1480,605,-269,9,-176
IMU1,11547,116254088,-1995,-1488,620,-419,-49,-202
IMU1,11548,116264610,-1992,-1503,602,-567,-164,-249
IMU1,11549,116275340,-1966,-1502,643,-713,-320,-302
IMU1,11550,116286065,-1931,-1503,731,-839,-461,-362
IMU1,11551,116296801,-1867,-1508,791,-929,-556,-429
IMU1,11552,116308063,-1851,-1487,819,-1072,-653,-601
IMU1,11553,116318995,-1834,-1657,816,-1135,-663,-692
IMU1,11554,116329940,-1867,-1482,1021,-1178,-670,-769
IMU1,11555,116341059,-1792,-1409,1124,-1175,-767,-870
IMU1,11556,116352191,-1887,-1356,1198,-1151,-1006,-1003
IMU1,11557,116363708,-1811,-1247,1263,-1120,-1295,-1147
IMU1,11558,116375234,-2070,-1169,1214,-1098,-1781,-1454
IMU1,11559,116386767,-2040,-1077,1091,-1160,-1937,-1548
IMU1,11560,116398299,-2080,-1053,960,-1286,-1984,-1619
IMU1,11561,116409614,-2108,-1022,906,-1481,-1889,-1646
IMU1,11562,116420924,-2060,-952,911,-1710,-1723,-1644
IMU1,11563,116432055,-1792,-959,1056,-1946,-1550,-1634
IMU1,11564,116443380,-1714,-988,1209,-2339,-1413,-1660
IMU1,11565,116454711,-1658,-1040,1251,-2458,-1524,-1687
IMU1,11566,116466236,-1604,-1117,1226,-2539,-1724,-1702
IMU1,11567,116477778,-1613,-1152,1186,-2607,-1984,-1691
IMU1,11568,116489313,-1679,-1167,1146,-2662,-2268,-1638
IMU1,11569,116500835,-1558,-1199,1023,-2745,-2738,-1429
IMU1,11570,116512362,-1364,-1236,937,-2802,-2857,-1336
IMU1,11571,116523686,-1238,-1199,973,-2855,-2972,-1298
IMU1,11572,116537576,-1178,-1067,1040,-2882,-3098,-1280
IMU1,11573,116549106,-1235,-1045,1019,-2858,-3336,-1203
IMU1,11574,116560644,-1314,-1041,902,-2816,-3471,-1114
IMU1,11575,116571972,-1388,-1068,809,-2793,-3602,-965
IMU1,11576,116583113,-1477,-1062,690,-2780,-3724,-777
IMU1,11577,116594254,-1537,-1005,570,-2784,-3863,-563
IMU1,11578,116605392,-1454,-687,414,-2799,-4258,-169
IMU1,11579,116616332,-1414,-594,309,-2835,-4461,-20
IMU1,11580,116627074,-1388,-546,181,-2860,-4608,103
IMU1,11581,116637923,-1390,-572,65,-2908,-4685,219
IMU1,11582,116648572,-1449,-557,58,-2968,-4684,351
IMU1,11583,116659217,-1538,-503,74,-3030,-4611,513
IMU1,11584,116669857,-1628,-461,78,-3073,-4525,698
IMU1,11585,116680498,-1757,-423,17,-3109,-4490,894
IMU1,11586,116691135,-1906,-347,-196,-3142,-4555,1089
IMU1,11587,116702290,-2121,-251,-308,-3214,-4848,1473
IMU1,11588,116713429,-2194,-224,-380,-3265,-4885,1655
IMU1,11589,116724570,-2200,-299,-471,-3317,-4754,1816
IMU1,11590,116735725,-2084,-492,-432,-3369,-4490,1953
IMU1,11591,116746875,-1994,-485,-166,-3380,-4104,2052
IMU1,11592,116757999,-2011,-351,42,-3325,-3583,2109
IMU1,11593,116768838,-2174,-65,192,-3230,-2547,2089
IMU1,11594,116779668,-2276,-65,226,-3031,-2262,2042
IMU1,11595,116790512,-2411,-140,171,-2884,-2182,1988
IMU1,11596,116801544,-2464,-100,292,-2714,-2288,1979
IMU1,11597,116812575,-2429,8,324,-2487,-2420,1995
IMU1,11598,116823119,-2388,28,280,-2213,-2494,1995
IMU1,11599,116833865,-2449,34,206,-1933,-2518,1982
IMU1,11600,116844602,-2504,66,106,-1675,-2474,1985
IMU1,11601,116855335,-2520,88,50,-1451,-2328,2063
IMU1,11602,116865875,-2505,164,35,-1074,-1627,2139
IMU1,11603,116876598,-2533,222,96,-918,-1086,2230
IMU1,11604,116887151,-2571,215,226,-794,-511,2341
IMU1,11605,116897693,-2602,234,296,-690,11,2448
IMU1,11606,116907922,-2566,238,317,-625,369,2526
IMU1,11607,116918369,-2561,194,348,-601,500,2540
IMU1,11608,116928818,-2530,117,370,-593,432,2492
IMU1,11609,116939263,-2529,60,345,-601,241,2393
IMU1,11610,116949521,-2507,54,370,-613,28,2263
IMU1,11611,116959573,-2447,26,422,-612,-121,2119
IMU1,11612,116969924,-2378,-58,501,-602,-167,1967
IMU1,11613,116980355,-2166,-10,510,-569,-119,1603
IMU1,11614,116990787,-2199,7,371,-523,126,1360
IMU1,11615,117000835,-2809,-340,695,-566,254,1131
IMU1,11616,117011365,-2833,-400,846,-561,314,1068
IMU1,11617,117021900,-2775,-299,863,-466,278,1078
IMU1,11618,117032451,-2677,-48,534,-344,132,1055
IMU1,11619,117042789,-2769,-46,287,-277,-116,985
IMU1,11620,117053029,-2498,-114,413,-271,-394,906
IMU1,11621,117063473,-2816,-227,679,-232,-599,747
IMU1,11622,117073923,-2811,-85,348,-139,-674,644
IMU1,11623,117084143,-2612,128,139,-112,-737,586
IMU1,11624,117094491,-2555,150,150,-158,-804,519
IMU1,11625,117104832,-2418,156,323,-214,-807,440
IMU1,11626,117116202,-2323,94,238,-283,-511,212
IMU1,11627,117126353,-2283,157,163,-324,-328,95
IMU1,11628,117136488,-2255,194,151,-375,-182,-20
IMU1,11629,117146714,-2251,199,242,-399,-70,-138
IMU1,11630,117156940,-2233,153,256,-348,-68,-237
IMU1,11631,117167176,-2235,124,250,-226,-181,-311
IMU1,11632,117177617,-2258,95,375,-75,-320,-351
IMU1,11633,117187644,-2215,146,258,66,-394,-331
IMU1,11634,117197783,-2147,264,192,120,-319,-261
IMU1,11635,117208121,-2085,293,172,74,-122,-166
IMU1,11636,117218244,-2082,233,233,9,70,-68
IMU1,11637,117227688,-2087,169,300,-20,153,24
IMU1,11638,117237518,-2039,166,307,-20,156,95
IMU1,11639,117247373,-1990,180,301,-23,142,120
IMU1,11640,117257427,-2005,155,307,-33,132,107
IMU1,11641,117267469,-2029,145,337,-40,116,80
IMU1,11642,117277304,-2036,189,370,-26,96,54
IMU1,11643,117286949,-2025,214,363,-11,93,28
IMU1,11644,117296584,-2039,266,361,11,100,8
IMU1,11645,117306131,-2078,395,391,33,125,-12
IMU1,11646,117315984,-2117,499,418,77,136,-20
IMU1,11647,117325826,-2213,527,284,138,109,-30
IMU1,11648,117336906,-2340,906,243,277,-11,-45
IMU1,11649,117346850,-2393,996,205,390,-143,-71
IMU1,11650,117357007,-2576,1131,78,535,-300,-105
IMU1,11651,117367346,-2720,1329,-231,688,-406,-125
IMU1,11652,117377975,-2824,1637,-497,813,-429,-136
IMU1,11653,117388601,-2948,1938,-606,938,-304,-147
IMU1,11654,117399255,-3055,2308,-715,1103,-26,-158
IMU1,11655,117409912,-3209,2721,-868,1316,322,-162
IMU1,11656,117420645,-3403,3061,-1021,1578,642,-141
IMU1,11657,117431599,-3545,3404,-1105,1897,868,-82
IMU1,11658,117442889,-3671,3906,-1073,2704,1070,66
IMU1,11659,117453745,-3607,4080,-963,3215,1161,116
IMU1,11660,117464587,-3616,4143,-792,3806,1313,118
IMU1,11661,117475457,-3603,4176,-653,4480,1566,106
IMU1,11662,117486305,-3526,4292,-598,5188,1916,63
IMU1,11663,117496977,-3424,4407,-558,5871,2333,-28
IMU1,11664,117507743,-3392,4460,-449,6503,2732,-161
IMU1,11665,117518696,-3489,4665,49,7086,3063,-305
IMU1,11666,117529371,-3572,4682,460,8147,3579,-523
IMU1,11667,117542807,-3660,4641,1052,8661,3824,-630
IMU1,11668,117553885,-3941,4579,1776,9172,4135,-655
IMU1,11669,117564974,-4206,4634,1937,9651,4417,-502
IMU1,11670,117576044,-4302,4802,3110,9988,4490,-285
IMU1,11671,117587116,-4044,4905,3917,10410,4816,147
IMU1,11672,117598296,-3614,4782,3907,10571,5383,308
IMU1,11673,117609490,-3459,5037,3884,10583,5871,394
IMU1,11674,117620672,-3611,5128,4060,10507,5699,373
IMU1,11675,117631841,-3457,5139,4332,10445,4764,261
IMU1,11676,117643030,-2770,4359,4418,10427,3384,2
IMU1,11677,117653805,-1634,2459,5112,10517,1222,-931
IMU1,11678,117665081,-1107,1507,4879,10537,1044,-1294
IMU1,11679,117676538,-1143,587,5129,10420,1113,-1523
IMU1,11680,117687807,-1518,-417,5683,10230,1135,-1528
IMU1,11681,117699176,-1679,-2184,5769,9975,836,-1295
IMU1,11682,117710336,-1601,-2559,4542,9510,-24,-1012
IMU1,11683,117721403,-2953,-134,455,7175,-1476,-229
IMU1,11684,117732264,-2917,549,-798,5155,-1065,498
IMU1,11685,117743026,-2520,480,-732,2907,-180,1229
IMU1,11686,117753788,-1839,187,48,838,702,1725
IMU1,11687,117763952,-1312,-108,1047,-811,1212,1789
IMU1,11688,117774872,-1005,-488,1709,-1928,1259,1473
IMU1,11689,117786002,-734,-1009,2143,-2534,997,976
IMU1,11690,117796741,-537,-1313,2747,-2670,754,479
IMU1,11691,117807495,-1070,-1213,2208,-2379,781,-319
IMU1,11692,117818551,-1546,-1084,1837,-1400,907,-482
IMU1,11693,117829593,-1649,-1059,1958,-931,1024,-463
IMU1,11694,117840633,-2375,-1610,1610,-403,1059,-344
IMU1,11695,117851664,-2459,-1642,941,53,793,-11
IMU1,11696,117861816,-2003,-1302,940,329,230,380
IMU1,11697,117872267,-1559,-1196,1052,506,-294,605
IMU1,11698,117883023,-1146,-1220,1290,659,-587,638
IMU1,11699,117893769,-1415,-1355,812,815,-686,520
# swing_peak_seq=11673
IMU1,11700,117904304,-1602,-1387,646,909,-915,269
IMU1,11701,117914844,-1689,-1425,664,848,-1001,239
IMU1,11702,117925584,-1596,-1426,832,781,-941,238
IMU1,11703,117936152,-1472,-1429,946,745,-776,205
IMU1,11704,117946711,-1432,-1398,1039,735,-593,126
IMU1,11705,117957477,-1454,-1391,1092,736,-446,25
IMU1,11706,117968032,-1516,-1379,1108,731,-345,-67
IMU1,11707,117978650,-1587,-1311,1156,708,-294,-129
IMU1,11708,117989480,-1616,-1275,1242,675,-294,-162
IMU1,11709,118000824,-1577,-1382,1185,621,-388,-212
IMU1,11710,118011652,-1688,-1425,1081,573,-436,-224
IMU1,11711,118022480,-1868,-1450,1015,499,-455,-219
IMU1,11712,118033292,-1933,-1467,1068,390,-455,-151
IMU1,11713,118044118,-1900,-1483,1148,284,-436,-54
IMU1,11714,118054757,-1834,-1493,1224,192,-403,28
IMU1,11715,118065288,-1838,-1494,1267,115,-387,78
IMU1,11716,118075830,-1799,-1468,1250,48,-423,104
IMU1,11717,118086372,-1857,-1439,1180,-25,-631,89
IMU1,11718,118096818,-1854,-1415,1111,-193,-743,83
IMU1,11719,118107445,-1805,-1407,1102,-304,-845,64
IMU1,11720,118118082,-1773,-1407,1124,-405,-919,6
IMU1,11721,118128519,-1760,-1408,1192,-497,-969,-73
IMU1,11722,118139251,-1797,-1402,1143,-574,-998,-163
IMU1,11723,118150176,-1808,-1421,1242,-647,-994,-251
IMU1,11724,118161103,-1717,-1395,1285,-706,-944,-329
IMU1,11725,118172030,-1848,-1417,1395,-755,-905,-403
IMU1,11726,118182957,-1664,-1337,1646,-816,-870,-561
IMU1,11727,118193876,-1739,-1301,1795,-821,-892,-676
IMU1,11728,118204808,-1805,-1300,2013,-795,-951,-780
IMU1,11729,118215745,-1801,-1377,1908,-742,-1062,-870
IMU1,11730,118226880,-1789,-1234,2047,-694,-1216,-950
IMU1,11731,118238017,-1927,-1108,2547,-618,-1340,-1003
IMU1,11732,118249365,-1975,-758,2294,-445,-1413,-1004
IMU1,11733,118260502,-1807,-542,2180,-85,-1848,-940
IMU1,11734,118271240,-1849,-296,1742,44,-2087,-881
IMU1,11735,118281887,-1356,-180,964,65,-2311,-802
IMU1,11736,118292321,-1330,-163,568,-139,-2560,-773
IMU1,11737,118303049,-1499,-103,593,-524,-2744,-732
IMU1,11738,118313783,-1490,-124,649,-1017,-2876,-636
IMU1,11739,118324716,-1270,-126,767,-1560,-3120,-519
IMU1,11740,118335664,-1011,-104,602,-2111,-3505,-413
IMU1,11741,118347133,-737,-100,585,-3229,-4304,-216
IMU1,11742,118357878,-676,-52,366,-3748,-4439,-86
IMU1,11743,118368229,-532,-185,237,-4206,-4221,63
IMU1,11744,118378671,-483,-290,224,-4577,-3817,204
IMU1,11745,118389314,-458,-320,323,-4844,-3402,321
IMU1,11746,118399949,-502,-281,377,-4981,-3056,418
IMU1,11747,118410615,-546,-301,490,-5007,-2773,523
IMU1,11748,118421254,-515,-356,338,-4941,-2509,657
IMU1,11749,118431893,-570,-295,464,-4843,-2204,815
IMU1,11750,118443058,-854,-295,558,-4481,-1833,1216
IMU1,11751,118453901,-1227,-318,612,-4229,-1849,1504
IMU1,11752,118464955,-1445,-344,661,-3948,-1929,1870
IMU1,11753,118475986,-1659,-388,653,-3638,-2028,2277
IMU1,11754,118487035,-1902,-463,487,-3325,-2120,2702
IMU1,11755,118498085,-2227,-824,307,-3044,-2186,3131
IMU1,11756,118509131,-2450,-793,136,-2806,-2254,3575
IMU1,11757,118520179,-2778,-866,80,-2445,-2575,4422
IMU1,11758,118531022,-2074,-632,-408,-2335,-2922,4802
IMU1,11759,118544723,-1266,-312,-242,-2348,-3380,4923
IMU1,11760,118555864,-982,-156,218,-2433,-3773,4696
IMU1,11761,118566719,-1192,-22,207,-2539,-3944,4186
IMU1,11762,118577566,-2114,-272,6,-3151,-3203,3001
IMU1,11763,118588227,-2556,-320,-75,-3661,-2457,2599
IMU1,11764,118599169,-2884,-249,-201,-4129,-1859,2375
IMU1,11765,118610306,-3033,-209,-392,-4500,-1524,2307
IMU1,11766,118621455,-3048,-178,-506,-4774,-1336,2347
IMU1,11767,118632592,-3070,-141,-606,-4950,-1129,2444
IMU1,11768,118643737,-2791,-79,-857,-5055,-829,2557
IMU1,11769,118654487,-2711,-10,-949,-5208,10,2607
IMU1,11770,118664925,-2686,18,-1058,-5255,344,2515
IMU1,11771,118675670,-2633,93,-1014,-5254,433,2374
IMU1,11772,118686428,-2483,206,-851,-5146,292,2196
IMU1,11773,118697172,-2398,346,-754,-4922,28,1976
IMU1,11774,118707733,-2252,509,-895,-4616,-290,1734
IMU1,11775,118718583,-2646,394,-896,-4273,-610,1479
IMU1,11776,118729442,-2374,489,-948,-3884,-898,1324
IMU1,11777,118740287,-2201,664,-806,-3484,-1145,1002
IMU1,11778,118751327,-2145,621,-785,-2622,-956,865
IMU1,11779,118761995,-2303,665,-898,-2194,-624,755
IMU1,11780,118772659,-2181,664,-1124,-1853,-220,691
IMU1,11781,118783507,-2200,662,-899,-1639,292,656
IMU1,11782,118794074,-2119,918,-1230,-1513,842,638
IMU1,11783,118804830,-2445,947,-1217,-1533,1328,643
IMU1,11784,118815754,-2517,797,-1293,-1629,1662,717
IMU1,11785,118826699,-2806,677,-981,-1773,1767,948
IMU1,11786,118837432,-2772,618,-959,-1973,1699,1088
IMU1,11787,118848383,-2895,510,-840,-1983,1676,1213
IMU1,11788,118859310,-2721,431,-819,-1949,1657,1307
IMU1,11789,118870246,-2601,444,-785,-1885,1726,1318
IMU1,11790,118881185,-2565,299,-731,-1785,1831,1244
IMU1,11791,118892128,-2430,309,-525,-1636,1731,1100
IMU1,11792,118903073,-2353,314,-236,-1409,1393,877
IMU1,11793,118914351,-2207,327,-159,-768,433,385
IMU1,11794,118924698,-2118,377,-258,-430,-111,163
IMU1,11795,118935139,-2060,415,-382,-145,-617,-54
IMU1,11796,118945481,-2020,491,-496,42,-974,-252
IMU1,11797,118955714,-2029,506,-560,152,-1146,-420
IMU1,11798,118966354,-2061,519,-647,199,-1193,-552
IMU1,11799,118977007,-2103,548,-706,185,-1178,-626
IMU1,11800,118987652,-2112,559,-705,133,-1097,-643
IMU1,11801,118998302,-2114,563,-647,72,-937,-610
IMU1,11802,119008558,-2124,570,-547,18,-735,-544
IMU1,11803,119018807,-2060,570,-422,-23,-534,-463
IMU1,11804,119029668,-2046,577,-396,-68,-262,-331
IMU1,11805,119040015,-2013,590,-383,-96,-209,-292
IMU1,11806,119050320,-2031,599,-376,-132,-218,-265
IMU1,11807,119060842,-2020,607,-391,-167,-277,-233
IMU1,11808,119071362,-2023,597,-376,-191,-348,-205
IMU1,11809,119081888,-1972,563,-339,-199,-390,-176
IMU1,11810,119092414,-1957,589,-323,-186,-385,-158
IMU1,11811,119102941,-1965,579,-321,-154,-355,-146
IMU1,11812,119113481,-1992,595,-335,-114,-334,-139
IMU1,11813,119124018,-2035,600,-341,-74,-342,-136
IMU1,11814,119134347,-2104,635,-357,-42,-383,-124
IMU1,11815,119145214,-2161,687,-366,-2,-444,-88
IMU1,11816,119155146,-2171,748,-351,30,-468,-61
IMU1,11817,119165206,-2234,822,-363,72,-471,-46
IMU1,11818,119175259,-2310,948,-451,119,-474,-27
IMU1,11819,119185514,-2375,1122,-574,156,-508,-4
IMU1,11820,119195779,-2459,1303,-677,196,-602,14
IMU1,11821,119206127,-2531,1486,-791,265,-794,19
IMU1,11822,119216483,-2604,1696,-941,390,-1078,-10
IMU1,11823,119227117,-2711,1994,-1094,577,-1364,-64
IMU1,11824,119237972,-2712,2265,-1296,838,-1541,-142
IMU1,11825,119249020,-2649,2528,-1577,1160,-1588,-270
IMU1,11826,119260272,-2722,3499,-1975,1942,-1347,-685
IMU1,11827,119271516,-2799,3782,-2064,2421,-998,-919
IMU1,11828,119282591,-2874,4256,-2177,2978,-588,-1119
IMU1,11829,119293850,-2989,4571,-2263,3588,-238,-1277
IMU1,11830,119305114,-3147,4730,-2223,4260,52,-1370
IMU1,11831,119316084,-3105,5015,-2354,4986,377,-1405
IMU1,11832,119327257,-3380,5227,-1937,6480,1074,-1298
IMU1,11833,119338597,-3550,5220,-1505,7243,1586,-1121
IMU1,11834,119349961,-3644,5204,-1076,7958,2175,-875
IMU1,11835,119361129,-3810,5155,-572,8567,2769,-593
IMU1,11836,119372090,-3971,5131,116,9055,3246,-182
IMU1,11837,119382950,-3963,5097,910,9466,3550,254
IMU1,11838,119393747,-3875,5057,2619,9826,3777,676
IMU1,11839,119404734,-3760,4981,3517,10485,3846,1164
IMU1,11840,119416110,-3800,4984,4003,10851,3463,1230
IMU1,11841,119427484,-3585,5043,4155,11149,2797,1145
IMU1,11842,119438866,-3284,5053,4138,11264,2152,868
IMU1,11843,119450043,-2934,4730,4139,11190,1814,443
IMU1,11844,119461213,-2196,3989,4308,10993,1675,-48
IMU1,11845,119472275,-1740,3477,4553,10531,806,-1198
IMU1,11846,119483541,-1583,2824,4619,10388,414,-1778
IMU1,11847,119494802,-1601,2276,4382,10215,182,-2188
IMU1,11848,119506063,-1526,1590,4300,9891,106,-2391
IMU1,11849,119517141,-1704,937,4446,9401,153,-2407
IMU1,11850,119528016,-1981,364,4563,8765,209,-2200
IMU1,11851,119538868,-1638,-315,3793,6871,-60,-1302
IMU1,11852,119552290,-1447,-342,2615,5415,-563,-950
IMU1,11853,119563132,-1679,228,1749,3604,-962,-655
IMU1,11854,119573878,-1680,70,1296,1662,-775,-298
IMU1,11855,119584424,-1145,-134,1347,-109,-67,83
IMU1,11856,119594656,-1015,-370,1657,-1434,985,141
IMU1,11857,119605410,-1105,-883,2344,-2238,1914,203
IMU1,11858,119616363,-289,-726,2962,-2255,1684,-165
IMU1,11859,119627178,-2227,-1395,1978,-1731,1006,-374
IMU1,11860,119638426,-1794,-1090,1693,-1150,-21,-20
IMU1,11861,119649154,-1346,-900,1611,-610,-866,121
IMU1,11862,119659793,-1103,-1063,1512,-80,-1011,135
IMU1,11863,119670639,-1297,-1083,978,340,-699,78
IMU1,11864,119680984,-1482,-1087,573,555,-396,41
IMU1,11865,119691320,-1458,-1137,512,560,-238,61
IMU1,11866,119701663,-1289,-1187,718,452,-102,33
IMU1,11867,119712526,-1253,-1210,823,218,-23,-135
# swing_peak_seq=11841
IMU1,11868,119722957,-1270,-1225,884,166,-110,-250
IMU1,11869,119733596,-1384,-1225,937,178,-168,-344
IMU1,11870,119744239,-1493,-1209,929,216,-200,-366
IMU1,11871,119754874,-1521,-1195,969,270,-224,-327
IMU1,11872,119765529,-1392,-1186,1056,338,-233,-270
IMU1,11873,119776380,-1304,-1178,1103,417,-231,-251
IMU1,11874,119787221,-1379,-1171,1098,483,-229,-273
IMU1,11875,119798067,-1707,-1216,971,513,-248,-205
IMU1,11876,119808713,-1741,-1235,1009,392,-339,-87
IMU1,11877,119819341,-1691,-1269,1050,262,-327,32
IMU1,11878,119829881,-1689,-1313,1108,117,-285,116
IMU1,11879,119840618,-1730,-1356,1124,-33,-271,163
IMU1,11880,119851251,-1787,-1362,1139,-176,-321,189
IMU1,11881,119862075,-1836,-1385,1176,-311,-400,200
IMU1,11882,119872918,-1867,-1388,1192,-428,-466,200
IMU1,11883,119883756,-1902,-1386,1232,-528,-514,186
IMU1,11884,119894611,-1976,-1415,1373,-683,-647,109
IMU1,11885,119905449,-1985,-1425,1365,-741,-778,46
IMU1,11886,119916095,-1973,-1396,1321,-828,-932,-41
IMU1,11887,119926837,-1983,-1384,1331,-940,-1058,-144
IMU1,11888,119937982,-1983,-1365,1380,-1084,-1120,-248
IMU1,11889,119949304,-1959,-1347,1415,-1245,-1131,-354
IMU1,11890,119960644,-1913,-1306,1437,-1424,-1141,-468
IMU1,11891,119971993,-1837,-1164,1520,-1821,-1293,-718
IMU1,11892,119983341,-1817,-1089,1531,-2023,-1404,-838
IMU1,11893,119994694,-1800,-1018,1535,-2236,-1505,-938
IMU1,11894,120006059,-1777,-955,1558,-2453,-1571,-1005
IMU1,11895,120017408,-1761,-883,1596,-2657,-1601,-1044
IMU1,11896,120028722,-1689,-742,1655,-2842,-1619,-1059
IMU1,11897,120040041,-1598,-648,1622,-3165,-1712,-1065
IMU1,11898,120051367,-1540,-492,1591,-3313,-1754,-1081
IMU1,11899,120062706,-1500,-584,1545,-3457,-1770,-1089
IMU1,11900,120074059,-1456,-523,1585,-3593,-1776,-1071
IMU1,11901,120085407,-1426,-395,1556,-3700,-1782,-1039
IMU1,11902,120096752,-1414,-358,1304,-3875,-1946,-903
IMU1,11903,120107882,-1438,-356,1217,-3969,-2074,-771
IMU1,11904,120119032,-1428,-348,1139,-4046,-2198,-599
IMU1,11905,120130183,-1409,-342,1026,-4116,-2318,-404
IMU1,11906,120141324,-1399,-302,902,-4183,-2449,-199
IMU1,11907,120152263,-1367,-259,835,-4248,-2576,-1
IMU1,11908,120162800,-1299,-257,744,-4303,-2695,177
IMU1,11909,120174160,-1248,-186,557,-4418,-2935,471
IMU1,11910,120185015,-1215,-105,495,-4471,-3116,587
IMU1,11911,120195879,-1253,-28,386,-4505,-3333,679
IMU1,11912,120206532,-1290,30,280,-4542,-3541,779
IMU1,11913,120217091,-1300,86,226,-4572,-3717,893
IMU1,11914,120227661,-1426,136,104,-4584,-3828,1035
IMU1,11915,120238625,-1540,180,-6,-4604,-3900,1221
IMU1,11916,120249285,-1634,269,-90,-4632,-3974,1431
IMU1,11917,120260144,-1822,408,-227,-4682,-4229,1873
IMU1,11918,120271192,-1856,463,-302,-4695,-4323,2095
IMU1,11919,120282259,-2010,506,-427,-4704,-4300,2287
IMU1,11920,120293315,-2054,390,-575,-4709,-4115,2484
IMU1,11921,120304386,-2124,352,-607,-4698,-3777,2661
IMU1,11922,120315451,-2064,331,-550,-4652,-3333,2795
IMU1,11923,120326524,-1949,381,-191,-4543,-2785,2836
IMU1,11924,120337559,-1968,433,-100,-4116,-1612,2614
IMU1,11925,120348597,-2106,487,-76,-3836,-1276,2436
IMU1,11926,120359452,-2256,602,-75,-3539,-1185,2258
IMU1,11927,120370305,-2346,705,-83,-3270,-1257,2098
IMU1,11928,120381160,-2442,763,-143,-3037,-1391,1956
IMU1,11929,120392220,-2553,850,-219,-2866,-1501,1843
IMU1,11930,120403271,-2563,860,-398,-2764,-1520,1745
IMU1,11931,120414308,-2652,876,-455,-2707,-1468,1536
IMU1,11932,120425367,-2647,868,-470,-2685,-1430,1436
IMU1,11933,120436402,-2637,836,-443,-2659,-1354,1343
IMU1,11934,120447436,-2599,803,-439,-2589,-1223,1256
IMU1,11935,120458480,-2622,839,-424,-2495,-1037,1169
IMU1,11936,120469516,-2749,888,-412,-2381,-798,1104
IMU1,11937,120480375,-2906,771,-384,-2247,-526,1089
IMU1,11938,120491731,-3031,806,-387,-1937,-45,1232
IMU1,11939,120502380,-2934,802,-357,-1775,138,1308
IMU1,11940,120513132,-2888,695,-302,-1576,292,1309
IMU1,11941,120523882,-2891,669,-573,-1379,372,1257
IMU1,11942,120534638,-2753,698,-575,-1253,446,1172
IMU1,11943,120545402,-2845,645,-566,-1166,608,1061
IMU1,11944,120558700,-2574,687,-369,-948,994,845
IMU1,11945,120569059,-2480,615,-262,-812,1044,678
IMU1,11946,120579613,-2424,514,-6,-652,1022,502
IMU1,11947,120589763,-2442,591,90,-453,940,337
IMU1,11948,120599809,-2396,588,112,-240,725,180
IMU1,11949,120610063,-2389,570,82,-49,368,24
IMU1,11950,120619710,-2370,555,38,96,27,-113
IMU1,11951,120629372,-2385,535,5,176,-218,-231
IMU1,11952,120639320,-2370,523,-36,203,-345,-316
IMU1,11953,120649576,-2380,512,-84,185,-375,-370
IMU1,11954,120659821,-2382,499,-99,133,-349,-390
IMU1,11955,120670067,-2411,492,-97,57,-277,-377
IMU1,11956,120680110,-2362,524,-119,-18,-189,-334
IMU1,11957,120690435,-2378,472,-76,-86,-110,-273
IMU1,11958,120700579,-2300,544,6,-131,-56,-198
IMU1,11959,120710433,-2329,468,-113,-139,-23,-130
IMU1,11960,120720760,-2300,473,-120,-152,-23,-38
IMU1,11961,120731935,-2213,449,-101,-175,9,159
IMU1,11962,120741883,-2171,419,-151,-169,62,235
IMU1,11963,120752030,-2124,400,-179,-155,100,281
IMU1,11964,120762360,-2108,396,-183,-164,114,300
IMU1,11965,120772703,-2104,379,-161,-162,114,294
IMU1,11966,120783044,-2104,351,-151,-143,101,267
IMU1,11967,120793390,-2098,342,-153,-113,61,219
IMU1,11968,120803544,-2080,333,-164,-64,7,156
IMU1,11969,120813282,-2075,347,-149,4,-40,86
IMU1,11970,120822823,-2059,339,-147,76,-84,12
IMU1,11971,120832571,-2049,329,-191,143,-125,-59
IMU1,11972,120842781,-2058,335,-208,195,-173,-122
IMU1,11973,120853200,-2088,374,-207,232,-230,-173
IMU1,11974,120863621,-2116,421,-211,262,-268,-208
IMU1,11975,120874056,-2146,415,-220,283,-298,-218
IMU1,11976,120884490,-2121,447,-237,306,-341,-209
IMU1,11977,120895435,-2091,474,-248,345,-380,-180
IMU1,11978,120905876,-2086,450,-233,355,-344,-177
IMU1,11979,120916314,-2101,466,-221,388,-304,-176
IMU1,11980,120926757,-2087,465,-216,427,-282,-168
IMU1,11981,120937185,-2092,493,-213,473,-281,-154
IMU1,11982,120947622,-2098,565,-222,522,-276,-136
IMU1,11983,120958058,-2099,658,-232,566,-251,-125
IMU1,11984,120968503,-2093,711,-285,609,-234,-129
IMU1,11985,120978935,-2137,888,-370,649,-276,-152
IMU1,11986,120989376,-2088,1076,-524,681,-410,-204
IMU1,11987,121000011,-2081,1647,-931,721,-651,-312
IMU1,11988,121010642,-2174,2033,-1172,893,-1248,-673
IMU1,11989,121021696,-2388,2559,-1402,1068,-1552,-878
IMU1,11990,121032962,-2749,3107,-1608,1354,-1727,-1063
IMU1,11991,121044409,-3134,3623,-1927,1757,-1672,-1160
IMU1,11992,121055861,-3538,3943,-2250,2270,-1341,-1138
IMU1,11993,121067330,-3812,4668,-3018,2892,-720,-993
IMU1,11994,121078407,-4090,4812,-2926,4333,959,-559
IMU1,11995,121089367,-4091,5175,-2678,5189,1677,-312
IMU1,11996,121100517,-4191,5321,-2090,6135,2391,-100
IMU1,11997,121111692,-4298,5377,-1463,7136,3102,127
IMU1,11998,121122777,-4341,5323,-761,8109,3745,392
IMU1,11999,121133656,-4359,5280,105,8985,4266,682
IMU1,12000,121144430,-4375,5166,1751,9742,4717,1356
IMU1,12001,121155610,-4072,5165,2486,10865,4921,1621
IMU1,12002,121166974,-3812,4815,3043,11328,4466,1642
IMU1,12003,121178348,-3945,4620,2912,11684,3712,1645
IMU1,12004,121189724,-3765,5669,2852,11880,2667,1532
IMU1,12005,121201110,-3070,5791,3036,11870,1654,1125
IMU1,12006,121212490,-2332,4668,3323,11542,250,-424
IMU1,12007,121223554,-1951,4318,3425,11308,-333,-1229
IMU1,12008,121234923,-1508,3924,3472,11108,-867,-2048
IMU1,12009,121246297,-1457,3500,3484,10900,-1199,-2829
IMU1,12010,121257847,-1437,2863,3460,10655,-1201,-3374
IMU1,12011,121269390,-1456,1626,3525,10331,-853,-3590
IMU1,12012,121280736,-1505,999,3931,9250,608,-3196
IMU1,12013,121291608,-2057,-89,4957,8507,1321,-2509
IMU1,12014,121302558,-1414,-198,4907,7673,1489,-1618
IMU1,12015,121313716,-1493,197,3251,6451,808,-1014
IMU1,12016,121324554,-1969,285,1767,4578,-700,-607
IMU1,12017,121335300,-2183,92,940,2392,-2450,-204
IMU1,12018,121345862,-1544,22,1183,383,-3116,320
IMU1,12019,121356829,-52,-395,1745,-2061,-797,846
IMU1,12020,121367262,-182,-521,2124,-2449,796,587
IMU1,12021,121377805,-558,-761,2105,-2425,1809,185
IMU1,12022,121388546,-1222,-1012,2005,-2126,1973,-185
IMU1,12023,121399783,-1356,-1102,1985,-1662,1449,-368
IMU1,12024,121411026,-1216,-1100,2204,-1047,672,-453
IMU1,12025,121422068,-1054,-1186,2120,-310,26,-560
IMU1,12026,121432714,-1549,-1232,1379,396,-399,-659
IMU1,12027,121443569,-1394,-1193,1224,1289,-1056,-490
IMU1,12028,121454808,-1222,-1215,1182,1508,-1265,-406
IMU1,12029,121466049,-1170,-1210,1153,1625,-1355,-394
# swing_peak_seq=12003
IMU1,12030,121477293,-1215,-1172,1110,1653,-1378,-398
IMU1,12031,121488536,-1262,-1169,1114,1596,-1334,-368
IMU1,12032,121499784,-1254,-1111,1346,1474,-1219,-292
IMU1,12033,121511037,-1169,-1081,1400,1153,-847,-201
IMU1,12034,121522085,-1229,-1050,1398,941,-671,-164
IMU1,12035,121532928,-1317,-1033,1325,700,-572,-125
IMU1,12036,121543773,-1367,-1013,1300,424,-537,-64
IMU1,12037,121554416,-1359,-1008,1299,139,-509,6
IMU1,12038,121567314,-1402,-1081,1382,-117,-433,73
IMU1,12039,121577972,-1453,-1159,1436,-500,-183,209
IMU1,12040,121588817,-1517,-1201,1492,-624,-116,270
IMU1,12041,121599668,-1560,-1258,1536,-711,-130,318
IMU1,12042,121610549,-1572,-1284,1545,-775,-202,338
IMU1,12043,121621373,-1601,-1311,1550,-825,-300,325
IMU1,12044,121632197,-1641,-1338,1561,-874,-407,288
IMU1,12045,121643015,-1680,-1344,1585,-930,-514,236
IMU1,12046,121653859,-1704,-1355,1674,-997,-621,174
IMU1,12047,121664683,-1713,-1323,1766,-1142,-880,33
IMU1,12048,121675495,-1755,-1309,1855,-1202,-1069,-43
IMU1,12049,121686624,-1818,-1261,1954,-1248,-1316,-115
IMU1,12050,121697954,-1853,-1202,2073,-1303,-1637,-170
IMU1,12051,121709275,-1827,-1127,2161,-1361,-2003,-230
IMU1,12052,121720605,-1802,-1021,2243,-1444,-2389,-313
IMU1,12053,121731944,-1716,-750,2251,-1709,-3195,-552
IMU1,12054,121743103,-1643,-607,2182,-1911,-3521,-683
IMU1,12055,121754249,-1595,-515,2091,-2149,-3672,-784
IMU1,12056,121765394,-1567,-437,1978,-2420,-3618,-822
IMU1,12057,121776533,-1538,-365,1876,-2704,-3430,-782
IMU1,12058,121787682,-1474,-299,1800,-2987,-3191,-676
IMU1,12059,121798831,-1290,-199,1797,-3443,-2786,-362
IMU1,12060,121809964,-1137,-146,1795,-3582,-2724,-193
IMU1,12061,121821097,-1034,-85,1700,-3651,-2797,-40
IMU1,12062,121831841,-987,-80,1572,-3679,-2932,117
IMU1,12063,121842496,-945,-113,1408,-3684,-3072,318
IMU1,12064,121853355,-963,-136,1238,-3666,-3179,562
IMU1,12065,121864229,-991,-169,1010,-3642,-3232,845
IMU1,12066,121875057,-881,-236,474,-3642,-3219,1159
IMU1,12067,121885906,-887,-244,300,-3775,-3011,1785
IMU1,12068,121896761,-900,-253,186,-3891,-2857,2076
IMU1,12069,121907614,-955,-264,73,-4029,-2704,2338
IMU1,12070,121918255,-1015,-251,-34,-4200,-2575,2582
IMU1,12071,121929184,-1150,-242,-68,-4381,-2471,2811
IMU1,12072,121940126,-1246,-235,-109,-4560,-2403,3044
IMU1,12073,121951258,-1264,-211,-181,-4719,-2410,3277
IMU1,12074,121962408,-1374,-56,-290,-4939,-2673,3655
IMU1,12075,121973345,-1390,20,-320,-5014,-2878,3809
IMU1,12076,121984206,-1461,135,-329,-5045,-3073,3916
IMU1,12077,121995244,-1566,233,-360,-5060,-3218,3995
IMU1,12078,122006300,-1695,242,-446,-5049,-3299,4063
IMU1,12079,122017344,-1864,144,-596,-5007,-3325,4127
IMU1,12080,122028395,-1959,49,-576,-4914,-3295,4191
IMU1,12081,122039249,-1811,117,-406,-4472,-2759,4213
IMU1,12082,122050300,-1681,84,-443,-4187,-2177,4065
IMU1,12083,122061142,-1838,54,-380,-3891,-1575,3810
IMU1,12084,122071983,-2052,366,-406,-3586,-1134,3557
IMU1,12085,122083031,-1999,402,-270,-3289,-655,3318
IMU1,12086,122093865,-2207,447,-113,-2987,-137,3071
IMU1,12087,122104708,-2342,527,-93,-2692,265,2870
IMU1,12088,122115260,-2394,828,-293,-2448,402,2688
IMU1,12089,122126517,-2708,918,-399,-2186,17,2300
IMU1,12090,122137073,-2717,969,-538,-2187,-238,2155
IMU1,12091,122147933,-2877,821,-520,-2238,-360,2000
IMU1,12092,122158777,-2919,852,-635,-2324,-371,1889
IMU1,12093,122169636,-2921,729,-609,-2404,-322,1777
IMU1,12094,122180466,-2883,732,-547,-2446,-265,1645
IMU1,12095,122191305,-2921,800,-433,-2415,-221,1502
IMU1,12096,122202154,-2888,846,-364,-2301,-192,1363
IMU1,12097,122212996,-2998,892,-120,-1888,-91,1069
IMU1,12098,122223649,-2990,967,-618,-1614,-29,979
IMU1,12099,122234104,-2990,882,-521,-1398,90,909
IMU1,12100,122244463,-2913,890,-542,-1233,243,830
IMU1,12101,122255013,-2822,878,-494,-1113,352,725
IMU1,12102,122265574,-2850,899,-469,-1006,406,592
IMU1,12103,122276140,-2792,841,-446,-904,433,472
IMU1,12104,122286489,-2729,817,-408,-804,424,365
IMU1,12105,122296815,-2695,863,-379,-701,332,249
IMU1,12106,122307158,-2618,790,-302,-595,203,119
IMU1,12107,122317517,-2510,712,-270,-493,78,-22
IMU1,12108,122328092,-2482,725,-287,-359,-20,-294
IMU1,12109,122338425,-2465,608,-225,-326,-1,-401
IMU1,12110,122348563,-2476,652,-202,-300,-34,-494
IMU1,12111,122358908,-2403,581,-129,-270,-75,-551
IMU1,12112,122369262,-2353,599,-56,-233,-114,-597
IMU1,12113,122379612,-2292,575,18,-177,-150,-633
IMU1,12114,122389866,-2269,501,-15,-111,-162,-652
IMU1,12115,122400195,-2275,471,-23,-59,-180,-659
IMU1,12116,122410319,-2219,463,-91,-16,-212,-653
IMU1,12117,122420457,-2274,414,-125,-5,-239,-634
IMU1,12118,122430601,-2183,401,-147,-16,-235,-585
IMU1,12119,122440942,-2108,408,-126,-37,-206,-541
IMU1,12120,122451277,-2081,381,-98,-50,-159,-512
IMU1,12121,122461413,-2072,339,-127,-57,-112,-492
IMU1,12122,122472798,-2082,294,-120,-72,-64,-436
IMU1,12123,122482934,-2062,294,-95,-86,-46,-397
IMU1,12124,122492874,-2049,287,-95,-75,-27,-364
IMU1,12125,122502808,-2045,276,-89,-67,-21,-319
IMU1,12126,122512741,-2026,286,-118,-62,-20,-277
IMU1,12127,122522874,-2022,276,-133,-56,-18,-245
IMU1,12128,122533010,-2008,271,-132,-60,-12,-215
IMU1,12129,122543148,-2012,268,-150,-67,-6,-197
IMU1,12130,122553099,-2042,300,-154,-70,-7,-179
IMU1,12131,122563045,-2032,325,-180,-71,-6,-163
IMU1,12132,122575525,-2038,334,-180,-63,14,-153
IMU1,12133,122585560,-2092,372,-162,-45,37,-140
IMU1,12134,122595605,-2131,448,-180,-17,47,-122
IMU1,12135,122605640,-2158,522,-241,25,30,-101
IMU1,12136,122616627,-2232,704,-258,139,-145,-86
IMU1,12137,122626882,-2363,900,-258,219,-300,-88
IMU1,12138,122637126,-2422,1033,-373,323,-473,-103
IMU1,12139,122647765,-2546,1269,-517,439,-708,-134
IMU1,12140,122658427,-2668,1582,-721,573,-975,-188
IMU1,12141,122669078,-2642,1833,-1103,737,-1251,-283
IMU1,12142,122680139,-2634,2108,-1280,950,-1547,-459
IMU1,12143,122691193,-2693,2423,-1471,1278,-1778,-716
IMU1,12144,122702463,-3169,3066,-1807,1732,-1951,-1383
IMU1,12145,122713927,-3539,3412,-1921,2969,-1886,-1699
IMU1,12146,122725384,-3777,3732,-2257,3694,-1713,-1985
IMU1,12147,122736858,-4068,4049,-2414,4401,-1474,-2256
IMU1,12148,122748309,-4331,4255,-2401,5059,-1067,-2474
IMU1,12149,122759787,-4481,4800,-2036,5670,-376,-2600
IMU1,12150,122771043,-4535,4967,-1801,6783,1639,-2638
IMU1,12151,122782420,-4483,5178,-1419,7282,2653,-2561
IMU1,12152,122793784,-4452,5266,-675,7774,3549,-2463
IMU1,12153,122804970,-4461,5284,263,8334,4361,-2317
IMU1,12154,122816050,-4450,5346,1023,8973,5078,-2095
IMU1,12155,122827330,-4177,5519,2670,9627,5550,-1622
IMU1,12156,122838624,-3921,5712,3271,10896,5829,-1522
IMU1,12157,122850118,-3822,5851,3576,11383,5716,-1559
IMU1,12158,122861628,-4163,6142,3567,11695,5418,-1613
IMU1,12159,122873116,-3954,6370,3577,11777,4982,-1645
IMU1,12160,122884638,-3675,6302,3675,11651,4609,-1737
IMU1,12161,122896095,-3220,5790,3896,11089,4258,-1812
IMU1,12162,122907524,-2640,5124,4215,10805,4237,-1702
IMU1,12163,122918952,-2223,4444,4697,10593,4021,-1624
IMU1,12164,122930398,-1885,3475,5047,10487,3308,-1607
IMU1,12165,122941844,-1838,2295,5545,10403,2293,-1638
IMU1,12166,122953282,-2224,-182,7686,10214,401,-1431
IMU1,12167,122964422,-1818,-800,5308,9774,-596,-1156
IMU1,12168,122975456,-1828,-65,2078,8198,-2143,-991
IMU1,12169,122986300,-1980,568,256,5466,-3188,-774
IMU1,12170,122997044,-1974,772,-264,2279,-2125,-165
IMU1,12171,123007876,-1459,536,622,-619,487,603
IMU1,12172,123018138,-1165,-37,2077,-2679,2876,1024
IMU1,12173,123029087,-431,-860,3995,-3711,3733,954
IMU1,12174,123039855,-253,-857,4205,-3288,1803,-46
IMU1,12175,123050492,-597,-781,3728,-2322,536,-571
IMU1,12176,123061138,-1186,-710,2852,-1262,-437,-846
IMU1,12177,123072075,-1371,-662,2160,-356,-979,-808
IMU1,12178,123082790,-1099,-680,1984,360,-998,-607
IMU1,12179,123093434,-1588,-985,1448,932,-727,-429
IMU1,12180,123104077,-1403,-918,1078,1267,-593,-166
IMU1,12181,123114913,-1119,-980,897,1358,-657,75
IMU1,12182,123125266,-1007,-1027,1022,1277,-737,197
IMU1,12183,123136213,-1274,-1022,1035,910,-733,157
IMU1,12184,123146950,-1430,-1005,1170,715,-785,213
# swing_peak_seq=12158
IMU1,12185,123157698,-1441,-1043,1329,558,-868,285
IMU1,12186,123168437,-1388,-1025,1517,460,-932,339
IMU1,12187,123179178,-1357,-993,1640,413,-957,337
IMU1,12188,123189733,-1362,-983,1670,393,-981,284
IMU1,12189,123200279,-1414,-956,1640,369,-1031,204
IMU1,12190,123211004,-1460,-931,1582,315,-1084,119
IMU1,12191,123221743,-1466,-953,1515,230,-1033,-27
IMU1,12192,123232382,-1490,-985,1508,-45,-895,-67
IMU1,12193,123242703,-1561,-1012,1566,-213,-718,-81
IMU1,12194,123253433,-1650,-1044,1608,-386,-550,-64
IMU1,12195,123264156,-1683,-1082,1622,-564,-432,-24
IMU1,12196,123274859,-1721,-1089,1609,-754,-375,20
IMU1,12197,123285486,-1790,-1121,1572,-961,-364,58
IMU1,12198,123296119,-1875,-1155,1502,-1180,-397,94
IMU1,12199,123306949,-1990,-1182,1435,-1407,-472,135
IMU1,12200,123317987,-1998,-1198,1559,-1625,-638,229
IMU1,12201,123329031,-2008,-1169,1575,-1949,-716,243
IMU1,12202,123340064,-2037,-1138,1511,-2071,-805,235
IMU1,12203,123351106,-2078,-1089,1391,-2183,-898,200
IMU1,12204,123362142,-2095,-1064,1370,-2302,-986,165
IMU1,12205,123373169,-2060,-1038,1381,-2400,-1042,130
IMU1,12206,123384390,-2012,-1009,1431,-2458,-1052,73
IMU1,12207,123395424,-1922,-973,1547,-2471,-997,-125
IMU1,12208,123406345,-1910,-954,1579,-2455,-1004,-248
IMU1,12209,123417484,-1911,-863,1620,-2432,-1071,-383
IMU1,12210,123428622,-1899,-764,1701,-2409,-1173,-517
IMU1,12211,123439759,-1884,-679,1813,-2394,-1283,-636
IMU1,12212,123450909,-1845,-569,1871,-2383,-1396,-736
IMU1,12213,123462050,-1790,-299,1845,-2390,-1512,-899
IMU1,12214,123473197,-1718,-222,1759,-2524,-1742,-940
IMU1,12215,123484348,-1674,-131,1657,-2668,-1843,-948
IMU1,12216,123495475,-1618,-82,1508,-2874,-1918,-903
IMU1,12217,123506414,-1571,-38,1404,-3128,-1989,-807
IMU1,12218,123517354,-1541,-14,1345,-3392,-2102,-671
IMU1,12219,123528304,-1510,16,1233,-3646,-2303,-499
IMU1,12220,123539150,-1389,93,901,-3883,-2860,-69
IMU1,12221,123549594,-1292,106,718,-4267,-3096,175
IMU1,12222,123560337,-1202,124,521,-4436,-3254,425
IMU1,12223,123571069,-1181,157,287,-4590,-3312,674
IMU1,12224,123584383,-1202,197,2,-4755,-3268,923
IMU1,12225,123594729,-1243,212,-256,-4946,-3129,1184
IMU1,12226,123605784,-1329,179,-385,-5141,-2895,1453
IMU1,12227,123616809,-1351,80,-386,-5399,-2257,1944
IMU1,12228,123627646,-1369,133,-422,-5473,-1980,2118
IMU1,12229,123638681,-1425,177,-492,-5509,-1784,2230
IMU1,12230,123649727,-1488,224,-638,-5539,-1719,2313
IMU1,12231,123660775,-1544,287,-835,-5555,-1802,2365
IMU1,12232,123671836,-1618,281,-947,-5540,-2008,2406
IMU1,12233,123682888,-1609,338,-741,-5447,-2226,2448
IMU1,12234,123693922,-1645,359,-709,-4893,-2285,2435
IMU1,12235,123704974,-1803,348,-724,-4459,-2091,2393
IMU1,12236,123716014,-1972,364,-820,-4020,-1857,2348
IMU1,12237,123727046,-1985,415,-926,-3601,-1674,2284
IMU1,12238,123738084,-1973,438,-1021,-3250,-1574,2158
IMU1,12239,123749329,-2019,416,-1048,-2985,-1524,1981
IMU1,12240,123760572,-2155,412,-1173,-2684,-1491,1602
IMU1,12241,123771810,-2250,435,-1245,-2655,-1458,1431
IMU1,12242,123783059,-2434,509,-1300,-2668,-1394,1287
IMU1,12243,123794284,-2659,583,-1271,-2720,-1292,1203
IMU1,12244,123805521,-2758,689,-1378,-2778,-1142,1186
IMU1,12245,123816763,-2805,537,-1229,-2832,-929,1186
IMU1,12246,123827817,-2911,420,-1200,-2926,-454,1161
IMU1,12247,123838861,-3066,357,-962,-2905,-299,1179
IMU1,12248,123849718,-2523,553,-943,-2800,-245,1221
IMU1,12249,123860567,-2311,672,-723,-2628,-223,1098
IMU1,12250,123871411,-2922,462,-594,-2365,-250,885
IMU1,12251,123882061,-2736,582,-668,-2092,-433,800
IMU1,12252,123892699,-2622,650,-685,-1834,-658,711
IMU1,12253,123903343,-2626,599,-630,-1600,-746,580
IMU1,12254,123914011,-2469,572,-665,-1407,-706,333
IMU1,12255,123924650,-2461,538,-626,-1129,-505,213
IMU1,12256,123935286,-2454,550,-574,-1027,-468,109
IMU1,12257,123945928,-2400,572,-435,-916,-486,32
IMU1,12258,123956160,-2427,588,-375,-772,-538,-36
IMU1,12259,123966495,-2534,591,-312,-621,-600,-86
IMU1,12260,123976848,-2592,567,-298,-477,-657,-77
IMU1,12261,123987183,-2578,587,-273,-367,-685,-29
IMU1,12262,123997521,-2460,557,-269,-285,-650,18
IMU1,12263,124007767,-2599,495,-356,-240,-575,51
IMU1,12264,124017991,-2557,446,-389,-250,-500,110
IMU1,12265,124028434,-2534,436,-462,-300,-431,178
IMU1,12266,124038876,-2489,299,-332,-382,-333,232
IMU1,12267,124049829,-2448,265,-271,-491,-44,319
IMU1,12268,124060065,-2385,245,-225,-502,59,340
IMU1,12269,124070207,-2322,202,-183,-478,100,331
IMU1,12270,124080549,-2278,188,-157,-434,90,279
IMU1,12271,124090695,-2245,166,-155,-367,35,211
IMU1,12272,124100836,-2210,160,-174,-304,-41,135
IMU1,12273,124111074,-2184,134,-199,-239,-109,56
IMU1,12274,124121312,-2175,119,-208,-186,-140,-14
IMU1,12275,124131643,-2150,124,-223,-135,-133,-74
IMU1,12276,124141980,-2132,93,-225,-95,-115,-119
IMU1,12277,124152124,-2114,90,-200,-54,-99,-154
IMU1,12278,124162065,-2096,75,-171,-17,-98,-188
IMU1,12279,124171980,-2111,86,-167,24,-116,-211
IMU1,12280,124182011,-2105,110,-178,41,-136,-230
IMU1,12281,124192241,-2093,125,-187,46,-148,-242
IMU1,12282,124203489,-2071,119,-196,26,-161,-244
IMU1,12283,124213715,-2062,106,-200,-1,-160,-225
IMU1,12284,124223836,-2039,110,-209,-19,-144,-205
IMU1,12285,124234168,-2025,124,-195,-37,-114,-180
IMU1,12286,124244490,-2043,146,-172,-41,-83,-152
IMU1,12287,124254603,-2049,218,-170,-41,-57,-123
IMU1,12288,124264727,-2094,269,-164,-34,-39,-101
IMU1,12289,124274848,-2125,317,-204,-32,-46,-71
IMU1,12290,124284786,-2145,407,-271,-36,-70,-45
IMU1,12291,124294731,-2181,520,-315,-54,-85,-29
IMU1,12292,124304667,-2242,622,-362,-68,-86,-20
IMU1,12293,124314599,-2298,824,-429,-58,-112,-16
IMU1,12294,124324729,-2381,1075,-541,-29,-179,-16
IMU1,12295,124335066,-2492,1316,-750,23,-276,-19
IMU1,12296,124345313,-2582,1520,-967,95,-426,-25
IMU1,12297,124355555,-2676,1797,-1118,204,-600,-40
IMU1,12298,124366200,-2901,2395,-1683,380,-730,-73
IMU1,12299,124376849,-2991,2639,-1996,928,-696,-80
IMU1,12300,124387501,-3021,2964,-2328,1314,-594,-89
IMU1,12301,124398368,-3010,3392,-2631,1810,-423,-137
IMU1,12302,124409431,-3020,3843,-3030,2415,-247,-236
IMU1,12303,124420502,-3052,4249,-3395,3133,-140,-383
IMU1,12304,124431558,-3209,4749,-3729,3992,-143,-572
IMU1,12305,124442627,-3566,5426,-3913,5001,-151,-777
IMU1,12306,124453696,-4506,5521,-3742,7288,433,-934
IMU1,12307,124464676,-4718,6155,-3414,8342,1213,-789
IMU1,12308,124475861,-4699,6431,-2458,9263,2293,-604
IMU1,12309,124487047,-4978,6482,-1373,10064,3704,-367
IMU1,12310,124498407,-4861,6812,-57,10717,5229,-14
IMU1,12311,124509167,-4684,7067,1349,11244,6559,349
IMU1,12312,124520350,-4551,7117,3556,12120,7059,758
IMU1,12313,124531529,-4378,6886,4089,12472,5521,611
IMU1,12314,124542701,-4396,6629,4143,12785,3000,75
IMU1,12315,124553701,-4335,6757,3784,12962,415,-666
IMU1,12316,124564757,-3530,6068,3688,12916,-1327,-1556
IMU1,12317,124576314,-2814,5693,3647,12721,-1695,-2469
IMU1,12318,124590432,-1683,4621,3532,12000,-99,-3814
IMU1,12319,124601591,-1567,4057,3354,11426,755,-4054
IMU1,12320,124612871,-1289,3490,3484,10595,1668,-3882
IMU1,12321,124624317,-1212,2784,4125,9523,2539,-3360
IMU1,12322,124635588,-2076,698,6044,8330,1930,-1609
IMU1,12323,124646646,-1929,233,5255,5935,18,-603
IMU1,12324,124657089,-2126,914,3046,4500,-1923,248
IMU1,12325,124667941,-1796,505,1380,2665,-2548,1023
IMU1,12326,124679003,-1519,484,942,702,-1670,1707
IMU1,12327,124689660,-1257,152,1271,-1005,-53,2135
IMU1,12328,124700405,-934,-354,1949,-2206,1275,2168
IMU1,12329,124711359,-533,-715,2484,-2798,1817,1799
IMU1,12330,124722328,-627,-1001,2782,-2468,1295,417
IMU1,12331,124733283,-819,-1035,2550,-1847,741,-199
IMU1,12332,124744134,-1054,-1030,2269,-1129,267,-638
IMU1,12333,124755176,-1169,-1006,1896,-425,-5,-879
IMU1,12334,124765729,-1184,-953,1539,156,-71,-971
IMU1,12335,124776186,-1030,-908,1368,565,2,-977
IMU1,12336,124786333,-1074,-1045,1235,832,111,-974
IMU1,12337,124797087,-1638,-1161,870,956,101,-903
IMU1,12338,124807653,-1544,-1151,781,906,-170,-654
# swing_peak_seq=12312
IMU1,12339,124818295,-1080,-1019,1213,759,-752,-179
IMU1,12340,124829135,-1051,-997,1324,543,-798,-66
IMU1,12341,124839575,-1212,-1000,1378,509,-773,11
IMU1,12342,124850123,-1308,-987,1388,493,-757,106
IMU1,12343,124860657,-1314,-961,1431,475,-775,213
IMU1,12344,124871207,-1216,-919,1516,444,-818,273
IMU1,12345,124881755,-1179,-886,1555,407,-887,231
IMU1,12346,124892301,-1239,-851,1568,359,-980,171
IMU1,12347,124902847,-1326,-834,1672,305,-1078,108
IMU1,12348,124913584,-1396,-868,1986,276,-1156,72
IMU1,12349,124924667,-1518,-946,2086,276,-1218,81
IMU1,12350,124935228,-1615,-1009,2080,251,-1227,121
IMU1,12351,124946146,-1730,-1062,2037,173,-1250,177
IMU1,12352,124957082,-1809,-1117,2025,40,-1258,258
IMU1,12353,124967826,-1740,-926,2114,-133,-1212,333
IMU1,12354,124978668,-1750,-851,2066,-342,-1065,386
IMU1,12355,124989509,-1986,-898,2157,-601,-905,432
IMU1,12356,125000156,-2259,-937,2069,-881,-890,486
IMU1,12357,125011315,-2622,-671,1995,-1511,-1492,593
IMU1,12358,125022361,-2622,-748,1886,-1863,-1806,659
IMU1,12359,125033409,-2352,-775,1744,-2249,-1923,674
IMU1,12360,125044457,-2473,-711,1695,-2674,-2103,571
IMU1,12361,125055507,-2526,-724,1545,-3102,-2374,421
IMU1,12362,125066580,-2340,-702,1414,-3533,-2643,237
IMU1,12363,125077624,-2199,-899,1010,-3951,-2846,-287
IMU1,12364,125088772,-1415,-926,972,-4731,-2894,-604
IMU1,12365,125099722,-1187,-831,904,-5068,-2535,-1079
IMU1,12366,125110883,-1100,-888,704,-5338,-2033,-1587
IMU1,12367,125122039,-954,-863,578,-5531,-1551,-2036
IMU1,12368,125132997,-807,-825,422,-5619,-1146,-2391
IMU1,12369,125143928,-605,-802,351,-5596,-774,-2623
IMU1,12370,125154681,-191,-783,37,-5466,-398,-2695
IMU1,12371,125165228,-44,-684,1,-5048,138,-2631
IMU1,12372,125175277,56,-941,-216,-4763,195,-2531
IMU1,12373,125185737,503,-1078,-553,-4482,74,-2393
IMU1,12374,125196386,179,-1329,-267,-4242,-286,-2285
IMU1,12375,125207319,-615,-749,183,-3946,-843,-2149
IMU1,12376,125218066,246,-542,-63,-3561,-1514,-1954
IMU1,12377,125228806,-306,-178,515,-3167,-2463,-1876
IMU1,12378,125239750,-531,-82,530,-2660,-3575,-1705
IMU1,12379,125250500,-1211,-419,1537,-2132,-4602,-1420
IMU1,12380,125261853,-895,-768,1092,-1015,-5244,-501
IMU1,12381,125272794,-626,-1391,719,-548,-4970,-62
IMU1,12382,125283360,-951,-1329,1058,-168,-4585,344
IMU1,12383,125294201,-1511,-887,1245,232,-4065,800
IMU1,12384,125304956,-1615,-913,1164,600,-3477,1285
IMU1,12385,125315916,-1706,-952,968,856,-2901,1753
IMU1,12386,125326682,-1633,-1381,471,949,-2419,2180
IMU1,12387,125337646,-1620,-1068,31,671,-2257,2854
IMU1,12388,125348375,-1771,-957,-41,389,-2486,3125
IMU1,12389,125359028,-1747,-846,-281,58,-2775,3384
IMU1,12390,125369681,-1595,-780,-561,-361,-3130,3562
IMU1,12391,125380635,-1674,-683,-583,-871,-3544,3647
IMU1,12392,125391587,-1828,-581,-315,-1422,-3882,3688
IMU1,12393,125402745,-1964,-597,-266,-1952,-3941,3710
IMU1,12394,125413905,-1874,-651,-286,-2480,-3707,3723
IMU1,12395,125425074,-2234,-618,-178,-3452,-2657,3692
IMU1,12396,125436234,-2347,-593,-92,-3818,-2028,3693
IMU1,12397,125447209,-2448,-602,-35,-4097,-1460,3679
IMU1,12398,125458146,-2540,-583,27,-4263,-1055,3647
IMU1,12399,125468999,-2642,-522,147,-4302,-839,3604
IMU1,12400,125479842,-2596,-367,272,-4207,-763,3537
IMU1,12401,125490686,-2624,-254,304,-4009,-736,3422
IMU1,12402,125502053,-2837,-28,113,-3538,-785,3105
IMU1,12403,125512708,-2795,163,-237,-3403,-900,2952
IMU1,12404,125523555,-2961,43,-292,-3366,-1022,2690
IMU1,12405,125534389,-3379,8,-417,-3363,-1113,2577
IMU1,12406,125545041,-3047,212,-472,-3344,-1240,2561
IMU1,12407,125556074,-3103,221,-447,-3270,-1290,2447
IMU1,12408,125567116,-2887,247,-419,-3131,-1131,2312
IMU1,12409,125578177,-2819,327,-374,-2761,-413,1900
IMU1,12410,125591584,-2793,342,-395,-2551,-64,1661
IMU1,12411,125602248,-2803,362,-401,-2363,137,1420
IMU1,12412,125612985,-2759,423,-457,-2190,164,1180
IMU1,12413,125623732,-2715,433,-399,-2045,58,948
IMU1,12414,125634096,-2632,445,-299,-1902,-87,743
IMU1,12415,125644542,-2545,477,-328,-1748,-235,559
IMU1,12416,125655727,-2513,486,-368,-1484,-479,249
IMU1,12417,125666372,-2506,504,-379,-1396,-557,145
IMU1,12418,125677024,-2463,490,-355,-1327,-586,78
IMU1,12419,125687470,-2436,452,-357,-1262,-540,39
IMU1,12420,125697926,-2406,431,-282,-1199,-426,33
IMU1,12421,125708361,-2332,427,-244,-1128,-273,44
IMU1,12422,125718803,-2308,429,-227,-1050,-120,60
IMU1,12423,125729247,-2388,394,-237,-983,27,87
IMU1,12424,125739205,-2413,400,-238,-937,152,154
IMU1,12425,125749562,-2355,412,-196,-902,257,252
IMU1,12426,125759915,-2309,433,-100,-880,371,327
IMU1,12427,125771320,-2372,364,-90,-795,458,420
IMU1,12428,125781480,-2334,381,-136,-737,395,470
IMU1,12429,125791841,-2272,435,-113,-687,353,489
IMU1,12430,125802196,-2230,499,-98,-637,370,474
IMU1,12431,125812366,-2238,517,-101,-570,415,422
IMU1,12432,125822727,-2261,538,-116,-494,422,356
IMU1,12433,125833086,-2289,641,-136,-409,385,290
IMU1,12434,125843416,-2305,776,-143,-325,334,219
IMU1,12435,125853753,-2330,819,-175,-234,277,140
IMU1,12436,125864095,-2372,938,-199,-133,185,59
IMU1,12437,125874233,-2448,1199,-232,-17,86,-10
IMU1,12438,125884277,-2439,1368,-427,107,2,-72
IMU1,12439,125894219,-2506,1571,-599,215,-153,-136
IMU1,12440,125904875,-2628,2190,-832,341,-508,-258
IMU1,12441,125915514,-2740,2525,-1004,703,-615,-316
IMU1,12442,125926377,-2878,2860,-1224,960,-678,-369
IMU1,12443,125937234,-2986,3257,-1458,1268,-679,-405
IMU1,12444,125948278,-3070,3665,-1621,1646,-603,-434
IMU1,12445,125959330,-3175,4085,-1738,2125,-426,-468
IMU1,12446,125970376,-3264,4440,-1957,2714,-225,-518
IMU1,12447,125981426,-3515,5121,-2157,3407,-123,-601
IMU1,12448,125992481,-3674,5355,-2143,5082,100,-797
IMU1,12449,126003451,-3947,5467,-1924,5979,438,-841
IMU1,12450,126014393,-4288,5512,-1427,6881,1064,-772
IMU1,12451,126025560,-4563,5432,-776,7755,1960,-546
IMU1,12452,126036534,-4743,5309,-37,8539,3014,-153
IMU1,12453,126047300,-4828,5230,705,9180,3996,424
IMU1,12454,126058085,-4743,5175,2535,9687,4647,1051
IMU1,12455,126069259,-4125,5038,3481,10588,4706,1929
IMU1,12456,126080641,-3997,4827,4159,11149,4210,1947
IMU1,12457,126092001,-4491,4823,4194,11723,3352,1956
IMU1,12458,126103366,-3650,4560,3713,12135,2267,1877
IMU1,12459,126114747,-3062,5308,3420,12206,1585,1417
IMU1,12460,126126125,-2312,4623,3581,11952,1980,-76
IMU1,12461,126137205,-2313,4447,3851,11084,2092,-708
IMU1,12462,126148477,-2049,4100,4002,10701,1677,-1246
IMU1,12463,126159941,-1780,3556,4262,10360,826,-1771
IMU1,12464,126171194,-1491,2939,4253,10089,-256,-2299
IMU1,12465,126182552,-1353,2267,4191,9806,-1279,-2793
IMU1,12466,126193908,-985,1131,4042,8994,-2194,-3336
IMU1,12467,126205071,-1019,664,3998,8380,-1903,-3277
IMU1,12468,126216236,-1243,303,3782,7609,-1297,-2937
IMU1,12469,126227393,-1568,104,3489,6616,-758,-2301
IMU1,12470,126238350,-1654,-15,3020,5389,-520,-1441
IMU1,12471,126249208,-1563,-3,2520,3960,-570,-548
IMU1,12472,126259659,-1294,-11,2149,2432,-629,229
IMU1,12473,126270197,-921,-317,2009,956,-488,1113
IMU1,12474,126280758,-844,-544,2113,-1138,214,1229
IMU1,12475,126291506,-846,-750,2173,-1611,360,1164
IMU1,12476,126302255,-783,-750,2128,-1764,299,968
IMU1,12477,126312814,-833,-875,2029,-1679,188,682
IMU1,12478,126323360,-757,-934,1960,-1422,164,363
IMU1,12479,126333900,-1157,-1111,1831,-1059,234,40
IMU1,12480,126344666,-1365,-1076,1604,-637,233,-151
IMU1,12481,126355498,-1274,-956,1321,-263,113,-243
IMU1,12482,126366143,-1070,-1041,1310,15,91,-338
IMU1,12483,126376998,-1096,-1081,1307,387,196,-572
IMU1,12484,126387735,-1177,-1094,1236,494,84,-662
# swing_peak_seq=12458
IMU1,12485,126398281,-1286,-1125,1231,552,-158,-707
IMU1,12486,126409132,-1334,-1152,1306,585,-455,-691
IMU1,12487,126419964,-1305,-1150,1336,617,-716,-637
IMU1,12488,126430811,-1251,-1139,1373,649,-882,-589
IMU1,12489,126441647,-1259,-1150,1368,671,-919,-560
IMU1,12490,126452485,-1296,-1171,1317,656,-866,-531
IMU1,12491,126463837,-1306,-1166,1336,478,-655,-453
IMU1,12492,126474695,-1283,-1163,1399,330,-546,-427
IMU1,12493,126485525,-1256,-1189,1528,182,-479,-427
IMU1,12494,126496355,-1257,-1200,1645,42,-492,-441
IMU1,12495,126506971,-1280,-1234,1773,-68,-588,-462
IMU1,12496,126517697,-1341,-1247,1881,-146,-751,-479
IMU1,12497,126528636,-1394,-1249,1900,-203,-939,-480
IMU1,12498,126539567,-1425,-1238,1824,-266,-1220,-450
IMU1,12499,126550706,-1454,-1237,1799,-484,-1251,-432
IMU1,12500,126561850,-1531,-1227,1707,-645,-1242,-413
IMU1,12501,126572984,-1558,-1224,1695,-850,-1212,-376
IMU1,12502,126584111,-1530,-1250,1689,-1087,-1156,-337
IMU1,12503,126598003,-1694,-1261,1739,-1586,-1203,-313
IMU1,12504,126609342,-1687,-1231,1873,-1798,-1385,-275
IMU1,12505,126620674,-1523,-1154,1900,-1947,-1596,-249
IMU1,12506,126632022,-1452,-1097,1914,-2072,-1748,-270
IMU1,12507,126643363,-1432,-1094,1865,-2187,-1846,-319
IMU1,12508,126654703,-1458,-998,1764,-2313,-1915,-371
IMU1,12509,126665859,-1429,-962,1693,-2635,-2012,-425
IMU1,12510,126676992,-1380,-926,1641,-2823,-2042,-428
IMU1,12511,126688126,-1350,-894,1622,-3017,-2043,-423
IMU1,12512,126699261,-1339,-866,1614,-3195,-2039,-396
IMU1,12513,126710415,-1304,-864,1601,-3343,-2047,-347
IMU1,12514,126721547,-1234,-882,1477,-3455,-2083,-280
IMU1,12515,126732678,-1155,-824,1449,-3595,-2211,-117
IMU1,12516,126743825,-1071,-811,1378,-3628,-2260,-15
IMU1,12517,126754767,-1015,-786,1317,-3633,-2307,81
IMU1,12518,126765620,-1024,-747,1330,-3622,-2391,180
IMU1,12519,126776674,-1037,-730,1347,-3573,-2531,299
IMU1,12520,126787728,-1096,-713,1283,-3495,-2716,452
IMU1,12521,126798778,-938,-617,901,-3405,-2977,554
IMU1,12522,126809962,-964,-622,747,-3319,-3398,757
IMU1,12523,126820616,-989,-612,644,-3345,-3420,929
IMU1,12524,126831267,-1001,-563,538,-3397,-3350,1119
IMU1,12525,126842327,-1068,-482,374,-3479,-3244,1312
IMU1,12526,126853367,-1124,-427,249,-3595,-3129,1513
IMU1,12527,126864415,-1139,-376,161,-3733,-2983,1708
IMU1,12528,126875457,-1143,-344,0,-3895,-2804,1898
IMU1,12529,126886526,-1265,-260,-45,-4240,-2472,2251
IMU1,12530,126897460,-1317,-201,24,-4396,-2404,2419
IMU1,12531,126908306,-1203,-175,52,-4484,-2408,2535
IMU1,12532,126919157,-1280,-97,27,-4536,-2459,2607
IMU1,12533,126929808,-1273,39,-65,-4584,-2532,2662
IMU1,12534,126940472,-1294,143,-131,-4642,-2581,2695
IMU1,12535,126951518,-1381,192,-154,-4712,-2595,2718
IMU1,12536,126962591,-1576,273,-180,-4777,-2593,2768
IMU1,12537,126973658,-1730,290,-259,-4859,-2531,2814
IMU1,12538,126984729,-1874,233,-400,-4875,-2407,2880
IMU1,12539,126995762,-2027,239,-480,-4882,-2201,2959
IMU1,12540,127006806,-2126,301,-466,-4860,-1868,3034
IMU1,12541,127017855,-2178,339,-363,-4795,-1391,3076
IMU1,12542,127028913,-2318,397,-262,-4677,-864,3071
IMU1,12543,127039774,-2503,506,-408,-4512,-146,2903
IMU1,12544,127050635,-2481,500,-385,-4175,-39,2734
IMU1,12545,127061281,-2377,573,-423,-3963,-2,2478
IMU1,12546,127071735,-2368,662,-512,-3755,9,2151
IMU1,12547,127082114,-2520,767,-649,-3581,-9,1788
IMU1,12548,127092564,-2668,927,-757,-3421,-94,1455
IMU1,12549,127103212,-2742,1000,-792,-3275,-244,1171
IMU1,12550,127114270,-2770,1009,-804,-3103,-422,916
IMU1,12551,127125125,-2659,1095,-747,-2894,-595,670
IMU1,12552,127135976,-2509,977,-661,-2626,-951,67
IMU1,12553,127146449,-2440,1049,-598,-1883,-1125,-231
IMU1,12554,127157585,-2430,1072,-401,-1524,-1258,-494
IMU1,12555,127168735,-2525,1116,-453,-1135,-1431,-725
IMU1,12556,127179886,-2630,1127,-555,-794,-1633,-884
IMU1,12557,127190842,-2743,1089,-619,-588,-1654,-916
IMU1,12558,127201794,-2835,1004,-641,-530,-1434,-813
IMU1,12559,127212725,-3059,937,-520,-562,-1087,-326
IMU1,12560,127223472,-2993,895,-368,-672,-479,1
IMU1,12561,127233521,-3162,857,-240,-684,-241,301
IMU1,12562,127243956,-3105,791,-191,-683,-44,609
IMU1,12563,127254209,-2903,734,-144,-643,29,884
IMU1,12564,127264352,-2688,671,-49,-610,228,1047
IMU1,12565,127274688,-2540,533,-42,-585,561,1103
IMU1,12566,127285049,-2476,456,-3,-557,817,1069
IMU1,12567,127295197,-2406,472,109,-516,918,963
IMU1,12568,127305465,-2394,471,242,-443,871,800
IMU1,12569,127315721,-2409,506,232,-346,651,609
IMU1,12570,127325973,-2418,513,197,-250,282,411
IMU1,12571,127336231,-2414,545,122,-167,-140,215
IMU1,12572,127346574,-2422,553,-13,-112,-489,37
IMU1,12573,127358180,-2401,552,-203,-87,-749,-239
IMU1,12574,127368534,-2405,551,-221,-106,-697,-318
IMU1,12575,127379073,-2393,515,-221,-93,-560,-369
IMU1,12576,127389432,-2348,490,-218,-78,-379,-383
IMU1,12577,127399776,-2292,478,-193,-47,-191,-380
IMU1,12578,127410115,-2243,468,-183,-5,-34,-362
IMU1,12579,127420053,-2196,442,-178,34,72,-338
IMU1,12580,127430006,-2143,427,-171,68,114,-308
IMU1,12581,127440157,-2098,412,-172,89,100,-276
IMU1,12582,127450292,-2050,401,-184,103,60,-244
IMU1,12583,127460429,-2008,402,-213,96,32,-210
IMU1,12584,127470375,-1975,411,-201,60,38,-163
IMU1,12585,127480321,-1975,363,-173,34,21,-127
IMU1,12586,127490258,-2002,336,-127,21,-32,-91
IMU1,12587,127500083,-1976,308,-148,49,-127,-59
IMU1,12588,127510122,-1953,304,-194,79,-184,-37
IMU1,12589,127521209,-2002,360,-194,115,-97,-1
IMU1,12590,127531044,-2036,381,-158,117,10,30
IMU1,12591,127540901,-2055,415,-146,129,115,58
IMU1,12592,127550949,-2086,493,-149,116,221,97
IMU1,12593,127561002,-2064,529,-131,113,246,123
IMU1,12594,127571249,-2065,571,-95,124,171,123
IMU1,12595,127581295,-2101,678,-130,152,98,120
IMU1,12596,127591356,-2138,787,-189,188,46,122
IMU1,12597,127603969,-2221,984,-240,215,-8,124
IMU1,12598,127613921,-2257,1211,-321,231,-82,127
IMU1,12599,127624274,-2239,1407,-501,250,-200,111
IMU1,12600,127634830,-2297,1683,-594,289,-390,66
IMU1,12601,127645188,-2481,2433,-1018,360,-583,6
IMU1,12602,127656067,-2593,2873,-1288,608,-809,-141
IMU1,12603,127666907,-2656,3336,-1556,816,-921,-254
IMU1,12604,127677772,-2754,3783,-1819,1133,-1066,-433
IMU1,12605,127689038,-2925,4202,-2002,1617,-1207,-673
IMU1,12606,127700282,-3302,4185,-2215,2299,-1284,-943
IMU1,12607,127711540,-3768,5112,-2675,3092,-1291,-1154
IMU1,12608,127723030,-4210,5503,-1762,4931,-418,-1348
IMU1,12609,127734302,-4510,5393,-1369,5914,633,-1209
IMU1,12610,127745492,-4719,5241,-390,6825,1852,-854
IMU1,12611,127756466,-4765,5143,244,7655,3061,-317
IMU1,12612,127767364,-4795,4828,825,8342,4006,317
IMU1,12613,127778150,-4622,4678,1532,8891,4536,954
IMU1,12614,127789160,-4366,4585,2733,9367,4675,1473
IMU1,12615,127800365,-3694,4169,3178,10283,3943,1864
IMU1,12616,127811731,-3627,3928,3442,10723,3339,1666
IMU1,12617,127823101,-3337,4573,3787,11118,2619,1524
IMU1,12618,127834495,-2796,4352,3805,11440,1851,1075
IMU1,12619,127845886,-2129,4000,3651,11596,1295,345
IMU1,12620,127857056,-2419,3865,3202,11539,1014,-1402
IMU1,12621,127868509,-2183,3800,2856,10903,-76,-2097
IMU1,12622,127879682,-2008,3836,2780,10363,-602,-2712
IMU1,12623,127891048,-1868,3765,2784,9771,-776,-3164
IMU1,12624,127902236,-1736,3528,2746,9230,-723,-3507
IMU1,12625,127913420,-1530,3152,2922,8786,-423,-3690
IMU1,12626,127924610,-613,2021,3527,8355,1007,-3614
IMU1,12627,127935680,-776,1354,4143,8286,1979,-3533
IMU1,12628,127946772,-1328,754,5203,8301,2695,-3307
IMU1,12629,127957855,-1484,-320,6002,8423,2746,-2813
IMU1,12630,127969028,-843,-1124,4951,8456,1951,-2212
IMU1,12631,127980208,-637,-364,3202,7902,468,-1864
IMU1,12632,127990982,-1291,380,1594,6632,-965,-1710
IMU1,12633,128002482,-1366,228,1055,3076,-1708,-686
IMU1,12634,128013392,-905,177,940,1284,-1035,-13
IMU1,12635,128023710,-906,-280,1434,-224,-10,505
IMU1,12636,128033933,-600,-349,1817,-1323,769,867
IMU1,12637,128044457,-545,-538,2361,-1997,1052,991
IMU1,12638,128055198,-560,-727,2393,-2275,917,970
IMU1,12639,128065748,-249,-596,2585,-2299,525,869
IMU1,12640,128076274,-1241,-1049,2240,-2128,173,647
IMU1,12641,128087196,-1119,-1415,2092,-1893,-172,677
IMU1,12642,128098223,-1087,-1251,2147,-1216,-471,871
IMU1,12643,128109257,-939,-1271,2040,-794,-186,871
IMU1,12644,128119892,-960,-1395,1987,-381,133,749
IMU1,12645,128130432,-1085,-1408,1932,-7,268,575
# swing_peak_seq=12619
IMU1,12646,128140752,-1257,-1402,1846,299,133,379
IMU1,12647,128151394,-1340,-1431,1790,523,-248,192
IMU1,12648,128162125,-1386,-1433,1798,668,-737,9
IMU1,12649,128172453,-1363,-1477,1844,739,-1170,-168
IMU1,12650,128183475,-1309,-1409,1917,751,-1432,-347
IMU1,12651,128194516,-1213,-1373,1940,596,-1341,-685
IMU1,12652,128205550,-1214,-1400,1966,434,-1091,-816
IMU1,12653,128216565,-1236,-1399,2005,234,-807,-918
IMU1,12654,128227387,-1273,-1382,2122,-5,-584,-979
IMU1,12655,128237913,-1341,-1345,2201,-248,-506,-1004
IMU1,12656,128249038,-1401,-1297,2284,-484,-611,-999
IMU1,12657,128259959,-1447,-1273,2330,-710,-863,-957
IMU1,12658,128270896,-1377,-1188,2212,-1159,-1444,-769
IMU1,12659,128282226,-1311,-1168,2243,-1406,-1547,-652
IMU1,12660,128293548,-1261,-1130,2185,-1666,-1495,-528
IMU1,12661,128304878,-1270,-1104,2152,-1925,-1414,-424
IMU1,12662,128316212,-1296,-1074,2164,-2169,-1396,-333
IMU1,12663,128327536,-1306,-1033,2162,-2386,-1458,-247
IMU1,12664,128338864,-1285,-895,2026,-2771,-1648,-120
IMU1,12665,128349974,-1300,-823,1945,-2950,-1735,-80
IMU1,12666,128360901,-1270,-776,1845,-3130,-1829,-40
IMU1,12667,128371841,-1222,-731,1742,-3308,-1892,-16
IMU1,12668,128382766,-1206,-683,1637,-3479,-1909,7
IMU1,12669,128393407,-1177,-659,1556,-3640,-1911,33
IMU1,12670,128404258,-1145,-629,1470,-3782,-1921,71
IMU1,12671,128415104,-1115,-569,1309,-3991,-1943,180
IMU1,12672,128426144,-1115,-540,1252,-4076,-1994,268
IMU1,12673,128437192,-1050,-506,1125,-4134,-2055,369
IMU1,12674,128448232,-995,-451,1037,-4188,-2097,474
IMU1,12675,128459067,-988,-429,959,-4229,-2134,578
IMU1,12676,128469710,-970,-406,822,-4261,-2191,688
IMU1,12677,128480345,-1017,-351,664,-4300,-2276,805
IMU1,12678,128491169,-1053,-288,431,-4355,-2387,939
IMU1,12679,128502543,-1013,-206,334,-4467,-2614,1228
IMU1,12680,128513573,-965,-160,247,-4512,-2707,1359
IMU1,12681,128524393,-927,-86,175,-4546,-2754,1469
IMU1,12682,128535026,-948,-8,96,-4572,-2729,1564
IMU1,12683,128545270,-1002,30,1,-4593,-2651,1665
IMU1,12684,128555606,-1096,66,-93,-4619,-2537,1779
IMU1,12685,128566245,-1203,113,-204,-4661,-2408,1918
IMU1,12686,128577275,-1270,140,-295,-4727,-2254,2089
IMU1,12687,128588313,-1468,201,-373,-4909,-1938,2466
IMU1,12688,128599355,-1609,257,-322,-4980,-1893,2659
IMU1,12689,128612942,-1680,324,-313,-5005,-1941,2828
IMU1,12690,128623986,-1730,397,-323,-4980,-2064,2967
IMU1,12691,128635032,-1845,486,-424,-4926,-2218,3066
IMU1,12692,128646074,-1886,435,-642,-4781,-2444,3173
IMU1,12693,128657118,-1848,518,-619,-4672,-2353,3154
IMU1,12694,128668173,-1889,548,-658,-4540,-1999,3063
IMU1,12695,128679206,-2023,546,-703,-4394,-1432,2933
IMU1,12696,128690246,-2172,546,-720,-4251,-783,2791
IMU1,12697,128701093,-2267,605,-673,-4093,-208,2640
IMU1,12698,128711927,-2338,735,-628,-3913,211,2459
IMU1,12699,128722687,-2487,1018,-613,-3720,498,2016
IMU1,12700,128733624,-2636,1140,-653,-3355,434,1797
IMU1,12701,128744569,-2730,1220,-750,-3227,300,1608
IMU1,12702,128755505,-2758,1235,-877,-3150,147,1410
IMU1,12703,128766469,-2763,1237,-935,-3099,-15,1201
IMU1,12704,128777324,-2731,1200,-960,-3063,-160,973
IMU1,12705,128788162,-2686,1133,-915,-3004,-278,723
IMU1,12706,128799001,-2642,1141,-663,-2884,-373,458
IMU1,12707,128810353,-2605,1217,-619,-2428,-533,-75
IMU1,12708,128821087,-2653,1215,-603,-2149,-530,-315
IMU1,12709,128832018,-2719,1246,-590,-1867,-515,-522
IMU1,12710,128842941,-2751,1303,-613,-1617,-534,-669
IMU1,12711,128853868,-2691,1323,-712,-1411,-560,-783
IMU1,12712,128864806,-2455,1341,-811,-1268,-586,-912
IMU1,12713,128875737,-3032,1159,-571,-1188,-589,-1146
IMU1,12714,128886890,-2527,1250,-698,-978,-698,-834
IMU1,12715,128897628,-2559,1217,-528,-837,-688,-797
IMU1,12716,128908366,-2698,1084,-464,-660,-529,-773
IMU1,12717,128919106,-2707,1028,-633,-485,-413,-672
IMU1,12718,128929851,-2684,975,-552,-368,-323,-545
IMU1,12719,128940385,-2577,983,-459,-280,-196,-412
IMU1,12720,128950922,-2458,960,-459,-213,-46,-316
IMU1,12721,128961259,-2453,953,-394,-174,61,-274
IMU1,12722,128971501,-2449,859,-386,-139,83,-254
IMU1,12723,128981742,-2386,810,-321,-119,40,-224
IMU1,12724,128993022,-2257,785,-264,-112,42,-202
IMU1,12725,129003258,-2241,713,-205,-96,44,-212
IMU1,12726,129013298,-2240,645,-174,-49,-6,-234
IMU1,12727,129023229,-2208,586,-177,10,-94,-247
IMU1,12728,129033280,-2149,551,-185,61,-166,-260
IMU1,12729,129043503,-2113,484,-193,96,-189,-288
IMU1,12730,129053727,-2111,426,-179,121,-200,-316
IMU1,12731,129064158,-2086,408,-180,144,-229,-331
IMU1,12732,129074581,-2056,377,-184,168,-276,-347
IMU1,12733,129085011,-2059,356,-204,187,-316,-356
IMU1,12734,129095452,-2087,308,-206,192,-329,-349
IMU1,12735,129105884,-2115,283,-204,191,-326,-323
IMU1,12736,129116321,-2099,288,-217,195,-324,-290
IMU1,12737,129127266,-2071,320,-202,181,-298,-246
IMU1,12738,129137681,-2096,391,-249,181,-251,-229
IMU1,12739,129148102,-2078,401,-316,155,-190,-208
IMU1,12740,129158539,-2058,447,-337,124,-129,-205
IMU1,12741,129168958,-2100,592,-312,92,-67,-201
IMU1,12742,129178999,-2138,704,-305,77,19,-189
IMU1,12743,129188945,-2167,774,-319,83,96,-166
IMU1,12744,129198887,-2222,924,-301,103,136,-132
IMU1,12745,129209232,-2214,1042,-321,141,145,-93
IMU1,12746,129219572,-2266,1207,-372,192,97,-59
IMU1,12747,129229715,-2381,1448,-450,255,-33,-28
IMU1,12748,129239949,-2439,1630,-620,327,-260,-3
IMU1,12749,129250194,-2554,1890,-772,419,-587,-5
IMU1,12750,129260454,-2655,2264,-1156,544,-929,-45
IMU1,12751,129271626,-2707,2967,-1330,954,-1334,-314
IMU1,12752,129282686,-2810,3292,-1588,1285,-1368,-541
IMU1,12753,129293905,-2954,3593,-1796,1719,-1305,-794
IMU1,12754,129305157,-3283,3925,-1959,2260,-1151,-1035
IMU1,12755,129316608,-3660,4154,-2216,2900,-889,-1199
IMU1,12756,129327867,-3997,4250,-2179,3598,-535,-1244
IMU1,12757,129339138,-4395,4673,-2036,5120,497,-972
IMU1,12758,129350103,-4366,4788,-2005,5889,1268,-727
IMU1,12759,129361275,-4273,4864,-1682,6597,2099,-534
IMU1,12760,129372431,-4239,4902,-1142,7265,2932,-400
IMU1,12761,129383592,-4225,4832,-329,7924,3704,-170
IMU1,12762,129394554,-4101,4721,474,8611,4305,66
IMU1,12763,129405146,-3718,4505,2313,9319,4662,258
IMU1,12764,129416138,-3849,4445,3049,10802,4754,356
IMU1,12765,129427313,-3779,4523,3816,11496,4266,463
IMU1,12766,129438506,-3515,4636,4352,12160,3532,417
IMU1,12767,129449684,-3159,4688,4611,12722,2810,190
IMU1,12768,129460853,-2883,4747,4719,13090,2209,-231
IMU1,12769,129472114,-2539,4721,4134,13205,1696,-794
IMU1,12770,129483375,-2157,4082,4229,12783,662,-2224
IMU1,12771,129494651,-1914,3635,4156,12436,81,-2959
IMU1,12772,129505735,-1629,3111,4048,12041,-586,-3698
IMU1,12773,129517094,-1405,2442,3864,11520,-1316,-4401
IMU1,12774,129528647,-1005,1925,3529,10805,-1848,-4956
IMU1,12775,129540196,-385,1233,3583,9853,-1090,-5344
IMU1,12776,129551357,-474,761,3915,7581,-30,-4942
IMU1,12777,129561945,-782,-9,4181,6462,821,-4240
IMU1,12778,129572289,-557,-31,4034,5389,1051,-3385
IMU1,12779,129583045,-949,403,3470,4240,859,-2434
IMU1,12780,129593712,-1059,405,2561,2922,581,-1428
IMU1,12781,129604564,-1041,225,2268,1459,260,-454
IMU1,12782,129617753,-587,-120,2294,-1069,-116,977
IMU1,12783,129628394,-289,-278,2342,-1874,-19,1336
IMU1,12784,129639037,-164,-419,2257,-2329,168,1439
IMU1,12785,129649772,-445,-613,2014,-2545,371,1355
IMU1,12786,129660520,-723,-762,1998,-2581,500,1248
IMU1,12787,129671269,-908,-949,1871,-2450,530,1159
IMU1,12788,129682031,-1097,-1140,1764,-2180,496,1078
IMU1,12789,129693168,-1058,-1139,1535,-1830,445,1010
IMU1,12790,129704314,-932,-1185,1565,-1069,423,724
IMU1,12791,129715074,-931,-1188,1512,-678,279,503
IMU1,12792,129725651,-999,-1193,1456,-300,-36,256
IMU1,12793,129736103,-1108,-1222,1421,41,-444,43
IMU1,12794,129746452,-1134,-1241,1379,333,-815,-104
IMU1,12795,129757292,-1110,-1222,1365,572,-1036,-201
# swing_peak_seq=12769
IMU1,12796,129768347,-1074,-1164,1380,735,-1065,-263
IMU1,12797,129779380,-992,-1139,1452,826,-929,-306
IMU1,12798,129790023,-926,-1113,1627,863,-713,-390
IMU1,12799,129800683,-973,-1097,1668,768,-469,-413
IMU1,12800,129811320,-998,-1091,1704,646,-554,-412
IMU1,12801,129821936,-1010,-1085,1690,488,-720,-393
IMU1,12802,129832754,-1051,-1111,1664,284,-886,-342
IMU1,12803,129843578,-1132,-1143,1613,44,-970,-247
IMU1,12804,129854174,-1215,-1165,1589,-222,-951,-98
IMU1,12805,129864897,-1245,-1196,1601,-493,-872,82
IMU1,12806,129875507,-1251,-1209,1653,-755,-790,258
IMU1,12807,129886335,-1318,-1253,1742,-985,-783,504
IMU1,12808,129897166,-1338,-1165,1777,-1320,-849,591
IMU1,12809,129908183,-1510,-1362,1746,-1435,-905,675
IMU1,12810,129919212,-1540,-1419,1672,-1530,-971,771
IMU1,12811,129930260,-1509,-1322,1557,-1612,-1036,831
IMU1,12812,129941471,-1514,-1308,1493,-1698,-1045,841
IMU1,12813,129952689,-1575,-1380,1437,-1784,-1007,801
IMU1,12814,129963900,-1780,-1430,1450,-1928,-1127,623
IMU1,12815,129975128,-1817,-1460,1512,-1961,-1349,461
IMU1,12816,129986355,-1835,-1450,1617,-1950,-1609,226
IMU1,12817,129997574,-1812,-1384,1646,-1901,-1901,-93
IMU1,12818,130008700,-1703,-1311,1608,-1841,-2223,-500
IMU1,12819,130020012,-1478,-1281,1563,-1804,-2517,-991
IMU1,12820,130031332,-1121,-1279,1359,-1892,-2904,-2107
IMU1,12821,130042874,-1053,-1184,1234,-2025,-3002,-2569
IMU1,12822,130054413,-990,-1107,1082,-2193,-3005,-2893
IMU1,12823,130065729,-863,-1085,974,-2371,-2884,-3058
IMU1,12824,130076855,-739,-1211,866,-2517,-2615,-3080
IMU1,12825,130087984,-280,-1215,717,-2631,-2257,-2921
IMU1,12826,130099115,-300,-1156,795,-2679,-1611,-2596
IMU1,12827,130110250,20,-1138,750,-2606,-1413,-2371
IMU1,12828,130121082,271,-1023,693,-2480,-1298,-2155
IMU1,12829,130132103,193,-981,859,-2310,-1246,-1975
IMU1,12830,130142933,72,-778,170,-2137,-1280,-1789
IMU1,12831,130153562,6,-720,727,-2020,-1460,-1597
IMU1,12832,130164001,351,-848,313,-1854,-1661,-1441
IMU1,12833,130174819,41,-1114,899,-1738,-2179,-1216
IMU1,12834,130185656,-659,-1266,920,-1368,-2448,-1062
IMU1,12835,130196776,-1020,-1201,869,-1163,-2644,-805
IMU1,12836,130207898,-1029,-985,616,-973,-2738,-494
IMU1,12837,130218636,-617,-900,330,-823,-2753,-217
IMU1,12838,130229169,-330,-1115,199,-713,-2782,-24
IMU1,12839,130239705,-514,-1447,-339,-625,-2916,136
IMU1,12840,130250450,-812,-2110,178,-580,-3163,376
IMU1,12841,130261091,-641,-1612,1062,-407,-3452,691
IMU1,12842,130271904,-435,-818,1176,222,-3483,1358
IMU1,12843,130282650,-177,-731,1117,470,-3182,1637
IMU1,12844,130293393,-162,-890,963,614,-2876,1838
IMU1,12845,130303939,-157,-978,667,630,-2699,2045
IMU1,12846,130314496,-242,-1055,419,511,-2750,2193
IMU1,12847,130325227,-519,-1088,274,270,-2948,2360
IMU1,12848,130335966,-799,-1048,118,-59,-3143,2591
IMU1,12849,130346611,-1129,-1203,171,-420,-3440,2914
IMU1,12850,130357635,-1040,-1594,468,-941,-4198,3681
IMU1,12851,130368679,-1081,-1396,773,-1092,-4275,4012
IMU1,12852,130379912,-1152,-1284,792,-1199,-4058,4289
IMU1,12853,130391164,-1322,-1342,652,-1330,-3672,4506
IMU1,12854,130402407,-1564,-1314,589,-1520,-3257,4687
IMU1,12855,130413642,-1815,-1205,459,-1761,-2891,4872
IMU1,12856,130424875,-2117,-1053,374,-2035,-2571,5258
IMU1,12857,130436106,-2189,-821,301,-2652,-2422,5410
IMU1,12858,130447142,-2349,-720,328,-3000,-2345,5524
IMU1,12859,130458194,-2491,-632,349,-3296,-2398,5612
IMU1,12860,130469234,-2470,-469,309,-3510,-2587,5682
IMU1,12861,130480276,-3026,-733,426,-3615,-2808,5718
IMU1,12862,130491320,-2915,-579,442,-3585,-3095,5880
IMU1,12863,130502892,-3004,-294,191,-3267,-3816,6023
IMU1,12864,130513938,-3058,-181,180,-3080,-3857,5989
IMU1,12865,130524978,-2815,-142,-179,-2890,-3541,5845
IMU1,12866,130536103,-3062,-199,-136,-2760,-3053,5575
IMU1,12867,130547248,-2792,-68,-265,-2620,-2432,5254
IMU1,12868,130558181,-2599,110,-117,-2501,-1429,4807
IMU1,12869,130569231,-2885,142,-120,-2277,740,3765
IMU1,12870,130579962,-2956,253,-126,-2118,1281,3326
IMU1,12871,130590895,-2869,376,-67,-1936,1451,2942
IMU1,12872,130601626,-2705,432,27,-1729,1463,2576
IMU1,12873,130612248,-2566,550,27,-1519,1415,2224
IMU1,12874,130625442,-2458,584,-2,-1330,1350,1862
IMU1,12875,130635976,-2375,641,-32,-1181,1167,1497
IMU1,12876,130646730,-2397,720,-28,-998,563,804
IMU1,12877,130656873,-2409,654,-56,-948,378,521
IMU1,12878,130667014,-2518,662,-77,-921,257,280
IMU1,12879,130677155,-2580,598,-75,-897,171,109
IMU1,12880,130687288,-2626,532,-24,-870,115,12
IMU1,12881,130697223,-2445,622,51,-804,62,-43
IMU1,12882,130706955,-2499,477,190,-715,74,-109
IMU1,12883,130717099,-2557,394,194,-601,113,-132
IMU1,12884,130727447,-2552,383,234,-484,124,-113
IMU1,12885,130737778,-2478,388,294,-380,139,-83
IMU1,12886,130747919,-2398,357,307,-291,211,-63
IMU1,12887,130758068,-2356,363,284,-242,321,-54
IMU1,12888,130768203,-2351,355,266,-225,393,-53
IMU1,12889,130778332,-2364,385,240,-243,404,-56
IMU1,12890,130788461,-2406,350,185,-288,388,-52
IMU1,12891,130798595,-2406,318,160,-345,357,-31
IMU1,12892,130808734,-2347,320,243,-400,340,-8
IMU1,12893,130820226,-2236,270,255,-414,384,-16
IMU1,12894,130830362,-2191,264,244,-348,397,-62
IMU1,12895,130840500,-2199,242,224,-274,391,-119
IMU1,12896,130850838,-2217,232,189,-194,366,-159
IMU1,12897,130861178,-2222,265,144,-126,331,-185
IMU1,12898,130871515,-2205,288,117,-86,297,-201
IMU1,12899,130881656,-2208,355,104,-56,271,-215
IMU1,12900,130891781,-2199,409,94,-40,259,-227
IMU1,12901,130901720,-2168,425,71,-35,261,-235
IMU1,12902,130911666,-2163,477,58,-37,259,-238
IMU1,12903,130921616,-2160,538,51,-43,262,-238
IMU1,12904,130931546,-2131,562,20,-50,276,-238
IMU1,12905,130941487,-2111,590,-26,-47,299,-244
IMU1,12906,130951526,-2155,735,-9,-43,333,-252
IMU1,12907,130961369,-2174,887,18,-17,390,-258
IMU1,12908,130971307,-2237,1019,11,13,457,-262
IMU1,12909,130981353,-2344,1177,-35,56,489,-243
IMU1,12910,130991501,-2425,1393,-346,95,448,-205
IMU1,12911,131002889,-2584,1976,-468,142,66,-136
IMU1,12912,131013226,-2707,2303,-634,212,-174,-117
IMU1,12913,131023877,-2876,2727,-834,338,-370,-144
IMU1,12914,131034532,-3045,3296,-1083,524,-522,-170
IMU1,12915,131045381,-3122,3895,-1455,781,-695,-211
IMU1,12916,131056244,-3124,4633,-2194,1122,-995,-361
IMU1,12917,131067311,-3079,5234,-2769,1548,-1492,-688
IMU1,12918,131078581,-4008,6512,-2560,2171,-2009,-1755
IMU1,12919,131089973,-4950,6304,-2045,4415,-1683,-2239
IMU1,12920,131101401,-6154,5740,-1784,5985,-387,-2399
IMU1,12921,131112648,-6307,5905,-684,7580,1287,-2135
IMU1,12922,131123789,-6091,5734,146,9037,3121,-1664
IMU1,12923,131134826,-5691,5581,1414,10170,5188,-1026
IMU1,12924,131146270,-5043,5522,3849,11602,8392,764
IMU1,12925,131157415,-4298,5997,4701,11994,8590,1535
IMU1,12926,131168793,-3462,6091,5764,12289,7576,1676
IMU1,12927,131180147,-3551,5966,6351,12691,5589,1282
IMU1,12928,131191516,-3206,5520,6253,13144,2997,676
IMU1,12929,131202672,-2599,5363,5997,13445,911,-230
IMU1,12930,131213691,-2130,4835,5138,13113,969,-2025
IMU1,12931,131224915,-2053,4494,4923,12600,1550,-2554
IMU1,12932,131236367,-1772,3958,4713,11947,1990,-2779
IMU1,12933,131247807,-1430,3117,4606,11130,2389,-2758
IMU1,12934,131259263,-1246,2169,4690,10075,2575,-2515
IMU1,12935,131270699,-1096,-304,7291,8804,2417,-2097
IMU1,12936,131281827,-1273,-1358,6979,6383,546,-691
IMU1,12937,131292764,-1821,-793,4189,4946,-1364,30
IMU1,12938,131303491,-2023,-173,1918,2851,-2931,709
IMU1,12939,131314417,-1745,-243,954,512,-2566,1493
IMU1,12940,131325138,-1663,-454,906,-1514,-548,2175
IMU1,12941,131335962,-1431,-895,1415,-2907,1600,2542
IMU1,12942,131347085,-926,-1261,2154,-3529,2757,2473
IMU1,12943,131358225,-595,-1278,2887,-2664,1978,1187
IMU1,12944,131369360,-653,-1382,3046,-1536,664,360
IMU1,12945,131380072,-946,-1461,2423,-239,-827,-400
IMU1,12946,131390771,-926,-1351,1672,843,-2070,-1002
IMU1,12947,131401788,-1234,-1379,1038,1530,-2627,-1525
IMU1,12948,131413196,-1510,-1398,567,1828,-2596,-1843
IMU1,12949,131424414,-1755,-1264,108,1819,-2184,-1890
IMU1,12950,131435629,-1458,-1251,226,1138,-757,-1435
IMU1,12951,131446652,-1282,-1306,534,672,-226,-1157
# swing_peak_seq=12925
IMU1,12952,131457459,-1234,-1326,874,309,-95,-954
IMU1,12953,131467880,-1188,-1359,1124,100,-341,-774
IMU1,12954,131478700,-1209,-1310,1265,32,-764,-621
IMU1,12955,131489335,-1264,-1312,1361,75,-1190,-489
IMU1,12956,131500144,-1313,-1297,1372,190,-1525,-382
IMU1,12957,131511158,-1376,-1257,1230,318,-1763,-315
IMU1,12958,131522195,-1397,-1276,1126,446,-1929,-326
IMU1,12959,131533210,-1384,-1312,1034,399,-1759,-379
IMU1,12960,131544223,-1375,-1392,974,266,-1450,-443
IMU1,12961,131555029,-1441,-1452,981,61,-1169,-504
IMU1,12962,131565647,-1514,-1477,1018,-169,-1070,-551
IMU1,12963,131576753,-1564,-1497,1091,-384,-1148,-573
IMU1,12964,131587875,-1608,-1502,1207,-552,-1250,-556
IMU1,12965,131598979,-1658,-1503,1235,-751,-1223,-403
IMU1,12966,131610093,-1613,-1517,1291,-801,-1196,-320
IMU1,12967,131621181,-1576,-1527,1303,-829,-1234,-277
IMU1,12968,131634847,-1553,-1548,1295,-847,-1356,-275
IMU1,12969,131645965,-1488,-1551,1429,-870,-1552,-355
IMU1,12970,131657083,-1474,-1534,1473,-892,-2042,-432
IMU1,12971,131668195,-1488,-1530,1591,-914,-2304,-525
IMU1,12972,131679322,-1463,-1533,1611,-945,-2567,-629
IMU1,12973,131690446,-1409,-1515,1591,-1011,-2822,-741
IMU1,12974,131701760,-1253,-1486,1506,-1129,-3033,-864
IMU1,12975,131713078,-929,-1334,1280,-1307,-3153,-1016
IMU1,12976,131724389,-783,-1237,1174,-1757,-3023,-1356
IMU1,12977,131735729,-624,-1102,1025,-1961,-2803,-1509
IMU1,12978,131747047,-432,-1096,988,-2123,-2525,-1653
IMU1,12979,131758163,-142,-1114,932,-2229,-2213,-1774
IMU1,12980,131769288,-298,-1165,816,-2289,-1895,-1868
IMU1,12981,131780398,65,-1203,614,-2310,-1607,-1878
IMU1,12982,131791224,-463,-1009,759,-2230,-1341,-1873
IMU1,12983,131802348,493,-1192,935,-2072,-1122,-1793
IMU1,12984,131813376,565,-1217,946,-1855,-917,-1813
IMU1,12985,131824210,568,-1253,954,-1608,-787,-1838
IMU1,12986,131835040,679,-1318,736,-1338,-729,-1860
IMU1,12987,131845866,432,-1038,633,-1111,-689,-1861
IMU1,12988,131856686,1080,-941,-8,-960,-630,-1870
IMU1,12989,131866998,-131,-1457,1080,-909,-643,-1953
IMU1,12990,131877903,99,-1401,1091,-571,-563,-1779
IMU1,12991,131888531,-297,-1433,1175,-368,-514,-1617
IMU1,12992,131899452,-755,-1471,1401,-153,-591,-1402
IMU1,12993,131910367,-444,-1807,1520,109,-935,-1159
IMU1,12994,131921193,-816,-1695,1193,394,-1543,-966
IMU1,12995,131932015,-717,-1472,1051,613,-2060,-722
IMU1,12996,131942845,-208,-1483,1003,802,-2365,-487
IMU1,12997,131953644,-149,-1526,726,989,-2529,-311
IMU1,12998,131964267,-419,-1235,576,1291,-2558,13
IMU1,12999,131974798,-598,-1311,683,1386,-2480,203
IMU1,13000,131985517,-816,-1463,554,1496,-2522,415
IMU1,13001,131996254,-996,-1508,254,1550,-2732,681
IMU1,13002,132006983,-898,-1547,332,1516,-2881,1026
IMU1,13003,132017901,-697,-1530,265,1434,-2850,1426
IMU1,13004,132028834,-198,-1299,680,1307,-2672,1824
IMU1,13005,132039744,655,-1065,1146,1213,-2506,2094
IMU1,13006,132050776,1035,-751,1255,949,-1850,1892
IMU1,13007,132061624,294,-803,1267,663,-1033,1730
IMU1,13008,132072246,-583,-1075,1014,247,-440,1823
IMU1,13009,132082963,-1201,-1355,1024,-262,-502,2185
IMU1,13010,132093984,-1246,-1424,1091,-775,-792,2735
IMU1,13011,132105030,-973,-1477,1213,-1276,-861,3296
IMU1,13012,132116049,-1007,-1585,1353,-1743,-672,3738
IMU1,13013,132127274,-1522,-1790,1521,-2463,-445,4410
IMU1,13014,132138503,-1638,-1906,1488,-2703,-718,4714
IMU1,13015,132149736,-1810,-1938,1462,-2869,-1192,4970
IMU1,13016,132161169,-1844,-1904,1496,-2974,-1747,5202
IMU1,13017,132172587,-1832,-1870,1582,-2997,-2265,5368
IMU1,13018,132184031,-1872,-1719,1531,-2952,-2729,5453
IMU1,13019,132195458,-2286,-1138,1200,-2830,-3351,5473
IMU1,13020,132206896,-2383,-962,932,-2857,-3481,5481
IMU1,13021,132217932,-2446,-860,544,-2946,-3451,5486
IMU1,13022,132228968,-2577,-980,345,-3107,-3324,5473
IMU1,13023,132239993,-2551,-976,-16,-3311,-3154,5411
IMU1,13024,132250945,-2522,-699,104,-3592,-2813,5290
IMU1,13025,132261971,-2469,-879,865,-4229,-1004,4875
IMU1,13026,132273006,-2304,-647,576,-4254,-369,4617
IMU1,13027,132283840,-2947,-650,874,-4086,-276,4264
IMU1,13028,132294669,-2726,-603,518,-3677,-631,3964
IMU1,13029,132305517,-2787,-435,226,-3213,-1149,3655
IMU1,13030,132316547,-2640,-350,118,-2812,-1257,3357
IMU1,13031,132327580,-2536,-180,-103,-2517,-850,3060
IMU1,13032,132338512,-2611,-72,-478,-2348,-203,2410
IMU1,13033,132349246,-2647,-7,-465,-2338,784,2114
IMU1,13034,132359689,-2590,53,-311,-2381,912,1857
IMU1,13035,132370229,-2481,88,-131,-2355,847,1613
IMU1,13036,132380761,-2373,92,-7,-2250,620,1370
IMU1,13037,132390913,-2323,118,71,-2047,254,1114
IMU1,13038,132401351,-2292,107,-71,-1808,-219,866
IMU1,13039,132411774,-2297,94,-110,-1573,-628,653
IMU1,13040,132422206,-2224,93,-172,-1347,-841,490
IMU1,13041,132432625,-2193,49,-219,-1146,-808,350
IMU1,13042,132443044,-2176,32,-229,-982,-576,231
IMU1,13043,132453269,-2192,-1,-141,-851,-261,134
IMU1,13044,132464432,-2271,5,-80,-681,153,47
IMU1,13045,132473961,-2280,-1,-21,-622,147,58
IMU1,13046,132483588,-2357,4,-24,-553,75,81
IMU1,13047,132493437,-2363,-40,-58,-497,2,146
IMU1,13048,132503059,-2396,-55,-126,-481,-7,245
IMU1,13049,132512976,-2387,-50,-183,-496,57,346
IMU1,13050,132522988,-2327,-105,-178,-540,196,433
IMU1,13051,132533407,-2297,-137,-112,-574,375,480
IMU1,13052,132543832,-2311,-150,-97,-593,529,504
IMU1,13053,132554085,-2310,-71,10,-596,668,514
IMU1,13054,132564023,-2217,-213,25,-566,779,502
IMU1,13055,132574151,-2228,-127,-31,-528,791,472
IMU1,13056,132584391,-2223,-115,-43,-493,690,417
IMU1,13057,132594615,-2171,-133,30,-453,605,363
IMU1,13058,132604752,-2096,-154,57,-390,540,297
IMU1,13059,132614901,-2085,-156,80,-291,470,212
IMU1,13060,132625022,-2136,-167,-24,-190,364,124
IMU1,13061,132637794,-2095,-135,-94,-44,275,-31
IMU1,13062,132647713,-2142,-73,-146,0,347,-102
IMU1,13063,132657436,-2233,-57,-86,23,432,-137
IMU1,13064,132667269,-2282,292,-73,41,472,-122
IMU1,13065,132677200,-2531,-246,109,59,495,-13
IMU1,13066,132687123,-2349,98,-171,77,419,131
IMU1,13067,132696964,-2326,111,-196,21,308,224
IMU1,13068,132707000,-2412,178,-266,-61,262,314
IMU1,13069,132717143,-2426,206,-352,-137,281,402
IMU1,13070,132727457,-2456,305,-305,-187,396,478
IMU1,13071,132737795,-2518,460,-286,-194,594,531
IMU1,13072,132748128,-2513,615,-302,-168,765,560
IMU1,13073,132758472,-2444,780,-332,-113,823,545
IMU1,13074,132768805,-2518,1066,-333,-33,718,468
IMU1,13075,132779135,-2683,1409,-499,79,478,358
IMU1,13076,132789382,-2900,1882,-664,214,164,243
IMU1,13077,132799815,-3202,2852,-1236,416,-203,114
IMU1,13078,132810558,-3165,3601,-1982,1232,-1003,-242
IMU1,13079,132821791,-3143,4494,-2827,1703,-1160,-510
IMU1,13080,132833023,-3459,5454,-3425,2214,-1142,-852
IMU1,13081,132844262,-3981,6202,-3477,2888,-837,-1188
IMU1,13082,132855501,-4852,6481,-3147,3875,-55,-1324
IMU1,13083,132866539,-5560,6529,-2763,5182,1202,-1101
IMU1,13084,132877880,-5741,6572,-1338,7986,3632,79
IMU1,13085,132888735,-5388,6405,-142,9115,4303,585
IMU1,13086,132899587,-5418,6018,1356,9998,4718,861
IMU1,13087,132910564,-5439,5513,3065,10743,4908,1098
IMU1,13088,132921936,-5194,4986,4887,11470,4714,1189
IMU1,13089,132933303,-4617,4536,6183,12280,3986,1003
IMU1,13090,132944671,-3628,3979,6496,13681,1900,-881
IMU1,13091,132955918,-3056,3993,5895,13897,1360,-2059
IMU1,13092,132967397,-2660,4287,5634,13688,1724,-3130
IMU1,13093,132978845,-2666,4366,5742,13257,2800,-3927
IMU1,13094,132990302,-2353,4247,6115,12771,3675,-4284
IMU1,13095,133001795,-1166,2442,6080,12309,3836,-4373
IMU1,13096,133013266,-717,1628,5330,11037,1945,-4026
IMU1,13097,133024523,-262,1336,4465,9802,748,-3505
IMU1,13098,133035380,-243,1009,3816,8071,48,-2805
IMU1,13099,133046034,-694,1103,3179,6088,-134,-1817
IMU1,13100,133056983,-1080,630,2715,4011,18,-573
IMU1,13101,133067428,-998,260,2596,2039,634,735
IMU1,13102,133077791,-1213,-186,2538,355,1727,1754
IMU1,13103,133088645,-1078,-1172,2949,-974,2598,2444
IMU1,13104,133099785,-689,-1525,3168,-2335,3010,2054
IMU1,13105,133110948,-637,-1618,2941,-2382,2684,1292
IMU1,13106,133122105,-739,-1552,2746,-2131,2097,444
IMU1,13107,133133021,-762,-1504,2368,-1652,1362,-251
IMU1,13108,133144032,-821,-1365,1896,-1039,742,-754
IMU1,13109,133154850,-1007,-1237,1481,-420,389,-1018
IMU1,13110,133165867,-1186,-1150,889,457,203,-836
IMU1,13111,133176396,-1043,-1283,927,629,114,-586
IMU1,13112,133186918,-1130,-1330,860,687,-78,-373
IMU1,13113,133197339,-1429,-1338,612,638,-383,-171
IMU1,13114,133207972,-1422,-1331,554,469,-525,82
IMU1,13115,133218306,-1313,-1368,689,248,-321,294
IMU1,13116,133228823,-1340,-1409,845,63,-76,396
IMU1,13117,133238939,-1334,-1439,1014,-33,-58,402
IMU1,13118,133249364,-1286,-1459,1180,-38,-148,313
# swing_peak_seq=13092
IMU1,13119,133259973,-1470,-1479,1158,30,-260,145
IMU1,13120,133270512,-1621,-1406,937,105,-462,-17
IMU1,13121,133280927,-1594,-1362,882,116,-570,-203
IMU1,13122,133291539,-1539,-1378,968,15,-379,-284
IMU1,13123,133301950,-1601,-1384,959,-44,-326,-367
IMU1,13124,133312458,-1702,-1370,854,-128,-303,-404
IMU1,13125,133323163,-1776,-1376,790,-280,-240,-356
IMU1,13126,133333890,-1783,-1393,846,-482,-135,-259
IMU1,13127,133344598,-1760,-1455,962,-687,-48,-162
IMU1,13128,133355103,-1803,-1505,1023,-864,-47,-107
IMU1,13129,133365827,-1843,-1559,1079,-1023,-154,-87
IMU1,13130,133376737,-1863,-1642,1243,-1172,-284,-97
IMU1,13131,133387638,-1862,-1645,1286,-1446,-476,-238
IMU1,13132,133398741,-1862,-1617,1331,-1602,-611,-372
IMU1,13133,133409853,-1883,-1606,1387,-1776,-770,-546
IMU1,13134,133420965,-1922,-1559,1431,-1976,-938,-723
IMU1,13135,133432090,-1929,-1494,1446,-2194,-1081,-895
IMU1,13136,133443408,-1912,-1421,1457,-2423,-1176,-1058
IMU1,13137,133454929,-1811,-1295,1511,-2882,-1168,-1323
IMU1,13138,133466440,-1770,-1242,1538,-3097,-1163,-1419
IMU1,13139,133477967,-1704,-1204,1586,-3279,-1212,-1503
IMU1,13140,133489503,-1612,-1159,1639,-3430,-1332,-1556
IMU1,13141,133501028,-1542,-1076,1688,-3534,-1466,-1589
IMU1,13142,133512562,-1506,-908,1616,-3661,-1747,-1575
IMU1,13143,133523896,-1472,-824,1539,-3712,-1950,-1524
IMU1,13144,133535234,-1410,-732,1476,-3759,-2161,-1447
IMU1,13145,133546562,-1365,-653,1380,-3801,-2332,-1354
IMU1,13146,133557882,-1383,-590,1262,-3848,-2481,-1235
IMU1,13147,133569210,-1369,-457,986,-3899,-2649,-1080
IMU1,13148,133580328,-1393,-376,846,-4005,-3054,-688
IMU1,13149,133591255,-1433,-299,701,-4049,-3240,-445
IMU1,13150,133602178,-1458,-233,554,-4088,-3434,-177
IMU1,13151,133613101,-1457,-160,475,-4132,-3655,116
IMU1,13152,133623931,-1421,-102,398,-4170,-3856,413
IMU1,13153,133634766,-1386,-12,332,-4203,-3996,694
IMU1,13154,133647944,-1488,228,189,-4253,-4213,1196
IMU1,13155,133658883,-1618,296,145,-4283,-4307,1433
IMU1,13156,133669810,-1725,364,61,-4292,-4367,1669
IMU1,13157,133680549,-1842,526,7,-4294,-4343,1918
IMU1,13158,133691101,-1637,466,-17,-4286,-3948,2136
IMU1,13159,133701942,-1992,547,-235,-4287,-3552,2306
IMU1,13160,133712982,-1968,604,-304,-4316,-3433,2476
IMU1,13161,133724543,-2023,603,-264,-4346,-3253,2721
IMU1,13162,133735567,-2089,573,-436,-4373,-3045,2802
IMU1,13163,133746594,-2062,466,-625,-4454,-2773,2830
IMU1,13164,133757634,-2051,428,-546,-4545,-2521,2776
IMU1,13165,133768674,-2020,421,-336,-4541,-2249,2632
IMU1,13166,133779689,-2003,452,-142,-4408,-1871,2417
IMU1,13167,133790704,-2321,629,-31,-4172,-1144,1907
IMU1,13168,133801545,-2486,710,-106,-3540,-1087,1706
IMU1,13169,133812570,-2522,845,-178,-3242,-1124,1554
IMU1,13170,133823591,-2535,896,-251,-2995,-1065,1426
IMU1,13171,133834639,-2574,960,-320,-2812,-908,1309
IMU1,13172,133845463,-2578,1001,-374,-2687,-718,1190
IMU1,13173,133856489,-2604,1000,-392,-2604,-542,1054
IMU1,13174,133867506,-3044,850,-72,-2546,-408,624
IMU1,13175,133877952,-2985,1002,-85,-2289,-470,656
IMU1,13176,133888580,-2921,1088,31,-2034,-827,652
IMU1,13177,133899097,-2865,1054,123,-1743,-1083,585
IMU1,13178,133910028,-2903,937,-8,-1454,-1046,516
IMU1,13179,133920465,-2862,908,-172,-1230,-956,480
IMU1,13180,133931092,-2797,870,-146,-1085,-864,418
IMU1,13181,133941731,-2730,774,-164,-1002,-617,331
IMU1,13182,133952356,-2751,719,-96,-969,-339,260
IMU1,13183,133962577,-2720,722,-12,-940,-158,205
IMU1,13184,133972797,-2793,706,152,-890,-73,168
IMU1,13185,133983980,-2875,690,160,-731,-45,163
IMU1,13186,133994123,-2834,635,90,-643,-120,202
IMU1,13187,134004258,-2667,599,154,-573,-179,243
IMU1,13188,134014588,-2716,525,110,-494,-142,249
IMU1,13189,134024928,-2629,463,68,-428,-86,260
IMU1,13190,134034850,-2579,461,102,-379,-31,261
IMU1,13191,134044982,-2471,427,138,-333,68,234
IMU1,13192,134055014,-2418,389,182,-287,185,173
IMU1,13193,134065247,-2379,373,187,-239,221,89
IMU1,13194,134075289,-2324,364,175,-201,162,-7
IMU1,13195,134085215,-2278,383,159,-168,59,-110
IMU1,13196,134095341,-2288,394,91,-137,-22,-198
IMU1,13197,134105376,-2260,417,61,-131,-67,-255
IMU1,13198,134115408,-2230,458,88,-123,-102,-283
IMU1,13199,134125638,-2194,467,82,-95,-120,-294
IMU1,13200,134135671,-2196,458,28,-53,-123,-287
IMU1,13201,134145710,-2178,488,0,-11,-122,-266
IMU1,13202,134156979,-2175,572,-25,60,-67,-202
IMU1,13203,134166794,-2194,630,-64,90,-2,-165
IMU1,13204,134176427,-2213,696,-108,109,57,-137
IMU1,13205,134186546,-2215,795,-98,129,85,-130
IMU1,13206,134196477,-2258,939,-11,170,53,-142
IMU1,13207,134206405,-2294,1112,-9,254,-75,-184
IMU1,13208,134216431,-2357,1307,-35,396,-313,-275
IMU1,13209,134226866,-2533,1709,-158,587,-600,-418
IMU1,13210,134237503,-2723,2084,-300,817,-861,-593
IMU1,13211,134248140,-2917,2503,-451,1103,-1060,-843
IMU1,13212,134259170,-3132,3016,-586,1467,-1142,-1152
IMU1,13213,134270434,-3532,3564,-722,1918,-1143,-1485
IMU1,13214,134281681,-4528,4451,-1156,3102,-1018,-1980
IMU1,13215,134293126,-4932,4782,-1434,3795,-803,-2061
IMU1,13216,134304382,-5271,5051,-1453,4538,-410,-2041
IMU1,13217,134315629,-5408,5181,-1364,5326,252,-1936
IMU1,13218,134326776,-5386,5244,-1195,6117,1148,-1790
IMU1,13219,134338142,-5253,5212,16,6871,2235,-1645
IMU1,13220,134349523,-4841,4922,747,8246,4599,-1486
IMU1,13221,134360564,-4818,4811,1561,8813,5435,-1389
IMU1,13222,134371812,-4613,4576,2560,9318,5763,-1245
IMU1,13223,134383072,-4119,4254,3337,9821,5557,-1229
IMU1,13224,134394345,-3589,3972,3892,10311,4996,-1526
IMU1,13225,134405814,-3857,3961,3911,10753,4378,-2090
IMU1,13226,134417252,-3797,4213,3979,11139,4087,-2686
IMU1,13227,134428700,-3546,4412,4126,11078,4865,-2699
IMU1,13228,134440150,-3431,4472,4363,10916,5806,-2564
IMU1,13229,134451592,-3160,4373,4711,10681,6365,-2253
IMU1,13230,134463051,-2688,4097,5031,10437,6145,-1956
IMU1,13231,134474501,-1487,2996,5213,9857,4138,-1824
IMU1,13232,134485746,-1253,2429,4891,9458,3144,-1898
IMU1,13233,134497007,-1289,1906,4305,8859,2445,-1879
IMU1,13234,134508250,-1403,1496,3765,7986,2152,-1639
IMU1,13235,134519501,-1497,919,3543,6878,2175,-1185
IMU1,13236,134530560,-1453,369,4099,5633,2257,-591
IMU1,13237,134541910,-1402,-708,4242,3211,1933,533
IMU1,13238,134552751,-1068,-953,4237,2134,1472,857
IMU1,13239,134563610,-1040,-1115,3589,1129,1092,890
IMU1,13240,134574646,-1091,-1163,2846,160,826,746
IMU1,13241,134585270,-852,-1170,2464,-713,733,554
IMU1,13242,134595818,-921,-1289,2199,-1357,827,287
IMU1,13243,134606543,-904,-1270,2087,-1716,820,51
IMU1,13244,134617069,-857,-1228,2156,-1771,706,-123
IMU1,13245,134628417,-985,-1367,1929,-1055,313,-311
IMU1,13246,134639245,-1189,-1279,1417,-545,5,-274
IMU1,13247,134652245,-1240,-1297,1038,-166,-194,-144
IMU1,13248,134663157,-1198,-1322,867,50,-210,-17
IMU1,13249,134673379,-1193,-1399,790,134,-182,47
IMU1,13250,134683715,-1220,-1451,792,137,-242,50
IMU1,13251,134694042,-1270,-1483,783,108,-350,6
IMU1,13252,134705222,-1367,-1504,765,26,-401,-59
IMU1,13253,134715448,-1397,-1522,737,-27,-336,-131
IMU1,13254,134725974,-1421,-1531,749,-95,-257,-181
IMU1,13255,134736496,-1443,-1527,819,-159,-212,-223
# swing_peak_seq=13229
IMU1,13256,134747206,-1414,-1534,864,-211,-237,-266
IMU1,13257,134757927,-1385,-1507,894,-258,-324,-315
IMU1,13258,134768661,-1398,-1484,878,-310,-434,-370
IMU1,13259,134779376,-1411,-1464,849,-377,-530,-413
IMU1,13260,134790094,-1411,-1463,774,-463,-575,-441
IMU1,13261,134801339,-1264,-1440,713,-699,-277,-461
IMU1,13262,134812059,-1604,-1595,616,-863,141,-456
IMU1,13263,134822687,-1657,-1532,587,-1023,190,-407
IMU1,13264,134833503,-1626,-1544,686,-1188,142,-356
IMU1,13265,134844337,-1638,-1597,770,-1340,86,-338
IMU1,13266,134854966,-1732,-1630,800,-1465,-17,-341
IMU1,13267,134865679,-1809,-1631,820,-1584,-235,-359
IMU1,13268,134876600,-1778,-1612,879,-1702,-542,-398
IMU1,13269,134888047,-1822,-1589,831,-1947,-1016,-559
IMU1,13270,134899166,-1879,-1560,768,-2090,-1227,-640
IMU1,13271,134910309,-1848,-1459,728,-2242,-1433,-727
IMU1,13272,134921452,-1763,-1478,682,-2405,-1553,-824
IMU1,13273,134932582,-1701,-1461,646,-2573,-1585,-920
IMU1,13274,134943703,-1646,-1390,653,-2730,-1594,-1012
IMU1,13275,134955037,-1547,-1263,705,-2975,-1658,-1159
IMU1,13276,134966388,-1497,-1201,703,-3064,-1724,-1205
IMU1,13277,134977724,-1436,-1165,709,-3121,-1826,-1251
IMU1,13278,134989066,-1342,-1148,676,-3155,-1971,-1284
IMU1,13279,135000396,-1255,-1139,660,-3166,-2109,-1323
IMU1,13280,135011741,-1186,-1113,537,-3150,-2190,-1357
IMU1,13281,135023094,-1112,-1084,440,-3098,-2187,-1379
IMU1,13282,135034434,-1111,-1057,405,-3079,-2127,-1369
IMU1,13283,135045768,-1098,-996,399,-3056,-2053,-1342
IMU1,13284,135056885,-1055,-909,383,-3012,-2004,-1309
IMU1,13285,135067999,-952,-834,383,-2949,-1983,-1273
IMU1,13286,135078940,-995,-705,374,-2879,-1971,-1237
IMU1,13287,135089874,-1012,-683,272,-2742,-2065,-1097
IMU1,13288,135100998,-1115,-622,146,-2708,-2161,-979
IMU1,13289,135111936,-894,-668,136,-2709,-2110,-847
IMU1,13290,135122669,-1063,-672,-47,-2740,-1990,-725
IMU1,13291,135133490,-1190,-541,-7,-2784,-1970,-582
IMU1,13292,135144128,-1195,-546,134,-2804,-1958,-418
IMU1,13293,135155059,-1238,-503,69,-2777,-1984,-262
IMU1,13294,135165807,-1575,-376,-146,-2724,-2080,117
IMU1,13295,135176743,-1530,-690,-2,-2652,-2303,356
IMU1,13296,135187265,-1577,-319,-239,-2615,-2449,549
IMU1,13297,135198188,-1618,-416,-222,-2617,-2611,701
IMU1,13298,135209103,-1795,-393,-220,-2636,-2714,825
IMU1,13299,135220017,-1903,-335,-302,-2656,-2828,926
IMU1,13300,135230928,-2118,-295,-412,-2687,-3007,1005
IMU1,13301,135242050,-2183,-241,-544,-2740,-3212,1082
IMU1,13302,135253167,-2390,-224,-713,-2876,-3281,1181
IMU1,13303,135264299,-2484,-210,-714,-2961,-3109,1252
IMU1,13304,135275432,-2476,-174,-705,-3014,-2905,1324
IMU1,13305,135286567,-2780,-180,-638,-3034,-2726,1396
IMU1,13306,135297696,-2887,-178,-613,-3030,-2574,1507
IMU1,13307,135308814,-3044,-139,-691,-3019,-2478,1619
IMU1,13308,135319936,-3012,-46,-704,-3032,-2441,1754
IMU1,13309,135330892,-3034,37,-762,-3082,-2412,1720
IMU1,13310,135341739,-3053,-59,-882,-3142,-2308,1628
IMU1,13311,135352681,-2838,-62,-907,-3245,-2139,1491
IMU1,13312,135363610,-2752,10,-688,-3330,-1916,1292
IMU1,13313,135374438,-2701,40,-556,-3346,-1656,1052
IMU1,13314,135385260,-2733,32,-513,-3291,-1431,804
IMU1,13315,135395893,-2856,143,-475,-3192,-1322,607
IMU1,13316,135407257,-2805,542,-476,-2885,-1306,411
IMU1,13317,135418089,-2586,1225,-681,-2717,-1271,356
IMU1,13318,135429123,-2940,580,-1030,-2628,-1188,308
IMU1,13319,135440154,-3069,-855,-201,-2547,-1138,508
IMU1,13320,135451082,-2548,1223,-205,-2299,-986,746
IMU1,13321,135461922,-2265,545,-170,-2000,-717,619
IMU1,13322,135472559,-2593,123,-312,-1700,-626,364
IMU1,13323,135483200,-2433,367,-230,-1455,-702,13
IMU1,13324,135493627,-2404,323,-175,-1109,-634,-179
IMU1,13325,135504353,-2490,367,-131,-970,-528,-337
IMU1,13326,135514877,-2547,402,-167,-857,-472,-447
IMU1,13327,135525414,-2529,416,-204,-773,-508,-504
IMU1,13328,135535954,-2577,383,-195,-724,-586,-514
IMU1,13329,135546499,-2557,339,-135,-680,-626,-472
IMU1,13330,135557042,-2526,321,-164,-644,-612,-383
IMU1,13331,135567575,-2499,276,-163,-614,-547,-276
IMU1,13332,135578117,-2361,274,-189,-588,-441,-160
IMU1,13333,135588637,-2047,290,-466,-582,-286,-82
IMU1,13334,135599486,-2231,24,-343,-684,138,-58
IMU1,13335,135609525,-2376,-17,172,-710,332,8
IMU1,13336,135619274,-2109,96,214,-579,297,81
IMU1,13337,135629114,-2085,22,151,-388,38,84
IMU1,13338,135638753,-2207,-113,191,-190,-216,78
IMU1,13339,135648996,-2039,10,42,-24,-361,89
IMU1,13340,135661088,-1999,-54,-74,70,-399,56
IMU1,13341,135670728,-2009,-80,-236,98,-374,1
IMU1,13342,135680360,-1975,-33,-324,63,-321,-40
IMU1,13343,135690251,-1927,-37,-322,-17,-211,-77
IMU1,13344,135700247,-1969,-84,-242,-94,-69,-109
IMU1,13345,135710252,-2007,-104,-100,-122,15,-121
IMU1,13346,135720560,-2008,-70,26,-76,-3,-118
IMU1,13347,135730081,-1992,-100,0,30,-78,-108
IMU1,13348,135739610,-1994,-63,-115,107,-89,-93
IMU1,13349,135749534,-1996,-50,-183,111,-25,-78
IMU1,13350,135759458,-2011,-52,-169,68,28,-64
IMU1,13351,135769085,-2014,-65,-118,26,43,-46
IMU1,13352,135778711,-2019,-81,-83,1,41,-24
IMU1,13353,135787944,-2024,-66,-70,-8,49,-5
IMU1,13354,135797074,-2034,-84,-61,-6,71,0
IMU1,13355,135806016,-2052,-91,-50,-4,92,-5
IMU1,13356,135815154,-2071,-73,-20,5,110,-16
IMU1,13357,135824593,-2106,-49,-4,15,115,-28
IMU1,13358,135834019,-2138,0,6,25,120,-39
IMU1,13359,135842957,-2181,41,44,47,121,-44
IMU1,13360,135852393,-2268,116,14,113,76,-44
IMU1,13361,135862036,-2340,263,-59,204,40,-1
IMU1,13362,135871575,-2365,396,-212,285,56,15
IMU1,13363,135881432,-2458,612,-288,321,77,31
IMU1,13364,135891287,-2650,820,-323,406,-51,27
IMU1,13365,135901206,-2756,1154,-491,562,-171,12
IMU1,13366,135911547,-3013,1441,-675,763,-236,-8
IMU1,13367,135921795,-3222,1791,-881,1000,-229,5
IMU1,13368,135932132,-3467,2308,-1130,1266,-168,37
IMU1,13369,135942891,-3717,2822,-1387,1561,-132,71
IMU1,13370,135953639,-3885,3261,-1773,1884,-145,107
IMU1,13371,135964578,-4184,3898,-2275,2697,-128,192
IMU1,13372,135975529,-4361,4180,-2388,3245,141,272
IMU1,13373,135986395,-4478,4388,-2313,3913,633,391
IMU1,13374,135997301,-4514,4521,-2241,4675,1299,509
IMU1,13375,136008359,-4596,4610,-1961,5488,2064,604
IMU1,13376,136019400,-4693,4622,-1461,6316,2915,707
IMU1,13377,136030458,-4755,4600,-897,7124,3806,836
IMU1,13378,136041322,-4941,4441,391,8506,5253,1122
IMU1,13379,136052277,-4917,4484,882,9035,5615,1293
IMU1,13380,136063229,-4794,4481,1542,9453,5712,1392
IMU1,13381,136074414,-4673,4396,2167,9822,5723,1357
IMU1,13382,136085582,-4887,4391,2438,10139,5786,1240
IMU1,13383,136096954,-5030,4642,2413,10292,5901,1220
IMU1,13384,136108318,-4822,5065,2662,10207,6201,1413
IMU1,13385,136119698,-4689,5055,3203,9570,7321,1611
IMU1,13386,136130875,-4666,4854,3725,9260,7767,1896
IMU1,13387,136142053,-4358,4300,4229,9042,7759,2269
IMU1,13388,136153234,-3803,3491,4969,8942,7072,2573
IMU1,13389,136164415,-3400,2520,5547,9016,5816,2710
IMU1,13390,136175589,-2863,789,5101,9201,4288,2649
IMU1,13391,136186571,-2638,47,4736,9165,679,2409
IMU1,13392,136197141,-2483,-505,4264,8787,-967,2018
IMU1,13393,136208079,-2917,-1133,3517,8104,-2106,1605
IMU1,13394,136219413,-2788,-1222,2882,7063,-2710,1386
IMU1,13395,136230759,-3075,-1154,2250,5737,-2790,1276
IMU1,13396,136242127,-2213,-865,1416,4204,-2564,1302
IMU1,13397,136253263,-1240,-766,991,973,-1237,984
IMU1,13398,136263816,-1023,-859,1091,-337,-424,685
IMU1,13399,136274446,-880,-1101,1444,-1258,300,350
IMU1,13400,136285184,-1226,-1353,1388,-1783,771,23
IMU1,13401,136295927,-1316,-1318,1592,-2019,947,-165
IMU1,13402,136306963,-1156,-1348,1830,-1983,908,-256
IMU1,13403,136318011,-1078,-1356,1985,-1683,765,-319
IMU1,13404,136329045,-1335,-1344,1351,-1211,473,-357
IMU1,13405,136340060,-1639,-1451,977,-305,-438,-107
IMU1,13406,136350769,-1578,-1349,786,0,-743,119
IMU1,13407,136360805,-1584,-1366,448,225,-910,290
IMU1,13408,136371329,-1493,-1308,237,342,-1016,417
IMU1,13409,136382047,-1468,-1371,245,371,-1003,479
IMU1,13410,136392776,-1408,-1394,352,364,-869,491
IMU1,13411,136403314,-1412,-1477,456,360,-657,401
IMU1,13412,136413829,-1478,-1535,522,356,-431,287
# swing_peak_seq=13386
IMU1,13413,136424361,-1626,-1533,518,339,-310,156
IMU1,13414,136434887,-1701,-1479,609,297,-337,42
IMU1,13415,136445739,-1670,-1440,692,188,-462,-126
IMU1,13416,136456361,-1718,-1439,777,143,-470,-189
IMU1,13417,136466986,-1783,-1464,805,103,-476,-222
IMU1,13418,136477608,-1850,-1462,804,53,-492,-224
IMU1,13419,136488029,-1866,-1536,792,-33,-498,-214
IMU1,13420,136498545,-1872,-1609,791,-163,-543,-217
IMU1,13421,136509271,-1873,-1625,755,-323,-657,-248
IMU1,13422,136519994,-1924,-1653,743,-507,-796,-307
IMU1,13423,136530726,-2015,-1711,750,-701,-878,-362
IMU1,13424,136541974,-2166,-1743,703,-1113,-860,-413
IMU1,13425,136552913,-2240,-1757,768,-1339,-818,-458
IMU1,13426,136563845,-2241,-1793,910,-1567,-808,-536
IMU1,13427,136574768,-2203,-1756,1019,-1763,-887,-676
IMU1,13428,136585900,-2173,-1649,1110,-1935,-1073,-878
IMU1,13429,136597235,-2143,-1562,1184,-2079,-1335,-1122
IMU1,13430,136608778,-2054,-1344,1212,-2317,-1854,-1614
IMU1,13431,136620306,-2004,-1251,1179,-2435,-2040,-1812
IMU1,13432,136631848,-1975,-1138,1104,-2567,-2185,-1960
IMU1,13433,136643388,-1902,-1032,1024,-2709,-2297,-2055
IMU1,13434,136654915,-1806,-960,991,-2851,-2368,-2098
IMU1,13435,136668606,-1544,-818,994,-3071,-2378,-2060
IMU1,13436,136679751,-1405,-722,1008,-3148,-2371,-2026
IMU1,13437,136691094,-1341,-637,1017,-3201,-2401,-2002
IMU1,13438,136702430,-1322,-541,1027,-3240,-2478,-1969
IMU1,13439,136713770,-1270,-339,975,-3274,-2606,-1920
IMU1,13440,136724897,-1350,-271,952,-3333,-3038,-1737
IMU1,13441,136736025,-1392,-247,912,-3346,-3341,-1566
IMU1,13442,136747140,-1399,-236,823,-3344,-3660,-1335
IMU1,13443,136758274,-1376,-212,681,-3333,-3950,-1058
IMU1,13444,136769405,-1325,-193,522,-3330,-4165,-762
IMU1,13445,136780322,-1333,-184,387,-3343,-4291,-463
IMU1,13446,136791255,-1497,-189,241,-3366,-4398,157
IMU1,13447,136802091,-1547,-176,173,-3446,-4477,442
IMU1,13448,136812919,-1643,-181,117,-3497,-4608,671
IMU1,13449,136823731,-1767,-133,-6,-3554,-4781,867
IMU1,13450,136834263,-1861,-65,-163,-3636,-4960,1048
IMU1,13451,136845176,-1975,-43,-384,-3771,-5049,1226
IMU1,13452,136856107,-2025,-41,-588,-3962,-4976,1406
IMU1,13453,136867035,-2027,-59,-786,-4204,-4720,1566
IMU1,13454,136877978,-2154,-123,-1115,-4810,-3742,1771
IMU1,13455,136889323,-2199,-241,-1084,-5095,-3202,1840
IMU1,13456,136900647,-2176,-358,-811,-5253,-2790,1893
IMU1,13457,136911781,-2127,-359,-461,-5220,-2471,1906
IMU1,13458,136922920,-2162,-325,-299,-5010,-2148,1863
IMU1,13459,136934053,-2266,-290,-245,-4699,-1840,1788
IMU1,13460,136945190,-2424,-144,-423,-4347,-1501,1592
IMU1,13461,136956337,-2459,-80,-465,-3684,-1470,1476
IMU1,13462,136967277,-2454,12,-468,-3390,-1473,1337
IMU1,13463,136978107,-2441,105,-518,-3128,-1483,1177
IMU1,13464,136989132,-2488,205,-601,-2907,-1483,1005
IMU1,13465,137000151,-2536,276,-705,-2741,-1463,848
IMU1,13466,137010984,-2590,329,-769,-2624,-1427,722
IMU1,13467,137021820,-2582,362,-793,-2531,-1354,569
IMU1,13468,137032654,-2515,425,-764,-2366,-1115,530
IMU1,13469,137043495,-2434,511,-725,-2287,-953,461
IMU1,13470,137054132,-3208,319,-727,-2189,-781,386
IMU1,13471,137064769,-3305,464,-518,-2092,-758,559
IMU1,13472,137075408,-2914,727,-548,-1932,-910,761
IMU1,13473,137086045,-3018,597,-477,-1741,-1028,848
IMU1,13474,137096895,-2964,544,-572,-1543,-1029,931
IMU1,13475,137107736,-2787,523,-646,-1373,-961,998
IMU1,13476,137118895,-2402,412,-581,-1117,-656,922
IMU1,13477,137129534,-2347,345,-474,-1006,-438,780
IMU1,13478,137140179,-2352,330,-335,-911,-254,617
IMU1,13479,137150616,-2437,347,-228,-794,-186,456
IMU1,13480,137161060,-2409,405,-154,-680,-255,335
IMU1,13481,137171483,-2385,459,-139,-566,-370,229
IMU1,13482,137181921,-2396,441,-182,-472,-465,128
IMU1,13483,137192362,-2403,463,-214,-411,-549,51
IMU1,13484,137202596,-2450,388,-227,-363,-619,5
IMU1,13485,137212639,-2399,321,-238,-313,-636,5
IMU1,13486,137222705,-2368,304,-214,-277,-559,19
IMU1,13487,137232933,-2370,245,-150,-240,-428,41
IMU1,13488,137244194,-2410,248,-167,-150,-282,120
IMU1,13489,137254603,-2439,249,-204,-121,-265,163
IMU1,13490,137265013,-2394,225,-237,-121,-282,218
IMU1,13491,137275445,-2354,216,-255,-135,-298,265
IMU1,13492,137285882,-2325,176,-286,-156,-276,292
IMU1,13493,137296309,-2331,134,-326,-186,-241,307
IMU1,13494,137306736,-2321,84,-319,-215,-202,303
IMU1,13495,137316968,-2299,31,-264,-225,-154,282
IMU1,13496,137327198,-2261,-16,-238,-197,-114,234
IMU1,13497,137337529,-2256,-45,-209,-130,-103,157
IMU1,13498,137347856,-2238,-67,-219,-45,-111,71
IMU1,13499,137357780,-2223,-74,-242,43,-129,-19
IMU1,13500,137369264,-2191,-65,-273,185,-119,-175
IMU1,13501,137379599,-2173,-50,-254,222,-107,-229
IMU1,13502,137389932,-2148,-41,-221,267,-118,-280
IMU1,13503,137400263,-2125,-35,-204,295,-168,-322
IMU1,13504,137410588,-2096,-42,-216,325,-227,-364
IMU1,13505,137420904,-2093,-33,-217,344,-266,-399
IMU1,13506,137431219,-2105,-23,-215,357,-271,-425
IMU1,13507,137441546,-2133,5,-175,371,-250,-439
IMU1,13508,137451580,-2157,22,-156,393,-216,-435
IMU1,13509,137461822,-2170,53,-152,415,-191,-427
IMU1,13510,137472052,-2205,91,-140,431,-187,-418
IMU1,13511,137482268,-2225,104,-158,450,-210,-402
IMU1,13512,137492693,-2236,276,-197,455,-257,-383
IMU1,13513,137503656,-2323,361,-247,455,-278,-373
IMU1,13514,137514102,-2421,479,-273,455,-314,-366
IMU1,13515,137524554,-2534,639,-318,474,-324,-362
IMU1,13516,137535006,-2577,832,-441,517,-284,-355
IMU1,13517,137545454,-2705,1116,-483,575,-273,-363
IMU1,13518,137556103,-2875,1395,-468,690,-305,-383
IMU1,13519,137566757,-3046,1687,-547,890,-374,-399
IMU1,13520,137577408,-3279,2033,-724,1169,-519,-418
IMU1,13521,137588257,-3504,2401,-1045,1501,-717,-429
IMU1,13522,137599309,-3832,3041,-1802,2259,-855,-402
IMU1,13523,137610380,-3963,3281,-2044,2690,-711,-392
IMU1,13524,137621422,-4057,3429,-2158,3196,-356,-362
IMU1,13525,137632483,-4171,3497,-2061,3781,275,-294
IMU1,13526,137643407,-4147,3518,-1939,4444,1154,-180
IMU1,13527,137654547,-4113,3617,-1624,5153,2191,-44
IMU1,13528,137665478,-4108,3621,-1091,5885,3360,120
IMU1,13529,137678970,-3921,3850,-487,7287,5438,609
IMU1,13530,137689818,-3908,4007,-36,7829,5859,826
IMU1,13531,137700457,-3913,3947,559,8296,6098,1020
IMU1,13532,137711428,-3798,3916,1069,8705,6376,1239
IMU1,13533,137722614,-3620,3848,1861,9093,6612,1420
IMU1,13534,137733775,-3482,3730,2940,10090,6354,1377
IMU1,13535,137745140,-3439,3677,3276,10634,5668,1230
IMU1,13536,137756504,-3209,3533,3526,11153,4748,970
IMU1,13537,137767664,-2918,3289,3440,11601,3760,608
IMU1,13538,137778818,-2629,3074,3220,11886,2805,164
IMU1,13539,137789969,-2414,2933,3019,11934,2090,-317
IMU1,13540,137801225,-2216,2617,2643,11337,1769,-983
IMU1,13541,137812465,-2181,2311,2440,10727,2127,-959
IMU1,13542,137823724,-2214,2051,2170,9898,2521,-681
IMU1,13543,137834794,-2105,1779,2273,8862,2521,-251
IMU1,13544,137845848,-1902,1416,2865,7748,2013,167
IMU1,13545,137856794,-1773,940,3767,6737,1180,477
IMU1,13546,137867549,-2094,347,5260,5930,342,737
IMU1,13547,137878622,-2048,-672,4393,4809,-1255,1210
IMU1,13548,137889769,-1545,-418,2672,3966,-2027,1314
IMU1,13549,137900903,-1452,-373,1100,2664,-2226,1282
IMU1,13550,137912039,-1303,-417,550,1075,-1647,1291
IMU1,13551,137922976,-1301,-616,614,-437,-593,1292
IMU1,13552,137933611,-1582,-852,797,-1637,395,1248
IMU1,13553,137944354,-1537,-1101,1259,-2435,933,1169
IMU1,13554,137955509,-1385,-1293,2145,-2672,1033,769
IMU1,13555,137966651,-1590,-1344,2226,-2200,690,514
IMU1,13556,137977606,-1917,-1346,2136,-1497,183,338
IMU1,13557,137988543,-2106,-1381,1930,-711,-287,299
IMU1,13558,137999377,-1955,-1388,1646,32,-601,347
IMU1,13559,138009909,-1797,-1312,1344,632,-728,349
IMU1,13560,138020648,-1805,-1345,1003,1031,-776,249
IMU1,13561,138031579,-1860,-1322,640,1204,-826,32
IMU1,13562,138042121,-1746,-1282,589,1008,-541,-22
IMU1,13563,138052741,-1707,-1260,675,743,-249,-87
IMU1,13564,138063174,-1805,-1266,816,442,-46,-157
# swing_peak_seq=13538
IMU1,13565,138073610,-1870,-1247,911,154,4,-202
IMU1,13566,138083749,-1896,-1164,966,-100,-63,-210
IMU1,13567,138094277,-1888,-1122,1015,-316,-100,-199
IMU1,13568,138105206,-1888,-1130,1073,-486,-86,-172
IMU1,13569,138115934,-1911,-1152,1089,-604,-86,-139
IMU1,13570,138126676,-1979,-1182,1083,-696,-110,-96
IMU1,13571,138137412,-2009,-1318,1087,-775,-160,-29
IMU1,13572,138148150,-1994,-1339,1081,-896,-360,-45
IMU1,13573,138158880,-1979,-1385,1063,-949,-456,-107
IMU1,13574,138169811,-1989,-1416,1052,-1011,-539,-206
IMU1,13575,138180940,-2025,-1393,1066,-1070,-602,-329
IMU1,13576,138192075,-2045,-1388,1145,-1128,-641,-454
IMU1,13577,138203203,-2020,-1375,1240,-1183,-628,-579
IMU1,13578,138214342,-1964,-1300,1368,-1241,-574,-873
IMU1,13579,138225492,-1958,-1250,1404,-1440,-650,-1034
IMU1,13580,138236836,-1923,-1145,1412,-1579,-843,-1176
IMU1,13581,138248187,-1877,-1004,1411,-1741,-1048,-1298
IMU1,13582,138259694,-1828,-862,1422,-1927,-1205,-1390
IMU1,13583,138271016,-1754,-703,1397,-2126,-1270,-1458
IMU1,13584,138282358,-1548,-386,1314,-2600,-983,-1564
IMU1,13585,138293478,-1382,-286,1371,-2878,-736,-1628
IMU1,13586,138304597,-1225,-228,1496,-3137,-494,-1728
IMU1,13587,138315723,-1169,-209,1635,-3366,-294,-1852
IMU1,13588,138326848,-1263,-239,1754,-3552,-266,-1964
IMU1,13589,138337982,-1369,-220,1778,-3701,-527,-2015
IMU1,13590,138349107,-1514,-93,1526,-3824,-1563,-1855
IMU1,13591,138360256,-1532,-25,1320,-4088,-2069,-1623
IMU1,13592,138371383,-1485,40,1112,-4249,-2473,-1319
IMU1,13593,138382420,-1468,78,985,-4417,-2772,-974
IMU1,13594,138393062,-1451,26,863,-4563,-2981,-612
IMU1,13595,138403715,-1476,-15,729,-4694,-3164,-245
IMU1,13596,138414459,-1578,-44,548,-4820,-3371,109
IMU1,13597,138425092,-1694,-40,288,-4959,-3630,447
IMU1,13598,138435733,-1972,0,-189,-5132,-4129,1051
IMU1,13599,138446274,-2087,-4,-470,-5586,-4268,1304
IMU1,13600,138457001,-2210,37,-655,-5876,-4319,1500
IMU1,13601,138467840,-2296,83,-726,-6187,-4323,1637
IMU1,13602,138478664,-2301,150,-857,-6479,-4300,1692
IMU1,13603,138489700,-2216,211,-896,-6757,-4265,1655
IMU1,13604,138500727,-2236,249,-812,-6980,-4230,1529
IMU1,13605,138511763,-2300,241,-725,-7099,-4200,1370
IMU1,13606,138523318,-2710,17,-859,-6956,-4156,1175
IMU1,13607,138534167,-2594,27,-723,-6681,-4160,1227
IMU1,13608,138544997,-2529,111,-438,-6222,-3925,1271
IMU1,13609,138556047,-2541,245,-395,-5643,-3334,1275
IMU1,13610,138567093,-2486,246,-444,-5018,-2576,1220
IMU1,13611,138578123,-2855,461,-322,-4388,-1982,1136
IMU1,13612,138589153,-2541,461,-388,-3762,-1556,1046
IMU1,13613,138600197,-2599,552,-413,-2725,-972,699
IMU1,13614,138610825,-2317,846,-538,-2372,-856,509
IMU1,13615,138621468,-1733,1014,-733,-2168,-786,97
IMU1,13616,138632103,-2311,901,-959,-2116,-670,-361
IMU1,13617,138642839,-3367,487,-544,-2194,-551,-526
IMU1,13618,138653573,-3634,661,-411,-2182,-623,-398
IMU1,13619,138664307,-3139,1124,-521,-2064,-952,-119
IMU1,13620,138675245,-2928,1221,-571,-1934,-1309,69
IMU1,13621,138688623,-2847,1014,-1005,-1804,-1413,323
IMU1,13622,138699847,-2691,952,-921,-1799,-1084,440
IMU1,13623,138710688,-2466,952,-796,-1762,-615,498
IMU1,13624,138721343,-2758,863,-938,-1694,-168,523
IMU1,13625,138731970,-2783,1061,-859,-1600,144,648
IMU1,13626,138742703,-2596,1198,-591,-1579,377,825
IMU1,13627,138753979,-2459,1132,-484,-1410,569,1004
IMU1,13628,138764909,-2403,1065,-409,-1215,530,1067
IMU1,13629,138775834,-2265,999,-390,-1001,432,1098
IMU1,13630,138786581,-2202,1003,-389,-833,306,1082
IMU1,13631,138797317,-2092,916,-498,-657,173,1010
IMU1,13632,138807859,-1998,679,-601,-523,77,898
IMU1,13633,138818010,-2050,537,-596,-430,113,771
IMU1,13634,138828355,-2097,380,-570,-364,280,651
IMU1,13635,138838701,-2115,285,-479,-298,446,541
IMU1,13636,138849056,-2199,119,-366,-223,518,365
IMU1,13637,138859923,-2221,60,-358,-61,393,311
IMU1,13638,138869873,-2245,44,-365,12,264,245
IMU1,13639,138879707,-2197,-9,-409,54,112,190
IMU1,13640,138889460,-2182,-24,-455,60,-16,148
IMU1,13641,138899287,-2122,-9,-505,52,-92,108
IMU1,13642,138908908,-2041,-5,-519,18,-125,70
IMU1,13643,138918534,-2013,17,-479,-12,-116,34
IMU1,13644,138928359,-1982,22,-456,-30,-106,28
IMU1,13645,138938188,-1959,47,-430,-30,-117,48
IMU1,13646,138948010,-1916,61,-421,-17,-113,76
IMU1,13647,138957833,-1909,149,-419,-1,-80,112
IMU1,13648,138967658,-1880,179,-414,12,-40,147
IMU1,13649,138977583,-1886,181,-423,29,-10,174
IMU1,13650,138987504,-1877,235,-424,44,21,187
IMU1,13651,138997349,-1873,231,-415,50,41,178
IMU1,13652,139007196,-1893,236,-427,58,32,148
IMU1,13653,139017059,-1962,266,-378,71,-7,108
IMU1,13654,139026797,-1997,222,-386,97,-48,68
IMU1,13655,139036540,-2039,215,-412,130,-69,28
IMU1,13656,139046479,-2068,216,-460,154,-65,-14
IMU1,13657,139056504,-2115,246,-469,166,-52,-62
IMU1,13658,139066538,-2135,249,-472,180,-54,-107
IMU1,13659,139076768,-2120,212,-468,205,-78,-152
IMU1,13660,139087006,-2093,203,-426,246,-127,-199
IMU1,13661,139097431,-2090,215,-436,304,-206,-256
IMU1,13662,139107877,-2090,246,-490,376,-283,-320
IMU1,13663,139118304,-2277,486,-582,442,-331,-389
IMU1,13664,139128748,-2320,594,-650,565,-183,-384
IMU1,13665,139139192,-2385,764,-696,604,-79,-364
IMU1,13666,139149453,-2418,937,-729,653,-20,-346
IMU1,13667,139159691,-2441,1080,-800,720,-22,-336
IMU1,13668,139170131,-2502,1276,-905,785,-77,-336
IMU1,13669,139180591,-2630,1503,-1053,856,-151,-335
IMU1,13670,139191446,-2705,1728,-1229,942,-179,-329
IMU1,13671,139202296,-2781,2063,-1393,1041,-132,-322
IMU1,13672,139213330,-2868,2378,-1535,1182,-21,-325
IMU1,13673,139224175,-3131,2921,-1654,1395,116,-281
IMU1,13674,139235120,-3196,3257,-1843,2079,384,-225
IMU1,13675,139246085,-3402,3531,-1994,2505,341,-181
IMU1,13676,139257032,-3571,3707,-2065,3006,263,-111
IMU1,13677,139268000,-3678,3881,-2158,3574,249,-17
IMU1,13678,139278723,-3814,3932,-2306,4196,338,85
IMU1,13679,139289369,-3962,3940,-2114,4853,617,210
IMU1,13680,139300221,-4057,3742,-1801,5573,1193,377
IMU1,13681,139311269,-3732,3727,-1211,7060,2817,650
IMU1,13682,139322324,-3593,3699,-825,7702,3417,664
IMU1,13683,139333170,-3393,3655,-226,8291,3792,581
IMU1,13684,139344028,-3300,3532,438,8907,4023,421
IMU1,13685,139354771,-3230,3453,999,9558,4132,216
IMU1,13686,139365541,-3258,3366,1528,10208,4115,-16
IMU1,13687,139376594,-3347,3338,1986,10817,3964,-254
IMU1,13688,139387847,-3542,3434,2472,11330,3118,-676
IMU1,13689,139399112,-3463,3495,2526,11860,2512,-878
IMU1,13690,139410378,-3218,3508,2546,11795,2077,-1071
IMU1,13691,139421845,-3050,3534,2646,11544,1968,-1247
IMU1,13692,139433295,-2844,3452,2695,11145,1980,-1373
IMU1,13693,139444745,-2352,3259,3100,10635,1910,-1469
IMU1,13694,139456208,-1560,2634,3197,9477,1942,-1749
IMU1,13695,139467469,-1562,2404,3236,8829,2026,-1783
IMU1,13696,139478724,-1273,2009,3510,8118,2070,-1660
IMU1,13697,139489981,-891,1486,3977,7347,2230,-1415
IMU1,13698,139501043,-1136,742,4427,6546,2408,-1095
IMU1,13699,139512098,-1673,-18,5535,5709,1980,-645
IMU1,13700,139523366,-1265,-1011,4595,4068,-381,339
IMU1,13701,139534298,-876,-597,2677,2929,-1170,552
IMU1,13702,139545048,-747,-338,1177,1332,-1088,620
IMU1,13703,139555792,-804,-431,691,-431,-298,665
IMU1,13704,139566028,-810,-781,1193,-1968,735,711
IMU1,13705,139576586,-759,-1077,1630,-2954,1433,674
IMU1,13706,139587533,-848,-1326,2142,-3336,1558,513
IMU1,13707,139598480,-938,-1348,2258,-3223,1244,334
IMU1,13708,139609930,-1285,-1315,2024,-2126,435,170
IMU1,13709,139620848,-1420,-1366,1729,-1400,246,234
IMU1,13710,139631773,-1451,-1362,1407,-712,138,327
IMU1,13711,139642516,-1429,-1410,1079,-141,6,376
IMU1,13712,139652863,-1424,-1435,872,285,-194,344
IMU1,13713,139663403,-1418,-1433,698,576,-427,232
IMU1,13714,139673947,-1463,-1422,625,758,-621,80
IMU1,13715,139684285,-1495,-1391,594,863,-647,-60
# swing_peak_seq=13689
IMU1,13716,139697267,-1625,-1362,720,920,-316,-204
IMU1,13717,139707896,-1611,-1357,814,903,-146,-213
IMU1,13718,139718530,-1576,-1358,850,848,-61,-219
IMU1,13719,139728966,-1560,-1332,840,752,-75,-233
IMU1,13720,139739401,-1555,-1308,826,611,-104,-238
IMU1,13721,139750040,-1587,-1291,795,433,-76,-221
IMU1,13722,139760494,-1619,-1305,720,226,-20,-181
IMU1,13723,139770911,-1665,-1338,664,-3,35,-119
IMU1,13724,139780942,-1689,-1407,635,-238,82,-36
IMU1,13725,139791170,-1680,-1486,633,-444,109,47
IMU1,13726,139802032,-1660,-1510,631,-739,99,173
IMU1,13727,139812372,-1678,-1535,619,-806,85,183
IMU1,13728,139822711,-1677,-1546,606,-828,53,173
IMU1,13729,139833060,-1673,-1569,629,-814,17,152
IMU1,13730,139843409,-1672,-1592,613,-756,-15,110
IMU1,13731,139853848,-1674,-1593,588,-681,-70,57
IMU1,13732,139864090,-1666,-1587,579,-594,-131,-11
IMU1,13733,139874625,-1660,-1578,621,-502,-191,-95
IMU1,13734,139885166,-1631,-1585,703,-408,-243,-190
IMU1,13735,139895891,-1618,-1565,767,-311,-277,-298
IMU1,13736,139906638,-1601,-1561,889,-224,-304,-413
IMU1,13737,139917365,-1632,-1549,956,-161,-337,-606
IMU1,13738,139928106,-1683,-1546,1109,-201,-401,-665
IMU1,13739,139939031,-1704,-1563,1333,-264,-502,-700
IMU1,13740,139949976,-1693,-1533,1533,-344,-639,-724
IMU1,13741,139960928,-1723,-1472,1696,-450,-819,-758
IMU1,13742,139971862,-1697,-1423,1785,-598,-980,-790
IMU1,13743,139982805,-1669,-1342,1776,-825,-1037,-822
IMU1,13744,139993930,-1702,-1202,1670,-1588,-959,-863
IMU1,13745,140005077,-1682,-1148,1700,-2081,-944,-868
IMU1,13746,140016208,-1682,-1111,1782,-2581,-977,-869
IMU1,13747,140027336,-1743,-1027,1903,-3053,-1057,-857
IMU1,13748,140038683,-1728,-904,1971,-3461,-1194,-825
IMU1,13749,140049822,-1683,-783,1994,-3801,-1351,-794
IMU1,13750,140060973,-1658,-581,1775,-4078,-1759,-712
IMU1,13751,140072118,-1580,-475,1622,-4544,-2021,-631
IMU1,13752,140083272,-1517,-393,1490,-4734,-2258,-528
IMU1,13753,140094408,-1446,-350,1339,-4881,-2477,-402
IMU1,13754,140105533,-1387,-296,1173,-5005,-2676,-246
IMU1,13755,140116678,-1355,-239,1003,-5102,-2830,-67
IMU1,13756,140127628,-1320,-203,686,-5187,-2962,132
IMU1,13757,140138990,-1357,-94,520,-5342,-3117,576
IMU1,13758,140149656,-1428,-15,350,-5406,-3167,814
IMU1,13759,140160316,-1442,31,174,-5478,-3211,1052
IMU1,13760,140171049,-1428,83,84,-5573,-3211,1263
IMU1,13761,140181589,-1432,109,-14,-5676,-3149,1431
IMU1,13762,140192444,-1368,126,-157,-5795,-3030,1539
IMU1,13763,140203480,-1249,171,-231,-5936,-2871,1561
IMU1,13764,140214532,-1241,240,-208,-6081,-2702,1493
IMU1,13765,140225568,-1368,337,-154,-6340,-2474,1240
IMU1,13766,140236622,-1472,433,-152,-6425,-2426,1103
IMU1,13767,140247676,-1672,543,-47,-6470,-2471,978
IMU1,13768,140258313,-1901,616,-31,-6463,-2656,908
IMU1,13769,140268956,-2107,615,-142,-6390,-2970,898
IMU1,13770,140279809,-2159,607,-173,-6227,-3387,952
IMU1,13771,140290674,-2015,566,-128,-5935,-3724,1031
IMU1,13772,140301702,-1868,491,-191,-5081,-3412,1095
IMU1,13773,140312742,-1935,502,-185,-4609,-2854,1065
IMU1,13774,140323782,-2104,605,-186,-4111,-2284,1018
IMU1,13775,140334822,-2254,720,-233,-3631,-1819,960
IMU1,13776,140345658,-2393,850,-301,-3195,-1508,916
IMU1,13777,140356515,-2463,974,-387,-2848,-1299,887
IMU1,13778,140367347,-2458,1058,-520,-2608,-1126,856
IMU1,13779,140378389,-2316,1150,-765,-2471,-838,680
IMU1,13780,140389244,-2176,1142,-831,-2436,-772,527
IMU1,13781,140400097,-1987,1057,-757,-2454,-747,302
IMU1,13782,140410939,-2127,865,-658,-2438,-750,24
IMU1,13783,140421373,-2222,808,-418,-2358,-797,-209
IMU1,13784,140432107,-2439,819,-116,-2171,-875,-358
IMU1,13785,140442836,-2631,1027,40,-1868,-962,-425
IMU1,13786,140453467,-2719,1123,50,-1520,-1063,-423
IMU1,13787,140464304,-2910,1103,-206,-1178,-1181,-380
IMU1,13788,140475449,-2980,1126,-356,-696,-1222,-104
IMU1,13789,140486388,-2980,1040,-415,-645,-983,47
IMU1,13790,140496828,-2951,972,-356,-662,-626,187
IMU1,13791,140507257,-2867,916,-288,-712,-271,306
IMU1,13792,140517705,-2683,921,-196,-772,18,374
IMU1,13793,140527858,-2559,941,-18,-808,241,351
IMU1,13794,140538014,-2804,839,157,-797,339,266
IMU1,13795,140548268,-2926,854,193,-747,227,238
IMU1,13796,140558514,-2853,904,183,-676,-22,259
IMU1,13797,140568661,-2733,958,136,-623,-258,262
IMU1,13798,140579014,-2723,893,60,-579,-387,227
IMU1,13799,140589161,-2753,778,-159,-557,-449,192
IMU1,13800,140600129,-2567,694,-159,-535,-443,162
IMU1,13801,140610556,-2537,614,-108,-508,-319,137
IMU1,13802,140621012,-2513,534,-114,-447,-202,119
IMU1,13803,140631446,-2468,482,-92,-360,-151,102
IMU1,13804,140641684,-2416,434,-87,-248,-149,86
IMU1,13805,140651708,-2370,395,-118,-137,-149,59
IMU1,13806,140661954,-2368,378,-180,-44,-153,27
IMU1,13807,140671993,-2347,336,-272,26,-155,-8
IMU1,13808,140681861,-2294,312,-334,65,-131,-50
IMU1,13809,140691906,-2242,277,-348,74,-68,-103
IMU1,13810,140704506,-2219,235,-289,84,17,-162
IMU1,13811,140716005,-2153,177,-226,146,166,-269
IMU1,13812,140726349,-2143,161,-168,211,200,-319
IMU1,13813,140736698,-2139,161,-140,290,211,-370
IMU1,13814,140747043,-2134,178,-137,372,200,-418
IMU1,13815,140757390,-2131,206,-125,441,172,-468
IMU1,13816,140767741,-2170,260,-101,493,157,-518
IMU1,13817,140778104,-2173,267,-141,533,174,-554
IMU1,13818,140788467,-2160,285,-190,552,191,-581
IMU1,13819,140798832,-2195,362,-182,546,199,-607
IMU1,13820,140809204,-2218,420,-222,526,213,-626
IMU1,13821,140819538,-2382,595,-202,502,232,-632
IMU1,13822,140829887,-2606,971,-170,476,277,-610
IMU1,13823,140840743,-2734,1172,-136,496,280,-538
IMU1,13824,140851283,-2802,1384,-191,549,235,-499
IMU1,13825,140861805,-2945,1706,-280,630,136,-487
IMU1,13826,140872342,-3213,2093,-372,740,-51,-502
IMU1,13827,140882770,-3349,2390,-551,894,-306,-542
IMU1,13828,140893425,-3452,2731,-783,1110,-579,-628
IMU1,13829,140904288,-3632,3144,-1034,1402,-805,-767
IMU1,13830,140915314,-3809,3499,-1347,1787,-966,-945
IMU1,13831,140926349,-4242,4270,-1958,2278,-1049,-1321
IMU1,13832,140937786,-4539,4566,-2198,3588,-774,-1495
IMU1,13833,140949034,-4951,4597,-2117,4395,-275,-1575
IMU1,13834,140960296,-5247,4562,-1968,5288,694,-1503
IMU1,13835,140971426,-5366,4519,-1580,6203,2104,-1275
IMU1,13836,140982792,-5347,4444,-949,7096,3758,-977
IMU1,13837,140993762,-5068,4380,764,7929,6752,-166
IMU1,13838,141004624,-4702,4379,1621,9382,7586,150
IMU1,13839,141015616,-4420,4308,2293,10044,7772,261
IMU1,13840,141026792,-4296,4192,2838,10662,7393,96
IMU1,13841,141037759,-4538,4266,3350,11227,6709,-226
IMU1,13842,141049027,-4387,4476,3825,11778,6069,-573
IMU1,13843,141060313,-4300,4612,4260,12331,5729,-974
IMU1,13844,141071588,-3881,4764,4435,13238,5106,-1709
IMU1,13845,141083061,-3545,4618,4480,13518,4651,-2083
IMU1,13846,141094518,-3056,4393,4183,13640,4136,-2509
IMU1,13847,141105983,-2622,3992,3994,13536,3487,-3021
IMU1,13848,141117466,-2502,3448,3694,13238,2804,-3580
IMU1,13849,141128924,-2206,2315,3127,11990,1572,-4421
IMU1,13850,141140401,-1989,1599,3375,11185,1254,-4592
IMU1,13851,141151874,-1514,1179,3956,10399,1047,-4557
IMU1,13852,141163352,-1064,1013,4241,9638,860,-4458
IMU1,13853,141174415,-629,941,3793,8769,471,-4331
IMU1,13854,141185089,-597,856,2937,7584,79,-4062
IMU1,13855,141195555,-751,995,1364,6014,144,-2541
IMU1,13856,141206222,-1096,835,1942,2120,863,-1586
IMU1,13857,141217082,-295,768,1993,422,799,-728
IMU1,13858,141227338,-565,333,2317,-907,764,-224
IMU1,13859,141237697,-237,422,2175,-1823,761,114
IMU1,13860,141248148,-370,36,2314,-2411,868,246
IMU1,13861,141258390,-971,-510,2688,-2654,959,332
IMU1,13862,141268944,-968,-674,2914,-2524,922,508
IMU1,13863,141279498,-698,-682,2799,-2131,825,587
IMU1,13864,141290059,-677,-725,2539,-1609,721,473
IMU1,13865,141300609,-733,-830,2477,-1080,601,273
IMU1,13866,141311166,-835,-1081,2407,-534,320,-102
IMU1,13867,141321821,-735,-1078,2191,519,74,-218
IMU1,13868,141332164,-726,-1084,1985,913,-122,-310
IMU1,13869,141342799,-827,-1104,1869,1169,-181,-324
IMU1,13870,141353629,-906,-1127,1837,1306,-165,-243
IMU1,13871,141364449,-845,-1057,1821,1352,-174,-106
IMU1,13872,141375273,-675,-953,1834,1316,-224,12
# swing_peak_seq=13846
IMU1,13873,141385628,-684,-916,1877,1222,-282,62
IMU1,13874,141395972,-748,-914,1929,1097,-355,85
IMU1,13875,141406319,-794,-965,2006,961,-399,118
IMU1,13876,141416672,-846,-1012,2168,817,-380,165
IMU1,13877,141427204,-847,-1054,2194,545,-446,225
IMU1,13878,141437740,-846,-1105,2183,392,-536,219
IMU1,13879,141448300,-834,-1125,2189,219,-591,202
IMU1,13880,141458840,-878,-1109,2236,42,-623,182
IMU1,13881,141469191,-909,-1079,2327,-136,-649,163
IMU1,13882,141479826,-920,-1060,2437,-302,-670,141
IMU1,13883,141490469,-934,-1041,2588,-447,-718,99
IMU1,13884,141500911,-967,-1008,2790,-567,-855,40
IMU1,13885,141511354,-994,-979,2894,-645,-1086,-20
IMU1,13886,141521897,-997,-917,2713,-716,-1357,-57
IMU1,13887,141532968,-1051,-765,2577,-991,-1765,-18
IMU1,13888,141543694,-1062,-676,2464,-1218,-1876,51
IMU1,13889,141554538,-1069,-649,2371,-1488,-1976,128
IMU1,13890,141565589,-1116,-601,2316,-1779,-2118,204
IMU1,13891,141576641,-1160,-528,2281,-2061,-2270,294
IMU1,13892,141587676,-1186,-444,2277,-2316,-2384,384
IMU1,13893,141598731,-1211,-337,2275,-2528,-2485,462
IMU1,13894,141609771,-1127,-177,2161,-2863,-2740,555
IMU1,13895,141620800,-1156,-106,2074,-3025,-2858,597
IMU1,13896,141631834,-1225,-95,1960,-3191,-2976,660
IMU1,13897,141642695,-1280,-45,1852,-3380,-3107,785
IMU1,13898,141653531,-1294,-20,1684,-3587,-3208,966
IMU1,13899,141664355,-1314,-25,1490,-3812,-3296,1189
IMU1,13900,141675395,-1313,-40,1367,-4054,-3398,1450
IMU1,13901,141686437,-1267,-222,1167,-4447,-3660,2038
IMU1,13902,141697681,-1287,-285,1101,-4585,-3817,2349
IMU1,13903,141711480,-1300,-304,952,-4666,-3967,2651
IMU1,13904,141722537,-1332,-316,754,-4717,-4084,2925
IMU1,13905,141733583,-1375,-351,301,-4771,-4165,3172
IMU1,13906,141744645,-1378,-442,184,-4914,-4300,3548
IMU1,13907,141755683,-1417,-482,100,-4985,-4329,3654
IMU1,13908,141766729,-1402,-529,16,-5040,-4282,3702
IMU1,13909,141777568,-1449,-589,-120,-5082,-4168,3680
IMU1,13910,141788708,-1488,-583,-293,-5153,-4029,3618
IMU1,13911,141799852,-1613,-549,-376,-5262,-3878,3542
IMU1,13912,141810997,-1914,-569,-564,-5385,-3740,3428
IMU1,13913,141822163,-1992,-531,-705,-5669,-3534,3391
IMU1,13914,141833326,-1950,-455,-791,-5851,-3437,3312
IMU1,13915,141844480,-1965,-407,-816,-6043,-3364,3147
IMU1,13916,141855608,-1957,-368,-793,-6238,-3309,2919
IMU1,13917,141866766,-1951,-317,-747,-6412,-3224,2615
IMU1,13918,141877903,-2074,-342,-699,-6533,-3166,2268
IMU1,13919,141889058,-2218,-421,-880,-6376,-3439,1712
IMU1,13920,141900207,-2170,-401,-560,-6058,-3627,1512
IMU1,13921,141911355,-2142,-346,-239,-5515,-3443,1340
IMU1,13922,141922506,-2291,-289,-156,-4824,-2857,1220
IMU1,13923,141933647,-2506,-195,-244,-4089,-2153,1162
IMU1,13924,141944778,-2695,-75,-484,-3394,-1605,1148
IMU1,13925,141955711,-2806,131,-558,-2356,-1061,1235
IMU1,13926,141966761,-2643,213,-506,-2000,-795,1273
IMU1,13927,141977604,-2596,316,-525,-1742,-511,1240
IMU1,13928,141988434,-2621,414,-610,-1572,-338,1154
IMU1,13929,141999280,-2608,483,-725,-1498,-340,1042
IMU1,13930,142010115,-2572,528,-776,-1506,-471,902
IMU1,13931,142020766,-2558,543,-772,-1558,-637,744
IMU1,13932,142031440,-2605,521,-740,-1617,-759,592
IMU1,13933,142042083,-2741,501,-644,-1671,-760,406
IMU1,13934,142052716,-2763,413,-610,-1664,-666,387
IMU1,13935,142063363,-2598,648,-403,-1597,-528,379
IMU1,13936,142074005,-2678,558,-541,-1461,-345,336
IMU1,13937,142084654,-2840,380,-565,-1360,-192,337
IMU1,13938,142095282,-3022,204,-246,-1259,-60,416
IMU1,13939,142105720,-2793,417,-135,-1107,58,552
IMU1,13940,142116065,-2558,409,12,-915,128,613
IMU1,13941,142126121,-2685,404,35,-688,91,600
IMU1,13942,142135968,-2660,311,-52,-482,-89,610
IMU1,13943,142146013,-2517,437,-161,-334,-305,627
IMU1,13944,142156453,-2366,484,-366,-270,-378,585
IMU1,13945,142166903,-2449,351,-666,-297,-328,443
IMU1,13946,142177342,-2271,384,-541,-551,-177,410
IMU1,13947,142187784,-2172,334,-386,-638,-88,340
IMU1,13948,142198032,-2202,312,-302,-635,-29,258
IMU1,13949,142208291,-2253,284,-257,-583,-32,200
IMU1,13950,142218523,-2254,231,-246,-495,-120,183
IMU1,13951,142228950,-2227,223,-252,-382,-242,187
IMU1,13952,142239388,-2203,188,-286,-265,-334,205
IMU1,13953,142249823,-2163,168,-349,-168,-357,221
IMU1,13954,142260248,-2136,157,-426,-95,-321,223
IMU1,13955,142270480,-2125,115,-484,-60,-257,217
IMU1,13956,142280718,-2134,98,-489,-52,-190,208
IMU1,13957,142290759,-2069,69,-496,-57,-133,199
IMU1,13958,142300804,-2081,59,-475,-69,-84,177
IMU1,13959,142312195,-2140,-7,-406,-66,-14,150
IMU1,13960,142321938,-2133,-35,-407,-47,-18,153
IMU1,13961,142331874,-2121,-28,-402,-39,-39,151
IMU1,13962,142341821,-2136,-51,-396,-21,-54,136
IMU1,13963,142351753,-2147,-87,-379,-10,-71,128
IMU1,13964,142361692,-2144,-94,-369,13,-79,119
IMU1,13965,142371523,-2134,-93,-391,31,-65,108
IMU1,13966,142381370,-2121,-109,-409,31,-39,89
IMU1,13967,142391207,-2073,-142,-391,23,-21,63
IMU1,13968,142401047,-2074,-118,-358,22,3,22
IMU1,13969,142410577,-2070,-127,-336,30,11,-20
IMU1,13970,142420404,-2041,-141,-336,31,-18,-60
IMU1,13971,142430328,-2040,-121,-330,27,-67,-102
IMU1,13972,142440458,-2051,-96,-324,29,-126,-150
IMU1,13973,142450579,-2027,-112,-327,38,-197,-191
IMU1,13974,142460906,-2027,-118,-330,44,-253,-213
IMU1,13975,142471231,-2055,-67,-338,43,-259,-220
IMU1,13976,142481362,-1982,-177,-391,44,-242,-213
IMU1,13977,142491687,-2044,-86,-365,33,-188,-204
IMU1,13978,142501810,-2024,-121,-351,9,-91,-190
IMU1,13979,142511745,-2068,-111,-334,-5,-33,-171
IMU1,13980,142521786,-2068,-101,-275,-13,-25,-148
IMU1,13981,142532011,-2044,-83,-292,-8,-62,-119
IMU1,13982,142542884,-2036,-53,-326,-36,-124,-106
IMU1,13983,142553094,-2052,-19,-317,-58,-117,-108
IMU1,13984,142563325,-2090,28,-312,-98,-95,-97
IMU1,13985,142573054,-2117,55,-307,-122,-57,-81
IMU1,13986,142582986,-2119,103,-281,-144,-31,-55
IMU1,13987,142593118,-2111,154,-261,-157,-11,-43
IMU1,13988,142603249,-2150,212,-257,-155,-6,-32
IMU1,13989,142613181,-2199,314,-235,-133,14,-25
IMU1,13990,142623226,-2223,371,-209,-105,51,-18
IMU1,13991,142633263,-2338,492,-190,-71,85,-24
IMU1,13992,142643108,-2522,619,-162,-29,140,-28
IMU1,13993,142653164,-2543,675,-242,10,219,-39
IMU1,13994,142663118,-2570,875,-252,42,247,-109
IMU1,13995,142673265,-2680,1016,-148,109,119,-263
IMU1,13996,142683811,-2750,1145,-124,252,-208,-489
IMU1,13997,142694459,-2895,1341,-127,459,-685,-768
IMU1,13998,142705095,-3182,1819,-464,728,-1198,-1065
IMU1,13999,142718716,-3826,2170,-795,1322,-1932,-1519
IMU1,14000,142730001,-4105,2636,-968,1612,-2000,-1675
IMU1,14001,142741232,-4279,2983,-1225,1948,-1844,-1811
IMU1,14002,142752683,-4575,3502,-1612,2349,-1611,-1955
IMU1,14003,142764122,-4683,4824,-2868,3345,-1507,-2487
IMU1,14004,142775581,-5167,5089,-2903,4022,-1545,-2918
IMU1,14005,142787047,-5952,4910,-2561,4950,-1162,-3265
IMU1,14006,142798504,-6442,4799,-2173,6129,-34,-3392
IMU1,14007,142809567,-6385,4969,-1607,7429,1871,-3376
IMU1,14008,142820945,-5557,4931,124,8677,6796,-3251
IMU1,14009,142832026,-5003,5004,1501,10723,8796,-3218
IMU1,14010,142843503,-4720,4990,2767,11667,9893,-3300
IMU1,14011,142855001,-4637,4748,3987,12628,9884,-3543
IMU1,14012,142866503,-4738,5167,4934,13578,9184,-3937
IMU1,14013,142878001,-4782,5877,5217,14470,8373,-4450
IMU1,14014,142889488,-4701,6631,4954,15492,6897,-5273
IMU1,14015,142900969,-4271,6527,4569,15385,6075,-5488
IMU1,14016,142912438,-3520,5974,4208,14848,5250,-5654
IMU1,14017,142923905,-2693,5413,3785,13904,4317,-5872
IMU1,14018,142935403,-2110,4979,3396,12573,3097,-6176
IMU1,14019,142946894,-1580,4368,2810,9164,1627,-6351
IMU1,14020,142958180,-1538,3714,3122,7380,2659,-5749
IMU1,14021,142969462,-1568,2680,4228,5834,3936,-4645
IMU1,14022,142980738,-1126,1600,5474,4662,3918,-3445
IMU1,14023,142992003,-554,947,6025,3814,2477,-2515
IMU1,14024,143002878,-515,773,5374,3122,766,-1908
IMU1,14025,143014080,-660,597,3071,1236,31,-829
IMU1,14026,143024348,-545,361,2852,49,381,-440
IMU1,14027,143034408,-355,108,2898,-1007,564,-298
IMU1,14028,143044950,-383,-159,2915,-1792,611,-374
IMU1,14029,143055604,-351,-273,2775,-2290,614,-519
IMU1,14030,143066259,-357,-326,2610,-2557,618,-654
IMU1,14031,143076909,-488,-419,2576,-2627,597,-733
IMU1,14032,143087556,-592,-562,2472,-2520,527,-688
IMU1,14033,143098226,-615,-687,2285,-2292,440,-528
IMU1,14034,143108890,-570,-964,1953,-2001,325,-308
IMU1,14035,143120057,-600,-1106,1832,-1345,0,117
IMU1,14036,143130308,-631,-1197,1745,-1015,-123,316
IMU1,14037,143141171,-654,-1268,1710,-685,-193,463
IMU1,14038,143151826,-714,-1327,1719,-381,-227,551
IMU1,14039,143162500,-762,-1386,1659,-117,-290,567
IMU1,14040,143173150,-747,-1442,1585,77,-352,505
# swing_peak_seq=14014
IMU1,14041,143183515,-789,-1438,1520,191,-390,386
IMU1,14042,143194090,-827,-1384,1478,234,-408,244
IMU1,14043,143204644,-844,-1321,1488,222,-379,107
IMU1,14044,143215182,-901,-1272,1666,166,-306,-82
IMU1,14045,143225638,-929,-1310,1800,7,-201,-120
IMU1,14046,143235877,-938,-1394,1899,-92,-211,-131
IMU1,14047,143246426,-942,-1467,1959,-201,-315,-131
IMU1,14048,143257170,-972,-1484,2025,-334,-482,-123
IMU1,14049,143267918,-989,-1536,2133,-475,-652,-115
IMU1,14050,143278669,-1040,-1544,2253,-608,-803,-106
IMU1,14051,143289614,-1074,-1575,2292,-737,-923,-100
IMU1,14052,143300562,-1234,-1580,2283,-878,-1085,-106
IMU1,14053,143311716,-1318,-1547,2220,-1259,-1551,-169
IMU1,14054,143323083,-1358,-1513,2151,-1505,-1741,-229
IMU1,14055,143334450,-1366,-1429,2118,-1778,-1873,-304
IMU1,14056,143345803,-1351,-1366,2166,-2056,-1983,-400
IMU1,14057,143357160,-1406,-1346,2295,-2315,-2141,-536
IMU1,14058,143368542,-1394,-1326,2435,-2528,-2438,-747
IMU1,14059,143379872,-1431,-1278,2355,-2873,-3461,-1439
IMU1,14060,143391424,-1458,-1223,2161,-3055,-3992,-1820
IMU1,14061,143402970,-1459,-1172,1939,-3266,-4370,-2128
IMU1,14062,143414504,-1418,-1027,1726,-3511,-4572,-2324
IMU1,14063,143426047,-1311,-1008,1352,-3769,-4664,-2412
IMU1,14064,143437581,-896,-1034,1482,-4177,-4901,-2281
IMU1,14065,143448924,-698,-1043,1498,-4203,-4836,-2011
IMU1,14066,143460258,-625,-927,1477,-4103,-4682,-1651
IMU1,14067,143471405,-648,-935,1519,-3888,-4593,-1224
IMU1,14068,143482556,-631,-949,1391,-3574,-4667,-746
IMU1,14069,143493523,-627,-759,1140,-3198,-4881,-270
IMU1,14070,143504479,-640,-694,840,-2467,-5520,523
IMU1,14071,143515126,-848,-510,602,-2208,-5910,807
IMU1,14072,143525788,-871,-763,466,-2038,-6344,1054
IMU1,14073,143536639,-991,-508,317,-1918,-6580,1293
IMU1,14074,143547494,-1099,-558,51,-1861,-6655,1520
IMU1,14075,143558350,-1210,-546,15,-1867,-6603,1757
IMU1,14076,143569210,-1409,-577,-191,-1911,-6438,2029
IMU1,14077,143580348,-1672,-507,-407,-2010,-6334,2343
IMU1,14078,143591496,-1752,-507,-378,-2319,-6308,3000
IMU1,14079,143602666,-1766,-482,-428,-2465,-6272,3265
IMU1,14080,143613811,-1782,-379,-447,-2625,-6168,3458
IMU1,14081,143624948,-1874,-284,-422,-2794,-5967,3586
IMU1,14082,143636091,-2014,-231,-416,-2944,-5714,3689
IMU1,14083,143647228,-2225,-207,-434,-3060,-5515,3792
IMU1,14084,143658377,-2551,-273,-574,-3111,-5285,4079
IMU1,14085,143669532,-2383,-287,-689,-3085,-5053,4211
IMU1,14086,143680682,-2283,-259,-679,-3056,-4608,4226
IMU1,14087,143691810,-2298,-199,-604,-3022,-3942,4101
IMU1,14088,143702957,-2283,-205,-554,-2976,-3194,3886
IMU1,14089,143714109,-2369,-191,-367,-2911,-2520,3605
IMU1,14090,143727802,-2643,-30,-167,-2626,-1800,3047
IMU1,14091,143738735,-2623,58,-119,-2437,-1765,2796
IMU1,14092,143749582,-2647,59,-59,-2222,-1820,2503
IMU1,14093,143760229,-3211,-91,82,-1987,-1875,2260
IMU1,14094,143770862,-2964,379,-323,-1768,-1920,2191
IMU1,14095,143781891,-2992,395,-422,-1643,-1769,2066
IMU1,14096,143793447,-3136,299,-368,-1558,-889,1838
IMU1,14097,143804298,-3098,325,-326,-1531,-548,1750
IMU1,14098,143815147,-3024,322,-172,-1474,-327,1614
IMU1,14099,143825983,-2963,356,17,-1376,-187,1465
IMU1,14100,143836519,-2911,393,153,-1232,-101,1309
IMU1,14101,143847273,-2952,359,192,-1056,-100,1152
IMU1,14102,143858024,-2965,410,185,-875,-219,1019
IMU1,14103,143868562,-2956,390,124,-712,-405,911
IMU1,14104,143879961,-2803,333,85,-474,-642,756
IMU1,14105,143890104,-2745,340,50,-415,-606,682
IMU1,14106,143900245,-2691,307,67,-383,-490,598
IMU1,14107,143910391,-2698,260,119,-365,-339,523
IMU1,14108,143920750,-2638,247,112,-352,-196,460
IMU1,14109,143931094,-2590,244,142,-352,-81,404
IMU1,14110,143941236,-2524,235,167,-343,8,360
IMU1,14111,143951088,-2490,242,175,-335,53,326
IMU1,14112,143961139,-2473,232,119,-324,31,307
IMU1,14113,143971204,-2444,259,62,-321,-40,309
IMU1,14114,143981152,-2418,244,30,-321,-97,322
IMU1,14115,143991095,-2374,232,-24,-318,-134,338
IMU1,14116,144001354,-2318,226,-95,-316,-150,345
IMU1,14117,144011586,-2253,213,-122,-305,-126,337
IMU1,14118,144022013,-2226,170,-128,-281,-73,306
IMU1,14119,144032243,-2150,107,-127,-247,-19,270
IMU1,14120,144042978,-2119,88,-109,-146,55,166
IMU1,14121,144052902,-2112,53,-92,-67,58,99
IMU1,14122,144062239,-2104,33,-76,8,31,38
IMU1,14123,144072332,-2098,10,-78,68,-8,-23
IMU1,14124,144081561,-2080,-6,-92,127,-34,-77
IMU1,14125,144091086,-2078,-25,-103,158,-34,-139
IMU1,14126,144101213,-2091,-40,-101,172,-29,-199
IMU1,14127,144111328,-2102,-58,-108,183,-22,-251
IMU1,14128,144121458,-2097,-79,-83,186,-18,-283
IMU1,14129,144131388,-2084,-108,-53,199,-8,-310
IMU1,14130,144141312,-2075,-122,-38,210,10,-324
IMU1,14131,144151342,-2083,-128,-28,221,34,-332
IMU1,14132,144161377,-2095,-132,-16,227,58,-331
IMU1,14133,144171403,-2110,-136,-3,230,71,-323
IMU1,14134,144181249,-2081,-133,-18,217,72,-315
IMU1,14135,144191257,-2081,-123,-24,183,69,-313
IMU1,14136,144201273,-2077,-125,-44,143,66,-315
IMU1,14137,144211293,-2082,-115,-46,97,62,-316
IMU1,14138,144221105,-2085,-114,-42,53,52,-309
IMU1,14139,144230924,-2119,-98,-25,21,49,-294
IMU1,14140,144240539,-2154,-38,0,3,67,-264
IMU1,14141,144249575,-2195,34,20,-1,109,-224
IMU1,14142,144259115,-2246,119,17,2,150,-171
IMU1,14143,144268750,-2277,214,-17,6,170,-116
IMU1,14144,144278484,-2397,427,-100,-8,194,-66
IMU1,14145,144288311,-2546,638,-195,-42,230,-9
IMU1,14146,144298144,-2599,872,-247,-77,258,42
IMU1,14147,144308074,-2884,1383,-239,-97,283,52
IMU1,14148,144318200,-3168,1982,-325,-79,282,39
IMU1,14149,144328348,-3281,2468,-557,5,165,-25
IMU1,14150,144338273,-3451,3108,-642,186,-85,-186
IMU1,14151,144348702,-3478,3789,-917,523,-370,-445
IMU1,14152,144359348,-3961,5051,-2060,1029,-652,-815
IMU1,14153,144370392,-4313,5473,-2442,2544,-952,-1550
IMU1,14154,144381666,-4849,5798,-2412,3606,-715,-1756
IMU1,14155,144392920,-5375,5865,-2234,4898,63,-1789
IMU1,14156,144403869,-5658,5972,-2179,6274,1322,-1596
IMU1,14157,144415227,-5781,6153,-1908,7533,2801,-1284
IMU1,14158,144426579,-5390,6248,-289,8584,4276,-1016
IMU1,14159,144437727,-5359,6226,902,10191,6723,-748
IMU1,14160,144448800,-5529,6089,2177,10971,7357,-742
IMU1,14161,144460050,-5592,5996,3445,11801,7503,-764
IMU1,14162,144471334,-5391,5981,4844,12656,7429,-819
IMU1,14163,144482608,-4906,5976,6144,13534,7374,-995
IMU1,14164,144493877,-4931,6321,5987,14412,7239,-1414
IMU1,14165,144505352,-4830,6373,5582,15191,5800,-2212
IMU1,14166,144516852,-4596,6032,5200,14966,5004,-2645
IMU1,14167,144528309,-3902,5518,4992,14469,4403,-3040
IMU1,14168,144539771,-3262,4900,4785,13822,3819,-3507
IMU1,14169,144551246,-2904,4344,4139,13046,3192,-3974
IMU1,14170,144562711,-2081,2735,4460,10972,1889,-4423
IMU1,14171,144574174,-1742,1533,5175,9947,1451,-4319
IMU1,14172,144585445,-1679,541,6174,9138,899,-3960
IMU1,14173,144596316,-1050,324,5672,8532,56,-3491
IMU1,14174,144606973,-1034,501,3961,7686,-485,-3055
IMU1,14175,144617920,-938,699,2364,6220,-282,-2418
IMU1,14176,144628674,-794,857,1622,4247,68,-1626
IMU1,14177,144639639,-499,485,1768,110,632,-254
IMU1,14178,144649895,-54,452,2068,-1541,1107,-26
IMU1,14179,144660231,-306,-89,2076,-2766,1549,-111
IMU1,14180,144670866,-120,-264,2438,-3574,1838,-235
IMU1,14181,144681694,-182,-512,2908,-3913,2001,-392
IMU1,14182,144692518,-363,-559,2993,-3788,1976,-532
IMU1,14183,144703356,-900,-862,2847,-3373,1771,-519
IMU1,14184,144714203,-734,-788,2782,-2828,1538,-291
IMU1,14185,144725050,-565,-988,2593,-2214,1350,102
IMU1,14186,144738245,-574,-995,2294,-913,541,192
IMU1,14187,144748593,-664,-1202,2157,-371,98,269
IMU1,14188,144758938,-719,-1239,2142,91,-95,337
IMU1,14189,144769088,-743,-1369,2032,504,-214,353
IMU1,14190,144779621,-812,-1455,1792,813,-335,290
IMU1,14191,144790159,-937,-1525,1647,975,-421,184
# swing_peak_seq=14165
IMU1,14192,144800709,-1002,-1503,1634,1011,-461,83
IMU1,14193,144811432,-996,-1423,1579,961,-403,-15
IMU1,14194,144822392,-967,-1368,1683,642,-224,-213
IMU1,14195,144833020,-924,-1392,1838,452,-206,-309
IMU1,14196,144843661,-944,-1420,1956,304,-206,-383
IMU1,14197,144854298,-956,-1448,2004,176,-236,-396
IMU1,14198,144864935,-965,-1515,2050,56,-300,-363
IMU1,14199,144875373,-995,-1611,2091,-60,-396,-291
IMU1,14200,144885909,-1017,-1701,2140,-169,-529,-194
IMU1,14201,144896830,-1020,-1773,2156,-275,-661,-102
IMU1,14202,144907737,-1116,-1828,2154,-388,-809,-39
IMU1,14203,144918471,-1213,-1855,2184,-665,-1062,-56
IMU1,14204,144929396,-1251,-1892,2246,-830,-1178,-94
IMU1,14205,144940327,-1250,-1906,2274,-987,-1324,-183
IMU1,14206,144951460,-1280,-1877,2256,-1152,-1490,-305
IMU1,14207,144962798,-1334,-1834,2242,-1317,-1638,-440
IMU1,14208,144974116,-1351,-1757,2197,-1490,-1751,-564
IMU1,14209,144985456,-1372,-1543,2142,-1892,-1962,-741
IMU1,14210,144996801,-1389,-1483,2140,-2112,-2117,-793
IMU1,14211,145008147,-1389,-1405,2159,-2318,-2337,-831
IMU1,14212,145019484,-1376,-1338,2172,-2505,-2579,-849
IMU1,14213,145030814,-1391,-1253,2147,-2658,-2824,-849
IMU1,14214,145042144,-1418,-1192,1932,-2790,-3073,-819
IMU1,14215,145053484,-1404,-1128,1764,-3032,-3533,-664
IMU1,14216,145064816,-1312,-1039,1614,-3178,-3641,-561
IMU1,14217,145076153,-1279,-967,1553,-3333,-3638,-473
IMU1,14218,145087308,-1215,-933,1532,-3469,-3596,-386
IMU1,14219,145098466,-1149,-926,1481,-3571,-3585,-305
IMU1,14220,145109615,-1106,-938,1397,-3651,-3642,-110
IMU1,14221,145120766,-1097,-935,1310,-3706,-4007,44
IMU1,14222,145131609,-1101,-883,1132,-3692,-4256,218
IMU1,14223,145142651,-1111,-813,938,-3678,-4455,388
IMU1,14224,145153514,-1092,-761,745,-3696,-4594,565
IMU1,14225,145164371,-1090,-686,552,-3757,-4678,733
IMU1,14226,145175230,-1093,-630,379,-3850,-4678,875
IMU1,14227,145186087,-1098,-616,221,-3971,-4638,989
IMU1,14228,145197460,-1117,-573,138,-4227,-4538,1154
IMU1,14229,145208522,-1146,-545,28,-4359,-4474,1210
IMU1,14230,145219369,-1244,-547,-16,-4474,-4443,1272
IMU1,14231,145230317,-1388,-534,-20,-4565,-4470,1365
IMU1,14232,145241267,-1475,-466,-107,-4618,-4569,1490
IMU1,14233,145252422,-1548,-398,-218,-4659,-4694,1623
IMU1,14234,145263573,-1606,-254,-291,-4693,-4776,1844
IMU1,14235,145274729,-1641,-160,-335,-4694,-4738,1894
IMU1,14236,145285884,-1686,-142,-383,-4660,-4621,1882
IMU1,14237,145297019,-1746,-104,-497,-4610,-4498,1846
IMU1,14238,145308156,-1850,-71,-617,-4531,-4351,1796
IMU1,14239,145319118,-1873,-14,-748,-4426,-4126,1759
IMU1,14240,145330076,-1864,7,-811,-4298,-3773,1726
IMU1,14241,145340726,-1969,43,-565,-3900,-2759,1631
IMU1,14242,145351574,-1996,147,-404,-3598,-2276,1577
IMU1,14243,145362635,-2106,230,-275,-3241,-1978,1513
IMU1,14244,145373679,-2247,313,-259,-2869,-1925,1444
IMU1,14245,145384721,-2367,430,-353,-2544,-2091,1399
IMU1,14246,145395777,-2434,516,-461,-2298,-2341,1366
IMU1,14247,145406836,-2575,558,-547,-2137,-2537,1337
IMU1,14248,145417903,-2761,566,-931,-2037,-2653,1295
IMU1,14249,145428940,-2733,542,-1045,-2075,-2575,1269
IMU1,14250,145440173,-2749,498,-1044,-2145,-2354,1220
IMU1,14251,145451404,-2880,340,-1031,-2191,-2007,1182
IMU1,14252,145462642,-2771,333,-861,-2210,-1619,1192
IMU1,14253,145473683,-2677,373,-605,-2139,-1265,1180
IMU1,14254,145484727,-2913,219,-485,-1956,-1031,1098
IMU1,14255,145495776,-2949,258,-390,-1480,-1033,1102
IMU1,14256,145506818,-3003,315,-388,-1256,-1020,1102
IMU1,14257,145517870,-2988,202,-421,-1069,-965,1078
IMU1,14258,145528708,-2820,310,-464,-918,-874,1029
IMU1,14259,145539358,-2773,284,-353,-793,-734,894
IMU1,14260,145549805,-2795,203,-303,-654,-637,723
IMU1,14261,145560251,-2851,123,-312,-511,-646,573
IMU1,14262,145570699,-2750,262,-130,-375,-707,466
IMU1,14263,145582185,-2739,235,-164,-100,-646,253
IMU1,14264,145592612,-2634,206,-243,-12,-606,166
IMU1,14265,145602844,-2577,233,-216,31,-544,56
IMU1,14266,145612775,-2543,184,-172,37,-458,-54
IMU1,14267,145622826,-2583,196,-104,45,-402,-156
IMU1,14268,145633046,-2565,204,-73,58,-425,-228
IMU1,14269,145643072,-2552,194,-52,80,-466,-274
IMU1,14270,145653119,-2528,176,-95,97,-455,-296
IMU1,14271,145663172,-2515,172,-132,94,-388,-291
IMU1,14272,145673425,-2451,164,-175,65,-308,-260
IMU1,14273,145683661,-2384,165,-190,33,-244,-228
IMU1,14274,145693891,-2346,150,-200,0,-182,-198
IMU1,14275,145703833,-2334,127,-204,-26,-129,-162
IMU1,14276,145714160,-2323,89,-212,-40,-71,-124
IMU1,14277,145724097,-2376,138,-158,-49,-15,-69
IMU1,14278,145734037,-2411,192,-128,-42,78,-7
IMU1,14279,145746241,-2378,224,-69,-11,181,69
IMU1,14280,145755980,-2462,341,-15,-1,171,77
IMU1,14281,145765539,-2596,483,-58,24,172,74
IMU1,14282,145775187,-2781,697,-142,26,167,73
IMU1,14283,145785046,-3124,1148,-224,14,185,82
IMU1,14284,145795098,-3315,1768,-459,-1,269,98
IMU1,14285,145805050,-3751,2586,-460,12,305,60
IMU1,14286,145815107,-4090,3466,-800,134,311,-4
IMU1,14287,145825269,-4209,4381,-1500,367,184,-99
IMU1,14288,145835813,-4027,5511,-2628,725,-261,-286
IMU1,14289,145846659,-3503,6832,-3608,1292,-986,-649
IMU1,14290,145857697,-3817,7852,-3632,2297,-1578,-1238
IMU1,14291,145869163,-6793,7742,-3516,3955,-1551,-1728
IMU1,14292,145880628,-6523,8059,-3844,8341,792,-1340
IMU1,14293,145891783,-6463,8601,-3160,10102,2988,-1144
IMU1,14294,145903363,-6212,8620,-1355,11378,5886,-1029
IMU1,14295,145914941,-6255,8750,787,12383,8634,-864
IMU1,14296,145926043,-6755,8865,3051,13311,10120,-650
IMU1,14297,145937509,-6563,8986,7258,15262,9444,-394
IMU1,14298,145948787,-6429,8879,8482,16257,7964,-573
IMU1,14299,145960057,-6285,8534,8738,17115,5813,-1039
IMU1,14300,145971540,-6022,8011,7605,17629,4050,-1660
IMU1,14301,145983000,-4947,7804,6442,17495,3600,-2183
IMU1,14302,145994475,-3111,6386,6173,16705,4471,-2431
IMU1,14303,146005973,-2459,5089,5815,13272,6151,-1965
IMU1,14304,146017453,-2654,3704,5665,10461,4814,-1381
IMU1,14305,146028909,-3237,2803,5372,7262,2666,-576
IMU1,14306,146039960,-3254,1754,6030,4129,2300,779
IMU1,14307,146050946,-3278,391,6786,1538,3484,2214
IMU1,14308,146061917,-1667,-913,5674,-564,3138,2604
IMU1,14309,146072885,-1439,-1073,3927,-3659,2723,1719
IMU1,14310,146084245,-965,-1410,3424,-4542,3154,686
IMU1,14311,146095198,-779,-1553,3506,-4706,3383,-353
IMU1,14312,146106277,-479,-1250,3408,-4072,2604,-1044
IMU1,14313,146117523,-708,-1144,2838,-2868,1408,-1406
IMU1,14314,146128780,-1179,-1026,1281,-1463,534,-1201
IMU1,14315,146140018,-944,-979,1102,816,63,124
IMU1,14316,146150082,-875,-1230,839,1546,-398,590
IMU1,14317,146160647,-896,-1299,809,1979,-1052,763
IMU1,14318,146171380,-1155,-1463,515,2149,-1352,759
IMU1,14319,146182344,-1419,-1464,314,2028,-1288,688
IMU1,14320,146193293,-1507,-1536,430,1691,-1100,581
IMU1,14321,146204244,-1587,-1574,603,1286,-938,419
IMU1,14322,146214994,-1646,-1576,657,917,-908,230
IMU1,14323,146226072,-1822,-1546,572,396,-845,-29
IMU1,14324,146236530,-1914,-1406,488,226,-722,-39
IMU1,14325,146246976,-1937,-1261,479,76,-608,-8
IMU1,14326,146257023,-1881,-1217,490,-45,-521,-1
# swing_peak_seq=14300
IMU1,14327,146267155,-1853,-1197,415,-157,-512,-30
IMU1,14328,146277706,-1853,-1187,240,-282,-532,-77
IMU1,14329,146288253,-1869,-1216,154,-408,-506,-115
IMU1,14330,146298987,-1854,-1292,171,-514,-402,-122
IMU1,14331,146309716,-1855,-1376,232,-572,-270,-112
IMU1,14332,146320455,-1924,-1467,281,-583,-219,-99
IMU1,14333,146330985,-1976,-1520,219,-562,-305,-37
IMU1,14334,146341522,-2021,-1567,266,-517,-521,-1
IMU1,14335,146351869,-2028,-1582,290,-481,-562,20
IMU1,14336,146362321,-2013,-1603,318,-459,-609,4
IMU1,14337,146372568,-1996,-1664,395,-457,-632,-47
IMU1,14338,146383117,-1945,-1694,470,-477,-590,-145
IMU1,14339,146393875,-1931,-1691,510,-535,-536,-305
IMU1,14340,146404624,-1939,-1680,582,-632,-552,-503
IMU1,14341,146415374,-1955,-1673,740,-752,-634,-707
IMU1,14342,146426133,-1954,-1664,953,-857,-758,-900
IMU1,14343,146436894,-2098,-1632,1456,-923,-1165,-1214
IMU1,14344,146448224,-2165,-1606,1654,-936,-1400,-1336
IMU1,14345,146459548,-2172,-1535,1787,-930,-1620,-1446
IMU1,14346,146470888,-2161,-1453,1830,-954,-1769,-1600
IMU1,14347,146482226,-2132,-1369,1770,-1052,-1860,-1781
IMU1,14348,146493764,-2162,-1298,1631,-1254,-1896,-1969
IMU1,14349,146505294,-2248,-1088,1420,-1961,-1949,-2238
IMU1,14350,146516837,-2136,-1019,1548,-2366,-1991,-2275
IMU1,14351,146528390,-1914,-948,1649,-2702,-2047,-2302
IMU1,14352,146539747,-1829,-890,1742,-2952,-2169,-2332
IMU1,14353,146551106,-1780,-839,1731,-3123,-2433,-2341
IMU1,14354,146562475,-1495,-765,1516,-3326,-3071,-2202
IMU1,14355,146573830,-1440,-731,1331,-3410,-3252,-2066
IMU1,14356,146585176,-1404,-693,1119,-3491,-3377,-1893
IMU1,14357,146596540,-1325,-661,933,-3604,-3488,-1684
IMU1,14358,146607680,-1310,-661,803,-3732,-3621,-1454
IMU1,14359,146618826,-1283,-632,688,-3846,-3758,-1192
IMU1,14360,146629987,-1136,-549,463,-4034,-3943,-640
IMU1,14361,146640945,-1118,-514,382,-4099,-4012,-389
IMU1,14362,146651883,-1109,-495,341,-4150,-4074,-146
IMU1,14363,146662831,-1067,-466,289,-4187,-4137,75
IMU1,14364,146673476,-1082,-399,230,-4206,-4207,257
IMU1,14365,146684329,-1193,-342,151,-4227,-4279,423
IMU1,14366,146695186,-1333,-327,74,-4248,-4363,597
IMU1,14367,146705843,-1562,-233,-123,-4261,-4436,798
IMU1,14368,146716802,-1637,-212,-222,-4314,-4418,1223
IMU1,14369,146727951,-1634,-226,-296,-4368,-4343,1404
IMU1,14370,146739104,-1698,-213,-320,-4416,-4209,1519
IMU1,14371,146752822,-1846,-191,-334,-4477,-4063,1594
IMU1,14372,146763973,-2069,-98,-418,-4533,-3946,1707
IMU1,14373,146774934,-2244,-95,-561,-4577,-3889,1781
IMU1,14374,146785894,-2256,-79,-586,-4551,-3784,1897
IMU1,14375,146796868,-2218,-71,-550,-4450,-3555,1995
IMU1,14376,146807841,-2286,-37,-473,-4266,-3167,2040
IMU1,14377,146818789,-2488,7,-449,-4011,-2676,2051
IMU1,14378,146829428,-2689,48,-503,-3728,-2232,2058
IMU1,14379,146840281,-2789,246,-570,-3450,-1926,2058
IMU1,14380,146851331,-2734,287,-595,-2953,-1623,1964
IMU1,14381,146862375,-2719,335,-563,-2762,-1530,1862
IMU1,14382,146873429,-2663,338,-601,-2592,-1431,1721
IMU1,14383,146884480,-2575,349,-634,-2467,-1370,1531
IMU1,14384,146895515,-2479,364,-565,-2358,-1346,1305
IMU1,14385,146906565,-2374,359,-476,-2239,-1288,1064
IMU1,14386,146917611,-2216,429,-282,-2103,-1175,586
IMU1,14387,146928468,-2334,491,-267,-1787,-937,386
IMU1,14388,146939118,-2209,692,-220,-1646,-907,262
IMU1,14389,146949773,-2234,790,-239,-1489,-934,136
IMU1,14390,146960425,-2498,608,-366,-1356,-1021,47
IMU1,14391,146971066,-2632,611,-360,-1257,-1122,91
IMU1,14392,146981713,-2486,753,-495,-1176,-1144,219
IMU1,14393,146992570,-2508,497,-174,-1087,-1055,335
IMU1,14394,147003417,-2323,605,-171,-922,-910,469
IMU1,14395,147013879,-2436,495,-130,-716,-750,640
IMU1,14396,147024337,-2429,518,-64,-444,-427,704
IMU1,14397,147034588,-2599,530,-90,-378,-331,731
IMU1,14398,147044845,-2807,619,-152,-349,-385,744
IMU1,14399,147055301,-3033,729,-229,-384,-523,772
IMU1,14400,147065767,-3177,778,-400,-456,-691,813
IMU1,14401,147076209,-3245,778,-494,-561,-791,915
IMU1,14402,147086651,-3076,721,-464,-640,-706,991
IMU1,14403,147097100,-2968,599,-392,-653,-447,951
IMU1,14404,147107557,-2793,434,-262,-576,-141,850
IMU1,14405,147118007,-2658,255,-143,-404,117,676
IMU1,14406,147128353,-2538,138,-46,-175,277,438
IMU1,14407,147138488,-2369,106,-26,75,290,145
IMU1,14408,147149375,-2301,83,-73,483,23,-395
IMU1,14409,147159115,-2279,122,-142,603,-78,-591
IMU1,14410,147169365,-2269,96,-184,663,-145,-728
IMU1,14411,147179593,-2224,48,-223,678,-189,-790
IMU1,14412,147189842,-2236,56,-243,664,-170,-804
IMU1,14413,147200078,-2244,21,-293,632,-101,-766
IMU1,14414,147210291,-2261,-24,-274,593,1,-693
IMU1,14415,147220114,-2288,-6,-237,556,141,-588
IMU1,14416,147230151,-2301,-20,-224,522,295,-472
IMU1,14417,147240393,-2255,-21,-235,484,420,-364
IMU1,14418,147250617,-2309,83,-140,436,529,-283
IMU1,14419,147260762,-2432,224,-42,389,647,-212
IMU1,14420,147270899,-2500,291,-47,342,717,-141
IMU1,14421,147281040,-2581,429,-67,278,685,-75
IMU1,14422,147290969,-2657,654,-220,197,591,-22
IMU1,14423,147301104,-2722,928,-517,91,439,-5
IMU1,14424,147310855,-2829,1236,-676,0,232,-35
IMU1,14425,147320704,-2987,1523,-667,1,136,-78
IMU1,14426,147330650,-3240,1986,-674,173,225,-112
IMU1,14427,147341698,-3736,3320,-1007,1110,520,-197
IMU1,14428,147352647,-3761,4266,-1715,1809,443,-298
IMU1,14429,147363600,-3645,5281,-2395,2629,104,-519
IMU1,14430,147374547,-3615,6405,-3273,3625,-321,-893
IMU1,14431,147385581,-4277,7534,-3965,4801,-719,-1360
IMU1,14432,147396849,-5630,8107,-4328,6137,-731,-1633
IMU1,14433,147408103,-7154,8913,-3976,7538,79,-1160
IMU1,14434,147419083,-7143,9255,-2450,10028,4789,-592
IMU1,14435,147430474,-7146,9591,-276,11109,7693,10
IMU1,14436,147441361,-7016,9754,2174,12159,9919,663
IMU1,14437,147452567,-6514,9875,4752,13234,11102,1199
IMU1,14438,147464177,-6283,9322,7520,14461,10925,1420
IMU1,14439,147475732,-6374,8755,10378,17493,6746,953
IMU1,14440,147487116,-5537,8177,10006,18569,4737,418
IMU1,14441,147498476,-4845,7091,9101,18746,3812,-117
IMU1,14442,147509737,-4267,6855,8765,17935,3193,-407
IMU1,14443,147521002,-2624,5812,7570,16152,3286,-208
IMU1,14444,147532236,-1958,4829,7326,13219,4199,339
IMU1,14445,147543390,-5820,1226,9039,5679,4445,2650
IMU1,14446,147554550,-3304,-55,8172,2250,2167,3781
IMU1,14447,147565402,-827,-244,4411,-764,452,3519
IMU1,14448,147575940,-830,-599,2037,-3589,979,2254
IMU1,14449,147586690,-1425,-1483,2129,-5621,2686,909
IMU1,14450,147597818,-1699,-1723,3460,-6140,3475,-160
IMU1,14451,147609055,-785,-1445,4655,-5071,2645,-886
IMU1,14452,147620097,-1136,-1292,3518,-206,-460,-1368
IMU1,14453,147631205,-1927,-1374,1650,2036,-1332,-962
IMU1,14454,147642423,-1809,-1264,113,3399,-1803,-229
IMU1,14455,147653445,-1337,-1266,-760,3822,-1663,426
IMU1,14456,147664480,-1259,-1314,-1099,3453,-1172,764
IMU1,14457,147675707,-1595,-1419,-788,2546,-568,881
IMU1,14458,147686556,-2051,-1589,510,1478,-94,888
IMU1,14459,147697608,-2186,-1795,965,-42,4,696
IMU1,14460,147707539,-2028,-1638,1098,-320,-165,503
IMU1,14461,147718357,-1896,-1525,1042,-360,-370,235
IMU1,14462,147729193,-2101,-1320,728,-265,-468,-40
IMU1,14463,147739715,-2162,-1105,403,-149,-435,-198
IMU1,14464,147752897,-2101,-1006,256,-79,-231,-246
IMU1,14465,147763423,-2001,-972,424,-45,-4,-265
IMU1,14466,147774374,-1918,-1061,569,12,23,-312
# swing_peak_seq=14440
IMU1,14467,147784526,-1974,-1107,643,59,-104,-312
IMU1,14468,147794949,-1937,-1186,643,101,-250,-292
IMU1,14469,147805575,-1938,-1232,507,103,-370,-267
IMU1,14470,147816206,-2037,-1282,359,34,-447,-240
IMU1,14471,147826625,-2122,-1330,343,-103,-464,-186
IMU1,14472,147837347,-2092,-1397,475,-257,-441,-119
IMU1,14473,147848087,-2025,-1457,637,-389,-461,-98
IMU1,14474,147858607,-2008,-1502,793,-491,-559,-156
IMU1,14475,147869343,-2103,-1600,1198,-570,-708,-275
IMU1,14476,147880270,-2106,-1565,1364,-691,-1012,-568
IMU1,14477,147891394,-2176,-1520,1486,-773,-1117,-758
IMU1,14478,147902531,-2219,-1494,1550,-900,-1201,-954
IMU1,14479,147913685,-2178,-1384,1534,-1091,-1290,-1148
IMU1,14480,147925214,-2159,-1215,1458,-1353,-1337,-1364
IMU1,14481,147936740,-2163,-928,1433,-1689,-1319,-1576
IMU1,14482,147948074,-2109,-859,1556,-2433,-1199,-1853
IMU1,14483,147959414,-2080,-814,1779,-2745,-1150,-1905
IMU1,14484,147970750,-2057,-812,2016,-2975,-1174,-1906
IMU1,14485,147982078,-2022,-803,2132,-3130,-1327,-1870
IMU1,14486,147993415,-1977,-747,2161,-3242,-1624,-1815
IMU1,14487,148004749,-1822,-568,1942,-3469,-2279,-1622
IMU1,14488,148016071,-1638,-471,1777,-3622,-2534,-1514
IMU1,14489,148027403,-1486,-442,1687,-3776,-2746,-1451
IMU1,14490,148038727,-1505,-453,1513,-3916,-2801,-1362
IMU1,14491,148050059,-1568,-459,1213,-4080,-2779,-1188
IMU1,14492,148061389,-1645,-382,894,-4285,-2833,-953
IMU1,14493,148072850,-1698,-294,866,-4689,-3101,-403
IMU1,14494,148083780,-1633,-255,796,-4835,-3196,-113
IMU1,14495,148094721,-1585,-224,773,-4925,-3211,145
IMU1,14496,148105562,-1614,-179,785,-4990,-3195,383
IMU1,14497,148116419,-1615,-157,764,-5012,-3171,590
IMU1,14498,148127271,-1542,-145,598,-5014,-3097,752
IMU1,14499,148138128,-1609,-112,418,-5046,-3010,860
IMU1,14500,148148961,-1842,97,-83,-5274,-3018,1003
IMU1,14501,148159596,-1879,206,-237,-5497,-3121,1072
IMU1,14502,148170658,-1948,297,-283,-5731,-3222,1122
IMU1,14503,148181694,-2006,352,-300,-5965,-3288,1173
IMU1,14504,148192734,-1955,413,-343,-6177,-3308,1214
IMU1,14505,148203778,-1965,521,-341,-6371,-3280,1209
IMU1,14506,148214818,-2101,628,-284,-6525,-3216,1174
IMU1,14507,148225857,-2413,602,-464,-6631,-3166,1144
IMU1,14508,148236903,-2368,531,-559,-6570,-3289,1199
IMU1,14509,148247943,-2194,581,-373,-6369,-3399,1236
IMU1,14510,148259010,-2069,558,-178,-5991,-3268,1218
IMU1,14511,148270066,-1994,510,-115,-5488,-2827,1148
IMU1,14512,148281125,-1965,599,-125,-4920,-2221,1032
IMU1,14513,148292163,-2050,725,-31,-4330,-1634,891
IMU1,14514,148303313,-2302,1004,-73,-3258,-838,681
IMU1,14515,148313957,-2454,1145,-182,-2854,-674,623
IMU1,14516,148324805,-2465,1336,-347,-2595,-639,602
IMU1,14517,148335642,-1321,1859,-576,-2466,-673,384
IMU1,14518,148346490,-3487,755,-316,-2422,-681,87
IMU1,14519,148356940,-3593,1003,-272,-2356,-824,364
IMU1,14520,148367791,-2969,1215,-435,-2241,-1115,669
IMU1,14521,148378835,-2460,1329,-473,-2150,-1259,861
IMU1,14522,148389881,-2657,1047,-422,-1983,-743,696
IMU1,14523,148400719,-2963,1047,-455,-1926,-394,723
IMU1,14524,148411550,-2973,1047,-291,-1835,-194,846
IMU1,14525,148422392,-2877,1049,-352,-1703,-115,951
IMU1,14526,148433249,-2710,1021,-187,-1557,-83,1019
IMU1,14527,148444094,-2573,1026,-155,-1392,-18,1030
IMU1,14528,148454928,-2392,1029,-59,-1226,48,971
IMU1,14529,148465275,-2369,1031,53,-1047,48,836
IMU1,14530,148476572,-2740,858,-184,-679,-263,581
IMU1,14531,148487024,-2634,1007,-209,-554,-347,536
IMU1,14532,148497645,-2413,1016,-289,-451,-279,454
IMU1,14533,148508265,-2442,1002,-307,-377,-185,332
IMU1,14534,148518884,-2501,933,-305,-310,-112,216
IMU1,14535,148529323,-2545,850,-328,-238,-87,125
IMU1,14536,148539549,-2504,742,-373,-169,-88,69
IMU1,14537,148549581,-2438,643,-343,-105,-77,31
IMU1,14538,148559612,-2410,519,-317,-25,-20,-4
IMU1,14539,148569349,-2381,425,-285,66,35,-40
IMU1,14540,148579093,-2341,352,-298,167,47,-79
IMU1,14541,148589039,-2317,259,-300,255,23,-125
IMU1,14542,148599178,-2254,197,-324,336,6,-177
IMU1,14543,148609118,-2224,160,-338,395,1,-238
IMU1,14544,148619055,-2198,121,-296,445,-8,-297
IMU1,14545,148629092,-2205,51,-292,495,-45,-344
IMU1,14546,148640167,-2109,20,-288,593,-152,-407
IMU1,14547,148650388,-2115,9,-220,634,-191,-429
IMU1,14548,148660429,-2135,-35,-236,681,-189,-447
IMU1,14549,148670756,-2150,-66,-285,714,-157,-452
IMU1,14550,148681103,-2128,-33,-346,705,-91,-456
IMU1,14551,148691245,-2111,20,-369,649,9,-473
IMU1,14552,148700975,-2127,14,-415,568,112,-500
IMU1,14553,148711112,-2135,13,-383,465,173,-525
IMU1,14554,148721259,-2108,55,-304,375,194,-552
IMU1,14555,148731413,-2097,91,-226,311,205,-588
IMU1,14556,148741564,-2163,170,-165,276,213,-627
IMU1,14557,148754457,-2410,386,-70,276,252,-627
IMU1,14558,148765131,-2596,581,-46,314,378,-567
IMU1,14559,148775286,-2771,774,-86,327,467,-464
IMU1,14560,148785429,-2895,942,-175,318,576,-332
IMU1,14561,148795778,-3089,1257,-251,265,654,-191
IMU1,14562,148806324,-3367,1766,-494,193,640,-69
IMU1,14563,148816648,-3428,2259,-779,93,456,0
IMU1,14564,148826384,-3402,2925,-1017,26,188,-36
IMU1,14565,148836713,-3332,3861,-1485,80,-71,-196
IMU1,14566,148847152,-3044,5017,-2173,347,-540,-500
IMU1,14567,148858007,-2743,6374,-2802,973,-1266,-961
IMU1,14568,148869051,-2926,7753,-3369,2142,-1967,-1558
IMU1,14569,148880500,-5798,9175,-4331,6523,-2253,-2215
IMU1,14570,148891953,-7086,9634,-5292,9178,-1550,-1974
IMU1,14571,148903413,-7948,10044,-5088,11333,144,-1626
IMU1,14572,148914978,-8071,10630,-3564,12701,3487,-1142
IMU1,14573,148926752,-8304,11767,-599,13455,7704,-417
IMU1,14574,148938122,-6730,10096,6183,14577,13749,1599
IMU1,14575,148949910,-8109,12829,9284,15449,14378,2499
IMU1,14576,148961687,-8427,12239,12001,16853,12690,3042
IMU1,14577,148973655,-8560,10575,13577,18882,8727,2920
IMU1,14578,148985431,-5715,4792,10750,21016,1236,1095
IMU1,14579,148997030,-4058,4334,8256,22047,302,-53
IMU1,14580,149007898,-2475,3293,4884,19761,87,-742
IMU1,14581,149018763,-2852,4543,3203,15396,212,-764
IMU1,14582,149029818,-2871,5112,4045,9955,1034,233
IMU1,14583,149040804,-3146,3765,5627,4750,2862,1628
IMU1,14584,149051976,-2987,1839,5101,528,3996,2519
IMU1,14585,149062976,-752,-89,4536,-4216,2250,1365
IMU1,14586,149073732,-369,-577,4441,-4593,1748,8
IMU1,14587,149084101,-571,-381,3674,-3809,1740,-1131
IMU1,14588,149095170,-1056,-451,3217,-2328,1760,-1693
IMU1,14589,149106393,-953,-444,2779,-543,1433,-1599
IMU1,14590,149117254,-861,-499,2171,1113,740,-1176
IMU1,14591,149128016,-583,-624,1763,2306,-165,-625
IMU1,14592,149138645,-735,-780,662,2936,-970,-140
IMU1,14593,149149602,-1561,-849,383,2626,-1716,937
IMU1,14594,149160342,-1478,-983,707,1965,-1582,1428
IMU1,14595,149171287,-1533,-1082,963,1256,-1270,1630
IMU1,14596,149182427,-1644,-1225,1173,648,-1076,1515
IMU1,14597,149193571,-1817,-1300,1248,214,-1035,1219
IMU1,14598,149204726,-1875,-1285,1183,-19,-993,865
IMU1,14599,149215359,-1983,-1206,999,-98,-860,500
IMU1,14600,149226854,-2043,-986,793,-51,-431,-1
IMU1,14601,149236797,-1941,-921,768,2,-238,-161
IMU1,14602,149246846,-1896,-874,629,27,-132,-277
IMU1,14603,149257097,-1913,-852,458,-7,-72,-321
IMU1,14604,149267041,-1957,-861,439,-106,42,-274
IMU1,14605,149277277,-1994,-925,515,-228,172,-155
# swing_peak_seq=14579
IMU1,14606,149287725,-1987,-1016,637,-320,174,-20
IMU1,14607,149298158,-1997,-1117,705,-357,51,89
IMU1,14608,149308318,-2010,-1198,673,-358,-119,164
IMU1,14609,149318959,-2047,-1286,667,-341,-269,206
IMU1,14610,149329588,-2104,-1318,646,-323,-363,226
IMU1,14611,149340227,-2123,-1342,649,-315,-417,223
IMU1,14612,149350862,-2084,-1327,715,-329,-497,103
IMU1,14613,149361492,-2050,-1328,784,-418,-539,-9
IMU1,14614,149371834,-2008,-1271,851,-475,-591,-139
IMU1,14615,149382591,-1997,-1221,950,-526,-635,-269
IMU1,14616,149393341,-1974,-1191,1069,-588,-676,-372
IMU1,14617,149404293,-1932,-1147,1165,-660,-735,-451
IMU1,14618,149415234,-1927,-1093,1272,-748,-854,-529
IMU1,14619,149426184,-1940,-1057,1360,-862,-1043,-601
IMU1,14620,149437315,-1973,-945,1469,-997,-1292,-751
IMU1,14621,149448267,-2008,-920,1660,-1329,-1901,-829
IMU1,14622,149459393,-2102,-851,1800,-1455,-2230,-908
IMU1,14623,149470534,-2149,-770,1865,-1543,-2594,-985
IMU1,14624,149481686,-2196,-691,1847,-1616,-2981,-1058
IMU1,14625,149493018,-2200,-613,1822,-1694,-3340,-1133
IMU1,14626,149504371,-2081,-503,1577,-1792,-3635,-1222
IMU1,14627,149515693,-1975,-449,1447,-2125,-4096,-1521
IMU1,14628,149527019,-1884,-476,1348,-2364,-4232,-1709
IMU1,14629,149538365,-1623,-474,1188,-2617,-4318,-1903
IMU1,14630,149549710,-1327,-208,1003,-2878,-4350,-2144
IMU1,14631,149561054,-1014,-486,890,-3138,-4276,-2407
IMU1,14632,149572197,-611,-670,918,-3459,-3775,-2781
IMU1,14633,149583153,-412,-586,811,-3487,-3393,-2888
IMU1,14634,149594103,-342,-783,713,-3462,-3041,-2917
IMU1,14635,149605055,-248,-978,804,-3397,-2700,-2850
IMU1,14636,149615993,-302,-1044,893,-3256,-2440,-2690
IMU1,14637,149627140,-379,-1354,782,-3034,-2340,-2435
IMU1,14638,149638297,-465,-1180,1404,-2700,-2402,-2086
IMU1,14639,149649634,-283,-910,1614,-1680,-2341,-1316
IMU1,14640,149660762,-259,-814,1378,-1205,-2227,-964
IMU1,14641,149671696,-239,-901,1116,-869,-2201,-637
IMU1,14642,149682442,-345,-914,919,-679,-2251,-306
IMU1,14643,149692985,-477,-926,836,-625,-2362,64
IMU1,14644,149703239,-502,-953,710,-671,-2500,457
IMU1,14645,149713700,-538,-917,544,-815,-2663,835
IMU1,14646,149724147,-549,-929,379,-1045,-2869,1178
IMU1,14647,149735002,-600,-945,247,-1346,-3107,1487
IMU1,14648,149745855,-842,-988,279,-2016,-3378,2116
IMU1,14649,149759260,-950,-1035,248,-2300,-3372,2483
IMU1,14650,149770323,-1078,-1065,229,-2558,-3352,2880
IMU1,14651,149781558,-1284,-1115,277,-2793,-3387,3284
IMU1,14652,149792799,-1722,-1144,341,-2990,-3464,3692
IMU1,14653,149804043,-1930,-1160,317,-3306,-3757,4416
IMU1,14654,149815298,-2033,-1131,260,-3440,-4055,4674
IMU1,14655,149826544,-2083,-1046,352,-3582,-4362,4811
IMU1,14656,149837792,-2185,-967,459,-3701,-4567,4851
IMU1,14657,149848842,-2388,-864,447,-3802,-4590,4859
IMU1,14658,149859902,-2649,-747,154,-3920,-4442,4898
IMU1,14659,149870955,-3240,-579,-169,-4252,-3790,5160
IMU1,14660,149882108,-2894,-407,-557,-4485,-3403,5334
IMU1,14661,149893253,-2964,-683,-668,-4744,-2958,5289
IMU1,14662,149904398,-2956,-716,-450,-4965,-2331,5247
IMU1,14663,149915558,-2796,-504,-168,-5054,-1646,5131
IMU1,14664,149926695,-2607,-172,-38,-4988,-1042,4885
IMU1,14665,149937618,-2427,177,26,-4466,-370,4026
IMU1,14666,149948160,-2819,20,-116,-4099,-486,3433
IMU1,14667,149958797,-2570,337,-132,-3714,-693,2992
IMU1,14668,149969647,-2338,801,-85,-3322,-876,2499
IMU1,14669,149980290,-2635,584,-141,-2954,-846,1961
IMU1,14670,149991137,-2744,900,-399,-2631,-782,1565
IMU1,14671,150002002,-2671,1032,-440,-2381,-787,1245
IMU1,14672,150013055,-2527,953,-473,-2168,-796,944
IMU1,14673,150023735,-2438,1017,-429,-1964,-739,672
IMU1,14674,150034578,-2694,874,-442,-1584,-552,254
IMU1,14675,150045233,-2683,885,-431,-1430,-446,204
IMU1,14676,150055876,-2638,1019,-348,-1293,-335,224
IMU1,14677,150066719,-2587,1096,-372,-1160,-185,249
IMU1,14678,150077572,-2869,1010,-354,-1052,-35,293
IMU1,14679,150088219,-2972,1101,-471,-954,57,416
IMU1,14680,150098570,-2900,1075,-573,-866,119,575
IMU1,14681,150109114,-2794,1144,-489,-851,224,690
IMU1,14682,150119670,-2676,974,-446,-781,384,732
IMU1,14683,150130545,-2543,874,-367,-523,557,631
IMU1,14684,150140915,-2526,845,-285,-306,529,503
IMU1,14685,150151270,-2571,856,-244,-55,493,356
IMU1,14686,150161415,-2549,864,-259,196,496,202
IMU1,14687,150171665,-2611,921,-245,443,515,43
IMU1,14688,150181715,-2689,1037,-237,654,537,-102
IMU1,14689,150192267,-2668,1060,-309,840,520,-233
IMU1,14690,150202818,-2638,1136,-409,993,432,-366
IMU1,14691,150213374,-2656,1386,-535,1114,321,-515
IMU1,14692,150224136,-2684,1690,-690,1218,214,-680
IMU1,14693,150234880,-2837,2027,-852,1344,83,-852
IMU1,14694,150245954,-3081,3381,-1218,1777,-65,-1113
IMU1,14695,150257018,-3286,4090,-1674,2050,-249,-1263
IMU1,14696,150268264,-3298,4921,-2333,2395,-586,-1439
IMU1,14697,150279540,-3082,5792,-3231,2844,-1198,-1738
IMU1,14698,150291010,-3588,6437,-2980,3518,-2002,-2221
IMU1,14699,150302486,-5156,6262,-2299,4697,-2274,-2635
IMU1,14700,150313968,-5606,6379,-2213,8210,-206,-2752
IMU1,14701,150325251,-5727,6526,-1783,9806,1575,-2642
IMU1,14702,150336619,-5572,6818,-909,10928,3659,-2470
IMU1,14703,150347998,-5304,7107,363,11620,5805,-2194
IMU1,14704,150359294,-5187,7239,2250,12110,7473,-1892
IMU1,14705,150370796,-4572,7913,5788,13357,8439,-1545
IMU1,14706,150382304,-4323,8158,7480,14324,7300,-1814
IMU1,14707,150393813,-4095,7993,8423,15526,5579,-2423
IMU1,14708,150405321,-3787,7631,8338,16651,4311,-3158
IMU1,14709,150416806,-3680,7478,7687,17399,3919,-3762
IMU1,14710,150428283,-2910,5889,5733,17007,4751,-3846
IMU1,14711,150439762,-2624,4637,5186,15444,5383,-3167
IMU1,14712,150451246,-2615,2737,6737,12921,5109,-2169
IMU1,14713,150462708,-2457,942,9413,10098,2515,-1199
IMU1,14714,150474015,-1010,376,9312,7635,-1536,-590
IMU1,14715,150485004,-1415,1172,110,5081,-4113,-314
IMU1,14716,150495981,-1786,923,-543,-2296,799,1570
IMU1,14717,150506770,-912,-78,795,-5509,4441,1998
IMU1,14718,150517362,-465,-1125,3039,-7255,5792,1266
IMU1,14719,150528552,-30,-1376,5094,-7220,4896,22
IMU1,14720,150539110,85,-1098,5216,-5657,2798,-1108
IMU1,14721,150550072,-500,-826,4413,-3289,716,-1703
IMU1,14722,150560923,-1179,-819,2911,-779,-671,-1576
IMU1,14723,150571868,-1237,-989,510,1280,-1176,-941
IMU1,14724,150582711,-775,-1049,269,3127,-986,288
IMU1,14725,150593265,-669,-1113,434,3197,-949,421
IMU1,14726,150603830,-852,-1135,610,2967,-846,336
IMU1,14727,150614389,-1220,-1153,893,2550,-607,212
IMU1,14728,150625161,-1363,-1256,1213,2050,-379,130
IMU1,14729,150636116,-1343,-1291,1620,1573,-299,46
IMU1,14730,150646862,-1276,-1300,1839,1195,-386,-75
IMU1,14731,150657723,-1412,-1251,1815,906,-529,-208
IMU1,14732,150668567,-1781,-1073,1444,366,-431,-208
IMU1,14733,150679410,-1800,-946,1305,46,-204,-81
IMU1,14734,150689658,-1706,-881,1251,-291,-53,21
IMU1,14735,150699901,-1639,-925,1267,-597,-25,53
# swing_peak_seq=14709
IMU1,14736,150710162,-1657,-994,1231,-826,-75,37
IMU1,14737,150720423,-1755,-1035,1147,-979,-131,32
IMU1,14738,150731070,-1772,-1110,1116,-1054,-129,65
IMU1,14739,150741937,-1813,-1161,1132,-1057,-48,115
IMU1,14740,150752769,-1830,-1262,1114,-1015,48,158
IMU1,14741,150766071,-2021,-1453,997,-949,-24,174
IMU1,14742,150776513,-2028,-1521,980,-963,-195,169
IMU1,14743,150787143,-2042,-1538,995,-993,-317,133
IMU1,14744,150797789,-2064,-1554,1028,-1035,-362,70
IMU1,14745,150808631,-2062,-1577,1087,-1083,-382,-14
IMU1,14746,150819569,-2030,-1546,1123,-1150,-414,-125
IMU1,14747,150830701,-1961,-1512,1194,-1240,-450,-273
IMU1,14748,150841851,-1932,-1420,1403,-1472,-505,-668
IMU1,14749,150852979,-1950,-1348,1529,-1604,-609,-857
IMU1,14750,150864110,-1982,-1267,1708,-1727,-772,-1025
IMU1,14751,150875448,-1989,-1190,1882,-1834,-980,-1156
IMU1,14752,150886805,-1953,-1067,2026,-1921,-1195,-1253
IMU1,14753,150898335,-1931,-929,2098,-2005,-1364,-1328
IMU1,14754,150909663,-1937,-588,2113,-2259,-1553,-1390
IMU1,14755,150921015,-1937,-427,2111,-2445,-1697,-1370
IMU1,14756,150932348,-1915,-257,2085,-2654,-1930,-1307
IMU1,14757,150943692,-1898,-106,2044,-2878,-2216,-1198
IMU1,14758,150955045,-1931,24,1991,-3095,-2573,-1027
IMU1,14759,150966097,-1592,79,1740,-3293,-2994,-791
IMU1,14760,150976960,-1414,98,1565,-3666,-3529,-205
IMU1,14761,150987805,-1313,96,1440,-3843,-3557,128
IMU1,14762,150998557,-1218,23,1320,-4001,-3526,473
IMU1,14763,151009311,-1176,1,1154,-4151,-3504,822
IMU1,14764,151019881,-1181,29,1052,-4285,-3516,1155
IMU1,14765,151030849,-1137,18,823,-4418,-3567,1478
IMU1,14766,151041615,-1070,24,497,-4580,-3619,1775
IMU1,14767,151052348,-1029,30,-336,-4813,-3611,2032
IMU1,14768,151063711,-921,-142,-406,-5616,-3267,2136
IMU1,14769,151074646,-2497,-707,1287,-5988,-2909,2321
IMU1,14770,151085890,-1054,-107,90,-5970,-2649,2721
IMU1,14771,151096736,-1504,-189,133,-5956,-2847,2791
IMU1,14772,151107791,-1592,71,-353,-6036,-2956,2785
IMU1,14773,151118664,-1668,60,-557,-6234,-3003,2766
IMU1,14774,151129532,-1666,90,-1053,-6552,-2806,2701
IMU1,14775,151140592,-1634,25,-811,-7511,-1819,2382
IMU1,14776,151151462,-2194,-254,16,-7852,-1549,2174
IMU1,14777,151162323,-2263,-54,166,-7835,-1730,2090
IMU1,14778,151173176,-2086,208,-59,-7515,-2210,2064
IMU1,14779,151184032,-2027,265,35,-6979,-2611,1976
IMU1,14780,151194776,-2104,263,205,-6224,-2731,1853
IMU1,14781,151205739,-2252,351,-21,-5334,-2522,1724
IMU1,14782,151216592,-2518,413,-348,-4451,-1581,1459
IMU1,14783,151227655,-2458,541,-427,-2956,-1041,1306
IMU1,14784,151238701,-2513,688,-488,-2429,-498,1106
IMU1,14785,151249552,-2666,724,-579,-2096,-23,914
IMU1,14786,151260002,-2754,835,-728,-1954,275,769
IMU1,14787,151270560,-2745,957,-886,-1972,358,652
IMU1,14788,151281108,-2767,1064,-1020,-2113,280,527
IMU1,14789,151292062,-2814,1083,-1029,-2336,121,408
IMU1,14790,151303017,-2787,918,-933,-2550,-308,260
IMU1,14791,151313693,-1217,1397,-735,-2740,-454,79
IMU1,14792,151324349,-3544,52,-488,-2616,-368,-420
IMU1,14793,151334891,-3244,606,-336,-2359,-393,-78
IMU1,14794,151345445,-2786,491,-27,-1955,-552,234
IMU1,14795,151355909,-2321,838,101,-1441,-480,263
IMU1,14796,151366466,-2540,655,-94,-960,-125,208
IMU1,14797,151376706,-2902,602,-407,-644,189,223
IMU1,14798,151387052,-2815,631,-419,-516,311,311
IMU1,14799,151397430,-2754,582,-487,-515,337,377
IMU1,14800,151407795,-2601,623,-397,-599,374,393
IMU1,14801,151418161,-2393,536,-282,-713,382,344
IMU1,14802,151429046,-2325,429,-245,-880,180,106
IMU1,14803,151439387,-2259,411,-128,-908,65,-33
IMU1,14804,151449429,-2200,403,-30,-879,2,-158
IMU1,14805,151459289,-2172,372,32,-775,-65,-281
IMU1,14806,151469336,-2155,409,47,-615,-170,-386
IMU1,14807,151479589,-2129,426,-29,-449,-283,-469
IMU1,14808,151489934,-2109,455,-118,-295,-386,-545
IMU1,14809,151500477,-2188,464,-276,-182,-466,-593
IMU1,14810,151511039,-2219,427,-438,-135,-520,-590
IMU1,14811,151521612,-2202,487,-522,-141,-534,-542
IMU1,14812,151532153,-2137,513,-562,-181,-464,-472
IMU1,14813,151542711,-2136,487,-569,-235,-321,-392
IMU1,14814,151553788,-2202,425,-562,-324,-44,-154
IMU1,14815,151564108,-2204,417,-539,-337,54,-27
IMU1,14816,151574145,-2257,472,-486,-352,123,100
IMU1,14817,151584485,-2303,459,-457,-349,169,215
IMU1,14818,151594818,-2312,431,-509,-329,154,305
IMU1,14819,151605173,-2259,424,-556,-291,83,361
IMU1,14820,151615316,-2236,418,-599,-253,18,378
IMU1,14821,151625478,-2224,420,-609,-199,-11,362
IMU1,14822,151635726,-2277,480,-552,-117,-2,323
IMU1,14823,151645767,-2328,496,-542,-17,62,287
IMU1,14824,151655713,-2420,611,-540,90,161,278
IMU1,14825,151665767,-2459,723,-526,200,221,240
IMU1,14826,151676015,-2450,851,-552,312,127,157
IMU1,14827,151686281,-2477,1125,-616,448,-167,33
IMU1,14828,151696626,-2414,1283,-600,612,-582,-157
IMU1,14829,151707791,-2562,1880,-622,1166,-1556,-742
IMU1,14830,151718849,-2730,2347,-822,1573,-1932,-1099
IMU1,14831,151730095,-3111,3002,-1109,2026,-2175,-1456
IMU1,14832,151741560,-3359,3845,-1641,2518,-2242,-1793
IMU1,14833,151753014,-3473,4583,-2547,3058,-2293,-2157
IMU1,14834,151767048,-4430,5888,-3008,4563,-2427,-3040
IMU1,14835,151778509,-5169,6152,-2907,5807,-1810,-3345
IMU1,14836,151789975,-6225,6411,-3080,7292,-892,-3447
IMU1,14837,151801251,-6666,6580,-3023,8680,101,-3384
IMU1,14838,151812422,-5639,7005,-1413,9730,1835,-3291
IMU1,14839,151823797,-4966,7247,431,11015,6899,-3438
IMU1,14840,151835083,-4609,7344,3433,11806,8821,-3682
IMU1,14841,151846577,-4524,7482,6077,13101,9873,-3995
IMU1,14842,151858073,-4881,7950,8047,14760,9437,-4310
IMU1,14843,151869579,-4563,8378,8842,16420,7900,-4644
IMU1,14844,151881068,-3593,8515,7577,18223,6475,-5357
IMU1,14845,151892562,-3479,7662,7514,18300,6216,-5338
IMU1,14846,151904072,-2147,6032,6718,17875,5596,-4960
IMU1,14847,151915572,-1457,4558,5477,16422,5470,-4215
IMU1,14848,151927057,-1733,3164,4403,13697,4168,-3203
IMU1,14849,151938528,-1412,2358,6685,6563,-888,-813
IMU1,14850,151949494,-1301,1937,5814,3841,-218,611
IMU1,14851,151960364,-915,1339,4070,1321,725,1680
IMU1,14852,151971138,-1263,666,2300,-1337,1181,2109
IMU1,14853,151982217,-1200,30,1684,-3870,1719,2106
IMU1,14854,151993081,-769,-766,1851,-5731,2595,1675
IMU1,14855,152004057,-512,-1386,2693,-6568,3179,863
IMU1,14856,152015010,-1102,-1479,3596,-5013,1886,-702
IMU1,14857,152026282,-1352,-1249,3064,-3207,988,-848
IMU1,14858,152037324,-1486,-1084,2273,-1315,437,-638
IMU1,14859,152048383,-882,-979,1479,297,51,-326
IMU1,14860,152058520,-837,-1119,1136,1440,-296,-274
IMU1,14861,152069367,-1267,-1255,1151,2181,-762,-361
IMU1,14862,152080408,-1151,-1310,945,2648,-1095,-340
IMU1,14863,152091436,-1124,-1172,669,2827,-912,-323
IMU1,14864,152102276,-1230,-1144,857,2414,-137,-339
IMU1,14865,152113125,-1303,-1108,1051,2004,-9,-354
IMU1,14866,152123766,-1348,-1079,1250,1559,23,-383
IMU1,14867,152134522,-1390,-1021,1452,1128,-8,-371
IMU1,14868,152145159,-1449,-958,1546,747,-51,-336
IMU1,14869,152155613,-1580,-910,1524,416,-48,-265
IMU1,14870,152166067,-1698,-904,1498,116,-1,-139
# swing_peak_seq=14844
IMU1,14871,152176320,-1761,-950,1466,-156,69,13
IMU1,14872,152186465,-1696,-1054,1451,-402,120,150
IMU1,14873,152197206,-1700,-1279,1491,-623,137,221
IMU1,14874,152207954,-1702,-1366,1498,-911,-4,179
IMU1,14875,152218400,-1722,-1443,1502,-988,-69,111
IMU1,14876,152229031,-1797,-1523,1512,-1036,-99,22
IMU1,14877,152239684,-1827,-1547,1515,-1064,-157,-66
IMU1,14878,152250636,-1913,-1555,1520,-1103,-243,-162
IMU1,14879,152261787,-1886,-1509,1598,-1153,-333,-270
IMU1,14880,152272941,-1924,-1545,1698,-1212,-391,-397
IMU1,14881,152284080,-1921,-1456,1717,-1299,-561,-669
IMU1,14882,152295212,-1886,-1409,1788,-1579,-717,-807
IMU1,14883,152306351,-1804,-1333,1816,-1740,-868,-943
IMU1,14884,152317505,-1805,-1253,1783,-1921,-966,-1076
IMU1,14885,152328855,-1795,-1155,1730,-2121,-1045,-1195
IMU1,14886,152340395,-1781,-1070,1700,-2349,-1114,-1279
IMU1,14887,152351951,-1732,-917,1760,-2842,-1222,-1338
IMU1,14888,152363304,-1688,-967,1815,-3072,-1310,-1321
IMU1,14889,152374643,-1701,-976,1817,-3257,-1468,-1286
IMU1,14890,152385956,-1708,-918,1788,-3421,-1679,-1210
IMU1,14891,152397288,-1681,-836,1732,-3572,-1888,-1102
IMU1,14892,152408618,-1615,-711,1549,-3718,-2056,-972
IMU1,14893,152419761,-1560,-698,1468,-4026,-2281,-683
IMU1,14894,152430896,-1538,-697,1379,-4168,-2425,-530
IMU1,14895,152442035,-1562,-686,1281,-4306,-2630,-358
IMU1,14896,152453174,-1580,-678,1116,-4441,-2834,-158
IMU1,14897,152464319,-1607,-666,979,-4583,-2989,75
IMU1,14898,152474960,-1632,-656,872,-4725,-3130,326
IMU1,14899,152485803,-1510,-575,637,-4851,-3249,783
IMU1,14900,152496656,-1546,-508,585,-5076,-3353,982
IMU1,14901,152507511,-1598,-458,516,-5174,-3460,1184
IMU1,14902,152518582,-1643,-385,407,-5261,-3639,1381
IMU1,14903,152529625,-1712,-270,267,-5344,-3797,1562
IMU1,14904,152540684,-1715,-175,80,-5437,-3895,1724
IMU1,14905,152551535,-1652,-112,-53,-5542,-3944,1846
IMU1,14906,152562487,-1563,60,111,-5638,-3981,1919
IMU1,14907,152573259,-1673,95,208,-5594,-4113,1944
IMU1,14908,152584032,-1845,131,112,-5457,-4183,1941
IMU1,14909,152594968,-1811,200,44,-5290,-4245,1957
IMU1,14910,152605716,-1993,283,-196,-5111,-4218,1961
IMU1,14911,152616782,-1996,241,-544,-4957,-4031,1979
IMU1,14912,152627849,-1856,171,-683,-4848,-3636,1964
IMU1,14913,152638887,-1779,114,-509,-4742,-2978,1882
IMU1,14914,152649945,-1871,197,-24,-4312,-1487,1572
IMU1,14915,152660800,-1912,390,188,-3949,-1115,1389
IMU1,14916,152671754,-2202,309,360,-3516,-1136,1232
IMU1,14917,152682736,-2291,516,306,-3045,-1464,1124
IMU1,14918,152693697,-2460,504,95,-2621,-1916,1075
IMU1,14919,152704466,-2412,741,-170,-2334,-2234,1103
IMU1,14920,152715514,-2547,702,-423,-2224,-2206,1113
IMU1,14921,152726589,-2486,652,-636,-2403,-1612,1219
IMU1,14922,152737633,-2380,628,-482,-2531,-1402,1218
IMU1,14923,152748689,-2378,567,-287,-2589,-1238,1161
IMU1,14924,152759747,-2397,557,-146,-2567,-1096,1088
IMU1,14925,152773362,-2406,542,4,-2481,-1018,1023
IMU1,14926,152783919,-2400,576,119,-2319,-998,890
IMU1,14927,152794485,-2460,592,70,-1933,-945,829
IMU1,14928,152804843,-2447,634,-21,-1790,-885,776
IMU1,14929,152815288,-2460,648,-23,-1688,-800,722
IMU1,14930,152825724,-2384,685,55,-1620,-698,668
IMU1,14931,152836071,-2553,603,90,-1543,-612,593
IMU1,14932,152846440,-2492,619,74,-1461,-622,564
IMU1,14933,152856797,-2413,632,85,-1389,-620,542
IMU1,14934,152867169,-2362,680,132,-1324,-528,503
IMU1,14935,152877725,-2386,596,126,-1258,-409,443
IMU1,14936,152888288,-2284,771,44,-1195,-336,374
IMU1,14937,152898645,-2627,519,122,-1139,-297,301
IMU1,14938,152910231,-2579,728,96,-968,-358,391
IMU1,14939,152920388,-2647,746,16,-878,-306,436
IMU1,14940,152930546,-2775,698,-94,-823,-228,478
IMU1,14941,152940807,-2868,641,-180,-795,-175,548
IMU1,14942,152951253,-2812,656,-226,-776,-91,606
IMU1,14943,152961514,-2796,706,-204,-765,58,612
IMU1,14944,152971677,-2831,741,-166,-733,261,565
IMU1,14945,152982035,-2785,755,-164,-672,428,495
IMU1,14946,152992396,-2708,782,-164,-580,508,399
IMU1,14947,153002753,-2638,837,-114,-445,529,264
IMU1,14948,153013110,-2606,975,-109,-266,506,93
IMU1,14949,153023268,-2590,1137,-146,-57,421,-101
IMU1,14950,153033726,-2621,1474,-219,166,290,-302
IMU1,14951,153044800,-2824,1731,-296,623,132,-597
IMU1,14952,153055358,-2998,1975,-516,842,71,-624
IMU1,14953,153065742,-3194,2297,-772,1024,-86,-589
IMU1,14954,153076417,-3283,2712,-1032,1189,-301,-551
IMU1,14955,153087490,-3194,2956,-1325,1371,-609,-578
IMU1,14956,153098581,-3139,3271,-1438,1638,-968,-714
IMU1,14957,153109642,-3203,3650,-1625,2059,-1195,-946
IMU1,14958,153120901,-3547,4206,-2062,3408,-926,-1561
IMU1,14959,153132161,-3736,4332,-1958,4357,-89,-1795
IMU1,14960,153143232,-3962,4524,-1905,5433,1234,-1914
IMU1,14961,153154622,-4350,4623,-1646,6474,2641,-1857
IMU1,14962,153165984,-4589,4606,-1150,7356,3868,-1592
IMU1,14963,153177381,-4725,4476,-398,8031,4857,-1156
IMU1,14964,153188577,-4438,4388,683,8970,6300,-174
IMU1,14965,153199475,-4620,4442,1323,9283,6464,135
IMU1,14966,153210458,-4723,4544,2104,9590,6298,414
IMU1,14967,153221466,-4681,4631,3005,9996,6043,579
IMU1,14968,153232466,-4206,4955,3729,10523,5805,611
IMU1,14969,153243651,-3924,5006,4582,11172,5459,405
IMU1,14970,153254842,-3092,4952,5572,12006,4732,-24
IMU1,14971,153265935,-2330,4623,5732,13830,2656,-1543
IMU1,14972,153277433,-1718,4245,5394,14499,2198,-2450
IMU1,14973,153288933,-1807,3858,4941,14789,2380,-3185
IMU1,14974,153300431,-2084,3078,4380,14654,2797,-3483
IMU1,14975,153311926,-1983,1931,3902,14023,3277,-3189
IMU1,14976,153323432,-2195,-301,5572,11004,2680,-1420
IMU1,14977,153334824,-1255,-540,6001,9033,-515,-764
IMU1,14978,153345708,-1081,-146,3476,6757,-3295,-518
IMU1,14979,153356770,-2020,433,414,3865,-3055,87
IMU1,14980,153367242,-2393,316,-841,552,-469,1271
IMU1,14981,153377817,-2350,-496,-217,-2559,2166,2322
IMU1,14982,153388884,-1506,-1062,916,-4848,3345,2656
IMU1,14983,153400047,-341,-1749,3694,-6050,2193,1311
IMU1,14984,153411214,-655,-1530,3746,-5084,1366,277
IMU1,14985,153422181,-1302,-1401,3363,-3570,891,-471
IMU1,14986,153433238,-1578,-1295,2624,-1862,541,-808
IMU1,14987,153444305,-1619,-1315,1950,-286,238,-873
IMU1,14988,153455159,-1184,-1320,1411,967,-5,-820
IMU1,14989,153465624,-945,-1349,986,1829,-159,-834
IMU1,14990,153476282,-908,-1396,412,2321,-315,-1049
IMU1,14991,153487149,-975,-1283,289,2425,-518,-1113
IMU1,14992,153498018,-980,-1310,316,2169,-305,-1104
IMU1,14993,153508881,-1485,-1509,566,1830,29,-997
IMU1,14994,153519450,-1434,-1271,743,1484,164,-742
IMU1,14995,153530225,-1248,-1335,1027,1147,224,-504
IMU1,14996,153541195,-1250,-1325,1236,853,207,-338
IMU1,14997,153551963,-1325,-1310,1306,598,62,-236
IMU1,14998,153562540,-1322,-1353,1184,355,-144,-152
IMU1,14999,153573407,-1414,-1391,1054,-120,-367,-13
IMU1,15000,153584170,-1392,-1436,950,-346,-383,34
# swing_peak_seq=14974
IMU1,15001,153594647,-1440,-1443,946,-550,-346,44
IMU1,15002,153605124,-1415,-1460,953,-697,-315,32
IMU1,15003,153615551,-1462,-1470,892,-789,-288,-3
IMU1,15004,153625882,-1501,-1491,788,-856,-233,-52
IMU1,15005,153636410,-1571,-1557,789,-925,-182,-90
IMU1,15006,153646951,-1599,-1622,820,-980,-194,-103
IMU1,15007,153657679,-1584,-1666,792,-1004,-277,-112
IMU1,15008,153668610,-1590,-1696,754,-1015,-395,-151
IMU1,15009,153679552,-1586,-1689,804,-1010,-599,-174
IMU1,15010,153690489,-1581,-1713,727,-993,-608,-205
IMU1,15011,153701223,-1647,-1729,752,-994,-518,-246
IMU1,15012,153711959,-1718,-1793,742,-1032,-415,-289
IMU1,15013,153722909,-1694,-1857,712,-1112,-373,-352
IMU1,15014,153733846,-1721,-1890,771,-1243,-389,-465
IMU1,15015,153744784,-1763,-1953,826,-1408,-484,-644
IMU1,15016,153755707,-1620,-1967,789,-1802,-865,-1230
IMU1,15017,153766848,-1618,-1979,796,-2037,-936,-1637
IMU1,15018,153780537,-1602,-2009,763,-2286,-841,-2089
IMU1,15019,153791661,-1626,-2044,741,-2547,-650,-2546
IMU1,15020,153802821,-1638,-2062,699,-2806,-496,-2990
IMU1,15021,153813966,-1509,-2000,807,-3218,-543,-3750
IMU1,15022,153825111,-1384,-1966,912,-3301,-710,-4006
IMU1,15023,153836264,-1242,-1892,988,-3294,-914,-4154
IMU1,15024,153847420,-1076,-1817,1077,-3198,-1109,-4188
IMU1,15025,153858978,-857,-1701,1071,-3028,-1272,-4123
IMU1,15026,153870325,-852,-1335,1302,-2808,-1395,-3975
IMU1,15027,153881669,-877,-1194,1158,-2171,-1461,-3401
IMU1,15028,153893012,-1469,-753,1058,-1851,-1484,-3001
IMU1,15029,153904363,-796,-1044,638,-1596,-1545,-2588
IMU1,15030,153915526,-392,-1263,632,-1448,-1762,-2314
IMU1,15031,153926686,-336,-1195,644,-1331,-2158,-2127
IMU1,15032,153937833,-986,-859,269,-1214,-2687,-1963
IMU1,15033,153948779,-1413,-1051,400,-1126,-3907,-1496
IMU1,15034,153960130,-1140,-1424,717,-1085,-4566,-1162
IMU1,15035,153971482,-926,-1617,817,-982,-5186,-852
IMU1,15036,153982225,-711,-1586,637,-872,-5456,-528
IMU1,15037,153993004,-764,-1070,559,-776,-5289,-157
IMU1,15038,154003763,-1025,-615,674,-662,-5047,242
IMU1,15039,154014423,-1122,-555,163,-542,-4765,644
IMU1,15040,154025583,-1020,-502,-144,-572,-4533,1366
IMU1,15041,154036515,-946,-476,-263,-747,-4650,1638
IMU1,15042,154047249,-1019,-447,-260,-984,-4859,1851
IMU1,15043,154058184,-1215,-393,-266,-1256,-5074,2038
IMU1,15044,154069335,-1379,-381,-276,-1540,-5173,2234
IMU1,15045,154080481,-1562,-384,-409,-1840,-5129,2452
IMU1,15046,154091605,-1964,-324,-571,-2176,-5004,2698
IMU1,15047,154102736,-2057,-341,-623,-2870,-4845,3255
IMU1,15048,154113877,-2098,-356,-525,-3186,-4757,3534
IMU1,15049,154125026,-2131,-334,-442,-3466,-4645,3800
IMU1,15050,154136163,-2216,-283,-475,-3708,-4478,4032
IMU1,15051,154147314,-2451,-211,-648,-3972,-4240,4243
IMU1,15052,154158457,-2824,-267,-901,-4271,-3966,4458
IMU1,15053,154169611,-3085,-574,-1349,-4915,-3274,4917
IMU1,15054,154180961,-2933,-686,-1358,-5154,-2785,5016
IMU1,15055,154192308,-2429,-553,-1268,-5283,-2140,4938
IMU1,15056,154203663,-2788,-570,-965,-5252,-1494,4493
IMU1,15057,154214814,-3184,-573,-719,-5043,-927,4170
IMU1,15058,154225768,-3034,-253,-132,-4671,-497,3875
IMU1,15059,154237236,-2471,671,329,-3484,-120,2904
IMU1,15060,154247994,-2661,682,-160,-2798,-215,2214
IMU1,15061,154258838,-2873,614,-565,-2239,-479,1560
IMU1,15062,154269699,-2689,818,-714,-1895,-749,1036
IMU1,15063,154280544,-2342,894,-661,-1695,-831,530
IMU1,15064,154291187,-2297,856,-634,-1537,-740,-3
IMU1,15065,154301557,-2461,787,-519,-1393,-648,-474
IMU1,15066,154312310,-2471,812,-394,-1250,-600,-820
IMU1,15067,154323587,-2299,881,-16,-879,-443,-1220
IMU1,15068,154334127,-2354,812,187,-669,-379,-1325
IMU1,15069,154344775,-2717,822,-46,-448,-414,-1357
IMU1,15070,154355315,-2918,747,-93,-332,-568,-1219
IMU1,15071,154365862,-2700,934,-175,-310,-728,-944
IMU1,15072,154376422,-2578,1077,-135,-376,-748,-669
IMU1,15073,154387158,-2615,1117,-142,-480,-606,-432
IMU1,15074,154397914,-2788,1184,-186,-596,-445,-187
IMU1,15075,154408671,-2945,1184,-317,-722,-325,84
IMU1,15076,154419641,-2907,1252,-141,-921,-186,652
IMU1,15077,154430271,-2861,1310,-61,-922,-103,862
IMU1,15078,154440717,-2805,1369,26,-853,-39,1001
IMU1,15079,154451054,-2745,1548,-2,-710,-23,1054
IMU1,15080,154461308,-2726,1885,-73,-540,-58,1010
IMU1,15081,154471754,-2767,2227,-165,-346,-123,874
IMU1,15082,154482397,-2934,2601,-226,-115,-221,668
IMU1,15083,154493040,-3074,2956,-403,195,-400,441
IMU1,15084,154503595,-3241,3492,-456,610,-727,176
IMU1,15085,154514153,-3196,3935,-692,1152,-1019,-145
IMU1,15086,154525220,-3323,5117,-1306,2611,-1606,-957
IMU1,15087,154536474,-3494,5541,-1583,3581,-1916,-1502
IMU1,15088,154547954,-3816,5933,-1752,4721,-1932,-2078
IMU1,15089,154559430,-4391,6095,-1882,6005,-1537,-2603
IMU1,15090,154570912,-5043,6264,-1979,7343,-648,-2967
IMU1,15091,154582190,-5575,6653,-1195,8607,720,-3043
IMU1,15092,154593380,-5937,6828,-208,10622,4799,-2753
IMU1,15093,154604755,-6007,7014,1250,11385,6881,-2124
IMU1,15094,154616250,-6065,7206,3201,12038,8527,-1296
IMU1,15095,154627730,-6017,7439,4959,12635,9612,-335
IMU1,15096,154639024,-5576,7874,6768,13139,9945,567
IMU1,15097,154650225,-5244,7259,8953,14030,9021,1519
IMU1,15098,154661628,-5033,6480,9033,14267,7984,1789
IMU1,15099,154673027,-4355,5372,9426,14324,6894,1970
IMU1,15100,154684419,-3272,3845,9638,14331,5526,1942
IMU1,15101,154695797,-1740,2034,9087,14246,3520,1443
IMU1,15102,154707167,-1431,-797,5283,13776,1050,323
IMU1,15103,154718237,-2549,-17,3216,10158,-4030,-2046
IMU1,15104,154729508,-2781,634,1916,7299,-4231,-2096
IMU1,15105,154740687,-2844,639,1497,4512,-1617,-1203
IMU1,15106,154751846,-3217,176,1730,2065,1817,193
IMU1,15107,154762615,-2528,-382,2353,10,3858,1475
IMU1,15108,154773281,-2370,-1136,3141,-1581,4225,2095
IMU1,15109,154787209,-510,-1716,3782,-2903,2567,1639
IMU1,15110,154798364,-256,-1816,3525,-2716,1681,840
IMU1,15111,154809326,-163,-1645,3039,-2190,744,-29
IMU1,15112,154819983,-788,-1632,2483,-1488,15,-799
IMU1,15113,154830645,-1164,-1484,1779,-731,-488,-1200
IMU1,15114,154841778,-1294,-1311,416,-59,-590,-1294
IMU1,15115,154852505,-1140,-1339,514,695,46,-1109
IMU1,15116,154863060,-1228,-1666,362,943,260,-1030
IMU1,15117,154873820,-1287,-1452,250,1095,203,-943
IMU1,15118,154884571,-1349,-1576,417,1127,49,-824
IMU1,15119,154895111,-1383,-1682,667,1118,-60,-679
IMU1,15120,154905759,-1447,-1735,827,1128,-176,-540
IMU1,15121,154916593,-1526,-1778,919,1143,-366,-446
IMU1,15122,154927438,-1607,-1798,972,1159,-639,-411
IMU1,15123,154938290,-1621,-1774,834,1159,-1048,-502
# swing_peak_seq=15097
IMU1,15124,154949328,-1595,-1731,675,1002,-928,-621
IMU1,15125,154960185,-1646,-1672,628,798,-666,-774
IMU1,15126,154970830,-1653,-1639,704,553,-440,-933
IMU1,15127,154981486,-1623,-1661,897,320,-323,-1076
IMU1,15128,154992326,-1577,-1715,1094,143,-305,-1185
IMU1,15129,155003387,-1573,-1787,1215,35,-373,-1257
IMU1,15130,155014242,-1645,-1867,1262,-25,-532,-1285
IMU1,15131,155025179,-1771,-2050,1062,-116,-913,-1177
IMU1,15132,155036333,-1783,-2082,999,-235,-991,-1073
IMU1,15133,155047278,-1835,-2133,901,-406,-1053,-989
IMU1,15134,155058224,-1840,-2117,891,-628,-1144,-954
IMU1,15135,155069187,-1864,-2101,945,-886,-1231,-965
IMU1,15136,155080147,-1744,-2089,965,-1151,-1287,-1010
IMU1,15137,155091481,-1661,-2088,983,-1429,-1304,-1104
IMU1,15138,155102823,-1633,-1962,1031,-1996,-1452,-1334
IMU1,15139,155114373,-1568,-1899,1031,-2234,-1598,-1427
IMU1,15140,155125953,-1539,-1829,1055,-2448,-1760,-1487
IMU1,15141,155137507,-1498,-1752,1076,-2624,-1921,-1511
IMU1,15142,155149057,-1473,-1672,1159,-2767,-2064,-1495
IMU1,15143,155160609,-1294,-1545,1160,-2950,-2219,-1401
IMU1,15144,155172165,-1209,-1515,1189,-3012,-2248,-1362
IMU1,15145,155183718,-1132,-1474,1234,-3048,-2269,-1328
IMU1,15146,155195284,-1076,-1413,1263,-3054,-2294,-1284
IMU1,15147,155206843,-1071,-1346,1360,-3037,-2315,-1227
IMU1,15148,155218397,-1094,-1199,1304,-2987,-2597,-1039
IMU1,15149,155229951,-1066,-1114,1196,-2992,-2896,-918
IMU1,15150,155241321,-1096,-1036,1073,-3037,-3234,-777
IMU1,15151,155252675,-1073,-932,948,-3120,-3535,-602
IMU1,15152,155263642,-1007,-845,808,-3228,-3733,-398
IMU1,15153,155274598,-966,-639,635,-3347,-3815,46
IMU1,15154,155285591,-984,-560,529,-3567,-3784,284
IMU1,15155,155296260,-971,-466,383,-3692,-3742,520
IMU1,15156,155306918,-1069,-440,416,-3822,-3732,737
IMU1,15157,155317790,-1274,-407,415,-3943,-3789,971
IMU1,15158,155328663,-1289,-300,366,-4040,-3933,1216
IMU1,15159,155339705,-1340,-238,361,-4118,-4124,1426
IMU1,15160,155350772,-1388,-136,379,-4171,-4344,1600
IMU1,15161,155361828,-1469,71,130,-4231,-4617,1833
IMU1,15162,155372592,-1661,107,86,-4275,-4652,1928
IMU1,15163,155383352,-1823,165,25,-4291,-4662,2036
IMU1,15164,155394121,-1800,160,-49,-4289,-4603,2159
IMU1,15165,155404975,-1684,143,-90,-4273,-4396,2232
IMU1,15166,155415830,-1790,194,-58,-4236,-4112,2221
IMU1,15167,155426706,-1999,218,-6,-4168,-3898,2168
IMU1,15168,155437368,-2136,188,-49,-4070,-3771,2115
IMU1,15169,155448241,-2072,192,99,-3787,-3554,1934
IMU1,15170,155459008,-2063,242,98,-3610,-3329,1749
IMU1,15171,155469772,-2224,278,139,-3432,-3090,1525
IMU1,15172,155480748,-2429,324,160,-3256,-2905,1323
IMU1,15173,155491707,-2589,395,161,-3090,-2771,1173
IMU1,15174,155502681,-2770,480,140,-2941,-2667,1073
IMU1,15175,155513651,-2642,682,10,-2824,-2548,1026
IMU1,15176,155524419,-3373,398,-69,-2770,-2331,931
IMU1,15177,155535611,-2921,713,-128,-2723,-2017,994
IMU1,15178,155546472,-3066,341,140,-2703,-1857,964
IMU1,15179,155557234,-2729,582,215,-2557,-1737,924
IMU1,15180,155568011,-2725,495,150,-2341,-1640,791
IMU1,15181,155578770,-2837,298,69,-2118,-1586,669
IMU1,15182,155589350,-2631,435,129,-1919,-1503,612
IMU1,15183,155600132,-2613,324,228,-1715,-1296,547
IMU1,15184,155610884,-2468,408,406,-1500,-1100,490
IMU1,15185,155622164,-2483,499,436,-1118,-685,332
IMU1,15186,155632741,-2630,606,427,-1003,-533,287
IMU1,15187,155643310,-2907,521,331,-949,-449,311
IMU1,15188,155653694,-2864,791,341,-969,-462,485
IMU1,15189,155664039,-2755,848,387,-1023,-468,718
IMU1,15190,155674583,-2952,697,383,-1018,-449,877
IMU1,15191,155685137,-2995,757,418,-1131,-504,1050
IMU1,15192,155695893,-2895,731,384,-1144,-519,1156
IMU1,15193,155706661,-2885,746,371,-1133,-341,1167
IMU1,15194,155717417,-3037,652,355,-1084,0,1060
IMU1,15195,155727589,-2958,637,337,-1022,61,978
IMU1,15196,155737864,-2853,591,309,-927,122,854
IMU1,15197,155748132,-2714,555,364,-788,145,682
IMU1,15198,155758407,-2553,452,367,-594,138,473
IMU1,15199,155768679,-2432,354,370,-375,158,250
IMU1,15200,155778947,-2365,310,364,-161,180,27
IMU1,15201,155791548,-2332,271,292,29,194,-183
IMU1,15202,155801604,-2379,250,275,167,220,-362
IMU1,15203,155811842,-2453,241,327,263,253,-486
IMU1,15204,155822077,-2447,266,362,331,238,-556
IMU1,15205,155832345,-2549,499,290,383,214,-596
IMU1,15206,155843127,-2572,637,202,408,107,-619
IMU1,15207,155853379,-2645,824,189,399,72,-620
IMU1,15208,155863427,-2736,1046,133,415,112,-627
IMU1,15209,155873878,-2823,1286,99,459,88,-649
IMU1,15210,155883921,-2974,1597,169,578,-54,-706
IMU1,15211,155894284,-3171,2015,-25,780,-216,-803
IMU1,15212,155904740,-3284,2361,-248,1065,-491,-955
IMU1,15213,155915582,-3499,2760,-252,1450,-728,-1148
IMU1,15214,155926637,-3811,3333,-523,1966,-777,-1355
IMU1,15215,155937706,-4222,3830,-1262,2577,-804,-1573
IMU1,15216,155948968,-4919,4726,-1739,3971,-345,-1960
IMU1,15217,155960236,-5298,5188,-1906,4712,374,-2114
IMU1,15218,155971421,-5755,5412,-1624,5512,1472,-2212
IMU1,15219,155982807,-5937,5542,-1082,6399,2876,-2195
IMU1,15220,155994194,-5983,5630,-500,7327,4320,-2109
IMU1,15221,156005381,-5408,5733,1347,8225,5486,-2076
IMU1,15222,156016661,-5281,5639,2231,9927,6997,-2376
IMU1,15223,156027937,-5416,5617,3177,10732,7236,-2568
IMU1,15224,156039424,-5132,5719,4028,11481,7390,-2742
IMU1,15225,156050906,-4842,5776,5011,12176,7705,-2939
IMU1,15226,156062391,-4583,6053,5972,12882,8081,-3192
IMU1,15227,156073879,-4756,6498,6260,14169,7281,-3942
IMU1,15228,156085366,-4058,6407,6040,14442,6287,-4336
IMU1,15229,156096837,-3414,5970,5669,14483,5477,-4837
IMU1,15230,156108314,-2808,5320,5052,14316,4614,-5356
IMU1,15231,156119820,-2162,4700,4337,13830,3693,-5837
IMU1,15232,156131318,-1392,3843,2570,11597,3367,-6166
IMU1,15233,156142795,-1744,3640,2298,9830,3624,-5729
IMU1,15234,156154087,-2011,3129,2416,7882,3765,-4795
IMU1,15235,156165382,-2393,2474,3287,5979,3829,-3428
IMU1,15236,156176657,-1983,1543,4727,4395,3648,-1793
IMU1,15237,156187923,-1778,594,4974,3289,2922,-344
IMU1,15238,156198781,-721,571,3538,1380,935,1455
IMU1,15239,156209347,-621,300,2559,24,981,1722
IMU1,15240,156219522,-863,-198,2196,-1409,1440,1706
IMU1,15241,156230471,-472,-588,2087,-2638,1890,1511
IMU1,15242,156241427,-487,-1143,2552,-3469,2369,1093
IMU1,15243,156252594,-316,-1230,3189,-3763,2570,613
IMU1,15244,156263572,-428,-1303,3660,-3505,2394,116
IMU1,15245,156274535,-489,-1273,3390,-2827,1883,-253
IMU1,15246,156285590,-1061,-1624,2573,-1062,851,-442
IMU1,15247,156296633,-1566,-1436,2061,-389,403,-224
IMU1,15248,156307486,-1001,-1461,1692,56,90,149
IMU1,15249,156317730,-919,-1503,1646,337,92,383
IMU1,15250,156327992,-944,-1543,1624,524,61,472
IMU1,15251,156338260,-1098,-1652,1587,624,-46,448
IMU1,15252,156348819,-1275,-1737,1583,634,-81,395
IMU1,15253,156359386,-1312,-1795,1572,563,7,338
# swing_peak_seq=15227
IMU1,15254,156369656,-1321,-1818,1582,421,101,238
IMU1,15255,156380311,-1239,-1789,1879,234,86,80
IMU1,15256,156391099,-1264,-1727,1894,-75,-114,-292
IMU1,15257,156401850,-1359,-1634,1869,-168,-213,-397
IMU1,15258,156412793,-1388,-1548,1765,-260,-284,-417
IMU1,15259,156423749,-1427,-1521,1684,-374,-326,-370
IMU1,15260,156434689,-1443,-1547,1610,-504,-388,-280
IMU1,15261,156445632,-1459,-1618,1528,-649,-467,-177
IMU1,15262,156456570,-1509,-1690,1460,-805,-556,-74
IMU1,15263,156467325,-1556,-1824,1382,-966,-717,77
IMU1,15264,156477970,-1592,-1882,1400,-1267,-771,100
IMU1,15265,156489034,-1594,-1924,1444,-1394,-825,68
IMU1,15266,156499875,-1606,-1930,1503,-1499,-909,-26
IMU1,15267,156510812,-1638,-1928,1563,-1592,-1009,-169
IMU1,15268,156522151,-1672,-1900,1575,-1685,-1147,-343
IMU1,15269,156533503,-1692,-1850,1564,-1792,-1326,-528
IMU1,15270,156544856,-1764,-1729,1596,-2060,-1694,-847
IMU1,15271,156556197,-1807,-1628,1571,-2219,-1919,-958
IMU1,15272,156567566,-1830,-1537,1550,-2388,-2140,-1036
IMU1,15273,156579143,-1845,-1435,1539,-2571,-2318,-1080
IMU1,15274,156590708,-1800,-1331,1488,-2762,-2454,-1097
IMU1,15275,156602266,-1701,-1119,1494,-3137,-2592,-1075
IMU1,15276,156613829,-1642,-1008,1495,-3306,-2605,-1042
IMU1,15277,156625374,-1547,-931,1484,-3467,-2632,-997
IMU1,15278,156636544,-1451,-891,1480,-3621,-2726,-962
IMU1,15279,156647694,-1433,-832,1497,-3756,-2876,-917
IMU1,15280,156658860,-1460,-778,1340,-3860,-3057,-847
IMU1,15281,156670021,-1410,-665,1203,-4066,-3513,-621
IMU1,15282,156681193,-1405,-623,1095,-4178,-3692,-455
IMU1,15283,156692344,-1328,-576,975,-4293,-3783,-265
IMU1,15284,156703299,-1225,-530,853,-4414,-3792,-82
IMU1,15285,156714063,-1113,-482,811,-4534,-3767,65
IMU1,15286,156724721,-1045,-463,795,-4643,-3752,173
IMU1,15287,156735578,-1060,-413,759,-4730,-3768,257
IMU1,15288,156746452,-1201,-240,664,-4834,-4061,458
IMU1,15289,156757302,-1290,-164,682,-4846,-4293,606
IMU1,15290,156768153,-1342,-90,630,-4820,-4527,776
IMU1,15291,156778821,-1338,1,462,-4773,-4731,929
IMU1,15292,156791663,-1372,99,342,-4742,-4907,1051
IMU1,15293,156802448,-1395,182,235,-4728,-5025,1151
IMU1,15294,156813405,-1550,376,-33,-4724,-5065,1298
IMU1,15295,156824266,-1660,399,-142,-4764,-4943,1389
IMU1,15296,156835327,-1782,430,-156,-4781,-4776,1479
IMU1,15297,156846398,-1972,498,-195,-4773,-4615,1590
IMU1,15298,156857473,-2214,487,-285,-4713,-4494,1716
IMU1,15299,156868541,-2282,472,-384,-4594,-4399,1862
IMU1,15300,156879612,-2191,433,-423,-4417,-4227,1981
IMU1,15301,156890671,-2114,367,-324,-3898,-3434,1967
IMU1,15302,156901725,-2132,354,-234,-3586,-2997,1848
IMU1,15303,156912794,-2230,357,-141,-3238,-2635,1665
IMU1,15304,156923854,-2396,369,-74,-2887,-2415,1483
IMU1,15305,156934716,-2536,429,-225,-2577,-2297,1328
IMU1,15306,156945772,-2617,441,-365,-2371,-2193,1202
IMU1,15307,156956833,-2710,472,-413,-2259,-2057,1092
IMU1,15308,156967897,-2766,483,-327,-2171,-1748,898
IMU1,15309,156978746,-2663,410,-316,-2139,-1608,763
IMU1,15310,156989605,-3313,186,-193,-2091,-1481,630
IMU1,15311,157000454,-3053,390,-64,-1987,-1487,651
IMU1,15312,157011109,-2869,375,-79,-1842,-1407,640
IMU1,15313,157021773,-3103,187,118,-1696,-1188,589
IMU1,15314,157032543,-3227,100,219,-1494,-1101,584
IMU1,15315,157043307,-3023,139,227,-1252,-1100,593
IMU1,15316,157054076,-2888,69,217,-929,-799,441
IMU1,15317,157064254,-2777,70,297,-870,-646,315
IMU1,15318,157074424,-2785,62,500,-817,-590,148
IMU1,15319,157084596,-2953,21,494,-754,-691,0
IMU1,15320,157094267,-2856,153,492,-716,-841,-61
IMU1,15321,157104536,-2869,252,501,-699,-849,-101
IMU1,15322,157114997,-2979,205,445,-684,-821,-107
IMU1,15323,157125457,-2995,276,381,-659,-853,-40
IMU1,15324,157135712,-2951,305,301,-637,-843,112
IMU1,15325,157146091,-2853,233,252,-624,-757,280
IMU1,15326,157156459,-2838,220,209,-613,-621,384
IMU1,15327,157166838,-2714,180,152,-613,-479,491
IMU1,15328,157177212,-2617,193,164,-618,-340,529
IMU1,15329,157187582,-2560,191,166,-612,-208,509
IMU1,15330,157197934,-2428,154,194,-601,-152,459
IMU1,15331,157208828,-2358,146,204,-512,-164,286
IMU1,15332,157219187,-2330,115,197,-422,-184,183
IMU1,15333,157229555,-2268,93,156,-314,-197,90
IMU1,15334,157239533,-2217,62,143,-200,-192,-8
IMU1,15335,157249402,-2179,41,137,-83,-172,-102
IMU1,15336,157259451,-2219,57,122,24,-130,-176
IMU1,15337,157269423,-2280,54,92,106,-61,-216
IMU1,15338,157279195,-2303,35,92,154,5,-219
IMU1,15339,157288694,-2319,39,116,184,69,-208
IMU1,15340,157298529,-2350,78,187,206,114,-197
IMU1,15341,157308575,-2382,135,233,229,115,-190
IMU1,15342,157318827,-2401,245,228,250,83,-199
IMU1,15343,157328861,-2481,445,205,263,58,-229
IMU1,15344,157338896,-2524,590,149,274,17,-267
IMU1,15345,157348943,-2588,784,133,302,-79,-314
IMU1,15346,157359098,-2732,1054,119,370,-141,-367
IMU1,15347,157369649,-2926,1297,80,494,-184,-415
IMU1,15348,157379973,-3100,1577,-21,682,-277,-456
IMU1,15349,157390429,-3247,2167,-304,923,-411,-641
IMU1,15350,157401064,-3259,2461,-422,1689,-1026,-889
IMU1,15351,157412106,-3464,2686,-534,2254,-1342,-1239
IMU1,15352,157423361,-3682,2875,-901,2937,-1448,-1659
IMU1,15353,157434617,-3965,3007,-1421,3661,-1193,-2108
IMU1,15354,157446097,-4283,3152,-1710,4353,-429,-2506
IMU1,15355,157457361,-4639,3732,-1616,5034,756,-2795
IMU1,15356,157468534,-5293,3960,-1339,6377,3076,-2986
IMU1,15357,157479911,-5285,4199,-1018,6994,4036,-2934
IMU1,15358,157491282,-5263,4261,-504,7559,4883,-2891
IMU1,15359,157502434,-5074,4264,511,8139,5599,-2900
IMU1,15360,157513521,-4896,4087,1670,8834,6313,-3010
IMU1,15361,157524795,-4595,3979,3637,9646,7037,-3165
IMU1,15362,157536083,-4259,4220,4186,11386,7899,-3541
IMU1,15363,157547537,-3966,4549,4753,12160,7912,-3848
IMU1,15364,157559010,-3780,4892,4946,12842,7476,-4275
IMU1,15365,157570489,-3440,4914,4886,13360,6332,-4849
IMU1,15366,157581958,-2913,4574,4812,13645,4799,-5593
IMU1,15367,157593442,-2123,3800,3667,13540,2704,-7084
IMU1,15368,157604927,-1797,3451,2935,13053,2381,-7512
IMU1,15369,157616394,-1799,3399,1994,12241,2620,-7568
IMU1,15370,157627852,-1960,3235,1252,11043,3434,-7065
IMU1,15371,157639309,-2369,3071,1153,9476,4327,-5984
IMU1,15372,157650595,-1813,2173,3073,5855,3932,-2945
IMU1,15373,157661862,-1219,1789,4213,4281,2802,-1668
IMU1,15374,157673111,-890,1289,4873,3075,1831,-722
IMU1,15375,157683973,-699,895,4876,2188,1176,-48
IMU1,15376,157694433,-567,513,4030,1398,715,366
IMU1,15377,157704803,-692,248,2964,478,492,585
IMU1,15378,157714938,-766,-77,2268,-593,580,708
IMU1,15379,157725091,-623,-460,2064,-1656,911,748
IMU1,15380,157735637,-897,-895,2193,-2506,1310,653
IMU1,15381,157746389,-825,-1191,2539,-3027,1534,284
IMU1,15382,157757353,-686,-1193,2632,-3094,1482,80
IMU1,15383,157768113,-753,-1245,2659,-2704,1485,-116
IMU1,15384,157779144,-839,-1260,2625,-2149,1398,-285
IMU1,15385,157792736,-1172,-1443,2645,-1517,1140,-359
IMU1,15386,157803971,-1021,-1368,2236,-863,796,-134
IMU1,15387,157814812,-984,-1378,2218,131,336,-46
IMU1,15388,157825150,-1001,-1410,2118,459,90,-8
IMU1,15389,157835287,-1083,-1418,1911,649,-45,13
IMU1,15390,157845624,-1066,-1362,1621,659,-72,45
IMU1,15391,157855954,-1107,-1323,1507,468,-26,50
# swing_peak_seq=15365
IMU1,15392,157866311,-1009,-1340,1561,151,42,30
IMU1,15393,157876556,-1081,-1358,1613,-211,121,-25
IMU1,15394,157887183,-1193,-1343,1681,-572,179,-67
IMU1,15395,157897832,-1221,-1388,1792,-911,214,-63
IMU1,15396,157908482,-1234,-1403,1916,-1201,231,-35
IMU1,15397,157919322,-1261,-1527,2014,-1446,241,2
IMU1,15398,157929877,-1337,-1613,2022,-1868,-18,12
IMU1,15399,157940509,-1371,-1664,1953,-2050,-227,37
IMU1,15400,157951348,-1398,-1673,1821,-2242,-381,71
IMU1,15401,157962201,-1436,-1683,1707,-2451,-487,85
IMU1,15402,157973033,-1451,-1677,1639,-2667,-614,82
IMU1,15403,157983867,-1479,-1663,1620,-2879,-744,63
IMU1,15404,157994708,-1517,-1644,1591,-3062,-903,26
IMU1,15405,158005563,-1657,-1548,1616,-3199,-1119,-29
IMU1,15406,158016704,-1660,-1475,1562,-3333,-1573,-106
IMU1,15407,158028036,-1651,-1403,1499,-3375,-1783,-140
IMU1,15408,158039364,-1666,-1340,1421,-3429,-1989,-191
IMU1,15409,158050696,-1683,-1298,1298,-3496,-2161,-257
IMU1,15410,158062022,-1696,-1226,1162,-3599,-2303,-315
IMU1,15411,158073381,-1621,-1091,1007,-3743,-2447,-385
IMU1,15412,158084731,-1579,-1037,975,-4051,-2441,-389
IMU1,15413,158095875,-1553,-973,953,-4194,-2371,-361
IMU1,15414,158106835,-1514,-967,909,-4318,-2297,-321
IMU1,15415,158117774,-1479,-902,902,-4432,-2269,-265
IMU1,15416,158128714,-1399,-809,896,-4528,-2296,-194
IMU1,15417,158139645,-1375,-718,893,-4609,-2343,-122
IMU1,15418,158150589,-1347,-580,793,-4736,-2467,98
IMU1,15419,158161244,-1347,-540,800,-4801,-2556,236
IMU1,15420,158172087,-1304,-481,746,-4862,-2697,378
IMU1,15421,158182929,-1243,-393,639,-4935,-2858,488
IMU1,15422,158193784,-1136,-271,484,-5028,-3010,558
IMU1,15423,158204645,-918,-133,261,-5170,-3125,565
IMU1,15424,158215303,-1110,-190,186,-5360,-3168,497
IMU1,15425,158226152,-1467,-150,470,-5513,-3223,507
IMU1,15426,158237003,-1360,8,462,-5461,-3494,806
IMU1,15427,158247353,-1459,91,477,-5349,-3660,955
IMU1,15428,158257920,-1575,169,493,-5171,-3822,1108
IMU1,15429,158268878,-1616,260,405,-4967,-3915,1258
IMU1,15430,158279831,-1618,359,247,-4773,-3902,1381
IMU1,15431,158290786,-1717,399,4,-4622,-3816,1463
IMU1,15432,158301353,-1712,408,-239,-4530,-3641,1521
IMU1,15433,158312413,-1702,421,-389,-4491,-3363,1544
IMU1,15434,158323451,-1695,497,-416,-4475,-2631,1482
IMU1,15435,158334493,-1758,565,-355,-4375,-2285,1380
IMU1,15436,158345552,-1883,604,-239,-4247,-2069,1259
IMU1,15437,158356616,-1997,675,-117,-4045,-2018,1125
IMU1,15438,158367660,-2182,717,-40,-3776,-2111,997
IMU1,15439,158378330,-2280,734,-83,-3462,-2264,884
IMU1,15440,158388982,-2174,790,-286,-3168,-2372,764
IMU1,15441,158399853,-2536,590,-740,-2943,-2349,587
IMU1,15442,158410737,-2401,654,-673,-2749,-1995,379
IMU1,15443,158421582,-2422,583,-552,-2680,-1692,280
IMU1,15444,158432430,-2634,476,-410,-2552,-1447,179
IMU1,15445,158443275,-2607,574,-368,-2360,-1361,154
IMU1,15446,158454117,-2662,617,-305,-2162,-1274,162
IMU1,15447,158464964,-2878,593,-347,-1994,-1097,202
IMU1,15448,158475798,-2976,685,-348,-1872,-943,305
IMU1,15449,158486450,-2887,648,-337,-1794,-812,424
IMU1,15450,158497596,-2807,616,-298,-1724,-477,579
IMU1,15451,158508250,-2727,542,-189,-1671,-332,589
IMU1,15452,158518897,-2725,478,-133,-1570,-237,566
IMU1,15453,158529542,-2656,416,-65,-1458,-134,530
IMU1,15454,158539980,-2515,413,65,-1336,23,465
IMU1,15455,158550045,-2795,243,106,-1218,167,365
IMU1,15456,158560498,-2664,401,260,-1111,179,317
IMU1,15457,158570945,-2548,364,382,-1011,136,254
IMU1,15458,158581404,-2562,358,487,-911,58,159
IMU1,15459,158591461,-2591,379,446,-812,-125,65
IMU1,15460,158601619,-2745,435,318,-732,-381,1
IMU1,15461,158612606,-2723,593,160,-657,-669,28
IMU1,15462,158622743,-2807,697,11,-704,-582,95
IMU1,15463,158632687,-2800,762,-93,-771,-454,208
IMU1,15464,158642933,-2790,869,-57,-837,-326,311
IMU1,15465,158653186,-2738,887,-15,-852,-177,409
IMU1,15466,158663428,-2681,824,-33,-811,-79,476
IMU1,15467,158673477,-2652,841,-50,-723,-41,508
IMU1,15468,158683524,-2602,863,-27,-605,0,491
IMU1,15469,158693170,-2551,824,-22,-469,68,430
IMU1,15470,158703131,-2580,850,-14,-308,141,340
IMU1,15471,158713292,-2747,957,3,-136,205,236
IMU1,15472,158723166,-2865,1057,-32,40,229,160
IMU1,15473,158733200,-3018,1289,-60,208,229,106
IMU1,15474,158743429,-3199,1612,-134,371,230,73
IMU1,15475,158753685,-3185,1899,-309,542,48,20
IMU1,15476,158763741,-3206,2297,-362,742,-223,-93
IMU1,15477,158774173,-3200,2798,-639,1014,-256,-250
IMU1,15478,158785013,-3400,3948,-1362,1349,-129,-632
IMU1,15479,158798609,-3448,4507,-1821,2360,-9,-755
IMU1,15480,158809265,-3332,5189,-2226,3154,45,-840
IMU1,15481,158820029,-3424,5650,-2198,4199,191,-949
IMU1,15482,158830988,-3702,6069,-2422,5475,717,-984
IMU1,15483,158841960,-4113,6249,-2487,6811,1425,-887
IMU1,15484,158853121,-4563,6500,-2294,9027,3452,-257
IMU1,15485,158864270,-4649,6469,-1333,9753,4658,155
IMU1,15486,158875333,-4797,6169,203,10406,5833,523
IMU1,15487,158886309,-4643,5976,1754,11131,6764,928
IMU1,15488,158897498,-4861,5869,3112,11938,7087,1254
IMU1,15489,158908894,-4639,5915,4167,12748,6731,1454
IMU1,15490,158920285,-4580,5816,5521,14015,4616,1045
IMU1,15491,158931673,-4373,5709,5472,14390,3552,532
IMU1,15492,158942862,-4321,5537,5075,14506,2734,-95
IMU1,15493,158953938,-3936,5243,4795,14343,1970,-751
IMU1,15494,158965220,-2905,4718,4896,13950,1225,-1436
IMU1,15495,158976699,-2317,4152,4861,13442,534,-2164
IMU1,15496,158987954,-956,2638,4848,11985,574,-2910
IMU1,15497,158999031,-1814,1476,5705,10900,967,-2733
IMU1,15498,159010304,-2695,-448,6830,9688,246,-2011
IMU1,15499,159021255,-2248,-847,4998,8274,-1940,-1077
IMU1,15500,159032513,-2153,-96,2116,6140,-3574,-278
IMU1,15501,159043379,-2491,208,384,3357,-2748,654
IMU1,15502,159054031,-1892,-493,914,485,-407,2137
IMU1,15503,159064582,-1052,-976,2250,-3512,2935,1946
IMU1,15504,159075745,-513,-1275,3335,-3974,3297,1106
IMU1,15505,159086924,-445,-1131,3852,-3437,2922,7
IMU1,15506,159097487,-507,-972,3400,-2287,2130,-930
IMU1,15507,159108350,-373,-1047,3043,-955,1466,-1479
IMU1,15508,159119408,-358,-977,2209,258,1109,-1704
IMU1,15509,159130166,-545,-1012,1350,1054,858,-1699
IMU1,15510,159141109,-730,-1007,415,1146,505,-1105
IMU1,15511,159151871,-763,-942,319,711,495,-644
IMU1,15512,159162047,-964,-1050,536,221,579,-198
IMU1,15513,159172402,-995,-1062,864,-148,667,227
IMU1,15514,159182753,-1063,-1250,1238,-334,706,551
IMU1,15515,159193520,-989,-1311,1594,-323,574,736
IMU1,15516,159204097,-1000,-1432,1804,-153,290,745
IMU1,15517,159214852,-1078,-1523,1818,89,-67,617
# swing_peak_seq=15491
IMU1,15518,159225214,-1182,-1561,1588,311,-373,403
IMU1,15519,159235990,-1288,-1552,1338,420,-555,153
IMU1,15520,159246746,-1282,-1511,1267,257,-412,-317
IMU1,15521,159257591,-1312,-1426,1329,74,-223,-495
IMU1,15522,159268240,-1365,-1383,1422,-129,-128,-614
IMU1,15523,159279165,-1418,-1374,1473,-318,-125,-678
IMU1,15524,159290113,-1488,-1401,1492,-507,-188,-656
IMU1,15525,159301048,-1543,-1432,1473,-696,-323,-557
IMU1,15526,159311996,-1578,-1454,1439,-888,-483,-415
IMU1,15527,159322952,-1623,-1525,1388,-1082,-612,-272
IMU1,15528,159334097,-1671,-1589,1381,-1462,-796,-74
IMU1,15529,159345060,-1688,-1634,1358,-1642,-881,-58
IMU1,15530,159355983,-1731,-1655,1379,-1826,-998,-112
IMU1,15531,159367134,-1731,-1675,1386,-2015,-1143,-212
IMU1,15532,159378468,-1743,-1634,1346,-2206,-1293,-359
IMU1,15533,159389800,-1794,-1549,1278,-2410,-1440,-530
IMU1,15534,159401147,-1867,-1475,1093,-2849,-1644,-785
IMU1,15535,159412489,-1856,-1434,1026,-3062,-1669,-842
IMU1,15536,159423828,-1779,-1444,1021,-3243,-1671,-871
IMU1,15537,159435176,-1655,-1447,1048,-3384,-1643,-891
IMU1,15538,159446519,-1580,-1415,1075,-3477,-1559,-913
IMU1,15539,159457882,-1492,-1356,1173,-3534,-1487,-939
IMU1,15540,159469231,-1410,-1360,1199,-3545,-1729,-1005
IMU1,15541,159480777,-1426,-1311,1158,-3518,-1880,-1017
IMU1,15542,159492339,-1450,-1236,1049,-3487,-1956,-997
IMU1,15543,159503688,-1457,-1147,893,-3468,-2015,-942
IMU1,15544,159514837,-1438,-1073,785,-3471,-2028,-848
IMU1,15545,159525999,-1360,-997,792,-3449,-1870,-583
IMU1,15546,159536965,-1244,-994,824,-3406,-1752,-446
IMU1,15547,159547915,-1126,-936,847,-3336,-1662,-337
IMU1,15548,159558869,-1114,-864,896,-3262,-1650,-265
IMU1,15549,159569819,-1146,-776,864,-3192,-1731,-203
IMU1,15550,159580787,-1243,-680,767,-3138,-1888,-136
IMU1,15551,159591748,-1434,-555,592,-3126,-2102,-28
IMU1,15552,159602514,-1678,-451,326,-3164,-2594,393
IMU1,15553,159613374,-1603,-280,177,-3337,-2833,660
IMU1,15554,159624229,-1579,106,156,-3457,-3009,909
IMU1,15555,159634995,-1623,294,-42,-3610,-3056,1148
IMU1,15556,159645860,-1631,380,-171,-3812,-3074,1386
IMU1,15557,159656923,-1667,421,-231,-4043,-3158,1621
IMU1,15558,159667985,-1698,472,-221,-4269,-3279,1851
IMU1,15559,159679044,-1601,585,-183,-4471,-3395,2073
IMU1,15560,159690115,-1602,653,-72,-4800,-3527,2443
IMU1,15561,159700969,-1635,720,33,-4902,-3544,2596
IMU1,15562,159711731,-1648,740,71,-4983,-3529,2732
IMU1,15563,159722510,-1721,863,161,-5038,-3440,2826
IMU1,15564,159733484,-1869,968,146,-5112,-3271,2895
IMU1,15565,159744468,-1987,1036,-80,-5234,-3042,2932
IMU1,15566,159755504,-2191,1041,-474,-5437,-2847,2927
IMU1,15567,159766768,-2305,704,-519,-5870,-2801,2822
IMU1,15568,159777826,-2481,531,-620,-5955,-2741,2723
IMU1,15569,159788885,-2638,466,-329,-5940,-2412,2622
IMU1,15570,159802481,-2723,408,-176,-5801,-1833,2517
IMU1,15571,159813533,-3034,815,313,-5526,-1222,2400
IMU1,15572,159824509,-2661,930,503,-4497,-483,2040
IMU1,15573,159835267,-2453,761,514,-3775,-79,1711
IMU1,15574,159845844,-2710,811,475,-3033,155,1315
IMU1,15575,159856522,-2785,974,498,-2344,121,993
IMU1,15576,159866990,-2570,1190,478,-1752,-92,704
IMU1,15577,159877556,-2343,1395,459,-1299,-273,386
IMU1,15578,159888318,-2258,1412,346,-1013,-246,37
IMU1,15579,159898871,-2259,1484,199,-901,-87,-302
IMU1,15580,159909331,-2311,1593,183,-920,-29,-613
IMU1,15581,159920833,-2245,1644,306,-1117,-351,-1146
IMU1,15582,159931879,-2410,1710,453,-1186,-546,-1387
IMU1,15583,159942940,-2818,1663,361,-1248,-722,-1525
IMU1,15584,159953994,-2941,1589,353,-1312,-952,-1467
IMU1,15585,159965054,-2901,1630,463,-1341,-1142,-1291
IMU1,15586,159976298,-3102,1701,504,-1303,-1192,-1087
IMU1,15587,159987560,-3261,1619,25,-1172,-1190,-522
IMU1,15588,159998415,-3161,1576,-119,-1141,-1072,-232
IMU1,15589,160009583,-3044,1428,-233,-1114,-832,27
IMU1,15590,160020218,-2919,1257,-303,-1075,-457,233
IMU1,15591,160031054,-2793,1105,-330,-1006,1,390
IMU1,15592,160041392,-2707,895,-232,-896,440,508
IMU1,15593,160051727,-2585,741,-95,-715,765,581
IMU1,15594,160061862,-2451,650,45,-470,927,589
IMU1,15595,160071908,-2333,589,167,-194,930,542
IMU1,15596,160082153,-2252,500,193,81,822,448
IMU1,15597,160092086,-2147,469,207,307,665,326
IMU1,15598,160103270,-2115,487,196,591,488,-1
IMU1,15599,160113109,-2176,539,163,630,483,-154
IMU1,15600,160123356,-2183,569,125,641,480,-293
IMU1,15601,160133590,-2122,585,112,615,474,-411
IMU1,15602,160143839,-2096,654,162,589,465,-505
IMU1,15603,160154081,-2184,820,272,578,457,-560
IMU1,15604,160164310,-2267,994,344,605,418,-560
IMU1,15605,160174545,-2310,1148,315,664,278,-513
IMU1,15606,160184992,-2520,1397,357,728,55,-433
IMU1,15607,160195232,-2764,1628,348,805,-140,-298
IMU1,15608,160205747,-2891,1839,177,883,-317,-126
IMU1,15609,160216276,-2913,2119,55,946,-535,31
IMU1,15610,160226329,-2898,2395,-36,1031,-845,120
IMU1,15611,160236871,-3174,3115,-434,1180,-1267,104
IMU1,15612,160247824,-3190,3404,-872,1757,-2346,-222
IMU1,15613,160258882,-3180,3717,-1176,2189,-2777,-577
IMU1,15614,160270124,-3327,3924,-1213,2790,-2721,-1051
IMU1,15615,160281558,-3617,4037,-1284,3580,-2069,-1549
IMU1,15616,160293003,-3910,4206,-1392,4550,-1117,-2019
IMU1,15617,160304454,-4525,4444,-1184,5635,444,-2737
IMU1,15618,160315609,-4584,4475,-972,7736,1255,-2924
IMU1,15619,160326776,-4457,4481,-515,8570,2287,-2997
IMU1,15620,160337929,-4223,4465,250,9246,3669,-2974
IMU1,15621,160348986,-3958,4510,1175,9810,5284,-2834
IMU1,15622,160360250,-3855,4637,2163,10334,6779,-2647
IMU1,15623,160371698,-3733,4705,4319,10834,8026,-1677
IMU1,15624,160383165,-4066,5077,5401,11902,8967,-1156
IMU1,15625,160394650,-4023,5486,5963,12523,8620,-678
IMU1,15626,160405921,-3528,5092,5718,13095,7552,-445
IMU1,15627,160417193,-3270,4574,5421,13466,5855,-520
IMU1,15628,160428458,-2404,4095,5513,13631,4000,-841
IMU1,15629,160439713,-991,2210,4695,13553,851,-2502
IMU1,15630,160450792,-1009,1382,3888,13084,-647,-3539
IMU1,15631,160462133,-1298,894,2624,12162,-2108,-4340
IMU1,15632,160473473,-1502,1214,1472,10697,-3237,-4657
IMU1,15633,160485039,-1324,1631,819,8772,-3320,-4423
IMU1,15634,160496193,-763,1308,1645,6669,-1899,-3643
IMU1,15635,160507338,-623,913,2566,3241,2761,-1335
IMU1,15636,160518194,-1154,399,3435,2094,3659,-202
IMU1,15637,160529059,-1152,-48,4320,1336,3121,761
IMU1,15638,160539719,-1027,-379,4143,941,1615,1400
IMU1,15639,160550578,-1153,-494,3512,693,-63,1731
IMU1,15640,160561136,-972,-627,2751,462,-1189,1908
IMU1,15641,160571904,-898,-755,2118,197,-1510,1906
IMU1,15642,160582656,-909,-925,1519,-96,-1208,1744
IMU1,15643,160593811,-1015,-1305,1496,-665,83,1153
IMU1,15644,160604546,-1046,-1516,1531,-885,709,788
IMU1,15645,160615288,-1019,-1539,1613,-993,1131,396
IMU1,15646,160626222,-1058,-1498,1840,-978,1314,-5
IMU1,15647,160636857,-1213,-1557,1976,-827,1248,-349
IMU1,15648,160647897,-1276,-1488,1976,-568,980,-579
IMU1,15649,160658729,-1324,-1410,1976,-283,636,-699
IMU1,15650,160669561,-1177,-1292,1777,-24,280,-727
IMU1,15651,160680184,-1090,-1207,1643,286,-313,-673
# swing_peak_seq=15625
IMU1,15652,160691010,-1259,-1306,1480,300,-500,-635
IMU1,15653,160701861,-1301,-1269,1403,243,-614,-535
IMU1,15654,160712703,-1355,-1223,1473,127,-667,-374
IMU1,15655,160723542,-1228,-1248,1539,-6,-629,-221
IMU1,15656,160734082,-1132,-1205,1544,-154,-609,-118
IMU1,15657,160745014,-1179,-1213,1618,-330,-615,-79
IMU1,15658,160755749,-1240,-1240,1707,-518,-652,-56
IMU1,15659,160767009,-1408,-1291,1763,-880,-754,10
IMU1,15660,160777653,-1451,-1328,1806,-1059,-815,72
IMU1,15661,160788475,-1440,-1371,1833,-1230,-876,107
IMU1,15662,160799518,-1450,-1364,1819,-1418,-948,108
IMU1,15663,160813016,-1492,-1337,1786,-1628,-1028,71
IMU1,15664,160824038,-1540,-1257,1765,-2105,-1143,-51
IMU1,15665,160835166,-1511,-1188,1727,-2360,-1167,-132
IMU1,15666,160846507,-1488,-1124,1695,-2623,-1199,-237
IMU1,15667,160857833,-1487,-1054,1667,-2884,-1274,-349
IMU1,15668,160869158,-1519,-984,1630,-3131,-1387,-447
IMU1,15669,160880302,-1556,-895,1591,-3360,-1533,-505
IMU1,15670,160891449,-1512,-755,1565,-3742,-1896,-494
IMU1,15671,160902596,-1449,-694,1567,-3889,-2073,-433
IMU1,15672,160913725,-1379,-615,1527,-3997,-2201,-350
IMU1,15673,160924874,-1292,-521,1445,-4097,-2284,-254
IMU1,15674,160935996,-1254,-472,1362,-4195,-2342,-149
IMU1,15675,160947147,-1266,-416,1257,-4295,-2401,-22
IMU1,15676,160958102,-1305,-369,1130,-4396,-2474,140
IMU1,15677,160969158,-1232,-331,1014,-4537,-2516,587
IMU1,15678,160980216,-1182,-275,954,-4589,-2481,819
IMU1,15679,160991061,-1112,-245,864,-4630,-2444,1035
IMU1,15680,161002115,-1117,-221,776,-4659,-2442,1233
IMU1,15681,161013165,-1187,-51,708,-4683,-2481,1427
IMU1,15682,161024014,-1112,-219,431,-4720,-2573,1628
IMU1,15683,161035029,-1272,49,465,-4762,-2692,1837
IMU1,15684,161045785,-1355,119,325,-4789,-2779,2303
IMU1,15685,161056734,-1428,172,245,-4840,-2842,2521
IMU1,15686,161067665,-1506,219,198,-4901,-2897,2715
IMU1,15687,161078612,-1584,256,178,-4985,-2958,2888
IMU1,15688,161089555,-1638,332,143,-5074,-3041,3030
IMU1,15689,161100512,-1716,424,160,-5173,-3142,3131
IMU1,15690,161111475,-1656,566,69,-5261,-3168,3183
IMU1,15691,161122766,-2121,549,-32,-5386,-3166,3218
IMU1,15692,161133619,-2305,657,-201,-5450,-3160,3257
IMU1,15693,161144671,-2309,772,-430,-5510,-3127,3278
IMU1,15694,161155738,-2229,804,-538,-5576,-2995,3238
IMU1,15695,161166800,-2175,667,-692,-5632,-2681,3123
IMU1,15696,161177854,-2032,464,-453,-5650,-2193,2952
IMU1,15697,161188901,-2138,796,227,-5551,-1517,2758
IMU1,15698,161199870,-2382,866,102,-4968,226,2258
IMU1,15699,161210539,-2483,973,-154,-4631,942,1965
IMU1,15700,161221304,-2505,1043,-304,-4310,1384,1661
IMU1,15701,161232452,-2567,1137,-284,-3980,1534,1350
IMU1,15702,161243598,-2629,1135,-230,-3617,1415,1053
IMU1,15703,161254749,-2691,1192,-248,-3216,1056,808
IMU1,15704,161265686,-2818,1510,-217,-2801,607,599
IMU1,15705,161276441,-2885,1527,-236,-2047,-390,310
IMU1,15706,161287296,-2823,1536,-162,-1749,-776,244
IMU1,15707,161298122,-2733,1524,-118,-1479,-1046,205
IMU1,15708,161309146,-2679,1493,-130,-1243,-1209,164
IMU1,15709,161320173,-2610,1469,-192,-1059,-1300,127
IMU1,15710,161331194,-2530,1448,-184,-932,-1323,86
IMU1,15711,161341850,-2495,1432,-124,-842,-1274,36
IMU1,15712,161352493,-2619,1309,10,-777,-1135,-21
IMU1,15713,161363446,-2551,1272,93,-690,-544,5
IMU1,15714,161373401,-2617,1175,164,-651,-144,32
IMU1,15715,161383747,-2683,1127,134,-608,177,97
IMU1,15716,161393980,-2722,1153,83,-573,362,190
IMU1,15717,161404222,-2710,1158,43,-568,414,285
IMU1,15718,161414468,-2693,1133,-18,-590,384,375
IMU1,15719,161424806,-2625,1090,-106,-630,340,439
IMU1,15720,161435338,-2585,1050,-137,-667,322,470
IMU1,15721,161445873,-2525,992,-163,-689,338,485
IMU1,15722,161456208,-2488,979,-166,-685,375,475
IMU1,15723,161466544,-2491,940,-145,-636,431,435
IMU1,15724,161476899,-2522,865,-183,-543,486,385
IMU1,15725,161488280,-2468,784,-191,-297,548,249
IMU1,15726,161498620,-2387,720,-201,-176,578,162
IMU1,15727,161508961,-2299,708,-155,-67,634,70
IMU1,15728,161518919,-2244,717,-96,48,721,-29
IMU1,15729,161528672,-2212,710,-82,159,795,-128
IMU1,15730,161538831,-2228,705,-107,250,809,-210
IMU1,15731,161549174,-2250,752,-108,324,742,-285
IMU1,15732,161559514,-2248,807,-163,382,601,-357
IMU1,15733,161569863,-2263,845,-197,415,445,-426
IMU1,15734,161580200,-2328,929,-168,439,337,-482
IMU1,15735,161590546,-2355,1046,-216,470,311,-520
IMU1,15736,161601101,-2354,1160,-252,504,352,-546
IMU1,15737,161611647,-2391,1268,-241,557,415,-560
IMU1,15738,161622719,-2449,1489,-304,773,441,-577
IMU1,15739,161633276,-2439,1580,-361,920,342,-593
IMU1,15740,161643836,-2523,1737,-372,1093,175,-613
IMU1,15741,161654590,-2505,1906,-493,1299,-5,-650
IMU1,15742,161665032,-2460,2080,-642,1519,-224,-723
IMU1,15743,161675870,-2493,2344,-738,1771,-441,-841
IMU1,15744,161686721,-2533,2698,-821,2070,-557,-990
IMU1,15745,161697578,-2670,2933,-870,2423,-549,-1149
IMU1,15746,161708632,-3061,3162,-1110,3314,-226,-1324
IMU1,15747,161719904,-3272,3220,-1142,3823,-5,-1315
IMU1,15748,161730764,-3483,3192,-1035,4373,266,-1246
IMU1,15749,161741931,-3581,3124,-1006,4956,618,-1128
IMU1,15750,161753102,-3504,3055,-989,5508,1015,-996
IMU1,15751,161764082,-3320,2949,-832,5989,1468,-905
IMU1,15752,161775043,-3193,2802,-345,6422,1990,-873
IMU1,15753,161786531,-3085,2501,-47,7204,3008,-851
IMU1,15754,161797311,-3030,2258,442,7599,3430,-787
IMU1,15755,161808186,-2875,2075,873,8009,3756,-671
IMU1,15756,161821597,-2700,1927,1244,8418,3906,-545
IMU1,15757,161832665,-2586,1794,1574,8784,3898,-422
IMU1,15758,161844255,-2616,1731,2223,9387,3757,-152
IMU1,15759,161855325,-2640,1727,2424,9634,3664,20
IMU1,15760,161866096,-2705,1825,2542,9804,3578,214
IMU1,15761,161877073,-2614,1751,2607,9866,3576,407
IMU1,15762,161888034,-2348,1593,2446,9782,3741,601
IMU1,15763,161899005,-2198,2055,2560,9550,3976,770
IMU1,15764,161909987,-1745,1727,2817,9236,3961,815
IMU1,15765,161920960,-1536,1374,3102,8556,2563,420
IMU1,15766,161931908,-1331,1012,3104,8289,1507,29
IMU1,15767,161942677,-1265,724,2837,8003,585,-411
IMU1,15768,161953332,-1381,553,2437,7593,-53,-783
IMU1,15769,161963899,-1559,388,2058,7024,-341,-989
IMU1,15770,161974659,-1703,222,1866,6321,-269,-974
IMU1,15771,161985415,-1733,-5,1902,5547,151,-751
IMU1,15772,161995782,-1594,-320,2062,4760,797,-391
IMU1,15773,162006563,-1624,-728,2846,4000,1400,339
IMU1,15774,162017400,-1802,-911,3035,2693,1566,559
IMU1,15775,162028265,-1782,-868,2811,2091,934,658
IMU1,15776,162038918,-1673,-805,2377,1452,85,620
IMU1,15777,162049375,-1643,-871,1788,748,-679,483
IMU1,15778,162059905,-1487,-956,1491,17,-1116,333
IMU1,15779,162070461,-1315,-957,1238,-639,-1157,217
IMU1,15780,162081318,-1508,-1097,1145,-1166,-855,108
IMU1,15781,162092354,-1542,-1140,1188,-1531,-437,80
IMU1,15782,162103729,-1556,-1302,1456,-1711,106,162
IMU1,15783,162114673,-1540,-1347,1562,-1600,191,198
IMU1,15784,162125616,-1523,-1342,1651,-1402,183,193
IMU1,15785,162136549,-1547,-1335,1634,-1169,54,162
IMU1,15786,162147297,-1613,-1321,1571,-927,-189,118
IMU1,15787,162158139,-1638,-1330,1516,-710,-504,74
# swing_peak_seq=15761
IMU1,15788,162168799,-1676,-1326,1441,-530,-831,30
IMU1,15789,162179450,-1703,-1219,1369,-415,-1113,-16
IMU1,15790,162190392,-1683,-1229,1322,-368,-1390,-83
IMU1,15791,162201342,-1669,-1240,1285,-433,-1336,-120
IMU1,15792,162212491,-1701,-1199,1275,-553,-1204,-154
IMU1,15793,162223634,-1755,-1278,1257,-717,-1083,-179
IMU1,15794,162234789,-1593,-1266,1381,-902,-1009,-220
IMU1,15795,162245943,-1486,-1131,1543,-1066,-950,-302
IMU1,15796,162257090,-1599,-1065,1666,-1358,-686,-485
IMU1,15797,162268227,-1686,-975,1720,-1501,-692,-560
IMU1,15798,162279162,-1744,-899,1820,-1623,-846,-641
IMU1,15799,162290098,-1780,-887,1704,-1743,-1101,-716
IMU1,15800,162301243,-1802,-819,1539,-1897,-1407,-788
IMU1,15801,162312400,-1855,-785,1522,-2081,-1713,-852
IMU1,15802,162323537,-1862,-780,1194,-2277,-1960,-891
IMU1,15803,162334688,-1708,-707,1018,-2723,-2377,-899
IMU1,15804,162345840,-1509,-403,776,-2978,-2592,-909
IMU1,15805,162356784,-1551,-392,861,-3243,-2733,-921
IMU1,15806,162367738,-1328,-543,728,-3490,-2729,-894
IMU1,15807,162378691,-931,-630,646,-3721,-2606,-873
IMU1,15808,162389446,-943,-564,850,-3905,-2299,-864
IMU1,15809,162400201,-947,-473,277,-4000,-1860,-812
IMU1,15810,162411457,-788,230,193,-4171,-1416,-615
IMU1,15811,162422114,-795,247,13,-4276,-1426,-502
IMU1,15812,162432568,-893,-17,-125,-4408,-1583,-336
IMU1,15813,162443196,-1041,-240,-72,-4534,-1838,-103
IMU1,15814,162454043,-1191,-321,-27,-4621,-2142,228
IMU1,15815,162464794,-1314,-343,-64,-4656,-2434,641
IMU1,15816,162475540,-1423,-331,5,-4644,-2689,1108
IMU1,15817,162486197,-1389,-339,-69,-4571,-2884,1612
IMU1,15818,162497141,-1638,-335,115,-4454,-2884,2623
IMU1,15819,162508189,-1685,-381,98,-4096,-2597,3131
IMU1,15820,162519052,-1719,-473,-105,-3931,-2112,3592
IMU1,15821,162530214,-1648,-442,-395,-3845,-1570,3961
IMU1,15822,162541357,-1478,-362,-413,-3861,-1130,4191
IMU1,15823,162552504,-1352,-171,-348,-3924,-863,4231
IMU1,15824,162563450,-1200,-129,-220,-3992,-739,4085
IMU1,15825,162574381,-1393,116,-125,-4073,-414,3377
IMU1,15826,162585220,-1724,83,-285,-4139,-147,2971
IMU1,15827,162595867,-2115,124,-449,-4228,8,2609
IMU1,15828,162606208,-2285,172,-603,-4326,14,2343
IMU1,15829,162616762,-2389,276,-662,-4432,-17,2134
IMU1,15830,162627411,-2497,417,-709,-4502,-11,1960
IMU1,15831,162638052,-2558,487,-811,-4534,34,1803
IMU1,15832,162648609,-2564,548,-829,-4531,56,1649
IMU1,15833,162659153,-2592,537,-873,-4458,15,1485
IMU1,15834,162669718,-2637,892,-871,-4321,-120,1314
IMU1,15835,162680569,-2458,1013,-888,-3897,-374,914
IMU1,15836,162691423,-2254,1118,-996,-3638,-366,663
IMU1,15837,162702280,-2338,1070,-1091,-3373,-273,319
IMU1,15838,162713339,-2520,1027,-1086,-3120,-161,-9
IMU1,15839,162724100,-2844,927,-1019,-2863,-75,-215
IMU1,15840,162734840,-3049,911,-856,-2566,-57,-279
IMU1,15841,162745376,-2580,1211,-779,-2223,-105,-239
IMU1,15842,162756320,-2582,1306,-997,-1857,-127,-273
IMU1,15843,162767251,-2574,1264,-1091,-1364,-132,-369
IMU1,15844,162778388,-2688,1176,-1104,-1278,-80,-342
IMU1,15845,162789334,-2621,1095,-1074,-1237,50,-267
IMU1,15846,162800187,-2587,1082,-1054,-1230,205,-178
IMU1,15847,162811220,-2444,1163,-958,-1223,322,-109
IMU1,15848,162824625,-2460,912,-956,-1164,379,-64
IMU1,15849,162835077,-2367,872,-738,-1126,360,-49
IMU1,15850,162845530,-2090,1161,-596,-1036,332,-78
IMU1,15851,162856181,-2246,968,-423,-912,267,-156
IMU1,15852,162866625,-2589,674,-334,-735,80,-190
IMU1,15853,162876865,-2550,633,-432,-564,-192,-124
IMU1,15854,162887414,-2208,991,-537,-447,-392,-54
IMU1,15855,162897759,-2024,958,-623,-380,-475,-75
IMU1,15856,162908115,-2324,706,-547,-339,-486,-132
IMU1,15857,162918662,-2325,634,-576,-298,-432,-120
IMU1,15858,162929201,-2201,713,-471,-269,-316,-73
IMU1,15859,162940592,-2130,594,-442,-193,-88,-31
IMU1,15860,162950738,-2058,569,-415,-146,-9,-26
IMU1,15861,162960672,-2154,515,-409,-87,49,-34
IMU1,15862,162970508,-2152,457,-412,-45,80,-18
IMU1,15863,162980349,-2129,444,-411,-7,73,13
IMU1,15864,162989896,-2067,416,-462,22,60,39
IMU1,15865,162999558,-1978,408,-480,29,79,30
IMU1,15866,163009222,-1982,387,-458,19,125,-6
IMU1,15867,163018977,-1995,358,-450,8,185,-51
IMU1,15868,163028744,-2026,363,-416,-9,222,-89
IMU1,15869,163038583,-2044,346,-374,-20,199,-119
IMU1,15870,163048829,-2034,335,-401,-22,124,-143
IMU1,15871,163059061,-2005,342,-432,-35,45,-170
IMU1,15872,163069110,-1978,353,-454,-57,-1,-208
IMU1,15873,163079065,-2009,354,-478,-79,-1,-255
IMU1,15874,163089008,-1990,343,-502,-97,32,-287
IMU1,15875,163099053,-1933,335,-504,-118,84,-316
IMU1,15876,163109305,-2060,389,-507,-127,136,-348
IMU1,15877,163119753,-1980,437,-471,-126,156,-368
IMU1,15878,163130218,-1947,431,-518,-130,230,-402
IMU1,15879,163140672,-1984,454,-564,-131,325,-437
IMU1,15880,163152166,-2088,545,-609,-131,376,-455
IMU1,15881,163162614,-2141,642,-630,-149,374,-437
IMU1,15882,163173076,-2248,797,-642,-151,389,-403
IMU1,15883,163183542,-2260,864,-718,-155,435,-352
IMU1,15884,163194015,-2324,1023,-862,-164,436,-299
IMU1,15885,163204668,-2247,1110,-956,-170,381,-253
IMU1,15886,163215310,-2276,1296,-1067,-157,308,-237
IMU1,15887,163226162,-2231,1498,-1061,-99,147,-255
IMU1,15888,163236795,-2229,1648,-1017,58,-129,-322
IMU1,15889,163247952,-2274,2112,-1198,709,-937,-543
IMU1,15890,163258823,-2245,2277,-1413,1151,-1349,-687
IMU1,15891,163270075,-2336,2640,-1719,1641,-1706,-869
IMU1,15892,163281323,-2450,2797,-1949,2173,-1931,-1065
IMU1,15893,163292772,-2669,2983,-2155,2746,-1889,-1224
IMU1,15894,163304235,-2844,3062,-2557,3349,-1521,-1292
IMU1,15895,163315699,-3131,3231,-2647,4548,-314,-1141
IMU1,15896,163326965,-3348,3232,-2394,5114,276,-955
IMU1,15897,163337963,-3492,3122,-2049,5659,929,-674
IMU1,15898,163348935,-3575,3004,-1695,6148,1583,-314
IMU1,15899,163360106,-3503,2880,-1225,6578,2080,51
IMU1,15900,163370952,-3434,2753,-611,6976,2415,352
IMU1,15901,163381833,-3369,2446,570,7374,2715,755
IMU1,15902,163392615,-3396,2230,1214,8215,2700,911
IMU1,15903,163403599,-3285,2064,1836,8675,2619,1048
IMU1,15904,163414775,-2807,1964,2207,9141,2490,1074
IMU1,15905,163425962,-2460,1897,2400,9538,2283,917
IMU1,15906,163436956,-2249,1897,2375,9830,1986,582
IMU1,15907,163447943,-2224,1872,2331,9978,1598,133
IMU1,15908,163458945,-2049,1889,2132,9857,822,-764
IMU1,15909,163469816,-1902,1885,2065,9627,646,-1173
IMU1,15910,163480890,-1748,1769,2036,9326,594,-1527
IMU1,15911,163491971,-1580,1627,1997,8992,581,-1828
IMU1,15912,163503049,-1380,1451,1982,8620,588,-2072
IMU1,15913,163514134,-1201,1293,1991,8210,558,-2265
IMU1,15914,163525210,-1025,1113,2044,7771,446,-2415
IMU1,15915,163536278,-1122,742,1978,6761,362,-2471
IMU1,15916,163547146,-1337,492,1854,6097,643,-2232
IMU1,15917,163558023,-1565,218,1802,5308,1005,-1794
IMU1,15918,163569097,-1591,-60,1894,4437,1200,-1236
IMU1,15919,163580078,-1453,-265,2150,3554,1136,-675
IMU1,15920,163591058,-1310,-421,2354,2723,859,-215
IMU1,15921,163601820,-1299,-518,2348,1958,486,121
IMU1,15922,163612478,-1391,-669,1970,1254,129,539
IMU1,15923,163623146,-1315,-775,1777,59,-264,654
IMU1,15924,163633507,-1357,-829,1698,-382,-313,690
IMU1,15925,163644175,-1405,-926,1579,-688,-293,675
IMU1,15926,163654832,-1341,-982,1486,-877,-250,639
IMU1,15927,163665494,-1325,-1045,1440,-956,-167,554
IMU1,15928,163676351,-1366,-1152,1389,-939,-52,444
IMU1,15929,163687007,-1381,-1167,1278,-847,35,338
IMU1,15930,163697563,-1387,-1180,1187,-716,56,231
IMU1,15931,163708136,-1412,-1199,1075,-567,41,128
IMU1,15932,163719229,-1488,-1198,1059,-277,17,-6
IMU1,15933,163729488,-1493,-1197,1054,-151,-56,-43
# swing_peak_seq=15907
IMU1,15934,163740047,-1504,-1227,1001,-43,-183,-86
IMU1,15935,163750594,-1534,-1226,932,29,-337,-115
IMU1,15936,163761058,-1542,-1201,885,61,-455,-130
IMU1,15937,163771515,-1520,-1178,867,54,-491,-133
IMU1,15938,163781989,-1550,-1153,864,18,-450,-131
IMU1,15939,163792462,-1580,-1165,856,-42,-374,-123
IMU1,15940,163803023,-1594,-1151,900,-123,-300,-106
IMU1,15941,163813794,-1566,-1156,982,-217,-234,-94
IMU1,15942,163826923,-1597,-1139,1054,-444,-163,-109
IMU1,15943,163837891,-1630,-1143,1137,-570,-215,-113
IMU1,15944,163848868,-1624,-1131,1201,-681,-332,-124
IMU1,15945,163859760,-1651,-1115,1293,-781,-481,-139
IMU1,15946,163870668,-1708,-1102,1427,-863,-653,-150
IMU1,15947,163881589,-1712,-1037,1838,-908,-874,-157
IMU1,15948,163892514,-1712,-976,2005,-854,-1531,-232
IMU1,15949,163903425,-1720,-923,2062,-782,-2017,-306
IMU1,15950,163914356,-1772,-846,2024,-715,-2544,-385
IMU1,15951,163925289,-1823,-770,1940,-698,-3029,-435
IMU1,15952,163936214,-1846,-699,1849,-732,-3409,-451
IMU1,15953,163947133,-1783,-625,1724,-823,-3690,-424
IMU1,15954,163958061,-1674,-575,1486,-971,-3878,-369
IMU1,15955,163969510,-1585,-431,1436,-1399,-3990,-211
IMU1,15956,163980648,-1535,-403,1404,-1631,-3947,-79
IMU1,15957,163991578,-1448,-374,1377,-1857,-3884,79
IMU1,15958,164002420,-1362,-318,1328,-2075,-3768,236
IMU1,15959,164013448,-1274,-308,1305,-2292,-3617,388
IMU1,15960,164024479,-1137,-316,1261,-2500,-3474,522
IMU1,15961,164035515,-989,-337,1198,-2688,-3367,625
IMU1,15962,164046349,-1014,-346,1144,-2961,-3188,828
IMU1,15963,164057375,-1078,-363,1079,-3047,-3016,977
IMU1,15964,164068413,-1180,-381,1006,-3117,-2777,1172
IMU1,15965,164079654,-1197,-492,927,-3187,-2504,1408
IMU1,15966,164090710,-1233,-530,805,-3283,-2248,1673
IMU1,15967,164101740,-1285,-507,771,-3400,-2046,1939
IMU1,15968,164112763,-1365,-565,769,-3514,-1930,2445
IMU1,15969,164123795,-1343,-604,787,-3702,-2052,2669
IMU1,15970,164134839,-1323,-610,764,-3731,-2282,2860
IMU1,15971,164145883,-1421,-586,742,-3726,-2545,3032
IMU1,15972,164156949,-1497,-593,731,-3678,-2805,3206
IMU1,15973,164167995,-1521,-546,646,-3605,-3002,3372
IMU1,15974,164179027,-1528,-469,559,-3543,-3067,3521
IMU1,15975,164190071,-1630,-415,497,-3489,-2891,3767
IMU1,15976,164201107,-1696,-355,463,-3478,-2817,3847
IMU1,15977,164212138,-1771,-387,398,-3459,-2754,3897
IMU1,15978,164223178,-1792,-433,275,-3426,-2673,3926
IMU1,15979,164234231,-1894,-558,347,-3374,-2531,3930
IMU1,15980,164245291,-1876,-506,387,-3269,-2289,3924
IMU1,15981,164256329,-1853,-445,558,-3108,-1944,3890
IMU1,15982,164267360,-1938,-363,573,-2647,-1138,3710
IMU1,15983,164278394,-2047,-286,523,-2395,-830,3587
IMU1,15984,164289247,-2175,-205,478,-2179,-626,3471
IMU1,15985,164300092,-2259,-116,441,-1991,-488,3366
IMU1,15986,164310928,-2259,-47,385,-1862,-353,3277
IMU1,15987,164321573,-2265,42,299,-1801,-178,3179
IMU1,15988,164332119,-2286,114,183,-1819,47,3070
IMU1,15989,164342564,-2311,173,64,-1906,312,2941
IMU1,15990,164353018,-2367,171,58,-2042,586,2691
IMU1,15991,164363456,-2373,213,140,-2287,1009,2585
IMU1,15992,164374298,-2376,247,251,-2306,1095,2467
IMU1,15993,164385156,-2364,308,249,-2260,1073,2345
IMU1,15994,164396013,-2385,373,211,-2175,950,2219
IMU1,15995,164406680,-2451,458,107,-2075,799,2082
IMU1,15996,164417330,-2518,403,25,-1989,687,1968
IMU1,15997,164427769,-2521,347,27,-1913,652,1878
IMU1,15998,164438227,-2452,325,66,-1829,702,1795
IMU1,15999,164448686,-2355,329,135,-1725,810,1685
IMU1,16000,164459846,-2277,352,94,-1464,987,1390
IMU1,16001,164470270,-2266,412,155,-1342,960,1220
IMU1,16002,164480900,-2280,445,255,-1231,898,1057
IMU1,16003,164491510,-2370,447,306,-1135,820,920
IMU1,16004,164501951,-2471,482,283,-1046,691,813
IMU1,16005,164512367,-2483,532,229,-991,499,736
IMU1,16006,164522585,-2591,500,168,-968,259,671
IMU1,16007,164532792,-2567,459,84,-971,29,634
IMU1,16008,164542618,-2424,513,18,-998,-94,597
IMU1,16009,164552549,-2386,505,-34,-1039,-65,519
IMU1,16010,164562775,-2425,421,-58,-1066,65,435
IMU1,16011,164572893,-2482,475,-82,-1082,210,387
IMU1,16012,164583209,-2521,453,-55,-1082,350,352
IMU1,16013,164594567,-2647,594,-97,-1022,543,348
IMU1,16014,164604891,-2639,645,-155,-984,581,345
IMU1,16015,164615213,-2659,702,-175,-944,594,331
IMU1,16016,164625539,-2685,772,-163,-901,615,317
IMU1,16017,164635875,-2755,931,-152,-838,667,291
IMU1,16018,164646213,-2764,1011,-167,-764,732,276
IMU1,16019,164656743,-2678,1070,-214,-665,766,248
IMU1,16020,164667268,-2542,1204,-290,-545,715,165
IMU1,16021,164677788,-2469,1385,-351,-405,564,2
IMU1,16022,164687906,-2512,1557,-418,-220,340,-229
IMU1,16023,164698531,-2629,1799,-521,16,87,-473
IMU1,16024,164709695,-2679,2263,-1050,597,-504,-930
IMU1,16025,164720529,-2753,2455,-1219,966,-831,-1182
IMU1,16026,164731557,-2732,2635,-1510,1412,-1052,-1426
IMU1,16027,164742989,-2709,2867,-1695,1926,-1195,-1670
IMU1,16028,164754409,-2779,3068,-1822,2532,-1272,-1954
IMU1,16029,164765848,-2920,3309,-2074,3224,-1283,-2249
IMU1,16030,164777260,-3543,3534,-2294,4732,-1048,-2744
IMU1,16031,164788701,-3876,3644,-2447,5518,-601,-2840
IMU1,16032,164799946,-4155,3795,-2479,6213,121,-2811
IMU1,16033,164811125,-4351,3910,-2227,6773,1099,-2660
IMU1,16034,164822479,-4516,3924,-1535,7224,2311,-2378
IMU1,16035,164836390,-4356,3894,-61,7945,4868,-1492
IMU1,16036,164847341,-4223,3848,948,8252,5671,-1072
IMU1,16037,164858395,-4073,3745,1857,8608,5961,-764
IMU1,16038,164869462,-3814,3623,2537,9026,5732,-610
IMU1,16039,164880514,-3418,3533,2853,9476,5055,-670
IMU1,16040,164891563,-3260,3525,2994,9900,4088,-1496
IMU1,16041,164902800,-3059,3436,2923,10480,2170,-2055
IMU1,16042,164914233,-2732,3345,2832,10584,1730,-2647
IMU1,16043,164925671,-2542,3173,2787,10540,1649,-3208
IMU1,16044,164937109,-2359,2913,2665,10411,1699,-3681
IMU1,16045,164948543,-2118,2700,2631,10215,1631,-4035
IMU1,16046,164959983,-1381,2232,2621,9723,1247,-4504
IMU1,16047,164971246,-1288,2039,2385,9325,1384,-4583
IMU1,16048,164982485,-1409,1781,1947,8725,1876,-4418
IMU1,16049,164993721,-1605,1515,1656,7851,2508,-3928
IMU1,16050,165004951,-1724,1201,1690,6733,3052,-3154
IMU1,16051,165016192,-1593,602,2415,5475,3266,-2239
IMU1,16052,165027251,-1288,314,2930,3055,2353,-676
IMU1,16053,165038097,-1260,3,3386,2121,1667,-89
IMU1,16054,165048329,-1267,-247,3585,1434,1171,417
IMU1,16055,165059164,-1054,-438,3502,945,776,809
IMU1,16056,165069617,-1024,-586,3009,554,343,1001
IMU1,16057,165080245,-854,-652,2479,170,-128,1030
IMU1,16058,165090767,-1004,-797,1977,-244,-494,952
IMU1,16059,165101397,-971,-905,1675,-650,-597,858
IMU1,16060,165111835,-826,-952,1538,-999,-404,724
IMU1,16061,165122281,-1034,-1195,1646,-1232,13,358
IMU1,16062,165133001,-1036,-1216,1679,-1230,663,211
IMU1,16063,165143921,-1107,-1229,1707,-1037,682,62
IMU1,16064,165154657,-1062,-1234,1684,-766,497,-70
IMU1,16065,165165267,-1132,-1182,1592,-453,182,-187
IMU1,16066,165176087,-1177,-1174,1465,-143,-131,-264
IMU1,16067,165186993,-1137,-1146,1379,134,-362,-294
IMU1,16068,165197807,-1208,-1206,1246,366,-485,-308
IMU1,16069,165208618,-1208,-1262,1156,536,-532,-305
IMU1,16070,165219448,-1274,-1175,949,669,-476,-279
# swing_peak_seq=16044
IMU1,16071,165230081,-1285,-1165,920,601,-412,-238
IMU1,16072,165240697,-1226,-1129,945,457,-320,-187
IMU1,16073,165251314,-1247,-1124,1041,285,-217,-154
IMU1,16074,165262129,-1331,-1155,1071,122,-145,-121
IMU1,16075,165272945,-1404,-1211,1070,-36,-121,-59
IMU1,16076,165283473,-1467,-1257,1100,-199,-116,34
IMU1,16077,165294094,-1473,-1308,1117,-354,-116,138
IMU1,16078,165304909,-1537,-1377,1099,-494,-129,220
IMU1,16079,165315729,-1578,-1429,1066,-737,-232,274
IMU1,16080,165326557,-1596,-1444,1056,-847,-259,274
IMU1,16081,165337375,-1602,-1440,1094,-942,-261,244
IMU1,16082,165348191,-1585,-1422,1171,-1015,-289,171
IMU1,16083,165359216,-1581,-1407,1252,-1049,-368,59
IMU1,16084,165370046,-1574,-1363,1303,-1051,-489,-76
IMU1,16085,165380963,-1575,-1314,1357,-1035,-617,-219
IMU1,16086,165392081,-1540,-1232,1432,-1001,-828,-459
IMU1,16087,165403193,-1520,-1170,1499,-1019,-933,-554
IMU1,16088,165414326,-1472,-1106,1539,-1064,-1084,-628
IMU1,16089,165425662,-1416,-1039,1567,-1131,-1285,-696
IMU1,16090,165436982,-1391,-934,1566,-1235,-1522,-748
IMU1,16091,165448123,-1381,-816,1558,-1372,-1761,-778
IMU1,16092,165459237,-1291,-582,1496,-1729,-2147,-751
IMU1,16093,165470355,-1276,-472,1462,-1953,-2277,-701
IMU1,16094,165481501,-1226,-393,1428,-2204,-2376,-630
IMU1,16095,165492631,-1138,-368,1349,-2462,-2468,-555
IMU1,16096,165503752,-1112,-401,1314,-2727,-2594,-455
IMU1,16097,165514880,-1124,-434,1231,-2980,-2749,-300
IMU1,16098,165526000,-1077,-486,1136,-3210,-2874,-84
IMU1,16099,165536911,-1055,-580,1086,-3554,-2908,473
IMU1,16100,165547939,-1068,-626,1022,-3673,-2809,784
IMU1,16101,165558982,-1126,-661,927,-3773,-2684,1099
IMU1,16102,165570022,-1199,-703,828,-3876,-2608,1400
IMU1,16103,165581050,-1201,-741,706,-3988,-2606,1677
IMU1,16104,165592075,-1182,-746,616,-4117,-2623,1910
IMU1,16105,165603123,-1327,-791,495,-4256,-2621,2267
IMU1,16106,165614151,-1369,-779,400,-4533,-2607,2428
IMU1,16107,165625178,-1436,-788,358,-4662,-2624,2573
IMU1,16108,165636218,-1513,-785,317,-4773,-2671,2709
IMU1,16109,165647268,-1592,-735,281,-4849,-2746,2832
IMU1,16110,165658304,-1711,-717,212,-4892,-2828,2946
IMU1,16111,165669338,-1796,-696,133,-4914,-2856,3054
IMU1,16112,165680382,-2019,-697,-103,-4927,-2615,3241
IMU1,16113,165691504,-2053,-742,-209,-4930,-2366,3313
IMU1,16114,165702645,-2045,-728,-212,-4898,-2012,3338
IMU1,16115,165713768,-2037,-656,-120,-4820,-1509,3295
IMU1,16116,165724894,-2072,-542,-121,-4685,-884,3178
IMU1,16117,165735827,-2124,-455,-210,-4542,-229,3016
IMU1,16118,165746763,-2211,-369,-239,-4422,321,2833
IMU1,16119,165758127,-2085,6,-264,-4202,858,2433
IMU1,16120,165768474,-2444,-37,-210,-4090,884,2198
IMU1,16121,165779099,-2533,255,-386,-3979,754,2081
IMU1,16122,165789854,-2492,307,-459,-3920,540,2006
IMU1,16123,165800594,-2435,534,-566,-3878,342,1915
IMU1,16124,165811345,-2354,637,-694,-3817,241,1783
IMU1,16125,165822085,-2330,690,-996,-3799,252,1612
IMU1,16126,165832824,-2376,638,-1128,-3857,328,1431
IMU1,16127,165846325,-2047,815,-920,-3906,688,1069
IMU1,16128,165857065,-2023,888,-883,-3800,955,834
IMU1,16129,165867609,-2153,864,-860,-3637,1173,604
IMU1,16130,165878354,-2162,922,-783,-3425,1239,441
IMU1,16131,165889114,-2049,1040,-624,-3163,1152,315
IMU1,16132,165900049,-2130,1066,-514,-2841,952,189
IMU1,16133,165910782,-2191,1172,-755,-2475,630,112
IMU1,16134,165921536,-2054,1302,-735,-1859,-227,120
IMU1,16135,165932354,-2158,1279,-863,-1612,-503,88
IMU1,16136,165942986,-2194,1226,-985,-1440,-611,101
IMU1,16137,165953817,-2176,1267,-1002,-1346,-570,163
IMU1,16138,165964842,-2180,1366,-942,-1289,-413,221
IMU1,16139,165975653,-2231,1403,-974,-1241,-249,255
IMU1,16140,165986486,-2344,1441,-1076,-1198,-182,288
IMU1,16141,165997517,-2385,1499,-1063,-1166,-242,374
IMU1,16142,166008555,-2394,1480,-962,-1030,-324,392
IMU1,16143,166019391,-2387,1453,-920,-873,-271,400
IMU1,16144,166030022,-2364,1389,-872,-664,-204,371
IMU1,16145,166040657,-2363,1311,-817,-416,-157,323
IMU1,16146,166051286,-2313,1227,-786,-141,-113,262
IMU1,16147,166061923,-2288,1192,-754,135,-52,184
IMU1,16148,166072269,-2311,1165,-667,389,14,98
IMU1,16149,166082322,-2308,1155,-655,622,53,23
IMU1,16150,166092370,-2324,1231,-703,815,47,-52
IMU1,16151,166102523,-2364,1340,-688,941,-14,-139
IMU1,16152,166112957,-2355,1523,-755,1031,-155,-340
IMU1,16153,166123808,-2322,1705,-855,1176,-591,-467
IMU1,16154,166134654,-2268,1910,-1003,1261,-832,-622
IMU1,16155,166145696,-2308,2141,-1049,1381,-1079,-818
IMU1,16156,166156919,-2323,2295,-1062,1586,-1275,-1012
IMU1,16157,166168358,-2318,2524,-1248,1889,-1402,-1207
IMU1,16158,166179801,-2416,2943,-1610,2266,-1530,-1407
IMU1,16159,166191241,-2714,3021,-1881,3214,-1715,-1703
IMU1,16160,166202692,-2909,3071,-1985,3741,-1716,-1768
IMU1,16161,166214137,-3137,3015,-2009,4312,-1583,-1764
IMU1,16162,166225597,-3344,2974,-2130,4903,-1280,-1680
IMU1,16163,166237039,-3483,2953,-2238,5471,-896,-1546
IMU1,16164,166248297,-3692,2868,-2078,6453,-3,-1287
IMU1,16165,166259127,-3572,2850,-1897,6844,626,-1175
IMU1,16166,166270292,-3583,2754,-1281,7200,1415,-1110
IMU1,16167,166281650,-3619,2662,-670,7546,2299,-1036
IMU1,16168,166292801,-3645,2539,122,7910,3080,-925
IMU1,16169,166303666,-3480,2456,857,8313,3617,-807
IMU1,16170,166314526,-2963,2416,1902,8746,3868,-768
IMU1,16171,166325588,-2811,2424,2333,9562,3426,-1178
IMU1,16172,166336863,-2757,2429,2664,9919,2862,-1606
IMU1,16173,166348116,-2718,2490,2579,10219,2279,-2103
IMU1,16174,166359589,-2602,2493,2531,10388,1851,-2585
IMU1,16175,166371048,-2369,2463,2431,10427,1640,-3012
IMU1,16176,166382510,-1707,2438,2234,10104,1424,-3769
IMU1,16177,166393981,-1287,2377,2162,9807,1118,-4130
IMU1,16178,166405253,-885,2280,2115,9443,733,-4477
IMU1,16179,166416091,-781,2190,1921,9013,561,-4732
IMU1,16180,166426930,-803,1945,1567,8445,755,-4717
IMU1,16181,166437768,-1049,1673,1274,7695,1338,-4391
IMU1,16182,166449008,-1384,1487,2195,6783,2134,-3651
IMU1,16183,166460251,-1024,675,3024,4972,2835,-1578
IMU1,16184,166471304,-752,284,3942,4275,2076,-740
IMU1,16185,166481949,-546,9,4252,3765,820,-176
IMU1,16186,166491970,-576,-64,3788,3294,-380,157
IMU1,16187,166502309,-778,-161,2887,2679,-1090,392
IMU1,16188,166513048,-917,-259,2012,1832,-1199,633
IMU1,16189,166523781,-907,-442,1551,819,-778,866
IMU1,16190,166534115,-903,-654,1404,-198,-32,1018
IMU1,16191,166544534,-905,-874,1458,-1071,745,1035
IMU1,16192,166555263,-896,-1156,1751,-1705,1286,631
IMU1,16193,166566190,-1017,-1172,1816,-2127,1531,310
IMU1,16194,166577330,-1117,-1212,1943,-1949,1409,18
IMU1,16195,166588260,-1207,-1267,2017,-1575,1275,-189
IMU1,16196,166599489,-1258,-1245,1974,-1073,1101,-304
IMU1,16197,166610729,-1243,-1201,1870,-544,817,-358
IMU1,16198,166621555,-1140,-1185,1766,-62,449,-392
IMU1,16199,166632189,-1113,-1217,1482,324,102,-451
IMU1,16200,166642912,-1155,-1219,1360,719,-358,-432
IMU1,16201,166653745,-1124,-1207,1312,726,-444,-383
# swing_peak_seq=16175
IMU1,16202,166664573,-1107,-1166,1400,645,-390,-336
IMU1,16203,166675396,-1092,-1171,1545,512,-244,-290
IMU1,16204,166686225,-1133,-1203,1658,357,-113,-256
IMU1,16205,166697051,-1195,-1220,1740,187,-76,-225
IMU1,16206,166707679,-1209,-1245,1820,-3,-122,-193
IMU1,16207,166718189,-1199,-1299,2016,-202,-210,-166
IMU1,16208,166729621,-1241,-1358,2074,-565,-504,-168
IMU1,16209,166740528,-1250,-1356,2113,-728,-685,-175
IMU1,16210,166751443,-1286,-1319,2061,-887,-840,-180
IMU1,16211,166762355,-1316,-1287,1987,-1057,-937,-192
IMU1,16212,166773472,-1322,-1276,1983,-1246,-958,-190
IMU1,16213,166784610,-1309,-1250,1983,-1436,-928,-184
IMU1,16214,166795733,-1293,-1145,1992,-1621,-932,-232
IMU1,16215,166806857,-1256,-1099,1963,-1969,-1192,-283
IMU1,16216,166818185,-1241,-1044,1923,-2133,-1376,-345
IMU1,16217,166829499,-1259,-1030,1877,-2294,-1548,-399
IMU1,16218,166840839,-1323,-995,1795,-2459,-1717,-424
IMU1,16219,166854514,-1395,-929,1595,-2816,-2054,-359
IMU1,16220,166865649,-1399,-884,1503,-2999,-2181,-280
IMU1,16221,166876781,-1395,-865,1419,-3169,-2257,-194
IMU1,16222,166887924,-1368,-864,1334,-3334,-2300,-112
IMU1,16223,166899051,-1327,-829,1241,-3492,-2328,-50
IMU1,16224,166909990,-1260,-841,1126,-3646,-2339,-16
IMU1,16225,166920938,-1201,-865,961,-3807,-2339,13
IMU1,16226,166931571,-1237,-837,886,-4129,-2362,52
IMU1,16227,166942210,-1272,-837,808,-4268,-2424,128
IMU1,16228,166953048,-1283,-839,765,-4391,-2522,221
IMU1,16229,166963875,-1289,-808,730,-4495,-2656,324
IMU1,16230,166974684,-1267,-782,642,-4583,-2826,429
IMU1,16231,166985526,-1256,-739,575,-4659,-3005,525
IMU1,16232,166996379,-1264,-745,545,-4720,-3164,623
IMU1,16233,167007241,-1263,-899,216,-4745,-3309,851
IMU1,16234,167018093,-1270,-848,308,-4798,-3742,964
IMU1,16235,167028950,-1356,-768,403,-4794,-3809,1101
IMU1,16236,167040013,-1320,-913,246,-4749,-3692,1254
IMU1,16237,167051036,-1472,-676,355,-4691,-3517,1405
IMU1,16238,167062089,-1572,-584,242,-4587,-3340,1553
IMU1,16239,167073137,-1621,-591,89,-4467,-3230,1690
IMU1,16240,167083975,-1733,-467,5,-4346,-3169,1814
IMU1,16241,167094629,-1745,-462,-35,-4044,-2893,1982
IMU1,16242,167105560,-1826,-400,1,-3867,-2655,2013
IMU1,16243,167116197,-1880,-347,-25,-3679,-2415,2022
IMU1,16244,167127143,-1884,-299,-81,-3492,-2246,1997
IMU1,16245,167138063,-1918,-215,-99,-3335,-2156,1928
IMU1,16246,167148986,-1923,-128,-145,-3204,-2103,1840
IMU1,16247,167160086,-1957,-73,-208,-3103,-2054,1744
IMU1,16248,167171011,-2104,97,-400,-3013,-1888,1629
IMU1,16249,167181835,-2207,136,-478,-3045,-1738,1635
IMU1,16250,167192865,-2301,227,-481,-3106,-1533,1673
IMU1,16251,167203909,-2334,300,-535,-3165,-1313,1700
IMU1,16252,167214944,-2454,277,-623,-3222,-1186,1712
IMU1,16253,167225980,-2554,316,-603,-3264,-1179,1724
IMU1,16254,167237018,-2544,385,-572,-3260,-1212,1730
IMU1,16255,167248058,-2431,466,-655,-3103,-1097,1663
IMU1,16256,167259083,-2419,530,-685,-3004,-902,1590
IMU1,16257,167269930,-2447,593,-683,-2865,-630,1495
IMU1,16258,167280781,-2450,632,-681,-2721,-359,1409
IMU1,16259,167291607,-2482,669,-700,-2569,-175,1333
IMU1,16260,167302426,-2514,739,-682,-2414,-116,1270
IMU1,16261,167313255,-2475,794,-682,-2259,-150,1212
IMU1,16262,167324103,-2420,796,-702,-2111,-223,1142
IMU1,16263,167335462,-2328,785,-653,-1834,-329,958
IMU1,16264,167346105,-2296,773,-598,-1686,-372,862
IMU1,16265,167356746,-2260,755,-564,-1507,-426,762
IMU1,16266,167367401,-2254,730,-518,-1332,-491,664
IMU1,16267,167378030,-2249,693,-485,-1150,-558,578
IMU1,16268,167388661,-2269,636,-382,-973,-632,510
IMU1,16269,167399109,-2298,649,-383,-795,-717,462
IMU1,16270,167409556,-2316,593,-402,-641,-789,437
IMU1,16271,167420006,-2352,588,-370,-531,-814,437
IMU1,16272,167430456,-2425,476,-379,-456,-790,491
IMU1,16273,167440890,-2415,453,-345,-417,-710,520
IMU1,16274,167451321,-2428,414,-301,-437,-641,537
IMU1,16275,167461750,-2469,389,-285,-439,-552,530
IMU1,16276,167472198,-2547,374,-329,-458,-513,530
IMU1,16277,167482640,-2621,356,-400,-488,-499,519
IMU1,16278,167493067,-2615,371,-403,-520,-457,509
IMU1,16279,167503502,-2611,384,-391,-539,-332,481
IMU1,16280,167513944,-2611,406,-425,-538,-164,442
IMU1,16281,167524371,-2580,444,-441,-519,-1,399
IMU1,16282,167534412,-2531,498,-393,-478,146,341
IMU1,16283,167544749,-2480,552,-355,-409,266,266
IMU1,16284,167555089,-2417,694,-309,-326,326,186
IMU1,16285,167565941,-2392,783,-295,-123,337,33
IMU1,16286,167576091,-2377,873,-271,-19,345,-44
IMU1,16287,167586131,-2401,964,-264,76,350,-102
IMU1,16288,167596268,-2468,1081,-277,160,361,-148
IMU1,16289,167606808,-2509,1216,-292,240,350,-170
IMU1,16290,167617348,-2510,1329,-279,322,315,-184
IMU1,16291,167627888,-2596,1503,-234,407,275,-203
IMU1,16292,167638432,-2634,1719,-363,513,211,-228
IMU1,16293,167648974,-2530,1835,-549,608,101,-274
IMU1,16294,167659527,-2419,1978,-600,711,-30,-370
IMU1,16295,167669972,-2247,2122,-719,877,-136,-527
IMU1,16296,167680620,-1976,2477,-936,1102,-253,-1052
IMU1,16297,167691655,-1936,2707,-1077,1781,-272,-1397
IMU1,16298,167702888,-2065,2940,-1192,2242,-321,-1762
IMU1,16299,167714122,-2287,3082,-1373,2791,-337,-2090
IMU1,16300,167725365,-2580,3288,-1671,3405,-294,-2323
IMU1,16301,167736606,-2958,3398,-1930,4070,-173,-2458
IMU1,16302,167747850,-3770,3390,-1906,4787,684,-2335
IMU1,16303,167759019,-4065,3237,-1773,6340,1355,-2097
IMU1,16304,167770385,-4211,3027,-1483,7055,1932,-1833
IMU1,16305,167781752,-4286,2831,-1091,7692,2286,-1668
IMU1,16306,167793097,-4349,2596,-557,8254,2429,-1701
IMU1,16307,167804236,-4324,2352,22,8746,2590,-1888
IMU1,16308,167815088,-4146,2226,1091,9175,2945,-2750
IMU1,16309,167826345,-4133,2298,1688,9823,4002,-3340
IMU1,16310,167837594,-4128,2378,2398,10092,4474,-3945
IMU1,16311,167849075,-4059,2530,2801,10413,4796,-4507
IMU1,16312,167863085,-3463,2979,3198,10709,5053,-5375
IMU1,16313,167874558,-3109,3161,3116,11049,5457,-5677
IMU1,16314,167886046,-2731,3377,2997,11018,5340,-5848
IMU1,16315,167897505,-2504,3437,2816,10849,5203,-5840
IMU1,16316,167908971,-2207,3352,2751,10526,5181,-5556
IMU1,16317,167920440,-1734,2713,2151,10013,5292,-4999
IMU1,16318,167931907,-1715,2280,2002,8136,5084,-3291
IMU1,16319,167943176,-1848,1878,2047,6836,4389,-2192
IMU1,16320,167954421,-1684,1407,2351,5490,3617,-1063
IMU1,16321,167965649,-1589,994,2766,4244,3170,-77
IMU1,16322,167976290,-1670,188,3743,3197,3094,696
IMU1,16323,167987045,-1551,-560,5050,2510,2973,1237
IMU1,16324,167998106,-896,-1125,4850,2217,692,958
IMU1,16325,168008747,-1151,-893,3084,1881,-697,314
IMU1,16326,168019469,-1170,-867,1985,1035,-989,-182
IMU1,16327,168030269,-1090,-974,1566,-78,-130,-425
IMU1,16328,168040778,-978,-1089,1515,-1131,948,-536
IMU1,16329,168051594,-808,-1157,1717,-1934,1553,-623
IMU1,16330,168062611,-730,-1202,1915,-2417,1732,-708
IMU1,16331,168073639,-657,-1211,2031,-2572,1654,-750
IMU1,16332,168084647,-851,-1312,2157,-2122,1109,-593
IMU1,16333,168095663,-858,-1329,2034,-1629,820,-364
IMU1,16334,168106474,-811,-1371,1875,-1084,513,-126
IMU1,16335,168117281,-777,-1371,1748,-563,142,54
IMU1,16336,168127599,-805,-1399,1645,-104,-257,146
IMU1,16337,168138211,-911,-1441,1520,289,-604,170
IMU1,16338,168148739,-904,-1434,1394,591,-820,164
IMU1,16339,168159260,-874,-1394,1348,767,-859,97
IMU1,16340,168169592,-805,-1366,1353,813,-785,-44
# swing_peak_seq=16314
IMU1,16341,168180007,-793,-1364,1441,760,-692,-239
IMU1,16342,168191141,-943,-1389,1579,477,-638,-538
IMU1,16343,168201787,-922,-1428,1757,307,-644,-579
IMU1,16344,168212405,-889,-1434,1926,148,-680,-569
IMU1,16345,168223017,-909,-1450,2068,8,-774,-537
IMU1,16346,168233245,-939,-1518,2163,-131,-938,-491
IMU1,16347,168243968,-944,-1573,2193,-275,-1164,-442
IMU1,16348,168254887,-977,-1594,2173,-442,-1401,-398
IMU1,16349,168265808,-1006,-1604,2173,-644,-1605,-356
IMU1,16350,168276896,-1076,-1628,2072,-873,-1889,-302
IMU1,16351,168288010,-1113,-1592,2005,-1424,-2019,-292
IMU1,16352,168299323,-1132,-1543,1992,-1722,-2130,-290
IMU1,16353,168310653,-1133,-1494,2008,-2005,-2205,-287
IMU1,16354,168321971,-1146,-1458,2016,-2257,-2248,-295
IMU1,16355,168333280,-1175,-1435,2015,-2479,-2333,-315
IMU1,16356,168344610,-1200,-1311,1899,-2835,-2668,-343
IMU1,16357,168355936,-1194,-1260,1797,-2998,-2842,-322
IMU1,16358,168367256,-1165,-1230,1710,-3152,-2994,-276
IMU1,16359,168378592,-1129,-1225,1636,-3285,-3088,-223
IMU1,16360,168389906,-1135,-1188,1570,-3402,-3135,-151
IMU1,16361,168401242,-1116,-1141,1392,-3499,-3182,-53
IMU1,16362,168412375,-1058,-1091,1307,-3667,-3318,165
IMU1,16363,168423595,-1053,-1097,1226,-3736,-3372,303
IMU1,16364,168434833,-1037,-1111,1066,-3788,-3422,463
IMU1,16365,168446070,-1080,-1077,934,-3847,-3474,650
IMU1,16366,168457104,-1078,-1045,802,-3906,-3545,866
IMU1,16367,168468121,-1068,-1013,703,-3967,-3654,1095
IMU1,16368,168479348,-1089,-958,593,-4051,-3864,1537
IMU1,16369,168490385,-1130,-880,432,-4080,-3997,1746
IMU1,16370,168501407,-1238,-830,348,-4107,-4148,1949
IMU1,16371,168512436,-1285,-734,184,-4141,-4246,2159
IMU1,16372,168523449,-1362,-731,107,-4179,-4216,2363
IMU1,16373,168534475,-1458,-672,105,-4209,-4031,2565
IMU1,16374,168545490,-1517,-624,20,-4213,-3732,2758
IMU1,16375,168556854,-1572,-491,-14,-4173,-3087,3042
IMU1,16376,168567773,-1599,-408,-41,-4138,-2817,3134
IMU1,16377,168578710,-1618,-315,-28,-4092,-2603,3198
IMU1,16378,168589635,-1664,-221,-59,-4035,-2442,3243
IMU1,16379,168600548,-1745,-81,-174,-3996,-2304,3272
IMU1,16380,168611477,-1809,11,-272,-3990,-2189,3286
IMU1,16381,168622310,-1850,156,-670,-4005,-2073,3275
IMU1,16382,168633343,-1526,406,-885,-4161,-1623,3078
IMU1,16383,168644369,-1886,98,-657,-4280,-1164,2850
IMU1,16384,168655195,-1759,359,-665,-4310,-639,2755
IMU1,16385,168666045,-1607,402,-442,-4230,-81,2566
IMU1,16386,168676651,-1903,487,-333,-4045,345,2369
IMU1,16387,168687382,-2119,591,-709,-3791,422,2246
IMU1,16388,168698128,-2148,655,-745,-3548,210,2175
IMU1,16389,168708871,-2139,710,-827,-3346,-84,2121
IMU1,16390,168720024,-1960,828,-914,-3029,-283,1976
IMU1,16391,168730848,-2048,824,-996,-2924,-162,1844
IMU1,16392,168741674,-2141,908,-1075,-2854,-9,1699
IMU1,16393,168752319,-2185,998,-1153,-2801,90,1558
IMU1,16394,168763079,-2219,1014,-1172,-2743,128,1409
IMU1,16395,168774209,-2234,998,-1161,-2646,125,1255
IMU1,16396,168785148,-2209,1015,-1057,-2493,104,1099
IMU1,16397,168796280,-2201,987,-927,-1981,-8,769
IMU1,16398,168806512,-2199,930,-891,-1669,-126,597
IMU1,16399,168817130,-2216,915,-856,-1370,-283,437
IMU1,16400,168827757,-2219,920,-791,-1108,-420,281
IMU1,16401,168838394,-2234,859,-726,-892,-517,128
IMU1,16402,168848825,-2259,849,-699,-729,-598,-9
IMU1,16403,168858934,-2328,871,-720,-618,-675,-132
IMU1,16404,168872002,-2418,889,-753,-560,-744,-231
IMU1,16405,168882516,-2491,802,-690,-550,-782,-312
IMU1,16406,168893048,-2411,799,-600,-552,-674,-313
IMU1,16407,168903585,-2392,784,-576,-506,-544,-331
IMU1,16408,168914128,-2372,737,-577,-461,-448,-341
IMU1,16409,168924656,-2440,655,-628,-423,-409,-329
IMU1,16410,168935168,-2366,758,-474,-400,-380,-280
IMU1,16411,168945698,-2325,743,-435,-367,-323,-239
IMU1,16412,168956222,-2309,749,-438,-320,-313,-195
IMU1,16413,168966759,-2316,767,-471,-278,-353,-148
IMU1,16414,168977267,-2277,788,-471,-259,-394,-94
IMU1,16415,168987585,-2256,815,-474,-246,-400,-55
IMU1,16416,168997887,-2205,820,-517,-231,-380,16
IMU1,16417,169008627,-2214,844,-496,-208,-296,44
IMU1,16418,169018842,-2204,867,-524,-191,-225,69
IMU1,16419,169029062,-2187,888,-533,-175,-152,82
IMU1,16420,169039281,-2173,911,-525,-161,-93,93
IMU1,16421,169049307,-2216,939,-513,-133,-51,98
IMU1,16422,169059338,-2244,986,-500,-105,-29,118
IMU1,16423,169069555,-2233,998,-514,-51,-29,132
IMU1,16424,169079586,-2240,1044,-504,15,-45,143
IMU1,16425,169089713,-2230,1088,-504,93,-66,145
IMU1,16426,169099829,-2212,1145,-530,191,-87,128
IMU1,16427,169110155,-2166,1209,-595,289,-116,89
IMU1,16428,169120485,-2161,1292,-650,391,-168,25
IMU1,16429,169130786,-2192,1441,-696,496,-248,-51
IMU1,16430,169141203,-2202,1567,-757,620,-348,-136
IMU1,16431,169151832,-2301,1899,-908,777,-479,-368
IMU1,16432,169162487,-2236,2030,-1107,1186,-867,-524
IMU1,16433,169173523,-2213,2197,-1233,1442,-1093,-736
IMU1,16434,169184756,-2212,2342,-1350,1742,-1243,-986
IMU1,16435,169195991,-2328,2432,-1439,2096,-1278,-1246
IMU1,16436,169207434,-2587,2541,-1522,2490,-1227,-1453
IMU1,16437,169218863,-3100,2591,-1599,2919,-1092,-1557
IMU1,16438,169230301,-3299,2667,-1659,3830,-590,-1445
IMU1,16439,169241532,-3497,2736,-1680,4275,-271,-1285
IMU1,16440,169252765,-3602,2765,-1707,4689,94,-1097
IMU1,16441,169263696,-3572,2882,-1724,5060,494,-912
IMU1,16442,169274637,-3561,2923,-1540,5407,957,-793
IMU1,16443,169285590,-3489,2938,-1341,5765,1474,-740
IMU1,16444,169296726,-3248,3016,-680,6607,2306,-914
IMU1,16445,169307656,-3209,2964,-185,7132,2577,-1156
IMU1,16446,169318788,-3291,2850,444,7727,2819,-1433
IMU1,16447,169329825,-3389,2702,1154,8398,3135,-1688
IMU1,16448,169341072,-3351,2590,1869,9094,3501,-1887
IMU1,16449,169352333,-3210,2550,2489,9769,3798,-2073
IMU1,16450,169363586,-2670,2620,3202,10393,3615,-2673
IMU1,16451,169375028,-2176,2620,3400,11380,3310,-3158
IMU1,16452,169386487,-1735,2571,3456,11670,3237,-3720
IMU1,16453,169397931,-1437,2555,3397,11827,3518,-4228
IMU1,16454,169409406,-1482,2420,3535,11871,3998,-4537
IMU1,16455,169420868,-1559,1562,3124,11833,4354,-4537
IMU1,16456,169432327,-1438,1070,2342,10837,4160,-3617
IMU1,16457,169443775,-1387,855,1760,9474,3429,-2864
IMU1,16458,169454829,-1059,828,1670,7624,2138,-2136
IMU1,16459,169465878,-861,863,1720,5574,1136,-1469
IMU1,16460,169476728,-979,705,1933,3588,1167,-733
IMU1,16461,169487372,-1271,201,2386,1859,2100,146
IMU1,16462,169498117,-1448,-1004,3592,503,2778,1726
IMU1,16463,169509152,-1203,-1220,3724,-940,1728,2072
IMU1,16464,169520298,-1016,-1197,3363,-1167,447,2080
IMU1,16465,169531432,-1006,-1229,2757,-1253,-419,1858
IMU1,16466,169542672,-1136,-1114,2014,-1338,-651,1534
IMU1,16467,169553909,-1373,-1217,1384,-1491,-471,1197
IMU1,16468,169565159,-1170,-1623,1363,-1659,-111,902
IMU1,16469,169576190,-1188,-1645,1437,-1589,409,234
IMU1,16470,169587117,-1223,-1689,1472,-1323,295,-96
IMU1,16471,169597953,-1221,-1665,1434,-952,69,-348
IMU1,16472,169608598,-1252,-1634,1443,-558,-104,-523
IMU1,16473,169619507,-1302,-1610,1331,-176,-245,-625
IMU1,16474,169630411,-1307,-1558,1233,143,-375,-648
IMU1,16475,169641231,-1291,-1602,1232,374,-430,-625
IMU1,16476,169652048,-1284,-1567,1122,514,-559,-574
IMU1,16477,169662870,-1281,-1505,1018,507,-729,-555
IMU1,16478,169673698,-1274,-1443,1005,389,-848,-533
IMU1,16479,169684522,-1242,-1448,1020,222,-860,-503
IMU1,16480,169695334,-1266,-1473,1086,36,-813,-488
IMU1,16481,169705961,-1308,-1506,1198,-147,-765,-472
# swing_peak_seq=16455
IMU1,16482,169716884,-1359,-1581,1299,-319,-738,-450
IMU1,16483,169727809,-1400,-1625,1418,-482,-760,-429
IMU1,16484,169738736,-1521,-1717,1571,-766,-1066,-430
IMU1,16485,169749852,-1578,-1740,1597,-909,-1321,-435
IMU1,16486,169760976,-1632,-1731,1590,-1047,-1547,-450
IMU1,16487,169772284,-1633,-1715,1536,-1204,-1704,-467
IMU1,16488,169783599,-1593,-1696,1462,-1394,-1776,-508
IMU1,16489,169794919,-1593,-1684,1398,-1618,-1782,-574
IMU1,16490,169806230,-1560,-1627,1303,-2116,-1773,-727
IMU1,16491,169817544,-1542,-1616,1283,-2367,-1801,-806
IMU1,16492,169828866,-1540,-1551,1306,-2588,-1877,-882
IMU1,16493,169840186,-1539,-1483,1286,-2774,-1990,-946
IMU1,16494,169851507,-1499,-1433,1269,-2931,-2115,-983
IMU1,16495,169862846,-1391,-1369,1136,-3058,-2255,-990
IMU1,16496,169876720,-1340,-1329,1101,-3253,-2462,-958
IMU1,16497,169888050,-1284,-1319,1017,-3326,-2534,-882
IMU1,16498,169899357,-1227,-1258,913,-3386,-2581,-774
IMU1,16499,169910500,-1174,-1196,803,-3444,-2602,-648
IMU1,16500,169921622,-1013,-1082,576,-3535,-2614,-377
IMU1,16501,169932739,-998,-1050,506,-3585,-2591,-225
IMU1,16502,169943680,-1031,-1051,429,-3627,-2514,-51
IMU1,16503,169954607,-1037,-1027,285,-3685,-2367,158
IMU1,16504,169965639,-1054,-1016,163,-3772,-2168,384
IMU1,16505,169976671,-1113,-1015,57,-3885,-1984,617
IMU1,16506,169987519,-1125,-987,-43,-4014,-1869,835
IMU1,16507,169998231,-1137,-920,-152,-4158,-1836,1162
IMU1,16508,170009367,-1208,-874,-126,-4444,-1881,1278
IMU1,16509,170020496,-1237,-821,-175,-4539,-1921,1371
IMU1,16510,170031610,-1196,-747,-261,-4617,-1944,1441
IMU1,16511,170042747,-1190,-725,-293,-4673,-1946,1481
IMU1,16512,170053884,-1261,-677,-307,-4689,-1915,1500
IMU1,16513,170065031,-1299,-581,-351,-4654,-1852,1522
IMU1,16514,170076166,-1389,-474,-412,-4473,-1615,1553
IMU1,16515,170087292,-1393,-379,-462,-4377,-1429,1569
IMU1,16516,170098417,-1357,-281,-398,-4253,-1189,1551
IMU1,16517,170109550,-1351,-182,-532,-4126,-931,1508
IMU1,16518,170120489,-1450,-118,-522,-4016,-718,1444
IMU1,16519,170131404,-1592,-57,-505,-3919,-606,1388
IMU1,16520,170142144,-1657,152,-645,-3816,-633,1350
IMU1,16521,170152989,-1532,322,-648,-3609,-994,1267
IMU1,16522,170163815,-1571,407,-689,-3500,-1153,1156
IMU1,16523,170174859,-1674,430,-783,-3397,-1256,1109
IMU1,16524,170185909,-1809,563,-814,-3296,-1342,1081
IMU1,16525,170196945,-1826,619,-974,-3199,-1405,1064
IMU1,16526,170207993,-1792,739,-1029,-3130,-1429,1054
IMU1,16527,170219255,-1814,871,-1037,-3074,-1346,941
IMU1,16528,170230309,-1863,879,-1044,-2977,-937,854
IMU1,16529,170241156,-1884,891,-1073,-2912,-790,777
IMU1,16530,170251990,-1963,975,-992,-2838,-706,696
IMU1,16531,170262631,-2066,1130,-999,-2733,-688,635
IMU1,16532,170273472,-2190,1246,-1100,-2619,-715,589
IMU1,16533,170284515,-2320,1245,-1191,-2504,-801,566
IMU1,16534,170295560,-2386,1198,-1252,-2378,-935,573
IMU1,16535,170306624,-2338,1126,-1195,-2033,-1115,584
IMU1,16536,170317870,-2305,1104,-1123,-1808,-1091,555
IMU1,16537,170329117,-2217,1076,-1060,-1540,-999,479
IMU1,16538,170340172,-2231,982,-989,-1244,-907,347
IMU1,16539,170350817,-2388,892,-1099,-965,-876,206
IMU1,16540,170361464,-2483,930,-1061,-744,-916,119
IMU1,16541,170372119,-2316,986,-1005,-569,-978,53
IMU1,16542,170382565,-2445,876,-983,-432,-1020,-41
IMU1,16543,170393622,-2503,907,-1034,-264,-1044,-121
IMU1,16544,170404520,-2520,911,-1134,-243,-1003,-121
IMU1,16545,170415420,-2498,852,-1123,-257,-903,-100
IMU1,16546,170426129,-2473,768,-1018,-278,-721,-69
IMU1,16547,170436645,-2413,761,-880,-268,-510,-47
IMU1,16548,170446952,-2396,783,-951,-218,-363,-47
IMU1,16549,170457280,-2416,760,-1021,-178,-294,-48
IMU1,16550,170467790,-2451,758,-988,-164,-231,-27
IMU1,16551,170478115,-2328,796,-917,-158,-129,24
IMU1,16552,170488345,-2178,776,-775,-135,-5,54
IMU1,16553,170499214,-2158,713,-676,-29,115,39
IMU1,16554,170509131,-2113,675,-625,59,57,12
IMU1,16555,170518763,-2074,634,-590,158,-45,-37
IMU1,16556,170528796,-2047,577,-549,249,-151,-92
IMU1,16557,170539018,-2061,551,-530,332,-224,-155
IMU1,16558,170549453,-2062,557,-555,403,-283,-214
IMU1,16559,170559882,-2075,559,-588,464,-330,-270
IMU1,16560,170570324,-2117,607,-589,496,-352,-305
IMU1,16561,170580747,-2161,645,-613,504,-317,-321
IMU1,16562,170591168,-2194,684,-648,495,-233,-311
IMU1,16563,170601601,-2239,760,-653,470,-120,-277
IMU1,16564,170612012,-2287,826,-673,435,8,-225
IMU1,16565,170621931,-2379,925,-682,395,134,-149
IMU1,16566,170632268,-2489,1039,-696,351,244,-47
IMU1,16567,170643631,-2548,1284,-682,304,277,183
IMU1,16568,170654056,-2483,1455,-759,350,105,223
IMU1,16569,170664492,-2365,1649,-855,457,-174,167
IMU1,16570,170675007,-2256,1820,-987,609,-447,20
IMU1,16571,170685350,-2148,1953,-1146,815,-644,-202
IMU1,16572,170696182,-2140,2139,-1277,1077,-746,-464
IMU1,16573,170707222,-2148,2356,-1431,1387,-759,-734
IMU1,16574,170718262,-2206,2554,-1540,1741,-710,-993
IMU1,16575,170729323,-2621,2984,-1877,2596,-476,-1353
IMU1,16576,170740553,-2926,3050,-1989,3085,-302,-1404
IMU1,16577,170751795,-3076,3115,-2095,3598,-15,-1347
IMU1,16578,170762862,-3367,3125,-2002,4126,363,-1178
IMU1,16579,170773998,-3491,3128,-1984,4688,789,-909
IMU1,16580,170784961,-3443,3231,-1908,5265,1152,-627
IMU1,16581,170796103,-3302,3340,-1473,5824,1413,-418
IMU1,16582,170807254,-3324,3264,-976,6855,2006,-200
IMU1,16583,170818178,-3343,3169,-394,7356,2402,-122
IMU1,16584,170829129,-3327,3001,238,7860,2831,-38
IMU1,16585,170839772,-3285,2817,983,8367,3192,48
IMU1,16586,170850332,-3160,2589,1807,8904,3405,98
IMU1,16587,170861093,-2936,2341,2477,9471,3406,67
IMU1,16588,170871866,-2763,2188,2916,10033,3115,-94
IMU1,16589,170885495,-2257,2084,3118,10915,1997,-821
IMU1,16590,170896735,-2013,2080,2955,11111,1756,-1290
IMU1,16591,170908177,-1930,2077,2759,11099,1921,-1725
IMU1,16592,170919615,-2036,2050,2696,10938,2223,-2038
IMU1,16593,170931070,-2102,1691,2938,10702,2252,-2242
IMU1,16594,170942528,-1677,1452,2910,10156,1837,-2272
IMU1,16595,170953993,-1268,1065,2932,9786,1366,-2375
IMU1,16596,170965260,-1023,797,2670,9279,993,-2529
IMU1,16597,170976131,-1043,616,2362,8542,709,-2639
IMU1,16598,170986987,-1209,465,2209,7570,482,-2611
IMU1,16599,170997847,-1286,33,2540,6465,320,-2400
IMU1,16600,171009006,-1131,-287,3010,4375,219,-1578
IMU1,16601,171019944,-925,-333,3006,3553,183,-1142
IMU1,16602,171030690,-779,-407,3115,2797,153,-791
IMU1,16603,171041253,-590,-471,2800,2077,29,-543
IMU1,16604,171051599,-572,-470,2568,1357,-175,-405
IMU1,16605,171062218,-675,-528,2204,643,-364,-326
IMU1,16606,171072641,-778,-683,2068,-28,-429,-239
IMU1,16607,171082953,-663,-740,1951,-591,-363,-125
IMU1,16608,171093481,-676,-878,1957,-1021,-187,-40
IMU1,16609,171104003,-688,-1137,2001,-1302,12,33
IMU1,16610,171114841,-809,-1237,2045,-1444,85,27
IMU1,16611,171125175,-807,-1310,2158,-1331,-26,4
IMU1,16612,171135410,-826,-1401,2261,-1123,-188,-30
IMU1,16613,171146143,-849,-1434,2178,-851,-393,-97
IMU1,16614,171156684,-924,-1454,2079,-579,-660,-195
IMU1,16615,171167418,-938,-1472,1987,-341,-939,-312
IMU1,16616,171178167,-935,-1450,1919,-157,-1160,-452
IMU1,16617,171189114,-939,-1461,1911,-31,-1281,-610
# swing_peak_seq=16591
IMU1,16618,171199865,-904,-1510,1944,48,-1321,-786
IMU1,16619,171211048,-886,-1511,1953,53,-1268,-1128
IMU1,16620,171221893,-897,-1500,1931,-24,-1246,-1303
IMU1,16621,171232812,-926,-1485,1984,-156,-1293,-1460
IMU1,16622,171243928,-983,-1528,2077,-328,-1412,-1576
IMU1,16623,171255057,-1001,-1554,2147,-528,-1585,-1689
IMU1,16624,171266385,-992,-1609,2202,-763,-1799,-1836
IMU1,16625,171277513,-859,-1676,2124,-1389,-2232,-2335
IMU1,16626,171288850,-854,-1697,2074,-1776,-2387,-2652
IMU1,16627,171300182,-893,-1701,2070,-2159,-2452,-2934
IMU1,16628,171311516,-904,-1721,2056,-2511,-2427,-3126
IMU1,16629,171322873,-819,-1712,1950,-2809,-2378,-3232
IMU1,16630,171334213,-563,-1663,1622,-3059,-2322,-3269
IMU1,16631,171345552,-452,-1610,1623,-3392,-1934,-3132
IMU1,16632,171356894,-393,-1694,1549,-3414,-1692,-2913
IMU1,16633,171368230,-337,-1724,1509,-3339,-1556,-2622
IMU1,16634,171379567,-274,-1684,1567,-3177,-1575,-2286
IMU1,16635,171390907,-234,-1679,1603,-2924,-1723,-1933
IMU1,16636,171402237,-168,-1533,1395,-2608,-1973,-1201
IMU1,16637,171413571,-223,-1410,1211,-1973,-2618,-832
IMU1,16638,171424714,-242,-1322,1014,-1720,-2964,-472
IMU1,16639,171435837,-229,-1274,857,-1532,-3271,-134
IMU1,16640,171446785,-248,-1273,824,-1388,-3521,167
IMU1,16641,171457608,-310,-1255,804,-1249,-3724,425
IMU1,16642,171468437,-384,-1221,671,-1127,-3905,643
IMU1,16643,171479275,-354,-1142,226,-1060,-4157,976
IMU1,16644,171490111,-423,-1103,100,-1181,-4185,1102
IMU1,16645,171501147,-501,-1081,52,-1314,-4157,1231
IMU1,16646,171511987,-604,-1064,33,-1451,-4122,1373
IMU1,16647,171522838,-730,-1022,0,-1582,-4129,1542
IMU1,16648,171533366,-852,-974,-19,-1696,-4188,1731
IMU1,16649,171544078,-912,-871,-94,-1803,-4276,1928
IMU1,16650,171554799,-899,-781,-174,-1926,-4341,2115
IMU1,16651,171565728,-1036,-696,-203,-2073,-4361,2424
IMU1,16652,171576857,-1122,-559,-169,-2376,-4298,2581
IMU1,16653,171587984,-1140,-507,-154,-2453,-4258,2736
IMU1,16654,171599116,-1121,-418,-223,-2500,-4235,2892
IMU1,16655,171610255,-1156,-284,-248,-2528,-4207,3027
IMU1,16656,171621386,-1298,-216,-242,-2546,-4152,3161
IMU1,16657,171632531,-1437,-154,-163,-2554,-4078,3311
IMU1,16658,171643666,-1870,-297,-37,-2554,-3910,3653
IMU1,16659,171654610,-1944,-223,-153,-2558,-3837,3849
IMU1,16660,171665744,-1926,-186,-298,-2600,-3748,3995
IMU1,16661,171676873,-1883,-246,-349,-2704,-3593,4067
IMU1,16662,171688001,-1983,-243,-257,-2816,-3365,4088
IMU1,16663,171699107,-2205,-142,-424,-2905,-3098,4090
IMU1,16664,171710253,-2706,-85,-645,-3090,-2541,4216
IMU1,16665,171721190,-2837,16,-737,-3198,-2255,4331
IMU1,16666,171732041,-2929,127,-782,-3288,-1934,4407
IMU1,16667,171743062,-2923,181,-760,-3359,-1619,4450
IMU1,16668,171754100,-2889,274,-751,-3387,-1321,4408
IMU1,16669,171765133,-2774,374,-789,-3380,-1053,4257
IMU1,16670,171776173,-2667,428,-753,-3327,-841,3981
IMU1,16671,171786995,-2718,699,-595,-3202,-767,3168
IMU1,16672,171797836,-2816,815,-585,-2712,-910,2724
IMU1,16673,171808678,-2887,925,-582,-2384,-1118,2309
IMU1,16674,171819720,-2955,980,-537,-2019,-1325,1911
IMU1,16675,171830766,-2916,964,-619,-1657,-1487,1534
IMU1,16676,171841800,-2987,1064,-662,-1328,-1582,1173
IMU1,16677,171853027,-3379,1329,-1125,-1068,-1603,843
IMU1,16678,171864239,-4503,2017,-2280,-972,-1700,556
IMU1,16679,171875281,-4318,2085,-2203,-1084,-1358,660
IMU1,16680,171889070,-3877,1749,-1286,-1067,-391,742
IMU1,16681,171900096,-3328,1106,-532,-714,562,711
IMU1,16682,171910652,-2954,919,-230,-123,706,507
IMU1,16683,171920993,-2601,662,-54,502,117,167
IMU1,16684,171932060,-2036,417,-62,1397,-711,-531
IMU1,16685,171942498,-1934,344,-116,1574,-492,-800
IMU1,16686,171953120,-1893,274,-155,1591,-97,-1008
IMU1,16687,171963761,-1937,209,-152,1474,219,-1141
IMU1,16688,171974499,-1970,160,-69,1279,351,-1213
IMU1,16689,171985038,-2000,101,45,1058,288,-1235
IMU1,16690,171995479,-2003,47,144,841,110,-1210
IMU1,16691,172005727,-2017,12,183,638,-76,-1137
IMU1,16692,172015874,-2062,22,201,454,-211,-1016
IMU1,16693,172026217,-2105,17,129,293,-274,-852
IMU1,16694,172036364,-2093,4,-3,137,-284,-651
IMU1,16695,172047529,-1964,23,-36,-132,-152,-222
IMU1,16696,172057629,-1901,22,-36,-227,-30,-46
IMU1,16697,172067325,-1878,1,-30,-299,102,93
IMU1,16698,172076847,-1874,-13,-21,-338,186,208
IMU1,16699,172086847,-1904,-18,25,-356,191,295
IMU1,16700,172096766,-1945,-35,7,-353,137,357
IMU1,16701,172106485,-1919,-13,-49,-350,59,403
IMU1,16702,172116304,-1877,39,-89,-359,17,413
IMU1,16703,172126032,-1864,50,-129,-385,34,388
IMU1,16704,172135965,-1911,90,-132,-422,71,347
IMU1,16705,172145899,-1968,97,-108,-447,88,299
IMU1,16706,172155826,-1996,95,-116,-450,61,265
IMU1,16707,172165764,-2008,132,-113,-440,16,240
IMU1,16708,172175869,-2025,186,-98,-421,-9,202
IMU1,16709,172185684,-2047,239,-95,-396,-9,166
IMU1,16710,172195492,-2085,275,-111,-369,18,129
IMU1,16711,172205619,-2127,318,-148,-345,51,97
IMU1,16712,172215550,-2146,392,-185,-334,60,80
IMU1,16713,172225488,-2176,474,-202,-334,60,70
IMU1,16714,172235421,-2185,511,-236,-337,75,72
IMU1,16715,172245372,-2200,576,-275,-339,100,88
IMU1,16716,172255502,-2211,669,-307,-332,126,104
IMU1,16717,172265841,-2197,737,-330,-320,134,114
IMU1,16718,172276171,-2146,822,-351,-284,101,115
IMU1,16719,172286503,-2116,998,-260,-223,16,82
IMU1,16720,172297481,-2025,1129,-288,61,-428,-110
IMU1,16721,172307902,-2063,1360,-292,267,-842,-289
IMU1,16722,172318528,-2105,1489,-361,522,-1285,-500
IMU1,16723,172329358,-2131,1639,-562,805,-1732,-743
IMU1,16724,172340186,-2251,1836,-721,1091,-2180,-1006
IMU1,16725,172351411,-2388,2003,-914,1386,-2507,-1268
IMU1,16726,172362663,-2587,2185,-1037,1687,-2605,-1503
IMU1,16727,172374079,-3213,2431,-1042,2361,-2082,-1747
IMU1,16728,172385511,-3502,2410,-948,2771,-1599,-1708
IMU1,16729,172396761,-3740,2362,-784,3238,-1134,-1590
IMU1,16730,172408021,-3847,2349,-699,3749,-763,-1433
IMU1,16731,172419061,-3792,2289,-595,4249,-506,-1296
IMU1,16732,172430101,-3681,2210,-441,4705,-234,-1230
IMU1,16733,172441149,-3419,2113,-199,5421,607,-1335
IMU1,16734,172452108,-3299,2055,-113,5667,972,-1498
IMU1,16735,172463039,-3267,2031,3,5869,1242,-1719
IMU1,16736,172473693,-3227,2077,100,6030,1469,-1943
IMU1,16737,172484732,-3136,2053,274,6181,1702,-2159
IMU1,16738,172495790,-3017,2099,397,6351,1932,-2358
IMU1,16739,172506860,-2845,2117,499,6560,2137,-2546
IMU1,16740,172517914,-2445,2091,1147,6826,2694,-2866
IMU1,16741,172529177,-2243,2151,1580,7635,3086,-2983
IMU1,16742,172540448,-2206,2252,2094,8122,3472,-3065
IMU1,16743,172551710,-2241,2374,2417,8616,3784,-3081
IMU1,16744,172562975,-2163,2524,2622,9041,3963,-3024
IMU1,16745,172574238,-2083,2654,2781,9363,4002,-2920
IMU1,16746,172585491,-1584,2844,2833,9692,3727,-2669
IMU1,16747,172596750,-1369,2679,2964,9722,3506,-2558
IMU1,16748,172608016,-1174,2453,3063,9682,3316,-2469
IMU1,16749,172619260,-1096,2192,3128,9572,3139,-2355
IMU1,16750,172630550,-1100,1760,3095,9348,2874,-2175
IMU1,16751,172641828,-1187,1182,3057,8931,2417,-1912
IMU1,16752,172653102,-1126,238,3464,7386,1299,-1150
IMU1,16753,172664155,-997,-292,4178,6309,886,-734
IMU1,16754,172674718,-804,-721,4337,5152,410,-385
IMU1,16755,172685264,-1056,-379,3158,3836,-311,-131
IMU1,16756,172696125,-1565,236,1689,2219,-1040,130
IMU1,16757,172706969,-1705,-55,806,413,-1246,515
IMU1,16758,172717309,-1516,-340,677,-1244,-675,983
IMU1,16759,172727957,-1324,-509,961,-2460,412,1344
IMU1,16760,172738709,-1131,-972,1799,-3161,1380,1477
IMU1,16761,172749861,-1202,-1005,1973,-3155,1709,1176
IMU1,16762,172761209,-1307,-1020,2022,-2656,1172,885
IMU1,16763,172772351,-1421,-1106,1985,-1977,460,604
IMU1,16764,172783306,-1532,-1146,1858,-1221,-221,377
IMU1,16765,172794359,-1609,-1166,1588,-502,-738,194
IMU1,16766,172805210,-1659,-1139,1290,76,-1044,37
IMU1,16767,172815723,-1669,-1208,1108,464,-1156,-111
IMU1,16768,172826748,-1646,-1235,1103,752,-925,-379
IMU1,16769,172837582,-1653,-1213,1098,691,-736,-511
IMU1,16770,172848421,-1720,-1211,1138,509,-625,-630
IMU1,16771,172859265,-1760,-1163,1217,246,-634,-730
IMU1,16772,172870089,-1780,-1100,1347,-62,-746,-804
# swing_peak_seq=16746
IMU1,16773,172880807,-1774,-1049,1493,-384,-884,-855
IMU1,16774,172894271,-1715,-949,1678,-983,-975,-915
IMU1,16775,172905005,-1703,-851,1715,-1273,-938,-918
IMU1,16776,172915935,-1722,-799,1783,-1543,-921,-924
IMU1,16777,172926874,-1752,-794,1834,-1809,-966,-913
IMU1,16778,172937822,-1785,-767,1830,-2063,-1067,-896
IMU1,16779,172948951,-1835,-713,1807,-2322,-1218,-871
IMU1,16780,172960092,-1870,-581,1815,-2590,-1395,-788
IMU1,16781,172971214,-1809,-519,1772,-3130,-1745,-758
IMU1,16782,172982355,-1786,-428,1697,-3412,-1902,-753
IMU1,16783,172993496,-1738,-376,1618,-3694,-2036,-762
IMU1,16784,173004629,-1654,-366,1524,-3978,-2135,-768
IMU1,16785,173015780,-1614,-391,1411,-4261,-2178,-776
IMU1,16786,173026909,-1672,-370,1339,-4534,-2184,-767
IMU1,16787,173038039,-1703,-455,1263,-4992,-2181,-633
IMU1,16788,173049188,-1740,-494,1167,-5163,-2238,-505
IMU1,16789,173060327,-1713,-504,1097,-5302,-2369,-326
IMU1,16790,173071442,-1613,-473,1006,-5404,-2515,-120
IMU1,16791,173082562,-1563,-482,1010,-5472,-2634,89
IMU1,16792,173093382,-1460,-512,988,-5486,-2749,294
IMU1,16793,173104220,-1266,-344,800,-5449,-2886,472
IMU1,16794,173115046,-1229,-286,749,-5269,-3124,725
IMU1,16795,173125889,-1256,-236,619,-5147,-3185,827
IMU1,16796,173136733,-1371,-149,421,-5024,-3212,943
IMU1,16797,173147567,-1442,-112,324,-4935,-3211,1082
IMU1,16798,173158593,-1517,-90,278,-4856,-3185,1241
IMU1,16799,173169435,-1617,-51,271,-4767,-3116,1414
IMU1,16800,173180284,-1782,66,249,-4658,-3035,1596
IMU1,16801,173191023,-1902,195,-170,-4530,-2998,1970
IMU1,16802,173202057,-1869,233,-339,-4314,-3014,2120
IMU1,16803,173213087,-1865,280,-425,-4230,-2959,2216
IMU1,16804,173224120,-1820,330,-454,-4164,-2796,2273
IMU1,16805,173235142,-1853,327,-469,-4101,-2500,2253
IMU1,16806,173246186,-1941,300,-419,-4040,-2119,2191
IMU1,16807,173257221,-1853,424,-412,-3957,-1732,2101
IMU1,16808,173268257,-2207,462,-314,-3702,-1164,1814
IMU1,16809,173279289,-2338,518,-364,-3549,-1067,1715
IMU1,16810,173290326,-2390,608,-395,-3362,-1100,1641
IMU1,16811,173301358,-2442,651,-451,-3174,-1208,1591
IMU1,16812,173312410,-2497,702,-545,-2984,-1293,1540
IMU1,16813,173323430,-2477,731,-668,-2819,-1289,1503
IMU1,16814,173334461,-2456,758,-765,-2689,-1164,1465
IMU1,16815,173346015,-2568,808,-827,-2470,-629,1345
IMU1,16816,173356832,-2633,800,-845,-2367,-342,1310
IMU1,16817,173367652,-2713,790,-798,-2230,-126,1265
IMU1,16818,173378503,-2748,772,-727,-2060,-9,1224
IMU1,16819,173388939,-2718,744,-675,-1847,30,1168
IMU1,16820,173399470,-2643,706,-605,-1593,29,1083
IMU1,16821,173410014,-2577,660,-514,-1312,25,961
IMU1,16822,173420340,-2539,623,-436,-1022,28,812
IMU1,16823,173430685,-2526,546,-181,-738,26,651
IMU1,16824,173441864,-2602,498,-40,-210,-32,330
IMU1,16825,173451874,-2658,512,-3,-4,-127,189
IMU1,16826,173461501,-2822,504,2,145,-271,65
IMU1,16827,173471146,-3012,554,2,211,-450,-1
IMU1,16828,173480693,-3256,637,-94,216,-630,5
IMU1,16829,173490434,-3371,799,-360,131,-762,74
IMU1,16830,173500579,-3395,755,-511,-49,-793,175
IMU1,16831,173510828,-3280,707,-469,-265,-655,280
IMU1,16832,173521253,-3089,600,-283,-445,-328,358
IMU1,16833,173531686,-2876,429,-157,-535,88,379
IMU1,16834,173541827,-2636,305,-63,-523,453,333
IMU1,16835,173551974,-2424,242,8,-445,693,229
IMU1,16836,173561828,-2295,192,82,-319,798,90
IMU1,16837,173571685,-2203,173,74,-172,767,-52
IMU1,16838,173581616,-2117,197,21,-30,628,-188
IMU1,16839,173591550,-2081,197,-54,84,437,-307
IMU1,16840,173601491,-2061,184,-120,158,238,-398
IMU1,16841,173611815,-2022,157,-146,201,75,-455
IMU1,16842,173621948,-2022,147,-135,224,-28,-491
IMU1,16843,173632166,-2032,153,-132,254,-84,-506
IMU1,16844,173642379,-2065,158,-154,273,-109,-501
IMU1,16845,173653330,-2186,260,-184,302,-99,-444
IMU1,16846,173663564,-2237,320,-201,290,-78,-379
IMU1,16847,173673810,-2258,396,-208,284,-71,-321
IMU1,16848,173684020,-2280,506,-231,275,-107,-266
IMU1,16849,173694428,-2286,649,-294,272,-161,-225
IMU1,16850,173704839,-2255,731,-402,267,-242,-200
IMU1,16851,173715252,-2251,832,-428,282,-373,-216
IMU1,16852,173725669,-2223,962,-415,334,-521,-263
IMU1,16853,173736092,-2178,1084,-544,438,-703,-355
IMU1,16854,173746722,-2218,1246,-578,589,-989,-508
IMU1,16855,173757366,-2331,1521,-632,810,-1365,-709
IMU1,16856,173768212,-2651,1955,-1064,1439,-2363,-1247
IMU1,16857,173779641,-3005,2168,-1150,1868,-2888,-1557
IMU1,16858,173791075,-3392,2338,-1294,2391,-3238,-1868
IMU1,16859,173802522,-3795,2433,-1513,2988,-3301,-2136
IMU1,16860,173813973,-4208,2444,-1631,3637,-3014,-2330
IMU1,16861,173825420,-4690,2624,-1782,4317,-2462,-2439
IMU1,16862,173836863,-4825,2654,-1466,5633,-1264,-2589
IMU1,16863,173848283,-4912,2625,-1122,6211,-529,-2643
IMU1,16864,173859524,-4793,2595,-699,6681,419,-2678
IMU1,16865,173870471,-4485,2707,-276,7038,1574,-2701
IMU1,16866,173881632,-4133,2838,272,7292,2815,-2754
IMU1,16867,173895234,-3388,3147,1655,7762,5026,-3077
IMU1,16868,173906505,-3516,3211,2568,8122,5809,-3337
IMU1,16869,173917758,-3295,3466,3215,8614,6230,-3451
IMU1,16870,173929030,-3238,3643,3760,9162,6260,-3571
IMU1,16871,173940299,-2530,3904,3974,9696,5925,-3679
IMU1,16872,173951579,-1688,3921,4146,10444,4677,-4300
IMU1,16873,173963056,-1354,3875,4015,10645,4131,-4605
IMU1,16874,173974515,-1313,3454,4327,10765,3593,-4847
IMU1,16875,173985985,-1004,3107,4351,10885,2979,-4885
IMU1,16876,173997446,-745,2462,3974,10901,2361,-4868
IMU1,16877,174008720,-784,1522,2729,9810,1458,-4263
IMU1,16878,174019775,-884,1172,2473,8561,1211,-3488
IMU1,16879,174030835,-740,914,2443,6980,1015,-2494
IMU1,16880,174041699,-705,695,2751,5249,950,-1454
IMU1,16881,174052344,-774,405,3164,3557,916,-464
IMU1,16882,174062810,-674,92,3327,2069,779,375
IMU1,16883,174072970,-705,-55,2986,808,592,973
IMU1,16884,174083027,-852,-192,2430,-292,458,1340
IMU1,16885,174093540,-939,-390,2072,-1243,411,1532
IMU1,16886,174104267,-949,-823,1893,-1971,479,1565
IMU1,16887,174115000,-987,-965,1847,-2602,715,1240
IMU1,16888,174125727,-965,-1122,1915,-2541,735,974
IMU1,16889,174136466,-1019,-1204,1929,-2260,704,680
IMU1,16890,174147384,-1139,-1196,1855,-1846,634,409
IMU1,16891,174158315,-1307,-1215,1762,-1375,500,188
IMU1,16892,174169243,-1308,-1220,1579,-909,267,32
IMU1,16893,174179775,-1287,-1223,1458,-509,-7,-110
IMU1,16894,174190293,-1247,-1200,1354,-201,-255,-260
IMU1,16895,174201208,-1287,-1227,1283,151,-655,-543
IMU1,16896,174212025,-1310,-1176,1291,222,-739,-630
IMU1,16897,174222847,-1333,-1159,1339,239,-718,-692
IMU1,16898,174233680,-1366,-1151,1406,217,-679,-717
IMU1,16899,174244499,-1376,-1140,1450,162,-695,-707
IMU1,16900,174255309,-1390,-1160,1494,70,-760,-684
# swing_peak_seq=16874
IMU1,16901,174265948,-1404,-1201,1616,-65,-820,-653
IMU1,16902,174276659,-1396,-1245,1740,-231,-859,-621
IMU1,16903,174287594,-1459,-1246,1910,-629,-957,-608
IMU1,16904,174298538,-1514,-1256,1933,-866,-1091,-616
IMU1,16905,174309677,-1561,-1226,1916,-1122,-1270,-625
IMU1,16906,174321030,-1611,-1214,1895,-1403,-1425,-628
IMU1,16907,174332364,-1654,-1249,1870,-1696,-1515,-613
IMU1,16908,174343696,-1674,-1242,1840,-1995,-1545,-592
IMU1,16909,174355020,-1622,-1211,1795,-2572,-1586,-601
IMU1,16910,174366352,-1575,-1197,1783,-2839,-1633,-646
IMU1,16911,174377693,-1547,-1154,1772,-3068,-1672,-721
IMU1,16912,174389023,-1534,-1101,1748,-3277,-1710,-810
IMU1,16913,174400355,-1517,-1067,1739,-3458,-1765,-898
IMU1,16914,174411670,-1425,-991,1594,-3608,-1841,-980
IMU1,16915,174422801,-1364,-870,1462,-3865,-1998,-1108
IMU1,16916,174434125,-1343,-863,1326,-3974,-2083,-1109
IMU1,16917,174445449,-1386,-890,1303,-4070,-2176,-1037
IMU1,16918,174456771,-1355,-851,1289,-4114,-2303,-886
IMU1,16919,174467903,-1251,-788,1166,-4100,-2470,-695
IMU1,16920,174479044,-1156,-703,753,-4069,-2639,-498
IMU1,16921,174489982,-1094,-625,581,-4015,-2821,-73
IMU1,16922,174500695,-1045,-596,335,-3995,-2790,169
IMU1,16923,174511523,-1008,-573,150,-3983,-2655,410
IMU1,16924,174522353,-1061,-521,-14,-3958,-2433,665
IMU1,16925,174533081,-1127,-500,-85,-3921,-2165,945
IMU1,16926,174543809,-1210,-527,-31,-3852,-1881,1242
IMU1,16927,174554738,-1247,-518,47,-3730,-1629,1532
IMU1,16928,174565576,-1211,-514,125,-3566,-1476,1775
IMU1,16929,174576614,-1109,-437,180,-3179,-1623,1986
IMU1,16930,174587652,-1076,-397,150,-2988,-1909,1962
IMU1,16931,174598698,-1083,-340,142,-2804,-2258,1862
IMU1,16932,174609719,-1109,-292,51,-2656,-2582,1715
IMU1,16933,174620549,-1200,-237,-89,-2573,-2821,1567
IMU1,16934,174631472,-1415,-225,-212,-2577,-2938,1461
IMU1,16935,174642601,-1595,-220,-352,-2653,-2931,1431
IMU1,16936,174653740,-1940,-235,-311,-2921,-2823,1568
IMU1,16937,174664871,-1974,-250,-252,-3024,-2826,1702
IMU1,16938,174675999,-1914,-247,-225,-3056,-2860,1823
IMU1,16939,174687140,-1886,-200,-177,-3032,-2853,1912
IMU1,16940,174698287,-1948,-160,-159,-2965,-2735,1959
IMU1,16941,174709402,-2063,-111,-218,-2879,-2478,1992
IMU1,16942,174720545,-2407,-189,-226,-2738,-1757,2107
IMU1,16943,174731657,-2480,-137,-322,-2667,-1485,2182
IMU1,16944,174742781,-2521,-99,-259,-2603,-1324,2233
IMU1,16945,174753712,-2470,-57,-199,-2519,-1242,2240
IMU1,16946,174764646,-2426,21,-215,-2417,-1226,2193
IMU1,16947,174775484,-2393,137,-312,-2310,-1241,2086
IMU1,16948,174786540,-2478,238,-386,-2232,-1235,1949
IMU1,16949,174797593,-2697,329,-563,-2162,-1053,1727
IMU1,16950,174808626,-2752,413,-618,-2140,-932,1682
IMU1,16951,174819469,-2741,420,-638,-2072,-790,1626
IMU1,16952,174830311,-2699,449,-564,-1968,-657,1572
IMU1,16953,174841154,-2713,499,-472,-1816,-531,1508
IMU1,16954,174852007,-2747,465,-395,-1619,-412,1439
IMU1,16955,174862833,-2731,582,-352,-1394,-333,1377
IMU1,16956,174873671,-3140,712,-527,-1181,-306,1316
IMU1,16957,174884520,-3430,785,-618,-922,-364,1409
IMU1,16958,174897719,-3738,1033,-964,-891,-464,1582
IMU1,16959,174908576,-3982,1056,-1313,-935,-477,1797
IMU1,16960,174919625,-3858,961,-1294,-1046,-318,2007
IMU1,16961,174930654,-3528,784,-952,-1092,29,2074
IMU1,16962,174941200,-2824,352,-223,-980,500,1533
IMU1,16963,174951736,-2619,285,-121,-315,988,994
IMU1,16964,174962074,-2470,293,-64,104,801,416
IMU1,16965,174972112,-2295,265,7,477,499,-124
IMU1,16966,174981963,-2227,350,4,773,208,-599
IMU1,16967,174991808,-2161,322,-29,975,-16,-987
IMU1,16968,175001834,-2171,312,-63,1086,-205,-1286
IMU1,16969,175012451,-2223,304,-112,1140,-375,-1492
IMU1,16970,175023291,-2285,302,-91,1140,-525,-1596
IMU1,16971,175033940,-2360,277,-122,1110,-624,-1603
IMU1,16972,175044779,-2437,306,-170,1059,-660,-1526
IMU1,16973,175055615,-2469,312,-253,996,-632,-1378
IMU1,16974,175066263,-2485,347,-333,917,-517,-964
IMU1,16975,175076694,-2509,429,-347,739,37,-725
IMU1,16976,175086843,-2573,492,-315,653,379,-483
IMU1,16977,175097178,-2637,514,-286,569,620,-247
IMU1,16978,175107533,-2682,583,-194,518,677,-49
IMU1,16979,175117665,-2733,672,-52,508,499,86
IMU1,16980,175127504,-2801,834,-95,572,91,133
IMU1,16981,175137351,-2912,1061,-431,680,-520,92
IMU1,16982,175147691,-3027,1307,-913,781,-1209,-27
IMU1,16983,175158330,-3091,1552,-1297,852,-1718,-190
IMU1,16984,175169376,-3127,1838,-1489,914,-1762,-365
IMU1,16985,175180414,-3148,2097,-1718,1016,-1263,-543
IMU1,16986,175191670,-3546,2564,-1928,1488,268,-878
IMU1,16987,175202617,-3800,2758,-2000,1928,796,-986
IMU1,16988,175213564,-3937,2820,-2029,2517,1114,-1046
IMU1,16989,175224918,-3887,2872,-2238,3221,1333,-1089
IMU1,16990,175236272,-3776,3338,-2040,3996,1548,-1144
IMU1,16991,175247634,-3576,3167,-1632,4856,1930,-1227
IMU1,16992,175258989,-3491,3208,-1036,6641,2832,-1366
IMU1,16993,175270332,-3512,3150,-354,7422,3223,-1346
IMU1,16994,175281510,-3343,3119,420,8175,3635,-1257
IMU1,16995,175292590,-3223,3100,1307,8908,4078,-1140
IMU1,16996,175303864,-3132,3157,2224,9634,4491,-1004
IMU1,16997,175315148,-3091,3205,2885,10344,4741,-861
IMU1,16998,175326407,-2807,3517,3881,11523,4229,-681
IMU1,16999,175337660,-2347,3615,3948,11917,3649,-749
IMU1,17000,175348931,-1960,3607,3855,12103,3057,-991
IMU1,17001,175360197,-1626,3366,3949,12096,2479,-1390
IMU1,17002,175371630,-1385,3000,3875,11956,1860,-1888
IMU1,17003,175383087,-1074,1892,3457,11688,1153,-2420
IMU1,17004,175394539,-804,1481,2940,10434,106,-3338
IMU1,17005,175405580,-1027,1201,2473,9243,91,-3423
IMU1,17006,175416441,-1103,940,2408,7722,305,-3130
IMU1,17007,175427299,-1144,639,2812,6048,631,-2544
IMU1,17008,175438165,-1182,261,3465,4444,977,-1773
IMU1,17009,175449015,-1178,-175,3995,3059,1198,-940
IMU1,17010,175459979,-1288,-358,3126,1901,1052,-188
IMU1,17011,175470928,-1221,-335,2350,-219,-131,702
IMU1,17012,175481579,-1145,-440,2082,-1207,-436,936
IMU1,17013,175492428,-1077,-585,1755,-1974,-366,1050
IMU1,17014,175503472,-1082,-782,1805,-2485,-84,1058
IMU1,17015,175514315,-1042,-1010,1934,-2683,192,985
IMU1,17016,175525251,-1101,-1193,2087,-2580,338,842
IMU1,17017,175536190,-1163,-1303,2129,-2253,306,666
IMU1,17018,175547133,-1181,-1361,1919,-1792,-227,299
IMU1,17019,175558187,-1224,-1415,1806,-854,-547,63
IMU1,17020,175568836,-1321,-1398,1586,-474,-835,-189
IMU1,17021,175579768,-1437,-1395,1443,-216,-1052,-408
IMU1,17022,175590905,-1403,-1367,1350,-90,-1140,-580
IMU1,17023,175601846,-1373,-1375,1340,-71,-1072,-738
IMU1,17024,175612786,-1404,-1352,1301,-138,-910,-884
IMU1,17025,175623738,-1363,-1309,1454,-275,-746,-998
IMU1,17026,175634671,-1357,-1314,1587,-620,-579,-1137
# swing_peak_seq=17000
IMU1,17027,175645826,-1355,-1322,1696,-758,-640,-1180
IMU1,17028,175656953,-1312,-1297,1750,-890,-804,-1211
IMU1,17029,175668086,-1263,-1262,1848,-1016,-1006,-1258
IMU1,17030,175679613,-1248,-1235,1970,-1132,-1200,-1314
IMU1,17031,175691159,-1271,-1165,2048,-1236,-1368,-1370
IMU1,17032,175702703,-1313,-1122,2021,-1470,-1652,-1444
IMU1,17033,175714235,-1346,-1055,1957,-1628,-1802,-1439
IMU1,17034,175725776,-1375,-1011,1894,-1826,-1937,-1426
IMU1,17035,175737306,-1385,-952,1812,-2066,-2066,-1395
IMU1,17036,175748653,-1393,-885,1635,-2332,-2182,-1345
IMU1,17037,175759989,-1339,-869,1521,-2890,-2393,-1200
IMU1,17038,175771338,-1268,-858,1444,-3158,-2473,-1104
IMU1,17039,175782692,-1206,-838,1387,-3390,-2543,-995
IMU1,17040,175793835,-1145,-853,1268,-3575,-2610,-869
IMU1,17041,175804985,-1103,-838,1111,-3722,-2676,-723
IMU1,17042,175816130,-1045,-781,773,-3843,-2734,-547
IMU1,17043,175827071,-1071,-767,618,-4036,-2696,-92
IMU1,17044,175837818,-1148,-770,487,-4127,-2641,189
IMU1,17045,175848662,-1207,-745,375,-4210,-2611,498
IMU1,17046,175859497,-1214,-717,226,-4288,-2629,811
IMU1,17047,175870343,-1187,-723,123,-4371,-2708,1103
IMU1,17048,175881410,-1168,-725,113,-4440,-2859,1367
IMU1,17049,175892460,-1092,-685,91,-4459,-3076,1584
IMU1,17050,175905876,-1017,-620,45,-4343,-3447,1849
IMU1,17051,175916728,-1095,-587,50,-4221,-3488,1948
IMU1,17052,175927592,-1148,-565,34,-4062,-3430,2035
IMU1,17053,175938449,-1177,-553,-67,-3879,-3306,2102
IMU1,17054,175949399,-1190,-552,-151,-3693,-3168,2145
IMU1,17055,175960566,-1260,-519,36,-3485,-3040,2156
IMU1,17056,175971430,-1353,-471,120,-2916,-2758,2139
IMU1,17057,175982488,-1472,-460,95,-2598,-2635,2126
IMU1,17058,175993333,-1564,-444,13,-2309,-2580,2115
IMU1,17059,176004194,-1626,-375,-8,-2075,-2622,2101
IMU1,17060,176014915,-1726,-278,-20,-1893,-2707,2070
IMU1,17061,176025849,-1840,-236,-70,-1775,-2761,2036
IMU1,17062,176036765,-1947,-233,-141,-1727,-2768,2019
IMU1,17063,176048410,-2036,-119,-223,-1801,-2710,1994
IMU1,17064,176059536,-2129,-120,-212,-1891,-2646,1970
IMU1,17065,176070661,-2184,-171,-196,-1965,-2541,1929
IMU1,17066,176081791,-2222,-198,-103,-2031,-2424,1896
IMU1,17067,176092926,-2254,-132,-35,-2065,-2322,1863
IMU1,17068,176103857,-2357,-71,36,-2059,-2201,1818
IMU1,17069,176114509,-2797,-36,-12,-2034,-2033,1829
IMU1,17070,176125257,-2911,41,-20,-1999,-1638,1891
IMU1,17071,176135911,-2950,61,-75,-1969,-1459,1942
IMU1,17072,176146542,-2938,53,-129,-1942,-1279,1979
IMU1,17073,176157376,-2839,46,-193,-1908,-1066,1976
IMU1,17074,176168214,-2710,69,-240,-1877,-793,1917
IMU1,17075,176178857,-2635,128,-268,-1829,-474,1800
IMU1,17076,176189690,-2663,218,-303,-1765,-132,1660
IMU1,17077,176200509,-2779,342,-399,-1693,214,1545
IMU1,17078,176211762,-3156,573,-508,-1544,836,1528
IMU1,17079,176222512,-3199,645,-598,-1474,1089,1620
IMU1,17080,176233463,-3127,677,-605,-1398,1280,1731
IMU1,17081,176244402,-2948,683,-579,-1302,1441,1806
IMU1,17082,176255332,-2742,673,-509,-1163,1576,1806
IMU1,17083,176266286,-2555,642,-419,-987,1651,1723
IMU1,17084,176277017,-2480,642,-304,-773,1620,1549
IMU1,17085,176287760,-2466,501,-216,-534,1129,1099
IMU1,17086,176298508,-2419,511,-158,-85,784,865
IMU1,17087,176308647,-2310,535,-156,110,490,615
IMU1,17088,176318896,-2325,492,-166,253,237,347
IMU1,17089,176329136,-2395,470,-193,363,-16,98
IMU1,17090,176339078,-2433,422,-208,419,-248,-106
IMU1,17091,176349501,-2469,403,-214,441,-423,-264
IMU1,17092,176359928,-2497,351,-199,431,-504,-376
IMU1,17093,176370367,-2538,295,-174,402,-518,-442
IMU1,17094,176380809,-2576,252,-164,374,-496,-461
IMU1,17095,176391228,-2587,211,-181,348,-449,-442
IMU1,17096,176401647,-2543,156,-202,314,-375,-394
IMU1,17097,176412084,-2495,107,-107,274,-280,-333
IMU1,17098,176423030,-2347,52,-97,225,-68,-224
IMU1,17099,176432871,-2352,-2,-85,205,17,-193
IMU1,17100,176442507,-2287,82,-80,185,66,-167
IMU1,17101,176452237,-2253,86,-79,156,88,-165
IMU1,17102,176461975,-2267,85,-98,121,79,-168
IMU1,17103,176471709,-2274,129,-149,95,42,-157
IMU1,17104,176481651,-2261,150,-215,57,-5,-136
IMU1,17105,176491480,-2275,204,-256,10,-29,-112
IMU1,17106,176501516,-2261,222,-277,-30,-13,-80
IMU1,17107,176511453,-2238,236,-282,-51,40,-54
IMU1,17108,176521309,-2257,281,-298,-64,98,-37
IMU1,17109,176531150,-2276,350,-304,-62,160,-32
IMU1,17110,176541207,-2329,440,-274,-42,208,-30
IMU1,17111,176551238,-2339,492,-348,-7,184,-39
IMU1,17112,176561079,-2346,572,-425,47,44,-71
IMU1,17113,176570828,-2366,668,-501,108,-148,-127
IMU1,17114,176581271,-2365,714,-590,180,-293,-193
IMU1,17115,176591723,-2428,800,-672,258,-340,-258
IMU1,17116,176602163,-2467,906,-750,345,-265,-316
IMU1,17117,176612617,-2541,999,-792,441,-77,-363
IMU1,17118,176622884,-2617,1129,-877,537,183,-394
IMU1,17119,176633432,-2557,1516,-1343,637,453,-421
IMU1,17120,176644213,-2559,1771,-1488,783,730,-599
IMU1,17121,176654954,-2633,1975,-1605,892,774,-756
IMU1,17122,176665694,-2692,2179,-1795,1054,842,-909
IMU1,17123,176676620,-2829,2327,-1849,1292,989,-1027
IMU1,17124,176687754,-3045,2407,-1857,1632,1269,-1066
IMU1,17125,176699100,-3140,2555,-2065,2084,1651,-1003
IMU1,17126,176710454,-3387,2754,-2174,2605,2039,-873
IMU1,17127,176721596,-3307,2918,-2026,3781,2922,-400
IMU1,17128,176732751,-3447,2996,-1970,4370,3359,-62
IMU1,17129,176743718,-3413,3056,-1665,4905,3690,308
IMU1,17130,176754772,-3409,3120,-1304,5402,3920,678
IMU1,17131,176765838,-3490,3062,-721,5874,4051,1035
IMU1,17132,176776910,-3651,2910,-11,6375,4102,1399
IMU1,17133,176787787,-3892,2476,1861,6942,4089,2227
IMU1,17134,176798961,-3842,2251,2862,8348,3889,2627
IMU1,17135,176810120,-3764,2016,3760,9221,3405,2916
IMU1,17136,176821290,-3709,1771,4289,10183,2614,3082
IMU1,17137,176832660,-3515,1592,4372,11134,1628,3057
IMU1,17138,176844036,-2806,1764,3924,11922,740,2772
IMU1,17139,176855206,-1655,1745,3085,12384,159,1228
IMU1,17140,176866368,-1514,1560,3133,12159,224,212
IMU1,17141,176877345,-1615,1117,3198,11833,-136,-765
IMU1,17142,176888517,-1204,625,3272,11426,-962,-1695
IMU1,17143,176899669,-990,212,2932,10880,-1883,-2644
IMU1,17144,176913366,-1330,2,2211,8987,-2988,-3974
IMU1,17145,176924130,-1573,-126,2165,7759,-2892,-4028
IMU1,17146,176935388,-1555,-85,2064,6466,-2164,-3597
IMU1,17147,176946446,-1339,-222,2292,5174,-845,-2809
IMU1,17148,176957500,-908,-241,2309,3911,425,-1887
IMU1,17149,176968242,-872,17,2479,2676,1048,-1119
IMU1,17150,176978874,-1106,-99,2271,1481,934,-538
IMU1,17151,176989420,-1268,-508,1996,362,432,-50
IMU1,17152,177000282,-1147,-595,1906,-1299,-134,768
IMU1,17153,177011113,-928,-706,1841,-1789,-25,1001
IMU1,17154,177021756,-1014,-898,1890,-2057,175,1056
IMU1,17155,177032703,-1075,-1041,1902,-2130,299,1044
IMU1,17156,177043845,-1173,-1192,1890,-2042,301,990
IMU1,17157,177054794,-1198,-1304,1950,-1842,216,910
IMU1,17158,177065737,-1227,-1346,1955,-1559,60,783
IMU1,17159,177076485,-1263,-1326,1782,-916,-518,373
IMU1,17160,177087319,-1269,-1358,1720,-627,-811,118
IMU1,17161,177098170,-1241,-1369,1699,-371,-998,-158
IMU1,17162,177109107,-1241,-1355,1645,-164,-1080,-422
IMU1,17163,177120238,-1256,-1371,1587,-21,-1084,-656
IMU1,17164,177131167,-1285,-1380,1532,45,-1060,-838
IMU1,17165,177142007,-1277,-1393,1548,40,-1040,-966
# swing_peak_seq=17139
IMU1,17166,177152846,-1202,-1341,1742,-21,-1028,-1060
IMU1,17167,177163952,-1146,-1315,1852,-244,-1129,-1189
IMU1,17168,177175282,-1095,-1264,1940,-372,-1254,-1242
IMU1,17169,177186616,-1069,-1206,2019,-506,-1378,-1279
IMU1,17170,177197946,-1076,-1168,2059,-652,-1457,-1295
IMU1,17171,177209280,-1121,-1181,2072,-814,-1508,-1280
IMU1,17172,177220606,-1182,-1128,2012,-1001,-1647,-1148
IMU1,17173,177232131,-1190,-1101,2054,-1433,-1747,-1060
IMU1,17174,177243675,-1184,-1088,2082,-1649,-1870,-965
IMU1,17175,177255010,-1120,-1043,2052,-1842,-1999,-883
IMU1,17176,177266342,-1068,-999,2031,-2034,-2123,-823
IMU1,17177,177277485,-1044,-975,1952,-2222,-2214,-784
IMU1,17178,177288630,-1095,-993,1895,-2589,-2357,-720
IMU1,17179,177299767,-1155,-950,1875,-2754,-2456,-656
IMU1,17180,177310912,-1193,-970,1828,-2895,-2579,-576
IMU1,17181,177322051,-1125,-935,1742,-3022,-2742,-493
IMU1,17182,177333192,-1074,-871,1615,-3147,-2934,-434
IMU1,17183,177344341,-1049,-850,1501,-3271,-3089,-382
IMU1,17184,177355476,-971,-905,1294,-3509,-3112,-231
IMU1,17185,177366442,-1029,-934,1244,-3608,-3053,-123
IMU1,17186,177377573,-1102,-921,1145,-3663,-3041,6
IMU1,17187,177388226,-1112,-886,999,-3713,-3100,162
IMU1,17188,177399079,-1055,-866,872,-3749,-3205,322
IMU1,17189,177409920,-991,-827,743,-3778,-3335,487
IMU1,17190,177420557,-902,-787,602,-3792,-3448,641
IMU1,17191,177431219,-875,-759,517,-3788,-3535,793
IMU1,17192,177442410,-890,-692,424,-3691,-3653,1122
IMU1,17193,177453249,-871,-656,338,-3594,-3685,1288
IMU1,17194,177464091,-869,-600,303,-3488,-3707,1440
IMU1,17195,177474938,-919,-513,213,-3366,-3732,1578
IMU1,17196,177485795,-965,-448,122,-3259,-3758,1712
IMU1,17197,177496636,-1028,-384,11,-3167,-3776,1839
IMU1,17198,177507503,-1081,-375,-103,-3106,-3782,1964
IMU1,17199,177518664,-1226,-419,-63,-3067,-3800,2219
IMU1,17200,177529629,-1328,-371,-60,-2910,-3817,2346
IMU1,17201,177540573,-1520,-316,-80,-2784,-3836,2476
IMU1,17202,177551533,-1690,-312,-206,-2638,-3818,2615
IMU1,17203,177562682,-1813,-332,-376,-2522,-3732,2776
IMU1,17204,177573827,-1849,-341,-454,-2444,-3575,2943
IMU1,17205,177584974,-1797,-307,-461,-2383,-3373,3082
IMU1,17206,177596126,-1871,-227,-306,-2225,-2916,3191
IMU1,17207,177607300,-1987,-209,-286,-2112,-2716,3202
IMU1,17208,177618426,-2042,-197,-358,-2001,-2541,3198
IMU1,17209,177629563,-2198,-151,-375,-1910,-2379,3183
IMU1,17210,177640723,-2355,8,-447,-1855,-2179,3189
IMU1,17211,177651382,-2518,-10,-580,-1857,-1869,3211
IMU1,17212,177662318,-2661,1,-852,-1930,-1430,3256
IMU1,17213,177673495,-3061,-175,-595,-2274,-389,3412
IMU1,17214,177684443,-2941,-83,-408,-2345,-31,3495
IMU1,17215,177694984,-2747,-43,-114,-2315,175,3483
IMU1,17216,177705623,-2827,-139,64,-2181,292,3341
IMU1,17217,177716163,-2835,-40,178,-1964,290,3149
IMU1,17218,177726707,-2720,133,-5,-1739,208,2915
IMU1,17219,177737058,-2898,128,114,-1567,118,2623
IMU1,17220,177747704,-3079,251,107,-1421,4,2347
IMU1,17221,177757966,-3115,309,23,-1314,-168,2093
IMU1,17222,177768527,-2856,365,9,-1239,-404,1512
IMU1,17223,177779385,-2897,400,24,-1141,-811,1154
IMU1,17224,177789915,-2898,471,90,-1088,-959,831
IMU1,17225,177800272,-2910,699,50,-1019,-1080,554
IMU1,17226,177810818,-3051,866,-1,-962,-1182,305
IMU1,17227,177821068,-3356,1134,-310,-924,-1337,143
IMU1,17228,177831917,-3604,1257,-611,-938,-1511,100
IMU1,17229,177842780,-3596,1224,-837,-1003,-1567,172
IMU1,17230,177853833,-3365,1114,-744,-1051,-1337,286
IMU1,17231,177864883,-2962,659,-10,-992,-101,436
IMU1,17232,177875123,-2721,511,135,-435,456,437
IMU1,17233,177885385,-2526,430,152,-49,707,377
IMU1,17234,177895452,-2342,329,138,289,705,263
IMU1,17235,177905613,-2194,234,162,539,596,118
IMU1,17236,177918337,-2076,141,160,691,467,-34
IMU1,17237,177928410,-2034,105,117,755,317,-185
IMU1,17238,177938659,-2076,64,90,742,138,-321
IMU1,17239,177948506,-2110,7,51,673,-54,-430
IMU1,17240,177958055,-2111,-10,34,559,-208,-506
IMU1,17241,177968104,-2096,-23,25,426,-264,-563
IMU1,17242,177978135,-2086,-20,38,278,-208,-599
IMU1,17243,177988171,-2070,8,57,155,-57,-618
IMU1,17244,177997719,-2064,33,108,57,126,-618
IMU1,17245,178007570,-2074,67,182,4,279,-599
IMU1,17246,178017231,-2122,134,250,-5,378,-563
IMU1,17247,178027179,-2200,202,278,12,438,-499
IMU1,17248,178037234,-2280,299,177,44,467,-369
IMU1,17249,178048324,-2225,482,80,37,483,19
IMU1,17250,178057862,-2194,537,-11,8,417,168
IMU1,17251,178067517,-2202,549,-107,-51,383,251
IMU1,17252,178077675,-2256,644,-136,-122,379,301
IMU1,17253,178088024,-2278,766,-175,-177,346,350
IMU1,17254,178098364,-2270,869,-269,-209,261,362
IMU1,17255,178108711,-2298,1101,-284,-209,107,347
IMU1,17256,178119268,-2310,1304,-311,-169,-68,295
IMU1,17257,178129722,-2349,1428,-427,-77,-313,207
IMU1,17258,178140178,-2423,1695,-475,82,-701,83
IMU1,17259,178150327,-2487,2010,-555,325,-1191,-87
IMU1,17260,178160995,-2553,2219,-739,651,-1704,-305
IMU1,17261,178171860,-2711,2318,-916,1056,-2183,-547
IMU1,17262,178182940,-3183,2365,-1008,2153,-2645,-980
IMU1,17263,178194193,-3286,2371,-1100,2814,-2534,-1160
IMU1,17264,178205653,-3299,2484,-1363,3508,-2290,-1374
IMU1,17265,178217102,-3348,2727,-1300,4185,-2124,-1659
IMU1,17266,178228544,-3335,2685,-1005,4865,-2049,-2023
IMU1,17267,178239985,-3940,2752,-471,5557,-2062,-2820
IMU1,17268,178251270,-4299,2712,-701,6748,-2110,-3137
IMU1,17269,178262546,-4409,2722,-698,7086,-1968,-3358
IMU1,17270,178273788,-4117,2893,-522,7278,-1303,-3527
IMU1,17271,178285033,-3929,3075,-127,7408,-14,-3680
IMU1,17272,178295878,-3751,3160,710,7591,1690,-3767
IMU1,17273,178306971,-2855,3511,2260,7947,3599,-3767
IMU1,17274,178318252,-2462,3668,3117,9093,7124,-3724
IMU1,17275,178329543,-2203,3741,3557,9842,7901,-3789
IMU1,17276,178340845,-2281,4338,3637,10556,7418,-3968
IMU1,17277,178352316,-1929,4720,3926,11130,5927,-4336
IMU1,17278,178363799,-1717,4484,4137,11534,4336,-4900
IMU1,17279,178375275,-1183,3911,3765,11734,3221,-5819
IMU1,17280,178386760,-1211,3588,3497,11519,2968,-6039
IMU1,17281,178398235,-1114,3055,3070,11085,2395,-6043
IMU1,17282,178409727,-982,2479,2623,10294,1796,-5766
IMU1,17283,178420969,-1154,2100,2315,9102,1535,-5159
IMU1,17284,178432237,-939,1397,2809,7587,1405,-2881
IMU1,17285,178443276,-958,925,3558,4349,1313,-1616
IMU1,17286,178454124,-1220,413,4331,3034,1124,-435
IMU1,17287,178464978,-1256,-43,4512,2058,699,652
IMU1,17288,178475417,-1186,-211,3668,1259,28,1517
IMU1,17289,178486079,-1209,-227,2602,402,-611,2084
IMU1,17290,178496808,-1222,-357,1902,-550,-885,2390
IMU1,17291,178507649,-1199,-532,1504,-1464,-726,2474
IMU1,17292,178518699,-1163,-966,1322,-2218,-279,2056
IMU1,17293,178529745,-1095,-1200,1553,-2990,681,1633
IMU1,17294,178540892,-999,-1292,1761,-2927,981,1124
IMU1,17295,178551828,-1102,-1342,1910,-2601,1097,582
IMU1,17296,178562993,-1227,-1374,1943,-2107,966,95
IMU1,17297,178573731,-1348,-1329,1882,-1513,587,-299
IMU1,17298,178584777,-1403,-1271,1704,-925,84,-593
IMU1,17299,178595434,-1379,-1234,1425,-421,-383,-811
IMU1,17300,178606359,-1368,-1211,1331,214,-885,-1052
IMU1,17301,178617383,-1386,-1203,1299,340,-919,-1100
IMU1,17302,178628418,-1418,-1235,1347,361,-914,-1113
# swing_peak_seq=17276
IMU1,17303,178639458,-1461,-1231,1362,298,-915,-1089
IMU1,17304,178650494,-1462,-1228,1446,160,-935,-1042
IMU1,17305,178661519,-1426,-1199,1554,-28,-1025,-992
IMU1,17306,178672469,-1343,-1141,1930,-239,-1194,-964
IMU1,17307,178683604,-1348,-1136,2020,-648,-1560,-984
IMU1,17308,178694735,-1388,-1125,2042,-856,-1666,-1017
IMU1,17309,178706052,-1432,-1111,2060,-1088,-1764,-1042
IMU1,17310,178717584,-1486,-1108,2076,-1344,-1875,-1062
IMU1,17311,178729130,-1519,-1118,2060,-1611,-1997,-1079
IMU1,17312,178740668,-1556,-1088,1954,-2191,-2216,-1124
IMU1,17313,178752212,-1553,-1070,1892,-2489,-2286,-1131
IMU1,17314,178763747,-1528,-1007,1787,-2770,-2317,-1136
IMU1,17315,178775293,-1456,-953,1689,-3044,-2318,-1142
IMU1,17316,178786640,-1397,-924,1626,-3296,-2299,-1149
IMU1,17317,178797978,-1260,-909,1446,-3711,-2249,-1162
IMU1,17318,178809329,-1229,-927,1397,-3863,-2279,-1148
IMU1,17319,178820676,-1254,-936,1347,-3964,-2345,-1102
IMU1,17320,178832032,-1282,-937,1264,-4007,-2455,-1010
IMU1,17321,178843354,-1276,-925,1130,-4019,-2598,-875
IMU1,17322,178854497,-1256,-880,1023,-4015,-2751,-706
IMU1,17323,178865628,-1207,-785,880,-3945,-3094,-290
IMU1,17324,178876578,-1105,-688,742,-3877,-3314,-67
IMU1,17325,178887332,-1024,-582,633,-3795,-3514,135
IMU1,17326,178898200,-1096,-265,588,-3703,-3646,317
IMU1,17327,178909051,-965,-400,382,-3612,-3716,496
IMU1,17328,178922254,-1039,-640,195,-3546,-3772,668
IMU1,17329,178933092,-884,-461,485,-3381,-3819,1098
IMU1,17330,178943945,-1181,-351,267,-3211,-3810,1329
IMU1,17331,178955012,-1265,-360,390,-3032,-3854,1604
IMU1,17332,178966062,-1346,-329,321,-2810,-3928,1890
IMU1,17333,178977104,-1435,-236,124,-2597,-4055,2187
IMU1,17334,178988152,-1461,-143,113,-2422,-4192,2480
IMU1,17335,178999205,-1666,-60,-197,-2285,-4282,2741
IMU1,17336,179010136,-1701,-121,-209,-2212,-4230,3223
IMU1,17337,179021273,-1765,-147,-178,-2229,-4061,3460
IMU1,17338,179032412,-1665,-88,-216,-2224,-3797,3668
IMU1,17339,179043366,-1652,-57,-154,-2228,-3473,3803
IMU1,17340,179054316,-1789,-128,-55,-2224,-3132,3874
IMU1,17341,179065276,-1875,-79,139,-2191,-2871,3916
IMU1,17342,179076153,-2243,-22,223,-2088,-2764,3919
IMU1,17343,179087006,-2268,-20,126,-1801,-2826,3879
IMU1,17344,179097855,-2252,9,137,-1721,-2754,3806
IMU1,17345,179108407,-2189,59,143,-1694,-2500,3678
IMU1,17346,179119167,-2226,55,202,-1701,-2109,3490
IMU1,17347,179129934,-2331,56,233,-1713,-1704,3272
IMU1,17348,179140692,-2415,28,285,-1717,-1438,3053
IMU1,17349,179151456,-2471,55,328,-1697,-1345,2832
IMU1,17350,179162216,-2503,88,374,-1650,-1323,2607
IMU1,17351,179172971,-2473,118,441,-1504,-1082,2137
IMU1,17352,179183941,-2449,160,480,-1417,-879,1909
IMU1,17353,179194716,-2436,206,530,-1311,-683,1682
IMU1,17354,179205490,-2394,203,599,-1185,-562,1467
IMU1,17355,179216227,-2284,220,633,-1039,-584,1258
IMU1,17356,179226965,-2166,200,697,-882,-743,1051
IMU1,17357,179237492,-2100,336,688,-717,-966,835
IMU1,17358,179247833,-2556,410,455,-587,-1152,650
IMU1,17359,179258385,-3222,710,-261,-550,-1180,644
IMU1,17360,179269020,-4538,1118,-349,-687,-297,1193
IMU1,17361,179279860,-4857,1295,167,-955,368,1602
IMU1,17362,179290494,-5157,1172,588,-738,771,1958
IMU1,17363,179301145,-5101,952,1001,-275,598,2148
IMU1,17364,179311812,-4399,720,1083,313,7,2113
IMU1,17365,179321984,-3405,352,1044,835,-601,1752
IMU1,17366,179332634,-2617,192,748,1127,-963,1069
IMU1,17367,179343274,-2068,21,488,1110,-820,307
IMU1,17368,179353526,-1719,-84,344,860,-311,-353
IMU1,17369,179363775,-1601,-48,402,515,276,-884
IMU1,17370,179373906,-1570,52,714,217,764,-1287
IMU1,17371,179385203,-1784,261,974,-26,1450,-1682
IMU1,17372,179395733,-1977,282,1163,34,1428,-1666
IMU1,17373,179406383,-2065,256,1151,137,1081,-1511
IMU1,17374,179417225,-2197,286,1031,203,730,-1254
IMU1,17375,179427874,-2123,236,731,179,522,-927
IMU1,17376,179438117,-2079,148,521,33,472,-598
IMU1,17377,179448170,-2032,50,476,-185,524,-296
IMU1,17378,179458307,-1983,-33,496,-403,610,-47
IMU1,17379,179468335,-1942,-78,518,-584,695,141
IMU1,17380,179478478,-1973,-82,532,-715,775,276
IMU1,17381,179488628,-2045,-48,494,-796,849,384
IMU1,17382,179498763,-2145,15,431,-857,917,475
IMU1,17383,179508819,-2250,134,308,-899,987,558
IMU1,17384,179520104,-2460,232,304,-950,1067,681
IMU1,17385,179530545,-2619,371,229,-938,1017,737
IMU1,17386,179540994,-2693,406,161,-920,930,796
IMU1,17387,179551244,-2745,580,101,-886,828,845
IMU1,17388,179561492,-2834,791,57,-839,702,878
IMU1,17389,179571557,-2816,947,-9,-765,531,897
IMU1,17390,179581503,-2787,1100,43,-656,306,875
IMU1,17391,179591760,-2813,1363,-20,-489,34,807
IMU1,17392,179601887,-2777,1494,-80,-279,-317,692
IMU1,17393,179612329,-2720,1673,-82,-2,-783,501
IMU1,17394,179622357,-2731,1840,-272,361,-1311,229
IMU1,17395,179633101,-2797,2039,-498,754,-1800,-74
IMU1,17396,179643750,-3084,2328,-932,1156,-2166,-836
IMU1,17397,179654809,-3267,2361,-985,1971,-2311,-1220
IMU1,17398,179666054,-3480,2321,-983,2409,-2073,-1565
IMU1,17399,179677299,-3638,2267,-848,2883,-1590,-1851
IMU1,17400,179688549,-3714,2263,-749,3394,-921,-2084
IMU1,17401,179699597,-3712,2332,-727,3913,-280,-2306
IMU1,17402,179710658,-3663,2438,-942,4395,166,-2550
IMU1,17403,179721640,-3376,2889,-1090,5165,395,-3212
IMU1,17404,179732774,-3236,3057,-1214,5472,301,-3670
IMU1,17405,179743931,-3198,3178,-1203,5801,301,-4156
IMU1,17406,179755116,-3187,3227,-884,6206,579,-4601
IMU1,17407,179766090,-3232,3282,-305,6762,1327,-4920
IMU1,17408,179777232,-3239,3376,515,7487,2654,-5022
IMU1,17409,179788298,-2991,4144,2202,8334,6308,-4454
IMU1,17410,179799588,-2677,4596,2842,9935,7840,-3920
IMU1,17411,179810874,-2606,4967,3803,10536,8723,-3345
IMU1,17412,179822356,-2514,5262,4472,11045,8642,-2814
IMU1,17413,179833837,-2249,5291,5235,11471,7460,-2468
IMU1,17414,179845318,-1836,4398,5651,11884,5681,-2423
IMU1,17415,179856785,-670,3525,5303,12524,2637,-3057
IMU1,17416,179868046,-378,2649,4761,12489,1551,-3531
IMU1,17417,179879309,-476,1631,4267,12035,569,-3887
IMU1,17418,179890369,-814,934,4390,11054,53,-3849
IMU1,17419,179901043,-699,87,5914,9621,196,-3264
IMU1,17420,179911504,-293,-795,5546,7916,95,-2386
IMU1,17421,179924644,-1632,704,1262,2702,-2830,-584
IMU1,17422,179935593,-1667,425,437,-309,-2781,728
IMU1,17423,179946155,-1373,145,603,-2700,-865,2037
IMU1,17424,179956911,-1122,-381,1345,-4194,1550,2850
IMU1,17425,179968074,-997,-799,2066,-4813,3019,3009
IMU1,17426,179979029,-974,-980,2586,-4700,3144,2671
IMU1,17427,179989993,-1206,-1193,2801,-4011,2261,1451
IMU1,17428,180001349,-1253,-1265,2460,-1648,-391,885
IMU1,17429,180012385,-1335,-1332,1834,-466,-1363,366
IMU1,17430,180023427,-1479,-1390,1395,400,-1841,-79
IMU1,17431,180034267,-1665,-1421,1071,910,-1906,-415
IMU1,17432,180045313,-1655,-1442,910,1119,-1687,-632
IMU1,17433,180056357,-1616,-1393,858,1082,-1261,-782
IMU1,17434,180067405,-1538,-1302,1053,487,-299,-1008
IMU1,17435,180078439,-1588,-1341,1322,89,-52,-1097
IMU1,17436,180089082,-1669,-1349,1536,-266,-54,-1142
IMU1,17437,180100020,-1743,-1279,1743,-558,-254,-1144
IMU1,17438,180111167,-1699,-1251,1973,-778,-566,-1106
# swing_peak_seq=17412
IMU1,17439,180122327,-1538,-1219,2091,-924,-911,-1069
IMU1,17440,180133470,-1394,-1132,2120,-1027,-1212,-1081
IMU1,17441,180145012,-1415,-1058,2110,-1243,-1539,-1201
IMU1,17442,180156555,-1415,-1037,2015,-1394,-1622,-1247
IMU1,17443,180168101,-1392,-970,1941,-1597,-1695,-1318
IMU1,17444,180179434,-1354,-932,1939,-1844,-1783,-1409
IMU1,17445,180190774,-1293,-909,1985,-2103,-1884,-1509
IMU1,17446,180202119,-1222,-849,1975,-2538,-2056,-1710
IMU1,17447,180213473,-1231,-806,1927,-2721,-2088,-1768
IMU1,17448,180224812,-1259,-766,1837,-2878,-2083,-1774
IMU1,17449,180236117,-1240,-739,1709,-3022,-2069,-1726
IMU1,17450,180247443,-1207,-704,1614,-3155,-2076,-1639
IMU1,17451,180258763,-1116,-666,1402,-3272,-2086,-1529
IMU1,17452,180270082,-1025,-620,1370,-3446,-2116,-1273
IMU1,17453,180281406,-1034,-639,1304,-3472,-2188,-1096
IMU1,17454,180292742,-1073,-676,1236,-3464,-2312,-872
IMU1,17455,180303883,-1104,-697,1168,-3426,-2490,-589
IMU1,17456,180315025,-1073,-694,1038,-3370,-2688,-276
IMU1,17457,180326159,-988,-689,703,-3325,-2860,29
IMU1,17458,180337121,-857,-634,554,-3312,-3038,545
IMU1,17459,180347772,-818,-612,516,-3342,-3072,759
IMU1,17460,180358422,-865,-618,487,-3348,-3131,951
IMU1,17461,180369061,-960,-650,555,-3328,-3233,1148
IMU1,17462,180379891,-1039,-669,590,-3271,-3365,1349
IMU1,17463,180390929,-1031,-659,505,-3200,-3513,1539
IMU1,17464,180401964,-1005,-599,369,-3152,-3656,1691
IMU1,17465,180413004,-1023,-554,305,-3136,-3793,1807
IMU1,17466,180424060,-1060,-501,311,-3106,-4082,1967
IMU1,17467,180435098,-1157,-520,340,-3049,-4229,2023
IMU1,17468,180446140,-1314,-516,333,-2994,-4352,2093
IMU1,17469,180457186,-1428,-408,198,-2966,-4448,2176
IMU1,17470,180468226,-1557,-363,12,-3002,-4498,2261
IMU1,17471,180479073,-1787,-345,-159,-3103,-4472,2372
IMU1,17472,180490239,-2011,-450,-290,-3221,-4185,2712
IMU1,17473,180501373,-2003,-412,-259,-3338,-3872,2874
IMU1,17474,180512504,-2108,-425,-167,-3288,-3397,2984
IMU1,17475,180523622,-2193,-409,-167,-3180,-2805,3059
IMU1,17476,180534759,-2275,-425,-147,-3026,-2239,3091
IMU1,17477,180545908,-2390,-464,26,-2821,-1867,3062
IMU1,17478,180556759,-2519,-466,127,-2536,-1763,2969
IMU1,17479,180568331,-2683,-268,128,-1827,-2062,2641
IMU1,17480,180579351,-2845,-237,7,-1509,-2140,2447
IMU1,17481,180589996,-2966,-197,-133,-1294,-2042,2295
IMU1,17482,180601127,-3068,-175,-176,-1194,-1791,2168
IMU1,17483,180612263,-3124,-185,-201,-1180,-1523,2045
IMU1,17484,180623394,-3085,-216,-230,-1218,-1346,1887
IMU1,17485,180634529,-2978,-292,-44,-1276,-1164,1443
IMU1,17486,180645454,-2975,-291,78,-1316,-1016,1173
IMU1,17487,180656286,-3002,-304,196,-1270,-825,926
IMU1,17488,180666925,-3032,-305,360,-1170,-639,715
IMU1,17489,180677577,-3054,-305,484,-1005,-549,527
IMU1,17490,180688218,-3032,-308,506,-789,-586,337
IMU1,17491,180698665,-2786,52,635,-569,-721,147
IMU1,17492,180708815,-2794,64,280,-219,-734,-305
IMU1,17493,180719061,-3057,-135,-79,110,-631,-835
IMU1,17494,180729409,-3052,224,-245,199,-592,-988
IMU1,17495,180739857,-2758,192,-266,138,-468,-922
IMU1,17496,180750806,-2752,110,-139,-58,71,-657
IMU1,17497,180760842,-2768,-42,58,-144,184,-514
IMU1,17498,180770873,-2727,-158,255,-186,150,-378
IMU1,17499,180781312,-2654,-246,443,-192,64,-247
IMU1,17500,180791546,-2609,-409,620,-155,-9,-122
IMU1,17501,180801688,-2499,-565,701,-102,-35,-5
IMU1,17502,180811608,-2397,-681,757,-49,-19,85
IMU1,17503,180821446,-2328,-820,780,0,8,149
IMU1,17504,180830797,-2263,-918,743,40,24,192
IMU1,17505,180840652,-2187,-964,700,63,43,216
IMU1,17506,180850489,-2108,-966,659,72,99,232
IMU1,17507,180860334,-2048,-921,607,85,186,247
IMU1,17508,180870378,-1983,-833,539,94,259,262
IMU1,17509,180880436,-1961,-751,493,105,297,275
IMU1,17510,180890665,-1964,-689,423,117,300,292
IMU1,17511,180900898,-1961,-623,338,134,277,311
IMU1,17512,180911140,-1987,-561,288,146,244,326
IMU1,17513,180921384,-2039,-493,241,150,208,342
IMU1,17514,180934179,-2179,-356,156,127,226,375
IMU1,17515,180944431,-2249,-234,108,93,279,400
IMU1,17516,180954467,-2362,-111,20,49,323,426
IMU1,17517,180964310,-2579,81,-43,1,326,471
IMU1,17518,180973751,-2762,252,-245,-50,243,544
IMU1,17519,180983894,-2952,523,-472,-109,26,624
IMU1,17520,180994050,-3106,874,-576,-179,-314,695
IMU1,17521,181004494,-3303,1263,-871,-161,-685,718
IMU1,17522,181015131,-3614,1739,-1342,-53,-1058,690
IMU1,17523,181025975,-3899,2223,-2215,158,-1440,616
IMU1,17524,181036931,-4046,2557,-2867,475,-1719,467
IMU1,17525,181047894,-4603,3155,-2108,1027,-1490,-25
IMU1,17526,181058942,-4961,3042,-1759,3200,1418,-161
IMU1,17527,181070076,-5090,3088,-1362,4517,2745,-145
IMU1,17528,181081237,-4776,3224,-863,5696,3191,-78
IMU1,17529,181092012,-4433,3224,-274,6601,3203,-89
IMU1,17530,181102749,-4167,3132,217,7247,3217,-175
IMU1,17531,181113607,-4032,3053,741,7708,3219,-303
IMU1,17532,181124468,-3899,2862,1752,8080,3148,-441
IMU1,17533,181135533,-3438,2844,2360,8824,3226,-743
IMU1,17534,181146595,-3139,2846,2751,9220,3517,-876
IMU1,17535,181157669,-3026,2875,3080,9602,3842,-969
IMU1,17536,181168735,-2901,2993,3128,9934,4165,-958
IMU1,17537,181179807,-2540,3246,3229,10119,4588,-851
IMU1,17538,181191079,-2146,3353,3246,10138,5078,-733
IMU1,17539,181202363,-1708,3086,3656,9879,4532,-772
IMU1,17540,181213443,-1500,2633,3774,9762,3386,-979
IMU1,17541,181224503,-1297,2214,3455,9610,2101,-1278
IMU1,17542,181235762,-1112,1826,2936,9297,792,-1652
IMU1,17543,181246834,-1034,1522,2472,8744,-294,-2047
IMU1,17544,181258004,-1120,1298,2143,7960,-846,-2343
IMU1,17545,181269152,-1367,894,2047,7022,-748,-2187
IMU1,17546,181280103,-1321,545,2369,4967,770,-1745
IMU1,17547,181290949,-1186,172,2852,4036,1271,-1258
IMU1,17548,181302003,-1106,-199,3248,3222,1191,-833
IMU1,17549,181312943,-1284,-509,3350,2520,683,-487
IMU1,17550,181323681,-1315,-584,2742,1844,10,-170
IMU1,17551,181334223,-1445,-662,2255,1110,-554,111
IMU1,17552,181344981,-1396,-688,1752,353,-830,370
IMU1,17553,181355533,-1210,-787,1307,-341,-721,573
IMU1,17554,181366180,-1304,-874,1293,-1263,15,703
IMU1,17555,181376730,-1410,-978,1337,-1392,197,671
IMU1,17556,181387468,-1429,-1033,1410,-1305,192,623
IMU1,17557,181398423,-1423,-1098,1509,-1064,66,548
IMU1,17558,181409177,-1334,-1096,1504,-724,-137,426
IMU1,17559,181420027,-1318,-1111,1483,-365,-371,242
IMU1,17560,181430872,-1359,-1148,1364,-54,-579,22
IMU1,17561,181441326,-1497,-1170,1117,154,-763,-194
IMU1,17562,181452175,-1694,-1129,827,118,-886,-416
IMU1,17563,181462816,-1597,-1066,913,-58,-762,-441
IMU1,17564,181473363,-1546,-1078,997,-257,-588,-468
# swing_peak_seq=17538
IMU1,17565,181484101,-1546,-1069,1096,-452,-477,-509
IMU1,17566,181495045,-1553,-1043,1190,-622,-478,-547
IMU1,17567,181505997,-1573,-1028,1297,-776,-533,-575
IMU1,17568,181516942,-1616,-990,1395,-910,-613,-590
IMU1,17569,181527689,-1639,-984,1435,-1038,-748,-599
IMU1,17570,181538638,-1640,-922,1484,-1349,-1171,-660
IMU1,17571,181549771,-1642,-893,1443,-1542,-1397,-705
IMU1,17572,181560912,-1611,-895,1383,-1778,-1617,-749
IMU1,17573,181572043,-1570,-888,1350,-2048,-1772,-805
IMU1,17574,181583178,-1563,-836,1317,-2340,-1809,-861
IMU1,17575,181594335,-1602,-841,1284,-2650,-1757,-900
IMU1,17576,181605472,-1642,-858,1219,-2955,-1704,-914
IMU1,17577,181616621,-1578,-853,1192,-3502,-1677,-873
IMU1,17578,181627787,-1527,-881,1222,-3734,-1624,-844
IMU1,17579,181638932,-1518,-907,1237,-3923,-1567,-807
IMU1,17580,181650084,-1463,-912,1250,-4061,-1573,-769
IMU1,17581,181661237,-1390,-954,1268,-4156,-1662,-738
IMU1,17582,181672393,-1325,-942,1294,-4212,-1828,-714
IMU1,17583,181683542,-1396,-864,1272,-4212,-2382,-670
IMU1,17584,181694695,-1469,-833,1227,-4179,-2716,-605
IMU1,17585,181705857,-1490,-835,1186,-4150,-3046,-503
IMU1,17586,181717016,-1507,-822,1170,-4108,-3353,-401
IMU1,17587,181728172,-1486,-819,1063,-4056,-3628,-302
IMU1,17588,181739315,-1426,-839,900,-3999,-3848,-214
IMU1,17589,181750283,-1398,-890,604,-3870,-3903,-40
IMU1,17590,181761046,-1396,-883,516,-3804,-3676,62
IMU1,17591,181771691,-1421,-856,518,-3723,-3341,166
IMU1,17592,181782538,-1476,-828,652,-3613,-2964,265
IMU1,17593,181793379,-1556,-762,829,-3440,-2669,366
IMU1,17594,181804225,-1662,-633,894,-3231,-2563,467
IMU1,17595,181815068,-1799,-509,780,-3019,-2702,576
IMU1,17596,181825933,-1860,-441,550,-2853,-3082,710
IMU1,17597,181836792,-1874,-383,54,-2766,-4164,1028
IMU1,17598,181847660,-1728,-601,-135,-2829,-4529,1154
IMU1,17599,181858817,-1827,-513,-135,-2958,-4425,1319
IMU1,17600,181869977,-1833,-231,-84,-3118,-3908,1514
IMU1,17601,181880924,-1841,-358,-53,-3268,-3303,1665
IMU1,17602,181891845,-2020,-379,4,-3391,-2767,1774
IMU1,17603,181902470,-2093,-265,22,-3474,-2393,1866
IMU1,17604,181913314,-2119,-242,35,-3524,-2185,1910
IMU1,17605,181924167,-2163,-459,68,-3543,-2003,1843
IMU1,17606,181937543,-2065,-681,-195,-3471,-1968,1748
IMU1,17607,181948680,-2073,-782,316,-3291,-1945,1584
IMU1,17608,181959730,-2326,-348,581,-2866,-1877,1420
IMU1,17609,181970775,-2347,-395,332,-2290,-1807,1261
IMU1,17610,181981821,-2660,-286,263,-1191,-2075,945
IMU1,17611,181992671,-2688,-226,134,-824,-2344,840
IMU1,17612,182003308,-2719,-223,16,-655,-2487,758
IMU1,17613,182013746,-2700,-174,-107,-675,-2389,707
IMU1,17614,182024494,-2709,-126,-148,-846,-2057,675
IMU1,17615,182035220,-2761,-186,-142,-1084,-1631,636
IMU1,17616,182046143,-2780,-281,-29,-1292,-1280,588
IMU1,17617,182056869,-2754,-331,128,-1404,-1070,534
IMU1,17618,182067711,-2707,-445,339,-1270,-861,380
IMU1,17619,182078348,-2672,-455,363,-1098,-782,316
IMU1,17620,182089002,-2662,-514,375,-889,-720,254
IMU1,17621,182099429,-2659,-533,406,-698,-689,193
IMU1,17622,182109858,-2598,-517,459,-530,-693,151
IMU1,17623,182120300,-2573,-528,488,-392,-675,101
IMU1,17624,182130731,-2560,-498,378,-314,-634,69
IMU1,17625,182140979,-2582,-157,386,-327,-576,63
IMU1,17626,182151218,-2409,-327,269,-415,-473,56
IMU1,17627,182161452,-2347,-778,106,-571,-383,38
IMU1,17628,182171702,-2273,-510,273,-727,-268,47
IMU1,17629,182181946,-2190,-594,451,-796,-157,75
IMU1,17630,182192211,-2052,-785,539,-762,-54,58
IMU1,17631,182202776,-2051,-758,615,-407,-64,17
IMU1,17632,182212823,-2028,-756,585,-182,-252,-29
IMU1,17633,182223152,-1990,-752,554,1,-489,-82
IMU1,17634,182233008,-1980,-679,475,103,-619,-114
IMU1,17635,182243454,-1964,-661,429,120,-604,-117
IMU1,17636,182253889,-1989,-674,438,73,-504,-102
IMU1,17637,182264134,-2025,-661,522,13,-413,-68
IMU1,17638,182274177,-2040,-670,522,-20,-382,-11
IMU1,17639,182284294,-2034,-680,565,-42,-379,76
IMU1,17640,182294326,-2055,-593,661,-56,-331,179
IMU1,17641,182304560,-2133,-482,716,-42,-243,274
IMU1,17642,182314788,-2310,-342,610,0,-172,390
IMU1,17643,182324642,-2454,-152,526,44,-179,527
IMU1,17644,182334773,-2653,158,320,108,-224,649
IMU1,17645,182345010,-2866,401,160,167,-206,773
IMU1,17646,182355247,-3097,694,-185,241,-79,904
IMU1,17647,182366424,-3492,1320,-190,690,401,1107
IMU1,17648,182377072,-3736,1667,-312,1157,717,1216
IMU1,17649,182387933,-4026,2118,-582,1759,940,1291
IMU1,17650,182398791,-4204,2520,-934,2402,1049,1318
IMU1,17651,182409857,-4274,2840,-1055,3048,1127,1247
IMU1,17652,182421102,-4296,3128,-973,3721,1280,1085
IMU1,17653,182432157,-4389,3396,-553,4452,1492,865
IMU1,17654,182443539,-4487,3396,-348,6035,1865,438
IMU1,17655,182454389,-4157,3124,-74,6788,2218,256
IMU1,17656,182465065,-4114,3049,368,7453,2896,79
IMU1,17657,182475629,-3664,3160,860,8050,3798,-58
IMU1,17658,182486306,-3308,2905,1623,8603,4646,-257
IMU1,17659,182497360,-3108,2668,2480,9186,5272,-450
IMU1,17660,182508422,-2938,2591,3183,9806,5449,-605
IMU1,17661,182519494,-2739,2404,3717,10416,4181,-862
IMU1,17662,182530749,-2679,2593,3586,11361,3131,-1068
IMU1,17663,182542203,-2674,2701,3552,11580,2323,-1301
IMU1,17664,182553660,-2414,2831,3266,11600,1994,-1499
IMU1,17665,182565108,-2131,2799,3017,11411,2155,-1658
IMU1,17666,182576581,-1850,2687,2682,11019,2742,-1773
IMU1,17667,182588039,-1287,2452,2820,9840,3814,-1823
IMU1,17668,182599301,-1038,1927,3148,9202,3428,-1871
IMU1,17669,182610576,-830,1549,3327,8575,2345,-2026
IMU1,17670,182621634,-960,1078,3309,7889,992,-2212
IMU1,17671,182632500,-1336,761,2895,7059,-203,-2241
IMU1,17672,182643447,-1757,632,2289,6046,-1093,-1979
IMU1,17673,182654606,-1686,271,1839,3807,-1249,-664
IMU1,17674,182665566,-1557,67,1956,2789,-183,140
IMU1,17675,182676031,-1540,-245,2172,1914,991,831
IMU1,17676,182686701,-1651,-570,2323,1162,1595,1319
IMU1,17677,182697764,-1665,-798,2292,539,1469,1553
IMU1,17678,182708619,-1684,-907,2170,28,835,1532
IMU1,17679,182719072,-1645,-963,1923,-363,82,1318
IMU1,17680,182729618,-1622,-935,1653,-632,-458,1005
IMU1,17681,182740448,-1560,-940,1383,-779,-661,359
IMU1,17682,182751097,-1628,-955,1395,-698,-348,80
IMU1,17683,182761543,-1740,-1031,1341,-505,-126,-131
IMU1,17684,182772481,-1731,-1010,1231,-287,-90,-249
IMU1,17685,182783210,-1692,-1018,1185,-104,-188,-330
IMU1,17686,182794148,-1641,-1012,1069,6,-323,-388
IMU1,17687,182804583,-1614,-990,1027,25,-477,-439
IMU1,17688,182815008,-1645,-1013,1042,-23,-610,-489
IMU1,17689,182825732,-1726,-976,962,-113,-689,-508
# swing_peak_seq=17663
IMU1,17690,182836258,-1824,-929,925,-268,-679,-479
IMU1,17691,182847319,-1722,-900,987,-727,-377,-318
IMU1,17692,182857864,-1721,-885,1095,-966,-234,-262
IMU1,17693,182868592,-1747,-890,1183,-1166,-201,-236
IMU1,17694,182879527,-1738,-895,1238,-1332,-263,-221
IMU1,17695,182890471,-1758,-883,1274,-1491,-374,-213
IMU1,17696,182901406,-1775,-897,1298,-1655,-526,-214
IMU1,17697,182912335,-1772,-883,1308,-1841,-713,-230
IMU1,17698,182923258,-1839,-839,1236,-2062,-910,-295
IMU1,17699,182934206,-1919,-798,1219,-2630,-1206,-309
IMU1,17700,182947817,-1973,-789,1204,-2946,-1261,-293
IMU1,17701,182958975,-1946,-746,1154,-3262,-1228,-257
IMU1,17702,182970124,-1927,-716,1124,-3588,-1110,-220
IMU1,17703,182981273,-1846,-633,1133,-4182,-763,-191
IMU1,17704,182992225,-1819,-610,1184,-4438,-649,-202
IMU1,17705,183003171,-1778,-589,1227,-4643,-672,-221
IMU1,17706,183014129,-1752,-554,1252,-4792,-813,-258
IMU1,17707,183025098,-1745,-497,1273,-4895,-1009,-282
IMU1,17708,183036249,-1659,-447,1262,-4965,-1243,-267
IMU1,17709,183047400,-1622,-402,1253,-5003,-1500,-238
IMU1,17710,183058541,-1665,-364,1229,-4974,-2015,-126
IMU1,17711,183069682,-1518,-314,1113,-4908,-2241,-68
IMU1,17712,183080641,-1391,-227,927,-4829,-2359,-35
IMU1,17713,183091393,-1402,-227,787,-4765,-2289,12
IMU1,17714,183102038,-1438,-245,651,-4712,-2057,91
IMU1,17715,183112698,-1491,-227,627,-4663,-1756,197
IMU1,17716,183123555,-1503,-204,633,-4600,-1449,309
IMU1,17717,183134412,-1421,-103,627,-4519,-1164,410
IMU1,17718,183145267,-1577,-50,660,-4308,-805,559
IMU1,17719,183155729,-1568,29,640,-4184,-834,645
IMU1,17720,183166082,-1600,125,553,-4064,-984,721
IMU1,17721,183176636,-1695,191,489,-3967,-1212,806
IMU1,17722,183187384,-1749,220,377,-3874,-1451,904
IMU1,17723,183198140,-1774,287,259,-3826,-1652,1016
IMU1,17724,183209099,-1836,388,107,-3821,-1782,1126
IMU1,17725,183220051,-1956,492,-55,-3854,-1831,1228
IMU1,17726,183230895,-2128,672,-310,-3923,-1829,1384
IMU1,17727,183241954,-2223,689,-356,-4134,-1790,1413
IMU1,17728,183253016,-2289,665,-335,-4200,-1743,1416
IMU1,17729,183264070,-2333,705,-276,-4217,-1716,1399
IMU1,17730,183275125,-2380,763,-234,-4153,-1702,1327
IMU1,17731,183286200,-2401,837,-290,-4029,-1706,1213
IMU1,17732,183297254,-2486,800,-352,-3860,-1726,1057
IMU1,17733,183308290,-2505,787,-461,-3469,-1663,608
IMU1,17734,183319151,-2738,765,-428,-3235,-1546,383
IMU1,17735,183330010,-2815,749,-375,-2942,-1433,217
IMU1,17736,183340867,-2855,799,-321,-2597,-1384,77
IMU1,17737,183351516,-2842,784,-435,-2225,-1422,-40
IMU1,17738,183362281,-2853,746,-543,-1878,-1499,-150
IMU1,17739,183373231,-2839,703,-634,-1581,-1555,-235
IMU1,17740,183384194,-2840,641,-756,-1334,-1540,-289
IMU1,17741,183395663,-2710,488,-793,-1008,-1246,-317
IMU1,17742,183406626,-2621,452,-793,-922,-1004,-329
IMU1,17743,183417376,-2519,428,-683,-852,-735,-362
IMU1,17744,183427939,-2439,392,-484,-796,-457,-420
IMU1,17745,183438491,-2392,305,-321,-715,-204,-504
IMU1,17746,183449050,-2398,214,-94,-601,-51,-598
IMU1,17747,183459217,-2416,132,57,-456,-30,-679
IMU1,17748,183469270,-2383,25,110,-291,-133,-738
IMU1,17749,183479535,-2359,-3,160,-136,-319,-775
IMU1,17750,183489706,-2365,-43,210,-11,-490,-796
IMU1,17751,183499864,-2371,-238,234,82,-567,-779
IMU1,17752,183510665,-2344,-236,221,131,-404,-635
IMU1,17753,183521109,-2358,-350,297,86,-228,-523
IMU1,17754,183531352,-2311,-346,372,27,-63,-388
IMU1,17755,183541401,-2248,-356,398,-43,60,-274
IMU1,17756,183551446,-2240,-393,431,-122,96,-192
IMU1,17757,183561692,-2237,-408,422,-201,37,-123
IMU1,17758,183571920,-2200,-393,407,-272,-62,-53
IMU1,17759,183582058,-2173,-418,425,-332,-128,13
IMU1,17760,183592300,-2154,-425,369,-375,-135,70
IMU1,17761,183602542,-2105,-421,332,-404,-77,122
IMU1,17762,183612776,-2069,-399,358,-419,26,153
IMU1,17763,183622925,-2056,-374,364,-407,125,165
IMU1,17764,183633252,-2039,-361,352,-380,170,158
IMU1,17765,183643594,-2052,-339,385,-331,140,133
IMU1,17766,183653937,-2085,-281,371,-258,34,104
IMU1,17767,183664600,-2117,-295,339,-110,-204,71
IMU1,17768,183674844,-2113,-278,278,-53,-257,74
IMU1,17769,183684893,-2115,-267,249,-34,-241,60
IMU1,17770,183694915,-2101,-276,176,-44,-177,44
IMU1,17771,183704944,-2106,-268,181,-76,-96,28
IMU1,17772,183714787,-2112,-250,182,-101,-32,8
IMU1,17773,183724620,-2115,-262,193,-117,-4,1
IMU1,17774,183734264,-2129,-262,203,-108,-7,7
IMU1,17775,183743900,-2158,-244,235,-61,-23,26
IMU1,17776,183753754,-2152,-248,220,4,-43,54
IMU1,17777,183763301,-2156,-244,177,72,-58,74
IMU1,17778,183773041,-2140,-223,158,107,-46,85
IMU1,17779,183782979,-2137,-211,140,104,15,80
IMU1,17780,183792822,-2099,-204,90,82,94,56
IMU1,17781,183802263,-2109,-122,110,46,175,15
IMU1,17782,183812106,-2137,-80,113,29,244,-27
IMU1,17783,183821838,-2170,-52,40,39,260,-56
IMU1,17784,183831385,-2221,24,24,67,231,-71
IMU1,17785,183840835,-2291,137,7,130,208,-76
IMU1,17786,183850472,-2394,269,-134,219,187,-70
IMU1,17787,183860615,-2562,442,-260,326,151,-53
IMU1,17788,183870744,-2643,624,-539,445,148,-23
IMU1,17789,183880887,-2687,841,-825,552,224,-1
IMU1,17790,183890827,-2750,1124,-1032,646,418,-2
IMU1,17791,183901174,-2875,1397,-1252,757,721,-23
IMU1,17792,183911741,-3040,1673,-1382,909,1069,-52
IMU1,17793,183922488,-3242,1916,-1499,1124,1409,-90
IMU1,17794,183933435,-3671,2624,-2206,1799,1855,-170
IMU1,17795,183944602,-3844,3095,-2716,2215,2029,-221
IMU1,17796,183958221,-3990,3628,-3149,2698,2341,-288
IMU1,17797,183969403,-4180,4046,-3027,3289,2959,-319
IMU1,17798,183980564,-4392,4153,-1851,4057,3899,-256
IMU1,17799,183991741,-4702,3927,-1026,5972,5479,294
IMU1,17800,184002836,-4730,3712,-239,6947,5483,680
IMU1,17801,184013698,-4640,3383,942,7868,5088,1055
IMU1,17802,184024661,-4513,3158,1711,8769,4604,1366
IMU1,17803,184035835,-4354,3141,2438,9602,4129,1575
IMU1,17804,184047020,-4298,2992,3536,10401,3761,1671
IMU1,17805,184058390,-3708,2936,4821,12122,3076,1683
IMU1,17806,184069770,-3192,3089,4842,12920,2509,1446
IMU1,17807,184081136,-2463,3384,4671,13519,1895,922
IMU1,17808,184092308,-1643,3499,4353,13813,1528,86
IMU1,17809,184103273,-1222,3160,4024,13744,1474,-970
IMU1,17810,184114543,-1427,2576,4058,13419,1274,-2028
IMU1,17811,184126020,-1568,1469,3049,12111,105,-3453
IMU1,17812,184137287,-1734,1111,2321,10774,2,-3631
IMU1,17813,184148156,-1778,889,2478,9017,172,-3344
IMU1,17814,184159024,-1531,463,3587,7154,565,-2671
IMU1,17815,184169901,-1318,-136,4889,5489,1130,-1773
IMU1,17816,184181044,-1341,-495,4750,4078,1247,-846
IMU1,17817,184191999,-1545,-369,1629,2632,514,-30
IMU1,17818,184203088,-1683,-463,895,-928,-627,1358
IMU1,17819,184213733,-1692,-804,889,-2553,168,1892
IMU1,17820,184224487,-1498,-1134,1044,-3721,1153,2191
IMU1,17821,184235838,-1352,-1338,1522,-4345,1596,2167
IMU1,17822,184247211,-1179,-1405,1818,-4435,1484,1865
IMU1,17823,184258567,-1195,-1417,2101,-4066,1140,1402
IMU1,17824,184269913,-1424,-1314,1971,-2452,446,364
IMU1,17825,184280868,-1851,-1416,1793,-1483,85,-40
IMU1,17826,184291511,-1809,-1426,1618,-544,-360,-277
IMU1,17827,184302459,-1700,-1405,1547,277,-794,-481
IMU1,17828,184313314,-1489,-1361,1449,938,-1146,-702
IMU1,17829,184324379,-1385,-1326,1296,1383,-1371,-967
IMU1,17830,184335581,-1385,-1300,1169,1587,-1469,-1225
IMU1,17831,184347007,-1406,-1197,1033,1370,-1407,-1561
IMU1,17832,184358434,-1454,-1141,1085,1021,-1243,-1611
IMU1,17833,184369849,-1473,-1091,1172,588,-984,-1569
IMU1,17834,184380887,-1507,-1004,1260,108,-720,-1457
# swing_peak_seq=17808
IMU1,17835,184391911,-1527,-981,1413,-379,-553,-1297
IMU1,17836,184402844,-1505,-1010,1574,-823,-515,-1110
IMU1,17837,184413973,-1526,-1062,1807,-1195,-720,-733
IMU1,17838,184425109,-1555,-1076,1849,-1757,-894,-551
IMU1,17839,184436242,-1625,-1102,1889,-1968,-1087,-384
IMU1,17840,184447562,-1687,-1115,1877,-2171,-1298,-227
IMU1,17841,184458892,-1735,-1046,1798,-2385,-1535,-112
IMU1,17842,184470218,-1771,-964,1702,-2640,-1777,-43
IMU1,17843,184481141,-1726,-831,1549,-2939,-1987,5
IMU1,17844,184491776,-1785,-757,1463,-3603,-2290,4
IMU1,17845,184502409,-1755,-714,1382,-3929,-2365,11
IMU1,17846,184513241,-1761,-706,1351,-4237,-2393,18
IMU1,17847,184524083,-1783,-674,1304,-4511,-2399,25
IMU1,17848,184534924,-1753,-689,1317,-4755,-2428,33
IMU1,17849,184545768,-1630,-830,1342,-4968,-2511,15
IMU1,17850,184556594,-1601,-810,1470,-5169,-2616,-31
IMU1,17851,184567521,-1458,-599,1515,-5365,-2788,-122
IMU1,17852,184578658,-1583,-390,1534,-5813,-3667,-504
IMU1,17853,184589795,-1730,-276,1464,-6024,-4352,-696
IMU1,17854,184600934,-1822,-266,1175,-6181,-5051,-769
IMU1,17855,184612090,-1816,-261,757,-6306,-5531,-689
IMU1,17856,184623037,-1783,-347,356,-6407,-5606,-491
IMU1,17857,184633971,-1551,-739,-195,-6467,-5239,-235
IMU1,17858,184645007,-734,-1301,909,-6169,-3170,26
IMU1,17859,184655657,-926,-896,1044,-5572,-1522,14
IMU1,17860,184666298,-1343,-747,1083,-4840,-253,-8
IMU1,17861,184676826,-1661,-560,1032,-4060,167,-1
IMU1,17862,184687255,-1717,-440,839,-3342,-377,4
IMU1,17863,184697500,-2063,-335,694,-2730,-1682,-1
IMU1,17864,184708040,-2044,-77,271,-2237,-3405,30
IMU1,17865,184718482,-1977,44,90,-1914,-4996,71
IMU1,17866,184728640,-2129,302,125,-1713,-5980,140
IMU1,17867,184739395,-2027,-172,-364,-1612,-6200,282
IMU1,17868,184750321,-2274,190,-451,-1647,-5815,746
IMU1,17869,184761163,-2396,188,-551,-1849,-3929,1038
IMU1,17870,184772215,-2479,109,-598,-1965,-3089,1322
IMU1,17871,184783259,-2519,132,-579,-2084,-2622,1569
IMU1,17872,184794310,-2481,145,-516,-2177,-2454,1783
IMU1,17873,184805364,-2404,135,-482,-2233,-2424,1950
IMU1,17874,184816408,-2370,139,-446,-2244,-2434,2061
IMU1,17875,184827442,-2633,33,-247,-2192,-2414,2181
IMU1,17876,184838284,-2515,125,-340,-1869,-2349,2205
IMU1,17877,184849324,-2392,90,-340,-1676,-2232,2148
IMU1,17878,184860167,-2379,74,-260,-1478,-2035,2011
IMU1,17879,184870999,-2390,-4,-172,-1281,-1786,1839
IMU1,17880,184881733,-2386,-94,-158,-1080,-1598,1660
IMU1,17881,184892674,-2426,-160,-5,-886,-1548,1464
IMU1,17882,184903207,-2489,-202,109,-696,-1617,1269
IMU1,17883,184914031,-2417,-496,246,-526,-1671,829
IMU1,17884,184924657,-2356,-630,340,-332,-1543,580
IMU1,17885,184935309,-2371,-718,367,-287,-1272,311
IMU1,17886,184945958,-2443,-778,346,-277,-993,87
IMU1,17887,184958654,-2429,-831,413,-297,-817,-69
IMU1,17888,184968995,-2573,-759,451,-288,-595,-182
IMU1,17889,184979518,-2527,-827,394,-244,-430,-249
IMU1,17890,184990046,-2646,-805,380,-182,-363,-300
IMU1,17891,185000570,-2897,-682,95,-107,-220,-284
IMU1,17892,185010891,-3155,-576,-108,-52,-88,-232
IMU1,17893,185021132,-3055,-540,-177,-126,63,-129
IMU1,17894,185031467,-3010,-513,-102,-210,144,-111
IMU1,17895,185042010,-2843,-485,-10,-256,110,-140
IMU1,17896,185052328,-2785,-456,67,-248,-17,-198
IMU1,17897,185062458,-2589,-411,113,-228,-159,-169
IMU1,17898,185072970,-2361,-383,216,-239,-214,-94
IMU1,17899,185083307,-2191,-418,288,-258,-153,-10
IMU1,17900,185093646,-2138,-428,385,-279,-49,69
IMU1,17901,185103687,-1990,-475,410,-293,70,135
IMU1,17902,185113840,-1961,-495,547,-309,202,167
IMU1,17903,185124181,-1871,-529,610,-292,285,181
IMU1,17904,185134530,-1838,-561,663,-248,255,170
IMU1,17905,185145922,-1796,-610,632,-136,74,115
IMU1,17906,185156066,-1787,-636,573,-83,31,84
IMU1,17907,185165808,-1808,-662,547,-45,16,59
IMU1,17908,185175542,-1836,-688,547,-14,23,42
IMU1,17909,185185290,-1902,-735,587,15,35,38
IMU1,17910,185194940,-1916,-777,556,34,65,42
IMU1,17911,185204610,-1917,-792,552,48,97,49
IMU1,17912,185214274,-1944,-793,544,63,106,53
IMU1,17913,185224141,-1943,-764,483,85,83,60
IMU1,17914,185233781,-1941,-757,413,104,36,69
IMU1,17915,185243634,-1948,-732,337,124,-10,79
IMU1,17916,185253577,-1937,-728,279,130,-31,94
IMU1,17917,185263530,-1960,-715,239,129,-22,106
IMU1,17918,185273679,-1998,-721,228,119,13,113
IMU1,17919,185283731,-1991,-716,224,100,60,125
IMU1,17920,185293782,-1983,-709,203,73,99,123
IMU1,17921,185303618,-1969,-663,228,46,149,114
IMU1,17922,185313650,-1979,-625,248,30,195,109
IMU1,17923,185323684,-2048,-571,269,17,221,112
IMU1,17924,185333717,-2134,-466,247,4,242,136
IMU1,17925,185343570,-2249,-382,200,-6,258,180
IMU1,17926,185353522,-2503,-158,143,-22,279,247
IMU1,17927,185363659,-2842,121,-128,-52,324,351
IMU1,17928,185373784,-3204,573,-478,-101,323,467
IMU1,17929,185384114,-3521,1080,-644,-119,315,573
IMU1,17930,185394654,-4093,2591,-1822,-34,443,706
IMU1,17931,185405200,-4442,3676,-2467,454,918,677
IMU1,17932,185415867,-4735,4554,-2816,1002,1288,560
IMU1,17933,185426919,-5121,5006,-2611,1924,2091,457
IMU1,17934,185437968,-5385,5077,-2202,3264,3356,525
IMU1,17935,185449045,-5435,4939,-1563,4856,4654,823
IMU1,17936,185460108,-5200,4797,-1036,6429,5349,1237
IMU1,17937,185471372,-4642,4164,106,7763,5219,1567
IMU1,17938,185482334,-4634,3953,725,9589,4451,1900
IMU1,17939,185493322,-4839,3765,1529,10232,4219,2122
IMU1,17940,185504698,-4876,3364,2385,10823,3949,2470
IMU1,17941,185516070,-4732,3250,3190,11414,3665,2825
IMU1,17942,185527462,-4225,3719,3710,11963,3529,3050
IMU1,17943,185538851,-3043,3896,3808,12372,3413,2997
IMU1,17944,185550235,-2533,4064,3635,12518,2649,1827
IMU1,17945,185561605,-1978,4101,3665,12264,1994,790
IMU1,17946,185572767,-1794,3765,3762,11879,1238,-437
IMU1,17947,185584041,-1721,3539,3778,11446,497,-1621
IMU1,17948,185595294,-1636,3334,3647,10948,33,-2604
IMU1,17949,185606351,-1027,2429,3961,10357,-92,-3759
IMU1,17950,185617500,-647,1992,4262,9203,-18,-4031
IMU1,17951,185628243,-612,1471,4555,8624,115,-4117
IMU1,17952,185639101,-833,780,4777,7937,296,-3876
IMU1,17953,185649767,-1095,-361,4606,7010,285,-3228
IMU1,17954,185660711,-1399,293,4255,5774,-45,-2235
IMU1,17955,185671465,-1355,262,3216,4199,-564,-1125
IMU1,17956,185682404,-953,103,2164,2274,-1181,-102
IMU1,17957,185693135,-1214,-388,1365,-1385,-691,1513
IMU1,17958,185704167,-1179,-682,1536,-2564,162,2075
IMU1,17959,185715095,-1247,-957,1707,-3180,729,2286
IMU1,17960,185726059,-1216,-1181,1816,-3280,816,2198
IMU1,17961,185737209,-997,-1291,1974,-2963,532,1906
IMU1,17962,185748152,-1119,-1331,1906,-2324,97,1423
IMU1,17963,185759111,-1352,-1379,1715,-1513,-356,905
IMU1,17964,185770159,-1670,-1436,1228,35,-906,93
IMU1,17965,185780504,-1686,-1337,931,588,-1039,-201
IMU1,17966,185791330,-1716,-1318,802,926,-1114,-462
IMU1,17967,185802183,-1649,-1305,780,1069,-1099,-660
IMU1,17968,185813211,-1630,-1230,773,1046,-972,-783
IMU1,17969,185824049,-1643,-1146,781,889,-771,-834
# swing_peak_seq=17943
IMU1,17970,185834676,-1631,-1080,881,639,-591,-814
IMU1,17971,185845323,-1591,-989,1003,347,-475,-744
IMU1,17972,185855970,-1570,-925,1267,47,-411,-648
IMU1,17973,185866954,-1628,-922,1364,-479,-404,-395
IMU1,17974,185877678,-1645,-909,1413,-702,-495,-262
IMU1,17975,185888406,-1664,-915,1480,-898,-617,-163
IMU1,17976,185899125,-1664,-938,1565,-1083,-744,-98
IMU1,17977,185909867,-1671,-962,1620,-1262,-893,-73
IMU1,17978,185920597,-1683,-978,1632,-1450,-1099,-94
IMU1,17979,185931514,-1736,-966,1625,-1666,-1351,-151
IMU1,17980,185942651,-1938,-887,1412,-1918,-1596,-223
IMU1,17981,185953798,-1999,-893,1358,-2551,-1947,-319
IMU1,17982,185967510,-1976,-926,1407,-2883,-2014,-339
IMU1,17983,185978642,-1906,-949,1490,-3183,-2013,-377
IMU1,17984,185989794,-1829,-938,1567,-3445,-1992,-474
IMU1,17985,186000935,-1833,-879,1811,-3866,-2208,-836
IMU1,17986,186012068,-1788,-832,1754,-4005,-2512,-1031
IMU1,17987,186023404,-1752,-742,1669,-4126,-2850,-1208
IMU1,17988,186034740,-1736,-553,1544,-4253,-3105,-1339
IMU1,17989,186046099,-1567,-855,1395,-4383,-3233,-1422
IMU1,17990,186057441,-1583,-912,1423,-4512,-3232,-1428
IMU1,17991,186068794,-1595,-699,1179,-4621,-2951,-1214
IMU1,17992,186080157,-1534,-702,1030,-4613,-2807,-1048
IMU1,17993,186091498,-1389,-812,913,-4563,-2690,-859
IMU1,17994,186102448,-1237,-942,860,-4467,-2547,-680
IMU1,17995,186113400,-1175,-1036,916,-4336,-2367,-525
IMU1,17996,186124551,-1096,-1159,781,-4163,-2180,-395
IMU1,17997,186135694,-1218,-1029,1076,-3712,-2154,-167
IMU1,17998,186147032,-1281,-872,988,-3392,-2320,-3
IMU1,17999,186157573,-1281,-761,673,-3102,-2606,176
IMU1,18000,186168418,-1434,-681,579,-2890,-2959,357
IMU1,18001,186179246,-1514,-646,410,-2735,-3274,554
IMU1,18002,186190074,-1548,-576,210,-2641,-3493,757
IMU1,18003,186200921,-1659,-513,45,-2621,-3588,960
IMU1,18004,186211559,-1745,-448,-282,-2669,-3558,1166
IMU1,18005,186222694,-1850,-408,-320,-2900,-3249,1557
IMU1,18006,186233825,-1890,-439,-227,-3022,-3073,1723
IMU1,18007,186244974,-1920,-436,-103,-3066,-2946,1834
IMU1,18008,186256103,-1933,-410,-104,-3038,-2886,1893
IMU1,18009,186267225,-1942,-357,-190,-2994,-2853,1912
IMU1,18010,186278356,-1946,-228,-298,-2953,-2809,1899
IMU1,18011,186289503,-2117,-160,-506,-2892,-2701,1841
IMU1,18012,186300632,-2353,-261,-435,-2847,-2719,1852
IMU1,18013,186311785,-2405,-158,-445,-2734,-2779,1901
IMU1,18014,186322926,-2382,-136,-469,-2565,-2817,1957
IMU1,18015,186334061,-2332,-168,-441,-2357,-2730,1966
IMU1,18016,186345206,-2326,-133,-382,-2110,-2517,1928
IMU1,18017,186356349,-2437,-199,-329,-1841,-2215,1750
IMU1,18018,186367496,-2471,-208,-329,-1359,-1680,1633
IMU1,18019,186378641,-2490,-253,-303,-1193,-1541,1493
IMU1,18020,186389772,-2556,-311,-170,-1062,-1504,1335
IMU1,18021,186400905,-2596,-333,-179,-937,-1546,1179
IMU1,18022,186411826,-2646,-373,-204,-841,-1584,1033
IMU1,18023,186422751,-2717,-411,-214,-783,-1546,928
IMU1,18024,186433487,-2805,-465,-251,-749,-1163,852
IMU1,18025,186444212,-2797,-504,-214,-738,-862,863
IMU1,18026,186454749,-2769,-546,-176,-740,-565,865
IMU1,18027,186465277,-2725,-617,-111,-731,-348,841
IMU1,18028,186475810,-2661,-656,-89,-712,-262,782
IMU1,18029,186486141,-2500,-650,-32,-678,-252,678
IMU1,18030,186496470,-2500,-729,-126,-624,-233,518
IMU1,18031,186506998,-2473,-674,-170,-592,-194,365
IMU1,18032,186517533,-2397,-619,-109,-579,-132,229
IMU1,18033,186528080,-2371,-616,-29,-533,-39,89
IMU1,18034,186538010,-2348,-562,-17,-463,51,-28
IMU1,18035,186547942,-2365,-526,-14,-379,84,-118
IMU1,18036,186558076,-2333,-525,38,-298,50,-159
IMU1,18037,186569173,-2287,-474,60,-130,-55,-133
IMU1,18038,186579310,-2192,-441,54,-70,-81,-119
IMU1,18039,186589237,-2162,-452,19,-31,-81,-104
IMU1,18040,186599165,-2138,-456,-47,-24,-60,-74
IMU1,18041,186608994,-2118,-443,-58,-63,-17,-27
IMU1,18042,186618816,-2079,-441,24,-125,63,21
IMU1,18043,186628556,-2074,-450,94,-170,136,62
IMU1,18044,186638492,-2065,-473,126,-192,155,89
IMU1,18045,186648627,-2041,-470,142,-197,122,105
IMU1,18046,186658963,-1995,-474,143,-178,75,108
IMU1,18047,186669102,-1963,-516,165,-157,32,99
IMU1,18048,186679046,-1942,-542,237,-128,-29,83
IMU1,18049,186689076,-1998,-665,165,-100,-85,73
IMU1,18050,186699105,-1969,-658,232,-103,-107,87
IMU1,18051,186709341,-1902,-709,279,-100,-64,86
IMU1,18052,186719390,-1877,-734,287,-94,22,72
IMU1,18053,186729151,-1884,-737,305,-93,96,58
IMU1,18054,186738904,-1909,-716,319,-84,140,50
IMU1,18055,186748866,-1948,-731,323,-67,134,60
IMU1,18056,186758812,-1958,-720,322,-40,74,84
IMU1,18057,186768556,-1937,-690,288,-16,2,103
IMU1,18058,186778303,-1937,-671,253,4,-36,100
IMU1,18059,186788030,-1958,-645,216,22,-51,90
IMU1,18060,186797754,-1973,-615,164,33,-53,79
IMU1,18061,186807505,-1988,-587,94,34,-33,63
IMU1,18062,186817052,-1983,-536,70,22,-1,62
IMU1,18063,186826395,-1990,-477,90,7,35,66
IMU1,18064,186835650,-1985,-442,89,7,64,72
IMU1,18065,186844897,-2032,-389,93,5,66,79
IMU1,18066,186854143,-2105,-319,95,-2,39,96
IMU1,18067,186863503,-2174,-235,52,0,-4,119
IMU1,18068,186872757,-2304,-60,3,2,-93,145
IMU1,18069,186881915,-2493,198,-196,11,-229,168
IMU1,18070,186892032,-2650,508,-540,10,-449,191
IMU1,18071,186902161,-2895,1094,-828,28,-732,178
IMU1,18072,186912491,-3341,2105,-1642,108,-1048,97
IMU1,18073,186923214,-3837,3117,-4363,184,-1615,-78
IMU1,18074,186934586,-5102,4602,-3461,627,-2629,-650
IMU1,18075,186945641,-5837,4692,-2787,1861,-1179,-821
IMU1,18076,186956884,-6230,4694,-2568,3800,1391,-776
IMU1,18077,186970597,-6295,4850,-2051,5857,3438,-551
IMU1,18078,186981768,-5012,4780,-535,7542,4571,28
IMU1,18079,186992454,-4467,4539,394,9337,4792,179
IMU1,18080,187003240,-4182,4249,1670,9802,5120,296
IMU1,18081,187014190,-3929,3818,3246,10350,5477,462
IMU1,18082,187025359,-3615,3567,4501,11073,5680,672
IMU1,18083,187036527,-3420,3251,5055,11878,5594,875
IMU1,18084,187047706,-3248,3761,5421,12621,5228,1033
IMU1,18085,187059073,-2562,4345,4294,13260,4539,842
IMU1,18086,187070246,-2663,4411,3927,12926,4493,583
IMU1,18087,187081408,-2793,4222,3977,12292,4525,406
IMU1,18088,187092585,-2517,3682,4321,11535,4255,297
IMU1,18089,187103753,-1591,2743,4518,10731,3440,21
IMU1,18090,187114738,-979,2153,4514,9854,2028,-665
IMU1,18091,187125607,-822,751,3995,8890,178,-1619
IMU1,18092,187136268,-1187,667,3368,6592,-2706,-3079
IMU1,18093,187147412,-1853,591,2542,5238,-2931,-3128
IMU1,18094,187158581,-2399,415,1949,3856,-2374,-2570
IMU1,18095,187169738,-2649,83,1766,2574,-1207,-1554
IMU1,18096,187180675,-2482,-289,1773,1459,261,-377
IMU1,18097,187191429,-1980,-573,1862,507,1452,600
IMU1,18098,187202087,-1535,-842,1913,-296,1909,1120
IMU1,18099,187213546,-1374,-1148,1774,-1370,947,982
IMU1,18100,187224483,-1521,-1152,1343,-1621,204,633
IMU1,18101,187235421,-1546,-1134,1153,-1725,-366,272
IMU1,18102,187246465,-1625,-1158,993,-1690,-633,-49
IMU1,18103,187257197,-1507,-1214,1093,-1505,-562,-313
IMU1,18104,187268353,-1525,-1236,1105,-1170,-302,-538
IMU1,18105,187279506,-1746,-1304,1108,-746,-24,-722
IMU1,18106,187290244,-1706,-1232,994,93,151,-845
IMU1,18107,187300577,-1634,-1198,939,361,74,-863
IMU1,18108,187310927,-1554,-1163,928,498,-116,-904
IMU1,18109,187321575,-1602,-1190,1006,536,-385,-972
IMU1,18110,187332425,-1693,-1157,1001,508,-709,-1015
IMU1,18111,187343469,-1734,-1137,1007,414,-1025,-1009
# swing_peak_seq=18085
IMU1,18112,187354709,-1719,-1121,1020,265,-1228,-967
IMU1,18113,187365757,-1711,-1073,1057,72,-1254,-904
IMU1,18114,187376620,-1706,-1086,1088,-432,-995,-764
IMU1,18115,187387570,-1758,-1095,1129,-719,-918,-704
IMU1,18116,187398534,-1805,-1097,1197,-1017,-965,-639
IMU1,18117,187409673,-1822,-1128,1304,-1297,-1121,-584
IMU1,18118,187421003,-1815,-1122,1390,-1554,-1332,-544
IMU1,18119,187432348,-1828,-1087,1402,-1797,-1542,-532
IMU1,18120,187443696,-1876,-1024,1395,-2267,-1985,-556
IMU1,18121,187455026,-1930,-996,1416,-2491,-2188,-556
IMU1,18122,187466176,-1931,-948,1384,-2699,-2341,-540
IMU1,18123,187477323,-1910,-906,1327,-2911,-2433,-530
IMU1,18124,187488472,-1897,-899,1273,-3146,-2484,-524
IMU1,18125,187499624,-1930,-865,1231,-3392,-2519,-514
IMU1,18126,187510771,-1803,-831,1081,-3844,-2552,-452
IMU1,18127,187521922,-1703,-908,1097,-4031,-2516,-450
IMU1,18128,187533053,-1637,-926,1081,-4169,-2363,-445
IMU1,18129,187544185,-1617,-877,1195,-4277,-2148,-443
IMU1,18130,187555329,-1695,-858,1255,-4326,-2014,-466
IMU1,18131,187566472,-1768,-901,1290,-4320,-2060,-496
IMU1,18132,187577606,-1639,-887,1310,-4263,-2292,-500
IMU1,18133,187588737,-1492,-888,1161,-4021,-3070,-490
IMU1,18134,187599888,-1425,-928,1020,-3904,-3444,-503
IMU1,18135,187611031,-1372,-957,930,-3810,-3699,-506
IMU1,18136,187621988,-1376,-898,868,-3747,-3814,-478
IMU1,18137,187632946,-1521,-810,748,-3709,-3802,-398
IMU1,18138,187643898,-1531,-797,541,-3697,-3704,-250
IMU1,18139,187654856,-1666,-712,499,-3707,-3432,179
IMU1,18140,187665700,-1695,-688,481,-3678,-3275,424
IMU1,18141,187676539,-1704,-610,344,-3639,-3139,658
IMU1,18142,187687400,-1729,-536,268,-3598,-3050,876
IMU1,18143,187698251,-1801,-517,203,-3562,-2994,1081
IMU1,18144,187709301,-1810,-457,151,-3518,-2934,1289
IMU1,18145,187720357,-1755,-351,115,-3464,-2825,1489
IMU1,18146,187731399,-1816,-186,76,-3394,-2664,1656
IMU1,18147,187742240,-1853,-93,56,-3193,-2344,1927
IMU1,18148,187752904,-1926,-52,42,-3071,-2225,2030
IMU1,18149,187763563,-2026,-40,-27,-2956,-2159,2113
IMU1,18150,187774303,-2082,-25,-87,-2859,-2148,2169
IMU1,18151,187785054,-2142,24,-111,-2774,-2159,2193
IMU1,18152,187795911,-2176,0,-213,-2703,-2157,2193
IMU1,18153,187806484,-2161,-7,-260,-2645,-2108,2171
IMU1,18154,187817223,-2156,64,-234,-2586,-1979,2119
IMU1,18155,187828077,-2325,97,-270,-2435,-1568,1937
IMU1,18156,187838932,-2461,119,-292,-2361,-1397,1848
IMU1,18157,187849999,-2531,127,-291,-2269,-1282,1765
IMU1,18158,187861043,-2543,132,-302,-2174,-1210,1679
IMU1,18159,187872100,-2513,74,-295,-2066,-1171,1577
IMU1,18160,187882963,-2616,69,-138,-1924,-1170,1463
IMU1,18161,187893809,-2493,88,-151,-1736,-1174,1333
IMU1,18162,187904658,-2539,70,-179,-1538,-1167,962
IMU1,18163,187915297,-2566,35,-199,-1175,-1106,782
IMU1,18164,187925947,-2580,29,-210,-1022,-1033,617
IMU1,18165,187936586,-2581,-9,-186,-902,-928,471
IMU1,18166,187946725,-2663,-78,-168,-777,-805,336
IMU1,18167,187957060,-2583,52,91,-665,-682,246
IMU1,18168,187967004,-2512,104,88,-395,-512,39
IMU1,18169,187979519,-2684,15,-108,26,-434,-340
IMU1,18170,187989572,-2792,7,-275,332,-534,-645
IMU1,18171,187999636,-2732,71,-398,400,-649,-735
IMU1,18172,188009905,-2627,95,-431,290,-616,-672
IMU1,18173,188021189,-2538,-96,-368,-73,-204,-332
IMU1,18174,188031426,-2523,-200,-255,-215,-1,-191
IMU1,18175,188041669,-2427,-308,-13,-310,109,-93
IMU1,18176,188051807,-2326,-415,256,-341,166,-20
IMU1,18177,188062047,-2203,-545,448,-326,224,27
IMU1,18178,188072200,-2144,-661,594,-280,291,54
IMU1,18179,188082356,-2107,-756,650,-207,295,61
IMU1,18180,188092518,-2111,-811,669,-129,204,63
IMU1,18181,188102663,-2130,-859,617,-50,86,74
IMU1,18182,188112420,-2093,-832,489,3,25,100
IMU1,18183,188122063,-2070,-781,425,25,50,131
IMU1,18184,188131920,-2038,-739,330,32,121,163
IMU1,18185,188141970,-1990,-683,254,20,184,194
IMU1,18186,188152029,-1949,-612,224,9,212,210
IMU1,18187,188161890,-1892,-570,164,7,198,204
IMU1,18188,188171733,-1891,-510,144,16,148,178
IMU1,18189,188181781,-1884,-484,115,21,83,152
IMU1,18190,188191622,-1870,-447,71,22,46,127
IMU1,18191,188201278,-1873,-437,69,7,41,109
IMU1,18192,188210736,-1891,-460,128,-13,60,99
IMU1,18193,188220497,-1873,-493,142,-26,82,91
IMU1,18194,188230245,-1854,-491,161,-38,83,74
IMU1,18195,188239996,-1838,-498,193,-46,68,50
IMU1,18196,188249761,-1846,-501,208,-45,41,25
IMU1,18197,188259499,-1852,-501,184,-44,6,1
IMU1,18198,188268853,-1877,-492,163,-44,-16,-16
IMU1,18199,188278779,-1897,-469,154,-45,-15,-29
IMU1,18200,188288724,-1913,-441,129,-60,-2,-35
IMU1,18201,188300022,-2033,-339,130,-81,0,-47
IMU1,18202,188309568,-2118,-255,151,-88,-2,-40
IMU1,18203,188319321,-2234,-129,211,-91,-3,-27
IMU1,18204,188329075,-2273,-32,194,-78,-3,-4
IMU1,18205,188338425,-2302,141,120,-55,1,14
IMU1,18206,188348404,-2458,453,0,-33,17,38
IMU1,18207,188357570,-2591,798,-268,19,79,59
IMU1,18208,188367241,-2805,1157,-414,95,156,86
IMU1,18209,188377305,-3164,1709,-456,276,291,148
IMU1,18210,188387781,-3455,2434,-1078,635,461,258
IMU1,18211,188398467,-3655,3166,-2046,1022,490,322
IMU1,18212,188409344,-3792,4025,-2667,1381,293,245
IMU1,18213,188420223,-4151,4806,-3036,1836,84,21
IMU1,18214,188430674,-4668,5117,-3099,2541,244,-243
IMU1,18215,188441644,-5156,5384,-2853,3587,1052,-399
IMU1,18216,188452790,-5592,5484,-1758,4947,2394,-393
IMU1,18217,188463976,-5519,5333,-917,7760,4862,104
IMU1,18218,188474861,-5311,5115,209,8840,5470,531
IMU1,18219,188485653,-4965,4737,1420,9687,5711,941
IMU1,18220,188496633,-4525,4100,2690,10409,5725,1278
IMU1,18221,188508007,-4187,3305,3869,11130,5577,1537
IMU1,18222,188519387,-4207,3640,5072,11933,5204,1755
IMU1,18223,188530765,-3390,3780,5308,13531,3616,1774
IMU1,18224,188542147,-3101,4076,4669,13869,3003,1403
IMU1,18225,188553537,-3333,4309,4469,13720,3060,966
IMU1,18226,188564730,-3274,4019,4294,13216,3648,692
IMU1,18227,188575899,-3156,3873,4321,12465,4163,521
IMU1,18228,188587096,-2388,2308,4935,11603,3953,282
IMU1,18229,188598285,-1041,1545,4665,9879,1020,-1209
IMU1,18230,188609559,-1213,1034,4096,8747,-678,-2145
IMU1,18231,188620732,-1521,741,3559,7394,-1734,-2701
IMU1,18232,188631924,-1853,624,3078,5935,-1902,-2702
IMU1,18233,188643110,-2063,418,2829,4515,-1324,-2184
IMU1,18234,188654275,-2070,89,2999,3230,-346,-1329
IMU1,18235,188665554,-1592,-566,3057,1159,1164,295
IMU1,18236,188676440,-1388,-807,2898,339,970,664
IMU1,18237,188686889,-1344,-969,2491,-358,356,734
IMU1,18238,188697443,-1627,-1064,1924,-963,-262,622
IMU1,18239,188708294,-1645,-1118,1643,-1443,-704,495
IMU1,18240,188719340,-1615,-1238,1332,-1763,-977,396
IMU1,18241,188730398,-1480,-1259,1291,-1887,-1020,283
IMU1,18242,188741646,-1414,-1355,1424,-1810,-561,-87
IMU1,18243,188752592,-1659,-1378,1445,-1214,-358,-295
IMU1,18244,188763718,-1716,-1353,1428,-831,-310,-436
IMU1,18245,188774662,-1736,-1385,1332,-475,-411,-550
IMU1,18246,188785591,-1716,-1383,1220,-204,-609,-665
IMU1,18247,188796528,-1702,-1342,1110,-44,-847,-792
IMU1,18248,188807271,-1699,-1307,1025,-3,-1052,-905
IMU1,18249,188817986,-1744,-1145,976,-75,-1173,-980
IMU1,18250,188829234,-1734,-1127,1053,-460,-1209,-1015
# swing_peak_seq=18224
IMU1,18251,188840549,-1705,-1130,1160,-690,-1212,-996
IMU1,18252,188851672,-1668,-1140,1228,-918,-1219,-989
IMU1,18253,188862798,-1667,-1147,1273,-1154,-1261,-977
IMU1,18254,188874137,-1693,-1144,1316,-1387,-1322,-965
IMU1,18255,188885460,-1750,-1149,1395,-1610,-1401,-944
IMU1,18256,188896788,-1775,-1150,1434,-2016,-1557,-864
IMU1,18257,188908125,-1806,-1155,1421,-2204,-1632,-826
IMU1,18258,188919451,-1788,-1131,1392,-2403,-1723,-800
IMU1,18259,188930779,-1794,-1115,1407,-2608,-1827,-795
IMU1,18260,188942107,-1785,-1118,1421,-2812,-1941,-807
IMU1,18261,188953432,-1773,-1112,1462,-3252,-2220,-863
IMU1,18262,188964777,-1773,-1066,1374,-3474,-2376,-891
IMU1,18263,188976115,-1594,-991,1327,-3685,-2549,-906
IMU1,18264,188989714,-1568,-978,1321,-3871,-2666,-915
IMU1,18265,189000847,-1465,-852,1341,-4029,-2720,-881
IMU1,18266,189011967,-1459,-743,1264,-4223,-2815,-744
IMU1,18267,189023110,-1367,-904,1170,-4276,-2994,-661
IMU1,18268,189034264,-1367,-946,1122,-4308,-3214,-538
IMU1,18269,189045397,-1417,-883,1080,-4312,-3384,-370
IMU1,18270,189056542,-1397,-838,1007,-4292,-3488,-174
IMU1,18271,189067672,-1387,-817,939,-4254,-3531,23
IMU1,18272,189078842,-1396,-877,816,-4126,-3467,399
IMU1,18273,189089692,-1397,-878,729,-4046,-3406,573
IMU1,18274,189100529,-1392,-868,569,-3964,-3352,715
IMU1,18275,189111390,-1362,-873,581,-3897,-3311,821
IMU1,18276,189122247,-1319,-789,607,-3823,-3236,902
IMU1,18277,189133098,-1347,-640,502,-3737,-3112,951
IMU1,18278,189143951,-1364,-526,321,-3679,-2991,972
IMU1,18279,189154807,-1725,-659,642,-3694,-2860,980
IMU1,18280,189165644,-1734,-383,592,-3584,-2716,1095
IMU1,18281,189176698,-1845,-362,538,-3414,-2811,1164
IMU1,18282,189187746,-1941,-167,278,-3229,-2980,1267
IMU1,18283,189198784,-1994,-75,131,-3088,-3133,1387
IMU1,18284,189209643,-2124,-91,-29,-2997,-3182,1515
IMU1,18285,189220385,-2239,18,-116,-2949,-3093,1664
IMU1,18286,189231238,-2307,96,-324,-2931,-2885,1824
IMU1,18287,189242613,-2336,206,-342,-2966,-2358,2049
IMU1,18288,189253653,-2367,230,-330,-3016,-2113,2090
IMU1,18289,189264703,-2360,258,-325,-3037,-1896,2056
IMU1,18290,189275751,-2435,193,-326,-3064,-1735,1986
IMU1,18291,189286808,-2461,180,-372,-3056,-1653,1903
IMU1,18292,189297843,-2425,236,-444,-3005,-1654,1797
IMU1,18293,189308885,-2532,234,-352,-2918,-1665,1531
IMU1,18294,189319936,-2659,113,-237,-2592,-1489,1418
IMU1,18295,189330979,-2701,98,-228,-2314,-1352,1335
IMU1,18296,189341836,-2626,209,-279,-2014,-1237,1252
IMU1,18297,189352883,-2607,252,-261,-1720,-1131,1122
IMU1,18298,189363924,-2584,171,-231,-1453,-1038,962
IMU1,18299,189374757,-2568,118,-256,-1228,-986,785
IMU1,18300,189385408,-2541,29,-282,-1057,-984,591
IMU1,18301,189396390,-2583,45,-49,-856,-1003,210
IMU1,18302,189406639,-2590,240,325,-641,-870,-33
IMU1,18303,189416883,-2764,148,6,-101,-575,-470
IMU1,18304,189426932,-3003,52,-275,355,-329,-837
IMU1,18305,189437191,-3204,196,-467,488,-241,-939
IMU1,18306,189447647,-3192,220,-608,414,-229,-832
IMU1,18307,189458087,-3116,143,-625,262,-245,-629
IMU1,18308,189468526,-3066,44,-529,115,-256,-407
IMU1,18309,189478754,-2934,-125,-347,0,-221,-201
IMU1,18310,189488779,-2716,-265,-114,-90,-130,-24
IMU1,18311,189499002,-2486,-368,91,-150,-12,105
IMU1,18312,189509036,-2282,-476,223,-170,94,175
IMU1,18313,189519181,-2110,-591,344,-155,161,205
IMU1,18314,189529536,-1998,-658,505,-118,184,213
IMU1,18315,189540407,-1881,-690,516,10,182,209
IMU1,18316,189550457,-1854,-675,443,60,179,211
IMU1,18317,189560504,-1833,-625,346,91,189,209
IMU1,18318,189570558,-1837,-578,240,101,201,208
IMU1,18319,189580804,-1840,-548,149,97,193,198
IMU1,18320,189590842,-1853,-523,99,95,149,181
IMU1,18321,189600693,-1833,-508,27,95,95,150
IMU1,18322,189610334,-1847,-481,-20,82,61,114
IMU1,18323,189620064,-1853,-483,-27,69,52,78
IMU1,18324,189629600,-1861,-488,21,52,46,50
IMU1,18325,189639038,-1848,-497,89,36,30,34
IMU1,18326,189648494,-1834,-523,123,34,-8,23
IMU1,18327,189658023,-1830,-558,133,31,-54,16
IMU1,18328,189667763,-1844,-602,140,27,-95,21
IMU1,18329,189677503,-1852,-633,118,21,-113,24
IMU1,18330,189687451,-1879,-634,98,13,-109,20
IMU1,18331,189697198,-1916,-627,57,-2,-84,13
IMU1,18332,189706644,-1949,-617,18,-15,-47,8
IMU1,18333,189716077,-1983,-604,9,-36,-14,1
IMU1,18334,189725328,-2003,-571,9,-52,3,-6
IMU1,18335,189734380,-2009,-525,-5,-63,12,-21
IMU1,18336,189743922,-2023,-483,-22,-78,-2,-30
IMU1,18337,189753561,-2056,-413,-18,-86,-23,-33
IMU1,18338,189763395,-2057,-359,12,-97,-34,-32
IMU1,18339,189773125,-2068,-298,42,-96,-49,-30
IMU1,18340,189782848,-2147,-210,161,-92,-68,-17
IMU1,18341,189792780,-2171,-158,259,-67,-77,0
IMU1,18342,189802330,-2190,-97,268,-28,-105,16
IMU1,18343,189812169,-2270,43,285,26,-160,31
IMU1,18344,189821808,-2422,195,246,88,-212,56
IMU1,18345,189831657,-2601,369,129,165,-286,95
IMU1,18346,189841703,-2738,570,66,249,-400,144
IMU1,18347,189851752,-2933,857,66,377,-536,205
IMU1,18348,189861810,-3004,1276,-257,614,-657,312
IMU1,18349,189872375,-3121,1672,-629,923,-814,398
IMU1,18350,189882940,-3315,2065,-1148,1247,-1047,410
IMU1,18351,189894096,-3517,2522,-1696,1570,-1300,343
IMU1,18352,189905259,-3887,3362,-2047,1938,-1338,-47
IMU1,18353,189916307,-4170,3855,-2070,3139,-935,-331
IMU1,18354,189927378,-4610,4105,-1835,4029,-304,-611
IMU1,18355,189938445,-5011,4180,-1549,5119,459,-778
IMU1,18356,189949435,-5260,4192,-1244,6303,1187,-793
IMU1,18357,189960636,-5238,4170,-939,7434,1813,-698
IMU1,18358,189971612,-4829,4288,-622,8385,2491,-588
IMU1,18359,189982588,-3986,4385,1009,9831,4569,-528
IMU1,18360,189996235,-3743,4495,2009,10528,5653,-463
IMU1,18361,190007512,-3534,4345,3277,11263,6416,-338
IMU1,18362,190018788,-3622,4165,4343,12048,6832,-110
IMU1,18363,190030061,-2846,4730,5312,12837,6881,501
IMU1,18364,190041246,-2514,5014,4724,14021,5870,558
IMU1,18365,190052462,-2443,5087,4202,14041,5037,420
IMU1,18366,190063668,-2192,4869,3900,13628,4139,168
IMU1,18367,190074840,-1872,4366,3925,12911,3181,-183
IMU1,18368,190086114,-1372,3514,4225,12026,2071,-631
IMU1,18369,190097379,-1307,2017,3889,11036,818,-1592
IMU1,18370,190108632,-1308,1668,3606,8481,-1595,-1785
IMU1,18371,190119980,-1388,1404,3462,6935,-2054,-1678
IMU1,18372,190131340,-1778,1129,3361,5334,-1713,-1211
IMU1,18373,190142688,-2358,665,3474,3783,-807,-377
IMU1,18374,190153454,-2714,85,3240,2345,122,678
IMU1,18375,190163819,-2575,-174,2944,1023,602,1628
IMU1,18376,190174665,-1777,-768,1992,-1162,423,2139
IMU1,18377,190185628,-1660,-924,1703,-1905,161,1776
IMU1,18378,190196567,-1651,-996,1515,-2328,2,1231
IMU1,18379,190207130,-1749,-1085,1506,-2416,-76,640
IMU1,18380,190217993,-1736,-1174,1585,-2170,-147,97
IMU1,18381,190228856,-1692,-1188,1582,-1657,-203,-369
IMU1,18382,190239985,-1649,-1162,1472,-1015,-212,-755
IMU1,18383,190251138,-1849,-1106,919,-398,-208,-1059
IMU1,18384,190262090,-1847,-1107,781,333,-357,-1333
IMU1,18385,190272932,-1738,-1019,635,441,-439,-1309
IMU1,18386,190283775,-1671,-1006,618,404,-470,-1269
IMU1,18387,190294626,-1661,-940,595,279,-509,-1199
IMU1,18388,190305288,-1725,-937,582,100,-571,-1090
IMU1,18389,190315933,-1735,-893,671,-102,-636,-934
IMU1,18390,190326492,-1694,-878,786,-286,-666,-759
# swing_peak_seq=18364
IMU1,18391,190337039,-1623,-895,938,-430,-646,-612
IMU1,18392,190347586,-1602,-930,1163,-519,-616,-460
IMU1,18393,190358341,-1641,-917,1234,-569,-698,-450
IMU1,18394,190369106,-1670,-903,1259,-576,-824,-476
IMU1,18395,190379866,-1724,-892,1247,-619,-938,-513
IMU1,18396,190390633,-1769,-894,1240,-714,-1002,-548
IMU1,18397,190401587,-1805,-917,1260,-859,-1018,-581
IMU1,18398,190412537,-1846,-956,1263,-1045,-1024,-613
IMU1,18399,190423695,-1925,-954,1289,-1268,-1065,-641
IMU1,18400,190434829,-2047,-931,1337,-1765,-1290,-639
IMU1,18401,190445964,-2044,-879,1328,-2019,-1409,-613
IMU1,18402,190457103,-2028,-846,1334,-2275,-1497,-587
IMU1,18403,190468252,-2013,-821,1336,-2530,-1565,-569
IMU1,18404,190479375,-2012,-766,1346,-2774,-1647,-559
IMU1,18405,190490501,-2002,-701,1356,-3003,-1768,-558
IMU1,18406,190501630,-1941,-633,1371,-3390,-2139,-575
IMU1,18407,190512775,-1896,-608,1353,-3563,-2359,-581
IMU1,18408,190523926,-1869,-578,1248,-3725,-2529,-582
IMU1,18409,190535078,-1849,-560,1197,-3890,-2587,-576
IMU1,18410,190546221,-1808,-574,1148,-4051,-2552,-537
IMU1,18411,190557366,-1778,-580,1150,-4208,-2475,-470
IMU1,18412,190568517,-1712,-505,1151,-4346,-2396,-396
IMU1,18413,190579663,-1669,-478,1137,-4577,-2478,-248
IMU1,18414,190590803,-1588,-465,1123,-4662,-2656,-174
IMU1,18415,190601944,-1543,-437,1122,-4716,-2852,-106
IMU1,18416,190613090,-1576,-369,1109,-4744,-3025,-32
IMU1,18417,190624052,-1404,-479,1055,-4744,-3163,35
IMU1,18418,190634903,-1382,-467,967,-4737,-3230,99
IMU1,18419,190645552,-1538,-295,730,-4739,-3218,308
IMU1,18420,190656415,-1575,-286,628,-4760,-3173,466
IMU1,18421,190667280,-1676,-307,558,-4771,-3176,643
IMU1,18422,190678152,-1758,-328,532,-4763,-3137,853
IMU1,18423,190689023,-1779,-310,547,-4729,-3024,1072
IMU1,18424,190700090,-1735,-258,539,-4671,-2853,1270
IMU1,18425,190711155,-1738,-230,465,-4598,-2665,1425
IMU1,18426,190722213,-1820,-90,486,-4512,-2514,1527
IMU1,18427,190733052,-1920,-29,363,-4238,-2349,1614
IMU1,18428,190743880,-1986,23,208,-4103,-2305,1643
IMU1,18429,190754625,-2090,84,128,-3987,-2255,1675
IMU1,18430,190765365,-2155,174,53,-3897,-2130,1702
IMU1,18431,190776120,-2192,251,-74,-3840,-1925,1722
IMU1,18432,190786961,-2158,346,-259,-3834,-1698,1708
IMU1,18433,190798009,-2277,374,-318,-3869,-1502,1632
IMU1,18434,190809059,-2329,523,-319,-3883,-1360,1415
IMU1,18435,190820109,-2658,303,-263,-3700,-1318,1298
IMU1,18436,190831151,-2829,358,-142,-3483,-1396,1263
IMU1,18437,190842214,-2689,415,-379,-3178,-1487,1219
IMU1,18438,190853273,-2762,438,-305,-2860,-1564,1146
IMU1,18439,190864327,-2640,502,-242,-2512,-1587,1060
IMU1,18440,190875373,-2775,523,-577,-2179,-1562,943
IMU1,18441,190886222,-2902,378,-755,-1945,-1461,758
IMU1,18442,190897070,-2809,280,-762,-1680,-1355,690
IMU1,18443,190907903,-2663,329,-679,-1606,-1200,575
IMU1,18444,190918741,-2463,1221,38,-1360,-864,273
IMU1,18445,190929287,-2758,1196,-978,-423,-242,-448
IMU1,18446,190940019,-3052,895,-1109,324,-355,-1128
IMU1,18447,190950868,-2948,466,-1090,544,-1045,-1423
IMU1,18448,190961918,-3008,632,-1482,440,-1189,-1427
IMU1,18449,190972981,-3310,346,-1311,-253,-316,-899
IMU1,18450,190983729,-3211,39,-892,-553,-164,-551
IMU1,18451,190996520,-2912,-344,-93,-753,-99,-285
IMU1,18452,191006751,-2604,-606,793,-796,73,-106
IMU1,18453,191017007,-2272,-780,1305,-706,379,18
IMU1,18454,191027360,-2169,-988,1443,-548,695,76
IMU1,18455,191037709,-2130,-1143,1429,-374,818,114
IMU1,18456,191048463,-2022,-1130,1284,-202,672,154
IMU1,18457,191059196,-1941,-857,678,-40,239,191
IMU1,18458,191069873,-1883,-646,357,149,127,218
IMU1,18459,191080125,-1796,-416,92,191,102,229
IMU1,18460,191090163,-1794,-255,-116,218,130,204
IMU1,18461,191100504,-1808,-186,-280,224,166,168
IMU1,18462,191110842,-1892,-164,-351,212,145,141
IMU1,18463,191121187,-1919,-280,-435,178,59,120
IMU1,18464,191131338,-1971,-360,-386,130,-57,100
IMU1,18465,191141581,-1958,-402,-332,72,-131,88
IMU1,18466,191151630,-2115,38,173,8,-128,78
IMU1,18467,191161100,-1613,-1077,-576,-42,-76,74
IMU1,18468,191171249,-1771,-634,-198,-120,-50,50
IMU1,18469,191181391,-1884,-596,55,-148,88,52
IMU1,18470,191191151,-1903,-750,73,-141,226,64
IMU1,18471,191201126,-2083,-392,434,-136,215,63
IMU1,18472,191211282,-1885,-874,81,-103,109,48
IMU1,18473,191221230,-1852,-966,11,-91,-91,12
IMU1,18474,191230882,-1898,-853,-60,-76,-276,-13
IMU1,18475,191240934,-2190,-301,268,-38,-301,-26
IMU1,18476,191251090,-1858,-661,-343,-25,-218,-29
IMU1,18477,191261853,-1813,-689,-449,-149,-74,-50
IMU1,18478,191272099,-1923,-488,-284,-183,-13,-59
IMU1,18479,191282331,-1867,-443,-277,-194,-3,-71
IMU1,18480,191292387,-1823,-459,-270,-217,-15,-102
IMU1,18481,191302822,-1821,-458,-162,-243,-22,-145
IMU1,18482,191313250,-1769,-462,-115,-259,-28,-186
IMU1,18483,191323686,-1731,-469,-34,-262,-51,-235
IMU1,18484,191333931,-1756,-460,35,-249,-88,-289
IMU1,18485,191344085,-1799,-461,91,-225,-115,-327
IMU1,18486,191354425,-1922,-453,152,-203,-123,-341
IMU1,18487,191364971,-2042,-436,229,-170,-106,-329
IMU1,18488,191375504,-2178,-353,293,-122,-96,-298
IMU1,18489,191385843,-2589,-130,75,-49,-111,-261
IMU1,18490,191396480,-2810,72,-37,104,-240,-119
IMU1,18491,191406511,-3093,412,-222,183,-284,-11
IMU1,18492,191416751,-3299,980,-473,301,-199,149
IMU1,18493,191427106,-3403,1738,-785,570,73,434
IMU1,18494,191437378,-3540,2393,-1321,1015,384,758
IMU1,18495,191448249,-3823,2826,-1546,1506,457,1000
IMU1,18496,191459315,-4106,3214,-1842,2054,274,1168
IMU1,18497,191470377,-4056,3597,-2091,2678,-54,1236
IMU1,18498,191481351,-4041,3916,-1952,3416,-325,1133
IMU1,18499,191492526,-4269,3961,-1526,5255,5,639
IMU1,18500,191502994,-4461,4027,-1240,6209,464,429
IMU1,18501,191513873,-4410,3876,-1014,7083,1009,278
IMU1,18502,191524941,-4504,3738,-607,7828,1624,214
IMU1,18503,191535817,-4389,3822,-93,8465,2319,273
IMU1,18504,191546511,-4174,3727,645,9034,3067,388
IMU1,18505,191557295,-3984,3652,1567,9585,3912,553
IMU1,18506,191568300,-3654,3609,3205,10156,4839,795
IMU1,18507,191579489,-3099,3218,4176,11434,6136,1374
IMU1,18508,191590885,-3006,3593,4577,12200,6059,1643
IMU1,18509,191602269,-2895,4115,4413,12915,5224,1764
IMU1,18510,191613641,-2726,4196,4083,13469,3630,1562
IMU1,18511,191625019,-2420,4110,3852,13770,1779,977
IMU1,18512,191636196,-1881,3619,3214,13703,128,-682
IMU1,18513,191647266,-1433,2968,3036,12546,444,-1384
IMU1,18514,191658556,-1129,2374,3022,11642,968,-1985
IMU1,18515,191669844,-1175,1910,2928,10550,1122,-2482
IMU1,18516,191681328,-1360,1515,2560,9201,873,-2786
IMU1,18517,191692400,-1627,1523,2603,7557,634,-2783
IMU1,18518,191703492,-2166,790,3692,5819,453,-1876
IMU1,18519,191714369,-2392,260,4152,2962,163,-1069
IMU1,18520,191725238,-2203,-49,3878,1967,-83,-178
IMU1,18521,191735684,-1863,-74,2896,1058,-441,546
IMU1,18522,191746240,-1761,-225,2072,101,-801,1008
IMU1,18523,191756975,-1549,-396,1443,-827,-931,1255
IMU1,18524,191767826,-1690,-576,1214,-1623,-686,1358
IMU1,18525,191778878,-1832,-801,1015,-2210,-314,1394
IMU1,18526,191789939,-1595,-1050,1328,-2567,7,1173
IMU1,18527,191800705,-1380,-1081,1532,-2513,235,889
IMU1,18528,191811667,-1536,-1084,1647,-2163,186,525
IMU1,18529,191822622,-1721,-1122,1683,-1669,73,191
IMU1,18530,191833372,-1915,-1147,1619,-1122,-138,-55
IMU1,18531,191844336,-2017,-1125,1466,-609,-432,-217
IMU1,18532,191855288,-1911,-1069,1344,-198,-743,-348
IMU1,18533,191866252,-1880,-993,1285,87,-1032,-510
IMU1,18534,191877426,-1853,-965,984,294,-1504,-895
IMU1,18535,191888087,-1916,-974,928,172,-1668,-1036
# swing_peak_seq=18509
IMU1,18536,191898938,-1954,-972,934,-52,-1731,-1100
IMU1,18537,191909693,-1934,-941,990,-334,-1711,-1097
IMU1,18538,191920655,-1873,-898,1078,-629,-1619,-1062
IMU1,18539,191931806,-1833,-881,1239,-907,-1496,-1019
IMU1,18540,191942976,-1810,-887,1392,-1132,-1400,-982
IMU1,18541,191954134,-1880,-798,1557,-1457,-1450,-928
IMU1,18542,191965304,-1947,-764,1599,-1589,-1591,-900
IMU1,18543,191976488,-1969,-735,1602,-1715,-1794,-878
IMU1,18544,191987644,-2051,-614,1622,-1850,-2034,-867
IMU1,18545,192001362,-1935,-776,1594,-2004,-2302,-865
IMU1,18546,192012490,-1889,-606,1582,-2347,-2717,-889
IMU1,18547,192023635,-1850,-526,1523,-2541,-2782,-911
IMU1,18548,192034778,-1868,-495,1390,-2756,-2781,-936
IMU1,18549,192045915,-1840,-487,1280,-3012,-2729,-934
IMU1,18550,192057048,-1815,-525,1242,-3272,-2611,-906
IMU1,18551,192068181,-1782,-556,1197,-3522,-2469,-843
IMU1,18552,192079317,-1692,-458,1183,-3973,-2252,-658
IMU1,18553,192090465,-1528,-453,1182,-4146,-2251,-575
IMU1,18554,192101610,-1391,-482,1209,-4275,-2310,-520
IMU1,18555,192112761,-1237,-501,1229,-4355,-2399,-484
IMU1,18556,192123904,-1180,-478,1242,-4399,-2514,-458
IMU1,18557,192135062,-1254,-443,1207,-4406,-2640,-412
IMU1,18558,192146192,-1466,-457,992,-4391,-2886,-126
IMU1,18559,192157130,-1626,-483,946,-4405,-3016,146
IMU1,18560,192167975,-1690,-481,805,-4407,-3129,459
IMU1,18561,192178809,-1714,-512,730,-4433,-3246,803
IMU1,18562,192189651,-1702,-490,761,-4471,-3380,1133
IMU1,18563,192200689,-1716,-465,756,-4492,-3571,1396
IMU1,18564,192211729,-1782,-399,668,-4497,-3867,1589
IMU1,18565,192222765,-1918,-254,437,-4500,-4227,1835
IMU1,18566,192233813,-2069,-271,277,-4525,-4612,1950
IMU1,18567,192244859,-2075,-244,63,-4567,-4477,2085
IMU1,18568,192255699,-2126,-244,-58,-4661,-4157,2207
IMU1,18569,192266653,-2133,-284,-47,-4768,-3701,2307
IMU1,18570,192277591,-2098,-305,38,-4861,-3160,2354
IMU1,18571,192288454,-2085,-382,29,-4914,-2639,2320
IMU1,18572,192299290,-2120,197,193,-4912,-2244,2205
IMU1,18573,192310242,-2460,235,113,-4708,-1699,1753
IMU1,18574,192321195,-2734,-47,-81,-4579,-1478,1561
IMU1,18575,192331931,-2824,-19,-146,-4424,-1309,1434
IMU1,18576,192342872,-2755,265,-329,-4277,-1200,1348
IMU1,18577,192353918,-3017,238,-206,-4125,-1157,1271
IMU1,18578,192364971,-2906,177,-386,-3932,-1124,1229
IMU1,18579,192376004,-2793,32,-696,-3750,-1074,1163
IMU1,18580,192387373,-2982,236,-553,-3364,-1202,1014
IMU1,18581,192398413,-2896,347,-571,-3054,-1245,955
IMU1,18582,192409262,-2832,279,-678,-2706,-1241,856
IMU1,18583,192420118,-2750,198,-692,-2384,-1216,745
IMU1,18584,192430965,-2695,200,-664,-2085,-1161,609
IMU1,18585,192441799,-2578,206,-595,-1784,-989,455
IMU1,18586,192452432,-2572,115,-420,-1362,-755,243
IMU1,18587,192463065,-2857,656,-1136,-583,-779,-43
IMU1,18588,192473610,-2726,293,-1136,798,-2022,-595
IMU1,18589,192484454,-2570,294,-579,822,-2481,-596
IMU1,18590,192495100,-2427,341,-704,605,-2118,-488
IMU1,18591,192505757,-2355,457,-1156,150,-1012,-345
IMU1,18592,192516618,-2625,89,-877,-323,38,-235
IMU1,18593,192526641,-2615,-223,-561,-528,438,-109
IMU1,18594,192537159,-2416,-436,-112,-536,366,13
IMU1,18595,192547397,-2257,-654,187,-478,290,101
IMU1,18596,192557733,-2123,-820,291,-428,350,155
IMU1,18597,192568078,-2055,-946,360,-391,464,192
IMU1,18598,192578422,-1970,-1061,430,-366,560,218
IMU1,18599,192589478,-1913,-1014,398,-282,555,241
IMU1,18600,192600026,-1891,-887,338,-224,414,223
IMU1,18601,192610355,-1843,-733,213,-159,221,181
IMU1,18602,192620699,-1821,-593,70,-102,49,138
IMU1,18603,192630645,-1805,-477,-89,-71,-53,103
IMU1,18604,192640577,-1812,-409,-224,-64,-82,74
IMU1,18605,192650489,-1839,-393,-301,-81,-71,52
IMU1,18606,192660419,-1862,-402,-289,-111,-43,34
IMU1,18607,192670544,-1878,-473,-217,-143,-2,13
IMU1,18608,192680483,-1883,-499,-125,-169,47,-2
IMU1,18609,192690388,-1888,-606,-58,-180,82,-13
IMU1,18610,192700316,-1893,-668,50,-171,80,-18
IMU1,18611,192710151,-1882,-697,74,-150,65,-26
IMU1,18612,192719997,-1879,-705,40,-127,45,-41
IMU1,18613,192729836,-1912,-714,13,-115,13,-50
IMU1,18614,192739671,-1943,-561,35,-105,-8,-60
IMU1,18615,192749402,-1904,-755,-23,-102,-16,-68
IMU1,18616,192759433,-1848,-721,-106,-99,-39,-84
IMU1,18617,192769458,-1926,-610,-104,-91,-43,-96
IMU1,18618,192779469,-1884,-592,-152,-92,3,-100
IMU1,18619,192789405,-1881,-519,-191,-99,49,-116
IMU1,18620,192800577,-1925,-528,-198,-122,83,-127
IMU1,18621,192810885,-1939,-552,-229,-136,85,-117
IMU1,18622,192821206,-1946,-558,-199,-146,99,-129
IMU1,18623,192831526,-1955,-535,-184,-160,156,-136
IMU1,18624,192842057,-1992,-568,-139,-173,245,-131
IMU1,18625,192852577,-2034,-616,-122,-168,321,-121
IMU1,18626,192863093,-1972,-519,-135,-136,326,-118
IMU1,18627,192873625,-2140,-280,-121,-86,259,-129
IMU1,18628,192883942,-2360,-128,-191,-34,206,-102
IMU1,18629,192894266,-2465,118,-261,25,175,-42
IMU1,18630,192904208,-2912,495,-389,131,165,80
IMU1,18631,192914248,-3072,1147,-337,416,207,343
IMU1,18632,192924701,-3448,2629,-1167,964,258,891
IMU1,18633,192935348,-3836,3568,-2103,2207,-258,1083
IMU1,18634,192946511,-4058,4606,-3015,2686,-954,1175
IMU1,18635,192957686,-4582,5555,-3140,3143,-1770,1119
IMU1,18636,192969071,-4903,5912,-2624,3833,-2164,952
IMU1,18637,192980247,-5117,5530,-2124,4875,-1649,723
IMU1,18638,192991414,-5160,5296,-1427,6172,-74,545
IMU1,18639,193004742,-5042,4591,-318,8730,4388,630
IMU1,18640,193015636,-4931,4734,822,9665,6067,1072
IMU1,18641,193026627,-4742,4091,1629,10437,6966,1647
IMU1,18642,193037972,-4187,3651,2539,11060,7320,2302
IMU1,18643,193049359,-4034,4177,4525,11621,7464,2937
IMU1,18644,193060737,-3668,4670,4889,12882,6967,3863
IMU1,18645,193072105,-3897,4692,5042,13483,5880,4009
IMU1,18646,193083479,-4167,4602,4891,14041,4206,3967
IMU1,18647,193094861,-3941,4727,4683,14447,2218,3710
IMU1,18648,193106247,-3539,4568,4671,14600,597,3161
IMU1,18649,193117430,-2108,3233,4322,13882,287,1710
IMU1,18650,193128609,-1477,2323,4190,13027,207,797
IMU1,18651,193139573,-1110,1380,3913,11915,-770,-336
IMU1,18652,193150745,-1115,821,3273,10387,-1877,-1454
IMU1,18653,193162111,-1603,795,2851,8364,-2330,-2184
IMU1,18654,193173280,-2443,856,2700,6110,-2403,-2301
IMU1,18655,193184443,-2518,553,2485,3963,-2441,-1009
IMU1,18656,193195602,-2135,377,2441,722,-1025,-84
IMU1,18657,193206156,-1715,109,2281,-333,176,661
IMU1,18658,193216609,-1578,-192,2204,-1095,840,1082
IMU1,18659,193227561,-1588,-531,2004,-1599,881,1228
IMU1,18660,193238530,-1659,-809,1927,-1857,549,1212
IMU1,18661,193249482,-1773,-971,1774,-1912,47,1137
IMU1,18662,193260233,-1789,-980,1507,-1789,-485,1034
IMU1,18663,193271283,-1707,-1015,1283,-1245,-1115,729
IMU1,18664,193282533,-1759,-999,1278,-873,-1015,547
IMU1,18665,193293388,-1871,-976,1256,-468,-839,373
IMU1,18666,193304037,-1794,-1010,1186,-77,-780,215
IMU1,18667,193314689,-1762,-1032,1170,249,-819,40
IMU1,18668,193325235,-1698,-1049,1097,477,-892,-164
IMU1,18669,193336081,-1799,-984,1024,589,-956,-367
IMU1,18670,193346716,-1827,-945,929,578,-951,-504
IMU1,18671,193357168,-1814,-805,1029,451,-847,-567
# swing_peak_seq=18645
IMU1,18672,193368317,-1784,-758,1147,33,-510,-600
IMU1,18673,193378771,-1865,-714,1253,-189,-404,-578
IMU1,18674,193389511,-1904,-686,1368,-407,-382,-530
IMU1,18675,193400251,-1912,-657,1476,-614,-442,-473
IMU1,18676,193411002,-1958,-649,1560,-805,-574,-424
IMU1,18677,193421740,-2131,-255,1662,-1006,-761,-389
IMU1,18678,193432679,-1943,-831,1410,-1232,-1018,-389
IMU1,18679,193443827,-2052,-792,1609,-1495,-1328,-389
IMU1,18680,193454968,-2015,-645,1595,-1940,-1538,-306
IMU1,18681,193466109,-2067,-637,1567,-2150,-1475,-300
IMU1,18682,193477264,-2157,-650,1586,-2369,-1430,-310
IMU1,18683,193488422,-2137,-612,1576,-2606,-1463,-328
IMU1,18684,193499562,-2074,-562,1495,-2858,-1569,-386
IMU1,18685,193510710,-2014,-492,1438,-3150,-1702,-487
IMU1,18686,193521861,-1906,-489,1419,-3776,-1819,-737
IMU1,18687,193533017,-1906,-509,1419,-4071,-1799,-839
IMU1,18688,193544180,-1896,-451,1436,-4337,-1721,-919
IMU1,18689,193555323,-1904,-373,1410,-4567,-1563,-986
IMU1,18690,193566471,-1944,-350,1436,-4768,-1431,-1034
IMU1,18691,193577830,-1809,-402,1410,-4940,-1421,-1067
IMU1,18692,193589172,-1632,-499,1432,-5214,-1704,-1116
IMU1,18693,193600516,-1628,-462,1406,-5324,-1945,-1090
IMU1,18694,193611838,-1626,-423,1405,-5411,-2209,-1018
IMU1,18695,193623183,-1635,-428,1331,-5466,-2483,-896
IMU1,18696,193634320,-1642,-377,1212,-5499,-2776,-728
IMU1,18697,193645465,-1690,-342,954,-5516,-3053,-516
IMU1,18698,193656937,-1679,-361,875,-5517,-3460,-7
IMU1,18699,193667496,-1663,-332,776,-5510,-3569,258
IMU1,18700,193678343,-1702,-252,642,-5496,-3586,498
IMU1,18701,193689195,-1812,-182,518,-5477,-3512,717
IMU1,18702,193700065,-1920,-103,310,-5459,-3425,944
IMU1,18703,193710910,-1959,-29,67,-5441,-3395,1166
IMU1,18704,193721565,-1968,31,-20,-5419,-3377,1354
IMU1,18705,193732225,-2001,-39,-156,-5368,-3294,1520
IMU1,18706,193743170,-1862,-6,-52,-5184,-2909,1741
IMU1,18707,193753721,-1925,206,81,-5030,-2603,1750
IMU1,18708,193764469,-1878,284,-71,-4864,-2230,1685
IMU1,18709,193775322,-2217,413,-7,-4709,-1893,1566
IMU1,18710,193785996,-2164,439,-197,-4550,-1620,1472
IMU1,18711,193797052,-2284,561,-220,-4415,-1492,1372
IMU1,18712,193808107,-2411,594,-224,-4283,-1561,1280
IMU1,18713,193819151,-2407,671,-556,-4148,-1760,1145
IMU1,18714,193830216,-2397,611,-797,-3985,-2126,1080
IMU1,18715,193841301,-2382,501,-854,-3946,-2074,1005
IMU1,18716,193852365,-2313,335,-823,-3870,-1824,919
IMU1,18717,193863229,-2371,399,-608,-3699,-1404,838
IMU1,18718,193874096,-2427,577,-401,-3383,-908,743
IMU1,18719,193884749,-2517,474,-483,-2959,-501,627
IMU1,18720,193895420,-2539,411,-463,-2498,-377,496
IMU1,18721,193906597,-2572,377,-384,-1553,-1197,191
IMU1,18722,193917454,-2544,375,-208,-1096,-1860,39
IMU1,18723,193928114,-2539,810,-127,-552,-2354,-209
IMU1,18724,193938860,-3085,1920,-165,141,-2609,-673
IMU1,18725,193949705,-2802,1488,-829,656,-2811,-1126
IMU1,18726,193960746,-2495,240,-1063,713,-2902,-1435
IMU1,18727,193971801,-2469,-201,-751,462,-2575,-1466
IMU1,18728,193982745,-3130,188,-865,104,-111,-870
IMU1,18729,193993203,-2968,-6,-509,-585,343,-548
IMU1,18730,194005899,-2695,-369,145,-666,369,-306
IMU1,18731,194016338,-2426,-562,621,-601,431,-156
IMU1,18732,194026784,-2213,-767,814,-482,531,-86
IMU1,18733,194037035,-2143,-961,914,-359,522,-65
IMU1,18734,194047292,-2090,-1049,891,-244,397,-54
IMU1,18735,194057744,-2028,-1025,781,-155,235,-38
IMU1,18736,194068189,-1991,-899,638,-89,124,-19
IMU1,18737,194078234,-1986,-747,212,-36,85,-2
IMU1,18738,194089446,-2066,-229,160,32,113,21
IMU1,18739,194099281,-2024,-247,-58,29,215,26
IMU1,18740,194109006,-1950,-481,-348,-24,229,37
IMU1,18741,194119047,-2263,-355,-230,-80,238,76
IMU1,18742,194129094,-2133,-474,-102,-114,227,137
IMU1,18743,194139540,-1975,-774,-128,-117,164,146
IMU1,18744,194149986,-1941,-719,-70,-108,119,124
IMU1,18745,194160245,-2016,-720,-4,-81,86,103
IMU1,18746,194169874,-1995,-651,-33,-51,39,84
IMU1,18747,194179516,-1923,-640,-25,-45,-3,58
IMU1,18748,194189047,-1910,-643,-30,-54,-1,43
IMU1,18749,194198583,-1902,-612,-49,-77,30,50
IMU1,18750,194208237,-1871,-604,-22,-107,59,54
IMU1,18751,194218077,-1869,-654,-14,-128,86,52
IMU1,18752,194227920,-1847,-609,-28,-149,119,52
IMU1,18753,194237965,-1908,-636,-35,-165,143,45
IMU1,18754,194248022,-1960,-575,-71,-175,135,40
IMU1,18755,194258055,-1962,-654,-45,-183,106,43
IMU1,18756,194268083,-2063,-661,-35,-181,81,48
IMU1,18757,194277923,-2043,-655,-30,-175,64,67
IMU1,18758,194287770,-2034,-680,5,-176,57,74
IMU1,18759,194297330,-1969,-599,-12,-166,69,71
IMU1,18760,194307186,-1969,-516,48,-140,82,56
IMU1,18761,194316942,-1944,-471,42,-112,95,37
IMU1,18762,194326683,-1918,-439,51,-88,109,19
IMU1,18763,194336433,-1951,-400,78,-57,130,6
IMU1,18764,194345978,-2007,-393,87,-18,134,4
IMU1,18765,194355527,-2074,-401,96,20,113,11
IMU1,18766,194365167,-2119,-356,103,72,85,28
IMU1,18767,194374826,-2167,-287,96,124,68,48
IMU1,18768,194384478,-2206,-187,104,197,16,58
IMU1,18769,194394331,-2316,-14,115,298,-107,48
IMU1,18770,194404291,-2393,240,73,429,-256,44
IMU1,18771,194414150,-2321,377,-73,597,-337,95
IMU1,18772,194424113,-2514,886,-249,876,-268,223
IMU1,18773,194434472,-2677,1870,-718,1214,-190,354
IMU1,18774,194445238,-2799,2304,-973,1863,-256,432
IMU1,18775,194456002,-2996,2729,-1140,2215,-286,405
IMU1,18776,194466962,-3154,3279,-1369,2665,-308,346
IMU1,18777,194477929,-3190,3679,-1232,3270,-383,240
IMU1,18778,194488916,-3468,3920,-1176,4104,-392,95
IMU1,18779,194499686,-3864,3896,-1066,5128,-182,1
IMU1,18780,194510238,-4223,3566,-1130,6264,300,33
IMU1,18781,194520924,-4785,3469,-1471,7359,1060,230
IMU1,18782,194532017,-4682,3634,-1421,8879,3413,1033
IMU1,18783,194543305,-4747,3729,-758,9287,4683,1554
IMU1,18784,194554416,-4266,4111,594,9641,5977,2130
IMU1,18785,194565424,-4004,4006,2096,10090,7270,2672
IMU1,18786,194576776,-3891,4187,3105,10660,8153,3156
IMU1,18787,194588156,-3614,3639,4108,11269,8152,3503
IMU1,18788,194599542,-3597,3540,3729,12328,5020,3381
IMU1,18789,194610931,-3260,3276,3457,12560,2822,2909
IMU1,18790,194622307,-3214,3009,3150,12586,1074,2172
IMU1,18791,194633697,-3325,2840,2876,12430,-134,1336
IMU1,18792,194644964,-2996,2570,2636,12112,-988,547
IMU1,18793,194656018,-1673,2308,2366,11637,-1838,-1085
IMU1,18794,194667569,-1237,2042,2350,10372,-1697,-1837
IMU1,18795,194679121,-1252,2156,2383,9636,-993,-2500
IMU1,18796,194690298,-1997,1808,2743,8838,-96,-2819
IMU1,18797,194701253,-2400,1196,2825,7999,736,-2547
IMU1,18798,194712336,-2705,804,2923,7035,1397,-1816
IMU1,18799,194723410,-2115,161,3718,4741,785,-178
IMU1,18800,194734081,-1870,-46,3464,3542,-184,303
IMU1,18801,194744623,-1983,156,2606,2275,-1088,582
IMU1,18802,194755475,-2061,-157,1661,931,-1713,808
IMU1,18803,194766223,-1859,-274,1209,-339,-1908,1051
IMU1,18804,194777261,-1652,-421,1024,-1348,-1584,1226
IMU1,18805,194788508,-1529,-702,1107,-2040,-927,1294
IMU1,18806,194799552,-1509,-901,1659,-2371,-252,1269
IMU1,18807,194810617,-1438,-1013,1758,-2063,494,999
IMU1,18808,194821572,-1582,-978,1712,-1621,504,763
IMU1,18809,194832320,-1693,-1013,1585,-1134,295,526
IMU1,18810,194843261,-1825,-1031,1456,-666,-83,330
IMU1,18811,194853898,-1882,-988,1242,-258,-525,194
IMU1,18812,194864547,-1795,-956,1069,44,-905,110
IMU1,18813,194874908,-1767,-869,893,232,-1112,47
# swing_peak_seq=18787
IMU1,18814,194885259,-1709,-809,751,299,-1127,5
IMU1,18815,194895406,-1705,-781,694,259,-1019,-22
IMU1,18816,194905844,-1755,-770,726,142,-857,-37
IMU1,18817,194916612,-1778,-786,791,-186,-575,-13
IMU1,18818,194926966,-1788,-741,939,-353,-506,25
IMU1,18819,194937221,-1813,-712,1096,-491,-483,57
IMU1,18820,194947677,-1885,-706,1199,-588,-483,79
IMU1,18821,194958139,-1958,-707,1234,-674,-517,103
IMU1,18822,194968799,-2015,-701,1271,-768,-595,113
IMU1,18823,194979473,-2031,-686,1320,-881,-694,105
IMU1,18824,194990106,-2022,-664,1316,-1016,-768,64
IMU1,18825,195000741,-2105,-503,1305,-1179,-827,-6
IMU1,18826,195013836,-2210,-755,1270,-1593,-982,-156
IMU1,18827,195024800,-2199,-732,1375,-1820,-1056,-205
IMU1,18828,195035935,-2171,-657,1420,-2034,-1094,-274
IMU1,18829,195047092,-2100,-594,1460,-2254,-1141,-376
IMU1,18830,195058239,-2140,-573,1417,-2491,-1259,-514
IMU1,18831,195069403,-2086,-483,1362,-2755,-1478,-806
IMU1,18832,195080550,-2061,-427,1403,-3328,-1962,-928
IMU1,18833,195091691,-2010,-378,1376,-3602,-2071,-1023
IMU1,18834,195103036,-1947,-373,1374,-3858,-2120,-1092
IMU1,18835,195114389,-1896,-347,1330,-4103,-2134,-1139
IMU1,18836,195125746,-1827,-303,1286,-4339,-2119,-1158
IMU1,18837,195137105,-1724,-263,1266,-4749,-2037,-1101
IMU1,18838,195148462,-1709,-254,1240,-4915,-1973,-1019
IMU1,18839,195159821,-1674,-236,1270,-5050,-1957,-912
IMU1,18840,195170995,-1677,-261,1315,-5151,-2018,-786
IMU1,18841,195182154,-1650,-262,1368,-5214,-2169,-637
IMU1,18842,195193303,-1616,-245,1430,-5228,-2423,-483
IMU1,18843,195204451,-1412,-264,1300,-5157,-3150,-199
IMU1,18844,195215594,-1448,-256,1132,-5113,-3498,-60
IMU1,18845,195226546,-1327,-176,1031,-5071,-3679,105
IMU1,18846,195237592,-1418,-192,822,-5050,-3637,287
IMU1,18847,195248451,-1597,-332,797,-5027,-3617,522
IMU1,18848,195259318,-1670,-337,880,-4969,-3721,799
IMU1,18849,195270175,-1672,-205,833,-4867,-3885,1057
IMU1,18850,195281227,-1820,20,448,-4660,-4056,1461
IMU1,18851,195291979,-1952,82,162,-4616,-4003,1657
IMU1,18852,195302737,-1999,105,-17,-4622,-3815,1869
IMU1,18853,195313586,-2046,17,-184,-4655,-3500,2071
IMU1,18854,195324447,-1976,-122,-98,-4683,-3081,2246
IMU1,18855,195335397,-1870,43,-85,-4683,-2540,2361
IMU1,18856,195346059,-2165,-30,-17,-4676,-1944,2354
IMU1,18857,195356809,-2271,-73,180,-4630,-1456,2399
IMU1,18858,195367668,-2301,192,214,-4488,-1270,2418
IMU1,18859,195378630,-2429,341,261,-3954,-1586,2303
IMU1,18860,195389607,-2648,378,124,-3598,-2055,2147
IMU1,18861,195400552,-2699,369,-107,-3233,-2611,2035
IMU1,18862,195411588,-2685,386,-182,-2927,-3052,1931
IMU1,18863,195422634,-2660,397,-133,-2691,-3117,1824
IMU1,18864,195433699,-2598,387,-299,-2524,-2716,1706
IMU1,18865,195444751,-2587,418,-328,-2481,-1372,1373
IMU1,18866,195455793,-2632,428,-335,-2502,-984,1156
IMU1,18867,195466665,-2640,377,-228,-2495,-902,919
IMU1,18868,195477314,-2619,343,-96,-2425,-955,693
IMU1,18869,195487772,-2578,300,-36,-2277,-994,489
IMU1,18870,195498226,-2468,596,232,-2067,-960,295
IMU1,18871,195508795,-2524,1340,250,-1484,-604,-52
IMU1,18872,195519457,-2962,1502,-737,-229,-215,-654
IMU1,18873,195530220,-2538,1136,-788,653,-563,-1188
IMU1,18874,195541095,-3274,560,-1486,287,370,-1329
IMU1,18875,195551855,-3300,-3,-1466,-232,511,-1051
IMU1,18876,195562417,-3539,179,-728,-573,77,-656
IMU1,18877,195572673,-2921,-76,-152,-682,-300,-259
IMU1,18878,195583126,-2342,-297,329,-666,-361,-30
IMU1,18879,195593492,-1980,-497,749,-587,-219,58
IMU1,18880,195603749,-1809,-750,1072,-446,-18,59
IMU1,18881,195613993,-1802,-979,1211,-266,156,31
IMU1,18882,195624348,-1866,-1170,1255,-116,246,21
IMU1,18883,195634895,-1899,-1243,1202,-24,231,41
IMU1,18884,195645245,-1886,-1185,1087,-1,148,61
IMU1,18885,195655397,-1879,-1047,745,-19,63,66
IMU1,18886,195666389,-1991,-653,495,-9,0,56
IMU1,18887,195676160,-2099,-426,282,54,-64,56
IMU1,18888,195685900,-2484,100,276,134,-136,42
IMU1,18889,195695955,-2072,-436,-253,200,-296,59
IMU1,18890,195706211,-1901,-781,-442,182,-469,72
IMU1,18891,195716474,-2012,-479,-285,112,-348,98
IMU1,18892,195726721,-2091,-317,-178,40,-62,119
IMU1,18893,195736764,-2068,-440,-117,-31,45,120
IMU1,18894,195746813,-2016,-500,61,-69,-17,117
IMU1,18895,195756662,-2032,-416,221,-81,-72,121
IMU1,18896,195766715,-1875,-621,222,-81,-111,126
IMU1,18897,195776972,-1907,-755,252,-92,-146,131
IMU1,18898,195787225,-1576,-786,309,-119,-24,139
IMU1,18899,195797490,-1919,-660,314,-158,184,125
IMU1,18900,195807847,-2087,-642,372,-169,188,143
IMU1,18901,195818192,-1589,-984,229,-161,78,143
IMU1,18902,195828353,-1915,-720,266,-149,69,102
IMU1,18903,195839557,-1947,-603,167,-85,46,94
IMU1,18904,195849324,-1921,-531,183,-70,14,73
IMU1,18905,195859069,-1911,-476,150,-59,26,24
IMU1,18906,195868831,-1906,-416,141,-62,62,-17
IMU1,18907,195878673,-1861,-382,164,-80,105,-31
IMU1,18908,195888708,-1937,-383,196,-96,130,-30
IMU1,18909,195898752,-1919,-368,261,-111,134,-14
IMU1,18910,195909003,-1922,-351,283,-108,114,-4
IMU1,18911,195919050,-1897,-341,336,-95,68,-4
IMU1,18912,195928708,-1936,-309,393,-54,0,-16
IMU1,18913,195938267,-1974,-242,379,1,-86,-24
IMU1,18914,195947917,-2069,-180,472,66,-192,-40
IMU1,18915,195957976,-2105,-118,467,159,-274,-50
IMU1,18916,195968229,-2217,20,333,261,-352,-58
IMU1,18917,195978173,-2468,176,199,358,-533,-40
IMU1,18918,195988334,-2518,182,89,519,-734,78
IMU1,18919,195998210,-2744,685,-109,793,-856,306
IMU1,18920,196008576,-3105,1222,-194,1108,-1091,557
IMU1,18921,196022097,-3507,1977,62,1868,-2190,954
IMU1,18922,196032769,-3456,1844,266,2387,-2608,1096
IMU1,18923,196043830,-3696,1746,-1,2955,-2689,1197
IMU1,18924,196054603,-4132,2128,-442,3440,-2527,1311
IMU1,18925,196065766,-4218,2697,-971,3779,-2311,1411
IMU1,18926,196076933,-4233,3185,-1603,3964,-2214,1386
IMU1,18927,196088303,-3922,3620,-1760,4028,-2175,1172
IMU1,18928,196099672,-2849,3634,-1023,4305,-1219,-98
IMU1,18929,196110730,-2805,3178,-261,4893,-111,-1075
IMU1,18930,196121791,-2601,2923,7,5875,1218,-2051
IMU1,18931,196132450,-2426,2921,305,7102,2358,-3014
IMU1,18932,196143539,-2412,2856,446,8456,2974,-3943
IMU1,18933,196154623,-2481,2892,722,9776,3279,-4718
IMU1,18934,196165710,-2272,3754,1604,10996,3698,-5657
IMU1,18935,196177191,-2254,4327,2048,13178,5233,-5858
IMU1,18936,196188674,-2107,5023,2307,14047,6122,-5842
IMU1,18937,196200172,-2100,5543,2367,14673,6963,-5646
IMU1,18938,196211651,-2341,6440,2448,14996,7745,-5274
IMU1,18939,196223135,-2539,6805,2190,14946,8479,-4753
IMU1,18940,196234647,-2768,6203,2179,13388,8374,-3500
IMU1,18941,196246138,-2934,4805,2802,11951,6268,-2912
IMU1,18942,196257626,-2909,3558,3195,10335,2988,-2398
IMU1,18943,196269115,-2988,2619,3689,8658,-14,-1764
IMU1,18944,196280085,-3203,1818,6521,7168,-1376,-783
IMU1,18945,196291256,-2898,100,4747,5206,26,1693
IMU1,18946,196301816,-3259,409,1095,3085,-754,2441
IMU1,18947,196312683,-2659,-166,-394,216,-1704,2792
IMU1,18948,196323538,-2423,-313,-663,-2444,-1347,2794
IMU1,18949,196334695,-2194,-722,-459,-4335,129,2680
IMU1,18950,196345561,-1765,-1273,544,-5308,1589,2222
IMU1,18951,196356754,-1521,-1349,1899,-5266,2564,1480
IMU1,18952,196368123,-1900,-1175,2744,-2769,3212,-39
IMU1,18953,196379179,-2160,-1321,2385,-1006,2396,-501
IMU1,18954,196390456,-2142,-1342,1820,631,750,-731
IMU1,18955,196401234,-1935,-1327,1387,1909,-1117,-891
IMU1,18956,196412505,-1763,-1309,903,2699,-2371,-1034
IMU1,18957,196423771,-1754,-1226,363,2973,-2602,-1133
IMU1,18958,196435031,-1734,-949,-312,2774,-2098,-984
IMU1,18959,196446008,-1685,-816,-72,1407,-399,-819
IMU1,18960,196456557,-1706,-814,423,573,367,-660
IMU1,18961,196466914,-1803,-862,975,-142,806,-522
IMU1,18962,196477372,-1917,-910,1430,-643,826,-419
IMU1,18963,196488050,-2005,-921,1718,-927,500,-338
IMU1,18964,196498695,-1999,-854,1741,-1040,1,-292
IMU1,18965,196509155,-2096,-879,1717,-1075,-470,-293
# swing_peak_seq=18939
IMU1,18966,196520112,-2201,-881,1657,-1076,-832,-286
IMU1,18967,196531063,-2112,-717,1429,-1076,-1106,-310
IMU1,18968,196542240,-2120,-709,1323,-1216,-1317,-391
IMU1,18969,196553401,-2154,-721,1259,-1386,-1351,-500
IMU1,18970,196564571,-2210,-737,1220,-1600,-1381,-617
IMU1,18971,196575731,-2277,-704,1273,-1846,-1424,-715
IMU1,18972,196586915,-2260,-688,1339,-2088,-1491,-800
IMU1,18973,196598073,-2283,-560,1403,-2316,-1596,-883
IMU1,18974,196609255,-2283,-359,1425,-2772,-1983,-1062
IMU1,18975,196620573,-2234,-477,1310,-3022,-2223,-1134
IMU1,18976,196631919,-2262,-508,1245,-3285,-2433,-1186
IMU1,18977,196643258,-2242,-280,1236,-3553,-2571,-1177
IMU1,18978,196654582,-2172,-175,1169,-3804,-2599,-1136
IMU1,18979,196665912,-2169,-135,1125,-4051,-2502,-1017
IMU1,18980,196677244,-2086,-92,1149,-4467,-2471,-930
IMU1,18981,196688183,-2037,-140,1072,-4637,-2484,-841
IMU1,18982,196699314,-1997,-181,1074,-4796,-2593,-750
IMU1,18983,196710463,-1938,-128,1076,-4937,-2766,-654
IMU1,18984,196721584,-1863,-111,1031,-5053,-2966,-560
IMU1,18985,196732729,-1780,-65,903,-5155,-3123,-461
IMU1,18986,196743997,-1768,-158,891,-5314,-3391,-258
IMU1,18987,196754939,-1717,-102,840,-5354,-3624,-115
IMU1,18988,196765882,-1618,-71,668,-5371,-3807,36
IMU1,18989,196776330,-1586,-68,560,-5420,-3915,180
IMU1,18990,196786979,-1604,0,513,-5491,-3966,318
IMU1,18991,196797244,-1709,41,484,-5545,-3997,461
IMU1,18992,196807807,-1831,44,400,-5576,-4001,628
IMU1,18993,196818353,-1968,102,258,-5611,-3935,821
IMU1,18994,196829090,-2002,152,-285,-5660,-3795,1031
IMU1,18995,196840136,-1871,56,-450,-5825,-3238,1317
IMU1,18996,196850973,-1778,-18,-481,-5918,-2663,1333
IMU1,18997,196861916,-1766,-192,-176,-5947,-1850,1263
IMU1,18998,196873060,-1659,-320,-94,-5890,-998,1142
IMU1,18999,196883794,-1732,-449,-75,-5729,-329,984
IMU1,19000,196894334,-1961,-224,19,-5449,33,817
IMU1,19001,196904480,-2295,86,-51,-5053,89,681
IMU1,19002,196914427,-2433,337,-146,-4570,-180,595
IMU1,19003,196925079,-2471,352,-164,-4049,-757,537
IMU1,19004,196936252,-2509,462,-186,-3013,-2150,478
IMU1,19005,196947099,-2547,405,-330,-2587,-2632,453
IMU1,19006,196957943,-2740,395,-542,-2249,-2872,435
IMU1,19007,196968798,-2714,475,-422,-2031,-2904,478
IMU1,19008,196979649,-2727,511,-1087,-1871,-2757,529
IMU1,19009,196990691,-2755,583,-1040,-1832,-2482,592
IMU1,19010,197001754,-2832,584,-1112,-1886,-2074,660
IMU1,19011,197012814,-2763,500,-979,-2095,-1177,792
IMU1,19012,197026221,-2653,414,-935,-2109,-789,804
IMU1,19013,197036867,-2350,1147,5,-1911,-394,672
IMU1,19014,197047232,-2646,1292,-639,-844,456,72
IMU1,19015,197057581,-3374,1984,-881,487,663,-750
IMU1,19016,197068137,-2484,-93,-1121,1073,-169,-1198
IMU1,19017,197079087,-3010,446,-1824,1109,-776,-1291
IMU1,19018,197090141,-2759,505,-1459,384,-978,-852
IMU1,19019,197100795,-2448,40,-954,62,-967,-620
IMU1,19020,197110862,-2330,-310,-366,-139,-825,-396
IMU1,19021,197121513,-2119,-573,134,-216,-658,-210
IMU1,19022,197132039,-1862,-745,570,-177,-589,-100
IMU1,19023,197142573,-1851,-920,736,-61,-564,-64
IMU1,19024,197152709,-1809,-1003,746,59,-526,-41
IMU1,19025,197162943,-1900,-1102,676,131,-466,-42
IMU1,19026,197173389,-1880,-1119,512,154,-370,-52
IMU1,19027,197183843,-1849,-1061,377,133,-269,-90
IMU1,19028,197194287,-1846,-796,154,117,-184,-143
IMU1,19029,197205248,-1907,-643,-4,170,-53,-219
IMU1,19030,197215180,-1961,-543,-111,205,-51,-229
IMU1,19031,197225526,-1995,-523,-221,249,-115,-243
IMU1,19032,197236058,-2038,-543,-309,264,-243,-237
IMU1,19033,197246597,-2111,-463,-368,251,-369,-203
IMU1,19034,197257140,-2120,-454,-412,206,-416,-170
IMU1,19035,197267676,-2151,-472,-412,140,-389,-135
IMU1,19036,197278217,-2209,-520,-385,65,-314,-92
IMU1,19037,197288369,-2214,-510,-306,-7,-241,-36
IMU1,19038,197298401,-2228,-495,-188,-58,-219,13
IMU1,19039,197308536,-2265,-448,-111,-74,-239,57
IMU1,19040,197318680,-2340,-371,-104,-75,-308,107
IMU1,19041,197329018,-2587,-136,-322,-58,-427,170
IMU1,19042,197339858,-2662,25,-515,20,-838,303
IMU1,19043,197349810,-2796,417,-659,69,-950,360
IMU1,19044,197359966,-2834,960,-834,153,-816,485
IMU1,19045,197370325,-2941,1454,-989,304,-421,625
IMU1,19046,197380884,-3289,1778,-927,531,111,732
IMU1,19047,197391333,-3578,2088,-1092,918,753,849
IMU1,19048,197402006,-3697,2421,-1298,1410,1265,950
IMU1,19049,197413062,-3736,2856,-1464,1990,1529,975
IMU1,19050,197424136,-3724,3275,-1637,2664,1608,891
IMU1,19051,197435195,-3732,3653,-1228,3423,1621,461
IMU1,19052,197446266,-3833,3565,-1015,5174,2091,261
IMU1,19053,197457331,-3909,3591,-905,6036,2547,153
IMU1,19054,197468212,-3989,3593,-624,6770,3023,147
IMU1,19055,197479085,-4027,3468,-158,7397,3533,241
IMU1,19056,197489943,-3855,3049,356,7928,4135,441
IMU1,19057,197500713,-3941,2749,1083,8390,4851,749
IMU1,19058,197511703,-3816,2360,2703,8860,5611,1201
IMU1,19059,197522887,-3555,2125,3136,9921,6383,2201
IMU1,19060,197534083,-3491,2372,3184,10411,6020,2632
IMU1,19061,197545469,-3502,2767,3040,10807,5152,2919
IMU1,19062,197556851,-3414,2997,2944,11061,4031,3011
IMU1,19063,197568235,-3227,3134,2824,11195,2903,2873
IMU1,19064,197579620,-2780,2977,3029,11200,1356,2060
IMU1,19065,197591006,-2348,2728,2971,10869,1049,1506
IMU1,19066,197602399,-1778,2213,3008,10502,912,826
IMU1,19067,197613374,-1456,1686,3026,10014,648,11
IMU1,19068,197624137,-1351,1211,3083,9446,-75,-905
IMU1,19069,197634912,-1579,964,2925,8858,-1283,-1830
IMU1,19070,197646058,-1751,698,2321,8201,-2461,-2596
IMU1,19071,197657217,-1954,388,2189,6530,-2264,-3028
IMU1,19072,197668386,-1893,251,2320,5597,-1041,-2644
IMU1,19073,197679547,-1807,77,2501,4691,363,-2040
IMU1,19074,197690218,-1712,-238,2768,3790,1454,-1375
IMU1,19075,197701381,-1583,-324,2951,2886,1830,-800
IMU1,19076,197712338,-1645,-334,2792,1984,1404,-394
IMU1,19077,197723292,-1796,-705,2037,1066,428,-114
IMU1,19078,197734049,-1739,-690,1735,-585,-1169,359
IMU1,19079,197744917,-1814,-793,1513,-1200,-1135,631
IMU1,19080,197755986,-1672,-906,1535,-1627,-791,894
IMU1,19081,197766849,-1570,-989,1626,-1863,-364,1075
IMU1,19082,197777885,-1524,-1046,1720,-1926,18,1128
IMU1,19083,197788827,-1662,-1201,1775,-1853,240,1071
IMU1,19084,197799963,-1720,-1223,1706,-1685,228,957
IMU1,19085,197811437,-1747,-1162,1557,-1246,-421,577
IMU1,19086,197822493,-1807,-1103,1430,-1050,-850,342
IMU1,19087,197833549,-1813,-1117,1368,-886,-1161,133
# swing_peak_seq=19061
IMU1,19088,197844612,-1804,-1171,1340,-748,-1276,-39
IMU1,19089,197855556,-1846,-1181,1281,-644,-1226,-175
IMU1,19090,197866697,-1925,-1178,1200,-600,-1082,-269
IMU1,19091,197877844,-1936,-1200,1207,-740,-810,-348
IMU1,19092,197888783,-1945,-1160,1256,-888,-771,-374
IMU1,19093,197899725,-1942,-1147,1285,-1052,-829,-438
IMU1,19094,197910862,-1951,-1101,1296,-1231,-969,-498
IMU1,19095,197922017,-1973,-994,1333,-1428,-1134,-534
IMU1,19096,197933156,-1950,-939,1310,-1636,-1269,-553
IMU1,19097,197944308,-1888,-1188,1306,-1868,-1382,-566
IMU1,19098,197955656,-1871,-964,1284,-2332,-1494,-549
IMU1,19099,197966803,-1879,-940,1229,-2571,-1442,-533
IMU1,19100,197977946,-1931,-980,1183,-2817,-1386,-522
IMU1,19101,197989094,-1968,-989,1137,-3070,-1350,-507
IMU1,19102,198000261,-1925,-957,1153,-3324,-1330,-500
IMU1,19103,198011415,-1868,-929,1175,-3568,-1308,-518
IMU1,19104,198022574,-1687,-899,1190,-3983,-1307,-651
IMU1,19105,198036272,-1641,-852,1182,-4144,-1359,-739
IMU1,19106,198047435,-1557,-834,1204,-4257,-1433,-819
IMU1,19107,198058593,-1521,-841,1125,-4332,-1501,-894
IMU1,19108,198069749,-1523,-874,1131,-4376,-1610,-964
IMU1,19109,198080912,-1508,-809,1101,-4361,-1931,-971
IMU1,19110,198092064,-1495,-754,1073,-4304,-2129,-968
IMU1,19111,198103229,-1496,-723,1037,-4220,-2343,-936
IMU1,19112,198114389,-1498,-749,1039,-4107,-2549,-874
IMU1,19113,198125563,-1425,-778,989,-3957,-2754,-792
IMU1,19114,198136538,-1314,-759,830,-3782,-2963,-721
IMU1,19115,198148028,-1266,-722,772,-3426,-3274,-636
IMU1,19116,198158988,-1264,-715,707,-3267,-3338,-587
IMU1,19117,198169959,-1248,-655,622,-3126,-3335,-525
IMU1,19118,198180917,-1244,-592,515,-3027,-3262,-448
IMU1,19119,198191883,-1311,-559,447,-2971,-3148,-354
IMU1,19120,198202860,-1394,-549,493,-2931,-3058,-242
IMU1,19121,198213824,-1459,-474,415,-2874,-3050,-111
IMU1,19122,198224785,-1480,-488,293,-2781,-3229,177
IMU1,19123,198235638,-1547,-447,232,-2785,-3311,340
IMU1,19124,198246513,-1661,-425,258,-2814,-3308,528
IMU1,19125,198257343,-1531,-249,72,-2857,-3223,735
IMU1,19126,198267991,-1624,-265,63,-2931,-3077,895
IMU1,19127,198278652,-1788,-283,-142,-3023,-2891,1061
IMU1,19128,198289793,-2018,-288,40,-3130,-2717,1280
IMU1,19129,198300644,-2371,-163,-89,-3189,-2595,1828
IMU1,19130,198311600,-2524,-273,-270,-3224,-2590,2116
IMU1,19131,198322758,-2510,-262,-394,-3241,-2692,2384
IMU1,19132,198333930,-2304,-173,-508,-3265,-2782,2553
IMU1,19133,198345098,-2181,-160,-452,-3281,-2781,2592
IMU1,19134,198356251,-2096,-172,-254,-3243,-2618,2516
IMU1,19135,198367402,-2230,-152,-246,-3115,-2306,2372
IMU1,19136,198378587,-2625,-105,-261,-2731,-1544,2113
IMU1,19137,198389744,-2716,-94,-285,-2512,-1238,2005
IMU1,19138,198400723,-2847,-5,-264,-2295,-1033,1898
IMU1,19139,198411457,-2895,55,-263,-2083,-882,1774
IMU1,19140,198422090,-2919,58,-323,-1904,-787,1639
IMU1,19141,198432737,-2927,11,-373,-1765,-729,1490
IMU1,19142,198443376,-2887,7,-405,-1660,-695,1333
IMU1,19143,198453816,-2842,-20,-439,-1582,-678,1161
IMU1,19144,198465076,-2653,-95,-521,-1445,-615,783
IMU1,19145,198475620,-2587,-142,-424,-1382,-539,597
IMU1,19146,198486363,-2561,-214,-226,-1274,-424,416
IMU1,19147,198497107,-2497,-260,-57,-1108,-302,262
IMU1,19148,198507658,-2405,-272,84,-886,-178,104
IMU1,19149,198517896,-2430,-219,89,-549,17,-70
IMU1,19150,198527750,-2523,-18,-138,-125,219,-202
IMU1,19151,198538108,-2551,166,-413,233,215,-271
IMU1,19152,198548471,-2563,142,-496,452,-112,-324
IMU1,19153,198558923,-2536,13,-545,542,-486,-329
IMU1,19154,198569182,-2510,-94,-601,510,-568,-289
IMU1,19155,198580582,-2384,-202,-702,154,-99,-133
IMU1,19156,198590927,-2294,-223,-582,-38,100,-61
IMU1,19157,198601079,-2178,-269,-393,-178,213,9
IMU1,19158,198611132,-2058,-339,-176,-253,281,64
IMU1,19159,198621387,-1941,-407,6,-278,285,103
IMU1,19160,198631343,-1873,-479,157,-263,235,111
IMU1,19161,198641709,-1826,-570,293,-218,125,103
IMU1,19162,198652064,-1788,-642,377,-146,-29,78
IMU1,19163,198662121,-1774,-688,424,-56,-184,36
IMU1,19164,198672153,-1778,-743,378,24,-290,-6
IMU1,19165,198681995,-1775,-743,277,73,-309,-47
IMU1,19166,198692040,-1761,-714,170,87,-254,-85
IMU1,19167,198702074,-1774,-686,108,73,-150,-120
IMU1,19168,198712325,-1841,-640,69,61,-36,-145
IMU1,19169,198722164,-1881,-619,30,59,46,-165
IMU1,19170,198731909,-1920,-602,-11,66,60,-183
IMU1,19171,198741762,-1958,-591,-67,84,23,-209
IMU1,19172,198751602,-2020,-529,-109,99,-52,-226
IMU1,19173,198761748,-2061,-505,-196,111,-136,-234
IMU1,19174,198772806,-2132,-465,-248,73,-194,-215
IMU1,19175,198783144,-2104,-581,-254,17,-136,-184
IMU1,19176,198793497,-2135,-583,-173,-48,-50,-145
IMU1,19177,198803743,-2087,-627,-68,-96,0,-107
IMU1,19178,198813391,-2066,-632,25,-118,1,-88
IMU1,19179,198823052,-2023,-684,81,-113,-32,-76
IMU1,19180,198832990,-2000,-701,75,-90,-70,-71
IMU1,19181,198842742,-2024,-652,53,-68,-102,-61
IMU1,19182,198852688,-2027,-618,24,-58,-115,-45
IMU1,19183,198862637,-2045,-591,-14,-65,-98,-29
IMU1,19184,198872479,-2151,-354,80,-81,-59,-13
IMU1,19185,198882229,-1955,-625,-163,-97,-32,5
IMU1,19186,198891978,-2057,-707,-97,-128,-35,15
IMU1,19187,198901931,-2156,-355,-89,-128,-31,52
IMU1,19188,198911876,-2125,-372,-143,-119,-73,70
IMU1,19189,198922046,-2113,-298,-275,-114,-182,61
IMU1,19190,198932392,-2132,-166,-260,-112,-325,47
IMU1,19191,198942741,-2209,23,-304,-84,-453,37
IMU1,19192,198952595,-2272,202,-409,-45,-556,43
IMU1,19193,198962655,-2383,424,-467,20,-642,54
IMU1,19194,198972625,-2542,721,-519,165,-642,71
IMU1,19195,198982798,-2797,1019,-985,390,-521,112
IMU1,19196,198993894,-3220,1675,-1041,995,-477,155
IMU1,19197,199004663,-3626,1991,-964,1406,-608,145
IMU1,19198,199015435,-4058,2392,-1377,1910,-721,142
IMU1,19199,199026421,-4418,2852,-2093,2419,-855,128
IMU1,19200,199039952,-4762,3501,-2704,2917,-1052,41
IMU1,19201,199050944,-5385,4377,-2491,3460,-672,-436
IMU1,19202,199062003,-5602,4398,-1840,4997,392,-695
IMU1,19203,199072972,-5569,4504,-1327,5998,1854,-873
IMU1,19204,199084125,-5315,4607,-748,7039,3309,-991
IMU1,19205,199095095,-4903,4550,-27,8057,4599,-1072
IMU1,19206,199106058,-4482,4541,887,9021,5782,-1094
IMU1,19207,199117122,-3909,4698,1937,9921,6954,-1033
IMU1,19208,199128393,-3501,5126,4024,11636,8960,-717
IMU1,19209,199139657,-3948,5776,5229,12484,9663,-277
IMU1,19210,199150932,-3978,6270,5246,13219,9869,403
IMU1,19211,199162121,-4067,6723,4737,13540,9209,1094
IMU1,19212,199173508,-4314,6637,4852,13359,7776,1605
IMU1,19213,199184888,-3978,5902,5341,12934,5936,1878
IMU1,19214,199196270,-2647,3754,5399,12034,2278,1461
IMU1,19215,199207650,-2081,2701,5038,11557,520,741
IMU1,19216,199218629,-2006,1432,4819,10877,-883,-108
IMU1,19217,199229784,-2385,390,5324,9932,-1452,-758
IMU1,19218,199240737,-2933,-842,6988,8850,-1024,-932
IMU1,19219,199251783,-2482,-2070,5254,7643,-184,-623
IMU1,19220,199262832,-2768,466,553,2932,-1003,-195
IMU1,19221,199273577,-2599,-423,-187,6,-1158,-2
IMU1,19222,199283507,-2067,-617,225,-2417,-349,297
IMU1,19223,199294140,-1624,-922,1037,-3906,1029,468
IMU1,19224,199305085,-1375,-1227,2027,-4448,2257,425
IMU1,19225,199316227,-1292,-1315,2732,-4159,2848,206
IMU1,19226,199327367,-1288,-1387,2892,-3288,2652,-92
IMU1,19227,199338387,-1383,-1385,2632,-2127,1719,-375
IMU1,19228,199349628,-1669,-1455,1773,73,-1063,-692
IMU1,19229,199360466,-1623,-1361,1290,854,-2059,-745
IMU1,19230,199371484,-1570,-1297,925,1369,-2525,-796
IMU1,19231,199382542,-1473,-1303,664,1628,-2558,-839
IMU1,19232,199393584,-1354,-1270,495,1666,-2212,-882
IMU1,19233,199404626,-1299,-1252,573,1530,-1640,-932
IMU1,19234,199415670,-1331,-1289,809,1316,-1070,-971
IMU1,19235,199426708,-1353,-1241,962,816,-567,-989
IMU1,19236,199437343,-1320,-1247,1236,571,-593,-973
# swing_peak_seq=19210
IMU1,19237,199448191,-1334,-1240,1433,389,-736,-951
IMU1,19238,199459044,-1311,-1208,1554,265,-942,-919
IMU1,19239,199469897,-1341,-1177,1599,177,-1165,-881
IMU1,19240,199480953,-1407,-1157,1559,106,-1364,-837
IMU1,19241,199491991,-1414,-1146,1488,28,-1479,-772
IMU1,19242,199502836,-1401,-1143,1264,-81,-1426,-605
IMU1,19243,199513777,-1459,-1188,1158,-457,-949,-516
IMU1,19244,199524725,-1526,-1228,1105,-711,-774,-428
IMU1,19245,199535675,-1612,-1264,1070,-969,-704,-344
IMU1,19246,199546621,-1662,-1256,1024,-1222,-720,-254
IMU1,19247,199557764,-1614,-1238,1002,-1463,-801,-183
IMU1,19248,199568878,-1595,-1246,1025,-1678,-925,-147
IMU1,19249,199580015,-1545,-1167,1048,-1978,-1254,-166
IMU1,19250,199591347,-1526,-1113,1016,-2080,-1443,-206
IMU1,19251,199602687,-1495,-1108,1025,-2139,-1599,-272
IMU1,19252,199614038,-1451,-1104,990,-2176,-1720,-338
IMU1,19253,199625189,-1431,-1036,932,-2199,-1797,-412
IMU1,19254,199636345,-1441,-1003,865,-2227,-1838,-480
IMU1,19255,199647490,-1457,-936,735,-2318,-1876,-564
IMU1,19256,199658454,-1438,-884,728,-2403,-1922,-577
IMU1,19257,199669398,-1413,-844,782,-2483,-2028,-592
IMU1,19258,199680360,-1341,-796,730,-2559,-2187,-622
IMU1,19259,199691290,-1299,-767,704,-2627,-2370,-672
IMU1,19260,199702219,-1254,-770,734,-2686,-2531,-728
IMU1,19261,199713167,-1280,-735,789,-2730,-2638,-787
IMU1,19262,199724106,-1139,-881,485,-2779,-2738,-954
IMU1,19263,199735041,-1093,-928,437,-3011,-2752,-1084
IMU1,19264,199746180,-972,-850,289,-3163,-2692,-1236
IMU1,19265,199757122,-908,-779,172,-3323,-2482,-1420
IMU1,19266,199768057,-862,-815,53,-3472,-2116,-1600
IMU1,19267,199778785,-794,-854,-41,-3577,-1622,-1747
IMU1,19268,199789624,-619,-1089,-166,-3631,-1010,-1858
IMU1,19269,199800854,-542,-1090,168,-3625,-311,-1999
IMU1,19270,199811800,-438,-1142,54,-3335,1285,-2028
IMU1,19271,199822640,-427,-1280,12,-3118,2035,-2042
IMU1,19272,199833485,-400,-1389,-100,-2886,2610,-2027
IMU1,19273,199844624,-269,-1384,-280,-2666,2968,-1986
IMU1,19274,199855756,-252,-1489,-235,-2471,3116,-1951
IMU1,19275,199866918,-214,-1517,-270,-2265,3106,-1898
IMU1,19276,199878074,291,-932,-709,-2051,2605,-1818
IMU1,19277,199888937,-177,-1114,-849,-1795,1988,-1860
IMU1,19278,199900061,-513,-1053,-1390,-1720,1288,-1800
IMU1,19279,199911387,-725,-955,-1572,-1766,675,-1654
IMU1,19280,199922323,-334,-622,-1777,-1881,174,-1450
IMU1,19281,199933252,-38,-1050,-1662,-2062,-334,-1324
IMU1,19282,199944276,-537,-1602,-1907,-2240,-979,-1244
IMU1,19283,199955499,-716,-2465,-2981,-2805,-2154,-877
IMU1,19284,199966742,-748,-2683,-2532,-3151,-2648,-631
IMU1,19285,199977982,-775,-2512,-2042,-3348,-2944,-334
IMU1,19286,199989222,-1389,-1851,-2115,-3382,-3030,12
IMU1,19287,200000359,-1400,-1494,-2150,-3367,-2951,409
IMU1,19288,200011672,-1105,-1410,-2124,-3315,-2730,765
IMU1,19289,200023004,-1196,-1258,-2671,-3200,-2025,1247
IMU1,19290,200034534,-1142,-1174,-2878,-3229,-1630,1430
IMU1,19291,200048622,-499,-1276,-1296,-3232,-1143,1519
IMU1,19292,200059956,-574,-901,-2274,-2958,-471,1423
IMU1,19293,200071423,-620,-598,-2211,-2558,502,976
IMU1,19294,200082075,-404,-459,-2183,-2351,733,656
IMU1,19295,200092710,-457,-312,-2004,-2067,879,255
IMU1,19296,200103343,-542,-225,-2006,-1703,1031,-118
IMU1,19297,200114266,-547,-171,-2080,-1312,1144,-414
IMU1,19298,200125189,-574,-123,-2167,-909,1154,-658
IMU1,19299,200135927,-706,-191,-2268,-507,1074,-858
IMU1,19300,200146660,-1304,-391,-2667,-144,948,-956
IMU1,19301,200157916,-1130,-377,-2462,332,649,-558
IMU1,19302,200168566,-817,-418,-2050,578,549,-252
IMU1,19303,200179001,-1223,-684,-2806,796,419,35
IMU1,19304,200189354,-1137,-624,-2124,910,268,371
IMU1,19305,200199919,-853,-687,-2369,1040,119,682
IMU1,19306,200210461,-757,-719,-2233,1125,-23,893
IMU1,19307,200220911,-620,-756,-2194,1187,-154,1014
IMU1,19308,200231757,-460,-777,-2079,1238,-277,1044
IMU1,19309,200242604,-326,-765,-1887,1298,-365,997
IMU1,19310,200253755,-362,-757,-1816,1457,-361,722
IMU1,19311,200264396,-346,-833,-1727,1532,-299,567
IMU1,19312,200275033,-325,-878,-1650,1606,-237,412
IMU1,19313,200285668,-467,-951,-1569,1684,-179,256
IMU1,19314,200296309,-596,-937,-1505,1763,-150,137
IMU1,19315,200306950,-457,-981,-1460,1837,-186,38
IMU1,19316,200317395,-421,-1105,-1389,1908,-281,-82
IMU1,19317,200328142,-562,-1212,-1501,1981,-412,-201
IMU1,19318,200339067,-535,-1326,-1317,2026,-544,-276
IMU1,19319,200350002,-534,-1402,-1256,2127,-755,-370
IMU1,19320,200360946,-499,-1574,-1214,2181,-824,-376
IMU1,19321,200371886,-453,-1736,-1129,2232,-833,-353
IMU1,19322,200382825,-482,-1851,-1039,2293,-772,-298
IMU1,19323,200393763,-450,-1961,-941,2351,-650,-212
IMU1,19324,200404503,-519,-2009,-847,2422,-504,-114
IMU1,19325,200415224,-661,-1967,-822,2514,-391,-14
IMU1,19326,200425763,-581,-2005,-830,2608,-388,58
IMU1,19327,200436712,-491,-1960,-800,2778,-584,56
IMU1,19328,200447158,-445,-1951,-784,2837,-651,10
IMU1,19329,200457616,-459,-1971,-625,2869,-677,-53
IMU1,19330,200468155,-522,-2018,-607,2905,-661,-109
IMU1,19331,200478893,-558,-2045,-584,2930,-649,-152
IMU1,19332,200489633,-567,-2105,-496,2935,-766,-224
IMU1,19333,200500365,-817,-2110,-406,2949,-905,-329
IMU1,19334,200511095,-782,-2376,-344,3001,-921,-382
IMU1,19335,200521857,-794,-2507,-560,3012,-1001,-433
IMU1,19336,200532809,-719,-2418,-613,2772,-902,-532
IMU1,19337,200543558,-694,-2434,-541,2600,-664,-599
IMU1,19338,200554304,-863,-2482,-564,2420,-385,-670
IMU1,19339,200565042,-756,-2299,-477,2221,-112,-696
IMU1,19340,200575788,-816,-2129,-362,2018,110,-729
IMU1,19341,200586438,-854,-2085,-303,1841,261,-757
IMU1,19342,200597075,-843,-1980,-245,1676,322,-773
IMU1,19343,200607718,-862,-1862,-103,1524,330,-775
IMU1,19344,200618367,-793,-1720,84,1406,323,-724
IMU1,19345,200629236,-796,-1707,158,1239,246,-676
IMU1,19346,200639790,-806,-1715,241,1182,207,-609
IMU1,19347,200650351,-796,-1706,294,1155,184,-534
IMU1,19348,200660909,-746,-1713,299,1142,175,-462
IMU1,19349,200671456,-749,-1765,297,1137,170,-400
IMU1,19350,200682006,-745,-1823,305,1125,187,-337
IMU1,19351,200692556,-690,-1876,308,1109,228,-280
IMU1,19352,200703119,-645,-1916,329,1083,280,-235
IMU1,19353,200713692,-620,-1976,371,1049,330,-197
IMU1,19354,200724227,-578,-2120,421,1022,363,-152
IMU1,19355,200734765,-576,-2193,404,994,317,-146
IMU1,19356,200745110,-588,-2263,390,983,249,-161
IMU1,19357,200755448,-556,-2314,374,958,176,-198
IMU1,19358,200765795,-562,-2366,379,929,115,-263
IMU1,19359,200776142,-511,-2423,341,895,67,-338
IMU1,19360,200786285,-451,-2463,300,847,29,-426
IMU1,19361,200796418,-392,-2433,271,779,0,-531
IMU1,19362,200806272,-349,-2388,281,712,3,-651
IMU1,19363,200816226,-308,-2298,287,648,64,-765
IMU1,19364,200826363,-257,-2203,273,596,175,-870
IMU1,19365,200836710,-249,-2150,291,554,320,-956
IMU1,19366,200847061,-275,-2138,282,529,467,-1018
IMU1,19367,200857605,-243,-2215,293,517,567,-1051
IMU1,19368,200868134,-231,-2122,316,528,613,-1048
IMU1,19369,200879192,-227,-2072,299,588,561,-960
IMU1,19370,200889543,-233,-1955,320,594,531,-892
IMU1,19371,200899892,-244,-1965,360,590,580,-812
IMU1,19372,200910230,-278,-1810,414,577,740,-718
IMU1,19373,200920579,-256,-1472,369,572,1000,-605
IMU1,19374,200931119,-306,-1514,419,557,1278,-505
IMU1,19375,200941686,-338,-1312,432,563,1430,-409
IMU1,19376,200952228,-360,-1381,505,588,1476,-300
IMU1,19377,200962780,-359,-1418,490,641,1509,-176
IMU1,19378,200973305,-351,-1379,557,711,1595,-38
IMU1,19379,200983652,-430,-1349,930,810,1735,115
IMU1,19380,200994623,-404,-1318,938,1113,2069,472
IMU1,19381,201005272,-287,-1341,1005,1279,2136,633
IMU1,19382,201016132,-187,-1307,1001,1446,1982,737
IMU1,19383,201026972,-372,-1235,917,1595,1631,794
IMU1,19384,201037637,-514,-1203,1024,1714,1203,849
IMU1,19385,201051035,-613,-1366,1402,1830,773,939
IMU1,19386,201061702,-592,-1530,1533,2058,166,967
IMU1,19387,201072363,-632,-1736,1534,2125,101,973
IMU1,19388,201083024,-781,-1960,1398,2107,159,990
IMU1,19389,201093685,-854,-2144,1372,1986,170,1025
IMU1,19390,201104531,-622,-2086,1363,1797,3,1032
IMU1,19391,201114990,-427,-1914,1444,1581,-278,958
IMU1,19392,201125748,-252,-1841,1666,1363,-484,810
IMU1,19393,201136483,-190,-1821,1668,1157,-492,613
IMU1,19394,201147227,-312,-1758,1429,941,-395,195
IMU1,19395,201157787,-437,-1704,1369,436,-289,23
IMU1,19396,201168128,-531,-1650,1335,196,-270,-115
IMU1,19397,201178761,-577,-1609,1344,-11,-222,-207
IMU1,19398,201189293,-592,-1559,1333,-176,-142,-252
IMU1,19399,201200041,-599,-1500,1337,-293,-49,-278
IMU1,19400,201210572,-581,-1441,1344,-358,8,-294
IMU1,19401,201220816,-575,-1379,1344,-377,18,-305
IMU1,19402,201231245,-582,-1334,1325,-361,-7,-309
IMU1,19403,201241581,-573,-1310,1290,-316,-41,-303
IMU1,19404,201252127,-532,-1285,1279,-253,-64,-288
IMU1,19405,201262656,-511,-1283,1327,-177,-56,-224
IMU1,19406,201273182,-534,-1308,1354,36,37,-167
IMU1,19407,201283331,-548,-1319,1392,173,64,-97
IMU1,19408,201293466,-539,-1333,1384,314,43,-14
IMU1,19409,201303605,-517,-1358,1390,443,3,71
IMU1,19410,201313463,-527,-1401,1345,543,-46,155
IMU1,19411,201323813,-540,-1415,1302,612,-112,232
IMU1,19412,201334364,-520,-1445,1266,637,-182,306
IMU1,19413,201344926,-505,-1467,1221,622,-233,371
IMU1,19414,201355473,-489,-1467,1194,571,-257,430
IMU1,19415,201366035,-498,-1465,1169,492,-246,481
IMU1,19416,201376575,-529,-1467,1176,388,-216,530
IMU1,19417,201387125,-564,-1471,1228,274,-179,585
IMU1,19418,201398202,-589,-1463,1259,65,-122,699
IMU1,19419,201408561,-631,-1473,1289,-19,-108,743
IMU1,19420,201419000,-664,-1481,1324,-90,-117,780
IMU1,19421,201429453,-717,-1495,1351,-148,-136,809
IMU1,19422,201440104,-746,-1521,1367,-193,-167,839
IMU1,19423,201450741,-764,-1540,1363,-230,-203,855
IMU1,19424,201461392,-791,-1540,1376,-265,-246,862
IMU1,19425,201472054,-820,-1558,1377,-292,-284,854
IMU1,19426,201482689,-793,-1563,1374,-318,-315,830
IMU1,19427,201493349,-738,-1512,1315,-345,-332,792
IMU1,19428,201504012,-717,-1503,1273,-409,-309,662
IMU1,19429,201514662,-716,-1493,1267,-450,-288,590
IMU1,19430,201525332,-722,-1505,1294,-480,-266,532
IMU1,19431,201535969,-731,-1526,1325,-492,-237,493
IMU1,19432,201546626,-729,-1520,1347,-486,-218,472
IMU1,19433,201557269,-707,-1508,1375,-462,-212,460
IMU1,19434,201567923,-689,-1504,1405,-420,-214,452
IMU1,19435,201578580,-671,-1490,1427,-372,-216,449
IMU1,19436,201589228,-662,-1495,1449,-314,-225,446
IMU1,19437,201600399,-667,-1499,1439,-198,-271,440
IMU1,19438,201611030,-648,-1487,1406,-162,-292,437
IMU1,19439,201621664,-619,-1479,1365,-140,-313,414
IMU1,19440,201632310,-631,-1480,1332,-152,-344,384
IMU1,19441,201642949,-651,-1482,1330,-179,-371,353
IMU1,19442,201653582,-682,-1491,1328,-220,-377,334
IMU1,19443,201664221,-720,-1500,1323,-262,-371,327
IMU1,19444,201674851,-758,-1502,1315,-304,-377,338
IMU1,19445,201685507,-795,-1492,1315,-342,-394,358
IMU1,19446,201696682,-794,-1475,1307,-414,-426,399
IMU1,19447,201707321,-800,-1466,1309,-443,-431,411
IMU1,19448,201717960,-800,-1454,1312,-462,-437,419
IMU1,19449,201728601,-797,-1438,1303,-466,-442,417
IMU1,19450,201739228,-804,-1419,1290,-461,-449,404
IMU1,19451,201749852,-808,-1391,1255,-450,-460,390
IMU1,19452,201760495,-830,-1368,1205,-440,-477,375
IMU1,19453,201771124,-836,-1331,1166,-435,-495,365
IMU1,19454,201781765,-882,-1309,1087,-442,-497,365
IMU1,19455,201792388,-926,-1325,1074,-471,-459,401
IMU1,19456,201803023,-951,-1356,1083,-492,-441,441
IMU1,19457,201813674,-964,-1374,1109,-497,-423,482
IMU1,19458,201824317,-962,-1409,1128,-496,-408,527
IMU1,19459,201834958,-948,-1432,1143,-485,-388,561
IMU1,19460,201845614,-935,-1446,1135,-463,-382,581
IMU1,19461,201856269,-900,-1454,1117,-443,-393,585
IMU1,19462,201866902,-871,-1465,1110,-424,-403,572
IMU1,19463,201877541,-862,-1473,1095,-403,-405,550
IMU1,19464,201888706,-855,-1489,1084,-368,-366,500
IMU1,19465,201899339,-853,-1496,1067,-356,-341,477
IMU1,19466,201909988,-861,-1516,1092,-338,-316,459
IMU1,19467,201920646,-890,-1525,1105,-322,-293,452
IMU1,19468,201931279,-897,-1531,1073,-308,-284,455
IMU1,19469,201941936,-900,-1526,1087,-292,-300,459
IMU1,19470,201952581,-904,-1523,1079,-281,-317,463
IMU1,19471,201963231,-916,-1518,1080,-272,-327,469
IMU1,19472,201973882,-921,-1511,1056,-261,-326,472
IMU1,19473,201985047,-933,-1507,1053,-257,-295,459
IMU1,19474,201995686,-963,-1528,1071,-254,-273,453
IMU1,19475,202006327,-987,-1547,1092,-244,-243,437
IMU1,19476,202016972,-992,-1576,1114,-228,-219,425
IMU1,19477,202027612,-1005,-1607,1137,-209,-199,407
IMU1,19478,202038437,-1010,-1635,1146,-188,-186,385
IMU1,19479,202051822,-973,-1629,1148,-141,-172,315
IMU1,19480,202062467,-964,-1589,1114,-132,-187,266
IMU1,19481,202073108,-1006,-1509,1076,-125,-200,203
IMU1,19482,202083953,-1035,-1421,1024,-133,-199,145
IMU1,19483,202094797,-994,-1355,975,-150,-188,101
IMU1,19484,202105245,-976,-1316,933,-177,-174,61
IMU1,19485,202115492,-1010,-1284,904,-200,-143,35
IMU1,19486,202125931,-1032,-1266,918,-225,-84,25
IMU1,19487,202136184,-1054,-1266,972,-244,-5,36
IMU1,19488,202146239,-1085,-1281,1043,-235,67,64
IMU1,19489,202156584,-1081,-1297,1145,-199,109,103
IMU1,19490,202167853,-1048,-1303,1144,-40,41,165
IMU1,19491,202178200,-1036,-1335,1141,47,-39,181
IMU1,19492,202188557,-1000,-1398,1140,136,-83,191
IMU1,19493,202199114,-986,-1454,1136,218,-76,201
IMU1,19494,202209469,-982,-1494,1128,282,-40,205
IMU1,19495,202219815,-985,-1525,1119,325,-9,196
IMU1,19496,202229977,-1009,-1553,1102,347,3,177
IMU1,19497,202240245,-1015,-1570,1085,351,8,154
IMU1,19498,202250481,-1024,-1572,1067,332,20,125
IMU1,19499,202260921,-1043,-1574,1047,292,46,95
IMU1,19500,202271161,-1053,-1565,1023,233,70,64
IMU1,19501,202281423,-1037,-1545,1023,169,90,34
IMU1,19502,202292715,-994,-1518,1038,44,133,-32
IMU1,19503,202302874,-991,-1508,1054,1,144,-54
IMU1,19504,202312835,-983,-1507,1073,-19,145,-77
IMU1,19505,202323089,-974,-1507,1097,-26,135,-84
IMU1,19506,202333340,-979,-1515,1116,-10,127,-80
IMU1,19507,202343601,-996,-1508,1118,18,113,-65
IMU1,19508,202353752,-1014,-1496,1112,53,92,-47
IMU1,19509,202363908,-1015,-1479,1103,88,72,-28
IMU1,19510,202374065,-990,-1441,1092,124,65,-21
IMU1,19511,202384215,-972,-1403,1082,150,76,-30
IMU1,19512,202394364,-957,-1375,1076,167,108,-52
IMU1,19513,202404715,-959,-1342,1062,174,143,-76
IMU1,19514,202415068,-986,-1331,1072,171,167,-91
IMU1,19515,202425415,-1001,-1317,1084,170,185,-97
