# label=FS
IMU1,13338,137864994,-2026,299,-146,39,-14,3
IMU1,13339,137874522,-2030,306,-141,45,-17,-3
IMU1,13340,137884150,-2026,316,-138,49,-21,-11
IMU1,13341,137893979,-2031,306,-137,53,-27,-15
IMU1,13342,137903812,-2038,306,-142,54,-33,-12
IMU1,13343,137913655,-2038,297,-144,48,-32,-8
IMU1,13344,137923283,-2027,297,-149,42,-31,-4
IMU1,13345,137932902,-2024,298,-158,35,-30,-2
IMU1,13346,137942522,-2020,302,-155,27,-27,-7
IMU1,13347,137952155,-2021,309,-155,21,-26,-12
IMU1,13348,137961986,-2023,310,-141,12,-21,-18
IMU1,13349,137971811,-2033,311,-135,11,-13,-20
IMU1,13350,137981646,-2042,307,-130,13,-14,-18
IMU1,13351,137991477,-2037,306,-132,19,-19,-17
IMU1,13352,138001311,-2031,307,-129,19,-22,-17
IMU1,13353,138011135,-2039,303,-140,23,-24,-16
IMU1,13354,138020967,-2031,303,-146,26,-29,-14
IMU1,13355,138030795,-2022,302,-141,28,-29,-18
IMU1,13356,138040631,-2027,301,-137,27,-26,-21
IMU1,13357,138050454,-2029,301,-142,25,-26,-21
IMU1,13358,138060280,-2029,305,-143,23,-29,-20
IMU1,13359,138070109,-2033,305,-148,21,-34,-20
IMU1,13360,138079945,-2036,306,-145,17,-32,-19
IMU1,13361,138089788,-2027,302,-144,11,-25,-18
IMU1,13362,138099605,-2024,303,-150,11,-20,-20
IMU1,13363,138109427,-2022,306,-146,9,-25,-22
IMU1,13364,138119069,-2027,304,-148,5,-30,-26
IMU1,13365,138128695,-2027,308,-160,1,-34,-26
IMU1,13366,138138316,-2021,315,-160,-3,-34,-26
IMU1,13367,138148037,-2023,318,-162,-7,-28,-25
IMU1,13368,138157755,-2029,312,-155,-7,-16,-24
IMU1,13369,138167498,-2023,310,-152,-5,-6,-24
IMU1,13370,138177036,-2025,317,-144,-2,-4,-27
IMU1,13371,138186573,-2024,319,-141,5,-9,-31
IMU1,13372,138196016,-2030,319,-142,13,-20,-33
IMU1,13373,138205855,-2027,321,-152,21,-31,-34
IMU1,13374,138215690,-2019,321,-160,27,-34,-30
IMU1,13375,138225517,-2026,316,-168,29,-25,-27
IMU1,13376,138235359,-2024,314,-156,30,-14,-22
IMU1,13377,138245213,-2020,313,-150,31,-5,-18
IMU1,13378,138254830,-2023,319,-141,33,-3,-20
IMU1,13379,138264457,-2023,316,-137,38,-14,-21
IMU1,13380,138274280,-2025,315,-142,36,-24,-21
IMU1,13381,138284105,-2015,322,-152,27,-24,-20
IMU1,13382,138293917,-2023,318,-164,18,-18,-23
IMU1,13383,138303734,-2022,315,-164,8,-13,-23
IMU1,13384,138313364,-2023,313,-157,-1,-8,-24
IMU1,13385,138322893,-2028,310,-155,-4,-6,-25
IMU1,13386,138332414,-2026,312,-150,-3,-5,-22
IMU1,13387,138341941,-2021,307,-139,2,-7,-17
IMU1,13388,138351380,-2022,305,-142,7,-8,-15
IMU1,13389,138360814,-2032,312,-146,13,-18,-13
IMU1,13390,138370643,-2031,317,-143,21,-24,-10
IMU1,13391,138380464,-2023,319,-148,29,-17,-11
IMU1,13392,138390299,-2018,322,-145,31,-10,-16
IMU1,13393,138400132,-2016,311,-154,30,-14,-21
IMU1,13394,138409953,-2016,306,-161,23,-25,-24
IMU1,13395,138419771,-2024,301,-159,17,-35,-22
IMU1,13396,138429600,-2030,302,-160,11,-22,-16
IMU1,13397,138439421,-2030,314,-157,9,-3,-9
IMU1,13398,138448672,-2037,324,-152,4,3,-5
IMU1,13399,138457794,-2044,321,-145,4,-4,2
IMU1,13400,138466919,-2034,324,-142,5,-14,5
IMU1,13401,138476246,-2020,323,-156,12,-19,-7
IMU1,13402,138485864,-2021,316,-170,7,-22,-17
IMU1,13403,138495483,-2010,307,-165,3,-16,-17
IMU1,13404,138505115,-2006,302,-159,-1,3,-15
IMU1,13405,138514549,-2009,305,-148,0,12,-15
IMU1,13406,138523985,-2010,315,-143,7,3,-14
IMU1,13407,138533331,-2011,327,-138,10,-11,-17
IMU1,13408,138543152,-2022,323,-153,20,-17,-16
IMU1,13409,138552985,-2023,327,-157,25,-15,-10
IMU1,13410,138562805,-2021,328,-156,24,-13,-5
IMU1,13411,138572421,-2031,332,-161,27,-16,-4
IMU1,13412,138582048,-2027,329,-167,27,-22,0
IMU1,13413,138591476,-2013,334,-166,27,-24,3
IMU1,13414,138601013,-2006,332,-167,26,-16,3
IMU1,13415,138610537,-2008,337,-166,24,-9,1
IMU1,13416,138619868,-2017,330,-168,19,-11,-2
IMU1,13417,138629492,-2012,329,-181,22,-19,0
IMU1,13418,138638916,-2010,324,-187,24,-17,4
IMU1,13419,138648452,-2008,335,-188,25,-7,7
IMU1,13420,138657786,-2015,331,-166,28,9,7
IMU1,13421,138667016,-2020,323,-160,34,16,10
IMU1,13422,138676651,-2018,329,-152,54,5,11
IMU1,13423,138686090,-2015,329,-149,68,-6,14
IMU1,13424,138698374,-2015,330,-160,82,-13,17
IMU1,13425,138708104,-2013,328,-169,95,-16,16
IMU1,13426,138717834,-2025,330,-161,102,-18,12
IMU1,13427,138727770,-2023,328,-160,100,-17,11
IMU1,13428,138737697,-2026,331,-158,105,-21,12
IMU1,13429,138747631,-2016,336,-159,116,-30,18
IMU1,13430,138757577,-2009,344,-166,118,-35,18
IMU1,13431,138768550,-2023,350,-173,120,-36,24
IMU1,13432,138778487,-2016,353,-183,114,-28,26
IMU1,13433,138788413,-2011,349,-185,102,-23,27
IMU1,13434,138798344,-2011,342,-184,97,-14,25
IMU1,13435,138808086,-1999,336,-190,91,-21,30
IMU1,13436,138817824,-2001,349,-194,84,-35,30
IMU1,13437,138827558,-2007,342,-195,94,-48,35
IMU1,13438,138837299,-2003,343,-215,105,-41,44
IMU1,13439,138847234,-2003,352,-222,111,-17,54
IMU1,13440,138857182,-2010,357,-231,118,9,68
IMU1,13441,138866819,-2008,354,-228,117,39,74
IMU1,13442,138876658,-2011,354,-231,121,52,78
IMU1,13443,138886503,-2008,347,-231,123,57,77
IMU1,13444,138896325,-2023,340,-224,131,65,79
IMU1,13445,138906149,-2030,326,-205,145,83,83
IMU1,13446,138915973,-2016,339,-207,162,81,87
IMU1,13447,138925799,-2013,346,-234,181,55,84
IMU1,13448,138935639,-2020,352,-257,200,23,83
IMU1,13449,138945484,-2021,344,-260,219,21,90
IMU1,13450,138955308,-2024,333,-266,233,58,102
IMU1,13451,138965346,-2020,330,-267,244,110,113
IMU1,13452,138975573,-2024,312,-265,251,146,120
IMU1,13453,138985817,-2052,300,-258,256,149,123
IMU1,13454,138996050,-2078,288,-234,270,135,128
IMU1,13455,139006289,-2076,291,-218,293,136,132
IMU1,13456,139016539,-2075,290,-211,319,154,134
IMU1,13457,139026787,-2085,278,-170,342,173,126
IMU1,13458,139038058,-2104,247,-161,389,163,133
IMU1,13459,139048297,-2095,241,-143,412,148,129
IMU1,13460,139058528,-2078,234,-149,433,156,120
IMU1,13461,139068780,-2070,236,-173,429,178,111
IMU1,13462,139079025,-2085,232,-175,418,182,102
IMU1,13463,139089261,-2084,226,-154,389,186,93
IMU1,13464,139099301,-2100,211,-133,368,204,89
IMU1,13465,139109343,-2105,201,-113,340,233,87
IMU1,13466,139119387,-2107,185,-80,313,263,87
IMU1,13467,139129234,-2093,154,-31,289,279,87
IMU1,13468,139139083,-2107,126,16,279,264,81
IMU1,13469,139148830,-2122,92,66,292,232,77
IMU1,13470,139158377,-2132,49,110,315,222,73
IMU1,13471,139168151,-2160,13,155,348,236,76
IMU1,13472,139177901,-2219,-35,196,379,255,82
IMU1,13473,139187758,-2262,-66,254,409,258,93
IMU1,13474,139197605,-2283,-116,314,435,251,101
IMU1,13475,139207857,-2298,-139,391,469,236,106
IMU1,13476,139218102,-2328,-148,476,504,245,92
IMU1,13477,139228146,-2359,-174,561,539,286,69
IMU1,13478,139238203,-2438,-200,659,566,346,44
IMU1,13479,139249297,-2548,-173,877,572,454,16
IMU1,13480,139259350,-2582,-126,1014,560,458,-29
IMU1,13481,139269696,-2586,-86,1194,543,403,-99
IMU1,13482,139279809,-2666,-14,1371,527,285,-189
IMU1,13483,139290126,-2745,67,1607,528,84,-294
IMU1,13484,139300140,-2851,147,1854,542,-137,-405
IMU1,13485,139310665,-2944,225,2060,551,-298,-511
IMU1,13486,139321203,-2984,307,2146,520,-426,-623
IMU1,13487,139331741,-3026,458,2130,388,-652,-755
IMU1,13488,139342285,-3042,612,2057,125,-1013,-908
IMU1,13489,139353022,-3081,779,1992,-265,-1407,-1069
IMU1,13490,139364060,-3311,1220,1832,-769,-1486,-1340
IMU1,13491,139375291,-3443,1405,1748,-2115,-1260,-1468
IMU1,13492,139386729,-3537,1553,1682,-2950,-1134,-1622
IMU1,13493,139398166,-3669,1629,1636,-3819,-1158,-1821
IMU1,13494,139409603,-3878,1693,1635,-4679,-1288,-2038
IMU1,13495,139421023,-4075,1762,1586,-5456,-1405,-2248
IMU1,13496,139432461,-4360,1960,1519,-6585,-1614,-2662
IMU1,13497,139443892,-4435,2111,1463,-6927,-1750,-2899
IMU1,13498,139455333,-4567,2292,1427,-7160,-1854,-3145
IMU1,13499,139466802,-4581,2385,1332,-7300,-1817,-3410
IMU1,13500,139478260,-4701,2368,1177,-7393,-1730,-3691
IMU1,13501,139489727,-4837,2365,1017,-7469,-1785,-4118
IMU1,13502,139501174,-4719,2431,893,-7441,-1837,-4258
IMU1,13503,139512440,-4467,2419,734,-7388,-1843,-4401
IMU1,13504,139523694,-4198,2337,540,-7347,-1840,-4555
IMU1,13505,139534943,-3923,2226,400,-7303,-1811,-4707
IMU1,13506,139546197,-3628,2041,266,-7212,-1712,-4841
IMU1,13507,139557436,-3202,1986,137,-6815,-1542,-5002
IMU1,13508,139568682,-2991,1933,-43,-6472,-1543,-4982
IMU1,13509,139579817,-2814,1811,-140,-6051,-1537,-4860
IMU1,13510,139591168,-2630,1675,-230,-5568,-1408,-4639
IMU1,13511,139602524,-2454,1571,-369,-5041,-1164,-4350
IMU1,13512,139613865,-1931,1380,-663,-4519,-913,-3726
IMU1,13513,139625002,-1623,1284,-730,-3563,-573,-3481
IMU1,13514,139636122,-1423,1216,-785,-3093,-488,-3293
IMU1,13515,139647257,-1287,1150,-881,-2615,-504,-3136
IMU1,13516,139658398,-1141,1079,-967,-2143,-626,-2973
IMU1,13517,139669541,-1025,987,-1057,-1693,-777,-2800
IMU1,13518,139680678,-893,885,-1348,-1273,-905,-2605
IMU1,13519,139692116,-553,655,-1504,-603,-1036,-2191
IMU1,13520,139705618,-386,570,-1607,-383,-975,-1984
IMU1,13521,139716332,-243,462,-1682,-226,-830,-1796
IMU1,13522,139727049,-177,389,-1758,-119,-685,-1630
IMU1,13523,139737767,-172,296,-1773,-46,-601,-1448
IMU1,13524,139748282,-246,32,-1802,24,-552,-1231
IMU1,13525,139759038,-257,-73,-1843,171,-396,-710
IMU1,13526,139769378,-285,-165,-1886,244,-226,-469
IMU1,13527,139779902,-306,-241,-1908,295,-59,-245
IMU1,13528,139790223,-343,-329,-1888,351,71,-59
IMU1,13529,139800255,-433,-427,-1854,408,152,110
IMU1,13530,139810587,-529,-523,-1810,471,207,283
IMU1,13531,139820922,-627,-579,-1770,555,260,453
IMU1,13532,139831270,-725,-640,-1734,643,327,625
IMU1,13533,139841613,-820,-709,-1656,739,432,786
IMU1,13534,139851945,-879,-775,-1594,844,559,936
IMU1,13535,139862311,-981,-842,-1551,955,671,1074
IMU1,13536,139872873,-1109,-929,-1508,1061,755,1205
IMU1,13537,139883827,-1156,-1018,-1353,1270,872,1396
IMU1,13538,139894979,-1192,-1022,-1294,1383,875,1439
IMU1,13539,139906128,-1229,-1010,-1212,1494,858,1450
IMU1,13540,139917270,-1283,-990,-1139,1614,839,1442
IMU1,13541,139928209,-1318,-972,-1067,1736,840,1427
IMU1,13542,139939149,-1317,-936,-1004,1858,874,1403
IMU1,13543,139950101,-1348,-897,-882,1978,915,1365
IMU1,13544,139961364,-1441,-897,-776,2214,964,1307
IMU1,13545,139972111,-1466,-855,-681,2343,984,1297
IMU1,13546,139982855,-1576,-871,-593,2492,1010,1300
IMU1,13547,139993810,-1634,-856,-478,2658,1030,1345
IMU1,13548,140004755,-1629,-825,-396,2834,1032,1410
IMU1,13549,140015698,-1666,-812,-321,3012,1003,1476
IMU1,13550,140026639,-1742,-814,-245,3176,946,1540
IMU1,13551,140037403,-1726,-820,-11,3474,833,1657
IMU1,13552,140047943,-1716,-810,74,3600,792,1688
IMU1,13553,140058400,-1655,-786,130,3711,734,1686
IMU1,13554,140069047,-1605,-764,201,3799,660,1649
IMU1,13555,140079695,-1620,-757,261,3870,594,1583
IMU1,13556,140090365,-1659,-746,333,3923,536,1511
IMU1,13557,140101017,-1776,-750,461,3944,474,1456
IMU1,13558,140111676,-1904,-754,623,3925,437,1440
IMU1,13559,140122345,-1952,-791,698,3856,532,1467
IMU1,13560,140133006,-1956,-759,692,3718,758,1526
IMU1,13561,140144197,-1974,-732,782,3285,1173,1598
IMU1,13562,140155062,-1968,-724,920,3070,1271,1580
IMU1,13563,140165935,-2061,-720,1094,2895,1329,1522
IMU1,13564,140176974,-2077,-762,1193,2750,1398,1435
IMU1,13565,140188031,-2014,-781,1184,2600,1435,1310
IMU1,13566,140199079,-1980,-780,1147,2412,1410,1146
IMU1,13567,140210136,-1968,-787,1071,2179,1371,812
IMU1,13568,140220992,-2036,-775,1095,1639,1350,696
IMU1,13569,140231849,-2097,-790,1181,1398,1341,635
IMU1,13570,140242715,-2137,-810,1260,1223,1298,638
IMU1,13571,140253578,-2233,-807,1368,1137,1199,683
IMU1,13572,140264432,-2265,-850,1497,1145,1076,763
IMU1,13573,140275284,-2244,-890,1571,1245,964,862
IMU1,13574,140285932,-2173,-880,1539,1413,864,943
IMU1,13575,140296601,-2040,-865,1347,1594,769,976
IMU1,13576,140307248,-1986,-841,1272,1858,571,914
IMU1,13577,140317899,-1938,-835,1198,1930,509,847
IMU1,13578,140328555,-1884,-817,1124,1958,475,773
IMU1,13579,140339210,-1910,-781,1092,1947,449,706
IMU1,13580,140349854,-1966,-770,1131,1922,439,671
IMU1,13581,140360501,-2002,-767,1185,1895,472,674
IMU1,13582,140371152,-2044,-716,1198,1867,499,696
IMU1,13583,140381817,-2062,-678,1201,1833,461,726
IMU1,13584,140392475,-2118,-655,1233,1777,378,748
IMU1,13585,140403650,-2131,-630,1275,1650,291,727
IMU1,13586,140414309,-2117,-611,1246,1584,318,631
IMU1,13587,140424988,-2163,-600,1210,1515,324,462
IMU1,13588,140435635,-2160,-580,1178,1401,305,361
IMU1,13589,140446292,-2184,-589,1109,1253,284,264
IMU1,13590,140456955,-2214,-586,1036,1063,284,205
IMU1,13591,140467616,-2208,-570,975,839,300,189
IMU1,13592,140477872,-2175,-555,952,599,297,191
IMU1,13593,140488152,-2140,-558,970,378,279,187
IMU1,13594,140498410,-2126,-562,951,194,283,176
IMU1,13595,140509172,-2128,-558,964,-68,373,131
IMU1,13596,140519323,-2135,-570,963,-146,421,106
IMU1,13597,140529668,-2146,-588,938,-201,453,73
IMU1,13598,140539825,-2145,-598,897,-244,451,43
IMU1,13599,140549985,-2134,-609,857,-288,424,12
IMU1,13600,140560135,-2131,-600,824,-321,371,-25
IMU1,13601,140570362,-2176,-621,790,-343,282,-53
IMU1,13602,140580607,-2130,-582,743,-341,205,-68
IMU1,13603,140590839,-2178,-619,752,-317,168,-79
IMU1,13604,140601089,-2099,-575,716,-278,157,-77
IMU1,13605,140611329,-2114,-567,657,-235,145,-93
IMU1,13606,140621561,-2079,-589,613,-194,118,-106
IMU1,13607,140631997,-2038,-556,577,-158,92,-119
IMU1,13608,140642254,-2037,-559,552,-120,79,-139
IMU1,13609,140653534,-2001,-546,507,-55,24,-153
IMU1,13610,140663574,-2014,-551,502,-14,-14,-151
IMU1,13611,140673714,-2001,-545,497,26,-57,-137
IMU1,13612,140683745,-1988,-537,482,67,-90,-123
IMU1,13613,140693785,-1968,-504,456,106,-117,-114
IMU1,13614,140706779,-1928,-457,433,137,-128,-117
IMU1,13615,140717213,-1921,-431,411,157,-126,-138
IMU1,13616,140727652,-1929,-421,392,163,-127,-163
IMU1,13617,140738086,-1930,-398,396,154,-134,-182
IMU1,13618,140748529,-1901,-370,395,143,-136,-189
IMU1,13619,140759499,-1906,-372,392,122,-112,-185
IMU1,13620,140769945,-1910,-380,395,105,-98,-171
IMU1,13621,140780189,-1904,-360,389,82,-98,-146
IMU1,13622,140790232,-1894,-371,397,56,-85,-124
IMU1,13623,140800289,-1864,-342,404,33,-56,-112
IMU1,13624,140810289,-1866,-348,376,7,-24,-121
IMU1,13625,140820101,-1930,-384,364,-22,-5,-141
IMU1,13626,140830019,-1890,-320,357,-61,10,-142
IMU1,13627,140840045,-2040,-402,403,-103,38,-126
IMU1,13628,140850249,-1859,-329,384,-136,62,-62
IMU1,13629,140860275,-1949,-343,408,-163,90,-23
IMU1,13630,140870295,-1978,-444,439,-172,110,11
IMU1,13631,140880432,-1934,-348,439,-158,93,53
IMU1,13632,140890365,-1975,-393,458,-124,73,74
IMU1,13633,140900309,-1944,-390,475,-77,51,89
IMU1,13634,140910060,-1974,-372,466,-20,16,85
IMU1,13635,140919786,-1959,-395,434,38,-33,73
IMU1,13636,140929524,-1965,-404,408,84,-78,57
IMU1,13637,140939237,-1958,-413,390,117,-85,36
IMU1,13638,140949164,-1958,-410,356,134,-66,11
IMU1,13639,140959086,-1958,-405,328,138,-48,-12
IMU1,13640,140969102,-1956,-405,311,118,-30,-30
IMU1,13641,140979122,-1961,-399,329,91,2,-45
IMU1,13642,140990220,-1976,-402,345,21,51,-51
IMU1,13643,140999948,-1985,-401,365,-7,56,-39
IMU1,13644,141009575,-1985,-404,376,-34,60,-20
IMU1,13645,141019400,-1976,-404,375,-50,66,1
IMU1,13646,141028933,-1954,-395,367,-65,70,19
IMU1,13647,141038669,-1955,-402,359,-81,80,21
IMU1,13648,141048399,-1962,-416,365,-95,79,14
IMU1,13649,141058129,-1983,-425,373,-102,69,8
IMU1,13650,141067855,-1977,-420,380,-103,49,4
IMU1,13651,141077581,-1979,-419,384,-98,32,-2
IMU1,13652,141087218,-1987,-420,390,-82,15,-2
IMU1,13653,141096846,-2006,-426,386,-57,2,3
IMU1,13654,141106183,-2020,-440,379,-30,-8,17
IMU1,13655,141115823,-2011,-444,359,-9,-12,32
IMU1,13656,141125461,-2007,-457,339,9,-12,44
IMU1,13657,141134987,-2019,-470,321,14,2,40
IMU1,13658,141144425,-2000,-478,321,12,29,26
IMU1,13659,141154056,-1994,-477,328,9,65,-6
IMU1,13660,141163397,-2000,-471,349,5,91,-44
IMU1,13661,141172936,-1993,-473,369,12,89,-84
IMU1,13662,141182674,-1996,-484,391,21,57,-115
IMU1,13663,141192624,-2017,-481,389,36,6,-133
IMU1,13664,141202361,-2019,-475,379,45,-46,-134
IMU1,13665,141212393,-2026,-479,360,52,-68,-125
IMU1,13666,141222424,-2003,-470,345,52,-57,-107
IMU1,13667,141232444,-2000,-459,326,44,-23,-96
IMU1,13668,141242264,-1997,-452,327,26,2,-81
IMU1,13669,141251795,-2000,-458,338,9,15,-70
IMU1,13670,141261334,-1998,-468,356,-1,20,-60
IMU1,13671,141270972,-1993,-472,362,-6,18,-51
IMU1,13672,141280624,-2000,-469,349,-12,6,-42
IMU1,13673,141290254,-2003,-469,348,-14,-9,-34
IMU1,13674,141299982,-1992,-467,339,-21,-13,-28
IMU1,13675,141309917,-2004,-463,328,-31,-5,-26
IMU1,13676,141319662,-1993,-462,320,-41,5,-24
IMU1,13677,141329293,-1985,-451,312,-55,23,-32
IMU1,13678,141339122,-1986,-454,314,-66,42,-45
IMU1,13679,141348956,-1985,-459,320,-78,56,-58
IMU1,13680,141358793,-1985,-453,318,-84,66,-72
IMU1,13681,141368634,-1993,-456,324,-84,69,-83
IMU1,13682,141378461,-1992,-463,329,-83,68,-89
IMU1,13683,141388288,-1988,-459,329,-80,63,-91
IMU1,13684,141398121,-1978,-457,340,-71,58,-93
IMU1,13685,141407956,-1978,-452,344,-62,52,-98
IMU1,13686,141417802,-1974,-447,351,-52,44,-103
IMU1,13687,141427824,-1968,-452,348,-38,27,-105
IMU1,13688,141437853,-1968,-450,356,-21,6,-104
IMU1,13689,141447688,-1981,-457,349,0,-11,-100
IMU1,13690,141457404,-1981,-459,339,17,-27,-92
IMU1,13691,141467231,-1978,-468,339,32,-36,-77
IMU1,13692,141477062,-1984,-467,337,45,-36,-61
IMU1,13693,141486893,-1973,-465,333,52,-38,-44
IMU1,13694,141496722,-1967,-458,332,59,-42,-26
IMU1,13695,141506549,-1954,-456,331,64,-41,-15
IMU1,13696,141516390,-1947,-451,334,61,-38,-4
IMU1,13697,141526043,-1950,-450,338,57,-27,-3
IMU1,13698,141535679,-1964,-453,327,46,-20,2
IMU1,13699,141545228,-1969,-470,321,26,-25,7
IMU1,13700,141554768,-1976,-477,320,9,-27,-4
IMU1,13701,141564219,-1984,-475,322,-22,-21,-15
IMU1,13702,141574139,-1986,-477,324,-46,-12,-9
IMU1,13703,141583862,-1985,-468,332,-69,-6,-5
IMU1,13704,141593393,-1980,-464,340,-86,-6,0
IMU1,13705,141602739,-1975,-467,348,-93,-6,3
IMU1,13706,141612165,-1979,-469,356,-94,-16,12
IMU1,13707,141621988,-1984,-473,358,-83,-26,17
IMU1,13708,141631813,-1975,-477,357,-63,-36,13
IMU1,13709,141641657,-1983,-479,359,-46,-42,4
IMU1,13710,141651280,-1979,-486,365,-23,-49,-4
IMU1,13711,141660992,-1977,-492,365,4,-55,-15
IMU1,13712,141670620,-1977,-489,363,30,-66,-29
IMU1,13713,141680444,-1978,-490,337,50,-89,-41
IMU1,13714,141690273,-1981,-485,344,63,-104,-44
IMU1,13715,141700302,-1987,-486,347,69,-98,-36
IMU1,13716,141712895,-1978,-476,345,67,-69,-19
IMU1,13717,141722732,-1976,-471,338,58,-62,-5
IMU1,13718,141732360,-1974,-460,344,44,-52,0
IMU1,13719,141741794,-1959,-449,335,26,-44,1
IMU1,13720,141751333,-1970,-448,335,10,-42,-3
IMU1,13721,141760970,-1975,-452,335,-8,-41,-10
IMU1,13722,141770685,-1974,-461,334,-23,-39,-15
IMU1,13723,141780607,-1965,-468,324,-37,-31,-25
IMU1,13724,141790526,-1965,-475,313,-49,-27,-38
IMU1,13725,141800461,-1966,-473,305,-59,-24,-50
IMU1,13726,141810391,-1968,-465,296,-68,-24,-58
IMU1,13727,141820327,-1963,-461,296,-76,-15,-63
IMU1,13728,141830261,-1976,-458,298,-79,1,-64
IMU1,13729,141839899,-1976,-459,308,-80,14,-61
IMU1,13730,141849737,-1972,-466,312,-73,13,-56
IMU1,13731,141859568,-1976,-469,316,-64,4,-52
IMU1,13732,141869212,-1975,-470,318,-55,-4,-47
IMU1,13733,141878951,-1980,-471,305,-43,-11,-38
IMU1,13734,141888893,-1974,-471,308,-34,-10,-29
IMU1,13735,141898813,-1979,-465,299,-29,-10,-18
IMU1,13736,141908741,-1974,-462,292,-27,-10,-9
IMU1,13737,141918474,-1965,-456,285,-24,-9,-2
IMU1,13738,141928015,-1954,-445,281,-24,1,0
IMU1,13739,141937240,-1955,-443,282,-26,9,1
IMU1,13740,141946579,-1960,-445,289,-27,9,2
IMU1,13741,141955921,-1959,-443,288,-29,6,4
IMU1,13742,141965262,-1959,-440,288,-27,4,7
IMU1,13743,141974604,-1969,-440,291,-26,4,16
IMU1,13744,141984143,-1973,-437,301,-21,11,26
IMU1,13745,141993879,-1984,-440,300,-17,18,33
IMU1,13746,142003625,-1987,-445,299,-9,18,38
IMU1,13747,142013164,-1987,-449,300,-2,15,40
IMU1,13748,142022713,-1980,-451,289,8,13,33
IMU1,13749,142032169,-1976,-456,289,13,16,21
IMU1,13750,142041806,-1975,-457,287,23,23,5
IMU1,13751,142051252,-1975,-458,292,29,26,-8
IMU1,13752,142060795,-1978,-452,291,37,22,-22
IMU1,13753,142070552,-1971,-447,303,48,13,-28
IMU1,13754,142080301,-1973,-448,304,61,6,-28
IMU1,13755,142089833,-1978,-448,309,71,5,-20
IMU1,13756,142099380,-1967,-456,313,79,8,-5
IMU1,13757,142108728,-1975,-446,318,90,21,5
IMU1,13758,142118186,-1978,-442,329,98,31,14
IMU1,13759,142127840,-1978,-443,329,105,25,21
IMU1,13760,142137689,-1989,-443,322,115,11,21
IMU1,13761,142147511,-1981,-447,313,121,-6,20
IMU1,13762,142157251,-1979,-451,306,124,-7,17
IMU1,13763,142166987,-1975,-453,308,121,7,14
IMU1,13764,142176635,-1970,-456,309,118,21,14
IMU1,13765,142186481,-1972,-457,322,113,26,14
IMU1,13766,142196314,-1985,-456,327,113,20,17
IMU1,13767,142206159,-1988,-457,332,112,8,21
IMU1,13768,142215814,-1986,-459,331,112,-8,28
IMU1,13769,142225548,-1984,-454,325,106,-15,29
IMU1,13770,142235480,-1985,-453,322,103,-12,28
IMU1,13771,142245411,-1991,-458,310,98,-5,26
IMU1,13772,142254958,-1990,-465,307,90,4,22
IMU1,13773,142264410,-1985,-467,301,82,8,16
IMU1,13774,142273850,-1988,-470,301,72,8,11
IMU1,13775,142283306,-1993,-467,296,59,7,7
IMU1,13776,142292565,-1993,-461,285,52,8,5
IMU1,13777,142301816,-1998,-461,281,47,10,-1
IMU1,13778,142311363,-1993,-473,285,44,17,-3
IMU1,13779,142320910,-1981,-476,275,43,31,-4
IMU1,13780,142330459,-1991,-476,271,43,48,-3
IMU1,13781,142340016,-1987,-486,268,44,63,-1
IMU1,13782,142349541,-1984,-489,263,47,74,-1
IMU1,13783,142359078,-1980,-487,256,49,77,-1
IMU1,13784,142368620,-1979,-491,257,52,79,-5
IMU1,13785,142378163,-1980,-499,262,56,79,-6
IMU1,13786,142387704,-1979,-527,265,63,83,-6
IMU1,13787,142397241,-1981,-575,245,72,87,-6
IMU1,13788,142406794,-1995,-619,216,79,82,-1
IMU1,13789,142416337,-2007,-650,204,76,82,10
IMU1,13790,142425966,-2003,-663,204,74,106,19
IMU1,13791,142435796,-2002,-672,219,80,153,14
IMU1,13792,142445645,-2015,-674,231,89,194,3
IMU1,13793,142455286,-2016,-689,241,110,214,-15
IMU1,13794,142465419,-2017,-689,258,140,211,-40
IMU1,13795,142475546,-2006,-693,279,172,202,-64
IMU1,13796,142485681,-1998,-701,296,206,195,-83
IMU1,13797,142495822,-1993,-715,316,237,194,-101
IMU1,13798,142506183,-1989,-743,350,263,201,-108
IMU1,13799,142516526,-1990,-776,393,276,220,-105
IMU1,13800,142526877,-2007,-807,429,293,237,-91
IMU1,13801,142537024,-2015,-816,499,304,243,-66
IMU1,13802,142548211,-1992,-817,529,298,251,2
IMU1,13803,142558052,-1978,-826,581,278,282,21
IMU1,13804,142568102,-1951,-847,648,247,355,25
IMU1,13805,142578128,-1977,-846,734,190,476,24
IMU1,13806,142588174,-2040,-866,854,105,667,18
IMU1,13807,142598210,-2052,-926,898,-28,927,16
IMU1,13808,142608155,-2075,-943,917,-223,1161,5
IMU1,13809,142618301,-2130,-938,990,-486,1286,-29
IMU1,13810,142628734,-2185,-929,1158,-755,1248,-88
IMU1,13811,142639385,-2291,-932,1379,-983,1083,-169
IMU1,13812,142650228,-2389,-960,1625,-1138,873,-246
IMU1,13813,142661069,-2420,-1025,1817,-1224,716,-324
IMU1,13814,142672115,-2620,-1059,2201,-1260,577,-513
IMU1,13815,142683161,-2606,-1118,2377,-1271,239,-648
IMU1,13816,142694221,-2688,-1112,2566,-1288,60,-813
IMU1,13817,142705068,-2849,-1032,2738,-1339,-113,-997
IMU1,13818,142718962,-3086,-908,2890,-1438,-349,-1171
IMU1,13819,142730120,-3569,-656,3217,-1582,-973,-1434
IMU1,13820,142741263,-3806,-508,3299,-1984,-1291,-1530
IMU1,13821,142752606,-3990,-356,3281,-2257,-1555,-1635
IMU1,13822,142763946,-4077,-195,3174,-2630,-1709,-1788
IMU1,13823,142775297,-4257,30,3044,-3119,-1797,-2006
IMU1,13824,142786357,-4458,196,2901,-3711,-1867,-2247
IMU1,13825,142797621,-4969,488,2569,-4982,-2333,-2674
IMU1,13826,142808863,-5054,627,2344,-5558,-2691,-2814
IMU1,13827,142820131,-5128,745,2035,-6039,-2959,-2946
IMU1,13828,142831395,-5107,872,1751,-6428,-3109,-3067
IMU1,13829,142842673,-4977,998,1431,-6731,-3097,-3222
IMU1,13830,142853942,-4900,1068,1218,-6952,-3019,-3434
IMU1,13831,142865411,-4602,1270,886,-7110,-2823,-3943
IMU1,13832,142876684,-4446,1431,652,-7073,-2768,-4204
IMU1,13833,142887939,-4166,1602,385,-7004,-2740,-4429
IMU1,13834,142899187,-3884,1696,267,-6915,-2627,-4614
IMU1,13835,142910451,-3827,1734,164,-6762,-2429,-4738
IMU1,13836,142921709,-3753,1764,-326,-6524,-2290,-4762
IMU1,13837,142933058,-3241,1926,-698,-5968,-2146,-4606
IMU1,13838,142944408,-3015,1911,-905,-5676,-2052,-4483
IMU1,13839,142955767,-2831,1831,-1167,-5357,-1852,-4326
IMU1,13840,142967319,-2550,1845,-1528,-5007,-1584,-4132
IMU1,13841,142978880,-2216,1810,-1816,-4669,-1274,-3939
IMU1,13842,142990426,-1623,1558,-1935,-3999,-416,-3648
IMU1,13843,143001770,-1396,1521,-1916,-3613,14,-3534
IMU1,13844,143012814,-1192,1468,-1891,-3154,285,-3423
IMU1,13845,143024070,-970,1432,-1866,-2667,373,-3300
IMU1,13846,143035118,-833,1361,-1824,-2159,299,-3151
IMU1,13847,143046183,-700,1278,-1840,-1647,133,-2960
IMU1,13848,143057227,-324,1138,-1903,-733,-199,-2476
IMU1,13849,143068169,-165,1024,-1900,-345,-298,-2210
IMU1,13850,143079102,-76,899,-1883,-25,-334,-1945
IMU1,13851,143089441,-36,721,-1873,258,-349,-1662
IMU1,13852,143099883,-3,540,-1866,498,-366,-1353
IMU1,13853,143110138,25,386,-1867,691,-373,-1040
IMU1,13854,143120493,7,225,-1865,836,-361,-734
IMU1,13855,143130440,-9,38,-1865,932,-334,-434
IMU1,13856,143140288,-27,-142,-1861,984,-302,-153
IMU1,13857,143150631,-77,-305,-1850,997,-273,96
IMU1,13858,143160697,-134,-465,-1846,976,-254,322
IMU1,13859,143171135,-203,-634,-1821,929,-227,517
# swing_peak_seq=13833
IMU1,13860,143181597,-248,-830,-1793,876,-168,676
IMU1,13861,143192567,-283,-927,-1756,732,73,875
IMU1,13862,143202739,-322,-1002,-1702,662,242,909
IMU1,13863,143213275,-374,-1090,-1624,602,399,916
IMU1,13864,143223833,-425,-1118,-1570,551,519,917
IMU1,13865,143234412,-474,-1136,-1527,518,603,912
IMU1,13866,143244975,-509,-1145,-1490,498,674,904
IMU1,13867,143255523,-550,-1152,-1436,492,754,898
IMU1,13868,143266096,-576,-1148,-1381,500,844,899
IMU1,13869,143276647,-622,-1141,-1358,529,909,907
IMU1,13870,143287220,-596,-1092,-1273,574,935,929
IMU1,13871,143298314,-639,-1005,-1243,704,988,978
IMU1,13872,143308885,-591,-952,-1119,803,1001,1011
IMU1,13873,143319639,-580,-944,-1083,919,985,1044
IMU1,13874,143330212,-631,-936,-1045,1038,961,1081
IMU1,13875,143340983,-645,-935,-1001,1151,935,1141
IMU1,13876,143351749,-659,-918,-954,1253,918,1221
IMU1,13877,143362342,-715,-881,-906,1345,907,1322
IMU1,13878,143372870,-751,-854,-861,1431,910,1445
IMU1,13879,143383402,-694,-864,-781,1512,916,1583
IMU1,13880,143394474,-739,-850,-782,1659,903,1854
IMU1,13881,143405018,-729,-831,-788,1707,867,1981
IMU1,13882,143415556,-760,-829,-711,1761,833,2074
IMU1,13883,143426104,-859,-831,-637,1817,806,2159
IMU1,13884,143436648,-935,-1021,-683,1875,802,2247
IMU1,13885,143447394,-952,-1030,-601,1921,791,2318
IMU1,13886,143458151,-1085,-986,-521,1970,702,2377
IMU1,13887,143468903,-1238,-1127,-386,2038,551,2448
IMU1,13888,143479844,-1410,-1202,-323,2147,382,2537
IMU1,13889,143490797,-1386,-1183,-298,2439,-9,2712
IMU1,13890,143501444,-1408,-1187,-314,2621,-222,2755
IMU1,13891,143512488,-1450,-1197,-276,2791,-408,2758
IMU1,13892,143523539,-1484,-1210,-224,2947,-537,2741
IMU1,13893,143534587,-1587,-1299,-223,3066,-603,2713
IMU1,13894,143545631,-1726,-1412,-214,3135,-608,2682
IMU1,13895,143556669,-1860,-1521,54,3165,-538,2655
IMU1,13896,143567425,-1921,-1497,207,3208,-117,2545
IMU1,13897,143578357,-1883,-1475,277,3245,167,2438
IMU1,13898,143589203,-1811,-1412,300,3288,385,2286
IMU1,13899,143600053,-1810,-1337,269,3311,430,2086
IMU1,13900,143610895,-1948,-1361,315,3304,256,1868
IMU1,13901,143621741,-2062,-1410,433,3266,37,1691
IMU1,13902,143632389,-2039,-1425,541,3201,-74,1554
IMU1,13903,143643137,-2051,-1417,568,3098,-33,1437
IMU1,13904,143654419,-2106,-1433,509,2722,534,1317
IMU1,13905,143665267,-2133,-1396,548,2482,929,1299
IMU1,13906,143676133,-2072,-1346,647,2275,1261,1273
IMU1,13907,143687205,-2006,-1307,759,2128,1464,1214
IMU1,13908,143698253,-2033,-1264,815,2038,1510,1127
IMU1,13909,143709304,-2082,-1261,863,1983,1408,1036
IMU1,13910,143722912,-2156,-1265,855,1932,1106,905
IMU1,13911,143733782,-2134,-1255,819,1916,1026,872
IMU1,13912,143744647,-2111,-1220,801,1899,969,834
IMU1,13913,143755295,-2097,-1143,766,1885,928,783
IMU1,13914,143765965,-2039,-1126,741,1869,903,713
IMU1,13915,143776638,-2015,-1088,728,1849,905,622
IMU1,13916,143787295,-2072,-1071,830,1824,926,528
IMU1,13917,143798480,-2031,-1086,896,1787,844,350
IMU1,13918,143809132,-2016,-1061,889,1782,721,255
IMU1,13919,143819785,-2045,-1075,854,1770,566,179
IMU1,13920,143830448,-2093,-1087,830,1747,457,128
IMU1,13921,143841099,-2081,-1080,842,1721,407,121
IMU1,13922,143851743,-2036,-1057,830,1700,391,119
IMU1,13923,143862392,-2034,-1020,823,1686,393,108
IMU1,13924,143873046,-2065,-972,758,1668,407,112
IMU1,13925,143883481,-2038,-925,622,1632,412,135
IMU1,13926,143894452,-2029,-856,585,1470,371,247
IMU1,13927,143904897,-2041,-830,625,1362,336,301
IMU1,13928,143915346,-2048,-774,645,1252,304,346
IMU1,13929,143925810,-2002,-797,684,1149,267,372
IMU1,13930,143936263,-1949,-835,751,1072,200,352
IMU1,13931,143946710,-1905,-740,671,1012,100,286
IMU1,13932,143957174,-1955,-684,699,947,43,199
IMU1,13933,143967236,-1804,-749,623,888,26,122
IMU1,13934,143977301,-1696,-470,646,817,48,43
IMU1,13935,143987146,-1690,-482,428,745,137,-56
IMU1,13936,143997304,-1736,-546,500,639,278,-142
IMU1,13937,144007677,-1962,-698,411,524,469,-207
IMU1,13938,144018014,-2106,-918,456,393,610,-225
IMU1,13939,144029394,-2325,-890,565,177,508,24
IMU1,13940,144039438,-2097,-708,591,131,425,217
IMU1,13941,144049684,-1953,-591,552,111,387,355
IMU1,13942,144059935,-1948,-628,495,99,416,440
IMU1,13943,144069984,-1921,-655,503,94,459,496
IMU1,13944,144080030,-1922,-619,500,104,465,509
IMU1,13945,144090263,-1926,-612,507,124,389,483
IMU1,13946,144100502,-1926,-628,531,163,275,437
IMU1,13947,144110746,-1935,-628,505,218,180,379
IMU1,13948,144120996,-1949,-620,454,275,107,325
IMU1,13949,144131245,-1983,-613,429,317,58,285
IMU1,13950,144141292,-2009,-619,407,360,37,266
IMU1,13951,144151334,-2010,-617,414,391,16,263
IMU1,13952,144161396,-2030,-605,405,420,-24,273
IMU1,13953,144171536,-2036,-596,405,446,-77,294
IMU1,13954,144181689,-2031,-563,335,461,-116,325
IMU1,13955,144192525,-2005,-547,302,467,-76,380
IMU1,13956,144202649,-2003,-559,300,439,-1,397
IMU1,13957,144212579,-1976,-555,327,409,79,391
IMU1,13958,144222614,-1972,-535,342,382,143,369
IMU1,13959,144232852,-1969,-527,340,354,179,329
IMU1,13960,144243079,-2010,-543,357,316,187,285
IMU1,13961,144253322,-2053,-544,371,283,176,248
IMU1,13962,144263560,-2062,-536,393,259,147,226
IMU1,13963,144273797,-2056,-514,410,239,118,216
IMU1,13964,144284036,-2076,-517,428,224,101,217
IMU1,13965,144294267,-2082,-512,425,217,96,227
IMU1,13966,144304305,-2089,-505,414,216,87,237
IMU1,13967,144314339,-2058,-504,421,205,71,242
IMU1,13968,144324379,-2029,-496,419,191,66,225
IMU1,13969,144334409,-2035,-512,390,178,71,186
IMU1,13970,144344441,-2037,-527,386,149,76,134
IMU1,13971,144354476,-2012,-525,388,119,82,67
IMU1,13972,144365875,-1944,-510,403,67,79,-100
IMU1,13973,144375812,-1909,-518,400,40,74,-184
IMU1,13974,144385760,-1938,-519,432,33,81,-281
IMU1,13975,144395677,-1974,-518,540,28,76,-351
IMU1,13976,144405617,-1998,-498,500,74,44,-423
IMU1,13977,144415544,-2187,-547,396,114,-32,-420
IMU1,13978,144425780,-2238,-598,337,124,-130,-325
IMU1,13979,144436201,-2189,-554,387,119,-185,-193
IMU1,13980,144446624,-2136,-528,353,108,-186,-37
IMU1,13981,144456852,-2128,-510,336,81,-150,114
IMU1,13982,144466985,-2080,-494,320,45,-108,248
IMU1,13983,144477105,-1995,-466,350,8,-90,348
IMU1,13984,144486852,-1914,-453,371,-15,-68,391
IMU1,13985,144496882,-1867,-467,373,-31,-40,372
IMU1,13986,144506906,-1857,-475,402,-34,-19,303
IMU1,13987,144516929,-1899,-466,412,-22,-20,204
IMU1,13988,144526953,-1955,-478,417,-8,-62,105
IMU1,13989,144536790,-1994,-482,414,-1,-135,20
IMU1,13990,144546628,-1999,-470,391,4,-207,-47
IMU1,13991,144556467,-2004,-458,371,-3,-247,-101
IMU1,13992,144567638,-2014,-453,326,-48,-209,-135
IMU1,13993,144577967,-2008,-448,309,-90,-184,-122
IMU1,13994,144588290,-2008,-441,316,-128,-158,-109
IMU1,13995,144598828,-1997,-443,321,-165,-127,-92
IMU1,13996,144609149,-1984,-448,326,-197,-101,-79
IMU1,13997,144619476,-1971,-438,312,-223,-85,-83
IMU1,13998,144629618,-1956,-429,311,-250,-80,-96
IMU1,13999,144639758,-1948,-421,292,-269,-79,-115
IMU1,14000,144650109,-1955,-426,285,-292,-78,-132
IMU1,14001,144660430,-1951,-436,297,-305,-73,-145
IMU1,14002,144670761,-1950,-439,294,-311,-58,-160
IMU1,14003,144681076,-1949,-444,296,-305,-39,-179
IMU1,14004,144691390,-1932,-440,322,-297,-31,-203
IMU1,14005,144702214,-1890,-441,336,-256,-37,-257
IMU1,14006,144712539,-1873,-454,334,-220,-38,-301
IMU1,14007,144725418,-1888,-474,296,-185,-46,-360
IMU1,14008,144735743,-1968,-496,215,-161,-65,-412
IMU1,14009,144746068,-2084,-514,151,-164,-96,-428
IMU1,14010,144756390,-2119,-507,132,-197,-122,-385
IMU1,14011,144766921,-2115,-492,156,-249,-117,-288
IMU1,14012,144777453,-2075,-474,187,-307,-71,-162
IMU1,14013,144787788,-2005,-455,237,-361,11,-33
IMU1,14014,144798865,-1948,-446,253,-419,168,148
IMU1,14015,144809193,-1917,-434,265,-424,199,183
IMU1,14016,144819529,-1896,-439,279,-408,205,175
IMU1,14017,144829853,-1890,-452,294,-385,184,145
IMU1,14018,144840194,-1917,-453,306,-347,141,103
IMU1,14019,144850526,-1942,-472,291,-294,87,58
IMU1,14020,144860461,-1961,-489,277,-247,26,23
IMU1,14021,144870385,-1974,-496,258,-203,-29,-4
IMU1,14022,144880323,-1975,-502,237,-167,-65,-23
IMU1,14023,144890440,-1975,-516,220,-139,-81,-33
IMU1,14024,144900568,-1973,-513,213,-115,-75,-39
IMU1,14025,144910691,-1962,-512,214,-101,-54,-44
IMU1,14026,144920818,-1951,-510,202,-89,-30,-47
IMU1,14027,144930738,-1961,-510,195,-81,-7,-55
IMU1,14028,144940465,-1965,-518,197,-79,11,-65
IMU1,14029,144950304,-1977,-521,210,-73,28,-78
IMU1,14030,144960148,-2012,-527,218,-71,32,-82
IMU1,14031,144969968,-2047,-539,230,-74,26,-76
IMU1,14032,144981365,-2037,-534,254,-66,-23,-15
IMU1,14033,144991295,-2033,-520,285,-61,-37,26
IMU1,14034,145001139,-2024,-517,276,-44,-43,59
IMU1,14035,145010962,-2015,-515,257,-23,-52,85
IMU1,14036,145020793,-1991,-504,262,-2,-67,97
IMU1,14037,145030441,-1988,-499,248,6,-78,102
IMU1,14038,145040167,-1967,-506,245,16,-85,97
IMU1,14039,145049886,-1950,-507,225,19,-87,81
IMU1,14040,145059610,-1959,-513,229,15,-88,58
IMU1,14041,145069350,-1966,-520,227,9,-83,35
IMU1,14042,145078895,-1966,-522,216,-2,-69,9
IMU1,14043,145088336,-1956,-515,208,-14,-54,-19
IMU1,14044,145098254,-1962,-513,202,-30,-44,-49
IMU1,14045,145108180,-1966,-517,192,-53,-34,-77
IMU1,14046,145118114,-1966,-525,203,-74,-20,-99
IMU1,14047,145128054,-1973,-529,205,-91,-2,-112
IMU1,14048,145137978,-1989,-529,203,-107,18,-120
IMU1,14049,145148210,-1997,-529,211,-122,34,-122
IMU1,14050,145158450,-2015,-534,218,-129,50,-127
IMU1,14051,145168680,-2052,-549,229,-128,62,-129
IMU1,14052,145178904,-2078,-561,234,-117,62,-118
IMU1,14053,145189142,-2069,-554,250,-104,45,-97
IMU1,14054,145199181,-2041,-547,251,-86,28,-71
IMU1,14055,145209035,-2025,-550,247,-60,23,-48
IMU1,14056,145218868,-2022,-560,240,-38,27,-30
IMU1,14057,145228699,-2010,-559,230,-15,27,-21
IMU1,14058,145238546,-1996,-557,241,2,12,-21
IMU1,14059,145248098,-1984,-553,241,23,-3,-31
IMU1,14060,145257731,-1983,-555,235,44,-10,-43
IMU1,14061,145267571,-1979,-550,225,55,-8,-55
IMU1,14062,145277219,-1973,-546,217,67,-5,-72
IMU1,14063,145286877,-1946,-538,221,69,-3,-87
IMU1,14064,145296511,-1961,-546,224,62,5,-108
IMU1,14065,145306253,-1981,-559,246,62,14,-125
IMU1,14066,145316187,-1997,-570,258,57,10,-128
IMU1,14067,145327690,-1981,-572,276,44,-18,-108
IMU1,14068,145337727,-1985,-573,275,35,-25,-94
IMU1,14069,145347568,-1987,-567,263,15,-25,-84
IMU1,14070,145357402,-1981,-566,253,-3,-26,-76
IMU1,14071,145367145,-1966,-563,248,-27,-23,-77
IMU1,14072,145377079,-1960,-566,260,-49,-9,-79
IMU1,14073,145386826,-1947,-561,256,-76,13,-84
IMU1,14074,145396676,-1932,-556,253,-102,31,-93
IMU1,14075,145406731,-1936,-559,268,-125,39,-108
IMU1,14076,145416986,-1959,-570,273,-150,34,-114
IMU1,14077,145427222,-1977,-571,288,-168,26,-112
IMU1,14078,145437450,-1982,-574,293,-182,22,-100
IMU1,14079,145447688,-1993,-589,297,-181,26,-93
IMU1,14080,145457726,-1996,-598,315,-179,32,-87
IMU1,14081,145467765,-1994,-608,317,-168,31,-86
IMU1,14082,145477802,-1993,-622,327,-153,23,-90
IMU1,14083,145487837,-1998,-630,328,-136,6,-100
IMU1,14084,145497883,-1997,-638,336,-114,-22,-111
IMU1,14085,145508204,-1978,-640,339,-98,-50,-123
IMU1,14086,145518321,-1971,-636,314,-85,-75,-134
IMU1,14087,145529499,-1970,-639,296,-80,-107,-155
IMU1,14088,145539836,-1976,-634,282,-92,-111,-160
IMU1,14089,145550165,-1990,-631,281,-104,-108,-163
IMU1,14090,145560689,-2000,-630,281,-122,-103,-160
IMU1,14091,145571211,-2020,-634,293,-129,-88,-163
IMU1,14092,145581536,-2031,-650,292,-136,-77,-167
IMU1,14093,145591867,-2034,-663,299,-140,-78,-174
IMU1,14094,145602206,-2035,-674,304,-138,-86,-188
IMU1,14095,145612527,-2019,-686,301,-129,-104,-205
IMU1,14096,145623051,-2009,-699,304,-122,-130,-221
IMU1,14097,145633563,-1990,-706,293,-117,-148,-233
IMU1,14098,145645131,-1975,-724,263,-151,-166,-228
IMU1,14099,145655649,-1975,-736,250,-184,-168,-214
IMU1,14100,145666169,-1945,-736,222,-222,-172,-212
IMU1,14101,145676681,-1943,-728,189,-269,-171,-214
IMU1,14102,145687201,-1932,-716,182,-321,-161,-214
IMU1,14103,145697713,-1912,-717,163,-375,-134,-216
IMU1,14104,145708241,-1919,-724,161,-424,-91,-230
IMU1,14105,145718572,-1956,-749,169,-466,-49,-246
IMU1,14106,145731449,-1964,-819,204,-530,-12,-263
IMU1,14107,145741772,-1971,-832,232,-554,-21,-260
IMU1,14108,145752103,-1984,-863,254,-559,-47,-256
IMU1,14109,145762440,-1984,-885,269,-557,-76,-250
IMU1,14110,145772773,-1967,-891,267,-542,-114,-240
IMU1,14111,145783314,-1956,-895,270,-518,-147,-244
IMU1,14112,145793855,-1942,-915,265,-486,-184,-257
IMU1,14113,145804385,-1912,-922,275,-455,-229,-273
IMU1,14114,145814938,-1882,-940,271,-421,-277,-292
IMU1,14115,145825493,-1847,-949,283,-387,-319,-315
IMU1,14116,145836028,-1812,-976,286,-355,-351,-341
IMU1,14117,145847078,-1828,-986,314,-308,-410,-384
IMU1,14118,145857615,-1824,-995,313,-288,-434,-400
IMU1,14119,145868145,-1819,-994,290,-282,-470,-406
IMU1,14120,145878686,-1821,-990,292,-287,-503,-410
IMU1,14121,145889224,-1838,-1009,318,-297,-525,-404
IMU1,14122,145899961,-1842,-1024,351,-305,-526,-392
IMU1,14123,145910699,-1817,-1028,362,-311,-528,-379
IMU1,14124,145921443,-1782,-1013,381,-313,-556,-377
IMU1,14125,145932160,-1731,-991,367,-312,-608,-387
IMU1,14126,145943208,-1678,-982,367,-318,-716,-413
IMU1,14127,145953731,-1632,-954,378,-327,-737,-424
IMU1,14128,145964257,-1598,-935,378,-329,-740,-439
IMU1,14129,145974795,-1576,-936,365,-335,-741,-447
IMU1,14130,145985334,-1576,-943,363,-354,-754,-437
IMU1,14131,145995869,-1576,-949,381,-373,-775,-407
IMU1,14132,146006414,-1567,-960,409,-393,-783,-360
IMU1,14133,146016940,-1518,-967,408,-414,-779,-304
IMU1,14134,146027478,-1481,-964,393,-443,-778,-251
IMU1,14135,146038011,-1406,-992,405,-485,-791,-212
IMU1,14136,146049061,-1409,-1015,429,-564,-853,-161
IMU1,14137,146059775,-1444,-1042,468,-588,-885,-132
IMU1,14138,146070506,-1451,-1061,482,-598,-911,-87
IMU1,14139,146081039,-1461,-1057,466,-608,-940,-38
IMU1,14140,146091573,-1461,-1061,437,-616,-980,5
IMU1,14141,146101814,-1454,-1092,418,-630,-1018,40
IMU1,14142,146112455,-1450,-1096,394,-654,-1046,65
IMU1,14143,146123089,-1468,-1082,383,-684,-1059,83
IMU1,14144,146133729,-1476,-1070,407,-721,-1055,100
IMU1,14145,146145091,-1526,-1052,448,-789,-992,141
IMU1,14146,146155744,-1570,-1034,498,-806,-967,173
IMU1,14147,146166379,-1595,-1000,544,-800,-956,193
IMU1,14148,146177029,-1594,-970,578,-777,-965,202
IMU1,14149,146187468,-1606,-945,587,-738,-996,199
IMU1,14150,146197908,-1634,-936,581,-701,-1034,181
IMU1,14151,146208557,-1682,-946,544,-672,-1069,163
IMU1,14152,146219192,-1729,-949,509,-668,-1096,159
IMU1,14153,146229852,-1802,-932,484,-687,-1106,175
IMU1,14154,146241004,-1863,-888,437,-760,-1039,304
IMU1,14155,146251637,-1872,-877,452,-802,-948,399
IMU1,14156,146262085,-1859,-888,518,-849,-827,504
IMU1,14157,146272522,-1839,-888,578,-869,-677,592
IMU1,14158,146282968,-1825,-883,645,-881,-537,655
IMU1,14159,146293402,-1795,-863,700,-865,-426,677
IMU1,14160,146303852,-1784,-845,750,-834,-355,660
IMU1,14161,146314310,-1766,-855,794,-790,-329,618
IMU1,14162,146324760,-1805,-851,787,-739,-337,558
IMU1,14163,146335208,-1818,-852,825,-692,-371,491
IMU1,14164,146345645,-1879,-852,806,-646,-413,431
IMU1,14165,146356594,-1878,-831,777,-585,-493,358
IMU1,14166,146367044,-1874,-822,749,-585,-505,352
IMU1,14167,146377498,-1846,-819,749,-594,-475,352
IMU1,14168,146387956,-1795,-819,762,-608,-414,351
IMU1,14169,146398409,-1749,-805,777,-620,-356,344
IMU1,14170,146408860,-1729,-794,805,-619,-326,317
IMU1,14171,146419308,-1737,-796,853,-598,-329,290
IMU1,14172,146429758,-1749,-811,899,-551,-342,271
IMU1,14173,146440217,-1763,-807,931,-487,-348,259
IMU1,14174,146450640,-1763,-812,945,-419,-356,254
IMU1,14175,146461075,-1757,-809,932,-348,-380,253
IMU1,14176,146472039,-1736,-804,894,-232,-455,243
IMU1,14177,146482476,-1710,-793,858,-200,-494,229
IMU1,14178,146492918,-1689,-767,794,-190,-522,219
IMU1,14179,146503360,-1642,-737,742,-210,-514,209
IMU1,14180,146513799,-1586,-711,695,-252,-467,202
IMU1,14181,146524253,-1534,-687,668,-313,-379,191
IMU1,14182,146534695,-1504,-671,672,-381,-271,178
IMU1,14183,146545134,-1520,-664,716,-448,-159,169
IMU1,14184,146555576,-1556,-680,792,-492,-58,173
IMU1,14185,146565827,-1599,-701,865,-508,16,193
IMU1,14186,146575972,-1625,-718,929,-494,56,227
IMU1,14187,146586123,-1668,-779,1004,-454,67,260
IMU1,14188,146596980,-1694,-796,1011,-321,-3,282
IMU1,14189,146607218,-1720,-803,984,-242,-66,283
IMU1,14190,146617454,-1727,-811,949,-193,-138,289
IMU1,14191,146627902,-1732,-811,910,-159,-176,288
IMU1,14192,146638350,-1742,-813,864,-151,-177,284
IMU1,14193,146648787,-1750,-816,842,-159,-153,273
IMU1,14194,146659229,-1763,-819,828,-182,-115,251
IMU1,14195,146669652,-1768,-834,807,-210,-79,225
IMU1,14196,146679888,-1799,-852,768,-248,-52,195
IMU1,14197,146690136,-1826,-847,736,-298,-27,165
IMU1,14198,146700370,-1859,-811,709,-354,12,146
IMU1,14199,146710522,-1906,-801,707,-416,71,136
IMU1,14200,146720679,-2051,-835,789,-470,133,145
IMU1,14201,146733578,-2098,-878,827,-506,215,230
IMU1,14202,146743933,-2108,-914,853,-485,232,292
IMU1,14203,146754292,-2049,-962,897,-437,240,342
IMU1,14204,146764637,-1989,-1000,912,-365,224,363
IMU1,14205,146775194,-1935,-1030,921,-285,154,357
IMU1,14206,146785756,-1890,-1069,894,-197,23,329
IMU1,14207,146796107,-1808,-1083,819,-119,-153,285
IMU1,14208,146806756,-1685,-1057,702,-78,-335,225
IMU1,14209,146817182,-1493,-955,455,-87,-481,71
IMU1,14210,146827738,-1479,-920,397,-228,-557,9
IMU1,14211,146837787,-1470,-886,367,-340,-480,-20
IMU1,14212,146848112,-1493,-855,366,-469,-350,-21
IMU1,14213,146858431,-1537,-827,377,-603,-196,-9
IMU1,14214,146868566,-1598,-808,406,-730,-59,14
IMU1,14215,146878599,-1674,-799,480,-846,28,48
IMU1,14216,146888549,-1742,-808,544,-936,76,89
IMU1,14217,146898489,-1785,-826,587,-986,104,122
IMU1,14218,146908819,-1810,-849,649,-1008,123,149
IMU1,14219,146919344,-1827,-872,723,-990,142,164
IMU1,14220,146929693,-1828,-887,766,-933,152,170
IMU1,14221,146940040,-1823,-893,829,-848,139,162
IMU1,14222,146950384,-1812,-903,870,-736,100,148
IMU1,14223,146960739,-1793,-911,878,-601,33,136
IMU1,14224,146971927,-1755,-917,848,-337,-150,127
IMU1,14225,146982368,-1728,-915,794,-234,-243,148
IMU1,14226,146992822,-1697,-899,733,-158,-323,174
IMU1,14227,147003252,-1647,-885,671,-125,-393,210
IMU1,14228,147013687,-1591,-875,611,-121,-444,241
IMU1,14229,147024135,-1551,-855,574,-148,-469,272
IMU1,14230,147034585,-1528,-848,545,-191,-463,299
IMU1,14231,147045037,-1515,-847,525,-247,-432,322
IMU1,14232,147055491,-1508,-853,525,-309,-388,345
IMU1,14233,147065943,-1509,-843,512,-372,-340,363
IMU1,14234,147076389,-1538,-900,462,-433,-295,368
IMU1,14235,147087361,-1537,-841,540,-552,-268,401
IMU1,14236,147097802,-1586,-838,490,-591,-260,398
IMU1,14237,147108248,-1625,-906,519,-625,-251,366
IMU1,14238,147118692,-1675,-884,500,-648,-274,342
IMU1,14239,147129142,-1663,-872,517,-660,-316,331
IMU1,14240,147139590,-1662,-862,530,-664,-335,323
IMU1,14241,147150027,-1699,-871,524,-656,-323,314
IMU1,14242,147160467,-1772,-886,532,-652,-307,316
IMU1,14243,147170914,-1802,-889,550,-644,-310,336
IMU1,14244,147181360,-1800,-890,552,-638,-322,364
IMU1,14245,147191812,-1809,-892,533,-630,-333,389
IMU1,14246,147202795,-1844,-888,533,-642,-396,426
IMU1,14247,147213218,-1866,-890,545,-649,-431,444
IMU1,14248,147223639,-1913,-919,563,-654,-451,461
IMU1,14249,147234086,-1883,-877,575,-657,-471,483
IMU1,14250,147244514,-1844,-851,599,-657,-503,483
IMU1,14251,147254953,-1858,-853,593,-653,-553,460
IMU1,14252,147265397,-1862,-855,598,-654,-603,433
IMU1,14253,147275835,-1859,-854,588,-668,-634,408
IMU1,14254,147286286,-1867,-857,570,-696,-651,391
IMU1,14255,147296730,-1869,-848,537,-739,-667,388
IMU1,14256,147307164,-1861,-838,536,-797,-670,393
IMU1,14257,147318140,-1874,-809,569,-929,-617,442
IMU1,14258,147328587,-1886,-792,597,-979,-550,461
IMU1,14259,147339035,-1895,-786,613,-1034,-491,478
IMU1,14260,147349693,-1890,-771,640,-1093,-450,481
IMU1,14261,147360340,-1890,-760,687,-1149,-442,471
IMU1,14262,147370975,-1879,-740,737,-1186,-462,448
IMU1,14263,147381627,-1880,-718,776,-1201,-510,420
IMU1,14264,147392276,-1888,-703,809,-1193,-560,392
IMU1,14265,147402921,-1874,-706,807,-1175,-592,375
IMU1,14266,147413574,-1922,-689,781,-1163,-603,373
IMU1,14267,147424230,-1875,-685,749,-1182,-570,399
IMU1,14268,147434884,-1850,-660,741,-1235,-496,425
IMU1,14269,147445533,-1875,-647,747,-1310,-400,456
IMU1,14270,147456186,-1887,-657,784,-1388,-329,491
IMU1,14271,147466784,-1879,-670,825,-1457,-304,517
IMU1,14272,147477408,-1858,-669,900,-1499,-323,524
IMU1,14273,147488029,-1868,-694,964,-1502,-381,506
IMU1,14274,147498641,-1819,-676,966,-1469,-481,477
IMU1,14275,147509259,-1755,-613,886,-1409,-607,430
IMU1,14276,147520412,-1679,-587,854,-1276,-824,312
IMU1,14277,147531034,-1665,-565,796,-1229,-883,278
IMU1,14278,147541671,-1656,-517,741,-1186,-909,267
IMU1,14279,147552304,-1657,-485,703,-1167,-893,276
IMU1,14280,147562929,-1673,-480,673,-1162,-846,304
IMU1,14281,147573549,-1665,-468,641,-1162,-782,346
IMU1,14282,147584180,-1640,-457,620,-1162,-708,390
IMU1,14283,147594798,-1658,-454,638,-1159,-627,428
IMU1,14284,147605441,-1689,-486,682,-1140,-542,456
IMU1,14285,147616578,-1734,-507,716,-1063,-406,496
IMU1,14286,147627204,-1806,-547,774,-1009,-349,526
IMU1,14287,147637827,-1882,-587,837,-919,-292,560
IMU1,14288,147648264,-1960,-637,921,-813,-241,607
IMU1,14289,147658689,-2028,-686,984,-689,-208,658
IMU1,14290,147669114,-2027,-714,1037,-546,-215,703
IMU1,14291,147679757,-1963,-709,1061,-388,-276,720
IMU1,14292,147690403,-1878,-690,1027,-235,-382,700
IMU1,14293,147701035,-1800,-674,989,-101,-489,648
IMU1,14294,147711465,-1709,-654,932,4,-570,579
IMU1,14295,147722463,-1698,-635,902,154,-634,473
IMU1,14296,147735362,-1680,-624,874,193,-616,454
IMU1,14297,147745706,-1683,-627,849,221,-551,453
IMU1,14298,147756041,-1699,-630,835,220,-450,474
IMU1,14299,147766389,-1727,-631,842,200,-322,507
IMU1,14300,147776730,-1735,-652,857,174,-177,543
IMU1,14301,147787064,-1744,-665,876,130,-38,561
IMU1,14302,147797205,-1737,-668,898,89,58,553
IMU1,14303,147807050,-1722,-667,926,43,95,508
IMU1,14304,147818457,-1749,-672,962,-12,44,329
IMU1,14305,147828392,-1780,-675,966,-32,6,239
IMU1,14306,147838139,-1824,-662,947,-37,-23,158
IMU1,14307,147848190,-1847,-657,929,-41,-51,102
IMU1,14308,147858214,-1848,-664,910,-49,-76,75
IMU1,14309,147868057,-1851,-662,891,-59,-87,64
IMU1,14310,147877882,-1845,-656,889,-72,-75,61
IMU1,14311,147887717,-1828,-652,890,-75,-52,57
IMU1,14312,147897557,-1820,-643,901,-62,-22,50
IMU1,14313,147907402,-1816,-633,901,-42,5,34
IMU1,14314,147916949,-1830,-621,914,-8,19,17
IMU1,14315,147926496,-1890,-594,918,33,29,5
IMU1,14316,147935955,-1958,-582,933,79,48,9
IMU1,14317,147945432,-2025,-586,934,121,73,34
IMU1,14318,147955297,-2061,-603,930,154,95,65
IMU1,14319,147965152,-2050,-615,921,179,103,85
IMU1,14320,147975211,-2002,-627,908,193,95,86
IMU1,14321,147985053,-1931,-645,891,200,69,57
IMU1,14322,147994890,-1844,-642,865,200,28,4
IMU1,14323,148004523,-1753,-628,832,194,-26,-69
IMU1,14324,148014553,-1695,-599,775,180,-91,-148
IMU1,14325,148024789,-1663,-561,724,155,-146,-216
IMU1,14326,148035219,-1657,-536,682,113,-180,-249
IMU1,14327,148045633,-1682,-521,637,56,-175,-244
IMU1,14328,148055857,-1707,-502,618,-12,-128,-201
IMU1,14329,148066186,-1726,-499,624,-81,-46,-134
IMU1,14330,148076316,-1755,-502,632,-150,48,-57
IMU1,14331,148087406,-1817,-527,676,-252,198,65
IMU1,14332,148097546,-1842,-536,686,-283,216,97
IMU1,14333,148107683,-1843,-539,689,-299,209,103
IMU1,14334,148118021,-1834,-533,686,-312,204,95
IMU1,14335,148128166,-1814,-512,662,-306,193,77
IMU1,14336,148138297,-1799,-494,630,-303,186,51
IMU1,14337,148148440,-1758,-474,596,-296,183,33
IMU1,14338,148158588,-1719,-447,569,-288,191,22
IMU1,14339,148168731,-1700,-422,543,-283,210,21
IMU1,14340,148178866,-1692,-409,525,-274,230,32
IMU1,14341,148189001,-1702,-398,538,-266,241,66
IMU1,14342,148199140,-1749,-406,575,-242,224,118
IMU1,14343,148209474,-1755,-400,534,-191,176,182
IMU1,14344,148219811,-1717,-404,525,-130,103,243
IMU1,14345,148230153,-1665,-370,467,-53,34,288
IMU1,14346,148241657,-1625,-352,410,98,-44,316
IMU1,14347,148251592,-1655,-348,412,176,-37,329
IMU1,14348,148261727,-1686,-341,412,255,7,349
IMU1,14349,148271572,-1706,-369,421,334,67,384
IMU1,14350,148281630,-1736,-371,428,415,97,421
IMU1,14351,148291662,-1805,-383,486,507,64,459
IMU1,14352,148301704,-1793,-378,514,617,-31,511
IMU1,14353,148311856,-1817,-368,543,753,-142,555
IMU1,14354,148322217,-1847,-564,927,931,-253,592
IMU1,14355,148332570,-1913,-502,897,1234,-394,633
IMU1,14356,148343137,-1899,-415,789,1581,-628,657
IMU1,14357,148353701,-1845,-409,662,1893,-923,652
IMU1,14358,148364243,-1818,-373,575,2134,-1151,626
IMU1,14359,148375001,-1827,-348,527,2300,-1215,600
IMU1,14360,148385767,-1882,-317,548,2475,-991,614
IMU1,14361,148396326,-1908,-274,595,2528,-840,627
IMU1,14362,148406895,-1898,-225,669,2560,-654,634
IMU1,14363,148417439,-1860,-198,701,2547,-374,625
IMU1,14364,148428002,-1903,-180,762,2473,-59,593
IMU1,14365,148438365,-1994,-156,872,2344,158,556
IMU1,14366,148448847,-2039,-118,1027,2189,250,516
IMU1,14367,148459495,-2085,-81,1103,2028,252,469
IMU1,14368,148469953,-2072,-40,1111,1861,198,424
IMU1,14369,148480414,-1999,-6,1142,1681,150,374
IMU1,14370,148491671,-1982,-25,1126,1251,347,248
IMU1,14371,148502105,-1997,-25,1211,1010,635,187
IMU1,14372,148512548,-2078,-49,1306,759,889,138
IMU1,14373,148522786,-2154,-39,1481,530,1076,98
IMU1,14374,148533035,-2214,-82,1751,348,1193,69
IMU1,14375,148543287,-2285,-109,1872,220,1225,45
IMU1,14376,148553732,-2226,-132,2089,144,1217,-2
IMU1,14377,148564075,-2118,-155,2311,98,1213,-97
IMU1,14378,148574422,-2202,-175,2349,54,1236,-230
IMU1,14379,148584972,-2266,-164,2454,-26,1305,-363
IMU1,14380,148595592,-2401,-166,2558,-154,1371,-469
IMU1,14381,148606955,-2307,-141,2769,-519,1262,-646
IMU1,14382,148617805,-2276,-163,2967,-717,1004,-739
IMU1,14383,148628642,-2227,-172,3265,-863,660,-829
IMU1,14384,148639273,-2265,-139,3465,-959,370,-915
IMU1,14385,148649934,-2374,-33,3720,-1036,152,-975
IMU1,14386,148660580,-2414,144,4129,-1123,42,-1019
IMU1,14387,148671321,-2539,318,4380,-1253,18,-1091
IMU1,14388,148682099,-2630,547,4731,-1485,-249,-1233
IMU1,14389,148693154,-2950,1013,5470,-2225,-936,-1593
IMU1,14390,148704416,-3203,1363,5771,-2677,-1152,-1710
IMU1,14391,148715855,-3496,1672,5967,-3214,-1404,-1785
IMU1,14392,148727306,-3926,1968,6003,-3856,-1775,-1836
IMU1,14393,148741315,-4639,2275,5318,-5436,-2656,-1737
IMU1,14394,148752781,-4604,2478,4767,-6310,-3077,-1648
IMU1,14395,148764261,-4594,2664,4219,-7117,-3299,-1627
IMU1,14396,148775720,-4589,2840,3663,-7826,-3302,-1700
IMU1,14397,148787181,-4691,3019,3039,-8448,-3191,-1869
IMU1,14398,148798680,-4878,3382,1658,-9543,-3049,-2266
IMU1,14399,148810150,-4909,3474,914,-10030,-2998,-2409
IMU1,14400,148821613,-4647,3514,352,-10492,-2804,-2494
IMU1,14401,148833048,-4185,3465,-134,-10898,-2366,-2595
IMU1,14402,148844573,-3827,3458,-300,-11188,-1811,-2766
IMU1,14403,148856123,-3326,3476,-267,-11272,-541,-3205
IMU1,14404,148867451,-3072,3290,-390,-10698,8,-3362
IMU1,14405,148878287,-2807,3116,-401,-10134,431,-3434
IMU1,14406,148889537,-2458,2985,-479,-9380,812,-3422
IMU1,14407,148900599,-2128,2843,-514,-8498,1143,-3349
IMU1,14408,148911835,-1810,2722,-547,-7543,1359,-3255
IMU1,14409,148923088,-1193,2763,-909,-6563,1432,-3137
IMU1,14410,148934338,-172,4680,-1434,-4808,1113,-2906
IMU1,14411,148945585,-372,3638,-1617,-4182,847,-2938
IMU1,14412,148956625,-567,105,-1093,-3616,539,-2624
IMU1,14413,148967464,566,5091,1690,-2694,156,-2148
IMU1,14414,148978318,-876,2639,-207,-1008,-186,-1873
IMU1,14415,148989249,-381,639,-666,49,-1245,-1313
IMU1,14416,148999693,-2007,1204,-3799,1131,-2985,-702
IMU1,14417,149010930,-242,639,-2281,1568,-5483,710
IMU1,14418,149021688,-306,1564,-2536,1693,-5157,866
IMU1,14419,149032637,-502,1573,-2478,1637,-3788,925
IMU1,14420,149043601,-391,796,-2594,1496,-2012,937
IMU1,14421,149054344,-536,73,-2699,1279,-546,921
IMU1,14422,149064705,-701,-206,-2586,1008,330,915
IMU1,14423,149075243,-761,-133,-2181,759,823,881
IMU1,14424,149085584,-942,-65,-1862,594,1145,814
IMU1,14425,149095943,-1055,-86,-1319,524,1308,747
IMU1,14426,149106992,-1298,-410,-1071,623,1077,669
IMU1,14427,149117732,-1437,-525,-972,784,722,671
IMU1,14428,149128085,-1520,-544,-943,984,295,709
IMU1,14429,149138417,-1609,-597,-930,1207,-113,770
# swing_peak_seq=14403
IMU1,14430,149149045,-1644,-622,-931,1424,-449,858
IMU1,14431,149159676,-1678,-617,-1005,1626,-674,965
IMU1,14432,149170510,-1672,-649,-1042,1782,-760,1081
IMU1,14433,149181546,-1682,-700,-1039,1888,-702,1193
IMU1,14434,149192588,-1682,-908,-979,1950,-519,1379
IMU1,14435,149203425,-1621,-895,-985,1964,63,1436
IMU1,14436,149213956,-1561,-864,-981,1924,328,1454
IMU1,14437,149224698,-1572,-839,-910,1890,498,1431
IMU1,14438,149235451,-1651,-868,-871,1873,542,1400
IMU1,14439,149246197,-1745,-906,-832,1874,487,1384
IMU1,14440,149256951,-1790,-911,-804,1888,380,1387
IMU1,14441,149267700,-1768,-898,-759,1911,279,1401
IMU1,14442,149278446,-1744,-892,-746,1948,249,1419
IMU1,14443,149289709,-1717,-861,-707,2021,440,1451
IMU1,14444,149300442,-1749,-853,-684,2048,602,1473
IMU1,14445,149311176,-1728,-845,-600,2072,754,1485
IMU1,14446,149321933,-1907,-916,-549,2101,876,1476
IMU1,14447,149332687,-2002,-990,-446,2142,932,1505
IMU1,14448,149343435,-2089,-1056,-401,2209,928,1539
IMU1,14449,149354384,-2107,-1117,-336,2300,901,1583
IMU1,14450,149365347,-2031,-999,-318,2420,845,1612
IMU1,14451,149376097,-1959,-982,-320,2714,650,1623
IMU1,14452,149386826,-1957,-1026,-248,2847,543,1621
IMU1,14453,149397767,-2036,-1120,-126,2956,461,1623
IMU1,14454,149408712,-2111,-1199,21,3036,441,1640
IMU1,14455,149419371,-2156,-1288,132,3090,493,1684
IMU1,14456,149430229,-2194,-1356,166,3118,594,1734
IMU1,14457,149441096,-2194,-1376,184,3121,683,1776
IMU1,14458,149451943,-2180,-1376,237,3123,725,1776
IMU1,14459,149462804,-2161,-1342,264,3164,595,1643
IMU1,14460,149473658,-2166,-1322,277,3197,467,1532
IMU1,14461,149484514,-2179,-1350,313,3219,375,1414
IMU1,14462,149495370,-2175,-1360,357,3222,372,1311
IMU1,14463,149506220,-2161,-1359,349,3182,440,1223
IMU1,14464,149517064,-2108,-1339,363,3102,524,1135
IMU1,14465,149527908,-2020,-1300,366,2991,573,1034
IMU1,14466,149538756,-2103,-1290,527,2867,551,763
IMU1,14467,149549406,-2200,-1341,679,2697,192,647
IMU1,14468,149560049,-2356,-1375,790,2706,-128,572
IMU1,14469,149570798,-2418,-1412,840,2772,-411,556
IMU1,14470,149581544,-2323,-1463,795,2836,-550,578
IMU1,14471,149592306,-2249,-1478,741,2859,-545,593
IMU1,14472,149603066,-2154,-1446,706,2846,-484,575
IMU1,14473,149613810,-2040,-1383,713,2811,-448,509
IMU1,14474,149624551,-1982,-1342,762,2769,-458,390
IMU1,14475,149635299,-2107,-1377,895,2715,-604,95
IMU1,14476,149645840,-2107,-1393,968,2707,-728,-35
IMU1,14477,149656477,-2072,-1357,969,2711,-879,-162
IMU1,14478,149667322,-2010,-1324,949,2697,-997,-293
IMU1,14479,149678165,-1942,-1314,946,2648,-1012,-420
IMU1,14480,149689198,-1898,-1287,908,2553,-946,-532
IMU1,14481,149700049,-1876,-1248,925,2420,-867,-627
IMU1,14482,149710892,-1860,-1203,941,2263,-813,-698
IMU1,14483,149721728,-1846,-1181,1059,2094,-811,-774
IMU1,14484,149732760,-1843,-1160,1128,1786,-871,-795
IMU1,14485,149746366,-1847,-1145,1184,1655,-967,-804
IMU1,14486,149757408,-1827,-1127,1237,1544,-1077,-802
IMU1,14487,149768658,-1804,-1106,1264,1444,-1197,-795
IMU1,14488,149779893,-1752,-1062,1287,1263,-1400,-786
IMU1,14489,149791124,-1697,-1058,1313,1186,-1466,-784
IMU1,14490,149802357,-1654,-1060,1340,1118,-1527,-796
IMU1,14491,149813598,-1619,-1055,1378,1068,-1589,-815
IMU1,14492,149824833,-1615,-1030,1441,1039,-1635,-835
IMU1,14493,149836052,-1583,-1006,1463,1033,-1664,-852
IMU1,14494,149847289,-1487,-925,1448,1019,-1708,-889
IMU1,14495,149858316,-1420,-856,1384,982,-1732,-899
IMU1,14496,149869159,-1358,-801,1344,933,-1762,-914
IMU1,14497,149880001,-1299,-762,1322,871,-1784,-917
IMU1,14498,149890834,-1219,-743,1334,815,-1778,-910
IMU1,14499,149901678,-1196,-707,1362,774,-1735,-905
IMU1,14500,149912535,-1127,-646,1316,750,-1675,-902
IMU1,14501,149923390,-1048,-596,1320,728,-1616,-911
IMU1,14502,149934222,-1012,-567,1345,708,-1467,-941
IMU1,14503,149945061,-999,-558,1385,708,-1419,-940
IMU1,14504,149955712,-1000,-582,1427,733,-1368,-923
IMU1,14505,149966553,-992,-586,1458,775,-1319,-880
IMU1,14506,149977198,-979,-579,1514,840,-1292,-824
IMU1,14507,149987847,-957,-581,1567,926,-1309,-766
IMU1,14508,149998499,-936,-572,1619,1038,-1381,-716
IMU1,14509,150009347,-928,-598,1664,1166,-1479,-676
IMU1,14510,150020722,-806,-570,1652,1418,-1654,-623
IMU1,14511,150031559,-772,-539,1604,1498,-1672,-611
IMU1,14512,150042411,-754,-523,1529,1539,-1604,-612
IMU1,14513,150053252,-732,-515,1464,1519,-1495,-584
IMU1,14514,150064111,-743,-514,1452,1458,-1362,-546
IMU1,14515,150074960,-732,-479,1449,1377,-1234,-493
IMU1,14516,150085812,-719,-447,1526,1297,-1130,-436
IMU1,14517,150096647,-648,-432,1697,1227,-1055,-352
IMU1,14518,150107473,-697,-448,1736,1130,-935,-330
IMU1,14519,150118126,-693,-443,1704,1081,-904,-294
IMU1,14520,150128780,-736,-461,1838,1016,-857,-251
IMU1,14521,150139419,-595,-401,1624,944,-746,-196
IMU1,14522,150149864,-552,-315,1594,813,-604,-159
IMU1,14523,150160319,-495,-337,1596,627,-400,-152
IMU1,14524,150170762,-808,-492,1594,407,-135,-146
IMU1,14525,150181196,-844,-642,1647,170,108,-10
IMU1,14526,150191326,-642,-364,1709,-57,270,110
IMU1,14527,150201476,-436,-212,1763,-253,441,108
IMU1,14528,150211819,-490,-431,1792,-423,597,4
IMU1,14529,150222819,-588,-420,1851,-694,633,-293
IMU1,14530,150233271,-676,-431,1959,-764,616,-401
IMU1,14531,150243737,-693,-394,2086,-762,590,-444
IMU1,14532,150254189,-628,-397,2117,-677,561,-451
IMU1,14533,150264647,-618,-484,2043,-562,557,-451
IMU1,14534,150275097,-702,-474,2184,-451,598,-445
IMU1,14535,150285557,-701,-459,2077,-322,557,-409
IMU1,14536,150296007,-787,-407,2048,-218,403,-361
IMU1,14537,150306445,-812,-494,2022,-136,229,-288
IMU1,14538,150316887,-791,-482,1963,-71,59,-177
IMU1,14539,150326938,-713,-488,1839,-23,-39,-57
IMU1,14540,150337922,-706,-461,1762,10,-19,132
IMU1,14541,150347864,-688,-532,1648,-5,27,203
IMU1,14542,150357614,-702,-621,1699,-62,90,251
IMU1,14543,150367575,-695,-673,1750,-117,207,265
IMU1,14544,150377938,-717,-741,1774,-155,315,244
IMU1,14545,150388303,-697,-757,1640,-191,379,187
IMU1,14546,150398662,-721,-748,1521,-254,420,93
IMU1,14547,150408835,-791,-745,1635,-353,464,-27
IMU1,14548,150419073,-783,-706,1759,-425,516,-114
IMU1,14549,150429529,-814,-745,1889,-440,505,-186
IMU1,14550,150439964,-820,-756,1948,-401,417,-218
IMU1,14551,150450408,-771,-713,1903,-333,288,-219
IMU1,14552,150460860,-687,-661,1832,-277,164,-218
IMU1,14553,150471298,-823,-725,1793,-234,74,-203
IMU1,14554,150482068,-713,-713,1800,-161,26,-44
IMU1,14555,150492109,-727,-732,1848,-117,66,18
IMU1,14556,150502063,-734,-719,1864,-49,108,68
IMU1,14557,150512029,-690,-653,1843,5,147,106
IMU1,14558,150521880,-698,-616,1813,20,185,115
IMU1,14559,150531943,-718,-584,1804,-15,188,105
IMU1,14560,150542086,-729,-527,1779,-86,148,93
IMU1,14561,150552020,-755,-497,1797,-168,107,104
IMU1,14562,150562356,-766,-484,1827,-255,90,140
IMU1,14563,150572501,-796,-510,1859,-316,63,197
IMU1,14564,150582657,-835,-544,1855,-354,14,266
IMU1,14565,150592800,-810,-557,1814,-368,-26,329
IMU1,14566,150603026,-783,-574,1741,-386,-34,348
IMU1,14567,150613279,-785,-603,1708,-405,22,326
IMU1,14568,150623426,-788,-610,1695,-433,133,292
IMU1,14569,150633787,-808,-612,1712,-467,254,250
IMU1,14570,150644132,-831,-636,1773,-494,365,212
IMU1,14571,150655526,-925,-678,1798,-536,430,208
IMU1,14572,150665888,-938,-724,1825,-528,365,240
IMU1,14573,150676241,-964,-769,1810,-491,276,269
IMU1,14574,150686594,-937,-776,1764,-447,179,280
IMU1,14575,150696953,-934,-818,1701,-391,106,245
IMU1,14576,150707312,-930,-845,1636,-349,70,200
IMU1,14577,150717465,-942,-881,1609,-315,76,147
IMU1,14578,150727627,-982,-900,1603,-280,125,97
IMU1,14579,150737781,-1021,-907,1600,-247,210,55
IMU1,14580,150750661,-1070,-897,1595,-218,295,11
IMU1,14581,150761012,-1062,-878,1584,-188,282,23
IMU1,14582,150771348,-1039,-862,1568,-170,245,47
IMU1,14583,150781685,-1041,-864,1545,-149,225,51
IMU1,14584,150792027,-1054,-877,1540,-131,223,74
IMU1,14585,150802364,-1042,-865,1512,-97,229,127
IMU1,14586,150812702,-1036,-863,1508,-64,236,173
IMU1,14587,150823051,-1042,-843,1506,-19,245,207
IMU1,14588,150833379,-1049,-819,1510,31,256,237
IMU1,14589,150843631,-1047,-780,1503,85,268,264
IMU1,14590,150853879,-1044,-743,1479,132,312,286
IMU1,14591,150864336,-1041,-715,1460,162,382,306
IMU1,14592,150874781,-1050,-695,1442,174,442,317
IMU1,14593,150885238,-1088,-676,1431,168,483,317
IMU1,14594,150895690,-1103,-684,1466,136,495,313
IMU1,14595,150906151,-1109,-680,1497,130,480,297
IMU1,14596,150916608,-1107,-691,1523,146,448,229
IMU1,14597,150927062,-1113,-686,1540,174,417,158
IMU1,14598,150937523,-1089,-686,1550,206,383,90
IMU1,14599,150947792,-1092,-684,1563,235,361,21
IMU1,14600,150958052,-1111,-665,1601,262,352,-28
IMU1,14601,150968405,-1125,-655,1606,299,348,-57
IMU1,14602,150978735,-1133,-650,1642,337,357,-60
IMU1,14603,150989071,-1148,-636,1627,375,384,-47
IMU1,14604,150999416,-1141,-610,1585,392,422,-21
IMU1,14605,151009777,-1153,-555,1559,369,462,14
IMU1,14606,151021081,-1163,-565,1585,227,483,79
IMU1,14607,151031343,-1160,-578,1592,142,483,97
IMU1,14608,151041618,-1169,-596,1600,56,469,114
IMU1,14609,151051849,-1182,-625,1620,-9,455,119
IMU1,14610,151061994,-1191,-647,1622,-51,441,111
IMU1,14611,151072332,-1191,-669,1629,-80,420,100
IMU1,14612,151082659,-1189,-671,1619,-95,393,85
IMU1,14613,151092800,-1206,-676,1616,-100,365,69
IMU1,14614,151103126,-1214,-677,1624,-94,354,67
IMU1,14615,151113277,-1227,-664,1609,-82,346,75
IMU1,14616,151123423,-1230,-659,1613,-72,320,90
IMU1,14617,151133564,-1217,-653,1609,-63,262,107
IMU1,14618,151143908,-1204,-673,1601,-50,218,120
IMU1,14619,151154241,-1226,-681,1603,-36,206,135
IMU1,14620,151165095,-1235,-689,1604,18,197,161
IMU1,14621,151175340,-1256,-691,1617,57,180,173
IMU1,14622,151185590,-1278,-710,1625,98,164,177
IMU1,14623,151195848,-1290,-716,1584,138,150,168
IMU1,14624,151206303,-1294,-721,1551,162,125,156
IMU1,14625,151216753,-1285,-715,1533,164,109,146
IMU1,14626,151227198,-1288,-703,1519,159,114,141
IMU1,14627,151237655,-1281,-701,1540,152,116,128
IMU1,14628,151248104,-1270,-697,1583,153,97,115
IMU1,14629,151258356,-1276,-704,1599,172,46,101
IMU1,14630,151268618,-1284,-719,1625,202,-47,90
IMU1,14631,151278759,-1290,-718,1634,243,-155,77
IMU1,14632,151290152,-1260,-646,1587,330,-256,25
IMU1,14633,151300513,-1246,-615,1576,357,-239,0
IMU1,14634,151310579,-1241,-581,1589,384,-201,-38
IMU1,14635,151321033,-1239,-544,1594,399,-187,-67
IMU1,14636,151331501,-1239,-521,1594,408,-186,-92
IMU1,14637,151341963,-1231,-503,1594,409,-171,-125
IMU1,14638,151352625,-1233,-499,1574,401,-109,-170
IMU1,14639,151363273,-1221,-490,1538,373,3,-220
IMU1,14640,151373424,-1199,-481,1529,314,127,-273
IMU1,14641,151383980,-1213,-467,1514,222,221,-316
IMU1,14642,151394551,-1225,-457,1478,114,258,-338
IMU1,14643,151405622,-1266,-447,1428,-107,231,-360
IMU1,14644,151416261,-1273,-462,1393,-220,225,-309
IMU1,14645,151426916,-1281,-502,1355,-315,240,-274
IMU1,14646,151437557,-1315,-530,1324,-396,288,-247
IMU1,14647,151448204,-1363,-590,1339,-456,372,-212
IMU1,14648,151458852,-1379,-588,1311,-490,458,-172
IMU1,14649,151469497,-1421,-610,1267,-503,516,-133
IMU1,14650,151480159,-1437,-630,1244,-507,553,-90
IMU1,14651,151490629,-1442,-679,1155,-497,598,-51
IMU1,14652,151501597,-1458,-707,1141,-448,735,27
IMU1,14653,151511960,-1476,-730,1113,-404,794,63
IMU1,14654,151522338,-1468,-689,1113,-343,833,87
IMU1,14655,151532697,-1506,-695,1093,-269,849,114
IMU1,14656,151543262,-1544,-703,1051,-180,857,147
IMU1,14657,151553827,-1557,-710,998,-99,878,188
IMU1,14658,151563974,-1560,-682,963,-34,899,221
IMU1,14659,151574121,-1552,-647,920,19,911,242
IMU1,14660,151584174,-1546,-619,920,64,922,253
IMU1,14661,151594228,-1526,-577,912,108,938,266
IMU1,14662,151604492,-1521,-492,853,141,960,288
IMU1,14663,151614728,-1550,-466,829,156,1019,339
IMU1,14664,151625181,-1582,-437,900,169,1130,430
IMU1,14665,151636162,-1624,-422,926,219,1312,670
IMU1,14666,151646605,-1623,-393,923,264,1310,764
IMU1,14667,151657063,-1624,-344,908,315,1248,829
IMU1,14668,151667514,-1640,-319,908,362,1152,876
IMU1,14669,151677981,-1633,-310,913,402,1059,933
IMU1,14670,151688453,-1628,-319,914,444,1003,987
IMU1,14671,151698902,-1642,-313,923,492,966,984
IMU1,14672,151709158,-1683,-325,959,546,929,973
IMU1,14673,151719421,-1708,-330,984,620,847,933
IMU1,14674,151729681,-1765,-325,1013,709,735,883
IMU1,14675,151740130,-1820,-269,1031,806,641,828
IMU1,14676,151753147,-1854,-239,1062,997,631,692
IMU1,14677,151763621,-1893,-207,1106,1078,616,626
IMU1,14678,151774284,-1944,-196,1164,1148,538,575
IMU1,14679,151784950,-1991,-180,1209,1205,431,552
IMU1,14680,151795617,-2010,-179,1263,1236,345,550
IMU1,14681,151806282,-2034,-169,1301,1237,292,563
IMU1,14682,151816943,-2062,-162,1369,1215,219,580
IMU1,14683,151827599,-2001,-128,1444,1179,71,568
IMU1,14684,151838577,-1988,-111,1497,1086,-365,520
IMU1,14685,151849339,-1962,-123,1563,1033,-602,431
IMU1,14686,151860093,-1997,-69,1616,983,-778,379
IMU1,14687,151870443,-2016,-89,1621,930,-972,330
IMU1,14688,151880794,-1949,-113,1597,879,-1207,281
IMU1,14689,151891552,-1813,-162,1651,825,-1327,253
IMU1,14690,151902292,-1935,51,1773,795,-1205,244
IMU1,14691,151912763,-2201,-60,1672,793,-881,200
IMU1,14692,151923129,-2109,-36,1428,762,-549,217
IMU1,14693,151934542,-1869,299,1096,378,-264,171
IMU1,14694,151945016,-1810,201,1288,86,-454,30
IMU1,14695,151955071,-1822,78,1545,-129,-778,-131
IMU1,14696,151965547,-1978,-107,1582,-254,-1135,-321
IMU1,14697,151976493,-1924,-182,1607,-338,-1503,-490
IMU1,14698,151987428,-1950,-279,1724,-386,-1840,-635
IMU1,14699,151998382,-1547,-372,1616,-384,-2155,-739
IMU1,14700,152009355,-1393,-215,1625,-395,-2399,-811
IMU1,14701,152020305,-1533,-175,1519,-475,-1981,-921
IMU1,14702,152031263,-1579,-187,1524,-552,-1323,-923
IMU1,14703,152042223,-1793,-80,1542,-624,-581,-932
IMU1,14704,152052789,-1715,-189,1546,-682,77,-966
IMU1,14705,152063235,-1882,-374,1668,-722,445,-970
IMU1,14706,152073888,-1774,-188,1517,-737,400,-983
IMU1,14707,152084527,-1802,-222,1511,-777,7,-973
IMU1,14708,152094763,-1767,-308,1502,-830,-507,-967
IMU1,14709,152105495,-1587,-439,1558,-881,-963,-956
IMU1,14710,152116247,-1317,-544,1537,-912,-1242,-825
IMU1,14711,152127191,-1176,-680,1543,-969,-1019,-719
IMU1,14712,152138147,-1184,-677,1472,-977,-692,-628
IMU1,14713,152148902,-1266,-595,1412,-957,-449,-550
IMU1,14714,152159659,-1397,-484,1427,-927,-357,-477
IMU1,14715,152170421,-1431,-443,1472,-878,-380,-428
IMU1,14716,152181159,-1451,-434,1461,-822,-479,-410
IMU1,14717,152191900,-1430,-415,1426,-778,-611,-412
IMU1,14718,152202671,-1381,-398,1441,-747,-733,-431
IMU1,14719,152213419,-1334,-439,1459,-692,-880,-438
IMU1,14720,152224163,-1305,-491,1447,-674,-917,-469
IMU1,14721,152234883,-1236,-565,1482,-655,-922,-510
IMU1,14722,152245621,-1215,-558,1525,-629,-889,-556
IMU1,14723,152256371,-1314,-617,1552,-588,-831,-602
IMU1,14724,152267114,-1318,-669,1556,-528,-777,-631
IMU1,14725,152277878,-1281,-638,1603,-456,-767,-659
IMU1,14726,152288614,-1268,-700,1643,-376,-786,-694
IMU1,14727,152299881,-1149,-749,1642,-279,-622,-725
IMU1,14728,152310623,-1114,-734,1614,-267,-495,-742
IMU1,14729,152321369,-1064,-728,1572,-271,-419,-773
IMU1,14730,152332099,-1048,-743,1561,-290,-415,-805
IMU1,14731,152342831,-1050,-762,1531,-316,-483,-820
IMU1,14732,152353575,-1077,-770,1506,-340,-589,-816
IMU1,14733,152364324,-1087,-809,1526,-350,-686,-788
IMU1,14734,152375066,-1076,-832,1516,-337,-717,-737
IMU1,14735,152385802,-994,-851,1520,-266,-457,-629
IMU1,14736,152396334,-948,-863,1501,-239,-273,-587
IMU1,14737,152406881,-927,-854,1492,-226,-148,-556
IMU1,14738,152417414,-924,-857,1468,-236,-92,-528
IMU1,14739,152427745,-938,-848,1479,-257,-87,-509
IMU1,14740,152438078,-933,-849,1484,-289,-127,-494
IMU1,14741,152448612,-921,-861,1480,-319,-198,-500
IMU1,14742,152459145,-931,-876,1475,-352,-300,-520
IMU1,14743,152469694,-912,-889,1461,-380,-386,-535
IMU1,14744,152480237,-955,-915,1466,-391,-420,-526
IMU1,14745,152490773,-941,-945,1442,-383,-403,-488
IMU1,14746,152501830,-831,-995,1467,-341,-222,-356
IMU1,14747,152512366,-795,-990,1447,-330,-92,-302
IMU1,14748,152522705,-819,-967,1407,-344,-5,-269
IMU1,14749,152532843,-832,-1003,1415,-370,45,-252
IMU1,14750,152543279,-812,-969,1376,-400,70,-235
IMU1,14751,152553527,-768,-962,1347,-446,67,-225
IMU1,14752,152563776,-759,-970,1344,-496,48,-235
IMU1,14753,152574026,-778,-994,1344,-538,16,-257
IMU1,14754,152584289,-935,-1111,1416,-570,-58,-255
IMU1,14755,152594830,-775,-1060,1435,-580,-204,-208
IMU1,14756,152605574,-804,-1023,1395,-585,-329,-194
IMU1,14757,152616310,-711,-1041,1299,-588,-338,-136
IMU1,14758,152627054,-669,-1036,1303,-605,-127,-139
IMU1,14759,152637797,-653,-1040,1309,-612,14,-180
IMU1,14760,152648236,-664,-1019,1280,-601,126,-223
IMU1,14761,152658861,-662,-1033,1253,-597,176,-275
IMU1,14762,152669506,-662,-1052,1257,-590,175,-350
IMU1,14763,152680153,-702,-1070,1258,-579,181,-414
IMU1,14764,152690796,-698,-1095,1278,-567,213,-448
IMU1,14765,152701452,-704,-1133,1260,-554,253,-460
IMU1,14766,152712101,-707,-1112,1163,-551,246,-467
IMU1,14767,152723268,-731,-1138,1134,-578,113,-444
IMU1,14768,152733907,-695,-1153,1141,-585,105,-404
IMU1,14769,152744555,-723,-1185,1142,-569,169,-361
IMU1,14770,152757752,-720,-1203,1133,-545,238,-318
IMU1,14771,152768418,-755,-1233,1154,-498,271,-289
IMU1,14772,152779067,-812,-1259,1167,-435,296,-252
IMU1,14773,152790247,-857,-1309,1248,-284,406,-122
IMU1,14774,152800886,-945,-1320,1405,-186,395,-52
IMU1,14775,152811321,-819,-1305,1539,-53,256,26
IMU1,14776,152821468,-755,-1303,1469,125,24,69
IMU1,14777,152831521,-938,-1458,1365,303,-162,97
IMU1,14778,152841880,-855,-1422,1397,464,-200,140
IMU1,14779,152852426,-966,-1380,1356,618,-163,149
IMU1,14780,152862976,-869,-1411,1425,755,-217,125
IMU1,14781,152873523,-791,-1401,1489,884,-377,49
IMU1,14782,152883877,-781,-1371,1551,1007,-531,-56
IMU1,14783,152894519,-739,-1364,1501,1102,-573,-149
IMU1,14784,152905895,-741,-1230,1445,1067,-430,-253
IMU1,14785,152916742,-788,-1192,1443,924,-318,-250
IMU1,14786,152927404,-750,-1223,1505,718,-195,-203
IMU1,14787,152938064,-749,-1197,1489,502,-72,-143
IMU1,14788,152948524,-678,-1179,1388,284,45,-80
IMU1,14789,152958673,-643,-1224,1448,64,182,-23
IMU1,14790,152968831,-687,-1197,1552,-118,309,21
IMU1,14791,152979188,-763,-1242,1524,-253,345,61
IMU1,14792,152989557,-773,-1283,1550,-370,264,85
IMU1,14793,152999910,-782,-1330,1543,-465,180,93
IMU1,14794,153010274,-762,-1339,1586,-540,184,90
IMU1,14795,153021161,-724,-1303,1697,-605,311,115
IMU1,14796,153031726,-780,-1337,1650,-544,259,69
IMU1,14797,153042081,-792,-1317,1570,-460,125,13
IMU1,14798,153052433,-743,-1319,1556,-388,8,-42
IMU1,14799,153062491,-736,-1310,1484,-303,-13,-107
IMU1,14800,153073029,-766,-1287,1421,-232,30,-150
IMU1,14801,153083475,-778,-1280,1419,-175,86,-163
IMU1,14802,153093919,-813,-1270,1422,-117,108,-148
IMU1,14803,153104566,-850,-1277,1412,-68,89,-107
IMU1,14804,153114813,-849,-1278,1405,-28,53,-44
IMU1,14805,153124860,-845,-1253,1395,5,39,28
IMU1,14806,153134515,-844,-1250,1329,4,36,98
IMU1,14807,153144175,-842,-1239,1292,-36,15,156
IMU1,14808,153154325,-866,-1223,1303,-102,-2,206
IMU1,14809,153165609,-808,-1221,1274,-235,117,245
IMU1,14810,153176157,-803,-1222,1233,-292,204,227
IMU1,14811,153186719,-845,-1222,1214,-364,257,198
IMU1,14812,153197284,-876,-1253,1224,-426,267,180
IMU1,14813,153207834,-875,-1253,1221,-472,258,169
IMU1,14814,153218395,-853,-1258,1200,-505,246,162
IMU1,14815,153228945,-864,-1270,1163,-538,213,155
IMU1,14816,153239502,-880,-1278,1112,-573,170,156
IMU1,14817,153250073,-883,-1289,1071,-609,160,178
IMU1,14818,153260617,-884,-1305,1051,-633,215,256
IMU1,14819,153271180,-900,-1317,1088,-641,410,297
IMU1,14820,153281746,-932,-1325,1055,-591,465,325
IMU1,14821,153292299,-910,-1314,1026,-530,486,340
IMU1,14822,153302863,-899,-1306,952,-464,493,353
IMU1,14823,153313227,-910,-1277,878,-408,507,372
IMU1,14824,153323602,-960,-1262,832,-369,519,418
IMU1,14825,153333957,-994,-1256,813,-340,534,490
IMU1,14826,153344323,-1058,-1232,802,-315,567,568
IMU1,14827,153354873,-1045,-1247,796,-294,629,632
IMU1,14828,153365442,-985,-1207,719,-277,697,636
IMU1,14829,153375801,-977,-1161,607,-276,733,579
IMU1,14830,153386690,-982,-1123,597,-319,807,428
IMU1,14831,153397053,-1012,-1098,588,-335,903,375
IMU1,14832,153407610,-1038,-1073,572,-345,996,361
IMU1,14833,153418177,-1049,-1044,583,-341,1057,400
IMU1,14834,153428929,-1158,-1040,623,-323,1107,485
IMU1,14835,153439688,-1242,-1072,668,-279,1162,612
IMU1,14836,153450457,-1252,-1049,671,-216,1199,760
IMU1,14837,153461219,-1291,-1017,634,-142,1209,902
IMU1,14838,153471979,-1235,-945,569,-80,1182,1023
IMU1,14839,153483090,-1214,-912,502,12,1051,1106
IMU1,14840,153493564,-1205,-890,431,41,1034,1073
IMU1,14841,153504036,-1171,-869,389,52,1075,1037
IMU1,14842,153514498,-1221,-849,423,43,1171,1009
IMU1,14843,153524965,-1340,-825,509,47,1228,1017
IMU1,14844,153535419,-1444,-800,577,73,1164,1083
IMU1,14845,153545893,-1540,-823,652,125,1024,1204
IMU1,14846,153556560,-1610,-839,687,205,918,1367
IMU1,14847,153567021,-1615,-810,647,305,912,1534
IMU1,14848,153577499,-1572,-718,549,390,941,1651
IMU1,14849,153588512,-1552,-663,503,499,835,1669
IMU1,14850,153598988,-1542,-663,445,510,791,1608
IMU1,14851,153609482,-1558,-623,415,502,849,1518
IMU1,14852,153619927,-1650,-610,435,472,1009,1432
IMU1,14853,153630568,-1758,-611,593,440,1201,1377
IMU1,14854,153641218,-1877,-595,691,426,1346,1352
IMU1,14855,153651858,-1947,-604,712,430,1345,1351
IMU1,14856,153662497,-2030,-592,769,443,1210,1362
IMU1,14857,153673143,-2061,-603,838,491,1028,1379
IMU1,14858,153683788,-2227,-610,954,578,848,1419
IMU1,14859,153694241,-2204,-581,930,826,545,1412
IMU1,14860,153704694,-2238,-562,894,912,452,1369
IMU1,14861,153715141,-2297,-592,928,953,415,1278
IMU1,14862,153725615,-2360,-570,996,945,408,1193
IMU1,14863,153736072,-2346,-613,1027,916,354,1123
IMU1,14864,153746723,-2361,-585,1075,872,172,1033
IMU1,14865,153759932,-2386,-566,1101,836,-64,954
IMU1,14866,153770304,-2253,-545,1020,818,-231,825
IMU1,14867,153780843,-2246,-491,986,780,-188,756
IMU1,14868,153791180,-2281,-531,976,733,-102,705
IMU1,14869,153801541,-2184,-517,963,667,-28,653
IMU1,14870,153811692,-2084,-452,867,573,-9,580
IMU1,14871,153821636,-2067,-401,840,454,-66,501
IMU1,14872,153831779,-2187,-450,945,348,-148,438
IMU1,14873,153842132,-2213,-429,1110,294,-171,412
IMU1,14874,153852685,-2156,-463,1012,294,-145,416
IMU1,14875,153863237,-2074,-420,963,281,-117,424
IMU1,14876,153873574,-2205,-605,941,251,-93,430
IMU1,14877,153883735,-2243,-507,917,214,-73,468
IMU1,14878,153893889,-2091,-421,781,157,-43,504
IMU1,14879,153904040,-2035,-407,796,62,4,495
IMU1,14880,153913694,-2061,-418,837,-20,101,453
IMU1,14881,153923829,-2120,-408,880,-80,208,411
IMU1,14882,153935003,-2227,-402,881,-125,217,326
IMU1,14883,153945338,-2244,-402,857,-134,127,282
IMU1,14884,153955678,-2236,-397,810,-129,101,214
IMU1,14885,153966029,-2233,-401,773,-136,168,157
IMU1,14886,153976380,-2271,-407,766,-151,289,113
IMU1,14887,153986725,-2297,-418,764,-179,400,81
IMU1,14888,153996862,-2306,-392,733,-219,459,51
IMU1,14889,154007013,-2289,-381,702,-280,468,7
IMU1,14890,154016974,-2244,-393,662,-365,472,-61
IMU1,14891,154027195,-2204,-393,619,-461,516,-153
IMU1,14892,154037647,-2177,-430,590,-554,618,-270
IMU1,14893,154048095,-2123,-452,573,-619,769,-408
IMU1,14894,154058522,-2143,-472,597,-642,931,-554
IMU1,14895,154069490,-2168,-443,591,-557,1108,-792
IMU1,14896,154080145,-2196,-430,546,-483,1028,-857
IMU1,14897,154090776,-2214,-431,493,-410,878,-884
IMU1,14898,154101220,-2204,-438,418,-344,760,-887
IMU1,14899,154111658,-2146,-463,374,-286,693,-884
IMU1,14900,154122114,-2168,-465,374,-229,668,-881
IMU1,14901,154132549,-2114,-508,400,-156,680,-857
IMU1,14902,154142978,-2048,-506,413,-75,739,-832
IMU1,14903,154153217,-2072,-486,375,-9,756,-807
IMU1,14904,154163257,-2132,-513,353,51,701,-786
IMU1,14905,154173401,-2110,-516,274,100,634,-798
IMU1,14906,154183772,-2201,-506,389,149,642,-888
IMU1,14907,154194630,-2277,-675,532,312,716,-972
IMU1,14908,154204989,-2386,-517,525,392,387,-1072
IMU1,14909,154215544,-2386,-683,310,421,-242,-1180
IMU1,14910,154226189,-2141,-419,48,372,-1012,-1333
IMU1,14911,154236830,-2099,-448,144,264,-1700,-1557
IMU1,14912,154247671,-2288,-780,371,175,-2072,-1764
IMU1,14913,154258517,-2414,-863,434,134,-2062,-1888
IMU1,14914,154269358,-2197,-676,313,96,-1842,-2018
IMU1,14915,154280009,-1670,-701,154,12,-1606,-2674
IMU1,14916,154290632,-1363,-667,56,-276,-1323,-3074
IMU1,14917,154301376,-1242,-874,5,-444,-1154,-3438
IMU1,14918,154311935,-1079,-510,149,-582,-816,-3663
IMU1,14919,154322690,-887,-425,195,-649,-257,-3713
IMU1,14920,154333226,-539,-998,440,-644,389,-3607
IMU1,14921,154343674,-453,-1621,1075,-519,1020,-3427
IMU1,14922,154354720,-605,-429,464,-291,1459,-3189
IMU1,14923,154365378,-1007,-74,122,-147,1441,-2903
IMU1,14924,154376023,-1279,-802,418,-125,966,-2572
IMU1,14925,154386650,-1311,-1168,401,-53,-423,-1872
IMU1,14926,154397386,-1064,-1327,347,-10,-932,-1521
IMU1,14927,154408132,-988,-1364,542,37,-1318,-1225
IMU1,14928,154418771,-1329,-1398,605,129,-1622,-936
IMU1,14929,154429620,-1543,-1613,449,244,-1833,-586
IMU1,14930,154440450,-1414,-1957,287,340,-1937,-204
IMU1,14931,154451278,-1166,-2101,287,411,-1908,145
IMU1,14932,154462022,-1183,-2124,278,481,-1723,448
IMU1,14933,154473291,-1746,-2159,1179,633,-900,1085
IMU1,14934,154484253,-2509,-2223,1566,809,-469,1468
IMU1,14935,154495208,-2320,-2046,846,972,-212,1869
IMU1,14936,154505966,-1254,-1797,513,936,-29,2094
IMU1,14937,154516522,-1201,-1499,152,782,154,1994
IMU1,14938,154527183,-1260,-1400,172,558,405,1736
IMU1,14939,154537844,-1256,-1453,193,326,755,1377
IMU1,14940,154548499,-1326,-1472,218,116,1136,892
IMU1,14941,154559147,-1258,-1426,454,-81,1507,-231
IMU1,14942,154569815,-1330,-1406,610,-394,1423,-767
IMU1,14943,154580670,-1477,-1475,608,-508,1203,-1191
IMU1,14944,154591727,-1560,-1462,443,-613,894,-1461
IMU1,14945,154602588,-1564,-1451,356,-726,578,-1581
IMU1,14946,154613447,-1556,-1434,414,-830,368,-1557
IMU1,14947,154624312,-1633,-1453,554,-882,329,-1419
IMU1,14948,154635142,-1589,-1525,499,-866,397,-1218
IMU1,14949,154646519,-1557,-1528,387,-772,581,-636
IMU1,14950,154657181,-1513,-1475,367,-715,678,-331
IMU1,14951,154667840,-1490,-1464,497,-659,779,-73
IMU1,14952,154678278,-1298,-1294,537,-567,832,111
IMU1,14953,154688818,-1276,-1008,415,-460,785,208
IMU1,14954,154699354,-1373,-1238,157,-368,640,282
IMU1,14955,154709906,-1352,-1468,33,-320,460,361
IMU1,14956,154720255,-1450,-1282,70,-279,331,441
IMU1,14957,154730591,-1331,-1175,-1,-218,273,524
IMU1,14958,154740836,-1391,-1276,-10,-173,260,582
IMU1,14959,154751281,-1319,-1338,96,-125,261,737
IMU1,14960,154764189,-1433,-1262,41,-6,129,777
IMU1,14961,154774141,-1681,-1163,251,56,38,818
IMU1,14962,154784193,-1547,-1123,97,142,-101,878
IMU1,14963,154794536,-1419,-1122,-225,198,-316,896
IMU1,14964,154805187,-1418,-1134,-137,195,-517,891
IMU1,14965,154815834,-1439,-1090,-34,222,-577,907
IMU1,14966,154826303,-1406,-1181,127,289,-433,957
IMU1,14967,154836863,-1686,-1323,362,387,-71,1047
IMU1,14968,154847391,-1700,-1212,442,523,435,1363
IMU1,14969,154858042,-1728,-1224,407,746,1233,1469
IMU1,14970,154868894,-1763,-1150,200,818,1229,1503
IMU1,14971,154879748,-1663,-1111,234,834,911,1461
IMU1,14972,154890427,-1594,-1066,342,848,382,1369
IMU1,14973,154901065,-1544,-1157,324,895,-161,1234
IMU1,14974,154911809,-1699,-1186,356,954,-550,1108
IMU1,14975,154922573,-1805,-1159,445,1030,-694,1044
IMU1,14976,154933514,-1903,-1109,436,1124,-609,1044
IMU1,14977,154944471,-1812,-1081,300,1285,-176,1142
IMU1,14978,154955406,-1763,-1089,246,1296,0,1180
IMU1,14979,154965755,-1724,-1042,223,1286,139,1190
IMU1,14980,154976607,-1659,-989,295,1264,290,1180
IMU1,14981,154987267,-1718,-979,417,1248,521,1155
IMU1,14982,154997930,-1717,-903,406,1251,829,1130
IMU1,14983,155008585,-1790,-922,339,1240,1145,1107
IMU1,14984,155019439,-1918,-887,352,1201,1403,1113
IMU1,14985,155030310,-1923,-815,257,1154,1609,1156
IMU1,14986,155041175,-1857,-792,169,1004,1524,1128
IMU1,14987,155052027,-1849,-837,147,899,1411,1066
IMU1,14988,155062681,-1865,-846,155,781,1341,998
IMU1,14989,155073143,-1906,-895,306,665,1341,910
IMU1,14990,155083613,-1920,-874,503,573,1410,810
IMU1,14991,155094076,-2049,-911,567,506,1523,705
IMU1,14992,155104552,-2118,-1011,621,428,1605,607
IMU1,14993,155115219,-2098,-1085,673,338,1565,501
IMU1,14994,155125889,-2269,-1281,1106,252,1385,379
IMU1,14995,155136747,-2713,-1376,1361,191,1049,224
IMU1,14996,155147593,-2838,-1473,1583,216,962,197
IMU1,14997,155158262,-2869,-1499,1789,261,843,166
IMU1,14998,155168919,-2877,-1492,1984,299,693,116
IMU1,14999,155179584,-2905,-1442,2231,316,571,1
IMU1,15000,155189862,-2911,-1335,2418,299,432,-163
IMU1,15001,155200618,-3050,-1202,2578,248,166,-373
IMU1,15002,155211354,-3100,-1022,2836,150,-280,-609
IMU1,15003,155222221,-3232,-585,3556,24,-820,-873
IMU1,15004,155233201,-3424,-425,3887,-320,-1569,-1413
IMU1,15005,155244354,-3588,-225,4109,-581,-1738,-1617
IMU1,15006,155255499,-3874,11,4157,-913,-1925,-1776
IMU1,15007,155266359,-4111,294,3982,-1353,-2177,-1870
IMU1,15008,155277627,-4260,640,3788,-1907,-2541,-1931
IMU1,15009,155288893,-4538,1004,3629,-2536,-2922,-1961
IMU1,15010,155300356,-4863,1408,3388,-3786,-3448,-1846
IMU1,15011,155311818,-5146,1604,3007,-4321,-3808,-1786
IMU1,15012,155323292,-5193,1811,2606,-4833,-4261,-1697
IMU1,15013,155334745,-5103,2069,2180,-5322,-4693,-1608
IMU1,15014,155346216,-5136,2394,1702,-5791,-4869,-1555
IMU1,15015,155357688,-5083,3067,747,-6791,-4573,-1537
IMU1,15016,155368973,-5112,3249,55,-7356,-4382,-1579
IMU1,15017,155380052,-4948,3369,-652,-7990,-4280,-1604
IMU1,15018,155391415,-4564,3434,-1219,-8678,-4193,-1640
IMU1,15019,155402992,-4068,3398,-1583,-9347,-3933,-1715
IMU1,15020,155414561,-3112,3175,-1674,-9908,-3381,-1890
IMU1,15021,155426144,-2799,3008,-1555,-10509,-1893,-2623
IMU1,15022,155437912,-2607,2907,-1485,-10514,-1293,-3074
IMU1,15023,155449680,-2340,2895,-1533,-10354,-859,-3509
IMU1,15024,155461235,-1965,2759,-1601,-10046,-527,-3888
IMU1,15025,155472787,-1771,2524,-1716,-9016,56,-4302
IMU1,15026,155483864,-1486,2286,-1719,-8274,253,-4271
IMU1,15027,155495140,-1158,2144,-1635,-7380,372,-4133
IMU1,15028,155506409,-990,2020,-1598,-6383,459,-3951
IMU1,15029,155517496,-915,1818,-1676,-5330,414,-3715
IMU1,15030,155528577,-827,1682,-1844,-4285,43,-3426
IMU1,15031,155539426,-678,1406,-2139,-3291,-699,-3089
IMU1,15032,155550586,-618,1425,-2326,-1501,-2048,-2268
IMU1,15033,155561955,-562,1371,-2446,-748,-2251,-1808
IMU1,15034,155573114,-489,1174,-2519,-97,-2254,-1396
IMU1,15035,155584083,-513,1048,-2605,433,-2160,-1047
IMU1,15036,155595127,-561,928,-2666,826,-2014,-761
IMU1,15037,155605801,-654,769,-2661,1085,-1827,-529
IMU1,15038,155616662,-757,470,-2580,1237,-1604,-338
IMU1,15039,155627519,-752,297,-2497,1306,-1136,-60
IMU1,15040,155638202,-741,172,-2383,1265,-898,28
IMU1,15041,155648577,-711,102,-2241,1222,-624,88
IMU1,15042,155658905,-720,10,-2073,1182,-292,145
IMU1,15043,155669242,-783,-75,-1944,1168,87,211
IMU1,15044,155679381,-850,-127,-1819,1182,443,294
IMU1,15045,155689925,-933,-153,-1701,1210,704,391
IMU1,15046,155700467,-1104,-207,-1549,1253,846,507
IMU1,15047,155711214,-1198,-353,-1361,1319,884,642
IMU1,15048,155721960,-1261,-491,-1148,1410,840,781
# swing_peak_seq=15022
IMU1,15049,155733232,-1355,-681,-1123,1612,542,1036
IMU1,15050,155744175,-1403,-753,-1086,1693,336,1157
IMU1,15051,155755121,-1403,-793,-1039,1775,148,1267
IMU1,15052,155768637,-1370,-786,-976,1843,20,1363
IMU1,15053,155779190,-1354,-769,-994,1908,-52,1441
IMU1,15054,155789851,-1337,-800,-999,1962,-110,1553
IMU1,15055,155800700,-1534,-997,-890,2049,-232,1578
IMU1,15056,155811565,-1293,-970,-917,2100,-254,1568
IMU1,15057,155822422,-1462,-938,-911,2135,-438,1454
IMU1,15058,155833275,-1348,-928,-785,2156,-663,1307
IMU1,15059,155844138,-1220,-807,-743,2201,-648,1096
IMU1,15060,155854983,-1188,-599,-754,2244,-406,877
IMU1,15061,155865636,-1261,-393,-520,2280,-13,721
IMU1,15062,155876078,-1503,-1450,-514,2352,529,707
IMU1,15063,155886844,-1576,-1613,-480,2461,1415,1011
IMU1,15064,155897997,-1438,-1245,-555,2464,1327,1148
IMU1,15065,155909164,-1698,-962,-433,2429,845,1196
IMU1,15066,155919912,-1795,-1044,-111,2405,395,1294
IMU1,15067,155930871,-1799,-1287,-265,2417,112,1414
IMU1,15068,155941826,-1759,-1260,-339,2388,-149,1451
IMU1,15069,155952889,-1665,-1138,-98,2345,-362,1424
IMU1,15070,155964264,-1788,-1601,-37,2434,-415,1183
IMU1,15071,155975118,-1640,-1320,-12,2562,-347,1011
IMU1,15072,155985967,-1658,-1273,-61,2700,-328,747
IMU1,15073,155996614,-1763,-1446,9,2819,-363,474
IMU1,15074,156006970,-1836,-1532,61,2920,-462,235
IMU1,15075,156017522,-1849,-1444,139,2994,-595,44
IMU1,15076,156028074,-1958,-1433,242,3035,-710,-87
IMU1,15077,156038736,-2033,-1533,268,3033,-754,-135
IMU1,15078,156049593,-1956,-1566,522,2992,-668,-79
IMU1,15079,156060259,-1960,-1600,668,2945,-321,-25
IMU1,15080,156070885,-1976,-1732,786,2968,-233,-13
IMU1,15081,156081528,-1608,-1813,767,3017,-172,-75
IMU1,15082,156092174,-1586,-1974,528,3053,-94,-303
IMU1,15083,156102833,-2169,-1885,651,3036,-6,-466
IMU1,15084,156113290,-1952,-1548,956,3019,72,-476
IMU1,15085,156123863,-1815,-1439,982,3034,73,-536
IMU1,15086,156134438,-1562,-1409,771,3029,-84,-623
IMU1,15087,156145099,-1194,-1166,918,2949,-407,-747
IMU1,15088,156156482,-1730,-1670,1016,2683,-1278,-902
IMU1,15089,156167742,-1349,-1455,949,2556,-1573,-891
IMU1,15090,156178792,-1343,-1285,1026,2413,-1662,-916
IMU1,15091,156190032,-1266,-1386,1137,2267,-1607,-895
IMU1,15092,156201279,-1188,-1375,1095,2144,-1439,-816
IMU1,15093,156212529,-1028,-1292,1441,2022,-1220,-696
IMU1,15094,156223760,-826,-930,1380,1858,-1090,-486
IMU1,15095,156234611,-794,-1006,1429,1767,-1347,-418
IMU1,15096,156245657,-698,-1203,1144,1687,-1620,-364
IMU1,15097,156256693,-909,-1308,1097,1554,-1762,-343
IMU1,15098,156267741,-1071,-1181,2212,1441,-1747,-314
IMU1,15099,156278998,-820,-1088,2054,1487,-1758,-290
IMU1,15100,156290053,-33,-2018,1044,1494,-1260,-441
IMU1,15101,156300899,-960,-1728,1917,1303,-103,-435
IMU1,15102,156311744,-1016,-1511,1764,1410,1267,-271
IMU1,15103,156322911,-1041,-1515,1615,1437,2323,-93
IMU1,15104,156333868,-1087,-1411,1334,1380,2696,48
IMU1,15105,156344729,-980,-1289,998,1235,2286,131
IMU1,15106,156355384,-836,-1124,944,1014,1379,125
IMU1,15107,156366042,-847,-1101,1418,791,537,54
IMU1,15108,156376311,-240,-975,1521,674,207,-31
IMU1,15109,156386992,-562,-791,1340,574,808,-258
IMU1,15110,156397354,-649,-794,1247,524,1124,-350
IMU1,15111,156407925,-719,-955,1173,447,1195,-436
IMU1,15112,156418508,-1236,-1204,1031,369,1070,-532
IMU1,15113,156429471,-1926,-1898,901,303,854,-524
IMU1,15114,156440032,-1826,-1930,1034,232,617,-302
IMU1,15115,156450800,-1368,-1152,1727,226,533,42
IMU1,15116,156461264,-583,-547,1747,391,883,318
IMU1,15117,156471549,-594,-679,1256,582,1563,379
IMU1,15118,156482027,-864,207,1458,664,2012,388
IMU1,15119,156492897,-820,-330,1012,711,2956,358
IMU1,15120,156503350,-897,-868,799,679,3380,175
IMU1,15121,156513620,-1274,-1250,1094,601,3556,31
IMU1,15122,156524288,-1523,-1256,1031,557,3542,-70
IMU1,15123,156535056,-1225,-977,771,511,3349,-175
IMU1,15124,156545621,-1314,-782,785,474,3285,-336
IMU1,15125,156556177,-1404,-947,665,502,3400,-483
IMU1,15126,156566734,-1364,-1043,1029,576,3594,-561
IMU1,15127,156577697,-2514,-1066,887,701,3070,-512
IMU1,15128,156588465,-1766,-796,741,870,1249,13
IMU1,15129,156598742,-1786,-1017,663,962,913,146
IMU1,15130,156609206,-1951,-1094,783,1056,724,252
IMU1,15131,156619877,-1956,-1119,852,1188,653,414
IMU1,15132,156630562,-1790,-1068,841,1319,664,628
IMU1,15133,156641236,-2070,-988,700,1420,669,831
IMU1,15134,156651708,-2015,-946,804,1486,665,1048
IMU1,15135,156662365,-1887,-877,764,1541,573,1213
IMU1,15136,156673050,-1932,-788,842,1561,287,1264
IMU1,15137,156683705,-1915,-683,804,1559,-160,1213
IMU1,15138,156694979,-1866,-605,869,1497,-852,926
IMU1,15139,156705547,-1843,-492,855,1428,-931,758
IMU1,15140,156716114,-1766,-395,857,1334,-801,573
IMU1,15141,156726675,-1627,-542,738,1209,-499,398
IMU1,15142,156737233,-1671,-584,689,1058,-88,250
IMU1,15143,156747588,-1777,-582,744,900,365,167
IMU1,15144,156757857,-1864,-543,795,764,768,129
IMU1,15145,156770688,-1893,-482,997,658,1007,99
IMU1,15146,156781476,-1880,-563,1018,649,791,23
IMU1,15147,156791748,-1980,-516,1084,728,422,-1
IMU1,15148,156801925,-2001,-473,1070,845,44,3
IMU1,15149,156811767,-1956,-544,1008,949,-230,23
IMU1,15150,156822122,-1928,-551,954,1023,-357,60
IMU1,15151,156832485,-1877,-527,853,1058,-317,111
IMU1,15152,156843038,-1877,-572,692,1047,-139,171
IMU1,15153,156853598,-1928,-570,678,991,120,240
IMU1,15154,156863865,-1950,-537,708,917,384,314
IMU1,15155,156874156,-1949,-527,716,831,544,376
IMU1,15156,156884439,-1963,-511,721,744,585,421
IMU1,15157,156894703,-1979,-473,755,657,590,459
IMU1,15158,156904985,-1973,-501,798,577,618,493
IMU1,15159,156916294,-1871,-502,830,443,634,550
IMU1,15160,156926578,-1792,-497,881,407,579,530
IMU1,15161,156936847,-1738,-510,983,401,542,465
IMU1,15162,156947111,-1704,-528,1023,420,555,391
IMU1,15163,156957591,-1846,-483,1075,448,598,328
IMU1,15164,156968063,-1914,-503,1020,469,607,309
IMU1,15165,156978527,-2012,-536,915,464,574,343
IMU1,15166,156988803,-2025,-533,903,433,575,422
IMU1,15167,156999063,-2003,-546,947,397,616,511
IMU1,15168,157009340,-2006,-546,1044,374,649,593
IMU1,15169,157019803,-2037,-557,1170,377,677,666
IMU1,15170,157030284,-1916,-617,1339,410,732,708
IMU1,15171,157041300,-1823,-643,1489,511,847,672
IMU1,15172,157051760,-1843,-664,1545,569,924,591
IMU1,15173,157062240,-1959,-662,1542,582,938,510
IMU1,15174,157072720,-1991,-699,1540,550,859,459
IMU1,15175,157083200,-2138,-743,1573,470,749,434
IMU1,15176,157093674,-2131,-777,1679,361,622,447
IMU1,15177,157104156,-2068,-794,1856,250,485,456
IMU1,15178,157114634,-2039,-818,2047,155,377,449
IMU1,15179,157125114,-1965,-840,2370,81,371,430
IMU1,15180,157135391,-1975,-831,2527,2,577,413
IMU1,15181,157145468,-2086,-845,2371,-154,849,411
IMU1,15182,157156559,-2212,-865,2483,-887,847,385
IMU1,15183,157167136,-2188,-946,2896,-1361,664,301
IMU1,15184,157177915,-2102,-983,3503,-1749,443,134
IMU1,15185,157188701,-2129,-870,3995,-1982,185,-135
IMU1,15186,157199571,-2272,-667,4460,-2085,-137,-480
IMU1,15187,157210535,-2560,-459,4658,-2121,-501,-850
IMU1,15188,157221491,-2970,-293,4863,-2183,-943,-1176
IMU1,15189,157232667,-3866,356,5299,-2295,-2011,-1456
IMU1,15190,157243931,-4405,762,5349,-2610,-2311,-1393
IMU1,15191,157255222,-4852,1257,5229,-2843,-2533,-1254
IMU1,15192,157266707,-5056,1759,4908,-3173,-2817,-1200
IMU1,15193,157278205,-4852,2316,4490,-3638,-3168,-1184
IMU1,15194,157289710,-4786,3162,3509,-4254,-3425,-1297
IMU1,15195,157301167,-5180,3590,2970,-5784,-3503,-1454
IMU1,15196,157312627,-5154,3907,2296,-6587,-3635,-1457
IMU1,15197,157324078,-5005,3980,1569,-7375,-3830,-1442
IMU1,15198,157335554,-4834,4002,910,-8128,-3986,-1394
IMU1,15199,157346820,-4431,4016,328,-8803,-3914,-1314
IMU1,15200,157358077,-3651,3611,-449,-9802,-3074,-1361
IMU1,15201,157369437,-3389,3402,-285,-10095,-2565,-1448
IMU1,15202,157380970,-3115,3184,-43,-10143,-1925,-1580
IMU1,15203,157392331,-2905,2968,-173,-9952,-1240,-1743
IMU1,15204,157403669,-2801,2794,-314,-9592,-568,-1910
IMU1,15205,157414839,-2269,2400,-860,-9123,-17,-2054
IMU1,15206,157425775,-1920,2136,-975,-8095,731,-2279
IMU1,15207,157436825,-1718,1911,-1036,-7532,1023,-2356
IMU1,15208,157448293,-1552,1745,-995,-6917,1315,-2393
IMU1,15209,157459548,-1317,1598,-1118,-6270,1565,-2389
IMU1,15210,157471008,-1094,1475,-1299,-5632,1706,-2359
IMU1,15211,157482453,-757,1278,-1488,-5037,1721,-2202
IMU1,15212,157493708,-752,1152,-1545,-3962,1581,-2068
IMU1,15213,157504964,-591,979,-1461,-3467,1510,-1894
IMU1,15214,157516006,-525,807,-1420,-2963,1401,-1698
IMU1,15215,157527040,-485,688,-1502,-2439,1219,-1482
IMU1,15216,157538076,-486,586,-1632,-1935,929,-1251
IMU1,15217,157548916,-453,464,-1765,-1471,549,-1015
IMU1,15218,157559754,-518,229,-1950,-646,-257,-552
IMU1,15219,157570301,-548,87,-2036,-311,-563,-316
IMU1,15220,157580651,-563,-24,-2061,-16,-758,-84
IMU1,15221,157590690,-641,-116,-2045,240,-797,117
IMU1,15222,157601138,-742,-219,-2075,469,-723,303
IMU1,15223,157611582,-787,-310,-2052,650,-583,465
IMU1,15224,157622036,-820,-352,-2015,795,-425,594
IMU1,15225,157632480,-895,-389,-1962,901,-283,686
IMU1,15226,157642909,-923,-439,-1916,978,-190,749
IMU1,15227,157653359,-921,-490,-1869,1028,-157,789
# swing_peak_seq=15201
IMU1,15228,157664011,-937,-515,-1813,1060,-162,805
IMU1,15229,157674641,-918,-492,-1699,1088,-175,797
IMU1,15230,157685288,-930,-472,-1645,1135,-136,738
IMU1,15231,157695936,-1025,-467,-1535,1174,-56,708
IMU1,15232,157706612,-1122,-464,-1454,1235,30,716
IMU1,15233,157717152,-1166,-487,-1367,1300,98,766
IMU1,15234,157727686,-1164,-520,-1253,1369,148,843
IMU1,15235,157738427,-1160,-531,-1129,1447,181,926
IMU1,15236,157749164,-1174,-557,-1075,1532,189,1007
IMU1,15237,157760111,-1160,-592,-954,1617,160,1087
IMU1,15238,157773401,-1221,-605,-883,1816,-14,1219
IMU1,15239,157784042,-1270,-640,-842,1906,-133,1289
IMU1,15240,157794870,-1361,-684,-731,2009,-215,1372
IMU1,15241,157805706,-1460,-767,-620,2131,-243,1479
IMU1,15242,157816549,-1375,-819,-449,2294,-246,1587
IMU1,15243,157827391,-1003,-658,-308,2501,-252,1625
IMU1,15244,157838223,-1782,-795,-1273,2718,-244,1237
IMU1,15245,157849282,-1837,-1188,-887,2614,-370,1225
IMU1,15246,157860330,-1813,-1199,-411,2476,-462,1315
IMU1,15247,157871374,-1819,-990,-159,2421,-235,1466
IMU1,15248,157882221,-1750,-958,-32,2431,217,1638
IMU1,15249,157892779,-1703,-1020,-87,2462,644,1791
IMU1,15250,157903531,-1788,-1119,-174,2477,872,1895
IMU1,15251,157914492,-1866,-1193,-199,2471,899,1971
IMU1,15252,157925974,-1795,-1176,-43,2489,693,2024
IMU1,15253,157936734,-1825,-1177,-43,2553,624,1983
IMU1,15254,157947502,-1894,-1180,22,2626,582,1916
IMU1,15255,157958173,-1898,-1156,108,2706,549,1846
IMU1,15256,157969032,-1877,-1125,150,2796,536,1758
IMU1,15257,157979896,-1856,-1140,196,2872,543,1658
IMU1,15258,157990760,-1855,-1117,258,2941,562,1549
IMU1,15259,158001623,-1946,-1162,374,3013,567,1443
IMU1,15260,158012481,-2048,-1199,459,3186,453,1312
IMU1,15261,158023348,-2089,-1231,504,3301,340,1297
IMU1,15262,158034206,-2076,-1200,494,3427,215,1293
IMU1,15263,158045056,-2032,-1161,416,3540,103,1285
IMU1,15264,158055904,-1968,-1135,408,3609,5,1265
IMU1,15265,158066367,-1933,-1100,438,3625,-41,1211
IMU1,15266,158077127,-1879,-1064,436,3571,73,1136
IMU1,15267,158087801,-1812,-1022,200,3431,406,1054
IMU1,15268,158099169,-1749,-875,202,2910,1284,875
IMU1,15269,158109834,-1852,-807,288,2610,1489,783
IMU1,15270,158120482,-1968,-802,368,2342,1548,725
IMU1,15271,158131129,-2087,-846,468,2124,1556,719
IMU1,15272,158141800,-2098,-880,566,1957,1523,747
IMU1,15273,158152459,-2101,-879,659,1849,1437,786
IMU1,15274,158163122,-2124,-892,753,1802,1318,831
IMU1,15275,158173787,-2174,-913,810,1823,1196,886
IMU1,15276,158184456,-2097,-896,784,1891,1085,993
IMU1,15277,158195123,-2047,-872,738,2064,888,1003
IMU1,15278,158205794,-2045,-859,700,2118,807,991
IMU1,15279,158216264,-2036,-859,661,2140,772,963
IMU1,15280,158226722,-2000,-844,622,2129,771,920
IMU1,15281,158237185,-1991,-825,614,2095,750,856
IMU1,15282,158247653,-2027,-828,649,2059,673,781
IMU1,15283,158258112,-2050,-833,692,2041,543,707
IMU1,15284,158268578,-2077,-845,755,2048,372,643
IMU1,15285,158279042,-2093,-848,805,2087,201,595
IMU1,15286,158289485,-2098,-830,811,2145,47,559
IMU1,15287,158299743,-2080,-787,777,2201,-112,531
IMU1,15288,158310310,-2074,-767,759,2281,-364,494
IMU1,15289,158320891,-2108,-772,744,2295,-405,476
IMU1,15290,158331443,-2174,-763,729,2302,-404,471
IMU1,15291,158342006,-2164,-762,707,2288,-390,488
IMU1,15292,158352564,-2149,-711,668,2259,-374,503
IMU1,15293,158363121,-2126,-677,697,2213,-370,512
IMU1,15294,158373685,-2155,-661,717,2161,-357,505
IMU1,15295,158384250,-2165,-650,686,2105,-315,486
IMU1,15296,158394807,-2058,-617,682,2032,-261,464
IMU1,15297,158405373,-2039,-552,673,1938,-225,394
IMU1,15298,158416448,-2056,-525,657,1734,-244,129
IMU1,15299,158426986,-2136,-514,565,1603,-223,35
IMU1,15300,158437336,-2175,-485,529,1442,-126,-11
IMU1,15301,158447778,-2154,-431,509,1265,16,-2
IMU1,15302,158457745,-2159,-405,533,1076,160,40
IMU1,15303,158468003,-2180,-407,572,896,312,88
IMU1,15304,158478057,-2193,-413,603,735,444,136
IMU1,15305,158488325,-2178,-422,645,597,516,164
IMU1,15306,158498579,-2169,-423,679,485,518,157
IMU1,15307,158508835,-2171,-430,692,406,482,119
IMU1,15308,158519091,-2118,-442,694,355,435,59
IMU1,15309,158529152,-2102,-431,699,321,385,-26
IMU1,15310,158539303,-2110,-415,675,307,333,-117
IMU1,15311,158549665,-2045,-377,593,304,275,-189
IMU1,15312,158560552,-2115,-398,617,305,207,-273
IMU1,15313,158570919,-2190,-408,626,304,217,-265
IMU1,15314,158581285,-2143,-405,599,310,222,-224
IMU1,15315,158591650,-2112,-395,590,320,220,-193
IMU1,15316,158602032,-2083,-384,583,328,220,-168
IMU1,15317,158612376,-2051,-381,557,331,213,-149
IMU1,15318,158622738,-2026,-366,541,332,193,-137
IMU1,15319,158633086,-1986,-342,523,328,168,-132
IMU1,15320,158643431,-1961,-333,505,321,150,-133
IMU1,15321,158653774,-1957,-334,497,312,139,-133
IMU1,15322,158664131,-1975,-339,484,295,139,-131
IMU1,15323,158674480,-1976,-346,459,275,140,-119
IMU1,15324,158685356,-1962,-328,453,233,132,-99
IMU1,15325,158695514,-1930,-314,466,216,131,-89
IMU1,15326,158705680,-1949,-320,442,207,137,-92
IMU1,15327,158715830,-1973,-325,445,196,143,-92
IMU1,15328,158726002,-1975,-332,435,184,144,-85
IMU1,15329,158736134,-1978,-331,437,168,146,-74
IMU1,15330,158746269,-1969,-327,432,157,148,-68
IMU1,15331,158756406,-1959,-328,428,146,145,-64
IMU1,15332,158766548,-1971,-327,412,130,132,-60
IMU1,15333,158779243,-1961,-321,407,120,117,-56
IMU1,15334,158789378,-1960,-321,404,109,111,-43
IMU1,15335,158799515,-1958,-305,378,99,116,-30
IMU1,15336,158810519,-1939,-308,367,74,120,-9
IMU1,15337,158820272,-1953,-312,351,62,121,-8
IMU1,15338,158830031,-1976,-320,343,41,111,0
IMU1,15339,158839590,-1988,-330,346,23,107,6
IMU1,15340,158849254,-2003,-329,344,5,107,22
IMU1,15341,158858895,-1996,-331,352,-6,108,44
IMU1,15342,158868642,-2001,-332,331,-15,106,62
IMU1,15343,158878581,-2010,-340,297,-22,92,77
IMU1,15344,158888340,-2015,-348,281,-38,76,86
IMU1,15345,158898084,-2015,-354,271,-46,66,89
IMU1,15346,158907833,-2026,-366,271,-56,70,89
IMU1,15347,158917598,-2041,-372,280,-64,82,89
IMU1,15348,158927361,-2047,-372,294,-61,94,81
IMU1,15349,158937097,-2039,-367,299,-49,100,67
IMU1,15350,158947043,-2025,-360,291,-35,99,42
IMU1,15351,158956790,-2018,-357,290,-20,91,13
IMU1,15352,158966551,-2029,-350,284,-5,80,-14
IMU1,15353,158976193,-2032,-346,264,12,74,-43
IMU1,15354,158985927,-2052,-355,251,20,68,-65
IMU1,15355,158995677,-2100,-372,243,25,60,-74
IMU1,15356,159005434,-2022,-348,285,30,61,-65
IMU1,15357,159015197,-2052,-342,251,37,78,-60
IMU1,15358,159024960,-2048,-357,250,44,92,-62
IMU1,15359,159034711,-1991,-341,248,44,91,-64
IMU1,15360,159044474,-2009,-336,248,49,91,-88
IMU1,15361,159054204,-2018,-343,247,53,80,-110
IMU1,15362,159064133,-2021,-343,253,56,65,-126
IMU1,15363,159074070,-2030,-341,260,57,52,-129
IMU1,15364,159084010,-2033,-340,268,60,41,-118
IMU1,15365,159093946,-2031,-334,265,69,27,-98
IMU1,15366,159103684,-2020,-326,258,76,15,-75
IMU1,15367,159113434,-2017,-322,249,82,4,-49
IMU1,15368,159122977,-2006,-313,245,82,0,-25
IMU1,15369,159132422,-1982,-308,235,77,5,-9
IMU1,15370,159141770,-1974,-309,235,71,9,-6
IMU1,15371,159151124,-1984,-308,235,60,11,-13
IMU1,15372,159160878,-1991,-314,236,49,14,-29
IMU1,15373,159170629,-2004,-319,230,38,16,-39
IMU1,15374,159180371,-2020,-317,237,24,24,-42
IMU1,15375,159190128,-2036,-322,235,13,38,-37
IMU1,15376,159199881,-2034,-322,237,1,49,-22
IMU1,15377,159209442,-2030,-322,240,-11,54,-12
IMU1,15378,159219275,-2026,-318,239,-20,56,-13
IMU1,15379,159229115,-2019,-318,239,-28,49,-18
IMU1,15380,159238971,-2014,-325,242,-31,43,-27
IMU1,15381,159248800,-2007,-323,243,-33,46,-42
IMU1,15382,159258620,-2012,-317,247,-28,48,-56
IMU1,15383,159268449,-2007,-312,250,-24,43,-68
IMU1,15384,159278282,-2009,-309,246,-19,32,-76
IMU1,15385,159288118,-2015,-309,237,-11,16,-80
IMU1,15386,159297955,-2021,-313,239,-1,0,-76
IMU1,15387,159307301,-2010,-320,236,3,0,-66
IMU1,15388,159316551,-2003,-323,238,4,12,-58
IMU1,15389,159326095,-1997,-328,240,7,17,-50
IMU1,15390,159335641,-1993,-329,229,7,14,-51
IMU1,15391,159345185,-1996,-333,230,9,7,-56
IMU1,15392,159354539,-2002,-341,234,14,12,-57
IMU1,15393,159364290,-2015,-339,218,10,21,-48
IMU1,15394,159374022,-2018,-340,200,1,28,-26
IMU1,15395,159383563,-2030,-335,198,-10,45,1
IMU1,15396,159393110,-2024,-339,198,-34,67,37
IMU1,15397,159402860,-2018,-333,207,-53,86,76
IMU1,15398,159412605,-2080,-340,217,-72,98,109
IMU1,15399,159422547,-1973,-371,228,-90,106,149
IMU1,15400,159432696,-1886,-317,266,-101,116,172
IMU1,15401,159443041,-1979,-371,230,-94,145,144
IMU1,15402,159453186,-2005,-421,237,-88,119,121
IMU1,15403,159463327,-1992,-443,310,-78,62,116
IMU1,15404,159474321,-2022,-475,327,-37,41,119
IMU1,15405,159484271,-2078,-525,386,-10,30,128
IMU1,15406,159494225,-2114,-589,486,50,-13,140
IMU1,15407,159504179,-2183,-654,577,135,-80,175
IMU1,15408,159514320,-2189,-682,606,260,-161,231
IMU1,15409,159524669,-2116,-719,578,386,-225,276
IMU1,15410,159535028,-2083,-771,630,473,-250,285
IMU1,15411,159545400,-2141,-888,719,525,-166,260
IMU1,15412,159555755,-2218,-1002,826,529,23,239
IMU1,15413,159566019,-2255,-1093,950,499,211,222
IMU1,15414,159576483,-2269,-1146,1116,453,301,192
IMU1,15415,159587152,-2284,-1197,1342,414,265,143
IMU1,15416,159597821,-2317,-1416,1893,393,118,84
IMU1,15417,159608815,-2576,-1582,2177,382,-223,4
IMU1,15418,159619172,-2618,-1675,2292,311,-213,1
IMU1,15419,159629539,-2606,-1626,2469,165,-168,-27
IMU1,15420,159640172,-2422,-1528,2700,-34,-178,-105
IMU1,15421,159650920,-2220,-1481,3110,-242,-237,-280
IMU1,15422,159661877,-2096,-1378,3586,-397,-361,-562
IMU1,15423,159672839,-2187,-1154,4031,-482,-538,-904
IMU1,15424,159683795,-2488,-845,4278,-559,-754,-1231
IMU1,15425,159694757,-2779,-42,4560,-1033,-1040,-1631
IMU1,15426,159705902,-3002,415,4539,-1535,-1195,-1740
IMU1,15427,159717171,-3341,765,4825,-2185,-1454,-1797
IMU1,15428,159728441,-3816,1098,5171,-2853,-1773,-1813
IMU1,15429,159739913,-4411,1593,5469,-3454,-2142,-1756
IMU1,15430,159751409,-4943,2084,5587,-3952,-2509,-1646
IMU1,15431,159762870,-5623,3087,5278,-4764,-3288,-1545
IMU1,15432,159774338,-5911,3602,4717,-5232,-3750,-1604
IMU1,15433,159788380,-6233,4170,3801,-5842,-4186,-1657
IMU1,15434,159799850,-6265,4503,1874,-6614,-4624,-1672
IMU1,15435,159811326,-6051,4515,1032,-8370,-4717,-1584
IMU1,15436,159822806,-5745,4472,342,-9220,-4438,-1589
IMU1,15437,159834091,-5236,4326,-231,-9986,-4070,-1705
IMU1,15438,159845454,-4797,4137,-616,-10630,-3669,-1919
IMU1,15439,159857039,-4203,3974,-835,-11127,-3109,-2213
IMU1,15440,159868612,-3284,3288,-733,-11536,-1568,-3057
IMU1,15441,159880166,-3042,3007,-463,-11344,-850,-3489
IMU1,15442,159891519,-2964,2912,-266,-10900,-195,-3809
IMU1,15443,159902878,-2943,2961,-98,-10255,395,-3975
IMU1,15444,159913943,-2797,2979,-152,-9402,802,-3988
IMU1,15445,159925007,-2295,2823,-399,-8429,872,-3881
IMU1,15446,159936060,-2011,2754,-523,-6417,170,-3423
IMU1,15447,159947093,-1733,2627,-778,-5477,-368,-3164
IMU1,15448,159958259,-1459,2546,-1259,-4669,-912,-2921
IMU1,15449,159969622,-1250,2460,-1789,-4055,-1358,-2692
IMU1,15450,159981160,-1024,2296,-2193,-3637,-1604,-2460
IMU1,15451,159992712,-640,1813,-2471,-3350,-1277,-1972
IMU1,15452,160004075,-499,1587,-2463,-2859,-785,-1718
IMU1,15453,160015194,-364,1402,-2472,-2569,-248,-1477
IMU1,15454,160026312,-408,1256,-2405,-2242,201,-1254
IMU1,15455,160037329,-463,1104,-2325,-1882,483,-1022
IMU1,15456,160048354,-546,902,-2252,-1505,597,-785
IMU1,15457,160058995,-535,779,-2150,-1116,593,-562
IMU1,15458,160069639,-622,616,-2009,-712,344,-220
IMU1,15459,160080072,-698,521,-1965,77,105,-86
IMU1,15460,160089985,-760,430,-1956,424,-184,38
IMU1,15461,160100109,-795,356,-1917,718,-466,157
IMU1,15462,160110458,-840,289,-1933,971,-691,271
IMU1,15463,160120788,-867,223,-1947,1169,-836,380
IMU1,15464,160131324,-876,151,-1944,1319,-915,490
IMU1,15465,160141858,-921,101,-1936,1420,-940,599
IMU1,15466,160152402,-994,101,-1915,1467,-917,711
# swing_peak_seq=15440
IMU1,15467,160162954,-1056,116,-1868,1479,-844,823
IMU1,15468,160173679,-1054,137,-1867,1465,-722,930
IMU1,15469,160184416,-1033,65,-1807,1403,-538,1005
IMU1,15470,160195659,-1145,25,-1919,1134,-43,1090
IMU1,15471,160206197,-1142,-34,-1490,952,222,1157
IMU1,15472,160216739,-1245,-63,-1442,858,487,1237
IMU1,15473,160227275,-1240,-40,-1300,803,720,1330
IMU1,15474,160237806,-1193,-30,-1280,793,851,1417
IMU1,15475,160248346,-1084,-55,-1206,802,878,1472
IMU1,15476,160258874,-1033,-115,-749,845,833,1474
IMU1,15477,160269402,-851,-90,-975,1001,745,1412
IMU1,15478,160279734,-976,-227,-515,1247,602,1205
IMU1,15479,160290274,-1846,-284,-740,1586,385,1110
IMU1,15480,160301019,-2278,-665,-1559,2142,-515,1341
IMU1,15481,160312061,-1897,-816,-1044,2217,-985,1682
IMU1,15482,160323093,-1672,-718,-802,2308,-1145,2031
IMU1,15483,160334126,-1647,-671,-746,2431,-920,2329
IMU1,15484,160344957,-1599,-694,-638,2552,-505,2574
IMU1,15485,160355814,-1663,-806,-762,2664,-134,2736
IMU1,15486,160366652,-1704,-911,-758,2732,73,2840
IMU1,15487,160377198,-1741,-1020,-689,2766,115,2899
IMU1,15488,160388141,-1749,-995,-625,2822,53,2843
IMU1,15489,160398687,-1632,-1103,-656,2861,11,2728
IMU1,15490,160409429,-1989,-1074,-639,2901,-35,2590
IMU1,15491,160420277,-2277,-970,-622,2930,-85,2520
IMU1,15492,160430918,-2132,-744,-240,2967,-131,2485
IMU1,15493,160441757,-2234,-1049,-247,3082,-215,2385
IMU1,15494,160452799,-1943,-1232,-582,3179,-378,2248
IMU1,15495,160463857,-2186,-1374,-196,3204,-654,1884
IMU1,15496,160474889,-2227,-1324,13,3300,-653,1730
IMU1,15497,160485628,-2264,-1353,-91,3385,-600,1577
IMU1,15498,160496471,-2230,-1351,19,3450,-571,1432
IMU1,15499,160507229,-2240,-1315,13,3509,-572,1297
IMU1,15500,160517972,-2264,-1304,20,3537,-563,1181
IMU1,15501,160528722,-2204,-1279,99,3535,-528,1081
IMU1,15502,160539471,-2245,-1220,174,3520,-459,991
IMU1,15503,160550223,-2204,-1228,286,3496,-353,841
IMU1,15504,160560989,-2247,-1192,507,3465,-48,769
IMU1,15505,160571544,-2182,-1161,513,3483,98,723
IMU1,15506,160581991,-2123,-1124,463,3516,194,684
IMU1,15507,160592643,-2053,-1081,436,3541,218,649
IMU1,15508,160603275,-2012,-1069,428,3564,164,611
IMU1,15509,160613918,-1988,-1055,397,3572,63,564
IMU1,15510,160624381,-1920,-1046,462,3556,-51,505
IMU1,15511,160634925,-1867,-1047,565,3522,-137,429
IMU1,15512,160645663,-1828,-1063,559,3463,-130,354
IMU1,15513,160656398,-1806,-1012,484,3215,429,288
IMU1,15514,160667026,-1843,-980,499,3045,700,312
IMU1,15515,160677473,-1886,-979,553,2879,812,358
IMU1,15516,160687928,-1923,-987,619,2740,809,414
IMU1,15517,160698375,-1939,-987,672,2617,768,469
IMU1,15518,160708826,-1902,-971,733,2516,727,510
IMU1,15519,160719286,-1891,-961,751,2441,679,527
IMU1,15520,160729747,-1865,-964,754,2380,609,520
IMU1,15521,160740194,-1822,-961,742,2326,528,494
IMU1,15522,160750639,-1803,-944,743,2277,462,443
IMU1,15523,160761095,-1764,-939,760,2235,428,376
IMU1,15524,160772596,-1775,-906,746,2175,411,213
IMU1,15525,160783035,-1813,-910,757,2149,394,151
IMU1,15526,160796055,-1817,-929,758,2121,363,115
IMU1,15527,160806504,-1763,-906,753,2094,347,89
IMU1,15528,160816733,-1668,-875,778,2060,367,49
IMU1,15529,160826968,-1633,-860,638,2017,428,-26
IMU1,15530,160837296,-1552,-854,622,1924,510,-130
IMU1,15531,160847836,-1633,-857,566,1798,632,-271
IMU1,15532,160858906,-2230,-891,601,1488,862,-438
IMU1,15533,160869452,-2411,-948,661,1343,845,-319
IMU1,15534,160880001,-2304,-965,749,1231,699,-89
IMU1,15535,160890337,-2162,-888,779,1148,515,152
IMU1,15536,160900795,-2191,-871,693,1097,370,343
IMU1,15537,160911250,-1998,-827,660,1048,258,503
IMU1,15538,160921697,-1983,-839,617,997,196,580
IMU1,15539,160931938,-1972,-848,560,945,213,584
IMU1,15540,160942184,-1884,-791,499,889,262,518
IMU1,15541,160952434,-1846,-726,459,828,300,388
IMU1,15542,160962681,-1879,-695,428,764,326,221
IMU1,15543,160972917,-1921,-705,426,703,327,60
IMU1,15544,160983982,-2058,-721,451,608,257,-149
IMU1,15545,160994325,-2116,-726,468,576,215,-169
IMU1,15546,161004661,-2126,-721,449,566,192,-153
IMU1,15547,161015003,-2113,-695,382,547,174,-115
IMU1,15548,161025350,-2082,-628,311,516,152,-68
IMU1,15549,161035493,-2077,-694,371,470,136,-26
IMU1,15550,161045641,-2078,-692,281,442,146,15
IMU1,15551,161055685,-2081,-680,305,417,172,51
IMU1,15552,161065723,-2022,-649,288,408,200,73
IMU1,15553,161075755,-2033,-642,293,401,223,75
IMU1,15554,161085797,-2022,-666,304,400,217,63
IMU1,15555,161095841,-2019,-647,302,406,194,36
IMU1,15556,161105879,-2016,-626,263,403,169,5
IMU1,15557,161115732,-2017,-620,252,397,154,-25
IMU1,15558,161125894,-1965,-614,234,382,157,-49
IMU1,15559,161136053,-1958,-603,254,356,181,-79
IMU1,15560,161146201,-1958,-587,257,333,228,-103
IMU1,15561,161157069,-1942,-577,292,290,316,-125
IMU1,15562,161167426,-1977,-580,304,273,335,-124
IMU1,15563,161177775,-1975,-573,307,268,347,-118
IMU1,15564,161188112,-1972,-552,298,260,339,-105
IMU1,15565,161198458,-1977,-560,323,259,321,-93
IMU1,15566,161208599,-2002,-561,331,264,297,-72
IMU1,15567,161218743,-2031,-562,341,276,259,-52
IMU1,15568,161228877,-2047,-578,359,290,208,-28
IMU1,15569,161239004,-2031,-577,370,307,159,-10
IMU1,15570,161249162,-1980,-555,369,322,127,-7
IMU1,15571,161259110,-1971,-541,349,336,103,-23
IMU1,15572,161269267,-1974,-535,338,344,79,-46
IMU1,15573,161279220,-1959,-530,309,338,50,-64
IMU1,15574,161289188,-1948,-532,311,321,31,-79
IMU1,15575,161299128,-1947,-529,301,299,35,-92
IMU1,15576,161309076,-1939,-528,301,269,59,-99
IMU1,15577,161319017,-1943,-529,296,236,88,-103
IMU1,15578,161330198,-2001,-538,305,168,120,-78
IMU1,15579,161340342,-2004,-545,307,140,115,-42
IMU1,15580,161350487,-1988,-548,312,114,107,-4
IMU1,15581,161360429,-1946,-547,303,97,100,30
IMU1,15582,161370275,-1932,-543,300,85,94,46
IMU1,15583,161379925,-1909,-542,289,76,88,46
IMU1,15584,161389583,-1907,-541,287,75,81,36
IMU1,15585,161399234,-1911,-535,280,74,68,27
IMU1,15586,161408888,-1925,-543,277,76,61,10
IMU1,15587,161418519,-1944,-547,277,73,54,3
IMU1,15588,161427971,-1968,-549,273,69,52,-2
IMU1,15589,161437520,-1967,-547,260,59,48,1
IMU1,15590,161446968,-1990,-551,247,49,40,4
IMU1,15591,161456412,-2002,-544,230,27,26,14
IMU1,15592,161466055,-1996,-547,221,2,10,33
IMU1,15593,161475505,-1984,-548,206,-24,10,52
IMU1,15594,161485249,-1985,-550,199,-49,24,65
IMU1,15595,161494985,-1965,-551,187,-68,48,67
IMU1,15596,161504736,-1961,-544,174,-85,69,60
IMU1,15597,161514483,-1972,-543,165,-98,78,52
IMU1,15598,161524233,-1973,-553,156,-110,86,39
IMU1,15599,161534189,-1968,-562,146,-126,90,27
IMU1,15600,161544143,-1971,-566,134,-141,93,16
IMU1,15601,161554083,-1966,-569,118,-157,97,8
IMU1,15602,161563819,-1960,-576,127,-170,102,5
IMU1,15603,161573759,-1968,-588,143,-178,115,10
IMU1,15604,161583906,-1961,-608,157,-176,133,25
IMU1,15605,161594060,-1971,-629,168,-168,146,47
IMU1,15606,161604195,-1990,-656,185,-158,139,77
IMU1,15607,161614324,-1997,-694,214,-140,123,109
IMU1,15608,161624654,-1992,-726,236,-117,103,139
IMU1,15609,161634990,-1982,-752,251,-95,88,160
IMU1,15610,161644928,-1966,-775,275,-80,75,167
IMU1,15611,161654861,-1962,-815,310,-63,61,164
IMU1,15612,161664801,-1958,-860,335,-54,44,153
IMU1,15613,161674730,-1948,-894,365,-43,21,143
IMU1,15614,161686227,-1914,-982,441,-42,-14,132
IMU1,15615,161696272,-1907,-1044,513,-51,9,127
IMU1,15616,161706212,-1947,-1113,588,-66,43,125
IMU1,15617,161716365,-1996,-1166,674,-87,62,127
IMU1,15618,161726507,-2025,-1218,779,-100,56,127
IMU1,15619,161736855,-2011,-1302,881,-112,40,127
IMU1,15620,161747190,-2030,-1369,1000,-128,33,115
IMU1,15621,161757742,-2092,-1417,1152,-153,52,99
IMU1,15622,161768101,-2131,-1482,1286,-195,94,90
IMU1,15623,161778438,-2120,-1536,1395,-255,120,79
IMU1,15624,161788994,-2084,-1579,1507,-338,118,48
IMU1,15625,161802107,-1976,-1702,1898,-542,34,-114
IMU1,15626,161812744,-2027,-1724,2183,-621,-23,-214
IMU1,15627,161823474,-2143,-1680,2403,-672,-127,-316
IMU1,15628,161834409,-2213,-1602,2634,-725,-273,-418
IMU1,15629,161845334,-2291,-1491,2866,-803,-442,-535
IMU1,15630,161856271,-2322,-1364,3135,-919,-543,-677
IMU1,15631,161867215,-2489,-1209,3675,-1070,-512,-843
IMU1,15632,161878362,-3155,-703,3854,-1505,-513,-1161
IMU1,15633,161889522,-3461,-361,4024,-1812,-811,-1295
IMU1,15634,161900649,-3820,-36,4249,-2140,-1259,-1442
IMU1,15635,161911798,-4118,330,4482,-2468,-1755,-1585
IMU1,15636,161923064,-4398,725,4587,-2758,-2153,-1718
IMU1,15637,161934320,-4713,1125,4481,-3074,-2413,-1826
IMU1,15638,161945779,-5196,1947,3974,-3943,-2957,-1937
IMU1,15639,161957228,-5273,2319,3514,-4496,-3253,-1933
IMU1,15640,161968683,-5281,2690,2974,-5087,-3481,-1933
IMU1,15641,161980128,-5203,3005,2414,-5720,-3617,-1952
IMU1,15642,161991589,-5135,3261,1829,-6371,-3652,-2005
IMU1,15643,162003059,-4853,3470,687,-7677,-3530,-2167
IMU1,15644,162014321,-4651,3472,202,-8291,-3372,-2259
IMU1,15645,162025581,-4331,3384,-163,-8820,-3100,-2366
IMU1,15646,162036942,-3952,3285,-400,-9255,-2714,-2513
IMU1,15647,162048307,-3540,3134,-523,-9570,-2262,-2719
IMU1,15648,162059662,-3312,2807,-413,-9734,-1790,-2984
IMU1,15649,162071007,-2924,2662,-472,-9497,-920,-3513
IMU1,15650,162082177,-2769,2467,-492,-9155,-563,-3714
IMU1,15651,162093330,-2627,2391,-592,-8679,-302,-3831
IMU1,15652,162104504,-2359,2433,-805,-8115,-129,-3852
IMU1,15653,162115647,-2129,2330,-934,-7513,-69,-3793
IMU1,15654,162126620,-1855,2170,-1007,-6872,-96,-3660
IMU1,15655,162137771,-1434,2074,-1405,-5515,-172,-3262
IMU1,15656,162149118,-1234,2120,-1792,-4928,-253,-3053
IMU1,15657,162160487,-1118,2010,-2082,-4438,-373,-2835
IMU1,15658,162171840,-1021,1861,-2198,-4031,-474,-2578
IMU1,15659,162183191,-888,1732,-2220,-3643,-487,-2282
IMU1,15660,162194346,-746,1515,-2187,-3230,-415,-1968
IMU1,15661,162205504,-610,1389,-2172,-2322,-269,-1361
IMU1,15662,162216641,-558,1242,-2168,-1834,-261,-1078
IMU1,15663,162227782,-531,1116,-2136,-1345,-298,-831
IMU1,15664,162238729,-530,1022,-2157,-868,-346,-599
IMU1,15665,162249480,-593,920,-2142,-417,-395,-375
IMU1,15666,162260027,-649,808,-2109,0,-440,-163
IMU1,15667,162269953,-727,690,-2090,370,-480,35
IMU1,15668,162280104,-795,571,-2076,684,-524,221
IMU1,15669,162290459,-821,320,-1992,947,-573,384
IMU1,15670,162301336,-847,204,-1942,1341,-662,632
IMU1,15671,162311899,-900,93,-1893,1472,-689,731
IMU1,15672,162322258,-973,-1,-1851,1565,-695,823
IMU1,15673,162332506,-1056,-65,-1791,1627,-675,907
IMU1,15674,162343149,-1137,-105,-1783,1664,-634,994
# swing_peak_seq=15648
IMU1,15675,162354002,-1244,-150,-1703,1675,-588,1079
IMU1,15676,162365055,-1346,-218,-1651,1677,-558,1163
IMU1,15677,162376111,-1407,-285,-1616,1673,-528,1242
IMU1,15678,162387149,-1503,-430,-1472,1658,-486,1374
IMU1,15679,162398203,-1512,-493,-1409,1628,-342,1420
IMU1,15680,162409259,-1484,-544,-1358,1611,-255,1450
IMU1,15681,162420285,-1509,-588,-1306,1597,-147,1463
IMU1,15682,162431327,-1544,-624,-1281,1580,-11,1475
IMU1,15683,162442182,-1501,-648,-1292,1560,167,1474
IMU1,15684,162453123,-1435,-634,-1249,1537,357,1445
IMU1,15685,162464074,-1459,-595,-1146,1519,522,1324
IMU1,15686,162475017,-1434,-632,-1058,1529,758,1263
IMU1,15687,162485988,-1437,-692,-987,1567,827,1209
IMU1,15688,162496742,-1484,-749,-938,1628,841,1174
IMU1,15689,162507488,-1505,-804,-887,1706,821,1159
IMU1,15690,162518246,-1537,-855,-798,1803,778,1156
IMU1,15691,162529020,-1578,-929,-766,1922,703,1157
IMU1,15692,162539790,-1558,-990,-704,2057,591,1144
IMU1,15693,162550552,-1811,-1037,-763,2207,471,1065
IMU1,15694,162561508,-1866,-1067,-740,2461,308,1098
IMU1,15695,162572447,-1770,-1093,-684,2569,238,1181
IMU1,15696,162583381,-1710,-1136,-645,2665,151,1271
IMU1,15697,162594322,-1719,-1193,-638,2752,62,1342
IMU1,15698,162605076,-1647,-1203,-552,2822,-26,1399
IMU1,15699,162615914,-1572,-1189,-496,2891,-103,1430
IMU1,15700,162626958,-1568,-1187,-383,2955,-148,1432
IMU1,15701,162638004,-1581,-1219,-379,3066,-174,1357
IMU1,15702,162649048,-1563,-1223,-357,3096,-187,1286
IMU1,15703,162660086,-1564,-1216,-339,3115,-191,1200
IMU1,15704,162671130,-1601,-1226,-317,3117,-167,1108
IMU1,15705,162682186,-1621,-1249,-268,3113,-115,1032
IMU1,15706,162693235,-1622,-1233,-238,3101,-47,975
IMU1,15707,162703873,-1662,-1220,-177,3081,26,938
IMU1,15708,162714944,-1635,-1181,-149,3030,159,903
IMU1,15709,162725697,-1619,-1154,-115,2990,238,882
IMU1,15710,162736441,-1580,-1125,-50,2941,332,849
IMU1,15711,162746989,-1605,-1124,21,2897,442,797
IMU1,15712,162757436,-1774,-1197,94,2851,566,755
IMU1,15713,162767908,-1896,-1290,130,2808,688,771
IMU1,15714,162778569,-1890,-1300,200,2766,785,841
IMU1,15715,162789220,-1862,-1252,277,2733,854,933
IMU1,15716,162802345,-1900,-1218,362,2717,914,1085
IMU1,15717,162813219,-1939,-1261,378,2728,879,1150
IMU1,15718,162824092,-1960,-1308,379,2747,783,1194
IMU1,15719,162834940,-1947,-1319,367,2760,647,1214
IMU1,15720,162845792,-1890,-1307,353,2769,493,1197
IMU1,15721,162856650,-1828,-1282,369,2775,339,1134
IMU1,15722,162867500,-1762,-1239,422,2779,204,1026
IMU1,15723,162878342,-1724,-1234,446,2788,20,736
IMU1,15724,162888802,-1776,-1263,484,2789,-33,596
IMU1,15725,162899342,-1820,-1299,549,2789,-60,459
IMU1,15726,162909882,-1839,-1320,585,2794,-56,362
IMU1,15727,162920436,-1838,-1325,584,2790,-18,307
IMU1,15728,162930984,-1822,-1309,561,2779,32,275
IMU1,15729,162941444,-1764,-1284,528,2750,82,254
IMU1,15730,162951884,-1735,-1245,522,2697,138,222
IMU1,15731,162962539,-1733,-1216,535,2623,206,185
IMU1,15732,162973192,-1741,-1201,542,2528,305,143
IMU1,15733,162984381,-1835,-1211,548,2262,585,68
IMU1,15734,162994845,-1834,-1176,543,2106,678,56
IMU1,15735,163005321,-1834,-1159,533,1949,704,44
IMU1,15736,163015797,-1823,-1154,562,1795,683,23
IMU1,15737,163026268,-1802,-1144,566,1658,647,-8
IMU1,15738,163036607,-1771,-1120,562,1535,618,-47
IMU1,15739,163047165,-1752,-1100,534,1426,622,-92
IMU1,15740,163057726,-1739,-1100,517,1320,664,-141
IMU1,15741,163068480,-1734,-1093,491,1213,742,-185
IMU1,15742,163079232,-1778,-1058,515,1101,816,-221
IMU1,15743,163089985,-1856,-1073,564,917,873,-252
IMU1,15744,163100542,-1904,-1078,573,866,837,-222
IMU1,15745,163111109,-1972,-1072,714,842,776,-168
IMU1,15746,163121673,-1974,-1086,464,840,719,-97
IMU1,15747,163132035,-1913,-1052,604,828,650,-16
IMU1,15748,163142398,-1906,-1025,482,830,587,39
IMU1,15749,163152678,-1801,-970,439,811,537,71
IMU1,15750,163162741,-1833,-962,427,781,500,60
IMU1,15751,163172816,-1867,-952,392,746,486,30
IMU1,15752,163182892,-1914,-947,363,701,491,8
IMU1,15753,163192776,-1911,-964,417,651,508,-2
IMU1,15754,163202746,-1889,-928,380,607,545,-12
IMU1,15755,163212893,-1898,-909,419,566,591,-28
IMU1,15756,163223037,-1935,-884,393,533,620,-30
IMU1,15757,163234246,-1928,-853,373,466,652,12
IMU1,15758,163244287,-1936,-841,356,414,659,58
IMU1,15759,163254335,-1959,-831,366,367,671,100
IMU1,15760,163264591,-1896,-844,288,315,702,126
IMU1,15761,163274845,-1913,-855,276,258,729,140
IMU1,15762,163285105,-1899,-833,278,198,756,148
IMU1,15763,163295365,-1864,-829,291,146,794,135
IMU1,15764,163305623,-1888,-809,272,114,835,104
IMU1,15765,163315868,-1901,-804,274,92,851,75
IMU1,15766,163325728,-1908,-807,261,84,838,49
IMU1,15767,163335589,-1929,-802,257,85,795,30
IMU1,15768,163345444,-1932,-794,255,93,724,18
IMU1,15769,163355301,-1938,-782,260,103,634,13
IMU1,15770,163365357,-1958,-788,281,123,535,12
IMU1,15771,163375414,-1964,-797,265,151,427,24
IMU1,15772,163385473,-1958,-797,260,177,323,43
IMU1,15773,163395533,-1978,-801,249,204,228,66
IMU1,15774,163405577,-1965,-806,241,232,144,91
IMU1,15775,163415626,-1945,-804,239,257,81,115
IMU1,15776,163426722,-1879,-772,225,289,19,144
IMU1,15777,163436785,-1891,-768,253,296,4,140
IMU1,15778,163446654,-1908,-763,234,313,-19,123
IMU1,15779,163456810,-1915,-771,241,322,-57,109
IMU1,15780,163466951,-1932,-772,232,323,-114,102
IMU1,15781,163477302,-1931,-765,229,317,-170,102
IMU1,15782,163487655,-1929,-769,228,310,-214,107
IMU1,15783,163498014,-1929,-771,228,298,-235,110
IMU1,15784,163508369,-1910,-754,229,278,-233,120
IMU1,15785,163518738,-1908,-754,227,260,-201,122
IMU1,15786,163529097,-1930,-748,222,237,-153,122
IMU1,15787,163539448,-1941,-750,221,213,-108,125
IMU1,15788,163549789,-1936,-752,214,189,-78,123
IMU1,15789,163559942,-1942,-745,167,158,-69,115
IMU1,15790,163571136,-1908,-742,155,93,-83,83
IMU1,15791,163580913,-1890,-734,151,54,-78,58
IMU1,15792,163590686,-1874,-722,140,21,-51,32
IMU1,15793,163600443,-1870,-718,121,-12,-6,8
IMU1,15794,163609890,-1881,-746,104,-54,42,-9
IMU1,15795,163619536,-1874,-729,102,-90,91,-20
IMU1,15796,163629388,-1898,-724,122,-122,142,-32
IMU1,15797,163639643,-1902,-736,135,-147,193,-39
IMU1,15798,163649903,-1920,-745,138,-152,219,-40
IMU1,15799,163660152,-1937,-743,132,-146,213,-32
IMU1,15800,163670413,-1934,-736,130,-136,189,-22
IMU1,15801,163680661,-1944,-741,123,-121,153,-14
IMU1,15802,163690897,-1951,-743,109,-102,110,-8
IMU1,15803,163700942,-1943,-748,101,-86,70,-2
IMU1,15804,163710595,-1945,-756,102,-68,30,-2
IMU1,15805,163720263,-1956,-757,78,-45,3,-1
IMU1,15806,163729521,-1938,-762,82,-26,-18,7
IMU1,15807,163738976,-1916,-762,77,-9,-27,13
IMU1,15808,163748437,-1911,-759,88,12,-29,13
IMU1,15809,163758003,-1911,-761,78,37,-29,7
IMU1,15810,163767386,-1926,-762,69,56,-45,2
IMU1,15811,163776750,-1937,-759,55,67,-71,-6
IMU1,15812,163786217,-1943,-766,64,77,-98,-11
IMU1,15813,163795888,-1950,-774,58,86,-120,-8
IMU1,15814,163808111,-1948,-771,47,96,-134,-6
IMU1,15815,163817772,-1942,-767,42,106,-137,-6
IMU1,15816,163827634,-1924,-767,23,112,-132,-5
IMU1,15817,163837500,-1920,-759,25,115,-125,-3
IMU1,15818,163847375,-1911,-748,23,111,-106,-3
IMU1,15819,163857185,-1920,-752,26,106,-82,-1
IMU1,15820,163866794,-1907,-743,27,97,-62,15
IMU1,15821,163876318,-1905,-735,24,85,-41,30
IMU1,15822,163885843,-1900,-733,25,79,-16,32
IMU1,15823,163895369,-1905,-736,26,73,13,34
IMU1,15824,163904799,-1914,-727,32,65,47,46
IMU1,15825,163914230,-1914,-720,34,63,71,56
IMU1,15826,163923680,-1915,-723,32,65,83,48
IMU1,15827,163933105,-1916,-726,37,64,80,39
IMU1,15828,163942545,-1907,-723,40,66,65,32
IMU1,15829,163951970,-1903,-713,38,63,51,19
IMU1,15830,163961424,-1914,-714,42,61,48,3
IMU1,15831,163970677,-1925,-724,42,62,47,-6
IMU1,15832,163979998,-1935,-724,50,61,49,-8
IMU1,15833,163989339,-1931,-727,60,62,54,-2
IMU1,15834,163998675,-1928,-729,60,66,69,3
IMU1,15835,164007923,-1947,-728,65,68,88,6
IMU1,15836,164017149,-1959,-741,69,71,93,9
IMU1,15837,164026387,-1948,-739,77,76,85,8
IMU1,15838,164035624,-1955,-737,84,84,71,2
IMU1,15839,164044858,-1945,-734,83,92,57,-4
IMU1,15840,164054168,-1941,-733,77,99,44,-8
IMU1,15841,164063493,-1941,-728,83,102,28,-10
IMU1,15842,164073213,-1931,-720,87,105,18,-11
IMU1,15843,164082928,-1932,-718,95,106,10,-11
IMU1,15844,164092652,-1934,-715,96,106,3,-9
IMU1,15845,164101983,-1940,-712,97,105,-5,-8
IMU1,15846,164111405,-1940,-712,92,102,-8,-5
IMU1,15847,164120825,-1937,-710,86,94,-12,2
IMU1,15848,164130152,-1918,-700,82,89,-5,5
IMU1,15849,164139288,-1906,-693,77,87,7,3
IMU1,15850,164148329,-1909,-690,69,77,18,-1
IMU1,15851,164157660,-1910,-690,67,73,26,-10
IMU1,15852,164167197,-1915,-692,67,71,35,-15
IMU1,15853,164176740,-1913,-693,63,75,38,-17
IMU1,15854,164186268,-1917,-685,63,70,42,-17
IMU1,15855,164196314,-1924,-682,61,70,43,-13
IMU1,15856,164205841,-1918,-680,54,71,49,-11
IMU1,15857,164215373,-1923,-677,47,70,50,1
IMU1,15858,164225127,-1932,-674,42,67,53,18
IMU1,15859,164234551,-1907,-667,33,65,62,33
IMU1,15860,164243994,-1904,-672,21,56,73,39
IMU1,15861,164253962,-1901,-668,20,57,87,46
IMU1,15862,164263390,-1897,-667,19,51,92,53
IMU1,15863,164272821,-1909,-669,17,52,90,59
IMU1,15864,164282770,-1931,-677,28,49,70,82
IMU1,15865,164292204,-1935,-701,34,58,54,107
IMU1,15866,164301831,-1918,-706,16,58,32,140
IMU1,15867,164311474,-1901,-702,5,57,18,166
IMU1,15868,164320918,-1872,-711,3,50,12,181
IMU1,15869,164330881,-1849,-716,5,45,17,187
IMU1,15870,164340317,-1830,-724,-6,36,31,189
IMU1,15871,164349858,-1819,-733,-9,24,35,193
IMU1,15872,164359401,-1803,-739,-13,13,38,200
IMU1,15873,164369125,-1791,-753,-9,-2,43,211
IMU1,15874,164379075,-1795,-769,-11,-21,52,223
IMU1,15875,164388902,-1798,-808,28,-44,57,244
IMU1,15876,164398627,-1817,-844,88,-66,54,271
IMU1,15877,164408364,-1836,-879,139,-77,58,299
IMU1,15878,164418299,-1831,-919,185,-84,59,335
IMU1,15879,164428232,-1822,-948,225,-75,51,365
IMU1,15880,164438176,-1822,-973,262,-65,37,385
IMU1,15881,164448116,-1822,-1018,325,-45,6,400
IMU1,15882,164458041,-1825,-1072,381,-20,-36,411
IMU1,15883,164468265,-1812,-1133,398,15,-85,416
IMU1,15884,164478398,-1774,-1182,400,46,-148,415
IMU1,15885,164488744,-1727,-1238,452,60,-234,399
IMU1,15886,164499079,-1701,-1315,619,69,-362,361
IMU1,15887,164509409,-1731,-1423,909,88,-516,310
IMU1,15888,164519749,-1778,-1560,1215,125,-593,273
IMU1,15889,164530483,-1701,-1683,1286,167,-427,273
IMU1,15890,164541199,-1695,-1811,1538,177,-74,300
IMU1,15891,164551743,-1741,-1849,1728,176,205,305
IMU1,15892,164562381,-1806,-1888,1873,154,222,310
IMU1,15893,164573026,-1936,-1911,2073,56,267,312
IMU1,15894,164583481,-2082,-1884,2336,-76,333,309
IMU1,15895,164594021,-2281,-1847,2621,-223,406,297
IMU1,15896,164604754,-2532,-1765,2883,-376,444,267
IMU1,15897,164615502,-2684,-1660,3138,-529,338,194
IMU1,15898,164626249,-2890,-1503,3361,-673,-7,31
IMU1,15899,164636481,-3009,-1281,3534,-822,-498,-228
IMU1,15900,164647406,-3455,-882,3921,-1187,-1091,-908
IMU1,15901,164658547,-3839,-646,4112,-1421,-1116,-1204
IMU1,15902,164669907,-4202,-356,4315,-1691,-1150,-1445
IMU1,15903,164681241,-4686,-12,4456,-1975,-1303,-1637
IMU1,15904,164692369,-5223,388,4532,-2291,-1613,-1767
IMU1,15905,164703604,-5604,802,4418,-2636,-2078,-1880
IMU1,15906,164714850,-6147,1802,3915,-3504,-3089,-1928
IMU1,15907,164726315,-6257,2251,3551,-4025,-3434,-1950
IMU1,15908,164737777,-6182,2737,3046,-4593,-3640,-2002
IMU1,15909,164749230,-5999,3191,2469,-5235,-3698,-2122
IMU1,15910,164760698,-5874,3575,1768,-5951,-3692,-2308
IMU1,15911,164772169,-5442,3824,504,-6709,-3584,-2665
IMU1,15912,164783423,-5048,3803,-13,-8186,-3335,-2784
IMU1,15913,164794581,-4445,3702,-435,-8807,-2954,-2923
IMU1,15914,164808593,-3888,3551,-655,-9324,-2493,-3132
IMU1,15915,164819948,-3045,3087,-965,-9690,-1937,-3403
IMU1,15916,164831294,-2742,2794,-939,-9873,-740,-4002
IMU1,15917,164842448,-2550,2547,-649,-9595,-239,-4228
IMU1,15918,164853609,-2562,2320,-445,-9023,235,-4327
IMU1,15919,164864655,-2406,2528,-343,-8203,665,-4264
IMU1,15920,164875673,-2156,2490,-316,-7223,920,-4112
IMU1,15921,164886725,-1892,2398,-464,-6188,792,-3933
IMU1,15922,164897779,-1449,2251,-968,-4365,-493,-3547
IMU1,15923,164908901,-1257,2066,-1227,-3680,-1236,-3332
IMU1,15924,164920431,-1095,1893,-1441,-3146,-1803,-3077
IMU1,15925,164931967,-948,1771,-1685,-2727,-2115,-2797
IMU1,15926,164943299,-815,1662,-1950,-2416,-2213,-2509
IMU1,15927,164954641,-645,1326,-2517,-2202,-2175,-2218
IMU1,15928,164965982,-610,1112,-2664,-2009,-1819,-1615
IMU1,15929,164977322,-543,898,-2664,-1971,-1468,-1302
IMU1,15930,164988447,-482,719,-2596,-1900,-1021,-1015
IMU1,15931,164999579,-385,603,-2440,-1792,-545,-774
IMU1,15932,165010324,-409,499,-2365,-1628,-120,-601
IMU1,15933,165021051,-460,383,-2198,-1420,163,-480
IMU1,15934,165031688,-576,243,-2141,-1180,263,-298
IMU1,15935,165042327,-635,117,-2092,-683,139,-205
IMU1,15936,165052767,-673,-11,-2030,-429,71,-105
IMU1,15937,165062909,-743,-74,-2006,-171,35,5
IMU1,15938,165072553,-765,-129,-2006,61,8,125
IMU1,15939,165082289,-765,-193,-1994,266,-37,236
IMU1,15940,165092525,-765,-230,-1983,432,-96,325
IMU1,15941,165102765,-808,-284,-1968,563,-167,402
IMU1,15942,165113196,-856,-363,-1945,660,-232,481
# swing_peak_seq=15916
IMU1,15943,165123644,-901,-428,-1914,726,-268,567
IMU1,15944,165134080,-943,-466,-1925,768,-247,658
IMU1,15945,165144509,-976,-488,-1921,780,-174,746
IMU1,15946,165154945,-895,-449,-1779,777,-80,823
IMU1,15947,165165174,761,179,-1249,817,21,781
IMU1,15948,165175120,-1854,-276,-2798,881,299,-103
IMU1,15949,165185752,-1281,-1105,-1837,622,584,781
IMU1,15950,165196498,-707,-407,-441,300,500,960
IMU1,15951,165206639,-1772,-465,-1563,573,615,949
IMU1,15952,165217193,-940,-336,-890,755,660,989
IMU1,15953,165227345,-1658,-886,-1733,938,466,945
IMU1,15954,165237897,-1047,-804,-1164,1009,185,965
IMU1,15955,165248624,-1358,-600,-1231,1127,-60,931
IMU1,15956,165259263,-1288,-586,-1023,1280,-191,932
IMU1,15957,165270091,-1298,-768,-1147,1437,-285,969
IMU1,15958,165280932,-1217,-802,-1095,1554,-386,1052
IMU1,15959,165291965,-1158,-704,-1022,1716,-333,1185
IMU1,15960,165303013,-1156,-706,-921,1765,-189,1231
IMU1,15961,165313862,-1133,-762,-906,1830,-61,1258
IMU1,15962,165324514,-1053,-832,-888,1877,-4,1271
IMU1,15963,165334964,-1041,-872,-845,1913,-13,1261
IMU1,15964,165345613,-1093,-903,-759,1952,-52,1233
IMU1,15965,165356256,-1138,-917,-686,2004,-96,1200
IMU1,15966,165366895,-1170,-972,-761,2068,-142,1160
IMU1,15967,165377740,-1328,-1003,-720,2112,-182,1122
IMU1,15968,165388763,-1401,-1050,-766,2161,-182,1098
IMU1,15969,165399807,-1382,-1036,-615,2170,-93,1119
IMU1,15970,165410660,-1265,-1006,-579,2192,35,1143
IMU1,15971,165421412,-1292,-1028,-560,2231,167,1145
IMU1,15972,165432363,-1367,-1104,-495,2276,249,1138
IMU1,15973,165443308,-1464,-1160,-479,2333,254,1153
IMU1,15974,165454255,-1497,-1249,-448,2386,203,1203
IMU1,15975,165465724,-1488,-1227,-340,2480,165,1312
IMU1,15976,165476662,-1581,-1297,-274,2549,242,1347
IMU1,15977,165487620,-1635,-1351,-254,2642,285,1393
IMU1,15978,165498554,-1558,-1391,-341,2722,283,1441
IMU1,15979,165509501,-1615,-1418,-176,2783,250,1467
IMU1,15980,165520434,-1629,-1420,-214,2855,243,1490
IMU1,15981,165531364,-1700,-1471,-217,2907,268,1505
IMU1,15982,165542303,-1764,-1510,-218,2962,341,1531
IMU1,15983,165553258,-1773,-1502,-134,2956,396,1542
IMU1,15984,165564220,-1858,-1471,-82,2957,465,1536
IMU1,15985,165574973,-1845,-1432,-16,2959,551,1522
IMU1,15986,165585733,-1827,-1412,0,2966,640,1485
IMU1,15987,165596086,-1838,-1416,23,2967,698,1424
IMU1,15988,165606747,-1894,-1435,68,2970,725,1355
IMU1,15989,165617396,-1916,-1443,97,2989,734,1286
IMU1,15990,165628051,-1863,-1396,154,3011,733,1139
IMU1,15991,165638921,-1825,-1335,154,3063,715,1039
IMU1,15992,165649782,-1838,-1311,200,3091,687,928
IMU1,15993,165660436,-1854,-1317,251,3122,640,816
IMU1,15994,165671089,-1875,-1320,321,3152,584,716
IMU1,15995,165681756,-1921,-1315,392,3183,525,627
IMU1,15996,165692431,-1956,-1309,447,3210,432,556
IMU1,15997,165703084,-1949,-1295,490,3224,299,501
IMU1,15998,165713729,-1936,-1268,507,3226,137,447
IMU1,15999,165724385,-1798,-1204,556,3221,-180,320
IMU1,16000,165735127,-1744,-1167,600,3152,-295,241
IMU1,16001,165745864,-1711,-1142,681,3112,-360,152
IMU1,16002,165756605,-1804,-1158,626,3070,-366,67
IMU1,16003,165767154,-1692,-1157,907,3008,-303,33
IMU1,16004,165777689,-1661,-1136,800,2945,-92,17
IMU1,16005,165788007,-1607,-1083,702,2834,282,22
IMU1,16006,165798427,-1639,-1048,678,2683,663,34
IMU1,16007,165811402,-1764,-1012,728,2402,945,72
IMU1,16008,165821824,-1711,-1013,770,2286,927,99
IMU1,16009,165832263,-1692,-989,792,2173,892,101
IMU1,16010,165842697,-1815,-997,835,2059,888,82
IMU1,16011,165852929,-1939,-1048,896,1953,898,73
IMU1,16012,165863359,-2007,-1080,938,1852,895,86
IMU1,16013,165873798,-1987,-1052,971,1762,843,110
IMU1,16014,165884434,-1939,-1000,958,1686,730,120
IMU1,16015,165895076,-1884,-965,936,1621,586,107
IMU1,16016,165905495,-1850,-932,895,1564,455,82
IMU1,16017,165915732,-1866,-916,844,1504,363,62
IMU1,16018,165925971,-1901,-901,777,1437,312,60
IMU1,16019,165936743,-1904,-912,774,1299,322,122
IMU1,16020,165947173,-1915,-917,773,1241,354,117
IMU1,16021,165957625,-1901,-903,806,1192,394,119
IMU1,16022,165968066,-1888,-881,833,1159,422,117
IMU1,16023,165978492,-1857,-854,840,1155,415,108
IMU1,16024,165988920,-1842,-827,821,1169,364,90
IMU1,16025,165999150,-1848,-815,783,1190,276,62
IMU1,16026,166009401,-1854,-809,734,1201,170,35
IMU1,16027,166019634,-1844,-808,720,1192,91,11
IMU1,16028,166029662,-1856,-810,717,1150,94,-8
IMU1,16029,166039596,-1872,-809,708,1080,178,-14
IMU1,16030,166049932,-1866,-792,710,1000,280,-7
IMU1,16031,166060069,-1847,-762,691,914,330,-3
IMU1,16032,166071568,-1853,-721,689,763,299,-11
IMU1,16033,166081711,-1926,-745,725,684,278,-4
IMU1,16034,166091639,-1988,-791,759,641,262,-13
IMU1,16035,166101782,-1995,-800,763,613,236,-10
IMU1,16036,166111915,-1961,-778,755,598,195,-2
IMU1,16037,166121877,-1913,-755,735,580,158,-10
IMU1,16038,166132025,-1873,-728,727,560,146,-40
IMU1,16039,166142161,-1840,-703,718,535,165,-84
IMU1,16040,166152298,-1803,-684,706,506,203,-133
IMU1,16041,166162622,-1793,-670,699,482,240,-183
IMU1,16042,166172940,-1804,-656,695,459,271,-226
IMU1,16043,166183268,-1818,-649,699,439,299,-249
IMU1,16044,166193594,-1845,-650,705,423,326,-248
IMU1,16045,166203931,-1858,-642,715,405,349,-229
IMU1,16046,166214265,-1862,-634,723,394,368,-198
IMU1,16047,166225132,-1701,-593,673,362,358,-126
IMU1,16048,166235466,-1831,-612,639,338,341,-129
IMU1,16049,166245815,-1853,-644,640,304,322,-148
IMU1,16050,166256145,-1916,-670,664,276,322,-159
IMU1,16051,166266486,-1952,-682,682,254,323,-124
IMU1,16052,166276814,-1904,-682,679,252,318,-72
IMU1,16053,166286959,-1885,-654,675,262,301,-27
IMU1,16054,166297104,-1888,-641,673,280,279,6
IMU1,16055,166306961,-1901,-652,670,303,246,27
IMU1,16056,166316999,-1897,-655,649,323,198,37
IMU1,16057,166327033,-1899,-646,631,336,146,36
IMU1,16058,166337084,-1867,-636,613,342,111,28
IMU1,16059,166347132,-1819,-624,580,340,98,9
IMU1,16060,166356790,-1873,-633,581,330,112,-25
IMU1,16061,166366943,-1898,-657,598,307,148,-42
IMU1,16062,166377092,-1877,-636,595,279,189,-35
IMU1,16063,166387246,-1990,-635,640,252,213,-23
IMU1,16064,166398421,-1919,-624,631,230,163,61
IMU1,16065,166408488,-1874,-616,615,225,110,74
IMU1,16066,166418511,-1868,-614,582,212,59,63
IMU1,16067,166428345,-1857,-623,570,190,33,33
IMU1,16068,166438172,-1871,-613,556,173,41,-3
IMU1,16069,166447908,-1876,-612,555,151,67,-25
IMU1,16070,166457851,-1884,-608,549,130,101,-34
IMU1,16071,166467976,-1895,-598,532,109,128,-31
IMU1,16072,166478095,-1900,-598,531,86,134,-18
IMU1,16073,166488016,-1898,-602,533,63,130,0
IMU1,16074,166497542,-1894,-597,531,45,127,8
IMU1,16075,166507175,-1880,-589,517,34,128,7
IMU1,16076,166516810,-1867,-586,501,24,133,-2
IMU1,16077,166526529,-1877,-573,486,11,143,-15
IMU1,16078,166536451,-1884,-580,491,-2,165,-25
IMU1,16079,166546263,-1903,-588,500,-9,178,-22
IMU1,16080,166556080,-1916,-593,499,-10,173,-4
IMU1,16081,166565900,-1927,-590,494,-2,149,21
IMU1,16082,166575618,-1922,-597,484,11,117,46
IMU1,16083,166585440,-1923,-595,490,31,83,66
IMU1,16084,166595064,-1915,-602,498,59,58,77
IMU1,16085,166604700,-1895,-590,495,85,42,82
IMU1,16086,166614341,-1889,-582,488,107,32,78
IMU1,16087,166624177,-1880,-568,479,128,26,67
IMU1,16088,166634001,-1889,-560,468,140,12,56
IMU1,16089,166643825,-1911,-573,482,144,-4,52
IMU1,16090,166653557,-1914,-563,466,140,-16,56
IMU1,16091,166663495,-1929,-576,473,135,-14,66
IMU1,16092,166673422,-1921,-574,454,124,-4,81
IMU1,16093,166683146,-1919,-566,459,112,9,96
IMU1,16094,166692789,-1906,-555,456,91,29,108
IMU1,16095,166702632,-1900,-553,452,71,51,109
IMU1,16096,166712483,-1901,-549,451,55,70,104
IMU1,16097,166722313,-1907,-542,456,38,89,93
IMU1,16098,166731948,-1905,-536,454,25,105,81
IMU1,16099,166741784,-1914,-530,458,11,118,68
IMU1,16100,166751619,-1944,-528,453,5,121,59
IMU1,16101,166761258,-1963,-531,462,-5,113,62
IMU1,16102,166770988,-1970,-530,464,-9,91,76
IMU1,16103,166780531,-1963,-519,459,-7,60,92
IMU1,16104,166790072,-1964,-501,439,-1,33,105
IMU1,16105,166799800,-1959,-497,419,2,10,119
IMU1,16106,166811993,-1951,-503,397,-5,4,143
IMU1,16107,166821530,-1936,-500,389,-6,24,150
IMU1,16108,166831260,-1933,-485,379,-7,45,147
IMU1,16109,166840987,-1940,-487,354,-7,53,142
IMU1,16110,166850707,-1941,-488,334,-5,44,134
IMU1,16111,166860429,-1952,-492,322,-5,28,128
IMU1,16112,166870163,-1947,-499,314,-6,27,128
IMU1,16113,166879903,-1950,-504,309,-7,44,127
IMU1,16114,166889652,-1960,-500,308,-8,72,132
IMU1,16115,166899384,-1971,-503,299,1,94,137
IMU1,16116,166909023,-1968,-501,279,9,95,146
IMU1,16117,166918674,-1960,-495,263,16,84,153
IMU1,16118,166928498,-1966,-498,254,19,69,158
IMU1,16119,166938322,-1972,-509,246,18,65,166
IMU1,16120,166948146,-1968,-524,239,19,81,171
IMU1,16121,166957975,-1964,-533,212,18,111,176
IMU1,16122,166968011,-1968,-534,188,11,140,184
IMU1,16123,166978032,-1973,-546,179,1,169,193
IMU1,16124,166987860,-1985,-558,180,-9,197,203
IMU1,16125,166997794,-2003,-568,206,-9,221,215
IMU1,16126,167007721,-2009,-578,225,3,245,226
IMU1,16127,167017564,-1987,-578,240,25,266,234
IMU1,16128,167027606,-1975,-567,234,58,284,234
IMU1,16129,167037646,-1963,-573,241,93,289,228
IMU1,16130,167047684,-1950,-592,265,130,278,222
IMU1,16131,167057915,-1957,-595,297,165,251,215
IMU1,16132,167068160,-1983,-620,345,201,217,222
IMU1,16133,167078391,-1986,-657,372,230,183,241
IMU1,16134,167088639,-1964,-673,396,260,140,263
IMU1,16135,167098885,-1943,-687,459,271,93,275
IMU1,16136,167109964,-1941,-758,501,262,33,293
IMU1,16137,167120019,-1949,-798,560,234,56,313
IMU1,16138,167130046,-1962,-818,624,197,128,327
IMU1,16139,167140267,-1937,-815,706,141,228,344
IMU1,16140,167150494,-1916,-858,817,58,335,355
IMU1,16141,167160534,-1934,-887,937,-39,422,358
IMU1,16142,167170665,-1961,-943,1082,-153,474,360
IMU1,16143,167181191,-1984,-1009,1232,-277,507,361
IMU1,16144,167191922,-2017,-1077,1403,-423,559,371
IMU1,16145,167202667,-2018,-1153,1560,-584,622,384
IMU1,16146,167213400,-1953,-1194,1743,-757,654,383
IMU1,16147,167224142,-1864,-1281,2121,-923,633,355
IMU1,16148,167234875,-1874,-1335,2286,-1204,500,241
IMU1,16149,167245805,-1921,-1434,2416,-1330,416,174
IMU1,16150,167256725,-1986,-1513,2512,-1474,316,113
IMU1,16151,167267677,-2048,-1519,2602,-1645,206,61
IMU1,16152,167278412,-2076,-1519,2701,-1844,171,-4
IMU1,16153,167289051,-2179,-1500,2892,-2048,204,-92
IMU1,16154,167299881,-2351,-1466,3152,-2223,202,-205
IMU1,16155,167310921,-2727,-1239,3719,-2327,81,-527
IMU1,16156,167321769,-2943,-1056,4001,-2245,-425,-721
IMU1,16157,167332877,-3189,-878,4198,-2100,-671,-917
IMU1,16158,167343823,-3545,-637,4374,-1916,-930,-1121
IMU1,16159,167354985,-3920,-276,4452,-1758,-1272,-1316
IMU1,16160,167366334,-4289,123,4472,-1665,-1664,-1454
IMU1,16161,167377565,-4659,576,4425,-1653,-2091,-1545
IMU1,16162,167388806,-5018,1504,3886,-1915,-3092,-1650
IMU1,16163,167400247,-5159,2054,3404,-2220,-3528,-1671
IMU1,16164,167411683,-5101,2477,2873,-2664,-3854,-1675
IMU1,16165,167423132,-4943,2771,2382,-3231,-4035,-1674
IMU1,16166,167434594,-4822,3015,1989,-3867,-3985,-1680
IMU1,16167,167446032,-4617,3400,1187,-5205,-3449,-1728
IMU1,16168,167457463,-4568,3447,786,-5889,-3085,-1755
IMU1,16169,167468704,-4559,3396,509,-6535,-2724,-1767
IMU1,16170,167479947,-4547,3312,320,-7107,-2421,-1754
IMU1,16171,167491203,-4393,3210,191,-7576,-2215,-1735
IMU1,16172,167502445,-4122,3123,87,-7911,-2099,-1747
IMU1,16173,167513495,-3364,2924,-166,-8236,-2007,-1925
IMU1,16174,167524833,-3030,2761,-241,-8276,-1911,-2090
IMU1,16175,167536182,-2889,2604,-277,-8242,-1790,-2263
IMU1,16176,167547503,-2772,2474,-365,-8129,-1667,-2392
IMU1,16177,167558848,-2646,2332,-477,-7964,-1555,-2453
IMU1,16178,167570193,-2558,2248,-778,-7763,-1426,-2445
IMU1,16179,167581541,-2089,2076,-891,-7232,-1060,-2325
IMU1,16180,167592880,-1864,1940,-996,-6870,-870,-2255
IMU1,16181,167604023,-1616,1840,-1159,-6443,-679,-2192
IMU1,16182,167615346,-1421,1726,-1444,-5997,-513,-2129
IMU1,16183,167626695,-1220,1620,-1744,-5565,-401,-2060
IMU1,16184,167638029,-851,1325,-2048,-5169,-268,-1922
IMU1,16185,167649154,-718,1179,-2067,-4390,-126,-1837
IMU1,16186,167660307,-673,1019,-2045,-3955,75,-1742
IMU1,16187,167671154,-628,901,-2037,-3503,274,-1614
IMU1,16188,167682009,-641,798,-2067,-3026,399,-1466
IMU1,16189,167692839,-580,719,-2140,-2567,388,-1307
IMU1,16190,167703657,-562,672,-2234,-2145,237,-1147
IMU1,16191,167714508,-639,517,-2336,-1761,6,-981
IMU1,16192,167725278,-657,420,-2435,-1110,-430,-637
IMU1,16193,167736026,-633,298,-2445,-832,-569,-467
IMU1,16194,167746559,-605,168,-2452,-571,-618,-310
IMU1,16195,167757106,-632,61,-2407,-323,-548,-163
IMU1,16196,167767437,-675,-25,-2362,-69,-385,-15
IMU1,16197,167777470,-705,-105,-2316,170,-179,125
IMU1,16198,167787879,-764,-176,-2221,378,-5,254
IMU1,16199,167797901,-823,-230,-2128,566,102,374
IMU1,16200,167808225,-875,-268,-2037,722,138,478
# swing_peak_seq=16174
IMU1,16201,167821097,-1047,-386,-1874,946,54,661
IMU1,16202,167831423,-1139,-453,-1821,1021,5,748
IMU1,16203,167841761,-1194,-503,-1742,1075,-29,826
IMU1,16204,167852374,-1270,-532,-1640,1113,-48,905
IMU1,16205,167863008,-1313,-551,-1586,1140,-44,981
IMU1,16206,167873639,-1306,-560,-1525,1162,-11,1044
IMU1,16207,167884451,-1304,-561,-1478,1171,47,1089
IMU1,16208,167895184,-1271,-556,-1426,1171,127,1109
IMU1,16209,167906125,-1242,-566,-1363,1172,210,1095
IMU1,16210,167917055,-1121,-572,-1200,1191,345,974
IMU1,16211,167927794,-1005,-557,-1101,1227,420,855
IMU1,16212,167938540,-804,-576,-1018,1284,469,700
IMU1,16213,167949047,-740,-611,-1182,1362,516,435
IMU1,16214,167959566,-1779,-740,-1424,1366,600,240
IMU1,16215,167970287,-1721,-774,-1130,1296,629,357
IMU1,16216,167981010,-1412,-763,-953,1265,582,578
IMU1,16217,167991549,-1336,-733,-848,1293,549,799
IMU1,16218,168002081,-1396,-714,-861,1361,527,1001
IMU1,16219,168012783,-1318,-860,-953,1431,475,1190
IMU1,16220,168023523,-1206,-928,-895,1514,301,1483
IMU1,16221,168034243,-1195,-921,-829,1567,302,1559
IMU1,16222,168044970,-1249,-909,-721,1635,391,1602
IMU1,16223,168055672,-1255,-928,-651,1731,507,1624
IMU1,16224,168066397,-1307,-939,-709,1826,573,1637
IMU1,16225,168077118,-1331,-913,-663,1904,560,1637
IMU1,16226,168087843,-1363,-899,-623,1974,483,1625
IMU1,16227,168098557,-1434,-905,-638,2041,357,1606
IMU1,16228,168109286,-1545,-1019,-612,2108,-50,1565
IMU1,16229,168120104,-1574,-1032,-521,2260,-310,1550
IMU1,16230,168131134,-1593,-1034,-472,2362,-537,1548
IMU1,16231,168142174,-1577,-1035,-460,2467,-675,1551
IMU1,16232,168153197,-1562,-1067,-427,2568,-721,1559
IMU1,16233,168164222,-1597,-1123,-389,2661,-702,1577
IMU1,16234,168175244,-1634,-1186,-360,2742,-645,1606
IMU1,16235,168186254,-1743,-1263,-307,2810,-487,1700
IMU1,16236,168197270,-1806,-1278,-261,2906,-383,1754
IMU1,16237,168208289,-1847,-1284,-225,2941,-284,1804
IMU1,16238,168219289,-1868,-1263,-178,2968,-196,1835
IMU1,16239,168230306,-1886,-1231,-139,2987,-129,1834
IMU1,16240,168241340,-1885,-1202,-96,2999,-76,1798
IMU1,16241,168251965,-1884,-1187,-24,3006,-41,1727
IMU1,16242,168262591,-1921,-1188,160,3014,-34,1632
IMU1,16243,168273830,-2026,-1219,242,3068,-84,1410
IMU1,16244,168284555,-2027,-1241,263,3107,-135,1306
IMU1,16245,168295479,-2002,-1203,229,3144,-199,1188
IMU1,16246,168306407,-1976,-1158,219,3158,-297,1074
IMU1,16247,168317342,-1951,-1112,236,3144,-410,967
IMU1,16248,168328090,-1941,-1068,238,3105,-492,870
IMU1,16249,168338810,-1931,-1048,283,3040,-515,789
IMU1,16250,168349539,-1986,-1034,474,2958,-485,680
IMU1,16251,168360260,-2024,-1008,557,2759,-213,685
IMU1,16252,168370977,-1966,-1030,534,2665,56,708
IMU1,16253,168381415,-1815,-1010,517,2560,360,720
IMU1,16254,168392050,-1839,-984,489,2461,560,703
IMU1,16255,168402480,-1909,-931,439,2369,612,685
IMU1,16256,168412919,-1875,-854,404,2290,640,662
IMU1,16257,168423345,-1839,-773,398,2218,672,622
IMU1,16258,168433798,-1888,-810,426,2134,676,577
IMU1,16259,168444229,-1904,-843,522,2045,687,538
IMU1,16260,168454660,-1910,-831,628,1967,778,502
IMU1,16261,168466132,-1983,-879,669,1848,1066,450
IMU1,16262,168476756,-2050,-868,653,1818,1072,458
IMU1,16263,168487390,-2050,-842,661,1801,991,479
IMU1,16264,168497816,-2066,-837,665,1810,868,504
IMU1,16265,168508247,-2074,-843,682,1842,740,526
IMU1,16266,168518677,-2084,-864,678,1888,607,551
IMU1,16267,168529110,-2068,-865,688,1952,473,568
IMU1,16268,168539547,-2040,-831,706,2023,340,568
IMU1,16269,168549981,-2102,-830,741,2098,216,555
IMU1,16270,168560430,-2093,-821,716,2175,90,547
IMU1,16271,168571707,-2039,-714,628,2223,-114,415
IMU1,16272,168582247,-2133,-743,612,2201,-158,346
IMU1,16273,168592785,-2101,-742,632,2162,-190,318
IMU1,16274,168603321,-2123,-676,548,2120,-234,308
IMU1,16275,168613851,-2106,-603,505,2045,-290,310
IMU1,16276,168624388,-2062,-578,498,1951,-316,314
IMU1,16277,168634930,-2090,-586,512,1836,-250,313
IMU1,16278,168645470,-2015,-560,459,1693,-88,322
IMU1,16279,168655788,-2020,-525,466,1526,116,328
IMU1,16280,168666217,-2017,-497,476,1356,296,323
IMU1,16281,168677689,-1966,-416,508,1035,440,272
IMU1,16282,168688120,-1988,-399,504,904,435,233
IMU1,16283,168698357,-2013,-400,509,808,422,195
IMU1,16284,168708588,-2033,-398,514,737,413,171
IMU1,16285,168718825,-2052,-398,512,687,415,160
IMU1,16286,168729058,-2097,-409,532,654,423,159
IMU1,16287,168739292,-2113,-416,561,647,427,165
IMU1,16288,168749519,-2142,-406,562,663,417,178
IMU1,16289,168759760,-2121,-402,565,685,384,199
IMU1,16290,168769983,-2094,-380,556,719,328,210
IMU1,16291,168780212,-2080,-350,531,750,247,210
IMU1,16292,168790445,-2058,-324,499,772,147,201
IMU1,16293,168800672,-2074,-317,459,785,47,190
IMU1,16294,168810702,-2118,-345,477,783,-16,188
IMU1,16295,168823387,-2128,-357,505,758,14,206
IMU1,16296,168833419,-2128,-347,520,753,70,208
IMU1,16297,168843452,-2110,-323,533,751,87,210
IMU1,16298,168853486,-2098,-303,502,757,56,197
IMU1,16299,168863524,-2118,-273,491,755,-12,182
IMU1,16300,168873653,-2076,-259,445,739,-70,180
IMU1,16301,168883780,-2038,-245,431,704,-78,180
IMU1,16302,168893906,-2113,-248,464,653,-29,185
IMU1,16303,168904037,-2094,-253,466,603,51,211
IMU1,16304,168914069,-2103,-261,480,561,119,241
IMU1,16305,168924300,-2081,-259,465,525,146,254
IMU1,16306,168934531,-2067,-253,478,493,129,247
IMU1,16307,168944760,-2055,-237,479,469,95,220
IMU1,16308,168954802,-2036,-212,462,449,59,173
IMU1,16309,168965888,-2043,-197,476,427,-8,50
IMU1,16310,168975599,-2065,-208,483,420,-39,-6
IMU1,16311,168985412,-2083,-216,500,425,-53,-56
IMU1,16312,168995432,-2063,-206,475,419,-55,-81
IMU1,16313,169005452,-2072,-211,506,412,-54,-97
IMU1,16314,169015470,-2057,-191,479,404,-61,-95
IMU1,16315,169025493,-2053,-177,475,392,-75,-84
IMU1,16316,169035515,-2034,-175,464,374,-86,-68
IMU1,16317,169045549,-2007,-153,436,347,-93,-50
IMU1,16318,169055571,-1986,-138,432,312,-81,-40
IMU1,16319,169065606,-1996,-165,421,270,-55,-34
IMU1,16320,169075616,-2011,-164,428,225,-17,-27
IMU1,16321,169085620,-2017,-168,437,184,28,-21
IMU1,16322,169095520,-2015,-171,447,148,64,-12
IMU1,16323,169105427,-2003,-169,446,117,78,-6
IMU1,16324,169115140,-1991,-166,450,91,73,-9
IMU1,16325,169124666,-1992,-164,454,75,58,-15
IMU1,16326,169134376,-1991,-167,458,65,41,-17
IMU1,16327,169144095,-1999,-175,451,62,21,-11
IMU1,16328,169153813,-2012,-170,447,64,2,3
IMU1,16329,169163039,-2019,-162,415,65,-18,26
IMU1,16330,169172762,-2006,-167,386,60,-35,49
IMU1,16331,169182472,-1987,-167,356,48,-38,60
IMU1,16332,169192193,-1974,-159,345,34,-20,55
IMU1,16333,169201913,-1972,-164,339,16,15,42
IMU1,16334,169211537,-1982,-166,353,3,61,25
IMU1,16335,169220961,-2004,-171,373,1,94,12
IMU1,16336,169230376,-2023,-170,401,7,104,8
IMU1,16337,169239801,-2022,-159,400,27,87,6
IMU1,16338,169249230,-2020,-146,395,52,48,9
IMU1,16339,169258654,-2030,-142,380,74,5,5
IMU1,16340,169267886,-2034,-133,353,90,-33,8
IMU1,16341,169277402,-2028,-133,336,97,-49,11
IMU1,16342,169287129,-2028,-130,327,95,-48,14
IMU1,16343,169296841,-2027,-125,315,90,-37,18
IMU1,16344,169306554,-2019,-126,308,84,-26,20
IMU1,16345,169316276,-2017,-118,290,76,-18,22
IMU1,16346,169326002,-2010,-109,282,66,-18,26
IMU1,16347,169335723,-2000,-112,273,59,-15,29
IMU1,16348,169345445,-2032,-111,278,54,-6,27
IMU1,16349,169354965,-2036,-122,280,57,9,29
IMU1,16350,169364393,-2031,-115,294,66,17,40
IMU1,16351,169374032,-2022,-101,300,75,24,48
IMU1,16352,169383665,-2007,-98,293,89,26,49
IMU1,16353,169393096,-1997,-97,302,104,25,40
IMU1,16354,169402733,-2005,-95,303,115,18,30
IMU1,16355,169412370,-2024,-93,316,123,8,26
IMU1,16356,169421802,-2039,-97,312,130,5,28
IMU1,16357,169431235,-2044,-100,314,132,5,37
IMU1,16358,169440870,-2045,-94,314,129,7,47
IMU1,16359,169450302,-2059,-94,318,124,10,57
IMU1,16360,169459941,-2049,-98,315,114,13,66
IMU1,16361,169469578,-2036,-96,314,104,20,66
IMU1,16362,169479223,-2032,-95,312,92,38,56
IMU1,16363,169488657,-2049,-98,317,77,72,43
IMU1,16364,169498088,-2065,-106,329,65,120,29
IMU1,16365,169507900,-2083,-110,339,47,166,19
IMU1,16366,169517720,-2083,-117,345,30,195,10
IMU1,16367,169527554,-2093,-108,368,20,195,-4
IMU1,16368,169537284,-2090,-105,367,18,164,-16
IMU1,16369,169547191,-2083,-113,364,18,115,-29
IMU1,16370,169557126,-2074,-116,350,15,68,-36
IMU1,16371,169566862,-2066,-115,338,12,42,-40
IMU1,16372,169576596,-2050,-105,316,10,33,-40
IMU1,16373,169586322,-2026,-95,299,0,36,-40
IMU1,16374,169595553,-2010,-99,286,-10,49,-41
IMU1,16375,169605176,-2004,-99,272,-20,61,-41
IMU1,16376,169614777,-1993,-96,259,-29,76,-39
IMU1,16377,169624398,-1985,-94,251,-37,93,-35
IMU1,16378,169634016,-1990,-100,248,-43,113,-25
IMU1,16379,169644023,-2003,-113,267,-45,141,-14
IMU1,16380,169654029,-2022,-117,269,-39,166,-3
IMU1,16381,169663844,-2055,-126,242,-34,177,12
IMU1,16382,169673767,-2062,-144,191,-38,162,29
IMU1,16383,169683684,-2054,-165,174,-51,143,47
IMU1,16384,169693592,-2059,-204,177,-69,159,60
IMU1,16385,169703520,-2055,-245,190,-77,209,68
IMU1,16386,169713443,-2069,-271,200,-76,261,68
IMU1,16387,169723374,-2083,-317,208,-68,285,59
IMU1,16388,169733305,-2106,-372,226,-50,273,40
IMU1,16389,169743231,-2125,-423,244,-23,232,23
IMU1,16390,169753152,-2161,-541,273,16,191,-3
IMU1,16391,169764452,-2247,-597,328,77,128,-53
IMU1,16392,169774377,-2338,-662,399,115,130,-78
IMU1,16393,169784518,-2445,-735,474,160,151,-88
IMU1,16394,169794640,-2486,-826,548,201,180,-88
IMU1,16395,169804753,-2460,-901,575,244,175,-98
IMU1,16396,169814894,-2423,-941,601,270,118,-140
IMU1,16397,169827988,-2372,-999,659,280,33,-214
IMU1,16398,169838127,-2351,-1070,726,275,-36,-306
IMU1,16399,169848565,-2413,-1140,810,249,-46,-398
IMU1,16400,169858988,-2469,-1260,1036,201,22,-472
IMU1,16401,169870039,-2525,-1279,1199,41,382,-616
IMU1,16402,169880591,-2656,-1316,1434,-43,586,-696
IMU1,16403,169891224,-2725,-1422,1633,-148,749,-769
IMU1,16404,169902046,-2735,-1488,1851,-267,776,-849
IMU1,16405,169912885,-2791,-1463,2084,-396,616,-951
IMU1,16406,169923723,-2850,-1429,2274,-527,299,-1069
IMU1,16407,169934750,-2872,-1368,2455,-659,-105,-1207
IMU1,16408,169945867,-2835,-1196,2763,-785,-454,-1554
IMU1,16409,169957001,-2873,-1075,2889,-1023,-444,-1752
IMU1,16410,169968331,-2905,-928,3017,-1183,7,-1972
IMU1,16411,169978975,-3118,-724,3194,-1409,442,-2223
IMU1,16412,169990037,-3456,-506,3445,-1677,564,-2495
IMU1,16413,170001063,-3833,-314,3739,-1945,263,-2745
IMU1,16414,170012100,-4199,-52,3895,-2175,-336,-2927
IMU1,16415,170023026,-4327,623,3604,-2374,-1727,-3050
IMU1,16416,170034273,-4256,947,3260,-2902,-2174,-3051
IMU1,16417,170045518,-4157,1233,2967,-3295,-2367,-3059
IMU1,16418,170056963,-4110,1520,2755,-3745,-2405,-3081
IMU1,16419,170068402,-4118,1812,2461,-4223,-2362,-3130
IMU1,16420,170079847,-4121,2107,2150,-4716,-2328,-3193
IMU1,16421,170091315,-4202,2531,1465,-5666,-2454,-3296
IMU1,16422,170102755,-4148,2660,1121,-6088,-2591,-3295
IMU1,16423,170114186,-3924,2715,810,-6432,-2673,-3303
IMU1,16424,170125417,-3607,2723,568,-6714,-2667,-3315
IMU1,16425,170136658,-3321,2717,374,-6906,-2541,-3346
IMU1,16426,170147910,-2998,2654,145,-6997,-2337,-3456
IMU1,16427,170159155,-3091,2549,118,-6861,-1954,-3456
IMU1,16428,170170415,-2959,2434,-15,-6648,-1801,-3382
IMU1,16429,170181544,-2723,2407,-253,-6399,-1750,-3288
IMU1,16430,170192888,-2489,2422,-518,-6141,-1798,-3207
IMU1,16431,170204216,-2262,2364,-731,-5885,-1875,-3129
IMU1,16432,170215563,-1841,2131,-962,-5369,-1922,-2933
IMU1,16433,170226899,-1619,1994,-1142,-5103,-1894,-2817
IMU1,16434,170238451,-1451,1799,-1500,-4860,-1895,-2716
IMU1,16435,170250001,-1281,1749,-2029,-4688,-1949,-2597
IMU1,16436,170261516,-1165,1685,-2498,-4613,-1965,-2455
IMU1,16437,170273050,-988,1354,-2932,-4588,-1563,-2052
IMU1,16438,170284384,-867,1186,-2858,-4380,-1052,-1802
IMU1,16439,170295723,-696,1080,-2728,-4098,-420,-1562
IMU1,16440,170306851,-578,984,-2646,-3685,187,-1388
IMU1,16441,170317677,-493,866,-2619,-3180,583,-1269
IMU1,16442,170328520,-419,768,-2624,-2643,684,-1185
IMU1,16443,170339348,-450,689,-2577,-2096,540,-1102
IMU1,16444,170350184,-591,577,-2579,-1060,-32,-808
IMU1,16445,170360716,-666,547,-2573,-584,-306,-591
IMU1,16446,170371257,-731,480,-2572,-168,-546,-343
IMU1,16447,170381775,-759,379,-2581,192,-720,-98
IMU1,16448,170392013,-789,270,-2546,499,-828,130
IMU1,16449,170402366,-841,149,-2496,756,-875,334
IMU1,16450,170412682,-904,25,-2416,960,-862,519
IMU1,16451,170422805,-970,-85,-2351,1124,-807,685
IMU1,16452,170433215,-1054,-173,-2283,1251,-727,827
# swing_peak_seq=16426
IMU1,16453,170444029,-1154,-248,-2206,1340,-642,951
IMU1,16454,170454849,-1261,-303,-2115,1400,-551,1054
IMU1,16455,170465880,-1394,-401,-1956,1459,-358,1193
IMU1,16456,170476899,-1389,-414,-1873,1468,-265,1211
IMU1,16457,170487908,-1374,-397,-1799,1484,-185,1188
IMU1,16458,170498934,-1357,-384,-1713,1498,-110,1134
IMU1,16459,170509945,-1350,-410,-1611,1515,-33,1069
IMU1,16460,170520762,-1327,-454,-1520,1539,53,1007
IMU1,16461,170531485,-1336,-490,-1422,1568,156,956
IMU1,16462,170542220,-1364,-596,-1268,1602,270,928
IMU1,16463,170552949,-1404,-632,-1221,1665,452,956
IMU1,16464,170563691,-1443,-657,-1177,1686,497,1000
IMU1,16465,170574596,-1454,-698,-1108,1706,532,1042
IMU1,16466,170585519,-1427,-717,-1062,1732,559,1077
IMU1,16467,170596466,-1364,-711,-1039,1761,587,1080
IMU1,16468,170607400,-1315,-723,-1062,1793,614,1043
IMU1,16469,170618324,-1382,-780,-1044,1823,653,981
IMU1,16470,170629053,-1604,-896,-990,1877,771,948
IMU1,16471,170639591,-1598,-933,-932,1903,824,1020
IMU1,16472,170650339,-1577,-947,-893,1933,848,1119
IMU1,16473,170661074,-1600,-978,-864,1962,843,1218
IMU1,16474,170671797,-1639,-999,-849,1991,809,1312
IMU1,16475,170682534,-1627,-1003,-819,2014,761,1402
IMU1,16476,170693458,-1601,-1015,-797,2033,726,1472
IMU1,16477,170704391,-1547,-1051,-691,2057,716,1511
IMU1,16478,170715336,-1526,-1092,-593,2103,724,1447
IMU1,16479,170726283,-1599,-1118,-603,2273,727,1370
IMU1,16480,170737234,-1647,-1131,-597,2354,638,1305
IMU1,16481,170748173,-1666,-1139,-572,2433,501,1251
IMU1,16482,170759107,-1664,-1118,-554,2494,366,1216
IMU1,16483,170770044,-1663,-1106,-549,2541,282,1190
IMU1,16484,170780979,-1647,-1135,-514,2574,252,1160
IMU1,16485,170791901,-1584,-1171,-407,2594,250,1122
IMU1,16486,170802840,-1551,-1160,-344,2614,270,994
IMU1,16487,170813583,-1564,-1144,-268,2627,280,913
IMU1,16488,170824312,-1572,-1104,-210,2635,278,830
IMU1,16489,170837602,-1698,-1211,-170,2647,251,751
IMU1,16490,170848324,-1867,-1413,-126,2647,192,730
IMU1,16491,170859041,-1856,-1323,-60,2646,143,787
IMU1,16492,170870092,-1726,-1337,-43,2639,185,917
IMU1,16493,170880622,-1665,-1295,-76,2626,218,934
IMU1,16494,170891139,-1596,-1289,-49,2604,235,918
IMU1,16495,170901667,-1559,-1343,13,2577,256,870
IMU1,16496,170912103,-1576,-1362,60,2550,295,806
IMU1,16497,170922534,-1658,-1355,103,2516,348,749
IMU1,16498,170933172,-1686,-1362,73,2477,412,715
IMU1,16499,170943609,-1678,-1412,234,2423,483,702
IMU1,16500,170954255,-1691,-1416,200,2374,571,693
IMU1,16501,170964898,-1680,-1391,206,2319,644,685
IMU1,16502,170976048,-1592,-1369,210,2204,688,634
IMU1,16503,170986688,-1582,-1362,231,2142,702,583
IMU1,16504,170997341,-1581,-1383,249,2075,726,499
IMU1,16505,171007995,-1606,-1398,267,2013,779,416
IMU1,16506,171018660,-1615,-1395,278,1943,855,355
IMU1,16507,171029290,-1616,-1398,300,1874,945,300
IMU1,16508,171039933,-1621,-1403,334,1817,1014,251
IMU1,16509,171050778,-1639,-1406,377,1774,1045,211
IMU1,16510,171061602,-1653,-1410,427,1747,964,165
IMU1,16511,171072225,-1648,-1398,428,1741,886,161
IMU1,16512,171082841,-1633,-1394,413,1747,801,157
IMU1,16513,171093475,-1624,-1388,397,1750,723,135
IMU1,16514,171104115,-1634,-1384,384,1743,671,121
IMU1,16515,171114749,-1641,-1378,389,1728,659,123
IMU1,16516,171125383,-1658,-1377,405,1703,678,134
IMU1,16517,171136021,-1692,-1378,447,1678,694,157
IMU1,16518,171146639,-1686,-1374,472,1662,681,178
IMU1,16519,171157271,-1652,-1340,507,1653,627,190
IMU1,16520,171168437,-1658,-1342,517,1634,496,180
IMU1,16521,171179067,-1623,-1333,485,1624,435,167
IMU1,16522,171189697,-1572,-1318,481,1594,382,144
IMU1,16523,171200354,-1545,-1285,460,1554,345,110
IMU1,16524,171210984,-1551,-1268,451,1499,333,77
IMU1,16525,171221439,-1634,-1268,407,1431,343,54
IMU1,16526,171231872,-1672,-1261,377,1337,364,68
IMU1,16527,171242317,-1689,-1245,396,1227,402,115
IMU1,16528,171252947,-1727,-1234,419,1115,446,179
IMU1,16529,171263587,-1730,-1242,468,1006,516,306
IMU1,16530,171274242,-1713,-1242,487,803,502,343
IMU1,16531,171284664,-1690,-1249,480,730,467,320
IMU1,16532,171295090,-1689,-1260,477,670,428,277
IMU1,16533,171305527,-1701,-1255,489,617,401,233
IMU1,16534,171315968,-1711,-1258,496,579,394,182
IMU1,16535,171326409,-1707,-1247,490,551,380,130
IMU1,16536,171336848,-1776,-1261,486,526,344,85
IMU1,16537,171347081,-1777,-1250,455,497,302,73
IMU1,16538,171357333,-1689,-1217,450,472,284,69
IMU1,16539,171367582,-1720,-1204,444,439,287,43
IMU1,16540,171377820,-1860,-1259,413,410,289,16
IMU1,16541,171388057,-1902,-1230,448,368,268,32
IMU1,16542,171399344,-1815,-1194,440,293,240,137
IMU1,16543,171409789,-1820,-1184,430,251,239,169
IMU1,16544,171420230,-1840,-1191,414,224,213,174
IMU1,16545,171430663,-1839,-1187,404,198,162,168
IMU1,16546,171441093,-1820,-1171,383,178,105,149
IMU1,16547,171451532,-1780,-1152,365,168,67,121
IMU1,16548,171461770,-1753,-1130,341,157,59,90
IMU1,16549,171471814,-1725,-1107,323,142,73,59
IMU1,16550,171481864,-1720,-1097,314,128,96,31
IMU1,16551,171491908,-1723,-1092,314,113,118,15
IMU1,16552,171502160,-1748,-1081,316,95,127,12
IMU1,16553,171512210,-1753,-1080,299,84,120,24
IMU1,16554,171522265,-1739,-1085,280,64,104,34
IMU1,16555,171532292,-1727,-1073,257,44,90,44
IMU1,16556,171543169,-1722,-1070,257,15,94,50
IMU1,16557,171553005,-1717,-1076,273,10,115,50
IMU1,16558,171563041,-1729,-1074,278,15,130,42
IMU1,16559,171573077,-1747,-1068,283,26,129,39
IMU1,16560,171583115,-1754,-1073,287,45,112,39
IMU1,16561,171593163,-1757,-1063,271,65,86,43
IMU1,16562,171603004,-1756,-1062,251,79,58,47
IMU1,16563,171612846,-1748,-1065,239,86,42,49
IMU1,16564,171622675,-1766,-1054,235,85,42,51
IMU1,16565,171632496,-1743,-1051,230,81,52,53
IMU1,16566,171642331,-1722,-1046,231,76,58,42
IMU1,16567,171652171,-1732,-1042,224,68,54,27
IMU1,16568,171662000,-1735,-1045,226,61,48,12
IMU1,16569,171671836,-1731,-1040,224,55,49,-4
IMU1,16570,171681579,-1739,-1034,217,52,60,-17
IMU1,16571,171691516,-1743,-1036,217,48,74,-24
IMU1,16572,171701464,-1736,-1022,222,39,93,-28
IMU1,16573,171711404,-1742,-1010,225,30,103,-32
IMU1,16574,171721539,-1781,-1025,243,25,97,-34
IMU1,16575,171731474,-1814,-1042,261,28,67,-23
IMU1,16576,171741401,-1800,-1038,283,38,26,0
IMU1,16577,171750946,-1752,-1024,285,64,-12,17
IMU1,16578,171760878,-1663,-1008,272,101,-37,8
IMU1,16579,171770805,-1596,-1009,274,142,-51,-41
IMU1,16580,171781045,-1688,-1052,230,177,-53,-123
IMU1,16581,171791466,-1973,-1097,167,189,-55,-174
IMU1,16582,171801887,-1892,-1056,227,172,-73,-115
IMU1,16583,171812832,-1873,-1048,225,123,-43,116
IMU1,16584,171823162,-1799,-1027,223,88,-20,211
IMU1,16585,171833306,-1732,-1022,182,55,-15,257
IMU1,16586,171845995,-1673,-1021,163,18,-8,252
IMU1,16587,171855928,-1646,-1011,161,-12,30,201
IMU1,16588,171866055,-1676,-1004,162,-31,88,129
IMU1,16589,171876180,-1746,-1014,178,-38,136,59
IMU1,16590,171886312,-1777,-1029,194,-41,153,12
IMU1,16591,171896451,-1774,-1024,215,-35,143,-16
IMU1,16592,171906681,-1783,-1022,216,-16,122,-34
IMU1,16593,171916907,-1787,-1029,156,2,97,-45
IMU1,16594,171928205,-1756,-1008,123,15,45,-30
IMU1,16595,171938145,-1748,-1002,109,9,49,-26
IMU1,16596,171947883,-1748,-1004,94,-6,69,-15
IMU1,16597,171957525,-1741,-1013,93,-21,106,-13
IMU1,16598,171967563,-1737,-1025,87,-38,143,-8
IMU1,16599,171977413,-1708,-1026,105,-51,172,-7
IMU1,16600,171987456,-1705,-1031,113,-56,189,-15
IMU1,16601,171997692,-1742,-1050,125,-49,186,-26
IMU1,16602,172007928,-1806,-1063,137,-37,161,-23
IMU1,16603,172018156,-1838,-1068,123,-18,121,9
IMU1,16604,172028100,-1831,-1067,112,-4,72,64
IMU1,16605,172037857,-1828,-1057,114,6,24,129
IMU1,16606,172047674,-1792,-1059,102,13,2,191
IMU1,16607,172057498,-1752,-1051,81,9,8,231
IMU1,16608,172066938,-1733,-1047,68,1,37,243
IMU1,16609,172076565,-1726,-1053,68,-16,79,230
IMU1,16610,172086492,-1732,-1063,75,-38,126,201
IMU1,16611,172096608,-1725,-1055,81,-58,169,156
IMU1,16612,172106721,-1723,-1038,79,-78,197,108
IMU1,16613,172116852,-1738,-1030,82,-96,208,62
IMU1,16614,172126775,-1767,-1032,97,-109,205,28
IMU1,16615,172136899,-1771,-1027,100,-112,192,18
IMU1,16616,172147219,-1759,-1024,84,-111,179,25
IMU1,16617,172157338,-1743,-1019,79,-106,166,43
IMU1,16618,172168514,-1722,-1036,73,-91,177,101
IMU1,16619,172178635,-1687,-1035,60,-73,184,130
IMU1,16620,172188761,-1660,-1036,55,-59,192,144
IMU1,16621,172198892,-1639,-1051,83,-38,199,155
IMU1,16622,172209009,-1632,-1072,121,-8,204,158
IMU1,16623,172219131,-1608,-1085,171,32,196,152
IMU1,16624,172229362,-1612,-1102,228,84,168,137
IMU1,16625,172239589,-1653,-1131,286,149,121,125
IMU1,16626,172250016,-1693,-1174,331,222,51,134
IMU1,16627,172260245,-1710,-1211,380,295,-38,172
IMU1,16628,172270575,-1687,-1261,418,363,-131,233
IMU1,16629,172281107,-1665,-1298,473,414,-213,304
IMU1,16630,172291642,-1621,-1344,524,443,-256,366
IMU1,16631,172302164,-1511,-1493,679,447,-113,455
IMU1,16632,172312704,-1539,-1566,817,406,58,491
IMU1,16633,172322957,-1573,-1629,975,382,215,533
IMU1,16634,172333404,-1595,-1654,1151,367,339,557
IMU1,16635,172344063,-1640,-1668,1318,346,409,563
IMU1,16636,172354693,-1669,-1720,1502,322,395,546
IMU1,16637,172365338,-1696,-1764,1680,301,262,505
IMU1,16638,172375966,-1673,-1791,1816,265,73,442
IMU1,16639,172386417,-1664,-1814,1930,198,-68,362
IMU1,16640,172396950,-1821,-1823,2131,102,-127,276
IMU1,16641,172407679,-2084,-1673,2556,-18,-162,204
IMU1,16642,172418302,-2233,-1513,2719,-315,-269,-3
IMU1,16643,172428841,-2403,-1339,2883,-511,-345,-159
IMU1,16644,172439747,-2564,-1228,3062,-733,-347,-361
IMU1,16645,172450678,-2855,-1087,3229,-986,-357,-571
IMU1,16646,172461595,-3236,-887,3378,-1266,-495,-764
IMU1,16647,172472524,-3626,-672,3561,-1564,-839,-933
IMU1,16648,172483454,-3937,-470,3840,-1852,-1277,-1082
IMU1,16649,172494775,-4413,-37,4183,-2303,-1969,-1377
IMU1,16650,172505898,-4627,226,4226,-2492,-2307,-1523
IMU1,16651,172517139,-4826,527,4111,-2670,-2654,-1676
IMU1,16652,172528376,-5004,867,3830,-2893,-3006,-1798
IMU1,16653,172539624,-5126,1213,3417,-3218,-3282,-1881
IMU1,16654,172551054,-5239,1574,2995,-3667,-3498,-1939
IMU1,16655,172562497,-5533,2100,2187,-4805,-3762,-2014
IMU1,16656,172573934,-5616,2351,1692,-5433,-3841,-2027
IMU1,16657,172585378,-5617,2586,1179,-6055,-3904,-2051
IMU1,16658,172596821,-5508,2745,701,-6658,-3942,-2104
IMU1,16659,172608061,-5291,2898,221,-7216,-3942,-2188
IMU1,16660,172619285,-4568,2977,-550,-7719,-3811,-2307
IMU1,16661,172630640,-4259,3048,-840,-8522,-3186,-2695
IMU1,16662,172641989,-3829,3057,-1047,-8807,-2711,-2979
IMU1,16663,172653535,-3551,2964,-1208,-8984,-2256,-3328
IMU1,16664,172665069,-3297,2904,-1368,-9036,-1911,-3676
IMU1,16665,172676617,-2947,2831,-1489,-8971,-1663,-3970
IMU1,16666,172688158,-2459,2550,-1352,-8346,-1090,-4282
IMU1,16667,172699692,-2268,2392,-1336,-7731,-660,-4248
IMU1,16668,172711028,-2062,2293,-1520,-6959,-254,-4124
IMU1,16669,172722373,-1740,2312,-1899,-6163,-78,-3935
IMU1,16670,172733532,-1423,2281,-2271,-5440,-212,-3728
IMU1,16671,172744873,-828,1920,-2470,-4208,-868,-3250
IMU1,16672,172756008,-633,1712,-2389,-3602,-1066,-2970
IMU1,16673,172767352,-475,1577,-2355,-2980,-1154,-2673
IMU1,16674,172778719,-333,1528,-2413,-2379,-1201,-2389
IMU1,16675,172790072,-251,1462,-2487,-1827,-1256,-2121
IMU1,16676,172801415,-234,1337,-2548,-1337,-1304,-1853
IMU1,16677,172812728,-261,984,-2556,-512,-1292,-1241
IMU1,16678,172823655,-307,805,-2537,-161,-1210,-886
IMU1,16679,172834379,-363,663,-2512,169,-1093,-533
IMU1,16680,172847568,-418,527,-2473,449,-984,-191
IMU1,16681,172858001,-486,387,-2412,687,-896,118
IMU1,16682,172868311,-582,244,-2347,889,-825,392
IMU1,16683,172878639,-670,-46,-2257,1049,-791,633
IMU1,16684,172889590,-791,-169,-2178,1278,-775,987
IMU1,16685,172900236,-891,-254,-2083,1359,-742,1104
IMU1,16686,172911062,-969,-321,-1993,1426,-669,1189
IMU1,16687,172921892,-1059,-371,-1904,1487,-577,1247
IMU1,16688,172932927,-1185,-423,-1884,1539,-495,1293
IMU1,16689,172943953,-1324,-453,-1837,1571,-424,1340
IMU1,16690,172954989,-1422,-494,-1788,1579,-349,1398
IMU1,16691,172966016,-1449,-534,-1647,1560,-109,1496
# swing_peak_seq=16665
IMU1,16692,172977039,-1426,-558,-1540,1549,49,1501
IMU1,16693,172987783,-1410,-587,-1452,1548,200,1466
IMU1,16694,172998722,-1385,-593,-1391,1556,333,1405
IMU1,16695,173009662,-1390,-585,-1332,1568,441,1329
IMU1,16696,173020599,-1429,-575,-1289,1578,530,1258
IMU1,16697,173031534,-1456,-577,-1243,1587,591,1207
IMU1,16698,173042478,-1565,-583,-1086,1601,636,1200
IMU1,16699,173053413,-1590,-638,-977,1678,720,1240
IMU1,16700,173064171,-1595,-708,-874,1757,730,1284
IMU1,16701,173074898,-1573,-768,-791,1861,708,1326
IMU1,16702,173085639,-1556,-808,-734,1993,666,1354
IMU1,16703,173096372,-1530,-823,-729,2131,609,1363
IMU1,16704,173107106,-1576,-835,-736,2261,536,1358
IMU1,16705,173117862,-1631,-876,-743,2385,457,1348
IMU1,16706,173128603,-1733,-933,-782,2493,391,1345
IMU1,16707,173139862,-1891,-1013,-735,2625,374,1404
IMU1,16708,173150790,-1863,-1013,-626,2648,464,1468
IMU1,16709,173161727,-1824,-1007,-536,2670,607,1525
IMU1,16710,173172656,-1812,-1057,-443,2691,760,1565
IMU1,16711,173183596,-1854,-1111,-346,2721,855,1591
IMU1,16712,173194552,-1853,-1136,-280,2774,869,1598
IMU1,16713,173205499,-1861,-1115,-232,2847,818,1577
IMU1,16714,173216442,-1904,-1147,-199,3004,593,1449
IMU1,16715,173227380,-1883,-1180,-180,3068,444,1366
IMU1,16716,173238317,-1867,-1184,-129,3124,307,1261
IMU1,16717,173249276,-1852,-1188,-79,3168,208,1129
IMU1,16718,173260026,-1835,-1212,-13,3207,157,999
IMU1,16719,173270570,-1822,-1255,66,3243,159,883
IMU1,16720,173281009,-1800,-1274,153,3286,203,776
IMU1,16721,173291643,-1772,-1263,179,3324,270,676
IMU1,16722,173302275,-1959,-1302,201,3350,341,524
IMU1,16723,173312913,-2000,-1315,264,3332,410,511
IMU1,16724,173323541,-1934,-1265,324,3286,412,511
IMU1,16725,173334171,-1804,-1214,419,3204,453,487
IMU1,16726,173344805,-1776,-1267,457,3088,612,429
IMU1,16727,173355439,-1794,-1294,472,2943,870,374
IMU1,16728,173366088,-1747,-1234,465,2792,1050,333
IMU1,16729,173376923,-1479,-1042,421,2646,1094,274
IMU1,16730,173387750,-1438,-1131,466,2488,1097,130
IMU1,16731,173398600,-1909,-1320,719,2375,1271,88
IMU1,16732,173409259,-1816,-1316,778,2284,1368,212
IMU1,16733,173420107,-1776,-1312,843,2261,1447,320
IMU1,16734,173430945,-1827,-1314,859,2236,1470,411
IMU1,16735,173441801,-1767,-1356,873,2212,1394,493
IMU1,16736,173452637,-1708,-1356,886,2190,1250,549
IMU1,16737,173463495,-1652,-1349,876,2175,1096,567
IMU1,16738,173474347,-1621,-1364,862,2170,960,557
IMU1,16739,173484987,-1518,-1386,830,2169,864,463
IMU1,16740,173495631,-1471,-1376,790,2163,808,392
IMU1,16741,173506288,-1463,-1385,784,2143,825,299
IMU1,16742,173516939,-1489,-1392,788,2109,862,211
IMU1,16743,173527579,-1517,-1400,798,2065,898,133
IMU1,16744,173538234,-1557,-1405,824,2009,915,78
IMU1,16745,173548689,-1588,-1413,855,1965,904,47
IMU1,16746,173559142,-1571,-1411,848,1930,867,38
IMU1,16747,173569598,-1550,-1387,827,1898,819,32
IMU1,16748,173580043,-1542,-1367,782,1857,777,28
IMU1,16749,173590494,-1524,-1350,725,1800,771,19
IMU1,16750,173601459,-1533,-1342,725,1637,864,-20
IMU1,16751,173611988,-1580,-1338,755,1551,887,-35
IMU1,16752,173622543,-1632,-1332,788,1467,863,-40
IMU1,16753,173633079,-1658,-1333,803,1409,806,-46
IMU1,16754,173643604,-1680,-1335,820,1367,734,-48
IMU1,16755,173654134,-1698,-1319,817,1340,656,-35
IMU1,16756,173664674,-1723,-1315,789,1323,578,-16
IMU1,16757,173675218,-1737,-1309,745,1302,505,10
IMU1,16758,173685646,-1730,-1305,713,1271,448,33
IMU1,16759,173696085,-1712,-1285,650,1230,405,49
IMU1,16760,173707011,-1667,-1277,647,1114,370,43
IMU1,16761,173717452,-1657,-1264,636,1055,364,21
IMU1,16762,173727892,-1635,-1248,626,1004,346,-10
IMU1,16763,173738428,-1621,-1223,614,957,311,-40
IMU1,16764,173748767,-1613,-1200,593,912,276,-73
IMU1,16765,173759111,-1612,-1187,559,864,255,-99
IMU1,16766,173769460,-1623,-1188,534,809,264,-121
IMU1,16767,173779986,-1649,-1186,534,740,316,-136
IMU1,16768,173790526,-1666,-1183,544,663,377,-139
IMU1,16769,173801067,-1728,-1187,557,589,409,-136
IMU1,16770,173811601,-1868,-1205,594,519,387,-106
IMU1,16771,173822661,-1873,-1200,648,419,277,38
IMU1,16772,173832913,-1699,-1170,539,386,200,139
IMU1,16773,173843360,-1656,-1098,493,346,147,182
IMU1,16774,173856338,-1646,-1118,463,298,147,176
IMU1,16775,173866767,-1724,-1154,480,244,181,153
IMU1,16776,173877204,-1684,-1140,477,207,213,135
IMU1,16777,173887632,-1657,-1098,484,182,240,103
IMU1,16778,173898067,-1648,-1092,526,155,265,62
IMU1,16779,173909348,-1763,-1110,524,127,294,-21
IMU1,16780,173919691,-1785,-1074,515,128,257,-29
IMU1,16781,173930035,-1780,-1059,489,123,187,-21
IMU1,16782,173940361,-1786,-1060,497,119,132,-13
IMU1,16783,173950694,-1778,-1060,489,119,104,9
IMU1,16784,173960746,-1705,-1042,516,130,101,31
IMU1,16785,173970987,-1756,-1049,434,145,97,31
IMU1,16786,173981040,-1764,-1042,442,145,73,36
IMU1,16787,173991080,-1743,-1030,451,145,75,60
IMU1,16788,174001134,-1717,-1012,478,142,107,83
IMU1,16789,174011372,-1712,-993,469,144,140,99
IMU1,16790,174021420,-1718,-993,444,135,142,98
IMU1,16791,174031470,-1718,-990,429,117,114,89
IMU1,16792,174041519,-1709,-990,416,89,88,76
IMU1,16793,174051178,-1696,-989,419,51,89,62
IMU1,16794,174060834,-1701,-987,420,18,127,54
IMU1,16795,174070673,-1704,-984,432,-10,167,46
IMU1,16796,174080620,-1715,-984,470,-18,185,14
IMU1,16797,174092087,-1785,-995,482,-12,146,9
IMU1,16798,174101804,-1800,-1005,477,2,114,31
IMU1,16799,174111630,-1791,-1002,469,15,75,59
IMU1,16800,174121469,-1770,-994,454,29,43,80
IMU1,16801,174131087,-1742,-994,438,40,20,94
IMU1,16802,174140724,-1731,-990,432,50,1,96
IMU1,16803,174150164,-1732,-982,414,56,-14,92
IMU1,16804,174159890,-1731,-989,403,57,-17,84
IMU1,16805,174169618,-1741,-985,388,57,-11,73
IMU1,16806,174179331,-1753,-987,376,49,-3,65
IMU1,16807,174188860,-1776,-993,374,35,6,59
IMU1,16808,174198283,-1779,-990,372,28,14,54
IMU1,16809,174207914,-1779,-987,381,19,23,44
IMU1,16810,174217555,-1782,-982,374,12,25,34
IMU1,16811,174227192,-1790,-979,363,7,19,21
IMU1,16812,174236636,-1808,-977,349,-3,9,10
IMU1,16813,174245971,-1810,-977,342,-9,4,4
IMU1,16814,174255103,-1786,-977,328,-18,13,-5
IMU1,16815,174264726,-1770,-957,333,-26,17,-12
IMU1,16816,174274545,-1752,-962,333,-22,22,-29
IMU1,16817,174284372,-1751,-969,342,-15,24,-51
IMU1,16818,174294205,-1764,-967,349,-2,21,-69
IMU1,16819,174303828,-1790,-973,357,19,17,-75
IMU1,16820,174313573,-1837,-978,358,39,6,-56
IMU1,16821,174323122,-1867,-990,349,56,-14,-13
IMU1,16822,174332961,-1850,-990,337,67,-33,46
IMU1,16823,174342687,-1836,-988,332,72,-47,108
IMU1,16824,174352606,-1810,-993,316,70,-39,144
IMU1,16825,174362540,-1760,-987,306,63,-20,155
IMU1,16826,174372467,-1732,-977,303,48,4,133
IMU1,16827,174382104,-1726,-975,300,35,31,88
IMU1,16828,174391739,-1745,-979,298,20,52,34
IMU1,16829,174401380,-1783,-978,300,5,66,-12
IMU1,16830,174410898,-1801,-991,305,-9,79,-44
IMU1,16831,174420517,-1799,-994,309,-21,96,-55
IMU1,16832,174430336,-1819,-990,318,-28,109,-55
IMU1,16833,174440367,-1836,-992,333,-32,111,-45
IMU1,16834,174450383,-1825,-996,339,-31,107,-30
IMU1,16835,174460409,-1822,-987,327,-20,97,-20
IMU1,16836,174470228,-1830,-989,311,-11,84,-10
IMU1,16837,174480059,-1825,-996,299,-2,76,-8
IMU1,16838,174489483,-1824,-998,284,5,80,-11
IMU1,16839,174499024,-1815,-997,278,4,89,-18
IMU1,16840,174508552,-1803,-985,278,2,95,-27
IMU1,16841,174518082,-1794,-973,284,7,93,-39
IMU1,16842,174527605,-1794,-957,287,8,83,-44
IMU1,16843,174537142,-1811,-960,279,11,69,-43
IMU1,16844,174546867,-1831,-966,276,11,55,-26
IMU1,16845,174556595,-1826,-969,265,13,52,-7
IMU1,16846,174566126,-1805,-967,258,11,60,10
IMU1,16847,174575757,-1790,-963,266,7,70,18
IMU1,16848,174585198,-1774,-960,271,7,68,18
IMU1,16849,174594638,-1772,-959,267,14,56,10
IMU1,16850,174604261,-1779,-960,254,20,39,3
IMU1,16851,174613688,-1775,-968,250,26,26,-1
IMU1,16852,174623208,-1782,-975,243,30,24,-2
IMU1,16853,174632731,-1776,-976,232,33,33,0
IMU1,16854,174642076,-1763,-973,236,37,55,-5
IMU1,16855,174651611,-1762,-970,236,44,79,-14
IMU1,16856,174661343,-1775,-977,244,47,95,-25
IMU1,16857,174671064,-1778,-988,242,45,98,-34
IMU1,16858,174680792,-1775,-992,241,46,81,-41
IMU1,16859,174690522,-1777,-992,240,52,63,-49
IMU1,16860,174700256,-1786,-1000,251,55,55,-54
IMU1,16861,174710181,-1802,-1007,253,60,62,-52
IMU1,16862,174720113,-1804,-1011,252,65,76,-42
IMU1,16863,174730024,-1795,-1013,249,67,85,-26
IMU1,16864,174739947,-1799,-1006,254,66,83,-10
IMU1,16865,174749870,-1794,-1002,259,64,74,6
IMU1,16866,174759507,-1764,-1005,259,59,67,17
IMU1,16867,174769339,-1747,-1005,255,48,63,20
IMU1,16868,174779170,-1733,-1001,240,34,69,14
IMU1,16869,174789008,-1725,-1006,234,18,85,5
IMU1,16870,174798643,-1750,-1014,245,3,115,0
IMU1,16871,174808182,-1760,-1024,252,-13,159,2
IMU1,16872,174818109,-1767,-1019,265,-25,192,9
IMU1,16873,174828030,-1764,-1017,269,-36,192,16
IMU1,16874,174838153,-1756,-1021,266,-44,170,26
IMU1,16875,174848286,-1755,-1040,287,-50,150,40
IMU1,16876,174861162,-1757,-1075,311,-34,161,81
IMU1,16877,174871294,-1743,-1097,309,-24,164,107
IMU1,16878,174881627,-1730,-1105,307,-2,140,125
IMU1,16879,174891756,-1725,-1105,337,11,109,136
IMU1,16880,174901999,-1735,-1126,362,28,86,147
IMU1,16881,174912027,-1738,-1151,378,44,79,155
IMU1,16882,174922054,-1740,-1162,400,56,79,160
IMU1,16883,174932086,-1737,-1190,444,63,83,163
IMU1,16884,174942118,-1743,-1221,491,69,90,167
IMU1,16885,174952156,-1739,-1262,539,80,88,169
IMU1,16886,174962194,-1724,-1287,574,94,74,173
IMU1,16887,174972231,-1730,-1328,628,112,45,180
IMU1,16888,174982473,-1739,-1371,680,132,13,192
IMU1,16889,174992694,-1727,-1402,740,152,1,202
IMU1,16890,175002726,-1708,-1414,789,153,20,198
IMU1,16891,175012963,-1679,-1446,858,138,49,183
IMU1,16892,175023192,-1667,-1498,1051,116,78,147
IMU1,16893,175034161,-1681,-1516,1166,87,36,69
IMU1,16894,175044207,-1710,-1524,1260,86,-22,40
IMU1,16895,175054336,-1771,-1529,1361,81,-49,34
IMU1,16896,175064469,-1759,-1563,1438,51,14,50
IMU1,16897,175074515,-1692,-1600,1551,-10,132,55
IMU1,16898,175084851,-1653,-1614,1699,-104,225,35
IMU1,16899,175095368,-1638,-1676,1880,-219,244,-14
IMU1,16900,175105997,-1662,-1724,2117,-335,177,-81
IMU1,16901,175116616,-1744,-1677,2352,-440,39,-157
IMU1,16902,175127263,-1870,-1582,2553,-541,-154,-233
IMU1,16903,175138211,-2023,-1465,2724,-644,-387,-307
IMU1,16904,175149142,-2303,-1231,3062,-877,-713,-469
IMU1,16905,175160090,-2437,-1052,3108,-1027,-786,-580
IMU1,16906,175171235,-2590,-863,3155,-1220,-883,-717
IMU1,16907,175182176,-2753,-658,3158,-1468,-1013,-886
IMU1,16908,175193319,-2936,-481,3142,-1763,-1202,-1068
IMU1,16909,175204666,-3179,-303,3146,-2084,-1415,-1238
IMU1,16910,175216021,-3609,28,3098,-2406,-1615,-1521
IMU1,16911,175227053,-3855,209,3009,-2995,-2130,-1618
IMU1,16912,175238294,-4077,391,2873,-3245,-2391,-1683
IMU1,16913,175249546,-4205,575,2714,-3484,-2652,-1704
IMU1,16914,175260797,-4305,765,2472,-3700,-2874,-1709
IMU1,16915,175272069,-4466,977,2227,-3919,-3057,-1701
IMU1,16916,175283329,-4607,1385,1568,-4151,-3205,-1654
IMU1,16917,175294770,-4527,1614,1176,-4676,-3394,-1645
IMU1,16918,175306225,-4365,1801,801,-5001,-3445,-1663
IMU1,16919,175317487,-4197,1947,480,-5346,-3458,-1707
IMU1,16920,175328727,-4029,2040,210,-5673,-3413,-1764
IMU1,16921,175339962,-3844,2089,-79,-5971,-3319,-1820
IMU1,16922,175351107,-3404,2110,-570,-6519,-3019,-1906
IMU1,16923,175362464,-3179,2049,-775,-6769,-2801,-1953
IMU1,16924,175373798,-2953,1984,-950,-6973,-2588,-2014
IMU1,16925,175385136,-2732,1929,-1084,-7138,-2404,-2066
IMU1,16926,175396674,-2485,1865,-1267,-7220,-2187,-2118
IMU1,16927,175408216,-2098,1617,-1663,-7224,-1901,-2196
IMU1,16928,175419748,-1850,1511,-1877,-7012,-1185,-2197
IMU1,16929,175431308,-1651,1485,-2014,-6778,-796,-2177
IMU1,16930,175442653,-1444,1350,-2021,-6451,-385,-2161
IMU1,16931,175453978,-1337,1199,-2099,-6015,4,-2124
IMU1,16932,175464833,-1196,1072,-2186,-5491,264,-2055
IMU1,16933,175476083,-920,1016,-2341,-4301,103,-1852
IMU1,16934,175487125,-847,933,-2340,-3680,-234,-1708
IMU1,16935,175498075,-727,822,-2372,-3042,-621,-1544
IMU1,16936,175509029,-631,756,-2428,-2417,-944,-1375
IMU1,16937,175519985,-577,688,-2578,-1833,-1204,-1207
IMU1,16938,175531132,-557,658,-2783,-1316,-1414,-1046
IMU1,16939,175542277,-666,572,-2954,-875,-1546,-870
IMU1,16940,175553550,-819,366,-2980,-182,-1366,-399
IMU1,16941,175564290,-838,312,-2972,80,-1060,-155
IMU1,16942,175574742,-859,244,-2930,292,-711,62
IMU1,16943,175584899,-879,172,-2832,467,-379,241
IMU1,16944,175595246,-934,129,-2701,624,-102,378
IMU1,16945,175605607,-1011,87,-2574,763,110,484
IMU1,16946,175615853,-1105,15,-2444,885,256,578
IMU1,16947,175626127,-1251,-58,-2307,1003,345,672
IMU1,16948,175636678,-1356,-160,-2175,1106,397,772
IMU1,16949,175647419,-1433,-242,-2034,1203,442,871
IMU1,16950,175658158,-1480,-348,-1835,1306,477,957
IMU1,16951,175668908,-1446,-368,-1758,1501,496,1033
IMU1,16952,175679847,-1439,-377,-1681,1597,456,1025
# swing_peak_seq=16926
IMU1,16953,175690804,-1462,-409,-1617,1692,402,996
IMU1,16954,175701531,-1492,-464,-1548,1783,359,962
IMU1,16955,175712281,-1476,-533,-1464,1868,347,929
IMU1,16956,175723030,-1467,-582,-1403,1945,372,893
IMU1,16957,175733774,-1477,-603,-1325,2016,422,859
IMU1,16958,175744511,-1471,-666,-1155,2075,465,832
IMU1,16959,175755772,-1441,-680,-1061,2181,501,774
IMU1,16960,175766524,-1404,-681,-971,2231,507,735
IMU1,16961,175777066,-1352,-702,-932,2277,512,675
IMU1,16962,175787616,-1403,-747,-960,2314,533,583
IMU1,16963,175798165,-1647,-820,-1032,2312,576,484
IMU1,16964,175808910,-1792,-907,-980,2264,646,521
IMU1,16965,175819446,-1745,-982,-839,2206,737,624
IMU1,16966,175830004,-1675,-988,-698,2165,858,754
IMU1,16967,175840551,-1612,-977,-513,2157,1006,888
IMU1,16968,175851810,-1658,-1020,-472,2201,1191,1089
IMU1,16969,175865515,-1639,-1049,-429,2243,1165,1160
IMU1,16970,175876663,-1607,-1049,-367,2287,1072,1197
IMU1,16971,175887801,-1569,-1034,-302,2343,950,1200
IMU1,16972,175898759,-1508,-1045,-230,2413,827,1100
IMU1,16973,175909708,-1504,-1072,-173,2558,590,1008
IMU1,16974,175920671,-1518,-1112,-112,2630,446,906
IMU1,16975,175931427,-1582,-1167,-60,2701,297,802
IMU1,16976,175941981,-1684,-1238,-51,2761,154,728
IMU1,16977,175952532,-1733,-1302,-38,2799,45,698
IMU1,16978,175962883,-1702,-1313,17,2814,5,707
IMU1,16979,175972935,-1631,-1301,91,2813,50,726
IMU1,16980,175983185,-1590,-1305,132,2809,169,744
IMU1,16981,175993846,-1583,-1312,176,2803,324,759
IMU1,16982,176004502,-1535,-1305,177,2783,472,783
IMU1,16983,176015139,-1501,-1282,218,2687,647,766
IMU1,16984,176025775,-1467,-1277,274,2623,697,729
IMU1,16985,176036403,-1471,-1287,352,2559,766,674
IMU1,16986,176047043,-1525,-1327,405,2499,851,622
IMU1,16987,176057679,-1601,-1354,445,2442,935,602
IMU1,16988,176068313,-1636,-1362,487,2387,1007,623
IMU1,16989,176079153,-1643,-1390,527,2338,1070,677
IMU1,16990,176090005,-1604,-1415,536,2301,1124,748
IMU1,16991,176100844,-1566,-1436,593,2269,1189,870
IMU1,16992,176111703,-1578,-1478,639,2218,1209,907
IMU1,16993,176122577,-1591,-1498,606,2194,1225,928
IMU1,16994,176133448,-1584,-1523,701,2170,1236,926
IMU1,16995,176144286,-1607,-1569,668,2148,1247,901
IMU1,16996,176155113,-1639,-1591,709,2118,1253,857
IMU1,16997,176165965,-1653,-1606,696,2089,1251,799
IMU1,16998,176176798,-1648,-1614,707,2058,1232,718
IMU1,16999,176187634,-1618,-1643,696,1994,1115,500
IMU1,17000,176198470,-1605,-1649,691,1958,1049,378
IMU1,17001,176209291,-1571,-1657,685,1924,1012,262
IMU1,17002,176220122,-1551,-1662,684,1880,1010,162
IMU1,17003,176230960,-1557,-1658,680,1834,1025,84
IMU1,17004,176241592,-1565,-1676,698,1789,1050,34
IMU1,17005,176252236,-1569,-1696,729,1747,1066,7
IMU1,17006,176262677,-1599,-1696,771,1717,1062,-8
IMU1,17007,176273217,-1629,-1715,827,1703,1031,-7
IMU1,17008,176284270,-1615,-1713,816,1715,877,13
IMU1,17009,176294705,-1586,-1693,820,1725,750,10
IMU1,17010,176305140,-1524,-1676,809,1725,619,-21
IMU1,17011,176315676,-1476,-1650,793,1716,518,-67
IMU1,17012,176326228,-1457,-1616,762,1686,461,-121
IMU1,17013,176336957,-1462,-1592,745,1633,436,-174
IMU1,17014,176347690,-1484,-1575,733,1565,431,-219
IMU1,17015,176358433,-1520,-1551,747,1486,438,-246
IMU1,17016,176369163,-1530,-1519,742,1396,443,-247
IMU1,17017,176379908,-1525,-1454,704,1217,424,-235
IMU1,17018,176390654,-1518,-1433,707,1107,417,-220
IMU1,17019,176401397,-1507,-1404,697,998,434,-212
IMU1,17020,176411935,-1491,-1381,706,883,449,-212
IMU1,17021,176422475,-1477,-1350,673,773,428,-219
IMU1,17022,176433009,-1492,-1335,676,660,379,-230
IMU1,17023,176443549,-1506,-1332,673,552,333,-233
IMU1,17024,176454093,-1525,-1341,683,451,313,-224
IMU1,17025,176464637,-1508,-1334,676,361,309,-201
IMU1,17026,176475177,-1503,-1311,673,282,301,-174
IMU1,17027,176486247,-1491,-1307,670,157,282,-123
IMU1,17028,176496785,-1475,-1299,658,111,264,-97
IMU1,17029,176507111,-1470,-1293,650,68,236,-78
IMU1,17030,176517256,-1469,-1293,630,35,205,-67
IMU1,17031,176527393,-1462,-1297,604,10,162,-61
IMU1,17032,176537526,-1457,-1289,595,-9,130,-62
IMU1,17033,176547579,-1471,-1275,573,-25,120,-68
IMU1,17034,176557821,-1467,-1279,563,-39,120,-75
IMU1,17035,176568068,-1476,-1281,553,-51,125,-85
IMU1,17036,176578298,-1501,-1281,532,-63,128,-99
IMU1,17037,176588536,-1570,-1302,505,-77,118,-106
IMU1,17038,176598984,-1626,-1325,489,-95,98,-89
IMU1,17039,176609022,-1614,-1324,485,-116,73,-43
IMU1,17040,176619254,-1601,-1304,472,-131,50,10
IMU1,17041,176629395,-1533,-1297,428,-138,28,51
IMU1,17042,176640058,-1542,-1309,395,-155,-17,66
IMU1,17043,176650261,-1538,-1303,378,-166,-34,58
IMU1,17044,176660471,-1521,-1293,373,-171,-30,42
IMU1,17045,176670696,-1495,-1287,358,-178,-19,29
IMU1,17046,176680918,-1493,-1275,346,-173,-1,3
IMU1,17047,176690755,-1505,-1275,354,-170,14,-19
IMU1,17048,176700995,-1523,-1279,351,-159,19,-34
IMU1,17049,176711236,-1535,-1281,345,-145,17,-37
IMU1,17050,176721463,-1523,-1267,363,-134,18,-33
IMU1,17051,176731697,-1511,-1265,355,-112,32,-26
IMU1,17052,176741940,-1510,-1264,331,-97,39,-20
IMU1,17053,176751991,-1534,-1258,310,-86,28,-15
IMU1,17054,176762046,-1557,-1257,298,-80,3,-3
IMU1,17055,176771692,-1574,-1261,295,-77,-16,24
IMU1,17056,176781733,-1600,-1268,318,-69,-12,57
IMU1,17057,176791774,-1611,-1270,316,-59,4,98
IMU1,17058,176801528,-1598,-1259,296,-43,9,133
IMU1,17059,176811468,-1576,-1237,279,-34,2,153
IMU1,17060,176821420,-1545,-1229,264,-25,-11,152
IMU1,17061,176832698,-1552,-1225,254,3,-4,83
IMU1,17062,176842237,-1595,-1234,258,14,12,61
IMU1,17063,176852096,-1614,-1255,267,18,21,59
IMU1,17064,176861931,-1606,-1253,266,29,33,44
IMU1,17065,176874331,-1592,-1240,262,35,34,33
IMU1,17066,176884185,-1586,-1225,259,39,27,30
IMU1,17067,176894033,-1578,-1224,241,36,25,30
IMU1,17068,176903891,-1573,-1212,207,30,30,33
IMU1,17069,176913744,-1557,-1195,193,8,47,42
IMU1,17070,176923403,-1541,-1183,198,-16,85,49
IMU1,17071,176933349,-1544,-1181,218,-39,129,52
IMU1,17072,176943503,-1561,-1191,243,-48,164,46
IMU1,17073,176953660,-1559,-1196,267,-40,181,41
IMU1,17074,176963785,-1515,-1197,305,-17,182,29
IMU1,17075,176973916,-1551,-1214,295,25,165,-4
IMU1,17076,176983849,-1708,-1262,264,85,121,-28
IMU1,17077,176993974,-1762,-1261,267,134,45,7
IMU1,17078,177003806,-1703,-1251,279,176,-37,98
IMU1,17079,177013939,-1635,-1243,269,215,-78,197
IMU1,17080,177024791,-1517,-1236,231,244,-74,346
IMU1,17081,177035128,-1473,-1244,207,232,-56,365
IMU1,17082,177045464,-1465,-1247,216,219,-31,350
IMU1,17083,177055796,-1492,-1240,225,196,16,316
IMU1,17084,177066044,-1508,-1258,244,181,82,272
IMU1,17085,177076281,-1522,-1272,264,159,143,237
IMU1,17086,177086724,-1541,-1264,305,142,194,205
IMU1,17087,177097169,-1569,-1272,337,125,230,186
IMU1,17088,177107616,-1589,-1303,345,112,253,179
IMU1,17089,177118057,-1593,-1331,338,93,251,183
IMU1,17090,177128309,-1592,-1344,356,69,243,196
IMU1,17091,177138557,-1607,-1377,384,41,246,216
IMU1,17092,177148800,-1550,-1409,420,27,257,242
IMU1,17093,177159563,-1506,-1409,429,11,259,264
IMU1,17094,177169801,-1494,-1429,462,12,251,255
IMU1,17095,177180040,-1472,-1472,497,16,252,238
IMU1,17096,177190280,-1460,-1516,556,19,257,223
IMU1,17097,177200538,-1457,-1548,605,34,255,205
IMU1,17098,177210781,-1442,-1593,657,48,243,184
IMU1,17099,177221023,-1478,-1630,714,66,220,168
IMU1,17100,177231266,-1519,-1671,785,79,189,172
IMU1,17101,177241524,-1528,-1709,867,96,156,205
IMU1,17102,177251778,-1544,-1744,924,106,106,254
IMU1,17103,177262235,-1518,-1795,1003,104,36,312
IMU1,17104,177272693,-1471,-1860,1102,88,-30,365
IMU1,17105,177283046,-1441,-1924,1349,65,-75,402
IMU1,17106,177294409,-1455,-1937,1545,21,-112,418
IMU1,17107,177304937,-1507,-1960,1694,24,-127,402
IMU1,17108,177315475,-1599,-1941,1841,22,-203,373
IMU1,17109,177326023,-1624,-1884,1948,4,-330,329
IMU1,17110,177336362,-1637,-1803,2030,-54,-469,274
IMU1,17111,177346996,-1666,-1729,2132,-155,-588,203
IMU1,17112,177357837,-1675,-1676,2240,-300,-663,125
IMU1,17113,177368667,-1742,-1597,2372,-486,-693,42
IMU1,17114,177379310,-1818,-1358,2629,-697,-702,-51
IMU1,17115,177390568,-1987,-1201,2722,-1241,-771,-300
IMU1,17116,177401711,-2037,-1060,2817,-1578,-789,-480
IMU1,17117,177412854,-2172,-930,2933,-1931,-823,-700
IMU1,17118,177423796,-2352,-826,3138,-2275,-858,-922
IMU1,17119,177434758,-2596,-703,3350,-2565,-881,-1117
IMU1,17120,177445907,-2932,-544,3553,-2791,-944,-1269
IMU1,17121,177457061,-3587,-131,3779,-3078,-1446,-1413
IMU1,17122,177468409,-3839,106,3761,-3182,-1872,-1415
IMU1,17123,177479671,-4090,352,3630,-3311,-2315,-1384
IMU1,17124,177490935,-4370,603,3453,-3497,-2686,-1311
IMU1,17125,177502189,-4651,846,3259,-3745,-2939,-1209
IMU1,17126,177513445,-4779,1113,2990,-4036,-3145,-1106
IMU1,17127,177524921,-4832,1760,2352,-4751,-3408,-1051
IMU1,17128,177536376,-4844,2071,2007,-5187,-3443,-1120
IMU1,17129,177547813,-4899,2393,1554,-5667,-3485,-1248
IMU1,17130,177559287,-4954,2713,1026,-6190,-3569,-1379
IMU1,17131,177570764,-4886,2971,509,-6739,-3669,-1481
IMU1,17132,177582020,-4283,3262,-650,-7839,-3604,-1654
IMU1,17133,177593379,-3864,3210,-1277,-8400,-3345,-1788
IMU1,17134,177604934,-3371,3002,-1896,-8946,-2949,-1996
IMU1,17135,177616484,-2971,2614,-2170,-9445,-2452,-2265
IMU1,17136,177628023,-2782,2354,-1895,-9787,-1903,-2549
IMU1,17137,177639584,-2415,2192,-1426,-9810,-400,-3144
IMU1,17138,177650943,-2291,2293,-1563,-8894,305,-3405
IMU1,17139,177662207,-2123,2374,-1747,-8112,706,-3572
IMU1,17140,177673477,-1855,2409,-2004,-7211,721,-3638
IMU1,17141,177684725,-1546,2256,-2246,-6255,337,-3586
IMU1,17142,177695968,-1209,2114,-2373,-5299,-298,-3417
IMU1,17143,177707321,-816,1706,-2379,-3398,-1444,-2793
IMU1,17144,177718666,-705,1556,-2448,-2505,-1764,-2399
IMU1,17145,177730022,-635,1451,-2535,-1678,-1982,-2000
IMU1,17146,177741363,-612,1357,-2638,-962,-2128,-1626
IMU1,17147,177752500,-705,1210,-2755,-377,-2221,-1272
IMU1,17148,177763659,-777,1026,-2846,75,-2247,-934
IMU1,17149,177774317,-831,677,-2861,641,-2006,-363
IMU1,17150,177784952,-871,491,-2810,805,-1758,-146
IMU1,17151,177795597,-911,292,-2731,904,-1467,42
IMU1,17152,177805948,-999,139,-2601,985,-1154,186
IMU1,17153,177816494,-1138,34,-2441,1052,-826,296
IMU1,17154,177827040,-1307,-92,-2293,1116,-498,394
IMU1,17155,177837691,-1411,-220,-2165,1179,-185,472
IMU1,17156,177848542,-1554,-284,-2022,1239,73,527
IMU1,17157,177859091,-1632,-347,-1941,1292,242,573
IMU1,17158,177869830,-1631,-449,-1681,1332,317,609
IMU1,17159,177883127,-1819,-509,-1615,1408,262,669
IMU1,17160,177893873,-1817,-529,-1559,1425,174,717
IMU1,17161,177904637,-1776,-529,-1502,1429,86,760
IMU1,17162,177915202,-1697,-531,-1433,1421,56,788
IMU1,17163,177925763,-1612,-540,-1371,1415,99,782
# swing_peak_seq=17137
IMU1,17164,177936304,-1516,-538,-1331,1415,194,742
IMU1,17165,177947050,-1411,-520,-1188,1420,316,598
IMU1,17166,177957806,-1463,-553,-1112,1482,535,517
IMU1,17167,177968564,-1618,-653,-1238,1539,550,477
IMU1,17168,177979318,-1591,-686,-1193,1564,499,510
IMU1,17169,177990078,-1475,-604,-1011,1566,465,597
IMU1,17170,178000842,-1448,-677,-1055,1587,532,681
IMU1,17171,178011583,-1395,-661,-963,1582,649,766
IMU1,17172,178022138,-1362,-586,-950,1576,777,838
IMU1,17173,178032709,-1560,-741,-983,1551,905,894
IMU1,17174,178043267,-1397,-694,-894,1511,966,1072
IMU1,17175,178054021,-1315,-685,-769,1451,1108,1117
IMU1,17176,178064976,-1348,-704,-696,1456,1197,1120
IMU1,17177,178075927,-1277,-716,-613,1515,1229,1098
IMU1,17178,178086901,-1411,-883,-703,1596,1181,1043
IMU1,17179,178097856,-1732,-1010,-710,1660,1065,1013
IMU1,17180,178109005,-1633,-912,-616,1711,928,1076
IMU1,17181,178119769,-1640,-986,-577,1767,840,1148
IMU1,17182,178131036,-1638,-1007,-558,1870,769,1267
IMU1,17183,178142006,-1683,-1045,-574,1905,751,1322
IMU1,17184,178152964,-1622,-1053,-529,1940,730,1372
IMU1,17185,178163911,-1573,-1051,-507,1974,724,1398
IMU1,17186,178174880,-1567,-1078,-489,2008,736,1395
IMU1,17187,178185846,-1549,-1115,-486,2044,754,1369
IMU1,17188,178196793,-1508,-1127,-460,2077,779,1318
IMU1,17189,178207752,-1504,-1130,-432,2135,871,1155
IMU1,17190,178218720,-1560,-1163,-395,2162,919,1079
IMU1,17191,178229683,-1634,-1183,-360,2195,935,1031
IMU1,17192,178240643,-1711,-1186,-363,2231,902,1014
IMU1,17193,178251590,-1744,-1193,-334,2266,817,1019
IMU1,17194,178262551,-1740,-1212,-304,2304,691,1036
IMU1,17195,178273502,-1723,-1267,-236,2342,569,1052
IMU1,17196,178284971,-1742,-1318,-218,2403,443,1087
IMU1,17197,178295898,-1724,-1332,-189,2418,418,1117
IMU1,17198,178306847,-1699,-1356,-193,2439,412,1094
IMU1,17199,178317785,-1735,-1358,-172,2457,396,1075
IMU1,17200,178328735,-1755,-1350,-138,2465,389,1076
IMU1,17201,178339686,-1753,-1347,-88,2473,410,1071
IMU1,17202,178350433,-1741,-1352,-46,2487,450,1057
IMU1,17203,178361692,-1669,-1320,-40,2502,502,943
IMU1,17204,178372228,-1667,-1305,-50,2493,491,844
IMU1,17205,178382764,-1708,-1329,-36,2462,468,742
IMU1,17206,178393302,-1736,-1341,29,2425,459,666
IMU1,17207,178403753,-1751,-1340,77,2390,481,625
IMU1,17208,178414213,-1759,-1338,129,2362,532,613
IMU1,17209,178424871,-1755,-1325,118,2342,600,615
IMU1,17210,178435524,-1725,-1312,107,2319,653,627
IMU1,17211,178446166,-1695,-1308,68,2289,674,628
IMU1,17212,178456605,-1668,-1330,92,2248,668,608
IMU1,17213,178467570,-1655,-1348,124,2140,694,528
IMU1,17214,178478215,-1659,-1352,148,2082,752,480
IMU1,17215,178488863,-1660,-1355,169,2033,813,439
IMU1,17216,178499499,-1660,-1359,183,1993,861,410
IMU1,17217,178510144,-1698,-1358,202,1962,890,386
IMU1,17218,178520788,-1731,-1374,231,1949,901,370
IMU1,17219,178531447,-1755,-1385,234,1947,894,361
IMU1,17220,178542102,-1759,-1385,206,1954,857,357
IMU1,17221,178552758,-1744,-1385,201,1955,790,353
IMU1,17222,178563424,-1747,-1387,245,1942,641,326
IMU1,17223,178574060,-1735,-1390,273,1941,577,312
IMU1,17224,178584725,-1718,-1394,300,1946,528,292
IMU1,17225,178595388,-1712,-1384,308,1945,480,269
IMU1,17226,178606024,-1709,-1377,312,1947,430,244
IMU1,17227,178616670,-1707,-1375,306,1945,371,220
IMU1,17228,178627309,-1716,-1362,308,1938,305,197
IMU1,17229,178637947,-1719,-1351,315,1924,243,177
IMU1,17230,178648589,-1712,-1345,350,1909,196,160
IMU1,17231,178659753,-1693,-1330,400,1856,156,108
IMU1,17232,178670400,-1707,-1340,448,1814,161,76
IMU1,17233,178680837,-1721,-1344,488,1772,181,42
IMU1,17234,178691277,-1721,-1340,503,1725,211,15
IMU1,17235,178701710,-1717,-1328,490,1666,246,-7
IMU1,17236,178712048,-1714,-1317,466,1601,269,-30
IMU1,17237,178722582,-1701,-1300,444,1525,275,-51
IMU1,17238,178733116,-1682,-1284,431,1442,276,-72
IMU1,17239,178743656,-1679,-1270,423,1352,288,-97
IMU1,17240,178754212,-1693,-1270,417,1248,334,-124
IMU1,17241,178765472,-1735,-1270,442,1009,499,-160
IMU1,17242,178776207,-1789,-1276,473,897,573,-168
IMU1,17243,178786757,-1811,-1275,514,796,599,-158
IMU1,17244,178797328,-1814,-1267,536,714,582,-133
IMU1,17245,178807886,-1796,-1255,540,648,530,-101
IMU1,17246,178818435,-1777,-1247,528,591,471,-70
IMU1,17247,178828786,-1768,-1238,500,543,418,-44
IMU1,17248,178839143,-1759,-1240,468,493,384,-21
IMU1,17249,178849495,-1750,-1244,450,440,372,-6
IMU1,17250,178859643,-1733,-1238,452,398,397,-12
IMU1,17251,178870000,-1721,-1217,458,349,425,-24
IMU1,17252,178883324,-1717,-1207,461,292,439,-77
IMU1,17253,178893669,-1715,-1196,455,275,411,-105
IMU1,17254,178904213,-1711,-1174,432,256,360,-127
IMU1,17255,178914763,-1703,-1167,414,238,313,-144
IMU1,17256,178925308,-1707,-1153,396,219,280,-154
IMU1,17257,178935856,-1710,-1151,374,197,269,-157
IMU1,17258,178946412,-1701,-1146,359,171,272,-151
IMU1,17259,178956952,-1699,-1124,353,147,283,-133
IMU1,17260,178967488,-1701,-1125,349,87,287,-112
IMU1,17261,178977830,-1712,-1123,343,59,269,-81
IMU1,17262,178987974,-1704,-1117,328,41,251,-48
IMU1,17263,178998129,-1692,-1104,309,22,232,-14
IMU1,17264,179008272,-1679,-1098,300,4,219,17
IMU1,17265,179018117,-1668,-1091,291,-11,212,41
IMU1,17266,179028263,-1670,-1082,281,-21,207,54
IMU1,17267,179038406,-1661,-1087,266,-29,202,60
IMU1,17268,179048547,-1665,-1083,266,-31,186,60
IMU1,17269,179058686,-1667,-1066,246,-31,164,54
IMU1,17270,179068827,-1671,-1067,238,-31,148,45
IMU1,17271,179078976,-1675,-1072,239,-32,138,33
IMU1,17272,179089126,-1666,-1071,232,-31,141,22
IMU1,17273,179099273,-1672,-1065,227,-36,149,4
IMU1,17274,179109221,-1694,-1067,215,-35,153,-15
IMU1,17275,179119465,-1712,-1080,211,-43,149,-22
IMU1,17276,179129714,-1748,-1080,194,-54,141,-19
IMU1,17277,179140480,-1750,-1075,185,-69,127,23
IMU1,17278,179150628,-1743,-1070,178,-69,115,51
IMU1,17279,179160789,-1733,-1066,168,-66,100,76
IMU1,17280,179170945,-1723,-1061,171,-53,91,87
IMU1,17281,179180893,-1719,-1064,168,-39,84,92
IMU1,17282,179190833,-1722,-1066,167,-21,85,83
IMU1,17283,179200782,-1737,-1065,180,-2,73,72
IMU1,17284,179210494,-1738,-1064,174,19,51,57
IMU1,17285,179220310,-1739,-1067,171,37,28,43
IMU1,17286,179230140,-1745,-1064,162,56,4,29
IMU1,17287,179239771,-1752,-1060,164,73,-25,25
IMU1,17288,179249698,-1754,-1058,168,91,-48,31
IMU1,17289,179259615,-1755,-1056,178,104,-61,43
IMU1,17290,179269735,-1748,-1059,173,110,-68,61
IMU1,17291,179279862,-1740,-1057,162,113,-65,72
IMU1,17292,179289993,-1742,-1054,151,107,-59,76
IMU1,17293,179300120,-1757,-1058,151,92,-55,75
IMU1,17294,179310059,-1769,-1067,157,73,-48,80
IMU1,17295,179319993,-1764,-1067,157,56,-26,78
IMU1,17296,179329939,-1747,-1065,151,37,2,78
IMU1,17297,179339572,-1736,-1058,152,19,28,70
IMU1,17298,179349412,-1736,-1056,156,10,46,55
IMU1,17299,179359253,-1743,-1059,159,6,58,39
IMU1,17300,179368902,-1754,-1065,163,3,69,33
IMU1,17301,179378541,-1759,-1064,154,1,85,29
IMU1,17302,179388191,-1781,-1063,153,2,98,32
IMU1,17303,179397836,-1785,-1068,155,5,114,34
IMU1,17304,179407685,-1776,-1060,159,6,118,41
IMU1,17305,179417511,-1772,-1050,155,7,117,41
IMU1,17306,179427356,-1775,-1045,150,8,111,40
IMU1,17307,179437192,-1782,-1050,132,7,94,44
IMU1,17308,179448393,-1774,-1047,125,-2,59,54
IMU1,17309,179458121,-1756,-1050,118,-5,58,63
IMU1,17310,179467851,-1739,-1049,112,-10,73,65
IMU1,17311,179477784,-1727,-1046,102,-8,95,58
IMU1,17312,179487516,-1720,-1044,96,-8,104,49
IMU1,17313,179497252,-1711,-1049,91,-12,109,35
IMU1,17314,179507184,-1718,-1050,87,-9,100,21
IMU1,17315,179516939,-1728,-1052,85,-10,83,16
IMU1,17316,179526677,-1745,-1058,92,-9,71,14
IMU1,17317,179536218,-1751,-1071,84,-4,68,20
IMU1,17318,179545756,-1770,-1073,70,-1,70,37
IMU1,17319,179555302,-1770,-1081,71,-5,76,63
IMU1,17320,179564851,-1762,-1086,76,-11,84,93
IMU1,17321,179574581,-1774,-1080,89,-20,86,124
IMU1,17322,179584502,-1785,-1087,101,-22,83,153
IMU1,17323,179594620,-1780,-1092,98,-26,83,179
IMU1,17324,179604549,-1773,-1091,88,-31,91,191
IMU1,17325,179614477,-1752,-1088,76,-39,95,194
IMU1,17326,179624414,-1737,-1081,69,-46,96,177
IMU1,17327,179634339,-1739,-1088,81,-55,91,155
IMU1,17328,179644279,-1739,-1102,94,-59,86,126
IMU1,17329,179654217,-1744,-1095,89,-54,83,102
IMU1,17330,179664154,-1741,-1088,87,-44,82,85
IMU1,17331,179673882,-1752,-1077,87,-31,76,79
IMU1,17332,179683625,-1764,-1064,97,-9,64,81
IMU1,17333,179693161,-1753,-1060,115,15,46,90
IMU1,17334,179703000,-1759,-1058,144,40,17,101
IMU1,17335,179713048,-1757,-1060,174,62,-26,116
IMU1,17336,179723173,-1767,-1076,196,80,-75,127
IMU1,17337,179733312,-1771,-1101,219,96,-120,145
IMU1,17338,179743646,-1759,-1122,228,105,-156,165
IMU1,17339,179754182,-1724,-1121,244,110,-186,183
IMU1,17340,179764713,-1683,-1115,271,118,-211,198
IMU1,17341,179775251,-1666,-1139,298,126,-256,202
IMU1,17342,179785789,-1649,-1166,367,128,-282,213
IMU1,17343,179796319,-1642,-1200,488,131,-289,221
IMU1,17344,179806857,-1642,-1246,622,147,-281,231
IMU1,17345,179817405,-1634,-1276,710,164,-287,245
IMU1,17346,179827941,-1613,-1295,791,176,-329,256
IMU1,17347,179838474,-1587,-1331,863,178,-394,265
IMU1,17348,179849027,-1583,-1385,931,168,-456,277
IMU1,17349,179859567,-1596,-1435,989,144,-520,299
IMU1,17350,179870115,-1559,-1569,1142,106,-578,334
IMU1,17351,179880869,-1502,-1658,1200,-8,-550,413
IMU1,17352,179893772,-1443,-1763,1226,-133,-373,443
IMU1,17353,179904605,-1428,-1835,1289,-312,-182,456
IMU1,17354,179915439,-1471,-1946,1425,-530,-87,444
IMU1,17355,179926092,-1549,-2060,1586,-752,-81,414
IMU1,17356,179936740,-1596,-2101,1741,-959,-131,369
IMU1,17357,179947595,-1730,-2139,2035,-1141,-383,193
IMU1,17358,179958643,-1768,-2194,2215,-1398,-580,58
IMU1,17359,179969496,-1836,-2275,2368,-1467,-789,-111
IMU1,17360,179980641,-2002,-2301,2488,-1504,-975,-284
IMU1,17361,179991780,-2258,-2242,2615,-1530,-1087,-440
IMU1,17362,180003122,-2513,-2115,2784,-1532,-1143,-566
IMU1,17363,180014471,-3020,-1750,3205,-1500,-1148,-676
IMU1,17364,180025813,-3258,-1498,3389,-1367,-1191,-955
IMU1,17365,180037147,-3492,-1235,3624,-1307,-1287,-1147
IMU1,17366,180048677,-3712,-881,3712,-1271,-1473,-1366
IMU1,17367,180060019,-3870,-487,3724,-1308,-1743,-1591
IMU1,17368,180071366,-4043,-67,3650,-1440,-2008,-1793
IMU1,17369,180082492,-4429,674,3424,-2004,-2316,-2028
IMU1,17370,180093738,-4533,1039,3241,-2427,-2487,-2047
IMU1,17371,180105189,-4611,1363,3019,-2922,-2750,-2021
IMU1,17372,180116646,-4641,1645,2756,-3455,-3064,-1979
IMU1,17373,180128097,-4594,1906,2426,-3999,-3365,-1909
IMU1,17374,180139553,-4332,2333,1658,-4534,-3602,-1817
IMU1,17375,180151016,-4226,2465,1164,-5517,-3722,-1649
IMU1,17376,180162486,-4096,2467,749,-5970,-3540,-1569
IMU1,17377,180173748,-3934,2455,438,-6401,-3239,-1510
IMU1,17378,180184999,-3788,2486,140,-6779,-2899,-1510
IMU1,17379,180196257,-3600,2470,-151,-7116,-2617,-1576
IMU1,17380,180207620,-3238,2302,-615,-7616,-2277,-1846
IMU1,17381,180218988,-3032,2212,-708,-7738,-2186,-1985
IMU1,17382,180230363,-2817,2081,-687,-7718,-2056,-2099
IMU1,17383,180241685,-2658,1993,-747,-7554,-1841,-2178
IMU1,17384,180253013,-2573,1934,-1002,-7295,-1598,-2216
IMU1,17385,180264542,-2175,1914,-1662,-7000,-1424,-2211
IMU1,17386,180276084,-1900,1707,-1798,-6375,-1251,-2131
IMU1,17387,180287620,-1651,1538,-1859,-5973,-1074,-2081
IMU1,17388,180299154,-1458,1409,-1941,-5483,-832,-2042
IMU1,17389,180310486,-1293,1299,-2095,-4931,-616,-2012
IMU1,17390,180321807,-1188,1197,-2431,-4371,-515,-1989
IMU1,17391,180333148,-1006,1069,-2514,-3368,-605,-1887
IMU1,17392,180344476,-948,970,-2582,-2948,-678,-1780
IMU1,17393,180355409,-880,909,-2660,-2547,-721,-1646
IMU1,17394,180366334,-875,859,-2725,-2191,-744,-1480
IMU1,17395,180377274,-837,776,-2766,-1867,-755,-1296
IMU1,17396,180388222,-792,692,-2774,-1574,-750,-1105
IMU1,17397,180399165,-780,487,-2725,-1304,-705,-914
IMU1,17398,180409905,-751,379,-2709,-766,-537,-539
IMU1,17399,180420446,-725,304,-2688,-504,-488,-359
IMU1,17400,180430974,-748,230,-2637,-257,-450,-202
IMU1,17401,180441497,-810,168,-2580,-18,-410,-54
IMU1,17402,180451616,-867,94,-2506,194,-357,99
IMU1,17403,180461558,-891,36,-2442,377,-288,243
IMU1,17404,180471699,-927,-16,-2398,527,-211,368
IMU1,17405,180481941,-962,-66,-2355,643,-124,478
IMU1,17406,180492156,-990,-136,-2255,727,-15,579
IMU1,17407,180502388,-1020,-193,-2171,794,124,672
# swing_peak_seq=17381
IMU1,17408,180512934,-1084,-235,-2051,853,278,761
IMU1,17409,180523470,-1176,-255,-1952,909,399,852
IMU1,17410,180534020,-1299,-302,-1781,963,477,1056
IMU1,17411,180544752,-1348,-324,-1700,1062,608,1161
IMU1,17412,180555686,-1357,-359,-1616,1106,701,1238
IMU1,17413,180566625,-1339,-393,-1521,1146,790,1297
IMU1,17414,180577566,-1312,-398,-1432,1198,870,1326
IMU1,17415,180588513,-1292,-409,-1344,1256,941,1327
IMU1,17416,180599451,-1231,-435,-1291,1330,987,1310
IMU1,17417,180610392,-1181,-455,-934,1424,972,1275
IMU1,17418,180621672,-741,-259,-602,1784,708,1104
IMU1,17419,180632224,-1045,-380,-1084,2074,531,805
IMU1,17420,180642974,-1946,-691,-1478,2184,382,701
IMU1,17421,180653715,-1765,-798,-1135,2156,210,839
IMU1,17422,180664467,-1617,-755,-1105,2103,157,1067
IMU1,17423,180675404,-1442,-575,-907,2043,329,1319
IMU1,17424,180686135,-1448,-564,-896,2006,655,1532
IMU1,17425,180696868,-1414,-658,-901,1955,989,1721
IMU1,17426,180708133,-1480,-706,-823,1806,1396,1989
IMU1,17427,180719081,-1429,-713,-736,1734,1504,2059
IMU1,17428,180730042,-1368,-802,-707,1691,1561,2059
IMU1,17429,180740985,-1442,-847,-774,1662,1543,2015
IMU1,17430,180751921,-1500,-840,-763,1638,1465,1966
IMU1,17431,180762869,-1500,-824,-709,1637,1377,1916
IMU1,17432,180773820,-1574,-836,-740,1665,1280,1870
IMU1,17433,180785291,-1691,-930,-691,1736,1088,1845
IMU1,17434,180796240,-1652,-949,-652,1775,1013,1863
IMU1,17435,180807191,-1679,-990,-616,1820,961,1876
IMU1,17436,180817943,-1724,-1055,-533,1873,941,1909
IMU1,17437,180828888,-1776,-1101,-531,1943,941,1959
IMU1,17438,180839832,-1816,-1068,-497,2026,944,2022
IMU1,17439,180850773,-1847,-1048,-469,2122,932,2086
IMU1,17440,180862238,-1984,-1006,-397,2340,836,2197
IMU1,17441,180873195,-1936,-1140,-390,2447,712,2227
IMU1,17442,180884151,-1924,-1236,-422,2551,518,2217
IMU1,17443,180897650,-2088,-1113,-360,2628,297,2177
IMU1,17444,180908576,-1817,-1186,-368,2697,79,2088
IMU1,17445,180919835,-1849,-1373,-333,2778,-291,1756
IMU1,17446,180930879,-1890,-1368,-263,2795,-394,1611
IMU1,17447,180941909,-1895,-1334,-181,2822,-397,1488
IMU1,17448,180952940,-1901,-1286,-98,2857,-301,1390
IMU1,17449,180963781,-1986,-1376,-65,2897,-149,1315
IMU1,17450,180974607,-2148,-1608,-30,2930,5,1282
IMU1,17451,180984937,-2069,-1556,-17,2942,129,1323
IMU1,17452,180995679,-2077,-1433,16,2928,241,1465
IMU1,17453,181006323,-2056,-1345,91,2825,352,1531
IMU1,17454,181016971,-2030,-1325,142,2751,350,1550
IMU1,17455,181027823,-2002,-1324,167,2672,330,1531
IMU1,17456,181038669,-1949,-1345,226,2593,324,1477
IMU1,17457,181049517,-1864,-1365,236,2526,396,1385
IMU1,17458,181060367,-1823,-1332,264,2473,546,1260
IMU1,17459,181071215,-1864,-1332,309,2428,699,1125
IMU1,17460,181082063,-1912,-1359,345,2389,782,1007
IMU1,17461,181092921,-1916,-1350,358,2327,713,815
IMU1,17462,181103582,-1898,-1340,373,2287,583,734
IMU1,17463,181114247,-1912,-1345,423,2259,459,656
IMU1,17464,181124902,-1931,-1394,487,2238,379,596
IMU1,17465,181135553,-1913,-1416,527,2233,372,562
IMU1,17466,181146214,-1867,-1413,533,2245,417,544
IMU1,17467,181156858,-1847,-1361,495,2270,455,531
IMU1,17468,181167500,-1866,-1314,485,2303,457,511
IMU1,17469,181178153,-1920,-1277,514,2336,416,498
IMU1,17470,181188810,-1886,-1290,510,2336,299,508
IMU1,17471,181199460,-1864,-1330,494,2293,263,519
IMU1,17472,181210115,-1858,-1332,470,2223,254,526
IMU1,17473,181220764,-1835,-1307,469,2132,251,528
IMU1,17474,181231418,-1814,-1278,469,2042,233,513
IMU1,17475,181242079,-1795,-1251,464,1956,197,475
IMU1,17476,181252740,-1765,-1224,446,1873,155,419
IMU1,17477,181263379,-1740,-1189,416,1787,136,343
IMU1,17478,181274017,-1762,-1160,379,1692,160,264
IMU1,17479,181285165,-1819,-1135,416,1458,300,161
IMU1,17480,181295803,-1885,-1118,378,1342,352,137
IMU1,17481,181306455,-1935,-1120,390,1237,370,114
IMU1,17482,181317100,-1938,-1065,520,1133,351,111
IMU1,17483,181327752,-2131,-1174,276,1054,297,115
IMU1,17484,181338409,-1749,-1101,436,958,211,158
IMU1,17485,181348862,-1835,-1038,271,876,201,119
IMU1,17486,181359314,-1931,-1127,353,779,236,63
IMU1,17487,181369578,-1870,-1123,337,703,272,47
IMU1,17488,181379842,-1895,-1088,386,631,326,30
IMU1,17489,181391127,-1931,-1110,408,535,380,7
IMU1,17490,181401188,-1910,-1084,394,515,345,12
IMU1,17491,181411456,-1908,-1071,384,515,294,-4
IMU1,17492,181421618,-1896,-1053,354,511,237,-20
IMU1,17493,181431971,-1894,-1044,326,501,187,-36
IMU1,17494,181442330,-1874,-1038,290,478,165,-57
IMU1,17495,181452681,-1867,-1021,269,443,166,-76
IMU1,17496,181463034,-1846,-1011,249,406,166,-93
IMU1,17497,181473373,-1821,-995,238,366,164,-108
IMU1,17498,181483707,-1826,-964,227,327,170,-123
IMU1,17499,181494039,-1834,-953,234,286,176,-127
IMU1,17500,181504388,-1830,-960,225,249,166,-114
IMU1,17501,181514716,-1835,-954,232,207,166,-96
IMU1,17502,181525390,-1836,-955,217,129,227,-47
IMU1,17503,181535545,-1826,-943,213,98,248,-39
IMU1,17504,181545493,-1814,-942,202,74,244,-44
IMU1,17505,181555439,-1824,-941,195,53,234,-59
IMU1,17506,181565385,-1819,-932,190,44,229,-74
IMU1,17507,181575343,-1844,-926,180,37,234,-81
IMU1,17508,181585297,-1863,-945,203,39,241,-77
IMU1,17509,181595245,-1856,-935,213,55,246,-63
IMU1,17510,181605199,-1855,-918,232,79,239,-54
IMU1,17511,181615160,-1881,-922,227,109,206,-50
IMU1,17512,181625315,-1881,-913,222,138,155,-53
IMU1,17513,181635473,-1869,-907,205,162,93,-56
IMU1,17514,181645419,-1856,-906,189,178,37,-62
IMU1,17515,181655369,-1836,-897,162,180,7,-65
IMU1,17516,181665121,-1836,-897,138,173,9,-71
IMU1,17517,181674870,-1825,-889,119,163,28,-72
IMU1,17518,181684822,-1811,-877,108,144,53,-67
IMU1,17519,181694764,-1824,-888,118,120,84,-65
IMU1,17520,181704714,-1846,-891,114,99,103,-60
IMU1,17521,181714660,-1856,-901,136,88,105,-49
IMU1,17522,181724605,-1815,-889,129,81,103,-37
IMU1,17523,181734547,-1768,-877,154,87,93,-34
IMU1,17524,181744294,-1765,-878,156,105,84,-55
IMU1,17525,181754244,-1772,-879,151,134,59,-82
IMU1,17526,181764200,-1752,-874,151,170,32,-108
IMU1,17527,181774331,-1681,-865,205,200,19,-136
IMU1,17528,181784983,-1863,-910,178,283,-10,-209
IMU1,17529,181795213,-2014,-933,147,306,-73,-187
IMU1,17530,181805451,-2017,-937,159,308,-126,-101
IMU1,17531,181815891,-1924,-918,152,290,-123,24
IMU1,17532,181826044,-1851,-882,135,260,-78,139
IMU1,17533,181836184,-1829,-888,93,215,-41,204
IMU1,17534,181846131,-1796,-901,89,163,-35,227
IMU1,17535,181856079,-1767,-898,92,110,-22,209
IMU1,17536,181866017,-1769,-912,94,69,24,158
IMU1,17537,181875656,-1778,-919,118,39,75,87
IMU1,17538,181885302,-1798,-905,125,21,102,10
IMU1,17539,181897598,-1828,-886,138,12,103,-58
IMU1,17540,181907544,-1849,-888,137,7,87,-100
IMU1,17541,181917280,-1866,-881,126,5,66,-112
IMU1,17542,181927022,-1887,-890,123,3,51,-96
IMU1,17543,181936567,-1901,-898,114,-2,46,-62
IMU1,17544,181946213,-1885,-901,112,-3,51,-26
IMU1,17545,181955857,-1869,-900,113,5,52,-4
IMU1,17546,181965205,-1850,-897,116,22,48,-2
IMU1,17547,181974738,-1830,-897,102,36,41,-20
IMU1,17548,181984486,-1808,-892,100,52,34,-56
IMU1,17549,181994227,-1825,-890,93,62,31,-95
IMU1,17550,182003786,-1876,-896,90,71,31,-128
IMU1,17551,182013541,-1939,-897,79,72,27,-128
IMU1,17552,182023298,-1942,-892,76,60,21,-88
IMU1,17553,182032847,-1899,-875,74,42,15,-23
IMU1,17554,182042390,-1862,-851,57,19,19,35
IMU1,17555,182051844,-1849,-856,41,-8,21,75
IMU1,17556,182061189,-1842,-864,43,-36,22,95
IMU1,17557,182070741,-1825,-861,50,-62,38,93
IMU1,17558,182080292,-1825,-859,63,-80,61,83
IMU1,17559,182089827,-1830,-860,74,-89,83,63
IMU1,17560,182099374,-1844,-859,75,-88,91,40
IMU1,17561,182108916,-1854,-857,83,-83,84,24
IMU1,17562,182118455,-1867,-859,86,-73,71,13
IMU1,17563,182127996,-1861,-859,81,-58,51,11
IMU1,17564,182137560,-1847,-853,69,-48,35,14
IMU1,17565,182147121,-1859,-850,61,-31,19,15
IMU1,17566,182156675,-1866,-856,59,-21,16,20
IMU1,17567,182166234,-1851,-856,43,-10,22,22
IMU1,17568,182175791,-1836,-859,32,-11,29,24
IMU1,17569,182185351,-1829,-855,45,-11,38,23
IMU1,17570,182194906,-1819,-859,49,-4,56,12
IMU1,17571,182204260,-1832,-858,52,1,66,4
IMU1,17572,182213322,-1861,-858,60,7,63,5
IMU1,17573,182222383,-1873,-855,59,9,55,27
IMU1,17574,182231648,-1854,-853,50,8,46,69
IMU1,17575,182240911,-1848,-840,51,4,47,116
IMU1,17576,182250364,-1840,-839,43,-5,55,157
IMU1,17577,182259921,-1832,-850,40,-14,63,185
IMU1,17578,182269674,-1811,-856,43,-26,64,204
IMU1,17579,182279433,-1795,-860,51,-33,66,203
IMU1,17580,182289177,-1783,-856,61,-37,68,196
IMU1,17581,182298921,-1775,-856,72,-36,64,185
IMU1,17582,182308660,-1768,-849,79,-30,56,171
IMU1,17583,182318404,-1768,-843,84,-25,37,163
IMU1,17584,182328136,-1778,-845,84,-23,13,160
IMU1,17585,182337874,-1788,-868,90,-27,-4,169
IMU1,17586,182347514,-1802,-891,94,-33,-13,189
IMU1,17587,182357368,-1786,-915,111,-51,-19,219
IMU1,17588,182367413,-1769,-930,130,-77,-19,247
IMU1,17589,182377462,-1761,-947,152,-101,-23,269
IMU1,17590,182387704,-1771,-976,186,-126,-30,285
IMU1,17591,182397946,-1789,-1002,225,-151,-39,299
IMU1,17592,182408400,-1789,-1023,255,-167,-46,317
IMU1,17593,182418822,-1793,-1057,335,-184,-63,350
IMU1,17594,182429779,-1781,-1085,381,-202,-118,361
IMU1,17595,182440412,-1766,-1118,449,-194,-147,354
IMU1,17596,182451045,-1767,-1151,522,-186,-180,345
IMU1,17597,182461688,-1776,-1192,594,-172,-224,351
IMU1,17598,182472335,-1782,-1234,662,-156,-282,363
IMU1,17599,182482978,-1769,-1261,712,-141,-342,380
IMU1,17600,182493621,-1735,-1300,763,-142,-386,393
IMU1,17601,182504252,-1703,-1334,811,-161,-384,400
IMU1,17602,182514872,-1667,-1458,952,-211,-286,395
IMU1,17603,182525520,-1692,-1538,1130,-421,6,341
IMU1,17604,182535858,-1761,-1610,1336,-527,53,290
IMU1,17605,182546384,-1796,-1699,1550,-606,4,241
IMU1,17606,182556728,-1849,-1749,1788,-650,-120,181
IMU1,17607,182567558,-1941,-1777,2021,-666,-303,129
IMU1,17608,182578388,-2033,-1803,2234,-669,-527,91
IMU1,17609,182589036,-2101,-1817,2399,-674,-771,48
IMU1,17610,182599689,-2175,-1818,2545,-706,-1005,-7
IMU1,17611,182610421,-2247,-1764,2650,-782,-1153,-80
IMU1,17612,182621348,-2433,-1616,2969,-1083,-1040,-282
IMU1,17613,182632678,-2637,-1466,3236,-1294,-913,-438
IMU1,17614,182643811,-3036,-1309,3623,-1494,-895,-626
IMU1,17615,182654960,-3499,-1138,4036,-1644,-1031,-797
IMU1,17616,182666311,-3866,-883,4333,-1737,-1315,-962
IMU1,17617,182677450,-4206,-574,4559,-1818,-1688,-1140
IMU1,17618,182688799,-4877,207,4450,-2160,-2706,-1555
IMU1,17619,182700048,-5175,661,4206,-2498,-3235,-1744
IMU1,17620,182711290,-5323,1120,3842,-2931,-3620,-1818
IMU1,17621,182722741,-5405,1529,3380,-3433,-3866,-1869
IMU1,17622,182734183,-5448,1892,2908,-3979,-4011,-1909
IMU1,17623,182745632,-5503,2458,2042,-4531,-4070,-1960
IMU1,17624,182757077,-5545,2645,1645,-5528,-4114,-2079
IMU1,17625,182768537,-5572,2817,1225,-5943,-4204,-2112
IMU1,17626,182780000,-5374,2922,751,-6312,-4322,-2106
IMU1,17627,182791272,-4893,2965,188,-6669,-4382,-2081
IMU1,17628,182802518,-4484,2850,-327,-7037,-4300,-2079
IMU1,17629,182813873,-3497,2655,-1022,-7757,-3514,-2183
IMU1,17630,182825433,-3045,2339,-1247,-8029,-2880,-2348
IMU1,17631,182836981,-2793,1926,-1243,-8184,-2266,-2559
IMU1,17632,182848531,-2693,1818,-1049,-8152,-1711,-2735
IMU1,17633,182860061,-2541,1771,-892,-7893,-1160,-2853
IMU1,17634,182871416,-2100,1449,-946,-6740,-238,-2974
IMU1,17635,182882563,-1928,1376,-1088,-6000,-192,-2956
IMU1,17636,182893895,-1744,1330,-1258,-5233,-433,-2871
IMU1,17637,182907697,-1524,1208,-1443,-4506,-852,-2733
IMU1,17638,182919032,-1209,862,-1726,-3837,-1304,-2367
IMU1,17639,182930385,-1107,687,-1864,-2735,-1813,-2149
IMU1,17640,182941731,-959,510,-2003,-2302,-1827,-1914
IMU1,17641,182952887,-827,355,-2117,-1950,-1738,-1701
IMU1,17642,182964026,-761,235,-2226,-1660,-1601,-1510
IMU1,17643,182975160,-746,130,-2318,-1435,-1441,-1325
IMU1,17644,182986312,-700,1,-2432,-1266,-1257,-960
IMU1,17645,182996867,-662,-113,-2432,-1034,-826,-802
IMU1,17646,183007694,-681,-257,-2346,-939,-577,-656
IMU1,17647,183018346,-665,-380,-2301,-830,-306,-509
IMU1,17648,183028990,-635,-449,-2194,-690,-40,-381
IMU1,17649,183039440,-637,-473,-2155,-535,170,-270
IMU1,17650,183050008,-648,-501,-2109,-373,304,-173
IMU1,17651,183060541,-670,-530,-2052,-207,364,-81
IMU1,17652,183070870,-672,-563,-1993,-41,366,9
IMU1,17653,183080717,-660,-588,-1944,116,346,95
IMU1,17654,183090869,-674,-610,-1885,255,336,175
IMU1,17655,183101232,-693,-677,-1764,373,338,260
IMU1,17656,183112101,-738,-718,-1678,561,355,447
IMU1,17657,183122451,-772,-747,-1588,633,359,558
# swing_peak_seq=17631
IMU1,17658,183132819,-808,-774,-1534,711,354,676
IMU1,17659,183143170,-838,-788,-1493,784,344,803
IMU1,17660,183153527,-855,-787,-1454,854,337,929
IMU1,17661,183163888,-870,-780,-1411,911,337,1045
IMU1,17662,183174453,-905,-794,-1361,965,369,1136
IMU1,17663,183184997,-891,-801,-1291,1012,435,1199
IMU1,17664,183195742,-863,-792,-1192,1054,517,1231
IMU1,17665,183206511,-864,-780,-1018,1110,589,1230
IMU1,17666,183217266,36,-478,-584,1202,596,1038
IMU1,17667,183227529,-1327,-718,-1526,1491,590,586
IMU1,17668,183238288,-2099,-1356,-1147,1365,554,639
IMU1,17669,183249252,-1223,-1128,-835,1226,457,1025
IMU1,17670,183260207,-1040,-834,-491,1169,514,1251
IMU1,17671,183270957,-1301,-841,-690,1201,737,1390
IMU1,17672,183281713,-1283,-963,-680,1208,903,1542
IMU1,17673,183292465,-1423,-1192,-792,1179,888,1703
IMU1,17674,183303443,-1482,-1085,-551,1130,802,1856
IMU1,17675,183314392,-1496,-1176,-534,1148,769,2031
IMU1,17676,183325363,-1483,-1226,-464,1181,776,2055
IMU1,17677,183336327,-1476,-1199,-388,1221,787,2025
IMU1,17678,183347291,-1458,-1177,-361,1273,803,1941
IMU1,17679,183358235,-1433,-1195,-396,1331,789,1816
IMU1,17680,183369211,-1515,-1215,-392,1382,721,1675
IMU1,17681,183380163,-1623,-1308,-377,1422,617,1559
IMU1,17682,183391109,-1690,-1332,-400,1496,465,1472
IMU1,17683,183402063,-1682,-1321,-413,1517,453,1472
IMU1,17684,183413008,-1686,-1326,-408,1532,489,1486
IMU1,17685,183423950,-1702,-1331,-382,1531,575,1511
IMU1,17686,183434928,-1740,-1342,-320,1538,683,1553
IMU1,17687,183445882,-1786,-1372,-252,1561,777,1612
IMU1,17688,183456833,-1802,-1403,-206,1603,824,1684
IMU1,17689,183468285,-1818,-1429,-172,1731,766,1799
IMU1,17690,183479243,-1776,-1440,-190,1810,709,1826
IMU1,17691,183490204,-1751,-1428,-218,1890,640,1812
IMU1,17692,183501170,-1745,-1412,-258,1958,549,1764
IMU1,17693,183512098,-1751,-1425,-248,2013,450,1694
IMU1,17694,183523028,-1795,-1453,-209,2064,373,1616
IMU1,17695,183533957,-1855,-1476,-145,2113,340,1547
IMU1,17696,183544904,-1864,-1463,-125,2197,384,1468
IMU1,17697,183555843,-1861,-1441,-106,2236,414,1445
IMU1,17698,183566769,-1883,-1420,-102,2267,456,1417
IMU1,17699,183577704,-1890,-1414,-86,2294,500,1401
IMU1,17700,183588441,-1909,-1419,-68,2319,545,1383
IMU1,17701,183599193,-1941,-1438,-54,2333,575,1364
IMU1,17702,183609955,-1962,-1450,-45,2336,590,1343
IMU1,17703,183620696,-1969,-1429,-28,2337,599,1315
IMU1,17704,183631444,-1926,-1409,-13,2319,624,1231
IMU1,17705,183642193,-1894,-1381,13,2310,629,1172
IMU1,17706,183652858,-1880,-1339,7,2306,634,1090
IMU1,17707,183663322,-1895,-1325,41,2300,645,1011
IMU1,17708,183673981,-1904,-1326,84,2293,661,948
IMU1,17709,183684440,-1904,-1307,133,2288,683,894
IMU1,17710,183695081,-1900,-1286,173,2285,711,846
IMU1,17711,183705731,-1916,-1281,205,2281,738,806
IMU1,17712,183716363,-1918,-1293,209,2281,743,769
IMU1,17713,183727012,-1890,-1259,208,2279,658,686
IMU1,17714,183737668,-1852,-1254,177,2256,599,634
IMU1,17715,183748325,-1819,-1228,160,2233,558,573
IMU1,17716,183758980,-1814,-1212,144,2201,552,504
IMU1,17717,183769641,-1823,-1218,168,2151,585,445
IMU1,17718,183780283,-1843,-1222,227,2094,651,392
IMU1,17719,183790934,-1875,-1222,283,2036,724,354
IMU1,17720,183801597,-1902,-1225,310,1984,782,335
IMU1,17721,183812279,-1909,-1226,326,1940,797,328
IMU1,17722,183822931,-1876,-1181,344,1903,766,328
IMU1,17723,183833594,-1884,-1180,368,1850,618,328
IMU1,17724,183844261,-1871,-1160,381,1843,525,331
IMU1,17725,183854904,-1866,-1137,362,1839,433,339
IMU1,17726,183865556,-1894,-1129,332,1833,354,350
IMU1,17727,183876219,-1907,-1133,338,1811,297,367
IMU1,17728,183886870,-1908,-1130,323,1780,275,377
IMU1,17729,183897525,-1877,-1114,310,1734,279,373
IMU1,17730,183910762,-1823,-1059,299,1621,306,303
IMU1,17731,183921405,-1796,-1027,307,1558,310,248
IMU1,17732,183932062,-1775,-996,315,1508,302,184
IMU1,17733,183942525,-1796,-962,312,1456,292,132
IMU1,17734,183952974,-1753,-929,301,1407,284,101
IMU1,17735,183963424,-2130,-1010,401,1360,291,91
IMU1,17736,183973875,-1849,-1000,286,1310,312,156
IMU1,17737,183984534,-1810,-913,274,1240,349,183
IMU1,17738,183994999,-1925,-939,271,1156,407,155
IMU1,17739,184005459,-1873,-947,290,1071,431,130
IMU1,17740,184016428,-1939,-935,383,922,433,59
IMU1,17741,184026472,-1969,-968,400,887,434,42
IMU1,17742,184036508,-1949,-955,417,873,399,54
IMU1,17743,184046562,-1964,-942,411,874,343,67
IMU1,17744,184056610,-1952,-933,390,874,289,86
IMU1,17745,184066669,-1949,-934,379,867,242,108
IMU1,17746,184076908,-1957,-935,372,853,205,121
IMU1,17747,184087146,-1912,-919,358,830,170,122
IMU1,17748,184097400,-1909,-906,351,805,137,109
IMU1,17749,184107645,-1877,-907,345,773,118,86
IMU1,17750,184117702,-1864,-906,342,734,120,55
IMU1,17751,184127758,-1865,-896,346,694,133,22
IMU1,17752,184137819,-1865,-885,335,652,147,-5
IMU1,17753,184147765,-1877,-871,329,603,162,-27
IMU1,17754,184157914,-1885,-870,325,548,185,-36
IMU1,17755,184168066,-1891,-860,331,487,212,-37
IMU1,17756,184178197,-1908,-846,347,422,231,-31
IMU1,17757,184189386,-1900,-844,327,311,227,-13
IMU1,17758,184199543,-1897,-840,324,261,215,-6
IMU1,17759,184209489,-1877,-841,315,221,213,-6
IMU1,17760,184219441,-1863,-837,324,187,225,-10
IMU1,17761,184229572,-1848,-833,321,169,239,-20
IMU1,17762,184239711,-1853,-832,317,159,245,-32
IMU1,17763,184249863,-1860,-837,319,157,236,-43
IMU1,17764,184260008,-1859,-835,312,158,217,-46
IMU1,17765,184270147,-1854,-825,301,161,183,-44
IMU1,17766,184280284,-1850,-822,276,161,142,-41
IMU1,17767,184290421,-1845,-821,276,155,106,-35
IMU1,17768,184300564,-1854,-821,249,144,94,-26
IMU1,17769,184310510,-1862,-816,242,132,96,-14
IMU1,17770,184320460,-1866,-822,234,115,102,1
IMU1,17771,184330267,-1862,-826,242,101,110,12
IMU1,17772,184340274,-1850,-821,245,96,118,16
IMU1,17773,184350098,-1843,-818,240,95,117,12
IMU1,17774,184359920,-1780,-796,201,93,114,-10
IMU1,17775,184369850,-1954,-868,244,82,110,-40
IMU1,17776,184379773,-1830,-809,227,72,106,-34
IMU1,17777,184389704,-1865,-778,245,65,101,-45
IMU1,17778,184401193,-1936,-853,207,70,28,-29
IMU1,17779,184410921,-1901,-802,196,69,-12,4
IMU1,17780,184420446,-1865,-805,183,69,-18,26
IMU1,17781,184430169,-1845,-801,182,52,6,36
IMU1,17782,184439595,-1860,-789,165,38,35,28
IMU1,17783,184449240,-1931,-817,184,30,53,9
IMU1,17784,184458665,-1999,-838,182,23,47,19
IMU1,17785,184468294,-1981,-828,213,23,31,61
IMU1,17786,184477931,-1956,-819,213,38,19,102
IMU1,17787,184487769,-1923,-819,209,64,-1,131
IMU1,17788,184497483,-1898,-808,200,92,-42,135
IMU1,17789,184507406,-1889,-796,201,122,-101,113
IMU1,17790,184517734,-1878,-793,186,146,-164,73
IMU1,17791,184527877,-1878,-789,170,165,-199,26
IMU1,17792,184538006,-1871,-785,136,167,-206,-11
IMU1,17793,184548224,-1863,-779,107,148,-188,-40
IMU1,17794,184558449,-1868,-776,94,119,-140,-65
IMU1,17795,184568482,-1865,-777,100,81,-72,-84
IMU1,17796,184578305,-1873,-768,112,42,-3,-94
IMU1,17797,184587936,-1891,-772,126,6,48,-99
IMU1,17798,184597477,-1918,-772,137,-22,71,-99
IMU1,17799,184607321,-1940,-782,154,-36,71,-89
IMU1,17800,184617160,-1954,-790,163,-44,59,-71
IMU1,17801,184626993,-1958,-793,156,-38,43,-51
IMU1,17802,184636845,-1954,-794,143,-24,23,-29
IMU1,17803,184646678,-1942,-785,139,-6,2,-10
IMU1,17804,184656112,-1919,-773,130,13,-20,5
IMU1,17805,184665647,-1899,-763,119,26,-31,11
IMU1,17806,184675373,-1877,-750,106,34,-34,13
IMU1,17807,184685113,-1870,-744,79,37,-33,3
IMU1,17808,184694463,-1872,-742,72,27,-28,-9
IMU1,17809,184703897,-1889,-747,75,16,-5,-21
IMU1,17810,184713352,-1905,-755,86,7,29,-20
IMU1,17811,184722706,-1904,-759,96,4,66,-13
IMU1,17812,184732062,-1903,-749,110,6,79,-4
IMU1,17813,184741408,-1890,-739,111,14,68,0
IMU1,17814,184750757,-1886,-744,108,22,40,4
IMU1,17815,184760201,-1884,-750,87,32,12,6
IMU1,17816,184769452,-1882,-757,91,36,1,7
IMU1,17817,184778507,-1871,-764,101,39,10,2
IMU1,17818,184787959,-1860,-760,113,48,29,-9
IMU1,17819,184797508,-1863,-755,121,54,43,-20
IMU1,17820,184807257,-1862,-754,126,59,47,-33
IMU1,17821,184816997,-1877,-748,135,68,38,-42
IMU1,17822,184826729,-1908,-743,145,72,21,-37
IMU1,17823,184836474,-1932,-752,166,80,2,-16
IMU1,17824,184846002,-1961,-750,162,85,-20,22
IMU1,17825,184855724,-1956,-749,162,89,-42,70
IMU1,17826,184865454,-1935,-734,154,88,-58,115
IMU1,17827,184875383,-1921,-723,131,86,-60,143
IMU1,17828,184885316,-1855,-701,118,78,-58,150
IMU1,17829,184895256,-1877,-676,102,63,-48,134
IMU1,17830,184905192,-1867,-674,87,52,-25,108
IMU1,17831,184917686,-1867,-675,67,38,-2,80
IMU1,17832,184927031,-1886,-672,52,23,24,57
IMU1,17833,184936487,-1907,-681,35,2,49,49
IMU1,17834,184945724,-1887,-686,40,-25,72,50
IMU1,17835,184955264,-1888,-676,28,-49,92,67
IMU1,17836,184964805,-1885,-686,12,-72,109,93
IMU1,17837,184974531,-1870,-697,4,-95,129,125
IMU1,17838,184984273,-1855,-702,-1,-111,154,158
IMU1,17839,184994314,-1823,-702,0,-115,182,185
IMU1,17840,185004154,-1799,-709,0,-115,210,207
IMU1,17841,185013997,-1795,-721,9,-108,228,227
IMU1,17842,185023939,-1804,-729,22,-95,235,248
IMU1,17843,185033889,-1823,-752,42,-75,237,272
IMU1,17844,185043841,-1843,-778,57,-58,233,300
IMU1,17845,185054822,-1826,-792,65,-28,193,340
IMU1,17846,185064768,-1830,-793,75,-14,173,347
IMU1,17847,185074714,-1819,-818,101,-11,171,341
IMU1,17848,185084857,-1796,-846,133,-8,171,341
IMU1,17849,185094795,-1804,-868,179,-16,179,339
IMU1,17850,185104928,-1833,-896,238,-12,176,347
IMU1,17851,185115069,-1846,-926,276,-4,156,368
IMU1,17852,185125023,-1881,-946,330,11,114,401
IMU1,17853,185135075,-1884,-973,366,33,68,441
IMU1,17854,185144936,-1870,-996,418,57,36,477
IMU1,17855,185154783,-1843,-1030,471,79,25,500
IMU1,17856,185164827,-1820,-1071,552,99,36,504
IMU1,17857,185174863,-1829,-1122,648,115,48,493
IMU1,17858,185185105,-1869,-1173,764,128,40,478
IMU1,17859,185195359,-1947,-1243,903,151,1,476
IMU1,17860,185205423,-1963,-1317,983,178,-70,495
IMU1,17861,185215764,-1944,-1391,1089,188,-134,518
IMU1,17862,185226516,-1920,-1471,1363,174,-143,517
IMU1,17863,185237769,-1974,-1636,1594,55,-48,409
IMU1,17864,185248111,-2116,-1718,1869,-24,-22,339
IMU1,17865,185258539,-2235,-1802,2207,-92,-39,260
IMU1,17866,185268990,-2358,-1800,2524,-157,-135,172
IMU1,17867,185279835,-2507,-1744,2814,-232,-315,61
IMU1,17868,185290507,-2667,-1659,3071,-342,-496,-70
IMU1,17869,185301245,-2850,-1546,3360,-507,-604,-225
IMU1,17870,185312189,-3066,-1387,3674,-731,-650,-404
IMU1,17871,185323130,-3618,-875,4439,-1008,-738,-841
IMU1,17872,185334087,-3944,-549,4875,-1607,-1159,-1077
IMU1,17873,185345435,-4308,-195,5265,-1883,-1479,-1315
IMU1,17874,185356771,-4746,206,5421,-2141,-1928,-1537
IMU1,17875,185368034,-5203,689,5278,-2451,-2493,-1712
IMU1,17876,185379279,-5629,1163,4861,-2887,-3056,-1843
IMU1,17877,185390728,-5952,2062,3570,-4281,-3849,-1850
IMU1,17878,185402185,-5860,2450,2818,-5161,-4116,-1881
IMU1,17879,185413643,-5755,2749,2197,-6039,-4204,-1971
IMU1,17880,185425114,-5634,2934,1587,-6815,-4110,-2132
IMU1,17881,185436588,-5519,3009,1030,-7481,-3889,-2337
IMU1,17882,185448064,-4990,3043,160,-8026,-3555,-2574
IMU1,17883,185459301,-4641,2967,-160,-8763,-2892,-3195
IMU1,17884,185470654,-4237,3008,-455,-8959,-2538,-3538
IMU1,17885,185482027,-3874,2926,-694,-9036,-2102,-3890
IMU1,17886,185493376,-3621,2748,-751,-8964,-1695,-4204
IMU1,17887,185504721,-3398,2553,-733,-8710,-1285,-4406
IMU1,17888,185516077,-2807,2390,-679,-7523,-281,-4436
IMU1,17889,185527243,-2542,2232,-688,-6656,52,-4317
IMU1,17890,185538111,-2187,2156,-767,-5691,3,-4138
IMU1,17891,185548783,-1890,2054,-947,-4730,-422,-3936
IMU1,17892,185559965,-1670,1919,-1182,-3849,-1085,-3709
IMU1,17893,185571523,-1472,1735,-1437,-3094,-1774,-3441
IMU1,17894,185583074,-1007,1317,-1930,-1975,-2610,-2793
IMU1,17895,185594624,-822,1145,-2130,-1587,-2656,-2459
IMU1,17896,185605983,-697,995,-2304,-1278,-2506,-2137
IMU1,17897,185617128,-626,839,-2421,-1060,-2231,-1830
IMU1,17898,185628267,-589,636,-2479,-914,-1893,-1538
IMU1,17899,185639217,-562,431,-2493,-807,-1530,-1265
IMU1,17900,185650148,-511,66,-2385,-719,-1165,-782
IMU1,17901,185660703,-483,-92,-2311,-528,-521,-592
IMU1,17902,185671144,-464,-220,-2228,-412,-266,-428
IMU1,17903,185681777,-468,-316,-2143,-273,-70,-298
IMU1,17904,185692213,-466,-352,-2079,-127,64,-196
IMU1,17905,185702540,-503,-411,-1996,7,160,-106
IMU1,17906,185712567,-525,-472,-1922,136,257,-30
IMU1,17907,185722811,-596,-560,-1833,250,364,46
IMU1,17908,185732966,-655,-643,-1774,346,463,127
IMU1,17909,185743301,-680,-713,-1723,421,531,221
IMU1,17910,185753660,-683,-786,-1682,483,559,318
IMU1,17911,185764000,-736,-848,-1641,535,557,415
# swing_peak_seq=17885
IMU1,17912,185774335,-799,-904,-1615,583,537,534
IMU1,17913,185784696,-930,-1010,-1518,623,519,808
IMU1,17914,185795255,-1020,-1051,-1495,717,545,944
IMU1,17915,185806004,-1064,-1088,-1484,752,583,1076
IMU1,17916,185816951,-1066,-1105,-1470,778,622,1180
IMU1,17917,185827919,-1064,-1088,-1424,795,659,1249
IMU1,17918,185838878,-995,-1045,-1366,811,720,1273
IMU1,17919,185849634,-616,-867,-1090,846,810,1229
IMU1,17920,185860186,2049,-137,-1358,951,958,768
IMU1,17921,185870631,-3835,-1421,-2204,856,1334,-78
IMU1,17922,185882002,-944,-1140,-1239,448,1457,895
IMU1,17923,185892733,-1327,-887,-387,546,1491,1019
IMU1,17924,185903471,-1532,-986,-954,686,1594,1181
IMU1,17925,185914235,-1467,-1238,-810,793,1452,1382
IMU1,17926,185927646,-1367,-1305,-905,889,1168,1540
IMU1,17927,185938587,-1217,-1008,-646,977,915,1620
IMU1,17928,185949316,-1274,-1120,-655,1273,653,1573
IMU1,17929,185960273,-1297,-1206,-591,1400,501,1538
IMU1,17930,185971201,-1293,-1186,-520,1520,366,1516
IMU1,17931,185982128,-1298,-1178,-505,1637,286,1501
IMU1,17932,185993066,-1316,-1211,-527,1729,250,1490
IMU1,17933,186004003,-1404,-1218,-453,1786,239,1485
IMU1,17934,186014931,-1463,-1232,-370,1823,254,1500
IMU1,17935,186026394,-1496,-1303,-366,1861,283,1552
IMU1,17936,186037337,-1479,-1249,-306,1852,275,1565
IMU1,17937,186048292,-1481,-1264,-211,1842,279,1554
IMU1,17938,186059229,-1373,-1271,-241,1847,293,1527
IMU1,17939,186070174,-1431,-1294,-203,1841,291,1479
IMU1,17940,186081117,-1494,-1356,-193,1835,282,1433
IMU1,17941,186092070,-1507,-1373,-154,1827,298,1404
IMU1,17942,186103015,-1515,-1369,-125,1800,442,1354
IMU1,17943,186113964,-1516,-1383,-94,1775,551,1336
IMU1,17944,186124709,-1523,-1394,-58,1753,657,1319
IMU1,17945,186135449,-1545,-1397,-6,1732,755,1304
IMU1,17946,186145993,-1566,-1401,20,1724,834,1298
IMU1,17947,186156629,-1597,-1417,32,1720,887,1306
IMU1,17948,186167284,-1655,-1431,59,1724,913,1329
IMU1,17949,186177920,-1707,-1437,70,1735,928,1370
IMU1,17950,186188562,-1711,-1449,60,1754,939,1469
IMU1,17951,186199215,-1695,-1449,46,1793,949,1494
IMU1,17952,186209861,-1692,-1454,58,1811,976,1479
IMU1,17953,186220502,-1719,-1463,101,1825,1007,1441
IMU1,17954,186231543,-1778,-1492,183,1857,1031,1385
IMU1,17955,186242598,-1837,-1538,242,1906,1025,1332
IMU1,17956,186253640,-1863,-1539,266,1979,957,1285
IMU1,17957,186264485,-1858,-1520,256,2064,833,1238
IMU1,17958,186275335,-1859,-1474,218,2153,499,1139
IMU1,17959,186286189,-1836,-1478,171,2300,361,1092
IMU1,17960,186297033,-1818,-1467,165,2331,279,1036
IMU1,17961,186307879,-1811,-1461,183,2343,267,963
IMU1,17962,186318521,-1832,-1462,210,2328,317,889
IMU1,17963,186329174,-1874,-1473,261,2300,403,829
IMU1,17964,186339827,-1883,-1479,287,2262,499,781
IMU1,17965,186350488,-1851,-1452,272,2218,588,737
IMU1,17966,186361147,-1808,-1406,241,2160,652,688
IMU1,17967,186372319,-1772,-1386,221,2016,783,561
IMU1,17968,186382959,-1772,-1376,215,1923,853,500
IMU1,17969,186393598,-1793,-1382,238,1828,912,436
IMU1,17970,186404263,-1803,-1389,272,1732,975,377
IMU1,17971,186414899,-1863,-1391,342,1647,1027,322
IMU1,17972,186425730,-1913,-1401,394,1592,1051,285
IMU1,17973,186436582,-1932,-1405,432,1564,1026,266
IMU1,17974,186447424,-1935,-1384,478,1559,949,265
IMU1,17975,186458077,-1983,-1391,582,1583,731,292
IMU1,17976,186468731,-1965,-1407,602,1685,604,321
IMU1,17977,186479374,-1911,-1373,583,1750,466,319
IMU1,17978,186490035,-1851,-1337,547,1808,325,295
IMU1,17979,186500681,-1848,-1312,542,1854,180,252
IMU1,17980,186511321,-1850,-1310,546,1878,31,197
IMU1,17981,186521781,-1868,-1309,570,1882,-86,140
IMU1,17982,186532311,-1881,-1310,622,1866,-148,92
IMU1,17983,186542857,-1876,-1304,659,1835,-143,56
IMU1,17984,186553401,-1872,-1295,678,1791,-82,28
IMU1,17985,186564787,-1864,-1249,678,1664,52,-4
IMU1,17986,186574934,-1842,-1206,662,1601,51,-25
IMU1,17987,186585259,-1787,-1168,649,1527,16,-63
IMU1,17988,186595601,-1747,-1144,652,1450,-5,-115
IMU1,17989,186606037,-1749,-1133,683,1360,16,-172
IMU1,17990,186616579,-1715,-1090,633,1255,79,-225
IMU1,17991,186627135,-1759,-1090,718,1139,140,-274
IMU1,17992,186637887,-1776,-1087,757,1030,185,-304
IMU1,17993,186648634,-1760,-1033,770,933,190,-314
IMU1,17994,186659193,-1814,-1109,622,840,151,-312
IMU1,17995,186670280,-1735,-993,667,605,118,-322
IMU1,17996,186680630,-1790,-1010,577,471,137,-305
IMU1,17997,186691183,-1737,-1007,657,347,156,-247
IMU1,17998,186701731,-1753,-1004,650,232,195,-178
IMU1,17999,186712275,-1727,-1016,687,135,222,-106
IMU1,18000,186722823,-1663,-994,697,66,212,-53
IMU1,18001,186732765,-1657,-997,695,24,183,-43
IMU1,18002,186742711,-1677,-1020,664,-6,135,-62
IMU1,18003,186752754,-1669,-1019,622,-27,64,-90
IMU1,18004,186762792,-1677,-1013,581,-48,3,-124
IMU1,18005,186772835,-1684,-1018,548,-73,-23,-151
IMU1,18006,186783170,-1710,-1031,543,-104,-8,-165
IMU1,18007,186793495,-1742,-1045,538,-130,40,-162
IMU1,18008,186803920,-1762,-1043,533,-155,82,-144
IMU1,18009,186814857,-1777,-1046,531,-178,89,-105
IMU1,18010,186825282,-1793,-1055,531,-177,57,-87
IMU1,18011,186835508,-1794,-1058,525,-169,22,-74
IMU1,18012,186845740,-1771,-1058,498,-151,-18,-65
IMU1,18013,186856069,-1732,-1053,474,-134,-62,-58
IMU1,18014,186866398,-1681,-1052,444,-107,-97,-68
IMU1,18015,186876727,-1654,-1038,382,-82,-139,-86
IMU1,18016,186887064,-1668,-1010,394,-71,-176,-112
IMU1,18017,186897572,-1673,-1050,269,-74,-179,-133
IMU1,18018,186908092,-1691,-1055,278,-102,-126,-135
IMU1,18019,186918803,-1651,-1020,226,-140,-37,-121
IMU1,18020,186931867,-1672,-1032,238,-224,167,-94
IMU1,18021,186942286,-1719,-1047,253,-252,223,-79
IMU1,18022,186952711,-1698,-1051,229,-259,249,-61
IMU1,18023,186963134,-1685,-1051,225,-256,250,-42
IMU1,18024,186973557,-1656,-1053,203,-242,235,-35
IMU1,18025,186983984,-1617,-1036,179,-216,218,-46
IMU1,18026,186994403,-1648,-1060,167,-186,218,-78
IMU1,18027,187004818,-1696,-1092,156,-156,234,-101
IMU1,18028,187015444,-1691,-1075,271,-124,262,-97
IMU1,18029,187026392,-1685,-1060,262,-9,310,-56
IMU1,18030,187036430,-1730,-1072,286,86,279,-54
IMU1,18031,187046573,-1709,-1071,253,192,188,-58
IMU1,18032,187056898,-1686,-1073,249,291,76,-68
IMU1,18033,187067034,-1755,-1080,340,383,-9,-108
IMU1,18034,187077275,-1801,-1149,239,495,-48,-132
IMU1,18035,187087714,-1741,-1031,340,553,-101,-109
IMU1,18036,187098353,-1786,-1080,304,589,-158,-90
IMU1,18037,187108801,-1748,-1102,350,605,-162,-41
IMU1,18038,187119233,-1715,-1050,343,607,-136,11
IMU1,18039,187129585,-1711,-1040,367,593,-82,40
IMU1,18040,187139739,-1666,-1050,346,575,-35,59
IMU1,18041,187149880,-1649,-1040,379,540,-3,59
IMU1,18042,187160859,-1611,-1036,396,472,53,29
IMU1,18043,187170910,-1603,-1022,409,425,90,2
IMU1,18044,187180753,-1601,-1031,439,377,136,-31
IMU1,18045,187191108,-1622,-1035,463,328,181,-52
IMU1,18046,187201444,-1644,-1031,453,285,194,-59
IMU1,18047,187211764,-1674,-1020,449,241,177,-58
IMU1,18048,187222092,-1689,-1029,466,193,152,-43
IMU1,18049,187232422,-1700,-1030,463,150,140,-15
IMU1,18050,187242754,-1708,-1033,459,111,142,15
IMU1,18051,187252998,-1698,-1036,466,74,160,44
IMU1,18052,187263040,-1698,-1039,469,47,191,57
IMU1,18053,187273092,-1696,-1044,471,25,211,55
IMU1,18054,187283132,-1715,-1042,490,11,214,47
IMU1,18055,187293177,-1741,-1045,483,6,199,42
IMU1,18056,187303017,-1733,-1035,479,2,161,44
IMU1,18057,187312868,-1737,-1033,454,8,113,53
IMU1,18058,187322717,-1729,-1039,411,9,74,61
IMU1,18059,187333938,-1732,-1039,372,1,42,95
IMU1,18060,187343596,-1721,-1041,367,-2,68,105
IMU1,18061,187353544,-1703,-1028,359,0,99,110
IMU1,18062,187363307,-1702,-1015,343,2,117,102
IMU1,18063,187373351,-1703,-1016,310,8,117,86
IMU1,18064,187383210,-1704,-1020,292,5,112,81
IMU1,18065,187393063,-1699,-1024,274,1,129,77
IMU1,18066,187402898,-1689,-1028,278,-2,175,72
IMU1,18067,187412829,-1710,-1023,259,-3,224,64
IMU1,18068,187422763,-1726,-1016,244,-2,245,60
IMU1,18069,187432700,-1743,-1003,219,-5,247,56
IMU1,18070,187442650,-1756,-1003,174,-12,245,58
IMU1,18071,187452785,-1756,-1001,162,-28,265,63
IMU1,18072,187462930,-1750,-1002,170,-42,317,70
IMU1,18073,187473076,-1726,-981,164,-49,385,79
IMU1,18074,187483021,-1738,-971,155,-43,449,79
IMU1,18075,187492971,-1742,-970,173,-36,493,79
IMU1,18076,187502921,-1766,-971,194,-10,518,82
IMU1,18077,187512867,-1779,-959,194,28,522,87
IMU1,18078,187522727,-1812,-942,200,67,503,92
IMU1,18079,187532569,-1797,-935,209,112,459,94
IMU1,18080,187542622,-1792,-926,212,160,391,94
IMU1,18081,187552668,-1824,-913,229,209,312,94
IMU1,18082,187562714,-1859,-921,246,254,237,100
IMU1,18083,187572960,-1860,-927,252,298,159,120
IMU1,18084,187584245,-1848,-911,237,365,41,168
IMU1,18085,187594281,-1820,-900,215,376,-1,193
IMU1,18086,187604231,-1778,-879,190,379,-23,205
IMU1,18087,187614358,-1757,-864,175,369,-7,198
IMU1,18088,187624303,-1736,-860,167,353,52,172
IMU1,18089,187634339,-1739,-861,173,328,129,142
IMU1,18090,187644579,-1773,-860,196,297,209,109
IMU1,18091,187654822,-1802,-877,225,267,274,85
IMU1,18092,187664860,-1835,-880,233,233,314,73
IMU1,18093,187674910,-1870,-892,238,199,316,79
IMU1,18094,187684967,-1895,-905,245,165,293,98
IMU1,18095,187695003,-1916,-908,243,137,263,130
IMU1,18096,187705257,-1911,-913,241,115,237,165
IMU1,18097,187715509,-1926,-922,261,102,228,202
IMU1,18098,187725752,-1932,-934,269,98,243,231
IMU1,18099,187735802,-1911,-948,279,107,259,251
IMU1,18100,187746064,-1904,-946,261,115,263,248
IMU1,18101,187757360,-1881,-935,275,142,203,180
IMU1,18102,187767618,-1895,-942,276,153,157,131
IMU1,18103,187777880,-1915,-954,279,164,102,81
IMU1,18104,187787931,-1921,-965,275,172,48,51
IMU1,18105,187797780,-1919,-967,276,178,13,39
IMU1,18106,187807637,-1908,-958,270,181,0,39
IMU1,18107,187817204,-1885,-947,254,175,3,44
IMU1,18108,187826854,-1880,-935,237,164,7,50
IMU1,18109,187836518,-1899,-930,236,147,9,57
IMU1,18110,187846190,-1892,-937,240,126,8,68
IMU1,18111,187855848,-1890,-933,250,105,7,72
IMU1,18112,187865509,-1889,-931,259,86,4,68
IMU1,18113,187874976,-1884,-926,255,71,9,56
IMU1,18114,187884441,-1882,-929,237,57,9,38
IMU1,18115,187893903,-1869,-925,218,41,1,19
IMU1,18116,187903364,-1856,-917,196,23,-3,2
IMU1,18117,187912736,-1842,-903,188,4,7,-15
IMU1,18118,187922090,-1841,-909,179,-16,30,-28
IMU1,18119,187934488,-1841,-898,183,-38,56,-41
IMU1,18120,187944329,-1854,-892,182,-57,79,-52
IMU1,18121,187954172,-1862,-899,168,-82,96,-54
IMU1,18122,187964020,-1874,-901,151,-102,103,-50
IMU1,18123,187974270,-1874,-905,142,-121,113,-43
IMU1,18124,187984523,-1862,-907,130,-137,135,-31
IMU1,18125,187994772,-1847,-903,118,-153,168,-29
IMU1,18126,188005026,-1850,-890,114,-157,202,-34
IMU1,18127,188015275,-1875,-892,108,-159,222,-43
IMU1,18128,188026559,-1907,-886,99,-148,219,-43
IMU1,18129,188036608,-1915,-892,91,-141,189,-51
IMU1,18130,188046653,-1918,-910,77,-122,152,-57
IMU1,18131,188056712,-1907,-903,58,-114,117,-56
IMU1,18132,188066770,-1887,-894,48,-102,92,-58
IMU1,18133,188076617,-1858,-898,32,-90,82,-62
IMU1,18134,188086274,-1845,-886,27,-80,79,-67
IMU1,18135,188095924,-1840,-884,26,-72,69,-70
IMU1,18136,188105580,-1835,-879,30,-59,56,-78
IMU1,18137,188115243,-1844,-870,38,-46,29,-76
IMU1,18138,188124881,-1844,-869,50,-26,3,-72
IMU1,18139,188134323,-1847,-869,64,-4,-15,-66
IMU1,18140,188143875,-1852,-873,71,19,-27,-56
IMU1,18141,188153536,-1850,-871,71,38,-37,-47
IMU1,18142,188163203,-1842,-864,77,54,-50,-41
IMU1,18143,188172832,-1844,-854,63,62,-67,-42
IMU1,18144,188182458,-1833,-851,32,63,-89,-49
IMU1,18145,188192096,-1846,-857,13,49,-111,-51
IMU1,18146,188201923,-1855,-873,13,31,-108,-50
IMU1,18147,188211762,-1851,-885,20,9,-68,-44
IMU1,18148,188221196,-1843,-881,28,-10,-2,-41
IMU1,18149,188230736,-1839,-881,40,-23,74,-44
IMU1,18150,188240380,-1839,-879,43,-29,129,-51
IMU1,18151,188250223,-1845,-872,46,-32,151,-60
IMU1,18152,188260077,-1859,-872,57,-26,146,-66
IMU1,18153,188269923,-1875,-874,76,-14,120,-69
IMU1,18154,188279775,-1884,-876,84,9,85,-66
IMU1,18155,188289137,-1873,-874,83,35,49,-59
IMU1,18156,188298690,-1872,-866,83,60,11,-54
IMU1,18157,188308245,-1860,-859,79,81,-34,-47
IMU1,18158,188317898,-1853,-852,80,99,-77,-45
IMU1,18159,188327556,-1857,-845,80,109,-110,-41
IMU1,18160,188337603,-1863,-848,71,116,-122,-36
IMU1,18161,188347642,-1872,-855,68,116,-119,-22
IMU1,18162,188357691,-1864,-859,60,114,-107,-7
IMU1,18163,188367541,-1850,-854,52,101,-87,3
IMU1,18164,188377096,-1820,-852,64,89,-57,4
IMU1,18165,188386458,-1790,-857,78,75,-17,-2
IMU1,18166,188395917,-1781,-859,88,56,20,-14
IMU1,18167,188405477,-1779,-859,95,46,43,-22
IMU1,18168,188415036,-1786,-864,100,43,38,-22
IMU1,18169,188424807,-1802,-873,99,38,15,-11
IMU1,18170,188434332,-1818,-891,96,30,-6,11
IMU1,18171,188443675,-1822,-905,104,23,-11,35
IMU1,18172,188453413,-1829,-907,102,20,-8,57
IMU1,18173,188462959,-1835,-902,94,15,-10,72
IMU1,18174,188472510,-1840,-898,94,9,-16,71
IMU1,18175,188481855,-1854,-900,99,-1,-29,65
IMU1,18176,188491288,-1881,-901,109,-16,-41,53
IMU1,18177,188501121,-1910,-905,111,-28,-46,42
IMU1,18178,188510956,-1918,-915,114,-39,-43,40
IMU1,18179,188520808,-1916,-918,112,-58,-28,38
IMU1,18180,188530647,-1898,-919,106,-73,0,31
IMU1,18181,188540100,-1881,-919,104,-91,35,24
IMU1,18182,188549850,-1875,-918,112,-108,70,12
IMU1,18183,188559796,-1871,-912,114,-115,96,2
IMU1,18184,188569555,-1863,-909,118,-122,114,-6
IMU1,18185,188579612,-1856,-895,119,-122,120,-17
IMU1,18186,188589851,-1852,-889,123,-114,108,-29
IMU1,18187,188600087,-1855,-885,132,-102,87,-33
IMU1,18188,188610123,-1857,-885,131,-87,70,-32
IMU1,18189,188619967,-1862,-881,132,-68,58,-27
IMU1,18190,188629821,-1854,-868,129,-46,46,-21
IMU1,18191,188639660,-1860,-861,127,-22,26,-19
IMU1,18192,188649512,-1864,-858,132,-5,-3,-17
IMU1,18193,188659060,-1864,-857,125,12,-47,-19
IMU1,18194,188668911,-1868,-846,115,24,-88,-22
IMU1,18195,188678753,-1862,-857,80,29,-116,-21
IMU1,18196,188690152,-1844,-860,64,16,-113,-7
IMU1,18197,188699800,-1827,-862,54,3,-82,1
IMU1,18198,188709482,-1819,-853,42,-18,-41,1
IMU1,18199,188718931,-1828,-852,41,-35,-10,3
IMU1,18200,188728390,-1825,-853,28,-53,4,3
IMU1,18201,188738063,-1839,-853,27,-74,5,9
IMU1,18202,188747745,-1855,-864,25,-77,13,9
IMU1,18203,188757609,-1860,-877,29,-87,20,21
IMU1,18204,188767147,-1867,-885,32,-86,31,30
IMU1,18205,188776694,-1865,-889,32,-77,50,31
IMU1,18206,188786239,-1859,-893,22,-66,55,30
IMU1,18207,188795787,-1866,-891,25,-57,47,19
IMU1,18208,188805336,-1869,-891,25,-35,19,2
IMU1,18209,188815183,-1878,-905,30,-17,-22,-7
IMU1,18210,188824722,-1889,-907,34,2,-64,-11
IMU1,18211,188834163,-1885,-905,23,21,-97,-13
IMU1,18212,188843786,-1883,-908,11,34,-114,-10
IMU1,18213,188853615,-1878,-910,13,40,-115,-3
IMU1,18214,188863249,-1869,-907,1,47,-103,-1
IMU1,18215,188872689,-1852,-899,-14,43,-84,1
IMU1,18216,188882117,-1859,-901,-12,27,-63,-4
IMU1,18217,188892162,-1860,-906,-4,20,-43,-8
IMU1,18218,188901486,-1860,-902,7,5,-26,-7
IMU1,18219,188911052,-1863,-903,8,-4,0,-13
IMU1,18220,188921037,-1866,-903,12,-9,26,-12
IMU1,18221,188930476,-1861,-895,21,-14,49,-13
IMU1,18222,188942857,-1851,-894,33,-11,66,-22
IMU1,18223,188952490,-1857,-886,48,-10,63,-25
IMU1,18224,188962116,-1862,-889,66,0,52,-34
IMU1,18225,188971353,-1859,-892,57,7,31,-36
IMU1,18226,188980701,-1862,-884,58,13,10,-37
IMU1,18227,188990237,-1866,-885,61,21,-8,-37
IMU1,18228,188999676,-1861,-886,63,23,-23,-36
IMU1,18229,189009318,-1864,-878,67,27,-28,-38
IMU1,18230,189018958,-1867,-877,61,26,-21,-40
IMU1,18231,189028602,-1865,-876,61,22,-12,-40
IMU1,18232,189038248,-1865,-878,63,17,-10,-41
IMU1,18233,189047886,-1861,-867,61,11,-16,-42
IMU1,18234,189057528,-1866,-868,60,0,-23,-41
IMU1,18235,189066866,-1869,-873,56,-8,-26,-38
IMU1,18236,189076410,-1871,-872,53,-19,-18,-30
IMU1,18237,189086149,-1859,-871,54,-28,-3,-23
IMU1,18238,189095688,-1855,-864,54,-38,18,-20
IMU1,18239,189105322,-1853,-860,45,-46,37,-22
IMU1,18240,189114964,-1853,-861,38,-56,51,-22
IMU1,18241,189124600,-1849,-864,31,-67,65,-19
IMU1,18242,189134231,-1850,-864,24,-77,74,-17
IMU1,18243,189143867,-1844,-865,11,-82,81,-21
IMU1,18244,189153497,-1846,-866,15,-81,80,-23
IMU1,18245,189163122,-1848,-865,22,-79,76,-22
IMU1,18246,189172764,-1856,-874,31,-69,73,-22
IMU1,18247,189182412,-1861,-875,36,-54,67,-18
IMU1,18248,189192058,-1858,-870,42,-33,56,-16
IMU1,18249,189201692,-1857,-868,36,-14,36,-15
IMU1,18250,189211322,-1865,-875,35,5,3,-13
IMU1,18251,189220472,-1870,-877,33,17,-41,-7
IMU1,18252,189229919,-1863,-879,22,32,-77,-6
IMU1,18253,189239378,-1861,-879,10,31,-95,-3
IMU1,18254,189248814,-1856,-886,1,24,-94,-5
IMU1,18255,189258037,-1853,-889,4,18,-77,-9
IMU1,18256,189267276,-1850,-888,1,12,-44,-18
IMU1,18257,189276704,-1853,-878,5,-4,-12,-25
IMU1,18258,189286044,-1866,-882,13,-12,6,-31
IMU1,18259,189296003,-1867,-884,11,-18,10,-35
IMU1,18260,189305628,-1875,-883,24,-17,9,-37
IMU1,18261,189315063,-1874,-885,27,-17,12,-31
IMU1,18262,189324704,-1868,-886,26,-9,19,-27
IMU1,18263,189334147,-1873,-881,26,-2,18,-26
IMU1,18264,189344112,-1867,-880,22,8,8,-28
IMU1,18265,189353771,-1863,-876,28,15,-8,-31
IMU1,18266,189363214,-1862,-869,24,21,-28,-31
IMU1,18267,189372840,-1867,-876,34,26,-40,-33
IMU1,18268,189382482,-1868,-877,27,33,-48,-34
IMU1,18269,189392121,-1865,-870,13,34,-56,-29
IMU1,18270,189401763,-1859,-863,3,33,-62,-21
IMU1,18271,189411196,-1851,-863,-1,26,-55,-18
IMU1,18272,189420746,-1846,-862,-1,19,-46,-14
IMU1,18273,189430289,-1847,-861,6,15,-28,-14
IMU1,18274,189440256,-1848,-858,15,13,-17,-12
IMU1,18275,189449857,-1845,-862,22,12,-8,-11
IMU1,18276,189459277,-1846,-862,25,11,-5,-7
IMU1,18277,189469023,-1853,-857,20,13,-2,-6
IMU1,18278,189478774,-1854,-858,19,19,-2,-4
IMU1,18279,189488007,-1853,-860,13,17,-12,4
IMU1,18280,189497851,-1848,-860,18,13,-21,5
IMU1,18281,189507700,-1851,-867,23,23,-19,2
IMU1,18282,189517034,-1865,-873,22,17,-15,3
IMU1,18283,189526893,-1866,-873,26,24,-19,9
IMU1,18284,189536232,-1864,-868,26,18,-25,10
IMU1,18285,189545765,-1866,-868,24,20,-31,5
IMU1,18286,189555618,-1864,-876,23,20,-35,4
IMU1,18287,189564961,-1863,-878,21,14,-38,9
IMU1,18288,189574817,-1855,-875,9,14,-32,4
IMU1,18289,189584478,-1854,-875,8,7,-13,-4
IMU1,18290,189594038,-1855,-874,9,6,8,-7
IMU1,18291,189603829,-1859,-873,12,1,23,-5
IMU1,18292,189613499,-1858,-872,14,-7,37,-7
IMU1,18293,189622741,-1856,-872,15,-15,38,-7
IMU1,18294,189632701,-1863,-873,20,-19,32,-6
IMU1,18295,189642139,-1863,-876,24,-18,27,-9
IMU1,18296,189651584,-1861,-875,21,-15,22,-15
IMU1,18297,189661212,-1862,-866,26,-15,17,-18
IMU1,18298,189670843,-1863,-866,23,-7,11,-20
IMU1,18299,189680793,-1865,-861,22,3,9,-21
IMU1,18300,189689936,-1873,-851,15,10,11,-16
IMU1,18301,189699996,-1873,-856,17,16,5,-7
IMU1,18302,189709664,-1871,-856,17,17,-10,-11
IMU1,18303,189719298,-1884,-850,20,24,-30,-18
IMU1,18304,189728940,-1885,-852,24,31,-51,-14
IMU1,18305,189738572,-1880,-847,17,32,-61,-12
IMU1,18306,189748206,-1874,-841,10,34,-54,-13
IMU1,18307,189757837,-1870,-846,6,27,-34,-10
IMU1,18308,189767282,-1865,-843,-6,18,-7,-12
IMU1,18309,189776614,-1872,-841,-8,5,13,-12
IMU1,18310,189786375,-1867,-846,-4,-1,29,-14
IMU1,18311,189795715,-1863,-844,-9,-12,39,-14
IMU1,18312,189805779,-1860,-845,-14,-23,44,-13
IMU1,18313,189815513,-1865,-852,-7,-30,53,-14
IMU1,18314,189825063,-1866,-856,-6,-25,57,-16
IMU1,18315,189834597,-1865,-865,-7,-22,49,-9
IMU1,18316,189843939,-1861,-861,0,-16,47,-10
IMU1,18317,189853807,-1856,-864,-2,-3,35,-8
IMU1,18318,189863470,-1859,-867,-5,4,21,-5
IMU1,18319,189873042,-1859,-868,-4,16,10,-7
IMU1,18320,189882289,-1861,-871,-5,25,-6,-4
IMU1,18321,189891952,-1864,-876,0,36,-16,-4
IMU1,18322,189901619,-1863,-874,-2,46,-28,-1
IMU1,18323,189911475,-1865,-870,-8,51,-39,-1
IMU1,18324,189920827,-1871,-877,-9,56,-41,-5
IMU1,18325,189930689,-1872,-875,-7,55,-41,0
IMU1,18326,189943010,-1864,-876,-10,49,-26,1
IMU1,18327,189952465,-1864,-868,-7,50,-1,-8
IMU1,18328,189961599,-1867,-868,-6,46,18,-12
IMU1,18329,189971050,-1875,-865,-2,43,17,-15
IMU1,18330,189980503,-1879,-870,3,42,8,-18
IMU1,18331,189989659,-1874,-870,0,37,-1,-18
IMU1,18332,189998817,-1865,-869,-3,37,-6,-22
IMU1,18333,190008167,-1855,-863,-11,33,-1,-24
IMU1,18334,190017709,-1846,-862,-17,27,15,-28
IMU1,18335,190027347,-1850,-859,-16,18,35,-27
IMU1,18336,190037001,-1851,-855,-6,13,48,-21
IMU1,18337,190046452,-1859,-852,6,8,60,-14
IMU1,18338,190055617,-1868,-854,13,8,66,-7
IMU1,18339,190065277,-1873,-862,25,10,61,0
IMU1,18340,190074947,-1871,-860,24,13,42,6
IMU1,18341,190084713,-1860,-854,20,19,20,2
IMU1,18342,190093954,-1856,-854,13,24,-4,-3
IMU1,18343,190103713,-1855,-860,11,28,-21,-11
IMU1,18344,190113348,-1856,-861,15,33,-33,-15
IMU1,18345,190122980,-1857,-861,9,32,-32,-24
IMU1,18346,190132420,-1857,-856,10,29,-31,-21
IMU1,18347,190142056,-1857,-854,14,26,-23,-20
IMU1,18348,190151694,-1856,-855,8,21,-18,-17
IMU1,18349,190161650,-1863,-855,7,15,-14,-9
IMU1,18350,190170885,-1861,-854,7,6,-12,-3
IMU1,18351,190180445,-1861,-851,4,1,-13,4
IMU1,18352,190190436,-1871,-854,11,1,-12,10
IMU1,18353,190199785,-1870,-858,15,-7,-10,12
IMU1,18354,190209236,-1866,-861,13,-7,-8,11
IMU1,18355,190218997,-1865,-856,10,0,-8,8
IMU1,18356,190228887,-1861,-858,4,-8,-4,3
IMU1,18357,190238248,-1858,-857,1,-9,4,-7
IMU1,18358,190248146,-1865,-859,-5,-10,10,-11
IMU1,18359,190257680,-1860,-853,-9,-12,19,-15
IMU1,18360,190267219,-1848,-856,-17,-17,31,-21
IMU1,18361,190276944,-1872,-856,-2,-13,27,-22
IMU1,18362,190286483,-1878,-862,10,-8,9,-15
IMU1,18363,190296242,-1876,-871,13,0,-5,-12
IMU1,18364,190305393,-1880,-873,11,18,-18,-8
IMU1,18365,190315356,-1878,-875,5,28,-32,1
IMU1,18366,190325043,-1880,-873,-7,35,-39,3
IMU1,18367,190334296,-1876,-871,-20,52,-43,-1
IMU1,18368,190343852,-1877,-862,-22,57,-51,-2
IMU1,18369,190353916,-1878,-854,-32,64,-48,-13
IMU1,18370,190363671,-1875,-849,-35,65,-38,-21
IMU1,18371,190373417,-1882,-846,-46,59,-29,-22
IMU1,18372,190383164,-1876,-843,-51,60,-11,-24
IMU1,18373,190392911,-1873,-836,-42,58,10,-26
IMU1,18374,190402563,-1877,-828,-36,58,25,-25
IMU1,18375,190412189,-1879,-824,-28,61,27,-16
IMU1,18376,190421831,-1885,-828,-13,65,17,-10
IMU1,18377,190431473,-1889,-831,-1,72,-5,0
IMU1,18378,190440435,-1878,-830,4,85,-37,9
IMU1,18379,190450109,-1867,-827,9,90,-71,19
IMU1,18380,190459465,-1861,-824,2,95,-90,20
IMU1,18381,190469345,-1858,-833,-2,88,-110,28
IMU1,18382,190478973,-1854,-835,-5,79,-107,29
IMU1,18383,190488613,-1853,-838,-8,55,-99,39
IMU1,18384,190498055,-1852,-836,-4,38,-77,43
IMU1,18385,190507494,-1859,-837,-2,8,-48,44
IMU1,18386,190517261,-1861,-836,-9,-13,-22,47
IMU1,18387,190526796,-1872,-829,-9,-43,8,49
IMU1,18388,190536563,-1886,-838,-19,-70,44,46
IMU1,18389,190546203,-1901,-845,-20,-99,70,55
IMU1,18390,190555845,-1911,-854,-20,-117,92,61
IMU1,18391,190565699,-1923,-866,-12,-138,118,64
IMU1,18392,190575742,-1937,-876,-9,-148,133,72
IMU1,18393,190585596,-1937,-878,-3,-149,148,66
IMU1,18394,190595458,-1927,-873,-6,-139,138,54
IMU1,18395,190605301,-1913,-862,-12,-123,105,35
IMU1,18396,190615346,-1890,-861,-13,-109,68,11
IMU1,18397,190625198,-1862,-853,-29,-92,33,-17
IMU1,18398,190634947,-1840,-839,-35,-72,6,-39
IMU1,18399,190644497,-1838,-833,-35,-53,-14,-55
IMU1,18400,190654331,-1831,-828,-35,-34,-29,-64
IMU1,18401,190664171,-1828,-817,-26,-20,-48,-59
IMU1,18402,190673995,-1824,-814,-24,-2,-66,-47
IMU1,18403,190683621,-1829,-813,-20,14,-74,-34
IMU1,18404,190693356,-1832,-813,-18,24,-75,-15
IMU1,18405,190703099,-1851,-820,-7,34,-72,0
IMU1,18406,190712257,-1870,-820,8,41,-75,14
IMU1,18407,190721608,-1862,-815,6,44,-82,22
IMU1,18408,190730923,-1851,-811,16,43,-83,18
IMU1,18409,190740447,-1859,-813,19,41,-81,4
IMU1,18410,190749783,-1869,-816,27,36,-86,-4
IMU1,18411,190759219,-1886,-821,36,31,-87,-12
IMU1,18412,190768851,-1887,-822,34,23,-85,-16
IMU1,18413,190778482,-1889,-820,29,11,-83,-15
IMU1,18414,190788110,-1892,-818,18,1,-74,-13
IMU1,18415,190797552,-1892,-818,2,-16,-62,-10
IMU1,18416,190807086,-1893,-823,-5,-33,-42,-4
IMU1,18417,190816513,-1900,-827,0,-49,-12,-1
IMU1,18418,190825750,-1901,-833,-2,-64,9,4
IMU1,18419,190834800,-1896,-834,-4,-74,23,8
IMU1,18420,190844048,-1887,-834,-10,-79,41,1
IMU1,18421,190854012,-1876,-830,-17,-78,56,-10
IMU1,18422,190863751,-1884,-834,-12,-72,68,-20
IMU1,18423,190873496,-1895,-835,-7,-56,69,-29
IMU1,18424,190883055,-1892,-842,4,-46,62,-33
IMU1,18425,190892491,-1896,-845,13,-27,40,-29
IMU1,18426,190902121,-1878,-850,5,-7,16,-25
IMU1,18427,190911362,-1879,-850,10,18,-17,-27
IMU1,18428,190921004,-1877,-852,1,38,-54,-24
IMU1,18429,190930964,-1872,-857,-8,51,-85,-22
IMU1,18430,190943147,-1882,-859,-18,64,-104,-21
IMU1,18431,190953091,-1888,-865,-20,67,-112,-11
IMU1,18432,190963032,-1894,-871,-24,67,-93,-7
IMU1,18433,190972588,-1886,-875,-29,66,-64,-8
IMU1,18434,190982140,-1883,-867,-34,63,-35,-18
IMU1,18435,190991877,-1883,-859,-29,55,-21,-31
IMU1,18436,191001620,-1891,-854,-24,52,-21,-48
IMU1,18437,191011346,-1904,-851,-15,48,-26,-62
IMU1,18438,191021090,-1910,-841,-3,44,-33,-70
IMU1,18439,191030644,-1900,-841,-1,44,-35,-73
IMU1,18440,191040194,-1890,-837,4,48,-30,-74
IMU1,18441,191049626,-1886,-835,6,49,-22,-71
IMU1,18442,191059060,-1872,-834,12,53,-15,-68
IMU1,18443,191068704,-1871,-826,22,55,-20,-64
IMU1,18444,191078350,-1870,-821,22,56,-33,-61
IMU1,18445,191088013,-1873,-825,24,59,-50,-57
IMU1,18446,191097647,-1884,-826,13,61,-69,-50
IMU1,18447,191107285,-1885,-825,17,54,-79,-39
IMU1,18448,191116923,-1887,-823,19,48,-77,-29
IMU1,18449,191126563,-1886,-828,4,39,-69,-21
IMU1,18450,191136005,-1887,-826,-5,24,-61,-16
IMU1,18451,191145532,-1871,-821,-19,4,-55,-16
IMU1,18452,191155080,-1864,-819,-29,-17,-46,-19
IMU1,18453,191164926,-1862,-818,-35,-35,-26,-27
IMU1,18454,191174763,-1854,-823,-34,-52,-2,-34
IMU1,18455,191184409,-1845,-817,-33,-65,25,-39
IMU1,18456,191194146,-1834,-813,-32,-74,50,-41
IMU1,18457,191203900,-1833,-812,-34,-80,61,-41
IMU1,18458,191213637,-1830,-812,-35,-79,56,-38
IMU1,18459,191223384,-1838,-813,-32,-76,46,-31
IMU1,18460,191233131,-1844,-815,-25,-68,32,-18
IMU1,18461,191242864,-1840,-821,-23,-57,21,-1
IMU1,18462,191252400,-1843,-824,-22,-44,21,14
IMU1,18463,191262042,-1848,-832,-17,-28,27,27
IMU1,18464,191271692,-1852,-837,-19,-17,30,40
IMU1,18465,191281342,-1870,-842,-18,-8,27,53
IMU1,18466,191290799,-1873,-845,-26,0,8,60
IMU1,18467,191299861,-1885,-856,-18,12,-20,59
IMU1,18468,191309501,-1893,-851,-15,24,-51,47
IMU1,18469,191319148,-1892,-855,-16,33,-76,32
IMU1,18470,191328810,-1895,-849,-24,41,-88,15
IMU1,18471,191338454,-1897,-849,-28,43,-82,-3
IMU1,18472,191348002,-1895,-845,-33,42,-66,-15
IMU1,18473,191357747,-1904,-839,-22,39,-54,-19
IMU1,18474,191367513,-1896,-839,-14,35,-47,-20
IMU1,18475,191377252,-1899,-839,-4,32,-41,-20
IMU1,18476,191386794,-1901,-839,-2,33,-43,-16
IMU1,18477,191396336,-1893,-843,3,34,-47,-12
IMU1,18478,191405780,-1879,-836,2,35,-54,-10
IMU1,18479,191415233,-1865,-832,-6,33,-60,-11
IMU1,18480,191424779,-1865,-823,-9,34,-60,-18
IMU1,18481,191434317,-1867,-821,-15,29,-58,-26
IMU1,18482,191444058,-1867,-824,-16,21,-50,-28
IMU1,18483,191453792,-1874,-824,-16,12,-32,-27
IMU1,18484,191463531,-1865,-820,0,3,-20,-23
IMU1,18485,191472680,-1870,-822,3,-2,-13,-22
IMU1,18486,191482019,-1876,-825,8,-2,-14,-24
IMU1,18487,191491367,-1892,-825,15,-3,-11,-21
IMU1,18488,191500892,-1890,-819,16,0,-7,-18
IMU1,18489,191510027,-1900,-817,15,2,-15,-12
IMU1,18490,191519475,-1908,-819,19,3,-32,-8
IMU1,18491,191528735,-1904,-825,21,4,-47,-3
IMU1,18492,191537989,-1885,-823,15,7,-47,-2
IMU1,18493,191547236,-1876,-817,8,7,-38,-7
IMU1,18494,191556288,-1881,-822,6,7,-26,-19
IMU1,18495,191565533,-1879,-824,7,7,-27,-28
IMU1,18496,191575301,-1871,-821,3,4,-35,-33
IMU1,18497,191584558,-1866,-823,4,0,-38,-41
IMU1,18498,191594233,-1868,-816,-8,-2,-42,-44
IMU1,18499,191603679,-1868,-817,-12,-5,-44,-39
IMU1,18500,191613317,-1867,-815,-8,-7,-28,-37
IMU1,18501,191623285,-1862,-814,-8,-3,-12,-28
IMU1,18502,191632722,-1867,-812,-8,-2,1,-25
IMU1,18503,191642387,-1874,-808,-4,4,-5,-22
IMU1,18504,191652056,-1881,-813,4,19,-36,-15
IMU1,18505,191661501,-1898,-811,13,35,-63,-11
IMU1,18506,191671161,-1911,-812,12,52,-85,-7
IMU1,18507,191680629,-1910,-817,9,64,-100,0
IMU1,18508,191690412,-1912,-816,-5,73,-110,7
IMU1,18509,191699877,-1909,-816,-17,78,-105,4
IMU1,18510,191709519,-1901,-821,-20,70,-102,11
IMU1,18511,191719369,-1895,-819,-22,50,-88,11
IMU1,18512,191729011,-1888,-819,-29,33,-73,2
IMU1,18513,191738462,-1882,-824,-28,17,-49,-8
IMU1,18514,191748006,-1881,-819,-24,-4,-21,-14
IMU1,18515,191757632,-1870,-816,-23,-18,-3,-19
IMU1,18516,191767269,-1864,-814,-19,-34,14,-25
IMU1,18517,191777010,-1867,-817,-13,-39,30,-26
IMU1,18518,191786749,-1865,-816,-13,-47,49,-24
IMU1,18519,191796490,-1868,-810,-14,-50,62,-14
IMU1,18520,191806225,-1874,-812,-16,-47,73,-6
IMU1,18521,191815777,-1874,-814,-6,-46,79,4
IMU1,18522,191825032,-1885,-814,4,-34,71,6
IMU1,18523,191834717,-1882,-819,11,-21,42,13
IMU1,18524,191844280,-1882,-825,22,-3,3,8
IMU1,18525,191853760,-1877,-824,27,16,-40,0
IMU1,18526,191863539,-1887,-826,28,32,-74,-1
IMU1,18527,191872998,-1888,-829,21,45,-91,-5
IMU1,18528,191882963,-1888,-829,14,50,-100,0
IMU1,18529,191892416,-1888,-829,4,48,-99,3
IMU1,18530,191902104,-1885,-833,-5,39,-90,9
IMU1,18531,191911886,-1895,-837,-5,22,-69,10
IMU1,18532,191921349,-1896,-835,-14,-2,-50,16
IMU1,18533,191930905,-1898,-841,-19,-18,-22,17
IMU1,18534,191943298,-1896,-840,-22,-32,15,8
IMU1,18535,191952759,-1892,-836,-23,-46,48,-1
IMU1,18536,191962315,-1893,-835,-18,-56,75,-10
IMU1,18537,191972075,-1897,-834,-17,-57,91,-24
IMU1,18538,191981836,-1901,-829,-11,-49,94,-38
IMU1,18539,191991600,-1889,-827,-7,-44,84,-46
IMU1,18540,192001163,-1882,-822,-11,-35,70,-50
IMU1,18541,192010881,-1889,-817,-13,-21,55,-52
IMU1,18542,192020597,-1895,-822,-4,-5,35,-48
IMU1,18543,192029915,-1901,-826,-8,14,14,-39
IMU1,18544,192039351,-1904,-820,2,37,-3,-29
IMU1,18545,192048592,-1908,-821,8,60,-18,-22
IMU1,18546,192058027,-1897,-824,15,79,-35,-17
IMU1,18547,192067658,-1875,-818,13,100,-55,-22
IMU1,18548,192077483,-1862,-805,15,117,-79,-32
IMU1,18549,192087310,-1864,-802,19,131,-105,-48
IMU1,18550,192097336,-1867,-802,25,137,-126,-59
IMU1,18551,192107363,-1878,-800,24,135,-132,-62
IMU1,18552,192117391,-1897,-804,28,127,-131,-57
IMU1,18553,192127426,-1899,-807,25,112,-126,-40
IMU1,18554,192137462,-1890,-804,14,89,-115,-25
IMU1,18555,192147295,-1881,-797,7,62,-93,-17
IMU1,18556,192156734,-1878,-798,0,32,-60,-11
IMU1,18557,192166088,-1861,-807,-8,0,-17,-10
IMU1,18558,192175314,-1858,-800,1,-22,29,-15
IMU1,18559,192184756,-1859,-802,6,-43,66,-22
IMU1,18560,192194187,-1865,-806,12,-53,85,-27
IMU1,18561,192203810,-1883,-809,26,-51,85,-32
IMU1,18562,192213442,-1890,-812,42,-46,65,-28
IMU1,18563,192223067,-1903,-815,47,-30,39,-21
IMU1,18564,192232703,-1900,-815,37,-12,9,-12
IMU1,18565,192242139,-1894,-815,37,7,-14,-5
IMU1,18566,192251376,-1892,-811,32,23,-40,-1
IMU1,18567,192260811,-1886,-814,31,40,-67,1
IMU1,18568,192270142,-1883,-819,28,51,-87,-1
IMU1,18569,192279570,-1881,-825,27,61,-101,-6
IMU1,18570,192289206,-1870,-828,23,65,-113,-8
IMU1,18571,192298839,-1861,-825,11,62,-121,-14
IMU1,18572,192308673,-1864,-822,4,53,-118,-21
IMU1,18573,192318304,-1872,-820,2,40,-100,-25
IMU1,18574,192327946,-1874,-823,-5,26,-69,-25
IMU1,18575,192337474,-1876,-819,-4,10,-34,-24
IMU1,18576,192347009,-1879,-810,0,-8,-10,-21
IMU1,18577,192356247,-1874,-806,5,-21,7,-23
IMU1,18578,192365478,-1881,-809,7,-26,15,-27
IMU1,18579,192374906,-1882,-808,10,-30,19,-25
IMU1,18580,192384537,-1883,-811,6,-30,24,-22
IMU1,18581,192393965,-1881,-801,13,-25,26,-19
IMU1,18582,192403593,-1878,-808,10,-15,24,-12
IMU1,18583,192413223,-1888,-813,19,-3,19,-7
IMU1,18584,192422457,-1892,-814,24,10,9,-1
IMU1,18585,192431591,-1891,-820,16,28,-9,3
IMU1,18586,192440740,-1884,-822,16,41,-33,12
IMU1,18587,192450276,-1893,-820,9,49,-52,7
IMU1,18588,192459946,-1880,-823,2,60,-63,4
IMU1,18589,192469623,-1880,-823,-8,61,-54,-8
IMU1,18590,192478965,-1876,-824,-9,49,-43,-12
IMU1,18591,192488505,-1870,-822,-5,45,-19,-22
IMU1,18592,192498038,-1868,-813,11,34,4,-30
IMU1,18593,192507908,-1880,-813,41,35,19,-33
IMU1,18594,192517467,-1877,-811,53,33,21,-29
IMU1,18595,192526992,-1878,-808,59,40,10,-23
IMU1,18596,192536524,-1878,-809,65,49,-5,-16
IMU1,18597,192546472,-1875,-809,72,57,-26,-6
IMU1,18598,192555907,-1871,-809,70,63,-46,-2
IMU1,18599,192565347,-1863,-804,63,65,-70,6
IMU1,18600,192575206,-1861,-799,57,54,-88,6
IMU1,18601,192584552,-1862,-791,51,47,-104,8
IMU1,18602,192594615,-1865,-795,43,35,-100,6
IMU1,18603,192604154,-1872,-801,35,11,-81,13
IMU1,18604,192613698,-1861,-800,24,-6,-45,14
IMU1,18605,192623135,-1848,-792,20,-25,-7,15
IMU1,18606,192633101,-1856,-790,21,-43,28,10
IMU1,18607,192642653,-1864,-791,24,-58,46,12
IMU1,18608,192652183,-1886,-791,31,-70,45,20
IMU1,18609,192661726,-1895,-800,30,-69,47,24
IMU1,18610,192671265,-1889,-798,23,-65,42,36
IMU1,18611,192680816,-1889,-795,11,-59,42,43
IMU1,18612,192690347,-1896,-801,-8,-48,41,50
IMU1,18613,192700301,-1893,-801,-9,-38,51,44
IMU1,18614,192709739,-1892,-797,-13,-27,46,46
IMU1,18615,192719381,-1890,-796,-8,-6,50,32
IMU1,18616,192729142,-1876,-792,1,27,39,23
IMU1,18617,192738913,-1865,-779,4,53,26,8
IMU1,18618,192748484,-1847,-778,3,78,-2,0
IMU1,18619,192757852,-1835,-765,5,110,-33,-11
IMU1,18620,192767488,-1832,-760,-1,138,-64,-18
IMU1,18621,192777233,-1849,-755,-2,155,-89,-12
IMU1,18622,192786968,-1853,-747,-12,166,-102,7
IMU1,18623,192796801,-1855,-737,-19,164,-93,29
IMU1,18624,192806628,-1855,-731,-21,151,-71,54
IMU1,18625,192816459,-1853,-736,-28,140,-36,76
IMU1,18626,192826297,-1855,-729,-33,124,7,94
IMU1,18627,192835835,-1864,-722,-35,102,50,108
IMU1,18628,192845777,-1877,-712,-43,89,81,117
IMU1,18629,192855509,-1880,-703,-50,67,103,125
IMU1,18630,192865451,-1876,-701,-54,59,114,130
IMU1,18631,192875393,-1855,-691,-75,46,126,139
IMU1,18632,192885341,-1810,-673,-102,42,140,147
IMU1,18633,192895480,-1772,-673,-111,36,157,153
IMU1,18634,192905635,-1735,-667,-112,39,172,159
IMU1,18635,192915774,-1725,-672,-108,47,182,175
IMU1,18636,192925917,-1732,-683,-111,65,180,201
IMU1,18637,192936055,-1750,-688,-132,81,163,246
IMU1,18638,192948931,-1775,-725,-123,92,133,303
IMU1,18639,192959594,-1763,-756,-117,115,113,425
IMU1,18640,192969955,-1726,-775,-128,117,126,462
IMU1,18641,192980293,-1691,-805,-143,124,153,471
IMU1,18642,192990628,-1673,-833,-156,126,172,467
IMU1,18643,193000974,-1672,-853,-158,124,182,454
IMU1,18644,193011309,-1711,-869,-141,124,191,451
IMU1,18645,193021645,-1770,-911,-96,128,206,463
IMU1,18646,193031790,-1854,-960,-38,135,214,493
IMU1,18647,193041927,-1907,-1043,57,148,220,536
IMU1,18648,193052167,-1893,-1123,141,168,215,577
IMU1,18649,193062602,-1847,-1179,255,200,169,596
IMU1,18650,193073042,-1848,-1238,415,243,91,592
IMU1,18651,193083296,-1894,-1312,821,297,-11,584
IMU1,18652,193094685,-2075,-1588,1075,462,-276,622
IMU1,18653,193105445,-1906,-1729,1351,557,-464,647
IMU1,18654,193116203,-1910,-1809,1784,631,-611,619
IMU1,18655,193126973,-1916,-1916,2116,671,-585,572
IMU1,18656,193137735,-2020,-2002,2385,644,-344,533
IMU1,18657,193148485,-2329,-1990,2810,578,-242,516
IMU1,18658,193159241,-2563,-1930,3311,518,-420,522
IMU1,18659,193169990,-2726,-1602,4149,445,-692,525
IMU1,18660,193181252,-2911,-1347,4451,68,-908,367
IMU1,18661,193191814,-3003,-984,4698,-377,-710,142
IMU1,18662,193202480,-3234,-584,4955,-1036,-583,-216
IMU1,18663,193213434,-3630,-198,5180,-1829,-770,-672
IMU1,18664,193224400,-4082,146,5443,-2647,-1217,-1143
IMU1,18665,193235640,-4500,490,5689,-3371,-1737,-1543
IMU1,18666,193246896,-4908,1426,6002,-3941,-2273,-1830
IMU1,18667,193258369,-5788,1916,5987,-4700,-3331,-2005
IMU1,18668,193269847,-6256,2442,5541,-4999,-3891,-1900
IMU1,18669,193281325,-6581,2977,4778,-5367,-4429,-1697
IMU1,18670,193292776,-6612,3444,3971,-5860,-4810,-1454
IMU1,18671,193304244,-6581,3844,3164,-6456,-4971,-1267
IMU1,18672,193315709,-6379,4383,1492,-7795,-4841,-1203
IMU1,18673,193327194,-6004,4520,707,-8497,-4569,-1341
IMU1,18674,193338474,-5507,4385,68,-9175,-4130,-1604
IMU1,18675,193349531,-5195,4394,-269,-9791,-3611,-1938
IMU1,18676,193360888,-4650,4310,-550,-10273,-2891,-2338
IMU1,18677,193372434,-3865,3684,-680,-10597,-1490,-3334
IMU1,18678,193383973,-3566,3600,-553,-10544,-936,-3767
IMU1,18679,193395332,-3326,3363,-507,-10074,-389,-4061
IMU1,18680,193406677,-3078,3072,-500,-9357,87,-4198
IMU1,18681,193417555,-2811,2989,-539,-8457,364,-4190
IMU1,18682,193428615,-2450,2912,-659,-7459,352,-4086
IMU1,18683,193439669,-1992,2675,-1149,-6450,7,-3703
IMU1,18684,193450528,-1792,2547,-1491,-4701,-1201,-3430
IMU1,18685,193462085,-1550,2320,-1817,-4049,-1678,-3119
IMU1,18686,193473635,-1265,2073,-2076,-3525,-1905,-2804
IMU1,18687,193485185,-1045,1821,-2242,-3105,-1891,-2496
IMU1,18688,193496731,-901,1573,-2339,-2749,-1679,-2207
IMU1,18689,193508084,-680,1138,-2361,-2098,-1028,-1682
IMU1,18690,193519418,-622,955,-2349,-1802,-729,-1462
IMU1,18691,193530382,-595,780,-2319,-1517,-491,-1254
IMU1,18692,193541357,-590,598,-2281,-1255,-306,-1062
IMU1,18693,193552305,-598,432,-2220,-1009,-180,-884
IMU1,18694,193563045,-596,271,-2122,-771,-97,-720
IMU1,18695,193573392,-567,123,-2037,-535,-40,-583
IMU1,18696,193583740,-587,-43,-1908,-298,-2,-474
IMU1,18697,193594312,-586,-124,-1871,122,-1,-315
IMU1,18698,193604464,-609,-209,-1858,295,-33,-246
IMU1,18699,193614793,-682,-307,-1824,435,-68,-147
IMU1,18700,193625132,-730,-413,-1816,551,-62,-24
IMU1,18701,193635278,-717,-479,-1771,632,-32,133
IMU1,18702,193645535,-743,-498,-1768,694,9,301
IMU1,18703,193655487,-758,-524,-1805,730,58,462
IMU1,18704,193665649,-756,-560,-1786,730,125,611
# swing_peak_seq=18678
IMU1,18705,193675990,-763,-567,-1776,712,216,740
IMU1,18706,193686355,-821,-587,-1778,688,329,846
IMU1,18707,193696704,-835,-629,-1748,648,451,942
IMU1,18708,193707057,-808,-654,-1662,609,567,1024
IMU1,18709,193717605,-347,-383,-1402,592,683,1068
IMU1,18710,193728159,-2202,-1648,-2159,621,863,510
IMU1,18711,193738919,-1103,-1288,-1606,222,1365,854
IMU1,18712,193749868,-988,-808,-1501,105,1499,1117
IMU1,18713,193760622,-963,-463,-1312,103,1732,1263
IMU1,18714,193771372,-690,-382,-1001,186,1923,1338
IMU1,18715,193782121,-891,-666,-1183,355,1910,1290
IMU1,18716,193792877,-1281,-1032,-1204,516,1598,1237
IMU1,18717,193804026,-1149,-1117,-1269,653,1073,1287
IMU1,18718,193815178,-1065,-929,-859,983,324,1399
IMU1,18719,193825739,-1072,-909,-962,1205,225,1427
IMU1,18720,193836489,-1088,-966,-996,1389,141,1451
IMU1,18721,193847236,-1101,-1016,-1023,1524,45,1485
IMU1,18722,193858181,-1062,-989,-936,1625,-18,1522
IMU1,18723,193868824,-1064,-982,-864,1715,-37,1542
IMU1,18724,193879459,-1084,-1042,-817,1809,-40,1545
IMU1,18725,193890304,-1162,-1118,-817,1905,-65,1540
IMU1,18726,193901169,-1161,-1185,-802,1983,-127,1552
IMU1,18727,193912225,-1157,-1192,-774,2094,-233,1553
IMU1,18728,193923298,-1165,-1205,-776,2128,-189,1538
IMU1,18729,193934342,-1190,-1224,-785,2140,-98,1513
IMU1,18730,193945212,-1263,-1226,-676,2129,6,1493
IMU1,18731,193958341,-1415,-1243,-542,2122,98,1483
IMU1,18732,193969629,-1438,-1347,-561,2119,204,1484
IMU1,18733,193980582,-1386,-1351,-587,2118,189,1472
IMU1,18734,193991548,-1393,-1288,-626,2112,148,1437
IMU1,18735,194002503,-1431,-1321,-650,2095,124,1398
IMU1,18736,194013440,-1447,-1318,-574,2069,148,1377
IMU1,18737,194024379,-1452,-1330,-520,2060,238,1375
IMU1,18738,194035324,-1450,-1384,-413,2067,362,1378
IMU1,18739,194046786,-1566,-1458,-387,2118,493,1383
IMU1,18740,194057746,-1610,-1466,-338,2153,473,1403
IMU1,18741,194068691,-1609,-1448,-295,2202,408,1424
IMU1,18742,194079623,-1684,-1462,-285,2257,320,1436
IMU1,18743,194090568,-1720,-1488,-268,2313,225,1452
IMU1,18744,194101509,-1727,-1492,-238,2365,149,1465
IMU1,18745,194112464,-1720,-1448,-282,2406,113,1462
IMU1,18746,194123397,-1757,-1465,-289,2438,124,1399
IMU1,18747,194134354,-1742,-1447,-255,2416,136,1352
IMU1,18748,194145315,-1748,-1444,-243,2387,169,1293
IMU1,18749,194156260,-1754,-1463,-219,2342,223,1232
IMU1,18750,194167211,-1737,-1462,-192,2282,294,1171
IMU1,18751,194178159,-1722,-1438,-129,2222,385,1107
IMU1,18752,194189114,-1733,-1416,-71,2174,486,1042
IMU1,18753,194200389,-1816,-1416,-83,2090,651,945
IMU1,18754,194210942,-1834,-1410,50,2058,714,927
IMU1,18755,194221414,-1862,-1387,51,2040,790,911
IMU1,18756,194231890,-1877,-1379,107,2026,856,904
IMU1,18757,194242563,-1852,-1373,132,2020,890,896
IMU1,18758,194253205,-1831,-1349,163,2018,888,878
IMU1,18759,194263846,-1847,-1332,206,2023,851,851
IMU1,18760,194274498,-1873,-1333,260,2036,781,822
IMU1,18761,194285157,-1852,-1332,278,2062,682,793
IMU1,18762,194295820,-1763,-1267,219,2120,425,712
IMU1,18763,194306489,-1756,-1236,188,2125,315,655
IMU1,18764,194317150,-1766,-1219,198,2114,243,599
IMU1,18765,194327803,-1762,-1221,230,2088,223,549
IMU1,18766,194338458,-1778,-1213,286,2048,252,501
IMU1,18767,194349112,-1814,-1199,336,2004,303,462
IMU1,18768,194359782,-1832,-1201,385,1957,361,440
IMU1,18769,194370443,-1842,-1200,399,1912,413,426
IMU1,18770,194381104,-1832,-1173,382,1866,444,421
IMU1,18771,194391769,-1839,-1113,298,1816,446,416
IMU1,18772,194402444,-1836,-1105,270,1678,417,416
IMU1,18773,194413099,-1815,-1101,283,1594,435,401
IMU1,18774,194423764,-1840,-1080,311,1506,484,375
IMU1,18775,194434429,-1859,-1089,356,1414,559,341
IMU1,18776,194445092,-1896,-1105,407,1327,645,307
IMU1,18777,194455749,-1932,-1112,436,1248,737,280
IMU1,18778,194466426,-1946,-1108,419,1177,818,262
IMU1,18779,194477087,-1999,-1089,389,1112,871,245
IMU1,18780,194487762,-1990,-1076,351,1048,882,240
IMU1,18781,194498421,-1990,-1065,330,948,826,222
IMU1,18782,194508885,-1998,-1052,327,909,779,207
IMU1,18783,194519338,-1995,-1043,322,887,738,184
IMU1,18784,194529800,-1980,-1038,318,868,701,160
IMU1,18785,194540267,-1970,-1026,316,858,667,132
IMU1,18786,194550737,-1963,-1024,314,848,639,103
IMU1,18787,194561215,-1970,-1022,314,835,608,77
IMU1,18788,194571457,-1981,-1020,304,822,567,57
IMU1,18789,194581704,-1988,-1023,270,805,518,49
IMU1,18790,194591948,-1981,-1021,254,781,468,47
IMU1,18791,194602210,-1966,-1009,245,761,432,46
IMU1,18792,194612454,-1943,-993,227,738,416,45
IMU1,18793,194623544,-1963,-991,222,697,426,41
IMU1,18794,194633602,-1951,-993,222,673,438,46
IMU1,18795,194643651,-1932,-988,224,651,441,50
IMU1,18796,194653689,-1927,-977,236,623,444,43
IMU1,18797,194663735,-1915,-970,237,602,428,36
IMU1,18798,194673789,-1902,-959,234,578,402,21
IMU1,18799,194683848,-1909,-958,233,554,369,4
IMU1,18800,194693713,-1899,-956,229,535,333,-13
IMU1,18801,194703861,-1903,-958,222,515,287,-28
IMU1,18802,194714016,-1912,-952,223,497,237,-37
IMU1,18803,194724166,-1914,-962,230,476,198,-37
IMU1,18804,194734303,-1900,-963,225,458,180,-33
IMU1,18805,194744448,-1874,-960,221,439,168,-28
IMU1,18806,194754579,-1856,-938,216,420,156,-30
IMU1,18807,194764722,-1836,-929,210,398,141,-38
IMU1,18808,194774886,-1836,-923,201,377,127,-46
IMU1,18809,194785029,-1838,-916,192,354,119,-51
IMU1,18810,194795184,-1833,-916,210,331,117,-54
IMU1,18811,194806390,-1869,-920,204,279,119,-36
IMU1,18812,194816540,-1875,-914,223,261,105,-15
IMU1,18813,194826674,-1869,-902,211,246,92,-14
IMU1,18814,194836612,-1853,-900,203,242,66,-16
IMU1,18815,194846552,-1856,-897,205,234,28,-18
IMU1,18816,194856504,-1851,-889,218,231,-20,-21
IMU1,18817,194866543,-1849,-888,225,235,-67,-28
IMU1,18818,194876594,-1852,-880,228,244,-109,-35
IMU1,18819,194886840,-1856,-880,221,252,-146,-39
IMU1,18820,194897076,-1873,-880,225,257,-173,-37
IMU1,18821,194907314,-1878,-877,217,259,-189,-31
IMU1,18822,194917563,-1882,-886,211,260,-202,-20
IMU1,18823,194927811,-1871,-883,214,255,-209,-9
IMU1,18824,194937866,-1865,-873,219,248,-217,0
IMU1,18825,194947720,-1862,-874,217,246,-222,-2
IMU1,18826,194960325,-1865,-867,214,254,-267,-13
IMU1,18827,194970562,-1835,-860,210,258,-299,-17
IMU1,18828,194980789,-1840,-857,202,259,-332,-23
IMU1,18829,194991021,-1843,-862,205,261,-351,-30
IMU1,18830,195001262,-1848,-867,208,256,-354,-30
IMU1,18831,195011506,-1853,-864,210,248,-331,-30
IMU1,18832,195021748,-1848,-861,206,237,-298,-27
IMU1,18833,195031990,-1845,-857,212,222,-267,-29
IMU1,18834,195042243,-1852,-852,230,205,-239,-32
IMU1,18835,195052485,-1860,-860,236,190,-213,-35
IMU1,18836,195062727,-1856,-856,235,177,-193,-37
IMU1,18837,195072970,-1852,-846,239,163,-181,-44
IMU1,18838,195083193,-1844,-842,235,149,-179,-51
IMU1,18839,195093438,-1825,-845,244,137,-178,-65
IMU1,18840,195104200,-1812,-839,246,113,-187,-87
IMU1,18841,195114430,-1806,-836,249,103,-183,-100
IMU1,18842,195124865,-1806,-837,253,84,-183,-101
IMU1,18843,195135097,-1813,-843,253,73,-168,-107
IMU1,18844,195145341,-1832,-829,257,53,-158,-100
IMU1,18845,195155588,-1826,-844,243,28,-139,-90
IMU1,18846,195165631,-1794,-824,231,3,-109,-78
IMU1,18847,195175483,-1665,-809,207,-29,-73,-79
IMU1,18848,195185417,-1816,-812,221,-70,-25,-107
IMU1,18849,195195559,-1712,-830,207,-118,34,-135
IMU1,18850,195205811,-1696,-827,212,-166,98,-175
IMU1,18851,195216033,-1743,-842,231,-209,172,-224
IMU1,18852,195226454,-1813,-889,261,-244,241,-260
IMU1,18853,195236879,-1932,-921,270,-261,290,-270
IMU1,18854,195247321,-2086,-967,274,-259,298,-231
IMU1,18855,195258288,-2022,-960,274,-225,171,-4
IMU1,18856,195268325,-1916,-925,268,-191,92,111
IMU1,18857,195278479,-1896,-949,297,-150,29,187
IMU1,18858,195288632,-1662,-876,173,-98,-24,213
IMU1,18859,195298675,-1680,-863,213,-67,-62,156
IMU1,18860,195308706,-1654,-884,173,-37,-83,58
IMU1,18861,195318545,-1782,-900,209,-9,-95,-49
IMU1,18862,195328282,-1829,-925,208,22,-114,-113
IMU1,18863,195338507,-1831,-923,237,49,-140,-137
IMU1,18864,195348746,-1812,-904,229,80,-170,-147
IMU1,18865,195358986,-1801,-898,208,100,-202,-154
IMU1,18866,195369425,-1802,-922,204,103,-217,-167
IMU1,18867,195379859,-1986,-973,238,105,-204,-177
IMU1,18868,195390282,-2027,-985,265,110,-176,-132
IMU1,18869,195400719,-1969,-958,236,119,-160,-49
IMU1,18870,195411999,-1919,-933,257,127,-204,135
IMU1,18871,195422358,-1872,-911,270,126,-225,195
IMU1,18872,195432720,-1800,-895,256,131,-229,211
IMU1,18873,195443068,-1723,-873,242,122,-224,196
IMU1,18874,195453419,-1729,-860,218,117,-208,133
IMU1,18875,195463778,-1759,-857,221,101,-194,59
IMU1,18876,195473924,-1778,-868,238,86,-181,-11
IMU1,18877,195483962,-1808,-872,266,76,-173,-61
IMU1,18878,195494010,-1855,-871,280,69,-164,-87
IMU1,18879,195504059,-1888,-884,301,66,-153,-90
IMU1,18880,195514108,-1897,-897,301,67,-149,-71
IMU1,18881,195524163,-1877,-889,286,62,-149,-41
IMU1,18882,195534195,-1852,-872,274,62,-152,-17
IMU1,18883,195544242,-1822,-860,267,53,-150,-5
IMU1,18884,195554084,-1788,-854,265,37,-132,-6
IMU1,18885,195563923,-1763,-845,266,25,-97,-23
IMU1,18886,195573760,-1753,-833,255,6,-52,-47
IMU1,18887,195583405,-1751,-832,247,-15,-1,-77
IMU1,18888,195593164,-1766,-839,243,-42,52,-113
IMU1,18889,195604238,-1922,-876,272,-107,143,-146
IMU1,18890,195614674,-1983,-898,309,-128,175,-110
IMU1,18891,195625122,-1977,-910,325,-138,182,-38
IMU1,18892,195635352,-1903,-904,341,-129,166,45
IMU1,18893,195645489,-1868,-851,305,-106,137,103
IMU1,18894,195655827,-1813,-832,296,-80,92,131
IMU1,18895,195665775,-1790,-847,282,-50,31,130
IMU1,18896,195675725,-1744,-845,283,-23,-35,99
IMU1,18897,195685573,-1758,-842,280,5,-88,44
IMU1,18898,195695130,-1798,-864,273,28,-128,-12
IMU1,18899,195705177,-1820,-873,270,41,-153,-57
IMU1,18900,195715236,-1835,-878,268,50,-162,-76
IMU1,18901,195725279,-1844,-876,253,52,-156,-72
IMU1,18902,195735331,-1831,-886,248,41,-136,-51
IMU1,18903,195745384,-1813,-880,256,21,-101,-24
IMU1,18904,195755425,-1799,-880,232,-3,-55,-2
IMU1,18905,195764983,-1700,-848,163,-34,-4,1
IMU1,18906,195774429,-2012,-966,294,-80,36,-14
IMU1,18907,195784279,-1791,-946,202,-101,66,23
IMU1,18908,195794239,-1923,-904,286,-115,112,40
IMU1,18909,195804385,-1839,-918,249,-112,160,64
IMU1,18910,195814536,-1841,-916,235,-109,185,73
IMU1,18911,195825727,-1857,-913,268,-87,158,59
IMU1,18912,195835690,-1845,-919,256,-61,125,48
IMU1,18913,195845650,-1838,-910,263,-33,59,40
IMU1,18914,195855399,-1850,-902,269,6,-11,21
IMU1,18915,195864948,-1848,-907,270,38,-83,11
IMU1,18916,195874705,-1840,-912,262,77,-149,5
IMU1,18917,195884463,-1833,-906,262,106,-208,2
IMU1,18918,195894418,-1827,-898,265,132,-248,-6
IMU1,18919,195904456,-1839,-900,278,156,-281,-12
IMU1,18920,195914703,-1843,-903,281,179,-313,-12
IMU1,18921,195924957,-1843,-899,295,200,-346,-10
IMU1,18922,195935200,-1840,-897,299,221,-376,-4
IMU1,18923,195945255,-1840,-891,298,238,-406,1
IMU1,18924,195955213,-1829,-890,294,248,-430,2
IMU1,18925,195967717,-1812,-885,293,252,-447,0
IMU1,18926,195977583,-1785,-882,287,251,-447,-13
IMU1,18927,195987832,-1766,-869,281,238,-424,-35
IMU1,18928,195998607,-1775,-871,292,188,-335,-100
IMU1,18929,196009054,-1823,-879,315,148,-285,-118
IMU1,18930,196019494,-1871,-891,353,122,-237,-117
IMU1,18931,196029936,-1885,-894,381,96,-190,-93
IMU1,18932,196039989,-1908,-903,398,74,-154,-47
IMU1,18933,196050052,-1881,-901,408,55,-133,12
IMU1,18934,196059998,-1849,-888,400,41,-120,59
IMU1,18935,196069952,-1814,-870,402,26,-123,88
IMU1,18936,196079909,-1778,-863,406,16,-130,95
IMU1,18937,196089871,-1758,-867,404,5,-127,86
IMU1,18938,196099626,-1758,-869,405,-6,-111,70
IMU1,18939,196109471,-1764,-867,406,-13,-88,48
IMU1,18940,196119308,-1771,-864,391,-15,-70,26
IMU1,18941,196129158,-1800,-862,379,-21,-67,13
IMU1,18942,196139004,-1833,-870,383,-31,-70,9
IMU1,18943,196148668,-1845,-883,395,-38,-79,18
IMU1,18944,196158516,-1849,-888,408,-47,-76,27
IMU1,18945,196168366,-1855,-886,426,-52,-61,38
IMU1,18946,196178207,-1846,-887,435,-54,-47,49
IMU1,18947,196188049,-1827,-880,433,-50,-38,52
IMU1,18948,196197906,-1812,-871,422,-51,-42,48
IMU1,18949,196207771,-1803,-865,417,-44,-57,36
IMU1,18950,196217622,-1801,-855,417,-43,-74,20
IMU1,18951,196227466,-1808,-849,416,-41,-91,7
IMU1,18952,196237112,-1814,-850,415,-39,-100,1
IMU1,18953,196246970,-1832,-848,423,-31,-98,-9
IMU1,18954,196258285,-1851,-838,441,-18,-85,-7
IMU1,18955,196268032,-1852,-835,440,-5,-88,-19
IMU1,18956,196277782,-1844,-832,438,5,-97,-37
IMU1,18957,196287442,-1823,-818,429,7,-103,-54
IMU1,18958,196297296,-1823,-811,422,7,-110,-68
IMU1,18959,196307150,-1831,-814,421,12,-105,-83
IMU1,18960,196317209,-1837,-816,419,12,-97,-83
IMU1,18961,196327061,-1854,-811,427,13,-83,-77
IMU1,18962,196336904,-1856,-815,424,13,-69,-62
IMU1,18963,196346752,-1858,-812,425,16,-58,-45
IMU1,18964,196356610,-1841,-808,425,18,-47,-30
IMU1,18965,196366457,-1826,-803,428,17,-37,-14
IMU1,18966,196376297,-1815,-803,431,18,-22,-3
IMU1,18967,196385953,-1801,-800,433,15,-6,5
IMU1,18968,196395309,-1785,-792,434,15,9,9
IMU1,18969,196404589,-1787,-786,433,11,17,10
IMU1,18970,196414242,-1802,-795,439,5,19,15
IMU1,18971,196423711,-1816,-803,444,2,14,26
IMU1,18972,196433169,-1825,-808,437,-2,8,40
IMU1,18973,196442534,-1830,-809,441,-9,-6,58
IMU1,18974,196451999,-1825,-811,443,-16,-25,74
IMU1,18975,196461859,-1810,-817,446,-22,-38,86
IMU1,18976,196471715,-1796,-815,446,-24,-41,87
IMU1,18977,196481575,-1790,-818,449,-30,-46,90
IMU1,18978,196491425,-1799,-821,456,-33,-48,87
IMU1,18979,196501280,-1803,-826,460,-34,-51,85
IMU1,18980,196511132,-1825,-832,464,-35,-48,80
IMU1,18981,196520994,-1854,-844,462,-43,-51,83
IMU1,18982,196530844,-1875,-857,468,-49,-60,93
IMU1,18983,196540710,-1886,-862,469,-53,-71,108
IMU1,18984,196550782,-1885,-859,473,-60,-82,122
IMU1,18985,196560845,-1880,-858,470,-64,-86,127
IMU1,18986,196570897,-1874,-859,470,-72,-90,130
IMU1,18987,196580962,-1861,-855,474,-80,-87,122
IMU1,18988,196591022,-1847,-855,467,-85,-74,106
IMU1,18989,196601095,-1833,-853,466,-95,-60,87
IMU1,18990,196610970,-1827,-852,470,-104,-51,63
IMU1,18991,196620992,-1853,-853,477,-106,-42,39
IMU1,18992,196631012,-1835,-853,488,-109,-37,28
IMU1,18993,196641045,-1821,-845,473,-110,-41,18
IMU1,18994,196651065,-1828,-842,457,-107,-46,-4
IMU1,18995,196662028,-1820,-860,473,-113,-72,-53
IMU1,18996,196672156,-1824,-851,473,-116,-70,-78
IMU1,18997,196682283,-1837,-851,482,-123,-66,-96
IMU1,18998,196692403,-1854,-860,495,-125,-54,-112
IMU1,18999,196702725,-1873,-863,503,-119,-48,-121
IMU1,19000,196713052,-1902,-865,507,-111,-54,-117
IMU1,19001,196723383,-1927,-873,518,-102,-78,-101
IMU1,19002,196733706,-1924,-875,519,-89,-106,-81
IMU1,19003,196743836,-1920,-878,513,-72,-132,-69
IMU1,19004,196753975,-1914,-872,500,-62,-158,-64
IMU1,19005,196764119,-1900,-872,478,-55,-176,-71
IMU1,19006,196774267,-1884,-861,459,-57,-182,-91
IMU1,19007,196784403,-1867,-847,446,-62,-174,-121
IMU1,19008,196794726,-1871,-840,435,-70,-149,-156
IMU1,19009,196805069,-1886,-829,419,-82,-119,-179
IMU1,19010,196815910,-1856,-824,416,-88,-46,-204
IMU1,19011,196826035,-1848,-825,407,-91,-17,-203
IMU1,19012,196836150,-1828,-823,404,-87,10,-202
IMU1,19013,196846177,-1809,-818,394,-80,21,-198
IMU1,19014,196856209,-1801,-811,392,-66,23,-199
IMU1,19015,196866242,-1781,-811,388,-55,16,-198
IMU1,19016,196876264,-1761,-804,390,-41,6,-196
IMU1,19017,196886095,-1750,-794,389,-19,-8,-193
IMU1,19018,196896033,-1734,-797,391,11,-16,-192
IMU1,19019,196906062,-1720,-799,391,41,-18,-189
IMU1,19020,196916103,-1715,-803,410,68,-20,-179
IMU1,19021,196926131,-1711,-808,418,97,-16,-164
IMU1,19022,196936164,-1713,-819,430,129,-4,-150
IMU1,19023,196946192,-1713,-828,437,155,0,-131
IMU1,19024,196956037,-1735,-833,444,175,-8,-109
IMU1,19025,196968639,-1764,-860,465,193,-27,-87
IMU1,19026,196979713,-1770,-861,495,208,-88,-32
IMU1,19027,196989746,-1760,-873,502,213,-117,-6
IMU1,19028,196999793,-1764,-880,511,221,-133,11
IMU1,19029,197009936,-1774,-901,522,217,-140,32
IMU1,19030,197020083,-1808,-895,531,216,-144,53
IMU1,19031,197030226,-1806,-896,528,207,-149,76
IMU1,19032,197040380,-1794,-911,524,189,-156,91
IMU1,19033,197050531,-1795,-920,528,170,-159,93
IMU1,19034,197060687,-1803,-919,536,143,-157,88
IMU1,19035,197070840,-1810,-915,550,116,-154,80
IMU1,19036,197080998,-1807,-911,549,93,-147,69
IMU1,19037,197090956,-1814,-915,544,73,-137,55
IMU1,19038,197100925,-1813,-919,532,50,-127,40
IMU1,19039,197110877,-1816,-922,524,24,-115,23
IMU1,19040,197120839,-1797,-922,523,-1,-97,7
IMU1,19041,197130263,-1789,-919,519,-27,-71,-9
IMU1,19042,197139990,-1791,-916,517,-45,-39,-22
IMU1,19043,197149932,-1808,-918,520,-56,-7,-27
IMU1,19044,197159669,-1821,-927,528,-65,18,-29
IMU1,19045,197169513,-1820,-930,541,-68,34,-23
IMU1,19046,197179365,-1807,-931,540,-60,42,-17
IMU1,19047,197189208,-1788,-922,534,-54,41,-15
IMU1,19048,197199041,-1767,-907,529,-44,32,-10
IMU1,19049,197210440,-1753,-876,519,-10,-7,-26
IMU1,19050,197220177,-1733,-865,511,8,-43,-39
IMU1,19051,197229823,-1733,-872,520,18,-88,-46
IMU1,19052,197239661,-1749,-884,535,34,-130,-51
IMU1,19053,197249712,-1768,-886,549,44,-170,-52
IMU1,19054,197259742,-1793,-891,564,59,-205,-45
IMU1,19055,197269787,-1808,-900,572,72,-231,-31
IMU1,19056,197279828,-1819,-897,584,82,-254,-11
IMU1,19057,197289875,-1822,-897,579,93,-275,4
