# label=BP
IMU1,20300,210516156,-1156,-1247,1331,-305,116,-31
IMU1,20301,210526801,-1157,-1256,1346,-305,76,-5
IMU1,20302,210537048,-1145,-1246,1320,-291,26,-2
IMU1,20303,210547269,-1138,-1240,1284,-286,-11,-8
IMU1,20304,210557580,-1149,-1240,1232,-294,-26,-14
IMU1,20305,210568116,-1177,-1245,1188,-325,-33,-18
IMU1,20306,210578634,-1198,-1261,1140,-378,-24,-13
IMU1,20307,210589161,-1222,-1287,1122,-449,-1,1
IMU1,20308,210599183,-1237,-1321,1110,-534,21,24
IMU1,20309,210609525,-1242,-1351,1103,-624,33,49
IMU1,20310,210619872,-1278,-1463,1081,-711,13,78
IMU1,20311,210630741,-1281,-1495,1078,-876,-37,150
IMU1,20312,210641374,-1270,-1531,1069,-952,-51,184
IMU1,20313,210652015,-1268,-1536,1037,-1015,-61,200
IMU1,20314,210662855,-1317,-1581,996,-1087,-61,212
IMU1,20315,210673490,-1363,-1604,974,-1159,-61,228
IMU1,20316,210684125,-1260,-1649,924,-1235,-76,240
IMU1,20317,210694772,-1255,-1660,904,-1314,-78,228
IMU1,20318,210705411,-1263,-1640,875,-1389,-62,203
IMU1,20319,210716044,-1238,-1613,833,-1456,-62,175
IMU1,20320,210726677,-1200,-1605,777,-1551,-185,104
IMU1,20321,210737499,-1273,-1630,769,-1585,-212,82
IMU1,20322,210748144,-1346,-1630,709,-1607,-214,102
IMU1,20323,210758966,-1299,-1657,663,-1621,-236,146
IMU1,20324,210769785,-1285,-1721,675,-1633,-275,190
IMU1,20325,210780607,-1245,-1804,668,-1634,-305,230
IMU1,20326,210791437,-1163,-1867,659,-1624,-307,253
IMU1,20327,210802268,-1211,-1935,527,-1594,-262,247
IMU1,20328,210813620,-1257,-1730,493,-1515,-48,224
IMU1,20329,210824259,-1433,-1370,555,-1481,63,259
IMU1,20330,210834797,-1417,-1902,597,-1415,102,400
IMU1,20331,210845552,-1370,-2409,279,-1336,49,563
IMU1,20332,210856092,-1301,-2381,21,-1319,-166,692
IMU1,20333,210866723,-1141,-1925,284,-1343,-425,766
IMU1,20334,210877559,-1311,-1609,558,-1314,-605,764
IMU1,20335,210888404,-1413,-1744,529,-1227,-698,739
IMU1,20336,210899238,-1206,-2004,480,-1069,-762,560
IMU1,20337,210910064,-1212,-1941,478,-1013,-825,334
IMU1,20338,210920909,-1336,-1830,483,-961,-960,44
IMU1,20339,210931346,-1336,-1625,1065,-912,-1095,-257
IMU1,20340,210942481,-1142,-1588,832,-882,-1140,-577
IMU1,20341,210953435,-1123,-1648,89,-1028,-947,-883
IMU1,20342,210964161,-984,-1679,125,-1350,-663,-1144
IMU1,20343,210975080,-1140,-1800,263,-1615,-521,-1381
IMU1,20344,210986722,-1075,-1969,169,-1945,-330,-1636
IMU1,20345,210997838,-951,-2262,136,-2043,-264,-1666
IMU1,20346,211008769,-1114,-2180,567,-2030,-283,-1601
IMU1,20347,211019896,-1369,-1985,586,-1897,-251,-1402
IMU1,20348,211031039,-1379,-1899,404,-1729,-164,-1099
IMU1,20349,211042172,-1224,-1878,248,-1579,-38,-762
IMU1,20350,211052906,-948,-1467,458,-1448,-68,-205
IMU1,20351,211063426,-860,-1549,231,-1168,-335,-15
IMU1,20352,211073962,-1152,-1714,290,-1043,-636,157
IMU1,20353,211084799,-772,-1476,244,-934,-725,354
IMU1,20354,211097813,-547,-1290,81,-831,-722,489
IMU1,20355,211108037,-621,-1244,-75,-744,-697,584
IMU1,20356,211118376,-1024,-1362,-361,-682,-589,727
IMU1,20357,211129114,-1181,-1349,-433,-683,-387,933
IMU1,20358,211140380,-1418,-1709,-308,-914,159,1273
IMU1,20359,211151237,-1261,-1586,56,-1019,275,1362
IMU1,20360,211161989,-912,-1400,130,-1084,277,1344
IMU1,20361,211172731,-823,-1504,-82,-1154,196,1240
IMU1,20362,211183380,-1018,-1665,-259,-1294,122,1106
IMU1,20363,211194416,-917,-1644,-480,-1493,143,975
IMU1,20364,211205055,-713,-1500,-591,-1742,205,797
IMU1,20365,211215692,-755,-1425,-617,-1993,178,577
IMU1,20366,211226846,-1188,-1790,464,-2424,128,217
IMU1,20367,211237577,-1468,-1882,684,-2373,-100,137
IMU1,20368,211248410,-1649,-1936,828,-2165,-413,187
IMU1,20369,211259227,-1388,-1926,894,-1842,-612,371
IMU1,20370,211270053,-1755,-1834,834,-1388,-784,601
IMU1,20371,211280904,-1912,-1881,831,-881,-974,876
IMU1,20372,211291539,-1520,-1827,657,-379,-1165,1099
IMU1,20373,211302577,-1306,-1697,-11,12,-1200,1199
IMU1,20374,211313197,-1347,-1740,-176,320,-1055,1221
IMU1,20375,211324229,-1251,-1646,-406,304,-1031,1184
IMU1,20376,211335267,-1210,-1591,-582,180,-996,1107
IMU1,20377,211346117,-1247,-1581,-713,-36,-936,1005
IMU1,20378,211356864,-1325,-1581,-673,-291,-882,893
IMU1,20379,211367581,-1233,-1614,-612,-536,-799,786
IMU1,20380,211378319,-1287,-1612,-524,-732,-728,674
IMU1,20381,211389039,-1262,-1554,-356,-856,-634,588
IMU1,20382,211399787,-1173,-1462,-174,-880,-188,433
IMU1,20383,211410506,-1184,-1452,-115,-778,25,341
IMU1,20384,211420938,-1174,-1492,-112,-617,226,250
IMU1,20385,211431573,-1180,-1435,-183,-436,481,156
IMU1,20386,211442214,-1283,-1419,-318,-279,755,61
IMU1,20387,211452653,-1337,-1420,-389,-164,983,-12
IMU1,20388,211463182,-1313,-1389,-373,-88,1134,-70
IMU1,20389,211473708,-1317,-1362,-381,-39,1199,-133
IMU1,20390,211484436,-1387,-1340,-401,-21,1190,-191
IMU1,20391,211495161,-1254,-1311,-281,-24,1117,-231
IMU1,20392,211505899,-1349,-1314,-354,-10,964,-250
IMU1,20393,211516434,-1408,-1322,-315,-16,798,-257
IMU1,20394,211526981,-1378,-1322,-355,-20,580,-248
IMU1,20395,211537503,-1320,-1322,-396,-26,381,-238
IMU1,20396,211548035,-1254,-1286,-445,-56,322,-240
IMU1,20397,211558558,-1238,-1286,-455,-98,354,-256
IMU1,20398,211569076,-1227,-1277,-509,-135,411,-272
IMU1,20399,211579809,-1184,-1233,-488,-167,469,-285
IMU1,20400,211590541,-1134,-1187,-471,-178,531,-304
IMU1,20401,211601273,-1106,-1138,-447,-135,584,-335
IMU1,20402,211611999,-1083,-1120,-460,-98,547,-343
IMU1,20403,211622531,-1069,-1104,-459,-51,485,-349
IMU1,20404,211633049,-1004,-1084,-473,-5,419,-357
IMU1,20405,211643376,-1008,-1067,-487,42,370,-376
IMU1,20406,211653801,-1034,-1076,-451,96,302,-392
IMU1,20407,211664243,-1011,-1080,-476,156,215,-402
IMU1,20408,211674866,-1040,-1062,-465,208,146,-417
IMU1,20409,211685500,-1040,-1085,-471,258,75,-428
IMU1,20410,211695928,-1099,-1114,-466,313,14,-428
IMU1,20411,211706377,-1141,-1131,-467,366,-39,-411
IMU1,20412,211717432,-1215,-736,-350,437,-169,-375
IMU1,20413,211727964,-1444,-814,-592,426,-273,-346
IMU1,20414,211738495,-1384,-1391,-674,336,-500,-303
IMU1,20415,211749225,-1271,-1512,-578,224,-804,-267
IMU1,20416,211759963,-1339,-1485,-501,141,-1089,-264
IMU1,20417,211770908,-1304,-1648,-521,97,-1296,-268
IMU1,20418,211781618,-1185,-1543,-308,114,-1402,-271
IMU1,20419,211792553,-1348,-1307,-300,215,-1373,-269
IMU1,20420,211804002,-1534,-659,-169,504,-1204,-197
IMU1,20421,211814730,-1464,-1350,-607,549,-1138,-170
IMU1,20422,211825659,-1308,-1738,-800,441,-1226,-151
IMU1,20423,211836586,-1226,-1835,-565,295,-1384,-174
IMU1,20424,211847530,-1297,-1737,-321,240,-1496,-213
IMU1,20425,211858446,-1370,-1306,-100,313,-1544,-211
IMU1,20426,211869370,-1425,-1254,-113,478,-1569,-171
IMU1,20427,211880305,-1469,-1518,-256,859,-1784,-22
IMU1,20428,211891037,-1584,-1332,-281,1020,-1869,76
IMU1,20429,211901890,-1554,-1406,-513,1114,-1798,158
IMU1,20430,211912948,-1507,-1398,-514,1096,-1607,208
IMU1,20431,211923994,-1485,-1420,-424,1033,-1342,219
IMU1,20432,211935040,-1476,-1446,-325,970,-1048,218
IMU1,20433,211945875,-1475,-1463,-228,918,-751,212
IMU1,20434,211956528,-1526,-1502,-42,880,-523,199
IMU1,20435,211967494,-1486,-1482,29,842,-413,183
IMU1,20436,211977851,-1433,-1557,90,838,-465,175
IMU1,20437,211988200,-1401,-1513,185,847,-522,167
IMU1,20438,211998741,-1432,-1527,205,876,-581,145
IMU1,20439,212009290,-1342,-1551,220,893,-606,126
IMU1,20440,212019819,-1350,-1581,242,905,-591,88
IMU1,20441,212030158,-1334,-1620,237,894,-553,43
IMU1,20442,212040496,-1308,-1655,271,871,-505,-14
IMU1,20443,212050917,-1359,-1654,314,850,-461,-82
IMU1,20444,212061351,-1291,-1642,325,838,-445,-146
IMU1,20445,212071977,-1371,-1592,325,824,-405,-198
IMU1,20446,212082612,-1414,-1543,321,794,-354,-209
IMU1,20447,212093251,-1409,-1503,329,779,-358,-181
IMU1,20448,212106444,-1378,-1469,348,775,-361,-140
IMU1,20449,212117073,-1367,-1457,376,782,-355,-92
IMU1,20450,212127517,-1295,-1428,359,783,-336,-61
IMU1,20451,212137967,-1244,-1407,369,767,-301,-65
IMU1,20452,212148412,-1169,-1368,413,760,-281,-99
IMU1,20453,212159894,-1130,-1253,418,814,-321,-205
IMU1,20454,212170551,-1133,-1178,372,862,-336,-237
IMU1,20455,212181205,-1165,-1094,332,915,-317,-260
IMU1,20456,212191842,-1234,-1008,281,964,-284,-245
IMU1,20457,212202479,-1237,-933,218,1000,-246,-203
IMU1,20458,212213112,-1209,-886,269,1029,-173,-138
IMU1,20459,212223753,-1157,-808,263,1078,-112,-73
IMU1,20460,212234209,-1055,-826,366,1141,-97,-18
IMU1,20461,212244449,-962,-842,485,1233,-101,7
IMU1,20462,212254389,-862,-856,534,1356,-173,-14
IMU1,20463,212265681,-746,-830,525,1575,-413,-166
IMU1,20464,212276114,-749,-796,476,1671,-525,-252
IMU1,20465,212286560,-765,-724,428,1760,-605,-316
IMU1,20466,212297006,-827,-708,373,1824,-635,-331
IMU1,20467,212307450,-813,-742,410,1882,-602,-289
IMU1,20468,212317895,-1005,-672,436,1967,-564,-197
IMU1,20469,212328543,-791,-569,567,2077,-540,-57
IMU1,20470,212338799,-749,-741,764,2220,-512,75
IMU1,20471,212348963,-674,-789,914,2419,-565,194
IMU1,20472,212359314,-671,-789,1009,2645,-711,303
IMU1,20473,212369867,-721,-758,1285,2869,-827,427
IMU1,20474,212380933,-973,-703,1349,3264,-956,795
IMU1,20475,212391487,-1175,-616,1380,3386,-962,1069
IMU1,20476,212402440,-1333,-461,1450,3467,-920,1399
IMU1,20477,212413389,-1487,-392,1657,3506,-899,1782
IMU1,20478,212424349,-1510,-289,1841,3539,-943,2187
IMU1,20479,212435302,-1522,-201,2129,3599,-1052,2565
IMU1,20480,212446446,-1565,-114,2320,3703,-1201,2906
IMU1,20481,212457584,-1735,-30,2287,3854,-1488,3471
IMU1,20482,212468531,-1662,103,2249,3780,-1451,3676
IMU1,20483,212479574,-1652,215,2309,3595,-1242,3772
IMU1,20484,212490645,-1737,232,2412,3348,-981,3791
IMU1,20485,212501478,-1799,270,2496,3069,-766,3749
IMU1,20486,212512318,-1788,325,2516,2752,-603,3625
IMU1,20487,212523153,-1733,390,2552,2394,-434,3413
IMU1,20488,212534011,-1628,380,2860,2028,-78,2741
IMU1,20489,212544639,-1614,266,3074,1465,-93,2320
IMU1,20490,212555267,-1452,268,2976,1311,-276,1835
IMU1,20491,212566105,-1347,299,2770,1129,-496,1292
IMU1,20492,212576934,-1346,314,2592,876,-627,720
IMU1,20493,212587381,-1405,324,2500,563,-730,183
IMU1,20494,212597810,-1466,372,2478,240,-837,-288
IMU1,20495,212608335,-1498,432,2452,-53,-949,-686
IMU1,20496,212618750,-1522,503,2460,-300,-1071,-1007
IMU1,20497,212629780,-1640,588,2486,-479,-1206,-1250
IMU1,20498,212640805,-1615,627,2412,-626,-1503,-1461
IMU1,20499,212651824,-1616,623,2279,-662,-1546,-1445
IMU1,20500,212662854,-1599,623,2173,-707,-1475,-1362
IMU1,20501,212673900,-1547,593,2129,-766,-1306,-1235
IMU1,20502,212684938,-1485,562,2108,-813,-1104,-1093
IMU1,20503,212695953,-1385,542,2111,-838,-905,-957
IMU1,20504,212706600,-1183,488,1975,-845,-700,-844
IMU1,20505,212717742,-1112,438,1989,-908,-274,-701
IMU1,20506,212728389,-1043,401,2054,-938,-97,-698
IMU1,20507,212738815,-983,371,2159,-947,2,-717
IMU1,20508,212748760,-957,342,2229,-919,5,-745
IMU1,20509,212758715,-936,367,2303,-883,-78,-788
IMU1,20510,212768965,-923,330,2276,-843,-259,-836
IMU1,20511,212779390,-850,274,2269,-833,-492,-871
IMU1,20512,212789834,-785,237,2251,-850,-695,-902
IMU1,20513,212800272,-773,169,2180,-907,-849,-935
IMU1,20514,212810693,-751,99,2126,-1004,-957,-960
IMU1,20515,212821126,-714,64,2098,-1131,-1001,-980
IMU1,20516,212831752,-584,-7,2064,-1276,-1001,-996
IMU1,20517,212842291,-439,-135,2021,-1536,-820,-1014
IMU1,20518,212853206,-425,-85,2082,-1635,-689,-1008
IMU1,20519,212863913,-415,10,2153,-1683,-621,-1010
IMU1,20520,212874562,-422,32,2092,-1694,-616,-1020
IMU1,20521,212885181,-384,119,1937,-1695,-660,-1026
IMU1,20522,212896002,-431,124,1838,-1702,-684,-1017
IMU1,20523,212906810,-224,75,1746,-1698,-658,-992
IMU1,20524,212917243,-60,-73,1609,-1671,-647,-1002
IMU1,20525,212927755,-661,62,1223,-1628,-681,-1039
IMU1,20526,212938914,-453,310,1244,-1557,-806,-965
IMU1,20527,212949557,-358,597,1441,-1482,-860,-904
IMU1,20528,212960204,374,443,1201,-1345,-921,-883
IMU1,20529,212970732,101,12,1027,-1221,-1004,-938
IMU1,20530,212981272,-307,-196,661,-1119,-1117,-932
IMU1,20531,212992026,66,-410,851,-975,-1279,-835
IMU1,20532,213002217,13,73,1776,-639,-1424,-739
IMU1,20533,213012344,-170,410,1873,-81,-1363,-640
IMU1,20534,213022750,-262,492,1512,518,-1179,-517
IMU1,20535,213033276,-409,714,1496,1023,-934,-360
IMU1,20536,213044321,-537,-510,910,1601,232,129
IMU1,20537,213054538,-620,-295,1242,1619,898,537
IMU1,20538,213064972,-564,-310,1912,1627,1516,946
IMU1,20539,213075609,-483,-342,1872,1681,1944,1292
IMU1,20540,213086419,-450,-333,2088,1707,2058,1569
IMU1,20541,213097246,-384,-425,2329,1732,1926,1776
IMU1,20542,213110624,-243,-525,2795,1776,1652,1897
IMU1,20543,213121461,-101,-478,2919,1846,1160,1854
IMU1,20544,213132282,-7,-401,2892,1803,1160,1677
IMU1,20545,213142707,-62,-400,2650,1645,1356,1428
IMU1,20546,213153335,-207,-390,2519,1346,1630,1147
IMU1,20547,213164168,-417,-404,2563,965,1878,865
IMU1,20548,213174584,-730,-431,2515,554,2099,614
IMU1,20549,213185031,-1017,-342,2658,139,2259,402
IMU1,20550,213195655,-1196,-175,2557,-262,2462,215
IMU1,20551,213206403,-1423,-197,2458,-662,2578,23
IMU1,20552,213217436,-1636,-176,2287,-1359,2374,-293
IMU1,20553,213228459,-1567,-164,2145,-1663,2143,-435
IMU1,20554,213239486,-1468,-179,2086,-1926,1859,-603
IMU1,20555,213250504,-1353,-246,2125,-2134,1591,-781
IMU1,20556,213261537,-1264,-330,1983,-2293,1401,-963
IMU1,20557,213272561,-1204,-411,1790,-2420,1258,-1149
IMU1,20558,213283792,-1221,-382,1375,-2516,1080,-1328
IMU1,20559,213295023,-1360,-155,1420,-2567,449,-1562
IMU1,20560,213306052,-1383,201,1398,-2491,11,-1557
IMU1,20561,213316781,-1248,316,1237,-2355,-410,-1498
IMU1,20562,213327827,-1190,572,1066,-2204,-721,-1425
IMU1,20563,213338861,-760,689,1025,-2063,-891,-1355
IMU1,20564,213349691,-508,639,459,-1925,-949,-1344
IMU1,20565,213360328,-285,527,712,-1817,-1000,-1362
IMU1,20566,213371668,215,6,881,-1406,-917,-1410
IMU1,20567,213381804,169,-363,1034,-1102,-786,-1403
IMU1,20568,213392624,-657,-766,2053,-705,-609,-1296
IMU1,20569,213403350,-1483,-718,1996,-104,-397,-933
IMU1,20570,213414074,-1896,-616,2121,529,-314,-347
IMU1,20571,213424717,-2097,-754,2327,1162,-439,344
IMU1,20572,213435454,-2521,-1101,2448,1791,-728,1088
IMU1,20573,213446602,-2228,-1123,2049,2336,-943,1862
IMU1,20574,213457738,-544,-1138,1186,2710,-851,2838
IMU1,20575,213468685,-673,-1032,1143,2521,-781,2910
IMU1,20576,213479632,-1002,-684,1494,2190,-843,2844
IMU1,20577,213490573,-972,-200,1715,1773,-819,2646
IMU1,20578,213501298,-851,-193,1556,1243,-413,2259
IMU1,20579,213512044,-791,-729,1590,625,171,1711
IMU1,20580,213522487,-791,-1056,1957,58,622,1138
IMU1,20581,213532932,-1096,-1128,2484,-300,642,655
IMU1,20582,213543661,-1106,-918,2941,-372,-459,-71
IMU1,20583,213554205,-1155,-910,2758,-57,-883,-376
IMU1,20584,213564746,-1260,-871,2453,78,-1099,-613
IMU1,20585,213575402,-1345,-814,2204,125,-1148,-795
IMU1,20586,213586240,-1403,-803,2031,85,-1079,-915
IMU1,20587,213596865,-1372,-762,1887,-19,-881,-977
IMU1,20588,213607391,-1137,-719,1959,-173,-519,-1010
IMU1,20589,213618310,-1155,-789,2026,-320,-65,-1051
IMU1,20590,213629038,-1192,-769,2066,-441,311,-1070
IMU1,20591,213639886,-1262,-918,2276,-543,679,-1065
IMU1,20592,213650729,-1152,-811,2405,-630,685,-1062
IMU1,20593,213661555,-1082,-690,2337,-616,664,-1086
IMU1,20594,213672389,-1004,-609,2223,-621,640,-1136
IMU1,20595,213683221,-928,-570,2130,-651,573,-1207
IMU1,20596,213693844,-813,-524,2097,-690,455,-1295
IMU1,20597,213704466,-730,-485,1983,-719,301,-1399
IMU1,20598,213715103,-663,-480,1752,-756,181,-1500
IMU1,20599,213725744,-520,-414,1134,-823,100,-1604
IMU1,20600,213736889,-414,-189,907,-1066,-59,-1876
IMU1,20601,213747411,-442,-83,666,-1202,-122,-1988
IMU1,20602,213757929,-771,107,381,-1324,-288,-2048
IMU1,20603,213768566,-897,388,291,-1451,-528,-2012
IMU1,20604,213779186,-847,529,357,-1548,-732,-1905
IMU1,20605,213789831,-517,346,183,-1574,-802,-1764
IMU1,20606,213800458,119,-111,339,-1551,-785,-1640
IMU1,20607,213811085,343,-596,1007,-1410,-701,-1544
IMU1,20608,213821935,-544,-793,1986,-1121,-290,-1351
IMU1,20609,213832862,-1695,-827,2396,-65,385,-287
IMU1,20610,213843285,-1630,-1518,2194,701,116,450
IMU1,20611,213853917,-1843,-1404,2274,1453,-379,1203
IMU1,20612,213865052,-939,-1156,1978,2117,-694,1880
IMU1,20613,213875992,56,-977,1523,2554,-683,2197
IMU1,20614,213886448,525,-791,1228,2636,-338,2085
IMU1,20615,213897094,36,-953,1153,2355,155,1705
IMU1,20616,213907452,-414,-1095,1407,1844,525,1327
IMU1,20617,213918288,-687,-1238,2100,1288,669,1042
IMU1,20618,213929124,-719,-1214,2445,488,83,704
IMU1,20619,213939363,-732,-1183,2592,366,-475,621
IMU1,20620,213949899,-738,-1163,2601,393,-1095,571
IMU1,20621,213960648,-685,-1109,2540,497,-1650,540
IMU1,20622,213971388,-582,-1048,2433,621,-2027,495
IMU1,20623,213982131,-497,-969,2213,697,-2183,403
IMU1,20624,213992673,-342,-1154,2017,673,-2111,276
IMU1,20625,214003417,-352,-942,1981,598,-1765,155
IMU1,20626,214013959,-409,-909,1782,496,-1259,52
IMU1,20627,214024309,-506,-918,1687,349,-785,-47
IMU1,20628,214035053,-553,-709,1885,88,-143,-42
IMU1,20629,214045088,-565,-477,1943,68,50,-20
IMU1,20630,214054820,-475,-837,1867,62,86,13
IMU1,20631,214064459,-367,-633,2089,86,24,40
IMU1,20632,214074096,-535,-74,2091,144,-39,36
IMU1,20633,214083834,-433,-1026,1553,92,-263,23
IMU1,20634,214093971,-87,-854,2157,-15,-505,10
IMU1,20635,214103804,-221,-488,1980,25,-352,-25
IMU1,20636,214116389,-407,-571,1927,42,-212,-61
IMU1,20637,214126423,-418,-561,1971,50,-312,-53
IMU1,20638,214136456,-398,-492,1912,68,-402,-22
IMU1,20639,214146495,-407,-503,1892,71,-348,25
IMU1,20640,214156428,-441,-498,1881,74,-201,93
IMU1,20641,214166362,-410,-501,1875,77,-53,171
IMU1,20642,214176303,-374,-506,1912,77,52,235
IMU1,20643,214186150,-349,-514,1925,76,96,273
IMU1,20644,214195993,-349,-522,1932,71,86,296
IMU1,20645,214205838,-319,-531,1918,68,72,308
IMU1,20646,214215703,-335,-522,1915,52,79,306
IMU1,20647,214225558,-354,-531,1924,28,99,295
IMU1,20648,214235399,-396,-527,1950,7,117,287
IMU1,20649,214246807,-442,-537,1951,-25,155,297
IMU1,20650,214256932,-454,-533,1962,-48,201,307
IMU1,20651,214267069,-464,-540,1976,-72,243,301
IMU1,20652,214277214,-477,-544,1989,-89,252,290
IMU1,20653,214287349,-478,-560,1980,-98,237,272
IMU1,20654,214297500,-475,-573,1962,-97,220,248
IMU1,20655,214307652,-480,-577,1945,-96,213,212
IMU1,20656,214317785,-479,-571,1933,-94,212,167
IMU1,20657,214327924,-485,-563,1917,-93,216,120
IMU1,20658,214338063,-517,-552,1909,-88,226,79
IMU1,20659,214348009,-537,-532,1919,-87,226,46
IMU1,20660,214357952,-556,-526,1917,-80,195,26
IMU1,20661,214367903,-573,-510,1918,-70,113,17
IMU1,20662,214377867,-549,-527,1900,-61,9,18
IMU1,20663,214387416,-516,-549,1911,-48,-57,17
IMU1,20664,214397257,-500,-528,1916,-34,-68,8
IMU1,20665,214406912,-517,-539,1897,-22,-63,-5
IMU1,20666,214416636,-512,-548,1882,-14,-56,-22
IMU1,20667,214426562,-533,-555,1878,-10,-30,-38
IMU1,20668,214436478,-527,-554,1862,-13,18,-52
IMU1,20669,214446307,-525,-558,1868,-20,81,-63
IMU1,20670,214456136,-545,-548,1893,-24,139,-83
IMU1,20671,214466173,-552,-535,1971,-18,156,-109
IMU1,20672,214477451,-574,-530,1972,25,3,-125
IMU1,20673,214487181,-567,-530,1939,41,-76,-119
IMU1,20674,214497211,-567,-531,1918,49,-113,-114
IMU1,20675,214507451,-556,-550,1909,43,-98,-107
IMU1,20676,214517502,-549,-558,1920,35,-58,-95
IMU1,20677,214527350,-531,-566,1929,26,-12,-89
IMU1,20678,214537198,-534,-572,1945,22,14,-88
IMU1,20679,214546938,-526,-574,1947,22,20,-89
IMU1,20680,214556678,-524,-574,1961,28,11,-93
IMU1,20681,214566416,-530,-572,1962,43,-9,-95
IMU1,20682,214576038,-547,-567,1951,63,-39,-94
IMU1,20683,214585869,-562,-561,1940,78,-74,-80
IMU1,20684,214595702,-556,-570,1917,87,-103,-62
IMU1,20685,214605743,-562,-569,1908,84,-113,-41
IMU1,20686,214615779,-563,-583,1909,73,-102,-20
IMU1,20687,214625824,-548,-594,1915,65,-79,-5
IMU1,20688,214635479,-528,-593,1935,58,-51,2
IMU1,20689,214645020,-526,-603,1925,54,-31,1
IMU1,20690,214654552,-514,-622,1928,44,-26,-10
IMU1,20691,214664387,-500,-635,1943,36,-25,-26
IMU1,20692,214674214,-510,-621,1972,38,-25,-41
IMU1,20693,214684049,-527,-626,1962,49,-46,-54
IMU1,20694,214693876,-516,-620,1963,57,-82,-61
IMU1,20695,214703714,-513,-618,1954,60,-93,-68
IMU1,20696,214713565,-552,-537,1963,57,-82,-70
IMU1,20697,214723413,-527,-689,1853,43,-81,-70
IMU1,20698,214733238,-477,-632,1977,18,-69,-67
IMU1,20699,214743071,-485,-603,1957,26,-18,-70
IMU1,20700,214752900,-501,-607,1961,40,-30,-75
IMU1,20701,214762741,-532,-473,1961,50,-94,-75
IMU1,20702,214772585,-451,-702,1845,31,-172,-75
IMU1,20703,214782626,-401,-620,1980,4,-184,-79
IMU1,20704,214792479,-439,-585,1959,10,-117,-86
IMU1,20705,214802518,-566,-472,1907,19,-98,-82
IMU1,20706,214812357,-388,-374,1633,-7,-27,-67
IMU1,20707,214823646,-341,-787,2132,-220,5,-40
IMU1,20708,214833491,-413,-539,2069,-166,101,-19
IMU1,20709,214843729,-501,-603,2043,-65,123,-14
IMU1,20710,214853762,-483,-576,1975,29,-8,9
IMU1,20711,214863105,-424,-580,1911,78,-105,26
IMU1,20712,214873060,-455,-578,1867,77,-68,33
IMU1,20713,214882819,-479,-568,1885,61,-6,43
IMU1,20714,214892364,-511,-566,1901,41,39,66
IMU1,20715,214902021,-499,-558,1929,29,51,94
IMU1,20716,214911671,-493,-572,1921,34,48,118
IMU1,20717,214921538,-487,-552,1914,44,51,127
IMU1,20718,214931399,-489,-572,1936,52,32,131
IMU1,20719,214941252,-498,-562,1939,66,24,131
IMU1,20720,214951103,-519,-577,1924,78,47,130
IMU1,20721,214960960,-470,-546,1911,83,110,131
IMU1,20722,214970998,-571,-571,1906,72,183,130
IMU1,20723,214981047,-557,-540,1923,58,160,142
IMU1,20724,214991087,-543,-502,1916,49,136,152
IMU1,20725,215001141,-735,64,1996,21,134,162
IMU1,20726,215010891,-590,-1124,1425,-100,34,174
IMU1,20727,215021231,-275,-722,2221,-229,47,191
IMU1,20728,215031377,-568,-512,1975,-147,372,188
IMU1,20729,215041728,-673,-581,2016,-54,349,197
IMU1,20730,215051834,-568,-530,1924,35,168,219
IMU1,20731,215061859,-551,-546,1869,62,187,212
IMU1,20732,215071887,-587,-578,1872,47,296,199
IMU1,20733,215081929,-611,-555,1929,41,340,199
IMU1,20734,215092994,-618,-548,1915,69,348,222
IMU1,20735,215103034,-618,-538,1896,83,344,234
IMU1,20736,215113086,-605,-537,1880,83,329,226
IMU1,20737,215125876,-615,-531,1899,78,323,209
IMU1,20738,215135914,-632,-537,1904,65,307,209
IMU1,20739,215145977,-647,-533,1909,55,286,213
IMU1,20740,215156012,-653,-532,1906,47,274,215
IMU1,20741,215166048,-655,-533,1918,39,267,212
IMU1,20742,215176093,-658,-538,1925,33,256,208
IMU1,20743,215186118,-671,-533,1927,33,249,199
IMU1,20744,215196152,-689,-544,1914,35,245,197
IMU1,20745,215206204,-700,-543,1904,30,246,197
IMU1,20746,215216244,-705,-550,1909,14,256,198
IMU1,20747,215227322,-716,-538,1908,-4,280,192
IMU1,20748,215237264,-723,-535,1904,-11,281,193
IMU1,20749,215247401,-723,-531,1904,-14,277,187
IMU1,20750,215257529,-729,-529,1894,-13,268,181
IMU1,20751,215267668,-738,-519,1878,-16,254,185
IMU1,20752,215277807,-732,-523,1865,-11,252,180
IMU1,20753,215287944,-733,-524,1847,-15,255,176
IMU1,20754,215298077,-738,-518,1836,-23,266,169
IMU1,20755,215308202,-748,-514,1841,-30,279,160
IMU1,20756,215318331,-753,-514,1849,-36,287,147
IMU1,20757,215328478,-767,-505,1851,-33,284,139
IMU1,20758,215338609,-782,-518,1856,-26,280,134
IMU1,20759,215348748,-805,-513,1854,-8,278,131
IMU1,20760,215358685,-830,-512,1838,4,289,133
IMU1,20761,215368538,-851,-512,1815,3,338,143
IMU1,20762,215378371,-872,-513,1809,-5,448,153
IMU1,20763,215388310,-891,-529,1817,-24,594,169
IMU1,20764,215398445,-917,-540,1806,-49,759,192
IMU1,20765,215408576,-947,-564,1787,-80,950,214
IMU1,20766,215419765,-1031,-623,1749,-172,1382,250
IMU1,20767,215430507,-1086,-624,1737,-226,1610,257
IMU1,20768,215441238,-1134,-632,1716,-283,1866,251
IMU1,20769,215451987,-1245,-614,1690,-333,2132,232
IMU1,20770,215462725,-1217,-651,1682,-395,2446,223
IMU1,20771,215473448,-1333,-657,1587,-474,2911,227
IMU1,20772,215484191,-1478,-688,1596,-560,3305,232
IMU1,20773,215494937,-1540,-683,1507,-646,3623,246
IMU1,20774,215505678,-1538,-1026,1273,-747,4254,272
IMU1,20775,215516633,-1622,-812,1436,-950,4658,317
IMU1,20776,215527395,-1764,-654,1343,-1011,5126,365
IMU1,20777,215538328,-1901,-632,1229,-1066,5485,358
IMU1,20778,215549287,-1944,-623,959,-1125,5658,322
IMU1,20779,215560045,-1983,-695,806,-1212,5728,243
IMU1,20780,215570776,-2097,-855,476,-1309,5736,104
IMU1,20781,215581526,-1978,-1294,165,-1412,5591,-85
IMU1,20782,215592364,-2309,-652,230,-1549,4425,-539
IMU1,20783,215603217,-2198,-345,360,-1580,3869,-783
IMU1,20784,215614053,-1974,-263,494,-1560,3552,-1065
IMU1,20785,215625091,-1699,-108,494,-1472,3356,-1392
IMU1,20786,215636121,-1572,-544,392,-1359,3123,-1683
IMU1,20787,215647167,-1516,-388,161,-1247,2960,-1869
IMU1,20788,215658213,-1182,-305,-86,-1138,2982,-1998
IMU1,20789,215669153,-1143,-535,-210,-1060,3201,-2132
IMU1,20790,215680285,-1088,-549,-125,-945,3363,-2097
IMU1,20791,215691198,-1060,-452,-242,-869,3507,-2016
IMU1,20792,215702139,-1003,-368,-527,-822,3602,-1896
IMU1,20793,215713069,-1219,-201,-456,-836,3666,-1747
IMU1,20794,215724004,-1491,-43,44,-805,3720,-1546
IMU1,20795,215734438,-1267,49,-343,-693,3734,-1292
IMU1,20796,215745077,-1199,-28,-397,-630,3701,-1052
IMU1,20797,215755827,-1059,-793,-2158,-862,3099,-579
IMU1,20798,215766795,-1495,-1028,-1581,-1097,2091,-332
IMU1,20799,215778138,-2699,-1354,-1690,-1213,766,25
IMU1,20800,215788974,-2383,-1724,-1577,-1336,-554,588
IMU1,20801,215800105,-1930,-2019,-1338,-1420,-1554,1134
IMU1,20802,215811632,-2391,-1807,-1122,-1434,-1825,1629
IMU1,20803,215823158,-2321,-1912,-1900,-1498,-362,2598
IMU1,20804,215834502,-1840,-1842,-1768,-1594,302,2928
IMU1,20805,215845737,-1384,-1280,-1347,-1622,634,3010
IMU1,20806,215856970,-1049,-813,-1142,-1559,886,2774
IMU1,20807,215868002,-343,-998,-807,-1421,1284,2187
IMU1,20808,215878818,-652,-1180,-1047,-1176,1705,1244
IMU1,20809,215890045,-1810,-1528,-1850,-921,1918,-600
IMU1,20810,215901177,-2022,-1664,-2087,-522,1648,-1146
IMU1,20811,215912495,-1906,-1571,-2396,-366,1778,-1497
IMU1,20812,215923837,-2007,-1558,-2570,-258,2192,-1747
IMU1,20813,215935172,-2075,-1656,-2583,-184,2687,-1894
IMU1,20814,215946514,-1810,-1686,-2496,-105,3066,-1981
IMU1,20815,215957840,-1221,-1036,-2023,144,3354,-2170
IMU1,20816,215969081,-921,-984,-1783,301,3361,-2275
IMU1,20817,215979916,-789,-816,-1661,463,3302,-2344
IMU1,20818,215990766,-618,-747,-1725,600,3195,-2347
IMU1,20819,216001628,-449,-648,-1784,673,3030,-2321
IMU1,20820,216012451,-303,-512,-1837,686,2758,-2273
IMU1,20821,216023296,-129,-265,-1483,652,2450,-2211
IMU1,20822,216034116,-712,-353,-928,653,2160,-2157
IMU1,20823,216045273,-864,-274,-815,796,1283,-1863
IMU1,20824,216055901,-777,56,-1076,900,718,-1592
IMU1,20825,216066263,-57,222,-838,935,328,-1305
IMU1,20826,216076377,746,-65,-906,947,247,-1057
IMU1,20827,216086512,549,-355,-1272,885,584,-776
IMU1,20828,216096850,-485,-275,-1334,705,1288,-284
IMU1,20829,216107458,-586,32,-1173,456,2168,443
IMU1,20830,216117698,-270,-195,-1074,194,2657,1153
IMU1,20831,216130989,-749,-501,-1237,-444,1668,2237
IMU1,20832,216141823,-780,-272,-1087,-735,792,2644
IMU1,20833,216152462,-426,-608,-976,-945,149,2959
IMU1,20834,216162902,-344,-936,-930,-1079,-237,3100
IMU1,20835,216173644,-209,-824,-1089,-1173,-549,3116
IMU1,20836,216184577,36,-587,-1063,-1232,-940,2971
IMU1,20837,216195221,41,-483,-840,-1235,-1342,2676
IMU1,20838,216205839,-73,-815,-838,-1153,-1621,2312
IMU1,20839,216216573,-332,-800,-939,-1041,-1648,1952
IMU1,20840,216227498,-478,-656,-1103,-875,-1323,1224
IMU1,20841,216238435,-792,-723,-1282,-873,-1252,933
IMU1,20842,216249171,-988,-710,-1328,-931,-1199,779
IMU1,20843,216259916,-1136,-731,-1253,-1006,-1176,763
IMU1,20844,216271057,-1174,-705,-1289,-1074,-1208,845
IMU1,20845,216282163,-1175,-680,-1221,-1125,-1391,964
IMU1,20846,216293272,-1285,-685,-1172,-1131,-1634,1092
IMU1,20847,216304582,-1212,-620,-1600,-1120,-1790,1297
IMU1,20848,216315897,-1378,-650,-1768,-1165,-1679,1335
IMU1,20849,216327215,-1222,-565,-1807,-1211,-1545,1308
IMU1,20850,216338520,-1229,-507,-1828,-1244,-1445,1174
IMU1,20851,216349836,-1167,-501,-1875,-1254,-1363,979
IMU1,20852,216360960,-1293,-497,-1922,-1247,-1345,785
IMU1,20853,216372056,-1562,-523,-1925,-1206,-1301,670
IMU1,20854,216383158,-1683,-460,-1841,-1145,-1288,726
IMU1,20855,216394272,-1649,-417,-1820,-1056,-1221,803
IMU1,20856,216405376,-1507,-357,-1990,-958,-1217,864
IMU1,20857,216416305,-1463,-293,-2121,-901,-1169,859
IMU1,20858,216427224,-1360,-260,-2152,-885,-998,802
IMU1,20859,216437939,-1219,-90,-2179,-884,-789,685
IMU1,20860,216448979,-1254,-81,-2182,-864,-488,340
IMU1,20861,216459483,-1244,-2,-2134,-849,-416,196
IMU1,20862,216469805,-1238,79,-2037,-799,-372,63
IMU1,20863,216480041,-1297,79,-1972,-730,-337,-35
IMU1,20864,216490337,-1409,142,-1898,-632,-378,-61
IMU1,20865,216500859,-1284,108,-1870,-522,-491,-36
IMU1,20866,216511363,-1317,159,-1806,-411,-575,2
IMU1,20867,216521595,-1258,119,-1823,-294,-584,42
IMU1,20868,216532032,-1321,106,-1905,-196,-593,77
IMU1,20869,216542458,-1292,73,-2033,-138,-636,108
IMU1,20870,216552887,-1299,35,-2134,-119,-678,130
IMU1,20871,216563314,-1384,-59,-2289,-145,-666,187
IMU1,20872,216573830,-1403,-56,-2334,-252,-542,218
IMU1,20873,216584369,-1395,-76,-2323,-309,-389,234
IMU1,20874,216594895,-1405,-90,-2320,-362,-206,234
IMU1,20875,216605419,-1343,-28,-2245,-410,-38,191
IMU1,20876,216615736,-1370,58,-2230,-435,119,74
IMU1,20877,216625877,-1261,232,-2153,-446,237,-80
IMU1,20878,216636318,-1240,68,-1976,-437,282,-253
IMU1,20879,216646756,-1384,-7,-1711,-384,299,-381
IMU1,20880,216657077,-1453,22,-1752,-294,403,-406
IMU1,20881,216667496,-1459,11,-1824,-230,563,-341
IMU1,20882,216677925,-1530,29,-1817,-196,716,-217
IMU1,20883,216688364,-1419,7,-1680,-174,825,29
IMU1,20884,216698797,-1265,165,-1562,-59,629,27
IMU1,20885,216708938,-1240,167,-1524,62,345,-90
IMU1,20886,216719063,-1291,98,-1520,215,-16,-271
IMU1,20887,216729289,-1141,152,-1562,394,-466,-499
IMU1,20888,216739923,-1200,51,-1575,559,-808,-775
IMU1,20889,216750353,-1312,41,-1632,699,-1072,-1015
IMU1,20890,216761183,-1335,135,-1865,816,-1301,-1197
IMU1,20891,216772212,-1358,69,-1990,840,-1317,-1298
IMU1,20892,216783036,-1401,-72,-2014,782,-977,-1285
IMU1,20893,216793764,-1422,-83,-2129,686,-369,-1179
IMU1,20894,216805005,-1364,-159,-2075,416,628,-956
IMU1,20895,216815640,-1418,-215,-1949,339,718,-912
IMU1,20896,216826279,-1346,-181,-1923,312,639,-924
IMU1,20897,216836916,-1227,-157,-1912,294,527,-1007
IMU1,20898,216847752,-1139,-55,-1989,297,431,-1144
IMU1,20899,216858385,-1282,-27,-2157,289,380,-1275
IMU1,20900,216869014,-1466,-142,-2189,242,325,-1320
IMU1,20901,216879840,-1019,108,-1754,185,194,-1339
IMU1,20902,216890581,-1617,-74,-1532,70,-612,-1016
IMU1,20903,216901110,-1509,-263,-3186,102,-855,-782
IMU1,20904,216911862,-2312,-419,-2109,-112,-673,-548
IMU1,20905,216922701,-1291,-137,-2067,-180,-14,-238
IMU1,20906,216933323,-1226,-230,-1953,-164,589,-116
IMU1,20907,216944052,-1268,-364,-1960,-97,1042,-93
IMU1,20908,216954573,-1410,-667,-1818,-11,1307,-126
IMU1,20909,216965300,-1216,-384,-1673,121,1369,-178
IMU1,20910,216976110,-1154,113,-1786,271,1353,-258
IMU1,20911,216987361,-1223,-384,-1551,555,573,-381
IMU1,20912,216998000,-1200,-315,-1405,702,-243,-345
IMU1,20913,217008731,-1352,-343,-1400,821,-983,-259
IMU1,20914,217019451,-1576,-441,-453,922,-1388,-79
IMU1,20915,217029992,-802,-274,-761,1155,-1478,151
IMU1,20916,217040639,-424,-109,-1191,1327,-1624,290
IMU1,20917,217051471,-881,-342,-1749,1331,-1768,368
IMU1,20918,217062307,-754,-197,-1722,1128,-1310,492
IMU1,20919,217073158,-789,-88,-1469,871,-132,645
IMU1,20920,217083403,-1094,-67,-1160,407,-174,641
IMU1,20921,217093840,-2069,-17,-848,246,-582,706
IMU1,20922,217104054,-2792,-243,-472,172,-1112,959
IMU1,20923,217114682,-2658,-827,-359,193,-1709,1401
IMU1,20924,217125502,-2442,-1029,-252,292,-2333,1861
IMU1,20925,217139090,-2038,-792,-273,466,-2821,2193
IMU1,20926,217149943,-647,-845,-385,655,-2831,2193
IMU1,20927,217160575,-521,-619,-777,888,-1043,1810
IMU1,20928,217171208,-692,-542,-969,797,-198,1276
IMU1,20929,217181636,-947,-618,-576,621,145,694
IMU1,20930,217191787,-1176,-542,-88,504,62,137
IMU1,20931,217201725,-1321,-472,385,504,-348,-336
IMU1,20932,217212152,-1443,-487,614,628,-1018,-673
IMU1,20933,217222793,-1453,-486,676,816,-1827,-850
IMU1,20934,217233421,-1368,-403,831,1033,-2636,-915
IMU1,20935,217244258,-1307,311,615,1238,-3449,-994
IMU1,20936,217255007,-1036,-394,378,1318,-4286,-1156
IMU1,20937,217266567,-1178,-859,468,1286,-5473,-1519
IMU1,20938,217277607,-1388,-766,409,1299,-5751,-1543
IMU1,20939,217288647,-1525,-688,315,1297,-5858,-1420
IMU1,20940,217299679,-1709,-557,234,1276,-5965,-1189
IMU1,20941,217310727,-1776,-453,290,1265,-6127,-857
IMU1,20942,217321571,-1693,-386,381,1301,-6262,-450
IMU1,20943,217332416,-1628,-282,606,1379,-6310,-27
IMU1,20944,217343065,-1590,-403,801,1596,-6171,761
IMU1,20945,217353833,-1798,-51,1014,1757,-6059,1155
IMU1,20946,217364791,-1897,-90,885,1880,-6020,1494
IMU1,20947,217375543,-1905,-94,866,1888,-6107,1773
IMU1,20948,217386300,-1884,-120,521,1759,-6046,1985
IMU1,20949,217397250,-1838,-110,130,1409,-5669,2123
IMU1,20950,217408197,-1819,-48,161,882,-4940,2206
IMU1,20951,217418736,-1814,-18,1366,387,-4052,2250
IMU1,20952,217429998,-1652,-193,1915,165,-2817,2210
IMU1,20953,217440953,-1568,-141,2135,416,-2519,2102
IMU1,20954,217451910,-1554,-206,1922,695,-2283,1915
IMU1,20955,217462868,-1589,-191,1671,824,-1977,1690
IMU1,20956,217473815,-1602,-124,1786,787,-1599,1444
IMU1,20957,217484758,-1615,-75,2039,703,-1305,1200
IMU1,20958,217495515,-1647,-42,2165,645,-1182,983
IMU1,20959,217506592,-1694,145,2135,485,-1105,666
IMU1,20960,217517238,-1732,177,2149,357,-1062,567
IMU1,20961,217527891,-1744,203,2121,246,-1006,522
IMU1,20962,217538539,-1738,226,2090,136,-850,538
IMU1,20963,217548995,-1748,247,2110,43,-616,587
IMU1,20964,217559242,-1725,277,2198,-15,-388,649
IMU1,20965,217569585,-1708,292,2257,-33,-239,713
IMU1,20966,217579940,-1698,310,2234,-34,-148,784
IMU1,20967,217590291,-1751,329,2126,-43,-63,862
IMU1,20968,217600436,-1822,363,2033,-101,43,956
IMU1,20969,217610641,-1832,392,1995,-198,163,1064
IMU1,20970,217621256,-1823,401,2033,-295,354,1281
IMU1,20971,217631869,-1770,395,2025,-390,401,1359
IMU1,20972,217642501,-1724,385,1970,-392,431,1394
IMU1,20973,217653129,-1685,372,1926,-373,481,1400
IMU1,20974,217663741,-1647,374,1865,-349,552,1386
IMU1,20975,217674375,-1595,390,1859,-318,634,1365
IMU1,20976,217685025,-1558,404,1870,-281,695,1330
IMU1,20977,217695655,-1528,432,1856,-239,721,1298
IMU1,20978,217706295,-1501,452,1843,-202,728,1274
IMU1,20979,217716925,-1492,468,1773,-185,741,1271
IMU1,20980,217728081,-1412,464,1789,-203,784,1315
IMU1,20981,217738695,-1352,468,1816,-199,815,1336
IMU1,20982,217749329,-1298,475,1842,-184,824,1365
IMU1,20983,217759950,-1262,495,1850,-142,818,1396
IMU1,20984,217770597,-1235,517,1842,-103,781,1448
IMU1,20985,217781231,-1257,553,1795,-81,753,1524
IMU1,20986,217791678,-1244,590,1810,-88,723,1623
IMU1,20987,217802127,-1229,631,1879,-110,656,1730
IMU1,20988,217812774,-1186,674,1920,-129,532,1827
IMU1,20989,217823934,-1157,728,1900,-173,182,1971
IMU1,20990,217834589,-1143,760,1921,-169,41,2040
IMU1,20991,217845021,-1130,783,1895,-142,-66,2122
IMU1,20992,217855567,-1171,829,1823,-98,-108,2221
IMU1,20993,217866120,-1175,895,1826,-65,-72,2345
IMU1,20994,217876470,-1127,974,1982,-29,-29,2472
IMU1,20995,217886815,-985,1084,2228,51,-62,2576
IMU1,20996,217897053,-907,1121,2333,168,-220,2662
IMU1,20997,217907693,-860,1211,2277,270,-485,2758
IMU1,20998,217918321,-868,1262,2141,283,-736,2867
IMU1,20999,217928971,-863,1409,1958,202,-933,3043
IMU1,21000,217939597,-856,1470,2005,-61,-1082,3053
IMU1,21001,217950328,-751,1566,2100,-137,-1151,2974
IMU1,21002,217961275,-638,1632,2183,-120,-1229,2773
IMU1,21003,217972212,-556,1786,2228,-43,-1345,2460
IMU1,21004,217982951,-618,2005,2190,51,-1445,2083
IMU1,21005,217993600,-795,2327,2011,129,-1496,1690
IMU1,21006,218004433,-985,2733,1687,129,-1556,1297
IMU1,21007,218015265,-1319,3470,1260,14,-1682,872
IMU1,21008,218025905,-1691,3865,1295,-375,-1679,-194
IMU1,21009,218036926,-2025,4161,1421,-545,-1409,-854
IMU1,21010,218047953,-2194,4339,1261,-696,-895,-1680
IMU1,21011,218059010,-2341,4388,1197,-942,-170,-2808
IMU1,21012,218070068,-2800,4182,1255,-1252,740,-4292
IMU1,21013,218081229,-2605,3621,1551,-1507,1890,-6138
IMU1,21014,218092585,-2106,2226,2619,-1580,4707,-11333
IMU1,21015,218104149,-2215,1127,2425,-968,5808,-14496
IMU1,21016,218115503,-2781,336,1968,-591,7188,-17587
IMU1,21017,218126662,-3913,191,2179,-200,8726,-20383
IMU1,21018,218140373,-5605,1407,3272,384,9445,-22744
IMU1,21019,218151632,-8149,3173,4019,1566,10189,-25760
IMU1,21020,218163307,-8618,4370,4430,2079,9334,-26136
IMU1,21021,218174778,-8503,3687,3899,2346,7531,-25723
IMU1,21022,218186246,-7441,2685,3017,2336,5509,-24360
IMU1,21023,218197713,-6514,2954,1471,2288,3882,-22114
IMU1,21024,218209184,-3624,4991,649,2296,2017,-16454
IMU1,21025,218220447,-2631,5748,-184,2194,2058,-13383
IMU1,21026,218231806,-1697,6394,-336,1921,2590,-10314
IMU1,21027,218243170,-800,6538,-22,1484,2820,-7550
IMU1,21028,218253913,-336,6184,485,932,2778,-5142
IMU1,21029,218264568,-217,5443,1155,378,2798,-2956
IMU1,21030,218275420,381,3201,2550,-554,2630,697
IMU1,21031,218285980,579,1928,3247,-951,2232,1850
IMU1,21032,218296745,807,876,3289,-1314,1665,2581
IMU1,21033,218307482,944,-26,2990,-1801,1171,2938
IMU1,21034,218318139,1086,-822,2715,-2435,801,2942
IMU1,21035,218328982,1325,-1296,2408,-3067,470,2705
IMU1,21036,218340020,1409,-1408,1995,-3564,121,2383
IMU1,21037,218351065,1401,-1270,1450,-3894,-153,2160
IMU1,21038,218362219,1554,-819,1170,-4028,-225,2105
IMU1,21039,218373169,1671,-742,1406,-3712,-154,2050
IMU1,21040,218384113,1769,-794,1645,-3102,-64,1864
IMU1,21041,218394853,1879,-956,1951,-2253,-55,1548
IMU1,21042,218405611,1859,-1198,2044,-1255,-125,1100
IMU1,21043,218416747,1717,-1444,1892,-264,-204,587
IMU1,21044,218427478,1536,-1672,1667,541,-275,101
IMU1,21045,218438118,1361,-1822,862,1094,-382,-290
IMU1,21046,218449379,980,-1805,574,1301,-486,-647
IMU1,21047,218459905,941,-1657,515,1033,-385,-640
IMU1,21048,218470453,1027,-1500,638,710,-258,-613
IMU1,21049,218480997,1067,-1331,844,431,-137,-573
IMU1,21050,218491523,1136,-1211,1066,268,-10,-506
IMU1,21051,218502060,1218,-1143,1263,203,69,-434
IMU1,21052,218512508,1198,-1087,1380,207,51,-361
IMU1,21053,218522953,1125,-1053,1351,230,-16,-245
IMU1,21054,218533484,1045,-1087,1355,227,-70,-63
IMU1,21055,218543823,1006,-1181,1230,194,-139,135
IMU1,21056,218554999,927,-1417,1144,-3,-296,456
IMU1,21057,218565155,913,-1531,1083,-166,-286,548
IMU1,21058,218575689,924,-1640,1041,-347,-268,595
IMU1,21059,218586220,928,-1723,1136,-499,-231,579
IMU1,21060,218596764,967,-1751,1151,-597,-233,526
IMU1,21061,218607321,1005,-1731,1231,-624,-239,433
IMU1,21062,218618075,1044,-1673,1298,-570,-259,303
IMU1,21063,218628820,1032,-1591,1302,-440,-324,155
IMU1,21064,218639553,1004,-1482,1222,-268,-369,30
IMU1,21065,218650093,976,-1316,1107,-90,-363,-52
IMU1,21066,218660841,935,-1298,1015,189,-355,-129
IMU1,21067,218671370,894,-1290,934,250,-306,-118
IMU1,21068,218681715,879,-1315,909,250,-229,-76
IMU1,21069,218691860,878,-1344,925,212,-183,-16
IMU1,21070,218701997,884,-1383,987,153,-160,56
IMU1,21071,218712050,922,-1432,1069,105,-155,124
IMU1,21072,218722505,943,-1485,1137,84,-172,158
IMU1,21073,218732763,945,-1511,1155,72,-211,160
IMU1,21074,218743021,963,-1531,1159,63,-248,141
IMU1,21075,218753275,963,-1539,1152,51,-284,117
IMU1,21076,218763525,964,-1517,1102,49,-323,98
IMU1,21077,218773573,960,-1486,1036,38,-324,93
IMU1,21078,218783625,951,-1462,983,3,-288,103
IMU1,21079,218793483,955,-1432,945,-53,-235,137
IMU1,21080,218803646,922,-1386,1050,-113,-178,185
IMU1,21081,218814698,977,-1368,1105,-149,-182,293
IMU1,21082,218825246,1091,-1419,1210,-135,-215,342
IMU1,21083,218835992,1053,-1459,1120,-98,-269,298
IMU1,21084,218846540,1007,-1512,1169,-81,-262,246
IMU1,21085,218857090,1067,-1556,1233,-49,-263,199
IMU1,21086,218867640,1054,-1555,1202,6,-321,136
IMU1,21087,218877894,1011,-1526,1137,65,-387,93
IMU1,21088,218888161,998,-1504,1030,105,-399,83
IMU1,21089,218898404,986,-1492,970,103,-393,90
IMU1,21090,218908438,954,-1466,922,74,-369,117
IMU1,21091,218918490,945,-1447,891,23,-319,162
IMU1,21092,218928528,957,-1445,991,-41,-261,208
IMU1,21093,218939711,1032,-1503,1085,-125,-241,258
IMU1,21094,218950450,1037,-1515,1109,-116,-278,252
IMU1,21095,218961194,1047,-1525,1112,-86,-328,228
IMU1,21096,218971736,1048,-1543,1085,-59,-371,208
IMU1,21097,218982284,1007,-1538,988,-46,-402,196
IMU1,21098,218992629,952,-1517,894,-65,-385,210
IMU1,21099,219002791,912,-1494,837,-119,-327,257
IMU1,21100,219013148,891,-1477,793,-210,-246,327
IMU1,21101,219023490,959,-1521,910,-309,-171,402
IMU1,21102,219033849,1016,-1549,1008,-356,-171,438
IMU1,21103,219044587,1006,-1583,1069,-361,-250,414
IMU1,21104,219055330,1013,-1592,1102,-279,-290,411
IMU1,21105,219066092,1012,-1595,1091,-212,-337,392
IMU1,21106,219076844,991,-1598,1053,-147,-371,362
IMU1,21107,219087396,954,-1603,987,-100,-392,341
IMU1,21108,219097743,927,-1618,922,-83,-390,332
IMU1,21109,219107890,923,-1638,894,-95,-382,341
IMU1,21110,219118044,908,-1661,872,-124,-378,364
IMU1,21111,219128407,900,-1685,858,-164,-370,387
IMU1,21112,219141314,913,-1715,909,-234,-370,413
IMU1,21113,219151663,918,-1716,931,-239,-383,402
IMU1,21114,219162022,910,-1711,920,-215,-396,385
IMU1,21115,219172373,905,-1714,903,-189,-407,369
IMU1,21116,219182724,897,-1730,886,-165,-411,351
IMU1,21117,219193067,888,-1759,866,-153,-426,340
IMU1,21118,219203422,881,-1782,855,-158,-431,318
IMU1,21119,219213766,865,-1803,852,-174,-422,293
IMU1,21120,219224103,861,-1811,825,-203,-404,280
IMU1,21121,219234425,876,-1810,836,-249,-393,275
IMU1,21122,219244763,874,-1796,839,-292,-398,273
IMU1,21123,219255108,877,-1779,849,-323,-408,279
IMU1,21124,219265442,886,-1763,866,-346,-425,294
IMU1,21125,219276282,895,-1751,877,-354,-462,309
IMU1,21126,219286631,906,-1747,890,-352,-488,306
IMU1,21127,219296975,906,-1761,892,-350,-524,301
IMU1,21128,219307312,903,-1762,894,-344,-557,303
IMU1,21129,219317662,910,-1764,889,-346,-595,311
IMU1,21130,219328015,909,-1757,861,-360,-634,332
IMU1,21131,219338354,895,-1747,846,-397,-654,362
IMU1,21132,219348705,909,-1747,856,-446,-676,398
IMU1,21133,219359054,950,-1750,917,-488,-715,422
IMU1,21134,219369419,982,-1753,985,-498,-776,428
IMU1,21135,219379770,1005,-1748,999,-480,-867,416
IMU1,21136,219390316,1002,-1730,968,-444,-954,397
IMU1,21137,219401398,976,-1714,942,-355,-1117,376
IMU1,21138,219411955,953,-1717,903,-319,-1181,377
IMU1,21139,219422522,943,-1705,870,-304,-1227,387
IMU1,21140,219433084,916,-1699,844,-292,-1248,400
IMU1,21141,219443626,908,-1705,828,-289,-1290,425
IMU1,21142,219454154,901,-1704,790,-290,-1353,452
IMU1,21143,219464715,904,-1689,728,-303,-1422,477
IMU1,21144,219475265,912,-1667,699,-327,-1488,491
IMU1,21145,219485803,906,-1645,673,-347,-1556,505
IMU1,21146,219496353,876,-1606,679,-355,-1642,521
IMU1,21147,219506893,851,-1601,684,-308,-1856,558
IMU1,21148,219517447,842,-1594,665,-244,-1954,559
IMU1,21149,219528008,814,-1596,635,-174,-2053,553
IMU1,21150,219538558,769,-1600,637,-112,-2151,543
IMU1,21151,219549125,768,-1586,591,-60,-2242,527
IMU1,21152,219559467,769,-1560,583,-24,-2330,501
IMU1,21153,219569816,759,-1522,574,22,-2438,475
IMU1,21154,219580072,733,-1474,563,84,-2572,465
IMU1,21155,219590322,708,-1436,526,162,-2724,471
IMU1,21156,219600777,683,-1397,504,243,-2899,494
IMU1,21157,219611212,649,-1347,477,336,-3092,527
IMU1,21158,219622699,587,-1261,430,540,-3477,618
IMU1,21159,219633162,567,-1213,423,652,-3640,665
IMU1,21160,219643611,538,-1179,436,793,-3778,696
IMU1,21161,219654079,518,-1189,446,948,-3930,729
IMU1,21162,219664537,501,-1181,367,1099,-4045,743
IMU1,21163,219675185,471,-1187,334,1211,-4119,740
IMU1,21164,219685848,420,-1208,305,1289,-4172,735
IMU1,21165,219696488,360,-1226,222,1336,-4178,748
IMU1,21166,219707131,313,-1225,157,1338,-4110,786
IMU1,21167,219717800,273,-1206,210,1316,-3907,929
IMU1,21168,219728449,250,-1249,296,1313,-3835,1034
IMU1,21169,219739303,246,-1274,379,1373,-3820,1153
IMU1,21170,219750169,258,-1270,368,1459,-3837,1257
IMU1,21171,219761048,287,-1255,239,1517,-3815,1339
IMU1,21172,219771906,292,-1217,103,1498,-3663,1383
IMU1,21173,219782765,229,-1234,157,1427,-3404,1410
IMU1,21174,219793617,130,-1256,310,1400,-3182,1468
IMU1,21175,219804479,-94,-1272,526,1468,-2979,1696
IMU1,21176,219815231,-239,-1282,560,1754,-2933,1868
IMU1,21177,219826180,-285,-1310,539,1890,-2899,2061
IMU1,21178,219837139,-262,-1352,428,1956,-2789,2239
IMU1,21179,219848105,-260,-1406,464,1915,-2584,2374
IMU1,21180,219859058,-352,-1496,739,1836,-2359,2472
IMU1,21181,219870028,-427,-1577,988,1801,-2232,2560
IMU1,21182,219880991,-795,-1637,1236,1828,-2254,2641
IMU1,21183,219892136,-1023,-1594,1203,1981,-2364,2871
IMU1,21184,219903504,-1178,-1513,1102,2030,-2406,3020
IMU1,21185,219914889,-1292,-1486,989,2034,-2417,3140
IMU1,21186,219926036,-1369,-1506,855,1998,-2332,3208
IMU1,21187,219937192,-1386,-1553,882,1926,-2139,3190
IMU1,21188,219948362,-1378,-1556,1122,1847,-1792,3078
IMU1,21189,219959730,-1258,-1604,1542,1779,-1109,2618
IMU1,21190,219971082,-1277,-1609,1675,1903,-1025,2265
IMU1,21191,219982436,-1389,-1544,1601,2033,-958,1901
IMU1,21192,219993593,-1399,-1503,1629,2062,-921,1563
IMU1,21193,220004772,-1273,-1551,1713,2017,-1022,1218
IMU1,21194,220016135,-1144,-1629,1700,1896,-1212,485
IMU1,21195,220027281,-1138,-1692,1550,1828,-1114,148
IMU1,21196,220038436,-1080,-1740,1567,1725,-874,-149
IMU1,21197,220049472,-1008,-1768,1728,1639,-572,-407
IMU1,21198,220060507,-933,-1741,1890,1611,-324,-622
IMU1,21199,220071352,-868,-1721,2044,1621,-185,-784
IMU1,21200,220082199,-815,-1693,2132,1632,-162,-882
IMU1,21201,220093031,-621,-1684,2220,1477,-457,-925
IMU1,21202,220103888,-461,-1725,2275,1344,-676,-924
IMU1,21203,220114738,-316,-1764,2289,1224,-842,-936
IMU1,21204,220125593,-219,-1779,2273,1131,-896,-951
IMU1,21205,220136452,-125,-1776,2263,1058,-867,-955
IMU1,21206,220149855,-2,-1782,2338,996,-811,-949
IMU1,21207,220161154,120,-1718,2400,851,-833,-885
IMU1,21208,220171677,166,-1644,2475,747,-973,-812
IMU1,21209,220182209,193,-1545,2507,650,-1189,-719
IMU1,21210,220192959,179,-1428,2458,564,-1421,-601
IMU1,21211,220203706,145,-1358,2424,482,-1624,-455
IMU1,21212,220214423,74,-1334,2352,421,-1733,-283
IMU1,21213,220224950,-48,-1287,2250,372,-1686,-81
IMU1,21214,220235357,-134,-1228,2327,318,-1537,147
IMU1,21215,220246105,-214,-1142,2406,295,-1427,386
IMU1,21216,220257356,-344,-1001,2317,317,-1423,837
IMU1,21217,220268097,-410,-966,2377,318,-1381,1024
IMU1,21218,220278834,-451,-937,2593,378,-1347,1169
IMU1,21219,220289576,-584,-841,2508,521,-1323,1284
IMU1,21220,220300303,-760,-770,2426,646,-1176,1426
IMU1,21221,220311054,-865,-684,2527,718,-929,1619
IMU1,21222,220321600,-939,-590,2671,799,-735,1822
IMU1,21223,220332146,-1061,-525,2756,890,-595,2015
IMU1,21224,220342894,-1282,-386,2903,969,-422,2332
IMU1,21225,220353631,-1339,-322,3001,1107,-342,2425
IMU1,21226,220364572,-1364,-262,3149,1234,-234,2453
IMU1,21227,220375534,-1440,-145,3349,1411,-88,2423
IMU1,21228,220386267,-1560,41,3620,1627,102,2360
IMU1,21229,220396808,-1750,266,3878,1866,283,2306
IMU1,21230,220407553,-1993,539,4073,2096,447,2304
IMU1,21231,220418314,-2239,811,4314,2287,633,2374
IMU1,21232,220429086,-2755,1485,4724,2455,807,2492
IMU1,21233,220440038,-3044,1812,4706,2728,1011,2661
IMU1,21234,220451194,-3257,2075,4525,2849,957,2594
IMU1,21235,220462163,-3444,2220,4325,2975,915,2340
IMU1,21236,220473132,-3534,2298,4302,3132,1087,1865
IMU1,21237,220484306,-3465,2330,4286,3349,1526,1137
IMU1,21238,220495468,-3233,2392,4161,3591,2124,105
IMU1,21239,220506425,-2421,2373,3700,3809,3547,-2927
IMU1,21240,220517692,-1880,2449,3183,4043,4279,-4896
IMU1,21241,220528964,-1194,2204,2630,3912,5034,-7148
IMU1,21242,220540229,-519,1989,2508,3616,6070,-9604
IMU1,21243,220551295,-295,1605,2125,3294,7096,-12164
IMU1,21244,220562540,-332,1469,2177,2975,8438,-14646
IMU1,21245,220573801,-2023,2862,4902,2895,12575,-18679
IMU1,21246,220585465,-3041,3793,6687,4115,13209,-20191
IMU1,21247,220597136,-3802,3884,6885,4690,11635,-21382
IMU1,21248,220608810,-4672,3551,7699,4609,9734,-22401
IMU1,21249,220620277,-4793,2219,7484,4430,6975,-23136
IMU1,21250,220631779,-4825,1224,4053,3760,1153,-22854
IMU1,21251,220643252,-4585,1960,1960,3292,247,-21404
IMU1,21252,220654503,-4435,3382,556,2960,940,-19101
IMU1,21253,220665587,-3777,4847,-228,2976,2274,-16055
IMU1,21254,220676956,-2643,6010,-1038,3177,3407,-12530
IMU1,21255,220688526,-1597,6676,-751,3123,3955,-9012
IMU1,21256,220699703,-937,4523,-422,1709,2573,-2880
IMU1,21257,220710644,-963,2611,740,415,2563,-524
IMU1,21258,220721085,-164,772,1935,-914,2532,1177
IMU1,21259,220731748,799,-659,3215,-2096,2207,1937
IMU1,21260,220742610,1472,-1265,3762,-3016,1399,1779
IMU1,21261,220753877,1499,-1101,3390,-3645,290,1114
IMU1,21262,220764954,1252,-508,2662,-4048,-527,548
IMU1,21263,220775710,1478,565,2206,-4211,-545,590
IMU1,21264,220786371,1827,741,2381,-3603,-406,845
IMU1,21265,220797034,1953,622,2241,-2923,-615,996
IMU1,21266,220807707,1778,300,1971,-2209,-966,1035
IMU1,21267,220818547,1601,-161,1733,-1573,-1209,1029
IMU1,21268,220829678,1506,-632,1576,-1044,-1309,937
IMU1,21269,220840628,1408,-1016,1328,-641,-1307,699
IMU1,21270,220851558,1328,-1243,1060,-423,-1152,330
IMU1,21271,220862497,1335,-1163,1042,-356,-559,-464
IMU1,21272,220873333,1376,-913,1030,-279,-499,-736
IMU1,21273,220883978,1392,-638,934,-132,-583,-892
IMU1,21274,220894424,1367,-410,817,47,-665,-936
IMU1,21275,220904559,1362,-265,709,204,-643,-900
IMU1,21276,220914895,1373,-209,728,317,-450,-826
IMU1,21277,220925242,1409,-234,865,384,-189,-744
IMU1,21278,220935591,1465,-295,1019,422,43,-674
IMU1,21279,220945843,1482,-359,1159,429,191,-612
IMU1,21280,220956294,1443,-422,1218,389,201,-518
IMU1,21281,220966735,1455,-479,1215,313,114,-359
IMU1,21282,220977178,1502,-606,1154,210,-7,-151
IMU1,21283,220988373,1557,-692,1166,-93,-145,245
IMU1,21284,220998714,1573,-749,1232,-245,-205,354
IMU1,21285,221009262,1594,-776,1274,-346,-272,425
IMU1,21286,221019820,1605,-786,1328,-382,-325,474
IMU1,21287,221030367,1663,-784,1351,-363,-413,480
IMU1,21288,221040919,1667,-795,1356,-301,-490,439
IMU1,21289,221051461,1654,-789,1329,-210,-532,388
IMU1,21290,221062007,1653,-768,1338,-103,-543,344
IMU1,21291,221072543,1640,-755,1329,24,-578,292
IMU1,21292,221082792,1600,-759,1207,138,-622,252
IMU1,21293,221093761,1518,-747,1179,260,-627,268
IMU1,21294,221104223,1532,-747,1199,281,-644,321
IMU1,21295,221114676,1555,-773,1239,299,-695,377
IMU1,21296,221125150,1555,-784,1271,318,-756,432
IMU1,21297,221135622,1540,-782,1266,335,-807,485
IMU1,21298,221146079,1527,-780,1277,332,-843,536
IMU1,21299,221159097,1541,-800,1323,315,-896,593
IMU1,21300,221169559,1532,-839,1308,312,-983,653
IMU1,21301,221180549,1501,-834,1277,312,-1140,767
IMU1,21302,221191236,1483,-796,1220,289,-1190,834
IMU1,21303,221201881,1411,-756,1153,245,-1229,915
IMU1,21304,221212527,1318,-762,1078,186,-1243,1022
IMU1,21305,221223361,1375,-874,1299,128,-1241,1165
IMU1,21306,221234194,1499,-932,1418,154,-1357,1250
IMU1,21307,221245052,1428,-904,1335,244,-1570,1253
IMU1,21308,221255904,1493,-908,1425,340,-1688,1255
IMU1,21309,221267270,1467,-960,1391,619,-1890,1020
IMU1,21310,221278110,1285,-942,1294,786,-1992,892
IMU1,21311,221288762,1211,-942,1212,931,-1997,843
IMU1,21312,221299413,1220,-984,1207,1040,-1999,843
IMU1,21313,221310253,1213,-1039,1214,1119,-2087,824
IMU1,21314,221321310,1157,-1025,1117,1164,-2247,778
IMU1,21315,221332370,1049,-958,1008,1165,-2393,754
IMU1,21316,221343239,949,-824,876,1116,-2450,887
IMU1,21317,221353706,934,-774,851,1089,-2414,989
IMU1,21318,221364160,917,-746,875,1069,-2400,1083
IMU1,21319,221374808,881,-754,850,1072,-2405,1163
IMU1,21320,221385463,879,-774,829,1079,-2425,1233
IMU1,21321,221396128,860,-824,808,1085,-2443,1284
IMU1,21322,221406764,837,-885,801,1091,-2453,1318
IMU1,21323,221417411,818,-939,750,1092,-2435,1332
IMU1,21324,221428076,778,-1005,713,1078,-2390,1327
IMU1,21325,221438944,770,-1235,707,1062,-2347,1315
IMU1,21326,221449819,785,-1370,693,1062,-2271,1282
IMU1,21327,221460659,811,-1483,656,1099,-2299,1253
IMU1,21328,221471501,846,-1562,633,1150,-2383,1215
IMU1,21329,221482371,855,-1613,628,1229,-2498,1150
IMU1,21330,221493225,821,-1635,521,1320,-2588,1059
IMU1,21331,221504059,754,-1659,416,1384,-2603,946
IMU1,21332,221514699,699,-1685,321,1406,-2525,835
IMU1,21333,221525341,644,-1736,284,1401,-2385,748
IMU1,21334,221536510,507,-1737,273,1403,-2117,706
IMU1,21335,221547162,483,-1714,259,1410,-2043,764
IMU1,21336,221557815,491,-1698,266,1419,-1979,832
IMU1,21337,221568458,505,-1714,275,1428,-1929,915
IMU1,21338,221579102,506,-1781,304,1446,-1895,1004
IMU1,21339,221589958,493,-1858,305,1469,-1867,1090
IMU1,21340,221600820,469,-1918,290,1486,-1835,1176
IMU1,21341,221611662,387,-1950,142,1472,-1760,1254
IMU1,21342,221623026,274,-1868,119,1218,-1388,1451
IMU1,21343,221633876,272,-1855,247,1020,-1142,1551
IMU1,21344,221644728,301,-1874,424,869,-933,1644
IMU1,21345,221655187,360,-1919,610,803,-816,1730
IMU1,21346,221665641,438,-1963,729,832,-805,1785
IMU1,21347,221676079,502,-1985,785,923,-845,1795
IMU1,21348,221686533,522,-2020,822,1040,-917,1765
IMU1,21349,221697175,481,-2003,807,1171,-1000,1716
IMU1,21350,221708004,384,-1985,709,1297,-1061,1670
IMU1,21351,221718844,174,-1936,631,1428,-1024,1666
IMU1,21352,221729692,50,-1890,552,1405,-910,1731
IMU1,21353,221740147,-100,-1851,483,1330,-743,1852
IMU1,21354,221750895,-196,-1834,455,1219,-553,2046
IMU1,21355,221761651,-73,-1872,570,1100,-375,2275
IMU1,21356,221772199,79,-1950,820,1035,-246,2437
IMU1,21357,221782654,149,-2011,1017,1069,-262,2496
IMU1,21358,221793504,146,-2077,1100,1191,-390,2482
IMU1,21359,221804373,-122,-2160,826,1338,-523,2434
IMU1,21360,221815118,-329,-2169,584,1410,-435,2381
IMU1,21361,221825876,-494,-2178,501,1245,-167,2428
IMU1,21362,221836616,-520,-2187,610,1031,87,2530
IMU1,21363,221847090,-446,-2210,783,846,243,2627
IMU1,21364,221857537,-405,-2238,915,727,300,2671
IMU1,21365,221867996,-354,-2238,1072,682,239,2660
IMU1,21366,221878659,-305,-2246,1143,709,52,2585
IMU1,21367,221889113,-375,-2247,1165,777,-163,2461
IMU1,21368,221899864,-509,-2264,1061,861,-328,2340
IMU1,21369,221910620,-655,-2273,839,814,-140,2163
IMU1,21370,221921174,-669,-2281,969,704,95,2095
IMU1,21371,221931433,-624,-2272,1117,611,240,2027
IMU1,21372,221942108,-578,-2278,1323,568,230,1914
IMU1,21373,221952773,-584,-2282,1453,589,49,1769
IMU1,21374,221963222,-597,-2254,1419,645,-234,1613
IMU1,21375,221973964,-669,-2198,1368,686,-491,1461
IMU1,21376,221984715,-780,-2161,1280,709,-657,1338
IMU1,21377,221995465,-890,-2146,1157,692,-705,1269
IMU1,21378,222006241,-1016,-2141,1002,621,-591,1255
IMU1,21379,222017190,-972,-2137,1185,332,-100,1333
IMU1,21380,222027936,-867,-2138,1390,220,-58,1355
IMU1,21381,222038492,-813,-2128,1495,183,-176,1315
IMU1,21382,222049232,-807,-2103,1523,191,-372,1226
IMU1,21383,222059982,-820,-2076,1507,207,-560,1112
IMU1,21384,222070744,-865,-2045,1417,225,-696,993
IMU1,21385,222081300,-889,-2002,1272,200,-731,887
IMU1,21386,222091836,-944,-1955,1241,110,-656,795
IMU1,21387,222102398,-1006,-1856,1324,17,-590,734
IMU1,21388,222113479,-1072,-1803,1330,-74,-565,711
IMU1,21389,222124128,-1125,-1758,1314,-82,-581,747
IMU1,21390,222134780,-1171,-1718,1268,-94,-611,803
IMU1,21391,222145439,-1183,-1694,1191,-125,-618,869
IMU1,21392,222156298,-1170,-1669,1105,-182,-582,923
IMU1,21393,222169617,-1133,-1642,1144,-266,-504,953
IMU1,21394,222180450,-1042,-1620,1191,-380,-418,922
IMU1,21395,222191298,-1040,-1603,1201,-372,-421,866
IMU1,21396,222202141,-1043,-1572,1197,-340,-440,814
IMU1,21397,222212998,-1021,-1541,1187,-293,-471,756
IMU1,21398,222223849,-989,-1511,1178,-242,-513,698
IMU1,21399,222234500,-973,-1498,1157,-192,-540,636
IMU1,21400,222245154,-959,-1477,1094,-154,-543,585
IMU1,21401,222255809,-943,-1458,1075,-147,-513,540
IMU1,21402,222266463,-946,-1421,1114,-151,-469,481
IMU1,21403,222277112,-942,-1414,1143,-138,-478,480
IMU1,21404,222287768,-948,-1405,1156,-114,-512,497
IMU1,21405,222298421,-951,-1396,1179,-80,-551,525
IMU1,21406,222308877,-929,-1382,1170,-42,-606,567
IMU1,21407,222319335,-908,-1369,1086,-6,-646,612
IMU1,21408,222329596,-836,-1349,1071,2,-642,659
IMU1,21409,222339762,-780,-1330,1082,4,-624,685
IMU1,21410,222349918,-677,-1296,1145,27,-642,694
IMU1,21411,222360271,-593,-1246,1205,86,-695,683
IMU1,21412,222370634,-520,-1220,1182,173,-787,655
IMU1,21413,222381197,-420,-1123,1139,254,-875,610
IMU1,21414,222392285,-202,-1067,1202,375,-1040,436
IMU1,21415,222403045,-83,-1012,1265,456,-1205,324
IMU1,21416,222413589,34,-954,1276,570,-1417,199
IMU1,21417,222423849,123,-875,1271,692,-1675,87
IMU1,21418,222434101,178,-822,1114,800,-1914,1
IMU1,21419,222444156,228,-721,974,845,-2020,-57
IMU1,21420,222454307,231,-644,1053,825,-2030,-76
IMU1,21421,222464660,227,-564,1144,819,-2096,-41
IMU1,21422,222474992,186,-490,1240,845,-2192,54
IMU1,21423,222485248,52,-431,1310,898,-2234,220
IMU1,21424,222495506,-85,-376,1407,960,-2212,469
IMU1,21425,222505859,-186,-373,1480,1017,-2177,782
IMU1,21426,222516609,-276,-384,1633,1004,-1968,1481
IMU1,21427,222527548,-310,-433,1833,953,-1915,1801
IMU1,21428,222538328,-306,-474,2013,922,-1916,2069
IMU1,21429,222549092,-328,-558,2078,885,-1967,2267
IMU1,21430,222559852,-355,-600,2177,804,-1990,2398
IMU1,21431,222570635,-437,-680,2304,697,-1968,2460
IMU1,21432,222581401,-539,-706,2493,590,-1902,2493
IMU1,21433,222592180,-618,-733,2729,513,-1849,2522
IMU1,21434,222602938,-692,-669,3190,486,-2004,2598
IMU1,21435,222613700,-819,-602,3279,537,-2163,2654
IMU1,21436,222624472,-919,-539,3270,566,-2330,2738
IMU1,21437,222635239,-1081,-449,3198,583,-2376,2853
IMU1,21438,222646225,-1180,-289,3240,608,-2262,2994
IMU1,21439,222657195,-1249,-142,3363,682,-2106,3122
IMU1,21440,222668168,-1221,20,3486,836,-1962,3216
IMU1,21441,222678823,-1196,192,3651,1044,-1789,3249
IMU1,21442,222689887,-1455,592,3912,1483,-1407,3200
IMU1,21443,222700947,-1654,868,4112,1636,-1194,3154
IMU1,21444,222712021,-2082,1256,4264,1741,-1057,3047
IMU1,21445,222723292,-2380,1717,4432,1820,-991,2967
IMU1,21446,222734350,-2663,2186,4854,1927,-726,2922
IMU1,21447,222745410,-3021,2705,5155,2153,-392,2848
IMU1,21448,222756490,-3484,3518,4698,2446,-203,2693
IMU1,21449,222767556,-3452,3719,4499,2739,61,1838
IMU1,21450,222778336,-3328,3710,4317,2777,236,950
IMU1,21451,222789128,-3122,3633,4201,2827,565,-314
IMU1,21452,222799999,-2762,3348,4327,2924,1226,-1949
IMU1,21453,222811281,-2300,2906,4600,3136,2195,-3865
IMU1,21454,222822565,-1922,2583,4414,3419,3234,-5910
IMU1,21455,222833797,-1106,2589,4031,3541,4716,-9907
IMU1,21456,222845062,-1075,2708,3626,3040,5088,-11704
IMU1,21457,222856525,-1316,2880,3165,2454,5571,-13235
IMU1,21458,222867980,-1539,3051,2970,1794,6444,-14512
IMU1,21459,222879440,-1806,3465,3531,1299,7694,-15645
IMU1,21460,222890894,-1732,4252,5360,1191,8964,-16774
IMU1,21461,222902349,-2270,5443,7216,1920,10352,-19019
IMU1,21462,222914025,-2069,4462,7273,2377,8867,-20098
IMU1,21463,222925503,-2702,4292,7002,2293,6714,-21056
IMU1,21464,222936974,-3304,3766,6843,1856,4390,-21891
IMU1,21465,222948444,-3682,3257,3466,1455,1558,-22316
IMU1,21466,222959911,-4916,3845,1602,804,-1266,-20618
IMU1,21467,222971271,-4738,4673,265,862,-361,-18291
IMU1,21468,222982237,-3799,5750,-1082,1193,1204,-15361
IMU1,21469,222993809,-2778,6492,-1696,1375,2761,-12276
IMU1,21470,223005356,-2063,6535,-1511,1228,4042,-9225
IMU1,21471,223016725,-359,3421,1872,322,4986,-3366
IMU1,21472,223027587,1104,1896,3503,-121,3935,-1126
IMU1,21473,223038643,1890,916,4045,-674,2048,-2
IMU1,21474,223048905,1844,692,3346,-1401,335,195
IMU1,21475,223059453,1463,905,2108,-2374,-328,44
IMU1,21476,223069904,1231,951,1666,-3423,25,-5
IMU1,21477,223079966,1317,978,1837,-4137,487,237
IMU1,21478,223090528,1602,1125,1828,-4347,551,694
IMU1,21479,223101290,1802,1162,1807,-4206,267,1204
IMU1,21480,223112254,1902,608,1923,-3840,-140,1661
IMU1,21481,223123104,1910,210,1912,-2679,-750,2058
IMU1,21482,223133985,1826,-175,1804,-2070,-950,1855
IMU1,21483,223144945,1730,-540,1610,-1534,-935,1417
IMU1,21484,223155908,1651,-776,1434,-1117,-801,876
IMU1,21485,223166662,1565,-826,1279,-783,-691,320
IMU1,21486,223179779,1280,-631,757,-509,-671,-387
IMU1,21487,223190237,1260,-540,612,-144,-703,-441
IMU1,21488,223200704,1326,-477,588,-35,-630,-399
IMU1,21489,223210954,1427,-495,648,45,-537,-333
IMU1,21490,223221102,1490,-567,772,114,-416,-288
IMU1,21491,223231463,1560,-644,938,180,-298,-275
# swing_peak_seq=21465
IMU1,21492,223241832,1632,-726,1097,238,-233,-296
IMU1,21493,223252370,1663,-780,1237,279,-216,-337
IMU1,21494,223262918,1658,-832,1288,306,-273,-366
IMU1,21495,223273452,1618,-852,1254,312,-420,-345
IMU1,21496,223283994,1588,-852,1182,279,-570,-263
IMU1,21497,223294546,1577,-842,1129,209,-692,-148
IMU1,21498,223306132,1515,-780,1092,38,-875,140
IMU1,21499,223316400,1550,-759,1085,-62,-889,300
IMU1,21500,223326753,1645,-778,1157,-136,-891,373
IMU1,21501,223337304,1740,-799,1294,-163,-917,377
IMU1,21502,223347852,1812,-819,1418,-141,-983,347
IMU1,21503,223358398,1833,-821,1484,-66,-1101,274
IMU1,21504,223368967,1824,-803,1457,38,-1266,199
IMU1,21505,223379406,1784,-774,1407,151,-1422,155
IMU1,21506,223390060,1768,-760,1361,247,-1529,156
IMU1,21507,223400715,1769,-772,1382,319,-1615,192
IMU1,21508,223411888,1797,-774,1445,437,-1848,308
IMU1,21509,223422544,1815,-786,1506,482,-2033,359
IMU1,21510,223433212,1811,-783,1534,559,-2245,378
IMU1,21511,223443889,1809,-779,1498,655,-2455,395
IMU1,21512,223454548,1748,-796,1459,769,-2590,409
IMU1,21513,223465217,1689,-789,1317,886,-2645,445
IMU1,21514,223475868,1585,-771,1126,954,-2623,525
IMU1,21515,223486545,1579,-759,1015,937,-2560,674
IMU1,21516,223497216,1877,-813,1546,882,-2474,738
IMU1,21517,223507880,1765,-746,1658,1022,-2865,697
IMU1,21518,223518736,1917,-754,1961,1246,-3146,691
IMU1,21519,223529611,1724,-667,1692,1537,-3454,630
IMU1,21520,223540465,1395,-621,1509,1769,-3716,594
IMU1,21521,223551333,982,-478,952,1867,-3809,681
IMU1,21522,223561815,978,-441,865,1771,-3727,967
IMU1,21523,223572267,1256,-518,1185,1650,-3614,1152
IMU1,21524,223583333,1156,-454,1068,1633,-3781,1194
IMU1,21525,223594411,955,-398,896,1757,-4316,1208
IMU1,21526,223605088,813,-397,877,1844,-4371,1251
IMU1,21527,223615756,667,-424,900,1966,-4442,1311
IMU1,21528,223626433,559,-428,885,2116,-4527,1373
IMU1,21529,223637094,610,-437,772,2264,-4583,1406
IMU1,21530,223647775,562,-472,621,2383,-4593,1386
IMU1,21531,223658451,441,-526,385,2468,-4566,1352
IMU1,21532,223669110,385,-570,278,2508,-4505,1344
IMU1,21533,223679783,173,-911,180,2535,-4378,1374
IMU1,21534,223690465,86,-1057,263,2627,-4052,1601
IMU1,21535,223701107,103,-1147,340,2721,-3965,1761
IMU1,21536,223711967,48,-1210,503,2829,-3921,1893
IMU1,21537,223722647,109,-1261,557,2943,-3997,1971
IMU1,21538,223733524,284,-1283,449,3018,-4152,1943
IMU1,21539,223744394,309,-1353,348,3011,-4195,1813
IMU1,21540,223755251,201,-1483,202,2931,-4133,1668
IMU1,21541,223766105,48,-1621,-34,2797,-4006,1580
IMU1,21542,223777175,-46,-1625,18,2454,-3431,1631
IMU1,21543,223787727,6,-1613,245,2312,-3109,1691
IMU1,21544,223798193,105,-1642,545,2251,-2849,1714
IMU1,21545,223809057,43,-1745,852,2306,-2688,1700
IMU1,21546,223819710,30,-1841,1033,2465,-2677,1681
IMU1,21547,223830574,35,-1889,970,2649,-2733,1650
IMU1,21548,223841233,13,-1888,827,2759,-2690,1610
IMU1,21549,223851894,40,-1894,750,2746,-2593,1560
IMU1,21550,223862559,160,-1950,816,2632,-2503,1442
IMU1,21551,223873418,204,-1989,957,2290,-2118,1397
IMU1,21552,223884288,96,-2009,1288,2158,-1846,1370
IMU1,21553,223895145,-106,-2052,1537,2123,-1598,1385
IMU1,21554,223906314,-222,-1561,312,2048,-1344,1453
IMU1,21555,223917283,-1176,-2088,1996,1737,-873,1661
IMU1,21556,223928450,-658,-2388,2211,1724,-745,2139
IMU1,21557,223939420,62,-2234,2094,1968,-1052,2409
IMU1,21558,223950289,-53,-2327,1642,2171,-1175,2180
IMU1,21559,223961258,-80,-2269,1368,1979,-1237,1993
IMU1,21560,223972232,-88,-2164,1260,1649,-1153,1793
IMU1,21561,223983194,-236,-2053,1248,1271,-997,1600
IMU1,21562,223994172,-302,-2030,1499,930,-907,1444
IMU1,21563,224004952,-105,-2258,1930,734,-947,1281
IMU1,21564,224015686,-199,-2406,2369,776,-1205,980
IMU1,21565,224026427,-320,-2229,1821,1185,-1814,334
IMU1,21566,224037366,-612,-2284,1549,1232,-1631,87
IMU1,21567,224048117,-759,-2195,1346,1176,-1365,-2
IMU1,21568,224058765,-741,-2193,1313,1059,-1050,14
IMU1,21569,224069508,-609,-2251,1413,924,-700,71
IMU1,21570,224079861,-372,-2244,1608,801,-501,85
IMU1,21571,224090196,-168,-2269,1789,721,-447,8
IMU1,21572,224100339,-66,-2257,1863,688,-526,-138
IMU1,21573,224110782,-14,-2217,1851,691,-688,-312
IMU1,21574,224121236,-12,-2185,1766,692,-791,-468
IMU1,21575,224131691,-250,-2102,1625,660,-752,-568
IMU1,21576,224142334,-287,-2038,1710,532,-399,-495
IMU1,21577,224152979,-383,-1969,1764,529,-292,-374
IMU1,21578,224163620,-335,-1955,1759,564,-245,-194
IMU1,21579,224174253,-156,-1914,1689,584,-182,-24
IMU1,21580,224187242,-140,-1969,1647,570,-104,43
IMU1,21581,224197571,-103,-2000,1621,525,-125,69
IMU1,21582,224207907,-31,-1993,1581,466,-204,69
IMU1,21583,224218063,32,-1945,1503,386,-242,48
IMU1,21584,224229148,118,-1923,1514,239,-302,-49
IMU1,21585,224239497,105,-1866,1479,213,-351,-108
IMU1,21586,224250046,38,-1795,1423,197,-392,-138
IMU1,21587,224260400,11,-1772,1373,192,-383,-111
IMU1,21588,224270727,35,-1769,1389,202,-331,-65
IMU1,21589,224280859,42,-1781,1429,231,-291,-34
IMU1,21590,224291001,49,-1758,1398,270,-281,-13
IMU1,21591,224301152,72,-1746,1367,310,-253,5
IMU1,21592,224311009,68,-1702,1324,327,-208,18
IMU1,21593,224321055,53,-1654,1316,313,-177,37
IMU1,21594,224331095,35,-1612,1337,286,-159,74
IMU1,21595,224341146,35,-1587,1366,265,-148,123
IMU1,21596,224351391,36,-1572,1374,257,-128,178
IMU1,21597,224361647,-6,-1570,1366,253,-94,234
IMU1,21598,224371587,-20,-1561,1375,242,-59,301
IMU1,21599,224382776,4,-1558,1394,215,34,426
IMU1,21600,224392544,23,-1582,1403,202,64,472
IMU1,21601,224402494,39,-1587,1441,197,85,491
IMU1,21602,224412437,56,-1621,1470,201,74,497
IMU1,21603,224422380,74,-1638,1490,222,54,478
IMU1,21604,224432341,65,-1625,1474,253,65,438
IMU1,21605,224442288,54,-1609,1457,276,93,393
IMU1,21606,224452233,50,-1600,1465,283,111,355
IMU1,21607,224462378,57,-1598,1459,282,116,316
IMU1,21608,224472527,55,-1575,1474,274,126,274
IMU1,21609,224482673,39,-1549,1481,260,118,226
IMU1,21610,224492809,53,-1544,1483,237,71,183
IMU1,21611,224502744,46,-1522,1485,211,10,145
IMU1,21612,224512683,38,-1571,1521,193,-35,111
IMU1,21613,224522715,56,-1489,1472,180,-73,74
IMU1,21614,224532559,45,-1528,1465,198,-81,30
IMU1,21615,224542396,-36,-1453,1310,209,-109,-2
IMU1,21616,224552439,-27,-1474,1370,170,-47,-3
IMU1,21617,224562270,14,-1456,1435,157,56,-1
IMU1,21618,224571923,2,-1444,1503,202,75,-18
IMU1,21619,224581571,16,-1426,1469,275,56,-38
IMU1,21620,224591422,4,-1392,1424,336,65,-57
IMU1,21621,224601073,-18,-1400,1428,365,103,-62
IMU1,21622,224611216,-14,-1388,1456,365,120,-51
IMU1,21623,224621351,-47,-1394,1447,356,129,-29
IMU1,21624,224631495,-62,-1376,1450,337,129,7
IMU1,21625,224642387,-12,-1410,1467,270,137,82
IMU1,21626,224652427,13,-1448,1525,242,152,94
IMU1,21627,224662374,37,-1480,1558,238,154,75
IMU1,21628,224672344,49,-1498,1577,251,139,49
IMU1,21629,224682285,49,-1502,1560,269,142,16
IMU1,21630,224692230,25,-1494,1566,281,142,-21
IMU1,21631,224702276,14,-1485,1568,286,136,-54
IMU1,21632,224712333,2,-1469,1581,283,126,-81
IMU1,21633,224722180,2,-1468,1590,280,90,-102
IMU1,21634,224732031,5,-1465,1570,276,45,-116
IMU1,21635,224741890,-1,-1467,1548,262,14,-127
IMU1,21636,224751844,-17,-1480,1524,237,9,-134
IMU1,21637,224761800,-19,-1487,1526,204,32,-133
IMU1,21638,224771945,-6,-1501,1557,178,70,-130
IMU1,21639,224781896,-1,-1511,1578,167,98,-125
IMU1,21640,224791850,11,-1505,1580,166,113,-126
IMU1,21641,224802097,14,-1497,1590,171,126,-131
IMU1,21642,224812330,22,-1480,1616,173,116,-135
IMU1,21643,224822560,29,-1476,1622,173,78,-143
IMU1,21644,224832591,39,-1473,1599,181,25,-150
IMU1,21645,224842635,32,-1469,1557,168,-14,-154
IMU1,21646,224852774,28,-1454,1499,151,-22,-161
IMU1,21647,224863951,29,-1446,1509,92,28,-153
IMU1,21648,224873813,30,-1441,1531,73,52,-146
IMU1,21649,224883655,40,-1430,1527,79,55,-147
IMU1,21650,224893498,41,-1422,1526,90,58,-147
IMU1,21651,224903345,28,-1404,1510,96,70,-144
IMU1,21652,224913200,32,-1403,1528,102,81,-140
IMU1,21653,224923242,32,-1401,1525,97,83,-125
IMU1,21654,224933082,29,-1400,1532,93,84,-113
IMU1,21655,224942933,35,-1403,1539,86,82,-101
IMU1,21656,224952786,32,-1411,1534,74,78,-92
IMU1,21657,224962448,37,-1424,1543,70,82,-89
IMU1,21658,224972096,46,-1433,1564,67,86,-87
IMU1,21659,224981753,50,-1436,1556,67,86,-91
IMU1,21660,224991417,50,-1436,1549,62,91,-99
IMU1,21661,225001083,38,-1431,1546,54,98,-106
IMU1,21662,225010936,23,-1427,1551,44,102,-106
IMU1,21663,225020995,19,-1418,1558,42,107,-99
IMU1,21664,225030856,1,-1413,1559,40,105,-85
IMU1,21665,225040512,-6,-1399,1563,37,101,-66
IMU1,21666,225050260,-12,-1398,1562,32,92,-44
IMU1,21667,225060005,-9,-1397,1557,28,84,-15
IMU1,21668,225069550,-41,-1402,1596,28,87,14
IMU1,21669,225079214,-18,-1420,1569,33,91,47
IMU1,21670,225088869,3,-1416,1563,36,101,70
IMU1,21671,225098428,19,-1424,1557,32,123,75
IMU1,21672,225108192,26,-1429,1571,27,131,63
IMU1,21673,225117961,30,-1428,1578,23,120,43
IMU1,21674,225127729,25,-1409,1600,19,101,20
IMU1,21675,225137469,23,-1398,1590,17,69,-2
IMU1,21676,225146933,13,-1391,1570,12,22,-18
IMU1,21677,225156591,3,-1382,1579,-1,-10,-30
IMU1,21678,225166052,-7,-1382,1590,-4,-25,-39
IMU1,21679,225175610,-10,-1379,1579,5,-42,-41
IMU1,21680,225187831,-17,-1378,1557,15,-50,-36
IMU1,21681,225197691,-17,-1372,1537,20,-36,-30
IMU1,21682,225207547,-10,-1366,1533,19,-16,-25
IMU1,21683,225217391,3,-1363,1535,15,2,-23
IMU1,21684,225226651,10,-1358,1552,11,9,-26
IMU1,21685,225236114,16,-1346,1551,17,-2,-32
IMU1,21686,225245676,12,-1339,1543,22,-24,-42
IMU1,21687,225255430,3,-1335,1533,26,-44,-48
IMU1,21688,225264990,-11,-1331,1523,28,-56,-49
IMU1,21689,225274839,-15,-1332,1506,23,-67,-36
IMU1,21690,225284706,-10,-1328,1509,24,-56,-24
IMU1,21691,225294522,-14,-1336,1528,27,-35,-4
IMU1,21692,225304143,-5,-1342,1542,39,-17,13
IMU1,21693,225313676,-3,-1353,1542,51,-1,28
IMU1,21694,225323013,-2,-1365,1542,63,21,35
IMU1,21695,225332455,-4,-1370,1556,67,32,40
IMU1,21696,225341899,-5,-1369,1575,72,30,40
IMU1,21697,225351347,-6,-1370,1585,72,15,33
IMU1,21698,225360805,-20,-1376,1579,74,-4,25
IMU1,21699,225370340,-26,-1377,1566,67,-17,24
IMU1,21700,225380076,-28,-1378,1563,54,-25,24
IMU1,21701,225389816,-27,-1375,1558,45,-36,24
IMU1,21702,225399557,-34,-1380,1561,34,-44,22
IMU1,21703,225409309,-31,-1377,1569,29,-41,20
IMU1,21704,225419039,-36,-1375,1573,37,-40,16
IMU1,21705,225428790,-40,-1357,1577,45,-44,15
IMU1,21706,225438539,-51,-1348,1558,53,-53,20
IMU1,21707,225448297,-58,-1342,1543,55,-55,30
IMU1,21708,225458029,-55,-1350,1555,51,-47,39
IMU1,21709,225467766,-50,-1362,1568,57,-39,51
IMU1,21710,225477504,-34,-1368,1574,63,-27,56
IMU1,21711,225487248,-30,-1376,1574,73,-19,57
IMU1,21712,225498546,-39,-1367,1588,64,-1,46
IMU1,21713,225508087,-42,-1365,1568,50,-11,39
IMU1,21714,225517819,-49,-1366,1556,45,-26,37
IMU1,21715,225527563,-55,-1360,1562,30,-27,33
IMU1,21716,225537305,-52,-1357,1570,28,-22,33
IMU1,21717,225547037,-55,-1356,1574,32,-16,32
IMU1,21718,225556784,-60,-1346,1568,45,-4,30
IMU1,21719,225566331,-67,-1340,1574,56,5,35
IMU1,21720,225575794,-61,-1348,1568,65,6,39
IMU1,21721,225585250,-52,-1350,1562,63,1,41
IMU1,21722,225594710,-46,-1359,1572,55,4,44
IMU1,21723,225604171,-39,-1367,1587,52,11,43
IMU1,21724,225613804,-32,-1365,1600,52,12,36
IMU1,21725,225623426,-27,-1370,1602,54,6,25
IMU1,21726,225633377,-33,-1368,1595,54,-3,14
IMU1,21727,225642914,-32,-1364,1600,48,-10,8
IMU1,21728,225652439,-43,-1361,1595,43,-9,0
IMU1,21729,225662202,-45,-1356,1594,42,-16,0
IMU1,21730,225671652,-50,-1352,1591,33,-16,6
IMU1,21731,225681206,-62,-1352,1590,29,-9,9
IMU1,21732,225691075,-57,-1347,1594,29,-5,17
IMU1,21733,225700612,-51,-1346,1595,24,-5,28
IMU1,21734,225710153,-36,-1348,1599,22,0,23
IMU1,21735,225719504,-44,-1348,1602,22,0,20
IMU1,21736,225729368,-33,-1352,1586,22,-6,18
IMU1,21737,225738911,-30,-1343,1590,14,-6,12
IMU1,21738,225748462,-30,-1339,1586,19,-4,-3
IMU1,21739,225758431,-35,-1338,1599,23,-8,-12
IMU1,21740,225768081,-47,-1329,1602,28,-11,-21
IMU1,21741,225777897,-60,-1319,1597,31,-25,-18
IMU1,21742,225787739,-61,-1316,1588,35,-40,-19
IMU1,21743,225797584,-71,-1309,1557,32,-49,-10
IMU1,21744,225807418,-66,-1314,1544,19,-45,3
IMU1,21745,225816956,-58,-1316,1551,9,-31,15
IMU1,21746,225826506,-43,-1311,1567,4,-15,16
IMU1,21747,225836048,-36,-1322,1576,18,-6,8
IMU1,21748,225845394,-32,-1314,1574,29,1,-2
IMU1,21749,225854744,-38,-1312,1575,46,9,-14
IMU1,21750,225864287,-43,-1312,1578,60,6,-28
IMU1,21751,225873830,-41,-1309,1577,63,-2,-33
IMU1,21752,225883482,-59,-1301,1580,64,-8,-35
IMU1,21753,225893134,-63,-1303,1571,61,-15,-31
IMU1,21754,225902984,-59,-1307,1580,54,-19,-18
IMU1,21755,225912830,-48,-1319,1578,50,-5,-9
IMU1,21756,225922285,-43,-1323,1586,44,11,-4
IMU1,21757,225931823,-36,-1327,1599,43,9,0
IMU1,21758,225940986,-26,-1333,1608,44,7,-4
IMU1,21759,225950317,-30,-1335,1616,51,3,-13
IMU1,21760,225960386,-37,-1335,1607,52,-9,-15
IMU1,21761,225970005,-42,-1332,1600,52,-12,-19
IMU1,21762,225979822,-51,-1331,1592,50,-14,-14
IMU1,21763,225989663,-45,-1334,1591,44,-14,-11
IMU1,21764,225999496,-34,-1335,1601,40,-13,-13
IMU1,21765,226009317,-32,-1339,1609,42,-12,-19
IMU1,21766,226019140,-35,-1338,1612,50,-13,-25
IMU1,21767,226028967,-39,-1334,1613,58,-9,-31
IMU1,21768,226038588,-42,-1328,1616,63,-9,-35
IMU1,21769,226048212,-47,-1326,1609,62,-22,-31
IMU1,21770,226058018,-50,-1330,1603,55,-29,-27
IMU1,21771,226067845,-55,-1326,1602,50,-28,-21
IMU1,21772,226077666,-53,-1322,1613,43,-35,-13
IMU1,21773,226087497,-48,-1330,1608,40,-47,-6
IMU1,21774,226097126,-56,-1328,1592,42,-55,-1
IMU1,21775,226106772,-63,-1332,1584,40,-48,8
IMU1,21776,226116305,-64,-1328,1608,38,-31,14
IMU1,21777,226126025,-64,-1325,1615,46,-22,20
IMU1,21778,226135742,-67,-1320,1609,56,-25,26
IMU1,21779,226145466,-77,-1322,1593,61,-26,31
IMU1,21780,226155200,-85,-1317,1592,62,-20,36
IMU1,21781,226164936,-88,-1319,1603,57,-14,40
IMU1,21782,226174656,-93,-1316,1611,56,-10,43
IMU1,21783,226184392,-93,-1316,1623,53,-7,46
IMU1,21784,226196666,-91,-1315,1621,52,-5,47
IMU1,21785,226206196,-95,-1312,1615,46,-3,45
IMU1,21786,226215727,-101,-1316,1621,36,-1,43
IMU1,21787,226225455,-100,-1309,1614,30,0,39
IMU1,21788,226234991,-94,-1309,1607,28,0,33
IMU1,21789,226244329,-93,-1310,1608,30,6,24
IMU1,21790,226253758,-91,-1312,1609,36,16,7
IMU1,21791,226263196,-88,-1315,1619,43,29,-8
IMU1,21792,226272726,-84,-1310,1621,48,40,-24
IMU1,21793,226282450,-89,-1308,1618,50,45,-41
IMU1,21794,226292176,-89,-1299,1637,44,40,-55
IMU1,21795,226301904,-87,-1295,1647,36,28,-64
IMU1,21796,226311648,-66,-1293,1631,30,14,-71
IMU1,21797,226321380,-107,-1301,1647,19,16,-73
IMU1,21798,226331303,-92,-1307,1635,11,19,-70
IMU1,21799,226341033,-70,-1292,1653,10,14,-64
IMU1,21800,226350769,-73,-1301,1645,11,36,-63
IMU1,21801,226360499,-64,-1299,1654,16,51,-62
IMU1,21802,226370221,-54,-1297,1663,19,60,-69
IMU1,21803,226379953,-45,-1293,1663,21,61,-83
IMU1,21804,226389691,-34,-1296,1660,17,44,-95
IMU1,21805,226399423,-31,-1295,1657,14,27,-108
IMU1,21806,226409360,-43,-1290,1657,8,14,-118
IMU1,21807,226419080,-48,-1289,1647,3,-5,-118
IMU1,21808,226428708,-52,-1288,1632,2,-20,-109
IMU1,21809,226438530,-56,-1296,1617,-2,-18,-94
IMU1,21810,226448240,-54,-1295,1615,-5,-11,-74
IMU1,21811,226457949,-41,-1297,1611,3,0,-59
IMU1,21812,226467173,-29,-1302,1601,9,-6,-50
IMU1,21813,226476611,-21,-1302,1581,18,-23,-41
IMU1,21814,226486449,-18,-1303,1548,16,-42,-38
IMU1,21815,226496274,-16,-1302,1525,18,-59,-36
IMU1,21816,226506101,-11,-1302,1521,16,-81,-32
IMU1,21817,226515940,-17,-1298,1514,22,-112,-26
IMU1,21818,226525970,-25,-1307,1484,39,-135,-19
IMU1,21819,226537043,-42,-1316,1481,76,-115,8
IMU1,21820,226546781,-45,-1322,1501,90,-86,35
IMU1,21821,226556531,-36,-1328,1545,114,-52,56
IMU1,21822,226566483,-26,-1334,1572,133,-22,78
IMU1,21823,226576407,-21,-1328,1597,150,-8,99
IMU1,21824,226586141,-23,-1332,1644,158,-2,113
IMU1,21825,226596072,-22,-1333,1681,167,-8,129
IMU1,21826,226605991,-28,-1336,1697,170,-10,141
IMU1,21827,226616126,-37,-1337,1706,159,-1,153
IMU1,21828,226626064,-53,-1333,1725,139,9,163
IMU1,21829,226635900,-70,-1328,1750,120,22,172
IMU1,21830,226645946,-84,-1317,1766,103,35,179
IMU1,21831,226655982,-94,-1300,1764,89,43,184
IMU1,21832,226665833,-100,-1288,1759,71,44,181
IMU1,21833,226675873,-105,-1275,1750,55,35,171
IMU1,21834,226685923,-104,-1263,1742,41,22,149
IMU1,21835,226695972,-116,-1248,1732,34,2,119
IMU1,21836,226705829,-126,-1234,1710,34,-19,85
IMU1,21837,226715779,-150,-1218,1687,38,-30,53
IMU1,21838,226725725,-177,-1201,1662,43,-34,26
IMU1,21839,226735662,-185,-1194,1629,50,-38,2
IMU1,21840,226745413,-191,-1192,1605,52,-31,-14
IMU1,21841,226755454,-184,-1209,1589,59,-8,-35
IMU1,21842,226765285,-171,-1214,1590,62,18,-56
IMU1,21843,226775216,-161,-1222,1613,77,51,-81
IMU1,21844,226785143,-156,-1229,1618,104,75,-112
IMU1,21845,226795482,-149,-1227,1619,124,83,-140
IMU1,21846,226806344,-135,-1229,1623,140,72,-190
IMU1,21847,226816683,-121,-1233,1616,146,54,-212
IMU1,21848,226826997,-105,-1244,1607,143,35,-220
IMU1,21849,226837323,-95,-1251,1603,141,33,-229
IMU1,21850,226847453,-71,-1253,1605,144,27,-234
IMU1,21851,226857590,-49,-1266,1598,147,9,-237
IMU1,21852,226867547,-24,-1274,1589,147,-2,-243
IMU1,21853,226877585,-3,-1287,1598,147,-12,-247
IMU1,21854,226887622,17,-1295,1606,146,-28,-248
IMU1,21855,226897747,30,-1301,1608,145,-57,-243
IMU1,21856,226907881,47,-1304,1599,141,-86,-236
IMU1,21857,226918031,64,-1311,1600,139,-106,-224
IMU1,21858,226928378,74,-1308,1600,137,-120,-204
IMU1,21859,226938700,80,-1301,1605,128,-120,-176
IMU1,21860,226949028,64,-1293,1615,127,-109,-145
IMU1,21861,226960394,-9,-1256,1634,112,-69,-34
IMU1,21862,226970225,-42,-1248,1646,108,-41,47
IMU1,21863,226980152,-52,-1234,1670,100,-20,128
IMU1,21864,226990287,-43,-1229,1675,87,-18,199
IMU1,21865,227000226,-44,-1227,1676,70,-26,250
IMU1,21866,227010176,-45,-1246,1692,57,-28,281
IMU1,21867,227020118,-45,-1251,1702,46,-23,291
IMU1,21868,227030074,-52,-1257,1710,48,-15,283
IMU1,21869,227040029,-72,-1252,1715,46,-3,265
IMU1,21870,227049771,-90,-1245,1732,42,12,234
IMU1,21871,227059620,-88,-1236,1744,42,14,198
IMU1,21872,227069473,-91,-1228,1754,45,-6,152
IMU1,21873,227079234,-85,-1223,1762,43,-45,101
IMU1,21874,227089177,-106,-1214,1757,37,-88,46
IMU1,21875,227099121,-110,-1204,1741,32,-135,-4
IMU1,21876,227109166,-130,-1192,1722,26,-156,-49
IMU1,21877,227119411,-151,-1187,1712,21,-158,-80
IMU1,21878,227129669,-163,-1171,1702,23,-138,-102
IMU1,21879,227140096,-180,-1157,1706,32,-104,-112
IMU1,21880,227150532,-185,-1141,1706,41,-73,-110
IMU1,21881,227160776,-189,-1136,1709,55,-52,-99
IMU1,21882,227171867,-180,-1137,1710,78,-28,-62
IMU1,21883,227181912,-174,-1145,1709,88,-13,-47
IMU1,21884,227191961,-168,-1159,1711,90,-3,-45
IMU1,21885,227204575,-162,-1163,1721,90,-1,-39
IMU1,21886,227214408,-163,-1172,1726,94,16,-34
IMU1,21887,227224341,-161,-1179,1727,92,31,-28
IMU1,21888,227234281,-154,-1182,1723,80,38,-22
IMU1,21889,227244223,-145,-1188,1723,70,39,-19
# exclude_peak_seq=21465
IMU1,21890,227254171,-135,-1192,1725,60,44,-23
IMU1,21891,227264117,-121,-1200,1724,51,45,-32
IMU1,21892,227274050,-110,-1206,1707,49,43,-43
IMU1,21893,227283994,-105,-1210,1700,45,50,-61
IMU1,21894,227293942,-101,-1211,1707,40,51,-75
IMU1,21895,227303892,-89,-1215,1706,27,45,-87
IMU1,21896,227313640,-83,-1214,1680,25,34,-101
IMU1,21897,227323582,-79,-1214,1685,18,35,-115
IMU1,21898,227333538,-77,-1222,1676,9,44,-123
IMU1,21899,227343276,-73,-1221,1683,9,51,-127
IMU1,21900,227354582,-60,-1223,1696,11,65,-132
IMU1,21901,227364520,-53,-1223,1702,7,65,-133
IMU1,21902,227374262,-45,-1219,1702,1,44,-127
IMU1,21903,227384001,-50,-1216,1699,-14,28,-122
IMU1,21904,227394029,-52,-1205,1699,-27,17,-113
IMU1,21905,227404060,-52,-1202,1700,-43,13,-102
IMU1,21906,227414100,-41,-1199,1694,-54,14,-94
IMU1,21907,227423938,-33,-1200,1695,-55,14,-86
IMU1,21908,227433785,-16,-1199,1694,-60,16,-85
IMU1,21909,227443618,-2,-1196,1686,-52,10,-89
IMU1,21910,227453252,3,-1186,1672,-49,2,-94
IMU1,21911,227462608,6,-1183,1679,-46,-2,-104
IMU1,21912,227472244,6,-1179,1687,-38,-14,-113
IMU1,21913,227482079,3,-1175,1688,-30,-37,-112
IMU1,21914,227491920,-2,-1170,1659,-25,-63,-107
IMU1,21915,227501851,-12,-1171,1658,-32,-74,-98
IMU1,21916,227511801,-15,-1175,1668,-37,-73,-82
IMU1,21917,227521754,-11,-1173,1681,-37,-70,-63
IMU1,21918,227531695,-5,-1181,1673,-30,-66,-41
IMU1,21919,227541446,-2,-1187,1665,-25,-50,-21
IMU1,21920,227551183,6,-1190,1671,-22,-29,-8
IMU1,21921,227560640,9,-1191,1692,-18,-15,2
IMU1,21922,227569984,18,-1192,1713,-11,-8,4
IMU1,21923,227579340,8,-1196,1713,0,-13,6
IMU1,21924,227588305,3,-1193,1719,7,-27,3
IMU1,21925,227597364,1,-1196,1727,8,-39,2
IMU1,21926,227606422,-6,-1203,1729,6,-47,6
IMU1,21927,227615562,-17,-1197,1723,0,-59,14
IMU1,21928,227625013,-32,-1200,1720,-10,-71,29
IMU1,21929,227634848,-30,-1208,1702,-22,-82,44
IMU1,21930,227644695,-33,-1219,1693,-29,-78,58
IMU1,21931,227654545,-38,-1228,1697,-44,-57,69
IMU1,21932,227664389,-35,-1233,1713,-45,-46,73
IMU1,21933,227674236,-34,-1239,1710,-45,-42,70
IMU1,21934,227684094,-47,-1238,1705,-44,-39,64
IMU1,21935,227693936,-56,-1233,1692,-45,-47,59
IMU1,21936,227703787,-68,-1229,1679,-54,-58,52
IMU1,21937,227713643,-66,-1226,1682,-61,-66,44
IMU1,21938,227723482,-70,-1234,1676,-64,-81,37
IMU1,21939,227733340,-76,-1240,1657,-66,-89,28
IMU1,21940,227743196,-76,-1256,1639,-66,-81,17
IMU1,21941,227753042,-73,-1267,1631,-66,-63,9
IMU1,21942,227762684,-70,-1273,1636,-72,-42,-2
IMU1,21943,227772429,-66,-1274,1648,-76,-30,-17
IMU1,21944,227782372,-65,-1269,1643,-78,-34,-34
IMU1,21945,227792322,-69,-1269,1634,-81,-46,-50
IMU1,21946,227802254,-74,-1267,1625,-86,-52,-62
IMU1,21947,227812189,-75,-1266,1632,-93,-52,-68
IMU1,21948,227822135,-73,-1269,1641,-99,-43,-74
IMU1,21949,227832078,-57,-1269,1643,-102,-36,-76
IMU1,21950,227842224,-56,-1273,1647,-103,-25,-77
IMU1,21951,227852349,-49,-1273,1649,-112,-12,-82
IMU1,21952,227862477,-44,-1269,1658,-123,-10,-91
IMU1,21953,227872602,-34,-1257,1649,-134,-25,-102
IMU1,21954,227883447,-33,-1251,1641,-161,-69,-135
IMU1,21955,227893778,-35,-1240,1640,-170,-81,-152
IMU1,21956,227904105,-36,-1238,1641,-176,-85,-168
IMU1,21957,227914419,-30,-1230,1627,-180,-87,-179
IMU1,21958,227924746,-23,-1218,1611,-177,-80,-195
IMU1,21959,227935073,-19,-1213,1607,-180,-74,-209
IMU1,21960,227945410,1,-1196,1623,-177,-74,-224
IMU1,21961,227955451,7,-1193,1624,-173,-91,-240
IMU1,21962,227965488,10,-1188,1612,-168,-122,-255
IMU1,21963,227975919,11,-1182,1600,-162,-142,-267
IMU1,21964,227986357,12,-1195,1584,-156,-149,-275
IMU1,21965,227996813,18,-1194,1585,-154,-153,-278
IMU1,21966,228007263,33,-1206,1605,-144,-146,-277
IMU1,21967,228018210,41,-1207,1601,-116,-145,-273
IMU1,21968,228028647,49,-1217,1597,-98,-160,-265
IMU1,21969,228038890,54,-1234,1597,-89,-170,-262
IMU1,21970,228049138,60,-1251,1603,-82,-175,-253
IMU1,21971,228059372,67,-1273,1607,-75,-175,-238
IMU1,21972,228069620,58,-1290,1616,-72,-162,-223
IMU1,21973,228079844,54,-1306,1644,-71,-147,-200
IMU1,21974,228090080,59,-1318,1660,-75,-144,-176
IMU1,21975,228100312,62,-1331,1656,-76,-152,-151
IMU1,21976,228110554,62,-1337,1648,-85,-171,-132
IMU1,21977,228120786,72,-1352,1637,-101,-192,-117
IMU1,21978,228131228,78,-1373,1645,-120,-209,-105
IMU1,21979,228141655,87,-1380,1615,-132,-221,-101
IMU1,21980,228152611,84,-1402,1601,-161,-220,-104
IMU1,21981,228163032,83,-1403,1597,-169,-210,-109
IMU1,21982,228173465,87,-1400,1587,-174,-214,-122
IMU1,21983,228183892,86,-1396,1583,-175,-225,-132
IMU1,21984,228194336,84,-1392,1580,-175,-230,-134
IMU1,21985,228207338,76,-1385,1568,-175,-239,-130
IMU1,21986,228217790,69,-1381,1546,-180,-245,-120
IMU1,21987,228228229,70,-1394,1513,-183,-239,-105
IMU1,21988,228239195,59,-1380,1523,-198,-195,-71
IMU1,21989,228249450,52,-1374,1535,-202,-169,-48
IMU1,21990,228259694,61,-1366,1551,-198,-153,-29
IMU1,21991,228269939,71,-1348,1542,-190,-146,-4
IMU1,21992,228279996,72,-1349,1523,-180,-137,16
IMU1,21993,228290158,79,-1341,1519,-183,-124,44
IMU1,21994,228300315,81,-1340,1523,-181,-98,65
IMU1,21995,228310278,85,-1344,1537,-175,-63,83
IMU1,21996,228320242,90,-1343,1551,-166,-33,102
IMU1,21997,228330385,97,-1351,1575,-148,-12,120
IMU1,21998,228340545,98,-1359,1584,-126,-10,136
IMU1,21999,228350703,113,-1369,1576,-106,-26,149
IMU1,22000,228361074,112,-1385,1552,-91,-52,166
IMU1,22001,228371215,125,-1409,1533,-93,-68,184
IMU1,22002,228381352,149,-1434,1539,-99,-53,193
IMU1,22003,228391510,172,-1449,1544,-109,-34,192
IMU1,22004,228401863,209,-1473,1578,-112,-27,147
IMU1,22005,228412726,217,-1468,1596,-109,-28,118
IMU1,22006,228423076,214,-1465,1606,-107,-50,85
IMU1,22007,228433209,201,-1460,1590,-103,-92,54
IMU1,22008,228443357,195,-1437,1555,-102,-138,28
IMU1,22009,228453710,180,-1431,1527,-123,-163,11
IMU1,22010,228464062,160,-1431,1500,-149,-175,2
IMU1,22011,228474206,161,-1419,1497,-167,-173,-5
IMU1,22012,228484452,162,-1421,1497,-181,-152,-16
IMU1,22013,228494883,156,-1429,1499,-187,-125,-23
IMU1,22014,228505317,148,-1442,1513,-178,-110,-28
IMU1,22015,228515765,149,-1460,1510,-166,-107,-30
IMU1,22016,228526212,145,-1472,1494,-146,-112,-31
IMU1,22017,228537696,114,-1509,1465,-124,-128,-25
IMU1,22018,228548131,109,-1525,1445,-120,-130,-11
IMU1,22019,228558569,104,-1540,1439,-119,-115,-6
IMU1,22020,228568805,110,-1563,1470,-119,-97,3
IMU1,22021,228578747,136,-1588,1497,-113,-77,6
IMU1,22022,228588699,149,-1594,1515,-102,-50,-4
IMU1,22023,228598756,146,-1591,1513,-95,-20,-17
IMU1,22024,228608809,143,-1581,1520,-95,1,-35
IMU1,22025,228618546,146,-1569,1528,-99,7,-51
IMU1,22026,228628298,160,-1555,1537,-110,-7,-69
IMU1,22027,228638351,166,-1542,1536,-124,-40,-93
IMU1,22028,228648608,165,-1525,1508,-138,-90,-118
IMU1,22029,228659048,164,-1529,1471,-155,-137,-144
IMU1,22030,228669699,160,-1523,1442,-180,-172,-166
IMU1,22031,228680326,173,-1498,1393,-193,-177,-191
IMU1,22032,228691478,164,-1484,1395,-193,-138,-243
IMU1,22033,228702117,167,-1491,1400,-171,-116,-252
IMU1,22034,228712763,184,-1494,1370,-136,-82,-265
IMU1,22035,228723213,160,-1484,1351,-107,-50,-268
IMU1,22036,228733640,166,-1488,1348,-92,-32,-259
IMU1,22037,228743882,176,-1466,1368,-77,-8,-245
IMU1,22038,228753923,145,-1465,1370,-60,22,-225
IMU1,22039,228764070,145,-1452,1369,-47,38,-192
IMU1,22040,228774215,142,-1453,1365,-34,73,-151
IMU1,22041,228784373,149,-1442,1382,-26,124,-108
IMU1,22042,228794714,172,-1430,1415,-7,170,-64
IMU1,22043,228804680,195,-1424,1436,12,213,-26
IMU1,22044,228814724,219,-1425,1445,31,254,7
IMU1,22045,228826032,265,-1442,1464,58,296,31
IMU1,22046,228835983,290,-1449,1456,59,278,32
IMU1,22047,228845946,290,-1451,1438,57,246,28
IMU1,22048,228855906,279,-1457,1415,45,213,24
IMU1,22049,228865874,275,-1464,1410,35,190,25
IMU1,22050,228875825,275,-1475,1404,35,181,29
IMU1,22051,228885787,272,-1465,1398,41,183,34
IMU1,22052,228895734,276,-1469,1401,56,191,38
IMU1,22053,228905697,293,-1460,1397,76,197,37
IMU1,22054,228915653,308,-1444,1399,100,205,26
IMU1,22055,228925806,324,-1425,1408,118,212,12
IMU1,22056,228935960,338,-1420,1426,134,207,-8
IMU1,22057,228946021,354,-1416,1443,150,187,-30
IMU1,22058,228956273,367,-1406,1460,159,157,-55
IMU1,22059,228966537,358,-1413,1481,166,116,-80
IMU1,22060,228976774,361,-1420,1484,176,71,-101
IMU1,22061,228987022,356,-1423,1485,176,29,-118
IMU1,22062,228997276,344,-1440,1478,175,-7,-130
IMU1,22063,229007423,317,-1451,1466,165,-47,-132
IMU1,22064,229018290,295,-1442,1464,161,-92,-119
IMU1,22065,229028633,281,-1426,1450,168,-104,-96
IMU1,22066,229038985,258,-1425,1440,171,-105,-64
IMU1,22067,229049342,258,-1416,1436,177,-94,-23
IMU1,22068,229059496,255,-1405,1441,189,-61,19
IMU1,22069,229069548,259,-1399,1457,201,-24,57
IMU1,22070,229079599,267,-1388,1477,214,7,96
IMU1,22071,229089377,265,-1386,1486,223,38,127
IMU1,22072,229099534,273,-1384,1491,232,52,154
IMU1,22073,229109706,278,-1382,1491,231,48,177
IMU1,22074,229119889,281,-1380,1488,229,33,196
IMU1,22075,229130079,289,-1380,1513,224,15,210
IMU1,22076,229140251,289,-1389,1521,225,-5,219
IMU1,22077,229150313,281,-1385,1502,234,-32,224
IMU1,22078,229160590,272,-1383,1497,241,-44,226
IMU1,22079,229170854,252,-1363,1516,239,-47,232
IMU1,22080,229181653,209,-1364,1536,242,-34,265
IMU1,22081,229191902,194,-1355,1542,252,-31,280
IMU1,22082,229202163,185,-1363,1553,251,-32,300
IMU1,22083,229214973,191,-1377,1558,249,-44,310
IMU1,22084,229225233,189,-1393,1558,251,-60,310
IMU1,22085,229235495,187,-1401,1558,245,-76,313
IMU1,22086,229245757,182,-1413,1558,235,-87,314
IMU1,22087,229256030,163,-1416,1565,220,-101,312
IMU1,22088,229266481,144,-1422,1553,215,-117,312
IMU1,22089,229276948,89,-1418,1537,204,-126,323
IMU1,22090,229287720,74,-1422,1557,181,-124,339
IMU1,22091,229297980,60,-1422,1562,174,-126,358
IMU1,22092,229308240,59,-1423,1556,165,-134,379
IMU1,22093,229318504,51,-1434,1549,154,-137,392
IMU1,22094,229328775,46,-1454,1561,141,-138,395
IMU1,22095,229339041,53,-1452,1571,125,-153,389
IMU1,22096,229349311,47,-1457,1560,112,-160,373
IMU1,22097,229359580,40,-1464,1571,96,-170,348
IMU1,22098,229369659,33,-1467,1575,89,-202,311
IMU1,22099,229379732,10,-1475,1568,79,-234,259
IMU1,22100,229389768,-11,-1468,1566,73,-261,199
IMU1,22101,229399895,-47,-1445,1561,64,-276,140
IMU1,22102,229410034,-76,-1423,1562,56,-273,90
IMU1,22103,229419976,-81,-1401,1569,43,-287,50
IMU1,22104,229429917,-89,-1388,1561,31,-282,12
IMU1,22105,229439855,-94,-1358,1573,21,-277,-10
IMU1,22106,229450944,-95,-1325,1585,4,-249,-20
IMU1,22107,229460777,-85,-1318,1573,4,-230,-8
IMU1,22108,229470415,-63,-1316,1570,13,-196,0
IMU1,22109,229480057,-53,-1301,1562,16,-161,15
IMU1,22110,229489976,-48,-1297,1553,14,-128,27
IMU1,22111,229499907,-17,-1309,1564,15,-90,36
IMU1,22112,229509651,2,-1326,1569,25,-58,40
IMU1,22113,229519095,33,-1346,1592,38,-37,31
IMU1,22114,229528761,58,-1361,1599,51,-44,13
IMU1,22115,229538417,70,-1358,1588,56,-63,-9
IMU1,22116,229547974,57,-1341,1577,49,-76,-22
IMU1,22117,229557727,47,-1316,1577,32,-88,-9
IMU1,22118,229567282,36,-1296,1577,22,-88,23
IMU1,22119,229576934,37,-1291,1578,13,-81,74
IMU1,22120,229586592,54,-1290,1583,13,-51,121
IMU1,22121,229596434,73,-1302,1574,16,-23,161
IMU1,22122,229606283,89,-1320,1574,18,-2,171
IMU1,22123,229615931,99,-1337,1579,19,9,152
IMU1,22124,229625500,107,-1351,1587,26,15,112
IMU1,22125,229635459,126,-1361,1593,33,7,57
IMU1,22126,229645009,132,-1373,1602,40,-19,-5
IMU1,22127,229654731,127,-1373,1600,50,-50,-68
IMU1,22128,229664665,113,-1377,1573,51,-81,-107
IMU1,22129,229674799,100,-1374,1544,52,-92,-125
IMU1,22130,229684947,82,-1367,1538,45,-86,-116
IMU1,22131,229694882,82,-1361,1531,39,-71,-91
IMU1,22132,229704629,91,-1363,1539,27,-58,-52
IMU1,22133,229714371,89,-1354,1548,22,-50,-12
IMU1,22134,229724118,86,-1344,1550,20,-41,21
IMU1,22135,229733777,74,-1336,1555,21,-36,48
IMU1,22136,229743439,72,-1344,1559,13,-33,66
IMU1,22137,229753107,72,-1346,1556,3,-32,70
IMU1,22138,229762582,87,-1353,1571,-8,-34,58
IMU1,22139,229772125,92,-1359,1595,-15,-48,33
IMU1,22140,229781880,103,-1357,1600,-18,-67,-4
IMU1,22141,229791717,107,-1356,1592,-13,-82,-44
IMU1,22142,229801760,107,-1348,1588,-9,-89,-77
IMU1,22143,229811595,111,-1345,1586,-7,-89,-95
IMU1,22144,229821437,118,-1349,1581,1,-89,-102
IMU1,22145,229831397,120,-1349,1585,11,-83,-98
IMU1,22146,229841347,130,-1358,1575,19,-70,-89
IMU1,22147,229851297,135,-1359,1571,21,-60,-75
IMU1,22148,229861251,136,-1367,1570,24,-52,-63
IMU1,22149,229871205,146,-1369,1573,21,-52,-52
IMU1,22150,229881155,132,-1378,1572,16,-57,-43
IMU1,22151,229891113,121,-1379,1576,14,-58,-41
IMU1,22152,229901061,108,-1378,1572,11,-57,-34
IMU1,22153,229911007,105,-1369,1568,7,-53,-27
IMU1,22154,229920762,108,-1361,1594,2,-47,-20
IMU1,22155,229932066,116,-1360,1588,-2,-52,-12
IMU1,22156,229941914,124,-1361,1576,6,-52,-14
IMU1,22157,229951670,125,-1357,1576,11,-55,-16
IMU1,22158,229961633,130,-1353,1578,12,-52,-17
IMU1,22159,229971583,132,-1347,1570,10,-52,-14
IMU1,22160,229981537,138,-1350,1570,11,-47,-14
IMU1,22161,229991493,142,-1345,1576,9,-44,-9
IMU1,22162,230001048,148,-1341,1586,10,-41,-6
IMU1,22163,230010793,142,-1339,1593,10,-43,-2
IMU1,22164,230020560,146,-1339,1594,14,-43,2
IMU1,22165,230030218,146,-1339,1587,18,-39,4
IMU1,22166,230039886,144,-1345,1580,23,-31,1
IMU1,22167,230049548,153,-1348,1577,21,-27,0
IMU1,22168,230059105,159,-1347,1582,18,-28,-5
IMU1,22169,230068866,157,-1344,1580,13,-36,-11
IMU1,22170,230078816,150,-1347,1580,13,-45,-22
IMU1,22171,230088774,151,-1339,1574,17,-53,-27
IMU1,22172,230098730,154,-1335,1558,20,-52,-32
IMU1,22173,230108683,127,-1351,1573,15,-50,-31
IMU1,22174,230118641,136,-1338,1575,17,-58,-25
IMU1,22175,230128587,134,-1343,1576,22,-56,-21
IMU1,22176,230138545,128,-1343,1569,27,-56,-15
IMU1,22177,230148505,125,-1341,1570,28,-59,-8
IMU1,22178,230158258,126,-1348,1570,25,-59,-5
IMU1,22179,230168015,123,-1349,1568,22,-59,-4
IMU1,22180,230177767,123,-1354,1567,19,-57,-3
IMU1,22181,230187520,125,-1352,1583,11,-51,-4
IMU1,22182,230197281,129,-1352,1595,6,-45,-8
IMU1,22183,230206832,126,-1351,1594,11,-44,-10
IMU1,22184,230219540,122,-1354,1584,14,-43,-7
IMU1,22185,230230336,129,-1347,1584,13,-35,-2
IMU1,22186,230240102,135,-1347,1569,15,-32,1
IMU1,22187,230249753,116,-1333,1583,9,-33,7
IMU1,22188,230259216,127,-1349,1585,15,-33,7
IMU1,22189,230268869,130,-1344,1594,18,-36,10
IMU1,22190,230278732,128,-1343,1585,23,-35,7
IMU1,22191,230288390,125,-1341,1582,28,-38,5
IMU1,22192,230298052,117,-1342,1577,28,-42,7
IMU1,22193,230307710,118,-1342,1581,25,-38,9
IMU1,22194,230317386,119,-1340,1584,26,-32,5
IMU1,22195,230327065,119,-1338,1584,21,-32,5
IMU1,22196,230336735,121,-1331,1579,16,-27,1
IMU1,22197,230346401,127,-1328,1594,13,-26,-2
IMU1,22198,230356162,130,-1324,1599,15,-31,-2
IMU1,22199,230365931,131,-1328,1590,19,-43,-3
IMU1,22200,230375698,127,-1328,1579,24,-49,-6
IMU1,22201,230385455,130,-1327,1573,26,-50,-9
IMU1,22202,230395222,128,-1329,1568,25,-52,-11
IMU1,22203,230405184,131,-1331,1576,22,-54,-14
IMU1,22204,230415107,132,-1334,1594,23,-51,-20
IMU1,22205,230425047,138,-1340,1596,27,-53,-24
IMU1,22206,230434983,138,-1340,1594,32,-53,-29
IMU1,22207,230444926,135,-1336,1597,31,-51,-30
IMU1,22208,230454860,134,-1335,1597,30,-50,-31
IMU1,22209,230464802,136,-1334,1595,29,-51,-30
IMU1,22210,230474731,137,-1333,1582,26,-46,-30
IMU1,22211,230484675,139,-1335,1577,26,-39,-34
IMU1,22212,230494614,139,-1336,1584,25,-34,-37
IMU1,22213,230504564,138,-1334,1579,26,-32,-37
IMU1,22214,230514504,139,-1342,1578,29,-27,-36
IMU1,22215,230524454,150,-1349,1576,36,-23,-37
IMU1,22216,230534402,159,-1357,1578,39,-15,-42
IMU1,22217,230544337,175,-1364,1585,47,-8,-47
IMU1,22218,230554072,174,-1370,1594,53,3,-58
IMU1,22219,230563727,167,-1352,1592,62,9,-68
IMU1,22220,230573385,127,-1324,1584,72,18,-66
IMU1,22221,230583240,125,-1302,1575,74,28,-38
IMU1,22222,230593093,105,-1299,1593,74,52,-6
IMU1,22223,230602751,129,-1301,1583,73,60,24
IMU1,22224,230612517,128,-1295,1604,75,62,46
IMU1,22225,230622254,162,-1303,1611,68,51,57
IMU1,22226,230632002,172,-1294,1616,60,16,50
IMU1,22227,230641736,161,-1269,1624,45,-36,32
IMU1,22228,230651584,180,-1260,1601,26,-113,15
IMU1,22229,230662670,139,-1235,1558,-4,-200,8
IMU1,22230,230672421,134,-1239,1561,4,-202,16
IMU1,22231,230682274,122,-1259,1580,25,-193,28
IMU1,22232,230692328,100,-1276,1578,61,-178,38
IMU1,22233,230702370,78,-1300,1572,94,-153,56
IMU1,22234,230712226,53,-1321,1568,121,-129,74
IMU1,22235,230722270,47,-1342,1580,141,-109,87
IMU1,22236,230732306,25,-1369,1598,146,-99,98
IMU1,22237,230742156,4,-1403,1612,148,-112,109
IMU1,22238,230752196,-21,-1432,1609,145,-112,115
IMU1,22239,230762523,-41,-1464,1588,134,-96,123
IMU1,22240,230772662,-55,-1489,1586,110,-55,130
IMU1,22241,230782797,-56,-1513,1610,87,6,131
IMU1,22242,230792446,-46,-1517,1650,72,71,131
IMU1,22243,230802287,-42,-1527,1674,70,123,120
IMU1,22244,230812320,-31,-1530,1669,71,138,105
IMU1,22245,230822350,-18,-1519,1665,62,145,82
IMU1,22246,230832197,-23,-1503,1672,52,165,51
IMU1,22247,230842033,-26,-1491,1705,34,180,19
IMU1,22248,230851868,-22,-1455,1728,25,206,-15
IMU1,22249,230861787,-11,-1412,1728,19,248,-49
IMU1,22250,230871710,-17,-1391,1708,-2,296,-84
IMU1,22251,230881547,4,-1354,1707,-32,317,-119
IMU1,22252,230891489,30,-1324,1717,-66,338,-160
IMU1,22253,230901630,43,-1290,1726,-85,359,-208
IMU1,22254,230912807,60,-1225,1732,-92,371,-320
IMU1,22255,230922931,51,-1182,1707,-87,383,-361
IMU1,22256,230933068,38,-1162,1686,-93,398,-395
IMU1,22257,230943207,36,-1137,1661,-99,426,-432
IMU1,22258,230953344,25,-1111,1658,-104,467,-455
IMU1,22259,230963685,21,-1092,1685,-107,517,-459
IMU1,22260,230974013,28,-1066,1731,-99,581,-461
IMU1,22261,230984160,29,-1050,1764,-68,648,-467
IMU1,22262,230994289,26,-1036,1783,-39,702,-472
IMU1,22263,231004436,25,-1027,1804,-18,751,-474
IMU1,22264,231014588,24,-1022,1825,-4,783,-477
IMU1,22265,231024521,11,-1019,1828,10,796,-479
IMU1,22266,231034570,11,-1022,1812,13,806,-476
IMU1,22267,231044616,31,-1043,1784,6,805,-475
IMU1,22268,231054452,48,-1057,1757,2,788,-483
IMU1,22269,231064295,61,-1084,1739,-8,773,-506
IMU1,22270,231074243,63,-1109,1715,-8,762,-537
IMU1,22271,231084191,45,-1130,1731,-6,768,-578
IMU1,22272,231094139,6,-1172,1692,16,776,-618
IMU1,22273,231105560,-39,-1211,1671,42,785,-655
IMU1,22274,231115707,-38,-1225,1674,52,767,-664
IMU1,22275,231125861,-25,-1256,1653,57,720,-675
IMU1,22276,231136004,-20,-1277,1620,62,658,-683
IMU1,22277,231146135,-34,-1292,1590,67,608,-691
IMU1,22278,231156290,-68,-1318,1571,75,580,-691
IMU1,22279,231166452,-100,-1317,1565,93,558,-677
IMU1,22280,231176811,-135,-1325,1548,115,558,-646
IMU1,22281,231187355,-168,-1322,1532,139,582,-597
IMU1,22282,231197901,-171,-1320,1556,163,617,-538
IMU1,22283,231208456,-160,-1326,1586,194,655,-479
IMU1,22284,231221550,-118,-1355,1630,286,668,-367
IMU1,22285,231232084,-113,-1385,1634,323,662,-313
IMU1,22286,231242605,-131,-1414,1624,357,665,-262
IMU1,22287,231253136,-155,-1457,1623,372,677,-204
IMU1,22288,231263672,-184,-1504,1620,372,710,-136
IMU1,22289,231274223,-199,-1536,1636,356,774,-61
IMU1,22290,231284576,-199,-1559,1671,335,846,11
IMU1,22291,231294823,-189,-1567,1727,311,884,76
IMU1,22292,231305085,-205,-1571,1734,296,889,130
IMU1,22293,231315537,-241,-1551,1712,285,889,177
IMU1,22294,231326512,-249,-1543,1700,241,889,280
IMU1,22295,231336965,-246,-1528,1700,218,904,319
IMU1,22296,231347418,-242,-1510,1696,190,913,354
IMU1,22297,231357867,-240,-1480,1692,165,917,374
IMU1,22298,231368317,-235,-1446,1676,146,910,382
IMU1,22299,231378770,-249,-1397,1661,125,890,383
IMU1,22300,231389217,-268,-1342,1651,110,865,382
IMU1,22301,231399666,-289,-1293,1625,109,842,383
IMU1,22302,231410113,-315,-1240,1590,113,837,389
IMU1,22303,231420587,-333,-1192,1561,122,849,401
IMU1,22304,231431053,-352,-1101,1539,133,866,419
IMU1,22305,231442020,-360,-1072,1530,159,903,477
IMU1,22306,231452469,-366,-1046,1532,181,930,509
IMU1,22307,231462918,-350,-1036,1540,210,945,515
IMU1,22308,231473379,-332,-1021,1574,246,943,512
IMU1,22309,231483839,-312,-1010,1608,291,914,508
IMU1,22310,231494302,-313,-995,1618,345,865,493
IMU1,22311,231504565,-331,-972,1605,399,797,471
IMU1,22312,231514827,-374,-965,1593,441,729,453
IMU1,22313,231525093,-385,-961,1574,472,664,445
IMU1,22314,231535359,-406,-953,1552,494,611,436
IMU1,22315,231545636,-417,-940,1526,508,577,425
IMU1,22316,231555896,-421,-955,1543,519,552,407
IMU1,22317,231566682,-429,-967,1536,557,522,352
IMU1,22318,231576948,-458,-964,1575,578,512,312
IMU1,22319,231587229,-464,-985,1608,605,484,275
IMU1,22320,231597481,-475,-978,1651,641,421,242
IMU1,22321,231607731,-523,-971,1643,675,345,225
IMU1,22322,231617986,-587,-952,1604,693,278,225
IMU1,22323,231628244,-643,-915,1589,691,233,245
IMU1,22324,231638509,-690,-899,1578,678,192,286
IMU1,22325,231648769,-704,-872,1566,668,155,340
IMU1,22326,231659031,-762,-849,1549,659,144,404
IMU1,22327,231669297,-781,-823,1521,656,135,476
IMU1,22328,231679565,-752,-795,1517,661,131,542
IMU1,22329,231689850,-792,-773,1544,680,132,593
IMU1,22330,231700110,-791,-723,1547,725,100,638
IMU1,22331,231711418,-749,-684,1525,875,9,694
IMU1,22332,231721278,-762,-671,1500,963,-9,694
IMU1,22333,231731234,-769,-659,1416,1038,-50,692
IMU1,22334,231741576,-809,-602,1334,1087,-59,681
IMU1,22335,231751925,-783,-576,1282,1098,-29,668
IMU1,22336,231762272,-770,-554,1276,1104,20,647
IMU1,22337,231772534,-763,-537,1308,1107,73,619
IMU1,22338,231782802,-741,-541,1375,1118,126,580
IMU1,22339,231793258,-716,-544,1458,1154,157,519
IMU1,22340,231803730,-710,-577,1545,1207,169,440
IMU1,22341,231814197,-718,-569,1611,1272,207,346
IMU1,22342,231824661,-762,-579,1643,1338,243,242
IMU1,22343,231835110,-866,-559,1706,1382,251,62
IMU1,22344,231845888,-960,-632,1766,1408,-23,21
IMU1,22345,231856031,-792,-480,1781,1389,-122,-7
IMU1,22346,231866267,-801,-433,1816,1334,-16,-42
IMU1,22347,231876503,-809,-464,1829,1278,164,-59
IMU1,22348,231886848,-810,-444,1865,1226,312,-65
IMU1,22349,231897199,-800,-382,1916,1183,378,-66
IMU1,22350,231907568,-757,-350,1965,1151,388,-73
IMU1,22351,231917938,-714,-360,1996,1125,403,-92
IMU1,22352,231928303,-714,-374,1971,1089,449,-115
IMU1,22353,231938870,-777,-545,1915,1023,487,-126
IMU1,22354,231949428,-803,-327,2081,936,478,-133
IMU1,22355,231959781,-908,2,1956,864,366,-135
IMU1,22356,231970689,-1090,-110,2013,560,-180,14
IMU1,22357,231981040,-1068,-86,2105,415,-504,131
IMU1,22358,231991395,-1138,-7,2116,312,-664,272
IMU1,22359,232001571,-1224,3,2046,243,-711,453
IMU1,22360,232011617,-1299,11,1998,179,-713,674
IMU1,22361,232021860,-1372,-41,1967,115,-649,921
IMU1,22362,232032193,-1400,110,1940,50,-525,1173
IMU1,22363,232042638,-1519,31,2025,-13,-394,1438
IMU1,22364,232052984,-1555,118,2087,-59,-244,1706
IMU1,22365,232063520,-1673,216,2189,-92,-153,1963
IMU1,22366,232074071,-1750,305,2279,-109,-167,2217
IMU1,22367,232084826,-1849,464,2173,-110,-305,2465
IMU1,22368,232096084,-2005,514,2059,-165,-583,2953
IMU1,22369,232106817,-2068,541,1947,-229,-572,3182
IMU1,22370,232117579,-2090,683,1935,-325,-441,3383
IMU1,22371,232128331,-2046,743,2023,-390,-243,3532
IMU1,22372,232139076,-1968,883,2277,-390,-126,3634
IMU1,22373,232149842,-1951,925,2252,-316,-1,3723
IMU1,22374,232160208,-1884,1055,2284,-223,86,3783
IMU1,22375,232170864,-1831,1163,2252,-146,120,3812
IMU1,22376,232181731,-1633,1515,2400,-78,140,3705
IMU1,22377,232192404,-1613,1689,2563,-34,199,3583
IMU1,22378,232203034,-1666,1865,2799,74,243,3441
IMU1,22379,232213598,-1787,2098,2996,269,284,3341
IMU1,22380,232226930,-1859,2428,3121,539,357,3294
IMU1,22381,232237706,-1906,2817,3297,819,428,3286
IMU1,22382,232248479,-2175,3415,2943,1057,670,3356
IMU1,22383,232259446,-2019,3705,2947,1166,831,3598
IMU1,22384,232270417,-1768,3902,3038,1126,613,3585
IMU1,22385,232281393,-1485,3987,3077,1114,249,3397
IMU1,22386,232292384,-1414,4165,2983,1139,-216,3024
IMU1,22387,232303458,-1580,4461,2466,1154,-769,2472
IMU1,22388,232314551,-1772,4955,1865,1039,-1450,1753
IMU1,22389,232325839,-2213,6474,959,755,-3030,-418
IMU1,22390,232336607,-2032,7047,810,-297,-3356,-2079
IMU1,22391,232347662,-1766,6525,945,-996,-2741,-4296
IMU1,22392,232358718,-611,4804,1594,-1500,-1183,-7126
IMU1,22393,232369991,480,2699,2568,-1392,888,-10699
IMU1,22394,232381048,1079,2184,4070,-487,2212,-14832
IMU1,22395,232392328,1507,753,1602,713,2843,-19147
IMU1,22396,232403835,-1563,1700,1776,1451,5834,-25735
IMU1,22397,232415310,-3857,4311,3373,1646,7323,-27478
IMU1,22398,232426806,-6021,8249,5820,2194,7965,-28130
IMU1,22399,232438314,-7213,9225,5214,2731,7019,-27506
IMU1,22400,232449827,-7179,7725,5249,2283,3997,-25418
IMU1,22401,232461300,-4645,6847,3757,-1,-2622,-19575
IMU1,22402,232472352,-2820,6952,2473,-599,-3956,-16730
IMU1,22403,232483815,-1011,6943,1119,-634,-3363,-14300
IMU1,22404,232495277,-84,6474,-339,-575,-1940,-12486
IMU1,22405,232506210,738,6327,-1542,-609,-522,-11013
IMU1,22406,232517271,330,6552,-2042,-849,1281,-9613
IMU1,22407,232528729,-176,4492,612,-1117,5637,-5743
IMU1,22408,232539685,222,3099,2448,-895,5542,-3614
IMU1,22409,232550549,752,1808,3913,-580,3613,-1808
IMU1,22410,232561403,1341,1255,3843,-240,1064,-549
IMU1,22411,232572249,1450,1167,2758,-157,-931,69
IMU1,22412,232582702,1446,1222,1607,-537,-1804,232
IMU1,22413,232593542,1528,1175,1095,-1280,-1476,172
IMU1,22414,232604593,1338,795,961,-2104,-445,66
IMU1,22415,232615369,1390,668,1056,-3244,879,221
IMU1,22416,232625919,1507,527,1237,-3439,891,522
IMU1,22417,232636501,1607,268,1474,-3386,575,887
IMU1,22418,232647061,1705,-25,1648,-3104,-9,1231
IMU1,22419,232657414,1842,-298,1715,-2664,-638,1444
IMU1,22420,232668348,1840,-502,1754,-2172,-1077,1455
IMU1,22421,232679483,1766,-703,1704,-1683,-1314,1278
IMU1,22422,232690616,1809,-896,1196,-1259,-1391,956
IMU1,22423,232701570,1745,-939,1040,-817,-1057,118
IMU1,22424,232712315,1553,-931,773,-734,-797,-215
# swing_peak_seq=22398
IMU1,22425,232722773,1496,-1038,864,-670,-674,-393
IMU1,22426,232733414,1547,-955,827,-545,-691,-444
IMU1,22427,232743866,1549,-847,788,-413,-767,-434
IMU1,22428,232754308,1587,-891,889,-298,-824,-403
IMU1,22429,232764752,1590,-918,1030,-174,-834,-385
IMU1,22430,232775407,1585,-880,1140,-50,-792,-397
IMU1,22431,232785862,1649,-864,1219,55,-659,-429
IMU1,22432,232796204,1673,-857,1305,149,-497,-468
IMU1,22433,232807780,1713,-888,1391,363,-520,-414
IMU1,22434,232818317,1610,-894,1398,453,-691,-255
IMU1,22435,232828855,1585,-895,1332,547,-887,-74
IMU1,22436,232839200,1560,-932,1346,581,-1062,154
IMU1,22437,232849849,1596,-992,1417,582,-1200,387
IMU1,22438,232860509,1664,-1028,1411,563,-1297,551
IMU1,22439,232871347,1712,-1057,1456,510,-1329,639
IMU1,22440,232882203,1695,-1067,1533,441,-1333,682
IMU1,22441,232893045,1577,-1020,1644,392,-1383,800
IMU1,22442,232903893,1520,-1005,1598,378,-1726,934
IMU1,22443,232914751,1417,-952,1523,375,-1942,1097
IMU1,22444,232925612,1273,-889,1354,331,-2115,1312
IMU1,22445,232936466,1368,-992,1392,236,-2231,1528
IMU1,22446,232947328,1411,-978,1562,136,-2299,1605
IMU1,22447,232958178,1310,-920,1548,62,-2391,1604
IMU1,22448,232968851,1243,-857,1635,22,-2553,1566
IMU1,22449,232979496,1273,-743,1676,48,-2688,1538
IMU1,22450,232990148,1182,-721,1661,281,-2984,1511
IMU1,22451,233000999,1061,-656,1615,483,-3311,1509
IMU1,22452,233011830,928,-614,1388,698,-3620,1526
IMU1,22453,233022487,800,-632,1083,873,-3813,1571
IMU1,22454,233033148,632,-578,803,985,-3860,1635
IMU1,22455,233043601,561,-587,501,1028,-3740,1724
IMU1,22456,233054251,561,-612,468,1022,-3493,1846
IMU1,22457,233064914,640,-669,547,1028,-3221,1959
IMU1,22458,233075551,622,-832,560,1083,-3040,2019
IMU1,22459,233086203,592,-927,740,1324,-3261,2043
IMU1,22460,233096858,544,-1009,746,1565,-3583,2024
IMU1,22461,233107714,439,-1074,607,1839,-3875,1994
IMU1,22462,233118579,260,-1166,515,2096,-4085,1993
IMU1,22463,233129439,32,-1262,411,2335,-4222,2037
IMU1,22464,233140102,-108,-1342,279,2524,-4295,2126
IMU1,22465,233151055,-235,-1396,226,2640,-4271,2234
IMU1,22466,233162015,-341,-1457,316,2692,-4156,2363
IMU1,22467,233172978,-329,-1487,430,2717,-4127,2625
IMU1,22468,233183925,-357,-1508,516,2715,-4284,2707
IMU1,22469,233194903,-304,-1571,554,2718,-4542,2752
IMU1,22470,233205879,-298,-1622,749,2737,-4914,2765
IMU1,22471,233216834,-310,-1665,816,2806,-5356,2735
IMU1,22472,233230334,-731,-1610,1255,3069,-6093,2630
IMU1,22473,233241498,-791,-1561,1131,3246,-6379,2652
IMU1,22474,233252678,-878,-1496,1049,3345,-6537,2696
IMU1,22475,233263839,-1019,-1392,897,3308,-6525,2802
IMU1,22476,233275008,-880,-1321,732,3107,-6358,2950
IMU1,22477,233285988,-644,-1307,670,2755,-6135,3101
IMU1,22478,233296954,-123,-1413,933,2326,-5929,3272
IMU1,22479,233307917,139,-1523,1041,1514,-5595,3227
IMU1,22480,233318996,319,-1661,1149,1185,-5469,3062
IMU1,22481,233330053,417,-1797,1294,931,-5300,2791
IMU1,22482,233340905,398,-1869,1429,785,-5081,2452
IMU1,22483,233351774,376,-1946,1460,741,-4838,2079
IMU1,22484,233362628,266,-1992,1553,777,-4513,1678
IMU1,22485,233373490,183,-2149,1596,896,-4078,1260
IMU1,22486,233384349,92,-2260,1427,1310,-3099,393
IMU1,22487,233395007,265,-2276,1379,1499,-2511,-45
IMU1,22488,233405767,330,-2173,1483,1636,-1893,-494
IMU1,22489,233416710,332,-2051,1550,1749,-1384,-914
IMU1,22490,233427670,335,-1855,1525,1824,-1024,-1255
IMU1,22491,233438827,235,-1623,1589,1848,-759,-1496
IMU1,22492,233449786,111,-1486,1588,1835,-535,-1610
IMU1,22493,233460737,117,-1283,1501,1661,10,-1510
IMU1,22494,233471394,305,-1183,1784,1558,360,-1446
IMU1,22495,233482273,403,-1130,2062,1580,592,-1451
IMU1,22496,233493112,493,-1135,2236,1762,638,-1499
IMU1,22497,233503967,570,-1184,2199,2025,629,-1549
IMU1,22498,233514839,704,-1224,2128,2256,752,-1569
IMU1,22499,233525700,811,-1182,2012,2350,1028,-1556
IMU1,22500,233536759,828,-1173,2455,2287,1299,-1519
IMU1,22501,233547809,622,-984,2671,2126,1568,-1265
IMU1,22502,233558679,485,-872,2796,2127,1664,-1053
IMU1,22503,233569534,396,-817,2742,2178,1789,-795
IMU1,22504,233580197,427,-832,2662,2212,1920,-525
IMU1,22505,233590849,601,-916,2612,2174,1998,-305
IMU1,22506,233601520,769,-1044,2665,2065,1954,-193
IMU1,22507,233612352,835,-1118,2698,1921,1792,-201
IMU1,22508,233623200,791,-1108,2769,1762,1574,-295
IMU1,22509,233634054,350,-939,2790,1490,1185,-477
IMU1,22510,233644715,74,-824,2663,1382,1103,-444
IMU1,22511,233655166,-133,-728,2559,1274,1174,-315
IMU1,22512,233665930,-235,-718,2548,1192,1367,-130
IMU1,22513,233676680,-209,-731,2609,1171,1615,63
IMU1,22514,233687133,-158,-779,2705,1220,1844,216
IMU1,22515,233697780,-93,-803,2768,1306,1952,317
IMU1,22516,233708220,-11,-797,2901,1372,1876,354
IMU1,22517,233718674,-102,-765,2951,1414,1687,353
IMU1,22518,233729324,-311,-583,2971,1409,1462,368
IMU1,22519,233740485,-768,-485,3088,1292,1283,579
IMU1,22520,233751125,-1025,-388,3246,1233,1350,795
IMU1,22521,233761983,-1184,-196,3508,1226,1432,1066
IMU1,22522,233773035,-1375,-91,3686,1268,1499,1383
IMU1,22523,233783889,-1675,60,3763,1326,1540,1750
IMU1,22524,233794652,-1914,278,3871,1355,1618,2180
IMU1,22525,233805611,-2251,470,3977,1341,1780,2644
IMU1,22526,233816561,-2882,1003,4307,1192,2143,3587
IMU1,22527,233827729,-3014,1184,4408,1116,2192,3956
IMU1,22528,233838918,-3100,1545,4616,1087,2020,4160
IMU1,22529,233850097,-2996,1813,4729,1158,1676,4150
IMU1,22530,233861276,-2953,2071,4549,1307,1318,3911
IMU1,22531,233872448,-2976,2460,4020,1433,960,3479
IMU1,22532,233883417,-3117,3226,3021,1449,475,2901
IMU1,22533,233894384,-3244,3503,2974,1370,-396,1530
IMU1,22534,233905458,-3406,3832,2982,1480,-538,825
IMU1,22535,233916329,-3514,4049,2964,1664,-599,114
IMU1,22536,233927199,-3393,4312,3038,1860,-406,-649
IMU1,22537,233938167,-2951,4330,3306,2036,97,-1547
IMU1,22538,233949032,-2194,4255,3683,2251,841,-2674
IMU1,22539,233960100,-1503,4534,3141,2536,1574,-4099
IMU1,22540,233971385,-724,5061,2245,2675,2042,-7767
IMU1,22541,233982447,-311,5330,1274,2190,2026,-9970
IMU1,22542,233993534,664,5096,1555,1431,2536,-12408
IMU1,22543,234004725,1776,4159,2622,962,3730,-15111
IMU1,22544,234015897,2415,3314,3510,1169,5320,-17934
IMU1,22545,234027278,1941,3039,5178,1919,7372,-20641
IMU1,22546,234038660,-1047,7229,7429,4252,11833,-24976
IMU1,22547,234050345,-4002,8181,7457,5540,10946,-26277
IMU1,22548,234062021,-5626,7392,6476,5487,6041,-26646
IMU1,22549,234073502,-4176,3957,5555,3870,-298,-26019
IMU1,22550,234084887,-3988,2113,4374,2111,-3876,-24190
IMU1,22551,234096468,-3102,7142,-1398,10,-3874,-17671
IMU1,22552,234107740,-2806,8179,-2670,-1118,-347,-14046
IMU1,22553,234119299,-2697,7717,-2224,-1744,4326,-9992
IMU1,22554,234130778,-1561,6155,259,-1826,7430,-5594
IMU1,22555,234141966,583,4019,3156,-1595,7080,-1874
IMU1,22556,234153053,1509,1064,4425,-1161,-223,1668
IMU1,22557,234164113,858,979,2534,-591,-2729,2025
IMU1,22558,234174782,616,1037,1143,-1247,-3094,1864
IMU1,22559,234185862,1081,861,872,-2412,-1798,1447
IMU1,22560,234196727,1369,402,1447,-3545,180,889
IMU1,22561,234207278,1462,177,1823,-4177,1293,398
IMU1,22562,234218044,1577,325,2013,-4266,1268,161
IMU1,22563,234231363,1512,417,1873,-3509,250,577
IMU1,22564,234241942,1557,225,1768,-2904,-335,1043
IMU1,22565,234252781,1658,-117,1723,-2281,-758,1386
IMU1,22566,234263734,1581,-550,1706,-1733,-1014,1474
IMU1,22567,234274895,1475,-915,1516,-1280,-1166,1323
IMU1,22568,234286044,1404,-1189,1279,-985,-1107,1021
IMU1,22569,234297211,1357,-1454,1055,-849,-837,263
IMU1,22570,234307946,1334,-1438,957,-793,-417,-37
IMU1,22571,234318396,1322,-1320,878,-767,-496,-211
IMU1,22572,234329039,1373,-1157,799,-727,-642,-257
IMU1,22573,234339688,1420,-1023,783,-659,-738,-226
# swing_peak_seq=22547
IMU1,22574,234350332,1433,-888,833,-568,-792,-158
IMU1,22575,234360790,1451,-849,910,-458,-802,-98
IMU1,22576,234371040,1443,-792,599,-359,-733,-80
IMU1,22577,234381293,1303,-859,904,-377,-508,-99
IMU1,22578,234391535,1200,-1086,987,-487,-175,-77
IMU1,22579,234401983,1505,-1180,1086,-553,-50,-2
IMU1,22580,234412229,1587,-1256,1295,-549,-202,64
IMU1,22581,234423298,1534,-1223,1304,-350,-1003,212
IMU1,22582,234434244,1684,-1341,1425,-244,-1184,303
IMU1,22583,234445189,1682,-1315,1332,-110,-1344,294
IMU1,22584,234456124,1612,-1371,1409,-8,-1452,231
IMU1,22585,234466662,1612,-1345,1372,86,-1527,166
IMU1,22586,234477300,1587,-1327,1372,170,-1621,102
IMU1,22587,234488146,1585,-1361,1357,261,-1712,62
IMU1,22588,234498807,1457,-1242,1295,347,-1794,54
IMU1,22589,234509959,1346,-1143,1294,465,-2026,136
IMU1,22590,234520805,1240,-1005,1154,463,-2191,231
IMU1,22591,234531663,1128,-906,1080,422,-2303,354
IMU1,22592,234542328,742,-699,860,341,-2381,531
IMU1,22593,234552596,1091,-710,1091,204,-2419,888
IMU1,22594,234563257,1283,-775,1200,160,-2401,1112
IMU1,22595,234574097,1148,-860,1452,148,-2630,1197
IMU1,22596,234584953,1241,-886,1866,252,-3018,1216
IMU1,22597,234596342,844,-805,1831,811,-3921,1114
IMU1,22598,234607009,637,-702,1560,1108,-4269,1098
IMU1,22599,234617890,498,-612,1330,1303,-4412,1116
IMU1,22600,234628764,464,-528,1056,1419,-4380,1157
IMU1,22601,234639625,442,-448,831,1464,-4249,1230
IMU1,22602,234650277,388,-393,672,1467,-4097,1340
IMU1,22603,234660924,304,-343,618,1466,-3998,1503
IMU1,22604,234671587,269,-301,764,1491,-3980,1714
IMU1,22605,234682780,261,-324,800,1676,-4111,2065
IMU1,22606,234693435,100,-388,895,1828,-4306,2169
IMU1,22607,234704104,25,-454,884,2018,-4505,2262
IMU1,22608,234714547,-25,-563,788,2216,-4596,2318
IMU1,22609,234725120,-84,-693,625,2383,-4553,2350
IMU1,22610,234735687,-114,-837,599,2513,-4412,2390
IMU1,22611,234746465,-148,-948,620,2643,-4229,2449
IMU1,22612,234757227,-210,-1055,581,2777,-4075,2531
IMU1,22613,234768185,-531,-1315,670,2883,-3997,2641
IMU1,22614,234779134,-728,-1418,878,3063,-4127,2952
IMU1,22615,234790110,-753,-1498,847,3157,-4216,3131
IMU1,22616,234801096,-792,-1550,878,3213,-4223,3274
IMU1,22617,234812064,-746,-1591,938,3231,-4155,3375
IMU1,22618,234823038,-654,-1547,951,3222,-4017,3420
IMU1,22619,234834007,-700,-1522,999,3190,-3806,3426
IMU1,22620,234844981,-1224,-1490,1217,3188,-3515,3483
IMU1,22621,234856356,-1440,-1372,1414,3384,-2969,3982
IMU1,22622,234867716,-1568,-1338,1748,3579,-2830,4371
IMU1,22623,234879089,-1697,-1299,2029,3847,-2820,4747
IMU1,22624,234890457,-1730,-1238,1842,4154,-3029,5066
IMU1,22625,234901830,-1573,-1210,1702,4378,-3139,5288
IMU1,22626,234913209,-1143,-1301,1148,4235,-2279,5270
IMU1,22627,234924573,-981,-1227,1434,3876,-1455,5084
IMU1,22628,234935747,-928,-1193,1818,3519,-616,4827
IMU1,22629,234946733,-1032,-973,2227,3246,-45,4558
IMU1,22630,234957487,-1068,-827,2632,3090,-5,4288
IMU1,22631,234968047,-1070,-607,2748,3033,-482,3995
IMU1,22632,234979013,-1063,-469,2799,2974,-1299,3652
IMU1,22633,234990184,-1488,-425,2365,2604,-2665,2981
IMU1,22634,235001345,-1521,-275,2211,2138,-2582,2755
IMU1,22635,235012524,-1471,-180,2652,1597,-1879,2569
IMU1,22636,235023679,-1518,-115,3181,1221,-889,2430
IMU1,22637,235034661,-1580,-56,3445,1099,-137,2351
IMU1,22638,235045430,-1494,-46,3579,1129,174,2315
IMU1,22639,235056105,-1471,8,3579,1199,235,2274
IMU1,22640,235066488,-1496,-4,3205,1216,160,2148
IMU1,22641,235076945,-1460,39,2999,960,-43,2081
IMU1,22642,235087206,-1378,60,2874,722,-32,2008
IMU1,22643,235097472,-1300,102,2839,519,9,1918
IMU1,22644,235107660,-1282,134,2804,408,38,1821
IMU1,22645,235118030,-1287,172,2665,412,62,1735
IMU1,22646,235128389,-1278,180,2470,470,130,1670
IMU1,22647,235138959,-1259,228,2258,533,292,1632
IMU1,22648,235149527,-1254,275,2106,575,545,1615
IMU1,22649,235160099,-1237,315,2058,616,824,1616
IMU1,22650,235170673,-1223,374,2061,697,1104,1632
IMU1,22651,235181449,-1229,421,2097,826,1390,1670
IMU1,22652,235192739,-1283,467,2017,1111,1843,1827
IMU1,22653,235203710,-1287,502,1901,1178,2003,1928
IMU1,22654,235214670,-1290,534,1818,1148,2126,2027
IMU1,22655,235225633,-1289,551,1812,1043,2161,2117
IMU1,22656,235239148,-1271,587,1813,913,2069,2179
IMU1,22657,235250452,-1210,615,1820,667,1673,2162
IMU1,22658,235261231,-1172,594,1828,568,1481,2086
IMU1,22659,235272015,-1132,593,1802,488,1280,1965
IMU1,22660,235282771,-1118,641,1829,413,1098,1834
IMU1,22661,235293540,-1164,698,1830,338,952,1710
IMU1,22662,235304118,-1251,780,1780,250,807,1622
IMU1,22663,235314682,-1333,906,1764,131,674,1580
IMU1,22664,235325261,-1407,1026,1801,-9,578,1576
IMU1,22665,235335733,-1514,1274,1880,-143,490,1655
IMU1,22666,235346599,-1530,1410,1928,-337,209,1694
IMU1,22667,235357455,-1584,1580,1960,-398,29,1707
IMU1,22668,235368125,-1700,1807,1981,-441,-172,1688
IMU1,22669,235379065,-1915,2118,1977,-484,-384,1665
IMU1,22670,235390035,-2152,2461,1967,-527,-567,1664
IMU1,22671,235401013,-2357,2806,1998,-566,-693,1688
IMU1,22672,235411977,-2464,3103,2087,-579,-806,1714
IMU1,22673,235422957,-2504,3681,2274,-466,-1125,1620
IMU1,22674,235434128,-2467,3931,2288,-367,-1245,1475
IMU1,22675,235445307,-2365,4118,2336,-265,-1282,1253
IMU1,22676,235456477,-2304,4374,2388,-187,-1326,945
IMU1,22677,235467455,-2274,4479,2363,-126,-1477,556
IMU1,22678,235478447,-2227,4704,2237,-106,-1842,109
IMU1,22679,235489427,-2044,5092,2082,-158,-2355,-413
IMU1,22680,235500500,-2151,5285,2071,-435,-3135,-1688
IMU1,22681,235511777,-2384,5514,2140,-602,-3366,-2431
IMU1,22682,235523076,-2708,5800,2257,-763,-3430,-3222
IMU1,22683,235534323,-2781,5930,2396,-932,-3210,-4093
IMU1,22684,235545585,-2586,5814,2610,-1071,-2519,-5151
IMU1,22685,235557051,-1674,4754,2909,-1168,-1175,-8203
IMU1,22686,235568518,-383,4282,3178,-1043,2500,-10330
IMU1,22687,235579887,561,3589,3564,-679,3955,-12982
IMU1,22688,235590961,830,2833,3290,-90,4517,-15896
IMU1,22689,235601840,333,2684,2216,380,4868,-18615
IMU1,22690,235612817,-842,3117,1586,516,5868,-20884
IMU1,22691,235623883,-2512,6274,2863,590,7530,-22565
IMU1,22692,235635173,-7247,8493,4053,1881,12028,-23885
IMU1,22693,235646868,-8590,9145,4204,2954,12663,-23070
IMU1,22694,235658568,-8307,8549,4280,3207,11043,-21440
IMU1,22695,235670242,-7199,7401,5069,2586,7364,-19593
IMU1,22696,235681748,-4605,6303,4244,1850,3356,-17785
IMU1,22697,235693236,-2516,7063,3585,1857,2430,-13832
IMU1,22698,235704725,-210,7263,2442,2446,4762,-12125
IMU1,22699,235716007,921,7143,1497,2710,6177,-10861
IMU1,22700,235727200,351,5993,1322,2391,6624,-9510
IMU1,22701,235738200,-482,4226,1765,1766,6278,-7383
IMU1,22702,235749276,-434,2671,3168,1139,4518,-1738
IMU1,22703,235760363,-352,2222,3062,-33,-53,326
IMU1,22704,235770531,-10,1682,2785,-667,-1080,1451
IMU1,22705,235781289,411,1101,2701,-1275,-1330,1714
IMU1,22706,235792353,1121,808,2470,-1840,-1056,1304
IMU1,22707,235803411,1481,635,2554,-2396,-315,446
IMU1,22708,235814105,1197,424,2509,-2815,540,-464
IMU1,22709,235824790,1130,454,2319,-3061,888,-1027
IMU1,22710,235835675,794,597,1948,-3216,889,-1188
IMU1,22711,235846361,749,246,2291,-3386,328,-408
IMU1,22712,235856833,1064,67,2105,-3288,-287,308
IMU1,22713,235867294,1150,-217,2228,-3107,-773,893
IMU1,22714,235878079,1167,-490,2099,-2842,-1174,1228
IMU1,22715,235889261,1127,-840,2083,-2540,-1466,1282
IMU1,22716,235900420,1118,-1152,2059,-2207,-1547,1125
IMU1,22717,235911807,1111,-1337,1935,-1859,-1471,794
IMU1,22718,235922990,1034,-1498,1768,-1282,-1174,-47
# swing_peak_seq=22692
IMU1,22719,235934055,1036,-1508,1607,-1062,-1125,-343
IMU1,22720,235945290,1031,-1446,1427,-878,-1224,-503
IMU1,22721,235956320,1023,-1332,1260,-758,-1406,-523
IMU1,22722,235967357,1110,-1259,1170,-699,-1525,-473
IMU1,22723,235978420,1138,-1258,1191,-681,-1520,-409
IMU1,22724,235989458,1040,-1243,1421,-653,-1469,-361
IMU1,22725,236000492,1088,-1329,1549,-505,-1353,-296
IMU1,22726,236011519,1213,-1450,1639,-379,-1307,-290
IMU1,22727,236022561,1203,-1571,1674,-220,-1318,-295
IMU1,22728,236033590,1190,-1633,1600,-55,-1416,-261
IMU1,22729,236044412,1175,-1636,1506,75,-1532,-187
IMU1,22730,236055150,1079,-1646,1420,151,-1632,-92
IMU1,22731,236065885,1050,-1637,1307,177,-1749,25
IMU1,22732,236076515,1081,-1650,1128,150,-1830,251
IMU1,22733,236087363,1059,-1659,1065,-5,-1868,345
IMU1,22734,236097898,1032,-1640,1059,-116,-1917,399
IMU1,22735,236108837,943,-1602,1074,-212,-1959,424
IMU1,22736,236119564,867,-1523,1105,-286,-2049,469
IMU1,22737,236130314,759,-1294,1233,-322,-2176,532
IMU1,22738,236141070,933,-1538,1274,-318,-2376,566
IMU1,22739,236151836,833,-1318,1638,-238,-2555,549
IMU1,22740,236162600,596,-1113,1837,-50,-2722,522
IMU1,22741,236173660,444,-980,1828,414,-3328,501
IMU1,22742,236184105,314,-841,1751,634,-3612,528
IMU1,22743,236194566,318,-749,1757,829,-3877,598
IMU1,22744,236205022,292,-704,1800,1006,-4122,654
IMU1,22745,236215670,205,-611,1735,1182,-4408,693
IMU1,22746,236226339,40,-478,1617,1348,-4682,759
IMU1,22747,236239251,-130,-352,1368,1497,-4895,907
IMU1,22748,236250522,-306,-152,1182,1754,-5131,1416
IMU1,22749,236261478,-354,-125,1079,1832,-5160,1716
IMU1,22750,236272425,-416,-153,990,1901,-5156,2020
IMU1,22751,236283180,-445,-205,904,1962,-5192,2325
IMU1,22752,236293938,-513,-274,830,2014,-5259,2622
IMU1,22753,236304688,-615,-375,750,2061,-5344,2914
IMU1,22754,236315446,-735,-449,670,2103,-5440,3212
IMU1,22755,236326198,-932,-644,553,2145,-5491,3521
IMU1,22756,236336968,-986,-759,559,2246,-5401,4156
IMU1,22757,236347736,-987,-876,588,2310,-5339,4417
IMU1,22758,236358505,-1041,-989,593,2378,-5266,4631
IMU1,22759,236369470,-1078,-1049,635,2436,-5190,4810
IMU1,22760,236380633,-1120,-1114,741,2482,-5133,4944
IMU1,22761,236391798,-1213,-1167,771,2519,-5063,5039
IMU1,22762,236402980,-1472,-1325,700,2508,-4937,5110
IMU1,22763,236414157,-1538,-1378,591,2267,-4554,5186
IMU1,22764,236425332,-1542,-1374,507,2012,-4142,5174
IMU1,22765,236436487,-1385,-1370,730,1702,-3646,5088
IMU1,22766,236447638,-1190,-1465,1205,1486,-3221,4910
IMU1,22767,236458996,-1038,-1488,1621,1476,-3102,4630
IMU1,22768,236470364,-830,-1467,1555,1650,-3301,4241
IMU1,22769,236481525,-901,-1402,1342,1913,-3370,3222
IMU1,22770,236492676,-965,-1315,1295,1810,-3068,2686
IMU1,22771,236503836,-1135,-1162,1547,1618,-2635,2196
IMU1,22772,236515197,-1434,-1066,1895,1455,-2132,1816
IMU1,22773,236526571,-1556,-1062,2390,1372,-1716,1585
IMU1,22774,236537942,-1538,-1197,2848,1391,-1577,1335
IMU1,22775,236549315,-1486,-1233,2765,1428,-2049,1231
IMU1,22776,236560665,-1476,-1277,2689,1256,-2301,1134
IMU1,22777,236572019,-1409,-1351,2587,933,-2356,1052
IMU1,22778,236583176,-1374,-1392,2664,497,-2235,974
IMU1,22779,236594139,-1288,-1526,2998,92,-2108,885
IMU1,22780,236604889,-1158,-1694,3517,-97,-2147,765
IMU1,22781,236615742,-1014,-1650,3366,233,-2374,403
IMU1,22782,236626689,-1091,-1489,3116,467,-2235,226
IMU1,22783,236637652,-1050,-1420,2825,584,-2022,98
IMU1,22784,236648408,-1024,-1645,3180,572,-1767,28
IMU1,22785,236659149,-1066,-1380,3248,626,-1741,25
IMU1,22786,236669909,-1199,-1358,3020,674,-1952,54
IMU1,22787,236680678,-1151,-1316,2817,614,-2022,160
IMU1,22788,236691627,-1168,-1312,2735,461,-1874,274
IMU1,22789,236702584,-1201,-1269,2726,195,-1502,523
IMU1,22790,236713546,-1225,-1213,2672,165,-1372,641
IMU1,22791,236724503,-1182,-1151,2600,179,-1241,737
IMU1,22792,236735460,-1124,-1089,2488,203,-1099,805
IMU1,22793,236746422,-1050,-1015,2459,211,-1016,828
IMU1,22794,236757381,-991,-960,2423,218,-1024,809
IMU1,22795,236767933,-965,-897,2359,217,-1062,758
IMU1,22796,236778508,-1187,-737,2241,210,-926,682
IMU1,22797,236789069,-1324,-653,2206,218,-787,725
IMU1,22798,236799634,-1452,-538,2259,238,-586,828
IMU1,22799,236810213,-1514,-440,2314,299,-360,971
IMU1,22800,236820769,-1540,-361,2357,382,-171,1129
IMU1,22801,236831507,-1552,-281,2379,463,-28,1281
IMU1,22802,236842049,-1582,-217,2431,527,88,1408
IMU1,22803,236852490,-1648,-160,2463,579,175,1514
IMU1,22804,236863119,-1757,-99,2539,621,286,1611
IMU1,22805,236873579,-1940,-64,2711,659,457,1717
IMU1,22806,236884034,-2373,135,3248,743,597,1839
IMU1,22807,236894590,-2680,286,3371,1107,828,2160
IMU1,22808,236905347,-3024,467,3488,1310,1025,2373
IMU1,22809,236916316,-3314,697,3676,1480,1270,2637
IMU1,22810,236927285,-3608,896,3881,1625,1520,2920
IMU1,22811,236938244,-3752,1099,4116,1754,1701,3178
IMU1,22812,236949418,-3805,1314,4304,1894,1795,3334
IMU1,22813,236960599,-3815,1455,4322,2049,1732,3316
IMU1,22814,236971759,-3790,1829,4366,2401,1369,2614
IMU1,22815,236982927,-3882,1998,4318,2655,1249,1951
IMU1,22816,236994096,-3936,2097,4292,2959,1269,1136
IMU1,22817,237005270,-3951,2206,4343,3291,1556,207
IMU1,22818,237016237,-3891,2193,4314,3630,2087,-820
IMU1,22819,237027309,-3670,2257,4311,3923,2720,-1956
IMU1,22820,237038583,-2672,2286,4403,4231,3777,-4765
IMU1,22821,237049865,-1911,2253,4469,4259,4305,-6499
IMU1,22822,237061146,-1299,2180,4310,4190,4871,-8404
IMU1,22823,237072406,-932,2109,4191,3978,5500,-10363
IMU1,22824,237083679,-825,2260,4319,3649,6365,-12248
IMU1,22825,237094959,-871,2550,4719,3299,7270,-14009
IMU1,22826,237106251,-1744,2990,5669,2926,8428,-17178
IMU1,22827,237117735,-2552,3602,6271,3063,8809,-18533
IMU1,22828,237129236,-3165,3788,6513,3394,8660,-19674
IMU1,22829,237140728,-3710,3353,6296,3674,7096,-20511
IMU1,22830,237152220,-4066,2807,5654,3679,4412,-20962
IMU1,22831,237163695,-4635,2294,2681,2766,-303,-20135
IMU1,22832,237175065,-4758,2871,1496,1948,-816,-18516
IMU1,22833,237186442,-4015,4208,761,1396,248,-16293
IMU1,22834,237197498,-2756,5232,-328,1124,1841,-13824
IMU1,22835,237208860,-1632,6069,-928,921,3304,-11264
IMU1,22836,237220029,-1013,6301,-1183,576,4110,-8661
IMU1,22837,237231200,-426,4386,210,-613,3843,-3203
IMU1,22838,237244513,-99,2911,1279,-1206,2912,-712
IMU1,22839,237255277,248,1416,2224,-1707,1973,1115
IMU1,22840,237266248,625,453,2716,-2129,1062,2066
IMU1,22841,237277009,948,70,2673,-2543,297,2151
IMU1,22842,237287388,1065,-15,2422,-3013,44,1642
IMU1,22843,237298873,1471,196,2529,-3653,805,209
IMU1,22844,237309443,1735,450,2508,-3476,866,-219
IMU1,22845,237320110,1758,656,2461,-2997,601,-295
IMU1,22846,237330775,1702,722,2208,-2371,42,-35
IMU1,22847,237341041,1687,682,1751,-1780,-624,395
IMU1,22848,237351700,1570,437,1342,-1374,-1011,789
IMU1,22849,237362567,1412,21,1023,-1172,-1123,1040
IMU1,22850,237373425,1392,-363,902,-1117,-1082,1135
IMU1,22851,237384395,1353,-850,1014,-1142,-774,953
IMU1,22852,237395159,1468,-910,990,-1201,-642,744
IMU1,22853,237405730,1577,-928,1192,-1142,-531,449
IMU1,22854,237416500,1503,-937,1100,-986,-548,166
IMU1,22855,237427059,1603,-750,1003,-787,-637,8
# swing_peak_seq=22829
IMU1,22856,237437229,1544,-670,978,-591,-632,-59
IMU1,22857,237447504,1621,-578,943,-403,-707,-57
IMU1,22858,237457754,1591,-542,983,-249,-728,-41
IMU1,22859,237468011,1561,-522,997,-130,-728,-16
IMU1,22860,237478258,1572,-503,1081,-54,-755,12
IMU1,22861,237488426,1599,-544,1191,5,-808,33
IMU1,22862,237498293,1600,-588,1279,86,-914,58
IMU1,22863,237508356,1604,-633,1312,186,-1038,105
IMU1,22864,237519013,1647,-766,1342,298,-1301,227
IMU1,22865,237529678,1635,-849,1354,507,-1451,302
IMU1,22866,237540334,1631,-923,1330,586,-1587,366
IMU1,22867,237551006,1616,-995,1323,634,-1690,397
IMU1,22868,237561683,1610,-1023,1269,641,-1771,410
IMU1,22869,237572541,1561,-1018,1227,621,-1839,433
IMU1,22870,237583392,1512,-969,1159,590,-1922,491
IMU1,22871,237594046,1437,-924,1109,551,-2019,592
IMU1,22872,237604707,1352,-888,1116,513,-2121,729
IMU1,22873,237615882,1229,-813,1093,425,-2262,1028
IMU1,22874,237626734,1218,-797,1122,378,-2279,1137
IMU1,22875,237637596,1199,-766,1149,368,-2350,1208
IMU1,22876,237648465,1096,-702,1095,381,-2486,1288
IMU1,22877,237659313,974,-610,964,401,-2652,1405
IMU1,22878,237669766,990,-585,1109,414,-2768,1567
IMU1,22879,237680431,963,-558,1213,479,-2930,1698
IMU1,22880,237691088,801,-494,1240,599,-3237,1779
IMU1,22881,237701732,450,-454,1334,758,-3788,1995
IMU1,22882,237712395,342,-409,1298,1163,-3977,2088
IMU1,22883,237723239,229,-369,1127,1361,-4118,2172
IMU1,22884,237734087,265,-359,987,1519,-4170,2265
IMU1,22885,237744740,364,-373,1002,1638,-4142,2333
IMU1,22886,237755592,296,-415,1011,1756,-4129,2344
IMU1,22887,237766460,103,-476,976,1895,-4226,2359
IMU1,22888,237777115,-82,-577,972,2054,-4365,2438
IMU1,22889,237787669,-272,-734,1030,2219,-4416,2574
IMU1,22890,237798625,-564,-1261,1096,2563,-4257,2957
IMU1,22891,237809775,-660,-1378,975,2762,-4192,3141
IMU1,22892,237820735,-694,-1409,976,2905,-4125,3309
IMU1,22893,237831698,-631,-1417,876,2994,-4079,3431
IMU1,22894,237842664,-548,-1417,705,3011,-4068,3487
IMU1,22895,237853627,-479,-1410,622,2953,-4032,3495
IMU1,22896,237864595,-541,-1454,669,2865,-3973,3495
IMU1,22897,237875563,-1012,-1511,571,2656,-3686,3671
IMU1,22898,237886721,-1196,-1447,511,2427,-3351,3877
IMU1,22899,237897884,-1188,-1443,687,2112,-2913,4090
IMU1,22900,237909033,-1139,-1510,936,1787,-2546,4254
IMU1,22901,237920206,-1043,-1579,1211,1535,-2347,4330
IMU1,22902,237931564,-901,-1677,1497,1411,-2267,4305
IMU1,22903,237942725,-795,-1878,1796,1648,-2305,4000
IMU1,22904,237953882,-812,-1872,1521,1861,-2261,3769
IMU1,22905,237965043,-984,-1775,1201,1941,-2011,3504
IMU1,22906,237976197,-1210,-1616,1037,1845,-1525,3258
IMU1,22907,237987556,-1427,-1497,1068,1642,-948,3080
IMU1,22908,237998715,-1493,-1440,1376,1453,-528,2959
IMU1,22909,238009877,-1323,-1399,1918,1467,-551,2623
IMU1,22910,238021034,-704,-928,954,1554,-762,2310
IMU1,22911,238031617,-2221,-1791,2199,1289,-588,1739
IMU1,22912,238042782,-1522,-1492,2533,1460,-678,1716
IMU1,22913,238053950,-1486,-1087,1790,1922,-1185,1569
IMU1,22914,238065322,-1652,-1163,1398,2067,-869,1366
IMU1,22915,238076475,-1765,-1157,1681,1952,-182,1248
IMU1,22916,238087638,-1627,-1205,2144,1793,365,1214
IMU1,22917,238098687,-1641,-1204,2382,1899,367,1163
IMU1,22918,238109741,-1695,-1238,2322,1993,125,1071
IMU1,22919,238120802,-1617,-1166,2177,1945,-251,926
IMU1,22920,238131749,-1564,-1080,2057,1743,-607,712
IMU1,22921,238142707,-1538,-1032,2031,1474,-911,486
IMU1,22922,238153670,-1294,-1032,2223,1251,-1140,122
IMU1,22923,238164821,-1140,-1026,2329,1160,-1094,-41
IMU1,22924,238175861,-1105,-1063,2456,1253,-926,-193
IMU1,22925,238186928,-1110,-1079,2596,1405,-797,-313
IMU1,22926,238197986,-1202,-1017,2570,1555,-719,-364
IMU1,22927,238209040,-1340,-953,2499,1621,-651,-321
IMU1,22928,238219877,-1560,-851,2422,1573,-590,-165
IMU1,22929,238230740,-1877,-690,2364,1413,-503,531
IMU1,22930,238241506,-1890,-663,2372,951,-495,980
IMU1,22931,238254625,-1865,-656,2420,742,-468,1396
IMU1,22932,238265383,-1858,-657,2484,590,-445,1748
IMU1,22933,238276143,-1838,-658,2523,495,-429,2016
IMU1,22934,238286901,-1873,-661,2572,428,-335,2195
IMU1,22935,238297653,-2337,-568,2713,365,-178,2320
IMU1,22936,238308411,-2627,-419,2743,230,-71,2644
IMU1,22937,238318967,-2865,-259,2780,123,-94,2897
IMU1,22938,238329530,-3022,-130,2849,6,-132,3171
IMU1,22939,238339916,-3106,24,2930,-109,-205,3461
IMU1,22940,238350482,-3241,109,2917,-214,-283,3733
IMU1,22941,238361238,-3314,227,2713,-344,-238,3981
IMU1,22942,238372019,-3239,514,2813,-537,14,4169
IMU1,22943,238382483,-3108,716,3082,-693,380,4266
IMU1,22944,238393174,-3086,952,3420,-706,619,4283
IMU1,22945,238403862,-3186,1559,3801,-551,466,4242
IMU1,22946,238414735,-3439,1810,3554,-6,363,4275
IMU1,22947,238425201,-3506,2089,3304,150,326,4361
IMU1,22948,238435972,-3576,2322,3133,178,425,4451
IMU1,22949,238446756,-3484,2576,3025,156,549,4509
IMU1,22950,238457532,-3324,2715,2921,166,582,4479
IMU1,22951,238468322,-3108,2787,2857,262,421,4309
IMU1,22952,238479106,-2879,2910,2975,470,75,3959
IMU1,22953,238489703,-2703,3016,2867,813,-312,3403
IMU1,22954,238501086,-2850,3371,2613,1649,-1319,1719
IMU1,22955,238512349,-2927,3754,2101,1927,-1894,602
IMU1,22956,238523425,-2822,4114,1951,2014,-2320,-704
IMU1,22957,238534600,-2620,4027,2058,2024,-2136,-2217
IMU1,22958,238545965,-2089,3454,2355,2102,-1186,-3897
IMU1,22959,238557339,-698,2259,2728,2367,320,-5785
IMU1,22960,238568208,-189,2066,2509,3428,3354,-10257
IMU1,22961,238579465,144,2172,2274,3905,4605,-12656
IMU1,22962,238590648,291,2283,1958,4216,5545,-15030
IMU1,22963,238601849,-67,2296,1812,4348,6016,-17299
IMU1,22964,238612913,-1141,2531,1605,4312,6663,-19275
IMU1,22965,238624378,-2696,5053,3898,4287,8221,-20791
IMU1,22966,238635855,-6805,6670,4768,6020,13518,-22362
IMU1,22967,238647550,-8549,8115,5233,7542,13615,-22344
IMU1,22968,238659247,-7925,7102,4850,8291,9422,-22099
IMU1,22969,238670737,-6044,4904,4548,7695,3351,-21881
IMU1,22970,238682224,-5716,4783,336,6493,-362,-21284
IMU1,22971,238693396,-4564,6830,-1773,4842,2508,-16764
IMU1,22972,238704978,-2137,8395,-2417,4108,5789,-13649
IMU1,22973,238716548,-563,9106,-2058,3087,7941,-10899
IMU1,22974,238727935,-505,7721,-577,1800,9082,-8210
IMU1,22975,238738903,-1797,4950,1790,694,8832,-4983
IMU1,22976,238749983,-849,1134,6618,145,2812,1931
IMU1,22977,238760751,686,743,6580,1021,-960,3434
IMU1,22978,238771321,822,885,4636,1715,-3771,3147
IMU1,22979,238782103,599,1169,2307,1696,-4580,1961
IMU1,22980,238793084,744,1013,1156,757,-3066,690
IMU1,22981,238803669,730,524,1143,-638,-545,-322
IMU1,22982,238814024,773,186,1354,-1971,941,-978
IMU1,22983,238824493,888,125,1638,-3086,1231,-1239
IMU1,22984,238835348,720,152,1938,-3944,994,-1090
IMU1,22985,238846017,905,239,2558,-4471,324,220
IMU1,22986,238856924,1221,150,2710,-4400,-1376,919
IMU1,22987,238867797,1337,-115,2764,-3837,-2026,1371
IMU1,22988,238878966,1393,-343,2706,-3048,-2557,1578
IMU1,22989,238890135,1303,-608,2451,-2171,-2837,1553
IMU1,22990,238901300,1183,-835,2135,-1372,-2858,1351
IMU1,22991,238912461,1012,-976,1822,-755,-2720,1022
IMU1,22992,238923414,821,-1142,1312,-182,-2152,298
IMU1,22993,238934174,780,-1166,1254,-151,-1759,19
# swing_peak_seq=22967
IMU1,22994,238944747,918,-1157,1227,-192,-1513,-158
IMU1,22995,238955614,1008,-1127,1240,-236,-1428,-239
IMU1,22996,238966669,1037,-1067,1350,-260,-1478,-198
IMU1,22997,238977721,1003,-927,1440,-234,-1603,-74
IMU1,22998,238988364,1057,-1078,1378,-191,-1796,82
IMU1,22999,238999126,1102,-1049,1477,-156,-1971,219
IMU1,23000,239010096,1093,-1101,1477,-101,-2040,333
IMU1,23001,239021055,1104,-1157,1505,-83,-2029,359
IMU1,23002,239031828,993,-935,1477,-57,-2044,396
IMU1,23003,239042214,1187,-1406,1299,-59,-2141,433
IMU1,23004,239052982,1206,-1464,1473,-50,-2224,491
IMU1,23005,239063734,1111,-1202,1361,28,-2233,596
IMU1,23006,239074413,1048,-1127,1223,81,-2320,711
IMU1,23007,239085084,1039,-1137,1267,101,-2534,821
IMU1,23008,239095957,1021,-989,1246,139,-2714,909
IMU1,23009,239106647,899,-943,1297,231,-2864,994
IMU1,23010,239117111,754,-619,1422,273,-2935,1011
IMU1,23011,239127799,800,-929,1225,297,-3029,1000
IMU1,23012,239138478,817,-960,1386,293,-3128,991
IMU1,23013,239148958,604,-526,1430,330,-3138,1018
IMU1,23014,239159644,465,-445,1197,349,-3190,1109
IMU1,23015,239170344,462,-359,1311,330,-3375,1253
IMU1,23016,239181024,408,-264,1287,355,-3589,1405
IMU1,23017,239191691,174,-137,1116,405,-3798,1571
IMU1,23018,239202903,95,-10,1123,556,-4127,1976
IMU1,23019,239213185,88,49,1083,676,-4141,2113
IMU1,23020,239223350,49,60,1081,814,-4106,2189
IMU1,23021,239233522,140,37,1020,965,-4072,2219
IMU1,23022,239243888,224,13,909,1119,-4027,2212
IMU1,23023,239256818,205,-68,867,1270,-3989,2201
IMU1,23024,239267294,115,-211,879,1443,-4004,2228
IMU1,23025,239277956,8,-387,854,1655,-4090,2306
IMU1,23026,239288237,-311,-818,786,1895,-4213,2418
IMU1,23027,239299018,-447,-1042,843,2389,-4402,2716
IMU1,23028,239309988,-530,-1270,870,2634,-4488,2852
IMU1,23029,239320962,-629,-1430,853,2853,-4542,2946
IMU1,23030,239331940,-527,-1503,699,2998,-4576,3001
IMU1,23031,239342926,-377,-1520,464,3021,-4584,2994
IMU1,23032,239353916,-369,-1497,328,2907,-4504,2942
IMU1,23033,239364898,-544,-1585,546,2705,-4303,2910
IMU1,23034,239375876,-853,-1657,793,2371,-3935,3058
IMU1,23035,239386858,-861,-1709,1051,2322,-3849,3204
IMU1,23036,239398015,-830,-1754,1342,2355,-3891,3321
IMU1,23037,239409195,-856,-1803,1582,2474,-4019,3383
IMU1,23038,239420376,-845,-1881,1709,2635,-4127,3415
IMU1,23039,239431547,-706,-1900,1499,2760,-4181,3402
IMU1,23040,239442729,-679,-1897,1351,2593,-3893,3228
IMU1,23041,239453879,-564,-1910,1348,2363,-3603,3121
IMU1,23042,239465049,-398,-1878,1594,2109,-3348,2954
IMU1,23043,239476214,-322,-1845,2105,1961,-3187,2705
IMU1,23044,239487376,-317,-1864,2575,2002,-3169,2387
IMU1,23045,239498552,-474,-1607,2828,2198,-3292,2023
IMU1,23046,239509707,-272,-2167,2640,2371,-3219,1352
IMU1,23047,239520874,-408,-1845,2711,2403,-2896,1121
IMU1,23048,239532022,-512,-1789,2654,2319,-2587,960
IMU1,23049,239542983,-585,-1641,2686,2196,-2300,897
IMU1,23050,239553945,-537,-1536,2715,2061,-2070,904
IMU1,23051,239564917,-449,-1459,2894,1932,-1939,919
IMU1,23052,239575864,-420,-1172,3209,1856,-1958,895
IMU1,23053,239586823,-106,-1872,3258,1757,-1992,729
IMU1,23054,239597787,-296,-1532,3470,1806,-1972,690
IMU1,23055,239608759,-315,-1428,3386,1916,-2023,670
IMU1,23056,239619737,-482,-1313,3150,1964,-1928,704
IMU1,23057,239630686,-676,-1240,3008,1900,-1725,832
IMU1,23058,239641647,-667,-1264,2880,1736,-1517,1036
IMU1,23059,239652789,-517,-1263,2803,1511,-1359,1233
IMU1,23060,239663960,-28,-1296,2824,1070,-1189,1360
IMU1,23061,239674918,147,-1262,2786,945,-1209,1251
IMU1,23062,239685789,121,-1210,2748,883,-1274,1075
IMU1,23063,239696645,-27,-1175,2817,876,-1269,906
IMU1,23064,239707201,-198,-1215,2814,927,-1235,793
IMU1,23065,239717961,-232,-1069,2647,979,-1215,743
IMU1,23066,239728725,-276,-952,2256,938,-1109,748
IMU1,23067,239739288,-320,-929,2105,704,-857,821
IMU1,23068,239749639,-269,-866,2745,452,-547,962
IMU1,23069,239760512,-284,-800,2831,399,-548,1116
IMU1,23070,239771072,-433,-682,2728,452,-517,1182
IMU1,23071,239781635,-568,-576,2751,490,-409,1268
IMU1,23072,239792196,-711,-504,2902,529,-210,1387
IMU1,23073,239802760,-923,-391,3121,590,80,1551
IMU1,23074,239813047,-1140,-462,3580,680,301,1720
IMU1,23075,239823723,-1186,-420,4209,778,227,1696
IMU1,23076,239834390,-1609,-159,4486,865,385,1514
IMU1,23077,239845061,-2248,139,4466,915,908,1496
IMU1,23078,239855646,-3102,722,4670,915,1472,1822
IMU1,23079,239866448,-3185,851,4776,946,2233,3235
IMU1,23080,239877243,-2830,897,4772,991,2061,3961
IMU1,23081,239888022,-2557,867,4655,1043,1750,4366
IMU1,23082,239898991,-2282,844,4686,1161,1422,4415
IMU1,23083,239909968,-2001,878,4605,1431,1055,4120
IMU1,23084,239920948,-1919,965,4467,1809,780,3540
IMU1,23085,239931736,-2027,1220,4418,2214,803,2792
IMU1,23086,239942721,-3061,1980,3868,2875,1081,1273
IMU1,23087,239953904,-3428,2554,3953,3106,1064,604
IMU1,23088,239964910,-3884,2901,4134,3351,1184,-80
IMU1,23089,239975785,-4199,3074,4251,3650,1470,-796
IMU1,23090,239986876,-3882,3271,4411,3930,2052,-1643
IMU1,23091,239998160,-3414,3213,4603,4172,2972,-2805
IMU1,23092,240009446,-1474,2967,4696,4394,4078,-4327
IMU1,23093,240020717,-357,2903,4739,4647,6354,-8629
IMU1,23094,240031808,578,2820,4331,4636,7024,-11340
IMU1,23095,240042995,711,2893,4067,4440,7491,-14185
IMU1,23096,240054170,66,3228,4205,4127,8109,-16825
IMU1,23097,240065126,-1059,3620,4906,3985,9124,-18981
IMU1,23098,240076603,-2655,6887,7298,4315,10411,-20518
IMU1,23099,240088274,-3787,7348,7325,5828,10056,-22205
IMU1,23100,240099969,-4374,6839,6631,6075,7917,-22605
IMU1,23101,240111468,-4650,5295,4973,5738,4371,-22622
IMU1,23102,240122958,-4158,4385,2607,4700,926,-22072
IMU1,23103,240134248,-4368,5475,-211,3270,-453,-20753
IMU1,23104,240145504,-3638,6622,-1267,1640,4008,-15157
IMU1,23105,240157074,-1406,7533,-1541,1232,7002,-11687
IMU1,23106,240168652,-678,6544,-196,493,8256,-8731
IMU1,23107,240179412,-119,4068,1655,-207,7450,-5893
IMU1,23108,240190363,-670,2492,3285,-463,4769,-2863
IMU1,23109,240201325,1,1849,3883,-435,1636,-66
IMU1,23110,240212933,493,854,3116,-498,-2050,2319
IMU1,23111,240223602,1010,613,2711,-804,-2734,2027
IMU1,23112,240234470,1495,500,2490,-1294,-2265,1151
IMU1,23113,240245526,1496,292,2284,-1900,-895,64
IMU1,23114,240258544,1132,200,2185,-2448,349,-878
IMU1,23115,240269203,1238,468,1746,-2827,806,-1442
IMU1,23116,240280055,1012,439,1651,-3247,853,-1367
IMU1,23117,240290901,905,219,1726,-3261,363,-807
IMU1,23118,240301354,1030,86,1812,-3101,-408,-99
IMU1,23119,240311723,1250,-50,1774,-2801,-1100,532
IMU1,23120,240322494,1311,-247,1720,-2437,-1511,943
IMU1,23121,240333451,1210,-514,1607,-2047,-1722,1135
IMU1,23122,240344589,1203,-744,1423,-1677,-1816,1134
IMU1,23123,240355744,1320,-1003,1058,-1374,-1755,955
IMU1,23124,240366899,1109,-862,441,-1115,-1220,302
IMU1,23125,240377659,871,-1021,961,-1257,-876,93
# swing_peak_seq=23099
IMU1,23126,240388014,1626,-1218,1486,-1190,-648,-20
IMU1,23127,240398848,1553,-863,1110,-921,-732,-272
IMU1,23128,240409510,1401,-776,1169,-700,-999,-453
IMU1,23129,240420178,1366,-721,1187,-466,-1167,-513
IMU1,23130,240431026,1338,-691,1184,-224,-1181,-497
IMU1,23131,240441891,1339,-699,1315,14,-1163,-438
IMU1,23132,240452957,1319,-752,1285,474,-1194,-294
IMU1,23133,240463717,1326,-800,1245,626,-1245,-195
IMU1,23134,240474473,1306,-856,1200,701,-1337,-76
IMU1,23135,240485032,1264,-914,1183,724,-1475,48
IMU1,23136,240495506,1243,-921,1084,699,-1654,201
IMU1,23137,240506171,1224,-923,1115,618,-1794,362
IMU1,23138,240516852,1205,-1011,1175,515,-1890,517
IMU1,23139,240527725,1220,-1059,1325,435,-2005,654
IMU1,23140,240538575,1243,-1051,1483,395,-2154,875
IMU1,23141,240549434,1184,-1007,1454,407,-2604,970
IMU1,23142,240560292,1085,-933,1513,423,-2822,1069
IMU1,23143,240571156,1076,-960,1723,464,-2980,1181
IMU1,23144,240582029,1153,-975,1862,582,-3151,1269
IMU1,23145,240592914,1114,-934,1890,762,-3379,1258
IMU1,23146,240603797,1024,-937,1885,956,-3622,1234
IMU1,23147,240614682,966,-946,1746,1144,-3855,1230
IMU1,23148,240625551,792,-941,1642,1418,-4322,1228
IMU1,23149,240636436,571,-986,1666,1549,-4591,1235
IMU1,23150,240647327,379,-959,1443,1706,-4896,1245
IMU1,23151,240658181,284,-868,1344,1840,-5146,1276
IMU1,23152,240669034,313,-811,1137,1951,-5256,1302
IMU1,23153,240679894,468,-716,863,2018,-5179,1291
IMU1,23154,240690557,508,-616,770,2026,-4975,1233
IMU1,23155,240701236,509,-574,705,2013,-4720,1167
IMU1,23156,240711910,254,-743,733,2015,-4318,1198
IMU1,23157,240722589,-26,-875,725,2148,-4231,1335
IMU1,23158,240733140,-242,-1038,685,2275,-4227,1540
IMU1,23159,240744099,-296,-1182,770,2406,-4288,1776
IMU1,23160,240755052,-414,-1317,713,2559,-4394,1956
IMU1,23161,240766034,-273,-1452,500,2681,-4508,2065
IMU1,23162,240776994,32,-1532,417,2732,-4474,2051
IMU1,23163,240787661,172,-1483,161,2704,-4241,1898
IMU1,23164,240798519,301,-1346,-14,2566,-3401,1419
IMU1,23165,240809279,206,-1386,97,2169,-2996,1227
IMU1,23166,240819936,-8,-1400,255,2034,-2701,1136
IMU1,23167,240830492,-137,-1416,444,1973,-2435,1141
IMU1,23168,240841452,-219,-1427,573,1967,-2190,1210
IMU1,23169,240852419,-246,-1441,692,1996,-1972,1298
IMU1,23170,240863354,-237,-1525,851,2056,-1771,1384
IMU1,23171,240874313,-140,-1635,988,2154,-1603,1436
IMU1,23172,240885262,56,-1877,1117,2385,-1399,1341
IMU1,23173,240896133,23,-1817,1194,2507,-1233,1236
IMU1,23174,240906985,31,-1798,1136,2617,-991,1131
IMU1,23175,240917640,-87,-1728,1160,2686,-654,1047
IMU1,23176,240928385,-316,-1528,1349,2718,-178,1042
IMU1,23177,240939330,-619,-1298,1327,2741,281,1192
IMU1,23178,240950193,-1099,-1675,1284,2733,488,1538
IMU1,23179,240961248,-1023,-1638,1873,2703,730,1963
IMU1,23180,240972302,-607,-1496,2336,2771,1127,2541
IMU1,23181,240983380,-560,-1630,2680,2938,1161,2714
IMU1,23182,240994442,-614,-1725,2953,3179,930,2792
IMU1,23183,241005329,-785,-1820,3066,3431,435,2804
IMU1,23184,241016206,-926,-1909,2925,3588,-203,2769
IMU1,23185,241027172,-1047,-1791,2511,3542,-781,2680
IMU1,23186,241038345,-1182,-1491,2403,3239,-1191,2531
IMU1,23187,241049722,-1167,-1527,2398,2360,-1520,2110
IMU1,23188,241061082,-1126,-1446,2391,2014,-1588,1854
IMU1,23189,241072447,-1184,-1387,2375,1810,-1627,1600
IMU1,23190,241083801,-1355,-1333,2355,1764,-1553,1420
IMU1,23191,241095177,-1537,-1228,2338,1848,-1331,1358
IMU1,23192,241106550,-1512,-1238,2436,2193,-756,1482
IMU1,23193,241117736,-1351,-1229,2387,2303,-445,1538
IMU1,23194,241128923,-1296,-1218,2369,2257,-104,1537
IMU1,23195,241140090,-1272,-1166,2418,2063,219,1508
IMU1,23196,241151167,-1205,-1119,2569,1777,407,1455
IMU1,23197,241162249,-1107,-1110,2716,1488,418,1389
IMU1,23198,241173315,-904,-1122,2987,1258,296,1254
IMU1,23199,241184178,-919,-1122,2991,1105,-8,1200
IMU1,23200,241194730,-945,-1119,2886,1144,-66,1171
IMU1,23201,241205484,-931,-1091,2767,1167,-47,1169
IMU1,23202,241216229,-949,-1055,2692,1141,31,1178
IMU1,23203,241226872,-1015,-983,2643,1040,165,1196
IMU1,23204,241237719,-1062,-937,2623,882,317,1226
IMU1,23205,241248382,-1097,-872,2739,721,426,1264
IMU1,23206,241261593,-1219,-708,2935,538,372,1326
IMU1,23207,241272250,-1493,-633,2981,505,260,1418
IMU1,23208,241282913,-1905,-491,2983,490,173,1615
IMU1,23209,241293547,-2385,-364,2968,456,181,1965
IMU1,23210,241304194,-2832,-270,2911,381,299,2466
IMU1,23211,241314855,-3126,-183,2942,254,519,3063
IMU1,23212,241325520,-3289,-183,2887,72,783,3655
IMU1,23213,241335975,-3362,-21,3023,-164,1051,4142
IMU1,23214,241346739,-3651,351,3623,-466,1596,4707
IMU1,23215,241357608,-3897,600,3815,-435,1722,4901
IMU1,23216,241368468,-4236,781,3556,-284,1667,5075
IMU1,23217,241379335,-3554,1017,3735,-145,1817,5208
IMU1,23218,241390395,-4285,1536,3167,-124,2441,5196
IMU1,23219,241401475,-4483,1449,2997,-186,2404,5172
IMU1,23220,241412537,-3985,1917,3377,-183,2349,5037
IMU1,23221,241423617,-3760,2289,2868,-15,2487,4182
IMU1,23222,241434479,-3576,2466,2681,574,2249,3538
IMU1,23223,241445450,-3349,2723,2482,986,1931,2744
IMU1,23224,241456411,-3370,3150,2440,1456,1643,1779
IMU1,23225,241467579,-3482,3292,2256,1978,1466,689
IMU1,23226,241478540,-3494,3301,2197,2518,1533,-492
IMU1,23227,241489614,-3084,3312,2353,3084,1979,-1817
IMU1,23228,241500888,-1748,2714,2404,4381,3956,-5233
IMU1,23229,241512155,-769,2834,2466,4984,5015,-7343
IMU1,23230,241523242,-1,2827,2841,5516,5713,-9789
IMU1,23231,241533917,137,2615,3218,5991,5955,-12406
IMU1,23232,241545111,-414,2647,3499,6364,6303,-14850
IMU1,23233,241556407,-1597,2912,3558,6646,7291,-16808
IMU1,23234,241567892,-4722,4451,4643,6918,10150,-18763
IMU1,23235,241579604,-5626,5934,5820,7854,10450,-18917
IMU1,23236,241591299,-5306,5408,5720,8279,8724,-18910
IMU1,23237,241602805,-3563,3753,5481,8083,4652,-19032
IMU1,23238,241614286,-2268,2716,4554,7339,951,-19261
IMU1,23239,241625572,-2441,3260,1087,6423,-1210,-18338
IMU1,23240,241637140,-2707,3646,61,4781,-549,-16695
IMU1,23241,241648114,-2922,4576,-372,4395,755,-14281
IMU1,23242,241659290,-2589,5014,-721,4421,2482,-11026
IMU1,23243,241670668,-1497,4860,-174,4494,3699,-7444
IMU1,23244,241681809,-107,3811,1298,4294,3317,-4342
IMU1,23245,241692862,963,1874,2472,3868,-412,-887
IMU1,23246,241703504,735,1714,1802,2137,-1567,-277
IMU1,23247,241714365,411,1548,1163,657,-1542,10
IMU1,23248,241724727,411,1338,716,-1055,-718,208
IMU1,23249,241735183,720,975,799,-2700,453,391
IMU1,23250,241745358,1054,815,1080,-3949,1366,589
IMU1,23251,241756123,1495,829,1407,-4667,1709,818
IMU1,23252,241766889,1879,926,1871,-4856,1619,1043
IMU1,23253,241777835,2157,1031,2282,-4557,1253,1254
IMU1,23254,241789014,2312,881,2579,-3869,130,1548
IMU1,23255,241799779,2274,614,2611,-1960,-412,1580
IMU1,23256,241810641,2124,276,2539,-1004,-884,1499
IMU1,23257,241821498,1989,-80,2228,-204,-1271,1346
IMU1,23258,241832254,1902,-359,1917,333,-1532,1133
IMU1,23259,241843118,1821,-517,1720,594,-1713,857
IMU1,23260,241853791,1777,-558,1610,630,-1872,556
IMU1,23261,241864458,1728,-530,1566,517,-1976,281
# swing_peak_seq=23235
IMU1,23262,241875117,1601,-259,1616,327,-2048,86
IMU1,23263,241886078,1586,-115,1487,-28,-2424,45
IMU1,23264,241896433,1458,48,1371,-197,-2631,212
IMU1,23265,241906880,1518,3,1308,-336,-2730,512
IMU1,23266,241917146,1577,-31,1311,-435,-2748,856
IMU1,23267,241927711,1674,-113,1502,-466,-2730,1169
IMU1,23268,241938654,1810,-165,1596,-404,-2734,1405
IMU1,23269,241949597,1853,-155,1577,-298,-2815,1549
IMU1,23270,241960562,1821,-128,1568,-183,-2901,1621
IMU1,23271,241971503,1679,-196,1224,-60,-2962,1734
IMU1,23272,241982249,1627,-302,1033,156,-3030,1820
IMU1,23273,241993115,1666,-496,885,264,-3051,1904
IMU1,23274,242003774,1806,-703,818,392,-3079,1942
IMU1,23275,242014433,1818,-784,469,521,-3075,1888
IMU1,23276,242025102,1491,-692,-362,485,-2946,1805
IMU1,23277,242035850,1536,-865,980,209,-2587,1837
IMU1,23278,242046503,1795,-1040,1220,262,-2236,1812
IMU1,23279,242057571,1119,-844,1673,500,-2345,1831
IMU1,23280,242068969,1692,-955,1416,1013,-2898,1880
IMU1,23281,242080025,1409,-985,1280,1249,-3224,1713
IMU1,23282,242091048,1276,-891,1037,1351,-3734,1553
IMU1,23283,242102118,1110,-769,722,1310,-3931,1447
IMU1,23284,242112982,932,-790,794,1166,-3765,1435
IMU1,23285,242123659,731,-827,820,1052,-3473,1517
IMU1,23286,242134325,600,-867,831,989,-3299,1666
IMU1,23287,242144790,470,-786,746,962,-3445,2071
IMU1,23288,242155264,481,-669,719,960,-3616,2287
IMU1,23289,242165732,541,-602,807,1006,-3773,2450
IMU1,23290,242176403,567,-619,869,1120,-3856,2507
IMU1,23291,242187048,555,-716,970,1266,-3824,2470
IMU1,23292,242197725,460,-925,1088,1422,-3679,2387
IMU1,23293,242208598,317,-1212,1244,1592,-3532,2307
IMU1,23294,242219672,73,-1458,1351,1764,-3486,2284
IMU1,23295,242230536,-149,-1627,1328,1895,-3585,2354
IMU1,23296,242241697,-320,-1645,1193,1832,-4003,2661
IMU1,23297,242252833,-355,-1612,1123,1655,-4227,2801
IMU1,23298,242266522,-373,-1605,1067,1474,-4364,2898
IMU1,23299,242277674,-387,-1594,1081,1328,-4371,2975
IMU1,23300,242288852,-498,-1528,1016,1269,-4288,3083
IMU1,23301,242300008,-544,-1488,1064,1359,-4002,3133
IMU1,23302,242311171,-558,-1438,1097,1478,-3844,3166
IMU1,23303,242322351,-548,-1409,1154,1621,-3734,3158
IMU1,23304,242333524,-607,-1415,1281,1776,-3673,3100
IMU1,23305,242344691,-704,-1460,1372,1955,-3603,3027
IMU1,23306,242355858,-750,-1462,1131,2130,-3478,2972
IMU1,23307,242367031,-608,-1431,1042,2226,-2831,2953
IMU1,23308,242378217,-579,-1364,1236,2162,-2436,2972
IMU1,23309,242389397,-526,-1276,1509,2113,-2164,3005
IMU1,23310,242400582,-549,-1232,1808,2127,-2134,3030
IMU1,23311,242411758,-654,-1166,2117,2229,-2345,3066
IMU1,23312,242422937,-720,-1100,2164,2404,-2683,3118
IMU1,23313,242434114,-1046,-1041,1982,2667,-2966,3237
IMU1,23314,242445466,-1211,-1049,1727,2616,-2654,3372
IMU1,23315,242456816,-1149,-1032,1768,2415,-2120,3554
IMU1,23316,242468185,-1071,-1055,2166,2158,-1579,3715
IMU1,23317,242479562,-996,-1056,2500,1977,-1328,3810
IMU1,23318,242490751,-848,-950,2792,1875,-1478,3804
IMU1,23319,242501719,-891,-971,2753,1709,-2318,3488
IMU1,23320,242512683,-976,-996,2563,1571,-2767,3238
IMU1,23321,242523628,-1123,-992,2223,1343,-2916,2989
IMU1,23322,242534791,-1181,-974,2238,1012,-2651,2764
IMU1,23323,242545947,-1274,-1004,2565,716,-2192,2549
IMU1,23324,242557108,-1364,-956,2982,589,-1808,2346
IMU1,23325,242568084,-1386,-763,3208,641,-1481,1968
IMU1,23326,242579008,-1389,-661,3054,851,-1422,1819
IMU1,23327,242589964,-1358,-601,2878,802,-1397,1697
IMU1,23328,242600915,-1269,-543,2836,608,-1378,1603
IMU1,23329,242611870,-1174,-521,3063,375,-1420,1513
IMU1,23330,242622831,-1098,-470,3245,246,-1586,1413
IMU1,23331,242633791,-1180,-290,3065,224,-1806,1330
IMU1,23332,242644754,-1384,-31,2751,205,-1862,1385
IMU1,23333,242655510,-1312,89,2743,144,-1502,1491
IMU1,23334,242666179,-1131,176,2807,173,-1327,1590
IMU1,23335,242677038,-1011,300,2822,276,-1235,1648
IMU1,23336,242687908,-957,452,2744,435,-1202,1686
IMU1,23337,242698592,-975,583,2520,590,-1214,1735
IMU1,23338,242709255,-888,668,2300,684,-1279,1791
IMU1,23339,242719916,-737,589,2240,700,-1497,1733
IMU1,23340,242730596,-772,531,2033,664,-1671,1456
IMU1,23341,242741774,-778,982,2231,612,-1912,589
IMU1,23342,242752250,-1020,1257,2268,675,-1844,336
IMU1,23343,242763100,-1028,1566,2456,792,-1830,305
IMU1,23344,242773983,-1000,1799,2617,979,-1702,398
IMU1,23345,242784846,-1002,1934,2876,1238,-1506,548
IMU1,23346,242795914,-900,2090,3213,1552,-1330,704
IMU1,23347,242806788,-889,2177,3527,1908,-1058,819
IMU1,23348,242817655,-1066,2453,3913,2280,-638,920
IMU1,23349,242828520,-874,2653,4329,2935,198,1086
IMU1,23350,242839291,-770,2876,4836,3219,336,990
IMU1,23351,242849870,-779,3190,5250,3407,246,732
IMU1,23352,242860458,-1209,3687,5427,3500,111,352
IMU1,23353,242871244,-1748,4143,5244,3474,-44,-53
IMU1,23354,242881817,-2024,4573,5140,3314,-145,-480
IMU1,23355,242892775,-2055,4717,4996,3105,-121,-1034
IMU1,23356,242903975,-1832,4548,5005,2900,118,-1791
IMU1,23357,242915057,-933,4184,5009,2654,1207,-4077
IMU1,23358,242926134,-203,3534,4939,2605,1898,-5630
IMU1,23359,242937208,470,2910,4884,2573,2603,-7426
IMU1,23360,242948189,1050,2436,4735,2523,3173,-9393
IMU1,23361,242959382,1324,2209,4312,2370,3412,-11384
IMU1,23362,242970766,1212,2057,3450,1987,3376,-13217
IMU1,23363,242982138,-185,2136,1285,246,4053,-15960
IMU1,23364,242993202,-810,2488,1301,-838,5465,-16929
IMU1,23365,243004361,-1682,2899,2187,-1433,7411,-17855
IMU1,23366,243015935,-2821,4005,3863,-1125,9148,-18798
IMU1,23367,243027511,-3931,5349,5298,123,10254,-19586
IMU1,23368,243038990,-4745,6991,5457,1798,10986,-19931
IMU1,23369,243050696,-4730,6408,5623,3741,9997,-19674
IMU1,23370,243062198,-3999,5069,5693,3796,6718,-19428
IMU1,23371,243073712,-3579,4223,4371,3616,3560,-19019
IMU1,23372,243085210,-3028,4473,2625,3427,2237,-18023
IMU1,23373,243096700,-1493,5830,891,3282,2736,-14873
IMU1,23374,243107992,-800,6097,1086,3219,5559,-12726
IMU1,23375,243119278,293,5542,1699,3343,6562,-9977
IMU1,23376,243130276,712,4298,2860,3390,5778,-6853
IMU1,23377,243141274,955,3118,3593,3318,2879,-3879
IMU1,23378,243152276,848,2274,3441,3027,-153,-1471
IMU1,23379,243163150,345,1398,2752,2396,-2011,149
IMU1,23380,243173936,511,498,1262,1362,-2736,1170
IMU1,23381,243184722,810,437,983,-1792,-1776,918
IMU1,23382,243195190,806,400,988,-3452,-453,480
IMU1,23383,243205467,782,467,1128,-4757,491,197
IMU1,23384,243215821,1102,654,1499,-5558,894,240
IMU1,23385,243226385,1329,766,1963,-5793,887,517
IMU1,23386,243236938,1581,877,2329,-5493,373,918
IMU1,23387,243247511,1857,925,2540,-4790,-367,1299
IMU1,23388,243258385,1872,797,2538,-3852,-998,1530
IMU1,23389,243271815,1767,39,2322,-1817,-1857,1396
IMU1,23390,243282671,1546,-376,2060,-935,-2038,1059
IMU1,23391,243293626,1460,-697,1707,-272,-2083,593
IMU1,23392,243304376,1407,-894,1430,127,-1894,48
IMU1,23393,243314817,1311,-944,1279,304,-1580,-472
IMU1,23394,243325583,1336,-902,1155,362,-1385,-845
# swing_peak_seq=23368
IMU1,23395,243336334,1382,-727,1047,375,-1344,-1009
IMU1,23396,243347269,1345,-475,963,356,-1444,-747
IMU1,23397,243357811,1524,-442,1055,318,-1506,-471
IMU1,23398,243368571,1677,-524,1296,283,-1501,-258
IMU1,23399,243379312,1788,-642,1532,292,-1551,-159
IMU1,23400,243390062,1821,-737,1707,345,-1682,-153
IMU1,23401,243400812,1750,-748,1702,406,-1846,-180
IMU1,23402,243411555,1582,-749,1501,420,-2020,-174
IMU1,23403,243422307,1347,-731,1413,345,-2180,-58
IMU1,23404,243432870,1349,-689,2060,235,-2314,214
IMU1,23405,243444053,1863,-732,1922,400,-2948,647
IMU1,23406,243454705,1756,-688,2075,616,-3500,567
IMU1,23407,243465393,1637,-669,1936,882,-3805,419
IMU1,23408,243476054,1513,-657,1786,1162,-3909,261
IMU1,23409,243486914,1363,-636,1639,1413,-3926,108
IMU1,23410,243497768,1265,-637,1466,1618,-3918,-6
IMU1,23411,243508327,1145,-664,1340,1779,-3944,-58
IMU1,23412,243519075,950,-659,1099,1898,-4048,-26
IMU1,23413,243529643,529,-600,450,1932,-4354,337
IMU1,23414,243540097,435,-614,395,1754,-4434,612
IMU1,23415,243550573,461,-628,405,1657,-4392,849
IMU1,23416,243561040,564,-633,574,1589,-4291,993
IMU1,23417,243571512,707,-597,676,1571,-4178,1008
IMU1,23418,243582184,761,-575,763,1601,-4144,925
IMU1,23419,243592660,720,-539,886,1694,-4196,808
IMU1,23420,243603117,635,-502,948,1866,-4258,706
IMU1,23421,243613605,553,-479,976,2086,-4288,636
IMU1,23422,243624073,539,-475,980,2317,-4289,583
IMU1,23423,243634549,583,-474,926,2538,-4262,518
IMU1,23424,243645035,907,-418,719,2704,-4138,236
IMU1,23425,243655515,881,-423,667,2890,-4063,38
IMU1,23426,243665782,736,-511,609,2983,-4028,-85
IMU1,23427,243676149,515,-665,570,3117,-3978,-101
IMU1,23428,243686733,301,-856,555,3281,-3909,7
IMU1,23429,243696801,180,-1029,532,3449,-3831,203
IMU1,23430,243707464,197,-1150,500,3550,-3724,430
IMU1,23431,243718152,338,-1235,420,3523,-3551,606
IMU1,23432,243728819,434,-1281,404,3357,-3312,698
IMU1,23433,243739466,525,-1309,418,3118,-3093,721
IMU1,23434,243750141,425,-1378,401,2882,-2955,727
IMU1,23435,243761328,208,-1529,327,2668,-2691,927
IMU1,23436,243771985,155,-1578,211,2665,-2339,1135
IMU1,23437,243782866,203,-1600,254,2659,-1887,1348
IMU1,23438,243793718,479,-1590,435,2638,-1441,1501
IMU1,23439,243804601,824,-1612,693,2620,-1095,1489
IMU1,23440,243815449,1082,-1680,962,2630,-918,1310
IMU1,23441,243826293,1105,-1756,1158,2694,-882,1020
IMU1,23442,243837355,606,-1822,1152,2794,-859,568
IMU1,23443,243848032,348,-1815,1123,2946,-355,600
IMU1,23444,243858675,214,-1822,1272,2916,42,775
IMU1,23445,243869041,177,-1843,1447,2847,338,1005
IMU1,23446,243879784,310,-1946,1581,2760,417,1197
IMU1,23447,243890553,531,-2014,1684,2676,284,1259
IMU1,23448,243901319,639,-2000,1756,2617,73,1190
IMU1,23449,243911901,675,-2034,1961,2645,-116,1063
IMU1,23450,243922760,595,-2138,2100,2791,-227,924
IMU1,23451,243933427,243,-2258,2049,3019,-188,684
IMU1,23452,243944090,58,-2280,2306,3229,-14,681
IMU1,23453,243954343,-63,-2404,2457,3187,6,764
IMU1,23454,243964427,-172,-2406,2326,3069,-175,880
IMU1,23455,243975181,-229,-2348,2271,2811,-277,1025
IMU1,23456,243986144,-261,-2385,2336,2503,-235,1191
IMU1,23457,243997118,-274,-2488,2464,2292,-145,1340
IMU1,23458,244008088,-302,-2592,2513,2203,-14,1437
IMU1,23459,244018840,-355,-2617,2496,2158,117,1484
IMU1,23460,244029708,-451,-2556,2600,2069,238,1432
IMU1,23461,244040573,-521,-2529,2740,1874,112,1306
IMU1,23462,244051427,-649,-2516,2731,1878,-65,1143
IMU1,23463,244062183,-764,-2467,2618,1901,-168,984
IMU1,23464,244072943,-886,-2392,2505,1846,-81,865
IMU1,23465,244083511,-1003,-2302,2471,1706,141,813
IMU1,23466,244094372,-1104,-2216,2504,1530,366,850
IMU1,23467,244105259,-1189,-2143,2701,1371,545,970
IMU1,23468,244116134,-1573,-2052,2988,1283,605,1394
IMU1,23469,244127210,-1793,-2051,3089,1248,478,1718
IMU1,23470,244138270,-2108,-2076,3221,1215,456,2091
IMU1,23471,244149325,-2486,-2069,3293,1143,550,2531
IMU1,23472,244160395,-2771,-2049,3467,1013,724,3025
IMU1,23473,244171455,-3026,-2004,3689,851,866,3519
IMU1,23474,244182330,-3358,-1996,3889,710,917,3986
IMU1,23475,244193219,-4429,-1848,4262,633,900,4934
IMU1,23476,244204104,-5040,-1634,4253,676,940,5438
IMU1,23477,244214979,-5684,-1317,4052,725,923,5897
IMU1,23478,244225854,-6092,-891,3880,752,841,6367
IMU1,23479,244236523,-6070,-371,3846,800,788,6729
IMU1,23480,244247194,-5926,28,3941,964,735,6867
IMU1,23481,244257569,-5529,410,4282,1375,491,6697
IMU1,23482,244268337,-5173,793,4296,2096,229,6159
IMU1,23483,244281679,-4389,1419,4946,3978,562,4115
IMU1,23484,244292665,-3667,1265,5160,5058,1204,2762
IMU1,23485,244303843,-2884,1540,5233,6069,2125,1233
IMU1,23486,244315026,-2063,1921,4933,6860,2986,-439
IMU1,23487,244326107,-1198,2548,4545,7344,3454,-2258
IMU1,23488,244337407,367,3464,3776,7535,3455,-6403
IMU1,23489,244348386,698,3573,3742,7236,3250,-8551
IMU1,23490,244359380,959,3959,3911,7016,4000,-10493
IMU1,23491,244370575,1320,4410,4482,6957,5533,-12196
IMU1,23492,244381961,1633,4718,5268,7209,7292,-13734
IMU1,23493,244393360,1723,5030,5895,7781,8707,-15240
IMU1,23494,244404771,1039,5433,6362,8434,9355,-18721
IMU1,23495,244416189,-860,5099,5938,8476,6343,-20578
IMU1,23496,244427483,-2383,4262,5211,7275,2654,-22071
IMU1,23497,244438987,-2716,3283,4204,5538,-563,-22899
IMU1,23498,244450374,-2923,2307,2609,3973,-1759,-22696
IMU1,23499,244461954,-3836,4335,-180,3214,-679,-21190
IMU1,23500,244473229,-2687,4769,-529,3223,3356,-15690
IMU1,23501,244484612,-1690,5095,-456,3285,4916,-12418
IMU1,23502,244495982,-773,4732,391,3184,5534,-9007
IMU1,23503,244506884,13,3898,1508,2867,4305,-5875
IMU1,23504,244517662,389,2943,2242,2386,1795,-3322
IMU1,23505,244528645,300,2084,2225,1785,-356,-1447
IMU1,23506,244539504,569,886,1759,1019,-1938,37
IMU1,23507,244549874,674,559,1517,-951,-1660,-161
IMU1,23508,244560439,590,356,1211,-1980,-786,-506
IMU1,23509,244571002,556,325,1169,-2861,109,-685
IMU1,23510,244581469,851,532,1352,-3505,580,-638
IMU1,23511,244591956,1090,709,1717,-3859,689,-439
IMU1,23512,244602642,1345,787,2118,-3875,465,-126
IMU1,23513,244613319,1681,726,2450,-3554,-36,218
IMU1,23514,244623781,1766,652,2639,-2963,-669,496
IMU1,23515,244634444,1819,416,2580,-2226,-1331,653
IMU1,23516,244645302,1628,-89,1925,-1460,-1980,487
IMU1,23517,244656047,1473,-343,1184,-372,-1816,228
IMU1,23518,244666801,743,-863,1926,-203,-1406,-14
IMU1,23519,244677253,1516,-812,1169,63,-1350,3
IMU1,23520,244687328,1675,-492,1076,159,-1446,-68
IMU1,23521,244697887,1474,-604,1212,132,-1345,-155
IMU1,23522,244708643,1597,-566,1040,113,-1399,-128
IMU1,23523,244719405,1666,-463,1102,71,-1444,-56
# swing_peak_seq=23497
IMU1,23524,244729772,1732,-509,1197,35,-1403,2
IMU1,23525,244739847,1826,-682,1354,45,-1428,26
IMU1,23526,244750095,1716,-671,1393,138,-1437,59
IMU1,23527,244760558,1783,-917,1424,252,-1411,184
IMU1,23528,244771224,1822,-1008,1487,403,-1362,203
IMU1,23529,244782074,1824,-1057,1512,449,-1431,180
IMU1,23530,244792948,1727,-1001,1414,478,-1553,169
IMU1,23531,244803815,1577,-861,1232,464,-1642,229
IMU1,23532,244814474,1538,-875,1051,386,-1671,357
IMU1,23533,244825135,1529,-852,969,222,-1595,515
IMU1,23534,244835605,1516,-878,1142,22,-1512,669
IMU1,23535,244846078,1765,-1348,1429,-119,-1612,780
IMU1,23536,244857034,1690,-1081,1504,40,-1953,963
IMU1,23537,244867699,1708,-1104,1536,135,-2125,974
IMU1,23538,244878561,1635,-1105,1537,220,-2288,945
IMU1,23539,244889430,1563,-1087,1542,327,-2500,905
IMU1,23540,244900313,1487,-1029,1465,453,-2733,882
IMU1,23541,244911175,1337,-955,1327,560,-2957,873
IMU1,23542,244921861,1139,-971,1309,618,-3153,899
IMU1,23543,244932540,977,-847,1120,662,-3255,987
IMU1,23544,244943006,906,-803,1054,667,-3268,1117
IMU1,23545,244953667,934,-861,1156,651,-3372,1387
IMU1,23546,244964328,945,-891,1249,705,-3592,1450
IMU1,23547,244974999,858,-890,1250,822,-3886,1489
IMU1,23548,244985669,682,-859,1163,971,-4211,1545
IMU1,23549,244996334,549,-800,1003,1104,-4486,1615
IMU1,23550,245007188,418,-741,851,1182,-4623,1684
IMU1,23551,245017869,323,-669,745,1196,-4620,1755
IMU1,23552,245028545,300,-570,704,1157,-4518,1818
IMU1,23553,245039228,297,-357,669,1116,-4381,1867
IMU1,23554,245049916,315,-309,854,1174,-4269,1996
IMU1,23555,245060602,579,-349,739,1329,-4331,2054
IMU1,23556,245071279,598,-450,969,1517,-4427,1924
IMU1,23557,245081967,558,-668,1256,1772,-4542,1737
IMU1,23558,245092848,489,-897,1282,2122,-4697,1491
IMU1,23559,245103721,315,-1146,1178,2451,-4835,1223
IMU1,23560,245114822,67,-1443,1017,2681,-4899,985
IMU1,23561,245125497,-122,-1729,617,2765,-4842,878
IMU1,23562,245136773,-79,-2128,627,2485,-4500,733
IMU1,23563,245147344,16,-2249,692,2239,-4373,660
IMU1,23564,245157812,147,-2284,695,2001,-4320,549
IMU1,23565,245168479,149,-2298,657,1785,-4265,397
IMU1,23566,245179148,136,-2309,667,1611,-4153,248
IMU1,23567,245189821,52,-2291,668,1515,-4017,130
IMU1,23568,245200289,-112,-2255,526,1476,-3845,76
IMU1,23569,245210842,-217,-2150,320,1422,-3560,109
IMU1,23570,245221604,-329,-2036,-15,1297,-3147,224
IMU1,23571,245232783,-539,-1859,-186,889,-2118,725
IMU1,23572,245243445,-453,-1811,-133,636,-1589,1074
IMU1,23573,245254322,-392,-1878,120,458,-1161,1416
IMU1,23574,245265091,-315,-1966,346,423,-947,1731
IMU1,23575,245275662,-177,-2015,454,508,-944,1976
IMU1,23576,245288785,-48,-2034,561,640,-1081,2110
IMU1,23577,245300389,86,-1985,792,1026,-1752,1984
IMU1,23578,245311065,-40,-1917,678,1273,-2097,1768
IMU1,23579,245321841,-344,-2041,326,1472,-2231,1569
IMU1,23580,245332809,-403,-2005,139,1530,-2097,1443
IMU1,23581,245343760,-446,-1995,299,1481,-1601,1358
IMU1,23582,245354734,-540,-2094,625,1481,-1094,1315
IMU1,23583,245365704,-375,-2093,856,1606,-995,1284
IMU1,23584,245376983,-52,-2082,1413,1996,-1716,904
IMU1,23585,245387743,-297,-2108,1646,2312,-2347,567
IMU1,23586,245398723,-936,-2181,1321,2666,-2819,311
IMU1,23587,245409701,-1423,-2043,521,2812,-2654,268
IMU1,23588,245420665,-1739,-1875,285,2611,-1828,457
IMU1,23589,245431645,-1898,-1771,607,2300,-788,826
IMU1,23590,245442440,-1853,-1738,1108,2109,0,1281
IMU1,23591,245453009,-1244,-1731,1923,2101,283,1908
IMU1,23592,245464073,-1205,-1762,2153,2477,-395,1977
IMU1,23593,245475248,-1258,-1778,2142,2769,-1037,1942
IMU1,23594,245486617,-1411,-1783,1630,2996,-1405,1863
IMU1,23595,245497991,-1543,-1546,1054,2919,-1074,1802
IMU1,23596,245509375,-1554,-1467,1234,2572,-281,1791
IMU1,23597,245520550,-1481,-1270,1938,2147,942,1882
IMU1,23598,245531636,-1431,-1155,2205,2185,1130,1949
IMU1,23599,245542927,-1393,-1138,2346,2319,1036,2016
IMU1,23600,245554219,-1395,-1130,2452,2481,695,2062
IMU1,23601,245565312,-1389,-1092,2495,2660,262,2084
IMU1,23602,245576390,-1498,-1108,2439,2842,-24,2104
IMU1,23603,245587364,-1811,-1031,2237,2975,-98,2159
IMU1,23604,245598346,-1972,-974,2143,2945,409,2460
IMU1,23605,245609235,-2127,-887,2174,2733,874,2703
IMU1,23606,245620110,-2240,-869,2444,2405,1293,2975
IMU1,23607,245631178,-2288,-891,2885,2072,1405,3241
IMU1,23608,245642263,-2290,-917,3319,1847,1148,3443
IMU1,23609,245653339,-2405,-914,3559,1763,672,3565
IMU1,23610,245664226,-2995,-529,3713,1793,103,3648
IMU1,23611,245675107,-3558,-259,3693,1991,-583,4013
IMU1,23612,245686101,-4141,-83,3056,1993,-584,4415
IMU1,23613,245696888,-4757,393,2634,1672,-49,4956
IMU1,23614,245707578,-5288,875,2695,1018,870,5596
IMU1,23615,245718383,-5389,1238,3307,261,1612,6226
IMU1,23616,245729397,-5202,1560,3650,-307,1747,6703
IMU1,23617,245740494,-4565,2052,3771,-583,1251,6913
IMU1,23618,245751601,-3078,2707,4140,-212,-440,6045
IMU1,23619,245762608,-2855,3046,4770,570,-1106,5055
IMU1,23620,245773660,-2675,3420,3897,1734,-1868,3922
IMU1,23621,245784905,-2519,4025,2760,2785,-2803,2669
IMU1,23622,245796155,-2664,4607,1784,3387,-3135,1359
IMU1,23623,245807412,-2936,5118,1173,3514,-2871,100
IMU1,23624,245818485,-2209,5347,2728,3399,-2495,-2494
IMU1,23625,245829837,-1551,4939,3398,3750,-1060,-4063
IMU1,23626,245841203,-558,4523,3252,4174,-427,-5910
IMU1,23627,245852160,749,3891,2402,4320,42,-8107
IMU1,23628,245862710,2028,3404,1424,3938,460,-10662
IMU1,23629,245873864,2639,3164,1151,3032,449,-13556
IMU1,23630,245885045,2582,2781,1908,1891,-67,-16597
IMU1,23631,245896630,23,2361,2476,134,606,-21397
IMU1,23632,245907205,-1694,2851,2698,-260,2972,-22803
IMU1,23633,245918554,-3268,4207,3269,-5,6184,-23624
IMU1,23634,245929533,-4712,6233,4266,1070,9524,-24062
IMU1,23635,245941030,-5773,9550,5426,2807,12122,-24103
IMU1,23636,245952725,-4306,7224,4583,4469,12415,-23695
IMU1,23637,245964412,-3243,3788,3603,4937,6412,-21614
IMU1,23638,245975889,-4303,3592,2692,4491,3788,-19459
IMU1,23639,245987373,-3560,5129,931,4034,2719,-16347
IMU1,23640,245998640,-2588,5676,836,3475,4232,-12763
IMU1,23641,246009924,-1151,5215,1774,3052,5392,-9280
IMU1,23642,246021191,744,2470,4063,2436,2454,-4086
IMU1,23643,246032156,603,1622,3866,2127,77,-2598
IMU1,23644,246042710,231,1275,2894,1523,-1386,-1763
IMU1,23645,246053768,133,1157,1986,444,-1734,-1398
IMU1,23646,246064624,122,1038,1442,-978,-1378,-1302
IMU1,23647,246075573,152,964,1186,-2455,-757,-1226
IMU1,23648,246086339,360,1029,1302,-3741,-138,-1011
IMU1,23649,246097294,1073,1380,2217,-4652,214,-191
IMU1,23650,246108146,1408,1399,2800,-4887,-40,267
IMU1,23651,246118805,1660,1306,3257,-4212,-433,597
IMU1,23652,246129653,1777,1062,3367,-3190,-891,676
IMU1,23653,246140514,1719,686,3134,-2079,-1345,498
IMU1,23654,246151386,1432,317,2577,-1078,-1647,159
IMU1,23655,246162245,1158,69,1786,-349,-1689,-187
IMU1,23656,246172787,934,-84,1077,10,-1476,-455
IMU1,23657,246182942,558,-135,450,-19,-1060,-587
IMU1,23658,246193188,1490,-141,1395,-210,-612,-504
IMU1,23659,246204362,1239,-17,1408,-46,-897,-535
IMU1,23660,246214614,1466,-62,1539,96,-937,-487
IMU1,23661,246224768,1532,-148,1657,274,-893,-460
# swing_peak_seq=23635
IMU1,23662,246235320,1555,-227,1714,472,-944,-482
IMU1,23663,246245887,1540,-290,1696,625,-941,-505
IMU1,23664,246256456,1435,-352,1639,705,-945,-527
IMU1,23665,246267017,1405,-430,1560,698,-907,-500
IMU1,23666,246277583,1440,-532,1550,606,-824,-423
IMU1,23667,246290692,1460,-557,1717,325,-926,-163
IMU1,23668,246301246,1428,-487,1722,154,-1103,-5
IMU1,23669,246311603,1389,-448,1627,-25,-1307,166
IMU1,23670,246322147,1269,-390,1362,-238,-1447,386
IMU1,23671,246332910,1010,-369,756,-561,-1406,691
IMU1,23672,246343478,1135,-615,1706,-1023,-1156,1085
IMU1,23673,246354648,1751,-796,2042,-1191,-1187,1356
IMU1,23674,246365823,1597,-612,2102,-1124,-1761,1355
IMU1,23675,246376998,1212,-640,1745,-925,-2261,1405
IMU1,23676,246387953,1586,-741,2004,-835,-2215,1522
IMU1,23677,246398929,1603,-873,2106,-663,-2428,1450
IMU1,23678,246409895,1487,-912,2025,-419,-2909,1341
IMU1,23679,246420848,1179,-868,1715,-166,-3313,1278
IMU1,23680,246431785,1015,-840,1454,12,-3479,1326
IMU1,23681,246442425,968,-860,1374,115,-3458,1433
IMU1,23682,246453059,858,-935,1322,182,-3457,1561
IMU1,23683,246463704,791,-908,1220,265,-3677,1586
IMU1,23684,246474373,702,-928,1109,274,-3766,1614
IMU1,23685,246485028,681,-986,1132,279,-3910,1660
IMU1,23686,246495672,709,-1023,1165,315,-4077,1678
IMU1,23687,246506536,643,-1044,1072,375,-4232,1664
IMU1,23688,246517378,549,-987,978,435,-4365,1643
IMU1,23689,246527834,508,-896,856,483,-4389,1632
IMU1,23690,246538301,460,-868,836,535,-4306,1637
IMU1,23691,246548750,449,-879,1036,631,-4220,1660
IMU1,23692,246559927,428,-823,1056,985,-4180,1641
IMU1,23693,246570578,380,-802,1032,1176,-4267,1587
IMU1,23694,246581434,339,-803,982,1342,-4373,1513
IMU1,23695,246592082,219,-844,924,1458,-4450,1434
IMU1,23696,246602716,85,-909,843,1525,-4497,1363
IMU1,23697,246613159,8,-979,850,1571,-4525,1317
IMU1,23698,246623413,-47,-1049,782,1622,-4495,1287
IMU1,23699,246634146,-107,-1124,716,1659,-4399,1268
IMU1,23700,246645098,-176,-1410,708,1689,-4289,1272
IMU1,23701,246656047,-256,-1494,640,1779,-4170,1345
IMU1,23702,246666971,-280,-1549,547,1774,-4149,1363
IMU1,23703,246677918,-306,-1604,471,1727,-4177,1363
IMU1,23704,246688867,-365,-1680,383,1645,-4252,1361
IMU1,23705,246699795,-488,-1754,333,1567,-4338,1387
IMU1,23706,246710753,-636,-1777,238,1504,-4354,1467
IMU1,23707,246721722,-707,-1789,157,1447,-4284,1602
IMU1,23708,246733181,-603,-1703,-10,1368,-4008,1884
IMU1,23709,246744015,-494,-1680,-70,1257,-3675,1954
IMU1,23710,246754852,-491,-1778,61,1159,-3326,1969
IMU1,23711,246765603,-485,-1856,295,1157,-3122,1985
IMU1,23712,246776556,-483,-1893,501,1296,-3080,1992
IMU1,23713,246787514,-582,-1868,598,1538,-3129,2000
IMU1,23714,246798471,-687,-1804,628,1822,-3226,2031
IMU1,23715,246809416,-906,-1741,577,2368,-3458,2111
IMU1,23716,246820382,-998,-1707,426,2500,-3353,2149
IMU1,23717,246831341,-1114,-1723,329,2510,-3093,2180
IMU1,23718,246842512,-1163,-1754,167,2415,-2657,2239
IMU1,23719,246853665,-1149,-1799,174,2203,-2017,2305
IMU1,23720,246864818,-1108,-1815,504,1942,-1316,2352
IMU1,23721,246875970,-1072,-1848,1599,1759,-876,2352
IMU1,23722,246887148,-1207,-2180,3196,1975,-1208,2157
IMU1,23723,246898508,-1181,-1957,2864,2671,-2262,1937
IMU1,23724,246909866,-1611,-2006,2734,3287,-3226,1648
IMU1,23725,246921197,-1958,-2003,1885,3623,-3663,1485
IMU1,23726,246932553,-2138,-1809,960,3522,-3561,1476
IMU1,23727,246943706,-1693,-1318,969,2936,-1488,1681
IMU1,23728,246954854,-1430,-1576,1993,1542,-639,1734
IMU1,23729,246966030,-1151,-1660,2929,1492,-497,1688
IMU1,23730,246977180,-958,-1558,3241,1845,-830,1504
IMU1,23731,246988148,-1036,-1422,2968,2303,-1264,1239
IMU1,23732,246999529,-1153,-1261,2631,2612,-1655,1003
IMU1,23733,247010881,-1277,-996,2166,2727,-1934,810
IMU1,23734,247021836,-1421,-917,1881,2551,-1793,879
IMU1,23735,247032816,-1519,-839,1790,2252,-1199,1063
IMU1,23736,247043985,-1474,-891,2068,1901,-448,1329
IMU1,23737,247054934,-1317,-993,2537,1642,133,1584
IMU1,23738,247065797,-1080,-1021,3108,1554,377,1750
IMU1,23739,247076863,-942,-1024,3370,1643,278,1793
IMU1,23740,247087711,-1129,-835,3174,1788,-82,1758
IMU1,23741,247098475,-1458,-690,3043,1824,-726,1762
IMU1,23742,247109424,-1783,-499,3043,1732,-870,1920
IMU1,23743,247120379,-2117,-338,3058,1639,-797,2184
IMU1,23744,247131337,-2466,-188,3109,1532,-508,2547
IMU1,23745,247142313,-2787,-46,3322,1408,-123,2991
IMU1,23746,247153085,-3059,131,3678,1318,232,3474
IMU1,23747,247163859,-3298,329,3897,1284,427,3950
IMU1,23748,247174622,-3471,768,4019,1278,277,4681
IMU1,23749,247185398,-3434,991,3924,1240,-47,4839
IMU1,23750,247196075,-3313,1299,3920,1240,-461,4812
IMU1,23751,247207141,-3226,1701,3932,1301,-828,4620
# swing_peak_seq=23725
IMU1,23752,247218199,-3162,2054,3874,1433,-1063,4283
IMU1,23753,247229479,-3217,2222,3515,1588,-1134,3859
IMU1,23754,247240758,-3039,2484,3675,1725,-1052,3380
IMU1,23755,247252032,-2553,2793,3863,2315,-1023,1963
IMU1,23756,247263308,-2322,2919,3629,2656,-1331,996
IMU1,23757,247274386,-2264,3102,3340,2856,-1615,-145
IMU1,23758,247285559,-2327,3206,3275,2867,-1626,-1374
IMU1,23759,247299472,-1815,2982,3716,2754,-1248,-3939
IMU1,23760,247310842,-1240,2759,3859,2448,106,-5385
IMU1,23761,247321908,-788,2601,3739,2242,663,-6987
IMU1,23762,247332773,-319,2392,3394,1916,942,-8691
IMU1,23763,247343672,55,2322,2832,1374,1109,-10430
IMU1,23764,247354654,203,2413,2348,588,1257,-12130
IMU1,23765,247365643,1,2273,1991,-330,1498,-13690
IMU1,23766,247376308,-555,2069,1583,-1231,2183,-16108
IMU1,23767,247387679,-1173,2056,1589,-2239,6435,-17117
IMU1,23768,247399269,-1959,2708,2659,-1858,9585,-18144
IMU1,23769,247410835,-2797,3842,4180,-592,12102,-19291
IMU1,23770,247422405,-4004,5509,5373,1319,13222,-20452
IMU1,23771,247434080,-5392,5828,5768,3160,13257,-22092
IMU1,23772,247445765,-4417,3540,5041,4237,6335,-22456
IMU1,23773,247457250,-4111,1363,3521,3371,2445,-22152
IMU1,23774,247468725,-5339,2206,1523,2555,1576,-20611
IMU1,23775,247480215,-4875,4194,-140,1886,2391,-17944
IMU1,23776,247491595,-1954,6475,437,1338,4549,-14669
IMU1,23777,247502869,-273,5807,1947,1123,6572,-7479
IMU1,23778,247513941,765,3878,3681,1160,4776,-4122
IMU1,23779,247524927,1168,2264,4545,1272,1975,-1587
IMU1,23780,247536109,851,1482,3873,1219,-620,-241
IMU1,23781,247546773,384,1127,2818,650,-1962,90
IMU1,23782,247557149,120,848,2077,-392,-1905,-74
IMU1,23783,247567509,119,684,1776,-1606,-1192,-316
IMU1,23784,247578264,657,828,1761,-2683,-557,-301
IMU1,23785,247588815,834,1063,1754,-3926,-423,10
IMU1,23786,247599276,992,1135,1894,-4119,-676,458
IMU1,23787,247609964,1182,1096,2097,-4016,-937,907
IMU1,23788,247620828,1306,903,2255,-3628,-1093,1172
IMU1,23789,247631892,1343,535,2375,-3011,-1233,1216
IMU1,23790,247642981,1341,119,2257,-2249,-1358,1087
IMU1,23791,247654047,1266,-256,2013,-1477,-1441,829
IMU1,23792,247665013,1110,-551,1306,-808,-1411,182
IMU1,23793,247675773,1090,-575,1108,-17,-1236,-110
IMU1,23794,247686445,1141,-546,1094,162,-971,-348
IMU1,23795,247696987,1220,-475,1241,304,-749,-516
IMU1,23796,247707553,1341,-407,1360,464,-670,-626
IMU1,23797,247718110,1410,-335,1434,641,-723,-685
IMU1,23798,247728677,1433,-287,1441,805,-839,-680
IMU1,23799,247739219,1418,-263,1446,930,-935,-619
IMU1,23800,247749783,1397,-291,1436,995,-971,-519
IMU1,23801,247760346,1386,-358,1488,993,-976,-399
IMU1,23802,247771940,1444,-490,1761,891,-1103,-190
IMU1,23803,247782698,1447,-520,1858,834,-1222,-109
IMU1,23804,247793450,1463,-525,1953,791,-1381,-34
IMU1,23805,247804019,1474,-522,2038,773,-1558,26
IMU1,23806,247814499,1433,-497,2061,778,-1766,99
IMU1,23807,247824946,1429,-450,2012,787,-1969,184
IMU1,23808,247835599,1445,-439,1994,791,-2129,275
IMU1,23809,247846268,1435,-440,1949,806,-2293,380
IMU1,23810,247856929,1382,-383,1744,823,-2480,496
IMU1,23811,247868105,1278,-348,1486,796,-2847,765
IMU1,23812,247878781,1137,-333,1172,704,-2982,967
IMU1,23813,247889450,983,-411,1093,537,-2996,1212
IMU1,23814,247900123,1057,-533,1554,381,-3001,1472
IMU1,23815,247911004,1302,-585,1636,390,-3116,1616
IMU1,23816,247921869,1165,-582,1571,490,-3351,1603
IMU1,23817,247932737,984,-634,1522,613,-3535,1571
IMU1,23818,247943427,995,-771,1525,756,-3579,1581
IMU1,23819,247954633,885,-808,1459,1120,-3832,1549
IMU1,23820,247965508,785,-815,1278,1287,-4040,1546
IMU1,23821,247976380,616,-881,1149,1401,-4188,1580
IMU1,23822,247987253,458,-946,1037,1480,-4338,1665
IMU1,23823,247998120,367,-972,899,1526,-4494,1773
IMU1,23824,248008795,438,-933,762,1524,-4598,1848
IMU1,23825,248019471,473,-835,645,1474,-4609,1856
IMU1,23826,248030131,419,-565,612,1409,-4597,1830
IMU1,23827,248040805,321,-441,587,1408,-4708,1809
IMU1,23828,248051462,263,-349,565,1490,-4759,1852
IMU1,23829,248062133,271,-344,510,1628,-4716,1912
IMU1,23830,248072810,317,-421,370,1804,-4596,1982
IMU1,23831,248083475,267,-545,243,1984,-4423,2060
IMU1,23832,248094136,176,-685,185,2156,-4235,2154
IMU1,23833,248104806,68,-878,236,2334,-4086,2271
IMU1,23834,248115275,-91,-1054,374,2538,-4013,2403
IMU1,23835,248126027,-266,-1233,576,2768,-4003,2546
IMU1,23836,248136995,-349,-1441,521,3159,-4069,2787
IMU1,23837,248147958,-330,-1453,381,3187,-4090,2807
IMU1,23838,248158928,-291,-1487,132,3067,-4092,2758
IMU1,23839,248169898,-295,-1458,-77,2800,-4014,2690
IMU1,23840,248180751,-401,-1446,-138,2448,-3794,2651
IMU1,23841,248191805,-583,-1516,-10,2106,-3438,2704
IMU1,23842,248202685,-660,-1592,262,1876,-3117,2862
IMU1,23843,248213659,-563,-1643,975,1918,-2989,3130
IMU1,23844,248224637,-571,-1681,1292,2175,-3082,3180
IMU1,23845,248235797,-579,-1749,1361,2537,-3254,3155
IMU1,23846,248246971,-568,-1805,890,2806,-3268,3075
IMU1,23847,248257930,-576,-1947,996,2893,-3092,2961
IMU1,23848,248268892,-518,-1876,994,2884,-2902,2818
IMU1,23849,248279839,-498,-1915,1313,2825,-2698,2642
IMU1,23850,248291004,-499,-1911,1557,2759,-2676,2212
IMU1,23851,248304743,-593,-1918,1808,2784,-2815,1952
IMU1,23852,248315915,-755,-1966,1728,2846,-2847,1684
IMU1,23853,248327090,-921,-1927,1469,2818,-2684,1460
IMU1,23854,248338232,-1040,-1763,1520,2636,-1625,1164
IMU1,23855,248349578,-1093,-1817,1916,2133,-970,1096
IMU1,23856,248360745,-1060,-1906,2329,2032,-571,1056
IMU1,23857,248371910,-1001,-1962,2595,2062,-494,990
IMU1,23858,248382861,-970,-2044,2659,2136,-598,880
IMU1,23859,248393613,-877,-2090,2682,2165,-786,721
IMU1,23860,248404363,-772,-2064,2628,2123,-992,505
IMU1,23861,248415118,-843,-2058,2286,2014,-1134,44
IMU1,23862,248425876,-986,-1950,2225,1595,-859,-114
IMU1,23863,248436727,-1143,-1888,2305,1359,-438,-181
IMU1,23864,248447777,-1197,-1885,2498,1212,-105,-149
IMU1,23865,248458838,-1148,-1864,2694,1184,61,-57
IMU1,23866,248469398,-1077,-1836,2769,1243,106,42
IMU1,23867,248480057,-996,-1849,2692,1307,17,117
IMU1,23868,248490494,-869,-1844,2527,1302,-148,146
IMU1,23869,248501240,-759,-1794,2281,1205,-284,109
IMU1,23870,248511995,-667,-1765,2200,847,-385,-120
IMU1,23871,248522661,-664,-1718,2187,660,-406,-265
IMU1,23872,248533311,-652,-1685,2195,520,-408,-407
IMU1,23873,248543960,-664,-1619,2212,434,-408,-531
IMU1,23874,248554628,-675,-1553,2148,395,-415,-622
IMU1,23875,248565296,-695,-1477,2101,376,-421,-666
IMU1,23876,248575951,-712,-1408,2019,370,-403,-663
IMU1,23877,248586624,-713,-1351,1925,357,-362,-616
IMU1,23878,248597277,-736,-1299,1835,328,-289,-535
IMU1,23879,248608452,-772,-1258,1849,263,-56,-323
IMU1,23880,248618902,-735,-1258,1815,233,46,-207
IMU1,23881,248629264,-700,-1218,1826,192,143,-107
IMU1,23882,248639814,-642,-1221,1822,149,227,-36
IMU1,23883,248650179,-580,-1213,1834,108,268,11
IMU1,23884,248660439,-511,-1200,1822,81,276,33
IMU1,23885,248670502,-466,-1179,1813,54,280,30
IMU1,23886,248680569,-490,-1151,1787,32,283,17
IMU1,23887,248690623,-528,-1126,1723,6,281,15
IMU1,23888,248700484,-587,-1089,1663,-28,291,33
IMU1,23889,248710642,-651,-1060,1648,-70,331,84
IMU1,23890,248720783,-699,-1058,1692,-105,385,164
IMU1,23891,248731327,-680,-1062,1748,-105,442,263
IMU1,23892,248741874,-598,-1048,1826,-59,496,364
IMU1,23893,248752757,-553,-1040,1801,127,547,500
IMU1,23894,248763224,-507,-1020,1760,213,558,525
IMU1,23895,248773688,-478,-1016,1700,263,574,515
IMU1,23896,248784160,-473,-1014,1637,274,594,488
IMU1,23897,248794623,-456,-996,1623,242,620,452
IMU1,23898,248804892,-453,-986,1655,193,640,406
IMU1,23899,248815144,-466,-979,1694,150,629,354
IMU1,23900,248825422,-489,-974,1712,125,574,306
IMU1,23901,248835701,-502,-982,1693,109,492,269
IMU1,23902,248845951,-503,-1003,1673,100,425,233
IMU1,23903,248856408,-485,-1032,1682,99,386,185
IMU1,23904,248866658,-463,-1148,1749,110,364,130
IMU1,23905,248877641,-419,-1178,1769,224,354,-27
IMU1,23906,248887996,-398,-1136,1635,272,353,-113
IMU1,23907,248898565,-418,-1269,1818,295,381,-202
IMU1,23908,248909115,-366,-1243,1793,351,346,-274
IMU1,23909,248919680,-355,-1255,1841,420,258,-347
IMU1,23910,248930241,-308,-1255,1732,481,181,-417
IMU1,23911,248940807,-318,-1198,1605,493,105,-490
IMU1,23912,248951360,-336,-1216,1614,447,72,-553
IMU1,23913,248961733,-357,-1199,1626,387,62,-588
IMU1,23914,248972091,-362,-1190,1681,334,54,-593
IMU1,23915,248983498,-405,-1265,1789,320,6,-552
IMU1,23916,248993670,-342,-1217,1801,351,-59,-516
IMU1,23917,249004132,-418,-1159,1732,374,-81,-506
IMU1,23918,249014601,-455,-1210,1743,357,-36,-467
IMU1,23919,249025071,-443,-1166,1716,345,-10,-387
IMU1,23920,249035536,-411,-1144,1742,322,19,-309
IMU1,23921,249045911,-420,-1137,1719,288,78,-243
IMU1,23922,249056256,-447,-1120,1733,248,124,-173
IMU1,23923,249066786,-463,-1099,1759,207,160,-98
IMU1,23924,249077134,-509,-1097,1779,172,198,-23
IMU1,23925,249087481,-563,-1086,1777,136,216,49
IMU1,23926,249097739,-628,-1092,1755,92,220,133
IMU1,23927,249108519,-636,-1079,1716,-8,269,317
IMU1,23928,249118679,-631,-1079,1725,-59,320,395
IMU1,23929,249129050,-614,-1086,1733,-103,390,464
IMU1,23930,249139598,-599,-1084,1756,-130,465,510
IMU1,23931,249150153,-580,-1077,1800,-140,529,538
IMU1,23932,249160716,-548,-1077,1818,-130,564,549
IMU1,23933,249171276,-516,-1069,1832,-99,572,532
IMU1,23934,249181637,-498,-1071,1837,-58,555,496
IMU1,23935,249191999,-490,-1067,1831,-23,510,440
IMU1,23936,249202366,-471,-1062,1781,5,449,364
IMU1,23937,249212423,-518,-1043,1772,14,383,279
IMU1,23938,249222683,-536,-1014,1709,10,317,197
IMU1,23939,249233460,-550,-1005,1701,-12,227,37
IMU1,23940,249243616,-571,-990,1706,-11,200,-31
IMU1,23941,249253659,-571,-975,1699,-2,168,-89
IMU1,23942,249263506,-599,-972,1733,26,133,-139
IMU1,23943,249273670,-598,-969,1731,60,90,-182
IMU1,23944,249283627,-621,-949,1748,100,36,-215
IMU1,23945,249293780,-627,-955,1719,139,-21,-237
IMU1,23946,249306589,-656,-942,1674,158,-67,-240
IMU1,23947,249316839,-690,-941,1627,151,-79,-227
IMU1,23948,249327096,-712,-936,1603,124,-52,-197
IMU1,23949,249337353,-714,-933,1604,86,-6,-152
IMU1,23950,249347223,-706,-941,1666,57,39,-108
IMU1,23951,249358733,-669,-948,1703,51,71,-29
IMU1,23952,249368498,-664,-959,1742,79,60,-5
IMU1,23953,249378059,-671,-967,1764,124,20,12
IMU1,23954,249387908,-672,-981,1744,165,-36,23
IMU1,23955,249397865,-690,-988,1707,199,-84,28
IMU1,23956,249407819,-709,-984,1676,200,-108,42
IMU1,23957,249417983,-728,-999,1652,189,-98,55
IMU1,23958,249427945,-733,-1000,1620,164,-70,72
IMU1,23959,249438103,-735,-996,1626,125,-27,88
IMU1,23960,249448067,-728,-1000,1668,88,23,101
IMU1,23961,249458103,-715,-1005,1726,69,49,106
IMU1,23962,249468159,-710,-1006,1766,73,36,101
IMU1,23963,249478226,-693,-1005,1767,95,3,89
IMU1,23964,249487888,-700,-997,1742,112,-33,77
IMU1,23965,249497853,-707,-996,1719,115,-62,66
IMU1,23966,249507811,-713,-1000,1683,103,-76,59
IMU1,23967,249517979,-707,-996,1666,73,-66,57
IMU1,23968,249527759,-697,-1004,1678,36,-37,54
IMU1,23969,249537731,-683,-1005,1691,13,0,40
# exclude_peak_seq=23725
IMU1,23970,249547289,-670,-992,1723,9,35,17
IMU1,23971,249556765,-649,-991,1755,11,58,-11
IMU1,23972,249566531,-642,-992,1773,32,54,-45
IMU1,23973,249576302,-627,-985,1792,58,15,-79
IMU1,23974,249586079,-622,-991,1782,86,-27,-113
IMU1,23975,249596149,-637,-986,1744,105,-60,-140
IMU1,23976,249606429,-658,-975,1707,108,-71,-155
IMU1,23977,249616663,-674,-971,1691,91,-57,-157
IMU1,23978,249627741,-692,-956,1700,45,10,-134
IMU1,23979,249637699,-686,-948,1731,20,31,-109
IMU1,23980,249647657,-678,-948,1745,17,23,-88
IMU1,23981,249657421,-671,-944,1737,20,-10,-64
IMU1,23982,249667278,-659,-942,1715,20,-46,-47
IMU1,23983,249677122,-646,-938,1690,17,-57,-36
IMU1,23984,249686965,-642,-934,1679,12,-46,-31
IMU1,23985,249696817,-630,-931,1694,8,-27,-31
IMU1,23986,249706465,-626,-930,1702,13,-8,-33
IMU1,23987,249716118,-632,-923,1691,23,-2,-36
IMU1,23988,249725776,-638,-906,1681,31,7,-42
IMU1,23989,249735338,-652,-900,1676,33,16,-43
IMU1,23990,249745094,-664,-904,1681,30,16,-35
IMU1,23991,249754849,-659,-907,1695,29,9,-22
IMU1,23992,249764403,-650,-906,1715,34,-4,-9
IMU1,23993,249773857,-629,-913,1721,50,-22,1
IMU1,23994,249783431,-613,-917,1733,71,-38,5
IMU1,23995,249793009,-607,-919,1727,95,-41,9
IMU1,23996,249802573,-602,-920,1712,122,-33,8
IMU1,23997,249812338,-593,-921,1705,136,-20,3
IMU1,23998,249822109,-590,-919,1715,141,-7,-2
IMU1,23999,249831782,-595,-925,1734,145,-8,-4
IMU1,24000,249841455,-594,-922,1752,151,-27,-2
IMU1,24001,249851309,-591,-918,1762,157,-53,9
IMU1,24002,249861072,-589,-918,1763,162,-80,17
IMU1,24003,249870999,-578,-914,1779,170,-102,27
IMU1,24004,249881134,-571,-916,1781,179,-119,34
IMU1,24005,249891273,-572,-916,1782,183,-140,42
IMU1,24006,249901408,-584,-911,1774,181,-151,53
IMU1,24007,249911552,-594,-904,1764,176,-144,70
IMU1,24008,249921701,-591,-918,1784,164,-125,92
IMU1,24009,249931830,-589,-914,1778,158,-106,115
IMU1,24010,249942179,-591,-904,1790,154,-87,141
IMU1,24011,249952326,-609,-893,1782,150,-62,168
IMU1,24012,249962459,-624,-880,1790,140,-41,198
IMU1,24013,249972594,-640,-861,1800,135,-29,230
IMU1,24014,249983772,-698,-859,1779,123,-32,314
IMU1,24015,249993928,-707,-848,1740,114,-40,353
IMU1,24016,250004071,-708,-844,1699,82,-33,383
IMU1,24017,250014011,-715,-835,1689,43,10,403
IMU1,24018,250023858,-720,-839,1696,10,60,420
IMU1,24019,250033698,-722,-825,1692,-12,103,429
IMU1,24020,250043831,-707,-824,1693,-22,136,430
IMU1,24021,250053977,-686,-818,1709,-27,156,422
IMU1,24022,250064122,-664,-808,1749,-19,165,399
IMU1,24023,250074248,-657,-808,1768,3,143,366
IMU1,24024,250084083,-668,-800,1762,38,87,331
IMU1,24025,250093913,-676,-793,1739,71,29,297
IMU1,24026,250103779,-692,-782,1707,90,-4,268
IMU1,24027,250113533,-706,-778,1701,96,-5,239
IMU1,24028,250123282,-720,-779,1722,97,3,217
IMU1,24029,250132931,-742,-781,1739,102,5,205
IMU1,24030,250142784,-768,-778,1735,114,1,203
IMU1,24031,250152641,-782,-764,1725,119,6,208
IMU1,24032,250162499,-792,-763,1734,118,16,222
IMU1,24033,250172567,-803,-776,1759,117,21,235
IMU1,24034,250182628,-805,-782,1775,121,12,249
IMU1,24035,250192678,-804,-778,1780,128,3,262
IMU1,24036,250202527,-806,-781,1796,129,-9,272
IMU1,24037,250212481,-807,-776,1804,130,-21,277
IMU1,24038,250222629,-818,-771,1818,130,-34,277
IMU1,24039,250233832,-851,-767,1810,115,-68,281
IMU1,24040,250243994,-860,-753,1801,100,-72,290
IMU1,24041,250254148,-872,-746,1809,91,-54,294
IMU1,24042,250264104,-881,-743,1807,76,-25,303
IMU1,24043,250274062,-876,-724,1809,61,4,303
IMU1,24044,250283716,-875,-714,1824,47,21,305
IMU1,24045,250293577,-860,-705,1822,43,27,303
IMU1,24046,250303440,-850,-688,1818,42,26,296
IMU1,24047,250316055,-841,-675,1809,43,14,290
IMU1,24048,250325914,-825,-667,1808,48,0,278
IMU1,24049,250335474,-784,-673,1804,59,-18,261
IMU1,24050,250345438,-798,-674,1843,72,-37,233
IMU1,24051,250355411,-756,-692,1815,94,-61,207
IMU1,24052,250365363,-755,-690,1817,120,-79,177
IMU1,24053,250375523,-757,-695,1814,136,-84,150
IMU1,24054,250385674,-766,-700,1822,152,-90,128
IMU1,24055,250395826,-769,-693,1835,160,-114,122
IMU1,24056,250406697,-764,-691,1831,182,-213,141
IMU1,24057,250417039,-751,-694,1805,197,-262,165
IMU1,24058,250427384,-764,-687,1783,197,-298,198
IMU1,24059,250437731,-764,-686,1761,186,-304,233
IMU1,24060,250448081,-767,-686,1743,172,-287,275
IMU1,24061,250458416,-781,-678,1743,147,-258,322
IMU1,24062,250468764,-775,-672,1756,128,-231,369
IMU1,24063,250479126,-781,-659,1753,110,-214,414
IMU1,24064,250489483,-782,-647,1762,90,-210,459
IMU1,24065,250499636,-783,-642,1767,75,-212,501
IMU1,24066,250509784,-769,-633,1801,69,-214,536
IMU1,24067,250519947,-740,-631,1837,80,-228,564
IMU1,24068,250530116,-722,-636,1855,109,-264,582
IMU1,24069,250541516,-696,-608,1831,185,-341,594
IMU1,24070,250551882,-711,-586,1821,211,-358,596
IMU1,24071,250562260,-721,-582,1802,227,-374,595
IMU1,24072,250572617,-732,-563,1792,230,-381,602
IMU1,24073,250582992,-747,-534,1782,228,-368,617
IMU1,24074,250593360,-762,-511,1785,221,-342,638
IMU1,24075,250603715,-766,-491,1798,214,-324,668
IMU1,24076,250614066,-768,-477,1830,222,-322,700
IMU1,24077,250624431,-750,-465,1845,248,-328,732
IMU1,24078,250634776,-737,-469,1856,293,-350,763
IMU1,24079,250645141,-704,-469,1884,364,-379,781
IMU1,24080,250655502,-668,-440,1932,444,-415,792
IMU1,24081,250666383,-684,-411,1915,652,-480,793
IMU1,24082,250676748,-690,-388,1928,764,-478,809
IMU1,24083,250687089,-683,-392,1937,867,-459,840
IMU1,24084,250697436,-670,-393,1953,962,-453,864
IMU1,24085,250707791,-612,-403,1945,1036,-473,879
IMU1,24086,250718351,-598,-384,1953,1071,-494,884
IMU1,24087,250728916,-577,-377,1999,1062,-507,873
IMU1,24088,250739473,-571,-379,2112,1029,-562,835
IMU1,24089,250750029,-512,-405,2222,993,-699,760
IMU1,24090,250760400,-471,-354,2349,960,-914,633
IMU1,24091,250770760,-456,-283,2462,924,-1178,460
IMU1,24092,250781846,-663,-186,2431,824,-1639,117
IMU1,24093,250792392,-886,-66,2408,738,-1756,32
IMU1,24094,250802554,-1075,41,2353,624,-1735,53
IMU1,24095,250812831,-1236,154,2335,494,-1615,197
IMU1,24096,250823492,-1310,272,2381,369,-1435,433
IMU1,24097,250834169,-1243,368,2463,266,-1226,714
IMU1,24098,250844838,-1185,461,2595,193,-1074,988
IMU1,24099,250855495,-1129,554,2701,151,-1022,1232
IMU1,24100,250866370,-1086,641,2798,134,-1039,1437
IMU1,24101,250877247,-1287,844,2848,137,-1129,1768
IMU1,24102,250888113,-1318,1018,3018,138,-1028,1932
IMU1,24103,250899155,-1591,1132,3049,259,-600,2052
IMU1,24104,250910029,-1907,1242,3158,460,-284,2197
IMU1,24105,250920908,-1781,1431,3368,623,-246,2424
IMU1,24106,250931769,-1738,1584,3588,701,-11,2669
IMU1,24107,250942428,-1812,1678,3737,759,244,2884
IMU1,24108,250953191,-1813,1867,3913,818,287,3087
IMU1,24109,250963969,-1720,2137,4095,965,641,3444
IMU1,24110,250974728,-1579,2247,4341,1047,778,3542
IMU1,24111,250985705,-1358,2381,4591,1194,862,3539
IMU1,24112,250996688,-1233,2498,4651,1396,816,3399
IMU1,24113,251007668,-1190,2695,4586,1584,472,3147
IMU1,24114,251018668,-1151,2945,4302,1712,-101,2787
IMU1,24115,251029738,-1247,3190,3838,1731,-679,2340
IMU1,24116,251040835,-1270,3325,3043,1470,-1000,1312
IMU1,24117,251052094,-1285,3512,3020,1306,-651,689
IMU1,24118,251062958,-1136,3516,2956,1228,-198,-121
IMU1,24119,251073932,-736,3445,2826,1215,364,-1233
IMU1,24120,251084801,-198,3226,2620,1208,1077,-2804
IMU1,24121,251095831,284,2604,2112,1149,1942,-4943
IMU1,24122,251106803,725,2043,1856,1001,3079,-7534
IMU1,24123,251117780,1255,1183,2103,900,5355,-13495
IMU1,24124,251128969,955,993,1796,1020,6025,-16396
IMU1,24125,251139952,97,1183,1404,1106,6869,-18945
IMU1,24126,251150938,-1139,1595,1513,1228,8144,-21022
IMU1,24127,251162429,-2631,2165,2010,1619,9947,-22542
IMU1,24128,251173900,-4810,4564,3997,2545,11994,-23498
IMU1,24129,251185612,-7066,7254,5104,5465,11289,-24009
IMU1,24130,251197307,-7321,6517,5189,5416,6639,-23654
IMU1,24131,251208821,-5725,4385,4316,4170,1307,-22801
IMU1,24132,251220296,-5245,2783,3433,2639,-1907,-21178
IMU1,24133,251231870,-4520,4320,1813,1576,-2998,-18732
IMU1,24134,251243463,-2519,5784,563,-287,-2793,-14410
IMU1,24135,251254735,-1641,6859,-1234,-772,-1105,-12233
IMU1,24136,251266298,-1265,7924,-2118,-893,2231,-9529
IMU1,24137,251277583,-1336,7546,-1335,-704,5777,-6330
IMU1,24138,251288868,-351,5723,746,-390,7293,-3035
IMU1,24139,251299659,876,3318,4726,-62,6067,-303
IMU1,24140,251310667,1466,146,4844,1062,172,2280
IMU1,24141,251323894,1446,80,3223,1362,-2226,2190
IMU1,24142,251334671,1310,624,1585,826,-3073,1445
IMU1,24143,251345449,1224,848,624,-426,-2247,565
IMU1,24144,251355913,1215,610,634,-1861,-416,-30
IMU1,24145,251366295,1349,468,950,-2947,1057,-216
IMU1,24146,251376976,1537,491,1644,-3536,1651,-42
IMU1,24147,251387631,1581,438,1843,-3575,810,1070
IMU1,24148,251398417,1654,260,1969,-3259,-38,1767
IMU1,24149,251409061,1737,1,2062,-2824,-782,2329
IMU1,24150,251419535,1697,-354,2085,-2334,-1386,2647
IMU1,24151,251430690,1617,-614,1993,-1844,-1848,2717
IMU1,24152,251441859,1595,-857,1883,-1421,-2102,2599
IMU1,24153,251453036,1608,-1044,1737,-1085,-2164,2336
IMU1,24154,251464405,1621,-1065,1431,-671,-2176,1544
IMU1,24155,251475566,1465,-972,1204,-581,-2236,1173
# swing_peak_seq=24129
IMU1,24156,251486542,1271,-895,927,-524,-2321,918
IMU1,24157,251497133,1098,-865,615,-498,-2386,839
IMU1,24158,251507700,1031,-894,464,-492,-2377,921
IMU1,24159,251518271,1012,-1011,461,-464,-2240,1085
IMU1,24160,251529241,1024,-1137,567,-405,-2019,1269
IMU1,24161,251540192,1240,-1432,1050,-320,-1808,1399
IMU1,24162,251551345,1728,-1365,1047,-27,-1571,1316
IMU1,24163,251562304,1506,-1307,295,-36,-1500,1083
IMU1,24164,251573062,952,-1731,1441,-140,-1447,945
IMU1,24165,251583828,1308,-1731,1080,-37,-1671,984
IMU1,24166,251594596,1488,-1686,1282,117,-1894,1052
IMU1,24167,251605652,1313,-1677,1186,303,-2052,1115
IMU1,24168,251616724,933,-1778,1133,469,-2226,1214
IMU1,24169,251627597,1006,-1862,966,632,-2300,1515
IMU1,24170,251638474,744,-1794,980,627,-2273,1595
IMU1,24171,251649159,748,-2117,687,539,-2207,1682
IMU1,24172,251659825,694,-2094,778,391,-2205,1758
IMU1,24173,251670486,937,-1835,1111,257,-2294,1810
IMU1,24174,251681346,977,-1938,796,175,-2352,1790
IMU1,24175,251691998,617,-1946,752,67,-2389,1727
IMU1,24176,251702470,455,-1730,840,-41,-2455,1724
IMU1,24177,251713008,437,-1649,909,-93,-2553,1761
IMU1,24178,251724592,602,-1623,958,-25,-2735,1792
IMU1,24179,251735149,618,-1605,1009,73,-2785,1762
IMU1,24180,251745803,666,-1491,1072,197,-2809,1705
IMU1,24181,251756649,492,-1429,883,334,-2808,1619
IMU1,24182,251767296,296,-1348,823,436,-2804,1558
IMU1,24183,251777954,222,-1271,675,509,-2811,1530
IMU1,24184,251788615,202,-1223,627,542,-2768,1511
IMU1,24185,251799287,148,-1065,501,541,-2645,1503
IMU1,24186,251809948,140,-1134,290,513,-2398,1659
IMU1,24187,251820609,179,-1379,280,363,-1523,1726
IMU1,24188,251831269,131,-1244,266,284,-1411,1756
IMU1,24189,251841930,21,-999,343,202,-1371,1759
IMU1,24190,251852178,-87,-867,440,129,-1417,1755
IMU1,24191,251862531,-171,-830,410,68,-1528,1728
IMU1,24192,251872884,-145,-791,410,4,-1681,1685
IMU1,24193,251883031,-46,-903,459,-45,-1887,1605
IMU1,24194,251893284,-51,-1093,567,-50,-2158,1502
IMU1,24195,251903748,-109,-1214,659,14,-2413,1422
IMU1,24196,251914323,-224,-1315,759,148,-2727,1368
IMU1,24197,251925061,-261,-1367,769,337,-3049,1350
IMU1,24198,251935806,-335,-1351,644,750,-3404,1341
IMU1,24199,251946562,-386,-1364,570,907,-3472,1339
IMU1,24200,251957312,-426,-1383,580,1032,-3457,1328
IMU1,24201,251968265,-481,-1397,538,1140,-3343,1310
IMU1,24202,251979208,-523,-1463,550,1230,-3161,1311
IMU1,24203,251990175,-659,-1475,463,1307,-2917,1342
IMU1,24204,252001127,-902,-1440,322,1335,-2613,1436
IMU1,24205,252012067,-1257,-1373,1,1293,-2163,1814
IMU1,24206,252022807,-1343,-1341,24,1006,-2055,2062
IMU1,24207,252033745,-1361,-1331,130,868,-2048,2289
IMU1,24208,252044680,-1284,-1415,387,771,-2102,2476
IMU1,24209,252055635,-1461,-1389,732,767,-2133,2634
IMU1,24210,252066597,-1366,-1346,997,869,-2126,2753
IMU1,24211,252077550,-1294,-1493,1091,1054,-1958,2798
IMU1,24212,252088910,-1448,-1264,361,1225,-1200,2823
IMU1,24213,252100059,-1566,-1214,334,1153,-786,2830
IMU1,24214,252111022,-1420,-1269,712,1034,-430,2835
IMU1,24215,252121990,-1429,-1271,1088,1025,-161,2803
IMU1,24216,252133140,-1502,-1200,1346,1133,57,2782
IMU1,24217,252144005,-1550,-1114,1505,1314,241,2800
IMU1,24218,252155067,-1926,-1136,1406,1509,310,2874
IMU1,24219,252166139,-2070,-1060,1664,1785,97,3172
IMU1,24220,252176997,-1964,-1212,1646,1857,40,3317
IMU1,24221,252187841,-1547,-1303,1651,1863,97,3307
IMU1,24222,252198693,-1698,-1235,1902,1807,298,3179
IMU1,24223,252209761,-2003,-1177,2280,1773,432,3035
IMU1,24224,252220827,-2450,-1031,2376,1811,276,2911
IMU1,24225,252231895,-2547,-967,2292,1858,-79,2863
IMU1,24226,252242659,-2599,-950,2149,1850,-428,2902
IMU1,24227,252253614,-2440,-882,2171,1696,-862,2941
IMU1,24228,252264567,-2433,-911,2085,1609,-885,2926
IMU1,24229,252275514,-2329,-912,1880,1455,-793,2866
IMU1,24230,252286488,-2132,-830,1853,1231,-686,2713
IMU1,24231,252297458,-2118,-748,1873,977,-612,2460
IMU1,24232,252308235,-2090,-731,1996,740,-652,2162
IMU1,24233,252319009,-2122,-705,2215,571,-832,1835
IMU1,24234,252332327,-2141,-559,2096,441,-1397,1196
IMU1,24235,252343283,-2166,-470,1971,394,-1638,925
IMU1,24236,252354036,-2224,-438,1845,347,-1724,713
IMU1,24237,252364792,-2271,-454,1746,287,-1630,586
IMU1,24238,252375558,-2271,-508,1703,218,-1419,534
IMU1,24239,252386316,-2189,-591,1692,143,-1121,520
IMU1,24240,252397594,-1979,-685,1776,-55,-302,454
IMU1,24241,252408044,-1861,-718,1902,-154,28,347
IMU1,24242,252418393,-1781,-758,2071,-213,150,198
IMU1,24243,252428939,-1692,-744,2150,-218,106,27
IMU1,24244,252439273,-1632,-698,2091,-202,-28,-153
IMU1,24245,252449800,-1558,-647,1972,-191,-204,-332
IMU1,24246,252460527,-1496,-618,1895,-209,-392,-499
IMU1,24247,252471272,-1417,-590,1823,-238,-580,-662
IMU1,24248,252482024,-1348,-584,1818,-260,-765,-819
IMU1,24249,252492750,-1353,-524,1693,-258,-911,-1091
IMU1,24250,252503698,-1415,-466,1566,-224,-1028,-1162
IMU1,24251,252514839,-1460,-420,1449,-225,-998,-1184
IMU1,24252,252525784,-1492,-369,1396,-246,-926,-1161
IMU1,24253,252536720,-1489,-343,1340,-264,-855,-1103
IMU1,24254,252547661,-1425,-326,1336,-278,-787,-1025
IMU1,24255,252558601,-1340,-311,1343,-280,-726,-940
IMU1,24256,252569353,-1157,-308,1466,-265,-679,-857
IMU1,24257,252580106,-1083,-316,1546,-136,-663,-746
IMU1,24258,252590848,-1047,-324,1594,-36,-700,-710
IMU1,24259,252601399,-1027,-329,1611,92,-748,-707
IMU1,24260,252611847,-1034,-339,1607,209,-800,-699
IMU1,24261,252622478,-1055,-327,1574,317,-815,-682
IMU1,24262,252633127,-1070,-305,1520,385,-794,-647
IMU1,24263,252643791,-1051,-273,1476,411,-725,-594
IMU1,24264,252654444,-1057,-264,1475,397,-617,-528
IMU1,24265,252665092,-1048,-254,1552,362,-510,-445
IMU1,24266,252676265,-942,-238,1674,306,-424,-251
IMU1,24267,252686713,-869,-201,1597,274,-417,-157
IMU1,24268,252697169,-925,-192,1438,181,-381,-64
IMU1,24269,252707426,-1012,-192,2020,62,-333,59
IMU1,24270,252717581,-1106,-332,2458,105,-416,229
IMU1,24271,252728150,-902,-345,2429,339,-661,439
IMU1,24272,252738505,-793,-198,2229,617,-968,590
IMU1,24273,252748879,-665,-55,1600,780,-1115,651
IMU1,24274,252759226,-662,-61,1324,659,-1013,645
IMU1,24275,252769576,-1153,-351,2274,492,-696,578
IMU1,24276,252780145,-899,-455,2139,578,-602,782
IMU1,24277,252790523,-708,-86,1779,690,-684,901
IMU1,24278,252801727,-847,-292,1832,572,-346,763
IMU1,24279,252812076,-899,-337,1921,494,-361,622
IMU1,24280,252822424,-897,-327,1987,446,-444,425
IMU1,24281,252832761,-958,-317,2000,430,-509,228
IMU1,24282,252843112,-1004,-219,1952,419,-567,103
IMU1,24283,252853662,-1003,-109,1944,410,-590,61
IMU1,24284,252864009,-965,-47,2013,401,-569,92
IMU1,24285,252873938,-907,-5,2054,420,-522,171
IMU1,24286,252883894,-868,30,2017,471,-489,276
IMU1,24287,252893949,-809,44,2037,517,-497,387
IMU1,24288,252904007,-751,44,2089,558,-523,491
IMU1,24289,252914060,-672,24,2118,598,-577,562
IMU1,24290,252924133,-564,47,2104,614,-681,578
IMU1,24291,252934212,-512,70,2082,598,-806,521
IMU1,24292,252944273,-540,92,2103,559,-926,422
IMU1,24293,252955377,-623,115,2044,460,-1169,227
IMU1,24294,252965839,-646,151,2005,408,-1255,172
IMU1,24295,252976292,-654,196,2020,361,-1269,141
IMU1,24296,252986739,-648,210,2051,325,-1204,140
IMU1,24297,252997184,-639,224,2063,308,-1094,184
IMU1,24298,253007643,-630,287,2126,303,-973,269
IMU1,24299,253017908,-708,340,2184,301,-848,388
IMU1,24300,253028172,-839,446,2206,290,-781,560
IMU1,24301,253038440,-1006,600,2128,247,-746,800
IMU1,24302,253048895,-1117,680,2233,152,-673,1126
IMU1,24303,253059567,-1153,633,2754,93,-542,1523
IMU1,24304,253070559,-1168,707,2686,282,-433,2268
IMU1,24305,253081230,-1171,726,2745,344,-381,2558
IMU1,24306,253091915,-1290,766,2795,379,-262,2788
IMU1,24307,253102581,-1398,778,3181,406,-176,3012
IMU1,24308,253113264,-1382,885,3205,457,-214,3207
IMU1,24309,253123925,-1407,955,3341,476,-258,3339
IMU1,24310,253134599,-1453,1062,3306,445,-267,3437
IMU1,24311,253145455,-1446,1153,3428,355,-229,3523
IMU1,24312,253156323,-1326,1326,3761,260,-164,3614
IMU1,24313,253167179,-1264,1455,3952,215,-158,3603
IMU1,24314,253178060,-1183,1574,4031,292,-174,3554
IMU1,24315,253188937,-1109,1750,4120,430,-187,3435
IMU1,24316,253199810,-1068,1933,4209,598,-141,3262
IMU1,24317,253210681,-989,2113,4222,762,-23,3029
IMU1,24318,253221157,-1049,2423,4123,881,153,2723
IMU1,24319,253231924,-1263,2537,3756,901,271,2349
IMU1,24320,253242731,-803,2896,3541,774,230,1216
IMU1,24321,253253295,-967,3103,3700,387,244,312
IMU1,24322,253263666,-1148,3258,3713,299,306,-756
IMU1,24323,253274339,-1165,3314,3484,252,542,-1983
IMU1,24324,253285208,-1096,3118,3436,200,1146,-3419
IMU1,24325,253296280,-986,2549,3477,214,2129,-5072
IMU1,24326,253307161,-707,1885,3400,344,3437,-6923
IMU1,24327,253318033,-471,1459,3403,569,4919,-8989
IMU1,24328,253328902,-285,1083,2804,889,6102,-11242
IMU1,24329,253342414,-512,922,2344,1582,7882,-16031
IMU1,24330,253353486,-1380,973,2324,1940,7987,-18546
IMU1,24331,253364772,-2445,1372,2492,2379,7890,-20845
IMU1,24332,253376249,-3949,2725,2339,2822,8037,-22692
IMU1,24333,253387722,-7379,6079,3474,3380,7957,-24149
IMU1,24334,253399232,-8575,6277,3435,3424,7861,-23712
IMU1,24335,253410736,-9306,6137,3821,3268,6891,-22792
IMU1,24336,253422240,-8720,5868,3725,2891,4540,-21376
IMU1,24337,253433730,-6930,5529,3081,2303,2158,-19520
IMU1,24338,253445233,-3137,6018,1908,1332,643,-15161
IMU1,24339,253456507,-1182,6453,1542,1163,629,-13186
IMU1,24340,253467772,-204,6969,600,1109,857,-11449
IMU1,24341,253478637,353,7182,-141,957,1400,-9541
IMU1,24342,253489319,-197,6798,-266,695,2246,-7095
IMU1,24343,253500081,-229,5811,596,398,2535,-4074
IMU1,24344,253510762,339,4421,1810,158,1929,-1118
IMU1,24345,253521532,589,1994,2626,-17,742,1040
IMU1,24346,253532424,536,1147,2342,-641,-856,2418
IMU1,24347,253543091,788,690,1823,-1274,-813,1999
IMU1,24348,253553752,1061,433,1744,-2075,-555,1184
IMU1,24349,253564623,1136,434,1710,-2788,-349,422
IMU1,24350,253575288,1213,632,1521,-3262,-218,66
IMU1,24351,253585752,1221,903,1408,-3524,-143,185
IMU1,24352,253596415,1277,983,1270,-3618,-173,647
IMU1,24353,253607084,1499,796,1305,-3579,-286,1282
IMU1,24354,253617938,1692,-74,1567,-3425,-453,2282
IMU1,24355,253628700,1685,-525,1744,-2785,-1042,2443
IMU1,24356,253639853,1632,-984,1882,-2306,-1287,2336
IMU1,24357,253651007,1633,-1319,1949,-1781,-1390,1998
IMU1,24358,253662359,1677,-1518,1873,-1241,-1418,1483
IMU1,24359,253673730,1668,-1503,1515,-789,-1420,894
# swing_peak_seq=24333
IMU1,24360,253684694,1540,-1518,1340,-451,-1362,361
IMU1,24361,253695651,1426,-1345,1157,39,-1467,-234
IMU1,24362,253706423,1355,-1170,778,201,-1602,-300
IMU1,24363,253717165,1359,-1071,631,274,-1664,-246
IMU1,24364,253727919,1406,-970,549,312,-1616,-134
IMU1,24365,253738485,1392,-917,686,340,-1473,-25
IMU1,24366,253748840,1444,-907,892,400,-1296,57
IMU1,24367,253759080,1499,-880,933,479,-1113,85
IMU1,24368,253769356,1458,-922,1147,535,-971,84
IMU1,24369,253779618,1418,-977,1447,613,-957,106
IMU1,24370,253790080,1425,-881,1529,748,-1103,163
IMU1,24371,253800737,1505,-1145,1771,879,-1639,266
IMU1,24372,253811597,1342,-1159,1661,1189,-1859,328
IMU1,24373,253822659,1197,-1140,1599,1303,-2081,413
IMU1,24374,253833737,1211,-1138,1466,1360,-2270,507
IMU1,24375,253844803,1150,-1023,1339,1348,-2393,594
IMU1,24376,253855871,1099,-949,1263,1280,-2482,676
IMU1,24377,253866746,1026,-845,1235,1179,-2577,766
IMU1,24378,253877617,869,-492,1205,1071,-2676,1048
IMU1,24379,253888481,663,-358,1127,862,-2898,1230
IMU1,24380,253899138,791,-773,1062,749,-3149,1421
IMU1,24381,253909838,894,-772,1218,688,-3373,1626
IMU1,24382,253920514,522,-322,1255,736,-3424,1863
IMU1,24383,253931189,380,-230,987,816,-3533,2174
IMU1,24384,253941679,287,-158,832,868,-3708,2521
IMU1,24385,253952170,203,-129,678,902,-3754,2871
IMU1,24386,253962611,151,-78,539,912,-3665,3209
IMU1,24387,253972863,125,-44,452,888,-3495,3513
IMU1,24388,253983114,-65,-122,596,851,-3326,3779
IMU1,24389,253993997,-130,-152,622,883,-3134,4288
IMU1,24390,254004560,-174,-179,479,928,-3133,4513
IMU1,24391,254015112,-147,-230,288,946,-3152,4697
IMU1,24392,254025690,-103,-258,183,914,-3123,4880
IMU1,24393,254036242,-111,-359,173,868,-3010,4972
IMU1,24394,254046798,-133,-506,285,848,-2833,5043
IMU1,24395,254057359,-205,-635,479,879,-2674,5086
IMU1,24396,254067930,-325,-784,724,987,-2581,5102
IMU1,24397,254078497,-465,-927,898,1168,-2544,5110
IMU1,24398,254089282,-578,-1129,945,1391,-2628,5062
IMU1,24399,254100241,-536,-1236,933,1770,-2765,4948
IMU1,24400,254111209,-495,-1340,984,1900,-2912,4748
IMU1,24401,254122174,-510,-1420,976,2014,-3054,4461
IMU1,24402,254133134,-764,-1553,941,2088,-3171,4140
IMU1,24403,254144107,-867,-1639,774,2094,-3187,3858
IMU1,24404,254155059,-867,-1673,633,1996,-3073,3588
IMU1,24405,254166039,-1031,-1579,966,1799,-2856,3013
IMU1,24406,254177204,-1157,-1540,1218,1386,-2435,2769
IMU1,24407,254188566,-1176,-1511,1518,1258,-2463,2570
IMU1,24408,254199934,-1303,-1488,1820,1220,-2566,2405
IMU1,24409,254211286,-1477,-1473,1990,1271,-2635,2318
IMU1,24410,254222643,-1711,-1411,2055,1375,-2697,2331
IMU1,24411,254234003,-2024,-1256,1821,1556,-2707,2619
IMU1,24412,254245363,-2090,-1210,1561,1526,-2468,2861
IMU1,24413,254256725,-2010,-1207,1471,1397,-2074,3116
IMU1,24414,254268092,-1757,-1195,1558,1225,-1661,3340
IMU1,24415,254279463,-1524,-1178,1889,1085,-1334,3465
IMU1,24416,254290833,-1253,-1136,2748,1067,-1219,3474
IMU1,24417,254302191,-1248,-1078,2890,1469,-1633,3235
IMU1,24418,254313543,-1281,-1004,2769,1765,-1895,3068
IMU1,24419,254324897,-1300,-897,2525,2010,-2084,2900
IMU1,24420,254336042,-1351,-778,2342,2149,-2097,2754
IMU1,24421,254349747,-1334,-578,2254,2126,-1838,2521
IMU1,24422,254360916,-1329,-463,2356,2029,-1733,2398
IMU1,24423,254372095,-1373,-379,2395,1904,-1650,2275
IMU1,24424,254383252,-1385,-298,2394,1756,-1594,2168
IMU1,24425,254394427,-1363,-219,2445,1595,-1543,2077
IMU1,24426,254405590,-1307,-168,2494,1447,-1494,1992
IMU1,24427,254416734,-1157,-125,2485,1245,-1340,1828
IMU1,24428,254427877,-1042,-131,2495,1193,-1261,1732
IMU1,24429,254439036,-986,-135,2628,1175,-1177,1622
IMU1,24430,254449991,-978,-84,2794,1206,-1120,1510
IMU1,24431,254460747,-948,-23,2855,1281,-1162,1401
IMU1,24432,254471507,-960,40,2847,1361,-1234,1306
IMU1,24433,254482159,-1042,101,2771,1407,-1238,1251
IMU1,24434,254493213,-1204,306,2434,1399,-1044,1302
IMU1,24435,254504266,-1286,411,2384,1170,-882,1410
IMU1,24436,254515123,-1290,434,2430,1012,-705,1551
IMU1,24437,254526001,-1213,393,2534,873,-530,1689
IMU1,24438,254536665,-1120,347,2617,773,-391,1809
IMU1,24439,254547323,-1019,339,2720,711,-317,1882
IMU1,24440,254557984,-956,317,2776,689,-274,1898
IMU1,24441,254568467,-926,296,2710,688,-276,1869
IMU1,24442,254578922,-873,304,2564,677,-305,1805
IMU1,24443,254590423,-935,380,2385,541,-191,1639
IMU1,24444,254600893,-1000,457,2388,444,-69,1580
IMU1,24445,254611357,-996,549,2485,346,54,1535
IMU1,24446,254621524,-1019,626,2588,263,182,1493
IMU1,24447,254632081,-1080,697,2674,208,274,1461
IMU1,24448,254642633,-1120,823,2719,171,357,1446
IMU1,24449,254653197,-1142,966,2714,129,455,1449
IMU1,24450,254663767,-1163,1149,2726,75,612,1452
IMU1,24451,254674339,-1196,1351,2898,14,825,1445
IMU1,24452,254684905,-1239,1583,3427,-9,1037,1412
IMU1,24453,254696100,-1592,2131,3688,157,1265,1296
IMU1,24454,254707072,-1792,2390,3804,342,1310,1283
IMU1,24455,254718063,-1914,2596,3671,522,1370,1316
IMU1,24456,254729059,-1910,2782,3395,611,1423,1382
IMU1,24457,254740038,-1788,2941,3173,594,1470,1433
IMU1,24458,254751022,-1671,2993,3033,507,1499,1434
IMU1,24459,254762011,-1298,2949,2933,409,1450,1380
IMU1,24460,254772972,-1116,2928,2882,372,1066,1089
IMU1,24461,254783926,-955,2947,2838,459,773,852
IMU1,24462,254794314,-866,2984,2836,626,461,560
IMU1,24463,254804689,-852,3051,2902,856,181,261
IMU1,24464,254815047,-874,3100,2914,1145,-43,-4
IMU1,24465,254825213,-901,3219,2958,1465,-238,-227
IMU1,24466,254835965,-912,3449,2905,1778,-397,-415
IMU1,24467,254846727,-935,3693,2604,2008,-659,-608
IMU1,24468,254857487,-844,3817,2137,2057,-1110,-853
IMU1,24469,254868460,-710,4047,1626,1528,-1995,-1784
IMU1,24470,254879623,-550,3913,1832,1107,-2215,-2559
IMU1,24471,254890817,-520,3646,2043,744,-2052,-3573
IMU1,24472,254901787,-436,3085,2184,480,-1444,-4817
IMU1,24473,254912746,58,2271,2292,342,-445,-6313
IMU1,24474,254923227,650,1403,2485,363,840,-8150
IMU1,24475,254933803,1164,660,2566,556,2262,-10320
IMU1,24476,254944778,1552,-138,2459,845,3377,-12745
IMU1,24477,254955861,922,-479,2203,1398,4884,-17619
IMU1,24478,254966939,-17,-268,2189,1699,5901,-19645
IMU1,24479,254977915,-1044,530,2482,2108,6727,-21276
IMU1,24480,254989180,-2376,2058,2824,2517,7234,-22432
IMU1,24481,255000655,-4392,4347,3963,2803,6978,-23062
IMU1,24482,255012139,-5287,4297,3305,2771,5272,-22909
IMU1,24483,255023620,-5219,3811,2907,1670,2495,-20943
IMU1,24484,255035099,-4236,3465,2278,1307,1807,-19388
IMU1,24485,255046576,-3040,3462,1557,1122,1362,-17667
IMU1,24486,255058039,-2273,3582,1032,945,1091,-15967
IMU1,24487,255069317,-1722,3606,583,790,1096,-14139
IMU1,24488,255080395,-863,4029,-111,659,2313,-9482
IMU1,24489,255091159,-358,4050,437,597,2839,-6893
IMU1,24490,255101845,387,3463,1608,535,2522,-4560
IMU1,24491,255112620,991,2548,2555,525,1322,-2789
IMU1,24492,255123407,1217,1798,2768,532,-112,-1627
IMU1,24493,255134265,1116,1417,2455,435,-1058,-930
IMU1,24494,255145146,1047,1226,1799,121,-1404,-533
IMU1,24495,255156006,1049,1174,1074,-452,-1317,-330
IMU1,24496,255167481,1239,865,1103,-1845,-531,-51
IMU1,24497,255178060,1309,860,1199,-2354,-211,191
IMU1,24498,255188742,1454,781,1304,-2662,-73,511
IMU1,24499,255199210,1568,701,1405,-2767,-121,860
IMU1,24500,255209885,1613,529,1596,-2697,-287,1187
IMU1,24501,255220750,1743,325,1771,-2464,-541,1436
IMU1,24502,255231627,1875,65,1834,-2111,-755,1547
IMU1,24503,255242323,1857,-166,1861,-1699,-937,1516
IMU1,24504,255253278,1771,-443,1425,-942,-1136,1158
IMU1,24505,255264248,1726,-500,1251,-722,-1096,901
IMU1,24506,255275001,1688,-553,1097,-576,-990,653
IMU1,24507,255285568,1680,-531,1023,-476,-891,459
# swing_peak_seq=24481
IMU1,24508,255296125,1666,-482,1011,-391,-838,337
IMU1,24509,255306667,1650,-427,974,-300,-856,293
IMU1,24510,255317026,1601,-366,781,-221,-919,312
IMU1,24511,255327397,1473,-384,871,-185,-950,390
IMU1,24512,255337777,1449,-450,1025,-146,-952,516
IMU1,24513,255350904,1634,-616,1260,16,-1017,727
IMU1,24514,255361382,1668,-664,1337,137,-1114,750
IMU1,24515,255372045,1629,-694,1379,263,-1232,729
IMU1,24516,255382710,1596,-729,1511,397,-1373,696
IMU1,24517,255393404,1608,-716,1516,549,-1536,667
IMU1,24518,255404074,1555,-681,1577,691,-1699,628
IMU1,24519,255414757,1497,-659,1603,825,-1865,595
IMU1,24520,255425427,1506,-643,1579,951,-2045,593
IMU1,24521,255436634,1329,-587,1556,1158,-2471,655
IMU1,24522,255447526,1284,-496,1489,1259,-2693,733
IMU1,24523,255458390,1286,-613,1425,1336,-2887,818
IMU1,24524,255469259,1128,-567,1479,1394,-3034,917
IMU1,24525,255480144,1008,-354,1610,1460,-3119,1038
IMU1,24526,255491224,932,-579,1443,1516,-3195,1157
IMU1,24527,255502107,815,-490,1424,1531,-3329,1285
IMU1,24528,255513492,762,-407,896,1456,-3484,1604
IMU1,24529,255524169,553,-305,860,1328,-3449,1785
IMU1,24530,255534836,570,-301,767,1198,-3399,2006
IMU1,24531,255545524,453,-286,811,1096,-3332,2242
IMU1,24532,255556206,378,-271,911,1049,-3303,2473
IMU1,24533,255566887,385,-247,936,1047,-3296,2664
IMU1,24534,255577558,417,-269,924,1073,-3333,2792
IMU1,24535,255588259,398,-296,915,1128,-3427,2866
IMU1,24536,255598955,328,-360,511,1201,-3522,2966
IMU1,24537,255609620,301,-384,297,1289,-3535,3050
IMU1,24538,255620277,254,-533,346,1302,-3391,3180
IMU1,24539,255630946,150,-788,544,1379,-3225,3355
IMU1,24540,255641623,115,-930,607,1523,-3128,3531
IMU1,24541,255652286,17,-1111,778,1671,-3079,3651
IMU1,24542,255662962,-203,-1349,858,1804,-3059,3726
IMU1,24543,255673929,-279,-1551,781,1910,-3121,3787
IMU1,24544,255684915,-202,-1607,451,1951,-3201,3822
IMU1,24545,255696386,-504,-1550,270,1753,-3130,3800
IMU1,24546,255707362,-673,-1501,167,1552,-2974,3840
IMU1,24547,255718326,-719,-1569,223,1337,-2661,3942
IMU1,24548,255729306,-787,-1622,446,1175,-2283,4074
IMU1,24549,255740272,-704,-1708,673,1113,-1985,4203
IMU1,24550,255751250,-598,-1753,945,1166,-1823,4291
IMU1,24551,255762236,-747,-1826,1320,1326,-1817,4325
IMU1,24552,255773401,-991,-1848,1336,1787,-1946,4383
IMU1,24553,255784576,-1188,-1823,1208,1953,-1975,4461
IMU1,24554,255795955,-1309,-1754,957,1991,-1867,4557
IMU1,24555,255807133,-1426,-1644,828,1869,-1606,4672
IMU1,24556,255818300,-1429,-1602,809,1649,-1293,4794
IMU1,24557,255829460,-1349,-1625,1247,1415,-1050,4873
IMU1,24558,255840829,-1028,-1615,1636,1230,-992,4765
IMU1,24559,255851992,-1138,-1542,1888,1338,-1088,4599
IMU1,24560,255863375,-1333,-1394,1865,1506,-1210,4429
IMU1,24561,255874750,-1500,-1247,1724,1635,-1361,4287
IMU1,24562,255886116,-1646,-1052,1719,1675,-1507,4163
IMU1,24563,255897478,-1912,-918,1913,1597,-1692,3959
IMU1,24564,255908687,-1897,-951,1941,1514,-1754,3838
IMU1,24565,255919881,-1837,-1007,1840,1375,-1670,3684
IMU1,24566,255931251,-1752,-961,1765,1167,-1388,3483
IMU1,24567,255942418,-1807,-860,1933,919,-1074,3247
IMU1,24568,255953378,-1880,-777,2245,717,-854,3017
IMU1,24569,255964165,-2049,-346,2572,612,-787,2816
IMU1,24570,255974931,-2164,-164,2597,599,-1104,2496
IMU1,24571,255985909,-2257,-28,2497,605,-1325,2414
IMU1,24572,255996694,-2303,107,2308,587,-1499,2380
IMU1,24573,256007604,-2319,174,2203,514,-1615,2387
IMU1,24574,256018437,-2271,186,2213,430,-1686,2401
IMU1,24575,256029262,-2248,208,2205,364,-1709,2408
IMU1,24576,256040087,-2235,242,2139,325,-1666,2407
IMU1,24577,256050909,-2140,345,2033,298,-1570,2404
IMU1,24578,256061754,-2069,415,2120,318,-1276,2419
IMU1,24579,256072600,-2035,486,2124,409,-1129,2443
IMU1,24580,256083428,-1991,545,2073,533,-983,2491
IMU1,24581,256094066,-1958,596,2056,652,-856,2548
IMU1,24582,256104716,-1913,684,2024,754,-741,2608
IMU1,24583,256115357,-1870,783,2038,845,-658,2662
IMU1,24584,256125997,-1822,826,2073,929,-593,2708
IMU1,24585,256136652,-1840,864,2057,1004,-496,2756
IMU1,24586,256147485,-1925,969,1910,1023,-174,2876
IMU1,24587,256158325,-1889,1026,1915,939,-1,2942
IMU1,24588,256168788,-1893,1151,2039,842,187,2972
IMU1,24589,256179535,-1887,1258,2299,794,298,2980
IMU1,24590,256190290,-1855,1312,2404,828,360,2988
IMU1,24591,256201043,-1853,1467,2351,891,473,3008
IMU1,24592,256211804,-1904,1666,2231,914,625,3031
IMU1,24593,256222576,-1904,1812,2133,858,769,3060
IMU1,24594,256233344,-1918,2275,2307,748,906,3088
IMU1,24595,256244641,-1874,2464,2333,558,1080,3090
IMU1,24596,256255610,-1795,2726,2400,493,1068,3039
IMU1,24597,256266571,-1701,2996,2470,467,1052,2943
IMU1,24598,256277517,-1608,3236,2494,485,1021,2805
IMU1,24599,256288457,-1485,3541,2618,550,939,2626
IMU1,24600,256299202,-1329,3841,2677,665,814,2400
IMU1,24601,256309938,-1181,4219,2720,817,627,2124
IMU1,24602,256320691,-1127,4724,2411,1195,193,1561
IMU1,24603,256331639,-1056,4931,2138,1355,55,1357
IMU1,24604,256342393,-1022,5049,1850,1455,-22,1178
IMU1,24605,256355805,-970,5060,1525,1511,-112,1011
IMU1,24606,256366667,-665,5259,1395,1502,-415,783
IMU1,24607,256377320,-257,5125,1309,1492,-768,384
IMU1,24608,256388488,212,5096,623,1317,-2231,-1042
IMU1,24609,256399343,502,4974,431,1040,-3083,-2154
IMU1,24610,256410215,705,4751,271,659,-3628,-3551
IMU1,24611,256420866,934,4307,461,205,-4000,-5205
IMU1,24612,256431502,1074,3497,685,-230,-4078,-7084
IMU1,24613,256442455,1191,2634,685,-611,-3600,-9153
IMU1,24614,256453410,1188,1694,788,-955,-2560,-11420
IMU1,24615,256464561,1118,-243,1814,-1167,-1167,-16358
IMU1,24616,256475998,589,-970,2168,-600,1815,-18947
IMU1,24617,256486969,-559,-1287,2334,286,3348,-21403
IMU1,24618,256498114,-2084,-1092,2302,1557,5042,-23537
IMU1,24619,256509680,-3942,316,2210,3180,7089,-25148
IMU1,24620,256520972,-6455,2857,2631,5154,9270,-26065
IMU1,24621,256532430,-9909,7558,795,8904,11180,-25017
IMU1,24622,256543943,-10113,7740,-948,8636,9858,-23306
IMU1,24623,256555542,-8620,6635,1043,6604,6547,-21377
IMU1,24624,256567012,-6519,5564,2005,4481,4345,-19081
IMU1,24625,256578488,-5880,5989,1789,3245,5074,-15916
IMU1,24626,256589963,8,6729,2891,2025,5989,-9368
IMU1,24627,256600531,902,6457,3003,1452,5125,-7152
IMU1,24628,256611498,379,4941,3485,848,4412,-4938
IMU1,24629,256622279,-28,2804,5001,444,3380,-2513
IMU1,24630,256632936,189,1437,5982,498,1254,-433
IMU1,24631,256643508,440,1220,5007,796,-1073,696
IMU1,24632,256654070,131,1266,3279,773,-2229,872
IMU1,24633,256664641,106,1126,2050,204,-2179,454
IMU1,24634,256675186,319,660,1700,-714,-1585,-267
IMU1,24635,256685748,443,350,1691,-1653,-1045,-1362
IMU1,24636,256696683,570,610,1626,-3069,-843,-1387
IMU1,24637,256707425,625,806,1509,-3563,-970,-1175
IMU1,24638,256718180,525,913,1446,-3915,-1106,-789
IMU1,24639,256728940,546,890,1519,-4100,-1148,-267
IMU1,24640,256739700,619,714,1654,-4097,-1131,279
IMU1,24641,256750351,796,403,1797,-3907,-1141,740
IMU1,24642,256761014,980,1,1928,-3563,-1229,1031
IMU1,24643,256771465,1040,-374,2099,-3097,-1374,1136
IMU1,24644,256782605,1040,-747,2370,-1854,-1784,911
IMU1,24645,256793554,1008,-786,2304,-1218,-1962,638
IMU1,24646,256804524,1017,-847,2040,-661,-2122,305
IMU1,24647,256815255,962,-902,1820,-240,-2255,-37
# swing_peak_seq=24621
IMU1,24648,256825695,954,-891,1604,55,-2337,-315
IMU1,24649,256836029,941,-841,1336,242,-2349,-508
IMU1,24650,256846561,857,-796,1167,329,-2313,-598
IMU1,24651,256857109,818,-752,1128,365,-2273,-584
IMU1,24652,256867663,836,-781,1150,386,-2226,-494
IMU1,24653,256878218,1120,-936,1311,420,-2140,-143
IMU1,24654,256888967,1135,-928,1239,506,-2042,59
IMU1,24655,256899415,1144,-940,1137,456,-1950,283
IMU1,24656,256910069,1174,-919,1126,305,-1926,526
IMU1,24657,256920718,1237,-917,1245,94,-1934,764
IMU1,24658,256931175,1189,-939,1456,-119,-1953,977
IMU1,24659,256941925,1030,-974,1641,-300,-2039,1176
IMU1,24660,256952870,967,-998,1681,-438,-2220,1365
IMU1,24661,256963607,1072,-997,1693,-560,-2404,1514
IMU1,24662,256974538,1118,-1027,1851,-703,-2668,1638
IMU1,24663,256985676,990,-984,1940,-668,-2901,1688
IMU1,24664,256996399,702,-878,1900,-549,-3196,1797
IMU1,24665,257007167,537,-883,1883,-394,-3525,1961
IMU1,24666,257017918,620,-903,1932,-195,-3888,2101
IMU1,24667,257028674,609,-828,1868,50,-4213,2133
IMU1,24668,257039117,385,-791,1786,289,-4463,2079
IMU1,24669,257049780,200,-684,1645,501,-4668,1975
IMU1,24670,257060406,162,-421,1429,685,-4832,1850
IMU1,24671,257071564,-90,-336,1396,1029,-4875,1608
IMU1,24672,257082303,-303,-294,1335,1225,-4828,1562
IMU1,24673,257093248,-369,-331,1295,1433,-4833,1591
IMU1,24674,257104189,-253,-477,1496,1652,-4869,1633
IMU1,24675,257115126,-652,-527,1238,1909,-4955,1646
IMU1,24676,257126087,-826,-802,1208,2134,-5016,1715
IMU1,24677,257137039,-882,-987,1099,2346,-5043,1822
IMU1,24678,257148514,-1067,-1316,665,2583,-5066,2009
IMU1,24679,257159658,-1069,-1421,499,2534,-4831,2092
IMU1,24680,257170813,-1189,-1491,387,2379,-4413,2174
IMU1,24681,257181976,-1337,-1561,313,2123,-3945,2295
IMU1,24682,257193141,-1421,-1561,231,1794,-3555,2467
IMU1,24683,257204299,-1352,-1548,227,1445,-3326,2664
IMU1,24684,257215440,-899,-1637,567,963,-3065,2911
IMU1,24685,257226197,-763,-1749,948,924,-2911,2941
IMU1,24686,257236968,-645,-1827,1177,1050,-2744,2900
IMU1,24687,257248098,-495,-1892,1358,1273,-2601,2787
IMU1,24688,257259232,-362,-1950,1549,1544,-2485,2575
IMU1,24689,257270376,-487,-2033,1728,1817,-2363,2299
IMU1,24690,257281527,-609,-2135,1877,2068,-2313,2038
IMU1,24691,257292667,-664,-2163,1858,2399,-2461,1580
IMU1,24692,257303819,-724,-2150,1798,2437,-2556,1389
IMU1,24693,257314978,-823,-2128,1828,2400,-2587,1249
IMU1,24694,257326112,-721,-2084,1832,2324,-2538,1145
IMU1,24695,257337259,-671,-1997,1918,2225,-2412,1032
IMU1,24696,257348417,-755,-1935,2122,2158,-2259,919
IMU1,24697,257361923,-887,-1950,2734,2263,-2211,827
IMU1,24698,257372857,-884,-1976,2888,2424,-2366,827
IMU1,24699,257383792,-774,-1967,2876,2583,-2602,818
IMU1,24700,257394735,-648,-1923,2805,2674,-2847,789
IMU1,24701,257405678,-572,-1866,2689,2682,-2989,747
IMU1,24702,257416631,-1015,-1673,2334,2609,-2974,867
IMU1,24703,257427781,-1221,-1532,2128,2233,-2347,1162
IMU1,24704,257439148,-1218,-1432,2205,1930,-1852,1579
IMU1,24705,257450508,-1195,-1364,2326,1639,-1453,2013
IMU1,24706,257461850,-1035,-1456,2651,1368,-1250,2417
IMU1,24707,257473193,-596,-1626,3486,1262,-1259,2692
IMU1,24708,257484354,-427,-1746,3572,1660,-2259,2551
IMU1,24709,257495517,-459,-1669,3009,1859,-2739,2337
IMU1,24710,257506678,-622,-1607,2480,1859,-2924,2118
IMU1,24711,257517833,-781,-1537,1990,1639,-2746,1985
IMU1,24712,257529000,-820,-1453,1882,1277,-2275,1944
IMU1,24713,257540159,-862,-1416,2159,916,-1733,1963
IMU1,24714,257551118,-928,-1279,2810,690,-1268,2023
IMU1,24715,257562090,-920,-1193,2957,671,-919,2157
IMU1,24716,257572848,-833,-1103,2847,776,-984,2197
IMU1,24717,257583604,-763,-1033,2639,868,-1066,2204
IMU1,24718,257594563,-744,-952,2419,911,-1060,2198
IMU1,24719,257605331,-760,-860,2340,900,-968,2207
IMU1,24720,257615880,-823,-743,2383,889,-805,2242
IMU1,24721,257626424,-902,-622,2448,918,-564,2314
IMU1,24722,257636980,-1036,-459,2575,984,-253,2424
IMU1,24723,257647724,-1252,-149,2967,1201,337,2739
IMU1,24724,257658569,-1377,-9,3102,1348,539,2948
IMU1,24725,257669025,-1478,142,3254,1498,663,3183
IMU1,24726,257679784,-1553,315,3437,1661,764,3420
IMU1,24727,257690551,-1603,505,3719,1859,852,3640
IMU1,24728,257701304,-1647,662,3969,2122,910,3821
IMU1,24729,257712066,-1740,856,4111,2435,971,3955
IMU1,24730,257722833,-1872,1003,4204,2755,1097,4051
IMU1,24731,257733995,-2297,1408,4443,3048,1255,4216
IMU1,24732,257745172,-2380,1692,4422,3540,1476,4295
IMU1,24733,257756346,-2302,2037,4517,3697,1423,4304
IMU1,24734,257767525,-2150,2315,4768,3819,1265,4185
IMU1,24735,257778710,-2016,2675,5036,3956,1038,3898
IMU1,24736,257789897,-2033,2961,5131,4126,677,3437
IMU1,24737,257800874,-2089,3466,4950,4306,341,2853
IMU1,24738,257811849,-2137,3735,4799,4506,226,1345
IMU1,24739,257822826,-1963,3814,4634,4467,424,374
IMU1,24740,257833602,-1317,3689,4395,4332,734,-870
IMU1,24741,257844467,-437,3412,4254,4078,1066,-2502
IMU1,24742,257855528,445,2919,3806,3718,1262,-4606
IMU1,24743,257866514,1146,2363,3105,3197,1322,-7186
IMU1,24744,257877709,1567,1838,2222,2505,1379,-10119
IMU1,24745,257889100,1232,730,2055,1078,2203,-16124
IMU1,24746,257900270,372,463,2137,724,3481,-18744
IMU1,24747,257911048,-898,310,1943,900,5578,-20870
IMU1,24748,257921921,-2347,1141,1572,1647,8447,-22407
IMU1,24749,257933373,-4362,3564,2846,2932,11307,-23406
IMU1,24750,257945051,-5588,6039,4665,4683,12628,-23894
IMU1,24751,257956765,-7997,6290,4381,7183,10580,-23920
IMU1,24752,257968479,-8340,5403,3319,7175,6913,-23397
IMU1,24753,257979971,-7024,4457,1900,6355,3612,-22236
IMU1,24754,257991491,-5954,4577,174,5289,2980,-20165
IMU1,24755,258002775,-4515,5929,-878,4302,4162,-17297
IMU1,24756,258014150,-836,7786,47,2263,7115,-11009
IMU1,24757,258025037,-46,7226,1761,1230,7231,-7891
IMU1,24758,258035916,323,5603,3119,354,5356,-4759
IMU1,24759,258046716,-589,3729,4345,-222,2371,-1688
IMU1,24760,258057703,-1128,2299,4628,-341,-373,1079
IMU1,24761,258068646,-333,1630,4184,-173,-2288,2923
IMU1,24762,258079572,877,1667,2060,-58,-3093,3387
IMU1,24763,258090753,1032,893,1780,-945,-1861,1074
IMU1,24764,258101605,881,488,1999,-1564,-1146,-291
IMU1,24765,258112346,957,494,1924,-1967,-495,-1121
IMU1,24766,258123079,980,621,1765,-2230,-28,-1419
IMU1,24767,258133636,900,725,1636,-2444,-37,-1251
IMU1,24768,258144186,905,776,1607,-2607,-446,-731
IMU1,24769,258154724,904,721,1640,-2683,-948,-17
IMU1,24770,258165069,980,502,1670,-2635,-1365,713
IMU1,24771,258175727,1158,184,1697,-2471,-1676,1299
IMU1,24772,258187307,1224,-585,1785,-1857,-2115,1770
IMU1,24773,258198464,1312,-876,1710,-1473,-2190,1700
IMU1,24774,258209623,1309,-1070,1651,-1099,-2153,1449
IMU1,24775,258220968,1250,-1220,1667,-763,-2066,1096
IMU1,24776,258232113,1147,-1298,1732,-453,-1955,721
# swing_peak_seq=24750
IMU1,24777,258243066,1109,-1306,1515,-173,-1879,391
IMU1,24778,258254535,1199,-1189,1346,210,-1936,-54
IMU1,24779,258265278,1185,-1070,1130,293,-1969,-136
IMU1,24780,258276231,1126,-975,1125,318,-1998,-127
IMU1,24781,258286979,1094,-906,1127,327,-2009,-54
IMU1,24782,258297525,1079,-829,1125,332,-1968,65
IMU1,24783,258307980,953,-786,1086,333,-1878,221
IMU1,24784,258318440,757,-698,861,288,-1760,461
IMU1,24785,258328690,365,-845,1086,158,-1595,816
IMU1,24786,258339147,1277,-1152,1976,127,-1528,1176
IMU1,24787,258350217,981,-1258,1805,561,-2035,1189
IMU1,24788,258363638,679,-1279,1568,739,-2490,1142
IMU1,24789,258374511,507,-1285,1265,844,-2861,1142
IMU1,24790,258385369,497,-1230,1038,865,-3053,1201
IMU1,24791,258396233,585,-1112,918,812,-3082,1286
IMU1,24792,258406900,707,-770,665,704,-2992,1355
IMU1,24793,258417880,505,-822,534,271,-2837,1424
IMU1,24794,258428341,185,-918,974,-3,-2895,1545
IMU1,24795,258438499,233,-748,1045,-146,-3148,1725
IMU1,24796,258449249,596,-826,1016,-163,-3461,1888
IMU1,24797,258460003,818,-736,926,-106,-3722,1952
IMU1,24798,258470551,730,-589,1153,-1,-3892,1929
IMU1,24799,258480908,529,-562,1253,186,-3969,1878
IMU1,24800,258491567,403,-581,1236,445,-4040,1862
IMU1,24801,258502217,218,-588,1351,748,-4161,1877
IMU1,24802,258512878,6,-667,1371,1110,-4339,1926
IMU1,24803,258523853,-92,-806,1276,1867,-4794,2073
IMU1,24804,258534620,-205,-965,979,2189,-4961,2150
IMU1,24805,258545373,-303,-1073,631,2402,-5036,2227
IMU1,24806,258556343,-387,-1112,374,2471,-4966,2332
IMU1,24807,258567315,-549,-1184,284,2408,-4760,2473
IMU1,24808,258578264,-597,-1213,269,2267,-4462,2647
IMU1,24809,258589205,-667,-1282,374,2104,-4221,2826
IMU1,24810,258600655,-890,-1448,707,1899,-4004,3219
IMU1,24811,258611590,-892,-1529,654,1851,-3989,3412
IMU1,24812,258622539,-889,-1561,549,1776,-3931,3558
IMU1,24813,258633494,-932,-1553,329,1649,-3791,3673
IMU1,24814,258644456,-939,-1550,134,1443,-3593,3787
IMU1,24815,258655417,-961,-1575,94,1184,-3335,3894
IMU1,24816,258666179,-933,-1630,207,929,-3019,3990
IMU1,24817,258677455,-810,-1840,982,685,-2510,4024
IMU1,24818,258688204,-768,-1892,1339,781,-2416,3947
IMU1,24819,258699147,-715,-1922,1542,990,-2458,3792
IMU1,24820,258710117,-732,-1938,1739,1263,-2643,3573
IMU1,24821,258721274,-878,-1942,1872,1570,-2879,3317
IMU1,24822,258732437,-1050,-1953,1837,1870,-3083,3076
IMU1,24823,258743805,-1373,-1934,1455,2106,-3220,2722
IMU1,24824,258755153,-1401,-1869,1210,2231,-3115,2607
IMU1,24825,258766522,-1306,-1779,1135,2109,-2907,2483
IMU1,24826,258777865,-1195,-1749,1177,1926,-2599,2330
IMU1,24827,258789221,-1135,-1723,1364,1736,-2221,2152
IMU1,24828,258800576,-1122,-1694,1687,1595,-1862,1967
IMU1,24829,258811925,-1176,-1619,2302,1630,-1652,1617
IMU1,24830,258823273,-1157,-1588,2450,1758,-1815,1454
IMU1,24831,258834638,-1059,-1550,2516,1902,-2080,1263
IMU1,24832,258846008,-955,-1510,2515,2011,-2376,1043
IMU1,24833,258857184,-891,-1512,2341,2054,-2623,811
IMU1,24834,258868149,-864,-1520,2068,1995,-2737,608
IMU1,24835,258879610,-959,-1359,1862,1618,-2425,377
IMU1,24836,258890563,-1010,-1268,1903,1421,-2035,379
IMU1,24837,258901703,-1039,-1186,2173,1282,-1660,421
IMU1,24838,258912842,-1001,-1168,2549,1250,-1405,475
IMU1,24839,258923988,-931,-1122,2822,1322,-1311,510
IMU1,24840,258934937,-818,-1083,2885,1441,-1362,507
IMU1,24841,258945872,-660,-1041,2672,1527,-1656,404
IMU1,24842,258956806,-632,-995,2514,1404,-1751,344
IMU1,24843,258967552,-646,-952,2417,1214,-1743,282
IMU1,24844,258978306,-689,-927,2402,1020,-1649,271
IMU1,24845,258989045,-697,-869,2451,857,-1502,312
IMU1,24846,258999601,-735,-785,2580,773,-1342,375
IMU1,24847,259010158,-823,-693,2658,781,-1156,448
IMU1,24848,259020716,-863,-637,2635,849,-985,531
IMU1,24849,259031090,-843,-634,2591,932,-831,608
IMU1,24850,259041447,-762,-635,2471,988,-645,656
IMU1,24851,259052836,-549,-638,2486,957,-373,608
IMU1,24852,259063197,-440,-641,2499,903,-341,513
IMU1,24853,259073558,-398,-648,2552,853,-380,387
IMU1,24854,259083907,-487,-618,2642,836,-441,270
IMU1,24855,259094251,-697,-468,2706,850,-468,215
IMU1,24856,259104602,-899,-304,2766,891,-449,250
IMU1,24857,259114949,-1105,-160,2905,954,-339,393
IMU1,24858,259125505,-1333,-76,2966,1036,-127,647
IMU1,24859,259136050,-1637,-17,2916,1104,199,1011
IMU1,24860,259146690,-1900,93,2838,1095,668,1473
IMU1,24861,259157262,-2419,421,3629,997,1165,2496
IMU1,24862,259168034,-2736,598,4057,919,1791,3022
IMU1,24863,259178809,-2905,711,4279,1007,1851,3523
IMU1,24864,259189782,-3058,819,4392,1106,1851,3948
IMU1,24865,259200766,-3058,939,4381,1173,1830,4254
IMU1,24866,259211728,-2992,1038,4349,1204,1720,4381
IMU1,24867,259222893,-3007,1261,4364,1225,1573,4332
IMU1,24868,259234069,-3078,1709,4220,1279,1397,4158
IMU1,24869,259245242,-3124,2079,4148,1471,1196,3598
IMU1,24870,259256422,-3230,2479,4187,1581,1195,3199
IMU1,24871,259267599,-3104,2789,4151,1703,1126,2688
IMU1,24872,259278774,-3025,3096,4011,1801,1004,2001
IMU1,24873,259289930,-2731,3194,3824,1840,990,1111
IMU1,24874,259300905,-2109,2933,3766,1820,1145,-56
IMU1,24875,259312287,-841,1883,4064,1717,1559,-3385
IMU1,24876,259323349,-450,1424,3867,1617,1866,-5465
IMU1,24877,259334408,-272,1059,3555,1380,2222,-7682
IMU1,24878,259345458,-268,841,3415,993,2442,-9877
IMU1,24879,259356127,-155,563,3048,496,2488,-11925
IMU1,24880,259369556,-291,-120,2380,-782,3143,-15338
IMU1,24881,259380629,-834,-210,1944,-1385,4293,-16647
IMU1,24882,259391862,-1764,-83,1254,-1846,6083,-17709
IMU1,24883,259403120,-2956,677,1880,-2007,8082,-18649
IMU1,24884,259414476,-4344,2081,3221,-1548,9585,-19507
IMU1,24885,259426054,-5509,3197,4434,-569,10147,-20163
IMU1,24886,259437643,-6891,3632,4204,1053,7543,-20203
IMU1,24887,259449126,-6220,3029,3843,1199,5552,-19386
IMU1,24888,259460616,-5643,2915,2905,1096,4347,-18017
IMU1,24889,259472089,-5257,3426,1687,904,4089,-16196
IMU1,24890,259483340,-4327,4244,1077,629,4403,-14069
IMU1,24891,259494615,-2239,5425,1638,511,5366,-9519
IMU1,24892,259505700,-274,5863,2092,691,5149,-7327
IMU1,24893,259516577,-288,5132,2451,864,4104,-5374
IMU1,24894,259527458,595,4534,2204,902,2633,-3420
IMU1,24895,259538231,306,3324,2428,691,1837,-1695
IMU1,24896,259548991,522,2256,2927,337,1079,-367
IMU1,24897,259559546,697,1533,3138,-65,363,307
IMU1,24898,259569720,735,1150,2824,-539,-288,370
IMU1,24899,259580181,521,941,1754,-1128,-659,119
IMU1,24900,259591161,613,999,1483,-2416,-485,-98
IMU1,24901,259601514,813,1059,1438,-2895,-293,141
IMU1,24902,259612170,1047,1044,1519,-3151,-255,497
IMU1,24903,259623022,1224,1007,1650,-3208,-395,894
IMU1,24904,259633872,1345,863,1810,-3078,-597,1234
IMU1,24905,259644749,1382,625,1971,-2797,-783,1453
IMU1,24906,259655626,1384,316,2096,-2393,-944,1526
IMU1,24907,259666505,1382,-4,2125,-1911,-1079,1452
IMU1,24908,259677785,1301,-460,2003,-893,-1239,990
IMU1,24909,259688543,1278,-530,1683,-470,-1241,706
IMU1,24910,259699288,1338,-523,1432,-189,-1124,399
IMU1,24911,259710024,1107,-604,1437,-54,-1007,141
# swing_peak_seq=24885
IMU1,24912,259720584,1206,-511,1422,46,-1031,41
IMU1,24913,259730836,1168,-410,1290,127,-1062,34
IMU1,24914,259741285,1162,-363,1436,195,-1148,124
IMU1,24915,259751938,1291,-280,1362,286,-1282,259
IMU1,24916,259762584,1194,-283,1488,345,-1384,368
IMU1,24917,259773763,1213,-367,1566,420,-1533,568
IMU1,24918,259784424,1221,-459,1711,458,-1562,632
IMU1,24919,259795093,1176,-495,1775,531,-1651,681
IMU1,24920,259805758,1155,-503,1773,620,-1804,767
IMU1,24921,259816432,1113,-528,1793,701,-2012,906
IMU1,24922,259827101,1012,-543,1763,780,-2277,1099
IMU1,24923,259837984,914,-525,1714,847,-2528,1329
IMU1,24924,259848667,851,-547,1650,884,-2733,1564
IMU1,24925,259859320,756,-629,1466,900,-2922,1976
IMU1,24926,259869979,719,-620,1281,834,-3122,2161
IMU1,24927,259880648,673,-604,1164,717,-3093,2316
IMU1,24928,259891321,574,-618,1135,571,-3042,2464
IMU1,24929,259901978,476,-601,1082,432,-3025,2637
IMU1,24930,259912648,426,-552,999,310,-3056,2826
IMU1,24931,259923117,389,-515,897,203,-3117,3036
IMU1,24932,259933602,337,-481,847,122,-3184,3263
IMU1,24933,259944055,257,-481,859,76,-3275,3504
IMU1,24934,259954311,162,-466,924,92,-3393,3756
IMU1,24935,259964587,83,-498,1051,188,-3482,4002
IMU1,24936,259976085,41,-664,1086,496,-3467,4352
IMU1,24937,259986542,2,-806,1082,653,-3424,4423
IMU1,24938,259996814,-168,-964,938,769,-3415,4448
IMU1,24939,260007373,-301,-1073,772,803,-3398,4510
IMU1,24940,260018135,-483,-1180,620,729,-3288,4652
IMU1,24941,260028893,-511,-1342,911,575,-3145,4810
IMU1,24942,260039661,-584,-1471,1074,466,-3087,4919
IMU1,24943,260050639,-764,-1499,812,391,-3210,4997
IMU1,24944,260061403,-876,-1639,926,291,-3365,5186
IMU1,24945,260072167,-889,-1681,879,176,-3410,5227
IMU1,24946,260082917,-822,-1736,898,139,-3407,5195
IMU1,24947,260093685,-699,-1721,829,124,-3380,5069
IMU1,24948,260104452,-646,-1722,721,114,-3309,4864
IMU1,24949,260115193,-676,-1708,906,124,-3225,4625
IMU1,24950,260125959,-753,-1751,1007,208,-3183,4384
IMU1,24951,260136935,-864,-1748,1113,344,-3167,4163
IMU1,24952,260147909,-1025,-1720,1240,496,-3198,3725
IMU1,24953,260159076,-1101,-1701,1330,731,-3374,3480
IMU1,24954,260170247,-1149,-1703,1382,806,-3442,3226
IMU1,24955,260181389,-1089,-1658,1387,860,-3509,2949
IMU1,24956,260192542,-1035,-1628,1402,888,-3536,2640
IMU1,24957,260203686,-1029,-1616,1424,918,-3476,2326
IMU1,24958,260214835,-1043,-1349,1050,952,-3343,2038
IMU1,24959,260225994,-1395,-1283,679,763,-2693,1627
IMU1,24960,260236935,-1832,-1398,2081,588,-2297,1594
IMU1,24961,260248089,-1399,-1107,2263,767,-2241,1653
IMU1,24962,260259233,-1336,-1126,2440,1097,-2305,1578
IMU1,24963,260270586,-1365,-1136,2297,1421,-2370,1432
IMU1,24964,260281942,-1279,-1002,1874,1623,-2519,1257
IMU1,24965,260293294,-1341,-896,1813,1551,-2298,985
IMU1,24966,260304249,-1347,-837,1934,1440,-2103,932
IMU1,24967,260315188,-1429,-744,2055,1370,-1936,923
IMU1,24968,260326151,-1632,-600,2140,1360,-1782,986
IMU1,24969,260337106,-1904,-483,2156,1386,-1573,1152
IMU1,24970,260348273,-1919,-450,2100,1418,-1404,1393
IMU1,24971,260359434,-1682,-504,2075,1436,-1272,1739
IMU1,24972,260373149,-1527,-542,2109,1452,-993,1803
IMU1,24973,260384101,-1384,-592,2161,1502,-875,1791
IMU1,24974,260395052,-1333,-618,2164,1600,-744,1732
IMU1,24975,260406011,-1289,-571,2081,1730,-554,1658
IMU1,24976,260416952,-1414,-365,1931,1854,-334,1594
IMU1,24977,260427907,-1470,-241,1854,1996,117,1623
IMU1,24978,260438763,-1476,-129,1848,2000,336,1729
IMU1,24979,260449615,-1504,6,1827,1967,543,1881
IMU1,24980,260459978,-1617,113,1881,1905,742,2072
IMU1,24981,260470754,-1778,193,1993,1858,945,2299
IMU1,24982,260481533,-2125,242,2061,1866,1104,2547
IMU1,24983,260492500,-2255,356,1917,1928,1240,2927
IMU1,24984,260503473,-2283,604,1324,1965,1473,3311
IMU1,24985,260514449,-2193,662,1498,1850,2344,3961
IMU1,24986,260525415,-1954,725,1785,1894,2738,4185
IMU1,24987,260536380,-1809,875,2146,2080,3062,4287
IMU1,24988,260547341,-1878,1102,2396,2381,3295,4301
IMU1,24989,260558520,-2068,1284,2456,2709,3389,4297
IMU1,24990,260569682,-2306,1568,2228,2952,3390,4297
IMU1,24991,260580856,-2988,2138,1879,3011,3220,4362
IMU1,24992,260592035,-3136,2437,1594,2591,3078,4389
IMU1,24993,260603224,-3280,2690,1306,2127,2818,4333
IMU1,24994,260614388,-3270,2923,1081,1535,2375,4168
IMU1,24995,260625563,-3125,3233,1114,907,1809,3834
IMU1,24996,260636552,-2952,3339,1435,401,1052,3307
IMU1,24997,260647525,-2813,3516,1854,147,137,2651
IMU1,24998,260658813,-2878,4216,1994,211,-1539,1172
IMU1,24999,260669893,-2967,4365,1820,316,-2154,456
IMU1,25000,260680764,-2975,4612,1490,291,-2535,-196
IMU1,25001,260691731,-3040,4929,1311,61,-2679,-771
IMU1,25002,260702496,-2992,5011,1481,-286,-2795,-1276
IMU1,25003,260713772,-2854,5183,1819,-605,-2937,-1720
IMU1,25004,260725028,-2469,5342,1808,-841,-3425,-2613
IMU1,25005,260736286,-2289,5293,1450,-1433,-3853,-3187
IMU1,25006,260747741,-1925,5113,853,-2054,-4285,-3960
IMU1,25007,260759019,-1450,4695,666,-3015,-4503,-5046
IMU1,25008,260770302,-1100,3654,1089,-4137,-4361,-6503
IMU1,25009,260781776,-893,2465,1942,-5158,-3600,-8232
IMU1,25010,260793048,-924,382,3019,-6136,-1168,-12290
IMU1,25011,260804331,-1128,-198,3283,-5907,186,-14375
IMU1,25012,260815589,-1043,-400,2881,-5248,1673,-16259
IMU1,25013,260827032,-1389,-233,2099,-4396,3194,-17929
IMU1,25014,260838511,-1988,104,1035,-3528,4882,-19320
IMU1,25015,260849859,-4693,1995,-843,-2777,7103,-20388
IMU1,25016,260861339,-7273,3429,1479,-1741,12402,-21553
IMU1,25017,260873131,-8829,4688,3896,-866,12531,-21717
IMU1,25018,260884718,-9558,4623,5288,177,10911,-21497
IMU1,25019,260896203,-7842,3558,5708,1020,7661,-20804
IMU1,25020,260907674,-5974,2504,3505,1430,4620,-17655
IMU1,25021,260919174,-4963,2972,2082,965,2062,-15316
IMU1,25022,260930450,-4072,4181,1840,390,2044,-12775
IMU1,25023,260941726,-2841,5238,1586,-54,2347,-10067
IMU1,25024,260952899,-1478,6172,1380,-426,2469,-7408
IMU1,25025,260964076,-108,6487,1035,-918,2074,-5078
IMU1,25026,260975040,-147,4338,1325,-1578,1614,-1120
IMU1,25027,260986197,39,2932,2278,-2736,996,556
IMU1,25028,260996584,281,1580,3354,-2928,528,1593
IMU1,25029,261007370,743,726,4042,-2802,-179,1836
IMU1,25030,261018027,960,456,3841,-2478,-913,1390
IMU1,25031,261028690,835,462,3050,-2211,-1527,620
IMU1,25032,261039371,679,641,2156,-2098,-1780,-52
IMU1,25033,261049932,703,897,1482,-2118,-1588,-381
IMU1,25034,261060700,789,1098,1103,-2195,-1208,-342
IMU1,25035,261071676,1125,1242,909,-2273,-921,438
IMU1,25036,261082360,1185,1082,817,-2266,-1007,912
IMU1,25037,261093230,1220,830,911,-2251,-1089,1333
IMU1,25038,261104109,1201,468,1128,-2191,-1100,1628
IMU1,25039,261115183,1167,60,1314,-2051,-1103,1760
IMU1,25040,261126071,1263,-290,1394,-1853,-1033,1728
IMU1,25041,261137223,1237,-656,1529,-1651,-885,1556
IMU1,25042,261148174,1454,-1025,1709,-1429,-787,995
IMU1,25043,261159123,1410,-1013,1627,-982,-913,694
# swing_peak_seq=25017
IMU1,25044,261169877,1337,-927,1421,-832,-1123,476
IMU1,25045,261180633,1264,-830,1160,-766,-1279,376
IMU1,25046,261191403,1253,-767,1013,-788,-1347,386
IMU1,25047,261202164,1280,-721,984,-851,-1344,461
IMU1,25048,261212699,1348,-713,1018,-919,-1305,554
IMU1,25049,261223459,1412,-746,1146,-966,-1295,634
IMU1,25050,261234209,1485,-739,1491,-965,-1342,695
IMU1,25051,261245485,1322,-733,1578,-779,-1731,836
IMU1,25052,261256245,1249,-723,1607,-619,-2109,977
IMU1,25053,261266994,1182,-734,1561,-439,-2467,1149
IMU1,25054,261277966,1102,-798,1424,-260,-2697,1329
IMU1,25055,261288934,1115,-881,1352,-123,-2818,1479
IMU1,25056,261299893,1118,-978,1367,-14,-2934,1574
IMU1,25057,261310655,1098,-1037,1296,87,-3089,1618
IMU1,25058,261321522,898,-1036,1168,232,-3420,1641
IMU1,25059,261332395,739,-1017,1164,300,-3595,1678
IMU1,25060,261343267,603,-951,1116,381,-3778,1738
IMU1,25061,261353953,517,-985,1015,445,-3932,1796
IMU1,25062,261364622,491,-899,894,478,-4022,1830
IMU1,25063,261377642,251,-833,694,451,-4037,1867
IMU1,25064,261388091,203,-747,872,358,-4000,1950
IMU1,25065,261399069,773,-700,1175,275,-3872,1822
IMU1,25066,261409746,604,-480,1398,428,-3920,1592
IMU1,25067,261420411,484,-530,1090,671,-4142,1335
IMU1,25068,261431082,556,-664,937,911,-4399,1104
IMU1,25069,261441567,499,-604,1101,1169,-4442,914
IMU1,25070,261452240,318,-770,1144,1487,-4287,775
IMU1,25071,261462919,108,-1040,1109,1859,-4110,712
IMU1,25072,261473796,-144,-977,1150,2244,-3984,720
IMU1,25073,261484565,-402,-1321,934,2585,-3925,761
IMU1,25074,261495329,-438,-1486,863,2904,-4065,805
IMU1,25075,261506087,-363,-1595,463,2894,-4178,806
IMU1,25076,261516842,-264,-1590,172,2744,-4188,758
IMU1,25077,261527602,-257,-1577,114,2485,-4032,691
IMU1,25078,261538371,-337,-1465,88,2207,-3713,664
IMU1,25079,261548936,-433,-1410,82,1962,-3309,736
IMU1,25080,261559498,-518,-1364,276,1782,-2908,900
IMU1,25081,261570268,-599,-1405,469,1703,-2596,1137
IMU1,25082,261581234,-521,-1540,756,1805,-2354,1634
IMU1,25083,261592200,-350,-1600,749,1877,-2261,1778
IMU1,25084,261603161,-222,-1392,947,1927,-2186,1790
IMU1,25085,261614129,69,-1777,938,1961,-2183,1641
IMU1,25086,261624790,122,-2126,1201,2001,-2212,1378
IMU1,25087,261635860,-134,-1995,1369,2133,-2084,1142
IMU1,25088,261647010,-484,-1811,1223,2321,-1790,1027
IMU1,25089,261658175,-947,-1632,853,2443,-981,1212
IMU1,25090,261668931,-1120,-1395,845,2388,-575,1516
IMU1,25091,261679903,-1068,-1366,773,2284,-191,1884
IMU1,25092,261690877,-1063,-1630,1351,2120,212,2208
IMU1,25093,261701951,-998,-1771,2050,2116,512,2473
IMU1,25094,261712836,-930,-1625,2164,2331,574,2688
IMU1,25095,261723711,-1118,-1650,2434,2639,610,2873
IMU1,25096,261734804,-1717,-1469,2175,2953,571,3381
IMU1,25097,261745870,-1899,-1524,1998,3188,435,3745
IMU1,25098,261756965,-1932,-1414,1723,3056,540,4112
IMU1,25099,261768045,-2162,-1484,1796,2756,822,4462
IMU1,25100,261779107,-2303,-1492,1968,2416,1069,4832
IMU1,25101,261790389,-2387,-1401,2156,2115,1248,5214
IMU1,25102,261801683,-2517,-1154,2214,1876,1374,5593
IMU1,25103,261812971,-2892,-1128,2351,1513,1178,6360
IMU1,25104,261824267,-2904,-1160,2369,1398,993,6761
IMU1,25105,261835339,-2878,-1115,2304,1294,815,7067
IMU1,25106,261846430,-2851,-1074,2171,1161,714,7241
IMU1,25107,261857511,-2891,-983,2009,963,693,7288
IMU1,25108,261868180,-3001,-789,1864,698,796,7242
IMU1,25109,261878868,-3282,-377,1659,386,996,7172
IMU1,25110,261889551,-3291,-282,1651,-253,1356,7120
IMU1,25111,261900517,-3200,-141,1758,-486,1370,7156
IMU1,25112,261911491,-3036,-7,1843,-606,1336,7189
IMU1,25113,261922089,-2945,157,1765,-662,1320,7216
IMU1,25114,261932957,-2873,277,1689,-706,1295,7231
IMU1,25115,261943840,-2804,480,1582,-767,1288,7245
IMU1,25116,261954715,-2801,655,1436,-860,1338,7260
IMU1,25117,261965598,-2915,1084,1159,-979,1433,7350
IMU1,25118,261976697,-2784,1271,1163,-1237,1598,7359
IMU1,25119,261988010,-2548,1400,1319,-1267,1625,7294
IMU1,25120,261999292,-2343,1426,1559,-1156,1723,7159
IMU1,25121,262010596,-2103,1507,1643,-913,1911,6978
IMU1,25122,262021689,-1868,1643,1653,-639,2158,6757
IMU1,25123,262032763,-1502,2316,1539,-406,2447,6487
IMU1,25124,262043840,-1256,2762,1494,-183,2812,5756
IMU1,25125,262054922,-902,3111,1462,-172,2667,5235
IMU1,25126,262065805,-563,3326,1454,-164,2439,4571
IMU1,25127,262076682,-359,3368,1456,-107,2183,3796
IMU1,25128,262087571,-276,3457,1373,2,1936,2998
IMU1,25129,262097961,-231,3720,1221,115,1766,2213
IMU1,25130,262108741,-239,4160,1095,182,1594,1432
IMU1,25131,262119535,-335,5107,1292,211,837,-107
IMU1,25132,262130021,-506,5549,1430,389,246,-791
IMU1,25133,262140516,-655,5877,1489,557,-490,-1375
IMU1,25134,262151309,-717,6172,1380,702,-1323,-1888
IMU1,25135,262162246,-724,6134,1130,733,-2219,-2406
IMU1,25136,262173182,-407,5737,978,623,-3106,-3027
IMU1,25137,262183936,-625,5411,1577,419,-3893,-3964
IMU1,25138,262194893,-1075,5654,1666,313,-4787,-4495
IMU1,25139,262206046,-747,5621,570,186,-5748,-5380
IMU1,25140,262216794,-467,5404,-120,-743,-6251,-5963
IMU1,25141,262227741,279,5190,-312,-1520,-6253,-6752
IMU1,25142,262238790,729,4640,44,-2333,-5663,-7974
IMU1,25143,262249552,625,3744,359,-2959,-4579,-9530
IMU1,25144,262260521,612,2884,838,-3325,-3215,-11327
# swing_peak_seq=25118
IMU1,25145,262271655,526,1672,1104,-3399,-1432,-13366
IMU1,25146,262283013,-163,261,1932,-3168,2314,-17823
IMU1,25147,262294166,-861,21,1559,-1791,3985,-19933
IMU1,25148,262305126,-2081,266,1174,-985,5808,-21759
IMU1,25149,262316280,-3604,1532,1652,-108,7579,-23296
IMU1,25150,262327636,-5194,3617,3034,923,8736,-24291
IMU1,25151,262338926,-6175,4841,3163,1879,9348,-24484
IMU1,25152,262350402,-8375,5221,4512,2356,9033,-23029
IMU1,25153,262361877,-8000,4632,4850,2291,6714,-21712
IMU1,25154,262373350,-6588,4205,4660,1962,3967,-19964
IMU1,25155,262387383,-5179,4002,3392,1518,1798,-18042
IMU1,25156,262398842,-3276,5377,1473,285,-488,-14216
IMU1,25157,262410002,-2356,5964,374,-279,306,-11991
IMU1,25158,262420954,-1465,6711,-177,-627,2087,-9388
IMU1,25159,262431991,-800,6853,199,-765,3724,-6645
IMU1,25160,262442739,-372,5718,1219,-829,4514,-3968
IMU1,25161,262453684,367,3835,2974,-787,3914,-1634
IMU1,25162,262464534,1156,2126,4308,-542,2152,30
IMU1,25163,262475085,1136,1096,3249,-207,163,856
IMU1,25164,262486132,866,1254,2044,-650,-1903,541
IMU1,25165,262496772,739,1298,1235,-1560,-1618,76
IMU1,25166,262507404,861,1268,981,-2535,-941,-171
IMU1,25167,262517948,1048,1338,1001,-3289,-366,-63
IMU1,25168,262528667,1204,1462,1140,-3709,-146,346
IMU1,25169,262539492,1381,1504,1233,-3828,-290,943
IMU1,25170,262550353,1477,1372,1303,-3713,-615,1592
IMU1,25171,262561423,1515,622,1569,-3418,-949,2163
IMU1,25172,262572271,1629,145,1650,-2485,-1425,2656
IMU1,25173,262583301,1661,-276,1653,-1970,-1420,2512
IMU1,25174,262594439,1783,-600,1619,-1512,-1274,2127
IMU1,25175,262605582,1872,-826,1608,-1131,-1133,1567
IMU1,25176,262616712,1861,-879,1587,-784,-1068,942
IMU1,25177,262627467,1839,-847,1435,-447,-1103,385
IMU1,25178,262638211,1759,-764,1038,-134,-1179,-9
IMU1,25179,262649172,1570,-493,853,354,-1357,-252
IMU1,25180,262659716,1507,-401,727,508,-1418,-170
IMU1,25181,262670242,1487,-379,686,607,-1405,-29
IMU1,25182,262680570,1538,-411,685,658,-1301,118
IMU1,25183,262691001,1640,-471,769,672,-1125,218
IMU1,25184,262701442,1731,-540,896,667,-949,261
IMU1,25185,262711689,1764,-586,1045,666,-848,272
IMU1,25186,262722128,1740,-615,1181,687,-870,293
IMU1,25187,262732571,1654,-629,1259,738,-978,352
IMU1,25188,262743026,1527,-657,1286,802,-1128,467
IMU1,25189,262753666,1453,-670,1274,864,-1278,636
IMU1,25190,262764843,1411,-721,1129,913,-1491,988
IMU1,25191,262775481,1408,-731,1001,859,-1556,1130
IMU1,25192,262786335,1410,-787,1036,746,-1615,1262
IMU1,25193,262797186,1394,-808,1074,635,-1672,1382
IMU1,25194,262808038,1344,-819,1053,534,-1747,1455
IMU1,25195,262818873,1259,-793,951,425,-1816,1563
IMU1,25196,262829534,1177,-750,839,284,-1856,1701
IMU1,25197,262840185,1139,-783,866,124,-1867,1865
IMU1,25198,262851355,879,-813,711,-142,-1867,2281
IMU1,25199,262861899,831,-744,513,-264,-1879,2560
IMU1,25200,262872437,797,-700,456,-408,-1864,2849
IMU1,25201,262882979,923,-687,688,-542,-1847,3100
IMU1,25202,262893517,1162,-725,909,-581,-1890,3221
IMU1,25203,262904260,898,-766,914,-527,-2009,3259
IMU1,25204,262914802,739,-784,958,-421,-2199,3291
IMU1,25205,262925346,843,-810,1056,-267,-2325,3317
IMU1,25206,262936078,678,-822,973,-67,-2333,3281
IMU1,25207,262946418,348,-861,1075,118,-2352,3204
IMU1,25208,262957060,356,-867,871,540,-2454,3182
IMU1,25209,262967528,229,-891,780,738,-2467,3152
IMU1,25210,262977981,92,-949,704,911,-2471,3141
IMU1,25211,262988241,-36,-1041,742,1062,-2473,3161
IMU1,25212,262998987,-171,-1207,990,1220,-2478,3178
IMU1,25213,263009946,-186,-1352,1124,1411,-2578,3166
IMU1,25214,263021084,-579,-1540,586,1576,-2788,3099
IMU1,25215,263032046,-495,-1590,610,1559,-2791,3047
IMU1,25216,263043010,-562,-1780,744,1328,-2384,2745
IMU1,25217,263053956,-731,-1602,289,1125,-2299,2571
IMU1,25218,263064889,-717,-1687,162,834,-2165,2463
IMU1,25219,263075628,-847,-1710,806,541,-2029,2414
IMU1,25220,263086366,-851,-1719,775,426,-1971,2413
IMU1,25221,263097111,-892,-1929,1001,453,-1978,2447
IMU1,25222,263108054,-1052,-1857,868,598,-2067,2512
IMU1,25223,263119005,-870,-1830,729,752,-2234,2583
IMU1,25224,263130289,-877,-1678,398,920,-2164,2550
IMU1,25225,263141039,-874,-1628,520,849,-1897,2497
IMU1,25226,263151789,-936,-1598,295,768,-1606,2419
IMU1,25227,263162549,-1042,-1615,461,646,-1295,2346
IMU1,25228,263173491,-1192,-1672,445,549,-953,2319
IMU1,25229,263184241,-1388,-1770,512,459,-638,2370
IMU1,25230,263194985,-1533,-1826,597,388,-385,2499
IMU1,25231,263205738,-1584,-1812,848,340,-273,2663
IMU1,25232,263217002,-1410,-1786,877,342,-283,2893
IMU1,25233,263227735,-1303,-1772,964,377,-334,2900
IMU1,25234,263238472,-1178,-1792,1035,438,-408,2813
IMU1,25235,263249411,-1075,-1791,1094,509,-474,2640
IMU1,25236,263260358,-1033,-1753,1181,590,-500,2399
IMU1,25237,263271321,-1074,-1777,1221,678,-494,2127
IMU1,25238,263282262,-1121,-1788,1208,769,-490,1852
IMU1,25239,263293201,-1358,-1683,1256,923,-525,1367
IMU1,25240,263304140,-1510,-1651,1232,991,-570,1208
IMU1,25241,263315085,-1641,-1620,1206,1043,-608,1103
IMU1,25242,263326225,-1751,-1601,1226,1081,-653,1056
IMU1,25243,263337367,-1788,-1597,1210,1112,-718,1051
IMU1,25244,263348524,-1768,-1584,1210,1132,-762,1053
IMU1,25245,263359672,-1707,-1523,1145,1136,-761,1040
IMU1,25246,263370837,-1791,-1518,1183,1055,-546,952
IMU1,25247,263381805,-1894,-1509,1231,997,-423,940
IMU1,25248,263395113,-1890,-1294,731,927,-326,958
IMU1,25249,263405669,-1661,-1076,-658,560,-104,959
IMU1,25250,263416306,-2520,-1732,2418,49,322,981
IMU1,25251,263426764,-2316,-1583,2216,169,308,1146
IMU1,25252,263438142,-1801,-1503,1962,890,-395,1329
IMU1,25253,263449089,-1535,-1540,1687,1205,-563,1259
IMU1,25254,263460243,-1506,-1535,1502,1381,-592,1085
IMU1,25255,263471386,-1347,-1508,1398,1435,-518,860
IMU1,25256,263482339,-1589,-1514,1276,1388,-359,552
IMU1,25257,263493298,-1688,-1495,1272,1261,-169,302
IMU1,25258,263504239,-1837,-1253,1229,1116,-105,23
IMU1,25259,263514987,-1971,-1233,1251,806,-161,-20
IMU1,25260,263525628,-2363,-1296,1391,688,-217,45
IMU1,25261,263536172,-2170,-1098,1210,615,-343,243
IMU1,25262,263546922,-2087,-1188,1104,494,-296,436
IMU1,25263,263557667,-2245,-1531,1131,334,-79,624
IMU1,25264,263568219,-2398,-1798,1396,220,57,864
IMU1,25265,263578675,-2279,-1869,1234,155,115,1142
IMU1,25266,263589529,-2243,-1857,1174,56,196,1374
IMU1,25267,263600182,-1907,-1653,982,-104,302,1517
IMU1,25268,263610929,-1789,-1555,1040,-564,594,1507
IMU1,25269,263621884,-1633,-1451,1179,-746,656,1373
IMU1,25270,263632827,-1525,-1335,1228,-846,632,1198
IMU1,25271,263643780,-1377,-1204,1298,-872,559,1013
IMU1,25272,263654732,-1307,-1096,1360,-825,463,815
IMU1,25273,263665473,-1308,-988,1402,-721,355,616
# exclude_peak_seq=25118
IMU1,25274,263676031,-1262,-901,1387,-579,227,433
IMU1,25275,263686598,-1200,-743,1329,-418,110,265
IMU1,25276,263697644,-1195,-712,1321,-120,-16,-76
IMU1,25277,263707975,-1223,-681,1306,3,-29,-228
IMU1,25278,263718013,-1243,-645,1276,100,-11,-351
IMU1,25279,263728455,-1258,-626,1267,172,14,-443
IMU1,25280,263738804,-1274,-604,1300,221,44,-510
IMU1,25281,263749149,-1278,-598,1342,258,55,-546
IMU1,25282,263759495,-1249,-613,1399,296,43,-561
IMU1,25283,263769846,-1254,-619,1408,338,2,-559
IMU1,25284,263779993,-1234,-618,1427,373,-53,-546
IMU1,25285,263790450,-1228,-648,1450,397,-109,-530
IMU1,25286,263801072,-1232,-677,1460,417,-167,-505
IMU1,25287,263811699,-1265,-747,1451,420,-239,-468
IMU1,25288,263822849,-1310,-768,1420,386,-363,-383
IMU1,25289,263833482,-1339,-796,1379,341,-388,-314
IMU1,25290,263844131,-1351,-802,1350,276,-387,-219
IMU1,25291,263854754,-1417,-819,1348,199,-341,-110
IMU1,25292,263865382,-1413,-831,1280,114,-276,19
IMU1,25293,263875711,-1441,-843,1308,11,-215,165
IMU1,25294,263886035,-1415,-862,1343,-91,-178,325
IMU1,25295,263896460,-1367,-877,1362,-176,-163,477
IMU1,25296,263907084,-1349,-861,1360,-249,-169,618
IMU1,25297,263917715,-1360,-797,1276,-308,-204,749
IMU1,25298,263928369,-1390,-768,1199,-447,-318,1006
IMU1,25299,263939213,-1409,-718,1130,-520,-342,1128
IMU1,25300,263950045,-1454,-682,1075,-603,-323,1254
IMU1,25301,263960884,-1493,-631,982,-687,-262,1378
IMU1,25302,263971527,-1560,-589,905,-769,-169,1513
IMU1,25303,263982178,-1612,-559,896,-845,-46,1666
IMU1,25304,263992616,-1648,-511,935,-889,81,1836
IMU1,25305,264002963,-1617,-486,1006,-888,191,2016
IMU1,25306,264013675,-1587,-342,1085,-840,284,2177
IMU1,25307,264024410,-1625,-286,1043,-677,346,2433
IMU1,25308,264035137,-1621,-283,1025,-596,306,2548
IMU1,25309,264045887,-1650,-264,1028,-510,241,2660
IMU1,25310,264056618,-1701,-235,1006,-409,178,2781
IMU1,25311,264067355,-1745,-193,997,-301,162,2910
IMU1,25312,264077899,-1742,-154,932,-194,203,3041
IMU1,25313,264088449,-1724,-130,916,-96,281,3158
IMU1,25314,264098802,-1711,-101,954,-12,400,3262
IMU1,25315,264109139,-1712,-70,980,62,551,3360
IMU1,25316,264119199,-1702,-56,1109,120,691,3450
IMU1,25317,264130173,-1649,34,1124,204,782,3577
IMU1,25318,264140527,-1619,91,1136,230,749,3602
IMU1,25319,264150887,-1620,149,1226,246,711,3594
IMU1,25320,264161447,-1540,151,1205,281,667,3558
IMU1,25321,264171994,-1514,165,1206,294,577,3482
IMU1,25322,264182556,-1421,229,1152,272,496,3348
IMU1,25323,264193116,-1350,292,1174,218,403,3146
IMU1,25324,264203661,-1318,343,1172,157,314,2893
IMU1,25325,264214203,-1347,394,1178,95,245,2620
IMU1,25326,264224548,-1392,472,1233,43,164,2353
IMU1,25327,264234894,-1432,604,1303,20,50,2101
IMU1,25328,264246077,-1492,682,1291,46,-85,1676
IMU1,25329,264256308,-1546,740,1298,74,-117,1503
IMU1,25330,264266747,-1566,781,1314,103,-136,1373
IMU1,25331,264277395,-1583,826,1291,132,-129,1256
IMU1,25332,264288039,-1573,872,1272,139,-125,1140
IMU1,25333,264298682,-1544,873,1289,127,-145,1015
IMU1,25334,264309318,-1525,861,1332,113,-192,879
IMU1,25335,264319771,-1525,885,1353,104,-255,730
IMU1,25336,264330231,-1531,910,1368,100,-331,577
IMU1,25337,264340684,-1592,921,1362,94,-402,426
IMU1,25338,264351447,-1628,931,1348,92,-450,165
IMU1,25339,264361689,-1682,938,1342,89,-446,65
IMU1,25340,264371720,-1695,932,1321,74,-429,-16
IMU1,25341,264381857,-1722,958,1320,49,-384,-70
IMU1,25342,264392005,-1740,953,1287,22,-333,-106
IMU1,25343,264404895,-1737,942,1258,-22,-298,-123
IMU1,25344,264415325,-1732,975,1214,-81,-264,-130
IMU1,25345,264425768,-1746,1018,1186,-159,-226,-128
IMU1,25346,264436599,-1753,1026,1090,-250,-188,-118
IMU1,25347,264447961,-1768,1044,1088,-435,-131,-55
IMU1,25348,264458606,-1742,1050,1098,-508,-105,-13
IMU1,25349,264469229,-1720,1039,1108,-560,-81,28
IMU1,25350,264479567,-1686,1018,1104,-582,-57,62
IMU1,25351,264489914,-1646,996,1098,-583,-32,91
IMU1,25352,264500059,-1616,983,1105,-573,23,110
IMU1,25353,264510298,-1587,961,1126,-546,94,123
IMU1,25354,264520556,-1551,938,1131,-510,164,133
IMU1,25355,264531008,-1524,937,1140,-473,229,136
IMU1,25356,264541469,-1487,935,1143,-439,271,128
IMU1,25357,264551922,-1458,937,1162,-411,278,109
IMU1,25358,264563418,-1389,923,1198,-378,236,38
IMU1,25359,264573674,-1351,898,1246,-347,211,2
IMU1,25360,264583736,-1319,876,1278,-302,172,-28
IMU1,25361,264594085,-1311,877,1272,-254,143,-54
IMU1,25362,264604434,-1323,865,1273,-217,121,-64
IMU1,25363,264614768,-1346,857,1255,-178,124,-50
IMU1,25364,264625100,-1370,871,1247,-151,162,-14
IMU1,25365,264635441,-1418,904,1208,-138,204,38
IMU1,25366,264645691,-1436,927,1165,-145,220,104
IMU1,25367,264656134,-1434,938,1172,-167,218,175
IMU1,25368,264666575,-1431,954,1217,-192,223,244
IMU1,25369,264677024,-1442,935,1253,-197,231,316
IMU1,25370,264688009,-1509,967,1207,-186,243,489
IMU1,25371,264698440,-1555,1007,1131,-193,254,593
IMU1,25372,264709099,-1590,1054,1094,-222,277,705
IMU1,25373,264719760,-1634,1100,1062,-276,320,827
IMU1,25374,264730410,-1695,1140,1025,-335,374,944
IMU1,25375,264741055,-1732,1176,1032,-396,398,1058
IMU1,25376,264751921,-1784,1211,1050,-450,400,1167
IMU1,25377,264762785,-1829,1264,1062,-487,384,1276
IMU1,25378,264773652,-1893,1413,1069,-502,354,1504
IMU1,25379,264784506,-1923,1519,1123,-478,361,1621
IMU1,25380,264795350,-1965,1646,1144,-440,334,1735
IMU1,25381,264806202,-1990,1760,1234,-390,236,1842
IMU1,25382,264817062,-1972,1818,1246,-311,100,1949
IMU1,25383,264827904,-1992,1905,1228,-242,8,2066
IMU1,25384,264838361,-2084,2028,1224,-205,-35,2197
IMU1,25385,264849105,-2142,2220,1212,-197,-69,2347
IMU1,25386,264859855,-2091,2607,1213,-226,-102,2496
IMU1,25387,264870791,-1848,2757,1253,-384,-80,2667
IMU1,25388,264881535,-1676,2872,1418,-454,-51,2663
IMU1,25389,264892287,-1504,3011,1550,-465,-68,2599
IMU1,25390,264903046,-1385,3239,1761,-427,-158,2470
IMU1,25391,264913993,-1241,3407,1912,-327,-363,2270
IMU1,25392,264924947,-1066,3711,2051,-184,-660,1999
IMU1,25393,264935902,-925,4095,2085,-30,-1022,1644
IMU1,25394,264946648,-937,5083,2106,89,-1398,1216
IMU1,25395,264957319,-967,5415,2076,160,-2250,268
IMU1,25396,264967990,-983,5698,1865,104,-2714,-204
IMU1,25397,264978742,-946,5940,1576,-30,-3128,-682
IMU1,25398,264989403,-654,6009,1148,-259,-3588,-1213
IMU1,25399,265000456,-235,6105,844,-584,-4136,-1917
IMU1,25400,265011319,193,6039,493,-1001,-4697,-2869
IMU1,25401,265022264,655,5804,313,-1519,-5154,-4118
IMU1,25402,265033227,1194,4587,907,-2094,-5223,-5696
IMU1,25403,265044388,1141,3417,1010,-2941,-3781,-9681
IMU1,25404,265055749,1363,2392,1339,-3103,-2506,-11948
IMU1,25405,265067331,1037,1360,1468,-3044,-981,-14374
IMU1,25406,265078695,503,895,1537,-2840,799,-16700
IMU1,25407,265089566,-72,424,1036,-2533,2595,-18802
IMU1,25408,265100528,-1660,565,1266,-2149,4556,-20619
IMU1,25409,265111892,-2858,1558,2439,-72,9306,-23396
IMU1,25410,265123082,-4974,3363,3101,1904,11830,-24202
IMU1,25411,265134773,-7173,5199,2750,3964,13851,-24232
IMU1,25412,265146466,-9267,7678,2279,5281,14579,-23667
IMU1,25413,265158167,-8384,4902,4612,5274,11982,-23027
IMU1,25414,265169875,-6875,2991,5127,2705,3984,-21098
IMU1,25415,265181366,-5828,2817,4324,1922,3004,-18986
IMU1,25416,265192848,-4930,3614,3570,1372,1955,-16588
IMU1,25417,265204329,-4091,4469,2155,770,1305,-13818
IMU1,25418,265215607,-3339,5120,1810,258,2228,-10507
IMU1,25419,265226890,460,5976,2268,-452,2668,-4573
IMU1,25420,265237749,1132,5808,1932,-983,1745,-3021
IMU1,25421,265248819,462,4943,1348,-1685,1125,-1853
IMU1,25422,265259868,-270,3542,1340,-2464,1077,-537
IMU1,25423,265270825,-166,2197,2162,-3112,1167,756
IMU1,25424,265281696,462,1077,3207,-3396,942,1570
IMU1,25425,265292453,982,370,3712,-3251,288,1758
IMU1,25426,265303547,1066,115,3123,-2379,-1068,1095
IMU1,25427,265314617,1176,227,2236,-2018,-1445,715
IMU1,25428,265325484,1135,397,1896,-1811,-1328,482
IMU1,25429,265336340,1237,473,1705,-1692,-982,412
IMU1,25430,265346999,1258,515,1719,-1611,-757,454
IMU1,25431,265357664,1058,586,1191,-1610,-700,638
IMU1,25432,265368337,1053,393,1582,-1663,-700,936
IMU1,25433,265379007,1169,162,1752,-1691,-798,1230
IMU1,25434,265390401,957,-456,1714,-1623,-1130,1622
IMU1,25435,265401353,960,-800,1628,-1556,-1230,1732
IMU1,25436,265414874,1101,-1077,1678,-1481,-1272,1778
IMU1,25437,265426247,1193,-1204,1667,-1373,-1335,1760
IMU1,25438,265437582,1114,-1255,1310,-1242,-1628,1633
# swing_peak_seq=25412
IMU1,25439,265448935,1071,-1250,972,-1313,-1746,1594
IMU1,25440,265460095,941,-1330,649,-1524,-1732,1593
IMU1,25441,265471046,805,-1525,435,-1840,-1525,1621
IMU1,25442,265481991,605,-1900,334,-2220,-1204,1667
IMU1,25443,265492943,803,-2239,103,-2593,-969,1680
IMU1,25444,265503678,868,-1674,544,-2938,-715,1629
IMU1,25445,265514434,852,-1490,129,-3167,-812,1202
IMU1,25446,265525185,598,-1401,-49,-3493,-1271,983
IMU1,25447,265535833,676,-1466,231,-3642,-1565,854
IMU1,25448,265546601,272,-1346,80,-3643,-1793,815
IMU1,25449,265557145,527,-1739,-653,-3577,-1770,914
IMU1,25450,265567998,639,-2030,-497,-3564,-1482,1078
IMU1,25451,265579071,546,-2095,-377,-3512,-1108,1274
IMU1,25452,265590146,279,-1944,31,-3430,-806,1480
IMU1,25453,265600702,194,-2145,740,-3281,-713,1674
IMU1,25454,265611437,-151,-1748,588,-2652,-1276,1992
IMU1,25455,265622488,941,-2202,433,-2248,-1837,2096
IMU1,25456,265633437,1057,-2091,331,-1868,-2425,1852
IMU1,25457,265644577,623,-1835,428,-1541,-2872,1459
IMU1,25458,265655536,458,-1762,-50,-1238,-3167,1023
IMU1,25459,265666389,155,-1545,-366,-1045,-3345,570
IMU1,25460,265677240,-101,-1333,-246,-934,-3338,176
IMU1,25461,265688485,-21,-1380,-222,-644,-2913,-362
IMU1,25462,265699100,79,-1399,-52,-442,-2683,-550
IMU1,25463,265709448,-136,-1380,459,-173,-2478,-711
IMU1,25464,265720186,-485,-1411,434,175,-2474,-769
IMU1,25465,265730835,-719,-1312,495,527,-2691,-707
IMU1,25466,265741477,-782,-1227,453,888,-3054,-562
IMU1,25467,265752128,-935,-1153,215,1223,-3529,-380
IMU1,25468,265762975,-1037,-1105,15,1488,-4084,-170
IMU1,25469,265773809,-1156,-1277,-515,1683,-4640,53
IMU1,25470,265784658,-1019,-1361,-679,1824,-5083,517
IMU1,25471,265795706,-987,-1407,-906,1746,-4701,727
IMU1,25472,265806561,-938,-1300,-1135,1577,-4072,919
IMU1,25473,265817617,-866,-1248,-991,1356,-3561,1089
IMU1,25474,265828663,-701,-1272,-730,1154,-3233,1227
IMU1,25475,265839728,-869,-1314,-773,992,-2994,1338
IMU1,25476,265850587,-1043,-1382,-1107,825,-2788,1463
IMU1,25477,265861834,-1019,-1414,-1149,368,-2291,1757
IMU1,25478,265873082,-899,-1390,-962,127,-2003,1869
IMU1,25479,265883920,-693,-1341,-611,-50,-1737,1900
IMU1,25480,265894671,-678,-1275,-250,-125,-1503,1847
IMU1,25481,265905612,-740,-1346,-62,-114,-1298,1749
IMU1,25482,265916352,-905,-1468,106,-55,-1155,1642
IMU1,25483,265927000,-1172,-1646,216,34,-1133,1571
IMU1,25484,265937754,-1581,-1781,302,270,-1549,1576
IMU1,25485,265948721,-1627,-1867,119,388,-1901,1606
IMU1,25486,265959668,-1665,-1830,212,486,-2286,1596
IMU1,25487,265970626,-1537,-1806,64,586,-2681,1547
IMU1,25488,265981390,-1479,-1803,43,661,-2923,1468
IMU1,25489,265992154,-1420,-1765,258,725,-2942,1395
IMU1,25490,266003111,-1468,-1688,399,793,-2707,1343
IMU1,25491,266014077,-1613,-1437,258,850,-2332,1323
IMU1,25492,266025040,-1797,-1424,325,880,-2063,1373
IMU1,25493,266035987,-1912,-1453,514,911,-2254,1461
IMU1,25494,266046951,-1910,-1450,701,1004,-2526,1566
IMU1,25495,266058124,-1868,-1406,795,1148,-2789,1659
IMU1,25496,266069289,-1825,-1286,848,1313,-2965,1722
IMU1,25497,266080436,-1848,-1028,829,1465,-3023,1754
IMU1,25498,266091584,-1797,-973,617,1608,-2946,1768
IMU1,25499,266102531,-1846,-930,752,1606,-2946,1802
IMU1,25500,266113486,-1858,-861,933,1618,-2929,1868
IMU1,25501,266124441,-1790,-908,959,1637,-2883,1960
IMU1,25502,266135401,-1722,-1018,1079,1635,-2890,2035
IMU1,25503,266146759,-1741,-959,1244,1616,-3026,2079
IMU1,25504,266157932,-1742,-847,1486,1598,-3116,2110
IMU1,25505,266169120,-1754,-749,1526,1545,-2825,2135
IMU1,25506,266180289,-1778,-672,1732,1518,-2586,2165
IMU1,25507,266191448,-1868,-600,1754,1527,-2303,2221
IMU1,25508,266202625,-1856,-545,1889,1540,-1986,2295
IMU1,25509,266213795,-1792,-440,2017,1567,-1744,2341
IMU1,25510,266224972,-1561,-323,1933,1587,-1415,2336
IMU1,25511,266236145,-1702,-289,1973,1502,-652,2222
IMU1,25512,266247131,-1853,-289,2167,1457,-546,2205
IMU1,25513,266258066,-1745,-148,2296,1443,-545,2206
IMU1,25514,266269003,-1637,-107,2256,1435,-469,2166
IMU1,25515,266279937,-1718,-66,2182,1393,-395,2095
IMU1,25516,266290689,-1774,7,2158,1311,-381,2030
IMU1,25517,266301144,-1775,83,2116,1204,-406,1967
IMU1,25518,266311791,-1747,159,2024,1075,-415,1895
IMU1,25519,266323165,-1699,232,1954,741,-398,1734
IMU1,25520,266333820,-1661,235,1989,581,-387,1651
IMU1,25521,266344466,-1633,231,2102,462,-382,1555
IMU1,25522,266355110,-1623,238,2215,387,-407,1467
IMU1,25523,266365767,-1620,262,2221,363,-444,1384
IMU1,25524,266376406,-1597,285,2146,350,-483,1312
IMU1,25525,266387052,-1577,294,2052,318,-482,1240
IMU1,25526,266397715,-1576,320,2002,265,-419,1177
IMU1,25527,266408370,-1555,347,1893,195,-316,1126
IMU1,25528,266421568,-1579,373,1886,0,-70,1054
IMU1,25529,266431524,-1645,412,1928,-87,43,1039
IMU1,25530,266441764,-1663,425,1947,-149,90,1040
IMU1,25531,266452199,-1591,421,1925,-183,79,1053
IMU1,25532,266462643,-1503,422,1906,-203,62,1059
IMU1,25533,266473095,-1431,403,1881,-211,52,1043
IMU1,25534,266483540,-1359,375,1827,-214,54,1002
IMU1,25535,266493985,-1318,369,1777,-229,64,944
IMU1,25536,266504241,-1292,372,1761,-249,76,879
IMU1,25537,266515518,-1230,391,1775,-282,67,732
IMU1,25538,266525780,-1176,386,1752,-279,47,661
IMU1,25539,266536036,-1172,409,1748,-278,23,597
IMU1,25540,266546288,-1158,417,1759,-264,6,536
IMU1,25541,266556354,-1158,440,1737,-249,-23,493
IMU1,25542,266566705,-1183,453,1718,-238,-45,459
IMU1,25543,266577056,-1184,457,1713,-225,-64,438
IMU1,25544,266587401,-1160,453,1711,-205,-84,424
IMU1,25545,266597745,-1132,464,1728,-174,-109,409
IMU1,25546,266608292,-1112,454,1732,-137,-142,387
IMU1,25547,266618846,-1094,439,1701,-94,-176,359
IMU1,25548,266629199,-1073,441,1687,-53,-199,333
IMU1,25549,266640577,-1083,447,1670,33,-164,299
IMU1,25550,266650821,-1104,448,1667,54,-129,316
IMU1,25551,266661068,-1115,460,1680,90,-74,312
IMU1,25552,266671127,-1121,464,1679,101,-21,322
IMU1,25553,266681375,-1116,479,1680,107,22,345
IMU1,25554,266691534,-1116,487,1689,94,45,366
IMU1,25555,266701485,-1106,486,1706,76,57,377
IMU1,25556,266711444,-1102,483,1738,50,51,390
IMU1,25557,266721412,-1114,480,1764,31,40,405
IMU1,25558,266731366,-1183,505,1796,14,44,430
IMU1,25559,266741339,-1255,536,1805,-7,53,475
IMU1,25560,266751207,-1325,566,1819,-30,68,541
IMU1,25561,266761272,-1377,607,1800,-55,119,631
IMU1,25562,266771530,-1412,671,1800,-94,197,741
IMU1,25563,266781784,-1466,716,1855,-140,295,855
IMU1,25564,266792241,-1576,761,1913,-183,424,986
IMU1,25565,266802705,-1908,911,1983,-223,553,1151
IMU1,25566,266813382,-2076,1048,1975,-331,836,1619
IMU1,25567,266824242,-2257,1225,1948,-438,1041,1915
IMU1,25568,266835294,-2434,1413,1878,-588,1265,2226
IMU1,25569,266846360,-2585,1591,1900,-789,1464,2544
IMU1,25570,266857444,-2645,1787,2058,-993,1623,2852
IMU1,25571,266868494,-2659,1881,2269,-1155,1726,3127
IMU1,25572,266879757,-2602,2206,2920,-1233,1757,3353
IMU1,25573,266891045,-2419,2361,3135,-1104,1368,3596
IMU1,25574,266902321,-2303,2586,3131,-934,995,3575
IMU1,25575,266913202,-2290,2859,3109,-766,636,3471
IMU1,25576,266924085,-2239,3064,2983,-607,288,3327
IMU1,25577,266934956,-2114,3202,2824,-473,-9,3152
IMU1,25578,266945531,-1950,3363,2714,-361,-179,2919
IMU1,25579,266956490,-1813,3730,2730,-255,-275,2613
IMU1,25580,266967460,-1641,3917,2659,69,-539,1860
IMU1,25581,266978123,-1553,4156,2438,251,-730,1433
IMU1,25582,266988997,-1401,4420,2162,392,-1031,900
IMU1,25583,266999864,-1267,4671,1762,434,-1393,207
IMU1,25584,267010737,-886,4795,1249,349,-1797,-724
IMU1,25585,267021503,-584,4417,825,110,-2240,-1971
IMU1,25586,267032265,-293,4382,1035,-202,-2571,-3500
IMU1,25587,267043334,-22,3104,1714,-432,-2255,-7385
IMU1,25588,267054205,193,2076,1939,-321,-68,-9682
IMU1,25589,267064768,146,1249,2366,76,1625,-12141
IMU1,25590,267075535,20,413,2680,724,3399,-14618
IMU1,25591,267086101,-12,-215,2896,1537,4799,-16997
IMU1,25592,267097063,-268,-614,2545,2380,5917,-19226
IMU1,25593,267108251,-1054,-619,2034,3099,6740,-21296
IMU1,25594,267119627,-2459,-91,1943,3589,7045,-23136
IMU1,25595,267130813,-6755,3240,3381,3622,6065,-25366
IMU1,25596,267142313,-8348,3680,3431,2913,4330,-25321
IMU1,25597,267153811,-9054,4158,4279,1741,2102,-24572
IMU1,25598,267165309,-8410,3684,5083,685,18,-23163
IMU1,25599,267176192,-7286,3273,4460,-1,-1145,-21045
IMU1,25600,267187267,-6090,4372,2459,-441,-1435,-18489
IMU1,25601,267198709,-2588,5417,1528,-479,389,-13153
IMU1,25602,267209868,-2125,5654,1064,-170,1740,-10773
IMU1,25603,267221202,416,6239,1187,60,1828,-8587
IMU1,25604,267231761,720,6211,1114,172,969,-6766
IMU1,25605,267242319,1346,5996,283,170,-34,-4719
IMU1,25606,267252770,-984,4758,-144,-13,-304,-2449
IMU1,25607,267263307,21,3952,41,-395,-567,141
IMU1,25608,267273162,664,2685,385,-1009,290,2025
IMU1,25609,267283689,1325,518,2008,-1901,1089,2935
IMU1,25610,267294621,1363,46,2669,-3647,865,2744
IMU1,25611,267305162,1613,70,2597,-4070,230,2269
IMU1,25612,267315695,1677,264,2263,-4147,-381,1870
IMU1,25613,267326530,1816,534,1963,-3922,-777,1659
IMU1,25614,267337374,1953,743,1683,-3474,-953,1593
IMU1,25615,267348230,2022,867,1473,-2896,-986,1578
IMU1,25616,267359072,2026,858,1210,-2284,-990,1565
IMU1,25617,267369926,1935,465,658,-1721,-1017,1556
IMU1,25618,267381277,1699,185,441,-937,-1048,1646
IMU1,25619,267391909,1590,-122,425,-725,-1009,1703
IMU1,25620,267402645,1563,-400,473,-582,-933,1722
IMU1,25621,267413170,1525,-635,517,-500,-874,1699
# swing_peak_seq=25595
IMU1,25622,267426258,1512,-815,559,-469,-807,1625
IMU1,25623,267436783,1521,-927,527,-494,-714,1508
IMU1,25624,267447330,1495,-1021,585,-565,-655,1190
IMU1,25625,267458069,1546,-1023,586,-688,-699,1040
IMU1,25626,267468798,1559,-993,593,-703,-745,919
IMU1,25627,267479167,1531,-923,559,-660,-804,819
IMU1,25628,267489495,1541,-844,497,-583,-868,758
IMU1,25629,267499822,1567,-784,474,-483,-915,719
IMU1,25630,267510168,1588,-700,536,-347,-918,682
IMU1,25631,267520511,1592,-646,606,-186,-890,643
IMU1,25632,267530822,1600,-612,694,-11,-878,608
IMU1,25633,267540943,1569,-561,802,169,-936,590
IMU1,25634,267551174,1512,-498,876,343,-1071,592
IMU1,25635,267561617,1479,-613,933,507,-1289,625
IMU1,25636,267572045,1285,-335,1184,662,-1533,709
IMU1,25637,267583183,1331,-697,959,944,-1892,946
IMU1,25638,267593642,1402,-1038,907,989,-2050,1060
IMU1,25639,267604470,1261,-759,982,1006,-2084,1192
IMU1,25640,267615311,1147,-748,876,984,-2058,1388
IMU1,25641,267625956,1113,-631,911,937,-2024,1580
IMU1,25642,267636612,982,-587,882,881,-2034,1765
IMU1,25643,267647041,744,-266,897,811,-2110,1967
IMU1,25644,267657480,749,-555,750,707,-2303,2156
IMU1,25645,267667939,837,-630,816,588,-2473,2368
IMU1,25646,267678916,597,-447,941,540,-2534,2751
IMU1,25647,267689368,335,-384,933,647,-2545,2937
IMU1,25648,267699806,384,-449,822,803,-2617,3161
IMU1,25649,267710239,438,-486,806,981,-2644,3357
IMU1,25650,267720682,291,-371,831,1147,-2584,3514
IMU1,25651,267731320,125,-382,854,1302,-2502,3654
IMU1,25652,267741956,-45,-444,809,1447,-2472,3812
IMU1,25653,267752498,-166,-465,742,1581,-2447,3990
IMU1,25654,267763242,-302,-491,609,1668,-2376,4174
IMU1,25655,267773975,-640,-801,661,1690,-2260,4361
IMU1,25656,267784716,-827,-1002,672,1623,-1930,4790
IMU1,25657,267795651,-961,-1173,706,1540,-1751,5035
IMU1,25658,267806608,-1071,-1237,749,1431,-1591,5273
IMU1,25659,267817763,-1154,-1307,810,1304,-1485,5491
IMU1,25660,267828889,-1213,-1377,817,1182,-1414,5678
IMU1,25661,267840025,-1355,-1371,831,1042,-1345,5847
IMU1,25662,267851138,-1605,-1327,956,888,-1342,6121
IMU1,25663,267862079,-1697,-1371,1003,629,-1463,6237
IMU1,25664,267873229,-1701,-1355,890,510,-1410,6330
IMU1,25665,267884187,-1688,-1294,695,340,-1226,6360
IMU1,25666,267895111,-1718,-1301,598,92,-947,6327
IMU1,25667,267905663,-1716,-1356,739,-193,-676,6243
IMU1,25668,267916491,-1704,-1394,1058,-425,-484,6094
IMU1,25669,267927521,-1666,-1325,1532,-541,-419,5873
IMU1,25670,267938555,-1864,-983,1476,-455,-517,5282
IMU1,25671,267949397,-2113,-810,1339,-380,-579,5032
IMU1,25672,267960250,-2307,-657,1264,-329,-655,4861
IMU1,25673,267971093,-2356,-494,1179,-287,-726,4751
IMU1,25674,267981947,-2390,-331,1156,-249,-739,4661
IMU1,25675,267992792,-2400,-313,1099,-212,-662,4580
IMU1,25676,268003641,-2234,-273,1050,-187,-567,4469
IMU1,25677,268014477,-2026,-82,1023,-174,-433,4280
IMU1,25678,268025622,-2111,53,1115,-201,-130,3727
IMU1,25679,268036161,-2206,208,1265,-195,-129,3480
IMU1,25680,268046890,-2284,372,1341,-138,-221,3258
IMU1,25681,268057607,-2256,503,1371,-58,-382,3064
IMU1,25682,268068126,-2248,575,1480,36,-576,2876
IMU1,25683,268078563,-2217,548,1617,150,-774,2691
IMU1,25684,268089207,-2198,550,1696,276,-957,2503
IMU1,25685,268099852,-2202,614,1605,379,-1046,2321
IMU1,25686,268110681,-2297,807,1390,421,-1076,2147
IMU1,25687,268121521,-2341,871,1354,329,-1102,1858
IMU1,25688,268132377,-2367,909,1347,224,-1114,1761
IMU1,25689,268143225,-2266,915,1368,137,-1126,1674
IMU1,25690,268154067,-2159,906,1486,56,-1122,1583
IMU1,25691,268164724,-2046,892,1600,24,-1122,1465
IMU1,25692,268175351,-1968,911,1694,37,-1147,1328
IMU1,25693,268185998,-1903,956,1730,79,-1175,1175
IMU1,25694,268196649,-1872,992,1738,131,-1216,1021
IMU1,25695,268207490,-1873,1070,1623,208,-1224,786
IMU1,25696,268218328,-1919,1119,1531,205,-1137,720
IMU1,25697,268229178,-2008,1180,1454,159,-993,697
IMU1,25698,268239818,-2093,1228,1388,67,-829,726
IMU1,25699,268250263,-2101,1265,1404,-41,-691,779
IMU1,25700,268260799,-2013,1269,1483,-138,-591,832
IMU1,25701,268271551,-1924,1240,1585,-201,-480,868
IMU1,25702,268282298,-1886,1198,1631,-221,-357,890
IMU1,25703,268293046,-1880,1183,1658,-217,-249,906
IMU1,25704,268304291,-1872,1176,1683,-162,-106,964
IMU1,25705,268315011,-1862,1148,1640,-130,-47,991
IMU1,25706,268325543,-1865,1155,1567,-107,37,1018
IMU1,25707,268336187,-1882,1179,1500,-114,123,1057
IMU1,25708,268347023,-1884,1188,1460,-157,207,1097
IMU1,25709,268357867,-1887,1189,1448,-229,289,1136
IMU1,25710,268368710,-1883,1193,1449,-313,337,1165
IMU1,25711,268379561,-1838,1188,1448,-398,345,1173
IMU1,25712,268390932,-1752,1167,1469,-545,321,1098
IMU1,25713,268401772,-1718,1164,1488,-585,297,1031
IMU1,25714,268412614,-1682,1195,1488,-603,272,956
IMU1,25715,268423267,-1674,1230,1477,-592,264,869
IMU1,25716,268436469,-1643,1260,1418,-564,264,778
IMU1,25717,268447120,-1610,1318,1434,-534,273,684
IMU1,25718,268458286,-1614,1339,1402,-459,302,522
IMU1,25719,268468922,-1625,1390,1399,-435,303,461
IMU1,25720,268479565,-1629,1412,1347,-413,306,407
IMU1,25721,268490215,-1640,1442,1327,-415,322,373
IMU1,25722,268500851,-1659,1518,1360,-427,369,352
IMU1,25723,268511483,-1667,1580,1378,-440,424,342
IMU1,25724,268522130,-1697,1614,1367,-455,457,341
IMU1,25725,268532766,-1775,1713,1385,-475,481,355
IMU1,25726,268543417,-1833,1910,1497,-497,490,377
IMU1,25727,268554080,-1897,2062,1632,-508,429,431
IMU1,25728,268564724,-1958,2219,1774,-466,355,458
IMU1,25729,268575370,-2023,2338,1843,-406,219,481
IMU1,25730,268586007,-2073,2580,1973,-340,47,492
IMU1,25731,268596447,-2197,2834,2216,-258,-132,492
IMU1,25732,268607195,-2428,3159,2373,-159,-357,501
IMU1,25733,268617970,-2610,3531,2416,-66,-675,534
IMU1,25734,268628520,-2825,3830,2332,-3,-992,597
IMU1,25735,268638885,-3013,4078,2176,16,-1199,702
IMU1,25736,268649554,-2799,4166,1781,-17,-1340,926
IMU1,25737,268660306,-2552,4322,1921,-158,-1268,886
IMU1,25738,268671265,-2318,4346,2112,-171,-1319,671
IMU1,25739,268682235,-2076,4397,2242,-102,-1603,261
IMU1,25740,268693190,-1931,4340,2338,18,-1975,-359
IMU1,25741,268703953,-1759,4294,2489,152,-2222,-1187
IMU1,25742,268715113,-1559,4017,2516,271,-2364,-2233
IMU1,25743,268726280,-1114,3397,2386,332,-2262,-3480
IMU1,25744,268737431,-697,2685,2466,263,-1408,-6618
IMU1,25745,268748372,-331,1869,2466,209,-561,-8465
IMU1,25746,268759121,-222,1188,2545,226,658,-10429
IMU1,25747,268769965,-338,733,2680,352,1929,-12407
IMU1,25748,268780807,-349,375,2696,596,2910,-14313
IMU1,25749,268791657,-518,73,2536,889,3697,-16103
IMU1,25750,268802324,-1090,83,2136,1158,4497,-17693
IMU1,25751,268813349,-2893,1495,2173,1407,5439,-20076
IMU1,25752,268824791,-4095,2243,2391,1326,5275,-20689
IMU1,25753,268836233,-5470,2914,2222,1032,4963,-20726
IMU1,25754,268847679,-6143,3721,2001,479,4600,-20199
IMU1,25755,268858942,-6348,3821,1852,-145,4611,-19348
IMU1,25756,268870302,-6145,3693,4107,-516,5073,-18279
IMU1,25757,268881667,-5030,3636,3762,383,4940,-15318
IMU1,25758,268892936,-4045,3758,3345,984,3991,-14075
IMU1,25759,268904195,-3137,3941,2653,1342,2824,-13069
IMU1,25760,268915631,-2458,3934,2138,1485,2123,-12173
IMU1,25761,268927069,-1720,4177,1443,1531,2007,-11164
IMU1,25762,268938507,-224,5509,-89,1210,2587,-8599
IMU1,25763,268949238,736,5530,-250,754,3325,-6980
IMU1,25764,268959884,180,4483,391,237,4200,-5324
IMU1,25765,268970426,-222,4138,1168,-124,3215,-3355
IMU1,25766,268981346,443,3496,1619,-370,1708,-1265
IMU1,25767,268992179,530,2653,2011,-565,980,456
IMU1,25768,269002505,389,1758,2433,-689,362,1654
IMU1,25769,269013044,746,1196,2520,-774,-282,2259
IMU1,25770,269023692,943,889,2185,-931,-670,2233
IMU1,25771,269034152,1279,546,1674,-1238,-743,1096
IMU1,25772,269045002,1256,538,1700,-2022,-231,508
IMU1,25773,269055640,1266,632,1611,-2263,49,173
IMU1,25774,269065992,1278,766,1569,-2390,215,113
IMU1,25775,269076550,1301,735,1586,-2416,212,298
IMU1,25776,269087091,1327,635,1487,-2371,23,685
IMU1,25777,269097437,1373,427,1588,-2254,-256,1173
IMU1,25778,269108283,1462,194,1468,-2064,-550,1624
# swing_peak_seq=25752
IMU1,25779,269119106,1395,-123,1546,-1870,-786,1934
IMU1,25780,269130051,1433,-574,1762,-1639,-943,2091
IMU1,25781,269140981,1512,-781,1868,-1087,-1065,1938
IMU1,25782,269152113,1520,-876,1904,-819,-1106,1657
IMU1,25783,269163044,1580,-922,1826,-574,-1218,1308
IMU1,25784,269173984,1491,-925,1742,-384,-1414,980
IMU1,25785,269184724,1373,-867,1545,-240,-1667,744
IMU1,25786,269195447,1278,-739,1255,-167,-1890,625
IMU1,25787,269206192,1191,-642,1106,-181,-2007,615
IMU1,25788,269216929,1239,-541,1140,-242,-1992,773
IMU1,25789,269227663,1387,-517,1251,-349,-1812,844
IMU1,25790,269238398,1448,-429,1398,-364,-1804,877
IMU1,25791,269249139,1527,-378,1444,-336,-1906,891
IMU1,25792,269259876,1575,-319,1631,-282,-2135,929
IMU1,25793,269270630,1454,-241,1755,-184,-2436,1021
IMU1,25794,269281573,1267,-253,1755,-27,-2790,1210
IMU1,25795,269292316,1120,-211,1681,162,-3122,1502
IMU1,25796,269303158,1029,-275,1460,341,-3331,1847
IMU1,25797,269314008,1018,-320,1309,600,-3484,2455
IMU1,25798,269324835,923,-363,1187,639,-3535,2675
IMU1,25799,269335474,874,-414,1110,638,-3598,2868
IMU1,25800,269346139,802,-454,1062,617,-3607,3027
IMU1,25801,269356787,631,-469,1034,585,-3575,3178
IMU1,25802,269367456,522,-466,1000,539,-3566,3332
IMU1,25803,269378095,448,-469,998,494,-3628,3468
IMU1,25804,269388531,427,-469,995,472,-3720,3574
IMU1,25805,269398987,417,-465,857,473,-3815,3636
IMU1,25806,269410486,437,-397,923,562,-3959,3638
IMU1,25807,269420943,371,-409,1051,701,-3906,3595
IMU1,25808,269431588,293,-577,1094,923,-3904,3531
IMU1,25809,269444809,103,-599,1123,1205,-3962,3470
IMU1,25810,269455641,-85,-743,1168,1529,-4048,3429
IMU1,25811,269466376,-313,-941,999,1862,-3997,3435
IMU1,25812,269477653,-749,-1322,874,2316,-3700,3602
IMU1,25813,269488601,-845,-1453,846,2380,-3511,3738
IMU1,25814,269499556,-939,-1521,810,2366,-3324,3861
IMU1,25815,269510507,-878,-1525,721,2253,-3212,3962
IMU1,25816,269521454,-905,-1518,754,2046,-3196,4008
IMU1,25817,269532401,-866,-1538,812,1809,-3209,4016
IMU1,25818,269543325,-990,-1558,937,1594,-3241,3989
IMU1,25819,269554280,-1225,-1556,944,1295,-3070,4020
IMU1,25820,269565429,-1166,-1559,991,1226,-2878,4056
IMU1,25821,269576590,-963,-1638,1186,1202,-2700,4046
IMU1,25822,269587726,-728,-1733,1420,1249,-2599,3922
IMU1,25823,269598870,-544,-1780,1633,1357,-2576,3667
IMU1,25824,269610008,-477,-1796,1742,1502,-2598,3317
IMU1,25825,269621144,-778,-1712,1701,1739,-2717,2566
IMU1,25826,269632276,-1048,-1615,1485,1749,-2686,2303
IMU1,25827,269643599,-1199,-1422,1370,1647,-2508,2155
IMU1,25828,269654945,-1211,-1268,1460,1474,-2224,2071
IMU1,25829,269666299,-1118,-1224,1709,1304,-1910,1998
IMU1,25830,269677649,-1104,-1159,1968,1214,-1632,1900
IMU1,25831,269688999,-1028,-1138,2107,1303,-1628,1640
IMU1,25832,269700322,-1150,-879,1660,1353,-1769,1485
IMU1,25833,269711458,-1409,-928,1806,1264,-1705,1444
IMU1,25834,269722598,-1160,-802,2223,1205,-1519,1496
IMU1,25835,269733735,-1023,-840,2801,1371,-1351,1471
IMU1,25836,269744877,-1202,-733,2310,1714,-1240,1379
IMU1,25837,269756025,-1515,-711,2682,2144,-917,1290
IMU1,25838,269766981,-1442,-832,2775,2441,-625,1321
IMU1,25839,269777921,-1527,-852,2360,2728,-331,1348
IMU1,25840,269788854,-1546,-732,2260,2811,32,1394
IMU1,25841,269799498,-1595,-574,2170,2745,431,1464
IMU1,25842,269810357,-1712,-388,2109,2569,753,1565
IMU1,25843,269821213,-1814,-232,2132,2338,950,1711
IMU1,25844,269832083,-1595,-158,2300,2112,1018,1889
IMU1,25845,269843131,-1329,-278,2463,1870,736,2094
IMU1,25846,269853987,-1097,-316,2556,1924,477,2048
IMU1,25847,269864845,-1035,-307,2542,2094,341,1927
IMU1,25848,269875691,-1102,-257,2451,2302,425,1833
IMU1,25849,269886539,-1245,-151,2325,2475,676,1809
IMU1,25850,269897393,-1382,-72,2220,2557,950,1871
IMU1,25851,269908068,-1478,75,2150,2509,1199,2006
IMU1,25852,269918834,-1623,331,2072,2323,1389,2375
IMU1,25853,269929801,-1623,326,2116,1722,1441,2572
IMU1,25854,269940730,-1510,296,2212,1436,1369,2736
IMU1,25855,269951693,-1389,292,2281,1228,1352,2842
IMU1,25856,269962658,-1385,262,2405,1101,1342,2894
IMU1,25857,269973606,-1480,290,2318,1054,1305,2920
IMU1,25858,269984561,-1550,394,2149,1007,1278,2934
IMU1,25859,269995526,-1549,519,2094,926,1244,2915
IMU1,25860,270006293,-1522,560,2028,748,1101,2772
IMU1,25861,270017063,-1461,597,1965,639,974,2639
IMU1,25862,270027618,-1388,600,1892,554,846,2457
IMU1,25863,270038180,-1374,621,1868,484,782,2265
IMU1,25864,270048740,-1425,724,1768,429,790,2095
IMU1,25865,270059293,-1545,836,1693,374,824,1954
IMU1,25866,270069847,-1649,989,1632,319,897,1863
IMU1,25867,270080394,-1775,1170,1518,252,1016,1813
IMU1,25868,270091332,-1863,1303,1519,173,1107,1800
IMU1,25869,270102796,-1844,1455,1697,118,1162,1822
IMU1,25870,270113741,-1882,1511,1702,149,1196,1837
IMU1,25871,270124701,-1976,1654,1616,190,1299,1846
IMU1,25872,270135647,-2146,1858,1563,186,1474,1898
IMU1,25873,270146606,-2344,2145,1513,131,1687,2003
IMU1,25874,270157552,-2507,2436,1436,27,1855,2132
IMU1,25875,270168318,-2561,2593,1434,-104,1891,2251
IMU1,25876,270179371,-2453,2895,1470,-319,1754,2315
IMU1,25877,270190433,-2409,2981,1521,-352,1618,2235
IMU1,25878,270201486,-2370,3178,1506,-307,1443,2102
IMU1,25879,270212561,-2403,3338,1385,-229,1199,1931
IMU1,25880,270223614,-2508,3587,1308,-138,881,1740
IMU1,25881,270234468,-2573,3788,1281,-35,499,1542
IMU1,25882,270245109,-2614,3984,1337,79,131,1342
IMU1,25883,270255670,-2714,4443,1230,191,-476,940
IMU1,25884,270266340,-2690,4688,1303,220,-774,719
IMU1,25885,270276999,-2528,4907,1434,160,-1110,430
IMU1,25886,270287863,-2348,4886,1643,139,-1534,47
IMU1,25887,270298516,-2081,4738,1705,209,-1961,-410
IMU1,25888,270309463,-1798,4701,1657,328,-2298,-955
IMU1,25889,270320430,-1635,4583,1496,429,-2550,-1627
IMU1,25890,270331587,-1424,4379,1304,468,-2751,-2393
IMU1,25891,270342766,-702,3967,1196,293,-2910,-4246
IMU1,25892,270353705,-373,3574,1464,136,-2776,-5374
IMU1,25893,270364648,-138,3136,1595,10,-2521,-6629
IMU1,25894,270375398,160,2649,1515,-168,-2254,-7985
IMU1,25895,270386341,397,2278,1454,-472,-1908,-9447
IMU1,25896,270397304,400,1876,1667,-859,-1433,-10991
IMU1,25897,270408455,229,1418,1848,-1204,-876,-12502
IMU1,25898,270419585,132,880,1796,-1640,938,-15219
IMU1,25899,270430422,-148,783,1809,-1681,2146,-16508
IMU1,25900,270441556,-651,980,1839,-1536,3547,-17730
IMU1,25901,270455163,-1531,1592,2529,-1136,4788,-18837
IMU1,25902,270466739,-3415,3135,3287,-373,5450,-19720
IMU1,25903,270478089,-4079,3517,2604,1363,6026,-20288
IMU1,25904,270489549,-5027,3420,1858,1773,6491,-20008
IMU1,25905,270501016,-5643,4050,1398,1787,6729,-19411
IMU1,25906,270512468,-6493,3517,1525,1493,6433,-18595
IMU1,25907,270523927,-4994,3184,2359,1253,5266,-17475
IMU1,25908,270535414,-2308,3308,1324,1271,3260,-15247
IMU1,25909,270546881,-1498,4081,651,1398,4111,-13478
IMU1,25910,270558126,-197,5277,550,1594,5581,-11134
IMU1,25911,270569210,566,5555,1103,1749,6624,-8468
IMU1,25912,270580179,106,4859,1959,1803,6123,-5614
IMU1,25913,270591140,-676,3787,1788,1669,3922,-2818
IMU1,25914,270602208,-864,1493,1776,588,-267,1779
IMU1,25915,270612857,-479,646,2315,65,-1263,3067
IMU1,25916,270623312,726,509,2664,-255,-2412,3435
IMU1,25917,270633969,1740,937,2892,-481,-3365,2870
IMU1,25918,270644823,2186,975,1982,-852,-2875,1736
IMU1,25919,270655671,1393,825,1418,-1491,-1506,495
IMU1,25920,270666537,767,733,1504,-2115,-770,-378
IMU1,25921,270677083,879,827,1487,-2541,-485,-768
IMU1,25922,270687623,1109,978,1338,-2830,-137,-838
IMU1,25923,270698887,899,816,1356,-3150,310,-311
IMU1,25924,270709344,822,520,1414,-3154,36,205
IMU1,25925,270719503,801,187,1545,-3008,-457,740
IMU1,25926,270729967,835,-71,1654,-2737,-995,1240
IMU1,25927,270740504,1047,-151,1434,-2426,-1459,1633
IMU1,25928,270751634,1077,-325,1733,-2096,-1742,1843
IMU1,25929,270762768,1353,-501,1733,-1711,-1873,1882
# swing_peak_seq=25903
IMU1,25930,270773907,1471,-626,1794,-1325,-1864,1750
IMU1,25931,270785053,1437,-761,1631,-630,-1684,1170
IMU1,25932,270795996,1450,-740,1521,-385,-1710,851
IMU1,25933,270806752,1378,-701,1417,-202,-1757,562
IMU1,25934,270817495,1248,-667,1268,-79,-1785,355
IMU1,25935,270828035,1183,-631,1118,-10,-1780,251
IMU1,25936,270838577,1167,-631,1048,7,-1696,230
IMU1,25937,270848821,1177,-677,1019,-3,-1497,266
IMU1,25938,270859142,1261,-730,997,-35,-1219,328
IMU1,25939,270869485,1368,-806,1015,-83,-946,388
IMU1,25940,270879813,1353,-860,1107,-129,-713,439
IMU1,25941,270890364,1345,-875,1280,-182,-409,566
IMU1,25942,270900887,1302,-901,1431,-281,-346,646
IMU1,25943,270911414,1258,-943,1617,-283,-351,708
IMU1,25944,270921961,1245,-1025,1648,-244,-464,776
IMU1,25945,270932696,1225,-1066,1624,-193,-679,849
IMU1,25946,270943429,1094,-1054,1588,-149,-961,961
IMU1,25947,270954179,922,-1053,1469,-115,-1253,1084
IMU1,25948,270965123,708,-1021,1211,-126,-1528,1274
IMU1,25949,270976066,602,-1034,1073,-214,-1748,1546
IMU1,25950,270987519,1091,-1152,1335,-336,-1957,1867
IMU1,25951,270998678,1106,-1106,1365,-319,-2022,1858
IMU1,25952,271009832,893,-1037,1250,-282,-2123,1777
IMU1,25953,271020779,802,-970,1220,-257,-2276,1722
IMU1,25954,271031535,641,-947,1182,-217,-2442,1697
IMU1,25955,271042293,374,-905,1071,-157,-2580,1713
IMU1,25956,271053039,197,-856,897,-114,-2716,1809
IMU1,25957,271064620,283,-855,709,-85,-2968,2113
IMU1,25958,271074971,359,-827,687,-58,-3014,2229
IMU1,25959,271085326,387,-796,630,-11,-3016,2307
IMU1,25960,271095694,352,-762,568,51,-3003,2372
IMU1,25961,271105962,221,-770,591,120,-2992,2441
IMU1,25962,271116417,38,-882,635,217,-2989,2543
IMU1,25963,271126684,-172,-1073,663,348,-3012,2697
IMU1,25964,271137435,-372,-1287,681,515,-3113,2896
IMU1,25965,271148189,-476,-1464,570,702,-3317,3111
IMU1,25966,271158961,-472,-1537,300,863,-3545,3300
IMU1,25967,271170235,-399,-1526,190,1029,-3813,3512
IMU1,25968,271181201,-421,-1466,134,1029,-3789,3552
IMU1,25969,271192146,-536,-1443,95,987,-3633,3563
IMU1,25970,271202706,-729,-1461,140,901,-3387,3604
IMU1,25971,271213452,-936,-1527,239,796,-3143,3684
IMU1,25972,271224218,-1062,-1593,320,698,-2974,3781
IMU1,25973,271235181,-1091,-1602,465,608,-2911,3862
IMU1,25974,271246137,-1018,-1553,863,557,-2985,3833
IMU1,25975,271257106,-910,-1521,960,683,-3432,3712
IMU1,25976,271267879,-911,-1507,1124,858,-3689,3534
IMU1,25977,271278834,-1019,-1462,1299,1108,-3893,3339
IMU1,25978,271290186,-1173,-1428,1409,1410,-3993,3174
IMU1,25979,271301561,-1393,-1368,1438,1731,-3990,3072
IMU1,25980,271312934,-1653,-1356,1238,2032,-3942,3050
IMU1,25981,271324302,-1813,-1279,1104,2406,-3555,3242
IMU1,25982,271335658,-1770,-1193,1004,2433,-3179,3382
IMU1,25983,271347027,-1673,-1136,949,2361,-2724,3498
IMU1,25984,271358202,-1630,-1065,999,2210,-2203,3584
IMU1,25985,271369377,-1705,-976,1158,2020,-1651,3664
IMU1,25986,271380511,-1781,-1026,1336,1839,-1202,3758
IMU1,25987,271391845,-1781,-1005,1517,1583,-804,3981
IMU1,25988,271402995,-1671,-990,1761,1550,-759,4071
IMU1,25989,271413940,-1535,-999,2023,1625,-805,4106
IMU1,25990,271424873,-1550,-1028,2216,1791,-901,4078
IMU1,25991,271436021,-1738,-1147,2224,2010,-917,4033
IMU1,25992,271447176,-1680,-1229,1796,2184,-749,4005
IMU1,25993,271460874,-1664,-795,1546,2096,-42,3870
IMU1,25994,271471626,-1735,-523,1612,1958,424,3756
IMU1,25995,271482485,-1743,-460,1675,1821,841,3632
IMU1,25996,271493341,-1729,-562,1808,1700,1045,3491
IMU1,25997,271504384,-1678,-520,1937,1624,1032,3334
IMU1,25998,271515427,-1604,-299,2039,1600,702,2993
IMU1,25999,271526275,-1531,-249,2059,1612,455,2796
IMU1,26000,271537129,-1523,-159,2038,1632,170,2569
IMU1,26001,271547965,-1523,-14,1947,1646,-60,2323
IMU1,26002,271558509,-1559,109,1863,1616,-195,2078
IMU1,26003,271569355,-1606,235,1803,1550,-246,1843
IMU1,26004,271580190,-1696,331,1754,1441,-191,1629
IMU1,26005,271591020,-1841,438,1736,1301,1,1478
IMU1,26006,271601374,-1998,540,1794,1157,263,1413
IMU1,26007,271612653,-2031,605,1845,921,609,1473
IMU1,26008,271623217,-1958,658,1925,832,716,1510
IMU1,26009,271633770,-1919,701,1999,764,812,1519
IMU1,26010,271644340,-1919,713,2062,711,796,1505
IMU1,26011,271654919,-1938,755,2072,672,616,1465
IMU1,26012,271665479,-1949,861,2065,631,348,1396
IMU1,26013,271676043,-1999,963,1979,569,79,1309
IMU1,26014,271686399,-2126,1028,1921,474,-167,1223
IMU1,26015,271697249,-2314,1146,1872,364,-396,1158
IMU1,26016,271708109,-2709,1273,1801,165,-805,1161
IMU1,26017,271718963,-2766,1312,1673,77,-940,1235
IMU1,26018,271729616,-2772,1408,1595,-22,-1000,1297
IMU1,26019,271740551,-2815,1478,1584,-142,-976,1315
IMU1,26020,271751508,-2881,1558,1609,-265,-896,1293
IMU1,26021,271762449,-2924,1635,1659,-378,-828,1254
IMU1,26022,271773390,-3001,1792,1748,-476,-770,1210
IMU1,26023,271784353,-3204,2285,1911,-547,-712,1180
IMU1,26024,271795310,-3389,2557,1944,-620,-619,1218
IMU1,26025,271806272,-3587,2788,1858,-643,-626,1325
IMU1,26026,271817235,-3607,2964,1692,-703,-618,1487
IMU1,26027,271828189,-3414,3101,1676,-812,-494,1654
IMU1,26028,271839140,-3202,3184,1801,-938,-228,1783
IMU1,26029,271850107,-3078,3287,2043,-1022,68,1856
IMU1,26030,271860966,-2865,3355,2367,-1019,231,1885
IMU1,26031,271872034,-2480,3550,2294,-799,70,1725
IMU1,26032,271882686,-2631,3680,2331,-650,-89,1617
IMU1,26033,271893428,-2611,3878,2208,-460,-425,1568
IMU1,26034,271904385,-2607,3958,2293,-241,-924,1484
IMU1,26035,271915336,-2542,3894,2213,30,-1307,1389
IMU1,26036,271926211,-2295,3891,1949,281,-1452,1251
IMU1,26037,271937277,-2072,3804,1848,445,-1340,982
IMU1,26038,271948145,-1696,3421,2175,546,-1022,19
IMU1,26039,271958815,-1377,3137,2480,766,-254,-739
IMU1,26040,271969589,-935,2678,2679,956,13,-1779
IMU1,26041,271980065,-445,2203,2805,1145,324,-3141
IMU1,26042,271990915,-5,1731,2662,1245,746,-4824
IMU1,26043,272001373,116,1298,2519,1200,1219,-6804
IMU1,26044,272012300,203,784,2300,1012,1804,-8920
IMU1,26045,272023053,325,428,2440,731,2441,-11082
IMU1,26046,272033792,345,100,2444,451,2815,-13260
IMU1,26047,272044530,-737,-125,1928,170,3117,-17290
IMU1,26048,272055469,-1801,384,1874,-436,3530,-18877
IMU1,26049,272066624,-2677,1218,2518,-611,3810,-20104
IMU1,26050,272077978,-3445,2312,3351,-548,4144,-20926
IMU1,26051,272089332,-4652,2997,3661,-282,4331,-21199
IMU1,26052,272100694,-5287,4013,3661,-22,3849,-20864
IMU1,26053,272111830,-4841,3285,3465,-14,2597,-19032
IMU1,26054,272122995,-4146,3154,3122,-133,2012,-17573
IMU1,26055,272134368,-3202,3462,2227,145,1262,-16046
IMU1,26056,272145617,-2431,3606,1502,410,851,-14533
IMU1,26057,272156666,-1715,3862,781,694,1032,-12914
IMU1,26058,272167718,-970,4275,79,989,1507,-11130
IMU1,26059,272178380,-187,4727,-1159,1153,1816,-9242
IMU1,26060,272189546,385,4644,-1064,734,2580,-5203
IMU1,26061,272200387,382,3903,-393,343,2743,-3109
IMU1,26062,272211038,549,2881,728,-21,2483,-1219
IMU1,26063,272221489,729,1722,1832,-258,1846,201
IMU1,26064,272232030,813,857,2624,-378,1018,1063
IMU1,26065,272242569,1060,408,2663,-483,278,1370
IMU1,26066,272253104,1189,320,2160,-758,-52,1169
IMU1,26067,272263564,1276,265,1802,-1266,39,664
IMU1,26068,272273920,1422,245,1696,-1815,354,114
IMU1,26069,272284463,1597,573,1559,-2186,664,-268
IMU1,26070,272295122,1638,707,1577,-2215,724,-182
IMU1,26071,272305779,1677,715,1572,-1969,473,196
IMU1,26072,272316341,1727,580,1520,-1643,98,633
IMU1,26073,272326705,1758,308,1486,-1315,-293,1033
IMU1,26074,272337557,1737,-8,1502,-1013,-587,1312
IMU1,26075,272348112,1733,-332,1542,-747,-722,1427
IMU1,26076,272358868,1740,-628,1598,-536,-752,1378
IMU1,26077,272369630,1821,-840,1574,-379,-749,1169
# swing_peak_seq=26051
IMU1,26078,272380384,1806,-931,1423,-281,-735,857
IMU1,26079,272391468,1602,-859,1195,-209,-806,357
IMU1,26080,272401996,1579,-771,1061,-230,-840,287
IMU1,26081,272412529,1567,-671,906,-243,-806,262
IMU1,26082,272422854,1532,-495,627,-295,-753,319
IMU1,26083,272433200,1625,-560,801,-382,-602,431
IMU1,26084,272443530,1670,-622,1100,-407,-449,511
IMU1,26085,272454068,1638,-705,1341,-328,-431,538
IMU1,26086,272467162,1687,-803,1493,-154,-520,551
IMU1,26087,272478218,1604,-804,1367,251,-665,539
IMU1,26088,272488651,1515,-827,1439,370,-717,539
IMU1,26089,272499094,1558,-949,1493,466,-782,533
IMU1,26090,272509559,1548,-941,1544,551,-909,542
IMU1,26091,272520025,1482,-917,1521,630,-1079,553
IMU1,26092,272530674,1433,-922,1460,682,-1267,584
IMU1,26093,272541330,1394,-887,1422,708,-1453,639
IMU1,26094,272551989,1364,-829,1351,718,-1623,721
IMU1,26095,272562638,1346,-768,1282,704,-1767,821
IMU1,26096,272573282,1288,-702,1197,676,-1885,1066
IMU1,26097,272584134,1186,-488,1303,599,-2073,1206
IMU1,26098,272594986,1344,-872,1124,569,-2180,1316
IMU1,26099,272605838,1301,-834,1470,584,-2302,1393
IMU1,26100,272616697,1234,-823,1512,708,-2407,1478
IMU1,26101,272627559,1052,-638,1478,881,-2558,1592
IMU1,26102,272638436,983,-586,1308,1045,-2783,1730
IMU1,26103,272649282,935,-544,1190,1168,-2996,1878
IMU1,26104,272660126,827,-471,932,1315,-3169,2169
IMU1,26105,272670772,641,-290,889,1337,-3191,2312
IMU1,26106,272681416,732,-618,638,1306,-3209,2440
IMU1,26107,272692055,576,-442,899,1283,-3189,2562
IMU1,26108,272702682,455,-406,798,1333,-3120,2695
IMU1,26109,272713333,473,-431,646,1384,-3080,2815
IMU1,26110,272723975,419,-395,602,1417,-3112,2904
IMU1,26111,272734630,380,-341,569,1456,-3141,2970
IMU1,26112,272745287,344,-281,502,1499,-3118,3016
IMU1,26113,272755938,252,-379,641,1537,-3026,3068
IMU1,26114,272766592,222,-477,851,1669,-2639,3087
IMU1,26115,272777247,255,-612,884,1799,-2468,3084
IMU1,26116,272787902,289,-736,819,1918,-2373,3044
IMU1,26117,272798569,327,-907,775,1992,-2352,2979
IMU1,26118,272809222,338,-986,744,2030,-2370,2890
IMU1,26119,272819858,267,-1049,692,2034,-2441,2781
IMU1,26120,272830687,187,-1118,695,2006,-2541,2676
IMU1,26121,272841535,58,-1169,785,1965,-2565,2588
IMU1,26122,272852171,-216,-1319,905,1946,-2496,2559
IMU1,26123,272863110,-266,-1343,862,1945,-2266,2606
IMU1,26124,272874048,-233,-1367,688,1919,-2136,2660
IMU1,26125,272884989,-226,-1342,498,1852,-1984,2698
IMU1,26126,272895918,-250,-1294,414,1738,-1801,2731
IMU1,26127,272906867,-243,-1279,472,1611,-1600,2754
IMU1,26128,272917793,-236,-1352,729,1526,-1431,2749
IMU1,26129,272928730,-146,-1500,1421,1544,-1298,2718
IMU1,26130,272939864,10,-1572,1590,1875,-1199,2501
IMU1,26131,272950730,155,-1626,1647,2093,-1296,2273
IMU1,26132,272961763,247,-1672,1646,2294,-1419,1964
IMU1,26133,272972782,308,-1717,1599,2446,-1547,1616
IMU1,26134,272983841,345,-1700,1485,2534,-1683,1248
IMU1,26135,272994880,275,-1586,1396,2540,-1789,888
IMU1,26136,273005730,-487,-1285,1157,2472,-1781,601
IMU1,26137,273016665,-451,-1260,1628,2187,-1389,691
IMU1,26138,273027602,-131,-1255,2151,2204,-994,758
IMU1,26139,273038351,-29,-1361,2349,2385,-553,757
IMU1,26140,273048914,-105,-1452,2203,2628,-350,669
IMU1,26141,273059653,41,-1432,2273,2820,-369,556
IMU1,26142,273070107,217,-1397,2315,2957,-357,377
IMU1,26143,273080763,92,-1465,2881,3069,-219,146
IMU1,26144,273091204,34,-1410,3036,3282,-49,-56
IMU1,26145,273101341,-105,-1262,2902,3501,21,-225
IMU1,26146,273111885,-842,-919,2799,3636,436,-179
IMU1,26147,273122444,-1129,-759,2606,3571,723,136
IMU1,26148,273133088,-1080,-659,2557,3293,920,551
IMU1,26149,273143745,-850,-565,2683,2903,1026,888
IMU1,26150,273154396,-725,-534,2897,2502,1089,1103
IMU1,26151,273165258,-691,-560,3074,2173,1073,1240
IMU1,26152,273176116,-772,-581,3245,1968,998,1324
IMU1,26153,273186773,-1087,-553,3339,1897,995,1436
IMU1,26154,273197642,-1391,-479,3125,1911,1132,1638
IMU1,26155,273209236,-1494,-460,2776,1828,1692,2208
IMU1,26156,273220289,-1402,-504,2770,1688,2034,2454
IMU1,26157,273231335,-1294,-578,2854,1536,2299,2599
IMU1,26158,273242400,-1202,-570,2975,1395,2417,2641
IMU1,26159,273253450,-1235,-529,3073,1282,2368,2588
IMU1,26160,273264512,-1429,-476,3041,1190,2209,2505
IMU1,26161,273275586,-1935,-262,2594,930,1968,2505
IMU1,26162,273286448,-1985,-256,2430,701,1966,2590
IMU1,26163,273297274,-1912,-285,2453,448,2013,2673
IMU1,26164,273308124,-1797,-318,2486,237,2040,2693
IMU1,26165,273318973,-1668,-326,2511,96,2011,2647
IMU1,26166,273329612,-1645,-274,2532,5,1997,2548
IMU1,26167,273340065,-1803,-188,2546,-51,2015,2438
IMU1,26168,273350813,-2074,-143,2471,-103,1971,2374
IMU1,26169,273361766,-2456,43,2292,-184,1891,2505
IMU1,26170,273372420,-2421,82,2225,-461,1699,2599
IMU1,26171,273383067,-2399,111,2194,-634,1640,2630
IMU1,26172,273393929,-2433,195,2212,-785,1662,2603
IMU1,26173,273404784,-2575,283,2242,-899,1681,2564
IMU1,26174,273415636,-2792,427,2330,-953,1677,2555
IMU1,26175,273426508,-2872,571,2378,-948,1611,2601
IMU1,26176,273437367,-2866,712,2397,-907,1515,2666
IMU1,26177,273448243,-2887,1063,2427,-853,1395,2709
IMU1,26178,273459289,-3017,1202,2487,-733,1039,2686
IMU1,26179,273472888,-3167,1389,2381,-647,834,2667
IMU1,26180,273483736,-3264,1628,2251,-589,738,2667
IMU1,26181,273494588,-3330,1861,2203,-569,808,2677
IMU1,26182,273505442,-3408,2095,2144,-566,974,2656
IMU1,26183,273516814,-3573,2631,2146,-560,1115,2545
IMU1,26184,273527880,-3483,2811,2036,-523,1006,2437
# swing_peak_seq=26158
IMU1,26185,273538944,-3292,2951,1864,-466,688,2182
IMU1,26186,273549800,-3178,3104,1898,-382,270,1762
IMU1,26187,273560673,-3252,3137,1851,-220,-34,1201
IMU1,26188,273571433,-3360,3214,1743,-6,-89,545
IMU1,26189,273581589,-3402,3423,1857,223,32,-222
IMU1,26190,273592056,-3406,3541,1977,480,51,-1168
IMU1,26191,273603243,-3232,3587,2167,1031,-93,-3745
IMU1,26192,273614194,-2940,3255,2386,1353,197,-5309
IMU1,26193,273625240,-2520,2690,2624,1730,821,-7056
IMU1,26194,273636293,-1977,2300,2565,2092,1734,-8927
IMU1,26195,273647546,-1441,2251,2781,2371,2691,-10923
IMU1,26196,273659005,-1101,2073,3142,2636,3229,-12947
IMU1,26197,273670465,-1186,2150,2791,2948,3776,-16496
IMU1,26198,273681926,-1843,2518,2732,2916,4340,-17899
IMU1,26199,273693389,-2791,3206,2988,2887,4845,-19024
IMU1,26200,273704859,-3921,3972,2880,2860,4839,-19756
IMU1,26201,273716332,-4953,4407,3288,2696,4293,-19955
IMU1,26202,273727803,-5996,4363,3636,1797,2405,-18832
IMU1,26203,273739291,-5130,4076,3362,1514,1459,-17382
IMU1,26204,273750754,-4354,4396,2560,1292,317,-15754
IMU1,26205,273762033,-3224,4318,2066,923,-437,-14194
IMU1,26206,273773192,-2462,4723,1270,523,-757,-12749
IMU1,26207,273784374,-745,4851,-38,81,-439,-11364
IMU1,26208,273795859,568,5296,-707,-814,1622,-9258
IMU1,26209,273806609,432,4986,-549,-1277,2849,-7906
IMU1,26210,273817579,-71,4180,55,-1521,3952,-6086
IMU1,26211,273828160,697,3750,1308,-1493,4454,-3934
IMU1,26212,273839222,-752,1927,3079,-1147,3697,-1724
IMU1,26213,273850385,-69,1161,3790,-503,1631,466
IMU1,26214,273860852,1173,1215,3034,66,-609,1954
IMU1,26215,273871422,1634,1220,1268,124,-1775,2496
IMU1,26216,273882381,1885,929,965,-1284,-997,1837
IMU1,26217,273893038,1990,523,1266,-2256,-37,1102
IMU1,26218,273903715,1890,292,1647,-3011,573,423
IMU1,26219,273914294,1829,273,1674,-3408,671,-10
IMU1,26220,273924762,1683,326,1650,-3514,456,-109
IMU1,26221,273935404,1572,372,1531,-3390,97,117
IMU1,26222,273945766,1580,335,1429,-3099,-304,565
IMU1,26223,273956409,1641,203,1381,-2684,-650,1086
IMU1,26224,273967238,1718,-133,1253,-2197,-896,1540
IMU1,26225,273978193,1854,-330,1115,-1269,-1203,1887
IMU1,26226,273989346,1863,-546,950,-946,-1243,1769
IMU1,26227,274000100,1809,-736,850,-726,-1150,1510
IMU1,26228,274010845,1729,-895,808,-604,-1026,1197
IMU1,26229,274021593,1673,-987,785,-527,-924,885
IMU1,26230,274031956,1662,-1031,764,-462,-857,624
IMU1,26231,274042515,1653,-993,732,-387,-826,423
IMU1,26232,274052863,1613,-920,719,-295,-811,285
IMU1,26233,274063202,1600,-872,762,-175,-803,224
IMU1,26234,274074580,1583,-874,883,128,-778,276
IMU1,26235,274084832,1572,-888,967,279,-761,352
IMU1,26236,274095079,1578,-917,1030,421,-760,419
IMU1,26237,274105543,1572,-951,1049,515,-803,476
IMU1,26238,274116007,1548,-969,1098,560,-893,526
IMU1,26239,274126454,1480,-975,1105,567,-1002,588
IMU1,26240,274137100,1390,-981,1078,541,-1120,688
IMU1,26241,274147751,1326,-984,1018,488,-1235,831
IMU1,26242,274158397,1268,-992,993,408,-1332,1006
IMU1,26243,274169052,1230,-971,925,316,-1411,1204
IMU1,26244,274180229,1131,-924,886,107,-1541,1637
IMU1,26245,274190869,1088,-898,829,2,-1601,1857
IMU1,26246,274201108,1032,-868,751,-95,-1637,2052
IMU1,26247,274211659,965,-865,704,-194,-1669,2254
IMU1,26248,274222203,929,-931,785,-289,-1695,2482
IMU1,26249,274232757,954,-993,926,-329,-1727,2731
IMU1,26250,274243309,999,-1015,999,-290,-1815,2922
IMU1,26251,274254049,950,-996,996,-202,-1978,3015
IMU1,26252,274264607,841,-933,953,-98,-2179,3086
IMU1,26253,274274969,666,-825,828,7,-2325,3159
IMU1,26254,274286065,599,-752,875,165,-2374,3417
IMU1,26255,274296532,506,-746,987,259,-2408,3498
IMU1,26256,274306986,372,-740,978,378,-2554,3588
IMU1,26257,274317453,212,-697,911,510,-2783,3687
IMU1,26258,274327911,-22,-673,738,614,-3033,3811
IMU1,26259,274338291,-265,-625,567,673,-3240,3993
IMU1,26260,274348847,-453,-621,382,691,-3355,4229
IMU1,26261,274359402,-529,-673,333,675,-3363,4489
IMU1,26262,274369950,-543,-752,389,660,-3259,4728
IMU1,26263,274380510,-556,-834,573,665,-3095,4923
IMU1,26264,274392127,-545,-1110,996,774,-2821,5132
IMU1,26265,274402893,-616,-1194,1198,865,-2799,5162
IMU1,26266,274413855,-755,-1166,1076,925,-2881,5153
IMU1,26267,274424814,-942,-1183,1167,914,-3042,5134
IMU1,26268,274435780,-1083,-1142,1101,872,-3258,5123
IMU1,26269,274446912,-1220,-1125,1017,812,-3495,5123
IMU1,26270,274458046,-1358,-1167,887,751,-3735,5140
IMU1,26271,274468987,-1414,-1182,767,646,-3693,5167
IMU1,26272,274482486,-1414,-1163,651,544,-3274,5140
IMU1,26273,274493429,-1459,-1168,807,400,-2767,5067
IMU1,26274,274504382,-1446,-1159,1119,288,-2375,4950
IMU1,26275,274515539,-1423,-1080,1692,274,-2175,4777
IMU1,26276,274526689,-1400,-970,1793,527,-2274,4325
IMU1,26277,274537644,-1431,-885,1745,658,-2418,4065
IMU1,26278,274548581,-1576,-797,1773,735,-2617,3799
IMU1,26279,274559545,-1752,-730,1706,760,-2809,3579
IMU1,26280,274570514,-1906,-683,1575,716,-2891,3421
IMU1,26281,274581467,-1949,-581,1462,583,-2752,3311
IMU1,26282,274592415,-1945,-489,1819,375,-2453,3196
IMU1,26283,274603364,-1835,-495,2122,68,-2023,2865
IMU1,26284,274614103,-1784,-472,2309,67,-1953,2658
IMU1,26285,274624848,-1776,-416,2363,137,-1901,2439
IMU1,26286,274635787,-1808,-318,2350,206,-1827,2223
IMU1,26287,274646749,-1866,-237,2260,239,-1764,2027
IMU1,26288,274657685,-1937,-145,2162,214,-1702,1858
IMU1,26289,274668610,-1975,-86,2086,140,-1572,1724
IMU1,26290,274679353,-1886,-34,2220,39,-1382,1495
IMU1,26291,274689907,-1815,-10,2304,-53,-1058,1348
IMU1,26292,274700540,-1783,-14,2295,-2,-965,1177
IMU1,26293,274710783,-1797,14,2181,89,-872,990
IMU1,26294,274720843,-1836,122,2085,158,-740,821
IMU1,26295,274731278,-1854,156,2012,211,-574,672
IMU1,26296,274741733,-1827,190,1982,249,-430,546
IMU1,26297,274752186,-1767,220,1950,294,-325,424
IMU1,26298,274762619,-1662,242,1866,336,-243,302
IMU1,26299,274773056,-1603,216,1783,369,-154,180
IMU1,26300,274783493,-1521,196,1676,397,-37,66
IMU1,26301,274793555,-1455,146,1656,407,105,-43
IMU1,26302,274803803,-1357,122,1789,425,211,-154
IMU1,26303,274815288,-1202,75,1821,535,255,-429
IMU1,26304,274825552,-1202,99,1778,609,250,-575
IMU1,26305,274835816,-1218,112,1770,649,246,-712
IMU1,26306,274846276,-1230,126,1752,662,252,-823
IMU1,26307,274856727,-1257,148,1756,653,260,-907
IMU1,26308,274867184,-1284,131,1781,629,248,-966
IMU1,26309,274877642,-1363,101,1851,600,199,-999
IMU1,26310,274888097,-1391,101,1958,583,92,-994
IMU1,26311,274898345,-1348,90,2037,591,-54,-957
IMU1,26312,274908506,-1301,46,2044,613,-218,-899
IMU1,26313,274918855,-1308,10,1997,632,-351,-829
IMU1,26314,274929212,-1302,-9,1850,619,-392,-754
IMU1,26315,274939987,-1293,-57,1863,474,-292,-589
IMU1,26316,274950447,-1297,-79,1925,398,-215,-516
IMU1,26317,274960878,-1293,-96,2021,341,-167,-451
IMU1,26318,274971305,-1271,-135,2082,332,-169,-397
IMU1,26319,274981944,-1236,-147,2078,349,-217,-351
IMU1,26320,274992596,-1206,-149,2040,373,-272,-320
IMU1,26321,275003241,-1172,-159,1959,382,-309,-302
IMU1,26322,275013895,-1134,-171,1900,368,-330,-294
IMU1,26323,275024544,-1096,-192,1853,324,-333,-298
IMU1,26324,275035189,-1019,-179,1863,265,-313,-340
IMU1,26325,275045847,-1017,-155,1924,160,-319,-378
IMU1,26326,275056496,-1145,-105,2018,145,-373,-412
IMU1,26327,275067135,-1299,-200,2077,158,-435,-397
IMU1,26328,275077784,-1470,-340,2229,197,-447,-300
IMU1,26329,275088432,-1633,-449,2345,272,-350,-109
IMU1,26330,275099069,-1834,-538,2291,348,-152,182
IMU1,26331,275109625,-2038,-548,2146,369,117,557
IMU1,26332,275120093,-2091,-510,2007,297,459,980
IMU1,26333,275130550,-2043,-507,1880,130,877,1388
IMU1,26334,275141219,-1855,-475,1746,-113,1758,2054
IMU1,26335,275152183,-1691,-448,1806,-664,2040,2259
IMU1,26336,275163130,-1478,-429,1866,-872,2142,2345
IMU1,26337,275174108,-1256,-401,1915,-991,2057,2313
IMU1,26338,275185092,-1039,-342,1984,-1026,1815,2168
IMU1,26339,275196259,-864,-253,2034,-971,1474,1926
IMU1,26340,275207027,-759,-144,2011,-841,1095,1609
IMU1,26341,275217769,-785,26,1769,-678,718,1251
IMU1,26342,275228545,-851,96,1685,-412,77,541
IMU1,26343,275238398,-942,136,1625,-334,-135,234
IMU1,26344,275248759,-1058,173,1583,-285,-280,-10
IMU1,26345,275259203,-1193,200,1648,-245,-357,-188
IMU1,26346,275269809,-1272,242,1581,-199,-394,-290
IMU1,26347,275280439,-1405,272,1598,-178,-371,-321
IMU1,26348,275291058,-1489,291,1615,-160,-293,-284
IMU1,26349,275301676,-1523,313,1602,-137,-181,-193
IMU1,26350,275312303,-1534,328,1584,-118,-46,-71
IMU1,26351,275322543,-1522,331,1572,-104,98,62
IMU1,26352,275332593,-1462,316,1591,-93,232,189
IMU1,26353,275343887,-1304,266,1633,-21,423,350
IMU1,26354,275354122,-1223,252,1650,39,452,381
IMU1,26355,275364262,-1158,242,1651,120,443,361
IMU1,26356,275374592,-1109,234,1635,193,406,322
IMU1,26357,275384931,-1082,235,1609,271,350,271
IMU1,26358,275395275,-1095,239,1573,333,290,213
IMU1,26359,275405625,-1112,244,1550,377,220,164
IMU1,26360,275415969,-1139,251,1538,400,142,132
IMU1,26361,275426317,-1175,258,1520,414,79,116
IMU1,26362,275436470,-1198,236,1507,416,33,114
IMU1,26363,275446631,-1201,208,1512,415,5,120
IMU1,26364,275456580,-1200,181,1531,423,1,130
IMU1,26365,275466507,-1197,157,1556,442,14,142
IMU1,26366,275476651,-1192,140,1561,471,28,154
IMU1,26367,275489352,-1198,134,1574,531,49,169
IMU1,26368,275499500,-1214,143,1577,545,49,179
IMU1,26369,275509655,-1225,159,1594,554,39,187
IMU1,26370,275519814,-1245,178,1610,559,26,200
IMU1,26371,275529971,-1285,192,1625,559,21,217
IMU1,26372,275540109,-1323,184,1640,553,30,240
IMU1,26373,275550247,-1348,203,1680,542,53,267
IMU1,26374,275560394,-1369,212,1698,536,86,290
IMU1,26375,275570536,-1388,215,1717,525,114,316
IMU1,26376,275580897,-1388,212,1735,518,131,339
IMU1,26377,275591241,-1375,209,1746,510,154,356
IMU1,26378,275601589,-1363,204,1730,496,184,362
IMU1,26379,275611930,-1299,206,1714,481,199,366
IMU1,26380,275622790,-1252,202,1718,429,186,310
IMU1,26381,275633138,-1233,206,1735,400,145,256
IMU1,26382,275643488,-1224,206,1735,382,81,196
IMU1,26383,275653639,-1224,228,1725,368,-2,137
IMU1,26384,275663689,-1246,237,1694,344,-91,85
IMU1,26385,275673723,-1268,243,1673,311,-164,43
IMU1,26386,275683960,-1294,247,1673,279,-218,12
IMU1,26387,275694191,-1305,248,1641,252,-256,-12
IMU1,26388,275704518,-1335,248,1601,217,-273,-21
IMU1,26389,275714848,-1351,243,1605,174,-263,-17
IMU1,26390,275725170,-1355,226,1612,139,-240,-4
IMU1,26391,275735303,-1357,226,1597,111,-216,15
IMU1,26392,275745561,-1358,231,1589,93,-185,31
IMU1,26393,275755613,-1372,226,1576,80,-153,42
IMU1,26394,275765665,-1385,256,1550,62,-127,69
IMU1,26395,275776753,-1391,267,1520,30,-91,105
IMU1,26396,275786799,-1372,271,1500,16,-79,113
IMU1,26397,275796856,-1353,269,1511,-3,-59,118
IMU1,26398,275806806,-1342,271,1527,-8,-33,118
IMU1,26399,275816754,-1336,267,1531,-3,-12,111
IMU1,26400,275826708,-1327,264,1538,7,-3,107
IMU1,26401,275836356,-1322,264,1537,29,2,102
IMU1,26402,275846111,-1314,271,1523,46,14,92
IMU1,26403,275855853,-1309,280,1528,52,28,80
IMU1,26404,275865597,-1317,288,1572,62,26,66
# exclude_peak_seq=26158
IMU1,26405,275875367,-1324,289,1615,71,-2,52
IMU1,26406,275885002,-1330,293,1647,86,-68,44
IMU1,26407,275894836,-1336,292,1628,104,-158,47
IMU1,26408,275905074,-1336,301,1511,101,-244,55
IMU1,26409,275915324,-1322,308,1482,48,-289,69
IMU1,26410,275925368,-1313,295,1503,-20,-288,83
IMU1,26411,275935505,-1305,283,1530,-75,-281,99
IMU1,26412,275945656,-1299,279,1551,-109,-278,116
IMU1,26413,275956192,-1283,294,1525,-125,-251,136
IMU1,26414,275966726,-1304,321,1513,-144,-212,161
IMU1,26415,275977266,-1324,376,1494,-160,-162,201
IMU1,26416,275988315,-1386,418,1488,-194,-77,335
IMU1,26417,275998662,-1387,444,1471,-217,-49,425
IMU1,26418,276009006,-1365,455,1454,-226,-5,512
IMU1,26419,276019131,-1340,462,1447,-244,59,594
IMU1,26420,276029385,-1288,456,1470,-241,134,657
IMU1,26421,276039826,-1237,431,1495,-227,194,705
IMU1,26422,276050275,-1172,409,1534,-191,227,735
IMU1,26423,276060720,-1124,395,1578,-141,238,746
IMU1,26424,276071179,-1097,396,1580,-81,241,747
IMU1,26425,276081421,-1110,421,1550,-33,240,744
IMU1,26426,276091666,-1126,466,1529,-22,228,748
IMU1,26427,276101906,-1140,498,1516,-34,201,763
IMU1,26428,276112152,-1162,532,1491,-71,178,784
IMU1,26429,276122919,-1151,523,1497,-164,162,844
IMU1,26430,276133350,-1142,520,1525,-188,185,866
IMU1,26431,276143797,-1149,524,1544,-197,204,890
IMU1,26432,276154256,-1158,541,1562,-194,216,909
IMU1,26433,276164711,-1170,583,1577,-175,215,926
IMU1,26434,276175167,-1191,620,1585,-150,208,941
IMU1,26435,276185632,-1210,643,1590,-130,182,954
IMU1,26436,276196077,-1235,665,1580,-113,149,966
IMU1,26437,276206525,-1265,681,1573,-98,134,975
IMU1,26438,276216780,-1269,676,1563,-87,137,979
IMU1,26439,276227040,-1274,676,1556,-88,158,969
IMU1,26440,276238334,-1256,686,1603,-90,208,900
IMU1,26441,276248574,-1232,688,1630,-76,207,842
IMU1,26442,276258815,-1218,698,1639,-61,186,769
IMU1,26443,276269058,-1210,716,1634,-44,153,686
IMU1,26444,276279306,-1204,736,1609,-32,118,592
IMU1,26445,276289550,-1214,764,1601,-35,89,502
IMU1,26446,276299592,-1219,785,1593,-45,64,408
IMU1,26447,276309652,-1215,799,1581,-58,33,318
IMU1,26448,276319723,-1212,820,1578,-70,-1,226
IMU1,26449,276329682,-1223,826,1593,-82,-29,141
IMU1,26450,276339817,-1228,833,1600,-88,-59,65
IMU1,26451,276349760,-1234,834,1594,-77,-91,2
IMU1,26452,276359523,-1224,841,1592,-68,-121,-52
IMU1,26453,276369770,-1222,849,1569,-64,-140,-99
IMU1,26454,276380016,-1231,846,1548,-57,-154,-132
IMU1,26455,276390462,-1235,844,1542,-55,-162,-158
IMU1,26456,276400902,-1236,839,1515,-55,-166,-186
IMU1,26457,276411339,-1245,825,1507,-55,-174,-188
IMU1,26458,276421781,-1236,804,1491,-54,-162,-181
IMU1,26459,276432216,-1236,791,1487,-53,-134,-176
IMU1,26460,276442662,-1230,771,1476,-44,-104,-172
IMU1,26461,276453106,-1214,752,1472,-44,-72,-159
IMU1,26462,276463371,-1203,737,1471,-43,-31,-149
IMU1,26463,276473623,-1201,721,1484,-42,4,-141
IMU1,26464,276483575,-1193,705,1519,-36,19,-129
IMU1,26465,276496261,-1183,688,1519,-24,13,-115
IMU1,26466,276506387,-1166,670,1529,-7,5,-105
IMU1,26467,276517161,-1148,639,1513,-1,-36,-87
IMU1,26468,276527004,-1145,624,1506,2,-56,-85
IMU1,26469,276536751,-1125,611,1509,-5,-70,-79
IMU1,26470,276546598,-1121,594,1536,-6,-71,-96
IMU1,26471,276556436,-1126,574,1544,1,-73,-110
IMU1,26472,276566394,-1144,567,1564,10,-72,-114
IMU1,26473,276576539,-1171,567,1576,20,-69,-112
IMU1,26474,276586678,-1192,561,1587,38,-55,-100
IMU1,26475,276596819,-1201,584,1560,41,-41,-71
IMU1,26476,276606753,-1227,584,1576,29,-23,-38
IMU1,26477,276616697,-1233,585,1565,6,-6,0
IMU1,26478,276625851,-1223,592,1579,-27,-2,39
IMU1,26479,276635600,-1206,591,1583,-60,8,72
IMU1,26480,276645255,-1199,593,1585,-82,33,98
IMU1,26481,276655100,-1207,591,1606,-102,60,117
IMU1,26482,276665337,-1224,607,1618,-118,87,137
IMU1,26483,276675573,-1248,637,1631,-125,114,160
IMU1,26484,276686011,-1265,657,1637,-134,134,192
IMU1,26485,276696440,-1261,667,1649,-155,139,229
IMU1,26486,276706871,-1266,668,1662,-180,144,269
IMU1,26487,276717311,-1303,675,1668,-211,157,324
IMU1,26488,276727752,-1410,806,1637,-254,180,506
IMU1,26489,276738709,-1483,913,1642,-392,271,638
IMU1,26490,276749154,-1609,1003,1625,-480,346,792
IMU1,26491,276759782,-1774,1076,1586,-571,422,992
IMU1,26492,276770443,-1946,1177,1538,-677,533,1240
IMU1,26493,276781297,-2114,1295,1532,-786,696,1521
IMU1,26494,276792155,-2281,1436,1600,-890,879,1822
IMU1,26495,276803011,-2389,1569,1666,-979,1025,2113
IMU1,26496,276814061,-2526,1865,2000,-1044,1107,2351
IMU1,26497,276825312,-2582,1998,2090,-1020,933,2577
IMU1,26498,276836361,-2633,2196,2108,-944,774,2582
IMU1,26499,276847221,-2672,2452,2101,-834,637,2526
IMU1,26500,276858086,-2636,2678,2118,-713,501,2421
IMU1,26501,276868944,-2628,2937,2213,-559,341,2257
IMU1,26502,276879806,-2614,3191,2328,-359,184,2050
IMU1,26503,276890673,-2646,3492,2709,-117,57,1813
IMU1,26504,276901829,-2754,4072,2849,498,-294,1281
IMU1,26505,276912667,-2617,4345,2657,819,-585,968
IMU1,26506,276923305,-2436,4569,2487,1047,-1124,536
IMU1,26507,276934354,-2181,4768,2146,1194,-1894,-73
IMU1,26508,276945326,-1960,5019,1807,1208,-2659,-921
IMU1,26509,276956472,-1924,5219,1632,1105,-3276,-2008
IMU1,26510,276967814,-1842,5210,1123,898,-3504,-3322
IMU1,26511,276978965,-1147,4577,1346,268,-2539,-6789
IMU1,26512,276990127,-600,3686,1953,132,-1494,-8979
IMU1,26513,277001085,-175,2760,2533,250,-242,-11440
IMU1,26514,277012028,-271,2173,2789,551,1124,-14034
IMU1,26515,277023094,-478,2027,3169,871,2177,-16515
IMU1,26516,277034166,-816,1742,2842,1069,2741,-18670
IMU1,26517,277045427,-3179,2405,1743,934,4479,-21280
IMU1,26518,277056705,-4656,3610,2296,33,5299,-21748
IMU1,26519,277067769,-5431,4431,3517,-222,5170,-21768
IMU1,26520,277079145,-5790,4935,4175,-184,4827,-21406
IMU1,26521,277090510,-5912,5512,4436,34,4765,-20694
IMU1,26522,277101607,-5478,4861,4503,290,4320,-19655
IMU1,26523,277112878,-4406,4270,3853,458,1702,-16904
IMU1,26524,277124148,-3545,4479,3014,355,250,-15439
IMU1,26525,277135218,-2646,4724,1951,191,-410,-14027
IMU1,26526,277146377,-2011,4901,876,1,-191,-12628
IMU1,26527,277156935,-1200,5336,-45,-200,651,-11134
IMU1,26528,277167780,-576,6003,-1015,-444,1969,-9581
IMU1,26529,277178848,-244,6181,-1156,-796,3417,-7924
IMU1,26530,277189919,-45,4584,804,-1205,5134,-3977
IMU1,26531,277200683,298,3205,2338,-1046,4496,-1874
IMU1,26532,277211727,671,1912,3737,-638,2788,-84
IMU1,26533,277222207,1189,1262,4124,-87,672,1140
IMU1,26534,277232775,1388,1071,3171,281,-1056,1655
IMU1,26535,277243736,1481,1320,1738,119,-1913,1613
IMU1,26536,277254696,1461,1485,878,-623,-1698,1262
IMU1,26537,277265550,1402,1177,497,-1650,-716,887
IMU1,26538,277276207,1660,734,1004,-2588,1015,656
IMU1,26539,277286954,1699,547,1429,-3539,1203,785
IMU1,26540,277297719,1782,392,1665,-3528,923,1029
IMU1,26541,277308485,1743,272,1761,-3265,362,1374
IMU1,26542,277319232,1777,116,1846,-2846,-243,1764
IMU1,26543,277330079,1828,-133,1874,-2328,-771,2064
IMU1,26544,277341035,1831,-373,1829,-1777,-1198,2200
# swing_peak_seq=26518
IMU1,26545,277352196,1868,-628,1683,-1269,-1476,2149
IMU1,26546,277363352,1708,-1067,1736,-518,-1662,1604
IMU1,26547,277374492,1705,-1108,1345,-252,-1689,1226
IMU1,26548,277385645,1604,-1058,1095,-140,-1671,861
IMU1,26549,277396578,1461,-998,938,-135,-1602,559
IMU1,26550,277407130,1383,-913,880,-169,-1491,366
IMU1,26551,277417682,1391,-882,844,-190,-1359,287
IMU1,26552,277428226,1415,-852,864,-167,-1252,296
IMU1,26553,277438777,1368,-795,934,-107,-1174,370
IMU1,26554,277450389,1253,-848,1119,113,-1103,640
IMU1,26555,277461056,1286,-903,1165,230,-1105,785
IMU1,26556,277471722,1256,-958,1276,332,-1123,895
IMU1,26557,277482403,1266,-1015,1261,406,-1128,982
IMU1,26558,277493261,1298,-1051,1282,429,-1139,1053
IMU1,26559,277506769,1231,-1150,1473,422,-1203,1188
IMU1,26560,277517826,1175,-1188,1531,439,-1516,1292
IMU1,26561,277528886,1081,-1224,1567,476,-1710,1408
IMU1,26562,277539940,1018,-1291,1500,513,-1934,1545
IMU1,26563,277550995,989,-1287,1326,531,-2119,1678
IMU1,26564,277561845,973,-1261,1180,495,-2230,1810
IMU1,26565,277572702,912,-1224,1091,406,-2245,1962
IMU1,26566,277583558,772,-1038,1021,282,-2194,2108
IMU1,26567,277594426,1170,-1121,1031,26,-2162,2423
IMU1,26568,277605282,1184,-1113,964,-69,-2198,2471
IMU1,26569,277616042,902,-854,948,-133,-2217,2488
IMU1,26570,277626591,712,-675,936,-180,-2252,2543
IMU1,26571,277637158,578,-657,901,-173,-2281,2639
IMU1,26572,277647702,687,-677,892,-104,-2308,2772
IMU1,26573,277658252,687,-661,910,13,-2347,2883
IMU1,26574,277668500,539,-647,1021,172,-2370,2984
IMU1,26575,277679154,339,-657,1028,379,-2375,3098
IMU1,26576,277689830,139,-627,764,754,-2378,3391
IMU1,26577,277700304,62,-624,683,874,-2340,3553
IMU1,26578,277710582,62,-705,654,960,-2287,3712
IMU1,26579,277720836,-20,-715,763,1043,-2224,3829
IMU1,26580,277731397,-111,-730,798,1126,-2161,3919
IMU1,26581,277742161,-166,-785,643,1208,-2101,4007
IMU1,26582,277752904,-242,-914,627,1257,-2039,4084
IMU1,26583,277763668,-425,-1016,662,1287,-1927,4169
IMU1,26584,277774591,-651,-1122,755,1307,-1771,4289
IMU1,26585,277785536,-924,-1279,675,1305,-1622,4456
IMU1,26586,277796501,-1027,-1276,702,1168,-1539,4821
IMU1,26587,277807654,-1087,-1288,718,1048,-1579,4989
IMU1,26588,277818811,-1208,-1354,693,916,-1606,5152
IMU1,26589,277829762,-1312,-1410,590,771,-1637,5314
IMU1,26590,277840719,-1329,-1437,468,597,-1720,5451
IMU1,26591,277851674,-1256,-1364,403,395,-1814,5510
IMU1,26592,277862642,-1143,-1163,157,166,-1819,5336
IMU1,26593,277873589,-1178,-1112,119,-410,-1323,5149
IMU1,26594,277884633,-1333,-1063,273,-697,-948,4943
IMU1,26595,277895488,-1480,-1102,562,-893,-627,4768
IMU1,26596,277906343,-1534,-1172,911,-953,-473,4628
IMU1,26597,277917214,-1533,-1182,1245,-853,-511,4480
IMU1,26598,277928262,-1465,-1160,1397,-618,-668,4291
IMU1,26599,277939306,-1511,-950,1371,-318,-860,4038
IMU1,26600,277950155,-1654,-863,1382,229,-1135,3415
IMU1,26601,277961108,-1733,-767,1349,425,-1200,3129
IMU1,26602,277972061,-1795,-613,1295,563,-1234,2874
IMU1,26603,277983013,-1565,-408,1109,607,-1241,2600
IMU1,26604,277993972,-2023,-666,1636,558,-1212,2312
IMU1,26605,278004933,-2451,-758,2068,614,-1198,2248
IMU1,26606,278015897,-2303,-552,1507,815,-1374,2313
IMU1,26607,278027401,-1883,-176,1289,1084,-1669,2377
IMU1,26608,278038539,-2024,-162,1248,1053,-1367,2346
IMU1,26609,278049677,-2087,-113,1263,979,-1059,2352
IMU1,26610,278060620,-2033,-62,1360,904,-887,2382
IMU1,26611,278071179,-1877,38,1474,843,-786,2396
IMU1,26612,278081655,-1854,122,1604,803,-689,2358
IMU1,26613,278092289,-1935,183,1650,791,-627,2302
IMU1,26614,278102952,-1894,265,1693,790,-640,2259
IMU1,26615,278113617,-1836,319,1760,791,-769,2136
IMU1,26616,278124286,-1798,379,1738,797,-757,2017
IMU1,26617,278134945,-1867,496,1718,794,-672,1877
IMU1,26618,278145612,-1943,566,1741,776,-568,1754
IMU1,26619,278156263,-2045,632,1803,751,-485,1669
IMU1,26620,278166924,-2113,687,1825,730,-423,1616
IMU1,26621,278177580,-2092,737,1823,704,-371,1576
IMU1,26622,278188248,-2047,763,1891,663,-332,1519
IMU1,26623,278198911,-1927,729,1991,618,-325,1434
IMU1,26624,278210102,-1877,734,2040,543,-392,1203
IMU1,26625,278220765,-1840,731,2051,532,-455,1040
IMU1,26626,278231438,-1859,754,2084,522,-557,878
IMU1,26627,278241908,-1871,797,2062,528,-653,731
IMU1,26628,278252373,-1900,857,1997,522,-712,600
IMU1,26629,278262847,-1946,894,1956,486,-736,488
IMU1,26630,278273299,-1976,893,1959,430,-734,393
IMU1,26631,278283756,-2002,884,1937,365,-705,321
IMU1,26632,278294207,-2014,887,1899,293,-646,276
IMU1,26633,278304667,-2004,834,1890,235,-578,244
IMU1,26634,278315642,-1920,800,1891,153,-445,235
IMU1,26635,278326105,-1900,795,1863,134,-371,242
IMU1,26636,278336569,-1920,833,1807,111,-316,268
IMU1,26637,278347022,-1938,858,1741,79,-297,307
IMU1,26638,278357295,-1909,844,1658,32,-302,356
IMU1,26639,278367565,-1848,839,1607,-21,-293,408
IMU1,26640,278377916,-1788,818,1577,-75,-264,449
IMU1,26641,278388277,-1705,770,1560,-118,-231,468
IMU1,26642,278398840,-1631,738,1547,-147,-193,463
IMU1,26643,278409405,-1558,714,1573,-163,-136,435
IMU1,26644,278419957,-1531,718,1654,-168,-54,397
IMU1,26645,278430830,-1545,744,1687,-152,78,352
IMU1,26646,278441084,-1548,808,1714,-135,122,365
IMU1,26647,278451527,-1549,896,1759,-127,196,381
IMU1,26648,278461974,-1623,966,1794,-120,251,416
IMU1,26649,278472423,-1697,1034,1813,-129,255,477
IMU1,26650,278483073,-1771,1127,1817,-144,230,572
IMU1,26651,278493736,-1788,1203,1767,-173,195,691
IMU1,26652,278506843,-1851,1360,1719,-226,181,818
IMU1,26653,278517502,-1902,1476,1816,-380,220,1080
IMU1,26654,278528381,-2035,1627,1926,-411,205,1213
IMU1,26655,278539189,-2203,1812,2056,-411,170,1370
IMU1,26656,278550027,-2278,1979,2094,-373,142,1550
IMU1,26657,278560871,-2371,2206,2123,-342,126,1727
IMU1,26658,278571706,-2522,2462,2200,-315,118,1887
IMU1,26659,278582556,-2705,2651,2265,-278,162,2053
IMU1,26660,278593392,-2969,3005,2265,-229,230,2222
IMU1,26661,278604240,-2896,3184,2287,-156,414,2470
IMU1,26662,278615096,-2806,3311,2355,-120,453,2444
IMU1,26663,278625942,-2733,3480,2433,-62,410,2279
IMU1,26664,278636590,-2710,3742,2468,43,334,1983
IMU1,26665,278647154,-2747,4005,2325,162,173,1553
IMU1,26666,278657903,-2773,4225,1967,242,-80,996
IMU1,26667,278668346,-2734,4538,1463,230,-319,261
IMU1,26668,278679001,-2526,4800,1174,113,-481,-732
IMU1,26669,278689755,-1833,3878,1576,-8,-592,-3692
IMU1,26670,278700412,-2141,3763,3065,415,-566,-5527
IMU1,26671,278711374,-1187,2733,2851,1086,-26,-7471
IMU1,26672,278722339,-1235,1950,2467,1734,1546,-9536
IMU1,26673,278733613,-1013,1738,2684,2229,2951,-11525
IMU1,26674,278745059,-744,1347,2946,2617,3828,-13442
IMU1,26675,278756318,-603,896,2367,2838,4450,-15228
IMU1,26676,278767918,-1824,860,1405,2363,5655,-18470
IMU1,26677,278779200,-2472,1555,2669,2047,5679,-19871
IMU1,26678,278790669,-3584,2198,3747,2039,5099,-20954
IMU1,26679,278802148,-4636,2758,3525,2205,4042,-21567
IMU1,26680,278813617,-5436,3192,2700,2200,3269,-21574
IMU1,26681,278825101,-6606,3154,2390,1825,3509,-19694
IMU1,26682,278836584,-5741,3905,2129,1682,3708,-17827
IMU1,26683,278848051,-4330,3488,2542,1700,3379,-15939
IMU1,26684,278859515,-3250,4081,1903,1691,2416,-14405
IMU1,26685,278870970,-2664,4286,1618,1476,1595,-13182
IMU1,26686,278882433,-796,5602,-101,742,1586,-10500
IMU1,26687,278893386,-184,6205,-1041,165,2618,-8852
IMU1,26688,278904335,-57,6122,-1310,-524,4010,-6792
IMU1,26689,278915184,391,5309,-342,-1155,4996,-4330
IMU1,26690,278926157,-24,3827,1084,-1538,4674,-1807
IMU1,26691,278937123,-31,2511,2482,-1580,2937,508
IMU1,26692,278947803,447,1308,3487,-1274,905,2277
IMU1,26693,278958572,635,163,3472,-757,-439,3257
IMU1,26694,278969553,1508,154,2416,-300,-917,2616
IMU1,26695,278980223,1382,-71,1782,-771,-341,1386
IMU1,26696,278990769,1338,-48,1672,-1401,42,217
IMU1,26697,279001014,1361,193,1626,-1880,412,-525
IMU1,26698,279011663,1335,485,1520,-2137,821,-769
IMU1,26699,279022328,1347,609,1453,-2212,956,-591
IMU1,26700,279033003,1392,585,1387,-2145,738,-124
IMU1,26701,279043671,1364,416,1424,-1975,311,491
IMU1,26702,279054220,1452,169,1518,-1717,-191,1116
IMU1,26703,279065072,1637,-435,1760,-1005,-904,1843
IMU1,26704,279076013,1645,-726,1912,-599,-1125,1838
IMU1,26705,279086962,1630,-966,1931,-214,-1241,1641
# swing_peak_seq=26679
IMU1,26706,279097899,1553,-1102,1833,108,-1259,1311
IMU1,26707,279108964,1514,-1120,1640,314,-1238,927
IMU1,26708,279119823,1495,-1074,1477,395,-1181,545
IMU1,26709,279130698,1429,-994,1396,395,-1108,228
IMU1,26710,279141367,1432,-756,1167,346,-1041,26
IMU1,26711,279152356,1332,-713,1313,172,-847,-11
IMU1,26712,279162707,1317,-699,1517,159,-795,102
IMU1,26713,279173183,1332,-700,1690,217,-827,263
IMU1,26714,279183634,1391,-695,1795,335,-935,446
IMU1,26715,279194090,1452,-681,1823,486,-1088,613
IMU1,26716,279204736,1449,-679,1877,629,-1270,752
IMU1,26717,279215397,1406,-710,1883,748,-1462,879
IMU1,26718,279226058,1322,-663,1880,841,-1638,1013
IMU1,26719,279236898,1217,-734,1870,892,-1788,1176
IMU1,26720,279247758,1175,-675,1933,915,-2058,1526
IMU1,26721,279258616,1049,-630,1821,901,-2217,1688
IMU1,26722,279269471,835,-543,1511,837,-2415,1855
IMU1,26723,279280132,864,-501,1485,710,-2551,2065
IMU1,26724,279290794,939,-474,1473,589,-2622,2277
IMU1,26725,279301466,897,-453,1479,499,-2676,2461
IMU1,26726,279312118,700,-417,1527,448,-2782,2632
IMU1,26727,279322769,517,-389,1470,440,-2936,2815
IMU1,26728,279333428,512,-363,1065,439,-3096,3012
IMU1,26729,279344623,263,-195,936,353,-3221,3404
IMU1,26730,279355087,243,-171,771,297,-3143,3604
IMU1,26731,279365546,220,-149,732,241,-3030,3803
IMU1,26732,279376004,158,-205,798,223,-2906,3983
IMU1,26733,279386449,84,-312,985,283,-2833,4137
IMU1,26734,279396705,-62,-385,943,428,-2814,4259
IMU1,26735,279407064,-108,-514,1156,607,-2773,4366
IMU1,26736,279417826,-134,-743,1291,845,-2726,4446
IMU1,26737,279428575,-234,-926,1285,1114,-2740,4494
IMU1,26738,279439527,-465,-1158,983,1360,-2791,4540
IMU1,26739,279450486,-600,-1188,718,1613,-2896,4666
IMU1,26740,279461433,-761,-1260,607,1579,-2872,4766
IMU1,26741,279472413,-914,-1331,609,1494,-2794,4909
IMU1,26742,279483377,-999,-1391,542,1397,-2699,5087
IMU1,26743,279494346,-1058,-1410,440,1286,-2568,5270
IMU1,26744,279508057,-1257,-1194,331,926,-2053,5625
IMU1,26745,279519025,-1409,-1082,315,686,-1732,5810
IMU1,26746,279529993,-1472,-981,256,424,-1448,5986
IMU1,26747,279540751,-1409,-1048,110,110,-1137,6134
IMU1,26748,279551714,-1612,-1452,322,-270,-665,6229
IMU1,26749,279562583,-1871,-1505,466,-618,-102,6346
IMU1,26750,279573436,-1757,-1501,425,-903,429,6486
IMU1,26751,279584192,-1853,-1413,87,-1162,1596,6637
IMU1,26752,279595149,-1982,-1288,-1,-1661,2151,6673
IMU1,26753,279606004,-2193,-1202,114,-1824,2589,6707
IMU1,26754,279617155,-2367,-1150,536,-1868,2925,6772
IMU1,26755,279628322,-2654,-1081,1010,-1731,3142,6848
IMU1,26756,279639688,-2822,-997,1216,-1445,3124,6941
IMU1,26757,279650854,-2725,-908,901,-1099,2828,7012
IMU1,26758,279661831,-2014,-527,538,-575,1816,6714
IMU1,26759,279672604,-1961,-297,343,-504,1365,6231
IMU1,26760,279683374,-1961,-205,243,-496,932,5581
IMU1,26761,279693916,-1952,-121,472,-490,356,4823
IMU1,26762,279704469,-1922,46,654,-403,-310,3973
IMU1,26763,279714822,-1956,240,628,-256,-948,3050
IMU1,26764,279725386,-2189,392,621,-107,-1554,2115
IMU1,26765,279736155,-2375,508,595,30,-2103,1244
IMU1,26766,279746635,-2604,595,674,153,-2532,481
IMU1,26767,279757098,-3258,522,1015,293,-2807,-141
IMU1,26768,279767838,-3462,480,1018,606,-2984,-935
IMU1,26769,279778600,-3539,428,1094,717,-2970,-1163
IMU1,26770,279789557,-3532,345,1207,823,-2888,-1336
IMU1,26771,279800512,-3520,304,1282,915,-2775,-1458
IMU1,26772,279811470,-3508,276,1216,987,-2644,-1534
IMU1,26773,279822433,-3462,242,1104,1012,-2475,-1547
IMU1,26774,279833596,-3347,208,985,979,-2209,-1492
IMU1,26775,279844897,-2944,126,949,791,-1580,-1287
IMU1,26776,279855650,-2756,94,971,638,-1314,-1207
IMU1,26777,279866217,-2876,64,1249,488,-1103,-1117
IMU1,26778,279876981,-2776,69,1533,415,-1086,-951
IMU1,26779,279887544,-2499,128,1430,434,-1215,-774
IMU1,26780,279898306,-2513,159,1358,455,-1280,-625
IMU1,26781,279909070,-2526,138,1197,447,-1253,-464
IMU1,26782,279919847,-2482,125,1037,385,-1183,-286
IMU1,26783,279930617,-2313,84,915,104,-746,42
IMU1,26784,279941011,-2248,46,975,-73,-448,173
IMU1,26785,279950969,-2203,33,1088,-229,-204,285
IMU1,26786,279961330,-2127,23,1201,-346,-83,382
IMU1,26787,279971498,-2042,42,1267,-411,-56,451
IMU1,26788,279981660,-2005,80,1290,-444,-88,498
IMU1,26789,279991811,-1986,89,1290,-461,-159,531
IMU1,26790,280002181,-1954,96,1281,-472,-254,562
IMU1,26791,280012528,-1935,108,1285,-482,-333,591
IMU1,26792,280023070,-1977,146,1288,-489,-388,613
IMU1,26793,280033611,-2030,159,1270,-496,-433,641
IMU1,26794,280044156,-2053,158,1216,-505,-441,682
IMU1,26795,280054710,-2021,168,1242,-523,-387,719
IMU1,26796,280065790,-2059,232,1328,-551,-225,749
IMU1,26797,280076335,-2149,309,1443,-538,-166,777
IMU1,26798,280086893,-2267,404,1518,-506,-162,837
IMU1,26799,280097437,-2406,560,1563,-462,-235,930
IMU1,26800,280107994,-2541,703,1590,-438,-355,1072
IMU1,26801,280118768,-2656,851,1640,-425,-498,1260
IMU1,26802,280129512,-2791,966,1704,-409,-655,1475
IMU1,26803,280140261,-2968,1088,1595,-398,-761,1706
IMU1,26804,280151227,-3386,1525,1426,-444,-724,1935
IMU1,26805,280162182,-3684,1741,1649,-664,-348,2322
IMU1,26806,280173133,-3895,1979,1867,-714,-191,2470
IMU1,26807,280184082,-4093,2280,1896,-725,-139,2535
IMU1,26808,280195031,-4086,2622,1851,-740,-307,2439
IMU1,26809,280205984,-3972,2860,1678,-746,-746,2099
IMU1,26810,280216944,-3948,2978,1375,-742,-1235,1502
IMU1,26811,280228113,-4503,3250,1292,-714,-1518,720
IMU1,26812,280239064,-4727,3400,1459,-344,-1070,-1171
IMU1,26813,280250322,-5116,3452,1862,79,-494,-2350
IMU1,26814,280261094,-5393,3244,2133,663,122,-3690
IMU1,26815,280271957,-5230,2799,2189,1331,956,-5248
IMU1,26816,280283037,-4929,2217,2448,1970,2066,-7107
IMU1,26817,280294319,-4315,1647,3067,2566,3298,-9216
IMU1,26818,280305601,-3496,804,2974,3112,5220,-14167
IMU1,26819,280316877,-3964,975,2789,3479,5841,-16678
IMU1,26820,280328161,-4872,1601,3107,3231,6110,-18865
IMU1,26821,280339632,-5767,2194,3178,2789,5958,-20497
IMU1,26822,280351109,-6615,2961,3597,2234,5893,-21523
IMU1,26823,280362598,-7345,3738,4824,1868,5949,-22025
IMU1,26824,280374084,-8171,4078,5022,2015,4486,-20958
IMU1,26825,280385548,-7351,4193,4653,2237,2998,-19508
IMU1,26826,280397044,-6252,4563,3960,2326,1410,-17826
IMU1,26827,280408523,-4919,5081,3075,2221,110,-16104
IMU1,26828,280419801,-3676,5617,2067,1979,-690,-14421
IMU1,26829,280431169,-1353,7669,-1793,1043,-545,-10898
IMU1,26830,280442637,-1118,8370,-3404,105,813,-8750
IMU1,26831,280453613,-1322,7643,-3148,-897,3089,-5993
IMU1,26832,280464889,-1240,5796,-702,-1615,4975,-2861
IMU1,26833,280476143,-183,3943,1575,-1913,5081,-51
IMU1,26834,280486924,768,2155,3537,-1940,3826,1821
IMU1,26835,280497903,1424,57,4787,-1706,532,2808
IMU1,26836,280511030,1464,300,3059,-1383,-465,2186
IMU1,26837,280521906,1192,529,1543,-2061,-756,1240
IMU1,26838,280532779,1056,660,997,-3020,-522,494
IMU1,26839,280543245,1063,902,774,-3758,43,242
IMU1,26840,280553420,1156,1090,734,-4106,619,476
IMU1,26841,280564003,1406,1097,870,-4082,799,1005
IMU1,26842,280574764,1697,772,1288,-3748,-2,2079
IMU1,26843,280585236,1776,411,1483,-2480,-408,2370
IMU1,26844,280596082,1761,-37,1710,-1737,-647,2394
IMU1,26845,280606827,1752,-475,1704,-1007,-762,2157
IMU1,26846,280617774,1757,-807,1528,-416,-729,1719
IMU1,26847,280628512,1754,-1011,1353,-25,-587,1157
IMU1,26848,280639259,1703,-1062,1153,182,-457,563
IMU1,26849,280649916,1566,-985,980,250,-395,65
# swing_peak_seq=26823
IMU1,26850,280659973,1439,-816,833,245,-381,-239
IMU1,26851,280670317,1392,-634,730,221,-355,-321
IMU1,26852,280681718,1449,-423,890,219,-243,-40
IMU1,26853,280691847,1522,-392,1089,286,-231,170
IMU1,26854,280702292,1563,-377,1256,374,-261,337
IMU1,26855,280712756,1571,-400,1389,453,-317,458
IMU1,26856,280723221,1570,-482,1531,515,-392,543
IMU1,26857,280733679,1584,-597,1652,567,-485,608
IMU1,26858,280744144,1582,-729,1781,614,-609,665
IMU1,26859,280754606,1552,-825,1846,662,-775,728
IMU1,26860,280765073,1519,-889,1854,697,-962,800
IMU1,26861,280775537,1472,-936,1846,698,-1138,879
IMU1,26862,280786213,1429,-982,1753,669,-1302,1046
IMU1,26863,280797067,1394,-978,1655,516,-1551,1142
IMU1,26864,280807937,1362,-984,1546,392,-1656,1258
IMU1,26865,280818796,1311,-1012,1491,266,-1737,1390
IMU1,26866,280829862,1236,-1040,1485,152,-1787,1557
IMU1,26867,280840923,1169,-1054,1483,64,-1839,1752
IMU1,26868,280851779,1144,-1071,1468,-4,-1917,1938
IMU1,26869,280862539,1102,-1097,1520,-61,-1992,2092
IMU1,26870,280874023,1021,-1170,1523,-113,-2141,2317
IMU1,26871,280885186,1005,-1196,1505,-104,-2252,2385
IMU1,26872,280896343,967,-1165,1531,-78,-2391,2438
IMU1,26873,280907103,888,-1107,1499,-29,-2565,2494
IMU1,26874,280917861,776,-1059,1403,40,-2754,2576
IMU1,26875,280928524,675,-977,1256,109,-2936,2703
IMU1,26876,280939189,560,-878,1106,161,-3067,2865
IMU1,26877,280949872,386,-740,816,199,-3072,3261
IMU1,26878,280960342,366,-644,681,208,-2999,3472
IMU1,26879,280970789,328,-591,667,186,-2917,3654
IMU1,26880,280981255,283,-565,689,187,-2881,3820
IMU1,26881,280991708,250,-509,688,216,-2897,3977
IMU1,26882,281002155,169,-469,666,269,-2916,4114
IMU1,26883,281012602,95,-471,689,347,-2948,4243
IMU1,26884,281022848,31,-479,716,457,-2978,4366
IMU1,26885,281033114,-86,-525,791,599,-2991,4491
IMU1,26886,281043479,-201,-561,824,768,-2992,4618
IMU1,26887,281054030,-301,-683,834,941,-2990,4754
IMU1,26888,281064603,-402,-817,933,1098,-2985,4892
IMU1,26889,281075878,-633,-985,902,1340,-2995,5118
IMU1,26890,281086653,-769,-1014,825,1358,-2986,5211
IMU1,26891,281097618,-958,-1046,727,1281,-2942,5304
IMU1,26892,281108561,-1058,-1046,637,1124,-2862,5428
IMU1,26893,281119712,-1097,-1066,642,919,-2768,5568
IMU1,26894,281130679,-1065,-1113,779,713,-2739,5674
IMU1,26895,281141649,-1035,-1207,863,551,-2761,5705
IMU1,26896,281152611,-1143,-1230,992,339,-2733,5539
IMU1,26897,281163564,-1230,-1185,1132,308,-2712,5390
IMU1,26898,281174731,-1262,-1147,1262,361,-2677,5220
IMU1,26899,281185888,-1320,-1138,1378,481,-2639,5023
IMU1,26900,281197042,-1329,-1145,1265,623,-2620,4790
IMU1,26901,281208205,-1375,-1171,1080,702,-2495,4514
IMU1,26902,281219364,-1617,-1153,1019,617,-1782,3988
IMU1,26903,281230513,-1621,-1059,1214,537,-1472,3743
IMU1,26904,281241675,-1616,-963,1465,488,-1251,3489
IMU1,26905,281252608,-1623,-881,1696,493,-1157,3220
IMU1,26906,281263545,-1600,-794,1809,529,-1183,2947
IMU1,26907,281274508,-1585,-708,1832,570,-1250,2662
IMU1,26908,281285478,-1682,-664,1832,590,-1262,2379
IMU1,26909,281296439,-1817,-558,1628,474,-1071,1925
IMU1,26910,281307386,-1864,-526,1672,329,-835,1757
IMU1,26911,281318144,-1938,-524,1737,191,-637,1602
IMU1,26912,281328904,-2029,-472,1905,89,-547,1471
IMU1,26913,281339463,-2034,-401,2081,53,-514,1368
IMU1,26914,281350019,-1922,-312,2152,89,-519,1265
IMU1,26915,281360586,-1939,-262,2198,170,-538,1128
IMU1,26916,281371338,-2001,-308,2229,275,-606,984
IMU1,26917,281381905,-2026,-273,1979,387,-709,854
IMU1,26918,281392995,-2075,-193,1802,444,-562,638
IMU1,26919,281403564,-2103,-190,1741,363,-393,551
IMU1,26920,281414123,-2089,-189,1751,264,-237,488
IMU1,26921,281424673,-1987,-199,1822,175,-124,425
IMU1,26922,281435217,-1867,-223,1982,135,-74,328
IMU1,26923,281445574,-1843,-252,2205,163,-114,184
IMU1,26924,281456127,-1886,-247,2299,267,-279,23
IMU1,26925,281466480,-1923,-203,2222,399,-529,-119
IMU1,26926,281477135,-1941,-172,2025,487,-729,-226
IMU1,26927,281487766,-1951,-177,1787,488,-806,-294
IMU1,26928,281498925,-1826,-203,1826,341,-699,-376
IMU1,26929,281512120,-1743,-249,1909,277,-602,-417
IMU1,26930,281522776,-1693,-275,2090,248,-527,-458
IMU1,26931,281533431,-1658,-304,2216,280,-489,-492
IMU1,26932,281544099,-1736,-253,2272,351,-485,-496
IMU1,26933,281554750,-1830,-193,2189,421,-507,-448
IMU1,26934,281565416,-1884,-114,1860,444,-537,-214
IMU1,26935,281576080,-1863,-87,1742,267,-470,-53
IMU1,26936,281586335,-1792,-101,1654,91,-380,101
IMU1,26937,281596700,-1662,-159,1715,-94,-291,217
IMU1,26938,281607175,-1558,-250,1903,-228,-267,284
IMU1,26939,281617808,-1494,-331,2139,-258,-338,295
IMU1,26940,281628440,-1384,-341,2267,-170,-453,271
IMU1,26941,281639067,-1342,-359,2144,-4,-492,169
IMU1,26942,281649299,-1529,-316,1942,164,-476,15
IMU1,26943,281659633,-1654,-211,1753,261,-493,-78
IMU1,26944,281670067,-1640,-102,1611,254,-468,-72
IMU1,26945,281680496,-1581,-102,1530,165,-337,3
IMU1,26946,281691151,-1492,-143,1722,-114,-183,227
IMU1,26947,281701788,-1355,-161,1939,-198,-218,313
IMU1,26948,281712429,-1259,-221,2072,-201,-274,374
IMU1,26949,281723072,-1281,-244,2055,-131,-330,416
IMU1,26950,281733698,-1321,-201,1903,-58,-346,456
IMU1,26951,281744134,-1348,-187,1831,-18,-306,492
IMU1,26952,281754569,-1350,-181,1795,-1,-236,522
IMU1,26953,281764808,-1351,-142,1871,9,-136,539
IMU1,26954,281774949,-1410,-94,1978,28,-37,549
IMU1,26955,281784903,-1560,-12,2118,70,25,584
IMU1,26956,281794764,-1729,108,2238,135,33,673
IMU1,26957,281804925,-1872,224,2350,208,17,828
IMU1,26958,281816093,-2406,568,2308,309,61,1321
IMU1,26959,281826435,-2794,754,2332,295,140,1685
IMU1,26960,281836986,-3072,922,2405,267,248,2107
IMU1,26961,281847529,-3206,1110,2530,234,386,2528
IMU1,26962,281858284,-3345,1314,2766,232,544,2879
IMU1,26963,281869029,-3566,1537,2873,278,683,3122
IMU1,26964,281879782,-3793,1891,2979,344,675,3230
IMU1,26965,281890545,-3926,2248,2968,426,545,3169
IMU1,26966,281901303,-4018,2520,2250,506,331,2931
IMU1,26967,281912580,-3862,3030,1947,608,-459,1841
IMU1,26968,281923432,-3834,3091,1861,718,-659,1004
IMU1,26969,281934288,-3932,3041,1950,962,-529,47
IMU1,26970,281944731,-3849,2850,2285,1374,-64,-993
IMU1,26971,281955478,-3594,2419,2780,1971,725,-2145
IMU1,26972,281966544,-3323,2112,3115,2688,1788,-3432
IMU1,26973,281977810,-2759,1742,3199,3378,2812,-4915
IMU1,26974,281989081,-1448,1154,2982,4185,3520,-8700
IMU1,26975,282000344,-1264,901,2482,4164,3544,-10858
IMU1,26976,282011595,-1443,887,1941,3849,3737,-12925
IMU1,26977,282022834,-1690,1016,2051,3334,4161,-14764
IMU1,26978,282034278,-2052,1473,2742,2890,4858,-16326
IMU1,26979,282045732,-2613,2557,4340,2764,5341,-17593
IMU1,26980,282057216,-3116,2979,4432,3135,4875,-19168
IMU1,26981,282068715,-3804,3226,4308,3274,4646,-19647
IMU1,26982,282080188,-4411,3322,4350,3304,3408,-19825
IMU1,26983,282091655,-4319,3284,3380,3089,1256,-19604
IMU1,26984,282103120,-4295,3153,2161,2483,-812,-18969
IMU1,26985,282114493,-2975,3295,881,1048,-2819,-16194
IMU1,26986,282125832,-2196,3782,125,497,-2608,-14410
IMU1,26987,282136981,-1604,4193,-794,72,-1905,-12544
IMU1,26988,282148033,-1227,4813,-1316,-177,-938,-10498
IMU1,26989,282159361,-326,5282,-1856,-222,620,-8281
IMU1,26990,282170204,-497,5512,-1603,-147,2531,-6119
IMU1,26991,282181262,-493,3676,432,388,4186,-1157
IMU1,26992,282191921,166,2458,2034,626,4231,862
IMU1,26993,282202400,581,1370,3322,892,3771,2256
IMU1,26994,282213069,1254,482,3696,1124,2571,2967
IMU1,26995,282223943,2037,193,3118,1102,965,2953
IMU1,26996,282234630,2273,380,2217,636,-355,2319
IMU1,26997,282245218,1991,516,1482,-247,-833,1438
IMU1,26998,282255859,1626,378,909,-1327,-560,690
IMU1,26999,282266302,1378,300,814,-2356,-17,278
IMU1,27000,282276551,1375,43,1045,-3138,526,215
IMU1,27001,282287427,1327,-138,1373,-3737,1023,807
IMU1,27002,282298277,1328,-251,1682,-3548,760,1316
IMU1,27003,282309119,1498,-378,1906,-3117,242,1818
IMU1,27004,282319994,1707,-518,2009,-2539,-294,2201
IMU1,27005,282330960,1704,-697,2065,-1888,-763,2392
IMU1,27006,282341919,1759,-853,2008,-1246,-1180,2406
IMU1,27007,282353080,1750,-975,1814,-686,-1487,2253
# swing_peak_seq=26981
IMU1,27008,282364035,1642,-1119,1349,-25,-1532,1591
IMU1,27009,282374997,1576,-1148,1099,35,-1294,1193
IMU1,27010,282385863,1481,-1185,1088,-26,-991,797
IMU1,27011,282396424,1419,-1176,1212,-116,-748,476
IMU1,27012,282407188,1352,-1131,1273,-169,-613,258
IMU1,27013,282417944,1327,-1039,1245,-197,-578,153
IMU1,27014,282428699,1330,-997,1347,-194,-593,143
IMU1,27015,282439254,1358,-945,1395,-143,-670,209
IMU1,27016,282449810,1289,-913,1660,-60,-770,326
IMU1,27017,282460679,1325,-899,1710,217,-1061,668
IMU1,27018,282471325,1375,-882,1750,374,-1254,825
IMU1,27019,282481978,1316,-888,1729,504,-1434,947
IMU1,27020,282492631,1288,-885,1653,595,-1613,1061
IMU1,27021,282503481,1280,-870,1588,637,-1777,1172
IMU1,27022,282516902,1243,-820,1389,632,-1914,1283
IMU1,27023,282527764,1086,-852,1481,531,-2143,1558
IMU1,27024,282538633,887,-809,1219,466,-2250,1732
IMU1,27025,282549294,1000,-791,1365,364,-2306,1958
IMU1,27026,282560156,799,-810,1482,296,-2317,2166
IMU1,27027,282570817,802,-823,1478,295,-2326,2375
IMU1,27028,282581484,763,-720,1339,309,-2401,2545
IMU1,27029,282592155,712,-653,1235,292,-2470,2689
IMU1,27030,282602824,621,-574,1148,249,-2528,2833
IMU1,27031,282613502,418,-441,1092,211,-2573,3172
IMU1,27032,282624181,270,-396,1067,230,-2627,3380
IMU1,27033,282634811,192,-345,987,293,-2645,3591
IMU1,27034,282645258,109,-301,908,377,-2639,3793
IMU1,27035,282655712,39,-268,871,469,-2585,3985
IMU1,27036,282665972,-55,-281,836,564,-2503,4164
IMU1,27037,282676318,-77,-306,827,653,-2413,4325
IMU1,27038,282686671,-116,-412,870,747,-2328,4461
IMU1,27039,282697234,-96,-454,877,860,-2258,4580
IMU1,27040,282707595,-256,-561,1012,975,-2227,4687
IMU1,27041,282718347,-421,-675,767,1090,-2260,4818
IMU1,27042,282729107,-591,-781,867,1154,-2374,5146
IMU1,27043,282739867,-812,-957,940,1236,-2361,5310
IMU1,27044,282750631,-1039,-1125,892,1274,-2334,5492
IMU1,27045,282761802,-1101,-1178,738,1281,-2309,5691
IMU1,27046,282772957,-1140,-1206,678,1223,-2228,5876
IMU1,27047,282784120,-1169,-1230,561,1110,-2047,6034
IMU1,27048,282795279,-1220,-1264,453,938,-1777,6166
IMU1,27049,282806244,-1226,-1274,635,487,-1331,6275
IMU1,27050,282817206,-1271,-1292,812,311,-1307,6228
IMU1,27051,282828163,-1331,-1286,989,208,-1385,6125
IMU1,27052,282839110,-1476,-1233,1105,172,-1474,5996
IMU1,27053,282850275,-1669,-1147,1091,192,-1486,5871
IMU1,27054,282861426,-1889,-1109,840,211,-1340,5766
IMU1,27055,282872383,-1977,-1186,512,157,-1005,5681
IMU1,27056,282883340,-1729,-1057,615,-163,-177,5331
IMU1,27057,282894168,-1983,-1049,912,-252,128,5028
IMU1,27058,282904912,-1910,-1117,1219,-196,298,4717
IMU1,27059,282915886,-1761,-1069,1324,-24,293,4346
IMU1,27060,282926625,-2179,-667,1723,259,-78,3959
IMU1,27061,282937182,-1825,-270,1754,637,-466,3590
IMU1,27062,282947952,-1935,-341,1712,1003,-699,3188
IMU1,27063,282958911,-1992,-365,1572,1314,-749,2858
IMU1,27064,282969871,-2328,98,1077,1562,-283,2472
IMU1,27065,282980532,-2442,338,956,1462,-36,2364
IMU1,27066,282990999,-2547,485,990,1285,105,2271
IMU1,27067,283001567,-2507,562,1065,1087,146,2211
IMU1,27068,283012347,-2427,589,1024,879,124,2161
IMU1,27069,283022915,-2318,576,1134,684,106,2086
IMU1,27070,283033488,-2207,597,1123,522,105,1982
IMU1,27071,283044076,-2173,634,765,338,166,1843
IMU1,27072,283054433,-2393,634,970,57,364,1713
IMU1,27073,283064606,-2298,642,2051,-103,568,1650
IMU1,27074,283075257,-1649,497,2253,73,243,1320
IMU1,27075,283085605,-1778,502,2283,863,-202,958
IMU1,27076,283096060,-2029,442,2249,1253,-666,663
IMU1,27077,283106715,-2263,457,2010,1579,-1104,495
IMU1,27078,283117592,-2401,627,1483,1783,-1438,407
IMU1,27079,283128452,-2393,903,995,1737,-1516,398
IMU1,27080,283139125,-2339,1027,809,1432,-1232,436
IMU1,27081,283149977,-2343,1050,871,982,-702,509
IMU1,27082,283160437,-2263,1029,1213,539,-195,587
IMU1,27083,283171089,-2164,818,1757,220,88,644
IMU1,27084,283181764,-1968,715,1917,54,-248,748
IMU1,27085,283192026,-1773,647,1949,133,-530,719
IMU1,27086,283202479,-1657,610,1848,240,-671,638
IMU1,27087,283212924,-1680,606,1761,307,-649,540
IMU1,27088,283223355,-1768,630,1642,320,-545,462
IMU1,27089,283233804,-1854,674,1580,267,-450,426
IMU1,27090,283244255,-1858,715,1542,166,-384,427
IMU1,27091,283254700,-1851,750,1565,44,-334,452
IMU1,27092,283264958,-1860,784,1617,-90,-278,494
IMU1,27093,283275297,-1836,771,1638,-215,-244,545
IMU1,27094,283285847,-1791,753,1625,-310,-248,599
IMU1,27095,283296391,-1690,707,1592,-390,-247,687
IMU1,27096,283306935,-1670,729,1573,-518,-211,697
IMU1,27097,283317488,-1679,746,1518,-581,-170,685
IMU1,27098,283328044,-1708,740,1523,-643,-148,653
IMU1,27099,283338574,-1809,752,1641,-702,-154,615
IMU1,27100,283349132,-1911,810,1802,-711,-196,595
IMU1,27101,283359695,-1951,919,1895,-654,-292,603
IMU1,27102,283370268,-2005,985,1887,-558,-443,629
IMU1,27103,283380822,-2053,1082,1751,-471,-594,678
IMU1,27104,283391582,-2080,1151,1576,-441,-642,756
IMU1,27105,283402357,-2190,1171,1455,-537,-296,1001
IMU1,27106,283413312,-2378,1522,1685,-578,-11,1165
IMU1,27107,283424072,-2367,1618,1629,-569,288,1303
IMU1,27108,283434914,-2394,1681,1651,-584,538,1404
IMU1,27109,283445786,-2435,1821,1724,-608,694,1458
IMU1,27110,283456630,-2436,1943,1728,-626,725,1474
IMU1,27111,283467486,-2364,2033,1713,-654,656,1447
IMU1,27112,283478343,-2252,2058,1697,-702,504,1361
IMU1,27113,283489727,-2291,2136,1578,-824,95,1083
IMU1,27114,283500386,-2326,2210,1614,-842,-161,935
IMU1,27115,283511144,-2288,2251,1700,-800,-397,787
IMU1,27116,283524466,-2225,2380,1776,-680,-524,629
IMU1,27117,283535232,-2147,2520,1965,-490,-526,448
IMU1,27118,283545992,-2073,3181,1759,-244,-310,253
IMU1,27119,283556752,-2866,3047,1592,152,251,-244
IMU1,27120,283567420,-2580,3361,1460,271,-466,-457
IMU1,27121,283578165,-2503,3457,1432,313,-1203,-810
IMU1,27122,283589127,-2340,3734,1240,278,-1511,-1311
IMU1,27123,283600291,-2549,3932,1339,195,-1535,-1976
IMU1,27124,283611450,-2735,3895,1431,154,-1553,-2742
IMU1,27125,283622613,-2916,3797,1327,168,-1590,-3604
IMU1,27126,283633768,-2082,2820,1475,225,-396,-5972
IMU1,27127,283644729,-1777,2280,1754,367,774,-7558
IMU1,27128,283655614,-1298,1806,2225,655,1754,-9388
IMU1,27129,283666676,-1003,1378,2315,1039,2377,-11401
IMU1,27130,283678145,-1071,1049,1705,1341,2652,-13435
IMU1,27131,283689610,-1344,933,850,1356,3060,-15322
IMU1,27132,283700672,-2941,1610,846,919,4711,-18346
IMU1,27133,283711744,-3989,2561,1861,1001,5697,-19327
IMU1,27134,283723221,-4845,3405,2913,1513,6431,-19820
IMU1,27135,283734700,-5000,4348,3679,2295,6816,-19864
IMU1,27136,283746196,-5201,4700,4371,3117,6994,-19639
IMU1,27137,283757704,-4104,4145,3645,3778,5837,-19139
IMU1,27138,283769210,-3747,3709,2970,3549,1147,-17644
IMU1,27139,283780698,-3701,3776,1860,3010,-298,-16311
IMU1,27140,283792076,-2489,4725,185,2403,-109,-14535
IMU1,27141,283803227,-2437,5011,-274,1795,1527,-12510
IMU1,27142,283814596,-1289,5547,-520,1350,3257,-10210
IMU1,27143,283825956,354,5267,359,523,4775,-5868
IMU1,27144,283836544,444,4163,1601,242,4371,-3728
IMU1,27145,283847316,369,3039,2901,190,3356,-1602
IMU1,27146,283858090,830,2289,3672,301,1851,182
IMU1,27147,283868553,1329,1769,3588,375,369,1199
IMU1,27148,283879223,1371,1468,3105,212,-540,1442
IMU1,27149,283889986,1304,1256,2179,-266,-799,1209
IMU1,27150,283900851,1142,1006,1724,-1014,-536,807
IMU1,27151,283911709,1180,701,1725,-1790,-59,416
IMU1,27152,283922693,1326,711,1808,-2764,598,525
IMU1,27153,283933267,1411,707,1870,-2921,558,758
IMU1,27154,283943856,1456,652,1866,-2902,320,1088
IMU1,27155,283954619,1432,487,1881,-2748,52,1470
IMU1,27156,283965197,1438,222,1970,-2482,-203,1848
IMU1,27157,283976066,1432,-107,2191,-2102,-436,2129
IMU1,27158,283987023,1393,-464,2355,-1628,-657,2271
IMU1,27159,283997993,1421,-1084,2456,-1124,-874,2256
IMU1,27160,284009170,1525,-1292,2384,-267,-1183,1701
IMU1,27161,284020325,1403,-1320,2192,56,-1341,1262
# swing_peak_seq=27135
IMU1,27162,284031183,1201,-1286,1918,251,-1507,839
IMU1,27163,284042058,1087,-1212,1607,322,-1586,525
IMU1,27164,284052914,1030,-1165,1478,299,-1496,343
IMU1,27165,284063779,973,-1102,1425,245,-1316,278
IMU1,27166,284074444,1015,-1024,1367,199,-1120,299
IMU1,27167,284085296,1052,-925,1485,138,-778,425
IMU1,27168,284095757,1080,-956,1642,131,-704,510
IMU1,27169,284106238,1094,-983,1791,163,-681,589
IMU1,27170,284116705,1105,-1031,1872,216,-693,669
IMU1,27171,284127375,1092,-1099,1985,272,-758,741
IMU1,27172,284138054,1055,-1182,2112,340,-896,804
IMU1,27173,284148725,1022,-1260,2155,422,-1092,857
IMU1,27174,284159602,1013,-1278,2072,484,-1287,903
IMU1,27175,284170485,968,-1279,1923,486,-1430,938
IMU1,27176,284181136,756,-1246,1561,410,-1516,1063
IMU1,27177,284191996,721,-1267,1567,31,-1557,1196
IMU1,27178,284202682,743,-1261,1551,-173,-1500,1367
IMU1,27179,284213639,621,-1226,1373,-361,-1449,1524
IMU1,27180,284224595,424,-1190,1272,-562,-1460,1759
IMU1,27181,284235556,774,-1276,1685,-733,-1525,1991
IMU1,27182,284246528,997,-1281,1761,-759,-1587,2045
IMU1,27183,284257485,1164,-1285,1984,-711,-1688,2009
IMU1,27184,284268634,829,-1084,1688,-459,-2217,1678
IMU1,27185,284279585,860,-964,1651,-348,-2470,1565
IMU1,27186,284290347,882,-944,1519,-247,-2521,1516
IMU1,27187,284301113,840,-935,1376,-152,-2415,1515
IMU1,27188,284311881,801,-912,1386,-84,-2311,1578
IMU1,27189,284322454,762,-891,1333,-14,-2297,1696
IMU1,27190,284333007,682,-846,1221,42,-2402,1862
IMU1,27191,284343466,582,-786,1143,65,-2603,2075
IMU1,27192,284353944,508,-605,954,72,-2826,2322
IMU1,27193,284364741,542,-503,871,70,-3033,2791
IMU1,27194,284375040,555,-456,847,57,-2987,2966
IMU1,27195,284385308,542,-434,888,76,-2888,3105
IMU1,27196,284395575,466,-443,920,119,-2786,3240
IMU1,27197,284406044,345,-473,953,201,-2745,3397
IMU1,27198,284416516,203,-501,972,308,-2800,3591
IMU1,27199,284426978,121,-580,977,434,-2934,3803
IMU1,27200,284437441,67,-670,873,554,-3092,4003
IMU1,27201,284447695,42,-751,751,641,-3202,4168
IMU1,27202,284457939,7,-833,647,682,-3220,4297
IMU1,27203,284467985,-95,-897,611,684,-3159,4397
IMU1,27204,284478346,-191,-944,618,678,-3061,4492
IMU1,27205,284488909,-416,-1076,738,667,-2861,4676
IMU1,27206,284499656,-562,-1149,815,686,-2823,4769
IMU1,27207,284510404,-776,-1239,950,742,-2828,4849
IMU1,27208,284521162,-874,-1317,950,811,-2860,4923
IMU1,27209,284534472,-918,-1416,780,846,-2925,4933
IMU1,27210,284545232,-833,-1469,449,791,-2980,4835
IMU1,27211,284555990,-595,-1420,183,630,-2942,4577
IMU1,27212,284566766,-499,-1545,469,178,-2458,3613
IMU1,27213,284577522,-526,-1635,806,83,-2102,3015
IMU1,27214,284588070,-623,-1652,1283,164,-1865,2431
IMU1,27215,284599018,-777,-1601,1529,416,-1859,1877
IMU1,27216,284609977,-876,-1583,1635,757,-2107,1357
IMU1,27217,284620938,-907,-1602,1567,1066,-2424,870
IMU1,27218,284631883,-932,-1583,1404,1268,-2624,430
IMU1,27219,284642849,-1097,-1535,1273,1338,-2514,-217
IMU1,27220,284654107,-1162,-1506,1306,1232,-2341,-385
IMU1,27221,284665363,-1209,-1482,1352,1152,-2158,-435
IMU1,27222,284676627,-1231,-1440,1438,1087,-1907,-393
IMU1,27223,284687872,-1208,-1415,1570,1049,-1599,-262
IMU1,27224,284699120,-1162,-1386,1651,1038,-1291,-72
IMU1,27225,284710157,-984,-1349,1812,1036,-904,385
IMU1,27226,284720920,-831,-1343,1914,1025,-889,588
IMU1,27227,284731673,-691,-1345,1988,1040,-990,721
IMU1,27228,284742429,-604,-1338,1992,1090,-1151,789
IMU1,27229,284753386,-580,-1282,1911,1165,-1303,815
IMU1,27230,284764342,-656,-1200,1734,1229,-1369,845
IMU1,27231,284775285,-780,-1159,1516,1260,-1269,909
IMU1,27232,284786250,-851,-1093,1365,1243,-977,1021
IMU1,27233,284797721,-1037,-1019,1446,1165,-54,1350
IMU1,27234,284808677,-1033,-1105,1645,1153,348,1544
IMU1,27235,284819722,-854,-1223,2162,1166,536,1702
IMU1,27236,284830574,-604,-1311,2682,1298,476,1726
IMU1,27237,284841424,-470,-1393,2619,1523,191,1590
IMU1,27238,284852280,-507,-1407,2395,1694,-156,1347
IMU1,27239,284863227,-606,-1380,1849,1751,-385,1083
IMU1,27240,284874702,-857,-1299,1698,1513,-171,664
IMU1,27241,284885448,-911,-1277,1735,1285,264,552
IMU1,27242,284896098,-905,-1235,2072,1096,750,477
IMU1,27243,284906755,-865,-1196,2601,1019,1049,410
IMU1,27244,284917609,-866,-1155,2896,1079,1010,341
IMU1,27245,284928468,-931,-1060,2863,1184,696,288
IMU1,27246,284939112,-1007,-960,2576,1211,305,281
IMU1,27247,284949762,-1115,-855,2251,1100,-17,324
IMU1,27248,284961348,-1147,-756,1987,594,-206,526
IMU1,27249,284971894,-1141,-765,2007,367,-78,640
IMU1,27250,284982241,-1149,-746,2052,239,167,735
IMU1,27251,284992694,-1145,-750,2140,209,444,820
IMU1,27252,285003144,-1109,-742,2313,262,648,883
IMU1,27253,285013611,-1033,-737,2458,392,752,917
IMU1,27254,285024087,-990,-708,2489,550,757,916
IMU1,27255,285034354,-989,-672,2457,674,664,893
IMU1,27256,285044622,-1041,-599,2404,733,518,865
IMU1,27257,285055086,-1137,-540,2329,713,382,859
IMU1,27258,285065568,-1362,-466,2302,637,276,893
IMU1,27259,285076566,-1498,-397,2317,399,249,1131
IMU1,27260,285087239,-1640,-325,2371,287,328,1325
IMU1,27261,285097877,-1755,-272,2439,198,421,1563
IMU1,27262,285108532,-1872,-204,2476,140,527,1823
IMU1,27263,285119185,-2001,-138,2505,108,631,2098
IMU1,27264,285129856,-2082,-74,2511,85,730,2387
IMU1,27265,285140118,-2117,22,2531,64,817,2650
IMU1,27266,285150281,-2146,88,2511,34,896,2876
IMU1,27267,285160457,-2193,150,2486,-12,958,3052
IMU1,27268,285170926,-2242,223,2531,-71,977,3172
IMU1,27269,285182442,-2358,382,2721,-145,709,3172
IMU1,27270,285193120,-2426,500,2817,-142,374,3049
IMU1,27271,285203778,-2508,661,2798,-102,-51,2830
IMU1,27272,285214335,-2685,782,2532,-61,-360,2557
IMU1,27273,285224908,-2828,1033,2426,-67,-382,2287
IMU1,27274,285235666,-2974,1152,2461,-76,-199,2015
IMU1,27275,285246422,-3060,1215,2541,-36,21,1763
IMU1,27276,285256879,-2964,1363,2814,78,146,1515
IMU1,27277,285267443,-2815,1405,2985,268,102,1200
IMU1,27278,285278716,-2950,1482,2851,591,-405,324
IMU1,27279,285289393,-3193,1551,2493,598,-624,-187
IMU1,27280,285300164,-3329,1690,2235,496,-686,-740
IMU1,27281,285310911,-3417,1794,2295,333,-518,-1378
IMU1,27282,285321875,-3460,1803,2392,227,-276,-2152
IMU1,27283,285332842,-3263,1682,2686,230,18,-3087
IMU1,27284,285343485,-3182,1398,2770,358,569,-4172
IMU1,27285,285354360,-2697,1271,2098,500,1401,-6663
IMU1,27286,285365426,-2778,1566,1603,339,2679,-8164
IMU1,27287,285376489,-2870,1816,1123,4,2750,-9746
IMU1,27288,285387155,-2860,1937,967,-373,3070,-11259
IMU1,27289,285398334,-2771,2027,1116,-582,4130,-12605
IMU1,27290,285409723,-2400,2144,1503,-456,5833,-13822
IMU1,27291,285421086,-1846,2474,4271,70,7806,-15048
IMU1,27292,285432170,-1916,3692,5211,2234,9696,-17510
IMU1,27293,285443670,-2103,4331,5904,3134,8557,-18577
IMU1,27294,285455159,-2185,4463,5520,3554,5774,-19532
IMU1,27295,285466649,-3233,4160,4201,3118,2205,-20060
IMU1,27296,285478120,-3876,4518,2392,2196,-377,-19536
IMU1,27297,285489507,-2801,5579,-526,975,1305,-15253
IMU1,27298,285500686,-1762,5935,-329,877,3425,-12505
IMU1,27299,285511852,-278,5780,103,967,4800,-9818
IMU1,27300,285522514,673,5171,704,1113,4972,-7385
IMU1,27301,285535857,1031,4291,1575,1219,4134,-5057
IMU1,27302,285547056,1697,2401,3146,1322,1870,-929
IMU1,27303,285558033,1755,1677,3281,1167,692,271
IMU1,27304,285568710,1549,1316,2522,706,-273,826
IMU1,27305,285579282,1285,1067,1823,-169,-533,953
IMU1,27306,285589937,1183,690,1625,-1252,-110,910
IMU1,27307,285600608,1154,409,1574,-2234,397,871
IMU1,27308,285611180,1199,340,1433,-2982,638,945
IMU1,27309,285621773,1230,337,1374,-3479,685,1156
IMU1,27310,285632539,1335,268,1503,-3693,598,1471
IMU1,27311,285643834,1558,6,1997,-3220,167,2033
IMU1,27312,285654215,1581,-196,2115,-2655,-115,2123
IMU1,27313,285665189,1528,-461,2237,-1988,-322,2043
IMU1,27314,285676159,1450,-754,2307,-1301,-528,1824
IMU1,27315,285687133,1341,-964,2132,-675,-732,1491
IMU1,27316,285697903,1191,-1083,1798,-202,-884,1102
IMU1,27317,285708856,1066,-1155,1456,60,-933,729
IMU1,27318,285719312,951,-1175,1226,140,-857,442
IMU1,27319,285730308,903,-1088,1206,69,-720,205
# swing_peak_seq=27293
IMU1,27320,285740574,933,-1001,1174,-3,-728,204
IMU1,27321,285750729,917,-968,1259,-84,-748,249
IMU1,27322,285760879,927,-962,1379,-130,-757,305
IMU1,27323,285771223,985,-976,1574,-126,-785,370
IMU1,27324,285781578,1106,-969,1656,-68,-843,415
IMU1,27325,285791927,1134,-969,1773,16,-949,418
IMU1,27326,285802194,1145,-979,1889,112,-1123,407
IMU1,27327,285812848,1118,-957,1977,232,-1338,399
IMU1,27328,285823515,1090,-924,2034,359,-1572,416
IMU1,27329,285834193,1044,-845,1945,475,-1816,463
IMU1,27330,285844856,880,-701,1884,534,-2064,679
IMU1,27331,285855315,821,-623,1623,568,-2465,863
IMU1,27332,285865785,747,-552,1438,490,-2604,1079
IMU1,27333,285876448,690,-555,1615,371,-2688,1339
IMU1,27334,285887111,670,-524,1644,321,-2766,1627
IMU1,27335,285897776,611,-482,1516,320,-2916,1923
IMU1,27336,285908447,726,-510,1606,326,-3084,2233
IMU1,27337,285919110,808,-519,1695,384,-3169,2469
IMU1,27338,285929790,681,-477,1558,477,-3268,2586
IMU1,27339,285940451,642,-429,1278,544,-3424,2681
IMU1,27340,285951642,399,-326,1132,600,-3429,2926
IMU1,27341,285962324,320,-319,1086,604,-3341,3156
IMU1,27342,285972993,308,-373,1121,630,-3253,3417
IMU1,27343,285983664,227,-458,1061,689,-3189,3676
IMU1,27344,285994344,174,-528,957,757,-3155,3920
IMU1,27345,286004830,221,-616,937,822,-3100,4146
IMU1,27346,286015300,206,-715,883,884,-2986,4325
IMU1,27347,286025774,120,-769,845,929,-2889,4457
IMU1,27348,286036237,24,-835,890,948,-2806,4555
IMU1,27349,286046512,-40,-1065,913,963,-2716,4637
IMU1,27350,286057611,-79,-1190,950,980,-2592,4709
IMU1,27351,286068190,-139,-1312,976,985,-2560,4698
IMU1,27352,286078948,-220,-1434,952,983,-2557,4675
IMU1,27353,286089743,-244,-1531,865,971,-2594,4641
IMU1,27354,286100499,-321,-1581,824,942,-2609,4591
IMU1,27355,286111261,-417,-1604,791,912,-2555,4548
IMU1,27356,286122036,-484,-1637,769,875,-2460,4511
IMU1,27357,286132800,-465,-1648,803,817,-2324,4445
IMU1,27358,286144071,-585,-1711,983,681,-1845,4192
IMU1,27359,286154829,-615,-1741,1117,663,-1677,4034
IMU1,27360,286165803,-564,-1740,1127,681,-1632,3833
IMU1,27361,286176763,-510,-1756,1012,698,-1685,3573
IMU1,27362,286187726,-511,-1700,957,694,-1783,3273
IMU1,27363,286198490,-552,-1672,927,694,-1817,2973
IMU1,27364,286209258,-662,-1628,903,706,-1723,2707
IMU1,27365,286220008,-795,-1543,1050,728,-1186,2307
IMU1,27366,286230978,-872,-1495,1256,817,-854,2144
IMU1,27367,286241746,-969,-1501,1495,892,-594,2015
IMU1,27368,286252502,-1005,-1504,1701,988,-432,1914
IMU1,27369,286263466,-1008,-1508,1789,1073,-426,1814
IMU1,27370,286274626,-1002,-1504,1805,1121,-544,1699
IMU1,27371,286285777,-1031,-1459,1788,1122,-658,1588
IMU1,27372,286296936,-1159,-1344,1599,1071,-619,1429
IMU1,27373,286308121,-1231,-1236,1589,861,-455,1396
IMU1,27374,286319102,-1356,-1150,1666,766,-216,1404
IMU1,27375,286330073,-1500,-1060,1774,733,52,1464
IMU1,27376,286340747,-1603,-1002,1843,768,264,1587
IMU1,27377,286351613,-1664,-946,1867,849,386,1745
IMU1,27378,286362284,-1654,-888,1741,937,443,1914
IMU1,27379,286372950,-1642,-777,1481,980,490,2065
IMU1,27380,286383621,-1661,-572,1039,942,688,2229
IMU1,27381,286394307,-1660,-557,1169,717,768,2237
IMU1,27382,286404992,-1620,-592,1374,711,844,2197
IMU1,27383,286415655,-1574,-556,1564,847,948,2110
IMU1,27384,286426331,-1596,-501,1635,1079,1092,2007
IMU1,27385,286437394,-1695,-440,1681,1336,1245,1912
IMU1,27386,286448458,-1845,-357,1771,1570,1361,1857
IMU1,27387,286459522,-1975,-271,1723,1740,1419,1862
IMU1,27388,286470590,-2153,-208,1706,1726,1277,1969
IMU1,27389,286481654,-2172,-210,1814,1578,1086,2024
IMU1,27390,286492716,-2170,-178,1811,1384,855,2027
IMU1,27391,286503587,-2152,-200,1871,1165,596,1972
IMU1,27392,286514472,-2056,-238,1865,951,394,1862
IMU1,27393,286525164,-1965,-247,1901,754,256,1683
IMU1,27394,286538385,-1912,-277,2057,529,-67,1179
IMU1,27395,286548962,-1970,-222,2032,498,-232,935
IMU1,27396,286559527,-2074,-166,1932,497,-393,722
IMU1,27397,286570094,-2140,-105,1862,486,-529,580
IMU1,27398,286580654,-2188,-50,1811,461,-552,506
IMU1,27399,286591024,-2236,0,1818,429,-512,496
IMU1,27400,286601017,-2287,38,1828,395,-439,544
IMU1,27401,286611289,-2365,64,1767,341,-348,635
IMU1,27402,286621558,-2397,79,1732,260,-281,748
IMU1,27403,286631841,-2363,84,1728,153,-223,857
IMU1,27404,286642115,-2312,112,1728,34,-149,934
IMU1,27405,286652392,-2272,129,1793,-80,-93,967
IMU1,27406,286663082,-2372,206,1792,-228,-45,980
IMU1,27407,286673451,-2467,276,1742,-280,-48,1015
IMU1,27408,286684022,-2555,417,1692,-336,-20,1079
IMU1,27409,286694593,-2643,518,1679,-403,28,1177
IMU1,27410,286705061,-2755,647,1699,-464,62,1315
IMU1,27411,286715539,-2881,799,1725,-506,73,1502
IMU1,27412,286726036,-3028,941,1722,-535,75,1740
IMU1,27413,286736489,-3154,1096,1677,-568,104,2027
IMU1,27414,286747330,-3194,1240,1648,-617,173,2325
IMU1,27415,286758185,-3331,1527,1713,-678,284,2604
IMU1,27416,286769039,-3236,1624,1875,-713,405,3094
IMU1,27417,286779891,-3071,1735,1961,-625,320,3263
IMU1,27418,286790751,-2942,1918,2091,-458,233,3350
IMU1,27419,286801616,-2824,2049,2225,-224,133,3370
IMU1,27420,286812464,-2727,2156,2268,62,-7,3357
IMU1,27421,286822722,-2613,2297,2141,355,-166,3335
IMU1,27422,286833561,-2416,2443,2133,609,-289,3280
IMU1,27423,286844417,-2243,2569,2187,825,-387,3157
IMU1,27424,286855793,-1899,2758,2151,1180,-1187,2601
IMU1,27425,286867057,-1691,2863,1853,1271,-1791,2151
IMU1,27426,286878326,-1537,3024,1434,1245,-2432,1520
IMU1,27427,286889604,-1576,3057,1194,1083,-3026,729
IMU1,27428,286900660,-1432,2932,1107,861,-3397,-176
IMU1,27429,286911613,-1295,2793,1245,646,-3439,-1200
IMU1,27430,286922774,-1129,2154,1427,353,-2962,-3633
IMU1,27431,286933943,-939,1629,1305,202,-2420,-5000
IMU1,27432,286944896,-651,1167,1024,-63,-1612,-6465
IMU1,27433,286955734,-643,701,937,-488,-766,-8031
IMU1,27434,286966188,-457,312,589,-1061,65,-9654
IMU1,27435,286976548,-357,225,586,-1768,698,-11399
IMU1,27436,286987295,-755,-153,461,-2470,939,-13239
IMU1,27437,286998156,-1252,-440,309,-3058,1571,-15004
IMU1,27438,287009435,-2697,-307,1902,-2998,4855,-18076
IMU1,27439,287020907,-3231,686,3346,-1851,6808,-19170
IMU1,27440,287032285,-3535,2173,4414,-95,7942,-19906
IMU1,27441,287043475,-3210,2962,3774,1542,7937,-20179
IMU1,27442,287054956,-3782,3374,2562,2327,7576,-20119
IMU1,27443,287066436,-4756,3947,3550,2336,5338,-19465
IMU1,27444,287077923,-4129,3507,2881,1940,3262,-18548
IMU1,27445,287089398,-3454,3537,1711,1686,1866,-17163
IMU1,27446,287100859,-2963,4130,385,1523,1846,-15233
IMU1,27447,287112132,-2259,4749,-434,1487,3030,-12758
IMU1,27448,287123515,-1348,4720,94,1553,4611,-9972
IMU1,27449,287134405,536,3938,963,1548,5024,-4701
IMU1,27450,287145183,715,2898,2106,1397,3672,-2516
IMU1,27451,287156162,734,2057,2839,1301,2064,-687
IMU1,27452,287166921,821,1485,3056,1203,755,649
IMU1,27453,287177396,1022,1131,2923,960,-40,1384
IMU1,27454,287187962,1197,949,2375,471,-372,1531
IMU1,27455,287198551,1089,703,1809,-288,-168,1276
IMU1,27456,287209222,995,405,1538,-1195,383,905
IMU1,27457,287219593,1101,219,1801,-2043,945,583
IMU1,27458,287230681,1194,244,1867,-3054,1362,349
IMU1,27459,287241457,1239,305,1996,-3170,1267,460
IMU1,27460,287252238,1247,253,2176,-3082,1062,703
IMU1,27461,287263010,1236,126,2312,-2820,739,1006
IMU1,27462,287273780,1217,-39,2430,-2426,366,1298
IMU1,27463,287284432,1278,-267,2439,-1949,35,1506
IMU1,27464,287295095,1247,-542,2481,-1443,-214,1582
IMU1,27465,287306055,1227,-816,2523,-933,-390,1533
IMU1,27466,287317345,1197,-1149,2343,-63,-625,1090
IMU1,27467,287328121,1173,-1203,2174,182,-679,733
# swing_peak_seq=27441
IMU1,27468,287338782,1120,-1216,2141,312,-716,360
IMU1,27469,287349454,1086,-1190,2105,372,-779,37
IMU1,27470,287359928,1097,-1137,2047,387,-904,-206
IMU1,27471,287370706,1099,-1041,1965,372,-1066,-365
IMU1,27472,287381659,1038,-927,1794,329,-1207,-429
IMU1,27473,287392409,929,-813,1582,216,-1273,-393
IMU1,27474,287402965,884,-854,2026,32,-1106,-58
IMU1,27475,287413637,1087,-943,2415,-174,-993,149
IMU1,27476,287424199,1280,-958,2321,-84,-1019,289
IMU1,27477,287434744,1301,-949,2289,6,-1192,330
IMU1,27478,287445020,1296,-942,2300,65,-1448,340
IMU1,27479,287455480,1285,-931,2233,106,-1629,353
IMU1,27480,287466147,1191,-928,2195,123,-1698,383
IMU1,27481,287476816,1088,-913,2192,128,-1737,453
IMU1,27482,287487483,1105,-928,2211,138,-1779,575
IMU1,27483,287498167,1079,-908,2112,144,-1845,724
IMU1,27484,287508838,545,-732,1580,101,-2106,1191
IMU1,27485,287519509,1133,-850,2249,-247,-2173,1593
IMU1,27486,287530485,1361,-797,2311,-225,-2215,1682
IMU1,27487,287544009,965,-706,2057,-145,-2441,1655
IMU1,27488,287554751,954,-597,2075,-101,-2916,1655
IMU1,27489,287565513,894,-423,2041,-39,-3151,1661
IMU1,27490,287576073,771,-249,1851,38,-3253,1797
IMU1,27491,287586539,701,-156,1789,201,-3304,1918
IMU1,27492,287597214,581,-119,1675,266,-3346,2083
IMU1,27493,287607879,499,-70,1538,310,-3440,2314
IMU1,27494,287618364,323,-9,1401,327,-3518,2594
IMU1,27495,287628632,146,27,1234,308,-3569,2928
IMU1,27496,287639015,40,60,1036,257,-3585,3297
IMU1,27497,287649199,82,42,890,179,-3548,3664
IMU1,27498,287659173,89,9,813,91,-3444,3974
IMU1,27499,287668762,72,-58,752,20,-3316,4214
IMU1,27500,287678640,105,-139,772,-24,-3233,4398
IMU1,27501,287689018,139,-199,811,-16,-3171,4520
IMU1,27502,287699387,42,-283,850,39,-3133,4592
IMU1,27503,287709465,-53,-436,1047,153,-3171,4647
IMU1,27504,287720034,-243,-624,1092,331,-3298,4682
IMU1,27505,287730794,-326,-779,1117,674,-3489,4751
IMU1,27506,287741587,-396,-907,990,833,-3576,4767
IMU1,27507,287752184,-533,-995,644,915,-3626,4780
IMU1,27508,287762755,-624,-1026,351,863,-3549,4820
IMU1,27509,287773522,-685,-1069,224,693,-3351,4889
IMU1,27510,287784284,-726,-1123,397,483,-3087,4965
IMU1,27511,287795054,-712,-1201,654,348,-2861,5023
IMU1,27512,287805839,-798,-1242,848,343,-2746,5038
IMU1,27513,287816619,-1047,-1326,1063,623,-2735,5024
IMU1,27514,287827791,-1103,-1312,1056,810,-2732,4977
IMU1,27515,287838964,-1113,-1320,806,970,-2682,4856
IMU1,27516,287849936,-1081,-1265,513,1023,-2527,4671
IMU1,27517,287861111,-997,-1224,448,981,-2336,4423
IMU1,27518,287871898,-1011,-1139,599,926,-2149,4112
IMU1,27519,287882892,-1125,-1006,747,928,-2005,3781
IMU1,27520,287893856,-1467,-741,737,1131,-1886,3202
IMU1,27521,287904815,-1567,-663,787,1275,-1737,2983
IMU1,27522,287915783,-1548,-713,883,1435,-1548,2762
IMU1,27523,287926761,-1439,-788,1095,1609,-1311,2488
IMU1,27524,287937924,-1386,-796,1231,1777,-947,2154
IMU1,27525,287948900,-1417,-809,1308,1910,-534,1792
IMU1,27526,287959849,-1474,-777,1430,2003,-206,1445
IMU1,27527,287970808,-1711,-529,1647,2116,207,908
IMU1,27528,287981469,-1929,-434,1859,2150,315,788
IMU1,27529,287992147,-2030,-396,2028,2200,302,774
IMU1,27530,288002832,-2084,-370,2225,2246,228,824
IMU1,27531,288013467,-2150,-450,2414,2274,193,913
IMU1,27532,288024119,-2118,-561,2616,2300,221,1030
IMU1,27533,288034975,-2022,-637,2645,2340,241,1120
IMU1,27534,288045821,-1902,-719,2601,2353,230,1145
IMU1,27535,288056682,-1764,-835,2660,2298,231,986
IMU1,27536,288067322,-1647,-893,2840,2065,88,855
IMU1,27537,288077759,-1505,-927,2968,1953,-148,676
IMU1,27538,288088510,-1554,-890,2968,1838,-362,461
IMU1,27539,288099260,-1729,-805,2868,1687,-536,287
IMU1,27540,288109997,-1875,-706,2718,1494,-712,195
IMU1,27541,288120766,-1908,-596,2585,1268,-858,184
IMU1,27542,288131521,-1892,-511,2432,1026,-895,230
IMU1,27543,288142273,-1866,-451,2326,790,-840,305
IMU1,27544,288152836,-1758,-422,2343,600,-753,396
IMU1,27545,288163409,-1618,-458,2375,427,-588,574
IMU1,27546,288173957,-1533,-461,2396,451,-531,629
IMU1,27547,288184532,-1629,-409,2314,489,-454,669
IMU1,27548,288195072,-1765,-346,2157,508,-397,735
IMU1,27549,288205624,-1808,-272,1993,475,-354,840
IMU1,27550,288216166,-1818,-212,1903,381,-263,963
IMU1,27551,288226713,-1782,-196,1853,250,-129,1087
IMU1,27552,288237462,-1753,-171,1868,119,18,1201
IMU1,27553,288247915,-1823,-139,1918,10,165,1305
IMU1,27554,288258379,-1888,-86,2027,-57,249,1418
IMU1,27555,288269242,-1902,-47,2045,-80,259,1652
IMU1,27556,288279584,-1932,-28,2034,-71,283,1750
IMU1,27557,288289941,-2020,18,1967,-78,308,1843
IMU1,27558,288300191,-2141,76,1914,-129,378,1934
IMU1,27559,288310659,-2289,150,1853,-227,487,2039
IMU1,27560,288321320,-2425,258,1879,-367,605,2162
IMU1,27561,288331972,-2526,328,1890,-513,723,2299
IMU1,27562,288342648,-2593,407,1904,-652,835,2440
IMU1,27563,288353307,-2668,502,1972,-767,929,2583
IMU1,27564,288363969,-2748,617,2189,-840,994,2730
IMU1,27565,288375130,-2878,849,2260,-832,1077,3012
IMU1,27566,288385980,-3012,960,2233,-784,1114,3142
IMU1,27567,288396840,-3183,1068,2149,-750,1213,3264
IMU1,27568,288407885,-3439,1255,2191,-759,1372,3391
IMU1,27569,288418941,-3678,1431,2253,-770,1535,3505
IMU1,27570,288430003,-3815,1645,2314,-762,1631,3575
IMU1,27571,288441064,-3850,2155,2307,-716,1665,3575
IMU1,27572,288452116,-3631,2422,2108,-492,1498,3153
IMU1,27573,288463172,-3551,2777,1834,-341,1261,2685
IMU1,27574,288474229,-3487,3099,1703,-173,880,2030
IMU1,27575,288485079,-3388,3350,1748,58,504,1229
IMU1,27576,288495635,-3306,3722,1657,372,251,281
IMU1,27577,288506190,-3282,4084,1333,695,-26,-826
IMU1,27578,288516728,-3279,4412,981,958,-584,-2135
IMU1,27579,288527486,-3303,4488,1193,1146,-1253,-3660
IMU1,27580,288538832,-2976,3363,1646,1535,-1063,-7083
IMU1,27581,288552730,-2551,2635,2083,1872,41,-8922
IMU1,27582,288563597,-1836,2162,2439,2297,1354,-10840
IMU1,27583,288575047,-1189,1865,2990,2718,2411,-12823
IMU1,27584,288586501,-1025,1862,2702,3029,2689,-16473
IMU1,27585,288597958,-1684,2094,2379,2638,2417,-17824
IMU1,27586,288609424,-2694,2760,2405,1986,2266,-18679
IMU1,27587,288620879,-3636,3270,2474,1294,2119,-19005
IMU1,27588,288632344,-4164,3936,2639,733,2333,-18852
IMU1,27589,288643617,-4390,4966,3446,500,3924,-17691
IMU1,27590,288654880,-3811,5139,3522,1096,4054,-16886
IMU1,27591,288666337,-2907,4945,3039,1448,3363,-16063
IMU1,27592,288677789,-2374,4853,2248,1543,2242,-15254
IMU1,27593,288689260,-2136,4769,1517,1421,1492,-14288
IMU1,27594,288700729,-1950,4668,104,1270,1601,-12912
IMU1,27595,288711984,-1112,4635,67,975,3355,-8977
IMU1,27596,288722662,-562,4342,392,781,4100,-6859
IMU1,27597,288733329,100,3698,1441,527,4250,-4903
IMU1,27598,288744092,755,2982,2306,322,3694,-3244
IMU1,27599,288754853,1201,2396,2933,164,2584,-1966
IMU1,27600,288765822,1379,1981,2899,2,1278,-1050
IMU1,27601,288776388,1214,1774,2456,-257,215,-397
IMU1,27602,288787022,1056,1652,1375,-674,-332,113
IMU1,27603,288798180,1122,1221,1193,-1910,-53,796
IMU1,27604,288808843,1172,955,1149,-2542,341,984
IMU1,27605,288819397,1281,766,1219,-3014,670,1082
IMU1,27606,288830133,1339,620,1424,-3297,870,1152
IMU1,27607,288840886,1459,472,1522,-3341,899,1220
IMU1,27608,288851631,1478,329,1817,-3161,795,1274
IMU1,27609,288862388,1511,173,2030,-2765,577,1323
IMU1,27610,288873143,1522,28,2125,-2209,300,1350
IMU1,27611,288883691,1478,-340,2091,-1590,14,1336
IMU1,27612,288894329,1415,-516,2032,-416,-463,1132
IMU1,27613,288905075,1369,-653,1488,50,-626,961
# swing_peak_seq=27587
IMU1,27614,288915316,1256,-741,1679,327,-693,729
IMU1,27615,288925763,1217,-833,1588,431,-631,498
IMU1,27616,288936218,1105,-866,1490,456,-529,292
IMU1,27617,288946667,1099,-927,1687,425,-447,121
IMU1,27618,288957110,1101,-908,1638,410,-454,-21
IMU1,27619,288967465,1116,-918,1514,381,-510,-116
IMU1,27620,288978024,1141,-914,1662,337,-556,-141
IMU1,27621,288988558,1202,-906,1649,336,-569,-114
IMU1,27622,288999094,1188,-910,1914,339,-564,-64
IMU1,27623,289009968,1224,-939,2076,406,-520,78
IMU1,27624,289020224,1305,-965,2203,466,-521,136
IMU1,27625,289030667,1337,-974,2301,516,-613,173
IMU1,27626,289041114,1367,-998,2300,546,-794,189
IMU1,27627,289051568,1377,-979,2172,527,-1022,209
IMU1,27628,289062212,1291,-935,2063,444,-1222,268
IMU1,27629,289072863,1231,-920,2052,320,-1347,403
IMU1,27630,289083509,1281,-912,2122,201,-1390,602
IMU1,27631,289094162,1375,-929,2230,128,-1403,813
IMU1,27632,289104819,1359,-851,2167,108,-1483,988
IMU1,27633,289115463,1369,-789,2127,66,-1837,1199
IMU1,27634,289126134,1385,-739,2131,37,-1964,1263
IMU1,27635,289136801,1381,-672,2152,10,-2054,1312
IMU1,27636,289147444,1364,-598,2150,9,-2157,1377
IMU1,27637,289157911,1322,-514,2128,39,-2275,1475
IMU1,27638,289168574,1270,-398,2084,99,-2412,1620
IMU1,27639,289179229,1193,-275,2008,176,-2558,1815
IMU1,27640,289190077,1082,-153,1877,242,-2685,2068
IMU1,27641,289200931,835,19,1658,278,-2775,2371
IMU1,27642,289211805,707,55,1649,275,-2863,3055
IMU1,27643,289222168,602,59,1661,279,-2893,3400
IMU1,27644,289232522,575,21,1638,314,-2921,3706
IMU1,27645,289242882,513,-26,1633,366,-2949,3963
IMU1,27646,289253329,381,-115,1607,437,-2992,4172
IMU1,27647,289263984,302,-186,1531,501,-3067,4357
IMU1,27648,289274662,200,-253,1421,543,-3139,4516
IMU1,27649,289285335,87,-318,1325,560,-3213,4653
IMU1,27650,289295770,-12,-401,1217,555,-3291,4776
IMU1,27651,289306320,-111,-492,1025,534,-3350,4880
IMU1,27652,289317579,-286,-643,942,481,-3423,5063
IMU1,27653,289328136,-378,-688,866,453,-3441,5143
IMU1,27654,289338680,-438,-742,825,429,-3482,5191
IMU1,27655,289349236,-420,-814,865,421,-3581,5192
IMU1,27656,289359780,-383,-860,896,453,-3710,5116
IMU1,27657,289370351,-422,-884,868,518,-3822,4964
IMU1,27658,289380908,-603,-919,828,593,-3877,4779
IMU1,27659,289391480,-804,-965,751,669,-3874,4606
IMU1,27660,289402031,-952,-996,648,733,-3828,4470
IMU1,27661,289412602,-1182,-1028,447,781,-3692,4378
IMU1,27662,289423561,-1301,-1063,428,813,-3047,4284
IMU1,27663,289434502,-1348,-1086,416,805,-2616,4277
IMU1,27664,289445441,-1360,-1115,482,781,-2139,4256
IMU1,27665,289456388,-1250,-1137,629,754,-1704,4193
IMU1,27666,289467349,-1151,-1150,888,758,-1453,4037
IMU1,27667,289478306,-1069,-1174,1160,824,-1296,3805
IMU1,27668,289489467,-928,-1223,1457,950,-1173,3529
IMU1,27669,289500425,-931,-1211,1516,1235,-1106,2862
IMU1,27670,289511596,-1016,-1152,1499,1324,-1006,2546
IMU1,27671,289522958,-1165,-1058,1484,1350,-848,2289
IMU1,27672,289534117,-1364,-971,1565,1326,-649,2125
IMU1,27673,289545074,-1563,-916,1680,1278,-454,2067
IMU1,27674,289558594,-1616,-896,1902,1165,-398,2065
IMU1,27675,289569554,-1611,-924,2030,1109,-525,1993
IMU1,27676,289580515,-1637,-886,1990,1075,-707,1863
IMU1,27677,289591481,-1679,-811,1781,1048,-927,1691
IMU1,27678,289602428,-1699,-710,1555,1019,-1118,1496
IMU1,27679,289613578,-1770,-585,1329,1011,-1145,1306
IMU1,27680,289624718,-2169,-312,935,1088,-431,1118
IMU1,27681,289635478,-2359,-191,936,1186,232,1213
IMU1,27682,289646143,-2444,-183,1188,1342,973,1423
IMU1,27683,289656991,-2257,-341,1629,1562,1607,1671
IMU1,27684,289668032,-1924,-480,2099,1844,1930,1826
IMU1,27685,289679071,-1528,-621,2357,2138,2004,1816
IMU1,27686,289690133,-1239,-705,2322,2348,1908,1626
IMU1,27687,289701181,-1232,-721,2194,2400,1645,1299
IMU1,27688,289712222,-1459,-678,2299,2106,1085,647
IMU1,27689,289723064,-1593,-669,2459,1895,754,430
IMU1,27690,289733727,-1564,-682,2648,1723,396,276
IMU1,27691,289744381,-1500,-703,2777,1609,32,134
IMU1,27692,289754830,-1444,-715,2805,1554,-328,-22
IMU1,27693,289765474,-1444,-721,2720,1533,-622,-167
IMU1,27694,289776316,-1463,-693,2570,1506,-788,-268
IMU1,27695,289787165,-1521,-666,2397,1437,-814,-306
IMU1,27696,289798548,-1629,-461,2141,1114,-524,-172
IMU1,27697,289809378,-1615,-401,2159,895,-325,-29
IMU1,27698,289819805,-1637,-350,2295,710,-180,128
IMU1,27699,289830349,-1660,-314,2405,577,-145,298
IMU1,27700,289840908,-1643,-304,2462,492,-234,473
IMU1,27701,289851450,-1576,-299,2431,435,-395,632
IMU1,27702,289862015,-1538,-265,2347,381,-538,761
IMU1,27703,289872575,-1539,-253,2220,301,-603,870
IMU1,27704,289883138,-1597,-220,2137,187,-579,983
IMU1,27705,289893700,-1755,-152,2089,55,-486,1268
IMU1,27706,289904259,-1806,-104,2134,-211,-247,1439
IMU1,27707,289915102,-1855,-42,2162,-317,-178,1605
IMU1,27708,289925747,-1895,21,2132,-416,-127,1755
IMU1,27709,289936293,-1894,75,2163,-517,-120,1887
IMU1,27710,289946841,-1899,136,2198,-603,-169,1983
IMU1,27711,289957593,-1977,229,2248,-674,-237,2049
IMU1,27712,289968349,-2133,353,2331,-718,-318,2118
IMU1,27713,289979119,-2299,491,2381,-728,-413,2208
IMU1,27714,289989891,-2665,825,2350,-719,-379,2490
IMU1,27715,290000662,-2757,970,2351,-768,-237,2666
IMU1,27716,290011405,-2864,1121,2389,-829,-28,2836
IMU1,27717,290022157,-3028,1338,2513,-888,178,2989
IMU1,27718,290033026,-3125,1540,2605,-921,228,3135
IMU1,27719,290043896,-3163,1688,2630,-925,78,3239
IMU1,27720,290054561,-3192,1846,2628,-913,-134,3282
IMU1,27721,290065508,-3270,1937,2605,-891,-259,3251
IMU1,27722,290076453,-3704,2212,2331,-869,-21,3049
IMU1,27723,290087221,-3731,2260,2153,-954,334,2873
IMU1,27724,290098088,-3389,2365,2383,-1025,593,2525
IMU1,27725,290109160,-3061,2568,2818,-941,495,1893
IMU1,27726,290120023,-2825,2836,3006,-642,108,981
IMU1,27727,290130667,-2698,2915,2621,-219,-447,-181
IMU1,27728,290141507,-2716,3007,2127,154,-870,-1514
IMU1,27729,290152479,-2906,2933,1922,436,-809,-2908
IMU1,27730,290163432,-3061,2759,1917,993,811,-5422
IMU1,27731,290174307,-2811,2592,2048,1278,1995,-6572
IMU1,27732,290185583,-2353,2421,2147,1544,3122,-7719
IMU1,27733,290196877,-1828,2367,2263,1755,3849,-8913
IMU1,27734,290208157,-1336,2181,2200,1872,4134,-10173
IMU1,27735,290219630,-1119,1935,1674,1829,4318,-11444
IMU1,27736,290231111,-1449,2014,1307,1299,5096,-13932
IMU1,27737,290242588,-1858,2184,1925,1227,5705,-15077
IMU1,27738,290254053,-2557,2600,2728,1527,6496,-16015
IMU1,27739,290265512,-3241,3164,3527,2175,7251,-16656
IMU1,27740,290276999,-3720,3653,3666,2937,7714,-16938
IMU1,27741,290288495,-4309,4425,4417,3921,7141,-16802
IMU1,27742,290299982,-4010,4278,4385,4070,5836,-16484
IMU1,27743,290311478,-3546,4047,3937,3951,4016,-16051
IMU1,27744,290322955,-3047,4031,3163,3613,2260,-15505
IMU1,27745,290334449,-2557,4013,2038,3160,1140,-14691
IMU1,27746,290345934,-1836,4731,105,2229,1900,-11828
IMU1,27747,290357216,-1417,4954,-170,1861,3241,-9833
IMU1,27748,290368385,-660,4865,98,1518,4203,-7671
IMU1,27749,290379058,61,4257,908,1164,4344,-5565
IMU1,27750,290389647,521,3374,2000,865,3691,-3608
IMU1,27751,290400421,838,2683,2766,679,2500,-1923
IMU1,27752,290411186,1139,2213,3005,522,1239,-650
IMU1,27753,290421966,1169,1861,2080,260,273,151
IMU1,27754,290433471,1023,1456,1546,-872,-233,735
IMU1,27755,290444132,983,1149,1354,-1649,181,797
IMU1,27756,290454702,1148,860,1460,-2367,684,819
IMU1,27757,290465276,1300,702,1713,-2884,1075,808
IMU1,27758,290476042,1437,613,1953,-3155,1235,805
IMU1,27759,290486830,1558,525,2232,-3175,1172,842
IMU1,27760,290497626,1647,386,2521,-2943,964,923
IMU1,27761,290508186,1718,209,2742,-2490,660,1030
IMU1,27762,290518957,1646,-213,2737,-1894,-121,1187
IMU1,27763,290529919,1549,-479,2633,-626,-490,1198
IMU1,27764,290540691,1466,-752,2550,-90,-782,1124
IMU1,27765,290551270,1379,-953,2513,326,-974,956
IMU1,27766,290564311,1311,-1076,2355,606,-1087,706
# swing_peak_seq=27740
IMU1,27767,290575178,1315,-1134,2178,733,-1121,396
IMU1,27768,290586048,1277,-1104,1988,727,-1106,-189
IMU1,27769,290597003,1268,-1032,1888,559,-1139,-353
IMU1,27770,290607969,1242,-932,1874,463,-1143,-389
IMU1,27771,290618748,1200,-833,1931,399,-1122,-319
IMU1,27772,290629510,1223,-774,1999,376,-1100,-170
IMU1,27773,290640280,1282,-764,2135,375,-1083,6
IMU1,27774,290650536,1365,-796,2272,397,-1096,151
IMU1,27775,290661214,1412,-832,2333,430,-1183,242
IMU1,27776,290671881,1412,-883,2390,439,-1315,297
IMU1,27777,290683080,1362,-951,2487,420,-1576,385
IMU1,27778,290693751,1347,-974,2529,395,-1744,441
IMU1,27779,290704421,1343,-970,2535,382,-1939,506
IMU1,27780,290715088,1368,-910,2485,376,-2157,585
IMU1,27781,290725763,1345,-813,2357,362,-2384,679
IMU1,27782,290736434,1298,-686,2236,327,-2603,802
IMU1,27783,290747087,1268,-563,2102,279,-2768,963
IMU1,27784,290757758,1231,-465,2067,228,-2864,1156
IMU1,27785,290768641,1166,-302,2028,192,-2946,1364
IMU1,27786,290779500,1110,-254,2028,188,-3162,1760
IMU1,27787,290790381,1021,-195,1972,212,-3289,1944
IMU1,27788,290801262,972,-133,1828,237,-3402,2122
IMU1,27789,290811937,883,-77,1624,228,-3478,2304
IMU1,27790,290822423,731,-34,1455,192,-3530,2511
IMU1,27791,290832874,601,37,1263,134,-3541,2770
IMU1,27792,290843241,508,71,1156,54,-3491,3076
IMU1,27793,290853414,509,58,1264,-13,-3408,3421
IMU1,27794,290863683,422,63,1286,-30,-3364,3722
IMU1,27795,290873939,295,85,1320,-33,-3424,3989
IMU1,27796,290885245,189,73,1190,21,-3593,4432
IMU1,27797,290895418,49,60,996,112,-3708,4584
IMU1,27798,290905392,63,115,641,169,-3811,4730
IMU1,27799,290915572,-81,36,978,193,-3756,4854
IMU1,27800,290925649,-218,-57,950,299,-3663,4965
IMU1,27801,290936014,-365,-121,954,437,-3628,5076
IMU1,27802,290946585,-467,-229,996,571,-3618,5197
IMU1,27803,290957144,-584,-289,908,697,-3568,5319
IMU1,27804,290967713,-720,-352,831,772,-3501,5433
IMU1,27805,290978298,-734,-374,642,786,-3438,5528
IMU1,27806,290988873,-687,-361,498,719,-3375,5553
IMU1,27807,290999428,-698,-467,371,600,-3311,5503
IMU1,27808,291010000,-745,-507,358,372,-2955,5281
IMU1,27809,291020559,-807,-617,380,254,-2607,5161
IMU1,27810,291031126,-778,-692,363,169,-2238,5047
IMU1,27811,291041693,-750,-786,593,159,-1966,4914
IMU1,27812,291052259,-624,-877,712,224,-1921,4736
IMU1,27813,291062830,-457,-907,873,362,-2080,4467
IMU1,27814,291073393,-548,-940,1025,568,-2371,4106
IMU1,27815,291084159,-884,-1003,1006,834,-2604,3739
IMU1,27816,291095115,-1146,-1090,552,1086,-2608,3472
IMU1,27817,291106286,-1480,-1212,441,1275,-1834,3158
IMU1,27818,291117461,-1683,-1251,650,1240,-1240,3099
IMU1,27819,291128632,-1672,-1343,1061,1223,-745,3074
IMU1,27820,291139801,-1686,-1413,1372,1268,-468,3022
IMU1,27821,291150971,-1701,-1407,1635,1354,-414,2923
IMU1,27822,291162131,-1848,-1367,1662,1451,-449,2784
IMU1,27823,291173288,-2289,-1227,1344,1436,-377,2580
IMU1,27824,291184455,-2434,-1170,1396,1277,-187,2527
IMU1,27825,291195637,-2412,-1193,1605,1100,-102,2446
IMU1,27826,291206808,-2277,-1225,1890,983,-171,2265
IMU1,27827,291217757,-2192,-1208,2059,942,-313,1973
IMU1,27828,291228731,-2225,-1166,2100,947,-525,1610
IMU1,27829,291239688,-2269,-1094,1988,971,-809,1236
IMU1,27830,291250637,-2252,-1038,1895,984,-1257,573
IMU1,27831,291261607,-2301,-909,1786,930,-1348,301
IMU1,27832,291272373,-2431,-762,1564,838,-1335,94
IMU1,27833,291282936,-2675,-745,1716,688,-1216,-9
IMU1,27834,291293394,-2741,-668,2187,633,-1096,17
IMU1,27835,291303967,-2582,-575,2173,741,-999,119
IMU1,27836,291314540,-2592,-715,2418,914,-896,210
IMU1,27837,291325113,-2470,-776,2411,1148,-879,287
IMU1,27838,291335896,-2029,-836,1911,1345,-893,312
IMU1,27839,291346662,-1711,-895,1842,1295,-655,151
IMU1,27840,291357414,-1914,-935,2131,1124,-545,-75
IMU1,27841,291368084,-1928,-857,2325,1031,-641,-151
IMU1,27842,291378920,-1767,-643,2134,1003,-902,-193
IMU1,27843,291389767,-1861,-538,2092,948,-1062,-200
IMU1,27844,291400609,-1963,-479,2022,877,-1178,-129
IMU1,27845,291411454,-1881,-388,1876,801,-1288,25
IMU1,27846,291421996,-2129,-472,2129,721,-1307,223
IMU1,27847,291432760,-1864,-459,1771,501,-888,637
IMU1,27848,291443318,-1793,-533,1875,346,-581,816
IMU1,27849,291453871,-1715,-489,2112,248,-400,960
IMU1,27850,291464423,-1641,-484,2210,226,-331,1073
IMU1,27851,291475169,-1627,-406,2231,240,-372,1155
IMU1,27852,291485931,-1653,-380,2193,232,-501,1213
IMU1,27853,291496693,-1612,-349,2168,195,-668,1260
IMU1,27854,291507445,-1632,-326,2066,128,-768,1287
IMU1,27855,291518188,-1664,-260,1974,27,-762,1312
IMU1,27856,291529792,-1892,-143,2133,-219,-626,1415
IMU1,27857,291540654,-2033,-65,2276,-256,-614,1530
IMU1,27858,291551315,-2159,58,2317,-231,-618,1682
IMU1,27859,291564353,-2313,193,2358,-181,-583,1881
IMU1,27860,291575127,-2423,325,2408,-128,-537,2125
IMU1,27861,291585887,-2516,476,2311,-80,-482,2384
IMU1,27862,291596980,-2679,573,2293,-115,-121,2852
IMU1,27863,291607738,-2734,662,2394,-192,137,2996
IMU1,27864,291618417,-2757,764,2606,-236,301,3043
IMU1,27865,291629089,-2685,838,2841,-217,341,2985
IMU1,27866,291639760,-2587,1001,3063,-103,328,2800
IMU1,27867,291650604,-2598,1162,3144,95,309,2508
IMU1,27868,291661170,-2583,1431,3095,335,285,2155
IMU1,27869,291671935,-2588,1692,2936,564,271,1751
IMU1,27870,291682707,-2675,2121,2491,830,395,838
IMU1,27871,291693277,-2640,2258,2310,868,452,328
IMU1,27872,291703845,-2599,2360,2260,878,474,-262
IMU1,27873,291714518,-2556,2433,2390,913,502,-947
IMU1,27874,291725214,-2551,2499,2459,999,571,-1742
IMU1,27875,291736091,-2598,2480,2210,1088,644,-2663
IMU1,27876,291747155,-2467,2339,1927,1108,746,-3737
IMU1,27877,291758244,-2263,2019,1846,1066,1106,-4981
IMU1,27878,291769511,-1748,1565,2642,1271,2148,-7830
IMU1,27879,291780803,-1606,1469,2784,1625,2587,-9247
IMU1,27880,291792058,-1474,1418,2634,1992,2945,-10520
IMU1,27881,291803527,-1316,1431,2302,2238,3365,-11607
IMU1,27882,291815002,-1309,1451,1894,2285,3954,-12510
IMU1,27883,291826485,-1581,1708,1591,2141,4637,-13262
IMU1,27884,291837979,-2128,2063,2318,1656,5949,-14543
IMU1,27885,291849481,-2567,2689,3392,1697,5955,-15092
IMU1,27886,291860942,-2496,2949,3924,1948,5238,-15520
IMU1,27887,291872404,-2234,3285,3412,2131,4243,-15823
IMU1,27888,291883869,-2904,2753,3036,2010,3446,-16010
IMU1,27889,291895326,-3023,2673,4299,1469,2453,-15219
IMU1,27890,291906805,-2516,3007,2798,1685,2098,-14436
IMU1,27891,291918270,-2381,3243,2466,1783,1938,-13590
IMU1,27892,291929747,-1923,3365,1855,1785,1689,-12632
IMU1,27893,291941207,-1305,3590,1177,1674,1525,-11576
IMU1,27894,291952682,-611,3703,474,1242,1906,-8967
IMU1,27895,291963555,-388,3714,366,1021,2392,-7301
IMU1,27896,291974434,-174,3470,563,766,2750,-5489
IMU1,27897,291985093,169,2987,1129,463,2810,-3688
IMU1,27898,291995856,571,2303,1944,162,2565,-2082
IMU1,27899,292006617,892,1658,2620,-111,2110,-836
IMU1,27900,292017260,1186,1154,2996,-387,1543,-35
IMU1,27901,292027935,1446,892,2932,-731,976,303
IMU1,27902,292039350,1596,675,2258,-1766,482,27
IMU1,27903,292049725,1557,603,2101,-2271,618,-207
IMU1,27904,292060388,1570,603,2014,-2605,756,-276
IMU1,27905,292071053,1574,639,2062,-2719,785,-150
IMU1,27906,292081730,1613,604,2151,-2619,710,125
IMU1,27907,292092298,1662,499,2298,-2337,541,480
IMU1,27908,292102868,1760,298,2419,-1926,273,821
IMU1,27909,292113424,1814,72,2511,-1458,-63,1049
IMU1,27910,292123894,1804,-192,2569,-985,-403,1123
IMU1,27911,292134646,1700,-581,2417,-556,-809,849
IMU1,27912,292145200,1701,-711,2289,-35,-827,534
IMU1,27913,292155567,1673,-776,2206,47,-810,167
# swing_peak_seq=27887
IMU1,27914,292165830,1563,-776,2178,73,-829,-174
IMU1,27915,292176195,1514,-706,2107,78,-917,-397
IMU1,27916,292186564,1460,-590,1964,81,-1029,-480
IMU1,27917,292197115,1452,-472,1830,70,-1135,-428
IMU1,27918,292207694,1490,-378,1716,33,-1212,-288
IMU1,27919,292218261,1530,-300,1698,-29,-1242,-108
IMU1,27920,292228916,1598,-280,1761,-95,-1222,84
IMU1,27921,292239277,1682,-299,1887,-142,-1167,253
IMU1,27922,292250041,1797,-394,2133,-158,-1144,476
IMU1,27923,292260797,1806,-434,2196,-164,-1252,543
IMU1,27924,292271563,1804,-448,2237,-151,-1432,615
IMU1,27925,292282338,1773,-435,2246,-133,-1646,719
IMU1,27926,292293096,1756,-428,2222,-112,-1866,855
IMU1,27927,292303858,1722,-400,2196,-92,-2085,1020
IMU1,27928,292314612,1630,-347,2083,-73,-2266,1197
IMU1,27929,292325370,1538,-275,1783,-99,-2392,1401
IMU1,27930,292336140,1332,-254,1547,-223,-2440,1708
IMU1,27931,292347097,1604,-342,2146,-573,-2371,2328
IMU1,27932,292358069,1591,-407,2204,-531,-2444,2479
IMU1,27933,292369041,1411,-334,1990,-414,-2782,2558
IMU1,27934,292380007,1349,-294,2012,-293,-3215,2612
IMU1,27935,292390956,1228,-262,1772,-163,-3453,2658
IMU1,27936,292401915,1082,-200,1564,-74,-3518,2732
IMU1,27937,292412692,1001,-201,1485,-19,-3503,2847
IMU1,27938,292423978,740,-136,1424,135,-3543,3188
IMU1,27939,292434661,559,-79,1245,216,-3606,3411
IMU1,27940,292445135,355,-26,1047,283,-3636,3665
IMU1,27941,292455607,178,29,879,303,-3612,3964
IMU1,27942,292465774,57,82,722,292,-3522,4295
IMU1,27943,292475742,-35,152,601,267,-3390,4628
IMU1,27944,292486019,-72,174,566,232,-3256,4937
IMU1,27945,292496277,-75,171,637,220,-3147,5205
IMU1,27946,292506539,-95,133,809,267,-3113,5411
IMU1,27947,292516807,-154,63,1018,412,-3194,5552
IMU1,27948,292527279,-216,-12,1164,657,-3366,5630
IMU1,27949,292537842,-329,-68,1181,960,-3564,5660
IMU1,27950,292548920,-830,-230,1128,1536,-3850,5710
IMU1,27951,292559892,-1136,-316,1106,1735,-3875,5820
IMU1,27952,292573630,-1400,-408,1057,1865,-3811,6001
IMU1,27953,292584803,-1569,-534,1033,1913,-3711,6251
IMU1,27954,292595989,-1700,-642,992,1885,-3641,6756
IMU1,27955,292606967,-1704,-647,903,1666,-3357,6951
IMU1,27956,292617949,-1680,-633,874,1486,-3103,7092
IMU1,27957,292628935,-1605,-669,964,1300,-2839,7157
IMU1,27958,292639894,-1490,-713,1090,1147,-2682,7108
IMU1,27959,292651080,-1379,-696,1190,1041,-2619,6920
IMU1,27960,292662251,-1412,-663,1312,983,-2566,6603
IMU1,27961,292673202,-1647,-550,1573,986,-2453,5812
IMU1,27962,292684170,-1687,-495,1598,1138,-2424,5409
IMU1,27963,292695337,-1611,-433,1557,1226,-2394,4979
IMU1,27964,292706519,-1481,-399,1563,1281,-2397,4501
IMU1,27965,292717696,-1401,-352,1561,1303,-2437,3984
IMU1,27966,292728873,-1377,-347,1543,1291,-2427,3464
IMU1,27967,292740039,-1443,-209,1660,1242,-2303,2980
IMU1,27968,292751203,-1497,-193,1879,1087,-1797,2205
IMU1,27969,292762379,-1515,-102,2052,1061,-1622,1904
IMU1,27970,292773544,-1520,-57,2179,1059,-1542,1631
IMU1,27971,292784522,-1486,-43,2155,1051,-1541,1372
IMU1,27972,292795492,-1415,-57,2063,1014,-1538,1112
IMU1,27973,292806478,-1361,-63,2029,935,-1460,856
IMU1,27974,292817034,-1339,-21,2057,830,-1311,612
IMU1,27975,292828119,-1352,-9,2084,673,-905,196
IMU1,27976,292838289,-1312,-13,2293,645,-708,45
IMU1,27977,292848461,-1136,-85,2503,675,-603,-115
IMU1,27978,292858928,-967,-134,2627,737,-691,-343
IMU1,27979,292869390,-896,-113,2680,780,-896,-645
IMU1,27980,292879836,-952,-105,2653,778,-1109,-981
IMU1,27981,292890504,-1027,-92,2545,712,-1289,-1284
IMU1,27982,292901350,-1033,-48,2417,574,-1430,-1528
IMU1,27983,292912216,-991,-7,2379,369,-1551,-1718
IMU1,27984,292922688,-811,-31,2832,149,-1715,-1870
IMU1,27985,292933870,-653,-51,2991,-30,-2272,-2104
IMU1,27986,292944435,-574,-87,2968,22,-2570,-2219
IMU1,27987,292954896,-573,-113,2894,95,-2760,-2302
IMU1,27988,292965555,-696,-109,2858,140,-2818,-2326
IMU1,27989,292976419,-771,-119,2838,142,-2789,-2280
IMU1,27990,292987280,-752,-102,2697,78,-2748,-2196
IMU1,27991,292997941,-605,-147,2796,-55,-2691,-2102
IMU1,27992,293008700,-400,-228,2803,-182,-2662,-2044
IMU1,27993,293019638,-48,-333,2813,-337,-2827,-2086
IMU1,27994,293030390,60,-353,2802,-361,-2942,-2157
IMU1,27995,293041070,91,-335,2776,-347,-3009,-2234
IMU1,27996,293051743,109,-310,2754,-320,-3028,-2279
IMU1,27997,293062622,59,-246,2705,-289,-3002,-2288
IMU1,27998,293073290,-21,-168,2674,-256,-2874,-2231
IMU1,27999,293084047,-68,-118,2650,-216,-2617,-2077
IMU1,28000,293094804,-170,-61,2681,-158,-2269,-1827
IMU1,28001,293105544,-303,71,2827,-71,-1853,-1494
IMU1,28002,293116538,-359,97,2898,152,-1078,-640
IMU1,28003,293126902,-486,120,3002,257,-759,-154
IMU1,28004,293137250,-704,80,3218,370,-358,389
IMU1,28005,293147307,-979,83,3411,524,167,1010
IMU1,28006,293157466,-1231,114,3679,693,761,1702
IMU1,28007,293168042,-1526,52,4030,879,1412,2439
IMU1,28008,293178610,-1674,48,4285,1054,2132,3206
IMU1,28009,293189374,-1750,27,4564,1156,2745,3911
IMU1,28010,293200158,-1922,-19,4763,1183,3079,4486
IMU1,28011,293211028,-2166,-10,4952,1142,3230,4933
IMU1,28012,293222431,-2602,278,4944,869,3523,5493
IMU1,28013,293233199,-2737,418,5048,663,3485,5519
IMU1,28014,293243989,-2832,582,5110,506,3386,5377
IMU1,28015,293254795,-2932,904,5200,430,3363,5116
IMU1,28016,293265584,-2984,1141,5141,446,3309,4743
IMU1,28017,293276579,-2973,1247,4963,531,3177,4248
IMU1,28018,293287559,-3108,1528,4686,636,3198,3620
IMU1,28019,293298557,-3116,2133,4330,883,3522,1886
IMU1,28020,293309546,-2937,2493,4005,1094,3491,722
IMU1,28021,293320523,-2729,2773,3624,1355,3578,-724
IMU1,28022,293331591,-2509,2849,3068,1617,3937,-2469
IMU1,28023,293342869,-2277,2482,2439,1805,4700,-4477
IMU1,28024,293354159,-1573,2027,2514,1973,5890,-6753
IMU1,28025,293365456,-433,1238,2832,2300,6950,-12278
IMU1,28026,293376750,-428,1026,2273,3347,7829,-15177
IMU1,28027,293388028,-1529,1478,2270,3680,8492,-17832
IMU1,28028,293399507,-2999,2815,3280,4011,9004,-19986
IMU1,28029,293410996,-4808,3893,4498,4481,8810,-21502
IMU1,28030,293422480,-6325,5358,5558,4939,7622,-22320
IMU1,28031,293434000,-6822,4857,5152,4462,1818,-22119
IMU1,28032,293445494,-5785,3889,4079,3363,-1423,-20985
IMU1,28033,293457058,-5432,4038,2944,2126,-3001,-19241
IMU1,28034,293468638,-4266,5003,1304,1151,-2965,-17009
IMU1,28035,293480218,-2931,5642,-539,439,-1645,-14591
IMU1,28036,293491476,-936,6431,-963,-222,1726,-9655
IMU1,28037,293502335,-181,6360,-1007,-360,3012,-7148
IMU1,28038,293513423,321,5604,-362,-541,3577,-4669
IMU1,28039,293524203,500,4293,683,-733,3373,-2323
IMU1,28040,293534877,656,2851,1932,-871,2510,-296
IMU1,28041,293545556,892,1756,3213,-881,1210,1150
IMU1,28042,293556338,1303,1250,3408,-785,-127,1833
IMU1,28043,293567215,1176,1005,1492,-860,-1018,1776
IMU1,28044,293580845,1178,842,936,-2002,-967,805
IMU1,28045,293591299,1358,705,906,-2651,-328,468
IMU1,28046,293601775,1495,740,939,-3045,202,354
IMU1,28047,293612129,1537,857,917,-3182,435,460
IMU1,28048,293622504,1592,884,836,-3144,389,746
IMU1,28049,293632875,1616,783,865,-2988,196,1156
IMU1,28050,293643428,1635,515,985,-2713,-51,1603
IMU1,28051,293653879,1773,-184,1316,-2338,-350,2178
IMU1,28052,293664833,1881,-560,1494,-1388,-853,2176
IMU1,28053,293675784,1874,-938,1656,-892,-1006,1965
IMU1,28054,293686745,1894,-1230,1715,-418,-1115,1573
IMU1,28055,293697902,1954,-1413,1508,-29,-1207,1056
IMU1,28056,293708853,1933,-1463,1339,226,-1275,479
# swing_peak_seq=28030
IMU1,28057,293719701,1797,-1437,1160,363,-1356,-40
IMU1,28058,293730461,1661,-1222,777,421,-1445,-406
IMU1,28059,293741732,1517,-1079,710,413,-1403,-578
IMU1,28060,293752503,1526,-956,673,409,-1315,-463
IMU1,28061,293763066,1572,-886,708,410,-1213,-302
IMU1,28062,293773626,1622,-892,792,417,-1067,-139
IMU1,28063,293784170,1615,-929,883,415,-926,13
IMU1,28064,293794223,1640,-950,978,397,-826,142
IMU1,28065,293804483,1721,-994,1079,363,-763,235
IMU1,28066,293814944,1740,-1059,1206,318,-752,299
IMU1,28067,293825615,1695,-1128,1349,295,-800,364
IMU1,28068,293836260,1627,-1219,1452,306,-891,458
IMU1,28069,293847447,1482,-1245,1431,361,-1141,717
IMU1,28070,293858309,1465,-1234,1351,352,-1282,846
IMU1,28071,293869168,1415,-1212,1264,305,-1401,950
IMU1,28072,293880044,1340,-1199,1196,218,-1495,1048
IMU1,28073,293891114,1286,-1177,1136,115,-1563,1141
IMU1,28074,293902174,1208,-1152,1073,2,-1591,1236
IMU1,28075,293912848,1147,-1134,1030,-116,-1602,1342
IMU1,28076,293924002,1070,-1063,1015,-301,-1652,1565
IMU1,28077,293935151,1024,-965,740,-371,-1698,1667
IMU1,28078,293945907,874,-849,327,-519,-1720,1788
IMU1,28079,293956461,679,-956,756,-728,-1717,1982
IMU1,28080,293967032,886,-856,741,-829,-1749,2215
IMU1,28081,293977599,925,-827,938,-844,-1767,2374
IMU1,28082,293988176,1033,-876,1171,-766,-1786,2475
IMU1,28083,293999145,926,-755,1066,-576,-1909,2495
IMU1,28084,294009926,739,-618,724,-356,-2360,2479
IMU1,28085,294020497,698,-532,804,8,-2443,2490
IMU1,28086,294030554,622,-552,930,207,-2397,2493
IMU1,28087,294041042,556,-549,970,452,-2389,2503
IMU1,28088,294051526,458,-514,857,705,-2535,2493
IMU1,28089,294062006,305,-544,873,924,-2789,2477
IMU1,28090,294072491,252,-566,762,1116,-3005,2473
IMU1,28091,294083170,213,-598,587,1270,-3147,2466
IMU1,28092,294093860,52,-672,504,1373,-3199,2476
IMU1,28093,294104326,-95,-786,490,1435,-3127,2538
IMU1,28094,294114891,-235,-921,600,1470,-2975,2649
IMU1,28095,294126170,-482,-1106,641,1493,-2718,2972
IMU1,28096,294137130,-483,-1181,610,1495,-2653,3151
IMU1,28097,294148106,-481,-1223,576,1485,-2560,3288
IMU1,28098,294159049,-490,-1270,561,1449,-2504,3404
IMU1,28099,294170016,-485,-1315,525,1394,-2529,3488
IMU1,28100,294180974,-481,-1324,462,1321,-2598,3537
IMU1,28101,294191925,-541,-1335,381,1229,-2662,3574
IMU1,28102,294202905,-953,-1431,410,1029,-2534,3734
IMU1,28103,294213883,-1149,-1491,454,919,-2258,3920
IMU1,28104,294224859,-1233,-1597,499,795,-1955,4121
IMU1,28105,294235837,-1165,-1620,751,682,-1730,4267
IMU1,28106,294246819,-822,-1653,814,594,-1691,4278
IMU1,28107,294257575,-994,-1616,858,496,-1835,4108
IMU1,28108,294268339,-915,-1609,1068,440,-2120,3870
IMU1,28109,294279300,-1002,-1660,1432,575,-2610,3256
IMU1,28110,294290459,-1248,-1660,1290,755,-2559,3009
IMU1,28111,294301636,-1497,-1610,1214,905,-2385,2863
IMU1,28112,294312806,-1762,-1560,1194,1021,-2041,2843
IMU1,28113,294324174,-1781,-1444,1151,1115,-1596,2919
IMU1,28114,294335547,-1836,-1358,1202,1163,-1180,3006
IMU1,28115,294346938,-1850,-1289,1348,1174,-652,3097
IMU1,28116,294358109,-1783,-1279,1412,1151,-600,3057
IMU1,28117,294369297,-1713,-1249,1528,1132,-659,2928
IMU1,28118,294380462,-1665,-1196,1562,1130,-670,2743
IMU1,28119,294391642,-1689,-1098,1488,1129,-594,2532
IMU1,28120,294402829,-1723,-984,1412,1108,-496,2324
IMU1,28121,294413770,-2113,-745,1474,1085,-263,2023
IMU1,28122,294424717,-2294,-701,1499,1130,-114,2009
IMU1,28123,294435668,-2325,-644,1579,1195,-26,2051
IMU1,28124,294446426,-2229,-592,1651,1299,-11,2080
IMU1,28125,294457165,-2141,-564,1630,1412,33,2064
IMU1,28126,294467824,-2053,-561,1610,1501,76,1997
IMU1,28127,294478485,-1918,-569,1637,1578,9,1861
IMU1,28128,294488949,-1750,-564,1661,1655,-156,1650
IMU1,28129,294499900,-1661,-539,1935,1748,-360,1373
IMU1,28130,294510855,-1734,-566,1994,2039,-729,740
IMU1,28131,294521617,-1699,-577,2144,2220,-1054,434
IMU1,28132,294532571,-1557,-550,2202,2409,-1423,101
IMU1,28133,294543534,-1444,-561,2118,2550,-1731,-276
IMU1,28134,294554593,-1513,-539,2217,2610,-1991,-686
IMU1,28135,294565655,-1610,-517,2385,2632,-2279,-1061
IMU1,28136,294576911,-1694,-469,2514,2646,-2592,-1368
IMU1,28137,294590717,-1833,-406,2528,2601,-2855,-1696
IMU1,28138,294601979,-1956,-366,2528,2534,-2857,-1694
IMU1,28139,294613243,-1936,-316,2504,2437,-2822,-1606
IMU1,28140,294624497,-1780,-273,2464,2302,-2786,-1476
IMU1,28141,294635757,-1329,-203,2353,1899,-2709,-1286
IMU1,28142,294647014,-1137,-195,2315,1624,-2653,-1236
IMU1,28143,294658276,-968,-209,2300,1325,-2627,-1222
IMU1,28144,294669322,-918,-173,2406,1061,-2637,-1221
IMU1,28145,294680369,-759,-120,2305,833,-2640,-1186
IMU1,28146,294691226,-743,-14,2243,632,-2535,-1126
IMU1,28147,294701889,-951,26,2051,456,-2290,-1044
IMU1,28148,294712984,-939,86,2147,163,-1612,-674
IMU1,28149,294723337,-786,72,2253,50,-1196,-435
IMU1,28150,294733503,-775,56,2397,15,-827,-235
IMU1,28151,294743472,-706,90,2501,34,-596,-51
IMU1,28152,294753251,-641,103,2509,89,-472,107
IMU1,28153,294763316,-627,143,2503,144,-398,244
IMU1,28154,294773591,-639,181,2523,186,-380,367
IMU1,28155,294783873,-661,196,2486,227,-381,477
IMU1,28156,294794158,-779,275,2460,254,-348,593
IMU1,28157,294804443,-884,375,2453,258,-240,729
IMU1,28158,294814711,-1032,452,2486,239,-68,877
IMU1,28159,294824994,-1152,520,2570,218,115,1043
IMU1,28160,294835558,-1286,572,2720,203,304,1226
IMU1,28161,294846110,-1851,619,3109,233,503,1428
IMU1,28162,294857212,-2242,686,3229,412,873,1991
IMU1,28163,294867776,-2595,803,3244,528,1133,2385
IMU1,28164,294878544,-2937,904,3237,611,1503,2842
IMU1,28165,294889330,-3238,1056,3234,642,1990,3344
IMU1,28166,294900296,-3424,1209,3255,611,2571,3870
IMU1,28167,294911272,-3485,1317,3193,528,3175,4363
IMU1,28168,294922290,-3447,1389,3270,390,3698,4765
IMU1,28169,294933230,-3111,1587,3670,231,4116,5041
IMU1,28170,294944197,-3012,1659,3833,96,3921,4905
IMU1,28171,294954950,-2927,1828,3840,205,3547,4656
IMU1,28172,294965898,-2861,1932,3673,397,3191,4344
IMU1,28173,294976863,-2788,1975,3331,611,2969,3996
IMU1,28174,294987817,-2727,2013,2972,768,2918,3594
IMU1,28175,294998780,-2779,1998,2854,848,2990,3098
IMU1,28176,295009745,-2900,1966,3242,936,3038,2567
IMU1,28177,295020695,-2788,1881,2801,1487,2801,1417
IMU1,28178,295031847,-2545,1929,2286,1704,2837,622
IMU1,28179,295042812,-2460,2098,1961,1744,2920,-415
IMU1,28180,295053843,-2160,2115,1662,1665,2735,-1708
IMU1,28181,295065079,-1584,1983,1581,1519,2376,-3305
IMU1,28182,295076349,-1252,1671,1570,1399,2087,-5219
IMU1,28183,295087589,-795,1031,1918,1515,1791,-9574
IMU1,28184,295098668,-565,845,1665,1760,1981,-11763
IMU1,28185,295109709,-684,976,1217,1988,2541,-13870
IMU1,28186,295120772,-1258,1251,1058,2151,3194,-15794
IMU1,28187,295132241,-2016,1844,1442,2353,3888,-17418
IMU1,28188,295143690,-2981,2647,2241,2723,4598,-18652
IMU1,28189,295155142,-4684,3852,2652,3689,5094,-19583
IMU1,28190,295166629,-5355,4156,2586,3846,3952,-19362
IMU1,28191,295178104,-5130,3808,2314,3573,1887,-18744
IMU1,28192,295189582,-4784,3604,2056,3013,78,-17783
IMU1,28193,295200664,-4353,3674,1456,2497,-653,-16521
IMU1,28194,295212008,-2348,4353,-269,2150,-5,-13728
IMU1,28195,295222861,-1363,4464,-716,1697,825,-12545
IMU1,28196,295234013,-653,4535,-1048,1590,1900,-11369
IMU1,28197,295245367,-236,4629,-1205,1553,3074,-10041
IMU1,28198,295256721,-20,4552,-1266,1491,4106,-8477
IMU1,28199,295267679,168,4216,-614,1323,4766,-6645
IMU1,28200,295278539,142,3383,2159,1101,4866,-4603
IMU1,28201,295290028,30,994,3665,1101,2567,-610
IMU1,28202,295300388,712,553,4132,1455,720,720
IMU1,28203,295310660,1413,722,3258,1696,-745,1165
IMU1,28204,295321419,1583,981,1817,1418,-1173,793
IMU1,28205,295332203,1313,864,1202,592,-577,45
IMU1,28206,295342348,1329,673,1232,-400,338,-636
IMU1,28207,295352797,1501,545,1433,-1253,1116,-1067
IMU1,28208,295363865,1511,530,1586,-1877,1540,-1186
IMU1,28209,295374922,1339,438,1961,-2272,1543,-969
IMU1,28210,295386288,1439,369,2150,-2429,632,157
IMU1,28211,295396850,1564,266,2244,-2235,75,726
IMU1,28212,295407215,1714,101,2315,-1916,-327,1111
IMU1,28213,295418077,1822,-105,2330,-1535,-578,1253
IMU1,28214,295429038,1887,-290,2392,-1131,-732,1170
IMU1,28215,295439996,1888,-415,2361,-716,-807,921
# swing_peak_seq=28189
IMU1,28216,295450558,1831,-499,2163,-340,-814,589
IMU1,28217,295461102,1763,-511,2068,-55,-794,262
IMU1,28218,295471457,1699,-504,1826,152,-791,-206
IMU1,28219,295482008,1678,-518,1826,364,-786,-306
IMU1,28220,295492558,1630,-470,1772,424,-799,-300
IMU1,28221,295503110,1602,-420,1898,455,-834,-212
IMU1,28222,295513661,1630,-381,1855,467,-896,-77
IMU1,28223,295524009,1627,-360,1847,435,-965,73
IMU1,28224,295534251,1620,-391,1896,377,-1042,218
IMU1,28225,295544899,1617,-417,1981,323,-1113,347
IMU1,28226,295555548,1633,-449,2063,291,-1181,471
IMU1,28227,295566203,1651,-458,2035,288,-1274,582
IMU1,28228,295576864,1597,-429,1863,277,-1378,686
IMU1,28229,295588042,1541,-332,1712,157,-1566,933
IMU1,28230,295601147,1463,-307,1647,32,-1631,1089
IMU1,28231,295611793,1372,-289,1669,-89,-1691,1270
IMU1,28232,295622541,1311,-261,1610,-199,-1750,1472
IMU1,28233,295633484,1349,-287,1688,-288,-1811,1671
IMU1,28234,295644426,1234,-248,1734,-314,-1906,1831
IMU1,28235,295655388,1172,-228,1683,-244,-2198,2073
IMU1,28236,295666337,1113,-233,1653,-194,-2331,2189
IMU1,28237,295677303,992,-170,1639,-126,-2457,2309
IMU1,28238,295688067,877,-181,1555,-46,-2590,2446
IMU1,28239,295698605,715,-176,1468,30,-2743,2615
IMU1,28240,295709052,674,-152,1457,102,-2885,2812
IMU1,28241,295719698,593,-146,1328,176,-2997,3005
IMU1,28242,295730355,488,-133,1117,229,-3114,3209
IMU1,28243,295741024,324,-92,878,247,-3269,3671
IMU1,28244,295751272,221,-98,834,243,-3269,3919
IMU1,28245,295761524,120,-125,827,271,-3246,4154
IMU1,28246,295771967,15,-154,837,336,-3235,4381
IMU1,28247,295782227,-109,-190,880,417,-3235,4599
IMU1,28248,295792779,-238,-236,951,526,-3270,4804
IMU1,28249,295803329,-302,-287,925,666,-3363,4983
IMU1,28250,295813880,-343,-353,833,806,-3466,5122
IMU1,28251,295824421,-405,-433,745,919,-3532,5220
IMU1,28252,295834970,-416,-504,615,1002,-3542,5285
IMU1,28253,295845717,-471,-562,521,1046,-3463,5318
IMU1,28254,295856475,-768,-777,545,1059,-3072,5420
IMU1,28255,295867244,-928,-904,667,1092,-2873,5532
IMU1,28256,295878006,-1037,-1012,785,1151,-2718,5672
IMU1,28257,295889177,-1140,-1086,867,1238,-2652,5812
IMU1,28258,295900338,-1178,-1108,914,1344,-2698,5916
IMU1,28259,295911507,-1142,-1147,886,1451,-2797,5960
IMU1,28260,295922676,-1022,-1116,671,1507,-2822,5918
IMU1,28261,295933851,-931,-955,273,1221,-2403,5538
IMU1,28262,295944630,-1054,-1041,479,941,-2159,5292
IMU1,28263,295955585,-1105,-1157,892,733,-2061,5032
IMU1,28264,295966555,-1048,-1218,1298,665,-2173,4733
IMU1,28265,295977714,-989,-1224,1609,760,-2447,4343
IMU1,28266,295988661,-1025,-1202,1794,978,-2752,3868
IMU1,28267,295999809,-1136,-1149,1794,1257,-3004,3354
IMU1,28268,296011186,-1495,-1056,1701,1728,-3161,2383
IMU1,28269,296022548,-1751,-1017,1652,1885,-2969,2026
IMU1,28270,296033888,-1996,-958,1592,1985,-2602,1788
IMU1,28271,296045045,-2155,-915,1582,2018,-2088,1655
IMU1,28272,296056191,-2219,-920,1601,1997,-1514,1598
IMU1,28273,296067356,-2202,-822,1869,1941,-997,1562
IMU1,28274,296078303,-2085,-819,2123,1826,-419,1427
IMU1,28275,296089250,-1976,-805,2328,1831,-459,1286
IMU1,28276,296100199,-1902,-790,2386,1891,-654,1081
IMU1,28277,296111158,-1951,-767,2273,1941,-802,859
IMU1,28278,296121918,-2059,-691,2094,1936,-783,687
IMU1,28279,296132672,-2161,-614,1933,1867,-587,601
IMU1,28280,296143436,-2187,-563,1915,1749,-272,601
IMU1,28281,296154192,-2022,-539,2198,1619,107,661
IMU1,28282,296164841,-1845,-530,2444,1472,507,759
IMU1,28283,296175493,-1680,-514,2581,1481,354,690
IMU1,28284,296186144,-1561,-478,2501,1501,126,535
IMU1,28285,296196811,-1564,-399,2414,1480,-100,342
IMU1,28286,296207551,-1606,-303,2293,1409,-288,168
IMU1,28287,296218290,-1633,-235,2300,1310,-392,46
IMU1,28288,296228838,-1644,-204,2361,1233,-396,-18
IMU1,28289,296239467,-1679,-182,2388,1200,-314,-36
IMU1,28290,296250114,-1661,-170,2301,1191,-173,-21
IMU1,28291,296261269,-1639,-169,2321,1111,218,66
IMU1,28292,296271714,-1577,-165,2371,1023,341,112
IMU1,28293,296282370,-1492,-118,2451,933,344,134
IMU1,28294,296292826,-1381,-78,2530,836,213,116
IMU1,28295,296303082,-1381,-66,2529,744,-22,78
IMU1,28296,296313044,-1291,-22,2436,666,-305,43
IMU1,28297,296323191,-1270,-6,2353,583,-544,7
IMU1,28298,296332959,-1319,-10,2310,498,-697,-13
IMU1,28299,296343197,-1388,-39,2297,436,-768,8
IMU1,28300,296353159,-1422,-9,2251,405,-727,85
IMU1,28301,296363105,-1484,52,2195,381,-573,207
IMU1,28302,296373367,-1556,90,2172,355,-358,370
IMU1,28303,296383631,-1625,121,2164,329,-140,570
IMU1,28304,296394089,-1669,136,2146,293,66,799
IMU1,28305,296405292,-1712,144,2068,168,465,1290
IMU1,28306,296415837,-1710,151,2055,51,603,1515
IMU1,28307,296426218,-1692,178,2089,-49,692,1695
IMU1,28308,296436665,-1676,219,2111,-147,782,1838
IMU1,28309,296447328,-1738,275,2123,-223,889,1942
IMU1,28310,296457997,-1862,376,2120,-290,980,2033
IMU1,28311,296468660,-1995,519,2046,-358,1075,2138
IMU1,28312,296479516,-2236,672,1942,-463,1201,2271
IMU1,28313,296490389,-2535,767,2697,-582,1334,2460
IMU1,28314,296501778,-2494,1090,2718,-395,1329,2947
IMU1,28315,296512842,-2629,1256,2542,-215,1320,3121
IMU1,28316,296523903,-2890,1313,2398,-85,1346,3270
IMU1,28317,296534774,-3105,1413,2170,-28,1492,3444
IMU1,28318,296545653,-3280,1629,1950,-69,1799,3631
IMU1,28319,296556513,-3388,1836,1823,-201,2177,3806
IMU1,28320,296567577,-3302,2254,2072,-369,2521,3941
IMU1,28321,296578641,-3149,2299,2354,-534,2775,3948
IMU1,28322,296589707,-2919,2344,2577,-428,2491,3834
IMU1,28323,296603325,-2890,2418,2771,-178,1999,3675
IMU1,28324,296614379,-2727,2577,2674,170,1430,3506
IMU1,28325,296625349,-2497,2679,1936,509,929,3276
IMU1,28326,296636115,-2618,2693,1716,857,409,2676
IMU1,28327,296646878,-2528,2871,1722,919,219,2405
IMU1,28328,296657642,-2457,2930,1795,1008,54,2104
IMU1,28329,296668395,-2377,3043,1628,1134,-300,1750
IMU1,28330,296679460,-2163,3227,1582,1244,-959,1284
IMU1,28331,296690516,-1879,3437,1572,1318,-1691,627
IMU1,28332,296701592,-1751,3599,1518,1327,-2446,-261
IMU1,28333,296712766,-1786,3864,447,710,-3927,-2774
IMU1,28334,296723731,-1829,3512,116,-27,-3760,-4368
IMU1,28335,296734592,-1339,2976,72,-886,-2855,-6220
IMU1,28336,296745460,-699,2433,967,-1596,-1645,-8505
IMU1,28337,296756516,-501,1938,2030,-1760,-618,-11263
IMU1,28338,296767760,-940,1742,2489,-1304,-37,-14223
IMU1,28339,296778824,-983,1756,1413,-570,274,-17018
IMU1,28340,296790310,-2082,2474,1069,505,2522,-21427
IMU1,28341,296801598,-3175,4126,1966,1000,3941,-22816
IMU1,28342,296813075,-3894,5568,2548,1668,4677,-23524
IMU1,28343,296824560,-5139,6927,2070,2122,4865,-23411
IMU1,28344,296836037,-6127,7675,1257,1816,3941,-22486
IMU1,28345,296847523,-4587,7404,2139,-400,454,-19149
IMU1,28346,296858702,-3361,7091,1852,-1059,-500,-17295
IMU1,28347,296870159,-1995,6720,1017,-1188,-250,-15451
IMU1,28348,296881627,-942,6459,146,-975,1066,-13773
IMU1,28349,296892574,-75,5959,-212,-729,2499,-12263
IMU1,28350,296903441,137,5571,-115,-552,3457,-10860
IMU1,28351,296914415,340,4377,1302,-189,4765,-7499
IMU1,28352,296925292,626,3267,2689,151,4587,-5529
IMU1,28353,296936070,971,2381,3660,610,3295,-3573
IMU1,28354,296946856,1236,1919,3496,1032,1214,-1877
IMU1,28355,296958053,1189,1901,2687,1174,-765,-539
IMU1,28356,296968947,1167,1867,1707,916,-1923,453
IMU1,28357,296979693,1391,1823,984,268,-2050,1108
IMU1,28358,296990442,1578,1503,967,-642,-1402,1437
IMU1,28359,297001810,1911,715,1291,-2421,253,1433
IMU1,28360,297012563,2151,445,1622,-3010,711,1263
IMU1,28361,297023318,2194,188,1879,-3315,840,1068
IMU1,28362,297034082,2240,38,2095,-3336,697,954
IMU1,28363,297044442,2238,-82,2322,-3090,415,937
IMU1,28364,297054901,2286,-185,2458,-2619,43,988
IMU1,28365,297065346,2348,-290,2490,-1991,-375,1036
IMU1,28366,297076296,2318,-371,2526,-1289,-753,1038
IMU1,28367,297087251,2240,-480,2206,-592,-1073,900
IMU1,28368,297098007,2152,-445,1893,510,-1469,743
# swing_peak_seq=28342
IMU1,28369,297108665,2044,-437,1559,792,-1508,537
IMU1,28370,297119329,1914,-449,1346,892,-1451,327
IMU1,28371,297129992,1774,-481,1313,860,-1330,185
IMU1,28372,297140634,1772,-502,1278,778,-1154,120
IMU1,28373,297151297,1776,-483,1289,687,-957,119
IMU1,28374,297161754,1696,-447,1395,605,-796,178
IMU1,28375,297172216,1625,-415,1521,542,-725,298
IMU1,28376,297182667,1641,-411,1585,494,-752,466
IMU1,28377,297194172,1704,-372,1708,446,-889,825
IMU1,28378,297204628,1649,-433,1747,427,-968,1016
IMU1,28379,297215280,1614,-492,1889,429,-1060,1204
IMU1,28380,297226132,1574,-546,1973,463,-1179,1392
IMU1,28381,297236999,1536,-576,1912,518,-1334,1569
IMU1,28382,297247866,1505,-560,1758,552,-1510,1722
IMU1,28383,297258738,1401,-526,1721,542,-1675,1859
IMU1,28384,297269596,1319,-571,1676,514,-1816,1988
IMU1,28385,297280461,1178,-567,1677,460,-2009,2227
IMU1,28386,297291309,1089,-574,1651,435,-2073,2341
IMU1,28387,297302169,984,-571,1688,427,-2139,2440
IMU1,28388,297312826,882,-594,1707,440,-2228,2539
IMU1,28389,297323491,823,-591,1664,466,-2331,2632
IMU1,28390,297334162,761,-527,1587,484,-2444,2714
IMU1,28391,297344832,654,-461,1486,489,-2573,2792
IMU1,28392,297355482,517,-371,1322,476,-2705,2888
IMU1,28393,297366153,327,-154,901,448,-2818,3160
IMU1,28394,297376631,256,-85,774,353,-2860,3342
IMU1,28395,297386890,210,-84,756,328,-2732,3546
IMU1,28396,297397145,130,-146,857,350,-2558,3762
IMU1,28397,297407613,-16,-236,946,435,-2418,3992
IMU1,28398,297417989,-187,-321,1062,568,-2352,4225
IMU1,28399,297428749,-305,-462,1173,736,-2361,4456
IMU1,28400,297439527,-327,-670,1214,919,-2407,4662
IMU1,28401,297450292,-387,-854,1147,1093,-2497,4816
IMU1,28402,297461251,-372,-996,950,1217,-2614,4930
IMU1,28403,297472021,-491,-988,644,1264,-2648,5072
IMU1,28404,297482754,-598,-953,601,1155,-2535,5143
IMU1,28405,297493523,-742,-961,661,1066,-2406,5221
IMU1,28406,297504270,-866,-1043,817,1008,-2359,5322
IMU1,28407,297515219,-992,-1180,1043,1034,-2484,5428
IMU1,28408,297526384,-1068,-1285,1307,1159,-2739,5516
IMU1,28409,297537745,-1111,-1334,1470,1375,-3066,5536
IMU1,28410,297549103,-1087,-1299,1087,1832,-3662,5302
IMU1,28411,297560455,-882,-1203,740,1895,-3722,5014
IMU1,28412,297571422,-720,-1145,501,1783,-3504,4612
IMU1,28413,297582394,-831,-1124,466,1560,-3135,4149
IMU1,28414,297593368,-1033,-1176,562,1312,-2766,3736
IMU1,28415,297607094,-1262,-1196,888,930,-1983,3249
IMU1,28416,297618039,-1315,-1113,1217,839,-1593,3112
IMU1,28417,297629197,-1302,-1144,1543,856,-1318,2986
IMU1,28418,297640342,-1224,-1163,1801,976,-1209,2856
IMU1,28419,297651482,-1214,-1120,1993,1173,-1219,2697
IMU1,28420,297662830,-1262,-1139,2003,1402,-1215,2520
IMU1,28421,297674184,-1259,-1164,1636,1647,-796,2208
IMU1,28422,297685343,-1338,-1162,1753,1625,-444,2065
IMU1,28423,297696487,-1368,-1167,2022,1585,-109,1956
IMU1,28424,297707629,-1381,-1109,2295,1603,183,1867
IMU1,28425,297718672,-1449,-1028,2510,1678,411,1789
IMU1,28426,297729726,-1577,-953,2646,1781,545,1729
IMU1,28427,297740578,-1643,-904,2782,1889,527,1691
IMU1,28428,297751952,-1529,-813,2718,2067,143,1581
IMU1,28429,297762827,-1459,-780,2550,2079,4,1465
IMU1,28430,297773294,-1472,-709,2357,1991,-45,1311
IMU1,28431,297784057,-1571,-581,2172,1812,-10,1159
IMU1,28432,297794812,-1733,-478,2079,1547,101,1055
IMU1,28433,297805665,-1862,-288,1808,1222,239,1022
IMU1,28434,297816514,-1939,-191,1719,802,381,1048
IMU1,28435,297827165,-2213,-290,2813,399,508,1106
IMU1,28436,297838362,-1954,-352,3221,297,-72,1300
IMU1,28437,297848919,-1503,-189,2937,513,-526,1289
IMU1,28438,297859675,-1459,-224,2672,694,-840,1107
IMU1,28439,297870433,-1540,-312,2451,766,-1008,863
IMU1,28440,297881193,-1555,-329,2208,751,-1107,630
IMU1,28441,297891973,-1475,-277,1980,644,-1083,398
IMU1,28442,297902723,-1468,-221,1931,447,-932,166
IMU1,28443,297913265,-1600,-156,2044,239,-758,-36
IMU1,28444,297923717,-1785,45,2152,92,-688,-160
IMU1,28445,297934382,-1845,125,2079,-23,-707,-139
IMU1,28446,297944830,-1825,150,1996,-48,-724,-40
IMU1,28447,297955076,-1769,121,1946,-78,-758,91
IMU1,28448,297965234,-1673,67,1903,-105,-763,211
IMU1,28449,297975589,-1552,19,1857,-115,-708,293
IMU1,28450,297985959,-1442,-35,1811,-129,-596,341
IMU1,28451,297996394,-1341,-85,1790,-134,-438,347
IMU1,28452,298006842,-1248,-106,1719,-138,-251,319
IMU1,28453,298017485,-1352,-173,1969,-136,-80,282
IMU1,28454,298027920,-1170,-122,1749,-91,2,256
IMU1,28455,298037870,-1180,-89,1836,-59,44,206
IMU1,28456,298047818,-1185,-134,1856,-29,63,165
IMU1,28457,298057974,-1188,-102,1878,9,31,151
IMU1,28458,298069399,-1251,-75,1907,77,31,183
IMU1,28459,298079269,-1257,-69,1913,119,38,245
IMU1,28460,298089342,-1287,-33,1912,168,82,315
IMU1,28461,298099394,-1323,21,1899,196,164,402
IMU1,28462,298109543,-1382,66,1962,200,274,489
IMU1,28463,298119702,-1482,112,2011,199,357,580
IMU1,28464,298130064,-1591,163,2162,211,394,681
IMU1,28465,298140431,-1753,227,2269,255,440,807
IMU1,28466,298150797,-1975,327,2326,314,527,974
IMU1,28467,298161172,-2288,441,2298,368,645,1193
IMU1,28468,298171748,-2574,548,2263,391,767,1475
IMU1,28469,298182331,-2779,635,2325,387,877,1803
IMU1,28470,298192928,-3041,828,2383,375,978,2124
IMU1,28471,298204012,-3186,899,2412,310,1231,2632
IMU1,28472,298214792,-3330,1015,2559,262,1336,2811
IMU1,28473,298225761,-3528,1184,2741,253,1393,2908
IMU1,28474,298236730,-3736,1477,2807,280,1409,2935
IMU1,28475,298247713,-3826,1594,2786,314,1345,2865
IMU1,28476,298258690,-3864,1614,2631,337,1241,2659
IMU1,28477,298269643,-4017,1867,2225,328,1192,2293
IMU1,28478,298280611,-4008,2157,2091,210,1098,1022
IMU1,28479,298291570,-3947,2286,1802,159,1002,31
IMU1,28480,298302124,-4041,2130,1402,131,803,-1200
IMU1,28481,298312969,-4088,2960,1933,163,239,-2556
IMU1,28482,298323813,-3506,2815,1966,322,167,-4127
IMU1,28483,298334665,-3829,2268,2110,557,804,-5858
IMU1,28484,298345540,-3434,2171,2541,928,1443,-7557
IMU1,28485,298356623,-2286,1698,2957,1441,2080,-11188
IMU1,28486,298368083,-1951,1690,2923,2445,2601,-13095
IMU1,28487,298379517,-1989,1694,2564,2609,2399,-14884
IMU1,28488,298390982,-2363,1766,1895,2391,2243,-16422
IMU1,28489,298402461,-2974,1977,1063,1761,2449,-17615
IMU1,28490,298413909,-3737,2559,2311,952,3010,-18504
IMU1,28491,298425212,-5334,3609,3042,472,4249,-19225
IMU1,28492,298436479,-5881,4077,3217,922,4649,-18856
IMU1,28493,298447753,-5758,4272,2406,1306,4480,-18041
IMU1,28494,298459222,-5390,4175,2382,1408,3707,-16889
IMU1,28495,298470692,-3902,4063,3907,1367,2654,-15550
IMU1,28496,298482163,-2139,4572,2370,1499,1407,-12969
IMU1,28497,298493628,-1245,4911,1507,1476,1459,-11548
IMU1,28498,298505103,-565,5283,1098,1332,1863,-9952
IMU1,28499,298516171,158,5523,403,1014,2234,-8089
IMU1,28500,298526941,525,5337,397,462,2391,-5985
IMU1,28501,298537525,418,4698,811,-167,2147,-3711
IMU1,28502,298548190,150,3671,1551,-699,1531,-1396
IMU1,28503,298559059,614,1724,2878,-1165,-46,2253
IMU1,28504,298569730,1069,1125,2796,-1299,-637,2928
IMU1,28505,298580788,1226,810,2596,-1581,-807,2774
IMU1,28506,298591650,1313,640,2348,-2009,-630,2098
IMU1,28507,298602523,1411,462,2191,-2446,-356,1252
IMU1,28508,298615938,1385,534,1591,-2760,-207,578
IMU1,28509,298627131,1259,620,1306,-2938,-205,396
IMU1,28510,298637796,1235,639,1136,-2862,-265,826
IMU1,28511,298648469,1342,585,1017,-2716,-380,1389
IMU1,28512,298659332,1474,381,1037,-2526,-516,1892
IMU1,28513,298670208,1594,80,1172,-2293,-671,2216
IMU1,28514,298680886,1626,-213,1424,-1991,-775,2317
IMU1,28515,298691843,1626,-501,1691,-1609,-822,2225
IMU1,28516,298702782,1539,-963,1931,-1171,-874,1984
IMU1,28517,298713745,1485,-1157,1999,-303,-1019,1301
# swing_peak_seq=28491
IMU1,28518,298724906,1452,-1261,1875,84,-1156,948
IMU1,28519,298735576,1376,-1257,1661,367,-1330,648
IMU1,28520,298746442,1253,-1193,1186,519,-1460,447
IMU1,28521,298757317,1163,-1100,956,510,-1436,385
IMU1,28522,298767996,1136,-1061,864,405,-1296,433
IMU1,28523,298778659,1164,-1071,969,271,-1167,543
IMU1,28524,298789325,1229,-1168,1341,162,-1096,661
IMU1,28525,298800187,1168,-1262,1517,88,-1102,817
IMU1,28526,298810858,1140,-1352,1642,105,-1204,865
IMU1,28527,298821718,1203,-1413,1668,129,-1296,885
IMU1,28528,298832573,1278,-1429,1662,118,-1366,867
IMU1,28529,298843439,1297,-1409,1593,78,-1438,817
IMU1,28530,298854117,1318,-1337,1489,-5,-1513,783
IMU1,28531,298864686,1236,-1265,1432,-125,-1539,800
IMU1,28532,298875635,1146,-1110,1410,-262,-1555,903
IMU1,28533,298886608,1068,-1005,1422,-516,-1656,1331
IMU1,28534,298897742,985,-955,1447,-617,-1743,1591
IMU1,28535,298908509,932,-950,1502,-693,-1857,1843
IMU1,28536,298919271,889,-947,1521,-738,-1996,2078
IMU1,28537,298930039,816,-944,1510,-768,-2146,2271
IMU1,28538,298940809,721,-935,1472,-785,-2299,2415
IMU1,28539,298951573,645,-915,1355,-800,-2444,2527
IMU1,28540,298962342,527,-726,978,-836,-2587,2626
IMU1,28541,298973416,487,-697,954,-995,-2736,2819
IMU1,28542,298983987,482,-717,1083,-1034,-2776,2924
IMU1,28543,298994957,367,-767,1158,-957,-2831,3013
IMU1,28544,299005748,120,-810,1045,-796,-2930,3104
IMU1,28545,299016532,-132,-863,944,-619,-3063,3235
IMU1,28546,299027180,-296,-894,791,-448,-3162,3406
IMU1,28547,299037848,-433,-923,665,-314,-3221,3590
IMU1,28548,299048503,-580,-1005,544,-208,-3284,3762
IMU1,28549,299059864,-742,-1013,452,8,-3508,4072
IMU1,28550,299070218,-736,-1065,309,119,-3582,4181
IMU1,28551,299080981,-730,-1069,155,217,-3569,4235
IMU1,28552,299091736,-733,-1055,83,275,-3516,4240
IMU1,28553,299102297,-726,-1021,-18,286,-3399,4181
IMU1,28554,299112953,-705,-1060,-180,227,-3173,4067
IMU1,28555,299123816,-670,-1094,-264,88,-2818,3887
IMU1,28556,299134469,-739,-1121,-176,-100,-2391,3655
IMU1,28557,299145427,-846,-1259,-41,-271,-1659,3148
IMU1,28558,299156184,-849,-1292,71,-456,-1343,2901
IMU1,28559,299166835,-860,-1353,201,-456,-1075,2644
IMU1,28560,299177686,-738,-1460,414,-375,-954,2355
IMU1,28561,299188338,-560,-1519,581,-190,-1038,1973
IMU1,28562,299199195,-526,-1555,815,81,-1268,1475
IMU1,28563,299209772,-620,-1607,971,416,-1482,920
IMU1,28564,299220316,-801,-1684,939,756,-1590,387
IMU1,28565,299230872,-999,-1695,850,1029,-1621,-55
IMU1,28566,299241513,-1178,-1648,767,1207,-1605,-590
IMU1,28567,299252559,-1204,-1611,795,1371,-1424,-704
IMU1,28568,299263610,-1211,-1615,898,1412,-1337,-731
IMU1,28569,299274666,-1144,-1590,1026,1464,-1227,-699
IMU1,28570,299285912,-1065,-1623,1214,1536,-1144,-627
IMU1,28571,299297165,-1039,-1642,1288,1616,-1128,-535
IMU1,28572,299308396,-1200,-1779,1499,1665,-1146,-418
IMU1,28573,299319648,-1229,-1814,1599,1692,-1330,-72
IMU1,28574,299330710,-1315,-1876,1693,1669,-1445,118
IMU1,28575,299341859,-1407,-1946,1711,1639,-1515,279
IMU1,28576,299353012,-1311,-1978,1625,1562,-1462,419
IMU1,28577,299364170,-1196,-1968,1624,1416,-1267,500
IMU1,28578,299375325,-1136,-2003,1804,1260,-1105,514
IMU1,28579,299386496,-950,-2031,2111,1159,-1151,476
IMU1,28580,299397474,-990,-2013,2242,1220,-1271,439
IMU1,28581,299408436,-1242,-1964,2254,1329,-1435,436
IMU1,28582,299419594,-1482,-1877,2097,1421,-1608,522
IMU1,28583,299430743,-1664,-1782,1928,1442,-1702,703
IMU1,28584,299441887,-1727,-1709,1790,1361,-1648,947
IMU1,28585,299453040,-1640,-1690,2025,1199,-1450,1429
IMU1,28586,299464398,-1588,-1663,2254,905,-1147,1608
IMU1,28587,299475555,-1703,-1625,2357,853,-1164,1753
IMU1,28588,299486722,-1956,-1564,2371,829,-1287,1934
IMU1,28589,299497883,-2220,-1503,2289,800,-1458,2188
IMU1,28590,299509056,-2491,-1453,2137,732,-1572,2535
IMU1,28591,299520240,-2677,-1349,1925,607,-1600,2958
IMU1,28592,299531367,-2706,-1333,1929,211,-1257,3789
IMU1,28593,299542520,-2779,-1289,1962,-12,-986,4124
IMU1,28594,299553358,-2867,-1259,2047,-225,-752,4425
IMU1,28595,299564415,-2959,-1201,2301,-371,-629,4700
IMU1,28596,299575486,-3028,-1127,2588,-394,-689,4951
IMU1,28597,299586552,-3159,-1041,2680,-293,-851,5172
IMU1,28598,299597615,-3613,-709,2464,-104,-655,5525
IMU1,28599,299608470,-3809,-579,2523,-77,-472,5685
IMU1,28600,299621696,-3916,-464,2730,-38,-384,5820
IMU1,28601,299632366,-3934,-313,2805,73,-383,5890
IMU1,28602,299642935,-4031,-31,2824,228,-407,5871
IMU1,28603,299653489,-4187,286,2899,407,-430,5744
IMU1,28604,299664148,-4247,998,2710,606,-403,5519
IMU1,28605,299675333,-4428,1340,2721,938,-166,4573
IMU1,28606,299686198,-4261,1560,2435,1153,-227,3779
IMU1,28607,299697276,-4200,1906,2100,1403,-253,2673
IMU1,28608,299708346,-4117,2127,1798,1670,-131,1268
IMU1,28609,299719416,-4151,2199,1981,1987,230,-423
IMU1,28610,299730297,-4262,2208,2416,2428,810,-2307
IMU1,28611,299741371,-3480,1862,2329,2924,1577,-4322
IMU1,28612,299752659,-2998,1828,2399,3433,3670,-8821
IMU1,28613,299763954,-2595,1854,2750,3430,4411,-11242
IMU1,28614,299775439,-2410,1820,2928,3366,4758,-13642
IMU1,28615,299786935,-2456,1816,3017,3264,5142,-15859
IMU1,28616,299798418,-2841,2102,3526,3208,5681,-17787
IMU1,28617,299809891,-4122,3665,4589,3679,5720,-20725
IMU1,28618,299821389,-4597,4691,4913,3895,4820,-21729
IMU1,28619,299832901,-5358,5509,5105,3951,3554,-22405
IMU1,28620,299844397,-5710,5710,4546,3760,1562,-22496
IMU1,28621,299855887,-5256,5139,3963,3197,-707,-21901
IMU1,28622,299867276,-4225,5198,813,1890,-2446,-18570
IMU1,28623,299878650,-3472,6182,-807,1489,-1278,-15893
IMU1,28624,299890118,-2224,7165,-2758,1156,775,-12836
IMU1,28625,299901495,-548,7993,-3817,490,2865,-9774
IMU1,28626,299912492,-782,7316,-2852,-433,4334,-6851
IMU1,28627,299923569,-324,6086,-1042,-1277,5102,-3838
IMU1,28628,299934847,576,2133,5192,-1446,4733,1366
IMU1,28629,299945826,1503,934,6698,-645,2437,2914
IMU1,28630,299956610,2258,858,5302,175,-372,3346
IMU1,28631,299967187,2222,1424,2437,218,-2184,2831
IMU1,28632,299978187,1659,1476,775,-744,-2199,1950
IMU1,28633,299989076,1283,1166,247,-2167,-1100,1222
IMU1,28634,300000150,1265,830,412,-3480,336,867
IMU1,28635,300010519,1266,435,1049,-4399,1470,856
IMU1,28636,300021305,1346,213,1373,-5065,1618,1563
IMU1,28637,300032286,1430,26,1703,-4885,886,2116
IMU1,28638,300042838,1523,-152,1987,-4383,131,2634
IMU1,28639,300053706,1591,-432,2101,-3663,-489,2985
IMU1,28640,300064678,1536,-715,2124,-2823,-1023,3072
IMU1,28641,300075841,1393,-951,2028,-1978,-1468,2917
IMU1,28642,300087002,1267,-1153,1759,-1225,-1752,2587
IMU1,28643,300098368,1263,-1394,816,-427,-1392,1515
IMU1,28644,300109330,1046,-1459,576,-418,-976,897
IMU1,28645,300119886,884,-1501,866,-508,-653,366
# swing_peak_seq=28619
IMU1,28646,300130248,952,-1496,1056,-511,-429,9
IMU1,28647,300140416,969,-1456,1218,-401,-338,-198
IMU1,28648,300151065,1009,-1365,1330,-198,-450,-304
IMU1,28649,300161920,1035,-1269,1317,48,-691,-349
IMU1,28650,300172456,1013,-1208,1315,261,-906,-353
IMU1,28651,300183211,1015,-1212,1289,426,-1038,-339
IMU1,28652,300194674,1001,-1243,1225,553,-954,-303
IMU1,28653,300205442,1030,-1323,1268,534,-828,-254
IMU1,28654,300216194,1020,-1406,1406,507,-762,-188
IMU1,28655,300226952,1013,-1496,1562,488,-810,-89
IMU1,28656,300237506,1040,-1568,1684,500,-960,5
IMU1,28657,300247754,1119,-1578,1705,516,-1162,78
IMU1,28658,300258427,1165,-1559,1659,507,-1356,109
IMU1,28659,300269282,1177,-1512,1632,470,-1521,118
IMU1,28660,300280146,1166,-1358,1596,405,-1653,139
IMU1,28661,300291009,1165,-1317,1622,280,-1768,192
IMU1,28662,300301858,1159,-1264,1657,244,-1807,275
IMU1,28663,300312719,1165,-1186,1616,231,-1876,376
IMU1,28664,300323596,1154,-1072,1571,217,-1999,495
IMU1,28665,300334468,1109,-962,1508,198,-2147,630
IMU1,28666,300345140,1068,-869,1408,171,-2285,798
IMU1,28667,300355805,1027,-766,1266,135,-2361,996
IMU1,28668,300366482,658,-593,592,42,-2363,1225
IMU1,28669,300377270,822,-713,1271,-452,-2084,2009
IMU1,28670,300388043,672,-630,314,-560,-1923,2359
IMU1,28671,300398620,916,-779,1387,-740,-1838,2690
IMU1,28672,300409405,1102,-920,1508,-718,-1851,2868
IMU1,28673,300420389,940,-832,1188,-567,-2059,2914
IMU1,28674,300431166,848,-817,1178,-447,-2396,2908
IMU1,28675,300441950,849,-775,978,-326,-2648,2900
IMU1,28676,300452501,833,-802,1111,-218,-2718,2887
IMU1,28677,300463783,651,-794,884,129,-2832,2881
IMU1,28678,300474259,463,-789,828,272,-2903,2924
IMU1,28679,300484737,370,-788,753,399,-2936,3005
IMU1,28680,300495219,267,-814,696,501,-2927,3109
IMU1,28681,300505689,195,-904,618,572,-2933,3214
IMU1,28682,300516152,93,-821,519,622,-2996,3301
IMU1,28683,300526435,129,-1065,450,634,-3071,3377
IMU1,28684,300537110,115,-1025,511,606,-3098,3422
IMU1,28685,300547802,-78,-1049,603,588,-3089,3429
IMU1,28686,300558373,-54,-1146,763,606,-3103,3465
IMU1,28687,300569479,-180,-1188,542,751,-3049,3490
IMU1,28688,300580261,-435,-1190,611,827,-3016,3510
IMU1,28689,300591044,-542,-1284,713,892,-2948,3575
IMU1,28690,300601820,-550,-1333,694,966,-2882,3658
IMU1,28691,300612589,-551,-1357,649,1008,-2829,3711
IMU1,28692,300626117,-632,-1318,454,991,-2761,3723
IMU1,28693,300636898,-760,-1352,571,792,-2587,3677
IMU1,28694,300647684,-898,-1361,666,699,-2454,3686
IMU1,28695,300658432,-1006,-1396,778,652,-2306,3728
IMU1,28696,300669404,-1052,-1424,938,648,-2206,3769
IMU1,28697,300680382,-1013,-1472,1050,691,-2211,3771
IMU1,28698,300691553,-958,-1503,1184,753,-2322,3691
IMU1,28699,300702541,-938,-1521,1169,828,-2431,3521
IMU1,28700,300714043,-895,-1521,1087,898,-2434,2973
IMU1,28701,300725021,-904,-1560,1164,910,-2356,2642
IMU1,28702,300736008,-992,-1499,1279,947,-2229,2319
IMU1,28703,300746988,-1082,-1429,1386,1022,-2061,2034
IMU1,28704,300758366,-977,-1306,1470,1120,-1877,1785
IMU1,28705,300769548,-1085,-1337,1473,1211,-1698,1529
IMU1,28706,300780917,-1380,-1238,1437,1252,-1466,1230
IMU1,28707,300792300,-1422,-1210,1745,1182,-1421,1180
IMU1,28708,300803697,-1268,-1179,1882,1140,-1461,1116
IMU1,28709,300815063,-1238,-1127,1961,1110,-1524,1009
IMU1,28710,300826420,-1323,-1108,1967,1085,-1574,894
IMU1,28711,300837574,-1349,-962,1845,1074,-1629,814
IMU1,28712,300848530,-1423,-923,1855,1061,-1524,760
IMU1,28713,300859501,-1404,-943,1956,1090,-1384,803
IMU1,28714,300870465,-1253,-958,2044,1159,-1275,852
IMU1,28715,300881437,-1098,-977,2072,1240,-1229,862
IMU1,28716,300892408,-1084,-998,2040,1308,-1186,829
IMU1,28717,300903360,-1095,-989,1973,1337,-1093,797
IMU1,28718,300914325,-1081,-980,1996,1327,-979,779
IMU1,28719,300925615,-1041,-964,2047,1258,-693,775
IMU1,28720,300936382,-1029,-947,2181,1237,-522,794
IMU1,28721,300947156,-998,-969,2359,1242,-416,829
IMU1,28722,300957737,-954,-987,2513,1285,-401,874
IMU1,28723,300968310,-989,-920,2689,1342,-455,933
IMU1,28724,300978881,-1105,-862,2777,1399,-543,1027
IMU1,28725,300989849,-1252,-788,2777,1429,-646,1175
IMU1,28726,301000821,-1408,-667,2677,1407,-728,1380
IMU1,28727,301011780,-1586,-559,2605,1203,-719,1925
IMU1,28728,301022756,-1525,-538,2621,1025,-605,2215
IMU1,28729,301033734,-1428,-543,2673,841,-503,2453
IMU1,28730,301044511,-1380,-483,2923,674,-484,2633
IMU1,28731,301055277,-1383,-372,3161,573,-605,2785
IMU1,28732,301066082,-1363,-213,3424,567,-825,2927
IMU1,28733,301076836,-1381,-18,3503,650,-1071,3073
IMU1,28734,301087600,-1772,425,3108,762,-1258,3232
IMU1,28735,301098479,-1899,650,3000,811,-1213,3696
IMU1,28736,301109354,-1946,798,3008,783,-1024,3968
IMU1,28737,301120247,-1923,964,3099,783,-825,4219
IMU1,28738,301130910,-1808,1136,3229,846,-676,4396
IMU1,28739,301141787,-1730,1252,3254,973,-604,4452
IMU1,28740,301152662,-1744,1410,3152,1120,-569,4410
IMU1,28741,301163744,-1748,1576,3041,1246,-473,4290
IMU1,28742,301174827,-1689,2111,3059,1344,-108,3772
IMU1,28743,301185903,-1673,2201,3243,1416,37,3342
IMU1,28744,301196679,-1739,2422,3287,1542,39,2811
IMU1,28745,301207467,-1701,2598,2975,1634,-134,2188
IMU1,28746,301218539,-1722,2768,2672,1605,-333,1436
IMU1,28747,301229611,-1805,2995,2535,1452,-376,585
IMU1,28748,301240494,-1874,3232,2536,1233,-259,-357
IMU1,28749,301251464,-2239,3703,2685,1000,-2,-2586
IMU1,28750,301262237,-2376,3839,2908,577,931,-3899
IMU1,28751,301273138,-2313,3654,3330,490,1415,-5379
IMU1,28752,301284237,-2001,3256,3350,531,1988,-7045
IMU1,28753,301295316,-1694,2866,3168,584,2582,-8925
IMU1,28754,301306419,-1502,2330,2764,580,3263,-10948
IMU1,28755,301317707,-1538,2008,2086,471,4207,-12980
IMU1,28756,301328980,-1980,1407,1753,101,6443,-16904
IMU1,28757,301340248,-2444,1396,2089,167,7631,-18767
IMU1,28758,301351538,-3306,1858,2806,566,8756,-20473
IMU1,28759,301362849,-4707,3121,4164,1377,9342,-21920
IMU1,28760,301374365,-6047,4934,5541,2518,9083,-22958
IMU1,28761,301385896,-7106,4844,5527,3519,7940,-23427
IMU1,28762,301397416,-6739,3767,5191,3130,1965,-22346
IMU1,28763,301408933,-6597,3887,3861,2103,-589,-20538
IMU1,28764,301420318,-5831,4601,2126,1110,-834,-17922
IMU1,28765,301431720,-4356,5569,1418,382,399,-14978
IMU1,28766,301442835,-2424,6206,566,-43,1460,-12247
IMU1,28767,301453815,130,7134,-714,-569,2199,-7884
IMU1,28768,301464614,285,6885,-1075,-835,3030,-5591
IMU1,28769,301475617,301,5462,313,-1132,4253,-3070
IMU1,28770,301486494,982,3385,2807,-1180,4594,-770
IMU1,28771,301497361,1688,1547,5168,-849,3381,761
IMU1,28772,301508130,2022,750,5434,-256,1231,1329
IMU1,28773,301518906,1619,865,3840,14,-551,1085
IMU1,28774,301529272,1286,1071,1956,-465,-1129,499
IMU1,28775,301540135,1140,911,894,-1469,134,-52
IMU1,28776,301550407,1229,942,789,-3155,671,327
IMU1,28777,301560790,1375,939,842,-3596,817,980
IMU1,28778,301571176,1610,861,877,-3810,655,1685
IMU1,28779,301581748,1657,681,1030,-3827,459,2270
IMU1,28780,301592528,1608,404,1385,-3648,246,2671
IMU1,28781,301603289,1581,-4,1887,-3238,71,2850
IMU1,28782,301613555,1648,-485,2340,-2618,-78,2779
IMU1,28783,301626874,1650,-1150,2337,-1098,-562,1899
IMU1,28784,301638051,1499,-1276,1895,-485,-742,1259
IMU1,28785,301649023,1285,-1356,1346,-129,-763,652
IMU1,28786,301659772,1060,-1382,1214,8,-711,210
IMU1,28787,301670047,1021,-1306,1000,69,-698,-8
# swing_peak_seq=28761
IMU1,28788,301680215,961,-1153,670,73,-710,-51
IMU1,28789,301690179,966,-1047,677,13,-716,17
IMU1,28790,301700045,1011,-1016,878,-27,-630,122
IMU1,28791,301710404,1086,-1052,1116,-2,-513,204
IMU1,28792,301720771,1139,-1112,1352,80,-445,227
IMU1,28793,301731249,1197,-1157,1514,202,-398,188
IMU1,28794,301741925,1209,-1227,1579,331,-379,-12
IMU1,28795,301752500,1156,-1230,1431,504,-479,-54
IMU1,28796,301763077,1067,-1230,1343,502,-554,-16
IMU1,28797,301773646,987,-1214,1314,460,-621,106
IMU1,28798,301784110,916,-1235,1331,392,-666,286
IMU1,28799,301794588,925,-1301,1417,306,-707,474
IMU1,28800,301805059,1007,-1368,1519,231,-733,619
IMU1,28801,301815714,1080,-1411,1624,171,-768,692
IMU1,28802,301826367,1144,-1401,1716,133,-848,699
IMU1,28803,301837017,1185,-1327,1748,121,-958,663
IMU1,28804,301847668,1179,-1104,1821,142,-1075,620
IMU1,28805,301858537,1166,-1000,1865,256,-1335,667
IMU1,28806,301869391,1137,-924,1894,341,-1485,749
IMU1,28807,301880062,1051,-815,1884,432,-1683,861
IMU1,28808,301890704,938,-690,1790,503,-1900,1019
IMU1,28809,301901365,818,-592,1708,529,-2067,1226
IMU1,28810,301912022,727,-527,1687,511,-2154,1467
IMU1,28811,301922683,667,-476,1655,474,-2198,1721
IMU1,28812,301933342,642,-457,1587,420,-2247,1980
IMU1,28813,301944005,632,-440,1459,353,-2396,2491
IMU1,28814,301954678,573,-445,1403,251,-2520,2756
IMU1,28815,301965345,499,-468,1316,227,-2647,3020
IMU1,28816,301976004,427,-526,1265,209,-2743,3285
IMU1,28817,301986659,363,-621,1260,198,-2816,3538
IMU1,28818,301997326,318,-720,1252,202,-2868,3753
IMU1,28819,302008010,254,-805,1166,214,-2905,3922
IMU1,28820,302018665,188,-892,1064,211,-2953,4057
IMU1,28821,302029321,137,-958,975,186,-3000,4163
IMU1,28822,302039785,47,-1075,766,138,-3024,4247
IMU1,28823,302050777,-47,-1099,705,26,-2980,4397
IMU1,28824,302061150,-115,-1152,652,-16,-2954,4477
IMU1,28825,302071818,-180,-1223,698,-22,-2927,4552
IMU1,28826,302082490,-285,-1283,789,19,-2909,4610
IMU1,28827,302093026,-314,-1352,820,107,-2952,4636
IMU1,28828,302103778,-350,-1398,789,216,-3060,4603
IMU1,28829,302114542,-399,-1399,714,319,-3179,4501
IMU1,28830,302125321,-436,-1392,635,399,-3296,4332
IMU1,28831,302136079,-542,-1358,510,455,-3377,4123
IMU1,28832,302146836,-590,-1371,573,535,-3398,3674
IMU1,28833,302157598,-701,-1400,738,615,-3353,3472
IMU1,28834,302168369,-834,-1452,962,769,-3329,3311
IMU1,28835,302179118,-892,-1473,1097,986,-3367,3186
IMU1,28836,302190092,-887,-1440,1064,1234,-3437,3062
IMU1,28837,302201247,-896,-1409,957,1440,-3453,2927
IMU1,28838,302212211,-960,-1428,872,1568,-3370,2791
IMU1,28839,302223170,-964,-1424,465,1485,-2691,2561
IMU1,28840,302234129,-1002,-1416,397,1251,-2130,2466
IMU1,28841,302245286,-980,-1412,556,956,-1548,2402
IMU1,28842,302256042,-1041,-1419,906,699,-1035,2365
IMU1,28843,302266993,-948,-1445,1300,556,-732,2345
IMU1,28844,302277757,-776,-1463,1737,554,-708,2277
IMU1,28845,302288534,-670,-1447,2126,688,-921,2119
IMU1,28846,302299277,-621,-1401,2223,910,-1303,1883
IMU1,28847,302310235,-895,-1381,1939,1330,-1941,1389
IMU1,28848,302321395,-1057,-1328,1655,1356,-1913,1234
IMU1,28849,302332752,-1197,-1257,1468,1251,-1623,1151
IMU1,28850,302344124,-1221,-1177,1395,1053,-1176,1144
IMU1,28851,302355480,-1226,-1099,1501,828,-707,1181
IMU1,28852,302366444,-1244,-1044,1791,653,-301,1257
IMU1,28853,302377405,-1143,-956,1877,509,142,1514
IMU1,28854,302388079,-1039,-907,1971,508,159,1634
IMU1,28855,302398736,-930,-951,2351,561,51,1705
IMU1,28856,302409018,-792,-992,2704,736,-183,1726
IMU1,28857,302419569,-751,-982,2701,1017,-483,1686
IMU1,28858,302430314,-773,-964,2350,1271,-736,1593
IMU1,28859,302441099,-888,-906,2111,1367,-861,1493
IMU1,28860,302451851,-967,-862,2079,1320,-888,1423
IMU1,28861,302462594,-1032,-809,2200,1210,-854,1395
IMU1,28862,302474075,-1287,-691,2343,961,-752,1460
IMU1,28863,302484831,-1311,-642,2459,881,-810,1558
IMU1,28864,302495577,-1309,-587,2465,846,-897,1655
IMU1,28865,302506329,-1359,-540,2382,811,-946,1745
IMU1,28866,302517093,-1396,-489,2169,725,-909,1823
IMU1,28867,302527853,-1449,-457,2061,563,-803,1891
IMU1,28868,302538619,-1447,-483,2054,357,-670,1951
IMU1,28869,302549371,-1413,-523,2407,176,-551,1978
IMU1,28870,302560133,-1230,-512,2456,92,-634,1858
IMU1,28871,302570700,-1278,-525,2463,130,-762,1689
IMU1,28872,302581470,-1268,-468,2265,183,-920,1514
IMU1,28873,302592244,-1282,-389,2141,193,-1030,1353
IMU1,28874,302603181,-1327,-347,2034,159,-1028,1217
IMU1,28875,302614140,-1453,-298,2071,102,-956,1120
IMU1,28876,302627453,-1529,-250,2140,32,-730,1069
IMU1,28877,302638015,-1525,-231,2172,11,-595,1079
IMU1,28878,302648588,-1507,-201,2258,17,-499,1084
IMU1,28879,302659140,-1477,-189,2326,54,-470,1087
IMU1,28880,302669703,-1472,-140,2372,114,-485,1082
IMU1,28881,302680459,-1498,-79,2428,185,-480,1077
IMU1,28882,302691015,-1589,-37,2464,265,-449,1093
IMU1,28883,302701589,-1670,71,2504,340,-383,1154
IMU1,28884,302712062,-1785,179,2556,403,-300,1254
IMU1,28885,302722732,-2110,507,2788,464,-212,1398
IMU1,28886,302733390,-2284,623,2974,587,89,1877
IMU1,28887,302743769,-2478,703,3205,665,219,2177
IMU1,28888,302754338,-2560,803,3346,768,320,2485
IMU1,28889,302764902,-2661,927,3348,855,421,2785
IMU1,28890,302775472,-2705,1046,3410,903,551,3042
IMU1,28891,302786264,-2736,1216,3503,926,681,3219
IMU1,28892,302797033,-2791,1415,3727,954,793,3304
IMU1,28893,302807815,-2845,1591,3889,1029,884,3317
IMU1,28894,302818788,-2688,1972,3975,1144,944,3258
IMU1,28895,302829761,-2649,2187,3675,1318,988,2797
IMU1,28896,302840733,-2655,2391,3351,1281,703,2334
IMU1,28897,302851714,-2363,2666,3305,1209,246,1730
IMU1,28898,302862681,-2160,2930,3110,1193,-80,926
IMU1,28899,302873360,-2384,3353,2753,1215,-216,-49
IMU1,28900,302884135,-2573,3691,2583,1235,-264,-1150
IMU1,28901,302895291,-2503,3727,2739,1278,23,-2377
IMU1,28902,302906701,-1532,3262,2918,1654,1194,-5415
IMU1,28903,302917982,-884,3018,2823,1994,1832,-7234
IMU1,28904,302929071,-573,2843,2428,2303,2454,-9166
IMU1,28905,302940158,-266,2852,2053,2432,2940,-11085
IMU1,28906,302951452,-194,2762,1985,2371,3334,-12913
IMU1,28907,302962726,-62,2446,1993,2219,3959,-14501
IMU1,28908,302973812,-956,2268,2362,2081,7302,-16813
IMU1,28909,302985102,-1754,3185,2978,2376,9375,-17613
IMU1,28910,302996608,-2633,4366,4832,3054,10687,-18379
IMU1,28911,303008304,-3716,5343,6976,4136,10383,-19177
IMU1,28912,303020019,-4448,5226,7071,5267,8026,-19473
IMU1,28913,303031519,-3255,3407,4520,4919,-185,-19255
IMU1,28914,303042910,-3119,2576,3049,3566,-3180,-18645
IMU1,28915,303054501,-3058,3273,1419,2040,-4531,-17442
IMU1,28916,303066083,-2608,4229,-862,616,-3801,-15692
IMU1,28917,303077356,-2088,4761,-1368,-525,-1166,-13499
IMU1,28918,303088933,-711,5000,-773,-1115,4566,-8534
IMU1,28919,303100029,16,4547,749,-936,5830,-6108
IMU1,28920,303110538,928,3562,2137,-540,5513,-3884
IMU1,28921,303121408,1452,2549,3392,-71,3811,-1984
IMU1,28922,303132281,1808,1920,3821,416,1593,-554
IMU1,28923,303143053,1781,1663,3489,744,-234,295
IMU1,28924,303153617,1730,1544,2592,728,-1241,626
IMU1,28925,303164390,1639,1368,1688,283,-1420,602
IMU1,28926,303175153,1486,845,1260,-1318,-379,270
IMU1,28927,303185821,1557,712,1253,-2029,119,228
IMU1,28928,303196403,1626,714,1352,-2543,415,301
IMU1,28929,303206977,1592,668,1323,-2858,538,487
IMU1,28930,303217535,1572,603,1447,-3007,466,801
IMU1,28931,303228109,1690,426,1567,-2967,236,1176
IMU1,28932,303238879,1739,272,1643,-2761,-67,1527
IMU1,28933,303249538,1746,59,1688,-2435,-377,1802
IMU1,28934,303260201,1660,-135,1269,-2114,-651,1974
IMU1,28935,303271156,1703,-690,1720,-1792,-931,1960
IMU1,28936,303282118,1660,-851,1559,-1031,-988,1727
IMU1,28937,303293081,1571,-939,1403,-743,-1040,1426
# swing_peak_seq=28911
IMU1,28938,303304053,1564,-984,1249,-521,-1060,1091
IMU1,28939,303315016,1567,-1008,1208,-352,-1050,764
IMU1,28940,303325982,1540,-1016,1060,-197,-1029,468
IMU1,28941,303336948,1440,-988,960,-55,-992,244
IMU1,28942,303347111,1371,-960,870,77,-934,121
IMU1,28943,303357199,1345,-972,1071,206,-846,92
IMU1,28944,303367995,1317,-1006,1113,542,-646,167
IMU1,28945,303378654,1316,-1035,1110,699,-602,220
IMU1,28946,303389321,1309,-1066,1149,797,-594,245
IMU1,28947,303399991,1293,-1109,1234,853,-605,264
IMU1,28948,303410668,1275,-1155,1313,896,-637,279
IMU1,28949,303421354,1272,-1179,1356,925,-695,293
IMU1,28950,303432042,1237,-1204,1369,936,-758,306
IMU1,28951,303442703,1178,-1211,1375,925,-817,335
IMU1,28952,303453366,1105,-1179,1388,886,-866,417
IMU1,28953,303464553,1035,-1170,1427,748,-912,603
IMU1,28954,303475232,1050,-1159,1447,673,-928,691
IMU1,28955,303485893,1018,-1119,1406,594,-961,774
IMU1,28956,303496575,1073,-1073,1427,509,-1014,870
IMU1,28957,303507447,1198,-1080,1571,444,-1075,926
IMU1,28958,303518328,1110,-1017,1550,428,-1170,949
IMU1,28959,303529212,1014,-959,1519,439,-1364,1001
IMU1,28960,303540078,1006,-865,1602,471,-1565,1102
IMU1,28961,303550934,920,-818,1567,617,-1834,1337
IMU1,28962,303561614,891,-728,1490,701,-2004,1474
IMU1,28963,303572273,915,-643,1337,755,-2134,1635
IMU1,28964,303582944,870,-600,1247,767,-2201,1804
IMU1,28965,303593625,734,-561,1174,747,-2263,2004
IMU1,28966,303604295,655,-522,1084,712,-2329,2252
IMU1,28967,303614964,614,-498,1009,666,-2379,2534
IMU1,28968,303628206,403,-574,1069,588,-2367,3145
IMU1,28969,303638877,309,-676,1132,580,-2355,3471
IMU1,28970,303649559,229,-793,1169,609,-2341,3768
IMU1,28971,303660242,143,-906,1166,633,-2308,4034
IMU1,28972,303670920,66,-1042,1146,629,-2298,4270
IMU1,28973,303681601,-18,-1154,1114,589,-2315,4466
IMU1,28974,303692366,-92,-1234,1012,491,-2318,4624
IMU1,28975,303703144,-185,-1285,812,317,-2279,4748
IMU1,28976,303714432,-364,-1431,754,-176,-2113,4941
IMU1,28977,303725306,-404,-1496,764,-430,-2089,4987
IMU1,28978,303736163,-398,-1586,900,-613,-2244,4952
IMU1,28979,303747043,-379,-1662,1089,-673,-2577,4836
IMU1,28980,303758097,-366,-1692,1229,-586,-3005,4648
IMU1,28981,303769164,-448,-1671,1258,-377,-3439,4405
IMU1,28982,303780233,-602,-1630,1227,-104,-3820,4149
IMU1,28983,303791297,-843,-1629,1092,477,-4344,3723
IMU1,28984,303802273,-961,-1623,859,682,-4337,3578
IMU1,28985,303813037,-1021,-1636,544,761,-4099,3476
IMU1,28986,303824015,-1015,-1605,274,696,-3716,3424
IMU1,28987,303834971,-1035,-1577,203,525,-3273,3413
IMU1,28988,303845948,-1050,-1600,332,325,-2892,3434
IMU1,28989,303856906,-991,-1618,631,187,-2668,3457
IMU1,28990,303868192,-902,-1632,1196,251,-2574,3402
IMU1,28991,303879164,-956,-1614,1338,408,-2646,3326
IMU1,28992,303890131,-1034,-1581,1337,589,-2745,3243
IMU1,28993,303901305,-1112,-1585,1258,735,-2764,3165
IMU1,28994,303912507,-1138,-1583,1083,803,-2671,3092
IMU1,28995,303923693,-1048,-1518,938,765,-2496,3004
IMU1,28996,303934664,-943,-1446,1069,642,-2123,2727
IMU1,28997,303945630,-983,-1352,1155,398,-2017,2584
IMU1,28998,303956595,-1080,-1247,1212,331,-1930,2477
IMU1,28999,303967767,-1187,-1261,1468,299,-1864,2436
IMU1,29000,303978952,-1165,-1286,1901,369,-1898,2440
IMU1,29001,303990128,-973,-1194,2085,582,-2063,2422
IMU1,29002,304001110,-928,-1142,2038,861,-2255,2329
IMU1,29003,304012073,-999,-1109,1658,1252,-2376,2098
IMU1,29004,304023240,-1006,-1059,1511,1291,-2275,2014
IMU1,29005,304034594,-973,-998,1511,1261,-2091,1936
IMU1,29006,304045556,-964,-923,1679,1219,-1880,1876
IMU1,29007,304056524,-969,-856,1893,1236,-1721,1845
IMU1,29008,304067481,-1000,-809,2088,1331,-1620,1844
IMU1,29009,304078621,-992,-657,2135,1467,-1523,1877
IMU1,29010,304089589,-1018,-615,2008,1638,-1413,1968
IMU1,29011,304100743,-990,-603,1877,1592,-1379,2008
IMU1,29012,304111709,-960,-572,1819,1456,-1299,2027
IMU1,29013,304122664,-918,-586,1910,1272,-1164,2021
IMU1,29014,304133642,-838,-611,2015,1103,-1036,1996
IMU1,29015,304144593,-756,-631,2111,975,-933,1930
IMU1,29016,304155158,-646,-631,2337,891,-878,1832
IMU1,29017,304166247,-587,-515,2349,850,-1016,1509
IMU1,29018,304177011,-667,-440,2319,858,-1139,1344
IMU1,29019,304187763,-727,-376,2292,842,-1213,1212
IMU1,29020,304198519,-800,-281,2268,810,-1220,1116
IMU1,29021,304209270,-828,-225,2269,753,-1169,1061
IMU1,29022,304220030,-850,-191,2292,687,-1059,1021
IMU1,29023,304230786,-792,-172,2342,621,-958,988
IMU1,29024,304241152,-808,-123,2421,567,-853,948
IMU1,29025,304251505,-795,-80,2438,532,-784,918
IMU1,29026,304262719,-674,-90,2456,500,-666,860
IMU1,29027,304272874,-630,-99,2450,485,-633,811
IMU1,29028,304283034,-564,-101,2462,468,-653,744
IMU1,29029,304293391,-519,-89,2454,440,-681,664
IMU1,29030,304303547,-523,-48,2457,406,-697,600
IMU1,29031,304313714,-682,80,2546,376,-688,562
IMU1,29032,304323783,-483,-9,2349,353,-687,594
IMU1,29033,304333748,-409,155,2597,318,-576,644
IMU1,29034,304344002,-490,171,2633,328,-398,689
IMU1,29035,304354247,-505,245,2615,351,-365,769
IMU1,29036,304364501,-454,307,2648,368,-411,855
IMU1,29037,304374761,-445,378,2684,399,-396,934
IMU1,29038,304385030,-460,479,2735,440,-351,1019
IMU1,29039,304395489,-496,646,2850,501,-286,1103
IMU1,29040,304406995,-662,1027,3149,710,-84,1283
IMU1,29041,304417462,-837,1252,3266,864,10,1389
IMU1,29042,304427816,-1023,1636,3264,1014,134,1519
IMU1,29043,304438779,-1240,1964,3360,1143,239,1654
IMU1,29044,304449738,-1357,2263,3470,1278,305,1786
IMU1,29045,304460711,-1472,2564,3506,1410,364,1888
IMU1,29046,304471690,-1627,2810,3420,1509,361,1944
IMU1,29047,304482657,-1861,3327,3193,1553,267,1938
IMU1,29048,304493636,-2115,3525,2940,1427,4,1663
IMU1,29049,304504210,-2375,3711,2599,1237,-176,1385
IMU1,29050,304515285,-2445,3957,2329,949,-379,973
IMU1,29051,304525960,-2557,4226,2556,637,-498,365
IMU1,29052,304536652,-2775,4334,2799,442,-418,-411
IMU1,29053,304547427,-2939,4389,2961,390,-99,-1315
IMU1,29054,304558201,-2794,4065,2983,435,498,-2375
IMU1,29055,304569082,-1689,2865,3632,531,1401,-3697
IMU1,29056,304580156,-1273,2347,3844,1153,3096,-7560
IMU1,29057,304591450,-1002,1989,3464,1601,3213,-10026
IMU1,29058,304602913,-999,1624,2572,1833,3181,-12612
IMU1,29059,304614199,-1274,1632,1977,1736,3669,-15079
IMU1,29060,304628155,-2370,2417,2648,1632,5379,-19057
IMU1,29061,304639651,-2777,3183,3044,2016,6351,-20499
IMU1,29062,304651171,-3408,4107,3279,2609,7522,-21587
IMU1,29063,304662657,-4848,5203,3853,3257,8568,-22304
IMU1,29064,304674132,-6254,5898,4274,3707,8111,-22552
IMU1,29065,304685633,-7421,5584,4640,2860,1687,-21459
IMU1,29066,304697119,-6409,5116,3494,1802,-1221,-19924
IMU1,29067,304708708,-5446,5578,1881,770,-1974,-17773
IMU1,29068,304720095,-3846,6459,615,29,-694,-15307
IMU1,29069,304730863,-2043,6686,-15,-337,1580,-12973
IMU1,29070,304741928,-695,6373,1097,-346,3452,-11027
IMU1,29071,304753128,801,5597,1202,494,4430,-7706
IMU1,29072,304763903,695,4730,1777,857,4350,-5819
IMU1,29073,304774689,563,3265,3085,1153,3801,-3723
IMU1,29074,304785665,713,2063,4407,1525,2290,-1714
IMU1,29075,304796638,1221,1538,4488,1934,153,-276
IMU1,29076,304807411,1267,1408,3494,2044,-1508,352
IMU1,29077,304818378,1128,1377,2208,1601,-2069,382
IMU1,29078,304829343,1097,898,1235,-613,-801,-117
IMU1,29079,304839904,1101,762,1351,-1768,-119,-199
IMU1,29080,304850662,1163,761,1345,-2699,278,-32
IMU1,29081,304861119,1144,758,1376,-3412,458,337
IMU1,29082,304871695,1153,627,1543,-3923,424,850
IMU1,29083,304882267,1275,391,1706,-4195,234,1372
IMU1,29084,304893039,1458,100,1944,-4226,-59,1781
IMU1,29085,304903704,1597,-187,2232,-4008,-432,2000
IMU1,29086,304914662,1612,-420,2428,-3556,-839,2020
IMU1,29087,304925615,1447,-763,2193,-2280,-1241,1652
IMU1,29088,304936773,1475,-898,1920,-1680,-1159,1362
IMU1,29089,304947930,1466,-1010,1732,-1183,-1016,991
IMU1,29090,304959083,1409,-1080,1596,-789,-991,599
# swing_peak_seq=29064
IMU1,29091,304969863,1346,-1091,1398,-470,-1062,248
IMU1,29092,304980813,1256,-1088,1213,-231,-1133,4
IMU1,29093,304991369,1191,-1037,1061,-64,-1149,-119
IMU1,29094,305002226,1101,-980,1080,45,-1043,-147
IMU1,29095,305012783,1111,-984,1149,193,-971,-112
IMU1,29096,305023353,1126,-992,1161,261,-862,-79
IMU1,29097,305033735,1123,-1007,1217,315,-713,-44
IMU1,29098,305044302,1090,-1008,1298,355,-546,2
IMU1,29099,305054572,1078,-993,1325,377,-421,71
IMU1,29100,305064843,1084,-986,1362,368,-383,150
IMU1,29101,305075309,988,-996,1338,326,-450,249
IMU1,29102,305085565,926,-1015,1347,252,-616,390
IMU1,29103,305096041,878,-1037,1355,164,-799,572
IMU1,29104,305106512,826,-1073,1376,72,-940,777
IMU1,29105,305116797,789,-1112,1382,-17,-1042,989
IMU1,29106,305127900,874,-1098,1295,-202,-1225,1296
IMU1,29107,305138862,747,-923,962,-331,-1314,1375
IMU1,29108,305149439,546,-904,681,-579,-1326,1479
IMU1,29109,305160029,46,-843,394,-936,-1245,1674
IMU1,29110,305170379,844,-1142,1520,-1338,-1140,2078
IMU1,29111,305181547,1226,-1115,1826,-1419,-1104,2062
IMU1,29112,305192925,1095,-1123,1928,-1288,-1133,1897
IMU1,29113,305204290,464,-850,1697,-1100,-1991,1693
IMU1,29114,305215249,469,-722,1677,-676,-2372,1748
IMU1,29115,305226024,480,-641,1724,-400,-2525,1860
IMU1,29116,305236784,448,-637,1524,-82,-2602,1999
IMU1,29117,305247353,437,-616,1275,209,-2705,2177
IMU1,29118,305258046,377,-590,1060,418,-2805,2380
IMU1,29119,305268720,199,-662,994,535,-2885,2596
IMU1,29120,305279190,-41,-788,926,594,-2989,2846
IMU1,29121,305289578,-173,-853,779,611,-3129,3142
IMU1,29122,305300159,-194,-1045,503,588,-3266,3736
IMU1,29123,305310925,-215,-1172,638,475,-3458,3972
IMU1,29124,305321704,-243,-1244,764,465,-3524,4155
IMU1,29125,305332464,-298,-1281,759,493,-3542,4282
IMU1,29126,305343228,-381,-1301,669,514,-3544,4379
IMU1,29127,305354004,-495,-1298,646,508,-3550,4475
IMU1,29128,305364773,-600,-1357,638,496,-3522,4582
IMU1,29129,305375547,-673,-1415,635,480,-3436,4707
IMU1,29130,305386334,-662,-1513,771,456,-3363,4822
IMU1,29131,305397628,-504,-1539,762,381,-3282,4862
IMU1,29132,305408407,-490,-1519,747,300,-3198,4776
IMU1,29133,305419177,-546,-1528,861,203,-3110,4654
IMU1,29134,305429954,-637,-1550,955,138,-3085,4520
IMU1,29135,305440739,-708,-1582,1034,118,-3143,4389
IMU1,29136,305451712,-748,-1645,1119,141,-3301,4254
IMU1,29137,305462678,-743,-1638,1218,207,-3504,4101
IMU1,29138,305473642,-757,-1633,1271,436,-3903,3713
IMU1,29139,305484615,-772,-1578,1030,518,-4003,3500
IMU1,29140,305495596,-945,-1620,1018,498,-3910,3284
IMU1,29141,305506567,-1067,-1680,1456,464,-3693,3128
IMU1,29142,305517730,-907,-1581,1497,538,-3523,2999
IMU1,29143,305528719,-926,-1552,1640,662,-3412,2819
IMU1,29144,305539693,-993,-1487,1710,808,-3360,2627
IMU1,29145,305550656,-1274,-1349,1809,1097,-3426,2353
IMU1,29146,305562043,-1257,-1254,1735,1209,-3394,2297
IMU1,29147,305573403,-1407,-1250,1697,1263,-3233,2258
IMU1,29148,305584766,-1364,-1183,1532,1260,-2998,2250
IMU1,29149,305596138,-1255,-1088,1511,1196,-2732,2229
IMU1,29150,305607528,-1182,-956,1850,1108,-2410,2167
IMU1,29151,305618701,-1125,-921,1979,1017,-1887,1999
IMU1,29152,305632420,-1024,-871,2136,1028,-1854,1905
IMU1,29153,305643587,-950,-779,2278,1065,-1889,1788
IMU1,29154,305654555,-927,-723,2298,1112,-1942,1656
IMU1,29155,305665525,-1007,-668,2182,1134,-1968,1535
IMU1,29156,305676677,-1036,-614,2232,1018,-1811,1399
IMU1,29157,305687855,-1041,-581,2311,933,-1632,1359
IMU1,29158,305698824,-982,-600,2310,850,-1407,1342
IMU1,29159,305709591,-923,-595,2361,752,-1180,1331
IMU1,29160,305720381,-855,-589,2555,652,-1028,1299
IMU1,29161,305731144,-805,-592,2671,587,-1028,1241
IMU1,29162,305741910,-755,-547,2741,556,-1138,1169
IMU1,29163,305753210,-802,-427,2670,530,-1358,1014
IMU1,29164,305763977,-878,-408,2547,490,-1349,984
IMU1,29165,305774547,-879,-345,2393,420,-1231,992
IMU1,29166,305785120,-833,-284,2370,321,-1025,1000
IMU1,29167,305795882,-807,-234,2513,238,-812,993
IMU1,29168,305806244,-902,-228,2738,224,-691,994
IMU1,29169,305816609,-970,-160,2827,305,-676,1026
IMU1,29170,305827172,-1012,-51,2721,432,-719,1095
IMU1,29171,305837751,-1049,-13,2582,532,-737,1193
IMU1,29172,305848330,-1038,-23,2225,586,-665,1430
IMU1,29173,305858895,-979,-49,2160,498,-295,1513
IMU1,29174,305869260,-905,-99,2185,400,-105,1543
IMU1,29175,305879623,-830,-116,2270,325,27,1514
IMU1,29176,305889902,-783,-128,2423,303,61,1439
IMU1,29177,305900179,-753,-130,2490,353,4,1342
IMU1,29178,305910258,-752,-105,2433,439,-101,1234
IMU1,29179,305920837,-786,-66,2373,528,-205,1128
IMU1,29180,305931194,-833,-51,2323,607,-252,1043
IMU1,29181,305941564,-888,-20,2323,677,-234,995
IMU1,29182,305951734,-945,10,2313,751,-169,981
IMU1,29183,305961821,-1012,60,2350,828,-64,996
IMU1,29184,305971898,-1079,137,2392,915,114,1034
IMU1,29185,305982475,-1166,211,2555,1003,314,1090
IMU1,29186,305993781,-1376,531,2818,1207,580,1206
IMU1,29187,306004557,-1380,468,2841,1323,566,1242
IMU1,29188,306015328,-1351,711,3020,1418,498,1217
IMU1,29189,306026122,-1464,851,3102,1478,459,1108
IMU1,29190,306036909,-1606,1011,3142,1512,373,953
IMU1,29191,306047701,-1781,1272,3219,1538,285,784
IMU1,29192,306058501,-2011,1528,3271,1583,257,623
IMU1,29193,306069281,-2382,2005,3138,1649,198,482
IMU1,29194,306080057,-2454,2236,3168,1794,28,199
IMU1,29195,306090633,-2528,2506,3236,1882,30,-10
IMU1,29196,306101113,-2593,2812,3545,1981,81,-306
IMU1,29197,306111795,-2732,2886,3836,2102,193,-674
IMU1,29198,306122693,-2734,2962,4062,2214,389,-1105
IMU1,29199,306133783,-2757,3111,4042,2234,596,-1663
IMU1,29200,306144882,-2774,3355,3708,2063,626,-2420
IMU1,29201,306155967,-2947,4059,2394,1634,469,-3415
IMU1,29202,306167057,-3050,4314,1632,70,451,-5941
IMU1,29203,306177749,-2589,4110,1599,-797,1135,-7380
IMU1,29204,306188923,-1669,3655,2115,-1288,2354,-9062
IMU1,29205,306200287,-635,3174,2729,-1168,3714,-11027
IMU1,29206,306211682,507,2727,3495,-439,4818,-13271
IMU1,29207,306222763,1152,2265,3809,756,5483,-15737
IMU1,29208,306233962,553,2996,3735,3178,6336,-20554
IMU1,29209,306245178,-1296,3747,3550,3933,6435,-22452
IMU1,29210,306256655,-4532,5594,3371,4170,5423,-23484
IMU1,29211,306268153,-6809,6546,2274,3594,3026,-23363
IMU1,29212,306279659,-7084,5938,1468,2029,373,-22109
IMU1,29213,306290949,-4679,5029,1128,167,-756,-17459
IMU1,29214,306302143,-3170,5422,770,-1690,593,-14802
IMU1,29215,306313343,-1335,5741,178,-1672,2296,-12460
IMU1,29216,306324732,-334,5433,667,-1441,3254,-10678
IMU1,29217,306335906,384,4996,1639,-955,3592,-9155
IMU1,29218,306346822,754,4467,2179,-207,3779,-7612
IMU1,29219,306357728,923,2699,3929,614,3826,-5948
IMU1,29220,306368545,1368,2045,3992,2090,1911,-2799
IMU1,29221,306379742,1263,1698,3440,2417,111,-1730
IMU1,29222,306390740,1002,1532,2661,2298,-1277,-1016
IMU1,29223,306402018,952,1394,1777,1754,-1780,-541
IMU1,29224,306412886,960,1246,1228,843,-1592,-258
IMU1,29225,306423547,933,1072,1047,-263,-1112,-104
IMU1,29226,306434315,994,866,1029,-1381,-547,5
IMU1,29227,306445426,1175,443,1664,-3144,374,217
IMU1,29228,306456003,1331,286,1952,-3594,419,338
IMU1,29229,306466575,1459,235,2122,-3739,219,470
IMU1,29230,306477151,1538,198,2176,-3634,-80,617
IMU1,29231,306487639,1606,94,2183,-3329,-374,750
IMU1,29232,306498115,1574,-32,2213,-2874,-588,862
IMU1,29233,306508699,1540,-156,2124,-2317,-664,940
IMU1,29234,306519490,1526,-267,2063,-1737,-613,971
IMU1,29235,306530273,1582,-400,1996,-1185,-532,919
IMU1,29236,306541063,1559,-661,1871,-690,-547,534
# swing_peak_seq=29210
IMU1,29237,306551649,1525,-719,1720,64,-608,293
IMU1,29238,306561940,1450,-748,1560,290,-657,76
IMU1,29239,306572210,1358,-738,1456,429,-645,-91
IMU1,29240,306582576,1264,-730,1420,503,-608,-174
IMU1,29241,306593151,1206,-730,1441,544,-581,-153
IMU1,29242,306603722,1211,-754,1456,569,-575,-61
IMU1,29243,306614097,1186,-750,1510,572,-591,68
IMU1,29244,306624388,1172,-775,1579,556,-628,213
IMU1,29245,306637435,1225,-902,1585,460,-698,455
IMU1,29246,306647921,1227,-1001,1603,360,-700,539
IMU1,29247,306658591,1202,-1037,1617,238,-728,596
IMU1,29248,306669266,1143,-1058,1627,105,-762,623
IMU1,29249,306679941,1105,-1069,1600,-32,-803,655
IMU1,29250,306690515,1087,-1062,1574,-177,-839,703
IMU1,29251,306701289,1066,-1057,1555,-315,-874,766
IMU1,29252,306712070,1056,-1044,1551,-435,-927,838
IMU1,29253,306722840,1048,-1018,1520,-532,-992,907
IMU1,29254,306734126,746,-847,937,-752,-1052,1061
IMU1,29255,306744697,4,-711,48,-1066,-1005,1352
IMU1,29256,306754863,1342,-1082,1983,-1536,-865,1832
IMU1,29257,306766034,1550,-1254,2536,-1526,-698,1732
IMU1,29258,306777222,1310,-1138,2149,-1231,-808,1463
IMU1,29259,306788401,907,-857,1803,-1004,-1524,1259
IMU1,29260,306799379,873,-750,2123,-825,-2293,1177
IMU1,29261,306810160,805,-588,1933,-552,-2663,1267
IMU1,29262,306820934,645,-607,1684,43,-2930,1423
IMU1,29263,306831402,622,-598,1584,262,-3093,1646
IMU1,29264,306842084,560,-569,1553,420,-3214,1888
IMU1,29265,306852749,460,-532,1350,526,-3307,2129
IMU1,29266,306863432,374,-503,1063,555,-3423,2382
IMU1,29267,306874127,306,-441,833,497,-3543,2659
IMU1,29268,306884603,212,-366,652,370,-3574,2950
IMU1,29269,306895078,138,-345,542,205,-3482,3258
IMU1,29270,306905548,111,-375,518,45,-3330,3573
IMU1,29271,306916881,98,-534,689,-143,-3049,4130
IMU1,29272,306927257,57,-649,816,-122,-2955,4355
IMU1,29273,306937639,-46,-724,891,-31,-2927,4550
IMU1,29274,306947914,-155,-768,891,98,-2977,4728
IMU1,29275,306958302,-242,-834,849,241,-3112,4893
IMU1,29276,306968885,-301,-928,884,392,-3317,5028
IMU1,29277,306979475,-327,-1072,1013,567,-3546,5127
IMU1,29278,306990453,-385,-1213,1096,782,-3760,5177
IMU1,29279,307001447,-496,-1278,1079,1001,-3929,5179
IMU1,29280,307012631,-761,-1265,907,1294,-4064,5088
IMU1,29281,307023621,-877,-1166,825,1325,-4011,5039
IMU1,29282,307034606,-959,-1063,777,1305,-3921,4978
IMU1,29283,307045600,-893,-1039,773,1257,-3871,4896
IMU1,29284,307056584,-816,-1034,808,1230,-3887,4765
IMU1,29285,307067567,-739,-1065,877,1248,-3939,4583
IMU1,29286,307078555,-794,-1107,982,1322,-3991,4375
IMU1,29287,307089547,-1214,-1197,935,1560,-3912,4060
IMU1,29288,307100745,-1239,-1175,790,1599,-3639,3981
IMU1,29289,307111954,-1364,-1069,803,1526,-3223,3901
IMU1,29290,307123137,-1397,-1012,842,1377,-2784,3811
IMU1,29291,307134335,-1262,-1016,919,1172,-2430,3690
IMU1,29292,307145538,-1179,-1036,1294,957,-2189,3479
IMU1,29293,307156740,-1254,-1162,2079,865,-2136,2916
IMU1,29294,307167940,-1368,-1205,2242,994,-2264,2623
IMU1,29295,307179134,-1462,-1158,2198,1158,-2347,2366
IMU1,29296,307190550,-1554,-1103,2102,1281,-2323,2149
IMU1,29297,307201950,-1626,-1062,2011,1321,-2247,1971
IMU1,29298,307213266,-1594,-1012,2026,1284,-2158,1817
IMU1,29299,307224602,-1482,-1000,2205,1126,-1846,1487
IMU1,29300,307235937,-1453,-999,2261,1029,-1652,1314
IMU1,29301,307247076,-1441,-989,2300,922,-1458,1132
IMU1,29302,307258027,-1466,-955,2341,795,-1283,974
IMU1,29303,307268780,-1544,-913,2514,672,-1164,867
IMU1,29304,307279545,-1552,-870,2686,608,-1141,817
IMU1,29305,307290305,-1429,-828,2723,613,-1196,808
IMU1,29306,307301576,-1366,-858,2653,699,-1229,819
IMU1,29307,307312332,-1250,-805,2361,695,-1233,808
IMU1,29308,307323086,-1113,-829,2349,617,-1203,754
IMU1,29309,307333850,-978,-839,2331,505,-1153,678
IMU1,29310,307344408,-863,-808,2363,401,-1107,574
IMU1,29311,307354957,-803,-767,2374,319,-1096,467
IMU1,29312,307365524,-776,-705,2341,260,-1103,381
IMU1,29313,307376082,-741,-663,2278,207,-1108,328
IMU1,29314,307386622,-691,-645,2301,148,-1128,309
IMU1,29315,307397694,-682,-631,2358,90,-1302,315
IMU1,29316,307408060,-708,-610,2346,128,-1374,364
IMU1,29317,307418602,-683,-634,2237,193,-1378,434
IMU1,29318,307429160,-622,-598,2124,238,-1271,519
IMU1,29319,307439729,-644,-586,2023,239,-1057,598
IMU1,29320,307450292,-661,-600,1953,200,-864,678
IMU1,29321,307460644,-627,-578,1985,137,-737,763
IMU1,29322,307470999,-583,-574,2097,83,-641,840
IMU1,29323,307481151,-534,-575,2172,63,-609,900
IMU1,29324,307491323,-487,-562,2256,78,-652,945
IMU1,29325,307501477,-466,-528,2301,122,-733,976
IMU1,29326,307511842,-503,-487,2225,193,-812,1000
IMU1,29327,307522918,-503,-453,2173,301,-863,1108
IMU1,29328,307533477,-516,-431,2169,327,-819,1181
IMU1,29329,307544025,-539,-427,2210,351,-736,1260
IMU1,29330,307554584,-570,-417,2323,382,-639,1354
IMU1,29331,307565150,-623,-392,2484,443,-554,1448
IMU1,29332,307575715,-685,-306,2655,549,-503,1541
IMU1,29333,307586284,-790,-265,2768,697,-476,1644
IMU1,29334,307596843,-883,-161,2778,856,-444,1769
IMU1,29335,307607387,-1014,-44,2839,999,-398,1918
IMU1,29336,307617960,-1316,142,3046,1139,-326,2327
IMU1,29337,307628814,-1487,262,3110,1436,-78,2581
IMU1,29338,307642035,-1593,387,3186,1571,101,2835
IMU1,29339,307652823,-1754,514,3206,1694,325,3086
IMU1,29340,307663584,-1927,652,3270,1785,597,3322
IMU1,29341,307674356,-2109,680,3144,1828,881,3516
IMU1,29342,307685146,-2242,964,2971,1755,1218,3621
IMU1,29343,307696123,-2296,1062,3086,1316,1539,3412
IMU1,29344,307707296,-2181,1338,3131,1102,1129,2970
IMU1,29345,307718481,-2098,1609,3161,949,477,2277
IMU1,29346,307729246,-2301,1891,3073,871,-103,1412
IMU1,29347,307740121,-2831,2174,2976,862,-354,529
IMU1,29348,307750796,-3272,2624,2753,905,-168,-257
IMU1,29349,307761556,-3726,3091,3301,990,391,-987
IMU1,29350,307772766,-4049,3744,3498,1497,1976,-2496
IMU1,29351,307784060,-4019,4155,3520,1799,2567,-3518
IMU1,29352,307795330,-4032,4410,3185,1947,2998,-4853
IMU1,29353,307806620,-3713,4376,2628,1844,3610,-6558
IMU1,29354,307817916,-3098,4048,2691,1537,4486,-8719
IMU1,29355,307829206,-1699,3160,4193,1355,5325,-11349
IMU1,29356,307840694,-1703,3021,4189,2010,6312,-17299
IMU1,29357,307852171,-2003,3263,4240,2488,6695,-19993
IMU1,29358,307863656,-2740,3921,4650,3030,7237,-22297
IMU1,29359,307875162,-4419,5076,5215,3768,7400,-24147
IMU1,29360,307886673,-6448,6044,3656,4524,6389,-25305
IMU1,29361,307898177,-8846,6149,1951,4094,1937,-24467
IMU1,29362,307909664,-7245,5182,1313,2864,874,-22233
IMU1,29363,307920958,-6101,5631,324,1817,1137,-19338
IMU1,29364,307932240,-4342,6055,-397,1093,1796,-16118
IMU1,29365,307943619,-2807,6276,44,688,2824,-12773
IMU1,29366,307954510,212,6206,509,654,3801,-6568
IMU1,29367,307965105,481,5033,1493,427,3593,-4200
IMU1,29368,307975904,498,3154,3101,203,2950,-2247
IMU1,29369,307986702,910,1712,4699,254,1808,-849
IMU1,29370,307997289,1367,1354,4608,507,201,-267
IMU1,29371,308007869,833,1443,3166,505,-1086,-369
IMU1,29372,308018541,312,1505,1721,-21,-1426,-581
IMU1,29373,308029124,274,1377,1035,-941,-856,-577
IMU1,29374,308039676,650,1077,1063,-1955,-46,-417
IMU1,29375,308050227,961,741,1428,-2809,397,-215
IMU1,29376,308061200,1170,719,1560,-3769,320,396
IMU1,29377,308071768,1302,669,1738,-3858,92,747
IMU1,29378,308082124,1390,575,2010,-3656,-166,1019
IMU1,29379,308092976,1404,384,2260,-3190,-405,1174
IMU1,29380,308103845,1383,104,2385,-2535,-608,1218
IMU1,29381,308114709,1364,-219,2359,-1794,-780,1148
IMU1,29382,308125675,1386,-492,2183,-1083,-952,962
IMU1,29383,308136431,1314,-661,1923,-496,-1126,676
IMU1,29384,308147178,1117,-797,1262,127,-1142,89
IMU1,29385,308157661,1067,-818,1071,192,-995,-100
IMU1,29386,308168217,1068,-796,931,163,-830,-190
# swing_peak_seq=29360
IMU1,29387,308178570,1092,-760,849,77,-683,-187
IMU1,29388,308188721,1138,-727,852,-42,-575,-131
IMU1,29389,308198970,1147,-747,983,-158,-524,-36
IMU1,29390,308209223,1146,-794,1149,-217,-503,86
IMU1,29391,308219586,1136,-897,1321,-208,-484,221
IMU1,29392,308230142,1166,-999,1479,-147,-469,342
IMU1,29393,308240695,1207,-1067,1621,-58,-474,409
IMU1,29394,308251232,1225,-1100,1685,44,-523,414
IMU1,29395,308261682,1217,-1125,1656,134,-612,379
IMU1,29396,308272864,1118,-1140,1570,245,-768,353
IMU1,29397,308283530,1090,-1149,1499,241,-807,396
IMU1,29398,308294190,1060,-1145,1456,205,-845,466
IMU1,29399,308304853,1019,-1168,1447,142,-878,557
IMU1,29400,308315518,1020,-1204,1446,67,-894,646
IMU1,29401,308325986,1028,-1247,1456,-12,-911,718
IMU1,29402,308336559,1040,-1255,1493,-83,-944,768
IMU1,29403,308347128,1047,-1259,1517,-141,-1003,799
IMU1,29404,308358088,1021,-1210,1535,-186,-1077,817
IMU1,29405,308369037,962,-1192,1539,-221,-1215,861
IMU1,29406,308379797,974,-1175,1510,-223,-1254,913
IMU1,29407,308390573,935,-1151,1511,-222,-1292,977
IMU1,29408,308401331,932,-1121,1504,-217,-1354,1055
IMU1,29409,308412293,916,-1091,1547,-209,-1440,1150
IMU1,29410,308423260,894,-1086,1598,-176,-1538,1253
IMU1,29411,308434234,881,-1130,1740,-97,-1658,1356
IMU1,29412,308444990,917,-1194,1707,40,-1828,1511
IMU1,29413,308455663,910,-1210,1652,346,-2239,1555
IMU1,29414,308466544,868,-1192,1590,469,-2404,1585
IMU1,29415,308477434,827,-1151,1487,566,-2549,1610
IMU1,29416,308488319,768,-1075,1299,626,-2645,1652
IMU1,29417,308499175,685,-1040,1171,630,-2644,1728
IMU1,29418,308510046,606,-1013,1046,585,-2563,1836
IMU1,29419,308520916,592,-1030,904,491,-2448,1971
IMU1,29420,308531589,564,-972,833,355,-2334,2281
IMU1,29421,308542051,549,-943,857,81,-2190,2448
IMU1,29422,308552328,517,-877,852,11,-2150,2597
IMU1,29423,308562590,469,-819,799,-11,-2125,2748
IMU1,29424,308572949,403,-784,790,-27,-2102,2911
IMU1,29425,308583316,334,-807,862,-13,-2047,3059
IMU1,29426,308593675,272,-877,1015,36,-2006,3194
IMU1,29427,308604151,295,-980,1144,137,-2030,3300
IMU1,29428,308614827,323,-1066,1144,280,-2117,3356
IMU1,29429,308625693,283,-1152,1099,420,-2237,3376
IMU1,29430,308636570,225,-1222,1039,534,-2379,3376
IMU1,29431,308650007,72,-1318,891,658,-2494,3356
IMU1,29432,308660479,-70,-1364,865,645,-2440,3365
IMU1,29433,308671042,-149,-1407,862,592,-2368,3394
IMU1,29434,308681825,-154,-1457,916,525,-2319,3419
IMU1,29435,308692599,-140,-1537,923,455,-2301,3420
IMU1,29436,308703372,-247,-1543,941,389,-2320,3399
IMU1,29437,308714152,-289,-1516,913,347,-2415,3367
IMU1,29438,308724933,-306,-1470,929,375,-2708,3270
IMU1,29439,308735710,-383,-1460,970,465,-2877,3190
IMU1,29440,308746513,-494,-1490,1020,607,-3030,3110
IMU1,29441,308757483,-619,-1521,1007,789,-3149,3048
IMU1,29442,308768452,-807,-1575,993,973,-3181,2998
IMU1,29443,308779217,-929,-1614,935,1120,-3096,2984
IMU1,29444,308790182,-919,-1668,684,1175,-2844,2980
IMU1,29445,308801148,-671,-1533,319,827,-1951,2809
IMU1,29446,308811897,-745,-1592,581,540,-1606,2634
IMU1,29447,308822659,-851,-1663,883,324,-1424,2482
IMU1,29448,308833405,-890,-1698,1159,229,-1431,2371
IMU1,29449,308844366,-861,-1684,1304,249,-1581,2271
IMU1,29450,308855303,-907,-1645,1389,345,-1776,2158
IMU1,29451,308866252,-1010,-1607,1418,470,-1935,2057
IMU1,29452,308877390,-1113,-1553,1484,599,-2042,2003
IMU1,29453,308888553,-1234,-1572,1484,850,-1964,2054
IMU1,29454,308899712,-1225,-1545,1412,943,-1734,2138
IMU1,29455,308910881,-1182,-1522,1369,966,-1480,2232
IMU1,29456,308922038,-1131,-1468,1402,929,-1283,2296
IMU1,29457,308933186,-1131,-1430,1534,864,-1206,2325
IMU1,29458,308944349,-1265,-1405,1728,809,-1169,2361
IMU1,29459,308955500,-1484,-1295,1732,748,-1087,2568
IMU1,29460,308966657,-1581,-1226,1574,659,-875,2740
IMU1,29461,308977616,-1757,-1121,1497,502,-533,2940
IMU1,29462,308988579,-1904,-1016,1487,300,-151,3193
IMU1,29463,308999560,-1946,-934,1496,93,170,3486
IMU1,29464,309010031,-1926,-854,1573,-100,393,3784
IMU1,29465,309020791,-1912,-812,1698,-256,510,4061
IMU1,29466,309031560,-1812,-829,1868,-346,523,4541
IMU1,29467,309042328,-1674,-819,1830,-348,349,4706
IMU1,29468,309053098,-1599,-825,1727,-305,237,4778
IMU1,29469,309063877,-1494,-806,1627,-244,147,4758
IMU1,29470,309074631,-1411,-747,1612,-156,64,4654
IMU1,29471,309085197,-1405,-658,1699,-12,-15,4467
IMU1,29472,309095650,-1422,-627,1740,203,-124,4232
IMU1,29473,309106418,-1410,-564,1783,476,-289,3962
IMU1,29474,309117188,-1403,-510,1784,774,-461,3660
IMU1,29475,309127973,-1417,-369,1674,1049,-728,2995
IMU1,29476,309138936,-1446,-314,1623,1403,-842,2684
IMU1,29477,309149894,-1456,-269,1584,1439,-883,2414
IMU1,29478,309160863,-1547,-197,1508,1380,-794,2180
IMU1,29479,309171839,-1633,-63,1492,1208,-671,1988
IMU1,29480,309182601,-1604,69,1560,956,-611,1818
IMU1,29481,309193078,-1555,152,1749,685,-664,1647
IMU1,29482,309203747,-1524,220,1934,451,-782,1486
IMU1,29483,309214416,-1467,388,2052,277,-945,1216
IMU1,29484,309225089,-1397,472,1915,35,-1348,1093
IMU1,29485,309235765,-1195,570,1829,-108,-1537,960
IMU1,29486,309246539,-1037,429,1958,-234,-1603,571
IMU1,29487,309257312,-1822,186,1857,-239,-1487,-188
IMU1,29488,309268156,-2360,537,1512,-160,-1511,-626
IMU1,29489,309279026,-1980,976,1259,-200,-1631,-623
IMU1,29490,309289885,-1718,1101,1327,-345,-1389,-531
IMU1,29491,309300931,-1525,703,1863,-480,-1041,-308
IMU1,29492,309311783,-1333,538,2012,-464,-1141,-248
IMU1,29493,309322647,-1279,490,1982,-403,-1343,-203
IMU1,29494,309333498,-1063,492,1881,-384,-1430,-66
IMU1,29495,309344147,-912,381,1807,-420,-1306,139
IMU1,29496,309354693,-836,195,1797,-484,-1110,332
IMU1,29497,309365247,-736,53,1923,-520,-971,455
IMU1,29498,309375399,-649,-43,2112,-487,-911,493
IMU1,29499,309385653,-638,-110,2235,-371,-902,469
IMU1,29500,309396112,-679,-100,2244,-198,-888,439
IMU1,29501,309406562,-774,-6,2175,-48,-831,428
IMU1,29502,309417463,-834,60,2173,88,-641,495
IMU1,29503,309427321,-877,164,2263,76,-598,574
IMU1,29504,309437387,-893,292,2436,42,-606,688
IMU1,29505,309447465,-915,434,2577,26,-641,814
IMU1,29506,309457527,-1017,571,2670,26,-731,954
IMU1,29507,309467796,-1097,766,2745,16,-820,1113
IMU1,29508,309478270,-1204,918,2853,13,-862,1280
IMU1,29509,309488742,-1413,1086,2906,41,-850,1461
IMU1,29510,309499404,-1565,1297,2963,87,-738,1664
IMU1,29511,309510067,-1729,1522,3115,155,-534,1867
IMU1,29512,309520949,-1824,1780,3350,280,-329,2049
IMU1,29513,309531811,-1938,2345,3736,476,-4,2229
IMU1,29514,309542305,-2023,2643,3776,920,119,2214
IMU1,29515,309553096,-2033,2855,3659,1082,135,2113
IMU1,29516,309564087,-1955,3043,3427,1146,32,1908
IMU1,29517,309574875,-1899,3215,3354,1115,-122,1577
IMU1,29518,309585962,-1916,3287,3211,1078,-308,1123
IMU1,29519,309597030,-1837,3526,3225,1063,-556,574
IMU1,29520,309607913,-1880,3587,3006,1085,-704,-83
IMU1,29521,309619205,-1929,3600,2521,1051,-842,-1702
IMU1,29522,309630352,-1833,3449,2555,1021,-475,-2700
IMU1,29523,309641544,-1646,3203,2654,1088,157,-3860
IMU1,29524,309655164,-1321,3023,2700,1277,896,-5177
IMU1,29525,309666255,-752,2826,2022,1562,1673,-6644
IMU1,29526,309677316,-439,2817,1328,2002,2977,-9838
IMU1,29527,309688389,-326,2650,863,1973,3485,-11498
IMU1,29528,309699452,-91,2281,931,1891,4050,-13101
IMU1,29529,309710321,-34,2062,1139,1928,4904,-14579
IMU1,29530,309721393,-105,1949,1554,2170,6014,-15891
IMU1,29531,309732687,-346,2254,2150,2663,7301,-16981
IMU1,29532,309743971,-1524,4510,4263,4178,8792,-18307
IMU1,29533,309755482,-2155,4607,4166,4734,8160,-18428
IMU1,29534,309766983,-3285,5099,4276,4724,6661,-18263
IMU1,29535,309778461,-3291,5225,4522,4236,4636,-17979
IMU1,29536,309789940,-2961,4367,4536,3509,2372,-17638
IMU1,29537,309801431,-1372,3309,2649,1981,-1237,-16342
IMU1,29538,309812989,-831,3410,1223,1309,-1525,-15507
IMU1,29539,309824353,-680,3484,392,868,-463,-14430
IMU1,29540,309835105,-709,3703,-81,857,1647,-12945
IMU1,29541,309845869,-751,4062,-157,1201,3973,-11037
IMU1,29542,309857043,-472,4067,350,1676,5560,-8779
IMU1,29543,309867926,441,2498,1995,2100,5741,-6354
IMU1,29544,309878919,1159,1834,2558,2448,2242,-2120
IMU1,29545,309890106,1123,1434,2522,2334,348,-651
IMU1,29546,309900878,850,1067,2422,1949,-559,315
IMU1,29547,309911452,1118,824,1920,1283,-688,822
IMU1,29548,309922018,1350,599,1408,293,-310,844
IMU1,29549,309932389,1275,241,1405,-874,293,584
IMU1,29550,309942770,1316,-10,1620,-1906,841,334
IMU1,29551,309953236,1425,-46,1767,-2646,1285,216
IMU1,29552,309963894,1511,8,2275,-3088,1560,244
IMU1,29553,309975330,1687,34,2514,-3136,1285,614
IMU1,29554,309985918,1720,-90,2677,-2815,859,888
IMU1,29555,309996384,1718,-289,2693,-2350,371,1160
IMU1,29556,310007263,1678,-553,2652,-1819,-124,1376
IMU1,29557,310018224,1649,-794,2606,-1279,-573,1489
IMU1,29558,310029188,1597,-975,2422,-789,-926,1472
# swing_peak_seq=29532
IMU1,29559,310039962,1476,-1076,2174,-434,-1164,1323
IMU1,29560,310051138,1180,-1200,1733,-222,-1204,847
IMU1,29561,310062108,1104,-1204,1572,-188,-1043,615
IMU1,29562,310073079,1086,-1172,1408,-306,-881,430
IMU1,29563,310083843,1034,-1012,1117,-473,-746,319
IMU1,29564,310094604,850,-1045,1304,-685,-612,334
IMU1,29565,310105156,1176,-1120,1835,-772,-511,473
IMU1,29566,310115939,1296,-1105,1815,-662,-469,566
IMU1,29567,310126703,1201,-1043,1650,-514,-592,579
IMU1,29568,310137475,1130,-1093,1871,-410,-782,568
IMU1,29569,310148258,1064,-1172,1844,-197,-803,504
IMU1,29570,310159020,1040,-1188,1745,-112,-811,486
IMU1,29571,310169790,977,-1174,1633,-97,-809,467
IMU1,29572,310180141,853,-1159,1604,-160,-816,471
IMU1,29573,310190696,786,-1140,1590,-262,-835,516
IMU1,29574,310201279,754,-1115,1542,-380,-871,595
IMU1,29575,310211872,706,-1112,1464,-504,-920,693
IMU1,29576,310222448,637,-1107,1458,-633,-993,795
IMU1,29577,310233037,601,-1098,1446,-743,-1101,898
IMU1,29578,310244338,546,-1120,1431,-892,-1382,1046
IMU1,29579,310255309,542,-1132,1427,-922,-1517,1082
IMU1,29580,310266298,517,-1109,1394,-920,-1601,1086
IMU1,29581,310277276,477,-1078,1352,-900,-1643,1077
IMU1,29582,310288241,476,-1062,1299,-873,-1655,1063
IMU1,29583,310299193,497,-1062,1304,-841,-1663,1034
IMU1,29584,310310160,512,-1073,1332,-793,-1694,999
IMU1,29585,310321467,495,-1051,1290,-641,-1906,935
IMU1,29586,310332233,469,-992,1256,-550,-2050,913
IMU1,29587,310342819,416,-924,1193,-463,-2150,912
IMU1,29588,310353402,412,-867,1095,-375,-2202,926
IMU1,29589,310363983,408,-829,1028,-285,-2239,951
IMU1,29590,310374569,457,-805,969,-193,-2269,986
IMU1,29591,310384926,559,-794,926,-90,-2308,1007
IMU1,29592,310395312,572,-732,951,26,-2358,1023
IMU1,29593,310405609,566,-724,873,147,-2426,1060
IMU1,29594,310416068,515,-730,849,278,-2525,1122
IMU1,29595,310427052,348,-803,885,581,-2706,1358
IMU1,29596,310437519,271,-855,913,760,-2776,1510
IMU1,29597,310448008,317,-1044,672,926,-2854,1657
IMU1,29598,310458673,455,-1317,617,1039,-2930,1756
IMU1,29599,310469560,395,-1202,591,1130,-2928,1827
IMU1,29600,310480447,333,-1403,424,1160,-2806,1907
IMU1,29601,310491293,227,-1330,417,1135,-2638,2025
IMU1,29602,310502145,62,-1455,449,1090,-2506,2176
IMU1,29603,310512817,-68,-1791,631,1051,-2465,2530
IMU1,29604,310523585,2,-1935,648,1022,-2459,2659
IMU1,29605,310534048,75,-2020,564,993,-2461,2698
IMU1,29606,310544516,79,-2006,513,916,-2465,2652
IMU1,29607,310554984,14,-1932,467,795,-2425,2560
IMU1,29608,310565448,-42,-1879,400,644,-2328,2456
IMU1,29609,310576000,-101,-1924,417,487,-2153,2360
IMU1,29610,310586749,-121,-2035,523,360,-1917,2278
IMU1,29611,310597516,-122,-2107,686,303,-1668,2199
IMU1,29612,310608284,-67,-2158,819,315,-1451,2111
IMU1,29613,310619369,-43,-2155,676,389,-1209,1849
IMU1,29614,310629937,-17,-2144,726,417,-1229,1703
IMU1,29615,310640510,-148,-2196,1206,470,-1237,1562
IMU1,29616,310651490,-185,-2272,1433,663,-1300,1458
IMU1,29617,310665004,-203,-2342,1390,949,-1524,1360
IMU1,29618,310675963,-422,-2399,1148,1212,-1772,1241
IMU1,29619,310687137,-477,-2402,972,1403,-1779,1042
IMU1,29620,310698094,-472,-2392,822,1306,-1598,977
IMU1,29621,310708866,-522,-2362,809,1132,-1383,930
IMU1,29622,310719629,-632,-2337,896,934,-1192,928
IMU1,29623,310730230,-693,-2299,1004,773,-1065,987
IMU1,29624,310741001,-706,-2251,1167,671,-1021,1091
IMU1,29625,310751966,-716,-2193,1256,642,-1044,1221
IMU1,29626,310762949,-720,-2069,1277,667,-1234,1513
IMU1,29627,310773929,-659,-2009,1296,771,-1329,1660
IMU1,29628,310784882,-547,-1932,1196,821,-1327,1777
IMU1,29629,310795829,-425,-1833,1138,821,-1189,1841
IMU1,29630,310806799,-384,-1798,1187,782,-1026,1856
IMU1,29631,310817768,-410,-1780,1271,745,-925,1851
IMU1,29632,310828530,-416,-1754,1349,719,-881,1855
IMU1,29633,310839299,-556,-1658,1515,708,-890,1865
IMU1,29634,310850075,-646,-1607,1496,725,-1039,2001
IMU1,29635,310861028,-743,-1549,1563,752,-1172,2136
IMU1,29636,310872008,-825,-1513,1541,794,-1291,2306
IMU1,29637,310882984,-866,-1465,1555,825,-1394,2497
IMU1,29638,310893960,-851,-1449,1490,856,-1452,2668
IMU1,29639,310904920,-813,-1450,1402,866,-1419,2790
IMU1,29640,310915891,-817,-1411,1296,829,-1268,2852
IMU1,29641,310927371,-912,-1348,1286,635,-815,2851
IMU1,29642,310938133,-874,-1326,1437,557,-742,2785
IMU1,29643,310948907,-823,-1308,1624,552,-834,2662
IMU1,29644,310959665,-851,-1253,1743,620,-1000,2494
IMU1,29645,310970651,-946,-1181,1727,727,-1219,2315
IMU1,29646,310981629,-1129,-1074,1754,843,-1449,2169
IMU1,29647,310992792,-1335,-1013,1726,962,-1610,2107
IMU1,29648,311003949,-1681,-932,1376,1069,-1364,2286
IMU1,29649,311015120,-1715,-925,1448,974,-939,2463
IMU1,29650,311025895,-1779,-939,1706,845,-513,2621
IMU1,29651,311036676,-1840,-919,2056,745,-263,2750
IMU1,29652,311047469,-1911,-850,2338,707,-242,2853
IMU1,29653,311058249,-2004,-778,2534,721,-394,2937
IMU1,29654,311069022,-2175,-657,2692,772,-624,3022
IMU1,29655,311079808,-2586,-462,2681,855,-830,3139
IMU1,29656,311090585,-2742,-340,2552,940,-866,3517
IMU1,29657,311101382,-2938,-221,2556,879,-619,3744
IMU1,29658,311112182,-3138,-91,2567,791,-266,3992
IMU1,29659,311122765,-3266,74,2668,700,33,4237
IMU1,29660,311132951,-3394,280,2914,649,227,4448
IMU1,29661,311143533,-3570,434,3130,684,300,4619
IMU1,29662,311154134,-3668,601,3210,795,268,4746
IMU1,29663,311164735,-3726,826,3072,919,186,4785
IMU1,29664,311175347,-3809,1047,2869,994,147,4707
IMU1,29665,311186149,-3972,1589,2811,1076,-18,4152
IMU1,29666,311197047,-4160,1885,2493,1181,-206,3685
IMU1,29667,311208129,-4217,2113,2090,1290,-437,3060
IMU1,29668,311219204,-4070,2280,1885,1389,-572,2234
IMU1,29669,311230278,-4001,2362,1909,1515,-520,1123
IMU1,29670,311241373,-4091,2294,2004,1731,-237,-245
IMU1,29671,311252349,-3970,2121,1861,2017,402,-1794
IMU1,29672,311263439,-3265,1827,2063,2683,2476,-5451
IMU1,29673,311274736,-2881,1970,2140,3011,3607,-7556
IMU1,29674,311286047,-2608,2182,2251,3217,4270,-9826
IMU1,29675,311297343,-2502,2224,2425,3266,4517,-12131
IMU1,29676,311308810,-2625,2321,2662,3202,4949,-14259
IMU1,29677,311320262,-2794,2888,4054,3122,5834,-16045
IMU1,29678,311331733,-2893,3433,5374,3278,7412,-18826
IMU1,29679,311343227,-3123,3699,6095,3363,6811,-19993
IMU1,29680,311354724,-3914,3814,6250,3044,5080,-21037
IMU1,29681,311366230,-4615,3730,6383,2251,2493,-21795
IMU1,29682,311377730,-4599,3485,4142,1236,-195,-22030
IMU1,29683,311389113,-4140,3952,1824,-320,-2233,-20524
IMU1,29684,311400581,-3760,4659,-24,-514,-1420,-18662
IMU1,29685,311411738,-3313,5475,-524,-123,555,-16084
IMU1,29686,311422793,-2824,5941,-689,828,2630,-12977
IMU1,29687,311433958,-1772,5925,-1257,1714,3209,-9651
IMU1,29688,311445326,-937,3764,363,1945,2827,-6499
IMU1,29689,311456193,-101,2252,1119,925,3194,-1243
IMU1,29690,311467068,900,914,2192,-282,3612,353
IMU1,29691,311477451,1630,115,3164,-1743,3191,978
IMU1,29692,311488241,1758,29,3037,-3071,1995,941
IMU1,29693,311498824,1413,289,2102,-4116,1068,915
IMU1,29694,311509610,1278,650,1210,-4854,886,1310
IMU1,29695,311520387,1421,817,874,-5284,1084,1990
IMU1,29696,311531157,1695,797,1205,-5378,1271,2691
IMU1,29697,311542153,2253,259,2145,-4515,1008,3428
IMU1,29698,311553134,2159,-130,2334,-3693,531,3381
IMU1,29699,311564009,2020,-495,2199,-2771,23,3127
IMU1,29700,311574680,1885,-873,1925,-1939,-280,2722
IMU1,29701,311585644,1652,-1266,1521,-1307,-359,2192
IMU1,29702,311596805,1539,-1553,1294,-905,-318,1608
IMU1,29703,311607770,1435,-1706,1065,-678,-223,1015
IMU1,29704,311618736,1294,-1517,719,-573,-45,59
IMU1,29705,311629424,1223,-1359,721,-489,31,-250
IMU1,29706,311639783,1238,-1195,753,-395,85,-444
IMU1,29707,311650163,1358,-1032,803,-232,116,-582
IMU1,29708,311660729,1465,-903,932,-34,139,-701
# swing_peak_seq=29682
IMU1,29709,311673460,1492,-797,1154,214,155,-821
IMU1,29710,311683950,1540,-712,1296,490,188,-933
IMU1,29711,311694422,1633,-618,1372,739,255,-1047
IMU1,29712,311705089,1685,-515,1464,927,291,-1259
IMU1,29713,311715773,1685,-473,1561,1147,75,-1277
IMU1,29714,311726455,1640,-428,1619,1233,-73,-1206
IMU1,29715,311737208,1566,-384,1644,1288,-210,-1036
IMU1,29716,311748166,1572,-330,1594,1298,-342,-798
IMU1,29717,311758936,1670,-268,1541,1230,-457,-520
IMU1,29718,311769711,1651,-234,1565,1096,-555,-248
IMU1,29719,311780477,1594,-205,1644,926,-688,28
IMU1,29720,311790757,1660,-142,1671,746,-837,312
IMU1,29721,311801233,1602,-82,1831,582,-968,576
IMU1,29722,311812030,1615,-44,1853,392,-1342,1051
IMU1,29723,311822687,1567,-16,1864,373,-1544,1265
IMU1,29724,311833368,1477,23,1848,390,-1723,1472
IMU1,29725,311843951,1450,55,1806,415,-1854,1685
IMU1,29726,311854519,1382,48,1865,445,-1933,1874
IMU1,29727,311865097,1332,25,1963,485,-2025,2040
IMU1,29728,311875669,1263,-3,2037,546,-2161,2177
IMU1,29729,311886152,1137,-40,2010,634,-2353,2303
IMU1,29730,311896842,994,-111,1627,725,-2576,2450
IMU1,29731,311908037,691,-349,1696,802,-2871,2859
IMU1,29732,311918720,737,-541,1671,838,-2945,3099
IMU1,29733,311929412,710,-679,1636,888,-3031,3286
IMU1,29734,311940106,554,-833,1528,928,-3137,3389
IMU1,29735,311950802,427,-954,1483,933,-3259,3448
IMU1,29736,311961494,467,-1078,1355,907,-3386,3468
IMU1,29737,311972384,459,-1159,1391,846,-3504,3415
IMU1,29738,311983269,385,-1254,1322,793,-3623,3311
IMU1,29739,311994162,326,-1318,1060,691,-3875,3081
IMU1,29740,312005041,226,-1345,1031,654,-3916,2995
IMU1,29741,312015912,151,-1348,1021,655,-3881,2944
IMU1,29742,312026783,200,-1397,1069,698,-3860,2917
IMU1,29743,312037653,216,-1420,1111,781,-3869,2870
IMU1,29744,312048536,178,-1434,1030,874,-3874,2802
IMU1,29745,312059409,146,-1419,1001,932,-3881,2723
IMU1,29746,312070280,157,-1520,1076,974,-3922,2641
IMU1,29747,312081154,155,-1548,1027,1112,-4046,2460
IMU1,29748,312092229,166,-1536,957,1170,-4076,2349
IMU1,29749,312103110,147,-1564,938,1201,-4059,2225
IMU1,29750,312113997,110,-1598,1085,1237,-4005,2117
IMU1,29751,312125088,79,-1613,1126,1306,-3955,2027
IMU1,29752,312135956,67,-1573,1129,1377,-3911,1955
IMU1,29753,312146837,79,-1594,1109,1428,-3884,1898
IMU1,29754,312158244,141,-1716,1101,1476,-3753,1805
IMU1,29755,312169327,228,-1680,994,1450,-3657,1747
IMU1,29756,312180193,238,-1683,1017,1381,-3540,1648
IMU1,29757,312191253,248,-1666,1060,1308,-3418,1559
IMU1,29758,312202335,189,-1681,1260,1277,-3280,1485
IMU1,29759,312213397,154,-1699,1383,1326,-3187,1446
IMU1,29760,312224476,101,-1659,1309,1412,-3120,1498
IMU1,29761,312235537,126,-1676,1265,1424,-3005,1546
IMU1,29762,312246612,235,-1686,1351,1339,-2946,1576
IMU1,29763,312257680,435,-1759,1657,1270,-2917,1545
IMU1,29764,312268754,548,-1806,1922,1311,-3005,1424
IMU1,29765,312279842,523,-1829,1883,1442,-3214,1231
IMU1,29766,312290906,402,-1822,1656,1551,-3390,1037
IMU1,29767,312301976,222,-1713,1308,1438,-3199,841
IMU1,29768,312312862,146,-1659,1537,1322,-2972,826
IMU1,29769,312323736,23,-1633,1763,1312,-2722,850
IMU1,29770,312334374,-36,-1592,1804,1403,-2479,919
IMU1,29771,312345141,-183,-1521,1769,1516,-2183,1007
IMU1,29772,312356297,-366,-1454,1843,1602,-1806,1146
IMU1,29773,312367440,-407,-1439,1928,1672,-1449,1332
IMU1,29774,312378584,-271,-1494,2054,1725,-935,1593
IMU1,29775,312389550,-277,-1515,2148,1737,-738,1613
IMU1,29776,312400517,-359,-1487,2287,1734,-559,1574
IMU1,29777,312411481,-481,-1423,2392,1757,-383,1540
IMU1,29778,312422453,-634,-1349,2558,1813,-235,1537
IMU1,29779,312433414,-846,-1213,2762,1920,-99,1574
IMU1,29780,312444176,-1071,-1107,2983,2081,14,1686
IMU1,29781,312455028,-1439,-928,3084,2266,81,1879
IMU1,29782,312465702,-1535,-854,3048,2438,361,2409
IMU1,29783,312476570,-1586,-790,3256,2351,468,2660
IMU1,29784,312487451,-1647,-783,3455,2246,427,2853
IMU1,29785,312498312,-1688,-772,3641,2177,299,2978
IMU1,29786,312509192,-1743,-761,3705,2171,133,2993
IMU1,29787,312520080,-1895,-636,3632,2211,8,2908
IMU1,29788,312530562,-2070,-505,3709,2268,78,2792
IMU1,29789,312541233,-2320,-384,4123,2376,258,2697
IMU1,29790,312552632,-2916,49,4134,2774,643,2696
IMU1,29791,312563215,-3324,386,4026,2900,784,2803
IMU1,29792,312573986,-3673,675,4109,2911,875,2953
# swing_peak_seq=29766
IMU1,29793,312584789,-3920,873,4224,2893,890,3100
IMU1,29794,312595581,-4232,1129,4162,2927,883,3180
IMU1,29795,312606571,-4604,1301,4009,3007,945,3166
IMU1,29796,312617570,-4771,1486,4060,3093,1182,2960
IMU1,29797,312628766,-5148,1599,4676,3554,1567,1475
IMU1,29798,312639957,-5048,1535,4810,3924,1593,236
IMU1,29799,312650967,-4706,1238,4595,4323,1742,-1334
IMU1,29800,312662249,-4239,969,4288,4622,2432,-3153
IMU1,29801,312675896,-3675,846,4490,4768,3568,-5070
IMU1,29802,312686991,-2783,1566,4586,4778,5555,-8702
IMU1,29803,312698302,-2262,2064,4684,4580,6027,-10234
IMU1,29804,312709804,-1913,2536,4773,4209,6377,-11548
IMU1,29805,312721310,-1546,2992,5206,3725,6808,-12668
IMU1,29806,312732801,-1319,3445,6005,3300,7267,-13705
IMU1,29807,312744274,-1361,4337,7484,2938,7208,-15728
IMU1,29808,312755766,-1262,4660,7743,2800,6126,-16792
IMU1,29809,312767262,-1403,4550,7368,2280,3921,-17930
IMU1,29810,312778761,-1784,4404,6631,1232,821,-19039
IMU1,29811,312790060,-2121,4533,5122,-121,-2151,-19801
IMU1,29812,312801548,-2125,4471,1704,-1410,-3836,-19272
IMU1,29813,312813230,-2149,4329,748,-2321,-3021,-17946
IMU1,29814,312824710,-2202,4943,512,-1454,-942,-15923
IMU1,29815,312836003,-1849,5910,-561,30,1331,-13443
IMU1,29816,312846964,-1013,6515,-2802,1172,2820,-10731
IMU1,29817,312858536,-1020,6166,-2967,1341,3658,-7885
IMU1,29818,312869915,-214,3179,316,641,4337,-1850
IMU1,29819,312880609,820,1786,1614,46,3819,455
IMU1,29820,312890891,1406,706,2507,-799,2646,1711
IMU1,29821,312901675,1534,246,2386,-1759,1390,2126
IMU1,29822,312912667,1474,205,1740,-2740,722,2097
IMU1,29823,312923444,1383,268,1259,-3630,800,1999
IMU1,29824,312934233,1467,291,1119,-4243,1127,2002
IMU1,29825,312945235,1743,333,1410,-4454,1361,2100
IMU1,29826,312956212,1976,365,1716,-3791,1248,2344
IMU1,29827,312967201,1974,203,1844,-3077,761,2427
IMU1,29828,312977967,1963,-41,1728,-2288,95,2433
IMU1,29829,312988424,1872,-305,1566,-1566,-517,2313
IMU1,29830,312999400,1584,-565,1390,-958,-935,2093
IMU1,29831,313010177,1317,-770,1057,-502,-1145,1832
IMU1,29832,313021155,1193,-949,828,-255,-1092,1559
IMU1,29833,313031939,1218,-1144,410,-203,-847,1266
IMU1,29834,313043230,1162,-1157,542,-440,-431,671
IMU1,29835,313053794,1144,-1133,679,-503,-419,485
IMU1,29836,313064363,1152,-1056,751,-431,-470,389
IMU1,29837,313074936,1159,-978,822,-270,-564,362
IMU1,29838,313085316,1197,-929,919,-44,-663,367
IMU1,29839,313095503,1262,-908,1051,223,-728,367
IMU1,29840,313105987,1308,-916,1154,505,-738,327
IMU1,29841,313116459,1384,-956,1173,758,-729,218
IMU1,29842,313126947,1373,-981,1190,946,-723,63
IMU1,29843,313137226,1363,-1036,1206,1066,-712,-87
IMU1,29844,313147998,1199,-1136,1435,1288,-859,-221
IMU1,29845,313158974,975,-1152,1419,1415,-1003,-142
IMU1,29846,313169946,793,-1178,1370,1513,-1126,29
IMU1,29847,313180623,597,-1281,1383,1537,-1202,264
IMU1,29848,313191494,557,-1389,1330,1498,-1272,520
IMU1,29849,313202379,583,-1470,1193,1392,-1328,753
IMU1,29850,313213266,619,-1478,1018,1212,-1331,942
IMU1,29851,313224158,612,-1475,1009,961,-1297,1086
IMU1,29852,313235548,607,-1494,1058,476,-1169,1333
IMU1,29853,313246433,679,-1456,991,319,-1119,1430
IMU1,29854,313257125,655,-1457,1109,207,-1060,1475
IMU1,29855,313268000,629,-1470,994,133,-1013,1506
IMU1,29856,313278671,611,-1406,869,51,-983,1531
IMU1,29857,313288962,633,-1366,944,-55,-931,1548
IMU1,29858,313299334,552,-1372,1155,-126,-858,1549
IMU1,29859,313310106,359,-1389,1226,-119,-831,1567
IMU1,29860,313320881,248,-1552,1264,-45,-909,1735
IMU1,29861,313331456,391,-1641,1043,217,-1178,1805
IMU1,29862,313342329,459,-1707,844,310,-1229,1793
IMU1,29863,313353025,441,-1713,642,301,-1198,1721
IMU1,29864,313363692,440,-1727,491,200,-1149,1614
IMU1,29865,313374345,385,-1721,403,35,-1084,1499
IMU1,29866,313384818,343,-1743,458,-144,-1006,1410
IMU1,29867,313395580,353,-1762,593,-268,-919,1341
IMU1,29868,313406145,379,-1819,769,-299,-825,1270
IMU1,29869,313416720,563,-1867,864,-237,-760,1174
IMU1,29870,313427815,674,-1854,819,14,-780,880
IMU1,29871,313437890,662,-1835,776,135,-819,704
IMU1,29872,313448175,644,-1840,664,250,-867,546
IMU1,29873,313458433,607,-1792,457,323,-896,429
IMU1,29874,313468706,544,-1704,292,326,-833,364
IMU1,29875,313478984,413,-1683,306,254,-669,363
IMU1,29876,313489249,324,-1713,583,178,-482,423
IMU1,29877,313499515,352,-1691,751,178,-389,505
IMU1,29878,313509798,470,-1799,994,267,-449,570
IMU1,29879,313520082,536,-1898,1094,440,-624,579
IMU1,29880,313530563,668,-1915,1001,650,-848,522
IMU1,29881,313541039,667,-1851,789,816,-1040,402
IMU1,29882,313551521,603,-1897,615,902,-1090,260
IMU1,29883,313562529,600,-1887,520,907,-761,64
IMU1,29884,313572615,553,-1852,561,843,-506,4
IMU1,29885,313582505,481,-1817,666,778,-274,-42
IMU1,29886,313592683,424,-1809,813,747,-141,-42
IMU1,29887,313602851,443,-1804,989,769,-110,-18
IMU1,29888,313612996,452,-1803,1075,847,-161,-6
IMU1,29889,313623138,532,-1827,1072,957,-258,-12
IMU1,29890,313633505,542,-1830,1070,1066,-321,-37
IMU1,29891,313644066,559,-1869,1068,1163,-308,-70
IMU1,29892,313654638,525,-1904,1078,1243,-227,-101
IMU1,29893,313665401,446,-1890,1107,1294,-131,-116
IMU1,29894,313678717,382,-1858,1226,1326,-15,-98
IMU1,29895,313689084,365,-1858,1311,1310,9,-75
IMU1,29896,313699155,328,-1875,1421,1294,-9,-63
IMU1,29897,313709327,365,-1869,1498,1292,-84,-67
IMU1,29898,313719689,388,-1855,1539,1302,-186,-105
IMU1,29899,313730453,371,-1829,1566,1312,-241,-155
IMU1,29900,313741223,295,-1812,1488,1321,-196,-193
IMU1,29901,313751989,284,-1797,1370,1303,-46,-187
IMU1,29902,313762570,365,-1825,1749,1253,154,-125
IMU1,29903,313773751,387,-2168,2049,1266,417,118
IMU1,29904,313784334,451,-2412,2271,1349,423,310
IMU1,29905,313794910,583,-2600,2381,1444,342,503
IMU1,29906,313805486,587,-2752,2366,1505,168,681
IMU1,29907,313816061,524,-2777,2237,1491,-79,852
IMU1,29908,313826545,450,-2693,2080,1379,-356,1021
IMU1,29909,313837422,372,-2564,1844,1171,-604,1180
IMU1,29910,313848305,348,-2468,1618,882,-795,1332
IMU1,29911,313858989,247,-2209,1239,543,-905,1484
IMU1,29912,313870184,-60,-2051,1019,-184,-949,1825
IMU1,29913,313880852,-203,-1887,857,-544,-937,2018
IMU1,29914,313891522,-280,-1755,712,-885,-914,2224
IMU1,29915,313902204,-241,-1672,653,-1183,-844,2427
IMU1,29916,313913072,-100,-1634,624,-1420,-745,2593
IMU1,29917,313923951,-4,-1625,699,-1589,-619,2695
IMU1,29918,313934418,25,-1649,812,-1675,-484,2741
IMU1,29919,313944970,73,-1672,918,-1681,-386,2750
IMU1,29920,313955543,168,-1813,1135,-1607,-327,2638
IMU1,29921,313966502,201,-1882,1251,-1251,-260,2525
IMU1,29922,313977470,197,-1943,1352,-1014,-279,2398
IMU1,29923,313988452,186,-2019,1379,-751,-325,2248
IMU1,29924,313999214,170,-2069,1434,-489,-414,2081
IMU1,29925,314009981,164,-2087,1491,-250,-521,1894
IMU1,29926,314020732,151,-2155,1491,-43,-596,1678
IMU1,29927,314031305,156,-2199,1422,114,-596,1434
IMU1,29928,314041997,207,-2147,1284,189,-523,1160
IMU1,29929,314052660,101,-2037,1222,125,-244,582
IMU1,29930,314063128,35,-1903,1043,28,-137,320
IMU1,29931,314073201,-89,-1813,845,-149,-68,78
IMU1,29932,314083071,-342,-1728,945,-399,3,-103
IMU1,29933,314093137,-589,-1721,1493,-601,62,-165
IMU1,29934,314103599,-688,-1763,1553,-621,56,-113
IMU1,29935,314114078,-636,-1833,1464,-506,-63,15
IMU1,29936,314124349,-544,-1824,1315,-319,-272,160
IMU1,29937,314135017,-530,-1717,1117,-133,-483,290
IMU1,29938,314145698,-506,-1705,1076,-2,-611,403
IMU1,29939,314155965,-435,-1716,898,69,-593,494
IMU1,29940,314166155,-328,-1758,858,60,-421,553
IMU1,29941,314176326,-385,-1822,690,-4,-140,571
IMU1,29942,314187425,-200,-1782,621,-279,429,467
IMU1,29943,314197802,-195,-1692,623,-474,624,314
IMU1,29944,314208188,-280,-1627,652,-662,737,146
IMU1,29945,314218547,-392,-1582,641,-820,755,14
IMU1,29946,314228730,-457,-1667,620,-942,693,-47
IMU1,29947,314239011,-503,-1790,753,-1003,607,-40
IMU1,29948,314249503,-513,-1779,899,-983,528,20
IMU1,29949,314259675,-440,-1711,898,-885,472,101
IMU1,29950,314270046,-563,-1729,1103,-741,445,177
IMU1,29951,314280621,-591,-1757,1022,-554,449,267
IMU1,29952,314291203,-562,-1714,844,-391,418,368
IMU1,29953,314301564,-424,-1573,703,-290,355,442
IMU1,29954,314312470,-436,-1526,712,-263,373,511
IMU1,29955,314322858,-521,-1631,645,-282,437,543
IMU1,29956,314333234,-518,-1674,674,-310,430,577
IMU1,29957,314343624,-468,-1662,741,-313,390,598
IMU1,29958,314354018,-469,-1656,793,-289,406,622
IMU1,29959,314364404,-458,-1663,759,-244,495,658
IMU1,29960,314374786,-462,-1675,725,-208,590,696
IMU1,29961,314385157,-499,-1700,744,-166,636,732
IMU1,29962,314395537,-516,-1718,773,-120,649,769
IMU1,29963,314405917,-504,-1746,806,-78,665,808
IMU1,29964,314416091,-436,-1764,778,-44,689,842
IMU1,29965,314426251,-493,-1793,780,-41,700,872
IMU1,29966,314437465,-508,-1830,744,-72,607,931
IMU1,29967,314447651,-574,-1824,927,-97,559,926
IMU1,29968,314457840,-573,-1895,891,-103,566,930
IMU1,29969,314468216,-594,-1944,921,-108,593,941
IMU1,29970,314478604,-653,-1927,952,-112,594,954
IMU1,29971,314488994,-648,-1928,1069,-111,598,954
IMU1,29972,314499575,-580,-1943,1089,-98,616,937
IMU1,29973,314509959,-548,-1965,1126,-103,623,885
IMU1,29974,314520543,-566,-2005,1221,-123,624,799
IMU1,29975,314531134,-621,-2056,1347,-136,613,693
IMU1,29976,314541734,-702,-2044,1310,-131,551,586
IMU1,29977,314552850,-797,-2080,1363,-99,279,397
IMU1,29978,314563238,-857,-2066,1364,-49,163,333
IMU1,29979,314573603,-870,-2041,1336,12,63,292
IMU1,29980,314583641,-881,-2005,1278,67,-7,256
IMU1,29981,314593589,-860,-1943,1197,99,-51,220
IMU1,29982,314603742,-845,-1882,1065,100,-86,178
IMU1,29983,314614081,-855,-1828,933,59,-111,129
IMU1,29984,314624228,-838,-1776,845,-18,-114,88
IMU1,29985,314634252,-887,-1743,774,-115,-95,56
IMU1,29986,314644293,-934,-1753,776,-217,-56,46
IMU1,29987,314654349,-1011,-1752,729,-304,-17,65
IMU1,29988,314664611,-1049,-1745,717,-379,-4,113
IMU1,29989,314674864,-1070,-1712,756,-437,-7,171
IMU1,29990,314687689,-931,-1559,928,-479,-56,242
IMU1,29991,314697954,-803,-1483,609,-476,-56,201
IMU1,29992,314708203,-840,-1440,734,-511,-24,119
IMU1,29993,314718453,-873,-1420,749,-515,26,41
IMU1,29994,314728422,-916,-1426,759,-483,38,-16
IMU1,29995,314738475,-854,-1378,772,-421,3,-50
IMU1,29996,314748333,-811,-1361,793,-331,-40,-84
IMU1,29997,314758481,-799,-1375,755,-224,-73,-116
IMU1,29998,314768829,-795,-1385,716,-115,-103,-137
IMU1,29999,314779376,-803,-1366,652,-26,-138,-148
IMU1,30000,314789709,-880,-1460,689,37,-188,-153
IMU1,30001,314799957,-896,-1455,573,91,-260,-129
IMU1,30002,314810220,-949,-1570,627,125,-345,-84
IMU1,30003,314820483,-947,-1577,593,160,-414,-24
IMU1,30004,314831771,-1033,-1716,520,196,-414,122
IMU1,30005,314842328,-1158,-1774,503,173,-359,226
IMU1,30006,314852882,-1220,-1818,470,121,-300,350
IMU1,30007,314863445,-1218,-1846,431,30,-256,473
IMU1,30008,314873810,-1172,-1841,415,-91,-239,578
IMU1,30009,314884275,-1116,-1836,412,-230,-226,654
IMU1,30010,314894918,-1059,-1833,458,-370,-194,697
IMU1,30011,314905571,-1038,-1829,483,-493,-153,717
IMU1,30012,314916229,-1036,-1832,529,-591,-120,718
IMU1,30013,314926884,-1025,-1830,724,-654,-93,693
IMU1,30014,314937330,-1060,-1851,835,-630,-58,672
IMU1,30015,314947792,-1038,-1838,903,-552,-68,636
IMU1,30016,314958261,-915,-1802,950,-442,-104,578
IMU1,30017,314968721,-962,-1798,1002,-317,-149,470
IMU1,30018,314979375,-977,-1756,981,-187,-217,355
IMU1,30019,314989831,-974,-1722,951,-83,-319,234
IMU1,30020,315000090,-701,-1581,608,13,-439,120
IMU1,30021,315010251,-938,-1667,743,21,-479,-30
IMU1,30022,315020303,-895,-1592,754,13,-404,-139
IMU1,30023,315030568,-945,-1518,768,25,-354,-214
IMU1,30024,315040831,-989,-1511,689,48,-374,-255
IMU1,30025,315051079,-976,-1483,755,77,-384,-260
IMU1,30026,315061344,-1034,-1509,714,112,-356,-231
IMU1,30027,315072012,-998,-1505,661,156,-284,-139
IMU1,30028,315082454,-974,-1516,614,151,-242,-112
IMU1,30029,315092914,-967,-1516,605,112,-187,-83
IMU1,30030,315103167,-989,-1522,573,56,-137,-57
IMU1,30031,315113240,-998,-1523,533,-14,-104,-28
IMU1,30032,315123395,-1002,-1544,543,-92,-77,-2
IMU1,30033,315133356,-1018,-1580,621,-156,-41,35
IMU1,30034,315143639,-1054,-1608,678,-190,8,76
IMU1,30035,315153606,-1073,-1636,710,-201,39,128
IMU1,30036,315163963,-1116,-1715,850,-186,31,188
IMU1,30037,315174335,-1114,-1773,914,-133,-11,249
IMU1,30038,315184813,-1098,-1811,932,-70,-100,304
IMU1,30039,315195284,-1048,-1820,933,-15,-238,348
IMU1,30040,315205746,-1020,-1796,955,24,-403,381
IMU1,30041,315216629,-1023,-1767,944,81,-786,396
IMU1,30042,315226995,-990,-1738,947,101,-970,415
IMU1,30043,315237364,-952,-1684,1027,126,-1133,440
IMU1,30044,315248120,-1067,-1588,1314,181,-1315,477
IMU1,30045,315259075,-1204,-1592,1451,309,-1620,551
IMU1,30046,315270043,-1154,-1628,1346,495,-2110,655
IMU1,30047,315280998,-1010,-1596,1315,669,-2641,765
IMU1,30048,315291954,-722,-1417,893,808,-3009,852
IMU1,30049,315303042,-722,-1414,738,847,-3007,908
IMU1,30050,315313609,-763,-1420,725,737,-2717,946
IMU1,30051,315324184,-821,-1360,782,611,-2371,992
IMU1,30052,315334761,-884,-1339,980,489,-2080,1062
IMU1,30053,315345517,-947,-1406,1449,415,-1936,1147
IMU1,30054,315356491,-896,-1373,1312,434,-2014,1258
IMU1,30055,315367459,-846,-1445,1733,451,-2277,1355
IMU1,30056,315378428,-842,-1256,1355,495,-2603,1441
IMU1,30057,315389394,-836,-1252,1420,414,-3236,1557
IMU1,30058,315400385,-808,-1278,1136,276,-3296,1599
IMU1,30059,315411340,-883,-1214,1242,120,-3204,1649
IMU1,30060,315422281,-776,-1222,1288,13,-3066,1687
IMU1,30061,315433038,-732,-1250,1336,-40,-2888,1685
IMU1,30062,315443881,-698,-1224,1444,-44,-2676,1665
IMU1,30063,315454719,-658,-1194,1515,-10,-2468,1631
IMU1,30064,315465587,-758,-1164,1661,45,-2198,1578
IMU1,30065,315476365,-805,-1158,1686,205,-2163,1572
IMU1,30066,315487321,-820,-1132,1617,273,-2132,1581
IMU1,30067,315498292,-791,-1136,1489,307,-2028,1606
IMU1,30068,315509250,-767,-1025,1549,294,-1821,1626
IMU1,30069,315520219,-722,-947,1530,277,-1653,1617
IMU1,30070,315530963,-712,-984,1526,265,-1573,1586
IMU1,30071,315541737,-695,-967,1590,266,-1509,1550
IMU1,30072,315553038,-616,-858,1589,304,-1383,1458
IMU1,30073,315563815,-736,-833,1570,320,-1399,1406
IMU1,30074,315574583,-581,-898,1540,335,-1434,1347
IMU1,30075,315585351,-581,-829,1601,328,-1457,1280
IMU1,30076,315596097,-575,-808,1686,337,-1473,1220
IMU1,30077,315606865,-622,-860,1731,368,-1464,1170
IMU1,30078,315617633,-709,-874,1752,407,-1423,1136
IMU1,30079,315628393,-668,-879,1857,449,-1307,1075
IMU1,30080,315639679,-826,-929,1834,550,-824,670
IMU1,30081,315650047,-1003,-978,1762,548,-820,352
IMU1,30082,315660587,-1028,-850,1764,486,-933,86
IMU1,30083,315670939,-953,-735,1846,396,-1009,-85
IMU1,30084,315681400,-885,-692,1924,303,-1013,-166
IMU1,30085,315694593,-638,-783,2054,237,-912,-200
IMU1,30086,315705059,-639,-692,2171,217,-751,-233
IMU1,30087,315715522,-559,-750,2157,217,-627,-176
IMU1,30088,315725986,-544,-831,2082,244,-417,-115
IMU1,30089,315736430,-498,-883,2077,260,-286,-46
IMU1,30090,315746678,-429,-877,2073,295,-150,24
IMU1,30091,315756842,-342,-838,2032,321,-45,73
IMU1,30092,315766794,-295,-831,1910,331,7,105
IMU1,30093,315776666,-260,-837,1830,306,37,131
IMU1,30094,315786726,-264,-785,1734,262,86,148
IMU1,30095,315796791,-250,-774,1717,198,141,159
IMU1,30096,315807070,-253,-789,1686,131,146,160
IMU1,30097,315817324,-275,-789,1779,69,133,157
IMU1,30098,315827391,-360,-793,1677,42,102,154
IMU1,30099,315837453,-500,-822,1641,14,100,171
IMU1,30100,315847508,-414,-832,1754,-7,118,201
IMU1,30101,315857474,-334,-781,1866,2,127,191
IMU1,30102,315867344,-311,-764,1883,42,97,146
IMU1,30103,315877220,-402,-757,1822,93,36,90
IMU1,30104,315886896,-465,-749,1749,127,-40,54
IMU1,30105,315896850,-252,-737,1792,139,-100,28
IMU1,30106,315907006,-289,-603,1814,161,-168,-30
IMU1,30107,315917246,-527,-592,1857,209,-275,-85
IMU1,30108,315928018,-720,-529,2087,375,-559,-23
IMU1,30109,315938265,-660,-619,1959,521,-828,115
IMU1,30110,315948624,-629,-597,2026,691,-1258,281
IMU1,30111,315959203,-478,-585,2097,923,-1721,429
IMU1,30112,315969770,-527,-497,2148,1215,-2219,510
IMU1,30113,315980538,-1536,-476,1080,1459,-2847,558
IMU1,30114,315991520,-915,-486,2023,1448,-3500,740
IMU1,30115,316002297,1443,-88,2257,1306,-3160,846
IMU1,30116,316012964,988,-539,321,702,-1159,650
IMU1,30117,316024262,124,-187,1304,-819,-252,411
IMU1,30118,316034611,121,-401,1735,-1176,-303,375
IMU1,30119,316045167,-107,-555,2780,-1319,-447,324
IMU1,30120,316055820,-1095,-1207,5547,-1027,-453,334
IMU1,30121,316066885,-909,-1415,4391,-66,-361,510
IMU1,30122,316077348,106,-808,2422,800,-634,659
IMU1,30123,316087616,293,-698,2415,1243,-1123,628
IMU1,30124,316098295,249,-726,1927,1488,-1244,541
IMU1,30125,316108960,122,-647,1617,1524,-1028,482
IMU1,30126,316119599,290,-241,1872,1372,-750,513
IMU1,30127,316130083,-89,-939,1669,977,-765,606
IMU1,30128,316140245,-397,-1249,1895,815,-573,751
IMU1,30129,316150820,-154,-1165,2084,755,-159,916
IMU1,30130,316161397,464,-827,1724,717,250,984
IMU1,30131,316171562,1294,-455,1335,605,375,849
IMU1,30132,316181925,1572,-93,1271,409,232,522
IMU1,30133,316192104,1371,-181,1482,198,82,138
IMU1,30134,316202259,726,-331,1688,49,63,-186
IMU1,30135,316212114,228,-523,2047,-28,64,-375
IMU1,30136,316222058,367,-643,2066,-42,26,-451
IMU1,30137,316232008,213,-652,2181,-58,-115,-481
IMU1,30138,316242242,272,-572,2065,-80,-267,-459
IMU1,30139,316252486,250,-444,2015,-132,-350,-434
IMU1,30140,316262926,196,-379,1964,-192,-345,-416
IMU1,30141,316274407,333,-145,1815,-346,-85,-372
IMU1,30142,316284654,277,-93,2124,-439,112,-364
IMU1,30143,316294819,279,-134,2028,-508,408,-353
IMU1,30144,316305168,-59,-205,2279,-588,672,-320
IMU1,30145,316315425,164,-207,2106,-617,903,-270
IMU1,30146,316325788,155,-240,2187,-649,1025,-273
IMU1,30147,316336343,153,-371,2182,-646,1100,-299
IMU1,30148,316346907,175,-469,2220,-611,1145,-346
IMU1,30149,316357474,204,-524,2158,-554,1143,-412
IMU1,30150,316368047,156,-569,2129,-487,1079,-491
IMU1,30151,316378602,-14,-620,2202,-406,988,-565
IMU1,30152,316389904,-285,-642,2266,-217,848,-600
IMU1,30153,316400371,-359,-671,2388,-111,786,-578
IMU1,30154,316410847,-325,-719,2311,-7,749,-525
IMU1,30155,316420930,-243,-674,2309,61,743,-476
IMU1,30156,316431094,-246,-645,2268,88,767,-429
IMU1,30157,316441255,-189,-719,2076,85,806,-377
IMU1,30158,316451423,-125,-731,1867,28,838,-323
IMU1,30159,316461585,-117,-700,1847,-56,876,-277
IMU1,30160,316471852,-108,-697,1760,-153,902,-237
IMU1,30161,316482312,-39,-673,1758,-253,902,-203
IMU1,30162,316492567,-43,-684,1741,-328,878,-188
IMU1,30163,316502820,-108,-746,1743,-374,864,-177
IMU1,30164,316513276,-187,-600,1810,-376,939,-159
IMU1,30165,316524270,-370,-524,1944,-232,950,-40
IMU1,30166,316534533,-503,-448,2062,-83,688,57
IMU1,30167,316544496,-594,-407,1988,101,241,211
IMU1,30168,316554741,-183,-300,1650,279,-194,381
IMU1,30169,316565098,-299,-284,1729,410,-532,509
IMU1,30170,316575458,-468,-413,1612,550,-720,621
IMU1,30171,316585829,-590,-315,1916,666,-855,736
IMU1,30172,316596207,-370,-282,2036,814,-1073,793
IMU1,30173,316606776,-113,-265,1853,965,-1421,725
IMU1,30174,316617345,-31,-254,1775,1064,-1804,552
IMU1,30175,316627920,-18,-250,1657,1122,-2084,347
IMU1,30176,316638470,-168,-297,2123,1136,-2314,162
IMU1,30177,316649240,-211,-387,2456,1170,-2557,-20
IMU1,30178,316659908,-190,-448,2627,1217,-2474,-6
IMU1,30179,316670375,85,-221,3068,1241,-2224,59
IMU1,30180,316680668,636,-32,2496,1192,-1524,87
IMU1,30181,316690948,582,-43,1226,841,-452,5
IMU1,30182,316703179,260,-137,1324,218,237,-80
IMU1,30183,316713246,222,-304,1948,-286,482,-86
IMU1,30184,316723406,214,-358,1975,-503,508,-80
IMU1,30185,316733561,185,-418,1917,-548,430,-81
IMU1,30186,316743733,69,-446,1611,-524,301,-89
IMU1,30187,316753692,-149,-378,1858,-521,142,-72
IMU1,30188,316765000,38,-348,2205,-546,-16,26
IMU1,30189,316774768,124,-332,2277,-500,68,30
IMU1,30190,316784639,121,-342,2228,-468,163,14
IMU1,30191,316794723,83,-389,2169,-451,205,9
IMU1,30192,316804409,43,-435,2124,-446,178,19
IMU1,30193,316814266,104,-426,2037,-433,109,29
IMU1,30194,316824327,67,-405,2113,-421,60,19
IMU1,30195,316833993,-12,-354,2025,-403,45,5
IMU1,30196,316843550,-6,-322,2047,-388,40,-1
IMU1,30197,316853006,6,-318,2025,-359,19,-9
IMU1,30198,316862376,0,-326,1997,-325,-15,-17
IMU1,30199,316871944,43,-357,2078,-285,-59,-10
IMU1,30200,316881804,100,-411,2124,-230,-86,-1
IMU1,30201,316891654,141,-469,2213,-173,-99,5
IMU1,30202,316901421,187,-502,2376,-110,-108,10
IMU1,30203,316911591,196,-508,2537,-33,-108,14
IMU1,30204,316921568,237,-484,2557,46,-77,35
IMU1,30205,316931257,328,-454,2519,107,-11,66
IMU1,30206,316941116,349,-429,2446,140,73,94
IMU1,30207,316950891,325,-419,2217,149,160,120
IMU1,30208,316961056,285,-436,2056,113,228,147
IMU1,30209,316971221,198,-464,1981,53,282,171
IMU1,30210,316981189,128,-503,1919,-18,334,194
IMU1,30211,316991260,54,-538,1903,-87,380,207
IMU1,30212,317001142,-66,-540,1902,-136,422,218
IMU1,30213,317011316,-125,-561,2003,-175,452,247
IMU1,30214,317021675,-200,-538,2017,-185,466,283
IMU1,30215,317032047,-65,-435,2019,-180,472,324
IMU1,30216,317042198,17,-402,1896,-186,466,336
IMU1,30217,317053303,-15,-421,1806,-187,460,319
IMU1,30218,317063473,-46,-444,1833,-201,448,301
IMU1,30219,317073641,-166,-436,1824,-210,406,285
IMU1,30220,317083996,-204,-407,1825,-221,362,273
IMU1,30221,317094365,-142,-360,1872,-234,312,253
IMU1,30222,317104749,-136,-331,1834,-238,278,211
IMU1,30223,317115123,-145,-359,1758,-238,258,158
IMU1,30224,317125504,-178,-411,1738,-244,211,103
IMU1,30225,317135864,-212,-485,1831,-246,129,65
IMU1,30226,317146029,-158,-530,1993,-227,65,61
IMU1,30227,317156002,-52,-543,2144,-186,54,74
IMU1,30228,317165773,31,-506,2230,-126,78,81
IMU1,30229,317175456,52,-465,2167,-59,88,66
IMU1,30230,317184941,23,-456,2001,-6,56,29
IMU1,30231,317194211,-43,-487,1838,25,-21,-17
IMU1,30232,317203886,-86,-565,1747,27,-108,-56
IMU1,30233,317213739,-137,-610,1776,12,-174,-75
IMU1,30234,317223805,-159,-624,1866,-2,-188,-71
IMU1,30235,317233772,-199,-621,1942,-9,-171,-51
IMU1,30236,317243738,-266,-600,1953,-4,-181,-12
IMU1,30237,317253697,-296,-596,1908,10,-230,35
IMU1,30238,317264717,-168,-610,1851,46,-341,134
IMU1,30239,317274883,-123,-628,1788,56,-377,171
IMU1,30240,317285051,-132,-669,1773,74,-395,187
IMU1,30241,317295215,-150,-691,1831,86,-425,204
IMU1,30242,317305381,-198,-663,1908,103,-459,220
IMU1,30243,317315753,-203,-615,1953,124,-479,244
IMU1,30244,317326126,-209,-587,1952,147,-490,268
IMU1,30245,317336489,-186,-538,1988,161,-501,299
IMU1,30246,317346855,1,-541,2116,174,-506,328
IMU1,30247,317356733,169,-710,2254,194,-495,346
IMU1,30248,317367018,175,-856,2417,212,-439,374
IMU1,30249,317377296,84,-887,2493,232,-307,442
IMU1,30250,317387367,14,-876,2427,242,-156,544
IMU1,30251,317397449,116,-755,2339,227,-48,641
IMU1,30252,317407532,213,-550,2072,202,31,671
IMU1,30253,317418568,180,-220,1980,133,64,547
IMU1,30254,317428551,136,-142,1947,106,-8,447
IMU1,30255,317438431,101,-185,1926,98,-75,348
IMU1,30256,317448317,53,-244,1903,88,-89,292
IMU1,30257,317457972,33,-283,1922,88,-63,272
IMU1,30258,317467622,36,-301,1993,97,-48,276
IMU1,30259,317477284,91,-268,2023,120,-57,268
IMU1,30260,317487137,89,-247,1959,147,-98,232
IMU1,30261,317497000,-9,-275,1858,171,-165,180
IMU1,30262,317506948,-107,-341,1799,184,-241,133
IMU1,30263,317517295,-160,-423,1805,176,-314,115
IMU1,30264,317527648,-143,-497,1857,165,-355,119
IMU1,30265,317538000,-66,-559,1930,161,-349,137
IMU1,30266,317548150,11,-596,2036,149,-293,162
IMU1,30267,317558215,19,-599,2130,141,-207,194
IMU1,30268,317568286,-26,-578,2174,138,-122,236
IMU1,30269,317578433,-33,-529,2160,134,-56,290
IMU1,30270,317588393,-5,-465,2149,119,-17,335
IMU1,30271,317598165,48,-411,2133,106,-5,359
IMU1,30272,317607839,107,-325,2103,91,-6,355
IMU1,30273,317617501,87,-237,2048,80,-16,325
IMU1,30274,317627163,57,-180,1984,68,-42,291
IMU1,30275,317636831,114,-178,2004,57,-93,250
IMU1,30276,317646690,159,-218,1991,57,-156,191
IMU1,30277,317656755,208,-284,1944,65,-209,122
IMU1,30278,317666815,207,-398,1924,78,-245,65
IMU1,30279,317676677,171,-501,1935,83,-270,32
IMU1,30280,317688110,-26,-575,2114,95,-254,53
IMU1,30281,317697873,-92,-615,2191,108,-180,113
IMU1,30282,317710585,-119,-647,2222,122,-95,188
IMU1,30283,317720742,-136,-631,2177,132,-18,255
IMU1,30284,317730914,-109,-570,2094,133,16,305
IMU1,30285,317740983,-38,-508,2019,121,15,339
IMU1,30286,317750845,48,-445,1984,101,-5,354
IMU1,30287,317760513,140,-391,1954,91,-27,349
IMU1,30288,317770374,143,-313,1910,92,-37,329
IMU1,30289,317780248,71,-259,1902,92,-43,315
IMU1,30290,317789922,9,-251,1981,102,-68,318
IMU1,30291,317799598,8,-288,2108,130,-105,323
IMU1,30292,317809470,61,-342,2206,161,-130,322
IMU1,30293,317819535,105,-392,2202,199,-121,309
IMU1,30294,317829813,107,-417,2163,228,-91,297
IMU1,30295,317839882,85,-434,2139,237,-61,295
IMU1,30296,317849768,66,-450,2122,233,-45,303
IMU1,30297,317861175,8,-430,2038,208,-38,322
IMU1,30298,317870832,15,-391,2005,179,-37,339
IMU1,30299,317880688,47,-336,2000,164,-34,343
IMU1,30300,317890536,70,-281,1992,150,-38,349
IMU1,30301,317900414,100,-246,2008,145,-37,344
IMU1,30302,317910479,131,-223,2048,153,-37,328
IMU1,30303,317920548,173,-212,2084,171,-48,314
IMU1,30304,317930609,207,-207,2102,191,-59,290
IMU1,30305,317940676,207,-229,2127,207,-72,264
IMU1,30306,317950744,153,-238,2146,226,-76,236
IMU1,30307,317960830,119,-253,2148,240,-73,219
IMU1,30308,317970893,88,-257,2126,249,-74,204
IMU1,30309,317980758,49,-244,2091,254,-77,195
IMU1,30310,317990628,42,-217,2060,244,-71,188
IMU1,30311,318000495,53,-190,2036,226,-68,182
IMU1,30312,318010362,120,-169,2024,205,-64,170
IMU1,30313,318020423,178,-156,2029,181,-59,149
IMU1,30314,318030484,205,-176,2045,159,-49,124
IMU1,30315,318040542,197,-194,2063,140,-35,104
IMU1,30316,318050611,192,-216,2076,123,-15,92
IMU1,30317,318060483,169,-206,2065,109,6,86
IMU1,30318,318070046,61,-181,2035,93,24,87
IMU1,30319,318079422,25,-186,1983,80,31,98
IMU1,30320,318088808,7,-184,1941,57,16,103
IMU1,30321,318098165,-20,-168,1923,37,-11,94
IMU1,30322,318107710,-18,-156,1924,21,-39,84
IMU1,30323,318117267,43,-176,1948,8,-67,72
IMU1,30324,318126534,96,-193,1995,-2,-85,56
IMU1,30325,318135901,143,-210,2060,-4,-83,42
IMU1,30326,318145477,179,-229,2115,-4,-74,34
IMU1,30327,318155047,198,-247,2154,1,-56,29
IMU1,30328,318164528,178,-257,2168,5,-28,26
IMU1,30329,318173990,134,-255,2149,-3,0,29
IMU1,30330,318183176,91,-247,2093,-20,20,35
IMU1,30331,318192642,82,-247,2019,-53,30,34
IMU1,30332,318202103,72,-248,1957,-93,32,22
IMU1,30333,318211579,61,-254,1926,-136,27,8
IMU1,30334,318221046,67,-255,1932,-175,20,-9
IMU1,30335,318230603,28,-280,1924,-200,14,-28
IMU1,30336,318240362,30,-298,1977,-212,13,-38
IMU1,30337,318250121,13,-301,1997,-213,14,-38
IMU1,30338,318259894,15,-309,2055,-207,20,-30
IMU1,30339,318269649,25,-314,2097,-195,26,-18
IMU1,30340,318279408,41,-318,2165,-176,31,-9
IMU1,30341,318288982,51,-325,2191,-147,27,-5
IMU1,30342,318298546,47,-342,2205,-114,21,-1
IMU1,30343,318308120,52,-349,2170,-78,12,-1
IMU1,30344,318317498,48,-350,2113,-48,5,0
IMU1,30345,318326484,46,-344,2059,-35,-1,3
IMU1,30346,318335653,40,-347,2022,-34,-3,6
IMU1,30347,318344843,41,-346,1988,-38,2,8
IMU1,30348,318353917,47,-344,1973,-55,10,10
IMU1,30349,318363400,69,-346,1985,-69,21,10
IMU1,30350,318372871,67,-346,2004,-87,27,13
IMU1,30351,318382343,49,-345,2038,-95,36,15
IMU1,30352,318391824,62,-350,2077,-92,39,15
IMU1,30353,318401320,48,-345,2113,-80,34,16
IMU1,30354,318410787,34,-345,2134,-56,27,19
IMU1,30355,318420268,12,-343,2136,-24,18,23
IMU1,30356,318429741,10,-335,2127,14,7,23
IMU1,30357,318438923,25,-333,2112,44,-12,25
IMU1,30358,318448394,30,-334,2084,72,-27,21
IMU1,30359,318457871,48,-326,2066,83,-45,22
IMU1,30360,318467348,63,-327,2044,85,-57,21
IMU1,30361,318476806,72,-331,2035,82,-56,20
IMU1,30362,318486264,71,-333,2029,76,-50,21
IMU1,30363,318495737,62,-331,2042,67,-41,27
IMU1,30364,318505212,41,-329,2048,66,-27,27
IMU1,30365,318515186,18,-329,2052,65,-14,30
IMU1,30366,318524667,9,-328,2046,59,-20,41
IMU1,30367,318534456,11,-326,2047,76,-34,28
IMU1,30368,318543917,22,-320,2054,84,-47,18
IMU1,30369,318553392,25,-323,2056,85,-53,11
IMU1,30370,318563390,19,-326,2043,85,-49,4
IMU1,30371,318572658,18,-326,2032,87,-41,-2
IMU1,30372,318582544,15,-325,2022,77,-33,1
IMU1,30373,318591819,17,-324,2024,68,-22,2
IMU1,30374,318601623,22,-320,2024,54,-17,3
IMU1,30375,318611406,20,-315,2018,47,-17,6
IMU1,30376,318620681,29,-310,2024,29,-17,4
IMU1,30377,318630479,29,-309,2026,26,-22,0
IMU1,30378,318640171,32,-312,2035,25,-16,-9
IMU1,30379,318649544,34,-314,2042,14,-15,-1
IMU1,30380,318659447,35,-310,2045,8,-10,6
IMU1,30381,318669051,41,-314,2041,-2,-10,9
IMU1,30382,318678733,46,-315,2042,5,3,-5
IMU1,30383,318688136,51,-314,2051,-5,-2,2
IMU1,30384,318697632,57,-311,2053,1,2,-3
IMU1,30385,318707556,60,-309,2058,0,-3,1
IMU1,30386,318719095,63,-306,2064,-1,-7,4
IMU1,30387,318728093,61,-302,2061,5,-3,-3
IMU1,30388,318737060,62,-297,2060,2,-4,1
IMU1,30389,318745937,60,-292,2057,2,-5,5
IMU1,30390,318755332,66,-283,2057,0,0,5
IMU1,30391,318764959,64,-278,2058,4,5,8
IMU1,30392,318774788,63,-282,2064,3,-1,17
IMU1,30393,318784386,74,-283,2076,12,2,11
IMU1,30394,318794083,68,-284,2087,16,1,11
IMU1,30395,318803779,60,-287,2086,20,-1,9
IMU1,30396,318813373,46,-286,2086,36,-5,5
IMU1,30397,318822973,40,-283,2083,41,-11,-1
IMU1,30398,318832337,37,-282,2083,56,-13,-9
IMU1,30399,318842233,36,-282,2075,59,-24,-9
IMU1,30400,318851614,32,-283,2066,66,-23,-14
IMU1,30401,318861169,29,-288,2057,60,-30,-9
IMU1,30402,318871047,30,-285,2047,62,-26,-12
IMU1,30403,318880605,41,-291,2045,54,-31,-4
IMU1,30404,318889956,45,-296,2041,51,-23,-12
IMU1,30405,318900026,40,-300,2039,41,-23,-10
IMU1,30406,318909577,42,-305,2027,31,-20,-14
IMU1,30407,318919142,32,-305,2027,31,-14,-21
IMU1,30408,318928706,21,-311,2028,23,-14,-22
IMU1,30409,318938261,18,-317,2030,16,-13,-20
IMU1,30410,318947819,24,-321,2035,8,-9,-19
IMU1,30411,318957512,36,-320,2037,2,-3,-20
IMU1,30412,318967205,42,-322,2044,-1,6,-22
IMU1,30413,318976887,43,-321,2050,-7,5,-22
IMU1,30414,318986555,48,-324,2053,-9,-4,-14
IMU1,30415,318995813,47,-320,2059,-8,-6,-15
IMU1,30416,319005601,47,-323,2056,-7,-3,-16
IMU1,30417,319015376,43,-326,2053,-5,-2,-14
IMU1,30418,319024638,45,-326,2044,-15,-5,-5
IMU1,30419,319034426,43,-320,2043,-8,-2,-4
IMU1,30420,319044012,42,-321,2049,-8,2,-1
IMU1,30421,319053489,36,-319,2053,-10,-2,10
IMU1,30422,319063376,38,-315,2058,-13,2,14
IMU1,30423,319072655,46,-314,2060,-10,5,17
IMU1,30424,319082452,50,-316,2063,-13,3,23
IMU1,30425,319092240,52,-315,2064,-13,0,25
IMU1,30426,319101934,57,-316,2071,-6,-3,26
IMU1,30427,319111118,55,-313,2073,1,-6,20
IMU1,30428,319120728,46,-319,2073,14,-7,13
IMU1,30429,319130519,35,-313,2071,26,-9,4
IMU1,30430,319140122,28,-310,2074,28,-12,-1
IMU1,30431,319150016,22,-304,2066,34,-22,1
IMU1,30432,319159308,10,-302,2060,30,-19,-2
IMU1,30433,319169215,2,-296,2051,39,-16,-6
IMU1,30434,319178908,1,-293,2043,41,-11,-6
IMU1,30435,319188083,11,-291,2040,39,-11,-5
IMU1,30436,319197969,16,-287,2041,31,-16,-2
IMU1,30437,319207346,20,-292,2049,35,-13,-5
IMU1,30438,319217232,18,-290,2057,34,-16,-4
IMU1,30439,319226606,16,-289,2064,32,-17,-5
IMU1,30440,319236497,26,-285,2076,40,-18,-7
IMU1,30441,319245859,36,-284,2059,48,-20,-5
IMU1,30442,319255741,30,-283,2069,51,-20,-10
IMU1,30443,319265311,30,-286,2054,58,-15,-16
IMU1,30444,319274874,42,-279,2044,57,-18,-17
IMU1,30445,319284448,33,-279,2031,53,-19,-18
IMU1,30446,319294008,34,-286,2036,45,-19,-19
IMU1,30447,319303573,40,-287,2045,35,-16,-19
IMU1,30448,319313147,35,-295,2061,29,-14,-18
IMU1,30449,319322721,32,-296,2072,26,-11,-16
IMU1,30450,319332297,36,-295,2065,24,-12,-9
IMU1,30451,319342194,41,-290,2054,28,-16,-10
IMU1,30452,319351769,44,-286,2035,35,-15,-19
IMU1,30453,319361346,48,-284,2031,29,-21,-21
IMU1,30454,319370905,44,-285,2032,18,-20,-22
IMU1,30455,319380467,39,-283,2038,5,-16,-22
IMU1,30456,319390365,34,-289,2041,-3,-9,-24
IMU1,30457,319399641,30,-290,2047,-14,-9,-16
IMU1,30458,319409633,30,-291,2052,-20,-7,-18
IMU1,30459,319419100,27,-291,2057,-25,-3,-20
IMU1,30460,319428574,29,-294,2061,-23,-6,-19
IMU1,30461,319438563,28,-299,2060,-14,-7,-21
IMU1,30462,319448032,25,-295,2057,-8,-8,-22
IMU1,30463,319457820,26,-299,2048,-6,-9,-21
IMU1,30464,319467092,26,-297,2041,-7,-10,-22
IMU1,30465,319476572,26,-292,2034,-6,-8,-22
IMU1,30466,319486373,29,-294,2038,-14,-7,-19
IMU1,30467,319495865,23,-292,2045,-21,-1,-18
IMU1,30468,319505833,24,-296,2056,-32,1,-13
IMU1,30469,319515198,23,-300,2064,-32,3,-13
IMU1,30470,319525092,26,-300,2071,-34,-2,-12
IMU1,30471,319534559,24,-306,2075,-26,-2,-19
IMU1,30472,319544023,22,-305,2081,-18,-8,-19
IMU1,30473,319553476,21,-307,2077,-5,-13,-26
IMU1,30474,319563459,25,-305,2074,11,-14,-35
IMU1,30475,319573033,24,-304,2074,18,-16,-28
IMU1,30476,319582602,22,-304,2067,28,-17,-22
IMU1,30477,319592172,24,-304,2063,35,-19,-25
IMU1,30478,319601734,21,-305,2055,39,-21,-29
IMU1,30479,319611300,21,-302,2051,41,-18,-31
IMU1,30480,319620867,24,-306,2047,39,-17,-32
IMU1,30481,319630427,21,-304,2051,34,-18,-25
IMU1,30482,319640512,26,-303,2047,28,-20,-16
IMU1,30483,319650078,29,-304,2040,26,-25,-19
IMU1,30484,319659644,33,-306,2043,24,-22,-29
IMU1,30485,319669207,39,-301,2044,20,-21,-29
IMU1,30486,319678769,34,-300,2051,18,-16,-33
IMU1,30487,319688343,38,-304,2056,18,-14,-35
IMU1,30488,319697906,35,-302,2060,18,-16,-34
IMU1,30489,319707474,33,-299,2057,19,-13,-36
IMU1,30490,319719795,30,-298,2054,19,-14,-34
IMU1,30491,319729367,24,-298,2050,18,-17,-33
IMU1,30492,319738935,33,-300,2045,17,-20,-31
IMU1,30493,319748505,36,-291,2041,14,-20,-29
IMU1,30494,319758066,33,-294,2044,9,-20,-30
IMU1,30495,319767441,37,-291,2046,7,-18,-33
IMU1,30496,319776813,31,-292,2058,6,-19,-33
IMU1,30497,319786179,25,-293,2062,6,-16,-34
IMU1,30498,319795554,17,-296,2059,6,-13,-33
IMU1,30499,319804924,20,-291,2055,8,-10,-34
IMU1,30500,319814299,27,-292,2050,6,-12,-32
IMU1,30501,319823686,32,-292,2051,7,-18,-32
IMU1,30502,319833052,35,-292,2056,10,-19,-34
IMU1,30503,319842624,33,-296,2060,12,-21,-32
IMU1,30504,319852186,26,-298,2059,11,-18,-34
IMU1,30505,319861749,27,-296,2063,12,-17,-34
IMU1,30506,319871321,29,-297,2061,14,-16,-37
IMU1,30507,319880901,34,-295,2056,13,-17,-36
IMU1,30508,319890469,31,-298,2055,13,-14,-41
IMU1,30509,319900039,29,-296,2056,12,-13,-41
IMU1,30510,319909600,33,-295,2054,14,-13,-43
IMU1,30511,319919164,33,-298,2053,13,-15,-42
IMU1,30512,319928740,37,-297,2051,14,-17,-43
IMU1,30513,319938308,37,-299,2053,15,-16,-48
IMU1,30514,319947884,38,-296,2053,11,-17,-48
IMU1,30515,319957460,43,-302,2048,5,-18,-45
IMU1,30516,319967358,43,-297,2047,4,-15,-48
IMU1,30517,319976743,42,-302,2046,0,-11,-53
IMU1,30518,319986547,43,-299,2050,-8,-12,-52
IMU1,30519,319996025,36,-301,2046,-15,-10,-52
IMU1,30520,320005702,34,-303,2051,-17,-11,-54
IMU1,30521,320015326,32,-301,2054,-13,-8,-58
IMU1,30522,320024766,32,-306,2059,-14,-12,-56
IMU1,30523,320034398,30,-303,2060,-12,-10,-59
IMU1,30524,320044036,28,-303,2055,-6,-12,-58
IMU1,30525,320053990,26,-305,2052,-6,-14,-55
IMU1,30526,320063430,26,-304,2050,0,-14,-56
IMU1,30527,320073197,24,-305,2051,0,-15,-57
IMU1,30528,320082443,26,-304,2051,-1,-13,-56
IMU1,30529,320092393,31,-306,2051,1,-15,-54
IMU1,30530,320101742,34,-308,2051,-4,-14,-53
IMU1,30531,320111719,31,-306,2054,-2,-12,-54
IMU1,30532,320121170,40,-306,2058,-3,-13,-55
IMU1,30533,320130619,38,-307,2051,1,-16,-54
IMU1,30534,320140483,35,-307,2049,8,-14,-60
IMU1,30535,320149834,33,-312,2052,4,-13,-57
IMU1,30536,320159704,37,-313,2047,3,-19,-51
IMU1,30537,320169058,43,-314,2048,0,-25,-54
IMU1,30538,320178817,50,-315,2051,9,-28,-62
IMU1,30539,320188694,56,-314,2055,12,-33,-57
IMU1,30540,320198248,56,-318,2059,18,-29,-64
IMU1,30541,320207801,58,-321,2058,16,-33,-61
IMU1,30542,320217344,57,-329,2058,13,-34,-63
IMU1,30543,320226895,53,-329,2053,12,-36,-65
IMU1,30544,320236434,55,-331,2055,12,-36,-68
IMU1,30545,320245985,54,-322,2058,9,-37,-70
IMU1,30546,320255855,60,-334,2056,3,-39,-68
IMU1,30547,320265223,46,-341,2050,1,-38,-67
IMU1,30548,320275093,34,-348,2047,-3,-34,-68
IMU1,30549,320284546,33,-350,2039,-2,-33,-65
IMU1,30550,320293997,37,-351,2033,-3,-25,-68
IMU1,30551,320303978,38,-347,2034,-9,-32,-61
IMU1,30552,320313449,39,-338,2037,-5,-30,-68
IMU1,30553,320322896,49,-336,2053,-6,-35,-66
IMU1,30554,320332848,52,-341,2066,-7,-41,-63
IMU1,30555,320342276,39,-335,2066,1,-42,-60
IMU1,30556,320352150,31,-336,2062,0,-34,-57
IMU1,30557,320361399,33,-342,2046,-7,-32,-43
IMU1,30558,320371362,32,-338,2035,-4,-29,-38
IMU1,30559,320380802,29,-335,2033,-6,-28,-28
IMU1,30560,320390241,30,-338,2036,-11,-27,-25
IMU1,30561,320399876,18,-343,2040,-14,-24,-20
IMU1,30562,320409514,3,-344,2038,-8,-16,-17
IMU1,30563,320419288,-5,-336,2040,-10,-18,-7
IMU1,30564,320429137,2,-333,2042,-11,-21,5
IMU1,30565,320438282,14,-329,2047,-15,-26,18
IMU1,30566,320448342,23,-325,2051,-6,-23,20
IMU1,30567,320457676,36,-319,2048,3,-18,26
IMU1,30568,320467454,41,-317,2059,7,-14,25
IMU1,30569,320476711,47,-312,2065,4,-21,35
IMU1,30570,320486492,51,-308,2066,16,-18,30
IMU1,30571,320496452,47,-303,2065,17,-19,34
IMU1,30572,320505904,37,-299,2061,17,-10,31
IMU1,30573,320515364,37,-296,2054,22,-7,29
IMU1,30574,320525122,25,-291,2052,24,-6,25
IMU1,30575,320534880,19,-279,2055,26,-4,15
IMU1,30576,320544125,15,-275,2063,18,-13,13
IMU1,30577,320554082,9,-265,2064,23,-16,5
IMU1,30578,320563647,-10,-254,2066,28,-18,8
IMU1,30579,320572979,10,-256,2057,34,-23,1
IMU1,30580,320582751,13,-252,2056,34,-21,-6
IMU1,30581,320592617,14,-249,2063,42,-20,-13
IMU1,30582,320602162,14,-244,2064,47,-17,-17
IMU1,30583,320611702,14,-245,2062,48,-20,-17
IMU1,30584,320621250,19,-247,2059,52,-22,-21
IMU1,30585,320630795,27,-248,2050,51,-24,-24
IMU1,30586,320640348,27,-249,2044,50,-24,-32
IMU1,30587,320649870,16,-249,2049,48,-24,-40
IMU1,30588,320659923,5,-244,2049,43,-31,-45
IMU1,30589,320669264,-9,-239,2049,38,-39,-46
IMU1,30590,320678707,-13,-239,2039,33,-42,-52
IMU1,30591,320688349,-9,-237,2025,22,-43,-50
IMU1,30592,320698311,-4,-243,2024,17,-40,-47
IMU1,30593,320707754,8,-246,2021,4,-37,-40
IMU1,30594,320720077,29,-240,2028,1,-38,-39
IMU1,30595,320729412,51,-246,2044,0,-38,-39
IMU1,30596,320738666,70,-252,2063,-7,-42,-39
IMU1,30597,320748112,82,-267,2066,-6,-44,-58
IMU1,30598,320757561,75,-285,2056,-8,-50,-76
IMU1,30599,320767027,66,-300,2046,-12,-51,-88
IMU1,30600,320776689,44,-310,2031,-21,-53,-96
IMU1,30601,320786337,31,-314,2016,-37,-54,-96
IMU1,30602,320795992,22,-319,2013,-53,-50,-93
IMU1,30603,320805657,27,-324,2011,-72,-48,-80
IMU1,30604,320815290,40,-333,2014,-86,-42,-65
IMU1,30605,320824930,62,-340,2027,-93,-27,-55
IMU1,30606,320834568,91,-340,2041,-95,-14,-45
IMU1,30607,320844196,120,-342,2058,-96,-13,-37
IMU1,30608,320854035,133,-359,2069,-94,-22,-35
IMU1,30609,320863883,140,-365,2068,-90,-30,-43
IMU1,30610,320873736,140,-380,2065,-88,-38,-53
IMU1,30611,320883584,123,-387,2057,-84,-46,-63
IMU1,30612,320893423,105,-389,2053,-84,-51,-71
IMU1,30613,320903281,81,-387,2051,-86,-55,-73
IMU1,30614,320912929,66,-383,2048,-89,-51,-64
IMU1,30615,320922578,60,-382,2033,-92,-39,-52
IMU1,30616,320932222,59,-389,2030,-92,-26,-39
IMU1,30617,320941870,69,-402,2033,-92,-17,-25
IMU1,30618,320951526,87,-413,2050,-91,-15,-10
IMU1,30619,320961181,113,-416,2068,-83,-16,-3
IMU1,30620,320970831,146,-417,2079,-71,-22,-7
IMU1,30621,320980486,150,-408,2088,-59,-30,-16
IMU1,30622,320990321,149,-399,2084,-45,-35,-34
IMU1,30623,321000177,118,-392,2071,-33,-41,-52
IMU1,30624,321010032,91,-384,2055,-27,-43,-57
IMU1,30625,321019687,69,-378,2039,-23,-44,-58
IMU1,30626,321029345,59,-378,2029,-25,-44,-51
IMU1,30627,321038991,69,-379,2027,-27,-36,-45
IMU1,30628,321048648,78,-386,2037,-26,-26,-39
IMU1,30629,321058296,86,-384,2054,-24,-20,-36
IMU1,30630,321067946,103,-387,2064,-18,-15,-42
IMU1,30631,321077800,113,-387,2069,-12,-17,-46
IMU1,30632,321087650,112,-373,2069,-1,-16,-57
IMU1,30633,321097317,100,-363,2063,9,-17,-67
IMU1,30634,321106882,78,-363,2053,13,-25,-77
IMU1,30635,321116446,54,-362,2044,17,-35,-83
IMU1,30636,321126012,35,-369,2040,20,-39,-84
IMU1,30637,321135584,29,-372,2040,21,-39,-81
IMU1,30638,321145133,24,-379,2031,17,-35,-75
IMU1,30639,321154688,31,-374,2033,11,-35,-66
IMU1,30640,321164233,71,-372,2028,11,-37,-62
IMU1,30641,321173784,53,-369,2028,13,-33,-64
IMU1,30642,321183327,37,-358,2034,10,-31,-57
IMU1,30643,321192882,51,-367,2032,9,-34,-49
IMU1,30644,321202232,41,-376,2035,11,-28,-49
IMU1,30645,321211783,38,-382,2036,13,-28,-43
IMU1,30646,321221332,43,-377,2039,11,-33,-35
IMU1,30647,321230880,59,-378,2041,10,-32,-33
IMU1,30648,321240423,71,-382,2035,9,-36,-28
IMU1,30649,321249774,69,-387,2031,2,-37,-23
IMU1,30650,321259120,85,-389,2024,-4,-35,-18
IMU1,30651,321268575,100,-398,2022,-5,-29,-14
IMU1,30652,321278225,103,-407,2017,-12,-23,-9
IMU1,30653,321287880,98,-414,2019,-18,-18,-1
IMU1,30654,321297318,100,-410,2028,-19,-12,5
IMU1,30655,321306855,107,-401,2038,-20,-7,12
IMU1,30656,321316398,126,-412,2045,-20,-5,19
IMU1,30657,321325945,98,-405,2044,-22,-2,24
IMU1,30658,321335297,87,-409,2046,-20,4,27
IMU1,30659,321344543,87,-413,2042,-21,-1,31
IMU1,30660,321353883,79,-421,2049,-22,-3,32
IMU1,30661,321363236,81,-414,2045,-20,-5,36
IMU1,30662,321372576,85,-416,2045,-16,-1,36
IMU1,30663,321381923,95,-412,2034,-16,3,36
IMU1,30664,321391186,94,-413,2022,-16,5,37
IMU1,30665,321400454,95,-416,2026,-14,6,37
IMU1,30666,321409711,102,-417,2040,-12,9,38
IMU1,30667,321419683,93,-424,2055,-11,8,42
IMU1,30668,321428941,86,-428,2061,-1,12,44
IMU1,30669,321438720,81,-422,2064,6,11,52
IMU1,30670,321448402,91,-417,2060,21,10,54
IMU1,30671,321457761,75,-397,2062,26,5,56
IMU1,30672,321467449,80,-393,2055,38,0,57
IMU1,30673,321477039,86,-382,2046,45,-8,60
IMU1,30674,321486824,87,-373,2042,50,-9,58
IMU1,30675,321496603,96,-363,2044,55,-2,59
IMU1,30676,321505866,98,-360,2050,54,-4,69
IMU1,30677,321515653,107,-358,2050,61,3,61
IMU1,30678,321525027,107,-366,2054,64,2,51
IMU1,30679,321534924,105,-377,2058,66,-4,42
IMU1,30680,321544403,99,-379,2059,73,-11,39
IMU1,30681,321553851,86,-387,2058,81,-9,23
IMU1,30682,321563628,78,-384,2051,88,-12,18
IMU1,30683,321573082,69,-392,2048,91,-17,16
IMU1,30684,321583063,56,-385,2039,95,-9,7
IMU1,30685,321592652,49,-377,2034,90,-10,13
IMU1,30686,321602107,52,-366,2034,81,-9,16
IMU1,30687,321611873,58,-354,2037,83,-2,11
IMU1,30688,321621652,65,-349,2040,81,2,12
IMU1,30689,321630805,75,-340,2046,67,-4,21
IMU1,30690,321640576,82,-335,2051,73,1,13
IMU1,30691,321650250,87,-333,2052,76,1,8
IMU1,30692,321659734,86,-332,2047,68,-7,10
IMU1,30693,321669509,78,-335,2045,81,-7,-2
IMU1,30694,321679181,69,-334,2039,75,-17,6
IMU1,30695,321688974,55,-336,2039,72,-17,5
IMU1,30696,321698235,48,-340,2039,65,-14,5
IMU1,30697,321708018,40,-332,2046,64,-9,4
IMU1,30698,321720242,27,-321,2046,70,-1,2
IMU1,30699,321729306,28,-316,2047,65,-2,14
IMU1,30700,321738567,33,-306,2039,62,3,14
IMU1,30701,321747743,46,-302,2033,52,1,15
IMU1,30702,321756914,44,-304,2036,46,0,10
IMU1,30703,321765986,51,-305,2035,46,-6,8
IMU1,30704,321775062,51,-303,2045,41,-9,6
IMU1,30705,321784656,55,-309,2047,42,-3,-3
IMU1,30706,321794332,65,-308,2049,44,-2,-7
IMU1,30707,321804008,72,-307,2050,39,-13,0
IMU1,30708,321813687,66,-318,2049,38,-12,-8
IMU1,30709,321823567,61,-323,2048,31,-12,-13
IMU1,30710,321833120,50,-325,2045,24,-12,-14
IMU1,30711,321842669,56,-324,2043,26,-13,-15
IMU1,30712,321852226,58,-324,2044,19,-18,-8
IMU1,30713,321861582,65,-320,2048,18,-12,-13
IMU1,30714,321871660,74,-315,2043,10,-16,-12
IMU1,30715,321881227,73,-317,2049,14,-10,-20
IMU1,30716,321890795,69,-323,2042,9,-15,-18
IMU1,30717,321900159,72,-325,2045,8,-14,-23
IMU1,30718,321910048,73,-327,2045,4,-17,-25
IMU1,30719,321919414,67,-327,2048,6,-18,-28
IMU1,30720,321929310,60,-330,2049,1,-21,-27
IMU1,30721,321938652,60,-327,2049,2,-18,-32
IMU1,30722,321948517,58,-333,2044,-3,-21,-33
IMU1,30723,321957945,54,-331,2045,1,-22,-34
IMU1,30724,321967805,50,-336,2042,-10,-25,-31
IMU1,30725,321977440,45,-341,2037,-7,-18,-35
IMU1,30726,321986877,44,-347,2037,-15,-21,-31
IMU1,30727,321996508,44,-347,2036,-15,-18,-32
IMU1,30728,322006150,45,-348,2039,-10,-16,-36
IMU1,30729,322015788,51,-341,2039,-11,-18,-38
IMU1,30730,322025434,53,-337,2045,-12,-22,-39
IMU1,30731,322035078,54,-345,2048,-9,-23,-44
IMU1,30732,322044527,54,-352,2054,-7,-21,-47
IMU1,30733,322053974,49,-354,2049,-8,-21,-41
IMU1,30734,322063930,44,-360,2045,-10,-17,-38
IMU1,30735,322073570,48,-360,2040,-7,-11,-41
IMU1,30736,322083019,47,-362,2040,-7,-12,-42
IMU1,30737,322092457,54,-361,2051,-11,-19,-37
IMU1,30738,322102099,57,-362,2049,-8,-19,-39
IMU1,30739,322112058,57,-360,2049,-5,-20,-41
IMU1,30740,322121480,48,-364,2053,-2,-16,-39
IMU1,30741,322130920,47,-367,2049,0,-15,-35
IMU1,30742,322140683,49,-363,2048,4,-12,-29
IMU1,30743,322150547,48,-361,2050,4,-8,-19
IMU1,30744,322160205,59,-352,2052,1,-11,-8
IMU1,30745,322169351,70,-350,2054,4,-12,-10
IMU1,30746,322179229,64,-351,2063,17,-12,-17
IMU1,30747,322188767,63,-351,2062,27,-10,-23
IMU1,30748,322198323,57,-354,2059,25,-17,-19
IMU1,30749,322207876,55,-351,2056,28,-19,-21
IMU1,30750,322217431,56,-350,2052,33,-22,-22
IMU1,30751,322227507,57,-349,2046,36,-26,-22
IMU1,30752,322237058,61,-341,2048,37,-28,-22
IMU1,30753,322246615,62,-341,2046,36,-24,-27
IMU1,30754,322256160,65,-339,2047,32,-26,-26
IMU1,30755,322265697,62,-339,2045,35,-23,-26
IMU1,30756,322275238,64,-343,2043,33,-22,-23
IMU1,30757,322284781,65,-341,2044,34,-19,-21
IMU1,30758,322294336,61,-334,2042,33,-19,-20
IMU1,30759,322304411,62,-329,2050,37,-17,-17
IMU1,30760,322313948,68,-328,2050,26,-23,-7
IMU1,30761,322323302,70,-326,2048,36,-22,-21
IMU1,30762,322332847,60,-324,2045,33,-23,-30
IMU1,30763,322342912,52,-328,2044,35,-24,-32
IMU1,30764,322352465,59,-331,2044,32,-30,-28
IMU1,30765,322362026,57,-336,2039,27,-25,-32
IMU1,30766,322371571,56,-336,2036,20,-22,-29
IMU1,30767,322381119,55,-334,2029,15,-15,-26
IMU1,30768,322390668,58,-338,2036,11,-14,-19
IMU1,30769,322400225,67,-336,2041,4,-19,-14
IMU1,30770,322410086,74,-338,2048,6,-17,-17
IMU1,30771,322419434,68,-333,2058,6,-16,-8
IMU1,30772,322429110,70,-341,2056,3,-10,-3
IMU1,30773,322438801,69,-344,2047,3,-16,-2
IMU1,30774,322448459,75,-338,2042,-7,-16,-10
IMU1,30775,322457895,81,-333,2039,4,-10,-20
IMU1,30776,322467751,85,-334,2045,-5,-15,-18
IMU1,30777,322477197,77,-340,2049,-11,-17,-16
IMU1,30778,322486844,77,-343,2052,-8,-15,-19
IMU1,30779,322496808,69,-342,2049,-10,-13,-18
IMU1,30780,322506438,71,-343,2049,-13,-12,-17
IMU1,30781,322516082,71,-345,2052,-4,-9,-22
IMU1,30782,322525335,69,-348,2051,-2,-11,-21
IMU1,30783,322534786,68,-346,2054,-5,-14,-16
IMU1,30784,322544753,64,-347,2046,4,-12,-19
IMU1,30785,322554107,65,-347,2050,5,-11,-22
IMU1,30786,322563991,71,-344,2060,3,-15,-18
IMU1,30787,322573328,68,-342,2050,10,-13,-21
IMU1,30788,322582859,61,-346,2052,11,-14,-22
IMU1,30789,322592917,63,-343,2052,11,-15,-21
IMU1,30790,322602454,56,-345,2047,15,-11,-24
IMU1,30791,322611984,55,-344,2048,16,-15,-22
IMU1,30792,322621519,56,-343,2043,17,-19,-17
IMU1,30793,322631058,61,-350,2045,19,-17,-23
IMU1,30794,322640601,58,-352,2047,18,-14,-23
IMU1,30795,322650662,57,-350,2050,21,-12,-24
IMU1,30796,322660207,61,-353,2054,23,-16,-21
IMU1,30797,322669752,62,-346,2055,24,-18,-20
IMU1,30798,322679301,57,-347,2052,25,-15,-23
IMU1,30799,322688852,54,-347,2045,27,-17,-21
IMU1,30800,322698382,51,-340,2046,24,-18,-21
IMU1,30801,322707919,56,-339,2048,26,-16,-21
IMU1,30802,322720629,63,-341,2045,26,-17,-21
IMU1,30803,322730166,66,-331,2047,27,-17,-16
IMU1,30804,322739705,67,-334,2042,21,-19,-12
IMU1,30805,322749245,67,-338,2047,21,-17,-17
IMU1,30806,322758792,66,-338,2049,25,-16,-22
IMU1,30807,322768340,64,-336,2045,24,-18,-21
IMU1,30808,322777862,61,-337,2045,21,-20,-19
IMU1,30809,322787390,64,-337,2046,17,-19,-21
IMU1,30810,322796923,64,-339,2046,17,-17,-21
IMU1,30811,322806457,66,-340,2042,17,-16,-22
IMU1,30812,322815984,68,-337,2045,14,-17,-20
IMU1,30813,322825541,70,-340,2042,14,-14,-23
IMU1,30814,322835084,66,-339,2047,10,-14,-21
IMU1,30815,322844627,65,-339,2047,9,-14,-17
IMU1,30816,322853971,67,-344,2043,9,-13,-18
IMU1,30817,322863318,68,-338,2044,11,-13,-20
IMU1,30818,322872867,67,-338,2047,13,-11,-23
IMU1,30819,322882404,66,-339,2053,9,-15,-22
IMU1,30820,322891739,66,-338,2052,11,-17,-22
IMU1,30821,322901280,74,-342,2048,11,-17,-22
IMU1,30822,322910817,71,-344,2048,8,-14,-24
IMU1,30823,322920163,71,-346,2042,7,-14,-21
IMU1,30824,322929502,67,-344,2043,6,-12,-22
IMU1,30825,322938844,69,-341,2045,6,-13,-18
IMU1,30826,322948715,67,-341,2048,5,-15,-20
IMU1,30827,322958065,59,-343,2045,5,-13,-25
IMU1,30828,322967937,56,-342,2048,12,-12,-27
IMU1,30829,322977490,53,-340,2048,6,-15,-24
IMU1,30830,322986831,54,-341,2053,12,-17,-25
IMU1,30831,322996900,54,-342,2051,11,-17,-26
IMU1,30832,323006445,51,-341,2051,10,-16,-29
IMU1,30833,323015995,58,-342,2045,13,-17,-26
IMU1,30834,323025550,63,-346,2042,14,-16,-25
IMU1,30835,323035105,61,-342,2039,11,-17,-24
IMU1,30836,323044663,61,-342,2041,11,-14,-25
IMU1,30837,323054212,57,-344,2042,13,-13,-23
IMU1,30838,323063763,60,-346,2046,14,-9,-22
IMU1,30839,323073641,58,-344,2052,9,-13,-16
IMU1,30840,323082982,60,-347,2053,16,-9,-20
IMU1,30841,323092850,68,-344,2054,14,-13,-18
IMU1,30842,323102384,69,-344,2050,20,-10,-19
IMU1,30843,323111938,71,-342,2042,13,-17,-15
IMU1,30844,323121493,78,-345,2043,18,-15,-18
IMU1,30845,323131044,79,-341,2047,13,-20,-12
IMU1,30846,323141113,77,-342,2051,17,-14,-19
IMU1,30847,323150671,77,-343,2049,17,-10,-20
IMU1,30848,323160226,71,-341,2051,11,-13,-16
IMU1,30849,323169781,71,-338,2050,13,-10,-20
IMU1,30850,323179333,66,-343,2047,13,-16,-16
IMU1,30851,323188884,68,-339,2050,13,-13,-19
IMU1,30852,323198429,69,-344,2051,8,-17,-16
IMU1,30853,323208307,63,-342,2046,9,-19,-15
IMU1,30854,323217646,66,-343,2047,16,-13,-22
IMU1,30855,323227698,66,-339,2051,14,-15,-21
IMU1,30856,323237235,69,-338,2052,8,-15,-17
IMU1,30857,323246579,67,-335,2049,15,-13,-20
IMU1,30858,323256118,66,-336,2049,16,-12,-22
IMU1,30859,323265667,59,-333,2049,15,-12,-14
IMU1,30860,323275723,50,-340,2049,8,-14,-7
IMU1,30861,323285398,53,-337,2044,16,-12,-12
IMU1,30862,323294941,52,-342,2047,13,-13,-11
IMU1,30863,323304488,52,-342,2051,15,-16,-16
IMU1,30864,323314028,56,-343,2051,12,-18,-19
IMU1,30865,323323576,58,-342,2048,17,-17,-19
IMU1,30866,323333127,56,-338,2046,14,-17,-18
IMU1,30867,323342666,60,-335,2046,18,-14,-21
IMU1,30868,323352732,69,-335,2048,16,-16,-19
IMU1,30869,323362284,72,-338,2048,13,-13,-20
IMU1,30870,323371827,73,-337,2049,17,-13,-22
IMU1,30871,323381384,74,-338,2049,18,-13,-20
IMU1,30872,323390931,71,-339,2051,16,-16,-21
IMU1,30873,323400488,67,-341,2048,15,-16,-25
IMU1,30874,323410027,62,-338,2050,14,-19,-21
IMU1,30875,323419574,64,-337,2050,12,-17,-24
IMU1,30876,323429654,62,-338,2045,13,-16,-23
IMU1,30877,323439207,66,-338,2046,12,-12,-23
IMU1,30878,323448760,65,-338,2045,12,-15,-20
IMU1,30879,323458311,65,-338,2046,14,-12,-24
IMU1,30880,323467863,68,-338,2048,9,-15,-21
IMU1,30881,323477732,75,-337,2049,14,-15,-25
IMU1,30882,323487288,68,-340,2053,19,-13,-30
IMU1,30883,323496837,65,-344,2054,16,-18,-27
IMU1,30884,323506388,64,-341,2052,16,-18,-30
IMU1,30885,323515947,61,-343,2048,19,-15,-34
IMU1,30886,323525507,62,-340,2050,18,-17,-30
IMU1,30887,323535058,59,-339,2045,18,-16,-27
IMU1,30888,323544607,61,-342,2048,18,-14,-27
IMU1,30889,323554674,63,-341,2045,18,-12,-29
IMU1,30890,323564225,64,-341,2050,19,-11,-26
IMU1,30891,323573778,66,-336,2050,17,-17,-20
IMU1,30892,323583332,69,-338,2053,19,-17,-21
IMU1,30893,323592908,63,-334,2050,16,-18,-20
IMU1,30894,323602447,62,-334,2052,19,-17,-21
IMU1,30895,323611981,61,-333,2051,22,-18,-21
IMU1,30896,323621526,61,-331,2054,22,-18,-26
IMU1,30897,323631589,54,-334,2048,24,-21,-24
IMU1,30898,323641136,53,-332,2046,26,-20,-24
IMU1,30899,323650677,55,-331,2042,20,-19,-25
IMU1,30900,323660214,57,-333,2045,21,-20,-24
IMU1,30901,323669763,61,-335,2043,21,-19,-27
IMU1,30902,323679302,61,-335,2045,17,-20,-24
IMU1,30903,323688857,62,-338,2046,17,-18,-23
IMU1,30904,323698914,61,-336,2048,19,-15,-25
IMU1,30905,323708463,65,-337,2050,18,-20,-17
IMU1,30906,323720659,67,-332,2052,17,-18,-21
IMU1,30907,323730204,74,-333,2056,20,-17,-23
IMU1,30908,323739757,76,-335,2052,22,-16,-24
IMU1,30909,323749315,78,-341,2046,18,-15,-25
IMU1,30910,323758859,78,-342,2046,18,-14,-26
IMU1,30911,323768407,77,-335,2043,20,-13,-28
IMU1,30912,323777945,73,-337,2044,15,-13,-27
IMU1,30913,323787492,70,-335,2046,15,-13,-29
IMU1,30914,323797052,68,-340,2048,11,-13,-26
IMU1,30915,323806599,70,-343,2048,11,-11,-27
IMU1,30916,323816154,72,-339,2049,12,-11,-26
IMU1,30917,323825705,71,-336,2052,9,-14,-24
IMU1,30918,323835064,70,-338,2049,10,-13,-28
IMU1,30919,323844619,67,-339,2053,10,-16,-26
IMU1,30920,323854158,65,-337,2055,12,-16,-24
IMU1,30921,323863699,60,-339,2048,11,-14,-25
IMU1,30922,323873241,64,-332,2045,11,-11,-25
IMU1,30923,323882782,60,-333,2041,12,-11,-25
IMU1,30924,323892327,58,-330,2044,10,-11,-25
IMU1,30925,323901864,60,-332,2045,7,-14,-22
IMU1,30926,323911214,57,-331,2051,9,-13,-22
IMU1,30927,323920570,56,-329,2048,5,-15,-17
IMU1,30928,323929913,60,-334,2051,6,-14,-18
IMU1,30929,323939265,61,-335,2048,10,-13,-19
IMU1,30930,323948810,62,-333,2044,5,-13,-17
IMU1,30931,323958154,61,-335,2045,6,-14,-17
IMU1,30932,323968033,58,-339,2049,4,-15,-19
IMU1,30933,323977371,59,-339,2047,10,-12,-22
IMU1,30934,323987446,60,-340,2049,10,-12,-22
IMU1,30935,323996999,62,-337,2052,4,-15,-17
IMU1,30936,324006349,70,-337,2052,8,-16,-16
IMU1,30937,324016223,67,-340,2050,10,-12,-20
IMU1,30938,324025764,70,-337,2050,10,-17,-16
IMU1,30939,324035305,71,-338,2044,6,-15,-22
IMU1,30940,324044650,69,-337,2049,8,-16,-21
IMU1,30941,324054526,67,-339,2048,3,-17,-20
IMU1,30942,324063878,72,-342,2046,3,-14,-22
IMU1,30943,324073764,66,-346,2051,9,-12,-22
IMU1,30944,324083118,64,-346,2048,8,-11,-19
IMU1,30945,324092998,70,-343,2052,4,-14,-18
IMU1,30946,324102356,69,-343,2050,10,-11,-24
IMU1,30947,324112427,68,-341,2049,6,-16,-20
IMU1,30948,324121772,64,-343,2050,5,-16,-20
IMU1,30949,324131632,62,-341,2048,11,-17,-19
IMU1,30950,324141183,61,-342,2051,12,-19,-15
IMU1,30951,324150738,65,-335,2048,13,-16,-18
IMU1,30952,324160291,65,-339,2050,9,-16,-18
IMU1,30953,324170151,60,-338,2051,15,-18,-18
IMU1,30954,324179706,63,-340,2047,16,-20,-14
IMU1,30955,324189253,65,-340,2047,18,-14,-22
IMU1,30956,324198806,68,-338,2050,16,-17,-20
IMU1,30957,324208345,68,-335,2048,15,-21,-16
IMU1,30958,324217892,75,-341,2053,14,-21,-19
IMU1,30959,324227450,70,-340,2055,18,-20,-19
IMU1,30960,324237003,72,-340,2050,20,-19,-17
IMU1,30961,324247074,72,-334,2046,17,-17,-15
IMU1,30962,324256621,74,-336,2045,19,-12,-21
IMU1,30963,324266168,74,-333,2043,19,-15,-19
IMU1,30964,324275717,64,-335,2042,17,-17,-16
IMU1,30965,324285268,58,-335,2046,13,-19,-17
IMU1,30966,324294822,60,-335,2051,16,-17,-20
IMU1,30967,324304375,64,-338,2059,15,-21,-17
IMU1,30968,324313926,59,-337,2053,20,-17,-20
IMU1,30969,324323999,56,-333,2044,15,-12,-21
IMU1,30970,324333552,57,-333,2040,7,-16,-12
IMU1,30971,324342913,59,-330,2041,15,-14,-18
IMU1,30972,324352472,64,-331,2044,14,-17,-17
IMU1,30973,324362019,67,-332,2049,12,-18,-14
IMU1,30974,324372096,64,-333,2050,10,-15,-16
IMU1,30975,324381654,68,-338,2049,15,-10,-20
IMU1,30976,324391215,67,-338,2054,10,-17,-16
IMU1,30977,324400777,77,-339,2053,8,-16,-18
IMU1,30978,324410145,77,-340,2049,13,-17,-22
IMU1,30979,324420208,78,-339,2048,11,-17,-21
IMU1,30980,324429747,78,-340,2047,14,-12,-23
IMU1,30981,324439292,77,-342,2051,12,-13,-23
IMU1,30982,324448843,76,-337,2050,10,-12,-22
IMU1,30983,324458386,75,-337,2052,11,-15,-18
IMU1,30984,324467939,68,-338,2050,8,-14,-19
IMU1,30985,324477813,66,-339,2050,11,-12,-19
IMU1,30986,324487372,66,-337,2048,14,-11,-21
IMU1,30987,324496909,66,-338,2046,14,-16,-17
IMU1,30988,324506448,67,-339,2049,12,-18,-15
IMU1,30989,324515983,64,-336,2050,14,-20,-15
IMU1,30990,324525532,65,-336,2053,16,-19,-19
IMU1,30991,324535609,66,-338,2048,18,-20,-16
IMU1,30992,324545164,59,-340,2049,22,-16,-20
IMU1,30993,324554716,53,-339,2042,21,-19,-16
IMU1,30994,324564279,59,-340,2044,19,-17,-18
IMU1,30995,324573834,61,-337,2045,15,-18,-17
IMU1,30996,324583388,54,-338,2041,20,-14,-21
IMU1,30997,324592939,59,-336,2045,16,-18,-15
IMU1,30998,324602494,57,-333,2045,19,-13,-18
IMU1,30999,324612052,61,-331,2049,14,-17,-15
IMU1,31000,324622112,62,-331,2046,17,-14,-20
IMU1,31001,324631659,59,-329,2051,21,-13,-13
IMU1,31002,324641215,63,-328,2048,17,-16,-7
IMU1,31003,324650564,67,-327,2051,14,-19,-11
IMU1,31004,324660625,65,-328,2051,17,-16,-20
IMU1,31005,324670170,71,-332,2048,17,-20,-17
IMU1,31006,324679724,68,-332,2047,13,-17,-20
IMU1,31007,324689273,72,-333,2046,10,-18,-20
IMU1,31008,324698834,64,-334,2051,9,-18,-18
IMU1,31009,324708718,68,-332,2047,10,-15,-18
IMU1,31010,324720929,65,-333,2046,13,-10,-23
IMU1,31011,324730482,75,-335,2047,7,-16,-18
IMU1,31012,324739850,74,-334,2049,8,-15,-20
IMU1,31013,324749204,72,-335,2049,7,-15,-22
IMU1,31014,324758560,69,-334,2052,4,-16,-20
IMU1,31015,324767922,72,-335,2050,4,-14,-23
IMU1,31016,324777295,63,-334,2047,3,-15,-22
IMU1,31017,324786653,66,-337,2042,4,-15,-23
IMU1,31018,324796021,68,-329,2042,2,-16,-21
IMU1,31019,324805387,66,-334,2044,2,-14,-22
IMU1,31020,324814743,64,-333,2046,1,-13,-21
IMU1,31021,324824087,66,-335,2048,0,-16,-17
IMU1,31022,324833332,62,-336,2051,-4,-15,-18
IMU1,31023,324843297,64,-338,2052,-3,-17,-18
IMU1,31024,324852750,70,-340,2054,1,-18,-19
IMU1,31025,324862118,70,-340,2051,3,-14,-24
IMU1,31026,324872006,70,-339,2049,4,-14,-26
IMU1,31027,324881354,68,-338,2054,5,-11,-22
IMU1,31028,324891232,63,-334,2052,1,-14,-13
IMU1,31029,324900590,67,-338,2052,1,-18,-14
IMU1,31030,324910468,71,-336,2048,4,-15,-24
IMU1,31031,324919830,70,-341,2045,6,-18,-21
IMU1,31032,324929720,65,-344,2042,3,-19,-22
IMU1,31033,324939076,63,-343,2048,-5,-18,-19
IMU1,31034,324949057,65,-343,2047,1,-17,-23
IMU1,31035,324958421,65,-347,2049,-5,-20,-19
IMU1,31036,324967882,60,-345,2048,2,-16,-25
IMU1,31037,324977762,53,-344,2050,5,-14,-21
IMU1,31038,324987122,52,-343,2050,-4,-19,-10
IMU1,31039,324997105,60,-344,2053,3,-18,-19
IMU1,31040,325006480,60,-346,2050,11,-13,-27
IMU1,31041,325016035,64,-340,2049,11,-14,-22
IMU1,31042,325025595,72,-341,2047,9,-13,-22
IMU1,31043,325035479,76,-338,2047,6,-17,-20
IMU1,31044,325044851,69,-343,2043,9,-14,-23
IMU1,31045,325054725,62,-343,2044,7,-18,-22
IMU1,31046,325064089,59,-345,2035,10,-17,-22
IMU1,31047,325074146,60,-345,2041,5,-16,-20
IMU1,31048,325083494,63,-344,2046,8,-12,-23
IMU1,31049,325093369,75,-344,2054,3,-16,-18
IMU1,31050,325102729,76,-345,2054,3,-15,-18
IMU1,31051,325112607,79,-342,2051,6,-12,-19
IMU1,31052,325121973,86,-340,2053,8,-9,-22
IMU1,31053,325131631,85,-345,2051,8,-11,-22
IMU1,31054,325141495,84,-342,2049,2,-15,-20
IMU1,31055,325150836,79,-344,2049,3,-16,-24
IMU1,31056,325160702,69,-348,2047,11,-17,-27
IMU1,31057,325170249,69,-350,2044,9,-17,-25
IMU1,31058,325179601,65,-348,2044,4,-18,-24
IMU1,31059,325189472,69,-350,2042,8,-14,-28
IMU1,31060,325198824,65,-346,2046,13,-9,-32
IMU1,31061,325208698,68,-348,2049,9,-17,-24
IMU1,31062,325218049,66,-346,2055,13,-16,-25
IMU1,31063,325227597,67,-347,2052,14,-14,-28
IMU1,31064,325237657,70,-346,2054,11,-15,-28
IMU1,31065,325247206,68,-349,2052,18,-12,-31
IMU1,31066,325256754,65,-346,2048,18,-14,-29
IMU1,31067,325266299,59,-347,2039,15,-16,-27
IMU1,31068,325275843,56,-345,2039,14,-17,-25
IMU1,31069,325285388,53,-343,2039,12,-16,-25
IMU1,31070,325294931,58,-342,2040,14,-16,-25
IMU1,31071,325304479,64,-343,2047,12,-16,-25
IMU1,31072,325314543,63,-342,2053,16,-13,-28
IMU1,31073,325324099,61,-345,2047,17,-13,-28
IMU1,31074,325333654,62,-345,2048,13,-19,-22
IMU1,31075,325343207,65,-346,2044,18,-16,-24
IMU1,31076,325352761,69,-347,2048,13,-19,-22
IMU1,31077,325362316,68,-347,2045,16,-16,-25
IMU1,31078,325371875,67,-345,2046,16,-19,-22
IMU1,31079,325381435,64,-349,2046,16,-14,-24
IMU1,31080,325391510,64,-347,2048,14,-14,-21
IMU1,31081,325401061,70,-347,2046,16,-12,-22
IMU1,31082,325410614,74,-342,2042,11,-16,-21
IMU1,31083,325420162,75,-344,2043,14,-13,-26
IMU1,31084,325429713,68,-345,2043,14,-14,-24
IMU1,31085,325439264,72,-344,2048,9,-20,-22
IMU1,31086,325449146,72,-343,2052,10,-17,-25
IMU1,31087,325458693,77,-346,2046,5,-19,-20
IMU1,31088,325468045,76,-348,2047,14,-15,-24
IMU1,31089,325477600,68,-350,2046,14,-10,-26
IMU1,31090,325487673,69,-347,2044,8,-15,-21
IMU1,31091,325497037,59,-347,2048,10,-10,-20
IMU1,31092,325506595,61,-348,2051,5,-17,-11
IMU1,31093,325516471,71,-349,2056,8,-17,-17
IMU1,31094,325525843,68,-348,2053,10,-15,-25
IMU1,31095,325535399,71,-350,2050,17,-15,-24
IMU1,31096,325544964,75,-346,2047,15,-14,-23
IMU1,31097,325555035,72,-343,2046,12,-16,-22
IMU1,31098,325564605,75,-347,2045,8,-17,-19
IMU1,31099,325573971,71,-346,2048,14,-16,-22
IMU1,31100,325583535,78,-344,2051,14,-17,-22
IMU1,31101,325593101,72,-346,2045,16,-17,-22
IMU1,31102,325602672,70,-343,2053,17,-16,-20
IMU1,31103,325612230,70,-346,2052,19,-18,-19
IMU1,31104,325622313,68,-345,2047,20,-16,-21
IMU1,31105,325631881,65,-344,2049,23,-14,-18
IMU1,31106,325641461,63,-346,2046,24,-16,-11
IMU1,31107,325651008,67,-347,2043,22,-19,-13
IMU1,31108,325660562,59,-343,2051,21,-18,-21
IMU1,31109,325670113,57,-341,2050,24,-16,-25
IMU1,31110,325679676,62,-337,2051,23,-19,-20
IMU1,31111,325689242,60,-337,2049,26,-18,-21
IMU1,31112,325698797,58,-339,2038,25,-16,-20
IMU1,31113,325708873,62,-336,2034,21,-15,-18
IMU1,31114,325721071,61,-338,2041,21,-15,-17
IMU1,31115,325730628,70,-340,2048,20,-16,-18
IMU1,31116,325740185,70,-341,2055,19,-14,-17
IMU1,31117,325749739,66,-343,2052,21,-13,-14
IMU1,31118,325759306,70,-341,2049,23,-12,-15
IMU1,31119,325768876,76,-336,2047,20,-13,-15
IMU1,31120,325778427,80,-335,2047,20,-12,-17
IMU1,31121,325787970,79,-333,2046,15,-15,-17
IMU1,31122,325797526,76,-334,2043,13,-17,-16
IMU1,31123,325807077,78,-337,2044,15,-14,-20
IMU1,31124,325816632,81,-339,2047,8,-12,-19
IMU1,31125,325825986,80,-338,2045,7,-11,-19
IMU1,31126,325835340,75,-338,2046,9,-13,-19
IMU1,31127,325844710,78,-339,2051,8,-14,-21
IMU1,31128,325854068,76,-344,2052,10,-12,-24
IMU1,31129,325863630,68,-342,2050,7,-16,-22
IMU1,31130,325872992,68,-337,2047,5,-14,-24
IMU1,31131,325882352,69,-342,2049,7,-15,-23
IMU1,31132,325891714,72,-337,2046,9,-14,-23
IMU1,31133,325901072,69,-339,2044,11,-15,-21
IMU1,31134,325910624,66,-340,2043,9,-18,-18
IMU1,31135,325919988,63,-341,2046,12,-14,-23
IMU1,31136,325930079,62,-342,2049,7,-14,-22
IMU1,31137,325939440,63,-344,2049,12,-15,-19
IMU1,31138,325948987,62,-339,2050,11,-15,-19
IMU1,31139,325958548,59,-343,2044,10,-16,-19
IMU1,31140,325968108,63,-344,2048,8,-16,-17
IMU1,31141,325977983,64,-339,2047,14,-12,-20
IMU1,31142,325987543,63,-343,2047,4,-17,-12
IMU1,31143,325996911,67,-340,2048,15,-14,-19
IMU1,31144,326006993,70,-342,2049,14,-14,-18
IMU1,31145,326016560,61,-338,2053,12,-13,-11
IMU1,31146,326026114,67,-339,2049,11,-16,-2
IMU1,31147,326035484,74,-340,2049,12,-16,-12
IMU1,31148,326045052,76,-340,2050,14,-18,-18
IMU1,31149,326055123,71,-338,2052,14,-18,-19
IMU1,31150,326064678,70,-341,2046,11,-17,-17
IMU1,31151,326074231,69,-339,2049,21,-13,-22
IMU1,31152,326083795,63,-343,2046,17,-16,-17
IMU1,31153,326093348,66,-345,2050,17,-19,-15
IMU1,31154,326102901,68,-343,2049,16,-16,-16
IMU1,31155,326112463,74,-341,2048,15,-15,-18
IMU1,31156,326122023,76,-340,2049,17,-14,-20
IMU1,31157,326131586,70,-338,2046,17,-16,-18
IMU1,31158,326141668,70,-337,2047,17,-16,-17
IMU1,31159,326151237,71,-341,2046,14,-16,-16
IMU1,31160,326160795,67,-338,2047,14,-16,-17
IMU1,31161,326170350,67,-338,2045,16,-11,-19
IMU1,31162,326179905,65,-337,2044,14,-13,-14
IMU1,31163,326189461,67,-332,2043,17,-11,-19
IMU1,31164,326199020,71,-333,2046,11,-17,-17
IMU1,31165,326208590,66,-340,2049,12,-18,-18
IMU1,31166,326218141,72,-338,2046,9,-18,-17
IMU1,31167,326228029,69,-337,2049,13,-16,-16
IMU1,31168,326237583,70,-337,2050,8,-16,-15
IMU1,31169,326246959,68,-337,2047,13,-12,-20
IMU1,31170,326257030,64,-335,2049,9,-16,-16
IMU1,31171,326266392,70,-335,2052,5,-19,-15
IMU1,31172,326276289,74,-338,2053,11,-17,-19
IMU1,31173,326285853,74,-339,2051,15,-21,-15
IMU1,31174,326295422,75,-339,2048,16,-19,-16
IMU1,31175,326304990,78,-341,2051,16,-18,-18
IMU1,31176,326314556,73,-341,2045,14,-16,-17
IMU1,31177,326324130,74,-336,2048,14,-17,-16
IMU1,31178,326333699,64,-339,2045,16,-16,-18
IMU1,31179,326343267,57,-338,2049,17,-15,-19
IMU1,31180,326352839,53,-339,2053,14,-17,-18
IMU1,31181,326362405,55,-336,2055,15,-16,-13
IMU1,31182,326372492,50,-336,2055,13,-14,-6
IMU1,31183,326381856,55,-334,2044,12,-12,-6
IMU1,31184,326391225,58,-336,2042,9,-15,-4
IMU1,31185,326400918,65,-339,2044,12,-17,-10
IMU1,31186,326410455,69,-340,2050,22,-16,-18
IMU1,31187,326420517,69,-336,2052,14,-19,-13
IMU1,31188,326430062,71,-337,2052,8,-14,-12
IMU1,31189,326439427,69,-336,2049,16,-13,-13
IMU1,31190,326448982,78,-334,2049,17,-15,-14
IMU1,31191,326458537,75,-334,2051,18,-17,-17
IMU1,31192,326468612,77,-335,2052,13,-18,-19
IMU1,31193,326478166,76,-337,2047,11,-15,-19
IMU1,31194,326487717,76,-337,2047,10,-14,-16
IMU1,31195,326497274,79,-334,2049,11,-18,-14
IMU1,31196,326506834,81,-335,2052,13,-14,-19
IMU1,31197,326516393,77,-337,2049,13,-14,-21
IMU1,31198,326525957,72,-335,2047,10,-16,-20
IMU1,31199,326535525,68,-339,2050,8,-18,-19
IMU1,31200,326545406,69,-339,2050,8,-17,-18
IMU1,31201,326554758,71,-339,2049,14,-12,-22
IMU1,31202,326564827,67,-341,2049,7,-18,-17
IMU1,31203,326574167,72,-339,2046,4,-18,-17
IMU1,31204,326584034,67,-340,2045,8,-18,-16
IMU1,31205,326593384,67,-337,2048,9,-21,-10
IMU1,31206,326603256,67,-339,2044,9,-14,-15
IMU1,31207,326612612,71,-340,2045,13,-8,-20
IMU1,31208,326622491,67,-340,2046,8,-15,-14
IMU1,31209,326631847,69,-337,2047,14,-10,-21
IMU1,31210,326641399,65,-335,2053,9,-19,-16
IMU1,31211,326651281,65,-337,2050,13,-16,-19
IMU1,31212,326660840,64,-336,2051,7,-19,-17
IMU1,31213,326670184,68,-337,2049,11,-18,-20
IMU1,31214,326679733,68,-336,2045,13,-18,-16
IMU1,31215,326689808,63,-336,2046,10,-16,-17
IMU1,31216,326699355,68,-338,2045,14,-10,-21
IMU1,31217,326708908,69,-338,2047,15,-12,-18
IMU1,31218,326721098,65,-336,2050,12,-16,-15
IMU1,31219,326730643,66,-339,2050,12,-16,-16
IMU1,31220,326740192,70,-340,2052,13,-17,-15
IMU1,31221,326749742,75,-340,2054,14,-18,-15
IMU1,31222,326759301,68,-340,2052,14,-16,-18
IMU1,31223,326768852,77,-336,2050,16,-18,-16
IMU1,31224,326778401,73,-337,2046,18,-15,-19
IMU1,31225,326787957,73,-337,2044,13,-16,-18
IMU1,31226,326797512,72,-339,2049,14,-15,-19
IMU1,31227,326807073,70,-338,2045,14,-17,-17
IMU1,31228,326816627,73,-337,2048,13,-16,-18
IMU1,31229,326826182,65,-340,2044,9,-17,-17
IMU1,31230,326835540,70,-341,2045,11,-16,-19
IMU1,31231,326845097,66,-342,2046,12,-15,-17
IMU1,31232,326854661,66,-342,2044,12,-16,-15
IMU1,31233,326864221,69,-340,2044,11,-17,-14
IMU1,31234,326873764,68,-338,2047,12,-14,-19
IMU1,31235,326883309,71,-338,2050,14,-12,-20
IMU1,31236,326892860,75,-333,2048,14,-13,-17
IMU1,31237,326902407,77,-332,2048,9,-15,-15
IMU1,31238,326911757,73,-334,2047,11,-14,-17
IMU1,31239,326921333,71,-333,2045,12,-12,-21
IMU1,31240,326930892,71,-335,2049,9,-16,-19
IMU1,31241,326940252,67,-336,2049,10,-14,-22
IMU1,31242,326949807,63,-338,2049,9,-15,-22
IMU1,31243,326959165,66,-342,2048,3,-16,-20
IMU1,31244,326968534,67,-345,2048,6,-14,-22
IMU1,31245,326977888,75,-340,2051,7,-16,-21
IMU1,31246,326987770,74,-340,2051,7,-17,-17
IMU1,31247,326997138,73,-341,2050,4,-15,-17
IMU1,31248,327007024,72,-338,2047,6,-12,-18
IMU1,31249,327016397,69,-339,2049,13,-10,-19
IMU1,31250,327025960,72,-340,2048,12,-15,-14
IMU1,31251,327036037,67,-339,2048,13,-15,-17
IMU1,31252,327045601,64,-340,2046,12,-21,-12
IMU1,31253,327055146,61,-340,2048,12,-20,-13
IMU1,31254,327064710,61,-338,2052,11,-17,-14
IMU1,31255,327074279,68,-338,2053,9,-17,-15
IMU1,31256,327083639,67,-340,2051,11,-15,-16
IMU1,31257,327093717,61,-336,2048,15,-12,-19
IMU1,31258,327103282,58,-336,2044,9,-17,-14
IMU1,31259,327112653,67,-336,2046,12,-19,-14
IMU1,31260,327122212,72,-342,2052,13,-18,-18
IMU1,31261,327131774,71,-340,2050,14,-17,-18
IMU1,31262,327141344,68,-339,2051,18,-14,-20
IMU1,31263,327151435,69,-339,2048,15,-14,-18
IMU1,31264,327161005,69,-336,2049,20,-17,-15
IMU1,31265,327170571,82,-335,2047,20,-20,-16
IMU1,31266,327180120,83,-333,2048,18,-19,-17
IMU1,31267,327189683,84,-335,2046,16,-16,-18
IMU1,31268,327199237,81,-339,2052,11,-15,-17
IMU1,31269,327208802,81,-334,2050,13,-12,-21
IMU1,31270,327218354,75,-336,2052,14,-16,-21
IMU1,31271,327227926,76,-337,2047,16,-16,-23
IMU1,31272,327238015,66,-336,2045,14,-18,-21
IMU1,31273,327247579,61,-338,2038,6,-16,-18
IMU1,31274,327256951,59,-339,2042,11,-14,-22
IMU1,31275,327266523,61,-338,2041,5,-17,-15
IMU1,31276,327276417,62,-340,2051,6,-19,-14
IMU1,31277,327285782,69,-337,2049,8,-19,-12
IMU1,31278,327295660,68,-338,2051,7,-17,-14
IMU1,31279,327305040,71,-333,2047,11,-12,-20
IMU1,31280,327314602,68,-337,2048,6,-18,-16
IMU1,31281,327324484,67,-338,2046,4,-16,-18
IMU1,31282,327333842,66,-339,2045,10,-11,-22
IMU1,31283,327343405,65,-337,2040,3,-16,-16
IMU1,31284,327353294,62,-340,2044,0,-15,-15
IMU1,31285,327362559,62,-341,2049,5,-18,-13
IMU1,31286,327372444,61,-339,2046,6,-16,-17
IMU1,31287,327381814,64,-335,2052,11,-11,-19
IMU1,31288,327391895,72,-338,2049,7,-14,-15
IMU1,31289,327401274,70,-336,2053,2,-17,-13
IMU1,31290,327410644,69,-339,2051,10,-16,-18
IMU1,31291,327420732,70,-342,2050,13,-17,-17
IMU1,31292,327430312,72,-341,2054,14,-16,-18
IMU1,31293,327439890,74,-337,2053,9,-20,-15
IMU1,31294,327449265,75,-340,2049,13,-17,-17
IMU1,31295,327458837,72,-338,2046,13,-16,-17
IMU1,31296,327468406,71,-340,2041,11,-17,-16
IMU1,31297,327477976,69,-340,2041,8,-19,-13
IMU1,31298,327487864,72,-337,2050,9,-20,-13
IMU1,31299,327497245,76,-340,2049,3,-20,-11
IMU1,31300,327507137,78,-341,2054,11,-16,-18
IMU1,31301,327516720,76,-340,2052,13,-14,-20
IMU1,31302,327526296,78,-342,2051,10,-18,-18
IMU1,31303,327535878,78,-340,2045,14,-16,-21
IMU1,31304,327545460,71,-338,2042,12,-19,-17
IMU1,31305,327555040,71,-340,2047,10,-17,-20
IMU1,31306,327564614,69,-343,2046,7,-17,-19
IMU1,31307,327574515,68,-342,2043,10,-13,-23
IMU1,31308,327584093,71,-344,2046,-1,-17,-14
IMU1,31309,327593556,69,-344,2041,6,-15,-18
IMU1,31310,327603463,67,-344,2042,2,-15,-18
IMU1,31311,327612833,69,-343,2041,1,-15,-19
