# label=BC
IMU1,34406,349680999,-129,594,-1743,184,91,2680
IMU1,34407,349691245,-217,581,-1547,339,204,2909
IMU1,34408,349701700,-333,597,-1401,505,253,3142
IMU1,34409,349712160,-387,635,-1241,656,254,3380
IMU1,34410,349722613,-739,607,-884,789,247,3625
IMU1,34411,349733391,-922,608,-724,967,369,4151
IMU1,34412,349743663,-1166,693,-481,969,620,4390
IMU1,34413,349754139,-1596,757,-302,936,970,4588
IMU1,34414,349764626,-2123,811,-95,882,1258,4763
IMU1,34415,349775091,-2752,826,209,842,1372,4928
IMU1,34416,349785659,-3541,1001,458,847,1246,5079
IMU1,34417,349796427,-4612,1056,509,897,848,5227
IMU1,34418,349807005,-5517,909,268,956,270,5399
IMU1,34419,349817388,-5822,772,-257,960,-364,5506
IMU1,34420,349827955,-5397,947,-717,861,-940,5380
IMU1,34421,349839050,-4742,918,-806,414,-1127,4142
IMU1,34422,349849820,-4610,677,-517,219,-657,3304
IMU1,34423,349860367,-4580,487,-171,176,-207,2526
IMU1,34424,349870911,-4481,298,130,356,-72,1874
IMU1,34425,349881177,-4275,75,295,745,-253,1352
IMU1,34426,349891445,-4034,-114,305,1246,-634,931
IMU1,34427,349902008,-3689,-126,142,1745,-1098,557
IMU1,34428,349912762,-3429,-55,-129,2138,-1525,175
IMU1,34429,349923419,-3203,17,-443,2362,-1812,-221
IMU1,34430,349934063,-3005,353,-963,2390,-1923,-608
IMU1,34431,349944936,-2801,493,-1164,1928,-1701,-1228
IMU1,34432,349956192,-2772,586,-1241,1537,-1432,-1399
IMU1,34433,349967458,-2804,620,-1226,1104,-1099,-1439
IMU1,34434,349978712,-2760,627,-1104,687,-717,-1367
IMU1,34435,349989573,-2830,561,-986,325,-354,-1227
IMU1,34436,350000232,-2864,542,-891,16,-87,-1028
IMU1,34437,350010485,-2846,519,-876,-248,40,-790
IMU1,34438,350020736,-2715,464,-755,-455,56,-572
IMU1,34439,350031521,-2629,432,-756,-701,3,-367
IMU1,34440,350041580,-2577,356,-745,-780,19,-385
IMU1,34441,350051847,-2491,307,-688,-806,88,-505
IMU1,34442,350062093,-2523,281,-584,-779,153,-700
IMU1,34443,350072554,-2620,178,-538,-697,155,-914
IMU1,34444,350083016,-2636,144,-491,-567,65,-1083
IMU1,34445,350093462,-2632,180,-443,-414,-58,-1203
IMU1,34446,350103996,-2659,152,-438,-262,-152,-1281
IMU1,34447,350114749,-2761,133,-534,-137,-226,-1313
IMU1,34448,350125495,-2802,121,-630,-66,-294,-1290
IMU1,34449,350136044,-2656,122,-711,-57,-317,-1238
IMU1,34450,350147115,-2553,87,-695,-166,-124,-1178
IMU1,34451,350157670,-2456,56,-620,-222,16,-1217
IMU1,34452,350167929,-2378,20,-563,-237,122,-1308
IMU1,34453,350178385,-2367,-55,-499,-234,181,-1419
IMU1,34454,350188942,-2367,-139,-441,-208,194,-1520
IMU1,34455,350199689,-2355,-187,-414,-166,163,-1595
IMU1,34456,350210445,-2338,-194,-408,-133,100,-1640
IMU1,34457,350221169,-2309,-172,-422,-116,3,-1667
IMU1,34458,350231504,-2264,-188,-459,-116,-139,-1689
IMU1,34459,350242341,-2044,-230,-572,-134,-523,-1764
IMU1,34460,350253178,-2025,-198,-612,-234,-687,-1821
IMU1,34461,350264020,-2054,-246,-653,-298,-807,-1858
IMU1,34462,350274851,-1965,-419,-652,-372,-876,-1852
IMU1,34463,350285692,-1857,-463,-654,-434,-894,-1829
IMU1,34464,350296535,-1762,-438,-691,-481,-860,-1812
IMU1,34465,350307372,-1648,-474,-716,-532,-800,-1805
IMU1,34466,350318216,-1557,-493,-757,-581,-744,-1811
IMU1,34467,350329076,-1528,-478,-835,-679,-712,-1830
IMU1,34468,350339936,-1553,-501,-849,-722,-722,-1806
IMU1,34469,350350783,-1582,-459,-858,-756,-730,-1753
IMU1,34470,350361649,-1607,-468,-848,-768,-717,-1693
IMU1,34471,350372480,-1617,-532,-855,-764,-686,-1609
IMU1,34472,350383311,-1620,-543,-859,-745,-630,-1510
IMU1,34473,350394181,-1673,-518,-872,-716,-557,-1402
IMU1,34474,350405047,-1649,-560,-958,-687,-485,-1286
IMU1,34475,350416400,-1406,-529,-1001,-643,-367,-1136
IMU1,34476,350427424,-1276,-480,-1034,-627,-305,-1141
IMU1,34477,350438479,-1190,-446,-1040,-620,-257,-1178
IMU1,34478,350449522,-1207,-423,-1008,-614,-216,-1234
IMU1,34479,350460571,-1350,-406,-993,-599,-197,-1262
IMU1,34480,350471425,-1440,-453,-1061,-583,-225,-1238
IMU1,34481,350482467,-1346,-487,-1158,-589,-300,-1084
IMU1,34482,350493506,-1320,-459,-1176,-650,-478,-1026
IMU1,34483,350504551,-1281,-516,-1201,-680,-529,-989
IMU1,34484,350515392,-1204,-556,-1226,-681,-569,-974
IMU1,34485,350526233,-1137,-543,-1248,-662,-593,-990
IMU1,34486,350537093,-1098,-528,-1237,-620,-592,-1022
IMU1,34487,350548148,-1143,-495,-1218,-560,-547,-1054
IMU1,34488,350559197,-1307,-514,-1240,-482,-488,-1059
IMU1,34489,350570250,-1393,-576,-1285,-323,-423,-940
IMU1,34490,350581089,-1365,-651,-1316,-284,-405,-819
IMU1,34491,350594481,-1262,-670,-1287,-258,-363,-701
IMU1,34492,350605326,-1196,-609,-1263,-233,-283,-629
IMU1,34493,350616190,-1127,-555,-1266,-203,-209,-604
IMU1,34494,350627052,-1202,-542,-1396,-149,-240,-659
IMU1,34495,350637887,-1137,-474,-1331,-150,-322,-667
IMU1,34496,350648729,-1161,-524,-1310,-142,-381,-660
IMU1,34497,350659562,-1258,-597,-1289,-133,-386,-637
IMU1,34498,350670403,-1368,-615,-1357,-123,-366,-577
IMU1,34499,350681236,-1391,-638,-1426,-135,-338,-489
IMU1,34500,350692085,-1356,-638,-1406,-156,-311,-396
IMU1,34501,350702941,-1325,-636,-1453,-164,-281,-317
IMU1,34502,350713791,-1252,-673,-1412,-144,-212,-208
IMU1,34503,350724642,-1247,-692,-1360,-126,-150,-177
IMU1,34504,350735461,-1260,-706,-1341,-92,-79,-154
IMU1,34505,350745903,-1297,-728,-1320,-59,-26,-127
IMU1,34506,350756323,-1370,-773,-1316,-30,9,-88
IMU1,34507,350766267,-1401,-832,-1282,-17,32,-21
IMU1,34508,350776399,-1440,-846,-1251,-23,60,64
IMU1,34509,350786446,-1443,-879,-1224,-41,105,155
IMU1,34510,350796886,-1426,-884,-1199,-71,155,227
IMU1,34511,350807332,-1446,-874,-1199,-105,194,268
IMU1,34512,350817983,-1458,-899,-1204,-156,213,284
IMU1,34513,350828632,-1442,-907,-1153,-209,217,267
IMU1,34514,350839282,-1453,-918,-1132,-312,236,244
IMU1,34515,350849941,-1505,-916,-1113,-345,244,222
IMU1,34516,350860591,-1608,-915,-1077,-361,240,223
IMU1,34517,350871246,-1658,-935,-1066,-369,230,256
IMU1,34518,350881898,-1612,-912,-1072,-379,226,307
IMU1,34519,350892551,-1537,-862,-1086,-381,243,335
IMU1,34520,350903209,-1456,-839,-1087,-379,275,329
IMU1,34521,350913860,-1403,-816,-1084,-372,302,290
IMU1,34522,350924516,-1408,-787,-1036,-353,307,236
IMU1,34523,350935710,-1449,-793,-1009,-267,271,162
IMU1,34524,350946365,-1531,-775,-1004,-201,238,144
IMU1,34525,350957018,-1595,-821,-1026,-130,186,150
IMU1,34526,350967672,-1575,-862,-1055,-66,119,171
IMU1,34527,350978134,-1538,-849,-1078,-9,70,171
IMU1,34528,350988187,-1525,-849,-1077,34,52,151
IMU1,34529,350998343,-1527,-878,-1083,68,53,120
IMU1,34530,351008511,-1494,-888,-1079,98,48,81
IMU1,34531,351018469,-1452,-885,-1064,121,34,40
IMU1,34532,351028627,-1419,-889,-1065,140,12,-11
IMU1,34533,351038873,-1433,-891,-1074,156,-19,-60
IMU1,34534,351049235,-1495,-902,-1090,165,-52,-97
IMU1,34535,351060623,-1556,-1000,-1072,142,-80,-98
IMU1,34536,351071174,-1513,-1033,-1056,130,-91,-94
IMU1,34537,351081741,-1466,-1063,-1031,124,-128,-116
IMU1,34538,351092683,-1435,-1082,-1024,135,-185,-172
IMU1,34539,351103631,-1405,-1077,-1039,155,-268,-254
IMU1,34540,351114605,-1419,-1044,-1096,172,-368,-343
IMU1,34541,351125551,-1444,-1018,-1189,173,-456,-420
IMU1,34542,351136509,-1523,-1069,-1173,155,-476,-466
IMU1,34543,351147467,-1501,-1071,-1174,111,-395,-436
IMU1,34544,351158440,-1439,-1025,-1241,88,-304,-409
IMU1,34545,351169195,-1406,-975,-1285,54,-244,-398
IMU1,34546,351179752,-1390,-945,-1328,2,-217,-395
IMU1,34547,351190130,-1382,-927,-1349,-56,-203,-395
IMU1,34548,351200797,-1356,-903,-1360,-129,-186,-385
IMU1,34549,351211645,-1341,-873,-1367,-208,-149,-368
IMU1,34550,351222488,-1314,-832,-1460,-287,-94,-350
IMU1,34551,351233658,-1273,-762,-1521,-450,-15,-301
IMU1,34552,351244306,-1235,-716,-1562,-531,21,-257
IMU1,34553,351254872,-1182,-669,-1564,-608,76,-206
IMU1,34554,351265439,-1136,-627,-1542,-655,164,-161
IMU1,34555,351276194,-1125,-582,-1537,-678,274,-109
IMU1,34556,351286944,-1115,-544,-1552,-686,375,-39
IMU1,34557,351297503,-1088,-518,-1554,-694,450,42
IMU1,34558,351307960,-1049,-489,-1525,-696,514,128
IMU1,34559,351318619,-985,-457,-1462,-685,580,209
IMU1,34560,351329597,-768,-334,-1426,-636,650,321
IMU1,34561,351340053,-680,-249,-1391,-585,628,327
IMU1,34562,351350499,-625,-155,-1396,-513,557,315
IMU1,34563,351360964,-585,-76,-1424,-438,456,304
IMU1,34564,351371200,-550,-4,-1427,-360,346,310
IMU1,34565,351381247,-512,65,-1431,-282,251,341
IMU1,34566,351391396,-467,129,-1432,-216,184,400
IMU1,34567,351401743,-439,180,-1432,-153,121,479
IMU1,34568,351412090,-439,225,-1402,-92,56,582
IMU1,34569,351422040,-481,247,-1364,-36,-21,711
IMU1,34570,351432087,-502,234,-1344,24,-105,867
IMU1,34571,351442236,-470,224,-1304,75,-181,1041
IMU1,34572,351452575,-424,244,-1287,129,-214,1198
IMU1,34573,351463114,-325,158,-1266,181,-202,1330
IMU1,34574,351474178,-265,136,-1212,260,-68,1523
IMU1,34575,351484533,-258,139,-1093,305,56,1579
IMU1,34576,351494800,-243,168,-1010,380,210,1615
IMU1,34577,351505236,-276,182,-887,467,343,1664
IMU1,34578,351515490,-366,216,-739,580,415,1743
IMU1,34579,351525759,-476,271,-567,722,426,1853
IMU1,34580,351536027,-646,374,-437,881,369,1993
IMU1,34581,351546279,-879,515,-313,1043,271,2164
IMU1,34582,351556746,-1144,662,-199,1185,171,2380
IMU1,34583,351567416,-1521,847,-51,1306,114,2643
IMU1,34584,351577869,-2018,1019,111,1398,112,2968
IMU1,34585,351588634,-3666,1119,386,1501,124,3842
IMU1,34586,351601979,-4460,894,326,1510,95,4364
IMU1,34587,351612352,-4836,671,182,1468,14,4841
IMU1,34588,351622720,-4985,757,56,1371,-113,5111
IMU1,34589,351633194,-5116,840,-127,1244,-264,5078
IMU1,34590,351643977,-5389,647,-239,1110,-462,4776
IMU1,34591,351654755,-5589,328,-215,1003,-682,4369
IMU1,34592,351665515,-4689,-184,416,953,-768,3366
IMU1,34593,351676090,-4424,-378,859,1259,-574,2676
IMU1,34594,351686869,-4436,-589,1005,1665,-469,1969
IMU1,34595,351697826,-4403,-657,823,2145,-688,1314
IMU1,34596,351708586,-4257,-594,449,2538,-1258,720
IMU1,34597,351719363,-4078,-505,80,2746,-1933,154
IMU1,34598,351729926,-3954,-386,-257,2735,-2455,-360
IMU1,34599,351740884,-3787,-266,-591,2523,-2708,-795
IMU1,34600,351751863,-3302,56,-789,2146,-2646,-1385
IMU1,34601,351762722,-3183,159,-669,1204,-1684,-1528
IMU1,34602,351773782,-3189,156,-569,789,-1042,-1561
IMU1,34603,351784650,-3172,163,-503,429,-529,-1462
IMU1,34604,351795309,-3155,115,-405,125,-168,-1296
IMU1,34605,351805950,-3192,108,-279,-139,77,-1096
IMU1,34606,351816419,-3201,3,-188,-367,233,-865
IMU1,34607,351826464,-3041,1,25,-550,323,-639
IMU1,34608,351836235,-3057,-119,136,-665,370,-495
IMU1,34609,351846697,-2877,-167,115,-741,352,-440
IMU1,34610,351857139,-2945,-308,94,-828,296,-509
IMU1,34611,351868438,-3113,-517,127,-1009,88,-703
IMU1,34612,351878906,-3108,-536,155,-1079,-19,-758
IMU1,34613,351889472,-3039,-498,159,-1140,-40,-798
IMU1,34614,351900039,-2820,-520,179,-1194,55,-871
IMU1,34615,351910506,-2543,-580,167,-1237,230,-1017
IMU1,34616,351921371,-2468,-556,122,-1268,399,-1235
IMU1,34617,351932249,-2453,-531,139,-1279,468,-1453
IMU1,34618,351943114,-2346,-485,122,-1253,405,-1605
IMU1,34619,351953971,-2009,-441,101,-1198,166,-1746
IMU1,34620,351964820,-1843,-433,81,-1047,84,-1774
IMU1,34621,351975267,-1797,-435,74,-969,29,-1776
IMU1,34622,351985526,-1736,-490,54,-886,-11,-1729
IMU1,34623,351995884,-1554,-511,44,-821,-44,-1654
IMU1,34624,352006250,-1471,-422,37,-767,-101,-1590
IMU1,34625,352016789,-1435,-364,2,-725,-212,-1531
IMU1,34626,352027124,-1306,-407,-86,-701,-390,-1466
IMU1,34627,352037751,-1207,-363,-191,-706,-613,-1413
IMU1,34628,352048595,-1147,-308,-276,-741,-834,-1369
IMU1,34629,352059438,-1279,-321,-479,-800,-1000,-1323
IMU1,34630,352070468,-1346,-352,-557,-1022,-1153,-1122
IMU1,34631,352081704,-1392,-309,-631,-1166,-1161,-971
IMU1,34632,352092751,-1455,-271,-695,-1329,-1141,-816
IMU1,34633,352103784,-1533,-243,-879,-1498,-1122,-669
IMU1,34634,352114818,-1474,-261,-1043,-1676,-1120,-548
IMU1,34635,352126056,-1328,-298,-1125,-1844,-1111,-478
IMU1,34636,352137306,-1085,-168,-1193,-2049,-904,-564
IMU1,34637,352148345,-1125,-94,-1217,-2087,-692,-676
IMU1,34638,352159188,-1313,-88,-1260,-2079,-446,-780
IMU1,34639,352170042,-1443,-146,-1358,-2047,-207,-834
IMU1,34640,352181074,-1473,-213,-1358,-1989,-30,-845
IMU1,34641,352191910,-1504,-165,-1336,-1882,65,-852
IMU1,34642,352202670,-1605,-103,-1354,-1712,93,-856
IMU1,34643,352213408,-1621,-97,-1476,-1488,104,-937
IMU1,34644,352224153,-1559,-73,-1592,-970,-155,-954
IMU1,34645,352234813,-1542,62,-1523,-731,-384,-970
IMU1,34646,352245373,-1649,128,-1583,-485,-564,-1000
IMU1,34647,352256318,-1695,86,-1578,-269,-687,-1001
IMU1,34648,352267025,-1769,49,-1617,-92,-757,-968
IMU1,34649,352277342,-1828,8,-1577,44,-783,-895
IMU1,34650,352287383,-1799,-24,-1541,151,-773,-807
IMU1,34651,352297915,-1759,11,-1491,239,-733,-733
IMU1,34652,352308359,-1701,43,-1416,303,-672,-680
IMU1,34653,352318796,-1636,10,-1197,347,-571,-654
IMU1,34654,352329760,-1609,12,-1113,396,-279,-645
IMU1,34655,352340187,-1613,10,-1070,411,-140,-659
IMU1,34656,352350608,-1658,-20,-1049,420,-51,-676
IMU1,34657,352360937,-1585,6,-913,421,-32,-672
IMU1,34658,352370783,-1615,-99,-811,449,-44,-676
IMU1,34659,352380914,-1858,-178,-933,490,-67,-660
IMU1,34660,352391249,-1958,-291,-896,491,-122,-557
IMU1,34661,352401784,-1908,-245,-805,478,-174,-404
IMU1,34662,352412310,-1901,-191,-706,469,-158,-262
IMU1,34663,352422853,-1897,-276,-609,467,-80,-146
IMU1,34664,352433184,-1891,-377,-551,475,6,-51
IMU1,34665,352443040,-1877,-435,-515,484,64,30
IMU1,34666,352452986,-1820,-455,-500,481,87,88
IMU1,34667,352462929,-1753,-457,-472,483,82,102
IMU1,34668,352474108,-1678,-448,-466,473,20,33
IMU1,34669,352484052,-1718,-462,-453,465,-13,-17
IMU1,34670,352494180,-1785,-477,-448,452,-44,-43
IMU1,34671,352504317,-1841,-485,-447,434,-52,-34
IMU1,34672,352514459,-1906,-517,-443,404,-37,10
IMU1,34673,352524500,-1974,-572,-416,359,13,91
IMU1,34674,352534450,-2002,-651,-373,311,84,197
IMU1,34675,352544597,-1965,-674,-347,273,151,294
IMU1,34676,352554946,-1925,-679,-355,244,193,351
IMU1,34677,352565297,-1898,-685,-380,226,190,365
IMU1,34678,352575642,-1895,-677,-370,220,150,347
IMU1,34679,352586007,-1929,-672,-335,224,110,310
IMU1,34680,352596346,-1976,-689,-318,239,97,282
IMU1,34681,352609057,-2015,-693,-329,284,130,268
IMU1,34682,352619396,-2022,-696,-335,288,168,275
IMU1,34683,352629743,-2001,-697,-342,300,198,279
IMU1,34684,352640098,-1960,-677,-343,304,209,276
IMU1,34685,352650424,-1936,-654,-328,314,193,261
IMU1,34686,352660760,-1905,-649,-313,343,152,230
IMU1,34687,352671115,-1871,-632,-308,394,95,187
IMU1,34688,352681273,-1864,-610,-298,459,39,138
IMU1,34689,352691422,-1883,-605,-284,528,-7,98
IMU1,34690,352701261,-1906,-611,-273,611,-35,73
IMU1,34691,352711329,-1993,-595,-303,694,-46,61
IMU1,34692,352721387,-2081,-610,-377,760,-55,75
IMU1,34693,352731438,-2091,-637,-438,804,-74,112
IMU1,34694,352741694,-2044,-632,-457,820,-75,151
IMU1,34695,352752995,-1934,-661,-445,832,68,167
IMU1,34696,352763136,-1941,-698,-415,842,161,161
IMU1,34697,352773481,-1953,-744,-384,866,226,152
IMU1,34698,352783828,-1965,-793,-373,908,250,130
IMU1,34699,352794189,-2001,-821,-379,969,220,105
IMU1,34700,352804529,-2063,-864,-402,1030,148,92
IMU1,34701,352814870,-2092,-912,-439,1085,66,85
IMU1,34702,352825025,-2080,-942,-479,1125,4,79
IMU1,34703,352834982,-2048,-952,-508,1147,-5,62
IMU1,34704,352845033,-2013,-966,-524,1139,38,34
IMU1,34705,352855180,-1964,-992,-528,1117,120,-5
IMU1,34706,352865437,-1891,-1004,-511,1086,202,-52
IMU1,34707,352876088,-1817,-1002,-501,1059,267,-109
IMU1,34708,352886925,-1755,-1006,-478,1026,284,-237
IMU1,34709,352897775,-1732,-1019,-480,1020,242,-275
IMU1,34710,352908610,-1688,-1027,-476,1007,197,-291
IMU1,34711,352919465,-1640,-1021,-479,987,181,-295
IMU1,34712,352930114,-1604,-1026,-479,957,202,-300
IMU1,34713,352940767,-1568,-1045,-469,918,247,-305
IMU1,34714,352951433,-1538,-1076,-454,868,302,-315
IMU1,34715,352962109,-1548,-1121,-425,812,338,-330
IMU1,34716,352972753,-1582,-1201,-365,760,332,-342
IMU1,34717,352983944,-1646,-1211,-354,680,226,-312
IMU1,34718,352994600,-1695,-1227,-352,649,149,-286
IMU1,34719,353005239,-1746,-1250,-377,617,100,-255
IMU1,34720,353015897,-1792,-1271,-385,563,92,-201
IMU1,34721,353026359,-1827,-1275,-378,494,141,-142
IMU1,34722,353037012,-1839,-1276,-371,408,239,-90
IMU1,34723,353047464,-1796,-1283,-367,308,365,-60
IMU1,34724,353057910,-1732,-1264,-350,198,478,-68
IMU1,34725,353068372,-1691,-1233,-327,96,535,-114
IMU1,34726,353078829,-1616,-1198,-251,11,536,-268
IMU1,34727,353089270,-1575,-1169,-224,-88,426,-348
IMU1,34728,353099811,-1524,-1135,-213,-94,345,-418
IMU1,34729,353110358,-1497,-1106,-209,-87,268,-476
IMU1,34730,353120917,-1477,-1091,-208,-60,187,-511
IMU1,34731,353131460,-1448,-1076,-217,-20,103,-531
IMU1,34732,353142007,-1453,-1063,-221,18,22,-527
IMU1,34733,353152253,-1478,-1077,-227,51,-42,-499
IMU1,34734,353162591,-1509,-1114,-240,74,-81,-447
IMU1,34735,353172940,-1537,-1144,-256,83,-95,-379
IMU1,34736,353183292,-1555,-1160,-284,74,-97,-311
IMU1,34737,353193656,-1595,-1180,-344,56,-107,-246
IMU1,34738,353204727,-1702,-1222,-360,-8,-169,-124
IMU1,34739,353215161,-1766,-1250,-370,-49,-192,-61
IMU1,34740,353225616,-1837,-1289,-380,-91,-189,14
IMU1,34741,353235957,-1884,-1338,-383,-131,-143,92
IMU1,34742,353246515,-1874,-1364,-394,-172,-72,169
IMU1,34743,353257064,-1828,-1361,-416,-213,6,226
IMU1,34744,353267314,-1766,-1338,-432,-246,72,242
IMU1,34745,353277762,-1706,-1318,-444,-271,113,219
IMU1,34746,353288420,-1628,-1307,-434,-288,120,162
IMU1,34747,353299032,-1562,-1281,-421,-288,95,84
IMU1,34748,353309272,-1501,-1205,-432,-271,48,-5
IMU1,34749,353320456,-1423,-1164,-457,-186,-79,-184
IMU1,34750,353331089,-1392,-1127,-491,-131,-161,-247
IMU1,34751,353341924,-1373,-1087,-511,-65,-241,-296
IMU1,34752,353352558,-1344,-1055,-535,-10,-311,-314
IMU1,34753,353363206,-1306,-1026,-556,50,-354,-317
IMU1,34754,353373741,-1280,-1005,-564,98,-363,-300
IMU1,34755,353384283,-1282,-998,-573,141,-346,-269
IMU1,34756,353394816,-1294,-1002,-599,179,-309,-224
IMU1,34757,353405562,-1338,-986,-647,203,-267,-166
IMU1,34758,353416614,-1392,-985,-666,234,-194,-31
IMU1,34759,353426958,-1468,-1005,-683,229,-155,47
IMU1,34760,353437406,-1564,-1067,-676,223,-103,128
IMU1,34761,353448057,-1644,-1139,-652,213,-31,225
IMU1,34762,353458490,-1711,-1191,-628,198,59,333
IMU1,34763,353468856,-1761,-1253,-613,190,160,432
IMU1,34764,353479410,-1807,-1293,-583,183,261,509
IMU1,34765,353489967,-1895,-1331,-553,173,356,571
IMU1,34766,353500517,-1978,-1408,-517,168,434,621
IMU1,34767,353511076,-2041,-1469,-426,169,492,659
IMU1,34768,353522142,-2066,-1592,-385,192,546,686
IMU1,34769,353532712,-2011,-1594,-362,218,540,631
IMU1,34770,353543294,-1962,-1571,-349,249,510,528
IMU1,34771,353553856,-1900,-1554,-365,279,458,389
IMU1,34772,353564431,-1831,-1498,-396,296,375,220
IMU1,34773,353575002,-1750,-1431,-415,297,261,29
IMU1,34774,353585364,-1692,-1371,-433,288,127,-162
IMU1,34775,353596009,-1646,-1326,-470,272,-16,-331
IMU1,34776,353609010,-1565,-1195,-609,216,-259,-530
IMU1,34777,353619756,-1527,-1123,-678,177,-317,-556
IMU1,34778,353630508,-1477,-1078,-712,140,-313,-542
IMU1,34779,353641269,-1429,-1053,-705,112,-240,-497
IMU1,34780,353652011,-1381,-1038,-664,103,-101,-425
IMU1,34781,353662741,-1335,-1039,-609,116,84,-338
IMU1,34782,353673195,-1305,-1051,-532,150,282,-235
IMU1,34783,353683851,-1320,-1055,-447,204,449,-123
IMU1,34784,353694490,-1420,-1057,-291,269,564,139
IMU1,34785,353705044,-1449,-1082,-202,369,524,289
IMU1,34786,353715588,-1460,-1101,-109,405,446,435
IMU1,34787,353726141,-1487,-1136,-26,432,352,564
IMU1,34788,353736508,-1524,-1199,4,459,253,660
IMU1,34789,353746575,-1588,-1263,18,484,162,700
IMU1,34790,353756837,-1747,-1278,-4,494,73,690
IMU1,34791,353766806,-2024,-1328,-48,476,-11,660
IMU1,34792,353777050,-2281,-1467,-99,410,-61,650
IMU1,34793,353787305,-2430,-1596,-91,282,-34,668
IMU1,34794,353797576,-2530,-1676,-102,100,103,694
IMU1,34795,353808136,-2544,-1742,-101,-138,324,705
IMU1,34796,353818790,-2480,-1792,44,-405,548,668
IMU1,34797,353830193,-2116,-1731,100,-837,715,323
IMU1,34798,353840770,-1930,-1675,143,-953,617,12
IMU1,34799,353851141,-1807,-1619,167,-995,425,-331
IMU1,34800,353861797,-1732,-1555,151,-982,184,-654
IMU1,34801,353872455,-1736,-1446,97,-938,-73,-913
IMU1,34802,353882817,-1814,-1424,28,-885,-311,-1068
IMU1,34803,353893577,-1854,-1481,-30,-857,-497,-1101
IMU1,34804,353904443,-1789,-1487,-57,-868,-612,-1043
IMU1,34805,353915270,-1561,-1444,-112,-913,-652,-951
IMU1,34806,353926109,-1558,-1401,-174,-1069,-589,-825
IMU1,34807,353937130,-1624,-1357,-273,-1179,-558,-787
IMU1,34808,353948162,-1659,-1319,-406,-1305,-540,-769
IMU1,34809,353959174,-1674,-1250,-522,-1462,-521,-752
IMU1,34810,353970212,-1661,-1182,-588,-1633,-475,-736
IMU1,34811,353981255,-1588,-1118,-618,-1794,-394,-712
IMU1,34812,353992314,-1331,-872,-655,-1927,-292,-681
IMU1,34813,354003149,-1212,-703,-705,-2078,-139,-696
IMU1,34814,354013991,-1114,-509,-779,-2093,-139,-740
IMU1,34815,354024842,-1049,-333,-887,-2087,-215,-798
IMU1,34816,354035667,-985,-180,-1002,-2058,-356,-845
IMU1,34817,354046498,-981,-22,-1105,-2006,-529,-871
IMU1,34818,354057140,-1007,160,-1299,-1931,-700,-851
IMU1,34819,354068071,-1015,277,-1501,-1848,-865,-769
IMU1,34820,354079013,-991,405,-1734,-1751,-1001,-420
IMU1,34821,354089956,-965,456,-1723,-1454,-925,-175
IMU1,34822,354100688,-1001,497,-1702,-1209,-691,97
IMU1,34823,354111317,-1135,488,-1747,-912,-384,386
IMU1,34824,354121976,-1269,408,-1829,-580,-84,697
IMU1,34825,354132422,-1355,321,-1842,-235,187,1017
IMU1,34826,354143168,-1419,226,-1749,123,430,1313
IMU1,34827,354153827,-1525,124,-1602,490,642,1575
IMU1,34828,354164475,-1533,-20,-1372,864,838,1781
IMU1,34829,354175030,-1861,-292,-1033,1246,985,1971
IMU1,34830,354186005,-2042,-408,-894,1949,985,1997
IMU1,34831,354196757,-2196,-530,-744,2227,870,1982
IMU1,34832,354207538,-2323,-656,-674,2439,756,1922
IMU1,34833,354218306,-2414,-758,-568,2551,743,1832
IMU1,34834,354229087,-2485,-802,-440,2550,898,1724
IMU1,34835,354239847,-2684,-858,-298,2433,1224,1604
IMU1,34836,354250814,-2906,-932,-204,2212,1623,1501
IMU1,34837,354261776,-3307,-985,-36,1911,2021,1345
IMU1,34838,354272538,-3522,-1055,109,1231,1865,1297
IMU1,34839,354283596,-3530,-1235,182,945,1589,1253
IMU1,34840,354294473,-3337,-1297,161,679,1289,1187
IMU1,34841,354305325,-3023,-1257,79,404,1018,1034
IMU1,34842,354315973,-2681,-1177,-46,109,781,751
IMU1,34843,354326332,-2449,-1093,-149,-201,576,358
IMU1,34844,354336978,-2339,-1072,-206,-508,413,-64
IMU1,34845,354347514,-2267,-1030,-213,-793,292,-423
IMU1,34846,354358789,-2260,-857,-264,-1204,126,-807
IMU1,34847,354369525,-2302,-826,-354,-1350,50,-831
IMU1,34848,354380071,-2321,-817,-481,-1476,-22,-778
IMU1,34849,354390718,-2203,-803,-619,-1598,-75,-693
IMU1,34850,354401378,-1985,-707,-745,-1720,-105,-633
IMU1,34851,354412217,-1809,-605,-892,-1832,-109,-634
IMU1,34852,354423058,-1675,-542,-1071,-1944,-102,-690
IMU1,34853,354434093,-1578,-473,-1270,-2061,-92,-770
IMU1,34854,354445462,-1442,-332,-1338,-2240,49,-909
IMU1,34855,354456196,-1344,-288,-1440,-2282,209,-932
IMU1,34856,354467142,-1238,-218,-1477,-2271,429,-948
IMU1,34857,354478106,-1216,-135,-1438,-2208,685,-944
IMU1,34858,354489058,-1270,-99,-1445,-2070,940,-914
IMU1,34859,354499815,-1274,-135,-1430,-1889,1118,-843
IMU1,34860,354510977,-1160,-77,-1421,-1686,1177,-753
IMU1,34861,354522452,-895,85,-1437,-1255,956,-675
IMU1,34862,354532913,-809,136,-1418,-1042,742,-707
IMU1,34863,354543570,-759,182,-1442,-838,513,-767
IMU1,34864,354554039,-736,203,-1501,-639,294,-836
IMU1,34865,354564503,-673,238,-1538,-465,100,-893
IMU1,34866,354574939,-663,269,-1536,-311,-31,-935
IMU1,34867,354585288,-642,290,-1568,-171,-92,-951
IMU1,34868,354595632,-615,332,-1568,-49,-115,-939
IMU1,34869,354605983,-587,371,-1597,64,-128,-909
IMU1,34870,354618801,-487,515,-1766,205,-221,-794
IMU1,34871,354629250,-458,627,-1847,234,-300,-721
IMU1,34872,354639707,-419,670,-1916,238,-379,-632
IMU1,34873,354650173,-403,665,-1969,220,-431,-519
IMU1,34874,354660621,-391,672,-2010,196,-446,-378
IMU1,34875,354671077,-332,679,-2021,173,-425,-209
IMU1,34876,354681529,-222,692,-2087,166,-374,-40
IMU1,34877,354691780,-111,748,-2153,173,-325,106
IMU1,34878,354702139,-95,789,-2160,203,-309,225
IMU1,34879,354712307,-145,790,-2180,277,-307,339
IMU1,34880,354722693,-205,792,-2266,371,-310,470
IMU1,34881,354734087,-331,829,-2298,533,-270,812
IMU1,34882,354744426,-369,810,-2256,582,-162,1019
IMU1,34883,354754962,-432,783,-2153,611,40,1238
IMU1,34884,354765226,-474,745,-2024,634,298,1461
IMU1,34885,354775683,-510,705,-1852,650,550,1673
IMU1,34886,354786143,-552,666,-1695,671,736,1862
IMU1,34887,354796606,-580,628,-1549,696,807,2027
IMU1,34888,354807072,-599,604,-1440,733,747,2165
IMU1,34889,354817538,-624,570,-1303,786,586,2270
IMU1,34890,354827999,-707,537,-1183,852,394,2351
IMU1,34891,354838479,-954,462,-1043,930,220,2422
IMU1,34892,354849461,-1065,446,-908,1051,142,2558
IMU1,34893,354860120,-1264,433,-671,1100,289,2619
IMU1,34894,354870787,-1483,393,-404,1174,479,2653
IMU1,34895,354881454,-1815,411,-80,1286,603,2657
IMU1,34896,354891891,-2540,543,95,1461,586,2634
IMU1,34897,354902266,-3401,509,14,1654,415,2651
IMU1,34898,354912626,-4087,165,-35,1789,107,2754
IMU1,34899,354923081,-4429,4,-85,1828,-240,2927
IMU1,34900,354933235,-4471,152,-140,1753,-464,3057
IMU1,34901,354944009,-4516,-92,-379,1565,-500,3043
IMU1,34902,354955172,-4468,-267,-283,958,-387,2622
IMU1,34903,354965844,-4325,-381,-140,693,-292,2196
IMU1,34904,354976498,-4290,-415,-25,521,-229,1653
IMU1,34905,354986940,-4238,-539,26,458,-243,1079
IMU1,34906,354997303,-4125,-619,54,484,-349,538
IMU1,34907,355007471,-3962,-593,42,580,-505,52
IMU1,34908,355017452,-3813,-508,-25,704,-652,-377
IMU1,34909,355027820,-3695,-398,-108,804,-756,-737
IMU1,34910,355038383,-3563,-334,-168,856,-791,-1017
IMU1,34911,355049155,-3373,-278,-213,855,-761,-1225
IMU1,34912,355059911,-3042,-154,-304,809,-671,-1490
IMU1,34913,355070674,-2945,-121,-376,620,-668,-1550
IMU1,34914,355081451,-2894,-64,-438,482,-685,-1550
IMU1,34915,355092007,-2927,3,-457,312,-699,-1477
IMU1,34916,355102272,-3003,8,-487,124,-664,-1340
IMU1,34917,355112541,-2951,-37,-512,-85,-564,-1152
IMU1,34918,355123010,-2807,-56,-479,-301,-405,-970
IMU1,34919,355133481,-2611,-55,-427,-490,-216,-842
IMU1,34920,355143920,-2418,-103,-353,-628,-61,-794
IMU1,34921,355154377,-2295,-195,-312,-705,4,-807
IMU1,34922,355164543,-2231,-283,-281,-732,-44,-842
IMU1,34923,355174996,-2284,-387,-337,-720,-177,-873
IMU1,34924,355185648,-2349,-455,-312,-683,-450,-841
IMU1,34925,355196305,-2328,-517,-352,-686,-506,-764
IMU1,34926,355206976,-2295,-537,-377,-694,-526,-688
IMU1,34927,355217611,-2248,-547,-445,-713,-544,-646
IMU1,34928,355228245,-2176,-548,-508,-745,-589,-648
IMU1,34929,355238879,-2091,-541,-573,-774,-650,-704
IMU1,34930,355249525,-1982,-538,-632,-806,-703,-803
IMU1,34931,355260171,-1994,-509,-671,-843,-742,-921
IMU1,34932,355270819,-2060,-544,-689,-880,-758,-1012
IMU1,34933,355282186,-2076,-540,-707,-931,-712,-1070
IMU1,34934,355293044,-2190,-498,-752,-945,-686,-1063
IMU1,34935,355303895,-2221,-511,-826,-942,-676,-1028
IMU1,34936,355314753,-2089,-528,-936,-953,-689,-978
IMU1,34937,355325416,-1924,-445,-1002,-969,-691,-975
IMU1,34938,355336271,-1770,-398,-1032,-986,-653,-1032
IMU1,34939,355347312,-1689,-428,-1030,-980,-565,-1141
IMU1,34940,355358351,-1783,-473,-1013,-875,-297,-1367
IMU1,34941,355369408,-1907,-481,-1012,-784,-164,-1411
IMU1,34942,355380444,-1990,-504,-998,-682,-41,-1393
IMU1,34943,355391084,-1985,-472,-1023,-571,61,-1332
IMU1,34944,355401839,-1912,-409,-1109,-481,135,-1255
IMU1,34945,355412793,-1787,-343,-1185,-417,171,-1198
IMU1,34946,355423747,-1663,-310,-1195,-373,165,-1188
IMU1,34947,355434713,-1570,-238,-1206,-353,120,-1296
IMU1,34948,355445667,-1636,-241,-1142,-338,23,-1364
IMU1,34949,355456411,-1522,-313,-1096,-312,41,-1407
IMU1,34950,355467156,-1256,-214,-895,-245,102,-1483
IMU1,34951,355477912,-1533,-399,-1088,-142,154,-1594
IMU1,34952,355488885,-1726,-436,-1114,-48,120,-1622
IMU1,34953,355499629,-1730,-428,-1234,32,-30,-1539
IMU1,34954,355510191,-1668,-287,-1249,79,-206,-1405
IMU1,34955,355520954,-1602,-273,-1258,102,-310,-1276
IMU1,34956,355531914,-1500,-330,-1285,81,-223,-1025
IMU1,34957,355542677,-1444,-341,-1292,34,-82,-897
IMU1,34958,355553016,-1328,-341,-1300,-22,75,-787
IMU1,34959,355563365,-1312,-318,-1281,-77,195,-714
IMU1,34960,355573917,-1360,-359,-1279,-116,233,-659
IMU1,34961,355584667,-1361,-458,-1257,-144,191,-603
IMU1,34962,355595399,-1337,-497,-1245,-160,86,-546
IMU1,34963,355605942,-1297,-483,-1247,-157,-36,-495
IMU1,34964,355619031,-1214,-526,-1263,-111,-181,-417
IMU1,34965,355629876,-1201,-561,-1282,-79,-180,-370
IMU1,34966,355640516,-1178,-584,-1275,-35,-137,-327
IMU1,34967,355651160,-1136,-589,-1255,12,-66,-288
IMU1,34968,355661516,-1087,-609,-1197,68,21,-264
IMU1,34969,355671773,-1074,-617,-1157,132,102,-257
IMU1,34970,355682437,-1096,-636,-1109,200,144,-252
IMU1,34971,355693098,-1130,-644,-1062,266,129,-237
IMU1,34972,355703750,-1140,-583,-1033,330,62,-220
IMU1,34973,355714736,-1171,-638,-1099,420,-157,-202
IMU1,34974,355725493,-1107,-603,-1094,426,-256,-196
IMU1,34975,355736249,-1070,-685,-1100,429,-299,-219
IMU1,34976,355747010,-1013,-722,-1094,426,-313,-246
IMU1,34977,355757769,-992,-709,-1110,426,-294,-292
IMU1,34978,355768337,-1045,-738,-1104,422,-256,-343
IMU1,34979,355779085,-1157,-794,-1066,419,-213,-372
IMU1,34980,355789844,-1256,-802,-998,426,-191,-357
IMU1,34981,355800395,-1389,-845,-934,449,-236,-231
IMU1,34982,355810954,-1412,-895,-947,487,-279,-152
IMU1,34983,355821522,-1376,-943,-967,480,-335,-74
IMU1,34984,355831882,-1306,-964,-1001,458,-389,-25
IMU1,34985,355842445,-1254,-979,-1000,422,-429,-17
IMU1,34986,355852980,-1224,-988,-1020,377,-447,-45
IMU1,34987,355863520,-1222,-986,-1030,323,-439,-94
IMU1,34988,355874063,-1277,-1012,-985,269,-400,-143
IMU1,34989,355884805,-1362,-1046,-932,225,-328,-169
IMU1,34990,355895529,-1441,-1059,-887,194,-250,-165
IMU1,34991,355906269,-1537,-1072,-850,153,-171,-115
IMU1,34992,355917019,-1570,-1108,-880,128,-191,-89
IMU1,34993,355927569,-1682,-1172,-936,87,-235,-69
IMU1,34994,355937928,-1779,-1188,-971,27,-300,-34
IMU1,34995,355948284,-1779,-1136,-956,-47,-359,32
IMU1,34996,355958636,-1763,-1091,-905,-125,-373,108
IMU1,34997,355969386,-1763,-1098,-897,-185,-321,165
IMU1,34998,355980118,-1784,-1119,-918,-243,-232,213
IMU1,34999,355990883,-1766,-1107,-947,-307,-134,253
IMU1,35000,356001644,-1707,-1061,-906,-375,-45,271
IMU1,35001,356012703,-1601,-996,-889,-472,126,199
IMU1,35002,356023159,-1572,-964,-879,-488,182,118
IMU1,35003,356033621,-1571,-934,-850,-487,209,31
IMU1,35004,356043872,-1578,-916,-816,-460,216,-46
IMU1,35005,356054234,-1594,-916,-775,-401,195,-111
IMU1,35006,356064803,-1616,-903,-773,-328,150,-154
IMU1,35007,356075350,-1640,-900,-788,-248,82,-180
IMU1,35008,356085706,-1637,-905,-788,-166,-14,-194
IMU1,35009,356096157,-1611,-900,-816,-90,-132,-204
IMU1,35010,356106585,-1590,-901,-822,-27,-244,-216
IMU1,35011,356117029,-1598,-910,-810,33,-317,-228
IMU1,35012,356128439,-1629,-911,-809,113,-318,-185
IMU1,35013,356138986,-1609,-883,-814,139,-266,-141
IMU1,35014,356149535,-1621,-875,-810,156,-214,-93
IMU1,35015,356159889,-1644,-894,-825,163,-174,-40
IMU1,35016,356170243,-1653,-913,-815,161,-145,18
IMU1,35017,356180489,-1640,-915,-818,149,-112,76
IMU1,35018,356190740,-1619,-928,-814,132,-71,117
IMU1,35019,356200994,-1631,-972,-788,106,-21,147
IMU1,35020,356211241,-1647,-998,-770,83,30,175
IMU1,35021,356221195,-1650,-988,-752,72,84,200
IMU1,35022,356231170,-1631,-976,-745,72,137,218
IMU1,35023,356241340,-1613,-961,-754,74,180,226
IMU1,35024,356251503,-1604,-935,-746,89,212,213
IMU1,35025,356262709,-1623,-882,-736,152,250,173
IMU1,35026,356273070,-1653,-856,-709,193,267,163
IMU1,35027,356283432,-1679,-850,-673,244,285,161
IMU1,35028,356293797,-1660,-874,-662,306,302,165
IMU1,35029,356304168,-1604,-890,-688,360,309,162
IMU1,35030,356314523,-1512,-903,-744,398,298,141
IMU1,35031,356324913,-1408,-902,-784,421,273,98
IMU1,35032,356335096,-1323,-885,-788,433,255,33
IMU1,35033,356345280,-1279,-882,-786,449,260,-40
IMU1,35034,356355560,-1279,-866,-782,473,286,-104
IMU1,35035,356366018,-1321,-858,-804,497,315,-140
IMU1,35036,356376470,-1350,-875,-836,523,340,-136
IMU1,35037,356387972,-1365,-952,-939,538,386,-41
IMU1,35038,356398243,-1353,-1021,-975,526,421,31
IMU1,35039,356408607,-1329,-1082,-990,509,468,108
IMU1,35040,356419165,-1310,-1144,-992,496,539,177
IMU1,35041,356429728,-1329,-1209,-986,497,611,238
IMU1,35042,356440289,-1404,-1277,-969,515,664,296
IMU1,35043,356450855,-1474,-1356,-971,546,685,362
IMU1,35044,356461424,-1549,-1421,-991,588,662,434
IMU1,35045,356471999,-1649,-1475,-992,643,601,503
IMU1,35046,356482578,-1714,-1623,-965,699,522,567
IMU1,35047,356493642,-1725,-1670,-944,818,409,635
IMU1,35048,356504203,-1727,-1655,-952,873,374,615
IMU1,35049,356514778,-1609,-1582,-992,912,324,536
IMU1,35050,356525351,-1507,-1518,-1082,927,247,408
IMU1,35051,356536109,-1442,-1437,-1153,912,133,247
IMU1,35052,356546867,-1393,-1349,-1176,872,5,79
IMU1,35053,356557027,-1329,-1296,-1168,819,-90,-75
IMU1,35054,356567555,-1263,-1247,-1146,761,-125,-197
IMU1,35055,356578501,-1221,-1189,-1125,704,-103,-285
IMU1,35056,356589966,-1177,-1142,-1113,617,20,-364
IMU1,35057,356600630,-1181,-1116,-1100,587,75,-357
IMU1,35058,356611298,-1169,-1119,-1110,570,102,-330
IMU1,35059,356624703,-1159,-1129,-1108,549,109,-280
IMU1,35060,356635552,-1155,-1133,-1081,524,105,-216
IMU1,35061,356646407,-1141,-1182,-1022,499,109,-62
IMU1,35062,356657042,-1145,-1208,-991,447,180,16
IMU1,35063,356667395,-1136,-1248,-971,415,227,87
IMU1,35064,356677752,-1135,-1296,-943,379,266,137
IMU1,35065,356688318,-1152,-1336,-911,340,284,171
IMU1,35066,356698873,-1189,-1382,-850,304,273,196
IMU1,35067,356709442,-1204,-1424,-839,277,233,212
IMU1,35068,356720006,-1203,-1439,-846,245,166,221
IMU1,35069,356730550,-1211,-1451,-855,207,86,219
IMU1,35070,356740914,-1225,-1467,-873,167,15,210
IMU1,35071,356751275,-1222,-1481,-892,121,-32,196
IMU1,35072,356761743,-1228,-1490,-919,64,-48,154
IMU1,35073,356772512,-1244,-1491,-919,-61,-14,132
IMU1,35074,356782865,-1270,-1479,-913,-116,7,109
IMU1,35075,356793130,-1283,-1471,-920,-163,18,85
IMU1,35076,356803381,-1288,-1462,-931,-200,23,50
IMU1,35077,356813615,-1293,-1451,-932,-224,24,17
IMU1,35078,356823853,-1281,-1437,-931,-248,28,-17
IMU1,35079,356834195,-1256,-1417,-943,-258,26,-59
IMU1,35080,356844554,-1253,-1396,-919,-261,5,-110
IMU1,35081,356854906,-1290,-1386,-897,-247,-45,-161
IMU1,35082,356865533,-1325,-1383,-894,-213,-118,-203
IMU1,35083,356876354,-1355,-1378,-911,-175,-208,-226
IMU1,35084,356887193,-1392,-1349,-977,-114,-363,-220
IMU1,35085,356898030,-1397,-1333,-990,-105,-392,-206
IMU1,35086,356908865,-1412,-1305,-988,-96,-388,-185
IMU1,35087,356919497,-1448,-1276,-968,-106,-346,-147
IMU1,35088,356930342,-1479,-1271,-941,-127,-269,-96
IMU1,35089,356940991,-1489,-1255,-918,-149,-186,-35
IMU1,35090,356951632,-1499,-1217,-909,-179,-112,21
IMU1,35091,356962190,-1522,-1195,-904,-215,-56,70
IMU1,35092,356972554,-1530,-1196,-897,-247,-25,109
IMU1,35093,356983107,-1468,-1180,-843,-277,1,149
IMU1,35094,356993888,-1450,-1179,-810,-300,28,150
IMU1,35095,357004344,-1443,-1185,-778,-279,61,146
IMU1,35096,357014812,-1447,-1171,-745,-249,95,143
IMU1,35097,357025270,-1463,-1159,-714,-199,113,141
IMU1,35098,357035936,-1501,-1166,-678,-134,102,136
IMU1,35099,357046602,-1546,-1171,-658,-61,56,137
IMU1,35100,357056865,-1583,-1167,-652,9,-21,142
IMU1,35101,357066925,-1615,-1168,-656,72,-115,148
IMU1,35102,357077387,-1640,-1156,-651,119,-204,152
IMU1,35103,357088049,-1650,-1142,-658,150,-266,149
IMU1,35104,357099222,-1649,-1079,-675,149,-297,122
IMU1,35105,357109882,-1626,-1038,-676,120,-261,109
IMU1,35106,357120539,-1601,-1002,-676,91,-183,75
IMU1,35107,357130779,-1591,-966,-675,47,-96,41
IMU1,35108,357140641,-1565,-929,-686,10,-18,-3
IMU1,35109,357150393,-1541,-893,-690,-28,40,-57
IMU1,35110,357160368,-1534,-877,-697,-68,76,-105
IMU1,35111,357170533,-1536,-866,-703,-90,100,-145
IMU1,35112,357180910,-1556,-853,-708,-101,114,-166
IMU1,35113,357191457,-1566,-853,-714,-103,124,-158
IMU1,35114,357202014,-1549,-858,-724,-96,138,-131
IMU1,35115,357212355,-1538,-844,-736,-81,153,-96
IMU1,35116,357222505,-1543,-853,-742,-49,159,-64
IMU1,35117,357232649,-1544,-874,-739,-12,146,-28
IMU1,35118,357243833,-1578,-886,-721,87,123,29
IMU1,35119,357253800,-1608,-903,-711,136,118,55
IMU1,35120,357263953,-1652,-939,-677,197,110,75
IMU1,35121,357274121,-1693,-993,-661,254,88,104
IMU1,35122,357284266,-1728,-1024,-654,300,56,125
IMU1,35123,357294613,-1750,-1055,-665,329,10,136
IMU1,35124,357304964,-1785,-1085,-668,348,-52,136
IMU1,35125,357315408,-1800,-1115,-676,349,-114,128
IMU1,35126,357326061,-1790,-1131,-675,335,-159,110
IMU1,35127,357336721,-1778,-1128,-666,312,-176,82
IMU1,35128,357347173,-1762,-1123,-671,280,-166,45
IMU1,35129,357357629,-1735,-1081,-679,238,-134,-4
IMU1,35130,357368505,-1693,-1051,-678,148,-82,-111
IMU1,35131,357379054,-1692,-1046,-679,106,-72,-155
IMU1,35132,357389594,-1671,-1039,-682,65,-74,-182
IMU1,35133,357399944,-1652,-1009,-697,21,-84,-193
IMU1,35134,357410294,-1628,-995,-712,-11,-102,-196
IMU1,35135,357420740,-1615,-985,-730,-34,-128,-190
IMU1,35136,357431189,-1596,-973,-738,-61,-149,-176
IMU1,35137,357441650,-1563,-967,-738,-80,-153,-158
IMU1,35138,357452092,-1511,-960,-742,-93,-138,-139
IMU1,35139,357462547,-1468,-948,-736,-110,-100,-124
IMU1,35140,357473195,-1443,-991,-710,-123,-48,-121
IMU1,35141,357484170,-1453,-1010,-707,-130,3,-111
IMU1,35142,357494520,-1480,-1049,-714,-135,-14,-97
IMU1,35143,357504970,-1497,-1086,-717,-137,-45,-85
IMU1,35144,357515407,-1546,-1117,-723,-137,-92,-63
IMU1,35145,357525868,-1582,-1167,-728,-141,-130,-34
IMU1,35146,357536522,-1603,-1211,-729,-147,-150,2
IMU1,35147,357546870,-1625,-1239,-737,-152,-141,29
IMU1,35148,357557431,-1641,-1277,-745,-162,-111,52
IMU1,35149,357567996,-1664,-1310,-735,-175,-67,67
IMU1,35150,357578371,-1685,-1333,-710,-195,-18,78
IMU1,35151,357588739,-1676,-1353,-678,-219,19,75
IMU1,35152,357599522,-1650,-1347,-659,-244,25,54
IMU1,35153,357609785,-1602,-1335,-631,-249,8,11
IMU1,35154,357619836,-1542,-1321,-607,-256,-15,-38
IMU1,35155,357632851,-1476,-1287,-610,-256,-24,-116
IMU1,35156,357643485,-1426,-1248,-634,-256,-37,-204
IMU1,35157,357654141,-1392,-1233,-659,-254,-60,-294
IMU1,35158,357664800,-1365,-1215,-679,-246,-84,-376
IMU1,35159,357675435,-1359,-1179,-653,-232,-130,-475
IMU1,35160,357686301,-1364,-1187,-655,-169,-147,-487
IMU1,35161,357697142,-1363,-1193,-662,-133,-164,-480
IMU1,35162,357707982,-1372,-1187,-662,-102,-186,-457
IMU1,35163,357718839,-1375,-1197,-662,-72,-215,-422
IMU1,35164,357729502,-1371,-1197,-656,-61,-235,-378
IMU1,35165,357740163,-1376,-1191,-639,-59,-229,-336
IMU1,35166,357750827,-1369,-1194,-641,-63,-198,-302
IMU1,35167,357761486,-1365,-1202,-614,-81,-153,-270
IMU1,35168,357772653,-1363,-1197,-606,-137,-67,-217
IMU1,35169,357783314,-1402,-1199,-588,-163,-48,-194
IMU1,35170,357793976,-1429,-1217,-576,-175,-51,-165
IMU1,35171,357804625,-1473,-1214,-548,-182,-69,-124
IMU1,35172,357815287,-1527,-1220,-533,-181,-87,-69
IMU1,35173,357825746,-1578,-1227,-541,-170,-103,-7
IMU1,35174,357836211,-1625,-1224,-554,-159,-120,55
IMU1,35175,357846771,-1656,-1227,-566,-155,-133,115
IMU1,35176,357857529,-1668,-1226,-569,-160,-138,165
IMU1,35177,357868793,-1623,-1200,-568,-197,-79,202
IMU1,35178,357879353,-1598,-1180,-565,-224,-21,196
IMU1,35179,357889929,-1571,-1159,-565,-247,35,165
IMU1,35180,357900379,-1529,-1141,-569,-252,68,106
IMU1,35181,357910847,-1493,-1115,-577,-243,79,34
IMU1,35182,357921120,-1458,-1088,-585,-220,69,-36
IMU1,35183,357931474,-1443,-1064,-588,-182,35,-100
IMU1,35184,357942033,-1448,-1048,-599,-130,-15,-148
IMU1,35185,357952684,-1463,-1030,-612,-67,-74,-176
IMU1,35186,357963136,-1472,-1014,-640,-1,-136,-180
IMU1,35187,357974635,-1490,-992,-688,115,-241,-149
IMU1,35188,357985201,-1502,-987,-707,154,-284,-110
IMU1,35189,357995776,-1524,-990,-716,186,-297,-74
IMU1,35190,358006141,-1554,-1005,-730,201,-286,-27
IMU1,35191,358016698,-1594,-1014,-738,204,-249,22
IMU1,35192,358027152,-1642,-1034,-741,193,-191,78
IMU1,35193,358037623,-1667,-1066,-748,171,-130,139
IMU1,35194,358048284,-1684,-1083,-753,144,-68,194
IMU1,35195,358058740,-1707,-1103,-760,120,-7,233
IMU1,35196,358069014,-1710,-1137,-763,98,48,254
IMU1,35197,358080234,-1694,-1153,-759,68,121,245
IMU1,35198,358090595,-1682,-1162,-755,63,144,217
IMU1,35199,358100967,-1676,-1171,-739,80,150,170
IMU1,35200,358111336,-1663,-1162,-743,109,137,114
IMU1,35201,358121901,-1650,-1165,-742,150,101,52
IMU1,35202,358132260,-1659,-1159,-741,199,39,-11
IMU1,35203,358142517,-1681,-1154,-738,251,-38,-63
IMU1,35204,358152879,-1680,-1164,-758,300,-115,-105
IMU1,35205,358163633,-1666,-1164,-759,339,-183,-140
IMU1,35206,358174375,-1637,-1145,-772,362,-240,-167
IMU1,35207,358185126,-1573,-1112,-782,378,-308,-219
IMU1,35208,358195887,-1532,-1095,-785,386,-315,-247
IMU1,35209,358206637,-1493,-1087,-773,386,-307,-277
IMU1,35210,358217398,-1467,-1075,-759,394,-278,-302
IMU1,35211,358228163,-1441,-1066,-746,399,-240,-309
IMU1,35212,358238913,-1437,-1060,-727,406,-198,-307
IMU1,35213,358249670,-1450,-1056,-720,416,-162,-290
IMU1,35214,358260408,-1455,-1066,-715,428,-143,-257
IMU1,35215,358271158,-1478,-1059,-677,440,-147,-211
IMU1,35216,358282445,-1499,-1059,-669,446,-183,-84
IMU1,35217,358292984,-1520,-1056,-658,434,-189,-13
IMU1,35218,358303533,-1521,-1069,-655,418,-181,56
IMU1,35219,358313995,-1514,-1080,-646,384,-171,122
IMU1,35220,358324659,-1529,-1087,-635,344,-150,170
IMU1,35221,358335317,-1532,-1108,-637,297,-109,210
IMU1,35222,358346001,-1550,-1133,-614,242,-47,243
IMU1,35223,358356466,-1587,-1157,-577,192,29,269
IMU1,35224,358366848,-1622,-1193,-550,152,106,289
IMU1,35225,358377420,-1621,-1221,-529,120,202,303
IMU1,35226,358387991,-1622,-1222,-520,73,214,286
IMU1,35227,358398369,-1627,-1237,-511,64,203,251
IMU1,35228,358408757,-1630,-1242,-509,64,176,212
IMU1,35229,358419083,-1627,-1234,-499,75,136,175
IMU1,35230,358429416,-1619,-1239,-496,92,93,137
IMU1,35231,358439555,-1611,-1235,-496,113,51,95
IMU1,35232,358449698,-1611,-1224,-500,136,4,56
IMU1,35233,358459635,-1609,-1217,-511,158,-41,22
IMU1,35234,358469869,-1599,-1205,-524,177,-82,-6
IMU1,35235,358480005,-1604,-1185,-543,189,-117,-27
IMU1,35236,358490519,-1614,-1174,-560,195,-139,-38
IMU1,35237,358501045,-1616,-1168,-572,188,-155,-35
IMU1,35238,358511576,-1595,-1144,-584,179,-154,-25
IMU1,35239,358522642,-1564,-1133,-592,145,-93,-7
IMU1,35240,358532786,-1555,-1133,-607,119,-35,2
IMU1,35241,358542834,-1554,-1128,-609,91,20,11
IMU1,35242,358552783,-1573,-1128,-599,67,61,24
IMU1,35243,358562742,-1598,-1152,-581,46,88,44
IMU1,35244,358572690,-1610,-1167,-574,34,98,70
IMU1,35245,358582638,-1607,-1162,-573,26,95,99
IMU1,35246,358592579,-1602,-1164,-570,19,92,117
IMU1,35247,358602714,-1587,-1175,-574,14,87,125
IMU1,35248,358612870,-1566,-1181,-588,4,85,121
IMU1,35249,358622814,-1547,-1174,-591,-5,83,102
IMU1,35250,358635417,-1541,-1170,-586,-4,78,71
IMU1,35251,358645283,-1544,-1175,-581,2,73,40
IMU1,35252,358655042,-1556,-1182,-569,6,65,12
IMU1,35253,358664803,-1556,-1190,-557,29,46,-8
IMU1,35254,358674649,-1570,-1186,-538,56,22,-22
IMU1,35255,358684696,-1576,-1199,-541,80,-8,-26
IMU1,35256,358695688,-1590,-1201,-550,117,-59,-27
IMU1,35257,358706031,-1584,-1203,-550,124,-80,-24
IMU1,35258,358716379,-1585,-1195,-552,121,-96,-32
IMU1,35259,358726739,-1577,-1194,-556,114,-110,-37
IMU1,35260,358737288,-1577,-1188,-556,101,-117,-46
IMU1,35261,358747827,-1581,-1184,-564,82,-120,-55
IMU1,35262,358758180,-1590,-1181,-568,63,-114,-59
IMU1,35263,358768542,-1596,-1183,-566,44,-101,-56
IMU1,35264,358778894,-1605,-1175,-562,25,-82,-49
IMU1,35265,358789024,-1602,-1174,-551,11,-52,-41
IMU1,35266,358799170,-1607,-1173,-547,2,-16,-31
IMU1,35267,358809127,-1603,-1175,-549,-9,10,-18
IMU1,35268,358819075,-1604,-1171,-554,-12,29,-12
IMU1,35269,358830245,-1609,-1171,-559,-34,32,-7
IMU1,35270,358840177,-1608,-1156,-560,-39,24,-7
IMU1,35271,358850111,-1605,-1155,-555,-43,18,-10
IMU1,35272,358860247,-1601,-1145,-557,-53,16,-10
IMU1,35273,358870383,-1598,-1140,-558,-59,15,-9
IMU1,35274,358880348,-1596,-1133,-564,-51,10,-13
IMU1,35275,358890486,-1602,-1131,-561,-45,-1,-18
IMU1,35276,358900513,-1601,-1130,-562,-38,-9,-20
IMU1,35277,358910544,-1596,-1122,-567,-29,-14,-19
IMU1,35278,358920795,-1592,-1112,-570,-15,-9,-23
IMU1,35279,358930843,-1587,-1116,-580,-6,4,-27
IMU1,35280,358940599,-1584,-1116,-587,0,20,-29
IMU1,35281,358950354,-1595,-1118,-579,8,36,-32
IMU1,35282,358960227,-1604,-1122,-573,18,42,-31
IMU1,35283,358970261,-1608,-1109,-568,25,41,-25
IMU1,35284,358980296,-1620,-1103,-572,31,35,-17
IMU1,35285,358990335,-1624,-1106,-581,32,24,-5
IMU1,35286,359000184,-1633,-1105,-589,31,14,7
IMU1,35287,359009937,-1632,-1105,-592,26,15,20
IMU1,35288,359019887,-1627,-1108,-584,16,28,30
IMU1,35289,359029833,-1629,-1107,-573,15,44,38
IMU1,35290,359039783,-1630,-1119,-569,16,56,47
IMU1,35291,359049753,-1624,-1111,-572,20,71,49
IMU1,35292,359061265,-1614,-1110,-573,41,92,38
IMU1,35293,359071215,-1602,-1112,-563,50,92,32
IMU1,35294,359081167,-1582,-1109,-558,67,86,16
IMU1,35295,359091125,-1571,-1108,-564,78,77,-3
IMU1,35296,359101000,-1571,-1109,-569,97,68,-25
IMU1,35297,359111061,-1577,-1112,-568,118,50,-43
IMU1,35298,359121324,-1592,-1115,-568,138,34,-54
IMU1,35299,359131583,-1613,-1125,-570,160,16,-54
IMU1,35300,359141831,-1610,-1135,-570,180,-6,-44
IMU1,35301,359151971,-1603,-1134,-572,195,-25,-29
IMU1,35302,359162319,-1587,-1131,-567,207,-33,-19
IMU1,35303,359172669,-1581,-1136,-571,212,-36,-11
IMU1,35304,359183016,-1574,-1144,-572,216,-33,-7
IMU1,35305,359193174,-1574,-1144,-564,217,-25,-3
IMU1,35306,359203333,-1567,-1151,-555,220,-12,1
IMU1,35307,359213386,-1576,-1167,-537,221,-1,8
IMU1,35308,359224808,-1580,-1192,-532,217,17,26
IMU1,35309,359234953,-1574,-1202,-523,216,31,32
IMU1,35310,359245103,-1565,-1204,-522,210,41,33
IMU1,35311,359255250,-1552,-1204,-524,200,57,27
IMU1,35312,359265403,-1540,-1203,-524,186,69,15
IMU1,35313,359275549,-1539,-1203,-519,179,72,2
IMU1,35314,359285507,-1543,-1205,-510,178,64,-12
IMU1,35315,359295760,-1548,-1208,-509,179,55,-15
IMU1,35316,359306022,-1563,-1218,-505,180,50,-16
IMU1,35317,359316269,-1563,-1226,-509,185,48,-11
IMU1,35318,359326521,-1562,-1225,-514,190,47,-6
IMU1,35319,359336577,-1576,-1225,-512,191,42,-4
IMU1,35320,359346638,-1573,-1231,-515,187,31,-4
IMU1,35321,359356702,-1579,-1235,-511,182,22,-1
IMU1,35322,359366773,-1576,-1229,-510,177,22,-4
IMU1,35323,359376825,-1580,-1221,-522,168,33,-8
IMU1,35324,359387913,-1583,-1223,-527,142,69,-24
IMU1,35325,359398174,-1592,-1214,-520,122,85,-31
IMU1,35326,359408439,-1603,-1213,-513,118,87,-34
IMU1,35327,359418686,-1599,-1215,-506,114,91,-36
IMU1,35328,359428955,-1593,-1203,-503,115,97,-37
IMU1,35329,359439207,-1600,-1192,-509,119,102,-37
IMU1,35330,359449651,-1605,-1192,-512,123,103,-38
IMU1,35331,359460083,-1609,-1191,-520,130,95,-37
IMU1,35332,359470327,-1611,-1190,-514,136,88,-33
IMU1,35333,359480577,-1612,-1194,-517,140,82,-28
IMU1,35334,359490820,-1598,-1187,-517,148,83,-25
IMU1,35335,359501074,-1586,-1177,-533,146,95,-31
IMU1,35336,359511335,-1570,-1173,-529,151,108,-44
IMU1,35337,359522839,-1547,-1157,-504,157,120,-75
IMU1,35338,359533300,-1557,-1163,-497,165,115,-84
IMU1,35339,359543750,-1555,-1171,-489,189,91,-84
IMU1,35340,359554014,-1549,-1168,-493,211,64,-81
IMU1,35341,359564261,-1544,-1171,-504,225,38,-73
IMU1,35342,359574524,-1542,-1183,-513,233,24,-67
IMU1,35343,359584789,-1541,-1177,-524,233,21,-64
IMU1,35344,359595052,-1540,-1177,-522,229,27,-60
IMU1,35345,359605319,-1537,-1174,-514,219,41,-51
IMU1,35346,359615584,-1532,-1176,-509,207,67,-43
IMU1,35347,359625857,-1525,-1173,-499,192,99,-36
IMU1,35348,359638678,-1498,-1184,-515,168,147,-33
IMU1,35349,359649134,-1492,-1188,-514,160,162,-33
IMU1,35350,359659586,-1477,-1187,-500,158,158,-37
IMU1,35351,359670047,-1477,-1194,-490,162,147,-38
IMU1,35352,359680503,-1467,-1207,-480,174,139,-37
IMU1,35353,359690928,-1441,-1212,-476,190,133,-32
IMU1,35354,359701370,-1425,-1221,-474,207,130,-28
IMU1,35355,359711822,-1423,-1245,-472,227,126,-31
IMU1,35356,359722282,-1427,-1283,-466,246,107,-32
IMU1,35357,359732719,-1417,-1335,-463,268,77,-35
IMU1,35358,359744014,-1394,-1360,-470,312,11,-54
IMU1,35359,359754258,-1393,-1384,-470,330,-16,-61
IMU1,35360,359764604,-1411,-1408,-461,357,-33,-70
IMU1,35361,359774949,-1435,-1436,-455,379,-43,-65
IMU1,35362,359785305,-1477,-1462,-447,403,-48,-48
IMU1,35363,359795644,-1523,-1490,-439,421,-49,-20
IMU1,35364,359805981,-1563,-1525,-444,428,-48,23
IMU1,35365,359816234,-1595,-1545,-431,423,-44,70
IMU1,35366,359826491,-1611,-1570,-419,405,-35,113
IMU1,35367,359836937,-1608,-1593,-403,381,-13,147
IMU1,35368,359847378,-1603,-1593,-398,338,21,165
IMU1,35369,359857721,-1605,-1585,-398,283,69,159
IMU1,35370,359868596,-1589,-1562,-396,164,133,103
IMU1,35371,359879162,-1576,-1542,-393,106,148,57
IMU1,35372,359889528,-1557,-1514,-384,59,147,4
IMU1,35373,359899498,-1534,-1481,-386,20,125,-52
IMU1,35374,359909755,-1523,-1450,-398,-9,86,-110
IMU1,35375,359919920,-1505,-1419,-402,-29,42,-161
IMU1,35376,359930276,-1497,-1379,-414,-36,4,-203
IMU1,35377,359940432,-1484,-1337,-424,-37,-20,-232
IMU1,35378,359950872,-1474,-1305,-444,-32,-30,-249
IMU1,35379,359961317,-1463,-1272,-452,-31,-35,-253
IMU1,35380,359971770,-1459,-1242,-457,-33,-42,-247
IMU1,35381,359982218,-1467,-1220,-472,-31,-59,-231
IMU1,35382,359992671,-1475,-1201,-496,-40,-77,-204
IMU1,35383,360003636,-1469,-1187,-494,-61,-86,-134
IMU1,35384,360014064,-1459,-1180,-496,-76,-62,-99
IMU1,35385,360024305,-1458,-1181,-490,-95,-23,-64
IMU1,35386,360034546,-1458,-1181,-494,-112,19,-32
IMU1,35387,360044895,-1466,-1185,-499,-128,55,-8
IMU1,35388,360055021,-1494,-1180,-500,-133,65,11
IMU1,35389,360065275,-1512,-1191,-492,-133,54,32
IMU1,35390,360075526,-1524,-1199,-476,-127,41,53
IMU1,35391,360085778,-1537,-1207,-463,-120,34,75
IMU1,35392,360096023,-1536,-1212,-464,-112,37,91
IMU1,35393,360106263,-1540,-1222,-470,-104,44,99
IMU1,35394,360116512,-1536,-1225,-478,-100,46,97
IMU1,35395,360126768,-1536,-1236,-473,-103,45,82
IMU1,35396,360138059,-1528,-1246,-468,-97,8,25
IMU1,35397,360147918,-1544,-1250,-460,-85,-23,0
IMU1,35398,360157771,-1553,-1257,-468,-65,-61,-19
IMU1,35399,360168024,-1550,-1267,-476,-52,-91,-42
IMU1,35400,360178263,-1550,-1269,-485,-32,-112,-58
IMU1,35401,360188708,-1541,-1274,-491,-13,-122,-62
IMU1,35402,360199161,-1544,-1281,-500,-5,-125,-62
IMU1,35403,360209400,-1538,-1284,-507,2,-127,-60
IMU1,35404,360219539,-1535,-1286,-507,1,-128,-59
IMU1,35405,360229681,-1526,-1284,-507,-4,-122,-58
IMU1,35406,360239918,-1527,-1291,-508,-13,-109,-54
IMU1,35407,360250371,-1528,-1294,-513,-26,-87,-49
IMU1,35408,360260608,-1537,-1301,-505,-44,-65,-41
IMU1,35409,360270847,-1531,-1303,-512,-56,-53,-31
IMU1,35410,360281094,-1526,-1300,-517,-70,-43,-23
IMU1,35411,360291867,-1524,-1304,-519,-95,-41,-12
IMU1,35412,360302108,-1533,-1306,-512,-102,-38,-5
IMU1,35413,360312356,-1528,-1305,-511,-110,-39,6
IMU1,35414,360322514,-1515,-1304,-522,-105,-31,-4
IMU1,35415,360332761,-1503,-1303,-530,-104,-23,-18
IMU1,35416,360343210,-1488,-1295,-531,-106,-17,-34
IMU1,35417,360353650,-1479,-1285,-526,-97,-21,-55
IMU1,35418,360363885,-1467,-1282,-521,-89,-28,-74
IMU1,35419,360374126,-1470,-1280,-517,-77,-32,-89
IMU1,35420,360384371,-1473,-1282,-508,-64,-35,-101
IMU1,35421,360394807,-1471,-1283,-508,-48,-45,-109
IMU1,35422,360405248,-1478,-1278,-515,-33,-67,-110
IMU1,35423,360415703,-1483,-1301,-505,-22,-89,-109
IMU1,35424,360426671,-1474,-1304,-505,-7,-109,-84
IMU1,35425,360436921,-1458,-1305,-502,0,-100,-85
IMU1,35426,360446976,-1471,-1302,-504,3,-89,-81
IMU1,35427,360456942,-1478,-1310,-503,-1,-77,-68
IMU1,35428,360466965,-1482,-1318,-506,-10,-71,-53
IMU1,35429,360477185,-1484,-1319,-497,-22,-66,-39
IMU1,35430,360487405,-1487,-1329,-492,-38,-59,-24
IMU1,35431,360497618,-1495,-1344,-487,-53,-50,-13
IMU1,35432,360507834,-1503,-1351,-478,-70,-43,-3
IMU1,35433,360517877,-1509,-1358,-479,-83,-34,3
IMU1,35434,360527818,-1518,-1360,-479,-101,-27,4
IMU1,35435,360537958,-1512,-1357,-491,-118,-22,-3
IMU1,35436,360548188,-1504,-1348,-500,-133,-17,-16
IMU1,35437,360558614,-1500,-1336,-514,-155,-11,-35
IMU1,35438,360569049,-1492,-1325,-521,-167,0,-58
IMU1,35439,360580641,-1501,-1305,-527,-179,19,-93
IMU1,35440,360590968,-1512,-1304,-521,-169,20,-100
IMU1,35441,360601497,-1518,-1293,-523,-151,4,-99
IMU1,35442,360611645,-1514,-1288,-527,-133,-19,-89
IMU1,35443,360622073,-1500,-1279,-539,-111,-40,-78
IMU1,35444,360632521,-1492,-1271,-551,-94,-49,-74
IMU1,35445,360645312,-1500,-1267,-557,-86,-47,-71
IMU1,35446,360655547,-1495,-1262,-566,-84,-37,-67
IMU1,35447,360665772,-1518,-1254,-557,-90,-23,-63
IMU1,35448,360676522,-1531,-1260,-558,-99,-7,-44
IMU1,35449,360686558,-1536,-1255,-560,-105,-1,-23
IMU1,35450,360696794,-1547,-1248,-560,-105,12,-7
IMU1,35451,360706936,-1546,-1249,-566,-112,31,15
IMU1,35452,360717173,-1548,-1240,-566,-119,57,32
IMU1,35453,360727417,-1547,-1236,-573,-121,87,42
IMU1,35454,360737663,-1543,-1243,-573,-129,114,47
IMU1,35455,360748099,-1531,-1253,-567,-127,128,45
IMU1,35456,360758544,-1519,-1250,-561,-122,127,38
IMU1,35457,360768990,-1513,-1248,-564,-105,114,27
IMU1,35458,360779430,-1517,-1246,-568,-80,93,19
IMU1,35459,360789481,-1510,-1251,-577,-58,74,13
IMU1,35460,360799536,-1507,-1242,-569,-33,70,8
IMU1,35461,360809398,-1512,-1237,-567,-11,69,7
IMU1,35462,360819246,-1498,-1246,-558,4,74,13
IMU1,35463,360830550,-1455,-1222,-559,29,66,11
IMU1,35464,360840510,-1439,-1213,-569,35,49,1
IMU1,35465,360850259,-1448,-1229,-585,39,27,-14
IMU1,35466,360860300,-1440,-1240,-590,37,8,-19
IMU1,35467,360870139,-1438,-1242,-577,42,-8,-19
IMU1,35468,360880084,-1429,-1257,-572,47,-12,-14
IMU1,35469,360890211,-1417,-1272,-568,54,-14,-5
IMU1,35470,360900158,-1409,-1283,-568,60,-19,5
IMU1,35471,360909997,-1398,-1289,-572,64,-29,9
IMU1,35472,360919843,-1382,-1294,-581,65,-44,12
IMU1,35473,360929887,-1374,-1300,-578,59,-54,10
IMU1,35474,360939932,-1373,-1300,-571,54,-57,6
IMU1,35475,360949782,-1391,-1311,-570,44,-55,3
IMU1,35476,360959630,-1399,-1334,-568,25,-58,8
IMU1,35477,360969500,-1411,-1345,-555,6,-66,19
IMU1,35478,360979344,-1423,-1359,-541,-9,-72,27
IMU1,35479,360989284,-1430,-1376,-542,-25,-77,30
IMU1,35480,360999420,-1433,-1392,-551,-42,-87,32
IMU1,35481,361009562,-1417,-1403,-556,-59,-92,30
IMU1,35482,361019710,-1400,-1402,-553,-86,-85,18
IMU1,35483,361029852,-1390,-1403,-551,-104,-70,-5
IMU1,35484,361040089,-1396,-1407,-546,-122,-57,-33
IMU1,35485,361050512,-1418,-1419,-520,-130,-59,-68
IMU1,35486,361061471,-1436,-1422,-519,-135,-101,-82
IMU1,35487,361072115,-1438,-1433,-521,-136,-140,-86
IMU1,35488,361082752,-1430,-1437,-533,-133,-171,-96
IMU1,35489,361093400,-1428,-1432,-541,-138,-186,-108
IMU1,35490,361104233,-1428,-1438,-545,-150,-189,-120
IMU1,35491,361115062,-1440,-1441,-537,-164,-180,-134
IMU1,35492,361125883,-1443,-1444,-538,-181,-171,-145
IMU1,35493,361136705,-1448,-1446,-534,-197,-171,-150
IMU1,35494,361147532,-1441,-1446,-532,-224,-181,-164
IMU1,35495,361158355,-1440,-1439,-527,-235,-188,-167
IMU1,35496,361169198,-1443,-1430,-515,-249,-197,-166
IMU1,35497,361180031,-1452,-1434,-509,-259,-207,-167
IMU1,35498,361190868,-1457,-1443,-510,-264,-217,-168
IMU1,35499,361201695,-1473,-1444,-515,-273,-222,-166
IMU1,35500,361212526,-1493,-1459,-510,-286,-219,-164
IMU1,35501,361223367,-1500,-1483,-506,-306,-215,-162
IMU1,35502,361234203,-1508,-1488,-501,-344,-223,-161
IMU1,35503,361245040,-1505,-1495,-504,-369,-239,-169
IMU1,35504,361255881,-1513,-1493,-499,-388,-258,-182
IMU1,35505,361266730,-1512,-1493,-499,-411,-273,-190
IMU1,35506,361277588,-1504,-1487,-497,-434,-278,-196
IMU1,35507,361288429,-1501,-1488,-504,-460,-272,-204
IMU1,35508,361299254,-1489,-1468,-516,-484,-262,-215
IMU1,35509,361310077,-1480,-1448,-521,-506,-251,-227
IMU1,35510,361320918,-1467,-1432,-518,-555,-244,-250
IMU1,35511,361331764,-1451,-1411,-521,-564,-256,-260
IMU1,35512,361342605,-1444,-1401,-518,-576,-274,-268
IMU1,35513,361353458,-1440,-1392,-518,-576,-297,-273
IMU1,35514,361364308,-1447,-1378,-513,-578,-320,-270
IMU1,35515,361375155,-1437,-1374,-527,-576,-339,-263
IMU1,35516,361386007,-1434,-1356,-530,-573,-356,-254
IMU1,35517,361396857,-1436,-1354,-544,-572,-373,-238
IMU1,35518,361407710,-1436,-1351,-545,-571,-378,-228
IMU1,35519,361418578,-1459,-1332,-531,-569,-377,-222
IMU1,35520,361429428,-1485,-1334,-535,-560,-384,-211
IMU1,35521,361440278,-1484,-1328,-537,-555,-395,-195
IMU1,35522,361451115,-1472,-1300,-529,-555,-407,-181
IMU1,35523,361461962,-1457,-1283,-533,-564,-403,-183
IMU1,35524,361472791,-1448,-1279,-536,-581,-385,-196
IMU1,35525,361483622,-1425,-1253,-549,-632,-335,-240
IMU1,35526,361494459,-1416,-1229,-560,-665,-311,-263
IMU1,35527,361505294,-1425,-1209,-557,-687,-292,-290
IMU1,35528,361516129,-1447,-1200,-541,-707,-286,-303
IMU1,35529,361526972,-1461,-1196,-542,-716,-298,-309
IMU1,35530,361537824,-1471,-1187,-558,-711,-332,-309
IMU1,35531,361548676,-1478,-1179,-590,-705,-373,-304
IMU1,35532,361559542,-1485,-1164,-622,-701,-401,-296
IMU1,35533,361570915,-1509,-1130,-698,-710,-379,-270
IMU1,35534,361581775,-1518,-1105,-724,-723,-331,-246
IMU1,35535,361592625,-1525,-1089,-731,-733,-263,-230
IMU1,35536,361603483,-1541,-1075,-737,-744,-196,-209
IMU1,35537,361614313,-1559,-1053,-743,-742,-151,-185
IMU1,35538,361625157,-1599,-1041,-752,-722,-133,-159
IMU1,35539,361636008,-1614,-1046,-760,-685,-140,-126
IMU1,35540,361649375,-1631,-1050,-783,-593,-168,-30
IMU1,35541,361660011,-1599,-1063,-787,-546,-148,10
IMU1,35542,361670564,-1577,-1045,-783,-501,-101,28
IMU1,35543,361681107,-1563,-1036,-776,-463,-52,34
IMU1,35544,361691452,-1555,-1027,-778,-434,-23,26
IMU1,35545,361701799,-1553,-1013,-779,-408,-29,9
IMU1,35546,361711948,-1545,-1011,-785,-384,-60,-10
IMU1,35547,361722405,-1533,-1007,-789,-369,-96,-35
IMU1,35548,361732845,-1513,-1005,-801,-352,-119,-63
IMU1,35549,361743996,-1494,-1009,-822,-326,-121,-116
IMU1,35550,361754834,-1492,-997,-848,-312,-112,-142
IMU1,35551,361765486,-1498,-994,-867,-313,-114,-156
IMU1,35552,361776121,-1499,-987,-888,-314,-114,-167
IMU1,35553,361786747,-1502,-975,-908,-328,-116,-167
IMU1,35554,361797376,-1510,-983,-920,-346,-108,-166
IMU1,35555,361808008,-1484,-994,-944,-369,-95,-162
IMU1,35556,361818427,-1456,-994,-982,-394,-83,-167
IMU1,35557,361828857,-1436,-997,-1048,-417,-80,-180
IMU1,35558,361840009,-1438,-1020,-1067,-445,-105,-201
IMU1,35559,361851031,-1459,-1048,-1085,-438,-105,-198
IMU1,35560,361862063,-1469,-1071,-1091,-431,-96,-170
IMU1,35561,361872896,-1486,-1079,-1085,-418,-73,-135
IMU1,35562,361883727,-1522,-1082,-1072,-392,-50,-103
IMU1,35563,361894558,-1545,-1073,-1102,-359,-57,-77
IMU1,35564,361905200,-1578,-1074,-1112,-326,-98,-61
IMU1,35565,361915846,-1613,-1090,-1096,-288,-148,-49
IMU1,35566,361926683,-1632,-1068,-1065,-225,-182,-21
IMU1,35567,361937500,-1640,-1051,-1050,-198,-156,-17
IMU1,35568,361948329,-1621,-1035,-1037,-192,-122,-19
IMU1,35569,361959153,-1588,-995,-1031,-212,-104,-30
IMU1,35570,361969799,-1543,-955,-1034,-249,-91,-65
IMU1,35571,361980248,-1513,-914,-1057,-300,-93,-117
IMU1,35572,361990902,-1482,-870,-1104,-361,-112,-173
IMU1,35573,362001737,-1479,-837,-1124,-427,-134,-219
IMU1,35574,362012572,-1411,-813,-1111,-530,-74,-244
IMU1,35575,362023214,-1397,-757,-1100,-563,11,-241
IMU1,35576,362033759,-1381,-758,-1085,-576,87,-229
IMU1,35577,362044314,-1354,-740,-1083,-569,118,-213
IMU1,35578,362055067,-1312,-706,-1128,-562,86,-196
IMU1,35579,362065612,-1275,-686,-1137,-543,-1,-184
IMU1,35580,362076060,-1241,-659,-1132,-517,-107,-172
IMU1,35581,362086908,-1209,-629,-1133,-489,-191,-159
IMU1,35582,362097728,-1177,-601,-1154,-460,-238,-144
IMU1,35583,362108564,-1153,-535,-1259,-437,-221,-120
IMU1,35584,362119403,-1110,-502,-1296,-418,-178,-110
IMU1,35585,362130232,-1088,-457,-1320,-416,-130,-100
IMU1,35586,362141062,-1077,-411,-1316,-411,-76,-86
IMU1,35587,362151495,-1081,-365,-1351,-391,-35,-72
IMU1,35588,362161941,-1094,-305,-1378,-363,-25,-41
IMU1,35589,362172377,-1129,-253,-1404,-320,-47,6
IMU1,35590,362182517,-1147,-203,-1448,-276,-99,69
IMU1,35591,362192857,-1169,-152,-1499,-236,-168,141
IMU1,35592,362203595,-1203,-90,-1571,-208,-242,225
IMU1,35593,362214144,-1214,54,-1747,-207,-301,397
IMU1,35594,362224610,-1131,166,-1896,-287,-355,469
IMU1,35595,362235270,-989,292,-2011,-342,-388,491
IMU1,35596,362245730,-840,432,-2168,-377,-458,453
IMU1,35597,362256180,-690,574,-2281,-385,-543,373
IMU1,35598,362266624,-619,696,-2328,-349,-590,278
IMU1,35599,362277080,-661,776,-2319,-256,-576,226
IMU1,35600,362287542,-757,809,-2334,-116,-500,270
IMU1,35601,362297998,-805,836,-2343,49,-389,418
IMU1,35602,362308144,-811,865,-2307,233,-277,643
IMU1,35603,362318495,-714,929,-2314,423,-176,899
IMU1,35604,362328854,-559,1036,-2330,618,-106,1137
IMU1,35605,362340140,-414,1186,-2315,1008,-34,1442
IMU1,35606,362350896,-442,1168,-2203,1204,6,1566
IMU1,35607,362361363,-527,1109,-2011,1409,111,1716
IMU1,35608,362372228,-536,1024,-1751,1636,300,1921
IMU1,35609,362383090,-485,1024,-1469,1874,554,2173
IMU1,35610,362393963,-602,1104,-1098,2112,855,2435
IMU1,35611,362404832,-921,1078,-762,2347,1168,2738
IMU1,35612,362415698,-1288,1207,412,2553,1484,3116
IMU1,35613,362426665,-2958,1012,960,2892,2018,4131
IMU1,35614,362437630,-4092,543,1277,2998,2097,4725
IMU1,35615,362448611,-4593,-1,1416,3011,2021,5289
IMU1,35616,362459282,-4639,-111,1677,2932,1802,5636
IMU1,35617,362470350,-5224,148,1549,2764,1427,5666
IMU1,35618,362481340,-5803,87,1024,2390,806,5471
IMU1,35619,362491916,-5729,-67,461,1720,86,5105
IMU1,35620,362502207,-5816,-292,876,844,-326,4599
IMU1,35621,362513280,-5903,-588,972,-619,811,3571
IMU1,35622,362523842,-5662,-731,1055,-974,1426,3060
IMU1,35623,362534800,-5156,-866,1297,-1001,1584,2472
IMU1,35624,362545952,-4664,-1017,1505,-706,1438,1792
IMU1,35625,362557119,-4260,-1123,1539,-179,1062,1071
IMU1,35626,362568286,-3924,-1068,1360,457,469,340
IMU1,35627,362578933,-3599,-856,691,1061,-264,-373
IMU1,35628,362590100,-3191,-303,333,1791,-1444,-1554
IMU1,35629,362601164,-3110,-20,29,1864,-1687,-1913
IMU1,35630,362611812,-3053,183,-167,1801,-1726,-2105
IMU1,35631,362622858,-3010,293,-268,1637,-1614,-2117
IMU1,35632,362633912,-2947,312,-342,1420,-1380,-1988
IMU1,35633,362644975,-2889,287,-377,1168,-1077,-1764
IMU1,35634,362658571,-2681,193,-363,607,-465,-1168
IMU1,35635,362669220,-2583,127,-313,339,-245,-890
IMU1,35636,362679664,-2526,52,-273,105,-117,-682
IMU1,35637,362689925,-2485,-24,-260,-102,-71,-537
IMU1,35638,362700162,-2463,-125,-239,-284,-73,-460
IMU1,35639,362710614,-2475,-191,-258,-441,-84,-452
IMU1,35640,362721061,-2584,-283,-279,-575,-70,-481
IMU1,35641,362731501,-2624,-282,-249,-685,-30,-503
IMU1,35642,362741948,-2582,-356,-248,-772,35,-528
IMU1,35643,362752289,-2498,-358,-181,-828,116,-573
IMU1,35644,362763338,-2441,-390,-218,-814,213,-752
IMU1,35645,362773885,-2371,-384,-234,-766,166,-852
IMU1,35646,362784436,-2361,-399,-267,-705,96,-966
IMU1,35647,362794783,-2369,-400,-275,-635,21,-1066
IMU1,35648,362805342,-2377,-412,-264,-565,-46,-1130
IMU1,35649,362815984,-2375,-441,-261,-503,-90,-1159
IMU1,35650,362826649,-2338,-461,-286,-443,-133,-1170
IMU1,35651,362837492,-2290,-453,-328,-387,-204,-1187
IMU1,35652,362848340,-2250,-470,-467,-340,-305,-1217
IMU1,35653,362859707,-2173,-482,-540,-287,-499,-1294
IMU1,35654,362870550,-2078,-475,-585,-297,-539,-1329
IMU1,35655,362881410,-2009,-489,-605,-310,-520,-1369
IMU1,35656,362892247,-1987,-509,-606,-325,-446,-1401
IMU1,35657,362903089,-1997,-523,-612,-330,-342,-1415
IMU1,35658,362913946,-2067,-533,-630,-329,-250,-1399
IMU1,35659,362924786,-2086,-550,-708,-330,-211,-1349
IMU1,35660,362935637,-1931,-543,-869,-381,-316,-1246
IMU1,35661,362946495,-1868,-534,-945,-434,-380,-1223
IMU1,35662,362957351,-1802,-525,-1057,-501,-400,-1202
IMU1,35663,362968391,-1757,-544,-1143,-572,-368,-1187
IMU1,35664,362979443,-1791,-544,-1200,-633,-288,-1153
IMU1,35665,362990500,-1882,-585,-1229,-679,-137,-1094
IMU1,35666,363001551,-1921,-668,-1221,-714,76,-998
IMU1,35667,363012124,-1895,-604,-1212,-729,313,-879
IMU1,35668,363022883,-1594,-473,-1019,-721,667,-676
IMU1,35669,363033640,-1462,-536,-1063,-653,724,-704
IMU1,35670,363044384,-1774,-651,-1127,-567,666,-807
IMU1,35671,363055130,-1803,-584,-1276,-509,429,-827
IMU1,35672,363065897,-1597,-423,-1285,-495,94,-793
IMU1,35673,363076457,-1430,-292,-1191,-506,-131,-814
IMU1,35674,363087308,-1451,-321,-1148,-511,-190,-890
IMU1,35675,363098156,-1538,-442,-1284,-510,-173,-958
IMU1,35676,363109527,-1489,-483,-1303,-541,-183,-977
IMU1,35677,363120377,-1414,-414,-1273,-567,-162,-975
IMU1,35678,363131224,-1365,-428,-1258,-579,-107,-971
IMU1,35679,363142066,-1329,-466,-1218,-587,-35,-968
IMU1,35680,363152716,-1369,-437,-1192,-577,13,-951
IMU1,35681,363163271,-1344,-450,-1193,-556,9,-917
IMU1,35682,363173631,-1277,-442,-1194,-522,-47,-888
IMU1,35683,363184283,-1273,-407,-1207,-478,-144,-877
IMU1,35684,363195133,-1228,-468,-1213,-429,-336,-888
IMU1,35685,363205986,-1169,-462,-1199,-333,-397,-898
IMU1,35686,363216836,-1144,-455,-1191,-282,-439,-919
IMU1,35687,363227679,-1157,-473,-1138,-224,-470,-941
IMU1,35688,363238537,-1188,-493,-1082,-161,-509,-942
IMU1,35689,363249370,-1186,-492,-1037,-96,-561,-924
IMU1,35690,363260016,-1137,-494,-979,-26,-630,-910
IMU1,35691,363270471,-1110,-519,-1058,43,-728,-909
IMU1,35692,363281022,-1169,-530,-1106,90,-849,-909
IMU1,35693,363292093,-1160,-554,-1026,128,-1030,-865
IMU1,35694,363303047,-1090,-534,-1012,154,-1017,-840
IMU1,35695,363313997,-1026,-542,-1107,168,-930,-851
IMU1,35696,363324764,-1028,-468,-1154,156,-816,-882
IMU1,35697,363335520,-1009,-342,-1129,125,-718,-901
IMU1,35698,363346273,-1171,-549,-1336,89,-666,-886
IMU1,35699,363356822,-1223,-627,-1323,18,-667,-786
IMU1,35700,363367371,-1176,-510,-1163,-62,-629,-637
IMU1,35701,363378551,-1048,-667,-870,-91,-225,-402
IMU1,35702,363389000,-1010,-723,-841,-35,-29,-333
IMU1,35703,363399249,-940,-738,-844,49,31,-304
IMU1,35704,363409107,-884,-746,-845,162,-48,-323
IMU1,35705,363419249,-885,-745,-802,299,-207,-395
IMU1,35706,363429592,-948,-743,-764,451,-369,-487
IMU1,35707,363439957,-1056,-743,-763,607,-484,-567
IMU1,35708,363450528,-1162,-740,-779,745,-536,-609
IMU1,35709,363461100,-1260,-769,-804,856,-545,-606
IMU1,35710,363471670,-1354,-792,-790,937,-530,-565
IMU1,35711,363482258,-1440,-809,-817,991,-507,-491
IMU1,35712,363492805,-1612,-853,-813,1022,-491,-389
IMU1,35713,363503555,-1657,-873,-824,1009,-453,-145
IMU1,35714,363514322,-1702,-876,-793,950,-384,-29
IMU1,35715,363524707,-1765,-900,-743,885,-254,61
IMU1,35716,363534955,-1840,-976,-723,811,-101,137
IMU1,35717,363545405,-1911,-1037,-750,736,35,198
IMU1,35718,363555783,-1973,-1100,-730,667,119,250
IMU1,35719,363566352,-1991,-1173,-724,612,166,287
IMU1,35720,363576917,-1981,-1213,-693,579,207,306
IMU1,35721,363587481,-2009,-1231,-658,570,259,316
IMU1,35722,363598040,-2077,-1320,-627,583,319,337
IMU1,35723,363608613,-2118,-1390,-546,614,426,437
IMU1,35724,363619182,-2085,-1399,-465,699,458,478
IMU1,35725,363629755,-2069,-1411,-447,760,467,489
IMU1,35726,363640320,-2077,-1459,-434,825,435,470
IMU1,35727,363650882,-2073,-1454,-495,879,352,433
IMU1,35728,363663995,-2036,-1395,-507,904,253,387
IMU1,35729,363674570,-1950,-1349,-528,908,181,327
IMU1,35730,363685125,-1846,-1247,-562,893,178,255
IMU1,35731,363696197,-1834,-1259,-567,812,358,160
IMU1,35732,363706761,-1728,-1218,-554,753,503,172
IMU1,35733,363717337,-1618,-1127,-538,706,660,190
IMU1,35734,363727907,-1523,-1065,-534,659,807,212
IMU1,35735,363738458,-1441,-1037,-526,617,916,229
IMU1,35736,363749016,-1368,-1008,-513,589,974,238
IMU1,35737,363759575,-1295,-977,-510,573,986,243
IMU1,35738,363769940,-1232,-957,-521,571,972,241
IMU1,35739,363780305,-1186,-957,-532,580,945,236
IMU1,35740,363790679,-1177,-994,-544,593,924,242
IMU1,35741,363801572,-1227,-1119,-542,621,919,320
IMU1,35742,363812158,-1247,-1181,-512,625,924,408
IMU1,35743,363822727,-1232,-1223,-481,639,928,504
IMU1,35744,363833296,-1243,-1263,-465,651,919,604
IMU1,35745,363843867,-1261,-1337,-478,661,890,693
IMU1,35746,363854423,-1255,-1401,-516,661,841,755
IMU1,35747,363864980,-1240,-1453,-560,640,779,788
IMU1,35748,363875546,-1227,-1517,-575,598,723,792
IMU1,35749,363886130,-1243,-1576,-556,549,687,772
IMU1,35750,363896709,-1278,-1656,-538,498,667,743
IMU1,35751,363907798,-1337,-1692,-553,403,612,667
IMU1,35752,363918368,-1409,-1746,-576,351,555,633
IMU1,35753,363928954,-1475,-1792,-607,299,485,602
IMU1,35754,363939535,-1518,-1825,-640,238,412,575
IMU1,35755,363950104,-1575,-1843,-676,176,334,550
IMU1,35756,363960671,-1596,-1858,-721,119,259,525
IMU1,35757,363971242,-1602,-1856,-755,60,200,496
IMU1,35758,363981593,-1588,-1853,-790,4,173,460
IMU1,35759,363991773,-1547,-1846,-824,-49,176,406
IMU1,35760,364002233,-1503,-1806,-861,-91,194,335
IMU1,35761,364013209,-1418,-1721,-859,-127,208,148
IMU1,35762,364023852,-1376,-1653,-861,-111,175,47
IMU1,35763,364034304,-1340,-1594,-867,-80,112,-48
IMU1,35764,364044650,-1316,-1542,-851,-32,39,-136
IMU1,35765,364055002,-1294,-1491,-863,16,-39,-208
IMU1,35766,364065343,-1266,-1453,-874,64,-120,-269
IMU1,35767,364075884,-1227,-1412,-874,107,-196,-327
IMU1,35768,364086630,-1181,-1364,-879,144,-266,-384
IMU1,35769,364097378,-1126,-1318,-871,173,-316,-440
IMU1,35770,364108121,-1075,-1233,-850,198,-341,-494
IMU1,35771,364119401,-1014,-1191,-834,232,-333,-583
IMU1,35772,364130164,-996,-1148,-801,243,-331,-598
IMU1,35773,364140723,-999,-1102,-778,265,-339,-604
IMU1,35774,364151287,-987,-1074,-767,281,-366,-584
IMU1,35775,364161846,-969,-1038,-768,293,-402,-547
IMU1,35776,364172387,-966,-1008,-765,304,-441,-499
IMU1,35777,364182940,-998,-1008,-761,311,-481,-432
IMU1,35778,364193499,-1055,-1032,-756,312,-517,-337
IMU1,35779,364204260,-1102,-1087,-749,306,-539,-209
IMU1,35780,364215539,-1180,-1128,-757,266,-505,110
IMU1,35781,364226211,-1214,-1168,-778,211,-436,278
IMU1,35782,364236877,-1258,-1223,-783,143,-323,416
IMU1,35783,364247526,-1281,-1275,-778,63,-177,528
IMU1,35784,364257982,-1298,-1316,-755,-25,-20,605
IMU1,35785,364268328,-1390,-1363,-711,-102,125,642
IMU1,35786,364278979,-1508,-1454,-689,-167,223,667
IMU1,35787,364289637,-1593,-1528,-685,-216,259,695
IMU1,35788,364300292,-1644,-1561,-722,-253,259,719
IMU1,35789,364311474,-1678,-1635,-728,-329,259,713
IMU1,35790,364322140,-1664,-1643,-714,-356,289,672
IMU1,35791,364332799,-1646,-1625,-687,-367,331,599
IMU1,35792,364343469,-1693,-1633,-668,-376,361,516
IMU1,35793,364354127,-1739,-1668,-649,-368,357,431
IMU1,35794,364364785,-1746,-1672,-612,-349,306,352
IMU1,35795,364375469,-1739,-1685,-594,-319,227,262
IMU1,35796,364386143,-1763,-1730,-557,-283,124,154
IMU1,35797,364396799,-1897,-1862,-500,-231,7,28
IMU1,35798,364407395,-2008,-1924,-510,-97,-292,-258
IMU1,35799,364418041,-2092,-1983,-554,-23,-478,-399
IMU1,35800,364428693,-2113,-2016,-618,20,-675,-521
IMU1,35801,364439258,-2118,-2002,-650,21,-841,-633
IMU1,35802,364449818,-2134,-1956,-639,-22,-934,-705
IMU1,35803,364460480,-2162,-1906,-602,-106,-936,-721
IMU1,35804,364471342,-2184,-1840,-571,-219,-860,-688
IMU1,35805,364482202,-2144,-1748,-555,-359,-745,-628
IMU1,35806,364493066,-1959,-1476,-555,-522,-615,-535
IMU1,35807,364503922,-1933,-1364,-532,-903,-390,-520
IMU1,35808,364514781,-1938,-1320,-508,-1095,-307,-507
IMU1,35809,364525837,-1889,-1279,-482,-1275,-234,-490
IMU1,35810,364536902,-1810,-1187,-466,-1443,-161,-472
IMU1,35811,364547965,-1691,-1087,-474,-1592,-72,-472
IMU1,35812,364558809,-1580,-985,-477,-1721,25,-501
IMU1,35813,364569358,-1506,-909,-470,-1823,115,-552
IMU1,35814,364580643,-1422,-804,-463,-1911,254,-662
IMU1,35815,364591391,-1413,-765,-494,-1920,297,-698
IMU1,35816,364602144,-1411,-754,-494,-1896,305,-711
IMU1,35817,364612909,-1391,-730,-512,-1856,285,-693
IMU1,35818,364623667,-1364,-702,-540,-1796,238,-661
IMU1,35819,364634428,-1315,-670,-582,-1726,164,-627
IMU1,35820,364645179,-1305,-619,-639,-1656,68,-599
IMU1,35821,364655744,-1313,-570,-723,-1590,-27,-579
IMU1,35822,364668965,-1341,-529,-815,-1502,-149,-537
IMU1,35823,364679812,-1344,-497,-841,-1470,-158,-506
IMU1,35824,364690660,-1328,-453,-881,-1446,-140,-474
IMU1,35825,364701505,-1321,-428,-910,-1426,-116,-440
IMU1,35826,364712359,-1286,-391,-950,-1410,-99,-411
IMU1,35827,364723009,-1256,-324,-1013,-1399,-100,-397
IMU1,35828,364734066,-1216,-232,-1103,-1370,-167,-383
IMU1,35829,364745123,-1222,-191,-1153,-1353,-220,-368
IMU1,35830,364756177,-1202,-159,-1231,-1325,-273,-351
IMU1,35831,364767228,-1188,-101,-1324,-1302,-323,-324
IMU1,35832,364778274,-1187,-59,-1426,-1282,-344,-293
IMU1,35833,364789126,-1164,-12,-1473,-1262,-329,-251
IMU1,35834,364799984,-1134,25,-1551,-1234,-271,-204
IMU1,35835,364810773,-1073,83,-1631,-1146,-99,-103
IMU1,35836,364821308,-1085,110,-1631,-1091,-23,-42
IMU1,35837,364831843,-1099,117,-1635,-1022,28,28
IMU1,35838,364842195,-1110,105,-1629,-923,40,112
IMU1,35839,364852550,-1065,131,-1626,-829,26,206
IMU1,35840,364862889,-997,185,-1641,-728,12,286
IMU1,35841,364873022,-926,259,-1661,-631,1,341
IMU1,35842,364882964,-847,319,-1712,-551,-10,378
IMU1,35843,364893204,-796,366,-1725,-485,-18,399
IMU1,35844,364903440,-749,429,-1742,-419,-21,412
IMU1,35845,364913674,-727,495,-1740,-344,-18,430
IMU1,35846,364923912,-741,552,-1717,-274,-6,460
IMU1,35847,364933973,-751,587,-1727,-196,11,522
IMU1,35848,364944125,-752,616,-1716,-118,30,613
IMU1,35849,364954281,-753,701,-1724,-44,57,724
IMU1,35850,364965262,-705,759,-1748,90,101,988
IMU1,35851,364975314,-640,826,-1763,166,124,1100
IMU1,35852,364985759,-597,847,-1747,241,152,1200
IMU1,35853,364996211,-618,825,-1677,342,190,1305
IMU1,35854,365006658,-640,780,-1578,463,258,1423
IMU1,35855,365017119,-684,765,-1450,613,347,1552
IMU1,35856,365027593,-744,778,-1330,793,431,1687
IMU1,35857,365038067,-810,758,-1177,975,486,1828
IMU1,35858,365048531,-873,738,-1017,1151,519,1976
IMU1,35859,365059196,-924,710,-822,1328,532,2123
IMU1,35860,365069657,-995,731,-254,1518,524,2265
IMU1,35861,365080635,-1714,792,2,2046,444,2552
IMU1,35862,365090812,-2340,727,182,2372,332,2780
IMU1,35863,365101382,-2916,539,330,2682,180,3108
IMU1,35864,365111958,-3286,373,441,2937,22,3510
IMU1,35865,365122340,-3612,204,451,3122,-134,3896
IMU1,35866,365133001,-3905,-29,426,3199,-274,4217
IMU1,35867,365143563,-4027,-169,398,3171,-351,4414
IMU1,35868,365154331,-4214,-192,418,3060,-363,4439
IMU1,35869,365165100,-4576,-277,382,2889,-338,4308
IMU1,35870,365175860,-4576,-227,321,2659,-353,3784
IMU1,35871,365186628,-4296,-90,386,2048,-354,3362
IMU1,35872,365197182,-4114,-29,557,1739,-274,2849
IMU1,35873,365207751,-4031,-75,716,1491,-171,2343
IMU1,35874,365218318,-4020,-138,860,1337,-140,1909
IMU1,35875,365229076,-3988,-236,1001,1293,-224,1563
IMU1,35876,365240035,-3939,-352,1077,1356,-388,1280
IMU1,35877,365250993,-3894,-473,998,1485,-598,1037
IMU1,35878,365261763,-3786,-593,546,1610,-829,797
IMU1,35879,365272846,-3393,-499,332,1593,-1164,186
IMU1,35880,365283610,-3278,-419,174,1426,-1191,-186
IMU1,35881,365294456,-3205,-315,72,1173,-1141,-539
IMU1,35882,365305112,-3164,-207,14,879,-1033,-833
IMU1,35883,365315582,-3113,-102,6,577,-900,-1039
IMU1,35884,365325848,-3122,-26,33,292,-764,-1158
IMU1,35885,365336108,-3141,30,46,40,-639,-1192
IMU1,35886,365346085,-3146,38,68,-178,-538,-1153
IMU1,35887,365356346,-3120,32,88,-361,-453,-1070
IMU1,35888,365366615,-3059,7,105,-515,-380,-972
IMU1,35889,365376660,-2984,-25,97,-628,-320,-896
IMU1,35890,365386792,-2853,-35,49,-723,-275,-865
IMU1,35891,365397982,-2914,-172,36,-861,-159,-968
IMU1,35892,365408333,-2874,-158,35,-904,-103,-1036
IMU1,35893,365418878,-2775,-173,86,-916,-50,-1130
IMU1,35894,365429234,-2797,-210,115,-900,2,-1238
IMU1,35895,365439499,-2759,-205,137,-862,36,-1334
IMU1,35896,365449966,-2781,-227,100,-803,15,-1412
IMU1,35897,365460405,-2723,-185,36,-747,-58,-1463
IMU1,35898,365470748,-2648,-164,-19,-705,-166,-1503
IMU1,35899,365481374,-2597,-148,-86,-678,-307,-1541
IMU1,35900,365492016,-2518,-151,-152,-665,-465,-1571
IMU1,35901,365502865,-2333,-241,-282,-655,-600,-1623
IMU1,35902,365513713,-2216,-250,-315,-667,-709,-1662
IMU1,35903,365524571,-2178,-265,-341,-682,-704,-1709
IMU1,35904,365535418,-2125,-341,-394,-678,-693,-1749
IMU1,35905,365546274,-2045,-387,-445,-673,-701,-1772
IMU1,35906,365557123,-2026,-432,-529,-677,-717,-1794
IMU1,35907,365567981,-2119,-530,-636,-690,-745,-1797
IMU1,35908,365578870,-2188,-623,-689,-717,-786,-1744
IMU1,35909,365589730,-2016,-692,-757,-778,-783,-1563
IMU1,35910,365600594,-1844,-631,-800,-805,-713,-1520
IMU1,35911,365611437,-1715,-552,-839,-833,-625,-1530
IMU1,35912,365622297,-1676,-518,-861,-856,-545,-1578
IMU1,35913,365633151,-1716,-507,-860,-859,-516,-1631
IMU1,35914,365643998,-1758,-514,-884,-829,-536,-1664
IMU1,35915,365654856,-1769,-511,-930,-787,-579,-1665
IMU1,35916,365665714,-1791,-511,-1109,-759,-605,-1646
IMU1,35917,365679227,-1866,-639,-1087,-804,-589,-1504
IMU1,35918,365690290,-1740,-612,-1062,-839,-538,-1368
IMU1,35919,365701349,-1511,-546,-1017,-860,-464,-1241
IMU1,35920,365712396,-1452,-458,-1029,-848,-407,-1169
IMU1,35921,365723429,-1345,-447,-1024,-803,-417,-1143
IMU1,35922,365734463,-1620,-725,-1127,-639,-645,-1147
IMU1,35923,365745495,-1608,-771,-1202,-607,-814,-1045
IMU1,35924,365756538,-1499,-713,-1143,-602,-895,-921
IMU1,35925,365767402,-1441,-648,-1043,-612,-835,-813
IMU1,35926,365778241,-1468,-669,-1057,-621,-677,-725
IMU1,35927,365789072,-1469,-675,-1091,-643,-527,-636
IMU1,35928,365799916,-1396,-661,-1096,-676,-443,-555
IMU1,35929,365810767,-1026,-498,-1082,-708,-467,-537
IMU1,35930,365821617,-905,-440,-1071,-719,-525,-621
IMU1,35931,365832275,-889,-473,-992,-677,-585,-747
IMU1,35932,365842728,-944,-565,-952,-599,-655,-861
IMU1,35933,365853185,-970,-644,-927,-484,-729,-950
IMU1,35934,365863638,-950,-685,-935,-345,-820,-998
IMU1,35935,365874095,-899,-749,-945,-189,-906,-1031
IMU1,35936,365884751,-1116,-680,-952,-35,-994,-1031
IMU1,35937,365895418,-875,-617,-805,132,-1028,-1019
IMU1,35938,365906176,-818,-645,-744,334,-1015,-1057
IMU1,35939,365917441,-851,-696,-774,738,-1024,-1165
IMU1,35940,365928203,-857,-695,-785,906,-1080,-1209
IMU1,35941,365938956,-889,-616,-798,1045,-1144,-1250
IMU1,35942,365949926,-983,-614,-752,1152,-1210,-1270
IMU1,35943,365960903,-1057,-733,-701,1231,-1278,-1253
IMU1,35944,365972073,-1124,-767,-635,1296,-1327,-1203
IMU1,35945,365983233,-1193,-736,-573,1355,-1335,-1130
IMU1,35946,365994401,-1337,-826,-621,1460,-1266,-945
IMU1,35947,366005363,-1383,-899,-641,1490,-1236,-827
IMU1,35948,366016317,-1422,-958,-590,1510,-1198,-709
IMU1,35949,366027298,-1457,-982,-572,1537,-1116,-614
IMU1,35950,366038268,-1602,-999,-549,1556,-998,-541
IMU1,35951,366049039,-1866,-1179,-439,1567,-855,-462
IMU1,35952,366060008,-2109,-1455,-260,1584,-712,-349
IMU1,35953,366070968,-2405,-1707,-247,1600,-457,-72
IMU1,35954,366081723,-2537,-1889,-205,1571,-329,44
IMU1,35955,366092368,-2588,-1971,-134,1504,-198,137
IMU1,35956,366103219,-2587,-1988,-89,1416,-55,200
IMU1,35957,366113664,-2543,-1974,-39,1294,113,223
IMU1,35958,366124219,-2502,-1947,-30,1142,294,204
IMU1,35959,366134782,-2462,-1920,-31,961,476,152
IMU1,35960,366145149,-2373,-1889,-103,762,642,70
IMU1,35961,366155514,-2240,-1834,-126,555,762,-43
IMU1,35962,366165989,-2090,-1677,-129,366,844,-186
IMU1,35963,366177160,-1857,-1591,-125,127,990,-529
IMU1,35964,366187830,-1746,-1508,-164,94,1068,-683
IMU1,35965,366198480,-1657,-1438,-134,102,1145,-796
IMU1,35966,366209332,-1581,-1371,-104,161,1221,-869
IMU1,35967,366220175,-1553,-1392,-81,253,1270,-901
IMU1,35968,366230841,-1514,-1372,-21,370,1269,-883
IMU1,35969,366241505,-1422,-1327,49,515,1222,-828
IMU1,35970,366252063,-1323,-1270,84,675,1141,-769
IMU1,35971,366262632,-1158,-1172,14,837,844,-680
IMU1,35972,366273002,-1116,-1154,-28,1082,624,-642
IMU1,35973,366283665,-1039,-1131,-28,1157,392,-612
IMU1,35974,366294340,-924,-1078,-21,1197,215,-581
IMU1,35975,366304818,-795,-1010,6,1208,152,-555
IMU1,35976,366314995,-662,-947,7,1199,209,-550
IMU1,35977,366324982,-552,-896,23,1178,349,-564
IMU1,35978,366335158,-477,-826,67,1164,507,-586
IMU1,35979,366345351,-428,-737,78,1171,633,-613
IMU1,35980,366355544,-404,-674,80,1201,690,-631
IMU1,35981,366365710,-432,-629,119,1262,675,-627
IMU1,35982,366376092,-589,-674,232,1345,610,-585
IMU1,35983,366386467,-836,-846,346,1464,502,-463
IMU1,35984,366396841,-1224,-1278,594,1600,350,-263
IMU1,35985,366407609,-1312,-1463,789,1813,70,243
IMU1,35986,366418077,-1450,-1713,997,1850,40,470
IMU1,35987,366428544,-1606,-2006,1236,1833,90,674
IMU1,35988,366439203,-1691,-2226,1427,1754,198,851
IMU1,35989,366450066,-1693,-2340,1441,1605,340,974
IMU1,35990,366460924,-1576,-2312,1398,1361,501,1009
IMU1,35991,366472004,-1467,-2226,1287,1034,671,932
IMU1,35992,366482867,-1369,-2161,1182,650,819,753
IMU1,35993,366493544,-1297,-2089,1087,-95,938,226
IMU1,35994,366504105,-1224,-2057,1029,-356,937,-37
IMU1,35995,366514773,-1086,-2013,955,-519,928,-266
IMU1,35996,366525451,-1028,-1928,898,-588,943,-459
IMU1,35997,366536117,-971,-1850,895,-570,982,-595
IMU1,35998,366546590,-960,-1798,856,-467,1037,-674
IMU1,35999,366557258,-1001,-1754,805,-303,1088,-692
IMU1,36000,366568129,-1027,-1716,771,-100,1099,-654
IMU1,36001,366578980,-1043,-1674,731,125,1050,-568
IMU1,36002,366589744,-990,-1604,564,559,763,-332
IMU1,36003,366600118,-972,-1549,485,729,544,-215
IMU1,36004,366610464,-898,-1501,432,863,310,-118
IMU1,36005,366620823,-864,-1475,400,964,81,-40
IMU1,36006,366630761,-842,-1452,366,1031,-109,23
IMU1,36007,366641106,-816,-1415,350,1076,-246,81
IMU1,36008,366651459,-787,-1352,305,1092,-322,147
IMU1,36009,366662023,-776,-1254,246,1093,-329,220
IMU1,36010,366672582,-734,-1120,194,1072,-276,304
IMU1,36011,366685705,-786,-1301,310,1045,-55,480
IMU1,36012,366696062,-894,-1335,377,1037,130,623
IMU1,36013,366706519,-907,-1353,389,1055,354,785
IMU1,36014,366716997,-981,-1370,400,1071,588,935
IMU1,36015,366727469,-1045,-1373,425,1074,799,1075
IMU1,36016,366738330,-1072,-1349,467,1066,972,1192
IMU1,36017,366749198,-1119,-1300,460,1041,1111,1272
IMU1,36018,366760273,-1188,-1266,451,991,1224,1319
IMU1,36019,366771143,-1273,-1274,412,907,1317,1333
IMU1,36020,366782030,-1335,-1365,537,674,1481,1258
IMU1,36021,366792903,-1347,-1346,566,557,1554,1158
IMU1,36022,366803786,-1390,-1325,540,449,1595,1016
IMU1,36023,366814651,-1456,-1321,511,356,1578,851
IMU1,36024,366825326,-1496,-1302,467,282,1500,684
IMU1,36025,366835989,-1519,-1255,410,228,1389,528
IMU1,36026,366846667,-1586,-1186,352,188,1283,400
IMU1,36027,366857334,-1632,-1117,301,164,1215,319
IMU1,36028,366868005,-1632,-934,225,145,1202,287
IMU1,36029,366878982,-1613,-830,230,121,1358,370
IMU1,36030,366889442,-1612,-743,233,127,1526,462
IMU1,36031,366899901,-1625,-669,231,156,1707,568
IMU1,36032,366910358,-1667,-590,174,197,1897,700
IMU1,36033,366920839,-1727,-553,128,235,2076,863
IMU1,36034,366931308,-1824,-556,46,269,2231,1048
IMU1,36035,366941780,-1867,-643,28,292,2370,1251
IMU1,36036,366952258,-1839,-621,153,320,2489,1451
IMU1,36037,366962934,-1837,-565,203,375,2556,1635
IMU1,36038,366973617,-1826,-525,155,440,2568,1805
IMU1,36039,366984807,-1709,-406,99,577,2344,2033
IMU1,36040,366995282,-1732,-296,19,641,2088,2088
IMU1,36041,367005744,-1791,-244,-66,701,1739,2128
IMU1,36042,367016286,-1878,-230,-145,751,1319,2166
IMU1,36043,367027032,-1994,-239,-176,775,883,2227
IMU1,36044,367037596,-2035,-270,-120,795,491,2313
IMU1,36045,367048159,-2021,-283,-35,820,183,2396
IMU1,36046,367058499,-1988,-253,82,855,-14,2454
IMU1,36047,367068637,-1937,-189,183,907,-108,2476
IMU1,36048,367079181,-1907,-110,259,977,-123,2454
IMU1,36049,367090773,-2019,34,296,1152,-54,2309
IMU1,36050,367101037,-2258,76,189,1228,-40,2234
IMU1,36051,367111307,-2482,90,17,1289,-81,2169
IMU1,36052,367121351,-2626,57,-87,1313,-218,2143
IMU1,36053,367131696,-2715,83,-130,1311,-420,2126
IMU1,36054,367142242,-2750,123,-82,1300,-625,2112
IMU1,36055,367152797,-2719,198,-23,1292,-777,2076
IMU1,36056,367163357,-2690,262,74,1292,-851,2012
IMU1,36057,367173815,-2671,328,148,1306,-845,1924
IMU1,36058,367184459,-2656,364,182,1324,-782,1819
IMU1,36059,367195110,-2645,406,224,1339,-681,1710
IMU1,36060,367205770,-2651,433,240,1377,-538,1539
IMU1,36061,367216427,-2648,459,236,1403,-572,1493
IMU1,36062,367227076,-2635,471,220,1438,-680,1458
IMU1,36063,367237731,-2610,483,210,1473,-858,1444
IMU1,36064,367248379,-2565,474,188,1514,-1063,1435
IMU1,36065,367259225,-2513,459,176,1550,-1266,1419
IMU1,36066,367270085,-2487,433,157,1578,-1437,1396
IMU1,36067,367280950,-2415,400,116,1596,-1545,1358
IMU1,36068,367291814,-2276,380,16,1547,-1572,1191
IMU1,36069,367302490,-2248,405,-32,1471,-1514,1064
IMU1,36070,367313241,-2179,424,-36,1368,-1423,921
IMU1,36071,367323800,-2140,432,-17,1246,-1287,761
IMU1,36072,367334361,-2130,460,30,1120,-1117,607
IMU1,36073,367344841,-2132,478,65,1007,-931,464
IMU1,36074,367355103,-2164,483,78,915,-770,333
IMU1,36075,367365180,-2174,506,34,827,-672,230
IMU1,36076,367375230,-2151,504,-25,742,-642,146
IMU1,36077,367385382,-2199,504,-86,652,-660,75
IMU1,36078,367395342,-2202,505,-143,552,-683,25
IMU1,36079,367405498,-2183,490,-152,449,-667,-16
IMU1,36080,367415746,-2163,508,-133,338,-581,-42
IMU1,36081,367427026,-2100,537,-99,157,-251,-89
IMU1,36082,367437067,-2075,544,-71,102,-96,-108
IMU1,36083,367447104,-2056,570,-29,61,6,-123
IMU1,36084,367456651,-2030,579,15,42,52,-128
IMU1,36085,367466294,-2005,589,57,53,48,-132
IMU1,36086,367475941,-1972,595,93,81,3,-131
IMU1,36087,367485400,-1960,608,130,117,-63,-124
IMU1,36088,367495555,-1924,616,139,164,-138,-116
IMU1,36089,367505898,-1921,635,125,206,-233,-105
IMU1,36090,367516247,-1959,660,115,242,-331,-94
IMU1,36091,367526388,-1970,668,92,274,-409,-79
IMU1,36092,367536348,-1979,667,88,289,-445,-58
IMU1,36093,367546292,-1983,675,92,294,-431,-35
IMU1,36094,367556248,-1984,686,71,300,-374,-22
IMU1,36095,367566202,-1994,668,41,301,-301,-23
IMU1,36096,367576158,-1992,654,16,303,-231,-30
IMU1,36097,367586117,-1986,658,16,309,-163,-44
IMU1,36098,367596067,-1986,638,38,317,-101,-63
IMU1,36099,367606035,-1983,602,52,328,-34,-82
IMU1,36100,367615792,-2000,624,-56,335,12,-99
IMU1,36101,367625570,-2030,629,-42,330,15,-110
IMU1,36102,367635528,-2027,611,32,314,-3,-102
IMU1,36103,367645287,-2020,595,84,306,-2,-84
IMU1,36104,367654844,-2000,625,49,302,17,-74
IMU1,36105,367664506,-1980,659,11,281,25,-73
IMU1,36106,367674158,-1980,682,-2,246,24,-79
IMU1,36107,367686275,-1957,699,40,140,21,-91
IMU1,36108,367696449,-1938,716,53,80,28,-81
IMU1,36109,367705899,-1936,722,59,29,39,-69
IMU1,36110,367715353,-1924,738,58,-31,41,-43
IMU1,36111,367725432,-1919,757,57,-89,46,-19
IMU1,36112,367734998,-1900,770,60,-144,60,7
IMU1,36113,367744477,-1901,780,84,-198,83,36
IMU1,36114,367754133,-1888,777,73,-252,116,72
IMU1,36115,367764008,-1900,779,68,-303,158,102
IMU1,36116,367774073,-1895,792,51,-356,195,137
IMU1,36117,367784152,-1911,808,64,-410,234,171
IMU1,36118,367794215,-1919,820,75,-459,272,199
IMU1,36119,367804295,-1957,831,88,-495,297,226
IMU1,36120,367814363,-1991,850,90,-527,317,249
IMU1,36121,367824445,-2027,881,88,-552,330,268
IMU1,36122,367834493,-2065,900,86,-570,345,280
IMU1,36123,367844552,-2089,906,64,-594,361,292
IMU1,36124,367854614,-2110,889,59,-611,378,298
IMU1,36125,367864683,-2102,866,68,-621,386,306
IMU1,36126,367874750,-2098,812,110,-617,391,303
IMU1,36127,367885012,-2046,769,110,-586,393,290
IMU1,36128,367895272,-2003,737,139,-540,382,261
IMU1,36129,367905537,-1898,695,131,-475,348,222
IMU1,36130,367915801,-1858,670,200,-409,287,168
IMU1,36131,367927101,-1784,624,225,-244,90,55
IMU1,36132,367936966,-1761,630,215,-169,-23,27
IMU1,36133,367946912,-1703,636,215,-94,-129,2
IMU1,36134,367956677,-1654,658,224,-21,-216,-35
IMU1,36135,367966728,-1649,688,227,41,-263,-74
IMU1,36136,367976682,-1701,715,237,92,-263,-112
IMU1,36137,367986848,-1673,718,253,135,-247,-127
IMU1,36138,367997207,-1694,771,214,167,-218,-135
IMU1,36139,368007568,-1728,801,230,184,-180,-144
IMU1,36140,368017901,-1755,815,253,189,-141,-138
IMU1,36141,368028249,-1788,819,281,187,-103,-119
IMU1,36142,368038573,-1818,822,296,179,-70,-91
IMU1,36143,368048511,-1854,821,298,177,-41,-60
IMU1,36144,368058453,-1878,811,285,160,-29,-20
IMU1,36145,368068393,-1898,806,282,136,-24,19
IMU1,36146,368078241,-1915,803,278,105,-23,57
IMU1,36147,368088090,-1932,799,268,67,-17,87
IMU1,36148,368097738,-1942,784,262,32,-14,118
IMU1,36149,368107591,-1958,774,259,-19,-10,146
IMU1,36150,368117543,-1943,756,253,-61,2,162
IMU1,36151,368127213,-1918,744,251,-104,25,166
IMU1,36152,368137284,-1891,722,241,-155,59,159
IMU1,36153,368148382,-1863,713,246,-254,160,110
IMU1,36154,368158644,-1851,715,246,-296,222,70
IMU1,36155,368168711,-1845,721,249,-338,263,33
IMU1,36156,368178766,-1841,741,266,-367,289,-10
IMU1,36157,368188923,-1838,771,274,-383,300,-58
IMU1,36158,368199091,-1847,790,281,-394,299,-101
IMU1,36159,368209453,-1846,810,287,-397,292,-141
IMU1,36160,368219810,-1862,834,266,-397,283,-173
IMU1,36161,368230169,-1867,851,248,-391,275,-195
IMU1,36162,368240534,-1871,866,240,-387,277,-210
IMU1,36163,368250881,-1873,877,230,-386,291,-213
IMU1,36164,368261227,-1881,865,209,-389,305,-204
IMU1,36165,368271566,-1880,846,190,-389,314,-186
IMU1,36166,368282955,-1870,820,181,-386,298,-128
IMU1,36167,368293299,-1869,797,186,-369,278,-95
IMU1,36168,368303451,-1873,782,178,-348,249,-65
IMU1,36169,368313610,-1857,766,163,-318,220,-38
IMU1,36170,368323751,-1843,766,154,-284,190,-30
IMU1,36171,368333897,-1841,779,152,-246,156,-37
IMU1,36172,368344042,-1843,780,148,-204,121,-47
IMU1,36173,368354177,-1855,768,148,-168,81,-57
IMU1,36174,368364119,-1862,770,138,-124,37,-62
IMU1,36175,368374071,-1867,762,126,-79,-13,-60
IMU1,36176,368383922,-1874,752,127,-39,-74,-49
IMU1,36177,368393791,-1886,754,130,0,-125,-31
IMU1,36178,368403449,-1895,763,132,38,-160,-12
IMU1,36179,368413389,-1901,770,140,71,-187,8
IMU1,36180,368423057,-1911,776,156,102,-212,30
IMU1,36181,368433118,-1915,780,162,130,-228,43
IMU1,36182,368443187,-1924,779,182,149,-240,55
IMU1,36183,368453241,-1925,779,192,164,-252,66
IMU1,36184,368463289,-1937,770,184,172,-261,76
IMU1,36185,368473346,-1937,762,178,169,-262,85
IMU1,36186,368483406,-1927,740,168,160,-261,104
IMU1,36187,368494682,-1933,729,178,115,-225,125
IMU1,36188,368504931,-1915,720,175,97,-184,123
IMU1,36189,368514992,-1915,720,190,69,-149,117
IMU1,36190,368525057,-1919,724,200,40,-120,111
IMU1,36191,368535113,-1907,721,205,14,-100,99
IMU1,36192,368544981,-1906,727,215,-7,-86,86
IMU1,36193,368554536,-1908,730,222,-28,-78,67
IMU1,36194,368564307,-1913,731,228,-39,-77,46
IMU1,36195,368574072,-1914,733,221,-53,-77,29
IMU1,36196,368583848,-1919,729,239,-63,-74,15
IMU1,36197,368593615,-1919,727,241,-75,-67,10
IMU1,36198,368603380,-1920,736,244,-79,-56,5
IMU1,36199,368612942,-1917,726,244,-77,-45,0
IMU1,36200,368622417,-1910,721,244,-68,-35,-5
IMU1,36201,368632078,-1902,719,244,-62,-30,-12
IMU1,36202,368641948,-1896,725,245,-54,-26,-20
IMU1,36203,368651750,-1893,739,252,-44,-19,-32
IMU1,36204,368661571,-1895,752,244,-29,-7,-48
IMU1,36205,368671196,-1895,752,244,-20,6,-61
IMU1,36206,368680735,-1890,765,252,-22,13,-69
IMU1,36207,368693023,-1886,776,254,-18,19,-76
IMU1,36208,368702753,-1885,786,254,-17,19,-83
IMU1,36209,368712485,-1895,786,258,-19,5,-85
IMU1,36210,368722016,-1893,789,256,-18,-27,-78
IMU1,36211,368731839,-1882,786,254,-16,-53,-72
IMU1,36212,368741684,-1879,790,256,-20,-70,-61
IMU1,36213,368751528,-1869,786,249,-31,-69,-51
IMU1,36214,368761367,-1862,788,241,-41,-56,-44
IMU1,36215,368771204,-1863,803,232,-57,-30,-39
IMU1,36216,368781025,-1866,823,232,-68,-5,-37
IMU1,36217,368790659,-1876,828,239,-84,18,-41
IMU1,36218,368800401,-1882,825,233,-96,16,-34
IMU1,36219,368810125,-1888,816,220,-93,9,-29
IMU1,36220,368821215,-1897,802,216,-104,-19,-5
IMU1,36221,368831038,-1899,794,207,-98,-22,10
IMU1,36222,368840790,-1895,781,206,-88,-7,20
IMU1,36223,368850335,-1891,769,210,-83,29,21
IMU1,36224,368859972,-1889,768,220,-69,63,20
IMU1,36225,368869622,-1890,766,230,-50,89,14
IMU1,36226,368879269,-1884,765,234,-28,99,1
IMU1,36227,368888724,-1895,763,240,-1,70,-11
IMU1,36228,368898264,-1897,763,241,32,19,-33
IMU1,36229,368907899,-1883,760,237,54,-45,-49
IMU1,36230,368917638,-1881,755,235,75,-97,-62
IMU1,36231,368927392,-1880,751,221,94,-123,-71
IMU1,36232,368937338,-1883,753,214,103,-122,-79
IMU1,36233,368947483,-1887,753,214,104,-114,-74
IMU1,36234,368957621,-1885,755,222,107,-103,-69
IMU1,36235,368967764,-1878,761,233,110,-86,-67
IMU1,36236,368977695,-1886,768,244,113,-70,-63
IMU1,36237,368987631,-1887,772,251,120,-52,-64
IMU1,36238,368997576,-1891,777,262,123,-41,-64
IMU1,36239,369007527,-1894,777,257,126,-41,-63
IMU1,36240,369017476,-1896,777,245,124,-55,-60
IMU1,36241,369027426,-1908,776,243,115,-80,-54
IMU1,36242,369037368,-1898,769,235,107,-105,-47
IMU1,36243,369047509,-1897,762,234,95,-113,-43
IMU1,36244,369057463,-1889,751,233,80,-101,-36
IMU1,36245,369067395,-1882,742,229,60,-73,-26
IMU1,36246,369077141,-1873,732,226,37,-43,-18
IMU1,36247,369086880,-1863,723,227,22,-15,-18
IMU1,36248,369096616,-1864,725,232,4,3,-17
IMU1,36249,369105868,-1865,735,232,-10,19,-17
IMU1,36250,369115613,-1866,744,236,-22,35,-16
IMU1,36251,369125365,-1874,750,240,-33,52,-11
IMU1,36252,369135116,-1884,743,249,-38,71,-4
IMU1,36253,369144673,-1901,735,246,-42,88,0
IMU1,36254,369154027,-1928,737,249,-38,82,9
IMU1,36255,369163461,-1929,750,255,-32,50,19
IMU1,36256,369173108,-1931,767,254,-30,15,20
IMU1,36257,369182754,-1933,781,255,-26,-7,10
IMU1,36258,369192297,-1937,781,257,-27,-17,0
IMU1,36259,369201749,-1938,776,248,-26,-8,-14
IMU1,36260,369211391,-1943,776,235,-26,3,-24
IMU1,36261,369220943,-1931,772,210,-37,18,-31
IMU1,36262,369230689,-1918,770,194,-54,21,-38
IMU1,36263,369240446,-1910,772,186,-67,15,-46
IMU1,36264,369250196,-1894,759,188,-86,15,-52
IMU1,36265,369259951,-1876,758,201,-104,24,-55
IMU1,36266,369269901,-1864,758,222,-111,44,-55
IMU1,36267,369279853,-1862,763,241,-120,67,-52
IMU1,36268,369289814,-1881,781,267,-119,81,-45
IMU1,36269,369299757,-1907,811,308,-107,78,-38
IMU1,36270,369309705,-1904,833,348,-84,51,-20
IMU1,36271,369319450,-1889,831,348,-58,14,-14
IMU1,36272,369329194,-1866,817,309,-34,-39,-23
IMU1,36273,369339042,-1854,808,185,-21,-96,-36
IMU1,36274,369350437,-1861,812,132,-70,-145,-48
IMU1,36275,369360477,-1876,813,128,-129,-89,-34
IMU1,36276,369370510,-1901,822,136,-196,9,-2
IMU1,36277,369380067,-1911,819,139,-264,121,43
IMU1,36278,369390115,-1939,819,154,-316,202,93
IMU1,36279,369400172,-1934,822,190,-364,243,145
IMU1,36280,369410420,-1916,802,209,-405,251,191
IMU1,36281,369420665,-1900,783,208,-438,237,223
IMU1,36282,369430929,-1885,768,198,-469,208,244
IMU1,36283,369441187,-1878,760,168,-510,182,253
IMU1,36284,369451441,-1865,765,165,-555,172,252
IMU1,36285,369461701,-1874,765,163,-599,176,237
IMU1,36286,369471951,-1883,766,158,-633,195,220
IMU1,36287,369482224,-1883,773,160,-661,229,200
IMU1,36288,369492473,-1874,778,167,-678,275,174
IMU1,36289,369502731,-1868,781,179,-685,312,148
IMU1,36290,369514029,-1846,772,178,-648,347,81
IMU1,36291,369524081,-1843,765,181,-609,334,56
IMU1,36292,369534132,-1863,782,196,-566,316,25
IMU1,36293,369544207,-1878,811,245,-510,299,4
IMU1,36294,369554062,-1877,828,298,-439,283,-14
IMU1,36295,369564216,-1854,816,343,-342,278,-43
IMU1,36296,369574361,-1829,798,344,-237,247,-73
IMU1,36297,369584533,-1824,802,327,-138,184,-115
IMU1,36298,369594880,-1832,820,288,-55,76,-160
IMU1,36299,369604832,-1854,846,246,14,-64,-199
IMU1,36300,369614771,-1885,883,190,59,-205,-226
IMU1,36301,369624917,-1883,909,152,71,-302,-234
IMU1,36302,369635072,-1868,941,123,56,-327,-233
IMU1,36303,369645222,-1874,963,105,22,-285,-229
IMU1,36304,369655359,-1888,898,168,-18,-192,-215
IMU1,36305,369665603,-1863,940,67,-51,-83,-182
IMU1,36306,369675422,-1894,945,52,-85,-9,-159
IMU1,36307,369685068,-1895,943,-41,-125,-3,-130
IMU1,36308,369697754,-1873,884,3,-229,-29,-41
IMU1,36309,369707391,-1860,844,31,-274,35,0
IMU1,36310,369716745,-1852,811,73,-299,132,41
IMU1,36311,369726596,-1841,791,103,-309,241,70
IMU1,36312,369736655,-1826,773,145,-285,323,79
IMU1,36313,369746709,-1807,757,187,-249,369,64
IMU1,36314,369756760,-1779,739,233,-194,378,18
IMU1,36315,369766824,-1774,724,279,-127,336,-38
IMU1,36316,369776959,-1771,726,312,-38,251,-104
IMU1,36317,369787109,-1771,736,333,58,136,-172
IMU1,36318,369797161,-1805,758,348,154,3,-227
IMU1,36319,369807012,-1828,777,374,248,-132,-265
IMU1,36320,369817371,-1821,759,378,343,-239,-288
IMU1,36321,369827732,-1818,727,343,426,-311,-295
IMU1,36322,369838090,-1799,703,287,485,-359,-290
IMU1,36323,369848436,-1788,696,225,528,-385,-287
IMU1,36324,369858777,-1813,676,190,546,-392,-282
IMU1,36325,369869650,-1828,668,197,539,-324,-261
IMU1,36326,369879984,-1875,673,234,530,-248,-243
IMU1,36327,369890339,-1926,684,255,537,-161,-234
IMU1,36328,369900681,-1961,693,254,536,-100,-213
IMU1,36329,369911032,-1996,704,254,536,-59,-197
IMU1,36330,369921200,-2037,740,231,526,-31,-194
IMU1,36331,369931339,-2100,778,206,497,-15,-191
IMU1,36332,369941483,-2136,811,180,457,3,-185
IMU1,36333,369951332,-2160,815,158,401,43,-181
IMU1,36334,369961378,-2195,820,161,338,108,-176
IMU1,36335,369971617,-2210,839,201,280,194,-170
IMU1,36336,369981856,-2196,816,255,248,296,-169
IMU1,36337,369992102,-2165,741,289,241,396,-176
IMU1,36338,370002346,-2107,661,293,267,474,-189
IMU1,36339,370012595,-1965,509,297,295,518,-207
IMU1,36340,370023371,-1918,494,331,374,504,-281
IMU1,36341,370033627,-1874,499,370,427,477,-337
IMU1,36342,370043879,-1868,467,381,485,424,-395
IMU1,36343,370054139,-1895,432,366,568,335,-461
IMU1,36344,370064399,-1886,401,353,648,199,-517
IMU1,36345,370074653,-1870,368,317,728,43,-576
IMU1,36346,370084712,-1870,344,283,806,-105,-635
IMU1,36347,370095064,-1862,333,251,874,-220,-688
IMU1,36348,370105415,-1855,315,221,937,-286,-732
IMU1,36349,370115785,-1857,314,215,982,-309,-766
IMU1,36350,370126148,-1875,323,226,1007,-300,-783
IMU1,36351,370136702,-1894,328,241,1019,-269,-786
IMU1,36352,370147259,-1896,354,234,1017,-230,-779
IMU1,36353,370157824,-1890,379,206,964,-212,-758
IMU1,36354,370168189,-1900,402,188,918,-235,-746
IMU1,36355,370178556,-1914,446,174,863,-265,-732
IMU1,36356,370188916,-1956,497,159,798,-286,-708
IMU1,36357,370199275,-2012,536,128,724,-293,-669
IMU1,36358,370209632,-2082,569,95,643,-285,-611
IMU1,36359,370219781,-2149,556,58,559,-266,-536
IMU1,36360,370229957,-2227,528,13,472,-252,-435
IMU1,36361,370240123,-2277,495,-58,373,-250,-307
IMU1,36362,370250363,-2299,488,-112,268,-256,-166
IMU1,36363,370260805,-2307,501,-171,153,-251,-28
IMU1,36364,370271049,-2345,502,-219,32,-226,95
IMU1,36365,370281016,-2372,507,-284,-93,-178,201
IMU1,36366,370291246,-2351,502,-351,-218,-115,291
IMU1,36367,370302203,-2293,452,-281,-452,127,360
IMU1,36368,370312554,-2270,363,-197,-525,295,372
IMU1,36369,370322907,-2246,281,-88,-549,467,368
IMU1,36370,370333052,-2183,217,-13,-535,600,355
IMU1,36371,370343208,-2088,168,53,-477,667,322
IMU1,36372,370353250,-1976,120,98,-400,667,262
IMU1,36373,370363307,-1869,72,124,-304,596,178
IMU1,36374,370373369,-1781,44,127,-199,467,77
IMU1,36375,370383224,-1726,21,104,-89,307,-39
IMU1,36376,370392973,-1688,8,100,13,136,-156
IMU1,36377,370402626,-1683,30,112,90,-31,-260
IMU1,36378,370412363,-1692,55,134,160,-151,-343
IMU1,36379,370422506,-1700,88,147,216,-207,-404
IMU1,36380,370432645,-1745,132,147,256,-217,-440
IMU1,36381,370442979,-1795,179,147,280,-206,-447
IMU1,36382,370453314,-1851,232,169,291,-190,-431
IMU1,36383,370463664,-1895,278,194,301,-166,-408
IMU1,36384,370474019,-1985,319,220,303,-133,-376
IMU1,36385,370484900,-2004,330,195,268,-68,-298
IMU1,36386,370495037,-2029,350,178,216,-63,-265
IMU1,36387,370505193,-2061,369,177,160,-83,-246
IMU1,36388,370515338,-2092,374,174,88,-125,-217
IMU1,36389,370525484,-2120,381,158,6,-161,-184
IMU1,36390,370535432,-2147,385,113,-80,-180,-146
IMU1,36391,370545684,-2160,386,51,-171,-181,-106
IMU1,36392,370555928,-2151,379,-1,-270,-152,-63
IMU1,36393,370565896,-2129,380,-42,-364,-87,-33
IMU1,36394,370575836,-2131,371,-37,-443,-4,-11
IMU1,36395,370585592,-2144,370,-24,-513,77,10
IMU1,36396,370595375,-2132,372,-12,-564,143,27
IMU1,36397,370605334,-2132,390,3,-595,187,36
IMU1,36398,370615014,-2122,438,-3,-620,197,37
IMU1,36399,370624785,-2109,467,-24,-630,175,20
IMU1,36400,370634742,-2101,464,-46,-631,132,-7
IMU1,36401,370644602,-2115,451,-61,-630,88,-31
IMU1,36402,370654456,-2118,420,-87,-623,61,-48
IMU1,36403,370664311,-2105,373,-104,-599,59,-62
IMU1,36404,370674369,-2105,340,-90,-556,79,-76
IMU1,36405,370684237,-2096,297,-51,-496,106,-84
IMU1,36406,370694290,-2086,266,-1,-416,130,-95
IMU1,36407,370706684,-2061,225,97,-217,90,-129
IMU1,36408,370716628,-2045,218,134,-102,2,-144
IMU1,36409,370726577,-2014,218,161,12,-116,-164
IMU1,36410,370736704,-1987,214,171,113,-249,-177
IMU1,36411,370747043,-1960,211,170,194,-371,-187
IMU1,36412,370757387,-1947,214,172,260,-472,-195
IMU1,36413,370767738,-1921,213,160,302,-548,-197
IMU1,36414,370778093,-1923,215,161,327,-602,-194
IMU1,36415,370788432,-1913,214,134,332,-634,-175
IMU1,36416,370798799,-1915,210,111,309,-645,-146
IMU1,36417,370809162,-1917,219,98,274,-630,-115
IMU1,36418,370819332,-1914,225,95,225,-593,-76
IMU1,36419,370829293,-1925,225,117,159,-541,-32
IMU1,36420,370839444,-1910,199,146,87,-478,19
IMU1,36421,370850353,-1912,198,167,-68,-329,110
IMU1,36422,370860513,-1929,209,179,-140,-253,134
IMU1,36423,370870862,-1956,226,179,-210,-196,158
IMU1,36424,370881221,-1983,242,157,-272,-144,166
IMU1,36425,370891568,-2013,251,127,-343,-104,173
IMU1,36426,370901917,-2027,252,99,-418,-53,170
IMU1,36427,370911873,-2039,258,99,-491,19,159
IMU1,36428,370921747,-2050,268,130,-568,113,146
IMU1,36429,370932007,-2056,274,182,-633,227,129
IMU1,36430,370942271,-2065,285,238,-678,332,113
IMU1,36431,370952539,-2077,287,261,-695,406,98
IMU1,36432,370962596,-2074,289,264,-690,426,82
IMU1,36433,370972652,-2063,293,246,-668,401,61
IMU1,36434,370982709,-2046,282,222,-640,345,37
IMU1,36435,370992763,-2047,276,203,-609,280,15
IMU1,36436,371002824,-2071,316,194,-563,234,-8
IMU1,36437,371013836,-2097,309,187,-463,213,-35
IMU1,36438,371024000,-2099,308,186,-408,220,-44
IMU1,36439,371034141,-2093,301,172,-345,219,-65
IMU1,36440,371044303,-2080,294,162,-293,198,-89
IMU1,36441,371054455,-2061,289,155,-231,158,-122
IMU1,36442,371064814,-2048,281,145,-175,109,-157
IMU1,36443,371075165,-2037,278,134,-122,72,-200
IMU1,36444,371085330,-2044,267,140,-81,50,-239
IMU1,36445,371095289,-2053,262,135,-39,44,-274
IMU1,36446,371105255,-2037,262,123,5,49,-307
IMU1,36447,371114917,-2032,277,119,43,55,-340
IMU1,36448,371124781,-2034,289,130,80,47,-375
IMU1,36449,371134642,-2053,286,153,112,30,-402
IMU1,36450,371144709,-2046,281,168,143,5,-420
IMU1,36451,371154570,-2034,282,165,172,-28,-426
IMU1,36452,371164721,-2016,283,136,184,-57,-436
IMU1,36453,371174883,-1999,285,96,180,-87,-444
IMU1,36454,371184841,-1996,277,71,158,-108,-457
IMU1,36455,371195005,-2013,263,62,126,-118,-461
IMU1,36456,371206213,-2033,253,100,53,-46,-456
IMU1,36457,371216151,-2063,283,137,19,26,-443
IMU1,36458,371225991,-2078,303,164,1,94,-438
IMU1,36459,371235639,-2093,294,172,-1,131,-428
IMU1,36460,371245585,-2101,268,173,-7,130,-412
IMU1,36461,371255534,-2092,237,148,-5,93,-387
IMU1,36462,371265289,-2075,230,125,-13,42,-364
IMU1,36463,371275217,-2066,234,95,-41,-10,-334
IMU1,36464,371285056,-2055,229,59,-69,-30,-317
IMU1,36465,371294901,-2082,240,33,-108,-25,-300
IMU1,36466,371304938,-2082,236,-4,-152,5,-281
IMU1,36467,371314580,-2097,209,-22,-202,53,-257
IMU1,36468,371324613,-2092,188,-20,-247,112,-229
IMU1,36469,371334851,-2107,166,-8,-282,171,-197
IMU1,36470,371344887,-2145,171,25,-306,231,-168
IMU1,36471,371355026,-2191,201,60,-310,284,-136
IMU1,36472,371365184,-2234,234,106,-305,319,-102
IMU1,36473,371375541,-2270,256,142,-294,335,-67
IMU1,36474,371385699,-2280,260,166,-275,330,-33
IMU1,36475,371395840,-2267,240,174,-250,304,-7
IMU1,36476,371405788,-2238,206,177,-221,259,7
IMU1,36477,371415641,-2196,158,184,-197,204,10
IMU1,36478,371425702,-2163,113,179,-168,144,8
IMU1,36479,371437108,-2079,43,165,-114,20,-27
IMU1,36480,371446859,-2052,50,135,-85,-64,-55
IMU1,36481,371456499,-2022,50,90,-70,-153,-86
IMU1,36482,371466128,-1996,40,53,-75,-221,-116
IMU1,36483,371475974,-1975,40,28,-94,-259,-134
IMU1,36484,371485819,-1970,39,18,-121,-253,-144
IMU1,36485,371495860,-1962,33,16,-168,-213,-137
IMU1,36486,371505899,-1952,23,15,-225,-156,-119
IMU1,36487,371515954,-1929,7,19,-290,-96,-97
IMU1,36488,371525405,-1902,-14,16,-365,-40,-78
IMU1,36489,371535140,-1888,-14,2,-436,1,-71
IMU1,36490,371544393,-1894,2,-7,-517,27,-71
IMU1,36491,371553649,-1922,27,-18,-592,45,-81
IMU1,36492,371563283,-1975,66,-12,-661,66,-82
IMU1,36493,371572925,-2041,120,17,-720,105,-76
IMU1,36494,371582872,-2125,153,64,-755,161,-49
IMU1,36495,371592835,-2190,165,97,-780,221,-3
IMU1,36496,371602586,-2211,156,119,-788,263,59
IMU1,36497,371612642,-2209,124,137,-775,273,120
IMU1,36498,371622890,-2185,82,154,-755,249,179
IMU1,36499,371632938,-2150,34,158,-727,208,219
IMU1,36500,371642994,-2106,-25,157,-691,158,240
IMU1,36501,371653144,-2069,-79,125,-646,101,245
IMU1,36502,371663285,-2028,-125,77,-611,44,236
IMU1,36503,371673243,-1984,-166,15,-579,-12,213
IMU1,36504,371683290,-1942,-179,-38,-551,-58,175
IMU1,36505,371693426,-1905,-170,-74,-539,-97,127
IMU1,36506,371703578,-1872,-153,-96,-532,-118,81
IMU1,36507,371716197,-1842,-125,-102,-544,-73,-3
IMU1,36508,371726226,-1837,-101,-90,-553,-29,-19
IMU1,36509,371736263,-1853,-78,-78,-556,9,-28
IMU1,36510,371745817,-1864,-59,-68,-564,22,-16
IMU1,36511,371755559,-1884,-29,-74,-566,13,12
IMU1,36512,371765207,-1900,1,-77,-575,7,43
IMU1,36513,371774365,-1917,16,-73,-571,15,71
IMU1,36514,371783935,-1942,29,-50,-565,37,103
IMU1,36515,371793688,-1956,42,-34,-557,72,131
IMU1,36516,371803451,-1958,45,-16,-536,104,147
IMU1,36517,371813409,-1976,50,-11,-512,102,158
IMU1,36518,371823376,-1993,62,-16,-491,65,165
IMU1,36519,371833134,-1994,64,-33,-469,11,165
IMU1,36520,371842900,-1998,64,-49,-453,-45,162
IMU1,36521,371852735,-1998,65,-63,-442,-92,161
IMU1,36522,371862589,-2006,63,-87,-436,-121,166
IMU1,36523,371872627,-2018,62,-107,-448,-138,181
IMU1,36524,371882868,-2035,67,-129,-464,-148,198
IMU1,36525,371893118,-2044,73,-151,-491,-145,215
IMU1,36526,371903377,-2062,84,-177,-522,-136,231
IMU1,36527,371913636,-2064,89,-196,-555,-120,238
IMU1,36528,371923896,-2070,84,-205,-588,-86,236
IMU1,36529,371933935,-2092,90,-200,-630,-39,231
IMU1,36530,371943988,-2109,99,-186,-659,21,224
IMU1,36531,371953940,-2132,111,-164,-670,80,206
IMU1,36532,371964088,-2152,136,-139,-679,129,182
IMU1,36533,371974441,-2176,199,-87,-680,162,127
IMU1,36534,371985096,-2199,225,-50,-638,182,87
IMU1,36535,371995058,-2223,256,-15,-609,163,56
IMU1,36536,372005018,-2242,287,6,-567,132,28
IMU1,36537,372014668,-2247,309,27,-510,91,7
IMU1,36538,372024130,-2242,324,36,-453,40,-3
IMU1,36539,372033677,-2228,315,43,-397,-10,-15
IMU1,36540,372043527,-2215,307,54,-351,-65,-17
IMU1,36541,372053377,-2211,308,72,-305,-115,-13
IMU1,36542,372063438,-2204,309,81,-264,-163,2
IMU1,36543,372073199,-2183,296,79,-230,-200,13
IMU1,36544,372083161,-2145,259,53,-213,-221,26
IMU1,36545,372093118,-2088,208,12,-212,-228,36
IMU1,36546,372103072,-2008,160,-36,-224,-210,28
IMU1,36547,372113110,-1939,147,-53,-245,-175,2
IMU1,36548,372122962,-1891,140,-44,-278,-126,-38
IMU1,36549,372133096,-1863,132,-22,-298,-69,-87
IMU1,36550,372143043,-1853,126,6,-309,-22,-128
IMU1,36551,372152896,-1845,131,32,-307,1,-149
IMU1,36552,372162659,-1843,139,48,-295,-6,-157
IMU1,36553,372172499,-1848,137,63,-277,-37,-146
IMU1,36554,372182554,-1850,134,63,-261,-78,-125
IMU1,36555,372192611,-1861,128,66,-242,-109,-96
IMU1,36556,372202662,-1875,122,63,-225,-110,-68
IMU1,36557,372212718,-1904,129,63,-214,-85,-43
IMU1,36558,372222580,-1912,140,67,-195,-46,-32
IMU1,36559,372232452,-1936,149,87,-168,-14,-36
IMU1,36560,372242294,-1964,165,126,-128,5,-51
IMU1,36561,372252040,-1980,175,151,-77,-4,-65
IMU1,36562,372261680,-1996,177,188,-18,-32,-79
IMU1,36563,372271519,-2025,176,212,43,-88,-79
IMU1,36564,372281270,-2066,153,234,106,-166,-65
IMU1,36565,372291419,-2081,90,246,163,-247,-33
IMU1,36566,372302392,-2074,68,240,244,-355,57
IMU1,36567,372312254,-2052,48,227,253,-367,96
IMU1,36568,372322113,-2025,40,209,256,-353,83
IMU1,36569,372331964,-2010,43,202,234,-334,60
IMU1,36570,372341811,-2000,52,202,197,-333,43
IMU1,36571,372351655,-1998,63,203,143,-343,24
IMU1,36572,372361521,-1991,70,213,80,-351,8
IMU1,36573,372370987,-1990,83,222,14,-355,-1
IMU1,36574,372380543,-1993,96,227,-52,-347,0
IMU1,36575,372390000,-2000,91,215,-116,-317,10
IMU1,36576,372399956,-2014,90,192,-181,-276,32
IMU1,36577,372409923,-2010,95,187,-249,-217,59
IMU1,36578,372419860,-1998,98,196,-313,-142,85
IMU1,36579,372429812,-2002,96,222,-365,-58,100
IMU1,36580,372439752,-2002,100,256,-401,11,115
IMU1,36581,372449804,-2009,100,288,-423,65,121
IMU1,36582,372459846,-2032,96,313,-420,86,124
IMU1,36583,372469705,-2036,89,319,-404,70,129
IMU1,36584,372479577,-2045,87,321,-381,26,136
IMU1,36585,372489451,-2062,90,318,-352,-33,143
IMU1,36586,372499409,-2063,79,309,-319,-89,148
IMU1,36587,372509363,-2072,62,315,-289,-127,155
IMU1,36588,372519523,-2084,51,321,-256,-138,161
IMU1,36589,372529668,-2083,39,324,-220,-133,161
IMU1,36590,372539813,-2086,37,335,-193,-127,156
IMU1,36591,372549967,-2098,38,345,-160,-131,141
IMU1,36592,372560118,-2097,41,346,-137,-156,126
IMU1,36593,372570262,-2089,59,359,-114,-191,108
IMU1,36594,372581453,-2051,71,362,-75,-258,51
IMU1,36595,372591214,-2038,77,362,-64,-281,24
IMU1,36596,372600975,-2037,81,359,-63,-291,-2
IMU1,36597,372610629,-2042,83,340,-61,-293,-17
IMU1,36598,372620473,-2030,97,332,-64,-281,-22
IMU1,36599,372630331,-2039,95,318,-79,-257,-21
IMU1,36600,372640203,-2044,103,321,-97,-228,-15
IMU1,36601,372650233,-2037,102,318,-112,-201,-7
IMU1,36602,372660291,-2040,109,317,-138,-175,6
IMU1,36603,372670243,-2039,109,321,-160,-147,11
IMU1,36604,372680392,-2040,112,321,-182,-125,13
IMU1,36605,372690537,-2040,109,315,-195,-101,7
IMU1,36606,372700498,-2042,109,320,-212,-79,-3
IMU1,36607,372710349,-2041,105,338,-226,-62,-14
IMU1,36608,372723171,-2049,101,350,-229,-55,-25
IMU1,36609,372733240,-2044,97,346,-227,-64,-32
IMU1,36610,372743107,-2045,99,333,-221,-71,-41
IMU1,36611,372754508,-2045,115,326,-215,-76,-59
IMU1,36612,372764553,-2042,137,314,-206,-65,-76
IMU1,36613,372774604,-2045,152,304,-211,-53,-92
IMU1,36614,372784651,-2050,166,309,-213,-41,-99
IMU1,36615,372794692,-2059,181,311,-214,-35,-102
IMU1,36616,372804948,-2066,195,316,-216,-26,-100
IMU1,36617,372815188,-2071,209,331,-209,-16,-95
IMU1,36618,372825235,-2075,210,336,-202,-5,-84
IMU1,36619,372835081,-2076,211,332,-192,-5,-74
IMU1,36620,372844935,-2067,206,329,-175,-11,-62
IMU1,36621,372854965,-2064,204,324,-167,-23,-47
IMU1,36622,372865000,-2050,205,316,-156,-31,-39
IMU1,36623,372875041,-2041,204,314,-142,-29,-36
IMU1,36624,372885088,-2041,201,313,-129,-24,-34
IMU1,36625,372895131,-2031,202,306,-120,-16,-37
IMU1,36626,372905182,-2023,197,304,-105,-11,-43
IMU1,36627,372915220,-2027,188,313,-89,-9,-50
IMU1,36628,372924858,-2028,184,323,-72,-18,-53
IMU1,36629,372934696,-2014,182,321,-49,-29,-56
IMU1,36630,372944537,-2008,182,312,-23,-41,-58
IMU1,36631,372954378,-2007,186,309,-7,-53,-59
IMU1,36632,372964029,-2007,186,297,10,-64,-55
IMU1,36633,372973769,-2008,183,295,12,-68,-48
IMU1,36634,372983515,-2012,182,299,11,-62,-33
IMU1,36635,372994832,-2013,184,299,8,-28,-10
IMU1,36636,373004377,-2012,179,312,7,-12,0
IMU1,36637,373014063,-2024,175,322,9,-5,10
IMU1,36638,373023844,-2026,175,333,5,-4,21
IMU1,36639,373033107,-2017,165,334,12,3,20
IMU1,36640,373042989,-2020,164,336,16,0,21
IMU1,36641,373052254,-2016,169,343,17,-11,20
IMU1,36642,373061903,-2015,171,356,25,-18,13
IMU1,36643,373071561,-2012,170,358,27,-9,-1
IMU1,36644,373081435,-2019,171,358,31,-6,-4
IMU1,36645,373090801,-2015,178,360,44,9,-18
IMU1,36646,373100775,-2017,178,357,45,7,-19
IMU1,36647,373110244,-2026,176,357,49,-1,-17
IMU1,36648,373119801,-2020,175,361,51,-10,-11
IMU1,36649,373129570,-2009,183,362,60,-13,-11
IMU1,36650,373139321,-1999,178,361,69,-14,-10
IMU1,36651,373149075,-1988,175,372,72,-18,-6
IMU1,36652,373158627,-2003,179,383,88,-22,-10
IMU1,36653,373168367,-1996,179,380,89,-40,-4
IMU1,36654,373177918,-1993,164,375,95,-62,0
IMU1,36655,373187286,-2006,164,371,98,-80,6
IMU1,36656,373196732,-2005,162,357,94,-87,12
IMU1,36657,373206400,-2007,157,352,71,-74,19
IMU1,36658,373216058,-2001,159,343,52,-49,23
IMU1,36659,373225708,-2002,159,333,26,-18,30
IMU1,36660,373235367,-2010,161,334,8,15,30
IMU1,36661,373244721,-2007,160,335,-13,38,28
IMU1,36662,373254380,-2013,165,340,-36,53,27
IMU1,36663,373264036,-2024,166,352,-45,66,18
IMU1,36664,373273679,-2041,168,360,-55,61,19
IMU1,36665,373283323,-2049,164,372,-45,49,19
IMU1,36666,373292970,-2049,155,373,-38,35,16
IMU1,36667,373302626,-2049,153,366,-17,17,9
IMU1,36668,373312086,-2046,149,352,0,-9,10
IMU1,36669,373321754,-2039,147,348,16,-24,1
IMU1,36670,373331216,-2038,150,340,31,-36,-10
IMU1,36671,373340969,-2034,157,323,46,-43,-25
IMU1,36672,373350722,-2029,168,310,55,-38,-42
IMU1,36673,373360472,-2033,176,303,59,-40,-50
IMU1,36674,373370235,-2039,188,298,57,-38,-60
IMU1,36675,373380007,-2035,191,290,49,-34,-58
IMU1,36676,373389763,-2032,197,297,43,-14,-58
IMU1,36677,373399524,-2021,200,298,30,9,-48
IMU1,36678,373408993,-2023,199,302,28,25,-45
IMU1,36679,373418653,-2020,205,310,26,24,-38
IMU1,36680,373428321,-2016,203,317,32,18,-35
IMU1,36681,373437989,-2021,216,324,38,8,-29
IMU1,36682,373447462,-2016,225,324,40,-1,-23
IMU1,36683,373457021,-2017,230,325,40,-3,-13
IMU1,36684,373466575,-2022,230,321,40,-2,-6
IMU1,36685,373475935,-2015,218,318,41,-3,4
IMU1,36686,373485208,-2016,215,314,35,-9,18
IMU1,36687,373494675,-2008,210,305,29,-11,26
IMU1,36688,373504341,-2004,205,300,21,-13,31
IMU1,36689,373513994,-2002,200,299,14,-14,36
IMU1,36690,373523666,-1994,198,292,12,-13,39
IMU1,36691,373533339,-2000,204,284,0,-7,43
IMU1,36692,373543036,-2006,209,285,-6,3,40
IMU1,36693,373552315,-2013,210,284,-2,13,41
IMU1,36694,373562318,-2017,203,277,-8,15,50
IMU1,36695,373571774,-2028,205,295,5,19,53
IMU1,36696,373581136,-2033,205,301,15,8,64
IMU1,36697,373591017,-2030,204,302,30,-1,68
IMU1,36698,373600494,-2031,192,301,56,-8,61
IMU1,36699,373610468,-2026,190,302,66,-26,62
IMU1,36700,373620122,-2014,182,295,90,-34,50
IMU1,36701,373629779,-2014,180,301,105,-42,42
IMU1,36702,373639636,-2016,179,299,125,-35,26
IMU1,36703,373649492,-2014,183,301,128,-29,18
IMU1,36704,373659347,-2014,191,299,131,-17,2
IMU1,36705,373669006,-2016,196,310,133,-16,-6
IMU1,36706,373678765,-2026,197,316,138,-27,-8
IMU1,36707,373688524,-2023,201,314,137,-45,-8
IMU1,36708,373698277,-2029,208,307,129,-61,-1
IMU1,36709,373708038,-2028,207,302,111,-69,9
IMU1,36710,373717712,-2025,204,299,93,-60,16
IMU1,36711,373730150,-2020,202,301,72,-39,28
IMU1,36712,373739822,-2021,198,298,57,-6,30
IMU1,36713,373749297,-2028,197,301,43,15,31
IMU1,36714,373758875,-2027,192,302,24,18,30
IMU1,36715,373768466,-2031,188,307,14,14,24
IMU1,36716,373778013,-2029,189,311,12,3,17
IMU1,36717,373787368,-2022,181,320,12,-6,13
IMU1,36718,373796812,-2019,190,317,13,-5,6
IMU1,36719,373806071,-2029,192,311,24,1,-4
IMU1,36720,373815340,-2038,203,309,34,-3,-8
IMU1,36721,373824698,-2034,201,305,43,-8,-10
IMU1,36722,373834239,-2032,204,307,49,-19,-12
IMU1,36723,373843997,-2034,208,306,51,-25,-13
IMU1,36724,373853748,-2028,205,300,56,-31,-13
IMU1,36725,373863503,-2017,207,299,59,-35,-15
IMU1,36726,373873253,-2015,214,301,57,-31,-20
IMU1,36727,373883010,-2010,219,295,51,-26,-23
IMU1,36728,373892755,-2011,226,294,49,-20,-26
IMU1,36729,373902505,-2009,233,287,40,-22,-26
IMU1,36730,373912252,-2005,234,284,31,-24,-24
IMU1,36731,373922009,-2007,243,283,27,-26,-22
IMU1,36732,373931747,-2006,249,296,22,-25,-14
IMU1,36733,373941497,-2009,247,309,15,-19,-4
IMU1,36734,373951053,-2014,246,318,19,-10,3
IMU1,36735,373960525,-2007,240,311,23,-11,6
IMU1,36736,373969986,-2012,239,305,24,-28,8
IMU1,36737,373979440,-2011,242,299,27,-50,4
IMU1,36738,373988900,-2010,246,301,27,-57,-3
IMU1,36739,373998456,-2019,251,306,29,-48,-9
IMU1,36740,374008015,-2020,255,308,34,-31,-9
IMU1,36741,374017569,-2018,251,310,42,-15,-11
IMU1,36742,374027319,-2018,252,309,48,-9,-11
IMU1,36743,374036876,-2015,236,304,51,-16,-11
IMU1,36744,374046631,-2008,230,300,55,-30,-9
IMU1,36745,374056203,-2006,228,301,61,-42,-8
IMU1,36746,374065758,-2003,226,296,61,-45,-8
IMU1,36747,374075322,-1998,221,289,58,-37,-7
IMU1,36748,374084886,-2004,224,285,53,-27,-5
IMU1,36749,374094431,-2003,225,280,40,-24,0
IMU1,36750,374103782,-2006,226,285,26,-25,3
IMU1,36751,374113245,-2005,226,287,18,-31,10
IMU1,36752,374122909,-2009,232,298,15,-33,17
IMU1,36753,374132573,-2012,228,307,15,-22,23
IMU1,36754,374142235,-2020,228,314,16,-8,25
IMU1,36755,374151716,-2029,219,314,19,0,29
IMU1,36756,374160993,-2033,218,312,18,-3,30
IMU1,36757,374170464,-2042,219,315,20,-12,25
IMU1,36758,374180122,-2042,220,308,26,-25,16
IMU1,36759,374189783,-2044,221,311,30,-39,7
IMU1,36760,374199262,-2047,223,314,30,-49,1
IMU1,36761,374208739,-2046,221,308,35,-50,-8
IMU1,36762,374218305,-2045,219,302,37,-54,-15
IMU1,36763,374228066,-2038,229,293,36,-53,-20
IMU1,36764,374237825,-2033,229,292,30,-44,-28
IMU1,36765,374247590,-2025,230,290,27,-28,-39
IMU1,36766,374257355,-2024,232,288,26,-10,-47
IMU1,36767,374267114,-2019,238,289,21,5,-53
IMU1,36768,374276591,-2012,245,287,14,7,-57
IMU1,36769,374286051,-2010,248,288,14,1,-62
IMU1,36770,374295514,-2011,251,295,10,-6,-61
IMU1,36771,374305083,-2005,257,294,5,-4,-56
IMU1,36772,374314446,-2011,260,289,0,7,-48
IMU1,36773,374323614,-2011,265,285,-1,18,-37
IMU1,36774,374333170,-2016,263,283,-4,28,-26
IMU1,36775,374342742,-2021,257,294,-10,27,-16
IMU1,36776,374352503,-2017,255,307,-5,13,-8
IMU1,36777,374361877,-2011,249,311,3,4,-4
IMU1,36778,374370959,-2006,242,312,14,-1,-7
IMU1,36779,374380340,-2011,245,316,25,-12,-10
IMU1,36780,374390099,-2007,247,310,38,-18,-21
IMU1,36781,374399860,-2007,243,312,46,-26,-28
IMU1,36782,374409635,-2011,241,311,48,-32,-32
IMU1,36783,374419382,-2008,248,312,54,-27,-38
IMU1,36784,374429130,-2011,248,307,49,-22,-39
IMU1,36785,374438879,-2009,256,306,43,-20,-32
IMU1,36786,374448631,-2015,257,304,41,-19,-26
IMU1,36787,374458390,-2018,260,305,35,-25,-18
IMU1,36788,374468149,-2013,258,309,28,-24,-11
IMU1,36789,374477902,-2008,253,310,21,-18,-3
IMU1,36790,374487461,-2015,247,316,22,-4,-2
IMU1,36791,374496823,-2014,245,312,21,2,-1
IMU1,36792,374506089,-2014,240,320,19,2,-4
IMU1,36793,374515350,-2010,238,314,18,-4,-10
IMU1,36794,374524922,-2016,238,317,20,-12,-16
IMU1,36795,374534691,-2016,239,310,24,-21,-23
IMU1,36796,374544456,-2019,243,300,27,-27,-29
IMU1,36797,374554208,-2013,249,299,23,-29,-30
IMU1,36798,374563965,-2013,247,298,15,-22,-32
IMU1,36799,374573718,-2016,253,296,7,-11,-29
IMU1,36800,374583286,-2017,253,306,4,-5,-22
IMU1,36801,374592633,-2018,253,311,0,-5,-13
IMU1,36802,374601885,-2017,242,315,-4,-6,-5
IMU1,36803,374611134,-2025,240,319,-5,-6,-2
IMU1,36804,374620394,-2021,244,307,-11,-15,5
IMU1,36805,374629943,-2019,249,300,-14,-19,3
IMU1,36806,374639500,-2022,255,304,-21,-25,2
IMU1,36807,374649062,-2015,261,307,-29,-18,-7
IMU1,36808,374658712,-2013,265,312,-33,-7,-13
IMU1,36809,374668365,-2013,276,318,-35,4,-13
IMU1,36810,374677928,-2023,287,327,-32,16,-14
IMU1,36811,374687681,-2018,295,340,-26,17,-10
IMU1,36812,374697433,-2031,304,347,-18,8,-5
IMU1,36813,374706802,-2041,314,344,-18,-15,13
IMU1,36814,374716561,-2044,309,321,-19,-46,31
IMU1,36815,374726322,-2048,310,289,-29,-65,51
IMU1,36816,374738832,-2038,308,265,-44,-60,67
IMU1,36817,374748595,-2038,303,245,-65,-28,83
IMU1,36818,374758354,-2034,290,238,-86,24,95
IMU1,36819,374768036,-2032,274,233,-104,72,106
IMU1,36820,374778097,-2027,249,227,-113,100,113
IMU1,36821,374788359,-2020,231,239,-108,98,116
IMU1,36822,374798409,-2010,219,252,-93,79,114
IMU1,36823,374808258,-1994,216,276,-62,62,104
IMU1,36824,374818113,-1987,223,294,-15,57,82
IMU1,36825,374827767,-1981,223,307,39,44,68
IMU1,36826,374837330,-1973,215,310,98,24,55
IMU1,36827,374846899,-1973,210,316,151,-6,42
IMU1,36828,374856563,-1974,214,317,199,-49,34
IMU1,36829,374866424,-1971,224,311,234,-90,32
IMU1,36830,374876275,-1963,211,306,257,-114,27
IMU1,36831,374886327,-1967,216,286,265,-120,19
IMU1,36832,374896382,-1975,212,267,260,-123,11
IMU1,36833,374906430,-1984,210,265,237,-109,0
IMU1,36834,374916189,-1997,227,260,205,-86,-11
IMU1,36835,374926131,-2007,243,270,175,-59,-20
IMU1,36836,374937116,-2042,270,289,113,-11,-43
IMU1,36837,374947077,-2069,287,305,98,7,-56
IMU1,36838,374956551,-2094,292,300,80,2,-59
IMU1,36839,374966022,-2101,300,283,67,-6,-63
IMU1,36840,374975582,-2113,287,259,49,-17,-60
IMU1,36841,374985347,-2115,271,244,25,-12,-58
IMU1,36842,374995106,-2105,260,240,-5,19,-59
IMU1,36843,375004665,-2085,247,232,-41,67,-61
IMU1,36844,375014416,-2066,248,236,-68,126,-79
IMU1,36845,375024362,-2063,250,243,-94,170,-100
IMU1,36846,375034515,-2051,243,252,-101,205,-132
IMU1,36847,375044870,-2040,234,269,-101,218,-159
IMU1,36848,375055209,-2035,226,285,-91,211,-187
IMU1,36849,375065354,-2035,217,293,-65,186,-208
IMU1,36850,375075511,-2017,213,299,-36,153,-226
IMU1,36851,375085671,-1988,224,292,-5,113,-243
IMU1,36852,375095629,-1991,225,299,30,75,-266
IMU1,36853,375105497,-1992,226,281,58,28,-287
IMU1,36854,375115358,-1983,242,268,75,-23,-299
IMU1,36855,375125321,-1984,256,269,82,-56,-307
IMU1,36856,375135279,-1947,285,235,79,-66,-310
IMU1,36857,375145252,-2054,262,197,64,-55,-319
IMU1,36858,375155218,-1992,254,189,38,-42,-294
IMU1,36859,375165170,-2026,279,172,5,-26,-255
IMU1,36860,375174935,-2004,260,146,-34,6,-217
IMU1,36861,375184694,-2018,249,175,-67,47,-182
IMU1,36862,375194644,-1996,270,193,-102,86,-140
IMU1,36863,375204787,-2030,252,184,-129,125,-110
IMU1,36864,375216165,-2041,256,240,-148,141,-67
IMU1,36865,375226300,-2062,243,204,-147,107,-41
IMU1,36866,375236440,-2063,220,209,-146,70,-26
IMU1,36867,375246387,-2063,179,188,-153,37,-2
IMU1,36868,375256138,-2051,121,149,-162,20,17
IMU1,36869,375265985,-2028,78,116,-182,9,34
IMU1,36870,375275443,-2000,59,73,-217,10,35
IMU1,36871,375284912,-1992,47,59,-252,24,20
IMU1,36872,375294372,-1998,70,76,-291,59,-5
IMU1,36873,375303755,-2035,115,128,-320,121,-36
IMU1,36874,375313902,-2092,161,180,-334,211,-63
IMU1,36875,375324056,-2142,207,229,-336,304,-78
IMU1,36876,375334216,-2177,251,265,-321,372,-77
IMU1,36877,375344386,-2202,264,298,-293,406,-73
IMU1,36878,375354552,-2214,240,337,-255,398,-58
IMU1,36879,375364726,-2202,205,377,-209,360,-35
IMU1,36880,375374877,-2170,155,418,-156,308,-9
IMU1,36881,375384840,-2124,110,440,-93,249,9
IMU1,36882,375394497,-2052,68,436,-28,189,14
IMU1,36883,375404157,-1994,45,429,25,123,-3
IMU1,36884,375413614,-1939,25,415,75,46,-38
IMU1,36885,375423074,-1893,16,388,120,-44,-83
IMU1,36886,375432835,-1864,11,362,155,-137,-136
IMU1,36887,375442990,-1861,-6,338,178,-231,-177
IMU1,36888,375453039,-1856,-8,295,193,-311,-206
IMU1,36889,375463095,-1855,-12,266,197,-358,-219
IMU1,36890,375473343,-1864,-8,264,197,-375,-216
IMU1,36891,375483403,-1872,-10,292,194,-354,-206
IMU1,36892,375493659,-1933,8,352,200,-308,-193
IMU1,36893,375504664,-1993,21,356,272,-311,-155
IMU1,36894,375514830,-2049,33,338,330,-373,-129
IMU1,36895,375524998,-2074,46,313,366,-453,-82
IMU1,36896,375534960,-2064,52,304,381,-491,-45
IMU1,36897,375544924,-2042,70,311,369,-470,-9
IMU1,36898,375554696,-2035,63,309,327,-401,32
IMU1,36899,375564555,-2050,41,304,266,-318,74
IMU1,36900,375574431,-2063,47,281,192,-245,116
IMU1,36901,375584491,-2080,57,274,109,-181,158
IMU1,36902,375594546,-2073,50,266,27,-118,195
IMU1,36903,375604421,-2061,40,283,-44,-48,220
IMU1,36904,375614166,-2047,20,302,-90,26,240
IMU1,36905,375623826,-2015,-20,304,-110,88,254
IMU1,36906,375633782,-2002,-59,303,-99,114,262
IMU1,36907,375643746,-1982,-85,301,-65,100,268
IMU1,36908,375653715,-1953,-119,295,-21,69,271
IMU1,36909,375663690,-1915,-135,301,29,41,267
IMU1,36910,375673570,-1882,-129,312,80,35,251
IMU1,36911,375683460,-1875,-107,326,124,51,226
IMU1,36912,375693520,-1895,-60,346,172,79,186
IMU1,36913,375703382,-1932,11,369,223,105,141
IMU1,36914,375713350,-1987,69,376,281,106,101
IMU1,36915,375723319,-2031,100,361,340,68,76
IMU1,36916,375733098,-2059,118,341,391,6,70
IMU1,36917,375745439,-2060,111,291,455,-68,103
IMU1,36918,375755514,-2063,105,271,445,-43,138
IMU1,36919,375765598,-2066,105,262,437,18,171
IMU1,36920,375775580,-2074,90,262,421,93,206
IMU1,36921,375785365,-2009,119,267,408,173,230
IMU1,36922,375795534,-1983,130,289,394,243,230
IMU1,36923,375805714,-1980,102,307,393,295,208
IMU1,36924,375815906,-2001,85,325,406,307,187
IMU1,36925,375825870,-1989,66,343,432,286,178
IMU1,36926,375835846,-1953,71,325,469,255,180
IMU1,36927,375845820,-1949,66,331,508,235,171
IMU1,36928,375855794,-1930,39,330,548,236,154
IMU1,36929,375865776,-1904,29,328,596,251,129
IMU1,36930,375875744,-1888,29,330,646,266,95
IMU1,36931,375885516,-1893,40,301,691,260,59
IMU1,36932,375895297,-1923,71,252,733,228,20
IMU1,36933,375905072,-1959,139,202,758,189,-16
IMU1,36934,375915149,-2011,201,156,769,177,-44
IMU1,36935,375925228,-2075,228,100,764,202,-56
IMU1,36936,375935303,-2122,256,29,748,265,-62
IMU1,36937,375945189,-2171,295,-36,713,342,-57
IMU1,36938,375956730,-2375,568,-5,634,542,-63
IMU1,36939,375966524,-2545,835,118,612,676,-61
IMU1,36940,375976618,-2712,1074,256,642,815,-49
IMU1,36941,375986900,-2859,1239,373,715,913,-6
IMU1,36942,375997005,-2960,1275,441,829,919,78
IMU1,36943,376007209,-3034,1173,439,962,815,213
IMU1,36944,376017592,-2966,920,360,1104,628,384
IMU1,36945,376027975,-2690,531,274,1229,408,566
IMU1,36946,376038354,-2342,152,224,1342,229,701
IMU1,36947,376048743,-2011,-149,210,1454,127,752
IMU1,36948,376059203,-1740,-272,219,1573,59,710
IMU1,36949,376069477,-1517,-189,260,1706,-27,564
IMU1,36950,376079833,-1358,-36,332,1871,-170,322
IMU1,36951,376091242,-1393,289,362,2344,-650,-344
IMU1,36952,376101806,-1581,429,281,2615,-1004,-627
IMU1,36953,376112575,-1792,580,135,2872,-1440,-808
IMU1,36954,376123351,-1946,699,42,3060,-1898,-875
IMU1,36955,376133932,-2093,709,-378,3148,-2259,-840
IMU1,36956,376144812,-2167,682,-512,3027,-2373,-699
IMU1,36957,376155688,-2043,801,-496,2722,-2144,-463
IMU1,36958,376166557,-2026,814,-116,2362,-1590,-207
IMU1,36959,376177942,-2071,337,-112,1769,-358,364
IMU1,36960,376188497,-2035,322,-202,1538,42,643
IMU1,36961,376198753,-1978,424,-148,1310,313,841
IMU1,36962,376209216,-1948,368,-98,1113,507,919
IMU1,36963,376219489,-1938,252,-57,959,607,915
IMU1,36964,376229562,-1982,211,-51,845,610,851
IMU1,36965,376239633,-2066,228,-73,755,528,743
IMU1,36966,376249716,-2120,242,-92,684,387,607
IMU1,36967,376259779,-2123,229,-142,620,220,464
IMU1,36968,376270047,-2097,231,-193,557,66,319
IMU1,36969,376280122,-2061,254,-214,491,-13,182
IMU1,36970,376290274,-2043,303,-226,416,10,59
IMU1,36971,376300145,-2015,339,-209,343,118,-40
IMU1,36972,376310307,-1999,375,-180,273,241,-114
IMU1,36973,376320683,-1951,374,-121,218,330,-165
IMU1,36974,376331535,-1912,370,-120,147,300,-203
IMU1,36975,376341894,-1922,393,-160,109,212,-187
IMU1,36976,376352235,-1951,432,-293,53,123,-167
IMU1,36977,376362382,-1941,467,-378,-39,21,-135
IMU1,36978,376372433,-1938,480,-442,-164,-54,-100
IMU1,36979,376382770,-1937,479,-507,-323,-34,-59
IMU1,36980,376392921,-1924,424,-507,-478,108,-28
IMU1,36981,376403175,-1919,408,-525,-625,328,-7
IMU1,36982,376413245,-1935,408,-514,-746,562,-2
IMU1,36983,376423307,-1956,388,-494,-845,754,-4
IMU1,36984,376433360,-1969,361,-463,-914,878,-8
IMU1,36985,376443419,-1969,345,-439,-955,944,-15
IMU1,36986,376453682,-1947,348,-396,-970,976,-35
IMU1,36987,376463935,-1922,362,-340,-963,999,-69
IMU1,36988,376474193,-1923,369,-235,-942,1024,-113
IMU1,36989,376485369,-1938,436,-198,-822,1078,-208
IMU1,36990,376496018,-1939,464,-159,-741,1077,-241
IMU1,36991,376506672,-1932,492,-113,-635,1034,-271
IMU1,36992,376517337,-1921,507,-53,-517,952,-293
IMU1,36993,376527605,-1904,522,4,-394,834,-299
IMU1,36994,376537577,-1887,534,-2,-263,694,-296
IMU1,36995,376547655,-1861,564,-98,-140,529,-296
IMU1,36996,376557920,-1820,618,-207,-59,340,-304
IMU1,36997,376568191,-1790,650,-272,-15,163,-317
IMU1,36998,376578454,-1780,627,-271,9,63,-321
IMU1,36999,376588220,-1833,568,-262,27,72,-298
IMU1,37000,376598188,-1842,541,-332,44,157,-240
IMU1,37001,376608356,-1883,477,-465,33,238,-169
IMU1,37002,376618518,-1850,468,-644,-23,245,-97
IMU1,37003,376629621,-1766,472,-596,-262,160,-28
IMU1,37004,376639878,-1732,473,-514,-378,197,-35
IMU1,37005,376650162,-1748,473,-464,-467,257,-45
IMU1,37006,376660427,-1770,489,-426,-516,293,-52
IMU1,37007,376670691,-1790,506,-376,-536,270,-42
IMU1,37008,376680963,-1795,513,-364,-532,203,-18
IMU1,37009,376691215,-1797,522,-403,-512,116,14
IMU1,37010,376701373,-1815,548,-481,-505,35,47
IMU1,37011,376711356,-1813,576,-552,-511,-3,72
IMU1,37012,376721245,-1809,586,-598,-540,14,87
IMU1,37013,376731224,-1810,596,-596,-571,89,89
IMU1,37014,376741201,-1831,600,-552,-592,187,81
IMU1,37015,376753939,-1887,564,-490,-585,301,82
IMU1,37016,376764118,-1903,535,-461,-538,266,99
IMU1,37017,376774311,-1903,511,-445,-481,171,124
IMU1,37018,376784697,-1877,489,-416,-414,53,138
IMU1,37019,376794869,-1860,474,-437,-327,-81,144
IMU1,37020,376805148,-1855,461,-461,-252,-230,142
IMU1,37021,376815619,-1844,430,-504,-195,-366,130
IMU1,37022,376826094,-1823,425,-530,-166,-475,116
IMU1,37023,376836570,-1799,438,-559,-177,-541,98
IMU1,37024,376846815,-1785,454,-603,-213,-559,69
IMU1,37025,376857063,-1793,470,-618,-268,-545,29
IMU1,37026,376867320,-1803,479,-621,-342,-507,-5
IMU1,37027,376877470,-1807,479,-627,-429,-443,-26
IMU1,37028,376887818,-1823,501,-611,-524,-367,-36
IMU1,37029,376898693,-1792,483,-585,-705,-195,-39
IMU1,37030,376909035,-1769,474,-528,-801,-126,-38
IMU1,37031,376919378,-1764,458,-473,-877,-64,-46
IMU1,37032,376929530,-1748,435,-434,-931,-23,-57
IMU1,37033,376939687,-1745,424,-426,-967,-17,-81
IMU1,37034,376949827,-1750,440,-426,-995,-56,-103
IMU1,37035,376960180,-1766,448,-456,-1006,-125,-134
IMU1,37036,376970900,-1776,469,-477,-1021,-219,-174
IMU1,37037,376981644,-1824,493,-476,-1030,-316,-217
IMU1,37038,376992401,-1915,507,-441,-1033,-381,-252
IMU1,37039,377003153,-2066,558,-307,-1023,-412,-266
IMU1,37040,377014436,-2363,708,-261,-923,-408,-224
IMU1,37041,377024987,-2478,747,-240,-853,-435,-179
IMU1,37042,377035534,-2533,761,-230,-757,-495,-154
IMU1,37043,377046106,-2559,736,-219,-653,-612,-125
IMU1,37044,377056665,-2495,648,-259,-552,-769,-93
IMU1,37045,377067017,-2393,574,-346,-463,-925,-80
IMU1,37046,377077387,-2326,477,-412,-395,-1031,-88
IMU1,37047,377087955,-2285,393,-455,-346,-1055,-109
IMU1,37048,377098726,-2255,316,-472,-295,-975,-144
IMU1,37049,377109281,-2120,309,-396,-227,-817,-194
IMU1,37050,377120354,-2128,356,-179,-8,-462,-337
IMU1,37051,377130500,-2127,390,49,119,-331,-366
IMU1,37052,377140664,-2082,422,230,215,-268,-358
IMU1,37053,377151019,-2044,496,381,270,-262,-325
IMU1,37054,377161392,-2073,536,539,295,-271,-270
IMU1,37055,377171766,-2084,555,601,314,-286,-199
IMU1,37056,377182136,-2084,518,603,323,-321,-126
IMU1,37057,377192499,-2023,446,559,322,-385,-68
IMU1,37058,377202663,-1967,379,502,302,-477,-34
IMU1,37059,377212833,-1909,332,447,264,-556,-26
IMU1,37060,377223003,-1890,295,438,200,-580,-37
IMU1,37061,377233175,-1893,274,466,131,-516,-51
IMU1,37062,377243355,-1926,262,511,60,-373,-68
IMU1,37063,377254877,-2027,234,566,-40,-31,-85
IMU1,37064,377264733,-2053,212,553,-82,50,-79
IMU1,37065,377274502,-2065,194,514,-115,44,-77
IMU1,37066,377284475,-2075,197,508,-153,-7,-80
IMU1,37067,377294337,-2051,181,466,-186,-50,-100
IMU1,37068,377304590,-2064,201,457,-227,-65,-130
IMU1,37069,377314851,-2083,207,443,-261,-41,-164
IMU1,37070,377325105,-2094,226,442,-284,13,-204
IMU1,37071,377335265,-2125,257,456,-297,62,-236
IMU1,37072,377345441,-2288,106,263,-300,93,-262
IMU1,37073,377355595,-2350,125,-312,-365,100,-240
IMU1,37074,377366063,-2274,457,246,-593,215,-179
IMU1,37075,377376431,-2085,565,599,-738,591,-150
IMU1,37076,377386806,-1977,166,577,-734,962,-165
IMU1,37077,377397170,-2074,141,622,-645,1009,-190
IMU1,37078,377407743,-2183,279,442,-507,417,-239
IMU1,37079,377418125,-2142,244,378,-211,22,-240
IMU1,37080,377428295,-2078,235,379,-105,-241,-231
IMU1,37081,377438763,-2040,231,354,-20,-293,-224
IMU1,37082,377449034,-2018,198,348,36,-191,-221
IMU1,37083,377459192,-2005,205,338,81,-63,-226
IMU1,37084,377469167,-2013,219,333,130,0,-251
IMU1,37085,377478944,-2014,230,312,173,-42,-277
IMU1,37086,377489118,-1997,246,303,208,-148,-307
IMU1,37087,377499475,-1974,264,291,234,-252,-336
IMU1,37088,377509831,-1953,261,287,243,-315,-351
IMU1,37089,377520194,-1946,252,273,236,-328,-356
IMU1,37090,377530549,-1950,242,264,224,-312,-349
IMU1,37091,377540914,-1944,249,226,202,-304,-331
IMU1,37092,377551273,-1954,261,182,165,-305,-302
IMU1,37093,377562680,-1941,270,189,68,-251,-249
IMU1,37094,377572838,-1934,271,194,17,-180,-224
IMU1,37095,377582994,-1939,263,201,-36,-108,-196
IMU1,37096,377593254,-1950,257,215,-80,-48,-171
IMU1,37097,377603318,-1960,248,224,-120,-23,-136
IMU1,37098,377613546,-1961,230,227,-156,-31,-98
IMU1,37099,377623589,-1968,229,228,-181,-45,-62
IMU1,37100,377633634,-1954,214,224,-209,-50,-25
IMU1,37101,377643674,-1943,210,209,-237,-40,13
IMU1,37102,377653626,-1942,209,183,-271,-17,46
IMU1,37103,377663560,-1943,206,159,-313,0,73
IMU1,37104,377673126,-1955,213,153,-355,3,93
IMU1,37105,377682783,-1979,222,159,-399,10,108
IMU1,37106,377692836,-1997,220,172,-448,24,129
IMU1,37107,377702878,-2007,226,173,-493,53,150
IMU1,37108,377712926,-2022,245,164,-536,91,170
IMU1,37109,377722974,-2035,261,157,-584,129,187
IMU1,37110,377733232,-2059,284,169,-632,168,205
IMU1,37111,377743482,-2088,313,210,-676,218,215
IMU1,37112,377756298,-2142,310,244,-755,361,246
IMU1,37113,377766565,-2151,291,277,-773,442,262
IMU1,37114,377776827,-2149,266,299,-779,512,262
IMU1,37115,377787093,-2152,246,309,-765,548,248
IMU1,37116,377797368,-2147,222,305,-735,547,218
IMU1,37117,377807644,-2133,210,294,-697,520,178
IMU1,37118,377817913,-2114,216,289,-654,479,130
IMU1,37119,377828179,-2099,220,289,-603,439,80
IMU1,37120,377838241,-2103,205,297,-552,407,38
IMU1,37121,377848296,-2086,186,288,-499,385,14
IMU1,37122,377858348,-2102,201,306,-452,378,3
IMU1,37123,377868195,-2103,220,314,-402,385,-1
IMU1,37124,377878141,-2140,231,356,-361,388,3
IMU1,37125,377889560,-2297,374,397,-302,368,29
IMU1,37126,377899618,-2306,385,403,-282,376,45
IMU1,37127,377909667,-2312,365,379,-269,378,59
IMU1,37128,377919729,-2266,333,360,-281,374,62
IMU1,37129,377929792,-2204,270,336,-305,349,60
IMU1,37130,377939847,-2151,185,311,-341,319,49
IMU1,37131,377949905,-2117,135,296,-383,290,34
IMU1,37132,377959972,-2093,117,307,-433,272,27
IMU1,37133,377970033,-2077,120,315,-482,280,13
IMU1,37134,377980091,-2065,138,306,-526,305,-8
IMU1,37135,377990050,-2063,160,273,-568,329,-37
IMU1,37136,378000199,-2056,176,236,-625,325,-64
IMU1,37137,378010342,-2022,173,189,-687,292,-88
IMU1,37138,378020481,-1990,157,151,-756,259,-110
IMU1,37139,378030830,-1951,140,117,-832,253,-128
IMU1,37140,378041181,-1932,128,86,-911,289,-147
IMU1,37141,378051335,-1926,141,18,-991,343,-165
IMU1,37142,378062522,-1985,206,27,-1111,445,-228
IMU1,37143,378072868,-2038,214,42,-1147,478,-249
IMU1,37144,378083221,-2119,219,60,-1165,508,-249
IMU1,37145,378093566,-2167,205,98,-1173,547,-238
IMU1,37146,378103927,-2180,195,78,-1181,584,-219
IMU1,37147,378114297,-2194,230,114,-1184,606,-208
IMU1,37148,378124857,-2217,231,105,-1187,615,-207
IMU1,37149,378135409,-2233,212,102,-1189,616,-221
IMU1,37150,378145978,-2236,196,85,-1191,604,-244
IMU1,37151,378156337,-2263,177,54,-1196,579,-271
IMU1,37152,378166703,-2334,135,-35,-1202,551,-303
IMU1,37153,378177683,-2444,0,-80,-1222,500,-349
IMU1,37154,378187628,-2429,-56,-112,-1245,478,-374
IMU1,37155,378198179,-2398,-95,-130,-1262,468,-431
IMU1,37156,378208746,-2356,-134,-138,-1268,472,-519
IMU1,37157,378219507,-2336,-151,-141,-1272,466,-619
IMU1,37158,378230284,-2325,-141,-147,-1266,442,-726
IMU1,37159,378241041,-2337,-107,-158,-1256,390,-835
IMU1,37160,378251787,-2385,-63,-157,-1242,301,-924
IMU1,37161,378262349,-2424,-38,-145,-1230,192,-984
IMU1,37162,378272908,-2488,24,-166,-1224,80,-1020
IMU1,37163,378283867,-2507,45,-204,-1224,-76,-1004
IMU1,37164,378294414,-2515,38,-244,-1243,-121,-974
IMU1,37165,378304959,-2484,2,-305,-1285,-145,-939
IMU1,37166,378315313,-2419,-20,-370,-1345,-162,-906
IMU1,37167,378325961,-2391,-46,-410,-1428,-168,-868
IMU1,37168,378336609,-2381,-92,-454,-1526,-141,-837
IMU1,37169,378347263,-2368,-146,-463,-1629,-81,-809
IMU1,37170,378357909,-2363,-172,-469,-1725,7,-784
IMU1,37171,378368274,-2372,-181,-496,-1814,122,-764
IMU1,37172,378379014,-2384,-134,-503,-1897,394,-743
IMU1,37173,378389783,-2252,-169,-526,-2007,505,-744
IMU1,37174,378400527,-2127,-187,-535,-2035,613,-804
IMU1,37175,378411269,-2095,-149,-500,-2043,737,-891
IMU1,37176,378422018,-2071,-135,-472,-2024,864,-962
IMU1,37177,378432770,-2072,-120,-458,-1988,976,-1025
IMU1,37178,378443718,-2125,-117,-481,-1931,1040,-1082
IMU1,37179,378454867,-2094,-81,-562,-1868,1024,-1131
IMU1,37180,378465825,-2105,-48,-580,-1742,752,-1237
IMU1,37181,378476592,-2083,-81,-578,-1658,563,-1265
IMU1,37182,378487337,-2101,-94,-603,-1565,396,-1279
IMU1,37183,378498099,-2040,-110,-646,-1470,277,-1274
IMU1,37184,378509037,-1955,-74,-662,-1389,221,-1261
IMU1,37185,378519787,-1911,5,-673,-1303,233,-1256
IMU1,37186,378530256,-1840,32,-640,-1218,297,-1254
IMU1,37187,378540911,-1787,53,-627,-1132,392,-1254
IMU1,37188,378551577,-1827,30,-629,-1040,487,-1243
IMU1,37189,378562767,-1798,-29,-617,-887,585,-1143
IMU1,37190,378573314,-1784,-53,-610,-813,584,-1074
IMU1,37191,378583865,-1703,-87,-607,-753,566,-1002
IMU1,37192,378594420,-1659,-42,-588,-689,543,-942
IMU1,37193,378604772,-1623,-34,-594,-614,526,-901
IMU1,37194,378615140,-1551,-91,-574,-547,501,-868
IMU1,37195,378625510,-1494,-127,-553,-477,465,-853
IMU1,37196,378636068,-1425,-130,-526,-403,425,-854
IMU1,37197,378646615,-1432,-112,-459,-325,375,-868
IMU1,37198,378657166,-1445,-170,-593,-253,266,-878
IMU1,37199,378668237,-1461,-227,-610,-160,73,-856
IMU1,37200,378678595,-1480,-247,-681,-119,0,-837
IMU1,37201,378688636,-1446,-275,-734,-102,-30,-811
IMU1,37202,378699072,-1410,-289,-756,-92,-5,-784
IMU1,37203,378709131,-1420,-310,-723,-86,91,-762
IMU1,37204,378719291,-1430,-359,-697,-72,230,-730
IMU1,37205,378729659,-1433,-380,-701,-46,362,-689
IMU1,37206,378740003,-1417,-369,-717,-22,445,-651
IMU1,37207,378750348,-1406,-356,-740,2,458,-626
IMU1,37208,378762986,-1429,-362,-832,30,414,-609
IMU1,37209,378774285,-1521,-409,-908,67,244,-554
IMU1,37210,378784554,-1543,-441,-963,64,187,-508
IMU1,37211,378794813,-1584,-471,-976,42,184,-442
IMU1,37212,378805084,-1614,-519,-980,13,251,-367
IMU1,37213,378815329,-1572,-573,-970,-17,357,-291
IMU1,37214,378825697,-1533,-576,-961,-42,478,-229
IMU1,37215,378836050,-1498,-552,-983,-52,585,-202
IMU1,37216,378846408,-1485,-534,-1001,-50,650,-211
IMU1,37217,378856955,-1473,-540,-997,-44,648,-238
IMU1,37218,378867319,-1504,-534,-984,-27,600,-272
IMU1,37219,378877683,-1544,-554,-1018,-6,534,-302
IMU1,37220,378888060,-1522,-566,-1060,12,463,-313
IMU1,37221,378899009,-1496,-605,-1050,21,407,-309
IMU1,37222,378909451,-1471,-609,-1017,14,433,-298
IMU1,37223,378919892,-1456,-636,-1028,23,480,-310
IMU1,37224,378930344,-1445,-658,-1033,40,521,-328
IMU1,37225,378940786,-1418,-651,-1041,73,552,-359
IMU1,37226,378951246,-1407,-630,-1005,116,572,-403
IMU1,37227,378961894,-1488,-633,-1000,169,568,-443
IMU1,37228,378972543,-1567,-674,-1007,217,521,-449
IMU1,37229,378983186,-1609,-706,-1010,247,434,-417
IMU1,37230,378993819,-1621,-768,-1021,257,338,-370
IMU1,37231,379004984,-1544,-744,-1000,222,204,-310
IMU1,37232,379015635,-1467,-667,-1012,193,155,-311
IMU1,37233,379026291,-1439,-1072,-1034,171,124,-331
IMU1,37234,379037140,-1442,-940,-1002,153,161,-348
IMU1,37235,379047789,-1456,-903,-972,149,211,-353
IMU1,37236,379058237,-1488,-954,-993,158,263,-350
IMU1,37237,379068705,-1541,-1011,-969,165,289,-321
IMU1,37238,379079357,-1584,-993,-946,171,291,-260
IMU1,37239,379089831,-1602,-1026,-934,175,276,-190
IMU1,37240,379100998,-1503,-1044,-930,158,211,-76
IMU1,37241,379111457,-1450,-1027,-913,142,194,-61
IMU1,37242,379121915,-1424,-1025,-892,131,197,-83
IMU1,37243,379132377,-1443,-1018,-887,117,190,-104
IMU1,37244,379143024,-1460,-1030,-894,108,167,-111
IMU1,37245,379153668,-1467,-1026,-930,95,134,-104
IMU1,37246,379164118,-1450,-1029,-942,75,107,-88
IMU1,37247,379174378,-1435,-1020,-937,50,98,-69
IMU1,37248,379184452,-1441,-1022,-909,24,114,-48
IMU1,37249,379194705,-1460,-1045,-875,6,136,-19
IMU1,37250,379204766,-1487,-1060,-868,-2,142,22
IMU1,37251,379214815,-1458,-1077,-847,-3,126,62
IMU1,37252,379225898,-1441,-1052,-847,30,77,74
IMU1,37253,379235852,-1446,-1073,-836,55,54,56
IMU1,37254,379245808,-1445,-1064,-845,82,24,38
IMU1,37255,379255758,-1435,-1057,-844,101,0,6
IMU1,37256,379265425,-1399,-1069,-843,115,-24,-29
IMU1,37257,379275766,-1375,-1077,-844,125,-37,-72
IMU1,37258,379286118,-1361,-1106,-836,139,-47,-117
IMU1,37259,379296671,-1366,-1121,-844,150,-74,-157
IMU1,37260,379307204,-1403,-1130,-837,165,-122,-184
IMU1,37261,379317936,-1438,-1144,-848,178,-195,-191
IMU1,37262,379328682,-1454,-1136,-858,188,-271,-183
IMU1,37263,379339418,-1489,-1120,-870,187,-329,-162
IMU1,37264,379350164,-1529,-1157,-903,174,-365,-93
IMU1,37265,379360722,-1526,-1167,-898,115,-353,-53
IMU1,37266,379371271,-1492,-1189,-898,78,-337,-31
IMU1,37267,379381635,-1455,-1208,-876,37,-314,-36
IMU1,37268,379391997,-1442,-1219,-858,4,-290,-64
IMU1,37269,379402176,-1425,-1224,-860,-19,-274,-107
IMU1,37270,379412820,-1458,-1205,-872,-33,-278,-154
IMU1,37271,379423459,-1525,-1205,-898,-50,-293,-187
IMU1,37272,379434107,-1573,-1228,-913,-65,-313,-195
IMU1,37273,379444770,-1585,-1225,-924,-85,-330,-178
IMU1,37274,379455422,-1565,-1219,-916,-116,-319,-154
IMU1,37275,379466282,-1501,-1215,-894,-174,-217,-145
IMU1,37276,379477121,-1475,-1201,-876,-192,-152,-167
IMU1,37277,379487961,-1488,-1184,-865,-198,-109,-199
IMU1,37278,379498820,-1481,-1174,-859,-190,-98,-224
IMU1,37279,379509466,-1483,-1153,-847,-175,-117,-240
IMU1,37280,379520310,-1483,-1128,-857,-149,-159,-248
IMU1,37281,379531136,-1470,-1116,-873,-121,-213,-252
IMU1,37282,379541984,-1470,-1099,-886,-104,-261,-255
IMU1,37283,379552821,-1412,-1082,-895,-91,-272,-261
IMU1,37284,379563455,-1419,-1071,-898,-93,-231,-270
IMU1,37285,379574105,-1434,-1073,-899,-95,-189,-272
IMU1,37286,379584753,-1460,-1087,-890,-92,-169,-268
IMU1,37287,379595387,-1478,-1086,-887,-84,-184,-253
IMU1,37288,379606033,-1490,-1090,-874,-76,-220,-225
IMU1,37289,379616683,-1501,-1105,-872,-64,-248,-195
IMU1,37290,379627329,-1525,-1120,-892,-56,-254,-165
IMU1,37291,379637971,-1527,-1128,-948,-59,-247,-139
IMU1,37292,379649140,-1481,-1112,-954,-108,-198,-125
IMU1,37293,379659980,-1487,-1106,-951,-143,-160,-138
IMU1,37294,379670831,-1480,-1103,-960,-169,-118,-156
IMU1,37295,379681677,-1485,-1081,-961,-197,-91,-167
IMU1,37296,379692308,-1539,-1086,-967,-223,-73,-174
IMU1,37297,379702960,-1555,-1122,-952,-233,-71,-166
IMU1,37298,379713609,-1530,-1108,-954,-230,-88,-150
IMU1,37299,379724257,-1511,-1090,-973,-219,-107,-138
IMU1,37300,379735106,-1517,-1070,-1008,-185,-120,-141
IMU1,37301,379746155,-1514,-1058,-1031,-170,-128,-137
IMU1,37302,379757206,-1512,-1044,-1067,-167,-138,-139
IMU1,37303,379770811,-1505,-1028,-1111,-173,-145,-148
IMU1,37304,379781873,-1497,-1014,-1154,-180,-158,-168
IMU1,37305,379792915,-1468,-988,-1255,-214,-209,-208
IMU1,37306,379803759,-1428,-971,-1301,-236,-238,-223
IMU1,37307,379814610,-1404,-923,-1357,-253,-252,-241
IMU1,37308,379825454,-1360,-888,-1448,-277,-241,-263
IMU1,37309,379836297,-1295,-838,-1518,-318,-225,-290
IMU1,37310,379847161,-1244,-741,-1622,-373,-206,-322
IMU1,37311,379858010,-1171,-621,-1782,-446,-191,-352
IMU1,37312,379868864,-1175,-419,-2053,-538,-184,-366
IMU1,37313,379879712,-1075,-359,-2141,-759,-109,-278
IMU1,37314,379890576,-994,-276,-2202,-867,-10,-197
IMU1,37315,379901039,-945,-197,-2300,-958,114,-112
IMU1,37316,379911627,-866,-113,-2407,-1039,226,-27
IMU1,37317,379922184,-764,-24,-2474,-1113,296,47
IMU1,37318,379932455,-657,53,-2532,-1177,325,111
IMU1,37319,379942829,-582,147,-2610,-1211,319,154
IMU1,37320,379953404,-493,268,-2726,-1217,289,191
IMU1,37321,379963969,-410,394,-2773,-1200,270,243
IMU1,37322,379974544,-331,483,-2848,-1143,317,312
IMU1,37323,379985639,-32,628,-2977,-887,515,509
IMU1,37324,379995821,138,709,-3009,-704,584,599
IMU1,37325,380006123,349,837,-3014,-479,630,676
IMU1,37326,380016416,563,1005,-3012,-233,664,745
IMU1,37327,380026892,809,1150,-2913,59,702,792
IMU1,37328,380037071,1090,1244,-2728,404,764,823
IMU1,37329,380047650,1189,1252,-2518,818,852,853
IMU1,37330,380058239,1227,1261,-2313,1279,942,939
IMU1,37331,380069045,1268,1322,-1958,1761,1044,1128
IMU1,37332,380080218,1507,1440,-1093,2277,1212,1407
IMU1,37333,380091401,973,1625,-538,3382,1583,2174
IMU1,37334,380102193,222,1612,86,3858,1522,2792
IMU1,37335,380112691,-608,1721,589,4221,1332,3561
IMU1,37336,380123456,-1766,1732,1147,4431,1167,4447
IMU1,37337,380134633,-3194,1544,1551,4497,1055,5426
IMU1,37338,380145822,-4407,1325,1550,4386,986,6388
IMU1,37339,380156820,-4827,1667,1203,4023,940,7080
IMU1,37340,380167793,-7424,2800,1152,2435,1168,7058
IMU1,37341,380178971,-8675,2052,1484,1407,1241,6822
IMU1,37342,380190144,-8819,1157,1941,507,1017,6626
IMU1,37343,380201123,-8194,178,2298,-35,473,6304
IMU1,37344,380211593,-6966,-894,2489,-183,-235,5758
IMU1,37345,380222450,-5763,-1840,2473,-30,-888,4903
IMU1,37346,380233307,-4890,-2319,1937,262,-1435,3732
IMU1,37347,380244478,-3848,-2060,68,468,-2390,878
IMU1,37348,380255047,-3604,-1501,-569,216,-2446,-449
IMU1,37349,380265997,-3501,-855,-881,-63,-2068,-1504
IMU1,37350,380276851,-3538,-237,-886,-280,-1420,-2225
IMU1,37351,380287897,-3627,273,-683,-358,-734,-2618
IMU1,37352,380298664,-3728,671,-416,-302,-185,-2733
IMU1,37353,380309415,-3748,898,-207,-166,120,-2648
IMU1,37354,380320072,-3642,971,-31,-20,202,-2455
IMU1,37355,380330313,-3420,951,42,87,158,-2254
IMU1,37356,380341427,-3482,708,-70,99,-79,-2005
IMU1,37357,380351493,-3336,677,-232,19,-329,-1834
IMU1,37358,380361964,-3151,626,-384,-94,-594,-1658
IMU1,37359,380372533,-3010,496,-586,-256,-715,-1503
IMU1,37360,380383298,-2891,300,-786,-479,-601,-1388
IMU1,37361,380394065,-2847,166,-793,-760,-293,-1294
IMU1,37362,380404822,-2777,52,-657,-1044,126,-1193
IMU1,37363,380415473,-2660,-57,-496,-1273,548,-1099
IMU1,37364,380426245,-2567,-117,-426,-1413,825,-1039
IMU1,37365,380437176,-2153,-338,-264,-1451,760,-1025
# swing_peak_seq=37339
IMU1,37366,380448121,-2161,-512,-442,-1369,582,-1086
IMU1,37367,380459055,-2120,-504,-469,-1285,372,-1126
IMU1,37368,380469999,-2000,-516,-622,-1205,157,-1127
IMU1,37369,380480953,-1964,-568,-656,-1148,-25,-1114
IMU1,37370,380491790,-2306,-725,-775,-1112,-165,-1065
IMU1,37371,380502849,-2380,-761,-687,-1099,-311,-881
IMU1,37372,380513709,-1958,-556,-628,-1068,-559,-482
IMU1,37373,380524567,-1851,-622,-691,-940,-602,-446
IMU1,37374,380535219,-1745,-691,-804,-883,-639,-494
IMU1,37375,380545865,-1661,-663,-883,-850,-669,-594
IMU1,37376,380556503,-1587,-618,-884,-844,-665,-706
IMU1,37377,380567163,-1516,-653,-833,-844,-594,-814
IMU1,37378,380577817,-1511,-678,-756,-836,-483,-908
IMU1,37379,380588472,-1577,-711,-719,-814,-377,-973
IMU1,37380,380599142,-1565,-750,-699,-788,-312,-993
IMU1,37381,380609819,-1702,-646,-860,-770,-332,-953
IMU1,37382,380620471,-1569,-677,-1007,-844,-447,-911
IMU1,37383,380631335,-1427,-627,-1121,-944,-632,-904
IMU1,37384,380642206,-1324,-541,-1211,-1074,-829,-948
IMU1,37385,380653255,-1187,-497,-1272,-1208,-971,-1023
IMU1,37386,380664511,-1145,-466,-1287,-1333,-986,-1111
IMU1,37387,380675762,-1146,-461,-1234,-1419,-830,-1180
IMU1,37388,380687022,-1315,-504,-1216,-1422,-109,-1185
IMU1,37389,380698277,-1518,-521,-1162,-1368,300,-1104
IMU1,37390,380709439,-1608,-627,-1148,-1267,628,-957
IMU1,37391,380720421,-1529,-656,-1104,-1138,841,-783
IMU1,37392,380731390,-1417,-567,-1078,-984,908,-643
IMU1,37393,380742155,-1249,-477,-1064,-805,830,-579
IMU1,37394,380752926,-1341,-429,-1142,-610,612,-587
IMU1,37395,380763699,-1235,-342,-1197,-410,-6,-733
IMU1,37396,380776729,-1328,-390,-1213,-41,-306,-821
IMU1,37397,380787381,-1429,-452,-1201,116,-537,-857
IMU1,37398,380798138,-1597,-490,-1243,239,-673,-836
IMU1,37399,380808917,-1649,-532,-1325,318,-729,-767
IMU1,37400,380819666,-1640,-548,-1432,338,-719,-688
IMU1,37401,380830418,-1591,-505,-1525,303,-634,-625
IMU1,37402,380841707,-1450,-458,-1469,149,-257,-559
IMU1,37403,380852453,-1488,-463,-1409,87,-2,-536
IMU1,37404,380862602,-1496,-489,-1340,60,241,-498
IMU1,37405,380873054,-1578,-491,-1284,66,425,-441
IMU1,37406,380883506,-1642,-548,-1288,103,516,-360
IMU1,37407,380894153,-1624,-597,-1245,145,523,-266
IMU1,37408,380904815,-1580,-604,-1177,191,485,-185
IMU1,37409,380915478,-1485,-656,-1079,251,439,-136
IMU1,37410,380926140,-1399,-741,-1036,332,397,-134
IMU1,37411,380936820,-1406,-759,-1138,421,274,-239
IMU1,37412,380947466,-1436,-766,-1116,516,186,-282
IMU1,37413,380958123,-1452,-783,-1039,533,110,-295
IMU1,37414,380968783,-1476,-793,-975,546,86,-291
IMU1,37415,380979046,-1505,-809,-1032,548,81,-268
IMU1,37416,380989504,-1470,-811,-1105,521,65,-238
IMU1,37417,380999958,-1414,-765,-1108,456,42,-213
IMU1,37418,381010420,-1338,-739,-1107,371,28,-203
IMU1,37419,381020868,-1218,-740,-1106,280,35,-222
IMU1,37420,381031322,-1129,-719,-1096,181,68,-273
IMU1,37421,381041778,-1124,-710,-1065,85,128,-340
IMU1,37422,381053268,-1291,-743,-1085,-56,246,-419
IMU1,37423,381063817,-1380,-700,-1092,-126,241,-376
IMU1,37424,381074566,-1434,-675,-1112,-161,195,-292
IMU1,37425,381085320,-1462,-660,-1132,-199,131,-176
IMU1,37426,381096069,-1499,-662,-1148,-234,73,-52
IMU1,37427,381106418,-1504,-680,-1183,-273,47,73
IMU1,37428,381116685,-1464,-684,-1199,-325,69,183
IMU1,37429,381127148,-1383,-698,-1210,-392,136,260
IMU1,37430,381137811,-1287,-694,-1207,-457,232,288
IMU1,37431,381148461,-1226,-695,-1190,-512,416,203
IMU1,37432,381159125,-1228,-703,-1146,-544,455,141
IMU1,37433,381169792,-1227,-704,-1099,-500,461,51
IMU1,37434,381180263,-1263,-704,-1092,-421,426,-29
IMU1,37435,381190824,-1343,-692,-1073,-325,346,-75
IMU1,37436,381201375,-1446,-708,-1052,-217,232,-83
IMU1,37437,381211924,-1488,-733,-1066,-108,88,-50
IMU1,37438,381222280,-1481,-736,-1101,-7,-62,-4
IMU1,37439,381232145,-1479,-734,-1148,76,-193,31
IMU1,37440,381242416,-1458,-752,-1190,132,-275,43
IMU1,37441,381252873,-1414,-762,-1197,164,-295,30
IMU1,37442,381263335,-1431,-760,-1168,184,-260,-6
IMU1,37443,381274215,-1446,-764,-1131,196,-128,-77
IMU1,37444,381284770,-1466,-755,-1094,198,-75,-98
IMU1,37445,381295132,-1487,-761,-1058,212,-46,-114
IMU1,37446,381305689,-1530,-789,-1030,228,-59,-113
IMU1,37447,381316244,-1557,-821,-1022,250,-106,-95
IMU1,37448,381326795,-1550,-834,-1034,269,-179,-63
IMU1,37449,381337357,-1525,-849,-1054,282,-248,-32
IMU1,37450,381347924,-1486,-855,-1072,282,-294,-6
IMU1,37451,381358274,-1468,-854,-1082,265,-296,13
IMU1,37452,381368732,-1469,-864,-1097,232,-243,27
IMU1,37453,381380228,-1473,-881,-1078,104,-28,49
IMU1,37454,381390479,-1464,-883,-1056,31,90,52
IMU1,37455,381400443,-1456,-872,-1050,-36,174,50
IMU1,37456,381410700,-1475,-876,-1051,-96,212,40
IMU1,37457,381420969,-1473,-876,-1041,-140,213,36
IMU1,37458,381431417,-1480,-870,-1012,-164,205,35
IMU1,37459,381441875,-1507,-867,-995,-169,197,39
IMU1,37460,381452113,-1537,-881,-1014,-158,181,58
IMU1,37461,381462561,-1576,-880,-1031,-132,145,83
IMU1,37462,381473003,-1578,-878,-1060,-106,94,106
IMU1,37463,381483449,-1557,-872,-1074,-91,43,125
IMU1,37464,381493705,-1519,-866,-1082,-71,19,134
IMU1,37465,381505004,-1472,-847,-1058,-48,62,110
IMU1,37466,381515246,-1486,-845,-1061,-41,78,91
IMU1,37467,381525299,-1476,-845,-1081,-37,80,62
IMU1,37468,381535348,-1492,-837,-1084,-36,65,30
IMU1,37469,381545416,-1526,-855,-1073,-37,44,3
IMU1,37470,381555272,-1534,-866,-1078,-36,22,-8
IMU1,37471,381565225,-1536,-857,-1080,-37,8,-4
IMU1,37472,381574988,-1522,-870,-1083,-33,13,1
IMU1,37473,381584849,-1503,-870,-1088,-30,27,8
IMU1,37474,381594702,-1486,-862,-1083,-27,41,14
IMU1,37475,381604755,-1464,-859,-1078,-26,53,19
IMU1,37476,381614805,-1455,-847,-1079,-28,55,18
IMU1,37477,381624852,-1474,-839,-1082,-26,38,9
IMU1,37478,381634705,-1487,-843,-1082,-21,9,10
IMU1,37479,381644555,-1517,-850,-1102,-24,-21,21
IMU1,37480,381654722,-1541,-862,-1114,-28,-38,41
IMU1,37481,381664880,-1536,-880,-1118,-34,-39,68
IMU1,37482,381675037,-1510,-886,-1128,-51,-16,92
IMU1,37483,381685201,-1475,-887,-1133,-74,23,102
IMU1,37484,381695456,-1470,-874,-1129,-98,75,86
IMU1,37485,381705530,-1490,-895,-1093,-120,120,63
IMU1,37486,381716514,-1467,-890,-1078,-134,142,30
IMU1,37487,381726970,-1482,-873,-1072,-127,110,11
IMU1,37488,381737428,-1507,-888,-1075,-103,57,-11
IMU1,37489,381747788,-1501,-902,-1086,-80,-11,-20
IMU1,37490,381758023,-1497,-888,-1102,-54,-72,-33
IMU1,37491,381768275,-1484,-889,-1120,-31,-113,-49
IMU1,37492,381781263,-1468,-886,-1117,-18,-127,-64
IMU1,37493,381791705,-1453,-878,-1102,-4,-117,-82
IMU1,37494,381801959,-1434,-855,-1073,3,-97,-100
IMU1,37495,381812631,-1449,-854,-1065,19,-101,-140
IMU1,37496,381823176,-1455,-861,-1055,33,-133,-152
IMU1,37497,381833743,-1472,-860,-1052,33,-178,-151
IMU1,37498,381844294,-1493,-871,-1053,28,-215,-141
IMU1,37499,381854846,-1503,-872,-1065,18,-241,-125
IMU1,37500,381865392,-1496,-861,-1084,-2,-254,-107
IMU1,37501,381875843,-1495,-844,-1095,-31,-247,-93
IMU1,37502,381886286,-1515,-841,-1105,-64,-221,-80
IMU1,37503,381896747,-1539,-854,-1103,-102,-180,-61
IMU1,37504,381907405,-1562,-844,-1096,-141,-142,-32
IMU1,37505,381918581,-1576,-865,-1096,-221,-82,33
IMU1,37506,381928950,-1567,-859,-1086,-252,-54,50
IMU1,37507,381939316,-1549,-851,-1073,-276,-32,52
IMU1,37508,381949682,-1532,-849,-1061,-292,-13,43
IMU1,37509,381960046,-1510,-835,-1049,-292,-3,23
IMU1,37510,381970192,-1494,-813,-1046,-285,-4,-4
IMU1,37511,381980246,-1455,-791,-1050,-269,-13,-33
IMU1,37512,381990697,-1408,-758,-1059,-250,-28,-64
IMU1,37513,382001154,-1368,-708,-1064,-228,-56,-95
IMU1,37514,382011608,-1348,-660,-1087,-197,-107,-126
IMU1,37515,382022450,-1311,-621,-1124,-166,-175,-154
IMU1,37516,382033295,-1246,-494,-1219,-128,-315,-191
IMU1,37517,382044153,-1207,-406,-1325,-119,-358,-214
IMU1,37518,382055011,-1196,-330,-1434,-130,-401,-231
IMU1,37519,382065871,-1198,-251,-1578,-163,-439,-235
IMU1,37520,382076739,-1179,-178,-1693,-213,-469,-215
IMU1,37521,382087592,-1161,-108,-1827,-271,-478,-176
IMU1,37522,382098438,-1114,-37,-1977,-338,-465,-123
IMU1,37523,382109084,-1075,55,-2121,-412,-430,-63
IMU1,37524,382119438,-921,249,-2467,-500,-382,64
IMU1,37525,382130224,-850,346,-2632,-697,-278,124
IMU1,37526,382140689,-773,406,-2747,-796,-211,180
IMU1,37527,382151161,-739,457,-2793,-863,-117,240
IMU1,37528,382161636,-745,495,-2873,-906,15,328
IMU1,37529,382171796,-651,587,-2777,-925,188,445
IMU1,37530,382182168,-642,626,-2788,-886,381,571
IMU1,37531,382192547,-582,665,-2831,-809,541,712
IMU1,37532,382202929,-597,697,-2966,-720,613,858
IMU1,37533,382213307,-490,687,-3034,-653,588,1023
IMU1,37534,382223878,-388,700,-3067,-601,539,1187
IMU1,37535,382234469,-274,738,-3065,-551,535,1340
IMU1,37536,382245573,-84,761,-3033,-446,724,1642
IMU1,37537,382255948,27,707,-2975,-392,902,1792
IMU1,37538,382266243,86,628,-2809,-286,1088,1913
IMU1,37539,382276717,46,555,-2538,-127,1249,2043
IMU1,37540,382287204,-28,499,-2181,93,1382,2192
IMU1,37541,382297482,-110,517,-1970,374,1470,2346
IMU1,37542,382308176,-238,555,-1752,663,1483,2499
IMU1,37543,382318864,-394,610,-1430,936,1438,2656
IMU1,37544,382329567,-650,745,-984,1196,1411,2838
IMU1,37545,382340267,-1063,941,-130,1455,1449,3067
IMU1,37546,382351150,-2151,1097,109,1910,1524,3681
IMU1,37547,382362162,-2689,1275,362,2009,1419,4047
IMU1,37548,382373139,-3227,1496,690,2040,1286,4378
IMU1,37549,382384121,-3644,1629,978,2031,1180,4600
IMU1,37550,382395114,-4287,1667,1158,2058,963,4647
IMU1,37551,382406121,-5276,1622,1095,2178,401,4614
IMU1,37552,382417106,-6020,807,891,2410,-539,4599
IMU1,37553,382428316,-5802,183,1063,3099,-2465,4569
IMU1,37554,382439406,-5172,-251,1184,3429,-2775,4351
IMU1,37555,382450596,-4525,-764,1082,3623,-2614,3918
IMU1,37556,382461786,-3925,-1201,851,3621,-2284,3266
IMU1,37557,382472972,-3453,-1385,581,3409,-2061,2413
IMU1,37558,382484147,-3107,-1362,310,3042,-2051,1410
IMU1,37559,382495337,-2827,-980,-283,2048,-2422,-622
IMU1,37560,382506309,-2760,-676,-536,1500,-2554,-1371
IMU1,37561,382517484,-2647,-298,-794,979,-2493,-1868
IMU1,37562,382528458,-2605,82,-1071,491,-2219,-2138
IMU1,37563,382539321,-2666,467,-1421,22,-1802,-2187
IMU1,37564,382550197,-2651,702,-1591,-449,-1331,-2027
IMU1,37565,382561379,-2550,641,-1059,-885,-783,-1721
IMU1,37566,382572350,-2318,491,-704,-1400,575,-990
IMU1,37567,382583026,-2266,394,-450,-1451,1098,-706
IMU1,37568,382593904,-2299,281,-300,-1398,1304,-536
IMU1,37569,382604775,-2315,171,-312,-1289,1154,-437
IMU1,37570,382615657,-2329,138,-366,-1163,723,-405
IMU1,37571,382626333,-2417,102,-430,-1030,176,-430
IMU1,37572,382637003,-2490,12,-531,-900,-318,-475
IMU1,37573,382647384,-2528,-66,-594,-790,-666,-524
IMU1,37574,382657865,-2476,-133,-624,-695,-835,-683
IMU1,37575,382668534,-2463,-141,-639,-528,-739,-801
IMU1,37576,382679215,-2469,-142,-677,-450,-627,-944
IMU1,37577,382689888,-2527,-114,-696,-382,-546,-1091
IMU1,37578,382700756,-2588,-113,-663,-330,-515,-1190
IMU1,37579,382711633,-2606,-110,-578,-277,-504,-1221
IMU1,37580,382722513,-2593,-89,-494,-227,-473,-1191
# swing_peak_seq=37554
IMU1,37581,382733174,-2598,-132,-521,-193,-404,-1130
IMU1,37582,382744013,-2597,-155,-584,-203,-330,-1060
IMU1,37583,382755376,-2617,-204,-607,-360,-268,-943
IMU1,37584,382766028,-2660,-217,-610,-485,-275,-901
IMU1,37585,382776689,-2639,-299,-556,-613,-266,-883
IMU1,37586,382789897,-2598,-381,-431,-734,-219,-890
IMU1,37587,382800554,-2561,-433,-353,-818,-125,-929
IMU1,37588,382811200,-2430,-450,-287,-876,-23,-981
IMU1,37589,382822696,-2226,-468,-315,-929,48,-1160
IMU1,37590,382833258,-2222,-440,-370,-940,-66,-1271
IMU1,37591,382843929,-2296,-400,-415,-953,-293,-1339
IMU1,37592,382854795,-2326,-419,-441,-957,-547,-1345
IMU1,37593,382865659,-2234,-441,-406,-958,-740,-1293
IMU1,37594,382876523,-2126,-419,-364,-943,-819,-1228
IMU1,37595,382887384,-2025,-432,-352,-911,-795,-1184
IMU1,37596,382898253,-1850,-430,-460,-872,-723,-1173
IMU1,37597,382909117,-1752,-434,-602,-837,-651,-1265
IMU1,37598,382919995,-1649,-421,-651,-880,-695,-1359
IMU1,37599,382930857,-1609,-399,-642,-947,-731,-1465
IMU1,37600,382941721,-1683,-431,-660,-1009,-722,-1542
IMU1,37601,382952772,-1810,-528,-787,-1068,-670,-1552
IMU1,37602,382963844,-1899,-574,-845,-1124,-608,-1466
IMU1,37603,382974901,-1897,-605,-802,-1151,-513,-1289
IMU1,37604,382985970,-1698,-655,-883,-1073,-164,-849
IMU1,37605,382996803,-1591,-618,-991,-1002,-15,-680
IMU1,37606,383007445,-1537,-587,-1075,-935,47,-567
IMU1,37607,383018007,-1455,-596,-1151,-879,38,-502
IMU1,37608,383028566,-1428,-604,-1180,-824,-9,-481
IMU1,37609,383039013,-1458,-691,-1131,-758,-63,-490
IMU1,37610,383049679,-1637,-656,-1120,-668,-104,-499
IMU1,37611,383060516,-1671,-715,-1136,-560,-108,-514
IMU1,37612,383071362,-1719,-887,-1281,-441,-146,-558
IMU1,37613,383082209,-1719,-854,-1310,-194,-367,-595
IMU1,37614,383093059,-1718,-842,-1324,-58,-488,-659
IMU1,37615,383103705,-1755,-822,-1378,73,-591,-719
IMU1,37616,383114285,-1713,-818,-1411,173,-688,-753
IMU1,37617,383125040,-1678,-761,-1388,240,-746,-784
IMU1,37618,383135802,-1702,-747,-1378,281,-747,-808
IMU1,37619,383146569,-1716,-800,-1371,295,-691,-818
IMU1,37620,383157320,-1659,-810,-1390,279,-602,-816
IMU1,37621,383168603,-1528,-635,-1348,197,-397,-845
IMU1,37622,383179368,-1537,-677,-1279,171,-289,-861
IMU1,37623,383190143,-1493,-668,-1246,161,-211,-833
IMU1,37624,383200906,-1428,-608,-1254,153,-162,-795
IMU1,37625,383211671,-1368,-609,-1275,131,-160,-745
IMU1,37626,383222433,-1319,-608,-1255,87,-173,-686
IMU1,37627,383232982,-1232,-589,-1216,25,-175,-621
IMU1,37628,383243533,-1163,-532,-1182,-46,-160,-572
IMU1,37629,383254182,-1275,-485,-1214,-116,-143,-510
IMU1,37630,383265043,-1363,-508,-1249,-237,-172,-431
IMU1,37631,383275891,-1429,-508,-1316,-284,-209,-317
IMU1,37632,383286755,-1413,-502,-1419,-342,-233,-170
IMU1,37633,383297609,-1353,-507,-1477,-414,-202,-23
IMU1,37634,383308255,-1261,-527,-1461,-497,-91,114
IMU1,37635,383318822,-1179,-526,-1405,-580,110,211
IMU1,37636,383329500,-1122,-531,-1323,-645,349,258
IMU1,37637,383340166,-1129,-540,-1194,-676,547,257
IMU1,37638,383351365,-1360,-488,-1201,-648,581,196
IMU1,37639,383362034,-1447,-488,-1225,-598,408,179
IMU1,37640,383372692,-1532,-490,-1251,-535,172,183
IMU1,37641,383383370,-1525,-530,-1286,-463,-39,207
IMU1,37642,383393934,-1498,-551,-1294,-391,-163,219
IMU1,37643,383404676,-1452,-581,-1326,-325,-188,211
IMU1,37644,383415424,-1357,-630,-1342,-266,-122,172
IMU1,37645,383426179,-1302,-628,-1284,-210,4,96
IMU1,37646,383436236,-1321,-594,-1250,-146,145,-3
IMU1,37647,383447642,-1348,-511,-1231,-19,249,-191
IMU1,37648,383458195,-1415,-475,-1205,37,187,-253
IMU1,37649,383468656,-1475,-500,-1197,92,88,-269
IMU1,37650,383478921,-1487,-531,-1196,144,-7,-246
IMU1,37651,383489287,-1481,-528,-1213,182,-75,-201
IMU1,37652,383499823,-1489,-549,-1251,198,-102,-150
IMU1,37653,383510584,-1450,-589,-1274,189,-83,-100
IMU1,37654,383521141,-1425,-588,-1249,161,-22,-64
IMU1,37655,383531495,-1439,-589,-1196,126,79,-38
IMU1,37656,383541775,-1430,-622,-1163,92,190,-23
IMU1,37657,383552042,-1434,-642,-1127,64,263,-18
IMU1,37658,383562806,-1446,-654,-1121,46,227,-18
IMU1,37659,383573059,-1459,-681,-1079,58,150,-2
IMU1,37660,383583128,-1482,-698,-1036,85,79,33
IMU1,37661,383593109,-1508,-726,-1012,116,32,82
IMU1,37662,383603279,-1519,-747,-1018,142,-1,138
IMU1,37663,383613542,-1537,-731,-1061,154,-33,182
IMU1,37664,383624013,-1589,-735,-1090,134,-71,216
IMU1,37665,383634479,-1612,-767,-1114,90,-88,248
IMU1,37666,383644744,-1587,-787,-1107,29,-72,273
IMU1,37667,383655026,-1554,-778,-1068,-33,-17,275
IMU1,37668,383665400,-1506,-793,-1055,-78,60,245
IMU1,37669,383675680,-1478,-808,-1050,-108,124,187
IMU1,37670,383686339,-1468,-807,-1041,-113,151,114
IMU1,37671,383697527,-1517,-774,-1006,-68,129,-9
IMU1,37672,383707698,-1585,-751,-1011,-23,105,-31
IMU1,37673,383718072,-1637,-756,-1062,29,63,-20
IMU1,37674,383728148,-1648,-766,-1085,52,-4,28
IMU1,37675,383738013,-1614,-767,-1091,61,-62,77
IMU1,37676,383748088,-1570,-770,-1095,51,-84,105
IMU1,37677,383758356,-1526,-779,-1107,26,-68,104
IMU1,37678,383768637,-1493,-787,-1113,-9,-26,74
IMU1,37679,383778621,-1488,-792,-1091,-48,34,28
IMU1,37680,383791253,-1499,-788,-1060,-76,98,-16
IMU1,37681,383801434,-1540,-778,-1029,-89,155,-49
IMU1,37682,383811803,-1690,-779,-1039,-91,193,-35
IMU1,37683,383822689,-1721,-771,-1051,-89,156,13
IMU1,37684,383832958,-1708,-770,-1069,-101,93,73
IMU1,37685,383843241,-1655,-768,-1064,-112,51,121
IMU1,37686,383853699,-1588,-762,-1053,-130,63,145
IMU1,37687,383864174,-1536,-763,-1046,-144,104,148
IMU1,37688,383874844,-1523,-767,-1043,-151,159,120
IMU1,37689,383885514,-1536,-762,-1023,-150,199,84
IMU1,37690,383895987,-1559,-760,-997,-134,214,50
IMU1,37691,383906281,-1568,-761,-982,-107,201,25
IMU1,37692,383916552,-1580,-755,-979,-73,163,9
IMU1,37693,383926447,-1566,-763,-978,-31,106,2
IMU1,37694,383936320,-1544,-760,-1012,1,60,-8
IMU1,37695,383947558,-1488,-743,-1012,46,4,-31
IMU1,37696,383957443,-1484,-739,-1009,63,-5,-61
IMU1,37697,383967421,-1482,-734,-1012,83,-16,-84
IMU1,37698,383977596,-1491,-719,-1019,103,-32,-96
IMU1,37699,383987985,-1528,-707,-1035,110,-63,-95
IMU1,37700,383998373,-1560,-703,-1085,108,-98,-85
IMU1,37701,384008771,-1536,-703,-1134,90,-121,-64
IMU1,37702,384019110,-1492,-697,-1151,57,-119,-46
IMU1,37703,384029460,-1466,-682,-1171,25,-90,-42
IMU1,37704,384039595,-1438,-691,-1206,-7,-51,-40
IMU1,37705,384049643,-1422,-692,-1222,-33,-19,-42
IMU1,37706,384059867,-1403,-661,-1264,-60,-8,-38
IMU1,37707,384069901,-1388,-643,-1294,-82,-16,-35
IMU1,37708,384080123,-1393,-611,-1333,-102,-54,-34
IMU1,37709,384090549,-1430,-589,-1431,-114,-103,-30
IMU1,37710,384101187,-1407,-566,-1440,-134,-200,11
IMU1,37711,384111724,-1415,-566,-1465,-138,-216,45
IMU1,37712,384122270,-1444,-539,-1523,-117,-211,80
IMU1,37713,384132813,-1447,-520,-1604,-112,-231,125
IMU1,37714,384143537,-1422,-501,-1674,-120,-271,168
IMU1,37715,384154273,-1380,-478,-1690,-146,-299,194
IMU1,37716,384165011,-1314,-451,-1702,-187,-281,200
IMU1,37717,384175743,-1251,-437,-1722,-234,-213,177
IMU1,37718,384186493,-1202,-401,-1753,-282,-129,132
IMU1,37719,384197751,-1176,-357,-1721,-382,-6,20
IMU1,37720,384207910,-1178,-337,-1726,-408,20,-12
IMU1,37721,384218245,-1197,-317,-1766,-417,-2,-22
IMU1,37722,384228477,-1190,-290,-1818,-411,-71,-26
IMU1,37723,384238920,-1139,-282,-1853,-408,-175,-6
IMU1,37724,384249356,-1063,-250,-1900,-403,-286,21
IMU1,37725,384259899,-982,-222,-1949,-390,-386,40
IMU1,37726,384270234,-891,-213,-2034,-378,-457,49
IMU1,37727,384280578,-808,-184,-2110,-370,-496,49
IMU1,37728,384290917,-775,-132,-2239,-361,-518,46
IMU1,37729,384301269,-756,-60,-2449,-376,-548,52
IMU1,37730,384311427,-722,15,-2744,-418,-591,68
IMU1,37731,384322526,-672,1,-2832,-536,-592,170
IMU1,37732,384332585,-635,-10,-2983,-591,-510,264
IMU1,37733,384342948,-578,45,-3254,-643,-380,349
IMU1,37734,384353202,-465,97,-3466,-734,-247,446
IMU1,37735,384363459,-331,108,-3513,-819,-105,535
IMU1,37736,384373921,-203,150,-3518,-861,99,604
IMU1,37737,384384083,-40,193,-3466,-846,370,657
IMU1,37738,384394220,72,210,-3318,-753,671,694
IMU1,37739,384404299,146,218,-3027,-558,950,732
IMU1,37740,384414580,242,219,-2730,-253,1172,789
IMU1,37741,384425042,428,266,-2452,144,1321,872
IMU1,37742,384435400,555,370,-2140,595,1405,951
IMU1,37743,384445779,567,421,-1699,1069,1459,1049
IMU1,37744,384456540,209,857,-641,2070,1676,1402
IMU1,37745,384467102,-341,1208,-12,2582,1789,1673
IMU1,37746,384477765,-1218,1596,748,3099,1862,2079
IMU1,37747,384488757,-2210,1933,1304,3601,1894,2662
IMU1,37748,384499935,-3373,2430,1718,3971,1814,3405
IMU1,37749,384511122,-4484,2780,1969,4128,1618,4242
IMU1,37750,384522311,-5396,2951,2054,4053,1368,5047
IMU1,37751,384533498,-7108,3138,2174,3376,655,6076
IMU1,37752,384544498,-7466,2823,2306,2998,-11,6157
IMU1,37753,384555385,-7258,1843,2659,2823,-692,5925
IMU1,37754,384566468,-6743,370,3071,2918,-1126,5500
IMU1,37755,384577550,-5753,-1384,3278,3168,-1219,5010
IMU1,37756,384588944,-4554,-2670,3162,3338,-1036,4372
IMU1,37757,384600331,-3466,-2515,843,3189,-843,2034
IMU1,37758,384611315,-3540,-1825,-512,1418,-1909,527
IMU1,37759,384622398,-3476,-1025,-1405,23,-2765,-745
IMU1,37760,384633363,-3221,-368,-1814,-1364,-2800,-1548
IMU1,37761,384644808,-3124,171,-1783,-2515,-1897,-1897
IMU1,37762,384656155,-3199,590,-1586,-3279,-529,-1897
IMU1,37763,384667317,-3245,896,-699,-3628,752,-1660
IMU1,37764,384678167,-3197,779,-107,-3323,2265,-881
IMU1,37765,384689033,-3095,614,219,-2827,2476,-483
IMU1,37766,384699803,-2909,541,249,-2268,2268,-203
IMU1,37767,384710555,-2594,596,250,-1736,1717,-150
IMU1,37768,384721315,-2410,648,128,-1257,1023,-349
IMU1,37769,384732060,-2369,651,-155,-843,295,-714
IMU1,37770,384742520,-2459,607,-399,-521,-422,-1098
IMU1,37771,384753265,-2605,560,-583,-284,-1001,-1377
IMU1,37772,384764213,-2928,358,-923,-35,-1463,-1435
IMU1,37773,384774971,-3003,267,-932,3,-1390,-1265
IMU1,37774,384785438,-2992,195,-859,-6,-1138,-1063
IMU1,37775,384798555,-2818,147,-777,-24,-771,-915
IMU1,37776,384808926,-2627,86,-763,-61,-380,-915
IMU1,37777,384819078,-2723,-22,-796,-122,-63,-1030
# swing_peak_seq=37751
IMU1,37778,384829535,-2772,-31,-719,-198,76,-1105
IMU1,37779,384839889,-2744,46,-553,-251,47,-1139
IMU1,37780,384850139,-2708,-78,-249,-277,-6,-1130
IMU1,37781,384860904,-2679,-146,-200,-258,-59,-1048
IMU1,37782,384871531,-2614,-183,-194,-259,-94,-1018
IMU1,37783,384882165,-2567,-185,-135,-281,-129,-1034
IMU1,37784,384892990,-2476,-240,-183,-308,-148,-1096
IMU1,37785,384903837,-2319,-302,-203,-358,-168,-1204
IMU1,37786,384914683,-2185,-341,-210,-407,-210,-1347
IMU1,37787,384925526,-2219,-371,-216,-445,-251,-1482
IMU1,37788,384936371,-2230,-430,-269,-478,-263,-1560
IMU1,37789,384947749,-2170,-411,-262,-551,-260,-1569
IMU1,37790,384958601,-2125,-424,-319,-578,-269,-1530
IMU1,37791,384969467,-2044,-403,-424,-606,-303,-1484
IMU1,37792,384980316,-1908,-355,-485,-658,-356,-1439
IMU1,37793,384991176,-1746,-360,-495,-714,-401,-1422
IMU1,37794,385002038,-1708,-418,-487,-762,-409,-1434
IMU1,37795,385012890,-1776,-512,-481,-781,-401,-1441
IMU1,37796,385023743,-1682,-515,-523,-771,-497,-1317
IMU1,37797,385034618,-1701,-412,-623,-704,-574,-1229
IMU1,37798,385045455,-1596,-414,-772,-689,-654,-1137
IMU1,37799,385056292,-1499,-385,-916,-687,-721,-1091
IMU1,37800,385067127,-1430,-392,-1052,-706,-782,-1054
IMU1,37801,385078174,-1329,-421,-1115,-737,-793,-1021
IMU1,37802,385089219,-1259,-422,-1137,-768,-717,-1006
IMU1,37803,385100259,-1297,-473,-1132,-786,-552,-999
IMU1,37804,385111113,-1363,-519,-1130,-747,-134,-952
IMU1,37805,385121965,-1352,-604,-1148,-681,13,-908
IMU1,37806,385132509,-1333,-626,-1187,-609,57,-864
IMU1,37807,385143061,-1338,-578,-1225,-535,17,-863
IMU1,37808,385153610,-1355,-595,-1314,-456,-119,-869
IMU1,37809,385164445,-1319,-625,-1365,-377,-338,-857
IMU1,37810,385175290,-1243,-584,-1316,-284,-579,-834
IMU1,37811,385186142,-1258,-530,-1327,-164,-776,-819
IMU1,37812,385196991,-1284,-635,-1416,58,-979,-732
IMU1,37813,385207544,-1305,-622,-1485,151,-981,-676
IMU1,37814,385218299,-1276,-617,-1574,214,-906,-647
IMU1,37815,385229062,-1370,-598,-1573,227,-763,-630
IMU1,37816,385239816,-1373,-653,-1569,195,-557,-603
IMU1,37817,385250575,-1312,-674,-1495,131,-333,-570
IMU1,37818,385261321,-1272,-671,-1426,64,-120,-561
IMU1,37819,385271877,-1256,-682,-1348,5,43,-575
IMU1,37820,385281944,-1386,-718,-1345,-30,118,-597
IMU1,37821,385292481,-1512,-667,-1411,-58,83,-595
IMU1,37822,385303348,-1492,-610,-1430,-109,-201,-509
IMU1,37823,385314196,-1453,-601,-1443,-129,-351,-445
IMU1,37824,385325035,-1440,-597,-1422,-130,-420,-383
IMU1,37825,385335882,-1473,-606,-1360,-125,-398,-305
IMU1,37826,385346732,-1543,-688,-1318,-97,-319,-211
IMU1,37827,385357378,-1505,-736,-1401,-64,-247,-109
IMU1,37828,385368010,-1431,-656,-1435,-64,-200,-28
IMU1,37829,385378440,-1398,-611,-1348,-105,-123,15
IMU1,37830,385388978,-1419,-523,-1321,-161,13,23
IMU1,37831,385399734,-1462,-465,-1364,-327,285,7
IMU1,37832,385409985,-1444,-423,-1402,-429,344,-7
IMU1,37833,385420322,-1380,-374,-1402,-512,377,-33
IMU1,37834,385430875,-1341,-352,-1389,-565,401,-63
IMU1,37835,385441432,-1316,-372,-1403,-569,437,-90
IMU1,37836,385451971,-1312,-391,-1399,-544,476,-93
IMU1,37837,385462530,-1302,-428,-1338,-483,517,-70
IMU1,37838,385473071,-1365,-472,-1280,-388,547,-17
IMU1,37839,385483614,-1376,-485,-1201,-277,550,65
IMU1,37840,385494068,-1434,-517,-1136,-155,506,146
IMU1,37841,385505250,-1512,-559,-1166,74,187,258
IMU1,37842,385515623,-1507,-586,-1189,143,-13,259
IMU1,37843,385526075,-1504,-624,-1213,182,-165,225
IMU1,37844,385536727,-1494,-657,-1205,191,-227,167
IMU1,37845,385547353,-1480,-687,-1175,184,-201,92
IMU1,37846,385557799,-1486,-706,-1136,163,-126,20
IMU1,37847,385568239,-1510,-733,-1077,149,-36,-42
IMU1,37848,385578584,-1523,-794,-1063,143,32,-87
IMU1,37849,385588837,-1566,-806,-1056,143,40,-117
IMU1,37850,385599280,-1617,-827,-1064,141,-5,-127
IMU1,37851,385609624,-1630,-842,-999,129,-57,-111
IMU1,37852,385620992,-1687,-830,-972,94,-85,-42
IMU1,37853,385630925,-1697,-844,-978,70,-86,18
IMU1,37854,385640774,-1675,-816,-995,38,-95,74
IMU1,37855,385650622,-1642,-798,-1014,-13,-94,111
IMU1,37856,385660965,-1585,-813,-1030,-65,-80,121
IMU1,37857,385671307,-1526,-810,-1013,-123,-36,107
IMU1,37858,385681849,-1497,-805,-983,-174,41,69
IMU1,37859,385691884,-1487,-818,-973,-207,135,22
IMU1,37860,385702122,-1517,-814,-958,-226,214,-20
IMU1,37861,385712474,-1575,-807,-938,-228,255,-37
IMU1,37862,385722828,-1607,-808,-936,-215,253,-34
IMU1,37863,385733169,-1626,-785,-942,-186,215,-7
IMU1,37864,385743317,-1659,-774,-953,-160,166,34
IMU1,37865,385753574,-1675,-773,-954,-143,128,82
IMU1,37866,385763847,-1616,-753,-973,-126,105,132
IMU1,37867,385774804,-1580,-752,-985,-132,137,176
IMU1,37868,385785260,-1544,-746,-976,-138,182,158
IMU1,37869,385795723,-1513,-740,-967,-143,236,130
IMU1,37870,385808637,-1512,-720,-942,-132,289,94
IMU1,37871,385818902,-1536,-715,-932,-111,309,65
IMU1,37872,385829171,-1539,-714,-933,-79,289,48
IMU1,37873,385839243,-1542,-701,-943,-48,235,38
IMU1,37874,385849321,-1531,-685,-985,-12,166,31
IMU1,37875,385859366,-1515,-672,-1028,9,97,30
IMU1,37876,385869123,-1504,-645,-1105,20,52,40
IMU1,37877,385880634,-1519,-610,-1152,20,68,61
IMU1,37878,385890611,-1516,-609,-1186,3,107,79
IMU1,37879,385900582,-1509,-601,-1196,-4,154,92
IMU1,37880,385910658,-1520,-595,-1210,-6,207,107
IMU1,37881,385920921,-1540,-573,-1245,-9,254,126
IMU1,37882,385931171,-1588,-556,-1296,-11,293,155
IMU1,37883,385941634,-1620,-571,-1340,-19,329,202
IMU1,37884,385952081,-1644,-580,-1378,-33,384,259
IMU1,37885,385962519,-1624,-570,-1391,-58,460,319
IMU1,37886,385972981,-1585,-545,-1407,-85,544,359
IMU1,37887,385983442,-1548,-520,-1426,-110,609,373
IMU1,37888,385994114,-1526,-490,-1493,-143,632,356
IMU1,37889,386005308,-1399,-399,-1559,-206,553,247
IMU1,37890,386015975,-1344,-390,-1594,-230,508,173
IMU1,37891,386026650,-1299,-416,-1647,-247,488,117
IMU1,37892,386037289,-1256,-441,-1656,-247,511,76
IMU1,37893,386047749,-1229,-447,-1641,-224,549,64
IMU1,37894,386058220,-1195,-444,-1653,-182,574,71
IMU1,37895,386068678,-1177,-450,-1669,-130,561,88
IMU1,37896,386079124,-1165,-440,-1674,-81,494,111
IMU1,37897,386089576,-1125,-423,-1706,-41,379,137
IMU1,37898,386100023,-1065,-403,-1763,-16,231,154
IMU1,37899,386110979,-872,-352,-1779,-43,-17,127
IMU1,37900,386121129,-778,-330,-1785,-70,-60,85
IMU1,37901,386131082,-677,-292,-1834,-94,-60,9
IMU1,37902,386140844,-576,-261,-1861,-118,-54,-68
IMU1,37903,386151089,-508,-235,-1869,-129,-47,-136
IMU1,37904,386161531,-447,-188,-1922,-129,-48,-190
IMU1,37905,386171971,-385,-126,-2004,-128,-57,-232
IMU1,37906,386182418,-351,-33,-2086,-133,-82,-256
IMU1,37907,386192649,-340,56,-2159,-154,-117,-243
IMU1,37908,386202996,-350,150,-2234,-181,-145,-193
IMU1,37909,386213552,-349,235,-2306,-221,-155,-99
IMU1,37910,386223918,-325,285,-2404,-274,-136,44
IMU1,37911,386234189,-338,272,-2449,-340,-92,235
IMU1,37912,386244460,-241,111,-2420,-395,3,463
IMU1,37913,386255472,-178,-15,-2367,-473,362,974
IMU1,37914,386265731,-146,-1,-2380,-503,598,1218
IMU1,37915,386276000,-124,154,-2449,-562,836,1436
IMU1,37916,386286563,-120,340,-2628,-667,1034,1618
IMU1,37917,386297319,-111,516,-2803,-828,1154,1768
IMU1,37918,386308095,-38,579,-2861,-1027,1232,1900
IMU1,37919,386318872,78,544,-2778,-1197,1343,2010
IMU1,37920,386329564,195,517,-2530,-1284,1536,2107
IMU1,37921,386340453,285,502,-1947,-1248,1790,2187
IMU1,37922,386351324,292,685,-1623,-828,2103,2312
IMU1,37923,386362005,47,803,-1251,-499,2067,2390
IMU1,37924,386372475,-223,979,-836,-124,1958,2513
IMU1,37925,386383050,-665,1223,-391,278,1861,2677
IMU1,37926,386393728,-1229,1439,37,681,1777,2905
IMU1,37927,386404308,-1923,1679,477,1052,1661,3202
IMU1,37928,386415275,-2689,2034,685,1376,1468,3556
IMU1,37929,386426261,-3480,2443,759,1608,1087,3913
IMU1,37930,386437244,-5681,3260,507,1744,-447,4546
IMU1,37931,386448117,-6877,3389,-56,1733,-1593,4886
IMU1,37932,386459097,-7633,3192,-779,1534,-2870,5291
IMU1,37933,386470301,-7548,2432,-504,1277,-3690,5710
IMU1,37934,386481510,-6547,1109,782,1216,-3435,5986
IMU1,37935,386492615,-5892,-320,1793,1513,-2259,5925
IMU1,37936,386503809,-5258,-1740,1801,1975,-1124,5529
IMU1,37937,386515187,-3631,-2991,1069,2471,-1472,3196
IMU1,37938,386526597,-3616,-2872,-24,2266,-2847,1317
IMU1,37939,386537677,-3430,-2438,-780,1739,-4100,-448
IMU1,37940,386548857,-3026,-1565,-1287,1037,-4382,-1786
IMU1,37941,386560432,-2814,-455,-1758,321,-3611,-2687
IMU1,37942,386571573,-3421,1074,-2249,-279,-2309,-3164
IMU1,37943,386582944,-3506,1564,-2310,-949,-74,-2833
IMU1,37944,386593925,-3317,1453,-1727,-1085,541,-2231
IMU1,37945,386605189,-3115,955,-803,-1024,1036,-1561
IMU1,37946,386616268,-2798,727,-235,-776,1437,-984
IMU1,37947,386626948,-2601,603,-87,-457,1535,-660
IMU1,37948,386637407,-2539,541,-138,-173,1202,-618
IMU1,37949,386648081,-2479,568,-530,45,530,-812
IMU1,37950,386659293,-2711,541,-828,251,-1014,-1507
IMU1,37951,386670170,-2801,455,-974,209,-1459,-1711
IMU1,37952,386681015,-2893,421,-1045,119,-1523,-1758
IMU1,37953,386692065,-2969,382,-1088,3,-1331,-1675
IMU1,37954,386702712,-3014,293,-1039,-97,-1044,-1524
IMU1,37955,386713677,-2969,254,-959,-175,-766,-1360
IMU1,37956,386724421,-2926,204,-926,-236,-519,-1234
IMU1,37957,386735171,-2592,99,-673,-311,-273,-1193
IMU1,37958,386745739,-2498,22,-615,-430,151,-1280
IMU1,37959,386756189,-2608,18,-591,-463,177,-1385
IMU1,37960,386766637,-2706,-38,-599,-489,55,-1440
# swing_peak_seq=37934
IMU1,37961,386776986,-2749,-92,-499,-503,-165,-1426
IMU1,37962,386787626,-2765,-157,-430,-497,-389,-1359
IMU1,37963,386798474,-2661,-206,-328,-472,-569,-1274
IMU1,37964,386811880,-2611,-314,-310,-419,-700,-1201
IMU1,37965,386822741,-2579,-343,-417,-310,-889,-1110
IMU1,37966,386833585,-2518,-371,-489,-297,-950,-1104
IMU1,37967,386844449,-2383,-402,-566,-322,-944,-1119
IMU1,37968,386855303,-2287,-415,-545,-378,-843,-1170
IMU1,37969,386866158,-2232,-433,-479,-456,-668,-1226
IMU1,37970,386877026,-2136,-467,-402,-529,-450,-1281
IMU1,37971,386887874,-2049,-478,-290,-572,-274,-1341
IMU1,37972,386898721,-1888,-478,-195,-567,-203,-1467
IMU1,37973,386909563,-1799,-430,-313,-462,-536,-1531
IMU1,37974,386920424,-1779,-365,-429,-416,-913,-1584
IMU1,37975,386931270,-1829,-377,-603,-418,-1307,-1599
IMU1,37976,386942323,-1864,-395,-752,-479,-1612,-1547
IMU1,37977,386953393,-1839,-445,-874,-583,-1757,-1438
IMU1,37978,386964464,-1717,-542,-987,-719,-1716,-1308
IMU1,37979,386975528,-1404,-552,-1032,-874,-1488,-1119
IMU1,37980,386986795,-1294,-508,-1033,-1141,-686,-1081
IMU1,37981,386998053,-1278,-449,-1040,-1211,-264,-1066
IMU1,37982,387009306,-1362,-439,-1054,-1230,74,-1046
IMU1,37983,387020260,-1564,-475,-1088,-1213,286,-980
IMU1,37984,387031232,-1666,-532,-1155,-1173,374,-853
IMU1,37985,387042199,-1661,-565,-1222,-1129,356,-687
IMU1,37986,387053677,-1467,-549,-1148,-1024,161,-424
IMU1,37987,387064637,-1362,-484,-1163,-943,49,-374
IMU1,37988,387075205,-1295,-429,-1333,-851,-62,-391
IMU1,37989,387085834,-1256,-328,-1435,-778,-205,-465
IMU1,37990,387096684,-1257,-304,-1473,-709,-420,-580
IMU1,37991,387107545,-1190,-310,-1449,-627,-621,-708
IMU1,37992,387118418,-1208,-319,-1391,-526,-720,-828
IMU1,37993,387129275,-1211,-439,-1322,-405,-698,-907
IMU1,37994,387140133,-1280,-403,-1388,-129,-466,-949
IMU1,37995,387150979,-1281,-431,-1463,-22,-403,-921
IMU1,37996,387161633,-1220,-402,-1506,62,-412,-893
IMU1,37997,387172186,-1191,-356,-1472,119,-468,-881
IMU1,37998,387182953,-1240,-376,-1426,170,-532,-882
IMU1,37999,387193722,-1227,-481,-1430,222,-593,-871
IMU1,38000,387204495,-1204,-534,-1421,267,-653,-856
IMU1,38001,387215233,-1236,-539,-1436,307,-695,-840
IMU1,38002,387225996,-1307,-604,-1560,327,-679,-756
IMU1,38003,387236743,-1332,-394,-1463,285,-607,-670
IMU1,38004,387247493,-1374,-411,-1553,226,-476,-569
IMU1,38005,387258248,-1433,-412,-1437,150,-337,-439
IMU1,38006,387268998,-1525,-395,-1457,79,-220,-288
IMU1,38007,387279553,-1489,-443,-1499,-5,-153,-137
IMU1,38008,387289998,-1398,-460,-1523,-97,-120,-27
IMU1,38009,387300438,-1291,-464,-1477,-186,-61,24
IMU1,38010,387310784,-1186,-512,-1477,-252,62,13
IMU1,38011,387321053,-1142,-548,-1426,-296,248,-41
IMU1,38012,387332644,-1211,-599,-1349,-310,692,-155
IMU1,38013,387343400,-1294,-574,-1323,-299,831,-180
IMU1,38014,387354140,-1370,-529,-1332,-257,857,-186
IMU1,38015,387364887,-1414,-424,-1361,-221,791,-161
IMU1,38016,387375627,-1438,-363,-1427,-179,681,-129
IMU1,38017,387386380,-1442,-401,-1481,-141,548,-89
IMU1,38018,387396928,-1393,-445,-1504,-99,423,-46
IMU1,38019,387407282,-1321,-463,-1506,-48,338,-14
IMU1,38020,387417630,-1349,-530,-1452,18,309,-4
IMU1,38021,387428727,-1405,-595,-1342,167,354,31
IMU1,38022,387439096,-1457,-621,-1265,257,355,77
IMU1,38023,387449480,-1543,-652,-1276,351,309,113
IMU1,38024,387460061,-1600,-699,-1293,422,191,156
IMU1,38025,387470612,-1620,-696,-1259,458,39,186
IMU1,38026,387480983,-1599,-697,-1188,467,-99,200
IMU1,38027,387491460,-1617,-708,-1119,462,-180,190
IMU1,38028,387502116,-1643,-745,-1060,442,-196,166
IMU1,38029,387512763,-1646,-779,-1068,403,-181,141
IMU1,38030,387523418,-1633,-796,-1070,332,-162,114
IMU1,38031,387534588,-1611,-811,-1047,133,-77,34
IMU1,38032,387544838,-1583,-824,-1021,28,-6,-4
IMU1,38033,387554598,-1553,-814,-996,-61,83,-48
IMU1,38034,387564559,-1552,-795,-971,-137,167,-89
IMU1,38035,387574923,-1581,-791,-941,-184,232,-123
IMU1,38036,387585495,-1620,-796,-916,-208,250,-135
IMU1,38037,387596044,-1666,-794,-895,-213,219,-116
IMU1,38038,387606601,-1663,-807,-896,-206,165,-76
IMU1,38039,387616940,-1665,-818,-915,-191,110,-28
IMU1,38040,387627290,-1657,-819,-908,-176,70,20
IMU1,38041,387637347,-1624,-822,-906,-160,50,61
IMU1,38042,387647403,-1570,-828,-902,-146,55,82
IMU1,38043,387657466,-1528,-824,-886,-135,68,83
IMU1,38044,387667523,-1499,-799,-891,-123,87,64
IMU1,38045,387678622,-1522,-796,-886,-123,112,-3
IMU1,38046,387688791,-1531,-795,-883,-131,111,-21
IMU1,38047,387699147,-1538,-791,-893,-126,99,-35
IMU1,38048,387709318,-1536,-795,-915,-123,70,-35
IMU1,38049,387719495,-1511,-795,-924,-116,38,-31
IMU1,38050,387729670,-1477,-796,-932,-111,14,-28
IMU1,38051,387739833,-1474,-804,-923,-102,3,-30
IMU1,38052,387749798,-1474,-815,-931,-91,5,-27
IMU1,38053,387759564,-1468,-818,-935,-79,15,-20
IMU1,38054,387769535,-1470,-814,-937,-71,23,-12
IMU1,38055,387779505,-1482,-813,-946,-67,28,2
IMU1,38056,387789178,-1515,-825,-950,-68,26,21
IMU1,38057,387799048,-1552,-844,-958,-71,10,47
IMU1,38058,387808924,-1566,-854,-992,-76,-18,77
IMU1,38059,387821458,-1552,-872,-1001,-95,-46,111
IMU1,38060,387832344,-1533,-869,-1013,-143,-24,150
IMU1,38061,387842910,-1528,-856,-1027,-168,19,161
IMU1,38062,387853356,-1559,-845,-1027,-191,58,165
IMU1,38063,387863816,-1546,-853,-1054,-205,84,153
IMU1,38064,387874285,-1539,-843,-1064,-219,96,131
IMU1,38065,387884749,-1574,-820,-1066,-230,98,108
IMU1,38066,387895226,-1593,-830,-1084,-227,92,90
IMU1,38067,387905491,-1589,-812,-1110,-216,79,79
IMU1,38068,387915766,-1571,-746,-1159,-204,69,66
IMU1,38069,387926044,-1558,-699,-1217,-192,67,42
IMU1,38070,387936317,-1569,-671,-1260,-180,70,19
IMU1,38071,387946592,-1569,-596,-1302,-172,85,6
IMU1,38072,387957704,-1562,-587,-1317,-152,131,25
IMU1,38073,387968187,-1540,-564,-1295,-149,140,45
IMU1,38074,387978643,-1503,-546,-1296,-141,131,61
IMU1,38075,387989097,-1462,-543,-1324,-140,113,72
IMU1,38076,387999561,-1415,-542,-1354,-143,88,81
IMU1,38077,388009828,-1350,-517,-1407,-149,65,77
IMU1,38078,388020083,-1291,-491,-1467,-166,50,62
IMU1,38079,388030319,-1235,-462,-1521,-195,42,47
IMU1,38080,388040588,-1191,-415,-1551,-229,40,29
IMU1,38081,388050841,-1174,-391,-1586,-259,44,9
IMU1,38082,388060904,-1170,-415,-1614,-280,47,12
IMU1,38083,388071144,-1191,-395,-1643,-298,41,29
IMU1,38084,388082439,-1262,-304,-1778,-346,4,131
IMU1,38085,388092698,-1265,-258,-1849,-402,-33,207
IMU1,38086,388103253,-1247,-251,-1915,-473,-68,290
IMU1,38087,388113804,-1168,-216,-1996,-560,-72,362
IMU1,38088,388124355,-1061,-162,-2000,-649,-36,419
IMU1,38089,388134888,-961,-124,-2005,-724,48,457
IMU1,38090,388145130,-861,-89,-1993,-779,156,462
IMU1,38091,388155393,-805,-44,-2000,-804,230,441
IMU1,38092,388165641,-732,46,-2028,-800,237,410
IMU1,38093,388175789,-698,138,-2104,-777,178,370
IMU1,38094,388186154,-659,274,-2227,-736,76,326
IMU1,38095,388196320,-601,389,-2432,-697,-59,293
IMU1,38096,388207625,-571,425,-2520,-578,-324,261
IMU1,38097,388218089,-620,505,-2640,-501,-414,278
IMU1,38098,388228549,-647,588,-2813,-421,-476,336
IMU1,38099,388239003,-686,642,-2989,-343,-494,422
IMU1,38100,388249463,-691,658,-3085,-276,-473,543
IMU1,38101,388259940,-714,638,-3063,-210,-385,694
IMU1,38102,388270411,-699,573,-2900,-124,-188,872
IMU1,38103,388280869,-668,529,-2747,7,134,1060
IMU1,38104,388290938,-682,593,-2677,178,515,1243
IMU1,38105,388301416,-686,676,-2704,360,793,1410
IMU1,38106,388311884,-671,661,-2675,522,874,1553
IMU1,38107,388322880,-640,601,-2558,797,669,1817
IMU1,38108,388333350,-572,568,-2334,938,609,1942
IMU1,38109,388343834,-555,549,-2062,1112,697,2048
IMU1,38110,388354520,-536,518,-1793,1313,902,2149
IMU1,38111,388365197,-512,554,-1475,1530,1150,2232
IMU1,38112,388376084,-614,613,-1047,1766,1419,2279
IMU1,38113,388386959,-975,699,-432,2027,1734,2315
IMU1,38114,388397639,-1656,904,207,2304,2074,2392
IMU1,38115,388408433,-2927,1630,1246,2537,2350,2806
IMU1,38116,388419612,-3390,2092,1854,2577,2533,3031
IMU1,38117,388430801,-4031,1987,2149,2452,2285,3179
IMU1,38118,388441994,-5041,1654,2091,2331,1490,3299
IMU1,38119,388453181,-5889,1171,1741,2242,204,3464
IMU1,38120,388464174,-6102,587,1596,2185,-1197,3662
IMU1,38121,388475277,-5720,-863,1689,2225,-2206,3760
IMU1,38122,388486461,-4402,-1540,1612,2653,-2617,3159
IMU1,38123,388497821,-3712,-2038,1592,2867,-2500,2435
IMU1,38124,388509211,-3226,-2089,1522,2979,-2352,1470
IMU1,38125,388520577,-3119,-1802,1053,2936,-2333,399
IMU1,38126,388531759,-3174,-1360,331,2691,-2565,-598
IMU1,38127,388542829,-2987,-477,-738,2255,-2876,-1376
IMU1,38128,388554003,-2840,-99,-908,1142,-2437,-2052
IMU1,38129,388564968,-2866,219,-956,632,-1629,-1978
IMU1,38130,388575835,-2965,381,-1023,194,-780,-1670
IMU1,38131,388586717,-2978,460,-945,-197,-164,-1181
IMU1,38132,388597492,-2751,355,-638,-539,214,-632
IMU1,38133,388607985,-2396,223,-320,-803,483,-160
IMU1,38134,388618468,-2201,169,-159,-991,650,133
IMU1,38135,388628830,-2254,76,-101,-1117,647,245
IMU1,38136,388640224,-2586,-68,-138,-1217,146,227
IMU1,38137,388650666,-2720,-141,-192,-1196,-151,184
IMU1,38138,388661417,-2727,-219,-259,-1160,-351,131
IMU1,38139,388672173,-2683,-251,-304,-1115,-402,40
IMU1,38140,388682718,-2660,-263,-280,-1069,-327,-83
IMU1,38141,388693366,-2685,-283,-254,-1015,-191,-224
IMU1,38142,388704214,-2712,-240,-222,-954,-89,-356
IMU1,38143,388714675,-2767,-183,-200,-879,-83,-465
IMU1,38144,388725125,-2808,-185,-166,-806,-175,-538
IMU1,38145,388736281,-2927,-269,-127,-687,-497,-596
IMU1,38146,388746921,-2988,-303,-100,-646,-640,-586
IMU1,38147,388757573,-2938,-284,-186,-614,-748,-591
# swing_peak_seq=38121
IMU1,38148,388768246,-2787,-308,-323,-619,-850,-624
IMU1,38149,388778906,-2698,-416,-419,-679,-921,-683
IMU1,38150,388789565,-2606,-429,-398,-788,-897,-733
IMU1,38151,388800240,-2591,-431,-327,-911,-731,-776
IMU1,38152,388810886,-2659,-468,-248,-1027,-453,-798
IMU1,38153,388824294,-2612,-564,-129,-1198,145,-769
IMU1,38154,388835056,-2528,-551,-57,-1236,344,-778
IMU1,38155,388845632,-2478,-582,-1,-1237,437,-826
IMU1,38156,388856002,-2424,-598,4,-1204,422,-899
IMU1,38157,388866268,-2302,-606,-50,-1140,309,-989
IMU1,38158,388876835,-2168,-622,-139,-1057,124,-1099
IMU1,38159,388887785,-2165,-643,-246,-970,-94,-1206
IMU1,38160,388898437,-2177,-681,-282,-901,-295,-1270
IMU1,38161,388909297,-1955,-688,-248,-818,-471,-1261
IMU1,38162,388920155,-1858,-651,-225,-797,-453,-1259
IMU1,38163,388931019,-1839,-604,-336,-781,-434,-1286
IMU1,38164,388941879,-1784,-523,-586,-805,-516,-1320
IMU1,38165,388952736,-1757,-418,-806,-878,-707,-1361
IMU1,38166,388963601,-1797,-417,-913,-979,-891,-1387
IMU1,38167,388974456,-1785,-490,-995,-1081,-940,-1368
IMU1,38168,388985509,-1683,-520,-861,-1171,-572,-1233
IMU1,38169,388996579,-1654,-571,-763,-1178,-285,-1155
IMU1,38170,389007644,-1630,-607,-772,-1083,-65,-1088
IMU1,38171,389018506,-1606,-597,-827,-951,16,-1052
IMU1,38172,389029066,-1603,-553,-925,-814,-54,-1032
IMU1,38173,389039730,-1603,-532,-1031,-691,-245,-1016
IMU1,38174,389050790,-1635,-510,-1097,-597,-476,-1001
IMU1,38175,389061865,-1614,-576,-1048,-538,-662,-969
IMU1,38176,389072723,-1689,-580,-1090,-453,-716,-940
IMU1,38177,389083593,-1718,-668,-1259,-440,-687,-922
IMU1,38178,389094464,-1596,-559,-1296,-460,-679,-908
IMU1,38179,389105334,-1583,-381,-1287,-500,-615,-949
IMU1,38180,389116216,-1536,-303,-1318,-544,-503,-1011
IMU1,38181,389127302,-1649,-276,-1294,-578,-403,-1066
IMU1,38182,389138325,-1738,-291,-1290,-589,-358,-1074
IMU1,38183,389149365,-1819,-309,-1270,-550,-439,-974
IMU1,38184,389160221,-1800,-377,-1197,-506,-495,-903
IMU1,38185,389171070,-1774,-361,-1189,-456,-541,-834
IMU1,38186,389181930,-1732,-381,-1174,-382,-565,-790
IMU1,38187,389192788,-1672,-428,-1164,-307,-609,-761
IMU1,38188,389203644,-1586,-457,-1108,-229,-663,-764
IMU1,38189,389214489,-1538,-460,-1002,-142,-711,-798
IMU1,38190,389225343,-1611,-465,-942,-38,-760,-845
IMU1,38191,389236309,-1795,-368,-1036,139,-927,-845
IMU1,38192,389247066,-1832,-302,-1171,145,-1049,-783
IMU1,38193,389258034,-1795,-338,-1211,91,-1128,-677
IMU1,38194,389268791,-1688,-341,-1192,3,-1092,-545
IMU1,38195,389279355,-1520,-308,-1070,-92,-935,-424
IMU1,38196,389290027,-1385,-379,-1058,-169,-713,-350
IMU1,38197,389300863,-1384,-345,-1021,-231,-516,-322
IMU1,38198,389311700,-1427,-343,-1081,-274,-400,-319
IMU1,38199,389323079,-1611,-86,-1228,-332,-435,-298
IMU1,38200,389333728,-1670,-31,-1391,-353,-521,-256
IMU1,38201,389344376,-1686,-16,-1519,-380,-610,-174
IMU1,38202,389355020,-1623,12,-1592,-408,-614,-75
IMU1,38203,389365384,-1500,-19,-1614,-416,-490,18
IMU1,38204,389375735,-1412,-96,-1589,-401,-244,95
IMU1,38205,389386101,-1393,-182,-1534,-350,76,162
IMU1,38206,389396557,-1418,-290,-1450,-267,389,234
IMU1,38207,389407213,-1438,-408,-1345,-147,627,317
IMU1,38208,389417875,-1518,-561,-1119,6,768,395
IMU1,38209,389428577,-1578,-661,-1062,332,707,518
IMU1,38210,389439142,-1678,-759,-1028,488,522,554
IMU1,38211,389449725,-1819,-818,-1005,616,253,591
IMU1,38212,389460284,-1850,-893,-968,727,-13,614
IMU1,38213,389470543,-1880,-961,-952,796,-201,615
IMU1,38214,389481023,-1879,-966,-907,816,-284,602
IMU1,38215,389491482,-1848,-935,-897,802,-259,559
IMU1,38216,389501944,-1802,-928,-884,751,-166,486
IMU1,38217,389512412,-1761,-921,-842,668,-57,393
IMU1,38218,389522673,-1726,-906,-797,579,46,280
IMU1,38219,389532852,-1714,-900,-698,485,129,159
IMU1,38220,389544248,-1682,-892,-683,320,194,-42
IMU1,38221,389554493,-1695,-883,-676,270,179,-153
IMU1,38222,389564955,-1724,-875,-673,235,145,-231
IMU1,38223,389575426,-1785,-876,-681,204,106,-251
IMU1,38224,389585888,-1802,-843,-693,181,65,-226
IMU1,38225,389596151,-1743,-817,-713,152,29,-172
IMU1,38226,389606430,-1708,-773,-718,114,24,-119
IMU1,38227,389616687,-1701,-761,-718,70,56,-77
IMU1,38228,389626549,-1690,-767,-726,18,103,-40
IMU1,38229,389636609,-1684,-758,-748,-37,138,-3
IMU1,38230,389646560,-1703,-761,-749,-93,166,26
IMU1,38231,389656613,-1737,-758,-726,-143,191,62
IMU1,38232,389666880,-1753,-758,-711,-180,222,108
IMU1,38233,389677342,-1774,-767,-709,-213,257,154
IMU1,38234,389688333,-1793,-778,-725,-242,284,254
IMU1,38235,389698791,-1754,-769,-728,-246,276,286
IMU1,38236,389709255,-1733,-751,-717,-251,271,301
IMU1,38237,389719730,-1723,-747,-706,-251,280,294
IMU1,38238,389730205,-1710,-748,-708,-251,281,281
IMU1,38239,389740681,-1709,-738,-710,-249,265,258
IMU1,38240,389751150,-1684,-743,-704,-242,237,227
IMU1,38241,389761618,-1668,-738,-700,-225,208,186
IMU1,38242,389772058,-1673,-731,-705,-196,182,136
IMU1,38243,389782518,-1682,-740,-723,-160,153,89
IMU1,38244,389792767,-1697,-724,-721,-122,119,52
IMU1,38245,389803537,-1711,-717,-719,-32,90,8
IMU1,38246,389813206,-1761,-709,-746,10,74,6
IMU1,38247,389825332,-1775,-725,-768,41,48,4
IMU1,38248,389834896,-1807,-724,-762,56,24,14
IMU1,38249,389844665,-1869,-734,-773,60,17,37
IMU1,38250,389854434,-1864,-767,-806,51,21,71
IMU1,38251,389864208,-1806,-759,-805,33,35,92
IMU1,38252,389873973,-1737,-747,-801,15,72,82
IMU1,38253,389883746,-1678,-749,-788,-2,123,43
IMU1,38254,389893622,-1653,-737,-766,-12,164,-13
IMU1,38255,389903773,-1664,-724,-759,-9,174,-68
IMU1,38256,389913740,-1668,-720,-771,-1,145,-109
IMU1,38257,389923901,-1697,-691,-794,9,84,-128
IMU1,38258,389933769,-1724,-682,-850,18,15,-129
IMU1,38259,389943834,-1696,-673,-941,12,-36,-114
IMU1,38260,389953987,-1650,-652,-975,-13,-42,-96
IMU1,38261,389964024,-1615,-633,-988,-45,15,-85
IMU1,38262,389973971,-1611,-617,-998,-73,109,-77
IMU1,38263,389984133,-1605,-590,-1008,-94,190,-67
IMU1,38264,389994475,-1598,-561,-1096,-109,238,-61
IMU1,38265,390005558,-1599,-448,-1197,-156,194,-54
IMU1,38266,390016130,-1555,-363,-1340,-204,125,-59
IMU1,38267,390026673,-1496,-276,-1519,-276,57,-75
IMU1,38268,390037037,-1435,-217,-1628,-362,32,-90
IMU1,38269,390047395,-1412,-150,-1688,-437,80,-97
IMU1,38270,390057750,-1414,-41,-1794,-485,178,-90
IMU1,38271,390068106,-1433,91,-1988,-527,258,-60
IMU1,38272,390078373,-1451,182,-2152,-574,282,-11
IMU1,38273,390088854,-1477,219,-2249,-625,250,60
IMU1,38274,390099224,-1508,228,-2371,-672,212,165
IMU1,38275,390109792,-1533,262,-2672,-720,203,301
IMU1,38276,390120887,-1418,415,-2807,-873,334,625
IMU1,38277,390131462,-1331,451,-2867,-964,482,762
IMU1,38278,390142037,-1226,460,-2931,-1023,651,886
IMU1,38279,390152826,-1108,446,-2933,-1052,791,986
IMU1,38280,390163601,-992,416,-2900,-1032,889,1047
IMU1,38281,390174363,-921,396,-2827,-955,963,1088
IMU1,38282,390184950,-916,501,-2854,-826,1038,1121
IMU1,38283,390195735,-856,628,-2930,-679,1093,1159
IMU1,38284,390206514,-722,469,-2843,-529,1107,1273
IMU1,38285,390217297,-703,395,-2710,-180,1150,1343
IMU1,38286,390228077,-678,387,-2677,34,1220,1430
IMU1,38287,390238559,-639,350,-2632,257,1268,1521
IMU1,38288,390249258,-637,360,-2550,468,1295,1617
IMU1,38289,390259937,-644,404,-2414,669,1325,1719
IMU1,38290,390270608,-666,454,-2255,860,1360,1833
IMU1,38291,390281290,-684,480,-2075,1034,1422,1966
IMU1,38292,390292163,-677,465,-1831,1185,1510,2117
IMU1,38293,390303054,-735,446,-1168,1468,1721,2427
IMU1,38294,390313939,-915,470,-834,1629,1783,2571
IMU1,38295,390324619,-1126,499,-453,1794,1749,2698
IMU1,38296,390335502,-1347,561,-143,1976,1607,2813
IMU1,38297,390346393,-1590,722,116,2177,1413,2906
IMU1,38298,390357202,-1947,993,418,2358,1270,2994
IMU1,38299,390368002,-2413,1362,772,2501,1271,3118
IMU1,38300,390379000,-2979,1813,1153,2603,1426,3287
IMU1,38301,390390198,-4429,1924,1532,2744,1525,3738
IMU1,38302,390401409,-4913,1590,1502,2815,973,3991
IMU1,38303,390412399,-5055,1384,1434,2940,25,4128
IMU1,38304,390423193,-5072,1148,1337,3154,-1065,4041
IMU1,38305,390434490,-4997,576,1221,3442,-2006,3754
IMU1,38306,390445576,-4754,-159,1159,3743,-2597,3388
IMU1,38307,390456768,-3648,-1489,1288,3963,-2370,2628
IMU1,38308,390468139,-3141,-1794,1140,3903,-1793,2122
IMU1,38309,390479524,-2861,-1674,670,3537,-1286,1461
IMU1,38310,390490691,-2723,-1297,27,2915,-1147,661
IMU1,38311,390501461,-2707,-928,-434,2099,-1411,-187
IMU1,38312,390512432,-2652,-568,-735,1212,-1786,-920
IMU1,38313,390523408,-2562,-158,-1330,346,-1908,-1407
IMU1,38314,390534570,-2566,452,-1496,-1171,-1220,-1554
IMU1,38315,390545935,-2626,522,-1423,-1755,-591,-1263
IMU1,38316,390557111,-2658,430,-1121,-2164,125,-824
IMU1,38317,390567981,-2582,341,-769,-2388,843,-339
IMU1,38318,390578657,-2424,312,-548,-2443,1407,57
IMU1,38319,390589244,-2290,264,-516,-2383,1669,266
IMU1,38320,390600033,-2262,236,-496,-2254,1569,278
IMU1,38321,390610793,-2389,97,-503,-1809,709,-78
IMU1,38322,390621067,-2454,27,-563,-1511,221,-336
IMU1,38323,390631533,-2562,33,-624,-1202,-221,-573
IMU1,38324,390642095,-2652,17,-706,-892,-576,-765
IMU1,38325,390652456,-2738,-13,-758,-606,-854,-904
IMU1,38326,390662926,-2759,-13,-788,-357,-1069,-996
IMU1,38327,390673580,-2721,-24,-801,-159,-1225,-1079
IMU1,38328,390684436,-2675,32,-969,-23,-1345,-1164
IMU1,38329,390694989,-2628,53,-1014,51,-1406,-1240
IMU1,38330,390705651,-2657,-67,-968,84,-1326,-1281
IMU1,38331,390716202,-2746,-218,-917,95,-1086,-1209
IMU1,38332,390726971,-2747,-220,-871,31,-442,-1138
# swing_peak_seq=38306
IMU1,38333,390737534,-2783,-244,-729,-57,-172,-1080
IMU1,38334,390748193,-2811,-265,-587,-138,18,-1045
IMU1,38335,390758750,-2849,-314,-488,-205,102,-1039
IMU1,38336,390769494,-2784,-358,-457,-273,74,-1063
IMU1,38337,390780054,-2638,-422,-439,-333,-38,-1138
IMU1,38338,390790708,-2584,-420,-400,-383,-192,-1242
IMU1,38339,390801555,-2605,-470,-460,-437,-306,-1330
IMU1,38340,390812411,-2485,-472,-448,-527,-326,-1404
IMU1,38341,390825716,-2420,-450,-326,-745,-63,-1390
IMU1,38342,390836369,-2375,-458,-252,-829,124,-1358
IMU1,38343,390847134,-2337,-460,-247,-878,228,-1337
IMU1,38344,390857905,-2308,-446,-276,-903,172,-1323
IMU1,38345,390868674,-2261,-437,-323,-914,-30,-1300
IMU1,38346,390879330,-2212,-428,-369,-912,-306,-1281
IMU1,38347,390890204,-2086,-489,-483,-896,-747,-1216
IMU1,38348,390901058,-1899,-489,-626,-918,-825,-1193
IMU1,38349,390911935,-1859,-402,-693,-970,-803,-1205
IMU1,38350,390922813,-1814,-455,-727,-1036,-693,-1222
IMU1,38351,390933870,-1764,-486,-706,-1095,-530,-1225
IMU1,38352,390944931,-1792,-435,-672,-1128,-384,-1205
IMU1,38353,390955989,-1795,-427,-683,-1124,-314,-1157
IMU1,38354,390967065,-1725,-416,-840,-1063,-455,-1041
IMU1,38355,390978113,-1704,-470,-920,-1020,-594,-988
IMU1,38356,390988980,-1631,-562,-1001,-983,-694,-932
IMU1,38357,390999833,-1561,-595,-1028,-939,-724,-886
IMU1,38358,391010716,-1466,-605,-1091,-887,-703,-859
IMU1,38359,391021590,-1382,-632,-1147,-837,-650,-852
IMU1,38360,391032469,-1352,-673,-1184,-789,-567,-857
IMU1,38361,391043347,-1254,-659,-1180,-747,-401,-886
IMU1,38362,391054207,-1282,-618,-1147,-653,-379,-923
IMU1,38363,391065069,-1295,-604,-1173,-599,-440,-958
IMU1,38364,391075949,-1211,-553,-1247,-561,-580,-985
IMU1,38365,391086820,-1130,-452,-1312,-538,-766,-1036
IMU1,38366,391097883,-1088,-377,-1397,-536,-935,-1103
IMU1,38367,391108953,-1112,-367,-1503,-549,-1021,-1155
IMU1,38368,391120232,-1044,-434,-1488,-578,-817,-1128
IMU1,38369,391131291,-978,-414,-1464,-638,-563,-1088
IMU1,38370,391142161,-951,-404,-1433,-651,-313,-1073
IMU1,38371,391153048,-936,-374,-1411,-643,-170,-1069
IMU1,38372,391163918,-988,-307,-1395,-611,-164,-1070
IMU1,38373,391174807,-1117,-239,-1439,-555,-291,-1055
IMU1,38374,391185871,-1226,-242,-1504,-498,-519,-998
IMU1,38375,391196741,-1305,-310,-1498,-450,-772,-893
IMU1,38376,391207619,-1291,-341,-1467,-354,-987,-623
IMU1,38377,391218479,-1237,-417,-1456,-299,-919,-511
IMU1,38378,391229353,-1212,-429,-1420,-257,-809,-433
IMU1,38379,391240221,-1396,-384,-1532,-214,-699,-394
IMU1,38380,391251085,-1427,-140,-1626,-213,-646,-368
IMU1,38381,391261931,-1456,-77,-1854,-270,-671,-367
IMU1,38382,391272595,-1493,-57,-1866,-368,-728,-372
IMU1,38383,391283254,-1502,-98,-1892,-450,-737,-357
IMU1,38384,391294434,-1502,-112,-1945,-503,-581,-258
IMU1,38385,391305298,-1494,-149,-1976,-493,-439,-185
IMU1,38386,391316154,-1459,-225,-1942,-482,-256,-100
IMU1,38387,391327012,-1453,-282,-1819,-455,-24,-17
IMU1,38388,391337477,-1459,-342,-1635,-395,240,60
IMU1,38389,391347946,-1485,-449,-1466,-303,477,128
IMU1,38390,391358620,-1540,-460,-1351,-186,610,184
IMU1,38391,391369310,-1555,-473,-1240,-58,615,218
IMU1,38392,391379800,-1563,-505,-1172,74,485,188
IMU1,38393,391390181,-1542,-457,-1202,250,10,140
IMU1,38394,391400565,-1514,-435,-1239,297,-201,67
IMU1,38395,391411044,-1490,-447,-1278,302,-329,-5
IMU1,38396,391421431,-1486,-470,-1311,282,-364,-66
IMU1,38397,391432013,-1577,-499,-1327,253,-321,-99
IMU1,38398,391442572,-1692,-515,-1323,218,-234,-77
IMU1,38399,391453136,-1777,-533,-1287,174,-137,6
IMU1,38400,391463407,-1805,-531,-1226,129,-47,128
IMU1,38401,391473853,-1798,-549,-1186,89,39,251
IMU1,38402,391484023,-1774,-620,-1168,45,111,350
IMU1,38403,391494384,-1706,-632,-1128,-4,165,413
IMU1,38404,391504651,-1635,-710,-993,-54,210,423
IMU1,38405,391515422,-1638,-742,-938,-96,243,338
IMU1,38406,391525687,-1659,-768,-922,-73,220,273
IMU1,38407,391535950,-1724,-767,-896,-44,174,208
IMU1,38408,391546217,-1777,-769,-920,-9,122,154
IMU1,38409,391556286,-1799,-758,-933,7,76,124
IMU1,38410,391566060,-1776,-751,-929,-7,59,107
IMU1,38411,391575932,-1758,-744,-898,-28,73,90
IMU1,38412,391585815,-1715,-744,-898,-49,106,70
IMU1,38413,391595864,-1671,-729,-919,-73,142,54
IMU1,38414,391605925,-1634,-707,-906,-99,182,34
IMU1,38415,391615972,-1605,-698,-865,-120,227,15
IMU1,38416,391626231,-1630,-707,-836,-115,263,0
IMU1,38417,391636192,-1640,-713,-823,-87,252,-4
IMU1,38418,391646139,-1644,-699,-812,-40,184,-1
IMU1,38419,391656085,-1669,-685,-805,14,73,7
IMU1,38420,391665635,-1653,-715,-811,69,-41,24
IMU1,38421,391675488,-1593,-709,-828,120,-132,39
IMU1,38422,391685756,-1547,-685,-834,149,-183,34
IMU1,38423,391695998,-1512,-679,-834,161,-196,9
IMU1,38424,391706055,-1477,-684,-831,160,-190,-25
IMU1,38425,391717424,-1524,-669,-841,139,-163,-89
IMU1,38426,391727765,-1567,-678,-865,119,-171,-93
IMU1,38427,391738115,-1593,-666,-889,97,-184,-89
IMU1,38428,391748265,-1644,-658,-906,69,-201,-63
IMU1,38429,391758399,-1653,-668,-938,33,-204,-22
IMU1,38430,391768549,-1653,-658,-958,-2,-195,23
IMU1,38431,391778498,-1646,-652,-973,-45,-173,65
IMU1,38432,391788641,-1636,-653,-994,-84,-139,99
IMU1,38433,391798783,-1637,-638,-1015,-119,-97,123
IMU1,38434,391809334,-1638,-626,-1042,-158,-50,142
IMU1,38435,391819875,-1626,-580,-1094,-199,-8,147
IMU1,38436,391832789,-1584,-493,-1198,-270,31,100
IMU1,38437,391843260,-1548,-431,-1251,-291,33,55
IMU1,38438,391853519,-1503,-384,-1328,-287,23,-7
IMU1,38439,391863677,-1472,-328,-1436,-268,-3,-72
IMU1,38440,391873939,-1458,-242,-1551,-235,-32,-136
IMU1,38441,391884585,-1481,-133,-1670,-196,-60,-182
IMU1,38442,391895235,-1500,-21,-1782,-155,-75,-202
IMU1,38443,391905682,-1527,67,-1895,-108,-81,-193
IMU1,38444,391916017,-1563,147,-1991,-64,-81,-152
IMU1,38445,391926368,-1579,178,-2056,-27,-67,-82
IMU1,38446,391936519,-1596,165,-2099,14,-32,16
IMU1,38447,391946465,-1597,137,-2072,46,39,134
IMU1,38448,391957567,-1526,100,-2043,113,246,398
IMU1,38449,391968031,-1480,73,-2021,132,352,506
IMU1,38450,391978286,-1424,63,-1996,138,420,590
IMU1,38451,391988559,-1364,28,-1959,129,464,646
IMU1,38452,391998809,-1306,0,-1918,111,494,674
IMU1,38453,392008779,-1236,-23,-1886,95,511,684
IMU1,38454,392018929,-1151,-76,-1905,86,509,676
IMU1,38455,392029088,-1074,-141,-1934,78,485,653
IMU1,38456,392039433,-1003,-164,-1969,77,438,628
IMU1,38457,392049784,-926,-157,-2020,88,382,597
IMU1,38458,392059940,-851,-170,-2048,104,331,558
IMU1,38459,392070299,-786,-203,-2081,121,298,523
IMU1,38460,392080650,-715,-226,-2191,134,274,502
IMU1,38461,392091002,-618,-268,-2506,137,249,484
IMU1,38462,392101871,-432,-318,-2678,72,170,490
IMU1,38463,392112033,-405,-316,-2770,5,179,526
IMU1,38464,392121987,-439,-238,-2785,-65,296,595
IMU1,38465,392132248,-507,-121,-2753,-143,538,716
IMU1,38466,392142704,-590,-6,-2739,-213,876,887
IMU1,38467,392152770,-599,84,-2683,-287,1229,1107
IMU1,38468,392163339,-603,110,-2493,-344,1542,1340
IMU1,38469,392174103,-561,118,-2308,-348,1779,1564
IMU1,38470,392184867,-562,169,-2115,-296,1894,1758
IMU1,38471,392195639,-598,234,-1935,-192,1907,1927
IMU1,38472,392206397,-678,417,-1743,-57,1841,2082
IMU1,38473,392217476,-737,544,-1534,224,1568,2352
IMU1,38474,392228167,-872,628,-1132,387,1486,2464
IMU1,38475,392238837,-1113,711,-678,624,1490,2582
IMU1,38476,392249514,-1482,904,-219,952,1488,2725
IMU1,38477,392260188,-2004,1210,196,1371,1394,2904
IMU1,38478,392271150,-2635,1602,533,1847,1189,3135
IMU1,38479,392282138,-3318,1972,765,2328,929,3413
IMU1,38480,392292924,-3964,2403,802,2758,696,3736
IMU1,38481,392303708,-4834,2334,787,3281,160,4393
IMU1,38482,392314498,-5049,2164,1008,3410,-200,4609
IMU1,38483,392325581,-5044,1594,1269,3566,-487,4709
IMU1,38484,392336665,-4842,641,1770,3808,-600,4715
IMU1,38485,392347534,-4802,-72,2082,4170,-571,4649
IMU1,38486,392358294,-4429,-912,2317,4572,-589,4493
IMU1,38487,392369284,-3768,-1579,2131,4922,-721,4095
IMU1,38488,392380459,-2856,-1813,806,4908,-1975,2211
IMU1,38489,392391637,-2829,-1765,-50,4412,-3086,935
IMU1,38490,392402519,-2929,-1607,-823,3596,-4123,-218
IMU1,38491,392413662,-2909,-1188,-1323,2557,-4633,-1038
IMU1,38492,392425228,-2739,-642,-1590,1414,-4324,-1515
IMU1,38493,392436587,-2636,-137,-1743,287,-3296,-1745
IMU1,38494,392447737,-2724,497,-1584,-1583,-489,-1713
IMU1,38495,392458906,-2831,514,-1297,-2208,661,-1509
IMU1,38496,392469959,-2777,384,-879,-2563,1456,-1236
IMU1,38497,392481021,-2640,218,-403,-2659,1921,-960
IMU1,38498,392491854,-2550,99,0,-2529,2102,-733
IMU1,38499,392501932,-2622,-43,144,-2237,2009,-577
IMU1,38500,392512587,-2706,-148,63,-1873,1606,-490
IMU1,38501,392523238,-2792,-81,-52,-1503,950,-485
IMU1,38502,392533600,-2664,-15,-401,-1157,219,-585
IMU1,38503,392544152,-2667,-80,-522,-595,-812,-1042
IMU1,38504,392554800,-2719,-164,-537,-392,-973,-1296
IMU1,38505,392565657,-2788,-207,-540,-214,-939,-1474
IMU1,38506,392576511,-2874,-207,-592,-79,-851,-1547
IMU1,38507,392587163,-2893,-172,-627,7,-808,-1557
IMU1,38508,392597525,-2907,-118,-637,40,-833,-1534
IMU1,38509,392608093,-2931,-161,-716,28,-895,-1495
IMU1,38510,392618634,-2873,-149,-704,-35,-964,-1439
IMU1,38511,392629296,-2835,-141,-596,-138,-1002,-1376
IMU1,38512,392640349,-2770,-284,-565,-411,-891,-1253
IMU1,38513,392651195,-2777,-325,-614,-592,-789,-1191
# swing_peak_seq=38487
IMU1,38514,392662075,-2716,-323,-697,-810,-707,-1138
IMU1,38515,392672937,-2619,-315,-710,-1059,-619,-1136
IMU1,38516,392684005,-2542,-313,-629,-1304,-492,-1188
IMU1,38517,392695066,-2521,-327,-613,-1508,-332,-1274
IMU1,38518,392706135,-2499,-344,-514,-1659,-181,-1352
IMU1,38519,392717702,-2513,-396,-396,-1749,60,-1364
IMU1,38520,392728473,-2501,-482,-333,-1683,160,-1272
IMU1,38521,392739421,-2430,-515,-336,-1569,215,-1156
IMU1,38522,392750386,-2316,-442,-429,-1455,202,-1065
IMU1,38523,392761350,-2198,-385,-539,-1362,115,-1033
IMU1,38524,392772320,-2048,-379,-625,-1308,-16,-1060
IMU1,38525,392783170,-1959,-382,-634,-1285,-139,-1134
IMU1,38526,392794237,-1928,-438,-664,-1248,-268,-1293
IMU1,38527,392805293,-1971,-402,-711,-1230,-333,-1338
IMU1,38528,392816352,-1970,-388,-810,-1225,-436,-1346
IMU1,38529,392827401,-1888,-397,-894,-1236,-562,-1318
IMU1,38530,392841010,-1698,-374,-978,-1253,-669,-1282
IMU1,38531,392852053,-1445,-354,-957,-1251,-720,-1246
IMU1,38532,392863114,-1429,-374,-955,-1199,-653,-1219
IMU1,38533,392874188,-1469,-399,-997,-1114,-572,-1171
IMU1,38534,392885262,-1545,-420,-1059,-1022,-521,-1100
IMU1,38535,392896524,-1565,-474,-1149,-940,-540,-1009
IMU1,38536,392907580,-1504,-470,-1225,-884,-625,-917
IMU1,38537,392918456,-1329,-460,-1305,-855,-803,-789
IMU1,38538,392929308,-1246,-474,-1320,-846,-815,-764
IMU1,38539,392940157,-1157,-486,-1359,-841,-778,-758
IMU1,38540,392951029,-1261,-460,-1325,-823,-718,-764
IMU1,38541,392961904,-1395,-492,-1322,-778,-672,-734
IMU1,38542,392972757,-1428,-552,-1284,-713,-645,-660
IMU1,38543,392983613,-1432,-512,-1190,-636,-617,-563
IMU1,38544,392994490,-1387,-554,-1223,-548,-573,-464
IMU1,38545,393005354,-1261,-478,-1341,-489,-534,-353
IMU1,38546,393016222,-1119,-416,-1298,-509,-572,-342
IMU1,38547,393027079,-995,-447,-1375,-523,-625,-380
IMU1,38548,393037742,-982,-383,-1315,-541,-681,-462
IMU1,38549,393048404,-1076,-406,-1233,-544,-727,-550
IMU1,38550,393059266,-1248,-448,-1175,-520,-770,-595
IMU1,38551,393070133,-1343,-432,-1169,-477,-812,-586
IMU1,38552,393080999,-1347,-398,-1255,-441,-857,-550
IMU1,38553,393091869,-1182,-343,-1473,-452,-936,-519
IMU1,38554,393102739,-1068,-355,-1425,-479,-893,-547
IMU1,38555,393113611,-1039,-369,-1324,-476,-747,-602
IMU1,38556,393124467,-1064,-391,-1268,-423,-535,-653
IMU1,38557,393135333,-1098,-427,-1239,-341,-347,-674
IMU1,38558,393146203,-1158,-433,-1191,-233,-254,-666
IMU1,38559,393157075,-1285,-362,-1175,-113,-270,-626
IMU1,38560,393167944,-1366,-378,-1268,-8,-372,-554
IMU1,38561,393178939,-1272,-346,-1313,81,-651,-399
IMU1,38562,393189507,-1227,-351,-1339,74,-717,-384
IMU1,38563,393200091,-1199,-410,-1332,55,-731,-402
IMU1,38564,393210656,-1171,-440,-1316,40,-707,-438
IMU1,38565,393221234,-1184,-480,-1276,43,-660,-486
IMU1,38566,393231746,-1235,-540,-1256,72,-596,-526
IMU1,38567,393242287,-1373,-499,-1265,119,-522,-543
IMU1,38568,393253006,-1498,-393,-1348,160,-454,-515
IMU1,38569,393263734,-1606,-354,-1409,172,-414,-445
IMU1,38570,393274455,-1466,-349,-1518,117,-396,-270
IMU1,38571,393285191,-1368,-421,-1450,94,-317,-214
IMU1,38572,393295714,-1333,-471,-1400,105,-179,-179
IMU1,38573,393306439,-1343,-526,-1381,153,-49,-169
IMU1,38574,393316959,-1406,-602,-1330,218,8,-153
IMU1,38575,393327204,-1451,-679,-1243,296,0,-122
IMU1,38576,393337341,-1550,-714,-1173,382,-53,-87
IMU1,38577,393347693,-1737,-746,-1166,463,-136,-55
IMU1,38578,393358226,-2008,-793,-1210,510,-225,5
IMU1,38579,393368478,-2219,-814,-1203,512,-291,117
IMU1,38580,393379125,-2246,-831,-1227,466,-308,266
IMU1,38581,393389775,-1969,-785,-1267,381,-56,444
IMU1,38582,393400221,-1785,-772,-1217,139,181,410
IMU1,38583,393410769,-1693,-757,-1137,43,421,308
IMU1,38584,393421115,-1715,-729,-1069,-12,611,177
IMU1,38585,393431551,-1747,-723,-996,-28,702,58
IMU1,38586,393441602,-1758,-706,-951,-6,679,-30
IMU1,38587,393451538,-1779,-692,-920,37,573,-96
IMU1,38588,393461581,-1826,-694,-930,96,407,-142
IMU1,38589,393471836,-1855,-709,-991,150,206,-165
IMU1,38590,393482296,-1870,-716,-1042,191,2,-168
IMU1,38591,393492530,-1845,-705,-1060,213,-149,-154
IMU1,38592,393503264,-1820,-712,-1052,222,-195,-133
IMU1,38593,393514008,-1800,-729,-1009,221,-139,-104
IMU1,38594,393525260,-1740,-713,-981,211,91,-35
IMU1,38595,393535309,-1726,-727,-957,195,169,1
IMU1,38596,393545272,-1714,-734,-923,184,190,30
IMU1,38597,393555425,-1706,-718,-879,169,162,67
IMU1,38598,393565570,-1671,-732,-840,154,119,111
IMU1,38599,393575923,-1639,-719,-821,131,84,149
IMU1,38600,393586073,-1611,-708,-837,94,65,179
IMU1,38601,393596021,-1569,-708,-860,44,58,195
IMU1,38602,393605981,-1529,-707,-860,-18,68,196
IMU1,38603,393616016,-1504,-705,-859,-75,102,189
IMU1,38604,393626245,-1487,-721,-846,-114,160,177
IMU1,38605,393636652,-1510,-725,-844,-133,209,175
IMU1,38606,393647079,-1511,-743,-846,-130,231,191
IMU1,38607,393657519,-1552,-759,-816,-110,223,212
IMU1,38608,393667969,-1571,-815,-831,-82,192,246
IMU1,38609,393679242,-1586,-815,-829,-36,110,276
IMU1,38610,393689483,-1622,-846,-846,-29,75,281
IMU1,38611,393699519,-1619,-869,-872,-28,56,280
IMU1,38612,393709564,-1628,-873,-867,-56,60,277
IMU1,38613,393719605,-1619,-893,-890,-89,90,259
IMU1,38614,393729646,-1602,-898,-891,-128,124,233
IMU1,38615,393740059,-1605,-884,-882,-160,153,199
IMU1,38616,393750484,-1608,-881,-872,-179,170,161
IMU1,38617,393760903,-1614,-865,-856,-175,165,121
IMU1,38618,393771322,-1627,-813,-862,-154,139,84
IMU1,38619,393781558,-1643,-757,-906,-129,92,45
IMU1,38620,393791603,-1628,-723,-974,-108,23,3
IMU1,38621,393801444,-1594,-694,-1008,-91,-47,-42
IMU1,38622,393811677,-1563,-647,-1047,-73,-85,-98
IMU1,38623,393821910,-1531,-500,-1169,-64,-88,-152
IMU1,38624,393832880,-1534,-430,-1242,-35,-62,-239
IMU1,38625,393845871,-1531,-335,-1328,-22,-74,-260
IMU1,38626,393856303,-1530,-246,-1437,-4,-103,-277
IMU1,38627,393866733,-1525,-198,-1572,5,-147,-274
IMU1,38628,393877082,-1518,-168,-1676,9,-185,-254
IMU1,38629,393887415,-1520,-144,-1760,14,-196,-212
IMU1,38630,393897946,-1562,-99,-1842,16,-171,-148
IMU1,38631,393908281,-1627,-75,-1993,15,-121,-50
IMU1,38632,393919459,-1674,-71,-2081,-36,35,234
IMU1,38633,393929518,-1627,-103,-2113,-87,155,381
IMU1,38634,393939968,-1595,-126,-2089,-160,307,511
IMU1,38635,393950617,-1551,-164,-2068,-228,492,615
IMU1,38636,393961277,-1492,-163,-2043,-294,678,689
IMU1,38637,393971922,-1429,-145,-2036,-352,822,733
IMU1,38638,393982576,-1342,-141,-2043,-400,894,745
IMU1,38639,393993233,-1251,-131,-2038,-436,894,724
IMU1,38640,394003893,-1144,-106,-2024,-455,842,674
IMU1,38641,394014534,-916,-112,-1938,-458,776,518
IMU1,38642,394024998,-811,-117,-1874,-363,717,439
IMU1,38643,394035444,-770,-112,-1812,-259,696,362
IMU1,38644,394045875,-778,-116,-1797,-133,650,314
IMU1,38645,394056321,-782,-122,-1794,4,562,309
IMU1,38646,394066265,-765,-104,-1821,131,438,346
IMU1,38647,394076606,-686,-54,-1846,226,307,415
IMU1,38648,394086753,-614,-30,-1839,294,204,492
IMU1,38649,394096896,-575,-12,-1850,341,145,577
IMU1,38650,394107039,-552,13,-1843,367,134,672
IMU1,38651,394117102,-536,41,-1839,373,164,781
IMU1,38652,394127175,-527,88,-1915,365,230,903
IMU1,38653,394137250,-472,118,-1993,324,310,1034
IMU1,38654,394147728,-426,101,-2015,258,404,1170
IMU1,38655,394158184,-382,92,-1967,180,524,1309
IMU1,38656,394169479,-398,115,-1897,30,851,1589
IMU1,38657,394179754,-535,112,-1787,-22,1036,1723
IMU1,38658,394190314,-644,140,-1663,-34,1170,1857
IMU1,38659,394200875,-711,155,-1586,0,1235,1972
IMU1,38660,394211051,-809,196,-1423,95,1204,2060
IMU1,38661,394221513,-983,227,-1219,229,1108,2145
IMU1,38662,394232186,-1146,340,-924,377,1055,2247
IMU1,38663,394242857,-1453,585,-492,530,1181,2364
IMU1,38664,394253504,-1940,807,-47,690,1542,2508
IMU1,38665,394263951,-2477,1040,604,871,2003,2690
IMU1,38666,394275238,-3417,1218,606,1315,2212,3100
IMU1,38667,394286211,-3844,1289,639,1558,1641,3245
IMU1,38668,394297160,-4397,1264,630,1828,719,3351
IMU1,38669,394307946,-4928,1187,491,2130,-307,3447
IMU1,38670,394318812,-5088,1048,324,2402,-1121,3519
IMU1,38671,394329880,-4960,865,369,2612,-1491,3522
IMU1,38672,394340736,-4609,483,590,2800,-1386,3429
IMU1,38673,394351609,-4178,-345,1040,3269,-649,3018
IMU1,38674,394362568,-3836,-943,1162,3536,-594,2749
IMU1,38675,394373549,-3531,-1554,1255,3811,-774,2399
IMU1,38676,394384734,-3175,-1918,1068,4045,-1008,1933
IMU1,38677,394396096,-2804,-1742,467,4106,-1336,1281
IMU1,38678,394407249,-2565,-1280,-250,3887,-1896,401
IMU1,38679,394418275,-2607,-542,-1051,3367,-2611,-583
IMU1,38680,394429420,-2645,-272,-1142,1808,-3146,-1971
IMU1,38681,394440779,-2749,-27,-1202,995,-2670,-2174
IMU1,38682,394451731,-2927,176,-1225,256,-1933,-2087
IMU1,38683,394462768,-3085,278,-1098,-368,-1136,-1791
IMU1,38684,394473914,-3175,240,-876,-848,-392,-1380
IMU1,38685,394484672,-3161,157,-638,-1174,216,-956
IMU1,38686,394495344,-2838,32,-315,-1365,657,-433
IMU1,38687,394505809,-2754,-32,-181,-1510,1075,-422
IMU1,38688,394516555,-2757,-99,-73,-1514,1015,-538
IMU1,38689,394527110,-2751,-178,23,-1451,788,-725
IMU1,38690,394537556,-2848,-235,21,-1317,435,-940
IMU1,38691,394548010,-2931,-225,-30,-1134,7,-1139
IMU1,38692,394558345,-2893,-262,-268,-940,-428,-1302
IMU1,38693,394569186,-2738,-310,-309,-762,-787,-1432
IMU1,38694,394580034,-2778,-372,-360,-594,-978,-1522
IMU1,38695,394590873,-2850,-442,-459,-462,-1001,-1528
IMU1,38696,394602434,-2986,-482,-591,-420,-787,-1317
IMU1,38697,394613275,-2882,-478,-537,-514,-621,-1157
IMU1,38698,394624127,-2770,-544,-497,-654,-424,-1033
# swing_peak_seq=38672
IMU1,38699,394634955,-2634,-586,-445,-811,-244,-964
IMU1,38700,394645593,-2478,-588,-448,-973,-170,-963
IMU1,38701,394656245,-2408,-572,-431,-1118,-245,-1048
IMU1,38702,394667274,-2470,-621,-408,-1231,-424,-1179
IMU1,38703,394678329,-2578,-681,-361,-1307,-816,-1339
IMU1,38704,394689367,-2556,-676,-296,-1321,-924,-1320
IMU1,38705,394700414,-2459,-717,-188,-1254,-942,-1258
IMU1,38706,394711478,-2354,-762,-139,-1151,-895,-1183
IMU1,38707,394722541,-2268,-763,-150,-1025,-853,-1129
IMU1,38708,394733590,-2168,-773,-191,-906,-880,-1116
IMU1,38709,394744450,-2036,-792,-301,-823,-979,-1158
IMU1,38710,394755308,-1865,-763,-462,-864,-1222,-1385
IMU1,38711,394766352,-1895,-742,-419,-990,-1291,-1486
IMU1,38712,394777403,-1922,-689,-408,-1124,-1326,-1533
IMU1,38713,394788646,-1941,-595,-412,-1257,-1358,-1511
IMU1,38714,394799902,-1960,-564,-496,-1357,-1414,-1426
IMU1,38715,394811165,-1991,-556,-647,-1439,-1474,-1295
IMU1,38716,394822422,-1835,-522,-879,-1511,-1515,-1006
IMU1,38717,394833676,-1663,-439,-1140,-1620,-1408,-890
IMU1,38718,394847477,-1666,-489,-1133,-1733,-1172,-819
IMU1,38719,394858735,-1466,-453,-947,-1842,-815,-750
IMU1,38720,394869579,-1376,-517,-823,-1879,-375,-744
IMU1,38721,394880426,-1717,-594,-731,-1692,110,-792
IMU1,38722,394891154,-1852,-636,-976,-1520,-43,-729
IMU1,38723,394901798,-1824,-414,-1067,-1367,-354,-611
IMU1,38724,394912830,-1730,-398,-1107,-1261,-623,-502
IMU1,38725,394923873,-1646,-457,-1078,-1172,-735,-420
IMU1,38726,394934911,-1580,-518,-1160,-1087,-688,-368
IMU1,38727,394945958,-1540,-491,-1216,-1021,-568,-346
IMU1,38728,394956993,-1366,-373,-1193,-966,-432,-426
IMU1,38729,394967820,-1394,-274,-1184,-814,-191,-521
IMU1,38730,394978661,-1470,-274,-1181,-712,-113,-593
IMU1,38731,394989508,-1478,-255,-1180,-602,-77,-618
IMU1,38732,395000161,-1555,-151,-1136,-499,-84,-614
IMU1,38733,395010811,-1578,-178,-1143,-400,-136,-575
IMU1,38734,395021650,-1501,-229,-1112,-313,-232,-528
IMU1,38735,395032499,-1442,-206,-1087,-232,-353,-512
IMU1,38736,395043337,-1284,-314,-1118,-157,-478,-529
IMU1,38737,395054184,-1301,-205,-1183,-27,-695,-647
IMU1,38738,395064820,-1410,-99,-1309,24,-802,-717
IMU1,38739,395075157,-1515,-141,-1399,46,-911,-750
IMU1,38740,395085722,-1573,-190,-1452,56,-998,-722
IMU1,38741,395096273,-1570,-208,-1466,55,-1001,-643
IMU1,38742,395107022,-1572,-234,-1449,51,-881,-529
IMU1,38743,395117581,-1535,-313,-1432,50,-651,-392
IMU1,38744,395128151,-1422,-381,-1378,44,-363,-248
IMU1,38745,395138702,-1338,-418,-1288,35,-86,-134
IMU1,38746,395149043,-1240,-506,-1103,40,120,-66
IMU1,38747,395159816,-1319,-530,-1056,119,205,-46
IMU1,38748,395170282,-1349,-480,-911,180,103,-39
IMU1,38749,395180535,-1494,-442,-943,265,-52,-30
IMU1,38750,395190702,-1581,-391,-1083,338,-241,-18
IMU1,38751,395201261,-1622,-381,-1267,363,-447,-12
IMU1,38752,395211800,-1627,-342,-1368,330,-620,-5
IMU1,38753,395222149,-1497,-331,-1387,274,-696,-13
IMU1,38754,395232700,-1473,-340,-1303,233,-622,-46
IMU1,38755,395243249,-1498,-420,-1260,232,-424,-62
IMU1,38756,395253802,-1476,-494,-1235,260,-204,-46
IMU1,38757,395264347,-1470,-585,-1124,306,-34,-35
IMU1,38758,395275194,-1567,-621,-1051,420,67,-54
IMU1,38759,395285451,-1659,-643,-1003,483,-6,-82
IMU1,38760,395295574,-1747,-666,-1008,533,-157,-113
IMU1,38761,395306318,-1811,-686,-1011,567,-332,-140
IMU1,38762,395317056,-1856,-668,-992,576,-464,-163
IMU1,38763,395327599,-1914,-657,-959,555,-505,-177
IMU1,38764,395338167,-2009,-670,-923,521,-461,-175
IMU1,38765,395348714,-2084,-693,-884,472,-373,-137
IMU1,38766,395359258,-2086,-689,-846,410,-280,-71
IMU1,38767,395369604,-2062,-676,-832,338,-207,2
IMU1,38768,395379637,-2026,-722,-764,251,-151,74
IMU1,38769,395390929,-1790,-704,-715,65,-15,172
IMU1,38770,395400988,-1756,-672,-677,-23,70,177
IMU1,38771,395411035,-1756,-698,-668,-104,133,177
IMU1,38772,395421493,-1697,-705,-689,-174,152,180
IMU1,38773,395431941,-1688,-679,-662,-232,144,177
IMU1,38774,395442391,-1699,-692,-656,-279,132,184
IMU1,38775,395452847,-1719,-726,-653,-306,129,211
IMU1,38776,395463299,-1735,-742,-646,-321,142,255
IMU1,38777,395473755,-1725,-762,-649,-327,172,309
IMU1,38778,395484208,-1660,-754,-629,-321,206,358
IMU1,38779,395494660,-1627,-775,-631,-304,228,381
IMU1,38780,395505122,-1725,-803,-649,-277,232,371
IMU1,38781,395515580,-1747,-801,-695,-225,169,390
IMU1,38782,395526038,-1737,-801,-676,-202,154,399
IMU1,38783,395536484,-1740,-801,-653,-186,178,402
IMU1,38784,395546913,-1764,-828,-662,-169,225,396
IMU1,38785,395557353,-1805,-843,-668,-150,251,394
IMU1,38786,395567809,-1812,-846,-658,-132,249,394
IMU1,38787,395578267,-1790,-837,-641,-107,229,393
IMU1,38788,395588715,-1745,-839,-631,-78,207,380
IMU1,38789,395598984,-1698,-838,-638,-51,189,341
IMU1,38790,395609241,-1675,-829,-646,-30,166,279
IMU1,38791,395619491,-1669,-838,-664,-10,128,209
IMU1,38792,395629740,-1645,-815,-665,4,80,135
IMU1,38793,395640539,-1664,-797,-680,36,17,-2
IMU1,38794,395650201,-1660,-791,-688,46,-7,-47
IMU1,38795,395659955,-1662,-757,-682,65,-24,-90
IMU1,38796,395669918,-1673,-754,-685,76,-51,-117
IMU1,38797,395680087,-1686,-760,-702,89,-80,-139
IMU1,38798,395690212,-1736,-751,-716,89,-121,-143
IMU1,38799,395700566,-1769,-749,-722,85,-164,-135
IMU1,38800,395710903,-1819,-754,-709,67,-198,-106
IMU1,38801,395721259,-1844,-748,-714,46,-208,-64
IMU1,38802,395731409,-1813,-758,-724,15,-194,-16
IMU1,38803,395741555,-1798,-740,-715,-23,-152,14
IMU1,38804,395751714,-1785,-741,-719,-65,-99,28
IMU1,38805,395761673,-1756,-737,-704,-105,-59,32
IMU1,38806,395771827,-1743,-712,-686,-137,-38,26
IMU1,38807,395781988,-1729,-701,-675,-161,-30,2
IMU1,38808,395791934,-1700,-699,-676,-170,-44,-20
IMU1,38809,395802179,-1711,-680,-671,-166,-77,-44
IMU1,38810,395812414,-1734,-690,-697,-144,-115,-62
IMU1,38811,395823381,-1796,-682,-712,-92,-195,-57
IMU1,38812,395833636,-1831,-691,-747,-73,-223,-46
IMU1,38813,395843889,-1848,-692,-759,-56,-240,-34
IMU1,38814,395856678,-1826,-686,-761,-60,-240,-17
IMU1,38815,395866909,-1787,-684,-748,-60,-202,-16
IMU1,38816,395877142,-1753,-668,-727,-65,-142,-30
IMU1,38817,395887389,-1737,-651,-732,-68,-86,-50
IMU1,38818,395897427,-1731,-621,-766,-67,-56,-73
IMU1,38819,395907487,-1724,-605,-772,-59,-42,-85
IMU1,38820,395917530,-1714,-606,-754,-49,-21,-87
IMU1,38821,395927580,-1691,-566,-732,-18,16,-78
IMU1,38822,395939091,-1662,-494,-744,54,92,-57
IMU1,38823,395948949,-1672,-452,-809,83,103,-54
IMU1,38824,395958994,-1657,-392,-889,87,84,-59
IMU1,38825,395968854,-1651,-282,-1052,66,44,-77
IMU1,38826,395978900,-1615,-163,-1224,5,8,-98
IMU1,38827,395988555,-1620,-171,-1252,-69,21,-107
IMU1,38828,395998898,-1630,-200,-1275,-115,111,-93
IMU1,38829,396009453,-1626,-158,-1345,-135,254,-63
IMU1,38830,396019988,-1643,-74,-1494,-147,383,-33
IMU1,38831,396030338,-1688,-15,-1683,-182,441,2
IMU1,38832,396040391,-1718,28,-1796,-241,426,49
IMU1,38833,396050542,-1748,50,-1854,-316,385,116
IMU1,38834,396060910,-1682,34,-1918,-395,370,199
IMU1,38835,396071275,-1674,41,-2015,-475,404,287
IMU1,38836,396081636,-1560,112,-2196,-559,466,365
IMU1,38837,396092731,-1299,199,-2261,-746,590,419
IMU1,38838,396103296,-1191,209,-2263,-809,641,403
IMU1,38839,396113852,-1083,184,-2246,-832,703,374
IMU1,38840,396124417,-985,214,-2253,-825,769,350
IMU1,38841,396134776,-876,280,-2294,-794,817,333
IMU1,38842,396145140,-783,321,-2314,-748,833,317
IMU1,38843,396155519,-745,322,-2320,-679,817,307
IMU1,38844,396165899,-752,375,-2355,-588,773,320
IMU1,38845,396176264,-774,450,-2422,-487,698,367
IMU1,38846,396186615,-787,474,-2543,-402,620,447
IMU1,38847,396196977,-773,468,-2516,-332,592,553
IMU1,38848,396207872,-835,561,-2617,-175,795,810
IMU1,38849,396218237,-788,616,-2709,-115,913,956
IMU1,38850,396228623,-835,687,-2700,-78,990,1089
IMU1,38851,396238991,-888,735,-2689,-57,1067,1242
IMU1,38852,396249560,-984,814,-2691,-30,1168,1429
IMU1,38853,396260131,-1032,940,-2584,3,1308,1649
IMU1,38854,396270598,-1067,1017,-2404,79,1496,1883
IMU1,38855,396281473,-1149,1027,-2053,234,1738,2124
IMU1,38856,396292558,-1291,1071,-1605,495,2021,2388
IMU1,38857,396303615,-1761,1243,-612,1302,2487,3012
IMU1,38858,396314690,-2126,1335,-72,1767,2531,3368
IMU1,38859,396325566,-2554,1404,414,2252,2421,3737
IMU1,38860,396336558,-3008,1571,774,2696,2204,4086
IMU1,38861,396347550,-3560,1752,1057,3067,1852,4369
IMU1,38862,396358741,-4241,1835,1120,3330,1306,4580
IMU1,38863,396369922,-4949,1880,1104,3455,557,4758
IMU1,38864,396381435,-5910,1855,1245,3402,-771,5123
IMU1,38865,396392532,-6022,1609,1477,3344,-901,5299
IMU1,38866,396403610,-5889,1073,1852,3362,-744,5377
IMU1,38867,396414689,-5722,463,2113,3494,-562,5304
IMU1,38868,396425584,-5266,-337,2279,3708,-611,5046
IMU1,38869,396436577,-4498,-1215,2583,3961,-882,4524
IMU1,38870,396447748,-3266,-2222,2367,4343,-1823,2407
IMU1,38871,396459139,-3098,-2201,1626,4248,-2724,971
IMU1,38872,396470323,-3080,-1958,788,3860,-3769,-412
IMU1,38873,396481414,-3133,-1492,-42,3205,-4560,-1473
IMU1,38874,396492580,-3174,-908,-880,2344,-4777,-2069
IMU1,38875,396503781,-3180,-379,-1410,1356,-4330,-2208
IMU1,38876,396515150,-3274,156,-1637,-604,-1698,-1555
IMU1,38877,396526310,-3133,297,-1353,-1451,-106,-1051
IMU1,38878,396537470,-2830,281,-718,-2113,1218,-651
IMU1,38879,396548343,-2565,123,-22,-2501,2115,-480
IMU1,38880,396558990,-2465,-48,489,-2612,2481,-514
IMU1,38881,396569646,-2491,-182,752,-2484,2270,-683
IMU1,38882,396580492,-2579,-264,777,-2178,1572,-905
IMU1,38883,396591347,-2702,-247,410,-1772,600,-1118
IMU1,38884,396602215,-2864,-193,153,-966,-1093,-1421
IMU1,38885,396613167,-3031,-88,-139,-714,-1477,-1496
IMU1,38886,396624022,-3170,-45,-451,-595,-1538,-1520
IMU1,38887,396634874,-3150,42,-652,-617,-1388,-1509
IMU1,38888,396645649,-3093,99,-659,-733,-1070,-1519
IMU1,38889,396656416,-3022,106,-520,-875,-625,-1543
IMU1,38890,396667183,-3028,-20,-355,-984,-149,-1566
IMU1,38891,396677842,-3021,-112,-162,-1028,165,-1563
IMU1,38892,396688787,-3030,-137,-152,-946,30,-1451
# swing_peak_seq=38866
IMU1,38893,396699349,-2930,-144,-163,-879,-222,-1358
IMU1,38894,396710192,-2864,-160,-165,-835,-416,-1280
IMU1,38895,396721035,-2769,-191,-290,-831,-502,-1238
IMU1,38896,396731889,-2686,-212,-419,-867,-521,-1237
IMU1,38897,396742745,-2632,-264,-502,-937,-484,-1285
IMU1,38898,396753588,-2550,-355,-486,-1011,-400,-1345
IMU1,38899,396764648,-2375,-376,-367,-1043,-301,-1392
IMU1,38900,396775707,-2278,-430,-307,-920,-177,-1405
IMU1,38901,396786569,-2164,-460,-304,-798,-192,-1373
IMU1,38902,396797435,-2026,-435,-380,-663,-300,-1353
IMU1,38903,396808315,-1916,-421,-476,-540,-508,-1358
IMU1,38904,396819161,-1834,-423,-602,-442,-771,-1373
IMU1,38905,396830014,-1800,-397,-753,-382,-1033,-1386
IMU1,38906,396841057,-1798,-380,-942,-376,-1250,-1376
IMU1,38907,396852613,-1864,-413,-1016,-514,-1337,-1205
IMU1,38908,396866400,-1769,-495,-1047,-614,-1148,-1050
IMU1,38909,396877629,-1715,-483,-1019,-727,-861,-910
IMU1,38910,396888466,-1671,-516,-1054,-830,-548,-815
IMU1,38911,396899306,-1467,-478,-1255,-925,-308,-770
IMU1,38912,396910165,-1398,-431,-1269,-1140,-162,-858
IMU1,38913,396921202,-1336,-449,-1257,-1219,-151,-942
IMU1,38914,396932251,-1366,-481,-1186,-1269,-132,-1004
IMU1,38915,396943485,-1163,-346,-940,-1258,-100,-1040
IMU1,38916,396954525,-1281,-566,-925,-1164,-67,-1087
IMU1,38917,396965361,-1484,-730,-1023,-1011,-121,-1132
IMU1,38918,396976598,-1297,-468,-1108,-868,-649,-996
IMU1,38919,396987444,-1233,-453,-1141,-692,-830,-952
IMU1,38920,396998296,-1305,-469,-1221,-671,-872,-917
IMU1,38921,397009151,-1410,-488,-1329,-708,-847,-827
IMU1,38922,397019988,-1368,-427,-1366,-807,-797,-700
IMU1,38923,397030840,-1322,-370,-1385,-925,-735,-594
IMU1,38924,397041687,-1229,-391,-1379,-1038,-660,-537
IMU1,38925,397052734,-1165,-415,-1249,-1132,-583,-524
IMU1,38926,397063796,-1165,-451,-1167,-1195,-425,-554
IMU1,38927,397074855,-1126,-503,-1093,-1158,-361,-545
IMU1,38928,397085910,-1146,-452,-1038,-1093,-323,-531
IMU1,38929,397096969,-1204,-443,-1038,-998,-300,-522
IMU1,38930,397107813,-1260,-506,-984,-904,-348,-474
IMU1,38931,397118469,-1274,-412,-1107,-800,-522,-407
IMU1,38932,397129323,-1310,-482,-1155,-718,-795,-360
IMU1,38933,397140178,-1273,-457,-1263,-514,-1408,-325
IMU1,38934,397151233,-1185,-395,-1370,-429,-1605,-351
IMU1,38935,397162278,-1268,-392,-1505,-405,-1640,-408
IMU1,38936,397173315,-1352,-437,-1448,-427,-1497,-445
IMU1,38937,397184362,-1473,-433,-1406,-462,-1221,-419
IMU1,38938,397195400,-1565,-365,-1399,-492,-895,-333
IMU1,38939,397206250,-1677,-284,-1506,-522,-607,-223
IMU1,38940,397217103,-1581,-163,-1616,-640,-326,-18
IMU1,38941,397227737,-1520,-205,-1580,-672,-258,28
IMU1,38942,397238294,-1475,-258,-1560,-651,-191,35
IMU1,38943,397248850,-1472,-267,-1552,-575,-121,0
IMU1,38944,397259103,-1514,-294,-1522,-466,-77,-30
IMU1,38945,397269572,-1549,-363,-1436,-321,-55,-40
IMU1,38946,397280031,-1710,-371,-1422,-149,-51,-13
IMU1,38947,397290470,-1710,-366,-1417,20,-63,52
IMU1,38948,397300533,-1723,-419,-1399,161,-144,122
IMU1,38949,397311187,-1708,-441,-1331,266,-276,184
IMU1,38950,397321865,-1645,-480,-1268,346,-396,216
IMU1,38951,397333026,-1598,-496,-1028,412,-424,171
IMU1,38952,397343673,-1695,-584,-1075,421,-353,132
IMU1,38953,397354331,-1820,-580,-1042,388,-287,113
IMU1,38954,397364982,-1889,-541,-1023,320,-235,122
IMU1,38955,397375625,-1921,-542,-996,231,-169,135
IMU1,38956,397386083,-1958,-634,-1036,125,-88,144
IMU1,38957,397396539,-1943,-643,-999,0,3,164
IMU1,38958,397405992,-1826,-645,-912,-106,109,181
IMU1,38959,397416448,-1724,-675,-826,-173,231,164
IMU1,38960,397426888,-1671,-685,-757,-202,324,128
IMU1,38961,397437334,-1633,-660,-624,-192,364,77
IMU1,38962,397448637,-1703,-619,-557,-109,224,-18
IMU1,38963,397458984,-1749,-616,-557,-55,63,-46
IMU1,38964,397468941,-1787,-616,-611,-3,-143,-62
IMU1,38965,397478989,-1832,-650,-757,32,-333,-75
IMU1,38966,397489137,-1818,-666,-746,18,-434,-71
IMU1,38967,397499285,-1754,-615,-751,-6,-409,-55
IMU1,38968,397509333,-1773,-701,-813,-31,-277,-48
IMU1,38969,397519578,-1806,-707,-868,-76,-120,-20
IMU1,38970,397529821,-1863,-664,-834,-137,28,28
IMU1,38971,397539864,-1876,-658,-800,-197,162,87
IMU1,38972,397550106,-1868,-636,-761,-244,254,147
IMU1,38973,397560567,-1882,-637,-763,-265,302,196
IMU1,38974,397571031,-1864,-648,-789,-276,303,235
IMU1,38975,397581495,-1830,-642,-795,-271,281,256
IMU1,38976,397592993,-1700,-664,-784,-235,261,238
IMU1,38977,397603458,-1651,-656,-756,-190,268,191
IMU1,38978,397613906,-1632,-655,-723,-115,274,115
IMU1,38979,397624364,-1625,-660,-709,-34,244,43
IMU1,38980,397634403,-1650,-649,-707,68,171,-30
IMU1,38981,397644450,-1705,-630,-707,171,64,-84
IMU1,38982,397654511,-1755,-633,-727,263,-49,-114
IMU1,38983,397664869,-1789,-633,-761,335,-143,-119
IMU1,38984,397675422,-1804,-635,-811,371,-199,-100
IMU1,38985,397685983,-1805,-640,-866,370,-207,-70
IMU1,38986,397696331,-1785,-655,-860,336,-163,-30
IMU1,38987,397706666,-1748,-657,-811,289,-70,12
IMU1,38988,397717763,-1728,-655,-779,195,138,57
IMU1,38989,397727931,-1790,-651,-752,166,182,71
IMU1,38990,397738099,-1779,-654,-747,140,158,93
IMU1,38991,397748263,-1774,-647,-726,120,110,92
IMU1,38992,397758419,-1805,-649,-729,105,69,85
IMU1,38993,397768383,-1769,-660,-759,90,47,84
IMU1,38994,397778140,-1712,-657,-767,67,40,78
IMU1,38995,397787907,-1675,-645,-771,45,48,56
IMU1,38996,397797678,-1633,-651,-777,35,63,21
IMU1,38997,397807454,-1630,-649,-769,33,69,-19
IMU1,38998,397817309,-1682,-654,-776,40,57,-50
IMU1,38999,397827170,-1704,-674,-806,47,24,-57
IMU1,39000,397837021,-1720,-671,-815,51,-26,-43
IMU1,39001,397846964,-1767,-674,-806,55,-67,-19
IMU1,39002,397856908,-1813,-692,-827,58,-101,19
IMU1,39003,397869514,-1831,-701,-848,51,-128,67
IMU1,39004,397879581,-1857,-688,-848,32,-143,110
IMU1,39005,397890886,-1859,-713,-875,-33,-108,172
IMU1,39006,397901234,-1842,-723,-874,-77,-60,183
IMU1,39007,397911392,-1837,-731,-872,-122,2,178
IMU1,39008,397921464,-1795,-753,-848,-162,60,173
IMU1,39009,397931721,-1748,-756,-816,-187,116,148
IMU1,39010,397942179,-1703,-755,-776,-197,147,116
IMU1,39011,397952651,-1684,-759,-754,-181,147,67
IMU1,39012,397962906,-1661,-741,-764,-158,105,16
IMU1,39013,397973169,-1647,-716,-754,-132,32,-34
IMU1,39014,397983330,-1644,-713,-738,-102,-44,-74
IMU1,39015,397993593,-1663,-699,-748,-64,-96,-100
IMU1,39016,398003857,-1701,-660,-765,-31,-130,-110
IMU1,39017,398014306,-1722,-636,-830,-10,-156,-107
IMU1,39018,398025813,-1702,-557,-875,-34,-191,-75
IMU1,39019,398036081,-1707,-514,-940,-74,-161,-66
IMU1,39020,398046340,-1694,-460,-1021,-137,-102,-58
IMU1,39021,398057001,-1675,-383,-1081,-217,-24,-45
IMU1,39022,398067451,-1670,-297,-1132,-287,67,-33
IMU1,39023,398077816,-1685,-241,-1181,-344,158,-8
IMU1,39024,398088188,-1697,-189,-1235,-383,230,30
IMU1,39025,398098644,-1700,-140,-1325,-410,260,77
IMU1,39026,398109100,-1688,-83,-1425,-435,246,124
IMU1,39027,398119562,-1638,-22,-1506,-470,211,152
IMU1,39028,398130037,-1557,108,-1602,-510,199,159
IMU1,39029,398141136,-1568,145,-1658,-554,247,138
IMU1,39030,398151701,-1591,187,-1732,-558,257,139
IMU1,39031,398162270,-1579,237,-1826,-560,232,148
IMU1,39032,398172839,-1528,268,-1884,-565,189,161
IMU1,39033,398183393,-1444,274,-1969,-563,160,166
IMU1,39034,398193947,-1361,283,-2012,-547,161,156
IMU1,39035,398204508,-1238,351,-2074,-514,194,128
IMU1,39036,398215087,-1138,408,-2043,-460,230,84
IMU1,39037,398225449,-1087,350,-2099,-382,235,30
IMU1,39038,398235820,-964,432,-2126,-281,169,-10
IMU1,39039,398246603,-880,499,-2188,-70,-22,-21
IMU1,39040,398256554,-865,546,-2220,37,-76,-6
IMU1,39041,398266225,-908,566,-2343,136,-117,42
IMU1,39042,398276395,-948,569,-2447,216,-182,141
IMU1,39043,398286764,-995,593,-2533,268,-232,285
IMU1,39044,398297138,-1054,651,-2605,285,-216,468
IMU1,39045,398307698,-1119,747,-2744,274,-147,670
IMU1,39046,398318275,-1167,791,-2922,230,-69,886
IMU1,39047,398328655,-1202,788,-3039,161,31,1112
IMU1,39048,398339140,-1258,840,-3089,89,221,1351
IMU1,39049,398349611,-1229,918,-3111,45,544,1602
IMU1,39050,398360083,-1160,912,-2926,64,990,1846
IMU1,39051,398370557,-894,864,-2317,198,1500,2056
IMU1,39052,398381247,-1103,878,-2257,829,2223,2260
IMU1,39053,398392130,-1128,930,-2094,1187,2227,2410
IMU1,39054,398403219,-1140,956,-1655,1561,2049,2597
IMU1,39055,398414279,-1183,964,-1171,1940,1940,2807
IMU1,39056,398425349,-1273,1007,-634,2321,1981,3028
IMU1,39057,398436443,-1489,1066,-92,2699,2119,3245
IMU1,39058,398447316,-2495,1479,934,3056,2266,3487
IMU1,39059,398458316,-3302,1770,1283,3607,2415,4145
IMU1,39060,398469501,-4023,1958,1542,3686,2336,4593
IMU1,39061,398480675,-4609,2113,1817,3591,2154,5029
IMU1,39062,398491856,-5267,2165,2080,3419,1819,5352
IMU1,39063,398503029,-5901,1856,2223,3290,1138,5510
IMU1,39064,398514218,-6112,1263,2259,3292,-60,5454
IMU1,39065,398525621,-4931,-335,2567,3830,-2898,4387
IMU1,39066,398536794,-4364,-1055,2632,4266,-3688,3443
IMU1,39067,398548171,-3889,-1509,2385,4615,-3951,2408
IMU1,39068,398559545,-3519,-1620,1839,4725,-3899,1350
IMU1,39069,398570928,-3407,-1373,1181,4501,-3726,338
IMU1,39070,398582093,-3551,-594,-212,3955,-3521,-526
IMU1,39071,398593052,-3544,-236,-648,2190,-3021,-1577
IMU1,39072,398604209,-3417,133,-783,1182,-2410,-1759
IMU1,39073,398615270,-3294,418,-724,237,-1433,-1784
IMU1,39074,398626129,-3291,590,-527,-581,-320,-1688
IMU1,39075,398636871,-3279,581,-161,-1213,657,-1509
IMU1,39076,398647724,-3129,510,276,-1639,1350,-1314
IMU1,39077,398658689,-3001,446,768,-1853,1695,-1185
IMU1,39078,398669649,-3052,336,686,-1810,1241,-1192
IMU1,39079,398680612,-3121,273,526,-1686,600,-1280
IMU1,39080,398691376,-3156,151,322,-1540,4,-1372
IMU1,39081,398701750,-3110,64,200,-1424,-354,-1422
IMU1,39082,398712428,-3079,15,139,-1328,-388,-1440
IMU1,39083,398723084,-3073,-36,102,-1253,-220,-1426
IMU1,39084,398733838,-3030,-49,83,-1187,-53,-1400
IMU1,39085,398744198,-2890,-83,79,-1128,-11,-1385
IMU1,39086,398754550,-2726,-130,47,-1070,-111,-1397
IMU1,39087,398765301,-2474,-78,-92,-986,-638,-1476
IMU1,39088,398775764,-2374,-112,-119,-947,-917,-1518
IMU1,39089,398786634,-2291,-201,-126,-900,-1117,-1544
IMU1,39090,398797677,-2222,-270,-125,-841,-1231,-1558
IMU1,39091,398808730,-2267,-246,-217,-786,-1315,-1556
IMU1,39092,398819779,-2343,-246,-292,-749,-1439,-1521
# swing_peak_seq=39066
IMU1,39093,398830840,-2434,-262,-417,-733,-1598,-1436
IMU1,39094,398841901,-2207,-312,-730,-749,-1731,-1206
IMU1,39095,398852967,-2100,-335,-808,-929,-1729,-1125
IMU1,39096,398864005,-1977,-406,-849,-1060,-1562,-1077
IMU1,39097,398877793,-2009,-456,-790,-1182,-1330,-1060
IMU1,39098,398889048,-2073,-549,-753,-1273,-1088,-1034
IMU1,39099,398900300,-2154,-650,-675,-1372,-762,-938
IMU1,39100,398911158,-2055,-704,-698,-1390,-703,-886
IMU1,39101,398922026,-1893,-633,-829,-1391,-725,-879
IMU1,39102,398932890,-1870,-549,-922,-1414,-822,-899
IMU1,39103,398943748,-1888,-678,-999,-1436,-913,-896
IMU1,39104,398954627,-2000,-668,-998,-1448,-936,-833
IMU1,39105,398965474,-2022,-667,-1055,-1430,-889,-718
IMU1,39106,398976527,-1945,-734,-966,-1395,-799,-496
IMU1,39107,398987372,-1884,-811,-913,-1242,-460,-442
IMU1,39108,398998228,-1754,-824,-904,-1118,-238,-439
IMU1,39109,399009096,-1708,-760,-888,-961,-47,-507
IMU1,39110,399019547,-1760,-760,-856,-802,61,-604
IMU1,39111,399029909,-1786,-761,-880,-639,72,-693
IMU1,39112,399040286,-1794,-675,-941,-491,-16,-775
IMU1,39113,399050738,-1789,-616,-974,-380,-170,-848
IMU1,39114,399061397,-1769,-603,-947,-304,-324,-916
IMU1,39115,399072065,-1764,-614,-942,-246,-438,-973
IMU1,39116,399083240,-1795,-583,-965,-167,-597,-1017
IMU1,39117,399094099,-1814,-532,-941,-131,-670,-990
IMU1,39118,399104766,-1680,-512,-827,-94,-720,-917
IMU1,39119,399115219,-1700,-647,-921,-28,-715,-865
IMU1,39120,399125670,-1772,-633,-1124,11,-741,-818
IMU1,39121,399136231,-1630,-553,-1256,-24,-829,-753
IMU1,39122,399146883,-1491,-443,-1193,-116,-855,-719
IMU1,39123,399157741,-1411,-467,-1182,-221,-724,-725
IMU1,39124,399168601,-1380,-499,-1199,-333,-477,-741
IMU1,39125,399179453,-1352,-563,-1146,-534,8,-729
IMU1,39126,399189825,-1420,-575,-1116,-582,152,-720
IMU1,39127,399200600,-1538,-634,-1123,-603,191,-672
IMU1,39128,399211361,-1505,-656,-1076,-594,130,-590
IMU1,39129,399222128,-1594,-703,-1163,-567,8,-499
IMU1,39130,399232496,-1524,-680,-1134,-546,-120,-383
IMU1,39131,399243342,-1361,-669,-1035,-519,-169,-272
IMU1,39132,399254195,-1171,-648,-883,-470,-96,-213
IMU1,39133,399264660,-1199,-693,-1045,-390,37,-218
IMU1,39134,399275738,-1254,-610,-1045,-282,88,-234
IMU1,39135,399286311,-1315,-668,-1194,-257,-15,-242
IMU1,39136,399296968,-1388,-622,-1066,-272,-134,-234
IMU1,39137,399307821,-1414,-634,-1041,-286,-205,-190
IMU1,39138,399318689,-1381,-703,-1013,-300,-220,-135
IMU1,39139,399329556,-1393,-682,-975,-315,-224,-96
IMU1,39140,399340023,-1433,-665,-1052,-334,-238,-76
IMU1,39141,399350687,-1431,-646,-1174,-380,-278,-71
IMU1,39142,399361362,-1378,-524,-1291,-460,-301,-83
IMU1,39143,399371982,-1398,-487,-1352,-644,-185,-91
IMU1,39144,399382619,-1433,-472,-1432,-720,-32,-71
IMU1,39145,399393070,-1472,-484,-1453,-790,128,-23
IMU1,39146,399403617,-1475,-491,-1441,-834,277,52
IMU1,39147,399414065,-1493,-500,-1447,-858,403,132
IMU1,39148,399424716,-1503,-523,-1447,-855,497,209
IMU1,39149,399435365,-1499,-527,-1392,-830,562,274
IMU1,39150,399446031,-1504,-527,-1373,-784,598,322
IMU1,39151,399456695,-1507,-557,-1285,-716,602,357
IMU1,39152,399467877,-1618,-611,-1258,-518,515,394
IMU1,39153,399478543,-1646,-690,-1236,-397,408,416
IMU1,39154,399489200,-1608,-715,-1239,-276,282,408
IMU1,39155,399499847,-1555,-708,-1207,-165,169,361
IMU1,39156,399510501,-1548,-703,-1132,-65,110,279
IMU1,39157,399520972,-1579,-736,-1063,25,105,184
IMU1,39158,399531331,-1588,-746,-971,115,112,97
IMU1,39159,399541507,-1617,-805,-949,206,89,15
IMU1,39160,399551469,-1662,-829,-978,287,2,-64
IMU1,39161,399561336,-1701,-838,-929,350,-145,-124
IMU1,39162,399571897,-1702,-839,-920,403,-322,-164
IMU1,39163,399582442,-1728,-844,-960,437,-543,-189
IMU1,39164,399592997,-1702,-832,-973,408,-545,-177
IMU1,39165,399603550,-1664,-836,-974,341,-477,-165
IMU1,39166,399614103,-1644,-846,-979,252,-366,-152
IMU1,39167,399624656,-1628,-837,-963,160,-237,-142
IMU1,39168,399635195,-1602,-824,-937,61,-108,-125
IMU1,39169,399645555,-1592,-813,-914,-26,11,-110
IMU1,39170,399655722,-1610,-812,-896,-100,104,-93
IMU1,39171,399666071,-1637,-806,-903,-162,165,-66
IMU1,39172,399676425,-1639,-801,-917,-212,198,-32
IMU1,39173,399686787,-1620,-779,-919,-259,213,5
IMU1,39174,399696853,-1597,-770,-920,-295,217,36
IMU1,39175,399707124,-1542,-758,-900,-312,222,57
IMU1,39176,399717929,-1556,-746,-887,-315,280,74
IMU1,39177,399728215,-1586,-738,-881,-293,301,79
IMU1,39178,399738495,-1611,-744,-864,-273,294,95
IMU1,39179,399748768,-1621,-737,-858,-234,262,108
IMU1,39180,399759238,-1614,-734,-872,-192,210,118
IMU1,39181,399769715,-1611,-731,-867,-148,149,122
IMU1,39182,399780145,-1614,-735,-880,-103,98,117
IMU1,39183,399790385,-1612,-737,-891,-64,62,108
IMU1,39184,399800438,-1616,-723,-883,-20,38,96
IMU1,39185,399810281,-1647,-718,-889,24,23,85
IMU1,39186,399820036,-1656,-738,-900,51,17,77
IMU1,39187,399829805,-1657,-725,-908,76,19,68
IMU1,39188,399839568,-1673,-722,-918,90,25,55
IMU1,39189,399849344,-1668,-732,-935,92,32,41
IMU1,39190,399859111,-1648,-732,-930,83,28,24
IMU1,39191,399868886,-1641,-727,-931,77,23,2
IMU1,39192,399881010,-1637,-736,-945,73,32,-28
IMU1,39193,399890868,-1646,-726,-969,68,41,-21
IMU1,39194,399900722,-1650,-726,-1000,59,40,-3
IMU1,39195,399910580,-1652,-709,-1028,45,44,16
IMU1,39196,399920538,-1631,-697,-1060,17,50,36
IMU1,39197,399930503,-1617,-694,-1054,-25,74,56
IMU1,39198,399940566,-1613,-691,-1048,-58,113,72
IMU1,39199,399950817,-1589,-681,-1042,-75,152,83
IMU1,39200,399961082,-1571,-673,-1029,-73,175,91
IMU1,39201,399971343,-1580,-670,-1020,-61,183,95
IMU1,39202,399981606,-1591,-676,-1038,-33,171,100
IMU1,39203,399992058,-1598,-670,-1049,-6,133,106
IMU1,39204,400002318,-1606,-674,-1073,14,84,119
IMU1,39205,400012443,-1584,-679,-1104,24,34,130
IMU1,39206,400022590,-1550,-668,-1096,33,2,132
IMU1,39207,400032532,-1501,-656,-1097,35,-9,124
IMU1,39208,400042563,-1490,-640,-1091,32,0,100
IMU1,39209,400052394,-1487,-648,-1103,23,13,73
IMU1,39210,400062337,-1453,-645,-1131,13,9,48
IMU1,39211,400072082,-1452,-613,-1135,-8,-4,18
IMU1,39212,400083378,-1460,-583,-1180,-41,-34,-2
IMU1,39213,400093405,-1443,-567,-1209,-51,-38,10
IMU1,39214,400103541,-1405,-517,-1262,-49,-49,29
IMU1,39215,400113673,-1360,-468,-1330,-64,-74,39
IMU1,39216,400123810,-1314,-413,-1377,-80,-110,32
IMU1,39217,400134146,-1287,-358,-1440,-107,-144,19
IMU1,39218,400144668,-1251,-267,-1541,-145,-165,4
IMU1,39219,400154995,-1223,-144,-1647,-185,-167,-16
IMU1,39220,400165614,-1237,-30,-1772,-228,-168,-25
IMU1,39221,400176038,-1265,61,-1913,-280,-181,-2
IMU1,39222,400186180,-1254,169,-2077,-344,-209,56
IMU1,39223,400196613,-1197,261,-2244,-422,-238,142
IMU1,39224,400207254,-1033,492,-2621,-513,-229,237
IMU1,39225,400217897,-936,607,-2804,-695,-72,442
IMU1,39226,400228146,-835,681,-2961,-789,56,558
IMU1,39227,400238305,-727,735,-2991,-851,218,675
IMU1,39228,400248667,-675,770,-2987,-851,423,791
IMU1,39229,400259028,-676,809,-2969,-793,641,934
IMU1,39230,400269387,-669,814,-2990,-689,803,1110
IMU1,39231,400279939,-694,910,-3096,-554,881,1306
IMU1,39232,400290514,-652,970,-3342,-438,868,1519
IMU1,39233,400301077,-676,956,-3537,-364,820,1744
IMU1,39234,400311644,-690,976,-3704,-339,832,1986
IMU1,39235,400322213,-613,977,-3508,-343,988,2245
IMU1,39236,400333299,-607,692,-3440,-281,1724,2722
IMU1,39237,400344047,-533,635,-3339,-199,1996,2896
IMU1,39238,400354805,-448,635,-3134,-91,2131,2991
IMU1,39239,400365380,-429,552,-2856,69,2191,3022
IMU1,39240,400375860,-454,512,-2476,275,2245,3019
IMU1,39241,400386542,-537,522,-1996,544,2330,3000
IMU1,39242,400397211,-728,513,-1562,886,2410,2973
IMU1,39243,400407870,-972,581,-1074,1272,2433,2945
IMU1,39244,400418742,-1893,752,-123,1679,2405,2934
IMU1,39245,400429601,-2466,794,306,2473,2071,3057
IMU1,39246,400440376,-3074,901,542,2800,1618,3186
IMU1,39247,400451142,-3497,1093,678,3029,936,3320
IMU1,39248,400461920,-3919,1337,688,3150,165,3394
IMU1,39249,400472691,-4369,1585,403,3152,-492,3396
IMU1,39250,400483566,-4735,1754,119,2954,-867,3370
IMU1,39251,400494439,-4907,1713,49,2559,-842,3350
IMU1,39252,400505108,-4885,1124,600,2085,-487,3344
IMU1,39253,400515974,-4537,623,1041,1457,83,3278
IMU1,39254,400526541,-4280,93,1403,1471,-81,3161
IMU1,39255,400537012,-3963,-292,1429,1649,-500,2948
IMU1,39256,400547978,-3579,-543,1181,1840,-1050,2596
IMU1,39257,400559139,-3159,-681,898,1938,-1583,2076
IMU1,39258,400570121,-2881,-708,515,1917,-1988,1425
IMU1,39259,400581089,-2772,-589,60,1781,-2227,728
IMU1,39260,400591662,-2707,-300,-607,1543,-2242,95
IMU1,39261,400602839,-2585,-30,-873,845,-1459,-780
IMU1,39262,400613384,-2640,235,-1177,448,-962,-1026
IMU1,39263,400624233,-2758,505,-1482,21,-611,-1126
IMU1,39264,400634890,-2824,606,-1493,-424,-343,-1057
IMU1,39265,400645834,-2763,557,-1205,-819,54,-867
IMU1,39266,400656276,-2653,511,-869,-1095,597,-670
IMU1,39267,400666923,-2570,484,-683,-1240,1010,-573
IMU1,39268,400677759,-2566,485,-522,-1281,1070,-603
IMU1,39269,400688600,-2686,396,-436,-1105,503,-879
IMU1,39270,400699257,-2741,407,-484,-939,145,-1020
IMU1,39271,400709900,-2815,398,-561,-769,-132,-1136
IMU1,39272,400720657,-2812,367,-672,-608,-294,-1234
IMU1,39273,400731401,-2749,366,-784,-478,-357,-1331
IMU1,39274,400742158,-2732,319,-814,-382,-317,-1441
IMU1,39275,400752925,-2704,277,-862,-313,-220,-1526
# swing_peak_seq=39249
IMU1,39276,400763673,-2711,245,-912,-280,-122,-1558
IMU1,39277,400774428,-2725,211,-860,-298,-32,-1520
IMU1,39278,400785484,-2746,141,-857,-481,188,-1297
IMU1,39279,400796126,-2661,122,-846,-622,225,-1184
IMU1,39280,400806779,-2558,142,-843,-755,192,-1148
IMU1,39281,400817426,-2484,108,-843,-880,125,-1186
IMU1,39282,400828067,-2421,44,-792,-955,64,-1275
IMU1,39283,400838332,-2348,-37,-748,-960,13,-1375
IMU1,39284,400848682,-2325,-88,-723,-896,-48,-1465
IMU1,39285,400859108,-2329,-101,-790,-783,-134,-1531
IMU1,39286,400869962,-2241,-146,-875,-674,-235,-1560
IMU1,39287,400883369,-1992,-166,-882,-584,-295,-1540
IMU1,39288,400894204,-1952,-149,-880,-598,-244,-1533
IMU1,39289,400905056,-1943,-128,-1002,-634,-280,-1524
IMU1,39290,400916091,-1948,-67,-1114,-691,-473,-1498
IMU1,39291,400926944,-1893,-64,-1155,-753,-747,-1429
IMU1,39292,400937796,-1768,-204,-1191,-798,-956,-1327
IMU1,39293,400948843,-1500,-226,-1226,-843,-969,-1159
IMU1,39294,400959881,-1521,-256,-1302,-851,-905,-1136
IMU1,39295,400970936,-1517,-284,-1429,-875,-883,-1118
IMU1,39296,400981989,-1530,-229,-1483,-923,-911,-1099
IMU1,39297,400993043,-1667,-214,-1430,-977,-929,-1065
IMU1,39298,401004091,-1704,-359,-1422,-1002,-893,-987
IMU1,39299,401015126,-1718,-242,-1412,-993,-835,-870
IMU1,39300,401025975,-1720,-310,-1556,-919,-815,-864
IMU1,39301,401036827,-1651,-274,-1695,-908,-863,-873
IMU1,39302,401047666,-1609,-234,-1752,-933,-844,-895
IMU1,39303,401058518,-1492,-235,-1597,-964,-691,-900
IMU1,39304,401069380,-1438,-326,-1504,-952,-426,-901
IMU1,39305,401080244,-1390,-268,-1396,-886,-193,-920
IMU1,39306,401091098,-1385,-187,-1356,-772,-130,-964
IMU1,39307,401101939,-1378,-118,-1374,-627,-433,-1059
IMU1,39308,401112981,-1486,-110,-1548,-346,-608,-1092
IMU1,39309,401124028,-1517,-277,-1662,-291,-720,-1078
IMU1,39310,401135067,-1311,-238,-1613,-292,-748,-1030
IMU1,39311,401146116,-1213,-175,-1550,-298,-658,-1029
IMU1,39312,401157169,-1169,-224,-1550,-290,-535,-1059
IMU1,39313,401168218,-1087,-134,-1553,-277,-488,-1088
IMU1,39314,401179256,-1042,12,-1600,-254,-566,-1160
IMU1,39315,401189995,-1082,11,-1697,-249,-656,-1156
IMU1,39316,401200751,-1076,21,-1795,-248,-756,-1103
IMU1,39317,401211510,-1193,36,-1839,-261,-812,-1012
IMU1,39318,401222273,-1266,-92,-1890,-297,-791,-853
IMU1,39319,401232940,-1188,-158,-1905,-343,-700,-660
IMU1,39320,401243799,-1085,-86,-1795,-389,-550,-506
IMU1,39321,401254460,-999,-137,-1627,-398,-362,-426
IMU1,39322,401265091,-1011,-117,-1589,-358,-214,-466
IMU1,39323,401275939,-1078,-70,-1527,-228,-248,-524
IMU1,39324,401286597,-1169,-22,-1574,-159,-395,-563
IMU1,39325,401297239,-1208,28,-1724,-109,-577,-575
IMU1,39326,401307788,-1231,72,-1805,-122,-725,-538
IMU1,39327,401318343,-1239,111,-1860,-180,-747,-463
IMU1,39328,401329108,-1248,13,-1858,-271,-609,-367
IMU1,39329,401339663,-1256,13,-1830,-373,-387,-255
IMU1,39330,401350223,-1218,4,-1816,-469,-176,-153
IMU1,39331,401360589,-1210,-5,-1760,-543,-36,-84
IMU1,39332,401370639,-1258,-72,-1604,-590,36,-41
IMU1,39333,401381839,-1329,-90,-1550,-605,136,50
IMU1,39334,401392114,-1362,-118,-1472,-586,180,105
IMU1,39335,401402774,-1372,-124,-1417,-541,212,151
IMU1,39336,401413450,-1372,-110,-1413,-483,224,169
IMU1,39337,401424075,-1356,-106,-1390,-433,180,164
IMU1,39338,401434703,-1341,-93,-1342,-381,100,130
IMU1,39339,401445145,-1356,-90,-1312,-327,18,80
IMU1,39340,401455180,-1366,-131,-1309,-275,-53,31
IMU1,39341,401465523,-1372,-146,-1290,-225,-118,-13
IMU1,39342,401476153,-1421,-207,-1304,-161,-172,-49
IMU1,39343,401487298,-1482,-184,-1266,-59,-240,-94
IMU1,39344,401497738,-1538,-282,-1275,-12,-249,-91
IMU1,39345,401508176,-1499,-299,-1178,48,-270,-75
IMU1,39346,401518528,-1575,-372,-1158,142,-305,-91
IMU1,39347,401529087,-1804,-482,-1444,217,-381,-93
IMU1,39348,401539630,-1674,-321,-1320,217,-485,-27
IMU1,39349,401550163,-1700,-380,-1304,191,-453,22
IMU1,39350,401560613,-1783,-496,-1309,130,-275,75
IMU1,39351,401571073,-1761,-413,-1279,43,-73,146
IMU1,39352,401581340,-1755,-430,-1281,-61,107,189
IMU1,39353,401591792,-1745,-457,-1193,-170,233,208
IMU1,39354,401602982,-1715,-469,-1135,-320,317,200
IMU1,39355,401613629,-1685,-461,-1092,-340,282,180
IMU1,39356,401624258,-1722,-499,-1077,-311,217,137
IMU1,39357,401634907,-1686,-460,-1076,-257,136,103
IMU1,39358,401645548,-1623,-432,-986,-184,83,64
IMU1,39359,401655593,-1590,-450,-944,-78,67,7
IMU1,39360,401665268,-1610,-458,-994,42,43,-58
IMU1,39361,401675101,-1567,-424,-1034,136,-29,-114
IMU1,39362,401685642,-1562,-407,-1054,204,-106,-167
IMU1,39363,401696366,-1579,-389,-1030,238,-134,-208
IMU1,39364,401707100,-1568,-390,-1054,252,-127,-223
IMU1,39365,401718370,-1665,-373,-1097,242,-147,-200
IMU1,39366,401729112,-1671,-388,-1157,205,-182,-143
IMU1,39367,401739854,-1654,-386,-1196,145,-194,-75
IMU1,39368,401750397,-1640,-383,-1205,66,-149,-7
IMU1,39369,401760547,-1604,-411,-1179,-13,-45,50
IMU1,39370,401770675,-1576,-421,-1138,-74,79,90
IMU1,39371,401780734,-1583,-415,-1096,-111,178,112
IMU1,39372,401791382,-1596,-424,-1054,-119,213,118
IMU1,39373,401802043,-1623,-423,-1035,-97,182,111
IMU1,39374,401812483,-1639,-412,-1040,-65,108,98
IMU1,39375,401822719,-1722,-380,-1087,-19,22,79
IMU1,39376,401833812,-1761,-389,-1133,45,-83,79
IMU1,39377,401843857,-1760,-379,-1161,46,-74,97
IMU1,39378,401853898,-1786,-362,-1194,25,-24,112
IMU1,39379,401864152,-1806,-374,-1232,-24,52,128
IMU1,39380,401874399,-1811,-377,-1219,-82,134,147
IMU1,39381,401887409,-1812,-373,-1202,-128,206,161
IMU1,39382,401898056,-1785,-388,-1174,-157,261,165
IMU1,39383,401908712,-1738,-385,-1155,-166,299,156
IMU1,39384,401919374,-1668,-374,-1094,-119,327,104
IMU1,39385,401930035,-1643,-361,-1090,-70,330,80
IMU1,39386,401940273,-1619,-361,-1089,-8,307,64
IMU1,39387,401950318,-1591,-359,-1081,55,261,53
IMU1,39388,401960484,-1561,-359,-1084,121,198,56
IMU1,39389,401970829,-1561,-362,-1095,178,140,58
IMU1,39390,401981188,-1540,-396,-1126,216,97,68
IMU1,39391,401991356,-1501,-390,-1148,244,53,70
IMU1,39392,402001526,-1498,-393,-1126,260,23,62
IMU1,39393,402011682,-1518,-428,-1129,275,19,61
IMU1,39394,402021841,-1544,-415,-1131,284,7,68
IMU1,39395,402031806,-1587,-403,-1155,292,-8,87
IMU1,39396,402041869,-1597,-433,-1187,281,-28,110
IMU1,39397,402052326,-1578,-421,-1187,252,-28,129
IMU1,39398,402062776,-1586,-422,-1168,215,-8,132
IMU1,39399,402074078,-1578,-447,-1168,152,0,114
IMU1,39400,402084135,-1588,-430,-1176,124,-2,100
IMU1,39401,402094378,-1624,-428,-1198,98,-8,78
IMU1,39402,402104232,-1666,-424,-1223,75,-28,69
IMU1,39403,402114287,-1683,-415,-1260,56,-60,71
IMU1,39404,402124338,-1668,-389,-1277,33,-74,70
IMU1,39405,402134404,-1618,-369,-1281,7,-47,66
IMU1,39406,402144239,-1559,-334,-1284,-7,5,38
IMU1,39407,402153893,-1495,-299,-1277,-9,52,-11
IMU1,39408,402163850,-1433,-259,-1275,1,61,-75
IMU1,39409,402173712,-1370,-206,-1276,24,34,-150
IMU1,39410,402183975,-1311,-151,-1274,60,-25,-227
IMU1,39411,402194333,-1252,-93,-1314,106,-108,-297
IMU1,39412,402204884,-1180,6,-1395,149,-211,-361
IMU1,39413,402215137,-1114,110,-1536,178,-326,-423
IMU1,39414,402225800,-1060,216,-1678,186,-435,-471
IMU1,39415,402236464,-1111,348,-1890,177,-495,-458
IMU1,39416,402247124,-1150,392,-2010,162,-454,-369
IMU1,39417,402257773,-1128,437,-2109,143,-409,-239
IMU1,39418,402268421,-1068,457,-2139,130,-344,-116
IMU1,39419,402279068,-991,473,-2145,123,-271,-5
IMU1,39420,402289123,-894,505,-2149,126,-190,72
IMU1,39421,402299279,-820,518,-2081,141,-127,107
IMU1,39422,402309632,-775,542,-2029,188,-117,109
IMU1,39423,402319987,-772,550,-2074,270,-210,88
IMU1,39424,402330169,-749,580,-2046,379,-407,60
IMU1,39425,402340325,-835,532,-2148,497,-644,34
IMU1,39426,402350486,-818,588,-2238,620,-868,56
IMU1,39427,402360657,-877,569,-2358,721,-1005,114
IMU1,39428,402371225,-993,580,-2807,780,-925,399
IMU1,39429,402381597,-1020,618,-2971,698,-679,616
IMU1,39430,402392180,-1059,610,-3096,557,-317,869
IMU1,39431,402402761,-1041,572,-3115,366,136,1133
IMU1,39432,402413429,-990,569,-3120,145,610,1385
IMU1,39433,402423909,-932,579,-3085,-70,1046,1586
IMU1,39434,402434496,-887,587,-2987,-251,1407,1727
IMU1,39435,402445244,-796,557,-2853,-369,1672,1822
IMU1,39436,402456004,-726,529,-2641,-394,1837,1881
IMU1,39437,402466758,-640,548,-2471,-305,1915,1916
IMU1,39438,402478058,-508,598,-2431,93,1730,1915
IMU1,39439,402488544,-434,676,-2317,329,1570,1906
IMU1,39440,402499216,-503,760,-2124,565,1547,1910
IMU1,39441,402509881,-660,834,-1884,782,1682,1989
IMU1,39442,402520544,-971,1034,-1550,976,1912,2174
IMU1,39443,402531425,-1355,1223,-1101,1145,2161,2487
IMU1,39444,402542703,-1768,1400,-516,1278,2439,2905
IMU1,39445,402553783,-3117,1850,524,1384,2728,3879
IMU1,39446,402564771,-3839,2027,612,1549,2726,4364
IMU1,39447,402575758,-4559,2213,703,1524,2236,4768
IMU1,39448,402586756,-5313,2302,811,1445,1518,5055
IMU1,39449,402597741,-5941,2304,929,1393,684,5230
IMU1,39450,402608529,-6520,2164,1168,1469,-171,5301
IMU1,39451,402619595,-6790,1558,1422,1743,-861,5325
IMU1,39452,402630684,-5845,-305,1467,2164,-1259,5132
IMU1,39453,402641859,-4809,-1360,1199,2906,-1811,4711
IMU1,39454,402653228,-3744,-2017,727,3015,-2073,3920
IMU1,39455,402664407,-3085,-2291,247,2884,-2200,2799
IMU1,39456,402675570,-2783,-2365,-330,2533,-2218,1553
IMU1,39457,402686853,-2649,-2085,-930,2021,-2242,370
IMU1,39458,402697914,-2243,-626,-1538,1440,-2282,-1577
IMU1,39459,402709283,-2306,26,-1609,433,-1612,-2231
IMU1,39460,402720138,-2669,608,-1659,72,-885,-2546
IMU1,39461,402730787,-2903,1083,-1722,-233,-149,-2509
IMU1,39462,402741943,-2957,1335,-1583,-519,479,-2222
IMU1,39463,402753014,-2900,1195,-1057,-766,1072,-1822
IMU1,39464,402764278,-2719,994,-543,-911,1657,-1447
IMU1,39465,402775147,-2363,862,-164,-947,1927,-1214
IMU1,39466,402786012,-2328,762,-161,-795,1444,-1345
IMU1,39467,402796873,-2336,674,-258,-647,769,-1517
IMU1,39468,402807541,-2339,657,-444,-490,139,-1644
IMU1,39469,402818197,-2403,660,-611,-359,-270,-1680
IMU1,39470,402828951,-2508,604,-766,-264,-459,-1608
IMU1,39471,402839708,-2671,589,-901,-198,-548,-1465
IMU1,39472,402850481,-2744,559,-999,-156,-612,-1301
IMU1,39473,402861246,-2626,517,-982,-133,-641,-1177
IMU1,39474,402872007,-2632,370,-974,-105,-445,-1164
IMU1,39475,402882764,-2764,143,-1052,-110,-292,-1225
IMU1,39476,402896266,-2742,184,-931,-148,-207,-1224
IMU1,39477,402907014,-2750,131,-909,-178,-178,-1184
IMU1,39478,402917775,-2680,61,-918,-230,-206,-1130
IMU1,39479,402928342,-2713,-9,-951,-310,-298,-1104
# swing_peak_seq=39453
IMU1,39480,402939336,-2810,-73,-950,-529,-531,-1080
IMU1,39481,402950009,-2758,-138,-948,-648,-538,-1089
IMU1,39482,402960864,-2684,-170,-903,-756,-456,-1151
IMU1,39483,402971716,-2587,-248,-927,-841,-336,-1274
IMU1,39484,402982568,-2423,-274,-950,-914,-253,-1438
IMU1,39485,402993428,-2332,-232,-935,-960,-206,-1641
IMU1,39486,403004291,-2345,-245,-863,-974,-172,-1820
IMU1,39487,403015153,-2342,-209,-715,-943,-174,-1915
IMU1,39488,403026032,-2304,-165,-770,-738,-415,-1875
IMU1,39489,403036896,-2262,-176,-895,-647,-665,-1772
IMU1,39490,403047748,-2051,-168,-1017,-589,-926,-1663
IMU1,39491,403058784,-1928,-132,-1086,-590,-1117,-1590
IMU1,39492,403070045,-1885,-176,-1135,-626,-1211,-1558
IMU1,39493,403081308,-1804,-271,-1217,-687,-1244,-1546
IMU1,39494,403092560,-1594,-242,-1372,-871,-1259,-1583
IMU1,39495,403103817,-1514,-248,-1432,-979,-1194,-1615
IMU1,39496,403115084,-1543,-245,-1386,-1078,-1070,-1611
IMU1,39497,403126540,-1576,-276,-1455,-1141,-892,-1555
IMU1,39498,403137807,-1498,-255,-1564,-1186,-710,-1469
IMU1,39499,403149069,-1413,-143,-1640,-1227,-567,-1393
IMU1,39500,403160313,-1323,-137,-1644,-1259,-338,-1232
IMU1,39501,403171572,-1284,-269,-1477,-1188,-217,-1159
IMU1,39502,403182831,-1375,-328,-1620,-1092,-132,-1103
IMU1,39503,403194089,-1141,-172,-1609,-999,-119,-1048
IMU1,39504,403205141,-1133,-229,-1674,-941,-65,-1070
IMU1,39505,403215982,-973,-163,-1659,-911,30,-1130
IMU1,39506,403226533,-930,-23,-1575,-892,140,-1209
IMU1,39507,403237606,-887,27,-1473,-813,267,-1304
IMU1,39508,403248052,-947,48,-1480,-718,211,-1278
IMU1,39509,403258514,-1071,77,-1519,-603,80,-1190
IMU1,39510,403268983,-1078,47,-1558,-519,-77,-1032
IMU1,39511,403279544,-998,54,-1547,-469,-178,-858
IMU1,39512,403289904,-874,57,-1550,-438,-186,-722
IMU1,39513,403300264,-803,34,-1582,-432,-141,-646
IMU1,39514,403310617,-698,8,-1566,-451,-89,-629
IMU1,39515,403320585,-648,48,-1477,-464,-51,-669
IMU1,39516,403330739,-693,40,-1388,-453,-42,-743
IMU1,39517,403340894,-802,5,-1337,-419,-95,-805
IMU1,39518,403350838,-870,1,-1335,-373,-235,-828
IMU1,39519,403361009,-909,27,-1437,-323,-419,-818
IMU1,39520,403372400,-819,116,-1523,-279,-770,-771
IMU1,39521,403382964,-789,121,-1615,-280,-898,-761
IMU1,39522,403393513,-806,84,-1649,-294,-972,-763
IMU1,39523,403403864,-1021,-19,-1655,-297,-973,-738
IMU1,39524,403414513,-1102,-42,-1672,-285,-930,-635
IMU1,39525,403425177,-1203,-80,-1745,-271,-857,-481
IMU1,39526,403435829,-1143,26,-1705,-277,-740,-308
IMU1,39527,403446393,-1188,41,-1717,-293,-580,-165
IMU1,39528,403456960,-1268,0,-1775,-325,-436,-50
IMU1,39529,403468549,-1294,34,-1875,-462,-311,131
IMU1,39530,403479003,-1248,58,-1873,-568,-210,179
IMU1,39531,403489463,-1240,21,-1798,-670,-1,199
IMU1,39532,403499513,-1240,-43,-1724,-757,276,211
IMU1,39533,403509981,-1253,-57,-1633,-802,527,206
IMU1,39534,403520435,-1282,-63,-1512,-782,667,192
IMU1,39535,403530881,-1329,-79,-1445,-695,666,175
IMU1,39536,403541327,-1334,-74,-1413,-550,529,153
IMU1,39537,403551789,-1348,-115,-1390,-366,295,120
IMU1,39538,403562451,-1438,-205,-1404,-162,34,79
IMU1,39539,403572699,-1524,-323,-1535,47,-218,54
IMU1,39540,403583476,-1635,-331,-1552,353,-559,74
IMU1,39541,403593953,-1644,-376,-1583,440,-547,92
IMU1,39542,403604419,-1601,-419,-1570,458,-432,109
IMU1,39543,403615073,-1559,-413,-1529,440,-248,102
IMU1,39544,403625734,-1522,-421,-1456,393,-51,79
IMU1,39545,403635993,-1470,-426,-1383,340,101,39
IMU1,39546,403646358,-1452,-403,-1318,296,166,-20
IMU1,39547,403656817,-1443,-411,-1289,269,137,-79
IMU1,39548,403667269,-1444,-418,-1286,259,40,-130
IMU1,39549,403677708,-1482,-412,-1317,258,-79,-158
IMU1,39550,403688268,-1472,-401,-1381,251,-164,-146
IMU1,39551,403699012,-1483,-377,-1386,192,-81,-58
IMU1,39552,403709380,-1500,-417,-1383,167,48,-19
IMU1,39553,403719635,-1479,-438,-1314,149,164,21
IMU1,39554,403729992,-1463,-441,-1222,157,224,56
IMU1,39555,403740349,-1465,-485,-1180,194,219,66
IMU1,39556,403750708,-1526,-501,-1177,250,148,62
IMU1,39557,403761075,-1589,-512,-1254,296,40,65
IMU1,39558,403771250,-1561,-501,-1308,298,-52,76
IMU1,39559,403781511,-1526,-464,-1322,262,-72,76
IMU1,39560,403791778,-1524,-483,-1335,204,-12,65
IMU1,39561,403802032,-1527,-498,-1335,135,84,64
IMU1,39562,403812190,-1539,-481,-1321,66,173,74
IMU1,39563,403822352,-1566,-501,-1308,10,226,87
IMU1,39564,403833562,-1531,-520,-1267,-59,236,129
IMU1,39565,403844042,-1523,-526,-1238,-65,230,144
IMU1,39566,403854496,-1513,-532,-1217,-55,217,148
IMU1,39567,403864959,-1518,-535,-1203,-31,193,129
IMU1,39568,403875432,-1525,-547,-1207,3,144,105
IMU1,39569,403885591,-1506,-562,-1209,30,80,83
IMU1,39570,403898110,-1474,-555,-1207,57,22,46
IMU1,39571,403908074,-1449,-545,-1223,79,-20,-3
IMU1,39572,403918025,-1429,-539,-1233,94,-40,-58
IMU1,39573,403928184,-1428,-517,-1239,103,-51,-104
IMU1,39574,403939255,-1490,-489,-1223,114,-42,-135
IMU1,39575,403949804,-1518,-495,-1228,117,-34,-105
IMU1,39576,403960359,-1537,-489,-1240,107,-29,-64
IMU1,39577,403970712,-1559,-500,-1262,88,-25,-22
IMU1,39578,403980865,-1547,-508,-1279,49,-28,19
IMU1,39579,403990918,-1509,-504,-1281,-3,-23,45
IMU1,39580,404000873,-1488,-499,-1267,-54,7,47
IMU1,39581,404010721,-1512,-502,-1251,-93,56,38
IMU1,39582,404020784,-1544,-511,-1244,-117,101,34
IMU1,39583,404031244,-1562,-494,-1241,-132,115,45
IMU1,39584,404041698,-1580,-479,-1248,-132,106,62
IMU1,39585,404052150,-1569,-486,-1271,-121,85,87
IMU1,39586,404062405,-1541,-488,-1268,-115,68,117
IMU1,39587,404072861,-1485,-482,-1270,-106,83,136
IMU1,39588,404083827,-1476,-447,-1264,-84,147,143
IMU1,39589,404094281,-1479,-432,-1277,-68,152,134
IMU1,39590,404104749,-1487,-414,-1292,-46,132,121
IMU1,39591,404115197,-1498,-410,-1295,-21,109,115
IMU1,39592,404125658,-1512,-422,-1310,10,98,117
IMU1,39593,404135823,-1528,-434,-1314,44,88,126
IMU1,39594,404145987,-1511,-459,-1323,80,70,135
IMU1,39595,404156160,-1476,-466,-1326,117,52,138
IMU1,39596,404166525,-1441,-472,-1318,153,36,121
IMU1,39597,404176884,-1428,-475,-1297,193,26,95
IMU1,39598,404187038,-1434,-471,-1263,232,14,60
IMU1,39599,404197220,-1448,-476,-1240,276,-10,35
IMU1,39600,404207481,-1459,-486,-1237,317,-50,16
IMU1,39601,404218262,-1454,-500,-1261,371,-167,-14
IMU1,39602,404228813,-1425,-503,-1278,370,-216,-24
IMU1,39603,404239364,-1408,-485,-1293,347,-229,-45
IMU1,39604,404249900,-1417,-481,-1312,310,-219,-60
IMU1,39605,404260451,-1437,-479,-1294,268,-186,-63
IMU1,39606,404271004,-1443,-476,-1277,228,-146,-44
IMU1,39607,404281570,-1410,-463,-1274,191,-109,-20
IMU1,39608,404292129,-1360,-436,-1240,157,-86,-10
IMU1,39609,404302475,-1306,-405,-1198,125,-81,-27
IMU1,39610,404312822,-1248,-361,-1182,108,-118,-81
IMU1,39611,404323900,-1129,-286,-1240,132,-390,-285
IMU1,39612,404334658,-1079,-261,-1276,168,-562,-400
IMU1,39613,404345417,-1057,-206,-1319,205,-697,-485
IMU1,39614,404356176,-1044,-95,-1420,244,-775,-544
IMU1,39615,404366739,-1008,40,-1595,262,-833,-576
IMU1,39616,404377202,-1014,115,-1700,246,-910,-585
IMU1,39617,404387872,-1058,158,-1773,217,-996,-561
IMU1,39618,404398531,-1078,180,-1868,192,-1073,-501
IMU1,39619,404409394,-1117,272,-2143,171,-1134,-414
IMU1,39620,404420264,-1037,379,-2288,106,-1164,-219
IMU1,39621,404431123,-949,421,-2338,48,-1125,-148
IMU1,39622,404441596,-916,358,-2362,4,-1031,-104
IMU1,39623,404451881,-786,411,-2238,-5,-886,-54
IMU1,39624,404461849,-895,389,-2362,23,-742,4
IMU1,39625,404471630,-851,493,-2312,64,-668,93
IMU1,39626,404481619,-833,576,-2428,127,-680,189
IMU1,39627,404491952,-887,536,-2505,177,-729,294
IMU1,39628,404502315,-916,572,-2606,205,-760,446
IMU1,39629,404512682,-922,647,-2745,192,-715,631
IMU1,39630,404523044,-963,701,-2859,133,-580,836
IMU1,39631,404533407,-1050,732,-3014,34,-381,1060
IMU1,39632,404543976,-965,793,-3126,-96,-163,1296
IMU1,39633,404554970,-873,793,-3054,-308,308,1670
IMU1,39634,404565554,-800,762,-2906,-310,550,1777
IMU1,39635,404576129,-793,707,-2653,-196,772,1842
IMU1,39636,404586698,-852,678,-2418,38,982,1911
IMU1,39637,404596978,-918,640,-2297,348,1120,2017
IMU1,39638,404607650,-993,653,-2229,676,1122,2157
IMU1,39639,404618343,-1029,703,-2081,982,1047,2310
IMU1,39640,404629216,-1063,734,-1880,1256,992,2455
IMU1,39641,404640097,-1102,824,-1570,1508,974,2570
IMU1,39642,404650962,-1240,839,-1357,1984,954,2706
IMU1,39643,404661845,-1368,865,-1072,2221,1027,2748
IMU1,39644,404672919,-1613,919,-602,2458,1260,2792
IMU1,39645,404683806,-1966,969,-80,2709,1656,2860
IMU1,39646,404694488,-2430,1129,378,2963,2066,2970
IMU1,39647,404705459,-3066,1401,873,3201,2299,3140
IMU1,39648,404716438,-3727,1656,1334,3436,2271,3376
IMU1,39649,404727625,-5169,2327,1859,3926,1404,3847
IMU1,39650,404738806,-5800,2235,1560,4107,470,3988
IMU1,39651,404749797,-5939,1748,1123,4166,-811,4033
IMU1,39652,404760870,-5516,1079,935,4077,-1904,3955
IMU1,39653,404771975,-4769,475,1109,3860,-2209,3736
IMU1,39654,404783072,-4108,-108,1551,3603,-1739,3356
IMU1,39655,404794259,-3593,-886,1692,3406,-1077,2250
IMU1,39656,404805431,-3232,-1047,1432,3137,-1002,1543
IMU1,39657,404816803,-2965,-1031,938,2902,-1409,734
IMU1,39658,404827763,-2923,-876,432,2503,-1785,-55
IMU1,39659,404838433,-2947,-696,56,2005,-2031,-681
IMU1,39660,404849082,-2911,-509,-261,1503,-2065,-1085
IMU1,39661,404860233,-2831,-239,-549,1028,-1862,-1289
IMU1,39662,404871387,-2776,270,-977,569,-914,-1275
IMU1,39663,404882059,-2690,376,-963,-327,-364,-1108
IMU1,39664,404892809,-2558,413,-739,-704,149,-901
IMU1,39665,404905826,-2426,412,-495,-977,584,-719
IMU1,39666,404916290,-2338,382,-314,-1145,836,-601
IMU1,39667,404926966,-2281,323,-183,-1221,847,-550
IMU1,39668,404937632,-2295,271,-106,-1216,665,-547
IMU1,39669,404948294,-2446,201,-198,-1151,104,-572
IMU1,39670,404958958,-2455,150,-268,-983,-115,-573
IMU1,39671,404969532,-2465,124,-380,-904,-223,-595
IMU1,39672,404980105,-2482,143,-457,-854,-195,-644
IMU1,39673,404990663,-2442,154,-439,-836,-63,-719
IMU1,39674,405001047,-2546,83,-469,-834,93,-818
IMU1,39675,405011113,-2764,98,-523,-842,169,-893
IMU1,39676,405021390,-2766,186,-477,-855,125,-891
IMU1,39677,405031853,-2751,160,-436,-868,33,-843
IMU1,39678,405042116,-2704,110,-358,-866,-19,-785
# swing_peak_seq=39652
IMU1,39679,405052482,-2658,34,-309,-853,-39,-755
IMU1,39680,405062648,-2708,-7,-307,-831,-100,-766
IMU1,39681,405072892,-2756,-75,-293,-815,-212,-792
IMU1,39682,405083864,-2763,-84,-279,-819,-314,-883
IMU1,39683,405094315,-2757,-87,-253,-837,-281,-945
IMU1,39684,405104784,-2763,-121,-247,-847,-210,-1031
IMU1,39685,405115617,-2761,-100,-229,-864,-158,-1116
IMU1,39686,405126465,-2777,-81,-203,-882,-138,-1194
IMU1,39687,405137094,-2754,-135,-230,-898,-142,-1257
IMU1,39688,405147936,-2695,-170,-242,-922,-154,-1311
IMU1,39689,405158777,-2590,-187,-217,-948,-159,-1356
IMU1,39690,405169618,-2393,-300,-195,-978,-191,-1429
IMU1,39691,405180472,-2412,-289,-241,-982,-302,-1450
IMU1,39692,405191321,-2472,-248,-320,-995,-488,-1430
IMU1,39693,405202173,-2491,-222,-435,-1034,-683,-1360
IMU1,39694,405213211,-2497,-217,-507,-1111,-810,-1247
IMU1,39695,405224264,-2483,-254,-611,-1207,-838,-1110
IMU1,39696,405235315,-2376,-271,-726,-1321,-762,-985
IMU1,39697,405246171,-2246,-284,-848,-1456,-614,-902
IMU1,39698,405257029,-2192,-309,-844,-1716,-265,-823
IMU1,39699,405267881,-2099,-309,-838,-1811,-135,-795
IMU1,39700,405278736,-1982,-298,-837,-1874,-53,-785
IMU1,39701,405289393,-1873,-286,-777,-1902,-11,-798
IMU1,39702,405300059,-1827,-287,-757,-1891,-11,-824
IMU1,39703,405310703,-1775,-292,-814,-1846,-66,-851
IMU1,39704,405321360,-1787,-278,-784,-1766,-157,-862
IMU1,39705,405332213,-1758,-372,-904,-1636,-246,-836
IMU1,39706,405343587,-1444,-218,-999,-1310,-498,-812
IMU1,39707,405354440,-1384,-208,-1083,-1164,-638,-870
IMU1,39708,405365492,-1318,-215,-1137,-1052,-733,-929
IMU1,39709,405376549,-1304,-119,-1171,-974,-771,-988
IMU1,39710,405387400,-1331,-129,-1181,-910,-779,-1040
IMU1,39711,405398460,-1289,-134,-1249,-854,-798,-1068
IMU1,39712,405409517,-1250,-72,-1346,-820,-849,-1097
IMU1,39713,405420377,-1177,-129,-1388,-798,-927,-1121
IMU1,39714,405431450,-1127,-28,-1438,-791,-919,-1117
IMU1,39715,405442329,-1173,9,-1483,-774,-914,-1120
IMU1,39716,405452901,-1135,-36,-1479,-740,-914,-1106
IMU1,39717,405463760,-1066,-36,-1498,-684,-894,-1088
IMU1,39718,405474614,-1093,56,-1534,-620,-846,-1075
IMU1,39719,405485385,-1132,16,-1527,-554,-800,-1044
IMU1,39720,405496150,-1069,-23,-1591,-483,-773,-989
IMU1,39721,405506823,-997,-9,-1590,-364,-743,-902
IMU1,39722,405517072,-993,-11,-1557,-303,-722,-888
IMU1,39723,405527521,-1045,-35,-1558,-220,-704,-877
IMU1,39724,405538171,-1059,27,-1631,-130,-725,-855
IMU1,39725,405548716,-1002,69,-1702,-51,-792,-828
IMU1,39726,405559078,-1044,43,-1707,22,-864,-801
IMU1,39727,405569328,-1040,15,-1679,94,-885,-749
IMU1,39728,405579575,-1131,-193,-1649,159,-816,-673
IMU1,39729,405590330,-1186,-258,-1535,223,-692,-562
IMU1,39730,405601099,-1294,-244,-1399,300,-552,-448
IMU1,39731,405611853,-1530,-221,-1236,388,-535,-262
IMU1,39732,405622610,-1590,-231,-1322,607,-733,-207
IMU1,39733,405633371,-1635,-235,-1505,655,-997,-181
IMU1,39734,405644119,-1599,-245,-1554,614,-1186,-183
IMU1,39735,405655092,-1463,-174,-1327,514,-1145,-237
IMU1,39736,405666050,-1492,-245,-1186,421,-863,-345
IMU1,39737,405676808,-1780,-382,-1255,336,-526,-421
IMU1,39738,405687553,-1937,-369,-1255,246,-348,-390
IMU1,39739,405698312,-1972,-363,-1068,168,-323,-169
IMU1,39740,405709058,-2042,-445,-968,112,-305,-16
IMU1,39741,405719399,-2116,-495,-864,151,-302,172
IMU1,39742,405729862,-2275,-593,-843,229,-315,355
IMU1,39743,405740330,-2316,-665,-889,311,-355,554
IMU1,39744,405750809,-2267,-711,-934,294,-407,725
IMU1,39745,405761279,-2152,-720,-916,213,-343,817
IMU1,39746,405771734,-2051,-731,-928,71,-174,810
IMU1,39747,405781994,-1991,-738,-890,-138,99,731
IMU1,39748,405792262,-1887,-695,-754,-368,423,620
IMU1,39749,405802720,-1763,-644,-494,-540,705,472
IMU1,39750,405813178,-1837,-762,-536,-590,834,297
IMU1,39751,405824172,-1896,-659,-540,-449,422,102
IMU1,39752,405834622,-1838,-643,-550,-317,155,61
IMU1,39753,405844890,-1846,-692,-584,-195,51,45
IMU1,39754,405854943,-1887,-664,-651,-100,92,73
IMU1,39755,405865006,-1950,-623,-708,-55,199,138
IMU1,39756,405875269,-1947,-623,-726,-56,314,217
IMU1,39757,405885534,-1900,-623,-713,-88,396,283
IMU1,39758,405895816,-1875,-618,-673,-122,435,322
IMU1,39759,405908841,-1831,-627,-633,-142,432,331
IMU1,39760,405919319,-1772,-615,-640,-150,390,264
IMU1,39761,405930308,-1758,-595,-624,-138,290,209
IMU1,39762,405940776,-1788,-579,-619,-112,273,156
IMU1,39763,405951245,-1836,-591,-601,-71,276,124
IMU1,39764,405961526,-1866,-583,-615,-27,271,128
IMU1,39765,405971796,-1858,-585,-640,8,245,141
IMU1,39766,405981768,-1819,-582,-645,28,203,145
IMU1,39767,405991932,-1785,-585,-638,34,171,137
IMU1,39768,406002115,-1750,-603,-641,36,155,117
IMU1,39769,406012283,-1717,-597,-655,24,147,92
IMU1,39770,406022255,-1719,-578,-669,5,132,57
IMU1,39771,406032022,-1734,-563,-684,-18,119,28
IMU1,39772,406042069,-1783,-530,-666,-47,118,13
IMU1,39773,406052119,-1832,-542,-716,-71,134,14
IMU1,39774,406062192,-1821,-515,-721,-100,151,30
IMU1,39775,406072461,-1834,-491,-688,-130,171,47
IMU1,39776,406082720,-1876,-542,-708,-142,199,67
IMU1,39777,406093497,-1864,-518,-698,-125,181,127
IMU1,39778,406103951,-1845,-510,-679,-111,147,152
IMU1,39779,406114426,-1808,-531,-684,-76,123,142
IMU1,39780,406124693,-1773,-517,-697,-46,99,131
IMU1,39781,406134760,-1734,-512,-702,-18,83,114
IMU1,39782,406144828,-1707,-512,-690,11,78,84
IMU1,39783,406154589,-1732,-513,-673,41,83,47
IMU1,39784,406164360,-1755,-532,-679,75,74,19
IMU1,39785,406174138,-1774,-542,-684,108,31,4
IMU1,39786,406183911,-1792,-548,-700,134,-26,-9
IMU1,39787,406193883,-1806,-558,-725,146,-71,-11
IMU1,39788,406204056,-1811,-554,-733,134,-76,8
IMU1,39789,406213938,-1829,-529,-737,103,-45,42
IMU1,39790,406224010,-1821,-515,-744,68,9,87
IMU1,39791,406233582,-1825,-504,-744,31,62,137
IMU1,39792,406243579,-1849,-500,-747,-11,99,188
IMU1,39793,406253647,-1845,-530,-754,-47,123,237
IMU1,39794,406263920,-1802,-524,-754,-72,143,272
IMU1,39795,406274206,-1786,-515,-738,-84,167,283
IMU1,39796,406284473,-1797,-552,-719,-84,188,277
IMU1,39797,406295275,-1801,-556,-705,-46,181,244
IMU1,39798,406305552,-1844,-572,-697,-15,153,217
IMU1,39799,406315833,-1874,-581,-716,17,101,194
IMU1,39800,406326032,-1868,-555,-742,38,53,159
IMU1,39801,406335995,-1876,-522,-756,43,4,116
IMU1,39802,406345778,-1884,-509,-782,42,-27,67
IMU1,39803,406355632,-1890,-519,-813,36,-44,25
IMU1,39804,406365490,-1860,-504,-828,28,-53,-1
IMU1,39805,406375240,-1833,-483,-836,26,-46,-29
IMU1,39806,406385184,-1812,-466,-838,27,-33,-56
IMU1,39807,406395141,-1801,-444,-839,39,-27,-78
IMU1,39808,406405104,-1790,-415,-834,55,-34,-96
IMU1,39809,406415055,-1804,-370,-841,74,-54,-113
IMU1,39810,406425201,-1813,-361,-892,84,-85,-126
IMU1,39811,406435347,-1790,-349,-917,83,-119,-133
IMU1,39812,406445695,-1745,-329,-946,78,-131,-144
IMU1,39813,406456047,-1672,-323,-989,65,-116,-165
IMU1,39814,406466384,-1594,-306,-1031,48,-97,-195
IMU1,39815,406476748,-1572,-203,-1132,23,-87,-234
IMU1,39816,406487634,-1542,-141,-1218,-27,-126,-298
IMU1,39817,406498276,-1518,-78,-1312,-54,-186,-317
IMU1,39818,406508728,-1490,-34,-1417,-84,-262,-325
IMU1,39819,406519175,-1480,3,-1504,-110,-321,-320
IMU1,39820,406529533,-1496,37,-1559,-131,-340,-290
IMU1,39821,406540076,-1522,81,-1650,-139,-317,-241
IMU1,39822,406550621,-1564,135,-1765,-154,-265,-175
IMU1,39823,406561367,-1590,182,-1911,-183,-195,-94
IMU1,39824,406571914,-1611,211,-2026,-231,-112,-4
IMU1,39825,406582261,-1579,185,-2140,-296,-29,95
IMU1,39826,406593558,-1397,129,-2162,-411,74,254
IMU1,39827,406603919,-1320,146,-2201,-449,91,279
IMU1,39828,406614288,-1248,186,-2287,-475,88,277
IMU1,39829,406624654,-1154,240,-2360,-507,87,255
IMU1,39830,406635017,-1073,264,-2404,-533,101,218
IMU1,39831,406645586,-1012,263,-2457,-551,128,183
IMU1,39832,406656159,-964,284,-2525,-558,154,168
IMU1,39833,406666512,-941,338,-2574,-555,173,175
IMU1,39834,406676873,-928,400,-2653,-543,197,213
IMU1,39835,406687234,-903,464,-2738,-528,225,285
IMU1,39836,406697604,-838,497,-2794,-505,252,380
IMU1,39837,406709005,-665,551,-2955,-413,334,582
IMU1,39838,406719384,-652,525,-2976,-352,462,679
IMU1,39839,406729768,-657,526,-2993,-271,665,806
IMU1,39840,406740134,-652,560,-2901,-188,935,971
IMU1,39841,406750493,-638,601,-2789,-91,1240,1156
IMU1,39842,406761072,-628,635,-2673,16,1530,1348
IMU1,39843,406771548,-584,671,-2523,125,1748,1538
IMU1,39844,406782224,-512,739,-2329,244,1887,1714
IMU1,39845,406792909,-445,787,-2040,388,1965,1868
IMU1,39846,406803581,-451,836,-1215,573,2023,2011
IMU1,39847,406814770,-756,1055,-725,1107,2148,2308
IMU1,39848,406825646,-1104,1177,-184,1444,2123,2500
IMU1,39849,406836708,-1536,1349,312,1808,2033,2731
IMU1,39850,406847685,-2101,1662,870,2147,1920,3007
IMU1,39851,406858667,-2881,1958,1421,2438,1812,3342
IMU1,39852,406869847,-3851,2305,1763,2680,1660,3765
IMU1,39853,406881026,-5771,2821,2100,2860,1240,4699
IMU1,39854,406892217,-6834,2958,1675,3218,-706,4950
IMU1,39855,406903306,-7775,2689,924,3286,-1946,5073
IMU1,39856,406916951,-7302,1834,681,3190,-2695,5164
IMU1,39857,406928056,-5622,433,1629,3039,-2437,5016
IMU1,39858,406939141,-3933,-1832,3463,3394,-331,3823
IMU1,39859,406950332,-3496,-2588,3336,3729,-104,2887
IMU1,39860,406961516,-3346,-2350,2337,3852,-890,1633
IMU1,39861,406972706,-3258,-1823,1103,3536,-2282,175
IMU1,39862,406983892,-3113,-1324,175,2801,-3494,-1178
IMU1,39863,406995166,-3006,-681,-494,1849,-3914,-2159
IMU1,39864,407006346,-3030,362,-1093,89,-2531,-2824
IMU1,39865,407017234,-3269,807,-1253,-499,-1419,-2641
IMU1,39866,407028396,-3478,1135,-1410,-905,-464,-2207
IMU1,39867,407039580,-3322,1065,-1162,-1204,188,-1606
IMU1,39868,407050859,-2959,837,-637,-1355,668,-1003
IMU1,39869,407061724,-2568,764,-226,-1364,1081,-555
IMU1,39870,407072577,-2342,723,1,-1304,1316,-344
IMU1,39871,407082940,-2459,514,47,-1211,1234,-475
IMU1,39872,407093515,-2595,372,-80,-979,219,-611
IMU1,39873,407103784,-2633,311,-188,-870,-367,-704
IMU1,39874,407114358,-2666,287,-314,-778,-721,-758
IMU1,39875,407124934,-2618,175,-500,-719,-798,-765
IMU1,39876,407135502,-2589,129,-603,-698,-661,-761
IMU1,39877,407146075,-2637,137,-642,-711,-391,-758
IMU1,39878,407156635,-2677,113,-622,-751,-59,-748
IMU1,39879,407167005,-2713,108,-528,-800,240,-729
IMU1,39880,407177471,-2725,124,-373,-828,436,-701
IMU1,39881,407187934,-2748,119,-285,-814,503,-671
IMU1,39882,407198396,-2751,98,-258,-783,441,-621
# swing_peak_seq=39856
IMU1,39883,407209200,-2734,56,-234,-730,135,-608
IMU1,39884,407219458,-2692,-1,-237,-718,11,-608
IMU1,39885,407229417,-2683,-35,-226,-710,-49,-626
IMU1,39886,407239679,-2643,-108,-222,-709,-27,-663
IMU1,39887,407250132,-2616,-183,-227,-723,54,-717
IMU1,39888,407260484,-2596,-200,-131,-744,162,-777
IMU1,39889,407271033,-2572,-196,-91,-754,246,-838
IMU1,39890,407281393,-2597,-202,-111,-753,248,-898
IMU1,39891,407291952,-2596,-203,-165,-751,120,-940
IMU1,39892,407302520,-2546,-182,-223,-757,-99,-970
IMU1,39893,407312979,-2443,-175,-289,-783,-328,-999
IMU1,39894,407323627,-2322,-203,-476,-876,-660,-1055
IMU1,39895,407334484,-2326,-239,-522,-936,-726,-1063
IMU1,39896,407345340,-2302,-311,-558,-986,-742,-1036
IMU1,39897,407356221,-2201,-368,-596,-1019,-723,-1005
IMU1,39898,407367282,-2129,-339,-629,-1034,-732,-999
IMU1,39899,407378144,-2149,-335,-706,-1032,-793,-1012
IMU1,39900,407389207,-2109,-371,-866,-1030,-890,-1018
IMU1,39901,407400262,-1833,-201,-1087,-1050,-994,-1037
IMU1,39902,407411515,-1751,-203,-1217,-1121,-1037,-1041
IMU1,39903,407422975,-1681,-234,-1352,-1153,-949,-1020
IMU1,39904,407434248,-1644,-230,-1414,-1189,-781,-965
IMU1,39905,407445305,-1574,-263,-1423,-1213,-534,-874
IMU1,39906,407456377,-1512,-255,-1377,-1219,-229,-765
IMU1,39907,407467438,-1463,-244,-1257,-1193,70,-658
IMU1,39908,407478218,-1383,-194,-1247,-1046,422,-472
IMU1,39909,407489186,-1364,-125,-1251,-951,432,-423
IMU1,39910,407499957,-1256,-149,-1286,-867,368,-413
IMU1,39911,407510731,-1095,-104,-1284,-805,269,-441
IMU1,39912,407521496,-1058,-7,-1277,-755,166,-512
IMU1,39913,407531872,-1112,-1,-1285,-709,73,-586
IMU1,39914,407542053,-1102,-55,-1263,-665,7,-630
IMU1,39915,407552243,-1041,14,-1229,-623,-24,-667
IMU1,39916,407562586,-1003,115,-1198,-563,-44,-727
IMU1,39917,407573141,-1142,106,-1193,-490,-99,-811
IMU1,39918,407584222,-1147,84,-1183,-335,-423,-934
IMU1,39919,407594784,-1151,103,-1209,-232,-693,-997
IMU1,39920,407605557,-1195,89,-1308,-125,-982,-1067
IMU1,39921,407616318,-1226,90,-1311,-52,-1230,-1102
IMU1,39922,407627083,-1294,59,-1301,11,-1361,-1118
IMU1,39923,407637749,-1335,-10,-1308,67,-1385,-1101
IMU1,39924,407648509,-1384,-61,-1356,114,-1349,-1055
IMU1,39925,407659461,-1420,-69,-1393,138,-1298,-990
IMU1,39926,407670742,-1529,-52,-1398,117,-1149,-842
IMU1,39927,407681505,-1585,-60,-1416,67,-1061,-743
IMU1,39928,407692062,-1641,-123,-1417,15,-965,-647
IMU1,39929,407702605,-1737,-210,-1437,-59,-865,-534
IMU1,39930,407713265,-1726,-148,-1300,-124,-764,-410
IMU1,39931,407724119,-1762,-289,-1401,-187,-658,-306
IMU1,39932,407734971,-1742,-271,-1272,-261,-562,-207
IMU1,39933,407745837,-1802,-308,-1223,-317,-449,-128
IMU1,39934,407757221,-1884,-244,-1243,-421,-207,-16
IMU1,39935,407767863,-1805,-251,-1263,-473,-112,11
IMU1,39936,407778426,-1726,-250,-1189,-506,-39,-11
IMU1,39937,407788881,-1630,-227,-1103,-494,35,-90
IMU1,39938,407799235,-1555,-180,-1049,-428,95,-215
IMU1,39939,407809796,-1595,-239,-1044,-323,99,-361
IMU1,39940,407820351,-1693,-357,-1094,-189,15,-484
IMU1,39941,407830908,-1772,-346,-1086,-55,-154,-543
IMU1,39942,407841573,-1774,-246,-1072,79,-326,-547
IMU1,39943,407852134,-1769,-226,-1096,202,-429,-530
IMU1,39944,407862899,-1787,-256,-1114,387,-469,-458
IMU1,39945,407873666,-1773,-293,-1127,439,-469,-401
IMU1,39946,407884425,-1792,-329,-1129,465,-459,-347
IMU1,39947,407895190,-1820,-406,-1154,467,-430,-293
IMU1,39948,407905967,-1844,-438,-1137,443,-370,-232
IMU1,39949,407919287,-1889,-498,-1074,401,-270,-166
IMU1,39950,407930060,-1884,-512,-1036,299,-4,-36
IMU1,39951,407940245,-1872,-508,-976,239,128,11
IMU1,39952,407950426,-1868,-543,-906,187,241,44
IMU1,39953,407960610,-1873,-571,-855,138,324,71
IMU1,39954,407970809,-1877,-597,-842,95,357,102
IMU1,39955,407980985,-1845,-597,-811,60,347,126
IMU1,39956,407991157,-1808,-570,-777,20,315,144
IMU1,39957,408001350,-1786,-558,-730,-10,288,148
IMU1,39958,408011611,-1798,-564,-701,-33,263,152
IMU1,39959,408021878,-1792,-575,-684,-49,229,153
IMU1,39960,408032143,-1801,-582,-656,-67,185,143
IMU1,39961,408042398,-1772,-617,-652,-82,142,125
IMU1,39962,408052663,-1741,-644,-633,-98,105,92
IMU1,39963,408062728,-1721,-645,-605,-102,75,48
IMU1,39964,408072792,-1730,-650,-555,-93,53,1
IMU1,39965,408084023,-1761,-653,-570,-48,12,-62
IMU1,39966,408093971,-1749,-636,-582,-29,-24,-67
IMU1,39967,408104034,-1779,-614,-584,-15,-42,-73
IMU1,39968,408114090,-1822,-616,-593,-14,-41,-61
IMU1,39969,408124156,-1836,-612,-593,-25,-47,-22
IMU1,39970,408134229,-1844,-584,-585,-35,-54,21
IMU1,39971,408144200,-1864,-588,-583,-50,-65,67
IMU1,39972,408154165,-1845,-619,-583,-66,-66,109
IMU1,39973,408164334,-1799,-617,-586,-92,-47,130
IMU1,39974,408174505,-1788,-627,-602,-125,-9,119
IMU1,39975,408184668,-1822,-632,-631,-163,29,87
IMU1,39976,408194741,-1828,-617,-647,-198,44,59
IMU1,39977,408204805,-1823,-605,-636,-227,45,37
IMU1,39978,408214869,-1845,-597,-613,-229,47,24
IMU1,39979,408224946,-1873,-596,-612,-204,39,29
IMU1,39980,408235022,-1873,-592,-628,-164,5,50
IMU1,39981,408244909,-1856,-580,-628,-115,-34,75
IMU1,39982,408255082,-1845,-582,-648,-69,-68,96
IMU1,39983,408265054,-1814,-590,-656,-21,-80,105
IMU1,39984,408276262,-1743,-576,-631,53,-51,76
IMU1,39985,408286149,-1781,-593,-638,77,-30,50
IMU1,39986,408296042,-1817,-594,-656,95,-28,29
IMU1,39987,408305904,-1823,-585,-617,106,-38,12
IMU1,39988,408315988,-1835,-574,-563,119,-45,5
IMU1,39989,408325879,-1860,-603,-557,140,-63,15
IMU1,39990,408335947,-1873,-631,-595,149,-106,29
IMU1,39991,408346227,-1880,-644,-647,144,-167,46
IMU1,39992,408356483,-1848,-668,-672,123,-199,63
IMU1,39993,408366742,-1812,-676,-672,85,-165,69
IMU1,39994,408376810,-1811,-676,-672,40,-79,70
IMU1,39995,408386676,-1816,-685,-671,7,14,69
IMU1,39996,408396244,-1824,-664,-657,-18,74,68
IMU1,39997,408406114,-1845,-655,-647,-28,91,69
IMU1,39998,408415978,-1846,-663,-648,-30,82,73
IMU1,39999,408425855,-1828,-638,-633,-27,64,69
IMU1,40000,408435735,-1838,-619,-631,-16,48,49
IMU1,40001,408445597,-1845,-613,-633,3,26,22
IMU1,40002,408455171,-1823,-589,-654,19,-13,-8
IMU1,40003,408464917,-1806,-548,-680,41,-59,-52
IMU1,40004,408474861,-1822,-505,-695,63,-97,-100
IMU1,40005,408485007,-1883,-461,-745,84,-125,-140
IMU1,40006,408495347,-1915,-395,-815,93,-141,-150
IMU1,40007,408505708,-1896,-279,-957,82,-144,-143
IMU1,40008,408516578,-1808,-194,-1052,12,-79,-126
IMU1,40009,408526923,-1760,-116,-1189,-47,-27,-136
IMU1,40010,408537362,-1718,-52,-1300,-113,10,-147
IMU1,40011,408547713,-1712,11,-1415,-172,50,-156
IMU1,40012,408557976,-1677,49,-1514,-217,111,-153
IMU1,40013,408568445,-1646,101,-1577,-247,198,-143
IMU1,40014,408579096,-1608,117,-1640,-249,301,-131
IMU1,40015,408589733,-1648,68,-1715,-232,385,-119
IMU1,40016,408600185,-1728,39,-1803,-195,405,-78
IMU1,40017,408610436,-1804,66,-1903,-153,354,15
IMU1,40018,408620604,-1795,79,-1976,-132,282,156
IMU1,40019,408630969,-1648,28,-2050,-132,259,321
IMU1,40020,408641840,-1529,-14,-2115,-212,487,610
IMU1,40021,408652288,-1391,-59,-2146,-292,675,681
IMU1,40022,408662750,-1269,-93,-2113,-375,871,707
IMU1,40023,408673219,-1136,-112,-2071,-443,1058,695
IMU1,40024,408684082,-1002,-109,-2042,-482,1195,634
IMU1,40025,408694935,-874,-96,-2000,-493,1243,530
IMU1,40026,408705401,-790,-64,-1955,-464,1207,393
IMU1,40027,408715863,-754,-14,-1940,-395,1102,249
IMU1,40028,408726330,-738,35,-1974,-305,928,131
IMU1,40029,408736510,-711,129,-1995,-204,705,60
IMU1,40030,408747718,-646,186,-2056,21,322,80
IMU1,40031,408757583,-583,242,-2133,142,182,158
IMU1,40032,408767866,-501,361,-2228,260,74,231
IMU1,40033,408777960,-475,474,-2309,354,42,318
IMU1,40034,408788056,-437,500,-2364,443,80,434
IMU1,40035,408798125,-413,502,-2362,521,195,574
IMU1,40036,408808407,-429,558,-2284,600,392,745
IMU1,40037,408818676,-463,644,-2233,687,663,950
IMU1,40038,408828957,-525,721,-2163,765,942,1186
IMU1,40039,408839443,-598,777,-2033,830,1172,1456
IMU1,40040,408850124,-652,832,-1867,884,1331,1753
IMU1,40041,408860790,-733,900,-1662,935,1422,2060
IMU1,40042,408871479,-869,972,-959,996,1454,2669
IMU1,40043,408882481,-953,1075,-543,1248,1448,2945
IMU1,40044,408893363,-1201,1272,-55,1493,1469,3192
IMU1,40045,408904256,-1635,1597,483,1841,1494,3410
IMU1,40046,408915231,-2292,1993,956,2263,1475,3648
IMU1,40047,408928779,-3061,2289,1359,2688,1386,3927
IMU1,40048,408939968,-4567,2365,1550,3231,1199,4509
IMU1,40049,408951174,-5249,2200,1718,3398,913,4750
IMU1,40050,408962173,-5848,2224,1704,3619,125,4923
IMU1,40051,408973146,-6238,2117,1523,3905,-1057,5015
IMU1,40052,408984433,-6123,1712,1563,4174,-2055,5034
IMU1,40053,408995723,-5660,1103,1913,4412,-2343,4920
IMU1,40054,409007017,-4677,-423,1990,4846,-1662,4103
IMU1,40055,409018190,-4214,-938,1656,4852,-1565,3390
IMU1,40056,409029368,-3905,-1346,1233,4648,-1854,2513
IMU1,40057,409040744,-3657,-1721,841,4233,-2420,1561
IMU1,40058,409051911,-3359,-1777,400,3634,-2988,625
IMU1,40059,409062894,-3001,-1456,-26,2874,-3295,-251
IMU1,40060,409073848,-2691,-263,-801,1040,-2734,-1620
IMU1,40061,409084995,-2784,282,-1200,76,-2100,-1975
IMU1,40062,409095866,-2787,683,-1350,-837,-1467,-2070
IMU1,40063,409107022,-2661,940,-1193,-1598,-794,-1941
IMU1,40064,409118208,-2505,1090,-906,-2128,-30,-1681
IMU1,40065,409129172,-2414,1151,-608,-2413,667,-1376
IMU1,40066,409140231,-2388,1073,-83,-2472,1094,-1067
IMU1,40067,409151298,-2404,693,111,-2062,1059,-487
IMU1,40068,409162064,-2488,424,213,-1695,744,-241
IMU1,40069,409172625,-2599,280,207,-1294,308,-72
IMU1,40070,409182986,-2653,142,92,-921,-179,-8
IMU1,40071,409192856,-2637,70,-94,-613,-613,-90
IMU1,40072,409202821,-2691,49,-259,-409,-894,-305
IMU1,40073,409213173,-2759,111,-339,-319,-998,-580
IMU1,40074,409223743,-2872,133,-320,-313,-931,-857
IMU1,40075,409234308,-3003,94,-266,-358,-741,-1075
IMU1,40076,409244874,-3099,99,-191,-433,-516,-1214
IMU1,40077,409255437,-3143,138,-89,-523,-331,-1297
IMU1,40078,409265999,-3173,185,43,-611,-250,-1421
IMU1,40079,409276480,-3175,178,153,-760,-323,-1485
# swing_peak_seq=40053
IMU1,40080,409287149,-3154,192,223,-792,-406,-1539
IMU1,40081,409297820,-3084,202,238,-811,-476,-1570
IMU1,40082,409308485,-2994,190,232,-832,-505,-1600
IMU1,40083,409319137,-2948,159,238,-868,-485,-1627
IMU1,40084,409329794,-2947,138,242,-916,-431,-1632
IMU1,40085,409340458,-2941,100,221,-974,-371,-1606
IMU1,40086,409351120,-2930,69,181,-1051,-317,-1550
IMU1,40087,409361792,-2727,4,101,-1162,-261,-1470
IMU1,40088,409372770,-2578,-33,9,-1460,-111,-1357
IMU1,40089,409383132,-2442,-74,-68,-1624,-78,-1343
IMU1,40090,409393587,-2349,-99,-113,-1775,-112,-1327
IMU1,40091,409404455,-2281,-142,-156,-1890,-181,-1286
IMU1,40092,409415506,-2231,-177,-206,-1963,-248,-1209
IMU1,40093,409426567,-2174,-237,-278,-2000,-281,-1100
IMU1,40094,409437622,-2041,-279,-382,-2004,-277,-989
IMU1,40095,409448474,-1892,-280,-579,-1993,-258,-843
IMU1,40096,409459328,-1816,-308,-678,-1938,-274,-785
IMU1,40097,409470186,-1772,-275,-741,-1920,-337,-729
IMU1,40098,409481050,-1736,-326,-778,-1879,-380,-695
IMU1,40099,409491911,-1651,-414,-815,-1839,-366,-656
IMU1,40100,409502771,-1509,-332,-901,-1804,-311,-624
IMU1,40101,409513644,-1462,-382,-872,-1751,-227,-637
IMU1,40102,409524514,-1456,-438,-933,-1679,-143,-664
IMU1,40103,409535372,-1172,-195,-1125,-1490,-132,-670
IMU1,40104,409546445,-1129,-95,-1100,-1399,-142,-701
IMU1,40105,409557313,-1136,-81,-1067,-1293,-154,-727
IMU1,40106,409568180,-1211,-153,-1132,-1152,-215,-725
IMU1,40107,409579247,-1188,-134,-1215,-1016,-332,-681
IMU1,40108,409590319,-1114,-80,-1239,-908,-434,-627
IMU1,40109,409601016,-1098,-127,-1254,-827,-429,-585
IMU1,40110,409611804,-938,-145,-1274,-769,-350,-541
IMU1,40111,409622421,-927,-130,-1292,-683,-314,-543
IMU1,40112,409633020,-919,-147,-1307,-645,-420,-573
IMU1,40113,409643624,-941,-106,-1298,-611,-552,-606
IMU1,40114,409654235,-1031,-94,-1333,-554,-678,-641
IMU1,40115,409664850,-1130,-185,-1385,-500,-792,-653
IMU1,40116,409675654,-1153,-257,-1379,-438,-851,-645
IMU1,40117,409686469,-1177,-297,-1322,-355,-820,-628
IMU1,40118,409697279,-1202,-385,-1268,-249,-707,-596
IMU1,40119,409708104,-1276,-381,-1176,-125,-569,-496
IMU1,40120,409718922,-1356,-324,-1175,88,-417,-455
IMU1,40121,409729442,-1488,-259,-1204,124,-445,-412
IMU1,40122,409740141,-1616,-264,-1244,101,-508,-350
IMU1,40123,409750860,-1669,-323,-1288,16,-558,-258
IMU1,40124,409761376,-1654,-345,-1325,-124,-551,-163
IMU1,40125,409772176,-1618,-348,-1404,-299,-495,-96
IMU1,40126,409782779,-1571,-314,-1462,-503,-428,-56
IMU1,40127,409793404,-1533,-285,-1434,-713,-359,-48
IMU1,40128,409804027,-1550,-282,-1264,-898,-264,-65
IMU1,40129,409815173,-1656,-306,-1250,-1077,-34,-96
IMU1,40130,409825794,-1642,-290,-1183,-1089,53,-60
IMU1,40131,409836312,-1696,-309,-1221,-1056,118,-31
IMU1,40132,409847042,-1711,-246,-1217,-1010,125,1
IMU1,40133,409857461,-1723,-162,-1291,-954,84,21
IMU1,40134,409867672,-1727,-65,-1347,-900,10,23
IMU1,40135,409877698,-1733,16,-1371,-844,-76,11
IMU1,40136,409887727,-1736,71,-1375,-776,-139,-5
IMU1,40137,409897862,-1742,82,-1378,-681,-158,-16
IMU1,40138,409908183,-1781,37,-1369,-570,-145,-15
IMU1,40139,409918500,-1766,-20,-1301,-435,-112,4
IMU1,40140,409931181,-1779,-128,-1233,-137,-38,55
IMU1,40141,409941508,-1732,-156,-1163,0,-19,70
IMU1,40142,409951245,-1710,-179,-1089,136,-33,56
IMU1,40143,409961475,-1749,-235,-1039,261,-81,26
IMU1,40144,409971705,-1802,-249,-945,373,-156,2
IMU1,40145,409981739,-1893,-325,-949,475,-225,-8
IMU1,40146,409991881,-2004,-387,-992,529,-258,15
IMU1,40147,410002113,-2052,-402,-992,515,-236,70
IMU1,40148,410012353,-2054,-398,-923,457,-143,139
IMU1,40149,410022783,-2053,-430,-891,376,4,199
IMU1,40150,410032718,-2041,-450,-863,273,150,248
IMU1,40151,410043055,-1978,-447,-841,153,255,277
IMU1,40152,410053395,-1887,-437,-803,37,327,260
IMU1,40153,410063532,-1859,-465,-685,-75,371,206
