# label=BS
IMU1,7096,70000417,-1968,-569,-153,-70,-1,48
IMU1,7097,70010270,-1958,-568,-144,-78,18,45
IMU1,7098,70019707,-1951,-571,-133,-75,36,29
IMU1,7099,70029147,-1950,-569,-125,-58,33,15
IMU1,7100,70039098,-1959,-569,-121,-39,23,3
IMU1,7101,70048343,-1967,-568,-125,-10,1,-5
IMU1,7102,70057981,-1968,-577,-127,21,-20,-11
IMU1,7103,70068026,-1976,-576,-145,42,-37,-6
IMU1,7104,70077354,-1968,-583,-156,53,-40,-4
IMU1,7105,70087224,-1965,-587,-160,66,-25,-7
IMU1,7106,70096548,-1965,-590,-156,64,-1,-9
IMU1,7107,70106206,-1958,-591,-153,57,15,-10
IMU1,7108,70115647,-1959,-582,-148,51,22,-22
IMU1,7109,70125611,-1955,-576,-136,47,16,-24
IMU1,7110,70135039,-1960,-574,-134,45,12,-27
IMU1,7111,70145002,-1951,-578,-134,47,2,-37
IMU1,7112,70154228,-1956,-581,-138,44,-1,-41
IMU1,7113,70164086,-1949,-585,-144,47,-2,-39
IMU1,7114,70173414,-1948,-591,-155,37,-1,-31
IMU1,7115,70183278,-1946,-594,-154,37,3,-24
IMU1,7116,70193042,-1942,-593,-150,23,18,-16
IMU1,7117,70202482,-1937,-596,-152,12,33,-7
IMU1,7118,70212245,-1947,-595,-141,12,42,0
IMU1,7119,70221805,-1958,-597,-139,11,33,7
IMU1,7120,70231473,-1967,-597,-130,15,18,9
IMU1,7121,70241143,-1975,-602,-136,21,0,17
IMU1,7122,70250709,-1979,-610,-143,24,-14,25
IMU1,7123,70260145,-1976,-611,-153,25,-20,27
IMU1,7124,70272228,-1965,-608,-158,18,-11,16
IMU1,7125,70281652,-1955,-604,-162,10,-2,6
IMU1,7126,70290686,-1967,-602,-165,2,7,-14
IMU1,7127,70299719,-1967,-599,-159,-10,3,-27
IMU1,7128,70309055,-1965,-596,-158,-14,-10,-37
IMU1,7129,70318686,-1964,-592,-161,-13,-18,-44
IMU1,7130,70328314,-1962,-589,-159,-13,-16,-43
IMU1,7131,70337955,-1959,-585,-170,-3,-7,-41
IMU1,7132,70347191,-1948,-579,-184,3,1,-37
IMU1,7133,70356253,-1938,-580,-187,6,12,-34
IMU1,7134,70366018,-1939,-576,-190,5,25,-31
IMU1,7135,70375790,-1949,-575,-174,9,29,-29
IMU1,7136,70385035,-1960,-578,-165,12,22,-21
IMU1,7137,70394997,-1961,-581,-157,23,15,-11
IMU1,7138,70404448,-1967,-576,-161,31,12,-3
IMU1,7139,70414191,-1970,-579,-162,37,12,2
IMU1,7140,70423846,-1980,-580,-163,37,19,4
IMU1,7141,70432984,-1978,-581,-164,34,29,-3
IMU1,7142,70442731,-1979,-582,-158,27,34,-10
IMU1,7143,70452689,-1973,-581,-156,17,36,-14
IMU1,7144,70462105,-1971,-580,-160,11,35,-27
IMU1,7145,70471523,-1967,-569,-163,7,23,-33
IMU1,7146,70481269,-1966,-571,-162,6,12,-37
IMU1,7147,70491012,-1960,-573,-157,10,4,-36
IMU1,7148,70500768,-1959,-567,-156,18,-1,-31
IMU1,7149,70510100,-1968,-563,-155,24,3,-21
IMU1,7150,70519849,-1964,-564,-160,28,9,-6
IMU1,7151,70529404,-1958,-563,-168,31,14,-3
IMU1,7152,70539149,-1946,-565,-176,28,8,1
IMU1,7153,70548611,-1935,-569,-181,27,-1,-8
IMU1,7154,70558258,-1926,-568,-185,30,-7,-22
IMU1,7155,70568107,-1926,-569,-176,24,-9,-28
IMU1,7156,70577423,-1936,-574,-171,31,-4,-32
IMU1,7157,70587276,-1936,-576,-168,31,-4,-26
IMU1,7158,70596604,-1944,-583,-169,39,-2,-16
IMU1,7159,70606452,-1944,-591,-171,38,6,-10
IMU1,7160,70616205,-1949,-596,-165,36,16,-6
IMU1,7161,70625435,-1955,-592,-164,24,8,4
IMU1,7162,70635416,-1954,-599,-165,23,3,3
IMU1,7163,70644889,-1951,-601,-160,14,-5,4
IMU1,7164,70654442,-1949,-599,-153,6,-8,-2
IMU1,7165,70663910,-1953,-602,-153,2,-17,3
IMU1,7166,70673469,-1960,-600,-159,-4,-13,-3
IMU1,7167,70683216,-1960,-597,-161,-7,-8,-10
IMU1,7168,70692953,-1963,-593,-152,-21,-13,-12
IMU1,7169,70702580,-1964,-587,-150,-15,-8,-19
IMU1,7170,70712006,-1964,-589,-158,-14,-6,-21
IMU1,7171,70721951,-1964,-587,-159,-2,-15,-25
IMU1,7172,70731372,-1955,-585,-159,11,-33,-27
IMU1,7173,70740909,-1955,-587,-162,22,-45,-30
IMU1,7174,70750432,-1952,-584,-164,29,-46,-39
IMU1,7175,70759964,-1951,-572,-161,28,-52,-42
IMU1,7176,70770015,-1957,-564,-156,30,-55,-49
IMU1,7177,70779550,-1955,-564,-149,24,-61,-47
IMU1,7178,70789073,-1959,-562,-146,34,-69,-47
IMU1,7179,70798601,-1966,-558,-140,39,-90,-38
IMU1,7180,70808134,-1963,-567,-146,42,-109,-27
IMU1,7181,70817854,-1959,-569,-148,42,-117,-14
IMU1,7182,70827575,-1948,-567,-171,36,-101,-7
IMU1,7183,70837098,-1955,-556,-170,24,-81,-3
IMU1,7184,70846952,-1964,-558,-164,9,-65,-1
IMU1,7185,70856612,-1961,-568,-157,-8,-54,0
IMU1,7186,70866171,-1969,-566,-146,-25,-53,6
IMU1,7187,70875492,-1969,-561,-147,-31,-50,2
IMU1,7188,70885346,-1953,-565,-145,-37,-54,4
IMU1,7189,70894676,-1948,-566,-153,-42,-53,-2
IMU1,7190,70904623,-1949,-556,-153,-41,-57,-4
IMU1,7191,70914056,-1956,-556,-153,-37,-59,-3
IMU1,7192,70923485,-1957,-562,-156,-31,-55,-4
IMU1,7193,70933436,-1962,-561,-156,-22,-54,2
IMU1,7194,70942776,-1967,-562,-157,-21,-52,6
IMU1,7195,70952624,-1970,-567,-155,-9,-54,9
IMU1,7196,70962288,-1973,-572,-156,-11,-57,15
IMU1,7197,70971824,-1970,-575,-152,-9,-51,11
IMU1,7198,70981168,-1972,-572,-153,-3,-42,3
IMU1,7199,70990825,-1968,-571,-153,-6,-31,-4
IMU1,7200,71000580,-1978,-570,-152,-6,-25,-12
IMU1,7201,71010007,-1982,-570,-155,-7,-34,-11
IMU1,7202,71019952,-1991,-568,-147,-8,-42,-15
IMU1,7203,71029385,-1986,-567,-142,4,-52,-19
IMU1,7204,71039239,-1972,-571,-141,6,-61,-15
IMU1,7205,71048585,-1960,-563,-147,13,-52,-19
IMU1,7206,71058102,-1966,-560,-145,12,-42,-25
IMU1,7207,71068141,-1970,-559,-152,12,-37,-30
IMU1,7208,71077672,-1972,-561,-153,12,-42,-27
IMU1,7209,71087199,-1975,-561,-156,5,-41,-30
IMU1,7210,71096537,-1976,-562,-150,-2,-41,-26
IMU1,7211,71106482,-1971,-560,-146,-1,-37,-21
IMU1,7212,71115913,-1970,-566,-138,-8,-37,-10
IMU1,7213,71125870,-1961,-565,-137,-1,-32,-7
IMU1,7214,71135098,-1955,-566,-138,-8,-27,-4
IMU1,7215,71144853,-1957,-568,-144,-7,-20,-8
IMU1,7216,71154603,-1955,-568,-147,-16,-20,-5
IMU1,7217,71164032,-1958,-564,-145,-20,-12,-9
IMU1,7218,71173465,-1981,-572,-141,-22,-13,-4
IMU1,7219,71183407,-1984,-571,-136,-18,-15,1
IMU1,7220,71192737,-1985,-580,-136,-17,-14,6
IMU1,7221,71202593,-1979,-577,-137,-13,-18,13
IMU1,7222,71212112,-1975,-579,-137,-14,-10,5
IMU1,7223,71221964,-1971,-580,-141,-10,-7,-7
IMU1,7224,71231191,-1964,-572,-137,-11,-6,-20
IMU1,7225,71241146,-1963,-572,-135,-10,-10,-34
IMU1,7226,71250768,-1973,-576,-135,-4,-18,-40
IMU1,7227,71260195,-1967,-572,-134,-1,-27,-44
IMU1,7228,71272265,-1966,-565,-129,7,-30,-43
IMU1,7229,71281582,-1963,-564,-131,13,-26,-41
IMU1,7230,71291103,-1964,-565,-132,16,-23,-36
IMU1,7231,71300629,-1964,-568,-136,17,-22,-34
IMU1,7232,71310156,-1965,-565,-136,18,-21,-33
IMU1,7233,71319689,-1957,-561,-138,11,-21,-30
IMU1,7234,71329220,-1958,-564,-141,4,-19,-32
IMU1,7235,71338554,-1954,-562,-144,-5,-19,-31
IMU1,7236,71347988,-1960,-570,-140,-14,-15,-30
IMU1,7237,71357620,-1957,-565,-135,-18,-9,-28
IMU1,7238,71367049,-1960,-564,-132,-21,-7,-20
IMU1,7239,71376470,-1960,-562,-132,-21,-3,-15
IMU1,7240,71385892,-1963,-566,-134,-21,-3,-9
IMU1,7241,71395116,-1953,-565,-130,-18,-7,-5
IMU1,7242,71404354,-1947,-568,-123,-9,-5,-9
IMU1,7243,71413906,-1959,-562,-119,-3,-5,-15
IMU1,7244,71423661,-1960,-566,-119,-2,-16,-13
IMU1,7245,71433105,-1967,-568,-125,8,-21,-21
IMU1,7246,71442961,-1973,-570,-122,3,-32,-17
IMU1,7247,71452810,-1977,-575,-120,-1,-31,-16
IMU1,7248,71462229,-1975,-579,-126,-3,-17,-16
IMU1,7249,71471662,-1974,-575,-126,-11,-6,-14
IMU1,7250,71481619,-1967,-576,-122,-22,1,-11
IMU1,7251,71490938,-1974,-572,-117,-33,3,-10
IMU1,7252,71500792,-1966,-573,-121,-30,-1,-14
IMU1,7253,71510236,-1961,-568,-121,-28,-5,-19
IMU1,7254,71519675,-1956,-565,-126,-28,-16,-22
IMU1,7255,71529312,-1953,-563,-130,-21,-21,-26
IMU1,7256,71538936,-1952,-561,-134,-13,-26,-26
IMU1,7257,71548568,-1946,-556,-138,-8,-23,-28
IMU1,7258,71558525,-1957,-555,-136,-9,-22,-25
IMU1,7259,71567954,-1959,-552,-138,-2,-23,-19
IMU1,7260,71577398,-1957,-549,-137,-3,-21,-17
IMU1,7261,71587369,-1967,-548,-133,-1,-21,-10
IMU1,7262,71596802,-1959,-562,-138,1,-23,-3
IMU1,7263,71606461,-1958,-561,-140,-2,-26,-4
IMU1,7264,71616210,-1958,-562,-142,1,-29,-1
IMU1,7265,71625863,-1961,-561,-135,7,-23,-4
IMU1,7266,71635525,-1964,-562,-130,2,-24,2
IMU1,7267,71645089,-1969,-567,-124,11,-19,-3
IMU1,7268,71654425,-1969,-563,-127,23,-19,-7
IMU1,7269,71664273,-1964,-565,-126,30,-24,-10
IMU1,7270,71673814,-1965,-564,-132,27,-27,-14
IMU1,7271,71683360,-1963,-568,-132,28,-32,-20
IMU1,7272,71692863,-1965,-568,-137,20,-36,-24
IMU1,7273,71702369,-1970,-564,-137,14,-37,-28
IMU1,7274,71712416,-1973,-571,-147,13,-37,-26
IMU1,7275,71721935,-1971,-571,-149,9,-31,-23
IMU1,7276,71731259,-1966,-566,-151,9,-24,-17
IMU1,7277,71741096,-1966,-568,-140,6,-10,-12
IMU1,7278,71750430,-1967,-566,-144,3,4,-10
IMU1,7279,71760503,-1967,-565,-151,-4,3,-8
IMU1,7280,71769958,-1979,-567,-144,-3,2,-15
IMU1,7281,71779599,-1974,-567,-145,-9,-15,-8
IMU1,7282,71789348,-1976,-568,-137,-5,-20,-6
IMU1,7283,71798571,-1980,-563,-147,-6,-9,-6
IMU1,7284,71808117,-1990,-568,-140,-4,3,-4
IMU1,7285,71818076,-1995,-565,-143,-5,14,-2
IMU1,7286,71827732,-1987,-566,-145,-5,18,-4
IMU1,7287,71837386,-1976,-561,-144,-15,12,-3
IMU1,7288,71846720,-1964,-563,-146,-13,12,-18
IMU1,7289,71856229,-1966,-561,-147,-17,1,-22
IMU1,7290,71866071,-1963,-559,-141,-13,1,-32
IMU1,7291,71875926,-1963,-561,-142,-8,-3,-32
IMU1,7292,71885154,-1962,-553,-136,5,0,-38
IMU1,7293,71895127,-1965,-550,-131,13,-2,-36
IMU1,7294,71904459,-1970,-550,-133,25,1,-38
IMU1,7295,71914222,-1967,-558,-133,29,-9,-27
IMU1,7296,71923566,-1976,-556,-137,35,-16,-21
IMU1,7297,71933623,-1967,-563,-134,33,-20,-18
IMU1,7298,71943153,-1964,-564,-133,34,-15,-19
IMU1,7299,71952684,-1955,-563,-134,28,-17,-19
IMU1,7300,71962207,-1958,-568,-129,21,-11,-27
IMU1,7301,71971736,-1954,-567,-123,16,-8,-29
IMU1,7302,71981596,-1939,-559,-130,13,-7,-35
IMU1,7303,71990947,-1941,-560,-130,15,-17,-35
IMU1,7304,72000485,-1948,-561,-122,25,-24,-41
IMU1,7305,72010511,-1948,-564,-116,31,-30,-39
IMU1,7306,72020036,-1952,-560,-119,33,-40,-27
IMU1,7307,72029557,-1955,-562,-120,42,-46,-20
IMU1,7308,72039082,-1958,-563,-130,41,-44,-13
IMU1,7309,72048603,-1954,-563,-133,34,-41,-9
IMU1,7310,72058459,-1962,-560,-131,24,-46,-5
IMU1,7311,72067793,-1964,-563,-130,17,-44,-8
IMU1,7312,72077649,-1966,-562,-122,4,-48,-3
IMU1,7313,72087302,-1963,-566,-121,2,-47,-1
IMU1,7314,72096962,-1965,-566,-124,-1,-39,-4
IMU1,7315,72106683,-1970,-559,-122,-2,-42,-2
IMU1,7316,72115900,-1962,-561,-127,2,-46,-5
IMU1,7317,72125538,-1959,-560,-127,4,-51,-9
IMU1,7318,72135184,-1957,-555,-130,3,-55,-10
IMU1,7319,72145036,-1958,-560,-128,2,-51,-17
IMU1,7320,72154359,-1961,-553,-123,-2,-48,-16
IMU1,7321,72164298,-1968,-553,-128,-3,-42,-11
IMU1,7322,72173714,-1972,-549,-128,-7,-37,-5
IMU1,7323,72183456,-1979,-554,-127,-8,-35,-4
IMU1,7324,72193203,-1991,-561,-124,-13,-43,4
IMU1,7325,72202512,-1991,-564,-118,-8,-52,10
IMU1,7326,72212351,-1993,-567,-116,5,-51,7
IMU1,7327,72221909,-1983,-575,-119,10,-49,5
IMU1,7328,72231662,-1975,-573,-120,17,-44,-7
IMU1,7329,72240992,-1979,-572,-119,15,-53,-11
IMU1,7330,72250513,-1967,-572,-116,16,-52,-29
IMU1,7331,72260562,-1962,-575,-111,15,-54,-41
IMU1,7332,72272725,-1969,-571,-100,12,-62,-42
IMU1,7333,72282244,-1958,-569,-98,19,-56,-53
IMU1,7334,72291566,-1951,-565,-107,22,-61,-52
IMU1,7335,72301097,-1939,-563,-104,17,-80,-48
IMU1,7336,72310616,-1935,-567,-87,7,-95,-46
IMU1,7337,72319745,-1938,-571,-82,-3,-98,-38
IMU1,7338,72328987,-1930,-577,-75,-16,-95,-24
IMU1,7339,72338401,-1919,-575,-87,-28,-87,-10
IMU1,7340,72347816,-1906,-567,-109,-44,-90,-1
IMU1,7341,72357242,-1893,-555,-134,-66,-104,2
IMU1,7342,72366770,-1889,-557,-161,-93,-123,0
IMU1,7343,72376198,-1905,-575,-179,-121,-158,9
IMU1,7344,72385937,-1939,-579,-208,-157,-190,30
IMU1,7345,72395863,-1970,-566,-276,-212,-200,72
IMU1,7346,72405802,-1997,-532,-367,-277,-178,128
IMU1,7347,72415927,-2043,-498,-429,-360,-129,194
IMU1,7348,72426061,-2091,-467,-476,-441,-83,264
IMU1,7349,72435985,-2064,-387,-619,-510,-56,326
IMU1,7350,72445925,-2107,-333,-719,-582,-41,367
IMU1,7351,72455864,-2160,-252,-828,-658,-13,396
IMU1,7352,72465792,-2222,-154,-943,-733,34,432
IMU1,7353,72475642,-2299,-41,-1139,-814,110,478
IMU1,7354,72485684,-2240,75,-1335,-894,164,506
IMU1,7355,72495620,-2127,175,-1469,-952,129,484
IMU1,7356,72505767,-1994,343,-1548,-938,-24,387
IMU1,7357,72515800,-1931,556,-1650,-803,-251,219
IMU1,7358,72526032,-1933,715,-1746,-551,-447,26
IMU1,7359,72536075,-2104,792,-1751,-205,-530,-139
IMU1,7360,72546418,-2245,877,-1806,233,-439,-219
IMU1,7361,72556648,-2369,945,-1824,711,-191,-194
IMU1,7362,72566896,-2427,1144,-1938,1215,148,-89
IMU1,7363,72577751,-2419,1285,-2000,2184,704,189
IMU1,7364,72588189,-2389,1378,-2094,2607,880,297
IMU1,7365,72598630,-2304,1467,-2188,2977,1035,370
IMU1,7366,72609291,-2241,1598,-2180,3285,1201,407
IMU1,7367,72619927,-2286,1689,-2010,3572,1432,419
IMU1,7368,72630578,-2434,1692,-1724,3869,1772,449
IMU1,7369,72641222,-2693,1658,-1429,4205,2215,549
IMU1,7370,72651871,-2919,1614,-1047,4561,2692,736
IMU1,7371,72662526,-3109,1560,-249,4923,3120,974
IMU1,7372,72674037,-3375,1399,127,5666,3843,1477
IMU1,7373,72684591,-3463,1307,568,5998,4115,1682
IMU1,7374,72695159,-3617,1192,1080,6318,4214,1796
IMU1,7375,72705947,-3667,1098,1431,6652,4029,1809
IMU1,7376,72716696,-3588,960,1536,6992,3541,1682
IMU1,7377,72727266,-3582,859,1523,7296,2802,1404
IMU1,7378,72737826,-3541,756,1457,7535,1959,1012
IMU1,7379,72748394,-3473,605,1369,7653,1302,569
IMU1,7380,72758760,-3460,509,1144,7609,983,156
IMU1,7381,72769961,-3296,376,1086,7069,1001,-409
IMU1,7382,72780396,-2995,341,1077,6633,1065,-573
IMU1,7383,72790863,-2686,296,1155,6124,1082,-722
IMU1,7384,72801323,-2381,193,1255,5590,998,-890
IMU1,7385,72811581,-2135,90,1319,5055,791,-1053
IMU1,7386,72821837,-1960,14,1288,4505,498,-1175
IMU1,7387,72832076,-1865,-34,1265,3919,205,-1230
IMU1,7388,72842409,-1808,-95,1258,3322,1,-1188
IMU1,7389,72852346,-1780,-177,1303,2739,-120,-1046
IMU1,7390,72862971,-1739,-220,1364,2206,-183,-829
IMU1,7391,72873406,-1662,-287,1369,1718,-172,-580
IMU1,7392,72883838,-1611,-328,1157,1260,-117,-344
IMU1,7393,72894795,-1496,-412,1025,319,-21,-2
IMU1,7394,72904445,-1463,-455,922,-157,11,95
IMU1,7395,72913992,-1470,-487,920,-624,24,168
IMU1,7396,72923726,-1495,-548,951,-1030,17,222
IMU1,7397,72933676,-1521,-597,963,-1351,-35,243
IMU1,7398,72943721,-1527,-609,945,-1597,-137,253
IMU1,7399,72953978,-1549,-594,898,-1778,-246,251
IMU1,7400,72964224,-1576,-608,839,-1906,-334,237
IMU1,7401,72974458,-1594,-637,814,-1997,-400,225
IMU1,7402,72984694,-1616,-651,777,-2047,-451,215
# swing_peak_seq=7376
IMU1,7403,72994924,-1627,-660,728,-2061,-500,197
IMU1,7404,73005148,-1654,-653,674,-2053,-566,164
IMU1,7405,73015374,-1694,-634,609,-2041,-659,129
IMU1,7406,73025608,-1682,-621,532,-2039,-783,86
IMU1,7407,73035640,-1678,-624,435,-2040,-917,31
IMU1,7408,73045685,-1735,-621,344,-2056,-1055,-25
IMU1,7409,73056018,-1810,-607,248,-2083,-1180,-59
IMU1,7410,73066341,-1852,-574,105,-2128,-1286,-65
IMU1,7411,73077712,-1929,-561,-51,-2283,-1302,-5
IMU1,7412,73087745,-1941,-597,-37,-2353,-1184,46
IMU1,7413,73097903,-1917,-624,-40,-2412,-1033,89
IMU1,7414,73108050,-1918,-631,-48,-2438,-906,95
IMU1,7415,73118005,-1917,-647,-64,-2460,-867,85
IMU1,7416,73127947,-1922,-678,-95,-2467,-916,48
IMU1,7417,73137887,-1927,-667,-113,-2474,-1062,2
IMU1,7418,73148025,-1959,-628,-147,-2476,-1277,-57
IMU1,7419,73158472,-1986,-600,-226,-2489,-1509,-119
IMU1,7420,73169105,-2018,-580,-321,-2514,-1718,-178
IMU1,7421,73179741,-2101,-546,-370,-2556,-1867,-210
IMU1,7422,73190393,-2180,-506,-525,-2605,-1914,-203
IMU1,7423,73201052,-2173,-544,-580,-2662,-1856,-151
IMU1,7424,73212213,-2165,-601,-561,-2706,-1443,24
IMU1,7425,73222559,-2080,-607,-561,-2674,-1156,101
IMU1,7426,73233093,-2044,-578,-566,-2622,-910,136
IMU1,7427,73243437,-2052,-566,-532,-2566,-747,138
IMU1,7428,73253774,-2071,-597,-481,-2495,-675,106
IMU1,7429,73264117,-2088,-599,-395,-2410,-708,52
IMU1,7430,73276816,-2141,-570,-348,-2319,-821,-29
IMU1,7431,73287061,-2139,-545,-406,-2222,-1014,-132
IMU1,7432,73297697,-2119,-417,-700,-2141,-1290,-246
IMU1,7433,73308332,-2077,-437,-680,-2021,-1794,-408
IMU1,7434,73318968,-2086,-461,-609,-1953,-1816,-426
IMU1,7435,73329595,-2124,-462,-570,-1857,-1668,-395
IMU1,7436,73340239,-2198,-471,-597,-1756,-1422,-331
IMU1,7437,73350891,-2253,-491,-594,-1677,-1182,-242
IMU1,7438,73361527,-2247,-515,-559,-1616,-1020,-146
IMU1,7439,73372161,-2173,-516,-536,-1561,-941,-77
IMU1,7440,73382408,-2085,-498,-544,-1508,-939,-56
IMU1,7441,73392636,-2047,-479,-549,-1463,-993,-82
IMU1,7442,73402884,-2023,-491,-552,-1434,-1077,-128
IMU1,7443,73413501,-2050,-511,-547,-1397,-1193,-229
IMU1,7444,73424140,-2071,-514,-551,-1291,-1173,-255
IMU1,7445,73434764,-2091,-524,-540,-1230,-1104,-250
IMU1,7446,73445401,-2060,-547,-531,-1152,-996,-229
IMU1,7447,73455836,-2036,-540,-480,-1069,-876,-189
IMU1,7448,73466272,-2045,-531,-442,-974,-753,-153
IMU1,7449,73476507,-2043,-541,-445,-868,-648,-122
IMU1,7450,73486725,-2012,-552,-454,-775,-584,-97
IMU1,7451,73496758,-2010,-555,-455,-701,-556,-87
IMU1,7452,73506802,-2005,-571,-429,-640,-534,-89
IMU1,7453,73516827,-2001,-601,-406,-594,-507,-94
IMU1,7454,73526858,-1995,-625,-376,-553,-465,-103
IMU1,7455,73537095,-2008,-626,-345,-527,-418,-115
IMU1,7456,73547322,-1997,-622,-348,-510,-378,-126
IMU1,7457,73558603,-1982,-632,-305,-501,-340,-135
IMU1,7458,73568848,-1978,-632,-269,-491,-317,-131
IMU1,7459,73579082,-1975,-628,-232,-460,-288,-121
IMU1,7460,73589321,-1977,-635,-217,-423,-256,-97
IMU1,7461,73599361,-1968,-637,-221,-385,-216,-70
IMU1,7462,73609411,-1951,-633,-233,-357,-173,-45
IMU1,7463,73619438,-1930,-623,-243,-341,-127,-26
IMU1,7464,73629457,-1910,-626,-247,-342,-93,-7
IMU1,7465,73639085,-1915,-637,-213,-349,-68,8
IMU1,7466,73648625,-1904,-648,-188,-352,-41,21
IMU1,7467,73658351,-1892,-644,-180,-360,-23,27
IMU1,7468,73668076,-1902,-632,-188,-359,-22,19
IMU1,7469,73677809,-1889,-649,-187,-352,-48,9
IMU1,7470,73687334,-1866,-642,-195,-342,-84,-9
IMU1,7471,73696958,-1813,-624,-205,-329,-112,-33
IMU1,7472,73706991,-1775,-600,-198,-306,-127,-62
IMU1,7473,73717031,-1798,-582,-162,-268,-136,-90
IMU1,7474,73727072,-1834,-592,-106,-211,-144,-106
IMU1,7475,73737320,-1894,-600,-81,-132,-157,-102
IMU1,7476,73747332,-1950,-618,-107,-50,-189,-80
IMU1,7477,73757143,-1975,-634,-154,17,-230,-52
IMU1,7478,73766872,-1983,-655,-180,66,-262,-28
IMU1,7479,73776584,-1989,-660,-200,92,-273,-7
IMU1,7480,73786105,-1991,-683,-206,92,-246,10
IMU1,7481,73795722,-1999,-701,-199,82,-190,23
IMU1,7482,73805346,-2007,-703,-172,66,-130,36
IMU1,7483,73814967,-2018,-713,-126,53,-73,42
IMU1,7484,73824397,-2027,-737,-97,49,-31,45
IMU1,7485,73833622,-2033,-752,-53,49,-8,46
IMU1,7486,73842645,-2025,-764,-11,61,1,38
IMU1,7487,73851577,-2005,-774,15,74,-2,17
IMU1,7488,73860512,-1988,-774,21,96,-14,-15
IMU1,7489,73869739,-1975,-773,16,111,-41,-51
IMU1,7490,73879173,-1960,-760,28,123,-69,-84
IMU1,7491,73888609,-1943,-753,29,130,-88,-116
IMU1,7492,73898237,-1934,-750,38,133,-97,-138
IMU1,7493,73907875,-1928,-731,38,133,-100,-151
IMU1,7494,73917704,-1928,-725,50,131,-105,-150
IMU1,7495,73927539,-1933,-719,56,130,-112,-138
IMU1,7496,73937378,-1912,-727,55,125,-124,-116
IMU1,7497,73947207,-1900,-718,40,116,-133,-93
IMU1,7498,73956839,-1902,-721,22,101,-131,-73
IMU1,7499,73966473,-1915,-732,26,73,-116,-47
IMU1,7500,73975915,-1929,-744,20,45,-87,-18
IMU1,7501,73985154,-1924,-739,12,9,-46,17
IMU1,7502,73994085,-1912,-733,12,-33,6,54
IMU1,7503,74003036,-1918,-736,36,-74,57,85
IMU1,7504,74012194,-1913,-744,47,-103,102,115
IMU1,7505,74021934,-1893,-743,50,-132,135,138
IMU1,7506,74031681,-1888,-750,53,-162,157,152
IMU1,7507,74041431,-1890,-755,65,-190,172,156
IMU1,7508,74051184,-1890,-750,70,-212,178,154
IMU1,7509,74060941,-1895,-753,79,-221,168,151
IMU1,7510,74070675,-1908,-758,86,-223,149,144
IMU1,7511,74080426,-1904,-768,96,-219,128,129
IMU1,7512,74090160,-1907,-760,95,-213,99,119
IMU1,7513,74099707,-1909,-771,103,-213,83,107
IMU1,7514,74109447,-1896,-772,96,-210,68,98
IMU1,7515,74118797,-1893,-752,95,-213,53,88
IMU1,7516,74128148,-1892,-734,72,-214,28,75
IMU1,7517,74137496,-1888,-731,50,-216,-12,66
IMU1,7518,74146955,-1890,-723,47,-234,-53,62
IMU1,7519,74156398,-1863,-717,29,-249,-79,60
IMU1,7520,74165849,-1847,-702,24,-263,-96,57
IMU1,7521,74175277,-1849,-703,24,-284,-116,52
IMU1,7522,74184921,-1833,-698,14,-296,-140,48
IMU1,7523,74194557,-1849,-692,24,-311,-165,43
IMU1,7524,74204195,-1850,-707,33,-320,-181,44
IMU1,7525,74213826,-1856,-696,44,-333,-191,46
IMU1,7526,74223468,-1867,-697,39,-351,-203,51
IMU1,7527,74233108,-1884,-724,88,-363,-214,55
IMU1,7528,74242754,-1900,-720,111,-371,-231,62
IMU1,7529,74252577,-1926,-729,111,-363,-262,71
IMU1,7530,74262402,-1935,-740,106,-354,-300,85
IMU1,7531,74272221,-1916,-743,106,-347,-334,99
IMU1,7532,74284803,-1920,-750,127,-342,-354,104
IMU1,7533,74294819,-1906,-769,130,-335,-363,104
IMU1,7534,74304852,-1888,-772,129,-337,-371,92
IMU1,7535,74314679,-1866,-753,117,-345,-384,69
IMU1,7536,74324522,-1848,-733,104,-363,-407,37
IMU1,7537,74334345,-1840,-695,103,-397,-436,-2
IMU1,7538,74344088,-1826,-677,84,-438,-478,-36
IMU1,7539,74353809,-1823,-642,62,-479,-537,-63
IMU1,7540,74363545,-1817,-599,53,-516,-608,-76
IMU1,7541,74373289,-1815,-551,39,-546,-695,-76
IMU1,7542,74383026,-1854,-491,-1,-564,-793,-67
IMU1,7543,74392675,-1888,-415,-71,-577,-896,-42
IMU1,7544,74402509,-1932,-335,-209,-596,-1011,-1
IMU1,7545,74412531,-1974,-213,-398,-631,-1116,52
IMU1,7546,74422676,-2090,88,-655,-675,-1165,118
IMU1,7547,74433750,-2198,190,-688,-807,-993,319
IMU1,7548,74443793,-2362,311,-737,-850,-822,465
IMU1,7549,74453850,-2466,482,-907,-881,-700,624
IMU1,7550,74463895,-2543,672,-1127,-910,-685,773
IMU1,7551,74474162,-2598,862,-1394,-949,-748,908
IMU1,7552,74484413,-2635,1058,-1723,-992,-781,1015
IMU1,7553,74495060,-2731,1286,-2030,-1035,-701,1111
IMU1,7554,74505915,-2786,1505,-2281,-1056,-466,1205
IMU1,7555,74516770,-2987,1775,-2329,-980,-142,1274
IMU1,7556,74527425,-3320,2028,-2393,-730,240,1340
IMU1,7557,74537982,-3586,2418,-2680,-293,656,1436
IMU1,7558,74549062,-3658,2594,-2629,1084,1412,1627
IMU1,7559,74559904,-3695,2800,-2465,2012,1824,1637
IMU1,7560,74570770,-3869,2826,-2259,3067,2268,1592
IMU1,7561,74581631,-3998,2832,-2078,4154,2690,1556
IMU1,7562,74592506,-4114,2838,-1748,5182,3107,1521
IMU1,7563,74603372,-4287,2723,-1356,6111,3621,1488
IMU1,7564,74614235,-4419,2641,-1046,6908,4228,1482
IMU1,7565,74625097,-4543,2711,-260,7555,5447,1530
IMU1,7566,74635770,-4774,2746,858,8524,6080,1615
IMU1,7567,74646344,-5083,2595,1880,8983,6695,1799
IMU1,7568,74657124,-5021,2512,2361,9365,6876,2037
IMU1,7569,74667913,-4595,2517,2749,9562,6308,2122
IMU1,7570,74678721,-4104,2264,2973,9602,4976,1893
IMU1,7571,74689495,-3784,1975,3045,9523,3140,1365
IMU1,7572,74700285,-3580,1580,3186,9343,1260,670
IMU1,7573,74710890,-3472,1306,2997,9073,-137,-15
IMU1,7574,74722304,-3078,940,2623,8158,-740,-865
IMU1,7575,74732669,-2680,890,2280,7445,-345,-987
IMU1,7576,74743024,-2167,943,2316,6588,130,-1001
IMU1,7577,74753494,-1829,840,2599,5689,552,-974
IMU1,7578,74763739,-1655,610,2857,4857,662,-916
IMU1,7579,74773995,-1563,339,2890,4122,423,-815
IMU1,7580,74784247,-1512,59,2670,3424,19,-664
IMU1,7581,74794092,-1478,-101,2206,2706,-403,-472
IMU1,7582,74804530,-1410,-167,1684,1927,-748,-265
IMU1,7583,74814950,-1352,-209,1265,1097,-902,-63
IMU1,7584,74825197,-1333,-275,980,272,-852,120
IMU1,7585,74835143,-1345,-375,788,-491,-666,288
IMU1,7586,74845190,-1323,-508,668,-1158,-458,424
IMU1,7587,74855434,-1271,-735,539,-1708,-299,497
IMU1,7588,74866204,-1343,-846,535,-2425,-166,491
IMU1,7589,74876443,-1385,-924,520,-2583,-179,449
IMU1,7590,74886681,-1397,-954,489,-2617,-204,398
IMU1,7591,74896913,-1451,-985,417,-2565,-216,345
IMU1,7592,74907140,-1485,-1006,333,-2454,-219,286
IMU1,7593,74917578,-1500,-989,201,-2313,-241,210
IMU1,7594,74927827,-1656,-1080,408,-2159,-287,110
# swing_peak_seq=7568
IMU1,7595,74938274,-1735,-1030,501,-1965,-383,34
IMU1,7596,74948521,-1853,-977,518,-1731,-595,-18
IMU1,7597,74958669,-1888,-955,494,-1499,-922,-45
IMU1,7598,74968811,-1912,-867,419,-1292,-1317,-67
IMU1,7599,74979144,-1974,-861,446,-1121,-1707,-87
IMU1,7600,74989485,-2020,-835,419,-977,-2043,-95
IMU1,7601,74999615,-2098,-707,296,-869,-2271,-87
IMU1,7602,75010799,-2094,-668,255,-834,-2241,21
IMU1,7603,75020833,-2016,-619,225,-926,-2027,119
IMU1,7604,75031067,-1971,-598,214,-1083,-1787,214
IMU1,7605,75041513,-2028,-646,256,-1291,-1591,294
IMU1,7606,75051946,-2008,-641,257,-1520,-1493,368
IMU1,7607,75062382,-1969,-578,260,-1769,-1498,423
IMU1,7608,75072823,-1998,-488,247,-2018,-1575,448
IMU1,7609,75083253,-2009,-417,258,-2264,-1704,462
IMU1,7610,75093688,-2003,-374,285,-2492,-1842,481
IMU1,7611,75104128,-2017,-360,307,-2682,-1925,501
IMU1,7612,75114567,-2058,-363,214,-2837,-1930,538
IMU1,7613,75125017,-2107,-390,32,-2979,-1873,693
IMU1,7614,75135794,-2137,-395,-24,-3246,-1570,805
IMU1,7615,75146156,-2108,-417,-4,-3344,-1362,892
IMU1,7616,75156308,-2082,-415,53,-3414,-1197,953
IMU1,7617,75166577,-2081,-392,125,-3435,-1094,956
IMU1,7618,75177035,-2087,-379,102,-3410,-1063,900
IMU1,7619,75187483,-2081,-422,-19,-3370,-1094,794
IMU1,7620,75197827,-2109,-425,-105,-3347,-1177,647
IMU1,7621,75208380,-2200,-373,-207,-3336,-1307,491
IMU1,7622,75218910,-2282,-351,-310,-3332,-1454,370
IMU1,7623,75229457,-2294,-311,-354,-3320,-1578,296
IMU1,7624,75240008,-2326,-236,-488,-3287,-1631,254
IMU1,7625,75251052,-2410,-281,-422,-3153,-1484,230
IMU1,7626,75261610,-2472,-262,-363,-3019,-1344,271
IMU1,7627,75272165,-2462,-243,-384,-2839,-1180,308
IMU1,7628,75285268,-2391,-201,-428,-2659,-1041,340
IMU1,7629,75295800,-2354,-165,-458,-2476,-930,333
IMU1,7630,75306154,-2306,-175,-470,-2311,-844,294
IMU1,7631,75316510,-2286,-188,-440,-2159,-783,221
IMU1,7632,75326856,-2195,-156,-366,-2020,-765,17
IMU1,7633,75337526,-2177,-135,-368,-1783,-802,-112
IMU1,7634,75347968,-2249,-123,-360,-1674,-915,-244
IMU1,7635,75358408,-2302,-170,-295,-1567,-1064,-344
IMU1,7636,75369057,-2296,-219,-244,-1444,-1165,-413
IMU1,7637,75379671,-2269,-221,-233,-1315,-1182,-452
IMU1,7638,75390301,-2202,-229,-250,-1198,-1118,-479
IMU1,7639,75400953,-2141,-245,-269,-1104,-1019,-509
IMU1,7640,75411587,-2117,-225,-250,-1035,-919,-537
IMU1,7641,75422025,-2128,-189,-226,-977,-819,-557
IMU1,7642,75432258,-2124,-180,-230,-936,-740,-556
IMU1,7643,75443539,-2121,-166,-241,-851,-723,-493
IMU1,7644,75453759,-2149,-228,-174,-805,-744,-429
IMU1,7645,75463992,-2143,-274,-107,-731,-738,-339
IMU1,7646,75474237,-2107,-266,-78,-644,-685,-234
IMU1,7647,75484270,-2048,-245,-91,-556,-579,-148
IMU1,7648,75494305,-2027,-246,-118,-494,-451,-90
IMU1,7649,75504345,-2081,-247,-129,-457,-323,-55
IMU1,7650,75514372,-2107,-283,-119,-454,-207,-15
IMU1,7651,75524416,-2108,-328,-91,-468,-117,29
IMU1,7652,75534145,-2090,-336,-70,-483,-53,68
IMU1,7653,75543674,-2041,-346,-70,-499,-28,96
IMU1,7654,75553215,-1986,-356,-74,-514,-46,112
IMU1,7655,75562956,-1944,-377,-24,-513,-91,117
IMU1,7656,75572696,-1947,-396,45,-486,-122,110
IMU1,7657,75582525,-1982,-398,91,-435,-118,98
IMU1,7658,75592173,-2002,-416,66,-369,-94,88
IMU1,7659,75601605,-1986,-444,9,-315,-72,80
IMU1,7660,75610848,-1912,-447,-46,-285,-48,55
IMU1,7661,75620392,-1893,-477,-54,-279,-9,1
IMU1,7662,75629545,-2013,-568,42,-286,39,-59
IMU1,7663,75638988,-2082,-591,161,-261,57,-66
IMU1,7664,75648634,-2051,-530,222,-192,33,-24
IMU1,7665,75658276,-2055,-516,266,-95,-13,23
IMU1,7666,75667718,-2050,-533,251,7,-79,60
IMU1,7667,75676881,-2061,-549,186,98,-162,81
IMU1,7668,75686420,-2059,-567,123,151,-231,88
IMU1,7669,75696158,-2010,-591,80,159,-253,78
IMU1,7670,75705707,-1972,-608,76,140,-216,44
IMU1,7671,75715256,-1953,-614,98,102,-136,-17
IMU1,7672,75724898,-1949,-612,135,65,-58,-91
IMU1,7673,75734337,-1990,-610,198,37,-16,-169
IMU1,7674,75743998,-2041,-635,269,34,-31,-233
IMU1,7675,75753673,-2116,-644,336,75,-104,-270
IMU1,7676,75763526,-2153,-643,369,144,-210,-259
IMU1,7677,75773573,-2122,-626,361,224,-312,-212
IMU1,7678,75783645,-2075,-612,307,295,-367,-165
IMU1,7679,75793692,-2034,-590,228,334,-368,-128
IMU1,7680,75803733,-1999,-572,163,326,-332,-105
IMU1,7681,75813759,-1936,-566,128,277,-263,-99
IMU1,7682,75823597,-1906,-547,133,202,-161,-113
IMU1,7683,75833637,-1915,-531,162,119,-51,-130
IMU1,7684,75843470,-1945,-543,215,40,26,-131
IMU1,7685,75852999,-1992,-558,285,-14,57,-115
IMU1,7686,75862629,-2000,-569,339,-35,49,-74
IMU1,7687,75872057,-2007,-589,381,-26,24,-16
IMU1,7688,75881477,-2005,-621,423,1,8,44
IMU1,7689,75890320,-1978,-641,399,29,11,102
IMU1,7690,75899758,-1947,-631,354,53,25,136
IMU1,7691,75909212,-1910,-625,318,51,30,148
IMU1,7692,75918668,-1870,-629,304,32,32,141
IMU1,7693,75928131,-1874,-635,315,0,48,118
IMU1,7694,75937296,-1886,-646,318,-36,71,98
IMU1,7695,75946641,-1911,-640,336,-70,92,81
IMU1,7696,75955985,-1922,-643,346,-92,100,73
IMU1,7697,75965526,-1930,-650,359,-109,92,74
IMU1,7698,75975071,-1930,-667,375,-120,79,84
IMU1,7699,75984620,-1919,-672,367,-124,73,94
IMU1,7700,75994171,-1895,-669,355,-133,68,100
IMU1,7701,76003921,-1871,-660,337,-139,55,97
IMU1,7702,76013460,-1864,-650,338,-148,36,84
IMU1,7703,76022999,-1885,-655,364,-160,24,71
IMU1,7704,76032530,-1882,-678,374,-164,20,69
IMU1,7705,76042050,-1870,-684,378,-168,20,72
IMU1,7706,76051584,-1857,-681,384,-168,13,70
IMU1,7707,76061117,-1830,-678,381,-171,-5,59
IMU1,7708,76070560,-1808,-673,385,-169,-38,38
IMU1,7709,76080183,-1793,-683,418,-172,-84,19
IMU1,7710,76089806,-1781,-684,437,-172,-148,2
IMU1,7711,76099430,-1764,-676,428,-164,-235,-17
IMU1,7712,76109352,-1741,-675,390,-160,-344,-34
IMU1,7713,76119282,-1707,-680,375,-170,-446,-47
IMU1,7714,76129208,-1672,-688,374,-184,-508,-66
IMU1,7715,76139140,-1641,-675,365,-196,-535,-86
IMU1,7716,76149080,-1629,-648,327,-206,-551,-109
IMU1,7717,76159206,-1630,-622,285,-216,-571,-128
IMU1,7718,76169352,-1640,-621,245,-234,-596,-140
IMU1,7719,76179488,-1687,-606,223,-261,-625,-134
IMU1,7720,76189623,-1753,-565,192,-289,-643,-105
IMU1,7721,76199736,-1840,-548,149,-321,-650,-51
IMU1,7722,76209658,-1917,-548,99,-355,-657,38
IMU1,7723,76219296,-1995,-527,34,-395,-655,145
IMU1,7724,76229133,-2066,-473,-46,-446,-647,260
IMU1,7725,76239053,-2112,-402,-135,-504,-654,361
IMU1,7726,76249181,-2174,-274,-293,-570,-713,426
IMU1,7727,76259325,-2239,32,-828,-635,-831,447
IMU1,7728,76270214,-2362,158,-1087,-798,-1031,427
IMU1,7729,76280664,-2375,297,-1263,-863,-950,413
IMU1,7730,76293672,-2471,457,-1338,-892,-662,408
IMU1,7731,76303908,-2612,615,-1377,-854,-222,436
IMU1,7732,76314157,-2778,807,-1488,-738,236,489
IMU1,7733,76324302,-2909,965,-1564,-544,588,565
IMU1,7734,76334454,-3015,1174,-1610,-261,790,641
IMU1,7735,76344806,-3050,1403,-1715,114,890,680
IMU1,7736,76355056,-3133,1584,-1829,581,970,672
IMU1,7737,76365322,-3398,1933,-1835,1104,1086,650
IMU1,7738,76375973,-3508,2010,-1755,2330,1474,628
IMU1,7739,76386653,-3542,2072,-1642,3016,1708,631
IMU1,7740,76397320,-3541,2151,-1490,3710,1939,610
IMU1,7741,76407991,-3475,2267,-1402,4402,2126,532
IMU1,7742,76418664,-3461,2400,-1289,5056,2237,390
IMU1,7743,76429321,-3459,2513,-1146,5642,2339,206
IMU1,7744,76439988,-3533,2657,-947,6147,2512,17
IMU1,7745,76450271,-3688,2727,-590,6576,2830,-123
IMU1,7746,76460825,-3891,2774,-152,6945,3286,-171
IMU1,7747,76471374,-4337,2941,1049,7277,4185,-14
IMU1,7748,76481848,-4543,2908,1663,7838,4454,133
IMU1,7749,76492420,-4671,2831,2368,8070,4557,279
IMU1,7750,76503011,-4615,2721,3061,8300,4470,360
IMU1,7751,76513610,-4316,2534,3603,8547,4120,298
IMU1,7752,76524188,-3743,2298,3729,8786,3368,24
IMU1,7753,76534567,-3073,1983,3690,8951,2164,-511
IMU1,7754,76545247,-2496,1717,3766,9042,749,-1272
IMU1,7755,76555920,-2161,1442,3884,9064,-538,-2120
IMU1,7756,76566684,-1926,1202,3792,8990,-1516,-2866
IMU1,7757,76578174,-1456,752,3127,8310,-2277,-3568
IMU1,7758,76588956,-1336,685,2564,7644,-2061,-3457
IMU1,7759,76599721,-1280,756,2059,6785,-1666,-3087
IMU1,7760,76610479,-1196,789,1694,5779,-1210,-2502
IMU1,7761,76621245,-1208,620,1525,4666,-635,-1764
IMU1,7762,76631803,-1297,334,1644,3509,-24,-940
IMU1,7763,76641959,-1284,121,1848,2397,392,-149
IMU1,7764,76652209,-1121,-10,1853,1374,485,471
IMU1,7765,76662259,-885,-107,1695,426,368,842
IMU1,7766,76672106,-720,-157,1513,-455,263,962
IMU1,7767,76682052,-763,-243,1420,-1230,275,896
IMU1,7768,76693243,-1176,-485,1403,-2364,534,624
IMU1,7769,76703602,-1313,-624,1501,-2676,710,535
IMU1,7770,76713969,-1393,-721,1625,-2817,869,501
IMU1,7771,76724322,-1401,-772,1717,-2818,962,499
IMU1,7772,76734673,-1388,-775,1785,-2721,948,498
IMU1,7773,76745041,-1354,-765,1840,-2554,817,476
IMU1,7774,76755408,-1345,-711,1832,-2351,573,415
IMU1,7775,76765779,-1429,-643,1743,-2146,243,320
IMU1,7776,76776130,-1625,-634,1646,-1976,-126,220
IMU1,7777,76786576,-1802,-629,1557,-1845,-493,169
IMU1,7778,76797034,-1879,-598,1413,-1762,-811,184
IMU1,7779,76807503,-2086,-596,1145,-1731,-1035,232
IMU1,7780,76818653,-2137,-543,1032,-1836,-1247,373
IMU1,7781,76829288,-2112,-490,983,-1956,-1256,445
IMU1,7782,76839716,-2060,-436,956,-2087,-1188,475
# swing_peak_seq=7756
IMU1,7783,76850159,-2042,-338,940,-2243,-1109,479
IMU1,7784,76860597,-2107,-287,918,-2397,-1068,462
IMU1,7785,76871043,-2192,-298,846,-2560,-1070,467
IMU1,7786,76881472,-2245,-291,749,-2740,-1090,511
IMU1,7787,76891911,-2258,-261,691,-2944,-1076,583
IMU1,7788,76902357,-2277,-256,714,-3151,-1031,663
IMU1,7789,76912822,-2187,-194,650,-3337,-1004,730
IMU1,7790,76923251,-2117,-109,535,-3496,-1020,782
IMU1,7791,76933691,-2244,-212,557,-3725,-1103,778
IMU1,7792,76944138,-2228,-229,512,-3785,-1177,809
IMU1,7793,76954580,-2201,-173,409,-3796,-1257,849
IMU1,7794,76965020,-2192,-133,239,-3802,-1309,877
IMU1,7795,76975465,-2233,-157,165,-3827,-1330,889
IMU1,7796,76985913,-2224,-162,148,-3852,-1344,903
IMU1,7797,76996355,-2202,-91,160,-3847,-1376,913
IMU1,7798,77006599,-2206,-40,101,-3794,-1444,905
IMU1,7799,77016829,-2262,-9,-29,-3717,-1550,882
IMU1,7800,77026763,-2333,-9,-124,-3632,-1667,854
IMU1,7801,77036891,-2310,3,-202,-3554,-1731,835
IMU1,7802,77046928,-2239,22,-287,-3490,-1687,804
IMU1,7803,77057159,-2214,12,-327,-3447,-1523,736
IMU1,7804,77068429,-2341,-11,-308,-3397,-1066,614
IMU1,7805,77078768,-2373,-31,-290,-3361,-929,575
IMU1,7806,77088910,-2369,23,-300,-3298,-911,525
IMU1,7807,77098947,-2327,45,-363,-3210,-977,463
IMU1,7808,77108980,-2278,46,-421,-3118,-1063,385
IMU1,7809,77119220,-2279,89,-443,-3031,-1130,315
IMU1,7810,77129478,-2280,117,-517,-2926,-1157,263
IMU1,7811,77139918,-2266,125,-575,-2825,-1130,229
IMU1,7812,77150358,-2307,123,-539,-2735,-1047,201
IMU1,7813,77160806,-2339,35,-432,-2628,-907,186
IMU1,7814,77170844,-2326,-12,-360,-2487,-769,177
IMU1,7815,77180978,-2272,18,-318,-2313,-713,158
IMU1,7816,77191035,-2217,14,-250,-2102,-768,118
IMU1,7817,77201084,-2165,16,-235,-1865,-914,52
IMU1,7818,77210924,-2146,51,-246,-1613,-1088,-29
IMU1,7819,77221039,-2128,49,-429,-1385,-1222,-114
IMU1,7820,77231890,-2166,17,-503,-1054,-1244,-214
IMU1,7821,77242231,-2179,-44,-552,-967,-1113,-211
IMU1,7822,77252474,-2186,-85,-575,-921,-925,-174
IMU1,7823,77262511,-2191,-108,-578,-905,-684,-124
IMU1,7824,77272742,-2231,-106,-551,-907,-425,-62
IMU1,7825,77282786,-2262,-105,-486,-916,-155,5
IMU1,7826,77295083,-2261,-112,-416,-915,98,86
IMU1,7827,77304729,-2235,-115,-354,-903,317,171
IMU1,7828,77314785,-2209,-113,-256,-879,489,241
IMU1,7829,77324819,-2176,-160,-152,-831,610,286
IMU1,7830,77334850,-2141,-211,-65,-762,659,302
IMU1,7831,77344693,-2095,-238,-23,-671,626,282
IMU1,7832,77354526,-2032,-251,-16,-570,515,217
IMU1,7833,77364366,-1983,-250,6,-452,331,126
IMU1,7834,77373904,-1962,-229,41,-330,126,20
IMU1,7835,77383441,-1954,-214,83,-177,-68,-77
IMU1,7836,77392975,-1963,-227,99,-12,-225,-160
IMU1,7837,77402701,-2005,-259,135,150,-351,-202
IMU1,7838,77412742,-2044,-314,211,313,-452,-219
IMU1,7839,77422803,-2074,-382,190,479,-535,-238
IMU1,7840,77433888,-2059,-431,158,695,-611,-223
IMU1,7841,77443933,-2021,-453,106,726,-587,-203
IMU1,7842,77453957,-1926,-414,62,710,-538,-199
IMU1,7843,77463795,-1903,-397,33,649,-474,-205
IMU1,7844,77473638,-1856,-386,31,561,-416,-200
IMU1,7845,77483465,-1908,-385,63,457,-363,-192
IMU1,7846,77493308,-1949,-455,234,367,-306,-160
IMU1,7847,77503343,-1989,-481,191,321,-258,-97
IMU1,7848,77513182,-2024,-489,250,282,-224,-24
IMU1,7849,77523015,-2012,-495,232,243,-193,45
IMU1,7850,77532750,-2020,-518,247,195,-137,95
IMU1,7851,77542498,-1998,-548,247,145,-54,128
IMU1,7852,77552230,-1988,-578,260,88,53,146
IMU1,7853,77561684,-1990,-592,297,25,178,151
IMU1,7854,77571334,-2010,-610,353,-30,293,145
IMU1,7855,77581082,-2035,-613,407,-69,358,139
IMU1,7856,77590823,-2045,-625,447,-84,358,126
IMU1,7857,77600571,-2052,-619,455,-76,292,107
IMU1,7858,77610313,-2040,-616,457,-55,183,84
IMU1,7859,77619858,-1999,-614,449,-30,75,54
IMU1,7860,77629198,-1958,-603,414,-4,-6,11
IMU1,7861,77638246,-1929,-599,399,17,-45,-43
IMU1,7862,77647688,-1917,-610,395,34,-53,-105
IMU1,7863,77657336,-1900,-609,377,51,-48,-173
IMU1,7864,77666989,-1913,-606,386,69,-46,-243
IMU1,7865,77676633,-1967,-615,426,84,-64,-296
IMU1,7866,77686281,-2013,-594,416,109,-110,-319
IMU1,7867,77696322,-1999,-531,391,135,-175,-304
IMU1,7868,77706356,-1996,-495,350,140,-216,-260
IMU1,7869,77716395,-1958,-484,289,118,-209,-193
IMU1,7870,77726438,-1930,-468,234,66,-151,-120
IMU1,7871,77736280,-1903,-455,174,-10,-62,-52
IMU1,7872,77745823,-1882,-430,149,-108,32,1
IMU1,7873,77755175,-1872,-417,107,-210,118,37
IMU1,7874,77764932,-1910,-459,214,-312,198,63
IMU1,7875,77774689,-1917,-459,288,-382,264,102
IMU1,7876,77784641,-1930,-455,373,-392,295,149
IMU1,7877,77794589,-1919,-473,418,-350,283,198
IMU1,7878,77804545,-1937,-495,462,-271,237,234
IMU1,7879,77814501,-1937,-501,465,-170,173,252
IMU1,7880,77824449,-1930,-521,410,-77,99,247
IMU1,7881,77833965,-1931,-537,385,-13,29,215
IMU1,7882,77843498,-1919,-534,358,25,-24,161
IMU1,7883,77853036,-1936,-545,364,38,-65,95
IMU1,7884,77862376,-1979,-565,378,41,-98,32
IMU1,7885,77871728,-2015,-586,390,41,-131,-18
IMU1,7886,77881368,-2042,-584,392,42,-168,-45
IMU1,7887,77891001,-2067,-586,404,40,-192,-51
IMU1,7888,77900635,-2068,-604,392,34,-196,-39
IMU1,7889,77910292,-2032,-612,352,11,-177,-23
IMU1,7890,77919938,-1998,-597,307,-31,-143,-17
IMU1,7891,77929699,-1963,-576,258,-85,-113,-23
IMU1,7892,77939420,-1952,-567,248,-145,-89,-36
IMU1,7893,77949150,-1953,-554,260,-201,-61,-47
IMU1,7894,77958890,-1972,-538,259,-240,-32,-47
IMU1,7895,77968622,-1979,-533,257,-263,-2,-36
IMU1,7896,77978162,-1961,-517,241,-273,22,-15
IMU1,7897,77987798,-1939,-499,222,-276,37,5
IMU1,7898,77997158,-1914,-477,188,-281,50,19
IMU1,7899,78006711,-1894,-460,165,-290,69,25
IMU1,7900,78016258,-1888,-439,140,-301,93,30
IMU1,7901,78025801,-1878,-403,122,-316,109,34
IMU1,7902,78035548,-1886,-368,99,-323,108,36
IMU1,7903,78045086,-1905,-346,58,-315,75,41
IMU1,7904,78054442,-1939,-327,18,-301,11,55
IMU1,7905,78063775,-1990,-301,-32,-279,-63,77
IMU1,7906,78073332,-2019,-273,-83,-260,-112,107
IMU1,7907,78083272,-2051,-249,-138,-250,-130,145
IMU1,7908,78093387,-2080,-207,-212,-259,-105,186
IMU1,7909,78103502,-2117,-162,-319,-285,-43,224
IMU1,7910,78113441,-2173,-81,-494,-335,20,256
IMU1,7911,78123074,-2204,-15,-697,-424,94,297
IMU1,7912,78132723,-2204,77,-850,-553,187,336
IMU1,7913,78142475,-2219,197,-930,-712,326,368
IMU1,7914,78152436,-2218,305,-962,-870,503,396
IMU1,7915,78162392,-2242,465,-1064,-1013,629,414
IMU1,7916,78172743,-2286,637,-1228,-1122,631,435
IMU1,7917,78184152,-2285,835,-1288,-1162,303,479
IMU1,7918,78194503,-2251,1037,-1374,-1051,67,467
IMU1,7919,78204860,-2270,1214,-1502,-826,-73,427
IMU1,7920,78215114,-2336,1248,-1573,-470,-18,393
IMU1,7921,78225377,-2516,1222,-1454,22,262,397
IMU1,7922,78235442,-2688,1170,-1192,670,748,473
IMU1,7923,78245704,-2778,1269,-1079,1451,1324,606
IMU1,7924,78256361,-2818,1450,-1103,2286,1796,749
IMU1,7925,78267018,-2844,1550,-1085,3105,2042,872
IMU1,7926,78277691,-2883,1580,-1037,3873,2082,971
IMU1,7927,78288350,-2862,1693,-957,4557,2053,1041
IMU1,7928,78301769,-2766,1823,-1047,5597,2205,1093
IMU1,7929,78312643,-2800,1920,-1018,5942,2399,1109
IMU1,7930,78323518,-2903,1975,-830,6229,2707,1154
IMU1,7931,78334198,-3136,1978,-372,6502,3191,1264
IMU1,7932,78344896,-3341,1929,141,6828,3816,1466
IMU1,7933,78355464,-3389,1997,1032,7192,4397,1717
IMU1,7934,78366776,-3321,2102,1367,7890,4741,2037
IMU1,7935,78377554,-3487,1997,1760,8189,4335,2049
IMU1,7936,78388334,-3727,1813,2134,8494,3580,1999
IMU1,7937,78399118,-3838,1667,2378,8809,2582,1902
IMU1,7938,78409914,-3749,1291,2625,9109,1470,1727
IMU1,7939,78420686,-3484,864,2681,9354,351,1450
IMU1,7940,78431055,-3142,512,2579,9495,-731,1049
IMU1,7941,78441537,-2874,204,2334,9464,-1758,516
IMU1,7942,78452013,-2298,-82,1401,9189,-2639,-93
IMU1,7943,78462785,-2076,104,833,7676,-3413,-1213
IMU1,7944,78473360,-1882,306,462,6453,-3087,-1547
IMU1,7945,78483925,-1652,467,362,5056,-2294,-1668
IMU1,7946,78494477,-1461,607,542,3636,-1211,-1598
IMU1,7947,78505046,-1449,624,828,2332,-99,-1411
IMU1,7948,78515198,-1525,479,1166,1207,728,-1146
IMU1,7949,78525682,-1589,269,1525,287,1160,-833
IMU1,7950,78535944,-1663,110,1756,-426,1246,-515
IMU1,7951,78546309,-1696,-31,1859,-954,1043,-214
IMU1,7952,78556562,-1722,-120,1860,-1333,656,54
IMU1,7953,78566718,-1715,-190,1821,-1581,224,273
IMU1,7954,78577077,-1803,-256,1680,-1725,-145,429
IMU1,7955,78588042,-1752,-221,1568,-1815,-533,605
IMU1,7956,78598509,-1733,-263,1459,-1819,-540,623
IMU1,7957,78608965,-1801,-363,1364,-1806,-473,586
IMU1,7958,78619409,-1872,-421,1308,-1803,-432,530
IMU1,7959,78629867,-1921,-428,1238,-1791,-475,449
IMU1,7960,78640329,-1925,-435,1142,-1788,-592,349
IMU1,7961,78650785,-1927,-398,978,-1818,-755,238
IMU1,7962,78661023,-1913,-349,807,-1901,-922,122
IMU1,7963,78671260,-1939,-360,834,-2036,-1044,7
IMU1,7964,78681294,-2134,-430,971,-2175,-1088,-80
IMU1,7965,78691629,-2092,-288,1001,-2256,-1091,-100
IMU1,7966,78702353,-2164,-273,948,-2311,-1166,-77
IMU1,7967,78712707,-2120,-163,835,-2405,-1306,-42
# swing_peak_seq=7941
IMU1,7968,78723036,-2122,-146,637,-2474,-1478,-11
IMU1,7969,78733377,-2089,-164,445,-2591,-1618,24
IMU1,7970,78743592,-2096,-148,349,-2758,-1665,76
IMU1,7971,78753835,-2123,-172,336,-2942,-1586,148
IMU1,7972,78764274,-2148,-176,402,-3107,-1419,244
IMU1,7973,78774716,-2140,-169,439,-3229,-1244,345
IMU1,7974,78785155,-2153,-183,453,-3306,-1158,436
IMU1,7975,78795603,-2143,-162,397,-3349,-1186,509
IMU1,7976,78806053,-2077,-148,306,-3376,-1307,554
IMU1,7977,78816503,-2025,-126,179,-3409,-1465,559
IMU1,7978,78826934,-2096,-29,31,-3460,-1611,529
IMU1,7979,78838011,-2156,-28,-120,-3583,-1767,445
IMU1,7980,78848348,-2238,-11,-230,-3646,-1791,437
IMU1,7981,78858667,-2315,8,-242,-3713,-1765,473
IMU1,7982,78868707,-2342,-20,-275,-3758,-1647,534
IMU1,7983,78879043,-2327,-66,-297,-3795,-1471,604
IMU1,7984,78889390,-2330,-23,-297,-3818,-1284,663
IMU1,7985,78899719,-2308,-24,-329,-3829,-1098,691
IMU1,7986,78910054,-2301,-50,-371,-3836,-941,686
IMU1,7987,78920209,-2299,-67,-394,-3841,-825,659
IMU1,7988,78930338,-2288,-36,-447,-3844,-760,614
IMU1,7989,78940476,-2298,13,-477,-3849,-723,540
IMU1,7990,78950525,-2303,9,-433,-3843,-690,451
IMU1,7991,78960366,-2287,-39,-368,-3811,-657,344
IMU1,7992,78970508,-2265,-46,-387,-3734,-662,226
IMU1,7993,78980658,-2243,-48,-437,-3632,-731,107
IMU1,7994,78991832,-2284,-13,-512,-3357,-979,-91
IMU1,7995,79001876,-2251,21,-622,-3207,-1091,-144
IMU1,7996,79012207,-2227,39,-658,-3067,-1147,-174
IMU1,7997,79022546,-2228,41,-656,-2917,-1120,-178
IMU1,7998,79032889,-2234,27,-623,-2757,-1016,-152
IMU1,7999,79043241,-2263,2,-490,-2568,-883,-95
IMU1,8000,79052967,-2270,-26,-315,-2322,-755,-20
IMU1,8001,79062974,-2241,-46,-247,-2009,-662,44
IMU1,8002,79072885,-2158,-62,-352,-1673,-618,79
IMU1,8003,79082812,-2081,-32,-453,-1368,-636,66
IMU1,8004,79092737,-2058,-22,-499,-1126,-693,16
IMU1,8005,79102661,-2031,-64,-476,-927,-731,-51
IMU1,8006,79112499,-2020,-98,-440,-755,-739,-117
IMU1,8007,79122518,-2037,-102,-426,-613,-733,-175
IMU1,8008,79132739,-2062,-100,-437,-508,-720,-220
IMU1,8009,79142965,-2108,-89,-451,-436,-716,-255
IMU1,8010,79152984,-2179,-108,-438,-389,-714,-269
IMU1,8011,79163209,-2221,-153,-417,-365,-694,-256
IMU1,8012,79174467,-2203,-229,-376,-329,-515,-189
IMU1,8013,79184685,-2184,-269,-317,-320,-356,-155
IMU1,8014,79194907,-2170,-318,-272,-300,-187,-121
IMU1,8015,79205138,-2161,-344,-236,-272,-33,-92
IMU1,8016,79214961,-2159,-349,-188,-240,102,-66
IMU1,8017,79224885,-2169,-360,-132,-214,208,-30
IMU1,8018,79234803,-2156,-374,-76,-179,290,3
IMU1,8019,79244237,-2149,-384,-28,-138,331,29
IMU1,8020,79253869,-2155,-417,45,-91,325,49
IMU1,8021,79263207,-2123,-478,117,-27,296,54
IMU1,8022,79272743,-2057,-514,158,43,251,37
IMU1,8023,79282191,-1998,-507,163,115,179,-1
IMU1,8024,79291728,-1940,-500,166,178,96,-57
IMU1,8025,79303817,-1907,-508,157,237,22,-130
IMU1,8026,79313557,-1921,-503,175,280,-43,-201
IMU1,8027,79323384,-1963,-510,207,313,-98,-253
IMU1,8028,79333219,-1975,-546,243,341,-146,-277
IMU1,8029,79343254,-1980,-575,278,369,-194,-282
IMU1,8030,79353295,-1986,-597,299,398,-246,-277
IMU1,8031,79363346,-1960,-602,306,420,-308,-259
IMU1,8032,79373368,-1944,-591,296,431,-360,-240
IMU1,8033,79383392,-1923,-593,269,433,-395,-220
IMU1,8034,79393419,-1917,-591,258,411,-400,-198
IMU1,8035,79403449,-1913,-584,241,373,-356,-172
IMU1,8036,79415043,-1915,-590,203,229,-140,-104
IMU1,8037,79425072,-1874,-568,184,131,-20,-60
IMU1,8038,79434697,-1874,-585,322,45,85,-38
IMU1,8039,79444036,-1872,-605,261,-17,157,-25
IMU1,8040,79453664,-1869,-593,263,-65,159,-24
IMU1,8041,79463300,-1849,-562,245,-114,118,-21
IMU1,8042,79473110,-1849,-558,281,-160,101,-25
IMU1,8043,79482929,-1862,-583,294,-185,113,-25
IMU1,8044,79492746,-1887,-603,305,-193,130,-12
IMU1,8045,79502577,-1902,-592,319,-188,137,9
IMU1,8046,79512124,-1932,-611,356,-181,139,32
IMU1,8047,79521862,-1891,-596,355,-153,138,48
IMU1,8048,79531598,-1859,-597,332,-136,141,47
IMU1,8049,79541336,-1893,-599,307,-125,131,25
IMU1,8050,79551079,-1928,-616,335,-123,91,-3
IMU1,8051,79560519,-1936,-608,306,-110,1,-12
IMU1,8052,79569955,-1934,-576,314,-99,-95,-5
IMU1,8053,79579285,-1925,-569,297,-83,-164,8
IMU1,8054,79588711,-1890,-559,256,-67,-206,22
IMU1,8055,79598353,-1867,-532,203,-66,-222,24
IMU1,8056,79607995,-1873,-539,187,-79,-211,17
IMU1,8057,79617642,-1892,-538,183,-99,-183,5
IMU1,8058,79627066,-1911,-546,210,-111,-163,2
IMU1,8059,79636697,-1915,-555,230,-108,-145,-1
IMU1,8060,79646430,-1931,-570,252,-101,-136,8
IMU1,8061,79656062,-1962,-589,255,-76,-128,20
IMU1,8062,79665691,-1976,-590,251,-45,-138,44
IMU1,8063,79675329,-1982,-566,240,-22,-148,74
IMU1,8064,79684961,-1991,-562,234,-9,-150,102
IMU1,8065,79694590,-2006,-577,229,-7,-136,129
IMU1,8066,79704216,-2022,-584,215,-17,-112,152
IMU1,8067,79714051,-2021,-594,201,-39,-93,170
IMU1,8068,79723681,-2019,-601,194,-65,-79,177
IMU1,8069,79733310,-2001,-606,192,-94,-56,171
IMU1,8070,79742946,-1986,-601,207,-127,-20,157
IMU1,8071,79752790,-1979,-596,221,-146,21,128
IMU1,8072,79762538,-1976,-593,235,-154,47,94
IMU1,8073,79772091,-1974,-582,236,-147,41,56
IMU1,8074,79781636,-1988,-568,236,-128,11,20
IMU1,8075,79791179,-2004,-569,244,-107,-34,-4
IMU1,8076,79800713,-2013,-571,257,-81,-74,-14
IMU1,8077,79810248,-2015,-566,252,-53,-94,-13
IMU1,8078,79819781,-2025,-565,245,-30,-102,-1
IMU1,8079,79829321,-2025,-560,217,-12,-110,16
IMU1,8080,79838961,-2009,-561,195,-6,-111,28
IMU1,8081,79848400,-2002,-561,186,-8,-102,34
IMU1,8082,79857826,-2001,-574,198,-20,-71,37
IMU1,8083,79867270,-1990,-578,207,-34,-21,40
IMU1,8084,79876715,-1977,-572,218,-45,27,35
IMU1,8085,79886050,-1985,-567,235,-60,52,27
IMU1,8086,79895907,-1990,-579,255,-72,41,25
IMU1,8087,79905253,-1984,-594,272,-85,13,25
IMU1,8088,79915116,-1964,-596,275,-88,-11,20
IMU1,8089,79924559,-1951,-599,260,-92,-32,17
IMU1,8090,79933993,-1944,-601,261,-98,-44,7
IMU1,8091,79943758,-1923,-605,255,-105,-51,-1
IMU1,8092,79953290,-1891,-600,251,-115,-53,0
IMU1,8093,79963158,-1876,-580,246,-128,-44,-5
IMU1,8094,79972693,-1858,-550,206,-127,-38,-9
IMU1,8095,79982229,-1852,-529,195,-141,-46,-3
IMU1,8096,79991760,-1855,-502,155,-158,-41,5
IMU1,8097,80001205,-1870,-488,124,-173,-31,25
IMU1,8098,80010801,-1868,-462,88,-198,-22,61
IMU1,8099,80020729,-1875,-454,105,-225,-20,103
IMU1,8100,80030537,-1872,-455,123,-240,-48,140
IMU1,8101,80040356,-1884,-427,90,-243,-140,164
IMU1,8102,80050160,-1891,-383,-26,-238,-281,162
IMU1,8103,80060072,-1898,-350,-180,-237,-447,144
IMU1,8104,80070191,-1915,-276,-312,-258,-606,139
IMU1,8105,80080329,-1938,-218,-436,-288,-664,142
IMU1,8106,80090427,-1955,-151,-601,-332,-559,175
IMU1,8107,80100542,-1987,-34,-734,-396,-320,231
IMU1,8108,80110464,-1994,76,-828,-487,-22,311
IMU1,8109,80120092,-2038,200,-857,-591,271,403
IMU1,8110,80130017,-2132,342,-896,-688,444,496
IMU1,8111,80139936,-2200,464,-929,-763,381,571
IMU1,8112,80149880,-2271,697,-1050,-803,30,594
IMU1,8113,80159815,-2347,994,-1263,-812,-539,551
IMU1,8114,80170066,-2395,1256,-1606,-805,-1138,460
IMU1,8115,80180696,-2311,1436,-2084,-783,-1539,347
IMU1,8116,80191331,-2377,1639,-2300,-705,-1558,242
IMU1,8117,80201983,-2677,1852,-1779,-444,-1101,201
IMU1,8118,80213129,-3293,2001,-1545,1043,885,393
IMU1,8119,80223562,-3348,2316,-1493,2212,1828,558
IMU1,8120,80234231,-3355,2543,-1539,3499,2330,667
IMU1,8121,80244902,-3483,2624,-1520,4765,2391,702
IMU1,8122,80255561,-3590,2697,-1455,5918,2284,677
IMU1,8123,80266234,-3635,2733,-1317,6883,2315,594
IMU1,8124,80276901,-3653,2766,-1146,7641,2651,495
IMU1,8125,80287560,-3812,2761,-838,8217,3265,418
IMU1,8126,80298005,-4078,2812,227,8674,4074,409
IMU1,8127,80311103,-4666,3165,1083,9445,5636,658
IMU1,8128,80321675,-4679,3229,1841,9824,6101,834
IMU1,8129,80332229,-4571,3181,2442,10186,5970,912
IMU1,8130,80343011,-4365,3120,2820,10544,5064,802
IMU1,8131,80353786,-4231,2892,3105,10882,3537,461
IMU1,8132,80364541,-4025,2539,3225,11163,1812,-47
IMU1,8133,80375190,-3322,1957,2777,11326,359,-632
IMU1,8134,80385855,-2933,1832,2353,10987,-1037,-1637
IMU1,8135,80396993,-2447,1677,2082,10410,-1066,-1941
IMU1,8136,80408113,-1989,1541,1821,9573,-757,-2111
IMU1,8137,80418871,-1661,1386,1527,8495,-318,-2153
IMU1,8138,80429616,-1496,1240,1295,7218,-85,-2086
IMU1,8139,80440146,-1309,1157,1237,5838,-106,-1930
IMU1,8140,80450889,-1172,1111,1328,4443,-69,-1693
IMU1,8141,80461419,-1324,977,1679,3124,229,-1345
IMU1,8142,80472380,-1740,432,1843,913,842,-282
IMU1,8143,80482424,-1732,231,1923,28,861,268
IMU1,8144,80492163,-1583,128,1964,-691,692,679
IMU1,8145,80502195,-1433,70,1918,-1262,462,925
IMU1,8146,80512256,-1347,3,1786,-1713,247,1033
IMU1,8147,80522285,-1343,-47,1678,-2052,78,1034
IMU1,8148,80532416,-1380,-167,1625,-2290,-25,967
IMU1,8149,80542638,-1463,-266,1633,-2431,-111,871
IMU1,8150,80553077,-1581,-303,1568,-2479,-190,760
IMU1,8151,80563529,-1744,-382,1618,-2456,-277,654
IMU1,8152,80573958,-1844,-459,1593,-2369,-373,560
IMU1,8153,80584413,-1892,-471,1570,-2250,-499,473
IMU1,8154,80594862,-1921,-494,1504,-2120,-644,380
IMU1,8155,80605300,-1950,-477,1381,-2019,-813,277
# swing_peak_seq=8129
IMU1,8156,80615744,-2047,-371,1247,-1952,-1010,113
IMU1,8157,80626377,-2098,-294,1197,-1894,-1363,92
IMU1,8158,80636826,-2138,-234,1138,-1914,-1448,121
IMU1,8159,80647468,-2180,-204,1030,-1960,-1500,178
IMU1,8160,80658096,-2118,-161,858,-2067,-1561,246
IMU1,8161,80668513,-2155,-218,770,-2237,-1640,290
IMU1,8162,80678949,-2219,-266,715,-2437,-1741,327
IMU1,8163,80689386,-2235,-255,718,-2629,-1825,375
IMU1,8164,80699828,-2236,-210,680,-2798,-1843,440
IMU1,8165,80710263,-2111,-100,595,-2955,-1776,509
IMU1,8166,80720703,-2058,-55,477,-3127,-1652,542
IMU1,8167,80730935,-2233,-121,328,-3316,-1551,552
IMU1,8168,80741898,-2291,-154,292,-3674,-1528,670
IMU1,8169,80752346,-2320,-226,320,-3820,-1508,784
IMU1,8170,80762792,-2244,-195,252,-3901,-1429,886
IMU1,8171,80773236,-2179,-231,214,-3958,-1302,956
IMU1,8172,80783673,-2096,-254,75,-4008,-1173,988
IMU1,8173,80793909,-2110,-256,-16,-4065,-1083,977
IMU1,8174,80804232,-2186,-245,-124,-4131,-1035,952
IMU1,8175,80814758,-2295,-250,-208,-4201,-1002,937
IMU1,8176,80825280,-2307,-298,-295,-4263,-947,938
IMU1,8177,80835618,-2292,-337,-364,-4317,-849,934
IMU1,8178,80845953,-2248,-321,-366,-4355,-710,917
IMU1,8179,80857330,-2106,-237,-333,-4302,-346,784
IMU1,8180,80867671,-2092,-201,-276,-4198,-178,680
IMU1,8181,80877998,-2080,-187,-270,-4040,-34,558
IMU1,8182,80888134,-2081,-170,-301,-3869,43,449
IMU1,8183,80898166,-2116,-127,-345,-3678,55,336
IMU1,8184,80908188,-2172,-124,-376,-3503,-9,240
IMU1,8185,80918114,-2192,-116,-349,-3331,-155,170
IMU1,8186,80928445,-2168,-72,-307,-3142,-375,121
IMU1,8187,80938575,-2146,-51,-334,-2917,-643,74
IMU1,8188,80948497,-2117,-20,-423,-2685,-931,28
IMU1,8189,80958414,-2141,44,-454,-2469,-1193,-22
IMU1,8190,80968546,-2187,46,-452,-2262,-1370,-62
IMU1,8191,80978669,-2238,16,-462,-2068,-1441,-81
IMU1,8192,80988791,-2232,-1,-512,-1900,-1436,-84
IMU1,8193,80998838,-2166,-16,-565,-1765,-1382,-86
IMU1,8194,81009048,-2103,-29,-614,-1689,-1308,-118
IMU1,8195,81019462,-2070,5,-714,-1663,-1227,-186
IMU1,8196,81030116,-2149,11,-618,-1721,-1165,-323
IMU1,8197,81040451,-2235,-40,-436,-1702,-1156,-345
IMU1,8198,81050877,-2276,-61,-379,-1626,-1111,-295
IMU1,8199,81061311,-2302,-92,-372,-1507,-989,-214
IMU1,8200,81071546,-2278,-155,-382,-1385,-831,-104
IMU1,8201,81081980,-2197,-178,-424,-1270,-655,-5
IMU1,8202,81092013,-2132,-200,-427,-1181,-479,59
IMU1,8203,81102147,-2072,-253,-403,-1115,-324,84
IMU1,8204,81112268,-2052,-285,-359,-1051,-201,77
IMU1,8205,81122396,-2097,-275,-284,-987,-115,48
IMU1,8206,81132322,-2143,-283,-226,-907,-63,26
IMU1,8207,81142052,-2181,-340,-167,-804,-43,17
IMU1,8208,81151771,-2167,-376,-142,-679,-54,27
IMU1,8209,81161518,-2119,-384,-162,-547,-81,33
IMU1,8210,81171255,-2080,-384,-168,-426,-99,19
IMU1,8211,81180975,-2069,-404,-160,-325,-94,-4
IMU1,8212,81190595,-2061,-391,-141,-247,-68,-29
IMU1,8213,81200419,-2051,-374,-105,-182,-25,-59
IMU1,8214,81210240,-2016,-374,-61,-130,14,-97
IMU1,8215,81219764,-1984,-386,-19,-86,23,-138
IMU1,8216,81229293,-1959,-392,22,-33,-5,-191
IMU1,8217,81238623,-1964,-405,73,20,-76,-246
IMU1,8218,81248063,-1965,-424,88,83,-173,-298
IMU1,8219,81257687,-1975,-433,87,139,-273,-337
IMU1,8220,81267522,-1985,-439,92,186,-350,-359
IMU1,8221,81277349,-1976,-436,77,216,-385,-362
IMU1,8222,81287196,-1979,-426,76,223,-389,-347
IMU1,8223,81297027,-1989,-426,98,218,-365,-322
IMU1,8224,81306850,-1991,-449,133,204,-326,-282
IMU1,8225,81319425,-1954,-448,110,148,-236,-191
IMU1,8226,81329455,-1943,-441,81,95,-207,-147
IMU1,8227,81339080,-1938,-447,57,30,-186,-109
IMU1,8228,81348708,-1937,-478,67,-41,-159,-74
IMU1,8229,81358241,-1921,-491,127,-105,-116,-45
IMU1,8230,81368153,-1905,-502,156,-144,-61,-22
IMU1,8231,81377888,-1886,-534,206,-159,-13,-19
IMU1,8232,81387618,-1881,-564,193,-154,4,-38
IMU1,8233,81397055,-1962,-590,146,-137,-12,-69
IMU1,8234,81406796,-2024,-601,98,-130,-48,-79
IMU1,8235,81416344,-2013,-570,134,-137,-80,-54
IMU1,8236,81426070,-1983,-525,181,-140,-64,-9
IMU1,8237,81435604,-1963,-517,202,-143,4,50
IMU1,8238,81444943,-1984,-524,206,-137,83,108
IMU1,8239,81454675,-1998,-527,190,-132,118,163
IMU1,8240,81464615,-1981,-531,175,-134,94,212
IMU1,8241,81474353,-1964,-533,177,-139,54,236
IMU1,8242,81484095,-1949,-555,202,-146,38,238
IMU1,8243,81493838,-1915,-557,215,-145,43,227
IMU1,8244,81503590,-1891,-550,230,-141,64,198
IMU1,8245,81513355,-1883,-557,261,-124,75,146
IMU1,8246,81523098,-1877,-555,277,-97,45,83
IMU1,8247,81532450,-1901,-563,286,-62,-25,8
IMU1,8248,81541695,-1954,-600,294,-21,-124,-59
IMU1,8249,81551424,-1996,-610,287,26,-228,-99
IMU1,8250,81561064,-2010,-577,281,68,-296,-110
IMU1,8251,81570911,-2015,-574,253,95,-321,-102
IMU1,8252,81580752,-1985,-555,205,102,-307,-76
IMU1,8253,81590612,-1960,-544,175,86,-262,-55
IMU1,8254,81600257,-1950,-545,146,54,-201,-41
IMU1,8255,81609876,-1943,-546,142,13,-137,-30
IMU1,8256,81619508,-1953,-549,146,-32,-79,-18
IMU1,8257,81629039,-1976,-554,190,-73,-31,-4
IMU1,8258,81638379,-1987,-561,223,-94,0,19
IMU1,8259,81647433,-1965,-557,216,-101,8,40
IMU1,8260,81656777,-1949,-551,208,-96,-6,45
IMU1,8261,81666020,-1952,-548,204,-92,-28,37
IMU1,8262,81675448,-1955,-558,209,-89,-48,25
IMU1,8263,81684880,-1947,-572,200,-89,-61,14
IMU1,8264,81694300,-1959,-575,188,-88,-56,1
IMU1,8265,81703547,-1968,-575,185,-86,-39,-5
IMU1,8266,81712884,-1978,-571,197,-86,-9,-9
IMU1,8267,81722544,-1990,-568,224,-81,21,-2
IMU1,8268,81732305,-1992,-576,249,-73,43,12
IMU1,8269,81742173,-1987,-570,251,-51,47,17
IMU1,8270,81751518,-1963,-562,247,-40,26,21
IMU1,8271,81761390,-1944,-558,229,-32,-3,15
IMU1,8272,81770629,-1927,-555,219,-34,-39,3
IMU1,8273,81780392,-1919,-542,209,-40,-78,-17
IMU1,8274,81789938,-1926,-523,201,-54,-114,-35
IMU1,8275,81799677,-1941,-530,210,-65,-142,-48
IMU1,8276,81809420,-1963,-538,215,-70,-149,-50
IMU1,8277,81819163,-1962,-539,204,-70,-138,-40
IMU1,8278,81828902,-1964,-538,204,-72,-116,-24
IMU1,8279,81838639,-1966,-542,212,-71,-85,-10
IMU1,8280,81848181,-1956,-545,211,-69,-55,7
IMU1,8281,81857430,-1957,-543,222,-69,-32,21
IMU1,8282,81866879,-1970,-560,242,-67,-27,30
IMU1,8283,81876850,-1985,-564,249,-64,-41,35
IMU1,8284,81886294,-1994,-581,289,-54,-66,43
IMU1,8285,81895751,-1988,-594,308,-35,-87,53
IMU1,8286,81905211,-1991,-595,313,-13,-110,58
IMU1,8287,81914877,-1998,-617,339,0,-131,58
IMU1,8288,81924678,-1988,-629,338,11,-146,50
IMU1,8289,81934185,-1968,-632,327,18,-150,26
IMU1,8290,81943693,-1951,-626,315,2,-159,7
IMU1,8291,81953339,-1948,-609,305,-16,-151,-19
IMU1,8292,81963044,-1955,-602,323,-46,-143,-39
IMU1,8293,81972746,-1955,-615,331,-62,-136,-54
IMU1,8294,81982456,-1947,-611,318,-89,-144,-46
IMU1,8295,81992168,-1928,-588,296,-110,-150,-39
IMU1,8296,82002072,-1912,-564,268,-140,-156,-28
IMU1,8297,82011977,-1882,-527,247,-176,-159,-11
IMU1,8298,82021889,-1866,-499,220,-205,-136,-7
IMU1,8299,82031601,-1849,-482,181,-238,-111,1
IMU1,8300,82041214,-1830,-451,163,-274,-96,4
IMU1,8301,82050638,-1821,-419,135,-306,-100,4
IMU1,8302,82060251,-1836,-371,100,-333,-140,0
IMU1,8303,82069772,-1866,-319,-2,-364,-239,2
IMU1,8304,82079095,-1903,-275,-120,-394,-376,9
IMU1,8305,82088824,-1967,-227,-251,-430,-504,35
IMU1,8306,82098729,-1995,-181,-381,-479,-568,82
IMU1,8307,82108647,-2002,-152,-480,-538,-523,141
IMU1,8308,82118762,-1977,-109,-574,-605,-373,209
IMU1,8309,82128881,-1934,-18,-650,-679,-160,271
IMU1,8310,82138777,-1915,76,-712,-749,38,318
IMU1,8311,82148330,-1955,193,-783,-803,150,349
IMU1,8312,82158261,-1951,301,-892,-827,139,369
IMU1,8313,82168195,-1963,425,-969,-834,1,376
IMU1,8314,82177725,-1979,568,-1106,-807,-223,369
IMU1,8315,82187939,-1999,700,-1266,-755,-470,353
IMU1,8316,82198183,-1978,913,-1470,-681,-654,335
IMU1,8317,82208417,-2009,1155,-1671,-566,-685,309
IMU1,8318,82218836,-2161,1389,-1761,-371,-497,293
IMU1,8319,82229267,-2417,1513,-1722,-39,-90,329
IMU1,8320,82239296,-2681,1629,-1659,447,452,430
IMU1,8321,82249527,-2896,1807,-1655,1077,992,591
IMU1,8322,82259953,-3143,2159,-1520,1817,1424,771
IMU1,8323,82271121,-3191,2272,-1516,3605,1873,1034
IMU1,8324,82281978,-3321,2278,-1439,4541,1936,1054
IMU1,8325,82292815,-3506,2284,-1327,5455,2023,1017
IMU1,8326,82303643,-3647,2370,-1147,6287,2240,972
IMU1,8327,82314306,-3802,2395,-950,6991,2665,932
IMU1,8328,82327531,-4225,2510,-175,7557,3324,1012
IMU1,8329,82338190,-4488,2545,417,8455,4955,1151
IMU1,8330,82348745,-4576,2637,1018,8867,5582,1319
IMU1,8331,82359509,-4487,2792,1612,9247,5874,1438
IMU1,8332,82370274,-4428,2846,2056,9598,5643,1434
IMU1,8333,82381048,-4409,2757,2310,9920,4818,1294
IMU1,8334,82391795,-4285,2571,2423,10176,3574,1026
IMU1,8335,82402757,-4024,2299,2534,10331,2277,661
IMU1,8336,82413506,-3769,2000,2637,10363,1216,246
IMU1,8337,82424763,-3215,1359,2736,10010,-81,-495
IMU1,8338,82435294,-2892,978,2826,9623,-550,-775
IMU1,8339,82445620,-2561,626,2683,9073,-1084,-1011
IMU1,8340,82456343,-2305,485,2297,8331,-1773,-1191
IMU1,8341,82467076,-1967,563,1891,7354,-2424,-1298
IMU1,8342,82477818,-1481,687,1546,6154,-2601,-1309
IMU1,8343,82488557,-1268,745,1152,4766,-2081,-1194
IMU1,8344,82499303,-1305,758,1022,3267,-1186,-924
IMU1,8345,82509830,-1415,399,1374,1796,-344,-540
IMU1,8346,82520686,-1478,194,1553,-661,425,269
IMU1,8347,82530722,-1332,72,1657,-1547,472,531
IMU1,8348,82540768,-1261,21,1648,-2193,368,655
IMU1,8349,82550808,-1252,-58,1595,-2647,215,665
IMU1,8350,82560945,-1265,-152,1563,-2933,77,610
IMU1,8351,82571082,-1308,-203,1577,-3088,-16,518
IMU1,8352,82581314,-1382,-251,1579,-3123,-31,424
IMU1,8353,82591540,-1492,-307,1657,-3065,35,345
IMU1,8354,82601673,-1632,-369,1709,-2923,97,294
IMU1,8355,82611789,-1750,-429,1744,-2714,67,261
IMU1,8356,82621922,-1855,-451,1730,-2473,-104,243
IMU1,8357,82632347,-1903,-399,1656,-2228,-414,234
IMU1,8358,82642777,-1883,-294,1506,-1997,-797,221
# swing_peak_seq=8332
IMU1,8359,82653212,-1926,-222,1423,-1820,-1167,192
IMU1,8360,82663835,-1983,-90,1186,-1699,-1453,169
IMU1,8361,82674775,-1981,-31,1006,-1677,-1763,207
IMU1,8362,82685198,-2068,-11,864,-1796,-1817,247
IMU1,8363,82695430,-2237,-31,765,-1997,-1856,310
IMU1,8364,82705675,-2355,-86,717,-2246,-1912,409
IMU1,8365,82715913,-2334,-72,679,-2505,-1962,524
IMU1,8366,82726163,-2287,3,625,-2765,-1964,620
IMU1,8367,82736109,-2282,46,505,-3016,-1927,678
IMU1,8368,82746246,-2310,115,415,-3270,-1900,719
IMU1,8369,82756578,-2317,155,302,-3518,-1861,757
IMU1,8370,82766927,-2279,130,152,-3765,-1783,800
IMU1,8371,82777257,-2261,50,37,-4009,-1637,845
IMU1,8372,82787189,-2294,-20,-5,-4245,-1408,881
IMU1,8373,82797121,-2242,36,31,-4460,-1149,911
IMU1,8374,82807063,-2164,17,7,-4629,-946,895
IMU1,8375,82816604,-2225,-52,52,-4758,-857,829
IMU1,8376,82826439,-2439,-147,195,-4828,-872,753
IMU1,8377,82836667,-2514,-142,177,-4811,-1000,732
IMU1,8378,82847616,-2367,17,21,-4655,-1349,656
IMU1,8379,82857555,-2276,105,-224,-4601,-1469,541
IMU1,8380,82867995,-2273,218,-526,-4609,-1566,396
IMU1,8381,82878439,-2347,266,-615,-4661,-1666,271
IMU1,8382,82888885,-2422,188,-435,-4692,-1719,208
IMU1,8383,82899312,-2502,85,-200,-4610,-1665,221
IMU1,8384,82909542,-2528,42,-109,-4420,-1490,293
IMU1,8385,82919776,-2505,81,-213,-4175,-1269,377
IMU1,8386,82930012,-2413,139,-377,-3962,-1094,438
IMU1,8387,82940449,-2325,168,-461,-3818,-985,433
IMU1,8388,82950694,-2292,176,-528,-3735,-921,363
IMU1,8389,82960923,-2306,173,-585,-3689,-903,265
IMU1,8390,82971147,-2338,157,-590,-3660,-931,182
IMU1,8391,82982433,-2440,110,-423,-3451,-956,132
IMU1,8392,82992661,-2426,77,-315,-3243,-900,179
IMU1,8393,83002689,-2421,49,-258,-2960,-788,238
IMU1,8394,83012724,-2360,56,-287,-2657,-648,309
IMU1,8395,83022759,-2282,93,-356,-2343,-515,356
IMU1,8396,83032804,-2226,103,-408,-2064,-420,370
IMU1,8397,83043036,-2170,86,-439,-1818,-360,362
IMU1,8398,83053078,-2125,76,-450,-1604,-312,340
IMU1,8399,83063111,-2076,59,-425,-1431,-265,298
IMU1,8400,83073156,-2057,37,-374,-1267,-245,233
IMU1,8401,83083182,-2043,13,-331,-1110,-261,156
IMU1,8402,83093215,-1998,14,-335,-966,-309,74
IMU1,8403,83102846,-1947,33,-374,-831,-374,-21
IMU1,8404,83112569,-1921,32,-402,-722,-437,-121
IMU1,8405,83122487,-1913,-8,-390,-647,-473,-216
IMU1,8406,83132319,-1908,-61,-367,-580,-471,-293
IMU1,8407,83142360,-1912,-103,-309,-515,-419,-353
IMU1,8408,83152603,-1938,-148,-251,-443,-333,-387
IMU1,8409,83162815,-1985,-179,-180,-368,-223,-393
IMU1,8410,83173031,-2023,-192,-102,-281,-110,-362
IMU1,8411,83184292,-2046,-191,-25,-71,83,-217
IMU1,8412,83193821,-2037,-224,-4,16,154,-119
IMU1,8413,83203779,-2019,-263,24,105,185,-37
IMU1,8414,83213289,-2019,-295,48,176,159,28
IMU1,8415,83222704,-2014,-311,76,233,81,65
IMU1,8416,83232464,-1977,-315,77,284,-27,75
IMU1,8417,83242303,-1948,-320,46,320,-132,48
IMU1,8418,83251810,-1964,-335,43,330,-212,-4
IMU1,8419,83261218,-2024,-371,39,324,-269,-49
IMU1,8420,83270833,-2089,-407,57,315,-282,-81
IMU1,8421,83280450,-2122,-446,73,296,-255,-85
IMU1,8422,83290063,-2129,-458,101,275,-194,-70
IMU1,8423,83299882,-2130,-476,137,250,-110,-44
IMU1,8424,83309701,-2112,-495,167,222,-21,-16
IMU1,8425,83319320,-2111,-499,180,191,56,9
IMU1,8426,83331110,-2095,-503,180,155,110,25
IMU1,8427,83340745,-2086,-514,184,122,124,33
IMU1,8428,83350380,-2062,-516,189,84,118,33
IMU1,8429,83359828,-2047,-528,208,44,114,28
IMU1,8430,83369262,-2036,-551,239,17,131,12
IMU1,8431,83378697,-2003,-555,240,-3,146,-5
IMU1,8432,83387928,-1956,-557,261,-8,143,-35
IMU1,8433,83397365,-1926,-567,238,-3,118,-83
IMU1,8434,83406785,-1925,-586,251,18,70,-145
IMU1,8435,83416311,-1954,-581,238,45,20,-207
IMU1,8436,83425846,-1982,-562,214,61,-21,-243
IMU1,8437,83435467,-1971,-520,201,63,-42,-253
IMU1,8438,83445103,-2001,-503,224,52,-43,-239
IMU1,8439,83454736,-2033,-522,243,44,-26,-200
IMU1,8440,83464366,-2042,-525,242,44,-9,-138
IMU1,8441,83473780,-2031,-508,219,32,-10,-58
IMU1,8442,83483208,-1997,-505,208,11,-12,18
IMU1,8443,83492525,-1967,-505,198,-16,9,68
IMU1,8444,83501654,-1939,-497,174,-43,36,103
IMU1,8445,83511181,-1905,-486,160,-69,49,118
IMU1,8446,83521239,-1861,-470,164,-97,56,108
IMU1,8447,83530764,-1837,-452,175,-122,59,76
IMU1,8448,83540300,-1877,-512,208,-128,57,22
IMU1,8449,83549835,-1950,-584,232,-128,30,-13
IMU1,8450,83559471,-1957,-544,265,-104,-26,-25
IMU1,8451,83569181,-1937,-482,260,-65,-82,-29
IMU1,8452,83578689,-1979,-530,230,-24,-127,-30
IMU1,8453,83588412,-1963,-509,205,5,-160,-17
IMU1,8454,83597826,-1939,-471,168,22,-152,-5
IMU1,8455,83607772,-1948,-504,132,18,-108,3
IMU1,8456,83617099,-1995,-531,127,-4,-46,11
IMU1,8457,83626845,-2023,-540,138,-39,6,37
IMU1,8458,83636499,-2014,-529,157,-72,54,65
IMU1,8459,83645830,-2002,-520,177,-95,87,82
IMU1,8460,83655675,-1990,-520,184,-110,88,95
IMU1,8461,83665216,-1981,-531,189,-110,75,89
IMU1,8462,83674748,-1970,-541,191,-110,42,78
IMU1,8463,83684287,-1944,-534,175,-103,7,55
IMU1,8464,83694132,-1934,-529,168,-100,-7,16
IMU1,8465,83703552,-1946,-535,170,-94,-10,-25
IMU1,8466,83713081,-1962,-532,184,-81,-4,-62
IMU1,8467,83722920,-1980,-517,214,-63,0,-80
IMU1,8468,83732564,-1992,-521,226,-33,0,-90
IMU1,8469,83742211,-1997,-524,227,-10,-15,-88
IMU1,8470,83751742,-2020,-530,238,9,-46,-79
IMU1,8471,83761505,-2010,-549,231,32,-72,-69
IMU1,8472,83770952,-2003,-552,221,42,-97,-58
IMU1,8473,83780384,-1977,-546,206,31,-112,-45
IMU1,8474,83790016,-1967,-548,195,15,-96,-44
IMU1,8475,83799970,-1958,-535,188,-17,-68,-45
IMU1,8476,83809511,-1941,-539,183,-47,-33,-56
IMU1,8477,83819039,-1931,-533,180,-89,-15,-61
IMU1,8478,83828574,-1923,-516,183,-124,-15,-65
IMU1,8479,83838297,-1895,-494,172,-152,-29,-69
IMU1,8480,83848040,-1879,-466,161,-177,-59,-71
IMU1,8481,83857748,-1861,-430,128,-188,-95,-71
IMU1,8482,83867472,-1860,-424,93,-200,-122,-71
IMU1,8483,83877191,-1862,-398,68,-211,-140,-59
IMU1,8484,83886921,-1867,-369,79,-221,-147,-39
IMU1,8485,83896623,-1865,-348,41,-214,-142,-20
IMU1,8486,83906323,-1859,-306,-2,-205,-150,15
IMU1,8487,83915836,-1859,-300,-52,-195,-156,46
IMU1,8488,83925562,-1868,-264,-87,-186,-167,82
IMU1,8489,83935266,-1891,-242,-120,-169,-156,114
IMU1,8490,83945375,-1894,-194,-176,-172,-129,165
IMU1,8491,83955480,-1872,-114,-268,-170,-82,207
IMU1,8492,83965391,-1848,-3,-421,-189,-38,247
IMU1,8493,83974916,-1835,122,-551,-235,-2,276
IMU1,8494,83984531,-1820,229,-702,-291,35,291
IMU1,8495,83994249,-1799,362,-871,-369,78,313
IMU1,8496,84003967,-1796,520,-951,-454,129,334
IMU1,8497,84013881,-1785,701,-959,-515,174,354
IMU1,8498,84023804,-1870,885,-884,-507,188,360
IMU1,8499,84033717,-2001,1046,-936,-424,146,359
IMU1,8500,84043827,-2098,1259,-1035,-275,-1,343
IMU1,8501,84053850,-2220,1628,-1322,-73,-258,302
IMU1,8502,84064061,-2316,2005,-1654,163,-566,245
IMU1,8503,84074364,-2481,2234,-1870,453,-846,196
IMU1,8504,84084690,-2792,2338,-1947,860,-976,198
IMU1,8505,84095016,-3041,2431,-1942,1438,-827,277
IMU1,8506,84105552,-3212,2581,-1888,2197,-340,407
IMU1,8507,84116076,-3533,2717,-1731,3109,429,707
IMU1,8508,84127045,-3647,2738,-1467,5120,2263,902
IMU1,8509,84137679,-3723,2760,-1022,6097,3124,1112
IMU1,8510,84148525,-3748,2775,-566,6990,3884,1310
IMU1,8511,84159173,-3825,2781,-196,7756,4521,1490
IMU1,8512,84169844,-3988,2832,311,8382,4922,1660
IMU1,8513,84180400,-4120,2865,499,8869,5012,1804
IMU1,8514,84190951,-4096,2902,791,9169,4839,1875
IMU1,8515,84201517,-4134,3026,1505,9364,4659,1849
IMU1,8516,84212287,-4329,2974,2909,9581,4678,1653
IMU1,8517,84223055,-4436,2772,3262,10179,4061,1520
IMU1,8518,84234019,-4411,2370,3434,10484,2979,1344
IMU1,8519,84244970,-4178,1989,3587,10702,1742,1107
IMU1,8520,84255914,-3911,1594,3690,10781,650,801
IMU1,8521,84266474,-3542,1156,3655,10689,-273,461
IMU1,8522,84277116,-3103,814,3509,10416,-1148,97
IMU1,8523,84287563,-2640,546,3330,9959,-1977,-276
IMU1,8524,84298111,-2141,268,2939,9266,-2584,-623
IMU1,8525,84308655,-1424,452,1568,8260,-3055,-1040
IMU1,8526,84319392,-1319,617,1246,5310,-2859,-1012
IMU1,8527,84332892,-1418,569,1241,3647,-2245,-764
IMU1,8528,84343423,-1618,407,1340,2086,-1360,-337
IMU1,8529,84353940,-1645,257,1414,716,-589,155
IMU1,8530,84363974,-1571,139,1416,-458,-71,563
IMU1,8531,84373922,-1450,34,1424,-1435,226,791
IMU1,8532,84383973,-1322,-93,1389,-2206,347,836
IMU1,8533,84394108,-1241,-177,1421,-2786,349,751
IMU1,8534,84404442,-1347,-311,1568,-3162,369,589
IMU1,8535,84415302,-1548,-386,1627,-3376,588,241
IMU1,8536,84425639,-1760,-399,1710,-3284,612,127
IMU1,8537,84435963,-1895,-357,1713,-3089,514,52
IMU1,8538,84446108,-1969,-370,1774,-2854,330,-2
IMU1,8539,84456138,-2022,-455,1725,-2600,131,-62
IMU1,8540,84466360,-2054,-473,1701,-2368,-111,-122
IMU1,8541,84476890,-2087,-376,1648,-2154,-459,-182
IMU1,8542,84487412,-2011,-222,1523,-1974,-883,-238
IMU1,8543,84497918,-2079,-165,1456,-1850,-1271,-304
# swing_peak_seq=8517
IMU1,8544,84508642,-2267,-188,1401,-1783,-1562,-330
IMU1,8545,84519351,-2312,-93,1225,-1770,-1781,-265
IMU1,8546,84530919,-2275,14,714,-2017,-1959,-49
IMU1,8547,84540954,-2273,21,525,-2300,-1939,58
IMU1,8548,84550895,-2278,15,446,-2634,-1870,153
IMU1,8549,84561020,-2254,-55,477,-2976,-1762,242
IMU1,8550,84571237,-2157,70,463,-3283,-1656,322
IMU1,8551,84581362,-2296,0,457,-3557,-1536,363
IMU1,8552,84591207,-2239,76,275,-3796,-1470,424
IMU1,8553,84601351,-2294,88,134,-4035,-1415,475
IMU1,8554,84611490,-2397,17,73,-4286,-1325,536
IMU1,8555,84621429,-2446,-39,115,-4502,-1233,633
IMU1,8556,84631669,-2417,-23,165,-4644,-1170,745
IMU1,8557,84641903,-2327,83,171,-4709,-1141,828
IMU1,8558,84652036,-2238,85,152,-4708,-1124,844
IMU1,8559,84662177,-2198,48,38,-4662,-1119,798
IMU1,8560,84672128,-2199,20,-95,-4606,-1133,722
IMU1,8561,84682150,-2261,-10,-204,-4564,-1159,621
IMU1,8562,84692481,-2309,-2,-304,-4535,-1176,517
IMU1,8563,84703650,-2325,108,-273,-4371,-1190,371
IMU1,8564,84714100,-2309,120,-271,-4214,-1158,337
IMU1,8565,84724533,-2290,120,-256,-3996,-1118,303
IMU1,8566,84734971,-2334,117,-225,-3758,-1089,273
IMU1,8567,84745417,-2385,109,-232,-3510,-1084,258
IMU1,8568,84755858,-2384,115,-295,-3254,-1105,247
IMU1,8569,84766288,-2325,145,-412,-3032,-1140,235
IMU1,8570,84776731,-2261,163,-489,-2850,-1149,206
IMU1,8571,84787159,-2212,148,-500,-2695,-1097,169
IMU1,8572,84797611,-2220,138,-436,-2559,-1002,135
IMU1,8573,84808044,-2233,156,-488,-2416,-900,107
IMU1,8574,84819293,-2250,151,-508,-2140,-849,81
IMU1,8575,84829307,-2222,141,-508,-2010,-857,79
IMU1,8576,84839333,-2169,126,-522,-1897,-849,89
IMU1,8577,84849353,-2133,118,-548,-1801,-807,88
IMU1,8578,84859373,-2100,106,-558,-1716,-752,81
IMU1,8579,84869404,-2070,93,-564,-1642,-689,61
IMU1,8580,84879216,-2078,71,-555,-1573,-616,27
IMU1,8581,84889058,-2091,23,-528,-1516,-536,-6
IMU1,8582,84898786,-2102,-20,-503,-1451,-445,-32
IMU1,8583,84908795,-2111,-58,-436,-1383,-346,-45
IMU1,8584,84918822,-2112,-95,-331,-1296,-271,-44
IMU1,8585,84928833,-2102,-132,-258,-1177,-233,-37
IMU1,8586,84939045,-2079,-160,-199,-1030,-233,-30
IMU1,8587,84949265,-2059,-169,-163,-867,-270,-22
IMU1,8588,84959276,-2042,-170,-150,-700,-326,-25
IMU1,8589,84969297,-2054,-190,-125,-542,-379,-33
IMU1,8590,84979311,-2077,-235,-117,-400,-417,-43
IMU1,8591,84989326,-2068,-280,-135,-287,-429,-49
IMU1,8592,84999351,-2051,-304,-129,-210,-413,-58
IMU1,8593,85009366,-2017,-334,-98,-161,-367,-77
IMU1,8594,85019173,-1992,-338,-86,-128,-291,-112
IMU1,8595,85029192,-1995,-313,-69,-117,-222,-139
IMU1,8596,85040259,-2038,-313,-55,-136,-130,-167
IMU1,8597,85050271,-2020,-318,-51,-155,-107,-157
IMU1,8598,85060290,-1996,-329,-27,-174,-97,-136
IMU1,8599,85070101,-1985,-352,29,-190,-94,-113
IMU1,8600,85079822,-1961,-382,75,-190,-103,-94
IMU1,8601,85089550,-1946,-398,100,-167,-135,-77
IMU1,8602,85099472,-1944,-405,120,-131,-163,-65
IMU1,8603,85109390,-1948,-413,135,-89,-171,-53
IMU1,8604,85119117,-1974,-430,169,-45,-156,-39
IMU1,8605,85128854,-1993,-453,179,2,-129,-21
IMU1,8606,85138275,-1981,-480,167,44,-98,-8
IMU1,8607,85147494,-1958,-488,156,71,-75,-6
IMU1,8608,85156729,-1950,-486,167,81,-53,-9
IMU1,8609,85165951,-1944,-494,208,80,-34,-16
IMU1,8610,85175380,-1959,-506,254,80,-24,-28
IMU1,8611,85184814,-1975,-514,294,78,-31,-31
IMU1,8612,85194250,-1981,-529,314,82,-43,-38
IMU1,8613,85203691,-1980,-528,301,75,-64,-41
IMU1,8614,85213624,-1965,-527,273,65,-86,-47
IMU1,8615,85223034,-1942,-533,265,37,-102,-54
IMU1,8616,85232651,-1917,-526,273,8,-91,-73
IMU1,8617,85242396,-1894,-522,274,-20,-61,-100
IMU1,8618,85252116,-1868,-530,346,-46,-34,-126
IMU1,8619,85261824,-1854,-533,305,-39,-36,-157
IMU1,8620,85271544,-1854,-526,306,-21,-72,-199
IMU1,8621,85281269,-1900,-526,215,-9,-129,-235
IMU1,8622,85290983,-2015,-532,157,-25,-177,-251
IMU1,8623,85300893,-2046,-488,157,-63,-206,-212
IMU1,8624,85310792,-2019,-442,173,-102,-186,-138
IMU1,8625,85320901,-2045,-461,201,-133,-111,-50
IMU1,8626,85333370,-2058,-482,225,-147,-17,52
IMU1,8627,85342990,-2031,-478,230,-147,69,154
IMU1,8628,85352730,-1993,-477,226,-139,137,230
IMU1,8629,85362667,-1970,-481,209,-128,171,268
IMU1,8630,85372580,-1946,-492,205,-124,176,274
IMU1,8631,85382505,-1922,-497,215,-120,162,253
IMU1,8632,85392414,-1897,-488,244,-111,145,206
IMU1,8633,85402335,-1878,-495,272,-94,119,138
IMU1,8634,85412059,-1877,-501,281,-66,70,58
IMU1,8635,85421390,-1900,-525,298,-28,-11,-28
IMU1,8636,85430923,-1962,-551,330,22,-108,-103
IMU1,8637,85440752,-2010,-563,336,84,-191,-144
IMU1,8638,85450571,-2043,-562,327,139,-238,-150
IMU1,8639,85460593,-2049,-528,313,183,-244,-127
IMU1,8640,85470614,-2025,-504,288,199,-210,-88
IMU1,8641,85480438,-2013,-536,255,185,-142,-53
IMU1,8642,85490255,-2007,-561,252,147,-62,-20
IMU1,8643,85499874,-2004,-569,274,87,12,8
IMU1,8644,85508913,-1989,-565,293,20,70,26
IMU1,8645,85518145,-1986,-569,295,-43,95,32
IMU1,8646,85527476,-1968,-570,302,-95,83,33
IMU1,8647,85536803,-1945,-558,302,-136,56,26
IMU1,8648,85546321,-1938,-557,312,-160,35,12
IMU1,8649,85555844,-1916,-555,302,-175,21,-2
IMU1,8650,85565270,-1903,-552,273,-185,16,-20
IMU1,8651,85574908,-1905,-553,278,-203,17,-33
IMU1,8652,85584541,-1931,-548,294,-215,19,-37
IMU1,8653,85594169,-1953,-562,319,-216,21,-35
IMU1,8654,85603803,-1971,-566,332,-213,10,-14
IMU1,8655,85613430,-1978,-564,358,-198,-15,15
IMU1,8656,85623051,-1959,-558,362,-174,-48,45
IMU1,8657,85632667,-1954,-556,352,-147,-80,72
IMU1,8658,85642282,-1931,-567,326,-130,-92,89
IMU1,8659,85651891,-1903,-562,292,-134,-83,96
IMU1,8660,85661518,-1870,-543,254,-160,-64,94
IMU1,8661,85671144,-1848,-525,215,-203,-44,80
IMU1,8662,85680763,-1821,-503,182,-257,-30,63
IMU1,8663,85690384,-1786,-485,189,-317,-30,50
IMU1,8664,85700006,-1755,-463,202,-364,-45,36
IMU1,8665,85709621,-1725,-427,196,-392,-87,14
IMU1,8666,85719234,-1740,-375,162,-408,-166,-18
IMU1,8667,85729143,-1765,-326,86,-417,-282,-48
IMU1,8668,85738858,-1793,-292,-3,-431,-404,-66
IMU1,8669,85748484,-1825,-268,-54,-465,-490,-64
IMU1,8670,85758301,-1869,-230,-135,-518,-494,-37
IMU1,8671,85768341,-1926,-178,-242,-592,-418,27
IMU1,8672,85778248,-2014,-131,-384,-702,-285,129
IMU1,8673,85788359,-2081,-75,-507,-852,-119,266
IMU1,8674,85798279,-2139,-31,-653,-1048,30,429
IMU1,8675,85809674,-2300,114,-977,-1522,62,765
IMU1,8676,85819620,-2331,214,-1069,-1783,-67,922
IMU1,8677,85829853,-2331,391,-1132,-2018,-208,1038
IMU1,8678,85840488,-2251,581,-1292,-2249,-271,1113
IMU1,8679,85851113,-2118,803,-1493,-2476,-280,1135
IMU1,8680,85861760,-2103,1056,-1522,-2651,-275,1081
IMU1,8681,85872584,-2188,1248,-1448,-2719,-268,977
IMU1,8682,85883219,-2215,1405,-1369,-2653,-270,855
IMU1,8683,85893843,-2310,1674,-1414,-2418,-305,745
IMU1,8684,85904476,-2830,2199,-644,-1960,-397,685
IMU1,8685,85915428,-3377,2174,-574,79,-520,881
IMU1,8686,85925371,-3435,2104,-1027,1517,-530,1173
IMU1,8687,85936119,-3028,2439,-1482,2935,-462,1383
IMU1,8688,85946860,-2669,2765,-1780,4192,-111,1343
IMU1,8689,85957598,-2585,2827,-1761,5248,624,1091
IMU1,8690,85968248,-2754,2956,-1549,6159,1590,796
IMU1,8691,85978919,-2627,3447,-1126,6991,2621,548
IMU1,8692,85989572,-2637,3826,-620,7805,3682,346
IMU1,8693,86000048,-3092,3880,-179,8623,4583,281
IMU1,8694,86010503,-4216,4146,1085,9416,5185,973
IMU1,8695,86021084,-4572,4273,1641,10682,6115,1670
IMU1,8696,86032030,-4834,4490,1886,10976,6625,2470
IMU1,8697,86042972,-5347,4782,2915,11038,7115,3280
IMU1,8698,86053939,-5514,4844,3794,11070,7446,4035
IMU1,8699,86064916,-5055,4904,4126,11081,7141,4555
IMU1,8700,86075893,-4529,4525,4213,11046,5735,4609
IMU1,8701,86086867,-4194,3517,4729,11041,3366,4183
IMU1,8702,86098347,-3557,1691,5196,11365,-1481,2716
IMU1,8703,86109392,-3576,312,5042,11615,-3135,2036
IMU1,8704,86120263,-3320,-806,4298,11647,-4527,1515
IMU1,8705,86131202,-2811,-1177,3233,11212,-5668,1089
IMU1,8706,86142334,-2362,-919,2075,10218,-6402,697
IMU1,8707,86153096,-1987,-525,1389,8726,-6611,397
IMU1,8708,86163646,-1701,-238,1086,6933,-6136,274
IMU1,8709,86174194,-1877,-166,695,5024,-3644,657
IMU1,8710,86184545,-1882,-217,583,1335,-2521,1013
IMU1,8711,86195083,-1672,-198,297,-256,-1667,1267
IMU1,8712,86205522,-1470,-161,227,-1638,-899,1303
IMU1,8713,86215943,-1366,-278,262,-2778,-118,1136
IMU1,8714,86226381,-1410,-451,521,-3632,634,824
IMU1,8715,86236530,-1600,-619,810,-4161,1291,458
IMU1,8716,86246861,-1804,-715,929,-4394,1772,118
IMU1,8717,86257205,-1901,-749,1085,-4410,2026,-165
IMU1,8718,86267844,-1911,-733,1310,-4241,2049,-383
IMU1,8719,86278487,-1859,-700,1494,-3901,1895,-542
IMU1,8720,86289124,-1798,-537,1571,-3443,1587,-653
IMU1,8721,86300283,-1750,-433,1474,-2437,575,-776
IMU1,8722,86310729,-2056,-479,1344,-2020,-63,-830
IMU1,8723,86321056,-2271,-458,1159,-1680,-763,-789
IMU1,8724,86334153,-2227,-405,1024,-1421,-1345,-633
IMU1,8725,86344895,-2206,-468,805,-1258,-1575,-438
# swing_peak_seq=8699
IMU1,8726,86355426,-2069,-474,594,-1228,-1512,-243
IMU1,8727,86365964,-2034,-546,563,-1324,-1317,-116
IMU1,8728,86377016,-2080,-489,627,-1715,-903,-12
IMU1,8729,86387144,-2266,-590,838,-1947,-742,-1
IMU1,8730,86397095,-2297,-542,959,-2141,-685,27
IMU1,8731,86407156,-2272,-384,955,-2325,-771,56
IMU1,8732,86417201,-2288,-325,882,-2513,-933,38
IMU1,8733,86427236,-2277,-273,787,-2735,-1114,-1
IMU1,8734,86437363,-2306,-229,749,-2990,-1260,-52
IMU1,8735,86447696,-2307,-170,726,-3248,-1319,-99
IMU1,8736,86458015,-2290,-169,760,-3492,-1284,-146
IMU1,8737,86468533,-2188,-109,697,-3702,-1207,-185
IMU1,8738,86479055,-2132,-50,600,-3892,-1133,-240
IMU1,8739,86489388,-2104,-114,527,-4082,-1066,-315
IMU1,8740,86499919,-2391,-315,674,-4262,-1002,-378
IMU1,8741,86510465,-2399,-186,867,-4364,-957,-334
IMU1,8742,86521318,-2314,-178,742,-4314,-877,-94
IMU1,8743,86531462,-2252,-204,563,-4277,-910,-13
IMU1,8744,86541579,-2129,-161,465,-4258,-1044,61
IMU1,8745,86551799,-2014,-107,328,-4243,-1212,93
IMU1,8746,86562023,-1998,-192,114,-4239,-1344,78
IMU1,8747,86572246,-2061,-250,-4,-4258,-1468,64
IMU1,8748,86582166,-2093,-175,-60,-4261,-1564,82
IMU1,8749,86592285,-2092,-179,22,-4226,-1574,128
IMU1,8750,86602497,-2106,-154,-70,-4133,-1507,188
IMU1,8751,86612824,-2100,-64,-139,-4009,-1439,265
IMU1,8752,86623140,-2127,-28,-225,-3876,-1395,339
IMU1,8753,86633475,-2158,-29,-342,-3747,-1376,422
IMU1,8754,86643806,-2171,-14,-423,-3645,-1372,500
IMU1,8755,86654131,-2141,-2,-558,-3571,-1359,548
IMU1,8756,86665319,-2005,47,-711,-3493,-1339,543
IMU1,8757,86675559,-1992,47,-708,-3453,-1281,489
IMU1,8758,86685785,-1998,63,-748,-3379,-1169,407
IMU1,8759,86696017,-2025,82,-776,-3299,-1027,320
IMU1,8760,86706238,-2077,96,-784,-3195,-877,234
IMU1,8761,86716302,-2118,107,-785,-3074,-731,179
IMU1,8762,86726552,-2129,116,-774,-2932,-586,155
IMU1,8763,86736791,-2140,134,-765,-2771,-441,165
IMU1,8764,86747022,-2134,140,-718,-2595,-304,192
IMU1,8765,86757263,-2113,159,-705,-2408,-210,224
IMU1,8766,86767499,-2093,204,-699,-2209,-205,237
IMU1,8767,86777733,-2118,221,-706,-1988,-266,218
IMU1,8768,86787971,-2128,222,-702,-1764,-351,180
IMU1,8769,86798201,-2130,228,-686,-1540,-416,140
IMU1,8770,86808435,-2119,178,-684,-1330,-449,102
IMU1,8771,86819182,-2075,153,-703,-959,-466,-6
IMU1,8772,86828936,-2029,140,-706,-811,-497,-62
IMU1,8773,86838866,-2014,128,-677,-681,-527,-126
IMU1,8774,86848977,-2024,121,-615,-564,-528,-186
IMU1,8775,86859086,-2041,111,-570,-452,-490,-234
IMU1,8776,86869211,-2068,90,-557,-352,-439,-260
IMU1,8777,86879139,-2060,70,-553,-264,-380,-280
IMU1,8778,86889076,-2051,34,-522,-198,-324,-284
IMU1,8779,86898991,-2096,-37,-449,-122,-270,-278
IMU1,8780,86909012,-2139,-96,-365,-41,-230,-248
IMU1,8781,86918836,-2171,-120,-296,42,-218,-183
IMU1,8782,86928753,-2206,-161,-218,122,-218,-101
IMU1,8783,86938866,-2222,-215,-177,192,-204,-16
IMU1,8784,86948786,-2219,-281,-171,240,-170,60
IMU1,8785,86958617,-2191,-312,-205,250,-121,126
IMU1,8786,86968650,-2135,-325,-251,221,-60,170
IMU1,8787,86978473,-2053,-316,-291,156,12,188
IMU1,8788,86988221,-1976,-313,-265,64,96,185
IMU1,8789,86997770,-1939,-317,-217,-23,183,162
IMU1,8790,87007603,-1953,-339,-150,-100,261,133
IMU1,8791,87017642,-1971,-351,-80,-148,301,111
IMU1,8792,87027479,-1966,-367,-41,-163,290,92
IMU1,8793,87037115,-1928,-363,3,-151,220,74
IMU1,8794,87046479,-1981,-423,0,-115,130,43
IMU1,8795,87055694,-1959,-455,46,-68,39,28
IMU1,8796,87064821,-1953,-455,46,-1,-36,17
IMU1,8797,87073846,-1946,-485,23,66,-82,0
IMU1,8798,87082670,-1947,-462,11,119,-116,-15
IMU1,8799,87092289,-1953,-418,11,158,-143,-29
IMU1,8800,87101907,-1971,-400,-21,179,-154,-36
IMU1,8801,87111621,-2018,-401,-61,179,-156,-36
IMU1,8802,87121341,-2064,-397,-96,158,-150,-21
IMU1,8803,87131064,-2085,-411,-97,117,-129,8
IMU1,8804,87140484,-2045,-422,-97,60,-77,36
IMU1,8805,87149708,-2004,-433,-111,-4,1,42
IMU1,8806,87158733,-2006,-437,-122,-69,76,28
IMU1,8807,87168157,-2013,-431,-92,-131,116,8
IMU1,8808,87177563,-2008,-427,-58,-173,121,-9
IMU1,8809,87187076,-1999,-417,-25,-188,110,-31
IMU1,8810,87196796,-2020,-425,36,-176,96,-48
IMU1,8811,87206224,-2028,-468,84,-136,80,-56
IMU1,8812,87215642,-2006,-496,101,-71,60,-67
IMU1,8813,87225062,-1992,-501,72,5,20,-95
IMU1,8814,87233994,-2040,-496,30,71,-45,-135
IMU1,8815,87243418,-2070,-477,-8,116,-131,-156
IMU1,8816,87253151,-2020,-417,-9,143,-208,-153
IMU1,8817,87262861,-1987,-374,-26,142,-247,-136
IMU1,8818,87272774,-1983,-366,-67,129,-239,-116
IMU1,8819,87282692,-1980,-359,-103,100,-209,-87
IMU1,8820,87292604,-1981,-342,-128,57,-166,-50
IMU1,8821,87302320,-1999,-338,-145,5,-104,-11
IMU1,8822,87311839,-2011,-336,-139,-48,-41,30
IMU1,8823,87321360,-1993,-344,-120,-92,10,74
IMU1,8824,87330792,-1961,-355,-90,-119,49,110
IMU1,8825,87343169,-1926,-368,-76,-131,93,124
IMU1,8826,87352797,-1923,-383,-55,-133,128,117
IMU1,8827,87362620,-1964,-408,-15,-120,135,99
IMU1,8828,87372226,-1994,-420,15,-77,99,88
IMU1,8829,87381356,-2010,-407,51,-12,8,85
IMU1,8830,87390284,-2034,-411,37,66,-103,82
IMU1,8831,87399617,-2037,-417,6,138,-201,86
IMU1,8832,87408947,-2055,-422,-19,197,-265,92
IMU1,8833,87418566,-2054,-427,-20,238,-291,101
IMU1,8834,87428393,-2021,-426,-13,269,-294,110
IMU1,8835,87438222,-1990,-421,-11,290,-291,109
IMU1,8836,87448057,-1968,-421,13,297,-274,90
IMU1,8837,87457592,-1973,-439,50,288,-246,62
IMU1,8838,87467128,-1985,-454,81,274,-222,36
IMU1,8839,87476669,-2016,-461,96,256,-222,11
IMU1,8840,87486200,-2011,-446,86,232,-254,-7
IMU1,8841,87495634,-1996,-434,64,201,-301,-26
IMU1,8842,87505270,-1975,-414,50,162,-338,-40
IMU1,8843,87514897,-1931,-397,45,119,-348,-52
IMU1,8844,87524523,-1898,-384,45,78,-326,-62
IMU1,8845,87533953,-1890,-373,29,40,-286,-67
IMU1,8846,87543389,-1881,-367,12,3,-235,-64
IMU1,8847,87552624,-1881,-356,16,-26,-185,-53
IMU1,8848,87562135,-1924,-306,-1,-39,-145,-33
IMU1,8849,87571558,-1902,-272,-64,-42,-122,-3
IMU1,8850,87580985,-1894,-236,-118,-47,-118,31
IMU1,8851,87590709,-1885,-191,-176,-50,-107,68
IMU1,8852,87600434,-1871,-113,-254,-57,-68,102
IMU1,8853,87610160,-1866,-14,-385,-76,-23,133
IMU1,8854,87619688,-1848,88,-500,-109,1,143
IMU1,8855,87629017,-1831,166,-540,-142,-1,122
IMU1,8856,87638646,-1866,279,-645,-139,-28,76
IMU1,8857,87648282,-1978,477,-855,-110,-76,37
IMU1,8858,87657922,-2055,632,-1134,-79,-124,18
IMU1,8859,87667751,-2151,778,-1365,-53,-155,42
IMU1,8860,87677590,-2254,941,-1591,-27,-116,119
IMU1,8861,87687639,-2310,1056,-1719,3,42,236
IMU1,8862,87697285,-2389,1172,-1702,75,318,378
IMU1,8863,87707331,-2516,1282,-1665,213,642,526
IMU1,8864,87717564,-2631,1435,-1716,416,874,665
IMU1,8865,87727814,-2669,1618,-1976,665,911,769
IMU1,8866,87738066,-2721,1792,-2232,932,766,816
IMU1,8867,87748320,-2755,1903,-2331,1223,589,814
IMU1,8868,87758777,-2769,1974,-2229,1574,587,788
IMU1,8869,87769240,-2772,2092,-2148,2009,829,752
IMU1,8870,87779692,-2641,2332,-2008,2528,1233,693
IMU1,8871,87790348,-2743,2456,-1668,3803,1966,513
IMU1,8872,87801012,-2976,2492,-1123,4567,2163,486
IMU1,8873,87811672,-3276,2350,-378,5395,2301,577
IMU1,8874,87822146,-3522,2134,381,6201,2432,775
IMU1,8875,87832511,-3588,1933,890,6858,2471,999
IMU1,8876,87842880,-3200,1935,854,7207,2327,1125
IMU1,8877,87853421,-3044,2036,865,7145,1986,1029
IMU1,8878,87863991,-3270,1819,1669,6798,1756,794
IMU1,8879,87874563,-3468,1405,2800,6436,1938,609
IMU1,8880,87885104,-3589,1101,4003,6202,2220,506
IMU1,8881,87896186,-3132,337,4288,5894,1485,324
IMU1,8882,87906548,-2663,-59,4264,5710,710,106
IMU1,8883,87916607,-2252,-356,3901,5486,-118,-231
IMU1,8884,87927055,-1972,-571,3614,5203,-788,-610
IMU1,8885,87937503,-1996,-661,3168,4858,-1122,-878
IMU1,8886,87948154,-2151,-738,2560,4378,-1133,-918
IMU1,8887,87958812,-2235,-797,2041,3713,-903,-718
IMU1,8888,87969282,-2213,-887,1580,2889,-510,-377
IMU1,8889,87979718,-2040,-945,1268,1984,-68,-45
IMU1,8890,87989769,-1804,-1009,1167,1102,302,153
IMU1,8891,88000216,-1640,-1016,1195,351,531,192
IMU1,8892,88010445,-1580,-868,1138,-183,588,118
IMU1,8893,88021620,-1584,-790,1013,-642,372,-75
IMU1,8894,88031661,-1568,-710,857,-669,263,-137
IMU1,8895,88041706,-1526,-667,695,-625,166,-191
IMU1,8896,88051734,-1467,-645,539,-557,81,-250
IMU1,8897,88061571,-1463,-633,409,-469,0,-315
IMU1,8898,88071125,-1486,-652,378,-384,-67,-362
IMU1,8899,88081037,-1501,-680,389,-307,-71,-368
IMU1,8900,88090957,-1539,-673,406,-262,-30,-334
IMU1,8901,88100874,-1612,-668,406,-274,-25,-267
IMU1,8902,88110784,-1683,-683,376,-365,-70,-182
# swing_peak_seq=8876
IMU1,8903,88120702,-1724,-694,352,-533,-128,-90
IMU1,8904,88130627,-1780,-698,379,-743,-179,-10
IMU1,8905,88140545,-1832,-711,441,-950,-236,48
IMU1,8906,88150397,-1849,-709,465,-1123,-287,87
IMU1,8907,88160436,-1864,-697,572,-1266,-309,104
IMU1,8908,88170666,-1898,-645,620,-1365,-311,106
IMU1,8909,88180895,-1928,-603,693,-1423,-347,108
IMU1,8910,88191117,-1971,-564,737,-1445,-428,112
IMU1,8911,88201361,-2031,-510,755,-1447,-566,120
IMU1,8912,88211595,-2097,-499,738,-1432,-724,140
IMU1,8913,88221834,-2156,-436,500,-1427,-873,180
IMU1,8914,88233120,-2216,-401,397,-1508,-974,289
IMU1,8915,88243358,-2198,-370,376,-1612,-876,323
IMU1,8916,88253590,-2182,-329,395,-1710,-748,311
IMU1,8917,88263844,-2165,-282,457,-1805,-672,280
IMU1,8918,88274080,-2124,-216,492,-1862,-653,206
IMU1,8919,88284302,-2248,-283,474,-1906,-699,116
IMU1,8920,88294544,-2208,-176,376,-1937,-816,47
IMU1,8921,88304571,-2254,-155,346,-1968,-962,-8
IMU1,8922,88314511,-2207,-107,266,-1996,-1096,-36
IMU1,8923,88324854,-2191,-63,214,-2028,-1190,-56
IMU1,8924,88334978,-2182,-38,227,-2054,-1242,-61
IMU1,8925,88347666,-2198,26,137,-2049,-1330,-37
IMU1,8926,88357700,-2241,21,27,-2037,-1382,-9
IMU1,8927,88367334,-2264,36,-74,-2033,-1411,30
IMU1,8928,88377182,-2283,20,-163,-2052,-1403,85
IMU1,8929,88387212,-2299,38,-239,-2095,-1346,146
IMU1,8930,88397440,-2268,74,-286,-2150,-1263,219
IMU1,8931,88407678,-2246,115,-316,-2227,-1138,280
IMU1,8932,88418126,-2253,121,-344,-2324,-977,329
IMU1,8933,88428358,-2264,110,-360,-2422,-790,360
IMU1,8934,88438604,-2286,111,-355,-2524,-613,381
IMU1,8935,88448851,-2296,112,-338,-2619,-455,389
IMU1,8936,88459081,-2269,120,-316,-2694,-336,380
IMU1,8937,88469327,-2262,141,-332,-2752,-277,350
IMU1,8938,88479575,-2236,143,-378,-2785,-265,310
IMU1,8939,88489818,-2224,148,-399,-2808,-276,258
IMU1,8940,88500043,-2233,161,-366,-2796,-281,209
IMU1,8941,88510263,-2251,164,-209,-2761,-269,165
IMU1,8942,88521526,-2296,105,-123,-2531,-245,89
IMU1,8943,88531557,-2296,154,-194,-2342,-304,48
IMU1,8944,88541596,-2253,183,-325,-2151,-445,2
IMU1,8945,88551435,-2203,195,-450,-1991,-621,-64
IMU1,8946,88561579,-2170,199,-477,-1850,-782,-139
IMU1,8947,88571920,-2143,166,-449,-1739,-861,-209
IMU1,8948,88582251,-2121,131,-404,-1629,-840,-264
IMU1,8949,88592564,-2134,108,-351,-1517,-745,-308
IMU1,8950,88602899,-2183,94,-304,-1408,-635,-330
IMU1,8951,88613030,-2250,93,-263,-1289,-549,-325
IMU1,8952,88623158,-2273,88,-236,-1167,-495,-296
IMU1,8953,88633302,-2277,85,-236,-1056,-466,-253
IMU1,8954,88643440,-2242,65,-271,-982,-452,-215
IMU1,8955,88653359,-2176,33,-294,-946,-436,-198
IMU1,8956,88663294,-2124,19,-270,-934,-417,-210
IMU1,8957,88673224,-2125,-17,-217,-924,-400,-249
IMU1,8958,88683249,-2163,-86,-93,-894,-382,-293
IMU1,8959,88694630,-2163,-168,-37,-757,-292,-311
IMU1,8960,88704663,-2120,-214,-2,-673,-184,-297
IMU1,8961,88714466,-2084,-230,24,-594,-56,-290
IMU1,8962,88724187,-2056,-216,-18,-528,22,-276
IMU1,8963,88733901,-2008,-177,-90,-486,25,-281
IMU1,8964,88743615,-1957,-146,-126,-468,-41,-309
IMU1,8965,88753632,-1945,-132,-126,-460,-136,-344
IMU1,8966,88763846,-1951,-113,-139,-460,-213,-362
IMU1,8967,88774062,-1956,-124,-130,-463,-235,-356
IMU1,8968,88784287,-1984,-148,-113,-461,-203,-317
IMU1,8969,88794503,-2033,-159,-92,-453,-133,-247
IMU1,8970,88804526,-2058,-193,-68,-435,-53,-156
IMU1,8971,88814337,-2037,-217,-62,-406,18,-63
IMU1,8972,88823856,-2004,-232,-39,-380,59,14
IMU1,8973,88833284,-1982,-246,-23,-353,60,68
IMU1,8974,88842694,-1961,-268,-25,-323,27,97
IMU1,8975,88852107,-1926,-257,-41,-292,-33,111
IMU1,8976,88861824,-1911,-256,-49,-262,-95,110
IMU1,8977,88871554,-1906,-271,-34,-237,-123,95
IMU1,8978,88881291,-1922,-291,-14,-217,-105,75
IMU1,8979,88891010,-1933,-308,9,-189,-62,47
IMU1,8980,88900236,-1940,-323,30,-156,-37,17
IMU1,8981,88909658,-1948,-317,58,-118,-40,-23
IMU1,8982,88919177,-1949,-326,83,-74,-62,-66
IMU1,8983,88928505,-1946,-339,113,-29,-105,-103
IMU1,8984,88938416,-1969,-363,169,19,-155,-126
IMU1,8985,88948233,-1991,-393,210,74,-183,-134
IMU1,8986,88958070,-1996,-425,227,127,-197,-132
IMU1,8987,88968113,-1999,-434,230,173,-214,-137
IMU1,8988,88978131,-1981,-441,202,204,-247,-151
IMU1,8989,88988149,-1962,-454,185,215,-291,-178
IMU1,8990,88998171,-1925,-455,147,205,-323,-219
IMU1,8991,89008196,-1920,-434,105,171,-324,-267
IMU1,8992,89018212,-1953,-420,104,124,-294,-305
IMU1,8993,89028248,-1993,-410,126,79,-241,-307
IMU1,8994,89038079,-2032,-397,171,45,-167,-270
IMU1,8995,89047915,-2069,-413,214,25,-80,-195
IMU1,8996,89057550,-2073,-418,219,15,-3,-95
IMU1,8997,89066788,-2052,-413,188,7,37,-1
IMU1,8998,89075738,-2029,-406,148,-21,53,76
IMU1,8999,89085082,-2002,-410,133,-61,74,133
IMU1,9000,89094631,-1990,-402,143,-105,100,173
IMU1,9001,89104554,-1977,-400,150,-141,117,196
IMU1,9002,89114490,-1966,-396,160,-167,115,202
IMU1,9003,89124417,-1958,-398,183,-173,95,197
IMU1,9004,89134153,-1959,-414,186,-163,67,180
IMU1,9005,89143871,-1962,-431,191,-142,34,162
IMU1,9006,89153599,-1974,-440,190,-107,14,140
IMU1,9007,89163328,-1973,-442,180,-70,6,113
IMU1,9008,89172662,-1980,-437,180,-40,-6,85
IMU1,9009,89181884,-1987,-425,183,-13,-20,54
IMU1,9010,89191310,-2007,-429,188,9,-45,33
IMU1,9011,89200440,-2031,-434,192,38,-55,14
IMU1,9012,89209773,-2040,-432,197,65,-57,5
IMU1,9013,89218909,-2045,-441,200,85,-53,4
IMU1,9014,89228033,-2038,-446,186,95,-57,11
IMU1,9015,89237366,-2018,-448,172,98,-56,16
IMU1,9016,89246699,-1998,-451,173,89,-43,13
IMU1,9017,89256040,-1981,-439,181,72,-24,3
IMU1,9018,89265172,-1987,-442,204,59,-10,-11
IMU1,9019,89274606,-1995,-449,231,51,-12,-19
IMU1,9020,89284043,-2005,-453,241,48,-17,-23
IMU1,9021,89293459,-2011,-461,239,50,-22,-27
IMU1,9022,89302872,-2002,-464,225,51,-34,-34
IMU1,9023,89312302,-1998,-460,217,45,-44,-44
IMU1,9024,89321729,-1994,-452,207,33,-53,-49
IMU1,9025,89331155,-1992,-443,204,20,-64,-54
IMU1,9026,89340601,-1985,-441,198,4,-74,-49
IMU1,9027,89352598,-1982,-440,192,-12,-67,-40
IMU1,9028,89362123,-1983,-431,189,-26,-48,-25
IMU1,9029,89371640,-1994,-432,199,-43,-26,-10
IMU1,9030,89381167,-1995,-444,211,-55,-9,8
IMU1,9031,89390203,-1982,-447,198,-64,-2,26
IMU1,9032,89399440,-1965,-437,192,-68,2,34
IMU1,9033,89408582,-1949,-438,187,-75,10,32
IMU1,9034,89417915,-1944,-432,194,-76,17,28
IMU1,9035,89427259,-1949,-436,222,-73,13,20
IMU1,9036,89436594,-1956,-441,243,-62,5,12
IMU1,9037,89445740,-1968,-458,271,-48,-4,5
IMU1,9038,89454790,-1984,-470,295,-32,-14,-2
IMU1,9039,89464136,-1976,-470,277,-24,-37,-3
IMU1,9040,89473473,-1969,-476,257,-24,-68,-5
IMU1,9041,89483320,-1959,-478,247,-37,-93,-8
IMU1,9042,89492652,-1949,-480,240,-57,-108,-10
IMU1,9043,89502370,-1933,-467,239,-81,-125,0
IMU1,9044,89511709,-1924,-451,239,-95,-136,0
IMU1,9045,89521566,-1912,-441,225,-99,-140,6
IMU1,9046,89531011,-1900,-423,194,-104,-134,14
IMU1,9047,89540850,-1893,-401,161,-121,-134,27
IMU1,9048,89550671,-1896,-369,112,-144,-127,39
IMU1,9049,89560508,-1888,-354,80,-179,-102,51
IMU1,9050,89570138,-1880,-317,69,-216,-70,57
IMU1,9051,89579589,-1868,-254,-2,-260,-79,51
IMU1,9052,89588929,-1851,-152,-219,-294,-180,12
IMU1,9053,89598866,-1771,-1,-499,-356,-383,-53
IMU1,9054,89608515,-1723,175,-687,-422,-626,-153
IMU1,9055,89618627,-1721,351,-737,-456,-785,-279
IMU1,9056,89628753,-1844,504,-789,-422,-824,-371
IMU1,9057,89638876,-1996,735,-973,-308,-779,-394
IMU1,9058,89649010,-2243,970,-1201,-170,-691,-321
IMU1,9059,89659322,-2484,1140,-1427,-27,-557,-154
IMU1,9060,89669651,-2632,1244,-1545,114,-376,106
IMU1,9061,89679983,-2724,1452,-1727,246,-172,393
IMU1,9062,89690320,-2821,1725,-1893,383,0,639
IMU1,9063,89700070,-3015,1867,-1971,549,114,822
IMU1,9064,89710322,-3251,1964,-2072,774,221,981
IMU1,9065,89720564,-3350,2022,-2169,1051,450,1125
IMU1,9066,89731204,-3351,2120,-2186,1371,906,1240
IMU1,9067,89741844,-3097,2539,-2094,1745,2103,1252
IMU1,9068,89752702,-3049,2729,-1791,2744,2394,1107
IMU1,9069,89763565,-3179,2764,-1196,3445,2436,916
IMU1,9070,89774230,-3308,2761,-670,4298,2396,778
IMU1,9071,89784696,-3310,2866,-446,5209,2359,721
IMU1,9072,89795139,-3352,2925,-227,6041,2305,694
IMU1,9073,89805598,-3544,2805,262,6730,2330,706
IMU1,9074,89815950,-3638,2639,908,7263,2605,793
IMU1,9075,89826321,-3757,2621,1587,7620,3005,935
IMU1,9076,89836897,-3760,2588,2141,7792,3222,1081
IMU1,9077,89847648,-3514,2251,3079,7795,2663,1032
IMU1,9078,89858424,-3382,2070,3596,7446,2121,775
IMU1,9079,89868988,-3417,1758,4153,7243,1706,484
IMU1,9080,89879537,-3187,1258,4542,7053,1509,293
IMU1,9081,89890114,-2692,808,4824,6820,1346,182
IMU1,9082,89900458,-2233,315,4926,6503,981,44
IMU1,9083,89910431,-1855,-195,4730,6098,308,-144
IMU1,9084,89920778,-1583,-525,4447,5580,-410,-336
IMU1,9085,89931218,-1665,-721,3850,4919,-812,-452
IMU1,9086,89941653,-1923,-802,3001,4079,-921,-418
IMU1,9087,89952091,-2115,-870,2294,3043,-893,-232
IMU1,9088,89962526,-1963,-1033,1490,1902,-703,35
IMU1,9089,89973389,-1739,-1044,1272,-284,1,391
IMU1,9090,89983337,-1592,-1015,1200,-1126,307,341
IMU1,9091,89993899,-1596,-976,1219,-1699,513,188
IMU1,9092,90004248,-1645,-939,1265,-1982,569,7
IMU1,9093,90014194,-1711,-864,1234,-2009,470,-152
IMU1,9094,90024640,-1783,-771,1094,-1859,266,-293
IMU1,9095,90035081,-1817,-698,842,-1618,-5,-408
IMU1,9096,90045016,-1855,-651,592,-1373,-244,-506
IMU1,9097,90055355,-1862,-623,382,-1169,-391,-595
IMU1,9098,90065713,-1860,-604,220,-1032,-446,-687
IMU1,9099,90076054,-1892,-588,225,-966,-454,-775
IMU1,9100,90086204,-1931,-550,250,-937,-444,-818
IMU1,9101,90096353,-1940,-451,292,-920,-440,-794
IMU1,9102,90106503,-1947,-378,241,-935,-438,-721
# swing_peak_seq=9076
IMU1,9103,90117695,-2019,-338,224,-1109,-454,-503
IMU1,9104,90128011,-2033,-364,243,-1256,-463,-370
IMU1,9105,90138318,-1999,-367,251,-1417,-456,-243
IMU1,9106,90148638,-2151,-443,304,-1577,-440,-148
IMU1,9107,90158973,-2108,-451,306,-1712,-451,-63
IMU1,9108,90169107,-2041,-385,335,-1832,-433,-22
IMU1,9109,90179234,-2081,-396,368,-1942,-360,-24
IMU1,9110,90189347,-2069,-336,413,-2036,-279,-32
IMU1,9111,90199475,-2123,-331,482,-2118,-214,-48
IMU1,9112,90209604,-2139,-273,451,-2186,-217,-52
IMU1,9113,90219730,-2176,-222,411,-2250,-274,-54
IMU1,9114,90229863,-2160,-190,389,-2317,-366,-60
IMU1,9115,90239999,-2068,-146,341,-2374,-504,-88
IMU1,9116,90250156,-1995,-134,306,-2407,-697,-170
IMU1,9117,90260489,-1992,-130,244,-2405,-958,-293
IMU1,9118,90271333,-2099,-55,152,-2236,-1528,-494
IMU1,9119,90281677,-2153,-4,49,-2109,-1741,-505
IMU1,9120,90291605,-2203,20,-83,-2007,-1834,-456
IMU1,9121,90301722,-2244,-3,-159,-1942,-1789,-374
IMU1,9122,90311946,-2219,-4,-189,-1901,-1637,-277
IMU1,9123,90322181,-2158,1,-222,-1892,-1445,-198
IMU1,9124,90332303,-2176,-17,-233,-1900,-1293,-157
IMU1,9125,90342728,-2227,-48,-173,-1907,-1232,-132
IMU1,9126,90355707,-2241,-48,-134,-1897,-1240,-101
IMU1,9127,90366132,-2227,0,-161,-1862,-1274,-60
IMU1,9128,90377534,-2252,-19,-188,-1834,-1250,21
IMU1,9129,90387668,-2251,-6,-253,-1843,-1170,55
IMU1,9130,90397602,-2214,-1,-292,-1884,-1063,69
IMU1,9131,90407541,-2229,21,-282,-1935,-962,73
IMU1,9132,90417376,-2277,19,-201,-1980,-900,91
IMU1,9133,90427215,-2298,-7,-165,-1995,-871,119
IMU1,9134,90437143,-2250,-18,-195,-1976,-860,146
IMU1,9135,90447269,-2164,24,-280,-1957,-829,139
IMU1,9136,90457293,-2154,50,-329,-1960,-776,100
IMU1,9137,90467327,-2201,40,-314,-1959,-702,55
IMU1,9138,90477165,-2254,35,-295,-1935,-642,36
IMU1,9139,90486994,-2264,46,-271,-1889,-596,33
IMU1,9140,90496833,-2261,33,-221,-1820,-558,29
IMU1,9141,90506658,-2241,19,-180,-1725,-543,21
IMU1,9142,90516483,-2200,29,-172,-1610,-572,-10
IMU1,9143,90526402,-2174,43,-204,-1488,-649,-63
IMU1,9144,90536314,-2132,41,-284,-1373,-734,-118
IMU1,9145,90546444,-2088,35,-392,-1283,-769,-176
IMU1,9146,90556565,-2111,-2,-413,-1239,-732,-236
IMU1,9147,90566604,-2147,-36,-334,-1210,-635,-279
IMU1,9148,90576827,-2149,-21,-211,-1149,-528,-290
IMU1,9149,90587043,-2151,-34,-106,-1046,-464,-282
IMU1,9150,90597263,-2158,-57,-15,-902,-468,-276
IMU1,9151,90608141,-2143,-95,-37,-604,-615,-248
IMU1,9152,90617969,-2139,-89,-92,-496,-673,-224
IMU1,9153,90627795,-2141,-96,-146,-419,-679,-208
IMU1,9154,90637815,-2122,-139,-155,-401,-635,-175
IMU1,9155,90648038,-2088,-160,-183,-414,-543,-147
IMU1,9156,90658244,-2045,-167,-193,-460,-442,-125
IMU1,9157,90668452,-2045,-195,-145,-521,-345,-121
IMU1,9158,90678674,-2050,-252,-62,-580,-264,-117
IMU1,9159,90688703,-2057,-260,13,-611,-208,-110
IMU1,9160,90698623,-2061,-254,89,-621,-183,-94
IMU1,9161,90708352,-2046,-289,138,-602,-180,-76
IMU1,9162,90718286,-2005,-304,153,-559,-193,-72
IMU1,9163,90728233,-2007,-321,180,-505,-220,-83
IMU1,9164,90738146,-1997,-372,205,-447,-258,-103
IMU1,9165,90748272,-1968,-371,188,-380,-307,-126
IMU1,9166,90758403,-1943,-347,159,-314,-359,-151
IMU1,9167,90768529,-1935,-345,142,-260,-406,-171
IMU1,9168,90778640,-1946,-332,164,-206,-419,-185
IMU1,9169,90788750,-1944,-322,169,-162,-404,-180
IMU1,9170,90798863,-1941,-335,149,-124,-359,-171
IMU1,9171,90810031,-1965,-338,152,-111,-277,-121
IMU1,9172,90820158,-1964,-366,190,-115,-237,-82
IMU1,9173,90830088,-1945,-378,211,-119,-187,-43
IMU1,9174,90840006,-1923,-380,218,-132,-140,-9
IMU1,9175,90849729,-1949,-377,235,-148,-106,12
IMU1,9176,90859557,-1955,-373,261,-160,-86,23
IMU1,9177,90869189,-1967,-405,263,-169,-72,24
IMU1,9178,90878827,-1973,-415,259,-181,-69,28
IMU1,9179,90888473,-1989,-422,287,-181,-78,34
IMU1,9180,90898103,-1951,-439,301,-174,-83,34
IMU1,9181,90907736,-1949,-440,299,-154,-86,26
IMU1,9182,90917374,-1974,-448,302,-136,-81,9
IMU1,9183,90926819,-1973,-454,312,-127,-71,-2
IMU1,9184,90936363,-1961,-439,317,-118,-48,-13
IMU1,9185,90946083,-1992,-445,327,-114,-16,-29
IMU1,9186,90955799,-2030,-472,354,-109,-4,-38
IMU1,9187,90965339,-2041,-481,380,-101,-25,-32
IMU1,9188,90975062,-2020,-469,385,-88,-73,-29
IMU1,9189,90984595,-2022,-485,375,-75,-135,-36
IMU1,9190,90994324,-2019,-494,353,-63,-197,-48
IMU1,9191,91004058,-2016,-484,328,-53,-238,-61
IMU1,9192,91013793,-1994,-475,311,-49,-232,-73
IMU1,9193,91023538,-1987,-477,303,-48,-185,-88
IMU1,9194,91033277,-1991,-471,319,-48,-126,-95
IMU1,9195,91043037,-2004,-464,334,-43,-70,-90
IMU1,9196,91052577,-2001,-462,361,-32,-24,-70
IMU1,9197,91062120,-1985,-458,374,-14,5,-40
IMU1,9198,91071364,-1966,-442,388,2,8,-13
IMU1,9199,91080321,-1943,-444,401,11,-12,-3
IMU1,9200,91089554,-1925,-454,398,28,-46,-19
IMU1,9201,91098998,-1952,-519,401,36,-89,-45
IMU1,9202,91108431,-2015,-561,406,46,-138,-62
IMU1,9203,91118068,-1948,-472,387,58,-179,-48
IMU1,9204,91127713,-1938,-468,350,64,-165,-49
IMU1,9205,91137353,-1974,-500,333,54,-117,-44
IMU1,9206,91146976,-1960,-490,328,33,-56,-26
IMU1,9207,91156400,-1925,-477,319,9,26,-12
IMU1,9208,91166066,-1916,-486,339,-20,106,-6
IMU1,9209,91175507,-1927,-495,358,-44,147,-3
IMU1,9210,91184949,-1933,-489,365,-63,147,8
IMU1,9211,91194810,-1923,-487,387,-62,133,20
IMU1,9212,91204353,-1930,-492,407,-56,120,35
IMU1,9213,91213880,-1925,-492,405,-38,106,52
IMU1,9214,91223408,-1915,-478,371,-18,86,63
IMU1,9215,91233272,-1915,-488,349,-17,61,68
IMU1,9216,91242623,-1911,-485,334,-19,58,56
IMU1,9217,91252481,-1911,-497,321,-29,77,39
IMU1,9218,91261820,-1932,-501,328,-46,107,27
IMU1,9219,91271872,-1960,-512,370,-54,130,21
IMU1,9220,91281413,-1973,-501,390,-54,143,25
IMU1,9221,91290954,-1981,-502,426,-43,129,39
IMU1,9222,91300489,-1992,-505,437,-30,104,59
IMU1,9223,91310024,-1984,-499,410,-5,52,75
IMU1,9224,91319700,-1976,-506,370,8,-12,80
IMU1,9225,91329374,-1959,-516,342,16,-56,71
IMU1,9226,91339242,-1957,-523,327,3,-54,55
IMU1,9227,91348396,-1962,-520,326,-15,-20,35
IMU1,9228,91360590,-1973,-523,322,-28,21,15
IMU1,9229,91369926,-1972,-514,320,-44,51,2
IMU1,9230,91379066,-1956,-501,318,-61,68,-10
IMU1,9231,91388523,-1955,-494,313,-74,67,-21
IMU1,9232,91397974,-1951,-488,315,-88,50,-32
IMU1,9233,91407420,-1958,-481,319,-101,25,-40
IMU1,9234,91417056,-1963,-468,310,-98,-2,-46
IMU1,9235,91426405,-1972,-458,295,-90,-35,-43
IMU1,9236,91435936,-1969,-467,289,-70,-68,-34
IMU1,9237,91445480,-1961,-468,286,-55,-83,-19
IMU1,9238,91455007,-1971,-477,282,-31,-71,-1
IMU1,9239,91464357,-1977,-489,292,-5,-41,14
IMU1,9240,91473590,-1974,-489,302,21,-19,30
IMU1,9241,91483464,-1967,-492,319,50,-9,34
IMU1,9242,91492621,-1977,-509,331,70,-19,34
IMU1,9243,91502498,-1963,-508,331,88,-36,18
IMU1,9244,91511846,-1958,-505,327,86,-63,6
IMU1,9245,91521522,-1968,-506,329,83,-79,-19
IMU1,9246,91531473,-1981,-509,341,72,-96,-34
IMU1,9247,91540925,-2002,-509,360,56,-116,-41
IMU1,9248,91550561,-2018,-527,383,59,-121,-54
IMU1,9249,91560201,-2023,-548,394,56,-110,-49
IMU1,9250,91569841,-2017,-547,383,49,-81,-35
IMU1,9251,91579286,-2006,-548,378,31,-47,-23
IMU1,9252,91589250,-2001,-543,380,-1,-16,-15
IMU1,9253,91598586,-1986,-548,390,-33,2,-9
IMU1,9254,91608160,-1970,-546,387,-69,8,-11
IMU1,9255,91617923,-1952,-540,383,-103,1,-23
IMU1,9256,91627364,-1937,-527,379,-129,-23,-35
IMU1,9257,91637107,-1935,-517,373,-141,-49,-50
IMU1,9258,91646859,-1935,-496,356,-143,-73,-59
IMU1,9259,91656612,-1926,-484,332,-140,-88,-61
IMU1,9260,91666343,-1921,-470,291,-136,-99,-54
IMU1,9261,91676088,-1912,-439,247,-131,-100,-45
IMU1,9262,91686028,-1910,-417,206,-138,-88,-30
IMU1,9263,91695770,-1917,-399,160,-139,-61,-11
IMU1,9264,91705521,-1948,-364,117,-148,-22,17
IMU1,9265,91715169,-2007,-327,47,-160,27,63
IMU1,9266,91724513,-2085,-285,-38,-185,91,125
IMU1,9267,91734161,-2144,-251,-132,-220,135,201
IMU1,9268,91744212,-2167,-170,-323,-271,117,270
IMU1,9269,91754259,-2137,-64,-528,-352,17,298
IMU1,9270,91763887,-2071,58,-665,-434,-141,256
IMU1,9271,91773715,-1998,203,-789,-506,-275,142
IMU1,9272,91783758,-2005,355,-883,-548,-339,-6
IMU1,9273,91793487,-2088,484,-973,-538,-310,-136
IMU1,9274,91803617,-2169,632,-1024,-480,-207,-215
IMU1,9275,91813945,-2230,795,-1098,-376,-65,-226
IMU1,9276,91824094,-2259,947,-1149,-223,98,-180
IMU1,9277,91834132,-2367,1131,-1157,-21,285,-98
IMU1,9278,91844179,-2514,1362,-1275,240,460,8
IMU1,9279,91854026,-2674,1614,-1482,547,580,132
IMU1,9280,91864268,-2897,1786,-1597,877,654,283
IMU1,9281,91874513,-3033,1884,-1691,1254,730,464
IMU1,9282,91884969,-3149,2079,-1781,1681,869,645
IMU1,9283,91895407,-3028,2704,-2150,2147,1063,794
IMU1,9284,91906596,-3116,2952,-2195,3125,1560,859
IMU1,9285,91917264,-3349,3017,-1860,3693,1872,846
IMU1,9286,91927920,-3598,2990,-1348,4355,2293,898
IMU1,9287,91938588,-3838,2901,-792,5088,2843,1049
IMU1,9288,91949253,-4042,2799,-198,5840,3439,1287
IMU1,9289,91959907,-4206,2635,465,6531,3981,1581
IMU1,9290,91970480,-4312,2418,1283,7112,4431,1893
IMU1,9291,91981255,-4284,2319,1960,7547,4705,2153
IMU1,9292,91992039,-4003,2117,2804,7769,4121,2142
IMU1,9293,92002805,-3888,1754,3382,7615,3274,1813
IMU1,9294,92013566,-3778,1277,3858,7418,2239,1335
IMU1,9295,92024344,-3772,941,3999,7225,1151,791
IMU1,9296,92034725,-3400,614,3872,6966,236,244
IMU1,9297,92044882,-2863,301,3711,6552,-289,-296
IMU1,9298,92055228,-2382,18,3522,5980,-431,-798
IMU1,9299,92065394,-1978,-162,3377,5296,-405,-1210
IMU1,9300,92076025,-1717,-278,3324,4578,-379,-1505
IMU1,9301,92086679,-1677,-366,3276,3888,-389,-1644
IMU1,9302,92097311,-1703,-633,2681,3253,-459,-1592
IMU1,9303,92108478,-1621,-666,2240,1997,-652,-1020
IMU1,9304,92119122,-1567,-686,1815,1323,-507,-656
IMU1,9305,92129561,-1574,-685,1450,625,-218,-321
IMU1,9306,92139805,-1574,-705,1224,-60,69,-48
IMU1,9307,92149456,-1527,-743,1127,-678,267,132
IMU1,9308,92159613,-1481,-762,1050,-1178,387,201
IMU1,9309,92169983,-1427,-775,985,-1535,425,173
IMU1,9310,92180110,-1371,-756,949,-1736,369,67
IMU1,9311,92190049,-1304,-775,930,-1785,252,-82
IMU1,9312,92200080,-1317,-749,890,-1715,120,-238
IMU1,9313,92210301,-1447,-739,906,-1569,28,-355
IMU1,9314,92220338,-1608,-776,866,-1378,-24,-401
IMU1,9315,92230457,-1741,-736,742,-1191,-94,-373
IMU1,9316,92240589,-1807,-697,644,-1069,-197,-309
IMU1,9317,92250911,-1861,-682,510,-1026,-313,-248
# swing_peak_seq=9291
IMU1,9318,92262276,-1846,-651,471,-1119,-559,-210
IMU1,9319,92272621,-1818,-620,432,-1236,-687,-242
IMU1,9320,92282955,-1831,-607,418,-1363,-791,-298
IMU1,9321,92293284,-1882,-593,441,-1504,-847,-338
IMU1,9322,92303604,-1974,-573,466,-1641,-849,-342
IMU1,9323,92313925,-2059,-541,453,-1761,-814,-303
IMU1,9324,92324248,-2113,-485,404,-1876,-762,-230
IMU1,9325,92334566,-2146,-437,368,-1994,-707,-143
IMU1,9326,92344895,-2163,-409,357,-2117,-667,-57
IMU1,9327,92355020,-2147,-400,331,-2234,-654,16
IMU1,9328,92367615,-2066,-381,236,-2434,-672,65
IMU1,9329,92377650,-2063,-343,226,-2519,-687,51
IMU1,9330,92387679,-2061,-292,204,-2561,-706,19
IMU1,9331,92397715,-2090,-244,147,-2579,-739,-7
IMU1,9332,92407651,-2136,-193,41,-2592,-778,-11
IMU1,9333,92417580,-2175,-177,-47,-2599,-820,0
IMU1,9334,92427198,-2158,-162,-109,-2606,-866,9
IMU1,9335,92437124,-2100,-124,-213,-2608,-909,-14
IMU1,9336,92447336,-2074,-88,-284,-2603,-939,-83
IMU1,9337,92457361,-2050,-58,-325,-2585,-957,-175
IMU1,9338,92467581,-2022,-37,-323,-2553,-960,-262
IMU1,9339,92477801,-2113,-78,-357,-2499,-953,-344
IMU1,9340,92488040,-2186,-48,-382,-2435,-965,-384
IMU1,9341,92498250,-2213,1,-357,-2365,-990,-373
IMU1,9342,92508185,-2301,19,-270,-2272,-1006,-328
IMU1,9343,92518509,-2292,70,-255,-2154,-1034,-249
IMU1,9344,92528838,-2257,30,-322,-2040,-1081,-186
IMU1,9345,92539153,-2257,55,-419,-1952,-1150,-147
IMU1,9346,92549496,-2295,54,-535,-1911,-1195,-120
IMU1,9347,92560361,-2329,73,-540,-1893,-1088,-69
IMU1,9348,92570499,-2349,99,-560,-1893,-984,-34
IMU1,9349,92580425,-2352,124,-588,-1892,-878,-7
IMU1,9350,92590360,-2378,123,-561,-1892,-807,29
IMU1,9351,92600400,-2338,89,-527,-1864,-754,58
IMU1,9352,92610236,-2289,72,-478,-1827,-707,61
IMU1,9353,92620091,-2284,57,-397,-1766,-686,31
IMU1,9354,92629933,-2262,33,-382,-1685,-710,-20
IMU1,9355,92639871,-2257,8,-406,-1587,-773,-93
IMU1,9356,92649629,-2233,-4,-419,-1495,-833,-173
IMU1,9357,92659658,-2192,-16,-428,-1405,-849,-246
IMU1,9358,92669884,-2192,-31,-401,-1326,-821,-310
IMU1,9359,92680123,-2223,-56,-340,-1243,-773,-362
IMU1,9360,92690350,-2227,-67,-296,-1150,-740,-394
IMU1,9361,92700593,-2217,-74,-286,-1057,-727,-423
IMU1,9362,92710826,-2201,-76,-333,-969,-728,-447
IMU1,9363,92720855,-2146,-83,-397,-907,-733,-468
IMU1,9364,92730890,-2061,-71,-461,-867,-726,-495
IMU1,9365,92740920,-2015,-51,-485,-851,-701,-527
IMU1,9366,92750943,-2005,-52,-383,-828,-665,-554
IMU1,9367,92762014,-2091,-42,-319,-723,-591,-533
IMU1,9368,92772049,-2134,-77,-248,-635,-544,-479
IMU1,9369,92782091,-2113,-113,-223,-542,-497,-399
IMU1,9370,92792319,-2064,-129,-233,-451,-448,-326
IMU1,9371,92802556,-2004,-137,-257,-382,-405,-279
IMU1,9372,92812768,-1937,-149,-260,-341,-380,-249
IMU1,9373,92822990,-1912,-158,-248,-329,-357,-239
IMU1,9374,92833217,-1957,-194,-189,-333,-325,-236
IMU1,9375,92843431,-2073,-247,-91,-333,-306,-208
IMU1,9376,92853456,-2103,-231,-32,-303,-314,-136
IMU1,9377,92863488,-2078,-203,-35,-260,-339,-42
IMU1,9378,92873315,-2071,-232,-64,-222,-351,37
IMU1,9379,92883054,-2074,-264,-83,-203,-340,104
IMU1,9380,92892976,-2052,-296,-90,-194,-301,160
IMU1,9381,92902902,-2026,-315,-75,-199,-234,201
IMU1,9382,92912828,-2013,-341,-60,-218,-139,221
IMU1,9383,92922748,-2022,-366,-27,-240,-35,226
IMU1,9384,92932477,-2039,-399,19,-258,49,224
IMU1,9385,92942019,-2020,-407,51,-276,104,216
IMU1,9386,92951752,-2011,-424,97,-282,115,187
IMU1,9387,92961496,-1999,-432,131,-266,61,129
IMU1,9388,92971232,-1984,-438,134,-231,-51,54
IMU1,9389,92980874,-1980,-434,131,-185,-187,-24
IMU1,9390,92990786,-1961,-429,126,-130,-301,-94
IMU1,9391,93000716,-1985,-453,142,-63,-362,-166
IMU1,9392,93010644,-1981,-470,181,8,-369,-211
IMU1,9393,93021841,-2095,-452,131,141,-345,-187
IMU1,9394,93031874,-2052,-411,96,173,-328,-146
IMU1,9395,93041711,-2012,-405,92,168,-272,-106
IMU1,9396,93051542,-2004,-431,73,135,-184,-68
IMU1,9397,93061184,-1971,-425,81,86,-111,-30
IMU1,9398,93070608,-1935,-421,93,30,-61,-6
IMU1,9399,93079646,-1931,-428,123,-26,-28,1
IMU1,9400,93089405,-1917,-444,159,-73,1,0
IMU1,9401,93098773,-1911,-440,178,-104,30,-12
IMU1,9402,93108413,-1917,-439,196,-114,37,-26
IMU1,9403,93118055,-1921,-447,218,-104,28,-39
IMU1,9404,93127695,-1927,-454,233,-74,-5,-40
IMU1,9405,93137023,-1928,-449,234,-34,-45,-35
IMU1,9406,93147072,-1907,-449,234,14,-82,-26
IMU1,9407,93156512,-1899,-458,228,54,-111,-16
IMU1,9408,93166154,-1906,-459,222,86,-127,-22
IMU1,9409,93175794,-1913,-473,214,100,-137,-37
IMU1,9410,93185650,-1923,-486,207,102,-141,-56
IMU1,9411,93195461,-1943,-494,220,89,-131,-72
IMU1,9412,93205098,-1976,-510,246,71,-117,-80
IMU1,9413,93214732,-2028,-518,280,54,-112,-67
IMU1,9414,93224366,-2056,-527,293,50,-121,-35
IMU1,9415,93234004,-2059,-518,283,42,-147,15
IMU1,9416,93243543,-2053,-512,259,27,-162,63
IMU1,9417,93253083,-2044,-535,238,-2,-132,96
IMU1,9418,93262528,-2035,-535,212,-38,-70,116
IMU1,9419,93272172,-2025,-531,190,-88,7,120
IMU1,9420,93281516,-2018,-532,213,-131,68,109
IMU1,9421,93291260,-2028,-535,245,-161,104,92
IMU1,9422,93300996,-2021,-528,273,-164,115,82
IMU1,9423,93310738,-2014,-515,287,-151,95,79
IMU1,9424,93320292,-2013,-493,286,-117,47,72
IMU1,9425,93329833,-2011,-486,263,-81,-8,56
IMU1,9426,93339074,-1999,-484,231,-53,-60,35
IMU1,9427,93349042,-1993,-476,206,-39,-90,11
IMU1,9428,93358487,-1989,-472,181,-43,-96,-8
IMU1,9429,93370585,-1989,-470,164,-41,-82,-34
IMU1,9430,93380123,-1986,-466,171,-44,-64,-50
IMU1,9431,93389666,-1980,-461,183,-45,-40,-57
IMU1,9432,93399187,-1978,-461,191,-35,-23,-62
IMU1,9433,93408723,-1982,-454,189,-19,-16,-66
IMU1,9434,93418252,-1987,-443,199,-3,-23,-63
IMU1,9435,93427586,-1997,-456,207,16,-27,-58
IMU1,9436,93437029,-1994,-469,219,33,-16,-48
IMU1,9437,93446480,-1989,-467,228,46,1,-42
IMU1,9438,93455607,-1995,-479,247,53,0,-33
IMU1,9439,93464651,-1999,-499,270,64,-12,-32
IMU1,9440,93474091,-2000,-507,297,77,-31,-30
IMU1,9441,93483519,-1996,-521,312,79,-44,-28
IMU1,9442,93492968,-1984,-525,306,76,-57,-26
IMU1,9443,93502398,-1975,-528,295,71,-65,-34
IMU1,9444,93512369,-1971,-537,291,49,-60,-48
IMU1,9445,93521801,-1961,-531,272,20,-54,-58
IMU1,9446,93531758,-1950,-528,262,-4,-46,-78
IMU1,9447,93541104,-1946,-518,262,-45,-53,-94
IMU1,9448,93550648,-1939,-500,257,-78,-75,-106
IMU1,9449,93560387,-1940,-493,252,-96,-102,-111
IMU1,9450,93570311,-1939,-485,244,-109,-116,-105
IMU1,9451,93580436,-1947,-478,234,-112,-115,-87
IMU1,9452,93590377,-1941,-475,213,-115,-99,-58
IMU1,9453,93600130,-1941,-471,209,-118,-70,-30
IMU1,9454,93609849,-1937,-466,206,-111,-39,-7
IMU1,9455,93619372,-1927,-457,201,-109,-22,11
IMU1,9456,93628991,-1928,-447,197,-105,-32,24
IMU1,9457,93638623,-1917,-440,188,-98,-53,28
IMU1,9458,93648061,-1937,-439,205,-84,-71,28
IMU1,9459,93657485,-1953,-453,226,-65,-80,36
IMU1,9460,93666930,-1955,-464,220,-51,-73,53
IMU1,9461,93676378,-1941,-455,203,-42,-55,73
IMU1,9462,93685821,-1926,-445,181,-47,-36,85
IMU1,9463,93695251,-1917,-430,159,-54,-24,90
IMU1,9464,93704715,-1912,-420,155,-74,-16,92
IMU1,9465,93714167,-1901,-403,138,-89,-15,92
IMU1,9466,93723608,-1901,-388,133,-98,-27,98
IMU1,9467,93733564,-1909,-363,107,-105,-45,103
IMU1,9468,93743401,-1909,-335,90,-100,-65,111
IMU1,9469,93753043,-1926,-310,59,-98,-74,117
IMU1,9470,93762488,-1933,-264,-40,-100,-85,128
IMU1,9471,93772206,-1933,-223,-185,-121,-103,135
IMU1,9472,93782330,-1927,-164,-340,-164,-113,137
IMU1,9473,93792459,-1927,-63,-523,-228,-96,135
IMU1,9474,93802194,-1894,67,-680,-310,-51,119
IMU1,9475,93811838,-1843,238,-815,-410,-16,83
IMU1,9476,93821476,-1850,431,-965,-499,-15,18
IMU1,9477,93831114,-1910,655,-1194,-604,-60,-44
IMU1,9478,93841067,-1978,915,-1365,-706,-163,-79
IMU1,9479,93851201,-2061,1154,-1525,-772,-299,-93
IMU1,9480,93861542,-2151,1391,-1716,-766,-447,-81
IMU1,9481,93871889,-2275,1646,-2007,-650,-568,-64
IMU1,9482,93882231,-2378,1841,-2213,-406,-620,-48
IMU1,9483,93892582,-2426,2017,-2264,-15,-494,-25
IMU1,9484,93902716,-2611,2140,-2087,543,-89,21
IMU1,9485,93912668,-2828,2238,-1841,1300,568,126
IMU1,9486,93923126,-2993,2398,-1772,2212,1295,303
IMU1,9487,93933799,-3063,2590,-1548,3206,1850,526
IMU1,9488,93944982,-3097,2777,-1263,5204,2249,899
IMU1,9489,93955651,-3395,2679,-812,6141,2328,1031
IMU1,9490,93966324,-3637,2576,-276,6981,2567,1209
IMU1,9491,93976985,-3771,2560,205,7666,3062,1445
IMU1,9492,93987564,-3900,2488,783,8147,3738,1707
IMU1,9493,93998154,-3953,2412,1266,8409,4421,1971
IMU1,9494,94008945,-3946,2526,1580,8460,4823,2176
IMU1,9495,94019731,-4168,2621,2191,8385,4715,2228
IMU1,9496,94030521,-4091,2190,3281,8334,4154,1824
IMU1,9497,94041301,-3894,1952,3439,8403,2269,1325
IMU1,9498,94052083,-3807,1775,3409,8389,1101,682
IMU1,9499,94062657,-3730,1522,3342,8284,-41,28
IMU1,9500,94072732,-3505,1172,3178,8045,-820,-521
IMU1,9501,94083315,-3098,827,3054,7656,-1157,-929
IMU1,9502,94093893,-2593,492,3080,7155,-1141,-1219
IMU1,9503,94104665,-2213,284,2985,6604,-979,-1436
IMU1,9504,94115236,-1954,161,2813,5996,-918,-1567
IMU1,9505,94125807,-1802,84,2498,5298,-1056,-1567
IMU1,9506,94136372,-2035,-272,2001,4480,-1209,-1009
IMU1,9507,94147216,-2138,-464,1716,2541,-1008,-455
IMU1,9508,94157870,-2068,-532,1438,1489,-790,105
IMU1,9509,94168241,-1855,-583,1196,467,-603,504
IMU1,9510,94178409,-1605,-630,1037,-477,-364,661
IMU1,9511,94188664,-1457,-660,979,-1275,-54,581
IMU1,9512,94198732,-1436,-682,1035,-1873,273,350
IMU1,9513,94209109,-1477,-695,1152,-2236,553,75
IMU1,9514,94219267,-1545,-695,1246,-2372,753,-166
IMU1,9515,94229719,-1620,-706,1297,-2337,847,-329
IMU1,9516,94240161,-1679,-670,1356,-2184,808,-415
IMU1,9517,94250592,-1673,-618,1279,-1973,654,-447
IMU1,9518,94261042,-1680,-548,1063,-1771,436,-464
IMU1,9519,94272003,-1709,-539,1011,-1500,-61,-491
IMU1,9520,94282332,-1670,-459,892,-1413,-347,-486
# swing_peak_seq=9494
IMU1,9521,94292669,-1663,-421,819,-1353,-582,-485
IMU1,9522,94303000,-1715,-423,803,-1349,-721,-461
IMU1,9523,94313346,-1795,-409,769,-1373,-786,-409
IMU1,9524,94323691,-1878,-397,678,-1444,-828,-336
IMU1,9525,94334031,-1956,-360,588,-1566,-857,-251
IMU1,9526,94344387,-2010,-318,525,-1735,-862,-163
IMU1,9527,94354730,-2055,-309,481,-1934,-836,-91
IMU1,9528,94364880,-2117,-326,482,-2140,-779,-36
IMU1,9529,94377580,-2187,-316,583,-2517,-642,28
IMU1,9530,94387636,-2171,-261,595,-2668,-629,34
IMU1,9531,94397687,-2139,-272,610,-2778,-649,4
IMU1,9532,94407541,-2130,-259,605,-2863,-689,-35
IMU1,9533,94417683,-2157,-237,563,-2930,-749,-68
IMU1,9534,94427818,-2170,-240,507,-2986,-829,-82
IMU1,9535,94437954,-2147,-195,443,-3027,-926,-79
IMU1,9536,94448106,-2186,-162,410,-3062,-1029,-80
IMU1,9537,94458435,-2195,-148,346,-3073,-1145,-69
IMU1,9538,94468779,-2205,-138,358,-3056,-1278,-45
IMU1,9539,94479124,-2152,-100,359,-2995,-1425,-7
IMU1,9540,94489272,-2096,-65,312,-2906,-1559,16
IMU1,9541,94499327,-2089,-76,281,-2807,-1660,24
IMU1,9542,94509356,-2147,-71,216,-2716,-1719,25
IMU1,9543,94519413,-2167,-85,94,-2649,-1736,39
IMU1,9544,94529255,-2123,-36,-83,-2622,-1699,62
IMU1,9545,94539189,-2104,1,-170,-2645,-1588,69
IMU1,9546,94549039,-2138,-20,-130,-2698,-1441,91
IMU1,9547,94559178,-2284,10,9,-2748,-1308,144
IMU1,9548,94569975,-2289,-17,-14,-2728,-1240,268
IMU1,9549,94580107,-2278,1,-86,-2697,-1280,316
IMU1,9550,94589950,-2256,47,-182,-2689,-1327,357
IMU1,9551,94600198,-2248,66,-314,-2693,-1338,388
IMU1,9552,94610445,-2242,88,-379,-2725,-1292,419
IMU1,9553,94620685,-2252,97,-384,-2760,-1204,460
IMU1,9554,94630929,-2228,93,-393,-2775,-1087,499
IMU1,9555,94641180,-2238,107,-333,-2766,-952,521
IMU1,9556,94651437,-2270,98,-258,-2725,-816,527
IMU1,9557,94661490,-2284,60,-201,-2639,-694,519
IMU1,9558,94671539,-2277,68,-203,-2539,-615,504
IMU1,9559,94681602,-2259,79,-228,-2418,-586,480
IMU1,9560,94691641,-2233,68,-249,-2295,-600,446
IMU1,9561,94701701,-2223,67,-230,-2180,-637,407
IMU1,9562,94711762,-2169,71,-232,-2057,-677,355
IMU1,9563,94721823,-2141,100,-234,-1935,-724,280
IMU1,9564,94732047,-2168,97,-220,-1811,-780,188
IMU1,9565,94743122,-2170,95,-248,-1560,-887,5
IMU1,9566,94752761,-2127,87,-288,-1451,-903,-80
IMU1,9567,94762689,-2067,88,-328,-1338,-884,-170
IMU1,9568,94772811,-2019,81,-356,-1248,-848,-246
IMU1,9569,94782934,-2025,97,-333,-1154,-798,-316
IMU1,9570,94793084,-2071,112,-267,-1050,-757,-346
IMU1,9571,94803424,-2109,116,-234,-923,-719,-338
IMU1,9572,94813563,-2146,110,-238,-798,-676,-300
IMU1,9573,94823716,-2172,93,-241,-681,-632,-241
IMU1,9574,94833650,-2177,35,-236,-595,-582,-165
IMU1,9575,94843592,-2144,-28,-225,-527,-509,-91
IMU1,9576,94853429,-2130,-92,-184,-480,-411,-35
IMU1,9577,94863260,-2136,-185,-77,-441,-306,-3
IMU1,9578,94872909,-2095,-277,-11,-396,-216,11
IMU1,9579,94882652,-2059,-318,74,-340,-161,-8
IMU1,9580,94892188,-2051,-336,141,-267,-152,-62
IMU1,9581,94902124,-2045,-365,149,-185,-180,-118
IMU1,9582,94912256,-2038,-357,144,-112,-224,-160
IMU1,9583,94922385,-2039,-356,128,-56,-256,-189
IMU1,9584,94932326,-2050,-378,135,-15,-275,-202
IMU1,9585,94942266,-2034,-404,131,14,-254,-203
IMU1,9586,94952112,-2005,-416,121,23,-187,-199
IMU1,9587,94961947,-1985,-414,121,10,-73,-190
IMU1,9588,94971591,-1978,-423,146,-17,54,-184
IMU1,9589,94981243,-1967,-436,168,-44,152,-190
IMU1,9590,94991079,-1957,-422,189,-61,192,-200
IMU1,9591,95000930,-1945,-423,230,-72,164,-205
IMU1,9592,95010784,-1927,-421,212,-73,92,-219
IMU1,9593,95022000,-1935,-362,195,-59,-97,-234
IMU1,9594,95031758,-1960,-362,186,-47,-145,-217
IMU1,9595,95041692,-1965,-353,173,-33,-142,-175
IMU1,9596,95051610,-1973,-369,153,-13,-85,-128
IMU1,9597,95061339,-1951,-392,151,-5,-5,-75
IMU1,9598,95070488,-1937,-415,183,0,78,-33
IMU1,9599,95079535,-1921,-441,229,12,152,-15
IMU1,9600,95089076,-1908,-454,273,24,184,-15
IMU1,9601,95099125,-1903,-478,327,57,173,-39
IMU1,9602,95108664,-1913,-490,365,91,127,-70
IMU1,9603,95118206,-1931,-492,366,129,59,-106
IMU1,9604,95127934,-1976,-486,359,158,-29,-126
IMU1,9605,95137769,-2014,-474,365,174,-106,-122
IMU1,9606,95147785,-2027,-477,358,178,-148,-85
IMU1,9607,95157617,-2013,-462,322,166,-145,-32
IMU1,9608,95167443,-1988,-462,302,136,-104,23
IMU1,9609,95177186,-1977,-478,304,88,-39,70
IMU1,9610,95186538,-1978,-494,341,44,27,101
IMU1,9611,95195982,-1989,-522,370,9,69,117
IMU1,9612,95205242,-1969,-545,396,-6,81,119
IMU1,9613,95214580,-1932,-551,415,-9,72,98
IMU1,9614,95223724,-1910,-559,411,-7,44,53
IMU1,9615,95233398,-1908,-560,400,7,-3,-8
IMU1,9616,95243264,-1925,-567,406,23,-68,-62
IMU1,9617,95252680,-1953,-549,388,42,-125,-100
IMU1,9618,95262500,-1970,-520,360,63,-158,-115
IMU1,9619,95272335,-1984,-507,324,72,-162,-105
IMU1,9620,95282160,-2000,-493,304,68,-140,-82
IMU1,9621,95291786,-2013,-497,291,48,-105,-43
IMU1,9622,95301415,-2008,-513,287,24,-47,-4
IMU1,9623,95310648,-1993,-533,300,-9,22,32
IMU1,9624,95320318,-1991,-543,313,-41,85,51
IMU1,9625,95329672,-1979,-554,333,-68,113,62
IMU1,9626,95339215,-1961,-552,342,-82,104,60
IMU1,9627,95348754,-1945,-537,346,-80,83,44
IMU1,9628,95358618,-1933,-540,339,-79,58,18
IMU1,9629,95367967,-1929,-536,324,-63,36,-15
IMU1,9630,95380143,-1932,-530,323,-48,14,-51
IMU1,9631,95389573,-1945,-537,337,-32,0,-80
IMU1,9632,95398710,-1962,-543,343,-12,-8,-94
IMU1,9633,95408041,-1980,-534,343,8,-11,-95
IMU1,9634,95417270,-1989,-532,353,26,-15,-82
IMU1,9635,95426711,-1988,-523,360,40,-26,-57
IMU1,9636,95436147,-1979,-523,354,51,-41,-31
IMU1,9637,95445600,-1967,-536,340,46,-56,-12
IMU1,9638,95455026,-1947,-545,320,32,-52,-6
IMU1,9639,95464269,-1944,-555,323,1,-37,-10
IMU1,9640,95474022,-1954,-557,340,-29,-18,-22
IMU1,9641,95483553,-1951,-562,362,-50,1,-41
IMU1,9642,95493312,-1942,-558,382,-66,1,-56
IMU1,9643,95503071,-1949,-555,399,-69,-6,-79
IMU1,9644,95512418,-1951,-553,390,-56,-31,-102
IMU1,9645,95522159,-1939,-545,362,-49,-68,-114
IMU1,9646,95531885,-1934,-535,357,-50,-98,-125
IMU1,9647,95541616,-1944,-537,348,-53,-121,-125
IMU1,9648,95551538,-1942,-528,351,-52,-121,-119
IMU1,9649,95561476,-1948,-515,348,-53,-119,-104
IMU1,9650,95571406,-1957,-508,349,-56,-114,-88
IMU1,9651,95581135,-1971,-513,342,-56,-112,-66
IMU1,9652,95590874,-1981,-517,358,-51,-101,-44
IMU1,9653,95600611,-1986,-535,383,-52,-71,-14
IMU1,9654,95610159,-1990,-548,405,-49,-31,16
IMU1,9655,95619606,-1973,-558,394,-56,-6,39
IMU1,9656,95628855,-1950,-565,378,-76,-11,47
IMU1,9657,95638291,-1934,-577,385,-96,-41,38
IMU1,9658,95647746,-1921,-580,373,-124,-72,22
IMU1,9659,95657389,-1897,-575,368,-139,-91,1
IMU1,9660,95666839,-1868,-560,348,-153,-101,-22
IMU1,9661,95676782,-1864,-551,338,-159,-114,-42
IMU1,9662,95686739,-1858,-530,334,-150,-130,-54
IMU1,9663,95696665,-1840,-509,318,-132,-146,-64
IMU1,9664,95706589,-1820,-485,286,-112,-173,-64
IMU1,9665,95716511,-1800,-456,240,-89,-206,-66
IMU1,9666,95726241,-1779,-436,204,-76,-239,-64
IMU1,9667,95735972,-1768,-402,191,-64,-255,-58
IMU1,9668,95745713,-1763,-360,154,-51,-262,-55
IMU1,9669,95755434,-1769,-295,54,-41,-301,-58
IMU1,9670,95764973,-1755,-212,-126,-43,-416,-71
IMU1,9671,95774791,-1733,-98,-305,-65,-596,-110
IMU1,9672,95784629,-1697,2,-350,-93,-791,-180
IMU1,9673,95794174,-1743,103,-419,-92,-932,-272
IMU1,9674,95804121,-1851,231,-509,-55,-970,-346
IMU1,9675,95814068,-2027,389,-720,-5,-907,-364
IMU1,9676,95823817,-2201,568,-995,39,-803,-306
IMU1,9677,95833677,-2369,751,-1254,61,-703,-183
IMU1,9678,95843735,-2538,928,-1497,51,-589,-18
IMU1,9679,95853601,-2732,1184,-1748,20,-449,157
IMU1,9680,95863742,-2897,1447,-2077,-25,-287,325
IMU1,9681,95873976,-3099,1725,-2308,-48,-82,470
IMU1,9682,95884019,-3413,1874,-2254,34,267,613
IMU1,9683,95894077,-3651,1969,-2148,309,805,775
IMU1,9684,95904342,-3598,2221,-2095,808,1458,912
IMU1,9685,95914799,-3476,2485,-1792,1519,2085,950
IMU1,9686,95925996,-3411,2656,-1473,3553,2745,796
IMU1,9687,95936670,-3430,2655,-1081,4754,2748,709
IMU1,9688,95947335,-3384,2625,-694,5963,2731,608
IMU1,9689,95957809,-3414,2524,-102,7079,2875,484
IMU1,9690,95968278,-3507,2493,434,8042,3197,371
IMU1,9691,95978662,-3608,2553,940,8785,3580,298
IMU1,9692,95989059,-3717,2606,1460,9245,3864,262
IMU1,9693,95999642,-3794,2674,1895,9441,3996,261
IMU1,9694,96010255,-3878,2736,2209,9402,3915,258
IMU1,9695,96020803,-3943,2656,3391,9136,3641,213
IMU1,9696,96031866,-3904,2501,3981,8370,2755,-164
IMU1,9697,96042525,-3841,2135,4207,7911,2265,-420
IMU1,9698,96053175,-3458,1732,4118,7287,1807,-579
IMU1,9699,96063820,-2786,1436,3949,6487,1347,-688
IMU1,9700,96074472,-2231,1176,3876,5584,870,-823
IMU1,9701,96084932,-1913,781,3877,4713,455,-944
IMU1,9702,96095198,-1781,343,3720,3957,222,-955
IMU1,9703,96105460,-1750,-16,3515,3299,192,-801
IMU1,9704,96115599,-1793,-221,3182,2688,310,-506
IMU1,9705,96125952,-1862,-354,2671,2056,418,-137
IMU1,9706,96136299,-1795,-605,1903,1342,357,233
IMU1,9707,96147070,-1695,-698,1603,-186,214,686
IMU1,9708,96157203,-1623,-730,1326,-867,240,704
IMU1,9709,96167336,-1540,-736,1166,-1418,287,598
IMU1,9710,96177687,-1496,-757,1166,-1797,327,407
IMU1,9711,96188023,-1516,-779,1238,-1960,346,175
IMU1,9712,96198370,-1570,-780,1272,-1935,305,-39
IMU1,9713,96208633,-1691,-786,1253,-1769,176,-215
IMU1,9714,96219069,-1796,-788,1217,-1532,-32,-328
IMU1,9715,96229410,-1840,-775,1122,-1275,-276,-395
IMU1,9716,96239963,-1834,-723,966,-1054,-529,-448
IMU1,9717,96250313,-1824,-667,809,-914,-748,-512
IMU1,9718,96260465,-1847,-613,702,-868,-904,-573
IMU1,9719,96270597,-1818,-515,553,-909,-1008,-611
# swing_peak_seq=9693
IMU1,9720,96281976,-1997,-501,565,-1192,-1038,-585
IMU1,9721,96292508,-2089,-431,579,-1367,-992,-478
IMU1,9722,96302835,-2080,-411,602,-1544,-904,-342
IMU1,9723,96313168,-2133,-413,674,-1725,-804,-209
IMU1,9724,96323497,-2107,-360,690,-1891,-740,-112
IMU1,9725,96333826,-2147,-340,744,-2038,-752,-68
IMU1,9726,96343964,-2204,-333,794,-2153,-812,-71
IMU1,9727,96354106,-2240,-297,779,-2242,-885,-86
IMU1,9728,96364231,-2293,-255,763,-2322,-961,-103
IMU1,9729,96374556,-2320,-201,710,-2390,-1031,-119
IMU1,9730,96387651,-2356,-191,559,-2546,-1110,-158
IMU1,9731,96398200,-2403,-169,555,-2638,-1126,-169
IMU1,9732,96408726,-2390,-149,543,-2688,-1138,-163
IMU1,9733,96419261,-2342,-110,487,-2721,-1134,-156
IMU1,9734,96429791,-2304,-71,413,-2751,-1147,-151
IMU1,9735,96440134,-2311,-65,387,-2773,-1189,-156
IMU1,9736,96450482,-2334,-72,374,-2775,-1263,-158
IMU1,9737,96460829,-2341,-40,359,-2759,-1361,-142
IMU1,9738,96471144,-2346,-41,335,-2728,-1447,-121
IMU1,9739,96481471,-2334,7,338,-2683,-1534,-94
IMU1,9740,96491308,-2289,93,305,-2619,-1641,-65
IMU1,9741,96501347,-2267,56,69,-2552,-1737,-54
IMU1,9742,96512766,-2245,130,-61,-2518,-1828,-23
IMU1,9743,96522890,-2244,127,-163,-2565,-1766,7
IMU1,9744,96532902,-2236,155,-231,-2645,-1630,52
IMU1,9745,96543138,-2280,170,-250,-2742,-1437,111
IMU1,9746,96553579,-2283,164,-289,-2833,-1218,182
IMU1,9747,96564021,-2285,191,-314,-2928,-1036,261
IMU1,9748,96574454,-2317,208,-295,-3005,-931,341
IMU1,9749,96584707,-2342,183,-285,-3052,-909,417
IMU1,9750,96594951,-2321,185,-323,-3065,-927,491
IMU1,9751,96605200,-2303,202,-366,-3058,-946,552
IMU1,9752,96615456,-2287,194,-397,-3034,-924,597
IMU1,9753,96625719,-2269,167,-415,-2985,-844,631
IMU1,9754,96635968,-2229,149,-408,-2916,-721,641
IMU1,9755,96647266,-2123,162,-457,-2722,-536,579
IMU1,9756,96657505,-2079,160,-498,-2619,-506,500
IMU1,9757,96667751,-2083,156,-468,-2506,-504,386
IMU1,9758,96677987,-2128,146,-367,-2370,-531,277
IMU1,9759,96688233,-2153,113,-311,-2186,-570,176
IMU1,9760,96698474,-2148,91,-299,-1965,-637,101
IMU1,9761,96708512,-2119,124,-318,-1730,-715,41
IMU1,9762,96718549,-2073,160,-335,-1498,-784,-13
IMU1,9763,96728678,-2085,168,-336,-1274,-832,-60
IMU1,9764,96738800,-2119,152,-299,-1075,-850,-93
IMU1,9765,96748935,-2132,123,-271,-885,-831,-117
IMU1,9766,96759057,-2123,90,-267,-708,-792,-143
IMU1,9767,96768997,-2097,25,-245,-554,-752,-175
IMU1,9768,96778911,-2064,-17,-270,-424,-715,-217
IMU1,9769,96788934,-2052,-34,-265,-333,-660,-274
IMU1,9770,96798951,-2084,-83,-231,-253,-580,-321
IMU1,9771,96808976,-2118,-130,-137,-190,-477,-339
IMU1,9772,96820228,-2162,-178,-54,-88,-267,-277
IMU1,9773,96830043,-2157,-238,16,-38,-190,-221
IMU1,9774,96839772,-2140,-285,85,16,-149,-174
IMU1,9775,96849397,-2113,-343,129,55,-163,-137
IMU1,9776,96859226,-2078,-383,129,89,-203,-132
IMU1,9777,96869055,-2040,-384,139,91,-261,-138
IMU1,9778,96878896,-2024,-396,163,88,-280,-165
IMU1,9779,96888719,-1994,-426,184,77,-257,-179
IMU1,9780,96898554,-1983,-428,221,63,-199,-176
IMU1,9781,96908387,-1968,-446,233,61,-120,-168
IMU1,9782,96918221,-1958,-464,241,58,-51,-148
IMU1,9783,96927863,-1950,-464,261,51,3,-117
IMU1,9784,96937214,-1942,-473,273,46,47,-91
IMU1,9785,96946556,-1936,-479,274,41,70,-68
IMU1,9786,96955916,-1906,-473,280,36,78,-49
IMU1,9787,96965280,-1904,-460,315,31,82,-34
IMU1,9788,96974626,-1919,-480,356,30,86,-22
IMU1,9789,96983969,-1926,-508,391,35,88,-7
IMU1,9790,96993120,-1917,-523,419,41,98,3
IMU1,9791,97002705,-1937,-530,437,37,103,8
IMU1,9792,97012474,-1950,-567,469,31,107,12
IMU1,9793,97022446,-1919,-575,454,19,106,10
IMU1,9794,97031902,-1878,-565,445,-1,93,-12
IMU1,9795,97041667,-1863,-565,450,-10,77,-56
IMU1,9796,97051103,-1835,-557,453,-23,52,-96
IMU1,9797,97060552,-1828,-535,448,-27,23,-136
IMU1,9798,97070190,-1872,-526,424,-12,4,-178
IMU1,9799,97079635,-1927,-518,402,-4,-26,-186
IMU1,9800,97089684,-1960,-488,408,1,-38,-154
IMU1,9801,97099104,-1949,-473,385,-10,-42,-87
IMU1,9802,97108639,-1939,-468,352,-17,-27,-52
IMU1,9803,97118171,-1927,-465,309,-31,-22,-18
IMU1,9804,97128228,-1902,-457,296,-50,-22,18
IMU1,9805,97137664,-1913,-470,323,-75,-8,54
IMU1,9806,97147430,-1949,-493,375,-74,25,82
IMU1,9807,97156779,-1949,-508,402,-58,47,123
IMU1,9808,97166326,-1940,-509,415,-25,55,149
IMU1,9809,97175867,-1925,-527,395,9,44,153
IMU1,9810,97185646,-1901,-528,380,37,25,127
IMU1,9811,97195092,-1875,-529,382,53,14,79
IMU1,9812,97204879,-1911,-574,377,61,-5,17
IMU1,9813,97214551,-1960,-579,350,64,-61,-32
IMU1,9814,97224006,-1944,-499,370,64,-133,-59
IMU1,9815,97233638,-2002,-538,394,63,-146,-75
IMU1,9816,97243288,-2039,-549,395,60,-124,-58
IMU1,9817,97252932,-2024,-500,363,52,-88,-27
IMU1,9818,97262377,-2024,-527,341,25,-53,0
IMU1,9819,97272475,-2024,-552,334,-11,-8,23
IMU1,9820,97281730,-1997,-548,318,-53,44,41
IMU1,9821,97291581,-1975,-553,326,-97,86,45
IMU1,9822,97300913,-1964,-560,353,-124,96,38
IMU1,9823,97310445,-1949,-538,369,-121,78,16
IMU1,9824,97320504,-1928,-527,364,-104,24,3
IMU1,9825,97329839,-1932,-520,376,-80,-26,-16
IMU1,9826,97339366,-1940,-530,378,-40,-46,-40
IMU1,9827,97348891,-1964,-539,383,-16,-41,-53
IMU1,9828,97358936,-1991,-562,377,3,-26,-58
IMU1,9829,97368180,-1992,-562,370,7,-24,-48
IMU1,9830,97377935,-1978,-549,358,-1,-37,-53
IMU1,9831,97390026,-1958,-542,360,-2,-54,-59
IMU1,9832,97399369,-1930,-524,339,-13,-80,-51
IMU1,9833,97408902,-1924,-514,326,-24,-92,-53
IMU1,9834,97418421,-1938,-523,342,-35,-103,-52
IMU1,9835,97428147,-1940,-542,373,-40,-93,-44
IMU1,9836,97437685,-1938,-549,373,-40,-63,-32
IMU1,9837,97447223,-1933,-554,359,-47,-37,-23
IMU1,9838,97456754,-1918,-556,362,-54,-38,-19
IMU1,9839,97466300,-1898,-552,347,-62,-52,-24
IMU1,9840,97475845,-1889,-536,322,-74,-73,-34
IMU1,9841,97485381,-1887,-521,295,-93,-93,-47
IMU1,9842,97494902,-1899,-515,286,-103,-105,-56
IMU1,9843,97504832,-1895,-504,260,-116,-101,-53
IMU1,9844,97514760,-1919,-508,274,-124,-79,-45
IMU1,9845,97524503,-1929,-512,290,-129,-52,-22
IMU1,9846,97534230,-1923,-500,298,-121,-32,6
IMU1,9847,97543677,-1915,-493,299,-107,-30,32
IMU1,9848,97553325,-1912,-486,311,-87,-59,57
IMU1,9849,97562771,-1904,-477,297,-62,-98,76
IMU1,9850,97572224,-1911,-469,287,-26,-133,87
IMU1,9851,97581864,-1936,-475,297,1,-143,91
IMU1,9852,97591220,-1956,-499,321,23,-135,98
IMU1,9853,97600761,-1955,-522,319,45,-114,100
IMU1,9854,97610493,-1955,-525,287,48,-92,91
IMU1,9855,97619828,-1943,-528,276,37,-76,71
IMU1,9856,97629176,-1950,-515,275,20,-57,40
IMU1,9857,97638520,-1978,-505,282,2,-41,11
IMU1,9858,97647655,-2009,-493,288,-11,-31,-8
IMU1,9859,97656992,-2058,-464,267,-12,-30,-8
IMU1,9860,97666323,-2078,-428,211,-14,-35,-3
IMU1,9861,97676171,-2098,-376,141,-21,-52,-4
IMU1,9862,97685501,-2123,-305,-1,-31,-77,-20
IMU1,9863,97695257,-2132,-241,-196,-64,-120,-42
IMU1,9864,97705076,-2123,-117,-437,-110,-172,-83
IMU1,9865,97715095,-2086,62,-601,-173,-219,-147
IMU1,9866,97725035,-2109,278,-737,-232,-236,-230
IMU1,9867,97735182,-2194,487,-963,-259,-236,-311
IMU1,9868,97745326,-2286,761,-1226,-292,-262,-354
IMU1,9869,97755665,-2364,1047,-1468,-316,-315,-343
IMU1,9870,97766216,-2448,1262,-1639,-321,-368,-285
IMU1,9871,97776759,-2592,1518,-1778,-275,-358,-186
IMU1,9872,97787299,-2831,1792,-1992,-176,-237,-48
IMU1,9873,97797643,-3013,2171,-2527,-23,-36,136
IMU1,9874,97807692,-3121,2547,-2837,201,189,337
IMU1,9875,97817952,-3170,2943,-2890,593,522,489
IMU1,9876,97828212,-3153,3204,-2669,1254,1064,565
IMU1,9877,97839389,-3474,3696,-2479,3423,2416,627
IMU1,9878,97850068,-3530,3780,-2240,4769,3013,705
IMU1,9879,97860750,-3616,3812,-1644,6176,3620,829
IMU1,9880,97871427,-3805,3618,-580,7597,4313,1012
IMU1,9881,97882119,-3832,3766,290,8966,4991,1284
IMU1,9882,97892698,-3701,3836,832,10117,5503,1536
IMU1,9883,97903504,-3953,3882,1638,10939,5605,1679
IMU1,9884,97914479,-4475,3941,2816,11490,5244,1733
IMU1,9885,97925473,-4746,3316,4463,11988,3591,1464
IMU1,9886,97936459,-4611,3073,4599,11826,2005,856
IMU1,9887,97947238,-5048,3014,4421,11379,-37,-9
IMU1,9888,97957406,-5034,3238,3646,10589,-1593,-717
IMU1,9889,97968380,-3863,3429,2925,9360,-1615,-1065
IMU1,9890,97979338,-2759,3154,2765,7810,93,-1060
IMU1,9891,97989816,-2029,2896,3044,6254,2227,-780
IMU1,9892,98000491,-1707,2543,3645,4926,3372,-410
IMU1,9893,98011148,-1791,1706,4696,3889,3658,73
IMU1,9894,98022047,-2004,-199,4485,2382,2859,1441
IMU1,9895,98032708,-1836,-741,3957,1711,1749,1881
IMU1,9896,98043379,-1764,-1082,3250,1034,462,1936
IMU1,9897,98054034,-1669,-1201,2526,341,-516,1658
IMU1,9898,98064588,-1665,-1111,1881,-367,-914,1164
IMU1,9899,98075238,-1760,-948,1382,-1050,-864,576
IMU1,9900,98085689,-1802,-710,1039,-1636,-639,-6
IMU1,9901,98095840,-1822,-559,1066,-2064,-360,-496
IMU1,9902,98106395,-1830,-497,1246,-2277,-28,-829
IMU1,9903,98116745,-1853,-425,1401,-2279,238,-1005
IMU1,9904,98127920,-1907,-299,1385,-1976,95,-1043
IMU1,9905,98138380,-1888,-287,1205,-1829,-257,-1012
IMU1,9906,98149131,-1878,-294,1052,-1728,-670,-1001
IMU1,9907,98159879,-1914,-239,1011,-1691,-1009,-987
IMU1,9908,98170640,-1986,-174,963,-1668,-1194,-956
IMU1,9909,98181197,-2140,-185,987,-1666,-1267,-906
IMU1,9910,98191744,-2280,-176,999,-1679,-1280,-829
# swing_peak_seq=9884
IMU1,9911,98202291,-2276,-82,887,-1727,-1293,-734
IMU1,9912,98212632,-2215,27,684,-1856,-1312,-665
IMU1,9913,98222893,-2440,-18,624,-2060,-1306,-639
IMU1,9914,98233771,-2487,-32,599,-2487,-1346,-530
IMU1,9915,98244131,-2484,-47,704,-2675,-1285,-459
IMU1,9916,98254476,-2429,81,766,-2820,-1140,-385
IMU1,9917,98264735,-2433,44,793,-2945,-976,-348
IMU1,9918,98274803,-2426,113,832,-3052,-894,-349
IMU1,9919,98285066,-2478,167,808,-3145,-911,-376
IMU1,9920,98295335,-2516,146,691,-3247,-988,-409
IMU1,9921,98305598,-2514,173,533,-3361,-1099,-435
IMU1,9922,98316023,-2479,207,418,-3477,-1203,-433
IMU1,9923,98326448,-2370,248,309,-3578,-1262,-409
IMU1,9924,98336873,-2379,135,244,-3656,-1282,-387
IMU1,9925,98347294,-2414,144,173,-3707,-1316,-343
IMU1,9926,98357717,-2400,206,-41,-3720,-1386,-270
IMU1,9927,98368562,-2454,213,-123,-3662,-1502,-72
IMU1,9928,98378883,-2471,237,-157,-3612,-1501,78
IMU1,9929,98391679,-2407,254,-216,-3550,-1458,224
IMU1,9930,98402115,-2326,221,-307,-3492,-1395,328
IMU1,9931,98412548,-2255,194,-356,-3450,-1348,370
IMU1,9932,98422979,-2199,204,-456,-3409,-1339,356
IMU1,9933,98433413,-2188,197,-514,-3368,-1347,304
IMU1,9934,98443842,-2184,198,-498,-3322,-1330,245
IMU1,9935,98454787,-2241,253,-502,-3185,-1146,182
IMU1,9936,98465229,-2260,258,-513,-3110,-986,194
IMU1,9937,98475475,-2245,252,-563,-3044,-819,212
IMU1,9938,98485711,-2221,272,-603,-3001,-682,235
IMU1,9939,98495959,-2189,277,-641,-2969,-604,242
IMU1,9940,98506208,-2152,277,-672,-2940,-596,229
IMU1,9941,98516461,-2184,309,-670,-2898,-619,199
IMU1,9942,98526705,-2148,301,-685,-2846,-618,168
IMU1,9943,98536953,-2087,324,-685,-2772,-573,137
IMU1,9944,98547191,-2100,342,-665,-2686,-507,100
IMU1,9945,98557440,-2139,357,-670,-2585,-455,68
IMU1,9946,98567479,-2130,340,-719,-2480,-451,48
IMU1,9947,98577513,-2072,289,-653,-2357,-480,40
IMU1,9948,98587548,-2072,261,-528,-2203,-502,22
IMU1,9949,98597582,-2066,204,-456,-2003,-519,5
IMU1,9950,98608979,-2056,211,-471,-1551,-610,-66
IMU1,9951,98619117,-2045,208,-524,-1350,-674,-103
IMU1,9952,98629448,-2047,169,-541,-1186,-713,-148
IMU1,9953,98639779,-2057,125,-515,-1060,-721,-179
IMU1,9954,98650106,-2028,89,-469,-946,-714,-205
IMU1,9955,98660036,-1987,80,-454,-841,-717,-241
IMU1,9956,98669962,-1955,48,-396,-733,-735,-291
IMU1,9957,98679903,-1949,-7,-315,-614,-750,-349
IMU1,9958,98689751,-1966,-45,-244,-474,-729,-404
IMU1,9959,98699768,-2058,-94,-195,-323,-676,-446
IMU1,9960,98709793,-2118,-124,-220,-173,-620,-434
IMU1,9961,98720024,-2053,-70,-286,-58,-564,-375
IMU1,9962,98729831,-2082,-120,-287,-4,-465,-309
IMU1,9963,98739648,-2036,-151,-275,-4,-309,-231
IMU1,9964,98749472,-2034,-166,-272,-31,-131,-161
IMU1,9965,98759488,-2072,-214,-206,-80,24,-101
IMU1,9966,98769213,-2083,-208,-143,-119,139,-42
IMU1,9967,98779131,-2104,-229,-42,-139,215,18
IMU1,9968,98788767,-2120,-281,70,-130,265,79
IMU1,9969,98798318,-2108,-335,165,-94,291,133
IMU1,9970,98808060,-2084,-401,218,-39,275,167
IMU1,9971,98817788,-2045,-430,212,22,207,166
IMU1,9972,98827410,-1990,-457,208,68,92,130
IMU1,9973,98836854,-1950,-472,192,102,-31,62
IMU1,9974,98846385,-1922,-453,184,128,-125,-22
IMU1,9975,98856216,-1934,-450,183,148,-179,-103
IMU1,9976,98866244,-1969,-446,196,169,-204,-164
IMU1,9977,98876267,-2001,-456,207,189,-216,-189
IMU1,9978,98886299,-2033,-474,231,214,-211,-197
IMU1,9979,98897378,-2028,-478,224,238,-213,-156
IMU1,9980,98907418,-2005,-472,194,238,-211,-141
IMU1,9981,98917459,-1998,-472,178,220,-225,-127
IMU1,9982,98927504,-1964,-467,170,190,-231,-120
IMU1,9983,98937541,-1972,-454,162,156,-217,-115
IMU1,9984,98947588,-1981,-447,166,113,-169,-103
IMU1,9985,98957614,-1956,-437,175,72,-88,-82
IMU1,9986,98967053,-1982,-477,199,35,1,-60
IMU1,9987,98976195,-1993,-493,268,11,72,-35
IMU1,9988,98985530,-1931,-466,265,11,100,-12
IMU1,9989,98995067,-1967,-498,269,13,107,-21
IMU1,9990,99004612,-2008,-509,290,15,83,-27
IMU1,9991,99013959,-1984,-483,278,20,24,-19
IMU1,9992,99023307,-1980,-471,266,20,-20,-7
IMU1,9993,99032556,-1994,-460,246,15,-21,3
IMU1,9994,99041709,-2011,-456,229,9,-5,13
IMU1,9995,99051169,-1999,-443,214,-10,1,34
IMU1,9996,99060846,-1980,-434,208,-22,15,40
IMU1,9997,99070707,-1977,-431,216,-38,33,41
IMU1,9998,99080073,-1983,-443,237,-42,47,41
IMU1,9999,99089933,-1984,-448,246,-26,42,34
IMU1,10000,99099272,-1997,-440,268,-5,17,32
IMU1,10001,99109137,-1988,-444,272,26,-16,28
IMU1,10002,99118678,-1982,-458,270,63,-46,24
IMU1,10003,99128232,-1958,-420,266,84,-64,15
IMU1,10004,99137766,-1948,-430,262,109,-69,-6
IMU1,10005,99147390,-1955,-461,253,130,-88,-32
IMU1,10006,99157227,-1964,-454,217,145,-111,-54
IMU1,10007,99167261,-2007,-475,209,143,-117,-64
IMU1,10008,99177296,-2009,-426,178,133,-105,-57
IMU1,10009,99187320,-2015,-415,168,105,-73,-35
IMU1,10010,99197147,-2007,-413,160,67,-15,-7
IMU1,10011,99206588,-2005,-420,159,23,42,23
IMU1,10012,99216007,-2003,-437,162,-10,87,44
IMU1,10013,99225515,-1997,-449,176,-33,112,60
IMU1,10014,99235265,-1991,-466,209,-43,130,69
IMU1,10015,99244997,-1988,-487,238,-39,142,74
IMU1,10016,99254733,-1988,-494,247,-11,135,67
IMU1,10017,99264465,-1977,-499,247,21,103,49
IMU1,10018,99274094,-1969,-498,246,52,51,17
IMU1,10019,99283536,-1958,-496,229,79,-2,-24
IMU1,10020,99292970,-1970,-489,216,93,-39,-63
IMU1,10021,99302594,-1980,-476,209,101,-52,-95
IMU1,10022,99312421,-1981,-464,196,99,-52,-109
IMU1,10023,99322256,-1983,-455,194,90,-41,-111
IMU1,10024,99332093,-2005,-450,216,75,-32,-98
IMU1,10025,99341714,-2019,-468,236,64,-28,-76
IMU1,10026,99351346,-2009,-493,246,50,-24,-45
IMU1,10027,99360972,-2013,-497,240,41,-17,-17
IMU1,10028,99370585,-2007,-507,234,26,-12,9
IMU1,10029,99379912,-1992,-501,224,9,-8,28
IMU1,10030,99389050,-1971,-487,228,-11,5,34
IMU1,10031,99401147,-1963,-492,224,-28,23,29
IMU1,10032,99410679,-1960,-489,234,-46,27,19
IMU1,10033,99420210,-1978,-496,257,-58,9,6
IMU1,10034,99429352,-1977,-510,254,-64,-22,-6
IMU1,10035,99438898,-1988,-509,254,-62,-55,-19
IMU1,10036,99448633,-2002,-505,246,-63,-90,-30
IMU1,10037,99458369,-1997,-508,223,-64,-108,-38
IMU1,10038,99468298,-1994,-503,205,-68,-96,-47
IMU1,10039,99478034,-1993,-500,206,-75,-70,-55
IMU1,10040,99487778,-1988,-488,208,-79,-54,-59
IMU1,10041,99497515,-1989,-484,218,-81,-53,-61
IMU1,10042,99507251,-2000,-478,226,-78,-59,-57
IMU1,10043,99516982,-1998,-480,224,-65,-73,-46
IMU1,10044,99526723,-1988,-476,219,-50,-94,-37
IMU1,10045,99536458,-1973,-479,213,-39,-113,-32
IMU1,10046,99546384,-1960,-481,221,-32,-114,-31
IMU1,10047,99556310,-1959,-485,228,-29,-97,-31
IMU1,10048,99566043,-1951,-481,222,-28,-82,-29
IMU1,10049,99575772,-1944,-465,213,-30,-80,-34
IMU1,10050,99585509,-1933,-452,193,-39,-93,-36
IMU1,10051,99595241,-1934,-429,161,-49,-107,-37
IMU1,10052,99605163,-1937,-415,133,-67,-109,-28
IMU1,10053,99615087,-1942,-399,106,-89,-98,-7
IMU1,10054,99624608,-1937,-385,92,-103,-77,17
IMU1,10055,99634236,-1945,-362,91,-111,-55,46
IMU1,10056,99643874,-1935,-354,73,-114,-33,75
IMU1,10057,99653513,-1933,-343,46,-112,-13,93
IMU1,10058,99663145,-1968,-303,11,-108,-10,97
IMU1,10059,99672779,-2024,-276,-4,-98,-15,103
IMU1,10060,99682314,-2078,-228,-80,-98,-10,121
IMU1,10061,99692041,-2105,-166,-277,-105,-23,148
IMU1,10062,99702160,-2149,-66,-537,-149,-72,168
IMU1,10063,99712092,-2133,84,-833,-230,-132,188
IMU1,10064,99722113,-2045,192,-1001,-328,-132,181
IMU1,10065,99732542,-2015,525,-1113,-391,-25,142
IMU1,10066,99743826,-2179,639,-1132,-340,363,103
IMU1,10067,99754181,-2287,763,-1175,-204,497,171
IMU1,10068,99764528,-2355,900,-1246,-30,568,297
IMU1,10069,99774679,-2400,1004,-1299,173,587,452
IMU1,10070,99785132,-2445,1069,-1282,400,591,613
IMU1,10071,99795583,-2468,1115,-1288,671,620,759
IMU1,10072,99806047,-2462,1146,-1301,978,689,872
IMU1,10073,99816507,-2423,1205,-1353,1303,824,942
IMU1,10074,99827165,-2343,1255,-1294,1635,1027,954
IMU1,10075,99838040,-2317,1316,-1153,1997,1259,912
IMU1,10076,99849449,-2425,1364,-723,2880,1563,759
IMU1,10077,99860094,-2459,1386,-590,3388,1534,686
IMU1,10078,99870749,-2439,1430,-593,3888,1390,596
IMU1,10079,99881409,-2417,1476,-608,4326,1192,479
IMU1,10080,99892068,-2411,1474,-550,4678,1035,348
IMU1,10081,99902717,-2433,1477,-486,4976,993,222
IMU1,10082,99913178,-2507,1487,-467,5224,1063,125
IMU1,10083,99923829,-2532,1485,-407,5422,1252,74
IMU1,10084,99934291,-2556,1545,-125,5579,1596,63
IMU1,10085,99945291,-2684,1688,167,5847,2547,179
IMU1,10086,99955821,-2801,1729,486,6006,2940,304
IMU1,10087,99966371,-2951,1743,851,6185,3138,458
IMU1,10088,99976949,-3082,1681,1233,6381,3069,622
IMU1,10089,99987723,-3112,1661,1489,6587,2754,741
IMU1,10090,99998482,-3124,1570,1686,6754,2268,777
IMU1,10091,100009248,-3082,1371,1769,6852,1705,722
IMU1,10092,100020188,-2916,1132,1808,6850,1109,563
IMU1,10093,100031136,-2769,877,1746,6736,75,18
IMU1,10094,100041813,-2668,719,1772,6168,-220,-239
IMU1,10095,100052554,-2468,572,1914,5773,-387,-459
IMU1,10096,100063301,-2283,447,2191,5385,-523,-647
IMU1,10097,100074049,-2157,244,2420,5053,-643,-805
IMU1,10098,100084788,-2064,61,2509,4747,-743,-895
IMU1,10099,100095345,-2013,-80,2486,4411,-771,-886
IMU1,10100,100105998,-1998,-223,2388,3990,-692,-766
IMU1,10101,100116857,-2059,-306,2271,3446,-568,-547
IMU1,10102,100128212,-2118,-492,2099,2034,-473,32
IMU1,10103,100138745,-1961,-600,2054,1240,-497,262
IMU1,10104,100149487,-1759,-640,1984,438,-459,360
IMU1,10105,100160022,-1621,-663,1891,-334,-340,324
IMU1,10106,100170624,-1588,-669,1790,-1043,-195,195
IMU1,10107,100181452,-1652,-662,1778,-1649,-59,49
IMU1,10108,100191873,-1741,-692,1813,-2117,63,-63
IMU1,10109,100202321,-1811,-683,1818,-2442,118,-126
IMU1,10110,100213147,-1836,-628,1784,-2648,67,-153
IMU1,10111,100224308,-1874,-540,1768,-2811,-203,-175
IMU1,10112,100235231,-1869,-445,1721,-2813,-348,-172
IMU1,10113,100246160,-1873,-299,1636,-2784,-449,-190
IMU1,10114,100257096,-1878,-196,1554,-2764,-524,-217
IMU1,10115,100268037,-1877,-131,1440,-2771,-601,-239
# swing_peak_seq=10089
IMU1,10116,100278979,-1946,-40,1356,-2808,-704,-250
IMU1,10117,100289711,-2023,37,1254,-2869,-845,-233
IMU1,10118,100300350,-2143,130,1077,-2957,-990,-104
IMU1,10119,100311205,-2174,165,999,-3207,-1222,-26
IMU1,10120,100321835,-2156,192,931,-3341,-1345,50
IMU1,10121,100332384,-2139,208,831,-3459,-1440,88
IMU1,10122,100342928,-2127,240,702,-3574,-1510,114
IMU1,10123,100353684,-2105,267,595,-3674,-1549,142
IMU1,10124,100364415,-2116,276,526,-3753,-1555,181
IMU1,10125,100375162,-2123,313,411,-3805,-1554,229
IMU1,10126,100385912,-2163,328,295,-3835,-1578,285
IMU1,10127,100396664,-2216,369,99,-3862,-1628,424
IMU1,10128,100409758,-2233,389,-20,-3903,-1613,494
IMU1,10129,100420391,-2245,412,-131,-3928,-1580,555
IMU1,10130,100431235,-2262,424,-238,-3946,-1553,608
IMU1,10131,100442090,-2264,435,-343,-3961,-1530,647
IMU1,10132,100452924,-2264,436,-373,-3968,-1487,671
IMU1,10133,100463769,-2278,418,-370,-3952,-1411,680
IMU1,10134,100474618,-2308,441,-340,-3870,-1283,650
IMU1,10135,100485460,-2321,499,-435,-3799,-1263,590
IMU1,10136,100496301,-2364,503,-580,-3729,-1269,520
IMU1,10137,100507147,-2434,447,-624,-3681,-1265,456
IMU1,10138,100517994,-2510,359,-513,-3612,-1204,422
IMU1,10139,100528845,-2500,342,-443,-3498,-1054,415
IMU1,10140,100539679,-2461,367,-460,-3353,-867,414
IMU1,10141,100550328,-2468,431,-505,-3203,-714,391
IMU1,10142,100560982,-2477,457,-463,-2909,-637,381
IMU1,10143,100571623,-2471,502,-460,-2761,-723,366
IMU1,10144,100582268,-2457,554,-539,-2621,-880,325
IMU1,10145,100592918,-2453,500,-557,-2472,-1079,272
IMU1,10146,100603775,-2449,394,-488,-2311,-1229,217
IMU1,10147,100614623,-2412,278,-396,-2118,-1261,175
IMU1,10148,100625460,-2369,195,-354,-1887,-1153,132
IMU1,10149,100636304,-2320,179,-367,-1645,-950,80
IMU1,10150,100647264,-2295,212,-371,-1204,-547,-44
IMU1,10151,100657798,-2300,200,-372,-1030,-436,-103
IMU1,10152,100668540,-2308,185,-342,-887,-406,-146
IMU1,10153,100679073,-2280,152,-310,-766,-406,-184
IMU1,10154,100689616,-2230,109,-278,-662,-412,-220
IMU1,10155,100700148,-2191,49,-231,-573,-410,-263
IMU1,10156,100710500,-2193,-7,-186,-481,-398,-315
IMU1,10157,100720735,-2196,-84,-155,-387,-371,-364
IMU1,10158,100731167,-2144,-143,-147,-304,-319,-404
IMU1,10159,100741813,-2086,-152,-123,-242,-253,-441
IMU1,10160,100752436,-2033,-218,16,-187,-196,-517
IMU1,10161,100762771,-2037,-242,61,-22,-266,-543
IMU1,10162,100772895,-2029,-251,100,88,-390,-554
IMU1,10163,100783128,-2022,-259,117,200,-505,-555
IMU1,10164,100793568,-2021,-270,96,287,-570,-541
IMU1,10165,100803821,-2025,-293,72,346,-572,-523
IMU1,10166,100814055,-2005,-316,64,369,-507,-491
IMU1,10167,100824287,-1963,-329,51,361,-379,-445
IMU1,10168,100834514,-1918,-338,57,319,-192,-401
IMU1,10169,100844759,-1905,-361,118,259,7,-359
IMU1,10170,100854707,-1925,-391,191,200,162,-318
IMU1,10171,100865049,-1944,-388,223,163,239,-273
IMU1,10172,100875371,-1929,-376,253,141,235,-220
IMU1,10173,100885706,-1920,-374,310,128,189,-167
IMU1,10174,100896036,-1909,-452,377,124,148,-114
IMU1,10175,100907406,-1924,-507,398,143,131,-20
IMU1,10176,100917549,-1926,-532,367,155,144,15
IMU1,10177,100927601,-1915,-519,374,175,175,35
IMU1,10178,100937650,-1886,-515,378,179,226,55
IMU1,10179,100947690,-1900,-525,443,174,304,62
IMU1,10180,100957736,-1927,-539,463,177,386,69
IMU1,10181,100967788,-1944,-540,424,173,431,77
IMU1,10182,100977824,-1927,-529,416,147,421,83
IMU1,10183,100987860,-1898,-523,401,106,388,76
IMU1,10184,100997906,-1878,-534,413,60,349,54
IMU1,10185,101007757,-1886,-553,413,19,303,22
IMU1,10186,101017608,-1881,-562,411,-17,240,-7
IMU1,10187,101027427,-1867,-546,407,-40,173,-41
IMU1,10188,101037463,-1898,-537,433,-48,118,-77
IMU1,10189,101047512,-1966,-557,453,-40,66,-95
IMU1,10190,101057366,-2005,-539,450,-10,14,-82
IMU1,10191,101067201,-2005,-503,424,25,-29,-44
IMU1,10192,101077037,-1985,-492,389,57,-45,8
IMU1,10193,101086592,-1964,-495,333,72,-27,52
IMU1,10194,101096347,-1954,-495,279,61,6,78
IMU1,10195,101105801,-1949,-499,260,36,29,91
IMU1,10196,101115456,-1936,-491,249,4,39,95
IMU1,10197,101124917,-1936,-494,252,-21,58,87
IMU1,10198,101134653,-1908,-495,263,-40,80,80
IMU1,10199,101144395,-1880,-469,268,-43,99,57
IMU1,10200,101154142,-1863,-454,265,-37,96,20
IMU1,10201,101163888,-1878,-472,271,-21,66,-29
IMU1,10202,101173734,-1925,-492,289,10,5,-71
IMU1,10203,101183275,-1983,-504,299,48,-76,-85
IMU1,10204,101193122,-1974,-457,278,91,-153,-67
IMU1,10205,101203163,-1953,-432,234,124,-193,-33
IMU1,10206,101213405,-1951,-436,203,145,-179,2
IMU1,10207,101224387,-1976,-479,210,121,-37,73
IMU1,10208,101234329,-1989,-499,250,100,53,97
IMU1,10209,101244179,-1999,-512,288,88,133,94
IMU1,10210,101254032,-2015,-528,328,89,177,84
IMU1,10211,101263871,-2024,-537,342,92,187,70
IMU1,10212,101273726,-2033,-530,343,104,169,52
IMU1,10213,101283762,-2049,-520,320,104,145,29
IMU1,10214,101293804,-2048,-524,296,98,116,6
IMU1,10215,101303460,-2054,-514,281,85,84,-14
IMU1,10216,101313210,-2047,-504,269,73,48,-28
IMU1,10217,101322959,-2039,-495,286,70,23,-43
IMU1,10218,101332712,-2018,-494,277,76,5,-56
IMU1,10219,101342273,-2004,-483,264,91,-11,-71
IMU1,10220,101352119,-2000,-482,259,109,-18,-85
IMU1,10221,101362155,-1993,-488,252,128,-6,-102
IMU1,10222,101372202,-1988,-478,251,139,25,-116
IMU1,10223,101382358,-1988,-469,243,145,69,-128
IMU1,10224,101392505,-1991,-471,235,146,106,-134
IMU1,10225,101402852,-2001,-469,239,139,124,-131
IMU1,10226,101415753,-1955,-486,242,132,131,-130
IMU1,10227,101426622,-1920,-489,237,124,140,-145
IMU1,10228,101436966,-1900,-501,236,125,133,-171
IMU1,10229,101447317,-1897,-490,241,132,109,-201
IMU1,10230,101457660,-1900,-482,252,147,75,-228
IMU1,10231,101467813,-1946,-480,293,170,44,-242
IMU1,10232,101477961,-1998,-485,319,210,21,-226
IMU1,10233,101488126,-2012,-484,311,254,14,-183
IMU1,10234,101498270,-1999,-476,308,287,16,-124
IMU1,10235,101508433,-1981,-487,286,308,36,-76
IMU1,10236,101518390,-1968,-496,255,310,63,-43
IMU1,10237,101528358,-1952,-497,228,295,91,-29
