# label=BP
IMU1,22568,227789988,-362,-150,1980,-48,14,-161
IMU1,22569,227800021,-354,-160,1983,-56,1,-172
IMU1,22570,227809852,-353,-172,1988,-55,-9,-188
IMU1,22571,227819788,-349,-176,2001,-45,-14,-203
IMU1,22572,227830955,-334,-170,2004,-38,-31,-230
IMU1,22573,227841099,-334,-169,2010,-27,-43,-244
IMU1,22574,227851204,-333,-167,2009,-17,-53,-249
IMU1,22575,227861313,-339,-167,2011,-13,-45,-249
IMU1,22576,227871428,-340,-168,2019,-15,-33,-238
IMU1,22577,227881554,-338,-176,2025,-17,-18,-222
IMU1,22578,227891681,-336,-183,2030,-12,-5,-205
IMU1,22579,227901601,-337,-188,2030,-9,8,-184
IMU1,22580,227911230,-333,-193,2029,-11,17,-167
IMU1,22581,227921261,-329,-202,2024,-15,26,-160
IMU1,22582,227931289,-325,-205,2019,-21,34,-156
IMU1,22583,227941322,-318,-217,2011,-20,25,-162
IMU1,22584,227951365,-315,-225,2014,-24,5,-173
IMU1,22585,227961206,-319,-230,2006,-27,3,-188
IMU1,22586,227971050,-319,-234,2023,-24,5,-199
IMU1,22587,227980897,-334,-212,2043,-17,10,-206
IMU1,22588,227990925,-353,-229,2033,-7,25,-201
IMU1,22589,228000771,-353,-237,2020,-11,41,-190
IMU1,22590,228010801,-333,-219,2023,-16,46,-182
IMU1,22591,228020830,-332,-218,2031,-29,42,-186
IMU1,22592,228033602,-315,-228,2013,-57,-9,-211
IMU1,22593,228043536,-318,-229,2017,-75,-34,-224
IMU1,22594,228053682,-319,-234,1999,-81,-47,-241
IMU1,22595,228063824,-328,-234,1996,-87,-65,-258
IMU1,22596,228073976,-314,-248,2007,-82,-92,-271
IMU1,22597,228084106,-304,-255,1998,-67,-97,-285
IMU1,22598,228094241,-303,-267,1998,-55,-90,-291
IMU1,22599,228104385,-292,-272,2002,-42,-90,-296
IMU1,22600,228114513,-290,-270,2011,-23,-92,-295
IMU1,22601,228124649,-290,-273,2022,-8,-82,-291
IMU1,22602,228134583,-293,-276,2020,5,-74,-279
IMU1,22603,228144424,-286,-277,2029,11,-71,-258
IMU1,22604,228154465,-288,-278,2034,10,-60,-233
IMU1,22605,228164500,-288,-278,2033,3,-50,-202
IMU1,22606,228174327,-290,-274,2034,-11,-43,-173
IMU1,22607,228184452,-280,-276,2043,-28,-40,-148
IMU1,22608,228194577,-285,-280,2046,-50,-45,-121
IMU1,22609,228205738,-283,-304,2055,-62,-48,-89
IMU1,22610,228215673,-281,-312,2061,-70,-44,-68
IMU1,22611,228225625,-284,-319,2059,-70,-45,-51
IMU1,22612,228235558,-274,-327,2051,-64,-42,-61
IMU1,22613,228245492,-275,-322,2049,-63,-46,-63
IMU1,22614,228255424,-271,-323,2048,-60,-44,-67
IMU1,22615,228265356,-271,-324,2053,-60,-43,-71
IMU1,22616,228275293,-280,-315,2053,-57,-45,-72
IMU1,22617,228285227,-281,-312,2053,-53,-46,-71
IMU1,22618,228295174,-282,-314,2045,-47,-52,-70
IMU1,22619,228305124,-274,-310,2039,-49,-58,-64
IMU1,22620,228315071,-266,-310,2034,-53,-62,-60
IMU1,22621,228325022,-266,-307,2035,-57,-62,-65
IMU1,22622,228334969,-262,-307,2040,-54,-66,-70
IMU1,22623,228344917,-271,-309,2043,-51,-76,-70
IMU1,22624,228354874,-272,-303,2040,-49,-81,-66
IMU1,22625,228364806,-272,-303,2035,-43,-86,-64
IMU1,22626,228374728,-268,-298,2030,-40,-87,-57
IMU1,22627,228384661,-275,-298,2020,-42,-77,-49
IMU1,22628,228394593,-268,-297,2022,-45,-69,-35
IMU1,22629,228404525,-266,-289,2032,-48,-66,-23
IMU1,22630,228414445,-259,-293,2039,-43,-67,-14
IMU1,22631,228424377,-266,-297,2048,-32,-61,-5
IMU1,22632,228434112,-270,-298,2049,-21,-55,11
IMU1,22633,228443951,-271,-294,2049,-12,-47,31
IMU1,22634,228453803,-274,-297,2039,-7,-31,50
IMU1,22635,228463461,-277,-291,2034,0,-16,68
IMU1,22636,228472920,-274,-286,2035,-9,-7,92
IMU1,22637,228482378,-271,-280,2033,-15,-6,111
IMU1,22638,228492217,-267,-285,2041,-12,-5,112
IMU1,22639,228502056,-271,-297,2042,-11,-7,112
IMU1,22640,228511904,-270,-303,2051,-10,-2,104
IMU1,22641,228523321,-286,-305,2058,8,6,103
IMU1,22642,228532778,-286,-302,2052,13,11,113
IMU1,22643,228542635,-284,-298,2047,19,10,121
IMU1,22644,228552492,-278,-291,2041,21,12,120
IMU1,22645,228562343,-288,-296,2041,18,8,121
IMU1,22646,228571982,-289,-297,2049,13,7,119
IMU1,22647,228581636,-290,-300,2044,9,1,118
IMU1,22648,228591094,-290,-303,2041,8,-7,116
IMU1,22649,228600653,-287,-302,2031,5,-11,112
IMU1,22650,228610398,-297,-303,2029,7,-12,102
IMU1,22651,228620148,-302,-304,2024,7,-17,101
IMU1,22652,228629901,-300,-306,2027,6,-19,101
IMU1,22653,228639656,-302,-308,2030,9,-10,96
IMU1,22654,228649219,-309,-307,2038,10,-7,99
IMU1,22655,228658769,-317,-308,2044,17,-3,100
IMU1,22656,228668531,-321,-309,2046,30,1,104
IMU1,22657,228678187,-322,-307,2029,31,6,110
IMU1,22658,228687849,-320,-307,2023,33,12,111
IMU1,22659,228697702,-328,-300,2041,36,17,112
IMU1,22660,228707553,-325,-296,2038,34,27,118
IMU1,22661,228717416,-332,-297,2028,38,27,122
IMU1,22662,228727280,-334,-296,2021,32,20,129
IMU1,22663,228737128,-319,-308,2027,23,14,135
IMU1,22664,228746981,-321,-309,2031,18,21,132
IMU1,22665,228756834,-322,-319,2037,15,28,129
IMU1,22666,228766687,-325,-317,2038,17,28,122
IMU1,22667,228776541,-318,-310,2044,19,26,115
IMU1,22668,228786404,-321,-305,2047,21,26,107
IMU1,22669,228796255,-330,-293,2040,22,20,101
IMU1,22670,228806112,-336,-294,2026,25,13,97
IMU1,22671,228815761,-339,-287,2016,20,5,100
IMU1,22672,228825407,-336,-278,2006,15,7,104
IMU1,22673,228835060,-334,-272,2000,11,13,104
IMU1,22674,228844911,-338,-267,2011,8,14,105
IMU1,22675,228854555,-342,-272,2029,14,19,103
IMU1,22676,228864408,-343,-284,2026,24,20,104
IMU1,22677,228874236,-349,-283,2024,29,17,110
IMU1,22678,228884093,-343,-287,2017,31,19,111
IMU1,22679,228893942,-335,-284,2017,30,24,110
IMU1,22680,228903793,-337,-282,2016,25,33,106
IMU1,22681,228913644,-337,-284,2017,22,41,97
IMU1,22682,228923295,-325,-283,2020,18,34,86
IMU1,22683,228932943,-319,-276,2021,22,26,67
IMU1,22684,228942604,-320,-268,2016,24,18,44
IMU1,22685,228952252,-321,-270,2013,30,11,24
IMU1,22686,228961910,-321,-261,2015,40,4,6
IMU1,22687,228971171,-312,-251,2009,45,-13,-7
IMU1,22688,228980821,-304,-246,2009,49,-32,-21
IMU1,22689,228990654,-298,-249,2009,51,-50,-25
IMU1,22690,229000502,-293,-248,2003,49,-56,-26
IMU1,22691,229010341,-287,-244,2008,54,-57,-18
IMU1,22692,229020186,-294,-247,2012,53,-53,-3
IMU1,22693,229029832,-303,-248,2016,57,-37,16
IMU1,22694,229042347,-316,-250,2023,73,10,73
IMU1,22695,229052023,-319,-248,2029,74,38,108
IMU1,22696,229061883,-319,-244,2026,75,54,132
IMU1,22697,229071748,-315,-248,2036,73,60,149
IMU1,22698,229081617,-307,-260,2041,67,57,158
IMU1,22699,229091471,-309,-261,2037,59,47,159
IMU1,22700,229101340,-309,-273,2034,54,33,150
IMU1,22701,229111218,-305,-272,2036,50,18,136
IMU1,22702,229121092,-314,-274,2037,42,5,122
IMU1,22703,229130751,-323,-280,2039,44,0,105
IMU1,22704,229140304,-332,-275,2049,45,-5,98
IMU1,22705,229149864,-340,-262,2050,47,-1,88
IMU1,22706,229159423,-348,-257,2051,47,4,89
IMU1,22707,229168888,-355,-253,2043,48,9,97
IMU1,22708,229178350,-363,-243,2039,48,11,105
IMU1,22709,229188206,-363,-243,2024,44,8,113
IMU1,22710,229197861,-352,-244,2018,39,6,115
IMU1,22711,229207527,-345,-246,2013,30,-2,114
IMU1,22712,229217286,-347,-246,2009,19,-10,104
IMU1,22713,229227222,-342,-249,2004,11,-23,87
IMU1,22714,229236970,-340,-250,1999,6,-45,70
IMU1,22715,229246534,-342,-251,1999,6,-62,55
IMU1,22716,229256108,-346,-255,1991,12,-67,43
IMU1,22717,229265864,-355,-251,1999,23,-58,41
IMU1,22718,229275630,-366,-242,2007,38,-33,43
IMU1,22719,229285388,-382,-232,2000,52,-8,56
IMU1,22720,229294952,-382,-227,1995,59,15,74
IMU1,22721,229304618,-375,-228,1985,64,31,89
IMU1,22722,229314280,-371,-232,1981,63,41,97
IMU1,22723,229323948,-365,-241,1990,57,55,94
IMU1,22724,229333622,-371,-243,2003,53,68,83
IMU1,22725,229343286,-381,-250,2021,56,68,66
IMU1,22726,229352958,-385,-255,2032,61,57,48
IMU1,22727,229362635,-383,-252,2028,66,46,28
IMU1,22728,229372305,-376,-245,2032,68,28,8
IMU1,22729,229381784,-376,-232,2018,62,5,-12
IMU1,22730,229391308,-372,-233,2021,49,-20,-31
IMU1,22731,229401141,-374,-225,2024,35,-38,-43
IMU1,22732,229410972,-373,-220,2029,26,-41,-49
IMU1,22733,229420799,-375,-223,2026,16,-40,-49
IMU1,22734,229430636,-370,-229,2030,8,-39,-47
IMU1,22735,229440272,-367,-230,2032,7,-36,-41
IMU1,22736,229449892,-358,-230,2043,11,-22,-37
IMU1,22737,229459721,-356,-230,2054,18,-6,-39
IMU1,22738,229469352,-364,-228,2060,28,0,-40
IMU1,22739,229478791,-366,-230,2048,36,-2,-38
IMU1,22740,229488420,-364,-231,2035,38,-6,-33
IMU1,22741,229498054,-364,-227,2037,32,-5,-28
IMU1,22742,229507692,-365,-226,2034,23,-5,-25
IMU1,22743,229517323,-371,-232,2030,12,-10,-23
IMU1,22744,229527159,-373,-222,2018,-3,-18,-19
IMU1,22745,229536894,-369,-221,2013,-15,-31,-16
IMU1,22746,229546818,-366,-221,2008,-31,-43,-18
IMU1,22747,229556743,-364,-227,2003,-43,-51,-23
IMU1,22748,229566670,-364,-230,2008,-45,-54,-30
IMU1,22749,229576608,-372,-240,2015,-36,-50,-35
IMU1,22750,229586544,-374,-241,2018,-24,-39,-40
IMU1,22751,229596474,-374,-245,2021,-9,-27,-41
IMU1,22752,229606211,-367,-242,2010,9,-24,-40
IMU1,22753,229615849,-361,-231,2003,19,-33,-40
IMU1,22754,229625688,-349,-219,1995,21,-46,-47
IMU1,22755,229635515,-354,-211,1999,21,-53,-55
IMU1,22756,229645355,-369,-216,2011,16,-49,-54
IMU1,22757,229655186,-386,-220,2022,16,-35,-38
IMU1,22758,229665029,-395,-227,2024,19,-9,-12
IMU1,22759,229674665,-388,-232,2023,24,24,13
IMU1,22760,229684313,-377,-235,2021,25,46,36
IMU1,22761,229693958,-368,-235,2020,21,57,46
IMU1,22762,229703609,-363,-237,2035,17,60,42
IMU1,22763,229713265,-360,-240,2048,10,58,28
IMU1,22764,229722910,-363,-244,2051,11,44,9
IMU1,22765,229732356,-368,-247,2051,10,23,-11
IMU1,22766,229742099,-364,-246,2043,6,1,-31
IMU1,22767,229751444,-361,-246,2036,2,-21,-50
IMU1,22768,229761088,-362,-237,2023,-4,-40,-68
IMU1,22769,229770813,-357,-238,2013,-13,-62,-83
IMU1,22770,229780745,-359,-235,2006,-23,-77,-89
IMU1,22771,229790683,-371,-235,2005,-27,-75,-90
IMU1,22772,229800618,-382,-235,1998,-29,-56,-86
IMU1,22773,229811594,-445,-222,2005,-18,-7,-59
IMU1,22774,229821324,-452,-240,2004,-9,30,-49
IMU1,22775,229830967,-449,-259,2005,-6,51,-45
IMU1,22776,229840606,-436,-269,2018,-3,56,-63
IMU1,22777,229850246,-420,-279,2041,0,50,-102
IMU1,22778,229859886,-413,-306,2060,3,26,-150
IMU1,22779,229869637,-408,-334,2071,11,-10,-203
IMU1,22780,229879671,-394,-325,2063,17,-42,-260
IMU1,22781,229889721,-384,-316,2049,16,-67,-313
IMU1,22782,229899759,-393,-297,2060,11,-85,-360
IMU1,22783,229909804,-389,-287,2059,7,-92,-392
IMU1,22784,229919648,-384,-264,2045,-4,-99,-406
IMU1,22785,229929592,-376,-247,2040,-20,-118,-408
IMU1,22786,229939927,-360,-241,2033,-32,-129,-401
IMU1,22787,229950254,-347,-240,2021,-51,-124,-381
IMU1,22788,229960589,-338,-242,2016,-61,-117,-360
IMU1,22789,229970920,-328,-243,2016,-66,-113,-334
IMU1,22790,229981253,-314,-248,2019,-69,-105,-310
IMU1,22791,229991605,-298,-260,2023,-63,-99,-287
IMU1,22792,230001745,-292,-259,2025,-50,-96,-265
IMU1,22793,230011887,-292,-256,2014,-37,-93,-238
IMU1,22794,230022035,-291,-244,1997,-24,-80,-211
IMU1,22795,230033219,-296,-245,1982,-10,-46,-140
IMU1,22796,230046108,-299,-240,1979,-11,-9,-103
IMU1,22797,230056046,-300,-243,1984,-8,23,-61
IMU1,22798,230065688,-300,-245,1992,-7,58,-21
IMU1,22799,230075339,-293,-252,2000,-5,83,8
IMU1,22800,230084697,-284,-263,2002,1,91,25
IMU1,22801,230094143,-278,-273,2003,8,85,29
IMU1,22802,230103587,-269,-282,2006,15,71,21
IMU1,22803,230113240,-266,-289,2013,24,58,4
IMU1,22804,230122699,-278,-291,2020,30,43,-10
IMU1,22805,230132449,-285,-283,2024,37,30,-27
IMU1,22806,230142200,-286,-279,2028,44,11,-38
IMU1,22807,230151957,-285,-278,2024,51,-7,-47
IMU1,22808,230161611,-286,-275,2016,51,-25,-49
IMU1,22809,230171448,-289,-267,2012,50,-32,-49
IMU1,22810,230181292,-293,-265,2011,47,-33,-44
IMU1,22811,230191139,-303,-261,2011,45,-25,-32
IMU1,22812,230201001,-309,-263,2014,42,-21,-12
IMU1,22813,230210836,-308,-269,2015,42,-15,9
IMU1,22814,230220382,-308,-271,2012,41,-8,26
IMU1,22815,230229941,-307,-277,2004,40,-2,38
IMU1,22816,230239498,-309,-291,2007,38,0,48
IMU1,22817,230248865,-314,-294,2014,35,11,52
IMU1,22818,230258522,-319,-290,2017,34,18,51
IMU1,22819,230268186,-326,-293,2020,39,16,47
IMU1,22820,230277838,-329,-290,2024,44,13,42
IMU1,22821,230287487,-334,-288,2024,47,9,40
IMU1,22822,230296939,-337,-282,2019,49,3,38
IMU1,22823,230306406,-342,-280,2018,49,1,32
IMU1,22824,230315862,-344,-281,2021,43,-2,30
IMU1,22825,230325422,-340,-282,2020,37,-6,25
IMU1,22826,230334981,-336,-289,2028,29,-19,19
IMU1,22827,230344740,-334,-298,2034,23,-25,12
IMU1,22828,230354499,-340,-297,2038,23,-24,5
IMU1,22829,230364062,-344,-298,2043,25,-25,-2
IMU1,22830,230373713,-350,-293,2038,26,-28,-4
IMU1,22831,230383380,-348,-286,2028,26,-30,-7
IMU1,22832,230393038,-345,-282,2021,24,-35,-9
IMU1,22833,230402703,-348,-279,2015,15,-38,-10
IMU1,22834,230412517,-351,-279,2010,9,-40,-13
IMU1,22835,230422145,-348,-282,2020,5,-43,-14
IMU1,22836,230431770,-349,-280,2022,7,-40,-15
IMU1,22837,230441402,-352,-281,2020,11,-34,-14
IMU1,22838,230451223,-351,-283,2019,17,-28,-13
IMU1,22839,230461035,-349,-279,2010,23,-23,-11
IMU1,22840,230470868,-349,-271,2007,27,-19,-9
IMU1,22841,230480496,-355,-270,2007,30,-13,-9
IMU1,22842,230490123,-356,-266,1998,30,-9,-5
IMU1,22843,230499560,-358,-263,2000,29,-6,1
IMU1,22844,230508901,-356,-265,2001,28,-6,4
IMU1,22845,230518234,-355,-269,2009,32,-10,6
IMU1,22846,230527780,-345,-273,2020,36,-13,2
IMU1,22847,230537329,-345,-278,2020,39,-14,-1
IMU1,22848,230546964,-343,-275,2019,38,-10,-5
IMU1,22849,230556600,-340,-270,2026,37,-8,-9
IMU1,22850,230566041,-338,-270,2033,33,-10,-12
IMU1,22851,230575876,-340,-268,2029,31,-9,-15
IMU1,22852,230585520,-340,-265,2028,30,-8,-19
IMU1,22853,230595162,-333,-260,2042,31,-12,-23
IMU1,22854,230605003,-332,-257,2048,31,-12,-27
IMU1,22855,230614820,-339,-257,2049,35,-12,-34
IMU1,22856,230624655,-334,-252,2048,36,-17,-38
IMU1,22857,230634486,-335,-251,2045,34,-22,-38
IMU1,22858,230644321,-333,-249,2036,29,-24,-36
IMU1,22859,230654155,-333,-248,2035,23,-24,-35
IMU1,22860,230664000,-331,-245,2037,18,-23,-31
IMU1,22861,230673823,-336,-242,2042,17,-20,-30
IMU1,22862,230683660,-332,-239,2040,18,-21,-26
IMU1,22863,230693498,-329,-244,2032,19,-27,-25
IMU1,22864,230703318,-328,-243,2023,17,-39,-23
IMU1,22865,230713149,-319,-239,2014,16,-48,-25
IMU1,22866,230722982,-317,-242,2008,12,-57,-29
IMU1,22867,230732801,-315,-243,2012,11,-57,-34
IMU1,22868,230742612,-316,-243,2026,10,-57,-26
IMU1,22869,230752441,-321,-240,2026,17,-56,-17
IMU1,22870,230763819,-317,-246,2006,42,-54,-12
IMU1,22871,230773652,-315,-242,2006,44,-42,6
IMU1,22872,230783191,-315,-243,2008,52,-23,17
IMU1,22873,230792943,-323,-247,2017,49,-7,31
IMU1,22874,230802480,-329,-247,2024,50,-3,46
IMU1,22875,230812009,-326,-248,2029,54,-2,54
IMU1,22876,230821535,-324,-249,2031,53,-4,62
IMU1,22877,230831072,-326,-253,2034,51,-2,61
IMU1,22878,230840615,-332,-251,2036,46,-9,62
IMU1,22879,230850155,-331,-250,2041,46,-15,58
IMU1,22880,230859896,-333,-251,2042,39,-11,55
IMU1,22881,230869632,-333,-251,2042,38,-11,54
IMU1,22882,230879366,-337,-249,2039,28,-16,53
IMU1,22883,230889100,-335,-251,2040,30,-20,51
IMU1,22884,230898832,-334,-251,2032,27,-18,46
IMU1,22885,230908568,-331,-249,2030,23,-16,42
IMU1,22886,230918304,-327,-252,2024,25,-21,36
IMU1,22887,230928036,-313,-254,2024,23,-26,24
IMU1,22888,230937760,-316,-247,2026,28,-34,8
IMU1,22889,230947286,-325,-245,2031,33,-39,2
IMU1,22890,230956815,-335,-239,2028,41,-37,1
IMU1,22891,230966348,-336,-236,2022,44,-27,6
IMU1,22892,230975890,-334,-232,2017,44,-16,13
IMU1,22893,230985635,-320,-226,2011,47,-13,17
IMU1,22894,230995363,-310,-228,2011,44,-16,13
IMU1,22895,231005099,-298,-231,2013,41,-25,8
IMU1,22896,231014648,-294,-226,2018,40,-28,-3
IMU1,22897,231024263,-292,-226,2029,48,-31,-13
IMU1,22898,231034088,-297,-229,2028,58,-31,-18
IMU1,22899,231046666,-303,-222,2026,66,-28,-10
IMU1,22900,231056483,-303,-216,2028,73,-20,4
IMU1,22901,231066011,-309,-208,2029,75,-14,23
IMU1,22902,231075735,-314,-207,2022,74,-9,42
IMU1,22903,231085282,-319,-205,2013,68,-5,60
IMU1,22904,231094821,-322,-206,2013,56,-1,81
IMU1,22905,231104356,-323,-210,2012,44,8,97
IMU1,22906,231113791,-316,-210,2018,33,8,103
IMU1,22907,231123443,-309,-207,2023,29,-8,99
IMU1,22908,231132976,-331,-211,2040,33,-10,93
IMU1,22909,231142712,-339,-225,2031,42,-2,91
IMU1,22910,231152253,-339,-222,2037,53,-6,90
IMU1,22911,231161802,-336,-214,2023,61,-10,87
IMU1,22912,231171542,-341,-219,2014,65,-12,78
IMU1,22913,231181284,-336,-216,2008,63,-16,68
IMU1,22914,231191014,-337,-210,2014,61,-20,55
IMU1,22915,231200765,-342,-201,2013,56,-24,46
IMU1,22916,231210491,-345,-199,2023,57,-32,38
IMU1,22917,231220229,-344,-198,2021,60,-43,31
IMU1,22918,231229957,-344,-193,2015,61,-48,27
IMU1,22919,231239695,-337,-192,2012,62,-47,25
IMU1,22920,231249425,-339,-192,2019,60,-43,22
IMU1,22921,231259163,-340,-192,2029,62,-37,20
IMU1,22922,231268911,-341,-199,2030,67,-31,22
IMU1,22923,231278654,-332,-202,2035,68,-27,28
IMU1,22924,231288396,-321,-208,2045,67,-25,33
IMU1,22925,231298132,-318,-206,2048,66,-20,34
IMU1,22926,231307875,-323,-199,2041,63,-15,31
IMU1,22927,231317619,-318,-194,2042,59,-20,26
IMU1,22928,231327370,-321,-194,2047,53,-30,21
IMU1,22929,231337112,-321,-196,2046,49,-41,18
IMU1,22930,231346856,-324,-201,2050,47,-44,19
IMU1,22931,231356597,-320,-196,2052,43,-43,22
IMU1,22932,231366345,-321,-194,2047,40,-40,26
IMU1,22933,231376085,-320,-195,2050,34,-37,26
IMU1,22934,231385815,-315,-199,2047,33,-40,27
IMU1,22935,231395554,-313,-193,2042,27,-46,26
IMU1,22936,231405304,-317,-193,2041,24,-48,24
IMU1,22937,231415049,-323,-189,2043,20,-45,20
IMU1,22938,231424787,-327,-187,2043,27,-44,18
IMU1,22939,231434502,-326,-184,2043,30,-42,21
IMU1,22940,231444226,-329,-183,2038,33,-40,30
IMU1,22941,231453958,-327,-181,2033,32,-32,37
IMU1,22942,231463700,-328,-181,2030,26,-24,42
IMU1,22943,231473432,-329,-185,2034,23,-15,47
IMU1,22944,231483171,-329,-190,2040,21,-9,51
IMU1,22945,231492716,-325,-191,2043,17,-4,46
IMU1,22946,231502260,-329,-184,2047,18,-1,42
IMU1,22947,231511799,-331,-177,2046,13,-3,40
IMU1,22948,231521344,-337,-174,2046,13,-18,37
IMU1,22949,231531076,-336,-172,2039,10,-30,24
IMU1,22950,231540817,-332,-175,2040,9,-35,13
IMU1,22951,231550355,-333,-175,2035,5,-32,6
IMU1,22952,231559715,-331,-166,2041,3,-25,-2
IMU1,22953,231569152,-333,-170,2047,4,-22,-6
IMU1,22954,231578594,-338,-169,2049,7,-21,-10
IMU1,22955,231588228,-341,-171,2053,12,-23,-13
IMU1,22956,231598059,-340,-162,2049,16,-23,-11
IMU1,22957,231607903,-339,-160,2044,16,-20,-10
IMU1,22958,231617746,-342,-164,2038,14,-21,-8
IMU1,22959,231627386,-332,-169,2036,9,-18,-6
IMU1,22960,231636837,-325,-167,2033,5,-15,-11
IMU1,22961,231646465,-316,-166,2039,5,-19,-20
IMU1,22962,231656109,-317,-172,2048,12,-22,-35
IMU1,22963,231665948,-318,-170,2049,18,-26,-43
IMU1,22964,231675791,-328,-168,2045,26,-26,-48
IMU1,22965,231687188,-339,-164,2041,34,-12,-32
IMU1,22966,231697013,-333,-159,2033,30,-5,-17
IMU1,22967,231706645,-325,-156,2036,26,-8,-7
IMU1,22968,231716079,-318,-156,2048,23,-12,-5
IMU1,22969,231725717,-317,-157,2046,21,-9,-6
IMU1,22970,231735168,-320,-157,2053,27,-7,-4
IMU1,22971,231744612,-331,-165,2052,32,-3,1
IMU1,22972,231754474,-335,-167,2046,43,2,7
IMU1,22973,231763720,-330,-169,2043,40,9,21
IMU1,22974,231773680,-336,-165,2040,43,23,28
IMU1,22975,231783319,-338,-164,2042,44,40,38
IMU1,22976,231792964,-343,-168,2048,50,58,40
IMU1,22977,231802602,-349,-168,2062,55,74,43
IMU1,22978,231812257,-356,-168,2062,63,85,45
IMU1,22979,231821907,-349,-170,2056,60,83,49
IMU1,22980,231831566,-347,-164,2045,59,79,41
IMU1,22981,231841230,-349,-160,2022,52,60,29
IMU1,22982,231850869,-347,-160,2004,35,38,14
IMU1,22983,231860511,-347,-155,1998,19,16,-8
IMU1,22984,231870054,-348,-165,1980,8,-5,-31
IMU1,22985,231879504,-345,-172,1970,5,-27,-57
IMU1,22986,231889151,-330,-184,1959,5,-50,-77
IMU1,22987,231898797,-319,-193,1965,13,-61,-99
IMU1,22988,231908649,-309,-196,1970,27,-55,-122
IMU1,22989,231918696,-306,-193,1980,43,-43,-136
IMU1,22990,231928747,-310,-183,1992,62,-38,-137
IMU1,22991,231938804,-321,-175,2004,81,-27,-131
IMU1,22992,231948828,-319,-181,2007,97,-16,-115
IMU1,22993,231958859,-318,-178,2015,103,-5,-92
IMU1,22994,231968710,-307,-179,2017,108,5,-69
IMU1,22995,231978459,-296,-190,2026,98,11,-46
IMU1,22996,231988208,-288,-196,2038,85,15,-30
IMU1,22997,231997956,-283,-194,2044,74,11,-20
IMU1,22998,232007705,-276,-194,2051,60,-5,-14
IMU1,22999,232017332,-267,-191,2049,49,-23,-15
IMU1,23000,232027159,-264,-182,2058,43,-34,-18
IMU1,23001,232036996,-270,-181,2065,37,-46,-15
IMU1,23002,232049581,-273,-186,2079,41,-51,-5
IMU1,23003,232059219,-276,-186,2089,44,-46,12
IMU1,23004,232068945,-278,-179,2075,40,-40,40
IMU1,23005,232078683,-268,-179,2048,28,-46,63
IMU1,23006,232088423,-250,-187,2028,11,-62,79
IMU1,23007,232098157,-243,-187,2028,-12,-68,86
IMU1,23008,232107986,-247,-190,2023,-32,-75,86
IMU1,23009,232117828,-256,-190,2022,-43,-89,83
IMU1,23010,232127663,-258,-183,2014,-47,-109,78
IMU1,23011,232138750,-256,-178,2005,-42,-131,63
IMU1,23012,232148794,-252,-173,1993,-38,-137,57
IMU1,23013,232158843,-250,-162,1993,-36,-136,56
IMU1,23014,232168890,-251,-149,2003,-27,-126,52
IMU1,23015,232178919,-263,-143,2011,-21,-125,56
IMU1,23016,232188962,-272,-138,2019,-15,-126,66
IMU1,23017,232199001,-288,-134,2023,-7,-129,84
IMU1,23018,232208842,-306,-134,2023,-12,-128,110
IMU1,23019,232219072,-310,-138,2032,-16,-117,136
IMU1,23020,232229322,-325,-139,2046,-24,-98,154
IMU1,23021,232239365,-335,-141,2059,-30,-92,168
IMU1,23022,232249412,-326,-166,2080,-29,-88,172
IMU1,23023,232259439,-336,-174,2102,-25,-72,165
IMU1,23024,232269475,-342,-161,2123,-10,-46,152
IMU1,23025,232279508,-350,-159,2117,3,-39,133
IMU1,23026,232289273,-356,-140,2094,7,-51,121
IMU1,23027,232299028,-388,-121,2110,11,-34,112
IMU1,23028,232308986,-384,-122,2081,6,5,114
IMU1,23029,232318444,-392,-109,2080,-9,21,121
IMU1,23030,232328201,-390,-114,2071,-21,20,128
IMU1,23031,232338139,-383,-127,2045,-29,17,130
IMU1,23032,232348082,-378,-133,2026,-42,7,127
IMU1,23033,232357823,-372,-146,2017,-56,-5,114
IMU1,23034,232367672,-360,-158,2013,-70,-16,91
IMU1,23035,232377524,-360,-165,2024,-69,-29,62
IMU1,23036,232387370,-367,-174,2043,-63,-32,33
IMU1,23037,232398771,-371,-167,2045,-22,-13,-19
IMU1,23038,232408709,-373,-166,2047,0,-8,-34
IMU1,23039,232418055,-367,-159,2039,19,-1,-51
IMU1,23040,232427703,-362,-151,2035,21,9,-57
IMU1,23041,232437244,-358,-155,2032,18,18,-61
IMU1,23042,232446991,-344,-151,2028,4,23,-66
IMU1,23043,232456548,-331,-150,2028,-11,14,-74
IMU1,23044,232466375,-311,-150,2029,-22,-4,-85
IMU1,23045,232476110,-296,-157,2029,-31,-19,-102
IMU1,23046,232486242,-291,-157,2035,-35,-26,-119
IMU1,23047,232496375,-290,-160,2050,-25,-24,-132
IMU1,23048,232506494,-292,-157,2063,-12,-15,-138
IMU1,23049,232516620,-294,-153,2060,1,0,-139
IMU1,23050,232526067,-292,-146,2057,11,10,-132
IMU1,23051,232536010,-288,-138,2048,19,13,-122
IMU1,23052,232545940,-285,-128,2046,20,14,-113
IMU1,23053,232555875,-286,-135,2045,20,15,-105
IMU1,23054,232565813,-285,-137,2048,16,18,-94
IMU1,23055,232575551,-290,-143,2055,12,26,-87
IMU1,23056,232585304,-285,-146,2059,13,29,-83
IMU1,23057,232595044,-285,-146,2060,16,26,-87
IMU1,23058,232604790,-287,-151,2055,18,16,-89
IMU1,23059,232614541,-291,-155,2043,20,6,-93
IMU1,23060,232624086,-301,-155,2033,21,-8,-93
IMU1,23061,232633730,-303,-159,2029,21,-15,-93
IMU1,23062,232643576,-312,-159,2026,19,-16,-92
IMU1,23063,232653421,-321,-163,2025,19,-15,-88
IMU1,23064,232663231,-325,-172,2016,20,-11,-78
IMU1,23065,232673048,-332,-177,2003,21,-3,-66
IMU1,23066,232682672,-326,-185,1998,18,9,-58
IMU1,23067,232692208,-323,-193,1995,13,26,-53
IMU1,23068,232701942,-307,-196,1993,8,36,-57
IMU1,23069,232711496,-305,-198,2005,5,28,-71
IMU1,23070,232721041,-294,-203,2009,12,7,-90
IMU1,23071,232730573,-295,-208,2016,19,-14,-112
IMU1,23072,232740600,-292,-210,2015,30,-34,-135
IMU1,23073,232750634,-291,-203,2013,37,-47,-152
IMU1,23074,232760675,-295,-195,2019,45,-51,-163
IMU1,23075,232770703,-303,-191,2019,53,-48,-164
IMU1,23076,232780736,-303,-181,2026,56,-36,-152
IMU1,23077,232790787,-304,-183,2028,55,-13,-133
IMU1,23078,232800832,-304,-183,2036,53,7,-106
IMU1,23079,232812130,-288,-183,2046,40,32,-68
IMU1,23080,232821872,-283,-189,2046,36,22,-55
IMU1,23081,232831604,-277,-194,2050,30,6,-57
IMU1,23082,232841159,-278,-198,2047,25,-9,-59
IMU1,23083,232850795,-277,-198,2047,21,-16,-67
IMU1,23084,232860635,-278,-196,2048,18,-25,-75
IMU1,23085,232870470,-281,-203,2052,19,-37,-81
IMU1,23086,232880295,-288,-196,2056,20,-42,-83
IMU1,23087,232890124,-298,-195,2048,24,-42,-80
IMU1,23088,232899957,-303,-196,2041,23,-40,-69
IMU1,23089,232909792,-303,-187,2039,19,-29,-60
IMU1,23090,232919627,-301,-190,2046,18,-16,-51
IMU1,23091,232929471,-307,-195,2051,17,-7,-41
IMU1,23092,232939115,-306,-199,2063,15,5,-35
IMU1,23093,232948684,-307,-201,2064,18,12,-33
IMU1,23094,232958435,-304,-204,2059,17,15,-35
IMU1,23095,232968196,-300,-202,2053,17,4,-42
IMU1,23096,232977729,-286,-200,2045,15,-18,-56
IMU1,23097,232987558,-281,-194,2039,9,-43,-73
IMU1,23098,232997191,-278,-200,2036,1,-66,-88
IMU1,23099,233006827,-283,-195,2028,-2,-85,-100
IMU1,23100,233016751,-293,-189,2022,-3,-93,-101
IMU1,23101,233026685,-288,-192,2016,-6,-87,-94
IMU1,23102,233036410,-294,-191,2015,-7,-74,-77
IMU1,23103,233046159,-288,-191,2013,0,-59,-60
IMU1,23104,233058461,-287,-190,2022,2,-40,-40
IMU1,23105,233068103,-287,-191,2036,8,-20,-22
IMU1,23106,233077738,-290,-181,2046,15,-4,-7
IMU1,23107,233087185,-294,-178,2051,22,0,9
IMU1,23108,233096348,-294,-177,2053,27,-5,23
IMU1,23109,233105887,-297,-175,2050,30,-11,32
IMU1,23110,233115635,-299,-176,2048,34,-9,39
IMU1,23111,233125188,-310,-166,2048,32,2,46
IMU1,23112,233134640,-313,-167,2049,22,14,53
IMU1,23113,233144292,-311,-167,2042,19,18,59
IMU1,23114,233153954,-312,-161,2038,10,9,62
IMU1,23115,233163412,-309,-167,2031,6,2,55
IMU1,23116,233172679,-301,-175,2029,3,-6,45
IMU1,23117,233182031,-298,-180,2032,1,-7,29
IMU1,23118,233191393,-294,-185,2035,8,-4,10
IMU1,23119,233200749,-294,-184,2032,19,-6,-6
IMU1,23120,233210194,-293,-186,2030,31,-10,-21
IMU1,23121,233220042,-293,-180,2032,43,-15,-36
IMU1,23122,233229875,-285,-182,2035,50,-21,-42
IMU1,23123,233239712,-277,-180,2035,50,-23,-45
IMU1,23124,233249558,-274,-179,2031,49,-24,-46
IMU1,23125,233259399,-266,-175,2036,44,-28,-45
IMU1,23126,233269246,-267,-172,2034,37,-33,-38
IMU1,23127,233279084,-266,-173,2032,28,-39,-29
IMU1,23128,233288931,-270,-177,2032,21,-40,-18
IMU1,23129,233298767,-266,-177,2042,16,-37,-4
IMU1,23130,233308407,-265,-183,2045,15,-35,9
IMU1,23131,233317941,-268,-188,2050,17,-27,22
IMU1,23132,233327686,-276,-188,2055,20,-18,42
IMU1,23133,233337428,-280,-184,2056,25,-7,62
IMU1,23134,233346983,-286,-180,2061,26,0,82
IMU1,23135,233356331,-303,-180,2057,31,10,103
IMU1,23136,233366186,-306,-182,2055,28,28,119
IMU1,23137,233376041,-316,-179,2060,24,50,132
IMU1,23138,233385882,-318,-182,2060,21,59,137
IMU1,23139,233395737,-314,-185,2064,16,53,138
IMU1,23140,233405592,-314,-189,2060,12,41,125
IMU1,23141,233415451,-320,-189,2062,9,29,109
IMU1,23142,233425105,-326,-185,2062,0,11,97
IMU1,23143,233434464,-330,-179,2058,-1,1,67
IMU1,23144,233443818,-338,-182,2051,-6,-11,44
IMU1,23145,233453467,-337,-178,2042,-13,-20,28
IMU1,23146,233463306,-342,-181,2038,-12,-19,11
IMU1,23147,233473154,-346,-179,2025,-18,-20,5
IMU1,23148,233482775,-343,-176,2019,-23,-15,-5
IMU1,23149,233492495,-332,-174,2018,-20,-11,-15
IMU1,23150,233502405,-334,-174,2016,-25,-3,-25
IMU1,23151,233512133,-335,-170,2024,-22,4,-30
IMU1,23152,233521773,-339,-167,2029,-14,16,-32
IMU1,23153,233531606,-335,-167,2038,-7,33,-31
IMU1,23154,233542806,-321,-151,2051,14,59,-30
IMU1,23155,233552550,-313,-149,2054,20,58,-28
IMU1,23156,233562307,-312,-152,2079,29,57,-37
IMU1,23157,233572064,-307,-145,2084,31,53,-39
IMU1,23158,233581815,-321,-148,2095,30,51,-37
IMU1,23159,233591565,-328,-153,2105,29,53,-29
IMU1,23160,233601322,-334,-156,2108,20,62,-14
IMU1,23161,233611046,-344,-160,2109,10,76,4
IMU1,23162,233620487,-353,-157,2106,0,94,23
IMU1,23163,233629825,-355,-155,2100,-6,113,43
IMU1,23164,233639569,-359,-156,2078,-17,128,53
IMU1,23165,233649507,-353,-162,2063,-26,122,59
IMU1,23166,233659442,-346,-169,2029,-40,106,52
IMU1,23167,233669370,-330,-170,1986,-54,76,35
IMU1,23168,233679112,-320,-177,1954,-67,35,7
IMU1,23169,233688653,-309,-189,1943,-86,6,-30
IMU1,23170,233698282,-314,-187,1937,-94,-12,-66
IMU1,23171,233708210,-307,-187,1915,-98,-44,-104
IMU1,23172,233718346,-295,-184,1900,-101,-108,-141
IMU1,23173,233728881,-274,-183,1884,-95,-173,-181
IMU1,23174,233739193,-261,-190,1873,-87,-219,-220
IMU1,23175,233749532,-258,-191,1864,-73,-254,-256
IMU1,23176,233759870,-250,-187,1882,-49,-285,-288
IMU1,23177,233770209,-263,-195,1919,-9,-304,-307
IMU1,23178,233780359,-260,-209,1956,41,-319,-313
IMU1,23179,233790603,-255,-211,1992,104,-329,-307
IMU1,23180,233801047,-270,-196,2020,159,-320,-290
IMU1,23181,233811998,-328,-184,2036,235,-212,-185
IMU1,23182,233822436,-344,-171,2043,248,-142,-95
IMU1,23183,233832672,-347,-173,2057,239,-68,-3
IMU1,23184,233842517,-349,-184,2069,221,28,86
IMU1,23185,233852366,-342,-161,2117,195,125,168
IMU1,23186,233862612,-358,-169,2138,168,174,229
IMU1,23187,233872853,-353,-194,2128,143,176,272
IMU1,23188,233883105,-347,-194,2121,118,175,296
IMU1,23189,233893351,-349,-189,2120,91,197,300
IMU1,23190,233903407,-350,-189,2115,71,208,289
IMU1,23191,233913464,-360,-190,2125,56,183,263
IMU1,23192,233923525,-370,-199,2125,46,142,230
IMU1,23193,233933573,-373,-193,2140,45,110,194
IMU1,23194,233943629,-379,-183,2116,52,95,159
IMU1,23195,233953491,-387,-191,2099,54,84,131
IMU1,23196,233963348,-387,-176,2088,55,68,102
IMU1,23197,233973211,-389,-166,2075,48,59,84
IMU1,23198,233982865,-394,-164,2055,39,67,68
IMU1,23199,233992531,-398,-150,2055,31,81,62
IMU1,23200,234002188,-398,-149,2047,21,89,62
IMU1,23201,234011827,-388,-148,2061,19,100,51
IMU1,23202,234021670,-382,-150,2057,17,108,41
IMU1,23203,234031515,-371,-158,2058,18,112,29
IMU1,23204,234042930,-351,-160,2037,15,138,3
IMU1,23205,234052573,-342,-151,2032,2,141,-11
IMU1,23206,234065069,-333,-148,2014,-7,122,-25
IMU1,23207,234074902,-326,-150,2004,-24,97,-40
IMU1,23208,234084735,-310,-156,1986,-43,70,-56
IMU1,23209,234094587,-292,-151,1975,-61,45,-82
IMU1,23210,234104422,-285,-158,1973,-71,12,-110
IMU1,23211,234114461,-280,-161,1968,-73,-20,-142
IMU1,23212,234124590,-279,-162,1967,-64,-51,-170
IMU1,23213,234134728,-273,-165,1972,-49,-75,-192
IMU1,23214,234144860,-269,-160,1976,-28,-94,-210
IMU1,23215,234154985,-266,-162,1991,-4,-106,-222
IMU1,23216,234165121,-274,-162,2002,25,-114,-223
IMU1,23217,234175351,-271,-158,2003,52,-115,-217
IMU1,23218,234185607,-274,-157,2020,67,-113,-203
IMU1,23219,234196885,-287,-149,2034,88,-92,-147
IMU1,23220,234206922,-292,-150,2039,98,-59,-112
IMU1,23221,234216975,-301,-154,2058,93,-29,-60
IMU1,23222,234226819,-315,-146,2077,86,11,-11
IMU1,23223,234236580,-317,-141,2085,76,34,36
IMU1,23224,234246252,-327,-139,2096,61,37,81
IMU1,23225,234255897,-337,-132,2102,40,35,117
IMU1,23226,234265748,-336,-139,2093,21,27,144
IMU1,23227,234275587,-336,-139,2076,-1,13,159
IMU1,23228,234285343,-339,-147,2062,-20,0,167
IMU1,23229,234294993,-346,-151,2053,-32,-8,164
IMU1,23230,234304825,-353,-148,2041,-43,-13,160
IMU1,23231,234314843,-364,-144,2035,-40,-18,153
IMU1,23232,234324881,-374,-129,2028,-31,-25,148
IMU1,23233,234334906,-383,-126,2008,-23,-25,146
IMU1,23234,234344938,-386,-128,1998,-14,-22,148
IMU1,23235,234354977,-387,-129,1995,-2,-3,152
IMU1,23236,234364631,-391,-122,1988,8,22,157
IMU1,23237,234374295,-387,-128,1976,16,36,161
IMU1,23238,234384142,-385,-137,1990,21,44,159
IMU1,23239,234393991,-383,-126,1984,29,57,152
IMU1,23240,234403840,-385,-130,1990,39,58,143
IMU1,23241,234413680,-380,-131,1990,42,47,136
IMU1,23242,234423529,-382,-127,1991,45,41,125
IMU1,23243,234433376,-375,-132,1997,46,36,113
IMU1,23244,234443227,-378,-136,2001,48,24,101
IMU1,23245,234453070,-372,-143,2009,51,11,83
IMU1,23246,234462723,-367,-139,2021,56,-9,63
IMU1,23247,234472266,-368,-135,2027,62,-28,43
IMU1,23248,234482008,-367,-137,2022,64,-47,28
IMU1,23249,234491745,-376,-132,2021,69,-67,19
IMU1,23250,234501501,-383,-134,2022,69,-71,16
IMU1,23251,234511242,-375,-132,2015,72,-64,15
IMU1,23252,234520992,-363,-133,2017,69,-56,16
IMU1,23253,234530735,-364,-126,2025,67,-46,19
IMU1,23254,234540477,-368,-129,2033,63,-40,26
IMU1,23255,234550225,-359,-132,2036,62,-37,30
IMU1,23256,234559980,-356,-136,2036,69,-36,31
IMU1,23257,234569749,-352,-137,2037,65,-32,30
IMU1,23258,234579496,-350,-135,2035,62,-36,31
IMU1,23259,234589244,-350,-134,2040,58,-44,27
IMU1,23260,234600550,-352,-129,2039,48,-56,19
IMU1,23261,234610293,-357,-130,2039,39,-60,21
IMU1,23262,234620046,-356,-126,2045,38,-58,20
IMU1,23263,234629784,-354,-128,2056,35,-52,16
IMU1,23264,234639520,-353,-134,2069,41,-57,21
IMU1,23265,234649262,-358,-129,2067,41,-58,22
IMU1,23266,234659011,-357,-130,2062,49,-64,27
IMU1,23267,234668763,-351,-133,2048,45,-62,29
IMU1,23268,234678514,-341,-131,2039,39,-60,30
IMU1,23269,234688265,-339,-129,2021,34,-61,28
IMU1,23270,234698001,-346,-129,2017,25,-64,19
IMU1,23271,234707749,-358,-130,2007,18,-63,18
IMU1,23272,234717492,-374,-115,1994,8,-59,21
IMU1,23273,234727049,-374,-122,1978,-1,-57,29
IMU1,23274,234736685,-365,-119,1969,-9,-49,38
IMU1,23275,234746323,-365,-114,1955,-28,-32,49
IMU1,23276,234756168,-355,-118,1939,-41,-30,60
IMU1,23277,234766005,-339,-115,1929,-58,-35,61
IMU1,23278,234775845,-334,-114,1922,-67,-46,60
IMU1,23279,234785692,-337,-120,1921,-76,-49,56
IMU1,23280,234795525,-342,-125,1916,-75,-48,56
IMU1,23281,234805371,-351,-128,1911,-74,-40,58
IMU1,23282,234815215,-350,-123,1902,-72,-38,67
IMU1,23283,234825068,-358,-122,1902,-78,-33,76
IMU1,23284,234834914,-355,-123,1877,-79,-28,83
IMU1,23285,234844761,-338,-125,1849,-87,-16,92
IMU1,23286,234854601,-322,-120,1846,-107,13,92
IMU1,23287,234864534,-308,-134,1847,-121,69,84
IMU1,23288,234874490,-325,-113,1879,-134,150,73
IMU1,23289,234884648,-345,-109,1907,-137,213,74
IMU1,23290,234894793,-358,-107,1949,-125,240,82
IMU1,23291,234904937,-362,-98,1976,-106,252,97
IMU1,23292,234914897,-365,-102,1977,-82,252,117
IMU1,23293,234925040,-357,-111,1979,-51,252,137
IMU1,23294,234935190,-336,-121,1986,-33,257,145
IMU1,23295,234945349,-330,-147,2031,-18,261,142
IMU1,23296,234956540,-348,-191,2043,18,272,118
IMU1,23297,234966601,-340,-229,2044,29,311,119
IMU1,23298,234976656,-342,-226,2037,43,405,113
IMU1,23299,234986704,-355,-225,2052,48,508,113
IMU1,23300,234996769,-369,-210,2087,47,576,111
IMU1,23301,235006833,-389,-198,2118,52,604,109
IMU1,23302,235016909,-397,-216,2144,57,609,106
IMU1,23303,235026977,-383,-203,2174,58,611,105
IMU1,23304,235037048,-404,-177,2200,53,610,98
IMU1,23305,235046912,-417,-187,2231,45,565,90
IMU1,23306,235056775,-442,-186,2245,35,460,80
IMU1,23307,235069390,-460,-182,2241,21,350,78
IMU1,23308,235079264,-473,-178,2205,-2,261,80
IMU1,23309,235089029,-476,-166,2184,-30,189,84
IMU1,23310,235098987,-512,-141,2101,-61,131,89
IMU1,23311,235110515,-569,-62,2071,-135,64,124
IMU1,23312,235120465,-499,-215,2046,-169,16,153
IMU1,23313,235130613,-570,-196,2006,-195,-19,172
IMU1,23314,235140867,-561,-152,2008,-220,-48,202
IMU1,23315,235151112,-538,-153,2005,-235,-70,222
IMU1,23316,235161385,-537,-178,1975,-240,-88,235
IMU1,23317,235171648,-539,-199,1967,-239,-108,245
IMU1,23318,235182106,-537,-209,1971,-228,-113,254
IMU1,23319,235192562,-534,-215,1966,-209,-97,267
IMU1,23320,235202815,-539,-212,1959,-188,-70,280
IMU1,23321,235213059,-549,-214,1946,-166,-39,295
IMU1,23322,235223297,-582,-231,1922,-145,11,317
IMU1,23323,235233453,-579,-239,1880,-133,84,348
IMU1,23324,235243606,-569,-194,1890,-138,173,383
IMU1,23325,235254477,-594,-174,1903,-138,328,421
IMU1,23326,235264836,-621,-165,1924,-132,346,433
IMU1,23327,235275179,-629,-154,1948,-113,317,454
IMU1,23328,235285546,-611,-164,1982,-94,275,473
IMU1,23329,235295704,-615,-163,1981,-69,250,486
IMU1,23330,235305859,-630,-145,1980,-52,243,497
IMU1,23331,235316019,-655,-136,1969,-44,242,512
IMU1,23332,235326162,-673,-129,1951,-51,224,529
IMU1,23333,235336318,-685,-120,1955,-70,180,551
IMU1,23334,235346480,-676,-115,1960,-92,123,565
IMU1,23335,235356635,-660,-122,1968,-106,61,577
IMU1,23336,235366795,-671,-115,1988,-117,12,577
IMU1,23337,235376949,-654,-135,1995,-117,-42,571
IMU1,23338,235387203,-654,-151,2002,-109,-76,560
IMU1,23339,235397452,-640,-165,2034,-100,-84,550
IMU1,23340,235408218,-657,-158,2045,-61,-44,511
IMU1,23341,235418271,-679,-147,2054,-49,-28,497
IMU1,23342,235428320,-679,-161,2041,-37,-24,488
IMU1,23343,235438367,-677,-152,2045,-28,-21,480
IMU1,23344,235448421,-680,-134,2056,-30,-17,471
IMU1,23345,235458472,-689,-120,2046,-33,-17,459
IMU1,23346,235468531,-689,-107,2032,-38,-29,443
IMU1,23347,235478595,-680,-94,2020,-51,-59,425
IMU1,23348,235488461,-673,-85,2000,-65,-92,400
IMU1,23349,235498315,-672,-80,1979,-85,-119,376
IMU1,23350,235508384,-687,-66,1976,-105,-134,353
IMU1,23351,235518656,-688,-73,1976,-121,-150,336
IMU1,23352,235528941,-690,-71,1979,-134,-168,325
IMU1,23353,235539179,-684,-70,1970,-144,-178,310
IMU1,23354,235549438,-683,-71,1953,-146,-169,296
IMU1,23355,235559689,-683,-76,1941,-156,-155,289
IMU1,23356,235569937,-680,-82,1920,-160,-143,284
IMU1,23357,235580173,-651,-70,1914,-158,-131,271
IMU1,23358,235590952,-657,-70,1913,-148,-109,236
IMU1,23359,235601215,-624,-128,1917,-136,-116,216
IMU1,23360,235611673,-650,-26,1916,-112,-143,178
IMU1,23361,235621917,-651,-85,1944,-89,-196,157
IMU1,23362,235631964,-620,-116,1955,-61,-175,139
IMU1,23363,235642217,-615,-110,1927,-31,-135,118
IMU1,23364,235652465,-605,-132,1946,-7,-146,102
IMU1,23365,235662506,-573,-140,1952,11,-161,80
IMU1,23366,235672450,-593,-88,1945,27,-119,55
IMU1,23367,235682203,-596,-102,1939,32,-85,35
IMU1,23368,235691951,-596,-112,1944,31,-70,24
IMU1,23369,235701708,-606,-103,1944,31,-71,17
IMU1,23370,235711463,-607,-105,1937,28,-87,15
IMU1,23371,235721220,-582,-114,1979,27,-120,12
IMU1,23372,235731174,-573,-130,1975,31,-138,9
IMU1,23373,235740939,-571,-94,1982,34,-112,8
IMU1,23374,235750498,-576,-122,1981,36,-99,7
IMU1,23375,235760049,-570,-113,1973,35,-106,12
IMU1,23376,235769997,-579,-119,1978,28,-140,19
IMU1,23377,235779951,-559,-134,1983,25,-179,29
IMU1,23378,235789901,-557,-122,1984,23,-173,44
IMU1,23379,235799853,-555,-133,1987,17,-147,62
IMU1,23380,235809816,-563,-133,1986,11,-109,82
IMU1,23381,235819762,-568,-135,1992,4,-87,105
IMU1,23382,235829521,-566,-148,1997,2,-86,126
IMU1,23383,235839279,-566,-149,2002,1,-88,147
IMU1,23384,235849043,-546,-153,1998,-7,-95,165
IMU1,23385,235860448,-535,-161,1979,-6,-99,155
IMU1,23386,235870301,-546,-160,1981,-7,-104,151
IMU1,23387,235880359,-553,-154,1992,-6,-99,147
IMU1,23388,235890217,-538,-160,1992,-4,-94,140
IMU1,23389,235900075,-552,-165,1978,1,-108,131
IMU1,23390,235910041,-536,-160,1998,7,-149,118
IMU1,23391,235920006,-517,-154,1980,10,-181,104
IMU1,23392,235930155,-521,-148,1968,4,-179,89
IMU1,23393,235939883,-534,-137,1981,-4,-164,75
IMU1,23394,235949710,-559,-149,2005,-14,-129,69
IMU1,23395,235959747,-606,-127,2016,-21,-76,78
IMU1,23396,235969592,-643,-115,2034,-17,-54,94
IMU1,23397,235979431,-663,-86,2092,-1,-64,103
IMU1,23398,235989073,-708,-64,2136,33,-62,106
IMU1,23399,235998824,-794,-22,2185,70,-5,114
IMU1,23400,236008383,-968,86,2256,111,86,134
IMU1,23401,236018121,-1183,222,2296,150,180,178
IMU1,23402,236028467,-1409,359,2323,184,250,231
IMU1,23403,236038821,-1680,475,2391,220,271,286
IMU1,23404,236049165,-2172,660,2196,249,283,346
IMU1,23405,236059511,-2665,861,1909,216,429,432
IMU1,23406,236072427,-3258,1462,1393,-48,1556,587
IMU1,23407,236083076,-3653,1642,1331,-259,2500,564
IMU1,23408,236093936,-4333,1809,1267,-443,3540,495
IMU1,23409,236104786,-4951,1904,1339,-548,4544,453
IMU1,23410,236115653,-5368,2026,1488,-530,5426,407
IMU1,23411,236126509,-5513,2127,1854,-340,6159,261
IMU1,23412,236137382,-5608,2247,2089,85,6731,-89
IMU1,23413,236147825,-6360,2057,2185,739,7094,-1170
IMU1,23414,236158907,-6229,2653,2358,2546,6809,-1685
IMU1,23415,236170185,-6047,3112,2432,3643,6630,-2370
IMU1,23416,236181471,-5905,3029,2423,4783,6449,-3231
IMU1,23417,236192742,-5985,2607,2683,5859,6237,-4117
IMU1,23418,236204014,-5977,2809,2984,6819,6139,-4877
IMU1,23419,236215288,-5573,3119,3324,7580,6136,-6143
IMU1,23420,236226592,-5257,3104,3249,8324,5719,-6718
IMU1,23421,236237864,-4971,3071,3074,8305,5106,-7337
IMU1,23422,236249164,-4920,3026,2920,8056,4740,-7889
IMU1,23423,236260448,-4674,2995,2838,7673,4784,-8241
IMU1,23424,236271738,-4241,3002,2709,7233,5294,-8387
IMU1,23425,236283018,-3509,3066,2822,6394,6946,-8269
IMU1,23426,236294314,-3352,3108,2931,6057,7110,-8107
IMU1,23427,236305611,-3275,2986,3177,5723,6551,-7870
IMU1,23428,236316895,-3074,2824,3255,5369,5478,-7541
IMU1,23429,236328174,-2712,2522,2969,4928,4253,-7126
IMU1,23430,236339450,-2277,2339,2382,4341,3314,-6643
IMU1,23431,236350715,-1259,2080,2062,2846,2874,-5599
IMU1,23432,236361995,-907,2001,1928,2000,3069,-5111
IMU1,23433,236373063,-653,1815,1902,1169,3267,-4665
IMU1,23434,236384129,-480,1616,2055,430,3293,-4272
IMU1,23435,236394975,-300,1414,2268,-142,3141,-3924
IMU1,23436,236405945,-112,1175,2441,-511,2881,-3607
IMU1,23437,236416898,248,670,2602,-692,2566,-3314
IMU1,23438,236427540,386,449,2586,-620,1792,-2744
IMU1,23439,236438195,525,242,2508,-459,1344,-2442
IMU1,23440,236448862,662,57,2360,-255,913,-2146
IMU1,23441,236459116,757,-106,2127,-54,561,-1863
IMU1,23442,236469479,822,-240,1872,97,285,-1583
IMU1,23443,236479737,829,-350,1645,183,67,-1317
IMU1,23444,236489997,817,-510,1446,204,-108,-1076
IMU1,23445,236500541,895,-664,1236,169,-265,-877
IMU1,23446,236510888,949,-762,1073,83,-391,-730
IMU1,23447,236521048,965,-815,934,-42,-454,-620
IMU1,23448,236531095,1000,-880,891,-184,-455,-531
IMU1,23449,236541551,1003,-911,935,-317,-404,-453
IMU1,23450,236552539,960,-1023,929,-509,-260,-276
IMU1,23451,236562981,923,-1072,935,-582,-234,-164
# swing_peak_seq=23425
IMU1,23452,236573433,899,-1109,1032,-633,-239,-36
IMU1,23453,236583898,863,-1180,1133,-646,-275,92
IMU1,23454,236594257,863,-1277,1199,-624,-405,220
IMU1,23455,236604817,857,-1328,1240,-571,-626,337
IMU1,23456,236615365,821,-1405,1284,-492,-879,444
IMU1,23457,236625905,751,-1520,1253,-397,-1145,562
IMU1,23458,236636676,710,-1598,1132,-315,-1425,682
IMU1,23459,236647448,681,-1632,953,-279,-1662,791
IMU1,23460,236658516,624,-1709,827,-335,-1866,954
IMU1,23461,236669079,607,-1733,771,-426,-1911,998
IMU1,23462,236679648,559,-1698,770,-529,-1895,1022
IMU1,23463,236690410,511,-1691,818,-635,-1814,1034
IMU1,23464,236701166,418,-1711,885,-723,-1718,1037
IMU1,23465,236711922,322,-1770,875,-784,-1684,1042
IMU1,23466,236722677,199,-1809,822,-831,-1741,1056
IMU1,23467,236733435,55,-1783,845,-871,-1882,1086
IMU1,23468,236744006,-60,-1697,865,-901,-2094,1204
IMU1,23469,236754651,-127,-1608,887,-905,-2585,1263
IMU1,23470,236765484,-226,-1540,949,-872,-2779,1321
IMU1,23471,236776339,-345,-1526,884,-793,-3006,1394
IMU1,23472,236787196,-478,-1562,798,-707,-3336,1505
IMU1,23473,236798086,-570,-1558,643,-626,-3699,1638
IMU1,23474,236808951,-658,-1494,487,-599,-4030,1782
IMU1,23475,236819789,-683,-1421,339,-652,-4287,1926
IMU1,23476,236830624,-743,-1347,366,-766,-4493,2184
IMU1,23477,236841478,-840,-1272,501,-995,-4511,2295
IMU1,23478,236852329,-1033,-1260,534,-1010,-4575,2402
IMU1,23479,236863569,-1171,-1286,426,-974,-4695,2521
IMU1,23480,236874623,-1360,-1297,297,-935,-4830,2640
IMU1,23481,236885657,-1572,-1306,199,-933,-4920,2774
IMU1,23482,236896709,-1453,-1120,-34,-979,-4900,2909
IMU1,23483,236907648,-1569,-1504,324,-1101,-4451,3049
IMU1,23484,236918904,-1384,-1178,500,-1217,-4207,3076
IMU1,23485,236930156,-1489,-1101,784,-1123,-4041,2988
IMU1,23486,236941405,-1468,-993,647,-943,-4029,2836
IMU1,23487,236952252,-1694,-1036,631,-775,-4255,2671
IMU1,23488,236963315,-1906,-1039,675,-623,-4622,2564
IMU1,23489,236974365,-1929,-943,776,-481,-4961,2536
IMU1,23490,236985218,-1745,-929,802,-227,-5114,2547
IMU1,23491,236996083,-1687,-819,867,-108,-4970,2531
IMU1,23492,237006921,-1687,-665,875,-9,-4732,2477
IMU1,23493,237017375,-1701,-552,847,53,-4455,2391
IMU1,23494,237027949,-1688,-476,836,68,-4181,2302
IMU1,23495,237038509,-1682,-451,821,26,-3917,2227
IMU1,23496,237049068,-1723,-488,921,-54,-3666,2179
IMU1,23497,237059727,-1747,-469,1123,-126,-3425,2176
IMU1,23498,237073330,-1788,-378,1437,-90,-3022,2248
IMU1,23499,237084189,-1949,-337,1588,3,-2925,2310
IMU1,23500,237094745,-2062,-334,1638,128,-2939,2391
IMU1,23501,237105702,-2114,-362,1636,253,-3078,2488
IMU1,23502,237116668,-2021,-424,1611,349,-3234,2578
IMU1,23503,237127623,-1944,-418,1553,402,-3313,2630
IMU1,23504,237138585,-1577,-353,1592,442,-3325,2531
IMU1,23505,237149555,-1580,-367,1676,426,-3247,2386
IMU1,23506,237160524,-1483,-352,1953,390,-3053,2240
IMU1,23507,237171477,-1464,-278,2130,394,-2797,2078
IMU1,23508,237182443,-1516,-267,2237,424,-2603,1919
IMU1,23509,237193413,-1566,-280,2316,459,-2543,1798
IMU1,23510,237204393,-1567,-254,2372,495,-2590,1718
IMU1,23511,237215361,-1471,-184,2349,512,-2620,1607
IMU1,23512,237226316,-1457,-137,2352,453,-2551,1555
IMU1,23513,237237296,-1423,-113,2369,391,-2459,1497
IMU1,23514,237248270,-1366,-148,2343,318,-2348,1430
IMU1,23515,237259229,-1288,-132,2350,224,-2183,1351
IMU1,23516,237270187,-1241,-93,2369,137,-1994,1257
IMU1,23517,237280959,-1236,-94,2429,69,-1838,1164
IMU1,23518,237291524,-1250,-103,2506,34,-1711,1086
IMU1,23519,237302799,-1289,-105,2466,40,-1535,1006
IMU1,23520,237313551,-1233,-112,2480,59,-1484,992
IMU1,23521,237324106,-1125,-138,2513,75,-1445,968
IMU1,23522,237334658,-1030,-129,2525,103,-1395,909
IMU1,23523,237345414,-952,-127,2524,133,-1318,816
IMU1,23524,237355970,-1007,-94,2562,165,-1240,709
IMU1,23525,237366525,-986,-127,2586,209,-1201,607
IMU1,23526,237377064,-1004,-134,2547,254,-1146,520
IMU1,23527,237387816,-1005,-124,2475,288,-1105,450
IMU1,23528,237399098,-926,-124,2424,277,-1122,325
IMU1,23529,237409653,-884,-111,2362,236,-1176,270
IMU1,23530,237420207,-827,-105,2324,188,-1215,204
IMU1,23531,237430755,-771,-99,2299,132,-1230,148
IMU1,23532,237441125,-717,-97,2276,81,-1198,96
IMU1,23533,237451083,-660,-95,2264,37,-1115,48
IMU1,23534,237461041,-635,-73,2272,7,-1012,5
IMU1,23535,237470609,-594,-79,2260,-9,-918,-29
IMU1,23536,237480369,-551,-89,2229,-11,-860,-53
IMU1,23537,237490319,-515,-94,2157,-14,-837,-64
IMU1,23538,237500278,-454,-89,2089,-27,-804,-68
IMU1,23539,237510221,-402,-62,2056,-46,-727,-69
IMU1,23540,237520176,-391,-72,2081,-67,-617,-60
IMU1,23541,237530125,-338,-54,2078,-66,-505,-34
IMU1,23542,237540077,-382,-96,2112,-35,-416,0
IMU1,23543,237549638,-375,-102,2002,2,-339,49
IMU1,23544,237559395,-359,-81,2010,17,-261,110
IMU1,23545,237569361,-349,-56,2013,18,-190,175
IMU1,23546,237579280,-311,-53,2017,19,-141,237
IMU1,23547,237589218,-296,-59,2024,32,-110,292
IMU1,23548,237599157,-268,-107,2003,52,-93,340
IMU1,23549,237610661,-187,-140,2015,80,-32,399
IMU1,23550,237620594,-159,-152,2020,89,36,398
IMU1,23551,237630439,-135,-169,2030,88,107,377
IMU1,23552,237640479,-144,-185,2038,81,173,344
IMU1,23553,237650517,-129,-177,2055,67,227,305
IMU1,23554,237660563,-140,-185,2091,60,259,265
IMU1,23555,237670605,-164,-205,2146,57,272,229
IMU1,23556,237680641,-168,-208,2191,70,243,201
IMU1,23557,237690673,-136,-212,2206,97,164,172
IMU1,23558,237700727,-119,-197,2177,122,63,139
IMU1,23559,237710778,-130,-198,2140,129,-11,98
IMU1,23560,237720730,-127,-194,2091,118,-33,61
IMU1,23561,237730680,-139,-174,2074,83,-22,35
IMU1,23562,237740428,-161,-159,2070,37,0,15
IMU1,23563,237749784,-154,-176,2074,1,24,11
IMU1,23564,237759236,-135,-183,2086,-26,39,17
IMU1,23565,237768987,-119,-176,2097,-38,47,19
IMU1,23566,237778723,-108,-184,2107,-37,48,21
IMU1,23567,237788457,-97,-192,2090,-19,48,15
IMU1,23568,237797998,-88,-206,2089,-4,40,10
IMU1,23569,237807348,-78,-195,2085,1,21,2
IMU1,23570,237816413,-73,-189,2079,6,-6,-15
IMU1,23571,237825659,-75,-181,2072,11,-25,-34
IMU1,23572,237835294,-94,-186,2057,9,-29,-41
IMU1,23573,237844735,-98,-184,2044,2,-22,-40
IMU1,23574,237854175,-99,-179,2033,-11,-5,-33
IMU1,23575,237863723,-75,-158,1978,-33,22,-30
IMU1,23576,237873374,-51,-169,1984,-68,52,-35
IMU1,23577,237883028,-97,-215,2086,-100,83,-46
IMU1,23578,237892871,-56,-217,2104,-102,86,-47
IMU1,23579,237902717,-52,-206,2171,-69,44,-54
IMU1,23580,237912369,-53,-199,2139,-18,-15,-64
IMU1,23581,237922112,-79,-197,2112,22,-54,-66
IMU1,23582,237931761,-94,-184,2064,44,-62,-50
IMU1,23583,237941407,-105,-161,2038,43,-50,-25
IMU1,23584,237951250,-114,-155,2023,27,-14,7
IMU1,23585,237960814,-128,-149,2014,-5,34,41
IMU1,23586,237970361,-125,-153,2020,-42,73,74
IMU1,23587,237980122,-121,-159,2021,-73,97,96
IMU1,23588,237989874,-119,-167,2015,-100,110,112
IMU1,23589,238000217,-121,-170,2019,-118,114,118
IMU1,23590,238010555,-135,-179,2032,-129,115,123
IMU1,23591,238020906,-153,-192,2040,-131,123,133
IMU1,23592,238031253,-169,-201,2058,-119,137,148
IMU1,23593,238041604,-164,-209,2083,-104,159,162
IMU1,23594,238052972,-175,-216,2105,-66,182,168
IMU1,23595,238063125,-180,-215,2113,-36,183,163
IMU1,23596,238075835,-182,-215,2120,-7,174,148
IMU1,23597,238085802,-178,-219,2115,22,155,118
IMU1,23598,238095842,-182,-217,2107,44,129,83
IMU1,23599,238105686,-179,-213,2104,49,98,48
IMU1,23600,238115321,-185,-199,2098,45,74,14
IMU1,23601,238124965,-192,-187,2086,30,52,-15
IMU1,23602,238134697,-202,-173,2083,10,27,-41
IMU1,23603,238144433,-213,-171,2071,-13,-8,-59
IMU1,23604,238154161,-219,-166,2063,-33,-45,-67
IMU1,23605,238164096,-213,-148,2045,-57,-68,-68
IMU1,23606,238174028,-212,-141,2027,-81,-77,-64
IMU1,23607,238183971,-208,-151,2002,-105,-81,-55
IMU1,23608,238194102,-210,-156,1990,-124,-74,-43
IMU1,23609,238204242,-201,-167,2011,-137,-53,-29
IMU1,23610,238214369,-195,-179,2041,-131,-20,-18
IMU1,23611,238224509,-213,-190,2068,-99,15,-7
IMU1,23612,238235707,-206,-199,2048,-7,9,3
IMU1,23613,238244859,-196,-187,2022,32,-13,-2
IMU1,23614,238254491,-181,-170,1981,50,-22,-7
IMU1,23615,238264129,-179,-169,1959,39,-14,-9
IMU1,23616,238273773,-177,-170,1960,20,-3,-18
IMU1,23617,238283411,-191,-174,1979,-6,5,-21
IMU1,23618,238293386,-197,-181,2004,-20,8,-18
IMU1,23619,238303030,-203,-181,2021,-30,5,-12
IMU1,23620,238312688,-206,-184,2022,-21,3,-23
IMU1,23621,238322330,-216,-188,2027,-10,2,-27
IMU1,23622,238331980,-217,-200,2019,3,3,-15
IMU1,23623,238341345,-219,-202,2029,3,14,1
IMU1,23624,238351123,-211,-214,2049,5,33,15
IMU1,23625,238360588,-213,-234,2069,14,53,26
IMU1,23626,238370252,-205,-238,2085,22,63,37
IMU1,23627,238379910,-199,-239,2093,37,63,39
IMU1,23628,238389586,-194,-241,2081,57,48,29
IMU1,23629,238399237,-199,-240,2069,66,21,17
IMU1,23630,238408897,-195,-238,2047,67,2,5
IMU1,23631,238418146,-195,-232,2045,59,-3,-9
IMU1,23632,238427590,-200,-236,2053,49,-8,-17
IMU1,23633,238437239,-206,-241,2050,42,-1,-26
IMU1,23634,238446883,-205,-241,2053,42,-1,-30
IMU1,23635,238456523,-206,-234,2051,32,-1,-33
IMU1,23636,238466173,-206,-233,2049,30,-3,-33
IMU1,23637,238475821,-209,-231,2044,21,-4,-33
IMU1,23638,238485473,-212,-227,2050,17,0,-30
IMU1,23639,238494928,-213,-220,2049,10,13,-28
IMU1,23640,238504671,-217,-224,2047,2,26,-21
IMU1,23641,238514222,-221,-230,2054,-6,31,-16
IMU1,23642,238523880,-208,-234,2061,-16,30,-11
IMU1,23643,238533730,-198,-239,2080,-20,31,-10
IMU1,23644,238543582,-197,-236,2089,-14,40,-16
IMU1,23645,238553432,-195,-234,2089,-10,45,-28
IMU1,23646,238563279,-198,-239,2087,-3,31,-41
IMU1,23647,238572917,-197,-228,2081,3,15,-55
IMU1,23648,238582458,-197,-215,2069,3,2,-67
IMU1,23649,238591808,-205,-208,2063,-2,-6,-76
IMU1,23650,238601370,-218,-203,2059,-4,-14,-77
IMU1,23651,238611105,-229,-198,2060,-12,-16,-68
IMU1,23652,238621049,-225,-194,2064,-19,-17,-56
IMU1,23653,238630982,-218,-201,2063,-19,-14,-46
IMU1,23654,238640918,-215,-199,2067,-18,-7,-40
IMU1,23655,238650653,-209,-201,2061,-15,1,-39
IMU1,23656,238660295,-207,-204,2064,-14,4,-37
IMU1,23657,238669935,-222,-209,2056,-4,4,-34
IMU1,23658,238679384,-230,-213,2052,2,3,-28
IMU1,23659,238688740,-239,-207,2046,10,5,-15
IMU1,23660,238698289,-240,-206,2028,16,7,-3
IMU1,23661,238707634,-232,-205,2010,8,15,8
IMU1,23662,238716895,-228,-195,2007,-4,31,12
IMU1,23663,238726444,-225,-205,1996,-18,46,12
IMU1,23664,238736174,-224,-213,1994,-36,50,9
IMU1,23665,238745719,-217,-219,1999,-45,48,0
IMU1,23666,238755162,-206,-233,2009,-49,39,-11
IMU1,23667,238765012,-202,-241,2021,-37,31,-28
IMU1,23668,238774853,-194,-238,2029,-18,28,-50
IMU1,23669,238784703,-196,-234,2026,2,22,-71
IMU1,23670,238794258,-206,-224,2024,21,17,-89
IMU1,23671,238804009,-215,-214,2026,36,14,-102
IMU1,23672,238813944,-212,-209,2038,46,16,-105
IMU1,23673,238823892,-217,-193,2006,55,19,-101
IMU1,23674,238833838,-215,-195,1988,42,28,-89
IMU1,23675,238843595,-217,-194,2007,12,44,-72
IMU1,23676,238853351,-208,-212,2044,-13,60,-56
IMU1,23677,238863195,-212,-226,2068,-28,66,-43
IMU1,23678,238873053,-209,-233,2077,-30,53,-34
IMU1,23679,238882915,-196,-239,2088,-23,36,-29
IMU1,23680,238892754,-191,-242,2095,-12,28,-27
IMU1,23681,238902592,-192,-244,2089,-1,23,-29
IMU1,23682,238912221,-188,-250,2087,13,10,-34
IMU1,23683,238921949,-188,-252,2076,28,-8,-42
IMU1,23684,238931585,-184,-247,2062,37,-18,-53
IMU1,23685,238941422,-189,-241,2047,40,-23,-64
IMU1,23686,238951263,-191,-233,2028,39,-32,-73
IMU1,23687,238961109,-201,-231,2022,28,-44,-77
IMU1,23688,238970948,-204,-223,2017,20,-52,-78
IMU1,23689,238980788,-214,-222,2014,12,-51,-72
IMU1,23690,238990639,-210,-231,2029,8,-48,-61
IMU1,23691,239000294,-209,-234,2042,12,-41,-52
IMU1,23692,239010148,-192,-219,1996,17,-44,-43
IMU1,23693,239019995,-199,-233,2000,10,-41,-38
IMU1,23694,239029851,-205,-240,2037,-1,-29,-35
IMU1,23695,239039594,-205,-248,2051,1,-34,-24
IMU1,23696,239049261,-195,-255,2075,24,-52,-18
IMU1,23697,239059107,-201,-245,2021,48,-66,-16
IMU1,23698,239068954,-217,-249,2032,51,-43,-14
IMU1,23699,239081541,-228,-233,2036,25,24,8
IMU1,23700,239091529,-243,-244,2048,7,34,20
IMU1,23701,239100984,-241,-242,2063,-9,28,37
IMU1,23702,239110547,-228,-245,2063,-21,11,51
IMU1,23703,239120296,-228,-244,2068,-30,-8,40
IMU1,23704,239129944,-240,-256,2072,-38,-21,27
IMU1,23705,239139785,-240,-261,2082,-30,-32,18
IMU1,23706,239149637,-243,-255,2074,-25,-39,9
IMU1,23707,239159294,-246,-255,2050,-9,-46,-1
IMU1,23708,239168848,-248,-249,2033,-3,-45,-8
IMU1,23709,239178387,-251,-242,2029,-6,-31,-12
IMU1,23710,239188139,-261,-238,2027,-10,-9,-14
IMU1,23711,239197896,-260,-246,2040,-13,5,-12
IMU1,23712,239207561,-266,-237,2066,-8,15,-8
IMU1,23713,239217001,-276,-237,2073,2,15,-3
IMU1,23714,239226349,-274,-243,2080,15,8,3
IMU1,23715,239235604,-275,-238,2066,31,2,13
IMU1,23716,239245058,-268,-234,2040,39,15,13
IMU1,23717,239254706,-269,-229,2018,29,32,17
IMU1,23718,239264363,-269,-232,2012,12,50,12
IMU1,23719,239274009,-269,-235,2013,-13,59,8
IMU1,23720,239283560,-276,-230,2021,-37,72,1
IMU1,23721,239293113,-277,-226,2027,-50,80,-8
IMU1,23722,239302769,-275,-229,2034,-57,66,-9
IMU1,23723,239312420,-269,-234,2040,-47,52,-15
IMU1,23724,239322261,-268,-234,2036,-41,33,-17
IMU1,23725,239332105,-258,-241,2037,-27,20,-24
IMU1,23726,239341948,-252,-241,2053,-12,9,-32
IMU1,23727,239351603,-249,-246,2066,9,3,-43
IMU1,23728,239360965,-251,-245,2062,33,1,-55
IMU1,23729,239370501,-253,-244,2044,53,-4,-64
IMU1,23730,239380135,-256,-234,2030,65,5,-71
IMU1,23731,239389693,-258,-221,2017,65,21,-73
IMU1,23732,239399445,-265,-214,2002,50,40,-72
IMU1,23733,239409196,-270,-208,2012,28,51,-65
IMU1,23734,239418955,-276,-198,2028,10,52,-55
IMU1,23735,239428707,-272,-216,2048,3,47,-43
IMU1,23736,239438261,-275,-229,2054,3,38,-30
IMU1,23737,239447820,-264,-227,2052,11,22,-20
IMU1,23738,239457575,-259,-233,2040,20,13,-19
IMU1,23739,239467327,-254,-238,2022,31,18,-22
IMU1,23740,239477082,-254,-239,2006,30,31,-30
IMU1,23741,239486841,-246,-236,2005,25,39,-42
IMU1,23742,239496596,-236,-239,2004,20,41,-59
IMU1,23743,239506351,-243,-240,2014,18,39,-73
IMU1,23744,239516113,-238,-235,2027,23,34,-84
IMU1,23745,239525877,-243,-236,2037,33,26,-88
IMU1,23746,239535637,-249,-235,2029,46,20,-84
IMU1,23747,239545390,-255,-229,2026,53,17,-71
IMU1,23748,239555151,-254,-225,2023,58,24,-55
IMU1,23749,239564912,-250,-223,2025,62,37,-39
IMU1,23750,239574661,-244,-222,2030,66,47,-26
IMU1,23751,239584424,-240,-233,2041,70,43,-17
IMU1,23752,239594182,-230,-238,2060,75,36,-15
IMU1,23753,239603958,-234,-240,2067,73,32,-14
IMU1,23754,239613727,-241,-249,2066,69,32,-14
IMU1,23755,239623496,-246,-245,2062,61,32,-11
IMU1,23756,239633243,-244,-241,2056,46,31,-6
IMU1,23757,239642794,-244,-242,2055,28,28,-4
IMU1,23758,239652345,-244,-243,2059,17,22,-6
IMU1,23759,239661896,-244,-244,2064,14,12,-12
IMU1,23760,239671649,-248,-246,2072,14,-3,-15
IMU1,23761,239681301,-250,-255,2068,22,-16,-20
IMU1,23762,239691134,-253,-260,2054,28,-26,-25
IMU1,23763,239700984,-253,-250,2033,30,-31,-30
IMU1,23764,239710827,-253,-248,2020,22,-31,-33
IMU1,23765,239720671,-258,-249,2016,6,-30,-36
IMU1,23766,239730313,-265,-251,2028,-6,-30,-36
IMU1,23767,239740064,-267,-252,2034,-15,-30,-33
IMU1,23768,239750009,-267,-255,2039,-15,-29,-28
IMU1,23769,239759949,-266,-253,2048,-7,-25,-21
IMU1,23770,239769699,-264,-262,2052,2,-23,-13
IMU1,23771,239779339,-269,-264,2049,9,-14,-6
IMU1,23772,239788798,-272,-260,2037,13,3,-1
IMU1,23773,239798174,-268,-255,2040,15,10,0
IMU1,23774,239807541,-266,-255,2041,9,6,-4
IMU1,23775,239816716,-271,-251,2034,7,-8,-11
IMU1,23776,239826185,-264,-253,2029,5,-19,-22
IMU1,23777,239835835,-261,-246,2027,3,-21,-31
IMU1,23778,239845500,-261,-244,2024,-1,-18,-37
IMU1,23779,239855252,-263,-243,2025,-5,-10,-43
IMU1,23780,239865007,-268,-241,2033,-8,-3,-43
IMU1,23781,239874551,-270,-239,2039,-9,5,-40
IMU1,23782,239884008,-273,-237,2028,-15,9,-32
IMU1,23783,239893654,-270,-232,2025,-24,7,-26
IMU1,23784,239903308,-269,-231,2021,-32,2,-20
IMU1,23785,239912965,-265,-231,2025,-36,-6,-16
IMU1,23786,239922708,-265,-235,2030,-36,-12,-17
IMU1,23787,239932667,-265,-238,2038,-24,-18,-20
IMU1,23788,239942620,-263,-243,2039,-4,-23,-25
IMU1,23789,239952369,-266,-246,2032,14,-25,-28
IMU1,23790,239962215,-265,-244,2025,27,-15,-30
IMU1,23791,239972071,-266,-223,2017,34,3,-32
IMU1,23792,239981639,-269,-217,2023,29,17,-30
IMU1,23793,239991404,-277,-216,2034,20,19,-26
IMU1,23794,240001173,-280,-216,2046,8,10,-18
IMU1,23795,240010712,-285,-214,2050,0,-1,-10
IMU1,23796,240020060,-282,-228,2046,-2,-9,-1
IMU1,23797,240029402,-273,-236,2047,-3,-11,7
IMU1,23798,240038839,-269,-240,2045,-1,-10,9
IMU1,23799,240048269,-266,-241,2039,4,-10,5
IMU1,23800,240057606,-272,-240,2030,11,-14,1
IMU1,23801,240067135,-272,-241,2012,15,-19,-4
IMU1,23802,240076770,-270,-232,2007,12,-20,-11
IMU1,23803,240089363,-274,-233,2007,9,-17,-16
IMU1,23804,240099001,-281,-231,2019,5,-11,-18
IMU1,23805,240108643,-284,-234,2034,8,-8,-15
IMU1,23806,240118086,-284,-243,2031,15,-15,-7
IMU1,23807,240127722,-285,-237,2023,20,-15,3
IMU1,23808,240137283,-291,-232,2016,20,-6,11
IMU1,23809,240146824,-295,-235,2014,13,6,19
IMU1,23810,240156278,-295,-239,2021,3,13,27
IMU1,23811,240165732,-295,-237,2027,-1,10,31
IMU1,23812,240175286,-294,-232,2036,-5,11,29
IMU1,23813,240184841,-291,-241,2045,-3,9,32
IMU1,23814,240194189,-294,-250,2040,8,6,36
IMU1,23815,240203443,-292,-249,2043,14,4,40
IMU1,23816,240212892,-293,-250,2046,18,8,40
IMU1,23817,240222339,-292,-254,2038,21,14,41
IMU1,23818,240231999,-294,-248,2038,22,12,38
IMU1,23819,240241653,-294,-248,2045,17,10,29
IMU1,23820,240251294,-300,-254,2059,14,3,20
IMU1,23821,240260748,-301,-256,2052,15,-12,12
IMU1,23822,240270499,-301,-250,2041,13,-20,6
IMU1,23823,240280052,-305,-252,2037,12,-23,0
IMU1,23824,240289503,-307,-264,2030,13,-18,-2
IMU1,23825,240299151,-306,-258,2035,4,-4,-1
IMU1,23826,240308417,-301,-256,2045,4,15,-4
IMU1,23827,240317777,-295,-257,2050,1,23,-7
IMU1,23828,240327139,-293,-262,2059,3,11,-10
IMU1,23829,240336695,-285,-259,2054,13,-13,-18
IMU1,23830,240346532,-280,-256,2049,21,-35,-32
IMU1,23831,240356382,-268,-254,2032,25,-53,-43
IMU1,23832,240366231,-266,-254,2027,26,-66,-54
IMU1,23833,240376081,-261,-257,2031,23,-71,-65
IMU1,23834,240385931,-260,-258,2037,23,-68,-73
IMU1,23835,240395776,-263,-252,2035,23,-61,-75
IMU1,23836,240405630,-265,-249,2032,20,-50,-67
IMU1,23837,240415477,-271,-244,2030,18,-36,-57
IMU1,23838,240425331,-274,-239,2032,14,-28,-41
IMU1,23839,240435183,-276,-239,2032,13,-24,-24
IMU1,23840,240445057,-270,-235,2034,16,-20,-11
IMU1,23841,240454901,-269,-244,2038,15,-31,3
IMU1,23842,240464450,-266,-248,2043,22,-42,9
IMU1,23843,240473993,-271,-248,2057,29,-53,22
IMU1,23844,240483746,-260,-240,2084,34,-53,30
IMU1,23845,240493496,-272,-233,2081,46,-54,24
IMU1,23846,240504806,-287,-219,2032,40,-42,42
IMU1,23847,240514553,-281,-212,2005,21,-41,64
IMU1,23848,240524308,-277,-207,1988,-1,-42,82
IMU1,23849,240533954,-272,-215,1984,-22,-40,93
IMU1,23850,240543804,-269,-224,1995,-37,-38,102
IMU1,23851,240553857,-264,-241,2008,-20,-31,103
IMU1,23852,240563897,-266,-252,2017,1,-23,100
IMU1,23853,240573640,-257,-249,2015,25,-14,93
IMU1,23854,240583388,-257,-244,2022,48,-5,78
IMU1,23855,240592944,-259,-239,2032,66,4,57
IMU1,23856,240602412,-266,-235,2035,80,6,38
IMU1,23857,240611869,-273,-229,2039,90,-13,22
IMU1,23858,240621625,-274,-225,2042,101,-42,13
IMU1,23859,240631577,-266,-227,2040,102,-61,11
IMU1,23860,240641542,-269,-226,2034,96,-61,5
IMU1,23861,240651077,-262,-227,2034,85,-51,4
IMU1,23862,240660620,-263,-226,2037,74,-35,5
IMU1,23863,240670163,-267,-229,2045,55,-17,4
IMU1,23864,240679710,-266,-229,2047,38,-6,1
IMU1,23865,240689063,-266,-225,2058,17,-2,-4
IMU1,23866,240698502,-266,-231,2067,-3,-11,-9
IMU1,23867,240708042,-270,-231,2080,-8,-21,-14
IMU1,23868,240717772,-269,-237,2093,-4,-38,-19
IMU1,23869,240727511,-270,-239,2082,14,-60,-24
IMU1,23870,240737357,-266,-232,2061,33,-86,-28
IMU1,23871,240747204,-259,-224,2043,46,-94,-33
IMU1,23872,240757044,-256,-225,2024,48,-87,-36
IMU1,23873,240766891,-259,-221,2011,44,-71,-37
IMU1,23874,240776739,-257,-206,2005,39,-59,-36
IMU1,23875,240786584,-264,-203,2002,38,-52,-34
IMU1,23876,240796426,-260,-199,2000,32,-49,-30
IMU1,23877,240806273,-254,-203,2003,29,-43,-22
IMU1,23878,240816111,-255,-206,2004,26,-31,-13
IMU1,23879,240825948,-258,-205,2028,26,-20,-3
IMU1,23880,240835588,-263,-216,2049,32,-20,7
IMU1,23881,240845141,-268,-230,2052,47,-37,20
IMU1,23882,240854869,-268,-231,2051,59,-56,32
IMU1,23883,240864616,-262,-224,2046,69,-61,42
IMU1,23884,240874358,-259,-238,2038,75,-49,50
IMU1,23885,240884110,-262,-240,2024,72,-37,56
IMU1,23886,240893855,-254,-232,2022,59,-29,60
IMU1,23887,240903605,-257,-228,2011,36,-18,60
IMU1,23888,240913348,-263,-228,2013,14,-7,52
IMU1,23889,240922895,-264,-228,2014,-8,-6,43
IMU1,23890,240932333,-265,-224,2013,-27,-16,35
IMU1,23891,240942171,-265,-230,2011,-36,-26,27
IMU1,23892,240952016,-264,-229,2019,-36,-26,23
IMU1,23893,240961855,-268,-230,2037,-27,-18,17
IMU1,23894,240971691,-266,-236,2063,-6,-10,13
IMU1,23895,240981335,-275,-242,2080,20,-14,11
IMU1,23896,240991079,-266,-241,2088,52,-19,8
IMU1,23897,241000632,-255,-235,2078,81,-24,1
IMU1,23898,241010190,-260,-229,2059,88,-28,-9
IMU1,23899,241019838,-260,-214,2048,84,-26,-19
IMU1,23900,241029688,-268,-207,2044,62,-20,-22
IMU1,23901,241039527,-276,-203,2049,34,-10,-22
IMU1,23902,241049375,-279,-211,2055,9,-7,-18
IMU1,23903,241058842,-272,-205,2060,-13,-9,-13
IMU1,23904,241068585,-273,-204,2062,-29,-16,-11
IMU1,23905,241078532,-268,-198,2065,-37,-21,-10
IMU1,23906,241091224,-274,-203,2058,-30,-32,-9
IMU1,23907,241100965,-277,-201,2047,-28,-31,-2
IMU1,23908,241110702,-278,-202,2037,-14,-35,3
IMU1,23909,241120369,-272,-202,2021,-4,-37,8
IMU1,23910,241129822,-278,-198,2016,4,-29,7
IMU1,23911,241139708,-274,-198,2017,4,-19,8
IMU1,23912,241149076,-272,-199,2014,3,-4,3
IMU1,23913,241158777,-273,-206,2017,2,3,-6
IMU1,23914,241168460,-272,-204,2033,-2,5,-12
IMU1,23915,241177917,-275,-201,2042,0,4,-13
IMU1,23916,241187686,-274,-208,2051,7,6,-18
IMU1,23917,241197038,-280,-208,2057,18,-5,-12
IMU1,23918,241206686,-271,-208,2050,30,-20,-7
IMU1,23919,241216330,-269,-205,2047,33,-24,-6
IMU1,23920,241225962,-264,-207,2045,35,-18,-5
IMU1,23921,241235602,-254,-207,2049,31,-10,-6
IMU1,23922,241245240,-252,-211,2053,33,-3,-9
IMU1,23923,241254691,-249,-210,2062,32,-7,-16
IMU1,23924,241264324,-255,-217,2063,38,-13,-22
IMU1,23925,241274161,-258,-218,2052,38,-20,-27
IMU1,23926,241284007,-249,-220,2050,39,-26,-29
IMU1,23927,241293830,-246,-208,2043,32,-23,-31
IMU1,23928,241303667,-249,-210,2036,27,-20,-36
IMU1,23929,241313511,-247,-212,2030,18,-24,-36
IMU1,23930,241323354,-251,-217,2030,9,-20,-34
IMU1,23931,241333008,-260,-217,2041,3,-2,-31
IMU1,23932,241342459,-254,-217,2065,1,5,-21
IMU1,23933,241351813,-246,-227,2063,13,-8,-16
IMU1,23934,241361461,-242,-231,2041,28,-34,-15
IMU1,23935,241371299,-232,-224,2018,34,-47,-16
IMU1,23936,241381144,-233,-215,2024,32,-39,-20
IMU1,23937,241390990,-230,-222,2026,30,-28,-28
IMU1,23938,241400844,-238,-224,2033,28,-25,-35
IMU1,23939,241410693,-233,-218,2033,26,-33,-37
IMU1,23940,241420539,-238,-218,2022,22,-36,-40
IMU1,23941,241430388,-239,-209,2016,18,-31,-43
IMU1,23942,241440244,-245,-203,2009,11,-16,-44
IMU1,23943,241450069,-255,-204,2006,1,-2,-37
IMU1,23944,241459518,-263,-209,2019,-4,11,-27
IMU1,23945,241469158,-269,-210,2033,-3,18,-12
IMU1,23946,241478812,-268,-207,2036,-2,30,5
IMU1,23947,241488170,-278,-209,2029,0,48,21
IMU1,23948,241497522,-271,-219,2046,0,23,29
IMU1,23949,241506896,-266,-208,2062,-6,0,29
IMU1,23950,241516150,-260,-214,2057,-10,1,26
IMU1,23951,241525714,-262,-223,2051,-22,5,22
IMU1,23952,241535279,-277,-232,2065,-18,28,15
IMU1,23953,241545052,-282,-239,2077,3,36,8
IMU1,23954,241554322,-282,-232,2068,39,21,3
IMU1,23955,241563793,-275,-215,2045,72,5,0
IMU1,23956,241572968,-281,-211,2006,85,23,2
IMU1,23957,241582428,-290,-202,1992,70,60,7
IMU1,23958,241591895,-287,-201,2025,44,76,6
IMU1,23959,241601372,-283,-209,2079,15,74,-1
IMU1,23960,241610927,-282,-223,2114,-2,73,-9
IMU1,23961,241620386,-285,-241,2116,2,43,-14
IMU1,23962,241629945,-291,-245,2099,12,-1,-23
IMU1,23963,241639596,-291,-239,2065,18,-30,-27
IMU1,23964,241649458,-294,-222,2025,16,-28,-32
IMU1,23965,241659310,-302,-212,2009,5,-11,-33
IMU1,23966,241668974,-302,-212,2031,-5,6,-29
IMU1,23967,241678411,-294,-212,2071,-1,17,-19
IMU1,23968,241688048,-286,-222,2079,16,20,-11
IMU1,23969,241697781,-278,-228,2066,44,10,-5
IMU1,23970,241707323,-271,-229,2030,61,12,-3
IMU1,23971,241716875,-260,-229,2012,65,30,-8
IMU1,23972,241726422,-263,-221,2015,52,39,-21
IMU1,23973,241736168,-267,-229,2033,37,42,-40
IMU1,23974,241745911,-271,-219,2045,28,36,-53
IMU1,23975,241755676,-279,-221,2053,24,13,-63
IMU1,23976,241765437,-285,-218,2054,22,-10,-63
IMU1,23977,241775292,-283,-213,2042,25,-21,-60
IMU1,23978,241785140,-280,-217,2038,30,-23,-59
IMU1,23979,241794994,-273,-217,2038,29,-17,-54
IMU1,23980,241804843,-268,-208,2035,32,-11,-56
IMU1,23981,241814679,-268,-202,2032,31,-19,-56
IMU1,23982,241824534,-278,-207,2018,28,-27,-55
IMU1,23983,241834380,-277,-190,2004,23,-25,-48
IMU1,23984,241844223,-284,-183,2012,15,-15,-40
IMU1,23985,241854057,-288,-165,1973,9,3,-28
IMU1,23986,241863415,-296,-140,1891,-11,25,-14
IMU1,23987,241873270,-287,-230,2062,-49,69,7
IMU1,23988,241882828,-343,-212,2052,-51,104,30
IMU1,23989,241892780,-272,-225,2118,-25,93,48
IMU1,23990,241902543,-284,-246,2074,13,75,46
IMU1,23991,241912211,-281,-232,2034,42,63,32
IMU1,23992,241921881,-289,-219,2014,55,66,17
IMU1,23993,241931526,-279,-196,2004,55,60,8
IMU1,23994,241940977,-297,-198,2002,48,39,0
IMU1,23995,241950330,-300,-203,2006,38,23,1
IMU1,23996,241959799,-297,-201,2014,31,19,6
IMU1,23997,241969262,-293,-208,2019,26,23,13
IMU1,23998,241978923,-297,-211,2028,27,35,15
IMU1,23999,241988579,-293,-210,2029,28,43,13
IMU1,24000,241998237,-293,-208,2023,29,46,8
IMU1,24001,242007679,-295,-198,2027,25,51,1
IMU1,24002,242017127,-300,-196,2038,22,56,-8
IMU1,24003,242026670,-316,-198,2040,19,65,-8
IMU1,24004,242036215,-326,-196,2058,20,63,-1
IMU1,24005,242045753,-327,-188,2064,22,56,10
IMU1,24006,242055399,-332,-178,2067,30,53,20
IMU1,24007,242065044,-338,-176,2060,30,49,30
IMU1,24008,242074687,-343,-175,2053,34,40,38
IMU1,24009,242084322,-342,-177,2049,30,30,43
IMU1,24010,242096698,-335,-178,2051,23,6,41
IMU1,24011,242106134,-336,-183,2061,18,20,31
IMU1,24012,242115779,-344,-191,2057,15,35,23
IMU1,24013,242125425,-352,-203,2054,19,20,8
IMU1,24014,242134871,-357,-196,2046,25,-5,-4
IMU1,24015,242144322,-351,-196,2040,26,-30,-14
IMU1,24016,242154157,-351,-186,2016,23,-50,-24
IMU1,24017,242164006,-353,-183,1998,16,-67,-33
IMU1,24018,242173839,-350,-172,1979,6,-76,-36
IMU1,24019,242183492,-348,-172,1966,-5,-72,-34
IMU1,24020,242193225,-343,-169,1953,-14,-54,-27
IMU1,24021,242203153,-339,-181,1983,-22,-28,-20
IMU1,24022,242213083,-328,-190,2025,-18,2,-10
IMU1,24023,242222721,-327,-195,2049,8,24,0
IMU1,24024,242231869,-327,-186,2027,29,33,11
IMU1,24025,242241520,-326,-176,2013,36,46,16
IMU1,24026,242251153,-329,-167,2018,27,59,24
IMU1,24027,242260799,-337,-168,2026,8,67,34
IMU1,24028,242270249,-337,-172,2056,-10,59,44
IMU1,24029,242279995,-337,-182,2092,-15,37,51
IMU1,24030,242289738,-328,-200,2112,-6,10,54
IMU1,24031,242299283,-330,-216,2109,19,-15,49
IMU1,24032,242309023,-333,-209,2092,42,-30,40
IMU1,24033,242318771,-323,-206,2068,61,-33,25
IMU1,24034,242328524,-331,-204,2044,63,-25,7
IMU1,24035,242338069,-332,-196,2019,53,-24,-7
IMU1,24036,242347711,-328,-186,2008,33,-25,-23
IMU1,24037,242357550,-330,-182,2004,9,-29,-40
IMU1,24038,242367199,-332,-187,2015,-11,-37,-53
IMU1,24039,242377151,-335,-194,2025,-17,-48,-62
IMU1,24040,242387096,-337,-201,2027,-10,-53,-69
IMU1,24041,242397039,-332,-204,2035,0,-55,-71
IMU1,24042,242406597,-333,-206,2031,19,-50,-72
IMU1,24043,242416430,-326,-194,2014,39,-48,-73
IMU1,24044,242426273,-325,-192,1997,45,-50,-70
IMU1,24045,242436121,-322,-186,1981,42,-45,-63
IMU1,24046,242447516,-313,-185,1982,13,-29,-45
IMU1,24047,242457363,-312,-186,1997,-1,-22,-36
IMU1,24048,242467117,-310,-196,2017,-2,-16,-37
IMU1,24049,242476874,-309,-198,2024,4,-16,-36
IMU1,24050,242486525,-307,-195,2027,10,-20,-31
IMU1,24051,242496347,-306,-201,2029,18,-20,-32
IMU1,24052,242506164,-300,-200,2026,18,-25,-28
IMU1,24053,242515993,-303,-200,2025,15,-27,-26
IMU1,24054,242525830,-303,-199,2019,12,-34,-25
IMU1,24055,242535666,-302,-204,2025,8,-40,-22
IMU1,24056,242545305,-305,-210,2036,9,-46,-18
IMU1,24057,242554943,-302,-221,2039,15,-46,-15
IMU1,24058,242564783,-295,-215,2040,25,-41,-14
IMU1,24059,242574618,-294,-208,2039,31,-30,-16
IMU1,24060,242584453,-300,-221,2040,39,-25,-14
IMU1,24061,242594290,-307,-220,2038,45,-26,-5
IMU1,24062,242603928,-292,-212,2044,42,-34,2
IMU1,24063,242613473,-297,-207,2050,36,-25,8
IMU1,24064,242623018,-297,-205,2046,27,-15,14
IMU1,24065,242632765,-305,-214,2045,22,-17,19
IMU1,24066,242642511,-299,-210,2051,13,-18,26
IMU1,24067,242652255,-292,-201,2044,8,-27,29
IMU1,24068,242661790,-287,-199,2046,7,-47,29
IMU1,24069,242671335,-273,-189,2040,11,-33,28
IMU1,24070,242681086,-272,-186,1977,21,-8,26
IMU1,24071,242690637,-275,-182,1970,17,-28,28
IMU1,24072,242700365,-284,-170,2000,15,-34,37
IMU1,24073,242710103,-281,-178,2028,19,-42,48
IMU1,24074,242719841,-283,-185,2024,34,-54,58
IMU1,24075,242729590,-276,-176,1988,48,-66,66
IMU1,24076,242739336,-277,-166,1960,48,-59,73
IMU1,24077,242749070,-280,-149,1964,35,-46,76
IMU1,24078,242758821,-267,-140,1971,23,-30,78
IMU1,24079,242768569,-294,-136,1980,17,12,81
IMU1,24080,242778217,-325,-138,1982,22,73,94
IMU1,24081,242787870,-357,-110,1982,31,150,115
IMU1,24082,242797925,-423,-73,1992,44,250,142
IMU1,24083,242807782,-547,-36,1983,66,400,186
IMU1,24084,242817637,-699,47,1973,86,533,246
IMU1,24085,242827377,-954,151,1904,97,781,341
IMU1,24086,242837348,-1189,270,1820,94,1104,466
IMU1,24087,242847715,-1562,407,1644,73,1537,618
IMU1,24088,242858082,-1985,635,1567,13,2156,816
IMU1,24089,242868448,-2465,980,1630,-48,2946,1038
IMU1,24090,242879105,-3917,1533,1643,-78,4778,1499
IMU1,24091,242889994,-4736,1861,1112,-68,5681,1780
IMU1,24092,242900871,-5338,2258,513,-171,6444,2041
IMU1,24093,242911719,-5600,2547,94,-327,7074,2158
IMU1,24094,242922399,-5609,2837,-84,-430,7565,2030
IMU1,24095,242933167,-5611,3031,238,-299,7882,1611
IMU1,24096,242944042,-5827,3151,514,249,7909,973
IMU1,24097,242954608,-6050,3521,653,1217,7565,277
IMU1,24098,242965384,-6412,4151,676,2485,7001,-413
IMU1,24099,242976254,-6600,4190,927,5305,5803,-1644
IMU1,24100,242987306,-6701,4293,1156,6595,5583,-2112
IMU1,24101,242998596,-6804,4423,1306,7660,5675,-2503
IMU1,24102,243009880,-6919,4427,1582,8450,5896,-2855
IMU1,24103,243021170,-6933,4343,2008,8990,6229,-3225
IMU1,24104,243032450,-6983,4186,3027,9363,6544,-3659
IMU1,24105,243043748,-7002,4091,3196,9736,6042,-4725
IMU1,24106,243055061,-6785,3963,3324,9632,5316,-5280
IMU1,24107,243066351,-6460,3767,3349,9362,4680,-5796
IMU1,24108,243077647,-5993,3643,3320,9034,4255,-6241
IMU1,24109,243088940,-5484,3567,3383,8703,4106,-6615
IMU1,24110,243102782,-4468,3362,3216,8165,3995,-7092
IMU1,24111,243114068,-3954,3268,3083,7897,3734,-7184
IMU1,24112,243125377,-3323,3135,2930,7548,3363,-7172
IMU1,24113,243136683,-2536,3160,3111,7086,3065,-7082
IMU1,24114,243147990,-1240,3268,3337,6563,3028,-6935
IMU1,24115,243159284,-929,3234,3223,5359,3707,-6378
IMU1,24116,243170373,-639,3030,3297,4636,3902,-5934
IMU1,24117,243181482,-400,2631,3372,3846,3780,-5417
IMU1,24118,243192561,-146,2258,3422,3005,3304,-4860
IMU1,24119,243203647,47,1923,3311,2125,2448,-4284
IMU1,24120,243214394,199,1715,2990,1217,1448,-3679
IMU1,24121,243225361,489,1421,2281,324,402,-2401
IMU1,24122,243235906,590,1281,2121,-1166,512,-1795
IMU1,24123,243246756,693,1019,2110,-1642,733,-1277
IMU1,24124,243257610,837,721,2196,-1906,918,-874
IMU1,24125,243268070,970,472,2240,-1992,1002,-607
IMU1,24126,243278722,1041,223,2279,-1939,902,-453
IMU1,24127,243289373,1033,18,2318,-1782,621,-374
IMU1,24128,243299841,1095,-229,2236,-1564,264,-318
IMU1,24129,243310601,1144,-412,2187,-1340,-89,-261
IMU1,24130,243321236,900,-694,2038,-1119,-429,-192
IMU1,24131,243331889,818,-890,1994,-704,-1181,63
# swing_peak_seq=24105
IMU1,24132,243342238,834,-1014,1950,-496,-1519,249
IMU1,24133,243352992,939,-1111,1849,-315,-1757,439
IMU1,24134,243363762,975,-1232,1699,-179,-1900,584
IMU1,24135,243374516,950,-1377,1639,-93,-2025,684
IMU1,24136,243385066,922,-1433,1622,-43,-2164,763
IMU1,24137,243395614,979,-1402,1654,-2,-2324,816
IMU1,24138,243405961,1353,-1067,1802,54,-2466,794
IMU1,24139,243416620,234,-2054,2223,276,-2576,637
IMU1,24140,243427289,609,-1267,1424,428,-3419,1077
IMU1,24141,243438149,757,-1209,1286,452,-3433,1152
IMU1,24142,243449014,441,-1304,855,331,-3227,1150
IMU1,24143,243459669,331,-1121,776,84,-3144,1214
IMU1,24144,243470136,210,-1402,470,-361,-3107,1354
IMU1,24145,243480892,86,-2084,2062,-763,-3014,1549
IMU1,24146,243491652,-162,-1139,1223,-821,-3105,1732
IMU1,24147,243502707,119,-1198,1683,-867,-3441,1844
IMU1,24148,243513670,-248,-1192,1338,-832,-3807,1956
IMU1,24149,243524724,-351,-992,1381,-699,-4657,1984
IMU1,24150,243535577,-638,-979,1182,-598,-4889,2035
IMU1,24151,243546445,-688,-1092,1123,-530,-5038,2165
IMU1,24152,243557507,-741,-1223,1247,-484,-5143,2328
IMU1,24153,243568570,-1022,-896,1119,-424,-5223,2473
IMU1,24154,243579634,-1107,-796,1189,-365,-5348,2636
IMU1,24155,243590707,-1285,-815,1307,-279,-5652,2973
IMU1,24156,243601756,-1486,-705,1393,-14,-5888,3129
IMU1,24157,243612623,-1634,-659,1592,190,-6176,3277
IMU1,24158,243623591,-1821,-610,1635,452,-6417,3424
IMU1,24159,243634560,-1910,-617,1558,721,-6526,3600
IMU1,24160,243645534,-1951,-560,1416,935,-6495,3786
IMU1,24161,243656500,-2020,-418,1339,1061,-6363,3959
IMU1,24162,243667667,-1973,-223,1458,1120,-6048,4236
IMU1,24163,243678832,-1878,-196,1421,1174,-5893,4333
IMU1,24164,243690009,-1753,-192,1689,1164,-5651,4383
IMU1,24165,243701172,-1664,104,1748,1166,-5314,4385
IMU1,24166,243712248,-1671,291,1899,1165,-4954,4355
IMU1,24167,243723300,-1730,192,2008,1174,-4577,4344
IMU1,24168,243734358,-1801,261,2187,1186,-4217,4400
IMU1,24169,243745428,-1751,326,2174,1208,-3714,4606
IMU1,24170,243756494,-1564,409,2194,1195,-3510,4639
IMU1,24171,243767580,-1548,515,2267,1150,-3250,4580
IMU1,24172,243778656,-1585,506,2346,1078,-2972,4487
IMU1,24173,243789722,-1538,458,2390,993,-2719,4371
IMU1,24174,243800609,-1531,463,2505,902,-2520,4236
IMU1,24175,243811480,-1592,471,2828,834,-2366,4090
IMU1,24176,243822353,-1717,489,3049,829,-2174,3843
IMU1,24177,243833213,-1806,460,3189,895,-2107,3776
IMU1,24178,243844094,-1817,411,3210,970,-2053,3752
IMU1,24179,243854942,-1727,373,3133,1010,-1963,3725
IMU1,24180,243866008,-1563,384,2947,958,-1798,3653
IMU1,24181,243876868,-1429,435,2773,796,-1586,3503
IMU1,24182,243887735,-1405,480,2703,559,-1421,3293
IMU1,24183,243898595,-1392,417,2739,77,-1235,2863
IMU1,24184,243909258,-1355,395,2794,-97,-1198,2678
IMU1,24185,243920024,-1314,368,2812,-194,-1196,2490
IMU1,24186,243930963,-1248,332,2804,-228,-1193,2299
IMU1,24187,243941916,-1187,304,2753,-229,-1163,2108
IMU1,24188,243952886,-1130,278,2704,-218,-1128,1924
IMU1,24189,243963835,-1093,296,2688,-198,-1081,1733
IMU1,24190,243974793,-1041,200,2551,-181,-1002,1541
IMU1,24191,243985744,-973,217,2492,-194,-801,1154
IMU1,24192,243996300,-933,194,2428,-215,-744,963
IMU1,24193,244006663,-901,167,2438,-234,-725,775
IMU1,24194,244017010,-855,160,2422,-236,-747,601
IMU1,24195,244027363,-796,153,2391,-221,-801,433
IMU1,24196,244037722,-735,119,2353,-207,-858,275
IMU1,24197,244048083,-693,148,2228,-203,-885,118
IMU1,24198,244058418,-675,121,2192,-227,-858,-22
IMU1,24199,244068662,-631,99,2228,-255,-774,-124
IMU1,24200,244078923,-604,102,2525,-249,-680,-200
IMU1,24201,244089371,-726,25,2521,-129,-647,-255
IMU1,24202,244099619,-639,95,2167,26,-735,-256
IMU1,24203,244112132,-466,109,2300,162,-834,-257
IMU1,24204,244122481,-421,57,2156,226,-752,-257
IMU1,24205,244132618,-337,23,2090,278,-658,-256
IMU1,24206,244142755,-282,42,1962,274,-566,-266
IMU1,24207,244152896,-122,45,2040,223,-406,-288
IMU1,24208,244163031,-331,-52,2248,169,-177,-335
IMU1,24209,244173258,-260,-64,2216,172,-63,-341
IMU1,24210,244183291,-272,14,2255,185,-136,-335
IMU1,24211,244193430,-241,65,2241,188,-233,-335
IMU1,24212,244203573,-190,57,2256,181,-306,-322
IMU1,24213,244213714,-155,58,2160,170,-366,-299
IMU1,24214,244223872,-122,59,2042,134,-399,-281
IMU1,24215,244234038,-119,24,1971,55,-387,-271
IMU1,24216,244243988,-90,19,1944,-27,-331,-247
IMU1,24217,244255387,-41,4,1966,-155,-124,-185
IMU1,24218,244265224,-27,-25,2009,-161,-15,-160
IMU1,24219,244275142,-20,-49,2042,-125,77,-152
IMU1,24220,244285000,-14,-62,2053,-63,129,-146
IMU1,24221,244294847,-5,-47,2053,14,157,-146
IMU1,24222,244304394,-14,-33,2032,72,193,-154
IMU1,24223,244314149,-34,4,1969,91,235,-154
IMU1,24224,244323614,-53,24,1903,66,294,-142
IMU1,24225,244333278,-55,8,1963,-7,374,-106
IMU1,24226,244342630,-46,-12,2146,-69,447,-56
IMU1,24227,244352278,-33,-32,2267,-64,458,-14
IMU1,24228,244361918,4,-98,2317,1,364,7
IMU1,24229,244370699,22,-108,2278,100,193,-10
IMU1,24230,244380550,49,-102,2205,183,24,-55
IMU1,24231,244390206,57,-99,2108,224,-74,-115
IMU1,24232,244399971,53,-83,2011,214,-100,-183
IMU1,24233,244409935,41,-65,1964,159,-85,-242
IMU1,24234,244419680,27,-62,1969,78,-36,-287
IMU1,24235,244429233,16,-51,2011,2,20,-315
IMU1,24236,244438492,-1,-26,2031,-58,55,-328
IMU1,24237,244447945,-17,-4,2066,-85,62,-328
IMU1,24238,244457412,-30,3,2090,-95,47,-308
IMU1,24239,244466772,-44,-3,2143,-79,27,-269
IMU1,24240,244476232,-34,3,2197,-37,13,-216
IMU1,24241,244486116,-4,5,2196,20,3,-172
IMU1,24242,244495490,0,-8,2144,86,-13,-139
IMU1,24243,244505057,16,-4,2081,111,-24,-116
IMU1,24244,244514602,11,3,2062,112,-14,-112
IMU1,24245,244524570,18,10,2066,97,15,-113
IMU1,24246,244533931,5,11,2075,83,47,-123
IMU1,24247,244543599,-8,2,2102,63,56,-126
IMU1,24248,244553184,-29,9,2105,61,62,-133
IMU1,24249,244562959,-38,21,2098,52,60,-125
IMU1,24250,244572409,-48,31,2072,47,62,-121
IMU1,24251,244581857,-57,44,2036,27,58,-103
IMU1,24252,244591835,-51,53,2011,-15,49,-82
IMU1,24253,244601197,-50,50,1999,-54,25,-67
IMU1,24254,244611082,-53,45,1990,-97,-23,-46
IMU1,24255,244620534,-50,38,1999,-121,-67,-25
IMU1,24256,244630185,-36,23,1989,-120,-93,-12
IMU1,24257,244639837,-45,0,1982,-106,-109,4
IMU1,24258,244649619,-19,-16,1967,-77,-98,23
IMU1,24259,244659055,-27,-25,1961,-51,-58,30
IMU1,24260,244668508,-19,-34,1981,-17,10,24
IMU1,24261,244678380,-23,-33,2006,9,71,24
IMU1,24262,244687971,-25,-26,2032,46,119,12
IMU1,24263,244697434,-31,-19,2042,70,131,3
IMU1,24264,244707225,-21,-19,2040,83,120,-2
IMU1,24265,244716573,-12,-9,2042,84,115,-17
IMU1,24266,244726453,-19,-13,2054,67,104,-35
IMU1,24267,244736006,-20,-13,2081,55,64,-45
IMU1,24268,244745329,-13,-18,2113,47,17,-63
IMU1,24269,244755200,-18,-19,2129,48,-35,-73
IMU1,24270,244764643,-29,-13,2131,49,-75,-81
IMU1,24271,244774614,-29,-3,2115,48,-95,-85
IMU1,24272,244783869,-21,5,2081,40,-97,-81
IMU1,24273,244793546,-28,-1,2076,17,-95,-66
IMU1,24274,244803330,-37,-3,2067,-4,-82,-53
IMU1,24275,244812988,-34,5,2067,-29,-80,-27
IMU1,24276,244822223,-24,9,2072,-40,-81,-11
IMU1,24277,244831992,-43,-13,2070,-42,-84,7
IMU1,24278,244841776,-45,-22,2056,-38,-81,23
IMU1,24279,244851212,-30,-12,2028,-31,-71,32
IMU1,24280,244861173,-28,-11,2012,-38,-40,30
IMU1,24281,244870618,-31,-23,2006,-45,5,18
IMU1,24282,244880280,-40,-15,2021,-53,51,5
IMU1,24283,244889943,-47,-1,2039,-61,87,0
IMU1,24284,244899308,-69,-2,2057,-60,106,-2
IMU1,24285,244909081,-80,-7,2069,-54,101,4
IMU1,24286,244918758,-80,-7,2087,-48,85,17
IMU1,24287,244928434,-81,-2,2102,-30,82,24
IMU1,24288,244938106,-86,1,2120,-19,75,41
IMU1,24289,244947698,-82,-7,2135,-5,77,54
IMU1,24290,244957173,-86,-8,2146,13,85,64
IMU1,24291,244966758,-81,-5,2151,42,95,64
IMU1,24292,244976334,-84,-15,2134,63,96,61
IMU1,24293,244986115,-85,-24,2113,77,108,47
IMU1,24294,244995577,-80,-30,2101,78,120,30
IMU1,24295,245005035,-89,-24,2095,70,130,11
IMU1,24296,245015009,-94,-26,2100,53,124,-20
IMU1,24297,245024571,-97,-21,2116,34,80,-49
IMU1,24298,245033923,-98,-27,2123,28,16,-81
IMU1,24299,245043795,-100,-25,2111,22,-59,-105
IMU1,24300,245053640,-99,-18,2076,22,-126,-127
IMU1,24301,245063488,-100,-9,2040,16,-167,-138
IMU1,24302,245073343,-102,-5,2018,2,-174,-137
IMU1,24303,245083000,-102,2,2003,-8,-133,-140
IMU1,24304,245092659,-108,3,1995,-28,-80,-128
IMU1,24305,245102321,-110,9,1997,-41,-26,-115
IMU1,24306,245114735,-116,12,2010,-43,27,-97
IMU1,24307,245124299,-113,7,2025,-36,70,-78
IMU1,24308,245133659,-111,4,2033,-22,92,-63
IMU1,24309,245143017,-103,-9,2041,-2,88,-50
IMU1,24310,245152281,-88,-21,2041,18,74,-47
IMU1,24311,245161627,-79,-23,2041,33,68,-53
IMU1,24312,245170980,-80,-30,2044,40,68,-64
IMU1,24313,245180345,-77,-26,2048,46,69,-78
IMU1,24314,245189713,-69,-19,2057,49,65,-89
IMU1,24315,245199075,-79,-12,2057,50,56,-98
IMU1,24316,245208445,-95,-5,2057,52,39,-103
IMU1,24317,245217801,-99,-4,2055,49,24,-100
IMU1,24318,245227157,-95,1,2049,43,13,-84
IMU1,24319,245236235,-94,7,2046,39,8,-71
IMU1,24320,245245634,-91,4,2045,33,8,-59
IMU1,24321,245255022,-86,-6,2045,24,7,-42
IMU1,24322,245265013,-79,-12,2047,20,14,-36
IMU1,24323,245274361,-73,-16,2048,24,17,-28
IMU1,24324,245284224,-76,-24,2057,25,27,-22
IMU1,24325,245293565,-79,-27,2080,34,42,-16
IMU1,24326,245303433,-85,-30,2091,49,62,-14
IMU1,24327,245312785,-87,-34,2094,58,78,-8
IMU1,24328,245322457,-86,-37,2096,68,85,-8
IMU1,24329,245332127,-92,-24,2105,75,92,-10
IMU1,24330,245342003,-102,-18,2105,72,91,-9
IMU1,24331,245351367,-108,-22,2106,61,79,-2
IMU1,24332,245361235,-109,-28,2103,59,63,3
IMU1,24333,245370492,-113,-19,2098,45,42,8
IMU1,24334,245380271,-116,-26,2098,35,22,5
IMU1,24335,245390049,-109,-28,2092,20,2,3
IMU1,24336,245399633,-108,-28,2084,9,-14,-4
IMU1,24337,245408890,-110,-26,2074,3,-29,-16
IMU1,24338,245418857,-114,-24,2071,-9,-50,-18
IMU1,24339,245428413,-118,-31,2052,-10,-64,-19
IMU1,24340,245438163,-125,-16,2036,-13,-53,-18
IMU1,24341,245447908,-124,-12,2016,-19,-36,-8
IMU1,24342,245457451,-127,-12,2005,-32,-7,1
IMU1,24343,245466695,-128,-6,2006,-43,22,12
IMU1,24344,245476564,-129,-15,2013,-53,50,16
IMU1,24345,245486113,-123,-17,2022,-52,68,15
IMU1,24346,245495663,-119,-21,2044,-50,71,14
IMU1,24347,245505228,-111,-30,2065,-39,69,16
IMU1,24348,245514782,-108,-28,2096,-15,65,10
IMU1,24349,245524333,-102,-28,2102,20,62,-3
IMU1,24350,245534211,-110,-20,2094,48,44,-7
IMU1,24351,245543577,-110,-24,2090,74,24,-19
IMU1,24352,245553143,-108,-16,2076,80,3,-26
IMU1,24353,245563033,-111,-18,2075,73,-19,-27
IMU1,24354,245572695,-112,-16,2067,59,-44,-28
IMU1,24355,245582352,-104,-15,2064,45,-75,-40
IMU1,24356,245592013,-105,-12,2065,33,-90,-58
IMU1,24357,245601673,-113,-9,2065,25,-96,-64
IMU1,24358,245611122,-114,-2,2063,26,-95,-64
IMU1,24359,245620583,-116,10,2048,29,-87,-53
IMU1,24360,245630136,-120,4,2037,31,-70,-39
IMU1,24361,245640027,-117,3,2029,29,-50,-19
IMU1,24362,245649374,-108,4,2020,20,-21,-1
IMU1,24363,245659051,-108,1,2030,13,11,9
IMU1,24364,245668539,-106,2,2054,2,29,19
IMU1,24365,245678548,-106,-2,2064,6,33,15
IMU1,24366,245688137,-110,-9,2073,15,24,8
IMU1,24367,245697729,-118,-4,2063,20,9,15
IMU1,24368,245707317,-123,3,2055,25,2,18
IMU1,24369,245716820,-115,-5,2040,23,1,11
IMU1,24370,245726408,-108,-6,2037,17,6,0
IMU1,24371,245736224,-112,-7,2044,4,13,-4
IMU1,24372,245745719,-112,-7,2057,-8,17,-4
IMU1,24373,245755316,-110,-7,2078,-7,15,-7
IMU1,24374,245764921,-117,-7,2100,1,8,-7
IMU1,24375,245774687,-119,-10,2117,16,-7,-12
IMU1,24376,245784107,-118,-11,2110,39,-39,-14
IMU1,24377,245793727,-114,-13,2090,54,-73,-12
IMU1,24378,245803346,-111,-14,2062,59,-89,-13
IMU1,24379,245812969,-106,-16,2052,54,-88,-15
IMU1,24380,245822582,-110,-8,2043,42,-72,-16
IMU1,24381,245832010,-116,-6,2048,26,-51,-16
IMU1,24382,245841948,-114,-6,2060,17,-37,-20
IMU1,24383,245851364,-119,2,2074,7,-39,-18
IMU1,24384,245861022,-120,-4,2081,-1,-61,-12
IMU1,24385,245870871,-114,-9,2073,-9,-79,-6
IMU1,24386,245880010,-109,-10,2068,-11,-83,-5
IMU1,24387,245890049,-109,-6,2063,-15,-89,2
IMU1,24388,245899272,-109,-17,2059,-16,-79,2
IMU1,24389,245909226,-111,-15,2062,-9,-66,3
IMU1,24390,245918463,-109,-12,2064,-3,-57,9
IMU1,24391,245928226,-106,-19,2064,14,-49,5
IMU1,24392,245938075,-104,-16,2063,19,-43,4
IMU1,24393,245947414,-103,-6,2068,35,-44,-3
IMU1,24394,245957173,-110,-2,2072,45,-49,-11
IMU1,24395,245966611,-112,5,2070,48,-54,-15
IMU1,24396,245976467,-121,9,2062,53,-54,-11
IMU1,24397,245985806,-123,13,2055,50,-47,3
IMU1,24398,245995566,-125,12,2053,36,-35,24
IMU1,24399,246005010,-119,8,2046,30,-22,32
IMU1,24400,246014781,-109,4,2055,30,-8,33
IMU1,24401,246024352,-113,3,2063,28,12,38
IMU1,24402,246034013,-110,0,2062,31,27,37
IMU1,24403,246043578,-115,5,2065,35,31,35
IMU1,24404,246053251,-120,11,2059,45,30,29
IMU1,24405,246063114,-117,18,2061,60,27,15
IMU1,24406,246072471,-118,16,2066,73,14,9
IMU1,24407,246082141,-113,12,2069,85,-5,17
IMU1,24408,246091899,-109,7,2065,91,-15,24
IMU1,24409,246101657,-103,0,2059,85,-28,34
IMU1,24410,246110797,-99,-6,2068,81,-32,33
IMU1,24411,246122690,-104,-15,2076,69,-35,43
IMU1,24412,246132229,-106,-15,2084,48,-21,50
IMU1,24413,246141758,-110,-10,2098,35,-7,56
IMU1,24414,246151109,-117,-14,2102,24,-4,61
IMU1,24415,246160453,-121,-13,2104,18,-14,68
IMU1,24416,246169986,-121,-23,2095,11,-17,68
IMU1,24417,246179506,-113,-16,2088,9,-19,68
IMU1,24418,246188845,-109,-14,2072,4,-12,60
IMU1,24419,246198178,-114,-14,2073,-10,-9,46
IMU1,24420,246207617,-113,-10,2074,-13,-11,30
IMU1,24421,246217263,-104,-13,2069,-15,-20,13
IMU1,24422,246226897,-101,-9,2067,-13,-34,-1
IMU1,24423,246236231,-95,-4,2067,-9,-42,-17
IMU1,24424,246245891,-93,-3,2066,-5,-54,-28
IMU1,24425,246255036,-91,0,2063,4,-71,-34
IMU1,24426,246264935,-86,4,2059,12,-80,-41
IMU1,24427,246274601,-77,7,2057,9,-86,-40
IMU1,24428,246284055,-71,17,2067,6,-84,-44
IMU1,24429,246293715,-74,16,2082,10,-78,-42
IMU1,24430,246303578,-75,19,2074,7,-73,-29
IMU1,24431,246312737,-74,23,2069,8,-64,-21
IMU1,24432,246322415,-78,28,2071,5,-46,-13
IMU1,24433,246332088,-74,30,2072,-2,-34,2
IMU1,24434,246341571,-74,31,2074,-6,-26,5
IMU1,24435,246351572,-73,24,2083,-12,-43,20
IMU1,24436,246360922,-76,21,2083,-10,-47,20
IMU1,24437,246370791,-74,19,2078,-10,-48,25
IMU1,24438,246380151,-69,20,2075,-8,-42,33
IMU1,24439,246389828,-73,19,2077,-1,-32,28
IMU1,24440,246399504,-73,21,2072,-2,-39,31
IMU1,24441,246409197,-76,21,2073,5,-43,24
IMU1,24442,246418766,-84,29,2064,8,-58,29
IMU1,24443,246428315,-91,32,2060,10,-71,40
IMU1,24444,246438069,-92,34,2052,10,-77,56
IMU1,24445,246447831,-87,28,2050,19,-64,62
IMU1,24446,246457073,-87,26,2038,20,-48,72
IMU1,24447,246466827,-91,32,2043,27,-37,81
IMU1,24448,246476577,-93,16,2051,24,-33,89
IMU1,24449,246485824,-95,10,2060,34,-28,82
IMU1,24450,246495578,-95,11,2056,40,-31,82
IMU1,24451,246505348,-88,4,2057,37,-38,83
IMU1,24452,246514911,-89,-3,2052,40,-36,71
IMU1,24453,246524581,-90,1,2052,34,-40,65
IMU1,24454,246534154,-95,-4,2051,35,-37,54
IMU1,24455,246543822,-98,2,2054,39,-36,42
IMU1,24456,246553392,-103,7,2057,35,-39,38
IMU1,24457,246563172,-103,4,2062,34,-43,37
IMU1,24458,246572423,-101,-5,2066,34,-39,28
IMU1,24459,246582287,-96,-1,2065,35,-35,25
IMU1,24460,246591940,-93,3,2064,32,-29,22
IMU1,24461,246601513,-88,-10,2070,24,-30,21
IMU1,24462,246610849,-83,-10,2082,29,-26,11
IMU1,24463,246620695,-77,-5,2085,24,-26,7
IMU1,24464,246630152,-78,-10,2085,34,-22,-1
IMU1,24465,246639917,-70,-9,2088,28,-23,-2
IMU1,24466,246649487,-79,-1,2086,25,-22,-5
IMU1,24467,246659048,-76,2,2080,22,-26,-8
IMU1,24468,246668507,-74,3,2068,14,-38,-4
IMU1,24469,246678495,-63,10,2065,9,-41,-5
IMU1,24470,246687958,-73,13,2062,1,-32,-7
IMU1,24471,246697437,-73,16,2059,1,-18,-5
IMU1,24472,246707430,-79,15,2064,-6,-14,6
IMU1,24473,246716898,-74,18,2073,1,-8,9
IMU1,24474,246726601,-66,23,2067,0,2,14
IMU1,24475,246736293,-63,13,2058,3,6,12
IMU1,24476,246745568,-55,18,2053,-5,-1,6
IMU1,24477,246755363,-47,17,2056,-14,-9,2
IMU1,24478,246764824,-45,21,2065,-10,-6,-8
IMU1,24479,246774373,-49,19,2066,-11,-3,-14
IMU1,24480,246784140,-50,19,2076,-1,-7,-20
IMU1,24481,246793675,-46,28,2080,12,-12,-23
IMU1,24482,246803516,-53,34,2075,22,-9,-19
IMU1,24483,246813175,-60,33,2062,32,-9,-10
IMU1,24484,246822833,-57,37,2051,36,-9,4
IMU1,24485,246832197,-55,44,2046,41,3,14
IMU1,24486,246841658,-59,44,2049,37,17,25
IMU1,24487,246851311,-61,40,2055,27,21,41
IMU1,24488,246860970,-59,39,2071,30,25,48
IMU1,24489,246870631,-64,38,2075,29,23,58
IMU1,24490,246880305,-66,31,2068,28,13,70
IMU1,24491,246889974,-57,28,2061,32,2,65
IMU1,24492,246899442,-59,26,2051,29,-10,63
IMU1,24493,246909200,-62,25,2046,22,-12,66
IMU1,24494,246918959,-53,28,2045,15,-5,65
IMU1,24495,246928524,-54,24,2041,8,0,71
IMU1,24496,246938214,-59,29,2038,7,5,73
IMU1,24497,246947492,-49,27,2032,13,4,74
IMU1,24498,246957491,-51,25,2030,21,8,68
IMU1,24499,246966971,-47,23,2037,21,6,77
IMU1,24500,246976451,-50,28,2040,32,17,72
IMU1,24501,246986123,-54,35,2044,33,17,82
IMU1,24502,246995805,-55,28,2029,40,25,88
IMU1,24503,247005474,-56,32,2024,38,32,105
IMU1,24504,247014829,-53,38,2020,36,41,123
IMU1,24505,247024698,-50,30,2020,38,54,132
IMU1,24506,247034055,-43,35,2027,43,64,143
IMU1,24507,247043936,-49,30,2036,46,60,152
IMU1,24508,247053283,-53,35,2045,55,49,155
IMU1,24509,247063148,-57,44,2046,71,50,153
IMU1,24510,247072507,-80,65,2053,86,55,154
IMU1,24511,247082370,-119,81,2059,104,80,152
IMU1,24512,247092117,-181,120,2064,118,130,165
IMU1,24513,247102252,-263,180,2088,129,197,192
IMU1,24514,247112398,-396,248,2113,144,284,234
IMU1,24515,247125302,-572,377,2144,154,405,303
IMU1,24516,247135465,-812,525,2190,162,570,401
IMU1,24517,247145628,-1085,660,2201,164,784,523
IMU1,24518,247155981,-1322,774,2092,134,1131,651
IMU1,24519,247166543,-1637,991,2018,31,1691,747
IMU1,24520,247176911,-2054,1412,2080,-115,2318,801
IMU1,24521,247187771,-3107,1637,2174,-329,3277,865
IMU1,24522,247198640,-3610,1865,2218,-328,3698,883
IMU1,24523,247209505,-4043,2078,2204,-265,4206,869
IMU1,24524,247220363,-4314,2204,2044,-177,4730,778
IMU1,24525,247231234,-4408,2318,1829,-74,5149,543
IMU1,24526,247241915,-4373,2411,1699,77,5475,100
IMU1,24527,247252485,-4544,2495,1702,346,5782,-537
IMU1,24528,247263341,-4735,2551,2197,790,6133,-1255
IMU1,24529,247274445,-5040,2960,2306,2357,6749,-2774
IMU1,24530,247285728,-5109,3074,2566,3380,6821,-3508
IMU1,24531,247297017,-5194,3248,2739,4481,6769,-4189
IMU1,24532,247308269,-5045,3398,2854,5540,6755,-4793
IMU1,24533,247319562,-4914,3517,2902,6458,6905,-5361
IMU1,24534,247330846,-4845,3528,3164,7201,7100,-5879
IMU1,24535,247342134,-4860,3488,3219,8354,6735,-6816
IMU1,24536,247353409,-4748,3375,3213,8773,6082,-7244
IMU1,24537,247364702,-4497,3398,3000,9047,5385,-7689
IMU1,24538,247375981,-4257,3623,2824,9150,4880,-8133
IMU1,24539,247387274,-4093,3738,2652,9116,4701,-8478
IMU1,24540,247398574,-3710,3930,2298,8920,4638,-8517
IMU1,24541,247409850,-3514,3873,2145,8087,4407,-8256
IMU1,24542,247421121,-3129,3689,2162,7533,4165,-7833
IMU1,24543,247432403,-2467,3475,2365,6958,3951,-7341
IMU1,24544,247443689,-1895,3182,2385,6355,3886,-6890
IMU1,24545,247454975,-1544,2876,2312,5647,3715,-6507
IMU1,24546,247466255,-1048,2276,2360,3963,2552,-5841
IMU1,24547,247477528,-807,2109,2297,3099,1912,-5471
IMU1,24548,247488609,-608,1928,2154,2282,1633,-5030
IMU1,24549,247499673,-435,1719,2110,1564,1758,-4510
IMU1,24550,247510755,-251,1467,2224,999,2091,-3951
IMU1,24551,247521634,-64,1175,2443,615,2340,-3416
IMU1,24552,247532301,141,910,2655,409,2339,-2948
IMU1,24553,247542876,486,504,2726,337,1703,-2251
IMU1,24554,247553442,610,335,2690,408,1297,-1994
IMU1,24555,247564001,660,90,2623,467,978,-1782
IMU1,24556,247574156,636,-134,2559,516,712,-1603
IMU1,24557,247584636,659,-231,2431,536,466,-1419
IMU1,24558,247595104,742,-322,2354,514,294,-1237
IMU1,24559,247605590,736,-481,2295,448,210,-1054
IMU1,24560,247616050,751,-585,2268,342,141,-847
IMU1,24561,247626297,810,-634,2247,205,50,-633
IMU1,24562,247636358,877,-602,2245,52,-71,-442
IMU1,24563,247646321,887,-606,2192,-110,-213,-280
IMU1,24564,247656775,812,-701,2213,-290,-347,-116
IMU1,24565,247667231,758,-926,2578,-453,-428,81
# swing_peak_seq=24539
IMU1,24566,247678422,886,-685,2548,-585,-658,444
IMU1,24567,247688789,863,-770,2527,-643,-861,528
IMU1,24568,247699148,790,-694,2366,-720,-1061,610
IMU1,24569,247709726,636,-706,2417,-852,-1236,714
IMU1,24570,247720299,465,-753,2519,-985,-1390,874
IMU1,24571,247730874,371,-690,2555,-1080,-1541,1081
IMU1,24572,247741845,294,-708,2446,-1149,-1750,1290
IMU1,24573,247752801,224,-702,2384,-1226,-2047,1487
IMU1,24574,247763760,53,-619,2191,-1314,-2398,1688
IMU1,24575,247774526,-71,-559,2067,-1490,-3083,2113
IMU1,24576,247785396,-172,-501,1954,-1584,-3358,2328
IMU1,24577,247796463,-261,-438,1865,-1675,-3584,2545
IMU1,24578,247807535,-361,-362,1725,-1754,-3794,2752
IMU1,24579,247818615,-499,-328,1624,-1835,-3992,2960
IMU1,24580,247829656,-714,-307,1498,-1916,-4171,3184
IMU1,24581,247840725,-1130,-194,1393,-1995,-4351,3439
IMU1,24582,247851975,-1278,-131,1343,-2119,-4741,4005
IMU1,24583,247863235,-1390,-9,1300,-2173,-4960,4259
IMU1,24584,247874088,-1546,136,1417,-2208,-5203,4464
IMU1,24585,247885246,-1840,183,1499,-2183,-5528,4620
IMU1,24586,247896405,-2169,187,1521,-2101,-6020,4786
IMU1,24587,247907568,-2402,237,1354,-1968,-6575,4988
IMU1,24588,247918731,-2497,478,1265,-1687,-7133,5419
IMU1,24589,247929906,-2453,603,1267,-1604,-7060,5575
IMU1,24590,247941080,-2474,622,1365,-1533,-6884,5644
IMU1,24591,247952253,-2465,668,1547,-1441,-6739,5640
IMU1,24592,247963414,-2483,725,1701,-1309,-6533,5564
IMU1,24593,247974581,-2547,729,1807,-1179,-6183,5458
IMU1,24594,247985754,-2509,753,1963,-1070,-5433,5268
IMU1,24595,247996942,-2418,819,2153,-1044,-5207,5187
IMU1,24596,248008113,-2428,880,2357,-971,-5043,5095
IMU1,24597,248019085,-2763,989,2517,-844,-4873,5011
IMU1,24598,248030055,-3162,965,2608,-689,-4695,5022
IMU1,24599,248041031,-3382,854,2404,-561,-4508,5139
IMU1,24600,248051986,-3242,465,1864,-602,-4201,5290
IMU1,24601,248062947,-2841,284,2456,-1265,-2967,5440
IMU1,24602,248074110,-2534,527,2535,-1400,-2537,5386
IMU1,24603,248085286,-2343,404,2697,-1359,-2423,5148
IMU1,24604,248096432,-2178,221,2695,-1203,-2537,4783
IMU1,24605,248107591,-2041,151,2720,-999,-2747,4350
IMU1,24606,248118554,-1979,124,2800,-773,-2890,3882
IMU1,24607,248132060,-1968,77,2641,-373,-2692,3016
IMU1,24608,248142816,-1954,73,2566,-267,-2430,2673
IMU1,24609,248153567,-1891,72,2459,-218,-2159,2368
IMU1,24610,248164350,-1830,107,2367,-230,-1934,2094
IMU1,24611,248175311,-1739,135,2338,-276,-1748,1836
IMU1,24612,248186287,-1679,145,2423,-327,-1589,1583
IMU1,24613,248197249,-1537,132,2530,-353,-1393,1123
IMU1,24614,248208210,-1436,103,2548,-332,-1418,905
IMU1,24615,248218972,-1323,88,2513,-291,-1489,690
IMU1,24616,248229517,-1209,82,2468,-248,-1555,471
IMU1,24617,248240077,-1116,58,2394,-208,-1637,266
IMU1,24618,248250629,-1002,31,2305,-174,-1728,78
IMU1,24619,248260984,-899,3,2226,-158,-1768,-89
IMU1,24620,248271033,-802,-2,2168,-156,-1713,-232
IMU1,24621,248281387,-735,15,2132,-159,-1573,-352
IMU1,24622,248291852,-687,36,2111,-161,-1391,-433
IMU1,24623,248302302,-639,66,2005,-156,-1199,-471
IMU1,24624,248313292,-632,57,2001,-160,-845,-397
IMU1,24625,248323553,-577,23,2084,-172,-697,-283
IMU1,24626,248333783,-537,-4,2092,-154,-598,-157
IMU1,24627,248343927,-453,3,2075,-108,-585,-49
IMU1,24628,248353778,-366,-38,2101,-76,-544,36
IMU1,24629,248363624,-327,-75,2121,-42,-482,81
IMU1,24630,248373461,-294,-98,2135,-11,-448,95
IMU1,24631,248383311,-270,-112,2121,23,-418,91
IMU1,24632,248393265,-255,-127,2100,48,-387,74
IMU1,24633,248403215,-237,-140,2106,65,-370,56
IMU1,24634,248413153,-244,-138,2109,86,-328,41
IMU1,24635,248423096,-280,-167,2095,106,-281,34
IMU1,24636,248433225,-284,-173,2103,118,-291,36
IMU1,24637,248443370,-299,-154,2084,115,-222,51
IMU1,24638,248453514,-325,-149,2050,98,-103,81
IMU1,24639,248463458,-360,-139,2061,69,8,123
IMU1,24640,248473107,-370,-156,2101,35,79,173
IMU1,24641,248482968,-328,-184,2151,9,93,212
IMU1,24642,248492612,-303,-239,2215,-1,115,231
IMU1,24643,248502572,-277,-186,2104,10,93,218
IMU1,24644,248512419,-218,-294,2129,24,74,184
IMU1,24645,248522263,-252,-242,2053,43,61,124
IMU1,24646,248532106,-185,-264,2081,46,39,66
IMU1,24647,248541751,-189,-225,2042,38,80,-3
IMU1,24648,248551303,-178,-248,2079,16,120,-71
IMU1,24649,248561246,-215,-278,2142,6,159,-126
IMU1,24650,248571196,-217,-260,2225,31,142,-154
IMU1,24651,248582400,-194,-244,2207,157,-7,-176
IMU1,24652,248592432,-162,-246,2123,201,-92,-171
IMU1,24653,248602662,-120,-220,2032,217,-126,-180
IMU1,24654,248613096,-92,-210,1970,173,-101,-186
IMU1,24655,248623342,-79,-203,1965,107,-31,-196
IMU1,24656,248633399,-74,-197,1996,34,52,-195
IMU1,24657,248643158,-72,-195,2025,-23,126,-183
IMU1,24658,248653195,-80,-181,2036,-56,172,-166
IMU1,24659,248663225,-79,-177,2039,-81,181,-142
IMU1,24660,248673262,-81,-186,2055,-97,168,-116
IMU1,24661,248683303,-74,-205,2080,-98,143,-89
IMU1,24662,248693146,-67,-227,2107,-85,113,-68
IMU1,24663,248702992,-60,-250,2127,-54,77,-51
IMU1,24664,248712657,-43,-260,2118,-9,39,-44
IMU1,24665,248722101,-32,-265,2102,36,7,-47
IMU1,24666,248731449,-30,-261,2066,74,0,-57
IMU1,24667,248740702,-25,-249,2019,92,8,-73
IMU1,24668,248750054,-29,-240,1981,84,21,-91
IMU1,24669,248759612,-30,-231,1976,55,35,-105
IMU1,24670,248769373,-43,-225,2005,16,52,-115
IMU1,24671,248779121,-52,-221,2047,-12,54,-119
IMU1,24672,248788979,-65,-215,2070,-25,27,-116
IMU1,24673,248798831,-78,-218,2072,-29,-24,-101
IMU1,24674,248808782,-83,-209,2065,-30,-65,-83
IMU1,24675,248818525,-93,-198,2039,-34,-81,-59
IMU1,24676,248828276,-97,-203,2016,-43,-74,-34
IMU1,24677,248838026,-105,-208,2013,-55,-56,-6
IMU1,24678,248847760,-115,-210,2033,-56,-35,21
IMU1,24679,248857602,-120,-227,2066,-41,-26,45
IMU1,24680,248867427,-121,-240,2082,-9,-34,63
IMU1,24681,248877069,-102,-239,2066,29,-50,72
IMU1,24682,248886819,-93,-242,2033,64,-59,65
IMU1,24683,248896364,-89,-243,2009,75,-58,52
IMU1,24684,248905899,-97,-234,2013,68,-40,32
IMU1,24685,248915454,-110,-228,2032,53,-28,14
IMU1,24686,248925201,-118,-227,2058,45,-37,1
IMU1,24687,248934754,-134,-232,2080,42,-60,-4
IMU1,24688,248944396,-136,-225,2084,48,-79,-2
IMU1,24689,248954050,-136,-223,2083,53,-86,5
IMU1,24690,248963610,-145,-216,2085,51,-93,16
IMU1,24691,248973352,-144,-238,2076,49,-105,23
IMU1,24692,248983306,-150,-235,2059,35,-105,24
IMU1,24693,248993263,-134,-229,2046,11,-78,27
IMU1,24694,249003021,-144,-220,2049,-7,-42,27
IMU1,24695,249012674,-144,-228,2064,-22,-32,34
IMU1,24696,249022528,-146,-224,2079,-21,-41,38
IMU1,24697,249032388,-142,-226,2091,-18,-64,49
IMU1,24698,249042243,-136,-232,2037,-11,-70,56
IMU1,24699,249053628,-147,-221,2026,3,-34,70
IMU1,24700,249063167,-134,-217,2033,3,-31,50
IMU1,24701,249072710,-138,-227,2045,7,-30,35
IMU1,24702,249082255,-135,-231,2049,3,-27,30
IMU1,24703,249091798,-139,-229,2053,7,-28,28
IMU1,24704,249101862,-136,-232,2057,7,-28,24
IMU1,24705,249111407,-137,-225,2063,10,-19,18
IMU1,24706,249121152,-132,-217,2067,15,-18,15
IMU1,24707,249133450,-143,-219,2069,15,-17,11
IMU1,24708,249143191,-141,-222,2051,17,-19,10
IMU1,24709,249152937,-133,-224,2030,19,-24,15
IMU1,24710,249162677,-127,-228,2019,13,-20,19
IMU1,24711,249172416,-124,-229,2025,7,-11,20
IMU1,24712,249181963,-118,-225,2035,-2,-3,19
IMU1,24713,249191416,-122,-224,2049,-3,1,17
IMU1,24714,249200769,-111,-222,2060,2,0,11
IMU1,24715,249209916,-112,-226,2067,5,-3,7
IMU1,24716,249219076,-114,-226,2072,17,-11,5
IMU1,24717,249228629,-114,-229,2077,26,-24,9
IMU1,24718,249238187,-113,-234,2067,36,-38,10
IMU1,24719,249247948,-101,-235,2063,38,-58,12
IMU1,24720,249257705,-82,-234,2048,39,-72,11
IMU1,24721,249267250,-80,-240,2038,42,-67,9
IMU1,24722,249276589,-76,-233,2051,45,-77,7
IMU1,24723,249285955,-69,-228,2076,45,-79,6
IMU1,24724,249295307,-61,-232,2091,55,-72,9
IMU1,24725,249304663,-64,-238,2091,71,-74,17
IMU1,24726,249314214,-49,-231,2089,80,-77,27
IMU1,24727,249323765,-45,-226,2080,79,-69,36
IMU1,24728,249333312,-49,-234,2072,81,-66,48
IMU1,24729,249342872,-39,-198,2017,79,-67,65
IMU1,24730,249352440,-28,-225,1993,60,-61,79
IMU1,24731,249361993,-38,-205,1983,37,-60,93
IMU1,24732,249371546,-19,-201,1977,12,-61,105
IMU1,24733,249381286,-24,-192,2016,-6,-64,117
IMU1,24734,249390926,-42,-207,2053,1,-86,126
IMU1,24735,249400474,-30,-204,2039,25,-128,143
IMU1,24736,249410419,-19,-188,1996,58,-177,155
IMU1,24737,249420367,-19,-197,1959,79,-213,161
IMU1,24738,249430323,0,-189,1917,86,-207,165
IMU1,24739,249439889,-15,-170,1886,78,-145,174
IMU1,24740,249449854,-18,-172,1905,67,-123,180
IMU1,24741,249459793,-34,-152,1933,58,-89,186
IMU1,24742,249469542,-51,-139,1945,58,-33,191
IMU1,24743,249479296,-99,-122,1925,70,50,199
IMU1,24744,249488950,-193,-119,1901,87,139,213
IMU1,24745,249499005,-233,-112,1896,91,217,234
IMU1,24746,249509067,-320,-60,1878,85,425,260
IMU1,24747,249518927,-493,10,1925,71,616,273
IMU1,24748,249528703,-718,99,1913,70,822,296
IMU1,24749,249538480,-950,216,1900,82,1108,340
IMU1,24750,249548659,-1263,343,1908,106,1493,412
IMU1,24751,249559244,-1635,517,1897,151,1991,507
IMU1,24752,249569822,-2006,710,1798,201,2621,634
IMU1,24753,249580395,-2399,938,1727,230,3333,766
IMU1,24754,249590994,-3180,1252,1720,232,4060,959
IMU1,24755,249601800,-3547,1449,1754,210,5398,980
IMU1,24756,249612558,-3868,1687,1751,232,5934,914
IMU1,24757,249623331,-4107,1912,1663,301,6357,742
IMU1,24758,249634121,-4386,2124,1531,437,6607,459
IMU1,24759,249644893,-4753,2261,1565,663,6647,119
IMU1,24760,249655663,-5091,2514,1542,1017,6523,-239
IMU1,24761,249666743,-5397,2823,1448,1487,6295,-595
IMU1,24762,249677813,-5986,3413,1320,2711,5941,-1274
IMU1,24763,249689095,-6211,3668,1136,3427,6085,-1580
IMU1,24764,249700385,-6423,3864,977,4190,6430,-1874
IMU1,24765,249711445,-6693,4085,807,4983,6901,-2135
IMU1,24766,249722517,-6901,4409,685,5782,7420,-2318
IMU1,24767,249733604,-7053,4783,424,6556,7943,-2438
IMU1,24768,249744686,-7185,5706,813,7287,8477,-2517
IMU1,24769,249755771,-7142,5952,1033,8800,9433,-2599
IMU1,24770,249767067,-7122,6128,1458,9584,9272,-2681
IMU1,24771,249778363,-7058,6062,1864,10373,8696,-2797
IMU1,24772,249789855,-6784,5954,2184,11127,8084,-2907
IMU1,24773,249801342,-6447,5862,2180,11737,7531,-3063
IMU1,24774,249812834,-5567,5673,2238,12120,6167,-3624
IMU1,24775,249824332,-5131,5469,2480,12019,5420,-4022
IMU1,24776,249835807,-4707,5200,2607,11819,4712,-4423
IMU1,24777,249847305,-4221,4884,2809,11495,3929,-4776
IMU1,24778,249858802,-3778,4470,2884,10997,3158,-5061
IMU1,24779,249870277,-3061,3653,2854,9170,1817,-5238
IMU1,24780,249881555,-2692,3370,2763,7859,1445,-5074
IMU1,24781,249892835,-2321,3217,2853,6406,1436,-4755
IMU1,24782,249904098,-1987,3035,3028,4993,1850,-4313
IMU1,24783,249915382,-1682,2778,3263,3736,2408,-3816
IMU1,24784,249926654,-1399,2507,3615,2725,2728,-3361
IMU1,24785,249937911,-916,1805,4133,1525,2274,-2772
IMU1,24786,249948993,-367,1814,4312,1243,1715,-2543
IMU1,24787,249960063,298,2423,4555,1133,1229,-2480
IMU1,24788,249971024,-1144,-288,4077,1119,718,-2206
IMU1,24789,249982000,368,1320,3990,1054,1,-1548
IMU1,24790,249992373,1317,2068,2535,791,-37,-1282
IMU1,24791,250003038,582,-9,2733,94,167,-1263
IMU1,24792,250012909,319,-93,3836,-532,108,-990
IMU1,24793,250023079,538,305,2521,-785,10,-629
IMU1,24794,250034190,607,-386,2929,-1261,-461,-200
IMU1,24795,250044850,469,-542,3457,-1433,-664,60
IMU1,24796,250055211,512,-210,3022,-1394,-931,334
IMU1,24797,250065782,632,-522,2785,-1334,-1378,490
IMU1,24798,250076542,573,-548,2554,-1295,-1902,603
IMU1,24799,250087318,561,-567,2340,-1283,-2365,725
# swing_peak_seq=24773
IMU1,24800,250098078,534,-771,2306,-1287,-2711,871
IMU1,24801,250108841,421,-757,2085,-1286,-2928,1041
IMU1,24802,250119779,52,-738,2270,-1302,-3080,1223
IMU1,24803,250130535,-10,-688,1557,-1307,-3319,1662
IMU1,24804,250143834,-173,-603,1703,-1312,-3454,1868
IMU1,24805,250154890,-288,-676,1558,-1339,-3584,2065
IMU1,24806,250165946,-372,-727,1537,-1388,-3704,2249
IMU1,24807,250176996,-422,-762,1475,-1428,-3796,2408
IMU1,24808,250188049,-617,-785,1466,-1440,-4092,2669
IMU1,24809,250199099,-736,-775,1382,-1415,-4395,2787
IMU1,24810,250210166,-795,-735,1378,-1394,-4750,2902
IMU1,24811,250221237,-918,-631,1420,-1347,-5042,2997
IMU1,24812,250232314,-1098,-514,1434,-1280,-5267,3106
IMU1,24813,250243590,-1234,-447,1407,-1204,-5487,3246
IMU1,24814,250254838,-1634,-365,1370,-1086,-5818,3581
IMU1,24815,250266095,-1825,-344,1276,-1094,-5991,3793
IMU1,24816,250277353,-1927,-206,1380,-1161,-6267,4030
IMU1,24817,250288605,-2076,-106,1341,-1230,-6564,4251
IMU1,24818,250299855,-2148,0,1372,-1310,-6814,4467
IMU1,24819,250310525,-2160,19,1455,-1374,-6936,4658
IMU1,24820,250321488,-2048,315,1666,-1387,-6908,4805
IMU1,24821,250332647,-2209,439,1638,-1292,-6653,4922
IMU1,24822,250343808,-2494,446,1599,-1248,-6546,4987
IMU1,24823,250354987,-2803,398,1602,-1237,-6405,5140
IMU1,24824,250366140,-2896,380,1617,-1270,-6131,5401
IMU1,24825,250377315,-2689,327,1676,-1351,-5659,5687
IMU1,24826,250388470,-2333,358,1806,-1475,-5075,5879
IMU1,24827,250399653,-1864,546,1980,-1706,-4317,5733
IMU1,24828,250410833,-1953,551,2180,-1704,-4192,5494
IMU1,24829,250421998,-2127,535,2375,-1594,-4150,5283
IMU1,24830,250433173,-2403,617,2664,-1375,-4099,5137
IMU1,24831,250444326,-2593,630,2810,-1084,-4024,5087
IMU1,24832,250455493,-2615,545,2960,-764,-3931,5104
IMU1,24833,250466473,-2107,490,2976,-204,-3774,5035
IMU1,24834,250477449,-1905,520,2823,-63,-3731,4778
IMU1,24835,250488223,-1920,617,2735,-37,-3753,4407
IMU1,24836,250498992,-1919,672,2702,-83,-3811,4021
IMU1,24837,250509762,-1896,690,2754,-162,-3837,3684
IMU1,24838,250520730,-1896,733,2862,-218,-3759,3417
IMU1,24839,250531708,-1918,762,2968,-218,-3629,3226
IMU1,24840,250542679,-1709,615,2975,-160,-3563,3093
IMU1,24841,250553649,-1565,552,2940,22,-3639,2828
IMU1,24842,250564318,-1388,484,2876,93,-3570,2651
IMU1,24843,250574983,-1263,444,2853,122,-3357,2454
IMU1,24844,250585850,-1215,421,2796,109,-3049,2263
IMU1,24845,250596712,-1176,402,2718,54,-2746,2095
IMU1,24846,250607382,-1094,361,2690,-30,-2506,1944
IMU1,24847,250618144,-1009,353,2701,-117,-2321,1789
IMU1,24848,250629109,-932,406,2885,-190,-2171,1621
IMU1,24849,250640387,-793,320,2862,-240,-2174,1226
IMU1,24850,250651145,-721,200,2803,-219,-2381,1039
IMU1,24851,250661913,-599,109,2694,-193,-2508,860
IMU1,24852,250672490,-466,57,2538,-189,-2456,693
IMU1,24853,250682864,-376,33,2383,-219,-2255,521
IMU1,24854,250693225,-324,49,2298,-275,-1991,349
IMU1,24855,250703574,-279,40,2259,-327,-1709,185
IMU1,24856,250713925,-233,31,2250,-356,-1421,43
IMU1,24857,250724082,-209,34,2270,-347,-1150,-73
IMU1,24858,250734329,-197,48,2286,-287,-931,-157
IMU1,24859,250744584,-190,50,2270,-202,-795,-194
IMU1,24860,250755362,-91,39,2225,-12,-672,-174
IMU1,24861,250765212,-3,36,2181,49,-624,-145
IMU1,24862,250774771,78,31,2144,66,-549,-123
IMU1,24863,250784444,151,6,2172,57,-465,-102
IMU1,24864,250794103,209,-11,2142,49,-384,-94
IMU1,24865,250803862,235,-62,2202,43,-311,-85
IMU1,24866,250813617,294,-86,2172,53,-227,-78
IMU1,24867,250823378,297,-85,2176,71,-149,-78
IMU1,24868,250833145,316,-91,2148,92,-103,-73
IMU1,24869,250842916,350,-89,2032,101,-81,-72
IMU1,24870,250852669,378,-74,2012,78,-50,-80
IMU1,24871,250862235,348,-50,2044,40,3,-86
IMU1,24872,250871504,318,-68,2125,30,30,-74
IMU1,24873,250880993,289,-101,2170,60,8,-35
IMU1,24874,250890429,282,-121,2156,111,-32,14
IMU1,24875,250900269,298,-128,2112,159,-59,66
IMU1,24876,250910125,313,-125,2036,184,2,107
IMU1,24877,250919887,316,-145,1980,178,123,137
IMU1,24878,250930050,333,-155,1973,149,236,152
IMU1,24879,250940215,337,-187,2013,107,324,146
IMU1,24880,250950366,361,-178,2059,69,382,128
IMU1,24881,250960331,350,-201,2096,55,457,107
IMU1,24882,250970281,335,-230,2141,68,438,75
IMU1,24883,250980045,354,-206,2163,90,381,42
IMU1,24884,250989803,349,-213,2117,115,346,16
IMU1,24885,250999762,343,-209,2072,122,278,-11
IMU1,24886,251009821,333,-205,2069,102,235,-33
IMU1,24887,251019863,345,-211,2102,75,199,-49
IMU1,24888,251029718,351,-231,2125,62,172,-62
IMU1,24889,251039581,359,-263,2135,76,120,-81
IMU1,24890,251049447,392,-261,2128,106,71,-104
IMU1,24891,251059499,408,-254,2090,129,56,-137
IMU1,24892,251069547,409,-256,2054,136,62,-175
IMU1,24893,251079602,404,-249,2025,128,70,-205
IMU1,24894,251089659,413,-235,2023,107,79,-224
IMU1,24895,251099707,417,-227,2014,77,88,-241
IMU1,24896,251109562,421,-227,2018,49,76,-255
IMU1,24897,251119425,419,-228,2024,36,58,-267
IMU1,24898,251130850,420,-215,2023,22,35,-277
IMU1,24899,251140716,421,-212,2011,13,31,-271
IMU1,24900,251153137,414,-206,1986,11,41,-267
IMU1,24901,251162996,417,-206,1958,-6,58,-254
IMU1,24902,251172755,415,-200,1946,-29,83,-242
IMU1,24903,251182707,404,-192,1939,-53,111,-228
IMU1,24904,251192867,388,-180,1950,-68,137,-217
IMU1,24905,251203023,381,-176,1986,-70,152,-202
IMU1,24906,251213174,380,-178,1999,-62,152,-181
IMU1,24907,251223321,395,-183,2027,-47,143,-161
IMU1,24908,251233467,401,-183,2051,-30,122,-143
IMU1,24909,251243612,397,-185,2061,-2,93,-126
IMU1,24910,251253365,392,-185,2048,21,61,-110
IMU1,24911,251263226,385,-181,2030,30,31,-94
IMU1,24912,251272898,381,-183,2017,36,11,-79
IMU1,24913,251282560,378,-182,2003,35,6,-67
IMU1,24914,251292018,374,-186,2004,26,14,-61
IMU1,24915,251301668,382,-182,2002,24,19,-59
IMU1,24916,251311326,385,-183,2030,23,23,-57
IMU1,24917,251320996,384,-175,2043,25,34,-58
IMU1,24918,251330658,370,-169,2059,30,35,-54
IMU1,24919,251340313,367,-169,2061,37,21,-42
IMU1,24920,251349981,360,-161,2053,35,5,-27
IMU1,24921,251359446,353,-149,2036,25,-5,-12
IMU1,24922,251369012,347,-149,2028,7,-13,7
IMU1,24923,251378273,338,-156,2019,-13,-15,21
IMU1,24924,251388031,337,-158,2012,-28,-11,32
IMU1,24925,251397794,340,-159,2018,-41,1,42
IMU1,24926,251407251,323,-157,2013,-45,22,45
IMU1,24927,251416912,317,-158,2011,-41,35,46
IMU1,24928,251426581,314,-155,2005,-39,49,53
IMU1,24929,251436244,304,-152,2001,-35,79,57
IMU1,24930,251445913,293,-151,2013,-28,107,63
IMU1,24931,251455780,292,-154,2018,-23,128,73
IMU1,24932,251467217,289,-156,2040,2,135,87
IMU1,24933,251476789,287,-161,2053,13,116,87
IMU1,24934,251486561,298,-169,2063,31,91,65
IMU1,24935,251496140,295,-185,2072,46,60,36
IMU1,24936,251505703,286,-178,2075,51,32,9
IMU1,24937,251515075,282,-173,2070,54,15,-11
IMU1,24938,251524743,285,-171,2068,50,-6,-25
IMU1,24939,251534300,290,-165,2054,41,-13,-38
IMU1,24940,251544059,287,-162,2039,30,-17,-43
IMU1,24941,251553810,282,-156,2032,16,-16,-44
IMU1,24942,251563567,276,-155,2033,6,-20,-36
IMU1,24943,251573132,276,-161,2033,8,-22,-31
IMU1,24944,251582694,287,-164,2037,11,-18,-21
IMU1,24945,251592455,288,-176,2042,15,-10,-17
IMU1,24946,251602211,296,-173,2046,18,-4,-12
IMU1,24947,251611765,295,-176,2042,17,13,-11
IMU1,24948,251621429,297,-173,2034,11,16,-6
IMU1,24949,251630901,302,-170,2022,7,10,-4
IMU1,24950,251640175,310,-183,2025,6,6,-2
IMU1,24951,251649775,314,-173,2014,10,-3,3
IMU1,24952,251659562,330,-173,1993,12,-15,5
IMU1,24953,251669008,327,-191,2019,14,-8,6
IMU1,24954,251678776,308,-196,2060,26,25,8
IMU1,24955,251688136,313,-195,2061,52,39,16
IMU1,24956,251697698,315,-175,2017,85,41,26
IMU1,24957,251707777,316,-166,1994,87,60,35
IMU1,24958,251717342,291,-170,1978,64,108,51
IMU1,24959,251727102,291,-174,1996,35,118,76
IMU1,24960,251736872,312,-175,2026,16,112,85
IMU1,24961,251746628,301,-188,2046,12,123,91
IMU1,24962,251756374,297,-197,2060,26,96,101
IMU1,24963,251766130,309,-177,2045,42,88,108
IMU1,24964,251775878,296,-185,2005,54,112,106
IMU1,24965,251785842,278,-181,1987,52,133,108
IMU1,24966,251795791,253,-177,2001,41,182,115
IMU1,24967,251805744,223,-160,2025,33,247,123
IMU1,24968,251815691,210,-152,2060,41,292,137
IMU1,24969,251825647,166,-147,2083,65,332,150
IMU1,24970,251835592,96,-132,2096,96,361,167
IMU1,24971,251845352,18,-83,2092,130,429,191
IMU1,24972,251855102,-80,-58,2131,158,553,230
IMU1,24973,251864969,-194,4,2156,183,697,280
IMU1,24974,251874725,-324,99,2174,195,846,333
IMU1,24975,251884681,-473,210,2201,192,1040,377
IMU1,24976,251895047,-658,324,2206,180,1302,420
IMU1,24977,251905403,-929,440,2191,157,1602,478
IMU1,24978,251915749,-1242,549,2159,121,1963,570
IMU1,24979,251926313,-1546,684,2053,64,2456,689
IMU1,24980,251936678,-1990,841,1938,-24,3054,802
IMU1,24981,251948165,-2754,1065,1887,-246,4465,955
IMU1,24982,251959027,-2984,1131,1913,-304,5144,893
IMU1,24983,251969904,-3113,1234,2063,-253,5763,653
IMU1,24984,251980774,-3351,1338,2140,-42,6280,236
IMU1,24985,251991460,-3655,1444,2178,344,6560,-309
IMU1,24986,252002321,-3991,1621,2155,898,6479,-937
IMU1,24987,252013183,-4200,1786,2005,1574,6043,-1613
IMU1,24988,252024434,-4611,2125,1779,3017,4794,-3008
IMU1,24989,252035714,-4674,2309,1672,3635,4558,-3691
IMU1,24990,252046991,-4831,2484,1600,4171,4689,-4365
IMU1,24991,252058257,-4952,2682,1596,4654,5019,-5006
IMU1,24992,252069539,-5131,2899,1627,5118,5397,-5599
IMU1,24993,252080822,-5318,3086,1749,5582,5725,-6100
IMU1,24994,252092102,-5498,3491,1964,6555,6054,-6821
IMU1,24995,252103388,-5455,3669,2062,6966,6073,-7076
IMU1,24996,252114681,-5419,3807,2047,7276,6038,-7308
IMU1,24997,252125975,-5285,3916,2120,7467,5855,-7491
IMU1,24998,252137271,-5143,3969,2290,7581,5646,-7634
IMU1,24999,252148572,-4703,3985,2411,7618,5465,-7706
IMU1,25000,252162434,-4334,4034,2453,7371,4593,-7668
IMU1,25001,252173712,-3979,4033,2455,7073,4094,-7613
IMU1,25002,252184992,-3686,3874,2432,6673,3744,-7503
IMU1,25003,252196278,-3422,3646,2349,6201,3455,-7309
IMU1,25004,252207562,-2549,3198,2343,5194,3020,-6774
IMU1,25005,252218864,-1882,3020,2453,4698,2896,-6521
IMU1,25006,252230142,-1255,2880,2670,4204,2897,-6326
IMU1,25007,252241418,-904,2624,2798,3700,2980,-6141
IMU1,25008,252252498,-716,2370,2850,3166,2925,-5890
IMU1,25009,252263581,-568,2143,2894,2598,2602,-5543
IMU1,25010,252275167,-283,1694,2930,1480,1617,-4518
IMU1,25011,252286237,-145,1513,2943,1019,1352,-3882
IMU1,25012,252297317,38,1273,2910,684,1249,-3284
IMU1,25013,252307893,246,1059,2879,455,1200,-2731
IMU1,25014,252318669,474,843,2843,308,1115,-2239
IMU1,25015,252329245,694,664,2818,228,975,-1848
IMU1,25016,252339593,844,482,2768,200,805,-1559
IMU1,25017,252349941,967,315,2643,188,580,-1346
IMU1,25018,252360300,1057,70,2522,168,294,-1181
IMU1,25019,252371182,1098,-58,2478,154,-257,-907
IMU1,25020,252381549,1146,-160,2415,154,-488,-767
IMU1,25021,252392098,1143,-241,2397,157,-687,-603
IMU1,25022,252402656,1113,-306,2402,167,-855,-403
IMU1,25023,252413204,1116,-402,2402,169,-1021,-154
IMU1,25024,252423954,1190,-490,2398,165,-1183,118
# swing_peak_seq=24998
IMU1,25025,252434617,1204,-564,2424,152,-1324,385
IMU1,25026,252445270,1205,-604,2487,137,-1460,631
IMU1,25027,252455933,1212,-638,2550,138,-1638,847
IMU1,25028,252467126,1058,-620,2552,174,-2176,1207
IMU1,25029,252478007,958,-585,2528,180,-2506,1409
IMU1,25030,252488676,855,-534,2475,175,-2738,1625
IMU1,25031,252499325,803,-467,2345,141,-2873,1859
IMU1,25032,252509981,816,-374,2238,64,-2967,2096
IMU1,25033,252520451,806,-273,2120,-62,-3029,2314
IMU1,25034,252531006,692,-173,2012,-234,-3078,2527
IMU1,25035,252541774,528,-89,1870,-452,-3119,2765
IMU1,25036,252552343,357,65,1982,-721,-3147,3053
IMU1,25037,252563335,-198,64,2324,-1166,-3217,3769
IMU1,25038,252574090,-380,216,2272,-1174,-3438,4161
IMU1,25039,252585052,-516,246,2243,-1116,-3767,4510
IMU1,25040,252596017,-749,347,2273,-1000,-4095,4805
IMU1,25041,252606967,-922,447,2280,-840,-4411,5056
IMU1,25042,252617739,-1051,532,2226,-663,-4700,5259
IMU1,25043,252628715,-1208,629,2167,-499,-4880,5418
IMU1,25044,252639685,-1510,754,2186,-244,-4955,5675
IMU1,25045,252650675,-1739,853,2161,-142,-4931,5804
IMU1,25046,252661639,-1889,900,2151,-62,-4935,5965
IMU1,25047,252672421,-1984,967,2157,11,-4907,6152
IMU1,25048,252683084,-2036,1052,2194,67,-4802,6340
IMU1,25049,252693955,-2086,1143,2318,112,-4648,6513
IMU1,25050,252705027,-2171,1203,2433,176,-4503,6663
IMU1,25051,252716097,-2262,1273,2451,252,-4409,6791
IMU1,25052,252727184,-2206,1351,2209,253,-4060,6909
IMU1,25053,252738256,-2153,1484,1992,52,-3714,6842
IMU1,25054,252749131,-2256,1576,2060,-272,-3289,6718
IMU1,25055,252760296,-2427,1572,2351,-592,-2906,6614
IMU1,25056,252771481,-2554,1530,2697,-783,-2638,6559
IMU1,25057,252782667,-2608,1513,3032,-814,-2453,6537
IMU1,25058,252793847,-2884,1356,3227,-562,-2403,6461
IMU1,25059,252805007,-2988,1237,3084,-411,-2437,6441
IMU1,25060,252816168,-2869,1043,2810,-342,-2342,6439
IMU1,25061,252827310,-2482,896,2410,-438,-1952,6349
IMU1,25062,252838272,-2153,860,2148,-750,-1316,6094
IMU1,25063,252849246,-1968,871,2352,-1186,-736,5663
IMU1,25064,252860214,-1921,713,3112,-1553,-538,5104
IMU1,25065,252871200,-1974,682,3366,-1632,-1313,3933
IMU1,25066,252882354,-1987,675,3422,-1363,-1873,3439
IMU1,25067,252893519,-1994,645,3219,-1028,-2298,3034
IMU1,25068,252904684,-1989,645,2945,-732,-2510,2717
IMU1,25069,252915654,-1925,667,2715,-536,-2525,2484
IMU1,25070,252926624,-1846,701,2578,-436,-2407,2306
IMU1,25071,252937600,-1659,590,2302,-387,-2140,2035
IMU1,25072,252948557,-1447,552,2166,-371,-1970,1911
IMU1,25073,252959519,-1327,498,2074,-424,-1664,1743
IMU1,25074,252970482,-1267,383,1993,-502,-1275,1555
IMU1,25075,252981439,-1156,350,1861,-610,-899,1363
IMU1,25076,252992197,-1060,272,1926,-745,-585,1136
IMU1,25077,253002939,-994,179,2417,-793,-326,821
IMU1,25078,253013294,-1133,42,2434,-646,-388,527
IMU1,25079,253023645,-840,252,2133,-391,-721,330
IMU1,25080,253034530,-898,293,1698,-47,-1202,-85
IMU1,25081,253044774,-779,367,1539,-128,-1231,-204
IMU1,25082,253055428,-541,-124,2552,-231,-1007,-243
IMU1,25083,253066182,-745,215,2113,-95,-788,-288
IMU1,25084,253076441,-492,153,2264,71,-858,-323
IMU1,25085,253086599,-553,-44,2203,252,-1050,-403
IMU1,25086,253097055,-492,42,2050,409,-1191,-457
IMU1,25087,253107408,-281,234,1720,481,-1229,-484
IMU1,25088,253117956,-334,-192,1830,418,-1002,-540
IMU1,25089,253128620,-353,11,1802,310,-684,-553
IMU1,25090,253138786,-366,13,2310,254,-512,-539
IMU1,25091,253149985,-245,32,2190,404,-463,-441
IMU1,25092,253162595,-189,2,2093,447,-436,-408
IMU1,25093,253172543,-185,-77,2037,394,-353,-372
IMU1,25094,253182801,-163,-101,2096,292,-238,-316
IMU1,25095,253193253,-95,-83,2127,188,-140,-256
IMU1,25096,253203302,-52,-84,2159,88,-85,-218
IMU1,25097,253212946,-34,-79,2157,-3,-50,-204
IMU1,25098,253222498,-56,-124,2188,-84,-44,-202
IMU1,25099,253232427,-85,-151,2188,-135,-115,-191
IMU1,25100,253242774,-19,-155,2158,-157,-228,-172
IMU1,25101,253253126,-7,-130,2069,-156,-300,-186
IMU1,25102,253263274,43,-183,2023,-147,-398,-216
IMU1,25103,253273529,68,-161,1981,-136,-394,-256
IMU1,25104,253284835,115,-147,1997,-80,-225,-341
IMU1,25105,253295086,109,-128,2058,-28,-84,-380
IMU1,25106,253305141,109,-92,2111,30,41,-401
IMU1,25107,253314805,118,-69,2125,91,117,-408
IMU1,25108,253324662,122,-61,2098,137,139,-407
IMU1,25109,253334723,125,-66,2097,155,135,-398
IMU1,25110,253344792,146,-74,2101,145,136,-385
IMU1,25111,253354859,158,-76,2138,111,134,-370
IMU1,25112,253364938,168,-79,2181,70,118,-357
IMU1,25113,253374807,158,-65,2183,28,78,-342
IMU1,25114,253384482,144,-55,2157,-10,6,-326
IMU1,25115,253394041,135,-56,2102,-49,-76,-306
IMU1,25116,253403901,138,-62,2054,-91,-142,-279
IMU1,25117,253413969,141,-61,2006,-138,-184,-250
IMU1,25118,253424232,150,-73,1973,-178,-212,-230
IMU1,25119,253434499,156,-78,1965,-196,-224,-222
IMU1,25120,253444770,157,-79,1971,-187,-201,-224
IMU1,25121,253455014,162,-92,1969,-156,-153,-230
IMU1,25122,253465265,160,-96,1961,-105,-94,-236
IMU1,25123,253475308,149,-96,2012,-42,-40,-228
IMU1,25124,253486709,133,-94,2022,96,105,-217
IMU1,25125,253496566,117,-80,2025,144,171,-203
IMU1,25126,253506612,109,-61,2031,184,237,-190
IMU1,25127,253516662,105,-47,2024,202,288,-168
IMU1,25128,253526719,105,-39,2013,200,322,-146
IMU1,25129,253536778,101,-40,2021,183,340,-132
IMU1,25130,253546836,99,-74,2052,148,323,-116
IMU1,25131,253556697,96,-106,2119,110,275,-99
IMU1,25132,253566561,112,-137,2174,83,211,-89
IMU1,25133,253576424,133,-156,2193,66,142,-90
IMU1,25134,253586288,142,-167,2170,50,75,-110
IMU1,25135,253596149,134,-170,2130,24,19,-141
IMU1,25136,253606016,119,-161,2099,-16,-37,-171
IMU1,25137,253616057,98,-164,2061,-58,-104,-197
IMU1,25138,253626098,89,-160,2028,-98,-183,-213
IMU1,25139,253636130,90,-151,2011,-124,-254,-222
IMU1,25140,253646373,100,-151,1987,-129,-309,-229
IMU1,25141,253656820,123,-158,1969,-122,-341,-241
IMU1,25142,253667258,151,-160,1962,-91,-324,-254
IMU1,25143,253677496,155,-138,1968,-44,-244,-274
IMU1,25144,253688265,136,-116,2003,73,20,-293
IMU1,25145,253698126,122,-93,2047,120,149,-282
IMU1,25146,253708174,115,-64,2076,166,235,-262
IMU1,25147,253718229,130,-38,2085,189,264,-232
IMU1,25148,253728293,138,-29,2094,187,255,-204
IMU1,25149,253738340,141,-22,2085,169,211,-173
IMU1,25150,253748394,148,-20,2083,134,151,-138
IMU1,25151,253758453,145,-30,2071,92,86,-96
IMU1,25152,253767925,144,-32,2074,53,35,-58
IMU1,25153,253777390,155,-57,2078,19,-4,-20
IMU1,25154,253786758,177,-80,2074,-5,-33,7
IMU1,25155,253795929,191,-96,2082,-25,-50,21
IMU1,25156,253805483,204,-115,2085,-40,-64,32
IMU1,25157,253815235,196,-124,2075,-35,-71,33
IMU1,25158,253825002,192,-113,2053,-31,-86,42
IMU1,25159,253834755,182,-109,2041,-27,-100,60
IMU1,25160,253844711,170,-109,2029,-18,-105,82
IMU1,25161,253854663,155,-105,2008,-18,-120,123
IMU1,25162,253864817,141,-94,1990,-7,-141,160
IMU1,25163,253874578,129,-92,1976,3,-170,204
IMU1,25164,253884242,124,-91,1967,24,-185,247
IMU1,25165,253894099,131,-95,1969,56,-173,286
IMU1,25166,253903966,121,-100,1984,95,-129,324
IMU1,25167,253914037,120,-101,2014,138,-51,363
IMU1,25168,253924102,104,-102,2063,182,41,393
IMU1,25169,253934072,73,-113,2116,218,130,424
IMU1,25170,253944062,39,-126,2125,242,203,446
IMU1,25171,253954038,-22,-78,2141,238,254,433
IMU1,25172,253963889,-60,-36,2160,208,301,437
IMU1,25173,253973744,-120,-15,2174,173,309,454
IMU1,25174,253983803,-158,16,2212,131,280,474
IMU1,25175,253993777,-225,33,2242,102,309,498
IMU1,25176,254003733,-313,61,2253,81,327,528
IMU1,25177,254013493,-421,89,2276,51,453,570
IMU1,25178,254023259,-591,200,2277,13,729,615
IMU1,25179,254034795,-1013,473,2370,-97,1404,767
IMU1,25180,254045269,-1251,648,2462,-124,1748,829
IMU1,25181,254055932,-1516,799,2444,-137,2106,889
IMU1,25182,254066607,-1790,928,2370,-173,2500,942
IMU1,25183,254077287,-2107,1060,2284,-225,2940,963
IMU1,25184,254088157,-2456,1173,2210,-276,3390,958
IMU1,25185,254099034,-2841,1330,2218,-300,3847,934
IMU1,25186,254109915,-3224,1552,1916,-282,4374,864
IMU1,25187,254121322,-4012,1978,1688,-192,5547,474
IMU1,25188,254132184,-4304,2217,1610,-108,6083,123
IMU1,25189,254143047,-4567,2331,1681,109,6478,-355
IMU1,25190,254153918,-4680,2465,1779,536,6628,-936
IMU1,25191,254167373,-4931,2743,1784,1183,6497,-1615
IMU1,25192,254178639,-5112,3108,1874,2942,5866,-3107
IMU1,25193,254189948,-5145,3273,1926,3931,5598,-3868
IMU1,25194,254201238,-5190,3405,2003,4911,5440,-4587
IMU1,25195,254212528,-5226,3526,2004,5830,5417,-5243
IMU1,25196,254223806,-5295,3606,2098,6653,5504,-5837
IMU1,25197,254235096,-5394,3727,2165,7408,5680,-6362
IMU1,25198,254246408,-5664,3870,2030,8580,6203,-7156
IMU1,25199,254257699,-5618,4112,2050,8835,6607,-7378
IMU1,25200,254268997,-5632,4319,2184,8908,6969,-7516
IMU1,25201,254280310,-5618,4354,2397,8871,7040,-7535
IMU1,25202,254291606,-5544,4366,2454,8726,6888,-7417
IMU1,25203,254302890,-4615,4268,2511,8424,6560,-7025
IMU1,25204,254314180,-3953,4150,2730,7535,5836,-6909
IMU1,25205,254325483,-3230,3976,3012,7158,5671,-6856
IMU1,25206,254336781,-2630,3779,3280,6848,5566,-6833
IMU1,25207,254348059,-2252,3467,3479,6498,5315,-6807
IMU1,25208,254359339,-1992,3137,3662,6056,4664,-6736
IMU1,25209,254370648,-1813,2588,3123,4708,2005,-6279
IMU1,25210,254381927,-1679,2562,2722,3772,683,-5761
IMU1,25211,254392997,-1456,2449,2484,2825,133,-5035
IMU1,25212,254404074,-1238,2031,2445,2004,532,-4130
IMU1,25213,254415135,-677,2230,3002,1395,1558,-3183
IMU1,25214,254426226,-409,1697,3193,1061,2452,-2407
IMU1,25215,254437294,292,1098,3497,894,2707,-1871
IMU1,25216,254448076,453,876,3443,820,1408,-1477
IMU1,25217,254458638,584,715,3293,814,441,-1441
IMU1,25218,254469011,713,574,3110,779,-283,-1401
IMU1,25219,254479487,831,432,2878,707,-680,-1319
IMU1,25220,254489952,922,304,2658,582,-869,-1181
IMU1,25221,254500412,1010,177,2544,411,-922,-999
IMU1,25222,254510878,1044,86,2419,207,-894,-784
IMU1,25223,254521144,1076,12,2346,-21,-858,-547
IMU1,25224,254531310,1122,-22,2330,-250,-874,-312
IMU1,25225,254541768,1352,12,2297,-462,-953,-117
IMU1,25226,254552131,970,-336,2530,-636,-1094,-47
IMU1,25227,254562602,740,-362,2510,-710,-1734,499
# swing_peak_seq=25201
IMU1,25228,254573171,1076,-49,1748,-744,-1856,766
IMU1,25229,254583735,512,-683,2012,-996,-1775,942
IMU1,25230,254594306,516,-873,2628,-1198,-1691,1277
IMU1,25231,254605280,676,-510,2670,-1185,-1676,1617
IMU1,25232,254616240,430,-526,2387,-1084,-1893,1774
IMU1,25233,254627211,236,-617,2367,-987,-2443,1893
IMU1,25234,254637982,121,-510,2292,-866,-3139,2023
IMU1,25235,254648765,-27,-521,2202,-722,-3727,2163
IMU1,25236,254659948,-117,-455,2035,-403,-4391,2454
IMU1,25237,254670815,-195,-324,1832,-299,-4659,2620
IMU1,25238,254681673,-286,-199,1628,-245,-4901,2797
IMU1,25239,254692527,-394,-132,1548,-257,-5031,3008
IMU1,25240,254703403,-505,-71,1481,-312,-5040,3268
IMU1,25241,254714079,-668,28,1401,-389,-4992,3553
IMU1,25242,254724661,-802,142,1393,-483,-4989,3855
IMU1,25243,254735416,-1112,261,1560,-559,-5069,4155
IMU1,25244,254746399,-1280,320,1698,-554,-5406,4739
IMU1,25245,254757368,-1396,372,1819,-456,-5559,5005
IMU1,25246,254768352,-1553,423,1863,-317,-5677,5233
IMU1,25247,254779337,-1697,456,1805,-180,-5774,5430
IMU1,25248,254790300,-1818,510,1769,-77,-5812,5588
IMU1,25249,254801083,-1868,550,1679,-29,-5749,5704
IMU1,25250,254811855,-1796,620,1741,-52,-5585,5769
IMU1,25251,254823156,-1760,748,1915,-234,-4891,5655
IMU1,25252,254834130,-1929,781,2129,-308,-4482,5527
IMU1,25253,254845102,-2151,777,2209,-330,-4090,5440
IMU1,25254,254856086,-2359,751,2250,-335,-3713,5440
IMU1,25255,254867057,-2489,703,2339,-336,-3384,5524
IMU1,25256,254878038,-2462,667,2470,-317,-3160,5651
IMU1,25257,254889032,-2423,680,2839,-265,-3031,5746
IMU1,25258,254900010,-2289,652,2806,-98,-2906,5643
IMU1,25259,254910770,-2028,712,2655,-93,-2886,5396
IMU1,25260,254921549,-2012,770,2309,-215,-2775,4946
IMU1,25261,254932541,-2682,385,2981,-461,-2517,4635
IMU1,25262,254943529,-2331,494,3188,-537,-2386,4576
IMU1,25263,254954526,-1966,796,3133,-437,-2388,4510
IMU1,25264,254965521,-2005,780,3104,-308,-2378,4318
IMU1,25265,254976521,-2372,642,3107,-42,-2575,4020
IMU1,25266,254987271,-2303,550,3011,55,-2560,3957
IMU1,25267,254997951,-2125,543,2759,50,-2265,3852
IMU1,25268,255008628,-1968,513,2555,-82,-1825,3664
IMU1,25269,255019403,-1942,419,2452,-298,-1422,3408
IMU1,25270,255030372,-1869,405,2453,-542,-1125,3163
IMU1,25271,255041358,-1682,386,2893,-732,-877,2941
IMU1,25272,255052119,-1705,323,3152,-746,-717,2645
IMU1,25273,255062903,-1697,199,3315,-324,-1064,2144
IMU1,25274,255073869,-1630,226,3187,-48,-1453,1900
IMU1,25275,255084647,-1563,202,2985,153,-1752,1671
IMU1,25276,255095524,-1438,192,2678,237,-1865,1465
IMU1,25277,255106407,-1343,231,2440,184,-1807,1272
IMU1,25278,255117274,-1265,238,2291,31,-1622,1096
IMU1,25279,255127954,-1199,221,2229,-167,-1376,945
IMU1,25280,255138742,-1137,194,2207,-352,-1139,817
IMU1,25281,255150029,-1060,179,2253,-558,-810,609
IMU1,25282,255160604,-1033,157,2288,-561,-744,522
IMU1,25283,255173727,-1002,130,2295,-499,-758,450
IMU1,25284,255184302,-955,119,2249,-381,-832,389
IMU1,25285,255194667,-878,81,2135,-253,-926,334
IMU1,25286,255204835,-786,30,2015,-151,-967,279
IMU1,25287,255214993,-683,-21,1909,-94,-913,215
IMU1,25288,255225060,-601,-57,1866,-77,-772,135
IMU1,25289,255235126,-537,-87,1956,-76,-575,49
IMU1,25290,255246026,-465,-104,2045,-49,-209,-137
IMU1,25291,255256369,-463,-80,2119,9,-134,-213
IMU1,25292,255266229,-455,-53,2152,75,-160,-267
IMU1,25293,255276286,-426,-46,2149,141,-275,-316
IMU1,25294,255286549,-389,-47,2099,186,-426,-352
IMU1,25295,255296794,-356,-56,2046,191,-554,-367
IMU1,25296,255307052,-316,-73,1990,160,-620,-370
IMU1,25297,255317322,-274,-107,1958,102,-622,-364
IMU1,25298,255327784,-239,-135,1959,41,-560,-362
IMU1,25299,255338053,-207,-153,1988,-6,-451,-366
IMU1,25300,255348212,-195,-165,2028,-28,-328,-372
IMU1,25301,255358559,-192,-173,2036,-25,-217,-373
IMU1,25302,255368927,-180,-165,2048,-14,-127,-360
IMU1,25303,255379265,-165,-160,2094,-2,-46,-339
IMU1,25304,255390767,-147,-181,2135,18,36,-264
IMU1,25305,255400725,-123,-185,2209,50,1,-229
IMU1,25306,255410488,-87,-210,2215,107,-78,-220
IMU1,25307,255420553,-49,-237,2181,159,-148,-234
IMU1,25308,255430827,-44,-233,2116,186,-173,-260
IMU1,25309,255441083,-51,-220,2061,171,-140,-291
IMU1,25310,255451338,-66,-217,2050,126,-76,-321
IMU1,25311,255461402,-71,-216,2087,72,-29,-341
IMU1,25312,255471272,-67,-225,2143,41,-23,-359
IMU1,25313,255481147,-54,-227,2164,47,-64,-372
IMU1,25314,255491021,-36,-228,2151,74,-141,-385
IMU1,25315,255501091,-28,-223,2120,106,-219,-399
IMU1,25316,255511354,-19,-220,2088,136,-258,-405
IMU1,25317,255521617,-19,-201,2035,149,-245,-405
IMU1,25318,255531863,-6,-185,1991,143,-199,-400
IMU1,25319,255541927,2,-174,1962,121,-130,-389
IMU1,25320,255551893,12,-151,1963,76,-41,-370
IMU1,25321,255561677,9,-141,1993,36,37,-349
IMU1,25322,255571156,-3,-132,2032,8,58,-318
IMU1,25323,255580549,5,-135,2064,1,20,-273
IMU1,25324,255589835,19,-144,2053,-8,-16,-229
IMU1,25325,255599516,19,-148,2033,-15,-37,-193
IMU1,25326,255609374,19,-149,2009,-38,-38,-163
IMU1,25327,255619221,26,-161,1983,-66,-4,-144
IMU1,25328,255628859,36,-161,1975,-99,41,-130
IMU1,25329,255638602,41,-161,1989,-123,92,-127
IMU1,25330,255648550,37,-169,2057,-129,128,-121
IMU1,25331,255659737,53,-169,2082,-84,129,-103
IMU1,25332,255669689,58,-164,2086,-38,108,-91
IMU1,25333,255679446,66,-154,2048,-4,87,-83
IMU1,25334,255688816,70,-121,1978,-1,73,-69
IMU1,25335,255698178,70,-133,1963,-30,85,-60
IMU1,25336,255707735,38,-173,2129,-70,112,-34
IMU1,25337,255717503,44,-150,2241,-44,111,4
IMU1,25338,255726977,79,-169,2278,40,41,40
IMU1,25339,255736871,78,-196,2200,138,-47,58
IMU1,25340,255746549,105,-181,2084,209,-105,62
IMU1,25341,255756606,115,-159,1992,209,-111,57
IMU1,25342,255766677,106,-167,1953,157,-63,45
IMU1,25343,255776540,89,-165,1977,79,3,38
IMU1,25344,255785710,73,-166,2040,2,53,34
IMU1,25345,255794883,63,-171,2098,-43,64,35
IMU1,25346,255804358,52,-162,2134,-60,48,45
IMU1,25347,255813828,44,-168,2128,-60,13,61
IMU1,25348,255823295,45,-177,2094,-49,-40,70
IMU1,25349,255832861,53,-182,2051,-44,-88,72
IMU1,25350,255842433,55,-184,2031,-56,-96,72
IMU1,25351,255852002,42,-178,2024,-74,-71,73
IMU1,25352,255861568,32,-182,2019,-92,-35,81
IMU1,25353,255871140,13,-179,2014,-108,1,100
IMU1,25354,255880822,-7,-168,2011,-122,50,129
IMU1,25355,255890579,-40,-162,1996,-126,124,161
IMU1,25356,255900737,-68,-157,1993,-142,203,210
IMU1,25357,255910915,-103,-144,2038,-147,298,254
IMU1,25358,255921289,-155,-111,2117,-128,395,292
IMU1,25359,255931658,-207,-88,2178,-80,450,315
IMU1,25360,255941637,-277,-76,2201,-8,446,327
IMU1,25361,255951411,-356,-48,2185,75,440,330
IMU1,25362,255961292,-467,-5,2139,138,508,324
IMU1,25363,255971172,-653,111,2093,168,669,313
IMU1,25364,255981362,-908,291,2100,174,927,300
IMU1,25365,255991556,-1234,464,2143,174,1271,306
IMU1,25366,256002166,-1619,630,2247,182,1666,368
IMU1,25367,256012682,-2052,773,2224,212,2061,476
IMU1,25368,256023230,-2500,917,2125,230,2473,617
IMU1,25369,256033785,-3299,1343,1872,211,2914,817
IMU1,25370,256044520,-3750,1687,1873,75,3977,750
IMU1,25371,256055081,-4232,1924,1838,52,4564,560
IMU1,25372,256065629,-4566,2039,1810,110,5051,285
IMU1,25373,256076374,-4825,2192,1810,263,5338,-87
IMU1,25374,256087032,-4982,2327,1899,553,5418,-597
IMU1,25375,256097903,-5253,2519,2055,1020,5240,-1261
IMU1,25376,256109158,-5499,2729,2198,1666,4797,-2033
IMU1,25377,256120417,-5878,3038,2208,2446,3746,-3764
IMU1,25378,256131687,-5944,3196,2307,4078,3491,-4643
IMU1,25379,256142960,-6040,3321,2391,4827,3535,-5474
IMU1,25380,256154232,-6118,3468,2404,5476,3860,-6228
IMU1,25381,256165507,-6048,3606,2539,5993,4368,-6927
IMU1,25382,256179339,-5974,3867,3130,6856,5291,-8301
IMU1,25383,256190611,-5897,3997,3479,7349,5499,-9017
IMU1,25384,256201907,-5954,4106,3611,7858,5496,-9743
IMU1,25385,256213195,-5868,4372,3488,8273,5293,-10450
IMU1,25386,256224664,-5741,4755,3344,8503,4869,-11143
IMU1,25387,256236146,-5473,5615,3321,8465,3564,-12258
IMU1,25388,256247621,-5004,5833,3086,8207,2748,-12504
IMU1,25389,256259094,-4475,5896,2451,7671,1914,-12470
IMU1,25390,256270585,-3867,5960,1969,6795,1453,-12116
IMU1,25391,256282050,-3291,5963,1710,5726,1716,-11495
IMU1,25392,256293515,-2469,5567,1745,4654,3342,-9791
IMU1,25393,256304796,-2023,5173,2079,2841,3673,-8946
IMU1,25394,256316074,-1355,4951,2532,2150,3443,-8234
IMU1,25395,256327360,-699,4690,2890,1590,2890,-7713
IMU1,25396,256338426,-444,4309,3011,1134,2156,-7324
IMU1,25397,256349494,-268,4055,2920,720,1349,-6879
IMU1,25398,256360348,-88,3501,2561,316,786,-6315
IMU1,25399,256371334,190,3193,2531,-416,715,-4859
IMU1,25400,256382005,368,2864,2586,-668,877,-4077
IMU1,25401,256392662,545,2545,2608,-846,916,-3319
IMU1,25402,256403323,750,2200,2541,-971,756,-2631
IMU1,25403,256413990,699,1736,2480,-1068,457,-2035
IMU1,25404,256424838,617,1308,2393,-1130,142,-1461
IMU1,25405,256435688,815,1014,2197,-1155,-73,-909
IMU1,25406,256446230,837,581,2080,-1153,-137,-452
IMU1,25407,256456780,791,151,1668,-1134,-151,269
IMU1,25408,256467753,1030,67,1502,-1156,-32,500
IMU1,25409,256478011,1191,-50,1367,-1247,138,562
IMU1,25410,256488467,1366,1138,-530,-1470,242,408
IMU1,25411,256499109,-151,-2110,2139,-2042,199,431
IMU1,25412,256509869,991,-1086,2347,-2126,104,890
IMU1,25413,256520532,1323,-485,2055,-1902,197,908
# swing_peak_seq=25387
IMU1,25414,256531178,561,-1050,1324,-1726,101,780
IMU1,25415,256541837,392,-1045,1232,-1696,-353,793
IMU1,25416,256552593,710,-1116,1573,-1663,-669,882
IMU1,25417,256563875,524,-1235,1827,-1571,-466,951
IMU1,25418,256574633,436,-1160,1878,-1507,-562,977
IMU1,25419,256585389,348,-1030,1906,-1395,-856,992
IMU1,25420,256596143,277,-943,1846,-1277,-1215,1018
IMU1,25421,256607100,168,-974,1877,-1189,-1532,1094
IMU1,25422,256618061,119,-987,1915,-1114,-1802,1247
IMU1,25423,256629015,20,-950,1883,-1048,-2040,1457
IMU1,25424,256639766,-109,-724,1384,-994,-2488,1953
IMU1,25425,256650623,-100,-716,1294,-1056,-2688,2200
IMU1,25426,256661657,-157,-703,1265,-1132,-2857,2424
IMU1,25427,256672707,-324,-687,1334,-1197,-2986,2643
IMU1,25428,256683743,-492,-704,1290,-1220,-3107,2888
IMU1,25429,256694789,-642,-687,1278,-1237,-3221,3157
IMU1,25430,256705846,-754,-658,1181,-1254,-3305,3422
IMU1,25431,256716904,-968,-623,1042,-1324,-3505,3862
IMU1,25432,256727946,-1065,-585,1007,-1382,-3658,4055
IMU1,25433,256739202,-1180,-576,989,-1425,-3818,4233
IMU1,25434,256750260,-1341,-588,1021,-1453,-3972,4413
IMU1,25435,256761520,-1514,-599,1054,-1452,-4103,4605
IMU1,25436,256772792,-1705,-575,1000,-1427,-4228,4805
IMU1,25437,256784048,-2060,-438,1025,-1401,-4677,5199
IMU1,25438,256795296,-2192,-366,1076,-1294,-4965,5388
IMU1,25439,256806554,-2266,-264,1228,-1182,-5247,5547
IMU1,25440,256817809,-2263,-150,1369,-1001,-5487,5652
IMU1,25441,256829059,-2235,-149,1300,-781,-5719,5663
IMU1,25442,256840118,-2223,-100,1303,-594,-5948,5573
IMU1,25443,256851168,-2417,115,1408,-429,-6139,5268
IMU1,25444,256862129,-2409,191,1554,-130,-6242,5156
IMU1,25445,256873086,-2407,247,1730,40,-6080,5086
IMU1,25446,256883741,-2497,358,1851,205,-5891,5074
IMU1,25447,256894610,-2663,560,2087,370,-5836,5121
IMU1,25448,256905476,-2946,571,2147,560,-5955,5244
IMU1,25449,256916339,-2835,417,2087,733,-6091,5430
IMU1,25450,256927203,-2409,464,1834,811,-5992,5551
IMU1,25451,256938066,-1668,809,1684,531,-4998,5333
IMU1,25452,256948918,-1702,882,1899,272,-4263,5099
IMU1,25453,256959780,-1839,906,2003,9,-3414,4923
IMU1,25454,256970256,-1924,871,1818,-325,-2530,4854
IMU1,25455,256981203,-1842,796,2346,-775,-1723,4862
IMU1,25456,256992162,-1736,833,3494,-1119,-1163,4846
IMU1,25457,257003311,-1934,897,3869,-1119,-1075,4750
IMU1,25458,257014482,-1988,423,4155,-842,-1485,4640
IMU1,25459,257025433,-1864,423,3704,147,-2929,4353
IMU1,25460,257036283,-1663,561,3246,536,-3369,4126
IMU1,25461,257047129,-1547,615,2653,688,-3216,3822
IMU1,25462,257057985,-1543,623,2207,555,-2610,3495
IMU1,25463,257068850,-1564,659,2105,206,-1880,3193
IMU1,25464,257079702,-1559,674,2223,-214,-1255,2922
IMU1,25465,257090661,-1510,633,2438,-587,-846,2668
IMU1,25466,257101413,-1371,494,2856,-930,-706,2170
IMU1,25467,257112173,-1278,429,2948,-898,-907,1930
IMU1,25468,257122931,-1183,368,2912,-776,-1179,1679
IMU1,25469,257133892,-1042,322,2790,-625,-1422,1442
IMU1,25470,257144844,-924,298,2612,-484,-1545,1205
IMU1,25471,257155597,-819,264,2400,-393,-1539,976
IMU1,25472,257166150,-710,233,2212,-366,-1431,753
IMU1,25473,257176719,-625,212,2124,-395,-1263,534
IMU1,25474,257189749,-554,252,2130,-482,-999,143
IMU1,25475,257200109,-533,250,2158,-486,-982,-7
IMU1,25476,257210156,-491,243,2237,-463,-992,-106
IMU1,25477,257220610,-463,255,2312,-398,-978,-166
IMU1,25478,257231066,-422,251,2306,-306,-977,-173
IMU1,25479,257241505,-351,211,2280,-210,-977,-146
IMU1,25480,257251949,-275,182,2206,-125,-920,-96
IMU1,25481,257262187,-198,161,2129,-77,-794,-41
IMU1,25482,257272228,-160,141,2056,-68,-650,8
IMU1,25483,257281972,-100,113,2013,-91,-538,49
IMU1,25484,257291894,-39,103,2046,-131,-430,69
IMU1,25485,257301827,-11,101,2102,-157,-289,66
IMU1,25486,257311761,-33,76,2158,-173,-166,54
IMU1,25487,257321503,-25,30,2225,-168,-121,55
IMU1,25488,257331241,1,2,2171,-135,-146,57
IMU1,25489,257342557,55,-36,2134,-86,-230,43
IMU1,25490,257352106,80,-53,2101,-80,-227,37
IMU1,25491,257361641,96,-88,2063,-83,-203,40
IMU1,25492,257371175,118,-104,2056,-87,-151,39
IMU1,25493,257381127,149,-108,2060,-90,-90,38
IMU1,25494,257390872,164,-119,2075,-87,-33,29
IMU1,25495,257400622,178,-142,2068,-78,-2,10
IMU1,25496,257410169,190,-144,2045,-54,12,-23
IMU1,25497,257419907,215,-142,2025,-34,18,-65
IMU1,25498,257429656,218,-136,2016,-30,18,-114
IMU1,25499,257439604,219,-141,2029,-17,-3,-157
IMU1,25500,257449447,224,-131,2042,-4,-34,-195
IMU1,25501,257459283,231,-132,2047,20,-82,-226
IMU1,25502,257469216,227,-137,2064,44,-125,-251
IMU1,25503,257479365,231,-147,2042,75,-139,-266
IMU1,25504,257489513,234,-134,2008,89,-133,-266
IMU1,25505,257499662,248,-121,1960,89,-111,-261
IMU1,25506,257509807,261,-115,1945,75,-66,-256
IMU1,25507,257519764,268,-116,1948,57,3,-246
IMU1,25508,257529428,276,-101,1962,36,65,-228
IMU1,25509,257539295,284,-106,1994,22,89,-208
IMU1,25510,257549136,284,-108,2042,26,79,-191
IMU1,25511,257558987,305,-115,2088,42,36,-177
IMU1,25512,257568840,318,-119,2094,72,-32,-171
IMU1,25513,257578785,329,-126,2078,93,-98,-172
IMU1,25514,257588735,315,-125,2063,101,-134,-170
IMU1,25515,257599084,301,-119,2048,105,-127,-169
IMU1,25516,257609433,288,-106,2020,105,-88,-161
IMU1,25517,257619568,284,-104,2002,93,-42,-146
IMU1,25518,257629502,284,-103,2007,77,-5,-125
IMU1,25519,257640808,284,-120,2033,60,51,-109
IMU1,25520,257650642,286,-123,2058,58,54,-98
IMU1,25521,257660285,292,-115,2076,78,42,-97
IMU1,25522,257669935,289,-112,2068,97,15,-94
IMU1,25523,257679580,290,-105,2050,107,-8,-85
IMU1,25524,257689322,291,-95,2019,103,-16,-76
IMU1,25525,257699069,294,-75,1994,83,-6,-67
IMU1,25526,257708425,280,-67,1985,53,11,-66
IMU1,25527,257717881,264,-73,1990,13,24,-57
IMU1,25528,257727339,245,-81,1993,-11,43,-47
IMU1,25529,257736889,245,-86,2005,-29,56,-28
IMU1,25530,257746427,245,-85,2014,-31,78,-18
IMU1,25531,257755968,243,-89,2022,-18,96,-6
IMU1,25532,257765844,240,-86,2040,-15,113,5
IMU1,25533,257775292,234,-95,2055,-11,112,24
IMU1,25534,257784952,240,-104,2058,-6,107,33
IMU1,25535,257794610,236,-94,2065,-3,104,36
IMU1,25536,257804062,239,-98,2079,0,97,30
IMU1,25537,257813647,235,-107,2104,-1,71,31
IMU1,25538,257823106,240,-112,2105,12,40,14
IMU1,25539,257833186,242,-109,2100,30,-2,-8
IMU1,25540,257842542,247,-119,2095,35,-40,-27
IMU1,25541,257852299,246,-123,2078,51,-52,-53
IMU1,25542,257862052,247,-127,2076,59,-51,-71
IMU1,25543,257871812,242,-114,2075,63,-40,-82
IMU1,25544,257881571,235,-97,2073,65,-29,-93
IMU1,25545,257891145,228,-89,2068,57,-36,-89
IMU1,25546,257900703,230,-82,2053,53,-46,-83
IMU1,25547,257910264,231,-72,2035,41,-59,-65
IMU1,25548,257919828,233,-78,2031,26,-67,-42
IMU1,25549,257929406,246,-92,2030,16,-67,-19
IMU1,25550,257938953,261,-93,2014,12,-65,-5
IMU1,25551,257948313,272,-103,2009,3,-67,9
IMU1,25552,257958092,283,-101,2009,3,-49,15
IMU1,25553,257967548,288,-101,2003,1,-26,26
IMU1,25554,257977002,279,-92,2008,15,17,28
IMU1,25555,257986881,269,-80,2006,28,70,52
IMU1,25556,257996236,245,-86,2005,48,150,76
IMU1,25557,258006329,217,-86,1992,61,255,118
IMU1,25558,258016102,191,-84,1964,70,390,159
IMU1,25559,258025868,170,-86,1982,63,530,196
IMU1,25560,258035637,126,-72,2015,48,683,221
IMU1,25561,258045405,35,-46,2077,38,819,238
IMU1,25562,258054989,-91,-37,2147,47,956,252
IMU1,25563,258064642,-274,-2,2161,61,1173,280
IMU1,25564,258074487,-490,69,2111,61,1558,325
IMU1,25565,258084442,-696,159,2113,29,2067,375
IMU1,25566,258094599,-927,265,2173,-19,2557,400
IMU1,25567,258104859,-1214,383,2290,-56,2954,418
IMU1,25568,258115319,-1606,517,2371,-54,3278,436
IMU1,25569,258125778,-1974,631,2407,-31,3601,480
IMU1,25570,258136236,-2245,761,2352,-13,3946,525
IMU1,25571,258146710,-2577,904,2293,-8,4285,526
IMU1,25572,258156984,-2945,1045,2177,0,4647,480
IMU1,25573,258167250,-3271,1208,1990,6,5081,392
IMU1,25574,258177633,-3660,1379,1962,19,5573,252
IMU1,25575,258190953,-4442,1922,1865,256,6471,-171
IMU1,25576,258201824,-4815,2209,1682,519,6616,-458
IMU1,25577,258212686,-5027,2458,1406,851,6460,-810
IMU1,25578,258223548,-5173,2701,1167,1239,6080,-1238
IMU1,25579,258234826,-5183,2818,1019,1690,5659,-1731
IMU1,25580,258246096,-5514,3163,983,2861,5363,-2739
IMU1,25581,258257178,-5655,3317,951,3582,5524,-3115
IMU1,25582,258268267,-5734,3450,843,4333,5760,-3389
IMU1,25583,258279337,-5584,3506,818,5031,6095,-3599
IMU1,25584,258290434,-5487,3562,826,5653,6596,-3804
IMU1,25585,258301518,-5388,3594,912,6203,7222,-3991
IMU1,25586,258312624,-5371,3686,1321,6715,7886,-4139
IMU1,25587,258323910,-5312,3731,1504,7715,8765,-4202
IMU1,25588,258335206,-5292,3781,1446,8107,9120,-4117
IMU1,25589,258346484,-5187,3797,1619,8325,9641,-3967
IMU1,25590,258357759,-5250,3959,1876,8452,10194,-3816
IMU1,25591,258369269,-5439,3898,2244,8560,10343,-3653
IMU1,25592,258380757,-5395,3321,3219,9017,8558,-3335
IMU1,25593,258392057,-5029,2902,3306,9366,6733,-3259
IMU1,25594,258403345,-4415,2601,3271,9633,4739,-3301
IMU1,25595,258414625,-3774,2295,3073,9685,3104,-3485
IMU1,25596,258425922,-3144,2052,2614,9413,1880,-3784
IMU1,25597,258437214,-2635,2059,1857,8719,1095,-4123
IMU1,25598,258448490,-1935,2024,1808,6224,938,-4474
IMU1,25599,258459572,-1745,1906,1847,4773,1354,-4313
IMU1,25600,258470856,-1630,1738,1872,3406,1771,-3941
IMU1,25601,258482094,-1402,1539,1941,2204,2050,-3447
IMU1,25602,258493331,-1092,1323,2103,1223,2195,-2941
IMU1,25603,258504584,-766,1106,2417,512,2201,-2502
IMU1,25604,258515958,-417,655,2546,-136,1843,-1888
IMU1,25605,258526701,-268,440,2590,-134,1500,-1637
IMU1,25606,258537441,-117,242,2534,1,1138,-1398
IMU1,25607,258547692,46,13,2474,206,856,-1172
IMU1,25608,258557635,195,-167,2320,419,663,-967
IMU1,25609,258567873,358,-317,2119,570,522,-792
IMU1,25610,258578114,420,-444,1939,616,379,-656
IMU1,25611,258588343,440,-594,1866,565,193,-526
IMU1,25612,258598574,451,-743,1859,454,25,-382
IMU1,25613,258608604,412,-865,1901,309,-60,-219
IMU1,25614,258618739,312,-974,1965,162,-111,-37
IMU1,25615,258628870,235,-1041,2087,34,-184,157
IMU1,25616,258639093,208,-1081,2170,-73,-270,337
IMU1,25617,258650469,497,-684,2112,-275,-515,516
# swing_peak_seq=25591
IMU1,25618,258660805,-423,-1603,2495,-396,-761,497
IMU1,25619,258671428,-335,-1558,2689,-394,-1170,725
IMU1,25620,258682266,-38,-1073,2580,-304,-1511,946
IMU1,25621,258692903,-110,-1139,2342,-228,-1659,1000
IMU1,25622,258703928,-264,-1218,2127,-223,-1833,1018
IMU1,25623,258714958,-253,-1193,2031,-273,-2047,1062
IMU1,25624,258725989,-225,-1014,2033,-357,-2167,1097
IMU1,25625,258737019,-352,-1087,1984,-576,-2284,1098
IMU1,25626,258748053,-388,-1011,1802,-720,-2463,1122
IMU1,25627,258759086,-326,-922,1925,-907,-2656,1168
IMU1,25628,258769918,-381,-767,1803,-1093,-2792,1233
IMU1,25629,258780965,-468,-722,1777,-1273,-2918,1332
IMU1,25630,258792002,-623,-748,1768,-1415,-3103,1474
IMU1,25631,258803042,-818,-543,1711,-1504,-3361,1671
IMU1,25632,258814084,-894,-545,1595,-1542,-3971,2174
IMU1,25633,258825143,-1041,-552,1552,-1537,-4266,2460
IMU1,25634,258836394,-1171,-535,1547,-1520,-4534,2778
IMU1,25635,258847654,-1291,-476,1528,-1473,-4813,3087
IMU1,25636,258858900,-1413,-402,1447,-1409,-5147,3375
IMU1,25637,258870135,-1605,-270,1309,-1338,-5525,3636
IMU1,25638,258881356,-1989,-155,1276,-1175,-6175,4140
IMU1,25639,258892593,-2185,-54,1321,-1078,-6401,4399
IMU1,25640,258903626,-2416,-26,1387,-954,-6654,4648
IMU1,25641,258914461,-2574,32,1465,-809,-6992,4884
IMU1,25642,258925192,-2641,147,1499,-637,-7352,5054
IMU1,25643,258936147,-2625,288,1436,-462,-7633,5128
IMU1,25644,258947094,-2663,480,1449,-317,-7735,5116
IMU1,25645,258958047,-2753,542,1445,-148,-7335,5003
IMU1,25646,258969000,-2737,582,1473,-122,-6921,4995
IMU1,25647,258979947,-2663,631,1548,-130,-6415,5037
IMU1,25648,258990890,-2694,667,1683,-163,-5752,5121
IMU1,25649,259001819,-2791,649,1859,-220,-4960,5265
IMU1,25650,259012759,-2827,627,2040,-280,-4217,5462
IMU1,25651,259023711,-2635,624,2148,-342,-3633,5637
IMU1,25652,259035192,-2135,802,2220,-568,-2902,5612
IMU1,25653,259046149,-2152,831,2412,-691,-2749,5442
IMU1,25654,259057102,-2304,813,2677,-731,-2728,5269
IMU1,25655,259068052,-2387,783,2862,-675,-2808,5166
IMU1,25656,259079013,-2422,789,2955,-539,-2924,5110
IMU1,25657,259089976,-2442,820,2951,-378,-2982,5078
IMU1,25658,259100924,-2348,731,2835,-241,-2947,5060
IMU1,25659,259111877,-2107,710,2730,-138,-2787,4958
IMU1,25660,259122840,-1827,698,2688,-178,-2729,4756
IMU1,25661,259133789,-1671,642,2699,-272,-2692,4448
IMU1,25662,259144728,-1669,585,2744,-363,-2647,4077
IMU1,25663,259155665,-1728,530,2801,-428,-2550,3728
IMU1,25664,259166618,-1777,499,2830,-466,-2385,3441
IMU1,25665,259177575,-1749,493,2834,-466,-2239,3196
IMU1,25666,259191001,-1665,372,2744,-381,-2158,2783
IMU1,25667,259201962,-1524,313,2610,-342,-2114,2604
IMU1,25668,259212882,-1381,273,2460,-341,-1989,2409
IMU1,25669,259223800,-1264,257,2355,-387,-1769,2196
IMU1,25670,259234745,-1178,212,2285,-473,-1486,1970
IMU1,25671,259245684,-1076,118,2522,-574,-930,1509
IMU1,25672,259256430,-1103,120,2540,-586,-777,1286
IMU1,25673,259267167,-1058,60,2565,-489,-785,1079
IMU1,25674,259277703,-1031,28,2462,-342,-921,869
IMU1,25675,259288033,-961,31,2330,-212,-1103,667
IMU1,25676,259298361,-864,-44,2281,-114,-1221,474
IMU1,25677,259308790,-820,-41,2181,-40,-1234,283
IMU1,25678,259319029,-701,-30,2145,10,-1166,104
IMU1,25679,259329174,-649,-33,2096,37,-1046,-79
IMU1,25680,259339194,-621,-25,1987,43,-853,-249
IMU1,25681,259349228,-635,-64,1970,20,-632,-391
IMU1,25682,259359269,-596,-26,2008,-12,-568,-470
IMU1,25683,259369393,-527,12,2003,-49,-502,-513
IMU1,25684,259379415,-444,17,1936,-95,-442,-533
IMU1,25685,259390990,-275,-62,2120,-260,-317,-570
IMU1,25686,259401326,-305,-126,2457,-251,-301,-590
IMU1,25687,259411854,-249,-172,2490,-101,-354,-609
IMU1,25688,259422372,-176,-188,2408,118,-500,-624
IMU1,25689,259432809,-99,-140,2283,300,-648,-632
IMU1,25690,259443043,-18,-98,2111,407,-683,-640
IMU1,25691,259453070,24,-60,1938,411,-601,-636
IMU1,25692,259463020,49,-8,1787,324,-468,-619
IMU1,25693,259472762,52,22,1765,170,-316,-580
IMU1,25694,259482605,45,43,1742,-12,-147,-510
IMU1,25695,259492331,71,-29,2081,-147,19,-408
IMU1,25696,259502060,79,-50,2216,-157,96,-309
IMU1,25697,259511823,142,-48,2327,-76,55,-232
IMU1,25698,259521580,190,-112,2299,47,-27,-189
IMU1,25699,259531518,229,-117,2180,158,-124,-169
IMU1,25700,259541854,251,-120,2104,207,-193,-165
IMU1,25701,259552176,287,-115,2028,200,-200,-174
IMU1,25702,259562494,265,-101,2030,155,-165,-189
IMU1,25703,259573340,266,-95,2071,47,-92,-200
IMU1,25704,259583082,241,-93,2087,19,-64,-196
IMU1,25705,259592823,210,-87,2086,8,-49,-174
IMU1,25706,259602347,203,-76,2066,5,-40,-145
IMU1,25707,259611880,194,-78,2044,-4,-54,-113
IMU1,25708,259621509,185,-93,2038,-19,-79,-71
IMU1,25709,259631143,197,-112,2023,-28,-72,-35
IMU1,25710,259640980,208,-123,2022,-34,-49,-2
IMU1,25711,259650603,200,-134,2017,-33,-11,24
IMU1,25712,259660325,204,-140,2019,-24,44,33
IMU1,25713,259669966,184,-126,2033,-20,116,35
IMU1,25714,259679807,144,-119,2077,-16,179,29
IMU1,25715,259689662,124,-130,2108,1,184,26
IMU1,25716,259699186,122,-125,2127,17,129,22
IMU1,25717,259708929,127,-109,2144,47,54,11
IMU1,25718,259718467,120,-112,2131,79,-22,-5
IMU1,25719,259727996,132,-124,2112,107,-104,-26
IMU1,25720,259738131,138,-124,2073,124,-177,-44
IMU1,25721,259748255,142,-134,2037,132,-199,-65
IMU1,25722,259758384,150,-130,2024,127,-177,-84
IMU1,25723,259768521,156,-131,2026,117,-122,-101
IMU1,25724,259778843,169,-146,2040,103,-64,-111
IMU1,25725,259788967,175,-140,2080,87,-18,-119
IMU1,25726,259798880,176,-118,2115,80,-12,-126
IMU1,25727,259808814,184,-130,2126,81,-82,-138
IMU1,25728,259818745,189,-138,2120,77,-188,-147
IMU1,25729,259828886,201,-130,2090,69,-260,-144
IMU1,25730,259839021,206,-123,2048,53,-277,-137
IMU1,25731,259849177,207,-123,2032,30,-251,-128
IMU1,25732,259859308,213,-129,2045,11,-201,-111
IMU1,25733,259869428,224,-122,2053,-2,-144,-95
IMU1,25734,259879263,238,-124,2050,-15,-106,-83
IMU1,25735,259889288,253,-130,2032,-18,-85,-79
IMU1,25736,259900678,272,-132,2040,-30,-39,-59
IMU1,25737,259910517,263,-119,2060,-33,-17,-50
IMU1,25738,259920349,262,-119,2074,-22,-27,-55
IMU1,25739,259930176,260,-124,2085,-10,-61,-64
IMU1,25740,259940007,264,-107,2071,5,-95,-65
IMU1,25741,259949543,271,-104,2042,20,-119,-62
IMU1,25742,259959481,271,-111,2017,24,-127,-53
IMU1,25743,259969423,273,-104,2018,18,-109,-37
IMU1,25744,259979356,279,-103,2007,10,-84,-15
IMU1,25745,259989096,268,-109,2002,2,-62,4
IMU1,25746,259998347,256,-111,1998,-4,-33,25
IMU1,25747,260007902,259,-114,1991,-13,3,48
IMU1,25748,260017348,262,-117,1993,-17,50,61
IMU1,25749,260026989,262,-117,1999,-20,97,68
IMU1,25750,260036629,257,-118,2007,-18,138,71
IMU1,25751,260046471,254,-108,2024,-12,162,70
IMU1,25752,260056304,247,-109,2034,0,155,64
IMU1,25753,260065758,248,-119,2066,11,126,55
IMU1,25754,260075505,248,-122,2075,21,72,46
IMU1,25755,260085070,250,-122,2076,32,10,28
IMU1,25756,260094627,262,-121,2063,40,-38,5
IMU1,25757,260104089,252,-120,2061,45,-58,-17
IMU1,25758,260113807,246,-109,2070,49,-60,-33
IMU1,25759,260123541,251,-106,2084,52,-69,-43
IMU1,25760,260133269,238,-112,2096,59,-85,-48
IMU1,25761,260143001,226,-103,2086,67,-98,-41
IMU1,25762,260152733,214,-78,2065,74,-96,-30
IMU1,25763,260162276,185,-58,2055,72,-75,-8
IMU1,25764,260171611,155,-43,2058,70,-24,21
IMU1,25765,260181051,97,-16,2064,64,63,60
IMU1,25766,260192746,14,51,2101,64,180,102
IMU1,25767,260202185,-95,115,2139,75,321,152
IMU1,25768,260211925,-250,151,2159,95,482,218
IMU1,25769,260221866,-395,209,2168,109,711,305
IMU1,25770,260232016,-596,322,2194,111,1056,399
IMU1,25771,260242360,-879,459,2268,108,1491,500
IMU1,25772,260252708,-1203,581,2339,121,1969,623
IMU1,25773,260263266,-1538,674,2363,149,2446,776
IMU1,25774,260273822,-1838,770,2296,167,2973,946
IMU1,25775,260284909,-2465,1102,2227,100,4335,1221
IMU1,25776,260295872,-2792,1313,2257,14,5062,1271
IMU1,25777,260306644,-3146,1451,2277,-57,5722,1237
IMU1,25778,260317506,-3501,1567,2297,-75,6263,1125
IMU1,25779,260328381,-3841,1739,2275,-37,6706,957
IMU1,25780,260339040,-4213,2055,2216,77,7089,723
IMU1,25781,260349618,-4573,2362,2081,268,7411,435
IMU1,25782,260360384,-4831,2500,1843,548,7607,117
IMU1,25783,260371667,-5078,2760,1788,1416,7500,-559
IMU1,25784,260382745,-5375,3098,1590,2016,7292,-897
IMU1,25785,260393813,-5839,3479,1227,2675,7164,-1199
IMU1,25786,260405089,-6259,3870,776,3291,7268,-1388
IMU1,25787,260416153,-6449,4137,492,3840,7665,-1472
IMU1,25788,260427208,-6536,4472,180,4379,8306,-1512
IMU1,25789,260438280,-6295,4825,322,5764,9739,-1629
IMU1,25790,260449348,-6211,5144,799,6748,10234,-1703
IMU1,25791,260460630,-6122,5477,1328,7943,10490,-1729
IMU1,25792,260472110,-6014,5668,1704,9198,10310,-1677
IMU1,25793,260483597,-5784,5701,2044,10333,9495,-1577
IMU1,25794,260495076,-5408,5512,2499,11256,8204,-1544
IMU1,25795,260506560,-4922,4890,2573,12454,5550,-1815
IMU1,25796,260518014,-4746,4778,2457,12745,4589,-2044
IMU1,25797,260529499,-4365,4642,2360,12777,3945,-2311
IMU1,25798,260540983,-4006,4514,2282,12552,3700,-2616
IMU1,25799,260552449,-3649,4370,2378,12129,3795,-2919
IMU1,25800,260563927,-2920,3754,2965,10762,3958,-3602
IMU1,25801,260575393,-2736,3355,3236,9705,3432,-3986
IMU1,25802,260586669,-2717,3142,3311,8381,2257,-4298
IMU1,25803,260597947,-2651,3099,3344,6897,906,-4356
IMU1,25804,260609017,-2387,3015,3430,5453,209,-4057
IMU1,25805,260620070,-2059,2761,3924,4215,597,-3446
IMU1,25806,260631130,-1455,1983,4172,2628,1981,-1985
IMU1,25807,260642381,-861,1655,4413,2187,1811,-1491
IMU1,25808,260653435,-435,1364,4660,1935,1186,-1283
IMU1,25809,260664488,-545,1054,4727,1885,275,-1243
IMU1,25810,260675340,-103,625,3806,1807,-685,-1119
IMU1,25811,260686090,499,964,3524,1540,-1160,-1046
IMU1,25812,260696932,456,706,2164,1112,-1065,-1079
IMU1,25813,260708318,1064,658,756,-415,-779,-1316
IMU1,25814,260718879,-937,-1168,4368,-1493,-441,-1209
IMU1,25815,260730030,-22,309,4082,-1753,-450,-588
IMU1,25816,260740482,216,204,3619,-1632,-621,-242
IMU1,25817,260751020,-182,-413,3489,-1455,-981,-6
IMU1,25818,260761371,66,58,3275,-1248,-1755,268
IMU1,25819,260771636,132,-245,3015,-1003,-2555,453
# swing_peak_seq=25793
IMU1,25820,260782400,-18,-277,2718,-809,-3129,677
IMU1,25821,260792848,66,-256,2516,-701,-3481,965
IMU1,25822,260803207,44,-449,2385,-663,-3647,1547
IMU1,25823,260813747,-7,-204,2127,-707,-4015,1788
IMU1,25824,260824184,-184,44,1751,-758,-4337,2012
IMU1,25825,260834734,-314,-113,1592,-854,-4733,2258
IMU1,25826,260845585,-435,-44,1442,-951,-5052,2555
IMU1,25827,260856241,-486,-73,1482,-1025,-5192,2902
IMU1,25828,260867081,-589,-100,1415,-1054,-5247,3262
IMU1,25829,260878113,-799,-134,1525,-1045,-5375,3633
IMU1,25830,260889161,-1000,-160,1330,-973,-5616,4028
IMU1,25831,260900717,-1285,-130,1281,-685,-6135,4791
IMU1,25832,260911769,-1465,-156,1281,-499,-6261,5122
IMU1,25833,260922821,-1670,-170,1414,-302,-6365,5408
IMU1,25834,260933876,-1959,-123,1543,-82,-6510,5643
IMU1,25835,260944724,-2039,-63,1619,166,-6801,5821
IMU1,25836,260955462,-2045,78,1507,417,-7134,5911
IMU1,25837,260966145,-2028,154,1557,601,-7291,5911
IMU1,25838,260977548,-1962,233,1484,706,-6730,5734
IMU1,25839,260988415,-2056,295,1379,563,-6154,5641
IMU1,25840,260999287,-2205,331,1345,298,-5450,5580
IMU1,25841,261010142,-2220,348,1478,-30,-4706,5594
IMU1,25842,261020912,-2135,341,1729,-324,-3952,5646
IMU1,25843,261031861,-2078,356,2035,-548,-3195,5694
IMU1,25844,261042835,-2091,396,2320,-696,-2514,5715
IMU1,25845,261053807,-2185,447,2764,-836,-1741,5657
IMU1,25846,261064766,-2413,341,2955,-874,-1597,5605
IMU1,25847,261075732,-2455,221,3081,-873,-1636,5572
IMU1,25848,261086703,-2251,312,3126,-850,-1849,5516
IMU1,25849,261097683,-2292,468,3124,-814,-2085,5364
IMU1,25850,261108639,-2543,509,3110,-783,-2263,5177
IMU1,25851,261119629,-2638,417,2865,-775,-2384,5037
IMU1,25852,261130630,-2282,425,2653,-995,-2134,4746
IMU1,25853,261141579,-2123,508,2756,-1154,-1902,4483
IMU1,25854,261152734,-2107,411,2839,-1231,-1802,4149
IMU1,25855,261163884,-1999,294,3036,-1185,-1841,3810
IMU1,25856,261175043,-1876,261,3065,-1027,-1978,3472
IMU1,25857,261186191,-1775,249,3025,-802,-2170,3130
IMU1,25858,261199697,-1636,267,2868,-366,-2458,2514
IMU1,25859,261210650,-1563,323,2772,-213,-2481,2265
IMU1,25860,261221595,-1532,371,2636,-106,-2423,2043
IMU1,25861,261232552,-1482,397,2524,-58,-2296,1873
IMU1,25862,261243314,-1407,428,2440,-63,-2109,1742
IMU1,25863,261254056,-1316,421,2370,-107,-1916,1628
IMU1,25864,261265003,-1138,321,2274,-160,-1644,1415
IMU1,25865,261275935,-1032,244,2225,-253,-1512,1311
IMU1,25866,261286892,-923,183,2199,-287,-1324,1193
IMU1,25867,261297632,-848,174,2217,-309,-1095,1063
IMU1,25868,261308381,-820,181,2240,-310,-881,919
IMU1,25869,261318736,-822,172,2232,-282,-752,777
IMU1,25870,261329096,-850,174,2250,-232,-718,650
IMU1,25871,261339438,-849,170,2214,-170,-768,553
IMU1,25872,261349791,-828,144,2140,-118,-876,487
IMU1,25873,261360138,-780,126,2069,-76,-983,435
IMU1,25874,261370289,-750,72,1988,-61,-1036,394
IMU1,25875,261381487,-726,40,1965,-66,-915,376
IMU1,25876,261391431,-756,6,1945,-77,-735,378
IMU1,25877,261401191,-789,-23,1942,-98,-514,403
IMU1,25878,261411245,-806,-40,1929,-118,-292,456
IMU1,25879,261421475,-769,-22,1823,-149,-87,513
IMU1,25880,261431524,-799,-168,2037,-194,80,561
IMU1,25881,261441675,-814,-127,1992,-202,169,602
IMU1,25882,261452007,-777,-175,2291,-177,127,642
IMU1,25883,261462344,-746,-225,2185,-74,-1,654
IMU1,25884,261472200,-667,-303,2203,35,-172,626
IMU1,25885,261482349,-634,-281,2160,133,-290,510
IMU1,25886,261492706,-603,-369,2075,194,-298,410
IMU1,25887,261503053,-472,-341,2082,213,-285,294
IMU1,25888,261513404,-407,-304,2047,196,-133,156
IMU1,25889,261523752,-389,-267,2044,157,66,13
IMU1,25890,261533606,-455,-277,2188,116,153,-106
IMU1,25891,261544988,-425,-248,2243,85,61,-227
IMU1,25892,261554921,-417,-218,2239,85,-14,-239
IMU1,25893,261564974,-390,-186,2199,100,-141,-250
IMU1,25894,261575420,-367,-170,2149,94,-261,-241
IMU1,25895,261585663,-337,-175,2063,80,-290,-223
IMU1,25896,261595903,-343,-210,2011,60,-230,-195
IMU1,25897,261606157,-301,-224,1997,45,-238,-165
IMU1,25898,261616408,-252,-216,1976,24,-214,-144
IMU1,25899,261626644,-226,-216,1990,-7,-118,-131
IMU1,25900,261636788,-219,-228,1997,-43,-9,-124
IMU1,25901,261646728,-220,-225,2049,-64,60,-121
IMU1,25902,261656763,-204,-204,2066,-76,88,-110
IMU1,25903,261666802,-195,-186,2063,-75,89,-96
IMU1,25904,261676641,-193,-174,2038,-78,70,-80
IMU1,25905,261686489,-193,-180,2093,-85,49,-50
IMU1,25906,261696318,-198,-217,2148,-69,21,-8
IMU1,25907,261705960,-192,-236,2184,-27,-40,46
IMU1,25908,261715807,-159,-235,2182,33,-124,91
IMU1,25909,261725766,-149,-241,2091,98,-186,115
IMU1,25910,261736953,-116,-248,2030,175,-156,115
IMU1,25911,261747302,-94,-234,1992,170,-107,93
IMU1,25912,261757251,-78,-208,1983,130,-44,67
IMU1,25913,261767012,-108,-201,1985,75,41,36
IMU1,25914,261776664,-135,-204,2010,28,78,16
IMU1,25915,261786305,-145,-205,2036,-9,72,10
IMU1,25916,261795852,-138,-204,2067,-31,47,16
IMU1,25917,261805593,-139,-212,2081,-34,21,24
IMU1,25918,261815349,-146,-215,2083,-28,3,32
IMU1,25919,261824909,-148,-215,2084,-9,-20,37
IMU1,25920,261834547,-149,-213,2078,18,-40,37
IMU1,25921,261844297,-140,-197,2055,37,-56,34
IMU1,25922,261854040,-144,-191,2043,44,-67,26
IMU1,25923,261863786,-151,-206,2035,45,-68,18
IMU1,25924,261873528,-152,-214,2046,37,-63,11
IMU1,25925,261883279,-156,-214,2049,37,-62,8
IMU1,25926,261892832,-164,-210,2040,34,-67,5
IMU1,25927,261902373,-171,-218,2019,34,-69,2
IMU1,25928,261911924,-165,-221,2009,34,-51,1
IMU1,25929,261921476,-158,-217,2025,26,-29,2
IMU1,25930,261931020,-154,-211,2053,21,-8,3
IMU1,25931,261940381,-153,-222,2089,37,-4,1
IMU1,25932,261949730,-149,-229,2101,66,-16,3
IMU1,25933,261959282,-151,-230,2084,95,-22,1
IMU1,25934,261968837,-148,-224,2059,121,-25,1
IMU1,25935,261978583,-140,-219,2032,130,-13,0
IMU1,25936,261988238,-137,-214,2009,116,5,-7
IMU1,25937,261997791,-120,-203,2003,87,21,-14
IMU1,25938,262007537,-154,-202,2025,50,69,-22
IMU1,25939,262017290,-145,-200,2082,20,1,-30
IMU1,25940,262026829,-127,-192,2113,-2,-41,-35
IMU1,25941,262036572,-140,-193,2089,-15,-20,-33
IMU1,25942,262046510,-156,-199,2056,-23,-21,-26
IMU1,25943,262056455,-169,-192,2043,-24,-25,-4
IMU1,25944,262066194,-151,-191,2059,-25,-25,22
IMU1,25945,262076046,-147,-190,2090,-16,-20,43
IMU1,25946,262085895,-145,-201,2117,0,-23,53
IMU1,25947,262095350,-130,-204,2124,23,-34,58
IMU1,25948,262105111,-125,-205,2115,50,-41,52
IMU1,25949,262114872,-117,-204,2087,62,-39,39
IMU1,25950,262124631,-125,-203,2059,66,-2,24
IMU1,25951,262134195,-146,-210,2063,62,32,8
IMU1,25952,262143672,-147,-209,2083,57,22,-6
IMU1,25953,262153252,-141,-196,2086,57,-5,-24
IMU1,25954,262162857,-146,-194,2070,59,-10,-42
IMU1,25955,262172665,-154,-185,2051,62,-9,-55
IMU1,25956,262182276,-154,-170,2033,60,-8,-62
IMU1,25957,262191897,-159,-167,2020,51,-7,-60
IMU1,25958,262204071,-174,-164,2015,37,-5,-48
IMU1,25959,262213680,-181,-164,2023,25,-2,-32
IMU1,25960,262223286,-175,-168,2052,18,6,-15
IMU1,25961,262232800,-185,-171,2062,15,16,0
IMU1,25962,262242115,-192,-166,2081,20,26,7
IMU1,25963,262251526,-200,-176,2088,25,38,8
IMU1,25964,262260934,-203,-173,2081,27,49,9
IMU1,25965,262270347,-225,-163,2061,24,55,10
IMU1,25966,262279972,-247,-154,2045,17,59,17
IMU1,25967,262289595,-279,-147,2038,8,69,30
IMU1,25968,262299030,-299,-138,2032,2,106,50
IMU1,25969,262308659,-363,-127,2034,5,188,79
IMU1,25970,262318278,-427,-116,2036,15,280,117
IMU1,25971,262328305,-502,-104,2020,30,424,174
IMU1,25972,262338335,-613,-119,2032,46,613,246
IMU1,25973,262348375,-662,-46,2084,61,706,298
IMU1,25974,262358217,-783,-36,2145,72,897,362
IMU1,25975,262368064,-939,101,2172,91,1024,418
IMU1,25976,262378196,-1149,164,2146,105,1261,492
IMU1,25977,262388738,-1344,305,2038,99,1605,577
IMU1,25978,262399085,-1628,485,1967,62,2019,678
IMU1,25979,262410467,-2314,768,1964,-4,2678,940
IMU1,25980,262420692,-2701,912,1917,-32,3114,1111
IMU1,25981,262431338,-3132,1171,1789,-69,3709,1289
IMU1,25982,262442172,-3542,1432,1718,-137,4469,1458
IMU1,25983,262453205,-3945,1650,1661,-216,5332,1585
IMU1,25984,262464229,-4414,1918,1508,-281,6169,1633
IMU1,25985,262475260,-4820,2262,1305,-320,6839,1584
IMU1,25986,262486285,-5509,2922,982,-296,7416,1132
IMU1,25987,262497126,-5614,3094,951,207,7325,747
IMU1,25988,262507676,-5711,3240,909,795,7056,277
IMU1,25989,262518227,-5650,3400,993,1653,6664,-263
IMU1,25990,262529063,-5634,3483,1033,2761,6205,-835
IMU1,25991,262540104,-5691,3647,1128,4055,5784,-1369
IMU1,25992,262551345,-5627,3824,1181,5437,5589,-1849
IMU1,25993,262562618,-5621,4033,1209,6790,5704,-2294
IMU1,25994,262573855,-5503,4255,1350,9087,6685,-3136
IMU1,25995,262585114,-5558,4482,1621,9973,7136,-3572
IMU1,25996,262596373,-5664,4675,2058,10701,7321,-3997
IMU1,25997,262607836,-5716,4732,2429,11286,7163,-4376
IMU1,25998,262619305,-5514,4686,2570,11729,6589,-4739
IMU1,25999,262630763,-4946,4559,2539,12016,5057,-5551
IMU1,26000,262642234,-4648,4671,2603,11883,4604,-5978
IMU1,26001,262653688,-4422,4673,2669,11625,4296,-6371
IMU1,26002,262665149,-4136,4616,2933,11279,3967,-6655
IMU1,26003,262676597,-3537,4443,3365,10887,3600,-6849
IMU1,26004,262688023,-2507,3556,3126,10361,3127,-7243
IMU1,26005,262699461,-2335,3278,2651,8250,829,-7352
IMU1,26006,262710512,-1998,3336,2326,6644,-480,-7192
IMU1,26007,262721656,-1476,3306,2068,4920,-605,-6653
IMU1,26008,262732778,-1246,3013,1958,3289,627,-5786
IMU1,26009,262743829,-1107,2807,2209,1924,1887,-4753
IMU1,26010,262755074,-180,2105,3031,900,2362,-3795
IMU1,26011,262765936,7,1794,3182,-152,1898,-2564
IMU1,26012,262776377,158,1484,3258,-282,1344,-2151
IMU1,26013,262787207,389,1225,3314,-210,865,-1798
IMU1,26014,262797832,785,1093,3365,-5,567,-1532
IMU1,26015,262808078,1034,1028,3277,266,425,-1374
IMU1,26016,262818802,1087,943,3202,518,264,-1286
IMU1,26017,262829321,1072,835,3173,716,-94,-1201
IMU1,26018,262839764,926,689,3084,853,-651,-1062
IMU1,26019,262850202,854,571,2956,922,-1217,-804
IMU1,26020,262860639,1001,523,2723,913,-1561,-436
IMU1,26021,262871807,1171,439,2324,647,-1320,367
IMU1,26022,262882344,1124,306,2063,344,-1105,747
IMU1,26023,262892879,1071,161,2004,-82,-939,1093
IMU1,26024,262903296,962,-36,2552,-509,-834,1413
# swing_peak_seq=25998
IMU1,26025,262913632,881,-105,3052,-732,-857,1689
IMU1,26026,262924147,823,-34,3112,-714,-1070,1888
IMU1,26027,262934689,725,-107,3004,-561,-1426,1995
IMU1,26028,262945424,545,-73,2834,-370,-1865,2050
IMU1,26029,262955960,450,-48,2740,-185,-2275,2102
IMU1,26030,262966498,309,62,2504,-24,-2557,2159
IMU1,26031,262977775,-78,149,2442,177,-2849,2382
IMU1,26032,262988204,-231,225,2463,261,-3025,2553
IMU1,26033,262998850,-352,330,2451,350,-3276,2751
IMU1,26034,263009494,-529,431,2376,436,-3583,2986
IMU1,26035,263020141,-716,472,2281,497,-3891,3288
IMU1,26036,263030787,-942,522,2198,519,-4120,3677
IMU1,26037,263041450,-1257,538,2034,491,-4246,4165
IMU1,26038,263052280,-1601,615,1853,408,-4343,4744
IMU1,26039,263063121,-2305,720,1804,303,-4458,6045
IMU1,26040,263073976,-2565,722,1857,181,-4672,6679
IMU1,26041,263084811,-2774,776,2000,210,-4796,7211
IMU1,26042,263095657,-2948,848,2119,308,-4949,7584
IMU1,26043,263106525,-3190,996,2196,469,-5158,7798
IMU1,26044,263117398,-3480,1213,2376,656,-5432,7911
IMU1,26045,263128468,-3726,1328,2518,853,-5680,7958
IMU1,26046,263139520,-3887,1397,2629,1016,-5820,7963
IMU1,26047,263150769,-3692,1464,2616,1102,-5501,7918
IMU1,26048,263162030,-3542,1567,2563,972,-4988,7857
IMU1,26049,263173085,-3353,1612,2528,710,-4338,7798
IMU1,26050,263184137,-3061,1664,2504,331,-3581,7743
IMU1,26051,263195182,-2802,1699,2471,-127,-2789,7645
IMU1,26052,263208887,-2671,1597,2572,-1120,-1318,7327
IMU1,26053,263220224,-2844,1482,2794,-1571,-685,7159
IMU1,26054,263231362,-3061,1369,2924,-1918,-254,7006
IMU1,26055,263242507,-3065,1280,2786,-2193,-91,6875
IMU1,26056,263253446,-3025,1058,2662,-2468,-92,6703
IMU1,26057,263264388,-3121,845,3614,-2687,-144,6515
IMU1,26058,263275845,-2465,960,3083,-2297,-869,6170
IMU1,26059,263286792,-2362,972,3088,-1974,-1521,5826
IMU1,26060,263297943,-2313,742,2976,-1581,-2101,5427
IMU1,26061,263309089,-2151,747,2604,-1190,-2528,5093
IMU1,26062,263320242,-1947,621,2525,-900,-2629,4762
IMU1,26063,263331195,-1724,651,2153,-721,-2366,4401
IMU1,26064,263342154,-1525,638,2057,-677,-1643,3616
IMU1,26065,263353097,-1532,633,2033,-706,-1505,3250
IMU1,26066,263364052,-1481,613,2105,-696,-1495,2941
IMU1,26067,263374989,-1448,581,2262,-657,-1475,2693
IMU1,26068,263385917,-1454,566,2423,-557,-1382,2485
IMU1,26069,263396852,-1425,504,2572,-398,-1268,2318
IMU1,26070,263407793,-1515,479,2468,-188,-1205,2161
IMU1,26071,263418744,-1376,359,2285,9,-1238,2024
IMU1,26072,263429715,-1325,308,2170,261,-1264,1637
IMU1,26073,263440557,-1387,135,2032,286,-1193,1390
IMU1,26074,263451400,-1214,147,1987,238,-1288,1185
IMU1,26075,263462240,-1064,183,1993,150,-1245,977
IMU1,26076,263472878,-950,191,2019,48,-1043,755
IMU1,26077,263483118,-895,182,2046,-44,-799,523
IMU1,26078,263493255,-888,158,2096,-104,-643,307
IMU1,26079,263503581,-862,138,2171,-120,-659,115
IMU1,26080,263513915,-772,116,2209,-92,-754,-46
IMU1,26081,263523954,-705,88,2176,-28,-845,-182
IMU1,26082,263535538,-541,44,2061,98,-930,-378
IMU1,26083,263545482,-453,12,2065,138,-884,-441
IMU1,26084,263555614,-387,8,2069,165,-796,-503
IMU1,26085,263565548,-312,14,2074,180,-702,-564
IMU1,26086,263575685,-268,8,2046,182,-579,-618
IMU1,26087,263585624,-197,17,2035,156,-479,-664
IMU1,26088,263595745,-176,43,2010,118,-342,-698
IMU1,26089,263605874,-174,71,2022,69,-232,-711
IMU1,26090,263615807,-164,93,2070,15,-179,-693
IMU1,26091,263625747,-157,81,2089,-23,-145,-642
IMU1,26092,263635763,-144,61,2099,-41,-141,-564
IMU1,26093,263645787,-91,54,2117,-55,-124,-473
IMU1,26094,263655618,-42,31,2099,-56,-67,-400
IMU1,26095,263665246,15,-4,2127,-50,-64,-344
IMU1,26096,263674678,67,-21,2129,-39,-39,-312
IMU1,26097,263684324,85,-26,2099,-22,26,-299
IMU1,26098,263693832,104,-18,2086,-12,85,-296
IMU1,26099,263703547,124,-14,2061,-7,97,-302
IMU1,26100,263713074,154,-18,2022,-21,80,-312
IMU1,26101,263722802,179,-10,1902,-55,113,-325
IMU1,26102,263732725,164,18,1727,-143,190,-337
IMU1,26103,263742748,8,42,1618,-303,336,-325
IMU1,26104,263752377,-22,9,1906,-497,516,-239
IMU1,26105,263762115,170,-99,2685,-548,685,-105
IMU1,26106,263772238,76,1,2661,-333,673,-64
IMU1,26107,263781680,49,-89,2494,-23,371,-85
IMU1,26108,263791220,99,-141,2321,249,-92,-126
IMU1,26109,263801142,161,-97,2177,430,-424,-191
IMU1,26110,263811268,185,-89,2035,512,-478,-273
IMU1,26111,263821391,152,-101,1859,498,-372,-344
IMU1,26112,263831721,145,-53,1841,404,-229,-389
IMU1,26113,263842891,130,-16,1943,147,98,-446
IMU1,26114,263852715,86,6,2064,65,160,-449
IMU1,26115,263862060,64,35,2118,28,92,-429
IMU1,26116,263871925,61,57,2098,21,-19,-397
IMU1,26117,263881373,41,48,2084,16,-103,-349
IMU1,26118,263891000,45,30,2102,17,-126,-292
IMU1,26119,263900635,75,4,2116,33,-113,-224
IMU1,26120,263910085,113,4,2082,62,-91,-171
IMU1,26121,263920042,153,-16,2037,89,-94,-141
IMU1,26122,263929766,156,-35,2042,117,-88,-142
IMU1,26123,263939693,172,-40,1939,111,-56,-143
IMU1,26124,263949616,163,-48,1950,74,15,-154
IMU1,26125,263959241,93,-36,2075,41,104,-163
IMU1,26126,263968872,43,-63,2151,49,141,-144
IMU1,26127,263978505,53,4,2111,94,102,-110
IMU1,26128,263987852,82,28,2067,120,28,-82
IMU1,26129,263997178,59,7,2061,119,-3,-65
IMU1,26130,264006229,21,-22,2083,104,9,-35
IMU1,26131,264015975,45,-15,2072,86,6,4
IMU1,26132,264025761,75,-6,2050,71,-16,25
IMU1,26133,264035310,100,-5,2038,37,-31,25
IMU1,26134,264045062,93,-33,2032,6,-2,0
IMU1,26135,264054639,75,-49,2031,-30,25,-14
IMU1,26136,264063968,67,-38,2043,-49,56,-29
IMU1,26137,264073833,63,-21,2063,-70,61,-33
IMU1,26138,264083167,43,-21,2092,-67,49,-50
IMU1,26139,264093020,29,-31,2130,-40,25,-58
IMU1,26140,264102867,40,-37,2160,-4,6,-42
IMU1,26141,264112319,40,-30,2153,58,-5,-35
IMU1,26142,264121975,46,-26,2128,104,-44,-34
IMU1,26143,264131495,57,-17,2071,124,-71,-41
IMU1,26144,264141023,61,-19,2018,119,-70,-42
IMU1,26145,264150545,54,-13,2003,83,-26,-41
IMU1,26146,264160394,46,-18,2064,41,22,-44
IMU1,26147,264170140,44,-18,2131,11,37,-52
IMU1,26148,264179380,53,-13,2173,8,-15,-58
IMU1,26149,264189032,40,-23,2148,35,-53,-68
IMU1,26150,264198896,40,-18,2111,59,-88,-70
IMU1,26151,264210771,43,-6,2070,76,-100,-73
IMU1,26152,264220104,42,9,2046,77,-80,-74
IMU1,26153,264229140,26,12,2023,60,-58,-70
IMU1,26154,264238370,30,15,2029,37,-53,-64
IMU1,26155,264247607,38,18,2046,13,-43,-56
IMU1,26156,264256835,45,13,2046,-9,-38,-46
IMU1,26157,264265952,51,4,2037,-22,-26,-34
IMU1,26158,264275604,31,-1,2036,-28,7,-16
IMU1,26159,264285569,34,-5,2052,-19,1,1
IMU1,26160,264294729,55,-2,2073,-13,-9,12
IMU1,26161,264304687,41,-6,2077,-1,-10,16
IMU1,26162,264314129,31,-4,2060,15,-4,10
IMU1,26163,264324012,22,3,2047,20,-9,14
IMU1,26164,264333254,16,14,2055,19,-7,25
IMU1,26165,264343225,6,13,2048,8,3,37
IMU1,26166,264352709,10,8,2020,1,28,39
IMU1,26167,264362390,-4,17,1999,-13,80,37
IMU1,26168,264371944,-12,19,1998,-34,123,45
IMU1,26169,264381372,-48,20,2002,-36,192,40
IMU1,26170,264391327,-93,16,1971,-50,333,45
IMU1,26171,264400769,-185,59,1923,-61,577,50
IMU1,26172,264410392,-273,103,1968,-88,754,55
IMU1,26173,264420230,-397,148,2043,-107,909,68
IMU1,26174,264430266,-529,181,2147,-107,1013,89
IMU1,26175,264440501,-711,228,2175,-89,1122,123
IMU1,26176,264450732,-880,240,2093,-65,1316,168
IMU1,26177,264460947,-1029,304,1963,-92,1689,195
IMU1,26178,264471369,-1293,456,1867,-176,2187,209
IMU1,26179,264481999,-1588,558,1831,-279,2694,225
IMU1,26180,264492642,-1836,642,1826,-385,3189,249
IMU1,26181,264503290,-2130,755,1867,-469,3682,269
IMU1,26182,264513935,-2415,859,1923,-511,4172,283
IMU1,26183,264524573,-2960,1129,1914,-504,4616,282
IMU1,26184,264535429,-3133,1249,1801,-333,5161,215
IMU1,26185,264546279,-3297,1350,1689,-188,5366,125
IMU1,26186,264557114,-3450,1472,1655,-7,5622,4
IMU1,26187,264567171,-3697,1651,1595,228,5938,-133
IMU1,26188,264578029,-3879,1798,1657,511,6265,-256
IMU1,26189,264588879,-4063,1947,1634,846,6486,-388
IMU1,26190,264599711,-4324,2189,1510,1227,6488,-544
IMU1,26191,264610781,-4616,2672,1060,1633,6287,-717
IMU1,26192,264621840,-5033,2779,831,2447,5855,-1052
IMU1,26193,264632904,-5067,2853,578,2812,5956,-1208
IMU1,26194,264643972,-5077,2902,454,3176,6313,-1383
IMU1,26195,264655046,-5142,2979,432,3586,6833,-1561
IMU1,26196,264666102,-5176,3084,421,4102,7355,-1734
IMU1,26197,264677164,-5285,3242,662,4757,7789,-1886
IMU1,26198,264688224,-5567,3524,1312,5580,8088,-1964
IMU1,26199,264699479,-5471,3547,1413,7484,7953,-1923
IMU1,26200,264710760,-5268,3431,1561,8338,7470,-1954
IMU1,26201,264722022,-5146,3249,1693,9078,6809,-2123
IMU1,26202,264733266,-4923,3015,1835,9679,5913,-2396
IMU1,26203,264744552,-4724,2833,1920,10154,4924,-2780
IMU1,26204,264756027,-4450,2724,2073,10679,3239,-3644
IMU1,26205,264767480,-4181,2694,2145,10757,2698,-4037
IMU1,26206,264778932,-3879,2691,1971,10740,2215,-4410
IMU1,26207,264790389,-3430,2703,1828,10590,1775,-4775
IMU1,26208,264801860,-2918,2662,1735,10248,1530,-5146
IMU1,26209,264813297,-1808,2604,1911,9716,1583,-5885
IMU1,26210,264824548,-1451,2435,1750,8112,1575,-6208
IMU1,26211,264835809,-1232,2334,1665,6941,1333,-6420
IMU1,26212,264847056,-1022,2351,1621,5611,1032,-6432
IMU1,26213,264858303,-809,2318,1657,4263,1069,-6182
IMU1,26214,264869348,-663,2179,1726,3015,1624,-5674
IMU1,26215,264880396,-416,1874,2280,1951,2400,-4974
IMU1,26216,264891445,-155,1649,2708,589,3232,-3453
IMU1,26217,264902289,47,1425,3111,303,3136,-2798
IMU1,26218,264912869,223,1202,3393,243,2818,-2238
IMU1,26219,264923618,354,1014,3469,347,2377,-1750
IMU1,26220,264934381,486,810,3583,546,1924,-1319
IMU1,26221,264944941,588,683,3622,799,1521,-945
IMU1,26222,264955306,743,564,3606,1055,1170,-634
IMU1,26223,264965874,898,449,3613,1259,875,-408
IMU1,26224,264976218,954,304,3619,1380,611,-259
IMU1,26225,264987088,856,267,3567,1295,-25,-20
IMU1,26226,264997121,836,264,3492,1117,-333,136
IMU1,26227,265007471,792,260,3375,841,-560,305
IMU1,26228,265017634,722,265,3272,483,-722,519
IMU1,26229,265027769,675,266,3293,87,-832,775
IMU1,26230,265037714,542,238,3372,-290,-921,1046
IMU1,26231,265048163,380,191,3353,-624,-1088,1338
IMU1,26232,265058811,244,146,3273,-910,-1357,1647
# swing_peak_seq=26206
IMU1,26233,265069452,95,109,3213,-1158,-1643,1951
IMU1,26234,265080090,-78,75,3114,-1360,-1885,2253
IMU1,26235,265090646,-209,52,2979,-1529,-2087,2548
IMU1,26236,265101388,-565,45,2652,-1673,-2262,2822
IMU1,26237,265112129,-762,55,2548,-1917,-2698,3335
IMU1,26238,265122897,-946,144,2434,-1988,-3031,3577
IMU1,26239,265133853,-1131,185,2246,-2035,-3375,3812
IMU1,26240,265145009,-1273,269,2054,-2086,-3649,4053
IMU1,26241,265156145,-1507,331,1991,-2139,-3787,4306
IMU1,26242,265167300,-1702,452,1843,-2174,-3898,4580
IMU1,26243,265178449,-2023,742,1718,-2199,-4070,4856
IMU1,26244,265189593,-2211,874,1757,-2180,-4495,5379
IMU1,26245,265200760,-2283,998,1742,-2120,-4766,5617
IMU1,26246,265214467,-2451,1151,1788,-2015,-5072,5816
IMU1,26247,265225833,-2662,1315,1720,-1861,-5448,6010
IMU1,26248,265237169,-3142,1626,1717,-1463,-6361,6427
IMU1,26249,265248512,-3519,1658,1780,-1216,-6734,6697
IMU1,26250,265259854,-4010,1646,1885,-941,-6972,7042
IMU1,26251,265270996,-4542,1604,2012,-654,-7045,7450
IMU1,26252,265282143,-4731,1509,1933,-406,-6944,7818
IMU1,26253,265293295,-4441,1433,1481,-305,-6743,7999
IMU1,26254,265304450,-2765,1411,1094,-895,-6117,7444
IMU1,26255,265315603,-2563,1457,1309,-1433,-5444,6828
IMU1,26256,265326942,-2322,1559,1667,-1982,-4446,6230
IMU1,26257,265338305,-2493,1464,2093,-2398,-3381,5754
IMU1,26258,265349673,-2657,1463,2629,-2547,-2692,5453
IMU1,26259,265361017,-2687,1372,3390,-2361,-2496,5286
IMU1,26260,265372359,-2663,1312,3611,-1321,-2794,5162
IMU1,26261,265383704,-2583,1292,3472,-676,-2980,5125
IMU1,26262,265394842,-2449,1305,3258,-122,-3171,5050
IMU1,26263,265406005,-2434,1331,3029,294,-3323,4934
IMU1,26264,265417073,-2501,1357,2755,521,-3338,4816
IMU1,26265,265428141,-2539,1332,2695,534,-3137,4729
IMU1,26266,265439199,-2770,1360,2731,179,-2161,4685
IMU1,26267,265450251,-2856,1248,2591,-47,-1696,4698
IMU1,26268,265461183,-2716,1098,2458,-303,-1434,4695
IMU1,26269,265472340,-2480,1005,2361,-591,-1314,4641
IMU1,26270,265483466,-2254,924,2324,-869,-1225,4508
IMU1,26271,265494410,-2004,808,2218,-1126,-1149,4307
IMU1,26272,265505546,-1564,538,2186,-1352,-1087,3739
IMU1,26273,265516695,-1323,366,2402,-1641,-920,3400
IMU1,26274,265527634,-1091,241,2571,-1606,-855,3007
IMU1,26275,265538568,-909,203,2613,-1438,-879,2536
IMU1,26276,265549306,-812,94,2590,-1180,-1057,2018
IMU1,26277,265560039,-809,-32,2583,-857,-1378,1505
IMU1,26278,265570669,-816,-69,2477,-495,-1749,1048
IMU1,26279,265581306,-800,-47,2274,-154,-2046,669
IMU1,26280,265591742,-625,43,2190,115,-2185,373
IMU1,26281,265602522,-594,52,2242,459,-1913,-68
IMU1,26282,265612657,-692,40,1999,575,-1698,-229
IMU1,26283,265622989,-704,47,1980,576,-1570,-291
IMU1,26284,265633334,-459,151,2275,545,-1480,-305
IMU1,26285,265643865,-439,302,2185,565,-1357,-334
IMU1,26286,265654399,-471,309,1912,559,-1270,-367
IMU1,26287,265664958,-342,75,1980,461,-1245,-346
IMU1,26288,265675292,-366,125,1885,338,-1143,-318
IMU1,26289,265685826,-228,106,1933,206,-986,-281
IMU1,26290,265696146,-73,65,1865,85,-844,-280
IMU1,26291,265705875,37,152,1719,-42,-705,-325
IMU1,26292,265715813,-92,-175,2446,-160,-590,-410
IMU1,26293,265726142,-58,-101,2517,-66,-471,-435
IMU1,26294,265737326,59,-53,2300,353,-681,-450
IMU1,26295,265747267,162,-36,2142,512,-772,-460
IMU1,26296,265757406,135,-65,1999,558,-729,-455
IMU1,26297,265767550,159,-65,1975,512,-537,-420
IMU1,26298,265777691,250,5,1987,423,-391,-373
IMU1,26299,265787533,364,82,2019,318,-264,-347
IMU1,26300,265797571,313,55,2013,221,-102,-341
IMU1,26301,265807614,273,-10,2036,136,-59,-328
IMU1,26302,265817549,315,-10,2080,64,-74,-301
IMU1,26303,265827304,373,11,2082,10,-81,-284
IMU1,26304,265836943,402,1,2066,-23,-62,-290
IMU1,26305,265846473,379,-16,2049,-40,-46,-307
IMU1,26306,265856296,377,-32,2063,-45,-79,-313
IMU1,26307,265866123,404,-35,2095,-35,-91,-311
IMU1,26308,265875958,413,-14,2099,-14,-70,-308
IMU1,26309,265885794,414,-13,2101,14,-48,-309
IMU1,26310,265895530,431,-10,2100,38,-32,-304
IMU1,26311,265905278,428,-4,2109,55,-4,-297
IMU1,26312,265914634,424,18,2068,63,2,-292
IMU1,26313,265923991,433,27,2020,49,-30,-280
IMU1,26314,265933631,438,28,1981,12,-57,-266
IMU1,26315,265943266,443,32,1981,-35,-50,-244
IMU1,26316,265953002,445,42,2002,-80,-31,-222
IMU1,26317,265962738,449,43,2038,-109,-22,-198
IMU1,26318,265972675,461,35,2072,-111,-36,-174
IMU1,26319,265982623,464,28,2088,-92,-42,-158
IMU1,26320,265992374,461,30,2056,-61,-36,-145
IMU1,26321,266002116,452,27,2022,-33,-25,-133
IMU1,26322,266011846,448,32,1999,-27,-20,-126
IMU1,26323,266021580,448,22,1995,-34,-13,-117
IMU1,26324,266031323,435,19,2011,-45,-12,-112
IMU1,26325,266041069,456,9,2029,-46,-25,-115
IMU1,26326,266050602,462,2,2030,-38,-34,-126
IMU1,26327,266060136,461,-5,2050,-19,-59,-149
IMU1,26328,266069780,465,5,2075,2,-75,-174
IMU1,26329,266079033,456,9,2081,27,-65,-191
IMU1,26330,266088479,443,22,2070,50,-58,-202
IMU1,26331,266098112,428,43,2053,62,-49,-201
IMU1,26332,266107747,420,69,2032,64,-59,-195
IMU1,26333,266117396,417,78,2011,58,-61,-183
IMU1,26334,266127036,408,88,1983,34,-56,-165
IMU1,26335,266136683,412,92,1974,-1,-48,-142
IMU1,26336,266146228,402,77,1989,-38,-21,-122
IMU1,26337,266155968,405,74,2030,-63,-16,-103
IMU1,26338,266165715,427,64,2049,-76,-33,-87
IMU1,26339,266175260,454,50,2046,-75,-47,-83
IMU1,26340,266184811,447,24,2021,-61,-45,-91
IMU1,26341,266194348,447,18,2020,-44,-74,-96
IMU1,26342,266203893,462,27,2024,-24,-95,-98
IMU1,26343,266215996,443,36,2004,1,-62,-101
IMU1,26344,266225454,436,47,1997,24,-52,-101
IMU1,26345,266235108,431,62,1999,40,-49,-96
IMU1,26346,266244575,428,65,1992,47,-37,-80
IMU1,26347,266253989,421,65,1999,50,-14,-62
IMU1,26348,266263413,417,72,2000,46,18,-37
IMU1,26349,266272737,413,66,1989,36,47,-12
IMU1,26350,266282061,427,48,2000,20,52,11
IMU1,26351,266291286,441,48,2011,11,61,18
IMU1,26352,266300505,448,48,2016,1,75,16
IMU1,26353,266309549,432,52,2023,-10,73,11
IMU1,26354,266318888,435,58,2027,-17,38,1
IMU1,26355,266328027,432,62,2016,-22,18,-1
IMU1,26356,266337251,419,61,1980,-28,8,0
IMU1,26357,266346098,415,49,1960,-31,1,2
IMU1,26358,266355032,415,53,1961,-38,-8,9
IMU1,26359,266364081,427,46,1995,-40,-10,12
IMU1,26360,266373509,426,44,2041,-38,-11,15
IMU1,26361,266382936,433,39,2062,-24,-8,11
IMU1,26362,266392178,432,27,2072,-6,-8,11
IMU1,26363,266401223,419,28,2059,11,-5,5
IMU1,26364,266410679,421,22,2042,31,-16,8
IMU1,26365,266420328,419,21,2022,44,-17,10
IMU1,26366,266429650,413,21,1996,59,-16,8
IMU1,26367,266439305,427,15,1990,59,-26,4
IMU1,26368,266448968,443,14,1998,48,-23,11
IMU1,26369,266458806,457,8,2018,42,2,3
IMU1,26370,266467969,448,-1,2015,36,45,-5
IMU1,26371,266478043,445,4,2057,24,15,-13
IMU1,26372,266487185,471,10,2073,-7,-16,-8
IMU1,26373,266496842,459,4,2039,-26,6,-14
IMU1,26374,266506382,441,-10,2015,-44,25,-6
IMU1,26375,266516223,436,-7,1998,-61,67,14
IMU1,26376,266525987,436,-2,1984,-86,140,20
IMU1,26377,266535431,433,-9,1969,-109,213,31
IMU1,26378,266545071,411,7,1952,-131,324,44
IMU1,26379,266554617,353,-13,1931,-145,491,56
IMU1,26380,266564457,312,-23,1946,-149,624,77
IMU1,26381,266574302,234,-4,1905,-150,823,93
IMU1,26382,266583945,188,-1,1927,-164,1030,98
IMU1,26383,266593780,24,34,1870,-186,1347,101
IMU1,26384,266603715,-114,42,1840,-210,1654,103
IMU1,26385,266613944,-247,110,1814,-248,2008,106
IMU1,26386,266624372,-436,260,1796,-297,2440,90
IMU1,26387,266634607,-760,404,1808,-336,2884,68
IMU1,26388,266644841,-1129,488,1819,-345,3330,78
IMU1,26389,266655279,-1525,611,1714,-349,3868,136
IMU1,26390,266665924,-1887,827,1562,-369,4514,225
IMU1,26391,266676566,-2310,1118,1367,-415,5186,310
IMU1,26392,266687420,-2727,1363,1298,-466,5867,376
IMU1,26393,266698270,-3575,1834,1291,-396,7221,447
IMU1,26394,266709124,-3972,2137,1186,-240,7658,466
IMU1,26395,266719993,-4262,2425,1095,-11,7795,427
IMU1,26396,266730674,-4375,2566,1076,277,7678,324
IMU1,26397,266741448,-4432,2686,1178,663,7324,107
IMU1,26398,266752211,-4577,2898,1198,1189,6746,-251
IMU1,26399,266763249,-4713,3087,1022,1839,6001,-700
IMU1,26400,266774310,-4943,3276,766,2568,5207,-1176
IMU1,26401,266785356,-5335,3588,615,4098,4410,-1968
IMU1,26402,266796407,-5574,3770,512,4814,4459,-2230
IMU1,26403,266807477,-5753,3926,493,5475,4666,-2396
IMU1,26404,266818545,-5836,4040,481,6059,5025,-2483
IMU1,26405,266829601,-5793,4090,536,6541,5560,-2539
IMU1,26406,266840654,-5777,4152,736,6926,6189,-2594
IMU1,26407,266851714,-5889,4236,1347,7273,6759,-2701
IMU1,26408,266862986,-5915,4275,1671,8043,7450,-2689
IMU1,26409,266874247,-5784,4295,1901,8454,7617,-2626
IMU1,26410,266885514,-5520,4180,1968,8805,7634,-2561
IMU1,26411,266896763,-5211,4102,2060,9029,7363,-2536
IMU1,26412,266908012,-4882,4009,2207,9139,6869,-2576
IMU1,26413,266919256,-4288,3709,2543,9148,5809,-2742
IMU1,26414,266930518,-4170,3501,2720,9032,5156,-2833
IMU1,26415,266941787,-4037,3261,2904,8959,4367,-2894
IMU1,26416,266953044,-3605,3001,3074,8865,3631,-2942
IMU1,26417,266964312,-3149,2735,3052,8686,3011,-3031
IMU1,26418,266975591,-2636,2510,3000,8353,2416,-3184
IMU1,26419,266986875,-1875,2123,2750,7061,1296,-3611
IMU1,26420,266998132,-1658,1987,2661,6104,842,-3724
IMU1,26421,267009184,-1512,1832,2662,5056,634,-3654
IMU1,26422,267020250,-1361,1638,2660,4040,707,-3363
IMU1,26423,267031287,-1029,1489,2880,3131,1023,-2911
IMU1,26424,267042540,-566,1299,3153,2383,1505,-2439
IMU1,26425,267053606,-77,858,3386,1791,1842,-2065
IMU1,26426,267064258,17,660,3418,990,1252,-1586
IMU1,26427,267074606,82,509,3392,732,688,-1365
IMU1,26428,267084738,161,323,3364,555,235,-1114
IMU1,26429,267095088,193,167,3237,436,-109,-836
IMU1,26430,267105315,222,17,3116,354,-394,-549
IMU1,26431,267115366,307,-114,3009,263,-616,-258
IMU1,26432,267125715,286,-200,2912,165,-826,0
IMU1,26433,267135459,280,-302,2798,49,-1110,227
IMU1,26434,267145723,453,-307,2824,-57,-1453,415
IMU1,26435,267156061,683,-277,3273,-101,-1744,497
IMU1,26436,267166599,-582,-849,2500,-24,-2046,554
# swing_peak_seq=26410
IMU1,26437,267177045,160,-452,2560,-32,-2572,936
IMU1,26438,267187375,274,-418,2488,-88,-2831,1184
IMU1,26439,267197915,-377,-928,1926,-274,-2763,1431
IMU1,26440,267208770,-440,-983,2390,-1059,-2548,1770
IMU1,26441,267222371,-187,-469,2555,-1217,-2528,2168
IMU1,26442,267233427,-331,-403,2144,-1259,-2610,2344
IMU1,26443,267244459,-597,-659,2096,-1331,-2933,2426
IMU1,26444,267255496,-768,-588,2399,-1370,-3394,2534
IMU1,26445,267266557,-924,-443,2281,-1103,-4188,2712
IMU1,26446,267277591,-1188,-440,2132,-898,-4637,2747
IMU1,26447,267288635,-1406,-325,1969,-688,-5190,2820
IMU1,26448,267299664,-1524,-283,1870,-497,-5685,2954
IMU1,26449,267310704,-1696,-253,1680,-335,-5993,3143
IMU1,26450,267321748,-1923,-250,1570,-236,-6144,3377
IMU1,26451,267332788,-2067,-155,1585,-186,-6270,3914
IMU1,26452,267343848,-2125,-46,1645,-135,-6362,4146
IMU1,26453,267354697,-2134,59,1697,-65,-6457,4329
IMU1,26454,267365245,-2071,175,1809,34,-6535,4456
IMU1,26455,267375900,-2024,271,1906,145,-6538,4533
IMU1,26456,267386767,-2006,417,1959,251,-6441,4562
IMU1,26457,267397617,-2024,537,1926,323,-6305,4566
IMU1,26458,267408458,-2116,607,1956,339,-6098,4584
IMU1,26459,267419302,-2282,634,1974,301,-5116,4779
IMU1,26460,267430173,-2314,613,2080,69,-4423,4942
IMU1,26461,267440836,-2217,650,2095,-77,-3759,5103
IMU1,26462,267451590,-2027,697,2114,-219,-3207,5218
IMU1,26463,267462528,-1892,782,2243,-344,-2762,5253
IMU1,26464,267473471,-1855,835,2399,-423,-2407,5223
IMU1,26465,267484412,-1887,829,2580,-442,-2150,5180
IMU1,26466,267495346,-1953,796,2718,-405,-2013,5140
IMU1,26467,267506811,-2001,808,2789,-249,-1982,5065
IMU1,26468,267517758,-1958,771,2759,-215,-2023,5005
IMU1,26469,267528720,-1914,750,2884,-206,-2027,4915
IMU1,26470,267539658,-1719,787,2843,-195,-2060,4807
IMU1,26471,267550597,-1498,839,2778,-170,-2195,4634
IMU1,26472,267561555,-1422,850,2722,-137,-2358,4383
IMU1,26473,267572504,-1430,870,2628,-95,-2439,4104
IMU1,26474,267583759,-1805,869,2923,-73,-2189,3686
IMU1,26475,267594512,-1899,731,2964,17,-1990,3640
IMU1,26476,267605163,-1761,698,2791,146,-1907,3673
IMU1,26477,267616011,-1601,720,2654,234,-1879,3670
IMU1,26478,267626844,-1476,669,2579,274,-1873,3604
IMU1,26479,267637688,-1328,609,2455,279,-1895,3491
IMU1,26480,267648542,-1230,550,2405,256,-1876,3340
IMU1,26481,267659382,-1133,528,2237,210,-1732,3175
IMU1,26482,267670242,-1180,545,2129,-5,-1162,2845
IMU1,26483,267680793,-1459,497,1871,-192,-903,2823
IMU1,26484,267691524,-510,241,2781,-386,-727,2810
IMU1,26485,267702058,-777,389,2724,-334,-528,2498
IMU1,26486,267712602,-1021,360,2536,-178,-461,2197
IMU1,26487,267723345,-745,-27,2662,-14,-728,1964
IMU1,26488,267733575,-787,85,2499,168,-1062,1703
IMU1,26489,267744020,-711,125,2608,303,-1213,1446
IMU1,26490,267754650,-666,39,2442,402,-1185,1198
IMU1,26491,267765103,-625,94,2267,442,-1163,962
IMU1,26492,267775877,-597,88,2226,390,-1173,534
IMU1,26493,267786156,-600,78,2200,351,-1152,361
IMU1,26494,267796413,-563,79,2137,314,-1118,235
IMU1,26495,267806676,-486,92,2085,284,-1059,140
IMU1,26496,267816915,-415,95,2110,252,-972,67
IMU1,26497,267826766,-353,100,2171,231,-844,6
IMU1,26498,267836619,-287,99,2217,241,-704,-37
IMU1,26499,267846573,-235,102,2229,267,-600,-73
IMU1,26500,267856710,-185,108,2229,292,-550,-104
IMU1,26501,267867051,-162,114,2197,308,-534,-124
IMU1,26502,267877397,-122,101,2164,304,-530,-125
IMU1,26503,267887748,-82,113,2104,274,-526,-106
IMU1,26504,267897883,-42,125,2045,216,-499,-80
IMU1,26505,267907810,-2,114,1994,143,-441,-54
IMU1,26506,267917551,36,99,2002,60,-362,-31
IMU1,26507,267926997,70,83,2036,-2,-269,-11
IMU1,26508,267936342,87,70,2068,-41,-184,10
IMU1,26509,267945774,112,49,2080,-49,-120,27
IMU1,26510,267955403,140,20,2075,-37,-74,28
IMU1,26511,267964850,173,5,2054,-16,-35,29
IMU1,26512,267974091,210,1,2031,1,-3,24
IMU1,26513,267982850,239,-2,1997,4,18,15
IMU1,26514,267991806,242,4,1962,-7,42,1
IMU1,26515,268000565,218,18,2004,-31,92,-11
IMU1,26516,268009999,191,41,2094,-48,164,3
IMU1,26517,268019341,181,39,2214,-29,214,31
IMU1,26518,268028890,179,25,2304,23,191,57
IMU1,26519,268038345,182,29,2294,110,137,87
IMU1,26520,268048002,210,18,2216,195,21,93
IMU1,26521,268057433,239,13,2127,239,-92,71
IMU1,26522,268066992,265,26,2015,227,-131,41
IMU1,26523,268076733,264,34,1950,171,-87,11
IMU1,26524,268086285,253,40,1962,97,-33,-16
IMU1,26525,268095715,252,51,2030,31,27,-33
IMU1,26526,268105068,260,53,2091,-8,73,-43
IMU1,26527,268114308,261,58,2132,-12,88,-54
IMU1,26528,268123752,266,49,2134,2,75,-58
IMU1,26529,268132916,269,60,2106,22,43,-57
IMU1,26530,268142267,299,78,2066,31,8,-56
IMU1,26531,268151427,294,84,2042,29,-16,-57
IMU1,26532,268160877,294,79,2017,20,-28,-56
IMU1,26533,268170311,296,88,2008,3,-27,-41
IMU1,26534,268180069,302,96,2004,-2,-11,-29
IMU1,26535,268189408,301,96,1985,0,16,-16
IMU1,26536,268198983,297,115,1947,-12,54,5
IMU1,26537,268208854,288,117,1947,-25,108,24
IMU1,26538,268218587,293,106,1976,-46,149,56
IMU1,26539,268230889,310,52,2076,-39,182,73
IMU1,26540,268240446,287,186,1917,-18,168,78
IMU1,26541,268250190,414,-8,2211,-11,139,71
IMU1,26542,268259644,305,33,2141,38,137,50
IMU1,26543,268269110,346,-16,2231,107,77,32
IMU1,26544,268278674,355,40,2157,189,2,-4
IMU1,26545,268287839,371,37,2114,239,-41,-47
IMU1,26546,268297515,336,48,2048,241,-46,-81
IMU1,26547,268307152,321,99,2006,200,-28,-97
IMU1,26548,268316797,309,119,1980,126,-2,-95
IMU1,26549,268326453,306,116,2005,45,22,-84
IMU1,26550,268335987,289,104,2056,-23,37,-61
IMU1,26551,268345642,280,103,2092,-52,28,-34
IMU1,26552,268355275,279,83,2106,-52,-9,-3
IMU1,26553,268364419,283,73,2090,-33,-36,24
IMU1,26554,268373872,298,68,2053,-20,-38,42
IMU1,26555,268383318,305,60,2016,-12,-10,47
IMU1,26556,268392772,305,65,2006,-18,28,48
IMU1,26557,268402121,297,64,1995,-32,58,45
IMU1,26558,268411472,289,65,1988,-43,77,37
IMU1,26559,268420827,282,69,1982,-56,85,37
IMU1,26560,268430172,272,62,1978,-65,100,34
IMU1,26561,268439720,274,46,1983,-89,107,35
IMU1,26562,268449268,273,41,2022,-102,105,32
IMU1,26563,268459010,279,35,2088,-98,106,19
IMU1,26564,268468556,278,32,2144,-63,87,2
IMU1,26565,268477708,277,28,2159,-1,38,-21
IMU1,26566,268487482,277,34,2135,59,-32,-40
IMU1,26567,268496930,276,34,2094,118,-90,-70
IMU1,26568,268506567,281,32,2044,137,-134,-82
IMU1,26569,268516398,272,44,2003,137,-143,-93
IMU1,26570,268526242,268,57,1995,104,-127,-91
IMU1,26571,268536083,261,64,1994,71,-90,-83
IMU1,26572,268545527,249,68,2020,35,-56,-73
IMU1,26573,268554963,238,59,2039,11,-27,-63
IMU1,26574,268564404,247,58,2047,-7,-13,-42
IMU1,26575,268574259,256,57,2049,-20,-5,-28
IMU1,26576,268583603,259,62,2054,-21,1,-22
IMU1,26577,268593371,267,45,2077,-20,-12,-13
IMU1,26578,268602916,288,32,2070,-19,-27,-6
IMU1,26579,268612778,310,33,2067,-11,-27,-11
IMU1,26580,268622331,284,33,2063,-3,-23,-18
IMU1,26581,268631675,301,32,2069,7,-38,-30
IMU1,26582,268641462,304,40,2075,11,-56,-40
IMU1,26583,268650908,297,48,2064,16,-62,-47
IMU1,26584,268660877,284,51,2049,20,-73,-44
IMU1,26585,268670323,283,53,2043,21,-89,-34
IMU1,26586,268679780,278,63,2028,25,-88,-17
IMU1,26587,268689228,280,58,2011,33,-78,-5
IMU1,26588,268699006,287,67,2020,33,-92,15
IMU1,26589,268708857,300,69,2032,39,-107,21
IMU1,26590,268718393,312,62,2025,42,-115,33
IMU1,26591,268727947,285,59,1984,53,-70,48
IMU1,26592,268737302,275,68,1977,52,-70,69
IMU1,26593,268747171,274,83,2002,54,-72,85
IMU1,26594,268757046,260,79,2004,52,-71,101
IMU1,26595,268766594,240,83,1986,41,-80,122
IMU1,26596,268776139,219,90,1996,30,-79,128
IMU1,26597,268785693,178,95,2035,22,-79,131
IMU1,26598,268795241,123,108,2070,12,-77,128
IMU1,26599,268804989,29,121,2067,0,-49,117
IMU1,26600,268814725,-129,131,2048,-8,74,99
IMU1,26601,268824142,-328,189,2065,-32,311,94
IMU1,26602,268833964,-577,288,2112,-59,575,98
IMU1,26603,268843792,-817,370,2197,-74,761,101
IMU1,26604,268853826,-1042,491,2251,-85,926,96
IMU1,26605,268863849,-1351,622,2269,-93,1127,85
IMU1,26606,268874084,-1652,718,2349,-92,1306,86
IMU1,26607,268884311,-1940,848,2424,-59,1541,81
IMU1,26608,268894540,-2198,963,2468,-18,1815,67
IMU1,26609,268904780,-2410,1081,2471,32,2130,14
IMU1,26610,268915119,-2535,1187,2443,73,2492,-85
IMU1,26611,268925577,-2655,1293,2424,111,2894,-260
IMU1,26612,268936406,-2750,1390,2418,146,3340,-517
IMU1,26613,268947242,-2812,1458,2480,199,3810,-869
IMU1,26614,268958077,-3026,1707,2649,479,4503,-1823
IMU1,26615,268969129,-3133,1774,2791,749,4572,-2370
IMU1,26616,268980184,-3277,1877,2933,1126,4454,-2924
IMU1,26617,268991429,-3422,2068,3052,1582,4276,-3466
IMU1,26618,269002696,-3525,2270,3063,2061,4211,-3999
IMU1,26619,269013960,-3731,2400,2964,2508,4317,-4524
IMU1,26620,269025227,-3973,2705,2732,2895,4766,-5444
IMU1,26621,269036494,-4083,2869,2598,3488,5065,-5840
IMU1,26622,269047747,-4233,3027,2434,3693,5422,-6206
IMU1,26623,269059021,-4405,3178,2256,3835,5792,-6495
IMU1,26624,269070288,-4532,3299,2137,3913,6126,-6692
IMU1,26625,269081550,-4559,3468,1969,3951,6426,-6831
IMU1,26626,269092821,-4680,3670,1627,3972,7272,-6956
IMU1,26627,269104089,-4680,3815,1512,3990,8030,-6913
IMU1,26628,269115366,-4891,3869,1406,4049,8953,-6798
IMU1,26629,269126627,-5007,3835,1467,4116,9896,-6570
IMU1,26630,269137893,-5182,3926,1585,4211,10610,-6279
IMU1,26631,269149364,-5194,3912,2517,4383,10892,-5926
IMU1,26632,269160835,-4651,3502,2885,5142,9984,-5134
IMU1,26633,269172096,-4075,3156,3048,5616,8754,-4809
IMU1,26634,269183367,-3363,2871,3095,5992,7181,-4643
IMU1,26635,269194655,-2741,2554,3055,6189,5703,-4636
IMU1,26636,269205935,-2311,2276,2889,6167,4553,-4688
IMU1,26637,269217203,-1758,1892,2369,5894,3609,-4704
IMU1,26638,269230930,-1534,1760,2358,4713,2506,-4401
IMU1,26639,269242200,-1368,1555,2428,4015,2545,-4022
IMU1,26640,269253453,-1275,1313,2518,3380,2795,-3517
IMU1,26641,269264720,-1085,1080,2674,2849,2954,-2949
IMU1,26642,269275967,-501,589,3007,2164,2568,-1950
IMU1,26643,269286823,-284,366,3103,2013,2139,-1585
IMU1,26644,269297671,-142,192,3058,1949,1674,-1302
IMU1,26645,269308513,-28,38,3013,1922,1221,-1070
IMU1,26646,269318972,179,-95,3061,1918,854,-889
IMU1,26647,269329216,323,-163,3042,1913,636,-777
IMU1,26648,269339667,328,-237,2989,1868,459,-712
IMU1,26649,269350116,309,-310,3020,1764,228,-646
IMU1,26650,269360575,227,-387,3054,1617,-32,-558
IMU1,26651,269370912,48,-488,3153,1435,-325,-429
IMU1,26652,269381770,16,-557,3235,1073,-926,-39
IMU1,26653,269391909,-15,-610,3327,959,-1184,193
IMU1,26654,269402268,22,-621,3390,865,-1470,419
IMU1,26655,269412512,39,-572,3398,819,-1811,595
IMU1,26656,269422770,12,-530,3363,792,-2188,754
IMU1,26657,269433030,-90,-474,3314,766,-2542,913
# swing_peak_seq=26631
IMU1,26658,269443399,-190,-420,3217,722,-2879,1097
IMU1,26659,269454128,-221,-344,3053,638,-3181,1304
IMU1,26660,269464878,-92,-70,2641,477,-3381,1509
IMU1,26661,269475225,-157,-44,2444,143,-3429,1648
IMU1,26662,269485758,-919,-668,3149,-211,-3387,1869
IMU1,26663,269496611,-683,55,2590,-411,-3659,2717
IMU1,26664,269507157,-896,103,2211,-532,-3889,2985
IMU1,26665,269517915,-1170,44,2158,-717,-4102,3258
IMU1,26666,269528663,-1214,158,2156,-890,-4237,3599
IMU1,26667,269539612,-1353,283,2034,-1019,-4279,3928
IMU1,26668,269550756,-1571,348,1887,-1135,-4277,4209
IMU1,26669,269561909,-1652,455,1751,-1276,-4297,4457
IMU1,26670,269573068,-2016,709,1617,-1432,-4340,4833
IMU1,26671,269584218,-2253,819,1618,-1689,-4479,5019
IMU1,26672,269595361,-2535,895,1602,-1772,-4626,5227
IMU1,26673,269606513,-2768,914,1492,-1815,-4828,5487
IMU1,26674,269617655,-2976,935,1396,-1847,-5019,5780
IMU1,26675,269628814,-3167,986,1303,-1889,-5158,6081
IMU1,26676,269639961,-3302,986,1275,-1945,-5248,6362
IMU1,26677,269651121,-3540,1120,1305,-2064,-5325,6724
IMU1,26678,269662471,-3572,1100,1238,-2125,-5246,6783
IMU1,26679,269673834,-3515,1091,1111,-2218,-5034,6718
IMU1,26680,269685219,-3336,1067,1072,-2383,-4709,6548
IMU1,26681,269696575,-3170,1064,1213,-2581,-4284,6283
IMU1,26682,269707925,-3151,1115,1715,-2748,-3297,5724
IMU1,26683,269719293,-3276,1075,1944,-2814,-2963,5533
IMU1,26684,269730650,-3439,1019,2188,-2718,-2856,5426
IMU1,26685,269742010,-3567,953,2381,-2533,-2950,5407
IMU1,26686,269753193,-3550,926,2549,-2271,-3205,5437
IMU1,26687,269764365,-3376,954,2458,-1968,-3555,5424
IMU1,26688,269775521,-3008,904,2222,-1478,-4071,5122
IMU1,26689,269786674,-2942,883,2148,-1327,-4067,4911
IMU1,26690,269797825,-2959,879,2079,-1212,-3827,4698
IMU1,26691,269809004,-2916,815,1993,-1167,-3413,4512
IMU1,26692,269820159,-2850,770,2023,-1182,-2947,4344
IMU1,26693,269831336,-2730,717,2120,-1213,-2535,4182
IMU1,26694,269842499,-2441,644,2356,-1215,-2158,3776
IMU1,26695,269853660,-2373,581,2455,-1039,-2222,3523
IMU1,26696,269864821,-2313,535,2493,-861,-2397,3259
IMU1,26697,269875786,-2335,512,2428,-663,-2581,2997
IMU1,26698,269886739,-2331,460,2287,-493,-2672,2767
IMU1,26699,269897689,-2249,409,2124,-379,-2618,2576
IMU1,26700,269908625,-2144,378,1989,-344,-2399,2403
IMU1,26701,269919587,-1954,324,2048,-419,-1671,2082
IMU1,26702,269930546,-1858,299,2076,-431,-1422,1921
IMU1,26703,269941495,-1776,251,2060,-393,-1336,1730
IMU1,26704,269952448,-1672,123,2210,-322,-1373,1532
IMU1,26705,269963385,-1590,38,2290,-188,-1443,1332
IMU1,26706,269974139,-1515,12,2310,-18,-1513,1130
IMU1,26707,269984708,-1439,8,2252,163,-1576,920
IMU1,26708,269994970,-1352,-20,2162,314,-1632,709
IMU1,26709,270005532,-1166,-13,2006,401,-1653,512
IMU1,26710,270016603,-1119,-26,1914,399,-1459,163
IMU1,26711,270027151,-1092,-57,1765,316,-1258,17
IMU1,26712,270037514,-1117,-29,1651,188,-1015,-141
IMU1,26713,270048159,-854,-32,2021,52,-840,-209
IMU1,26714,270058196,-829,32,2289,66,-658,-283
IMU1,26715,270068148,-869,86,2072,187,-753,-380
IMU1,26716,270078306,-681,-53,2361,267,-985,-452
IMU1,26717,270088571,-347,-86,2220,373,-1130,-515
IMU1,26718,270099014,-869,-215,2285,445,-1080,-599
IMU1,26719,270109660,-640,-223,2275,521,-1105,-609
IMU1,26720,270120307,-471,-87,2254,590,-1189,-589
IMU1,26721,270130759,-278,-2,2012,643,-1263,-631
IMU1,26722,270141536,-287,-36,1933,576,-1230,-649
IMU1,26723,270151973,-226,-31,1928,458,-1108,-636
IMU1,26724,270162421,-157,11,1966,336,-946,-594
IMU1,26725,270172564,-89,15,2012,241,-807,-547
IMU1,26726,270182493,-67,-7,2051,172,-662,-498
IMU1,26727,270192314,-31,-14,2089,127,-552,-433
IMU1,26728,270202357,32,-3,2092,99,-490,-354
IMU1,26729,270211908,76,12,2078,79,-406,-283
IMU1,26730,270221560,101,10,2052,62,-342,-228
IMU1,26731,270233967,127,-7,2058,44,-316,-171
IMU1,26732,270243707,153,-10,2040,31,-280,-116
IMU1,26733,270253651,171,-26,2035,33,-223,-65
IMU1,26734,270263398,182,-48,2033,45,-155,-19
IMU1,26735,270273142,199,-32,2024,60,-67,19
IMU1,26736,270282594,214,-24,2014,79,18,46
IMU1,26737,270291949,223,-14,1992,78,96,64
IMU1,26738,270301315,240,3,1957,54,178,68
IMU1,26739,270310585,238,29,1931,11,244,63
IMU1,26740,270320043,222,40,1913,-54,284,65
IMU1,26741,270329605,215,51,1900,-124,310,73
IMU1,26742,270339372,203,57,1942,-189,320,86
IMU1,26743,270349093,187,36,2075,-225,309,107
IMU1,26744,270359030,177,-5,2224,-186,289,129
IMU1,26745,270368876,179,-37,2304,-74,220,143
IMU1,26746,270378713,195,-46,2309,79,92,142
IMU1,26747,270388267,222,-38,2239,229,-48,114
IMU1,26748,270398106,232,-20,2137,326,-151,71
IMU1,26749,270407953,234,2,2054,361,-197,18
IMU1,26750,270417495,224,21,1975,335,-186,-30
IMU1,26751,270427333,217,49,1928,258,-137,-66
IMU1,26752,270437166,207,69,1920,157,-71,-95
IMU1,26753,270446807,179,87,1972,49,-19,-110
IMU1,26754,270456434,142,79,2033,-31,-2,-107
IMU1,26755,270465972,122,80,2088,-78,-5,-77
IMU1,26756,270475301,104,77,2129,-96,-4,-35
IMU1,26757,270484643,102,63,2153,-84,-7,7
IMU1,26758,270493682,105,47,2163,-54,-15,47
IMU1,26759,270503117,109,42,2129,-21,-8,70
IMU1,26760,270512358,114,30,2086,0,7,80
IMU1,26761,270521110,107,31,2059,5,35,87
IMU1,26762,270530165,114,38,2060,-7,62,81
IMU1,26763,270539315,106,33,2062,-18,80,63
IMU1,26764,270548670,106,25,2076,-29,80,43
IMU1,26765,270558010,122,24,2072,-37,70,23
IMU1,26766,270567365,115,21,2059,-34,63,0
IMU1,26767,270576408,117,30,2076,-29,21,-25
IMU1,26768,270585848,123,44,2090,-24,-12,-47
IMU1,26769,270595373,117,42,2091,-10,-69,-75
IMU1,26770,270604903,116,34,2085,9,-124,-97
IMU1,26771,270614334,119,38,2065,21,-156,-107
IMU1,26772,270624185,132,43,2054,37,-172,-114
IMU1,26773,270634016,139,46,2030,37,-152,-114
IMU1,26774,270643863,123,58,2027,38,-101,-111
IMU1,26775,270653695,122,83,2036,30,-55,-96
IMU1,26776,270663141,99,81,2050,23,-19,-79
IMU1,26777,270672396,92,83,2054,16,-4,-53
IMU1,26778,270681441,93,85,2052,7,7,-22
IMU1,26779,270690198,101,84,2057,-4,22,1
IMU1,26780,270699152,101,92,2050,-17,29,18
IMU1,26781,270709029,105,79,2057,-22,17,19
IMU1,26782,270718382,109,74,2062,-27,-31,25
IMU1,26783,270727846,124,64,2067,-28,-79,14
IMU1,26784,270737804,132,54,2045,-33,-110,5
IMU1,26785,270747252,121,47,2028,-44,-114,-4
IMU1,26786,270756776,141,37,2047,-43,-124,-21
IMU1,26787,270766510,141,38,2071,-39,-107,-31
IMU1,26788,270776247,134,40,2084,-24,-88,-41
IMU1,26789,270785781,134,27,2108,-1,-104,-47
IMU1,26790,270795318,145,31,2104,27,-120,-42
IMU1,26791,270804970,147,35,2076,47,-103,-43
IMU1,26792,270814611,134,28,2052,61,-103,-43
IMU1,26793,270824262,143,35,2040,56,-110,-43
IMU1,26794,270833908,160,23,2038,45,-109,-46
IMU1,26795,270843553,150,24,2030,33,-99,-46
IMU1,26796,270853007,155,29,2046,21,-79,-49
IMU1,26797,270862449,159,13,2079,22,-71,-55
IMU1,26798,270872415,170,23,2065,27,-72,-56
IMU1,26799,270881859,180,24,2081,24,-68,-59
IMU1,26800,270891294,168,26,2065,19,-58,-63
IMU1,26801,270901250,168,18,2057,16,-48,-63
IMU1,26802,270910687,162,27,2060,5,-42,-54
IMU1,26803,270920450,164,29,2065,-1,-28,-52
IMU1,26804,270929781,159,15,2073,-6,-22,-46
IMU1,26805,270939646,158,28,2087,2,-18,-46
IMU1,26806,270949413,169,14,2090,14,-28,-44
IMU1,26807,270958861,180,18,2077,28,-47,-46
IMU1,26808,270968306,183,19,2051,36,-68,-44
IMU1,26809,270978276,181,25,2025,37,-80,-44
IMU1,26810,270987714,178,33,2006,30,-84,-36
IMU1,26811,270997164,168,44,1998,19,-81,-28
IMU1,26812,271007122,149,45,2008,7,-78,-13
IMU1,26813,271016372,127,57,2023,-7,-78,13
IMU1,26814,271026141,127,64,2029,-8,-53,34
IMU1,26815,271035918,76,54,2002,2,16,53
IMU1,26816,271045313,45,56,2005,3,54,88
IMU1,26817,271055210,-19,68,1995,13,152,115
IMU1,26818,271064765,-119,57,1971,29,280,137
IMU1,26819,271074521,-211,76,1955,19,415,167
IMU1,26820,271084273,-304,86,1885,1,709,193
IMU1,26821,271093836,-447,129,1852,-43,1059,207
IMU1,26822,271104083,-647,221,1904,-92,1425,218
IMU1,26823,271114321,-896,306,1983,-110,1818,244
IMU1,26824,271124774,-1233,456,1987,-98,2287,306
IMU1,26825,271135241,-1532,581,1981,-88,2779,404
IMU1,26826,271145705,-1873,665,1819,-84,3290,508
IMU1,26827,271156163,-2112,792,1648,-131,3896,600
IMU1,26828,271166815,-2396,954,1614,-213,4612,639
IMU1,26829,271177489,-2712,1191,1699,-266,5386,610
IMU1,26830,271188361,-3440,1530,1704,-247,6133,526
IMU1,26831,271199230,-3772,1713,1560,50,7182,287
IMU1,26832,271209821,-4010,1908,1321,289,7435,176
IMU1,26833,271220584,-4206,2161,1129,552,7591,63
IMU1,26834,271231164,-4422,2408,1001,834,7804,-33
IMU1,26835,271244591,-4611,2608,832,1132,8138,-98
IMU1,26836,271255263,-4819,2783,860,1445,8532,-157
IMU1,26837,271266655,-5148,2959,901,2312,8999,-320
IMU1,26838,271277528,-5281,3159,962,2975,8741,-467
IMU1,26839,271288415,-5355,3325,959,3807,8151,-666
IMU1,26840,271299294,-5336,3360,761,4719,7394,-888
IMU1,26841,271310171,-5242,3349,612,5623,6743,-1149
IMU1,26842,271321249,-5311,3392,566,6504,6410,-1448
IMU1,26843,271332309,-5462,3464,512,7347,6237,-1725
IMU1,26844,271343400,-5513,3432,579,8678,5575,-2147
IMU1,26845,271354495,-5452,3346,539,9077,5006,-2312
IMU1,26846,271365592,-5262,3264,572,9292,4387,-2482
IMU1,26847,271376651,-5094,3222,518,9333,3992,-2659
IMU1,26848,271387713,-4911,3247,553,9194,3903,-2809
IMU1,26849,271398783,-4706,3249,818,8966,4031,-2925
IMU1,26850,271409835,-4253,3180,1203,8748,4206,-3131
IMU1,26851,271421117,-4026,3086,1325,8367,4161,-3285
IMU1,26852,271432376,-3776,2945,1371,8181,3751,-3473
IMU1,26853,271443649,-3286,2806,1656,7987,3231,-3678
IMU1,26854,271454904,-2722,2681,2014,7825,2952,-3908
IMU1,26855,271466172,-2189,2508,2272,7669,2955,-4148
IMU1,26856,271477456,-1453,2045,2581,7140,2792,-4593
IMU1,26857,271488729,-1356,1807,2610,6654,2264,-4712
IMU1,26858,271499980,-1324,1655,2612,6048,1515,-4680
IMU1,26859,271511249,-1219,1549,2612,5382,823,-4447
IMU1,26860,271522317,-937,1374,2704,4703,531,-4017
IMU1,26861,271533190,-631,1151,2803,4069,730,-3465
IMU1,26862,271544063,-404,795,2856,3513,1111,-2878
IMU1,26863,271554944,103,638,2783,2567,1256,-1894
IMU1,26864,271565713,257,481,2760,2119,1077,-1581
IMU1,26865,271576469,364,362,2802,1707,894,-1356
IMU1,26866,271587022,422,246,2878,1371,753,-1190
IMU1,26867,271597594,447,130,2973,1129,619,-1062
IMU1,26868,271608165,572,-22,3022,974,418,-969
IMU1,26869,271618221,666,-80,3052,879,120,-916
IMU1,26870,271628276,724,-178,3075,822,-218,-881
IMU1,26871,271638628,778,-240,3057,783,-556,-851
# swing_peak_seq=26845
IMU1,26872,271648998,810,-274,3016,748,-907,-811
IMU1,26873,271659349,815,-348,2876,696,-1282,-740
IMU1,26874,271670423,885,-367,2721,548,-2072,-417
IMU1,26875,271680967,1086,-342,2559,440,-2325,-206
IMU1,26876,271691708,1236,-226,2278,280,-2366,0
IMU1,26877,271701872,1080,-407,2372,43,-2253,212
IMU1,26878,271712330,686,-680,2718,-137,-2150,499
IMU1,26879,271722884,678,-559,2837,-153,-2200,909
IMU1,26880,271733447,786,-426,2604,-60,-2370,1289
IMU1,26881,271743989,713,-492,2383,18,-2613,1582
IMU1,26882,271754469,608,-479,2242,50,-2903,1839
IMU1,26883,271764924,567,-443,2103,76,-3161,2076
IMU1,26884,271776425,365,-402,2012,121,-3400,2491
IMU1,26885,271787058,293,-335,1891,105,-3459,2701
IMU1,26886,271797716,176,-263,1850,78,-3528,2895
IMU1,26887,271808172,51,-190,1861,30,-3622,3094
IMU1,26888,271818424,-87,-154,1864,-5,-3705,3303
IMU1,26889,271828668,-266,-77,1808,-18,-3791,3520
IMU1,26890,271839114,-426,14,1755,-25,-3931,3754
IMU1,26891,271849487,-583,63,1736,-35,-4097,3993
IMU1,26892,271859850,-725,89,1757,-36,-4245,4237
IMU1,26893,271870205,-885,117,1748,-29,-4354,4490
IMU1,26894,271880770,-1205,237,1759,-16,-4414,4737
IMU1,26895,271891532,-1322,329,1756,29,-4523,5172
IMU1,26896,271902187,-1407,428,1704,55,-4636,5325
IMU1,26897,271912854,-1482,501,1672,85,-4720,5427
IMU1,26898,271923525,-1527,558,1640,116,-4773,5519
IMU1,26899,271934390,-1618,632,1684,152,-4755,5612
IMU1,26900,271945267,-1737,691,1812,204,-4660,5712
IMU1,26901,271956142,-1854,722,2008,284,-4547,5815
IMU1,26902,271967014,-1965,744,2312,405,-4471,5903
IMU1,26903,271977908,-2083,833,2324,722,-4344,6019
IMU1,26904,271988768,-2016,939,2187,818,-4276,6023
IMU1,26905,271999635,-1970,1039,2092,825,-4197,5992
IMU1,26906,272010713,-1985,1100,2112,755,-4014,5957
IMU1,26907,272021768,-2084,1140,2271,663,-3695,5941
IMU1,26908,272032805,-2142,1182,2441,579,-3368,5961
IMU1,26909,272043845,-2134,1214,2872,529,-3129,5987
IMU1,26910,272054904,-2129,1273,3048,594,-2891,6001
IMU1,26911,272065964,-2107,1239,3083,657,-2893,6002
IMU1,26912,272077011,-2124,1139,3138,695,-2885,5986
IMU1,26913,272088059,-2157,1117,3152,701,-2786,5955
IMU1,26914,272099127,-2145,1054,3105,675,-2559,5903
IMU1,26915,272110199,-2107,953,3056,595,-2217,5821
IMU1,26916,272121072,-1986,883,3145,452,-1811,5707
IMU1,26917,272131938,-1859,852,3218,91,-1268,5348
IMU1,26918,272142587,-1722,845,3283,-56,-1308,5084
IMU1,26919,272153322,-1647,798,3272,-156,-1482,4786
IMU1,26920,272164281,-1559,739,3024,-232,-1636,4468
IMU1,26921,272175230,-1620,549,3127,-367,-1657,4159
IMU1,26922,272186181,-1596,467,3568,-430,-1552,3900
IMU1,26923,272197135,-1559,536,3455,-337,-1460,3656
IMU1,26924,272208082,-1550,452,3151,-181,-1477,3138
IMU1,26925,272219031,-1473,455,2988,15,-1563,2871
IMU1,26926,272229694,-1404,439,2860,-10,-1551,2592
IMU1,26927,272240443,-1372,441,2681,-109,-1489,2328
IMU1,26928,272253932,-1366,403,2641,-232,-1434,2078
IMU1,26929,272264877,-1357,430,2484,-346,-1402,1862
IMU1,26930,272276338,-1259,419,2398,-533,-1281,1505
IMU1,26931,272287297,-1197,302,2321,-562,-1236,1347
IMU1,26932,272298255,-1224,290,2139,-533,-1007,1126
IMU1,26933,272309202,-1332,162,2145,-487,-933,939
IMU1,26934,272319744,-1071,131,2349,-418,-1164,824
IMU1,26935,272330506,-819,40,2480,-262,-1185,681
IMU1,26936,272340848,-822,67,2276,-47,-1091,464
IMU1,26937,272350987,-747,-1,2097,125,-1027,235
IMU1,26938,272361135,-637,-32,1883,231,-992,14
IMU1,26939,272372650,-481,31,1797,278,-680,-375
IMU1,26940,272382796,-444,19,1762,228,-442,-532
IMU1,26941,272392951,-420,3,1957,171,-253,-660
IMU1,26942,272402885,-393,-6,2128,179,-167,-754
IMU1,26943,272412911,-337,34,2365,278,-196,-817
IMU1,26944,272423046,-297,83,2369,431,-329,-854
IMU1,26945,272433181,-228,26,2336,579,-491,-850
IMU1,26946,272443328,-145,108,2129,656,-589,-817
IMU1,26947,272453663,-108,41,2057,627,-522,-769
IMU1,26948,272463808,-20,107,1969,524,-402,-694
IMU1,26949,272473947,100,98,2080,388,-267,-628
IMU1,26950,272483987,105,118,2028,274,-132,-580
IMU1,26951,272494232,168,70,2106,171,-38,-524
IMU1,26952,272504075,182,98,2123,106,58,-464
IMU1,26953,272513825,200,64,2159,69,162,-401
IMU1,26954,272523567,212,82,2116,49,230,-331
IMU1,26955,272533318,239,72,2102,35,256,-265
IMU1,26956,272543078,240,58,2088,19,268,-198
IMU1,26957,272552828,254,19,2086,2,288,-131
IMU1,26958,272562375,272,5,2078,1,302,-67
IMU1,26959,272571547,293,0,2070,9,324,-16
IMU1,26960,272580608,292,-24,2063,20,364,13
IMU1,26961,272590157,294,-34,2038,26,396,29
IMU1,26962,272599709,295,-27,2016,22,420,40
IMU1,26963,272609257,284,-7,2011,8,440,44
IMU1,26964,272618415,258,21,2032,-21,455,45
IMU1,26965,272627964,237,21,2069,-51,427,59
IMU1,26966,272637526,264,5,2115,-76,337,75
IMU1,26967,272646879,292,-20,2153,-85,198,85
IMU1,26968,272656502,290,-49,2155,-75,32,77
IMU1,26969,272665934,305,-63,2129,-50,-149,56
IMU1,26970,272675657,315,-75,2095,-17,-295,21
IMU1,26971,272685391,317,-75,2039,12,-360,-18
IMU1,26972,272695128,298,-75,1984,22,-356,-52
IMU1,26973,272704860,277,-54,1949,23,-295,-74
IMU1,26974,272714587,265,-31,1948,17,-205,-79
IMU1,26975,272724311,232,-12,1964,10,-110,-67
IMU1,26976,272734041,211,6,1966,6,-35,-40
IMU1,26977,272743082,204,33,1975,-2,7,1
IMU1,26978,272751824,213,54,1976,-7,26,35
IMU1,26979,272760982,196,56,1988,-19,17,67
IMU1,26980,272770323,179,56,2019,-33,6,99
IMU1,26981,272779468,162,63,2079,-33,11,129
IMU1,26982,272789013,138,59,2141,-24,1,142
IMU1,26983,272798366,122,46,2150,-2,-32,158
IMU1,26984,272807811,121,42,2125,18,-88,178
IMU1,26985,272817335,135,42,2092,26,-118,185
IMU1,26986,272827062,143,30,2068,19,-101,176
IMU1,26987,272836793,140,24,2073,1,-59,161
IMU1,26988,272846134,115,20,2085,-8,-7,138
IMU1,26989,272855360,116,20,2116,-8,16,120
IMU1,26990,272864694,104,22,2125,4,30,108
IMU1,26991,272873936,92,28,2116,22,51,93
IMU1,26992,272882990,83,51,2118,33,75,85
IMU1,26993,272892047,57,61,2120,43,82,82
IMU1,26994,272901096,57,70,2116,40,46,86
IMU1,26995,272910666,71,68,2098,31,21,87
IMU1,26996,272920756,61,69,2062,13,21,94
IMU1,26997,272930328,53,60,2039,-4,32,96
IMU1,26998,272939798,61,64,2049,-15,28,94
IMU1,26999,272949466,67,50,2044,-19,56,89
IMU1,27000,272959131,55,44,2049,-13,84,79
IMU1,27001,272968800,59,54,2065,-19,99,75
IMU1,27002,272978455,66,43,2068,-15,116,63
IMU1,27003,272987790,70,39,2058,-25,133,53
IMU1,27004,272997663,75,38,2047,-38,151,43
IMU1,27005,273007018,91,44,2066,-61,165,38
IMU1,27006,273016883,94,46,2085,-72,171,26
IMU1,27007,273026223,86,31,2085,-59,155,18
IMU1,27008,273036084,93,26,2087,-38,105,18
IMU1,27009,273045425,124,33,2092,-18,52,2
IMU1,27010,273055090,128,38,2073,-1,43,-18
IMU1,27011,273064856,132,27,2069,11,30,-32
IMU1,27012,273074203,152,20,2072,10,18,-41
IMU1,27013,273084078,165,28,2087,5,4,-54
IMU1,27014,273093548,177,37,2105,-4,-20,-67
IMU1,27015,273103414,175,25,2095,-8,-53,-74
IMU1,27016,273112757,170,27,2073,-12,-103,-82
IMU1,27017,273122503,190,37,2064,-17,-163,-87
IMU1,27018,273132235,179,35,2018,-30,-155,-84
IMU1,27019,273141974,178,34,2005,-24,-151,-86
IMU1,27020,273151712,186,27,2023,-28,-162,-79
IMU1,27021,273161465,209,34,2031,-17,-159,-67
IMU1,27022,273171211,200,25,2012,-13,-109,-50
IMU1,27023,273180941,209,33,2016,-7,-79,-31
IMU1,27024,273190289,201,31,2010,-2,-20,-12
IMU1,27025,273199642,193,20,2023,5,-24,16
IMU1,27026,273208806,197,24,2013,2,-29,36
IMU1,27027,273218464,201,22,2002,-6,-34,55
IMU1,27028,273228226,194,29,1991,-21,-45,77
IMU1,27029,273237676,186,23,2011,-31,-55,90
IMU1,27030,273247648,188,35,2045,-25,-63,95
IMU1,27031,273259845,157,52,2041,-13,-40,89
IMU1,27032,273269293,131,63,2057,9,-59,86
IMU1,27033,273278455,66,81,2048,34,-21,92
IMU1,27034,273287621,10,110,2045,65,55,102
IMU1,27035,273297068,-92,158,2039,90,220,117
IMU1,27036,273306816,-205,253,2065,104,363,132
IMU1,27037,273316955,-407,339,2059,111,594,157
IMU1,27038,273327113,-600,425,2075,117,872,195
IMU1,27039,273337277,-893,576,2102,119,1251,240
IMU1,27040,273347643,-1216,731,2118,111,1702,295
IMU1,27041,273358197,-1562,883,2121,99,2187,344
IMU1,27042,273368557,-1965,1074,2080,80,2703,388
IMU1,27043,273379107,-2430,1273,1941,53,3290,432
IMU1,27044,273389675,-2942,1514,1847,7,3984,469
IMU1,27045,273400049,-3735,2159,2026,-42,4818,460
IMU1,27046,273410710,-4091,2389,2081,81,6447,153
IMU1,27047,273421256,-4387,2528,2058,320,6817,-139
IMU1,27048,273432110,-4578,2653,1994,695,6807,-535
IMU1,27049,273442972,-4664,2816,1920,1207,6547,-1047
IMU1,27050,273454221,-4799,2966,1891,1853,6184,-1639
IMU1,27051,273465491,-4903,3113,1958,2624,5870,-2227
IMU1,27052,273476772,-5071,3521,1791,3497,5708,-2751
IMU1,27053,273488054,-5255,3700,1714,5239,5971,-3499
IMU1,27054,273499322,-5460,3961,1617,6011,6405,-3699
IMU1,27055,273510585,-5612,4131,1667,6724,6975,-3774
IMU1,27056,273521850,-5686,4295,1556,7347,7602,-3749
IMU1,27057,273533143,-5536,4464,1495,7805,8201,-3677
IMU1,27058,273544431,-5543,4586,1747,8088,8734,-3658
IMU1,27059,273555708,-5487,4527,1950,8394,8817,-3683
IMU1,27060,273566986,-5457,4459,2052,8491,8373,-3677
IMU1,27061,273578270,-5479,4342,2264,8504,7851,-3606
IMU1,27062,273589550,-5373,4277,2582,8491,7348,-3469
IMU1,27063,273600842,-5093,3949,3000,8489,6774,-3336
IMU1,27064,273612114,-4136,3114,3250,8493,4685,-3420
IMU1,27065,273623404,-3547,2727,3197,8404,3309,-3749
IMU1,27066,273634665,-2985,2560,3047,8208,2073,-4211
IMU1,27067,273645914,-2516,2466,2858,7880,1255,-4713
IMU1,27068,273657198,-2225,2329,2545,7373,928,-5127
IMU1,27069,273668274,-1978,2191,2271,6669,914,-5369
IMU1,27070,273679334,-1500,1852,2124,5828,1235,-5208
IMU1,27071,273690603,-1099,1731,2330,4146,1450,-4883
IMU1,27072,273701860,-690,1561,2561,3462,1740,-4510
IMU1,27073,273712918,-301,1425,2839,2933,1922,-4153
IMU1,27074,273723986,-9,1289,2948,2551,1853,-3847
IMU1,27075,273734651,166,1118,2896,2257,1550,-3571
IMU1,27076,273745618,313,943,2842,2004,1122,-3274
IMU1,27077,273756381,642,624,2646,1557,492,-2534
IMU1,27078,273766951,768,440,2514,1349,363,-2113
IMU1,27079,273777515,870,247,2366,1132,268,-1707
IMU1,27080,273788077,1085,159,2269,906,162,-1316
IMU1,27081,273798633,1508,224,2370,695,54,-1002
IMU1,27082,273808993,929,-167,2462,585,-84,-825
IMU1,27083,273819136,157,-583,1854,534,-436,-469
IMU1,27084,273829489,1011,-258,1950,403,-797,107
IMU1,27085,273839938,1463,-177,2142,245,-650,460
# swing_peak_seq=27059
IMU1,27086,273850396,1112,-436,2005,112,-338,615
IMU1,27087,273860861,908,-566,1951,-32,-425,769
IMU1,27088,273871009,974,-369,1040,-202,-794,915
IMU1,27089,273881886,542,-1221,2071,-1060,-909,1090
IMU1,27090,273892841,329,-1067,2761,-1233,-701,1320
IMU1,27091,273903794,389,-600,2392,-1090,-761,1528
IMU1,27092,273914577,302,-601,1912,-924,-1180,1564
IMU1,27093,273925362,20,-712,2119,-834,-1803,1542
IMU1,27094,273935908,-219,-751,2326,-681,-2357,1580
IMU1,27095,273946773,-369,-634,2298,-460,-2742,1680
IMU1,27096,273957611,-477,-729,2018,-267,-3066,1789
IMU1,27097,273968452,-806,-633,1948,-42,-3738,2041
IMU1,27098,273979095,-871,-536,1861,44,-3999,2212
IMU1,27099,273989660,-972,-434,1718,103,-4231,2385
IMU1,27100,274000414,-1114,-345,1661,120,-4460,2562
IMU1,27101,274011354,-1199,-268,1693,106,-4676,2771
IMU1,27102,274022314,-1244,-154,1682,99,-4849,3004
IMU1,27103,274033082,-1335,10,1694,98,-4976,3243
IMU1,27104,274043523,-1420,151,1623,106,-5100,3483
IMU1,27105,274054377,-1639,355,1717,100,-5397,3980
IMU1,27106,274065242,-1768,494,1679,95,-5472,4255
IMU1,27107,274075894,-1955,597,1617,53,-5438,4550
IMU1,27108,274086565,-2207,675,1560,-46,-5286,4882
IMU1,27109,274097303,-2367,714,1579,-204,-5098,5235
IMU1,27110,274108275,-2495,779,1659,-388,-4976,5554
IMU1,27111,274119244,-2671,884,1755,-563,-5001,5802
IMU1,27112,274130208,-2830,936,1915,-693,-5192,5991
IMU1,27113,274141186,-2871,1117,2287,-711,-5533,6197
IMU1,27114,274152374,-2858,1134,2343,-649,-5429,6218
IMU1,27115,274163549,-2943,1144,2175,-656,-5150,6239
IMU1,27116,274174722,-3067,1124,2013,-761,-4863,6293
IMU1,27117,274185900,-3086,1116,2004,-950,-4606,6407
IMU1,27118,274197073,-3011,1092,2155,-1133,-4304,6540
IMU1,27119,274208452,-2314,1304,1899,-1332,-3652,6577
IMU1,27120,274219812,-2754,963,2739,-1508,-3305,6292
IMU1,27121,274230989,-2777,742,3639,-1442,-3029,6160
IMU1,27122,274242163,-2367,994,3590,-998,-3006,6025
IMU1,27123,274253136,-2635,980,3824,-463,-3131,5754
IMU1,27124,274266665,-3019,788,3458,538,-3599,5390
IMU1,27125,274277554,-2845,755,3363,819,-3695,5336
IMU1,27126,274288427,-2480,860,2832,886,-3436,5232
IMU1,27127,274299291,-2187,882,2567,671,-2933,5027
IMU1,27128,274310155,-1991,847,2457,274,-2421,4726
IMU1,27129,274321028,-1882,815,2522,-177,-2032,4383
IMU1,27130,274331986,-1800,801,2701,-569,-1733,4038
IMU1,27131,274342947,-1837,654,3068,-935,-1375,3435
IMU1,27132,274353917,-1850,568,3170,-890,-1386,3201
IMU1,27133,274364889,-1750,476,3144,-730,-1490,3001
IMU1,27134,274375866,-1621,388,3033,-529,-1611,2789
IMU1,27135,274386828,-1510,392,2885,-344,-1695,2557
IMU1,27136,274397798,-1375,365,2719,-210,-1737,2308
IMU1,27137,274408770,-1252,328,2559,-138,-1737,2051
IMU1,27138,274419739,-1038,261,2288,-124,-1513,1545
IMU1,27139,274430705,-941,234,2217,-218,-1280,1302
IMU1,27140,274441481,-870,213,2191,-283,-1021,1066
IMU1,27141,274452223,-813,193,2206,-305,-791,829
IMU1,27142,274462574,-770,173,2258,-286,-633,616
IMU1,27143,274472933,-722,169,2307,-214,-562,434
IMU1,27144,274483286,-660,156,2306,-110,-584,279
IMU1,27145,274493622,-593,160,2303,0,-660,144
IMU1,27146,274503371,-517,167,2272,104,-744,31
IMU1,27147,274513427,-459,140,2189,180,-819,-49
IMU1,27148,274523579,-397,105,2135,213,-852,-98
IMU1,27149,274533734,-326,92,2091,213,-792,-115
IMU1,27150,274543896,-268,104,2072,187,-653,-106
IMU1,27151,274555289,-195,95,2102,142,-386,-76
IMU1,27152,274565241,-145,84,2114,131,-323,-53
IMU1,27153,274575176,-88,71,2141,133,-289,-39
IMU1,27154,274584937,-35,53,2192,119,-278,-32
IMU1,27155,274594700,-27,94,2013,116,-291,-32
IMU1,27156,274604453,18,62,2091,89,-293,-29
IMU1,27157,274613901,24,104,1913,44,-245,-24
IMU1,27158,274623552,27,94,1830,-41,-173,-5
IMU1,27159,274632910,3,82,1829,-163,-66,42
IMU1,27160,274642165,-26,32,1925,-264,82,116
IMU1,27161,274651798,51,-7,2145,-302,220,215
IMU1,27162,274661460,23,-64,2243,-229,311,279
IMU1,27163,274671315,59,-102,2213,-88,289,313
IMU1,27164,274681183,112,-135,2153,62,186,309
IMU1,27165,274691148,128,-122,2024,177,114,267
IMU1,27166,274701293,144,-146,2023,224,124,206
IMU1,27167,274711437,122,-119,1948,224,183,144
IMU1,27168,274721594,138,-143,2018,197,213,85
IMU1,27169,274731547,136,-129,2021,167,198,27
IMU1,27170,274741494,158,-123,2060,140,150,-33
IMU1,27171,274751549,152,-121,2102,123,84,-93
IMU1,27172,274761412,148,-130,2112,126,10,-147
IMU1,27173,274771463,170,-87,2101,136,-74,-189
IMU1,27174,274781408,161,-103,2118,151,-135,-230
IMU1,27175,274791761,168,-70,2086,163,-152,-253
IMU1,27176,274801903,184,-45,2057,161,-138,-263
IMU1,27177,274812048,185,-19,1982,133,-91,-270
IMU1,27178,274822000,186,-30,1963,83,-19,-274
IMU1,27179,274831746,187,-9,1961,11,73,-273
IMU1,27180,274841211,183,11,2004,-48,139,-264
IMU1,27181,274851072,178,11,2053,-93,160,-246
IMU1,27182,274860923,173,12,2099,-105,147,-224
IMU1,27183,274870969,180,12,2098,-90,125,-199
IMU1,27184,274882384,181,10,2062,-70,96,-162
IMU1,27185,274892040,177,22,2018,-81,93,-150
IMU1,27186,274901695,169,33,1996,-112,114,-142
IMU1,27187,274911754,176,44,1989,-159,148,-118
IMU1,27188,274921825,172,26,2050,-195,195,-107
IMU1,27189,274931881,143,1,2115,-199,212,-92
IMU1,27190,274941541,129,-15,2175,-158,193,-74
IMU1,27191,274951506,138,-12,2185,-91,143,-54
IMU1,27192,274961265,149,-14,2164,-11,71,-60
IMU1,27193,274970820,154,-19,2134,52,-11,-87
IMU1,27194,274980373,161,-24,2094,91,-80,-124
IMU1,27195,274990118,160,-14,2062,100,-109,-168
IMU1,27196,275000261,155,-7,2034,85,-101,-213
IMU1,27197,275010022,138,8,2038,61,-72,-254
IMU1,27198,275019486,119,33,2041,29,-48,-283
IMU1,27199,275029152,104,36,2040,-5,-55,-294
IMU1,27200,275038714,91,42,2043,-36,-66,-289
IMU1,27201,275048277,86,59,2040,-63,-51,-273
IMU1,27202,275057816,69,76,2061,-85,-3,-251
IMU1,27203,275067166,54,98,2080,-100,56,-226
IMU1,27204,275076817,43,99,2100,-109,103,-201
IMU1,27205,275086658,32,93,2115,-114,148,-183
IMU1,27206,275096515,25,86,2117,-115,198,-177
IMU1,27207,275106366,14,79,2150,-118,249,-178
IMU1,27208,275116223,1,62,2193,-121,302,-189
IMU1,27209,275125887,-20,45,2255,-111,343,-209
IMU1,27210,275135831,-32,38,2321,-73,368,-237
IMU1,27211,275145608,-48,40,2363,-5,384,-274
IMU1,27212,275155164,-56,47,2374,72,392,-327
IMU1,27213,275164842,-60,55,2364,132,395,-393
IMU1,27214,275174708,-89,68,2361,167,392,-471
IMU1,27215,275184573,-131,91,2369,175,392,-549
IMU1,27216,275194648,-147,105,2396,162,399,-624
IMU1,27217,275204925,-165,109,2389,135,390,-692
IMU1,27218,275215170,-177,124,2364,100,362,-750
IMU1,27219,275225424,-183,143,2316,55,342,-805
IMU1,27220,275235481,-199,152,2283,5,341,-853
IMU1,27221,275245336,-223,152,2232,-55,360,-891
IMU1,27222,275255495,-204,138,2169,-112,386,-924
IMU1,27223,275268376,-182,126,2168,-175,424,-1005
IMU1,27224,275278889,-170,94,2139,-178,440,-1046
IMU1,27225,275289205,-163,77,2114,-150,458,-1092
IMU1,27226,275299537,-143,60,2090,-112,487,-1137
IMU1,27227,275309861,-134,25,2070,-68,533,-1182
IMU1,27228,275320000,-136,-7,2033,-19,603,-1223
IMU1,27229,275330026,-134,-14,1986,20,685,-1262
IMU1,27230,275340153,-124,-17,1959,50,762,-1304
IMU1,27231,275350290,-134,-18,1938,69,807,-1346
IMU1,27232,275360427,-133,-17,1916,86,818,-1390
IMU1,27233,275370552,-131,-31,1882,92,792,-1434
IMU1,27234,275380701,-149,-44,1868,87,754,-1466
IMU1,27235,275391876,-162,-86,1862,52,823,-1518
IMU1,27236,275402027,-182,-91,1859,28,901,-1536
IMU1,27237,275412168,-213,-99,1872,19,947,-1547
IMU1,27238,275422313,-226,-101,1923,20,959,-1552
IMU1,27239,275432662,-240,-104,1965,52,937,-1552
IMU1,27240,275443003,-259,-112,1985,107,883,-1549
IMU1,27241,275453545,-262,-118,1990,183,787,-1542
IMU1,27242,275464097,-243,-113,1958,262,671,-1540
IMU1,27243,275474618,-222,-102,1909,324,567,-1549
IMU1,27244,275485152,-213,-128,1871,352,506,-1571
IMU1,27245,275495692,-222,-138,1863,345,503,-1598
IMU1,27246,275506232,-258,-119,1872,311,547,-1652
IMU1,27247,275516782,-288,-102,1882,221,570,-1671
IMU1,27248,275527330,-309,-101,1889,183,535,-1690
IMU1,27249,275537866,-321,-104,1913,154,483,-1695
IMU1,27250,275548402,-325,-107,1932,144,430,-1698
IMU1,27251,275558926,-340,-113,1942,153,361,-1697
IMU1,27252,275569453,-357,-123,1949,182,285,-1688
IMU1,27253,275579979,-373,-133,1970,221,228,-1665
IMU1,27254,275590518,-399,-160,1983,269,219,-1626
IMU1,27255,275601042,-431,-164,2021,325,271,-1579
IMU1,27256,275611569,-450,-125,1954,374,325,-1518
IMU1,27257,275622625,-473,-101,1923,397,284,-1394
IMU1,27258,275633155,-473,-91,1859,356,221,-1330
IMU1,27259,275643503,-444,-82,1825,275,159,-1271
IMU1,27260,275653854,-438,-103,1856,185,114,-1222
IMU1,27261,275664394,-442,-123,1866,114,96,-1185
IMU1,27262,275674726,-447,-149,1897,63,73,-1150
IMU1,27263,275684870,-454,-171,1908,44,53,-1114
IMU1,27264,275695011,-467,-194,1943,47,55,-1073
IMU1,27265,275705156,-495,-202,1982,73,90,-1025
IMU1,27266,275715301,-537,-211,1999,114,139,-958
IMU1,27267,275725644,-569,-219,2008,161,175,-871
IMU1,27268,275735970,-566,-225,2006,210,203,-773
IMU1,27269,275746321,-554,-223,1973,240,242,-681
IMU1,27270,275757177,-572,-226,1958,247,336,-532
IMU1,27271,275767526,-590,-223,1975,238,376,-481
IMU1,27272,275777871,-591,-230,1985,226,398,-432
IMU1,27273,275788224,-592,-225,1979,203,415,-390
IMU1,27274,275798574,-556,-208,2040,187,439,-358
IMU1,27275,275808921,-571,-354,2032,180,511,-333
IMU1,27276,275819270,-612,-323,1976,180,544,-307
IMU1,27277,275829629,-629,-252,1967,172,475,-286
IMU1,27278,275839980,-601,-268,1959,152,357,-282
IMU1,27279,275850354,-580,-290,1966,121,241,-294
IMU1,27280,275860696,-568,-316,1983,88,154,-310
IMU1,27281,275870848,-571,-317,1971,68,79,-325
IMU1,27282,275880793,-554,-320,1851,55,0,-336
IMU1,27283,275892003,-555,-315,1799,19,-113,-352
IMU1,27284,275902241,-575,-318,1797,-1,-84,-349
IMU1,27285,275912188,-575,-312,1805,-18,11,-330
IMU1,27286,275922221,-572,-315,1845,-21,155,-305
IMU1,27287,275932463,-606,-330,1883,-16,299,-275
IMU1,27288,275942703,-642,-342,1923,3,387,-236
IMU1,27289,275952641,-658,-335,1939,23,398,-191
IMU1,27290,275962774,-682,-331,1953,41,354,-148
IMU1,27291,275972927,-721,-330,1969,53,298,-109
IMU1,27292,275983064,-725,-335,1962,56,250,-71
IMU1,27293,275993012,-739,-358,1953,42,227,-36
IMU1,27294,276002962,-753,-356,1936,20,245,-15
IMU1,27295,276012895,-739,-354,1903,-14,304,-10
IMU1,27296,276022930,-746,-360,1890,-57,400,-23
IMU1,27297,276032967,-763,-351,1895,-106,521,-47
IMU1,27298,276043195,-802,-294,1941,-142,659,-75
IMU1,27299,276053439,-817,-329,1945,-163,807,-110
IMU1,27300,276063870,-968,-367,1985,-177,951,-139
IMU1,27301,276074846,-982,-368,2030,-221,1255,-133
IMU1,27302,276085481,-1018,-332,2066,-273,1384,-131
IMU1,27303,276096313,-1022,-315,2055,-329,1465,-150
IMU1,27304,276107143,-1035,-326,2039,-408,1456,-168
IMU1,27305,276117976,-1063,-333,2036,-482,1367,-198
IMU1,27306,276128812,-1100,-324,2073,-543,1232,-227
IMU1,27307,276139652,-1129,-334,2107,-572,1108,-247
IMU1,27308,276150497,-1147,-351,2048,-563,1025,-252
IMU1,27309,276161340,-1151,-295,1978,-493,969,-244
IMU1,27310,276171974,-1095,-346,1878,-453,975,-244
IMU1,27311,276182628,-1119,-458,1797,-425,982,-259
IMU1,27312,276193277,-1128,-421,1729,-409,949,-257
IMU1,27313,276203927,-1108,-355,1670,-402,888,-254
IMU1,27314,276214568,-1068,-333,1614,-398,815,-262
IMU1,27315,276225203,-1046,-346,1560,-393,718,-277
IMU1,27316,276235848,-993,-387,1469,-386,577,-292
IMU1,27317,276246293,-930,-454,1337,-375,388,-323
IMU1,27318,276257259,-759,-457,1279,-286,-159,-485
IMU1,27319,276270364,-690,-432,1232,-185,-458,-629
IMU1,27320,276280916,-640,-418,1212,-32,-703,-786
IMU1,27321,276291255,-682,-419,1243,161,-855,-930
IMU1,27322,276301690,-745,-376,1296,392,-934,-1030
IMU1,27323,276312338,-749,-342,1296,650,-1005,-1079
IMU1,27324,276323180,-786,-291,1383,908,-1143,-1095
IMU1,27325,276334041,-917,-275,1633,1383,-1719,-1002
IMU1,27326,276345091,-1002,-270,1788,1647,-2150,-916
IMU1,27327,276356144,-1161,-392,1911,1916,-2649,-821
IMU1,27328,276367208,-1474,-646,2149,2178,-3163,-704
IMU1,27329,276378273,-1461,-734,2535,2410,-3618,-551
IMU1,27330,276389333,-1138,-586,3152,2565,-3794,-425
IMU1,27331,276400404,-544,-234,3140,2573,-3055,-334
IMU1,27332,276411257,-614,-52,2703,1730,1026,-102
IMU1,27333,276421814,-914,-174,2620,972,1282,-79
IMU1,27334,276432165,-793,125,2807,146,477,-82
IMU1,27335,276442221,-555,210,2893,-640,-185,-130
IMU1,27336,276452667,-492,-105,2802,-1270,-690,-214
IMU1,27337,276463417,-377,-414,2595,-1685,-1222,-261
IMU1,27338,276474365,-280,-586,2557,-1901,-1587,-230
IMU1,27339,276485346,-267,-528,2463,-1917,-1686,-142
IMU1,27340,276496267,-210,-624,2171,-1783,-1660,-31
IMU1,27341,276507510,-294,-701,2057,-1297,-1574,208
IMU1,27342,276518351,-325,-744,1928,-1040,-1524,375
IMU1,27343,276529196,-338,-766,1828,-818,-1439,567
IMU1,27344,276539843,-336,-766,1754,-650,-1316,766
IMU1,27345,276550488,-303,-784,1692,-536,-1204,954
IMU1,27346,276561135,-286,-774,1579,-461,-1130,1123
IMU1,27347,276571986,-252,-736,1451,-427,-1076,1269
IMU1,27348,276582831,-233,-668,1220,-426,-1018,1391
IMU1,27349,276593655,-203,-630,1138,-487,-882,1555
IMU1,27350,276604292,-192,-577,1051,-514,-818,1604
IMU1,27351,276614924,-198,-520,961,-525,-766,1644
IMU1,27352,276625354,-174,-474,867,-534,-735,1671
IMU1,27353,276635799,-125,-417,786,-527,-714,1680
