# label=FP
IMU1,18083,177464047,-2078,77,-62,-22,-83,-40
IMU1,18084,177473566,-2054,72,-69,-22,-106,-31
IMU1,18085,177483291,-2023,62,-79,-24,-135,-27
IMU1,18086,177493013,-2024,66,-87,-33,-148,-23
IMU1,18087,177502736,-2016,70,-100,-45,-134,-17
IMU1,18088,177512660,-2001,73,-100,-55,-105,-12
IMU1,18089,177522583,-2010,76,-95,-62,-62,-16
IMU1,18090,177532109,-2037,64,-81,-68,-24,-18
IMU1,18091,177541644,-2055,53,-62,-76,-3,-13
IMU1,18092,177553730,-2053,49,-44,-83,-5,-12
IMU1,18093,177563066,-2058,49,-37,-82,-30,-14
IMU1,18094,177572591,-2060,49,-36,-76,-68,-13
IMU1,18095,177582126,-2060,56,-35,-69,-96,-14
IMU1,18096,177591658,-2057,55,-52,-66,-109,-13
IMU1,18097,177601403,-2055,46,-59,-65,-109,-10
IMU1,18098,177611125,-2045,43,-67,-67,-104,-6
IMU1,18099,177620650,-2037,50,-84,-79,-97,-7
IMU1,18100,177629974,-2036,55,-81,-92,-92,-14
IMU1,18101,177639505,-2050,63,-69,-102,-86,-22
IMU1,18102,177649234,-2060,62,-60,-108,-83,-23
IMU1,18103,177658959,-2062,64,-58,-110,-83,-25
IMU1,18104,177668691,-2059,62,-56,-112,-93,-21
IMU1,18105,177678414,-2057,64,-54,-103,-100,-19
IMU1,18106,177688332,-2063,66,-69,-95,-105,-17
IMU1,18107,177698050,-2079,72,-81,-95,-107,-15
IMU1,18108,177707774,-2077,54,-93,-97,-107,-11
IMU1,18109,177717505,-2064,45,-100,-108,-108,-9
IMU1,18110,177727433,-2065,44,-116,-123,-106,-12
IMU1,18111,177737563,-2074,46,-132,-142,-93,-15
IMU1,18112,177747503,-2076,41,-131,-164,-66,-13
IMU1,18113,177757435,-2076,31,-120,-177,-35,-16
IMU1,18114,177767380,-2082,25,-105,-193,-19,-20
IMU1,18115,177777287,-2085,20,-101,-202,-20,-22
IMU1,18116,177787193,-2090,25,-98,-191,-40,-26
IMU1,18117,177796922,-2096,24,-104,-177,-63,-30
IMU1,18118,177806845,-2114,23,-113,-167,-75,-30
IMU1,18119,177816774,-2116,18,-153,-148,-80,-22
IMU1,18120,177827752,-2088,12,-176,-146,-100,6
IMU1,18121,177837587,-2054,-7,-191,-153,-101,-14
IMU1,18122,177847622,-2046,-2,-196,-150,-75,-46
IMU1,18123,177857458,-2043,-1,-196,-158,-44,-60
IMU1,18124,177867282,-2052,-15,-185,-160,-12,-80
IMU1,18125,177877301,-2049,-27,-170,-154,3,-93
IMU1,18126,177887034,-2037,-28,-147,-137,8,-104
IMU1,18127,177896976,-2050,-20,-124,-106,12,-116
IMU1,18128,177907097,-2066,-15,-99,-70,30,-121
IMU1,18129,177916847,-2057,-7,-90,-31,44,-116
IMU1,18130,177926390,-2059,7,-79,13,34,-109
IMU1,18131,177935742,-2034,12,-75,51,15,-102
IMU1,18132,177945279,-2024,18,-73,77,8,-99
IMU1,18133,177954433,-2018,29,-70,98,16,-95
IMU1,18134,177963773,-2022,41,-58,103,35,-89
IMU1,18135,177973312,-2031,63,-44,107,60,-85
IMU1,18136,177982848,-2028,72,-18,102,85,-85
IMU1,18137,177992383,-2038,78,12,105,101,-90
IMU1,18138,178002024,-2048,81,34,105,106,-97
IMU1,18139,178011655,-2051,77,43,105,94,-103
IMU1,18140,178021305,-2064,82,51,102,63,-102
IMU1,18141,178030950,-2066,86,52,92,40,-96
IMU1,18142,178040205,-2074,100,41,84,19,-86
IMU1,18143,178049649,-2060,102,35,67,-1,-72
IMU1,18144,178058988,-2054,110,36,41,-11,-63
IMU1,18145,178068531,-2058,101,32,20,-12,-53
IMU1,18146,178078072,-2046,85,31,-6,-3,-48
IMU1,18147,178087642,-2060,76,47,-28,3,-41
IMU1,18148,178097310,-2064,67,47,-49,2,-38
IMU1,18149,178106974,-2057,61,48,-64,-4,-39
IMU1,18150,178116217,-2050,51,51,-76,-19,-38
IMU1,18151,178126183,-2043,53,55,-83,-31,-47
IMU1,18152,178135622,-2049,46,56,-88,-45,-46
IMU1,18153,178145063,-2061,43,47,-90,-52,-45
IMU1,18154,178155031,-2065,49,37,-96,-61,-38
IMU1,18155,178164494,-2063,51,20,-105,-66,-26
IMU1,18156,178174136,-2050,43,6,-113,-62,-25
IMU1,18157,178183596,-2052,50,-6,-122,-67,-23
IMU1,18158,178193133,-2060,45,-22,-140,-76,-25
IMU1,18159,178202866,-2060,32,-27,-157,-82,-22
IMU1,18160,178212599,-2075,23,-31,-177,-68,-24
IMU1,18161,178222332,-2084,20,-38,-185,-57,-22
IMU1,18162,178232062,-2076,16,-36,-194,-66,-19
IMU1,18163,178241797,-2058,-1,-44,-197,-75,-30
IMU1,18164,178251423,-2064,1,-50,-197,-93,-35
IMU1,18165,178260965,-2073,-8,-64,-186,-95,-43
IMU1,18166,178270573,-2081,-11,-82,-183,-81,-49
IMU1,18167,178280382,-2085,-16,-92,-182,-63,-48
IMU1,18168,178290183,-2064,-22,-91,-181,-48,-47
IMU1,18169,178299996,-2048,-32,-85,-181,-37,-56
IMU1,18170,178309818,-2049,-34,-80,-176,-44,-62
IMU1,18171,178319631,-2048,-40,-83,-164,-55,-66
IMU1,18172,178329450,-2040,-37,-84,-152,-65,-63
IMU1,18173,178339282,-2030,-27,-76,-138,-67,-60
IMU1,18174,178349106,-2029,-15,-68,-120,-57,-57
IMU1,18175,178358931,-2032,-18,-64,-105,-46,-53
IMU1,18176,178368759,-2032,-13,-58,-87,-41,-50
IMU1,18177,178378381,-2019,-11,-65,-80,-45,-45
IMU1,18178,178388008,-2002,-3,-73,-82,-43,-45
IMU1,18179,178397424,-1994,4,-93,-89,-32,-50
IMU1,18180,178406770,-2002,14,-111,-106,-16,-52
IMU1,18181,178416682,-1998,9,-106,-128,8,-48
IMU1,18182,178426110,-1981,4,-81,-148,36,-39
IMU1,18183,178435546,-1987,16,-34,-158,60,-33
IMU1,18184,178445174,-1997,18,4,-147,80,-30
IMU1,18185,178454507,-2001,30,33,-126,86,-22
IMU1,18186,178464036,-1997,37,58,-100,80,-21
IMU1,18187,178473560,-2014,47,81,-68,59,-18
IMU1,18188,178482901,-2017,47,92,-36,37,-12
IMU1,18189,178492245,-2028,51,92,-12,10,-2
IMU1,18190,178501383,-2028,60,85,4,-17,9
IMU1,18191,178510755,-2037,64,75,8,-40,22
IMU1,18192,178520328,-2043,64,64,-3,-53,33
IMU1,18193,178529992,-2055,60,68,-27,-68,48
IMU1,18194,178539338,-2058,58,72,-49,-70,53
IMU1,18195,178549219,-2059,60,75,-73,-78,56
IMU1,18196,178561321,-2074,64,73,-92,-96,48
IMU1,18197,178570662,-2104,65,68,-118,-128,46
IMU1,18198,178580402,-2117,60,53,-139,-155,44
IMU1,18199,178590153,-2128,66,37,-157,-182,45
IMU1,18200,178599889,-2123,65,6,-180,-207,50
IMU1,18201,178609420,-2111,46,-43,-197,-231,51
IMU1,18202,178619251,-2090,27,-85,-222,-262,55
IMU1,18203,178629076,-2087,4,-128,-251,-267,53
IMU1,18204,178638905,-2080,-14,-162,-282,-249,57
IMU1,18205,178649020,-2064,-25,-182,-303,-219,56
IMU1,18206,178659147,-2064,-31,-182,-318,-187,50
IMU1,18207,178669285,-2052,-50,-188,-326,-152,40
IMU1,18208,178679404,-2036,-75,-186,-322,-121,24
IMU1,18209,178689530,-2034,-89,-176,-314,-104,10
IMU1,18210,178699647,-2025,-90,-166,-294,-86,2
IMU1,18211,178709371,-2026,-102,-144,-269,-68,-6
IMU1,18212,178719394,-2021,-95,-124,-224,-44,-7
IMU1,18213,178729222,-1997,-91,-96,-175,-23,-4
IMU1,18214,178738846,-1994,-82,-61,-119,-1,-4
IMU1,18215,178748286,-1983,-75,-44,-62,19,0
IMU1,18216,178757432,-1989,-61,-17,-11,33,2
IMU1,18217,178766674,-1990,-44,2,31,39,4
IMU1,18218,178775530,-1996,-16,35,67,51,6
IMU1,18219,178784589,-2008,14,67,93,65,7
IMU1,18220,178793545,-2027,49,113,118,78,11
IMU1,18221,178803098,-2036,72,149,139,79,12
IMU1,18222,178812659,-2052,102,175,159,59,11
IMU1,18223,178822411,-2059,111,198,171,29,11
IMU1,18224,178832148,-2051,114,203,176,3,12
IMU1,18225,178841690,-2069,123,203,173,-25,16
IMU1,18226,178851516,-2083,127,199,157,-50,23
IMU1,18227,178861369,-2082,127,199,127,-74,37
IMU1,18228,178871218,-2092,112,182,96,-106,51
IMU1,18229,178881069,-2097,101,159,61,-139,65
IMU1,18230,178890912,-2079,91,136,8,-150,78
IMU1,18231,178900378,-2064,85,114,-48,-146,87
IMU1,18232,178910125,-2082,78,87,-105,-134,87
IMU1,18233,178919875,-2094,75,76,-167,-111,82
IMU1,18234,178929618,-2094,56,66,-230,-89,74
IMU1,18235,178939163,-2108,48,55,-281,-83,66
IMU1,18236,178948716,-2114,26,49,-329,-93,58
IMU1,18237,178958265,-2115,0,27,-361,-93,56
IMU1,18238,178967516,-2124,-8,-1,-388,-78,51
IMU1,18239,178976869,-2109,-15,-19,-412,-60,45
IMU1,18240,178986598,-2109,-22,-19,-421,-45,37
IMU1,18241,178996328,-2097,-30,-24,-423,-29,25
IMU1,18242,179006043,-2096,-46,-29,-419,-12,8
IMU1,18243,179015570,-2115,-57,-19,-404,-1,-2
IMU1,18244,179025009,-2119,-64,-9,-373,13,-12
IMU1,18245,179034543,-2130,-64,16,-331,18,-19
IMU1,18246,179044187,-2144,-66,21,-284,10,-23
IMU1,18247,179053820,-2135,-69,28,-229,-7,-27
IMU1,18248,179063358,-2121,-55,37,-170,-25,-39
IMU1,18249,179073099,-2114,-43,40,-110,-38,-54
IMU1,18250,179082834,-2107,-30,35,-63,-47,-67
IMU1,18251,179092371,-2114,-8,17,-31,-58,-77
IMU1,18252,179101720,-2110,12,0,-14,-71,-80
IMU1,18253,179110867,-2108,28,-7,-14,-75,-82
IMU1,18254,179120207,-2121,31,-13,-29,-67,-86
IMU1,18255,179129738,-2131,34,-16,-48,-57,-86
IMU1,18256,179139274,-2127,35,-8,-72,-54,-79
IMU1,18257,179148620,-2132,38,8,-96,-58,-83
IMU1,18258,179157884,-2128,45,12,-106,-84,-96
IMU1,18259,179167532,-2112,41,1,-106,-124,-112
IMU1,18260,179177384,-2127,45,-27,-109,-158,-127
IMU1,18261,179187526,-2128,46,-67,-109,-177,-138
IMU1,18262,179197664,-2127,56,-86,-109,-181,-139
IMU1,18263,179207814,-2122,60,-101,-107,-180,-136
IMU1,18264,179218118,-2117,65,-114,-104,-172,-137
IMU1,18265,179228430,-2106,63,-126,-96,-176,-138
IMU1,18266,179238543,-2105,65,-138,-89,-186,-144
IMU1,18267,179248656,-2105,64,-161,-67,-188,-155
IMU1,18268,179258759,-2108,55,-205,-49,-184,-163
IMU1,18269,179268870,-2085,44,-270,-45,-172,-159
IMU1,18270,179280019,-2054,20,-280,-62,-134,-146
IMU1,18271,179290127,-2029,3,-291,-80,-112,-121
IMU1,18272,179300043,-2010,-13,-295,-62,-68,-131
IMU1,18273,179310058,-2017,-20,-282,-44,-7,-135
IMU1,18274,179319881,-2013,-22,-254,-14,56,-127
IMU1,18275,179329807,-2009,-36,-227,35,112,-123
IMU1,18276,179339821,-1985,-29,-203,93,160,-122
IMU1,18277,179349846,-1963,-27,-186,158,185,-126
IMU1,18278,179360067,-1968,-29,-163,225,192,-131
IMU1,18279,179370276,-1953,-17,-146,292,192,-130
IMU1,18280,179380502,-1926,-2,-140,354,190,-119
IMU1,18281,179390526,-1922,16,-141,408,203,-102
IMU1,18282,179400655,-1929,36,-140,445,240,-76
IMU1,18283,179410587,-1929,78,-129,471,288,-39
IMU1,18284,179420510,-1915,105,-87,486,333,5
IMU1,18285,179430147,-1886,142,-54,502,372,44
IMU1,18286,179439994,-1850,185,-44,512,381,80
IMU1,18287,179449849,-1844,223,-24,510,359,114
IMU1,18288,179459884,-1852,255,-12,510,352,155
IMU1,18289,179469918,-1836,274,1,497,367,223
IMU1,18290,179479668,-1818,301,23,478,388,311
IMU1,18291,179489634,-1803,344,29,462,405,421
IMU1,18292,179499566,-1802,380,68,446,426,545
IMU1,18293,179511075,-1846,450,84,412,447,841
IMU1,18294,179521022,-1888,495,119,405,457,1013
IMU1,18295,179531360,-1904,539,146,400,446,1175
IMU1,18296,179541714,-1896,545,165,389,387,1332
IMU1,18297,179552071,-1879,562,163,376,285,1470
IMU1,18298,179565172,-1878,575,120,345,174,1577
IMU1,18299,179575530,-1921,590,23,285,82,1668
IMU1,18300,179585474,-1977,599,-37,190,50,1752
IMU1,18301,179595522,-1985,614,-74,76,101,1813
IMU1,18302,179605574,-1874,587,-77,-40,199,1810
IMU1,18303,179616765,-1794,553,-88,-226,371,1538
IMU1,18304,179627102,-1803,510,-64,-311,426,1332
IMU1,18305,179637451,-1857,474,-68,-353,463,1118
IMU1,18306,179647803,-1898,477,-53,-378,473,931
IMU1,18307,179657969,-1943,519,-48,-366,440,767
IMU1,18308,179668109,-1976,524,-46,-323,381,632
IMU1,18309,179678254,-2002,529,-31,-258,330,537
IMU1,18310,179688401,-2017,529,-20,-163,304,484
IMU1,18311,179698530,-2034,538,-44,-50,292,463
IMU1,18312,179708484,-2057,543,-45,58,281,452
IMU1,18313,179718339,-2088,560,-45,168,256,453
IMU1,18314,179728383,-2127,571,-74,265,203,453
IMU1,18315,179738431,-2146,562,-99,346,129,455
IMU1,18316,179748473,-2148,580,-141,403,43,457
IMU1,18317,179758524,-2144,586,-212,429,-40,453
IMU1,18318,179768673,-2127,584,-273,424,-92,446
IMU1,18319,179778818,-2073,599,-299,391,-94,441
IMU1,18320,179790008,-2057,610,-275,313,-52,418
IMU1,18321,179800163,-2038,614,-254,295,-29,402
IMU1,18322,179810306,-2021,612,-239,278,-11,390
IMU1,18323,179820464,-2001,607,-231,277,-5,375
IMU1,18324,179830410,-1987,615,-237,285,-20,357
IMU1,18325,179840553,-1972,649,-224,292,-48,336
IMU1,18326,179850676,-1943,682,-216,321,-81,317
IMU1,18327,179860811,-1931,710,-222,355,-104,300
IMU1,18328,179871145,-1897,734,-237,380,-103,288
IMU1,18329,179881494,-1860,729,-256,405,-78,287
IMU1,18330,179891635,-1813,728,-309,416,-48,292
IMU1,18331,179901782,-1731,733,-350,405,-35,300
IMU1,18332,179911928,-1669,727,-343,384,-22,308
IMU1,18333,179922075,-1644,730,-280,367,29,316
IMU1,18334,179932117,-1649,695,-124,381,94,340
IMU1,18335,179942167,-1698,673,294,432,150,387
IMU1,18336,179953368,-1917,716,437,688,186,553
IMU1,18337,179963539,-2109,787,510,847,247,677
IMU1,18338,179973704,-2355,814,614,967,377,834
IMU1,18339,179983872,-2631,811,722,1033,543,1014
IMU1,18340,179994436,-2838,786,917,1054,693,1183
IMU1,18341,180005008,-2898,746,1195,1054,785,1275
IMU1,18342,180015775,-2792,790,1490,1069,764,1218
IMU1,18343,180026553,-2746,840,1736,1116,646,968
IMU1,18344,180037109,-2824,846,1913,1180,555,579
IMU1,18345,180047687,-3044,865,2131,1231,646,147
IMU1,18346,180059283,-4109,1106,2831,1222,1476,-571
IMU1,18347,180070350,-4696,1214,3657,1189,1741,-835
IMU1,18348,180081433,-5176,1460,4801,1250,1458,-1123
IMU1,18349,180092686,-5550,1910,5850,1498,450,-1509
IMU1,18350,180103768,-5720,2564,6369,1870,-952,-1999
IMU1,18351,180114940,-5829,3408,5852,2115,-2237,-2457
IMU1,18352,180126321,-5818,5141,2921,871,-3663,-3090
IMU1,18353,180137498,-5647,5831,1613,-835,-3648,-3115
IMU1,18354,180148770,-5613,6297,700,-3002,-3220,-3032
IMU1,18355,180160047,-5771,6459,308,-5339,-2608,-2950
IMU1,18356,180171290,-6012,6450,402,-7545,-2020,-3054
IMU1,18357,180182558,-6458,6313,643,-9397,-1649,-3509
IMU1,18358,180193837,-7718,7194,871,-11895,-2047,-5321
IMU1,18359,180205319,-7998,7773,663,-12638,-2244,-6736
IMU1,18360,180216807,-8254,8025,244,-13229,-2376,-8481
IMU1,18361,180228267,-8388,7784,91,-13823,-2224,-10333
IMU1,18362,180239705,-8909,6948,382,-14318,-1510,-12070
IMU1,18363,180251368,-10331,5370,1678,-14299,283,-14294
IMU1,18364,180263111,-10441,4835,2191,-13760,376,-14696
IMU1,18365,180274863,-10161,4510,2517,-13007,152,-14606
IMU1,18366,180286627,-9249,4447,2700,-12132,-172,-14198
IMU1,18367,180298287,-7055,4557,2729,-11149,-358,-13679
IMU1,18368,180309938,-6316,4316,2622,-9015,-231,-12717
IMU1,18369,180321414,-5785,4165,2487,-7989,-18,-12144
IMU1,18370,180332665,-5379,4132,2274,-6984,164,-11409
IMU1,18371,180344022,-4785,4218,1881,-6059,69,-10495
IMU1,18372,180355182,-4126,4216,1437,-5309,-244,-9483
IMU1,18373,180366440,-3092,4059,457,-4485,-683,-7421
IMU1,18374,180377486,-2490,3976,37,-4340,-719,-6449
IMU1,18375,180388348,-2044,3857,-322,-4307,-690,-5628
IMU1,18376,180399480,-1977,3619,-563,-4327,-470,-4957
IMU1,18377,180410632,-1904,3371,-717,-4355,-127,-4360
IMU1,18378,180421783,-1725,3157,-693,-4342,224,-3848
IMU1,18379,180432831,-1419,2720,-467,-4226,527,-3444
IMU1,18380,180443863,-1307,2605,-384,-3621,754,-2881
IMU1,18381,180454900,-1217,2527,-346,-3181,673,-2652
IMU1,18382,180465947,-1125,2446,-341,-2699,525,-2407
IMU1,18383,180476986,-1011,2398,-416,-2211,357,-2132
IMU1,18384,180488041,-899,2399,-581,-1767,202,-1855
IMU1,18385,180498865,-789,2402,-816,-1400,70,-1598
IMU1,18386,180509508,-644,2370,-1213,-1131,-8,-1363
IMU1,18387,180520764,-476,2274,-1324,-836,112,-970
IMU1,18388,180531403,-423,2227,-1382,-750,219,-793
IMU1,18389,180542040,-330,2181,-1404,-666,307,-654
# swing_peak_seq=18363
IMU1,18390,180552679,-280,2142,-1436,-590,377,-540
IMU1,18391,180565876,-247,2088,-1446,-523,430,-426
IMU1,18392,180576502,-238,2027,-1370,-448,458,-302
IMU1,18393,180587135,-170,1893,-1296,-346,403,3
IMU1,18394,180597796,-131,1833,-1304,-102,347,165
IMU1,18395,180608326,-82,1736,-1329,26,310,315
IMU1,18396,180618364,-40,1642,-1337,136,301,446
IMU1,18397,180628605,15,1584,-1359,239,317,536
IMU1,18398,180638772,102,1522,-1386,316,331,570
IMU1,18399,180649123,178,1521,-1422,377,329,547
IMU1,18400,180659466,191,1532,-1518,423,298,487
IMU1,18401,180669804,183,1529,-1599,436,225,431
IMU1,18402,180680152,187,1513,-1657,423,160,419
IMU1,18403,180690484,201,1519,-1732,397,126,466
IMU1,18404,180700829,247,1516,-1794,349,131,569
IMU1,18405,180711171,273,1479,-1814,286,214,702
IMU1,18406,180721528,473,1478,-1775,189,334,934
IMU1,18407,180732398,544,1509,-1672,-11,426,976
IMU1,18408,180742653,493,1489,-1670,-53,388,958
IMU1,18409,180752889,425,1501,-1610,-63,275,935
IMU1,18410,180763126,352,1486,-1470,-13,144,948
IMU1,18411,180773370,285,1377,-1590,88,27,1047
IMU1,18412,180783522,836,1567,-1519,174,-15,1204
IMU1,18413,180793974,994,1564,-1321,300,169,1172
IMU1,18414,180804533,-33,1251,-1544,592,274,836
IMU1,18415,180814777,-371,1351,-2121,534,-20,1179
IMU1,18416,180825317,1099,1489,-1544,501,-384,1512
IMU1,18417,180836173,149,1256,-1730,447,-91,1524
IMU1,18418,180846618,711,1398,-2004,462,80,1797
IMU1,18419,180857484,936,1367,-1747,339,-44,1757
IMU1,18420,180867935,943,1329,-1275,387,220,1631
IMU1,18421,180878484,501,1460,-2096,387,320,1453
IMU1,18422,180889026,431,1343,-1922,287,138,1440
IMU1,18423,180899557,558,1306,-1377,174,193,1578
IMU1,18424,180910100,455,1241,-1295,227,315,1701
IMU1,18425,180920639,429,1157,-1279,356,95,1783
IMU1,18426,180930987,212,1020,-1421,575,-218,1789
IMU1,18427,180941623,-29,985,-1980,637,-322,1926
IMU1,18428,180951949,140,1056,-1949,575,-262,2168
IMU1,18429,180963117,617,1035,-1729,246,272,2500
IMU1,18430,180973671,549,1030,-1673,138,373,2464
IMU1,18431,180984223,499,971,-1624,71,266,2370
IMU1,18432,180994375,529,923,-1528,53,115,2274
IMU1,18433,181004528,484,867,-1458,85,27,2204
IMU1,18434,181014471,388,825,-1422,171,-9,2192
IMU1,18435,181024519,240,750,-1533,273,-31,2254
IMU1,18436,181034767,264,729,-1529,352,-33,2398
IMU1,18437,181045029,193,651,-1510,422,-8,2488
IMU1,18438,181055065,184,617,-1606,484,-18,2574
IMU1,18439,181065294,239,545,-1674,516,-74,2617
IMU1,18440,181075536,312,483,-1688,521,-89,2612
IMU1,18441,181085769,378,409,-1666,524,-41,2573
IMU1,18442,181095996,390,374,-1606,506,9,2510
IMU1,18443,181107515,349,281,-1581,446,81,2386
IMU1,18444,181117674,322,223,-1540,394,97,2357
IMU1,18445,181127841,245,161,-1458,343,83,2346
IMU1,18446,181137971,148,63,-1391,301,52,2373
IMU1,18447,181147924,94,-78,-1218,298,2,2415
IMU1,18448,181157570,63,-260,-948,363,-95,2459
IMU1,18449,181167518,59,-476,-794,540,-285,2472
IMU1,18450,181177677,-56,-699,-572,837,-586,2450
IMU1,18451,181187918,-200,-846,-950,1190,-953,2409
IMU1,18452,181198569,-73,-1166,-541,1514,-1333,2372
IMU1,18453,181209422,-127,-1451,-188,1994,-1598,2273
IMU1,18454,181220464,-424,-1579,-970,2509,-1804,2093
IMU1,18455,181231508,-490,-2098,-1679,2766,-2401,1810
IMU1,18456,181242751,-188,-1956,-2032,2690,-2228,1662
IMU1,18457,181253999,65,-2127,-1692,2419,-1702,1450
IMU1,18458,181264933,-21,-2352,-817,2271,-1115,1188
IMU1,18459,181275776,-207,-2163,-1207,2330,-944,950
IMU1,18460,181286625,209,-1781,-3250,2051,-1363,781
IMU1,18461,181297555,841,-1674,-2941,1362,-1654,627
IMU1,18462,181308498,1320,-1478,-2082,84,112,172
IMU1,18463,181318931,970,-1426,-2209,-401,892,-49
IMU1,18464,181329370,851,-1430,-2150,-829,1139,-167
IMU1,18465,181340211,763,-1424,-1885,-1135,1148,-210
IMU1,18466,181351252,732,-1401,-1807,-1290,1180,-184
IMU1,18467,181362282,741,-1329,-1877,-1333,1230,-117
IMU1,18468,181373322,820,-1200,-1863,-1314,1233,-30
IMU1,18469,181384164,871,-1036,-1833,-1219,1212,58
IMU1,18470,181394906,934,-812,-1763,-1056,1125,232
IMU1,18471,181405653,948,-788,-1644,-607,1014,316
IMU1,18472,181416208,847,-786,-1519,-313,824,416
IMU1,18473,181426561,758,-817,-1427,18,581,539
IMU1,18474,181436623,690,-870,-1413,373,284,686
IMU1,18475,181446888,659,-953,-1446,712,-36,827
IMU1,18476,181457037,629,-1053,-1444,1012,-346,948
IMU1,18477,181467779,517,-1186,-1448,1274,-613,1037
IMU1,18478,181478740,392,-1351,-1393,1504,-825,1100
IMU1,18479,181489689,262,-1508,-1354,1712,-993,1139
IMU1,18480,181500640,145,-1771,-1427,1896,-1314,1087
IMU1,18481,181511789,95,-1911,-1485,2114,-1467,985
IMU1,18482,181522544,63,-2030,-1512,2133,-1548,855
IMU1,18483,181533304,85,-2113,-1507,2103,-1539,697
IMU1,18484,181544064,140,-2142,-1463,2045,-1467,513
IMU1,18485,181555001,164,-2165,-1349,1973,-1371,309
IMU1,18486,181568509,108,-2141,-1108,1839,-1227,-43
IMU1,18487,181579343,60,-2122,-1001,1805,-1228,-151
IMU1,18488,181590185,40,-2128,-922,1786,-1284,-212
IMU1,18489,181600824,37,-2123,-855,1777,-1356,-236
IMU1,18490,181611455,13,-2106,-825,1781,-1443,-234
IMU1,18491,181622094,33,-2073,-846,1795,-1556,-224
IMU1,18492,181632735,44,-2044,-925,1798,-1692,-216
IMU1,18493,181643364,-12,-2049,-1023,1764,-1822,-205
IMU1,18494,181654289,101,-1996,-1181,1702,-1916,-193
IMU1,18495,181665345,117,-1993,-1202,1531,-1934,-238
IMU1,18496,181676383,57,-1986,-1221,1447,-1855,-283
IMU1,18497,181687230,-48,-1966,-1271,1376,-1780,-312
IMU1,18498,181698173,-162,-1937,-1397,1308,-1753,-319
IMU1,18499,181709314,-201,-1925,-1497,1213,-1732,-311
IMU1,18500,181720449,-207,-1899,-1571,1084,-1669,-299
IMU1,18501,181731586,-390,-1792,-1839,932,-1408,-277
IMU1,18502,181742544,-468,-1753,-1946,534,-1233,-249
IMU1,18503,181753494,-459,-1713,-2030,314,-1020,-231
IMU1,18504,181764458,-390,-1681,-2084,91,-770,-244
IMU1,18505,181774981,-335,-1630,-2058,-115,-493,-293
IMU1,18506,181785807,-258,-1591,-1988,-286,-185,-363
IMU1,18507,181796624,-229,-1564,-1886,-411,123,-441
IMU1,18508,181807356,-230,-1504,-1795,-485,356,-512
IMU1,18509,181818106,-206,-1403,-1590,-510,510,-580
IMU1,18510,181828853,-211,-1408,-1409,-429,504,-562
IMU1,18511,181839586,-218,-1380,-1259,-300,454,-500
IMU1,18512,181850337,-173,-1367,-1190,-124,365,-412
IMU1,18513,181861073,-81,-1361,-1156,74,250,-310
IMU1,18514,181871334,12,-1367,-1124,264,142,-221
IMU1,18515,181881674,68,-1382,-1062,433,60,-153
IMU1,18516,181891813,106,-1386,-1026,584,-11,-104
IMU1,18517,181902245,172,-1412,-1021,719,-93,-67
IMU1,18518,181912487,247,-1430,-982,820,-164,-45
IMU1,18519,181922719,308,-1453,-940,901,-193,-31
IMU1,18520,181932969,308,-1541,-741,969,-188,-24
IMU1,18521,181943725,324,-1515,-677,1129,-274,5
IMU1,18522,181953879,253,-1555,-771,1196,-374,36
IMU1,18523,181964240,152,-1594,-794,1210,-436,92
IMU1,18524,181974605,265,-1495,-834,1183,-443,185
IMU1,18525,181985150,425,-1500,-856,1110,-376,232
IMU1,18526,181995714,701,-1468,-694,1027,-261,162
IMU1,18527,182006260,441,-1579,-947,957,-131,-61
IMU1,18528,182016515,36,-1657,-1055,799,-45,-106
IMU1,18529,182026745,47,-1636,-784,639,-41,-62
IMU1,18530,182036584,23,-1658,-728,552,-31,3
IMU1,18531,182046129,-10,-1629,-729,505,1,89
IMU1,18532,182055674,50,-1657,-558,491,42,189
IMU1,18533,182065533,14,-1710,-528,518,63,268
IMU1,18534,182075399,14,-1744,-505,562,33,334
IMU1,18535,182085256,-66,-1774,-466,599,-40,400
IMU1,18536,182095293,41,-1768,-367,640,-122,483
IMU1,18537,182105428,134,-1767,-302,699,-182,525
IMU1,18538,182115785,201,-1790,-224,778,-244,508
IMU1,18539,182126660,182,-1817,-192,988,-377,338
IMU1,18540,182137010,154,-1870,-181,1107,-433,217
IMU1,18541,182147569,164,-1946,-183,1222,-482,99
IMU1,18542,182157911,154,-1998,-203,1324,-516,-8
IMU1,18543,182168170,59,-2065,-285,1405,-515,-99
IMU1,18544,182178423,53,-2116,-291,1450,-482,-139
IMU1,18545,182188869,26,-2155,-271,1460,-423,-135
IMU1,18546,182199317,31,-2176,-238,1459,-358,-113
IMU1,18547,182209769,20,-2193,-217,1456,-331,-95
IMU1,18548,182220009,-22,-2231,-178,1446,-360,-84
IMU1,18549,182230348,-40,-2265,-153,1443,-430,-87
IMU1,18550,182240698,-19,-2317,-199,1447,-507,-111
IMU1,18551,182251758,59,-2340,-187,1435,-578,-245
IMU1,18552,182262214,-22,-2397,-237,1406,-541,-325
IMU1,18553,182272770,-105,-2434,-319,1343,-442,-374
IMU1,18554,182283497,-90,-2385,-394,1242,-305,-396
IMU1,18555,182294048,-86,-2344,-443,1101,-132,-409
IMU1,18556,182304583,-171,-2308,-561,916,53,-413
IMU1,18557,182314829,-250,-2320,-695,685,215,-401
IMU1,18558,182325271,-216,-2259,-695,402,358,-366
IMU1,18559,182335711,-201,-2217,-627,117,543,-341
IMU1,18560,182346173,-203,-2245,-495,-134,767,-350
IMU1,18561,182357227,-219,-2248,-468,-498,1123,-448
IMU1,18562,182367951,-212,-2243,-469,-613,1282,-529
IMU1,18563,182378695,-211,-2210,-433,-706,1443,-614
IMU1,18564,182389437,-229,-2185,-379,-768,1593,-698
IMU1,18565,182400192,-232,-2152,-334,-794,1696,-762
IMU1,18566,182410909,-269,-2112,-270,-797,1744,-802
IMU1,18567,182421635,-300,-2085,-190,-774,1722,-803
IMU1,18568,182432359,-315,-2046,-107,-716,1633,-755
IMU1,18569,182443088,-222,-1975,-37,-628,1363,-538
IMU1,18570,182453617,-159,-1945,-41,-410,1242,-396
IMU1,18571,182464147,-46,-1923,-59,-321,1170,-260
IMU1,18572,182474462,48,-1898,-138,-264,1157,-146
IMU1,18573,182484901,123,-1900,-206,-255,1189,-58
IMU1,18574,182495328,212,-1891,-209,-296,1238,2
IMU1,18575,182505478,298,-1896,-145,-353,1289,25
IMU1,18576,182515818,323,-1900,-30,-392,1302,8
IMU1,18577,182525772,342,-1902,197,-367,1240,-35
IMU1,18578,182536115,432,-1896,564,-226,1106,-99
IMU1,18579,182546456,454,-1896,812,79,907,-232
IMU1,18580,182556508,96,-1896,619,432,633,-302
IMU1,18581,182569131,149,-1825,212,850,-29,28
IMU1,18582,182578966,438,-1695,296,890,-80,290
IMU1,18583,182589018,619,-1677,287,882,71,487
IMU1,18584,182598973,547,-1631,143,822,177,610
IMU1,18585,182609128,401,-1643,-124,683,142,706
IMU1,18586,182619361,421,-1717,-324,442,106,820
IMU1,18587,182629601,425,-1762,-452,107,187,928
IMU1,18588,182639846,435,-1851,-533,-276,371,1007
IMU1,18589,182650403,463,-1932,-466,-655,578,1020
IMU1,18590,182660949,545,-1963,-361,-973,755,950
IMU1,18591,182671312,538,-2016,-222,-1200,911,787
IMU1,18592,182681883,487,-2042,-13,-1311,1032,572
IMU1,18593,182692409,340,-2102,111,-1279,1087,351
IMU1,18594,182703575,146,-2149,102,-972,975,88
IMU1,18595,182713629,134,-2139,76,-795,931,52
IMU1,18596,182723489,123,-2113,66,-630,942,50
IMU1,18597,182733342,95,-2082,88,-497,944,84
IMU1,18598,182742985,90,-2054,135,-366,874,128
IMU1,18599,182753041,103,-1994,137,-244,719,180
IMU1,18600,182763291,61,-1961,135,-145,530,247
IMU1,18601,182773342,-18,-1956,214,-59,367,344
IMU1,18602,182783291,-56,-1931,298,22,239,480
IMU1,18603,182793151,-70,-1875,392,119,123,628
IMU1,18604,182803211,-107,-1853,414,220,-15,769
IMU1,18605,182813342,-52,-1809,426,316,-191,898
IMU1,18606,182823490,-87,-1917,437,399,-412,978
IMU1,18607,182833647,-72,-1838,401,462,-651,1046
IMU1,18608,182843992,9,-1755,271,505,-839,1101
IMU1,18609,182854065,30,-1789,342,511,-962,1137
IMU1,18610,182864315,-61,-1850,258,511,-980,1165
IMU1,18611,182874666,-116,-1863,222,501,-914,1203
IMU1,18612,182885218,-151,-1968,170,458,-852,1241
IMU1,18613,182896284,-204,-2033,223,348,-725,1253
IMU1,18614,182906824,-317,-2082,196,321,-668,1230
IMU1,18615,182917376,-470,-2188,50,312,-658,1211
IMU1,18616,182927731,-550,-2289,2,277,-734,1214
IMU1,18617,182937887,-666,-2389,-38,240,-871,1209
IMU1,18618,182948326,-763,-2491,-44,205,-1017,1198
IMU1,18619,182958969,-780,-2473,-86,182,-1146,1168
IMU1,18620,182969623,-787,-2416,-206,161,-1236,1112
IMU1,18621,182980463,-848,-2573,-254,133,-1270,1037
IMU1,18622,182991310,-905,-2892,-211,109,-1259,768
IMU1,18623,183001966,-1070,-2836,-398,116,-1169,636
IMU1,18624,183012825,-887,-2683,-659,103,-1076,493
IMU1,18625,183023462,-667,-2662,-343,103,-1160,283
IMU1,18626,183034109,-793,-2715,-114,213,-1393,8
IMU1,18627,183044376,-992,-2682,-3,385,-1643,-261
IMU1,18628,183054709,-638,-2646,-67,574,-1857,-495
IMU1,18629,183065256,-469,-2600,121,744,-1990,-747
IMU1,18630,183075911,-616,-2495,215,911,-1902,-975
IMU1,18631,183086577,-623,-2569,130,1050,-1590,-1114
IMU1,18632,183097636,-563,-2371,-31,1166,-1044,-1270
IMU1,18633,183108579,-568,-2183,44,1189,-965,-1320
IMU1,18634,183119225,-544,-2066,131,1214,-919,-1330
IMU1,18635,183130084,-321,-2137,64,1245,-836,-1312
IMU1,18636,183140731,-653,-1832,54,1242,-706,-1278
IMU1,18637,183151397,-627,-1868,108,1218,-525,-1164
IMU1,18638,183162260,-647,-1942,107,1188,-391,-1010
IMU1,18639,183173111,-779,-1752,149,1145,-398,-836
IMU1,18640,183183787,-740,-1750,50,978,-752,-422
IMU1,18641,183194044,-669,-1705,199,853,-819,-200
IMU1,18642,183204475,-606,-1639,288,752,-860,-2
IMU1,18643,183214520,-553,-1592,408,686,-893,154
IMU1,18644,183224871,-422,-1607,460,646,-885,268
IMU1,18645,183235205,-366,-1576,506,616,-822,330
IMU1,18646,183245550,-277,-1577,508,603,-723,346
IMU1,18647,183255907,-222,-1597,507,592,-616,327
IMU1,18648,183266274,-254,-1610,504,577,-525,286
IMU1,18649,183276621,-272,-1657,529,566,-462,245
IMU1,18650,183286976,-299,-1667,604,569,-404,219
IMU1,18651,183297331,-348,-1693,661,588,-322,213
IMU1,18652,183307661,-370,-1726,662,625,-251,223
IMU1,18653,183318010,-418,-1813,644,659,-251,247
IMU1,18654,183328873,-421,-1862,650,679,-398,352
IMU1,18655,183339225,-411,-1906,649,667,-480,428
IMU1,18656,183349568,-396,-1945,636,647,-517,499
IMU1,18657,183359929,-378,-1969,570,612,-465,555
IMU1,18658,183370307,-351,-2014,518,547,-354,587
IMU1,18659,183380666,-405,-2053,477,454,-249,589
IMU1,18660,183391013,-423,-2100,453,350,-170,567
IMU1,18661,183401374,-481,-2131,503,239,-112,531
IMU1,18662,183411727,-528,-2151,614,143,-77,479
IMU1,18663,183421895,-535,-2125,740,99,-74,415
IMU1,18664,183431860,-539,-2054,828,101,-84,339
IMU1,18665,183442011,-490,-1868,878,128,-84,255
IMU1,18666,183452156,-307,-1751,300,146,-80,157
IMU1,18667,183463364,135,-1804,19,-208,25,-171
IMU1,18668,183473304,450,-1669,358,-533,202,-547
IMU1,18669,183483665,-1704,-2355,648,-714,473,-953
IMU1,18670,183494339,-1012,-2350,491,-861,672,-801
IMU1,18671,183505011,-1207,-2163,364,-978,652,-559
IMU1,18672,183515642,-886,-2032,630,-1055,573,-321
IMU1,18673,183526283,-736,-1791,440,-1060,523,-151
IMU1,18674,183536924,-901,-2095,577,-1063,507,-56
IMU1,18675,183547361,-901,-2261,631,-1036,454,84
IMU1,18676,183557710,-544,-1886,554,-966,323,242
IMU1,18677,183570613,-693,-2333,589,-757,53,299
IMU1,18678,183580767,-711,-2204,542,-608,-98,350
IMU1,18679,183591024,-521,-2053,410,-428,-255,406
IMU1,18680,183601461,-334,-2064,325,-276,-368,328
IMU1,18681,183611890,-360,-2136,363,-151,-361,194
IMU1,18682,183622326,-445,-2183,358,-35,-271,72
IMU1,18683,183632373,-340,-2093,241,65,-166,-37
IMU1,18684,183642397,-360,-2114,247,131,-53,-174
IMU1,18685,183652633,-330,-2037,239,166,92,-303
IMU1,18686,183662782,-359,-2013,266,187,258,-426
IMU1,18687,183673123,-439,-1992,247,185,401,-518
IMU1,18688,183683466,-327,-1687,299,157,494,-571
IMU1,18689,183694314,-294,-1758,288,46,546,-617
IMU1,18690,183704467,-131,-1678,435,-25,558,-639
IMU1,18691,183714716,-38,-1551,484,-76,571,-674
IMU1,18692,183724763,-149,-1616,617,-88,597,-740
IMU1,18693,183735013,-296,-1614,592,-58,594,-759
IMU1,18694,183745270,-158,-1286,685,-19,534,-709
IMU1,18695,183755512,301,-896,1028,69,457,-692
IMU1,18696,183765579,334,-1282,847,205,424,-772
IMU1,18697,183775825,-677,-1306,719,289,436,-800
IMU1,18698,183786182,46,-1448,545,304,292,-634
IMU1,18699,183796247,97,-1461,927,306,68,-530
IMU1,18700,183806108,-196,-1527,906,370,47,-417
IMU1,18701,183816267,-98,-1433,826,422,152,-231
IMU1,18702,183826413,-255,-1529,798,454,225,-40
IMU1,18703,183836566,-560,-1813,631,451,220,182
IMU1,18704,183846820,-522,-1880,570,402,152,459
IMU1,18705,183857586,-337,-1861,611,231,29,952
IMU1,18706,183867655,-335,-2000,606,148,13,1054
IMU1,18707,183877906,-365,-2110,594,77,-20,1083
IMU1,18708,183888064,-469,-2212,546,5,-87,1068
IMU1,18709,183898012,-498,-2286,524,-53,-166,1034
IMU1,18710,183908452,-490,-2293,548,-101,-226,972
IMU1,18711,183918910,-334,-2214,612,-121,-241,863
IMU1,18712,183929362,-166,-2171,689,-101,-196,686
IMU1,18713,183939803,-31,-2107,796,-43,-80,432
IMU1,18714,183949655,-45,-2097,817,48,83,121
IMU1,18715,183959301,-182,-2175,738,150,260,-190
IMU1,18716,183969660,-312,-2219,718,227,383,-436
IMU1,18717,183980023,-329,-2149,706,288,419,-605
IMU1,18718,183990382,-351,-2070,713,338,407,-732
IMU1,18719,184000758,-743,-2248,492,382,388,-820
IMU1,18720,184011616,-881,-2274,346,340,265,-680
IMU1,18721,184021954,-846,-2210,295,232,159,-451
IMU1,18722,184032301,-766,-2126,331,108,85,-220
IMU1,18723,184042438,-684,-2040,388,-5,58,-12
IMU1,18724,184052068,-587,-2013,480,-93,52,156
IMU1,18725,184062008,-466,-1974,605,-138,49,303
IMU1,18726,184072161,-422,-1921,656,-124,55,345
IMU1,18727,184082288,-443,-1859,658,-82,71,343
IMU1,18728,184092221,-284,-1810,702,-28,94,327
IMU1,18729,184102157,-157,-1781,761,50,118,257
IMU1,18730,184112215,-239,-1762,777,152,131,147
IMU1,18731,184122471,-302,-1794,772,263,132,47
IMU1,18732,184132524,-363,-1821,702,361,114,-14
IMU1,18733,184142667,-413,-1847,651,432,96,-32
IMU1,18734,184152613,-363,-1817,614,472,80,-24
IMU1,18735,184162573,-300,-1747,664,503,58,-30
IMU1,18736,184172511,-405,-1825,617,534,33,-57
IMU1,18737,184182461,-579,-1873,509,548,-18,-49
IMU1,18738,184192501,-634,-1893,412,521,-100,19
IMU1,18739,184202641,-446,-1853,405,462,-178,127
IMU1,18740,184213491,-387,-1832,438,310,-115,287
IMU1,18741,184223848,-342,-1817,412,236,-29,334
IMU1,18742,184233995,-335,-1835,379,162,57,340
IMU1,18743,184244049,-331,-1839,440,82,133,334
IMU1,18744,184254087,-304,-1824,490,24,197,318
IMU1,18745,184264142,-318,-1835,521,-12,253,289
IMU1,18746,184274293,-384,-1877,529,-34,303,260
IMU1,18747,184284449,-359,-1858,543,-41,350,269
IMU1,18748,184294600,-398,-1854,554,-37,386,226
IMU1,18749,184304754,-439,-1874,509,-29,424,209
IMU1,18750,184314909,-430,-1887,437,-29,453,210
IMU1,18751,184325071,-436,-1834,350,-44,480,217
IMU1,18752,184335192,-473,-1683,288,-76,556,232
IMU1,18753,184345331,-424,-1826,343,-111,739,282
IMU1,18754,184355663,-373,-1859,160,-138,927,320
IMU1,18755,184365991,-327,-1641,-134,-207,998,321
IMU1,18756,184376930,-289,-1610,-155,-432,1047,296
IMU1,18757,184387552,-338,-1652,-131,-546,1112,318
IMU1,18758,184398185,-391,-1678,-201,-634,1196,365
IMU1,18759,184408824,-495,-1682,-303,-724,1249,434
IMU1,18760,184419445,-627,-1684,-327,-813,1219,506
IMU1,18761,184430069,-737,-1658,-252,-883,1123,574
IMU1,18762,184440700,-795,-1662,-99,-906,1080,649
IMU1,18763,184451133,-926,-1588,91,-857,1143,729
IMU1,18764,184461478,-648,-1641,38,-746,1282,801
IMU1,18765,184471796,-571,-1538,-167,-624,1434,809
IMU1,18766,184482961,-766,-1501,-317,-459,1699,822
IMU1,18767,184493596,-822,-1548,-338,-456,1801,842
IMU1,18768,184504227,-1042,-1568,-148,-469,1900,874
IMU1,18769,184515067,-1316,-1616,20,-425,1984,951
IMU1,18770,184525601,-1401,-1618,264,-307,2002,1091
IMU1,18771,184536517,-1389,-1582,397,-108,1939,1255
IMU1,18772,184547458,-1495,-1471,452,147,1787,1409
IMU1,18773,184558301,-1271,-1558,426,422,1514,1554
IMU1,18774,184571724,-1452,-1494,311,935,861,1743
IMU1,18775,184582381,-1359,-1451,278,1129,670,1807
IMU1,18776,184593229,-1350,-1422,352,1283,589,1800
IMU1,18777,184604071,-1492,-1429,527,1431,607,1753
IMU1,18778,184614931,-1610,-1422,618,1613,664,1718
IMU1,18779,184625773,-1650,-1329,655,1821,670,1694
IMU1,18780,184636618,-1629,-1302,652,2184,574,1614
IMU1,18781,184647466,-1658,-1291,681,2290,616,1555
IMU1,18782,184658318,-1682,-1278,683,2339,727,1482
IMU1,18783,184669164,-1736,-1231,749,2339,873,1391
IMU1,18784,184680021,-1801,-1196,840,2310,1007,1293
IMU1,18785,184691058,-1877,-1175,942,2284,1054,1207
IMU1,18786,184702121,-1967,-1138,1074,2281,989,1143
IMU1,18787,184713179,-1953,-1074,1204,2361,646,1085
IMU1,18788,184724235,-1845,-1017,1158,2409,438,1055
IMU1,18789,184735290,-1719,-958,1118,2422,305,986
IMU1,18790,184745953,-1635,-932,1023,2373,275,893
IMU1,18791,184756610,-1600,-911,930,2254,304,803
IMU1,18792,184767063,-1608,-919,853,2070,353,742
IMU1,18793,184777525,-1645,-928,803,1839,398,713
IMU1,18794,184787988,-1668,-933,767,1578,418,718
IMU1,18795,184798458,-1685,-970,780,1311,414,737
IMU1,18796,184809958,-1816,-984,1008,868,336,805
IMU1,18797,184820405,-1866,-977,1186,767,286,846
IMU1,18798,184830852,-1910,-1003,1326,772,214,884
IMU1,18799,184841510,-1979,-1045,1384,855,103,928
IMU1,18800,184852153,-2040,-1081,1369,989,-65,984
IMU1,18801,184862687,-2073,-1109,1317,1142,-263,1047
IMU1,18802,184873827,-2058,-1137,1238,1290,-445,1106
IMU1,18803,184884961,-1999,-1162,1134,1416,-590,1145
IMU1,18804,184896099,-1890,-1214,788,1516,-664,1143
IMU1,18805,184907031,-1763,-1198,697,1476,-564,1084
IMU1,18806,184917978,-1674,-1169,677,1417,-389,941
IMU1,18807,184928728,-1658,-1144,667,1355,-172,754
IMU1,18808,184939465,-1696,-1124,651,1290,41,555
IMU1,18809,184949904,-1769,-1109,645,1223,216,363
IMU1,18810,184960546,-1825,-1087,635,1154,345,188
IMU1,18811,184971181,-1858,-1037,619,1083,441,41
IMU1,18812,184981634,-1961,-875,671,1006,518,-82
IMU1,18813,184992490,-1990,-766,769,896,609,-200
IMU1,18814,185002827,-2161,-683,855,913,611,-225
IMU1,18815,185013175,-2015,-729,599,948,577,-171
IMU1,18816,185023526,-1912,-667,175,895,569,-179
IMU1,18817,185033875,-1818,-610,58,706,744,-215
IMU1,18818,185044033,-1880,-566,278,474,1133,-293
IMU1,18819,185054577,-1939,-602,478,317,1536,-382
IMU1,18820,185065139,-2061,-564,749,270,1719,-454
IMU1,18821,185075686,-2279,-461,894,340,1638,-493
IMU1,18822,185086228,-2321,-573,741,471,1384,-461
IMU1,18823,185096794,-2240,-492,488,562,1122,-385
IMU1,18824,185107860,-2127,-473,570,556,1186,-342
IMU1,18825,185118419,-2155,-367,711,532,1338,-348
IMU1,18826,185128981,-2089,-190,1053,560,1363,-352
IMU1,18827,185139713,-1939,-486,1247,711,1200,-358
IMU1,18828,185150444,-2639,-248,1054,904,888,-348
IMU1,18829,185160977,-2130,-516,718,1008,468,-139
IMU1,18830,185171513,-1992,-173,802,1018,195,7
IMU1,18831,185181559,-1965,-303,773,1006,197,102
IMU1,18832,185192008,-1679,-303,662,957,247,214
IMU1,18833,185202248,-1632,-185,507,873,284,178
IMU1,18834,185212483,-1768,-223,514,735,408,86
IMU1,18835,185223567,-1843,-144,574,458,659,-71
IMU1,18836,185233712,-1904,-81,706,364,722,-129
IMU1,18837,185243860,-1881,-54,813,320,707,-159
IMU1,18838,185254001,-1941,-138,742,315,642,-162
IMU1,18839,185264345,-2045,-282,582,292,567,-115
IMU1,18840,185274688,-1878,-233,441,223,531,-32
IMU1,18841,185284840,-1817,-209,352,120,587,-3
IMU1,18842,185294775,-1874,-219,329,5,692,-21
IMU1,18843,185304517,-1930,-222,324,-99,777,-28
IMU1,18844,185314550,-1937,-264,284,-191,859,-15
IMU1,18845,185324790,-1993,-308,268,-275,941,5
IMU1,18846,185334755,-2060,-391,272,-339,989,33
IMU1,18847,185344910,-2085,-485,276,-371,988,62
IMU1,18848,185355035,-2060,-522,238,-374,952,80
IMU1,18849,185365188,-2005,-539,214,-360,910,75
IMU1,18850,185375329,-1946,-571,107,-330,889,46
IMU1,18851,185385471,-1996,-612,30,-314,908,9
IMU1,18852,185396271,-2026,-630,59,-287,1036,-42
IMU1,18853,185406513,-2046,-628,97,-255,1087,-61
IMU1,18854,185416758,-2068,-563,103,-211,1090,-86
IMU1,18855,185427200,-2089,-499,125,-152,1044,-126
IMU1,18856,185437820,-2115,-484,132,-80,958,-167
IMU1,18857,185448068,-2145,-440,126,-3,849,-191
IMU1,18858,185458097,-2185,-421,113,72,742,-188
IMU1,18859,185468246,-2209,-409,83,139,645,-156
IMU1,18860,185478379,-2188,-406,46,193,569,-104
IMU1,18861,185488524,-2151,-415,-31,228,503,-53
IMU1,18862,185498561,-2128,-398,-68,238,438,-15
IMU1,18863,185508598,-2088,-391,-63,232,393,5
IMU1,18864,185518350,-2093,-348,-96,219,365,5
IMU1,18865,185528103,-2135,-354,-126,203,334,-1
IMU1,18866,185538148,-2121,-402,-116,179,305,-1
IMU1,18867,185548195,-2117,-425,-118,154,269,6
IMU1,18868,185558157,-2139,-463,-120,138,225,13
IMU1,18869,185568307,-2164,-581,-190,125,165,34
IMU1,18870,185581010,-2108,-653,-213,86,32,101
IMU1,18871,185590956,-2082,-698,-225,69,-5,126
IMU1,18872,185600806,-2044,-724,-233,53,-23,137
IMU1,18873,185610816,-2031,-723,-217,44,-19,130
IMU1,18874,185620840,-2071,-681,-218,52,-3,101
IMU1,18875,185630663,-2087,-682,-226,65,15,59
IMU1,18876,185640405,-2070,-706,-229,80,14,8
IMU1,18877,185649938,-2039,-730,-224,95,-5,-49
IMU1,18878,185659670,-2017,-750,-243,104,-31,-110
IMU1,18879,185669999,-2000,-748,-278,99,-58,-158
IMU1,18880,185680137,-1975,-719,-320,79,-73,-189
IMU1,18881,185690256,-1968,-656,-303,53,-65,-206
IMU1,18882,185700374,-1966,-611,-259,41,-35,-215
IMU1,18883,185710505,-1968,-578,-214,53,6,-213
IMU1,18884,185720342,-1976,-551,-149,89,40,-209
IMU1,18885,185730367,-1958,-517,-101,149,68,-205
IMU1,18886,185740597,-1955,-479,-68,215,74,-198
IMU1,18887,185750643,-1963,-420,-58,277,59,-190
IMU1,18888,185761720,-1938,-353,-54,353,34,-164
IMU1,18889,185771740,-1921,-340,-52,357,54,-156
IMU1,18890,185781773,-1922,-322,-24,340,82,-142
IMU1,18891,185791793,-1937,-287,2,303,112,-127
IMU1,18892,185801749,-1945,-284,54,268,131,-111
IMU1,18893,185811880,-1974,-296,80,231,139,-96
IMU1,18894,185821817,-2001,-324,131,190,142,-74
IMU1,18895,185831952,-1976,-353,169,152,113,-47
IMU1,18896,185842097,-1922,-371,136,117,41,-27
IMU1,18897,185852027,-1904,-377,105,67,-55,-19
IMU1,18898,185861870,-1922,-385,72,-2,-134,-4
IMU1,18899,185871398,-1922,-400,63,-86,-162,23
IMU1,18900,185881220,-1917,-434,23,-174,-162,51
IMU1,18901,185891257,-1953,-450,47,-264,-165,74
IMU1,18902,185901289,-1964,-476,54,-344,-182,97
IMU1,18903,185911326,-1989,-463,34,-409,-218,111
IMU1,18904,185921570,-2023,-455,-18,-461,-265,111
IMU1,18905,185931899,-2040,-462,-44,-510,-315,106
IMU1,18906,185942241,-2019,-477,-81,-555,-361,103
IMU1,18907,185952580,-1975,-492,-204,-592,-387,96
IMU1,18908,185963963,-1967,-486,-248,-690,-371,63
IMU1,18909,185974286,-1957,-514,-287,-737,-332,48
IMU1,18910,185984621,-1964,-503,-284,-776,-284,26
IMU1,18911,185994948,-1951,-515,-284,-805,-232,4
IMU1,18912,186005086,-1972,-525,-263,-819,-172,-22
IMU1,18913,186015507,-2014,-541,-245,-808,-121,-44
IMU1,18914,186025933,-2028,-578,-214,-778,-96,-54
IMU1,18915,186036166,-2033,-607,-243,-730,-111,-55
IMU1,18916,186046596,-2059,-631,-273,-677,-152,-54
IMU1,18917,186057041,-2062,-657,-290,-631,-189,-44
IMU1,18918,186067475,-2064,-664,-318,-589,-206,-29
IMU1,18919,186077909,-2113,-665,-363,-546,-201,-22
IMU1,18920,186088871,-2109,-678,-352,-484,-157,-11
IMU1,18921,186099299,-2119,-676,-356,-450,-134,-11
IMU1,18922,186109728,-2115,-689,-373,-410,-142,-20
IMU1,18923,186120168,-2121,-708,-417,-372,-188,-25
IMU1,18924,186130594,-2111,-696,-478,-347,-230,-35
IMU1,18925,186141024,-2125,-681,-528,-338,-242,-38
IMU1,18926,186151448,-2131,-684,-565,-337,-210,-38
IMU1,18927,186161878,-2125,-695,-591,-344,-148,-36
IMU1,18928,186172318,-2104,-699,-571,-355,-74,-44
IMU1,18929,186182555,-2078,-722,-561,-360,6,-67
IMU1,18930,186192493,-2082,-757,-526,-352,75,-103
IMU1,18931,186202827,-2026,-849,-476,-328,110,-138
IMU1,18932,186213883,-1962,-872,-477,-279,60,-209
IMU1,18933,186224228,-1946,-874,-446,-252,6,-226
IMU1,18934,186234366,-1929,-862,-434,-217,-33,-232
IMU1,18935,186244805,-1900,-838,-419,-181,-51,-231
IMU1,18936,186255229,-1945,-769,-413,-147,-69,-226
IMU1,18937,186265661,-1955,-713,-430,-108,-84,-218
IMU1,18938,186276078,-1933,-683,-439,-76,-98,-207
IMU1,18939,186286303,-1892,-653,-441,-57,-123,-205
IMU1,18940,186296725,-1862,-613,-443,-55,-155,-214
IMU1,18941,186307157,-1837,-543,-474,-65,-174,-232
IMU1,18942,186317601,-1835,-479,-504,-87,-162,-255
IMU1,18943,186328027,-1818,-348,-522,-115,-101,-269
IMU1,18944,186339168,-1945,-175,-479,-145,125,-300
IMU1,18945,186349713,-1838,100,-564,-145,223,-301
IMU1,18946,186360165,-1541,-294,-508,-157,158,-370
IMU1,18947,186370716,-1826,-278,-372,-144,141,-452
IMU1,18948,186381244,-1790,-183,-384,-104,258,-462
IMU1,18949,186391765,-1687,-221,-437,-61,364,-472
IMU1,18950,186402098,-1752,-295,-429,-26,425,-500
IMU1,18951,186412424,-1794,-334,-365,15,472,-520
IMU1,18952,186422661,-1666,-358,-302,88,562,-563
IMU1,18953,186432897,-1827,-486,-273,186,605,-623
IMU1,18954,186443332,-1755,-498,-163,307,574,-667
IMU1,18955,186454298,-1818,-574,-160,606,369,-809
IMU1,18956,186464737,-1706,-626,-156,752,209,-871
IMU1,18957,186475183,-1701,-603,-147,898,95,-947
IMU1,18958,186485436,-1701,-589,-197,1022,47,-1009
IMU1,18959,186496077,-1676,-587,-215,1109,22,-1042
IMU1,18960,186506701,-1700,-640,-213,1157,4,-1024
IMU1,18961,186517139,-1727,-632,-187,1174,13,-935
IMU1,18962,186527587,-1726,-640,-150,1165,54,-780
IMU1,18963,186538037,-1819,-714,-118,1135,103,-572
IMU1,18964,186548682,-1841,-759,-88,1085,165,-317
IMU1,18965,186559122,-1764,-755,-63,1017,259,192
IMU1,18966,186570000,-1756,-745,-60,827,485,402
IMU1,18967,186582698,-1779,-698,-31,719,560,572
IMU1,18968,186592853,-1847,-653,8,619,593,715
IMU1,18969,186602715,-1952,-677,-23,523,598,847
IMU1,18970,186612872,-1942,-707,26,428,584,968
IMU1,18971,186622929,-1899,-693,33,349,565,1038
IMU1,18972,186633193,-1916,-665,8,282,542,1040
IMU1,18973,186643256,-1965,-632,4,225,509,994
IMU1,18974,186653111,-2007,-621,-5,183,468,921
IMU1,18975,186663071,-2042,-651,-16,152,430,843
IMU1,18976,186673215,-2080,-675,-24,120,410,788
IMU1,18977,186683368,-2097,-680,-51,94,406,750
IMU1,18978,186693316,-2067,-681,-29,58,397,735
IMU1,18979,186704314,-2085,-685,-35,14,403,721
IMU1,18980,186714260,-2129,-656,-8,11,354,724
IMU1,18981,186724015,-2147,-663,0,19,271,751
IMU1,18982,186733576,-2143,-671,-26,39,200,774
IMU1,18983,186743540,-2153,-676,-62,54,146,787
IMU1,18984,186753509,-2146,-712,-107,60,118,790
IMU1,18985,186763675,-2144,-785,-117,66,122,779
IMU1,18986,186773843,-2170,-823,-83,68,162,761
IMU1,18987,186783801,-2209,-821,43,91,219,743
IMU1,18988,186793654,-2262,-791,175,162,277,721
IMU1,18989,186803898,-2334,-780,248,284,294,692
IMU1,18990,186814146,-2377,-764,212,415,208,665
IMU1,18991,186824404,-2331,-699,122,525,24,627
IMU1,18992,186834454,-2273,-610,-6,591,-173,561
IMU1,18993,186844507,-2219,-552,-103,606,-287,477
IMU1,18994,186854959,-2136,-524,-169,573,-289,396
IMU1,18995,186865409,-2111,-493,-204,498,-227,324
IMU1,18996,186875847,-2078,-461,-243,397,-166,269
IMU1,18997,186887336,-2068,-400,-311,163,-137,192
IMU1,18998,186897763,-2026,-384,-334,30,-169,164
IMU1,18999,186907983,-2018,-339,-371,-93,-174,133
IMU1,19000,186918314,-1987,-315,-427,-201,-155,100
IMU1,19001,186928859,-1967,-321,-455,-298,-138,66
IMU1,19002,186939186,-1941,-332,-496,-378,-109,31
IMU1,19003,186949525,-1920,-328,-531,-437,-65,0
IMU1,19004,186959357,-1904,-338,-536,-474,10,-22
IMU1,19005,186969509,-1904,-354,-477,-483,130,-41
IMU1,19006,186979856,-1943,-348,-412,-446,256,-53
IMU1,19007,186990187,-1964,-370,-351,-359,312,-49
IMU1,19008,187000525,-1973,-382,-284,-237,288,-33
IMU1,19009,187010862,-2021,-347,-265,-88,215,-10
IMU1,19010,187021511,-2008,-342,-314,199,52,77
IMU1,19011,187031468,-1977,-344,-385,305,8,109
IMU1,19012,187041426,-1945,-351,-458,358,2,142
IMU1,19013,187051374,-1919,-348,-513,365,38,160
IMU1,19014,187061531,-1895,-351,-521,337,89,168
IMU1,19015,187071685,-1881,-332,-533,294,146,159
IMU1,19016,187082048,-1893,-312,-535,239,203,136
IMU1,19017,187092411,-1929,-320,-515,180,262,108
IMU1,19018,187102756,-1959,-333,-507,127,308,91
IMU1,19019,187112918,-1959,-334,-495,82,336,86
IMU1,19020,187122870,-1968,-334,-468,53,357,90
IMU1,19021,187132832,-1991,-359,-414,40,389,101
IMU1,19022,187142986,-2042,-357,-348,52,434,128
IMU1,19023,187153137,-2085,-374,-257,93,478,171
IMU1,19024,187163289,-2094,-408,-158,166,502,224
IMU1,19025,187173633,-2115,-443,-35,262,514,280
IMU1,19026,187183797,-2162,-432,140,379,507,335
IMU1,19027,187194594,-2182,-400,141,643,368,420
IMU1,19028,187204848,-2179,-368,83,751,196,434
IMU1,19029,187214896,-2123,-324,-27,810,11,439
IMU1,19030,187224834,-2017,-247,-179,804,-118,428
IMU1,19031,187235269,-1937,-184,-293,722,-159,398
IMU1,19032,187245715,-1886,-131,-392,580,-129,364
IMU1,19033,187256167,-1864,-100,-428,391,-60,344
IMU1,19034,187266415,-1850,-62,-439,187,13,342
IMU1,19035,187276363,-1852,-36,-426,-12,62,355
IMU1,19036,187286213,-1845,-12,-438,-185,85,371
IMU1,19037,187296260,-1848,-13,-443,-332,113,385
IMU1,19038,187306494,-1857,-47,-413,-451,167,393
IMU1,19039,187316740,-1874,-80,-400,-529,213,397
IMU1,19040,187326993,-1884,-112,-374,-566,226,395
IMU1,19041,187337451,-1894,-113,-373,-568,238,382
IMU1,19042,187348949,-1966,-139,-363,-515,220,352
IMU1,19043,187359399,-1962,-155,-370,-473,161,349
IMU1,19044,187369853,-1918,-163,-381,-396,97,336
IMU1,19045,187380104,-1891,-165,-426,-327,40,326
IMU1,19046,187390344,-1878,-173,-467,-266,-9,320
IMU1,19047,187400504,-1923,-151,-478,-211,-27,328
IMU1,19048,187410831,-1971,-112,-465,-165,-13,360
IMU1,19049,187421168,-1995,-116,-476,-117,-3,401
IMU1,19050,187431312,-1963,-122,-491,-73,-26,432
IMU1,19051,187441460,-1932,-111,-526,-36,-51,444
IMU1,19052,187451594,-1911,-84,-592,-20,-51,426
IMU1,19053,187461543,-1900,-99,-657,-15,-24,389
IMU1,19054,187471485,-1904,-82,-702,-40,19,345
IMU1,19055,187481333,-1931,-80,-724,-60,74,303
IMU1,19056,187491187,-1939,-84,-718,-84,123,272
IMU1,19057,187501244,-1966,-41,-693,-93,158,245
IMU1,19058,187512327,-1979,-44,-699,-68,219,223
IMU1,19059,187522374,-2017,-50,-685,-40,252,237
IMU1,19060,187532412,-2041,-60,-648,-5,282,256
IMU1,19061,187542254,-2038,-79,-644,45,285,287
IMU1,19062,187552204,-2057,-89,-636,93,238,321
IMU1,19063,187562152,-2059,-98,-626,147,189,360
IMU1,19064,187572307,-2036,-83,-634,198,177,402
IMU1,19065,187585017,-2029,-69,-623,237,189,430
IMU1,19066,187595173,-2037,-61,-609,277,209,444
IMU1,19067,187605345,-2016,-48,-595,308,233,449
IMU1,19068,187615494,-2020,-24,-567,329,249,438
IMU1,19069,187625640,-2023,-13,-557,344,255,417
IMU1,19070,187635779,-2010,18,-559,344,233,397
IMU1,19071,187646885,-1976,53,-534,318,207,380
IMU1,19072,187656950,-1948,69,-506,304,230,385
IMU1,19073,187667015,-1970,113,-457,299,245,399
IMU1,19074,187677281,-1957,177,-439,303,245,421
IMU1,19075,187687539,-1941,210,-431,313,224,442
IMU1,19076,187697797,-1910,238,-434,313,207,458
IMU1,19077,187708070,-1898,244,-445,299,205,471
IMU1,19078,187718332,-1891,259,-483,265,211,483
IMU1,19079,187728596,-1911,287,-512,216,215,491
IMU1,19080,187738862,-1927,331,-549,157,229,486
IMU1,19081,187749124,-1883,308,-565,95,243,463
IMU1,19082,187759189,-1864,300,-564,40,248,419
IMU1,19083,187769264,-1828,317,-606,-2,250,365
IMU1,19084,187779229,-1816,325,-613,-38,255,312
IMU1,19085,187789382,-1819,338,-605,-58,281,281
IMU1,19086,187800578,-1814,366,-552,-77,367,302
IMU1,19087,187810748,-1779,387,-527,-62,383,353
IMU1,19088,187820905,-1766,411,-498,-55,384,414
IMU1,19089,187831053,-1766,432,-414,-55,389,491
IMU1,19090,187841210,-1781,466,-309,-48,392,597
IMU1,19091,187851374,-1798,498,-178,-27,386,727
IMU1,19092,187861530,-1877,602,-91,2,387,870
IMU1,19093,187871208,-2021,632,16,34,461,1019
IMU1,19094,187881184,-2232,678,141,57,602,1169
IMU1,19095,187891366,-2469,680,405,84,732,1299
IMU1,19096,187901527,-2669,656,823,155,773,1374
IMU1,19097,187911908,-2903,626,1194,310,635,1362
IMU1,19098,187922501,-3027,636,1478,528,317,1266
IMU1,19099,187933096,-3113,663,1664,754,-41,1093
IMU1,19100,187943572,-3247,886,1655,935,-289,873
IMU1,19101,187954564,-3393,975,1770,885,-320,376
IMU1,19102,187965035,-3732,1158,2077,692,-193,103
IMU1,19103,187975721,-4203,1468,2591,463,-133,-126
IMU1,19104,187986479,-4721,1822,3146,277,-228,-303
IMU1,19105,187997264,-5021,2345,3732,182,-624,-447
IMU1,19106,188008059,-5113,2863,4086,157,-1201,-606
IMU1,19107,188019021,-5222,3354,3891,72,-1729,-790
IMU1,19108,188029803,-5256,3844,3355,-280,-2185,-972
IMU1,19109,188041386,-5131,5080,1517,-2162,-2449,-1428
IMU1,19110,188052860,-5126,5609,1008,-3730,-2241,-1845
IMU1,19111,188064315,-5534,5816,777,-5533,-1975,-2442
IMU1,19112,188075599,-6041,5992,800,-7313,-1897,-3168
IMU1,19113,188086901,-6703,6322,601,-8880,-2062,-4019
IMU1,19114,188098190,-7877,7408,-520,-11318,-3123,-6051
IMU1,19115,188109783,-8170,7761,-1083,-12286,-3696,-7137
IMU1,19116,188121553,-7960,8003,-1116,-13096,-4024,-8257
IMU1,19117,188133338,-7819,7880,-1014,-13689,-4000,-9431
IMU1,19118,188145125,-7929,7306,-894,-14032,-3524,-10610
IMU1,19119,188156913,-8110,5753,-487,-13904,-1849,-12068
IMU1,19120,188168704,-7776,5214,-325,-13490,-1264,-12337
IMU1,19121,188180468,-6963,4824,-11,-12919,-1122,-12426
IMU1,19122,188192027,-6324,4650,-31,-12165,-1019,-12420
IMU1,19123,188203585,-5522,3675,-399,-11321,-775,-11870
IMU1,19124,188215166,-4882,3301,-441,-9556,499,-11369
IMU1,19125,188226437,-4283,3086,-135,-8548,1301,-10821
IMU1,19126,188237904,-3952,2951,336,-7381,1818,-10244
IMU1,19127,188249281,-3679,2944,677,-6067,1972,-9565
IMU1,19128,188260477,-3221,3091,807,-4723,1777,-8823
IMU1,19129,188271652,-2369,3428,468,-2354,440,-7398
IMU1,19130,188282643,-2048,3533,-209,-1518,-464,-6698
IMU1,19131,188293808,-1673,3438,-930,-1037,-1181,-5996
IMU1,19132,188305178,-1341,3356,-1529,-890,-1413,-5304
IMU1,19133,188316547,-1085,3146,-1982,-987,-1128,-4622
IMU1,19134,188327919,-913,2866,-2061,-1228,-561,-3975
IMU1,19135,188339097,-631,2391,-1565,-1626,438,-2938
IMU1,19136,188350184,-486,2188,-1384,-1678,555,-2588
IMU1,19137,188361251,-411,2023,-1295,-1642,450,-2346
IMU1,19138,188372311,-343,1921,-1318,-1555,261,-2145
IMU1,19139,188383384,-247,1855,-1379,-1445,112,-1953
IMU1,19140,188394447,-175,1772,-1339,-1317,77,-1757
IMU1,19141,188405314,-169,1500,-1529,-1156,138,-1547
IMU1,19142,188416389,-121,1431,-1517,-843,280,-1066
IMU1,19143,188427217,31,1408,-1502,-705,311,-839
IMU1,19144,188437568,114,1406,-1454,-544,235,-655
IMU1,19145,188448118,116,1394,-1493,-338,78,-500
# swing_peak_seq=19119
IMU1,19146,188458461,161,1411,-1652,-123,-106,-335
IMU1,19147,188469088,245,1454,-1864,49,-213,-151
IMU1,19148,188479434,240,1399,-1969,168,-188,46
IMU1,19149,188489688,248,1340,-2022,267,-97,255
IMU1,19150,188499928,266,1255,-2003,369,-28,442
IMU1,19151,188510177,267,1159,-2014,485,-11,605
IMU1,19152,188520440,243,1067,-2224,623,-35,744
IMU1,19153,188531741,221,896,-2278,837,-8,970
IMU1,19154,188541609,197,765,-2245,927,74,1066
IMU1,19155,188551778,179,636,-2195,1034,122,1157
IMU1,19156,188562355,202,542,-2220,1164,92,1243
IMU1,19157,188572733,174,437,-2224,1299,32,1318
IMU1,19158,188585658,115,364,-2259,1424,5,1396
IMU1,19159,188595821,10,289,-2295,1534,-17,1482
IMU1,19160,188606088,-10,243,-2268,1620,-34,1566
IMU1,19161,188616439,-60,187,-2194,1700,-24,1629
IMU1,19162,188627835,17,48,-2062,1886,6,1698
IMU1,19163,188637604,11,-74,-1950,1992,-8,1747
IMU1,19164,188647570,-55,-235,-1691,2147,-33,1784
IMU1,19165,188658026,-214,-288,-1514,2366,-96,1891
IMU1,19166,188668692,-54,-317,-1547,2626,-281,2050
IMU1,19167,188679360,-36,-257,-1833,2823,-499,2121
IMU1,19168,188690014,-205,-192,-1856,2890,-552,2176
IMU1,19169,188700869,-265,-195,-1856,2868,-459,2244
IMU1,19170,188711726,-234,-240,-1861,2791,-374,2309
IMU1,19171,188722599,-38,-352,-1639,2683,-311,2348
IMU1,19172,188733793,-27,-431,-1527,2482,-158,2311
IMU1,19173,188744465,-97,-509,-1405,2407,-86,2277
IMU1,19174,188754905,-213,-584,-1319,2358,-22,2266
IMU1,19175,188765560,-269,-620,-1335,2327,33,2272
IMU1,19176,188776123,-306,-600,-1360,2295,76,2280
IMU1,19177,188786682,-300,-606,-1286,2249,143,2283
IMU1,19178,188797437,-236,-643,-1281,2216,249,2254
IMU1,19179,188808202,-123,-681,-1164,2212,367,2188
IMU1,19180,188818943,-36,-889,-1118,2210,469,2085
IMU1,19181,188829500,-51,-924,-1100,2209,728,1925
IMU1,19182,188840046,-152,-946,-1087,2192,926,1913
IMU1,19183,188850799,-364,-982,-1076,2141,1149,1949
IMU1,19184,188861755,-537,-1002,-1062,2072,1333,2032
IMU1,19185,188872911,-635,-1048,-1034,1988,1440,2136
IMU1,19186,188884068,-647,-1073,-1001,1888,1490,2235
IMU1,19187,188895215,-641,-1145,-919,1792,1518,2304
IMU1,19188,188906182,-695,-1267,-752,1679,1576,2385
IMU1,19189,188917158,-770,-1283,-677,1688,1620,2415
IMU1,19190,188928103,-800,-1313,-612,1734,1694,2446
IMU1,19191,188939032,-829,-1310,-516,1808,1792,2473
IMU1,19192,188949991,-884,-1391,-355,1918,1877,2493
IMU1,19193,188960957,-1084,-1547,69,2095,1872,2507
IMU1,19194,188971819,-1338,-1706,-162,2393,1688,2542
IMU1,19195,188982978,-984,-1414,16,2714,980,2720
IMU1,19196,188993443,-770,-1666,-472,2848,1084,2713
IMU1,19197,189004397,-922,-1471,-747,2816,1387,2663
IMU1,19198,189015366,-765,-1386,-914,2574,1992,2645
IMU1,19199,189026324,-744,-1438,-909,2165,2855,2597
IMU1,19200,189037297,-1032,-1445,-590,1672,3708,2520
IMU1,19201,189048442,-1415,-1466,-160,1242,4156,2446
IMU1,19202,189059578,-1730,-1558,743,996,4045,2451
IMU1,19203,189070432,-1551,-1456,329,1131,2994,2562
IMU1,19204,189081479,-1278,-1303,-178,1122,2664,2692
IMU1,19205,189092620,-1122,-1244,-637,888,2818,2801
IMU1,19206,189103560,-1178,-1139,-674,476,3330,2881
IMU1,19207,189114511,-1445,-1195,-588,3,3855,2920
IMU1,19208,189125062,-1786,-1269,-482,-446,4060,2915
IMU1,19209,189136097,-1899,-1166,-135,-781,3908,2858
IMU1,19210,189147133,-1962,-1104,-194,-996,3107,2633
IMU1,19211,189158186,-2041,-1007,-241,-978,2766,2603
IMU1,19212,189169221,-1977,-979,-434,-938,2602,2683
IMU1,19213,189180060,-1957,-867,-586,-949,2618,2822
IMU1,19214,189190912,-1970,-794,-788,-1032,2693,2978
IMU1,19215,189201967,-2156,-772,-717,-1156,2667,3115
IMU1,19216,189213023,-2327,-710,-506,-1234,2493,3253
IMU1,19217,189224075,-2282,-563,-434,-1105,1880,3472
IMU1,19218,189235122,-2241,-468,-479,-901,1574,3505
IMU1,19219,189245995,-2254,-369,-483,-665,1266,3520
IMU1,19220,189256829,-2262,-308,-441,-402,987,3539
IMU1,19221,189267458,-2442,-290,-260,-87,696,3580
IMU1,19222,189277893,-2762,-296,-130,327,313,3690
IMU1,19223,189288440,-2794,-255,-557,779,-188,3907
IMU1,19224,189299079,-2436,-174,-1058,1042,-615,4156
IMU1,19225,189310129,-2683,67,-763,1207,113,4342
IMU1,19226,189320588,-2787,64,-904,1195,575,4367
IMU1,19227,189331048,-2633,124,-1163,1054,697,4326
IMU1,19228,189341902,-2804,232,-1045,797,755,4180
IMU1,19229,189352563,-2902,171,-1076,498,861,4028
IMU1,19230,189363211,-3056,46,-1008,188,871,3941
IMU1,19231,189373654,-3049,37,-869,-78,817,3937
IMU1,19232,189383812,-3065,-1,-797,-258,728,3892
IMU1,19233,189394073,-3039,-122,-892,-362,586,3854
IMU1,19234,189404728,-3025,-166,-990,-437,426,3802
IMU1,19235,189415378,-3004,-392,-726,-439,342,3784
IMU1,19236,189426033,-2810,-287,-839,-184,-40,3662
IMU1,19237,189436572,-2858,-232,-808,-67,-197,3432
IMU1,19238,189447125,-2782,-328,-823,45,-340,3185
IMU1,19239,189457550,-2647,-306,-828,151,-554,2938
IMU1,19240,189468187,-2656,-217,-749,269,-726,2676
IMU1,19241,189478807,-2544,-209,-848,420,-873,2424
IMU1,19242,189489434,-2446,-199,-1219,526,-1044,2172
IMU1,19243,189500466,-2387,-35,-1374,519,-1101,1922
IMU1,19244,189511310,-2166,81,-1485,449,-961,1686
IMU1,19245,189522364,-2060,182,-1582,211,-553,1256
IMU1,19246,189533105,-1995,262,-1579,31,-328,1055
IMU1,19247,189543649,-1948,308,-1610,-148,-113,869
IMU1,19248,189554274,-1918,364,-1639,-331,71,719
IMU1,19249,189564623,-1884,372,-1610,-498,235,612
IMU1,19250,189575163,-1897,384,-1524,-624,369,547
IMU1,19251,189588265,-2006,405,-1323,-692,446,526
IMU1,19252,189599317,-2037,432,-1293,-621,343,591
IMU1,19253,189609873,-2010,480,-1345,-522,168,646
IMU1,19254,189620394,-1929,494,-1400,-409,-20,676
IMU1,19255,189630820,-1849,518,-1417,-300,-159,683
IMU1,19256,189641463,-1749,532,-1436,-191,-206,660
IMU1,19257,189652104,-1704,550,-1455,-94,-202,611
IMU1,19258,189662537,-1713,560,-1449,-6,-178,551
IMU1,19259,189672777,-1736,555,-1409,76,-137,501
IMU1,19260,189683126,-1727,566,-1351,159,-94,464
IMU1,19261,189693477,-1754,608,-1278,252,-70,425
IMU1,19262,189703830,-1775,592,-1199,349,-95,364
IMU1,19263,189714699,-1770,603,-1153,516,-281,340
IMU1,19264,189725249,-1718,616,-1160,590,-398,323
IMU1,19265,189735805,-1657,621,-1221,644,-475,294
IMU1,19266,189746349,-1580,644,-1261,667,-494,259
IMU1,19267,189756898,-1567,689,-1286,661,-466,222
IMU1,19268,189767433,-1578,711,-1275,629,-397,197
IMU1,19269,189777996,-1577,716,-1262,583,-302,183
IMU1,19270,189788546,-1595,735,-1237,533,-210,177
IMU1,19271,189799097,-1593,731,-1189,481,-125,175
IMU1,19272,189809641,-1544,747,-1124,441,-67,141
IMU1,19273,189820499,-1512,747,-1136,402,-89,112
IMU1,19274,189830846,-1522,749,-1142,381,-124,82
IMU1,19275,189841188,-1535,753,-1135,363,-128,76
IMU1,19276,189851541,-1524,756,-1130,337,-83,92
IMU1,19277,189861684,-1515,804,-1115,318,-31,117
IMU1,19278,189872037,-1477,825,-1115,303,-4,132
IMU1,19279,189882185,-1466,819,-1116,289,-8,133
IMU1,19280,189892336,-1480,814,-1091,288,-31,128
IMU1,19281,189902670,-1499,805,-1074,291,-54,133
IMU1,19282,189913013,-1510,802,-1086,302,-71,148
IMU1,19283,189923366,-1516,785,-1083,316,-82,164
IMU1,19284,189933713,-1513,772,-1092,321,-97,180
IMU1,19285,189944066,-1464,787,-1111,321,-120,185
IMU1,19286,189955132,-1467,790,-1137,297,-140,131
IMU1,19287,189965682,-1459,777,-1161,269,-130,104
IMU1,19288,189976220,-1487,780,-1172,232,-106,74
IMU1,19289,189986571,-1488,748,-1169,177,-67,58
IMU1,19290,189996712,-1498,743,-1160,134,-19,48
IMU1,19291,190006872,-1479,752,-1154,88,18,36
IMU1,19292,190016733,-1473,749,-1157,39,30,16
IMU1,19293,190026586,-1493,740,-1152,2,15,-7
IMU1,19294,190036143,-1481,752,-1149,-31,-19,-26
IMU1,19295,190046289,-1470,778,-1165,-56,-48,-39
IMU1,19296,190056442,-1458,762,-1188,-73,-60,-46
IMU1,19297,190066563,-1452,759,-1184,-77,-64,-46
IMU1,19298,190076692,-1450,744,-1172,-74,-59,-38
IMU1,19299,190086832,-1430,744,-1163,-63,-50,-25
IMU1,19300,190096953,-1434,771,-1159,-49,-52,-16
IMU1,19301,190107081,-1453,745,-1128,-35,-56,-8
IMU1,19302,190118567,-1437,748,-1059,12,-54,26
IMU1,19303,190128498,-1414,749,-1031,31,-91,17
IMU1,19304,190138438,-1406,748,-998,56,-128,-8
IMU1,19305,190148273,-1399,775,-968,80,-162,-11
IMU1,19306,190158303,-1411,799,-921,98,-189,-3
IMU1,19307,190168147,-1475,790,-844,141,-215,27
IMU1,19308,190178288,-1589,769,-766,203,-250,98
IMU1,19309,190188431,-1764,736,-678,283,-279,213
IMU1,19310,190198774,-1969,685,-582,376,-278,375
IMU1,19311,190209125,-2175,607,-485,466,-258,562
IMU1,19312,190219465,-2321,526,-347,546,-246,744
IMU1,19313,190229812,-2403,471,-194,633,-271,873
IMU1,19314,190240165,-2481,421,-66,725,-391,907
IMU1,19315,190250300,-2510,394,-31,820,-601,842
IMU1,19316,190260455,-2587,398,-61,894,-787,702
IMU1,19317,190270601,-2715,412,-100,916,-801,529
IMU1,19318,190281991,-3201,399,15,762,-268,226
IMU1,19319,190292039,-3505,389,261,643,3,119
IMU1,19320,190301797,-3924,349,616,547,103,18
IMU1,19321,190311757,-4368,298,960,504,34,-49
IMU1,19322,190321614,-4802,312,1262,511,-154,-88
IMU1,19323,190331963,-5183,331,1539,546,-429,-130
IMU1,19324,190342524,-5539,418,1865,605,-826,-232
IMU1,19325,190353074,-5764,587,2146,689,-1383,-426
IMU1,19326,190363830,-5839,902,2201,771,-1983,-760
IMU1,19327,190374606,-5865,1393,2024,745,-2480,-1239
IMU1,19328,190385765,-5922,1891,1711,503,-2720,-1823
IMU1,19329,190396922,-6460,3026,1262,-773,-2436,-3069
IMU1,19330,190408192,-6775,3508,1219,-1701,-2355,-3622
IMU1,19331,190419649,-7267,4013,1303,-2689,-2384,-4182
IMU1,19332,190431098,-7958,4412,1349,-3646,-2644,-4774
IMU1,19333,190442574,-8524,4967,1158,-4529,-3270,-5333
IMU1,19334,190454036,-9185,6805,174,-5356,-4073,-6523
IMU1,19335,190465304,-9041,7763,-367,-7002,-5330,-7373
IMU1,19336,190476648,-9107,8314,-918,-7815,-5608,-8496
IMU1,19337,190488016,-8752,8794,-1203,-8646,-5390,-9736
IMU1,19338,190499580,-8583,8240,-1123,-9380,-4439,-11057
IMU1,19339,190511346,-8882,7074,-431,-9934,-3379,-12178
IMU1,19340,190522915,-9123,6531,107,-10349,-2136,-12989
IMU1,19341,190534563,-8773,6154,462,-10215,-2112,-12717
IMU1,19342,190546251,-8130,5955,711,-9925,-2360,-12228
IMU1,19343,190557719,-7523,5714,854,-9491,-2713,-11696
IMU1,19344,190569205,-5980,5365,260,-8941,-2993,-11202
IMU1,19345,190580662,-5298,4847,43,-7876,-3132,-10424
IMU1,19346,190594470,-4692,4274,25,-7403,-2614,-10054
IMU1,19347,190605734,-3999,3927,115,-6861,-1748,-9639
IMU1,19348,190617000,-3457,3770,322,-6211,-930,-9237
IMU1,19349,190628081,-2567,3861,-6,-4676,-498,-8436
IMU1,19350,190638817,-2335,4017,-587,-4059,-939,-7973
IMU1,19351,190649983,-2042,3972,-1155,-3642,-1502,-7379
IMU1,19352,190661544,-1712,3755,-1445,-3392,-1797,-6633
IMU1,19353,190673108,-1479,3463,-1398,-3174,-1505,-5751
IMU1,19354,190684681,-1212,3040,-1059,-2877,-767,-4822
IMU1,19355,190696036,-973,2969,-898,-2078,9,-3386
IMU1,19356,190706488,-993,2654,-1111,-1682,-245,-2995
IMU1,19357,190717643,-743,2567,-1403,-1399,-652,-2722
IMU1,19358,190728784,-547,2364,-1447,-1213,-891,-2550
IMU1,19359,190739932,-544,2132,-1518,-1020,-878,-2420
IMU1,19360,190751083,-793,1945,-1684,-834,-738,-2291
IMU1,19361,190762020,-518,1620,-1502,-470,-545,-1755
IMU1,19362,190772956,-655,1349,-1339,-210,-521,-1521
IMU1,19363,190783883,-697,1638,-1579,92,-575,-1253
IMU1,19364,190794539,-312,1458,-1761,314,-787,-982
IMU1,19365,190805188,-164,1280,-1734,471,-1027,-789
IMU1,19366,190816018,-181,1339,-1892,593,-1030,-635
# swing_peak_seq=19340
IMU1,19367,190826856,97,1204,-2012,674,-925,-462
IMU1,19368,190837205,225,1236,-2136,711,-749,-383
IMU1,19369,190847760,270,1081,-2211,693,-467,-351
IMU1,19370,190858844,157,993,-2169,585,189,-254
IMU1,19371,190869100,91,891,-2035,547,428,-145
IMU1,19372,190879163,31,789,-1985,550,528,-4
IMU1,19373,190888825,-17,661,-1945,597,475,142
IMU1,19374,190898867,-5,563,-1890,686,335,291
IMU1,19375,190908722,51,447,-1890,805,210,419
IMU1,19376,190918679,82,348,-1901,943,104,510
IMU1,19377,190928639,106,289,-1934,1082,10,563
IMU1,19378,190938788,2,229,-1996,1202,-66,593
IMU1,19379,190948651,-119,147,-2066,1293,-112,626
IMU1,19380,190959199,-171,60,-2107,1341,-148,687
IMU1,19381,190969554,-61,-27,-2178,1373,-242,729
IMU1,19382,190979807,48,27,-2144,1385,-422,703
IMU1,19383,190989855,-32,-107,-2147,1399,-632,657
IMU1,19384,191000301,-286,-17,-2236,1414,-822,697
IMU1,19385,191010753,-191,-180,-2193,1421,-882,804
IMU1,19386,191021398,-489,-167,-2275,1429,-796,1020
IMU1,19387,191032253,-540,-148,-2187,1433,-502,1128
IMU1,19388,191043114,-557,-122,-2091,1473,-353,1200
IMU1,19389,191053957,-528,-130,-1884,1579,-252,1212
IMU1,19390,191064807,-380,-312,-1957,1752,-220,1172
IMU1,19391,191075660,-421,-359,-2093,1891,-216,1093
IMU1,19392,191086515,-447,-388,-1930,1981,-179,1009
IMU1,19393,191097353,-343,-428,-2106,2037,-308,916
IMU1,19394,191108015,-563,-458,-1934,2047,-283,748
IMU1,19395,191118658,-571,-506,-1947,2082,205,732
IMU1,19396,191129217,-764,-489,-1919,2060,399,717
IMU1,19397,191139790,-738,-572,-1787,2030,454,707
IMU1,19398,191150361,-689,-549,-2054,2000,366,652
IMU1,19399,191160919,-559,-598,-1716,1925,296,531
IMU1,19400,191171486,-484,-626,-1658,1878,447,371
IMU1,19401,191182041,-499,-733,-1527,1857,848,221
IMU1,19402,191192597,-620,-791,-1724,1818,1313,152
IMU1,19403,191203371,-781,-798,-1645,1717,1684,177
IMU1,19404,191214115,-1172,-878,-1270,1569,2129,538
IMU1,19405,191225083,-1191,-924,-1244,1541,2208,865
IMU1,19406,191236054,-1327,-946,-1105,1532,2246,1231
IMU1,19407,191247211,-1193,-1023,-1033,1544,2299,1616
IMU1,19408,191258571,-943,-1026,-982,1576,2353,1945
IMU1,19409,191269537,-809,-1046,-868,1618,2388,2173
IMU1,19410,191280498,-685,-1023,-545,1692,2421,2318
IMU1,19411,191291982,-770,-1102,-454,1971,2475,2453
IMU1,19412,191302960,-864,-1170,-473,2135,2430,2508
IMU1,19413,191313934,-956,-1210,-517,2284,2330,2575
IMU1,19414,191324901,-1105,-1289,-459,2391,2246,2661
IMU1,19415,191336058,-1128,-1320,-435,2465,2237,2761
IMU1,19416,191347219,-934,-1307,-353,2508,2321,2836
IMU1,19417,191358185,-482,-1246,-395,2523,2754,2733
IMU1,19418,191369167,-459,-1149,-404,2419,3024,2582
IMU1,19419,191380114,-675,-1094,-475,2292,3250,2417
IMU1,19420,191391073,-1020,-1020,-437,2094,3390,2314
IMU1,19421,191402232,-1316,-1248,-305,1865,3428,2317
IMU1,19422,191413401,-1467,-1384,36,1660,3430,2430
IMU1,19423,191424263,-1449,-1497,336,1530,3475,2630
IMU1,19424,191435319,-1495,-1417,540,1429,3488,3092
IMU1,19425,191446402,-1546,-1372,544,1405,3420,3320
IMU1,19426,191457465,-1334,-1214,483,1393,3319,3496
IMU1,19427,191468525,-1436,-1165,556,1387,3264,3560
IMU1,19428,191479595,-1558,-1227,555,1399,3264,3609
IMU1,19429,191490680,-1713,-1179,627,1419,3265,3646
IMU1,19430,191501737,-1936,-1288,923,1458,3256,3696
IMU1,19431,191512793,-2200,-1422,1025,1609,2960,3892
IMU1,19432,191524063,-2253,-1424,1062,1705,2643,4031
IMU1,19433,191535317,-2197,-1383,1024,1818,2303,4162
IMU1,19434,191546591,-2229,-1363,962,1924,2029,4295
IMU1,19435,191557653,-2334,-1386,891,2004,1850,4443
IMU1,19436,191568723,-2371,-1418,742,2041,1749,4586
IMU1,19437,191579797,-2345,-1192,561,1887,1769,4610
IMU1,19438,191590884,-2466,-1028,422,1679,1947,4503
IMU1,19439,191604496,-2625,-952,307,1392,2183,4378
IMU1,19440,191615372,-2750,-937,369,1091,2355,4280
IMU1,19441,191626253,-2958,-922,473,866,2390,4227
IMU1,19442,191636927,-3081,-682,530,708,2303,4301
IMU1,19443,191647606,-3126,-669,481,478,2060,4392
IMU1,19444,191658284,-3174,-636,428,390,1913,4500
IMU1,19445,191668970,-3155,-506,410,301,1812,4584
IMU1,19446,191679651,-3128,-382,306,236,1728,4575
IMU1,19447,191690345,-3136,-248,237,186,1612,4478
IMU1,19448,191701018,-3181,-185,238,177,1478,4321
IMU1,19449,191711677,-3205,-157,174,226,1335,4147
IMU1,19450,191722338,-3330,-168,-2,283,1235,3995
IMU1,19451,191732699,-3473,-99,-225,300,1234,3905
IMU1,19452,191743790,-3503,-134,-48,207,1359,3918
IMU1,19453,191754369,-3442,-156,140,236,1318,3930
IMU1,19454,191765028,-3384,-154,220,338,1101,3909
IMU1,19455,191775691,-3362,-169,220,498,732,3854
IMU1,19456,191786143,-3297,-236,232,692,351,3774
IMU1,19457,191796612,-3235,-265,103,905,72,3671
IMU1,19458,191806874,-3193,-238,-145,1080,-102,3542
IMU1,19459,191817738,-3083,-282,-323,1162,-138,3373
IMU1,19460,191828589,-2887,-265,-559,1150,-51,3148
IMU1,19461,191839772,-2746,-227,-606,934,189,2530
IMU1,19462,191850353,-2683,-154,-716,765,260,2218
IMU1,19463,191860924,-2656,-111,-701,576,290,1940
IMU1,19464,191871479,-2623,-68,-686,398,302,1727
IMU1,19465,191881852,-2636,-8,-570,268,303,1583
IMU1,19466,191892020,-2625,23,-499,205,267,1517
IMU1,19467,191902280,-2641,41,-366,221,144,1525
IMU1,19468,191912538,-2639,76,-276,340,-61,1550
IMU1,19469,191922708,-2454,100,-757,470,-328,1583
IMU1,19470,191933282,-2227,197,-1353,425,-532,1522
IMU1,19471,191944058,-2253,373,-1367,265,-404,1373
IMU1,19472,191955328,-2283,268,-1388,-131,212,1048
IMU1,19473,191966085,-2527,236,-1027,-270,374,986
IMU1,19474,191976656,-2660,137,-724,-253,474,1060
IMU1,19475,191987223,-2501,96,-692,-152,442,1210
IMU1,19476,191997591,-2305,215,-725,-24,247,1247
IMU1,19477,192007975,-2105,355,-809,94,22,1167
IMU1,19478,192018015,-1924,480,-940,165,-164,992
IMU1,19479,192028339,-1859,579,-996,188,-253,762
IMU1,19480,192038671,-1838,636,-980,194,-218,545
IMU1,19481,192049011,-1767,708,-890,207,-119,365
IMU1,19482,192059337,-1718,747,-771,264,-1,220
IMU1,19483,192070841,-1611,753,-655,502,99,65
IMU1,19484,192080679,-1603,872,-744,568,56,-6
IMU1,19485,192090409,-1545,960,-789,573,32,-90
IMU1,19486,192100349,-1532,933,-871,496,56,-186
IMU1,19487,192110498,-1535,986,-915,371,84,-249
IMU1,19488,192120633,-1571,1073,-927,227,112,-262
IMU1,19489,192131177,-1577,1061,-900,90,153,-221
IMU1,19490,192141524,-1542,1075,-851,-6,193,-137
IMU1,19491,192151762,-1536,1073,-757,-55,214,-41
IMU1,19492,192162007,-1518,1034,-710,-57,198,51
IMU1,19493,192172148,-1475,1035,-783,-37,128,112
IMU1,19494,192182496,-1476,1053,-927,-36,56,119
IMU1,19495,192192636,-1466,1037,-1028,-72,50,89
IMU1,19496,192202775,-1443,1032,-1099,-149,99,47
IMU1,19497,192213117,-1461,1021,-1068,-231,201,9
IMU1,19498,192223460,-1460,991,-925,-297,325,-14
IMU1,19499,192234224,-1425,981,-857,-300,402,-24
IMU1,19500,192244468,-1448,1020,-790,-246,324,-41
IMU1,19501,192254906,-1473,1038,-788,-155,199,-56
IMU1,19502,192265362,-1471,1063,-874,-71,69,-67
IMU1,19503,192275409,-1430,1047,-969,-14,-38,-78
IMU1,19504,192285541,-1411,1061,-1029,3,-81,-98
IMU1,19505,192295584,-1393,1056,-1084,-11,-58,-120
IMU1,19506,192306124,-1396,1054,-1113,-48,-4,-145
IMU1,19507,192316474,-1410,1026,-1067,-87,63,-157
IMU1,19508,192326924,-1420,1032,-991,-114,128,-152
IMU1,19509,192337565,-1440,1060,-914,-117,174,-144
IMU1,19510,192348208,-1487,1075,-838,-87,171,-132
IMU1,19511,192359155,-1475,1075,-867,-10,0,-104
IMU1,19512,192369097,-1431,1068,-908,17,-111,-104
IMU1,19513,192379535,-1384,1087,-983,24,-190,-105
IMU1,19514,192389973,-1371,1095,-1054,3,-202,-106
IMU1,19515,192400412,-1392,1116,-1107,-24,-163,-102
IMU1,19516,192411142,-1418,1123,-1131,-69,-80,-88
IMU1,19517,192421479,-1433,1110,-1097,-114,23,-58
IMU1,19518,192431931,-1417,1097,-1046,-138,99,-28
IMU1,19519,192442381,-1386,1088,-1002,-140,112,-14
IMU1,19520,192453020,-1381,1082,-980,-119,73,-14
IMU1,19521,192463260,-1366,1084,-983,-81,19,-14
IMU1,19522,192474855,-1403,1083,-996,6,-18,9
IMU1,19523,192484408,-1384,1096,-990,40,-1,31
IMU1,19524,192494154,-1353,1081,-989,79,10,46
IMU1,19525,192504007,-1330,1057,-967,103,10,58
IMU1,19526,192514051,-1316,1040,-943,121,4,73
IMU1,19527,192523880,-1321,1022,-896,151,10,97
IMU1,19528,192533911,-1330,995,-844,182,34,128
IMU1,19529,192543947,-1356,981,-775,215,54,174
IMU1,19530,192553998,-1396,964,-696,261,62,222
IMU1,19531,192564040,-1456,944,-607,307,61,274
IMU1,19532,192574082,-1511,921,-527,362,56,328
IMU1,19533,192584126,-1642,932,-452,407,61,382
IMU1,19534,192594164,-1792,907,-412,437,98,449
IMU1,19535,192606766,-1960,820,-406,441,144,522
IMU1,19536,192617004,-2115,723,-356,410,168,592
IMU1,19537,192627247,-2454,537,-189,364,204,644
IMU1,19538,192638002,-2729,361,-21,260,304,635
IMU1,19539,192648059,-3071,262,230,235,281,614
IMU1,19540,192658209,-3366,158,494,252,206,581
IMU1,19541,192668354,-3720,-39,731,331,136,497
IMU1,19542,192678404,-4166,-172,983,430,123,380
IMU1,19543,192688623,-4737,-275,1416,555,113,225
IMU1,19544,192699078,-5348,-512,2155,741,8,33
IMU1,19545,192708939,-5793,-663,2876,1035,-298,-208
IMU1,19546,192719782,-5950,-780,3099,1378,-1033,-582
IMU1,19547,192730840,-6223,-117,3647,1656,-2090,-1141
IMU1,19548,192742084,-6407,501,2995,1824,-2912,-1741
IMU1,19549,192753232,-6702,1305,2912,1121,-3905,-2973
IMU1,19550,192764593,-6848,2186,2110,348,-3678,-3438
IMU1,19551,192775762,-6819,2935,1394,-809,-3469,-3840
IMU1,19552,192787003,-6730,3450,1009,-2237,-3208,-4221
IMU1,19553,192798456,-6780,3868,1140,-3726,-2830,-4615
IMU1,19554,192809924,-7573,4581,1490,-5030,-2555,-5049
IMU1,19555,192821398,-8029,5180,1580,-6812,-2893,-5909
IMU1,19556,192832853,-8400,5669,1591,-7366,-3270,-6394
IMU1,19557,192844320,-8678,6441,1645,-7799,-3497,-7000
IMU1,19558,192855776,-8505,7135,1602,-8161,-3479,-7845
IMU1,19559,192867235,-8717,7380,1853,-8560,-3359,-8987
IMU1,19560,192878703,-9565,6793,2377,-9400,-3141,-11153
IMU1,19561,192890409,-9768,6455,2686,-9612,-3331,-11698
IMU1,19562,192902059,-9586,6015,2865,-9655,-3675,-11802
IMU1,19563,192913745,-9126,5643,2777,-9592,-4119,-11587
IMU1,19564,192925433,-7783,5117,1939,-9516,-4507,-11192
IMU1,19565,192937128,-6866,4680,1499,-9444,-5017,-10122
IMU1,19566,192948798,-5951,4216,1125,-9379,-4715,-9553
IMU1,19567,192960292,-5099,3891,734,-9148,-4005,-9009
IMU1,19568,192971550,-4092,3621,431,-8693,-3133,-8482
IMU1,19569,192982814,-3291,3379,495,-7992,-2159,-7958
IMU1,19570,192994088,-2875,3374,221,-5946,-470,-6717
IMU1,19571,193005149,-2828,3419,-277,-4888,-512,-5895
IMU1,19572,193016296,-2520,3408,-815,-4047,-1088,-4976
IMU1,19573,193027647,-2045,3286,-1147,-3427,-1725,-4098
IMU1,19574,193039176,-1757,3001,-1405,-2956,-2001,-3348
IMU1,19575,193050733,-1343,2241,-1635,-2583,-1491,-2297
IMU1,19576,193062264,-1189,1870,-1561,-2057,-997,-2055
IMU1,19577,193073621,-1180,1561,-1526,-1854,-573,-1983
IMU1,19578,193084972,-1359,1346,-1618,-1702,-332,-2002
IMU1,19579,193096304,-1385,1228,-1613,-1595,-252,-1977
IMU1,19580,193107646,-1258,1306,-1259,-1488,-185,-1873
IMU1,19581,193118987,-1027,792,-1131,-1112,-126,-1761
IMU1,19582,193130144,-830,1203,-390,-760,-244,-1626
IMU1,19583,193140880,-525,675,-416,-160,-415,-1517
IMU1,19584,193151413,-582,305,-753,464,-825,-1485
IMU1,19585,193161879,-1078,626,-1616,877,-1193,-1336
IMU1,19586,193172936,-686,689,-1864,1038,-1264,-1026
IMU1,19587,193183982,-523,616,-1813,998,-958,-756
IMU1,19588,193194461,-331,595,-2093,842,-598,-558
# swing_peak_seq=19562
IMU1,19589,193205439,-170,552,-1986,377,-312,-331
IMU1,19590,193215899,-193,520,-2018,182,-104,-228
IMU1,19591,193226353,-345,426,-1901,37,96,-79
IMU1,19592,193236118,-353,328,-1815,-46,206,117
IMU1,19593,193246268,-334,218,-1749,-48,215,300
IMU1,19594,193256429,-200,105,-1706,16,189,449
IMU1,19595,193266473,-121,-26,-1641,159,190,492
IMU1,19596,193276625,-112,-132,-1620,358,198,473
IMU1,19597,193286990,-150,-225,-1615,588,142,430
IMU1,19598,193297337,-203,-313,-1664,835,26,397
IMU1,19599,193307488,-254,-400,-1760,1061,-90,390
IMU1,19600,193317934,-301,-486,-1891,1239,-145,412
IMU1,19601,193328588,-352,-562,-2024,1349,-121,451
IMU1,19602,193339237,-372,-757,-2089,1403,98,572
IMU1,19603,193349575,-442,-845,-2064,1398,190,621
IMU1,19604,193360118,-524,-929,-2047,1358,262,647
IMU1,19605,193370649,-545,-1004,-2060,1302,281,669
IMU1,19606,193381384,-648,-1054,-2000,1240,275,702
IMU1,19607,193392126,-702,-1124,-1877,1214,304,750
IMU1,19608,193402880,-747,-1169,-1703,1248,348,801
IMU1,19609,193413615,-831,-1210,-1329,1371,302,843
IMU1,19610,193424350,-543,-1304,-1238,1636,89,933
IMU1,19611,193434894,-213,-1310,-1733,1884,-195,833
IMU1,19612,193445726,-424,-1309,-1809,2017,-51,469
IMU1,19613,193456361,-470,-1231,-1942,1973,130,353
IMU1,19614,193467107,-609,-1168,-1829,1878,279,307
IMU1,19615,193477869,-632,-1167,-1815,1772,473,334
IMU1,19616,193488627,-597,-1209,-1688,1660,660,403
IMU1,19617,193499368,-556,-1256,-1522,1568,790,484
IMU1,19618,193510128,-509,-1329,-1425,1522,847,541
IMU1,19619,193520888,-522,-1374,-1325,1509,821,578
IMU1,19620,193531632,-452,-1364,-1375,1502,722,658
IMU1,19621,193542391,-500,-1363,-1276,1426,817,654
IMU1,19622,193553143,-584,-1399,-1247,1399,985,650
IMU1,19623,193563895,-585,-1384,-1136,1373,1149,650
IMU1,19624,193574846,-552,-1404,-1035,1369,1280,641
IMU1,19625,193585785,-490,-1469,-986,1384,1351,635
IMU1,19626,193596541,-414,-1501,-933,1408,1364,638
IMU1,19627,193609863,-373,-1456,-900,1462,1341,675
IMU1,19628,193620603,-386,-1417,-889,1469,1337,723
IMU1,19629,193631340,-408,-1360,-908,1463,1337,790
IMU1,19630,193642096,-442,-1315,-925,1432,1380,867
IMU1,19631,193652841,-453,-1271,-967,1375,1483,953
IMU1,19632,193663593,-369,-1262,-1024,1284,1661,1023
IMU1,19633,193674741,-324,-1222,-1087,1157,1894,1060
IMU1,19634,193685888,-378,-1243,-1051,817,2388,1146
IMU1,19635,193696839,-441,-1233,-984,644,2608,1246
IMU1,19636,193707578,-511,-1251,-898,510,2779,1376
IMU1,19637,193718338,-559,-1238,-749,413,2895,1539
IMU1,19638,193729107,-562,-1243,-600,375,2957,1719
IMU1,19639,193739871,-574,-1264,-477,404,2977,1892
IMU1,19640,193750645,-619,-1308,-386,481,2971,2053
IMU1,19641,193761395,-681,-1370,-331,593,2945,2196
IMU1,19642,193772144,-694,-1411,-318,819,2874,2388
IMU1,19643,193782909,-717,-1421,-275,911,2874,2426
IMU1,19644,193793673,-723,-1405,-244,993,2910,2441
IMU1,19645,193804416,-728,-1385,-257,1061,2977,2448
IMU1,19646,193815365,-771,-1354,-240,1087,3080,2463
IMU1,19647,193826323,-830,-1337,-183,1080,3211,2505
IMU1,19648,193837267,-860,-1348,-71,1053,3333,2570
IMU1,19649,193848021,-928,-1424,205,1036,3395,2641
IMU1,19650,193858869,-994,-1586,837,1322,3104,2680
IMU1,19651,193869736,-1076,-1608,628,1593,2696,2706
IMU1,19652,193880802,-897,-1429,482,1828,2194,2718
IMU1,19653,193891668,-801,-1365,335,1976,1928,2678
IMU1,19654,193902526,-698,-1379,110,1996,2029,2612
IMU1,19655,193913391,-783,-1333,-28,1859,2387,2558
IMU1,19656,193924178,-1041,-1428,64,1622,2778,2551
IMU1,19657,193935036,-1398,-1697,751,1390,3001,2616
IMU1,19658,193946114,-1627,-1743,961,1306,2722,2846
IMU1,19659,193957156,-1574,-1799,920,1441,2341,2883
IMU1,19660,193968222,-1512,-1812,711,1585,1930,2833
IMU1,19661,193979296,-1513,-1771,392,1662,1599,2714
IMU1,19662,193990374,-1562,-1736,61,1616,1448,2583
IMU1,19663,194001228,-1567,-1713,-182,1432,1540,2487
IMU1,19664,194012377,-1954,-1763,-19,1157,1793,2485
IMU1,19665,194023324,-1917,-1693,124,698,2194,2575
IMU1,19666,194034180,-1904,-1592,147,572,2264,2632
IMU1,19667,194045051,-1947,-1566,100,461,2280,2657
IMU1,19668,194055911,-2018,-1508,10,332,2242,2709
IMU1,19669,194066566,-2002,-1446,-61,178,2200,2803
IMU1,19670,194077303,-1978,-1380,-89,10,2192,2917
IMU1,19671,194087859,-2018,-1263,-95,-157,2185,3036
IMU1,19672,194098716,-2086,-1080,-95,-297,2112,3150
IMU1,19673,194109580,-2133,-987,-102,-474,1827,3339
IMU1,19674,194120434,-2166,-954,-186,-539,1735,3411
IMU1,19675,194131287,-2266,-840,-355,-603,1634,3462
IMU1,19676,194142130,-2457,-738,-441,-701,1557,3541
IMU1,19677,194153001,-2594,-700,-400,-816,1597,3675
IMU1,19678,194163846,-2771,-682,-32,-895,1664,3844
IMU1,19679,194174479,-2796,-722,-14,-864,1575,4014
IMU1,19680,194185136,-3145,-534,-247,-811,1282,4137
IMU1,19681,194195979,-2941,-585,-670,-768,600,4397
IMU1,19682,194206643,-2903,-453,-523,-838,485,4481
IMU1,19683,194217284,-2874,-387,-588,-896,591,4467
IMU1,19684,194227941,-2953,-332,-707,-972,640,4388
IMU1,19685,194238595,-3075,-299,-645,-1053,576,4287
IMU1,19686,194249454,-2982,-302,-606,-1103,498,4164
IMU1,19687,194260305,-2999,-297,-604,-1125,424,3997
IMU1,19688,194271162,-2767,-336,-573,-1118,323,3866
IMU1,19689,194282019,-2439,-186,-673,-1064,209,3277
IMU1,19690,194292857,-2461,-197,-675,-1024,268,2918
IMU1,19691,194303706,-2428,-143,-803,-968,213,2578
IMU1,19692,194314361,-2370,-61,-896,-914,91,2248
IMU1,19693,194324610,-2312,-4,-988,-870,1,1945
IMU1,19694,194334461,-2284,93,-1032,-816,-34,1681
IMU1,19695,194344905,-2295,159,-1027,-737,-28,1471
IMU1,19696,194355559,-2352,205,-936,-623,0,1336
IMU1,19697,194365616,-2335,224,-826,-468,9,1277
IMU1,19698,194375770,-2315,245,-756,-266,-52,1249
IMU1,19699,194386222,-2238,230,-745,-47,-194,1222
IMU1,19700,194396678,-2104,340,-1016,162,-405,1192
IMU1,19701,194407431,-1961,429,-1362,438,-820,979
IMU1,19702,194417973,-1896,460,-1543,409,-820,818
IMU1,19703,194428522,-1919,497,-1542,306,-638,663
IMU1,19704,194439093,-1947,527,-1469,170,-368,546
IMU1,19705,194449641,-1946,538,-1383,44,-116,476
IMU1,19706,194459990,-1964,545,-1276,-60,56,439
IMU1,19707,194470158,-1945,585,-1253,-141,134,420
IMU1,19708,194480724,-1912,588,-1281,-217,127,408
IMU1,19709,194491264,-1866,625,-1303,-300,73,404
IMU1,19710,194501621,-1800,666,-1295,-390,27,396
IMU1,19711,194511974,-1784,665,-1192,-474,37,383
IMU1,19712,194522870,-1767,668,-1103,-564,157,366
IMU1,19713,194533433,-1763,684,-1018,-560,193,353
IMU1,19714,194544001,-1729,727,-962,-521,198,327
IMU1,19715,194554352,-1704,776,-933,-466,169,285
IMU1,19716,194564730,-1710,835,-919,-403,107,232
IMU1,19717,194575066,-1731,870,-922,-334,38,184
IMU1,19718,194585208,-1710,894,-925,-265,-11,148
IMU1,19719,194595446,-1723,915,-894,-194,-48,131
IMU1,19720,194605684,-1720,914,-859,-112,-68,135
IMU1,19721,194618474,-1701,941,-837,70,-94,182
IMU1,19722,194628942,-1693,948,-876,152,-150,210
IMU1,19723,194639291,-1666,933,-909,203,-242,228
IMU1,19724,194649641,-1629,950,-942,249,-319,221
IMU1,19725,194659974,-1585,978,-1008,276,-366,204
IMU1,19726,194670518,-1554,996,-1091,268,-379,181
IMU1,19727,194681066,-1571,1014,-1127,242,-363,155
IMU1,19728,194691810,-1593,1037,-1149,201,-311,142
IMU1,19729,194702565,-1591,1035,-1169,156,-235,145
IMU1,19730,194713319,-1547,1043,-1174,116,-164,153
IMU1,19731,194724077,-1482,1044,-1109,82,-52,153
IMU1,19732,194734413,-1505,1025,-1091,60,-26,158
IMU1,19733,194744756,-1530,974,-1041,69,-14,165
IMU1,19734,194754899,-1589,929,-949,101,18,197
IMU1,19735,194764954,-1652,887,-885,143,57,251
IMU1,19736,194774988,-1745,814,-846,203,58,307
IMU1,19737,194785046,-1903,734,-827,265,-3,370
IMU1,19738,194795004,-2080,638,-812,319,-81,457
IMU1,19739,194805168,-2251,557,-803,374,-116,560
IMU1,19740,194815523,-2364,501,-757,424,-101,655
IMU1,19741,194825885,-2534,350,-617,480,-77,714
IMU1,19742,194836048,-2718,203,-441,564,-74,734
IMU1,19743,194846200,-2848,45,-247,687,-91,707
IMU1,19744,194856152,-2963,-96,-68,839,-102,617
IMU1,19745,194866203,-3125,-242,80,1001,-78,472
IMU1,19746,194876365,-3333,-355,159,1126,-33,289
IMU1,19747,194886724,-3583,-430,266,1189,-38,75
IMU1,19748,194897919,-4034,-593,563,1170,-276,-426
IMU1,19749,194908579,-4375,-647,648,1092,-488,-688
IMU1,19750,194919222,-4719,-666,699,985,-705,-919
IMU1,19751,194929686,-4985,-654,850,817,-863,-1106
IMU1,19752,194940336,-5188,-618,1019,633,-930,-1365
IMU1,19753,194951207,-5403,-496,1270,464,-1000,-1664
IMU1,19754,194962260,-5620,-291,1553,329,-1196,-2075
IMU1,19755,194973326,-6025,59,1759,235,-1564,-2576
IMU1,19756,194984602,-6869,774,1924,58,-2454,-3476
IMU1,19757,194995364,-7342,1072,2017,-115,-2665,-3801
IMU1,19758,195006616,-7651,1442,2178,-360,-2803,-4081
IMU1,19759,195017880,-7891,1876,2226,-670,-3099,-4432
IMU1,19760,195029162,-8201,2313,2059,-1085,-3533,-4917
IMU1,19761,195040628,-8805,2855,1746,-1664,-4034,-5492
IMU1,19762,195052085,-9554,4350,1502,-3262,-4717,-6618
IMU1,19763,195063565,-9741,5225,1164,-4158,-4661,-7336
IMU1,19764,195075051,-9780,5610,1177,-5151,-4682,-8262
IMU1,19765,195086517,-9948,5761,1492,-6155,-4537,-9295
IMU1,19766,195097995,-10149,5949,1964,-7039,-4225,-10272
IMU1,19767,195109868,-10428,5818,2961,-8091,-4216,-11482
IMU1,19768,195121736,-10257,5748,3132,-8309,-4540,-11531
IMU1,19769,195133623,-9843,5646,3000,-8427,-5073,-11263
IMU1,19770,195145298,-9103,5638,2625,-8553,-5673,-10750
IMU1,19771,195156982,-7098,5445,1311,-8688,-6381,-9469
IMU1,19772,195168470,-5921,5044,884,-8976,-6198,-8852
IMU1,19773,195179755,-4751,4661,480,-9014,-5498,-8348
IMU1,19774,195191036,-3917,4156,194,-8935,-4550,-7953
IMU1,19775,195202345,-3501,3645,312,-8650,-3574,-7518
IMU1,19776,195213622,-3307,3326,609,-8039,-2638,-6918
IMU1,19777,195224877,-2769,3273,715,-5985,-1346,-5308
IMU1,19778,195236141,-2328,3372,473,-4872,-1350,-4518
IMU1,19779,195247399,-2107,3391,6,-3883,-1806,-3878
IMU1,19780,195258254,-1827,3338,-600,-3137,-2432,-3332
IMU1,19781,195269613,-1688,3144,-1152,-2656,-2845,-2853
IMU1,19782,195281165,-1760,2844,-1835,-2401,-2812,-2394
IMU1,19783,195292715,-1426,2339,-1964,-2328,-1793,-1501
IMU1,19784,195304278,-1078,2145,-889,-2260,-1253,-1281
IMU1,19785,195315614,-812,1493,-51,-1838,-991,-1365
IMU1,19786,195326356,-1270,1249,-819,-1136,-1197,-1661
IMU1,19787,195337716,-2082,1175,-2042,-890,-1716,-1536
IMU1,19788,195349062,-1040,1297,-1316,-736,-1907,-863
IMU1,19789,195360201,-1197,1257,-1854,-592,-884,-598
IMU1,19790,195371145,-1052,1160,-1757,-657,-929,-314
IMU1,19791,195382105,-622,1039,-2047,-779,-948,-140
IMU1,19792,195392851,-727,930,-2029,-957,-778,-75
IMU1,19793,195403199,-655,779,-1940,-1101,-576,-12
IMU1,19794,195413754,-509,675,-1810,-1156,-412,7
IMU1,19795,195424015,-441,616,-1626,-1089,-211,-40
# swing_peak_seq=19769
IMU1,19796,195434541,-357,588,-1562,-899,-61,-116
IMU1,19797,195444893,-355,582,-1406,-623,-3,-188
IMU1,19798,195456077,-281,480,-1572,76,-130,-210
IMU1,19799,195466315,-419,461,-1571,387,-250,-202
IMU1,19800,195476762,-409,322,-1646,681,-341,-171
IMU1,19801,195487194,-400,249,-1913,897,-410,-115
IMU1,19802,195497646,-493,167,-2042,982,-354,-68
IMU1,19803,195507882,-463,84,-2117,968,-193,-13
IMU1,19804,195517925,-506,-14,-2078,886,-47,49
IMU1,19805,195527779,-537,-100,-1910,807,65,132
IMU1,19806,195537934,-524,-168,-1807,775,125,226
IMU1,19807,195548279,-500,-244,-1660,787,108,312
IMU1,19808,195558632,-416,-317,-1368,892,11,387
IMU1,19809,195568787,-341,-390,-1385,1103,-140,420
IMU1,19810,195579439,-410,-394,-1924,1294,-302,407
IMU1,19811,195590618,-520,-388,-1939,1318,-258,398
IMU1,19812,195601263,-433,-371,-1994,1220,-74,401
IMU1,19813,195611715,-419,-403,-1979,1089,107,393
IMU1,19814,195624822,-466,-447,-1860,957,258,415
IMU1,19815,195635183,-553,-476,-1811,858,367,483
IMU1,19816,195645555,-549,-434,-1721,783,414,598
IMU1,19817,195655918,-586,-421,-1623,752,436,731
IMU1,19818,195666281,-702,-353,-1493,763,448,875
IMU1,19819,195677158,-756,-316,-1428,881,406,1151
IMU1,19820,195687727,-684,-332,-1380,995,383,1261
IMU1,19821,195698277,-565,-413,-1389,1139,338,1311
IMU1,19822,195709031,-561,-526,-1467,1302,264,1302
IMU1,19823,195719785,-511,-639,-1573,1454,172,1267
IMU1,19824,195730555,-445,-716,-1646,1586,86,1212
IMU1,19825,195741122,-561,-727,-1657,1701,52,1149
IMU1,19826,195751679,-687,-736,-1639,1804,115,1119
IMU1,19827,195762449,-948,-681,-1501,1901,252,1131
IMU1,19828,195773223,-1070,-700,-1430,2105,518,1216
IMU1,19829,195784203,-1077,-787,-1455,2206,565,1253
IMU1,19830,195795177,-906,-983,-1509,2281,544,1259
IMU1,19831,195805956,-700,-1158,-1562,2325,495,1211
IMU1,19832,195816932,-665,-1227,-1482,2343,495,1116
IMU1,19833,195827904,-718,-1266,-1328,2368,590,1018
IMU1,19834,195838884,-890,-1298,-1109,2417,755,953
IMU1,19835,195850184,-1220,-1300,-1037,2534,1102,964
IMU1,19836,195861351,-1381,-1375,-978,2570,1230,1033
IMU1,19837,195872510,-1419,-1401,-904,2603,1298,1109
IMU1,19838,195883659,-1194,-1540,-917,2636,1273,1173
IMU1,19839,195894838,-1060,-1697,-950,2651,1145,1177
IMU1,19840,195906001,-960,-1693,-959,2647,977,1126
IMU1,19841,195916746,-980,-1599,-881,2630,783,993
IMU1,19842,195927322,-1052,-1565,-867,2637,805,972
IMU1,19843,195938077,-1141,-1556,-830,2657,869,1003
IMU1,19844,195949035,-1136,-1561,-790,2703,970,1076
IMU1,19845,195960007,-1137,-1567,-712,2770,1100,1171
IMU1,19846,195971169,-1125,-1609,-616,2859,1251,1268
IMU1,19847,195982330,-1103,-1657,-558,2963,1393,1354
IMU1,19848,195993495,-1035,-1815,-411,3065,1502,1463
IMU1,19849,196004671,-1035,-1855,-295,3229,1622,1481
IMU1,19850,196015805,-1044,-1881,-191,3305,1647,1478
IMU1,19851,196026951,-1081,-1888,-89,3374,1643,1455
IMU1,19852,196037894,-1116,-1869,-24,3440,1631,1425
IMU1,19853,196048847,-1122,-1846,-41,3498,1630,1392
IMU1,19854,196059786,-1107,-1771,-152,3516,1674,1366
IMU1,19855,196070949,-1243,-1871,-170,3301,2131,1401
IMU1,19856,196082106,-1317,-1852,-56,3092,2580,1500
IMU1,19857,196093065,-1399,-1830,-25,2874,3035,1631
IMU1,19858,196104039,-1495,-1806,57,2641,3319,1777
IMU1,19859,196114887,-1430,-1730,180,2420,3407,1904
IMU1,19860,196125953,-1358,-1609,306,2237,3381,1971
IMU1,19861,196137019,-1342,-1491,374,2095,3315,1988
IMU1,19862,196148596,-1344,-1368,463,1902,3182,1996
IMU1,19863,196159668,-1383,-1352,710,1861,3153,2048
IMU1,19864,196170753,-1417,-1308,903,1921,3152,2139
IMU1,19865,196181825,-1359,-1206,935,2058,3129,2252
IMU1,19866,196192897,-1137,-1076,917,2226,3066,2322
IMU1,19867,196203977,-883,-990,1177,2395,3008,2260
IMU1,19868,196214852,-1601,-771,1036,2577,2831,2368
IMU1,19869,196225914,-1701,-650,617,2812,2522,2536
IMU1,19870,196236787,-1625,-754,763,2797,2152,2742
IMU1,19871,196247674,-1566,-558,1121,2811,1844,2956
IMU1,19872,196258754,-1584,-514,1062,2883,1760,3141
IMU1,19873,196269827,-1526,-463,903,2936,1766,3325
IMU1,19874,196280701,-1559,-281,709,2903,1771,3485
IMU1,19875,196291566,-2000,-233,788,2799,1798,3692
IMU1,19876,196302436,-2070,-200,844,2517,2156,3807
IMU1,19877,196313309,-2099,-120,854,2346,2385,3871
IMU1,19878,196324190,-2074,5,755,2150,2526,3872
IMU1,19879,196334575,-2033,190,559,1918,2558,3790
IMU1,19880,196345372,-2000,290,384,1630,2511,3641
IMU1,19881,196356152,-2060,407,233,1305,2438,3457
IMU1,19882,196366923,-2191,542,124,966,2396,3298
IMU1,19883,196377498,-2373,654,83,639,2429,3209
IMU1,19884,196388923,-2503,863,86,109,2680,3228
IMU1,19885,196399289,-2599,1002,115,-85,2833,3270
IMU1,19886,196409960,-2789,1123,91,-237,2964,3338
IMU1,19887,196420623,-2984,1145,78,-371,3063,3456
IMU1,19888,196431301,-3130,1186,59,-491,3074,3621
IMU1,19889,196441993,-3258,1278,-98,-606,3000,3821
IMU1,19890,196452776,-3376,1234,-155,-726,2865,4049
IMU1,19891,196463753,-3405,1203,-165,-826,2706,4310
IMU1,19892,196474731,-3218,1203,-94,-902,2303,4782
IMU1,19893,196485518,-3062,1191,-77,-871,2006,4903
IMU1,19894,196496289,-2855,1253,-42,-792,1581,4917
IMU1,19895,196507065,-2752,1217,15,-639,1053,4827
IMU1,19896,196517736,-2813,1131,204,-397,439,4688
IMU1,19897,196528416,-2944,1102,261,-15,-296,4583
IMU1,19898,196538981,-2622,1176,-423,368,-1115,4508
IMU1,19899,196549951,-2294,1227,-593,621,-1758,4292
IMU1,19900,196560941,-2025,1234,-795,737,-1896,3568
IMU1,19901,196571923,-2028,1181,-1113,672,-1726,3199
IMU1,19902,196583115,-2071,1238,-1156,545,-1490,2900
IMU1,19903,196594301,-2016,1192,-1023,412,-1186,2663
IMU1,19904,196605484,-1787,1288,-1073,286,-839,2431
IMU1,19905,196616456,-1913,1205,-1380,118,-465,2141
IMU1,19906,196629945,-1943,1300,-955,-304,31,1729
IMU1,19907,196640481,-1953,1256,-775,-374,173,1576
IMU1,19908,196651212,-1936,1232,-766,-364,229,1444
IMU1,19909,196661941,-1953,1277,-731,-329,159,1339
IMU1,19910,196672678,-1930,1299,-712,-279,6,1233
IMU1,19911,196683012,-1836,1348,-677,-209,-200,1121
IMU1,19912,196693846,-1836,1377,-635,-112,-430,995
IMU1,19913,196704486,-1826,1383,-843,-6,-618,872
IMU1,19914,196715765,-1946,1432,-1044,90,-775,695
IMU1,19915,196726310,-2033,1345,-1151,11,-659,669
IMU1,19916,196736858,-2026,1320,-1167,-122,-457,666
IMU1,19917,196747678,-2060,1346,-1114,-277,-222,651
IMU1,19918,196758524,-2053,1266,-994,-417,-1,602
IMU1,19919,196768775,-1836,1196,-819,-502,93,507
IMU1,19920,196779128,-1507,1281,-675,-501,13,316
IMU1,19921,196789474,-1296,1362,-576,-411,-162,30
IMU1,19922,196799902,-1258,1377,-540,-247,-373,-272
IMU1,19923,196810656,-1251,1448,-515,-33,-610,-508
IMU1,19924,196821711,-1179,1479,-465,421,-879,-734
IMU1,19925,196832352,-1056,1473,-535,626,-812,-753
IMU1,19926,196842991,-1010,1539,-596,799,-671,-775
IMU1,19927,196853644,-898,1549,-719,899,-532,-787
IMU1,19928,196864098,-855,1618,-768,919,-409,-797
IMU1,19929,196874515,-868,1644,-821,864,-287,-804
IMU1,19930,196884934,-946,1634,-742,760,-174,-790
IMU1,19931,196895372,-1033,1640,-681,650,-99,-746
IMU1,19932,196905801,-1134,1653,-560,543,-48,-668
IMU1,19933,196916232,-1300,1553,-376,454,22,-561
IMU1,19934,196927093,-1693,1556,-278,302,153,-287
IMU1,19935,196937647,-1931,1443,-193,244,167,-162
IMU1,19936,196948160,-2137,1337,-136,195,156,-77
IMU1,19937,196958498,-2267,1286,-4,156,81,-60
IMU1,19938,196968237,-2413,1132,174,147,-21,-141
IMU1,19939,196978569,-2534,996,384,192,-142,-302
IMU1,19940,196988916,-2690,939,518,288,-282,-524
IMU1,19941,196999267,-2888,903,530,408,-391,-789
IMU1,19942,197009617,-3133,912,630,520,-420,-1059
IMU1,19943,197020178,-3453,934,602,608,-368,-1301
IMU1,19944,197030720,-3847,934,564,637,-262,-1498
IMU1,19945,197041268,-4192,963,890,599,-121,-1643
IMU1,19946,197052332,-5003,870,1221,394,223,-1889
IMU1,19947,197062999,-5321,830,1584,274,311,-2041
IMU1,19948,197073666,-5561,906,1895,140,180,-2292
IMU1,19949,197084329,-5672,895,1930,-3,-239,-2686
IMU1,19950,197094777,-6036,1910,1760,-182,-832,-3169
IMU1,19951,197105842,-5936,2060,1469,-424,-1435,-3729
IMU1,19952,197117104,-6201,2237,1261,-752,-1953,-4354
IMU1,19953,197128397,-6518,2938,1079,-1140,-1641,-5473
IMU1,19954,197139836,-6778,3036,1185,-2013,-1107,-6126
IMU1,19955,197151307,-7347,3181,1583,-2469,-744,-7002
IMU1,19956,197162590,-8254,3297,1903,-2856,-1013,-8075
IMU1,19957,197174041,-9147,3687,1875,-3205,-2008,-9153
IMU1,19958,197185498,-9580,5091,933,-3618,-3214,-10189
IMU1,19959,197196976,-10641,5397,349,-4995,-3694,-12087
IMU1,19960,197208629,-10961,5813,135,-5980,-2897,-12855
IMU1,19961,197220279,-11222,5360,392,-6894,-1809,-13550
IMU1,19962,197231940,-11389,4933,1035,-7526,-995,-14014
IMU1,19963,197243622,-10818,4183,1955,-7794,-643,-13955
IMU1,19964,197255282,-10272,4063,1996,-7639,-1278,-13445
IMU1,19965,197267142,-9415,4022,1948,-7492,-1702,-12696
IMU1,19966,197278816,-8432,3920,1941,-7311,-1908,-11902
IMU1,19967,197290483,-7589,3755,1968,-7054,-1840,-11166
IMU1,19968,197302148,-5986,3440,1591,-6202,-1449,-10175
IMU1,19969,197313823,-5402,3395,1252,-5783,-1313,-9856
IMU1,19970,197325286,-4794,3280,1064,-5418,-1233,-9541
IMU1,19971,197336750,-4249,3106,1033,-5086,-1122,-9168
IMU1,19972,197348226,-3580,3105,1134,-4707,-962,-8737
IMU1,19973,197359498,-2555,3149,1171,-3711,-773,-7858
IMU1,19974,197370789,-2457,3239,807,-3180,-853,-7346
IMU1,19975,197381864,-2276,3282,350,-2761,-1118,-6716
IMU1,19976,197393122,-2068,3333,-222,-2483,-1421,-6002
IMU1,19977,197404471,-1871,3250,-743,-2366,-1585,-5239
IMU1,19978,197415834,-1837,3037,-998,-2337,-1513,-4445
IMU1,19979,197427215,-1315,2539,-774,-2218,-745,-3005
IMU1,19980,197438358,-1016,2297,-441,-1991,-401,-2582
IMU1,19981,197449501,-1091,2092,-379,-1608,-335,-2466
IMU1,19982,197460632,-1519,1964,-878,-1234,-631,-2420
IMU1,19983,197471784,-1207,1897,-905,-935,-1155,-2296
IMU1,19984,197482945,-942,1860,-1100,-666,-1442,-2194
IMU1,19985,197494092,-858,1691,-1448,-329,-1018,-1919
IMU1,19986,197505227,-807,1680,-1489,-210,-723,-1690
IMU1,19987,197516154,-719,1684,-1592,-124,-575,-1480
IMU1,19988,197527108,-679,1660,-1764,-92,-491,-1296
IMU1,19989,197537842,-350,1615,-1861,-141,-418,-1087
# swing_peak_seq=19963
IMU1,19990,197548773,-104,1583,-1899,-233,-355,-1006
IMU1,19991,197559732,-90,1529,-1805,-328,-258,-993
IMU1,19992,197570283,-102,1431,-1805,-382,-175,-986
IMU1,19993,197581029,-51,1438,-1765,-417,-122,-879
IMU1,19994,197591570,-28,1441,-1838,-373,-102,-800
IMU1,19995,197602111,-29,1428,-1854,-322,-97,-704
IMU1,19996,197612448,-17,1383,-1816,-251,-103,-574
IMU1,19997,197622986,-9,1323,-1786,-149,-128,-423
IMU1,19998,197635880,16,1240,-1800,-33,-192,-267
IMU1,19999,197646108,127,1185,-1916,85,-293,-133
IMU1,20000,197656454,135,1146,-1998,173,-385,-43
IMU1,20001,197667828,-64,1045,-2164,218,-410,64
IMU1,20002,197677968,60,981,-2235,203,-376,124
IMU1,20003,197688018,74,969,-2250,176,-322,155
IMU1,20004,197698050,34,924,-2208,141,-248,174
IMU1,20005,197708088,34,896,-2141,141,-214,217
IMU1,20006,197718136,-7,872,-2058,181,-234,284
IMU1,20007,197728084,40,838,-2044,266,-293,368
IMU1,20008,197738118,7,792,-1955,385,-373,450
IMU1,20009,197747979,-9,731,-1847,558,-453,534
IMU1,20010,197757939,-54,670,-1960,764,-541,597
IMU1,20011,197768099,-151,681,-2108,940,-637,636
IMU1,20012,197778446,-176,691,-2270,1041,-690,675
IMU1,20013,197788983,-169,731,-2292,1070,-619,711
IMU1,20014,197799530,-283,725,-2139,1071,-439,737
IMU1,20015,197810082,-352,691,-2025,1109,-293,781
IMU1,20016,197820634,-253,670,-2042,1182,-270,836
IMU1,20017,197831191,-389,657,-2101,1310,-257,856
IMU1,20018,197841749,-541,659,-2026,1365,-231,931
IMU1,20019,197852291,-504,653,-2106,1398,-214,1079
IMU1,20020,197863033,-503,670,-1963,1423,-138,1231
IMU1,20021,197873784,-581,625,-1878,1475,8,1361
IMU1,20022,197884047,-659,563,-1867,1543,115,1475
IMU1,20023,197894703,-612,505,-1833,1616,124,1581
IMU1,20024,197905358,-497,401,-1821,1690,129,1657
IMU1,20025,197916002,-416,305,-1847,1743,209,1699
IMU1,20026,197926653,-360,191,-1726,1767,464,1716
IMU1,20027,197937287,-346,152,-1590,1806,553,1731
IMU1,20028,197947942,-404,102,-1481,1860,610,1749
IMU1,20029,197958594,-418,10,-1428,1944,612,1802
IMU1,20030,197969042,-420,-82,-1448,2038,551,1878
IMU1,20031,197979586,-407,-165,-1518,2119,455,1974
IMU1,20032,197990341,-388,-239,-1560,2178,381,2078
IMU1,20033,198001116,-414,-329,-1663,2204,375,2178
IMU1,20034,198011861,-400,-386,-1727,2184,460,2269
IMU1,20035,198022611,-502,-472,-1633,2130,620,2396
IMU1,20036,198033369,-538,-573,-1523,2012,1012,2442
IMU1,20037,198044324,-540,-704,-1430,1986,1116,2481
IMU1,20038,198055278,-604,-824,-1341,2006,1138,2506
IMU1,20039,198066231,-642,-969,-1220,2058,1078,2540
IMU1,20040,198077194,-696,-1073,-1105,2161,967,2576
IMU1,20041,198088156,-740,-1134,-1038,2307,836,2607
IMU1,20042,198099103,-723,-1189,-932,2485,715,2619
IMU1,20043,198110387,-601,-1164,-925,2875,596,2542
IMU1,20044,198121169,-555,-1151,-902,3033,635,2441
IMU1,20045,198131944,-531,-1128,-950,3169,711,2301
IMU1,20046,198142723,-566,-1092,-1030,3258,804,2168
IMU1,20047,198153680,-585,-1141,-1084,3289,909,2077
IMU1,20048,198164629,-537,-1288,-1043,3261,1014,2035
IMU1,20049,198175761,-506,-1425,-914,3216,1101,2037
IMU1,20050,198187240,-467,-1465,-664,3183,1229,2095
IMU1,20051,198198198,-461,-1462,-587,3207,1254,2140
IMU1,20052,198209159,-575,-1486,-532,3255,1248,2172
IMU1,20053,198220118,-685,-1475,-543,3308,1236,2212
IMU1,20054,198231092,-693,-1531,-549,3331,1242,2252
IMU1,20055,198242062,-674,-1593,-486,3322,1295,2263
IMU1,20056,198253019,-642,-1794,22,3301,1418,2231
IMU1,20057,198264188,-617,-1983,-299,3402,1785,1898
IMU1,20058,198275143,-965,-1848,-210,3361,1875,1823
IMU1,20059,198286092,-875,-1728,-157,3278,1836,1851
IMU1,20060,198297043,-802,-1817,146,3216,1736,1898
IMU1,20061,198307897,-798,-1858,88,3229,1644,1948
IMU1,20062,198318544,-855,-1743,54,3252,1618,2018
IMU1,20063,198329199,-915,-1790,210,3275,1729,2108
IMU1,20064,198340063,-1140,-2021,651,3300,2028,2291
IMU1,20065,198351117,-1083,-1948,144,3331,2975,2387
IMU1,20066,198362191,-1147,-1757,-71,3132,3322,2458
IMU1,20067,198373165,-1249,-1487,29,2817,3559,2509
IMU1,20068,198384035,-1161,-1483,129,2483,3704,2542
IMU1,20069,198395103,-1234,-1445,268,2186,3731,2547
IMU1,20070,198406190,-1426,-1378,357,1947,3673,2564
IMU1,20071,198417241,-1518,-1398,456,1685,3299,2618
IMU1,20072,198428284,-1733,-1365,703,1672,2964,2601
IMU1,20073,198439324,-1926,-1386,890,1790,2585,2585
IMU1,20074,198450367,-2109,-1426,583,2000,2254,2606
IMU1,20075,198461426,-2162,-1283,394,2143,2120,2691
IMU1,20076,198472484,-2037,-1202,382,2181,2346,2815
IMU1,20077,198483534,-2019,-1173,200,2135,2826,2926
IMU1,20078,198495103,-2287,-990,-235,1701,3331,3116
IMU1,20079,198506070,-2357,-884,-291,1365,3213,3188
IMU1,20080,198517028,-2426,-794,-326,1046,3025,3219
IMU1,20081,198527981,-2544,-628,-367,750,2868,3248
IMU1,20082,198538760,-2796,-610,-331,511,2769,3300
IMU1,20083,198549518,-3225,-603,-366,350,2725,3429
IMU1,20084,198560275,-3470,-717,-306,259,2741,3684
IMU1,20085,198571025,-3020,-713,-644,222,2989,4122
IMU1,20086,198581791,-2715,-632,-928,-12,3184,4084
IMU1,20087,198592445,-2629,-578,-1281,-279,3326,3862
IMU1,20088,198603474,-2888,-517,-1440,-628,3467,3551
IMU1,20089,198614529,-3048,-673,-1549,-999,3608,3265
IMU1,20090,198625581,-2981,-663,-1530,-1319,3645,2969
IMU1,20091,198639393,-2939,-489,-1663,-1609,3416,2184
IMU1,20092,198650639,-3130,-488,-1601,-1615,3301,1849
IMU1,20093,198661888,-3374,-541,-1385,-1484,3190,1669
IMU1,20094,198673127,-3342,-586,-1152,-1182,2966,1724
IMU1,20095,198684371,-3006,-521,-1274,-788,2581,1836
IMU1,20096,198695421,-2693,-383,-1521,-383,2148,1922
IMU1,20097,198706465,-2342,-313,-1560,228,1508,1953
IMU1,20098,198717429,-2251,-230,-1701,436,1241,1931
IMU1,20099,198728390,-2131,-116,-1819,577,1016,1894
IMU1,20100,198739337,-2023,-58,-1861,658,904,1853
IMU1,20101,198749877,-1966,-18,-1822,699,933,1830
IMU1,20102,198760431,-2338,71,-1373,763,1026,1854
IMU1,20103,198771082,-2533,-57,-824,976,945,2159
IMU1,20104,198781451,-2324,-7,-742,1369,503,2544
IMU1,20105,198791808,-1773,50,-271,1833,-155,2832
IMU1,20106,198802881,-2397,220,-376,3051,-1541,3054
IMU1,20107,198813844,-1609,-29,-959,3570,-2207,3174
IMU1,20108,198824703,-1754,42,-1309,3820,-2618,2886
IMU1,20109,198835654,-2071,222,-1074,3940,-2501,2793
IMU1,20110,198846819,-1225,12,-1287,3881,-2180,2701
IMU1,20111,198857771,-1481,602,-859,3656,-1667,2330
IMU1,20112,198868736,-1616,536,-960,3356,-1131,2029
IMU1,20113,198879689,-1388,732,-674,2493,-367,1647
IMU1,20114,198890447,-1057,671,-701,2058,-282,1526
IMU1,20115,198901199,-1089,882,-596,1684,-301,1334
IMU1,0,472,-91,-569,1961,-80,-2,-30
IMU1,1,7838,-100,-552,1972,-60,26,-20
IMU1,2,15815,-93,-566,1973,-43,50,-15
IMU1,3,23793,-104,-579,1976,-30,47,-4
IMU1,4,31774,-110,-573,1978,-16,37,6
IMU1,5,41226,-104,-574,1948,-11,27,13
IMU1,6,50858,-102,-574,1954,-11,16,18
IMU1,7,60507,-102,-578,1967,-11,-3,17
IMU1,8,70569,-81,-584,1963,-8,-16,15
IMU1,9,79906,-76,-586,1970,4,-11,12
IMU1,10,89690,-73,-586,1988,21,7,9
IMU1,11,99357,-68,-587,1990,36,31,4
IMU1,12,108720,-59,-577,1972,51,46,-1
IMU1,13,118369,-89,-578,1975,59,43,-2
IMU1,14,128022,-102,-580,1986,60,36,-3
IMU1,15,137849,-105,-577,1979,52,28,7
IMU1,16,147078,-116,-576,1980,35,19,12
IMU1,17,157035,-111,-583,1986,20,11,7
IMU1,18,166271,-103,-590,1995,-6,-13,10
IMU1,19,176214,-105,-589,2003,-25,-34,6
IMU1,20,185627,-90,-595,2013,-42,-46,-1
IMU1,21,195455,-96,-593,2016,-46,-52,-10
IMU1,22,204970,-90,-604,2015,-54,-51,-13
IMU1,23,214471,-100,-607,2011,-57,-41,-7
IMU1,24,223985,-98,-605,1986,-52,-15,-5
IMU1,25,233841,-113,-607,1987,-51,-1,1
IMU1,26,243589,-120,-610,2010,-51,1,8
IMU1,27,253242,-124,-609,2004,-51,0,21
IMU1,28,262472,-124,-611,1992,-54,3,31
IMU1,29,272318,-124,-613,1988,-60,-3,36
IMU1,30,281747,-131,-621,1991,-69,-18,30
IMU1,31,291372,-120,-622,1982,-77,-37,28
IMU1,32,301001,-108,-619,1963,-93,-55,27
IMU1,33,310630,-109,-627,1978,-96,-52,6
IMU1,34,320586,-113,-630,1989,-109,-52,0
IMU1,35,330112,-114,-629,1981,-102,-30,-11
IMU1,36,339511,-112,-632,1984,-106,-8,-18
IMU1,37,349235,-120,-625,1987,-100,0,-23
IMU1,38,358760,-127,-626,1999,-88,1,-30
IMU1,39,368705,-128,-635,1996,-79,-3,-27
IMU1,40,378229,-135,-650,1978,-65,-10,-24
IMU1,41,387953,-139,-645,1950,-56,-26,-19
IMU1,42,397151,-139,-644,1936,-52,-37,-22
IMU1,43,406869,-130,-633,1946,-51,-50,-12
IMU1,44,416599,-129,-633,1953,-45,-52,-4
IMU1,45,426117,-117,-639,1956,-37,-41,-10
IMU1,46,435839,-124,-633,1964,-31,-26,-12
IMU1,47,445561,-124,-626,1970,-23,-7,-7
IMU1,48,454888,-121,-632,1979,-20,5,-4
IMU1,49,464636,-120,-632,1976,-16,14,-12
IMU1,50,474265,-122,-625,1976,-9,26,-27
IMU1,51,483694,-133,-630,1974,-11,27,-34
IMU1,52,493327,-139,-629,1979,-4,6,-36
IMU1,53,503081,-131,-627,1970,-1,-23,-32
IMU1,54,512610,-132,-633,1957,6,-38,-34
IMU1,55,522557,-122,-644,1959,6,-43,-22
IMU1,56,531975,-114,-648,1956,10,-24,-11
IMU1,57,541603,-113,-639,1952,10,8,-2
IMU1,58,551261,-116,-630,1945,17,42,-4
IMU1,59,560603,-120,-635,1942,5,45,-2
IMU1,60,570265,-129,-634,1950,-3,37,-1
IMU1,61,580025,-127,-639,1951,-12,24,-2
IMU1,62,589452,-121,-645,1948,-13,6,-3
IMU1,63,599194,-120,-654,1960,-13,-16,-3
IMU1,64,608723,-120,-657,1968,-10,-27,-11
IMU1,65,618441,-115,-650,1978,1,-23,-17
IMU1,66,627866,-108,-645,1980,13,-10,-23
IMU1,67,637487,-121,-638,1987,15,6,-23
IMU1,68,647353,-132,-639,1994,18,29,-24
IMU1,69,656894,-140,-634,1986,19,33,-25
IMU1,70,666419,-134,-635,1978,15,8,-17
IMU1,71,676266,-125,-642,1973,15,-9,-12
IMU1,72,685683,-119,-646,1964,7,-12,-10
IMU1,73,695626,-121,-644,1965,4,0,-20
IMU1,74,705185,-115,-655,1968,4,12,-22
IMU1,75,714521,-120,-657,1974,1,21,-17
IMU1,76,724380,-121,-654,1982,0,32,-8
IMU1,77,733941,-123,-647,1980,-1,60,-14
IMU1,78,743377,-128,-638,1963,-2,77,-21
IMU1,79,753334,-145,-641,1977,-11,76,-21
IMU1,80,762969,-149,-658,1988,-21,60,-21
IMU1,81,772596,-144,-653,1985,-26,37,-29
IMU1,82,782225,-142,-653,1980,-41,11,-27
IMU1,83,791852,-136,-656,1977,-43,3,-30
IMU1,84,801292,-135,-662,1982,-46,4,-29
IMU1,85,810709,-121,-670,1993,-51,13,-34
IMU1,86,820344,-117,-669,1982,-49,39,-35
IMU1,87,829957,-120,-674,1986,-44,73,-29
IMU1,88,839581,-127,-675,1994,-44,110,-28
IMU1,89,849410,-135,-671,1995,-45,137,-22
IMU1,90,858716,-149,-682,1983,-59,145,-14
IMU1,91,868549,-163,-683,1998,-75,141,-25
IMU1,92,878377,-221,-649,2012,-101,103,-30
IMU1,93,887885,-182,-663,2005,-128,87,-43
IMU1,94,897187,-137,-692,1991,-159,101,-55
IMU1,95,907219,-185,-671,1968,-175,98,-80
IMU1,96,916521,-200,-663,1975,-204,58,-84
IMU1,97,926345,-159,-698,1956,-220,43,-85
IMU1,98,935662,-142,-729,1959,-237,31,-80
IMU1,99,945503,-130,-741,1952,-244,22,-86
IMU1,100,955341,-149,-714,1934,-256,7,-91
IMU1,101,964664,-148,-718,1925,-248,4,-93
IMU1,102,974491,-149,-729,1928,-245,3,-95
IMU1,103,983795,-161,-725,1912,-243,-4,-94
IMU1,104,993722,-185,-737,1913,-235,-17,-91
IMU1,105,1005555,-181,-735,1909,-225,-32,-93
IMU1,106,1014845,-216,-676,1904,-202,-36,-101
IMU1,107,1024329,-213,-732,1921,-181,-3,-91
IMU1,108,1033385,-95,-834,1919,-147,87,-88
IMU1,109,1042373,-199,-790,1868,-114,105,-98
IMU1,110,1051760,-228,-724,1898,-91,45,-84
IMU1,111,1060746,-206,-735,1891,-66,-14,-66
IMU1,112,1070353,-181,-762,1894,-37,-49,-51
IMU1,113,1079962,-170,-753,1902,-8,-49,-37
IMU1,114,1089900,-179,-757,1899,28,-22,-26
IMU1,115,1099408,-169,-753,1898,57,13,-18
IMU1,116,1108827,-160,-758,1908,76,39,-5
IMU1,117,1118566,-156,-767,1937,105,76,-8
IMU1,118,1127992,-148,-769,1962,130,120,-11
IMU1,119,1137807,-126,-775,1958,163,183,-25
IMU1,120,1147617,-137,-787,1961,173,252,-43
IMU1,121,1156905,-136,-761,1956,177,310,-62
IMU1,122,1166723,-378,-631,1776,171,282,-83
IMU1,123,1176537,-246,-672,1896,132,71,-91
IMU1,124,1186161,-214,-737,1907,97,-151,-94
IMU1,125,1195361,-215,-710,1964,52,-216,-86
IMU1,126,1205077,-315,-577,1974,33,-136,-65
IMU1,127,1214800,-222,-591,1935,21,30,-39
IMU1,128,1224220,-303,-720,1959,30,132,-41
IMU1,129,1233842,-240,-754,1874,51,123,-43
IMU1,130,1243455,-228,-755,1948,78,83,-60
IMU1,131,1253398,-224,-692,1929,130,68,-75
IMU1,132,1263022,-243,-681,1922,167,72,-87
IMU1,133,1272639,-165,-722,2020,198,72,-94
IMU1,134,1282262,-236,-668,1928,221,61,-117
IMU1,135,1291541,-266,-559,1909,216,44,-130
IMU1,136,1301355,-335,-552,1863,205,-3,-147
IMU1,137,1311072,-324,-695,1867,198,-99,-156
IMU1,138,1320455,-252,-800,1941,202,-170,-157
IMU1,139,1330027,-177,-843,1999,208,-148,-158
IMU1,140,1339611,-70,-903,2062,209,-11,-146
IMU1,141,1349318,-125,-530,1993,203,182,-102
IMU1,142,1358805,-316,-466,1866,183,287,-60
IMU1,143,1368617,-286,-764,1918,137,215,-20
IMU1,144,1378437,-199,-769,1951,97,113,3
IMU1,145,1387761,-220,-551,1894,50,47,17
IMU1,146,1397605,-247,-537,1864,-1,-27,17
IMU1,147,1406914,-223,-682,1872,-43,-110,10
IMU1,148,1416629,-159,-799,1912,-70,-166,-9
IMU1,149,1426249,-118,-815,1932,-82,-186,-28
IMU1,150,1436045,-152,-716,1953,-77,-175,-40
IMU1,151,1445335,-188,-717,1972,-62,-134,-30
IMU1,152,1455142,-219,-682,1975,-53,-87,-7
IMU1,153,1464555,-230,-706,1961,-33,-41,9
IMU1,154,1474392,-260,-653,1947,5,-10,8
IMU1,155,1483941,-202,-802,1942,57,13,-8
IMU1,156,1493680,-135,-804,1973,107,-34,-27
IMU1,157,1503389,-95,-819,1970,165,-94,-59
IMU1,158,1512906,-86,-754,1956,210,-146,-74
IMU1,159,1522634,-99,-707,1969,233,-155,-67
IMU1,160,1532361,-136,-680,1948,245,-133,-47
IMU1,161,1541752,-143,-679,1986,250,-106,-26
IMU1,162,1551139,-161,-675,2027,249,-83,-16
IMU1,163,1560848,-151,-664,2015,251,-52,-16
IMU1,164,1570552,-125,-686,2011,260,3,-42
IMU1,165,1579969,-114,-702,2030,259,34,-77
IMU1,166,1589596,-114,-662,2028,265,43,-121
IMU1,167,1599415,-137,-635,1995,271,30,-167
IMU1,168,1609246,-164,-627,1965,269,-1,-201
IMU1,169,1618427,-174,-599,1952,258,-28,-217
IMU1,170,1628328,-185,-582,1950,258,-31,-246
IMU1,171,1637714,-206,-563,1905,258,-35,-254
IMU1,172,1647640,-179,-558,1938,260,-27,-268
IMU1,173,1657020,-209,-579,1904,267,-56,-267
IMU1,174,1666927,-135,-555,1970,280,-103,-250
IMU1,175,1676503,-127,-576,1950,275,-165,-217
IMU1,176,1686087,-160,-567,1986,262,-219,-157
IMU1,177,1695661,-125,-564,2039,242,-201,-69
IMU1,178,1705045,-93,-584,2079,228,-107,21
IMU1,179,1714651,-131,-595,2059,204,-47,125
IMU1,180,1724467,-199,-571,2042,173,-34,218
IMU1,181,1734279,-224,-596,2042,145,-42,293
IMU1,182,1743581,-222,-598,2045,128,-78,322
IMU1,183,1753395,-231,-573,2022,107,-169,325
IMU1,184,1762891,-231,-596,2000,89,-252,304
IMU1,185,1772702,-232,-622,2003,64,-316,273
IMU1,186,1782011,-230,-609,2007,46,-360,235
IMU1,187,1791826,-188,-601,1985,28,-413,201
IMU1,188,1801657,-91,-611,1969,9,-471,170
IMU1,189,1811076,-30,-612,1955,-30,-515,140
IMU1,190,1820800,4,-594,1944,-58,-530,116
IMU1,191,1830217,21,-581,1931,-78,-518,94
IMU1,192,1839652,43,-570,1944,-89,-485,67
IMU1,193,1849598,44,-564,1963,-85,-430,40
IMU1,194,1859019,36,-560,1972,-78,-352,4
IMU1,195,1868765,28,-549,1982,-61,-261,-39
IMU1,196,1878291,40,-603,1972,-36,-176,-84
IMU1,197,1887813,-41,-516,2039,-13,-93,-119
IMU1,198,1897431,-34,-549,1991,12,7,-132
IMU1,199,1907181,-23,-566,1999,32,78,-143
IMU1,200,1916621,-59,-542,2031,55,118,-157
IMU1,201,1926258,-90,-526,2041,62,124,-157
IMU1,202,1935872,-94,-534,2032,72,106,-152
IMU1,203,1945499,-123,-542,1997,79,72,-144
IMU1,204,1955138,-138,-545,1968,78,31,-131
IMU1,205,1964769,-135,-561,1894,52,4,-101
IMU1,206,1974722,-70,-585,1881,18,30,-71
IMU1,207,1983942,-78,-554,1864,-24,100,-56
IMU1,208,1993993,-50,-538,1902,-70,182,-51
IMU1,209,2005646,-64,-566,1951,-120,241,-60
IMU1,210,2014834,-75,-575,1984,-154,275,-74
IMU1,211,2024040,-93,-568,2002,-175,272,-89
IMU1,212,2033223,-112,-590,2014,-198,235,-95
IMU1,213,2042626,-150,-648,2021,-208,197,-101
IMU1,214,2052219,-137,-677,2034,-219,182,-101
IMU1,215,2061792,-124,-706,2051,-219,180,-103
IMU1,216,2071370,-121,-766,2062,-211,185,-120
IMU1,217,2080952,-139,-816,2068,-191,189,-145
IMU1,218,2090530,-154,-843,2034,-166,173,-178
IMU1,219,2100106,-138,-856,2056,-147,134,-218
IMU1,220,2109688,-124,-879,2073,-115,107,-274
IMU1,221,2119274,-126,-900,2091,-74,95,-325
IMU1,222,2128470,-151,-887,2091,-18,100,-377
IMU1,223,2137859,-167,-884,2097,30,100,-423
IMU1,224,2147662,-165,-881,2082,79,81,-465
IMU1,225,2157277,-172,-864,2079,117,53,-501
IMU1,226,2167099,-186,-859,2055,140,26,-525
IMU1,227,2176395,-196,-851,2020,150,0,-555
IMU1,228,2185911,-144,-783,1806,131,-18,-568
IMU1,229,2195832,-169,-772,1823,35,4,-581
IMU1,230,2205266,-187,-749,1728,-105,91,-586
IMU1,231,2215185,-209,-784,1846,-245,219,-594
IMU1,232,2224786,-199,-699,2054,-361,318,-599
IMU1,233,2234396,-163,-747,2160,-392,362,-619
IMU1,234,2244008,-193,-748,2094,-365,315,-677
IMU1,235,2253602,-259,-699,2109,-336,217,-703
IMU1,236,2263188,-245,-724,2088,-311,177,-691
IMU1,237,2272783,-215,-743,2055,-290,191,-662
IMU1,238,2282387,-212,-725,2044,-285,224,-630
IMU1,239,2291992,-207,-710,1998,-283,234,-603
IMU1,240,2301609,-207,-714,1932,-295,228,-584
IMU1,241,2311206,-234,-727,1896,-325,228,-571
IMU1,242,2320800,-247,-746,1888,-365,260,-554
IMU1,243,2330385,-277,-768,1902,-404,308,-542
IMU1,244,2339993,-268,-791,1934,-430,331,-532
IMU1,245,2349598,-222,-795,1988,-436,312,-545
IMU1,246,2359218,-179,-747,2043,-414,273,-574
IMU1,247,2368816,-155,-725,2046,-371,248,-618
IMU1,248,2378407,-110,-665,2006,-321,230,-648
IMU1,249,2387987,-151,-698,1978,-284,219,-673
IMU1,250,2397591,-224,-703,1975,-248,218,-667
IMU1,251,2407198,-224,-713,1951,-221,226,-635
IMU1,252,2416805,-218,-714,1916,-201,229,-594
IMU1,253,2426402,-223,-706,1872,-201,218,-570
IMU1,254,2436004,-249,-789,1869,-223,201,-543
IMU1,255,2445599,-257,-822,1924,-237,186,-522
IMU1,256,2455199,-237,-867,1986,-236,167,-515
IMU1,257,2464813,-230,-905,2052,-209,142,-527
IMU1,258,2474399,-207,-880,2053,-157,113,-555
IMU1,259,2484001,-179,-893,2017,-92,75,-596
IMU1,260,2493709,-177,-866,1923,-48,37,-635
IMU1,261,2503430,-158,-866,1877,-25,33,-673
IMU1,262,2513158,-175,-875,1800,-27,64,-698
IMU1,263,2522880,-213,-896,1800,-46,118,-709
IMU1,264,2532273,-217,-880,1788,-70,168,-711
IMU1,265,2541678,-214,-868,1795,-94,197,-709
IMU1,266,2551604,-172,-861,1814,-123,197,-714
IMU1,267,2561213,-153,-840,1831,-145,186,-738
IMU1,268,2570795,-125,-855,1836,-163,192,-769
IMU1,269,2580385,-157,-883,1833,-176,226,-817
IMU1,270,2589980,-195,-875,1868,-185,266,-834
IMU1,271,2599580,-193,-879,1889,-182,297,-824
IMU1,272,2609183,-245,-918,1934,-171,312,-796
IMU1,273,2618794,-185,-843,1914,-148,314,-762
IMU1,274,2628411,-204,-936,1947,-130,306,-744
IMU1,275,2638002,-223,-936,1996,-103,298,-726
IMU1,276,2647598,-178,-934,2031,-59,269,-708
IMU1,277,2657519,-140,-919,2038,-6,223,-713
IMU1,278,2666725,-87,-889,2021,50,175,-738
IMU1,279,2676333,-87,-895,1989,84,128,-767
IMU1,280,2685948,-73,-856,1936,112,116,-798
IMU1,281,2695774,-99,-903,1903,115,121,-811
IMU1,282,2705592,-87,-840,1877,98,136,-795
IMU1,283,2715221,-80,-867,1882,77,154,-781
IMU1,284,2724843,-98,-874,1894,60,169,-767
IMU1,285,2734454,-88,-871,1925,43,161,-742
IMU1,286,2744064,-61,-847,1918,47,127,-726
IMU1,287,2753687,51,-734,1849,42,92,-719
IMU1,288,2763013,85,-813,1885,30,82,-756
IMU1,289,2772869,68,-752,1883,18,115,-807
IMU1,290,2782391,103,-679,1796,-2,162,-842
IMU1,291,2792024,86,-702,1775,-51,203,-866
IMU1,292,2801638,-17,-751,1811,-121,249,-859
IMU1,293,2811031,-32,-706,1783,-172,301,-823
IMU1,294,2820955,-43,-768,1770,-226,338,-764
IMU1,295,2830354,-88,-824,1827,-277,365,-676
IMU1,296,2840275,-87,-838,1854,-303,384,-591
IMU1,297,2849686,-62,-875,1865,-315,377,-522
IMU1,298,2859086,-56,-909,1876,-305,349,-485
IMU1,299,2869017,-42,-921,1889,-274,323,-482
IMU1,300,2878406,-7,-928,1897,-233,309,-502
IMU1,301,2888134,33,-897,1861,-176,308,-542
IMU1,302,2897952,34,-891,1814,-109,314,-594
IMU1,303,2907258,106,-751,1725,-63,333,-639
IMU1,304,2917091,145,-702,1641,-57,369,-685
IMU1,305,2926401,-3,-771,1566,-86,422,-721
IMU1,306,2936445,-141,-761,1538,-152,474,-685
IMU1,307,2946054,-216,-792,1515,-216,516,-590
IMU1,308,2955673,-189,-854,1533,-277,534,-455
IMU1,309,2965282,-209,-903,1566,-312,545,-330
IMU1,310,2974887,-211,-973,1578,-315,548,-231
IMU1,311,2984496,-164,-1008,1533,-298,554,-172
IMU1,312,2994294,-130,-1036,1461,-285,597,-162
IMU1,313,3006850,-121,-1064,1442,-275,693,-194
IMU1,314,3016656,-113,-1039,1508,-268,807,-248
IMU1,315,3026460,-108,-1022,1587,-242,908,-318
IMU1,316,3036275,-141,-1038,1689,-189,981,-393
IMU1,317,3046081,-209,-1011,1644,-111,1010,-446
IMU1,318,3056079,-307,-997,1578,-40,995,-455
IMU1,319,3065500,-358,-1010,1460,-1,971,-404
IMU1,320,3074922,-395,-934,1384,3,972,-296
IMU1,321,3084025,-366,-881,1303,-20,1003,-144
IMU1,322,3093607,-508,-798,1368,-61,1052,34
IMU1,323,3102910,-503,-776,1297,-64,1137,265
IMU1,324,3112419,-491,-751,1176,-59,1180,525
IMU1,325,3121938,-546,-656,1133,-60,1169,771
IMU1,326,3131451,-636,-643,1231,-37,1168,1000
IMU1,327,3141165,-701,-684,1346,46,1166,1210
IMU1,328,3150775,-617,-672,1467,188,1146,1399
IMU1,329,3160595,-454,-634,1489,370,1116,1528
IMU1,330,3170425,-350,-514,1446,560,1107,1582
IMU1,331,3180253,-325,-470,1382,733,1140,1590
IMU1,332,3190078,-368,-456,1278,879,1223,1572
IMU1,333,3199918,-473,-453,1162,986,1336,1558
IMU1,334,3209765,-555,-449,1003,1046,1462,1554
IMU1,335,3219766,-649,-415,887,1053,1597,1558
IMU1,336,3229579,-735,-334,814,1013,1768,1573
IMU1,337,3239391,-806,-265,704,942,1980,1598
IMU1,338,3249010,-970,-210,537,826,2230,1651
IMU1,339,3258624,-1082,-158,371,653,2507,1740
IMU1,340,3268442,-1149,-112,277,441,2772,1834
IMU1,341,3278260,-1226,-37,325,218,3016,1911
IMU1,342,3287862,-1244,37,375,31,3249,1961
IMU1,343,3297161,-1269,20,258,-124,3432,1970
IMU1,344,3306765,-1650,185,262,-280,3546,1964
IMU1,345,3316562,-1793,382,551,-412,3585,2003
IMU1,346,3326372,-2037,302,701,-435,3555,2072
IMU1,347,3336202,-2182,300,960,-359,3531,2209
IMU1,348,3346010,-1991,522,1190,-198,3621,2382
IMU1,349,3356027,-1940,771,1534,50,3788,2506
IMU1,350,3365758,-1825,842,1716,378,4073,2589
IMU1,351,3375674,-1515,743,2236,810,4381,2556
IMU1,352,3385623,-2337,399,1267,1294,4380,2442
IMU1,353,3395737,-2555,829,1049,1567,3915,2429
IMU1,354,3405867,-3163,687,2532,1716,3205,2469
IMU1,355,3417030,-2901,575,2211,2467,1552,2805
IMU1,356,3427166,-2759,714,1663,2926,931,2930
IMU1,357,3437103,-2525,742,1459,3218,554,2976
IMU1,358,3447036,-2360,770,1264,3398,270,2938
IMU1,359,3456975,-2001,894,842,3481,199,2822
IMU1,360,3466679,-1960,852,1072,3465,364,2627
IMU1,361,3476593,-1981,789,851,3442,557,2428
IMU1,362,3486322,-2040,1003,670,3350,718,2243
IMU1,363,3496241,-2103,1060,799,3205,792,2063
IMU1,364,3506161,-2219,1093,1040,3089,708,1915
IMU1,365,3516297,-2229,1178,866,3028,539,1841
IMU1,366,3526238,-1994,1303,716,2935,437,1814
IMU1,367,3536166,-1918,1383,893,2803,442,1766
IMU1,368,3546072,-1921,1359,1083,2694,398,1693
IMU1,369,3556184,-2045,1292,909,2596,287,1633
IMU1,370,3566092,-2253,1288,791,2442,148,1615
IMU1,371,3576002,-2409,1401,843,2247,-76,1656
IMU1,372,3585811,-2190,1545,625,2054,-357,1728
IMU1,373,3595830,-1872,1621,438,1819,-476,1756
IMU1,374,3605856,-1723,1556,526,1540,-335,1712
IMU1,375,3615865,-1769,1463,530,1252,-97,1618
IMU1,376,3625675,-2027,1410,381,969,84,1511
IMU1,377,3635186,-2301,1360,309,673,156,1437
IMU1,378,3644929,-2507,1335,353,387,143,1408
IMU1,379,3654650,-2641,1313,466,150,56,1414
IMU1,380,3664165,-2582,1203,547,-9,-23,1412
IMU1,381,3673466,-2431,1166,536,-84,-46,1348
IMU1,382,3682988,-2270,1121,548,-121,-42,1189
IMU1,383,3692703,-2289,1077,464,-107,6,951
IMU1,384,3701923,-2413,1070,345,-95,113,702
IMU1,385,3711334,-2556,1044,302,-95,244,493
IMU1,386,3720765,-2667,1080,267,-98,345,335
IMU1,387,3730172,-2781,1124,306,-94,333,215
IMU1,388,3739587,-2787,1130,316,-83,206,140
IMU1,389,3749004,-2698,1165,291,-72,24,87
IMU1,390,3758020,-2581,1185,250,-66,-145,34
IMU1,391,3767341,-2524,1204,131,-72,-279,-30
IMU1,392,3776763,-2446,1233,59,-101,-367,-93
IMU1,393,3786166,-2371,1252,17,-139,-391,-144
IMU1,394,3795787,-2290,1312,-53,-184,-367,-175
IMU1,395,3805487,-2195,1351,-24,-233,-348,-197
IMU1,396,3815193,-2047,1371,-5,-263,-316,-224
IMU1,397,3824704,-1918,1389,-9,-278,-279,-284
IMU1,398,3834218,-1892,1416,23,-287,-275,-378
IMU1,399,3843842,-1877,1408,78,-282,-272,-466
IMU1,400,3853441,-1852,1400,51,-258,-264,-522
IMU1,401,3863029,-1764,1421,-1,-246,-282,-574
IMU1,402,3872529,-1619,1426,-80,-251,-328,-650
IMU1,403,3882208,-1604,1439,-156,-289,-387,-757
IMU1,404,3892107,-1617,1406,-138,-336,-404,-852
IMU1,405,3901984,-1637,1377,-117,-369,-360,-921
IMU1,406,3911881,-1621,1380,-72,-386,-289,-975
IMU1,407,3921576,-1658,1331,-55,-386,-240,-1035
IMU1,408,3931476,-1625,1283,40,-369,-224,-1110
IMU1,409,3941280,-1620,1258,83,-342,-230,-1218
IMU1,410,3951074,-1641,1251,155,-298,-267,-1356
IMU1,411,3961083,-1683,1171,254,-229,-334,-1494
IMU1,412,3971083,-1703,1172,279,-139,-423,-1598
IMU1,413,3981095,-1687,1192,306,-33,-529,-1664
IMU1,414,3990899,-1669,1145,309,89,-620,-1702
IMU1,415,4000618,-1681,1134,261,197,-669,-1713
IMU1,416,4013270,-1585,1127,238,384,-694,-1711
IMU1,417,4023187,-1622,1127,238,448,-690,-1711
IMU1,418,4033090,-1608,1084,196,504,-696,-1709
IMU1,419,4042988,-1556,1095,21,527,-739,-1705
IMU1,420,4052702,-1755,1084,-1,487,-785,-1713
IMU1,421,4062313,-1734,1073,-52,424,-843,-1670
IMU1,422,4072125,-1701,1104,-16,347,-873,-1555
IMU1,423,4081935,-1550,1084,85,305,-811,-1437
IMU1,424,4091649,-1455,1027,90,296,-697,-1324
IMU1,425,4101362,-1324,1071,174,296,-591,-1249
IMU1,426,4111250,-1364,919,150,302,-500,-1193
IMU1,427,4120960,-1439,883,72,282,-423,-1128
IMU1,428,4130453,-1399,932,124,242,-374,-1067
IMU1,429,4140150,-1259,935,207,197,-334,-1036
IMU1,430,4149857,-1190,946,293,159,-295,-1060
IMU1,431,4159566,-1159,968,356,143,-247,-1133
IMU1,432,4169277,-1153,956,306,123,-225,-1225
IMU1,433,4178987,-1253,1001,188,79,-227,-1304
IMU1,434,4188680,-1354,1029,140,4,-205,-1334
IMU1,435,4198177,-1417,1018,150,-81,-172,-1290
IMU1,436,4207977,-1297,948,168,-159,-183,-1190
IMU1,437,4217783,-1673,1077,181,-223,-289,-1060
IMU1,438,4227775,-1350,1039,297,-271,-294,-879
IMU1,439,4237581,-1236,1058,354,-284,-268,-739
IMU1,440,4247389,-1308,1049,369,-283,-250,-629
IMU1,441,4257183,-1290,964,369,-279,-209,-506
IMU1,442,4266777,-1383,942,315,-279,-164,-374
IMU1,443,4276378,-1413,928,310,-296,-147,-226
IMU1,444,4285983,-1507,907,282,-318,-126,-73
IMU1,445,4295394,-1487,867,293,-346,-92,93
IMU1,446,4304503,-1550,838,326,-379,-55,254
IMU1,447,4313802,-1628,813,374,-406,-7,417
IMU1,448,4322894,-1676,794,409,-417,66,583
IMU1,449,4332101,-1655,745,428,-423,138,734
IMU1,450,4341510,-1685,715,478,-437,186,847
IMU1,451,4350933,-1745,660,501,-445,206,933
IMU1,452,4360356,-1785,620,523,-445,186,987
IMU1,453,4369763,-1817,617,502,-443,137,1013
IMU1,454,4379375,-1866,623,467,-450,92,1011
IMU1,455,4388796,-1910,594,409,-462,71,989
IMU1,456,4398027,-1913,577,377,-486,81,959
IMU1,457,4407783,-1897,533,348,-508,137,914
IMU1,458,4417206,-2093,582,354,-542,198,877
IMU1,459,4426623,-1974,646,406,-567,307,852
IMU1,460,4436551,-1872,622,418,-568,442,791
IMU1,461,4445975,-1961,603,434,-566,541,714
IMU1,462,4455924,-2062,589,475,-549,597,640
IMU1,463,4465351,-2147,584,521,-519,609,586
IMU1,464,4474781,-2215,575,552,-475,576,557
IMU1,465,4484751,-2240,552,529,-424,520,532
IMU1,466,4494174,-2218,541,522,-377,452,506
IMU1,467,4503599,-2195,553,518,-338,372,475
IMU1,468,4513561,-2200,549,488,-302,291,430
IMU1,469,4522978,-2217,552,460,-270,205,381
IMU1,470,4532919,-2236,550,433,-248,150,334
IMU1,471,4542342,-2232,531,409,-231,136,301
IMU1,472,4551777,-2236,520,379,-218,153,267
IMU1,473,4561721,-2253,517,356,-227,187,235
IMU1,474,4571138,-2275,516,327,-247,213,209
IMU1,475,4580557,-2272,510,304,-269,216,180
IMU1,476,4590504,-2244,519,266,-303,192,151
IMU1,477,4599921,-2253,535,260,-347,155,112
IMU1,478,4609866,-2266,510,247,-391,122,72
IMU1,479,4619071,-2314,496,197,-430,88,44
IMU1,480,4628607,-2308,485,152,-473,54,28
IMU1,481,4638651,-2270,481,166,-524,38,14
IMU1,482,4648182,-2223,482,197,-562,49,-3
IMU1,483,4657602,-2179,478,224,-586,86,-32
IMU1,484,4667230,-2168,485,242,-582,141,-74
IMU1,485,4677053,-2151,489,293,-560,180,-114
IMU1,486,4686560,-2134,486,324,-519,196,-151
IMU1,487,4696060,-2149,484,310,-459,196,-197
IMU1,488,4705568,-2142,482,296,-407,160,-232
IMU1,489,4715595,-2130,486,291,-361,113,-267
IMU1,490,4725101,-2135,499,293,-316,63,-293
IMU1,491,4734424,-2116,514,301,-270,25,-322
IMU1,492,4744262,-2103,521,320,-221,0,-353
IMU1,493,4753791,-2073,519,327,-177,-8,-386
IMU1,494,4763519,-2036,529,334,-145,-16,-414
IMU1,495,4772926,-2027,535,338,-102,2,-462
IMU1,496,4782555,-2019,527,327,-82,-2,-492
IMU1,497,4792082,-2001,528,305,-54,-11,-529
IMU1,498,4801814,-1986,549,279,-57,-42,-546
IMU1,499,4811538,-1953,550,286,-56,-65,-574
IMU1,500,4821272,-1937,575,299,-74,-85,-587
IMU1,501,4831004,-1914,590,287,-87,-66,-606
IMU1,502,4840230,-1903,585,301,-112,-46,-611
IMU1,503,4850164,-1904,577,307,-130,-11,-618
IMU1,504,4859584,-1906,575,322,-160,23,-616
IMU1,505,4869424,-1921,576,327,-182,52,-607
IMU1,506,4878731,-1917,577,331,-201,67,-592
IMU1,507,4888572,-1924,568,354,-209,71,-577
IMU1,508,4897886,-1935,567,358,-222,71,-549
IMU1,509,4907721,-1952,564,356,-225,59,-514
IMU1,510,4917565,-1948,545,353,-223,36,-472
IMU1,511,4926876,-1946,535,361,-224,9,-430
IMU1,512,4936507,-1950,530,355,-219,-19,-383
IMU1,513,4946428,-1933,514,338,-214,-27,-347
IMU1,514,4955825,-1924,507,331,-211,-29,-309
IMU1,515,4965239,-1906,495,318,-213,-21,-274
IMU1,516,4975172,-1903,493,322,-212,-2,-248
IMU1,517,4984906,-1919,490,321,-206,28,-226
IMU1,518,4994217,-1925,474,328,-215,45,-189
IMU1,519,5004043,-1936,462,346,-205,60,-162
IMU1,520,5016093,-1943,453,363,-187,62,-133
IMU1,521,5025403,-1916,436,366,-167,54,-108
IMU1,522,5034711,-1916,433,378,-145,30,-86
IMU1,523,5043839,-1916,423,373,-120,11,-75
IMU1,524,5052958,-1919,417,363,-102,-15,-63
IMU1,525,5062173,-1931,418,350,-83,-32,-53
IMU1,526,5071186,-1944,409,326,-71,-32,-42
IMU1,527,5080722,-1956,395,313,-72,-23,-23
IMU1,528,5090257,-1972,390,303,-77,-7,-3
IMU1,529,5099919,-1979,385,302,-83,20,6
IMU1,530,5109589,-1955,392,313,-92,54,13
IMU1,531,5119476,-1959,390,329,-97,81,12
IMU1,532,5128841,-1989,380,341,-98,90,1
IMU1,533,5138486,-2007,365,369,-102,69,-2
IMU1,534,5148423,-2015,360,383,-91,42,-8
IMU1,535,5157647,-2017,358,370,-82,15,-3
IMU1,536,5167397,-2006,354,357,-74,-7,1
IMU1,537,5176950,-2004,367,354,-71,-24,4
IMU1,538,5186702,-2002,358,321,-68,-27,-6
IMU1,539,5196020,-2007,354,297,-78,-30,-4
IMU1,540,5205873,-2013,348,292,-88,-17,-5
IMU1,541,5215714,-2025,338,301,-106,1,6
IMU1,542,5224860,-2044,334,303,-126,20,15
IMU1,543,5234907,-2036,318,312,-132,26,9
IMU1,544,5244258,-2032,318,311,-131,18,-5
IMU1,545,5254204,-2022,319,322,-136,-3,-8
IMU1,546,5263524,-2020,318,326,-133,-17,-17
IMU1,547,5273234,-2025,320,328,-125,-15,-29
IMU1,548,5282951,-2025,323,334,-110,-5,-43
IMU1,549,5292465,-2028,313,335,-95,6,-49
IMU1,550,5302215,-2028,306,336,-76,15,-50
IMU1,551,5311649,-2037,312,335,-70,15,-41
IMU1,552,5321093,-2044,312,321,-50,19,-39
IMU1,553,5331046,-2033,312,311,-47,8,-33
IMU1,554,5340281,-2007,320,330,-42,-4,-31
IMU1,555,5350113,-2004,318,338,-36,1,-35
IMU1,556,5359873,-2005,312,351,-25,14,-45
IMU1,557,5369311,-2013,308,345,-21,17,-45
IMU1,558,5378740,-2009,305,338,-17,11,-43
IMU1,559,5388675,-2002,315,328,-3,1,-68
IMU1,560,5398230,-2005,329,326,-2,-21,-80
IMU1,561,5408069,-1999,330,322,0,-26,-86
IMU1,562,5417697,-1999,333,322,6,-12,-90
IMU1,563,5426915,-1992,344,335,5,-2,-84
IMU1,564,5436474,-1994,342,349,14,10,-84
IMU1,565,5446330,-1986,339,366,30,11,-84
IMU1,566,5455661,-1988,338,366,46,10,-85
IMU1,567,5465507,-1998,344,376,49,0,-75
IMU1,568,5475074,-2001,347,370,56,-2,-68
IMU1,569,5484828,-2001,347,364,58,-2,-59
IMU1,570,5494564,-1996,351,351,61,-1,-60
IMU1,571,5503796,-2001,352,333,49,-18,-51
IMU1,572,5513759,-1999,351,323,27,-38,-41
IMU1,573,5523193,-1997,348,310,19,-50,-44
IMU1,574,5532643,-1993,343,300,2,-62,-42
IMU1,575,5542395,-1979,344,308,-12,-61,-37
IMU1,576,5551936,-1980,336,307,-29,-49,-27
IMU1,577,5561473,-1987,333,316,-35,-21,-17
IMU1,578,5571530,-2003,327,335,-33,2,-10
IMU1,579,5580751,-2007,328,355,-29,12,3
IMU1,580,5590415,-1997,330,353,-18,13,15
IMU1,581,5600271,-1977,326,363,-7,5,12
IMU1,582,5609720,-1989,326,356,0,-7,10
IMU1,583,5619593,-1989,322,350,10,-14,-1
IMU1,584,5628822,-1990,315,361,16,-29,-7
IMU1,585,5638578,-1983,315,364,20,-36,-6
IMU1,586,5648325,-1968,317,373,40,-20,-19
IMU1,587,5657745,-1973,320,382,47,-10,-23
IMU1,588,5667680,-1980,321,392,63,-3,-26
IMU1,589,5676910,-1991,332,398,78,9,-35
IMU1,590,5686575,-1993,334,401,78,-1,-28
IMU1,591,5696325,-2010,333,409,80,-12,-20
IMU1,592,5705736,-2027,326,389,86,-16,-17
IMU1,593,5715685,-2029,327,381,68,-39,4
IMU1,594,5725344,-2023,323,366,57,-50,10
IMU1,595,5734687,-2003,319,346,27,-69,25
IMU1,596,5744531,-1983,316,352,3,-70,25
IMU1,597,5754200,-1969,321,374,-17,-58,22
IMU1,598,5763634,-1967,328,375,-30,-37,13
IMU1,599,5773055,-1983,328,376,-38,-26,-3
IMU1,600,5782896,-1994,327,388,-46,-29,-12
IMU1,601,5792416,-2006,326,391,-49,-33,-11
IMU1,602,5801928,-2019,321,379,-47,-32,-9
IMU1,603,5811765,-2012,325,380,-46,-37,-5
IMU1,604,5821608,-2009,328,371,-44,-47,-2
IMU1,605,5830924,-2007,335,378,-41,-55,0
IMU1,606,5840576,-2013,335,379,-38,-58,-7
IMU1,607,5850419,-2013,335,365,-40,-70,-5
IMU1,608,5859742,-2025,328,351,-34,-76,-8
IMU1,609,5869595,-2020,324,314,-40,-81,-2
IMU1,610,5878930,-1999,330,304,-51,-88,6
IMU1,611,5888697,-1984,330,297,-53,-71,-10
IMU1,612,5898219,-1986,333,297,-60,-47,-26
IMU1,613,5907758,-1988,328,302,-67,-22,-31
IMU1,614,5917291,-2011,332,311,-69,3,-34
IMU1,615,5927055,-2029,327,321,-70,14,-27
IMU1,616,5936998,-2039,318,322,-62,18,-17
IMU1,617,5946434,-2027,314,314,-60,22,-5
IMU1,618,5956194,-2018,318,329,-52,17,5
IMU1,619,5965853,-2009,323,348,-36,7,0
IMU1,620,5975208,-2014,317,363,-22,-12,-6
IMU1,621,5985059,-2009,313,374,0,-29,-12
IMU1,622,5994717,-2006,312,367,24,-39,-19
IMU1,623,6004159,-2006,311,360,46,-40,-28
IMU1,624,6016236,-2020,316,362,66,-37,-36
IMU1,625,6025149,-2025,314,352,81,-35,-35
IMU1,626,6034069,-2021,321,350,86,-40,-32
IMU1,627,6042981,-2020,320,341,90,-46,-43
IMU1,628,6052406,-2017,326,335,96,-51,-54
IMU1,629,6061838,-2010,332,341,92,-60,-53
IMU1,630,6071286,-2016,331,324,88,-57,-53
IMU1,631,6081243,-2014,327,316,82,-52,-42
IMU1,632,6090677,-2009,316,315,80,-29,-42
IMU1,633,6100121,-2011,322,310,70,-18,-34
IMU1,634,6110085,-1992,333,316,59,-7,-34
IMU1,635,6119336,-1979,334,331,50,-2,-38
IMU1,636,6129106,-1984,334,338,43,2,-45
IMU1,637,6138776,-1993,333,340,38,-8,-45
IMU1,638,6148556,-2003,329,341,29,-14,-44
IMU1,639,6157974,-2015,329,334,36,-9,-45
IMU1,640,6167728,-2023,327,334,38,-14,-34
IMU1,641,6177147,-2002,328,343,36,-22,-18
IMU1,642,6186564,-1997,326,350,43,-16,-13
IMU1,643,6196501,-1985,328,365,59,-13,-13
IMU1,644,6205918,-1963,326,380,82,-10,-21
IMU1,645,6215865,-1956,331,382,109,-7,-34
IMU1,646,6225295,-1966,330,376,122,-6,-39
IMU1,647,6234726,-1972,334,365,144,8,-52
IMU1,648,6244581,-1982,335,363,143,3,-45
IMU1,649,6253913,-1984,339,358,143,11,-49
IMU1,650,6263969,-2000,339,359,132,8,-36
IMU1,651,6273312,-1991,340,363,119,10,-29
IMU1,652,6282839,-1978,338,378,109,10,-23
IMU1,653,6292371,-1973,349,387,94,14,-17
IMU1,654,6302232,-1987,348,395,87,25,-21
IMU1,655,6311579,-1989,343,400,81,27,-18
IMU1,656,6321437,-1998,339,408,76,20,-9
IMU1,657,6331103,-2005,334,400,67,8,0
IMU1,658,6340893,-1999,333,384,55,-6,7
IMU1,659,6350361,-1982,335,387,44,-25,12
IMU1,660,6359698,-1972,338,385,33,-29,10
IMU1,661,6369558,-1966,336,393,19,-28,10
IMU1,662,6379417,-1974,335,410,14,-10,0
IMU1,663,6388988,-1997,326,415,14,4,-4
IMU1,664,6398458,-2019,313,415,9,4,-1
IMU1,665,6408257,-2012,325,413,4,-9,0
IMU1,666,6417398,-1998,325,413,-4,-28,6
IMU1,667,6427462,-1985,324,399,-7,-37,6
IMU1,668,6437011,-1986,324,387,-8,-36,1
IMU1,669,6446561,-1994,323,394,-16,-36,4
IMU1,670,6456307,-2004,321,390,-19,-29,-2
IMU1,671,6465630,-2007,319,396,-21,-28,3
IMU1,672,6475376,-1999,321,398,-28,-27,12
IMU1,673,6484805,-2004,323,410,-34,-24,16
IMU1,674,6494732,-1996,321,405,-32,-12,5
IMU1,675,6503958,-2015,321,399,-38,-14,0
IMU1,676,6513614,-2028,316,395,-48,-30,2
IMU1,677,6523370,-2033,315,397,-51,-45,2
IMU1,678,6533134,-2013,320,403,-56,-59,6
IMU1,679,6542878,-2018,321,378,-60,-66,1
IMU1,680,6552120,-2023,319,359,-67,-69,-11
IMU1,681,6561661,-2020,324,375,-73,-75,-10
IMU1,682,6571679,-2019,324,376,-75,-68,-10
IMU1,683,6581189,-2019,315,375,-77,-58,-9
IMU1,684,6590509,-2019,314,381,-76,-64,-3
IMU1,685,6600356,-2014,317,364,-71,-68,-14
IMU1,686,6609868,-2021,320,352,-66,-68,-26
IMU1,687,6619378,-2013,326,350,-70,-62,-26
IMU1,688,6629412,-2025,320,348,-64,-45,-32
IMU1,689,6638930,-2033,325,344,-63,-34,-30
IMU1,690,6648447,-2038,320,341,-66,-37,-24
IMU1,691,6657957,-2033,317,337,-65,-45,-24
IMU1,692,6667466,-2029,315,333,-69,-56,-19
IMU1,693,6677503,-2021,310,330,-62,-52,-20
IMU1,694,6687023,-2006,313,340,-53,-49,-30
IMU1,695,6696543,-2000,316,351,-44,-46,-36
IMU1,696,6706065,-2001,312,357,-32,-41,-45
IMU1,697,6715590,-2001,316,363,-21,-43,-50
IMU1,698,6725120,-2008,320,372,-4,-36,-62
IMU1,699,6734945,-2011,325,365,8,-37,-64
IMU1,700,6744688,-2005,332,365,17,-48,-66
IMU1,701,6754105,-2015,341,356,24,-59,-64
IMU1,702,6764051,-2015,340,348,26,-68,-58
IMU1,703,6773468,-2015,341,326,26,-64,-55
IMU1,704,6782891,-2000,335,305,13,-59,-41
IMU1,705,6792838,-1999,335,300,4,-43,-33
IMU1,706,6802072,-1992,332,295,-17,-31,-22
IMU1,707,6812108,-1985,324,306,-24,-14,-26
IMU1,708,6821625,-1975,322,328,-36,-3,-24
IMU1,709,6830941,-1984,322,342,-31,10,-33
IMU1,710,6840889,-1992,314,358,-19,23,-44
IMU1,711,6850318,-2006,319,371,-3,29,-45
IMU1,712,6860078,-2007,320,374,7,15,-34
IMU1,713,6869741,-1996,325,383,31,2,-48
IMU1,714,6879407,-1990,332,380,51,-1,-57
IMU1,715,6888655,-1989,337,379,69,11,-58
IMU1,716,6898502,-1996,349,402,83,26,-56
IMU1,717,6908358,-2008,335,408,92,32,-49
IMU1,718,6917693,-2013,333,418,112,29,-54
IMU1,719,6927224,-2009,331,425,118,1,-42
IMU1,720,6937075,-2007,324,406,133,-8,-43
IMU1,721,6946502,-1996,317,395,121,-27,-30
IMU1,722,6956141,-1996,309,363,118,-27,-36
IMU1,723,6965783,-1990,312,349,89,-34,-32
IMU1,724,6975206,-1988,320,361,65,-30,-31
IMU1,725,6985153,-1994,316,362,43,-10,-34
IMU1,726,6994585,-1999,304,376,20,4,-33
IMU1,727,7004244,-2001,298,383,5,5,-31
IMU1,728,7016342,-2003,292,396,-11,-2,-29
IMU1,729,7025145,-1995,288,408,-11,-6,-27
IMU1,730,7033951,-1980,296,417,-13,-14,-22
IMU1,731,7042967,-1981,304,415,-7,-19,-33
IMU1,732,7052294,-1988,312,423,6,-27,-43
IMU1,733,7062049,-2003,310,424,27,-27,-48
IMU1,734,7071480,-2010,305,394,32,-39,-33
IMU1,735,7081440,-2000,307,388,50,-31,-34
IMU1,736,7090873,-1995,303,378,56,-28,-30
IMU1,737,7100321,-1989,303,374,49,-26,-19
IMU1,738,7110279,-1982,309,377,53,-25,-20
IMU1,739,7119727,-1976,315,376,50,-29,-24
IMU1,740,7129173,-1974,323,375,47,-37,-31
IMU1,741,7139131,-1986,323,372,50,-42,-41
IMU1,742,7148573,-1996,320,376,45,-49,-43
IMU1,743,7158012,-1998,323,375,41,-49,-41
IMU1,744,7167972,-1991,320,370,43,-37,-39
IMU1,745,7177437,-1992,316,365,40,-22,-30
IMU1,746,7186881,-1992,314,368,31,-8,-14
IMU1,747,7196643,-1994,312,379,27,1,-9
IMU1,748,7206117,-1989,307,381,19,-4,-2
IMU1,749,7215682,-1989,310,378,22,-8,-10
IMU1,750,7225434,-1993,305,370,21,-12,-14
IMU1,751,7234872,-2004,305,367,14,-18,-10
IMU1,752,7244817,-1999,307,359,20,-12,-20
IMU1,753,7254238,-1979,311,365,16,-10,-19
IMU1,754,7263678,-1979,312,362,21,-6,-24
IMU1,755,7273447,-1991,309,349,20,1,-34
IMU1,756,7283110,-1992,312,356,20,-5,-34
IMU1,757,7292885,-1988,322,362,30,3,-39
IMU1,758,7302538,-2009,362,429,39,13,-36
IMU1,759,7311868,-2011,292,364,72,10,-31
IMU1,760,7321733,-2055,309,292,76,12,-2
IMU1,761,7331394,-1988,324,298,80,48,24
IMU1,762,7340640,-2028,364,353,82,49,36
IMU1,763,7350409,-2053,312,374,91,16,59
IMU1,764,7360181,-2083,293,383,104,-16,92
IMU1,765,7369707,-2005,294,388,120,-31,124
IMU1,766,7379444,-1933,334,370,142,-28,122
IMU1,767,7389165,-1894,342,356,144,-45,102
IMU1,768,7398377,-1891,339,327,146,-38,57
IMU1,769,7408447,-1915,324,296,134,-25,14
IMU1,770,7417985,-1936,316,274,121,12,-34
IMU1,771,7427529,-1942,328,285,99,60,-65
IMU1,772,7436858,-1958,336,304,88,86,-96
IMU1,773,7446710,-1955,341,320,91,101,-115
IMU1,774,7456450,-1976,352,342,99,107,-118
IMU1,775,7465661,-1991,349,380,120,101,-117
IMU1,776,7475592,-2010,350,416,156,88,-109
IMU1,777,7485327,-2005,356,410,205,61,-88
IMU1,778,7494869,-2008,362,373,238,39,-59
IMU1,779,7504414,-1995,367,337,275,34,-30
IMU1,780,7513960,-1974,371,324,297,35,-10
IMU1,781,7523508,-1984,372,326,322,36,7
IMU1,782,7533284,-1997,360,308,338,32,23
IMU1,783,7542738,-1988,374,273,343,18,51
IMU1,784,7552187,-1988,389,255,355,28,71
IMU1,785,7562148,-1994,376,264,364,72,103
IMU1,786,7571803,-2003,386,259,373,115,141
IMU1,787,7581137,-2112,394,333,392,133,176
IMU1,788,7590988,-2008,379,312,428,128,227
IMU1,789,7600318,-1957,445,173,470,113,289
IMU1,790,7610168,-1938,448,81,484,194,340
IMU1,791,7619813,-1958,442,98,487,345,408
IMU1,792,7629461,-1957,473,119,491,469,476
IMU1,793,7638792,-1955,488,150,520,551,535
IMU1,794,7648663,-1952,472,223,564,619,570
IMU1,795,7658007,-1969,468,288,622,638,595
IMU1,796,7667880,-1984,453,311,705,598,597
IMU1,797,7677236,-1981,449,279,782,519,583
IMU1,798,7687119,-1994,437,229,852,428,542
IMU1,799,7696451,-2019,444,163,893,312,498
IMU1,800,7706293,-2005,454,132,901,214,458
IMU1,801,7716123,-2002,466,103,893,156,417
IMU1,802,7725436,-1989,491,85,868,116,362
IMU1,803,7735079,-1965,531,48,822,73,312
IMU1,804,7745048,-1973,551,39,776,65,258
IMU1,805,7754493,-1991,559,13,727,92,220
IMU1,806,7763941,-1995,577,1,669,118,207
IMU1,807,7773386,-2001,593,-24,611,125,207
IMU1,808,7783130,-2005,606,-18,554,110,212
IMU1,809,7792861,-2035,622,-15,505,88,227
IMU1,810,7802393,-2030,629,-42,472,62,243
IMU1,811,7811945,-2034,635,-69,437,30,276
IMU1,812,7821494,-2022,632,-53,423,24,302
IMU1,813,7831562,-2022,624,-42,421,29,337
IMU1,814,7841110,-2009,626,-2,436,36,368
IMU1,815,7850457,-1987,628,16,481,27,386
IMU1,816,7860422,-1944,633,1,542,12,385
IMU1,817,7869680,-1912,642,-58,602,-6,370
IMU1,818,7879634,-1927,650,-139,660,-23,348
IMU1,819,7888944,-1888,659,-202,699,-51,342
IMU1,820,7898766,-1843,686,-280,727,-52,341
IMU1,821,7908075,-1811,715,-344,743,-32,350
IMU1,822,7917914,-1789,730,-309,764,25,351
IMU1,823,7927670,-1755,739,-241,801,94,360
IMU1,824,7936897,-1743,762,-153,862,146,368
IMU1,825,7946828,-1706,793,-99,961,192,362
IMU1,826,7956564,-1677,831,-108,1056,219,355
IMU1,827,7966174,-1653,867,-120,1148,236,351
IMU1,828,7975798,-1634,915,-145,1233,283,349
IMU1,829,7985427,-1630,972,-166,1291,369,367
IMU1,830,7995044,-1675,1004,-141,1327,456,397
IMU1,831,8004864,-1737,1003,-100,1348,526,436
IMU1,832,8017418,-1815,1013,-54,1357,579,485
IMU1,833,8027035,-1835,998,8,1355,608,543
IMU1,834,8036176,-1830,1003,109,1346,621,592
IMU1,835,8045897,-1817,967,231,1338,636,616
IMU1,836,8055429,-1913,960,314,1334,628,615
IMU1,837,8064971,-1965,955,419,1326,585,605
IMU1,838,8074490,-2022,959,559,1329,544,588
IMU1,839,8084020,-2143,961,635,1337,493,575
IMU1,840,8093546,-2258,977,669,1323,412,573
IMU1,841,8103065,-2352,992,711,1290,306,579
IMU1,842,8112599,-2457,1021,819,1243,176,584
IMU1,843,8122326,-2679,1016,977,1188,50,593
IMU1,844,8131856,-2830,1026,1192,1142,-28,610
IMU1,845,8141682,-3000,1055,1493,1101,-66,619
IMU1,846,8151510,-3166,1107,1809,1088,-110,585
IMU1,847,8161550,-3341,1153,2145,1094,-203,497
IMU1,848,8171576,-3560,1140,2376,1101,-328,362
IMU1,849,8181607,-3703,1198,2510,1067,-502,208
IMU1,850,8191647,-3879,1256,2615,972,-713,27
IMU1,851,8201299,-4005,1429,2971,815,-947,-162
IMU1,852,8211191,-4134,1723,3448,653,-1200,-375
IMU1,853,8221307,-4215,2074,3724,503,-1482,-632
IMU1,854,8231426,-4213,2478,3737,311,-1875,-929
IMU1,855,8241557,-4191,2932,3396,-27,-2348,-1235
IMU1,856,8251776,-4037,3367,2897,-583,-2605,-1504
IMU1,857,8262181,-3937,3895,2554,-1374,-2548,-1732
IMU1,858,8272809,-4212,4957,2294,-2333,-1810,-2220
IMU1,859,8283430,-4788,5382,2054,-4609,-1431,-2575
IMU1,860,8294058,-5377,5830,1738,-5936,-1586,-3016
IMU1,861,8304703,-5744,6378,1283,-7324,-2263,-3513
IMU1,862,8315338,-6206,6755,762,-8699,-3086,-4004
IMU1,863,8325770,-6818,7044,306,-9960,-3724,-4357
IMU1,864,8336191,-7019,7242,-97,-11048,-4114,-4542
IMU1,865,8346709,-6643,7311,-462,-11949,-4268,-4716
IMU1,866,8357441,-5970,6975,-561,-12685,-4190,-5069
IMU1,867,8368170,-5810,6576,-305,-13238,-3937,-5564
IMU1,868,8379404,-4715,5212,256,-13564,-2711,-6671
IMU1,869,8390034,-4622,4736,773,-13310,-2336,-7135
IMU1,870,8400684,-4330,4487,1000,-12769,-2200,-7413
IMU1,871,8411501,-4119,4303,880,-12097,-2228,-7597
IMU1,872,8422146,-3863,4128,892,-11432,-2429,-7670
IMU1,873,8432786,-3622,3886,732,-10794,-2611,-7626
IMU1,874,8443418,-3433,3602,649,-10214,-2733,-7489
IMU1,875,8454049,-3096,3292,654,-9667,-2870,-7254
IMU1,876,8464474,-2695,3041,920,-9066,-3030,-6920
IMU1,877,8475945,-2071,2867,665,-7489,-3094,-6035
IMU1,878,8486389,-1866,2778,267,-6676,-3113,-5553
IMU1,879,8496831,-1804,2687,44,-5934,-3124,-5038
IMU1,880,8507058,-1839,2611,-268,-5210,-3021,-4492
IMU1,881,8517568,-1731,2484,-607,-4554,-2889,-3924
IMU1,882,8528086,-1491,2362,-869,-3989,-2779,-3386
IMU1,883,8538586,-1273,2221,-1008,-3513,-2640,-2951
IMU1,884,8549301,-1144,2078,-1187,-3103,-2458,-2616
IMU1,885,8560022,-1104,1910,-1422,-2773,-2259,-2356
IMU1,886,8570736,-1002,1571,-1769,-2536,-2061,-1971
IMU1,887,8581451,-1007,1424,-1848,-2271,-1539,-1811
IMU1,888,8592150,-1072,1288,-1958,-2184,-1293,-1652
IMU1,889,8602842,-1083,1120,-2015,-2115,-1123,-1480
IMU1,890,8613531,-1019,991,-1919,-2035,-988,-1313
IMU1,891,8623843,-1011,888,-1896,-1874,-875,-1168
IMU1,892,8634154,-985,777,-1856,-1682,-804,-1046
IMU1,893,8644258,-967,698,-1703,-1443,-747,-937
IMU1,894,8654153,-1052,583,-1735,-1142,-691,-859
# swing_peak_seq=868
IMU1,895,8664256,-976,500,-1704,-841,-696,-797
IMU1,896,8673962,-1183,390,-1743,-537,-755,-743
IMU1,897,8683878,-1047,310,-1957,-254,-819,-656
IMU1,898,8693775,-884,330,-2031,-33,-812,-575
IMU1,899,8703273,-810,230,-2157,118,-679,-540
IMU1,900,8712903,-790,180,-2174,201,-524,-533
IMU1,901,8722518,-839,127,-2196,242,-420,-535
IMU1,902,8732129,-903,64,-2173,272,-376,-521
IMU1,903,8741547,-894,7,-2149,297,-391,-466
IMU1,904,8750771,-901,-79,-2188,339,-429,-392
IMU1,905,8760288,-866,-160,-2237,384,-447,-304
IMU1,906,8770002,-800,-216,-2159,434,-423,-217
IMU1,907,8779700,-752,-268,-2140,508,-371,-135
IMU1,908,8789418,-719,-337,-2115,589,-322,-62
IMU1,909,8798937,-716,-400,-2034,673,-282,7
IMU1,910,8808162,-707,-474,-2087,754,-264,63
IMU1,911,8817565,-663,-482,-2099,806,-284,99
IMU1,912,8826968,-674,-511,-2163,823,-290,109
IMU1,913,8836575,-751,-545,-2184,811,-276,120
IMU1,914,8846194,-780,-588,-2202,781,-263,149
IMU1,915,8855822,-758,-635,-2163,748,-249,197
IMU1,916,8865448,-821,-677,-2088,741,-191,261
IMU1,917,8875050,-813,-724,-2068,767,-97,337
IMU1,918,8884468,-833,-776,-1982,811,-3,404
IMU1,919,8893684,-840,-791,-1924,877,82,456
IMU1,920,8903003,-782,-825,-1903,955,128,476
IMU1,921,8912540,-753,-880,-1721,1047,119,462
IMU1,922,8922257,-788,-897,-1562,1198,70,433
IMU1,923,8931788,-851,-903,-1493,1392,-20,397
IMU1,924,8941413,-930,-860,-1551,1588,-165,372
IMU1,925,8951244,-1008,-787,-1582,1760,-324,365
IMU1,926,8961262,-1086,-753,-1671,1889,-419,382
IMU1,927,8971268,-1173,-703,-1696,1962,-440,430
IMU1,928,8981274,-1162,-707,-1726,2001,-417,500
IMU1,929,8991284,-1183,-740,-1749,2010,-381,574
IMU1,930,9001306,-1291,-780,-1720,2007,-329,646
IMU1,931,9011311,-1284,-860,-1779,2001,-275,709
IMU1,932,9023859,-1484,-1091,-1458,2077,-260,778
IMU1,933,9034083,-1589,-1210,-1334,2238,-304,813
IMU1,934,9044306,-1605,-1264,-1273,2481,-414,822
IMU1,935,9054518,-1599,-1324,-1203,2767,-520,786
IMU1,936,9064745,-1696,-1403,-1272,3073,-576,710
IMU1,937,9074973,-1834,-1495,-1345,3334,-605,628
IMU1,938,9085207,-1841,-1566,-1289,3531,-639,551
IMU1,939,9095435,-1843,-1684,-1133,3690,-709,464
IMU1,940,9105654,-1906,-1820,-943,3850,-802,358
IMU1,941,9115679,-1932,-1937,-826,4007,-890,245
IMU1,942,9125691,-1943,-1984,-707,4137,-957,121
IMU1,943,9135719,-1952,-2026,-596,4234,-960,-15
IMU1,944,9145643,-1978,-2076,-400,4295,-872,-150
IMU1,945,9155758,-2039,-2102,-94,4348,-693,-263
IMU1,946,9165684,-2022,-2164,79,4403,-447,-351
IMU1,947,9175503,-1978,-2143,233,4420,-194,-436
IMU1,948,9185529,-1800,-2051,407,4409,16,-538
IMU1,949,9195247,-1699,-2068,464,4363,169,-677
IMU1,950,9206733,-1498,-2037,741,4126,314,-975
IMU1,951,9216667,-1173,-1894,710,4009,229,-1111
IMU1,952,9226777,-833,-1729,568,3849,52,-1304
IMU1,953,9236488,-550,-1640,357,3631,-184,-1562
IMU1,954,9246494,-396,-1539,75,3341,-398,-1843
IMU1,955,9256321,-251,-1425,-173,2983,-470,-2072
IMU1,956,9266434,-216,-1366,-259,2604,-302,-2214
IMU1,957,9276547,-131,-1288,-325,2266,134,-2246
IMU1,958,9286557,-5,-1218,-347,1994,768,-2191
IMU1,959,9296180,41,-1154,-354,1793,1511,-2093
IMU1,960,9306101,-2,-1110,-490,1639,2302,-1953
IMU1,961,9315916,-16,-1063,-602,1483,3085,-1769
IMU1,962,9325934,-91,-1035,-592,1307,3811,-1563
IMU1,963,9335962,-148,-968,-452,1138,4401,-1369
IMU1,964,9345984,-205,-940,-309,1010,4817,-1207
IMU1,965,9355990,-231,-889,-201,924,5100,-1064
IMU1,966,9365821,-317,-864,-160,878,5352,-931
IMU1,967,9375443,-470,-850,-244,851,5654,-770
IMU1,968,9385066,-590,-791,-385,799,6043,-541
IMU1,969,9394700,-745,-721,-457,700,6487,-263
IMU1,970,9404325,-930,-631,-208,571,6902,19
IMU1,971,9413660,-1051,-589,265,494,7185,264
IMU1,972,9423299,-1146,-575,596,534,7293,512
IMU1,973,9432941,-1281,-535,922,680,7205,730
IMU1,974,9442572,-1627,-640,946,897,6899,1003
IMU1,975,9452385,-1619,-623,799,1082,6430,1385
IMU1,976,9462415,-1439,-451,896,1215,5921,1783
IMU1,977,9472441,-1372,-383,1120,1344,5441,2117
IMU1,978,9482655,-1362,-346,1282,1526,4974,2409
IMU1,979,9492868,-1282,-221,1788,1818,4520,2668
IMU1,980,9503084,-1519,-390,1184,2230,4069,2903
IMU1,981,9514366,-2264,-759,1083,2745,2901,3611
IMU1,982,9524603,-1967,-668,1278,2862,2089,3896
IMU1,983,9534826,-1674,-608,1238,2969,1383,3926
IMU1,984,9545061,-1313,-527,630,2993,973,3786
IMU1,985,9554902,-1087,-335,79,2799,971,3534
IMU1,986,9564539,-1069,-145,-107,2396,1294,3241
IMU1,987,9574659,-1301,-36,62,1908,1726,2947
IMU1,988,9584288,-1572,-28,288,1484,2028,2697
IMU1,989,9594124,-1742,-45,607,1198,2141,2509
IMU1,990,9603975,-1845,-45,749,1080,2116,2383
IMU1,991,9613804,-1891,35,527,1081,1997,2327
IMU1,992,9623539,-1972,152,219,1088,1903,2357
IMU1,993,9633486,-2084,289,103,1067,1931,2491
IMU1,994,9643402,-2377,346,173,1034,2014,2708
IMU1,995,9653337,-2739,343,349,1038,1968,2994
IMU1,996,9663272,-2856,287,513,1106,1634,3295
IMU1,997,9673217,-2756,350,455,1235,1076,3509
IMU1,998,9683162,-2661,448,260,1382,499,3581
IMU1,999,9692895,-2578,568,-25,1502,82,3543
IMU1,1000,9702314,-2546,649,-310,1564,-87,3446
IMU1,1001,9712256,-2540,688,-556,1565,39,3350
IMU1,1002,9722098,-2539,810,-700,1526,456,3283
IMU1,1003,9732130,-2555,928,-686,1472,1003,3233
IMU1,1004,9742355,-2603,1017,-570,1445,1503,3188
IMU1,1005,9752792,-2690,1128,-501,1462,1881,3135
IMU1,1006,9763231,-2762,1333,-499,1479,2105,3086
IMU1,1007,9774173,-2746,1365,-592,1415,2235,3001
IMU1,1008,9784610,-2730,1410,-682,1290,2223,2939
IMU1,1009,9795038,-2672,1438,-730,1115,2186,2862
IMU1,1010,9805483,-2667,1467,-564,922,2154,2774
IMU1,1011,9815714,-2695,1465,-339,792,2149,2687
IMU1,1012,9825954,-2833,1499,-136,764,2105,2617
IMU1,1013,9836191,-2932,1442,-98,816,1989,2593
IMU1,1014,9846202,-2941,1267,-202,873,1795,2606
IMU1,1015,9856419,-2816,1133,-296,874,1519,2615
IMU1,1016,9866631,-2604,1068,-377,827,1222,2577
IMU1,1017,9876840,-2416,1034,-335,742,924,2458
IMU1,1018,9886859,-2275,949,-327,660,674,2272
IMU1,1019,9896681,-2168,913,-321,584,526,2066
IMU1,1020,9906505,-2137,947,-331,510,491,1851
IMU1,1021,9916343,-2081,964,-373,435,550,1647
IMU1,1022,9926165,-2053,1024,-521,347,653,1450
IMU1,1023,9937742,-2071,1047,-559,154,742,1040
IMU1,1024,9947766,-2057,1073,-545,48,709,893
IMU1,1025,9957395,-2015,1056,-550,-45,656,769
IMU1,1026,9967120,-1970,1041,-529,-121,575,669
IMU1,1027,9977039,-1940,1076,-496,-177,475,613
IMU1,1028,9986965,-1945,1083,-497,-207,418,575
IMU1,1029,9996873,-1935,1074,-524,-224,411,563
IMU1,1030,10006778,-1864,1157,-562,-250,408,558
IMU1,1031,10016896,-1786,1243,-640,-276,402,521
IMU1,1032,10029554,-1813,1233,-730,-326,390,459
IMU1,1033,10039683,-1817,1195,-736,-398,361,405
IMU1,1034,10049801,-1727,1170,-739,-467,328,364
IMU1,1035,10059910,-1688,1173,-710,-518,294,316
IMU1,1036,10070046,-1656,1150,-711,-542,279,265
IMU1,1037,10080175,-1590,1190,-799,-556,270,223
IMU1,1038,10091342,-1452,1265,-850,-602,317,107
IMU1,1039,10101470,-1450,1317,-895,-630,353,38
IMU1,1040,10111398,-1432,1323,-935,-659,361,-25
IMU1,1041,10121422,-1389,1301,-960,-687,335,-72
IMU1,1042,10131430,-1318,1296,-975,-700,273,-95
IMU1,1043,10141444,-1283,1337,-979,-689,198,-99
IMU1,1044,10151443,-1266,1353,-984,-654,138,-76
IMU1,1045,10161463,-1308,1383,-983,-596,106,-24
IMU1,1046,10171467,-1372,1413,-977,-516,105,48
IMU1,1047,10181384,-1393,1433,-997,-431,118,135
IMU1,1048,10191506,-1396,1428,-1024,-358,111,204
IMU1,1049,10201826,-1390,1382,-1037,-308,85,243
IMU1,1050,10211938,-1381,1337,-1045,-276,39,257
IMU1,1051,10222057,-1357,1313,-1039,-260,-21,256
IMU1,1052,10232280,-1360,1296,-1006,-240,-64,242
IMU1,1053,10242490,-1364,1308,-972,-212,-83,218
IMU1,1054,10252466,-1399,1338,-972,-178,-92,194
IMU1,1055,10262458,-1425,1318,-971,-154,-78,175
IMU1,1056,10272449,-1406,1305,-948,-143,-46,150
IMU1,1057,10283478,-1358,1316,-928,-151,-68,60
IMU1,1058,10293284,-1377,1297,-902,-158,-94,13
IMU1,1059,10303074,-1390,1314,-866,-137,-122,-20
IMU1,1060,10313172,-1404,1340,-837,-115,-138,-44
IMU1,1061,10323269,-1455,1322,-800,-69,-141,-65
IMU1,1062,10333147,-1503,1334,-743,-17,-167,-73
IMU1,1063,10343044,-1566,1319,-682,41,-219,-76
IMU1,1064,10352836,-1634,1265,-622,100,-274,-84
IMU1,1065,10362835,-1716,1233,-536,166,-370,-100
IMU1,1066,10373047,-1815,1226,-456,237,-510,-131
IMU1,1067,10383258,-1912,1217,-393,310,-674,-165
IMU1,1068,10393482,-2043,1187,-384,381,-788,-193
IMU1,1069,10403709,-2231,1179,-374,435,-830,-207
IMU1,1070,10413923,-2472,1146,-290,471,-845,-200
IMU1,1071,10424136,-2658,1102,-173,499,-841,-168
IMU1,1072,10434337,-2828,1090,11,521,-828,-143
IMU1,1073,10444252,-3041,1085,239,554,-841,-158
IMU1,1074,10454378,-3250,1085,460,611,-932,-230
IMU1,1075,10464507,-3406,1104,641,669,-1129,-362
IMU1,1076,10474815,-3652,1183,827,723,-1394,-550
IMU1,1077,10485667,-3843,1252,836,743,-1563,-993
IMU1,1078,10495999,-4011,1314,767,645,-1437,-1205
IMU1,1079,10506522,-4204,1421,820,459,-1276,-1430
IMU1,1080,10517027,-4413,1544,950,199,-1141,-1653
IMU1,1081,10527540,-4619,1670,1175,-92,-1022,-1882
IMU1,1082,10538148,-4759,1809,1454,-382,-971,-2139
IMU1,1083,10548761,-4929,1960,1586,-661,-1020,-2458
IMU1,1084,10559568,-4968,2168,1568,-958,-1198,-2845
IMU1,1085,10570398,-4964,2488,1503,-1288,-1398,-3317
IMU1,1086,10581399,-5637,3027,1520,-1992,-955,-4434
IMU1,1087,10592229,-5911,3257,1666,-2368,-521,-5128
IMU1,1088,10603036,-6245,3635,1782,-2771,-374,-6026
IMU1,1089,10613864,-6584,4101,1711,-3207,-631,-7169
IMU1,1090,10624678,-7067,4535,1613,-3719,-1207,-8457
IMU1,1091,10635689,-7778,4952,1457,-4275,-1802,-9709
IMU1,1092,10646720,-8394,5361,1520,-4818,-2208,-10783
IMU1,1093,10657947,-9458,5682,1106,-5272,-2920,-12366
IMU1,1094,10669168,-9748,5762,662,-6176,-3267,-12783
IMU1,1095,10680199,-9504,5627,187,-6688,-3263,-12862
IMU1,1096,10691213,-8858,4962,-208,-7239,-2937,-12705
IMU1,1097,10702329,-8665,5140,491,-7733,-2457,-12411
IMU1,1098,10713354,-7192,5060,796,-7895,-2160,-12051
IMU1,1099,10724411,-6290,4693,689,-7819,-1962,-11886
IMU1,1100,10735966,-5357,4351,1090,-7411,-1510,-11712
IMU1,1101,10747218,-4881,4305,1308,-7014,-1488,-11506
IMU1,1102,10758451,-4449,4180,1306,-6527,-1616,-11188
IMU1,1103,10769657,-3971,4106,1108,-6021,-1941,-10773
IMU1,1104,10780884,-3657,3960,802,-5540,-2371,-10268
IMU1,1105,10791901,-3404,3818,-47,-5115,-2727,-9624
IMU1,1106,10803157,-2524,3584,-386,-4434,-2790,-8052
IMU1,1107,10814098,-2041,3429,-699,-4157,-2477,-7264
IMU1,1108,10825013,-1765,3372,-1024,-3868,-1915,-6533
IMU1,1109,10836117,-1641,3278,-1372,-3607,-1319,-5848
IMU1,1110,10847217,-1429,3125,-1505,-3392,-928,-5206
IMU1,1111,10858140,-1207,2998,-1397,-3177,-742,-4641
IMU1,1112,10869063,-923,2893,-1740,-2894,-609,-4158
IMU1,1113,10879780,-846,2786,-1784,-2331,-559,-3385
IMU1,1114,10890510,-825,2593,-1787,-2024,-581,-3016
IMU1,1115,10901215,-541,2472,-1692,-1665,-502,-2629
IMU1,1116,10911914,-568,2234,-1524,-1210,-280,-2287
IMU1,1117,10922639,-463,2056,-1512,-705,-71,-1954
IMU1,1118,10932954,-271,1923,-1321,-214,-57,-1666
IMU1,1119,10943252,-203,1773,-1271,274,-180,-1484
IMU1,1120,10953667,-286,1712,-1596,687,-377,-1373
IMU1,1121,10964079,-233,1659,-1785,950,-634,-1265
IMU1,1122,10974494,-229,1534,-1858,1100,-812,-1136
# swing_peak_seq=1096
IMU1,1123,10985630,-139,1295,-2013,1314,-844,-786
IMU1,1124,10996024,-98,1177,-2319,1375,-874,-572
IMU1,1125,11006242,1,1125,-2235,1377,-883,-358
IMU1,1126,11016167,131,1085,-2389,1348,-782,-183
IMU1,1127,11026479,234,1047,-2328,1281,-595,-46
IMU1,1128,11039151,182,972,-2375,1184,-428,36
IMU1,1129,11048984,197,891,-2377,1062,-367,106
IMU1,1130,11058995,322,838,-2388,930,-364,167
IMU1,1131,11068833,369,795,-2375,802,-313,206
IMU1,1132,11078657,345,725,-2320,693,-202,244
IMU1,1133,11088471,328,654,-2252,612,-99,301
IMU1,1134,11098092,288,583,-2133,574,-60,384
IMU1,1135,11107720,241,489,-1990,597,-107,500
IMU1,1136,11117546,184,397,-1959,688,-221,640
IMU1,1137,11127370,158,354,-1982,803,-394,786
IMU1,1138,11137201,133,312,-2030,917,-609,930
IMU1,1139,11147039,76,271,-2093,1032,-807,1062
IMU1,1140,11157061,-28,218,-2214,1123,-978,1197
IMU1,1141,11167187,-192,114,-2354,1205,-1126,1330
IMU1,1142,11178229,-232,28,-2480,1317,-1251,1586
IMU1,1143,11188559,35,-71,-2344,1343,-1219,1681
IMU1,1144,11198679,168,-97,-2343,1415,-1024,1687
IMU1,1145,11209005,-17,-109,-2037,1523,-565,1664
IMU1,1146,11219202,-237,-234,-2158,1671,-432,1647
IMU1,1147,11229602,-414,-262,-2026,1798,-613,1671
IMU1,1148,11240005,-540,-329,-1901,1962,-806,1725
IMU1,1149,11250403,-505,-391,-1880,2152,-916,1779
IMU1,1150,11260826,-494,-413,-1878,2335,-890,1785
IMU1,1151,11271245,-533,-466,-1933,2497,-779,1739
IMU1,1152,11281658,-525,-536,-1868,2619,-714,1659
IMU1,1153,11292066,-516,-667,-1769,2724,-687,1549
IMU1,1154,11302993,-633,-703,-1629,2902,-709,1301
IMU1,1155,11313412,-765,-745,-1468,2977,-750,1215
IMU1,1156,11323839,-834,-779,-1394,3069,-778,1155
IMU1,1157,11334276,-953,-756,-1308,3148,-765,1129
IMU1,1158,11344712,-962,-786,-1249,3222,-732,1131
IMU1,1159,11355131,-907,-794,-1251,3273,-701,1130
IMU1,1160,11365570,-834,-778,-1217,3288,-633,1112
IMU1,1161,11376004,-753,-840,-1195,3278,-517,1071
IMU1,1162,11386419,-699,-909,-1142,3242,-391,1022
IMU1,1163,11396836,-668,-927,-1031,3204,-280,971
IMU1,1164,11407041,-690,-946,-921,3176,-173,919
IMU1,1165,11417075,-762,-973,-826,3161,-69,888
IMU1,1166,11427946,-870,-942,-854,3134,91,912
IMU1,1167,11437682,-851,-950,-809,3095,159,945
IMU1,1168,11447620,-826,-906,-713,3056,274,969
IMU1,1169,11457557,-845,-733,-639,3030,445,975
IMU1,1170,11467499,-744,-891,-643,2988,581,959
IMU1,1171,11477447,-723,-1010,-515,2935,687,912
IMU1,1172,11487567,-763,-944,-359,2908,873,878
IMU1,1173,11497501,-731,-963,-237,2912,1131,878
IMU1,1174,11507630,-835,-921,-116,2940,1382,903
IMU1,1175,11517758,-838,-869,-37,2989,1569,952
IMU1,1176,11527702,-928,-886,8,3023,1738,1016
IMU1,1177,11537522,-955,-913,9,3016,1926,1097
IMU1,1178,11547357,-1018,-909,99,2965,2109,1179
IMU1,1179,11557586,-1132,-932,124,2887,2242,1281
IMU1,1180,11568002,-1174,-951,148,2787,2334,1409
IMU1,1181,11578428,-1202,-969,217,2674,2393,1548
IMU1,1182,11588854,-1183,-901,276,2573,2420,1684
IMU1,1183,11599271,-1133,-816,292,2487,2444,1803
IMU1,1184,11609701,-1219,-815,259,2405,2477,1897
IMU1,1185,11620641,-1429,-838,490,2184,2819,2130
IMU1,1186,11631070,-1633,-884,715,2117,3123,2302
IMU1,1187,11641517,-1791,-917,858,2106,3291,2487
IMU1,1188,11651956,-1911,-929,940,2140,3232,2673
IMU1,1189,11662398,-1932,-915,946,2203,3001,2841
IMU1,1190,11672846,-1875,-875,841,2270,2727,2977
IMU1,1191,11683288,-1831,-788,659,2308,2515,3087
IMU1,1192,11693725,-1826,-712,479,2294,2420,3196
IMU1,1193,11704178,-1958,-741,459,2234,2455,3324
IMU1,1194,11714621,-2074,-735,543,2172,2566,3460
IMU1,1195,11725048,-2384,-594,669,2144,2672,3567
IMU1,1196,11736002,-2451,-530,672,2183,2687,3742
IMU1,1197,11746437,-2434,-473,634,2199,2677,3849
IMU1,1198,11756884,-2427,-453,581,2173,2736,3977
IMU1,1199,11767321,-2458,-390,453,2096,2804,4119
IMU1,1200,11777764,-2527,-319,366,1954,2785,4271
IMU1,1201,11788192,-2764,-331,467,1792,2681,4427
IMU1,1202,11798619,-2997,-306,645,1676,2509,4591
IMU1,1203,11809049,-3153,-123,588,1643,2238,4738
IMU1,1204,11819480,-3217,71,374,1632,1967,4861
IMU1,1205,11829606,-3201,109,154,1576,1970,4967
IMU1,1206,11839929,-3315,270,-13,1426,2394,5105
IMU1,1207,11851226,-3892,335,221,951,3667,5616
IMU1,1208,11861361,-4376,192,1615,941,3860,6257
IMU1,1209,11871700,-2070,214,-504,1050,3300,6670
IMU1,1210,11882137,-2875,1030,148,804,2537,6472
IMU1,1211,11892466,-2682,1338,-433,669,2332,6337
IMU1,1212,11902901,-2235,1135,-885,292,2056,6055
IMU1,1213,11913344,-2933,1269,-52,11,1539,5684
IMU1,1214,11923380,-2795,1420,4,26,947,5627
IMU1,1215,11932914,-2063,1730,-741,74,199,5414
IMU1,1216,11942946,-2816,2039,-354,164,-193,5026
IMU1,1217,11953269,-2680,1887,-535,346,-72,4884
IMU1,1218,11963400,-2975,1889,-473,449,-40,4797
IMU1,1219,11973533,-2861,1833,-516,616,-142,4803
IMU1,1220,11983867,-2301,1673,-646,728,-354,4620
IMU1,1221,11994196,-2206,1811,-849,795,-400,4261
IMU1,1222,12005050,-2329,1557,-955,760,-615,3362
IMU1,1223,12015386,-2579,1525,-650,708,-916,2996
IMU1,1224,12025712,-2120,1561,-646,728,-1241,2874
IMU1,1225,12036236,-1926,1663,-635,779,-1418,2578
IMU1,1226,12049211,-1894,1558,-865,851,-1223,2322
IMU1,1227,12059738,-1894,1424,-1038,792,-909,2143
IMU1,1228,12070276,-2032,1545,-901,689,-689,2008
IMU1,1229,12080606,-2154,1251,-607,634,-572,1927
IMU1,1230,12091465,-1750,1260,-860,616,-644,1729
IMU1,1231,12101793,-2204,1295,-1101,539,-734,1500
IMU1,1232,12112325,-2040,1145,-872,451,-929,1385
IMU1,1233,12122649,-1671,1255,-662,420,-1210,1280
IMU1,1234,12133168,-1489,1318,-782,454,-1243,1075
IMU1,1235,12143697,-1561,1273,-1078,422,-1075,824
IMU1,1236,12154231,-1514,1328,-1196,292,-863,614
IMU1,1237,12164578,-1600,1476,-864,180,-697,462
IMU1,1238,12174688,-1468,1414,-882,140,-651,374
IMU1,1239,12184806,-1521,1530,-953,139,-659,301
IMU1,1240,12194937,-1528,1522,-911,152,-634,252
IMU1,1241,12205070,-1297,1606,-868,172,-603,219
IMU1,1242,12215180,-1204,1619,-1095,188,-597,140
IMU1,1243,12226540,-1268,1588,-1057,160,-545,-45
IMU1,1244,12236764,-1291,1569,-983,158,-471,-65
IMU1,1245,12246798,-1335,1527,-934,178,-361,-47
IMU1,1246,12256820,-1318,1506,-958,207,-238,-33
IMU1,1247,12266840,-1364,1528,-929,216,-157,-55
IMU1,1248,12276863,-1449,1516,-899,211,-126,-99
IMU1,1249,12286883,-1517,1512,-887,200,-149,-162
IMU1,1250,12297109,-1639,1522,-871,177,-207,-246
IMU1,1251,12307307,-1790,1533,-872,148,-258,-318
IMU1,1252,12317521,-1939,1553,-848,120,-306,-388
IMU1,1253,12327736,-2184,1554,-774,110,-380,-468
IMU1,1254,12337958,-2467,1494,-692,127,-419,-537
IMU1,1255,12348173,-2773,1432,-541,176,-363,-587
IMU1,1256,12358389,-3002,1364,-329,255,-252,-648
IMU1,1257,12368606,-3212,1349,-125,361,-163,-778
IMU1,1258,12378811,-3507,1312,124,469,-123,-987
IMU1,1259,12389973,-4227,1361,235,561,-211,-1486
IMU1,1260,12400303,-4578,1481,424,520,-358,-1725
IMU1,1261,12410625,-4883,1486,627,460,-470,-1967
IMU1,1262,12420956,-5093,1488,727,358,-563,-2198
IMU1,1263,12431294,-5198,1655,778,198,-657,-2436
IMU1,1264,12441630,-5245,1886,765,-26,-705,-2738
IMU1,1265,12451840,-5355,2088,795,-319,-672,-3136
IMU1,1266,12462265,-5368,2349,832,-654,-592,-3551
IMU1,1267,12472692,-5361,2676,866,-1000,-553,-4043
IMU1,1268,12483310,-5447,2924,990,-1326,-546,-4594
IMU1,1269,12493927,-5492,3221,1497,-1602,-503,-5122
IMU1,1270,12505246,-6651,3963,1665,-1994,-196,-6275
IMU1,1271,12516080,-7225,4375,1628,-2265,-111,-6884
IMU1,1272,12526898,-7300,4981,1665,-2681,-504,-7720
IMU1,1273,12537730,-7124,5588,1961,-3178,-1247,-8877
IMU1,1274,12548782,-7484,6079,2280,-3624,-1843,-10247
IMU1,1275,12560019,-8387,6686,2302,-3969,-2144,-11567
IMU1,1276,12571246,-9756,7617,1792,-4292,-2392,-12626
IMU1,1277,12582508,-10066,7580,1624,-5132,-2905,-13812
IMU1,1278,12593943,-10021,7502,1570,-5652,-2889,-13891
IMU1,1279,12605400,-9721,7178,1562,-6179,-2777,-13590
IMU1,1280,12616670,-9067,6896,1699,-6616,-2583,-12980
IMU1,1281,12627878,-8209,6645,1770,-6910,-2532,-12248
IMU1,1282,12639105,-6406,6130,1777,-7057,-2669,-10977
IMU1,1283,12650334,-5575,5810,1651,-6924,-2643,-10576
IMU1,1284,12661555,-5074,5443,1353,-6687,-2510,-10300
IMU1,1285,12672796,-4799,5106,1060,-6434,-2330,-10065
IMU1,1286,12684040,-4389,4859,753,-6235,-2419,-9796
IMU1,1287,12694888,-4019,4534,485,-6103,-2654,-9454
IMU1,1288,12705721,-3413,4181,-51,-5993,-2751,-9027
IMU1,1289,12716966,-2192,3945,-274,-5671,-2476,-8259
IMU1,1290,12727897,-1963,3701,-446,-5366,-2182,-7874
IMU1,1291,12738829,-1956,3569,-702,-4964,-1667,-7332
IMU1,1292,12749750,-2025,3460,-944,-4495,-1159,-6607
IMU1,1293,12760673,-1938,3389,-1124,-3997,-828,-5724
IMU1,1294,12771598,-1693,3307,-1317,-3508,-652,-4804
IMU1,1295,12782521,-1496,3274,-1579,-3048,-594,-3971
IMU1,1296,12793972,-1116,2845,-1223,-2129,-658,-2744
IMU1,1297,12804897,-1191,2555,-1351,-1541,-711,-2376
IMU1,1298,12815805,-1143,2414,-1726,-1027,-845,-2101
IMU1,1299,12826695,-731,2364,-1469,-555,-831,-1925
IMU1,1300,12837189,-977,2182,-1911,-129,-687,-1923
IMU1,1301,12847686,-1015,2147,-2422,62,-758,-1871
IMU1,1302,12858095,-1020,2065,-2373,91,-716,-1657
IMU1,1303,12868503,-572,1967,-2700,45,-475,-1491
IMU1,1304,12878704,-695,1803,-2565,-103,-197,-1374
# swing_peak_seq=1278
IMU1,1305,12889715,-334,1515,-2326,-331,250,-1060
IMU1,1306,12900115,-260,1400,-2094,-316,337,-941
IMU1,1307,12910327,-136,1325,-1882,-173,287,-813
IMU1,1308,12920523,-38,1237,-1783,65,203,-678
IMU1,1309,12930229,-3,1148,-1865,342,131,-564
IMU1,1310,12939940,2,1050,-1996,581,71,-470
IMU1,1311,12949375,47,946,-2109,742,17,-384
IMU1,1312,12958795,82,823,-2134,832,-8,-304
IMU1,1313,12968113,117,712,-2224,869,-21,-234
IMU1,1314,12977825,95,619,-2276,845,-62,-157
IMU1,1315,12987347,97,530,-2302,786,-113,-45
IMU1,1316,12996869,86,443,-2311,720,-129,92
IMU1,1317,13006286,84,353,-2342,655,-106,234
IMU1,1318,13015900,131,268,-2392,572,-57,348
IMU1,1319,13025535,126,184,-2370,473,22,406
IMU1,1320,13035055,125,113,-2339,373,67,427
IMU1,1321,13044585,149,42,-2312,296,74,417
IMU1,1322,13056473,147,-30,-2286,244,59,399
IMU1,1323,13065882,118,-108,-2262,242,25,395
IMU1,1324,13075498,124,-157,-2352,275,-22,430
IMU1,1325,13085220,124,-170,-2514,310,-45,485
IMU1,1326,13094938,131,-141,-2696,317,-7,548
IMU1,1327,13104466,100,-178,-2680,298,47,613
IMU1,1328,13114093,87,-235,-2562,312,85,690
IMU1,1329,13123491,64,-302,-2472,395,67,772
IMU1,1330,13132902,113,-389,-2414,541,-5,844
IMU1,1331,13142393,130,-510,-2303,746,-97,885
IMU1,1332,13152111,185,-623,-2322,993,-197,887
IMU1,1333,13162011,208,-710,-2474,1230,-296,840
IMU1,1334,13172117,154,-730,-2717,1392,-328,772
IMU1,1335,13182231,122,-731,-2826,1455,-234,721
IMU1,1336,13192346,38,-710,-2840,1437,-34,699
IMU1,1337,13202053,-67,-688,-2858,1357,211,732
IMU1,1338,13211955,-142,-675,-2754,1219,429,820
IMU1,1339,13222061,-150,-717,-2587,1081,575,939
IMU1,1340,13232176,-158,-735,-2430,970,630,1046
IMU1,1341,13242286,-126,-818,-2226,913,626,1127
IMU1,1342,13252396,-175,-846,-1954,945,570,1175
IMU1,1343,13262512,-160,-819,-1832,1079,441,1202
IMU1,1344,13272814,-216,-782,-1772,1304,252,1224
IMU1,1345,13283117,-279,-612,-1908,1538,75,1336
IMU1,1346,13293763,-267,-557,-2062,1950,2,1458
IMU1,1347,13303672,-232,-421,-2255,2076,29,1589
IMU1,1348,13313797,-177,-371,-2322,2111,16,1722
IMU1,1349,13323892,-128,-373,-2388,2083,-30,1830
IMU1,1350,13334093,-103,-431,-2381,2006,-88,1926
IMU1,1351,13344288,-97,-394,-2336,1915,-117,2004
IMU1,1352,13354493,-108,-403,-2220,1826,-126,2043
IMU1,1353,13364887,-139,-436,-2172,1757,-157,2028
IMU1,1354,13375283,-216,-424,-2070,1713,-194,1975
IMU1,1355,13385690,-294,-464,-1914,1713,-201,1900
IMU1,1356,13396101,-350,-522,-1803,1761,-204,1807
IMU1,1357,13406499,-392,-476,-1675,1853,-216,1677
IMU1,1358,13416910,-453,-445,-1638,1971,-263,1519
IMU1,1359,13427320,-751,-407,-1681,2091,-317,1370
IMU1,1360,13438243,-817,-367,-1655,2268,-170,1303
IMU1,1361,13448637,-847,-301,-1593,2321,-21,1345
IMU1,1362,13458840,-853,-247,-1492,2349,101,1398
IMU1,1363,13469143,-862,-197,-1430,2353,213,1447
IMU1,1364,13479450,-830,-139,-1276,2334,293,1478
IMU1,1365,13489764,-892,-159,-1103,2329,324,1496
IMU1,1366,13500072,-778,-95,-937,2346,299,1505
IMU1,1367,13510003,-694,-69,-878,2388,251,1480
IMU1,1368,13519924,-515,-32,-889,2431,286,1424
IMU1,1369,13529835,-373,9,-905,2453,434,1349
IMU1,1370,13539447,-248,50,-997,2452,746,1276
IMU1,1371,13549267,-137,100,-1009,2404,1199,1225
IMU1,1372,13559679,-75,85,-977,2328,1709,1196
IMU1,1373,13569511,-98,133,-928,2240,2204,1203
IMU1,1374,13579524,-144,199,-864,2155,2638,1254
IMU1,1375,13589741,-214,279,-744,2083,2976,1351
IMU1,1376,13599966,-292,350,-501,2049,3193,1487
IMU1,1377,13611243,-593,335,-392,2141,3319,1912
IMU1,1378,13621470,-736,316,-260,2243,3306,2231
IMU1,1379,13631691,-840,294,-189,2384,3246,2581
IMU1,1380,13641907,-950,253,-197,2525,3171,2931
IMU1,1381,13652141,-1018,222,-214,2625,3100,3276
IMU1,1382,13662561,-1085,228,-215,2676,3040,3598
IMU1,1383,13672985,-1191,195,-182,2686,3015,3884
IMU1,1384,13683403,-1257,215,-141,2668,3012,4135
IMU1,1385,13693821,-1380,253,-213,2628,3013,4353
IMU1,1386,13704250,-1556,221,-181,2551,3041,4565
IMU1,1387,13714680,-1853,216,12,2472,3142,4800
IMU1,1388,13724817,-2013,87,281,2428,3283,5063
IMU1,1389,13734932,-1996,-64,798,2432,3353,5309
IMU1,1390,13745691,-1751,-141,955,2611,3166,5537
IMU1,1391,13756136,-1587,-143,1013,2755,3066,5481
IMU1,1392,13766783,-1601,-47,986,2874,3089,5378
IMU1,1393,13777000,-1799,112,985,2945,3224,5270
IMU1,1394,13787321,-2301,324,1010,2950,3337,5248
IMU1,1395,13797852,-2738,488,902,2886,3236,5340
IMU1,1396,13808183,-3086,653,687,2727,2883,5492
IMU1,1397,13818506,-3141,804,462,2475,2373,5650
IMU1,1398,13828860,-2959,980,295,2153,1835,5741
IMU1,1399,13839198,-2831,1123,239,1824,1489,5733
IMU1,1400,13849744,-2890,1305,269,1547,1425,5666
IMU1,1401,13860258,-3444,1676,547,1353,1519,5552
IMU1,1402,13870793,-3645,1862,572,1290,1539,5518
IMU1,1403,13881334,-3687,2066,443,1327,1285,5449
IMU1,1404,13891853,-3663,2199,215,1335,984,5316
IMU1,1405,13902186,-3704,2240,-115,1256,728,5146
IMU1,1406,13912615,-3698,2310,-386,1082,524,4992
IMU1,1407,13923062,-3587,2287,-372,858,427,4855
IMU1,1408,13933299,-3439,2297,-263,670,488,4727
IMU1,1409,13943520,-3383,2284,-224,551,652,4597
IMU1,1410,13953749,-3418,2220,-298,467,838,4474
IMU1,1411,13963982,-3437,2101,-321,374,987,4377
IMU1,1412,13974219,-3386,1996,-249,280,1017,4275
IMU1,1413,13984648,-3323,1890,-26,221,905,4127
IMU1,1414,13995707,-3289,1742,-39,217,422,3705
IMU1,1415,14005734,-3322,1601,-186,233,178,3485
IMU1,1416,14015953,-3255,1492,-432,184,-62,3287
IMU1,1417,14026080,-3025,1441,-582,82,-300,3065
IMU1,1418,14036209,-2874,1425,-697,-57,-401,2811
IMU1,1419,14046424,-2814,1342,-844,-198,-270,2550
IMU1,1420,14059401,-2719,1302,-946,-364,-15,2314
IMU1,1421,14069631,-2566,1288,-990,-527,258,2073
IMU1,1422,14079953,-2502,1281,-942,-667,442,1815
IMU1,1423,14090300,-2516,1292,-859,-741,503,1560
IMU1,1424,14101651,-2587,1347,-811,-726,442,1197
IMU1,1425,14111961,-2523,1404,-888,-667,325,1099
IMU1,1426,14122283,-2420,1431,-982,-602,157,1025
IMU1,1427,14132600,-2307,1448,-1073,-555,4,959
IMU1,1428,14142521,-2151,1494,-1145,-532,-79,890
IMU1,1429,14152743,-2008,1483,-1158,-518,-54,798
IMU1,1430,14162961,-1963,1477,-1160,-505,47,694
IMU1,1431,14173077,-1993,1478,-1145,-493,129,598
IMU1,1432,14183399,-2003,1472,-1112,-479,181,521
IMU1,1433,14193717,-1987,1479,-1063,-465,244,459
IMU1,1434,14204038,-2003,1477,-1040,-453,320,399
IMU1,1435,14214356,-1903,1427,-1048,-450,364,327
IMU1,1436,14224682,-1792,1520,-1073,-453,311,218
IMU1,1437,14235004,-1881,1624,-1113,-458,185,77
IMU1,1438,14246165,-2063,1596,-1081,-417,3,-53
IMU1,1439,14255991,-2112,1560,-1054,-357,4,15
IMU1,1440,14265726,-1971,1518,-1049,-284,37,91
IMU1,1441,14275638,-1758,1454,-1017,-208,2,99
IMU1,1442,14285352,-1553,1413,-928,-130,-152,9
IMU1,1443,14295172,-1404,1383,-882,-31,-371,-143
IMU1,1444,14305277,-1342,1431,-889,85,-604,-302
IMU1,1445,14315304,-1418,1521,-934,199,-842,-429
IMU1,1446,14325533,-1510,1553,-995,310,-999,-481
IMU1,1447,14335774,-1521,1555,-1066,399,-1027,-439
IMU1,1448,14346419,-1430,1575,-1126,449,-910,-358
IMU1,1449,14356827,-1293,1562,-1152,457,-701,-300
IMU1,1450,14367232,-1209,1533,-1147,427,-465,-293
IMU1,1451,14377647,-1154,1511,-1100,365,-265,-327
IMU1,1452,14388055,-1155,1498,-1009,298,-133,-383
IMU1,1453,14398462,-1281,1469,-849,253,-35,-434
IMU1,1454,14409509,-1369,1453,-847,227,207,-438
IMU1,1455,14419615,-1505,1439,-880,201,359,-401
IMU1,1456,14429711,-1611,1433,-879,154,517,-349
IMU1,1457,14439821,-1687,1407,-842,80,671,-303
IMU1,1458,14449719,-1766,1394,-779,-11,759,-297
IMU1,1459,14459725,-1881,1317,-603,-79,731,-333
IMU1,1460,14469733,-1974,1240,-463,-79,645,-384
IMU1,1461,14479738,-2179,1257,-371,-10,534,-459
IMU1,1462,14489752,-2422,1236,-315,104,378,-526
IMU1,1463,14499860,-2611,1221,-313,255,213,-583
IMU1,1464,14509964,-2777,1243,-361,415,119,-636
IMU1,1465,14520087,-2967,1267,-424,545,209,-680
IMU1,1466,14530199,-3258,1309,-431,619,461,-721
IMU1,1467,14540320,-3706,1303,-344,632,726,-762
IMU1,1468,14550454,-4144,1253,-131,596,901,-800
IMU1,1469,14560577,-4617,1166,240,551,898,-862
IMU1,1470,14570603,-5196,1035,652,540,664,-966
IMU1,1471,14580628,-5581,997,1010,570,217,-1122
IMU1,1472,14590865,-5909,1292,1040,620,-408,-1388
IMU1,1473,14601909,-5872,1553,836,488,-1800,-2377
IMU1,1474,14612442,-5858,1908,764,239,-2290,-3034
IMU1,1475,14622986,-5874,2135,919,-61,-2470,-3644
IMU1,1476,14633418,-5862,2603,901,-344,-2190,-4190
IMU1,1477,14644046,-5987,3070,843,-638,-1655,-4703
IMU1,1478,14654673,-6331,3412,989,-964,-1148,-5191
IMU1,1479,14665314,-6768,3659,1358,-1288,-838,-5694
IMU1,1480,14676134,-7169,4033,1683,-1587,-838,-6212
IMU1,1481,14686970,-7413,5077,1750,-1894,-1288,-6885
IMU1,1482,14698006,-7695,6101,1557,-2757,-2728,-8572
IMU1,1483,14709042,-7352,6918,1431,-3353,-2800,-9566
IMU1,1484,14720102,-7627,7107,1515,-3988,-2484,-10800
IMU1,1485,14731335,-8160,7265,1835,-4581,-2332,-12153
IMU1,1486,14742585,-8992,7262,2085,-5057,-2674,-13405
IMU1,1487,14753828,-9703,7095,2302,-5431,-3272,-14270
IMU1,1488,14765064,-9626,6537,2357,-5901,-4127,-14335
IMU1,1489,14776303,-9020,6366,2223,-6122,-4432,-13756
IMU1,1490,14787565,-8240,6144,1828,-6374,-4757,-13049
IMU1,1491,14798808,-7586,5830,1428,-6656,-4898,-12281
IMU1,1492,14810047,-6907,5514,933,-6917,-4687,-11478
IMU1,1493,14821091,-6358,5227,523,-7130,-4279,-10699
IMU1,1494,14832142,-5062,4569,164,-7357,-3665,-9251
IMU1,1495,14842988,-4266,4282,-56,-7312,-3360,-8685
IMU1,1496,14853716,-3499,3936,-155,-7139,-2998,-8219
IMU1,1497,14864649,-2927,3702,-29,-6774,-2488,-7818
IMU1,1498,14875363,-2616,3594,-24,-6147,-1946,-7442
IMU1,1499,14886086,-2364,3524,-150,-5340,-1625,-7027
IMU1,1500,14897007,-2183,3537,-369,-4470,-1559,-6546
IMU1,1501,14907936,-1789,3511,-972,-3615,-1624,-6027
IMU1,1502,14919388,-1760,3083,-1138,-2162,-1865,-4916
IMU1,1503,14930512,-1459,2968,-1354,-1552,-1880,-4263
IMU1,1504,14941634,-1773,2799,-1459,-1035,-1775,-3684
IMU1,1505,14952751,-1767,2720,-1957,-651,-1674,-3097
IMU1,1506,14963665,-1486,2659,-2247,-493,-1641,-2627
IMU1,1507,14974563,-1563,2460,-2635,-501,-1525,-2350
IMU1,1508,14985493,-1295,2213,-1820,-606,-1339,-1985
IMU1,1509,14996414,-1075,2028,-2322,-485,-1064,-1879
IMU1,1510,15007332,-962,2020,-1971,-435,-993,-1767
IMU1,1511,15017853,-556,1933,-1847,-294,-719,-1710
IMU1,1512,15028379,-721,1845,-2075,-139,-507,-1740
IMU1,1513,15038905,-833,1682,-2267,-52,-442,-1667
IMU1,1514,15049224,-603,1549,-2330,-18,-424,-1504
# swing_peak_seq=1488
IMU1,1515,15062111,-258,1316,-2323,20,-300,-1325
IMU1,1516,15072857,-315,1215,-2139,180,-34,-969
IMU1,1517,15082887,10,1116,-2178,321,-45,-724
IMU1,1518,15092607,195,1061,-2257,467,-83,-624
IMU1,1519,15102536,31,942,-2300,570,-16,-544
IMU1,1520,15112087,-93,793,-2299,649,4,-428
IMU1,1521,15121410,18,644,-2354,724,-101,-272
IMU1,1522,15131132,36,506,-2382,781,-194,-144
IMU1,1523,15140870,71,352,-2361,832,-199,-37
IMU1,1524,15150402,110,242,-2399,890,-154,38
IMU1,1525,15160037,61,175,-2412,912,-126,93
IMU1,1526,15169457,33,146,-2406,914,-105,139
IMU1,1527,15179077,9,112,-2408,903,-83,190
IMU1,1528,15188309,5,77,-2413,890,-55,244
IMU1,1529,15197864,2,36,-2378,882,-30,307
IMU1,1530,15207427,7,-28,-2288,901,-22,383
IMU1,1531,15217068,66,-73,-2225,947,-59,474
IMU1,1532,15226923,116,-97,-2248,1012,-133,551
IMU1,1533,15236846,80,-103,-2394,1073,-204,617
IMU1,1534,15246776,19,-125,-2482,1081,-220,696
IMU1,1535,15256695,-5,-117,-2567,1055,-169,772
IMU1,1536,15266515,-35,-134,-2596,1011,-98,839
IMU1,1537,15276336,-51,-168,-2605,966,-7,910
IMU1,1538,15285760,-106,-171,-2619,933,127,993
IMU1,1539,15295675,-142,-133,-2561,908,278,1085
IMU1,1540,15305812,-214,-100,-2476,894,375,1182
IMU1,1541,15315949,-294,-32,-2208,933,397,1285
IMU1,1542,15325889,-458,4,-2012,1053,314,1407
IMU1,1543,15335731,-510,70,-1922,1254,133,1547
IMU1,1544,15345777,-541,61,-1901,1507,-53,1681
IMU1,1545,15355719,-487,37,-1791,1803,-167,1776
IMU1,1546,15365856,-605,7,-1867,2125,-165,1819
IMU1,1547,15375767,-743,49,-2084,2377,-136,1898
IMU1,1548,15385891,-787,62,-2051,2542,-149,1966
IMU1,1549,15396014,-834,54,-2081,2659,-128,2026
IMU1,1550,15406122,-877,64,-2090,2717,-22,2079
IMU1,1551,15416043,-915,54,-1919,2743,139,2126
IMU1,1552,15426075,-1046,-16,-1795,2778,325,2174
IMU1,1553,15436393,-1201,-121,-1559,2822,480,2252
IMU1,1554,15446926,-1401,-405,-1024,2906,572,2375
IMU1,1555,15457454,-1370,-555,-870,3196,585,2665
IMU1,1556,15467796,-1391,-671,-776,3361,526,2738
IMU1,1557,15478127,-1415,-730,-714,3513,450,2768
IMU1,1558,15488473,-1410,-744,-718,3631,406,2746
IMU1,1559,15498797,-1364,-775,-763,3686,397,2678
IMU1,1560,15509134,-1411,-760,-708,3683,444,2586
IMU1,1561,15519462,-1456,-804,-585,3657,553,2510
IMU1,1562,15529809,-1412,-889,-533,3613,673,2459
IMU1,1563,15540137,-1384,-955,-520,3533,801,2418
IMU1,1564,15550471,-1323,-946,-405,3425,943,2398
IMU1,1565,15560820,-1299,-980,-273,3330,1114,2394
IMU1,1566,15571362,-1309,-964,-259,3248,1308,2411
IMU1,1567,15582906,-1511,-985,-277,3076,1677,2537
IMU1,1568,15593449,-1729,-1174,-163,2964,1826,2695
IMU1,1569,15604175,-1533,-1045,-62,2870,2017,2855
IMU1,1570,15614703,-1431,-1099,-54,2776,2294,2969
IMU1,1571,15625253,-1426,-1180,276,2691,2544,2969
IMU1,1572,15635898,-1801,-1290,448,2674,2772,2942
IMU1,1573,15646532,-1986,-1384,546,2699,2889,3002
IMU1,1574,15657178,-2030,-1199,550,2768,2812,3059
IMU1,1575,15667827,-2044,-1272,510,2848,2635,3102
IMU1,1576,15678995,-2262,-1338,613,2997,2264,3172
IMU1,1577,15689658,-2298,-1349,701,3079,2188,3235
IMU1,1578,15700294,-2126,-1317,697,3165,2144,3279
IMU1,1579,15710941,-2008,-1170,728,3250,2081,3248
IMU1,1580,15721575,-1859,-1185,715,3350,1966,3089
IMU1,1581,15732234,-1998,-1369,823,3464,1794,2891
IMU1,1582,15742861,-2159,-1454,903,3599,1632,2710
IMU1,1583,15753508,-2249,-1284,846,3733,1583,2554
IMU1,1584,15764154,-1922,-1023,557,3806,1621,2419
IMU1,1585,15775310,-1791,-966,356,3695,1900,2119
IMU1,1586,15785751,-1729,-867,55,3490,2258,2007
IMU1,1587,15795980,-1682,-726,-174,3173,2703,1980
IMU1,1588,15806512,-1792,-563,-193,2794,3162,2042
IMU1,1589,15817056,-1994,-410,31,2428,3540,2186
IMU1,1590,15827293,-2101,-302,400,2164,3724,2396
IMU1,1591,15837734,-2106,-287,635,2049,3671,2639
IMU1,1592,15848186,-2013,-283,854,2060,3402,2875
IMU1,1593,15858620,-1823,-274,1414,2243,2953,3066
IMU1,1594,15869267,-1690,-363,2338,2764,2362,3162
IMU1,1595,15879926,-1753,-467,-36,3406,602,3328
IMU1,1596,15890582,-1174,65,-512,3507,321,3425
IMU1,1597,15900626,-915,535,-328,3178,836,3384
IMU1,1598,15910675,-1245,729,74,2885,1531,3290
IMU1,1599,15920817,-1771,842,417,2754,1889,3342
IMU1,1600,15931153,-2203,835,656,2747,1852,3627
IMU1,1601,15941495,-2099,1069,106,2797,1630,4005
IMU1,1602,15952017,-1900,1364,-1194,2462,1469,4234
IMU1,1603,15962847,-1593,1711,-922,1716,1697,4239
IMU1,1604,15973489,-1510,1943,130,1106,2361,4022
IMU1,1605,15984038,-2034,1823,585,710,2927,3722
IMU1,1606,15994374,-2534,1954,1336,611,3046,3557
IMU1,1607,16004930,-3038,1752,847,1012,2071,3675
IMU1,1608,16015458,-2889,1890,164,1587,1251,3883
IMU1,1609,16025967,-2211,1963,50,1544,850,4000
IMU1,1610,16036074,-1921,2057,-165,1372,841,3902
IMU1,1611,16046475,-1949,2047,39,1162,936,3688
IMU1,1612,16056593,-2109,1917,42,963,931,3476
IMU1,1613,16069074,-2260,1906,-101,761,846,3354
IMU1,1614,16079296,-2298,1939,-229,542,867,3304
IMU1,1615,16089511,-2296,1941,-239,310,1000,3266
IMU1,1616,16099933,-2258,1825,-297,75,1118,3201
IMU1,1617,16110146,-2321,1755,-311,-151,1116,3105
IMU1,1618,16121200,-2561,1677,-268,-479,946,2913
IMU1,1619,16131515,-2608,1528,-254,-565,826,2844
IMU1,1620,16141823,-2522,1396,-246,-604,618,2766
IMU1,1621,16152140,-2354,1368,-336,-592,357,2621
IMU1,1622,16162460,-2225,1370,-466,-570,88,2396
IMU1,1623,16172579,-2193,1384,-619,-558,-154,2123
IMU1,1624,16183004,-2183,1376,-712,-556,-321,1845
IMU1,1625,16193415,-2172,1401,-796,-565,-371,1601
IMU1,1626,16203821,-2224,1430,-849,-570,-315,1401
IMU1,1627,16214244,-2284,1404,-949,-572,-223,1263
IMU1,1628,16224663,-2333,1420,-1013,-588,-130,1179
IMU1,1629,16235271,-2288,1530,-1193,-608,-31,1117
IMU1,1630,16246218,-2322,1476,-1245,-681,140,941
IMU1,1631,16256540,-2248,1382,-1288,-732,169,833
IMU1,1632,16266837,-2063,1327,-1345,-767,111,680
IMU1,1633,16277149,-1997,1367,-1345,-765,-67,482
IMU1,1634,16287360,-1936,1303,-1317,-706,-299,289
IMU1,1635,16297765,-1891,1218,-1281,-596,-491,145
IMU1,1636,16308173,-1899,1240,-1195,-444,-587,63
IMU1,1637,16318391,-1843,1377,-1137,-248,-546,27
IMU1,1638,16328618,-1744,1523,-1236,-41,-359,-6
IMU1,1639,16338530,-1708,1654,-1559,104,-105,-51
IMU1,1640,16348741,-2239,1837,-1703,139,116,-72
IMU1,1641,16358870,-2622,1435,-1446,111,352,69
IMU1,1642,16368893,-2272,1141,-1248,82,680,299
IMU1,1643,16378915,-1845,1189,-946,49,908,385
IMU1,1644,16388753,-1549,1215,-716,72,822,233
IMU1,1645,16398559,-1488,1211,-596,145,450,-68
IMU1,1646,16410019,-1405,1404,-649,318,-353,-677
IMU1,1647,16420199,-1486,1478,-682,395,-622,-877
IMU1,1648,16430392,-1549,1471,-698,469,-784,-949
IMU1,1649,16440603,-1506,1505,-735,524,-825,-919
IMU1,1650,16450802,-1372,1551,-783,562,-810,-844
IMU1,1651,16460995,-1246,1558,-797,571,-784,-771
IMU1,1652,16471208,-1156,1537,-795,553,-706,-711
IMU1,1653,16481423,-1105,1574,-848,508,-562,-662
IMU1,1654,16491620,-1123,1583,-895,438,-403,-619
IMU1,1655,16501815,-1140,1581,-945,332,-284,-570
IMU1,1656,16512020,-1149,1566,-945,211,-206,-518
IMU1,1657,16522206,-1141,1530,-915,88,-148,-473
IMU1,1658,16532214,-1145,1494,-886,-8,-99,-440
IMU1,1659,16541910,-1184,1459,-834,-82,-41,-418
IMU1,1660,16551811,-1192,1417,-779,-118,26,-398
IMU1,1661,16561821,-1202,1452,-769,-131,83,-378
IMU1,1662,16571820,-1226,1416,-835,-135,142,-377
IMU1,1663,16583067,-1232,1398,-844,-144,188,-394
IMU1,1664,16593270,-1243,1353,-819,-162,208,-412
IMU1,1665,16603463,-1245,1316,-771,-156,215,-435
IMU1,1666,16613670,-1244,1310,-746,-134,213,-466
IMU1,1667,16623879,-1270,1300,-744,-104,184,-511
IMU1,1668,16634094,-1341,1274,-731,-63,154,-560
IMU1,1669,16644106,-1374,1246,-741,-15,143,-599
IMU1,1670,16654097,-1352,1264,-761,19,104,-633
IMU1,1671,16664000,-1315,1282,-819,41,43,-682
IMU1,1672,16673684,-1295,1309,-888,40,-15,-747
IMU1,1673,16683464,-1337,1338,-929,28,-71,-802
IMU1,1674,16693266,-1368,1325,-906,23,-122,-822
IMU1,1675,16703255,-1384,1319,-880,37,-154,-803
IMU1,1676,16713259,-1419,1337,-864,75,-165,-756
IMU1,1677,16723262,-1465,1330,-866,126,-164,-692
IMU1,1678,16733443,-1487,1291,-895,169,-162,-612
IMU1,1679,16743629,-1488,1280,-920,191,-183,-522
IMU1,1680,16753822,-1490,1258,-906,211,-227,-453
IMU1,1681,16764027,-1479,1216,-860,212,-277,-397
IMU1,1682,16775272,-1511,1160,-795,234,-343,-346
IMU1,1683,16785485,-1566,1146,-743,260,-375,-330
IMU1,1684,16795694,-1662,1110,-653,302,-404,-321
IMU1,1685,16805885,-1794,1061,-534,361,-466,-287
IMU1,1686,16816077,-1926,1039,-429,453,-543,-228
IMU1,1687,16826264,-2066,1005,-380,542,-596,-141
IMU1,1688,16836461,-2227,956,-290,626,-625,-39
IMU1,1689,16846279,-2337,896,-162,687,-638,72
IMU1,1690,16855986,-2415,837,-62,731,-645,156
IMU1,1691,16865700,-2447,793,-18,747,-664,190
IMU1,1692,16875409,-2468,754,42,718,-703,168
IMU1,1693,16885038,-2445,756,51,654,-773,87
IMU1,1694,16894459,-2535,814,44,556,-875,-46
IMU1,1695,16903981,-2639,808,73,426,-960,-186
IMU1,1696,16913682,-2746,790,151,281,-1003,-303
IMU1,1697,16923792,-2854,782,241,155,-973,-384
IMU1,1698,16933707,-2901,814,342,54,-826,-435
IMU1,1699,16943417,-2933,906,481,-29,-553,-493
IMU1,1700,16953229,-3174,1076,623,-97,-233,-595
IMU1,1701,16963262,-3442,1152,884,-162,-43,-719
IMU1,1702,16973255,-3790,1259,1201,-203,-53,-846
IMU1,1703,16983462,-4155,1390,1609,-202,-156,-965
IMU1,1704,16993866,-4349,1484,1942,-157,-251,-1083
IMU1,1705,17004475,-4606,1594,2501,-113,-255,-1255
IMU1,1706,17015621,-5096,2013,2570,-255,-323,-1847
IMU1,1707,17026237,-5246,2381,2573,-533,-928,-2333
IMU1,1708,17036862,-5495,2776,2617,-950,-1634,-2884
IMU1,1709,17047675,-5968,3163,2552,-1481,-1969,-3377
IMU1,1710,17058707,-6552,3680,2425,-2131,-1868,-3795
IMU1,1711,17072289,-6953,4522,2338,-2906,-1533,-4774
IMU1,1712,17083328,-6864,4984,2213,-4778,-1098,-5693
IMU1,1713,17094366,-6970,5327,2237,-5772,-1385,-6936
IMU1,1714,17105410,-7451,5839,2332,-6668,-1824,-8355
IMU1,1715,17116452,-8287,6237,2313,-7392,-2229,-9765
IMU1,1716,17127511,-9296,6920,2444,-7949,-2744,-10963
IMU1,1717,17138750,-9520,7442,2506,-8317,-3161,-11879
IMU1,1718,17150020,-10431,7505,2059,-8516,-3453,-12753
IMU1,1719,17161480,-10190,7372,1822,-8560,-3580,-12630
IMU1,1720,17172937,-9777,7089,1549,-8611,-3700,-12262
IMU1,1721,17184180,-8984,6730,1268,-8637,-3753,-11747
IMU1,1722,17195419,-8121,6444,896,-8625,-3782,-11248
IMU1,1723,17206459,-7290,6109,310,-8585,-3778,-10789
IMU1,1724,17217489,-5377,5477,-3,-8235,-3217,-9990
IMU1,1725,17228011,-4165,5245,-101,-7957,-2809,-9698
IMU1,1726,17238924,-3162,4954,-64,-7531,-2446,-9538
IMU1,1727,17249676,-2841,4651,-150,-6905,-2055,-9322
IMU1,1728,17260595,-2617,4325,-352,-6152,-1625,-8816
IMU1,1729,17271518,-2430,4094,-543,-5319,-1198,-8000
IMU1,1730,17282449,-2209,3999,-765,-4439,-870,-6963
IMU1,1731,17293175,-1538,3869,-1167,-3594,-745,-5840
IMU1,1732,17304092,-1252,3703,-1395,-2261,-1160,-3930
IMU1,1733,17315214,-1178,3486,-1810,-1811,-1441,-3274
IMU1,1734,17326322,-1105,3302,-2368,-1564,-1554,-2761
IMU1,1735,17337443,-945,3047,-2538,-1488,-1432,-2362
IMU1,1736,17348374,-862,2781,-2616,-1461,-1062,-2065
IMU1,1737,17359286,-845,2429,-2400,-1418,-558,-1852
IMU1,1738,17370004,-609,1992,-1320,-1281,-108,-1701
IMU1,1739,17381214,-528,1610,-1082,-418,166,-1711
IMU1,1740,17391615,-587,1409,-1162,114,-184,-1662
IMU1,1741,17402031,-545,1307,-1332,614,-654,-1509
IMU1,1742,17412454,-406,1153,-1615,935,-923,-1330
IMU1,1743,17422859,-509,954,-1542,1169,-992,-1124
IMU1,1744,17433280,-516,806,-2009,1284,-1043,-850
# swing_peak_seq=1718
IMU1,1745,17443680,-213,761,-2502,1207,-1150,-573
IMU1,1746,17454097,-117,710,-2534,963,-1018,-342
IMU1,1747,17464306,183,675,-2525,658,-653,-137
IMU1,1748,17474223,428,653,-2617,298,-281,-79
IMU1,1749,17483937,302,582,-2479,-75,67,-103
IMU1,1750,17493469,273,441,-2409,-402,303,-120
IMU1,1751,17503382,267,333,-2252,-637,399,-113
IMU1,1752,17513314,292,207,-1990,-752,488,-53
IMU1,1753,17523039,227,127,-1780,-711,598,49
IMU1,1754,17532678,232,64,-1669,-552,642,168
IMU1,1755,17542301,238,21,-1564,-325,529,284
IMU1,1756,17551928,258,-36,-1553,-60,293,381
IMU1,1757,17561460,320,-82,-1651,197,1,457
IMU1,1758,17570690,324,-162,-1764,414,-266,519
IMU1,1759,17580605,304,-247,-1893,582,-468,569
IMU1,1760,17590541,336,-322,-2049,701,-594,597
IMU1,1761,17600472,323,-396,-2246,747,-622,611
IMU1,1762,17610389,309,-449,-2289,718,-537,633
IMU1,1763,17621364,233,-486,-2270,565,-285,671
IMU1,1764,17631271,206,-497,-2223,483,-238,687
IMU1,1765,17641186,182,-519,-2098,419,-220,711
IMU1,1766,17651097,168,-552,-2042,405,-207,748
IMU1,1767,17661016,147,-579,-1965,438,-219,792
IMU1,1768,17670941,155,-614,-1955,514,-249,830
IMU1,1769,17680860,43,-621,-1998,596,-286,861
IMU1,1770,17690575,-88,-604,-1942,682,-317,904
IMU1,1771,17700388,-125,-573,-2003,773,-345,968
IMU1,1772,17710393,-168,-526,-1983,851,-359,1036
IMU1,1773,17720609,-225,-524,-1965,927,-328,1105
IMU1,1774,17730814,-251,-553,-1980,1006,-283,1173
IMU1,1775,17741224,-335,-589,-2023,1067,-261,1237
IMU1,1776,17751629,-416,-591,-2098,1105,-265,1300
IMU1,1777,17762048,-414,-576,-2100,1119,-268,1346
IMU1,1778,17772459,-457,-556,-2011,1134,-238,1361
IMU1,1779,17782878,-524,-516,-1912,1164,-164,1355
IMU1,1780,17793299,-588,-424,-1801,1231,-78,1331
IMU1,1781,17804028,-665,-444,-1765,1396,72,1319
IMU1,1782,17814142,-728,-447,-1701,1498,146,1366
IMU1,1783,17824464,-735,-565,-1612,1613,199,1441
IMU1,1784,17834765,-710,-690,-1588,1730,203,1539
IMU1,1785,17845099,-641,-728,-1606,1831,157,1636
IMU1,1786,17855411,-549,-706,-1611,1897,98,1690
IMU1,1787,17865542,-554,-633,-1539,1936,70,1693
IMU1,1788,17875679,-616,-710,-1449,1969,114,1675
IMU1,1789,17886005,-705,-654,-1337,2015,209,1640
IMU1,1790,17896319,-790,-679,-1361,2061,318,1609
IMU1,1791,17906653,-834,-685,-1403,2081,400,1574
IMU1,1792,17916981,-746,-726,-1292,2081,466,1531
IMU1,1793,17927315,-852,-782,-1162,2072,543,1496
IMU1,1794,17937643,-580,-842,-1054,2078,592,1492
IMU1,1795,17948485,-871,-738,-917,2065,558,1489
IMU1,1796,17958608,-377,-588,-859,2036,576,1500
IMU1,1797,17968732,-1,-922,-917,2015,605,1389
IMU1,1798,17978458,-212,-856,-967,1989,735,1229
IMU1,1799,17988581,-55,-807,-774,1971,1015,1143
IMU1,1800,17998703,-538,-644,-914,1993,1350,1151
IMU1,1801,18009040,-697,-485,-970,1997,1638,1298
IMU1,1802,18019353,-726,-531,-745,1995,1810,1534
IMU1,1803,18029692,-882,-731,-533,2043,1861,1827
IMU1,1804,18040003,-962,-797,-348,2138,1801,2182
IMU1,1805,18050315,-1049,-744,-123,2280,1680,2569
IMU1,1806,18060814,-1098,-687,-17,2469,1572,2948
IMU1,1807,18073686,-1174,-662,-75,2863,1433,3618
IMU1,1808,18083999,-1321,-695,-131,3028,1456,3898
IMU1,1809,18094514,-1206,-567,-149,3143,1533,4089
IMU1,1810,18105036,-1344,-454,69,3206,1722,4165
IMU1,1811,18115250,-1594,-536,232,3244,2019,4143
IMU1,1812,18125677,-1441,-634,886,3371,2340,3980
IMU1,1813,18136109,-2915,-1039,-96,3434,2598,3991
IMU1,1814,18146643,-2114,-827,872,3406,2399,4247
IMU1,1815,18157076,-2598,-813,661,3519,2150,4295
IMU1,1816,18167519,-2287,-833,633,3638,1918,4304
IMU1,1817,18177980,-2264,-698,285,3758,1710,4217
IMU1,1818,18188933,-2515,-933,777,3851,2054,3966
IMU1,1819,18199371,-2809,-800,378,3923,2535,3992
IMU1,1820,18209812,-2770,-572,6,3692,2779,4054
IMU1,1821,18219848,-2805,-503,1159,3625,2817,4082
IMU1,1822,18230482,-2842,-737,573,3664,2826,4018
IMU1,1823,18240911,-3041,-610,1154,3728,2455,3930
IMU1,1824,18251551,-3339,-732,1174,4073,1960,3927
IMU1,1825,18262191,-3335,-565,462,4271,1362,4086
IMU1,1826,18272628,-3666,-699,405,4393,934,4351
IMU1,1827,18282876,-3608,-614,240,4352,942,4662
IMU1,1828,18293125,-3664,-531,389,4531,1357,4871
IMU1,1829,18304090,-2978,131,190,4401,1958,4577
IMU1,1830,18314420,-2819,70,-466,4004,2197,4125
IMU1,1831,18324657,-2964,250,-939,3296,2440,3647
IMU1,1832,18335094,-3159,516,-45,2556,2838,3284
IMU1,1833,18345350,-3593,493,318,2108,3155,3090
IMU1,1834,18355722,-4212,636,896,1890,2952,3206
IMU1,1835,18366062,-3976,650,1029,2014,2337,3614
IMU1,1836,18376610,-3711,854,571,2161,1577,3840
IMU1,1837,18386960,-3452,787,198,2251,1147,4021
IMU1,1838,18397303,-3546,804,240,2237,971,4177
IMU1,1839,18407446,-3231,808,-9,2166,825,4270
IMU1,1840,18417270,-3102,873,-202,2028,671,4197
IMU1,1841,18427509,-3102,921,-363,1843,641,3983
IMU1,1842,18437755,-2696,905,-458,1598,678,3772
IMU1,1843,18448506,-2570,962,-205,1146,1102,3117
IMU1,1844,18458920,-2684,909,232,1112,1279,2739
IMU1,1845,18469247,-2638,723,-10,1155,1150,2431
IMU1,1846,18479470,-2548,808,-308,1139,913,2149
IMU1,1847,18489707,-2511,934,-286,1062,887,1894
IMU1,1848,18499928,-2595,926,-273,963,981,1657
IMU1,1849,18509941,-2579,853,-206,849,920,1485
IMU1,1850,18519957,-2399,845,-140,759,689,1366
IMU1,1851,18529994,-2331,888,-251,706,415,1255
IMU1,1852,18540022,-2336,848,-432,661,191,1167
IMU1,1853,18550043,-2311,837,-489,618,35,1131
IMU1,1854,18559878,-2229,831,-518,609,-71,1133
IMU1,1855,18569826,-2130,822,-619,637,-162,1137
IMU1,1856,18579946,-2013,772,-872,647,-216,1122
IMU1,1857,18590063,-1953,826,-1097,598,-170,1065
IMU1,1858,18600387,-1914,918,-1148,505,0,973
IMU1,1859,18609919,-1892,861,-1202,405,200,862
IMU1,1860,18619945,-1886,864,-1240,311,331,765
IMU1,1861,18631544,-1722,907,-1264,211,509,617
IMU1,1862,18641586,-1729,935,-1186,215,623,534
IMU1,1863,18651622,-1822,988,-741,338,727,478
IMU1,1864,18661452,-1868,852,-730,557,734,481
IMU1,1865,18671285,-1913,923,-699,814,573,530
IMU1,1866,18681130,-1679,913,-942,998,359,560
IMU1,1867,18690966,-1524,1073,-753,1119,202,497
IMU1,1868,18701187,-1483,1062,-371,1277,150,367
IMU1,1869,18711410,-1633,999,-282,1482,-55,261
IMU1,1870,18721331,-1680,943,-447,1652,-489,246
IMU1,1871,18731433,-1510,953,-460,1737,-876,301
IMU1,1872,18741580,-1272,1133,-491,1746,-975,335
IMU1,1873,18751910,-1158,1223,-589,1655,-827,288
IMU1,1874,18762251,-1155,1303,-562,1476,-569,205
IMU1,1875,18772566,-1164,1245,-569,1227,-266,141
IMU1,1876,18782886,-1179,1169,-582,923,-23,103
IMU1,1877,18792812,-1167,1185,-571,589,94,80
IMU1,1878,18802449,-1145,1189,-542,267,139,76
IMU1,1879,18812281,-1174,1162,-465,-19,169,85
IMU1,1880,18823564,-1109,1233,-364,-379,184,182
IMU1,1881,18833689,-1114,1221,-468,-486,158,199
IMU1,1882,18843816,-1096,1169,-638,-598,119,203
IMU1,1883,18853942,-1059,1136,-808,-729,109,190
IMU1,1884,18864056,-1010,1099,-904,-867,144,168
IMU1,1885,18874165,-1010,1108,-1002,-988,250,125
IMU1,1886,18884484,-1037,1127,-1094,-1094,411,78
IMU1,1887,18894794,-1142,1127,-1101,-1177,578,38
IMU1,1888,18905122,-1300,1077,-1059,-1225,694,35
IMU1,1889,18915444,-1407,1057,-1019,-1219,736,79
IMU1,1890,18925772,-1458,1082,-982,-1164,686,147
IMU1,1891,18936092,-1442,1076,-982,-1058,594,221
IMU1,1892,18946420,-1428,1064,-1015,-934,490,276
IMU1,1893,18956738,-1439,1079,-1141,-809,392,306
IMU1,1894,18968118,-1364,1015,-1132,-600,250,291
IMU1,1895,18978440,-1359,1078,-1128,-503,218,250
IMU1,1896,18988762,-1389,1120,-1141,-401,223,175
IMU1,1897,18999088,-1406,1115,-1173,-317,231,106
IMU1,1898,19009425,-1424,1126,-1186,-256,225,50
IMU1,1899,19019545,-1417,1119,-1134,-211,215,4
IMU1,1900,19029478,-1421,1105,-1091,-171,215,-31
IMU1,1901,19039704,-1411,1077,-1011,-131,228,-60
IMU1,1902,19049938,-1462,1102,-948,-94,260,-85
IMU1,1903,19059755,-1556,1171,-928,-71,306,-107
IMU1,1904,19069791,-1641,1188,-916,-65,353,-118
IMU1,1905,19082374,-1723,1170,-798,-87,354,-144
IMU1,1906,19092924,-1756,1148,-697,-160,278,-174
IMU1,1907,19103140,-1839,1086,-573,-168,173,-216
IMU1,1908,19113366,-1947,1023,-477,-162,58,-229
IMU1,1909,19123388,-2062,983,-410,-131,-4,-225
IMU1,1910,19133104,-2205,1006,-370,-102,67,-219
IMU1,1911,19143139,-2453,1055,-298,-96,280,-235
IMU1,1912,19153179,-2694,1106,-142,-112,525,-290
IMU1,1913,19163417,-2925,1070,138,-135,660,-392
IMU1,1914,19173559,-3219,1016,439,-125,605,-554
IMU1,1915,19183704,-3495,928,718,-94,355,-756
IMU1,1916,19193465,-3761,933,878,-45,-38,-976
IMU1,1917,19203119,-3998,983,895,-16,-486,-1200
IMU1,1918,19213141,-4205,1044,823,-56,-821,-1420
IMU1,1919,19223347,-4455,1144,797,-192,-1013,-1648
IMU1,1920,19233977,-4654,1224,886,-410,-1216,-1896
IMU1,1921,19244593,-4938,1348,1040,-664,-1466,-2215
IMU1,1922,19255417,-6017,1646,1199,-924,-1662,-2969
IMU1,1923,19266231,-6675,1843,1305,-1548,-1727,-3393
IMU1,1924,19277248,-7020,2165,1445,-1935,-1699,-3943
IMU1,1925,19288263,-7062,2632,1439,-2357,-1890,-4744
IMU1,1926,19299301,-7254,3010,1183,-2836,-2212,-5821
IMU1,1927,19310341,-7714,3679,953,-3404,-2407,-7002
IMU1,1928,19321190,-7894,4124,799,-4019,-2112,-8213
IMU1,1929,19332040,-9680,4365,1466,-4581,-1808,-9447
IMU1,1930,19343072,-10447,4520,1961,-5235,-2414,-11136
IMU1,1931,19354505,-10835,4722,2138,-5286,-3209,-11599
IMU1,1932,19365933,-10938,4855,2007,-5300,-4015,-11861
IMU1,1933,19377359,-10656,4841,1750,-5346,-4563,-12034
IMU1,1934,19388794,-10044,4836,1385,-5469,-4700,-12151
IMU1,1935,19400253,-8291,4692,850,-5956,-4027,-12081
IMU1,1936,19411293,-7600,4624,863,-6265,-3667,-11860
IMU1,1937,19422343,-6954,4615,840,-6520,-3477,-11510
IMU1,1938,19433402,-6269,4622,677,-6729,-3369,-11065
IMU1,1939,19444448,-5694,4449,497,-6910,-3345,-10542
IMU1,1940,19455492,-5072,4234,248,-7050,-3346,-9947
IMU1,1941,19466359,-4540,3974,234,-7142,-3255,-9303
IMU1,1942,19477719,-3399,3462,275,-6947,-2556,-7980
IMU1,1943,19488574,-3064,3200,245,-6579,-2073,-7318
IMU1,1944,19499398,-2786,3010,146,-6024,-1613,-6635
IMU1,1945,19510232,-2493,2888,95,-5357,-1279,-5926
IMU1,1946,19520873,-2129,2737,115,-4622,-1133,-5250
IMU1,1947,19531691,-1830,2614,77,-3855,-1175,-4673
IMU1,1948,19542324,-1638,2481,-66,-3120,-1351,-4203
IMU1,1949,19553048,-1612,2297,-894,-2479,-1578,-3811
IMU1,1950,19563981,-1528,2188,-1387,-1759,-1954,-3112
IMU1,1951,19575118,-1410,2073,-1742,-1682,-1869,-2776
IMU1,1952,19586248,-1266,1902,-1896,-1710,-1536,-2439
IMU1,1953,19597375,-986,1794,-1853,-1711,-1069,-2151
IMU1,1954,19608304,-811,1623,-1783,-1645,-662,-1965
IMU1,1955,19619013,-715,1519,-1640,-1486,-400,-1854
IMU1,1956,19629739,-632,1451,-1520,-1219,-242,-1777
IMU1,1957,19640987,-659,1332,-1161,-379,-350,-1747
IMU1,1958,19651503,-977,1119,-1450,147,-664,-1674
IMU1,1959,19661934,-764,1167,-1713,540,-1096,-1463
IMU1,1960,19672544,-591,1123,-1928,882,-1249,-1250
# swing_peak_seq=1934
IMU1,1961,19683154,-404,984,-2099,1074,-1107,-1077
IMU1,1962,19693766,-298,887,-1957,1209,-949,-957
IMU1,1963,19703981,-261,746,-2064,1322,-892,-882
IMU1,1964,19714197,-143,755,-2372,1344,-977,-808
IMU1,1965,19724410,-49,789,-2428,1268,-990,-730
IMU1,1966,19734430,-48,704,-2485,1123,-799,-652
IMU1,1967,19744444,-193,654,-2496,927,-538,-514
IMU1,1968,19754452,-33,620,-2531,728,-332,-346
IMU1,1969,19764271,-5,564,-2528,529,-174,-234
IMU1,1970,19773880,23,447,-2497,346,-2,-133
IMU1,1971,19783198,70,355,-2449,184,178,-42
IMU1,1972,19792626,89,234,-2376,62,345,27
IMU1,1973,19801761,123,127,-2276,-20,468,122
IMU1,1974,19811373,24,69,-2168,-47,541,220
IMU1,1975,19820601,-38,83,-2105,-14,527,304
IMU1,1976,19829930,-14,-138,-2043,45,374,384
IMU1,1977,19839446,-64,-173,-1973,137,149,456
IMU1,1978,19849174,-90,-194,-1994,261,-14,537
IMU1,1979,19858787,-80,-263,-2101,377,-138,613
IMU1,1980,19868606,-152,-276,-2146,474,-225,676
IMU1,1981,19878620,-187,-347,-2240,534,-249,747
IMU1,1982,19888625,-188,-386,-2307,565,-209,808
IMU1,1983,19898637,-233,-388,-2325,566,-72,839
IMU1,1984,19908464,-264,-372,-2320,559,120,856
IMU1,1985,19918389,-275,-381,-2188,542,262,862
IMU1,1986,19929362,-350,-355,-2060,576,347,872
IMU1,1987,19939292,-428,-373,-1948,663,324,901
IMU1,1988,19949211,-472,-459,-1970,805,274,949
IMU1,1989,19959140,-599,-528,-1762,987,216,1046
IMU1,1990,19969271,-675,-649,-1665,1237,160,1215
IMU1,1991,19979585,-691,-822,-1556,1514,2,1438
IMU1,1992,19989526,-685,-909,-1511,1817,-239,1643
IMU1,1993,19999945,-732,-983,-1565,2105,-443,1785
IMU1,1994,20010379,-637,-954,-1679,2340,-594,1842
IMU1,1995,20020812,-511,-908,-1654,2519,-681,1798
IMU1,1996,20031225,-477,-860,-1625,2669,-694,1665
IMU1,1997,20041638,-465,-821,-1623,2793,-712,1480
IMU1,1998,20052052,-570,-867,-1607,2887,-796,1286
IMU1,1999,20062459,-640,-1009,-1523,2949,-885,1131
IMU1,2000,20073079,-463,-1291,-1502,2993,-969,886
IMU1,2001,20086042,-525,-1358,-1363,3046,-917,785
IMU1,2002,20096459,-494,-1306,-1367,3084,-805,717
IMU1,2003,20106857,-580,-1276,-1296,3104,-690,662
IMU1,2004,20117282,-621,-1277,-1196,3108,-573,627
IMU1,2005,20127722,-627,-1237,-1101,3109,-461,600
IMU1,2006,20138162,-643,-1148,-1035,3107,-390,568
IMU1,2007,20148589,-623,-1117,-1070,3091,-365,538
IMU1,2008,20159024,-597,-1283,-1087,3045,-352,524
IMU1,2009,20169971,-391,-1357,-1075,2883,-130,579
IMU1,2010,20180388,-286,-1305,-1047,2770,82,624
IMU1,2011,20190507,-203,-1231,-1014,2645,334,654
IMU1,2012,20200828,-162,-1179,-966,2531,607,659
IMU1,2013,20210949,-140,-1163,-785,2440,864,648
IMU1,2014,20221082,101,-1002,-614,2425,1058,558
IMU1,2015,20231321,-156,-1077,-609,2493,1223,455
IMU1,2016,20241656,-318,-1162,-976,2543,1363,468
IMU1,2017,20251984,-421,-1082,-1248,2480,1531,580
IMU1,2018,20262520,-249,-896,-1070,2336,1885,779
IMU1,2019,20272848,-234,-841,-980,2207,2447,966
IMU1,2020,20282976,-318,-821,-932,2086,2994,1149
IMU1,2021,20293307,-332,-756,-656,1989,3371,1334
IMU1,2022,20304676,-383,-734,-121,2014,3754,1632
IMU1,2023,20315005,-450,-661,97,2148,3808,1756
IMU1,2024,20325059,-535,-589,146,2354,3797,1870
IMU1,2025,20335311,-650,-571,137,2561,3773,2009
IMU1,2026,20345548,-603,-482,284,2757,3811,2182
IMU1,2027,20355800,-635,-415,150,2932,3924,2342
IMU1,2028,20366050,-1071,-554,-119,3008,4027,2518
IMU1,2029,20376594,-1230,-403,-145,2948,4112,2821
IMU1,2030,20387136,-1180,-115,93,2810,4233,3181
IMU1,2031,20397396,-1370,-159,293,2676,4358,3464
IMU1,2032,20407853,-1810,-221,533,2571,4359,3723
IMU1,2033,20418300,-1957,-225,719,2528,4176,4033
IMU1,2034,20428749,-1754,-56,515,2530,3783,4612
IMU1,2035,20439542,-1568,70,363,2427,3849,4785
IMU1,2036,20449699,-1708,191,203,2248,4016,4870
IMU1,2037,20460032,-2007,323,-36,1988,4195,4960
IMU1,2038,20470270,-2250,312,-178,1637,4318,5127
IMU1,2039,20480725,-2700,410,-291,1270,4517,5366
IMU1,2040,20491129,-3150,478,-372,826,4922,5683
IMU1,2041,20501354,-3375,485,-183,332,5391,5986
IMU1,2042,20511572,-3641,881,48,-95,5761,6156
IMU1,2043,20521400,-3590,1036,-117,-485,5855,6127
IMU1,2044,20531916,-3822,995,-107,-811,5507,5950
IMU1,2045,20542244,-4201,832,-278,-1058,4957,5844
IMU1,2046,20552765,-4001,843,-997,-1302,4385,5882
IMU1,2047,20563284,-3622,1119,-1069,-1682,3844,5735
IMU1,2048,20574190,-3716,1262,-881,-2030,2937,5570
IMU1,2049,20584927,-3879,1300,-344,-1818,2189,5562
IMU1,2050,20595644,-3467,1402,-108,-1275,1213,5570
IMU1,2051,20606369,-3126,1651,-378,-588,288,5369
IMU1,2052,20616699,-2811,1583,-1345,-49,-396,5100
IMU1,2053,20627126,-2704,1689,-1684,223,-744,4793
IMU1,2054,20637656,-2555,1820,-1754,314,-443,4520
IMU1,2055,20648194,-2661,1911,-1561,306,238,4287
IMU1,2056,20658620,-2791,1897,-1291,285,779,4121
IMU1,2057,20669050,-2774,1856,-944,273,858,3966
IMU1,2058,20679806,-2432,1818,-1030,295,-12,3773
IMU1,2059,20690134,-2272,1805,-1202,291,-398,3505
IMU1,2060,20700655,-2121,1799,-1481,205,-623,3283
IMU1,2061,20711172,-2010,1801,-1687,63,-577,3097
IMU1,2062,20721496,-1959,1769,-1692,-104,-123,2962
IMU1,2063,20732102,-1975,1738,-1574,-258,445,2857
IMU1,2064,20742632,-1973,1697,-1391,-374,758,2751
IMU1,2065,20753153,-1957,1619,-1381,-442,801,2628
IMU1,2066,20763664,-1871,1510,-1430,-523,728,2467
IMU1,2067,20774200,-2025,1458,-1258,-581,665,2252
IMU1,2068,20785771,-2133,1297,-786,-537,329,1910
IMU1,2069,20796106,-2070,1263,-654,-357,-54,1787
IMU1,2070,20806334,-2048,1216,-690,-119,-543,1670
IMU1,2071,20816754,-1898,1191,-857,136,-950,1567
IMU1,2072,20827081,-1774,1221,-1041,333,-1125,1458
IMU1,2073,20837793,-1622,1212,-1227,425,-1086,1328
IMU1,2074,20848508,-1595,1255,-1279,425,-975,1155
IMU1,2075,20859045,-1636,1235,-1275,360,-870,970
IMU1,2076,20869369,-1693,1235,-1185,257,-783,815
IMU1,2077,20879687,-1667,1251,-1116,154,-747,691
IMU1,2078,20890015,-1465,1345,-1074,76,-799,572
IMU1,2079,20901169,-1387,1371,-1209,-4,-1038,351
IMU1,2080,20911377,-1324,1391,-1383,-41,-972,266
IMU1,2081,20921580,-1272,1373,-1434,-105,-730,218
IMU1,2082,20932003,-1187,1389,-1422,-161,-422,177
IMU1,2083,20942397,-1097,1385,-1337,-198,-134,115
IMU1,2084,20952809,-1067,1426,-1271,-208,82,37
IMU1,2085,20962724,-1088,1432,-1243,-200,152,-42
IMU1,2086,20972931,-1056,1416,-1235,-179,90,-108
IMU1,2087,20983118,-976,1441,-1215,-142,-31,-161
IMU1,2088,20993208,-947,1459,-1195,-88,-160,-201
IMU1,2089,21003286,-908,1464,-1178,-24,-261,-213
IMU1,2090,21013372,-896,1501,-1147,47,-366,-209
IMU1,2091,21023368,-820,1529,-1146,122,-488,-198
IMU1,2092,21033560,-763,1557,-1194,185,-583,-187
IMU1,2093,21043774,-740,1572,-1281,232,-601,-167
IMU1,2094,21055012,-806,1574,-1230,243,-451,-95
IMU1,2095,21065022,-834,1542,-1154,237,-355,-50
IMU1,2096,21075030,-839,1538,-1074,234,-299,-24
IMU1,2097,21087608,-872,1569,-1032,236,-308,-32
IMU1,2098,21097630,-1019,1569,-998,247,-384,-55
IMU1,2099,21107628,-1180,1529,-929,262,-483,-51
IMU1,2100,21117635,-1329,1503,-863,287,-594,-17
IMU1,2101,21127651,-1474,1457,-805,330,-729,28
IMU1,2102,21137558,-1615,1395,-770,374,-869,71
IMU1,2103,21147473,-1732,1356,-767,408,-978,113
IMU1,2104,21157583,-1811,1312,-791,412,-1010,143
IMU1,2105,21167901,-1901,1287,-804,388,-923,126
IMU1,2106,21178017,-2013,1289,-757,331,-774,56
IMU1,2107,21187926,-2148,1271,-505,263,-636,-60
IMU1,2108,21198986,-2618,1184,-308,195,-466,-418
IMU1,2109,21209199,-2894,1197,-82,238,-476,-607
IMU1,2110,21219221,-3140,1229,111,337,-506,-792
IMU1,2111,21229342,-3324,1262,207,445,-486,-958
IMU1,2112,21239462,-3526,1296,234,518,-326,-1128
IMU1,2113,21249778,-3863,1313,259,502,-58,-1304
IMU1,2114,21259882,-4265,1336,397,382,134,-1476
IMU1,2115,21270107,-4752,1424,650,200,140,-1659
IMU1,2116,21280336,-5131,1492,952,1,5,-1859
IMU1,2117,21289761,-5517,1627,1056,-195,-186,-2121
IMU1,2118,21300367,-6052,1656,1484,-395,-381,-2427
IMU1,2119,21310973,-6290,1964,1630,-558,-563,-2794
IMU1,2120,21321598,-6341,2444,1534,-738,-887,-3333
IMU1,2121,21332230,-6296,3333,1073,-986,-1285,-4063
IMU1,2122,21343566,-6963,3691,1030,-1791,-1404,-5819
IMU1,2123,21354593,-7829,4063,1209,-2270,-1127,-6691
IMU1,2124,21365617,-8588,4369,1247,-2746,-1054,-7634
IMU1,2125,21376652,-8933,5411,1715,-3264,-1679,-8733
IMU1,2126,21387676,-9111,6257,2018,-3746,-2633,-10136
IMU1,2127,21398925,-9825,7010,2077,-4185,-3645,-11754
IMU1,2128,21410177,-11739,8351,1347,-5068,-4869,-14388
IMU1,2129,21421622,-12302,8499,954,-5573,-4874,-15040
IMU1,2130,21432876,-12392,8308,806,-6082,-4460,-15142
IMU1,2131,21444133,-12092,7827,703,-6521,-4059,-14736
IMU1,2132,21455366,-11579,7398,527,-6891,-3882,-13885
IMU1,2133,21466598,-10522,6978,569,-7205,-3910,-12706
IMU1,2134,21477839,-7177,6478,1162,-7234,-4166,-10686
IMU1,2135,21489080,-5776,6255,1153,-6864,-4260,-10192
IMU1,2136,21500326,-4527,5968,1009,-6325,-4402,-9931
IMU1,2137,21511378,-3722,5691,394,-5711,-4594,-9764
IMU1,2138,21522220,-3285,5279,-445,-5156,-4769,-9444
IMU1,2139,21533146,-2947,4761,-1105,-4731,-4517,-8759
IMU1,2140,21544293,-2396,3703,-1337,-4344,-3556,-6556
IMU1,2141,21555432,-2218,3412,-1303,-3453,-1245,-5331
IMU1,2142,21566550,-1945,3184,-1220,-3071,-1043,-4258
IMU1,2143,21577681,-1594,2938,-1215,-2773,-1367,-3412
IMU1,2144,21588801,-1377,2678,-1333,-2531,-1692,-2790
IMU1,2145,21599911,-1278,2346,-1545,-2348,-1746,-2342
IMU1,2146,21611066,-1050,2127,-1201,-2198,-1529,-2042
IMU1,2147,21622180,-1245,1461,-1059,-1697,-733,-2015
IMU1,2148,21633089,-1067,1528,-773,-1339,-634,-1966
IMU1,2149,21643794,-1286,1228,-1405,-961,-825,-1963
IMU1,2150,21654491,-908,1433,-1426,-754,-1093,-1862
IMU1,2151,21665210,-723,1289,-1509,-591,-1079,-1795
IMU1,2152,21675923,-736,1094,-1645,-433,-1012,-1695
IMU1,2153,21686631,-616,1019,-1939,-336,-1079,-1524
IMU1,2154,21697346,-462,924,-1912,-272,-1052,-1310
IMU1,2155,21707864,-258,676,-2217,-187,-718,-867
IMU1,2156,21718511,-245,569,-2131,-162,-649,-690
# swing_peak_seq=2130
IMU1,2157,21728614,22,445,-2226,-151,-520,-552
IMU1,2158,21738437,61,368,-2230,-134,-386,-525
IMU1,2159,21748259,79,239,-2203,-109,-243,-493
IMU1,2160,21758076,6,142,-2105,-59,-123,-429
IMU1,2161,21767500,-34,60,-2011,28,-55,-319
IMU1,2162,21776710,-91,-4,-1975,152,-75,-179
IMU1,2163,21786011,-153,-105,-2001,286,-196,-20
IMU1,2164,21795898,-177,-197,-2055,421,-353,150
IMU1,2165,21805897,-97,-310,-2123,532,-471,306
IMU1,2166,21815722,9,-397,-2210,620,-503,406
IMU1,2167,21825245,68,-492,-2295,656,-438,444
IMU1,2168,21834956,39,-521,-2368,632,-300,447
IMU1,2169,21844686,-19,-544,-2413,562,-136,444
IMU1,2170,21854490,-82,-552,-2443,453,-3,466
IMU1,2171,21863910,-147,-587,-2394,344,121,519
IMU1,2172,21873841,-196,-649,-2284,261,247,620
IMU1,2173,21883754,-219,-692,-2177,227,329,752
IMU1,2174,21893681,-187,-748,-2075,245,318,892
IMU1,2175,21903600,-178,-782,-2010,304,232,1016
IMU1,2176,21913725,-276,-785,-2009,379,123,1130
IMU1,2177,21923837,-334,-774,-2102,446,26,1244
IMU1,2178,21933766,-459,-733,-2176,479,-20,1342
IMU1,2179,21943789,-540,-676,-2229,473,22,1430
IMU1,2180,21953730,-655,-624,-2173,448,153,1513
IMU1,2181,21963867,-749,-579,-2002,436,341,1597
IMU1,2182,21973998,-798,-510,-1851,471,519,1676
IMU1,2183,21984141,-873,-449,-1777,540,589,1741
IMU1,2184,21994266,-955,-413,-1669,619,542,1816
IMU1,2185,22004401,-1006,-388,-1568,724,439,1919
IMU1,2186,22014731,-1080,-378,-1520,849,316,2045
IMU1,2187,22026105,-972,-337,-1536,1089,98,2316
IMU1,2188,22036234,-889,-291,-1537,1189,109,2397
IMU1,2189,22046572,-776,-248,-1604,1275,203,2419
IMU1,2190,22056892,-692,-255,-1527,1335,357,2405
IMU1,2191,22067218,-621,-241,-1456,1394,545,2377
IMU1,2192,22077542,-571,-199,-1421,1456,733,2337
IMU1,2193,22090437,-590,-168,-1405,1509,856,2302
IMU1,2194,22100765,-604,-154,-1342,1550,909,2306
IMU1,2195,22111106,-648,-135,-1151,1604,970,2368
IMU1,2196,22122482,-747,-122,-1198,1749,1277,2686
IMU1,2197,22133003,-762,-133,-1244,1780,1493,2925
IMU1,2198,22143527,-764,-120,-1243,1763,1734,3175
IMU1,2199,22154067,-786,-154,-1249,1697,2013,3420
IMU1,2200,22164600,-786,-161,-1141,1588,2325,3633
IMU1,2201,22175128,-855,-97,-955,1476,2618,3793
IMU1,2202,22185269,-952,-118,-767,1407,2798,3910
IMU1,2203,22195611,-1053,-65,-648,1392,2801,4009
IMU1,2204,22205927,-1164,16,-625,1424,2669,4105
IMU1,2205,22216163,-1408,12,-616,1482,2509,4231
IMU1,2206,22226400,-1795,-51,-439,1571,2394,4432
IMU1,2207,22237782,-2272,-164,-411,1797,2317,5098
IMU1,2208,22248328,-2252,-221,-470,1911,2285,5441
IMU1,2209,22258856,-2165,-264,-441,1985,2320,5680
IMU1,2210,22269396,-2059,-130,-431,2016,2503,5775
IMU1,2211,22279946,-1976,15,-393,1996,2711,5737
IMU1,2212,22290204,-2115,125,-309,1949,2816,5600
IMU1,2213,22300633,-2455,207,-242,1907,2777,5455
IMU1,2214,22311077,-2743,226,-260,1873,2614,5394
IMU1,2215,22321518,-2848,285,-201,1840,2406,5429
IMU1,2216,22331961,-3033,253,590,1927,2198,5491
IMU1,2217,22342320,-4236,94,-1127,2294,1949,5635
IMU1,2218,22353289,-3858,181,-1013,2161,849,6414
IMU1,2219,22363713,-3385,291,-295,1885,1069,6730
IMU1,2220,22374160,-3300,285,-892,1635,1803,6777
IMU1,2221,22384603,-3565,370,-1064,1200,2289,6621
IMU1,2222,22395249,-3638,471,-671,757,2277,6408
IMU1,2223,22405495,-3523,592,-897,408,2003,6147
IMU1,2224,22415720,-3432,736,-1205,31,1678,5763
IMU1,2225,22425951,-3577,707,-1003,-316,1564,5433
IMU1,2226,22436483,-3855,644,-581,-547,1687,5283
IMU1,2227,22446794,-3569,766,-648,-631,1718,5337
IMU1,2228,22457125,-3632,1056,-693,-654,1594,5336
IMU1,2229,22468700,-3364,1136,-606,-375,901,5666
IMU1,2230,22479034,-3703,1339,242,-81,395,5744
IMU1,2231,22489081,-3202,1067,-42,498,-186,5938
IMU1,2232,22499199,-3221,1306,-1017,735,-1105,5894
IMU1,2233,22509942,-2626,1507,-1371,862,-1829,5820
IMU1,2234,22520682,-2262,1814,-1674,707,-1969,5570
IMU1,2235,22531425,-2532,1948,-1397,509,-1414,5254
IMU1,2236,22542148,-3022,2010,-1028,302,-591,5170
IMU1,2237,22552680,-3100,2018,-1010,150,-129,5357
IMU1,2238,22563213,-3121,2025,-958,25,-208,5453
IMU1,2239,22574376,-2501,2015,-1014,-117,-687,5198
IMU1,2240,22585002,-2088,1881,-1035,-177,-839,4869
IMU1,2241,22595608,-2263,1918,-841,-230,-986,4367
IMU1,2242,22606027,-2665,1898,-598,-85,-1156,3953
IMU1,2243,22616454,-2848,1645,-836,132,-1270,3747
IMU1,2244,22626972,-2488,1473,-1393,285,-954,3665
IMU1,2245,22637503,-2148,1520,-1679,215,-330,3491
IMU1,2246,22648025,-2239,1406,-1391,28,332,3125
IMU1,2247,22658252,-2482,1077,-1200,-209,773,2718
IMU1,2248,22668769,-2702,907,-657,-438,813,2331
IMU1,2249,22679943,-2092,826,-621,-608,56,1524
IMU1,2250,22689877,-1790,965,-771,-562,-522,1017
IMU1,2251,22700097,-1726,1093,-923,-468,-1071,550
IMU1,2252,22710524,-1643,1300,-1095,-324,-1490,211
IMU1,2253,22721134,-1615,1439,-1200,-118,-1699,51
IMU1,2254,22731542,-1805,1634,-1572,98,-1498,85
IMU1,2255,22741669,-2378,1724,-2077,211,-921,294
IMU1,2256,22752001,-3513,1608,-2295,141,-185,664
IMU1,2257,22762311,-3294,969,-2108,-129,528,1169
IMU1,2258,22772633,-1938,1002,-1548,-432,707,1337
IMU1,2259,22783166,-948,1190,-1083,-595,279,840
IMU1,2260,22793312,-900,1098,-1002,-571,-351,-49
IMU1,2261,22803429,-984,1081,-1208,-431,-813,-823
IMU1,2262,22814773,-1330,1483,-1232,14,-906,-1408
IMU1,2263,22825186,-1416,1466,-1182,284,-569,-1273
IMU1,2264,22835810,-1315,1459,-1143,537,-166,-993
IMU1,2265,22846225,-1049,1571,-1149,718,60,-739
IMU1,2266,22856362,-844,1626,-1142,798,34,-625
IMU1,2267,22866283,-724,1589,-1105,780,-108,-640
IMU1,2268,22876504,-671,1583,-1107,690,-227,-691
IMU1,2269,22886732,-885,1673,-1111,556,-289,-738
IMU1,2270,22896950,-1066,1634,-1017,410,-319,-710
IMU1,2271,22907373,-1227,1633,-806,307,-365,-611
IMU1,2272,22917599,-1325,1651,-711,263,-449,-484
IMU1,2273,22927822,-1474,1636,-706,256,-481,-382
IMU1,2274,22938050,-1691,1579,-648,223,-348,-291
IMU1,2275,22949289,-2204,1387,-458,47,-34,-238
IMU1,2276,22959097,-2433,1316,-244,-40,3,-298
IMU1,2277,22968714,-2678,1266,-90,-96,-56,-430
IMU1,2278,22978428,-2905,1238,-76,-131,-190,-623
IMU1,2279,22988546,-3078,1253,-75,-168,-282,-861
IMU1,2280,22998671,-3293,1283,-86,-227,-281,-1123
IMU1,2281,23008975,-3527,1258,-38,-305,-264,-1392
IMU1,2282,23019292,-3763,1274,146,-357,-298,-1672
IMU1,2283,23029727,-4073,1338,333,-357,-367,-1940
IMU1,2284,23040154,-4481,1370,484,-303,-425,-2173
IMU1,2285,23050544,-4941,1422,533,-226,-467,-2354
IMU1,2286,23060965,-5371,1540,560,-193,-537,-2506
IMU1,2287,23071378,-5752,1676,590,-236,-725,-2715
IMU1,2288,23081809,-5785,1889,586,-360,-1074,-2996
IMU1,2289,23094982,-5737,2476,258,-831,-1556,-4087
IMU1,2290,23105615,-5981,2823,140,-1177,-1309,-4773
IMU1,2291,23116439,-6395,3094,167,-1552,-792,-5465
IMU1,2292,23127096,-6915,3418,302,-1914,-321,-6153
IMU1,2293,23137737,-7485,3784,503,-2241,-117,-6878
IMU1,2294,23148376,-8048,4235,826,-2515,-327,-7714
IMU1,2295,23159005,-8247,4804,1359,-2710,-926,-8697
IMU1,2296,23169847,-8793,6100,1740,-2806,-2554,-11346
IMU1,2297,23181093,-9494,6965,1400,-2899,-3193,-12669
IMU1,2298,23192351,-10121,7142,868,-3190,-3478,-13776
IMU1,2299,23203611,-10597,7273,615,-3697,-3501,-14499
IMU1,2300,23214854,-10915,7150,628,-4335,-3219,-14779
IMU1,2301,23226100,-10932,6940,682,-4978,-2968,-14665
IMU1,2302,23237339,-9840,6320,401,-6284,-3280,-13411
IMU1,2303,23248389,-8667,6063,120,-6928,-3488,-12453
IMU1,2304,23259431,-7349,5725,-38,-7465,-3341,-11568
IMU1,2305,23270387,-5919,5419,-81,-7768,-2868,-10927
IMU1,2306,23281339,-4377,5084,242,-7760,-2340,-10614
IMU1,2307,23292381,-3423,4629,641,-7383,-1777,-10568
IMU1,2308,23303417,-3196,4353,684,-6664,-1310,-10539
IMU1,2309,23314983,-2733,4093,358,-4747,-1017,-9669
IMU1,2310,23325825,-2382,3983,243,-3716,-1028,-8778
IMU1,2311,23336680,-1949,3876,-26,-2712,-1036,-7702
IMU1,2312,23347414,-1587,3788,-269,-1870,-1079,-6592
IMU1,2313,23358339,-1269,3636,-672,-1256,-1257,-5526
IMU1,2314,23369283,-1233,3480,-1276,-940,-1495,-4568
IMU1,2315,23380210,-1268,3223,-2037,-958,-1662,-3692
IMU1,2316,23391133,-1074,2570,-2629,-1720,-1454,-2162
IMU1,2317,23402255,-840,2258,-2305,-2100,-1004,-1631
IMU1,2318,23413168,-619,1942,-1793,-2248,-530,-1347
IMU1,2319,23423894,-676,1673,-1181,-2073,-206,-1355
IMU1,2320,23434636,-893,1375,-909,-1635,-141,-1354
IMU1,2321,23445150,-697,1328,-969,-1078,-347,-1313
IMU1,2322,23455661,-481,1362,-1065,-503,-452,-1287
IMU1,2323,23466169,-601,1263,-1470,-36,-410,-1333
IMU1,2324,23476490,-668,1158,-1809,225,-466,-1315
IMU1,2325,23486905,-595,910,-1859,354,-506,-1015
IMU1,2326,23497663,-380,845,-1689,569,-405,-779
IMU1,2327,23507683,-184,781,-2054,678,-468,-656
# swing_peak_seq=2301
IMU1,2328,23517711,60,804,-2192,714,-513,-546
IMU1,2329,23527460,129,786,-2242,686,-346,-482
IMU1,2330,23537385,258,798,-2384,621,-143,-421
IMU1,2331,23547335,257,783,-2452,532,-6,-406
IMU1,2332,23556884,221,727,-2393,433,151,-338
IMU1,2333,23566718,223,616,-2285,378,288,-225
IMU1,2334,23576559,300,501,-2191,377,360,-95
IMU1,2335,23586206,330,388,-2100,428,375,24
IMU1,2336,23595746,345,277,-2027,513,330,133
IMU1,2337,23605478,359,180,-1997,623,240,230
IMU1,2338,23615209,325,90,-1979,741,153,322
IMU1,2339,23624739,306,25,-1997,845,89,414
IMU1,2340,23634071,281,6,-2017,935,19,494
IMU1,2341,23643202,235,-29,-2013,1003,-52,560
IMU1,2342,23652919,177,-72,-1999,1063,-72,612
IMU1,2343,23662658,106,-121,-1903,1115,-53,669
IMU1,2344,23672589,64,-176,-1814,1182,-43,737
IMU1,2345,23682323,25,-196,-1748,1261,-84,824
IMU1,2346,23692036,56,-225,-1786,1336,-153,929
IMU1,2347,23701958,-35,-240,-1793,1385,-213,978
IMU1,2348,23711978,-140,-235,-1818,1394,-222,1030
IMU1,2349,23722415,-234,-206,-1850,1368,-203,1093
IMU1,2350,23732824,-361,-224,-1783,1323,-168,1165
IMU1,2351,23743234,-430,-254,-1757,1282,-104,1250
IMU1,2352,23753664,-472,-289,-1743,1246,2,1316
IMU1,2353,23763603,-459,-316,-1735,1211,140,1344
IMU1,2354,23773923,-429,-336,-1665,1175,278,1341
IMU1,2355,23784247,-465,-361,-1573,1179,412,1325
IMU1,2356,23794571,-474,-400,-1508,1211,526,1325
IMU1,2357,23805423,-502,-402,-1443,1348,704,1337
IMU1,2358,23815756,-544,-390,-1393,1448,824,1347
IMU1,2359,23826086,-579,-391,-1332,1561,991,1344
IMU1,2360,23836418,-576,-409,-1249,1683,1182,1321
IMU1,2361,23846944,-537,-415,-1237,1821,1359,1273
IMU1,2362,23857479,-533,-417,-1308,1952,1442,1216
IMU1,2363,23868009,-450,-474,-1355,2052,1438,1172
IMU1,2364,23878545,-270,-652,-1285,2120,1440,1147
IMU1,2365,23889066,-159,-740,-1180,2197,1547,1132
IMU1,2366,23899608,-274,-731,-1042,2285,1717,1174
IMU1,2367,23910146,-517,-620,-920,2380,2039,1539
IMU1,2368,23920513,-592,-612,-877,2500,2137,1806
IMU1,2369,23930870,-629,-589,-932,2498,2178,2072
IMU1,2370,23941230,-734,-533,-930,2425,2159,2355
IMU1,2371,23951580,-822,-516,-940,2325,2106,2658
IMU1,2372,23961927,-1113,-652,-868,2197,2079,3001
IMU1,2373,23972463,-1173,-884,-764,2077,2073,3415
IMU1,2374,23983009,-1414,-1101,-675,1989,2072,3876
IMU1,2375,23993759,-1875,-1230,-546,1931,2095,4399
IMU1,2376,24004513,-1656,-1280,-421,1889,2174,4902
IMU1,2377,24015229,-1503,-1291,-270,1835,2287,5213
IMU1,2378,24026476,-1374,-979,-283,1682,2553,5200
IMU1,2379,24037001,-1528,-844,-290,1571,2677,4986
IMU1,2380,24047543,-1911,-889,-193,1438,2815,4789
IMU1,2381,24058092,-2254,-904,-164,1306,3006,4721
IMU1,2382,24068630,-2643,-1022,-49,1168,3190,4834
IMU1,2383,24079167,-2990,-1250,167,1073,3314,5129
IMU1,2384,24089812,-3221,-1377,340,1048,3380,5553
IMU1,2385,24102988,-3090,-1492,404,1100,3383,6194
IMU1,2386,24113640,-2926,-1295,376,1118,3327,6114
IMU1,2387,24124285,-2945,-1106,146,1118,3200,5759
IMU1,2388,24134937,-3039,-1025,-36,1057,3014,5307
IMU1,2389,24145486,-3276,-1061,-89,944,2869,4917
IMU1,2390,24155834,-3470,-1060,-153,823,2829,4743
IMU1,2391,24166395,-3740,-1003,-268,690,2827,4796
IMU1,2392,24176964,-3935,-1053,-297,533,2877,5035
IMU1,2393,24187506,-3777,-1058,-222,357,3019,5298
IMU1,2394,24198054,-3549,-829,-271,176,3142,5316
IMU1,2395,24209439,-3684,-681,2,-112,2684,4605
IMU1,2396,24219376,-4096,-709,22,-85,2204,4226
IMU1,2397,24229312,-4577,-888,778,144,1682,4127
IMU1,2398,24239557,-4458,-868,-39,504,1212,4344
IMU1,2399,24249715,-4389,-810,-702,546,798,4734
IMU1,2400,24259864,-4145,-932,-348,515,859,5265
IMU1,2401,24269993,-3750,-940,-527,453,1158,5605
IMU1,2402,24280332,-3184,-599,-1250,180,1265,5569
IMU1,2403,24290874,-3486,-354,-848,-129,1258,5170
IMU1,2404,24301299,-3673,-382,-401,-300,1143,4883
IMU1,2405,24311728,-2997,-476,-419,-304,825,4568
IMU1,2406,24321966,-2814,-231,-969,-226,640,3908
IMU1,2407,24332171,-2611,-66,-1509,-312,816,3307
IMU1,2408,24342386,-2877,-102,-1353,-516,1195,2786
IMU1,2409,24353541,-3062,-105,-1120,-1002,1681,2570
IMU1,2410,24364347,-3074,-40,-889,-1089,1509,2676
IMU1,2411,24374776,-3168,-25,-501,-1001,1105,2884
IMU1,2412,24385197,-4275,-277,895,-526,503,3337
IMU1,2413,24395332,-1302,63,-1389,114,-476,4199
IMU1,2414,24405463,-2004,803,-1712,335,-1539,3778
IMU1,2415,24415990,-2166,574,-1489,538,-1536,3709
IMU1,2416,24426540,-2014,390,-1520,632,-1319,3762
IMU1,2417,24437076,-1729,656,-1770,666,-1297,3718
IMU1,2418,24447602,-1515,768,-1891,594,-1021,3543
IMU1,2419,24458154,-1567,764,-2031,386,-483,3071
IMU1,2420,24469016,-1603,798,-1840,-228,204,2857
IMU1,2421,24479342,-1597,845,-1611,-480,364,2667
IMU1,2422,24489671,-1654,870,-1390,-628,440,2479
IMU1,2423,24500001,-1700,842,-1258,-663,363,2312
IMU1,2424,24510323,-1732,853,-1105,-604,133,2181
IMU1,2425,24520669,-1695,839,-903,-429,-173,2071
IMU1,2426,24530889,-1574,891,-870,-150,-504,1964
IMU1,2427,24541121,-1453,941,-967,183,-829,1828
IMU1,2428,24551250,-1475,955,-1119,494,-1027,1674
IMU1,2429,24561794,-1394,895,-1219,726,-985,1521
IMU1,2430,24572136,-1249,956,-1273,848,-785,1339
IMU1,2431,24582498,-1157,1045,-1252,896,-589,1108
IMU1,2432,24594050,-1289,1043,-1126,912,-451,650
IMU1,2433,24604356,-1424,1056,-968,911,-486,500
IMU1,2434,24614472,-1470,1058,-835,940,-580,436
IMU1,2435,24624593,-1481,1119,-855,975,-742,428
IMU1,2436,24634723,-1393,1152,-961,971,-966,426
IMU1,2437,24644846,-1219,1174,-1049,914,-1198,391
IMU1,2438,24655369,-1116,1237,-1173,814,-1334,321
IMU1,2439,24665889,-1023,1234,-1303,676,-1211,258
IMU1,2440,24676402,-938,1198,-1380,501,-795,216
IMU1,2441,24686535,-963,1249,-1387,301,-292,168
IMU1,2442,24696649,-1010,1262,-1230,106,79,98
IMU1,2443,24706475,-1126,1255,-1009,-28,265,22
IMU1,2444,24716388,-1227,1231,-827,-75,307,-37
IMU1,2445,24726219,-1287,1207,-754,-52,230,-59
IMU1,2446,24736039,-1314,1212,-748,2,75,-42
IMU1,2447,24745356,-1286,1226,-763,67,-87,-14
IMU1,2448,24754965,-1255,1212,-822,114,-212,11
IMU1,2449,24764892,-1214,1183,-870,137,-302,12
IMU1,2450,24774818,-1201,1186,-889,136,-392,-4
IMU1,2451,24786204,-1239,1186,-967,91,-511,-30
IMU1,2452,24796027,-1221,1204,-989,63,-535,-35
IMU1,2453,24805854,-1195,1196,-1022,44,-524,-55
IMU1,2454,24815880,-1178,1175,-1022,23,-509,-84
IMU1,2455,24825907,-1202,1156,-1000,7,-519,-112
IMU1,2456,24835929,-1253,1118,-971,6,-535,-141
IMU1,2457,24845752,-1333,1100,-960,14,-572,-158
IMU1,2458,24855772,-1482,1083,-917,38,-634,-170
IMU1,2459,24865802,-1707,1045,-902,71,-715,-172
IMU1,2460,24875818,-1976,1075,-900,118,-840,-171
IMU1,2461,24886044,-2239,1075,-916,180,-997,-183
IMU1,2462,24896268,-2480,1031,-956,245,-1135,-194
IMU1,2463,24906686,-2735,962,-1026,301,-1207,-193
IMU1,2464,24917097,-2990,903,-1125,322,-1161,-209
IMU1,2465,24927518,-3130,809,-1175,294,-987,-243
IMU1,2466,24937752,-3312,758,-1163,210,-754,-333
IMU1,2467,24947982,-3563,681,-782,99,-574,-490
IMU1,2468,24959371,-4287,585,-523,10,-555,-934
IMU1,2469,24969216,-4782,521,-238,67,-610,-1142
IMU1,2470,24979247,-5184,499,80,162,-668,-1319
IMU1,2471,24989159,-5443,508,411,279,-826,-1513
IMU1,2472,24999280,-5572,540,596,389,-1053,-1791
IMU1,2473,25009614,-5674,652,707,417,-1200,-2196
IMU1,2474,25019944,-5675,893,685,307,-1188,-2758
IMU1,2475,25030291,-5912,1195,663,26,-1123,-3445
IMU1,2476,25040636,-6043,1461,752,-389,-1039,-4162
IMU1,2477,25051269,-6290,1814,915,-875,-892,-4895
IMU1,2478,25061714,-6802,2114,1174,-1385,-679,-5614
IMU1,2479,25072557,-7191,2407,1344,-1912,-427,-6363
IMU1,2480,25083414,-7976,3107,1891,-2483,-607,-8430
IMU1,2481,25094271,-8538,3508,2377,-3623,-890,-9675
IMU1,2482,25107676,-9426,3961,2960,-4006,-1211,-10906
IMU1,2483,25118919,-10583,4446,3458,-4189,-1750,-12024
IMU1,2484,25130356,-11674,5014,3602,-4215,-2526,-12914
IMU1,2485,25141801,-12778,5828,2770,-4478,-3961,-13872
IMU1,2486,25153262,-12532,5911,2402,-4997,-4430,-13967
IMU1,2487,25164722,-12168,5834,2041,-5668,-4482,-13845
IMU1,2488,25176168,-11473,5576,1758,-6389,-4236,-13461
IMU1,2489,25187632,-10650,5199,1681,-7037,-3711,-12884
IMU1,2490,25199079,-8962,4609,1966,-7575,-2726,-11489
IMU1,2491,25210335,-8172,4562,1868,-7407,-2569,-10914
IMU1,2492,25221578,-7326,4522,1477,-7072,-2501,-10482
IMU1,2493,25232826,-6494,4408,1103,-6676,-2388,-10160
IMU1,2494,25244063,-5762,4234,1004,-6214,-2167,-9863
IMU1,2495,25255107,-5185,4030,940,-5597,-1880,-9489
IMU1,2496,25265962,-4128,4023,206,-4821,-1636,-8385
IMU1,2497,25276790,-3464,4164,-428,-3331,-1779,-7728
IMU1,2498,25287733,-2826,4183,-991,-2827,-2018,-7037
IMU1,2499,25298667,-2401,4061,-1404,-2468,-1969,-6310
IMU1,2500,25309799,-2031,3897,-1699,-2221,-1639,-5538
IMU1,2501,25320936,-1778,3698,-1764,-2032,-1188,-4791
IMU1,2502,25332077,-1667,3439,-1794,-1868,-760,-4117
IMU1,2503,25343015,-1816,2947,-1778,-1734,-482,-3054
IMU1,2504,25353961,-1819,2664,-1637,-1490,-234,-2617
IMU1,2505,25364888,-1730,2380,-1450,-1293,-162,-2273
IMU1,2506,25375804,-1705,2198,-1047,-958,-160,-2082
IMU1,2507,25386536,-1785,1945,-973,-465,-334,-1952
IMU1,2508,25397065,-1533,1879,-1268,-6,-735,-1803
IMU1,2509,25407394,-1152,1802,-1419,408,-979,-1664
IMU1,2510,25418022,-1181,1648,-1515,803,-844,-1601
IMU1,2511,25428641,-1183,1786,-2050,985,-823,-1526
IMU1,2512,25439271,-869,1697,-2397,911,-705,-1076
IMU1,2513,25449725,-579,1630,-2493,397,-256,-778
# swing_peak_seq=2487
IMU1,2514,25459957,-290,1568,-2369,99,-52,-566
IMU1,2515,25469799,-58,1510,-2332,-117,131,-491
IMU1,2516,25479842,-101,1354,-2251,-290,309,-452
IMU1,2517,25490072,-17,1225,-2053,-378,408,-365
IMU1,2518,25500102,-64,1071,-1927,-359,515,-255
IMU1,2519,25510137,-168,915,-1847,-245,526,-103
IMU1,2520,25520173,-204,802,-1859,-67,367,89
IMU1,2521,25529696,-235,684,-1954,130,117,314
IMU1,2522,25539536,312,515,-2051,304,-88,524
IMU1,2523,25549188,164,327,-2130,468,-14,514
IMU1,2524,25558827,211,257,-2316,576,5,481
IMU1,2525,25568192,130,126,-2320,618,-57,464
IMU1,2526,25577833,84,39,-2423,611,6,510
IMU1,2527,25586792,45,-15,-2449,553,91,601
IMU1,2528,25596051,36,-123,-2352,479,158,716
IMU1,2529,25605717,35,-223,-2234,447,208,833
IMU1,2530,25615329,37,-297,-2150,458,191,926
IMU1,2531,25624958,81,-418,-2047,523,96,984
IMU1,2532,25634379,88,-524,-2031,627,-38,1001
IMU1,2533,25644099,42,-569,-2217,713,-170,994
IMU1,2534,25653818,5,-602,-2341,739,-242,986
IMU1,2535,25663338,-34,-617,-2364,719,-185,972
IMU1,2536,25673169,-133,-596,-2395,660,-37,955
IMU1,2537,25683000,-172,-588,-2396,581,105,949
IMU1,2538,25692928,-117,-603,-2328,496,216,940
IMU1,2539,25702849,4,-617,-2221,429,304,915
IMU1,2540,25712282,10,-598,-2184,386,367,878
IMU1,2541,25721917,-67,-625,-2060,365,401,874
IMU1,2542,25731651,-120,-633,-1912,391,411,948
IMU1,2543,25741585,-186,-593,-1825,464,382,1067
IMU1,2544,25751712,-255,-531,-1868,562,288,1229
IMU1,2545,25761846,-373,-435,-1816,640,137,1425
IMU1,2546,25771961,-487,-424,-1865,702,8,1636
IMU1,2547,25781685,-432,-367,-1995,733,-68,1842
IMU1,2548,25791709,-385,-298,-1977,742,-64,1992
IMU1,2549,25801748,-240,-287,-1992,753,24,2090
IMU1,2550,25811677,-59,-239,-2038,754,106,2113
IMU1,2551,25821606,-31,-192,-1986,752,138,2071
IMU1,2552,25831533,-93,-266,-1825,782,151,2029
IMU1,2553,25841465,-288,-251,-1740,879,151,2029
IMU1,2554,25851592,-591,-340,-1484,1049,99,2110
IMU1,2555,25861728,-748,-351,-1136,1325,-53,2255
IMU1,2556,25872990,-715,-532,-1083,2096,-860,2525
IMU1,2557,25883421,-624,-545,-1100,2523,-1433,2522
IMU1,2558,25894070,-586,-586,-1265,2909,-2006,2399
IMU1,2559,25904712,-523,-644,-1391,3217,-2500,2188
IMU1,2560,25915342,-486,-598,-1546,3439,-2854,1922
IMU1,2561,25925965,-526,-556,-1658,3589,-3022,1655
IMU1,2562,25936585,-682,-604,-1633,3686,-2986,1462
IMU1,2563,25947193,-848,-762,-1474,3777,-2773,1397
IMU1,2564,25957826,-957,-790,-1172,3908,-2514,1435
IMU1,2565,25968995,-704,-901,-1099,4313,-2368,1501
IMU1,2566,25979620,-526,-962,-1059,4525,-2406,1390
IMU1,2567,25990234,-363,-937,-1038,4714,-2383,1171
IMU1,2568,26000877,-353,-879,-1214,4842,-2298,904
IMU1,2569,26011294,-341,-900,-1456,4868,-2125,667
IMU1,2570,26021700,-212,-736,-1699,4782,-1811,457
IMU1,2571,26032124,-168,-557,-1849,4610,-1256,286
IMU1,2572,26042542,-165,-363,-1955,4382,-410,201
IMU1,2573,26052756,-118,-173,-1686,4156,631,201
IMU1,2574,26062878,-149,29,-1292,4024,1713,237
IMU1,2575,26072894,-190,171,-879,4020,2694,284
IMU1,2576,26082917,-311,254,-240,4146,3422,338
IMU1,2577,26093988,-573,337,159,4666,3889,538
IMU1,2578,26103933,-645,422,245,5014,3845,686
IMU1,2579,26116427,-865,341,422,5354,3774,848
IMU1,2580,26126365,-1040,418,479,5669,3718,1080
IMU1,2581,26136707,-1084,580,387,5918,3688,1365
IMU1,2582,26147051,-1099,689,358,6058,3726,1654
IMU1,2583,26157397,-1345,775,439,6055,3937,1937
IMU1,2584,26167755,-1590,827,686,5976,4312,2240
IMU1,2585,26178114,-1656,829,809,5843,4691,2546
IMU1,2586,26188456,-1727,891,858,5647,4898,2770
IMU1,2587,26198808,-2167,979,869,5356,4910,2947
IMU1,2588,26209686,-2538,879,747,4564,4632,3022
IMU1,2589,26220050,-3064,856,756,4070,4547,3167
IMU1,2590,26230384,-3431,830,688,3578,4507,3419
IMU1,2591,26240722,-3718,774,408,3081,4490,3727
IMU1,2592,26251037,-3993,772,556,2575,4558,4010
IMU1,2593,26261374,-3888,839,664,2184,4634,4120
IMU1,2594,26271701,-3881,849,660,1938,4548,4011
IMU1,2595,26282019,-4274,856,787,1843,4354,3834
IMU1,2596,26292356,-5000,727,1480,1969,4032,3781
IMU1,2597,26302887,-5719,840,3194,2652,3366,4038
IMU1,2598,26313422,-5139,588,1153,3477,2226,4569
IMU1,2599,26323967,-3342,1428,1147,3960,868,5096
IMU1,2600,26334504,-2941,1278,140,4397,1388,4829
IMU1,2601,26345041,-3381,1602,-847,4027,1809,4429
IMU1,2602,26355643,-3297,2070,-129,3411,2248,4157
IMU1,2603,26366266,-3334,2182,72,2877,2757,4015
IMU1,2604,26376608,-3261,2211,-690,2223,3020,3909
IMU1,2605,26387244,-3024,2336,-457,1532,3131,3786
IMU1,2606,26397880,-2952,2194,-510,883,3423,3595
IMU1,2607,26408319,-3256,2071,-823,261,3737,3376
IMU1,2608,26418739,-3521,1906,-777,-328,3859,3249
IMU1,2609,26429257,-3665,1680,-66,-760,3839,3250
IMU1,2610,26440098,-3230,1517,98,-940,3101,3299
IMU1,2611,26450315,-2962,1535,42,-754,2516,3270
IMU1,2612,26460544,-2912,1494,-108,-501,1932,3185
IMU1,2613,26471061,-3024,1268,-131,-237,1404,3120
IMU1,2614,26481580,-3041,957,-88,13,920,3100
IMU1,2615,26491213,-2812,769,-95,239,425,3044
IMU1,2616,26501031,-2491,307,-9,425,-40,2861
IMU1,2617,26510556,-2615,754,-95,590,-291,2620
IMU1,2618,26520483,-2134,1021,-502,686,-556,2313
IMU1,2619,26530809,-2024,1073,-791,671,-1081,1866
IMU1,2620,26541330,-1977,952,-998,575,-1601,1436
IMU1,2621,26551661,-1990,1018,-1097,435,-1735,1135
IMU1,2622,26562389,-1909,1111,-1047,295,-1458,962
IMU1,2623,26572907,-1771,1226,-865,215,-1045,851
IMU1,2624,26583204,-1534,1345,-886,232,-712,750
IMU1,2625,26594358,-1740,1351,-986,340,-509,559
IMU1,2626,26604482,-1884,1365,-1035,373,-431,588
IMU1,2627,26614794,-1971,1407,-1049,363,-277,684
IMU1,2628,26625110,-2012,1345,-898,298,-74,777
IMU1,2629,26635014,-2033,1277,-732,233,155,799
IMU1,2630,26645040,-2014,1179,-647,166,370,719
IMU1,2631,26655043,-1847,1074,-725,84,409,538
IMU1,2632,26664852,-1665,1087,-827,-24,151,271
IMU1,2633,26674757,-1493,1136,-798,-110,-228,-20
IMU1,2634,26684870,-1414,1171,-736,-113,-420,-246
IMU1,2635,26695172,-1388,1247,-820,-50,-413,-364
IMU1,2636,26705277,-1315,1368,-974,25,-302,-401
IMU1,2637,26715290,-1117,1474,-1065,73,-117,-400
IMU1,2638,26725502,-1009,1525,-1082,92,65,-401
IMU1,2639,26735415,-964,1489,-1085,112,196,-403
IMU1,2640,26745521,-1028,1447,-1068,118,272,-379
IMU1,2641,26755836,-1103,1451,-991,116,329,-315
IMU1,2642,26765955,-996,1551,-909,110,384,-235
IMU1,2643,26776920,-974,1571,-938,75,364,-181
IMU1,2644,26786647,-933,1576,-1006,24,276,-195
IMU1,2645,26796562,-908,1608,-1036,-38,181,-218
IMU1,2646,26806566,-955,1611,-1002,-83,103,-222
IMU1,2647,26816561,-995,1574,-993,-106,61,-182
IMU1,2648,26826366,-1023,1542,-969,-100,39,-106
IMU1,2649,26836373,-1089,1533,-930,-70,28,-11
IMU1,2650,26845988,-1111,1511,-911,-28,32,80
IMU1,2651,26855519,-1107,1547,-942,6,1,149
IMU1,2652,26864759,-1115,1501,-982,25,-75,181
IMU1,2653,26874483,-1117,1425,-1026,22,-146,185
IMU1,2654,26884595,-1115,1401,-1035,11,-187,175
IMU1,2655,26894691,-1160,1365,-1010,0,-171,160
IMU1,2656,26904487,-1202,1327,-1009,1,-96,145
IMU1,2657,26914184,-1222,1339,-1044,-8,4,118
IMU1,2658,26923691,-1213,1338,-1092,-39,90,65
IMU1,2659,26933399,-1191,1315,-1094,-89,119,-8
IMU1,2660,26943209,-1195,1293,-1046,-134,117,-87
IMU1,2661,26953410,-1186,1263,-984,-153,126,-146
IMU1,2662,26963621,-1182,1280,-938,-139,135,-180
IMU1,2663,26973816,-1220,1330,-915,-90,124,-194
IMU1,2664,26983824,-1228,1360,-943,-27,111,-187
IMU1,2665,26993829,-1181,1376,-1022,14,100,-177
IMU1,2666,27003937,-1130,1380,-1079,23,72,-181
IMU1,2667,27013858,-1092,1383,-1082,10,25,-198
IMU1,2668,27023767,-1052,1361,-1074,-9,-11,-215
IMU1,2669,27033674,-1035,1373,-1077,-20,-27,-227
IMU1,2670,27043759,-1018,1418,-1113,-25,-30,-230
IMU1,2671,27053869,-1049,1427,-1119,-32,-13,-230
IMU1,2672,27063978,-1063,1395,-1065,-33,13,-210
IMU1,2673,27075034,-1043,1394,-1041,-24,13,-149
IMU1,2674,27085036,-1048,1413,-1031,-17,-19,-135
IMU1,2675,27095130,-1047,1402,-1046,3,-50,-138
IMU1,2676,27104936,-1022,1402,-1066,14,-79,-143
IMU1,2677,27117507,-1032,1428,-1094,13,-111,-147
IMU1,2678,27127724,-1053,1441,-1111,15,-115,-145
IMU1,2679,27137939,-1042,1409,-1119,14,-93,-123
IMU1,2680,27147937,-1006,1405,-1127,18,-77,-96
IMU1,2681,27157747,-1004,1411,-1105,27,-79,-75
IMU1,2682,27167566,-983,1408,-1069,40,-85,-54
IMU1,2683,27177177,-988,1413,-1034,62,-86,-32
IMU1,2684,27186792,-1006,1428,-1004,96,-80,-10
IMU1,2685,27196611,-1052,1435,-998,129,-67,11
IMU1,2686,27206343,-1048,1422,-1017,144,-66,34
IMU1,2687,27216253,-1044,1416,-1019,144,-94,46
IMU1,2688,27226152,-1034,1408,-1029,130,-137,51
IMU1,2689,27236262,-1041,1397,-1029,109,-163,45
IMU1,2690,27246364,-1051,1383,-1029,85,-166,50
IMU1,2691,27256268,-1055,1387,-1002,70,-133,57
IMU1,2692,27267221,-1103,1402,-984,47,-23,61
IMU1,2693,27277246,-1145,1371,-957,21,13,70
IMU1,2694,27286670,-1149,1352,-922,10,18,68
IMU1,2695,27296091,-1147,1344,-898,3,11,48
IMU1,2696,27305818,-1184,1335,-862,-3,18,26
IMU1,2697,27315654,-1226,1353,-837,-8,35,11
IMU1,2698,27324975,-1257,1366,-821,-15,46,-6
IMU1,2699,27334905,-1317,1362,-814,-35,64,-32
IMU1,2700,27344518,-1352,1332,-809,-64,86,-59
IMU1,2701,27354129,-1361,1317,-794,-124,94,-91
IMU1,2702,27363949,-1380,1281,-762,-197,94,-133
IMU1,2703,27373953,-1353,1237,-731,-259,103,-188
IMU1,2704,27384173,-1375,1256,-695,-307,100,-255
IMU1,2705,27394392,-1441,1243,-642,-332,113,-318
IMU1,2706,27404609,-1536,1218,-613,-328,170,-367
IMU1,2707,27414827,-1659,1222,-554,-306,207,-407
IMU1,2708,27425046,-1857,1228,-468,-257,190,-445
IMU1,2709,27435260,-2120,1263,-448,-187,132,-473
IMU1,2710,27445486,-2432,1224,-406,-111,59,-475
IMU1,2711,27455500,-2841,1175,-347,-50,-15,-436
IMU1,2712,27465425,-3218,1167,-279,-4,-120,-359
IMU1,2713,27475339,-3449,1179,-189,24,-273,-294
IMU1,2714,27485359,-3621,1148,-33,42,-431,-302
IMU1,2715,27495190,-3869,1094,34,64,-576,-397
IMU1,2716,27504928,-4166,958,92,65,-692,-551
IMU1,2717,27514465,-4583,880,101,45,-758,-729
IMU1,2718,27524206,-5010,846,278,-5,-732,-905
IMU1,2719,27533839,-5671,837,637,-49,-678,-1104
IMU1,2720,27543870,-6396,855,1159,-33,-873,-1350
IMU1,2721,27554112,-7114,911,1697,85,-1465,-1655
IMU1,2722,27564434,-7978,1254,2145,283,-2275,-2434
IMU1,2723,27575179,-7922,1745,1769,414,-3122,-3057
IMU1,2724,27585919,-7934,2358,1152,-16,-3019,-3990
IMU1,2725,27596574,-8286,3094,819,-852,-2996,-5124
IMU1,2726,27607215,-8324,3915,872,-1914,-2892,-6325
IMU1,2727,27618046,-8886,4302,1103,-2943,-2609,-7594
IMU1,2728,27629085,-9741,4855,1386,-3802,-2445,-8789
IMU1,2729,27640127,-10437,5773,1642,-4471,-2768,-9876
IMU1,2730,27651364,-11473,7211,1277,-5580,-4057,-11954
IMU1,2731,27662805,-12001,7488,1208,-6109,-4376,-12798
IMU1,2732,27674254,-12550,7807,1230,-6513,-4372,-13453
IMU1,2733,27685695,-12746,7899,1100,-6741,-4063,-13958
IMU1,2734,27697148,-12721,7809,1086,-6879,-3688,-14200
IMU1,2735,27708591,-11504,7471,1777,-7011,-3438,-14051
IMU1,2736,27720058,-10217,7326,1721,-6989,-3318,-12876
IMU1,2737,27731491,-8986,7244,1808,-6840,-3573,-12150
IMU1,2738,27742732,-7664,6915,1660,-6639,-3797,-11503
IMU1,2739,27753992,-6651,6651,1898,-6363,-3753,-10935
IMU1,2740,27765246,-5872,6221,1892,-5933,-3592,-10401
IMU1,2741,27776494,-4568,5659,860,-5443,-3782,-9413
IMU1,2742,27787328,-4024,5243,761,-5363,-3506,-8898
IMU1,2743,27798168,-3314,5035,742,-5258,-3247,-8381
IMU1,2744,27809013,-2626,4856,768,-5076,-3162,-7914
IMU1,2745,27819870,-2176,4617,495,-4786,-3181,-7487
IMU1,2746,27830735,-1881,4413,27,-4457,-3234,-6999
IMU1,2747,27841382,-1669,4161,-342,-4119,-3188,-6384
IMU1,2748,27852320,-1640,3811,-719,-3743,-2946,-5629
IMU1,2749,27863787,-1534,3296,-1184,-2891,-2202,-3897
IMU1,2750,27874902,-1384,3091,-1353,-2469,-2002,-3127
IMU1,2751,27886024,-1249,2912,-1645,-2100,-1913,-2526
IMU1,2752,27897149,-1114,2707,-1891,-1813,-1830,-2114
IMU1,2753,27908283,-961,2503,-2179,-1621,-1686,-1875
IMU1,2754,27919190,-873,2379,-2373,-1526,-1421,-1764
IMU1,2755,27930131,-823,2172,-2470,-1497,-554,-1712
IMU1,2756,27940857,-837,2068,-2310,-1412,-253,-1670
IMU1,2757,27951574,-785,1966,-2153,-1234,-86,-1591
IMU1,2758,27962115,-692,1867,-2037,-938,-6,-1461
IMU1,2759,27972238,-560,1803,-1896,-562,-9,-1280
IMU1,2760,27982352,-519,1758,-1839,-124,-100,-1071
# swing_peak_seq=2734
IMU1,2761,27992874,-400,1697,-1949,319,-304,-850
IMU1,2762,28003103,-257,1647,-2053,708,-607,-655
IMU1,2763,28013323,-110,1522,-2148,1047,-857,-498
IMU1,2764,28023740,41,1350,-2253,1339,-967,-386
IMU1,2765,28033862,149,1193,-2320,1571,-964,-300
IMU1,2766,28044191,210,1068,-2374,1766,-902,-275
IMU1,2767,28054517,227,898,-2513,1915,-820,-250
IMU1,2768,28065695,155,830,-2628,2032,-639,-75
IMU1,2769,28075617,42,755,-2696,1993,-525,84
IMU1,2770,28085251,-19,638,-2716,1882,-431,288
IMU1,2771,28095183,-138,539,-2725,1744,-392,535
IMU1,2772,28105328,-166,424,-2682,1597,-358,790
IMU1,2773,28117913,-199,323,-2602,1468,-285,1023
IMU1,2774,28128239,-186,276,-2531,1374,-169,1198
IMU1,2775,28138569,-213,264,-2438,1309,-60,1307
IMU1,2776,28148694,-329,283,-2338,1283,9,1368
IMU1,2777,28158526,-474,272,-2199,1300,51,1418
IMU1,2778,28168582,-580,320,-2090,1371,62,1477
IMU1,2779,28178600,-670,332,-1983,1482,14,1553
IMU1,2780,28188627,-753,305,-1881,1635,-83,1647
IMU1,2781,28198740,-779,188,-1743,1819,-205,1753
IMU1,2782,28210097,-1007,42,-1483,2334,-274,2123
IMU1,2783,28220417,-1113,-79,-1338,2709,-211,2373
IMU1,2784,28230850,-1065,-142,-1295,3080,-260,2589
IMU1,2785,28241460,-974,-170,-1153,3422,-446,2702
IMU1,2786,28251881,-953,-208,-968,3736,-696,2710
IMU1,2787,28262117,-931,-213,-910,4017,-968,2643
IMU1,2788,28272349,-960,-236,-976,4230,-1258,2521
IMU1,2789,28282773,-943,-311,-1040,4346,-1554,2374
IMU1,2790,28293418,-863,-392,-1137,4378,-1822,2217
IMU1,2791,28304051,-770,-500,-1150,4349,-2024,2063
IMU1,2792,28314673,-583,-610,-1160,4291,-2086,1795
IMU1,2793,28325304,-383,-626,-1173,4116,-1740,1678
IMU1,2794,28335934,-191,-505,-1111,4011,-1407,1525
IMU1,2795,28346569,-109,-415,-1147,3918,-928,1339
IMU1,2796,28356988,-81,-439,-1118,3811,-322,1164
IMU1,2797,28367218,-111,-534,-1024,3698,314,1033
IMU1,2798,28377550,-211,-619,-863,3606,897,964
IMU1,2799,28387492,-278,-639,-641,3558,1378,953
IMU1,2800,28397635,-338,-571,-439,3569,1731,984
IMU1,2801,28407766,-396,-482,-240,3632,1957,1052
IMU1,2802,28418090,-519,-392,-56,3750,2086,1160
IMU1,2803,28428215,-703,-326,123,3909,2180,1317
IMU1,2804,28438440,-900,-305,236,4090,2265,1536
IMU1,2805,28448673,-1148,-391,428,4275,2346,1800
IMU1,2806,28460145,-1519,-691,583,4555,2452,2438
IMU1,2807,28470601,-1576,-814,764,4661,2493,2734
IMU1,2808,28481041,-1498,-849,891,4753,2535,2941
IMU1,2809,28491478,-1471,-764,988,4828,2545,3031
IMU1,2810,28501931,-1379,-633,1186,4884,2515,2989
IMU1,2811,28512584,-1269,-612,1335,4971,2449,2735
IMU1,2812,28523224,-2062,-781,1138,5066,2407,2451
IMU1,2813,28533867,-2463,-896,1315,5086,2310,2395
IMU1,2814,28544523,-2584,-940,1458,5097,2136,2462
IMU1,2815,28555162,-2335,-815,1196,5117,1804,2705
IMU1,2816,28565825,-2062,-641,852,4947,1931,2792
IMU1,2817,28576266,-1969,-425,710,4676,2295,2815
IMU1,2818,28586704,-2205,-201,1091,4335,2713,2811
IMU1,2819,28597353,-2390,-225,1360,4071,3006,2815
IMU1,2820,28608005,-2452,-227,1541,3910,3082,2807
IMU1,2821,28618638,-2425,-92,1711,3825,2920,2752
IMU1,2822,28629093,-2409,4,1966,3851,2551,2639
IMU1,2823,28639250,-2481,-68,1743,4008,2061,2505
IMU1,2824,28649701,-2609,11,1070,4078,1580,2421
IMU1,2825,28660045,-2382,195,878,4049,1249,2419
IMU1,2826,28670395,-2343,587,870,3897,1181,2442
IMU1,2827,28681296,-2343,749,1489,3741,1499,2464
IMU1,2828,28691835,-2802,780,1117,3914,1707,2500
IMU1,2829,28702389,-3233,810,628,3948,1787,2632
IMU1,2830,28712737,-2669,1043,328,3883,1842,2826
IMU1,2831,28723272,-2827,1257,163,3615,1852,2890
IMU1,2832,28733798,-2686,1455,486,3329,1813,2892
IMU1,2833,28744329,-2571,1525,544,3110,1758,2834
IMU1,2834,28754876,-2602,1703,261,2910,1724,2725
IMU1,2835,28765411,-2707,1822,98,2705,1748,2626
IMU1,2836,28775760,-2864,1873,394,2473,1871,2590
IMU1,2837,28786829,-3078,1825,388,2283,2257,2738
IMU1,2838,28797384,-3005,1801,115,2214,2281,2843
IMU1,2839,28807942,-2918,1824,-88,2076,2178,2885
IMU1,2840,28818369,-2947,1770,-187,1859,2058,2867
IMU1,2841,28828996,-2850,1765,-223,1606,1960,2841
IMU1,2842,28839608,-2669,1805,-233,1353,1876,2772
IMU1,2843,28850227,-2427,1712,-214,1133,1817,2640
IMU1,2844,28860847,-2333,1686,-266,965,1772,2463
IMU1,2845,28871259,-2385,1635,-279,851,1723,2309
IMU1,2846,28881690,-2469,1456,-196,827,1701,2244
IMU1,2847,28892617,-2357,1482,-276,963,1670,2333
IMU1,2848,28903044,-2308,1542,-416,1046,1607,2357
IMU1,2849,28913661,-2320,1504,-565,1072,1518,2369
IMU1,2850,28924301,-2277,1503,-615,1030,1425,2381
IMU1,2851,28934946,-2160,1497,-581,956,1347,2385
IMU1,2852,28945383,-2046,1501,-550,889,1274,2347
IMU1,2853,28955821,-2088,1471,-546,817,1218,2249
IMU1,2854,28966252,-2201,1384,-489,738,1246,2151
IMU1,2855,28976686,-2255,1306,-363,670,1346,2063
IMU1,2856,28987103,-2174,1204,-285,599,1419,1932
IMU1,2857,28998577,-2210,1190,44,503,1255,1470
IMU1,2858,29008719,-2108,1153,-131,472,975,1201
IMU1,2859,29018946,-2093,1293,-424,394,598,935
IMU1,2860,29028978,-2289,1502,-654,280,297,746
IMU1,2861,29039012,-3858,1586,-108,163,378,786
IMU1,2862,29049054,-3139,750,129,136,1021,1127
IMU1,2863,29059196,-2539,1204,-117,87,1400,1246
IMU1,2864,29069436,-1822,1291,-190,-72,1137,943
IMU1,2865,29079569,-1668,1203,-268,-249,393,357
IMU1,2866,29089701,-1590,1096,-428,-391,-376,-202
IMU1,2867,29100012,-1383,1182,-631,-485,-771,-579
IMU1,2868,29110339,-1343,1361,-726,-511,-827,-797
IMU1,2869,29123228,-1452,1402,-599,-360,-72,-769
IMU1,2870,29133335,-1305,1434,-641,-236,435,-635
IMU1,2871,29143558,-1176,1508,-753,-157,673,-558
IMU1,2872,29153799,-1043,1515,-904,-139,624,-563
IMU1,2873,29164031,-1002,1532,-1033,-187,422,-603
IMU1,2874,29174447,-979,1591,-1089,-268,227,-635
IMU1,2875,29184673,-937,1605,-1082,-330,85,-630
IMU1,2876,29194677,-952,1588,-1034,-347,8,-578
IMU1,2877,29204510,-980,1544,-1005,-312,-4,-486
IMU1,2878,29214417,-985,1545,-999,-254,5,-366
IMU1,2879,29224039,-927,1569,-1018,-193,-5,-259
IMU1,2880,29233954,-819,1588,-1100,-149,-38,-194
IMU1,2881,29244071,-808,1596,-1180,-141,-72,-170
IMU1,2882,29254189,-843,1559,-1213,-157,-55,-151
IMU1,2883,29264308,-868,1526,-1184,-183,20,-121
IMU1,2884,29274320,-832,1502,-1151,-203,111,-90
IMU1,2885,29284340,-896,1507,-1094,-202,181,-76
IMU1,2886,29294358,-952,1482,-1041,-190,224,-61
IMU1,2887,29304376,-986,1454,-1042,-166,240,-46
IMU1,2888,29314378,-971,1424,-998,-143,221,-41
IMU1,2889,29325238,-1010,1420,-976,-88,128,-70
IMU1,2890,29335053,-1037,1430,-965,-52,102,-89
IMU1,2891,29344869,-1035,1431,-982,-16,103,-111
IMU1,2892,29354881,-1005,1457,-1024,-2,116,-133
IMU1,2893,29364893,-984,1484,-1075,-22,118,-168
IMU1,2894,29374901,-939,1451,-1106,-60,107,-207
IMU1,2895,29384927,-938,1446,-1107,-99,100,-246
IMU1,2896,29394951,-920,1442,-1101,-132,103,-262
IMU1,2897,29405175,-965,1462,-1078,-143,114,-255
IMU1,2898,29415398,-1022,1451,-1066,-127,135,-226
IMU1,2899,29425813,-1063,1428,-1047,-102,152,-168
IMU1,2900,29436232,-1061,1414,-1026,-75,135,-104
IMU1,2901,29446464,-1023,1422,-1029,-50,78,-58
IMU1,2902,29456275,-954,1437,-1066,-35,-2,-41
IMU1,2903,29465794,-940,1453,-1096,-31,-80,-58
IMU1,2904,29475508,-958,1439,-1104,-25,-111,-75
IMU1,2905,29485444,-1013,1447,-1082,-14,-86,-71
IMU1,2906,29495356,-1046,1445,-1047,5,-27,-55
IMU1,2907,29504960,-1048,1432,-1004,29,23,-37
IMU1,2908,29514659,-1047,1445,-967,50,35,-35
IMU1,2909,29524169,-1077,1437,-932,64,20,-51
IMU1,2910,29533687,-1143,1430,-896,69,-10,-70
IMU1,2911,29543304,-1256,1406,-813,78,-38,-83
IMU1,2912,29552918,-1356,1371,-712,85,-93,-72
IMU1,2913,29562539,-1456,1364,-631,102,-202,-58
IMU1,2914,29572561,-1564,1349,-581,120,-355,-42
IMU1,2915,29582581,-1564,1350,-599,128,-534,-20
IMU1,2916,29592606,-1620,1393,-651,121,-720,-16
IMU1,2917,29602624,-1715,1364,-660,104,-836,-7
IMU1,2918,29613991,-1786,1383,-577,73,-726,57
IMU1,2919,29623726,-1835,1378,-531,68,-542,59
IMU1,2920,29633458,-1936,1357,-479,55,-301,26
IMU1,2921,29643183,-2104,1319,-371,21,-36,-56
IMU1,2922,29652809,-2320,1280,-229,-28,156,-154
IMU1,2923,29662815,-2536,1299,-106,-78,233,-250
IMU1,2924,29672831,-2729,1316,61,-121,214,-353
IMU1,2925,29682750,-2969,1381,192,-152,143,-452
IMU1,2926,29692878,-3206,1471,285,-174,58,-535
IMU1,2927,29702801,-3403,1515,344,-199,-3,-601
IMU1,2928,29712612,-3683,1530,376,-246,29,-662
IMU1,2929,29722531,-4047,1543,447,-341,204,-707
IMU1,2930,29732649,-4368,1562,654,-472,475,-775
IMU1,2931,29742788,-4676,1634,985,-613,693,-927
IMU1,2932,29752925,-4959,1734,1318,-732,762,-1210
IMU1,2933,29763467,-5224,2003,1523,-835,571,-1644
IMU1,2934,29773982,-5437,2416,1659,-936,77,-2199
IMU1,2935,29784327,-5479,2898,1641,-1031,-512,-2810
IMU1,2936,29795145,-5518,3302,2180,-1137,-877,-3406
IMU1,2937,29806515,-5541,3982,2200,-1266,-488,-4586
IMU1,2938,29817358,-5942,4291,2026,-1471,-66,-5241
IMU1,2939,29828005,-6471,4674,2079,-1895,78,-5941
IMU1,2940,29838541,-7183,5127,2202,-2505,-225,-6763
IMU1,2941,29849384,-7595,5782,2190,-3221,-1057,-7730
IMU1,2942,29860438,-7640,6637,2249,-3997,-2345,-8861
IMU1,2943,29871492,-7780,7612,2109,-4748,-3603,-10109
IMU1,2944,29882756,-8694,8830,940,-6246,-4658,-12246
IMU1,2945,29893817,-8947,8941,522,-7049,-4344,-12860
IMU1,2946,29904871,-9123,8608,359,-7729,-3568,-13170
IMU1,2947,29915913,-9193,7987,270,-8226,-2700,-13184
IMU1,2948,29926984,-9000,7372,314,-8563,-2223,-12966
IMU1,2949,29938024,-8538,6767,477,-8758,-2187,-12563
IMU1,2950,29949082,-7879,5924,689,-8766,-2290,-12050
IMU1,2951,29960143,-6506,5516,763,-8240,-2181,-11029
IMU1,2952,29971191,-5880,5148,614,-7732,-1786,-10621
IMU1,2953,29982251,-5270,4785,423,-7158,-1326,-10293
IMU1,2954,29993308,-4529,4421,346,-6595,-949,-9995
IMU1,2955,30003961,-3721,4127,380,-6047,-753,-9714
IMU1,2956,30014609,-2921,3864,460,-5445,-803,-9453
IMU1,2957,30025250,-2482,3585,352,-4789,-943,-9174
IMU1,2958,30035911,-2245,3270,-239,-4162,-946,-8782
IMU1,2959,30046654,-2202,3136,-537,-3168,-657,-7475
IMU1,2960,30057417,-2049,3043,-802,-2836,-543,-6628
IMU1,2961,30068152,-1800,2997,-1003,-2622,-529,-5772
IMU1,2962,30079080,-1412,3012,-1188,-2483,-572,-4996
IMU1,2963,30090036,-1048,2951,-1163,-2371,-622,-4345
IMU1,2964,30100977,-878,2842,-893,-2179,-621,-3833
IMU1,2965,30111520,-981,2636,-812,-1835,-647,-3403
IMU1,2966,30124599,-942,2425,-1469,-1155,-907,-2526
IMU1,2967,30135343,-660,2433,-1642,-938,-805,-2159
IMU1,2968,30145877,-611,2264,-1224,-721,-613,-1983
IMU1,2969,30156418,-557,2050,-1080,-304,-625,-1837
IMU1,2970,30166957,-318,1912,-1741,-89,-976,-1703
IMU1,2971,30177294,-123,1886,-1711,162,-1135,-1515
IMU1,2972,30187912,356,1950,-2434,177,-935,-1485
IMU1,2973,30198251,-31,1795,-2448,72,-545,-1492
# swing_peak_seq=2947
IMU1,2974,30208291,166,1605,-2593,-156,-149,-1360
IMU1,2975,30218684,172,1381,-2097,-403,139,-1208
IMU1,2976,30229521,145,1262,-1850,-587,464,-863
IMU1,2977,30239656,131,1120,-1636,-500,423,-670
IMU1,2978,30249789,93,1061,-1548,-294,267,-430
IMU1,2979,30259714,576,1023,-1600,-60,22,-176
IMU1,2980,30269432,630,1022,-1651,190,-130,-119
IMU1,2981,30279577,513,829,-1690,424,-163,-97
IMU1,2982,30289311,522,754,-1745,641,-282,-28
IMU1,2983,30299047,556,698,-1857,821,-449,73
IMU1,2984,30308695,535,616,-1963,944,-510,170
IMU1,2985,30318556,552,547,-2086,1005,-474,268
IMU1,2986,30328598,549,488,-2175,1001,-426,361
IMU1,2987,30338632,488,423,-2178,946,-368,454
IMU1,2988,30348466,409,366,-2152,871,-295,562
IMU1,2989,30358313,279,314,-2067,795,-250,698
IMU1,2990,30368174,150,208,-2017,734,-258,856
IMU1,2991,30378004,131,131,-2018,682,-326,1019
IMU1,2992,30388034,192,119,-2042,634,-399,1140
IMU1,2993,30398082,190,116,-2123,580,-423,1203
IMU1,2994,30408124,124,96,-2144,506,-388,1236
IMU1,2995,30417957,59,106,-2112,432,-304,1271
IMU1,2996,30427795,-2,135,-2049,372,-214,1325
IMU1,2997,30437529,-78,162,-1988,339,-129,1394
IMU1,2998,30447459,-107,178,-1893,339,-55,1464
IMU1,2999,30457390,-139,209,-1725,377,-9,1527
IMU1,3000,30467132,-179,198,-1548,470,1,1585
IMU1,3001,30476780,-221,199,-1379,635,-32,1634
IMU1,3002,30486718,-247,183,-1304,854,-127,1685
IMU1,3003,30496836,-262,176,-1207,1094,-274,1732
IMU1,3004,30507158,-306,122,-1016,1361,-437,1770
IMU1,3005,30518018,-347,101,-930,1950,-748,1793
IMU1,3006,30528153,-364,16,-922,2276,-821,1784
IMU1,3007,30538078,-316,-100,-912,2582,-866,1773
IMU1,3008,30548314,-355,-200,-905,2880,-922,1765
IMU1,3009,30558548,-467,-298,-918,3175,-988,1771
IMU1,3010,30568801,-584,-379,-880,3443,-1034,1801
IMU1,3011,30579228,-736,-444,-899,3682,-1028,1859
IMU1,3012,30589655,-951,-487,-906,3888,-958,1929
IMU1,3013,30599902,-1106,-572,-895,4040,-884,2016
IMU1,3014,30610343,-1228,-665,-1112,4137,-859,2107
IMU1,3015,30620993,-1110,-883,-1210,4153,-873,2182
IMU1,3016,30631644,-953,-1025,-1118,4130,-862,2215
IMU1,3017,30642828,-830,-1029,-915,4149,-439,2170
IMU1,3018,30653278,-953,-991,-833,4186,-36,2161
IMU1,3019,30663335,-1209,-979,-768,4221,440,2197
IMU1,3020,30673692,-1523,-1043,-717,4222,925,2324
IMU1,3021,30684247,-1767,-1093,-652,4176,1336,2534
IMU1,3022,30694990,-1870,-1198,-479,4094,1572,2763
IMU1,3023,30705756,-1946,-1288,-639,3982,1585,2988
IMU1,3024,30716525,-1999,-1355,-265,3908,1454,3156
IMU1,3025,30727303,-2043,-1533,-187,3902,1347,3330
IMU1,3026,30738030,-2174,-1518,-216,3941,1252,3670
IMU1,3027,30748774,-1969,-1361,72,4028,1352,3857
IMU1,3028,30759212,-2091,-1232,241,4154,1819,4051
IMU1,3029,30769853,-2461,-1241,93,4281,2412,4308
IMU1,3030,30780306,-2601,-1107,-17,4285,2815,4693
IMU1,3031,30790854,-2722,-933,64,4157,3007,5112
IMU1,3032,30801125,-2349,-672,1107,4029,3107,5450
IMU1,3033,30811783,-738,-712,2431,4493,3166,5172
IMU1,3034,30822243,-2513,-634,3254,5011,3253,4268
IMU1,3035,30832908,-4727,-1949,2850,6505,2959,4373
IMU1,3036,30843760,-2540,-1586,1599,6992,1713,5144
IMU1,3037,30854624,-2668,-1406,-99,8200,329,5543
IMU1,3038,30864953,-3605,-1269,223,8223,1246,5758
IMU1,3039,30875609,-2812,-523,-576,7648,2278,6320
IMU1,3040,30886168,-1164,135,1089,6844,2854,6434
IMU1,3041,30896705,-2336,816,366,6184,3244,5892
IMU1,3042,30907053,-3847,751,-1764,4756,3094,5374
IMU1,3043,30917710,-3144,1057,-1112,2911,2472,5169
IMU1,3044,30928574,-1219,1881,2921,1383,1986,4537
IMU1,3045,30939315,-946,2541,4882,1753,1900,3303
IMU1,3046,30949879,-4496,-121,-1149,2368,921,1606
IMU1,3047,30960415,-3910,367,-997,1632,936,2057
IMU1,3048,30970662,-2384,1550,-307,716,1289,2420
IMU1,3049,30981113,-1904,1907,832,39,1419,2230
IMU1,3050,30991276,-2301,1731,2462,-75,1411,1771
IMU1,3051,31001730,-2769,1475,2504,450,1224,1408
IMU1,3052,31012277,-3292,1208,2736,1116,600,1328
IMU1,3053,31022825,-3341,866,1903,1887,-440,1493
IMU1,3054,31033278,-3043,798,1280,2403,-1506,1714
IMU1,3055,31043933,-2397,973,889,2672,-2077,1853
IMU1,3056,31054384,-1970,1175,670,2769,-2156,1798
IMU1,3057,31065038,-1849,1388,1008,2686,-1981,1421
IMU1,3058,31075880,-1973,1274,948,2752,-1501,1260
IMU1,3059,31086541,-2109,1148,8,2720,-1383,1194
IMU1,3060,31096793,-1929,1076,-33,2522,-1251,1228
IMU1,3061,31107347,-1471,1313,417,2299,-970,1255
IMU1,3062,31117797,-1186,1461,356,2183,-588,1158
IMU1,3063,31130814,-1244,1379,-48,2047,-287,994
IMU1,3064,31140937,-1452,1375,-255,1834,-47,874
IMU1,3065,31151066,-1747,1397,-126,1554,232,858
IMU1,3066,31162351,-2127,1345,54,1192,656,1135
IMU1,3067,31172502,-2084,1347,-160,1161,658,1288
IMU1,3068,31182922,-1963,1332,-201,1160,565,1352
IMU1,3069,31193359,-1816,1322,-246,1159,559,1322
IMU1,3070,31203810,-1767,1311,-217,1192,706,1199
IMU1,3071,31214263,-1787,1264,-269,1216,910,1001
IMU1,3072,31224704,-1966,1224,-368,1239,1058,771
IMU1,3073,31235153,-2139,1181,-390,1234,1111,574
IMU1,3074,31245612,-2268,1290,-386,1224,1005,427
IMU1,3075,31256037,-2304,1372,-277,1245,754,320
IMU1,3076,31266280,-2369,1316,-315,1312,449,255
IMU1,3077,31276522,-2358,1219,-638,1385,140,255
IMU1,3078,31287298,-2174,1270,-782,1389,-134,361
IMU1,3079,31297644,-1862,1632,134,1449,-16,363
IMU1,3080,31307664,-2057,1409,285,1751,99,260
IMU1,3081,31317613,-2462,1033,-325,2001,-79,232
IMU1,3082,31327752,-2420,992,-631,2095,-397,362
IMU1,3083,31337912,-1965,1332,-667,2059,-546,476
IMU1,3084,31348254,-1664,1325,-677,1951,-556,441
IMU1,3085,31358589,-1413,1272,-635,1833,-530,297
IMU1,3086,31368954,-1474,1209,-681,1664,-408,88
IMU1,3087,31379081,-1680,1110,-747,1446,-214,-65
IMU1,3088,31389312,-1748,1128,-625,1188,-61,-138
IMU1,3089,31399549,-1662,1336,-374,980,62,-173
IMU1,3090,31409482,-1581,1260,-422,819,234,-228
IMU1,3091,31419627,-1533,1199,-404,656,397,-288
IMU1,3092,31429771,-1328,1265,-326,528,540,-371
IMU1,3093,31439912,-1512,1087,-729,391,632,-498
IMU1,3094,31450595,-1460,1167,-711,-19,762,-619
IMU1,3095,31460642,-1363,1395,-426,-171,891,-643
IMU1,3096,31470852,-1352,1363,-297,-216,1007,-688
IMU1,3097,31481273,-1457,1194,-335,-194,1044,-704
IMU1,3098,31491708,-1539,1133,-337,-165,969,-652
IMU1,3099,31501926,-1476,1151,-256,-117,810,-554
IMU1,3100,31512157,-1406,1209,-336,-30,605,-459
IMU1,3101,31522194,-1475,1155,-581,31,361,-359
IMU1,3102,31532134,-1439,1123,-615,38,155,-219
IMU1,3103,31542082,-1336,1217,-418,61,70,-77
IMU1,3104,31551608,-1311,1253,-278,141,77,25
IMU1,3105,31561253,-1397,1208,-365,247,68,101
IMU1,3106,31571082,-1433,1140,-562,289,-1,174
IMU1,3107,31580822,-1369,1109,-771,226,-67,252
IMU1,3108,31590751,-1282,1085,-933,59,-60,295
IMU1,3109,31600481,-1233,1090,-1005,-177,-2,291
IMU1,3110,31610508,-1194,1080,-1008,-426,79,269
IMU1,3111,31620653,-1256,1082,-938,-643,185,210
IMU1,3112,31630792,-1336,1081,-822,-800,315,158
IMU1,3113,31640933,-1425,1063,-762,-889,448,125
IMU1,3114,31651076,-1514,1023,-720,-920,534,108
IMU1,3115,31662267,-1591,1021,-746,-868,511,99
IMU1,3116,31672215,-1621,1045,-790,-818,429,92
IMU1,3117,31682157,-1601,999,-835,-754,333,89
IMU1,3118,31691895,-1565,986,-897,-708,245,71
IMU1,3119,31701646,-1557,992,-927,-657,170,44
IMU1,3120,31711394,-1521,991,-988,-620,142,8
IMU1,3121,31720946,-1529,1013,-1014,-581,132,-28
IMU1,3122,31731182,-1537,1053,-1052,-541,139,-53
IMU1,3123,31741436,-1560,1046,-1059,-509,180,-77
IMU1,3124,31751687,-1571,1042,-1064,-474,223,-84
IMU1,3125,31761910,-1568,1035,-1062,-438,249,-85
IMU1,3126,31772144,-1581,1028,-1070,-405,249,-79
IMU1,3127,31782379,-1543,1023,-1072,-377,207,-71
IMU1,3128,31792627,-1551,1053,-1051,-347,128,-68
IMU1,3129,31802859,-1565,1100,-1031,-303,39,-69
IMU1,3130,31812902,-1559,1087,-1001,-243,-22,-69
IMU1,3131,31823025,-1528,1070,-1014,-184,-57,-70
IMU1,3132,31833161,-1484,1082,-1045,-125,-81,-78
IMU1,3133,31843290,-1469,1068,-1017,-85,-97,-91
IMU1,3134,31853212,-1452,1040,-966,-39,-78,-107
IMU1,3135,31864172,-1459,1093,-955,60,-56,-146
IMU1,3136,31874015,-1470,1108,-928,103,-60,-169
IMU1,3137,31884040,-1471,1101,-927,146,-58,-200
IMU1,3138,31894076,-1453,1079,-936,166,-68,-234
IMU1,3139,31904119,-1465,1082,-958,161,-106,-270
IMU1,3140,31914349,-1456,1069,-982,150,-171,-300
IMU1,3141,31924589,-1439,1093,-955,130,-237,-320
IMU1,3142,31934833,-1429,1093,-994,111,-286,-319
IMU1,3143,31945086,-1472,1086,-930,100,-313,-300
IMU1,3144,31955339,-1518,1088,-881,107,-316,-268
IMU1,3145,31965573,-1510,1065,-856,129,-282,-213
IMU1,3146,31975811,-1517,1063,-810,162,-227,-154
IMU1,3147,31986047,-1497,1062,-778,208,-182,-101
IMU1,3148,31996281,-1503,1068,-767,248,-167,-70
IMU1,3149,32006322,-1473,1044,-753,278,-184,-51
IMU1,3150,32016336,-1457,1054,-764,292,-231,-50
IMU1,3151,32026349,-1452,1098,-772,299,-282,-71
IMU1,3152,32037411,-1484,1069,-759,276,-323,-135
IMU1,3153,32047631,-1481,1078,-757,247,-320,-147
IMU1,3154,32057853,-1521,1101,-803,210,-307,-156
IMU1,3155,32068072,-1562,1065,-825,157,-261,-149
IMU1,3156,32078288,-1560,1020,-789,95,-186,-117
IMU1,3157,32088310,-1561,1037,-761,33,-109,-71
IMU1,3158,32098143,-1546,1046,-694,-13,-47,-36
IMU1,3159,32107859,-1559,1034,-615,-44,-14,-16
IMU1,3160,32117584,-1569,1098,-690,-58,-24,-16
IMU1,3161,32127306,-1602,1088,-788,-87,-75,-27
IMU1,3162,32139583,-1627,1028,-809,-136,-122,-33
IMU1,3163,32149687,-1587,1012,-872,-194,-147,-23
IMU1,3164,32159807,-1555,1020,-901,-259,-154,-14
IMU1,3165,32169932,-1542,1014,-885,-319,-142,-10
IMU1,3166,32180043,-1560,1018,-830,-348,-112,-9
IMU1,3167,32191512,-1615,1021,-808,-340,-51,19
IMU1,3168,32201337,-1632,996,-794,-303,-45,25
IMU1,3169,32210964,-1648,990,-793,-252,-66,33
IMU1,3170,32220588,-1606,996,-837,-206,-113,52
IMU1,3171,32230405,-1577,1036,-895,-171,-182,52
IMU1,3172,32240421,-1552,1051,-963,-149,-238,44
IMU1,3173,32250445,-1539,1052,-1014,-138,-245,39
IMU1,3174,32260671,-1541,1040,-1035,-133,-212,34
IMU1,3175,32270892,-1537,1018,-1016,-131,-165,35
IMU1,3176,32281112,-1535,1016,-984,-113,-125,38
IMU1,3177,32291140,-1525,1015,-932,-74,-87,37
IMU1,3178,32300776,-1512,1040,-907,-23,-62,28
IMU1,3179,32310414,-1503,1045,-888,50,-65,10
IMU1,3180,32319940,-1485,1041,-890,125,-95,-10
IMU1,3181,32329775,-1475,1060,-893,193,-140,-26
IMU1,3182,32339793,-1482,1092,-866,261,-170,-27
IMU1,3183,32349816,-1493,1102,-829,329,-164,-10
IMU1,3184,32359840,-1488,1105,-821,394,-125,18
IMU1,3185,32369761,-1483,1115,-796,451,-85,47
IMU1,3186,32379493,-1458,1114,-773,496,-58,71
IMU1,3187,32389237,-1436,1116,-756,517,-46,87
IMU1,3188,32398975,-1420,1119,-735,521,-44,95
IMU1,3189,32408722,-1422,1121,-703,521,-41,95
IMU1,3190,32418456,-1404,1130,-680,505,-33,98
IMU1,3191,32428190,-1406,1136,-673,487,-14,100
IMU1,3192,32438119,-1415,1131,-651,448,17,105
IMU1,3193,32447960,-1426,1131,-651,400,58,117
IMU1,3194,32457807,-1453,1149,-662,346,103,131
IMU1,3195,32467839,-1484,1121,-661,271,145,145
IMU1,3196,32477877,-1506,1100,-632,194,171,165
IMU1,3197,32487927,-1527,1112,-558,120,166,182
IMU1,3198,32499004,-1505,1104,-551,-8,117,203
IMU1,3199,32508755,-1491,1124,-596,-72,112,200
IMU1,3200,32518707,-1493,1109,-605,-134,122,191
IMU1,3201,32528828,-1500,1104,-645,-197,153,184
IMU1,3202,32538936,-1499,1150,-703,-264,179,179
IMU1,3203,32549054,-1496,1159,-713,-329,203,175
IMU1,3204,32559177,-1521,1120,-699,-379,246,178
IMU1,3205,32569309,-1544,1096,-672,-405,287,191
IMU1,3206,32579426,-1580,1097,-652,-408,280,208
IMU1,3207,32589542,-1597,1091,-635,-394,230,227
IMU1,3208,32599679,-1585,1133,-652,-358,174,235
IMU1,3209,32609816,-1589,1145,-689,-317,148,233
IMU1,3210,32619943,-1603,1134,-718,-279,161,224
IMU1,3211,32630065,-1602,1138,-759,-240,199,216
IMU1,3212,32640188,-1603,1145,-789,-216,234,191
IMU1,3213,32650292,-1596,1141,-848,-207,251,158
IMU1,3214,32660412,-1599,1125,-911,-214,245,113
IMU1,3215,32670543,-1618,1130,-975,-232,203,73
IMU1,3216,32682028,-1595,1184,-1011,-243,135,27
IMU1,3217,32692153,-1606,1158,-1005,-242,162,21
IMU1,3218,32702261,-1630,1137,-973,-221,193,30
IMU1,3219,32712190,-1666,1140,-954,-185,213,41
IMU1,3220,32722117,-1673,1130,-933,-150,199,52
IMU1,3221,32732047,-1676,1119,-910,-111,174,52
IMU1,3222,32741982,-1648,1122,-928,-86,142,43
IMU1,3223,32751714,-1605,1130,-966,-81,94,8
IMU1,3224,32761049,-1599,1143,-1009,-95,36,-36
IMU1,3225,32770885,-1586,1122,-1020,-119,10,-71
IMU1,3226,32780869,-1574,1100,-1006,-144,26,-100
IMU1,3227,32791050,-1583,1116,-962,-156,46,-122
IMU1,3228,32801049,-1612,1140,-934,-153,47,-133
IMU1,3229,32811032,-1560,1111,-944,-139,35,-145
IMU1,3230,32821038,-1530,1082,-990,-125,0,-164
IMU1,3231,32830731,-1511,1068,-984,-115,-50,-182
IMU1,3232,32840822,-1459,1078,-992,-105,-70,-190
IMU1,3233,32850910,-1437,1119,-1016,-89,-53,-199
IMU1,3234,32861006,-1447,1134,-1006,-76,-8,-204
IMU1,3235,32870893,-1453,1136,-992,-57,42,-202
IMU1,3236,32880681,-1448,1129,-955,-33,69,-200
IMU1,3237,32890470,-1442,1123,-915,3,60,-197
IMU1,3238,32899982,-1376,1115,-917,35,47,-203
IMU1,3239,32909690,-1352,1150,-950,72,20,-221
IMU1,3240,32919407,-1354,1163,-938,95,-2,-244
IMU1,3241,32929018,-1366,1158,-910,106,14,-249
IMU1,3242,32938921,-1353,1183,-907,120,56,-246
IMU1,3243,32948827,-1352,1213,-913,130,80,-244
IMU1,3244,32958728,-1358,1198,-892,137,88,-240
IMU1,3245,32968640,-1373,1190,-904,128,85,-224
IMU1,3246,32980102,-1319,1217,-921,89,12,-199
IMU1,3247,32989801,-1333,1215,-913,73,-29,-183
IMU1,3248,32999603,-1370,1212,-883,68,-34,-152
IMU1,3249,33009404,-1384,1220,-849,72,-10,-115
IMU1,3250,33019208,-1404,1228,-825,90,13,-70
IMU1,3251,33028715,-1405,1197,-822,103,20,-27
IMU1,3252,33038423,-1387,1163,-834,112,11,-3
IMU1,3253,33047930,-1377,1156,-862,102,-23,9
IMU1,3254,33057447,-1388,1148,-862,74,-52,14
IMU1,3255,33066954,-1383,1165,-854,48,-49,16
IMU1,3256,33076466,-1379,1179,-844,42,-22,9
IMU1,3257,33085777,-1415,1171,-861,33,-5,9
IMU1,3258,33095418,-1445,1143,-859,18,-12,20
IMU1,3259,33104934,-1445,1144,-833,11,-30,37
IMU1,3260,33114444,-1422,1136,-823,14,-34,49
IMU1,3261,33123956,-1430,1129,-820,32,-31,54
IMU1,3262,33133994,-1453,1143,-847,51,-29,51
IMU1,3263,33146272,-1444,1125,-879,58,-30,47
IMU1,3264,33155788,-1455,1118,-903,55,-47,48
IMU1,3265,33165312,-1467,1130,-901,47,-59,49
IMU1,3266,33174830,-1458,1120,-899,45,-56,58
IMU1,3267,33184353,-1437,1113,-914,48,-50,66
IMU1,3268,33193871,-1449,1107,-897,53,-56,72
IMU1,3269,33203391,-1445,1102,-896,68,-57,82
IMU1,3270,33212897,-1447,1105,-873,90,-51,93
IMU1,3271,33222417,-1447,1111,-857,116,-41,103
IMU1,3272,33232323,-1446,1123,-847,143,-22,105
IMU1,3273,33242224,-1448,1120,-856,162,0,92
IMU1,3274,33251543,-1452,1096,-846,164,3,79
IMU1,3275,33260970,-1442,1102,-829,156,-1,62
IMU1,3276,33270484,-1394,1125,-840,150,-16,38
IMU1,3277,33280199,-1390,1142,-841,134,-40,14
IMU1,3278,33289884,-1392,1142,-831,115,-44,1
IMU1,3279,33299390,-1426,1161,-818,106,-19,6
IMU1,3280,33308897,-1447,1188,-809,95,23,23
IMU1,3281,33318296,-1458,1194,-788,76,53,55
IMU1,3282,33327731,-1453,1183,-790,69,68,79
IMU1,3283,33337163,-1474,1157,-792,47,58,98
IMU1,3284,33346592,-1464,1138,-813,24,25,111
IMU1,3285,33356194,-1450,1118,-792,4,-23,119
IMU1,3286,33365719,-1454,1109,-754,-4,-35,123
IMU1,3287,33375336,-1458,1111,-726,5,-10,134
IMU1,3288,33384864,-1471,1112,-702,23,24,139
IMU1,3289,33394479,-1513,1137,-669,47,50,141
IMU1,3290,33404103,-1539,1167,-662,71,75,142
IMU1,3291,33413732,-1558,1177,-672,90,85,132
IMU1,3292,33423361,-1598,1185,-689,86,63,125
IMU1,3293,33432973,-1622,1176,-680,73,37,121
IMU1,3294,33442589,-1679,1190,-656,51,21,131
IMU1,3295,33452198,-1720,1164,-609,33,33,150
IMU1,3296,33461820,-1815,1163,-525,24,61,176
IMU1,3297,33471435,-1897,1205,-467,24,69,206
IMU1,3298,33481063,-2023,1205,-386,39,65,232
IMU1,3299,33490682,-2158,1189,-294,68,88,265
IMU1,3300,33500306,-2296,1212,-249,107,140,304
IMU1,3301,33510332,-2476,1249,-196,133,186,342
IMU1,3302,33520368,-2646,1242,-76,152,260,372
IMU1,3303,33530192,-2883,1266,27,164,373,384
IMU1,3304,33539925,-3134,1257,153,164,481,383
IMU1,3305,33549856,-3441,1218,351,153,615,364
IMU1,3306,33559791,-3705,1241,526,124,751,321
IMU1,3307,33569736,-4038,1309,652,59,841,219
IMU1,3308,33579461,-4389,1321,862,-54,863,59
IMU1,3309,33589104,-4838,1322,1131,-210,822,-159
IMU1,3310,33599420,-5371,1308,1568,-389,730,-424
IMU1,3311,33609754,-5808,1461,1956,-543,612,-736
IMU1,3312,33620076,-6365,1625,2244,-680,382,-1127
IMU1,3313,33630593,-6877,1887,2603,-827,46,-1585
IMU1,3314,33640919,-6961,2298,2569,-997,-441,-2149
IMU1,3315,33651537,-6787,2831,1882,-1285,-1246,-2891
IMU1,3316,33662548,-6426,4142,1472,-2344,-2547,-4587
IMU1,3317,33673590,-6453,4801,1312,-3000,-2341,-5292
IMU1,3318,33684620,-6624,5229,1363,-3618,-1618,-5894
IMU1,3319,33695637,-7012,5796,1349,-4162,-828,-6481
IMU1,3320,33706465,-7023,6410,1491,-4678,-462,-7213
IMU1,3321,33717299,-7172,6935,1601,-5155,-679,-8202
IMU1,3322,33728131,-7414,7697,1543,-5605,-1281,-9357
IMU1,3323,33739161,-7966,8749,1263,-6541,-2589,-11711
IMU1,3324,33750419,-8411,8953,1358,-6953,-2743,-12755
IMU1,3325,33761681,-8981,8933,1397,-7202,-2610,-13645
IMU1,3326,33772902,-9584,8726,1400,-7335,-2396,-14231
IMU1,3327,33784162,-9895,8300,1360,-7381,-2181,-14399
IMU1,3328,33795419,-9789,7816,1333,-7402,-2105,-14112
IMU1,3329,33806650,-8544,6941,1304,-7309,-2344,-12458
IMU1,3330,33817892,-7465,6780,1345,-7142,-2424,-11423
IMU1,3331,33829131,-6345,6475,1272,-6862,-2400,-10540
IMU1,3332,33840372,-5637,6231,1072,-6518,-2277,-9869
IMU1,3333,33851418,-5054,6028,1001,-6181,-2105,-9342
IMU1,3334,33862469,-4350,5842,994,-5829,-1934,-8920
IMU1,3335,33873305,-3259,5162,697,-5462,-1839,-8350
IMU1,3336,33884137,-2882,4794,496,-4854,-2107,-8083
IMU1,3337,33894975,-2472,4505,332,-4635,-2270,-7753
IMU1,3338,33905816,-2160,4289,24,-4440,-2361,-7372
IMU1,3339,33916459,-1804,4203,-399,-4271,-2401,-6927
IMU1,3340,33927390,-1391,4022,-673,-4113,-2363,-6439
IMU1,3341,33938307,-1498,3722,-554,-3864,-2165,-5940
IMU1,3342,33949238,-1982,3388,-1003,-3524,-1903,-5276
IMU1,3343,33960361,-1598,3308,-838,-2674,-1769,-3553
IMU1,3344,33971280,-1507,3165,-946,-2187,-1905,-2890
IMU1,3345,33982209,-1346,3000,-791,-1604,-2200,-2422
IMU1,3346,33993138,-1333,2812,-2148,-1210,-2570,-2143
IMU1,3347,34004265,-1084,2678,-2448,-1095,-2825,-1927
IMU1,3348,34015371,-692,2669,-2579,-1113,-2678,-1782
IMU1,3349,34026289,-415,2465,-2572,-1148,-2204,-1764
IMU1,3350,34037198,-547,2142,-2802,-1163,-1095,-1741
IMU1,3351,34048131,-656,2053,-2692,-1172,-632,-1611
IMU1,3352,34058836,-594,1971,-2583,-1116,-272,-1449
IMU1,3353,34069556,-639,1912,-2461,-1004,-85,-1297
# swing_peak_seq=3327
IMU1,3354,34080086,-624,1816,-2307,-814,-53,-1130
IMU1,3355,34090384,-625,1769,-2248,-542,-143,-948
IMU1,3356,34100698,-561,1655,-2261,-213,-342,-748
IMU1,3357,34110999,-417,1574,-2305,138,-606,-540
IMU1,3358,34121233,-283,1506,-2359,504,-843,-349
IMU1,3359,34131454,-234,1438,-2435,852,-991,-177
IMU1,3360,34141674,-226,1373,-2503,1165,-1060,-6
IMU1,3361,34154449,-254,1309,-2743,1635,-1132,372
IMU1,3362,34164962,-161,1369,-2933,1754,-1169,595
IMU1,3363,34175476,-104,1352,-3100,1798,-1156,738
IMU1,3364,34186020,-49,1367,-3098,1770,-1048,864
IMU1,3365,34196339,-16,1387,-2943,1745,-887,964
IMU1,3366,34206464,-23,1356,-2834,1776,-710,1047
IMU1,3367,34216784,-96,1340,-2717,1863,-518,1123
IMU1,3368,34227116,-211,1262,-2538,2009,-336,1211
IMU1,3369,34237658,-392,1110,-2372,2225,-232,1330
IMU1,3370,34248204,-734,991,-2472,2474,-229,1492
IMU1,3371,34259050,-795,1004,-2458,2861,-269,1868
IMU1,3372,34269582,-916,973,-2413,2982,-154,2033
IMU1,3373,34279918,-1074,884,-2223,3080,31,2187
IMU1,3374,34290166,-1290,779,-2035,3190,214,2333
IMU1,3375,34300613,-1448,619,-1867,3315,305,2473
IMU1,3376,34311068,-1552,405,-1618,3449,315,2571
IMU1,3377,34321493,-1644,184,-1373,3611,246,2611
IMU1,3378,34331913,-1694,-57,-1191,3800,109,2594
IMU1,3379,34342247,-1704,-250,-1029,3994,-40,2516
IMU1,3380,34352681,-1688,-325,-872,4185,-123,2370
IMU1,3381,34363098,-1715,-368,-570,4359,-100,2181
IMU1,3382,34374573,-1851,-428,-469,4623,288,1818
IMU1,3383,34384905,-1982,-429,-325,4699,482,1693
IMU1,3384,34395231,-1989,-497,-209,4740,542,1619
IMU1,3385,34405568,-1798,-562,-169,4764,468,1561
IMU1,3386,34415912,-1621,-673,16,4782,290,1474
IMU1,3387,34425948,-1519,-829,47,4813,93,1395
IMU1,3388,34435772,-1382,-820,-16,4828,-10,1348
IMU1,3389,34445778,-1233,-709,-34,4797,71,1317
IMU1,3390,34455713,-1229,-621,-69,4735,320,1293
IMU1,3391,34465844,-1237,-507,5,4645,608,1304
IMU1,3392,34475674,-1225,-414,129,4559,869,1332
IMU1,3393,34485908,-1264,-338,228,4498,1094,1365
IMU1,3394,34496338,-1330,-310,301,4460,1255,1409
IMU1,3395,34506771,-1219,-320,444,4443,1326,1464
IMU1,3396,34517205,-1157,-421,442,4471,1317,1484
IMU1,3397,34528160,-1277,-393,393,4428,1297,1571
IMU1,3398,34538599,-1185,-298,458,4371,1333,1662
IMU1,3399,34549040,-1148,-115,574,4311,1427,1731
IMU1,3400,34559491,-1314,-11,724,4275,1668,1765
IMU1,3401,34569738,-1653,-36,925,4274,2019,1815
IMU1,3402,34579967,-1895,-58,1086,4302,2308,1938
IMU1,3403,34590404,-1956,-43,1188,4339,2472,2089
IMU1,3404,34600837,-1989,-88,1340,4376,2523,2203
IMU1,3405,34611276,-2048,-218,1518,4423,2476,2280
IMU1,3406,34621903,-2129,-240,1612,4486,2331,2347
IMU1,3407,34632533,-2208,-267,1625,4558,2058,2409
IMU1,3408,34643681,-2149,-228,1542,4699,1294,2485
IMU1,3409,34654309,-2078,-139,1358,4717,1029,2461
IMU1,3410,34664956,-2209,-85,1246,4668,985,2418
IMU1,3411,34675197,-2381,-142,1359,4572,1117,2405
IMU1,3412,34685858,-2066,-15,1259,4465,1302,2413
IMU1,3413,34696301,-2074,74,1431,4354,1481,2210
IMU1,3414,34706657,-2556,-152,1711,4349,1624,2027
IMU1,3415,34717302,-2580,-110,1490,4313,1510,1999
IMU1,3416,34727954,-2261,173,1701,4308,1209,1939
IMU1,3417,34738500,-2715,133,1693,4341,1010,1791
IMU1,3418,34749563,-2782,236,1802,4469,544,1778
IMU1,3419,34759911,-2739,309,2017,4638,276,1816
IMU1,3420,34770267,-2773,313,2162,4948,28,1816
IMU1,3421,34780416,-2695,248,1252,5184,-72,1821
IMU1,3422,34790655,-2271,571,732,5114,139,1814
IMU1,3423,34800814,-1843,940,1138,4869,762,1718
IMU1,3424,34811156,-1083,1266,1698,4661,1542,1452
IMU1,3425,34821913,-1359,1116,1275,4558,2191,844
IMU1,3426,34832462,-3128,806,344,4245,2609,602
IMU1,3427,34842590,-3212,1046,-251,3663,2586,799
IMU1,3428,34853012,-3199,1594,586,2960,2170,1042
IMU1,3429,34863570,-3285,1371,1917,2564,1696,1161
IMU1,3430,34874305,-3160,1559,2036,2682,622,1290
IMU1,3431,34884858,-2713,1541,1957,2917,172,1289
IMU1,3432,34895387,-2490,1493,1863,3144,-99,1143
IMU1,3433,34905830,-2404,1390,1560,3315,-178,943
IMU1,3434,34916263,-2343,1349,1378,3363,-70,732
IMU1,3435,34926502,-2250,1329,1248,3284,139,524
IMU1,3436,34936831,-2043,1492,1465,3151,328,297
IMU1,3437,34947177,-2281,1159,1141,2999,422,44
IMU1,3438,34957324,-2465,1190,784,2715,385,-98
IMU1,3439,34967376,-2256,1303,923,2313,332,-132
IMU1,3440,34977614,-2134,1202,1043,1930,340,-175
IMU1,3441,34988032,-2185,1157,951,1578,382,-226
IMU1,3442,34998279,-2258,1067,1131,1224,399,-244
IMU1,3443,35009238,-2320,997,1245,669,386,-234
IMU1,3444,35019280,-2366,907,1297,485,379,-204
IMU1,3445,35029316,-2393,841,1316,349,322,-174
IMU1,3446,35039350,-2421,780,1295,233,205,-145
IMU1,3447,35049396,-2442,749,1234,125,60,-109
IMU1,3448,35059232,-2471,731,1158,5,-82,-78
IMU1,3449,35068570,-2497,692,1078,-130,-219,-40
IMU1,3450,35078596,-2525,674,1025,-276,-338,4
IMU1,3451,35088324,-2534,648,1012,-427,-446,50
IMU1,3452,35098243,-2521,595,988,-556,-544,77
IMU1,3453,35107985,-2474,582,974,-673,-645,85
IMU1,3454,35117721,-2448,571,995,-771,-748,62
IMU1,3455,35127474,-2422,559,981,-844,-848,24
IMU1,3456,35137210,-2417,553,954,-892,-926,-25
IMU1,3457,35147050,-2427,562,901,-932,-976,-75
IMU1,3458,35159447,-2430,583,850,-976,-1011,-128
IMU1,3459,35169681,-2430,606,798,-1029,-1044,-175
IMU1,3460,35180110,-2419,622,774,-1083,-1070,-218
IMU1,3461,35190556,-2403,655,728,-1134,-1097,-259
IMU1,3462,35201512,-2365,638,717,-1228,-1141,-318
IMU1,3463,35211955,-2331,631,699,-1273,-1163,-326
IMU1,3464,35222399,-2298,631,675,-1299,-1175,-349
IMU1,3465,35232843,-2264,647,642,-1328,-1180,-372
IMU1,3466,35243245,-2247,655,620,-1357,-1182,-384
IMU1,3467,35253666,-2263,640,617,-1383,-1181,-396
IMU1,3468,35264093,-2260,638,635,-1397,-1192,-406
IMU1,3469,35274518,-2237,632,664,-1394,-1225,-411
IMU1,3470,35284954,-2220,607,671,-1372,-1266,-413
IMU1,3471,35295385,-2218,600,666,-1346,-1313,-418
IMU1,3472,35305815,-2195,565,666,-1314,-1370,-418
IMU1,3473,35316764,-2098,564,666,-1228,-1424,-415
IMU1,3474,35327195,-2051,543,645,-1188,-1430,-420
IMU1,3475,35337645,-2002,528,640,-1148,-1411,-437
IMU1,3476,35348060,-1966,521,645,-1119,-1374,-453
IMU1,3477,35358487,-1934,516,664,-1090,-1331,-467
IMU1,3478,35368916,-1922,524,684,-1063,-1285,-477
IMU1,3479,35379337,-1901,532,723,-1037,-1230,-485
IMU1,3480,35389766,-1917,528,735,-1004,-1187,-494
IMU1,3481,35400185,-1926,513,768,-973,-1176,-496
IMU1,3482,35410399,-1964,514,847,-939,-1183,-491
IMU1,3483,35420627,-1970,519,944,-887,-1198,-481
IMU1,3484,35430859,-1964,554,1073,-808,-1235,-471
IMU1,3485,35441799,-1960,555,1096,-607,-1392,-444
IMU1,3486,35452224,-1933,551,1083,-500,-1482,-407
IMU1,3487,35462643,-1918,533,1056,-410,-1558,-358
IMU1,3488,35473069,-1907,511,1082,-346,-1627,-306
IMU1,3489,35483490,-1908,488,1145,-287,-1682,-247
IMU1,3490,35493906,-2000,504,1259,-217,-1718,-189
IMU1,3491,35504332,-1943,535,1478,-116,-1761,-149
IMU1,3492,35514757,-1802,559,1677,50,-1841,-176
IMU1,3493,35524896,-1781,560,1752,264,-1949,-276
IMU1,3494,35535224,-1866,521,1729,477,-2087,-377
IMU1,3495,35545556,-1849,469,1662,656,-2238,-424
IMU1,3496,35555901,-1751,338,1404,773,-2358,-415
IMU1,3497,35566763,-1695,286,1337,793,-2372,-254
IMU1,3498,35577100,-1621,269,1382,726,-2374,-97
IMU1,3499,35587241,-1523,252,1450,671,-2373,36
IMU1,3500,35597275,-1477,319,1607,640,-2368,130
IMU1,3501,35607514,-1490,370,1882,666,-2373,171
IMU1,3502,35617764,-1244,471,2224,795,-2402,142
IMU1,3503,35628011,-1000,524,2364,1024,-2420,-3
IMU1,3504,35638151,-996,451,2278,1265,-2335,-184
IMU1,3505,35648495,-1017,340,2036,1396,-2127,-283
IMU1,3506,35659016,-998,239,1824,1347,-1912,-262
IMU1,3507,35669363,-915,232,1783,1143,-1777,-152
IMU1,3508,35679704,-848,170,1774,852,-1719,5
IMU1,3509,35689351,-900,165,1799,518,-1705,190
IMU1,3510,35699389,-821,246,1908,197,-1777,361
IMU1,3511,35709423,-704,451,2084,-69,-1874,462
IMU1,3512,35720939,-461,585,2339,-289,-1806,414
IMU1,3513,35731080,-364,548,2241,-327,-1760,320
IMU1,3514,35741215,-390,437,2040,-405,-1719,253
IMU1,3515,35751350,-316,306,1854,-569,-1647,263
IMU1,3516,35761499,-250,195,1687,-808,-1575,332
IMU1,3517,35771632,-356,80,1552,-1094,-1507,440
IMU1,3518,35781783,-354,54,1573,-1394,-1507,567
IMU1,3519,35791933,-302,53,1676,-1631,-1552,648
IMU1,3520,35802086,-288,123,1740,-1771,-1575,656
IMU1,3521,35812412,-222,171,1779,-1821,-1567,601
IMU1,3522,35822751,-172,167,1701,-1804,-1505,491
IMU1,3523,35833083,-157,158,1527,-1776,-1374,371
IMU1,3524,35843430,-176,131,1380,-1791,-1211,278
IMU1,3525,35853741,-224,112,1183,-1847,-1050,233
IMU1,3526,35865101,-475,41,1170,-2013,-821,318
IMU1,3527,35875035,-556,30,1267,-2068,-786,421
IMU1,3528,35884980,-500,26,1393,-2048,-801,520
IMU1,3529,35894891,-445,6,1445,-1956,-792,553
IMU1,3530,35904621,-433,-49,1430,-1805,-756,549
IMU1,3531,35914647,-418,-128,1358,-1647,-709,546
IMU1,3532,35924867,-402,-219,1260,-1508,-634,554
IMU1,3533,35935095,-361,-289,1157,-1415,-550,578
IMU1,3534,35945335,-362,-369,1092,-1366,-464,608
IMU1,3535,35955557,-362,-418,1039,-1354,-379,638
IMU1,3536,35965791,-373,-428,1096,-1357,-313,657
IMU1,3537,35976023,-336,-448,1248,-1327,-262,656
IMU1,3538,35986234,-313,-502,1335,-1247,-192,639
IMU1,3539,35996476,-340,-565,1326,-1151,-99,618
IMU1,3540,36006513,-347,-613,1368,-1082,-39,600
IMU1,3541,36016529,-200,-620,1399,-1041,2,565
IMU1,3542,36026259,-153,-664,1350,-1034,38,490
IMU1,3543,36036186,-111,-729,1260,-1077,62,422
IMU1,3544,36046117,-74,-808,1171,-1172,102,368
IMU1,3545,36057584,-124,-1022,1222,-1425,275,332
IMU1,3546,36067908,-194,-1163,1350,-1514,379,332
IMU1,3547,36078231,-265,-1259,1473,-1537,444,341
IMU1,3548,36088558,-276,-1309,1643,-1498,449,338
IMU1,3549,36098869,-280,-1358,1808,-1378,420,303
IMU1,3550,36109181,-311,-1406,1920,-1187,385,255
IMU1,3551,36119503,-319,-1435,1969,-944,359,219
IMU1,3552,36129646,-299,-1472,1937,-680,332,202
IMU1,3553,36139754,-293,-1486,1874,-442,300,207
IMU1,3554,36149885,-285,-1496,1767,-247,254,240
IMU1,3555,36162553,-262,-1479,1497,-45,180,387
IMU1,3556,36172996,-249,-1437,1515,-28,170,464
IMU1,3557,36182911,-230,-1394,1605,5,149,485
IMU1,3558,36192538,-186,-1297,1557,67,108,437
IMU1,3559,36202364,-176,-1236,1626,129,104,321
IMU1,3560,36212381,-62,-1081,1618,196,214,155
IMU1,3561,36222203,-132,-1053,1608,246,419,-55
IMU1,3562,36232120,-231,-1050,1572,252,630,-233
IMU1,3563,36242251,-293,-1056,1634,224,784,-341
IMU1,3564,36252373,-394,-1061,1670,190,869,-400
IMU1,3565,36262490,-409,-1063,1632,150,851,-418
IMU1,3566,36272598,-378,-1056,1575,86,740,-423
IMU1,3567,36282533,-344,-1083,1448,-12,650,-423
IMU1,3568,36292549,-312,-1114,1374,-150,665,-429
IMU1,3569,36302775,-216,-1122,1390,-300,755,-462
IMU1,3570,36313005,-197,-1143,1433,-425,877,-545
IMU1,3571,36323241,-282,-1202,1527,-500,989,-656
IMU1,3572,36333461,-352,-1239,1666,-513,1055,-754
IMU1,3573,36343894,-339,-1278,1747,-458,1075,-837
IMU1,3574,36354338,-360,-1416,1787,-365,1066,-918
IMU1,3575,36365283,-333,-1478,1795,-147,997,-1026
IMU1,3576,36375704,-308,-1523,1755,-48,981,-1060
IMU1,3577,36385932,-214,-1581,1714,34,978,-1092
IMU1,3578,36396064,-169,-1579,1631,93,997,-1146
IMU1,3579,36406197,-110,-1594,1657,123,1030,-1230
IMU1,3580,36416731,-121,-1578,1801,172,1078,-1340
IMU1,3581,36427252,-138,-1568,1919,289,1156,-1445
IMU1,3582,36437792,-168,-1517,1937,462,1254,-1532
IMU1,3583,36448332,-198,-1413,1980,647,1350,-1603
IMU1,3584,36458854,-237,-1294,2024,823,1473,-1657
IMU1,3585,36469377,-270,-1196,2015,979,1587,-1688
IMU1,3586,36480437,-274,-975,2052,1143,1577,-1710
IMU1,3587,36490960,-333,-931,2089,1149,1453,-1681
IMU1,3588,36501481,-374,-861,2014,1110,1299,-1605
IMU1,3589,36512003,-379,-769,1984,1013,1132,-1477
IMU1,3590,36522526,-398,-663,2009,882,1001,-1339
IMU1,3591,36532852,-394,-544,1963,742,922,-1214
IMU1,3592,36542995,-487,-476,1993,585,858,-1107
IMU1,3593,36553143,-650,-432,2172,446,815,-997
IMU1,3594,36563083,-790,-418,2316,384,768,-870
IMU1,3595,36573035,-880,-418,2347,387,654,-730
IMU1,3596,36582978,-916,-464,2359,410,460,-569
IMU1,3597,36592922,-856,-479,2313,438,284,-394
IMU1,3598,36602870,-751,-533,2183,428,163,-239
IMU1,3599,36612822,-656,-613,2083,356,66,-105
IMU1,3600,36622552,-569,-677,1999,237,-12,-8
IMU1,3601,36631984,-510,-748,1904,90,-90,50
IMU1,3602,36641338,-470,-846,1875,-65,-168,60
IMU1,3603,36650957,-422,-935,1884,-193,-215,29
IMU1,3604,36660787,-314,-996,1880,-279,-229,-52
IMU1,3605,36670713,-256,-1037,1873,-329,-222,-166
IMU1,3606,36681039,-242,-1061,1886,-360,-170,-283
IMU1,3607,36692391,-249,-1057,1883,-387,-107,-421
IMU1,3608,36702714,-273,-1070,1847,-405,-165,-413
IMU1,3609,36713029,-284,-1091,1811,-431,-221,-365
IMU1,3610,36723341,-238,-1085,1813,-454,-259,-316
IMU1,3611,36733658,-238,-1092,1786,-463,-300,-285
IMU1,3612,36743984,-242,-1091,1743,-463,-324,-263
IMU1,3613,36754301,-258,-1098,1719,-466,-310,-252
IMU1,3614,36764630,-308,-1135,1716,-461,-266,-255
IMU1,3615,36774955,-357,-1155,1716,-453,-227,-272
IMU1,3616,36785284,-390,-1171,1746,-441,-205,-303
IMU1,3617,36795606,-476,-1187,1789,-421,-211,-328
IMU1,3618,36805929,-466,-1194,1869,-373,-231,-344
IMU1,3619,36817288,-553,-1154,1855,-226,-276,-332
IMU1,3620,36827606,-636,-1113,1806,-145,-291,-281
IMU1,3621,36837929,-688,-1068,1775,-78,-300,-205
IMU1,3622,36848052,-697,-1013,1767,-16,-301,-133
IMU1,3623,36858163,-750,-961,1767,45,-295,-75
IMU1,3624,36867795,-829,-906,1763,104,-291,-14
IMU1,3625,36877595,-878,-835,1741,159,-290,62
IMU1,3626,36887317,-858,-769,1713,193,-304,137
IMU1,3627,36897236,-896,-748,1670,210,-332,210
IMU1,3628,36907152,-903,-780,1624,201,-349,304
IMU1,3629,36917076,-807,-814,1616,173,-358,398
IMU1,3630,36926988,-760,-848,1595,138,-363,461
IMU1,3631,36936918,-707,-899,1535,92,-384,499
IMU1,3632,36946650,-652,-942,1507,40,-401,517
IMU1,3633,36956373,-613,-999,1480,-19,-397,525
IMU1,3634,36966202,-565,-1054,1455,-71,-386,524
IMU1,3635,36976231,-527,-1133,1479,-126,-386,517
IMU1,3636,36986454,-515,-1225,1500,-158,-401,501
IMU1,3637,36996682,-471,-1298,1477,-169,-426,483
IMU1,3638,37006891,-397,-1357,1465,-177,-446,454
IMU1,3639,37017113,-346,-1393,1453,-187,-440,406
IMU1,3640,37027341,-325,-1435,1434,-195,-412,342
IMU1,3641,37038608,-265,-1427,1461,-217,-359,215
IMU1,3642,37048824,-259,-1398,1495,-209,-320,149
IMU1,3643,37059031,-266,-1391,1513,-192,-281,95
IMU1,3644,37069059,-274,-1401,1546,-163,-232,48
IMU1,3645,37079065,-235,-1408,1566,-130,-190,26
IMU1,3646,37089081,-180,-1397,1578,-94,-159,5
IMU1,3647,37098709,-178,-1388,1591,-61,-144,-19
IMU1,3648,37108633,-179,-1377,1595,-29,-143,-28
IMU1,3649,37118559,-144,-1342,1586,-1,-152,-32
IMU1,3650,37128298,-145,-1322,1554,24,-144,-42
IMU1,3651,37138110,-100,-1297,1547,35,-112,-62
IMU1,3652,37147924,-103,-1273,1566,33,-65,-103
IMU1,3653,37157751,-97,-1274,1588,29,-17,-157
IMU1,3654,37169948,-85,-1275,1596,22,22,-218
IMU1,3655,37179484,-84,-1279,1603,3,46,-270
IMU1,3656,37188813,-102,-1285,1570,-29,72,-297
IMU1,3657,37198630,-133,-1284,1586,-78,90,-302
IMU1,3658,37208457,-153,-1291,1657,-115,95,-288
IMU1,3659,37218467,-191,-1305,1757,-116,94,-269
IMU1,3660,37228487,-210,-1316,1838,-63,85,-251
IMU1,3661,37238306,-223,-1316,1874,35,60,-239
IMU1,3662,37248044,-206,-1336,1885,139,32,-237
IMU1,3663,37257954,-220,-1368,1851,237,17,-237
IMU1,3664,37268924,-223,-1413,1833,377,3,-212
IMU1,3665,37278660,-215,-1433,1837,414,-11,-194
IMU1,3666,37288688,-251,-1490,1839,438,-30,-183
IMU1,3667,37298706,-283,-1504,1861,469,-40,-196
IMU1,3668,37308735,-302,-1527,1863,504,-53,-225
IMU1,3669,37318775,-334,-1534,1844,534,-74,-262
IMU1,3670,37328806,-342,-1544,1827,551,-88,-306
IMU1,3671,37338834,-339,-1531,1762,543,-77,-345
IMU1,3672,37348871,-336,-1500,1704,506,-62,-383
IMU1,3673,37358908,-342,-1466,1654,442,-50,-414
IMU1,3674,37368930,-324,-1426,1573,355,-42,-432
IMU1,3675,37378964,-268,-1379,1490,252,-30,-444
IMU1,3676,37388976,-244,-1349,1384,130,-1,-441
IMU1,3677,37398785,-240,-1319,1280,-13,53,-419
IMU1,3678,37408599,-237,-1292,1242,-159,105,-398
IMU1,3679,37418819,-248,-1260,1225,-282,146,-393
IMU1,3680,37429049,-231,-1231,1205,-377,189,-422
IMU1,3681,37439270,-236,-1218,1174,-445,268,-492
IMU1,3682,37449502,-269,-1173,1232,-484,394,-593
IMU1,3683,37459734,-289,-1136,1316,-476,561,-707
IMU1,3684,37471001,-337,-1053,1338,-398,858,-861
IMU1,3685,37481233,-305,-960,1300,-396,915,-854
IMU1,3686,37491256,-255,-866,1229,-432,953,-789
IMU1,3687,37501284,-224,-796,1141,-528,989,-663
IMU1,3688,37511317,-158,-747,1036,-670,1024,-482
IMU1,3689,37521549,-131,-696,948,-857,1065,-266
IMU1,3690,37531575,-314,-689,848,-1070,1105,-32
IMU1,3691,37541607,-512,-685,936,-1273,1071,206
IMU1,3692,37551744,-449,-641,1174,-1386,952,388
IMU1,3693,37561890,-303,-582,1326,-1341,859,427
IMU1,3694,37572023,-324,-544,1256,-1183,864,346
IMU1,3695,37582159,-335,-571,1107,-1021,984,228
IMU1,3696,37592296,-368,-615,953,-911,1195,136
IMU1,3697,37602255,-394,-684,880,-875,1452,111
IMU1,3698,37612180,-416,-749,844,-895,1703,159
IMU1,3699,37622109,-405,-811,815,-961,1892,273
IMU1,3700,37632037,-462,-868,711,-1073,2034,438
IMU1,3701,37642165,-571,-897,591,-1244,2117,666
IMU1,3702,37652313,-704,-882,633,-1459,2126,941
IMU1,3703,37663510,-953,-854,706,-1793,1930,1510
IMU1,3704,37673871,-984,-831,687,-1852,1812,1765
IMU1,3705,37684212,-803,-749,707,-1832,1742,1906
IMU1,3706,37694540,-690,-681,676,-1748,1767,1923
IMU1,3707,37704866,-643,-651,587,-1638,1916,1862
IMU1,3708,37715196,-740,-692,495,-1534,2181,1781
IMU1,3709,37725547,-932,-713,436,-1453,2491,1745
IMU1,3710,37735892,-1088,-707,471,-1398,2732,1793
IMU1,3711,37746436,-1322,-720,652,-1331,2850,1921
IMU1,3712,37756970,-1635,-698,829,-1203,2839,2147
IMU1,3713,37767514,-1956,-714,938,-1006,2686,2485
IMU1,3714,37779097,-2327,-943,1001,-509,1961,3332
IMU1,3715,37789644,-2128,-977,1011,-217,1573,3720
IMU1,3716,37800183,-1917,-910,881,132,1270,3928
IMU1,3717,37810435,-1753,-814,755,469,1097,3949
IMU1,3718,37820691,-1791,-700,590,765,1077,3854
IMU1,3719,37830953,-1996,-603,508,993,1233,3740
IMU1,3720,37841220,-2111,-568,523,1148,1452,3684
IMU1,3721,37851667,-2190,-454,579,1260,1575,3682
IMU1,3722,37862126,-2397,-284,598,1345,1569,3712
IMU1,3723,37872594,-2478,-178,552,1413,1451,3775
IMU1,3724,37883057,-2590,-98,532,1458,1289,3861
IMU1,3725,37894339,-2618,53,641,1537,1188,4051
IMU1,3726,37904487,-2572,219,678,1619,1140,4067
IMU1,3727,37914817,-2559,296,752,1741,998,4025
IMU1,3728,37924980,-2647,369,675,1884,811,3942
IMU1,3729,37935124,-2689,421,627,2015,640,3834
IMU1,3730,37945281,-2716,438,603,2117,532,3706
IMU1,3731,37955444,-2741,461,564,2198,460,3537
IMU1,3732,37965599,-2728,475,544,2243,387,3317
IMU1,3733,37975758,-2462,569,456,2266,282,3012
IMU1,3734,37985925,-2405,585,460,2273,146,2593
IMU1,3735,37996076,-2405,699,477,2289,44,2144
IMU1,3736,38006035,-2342,698,505,2305,-76,1705
IMU1,3737,38016094,-2478,680,462,2312,-151,1304
IMU1,3738,38026323,-2519,691,383,2294,-120,991
IMU1,3739,38036367,-2512,791,325,2235,-70,722
IMU1,3740,38046230,-2665,800,327,2159,-60,456
IMU1,3741,38056075,-2789,574,642,2073,-120,284
IMU1,3742,38067153,-3142,381,803,2084,-290,145
IMU1,3743,38077215,-3097,365,824,2169,-360,157
IMU1,3744,38087270,-2958,379,815,2267,-405,140
IMU1,3745,38097316,-2819,486,816,2316,-408,70
IMU1,3746,38107151,-2752,547,782,2316,-389,-61
IMU1,3747,38117109,-2824,591,706,2257,-386,-214
IMU1,3748,38127262,-2788,625,628,2112,-408,-340
IMU1,3749,38137414,-2670,699,546,1877,-461,-465
IMU1,3750,38147569,-2538,790,575,1572,-533,-604
IMU1,3751,38157729,-2604,768,623,1246,-603,-733
IMU1,3752,38170336,-2753,682,606,927,-682,-784
IMU1,3753,38180286,-2744,702,595,627,-785,-759
IMU1,3754,38190241,-2630,720,547,351,-867,-721
IMU1,3755,38200187,-2567,650,485,106,-872,-710
IMU1,3756,38210120,-2618,566,396,-103,-840,-728
IMU1,3757,38221194,-2475,433,366,-384,-889,-820
IMU1,3758,38231231,-2264,430,426,-454,-886,-919
IMU1,3759,38241276,-2177,400,361,-485,-829,-1034
IMU1,3760,38251514,-2109,358,291,-491,-712,-1176
IMU1,3761,38261769,-2103,353,343,-467,-561,-1313
IMU1,3762,38271997,-2195,331,344,-416,-376,-1418
IMU1,3763,38282259,-2336,324,409,-331,-204,-1461
IMU1,3764,38292481,-2417,288,386,-223,-106,-1446
IMU1,3765,38302705,-2465,294,303,-127,-152,-1395
IMU1,3766,38312955,-2427,266,246,-67,-294,-1308
IMU1,3767,38322996,-2347,260,185,-46,-444,-1193
IMU1,3768,38333045,-2258,207,113,-56,-534,-1057
IMU1,3769,38343088,-2206,147,4,-101,-534,-913
IMU1,3770,38352730,-2155,173,-55,-173,-447,-782
IMU1,3771,38362664,-2133,160,4,-250,-336,-688
IMU1,3772,38372298,-2076,115,45,-313,-257,-658
IMU1,3773,38382144,-2048,99,37,-346,-245,-696
IMU1,3774,38391783,-2064,71,51,-362,-263,-777
IMU1,3775,38401440,-2159,39,95,-354,-311,-848
IMU1,3776,38411055,-2150,65,182,-309,-339,-885
IMU1,3777,38420876,-2079,62,225,-223,-334,-899
IMU1,3778,38430688,-2058,51,184,-121,-319,-907
IMU1,3779,38440517,-2060,25,105,-36,-299,-877
IMU1,3780,38450139,-1977,72,110,13,-278,-816
IMU1,3781,38459673,-1820,284,336,75,-247,-792
IMU1,3782,38469413,-1741,348,518,203,-229,-787
IMU1,3783,38479347,-1793,357,305,341,-256,-759
IMU1,3784,38490335,-2057,210,168,421,-373,-519
IMU1,3785,38500266,-1963,244,62,351,-379,-342
IMU1,3786,38510000,-1795,298,210,252,-391,-248
IMU1,3787,38519927,-1744,230,287,160,-430,-247
IMU1,3788,38529855,-1822,107,167,98,-472,-296
IMU1,3789,38539574,-1838,6,99,19,-492,-323
IMU1,3790,38548704,-1838,-84,98,-63,-435,-341
IMU1,3791,38558227,-1761,-39,191,-116,-304,-366
IMU1,3792,38568153,-1585,82,438,-115,-152,-429
IMU1,3793,38577980,-1621,74,551,-42,-16,-543
IMU1,3794,38587412,-1833,65,487,64,82,-633
IMU1,3795,38596655,-1922,206,589,150,111,-637
IMU1,3796,38606497,-1926,147,620,210,92,-592
IMU1,3797,38616132,-1959,204,578,236,3,-508
IMU1,3798,38625576,-1955,169,533,225,-165,-403
IMU1,3799,38635501,-1912,167,492,172,-304,-281
IMU1,3800,38645449,-1829,221,505,103,-329,-169
IMU1,3801,38655376,-1777,235,522,27,-292,-107
IMU1,3802,38665119,-1817,180,495,-47,-243,-95
IMU1,3803,38674748,-1863,99,492,-131,-203,-108
IMU1,3804,38684567,-1879,18,506,-215,-208,-134
IMU1,3805,38694388,-1881,-37,535,-274,-227,-174
IMU1,3806,38704324,-1898,-71,525,-301,-239,-215
IMU1,3807,38714258,-1917,-136,510,-307,-250,-241
IMU1,3808,38724386,-1933,-189,495,-296,-247,-255
IMU1,3809,38734497,-1988,-226,431,-274,-246,-242
IMU1,3810,38744610,-2041,-261,403,-255,-241,-208
IMU1,3811,38754727,-2034,-305,435,-227,-232,-176
IMU1,3812,38764852,-2039,-305,462,-180,-245,-169
IMU1,3813,38774963,-2032,-373,473,-123,-285,-184
IMU1,3814,38785089,-2055,-405,467,-54,-322,-211
IMU1,3815,38795008,-2072,-427,441,8,-327,-245
IMU1,3816,38804640,-2099,-437,395,55,-325,-272
IMU1,3817,38814467,-2071,-452,364,83,-322,-299
IMU1,3818,38824298,-2031,-479,318,89,-311,-327
IMU1,3819,38834140,-2036,-467,255,69,-288,-357
IMU1,3820,38843975,-2099,-468,262,34,-254,-378
IMU1,3821,38853814,-2177,-491,313,11,-215,-381
IMU1,3822,38863653,-2226,-505,340,11,-212,-368
IMU1,3823,38873491,-2207,-491,398,39,-258,-351
IMU1,3824,38884900,-2167,-607,380,150,-294,-323
IMU1,3825,38894937,-2061,-585,325,190,-269,-303
IMU1,3826,38904979,-1937,-596,321,210,-254,-316
IMU1,3827,38915022,-1887,-568,285,219,-211,-375
IMU1,3828,38925045,-1931,-456,264,216,-131,-444
IMU1,3829,38935059,-1868,-387,364,209,-21,-495
IMU1,3830,38944881,-1892,-314,422,215,84,-540
IMU1,3831,38954617,-1871,-289,478,235,119,-564
IMU1,3832,38964559,-1849,-250,518,254,94,-550
IMU1,3833,38974297,-1827,-205,512,264,60,-499
IMU1,3834,38984038,-1803,-150,503,261,51,-418
IMU1,3835,38993770,-1824,-161,517,241,73,-317
IMU1,3836,39003520,-1794,-163,564,216,87,-205
IMU1,3837,39013250,-1749,-170,543,193,59,-120
IMU1,3838,39022993,-1723,-190,488,161,22,-61
IMU1,3839,39032529,-1655,-224,481,118,28,-28
IMU1,3840,39042062,-1531,-231,512,72,57,-38
IMU1,3841,39051389,-1539,-209,513,53,100,-107
IMU1,3842,39061113,-1683,-259,549,56,169,-191
IMU1,3843,39070838,-1767,-268,624,87,224,-244
IMU1,3844,39080562,-1815,-312,665,149,245,-270
IMU1,3845,39090487,-1807,-350,682,218,227,-273
IMU1,3846,39100415,-1847,-320,690,284,183,-263
IMU1,3847,39110342,-1845,-378,654,340,155,-236
IMU1,3848,39120286,-1811,-391,612,363,149,-193
IMU1,3849,39130213,-1784,-386,579,353,158,-149
IMU1,3850,39140150,-1755,-317,534,321,183,-119
IMU1,3851,39150090,-1773,-243,547,273,225,-105
IMU1,3852,39160020,-1779,-216,601,219,296,-106
IMU1,3853,39172700,-1829,-221,626,138,366,-130
IMU1,3854,39183156,-1781,-171,590,90,332,-136
IMU1,3855,39192898,-1700,-148,537,44,310,-151
IMU1,3856,39202643,-1675,-84,497,-19,303,-162
IMU1,3857,39212254,-1650,-70,442,-81,313,-167
IMU1,3858,39221879,-1662,-80,390,-148,344,-149
IMU1,3859,39231698,-1707,-145,359,-210,416,-106
IMU1,3860,39241728,-1680,-196,340,-277,490,-25
IMU1,3861,39251541,-1696,-234,343,-335,542,10
IMU1,3862,39261270,-1721,-249,347,-384,584,52
IMU1,3863,39271007,-1777,-285,363,-427,600,94
IMU1,3864,39280743,-1835,-303,345,-462,593,138
IMU1,3865,39290682,-1862,-307,328,-487,552,179
IMU1,3866,39300624,-1887,-334,332,-509,485,222
IMU1,3867,39310562,-1897,-376,334,-519,436,268
IMU1,3868,39320510,-1891,-368,343,-516,412,309
IMU1,3869,39330464,-1869,-350,339,-503,391,330
IMU1,3870,39340385,-1862,-331,334,-488,357,338
IMU1,3871,39350308,-1872,-317,341,-464,319,332
IMU1,3872,39360250,-1907,-343,323,-441,290,324
IMU1,3873,39370160,-1968,-346,290,-428,258,323
IMU1,3874,39380077,-1979,-349,277,-430,211,334
IMU1,3875,39389998,-1967,-358,245,-447,154,344
IMU1,3876,39399924,-1977,-338,222,-476,93,344
IMU1,3877,39409654,-1996,-318,225,-513,39,340
IMU1,3878,39419384,-2040,-306,194,-552,18,344
IMU1,3879,39429116,-2083,-322,172,-589,46,362
IMU1,3880,39438835,-2089,-329,173,-623,103,396
IMU1,3881,39448754,-2080,-316,134,-657,158,441
IMU1,3882,39458677,-2105,-321,70,-696,203,481
IMU1,3883,39468393,-2110,-353,59,-740,242,522
IMU1,3884,39478127,-2102,-376,48,-780,285,561
IMU1,3885,39487857,-2096,-378,66,-809,326,595
IMU1,3886,39497585,-2061,-386,115,-813,359,615
IMU1,3887,39507522,-2054,-377,133,-780,397,617
IMU1,3888,39517456,-2047,-341,142,-738,427,609
IMU1,3889,39527387,-2036,-292,134,-694,445,590
IMU1,3890,39537308,-1999,-187,39,-653,467,562
IMU1,3891,39548592,-1880,-145,17,-643,540,484
IMU1,3892,39558321,-1872,-145,-5,-662,521,447
IMU1,3893,39567951,-1921,-107,-18,-677,454,439
IMU1,3894,39577774,-1916,-76,-47,-685,421,474
IMU1,3895,39587397,-1858,-63,-67,-701,451,551
IMU1,3896,39597035,-1866,-10,-94,-720,534,642
IMU1,3897,39606667,-1849,39,-123,-752,669,731
IMU1,3898,39616401,-1835,56,-89,-789,831,820
IMU1,3899,39625929,-1840,106,-83,-829,975,898
IMU1,3900,39635657,-1821,149,-79,-872,1064,953
IMU1,3901,39645603,-1797,191,-105,-921,1093,1003
IMU1,3902,39655935,-1750,233,-141,-969,1100,1044
IMU1,3903,39666272,-1775,260,-176,-1027,1125,1074
IMU1,3904,39676805,-1809,304,-205,-1093,1175,1119
IMU1,3905,39687347,-1865,315,-219,-1153,1257,1191
IMU1,3906,39697891,-1879,335,-238,-1220,1403,1286
IMU1,3907,39708417,-1872,351,-239,-1299,1578,1393
IMU1,3908,39718953,-1833,380,-203,-1372,1705,1487
IMU1,3909,39729487,-1811,422,-102,-1443,1770,1559
IMU1,3910,39740544,-1858,538,-101,-1503,1799,1665
IMU1,3911,39751080,-1890,546,-153,-1521,1761,1727
IMU1,3912,39761618,-1992,545,-213,-1530,1696,1790
IMU1,3913,39772152,-2041,559,-221,-1557,1570,1874
IMU1,3914,39782714,-2065,586,-213,-1569,1363,1958
IMU1,3915,39793250,-2051,666,-233,-1543,1142,2037
IMU1,3916,39803794,-2010,688,-229,-1487,970,2085
IMU1,3917,39814131,-2000,764,-283,-1417,893,2122
IMU1,3918,39824467,-1945,785,-387,-1349,910,2130
IMU1,3919,39834810,-1959,809,-494,-1310,948,2100
IMU1,3920,39845146,-1968,797,-462,-1289,953,2043
IMU1,3921,39855998,-1983,870,-506,-1227,795,1855
IMU1,3922,39866355,-2028,945,-539,-1169,614,1734
IMU1,3923,39876704,-2055,962,-592,-1086,428,1611
IMU1,3924,39887040,-2059,951,-650,-1007,291,1511
IMU1,3925,39897383,-2004,943,-689,-935,182,1419
IMU1,3926,39907526,-1927,959,-706,-863,110,1323
IMU1,3927,39917667,-1848,1005,-746,-778,107,1211
IMU1,3928,39928010,-1829,1033,-755,-695,127,1084
IMU1,3929,39938352,-1825,1046,-734,-599,160,962
IMU1,3930,39948481,-1810,1077,-727,-493,195,843
IMU1,3931,39958612,-1807,1121,-726,-386,204,727
IMU1,3932,39968747,-1817,1152,-741,-277,195,622
IMU1,3933,39978892,-1812,1177,-767,-186,192,529
IMU1,3934,39989023,-1778,1195,-838,-125,196,442
IMU1,3935,39999154,-1729,1186,-897,-82,177,368
IMU1,3936,40010137,-1715,1204,-889,-82,93,256
IMU1,3937,40019857,-1643,1215,-861,-65,72,226
IMU1,3938,40029572,-1604,1241,-836,-44,66,204
IMU1,3939,40039288,-1597,1274,-836,-17,81,191
IMU1,3940,40049012,-1613,1269,-866,9,98,194
IMU1,3941,40058437,-1635,1272,-902,24,93,213
IMU1,3942,40068074,-1624,1268,-862,34,59,246
IMU1,3943,40077695,-1614,1297,-810,62,20,270
IMU1,3944,40087315,-1609,1338,-768,114,-13,292
IMU1,3945,40097238,-1600,1335,-755,189,-19,298
IMU1,3946,40107161,-1608,1320,-780,266,-16,296
IMU1,3947,40117089,-1608,1298,-804,330,-22,292
IMU1,3948,40127006,-1582,1269,-810,371,-29,295
IMU1,3949,40136953,-1557,1259,-804,396,-27,291
IMU1,3950,40146901,-1533,1236,-755,410,-13,282
IMU1,3951,40156831,-1518,1255,-718,443,6,270
IMU1,3952,40166474,-1513,1308,-663,477,14,256
IMU1,3953,40178852,-1512,1342,-658,520,30,237
IMU1,3954,40188697,-1517,1378,-689,552,62,219
IMU1,3955,40198544,-1547,1404,-739,561,102,208
IMU1,3956,40208573,-1553,1377,-783,543,147,210
IMU1,3957,40218613,-1548,1374,-763,505,175,220
IMU1,3958,40228649,-1524,1383,-706,467,167,227
IMU1,3959,40238677,-1506,1356,-678,451,106,225
IMU1,3960,40248721,-1492,1326,-643,451,0,225
IMU1,3961,40260327,-1483,1356,-636,502,-189,236
IMU1,3962,40270460,-1521,1390,-689,527,-205,259
IMU1,3963,40280586,-1534,1384,-744,537,-170,290
IMU1,3964,40290725,-1530,1360,-746,518,-120,319
IMU1,3965,40300865,-1510,1344,-742,483,-90,332
IMU1,3966,40310800,-1506,1320,-727,443,-89,325
IMU1,3967,40320727,-1523,1310,-724,399,-109,300
IMU1,3968,40330846,-1538,1315,-703,348,-157,269
IMU1,3969,40340977,-1539,1287,-685,305,-209,240
IMU1,3970,40351097,-1535,1256,-670,285,-231,212
IMU1,3971,40361234,-1521,1254,-672,275,-221,196
IMU1,3972,40371367,-1517,1255,-662,271,-211,185
IMU1,3973,40381494,-1509,1238,-657,276,-219,177
IMU1,3974,40391631,-1508,1233,-634,279,-236,160
IMU1,3975,40401782,-1524,1265,-597,295,-249,139
IMU1,3976,40411917,-1486,1290,-593,321,-252,113
IMU1,3977,40422052,-1485,1293,-662,339,-245,78
IMU1,3978,40433027,-1446,1312,-695,308,-252,26
IMU1,3979,40442959,-1387,1328,-728,258,-240,4
IMU1,3980,40452693,-1340,1348,-710,210,-202,-39
IMU1,3981,40462719,-1350,1386,-678,159,-159,-69
IMU1,3982,40472758,-1363,1377,-629,130,-111,-91
IMU1,3983,40482790,-1345,1373,-574,125,-75,-91
IMU1,3984,40492617,-1329,1412,-561,142,-52,-79
IMU1,3985,40502450,-1319,1397,-576,161,-18,-68
IMU1,3986,40512271,-1320,1382,-593,164,33,-39
IMU1,3987,40521995,-1368,1414,-586,160,70,-2
IMU1,3988,40531534,-1385,1427,-582,156,54,34
IMU1,3989,40541179,-1361,1403,-573,141,-16,70
IMU1,3990,40550921,-1331,1401,-574,124,-77,96
IMU1,3991,40560651,-1315,1415,-621,108,-98,121
IMU1,3992,40570576,-1319,1417,-650,74,-79,148
IMU1,3993,40580319,-1336,1441,-670,31,-21,178
IMU1,3994,40590053,-1339,1464,-728,-13,58,210
IMU1,3995,40599797,-1336,1468,-798,-76,128,231
IMU1,3996,40609751,-1323,1445,-842,-151,153,246
IMU1,3997,40619884,-1325,1414,-873,-229,158,263
IMU1,3998,40630029,-1347,1376,-864,-290,125,294
IMU1,3999,40640175,-1347,1345,-831,-319,54,339
IMU1,4000,40650098,-1359,1336,-807,-307,-16,391
IMU1,4001,40660118,-1369,1346,-768,-242,-58,443
IMU1,4002,40670130,-1387,1384,-758,-160,-61,479
IMU1,4003,40680156,-1427,1384,-789,-73,-39,497
IMU1,4004,40689979,-1486,1343,-807,-6,-7,493
IMU1,4005,40699397,-1546,1355,-797,29,6,466
IMU1,4006,40708845,-1602,1374,-735,47,-58,424
IMU1,4007,40718560,-1708,1351,-651,72,-165,366
IMU1,4008,40728479,-1865,1375,-586,112,-279,323
IMU1,4009,40738606,-2051,1411,-493,170,-358,306
IMU1,4010,40748732,-2214,1348,-430,250,-344,317
IMU1,4011,40758880,-2517,1297,-86,334,-256,331
IMU1,4012,40769843,-2707,1298,109,521,-49,296
IMU1,4013,40779669,-2914,1300,300,614,44,204
IMU1,4014,40789417,-3122,1351,507,693,94,57
IMU1,4015,40798977,-3344,1415,723,738,51,-138
IMU1,4016,40808824,-3601,1473,961,766,-134,-378
IMU1,4017,40818947,-3839,1545,1197,786,-444,-636
IMU1,4018,40829308,-4038,1676,1390,795,-812,-896
IMU1,4019,40839652,-4156,1803,1650,774,-1152,-1131
IMU1,4020,40850398,-4307,1932,1968,729,-1229,-1338
IMU1,4021,40861142,-4448,2294,2035,646,-1056,-1532
IMU1,4022,40871881,-4505,2598,2170,439,-907,-1773
IMU1,4023,40882425,-4512,2853,2462,118,-806,-2102
IMU1,4024,40892963,-4650,3183,2394,-305,-752,-2521
IMU1,4025,40903627,-5129,3944,2406,-885,-1256,-3370
IMU1,4026,40914471,-5363,4308,2620,-2257,-1432,-3683
IMU1,4027,40925521,-5633,4744,2757,-2903,-1445,-3945
IMU1,4028,40936574,-5964,5255,2664,-3527,-1360,-4261
IMU1,4029,40947622,-6191,5814,2298,-4230,-1308,-4723
IMU1,4030,40958688,-6071,6499,1790,-5062,-1371,-5434
IMU1,4031,40969770,-5791,7254,1411,-6008,-1531,-6501
IMU1,4032,40980785,-6149,8436,960,-7850,-1707,-9322
IMU1,4033,40991611,-6654,8865,1009,-8598,-1857,-10671
IMU1,4034,41002838,-7244,9096,1063,-9127,-2075,-11757
IMU1,4035,41014075,-7706,9085,971,-9454,-2253,-12439
IMU1,4036,41025117,-7927,8858,983,-9616,-2331,-12656
IMU1,4037,41036159,-7833,8472,1049,-9616,-2266,-12427
IMU1,4038,41047406,-6578,7650,930,-9453,-2181,-11885
IMU1,4039,41058448,-5537,7375,897,-8904,-2505,-10578
IMU1,4040,41069484,-4670,7042,830,-8614,-2912,-10088
IMU1,4041,41080515,-3997,6728,671,-8294,-3207,-9681
IMU1,4042,41091341,-3063,6395,506,-7967,-3317,-9308
IMU1,4043,41102192,-2324,5867,291,-7623,-3314,-9069
IMU1,4044,41113037,-2195,5391,233,-7286,-3258,-8897
IMU1,4045,41123884,-2090,4866,101,-6933,-3215,-8555
IMU1,4046,41135215,-1999,4093,-286,-6141,-3013,-7212
IMU1,4047,41146146,-1984,3854,-624,-5684,-2735,-6240
IMU1,4048,41157071,-1848,3612,-881,-5234,-2492,-5141
IMU1,4049,41167994,-1710,3407,-1067,-4791,-2328,-4054
IMU1,4050,41181683,-1430,3281,-1663,-4373,-2175,-3093
IMU1,4051,41192806,-43,3414,-1348,-3707,-2070,-2010
IMU1,4052,41203523,-855,2693,-1353,-3231,-2121,-2176
IMU1,4053,41214436,-1366,2199,-801,-2554,-2286,-2005
IMU1,4054,41225357,-1474,1988,-2322,-1972,-2707,-1733
IMU1,4055,41236481,-1316,1972,-2387,-1523,-2843,-1386
IMU1,4056,41247591,-1017,2224,-1762,-1096,-2349,-1012
IMU1,4057,41258714,-999,1866,-3414,-592,-1803,-725
IMU1,4058,41269764,-412,1763,-3246,-749,-1129,-579
IMU1,4059,41280267,-348,1449,-3233,-1055,-446,-593
IMU1,4060,41290763,-636,1183,-2988,-1300,-11,-629
IMU1,4061,41301079,-800,933,-2535,-1394,89,-573
IMU1,4062,41311103,-858,784,-2082,-1222,14,-443
# swing_peak_seq=4036
IMU1,4063,41321124,-839,730,-1841,-781,-140,-276
IMU1,4064,41331235,-891,640,-1631,-178,-391,-60
IMU1,4065,41341132,-463,461,-1840,516,-754,133
IMU1,4066,41351065,-562,528,-2053,1153,-1032,144
IMU1,4067,41361391,-609,371,-2338,1647,-1139,152
IMU1,4068,41371721,-544,239,-2681,1936,-1156,170
IMU1,4069,41382037,-738,223,-2625,2053,-1056,164
IMU1,4070,41392355,-757,62,-2674,2085,-894,149
IMU1,4071,41402280,-832,-5,-2664,2063,-834,120
IMU1,4072,41412095,-829,-97,-2567,2015,-823,95
IMU1,4073,41421901,-852,-170,-2517,1978,-763,83
IMU1,4074,41431929,-1012,-395,-2291,1941,-639,104
IMU1,4075,41442883,-1295,-562,-2195,1929,-434,404
IMU1,4076,41453295,-1257,-615,-2093,1974,-431,590
IMU1,4077,41463724,-1206,-606,-1936,2041,-433,722
IMU1,4078,41474148,-1245,-660,-1793,2142,-384,769
IMU1,4079,41484567,-1271,-699,-1676,2261,-371,770
IMU1,4080,41494996,-1276,-715,-1596,2392,-420,734
IMU1,4081,41505442,-1360,-732,-1584,2516,-459,677
IMU1,4082,41515867,-1266,-677,-1678,2606,-467,616
IMU1,4083,41526294,-1370,-660,-1551,2649,-432,545
IMU1,4084,41536719,-1423,-651,-1460,2700,-329,540
IMU1,4085,41547134,-1451,-577,-1615,2743,-232,570
IMU1,4086,41558603,-1326,-497,-1478,2661,-172,692
IMU1,4087,41569020,-1272,-414,-1358,2604,-105,736
IMU1,4088,41579447,-1144,-393,-1245,2559,-25,735
IMU1,4089,41589685,-1196,-387,-1057,2547,1,670
IMU1,4090,41599629,-1087,-431,-1036,2553,-53,572
IMU1,4091,41609881,-1054,-455,-781,2601,-135,451
IMU1,4092,41620093,-1143,-538,-764,2708,-180,326
IMU1,4093,41630302,-1097,-599,-665,2825,-256,251
IMU1,4094,41640523,-946,-566,-576,2964,-334,197
IMU1,4095,41650537,-966,-583,-749,3105,-354,120
IMU1,4096,41660568,-1057,-652,-755,3186,-322,73
IMU1,4097,41670596,-1011,-665,-712,3227,-234,87
IMU1,4098,41680610,-930,-631,-641,3257,-73,121
IMU1,4099,41690427,-778,-570,-628,3288,172,132
IMU1,4100,41700348,-753,-631,-625,3282,507,104
IMU1,4101,41710281,-833,-721,-599,3250,885,78
IMU1,4102,41720013,-911,-749,-562,3196,1247,89
IMU1,4103,41729955,-919,-720,-281,3133,1580,132
IMU1,4104,41741130,-1119,-731,-115,3088,2184,247
IMU1,4105,41751462,-1235,-759,38,3136,2395,366
IMU1,4106,41761523,-1345,-781,148,3216,2544,534
IMU1,4107,41771760,-1452,-803,271,3312,2674,746
IMU1,4108,41781999,-1612,-854,372,3419,2823,980
IMU1,4109,41792224,-1791,-1022,461,3523,2970,1233
IMU1,4110,41802848,-1818,-1135,491,3620,3066,1478
IMU1,4111,41813486,-1713,-1121,589,3706,3106,1647
IMU1,4112,41824129,-1578,-1082,655,3793,3143,1704
IMU1,4113,41834773,-1535,-1056,673,3876,3224,1652
IMU1,4114,41845411,-1557,-1014,557,3937,3356,1541
IMU1,4115,41856590,-1945,-1035,647,3949,3700,1408
IMU1,4116,41867226,-2100,-1072,834,3931,3880,1485
IMU1,4117,41877864,-2086,-1077,789,3943,4033,1636
IMU1,4118,41888507,-1913,-934,679,3926,4097,1795
IMU1,4119,41898952,-1633,-784,474,3853,4062,1887
IMU1,4120,41909401,-1544,-751,148,3702,4044,1865
IMU1,4121,41919852,-1781,-659,312,3449,4180,1796
IMU1,4122,41930311,-2076,-698,487,3176,4504,1805
IMU1,4123,41940763,-2227,-664,827,2908,4888,1878
IMU1,4124,41951210,-2667,-692,1250,2692,5160,1984
IMU1,4125,41962360,-3008,-684,1215,2403,4443,2372
IMU1,4126,41972998,-2746,-603,916,2286,3489,2579
IMU1,4127,41983434,-2329,-470,508,2117,2649,2730
IMU1,4128,41993881,-2019,-474,321,1868,2373,2810
IMU1,4129,42004304,-1833,-502,276,1543,2776,2847
IMU1,4130,42014734,-1840,-428,63,1148,3698,2873
IMU1,4131,42024955,-1915,-328,-90,683,4668,2884
IMU1,4132,42035082,-2118,-305,-15,201,5221,2847
IMU1,4133,42045210,-2396,-196,169,-200,5333,2737
IMU1,4134,42055534,-2381,0,151,-477,5166,2569
IMU1,4135,42065269,-2263,222,-101,-646,4858,2370
IMU1,4136,42075595,-2309,298,-103,-735,4459,2193
IMU1,4137,42085939,-2353,408,-273,-748,4024,2106
IMU1,4138,42096791,-2432,395,-375,-729,3482,2260
IMU1,4139,42107119,-2460,434,-422,-740,3333,2466
IMU1,4140,42117450,-2387,495,-426,-740,3095,2699
IMU1,4141,42127778,-2330,692,-237,-709,2703,2918
IMU1,4142,42138112,-2379,837,-232,-601,2184,3093
IMU1,4143,42148449,-2602,895,-289,-446,1546,3280
IMU1,4144,42158762,-2899,911,-384,-278,860,3523
IMU1,4145,42168891,-2761,950,-287,-65,216,3855
IMU1,4146,42178816,-2419,779,-815,99,-308,4068
IMU1,4147,42191298,-2523,1009,-944,175,-610,4154
IMU1,4148,42201634,-2430,1394,-993,167,-538,4196
IMU1,4149,42212472,-2449,1259,-895,75,-298,4109
IMU1,4150,42222609,-2476,1204,-858,97,-431,3977
IMU1,4151,42232748,-2384,1192,-1006,132,-683,3820
IMU1,4152,42243294,-2485,1238,-981,140,-889,3648
IMU1,4153,42253606,-2538,1174,-985,131,-873,3510
IMU1,4154,42263938,-2587,1069,-910,98,-684,3401
IMU1,4155,42274067,-2579,986,-844,45,-455,3303
IMU1,4156,42283977,-2528,904,-840,-16,-280,3175
IMU1,4157,42294008,-2478,862,-851,-99,-214,3010
IMU1,4158,42304028,-2406,866,-865,-194,-257,2807
IMU1,4159,42314225,-2346,860,-919,-276,-367,2571
IMU1,4160,42324454,-2237,841,-966,-354,-510,2324
IMU1,4161,42334674,-2145,862,-1001,-415,-670,2069
IMU1,4162,42345093,-2104,858,-1069,-424,-794,1831
IMU1,4163,42355512,-2064,894,-1296,-417,-838,1489
IMU1,4164,42366442,-2015,947,-1361,-410,-687,1372
IMU1,4165,42376853,-1980,970,-1397,-423,-537,1273
IMU1,4166,42387274,-1955,1025,-1451,-441,-336,1162
IMU1,4167,42397886,-1922,1035,-1454,-493,-103,1047
IMU1,4168,42408490,-1884,1005,-1408,-570,124,912
IMU1,4169,42418798,-1904,1011,-1342,-654,291,757
IMU1,4170,42429128,-1869,985,-1300,-725,379,588
IMU1,4171,42439252,-1791,970,-1273,-786,382,415
IMU1,4172,42449379,-1776,1068,-1268,-830,329,243
IMU1,4173,42459689,-1787,1138,-1287,-853,280,83
IMU1,4174,42469797,-1813,1171,-1267,-863,256,-44
IMU1,4175,42480022,-1817,1197,-1208,-867,258,-126
IMU1,4176,42491469,-1857,1181,-1131,-810,323,-196
IMU1,4177,42501890,-1885,1167,-1085,-751,356,-213
IMU1,4178,42512307,-1871,1145,-1008,-694,339,-230
IMU1,4179,42522725,-1909,1110,-931,-636,291,-273
IMU1,4180,42532957,-1913,1070,-902,-583,213,-344
IMU1,4181,42543187,-1855,986,-857,-543,92,-453
IMU1,4182,42553020,-2053,981,-898,-528,-110,-588
IMU1,4183,42563140,-1965,1017,-849,-548,-328,-757
IMU1,4184,42573452,-1730,916,-833,-597,-535,-1026
IMU1,4185,42583771,-1631,627,-833,-676,-700,-1407
IMU1,4186,42594093,-1623,673,-747,-767,-746,-1814
IMU1,4187,42604412,-2043,549,-1028,-851,-687,-2187
IMU1,4188,42614911,-2083,1083,-596,-992,-523,-2463
IMU1,4189,42625941,-1122,1674,-673,-1145,-53,-2942
IMU1,4190,42636438,-1512,1709,-803,-1132,53,-3310
IMU1,4191,42646859,-1688,1716,-797,-1145,90,-3558
IMU1,4192,42657278,-1331,1642,-774,-1156,-9,-3690
IMU1,4193,42667593,-1305,1327,-657,-1155,-334,-3752
IMU1,4194,42678306,-848,1130,-601,-1129,-815,-3667
IMU1,4195,42688828,-1008,1090,-705,-1085,-1444,-3511
IMU1,4196,42699732,-1358,1047,-666,-1031,-2042,-3241
IMU1,4197,42710643,-1170,949,-565,-944,-2446,-2859
IMU1,4198,42721173,-1874,1337,-268,-818,-2782,-2081
IMU1,4199,42731887,-1520,1430,-128,-470,-2683,-1621
IMU1,4200,42742594,-1289,1547,-113,-270,-2434,-1218
IMU1,4201,42753303,-1847,1797,-600,-108,-2071,-834
IMU1,4202,42763808,-2550,1705,-474,-64,-1564,-289
IMU1,4203,42774125,-3055,1094,-229,-11,-906,475
IMU1,4204,42784147,-2487,586,2,94,-168,1365
IMU1,4205,42793560,-2416,637,74,218,527,2155
IMU1,4206,42803310,-2248,681,124,301,889,2793
IMU1,4207,42813226,-2207,632,-156,292,571,3204
IMU1,4208,42823260,-1815,631,-156,209,192,3406
IMU1,4209,42833290,-1488,536,-273,104,-220,3382
IMU1,4210,42843408,-1265,635,-384,-50,-553,3138
IMU1,4211,42853453,-941,666,-283,-237,-662,2695
IMU1,4212,42863477,-850,896,-343,-381,-575,2053
IMU1,4213,42873506,-1316,1072,8,-485,-416,1294
IMU1,4214,42883437,-1361,1149,59,-513,-200,572
IMU1,4215,42893356,-1339,1238,22,-516,42,-192
IMU1,4216,42903078,-1406,1150,-38,-537,205,-945
IMU1,4217,42914666,-1671,910,-232,-586,10,-2060
IMU1,4218,42924690,-1730,1065,-258,-589,-130,-2323
IMU1,4219,42935216,-1978,1375,-302,-563,-81,-2425
IMU1,4220,42945529,-1996,1557,-414,-517,145,-2377
IMU1,4221,42955962,-1876,1508,-414,-471,440,-2208
IMU1,4222,42966401,-1861,1452,-425,-416,762,-1977
IMU1,4223,42976816,-1659,1420,-414,-355,1086,-1718
IMU1,4224,42987430,-1598,1304,-593,-295,1383,-1488
IMU1,4225,42998069,-1947,1292,-798,-293,1499,-1243
IMU1,4226,43008700,-1871,1264,-660,-345,1402,-934
IMU1,4227,43019105,-1715,923,-213,-370,1089,-377
IMU1,4228,43029844,-1946,740,-189,-257,176,-97
IMU1,4229,43039648,-2021,695,-183,-170,-256,226
IMU1,4230,43049660,-2013,667,-273,-68,-606,560
IMU1,4231,43059468,-1943,710,-245,30,-815,862
IMU1,4232,43069182,-1796,795,-196,144,-849,1079
IMU1,4233,43079317,-1664,822,-275,272,-821,1192
IMU1,4234,43089450,-1620,884,-310,379,-788,1200
IMU1,4235,43099581,-1596,966,-343,455,-764,1114
IMU1,4236,43109722,-1626,1006,-348,504,-761,957
IMU1,4237,43119859,-1679,1032,-331,533,-776,778
IMU1,4238,43130006,-1680,1003,-350,537,-777,582
IMU1,4239,43140137,-1708,935,-267,533,-770,370
IMU1,4240,43150074,-1722,865,-244,527,-721,178
IMU1,4241,43160002,-1746,796,-246,513,-585,17
IMU1,4242,43169732,-1768,839,-207,497,-382,-109
IMU1,4243,43179745,-1779,886,-247,487,-156,-209
IMU1,4244,43192314,-1947,1023,-279,465,23,-297
IMU1,4245,43202775,-1958,990,-192,413,201,-260
IMU1,4246,43212688,-1929,960,-129,414,193,-198
IMU1,4247,43222609,-1886,953,-92,435,96,-134
IMU1,4248,43232135,-1868,947,-93,455,-64,-61
IMU1,4249,43241555,-1878,949,-98,466,-224,19
IMU1,4250,43251088,-1909,964,-132,471,-324,108
IMU1,4251,43261023,-1877,963,-200,471,-336,202
IMU1,4252,43270942,-1832,941,-218,454,-277,301
IMU1,4253,43280868,-1821,938,-263,434,-157,397
IMU1,4254,43290785,-1814,953,-284,408,5,499
IMU1,4255,43300214,-1781,941,-304,381,182,600
IMU1,4256,43310042,-1789,880,-246,355,338,695
IMU1,4257,43319872,-1830,898,-171,336,439,782
IMU1,4258,43329709,-1888,999,-171,329,433,862
IMU1,4259,43339531,-1814,1052,-147,334,337,924
IMU1,4260,43349557,-1777,1088,-122,343,182,935
IMU1,4261,43359588,-1778,1147,-81,369,21,909
IMU1,4262,43369227,-1745,1115,-112,405,-111,884
IMU1,4263,43379346,-1772,1044,-141,439,-235,871
IMU1,4264,43389466,-1746,1077,-161,459,-317,877
IMU1,4265,43399597,-1702,1147,-227,477,-339,886
IMU1,4266,43409730,-1669,1166,-295,488,-314,894
IMU1,4267,43419861,-1640,1155,-250,494,-268,905
IMU1,4268,43429975,-1654,1163,-248,528,-216,922
IMU1,4269,43440097,-1614,1245,-313,572,-200,944
IMU1,4270,43450214,-1606,1350,-367,607,-192,954
IMU1,4271,43460343,-1654,1330,-281,637,-149,960
IMU1,4272,43470465,-1562,1363,-305,683,-107,962
IMU1,4273,43481625,-1712,1305,-195,790,-148,962
IMU1,4274,43491742,-1771,1310,-204,846,-185,1004
IMU1,4275,43502066,-1763,1349,-258,894,-215,1046
IMU1,4276,43512394,-1775,1349,-303,912,-229,1085
IMU1,4277,43522734,-1771,1331,-307,908,-217,1105
IMU1,4278,43533048,-1777,1328,-288,882,-184,1113
IMU1,4279,43543357,-1764,1313,-336,848,-146,1104
IMU1,4280,43553677,-1703,1289,-270,798,-149,1077
IMU1,4281,43563993,-1746,1335,-354,748,-179,1039
IMU1,4282,43574323,-1796,1327,-352,681,-143,1010
IMU1,4283,43584645,-1878,1274,-341,612,-30,1004
IMU1,4284,43594759,-1935,1284,-314,543,98,1018
IMU1,4285,43604787,-1999,1326,-197,494,187,1019
IMU1,4286,43615004,-2041,1260,10,482,199,994
IMU1,4287,43626299,-2372,1228,65,515,127,947
IMU1,4288,43636034,-2508,1217,73,555,48,954
IMU1,4289,43645578,-2680,1203,144,564,31,972
IMU1,4290,43655311,-2737,1178,488,597,103,999
IMU1,4291,43665252,-2971,1214,359,663,85,988
IMU1,4292,43674986,-3131,1208,448,677,81,948
IMU1,4293,43684727,-3358,1174,600,663,264,885
IMU1,4294,43694662,-3645,1200,676,620,577,804
IMU1,4295,43704603,-3996,1219,788,533,893,698
IMU1,4296,43714554,-4356,1228,1090,407,1144,570
IMU1,4297,43724910,-4571,1330,1425,288,1345,364
IMU1,4298,43735238,-4846,1318,1751,181,1365,19
IMU1,4299,43745372,-5118,1331,2009,93,1134,-453
IMU1,4300,43755611,-5242,1512,2039,-15,709,-1023
IMU1,4301,43765946,-5150,1916,1894,-182,173,-1709
IMU1,4302,43776481,-5067,2250,1716,-445,-414,-2524
IMU1,4303,43787104,-5056,2419,1817,-772,-920,-3355
IMU1,4304,43797755,-5061,3315,1863,-1071,-1094,-4083
IMU1,4305,43808805,-5710,3658,1942,-1518,-366,-5112
IMU1,4306,43819654,-5996,4201,2061,-1718,354,-5428
IMU1,4307,43830414,-6499,4792,2163,-1940,916,-5814
IMU1,4308,43841158,-6591,5383,2222,-2232,1050,-6314
IMU1,4309,43852117,-6530,6155,2218,-2610,679,-7066
IMU1,4310,43862875,-6483,6917,2199,-3071,-65,-8032
IMU1,4311,43873526,-6107,7853,2226,-3575,-847,-9107
IMU1,4312,43884386,-6130,8560,1685,-4061,-1377,-10204
IMU1,4313,43895637,-6020,8658,1420,-4957,-1860,-11611
IMU1,4314,43906903,-5918,8462,1289,-5357,-1770,-11811
IMU1,4315,43918159,-5645,8239,1122,-5676,-1451,-11698
IMU1,4316,43929409,-5262,7731,1065,-5919,-1125,-11343
IMU1,4317,43940673,-4773,7320,983,-6091,-884,-10842
IMU1,4318,43951528,-4345,6913,1319,-6240,-883,-10303
IMU1,4319,43962578,-3705,6043,1443,-6382,-1355,-9153
IMU1,4320,43973643,-3417,5715,1313,-6333,-1451,-8542
IMU1,4321,43984699,-2999,5398,1204,-6296,-1498,-7929
IMU1,4322,43995755,-2498,5084,979,-6295,-1439,-7329
IMU1,4323,44006625,-1881,4809,667,-6351,-1336,-6818
IMU1,4324,44017455,-1365,4545,405,-6477,-1257,-6438
IMU1,4325,44028281,-1063,4329,232,-6637,-1194,-6178
IMU1,4326,44039650,-848,3819,26,-6802,-1092,-5823
IMU1,4327,44050083,-885,3583,-32,-6763,-858,-5578
IMU1,4328,44060406,-1068,3284,-68,-6598,-427,-5226
IMU1,4329,44070917,-1172,3031,35,-6331,27,-4764
IMU1,4330,44081077,-1232,2900,-22,-5935,255,-4285
IMU1,4331,44091508,-1159,2783,-45,-5477,130,-3836
IMU1,4332,44101954,-922,2687,-73,-4958,-231,-3468
IMU1,4333,44112292,-995,2639,-561,-4416,-653,-3204
IMU1,4334,44122816,-869,2706,-738,-3937,-958,-2931
IMU1,4335,44133359,-914,2587,-1251,-3473,-1064,-2690
IMU1,4336,44144302,-414,2810,-1768,-3145,-1022,-2306
IMU1,4337,44155238,-237,2623,-2340,-2532,-729,-2312
IMU1,4338,44165978,-290,2485,-2598,-2306,-542,-2365
IMU1,4339,44176707,-229,2315,-2357,-2047,-283,-2325
IMU1,4340,44187433,-158,2347,-2455,-1728,-6,-2208
# swing_peak_seq=4314
IMU1,4341,44200320,-219,2332,-2765,-1397,162,-2066
IMU1,4342,44210939,-129,2359,-2981,-1133,210,-1890
IMU1,4343,44221584,48,2348,-3053,-730,282,-1543
IMU1,4344,44231735,113,2190,-2975,-503,353,-1380
IMU1,4345,44242080,152,2074,-2886,-242,443,-1198
IMU1,4346,44252390,183,1997,-2818,54,534,-996
IMU1,4347,44262226,194,1965,-2764,345,587,-806
IMU1,4348,44272260,232,1980,-2813,596,495,-630
IMU1,4349,44282304,279,1977,-2823,796,263,-490
IMU1,4350,44292344,277,1935,-2806,964,-34,-370
IMU1,4351,44302267,274,1844,-2765,1118,-314,-249
IMU1,4352,44312602,274,1728,-2688,1273,-546,-107
IMU1,4353,44322942,237,1598,-2633,1449,-723,58
IMU1,4354,44332980,214,1492,-2621,1641,-842,246
IMU1,4355,44343201,145,1379,-2541,1826,-907,449
IMU1,4356,44353438,-33,1290,-2516,2017,-890,668
IMU1,4357,44363571,-64,1138,-2398,2192,-786,900
IMU1,4358,44373725,-173,1067,-2387,2351,-625,1117
IMU1,4359,44384283,-276,948,-2335,2457,-447,1293
IMU1,4360,44395661,-399,1172,-2166,2499,20,1548
IMU1,4361,44405913,-469,898,-2086,2502,376,1645
IMU1,4362,44416148,-630,796,-1883,2511,635,1740
IMU1,4363,44426400,-773,747,-1788,2557,652,1839
IMU1,4364,44436644,-933,701,-1637,2633,466,1914
IMU1,4365,44446893,-1062,483,-1569,2729,218,1981
IMU1,4366,44457320,-1097,388,-1566,2826,7,2025
IMU1,4367,44467362,-1168,355,-1457,2916,-108,2030
IMU1,4368,44477889,-1237,247,-1397,3027,-116,2000
IMU1,4369,44488433,-1209,165,-1321,3158,-73,1935
IMU1,4370,44498760,-1465,57,-1138,3315,-57,1844
IMU1,4371,44508896,-1569,-120,-1080,3506,-72,1759
IMU1,4372,44519332,-1354,-230,-866,3681,-34,1630
IMU1,4373,44530090,-1131,-393,-832,4007,425,1096
IMU1,4374,44540430,-921,-374,-662,4118,785,677
IMU1,4375,44550389,-754,-369,-577,4218,1171,174
IMU1,4376,44560542,-839,-554,-635,4265,1390,-291
IMU1,4377,44570787,-782,-461,-598,4252,1346,-633
IMU1,4378,44581027,-761,-432,-561,4207,1227,-852
IMU1,4379,44591259,-705,-473,-457,4151,1177,-928
IMU1,4380,44601509,-866,-505,-194,4099,1223,-847
IMU1,4381,44611743,-862,-624,-112,4061,1284,-600
IMU1,4382,44621971,-826,-799,-134,4013,1313,-244
IMU1,4383,44632201,-718,-914,-110,3945,1301,158
IMU1,4384,44642348,596,-588,-204,3856,1262,509
IMU1,4385,44652397,425,-141,483,3776,1211,582
IMU1,4386,44662342,40,-406,652,3812,1228,571
IMU1,4387,44672093,-1073,-763,786,3873,1266,629
IMU1,4388,44682331,-1857,-1162,449,3964,1368,912
IMU1,4389,44693813,-1669,-1830,-24,4111,1746,1746
IMU1,4390,44704351,-686,-2096,176,4149,1786,2057
IMU1,4391,44714788,-1326,-2074,132,4232,1744,2145
IMU1,4392,44725445,-1968,-1855,5,4227,1847,2383
IMU1,4393,44735699,-1718,-1747,189,4103,2087,2773
IMU1,4394,44746351,-1762,-1900,821,3948,2351,3145
IMU1,4395,44757019,-1956,-1961,2247,3886,2709,3535
IMU1,4396,44767871,-2654,-1560,1238,3948,3028,3951
IMU1,4397,44778752,-2776,-290,305,3784,3448,4424
IMU1,4398,44789743,-324,-153,921,2974,3179,4780
IMU1,4399,44800026,-1231,-239,1773,2721,2632,4462
IMU1,4400,44810644,-1572,12,1885,2716,2411,4102
IMU1,4401,44820977,-1750,295,1367,2788,2514,3671
IMU1,4402,44831518,-1980,358,966,2744,2711,3180
IMU1,4403,44841873,-2251,326,1025,2581,3032,2713
IMU1,4404,44852412,-2471,261,1315,2409,3533,2337
IMU1,4405,44862947,-2660,185,1338,2299,4017,2101
IMU1,4406,44873480,-2873,301,1215,2222,4246,2011
IMU1,4407,44884029,-2990,387,1130,2145,4189,2048
IMU1,4408,44894566,-3138,463,959,2053,3936,2402
IMU1,4409,44904916,-3222,484,899,1833,3315,2701
IMU1,4410,44915252,-3210,481,831,1725,3189,3068
IMU1,4411,44925590,-3308,516,995,1650,3254,3485
IMU1,4412,44935940,-3467,682,956,1629,3410,3919
IMU1,4413,44946292,-3348,846,859,1607,3493,4322
IMU1,4414,44956634,-3502,889,772,1587,3453,4638
IMU1,4415,44967004,-3622,975,492,1516,3373,4926
IMU1,4416,44977354,-3676,1095,498,1361,3326,5206
IMU1,4417,44987896,-3845,1178,236,1137,3345,5471
IMU1,4418,44998451,-3798,1398,9,826,3329,5764
IMU1,4419,45008398,-3937,1543,-8,456,3359,6058
IMU1,4420,45018457,-4251,1483,99,120,3520,6389
IMU1,4421,45028612,-4369,1184,525,-126,3674,6792
IMU1,4422,45039595,-3762,819,-125,-256,3169,7428
IMU1,4423,45049959,-3594,1394,-169,-371,2591,7522
IMU1,4424,45060511,-3212,1832,-113,-502,1994,7468
IMU1,4425,45071036,-2723,1888,-47,-572,1384,7197
IMU1,4426,45081377,-2529,1925,106,-526,741,6709
IMU1,4427,45091618,-2485,1808,-137,-383,94,6104
IMU1,4428,45101749,-2315,1747,-162,-255,-457,5458
IMU1,4429,45112180,-2210,1445,-396,-153,-701,4798
IMU1,4430,45122624,-2083,1332,-454,-130,-580,4167
IMU1,4431,45133033,-2053,1354,-337,-134,-213,3562
IMU1,4432,45143454,-1978,1330,-333,-116,113,2993
IMU1,4433,45153782,-1946,1365,-322,-71,216,2463
IMU1,4434,45164946,-1873,1418,-343,48,75,1572
IMU1,4435,45174781,-1831,1486,-321,123,-109,1232
IMU1,4436,45185109,-1818,1526,-326,226,-370,945
IMU1,4437,45195238,-1789,1572,-331,336,-665,741
IMU1,4438,45207929,-1788,1615,-376,450,-911,601
IMU1,4439,45218068,-1848,1648,-458,543,-1085,524
IMU1,4440,45228396,-1748,1620,-586,605,-1201,495
IMU1,4441,45238724,-1703,1673,-531,634,-1266,471
IMU1,4442,45249062,-1680,1690,-602,665,-1279,487
IMU1,4443,45259380,-1438,1685,-1146,644,-1245,447
IMU1,4444,45270430,-1338,1709,-1123,324,-1036,255
IMU1,4445,45280949,-1503,1734,-967,168,-839,171
IMU1,4446,45291069,-1573,1625,-709,93,-671,148
IMU1,4447,45301001,-1598,1539,-356,139,-634,171
IMU1,4448,45311146,-1522,1541,-428,275,-659,198
IMU1,4449,45321289,-1452,1528,-657,385,-679,167
IMU1,4450,45331406,-1411,1510,-856,393,-676,83
IMU1,4451,45341343,-1367,1532,-879,317,-608,-29
IMU1,4452,45351384,-1322,1577,-750,230,-514,-159
IMU1,4453,45361624,-1310,1591,-658,184,-497,-295
IMU1,4454,45371852,-1251,1585,-639,191,-565,-418
IMU1,4455,45382096,-1139,1642,-723,231,-695,-536
IMU1,4456,45392328,-1160,1644,-824,265,-869,-644
IMU1,4457,45402540,-1091,1599,-867,279,-972,-695
IMU1,4458,45412782,-992,1633,-844,294,-948,-712
IMU1,4459,45422829,-912,1686,-868,318,-830,-724
IMU1,4460,45433909,-868,1725,-926,331,-418,-710
IMU1,4461,45443952,-810,1700,-979,298,-230,-700
IMU1,4462,45453981,-786,1701,-987,235,-108,-702
IMU1,4463,45464019,-812,1694,-934,181,-43,-715
IMU1,4464,45473848,-866,1658,-865,151,-10,-708
IMU1,4465,45483667,-898,1654,-782,147,17,-682
IMU1,4466,45493395,-887,1611,-767,174,28,-647
IMU1,4467,45503119,-873,1611,-797,211,37,-627
IMU1,4468,45512875,-887,1604,-863,238,32,-623
IMU1,4469,45522610,-856,1554,-926,228,29,-623
IMU1,4470,45532352,-871,1531,-916,201,23,-629
IMU1,4471,45542102,-884,1524,-917,167,10,-634
IMU1,4472,45551853,-922,1512,-862,139,-26,-633
IMU1,4473,45561703,-962,1503,-830,130,-57,-624
IMU1,4474,45571540,-956,1498,-826,132,-71,-598
IMU1,4475,45581375,-906,1496,-882,137,-60,-579
IMU1,4476,45591208,-935,1526,-901,133,-66,-577
IMU1,4477,45601044,-964,1475,-1045,125,-93,-575
IMU1,4478,45611060,-1040,1487,-829,98,-70,-556
IMU1,4479,45620891,-1088,1467,-816,113,-107,-527
IMU1,4480,45631106,-1088,1415,-851,142,-212,-488
IMU1,4481,45641326,-1031,1475,-832,162,-222,-455
IMU1,4482,45651541,-1100,1416,-834,186,-175,-445
IMU1,4483,45661756,-1213,1410,-925,196,-89,-436
IMU1,4484,45671787,-1193,1400,-794,184,44,-427
IMU1,4485,45681714,-1403,1391,-706,189,125,-441
IMU1,4486,45691833,-1612,1322,-652,212,118,-451
IMU1,4487,45701957,-1792,1225,-415,238,53,-463
IMU1,4488,45712930,-2331,1186,-300,361,-213,-532
IMU1,4489,45723160,-2622,1189,-210,457,-363,-593
IMU1,4490,45733388,-2872,1165,-112,570,-491,-676
IMU1,4491,45743622,-3094,1134,-66,681,-532,-754
IMU1,4492,45753669,-3305,1105,-8,766,-473,-846
IMU1,4493,45763502,-3476,1096,76,806,-377,-945
IMU1,4494,45773442,-3663,1094,212,808,-292,-1075
IMU1,4495,45783766,-3873,1133,356,770,-289,-1243
IMU1,4496,45794108,-4186,1168,517,709,-375,-1436
IMU1,4497,45804447,-4644,1150,748,642,-496,-1604
IMU1,4498,45814777,-5141,1057,958,568,-659,-1715
IMU1,4499,45825120,-5278,1339,1091,469,-906,-1789
IMU1,4500,45835655,-5600,1301,1390,351,-1190,-1923
IMU1,4501,45846393,-5887,1610,1835,241,-1495,-2091
IMU1,4502,45857140,-5723,1967,1741,-47,-1894,-2647
IMU1,4503,45867779,-5560,2354,1407,-323,-2107,-3160
IMU1,4504,45878638,-5410,2799,693,-760,-2281,-3747
IMU1,4505,45889275,-5270,3197,624,-1375,-2261,-4293
IMU1,4506,45900118,-5446,3526,903,-1977,-1950,-4775
IMU1,4507,45910962,-5849,3815,1200,-2450,-1465,-5162
IMU1,4508,45922004,-6510,4111,1542,-2810,-1141,-5487
IMU1,4509,45933032,-7212,5187,1858,-3104,-1289,-5808
IMU1,4510,45944068,-7160,6150,1569,-3690,-3027,-6753
IMU1,4511,45955130,-6972,7116,1028,-4123,-3950,-7418
IMU1,4512,45966197,-6747,7880,369,-4684,-4252,-8095
IMU1,4513,45977041,-6386,8348,-20,-5345,-3943,-8733
IMU1,4514,45987802,-6145,8516,-101,-5998,-3389,-9326
IMU1,4515,45998762,-5756,8392,-94,-6569,-2914,-9857
IMU1,4516,46009511,-5750,7971,43,-7037,-2707,-10245
IMU1,4517,46020898,-5344,7320,228,-7670,-2784,-10179
IMU1,4518,46031961,-4989,6985,448,-7818,-3072,-9808
IMU1,4519,46042832,-4630,6699,500,-7829,-3487,-9299
IMU1,4520,46053693,-4206,6506,142,-7771,-3937,-8646
IMU1,4521,46064540,-3806,6009,63,-7657,-4110,-7845
IMU1,4522,46075206,-3283,5610,-41,-7393,-3767,-6925
IMU1,4523,46085948,-2516,5191,-169,-6983,-3149,-6039
IMU1,4524,46096879,-1347,4421,-85,-6488,-2430,-4925
IMU1,4525,46107588,-1031,4039,-238,-5369,-2532,-4697
IMU1,4526,46118516,-860,3745,-583,-4914,-2827,-4575
IMU1,4527,46129249,-735,3461,-989,-4591,-3197,-4473
IMU1,4528,46139994,-672,3236,-1448,-4437,-3450,-4307
IMU1,4529,46150931,-630,3006,-1898,-4417,-3460,-4053
IMU1,4530,46161871,-695,2814,-2184,-4478,-3202,-3705
IMU1,4531,46172806,-840,2517,-2536,-4564,-2723,-3272
IMU1,4532,46183729,-929,2113,-2641,-4731,-1497,-2325
IMU1,4533,46194656,-770,1942,-2501,-4711,-939,-2001
IMU1,4534,46207850,-762,1748,-2353,-4589,-512,-1864
IMU1,4535,46218594,-625,1657,-2171,-4359,-267,-1865
IMU1,4536,46229318,-796,1638,-2078,-4024,-216,-1941
IMU1,4537,46240040,-798,1640,-2132,-3591,-330,-1987
IMU1,4538,46250753,-801,1589,-2016,-3099,-710,-1898
IMU1,4539,46261487,-845,1502,-2358,-1949,-884,-1837
IMU1,4540,46272215,-997,1414,-2563,-1436,-1106,-1744
IMU1,4541,46283135,-815,1365,-2621,-998,-1319,-1593
IMU1,4542,46293869,-669,1290,-2675,-608,-1419,-1447
IMU1,4543,46304579,-619,1199,-2737,-266,-1384,-1336
# swing_peak_seq=4517
IMU1,4544,46315306,-661,1072,-2828,18,-1322,-1265
IMU1,4545,46325736,-731,984,-2872,237,-1293,-1188
IMU1,4546,46336179,-756,926,-3062,390,-1249,-1081
IMU1,4547,46346602,-723,918,-3390,451,-1121,-843
IMU1,4548,46357346,-821,847,-3422,341,-603,-708
IMU1,4549,46367380,-849,755,-3322,253,-392,-534
IMU1,4550,46377409,-802,660,-3195,209,-225,-350
IMU1,4551,46387441,-738,551,-3123,196,-46,-175
IMU1,4552,46397266,-695,435,-3036,213,162,-39
IMU1,4553,46407011,-634,335,-3000,243,357,59
IMU1,4554,46416654,-495,322,-2845,285,536,95
IMU1,4555,46426275,-530,360,-2694,376,675,67
IMU1,4556,46435910,-643,355,-2545,515,757,27
IMU1,4557,46445559,-711,336,-2403,688,784,19
IMU1,4558,46455202,-718,324,-2240,895,759,51
IMU1,4559,46464839,-650,309,-2128,1118,692,99
IMU1,4560,46474672,-618,270,-2015,1349,563,152
IMU1,4561,46484710,-645,216,-2029,1568,396,207
IMU1,4562,46494743,-538,205,-2059,1747,252,256
IMU1,4563,46504767,-453,270,-2040,1900,181,282
IMU1,4564,46514803,-414,278,-1988,2034,232,297
IMU1,4565,46524845,-420,309,-1951,2149,410,322
IMU1,4566,46534879,-395,381,-1888,2257,666,372
IMU1,4567,46544916,-285,440,-1711,2365,896,434
IMU1,4568,46554950,-255,504,-1526,2485,1008,491
IMU1,4569,46565183,-403,514,-1362,2625,978,587
IMU1,4570,46575215,-441,454,-1125,2786,807,754
IMU1,4571,46585255,-195,297,-1144,2950,476,945
IMU1,4572,46595310,-1247,516,-1032,3083,81,1151
IMU1,4573,46605549,-950,135,-642,3226,-141,1509
IMU1,4574,46615676,-967,-72,-696,3401,-236,1861
IMU1,4575,46626750,-1445,-38,-744,3703,-392,2535
IMU1,4576,46636990,-1736,-40,-691,3833,-517,2965
IMU1,4577,46647230,-1863,-146,-583,3972,-629,3437
IMU1,4578,46657674,-2123,-525,-615,4114,-676,3938
IMU1,4579,46668112,-2355,-923,-854,4207,-601,4443
IMU1,4580,46678566,-2440,-1311,-977,4208,-445,4911
IMU1,4581,46689203,-2382,-1722,-910,4149,-320,5275
IMU1,4582,46699854,-2526,-1532,-827,4091,-321,5515
IMU1,4583,46710487,-2312,-974,-330,4062,-423,5577
IMU1,4584,46720924,-984,-368,-176,4107,-545,5278
IMU1,4585,46731140,-800,-279,53,4195,-483,4490
IMU1,4586,46742111,-1421,-543,-390,4245,634,2362
IMU1,4587,46752460,-1818,-399,-595,3998,1243,1617
IMU1,4588,46762998,-2162,-163,-400,3687,1676,1156
IMU1,4589,46773527,-2555,-159,99,3468,1965,947
IMU1,4590,46783584,-2792,-304,536,3439,2079,958
IMU1,4591,46793858,-2821,-426,765,3586,2011,1117
IMU1,4592,46804312,-2809,-380,909,3844,1822,1342
IMU1,4593,46814753,-2470,-429,829,4166,1555,1555
IMU1,4594,46825206,-2217,-483,706,4493,1199,1674
IMU1,4595,46835651,-2161,-365,570,4801,816,1714
IMU1,4596,46845896,-2058,-284,504,5064,486,1707
IMU1,4597,46856150,-2066,-152,642,5277,284,1645
IMU1,4598,46866909,-2065,-85,770,5619,439,1483
IMU1,4599,46876952,-2158,-84,982,5749,669,1395
IMU1,4600,46887006,-2169,-92,1156,5877,872,1332
IMU1,4601,46897254,-2117,-70,1216,6015,964,1294
IMU1,4602,46907505,-2077,53,1131,6140,884,1251
IMU1,4603,46917666,-2024,172,1002,6220,675,1194
IMU1,4604,46928019,-1956,340,831,6213,487,1123
IMU1,4605,46938159,-1961,488,839,6095,561,1066
IMU1,4606,46948310,-1930,673,818,5865,1160,1066
IMU1,4607,46958664,-1950,842,749,5538,2233,1139
IMU1,4608,46969032,-2140,923,884,5141,3253,1264
IMU1,4609,46979389,-2448,1017,1124,4759,3852,1430
IMU1,4610,46990148,-2637,1147,1256,4428,4054,1612
IMU1,4611,47000907,-2621,1169,1347,4121,3435,1880
IMU1,4612,47011675,-2587,1159,1351,3568,2861,1928
IMU1,4613,47022440,-2541,998,1105,3361,2374,1857
IMU1,4614,47033004,-3098,1295,71,3027,2156,1924
IMU1,4615,47043369,-2555,1579,180,2546,2137,2138
IMU1,4616,47053934,-2927,1322,2,2010,2375,2275
IMU1,4617,47064093,-2533,1500,208,1489,2764,2483
IMU1,4618,47074647,-2830,1421,163,1015,3235,2616
IMU1,4619,47085194,-2777,1488,416,590,3610,2747
IMU1,4620,47095559,-2836,1446,729,281,3768,2832
IMU1,4621,47105932,-2983,1534,1473,135,3695,2882
IMU1,4622,47116993,-3578,1192,1386,412,2708,3318
IMU1,4623,47127548,-3396,939,1354,692,1836,3508
IMU1,4624,47137915,-3609,1290,1888,1040,1126,3767
IMU1,4625,47148666,-3254,830,1822,1546,562,4034
IMU1,4626,47159024,-3176,712,1521,2056,17,4178
IMU1,4627,47169198,-2676,889,1404,2562,-520,4312
IMU1,4628,47179649,-2145,777,760,2955,-1007,4227
IMU1,4629,47190115,-1889,859,-51,3141,-1203,3979
IMU1,4630,47200468,-2096,1044,120,3161,-1017,3702
IMU1,4631,47213658,-1749,1226,-2689,2366,-164,3215
IMU1,4632,47224385,-1445,1540,-2201,1443,573,3002
IMU1,4633,47235029,-1526,1457,-1154,576,1299,2651
IMU1,4634,47245667,-1912,1429,-326,10,1871,2270
IMU1,4635,47255911,-2462,1358,522,-284,2177,1988
IMU1,4636,47266370,-2764,1263,1607,-255,2180,1856
IMU1,4637,47277015,-2854,1110,1846,108,1797,1808
IMU1,4638,47287566,-2870,1117,1445,575,1014,1719
IMU1,4639,47298126,-2646,900,-1060,822,123,1584
IMU1,4640,47309407,-1791,1257,-1446,114,-622,1155
IMU1,4641,47319939,-1554,1253,-1264,-511,-419,821
IMU1,4642,47330383,-1634,1279,-502,-955,-21,505
IMU1,4643,47340422,-1875,1329,163,-988,363,279
IMU1,4644,47350459,-2286,1170,-543,-824,483,165
IMU1,4645,47360584,-2525,1105,-1234,-774,290,202
IMU1,4646,47370908,-2320,1257,-1420,-894,28,334
IMU1,4647,47381031,-1856,1378,-1242,-1071,-57,411
IMU1,4648,47391454,-1628,1379,-952,-1168,45,364
IMU1,4649,47401582,-1755,1278,-773,-1150,182,257
IMU1,4650,47411925,-1947,1204,-757,-1046,265,194
IMU1,4651,47422247,-1955,1230,-751,-909,274,197
IMU1,4652,47432390,-1823,1287,-779,-748,190,211
IMU1,4653,47442517,-1578,1324,-798,-580,26,181
IMU1,4654,47453494,-1356,1391,-809,-245,-240,-37
IMU1,4655,47463609,-1342,1337,-838,-78,-278,-156
IMU1,4656,47473733,-1341,1335,-787,57,-327,-247
IMU1,4657,47483761,-1277,1315,-827,188,-383,-310
IMU1,4658,47493999,-1212,1373,-893,288,-403,-368
IMU1,4659,47504229,-1163,1441,-875,357,-403,-415
IMU1,4660,47514457,-1126,1447,-853,421,-400,-446
IMU1,4661,47524664,-1115,1480,-874,481,-383,-456
IMU1,4662,47534885,-1109,1468,-976,502,-332,-454
IMU1,4663,47545105,-1097,1457,-996,470,-214,-446
IMU1,4664,47555335,-1062,1512,-925,419,-45,-435
IMU1,4665,47565361,-1100,1461,-1022,354,104,-432
IMU1,4666,47575685,-1144,1431,-1042,248,188,-415
IMU1,4667,47586007,-1201,1460,-891,142,224,-386
IMU1,4668,47596132,-1254,1450,-683,86,195,-331
IMU1,4669,47606065,-1291,1453,-452,107,108,-253
IMU1,4670,47617225,-1346,1471,-448,310,-108,-103
IMU1,4671,47627439,-1383,1455,-493,400,-210,-38
IMU1,4672,47637461,-1389,1400,-609,449,-293,9
IMU1,4673,47647193,-1373,1377,-768,425,-353,31
IMU1,4674,47657133,-1321,1405,-768,347,-369,23
IMU1,4675,47667060,-1271,1411,-634,256,-330,-20
IMU1,4676,47677111,-1302,1375,-525,194,-250,-83
IMU1,4677,47687150,-1438,1351,-530,167,-165,-146
IMU1,4678,47697375,-1611,1330,-522,137,-67,-179
IMU1,4679,47707394,-1757,1326,-460,102,45,-183
IMU1,4680,47717327,-1902,1291,-370,67,120,-172
IMU1,4681,47727263,-2013,1257,-270,40,124,-158
IMU1,4682,47737198,-2115,1275,-142,27,56,-156
IMU1,4683,47746947,-2218,1314,-63,36,-56,-173
IMU1,4684,47756576,-2408,1345,33,59,-164,-196
IMU1,4685,47766312,-2617,1386,96,88,-204,-204
IMU1,4686,47776044,-2836,1477,141,120,-161,-213
IMU1,4687,47786159,-3030,1556,268,143,-75,-241
IMU1,4688,47796109,-3221,1623,433,165,18,-301
IMU1,4689,47805941,-3427,1661,646,193,121,-390
IMU1,4690,47815983,-3791,1684,895,220,266,-510
IMU1,4691,47826042,-4070,1794,1166,249,409,-653
IMU1,4692,47836281,-4349,1806,1482,258,452,-844
IMU1,4693,47846531,-4628,1915,1861,244,322,-1096
IMU1,4694,47857493,-5070,2124,2177,47,-532,-1795
IMU1,4695,47867849,-5116,2382,2413,-117,-937,-2193
IMU1,4696,47878516,-5059,2759,2399,-315,-1111,-2655
IMU1,4697,47889375,-4804,3152,2125,-625,-1122,-3193
IMU1,4698,47900233,-4560,3514,1755,-1109,-992,-3825
IMU1,4699,47911100,-4525,3890,1500,-1759,-686,-4528
IMU1,4700,47921957,-5001,4232,1584,-2475,-320,-5236
IMU1,4701,47932824,-5770,4546,1881,-3133,20,-5837
IMU1,4702,47944424,-7015,5589,2241,-4141,-558,-6893
IMU1,4703,47955284,-7225,6427,1934,-4640,-1627,-7491
IMU1,4704,47966326,-7169,7292,1300,-5244,-2709,-8204
IMU1,4705,47977390,-7141,8169,694,-6018,-3369,-9006
IMU1,4706,47988255,-7012,9046,389,-6895,-3445,-9910
IMU1,4707,47999131,-7042,9558,361,-7725,-3047,-10972
IMU1,4708,48010220,-7619,8856,259,-8381,-2422,-12061
IMU1,4709,48021273,-7740,8324,378,-9088,-1444,-13297
IMU1,4710,48032313,-7632,7826,536,-9157,-1194,-13237
IMU1,4711,48043381,-7291,7428,792,-9061,-1153,-12807
IMU1,4712,48054434,-6695,7196,1016,-8812,-1244,-12158
IMU1,4713,48065692,-6170,7010,1299,-8397,-1510,-11458
IMU1,4714,48076952,-5701,6775,1358,-7864,-1798,-10751
IMU1,4715,48088205,-4504,6453,763,-6835,-2739,-9544
IMU1,4716,48099054,-3833,6121,374,-6475,-3329,-9103
IMU1,4717,48109919,-3131,5756,32,-6209,-3715,-8740
IMU1,4718,48120604,-2323,5402,-167,-6005,-3780,-8438
IMU1,4719,48131556,-1630,5120,-293,-5787,-3612,-8221
IMU1,4720,48142483,-1300,4929,-585,-5516,-3384,-8059
IMU1,4721,48153414,-1091,4688,-969,-5232,-3241,-7850
IMU1,4722,48164358,-1060,4274,-1867,-4963,-3130,-6901
IMU1,4723,48175501,-1120,3810,-2122,-4401,-2473,-6111
IMU1,4724,48186650,-1237,3512,-1937,-3992,-1909,-5095
IMU1,4725,48197805,-1264,3197,-1901,-3422,-1221,-3946
IMU1,4726,48208953,-1141,3017,-1814,-2791,-720,-2841
IMU1,4727,48222448,-938,2784,-1962,-1651,-819,-1397
IMU1,4728,48233174,-901,2708,-2228,-1256,-1217,-1050
IMU1,4729,48244110,-641,2662,-2535,-980,-1598,-927
IMU1,4730,48254646,-1329,2231,-2772,-792,-1766,-866
IMU1,4731,48265386,-1214,1839,-2782,-628,-1780,-606
IMU1,4732,48276126,-833,1669,-2393,-376,-1666,-359
IMU1,4733,48286659,-909,1468,-2312,50,-1360,-234
IMU1,4734,48296903,-878,1220,-2501,476,-1030,-172
IMU1,4735,48307347,-672,1157,-2374,835,-819,-124
# swing_peak_seq=4709
IMU1,4736,48317587,-647,1165,-2411,1130,-695,-178
IMU1,4737,48329069,-715,907,-2508,1488,-762,-332
IMU1,4738,48339317,-614,809,-2610,1544,-858,-384
IMU1,4739,48349543,-523,677,-2611,1538,-848,-425
IMU1,4740,48359773,-515,532,-2542,1516,-743,-448
IMU1,4741,48370021,-567,329,-2448,1504,-632,-417
IMU1,4742,48380259,-568,170,-2361,1516,-550,-342
IMU1,4743,48390502,-605,68,-2342,1553,-520,-241
IMU1,4744,48400538,-604,-20,-2370,1583,-541,-141
IMU1,4745,48410672,-628,-98,-2428,1591,-586,-52
IMU1,4746,48420614,-630,-185,-2484,1567,-610,26
IMU1,4747,48430653,-656,-238,-2495,1515,-588,92
IMU1,4748,48440698,-684,-338,-2483,1450,-532,159
IMU1,4749,48450926,-730,-391,-2450,1391,-461,221
IMU1,4750,48461164,-799,-463,-2453,1340,-378,281
IMU1,4751,48471402,-881,-521,-2351,1304,-272,342
IMU1,4752,48482684,-1005,-558,-2128,1351,-83,436
IMU1,4753,48492920,-1067,-531,-2026,1439,-43,446
IMU1,4754,48503154,-1124,-487,-1950,1568,-7,417
IMU1,4755,48513189,-1185,-432,-1861,1704,16,371
IMU1,4756,48523328,-1152,-439,-1845,1862,7,308
IMU1,4757,48533274,-1209,-416,-1742,2035,-39,225
IMU1,4758,48543512,-1162,-505,-1642,2238,-130,150
IMU1,4759,48553954,-1164,-589,-1432,2493,-278,89
IMU1,4760,48564198,-1155,-699,-1426,2799,-491,51
IMU1,4761,48574434,-1067,-763,-1459,3111,-735,24
IMU1,4762,48584684,-1020,-779,-1548,3384,-939,-24
IMU1,4763,48595018,-988,-785,-1588,3597,-1011,-117
IMU1,4764,48605569,-957,-743,-1579,3754,-920,-245
IMU1,4765,48615924,-891,-608,-1652,3862,-683,-394
IMU1,4766,48626783,-881,-592,-1547,3894,37,-696
IMU1,4767,48636837,-857,-570,-1474,3876,429,-814
IMU1,4768,48647085,-847,-513,-1185,3848,773,-891
IMU1,4769,48657313,-831,-535,-1023,3865,1033,-915
IMU1,4770,48667750,-796,-542,-952,3914,1173,-893
IMU1,4771,48678005,-780,-565,-837,3968,1192,-809
IMU1,4772,48688249,-743,-579,-781,4039,1133,-673
IMU1,4773,48698486,-367,-521,-940,4105,1020,-499
IMU1,4774,48708720,27,-409,-1036,4113,823,-391
IMU1,4775,48718661,-510,-440,-737,4089,600,-342
IMU1,4776,48728702,-509,-499,-696,4084,465,-215
IMU1,4777,48738737,-466,-503,-533,4077,396,-64
IMU1,4778,48748586,-881,-535,-330,4086,387,115
IMU1,4779,48758520,-1216,-612,-47,4137,466,398
IMU1,4780,48768468,-1126,-624,64,4233,628,775
IMU1,4781,48778317,-1203,-615,219,4354,833,1195
IMU1,4782,48788577,-1311,-611,444,4505,1053,1646
IMU1,4783,48799018,-1481,-878,399,4685,1198,2522
IMU1,4784,48809491,-1222,-967,413,4962,1267,2852
IMU1,4785,48819939,-1128,-1016,621,5027,1341,3000
IMU1,4786,48830599,-611,-510,648,5051,1463,2925
IMU1,4787,48840857,-613,152,798,5004,1811,2615
IMU1,4788,48851019,-690,164,1328,4948,2399,2150
IMU1,4789,48861383,-825,-65,1562,4980,2943,1594
IMU1,4790,48871647,-1493,-385,1622,5071,3086,1106
IMU1,4791,48882310,-1712,-360,1800,5188,2795,796
IMU1,4792,48892774,-1720,-182,1650,5355,2352,565
IMU1,4793,48903240,-1630,-156,1630,5503,2065,371
IMU1,4794,48913689,-1676,-158,1332,5576,2111,250
IMU1,4795,48924142,-1867,84,1129,5517,2481,350
IMU1,4796,48934829,-2078,203,1473,5153,3470,523
IMU1,4797,48945191,-2341,279,2064,5069,3626,715
IMU1,4798,48955579,-2024,500,2947,5174,3384,870
IMU1,4799,48965947,-2507,186,2470,5536,2811,710
IMU1,4800,48976318,-2206,373,2425,5880,1990,726
IMU1,4801,48986672,-2316,398,1665,6069,1171,688
IMU1,4802,48997033,-1713,581,1587,5989,811,651
IMU1,4803,49007194,-1929,594,1921,5821,1197,504
IMU1,4804,49017556,-1970,509,840,5617,2001,509
IMU1,4805,49027713,-1756,961,342,5194,2692,688
IMU1,4806,49037864,-1776,1390,110,4594,3093,809
IMU1,4807,49048220,-1867,1813,587,3968,3173,854
IMU1,4808,49058589,-2075,1622,1375,3499,2879,817
IMU1,4809,49069136,-2198,1593,1450,3032,1922,695
IMU1,4810,49079702,-2274,1573,1302,2942,1568,714
IMU1,4811,49090270,-2247,1676,1139,2860,1361,762
IMU1,4812,49100824,-2255,1753,877,2768,1352,850
IMU1,4813,49111172,-2223,1789,731,2653,1554,973
IMU1,4814,49121540,-2219,1810,611,2522,1932,1102
IMU1,4815,49132108,-2290,1813,555,2370,2385,1217
IMU1,4816,49142685,-2359,1763,607,2216,2747,1295
IMU1,4817,49153249,-2390,1732,667,2085,2915,1317
IMU1,4818,49163775,-2378,1739,679,1989,2899,1275
IMU1,4819,49175354,-2598,1609,558,1893,2582,1111
IMU1,4820,49185889,-2681,1836,460,1871,2471,1090
IMU1,4821,49196428,-2670,1716,522,1867,2448,1118
IMU1,4822,49206970,-2703,1594,534,1915,2467,1159
IMU1,4823,49217525,-2598,1576,418,1965,2453,1221
IMU1,4824,49230612,-2449,1573,536,2014,2395,1257
IMU1,4825,49241166,-2452,1446,228,2056,2290,1230
IMU1,4826,49252227,-2665,1434,221,1988,2141,1129
IMU1,4827,49262766,-2661,1098,-532,1788,2042,1218
IMU1,4828,49273396,-2168,1455,-226,1414,1974,1331
IMU1,4829,49284038,-1977,1364,-50,1089,2022,1226
IMU1,4830,49294452,-2187,1223,-97,841,1976,1055
IMU1,4831,49304680,-2319,1220,-55,646,1783,963
IMU1,4832,49314715,-2315,1156,-113,509,1640,952
IMU1,4833,49324963,-2324,1126,-195,405,1599,983
IMU1,4834,49335190,-2308,1112,-204,322,1564,1023
IMU1,4835,49345635,-2221,1133,-167,273,1450,1052
IMU1,4836,49356063,-2171,1118,-178,283,1243,1059
IMU1,4837,49366508,-2078,1156,-246,332,997,1023
IMU1,4838,49377259,-2077,1074,-303,453,570,992
IMU1,4839,49387308,-2023,1100,-284,507,429,963
IMU1,4840,49397344,-1909,1072,-301,562,335,902
IMU1,4841,49407396,-1830,1114,-319,591,253,802
IMU1,4842,49417450,-1807,1108,-306,621,164,669
IMU1,4843,49427486,-1824,1084,-308,637,89,535
IMU1,4844,49437327,-1883,1082,-271,645,13,422
IMU1,4845,49447161,-1937,1091,-245,659,-80,345
IMU1,4846,49457080,-1936,1075,-410,662,-193,303
IMU1,4847,49467209,-1775,1104,-710,581,-287,274
IMU1,4848,49477340,-1562,1193,-818,396,-279,199
IMU1,4849,49487481,-1510,1233,-817,158,-126,72
IMU1,4850,49497410,-1578,1204,-817,-79,80,-40
IMU1,4851,49507044,-1628,1152,-771,-275,234,-107
IMU1,4852,49517274,-1671,1133,-703,-412,328,-119
IMU1,4853,49527504,-1696,1110,-646,-478,366,-93
IMU1,4854,49537538,-1703,1080,-663,-471,305,-54
IMU1,4855,49547567,-1696,1094,-602,-431,166,-13
IMU1,4856,49557591,-1595,1091,-688,-358,23,6
IMU1,4857,49567146,-1578,1110,-803,-279,-108,-10
IMU1,4858,49577270,-1570,1078,-867,-212,-210,-36
IMU1,4859,49587399,-1422,1064,-1063,-159,-263,-57
IMU1,4860,49598236,-1372,1053,-1125,-119,-184,-144
IMU1,4861,49608764,-1340,1066,-1185,-144,-58,-219
IMU1,4862,49619078,-1357,1058,-1211,-196,57,-291
IMU1,4863,49629306,-1393,1049,-1184,-241,154,-346
IMU1,4864,49639729,-1419,1059,-1108,-265,224,-368
IMU1,4865,49650154,-1440,1053,-995,-238,261,-372
IMU1,4866,49660380,-1410,1048,-951,-166,274,-361
IMU1,4867,49670610,-1415,1037,-1001,-68,218,-352
IMU1,4868,49680825,-1425,1046,-1018,11,108,-341
IMU1,4869,49690932,-1424,1076,-1054,71,27,-331
IMU1,4870,49700855,-1441,1085,-1066,105,-7,-329
IMU1,4871,49710869,-1439,1043,-1007,126,-17,-317
IMU1,4872,49721098,-1400,1071,-984,146,-20,-306
IMU1,4873,49731129,-1384,1078,-960,171,-42,-299
IMU1,4874,49741153,-1358,1038,-1030,197,-64,-300
IMU1,4875,49752425,-1378,1037,-982,174,-22,-304
IMU1,4876,49762455,-1362,1033,-924,158,39,-289
IMU1,4877,49772391,-1338,1028,-877,152,76,-284
IMU1,4878,49782330,-1354,1071,-791,155,76,-288
IMU1,4879,49792280,-1341,1041,-842,157,69,-300
IMU1,4880,49802202,-1335,1067,-891,144,63,-316
IMU1,4881,49812141,-1329,1070,-949,97,80,-326
IMU1,4882,49821863,-1331,1089,-955,32,125,-318
IMU1,4883,49831794,-1333,1086,-927,-23,203,-292
IMU1,4884,49841814,-1361,1090,-873,-62,293,-250
IMU1,4885,49851837,-1422,1081,-810,-81,363,-199
IMU1,4886,49861861,-1473,1034,-771,-89,385,-144
IMU1,4887,49871889,-1554,1011,-720,-94,324,-88
IMU1,4888,49881714,-1633,969,-670,-94,193,-25
IMU1,4889,49891327,-1665,934,-613,-80,62,29
IMU1,4890,49900656,-1710,955,-582,-51,-53,57
IMU1,4891,49910097,-1759,992,-615,-9,-158,45
IMU1,4892,49919537,-1852,1015,-652,26,-214,10
IMU1,4893,49929282,-1987,1069,-680,39,-173,-21
IMU1,4894,49939094,-2161,1139,-685,30,-51,-46
IMU1,4895,49948722,-2336,1168,-633,13,79,-70
IMU1,4896,49958269,-2570,1144,-508,-4,133,-96
IMU1,4897,49967901,-2886,1091,-326,12,85,-109
IMU1,4898,49977633,-3199,1083,-106,71,-46,-96
IMU1,4899,49987252,-3486,1111,167,187,-261,-68
IMU1,4900,49997167,-3778,1096,354,370,-509,-49
IMU1,4901,50007098,-4113,1045,487,569,-645,-47
IMU1,4902,50017019,-4485,1040,646,730,-639,-54
IMU1,4903,50026950,-4878,1069,902,833,-585,-101
IMU1,4904,50037088,-5342,1151,1385,895,-645,-216
IMU1,4905,50047426,-5942,1334,2222,985,-933,-410
IMU1,4906,50057783,-6389,1719,2778,1164,-1457,-668
IMU1,4907,50068529,-6696,2841,3584,1327,-2153,-1482
IMU1,4908,50079471,-6437,3559,3639,1193,-3081,-2043
IMU1,4909,50090427,-6018,4483,2995,682,-3208,-2764
IMU1,4910,50101162,-5647,5276,2235,-391,-2954,-3562
IMU1,4911,50112017,-5757,5975,1946,-1960,-2087,-4379
IMU1,4912,50123061,-6431,6544,2076,-3746,-1087,-5203
IMU1,4913,50134111,-7153,7074,2038,-5448,-755,-6044
IMU1,4914,50144985,-7787,7797,1124,-6919,-1407,-6920
IMU1,4915,50156041,-8752,9989,273,-9108,-3278,-8408
IMU1,4916,50166908,-8672,11297,-315,-10024,-3807,-9083
IMU1,4917,50178273,-8374,12318,-391,-10816,-3934,-9959
IMU1,4918,50189626,-8231,13357,-650,-11384,-3618,-11015
IMU1,4919,50201172,-7841,12853,-860,-11775,-3020,-12123
IMU1,4920,50212725,-8113,11378,-280,-12019,-2396,-13318
IMU1,4921,50224279,-7618,10784,167,-11881,-1254,-13226
IMU1,4922,50238288,-6836,10440,321,-11438,-1061,-12928
IMU1,4923,50249727,-6013,9845,429,-10780,-1032,-12512
IMU1,4924,50260979,-4966,9008,1237,-9922,-875,-11264
IMU1,4925,50272027,-3947,8659,1116,-7409,-1262,-10519
IMU1,4926,50283278,-3160,8070,815,-6032,-1922,-9810
IMU1,4927,50294135,-2560,7369,334,-4801,-2463,-9070
IMU1,4928,50304980,-1792,6804,-178,-3811,-2921,-8312
IMU1,4929,50315915,-1258,6203,-759,-3111,-3380,-7634
IMU1,4930,50326892,-693,5676,-1543,-2713,-3773,-7032
IMU1,4931,50337858,-149,4626,-3116,-2610,-3955,-5928
IMU1,4932,50348815,-183,4052,-3246,-3032,-2851,-5222
IMU1,4933,50359748,-617,3564,-3283,-3236,-1797,-4396
IMU1,4934,50370704,-814,3317,-3208,-3337,-937,-3520
IMU1,4935,50381444,-816,3025,-3061,-3352,-411,-2724
IMU1,4936,50392176,-789,2669,-2898,-3281,-138,-2140
IMU1,4937,50402908,-683,2299,-2682,-3114,-65,-1781
IMU1,4938,50413442,-601,1991,-2533,-2839,-59,-1611
IMU1,4939,50423977,-482,1580,-2290,-2447,-39,-1564
IMU1,4940,50435044,-595,1520,-2199,-1453,-9,-1472
IMU1,4941,50445381,-134,1689,-2140,-904,-92,-1385
IMU1,4942,50455706,-873,1435,-2793,-385,-283,-1422
IMU1,4943,50466251,-625,1481,-2758,-41,-582,-1211
IMU1,4944,50476581,-474,1405,-2699,264,-764,-975
IMU1,4945,50486822,-519,1213,-2684,588,-770,-787
IMU1,4946,50497062,-439,1087,-2921,867,-776,-581
# swing_peak_seq=4920
IMU1,4947,50507298,-279,1032,-3005,1034,-739,-463
IMU1,4948,50517742,-220,967,-2980,1117,-542,-397
IMU1,4949,50527996,-237,949,-3014,1143,-286,-352
IMU1,4950,50538261,-307,878,-2985,1131,-113,-305
IMU1,4951,50548508,-306,732,-2908,1127,-41,-230
IMU1,4952,50558547,-355,454,-2645,1148,-13,-128
IMU1,4953,50569633,-286,333,-2494,1347,66,95
IMU1,4954,50579272,-272,225,-2404,1501,96,166
IMU1,4955,50589113,-238,115,-2343,1684,103,186
IMU1,4956,50599153,-188,40,-2314,1858,75,153
IMU1,4957,50608807,-222,11,-2307,2019,23,82
IMU1,4958,50618242,-298,-40,-2307,2150,-14,23
IMU1,4959,50627882,-443,-119,-2258,2257,-13,22
IMU1,4960,50637707,-590,-215,-2177,2347,24,92
IMU1,4961,50647451,-594,-315,-2052,2426,65,215
IMU1,4962,50657395,-556,-353,-1920,2520,111,337
IMU1,4963,50667536,-584,-496,-1856,2619,204,450
IMU1,4964,50677669,-538,-561,-1824,2711,351,554
IMU1,4965,50687831,-483,-546,-1757,2775,517,634
IMU1,4966,50698007,-621,-547,-1807,2814,650,708
IMU1,4967,50708152,-550,-519,-1649,2819,728,823
IMU1,4968,50718302,-433,-446,-1437,2833,729,949
IMU1,4969,50728462,-493,-579,-1321,2872,627,1080
IMU1,4970,50738808,-311,-777,-1138,2926,429,1252
IMU1,4971,50749168,-179,-866,-1050,3010,150,1439
IMU1,4972,50759525,-264,-789,-1036,3099,-163,1638
IMU1,4973,50769974,353,-828,-1142,3172,-430,1840
IMU1,4974,50781365,136,-778,-910,3204,-855,1897
IMU1,4975,50791523,-167,-829,-820,3178,-1026,1936
IMU1,4976,50801952,-610,-834,-756,3132,-1152,2005
IMU1,4977,50812396,-1137,-742,-812,3069,-1203,2128
IMU1,4978,50823039,-2047,-545,-927,2991,-1181,2333
IMU1,4979,50833692,-3092,-855,-1155,2889,-1092,2689
IMU1,4980,50844529,-3312,-1574,-1073,2768,-948,3199
IMU1,4981,50855386,-3580,-2483,-1093,2672,-760,3725
IMU1,4982,50866236,-2893,-2926,-1550,2561,-775,4151
IMU1,4983,50877613,823,-1042,-202,2265,-1331,3804
IMU1,4984,50888153,74,-351,265,2439,-1045,2790
IMU1,4985,50898200,-697,-398,-71,2723,-152,1644
IMU1,4986,50908230,-1268,-1229,-500,2840,617,624
IMU1,4987,50918585,-1617,-1307,-588,2759,884,-93
IMU1,4988,50928811,-1708,-978,-342,2651,1008,-542
IMU1,4989,50939240,-1863,-910,-185,2645,1253,-792
IMU1,4990,50949688,-1840,-1004,-135,2716,1591,-846
IMU1,4991,50960331,-1830,-859,-141,2808,1895,-761
IMU1,4992,50970768,-1546,-918,-161,2879,2083,-625
IMU1,4993,50981216,-1469,-948,-235,2920,2201,-506
IMU1,4994,50991664,-1388,-783,-166,2937,2273,-347
IMU1,4995,51002640,-1422,-681,-29,2912,2534,39
IMU1,4996,51012592,-1353,-647,52,2925,2793,256
IMU1,4997,51022649,-1371,-662,158,2952,3069,481
IMU1,4998,51032907,-1377,-612,300,3004,3314,718
IMU1,4999,51043188,-1571,-637,552,3101,3504,970
IMU1,5000,51053481,-1640,-686,666,3260,3555,1276
IMU1,5001,51063936,-1725,-469,661,3468,3436,1616
IMU1,5002,51074402,-1503,-290,562,3691,3137,1935
IMU1,5003,51084871,-1374,-196,439,3888,2701,2151
IMU1,5004,51095327,-1345,-141,434,4019,2323,2273
IMU1,5005,51105795,-1449,-121,494,4085,2191,2358
IMU1,5006,51116258,-1580,-123,702,4084,2367,2461
IMU1,5007,51127256,-1885,51,741,3931,3478,2838
IMU1,5008,51137430,-2041,170,796,3811,4023,3115
IMU1,5009,51147813,-2115,365,798,3680,4277,3390
IMU1,5010,51158200,-2120,577,738,3498,4337,3619
IMU1,5011,51168591,-2112,699,643,3242,4470,3802
IMU1,5012,51178970,-2203,699,529,2852,4895,3968
IMU1,5013,51189356,-2546,820,387,2318,5467,4130
IMU1,5014,51199755,-3084,832,500,1687,5856,4299
IMU1,5015,51210157,-3505,809,679,1080,5860,4461
IMU1,5016,51220503,-3532,749,828,584,5422,4554
IMU1,5017,51230643,-3463,768,855,234,4649,4519
IMU1,5018,51243352,-3382,871,322,-195,3181,4256
IMU1,5019,51253594,-3454,853,381,-370,2837,4206
IMU1,5020,51263837,-3467,852,519,-441,2701,4251
IMU1,5021,51274089,-3634,783,995,-336,2533,4347
IMU1,5022,51284341,-3973,661,953,-17,2096,4481
IMU1,5023,51294373,-4026,665,1529,476,1301,4668
IMU1,5024,51304720,-3916,689,134,1021,252,4829
IMU1,5025,51314853,-3383,853,-324,1247,-668,4929
IMU1,5026,51325189,-2991,858,69,1380,-1020,4866
IMU1,5027,51335432,-2578,1032,-155,1453,-895,4663
IMU1,5028,51345966,-2471,1112,-492,1417,-564,4309
IMU1,5029,51356508,-2621,1038,-158,1286,-250,3931
IMU1,5030,51368076,-2914,890,317,1647,-294,3865
IMU1,5031,51378309,-2357,1137,-1124,1669,-564,3689
IMU1,5032,51389052,-2587,1332,-662,1551,-465,3494
IMU1,5033,51399594,-2319,1158,-681,1325,-403,3343
IMU1,5034,51410146,-2264,1221,-442,1145,-394,3136
IMU1,5035,51420688,-2242,1187,-476,1020,-415,2889
IMU1,5036,51431222,-2309,1265,-6,970,-537,2650
IMU1,5037,51441166,-2296,1277,150,1035,-783,2455
IMU1,5038,51451625,-2340,1152,27,1330,-1050,2332
IMU1,5039,51462071,-2255,1083,-418,1502,-1307,2231
IMU1,5040,51472810,-2078,1287,-1287,1557,-1311,2173
IMU1,5041,51483728,-1894,1399,-625,1128,-1174,2141
IMU1,5042,51494473,-1848,1366,-660,1072,-1085,2046
IMU1,5043,51505192,-1852,1328,-829,1039,-954,1940
IMU1,5044,51515738,-1777,1377,-911,940,-735,1841
IMU1,5045,51526087,-1869,1389,-604,820,-519,1712
IMU1,5046,51536421,-1950,1279,-508,769,-461,1570
IMU1,5047,51546760,-1992,1194,-660,761,-572,1438
IMU1,5048,51557109,-1966,1152,-863,720,-707,1318
IMU1,5049,51567459,-1923,1188,-860,623,-723,1203
IMU1,5050,51577802,-1817,1195,-623,503,-623,1070
IMU1,5051,51589195,-2084,1289,-234,403,-318,771
IMU1,5052,51599326,-2640,1092,-329,453,-113,696
IMU1,5053,51609471,-3320,1104,305,525,368,767
IMU1,5054,51619439,-2409,848,-508,603,850,901
IMU1,5055,51629279,-1959,1167,-1002,466,739,742
IMU1,5056,51639523,-1569,1420,-689,187,226,340
IMU1,5057,51649561,-1392,1288,-596,1,-477,-163
IMU1,5058,51659388,-1415,1267,-882,-105,-1013,-586
IMU1,5059,51669918,-1335,1329,-1019,-195,-1164,-833
IMU1,5060,51680646,-1246,1421,-925,-235,-1024,-947
IMU1,5061,51691172,-1312,1423,-963,-203,-711,-975
IMU1,5062,51701511,-1440,1377,-867,-143,-264,-909
IMU1,5063,51711844,-1436,1402,-730,-63,167,-766
IMU1,5064,51721895,-1337,1460,-758,29,401,-629
IMU1,5065,51731831,-1237,1454,-831,89,421,-542
IMU1,5066,51742817,-1154,1444,-871,102,72,-545
IMU1,5067,51752754,-1169,1404,-969,84,-124,-545
IMU1,5068,51762791,-1191,1442,-958,65,-209,-509
IMU1,5069,51772840,-1181,1450,-927,60,-183,-433
IMU1,5070,51782875,-1229,1424,-1012,60,-93,-350
IMU1,5071,51792909,-1092,1405,-929,51,-31,-268
IMU1,5072,51802742,-1058,1439,-929,53,-9,-242
IMU1,5073,51812380,-1071,1373,-972,53,6,-241
IMU1,5074,51821925,-1152,1350,-963,48,-8,-228
IMU1,5075,51831559,-1236,1320,-943,45,-18,-191
IMU1,5076,51841402,-1247,1316,-897,50,3,-134
IMU1,5077,51850927,-1271,1344,-800,65,25,-93
IMU1,5078,51860459,-1229,1327,-812,101,36,-88
IMU1,5079,51870187,-1218,1332,-892,121,-11,-121
IMU1,5080,51880213,-1202,1311,-934,114,-93,-177
IMU1,5081,51890236,-1209,1300,-956,91,-126,-225
IMU1,5082,51900274,-1219,1297,-952,67,-82,-251
IMU1,5083,51910108,-1243,1293,-902,56,9,-261
IMU1,5084,51919651,-1281,1303,-854,66,118,-260
IMU1,5085,51929582,-1318,1267,-807,80,199,-248
IMU1,5086,51939524,-1383,1250,-743,95,217,-225
IMU1,5087,51949461,-1405,1243,-731,99,165,-206
IMU1,5088,51959391,-1377,1224,-752,100,39,-203
IMU1,5089,51969334,-1320,1229,-832,92,-109,-212
IMU1,5090,51979354,-1289,1222,-922,61,-227,-230
IMU1,5091,51989389,-1283,1219,-951,24,-279,-242
IMU1,5092,51999424,-1287,1214,-949,3,-258,-228
IMU1,5093,52009265,-1343,1248,-905,9,-162,-190
IMU1,5094,52019094,-1407,1266,-853,34,-14,-149
IMU1,5095,52028942,-1444,1256,-819,69,105,-111
IMU1,5096,52038871,-1462,1254,-852,90,112,-92
IMU1,5097,52048611,-1444,1230,-836,92,7,-106
IMU1,5098,52058146,-1394,1226,-868,84,-161,-129
IMU1,5099,52068174,-1355,1201,-935,72,-296,-161
IMU1,5100,52079767,-1394,1241,-1057,31,-319,-140
IMU1,5101,52090017,-1431,1236,-1041,20,-217,-99
IMU1,5102,52100056,-1495,1242,-983,32,-70,-47
IMU1,5103,52109696,-1607,1223,-912,56,75,11
IMU1,5104,52119138,-1710,1215,-837,93,167,59
IMU1,5105,52128789,-1920,1237,-692,135,144,96
IMU1,5106,52138630,-2170,1236,-560,210,-18,135
IMU1,5107,52148578,-2465,1285,-432,305,-259,184
IMU1,5108,52158713,-2751,1300,-347,431,-462,250
IMU1,5109,52168872,-2985,1293,-214,553,-598,299
IMU1,5110,52179020,-3276,1294,10,681,-676,309
IMU1,5111,52188873,-3574,1334,244,807,-680,279
IMU1,5112,52198915,-3874,1391,499,914,-623,190
IMU1,5113,52208977,-4200,1404,860,987,-528,39
IMU1,5114,52218826,-4651,1427,1423,1021,-428,-180
IMU1,5115,52229385,-5119,1496,1840,1031,-334,-456
IMU1,5116,52239937,-5470,1739,1879,942,-355,-811
IMU1,5117,52252857,-5445,2291,1422,172,-1142,-1894
IMU1,5118,52263602,-5465,2548,2227,-447,-1512,-2491
IMU1,5119,52274467,-5164,2960,2756,-888,-1440,-3059
IMU1,5120,52285316,-5146,3268,2351,-1188,-1150,-3665
IMU1,5121,52296366,-5172,3592,1741,-1618,-1007,-4227
IMU1,5122,52307392,-5109,3964,1255,-2252,-855,-4684
IMU1,5123,52318243,-5039,4271,1179,-2993,-614,-5077
IMU1,5124,52329636,-5227,4910,1291,-4287,-185,-5896
IMU1,5125,52340464,-5743,5251,1324,-4769,-207,-6390
IMU1,5126,52351327,-6312,5769,1210,-5183,-532,-6879
IMU1,5127,52362195,-6642,6551,1031,-5591,-1178,-7361
IMU1,5128,52373255,-6744,7383,792,-6001,-1916,-7876
IMU1,5129,52384124,-6801,8399,464,-6423,-2556,-8459
IMU1,5130,52394967,-6159,9322,353,-6891,-2829,-9125
IMU1,5131,52405834,-5758,9375,202,-7621,-2310,-10935
IMU1,5132,52416907,-6063,9027,144,-7893,-1845,-11634
IMU1,5133,52427966,-6115,8535,376,-8084,-1519,-11956
IMU1,5134,52439045,-6020,8077,673,-8101,-1351,-11912
IMU1,5135,52450070,-5671,7616,939,-7940,-1438,-11584
IMU1,5136,52461116,-5290,7324,1211,-7671,-1741,-11128
IMU1,5137,52472362,-4931,6896,1493,-7317,-2231,-10581
IMU1,5138,52483597,-4148,6709,1454,-6460,-3041,-9384
IMU1,5139,52494618,-3776,6522,1136,-5997,-3326,-8816
IMU1,5140,52505644,-3290,6150,756,-5589,-3409,-8244
IMU1,5141,52516465,-2996,5826,450,-5293,-3168,-7650
IMU1,5142,52527302,-2783,5525,231,-5101,-2707,-7059
IMU1,5143,52538144,-2592,5336,-34,-4997,-2381,-6533
IMU1,5144,52548866,-2359,5183,-471,-5006,-2392,-6116
IMU1,5145,52559803,-1815,4874,-1926,-5458,-3026,-5542
IMU1,5146,52570930,-1565,4568,-2750,-5879,-2974,-5245
IMU1,5147,52582056,-1268,4128,-3227,-6353,-2371,-4908
IMU1,5148,52593200,-1073,3702,-2892,-6672,-1343,-4577
IMU1,5149,52604314,-851,3487,-2519,-6617,-212,-4286
IMU1,5150,52615039,-564,3368,-2034,-6175,600,-4103
IMU1,5151,52625670,-547,3235,-2334,-5410,833,-4149
IMU1,5152,52636303,-738,3278,-2247,-4508,524,-3847
IMU1,5153,52646919,-451,3268,-2175,-2422,-1124,-3513
IMU1,5154,52657832,-562,3156,-2095,-1202,-1862,-3145
IMU1,5155,52668763,-904,2962,-2883,-47,-2585,-2735
IMU1,5156,52679277,-514,2805,-3084,812,-3181,-2203
IMU1,5157,52689912,-342,2560,-3423,1473,-3204,-1793
IMU1,5158,52700727,-341,2304,-3911,1792,-2802,-1513
IMU1,5159,52711562,-394,2257,-4198,1805,-2304,-1234
# swing_peak_seq=5133
IMU1,5160,52722400,-199,2041,-4286,1590,-1814,-1038
IMU1,5161,52733744,-200,2045,-4222,884,-659,-665
IMU1,5162,52743966,-236,2039,-3996,524,-51,-331
IMU1,5163,52753992,-231,1891,-3682,255,383,109
IMU1,5164,52764021,-192,1683,-3307,129,651,529
IMU1,5165,52774030,-115,1546,-2920,152,788,834
IMU1,5166,52784068,-50,1413,-2574,324,744,977
IMU1,5167,52793886,-156,1212,-2375,619,537,978
IMU1,5168,52803928,-353,1097,-2071,1002,164,938
IMU1,5169,52814139,-531,917,-1944,1510,-505,894
IMU1,5170,52824263,-607,889,-1976,2037,-899,948
IMU1,5171,52834388,-694,821,-2081,2518,-1096,1064
IMU1,5172,52844916,-709,747,-2107,2924,-1273,1223
IMU1,5173,52855435,-747,682,-2177,3243,-1393,1389
IMU1,5174,52865956,-759,646,-2248,3461,-1394,1550
IMU1,5175,52876475,-932,609,-2269,3580,-1272,1699
IMU1,5176,52887535,-1096,558,-2142,3591,-766,1984
IMU1,5177,52898073,-1169,442,-1988,3562,-523,2129
IMU1,5178,52908596,-1152,364,-1878,3563,-368,2221
IMU1,5179,52919134,-1211,294,-1745,3569,-278,2237
IMU1,5180,52929676,-1260,238,-1571,3598,-213,2187
IMU1,5181,52940208,-1312,168,-1368,3671,-169,2098
IMU1,5182,52950725,-1416,95,-1219,3791,-134,2003
IMU1,5183,52961055,-1567,12,-1076,3946,-98,1920
IMU1,5184,52971180,-1665,-89,-978,4131,-98,1854
IMU1,5185,52981208,-1722,-198,-898,4318,-140,1809
IMU1,5186,52991631,-1729,-286,-697,4494,-182,1772
IMU1,5187,53002581,-1689,-452,-698,4831,-187,1662
IMU1,5188,53012983,-1644,-486,-742,4946,-133,1576
IMU1,5189,53023402,-1623,-477,-716,4995,4,1482
IMU1,5190,53033337,-1572,-482,-645,4994,268,1375
IMU1,5191,53043670,-1553,-487,-564,4955,620,1258
IMU1,5192,53054008,-1587,-471,-503,4883,994,1138
IMU1,5193,53064347,-1692,-497,-443,4778,1348,1031
IMU1,5194,53074874,-1768,-496,-301,4647,1621,959
IMU1,5195,53085211,-1806,-437,-70,4532,1757,904
IMU1,5196,53095344,-1826,-437,95,4464,1759,855
IMU1,5197,53105386,-1790,-423,175,4431,1689,831
IMU1,5198,53115617,-1722,-375,207,4416,1620,826
IMU1,5199,53125850,-1655,-310,253,4411,1621,824
IMU1,5200,53136071,-1567,-186,333,4407,1716,823
IMU1,5201,53146809,-1712,-166,517,4432,2167,786
IMU1,5202,53157038,-1954,-175,842,4505,2329,788
IMU1,5203,53167274,-2112,-210,1139,4666,2264,834
IMU1,5204,53177712,-2155,-250,1252,4912,1972,894
IMU1,5205,53188151,-2080,-308,1243,5184,1527,950
IMU1,5206,53198590,-1975,-308,1121,5416,1123,989
IMU1,5207,53209029,-1897,-274,863,5559,954,1030
IMU1,5208,53219276,-1697,-246,593,5554,1108,1088
IMU1,5209,53229713,-1517,-193,406,5383,1553,1146
IMU1,5210,53240158,-1557,-145,368,5067,2121,1186
IMU1,5211,53253069,-1811,-59,772,4307,2752,1207
IMU1,5212,53263298,-1902,-46,934,4003,2630,1172
IMU1,5213,53273526,-2039,-38,1069,3781,2420,1119
IMU1,5214,53283968,-2166,-37,1153,3623,2299,1099
IMU1,5215,53294393,-2158,-24,1197,3527,2289,1109
IMU1,5216,53304830,-2115,-8,1104,3458,2433,1143
IMU1,5217,53315063,-2103,15,1001,3360,2708,1191
IMU1,5218,53325394,-2143,68,990,3212,2980,1247
IMU1,5219,53335530,-2212,111,981,3036,3109,1306
IMU1,5220,53345880,-2250,97,959,2852,3089,1366
IMU1,5221,53356021,-2335,153,877,2653,2963,1430
IMU1,5222,53366360,-2363,212,896,2457,2774,1489
IMU1,5223,53376704,-2320,285,900,2305,2570,1527
IMU1,5224,53387552,-2253,331,789,2170,2325,1562
IMU1,5225,53397898,-2216,377,646,2137,2316,1583
IMU1,5226,53408252,-2236,462,490,2101,2411,1611
IMU1,5227,53418583,-2273,523,372,2026,2609,1661
IMU1,5228,53428908,-2312,587,249,1913,2821,1726
IMU1,5229,53439250,-2324,630,142,1763,2973,1783
IMU1,5230,53449600,-2284,728,95,1596,3055,1797
IMU1,5231,53459739,-2366,788,54,1464,3102,1764
IMU1,5232,53469883,-2529,807,10,1362,3157,1742
IMU1,5233,53480025,-2770,941,-51,1318,3196,1758
IMU1,5234,53490265,-2949,933,-448,1221,3192,1849
IMU1,5235,53500716,-2932,1037,-202,1078,3220,2028
IMU1,5236,53511356,-3130,1133,-436,983,3352,2209
IMU1,5237,53522331,-3225,1158,-214,691,3330,2590
IMU1,5238,53532762,-3107,1247,484,631,3197,2745
IMU1,5239,53543131,-2918,998,-143,752,2917,2793
IMU1,5240,53553382,-3895,974,-471,693,2514,2815
IMU1,5241,53563634,-3632,766,-12,611,2114,3071
IMU1,5242,53573687,-3157,753,93,622,1850,3274
IMU1,5243,53583648,-2900,836,101,724,1598,3360
IMU1,5244,53593789,-2584,694,-269,821,1208,3308
IMU1,5245,53604014,-2373,821,-466,860,831,3154
IMU1,5246,53614054,-2298,905,-715,812,720,2998
IMU1,5247,53624104,-2295,751,-1045,682,872,2845
IMU1,5248,53634341,-2446,806,-1206,436,1085,2726
IMU1,5249,53644768,-2491,749,-1074,163,1275,2656
IMU1,5250,53655213,-2495,673,-616,-46,1424,2604
IMU1,5251,53666391,-2633,578,-518,-153,1391,2357
IMU1,5252,53676734,-2717,454,-451,-103,1138,2188
IMU1,5253,53687077,-2713,420,-399,-7,803,2019
IMU1,5254,53696807,-2632,381,-385,99,448,1829
IMU1,5255,53706633,-2437,346,-547,186,104,1609
IMU1,5256,53716662,-2227,428,-819,209,-184,1353
IMU1,5257,53726789,-2066,499,-1093,130,-357,1095
IMU1,5258,53737125,-2015,640,-948,5,-354,879
IMU1,5259,53746664,-2127,684,-525,18,-222,739
IMU1,5260,53756392,-2092,465,-1839,-19,-180,687
IMU1,5261,53766421,-1906,877,-1491,-250,-182,690
IMU1,5262,53776621,-1696,789,-1397,-493,74,640
IMU1,5263,53786536,-1661,811,-1295,-701,424,516
IMU1,5264,53796644,-1721,820,-1020,-843,616,361
IMU1,5265,53806757,-1766,847,-962,-870,627,218
IMU1,5266,53816676,-1779,847,-1038,-835,535,115
IMU1,5267,53826796,-1731,862,-1084,-781,432,48
IMU1,5268,53836717,-1665,886,-1035,-710,359,-2
IMU1,5269,53846550,-1568,932,-982,-605,319,-49
IMU1,5270,53856381,-1518,972,-911,-465,299,-88
IMU1,5271,53866208,-1478,1028,-931,-310,280,-123
IMU1,5272,53876428,-1471,1108,-1087,-177,216,-158
IMU1,5273,53887367,-1354,1189,-1133,-35,33,-199
IMU1,5274,53897395,-1316,1211,-1135,-13,-5,-210
IMU1,5275,53907315,-1288,1185,-1135,-8,12,-223
IMU1,5276,53917129,-1280,1170,-1152,-25,36,-218
IMU1,5277,53927145,-1307,1155,-1146,-51,51,-186
IMU1,5278,53937161,-1301,1135,-1159,-78,64,-137
IMU1,5279,53947186,-1321,1148,-1118,-95,38,-88
IMU1,5280,53957015,-1305,1130,-1081,-90,-28,-46
IMU1,5281,53966926,-1343,1146,-1078,-65,-119,-6
IMU1,5282,53976836,-1328,1139,-1132,-26,-207,29
IMU1,5283,53986849,-1306,1138,-1205,-3,-259,59
IMU1,5284,53996662,-1234,1112,-1274,-5,-254,74
IMU1,5285,54006501,-1157,1086,-1348,-38,-229,57
IMU1,5286,54016515,-1100,1110,-1383,-94,-180,11
IMU1,5287,54026525,-1106,1090,-1331,-147,-79,-47
IMU1,5288,54036634,-1218,1095,-1262,-170,44,-90
IMU1,5289,54046654,-1293,1090,-1154,-152,111,-102
IMU1,5290,54057077,-1339,1105,-1079,-82,88,-91
IMU1,5291,54066900,-1350,1090,-1107,6,-16,-64
IMU1,5292,54076540,-1337,1090,-1172,83,-144,-26
IMU1,5293,54086556,-1300,1080,-1196,139,-221,10
IMU1,5294,54096666,-1293,1113,-1208,164,-241,40
IMU1,5295,54106764,-1283,1103,-1203,179,-244,55
IMU1,5296,54116876,-1284,1067,-1178,186,-228,58
IMU1,5297,54128030,-1258,1065,-1164,164,-135,30
IMU1,5298,54138144,-1267,1067,-1113,148,-93,-14
IMU1,5299,54148171,-1263,1074,-1059,143,-68,-51
IMU1,5300,54158189,-1283,1116,-1044,154,-44,-91
IMU1,5301,54168205,-1307,1155,-1034,164,-33,-123
IMU1,5302,54178420,-1317,1172,-1050,161,-30,-142
IMU1,5303,54188633,-1270,1181,-1055,148,-46,-150
IMU1,5304,54198869,-1260,1194,-1053,129,-74,-147
IMU1,5305,54209099,-1251,1177,-1034,114,-80,-131
IMU1,5306,54219325,-1256,1172,-1021,109,-60,-99
IMU1,5307,54229358,-1270,1172,-1022,105,-29,-61
IMU1,5308,54239394,-1309,1175,-1014,93,20,-23
IMU1,5309,54249126,-1336,1187,-1012,72,81,7
IMU1,5310,54261116,-1342,1180,-1012,44,118,18
IMU1,5311,54272000,-1329,1154,-1028,-49,102,-14
IMU1,5312,54281988,-1317,1129,-1055,-89,66,-41
IMU1,5313,54291802,-1330,1092,-1073,-130,41,-65
IMU1,5314,54301826,-1334,1064,-1039,-148,11,-59
IMU1,5315,54311849,-1370,1059,-1012,-137,-13,-37
IMU1,5316,54321968,-1392,1049,-992,-100,-19,-2
IMU1,5317,54331684,-1428,1064,-989,-43,-17,27
IMU1,5318,54341305,-1452,1065,-1005,14,-29,46
IMU1,5319,54351025,-1495,1041,-1004,58,-62,46
IMU1,5320,54360761,-1555,1029,-1016,85,-109,28
IMU1,5321,54370692,-1634,991,-994,101,-174,12
IMU1,5322,54380422,-1748,959,-976,108,-244,7
IMU1,5323,54389959,-1885,971,-959,108,-323,24
IMU1,5324,54399697,-2035,1030,-933,121,-383,52
IMU1,5325,54409639,-2232,1062,-926,144,-416,86
IMU1,5326,54419552,-2486,1083,-896,171,-431,120
IMU1,5327,54429664,-2744,1044,-808,206,-417,156
IMU1,5328,54439772,-3006,1012,-661,255,-403,187
IMU1,5329,54449886,-3241,941,-548,333,-423,194
IMU1,5330,54459809,-3454,1068,-304,411,-485,150
IMU1,5331,54469938,-3652,961,-14,519,-583,44
IMU1,5332,54479471,-3898,1085,170,652,-760,-113
IMU1,5333,54489589,-4138,1071,352,781,-966,-294
IMU1,5334,54499728,-4414,1096,525,886,-1108,-474
IMU1,5335,54510061,-4774,1096,818,940,-1141,-643
IMU1,5336,54520407,-5208,1196,1251,963,-1110,-796
IMU1,5337,54530943,-5777,1776,1723,954,-1143,-1195
IMU1,5338,54541678,-5824,2134,1812,631,-1727,-1522
IMU1,5339,54552418,-5819,2509,2288,300,-2110,-1956
IMU1,5340,54563165,-5622,2989,2520,-46,-2396,-2462
IMU1,5341,54573808,-5424,3536,2138,-464,-2585,-3031
IMU1,5342,54584649,-5219,4053,1687,-1086,-2602,-3619
IMU1,5343,54595658,-5014,4478,1426,-1898,-2222,-4188
IMU1,5344,54606708,-5090,4875,1408,-2785,-1619,-4786
IMU1,5345,54617756,-6584,5568,1594,-4403,-1092,-5971
IMU1,5346,54628808,-7059,6239,1638,-5081,-1707,-6374
IMU1,5347,54639867,-7362,7110,1375,-5626,-2702,-6765
IMU1,5348,54650929,-7688,8094,823,-6127,-3723,-7153
IMU1,5349,54661774,-7648,9089,155,-6665,-4697,-7517
IMU1,5350,54672637,-7430,9956,-428,-7279,-5407,-7938
IMU1,5351,54683610,-7216,10695,-852,-7936,-5703,-8417
IMU1,5352,54694757,-6626,10682,-1335,-9147,-5335,-9288
IMU1,5353,54706101,-6133,10113,-1347,-9509,-4759,-9532
IMU1,5354,54717487,-5549,9464,-1222,-9692,-3919,-9635
IMU1,5355,54728653,-4756,8765,-1203,-9730,-3102,-9662
IMU1,5356,54739809,-3936,8058,-1196,-9693,-2563,-9660
IMU1,5357,54750948,-3214,7274,-968,-9577,-2158,-9602
IMU1,5358,54761904,-2955,6166,-469,-9286,-1379,-9033
IMU1,5359,54772858,-2573,5881,-589,-8119,-1289,-8453
IMU1,5360,54783791,-2063,5593,-511,-7403,-1444,-7812
IMU1,5361,54794761,-1704,5169,-424,-6622,-1681,-7185
IMU1,5362,54805687,-1411,4749,-360,-5814,-2029,-6572
IMU1,5363,54816612,-1228,4343,-401,-5042,-2474,-5977
IMU1,5364,54827551,-909,4017,-674,-4366,-2909,-5417
IMU1,5365,54838285,-791,3379,-1493,-3846,-3203,-4922
IMU1,5366,54849216,-738,3136,-1985,-3434,-3237,-3999
IMU1,5367,54860158,-782,2921,-2334,-3544,-3001,-3559
IMU1,5368,54871114,-801,2801,-2730,-3792,-2569,-3130
IMU1,5369,54882054,-1002,2683,-3201,-4160,-2049,-2742
IMU1,5370,54893168,-923,2561,-3271,-4631,-1644,-2400
IMU1,5371,54904084,-774,2436,-3205,-5053,-1331,-2320
IMU1,5372,54915014,-1211,1950,-2305,-5378,-1095,-2212
IMU1,5373,54926155,-776,1455,-2026,-5120,-559,-1971
IMU1,5374,54936887,-811,1247,-1980,-4566,-200,-1790
IMU1,5375,54947614,-772,1270,-1584,-3801,135,-1546
IMU1,5376,54958268,-693,1402,-1679,-2929,508,-1292
IMU1,5377,54968896,-647,1543,-1846,-2096,612,-1109
IMU1,5378,54979525,-606,1624,-2016,-1374,287,-991
IMU1,5379,54989948,-352,1627,-2296,-795,-245,-953
# swing_peak_seq=5353
IMU1,5380,55000279,-220,1630,-2500,-370,-679,-1036
IMU1,5381,55010812,-164,1501,-2659,-80,-869,-1149
IMU1,5382,55021138,-258,1369,-2774,105,-881,-1227
IMU1,5383,55032088,-306,1354,-2842,323,-626,-1185
IMU1,5384,55042535,-349,1404,-3027,369,-502,-1071
IMU1,5385,55052967,-391,1371,-3108,370,-446,-911
IMU1,5386,55063188,-395,1291,-3112,355,-400,-701
IMU1,5387,55073420,-349,1218,-3020,360,-306,-452
IMU1,5388,55083648,-376,1102,-2894,418,-177,-200
IMU1,5389,55093864,-333,975,-2793,524,-60,45
IMU1,5390,55103388,-305,886,-2692,659,25,238
IMU1,5391,55113027,-257,807,-2582,808,63,353
IMU1,5392,55122652,-284,776,-2520,967,52,393
IMU1,5393,55132295,-305,757,-2478,1125,14,385
IMU1,5394,55142138,-412,741,-2449,1285,-8,360
IMU1,5395,55151876,-451,699,-2377,1440,19,353
IMU1,5396,55161731,-542,654,-2244,1613,84,381
IMU1,5397,55171567,-593,599,-2136,1821,156,447
IMU1,5398,55181620,-708,489,-2074,2039,201,515
IMU1,5399,55191662,-485,407,-1961,2262,245,545
IMU1,5400,55201710,-451,355,-1710,2515,306,473
IMU1,5401,55211756,-451,277,-1656,2829,377,340
IMU1,5402,55221798,-391,215,-1594,3149,444,174
IMU1,5403,55231842,-400,140,-1493,3455,514,4
IMU1,5404,55241492,-518,15,-1419,3769,613,-123
IMU1,5405,55251436,-535,-135,-1455,4060,725,-192
IMU1,5406,55264226,-728,-233,-1162,4589,1020,-295
IMU1,5407,55274659,-1016,-346,-1086,4848,1191,-321
IMU1,5408,55285294,-842,-472,-1154,5071,1258,-339
IMU1,5409,55295744,-634,-532,-1211,5233,1239,-396
IMU1,5410,55306213,-578,-597,-1337,5317,1223,-454
IMU1,5411,55316654,-531,-800,-1495,5279,1199,-419
IMU1,5412,55327082,-626,-920,-1514,5122,1155,-272
IMU1,5413,55337523,-818,-1005,-1340,4902,1136,-17
IMU1,5414,55347950,-885,-1072,-1150,4700,1140,327
IMU1,5415,55359012,-804,-982,-1008,4335,1261,1063
IMU1,5416,55369558,-908,-951,-1090,4162,1422,1423
IMU1,5417,55380107,-1363,-957,-936,3960,1553,1792
IMU1,5418,55390651,-1848,-1136,-800,3753,1708,2213
IMU1,5419,55401398,-2297,-1373,-729,3545,1831,2662
IMU1,5420,55412134,-2149,-1366,-614,3304,1949,3089
IMU1,5421,55422877,-1808,-1567,-109,3057,2210,3390
IMU1,5422,55433627,-1408,-1699,417,2893,2624,3500
IMU1,5423,55444261,-1112,-1607,828,2834,2965,3368
IMU1,5424,55455419,-1196,-1607,643,2885,3139,2520
IMU1,5425,55466069,-1368,-1520,453,2848,3089,2017
IMU1,5426,55476710,-1464,-1354,189,2746,3131,1622
IMU1,5427,55487358,-1632,-1222,54,2571,3373,1391
IMU1,5428,55497811,-1869,-1081,179,2358,3768,1362
IMU1,5429,55508464,-2045,-1126,267,2200,4116,1510
IMU1,5430,55519119,-2146,-1054,514,2115,4279,1779
IMU1,5431,55529790,-1903,-913,752,2110,4329,2050
IMU1,5432,55540254,-2407,-908,861,2158,4387,2349
IMU1,5433,55551243,-2014,-860,815,2243,4449,3112
IMU1,5434,55561711,-1759,-714,717,2237,4501,3272
IMU1,5435,55572177,-1692,-615,579,2173,4493,3277
IMU1,5436,55582632,-1796,-535,421,2048,4466,3216
IMU1,5437,55593094,-1992,-474,378,1863,4497,3194
IMU1,5438,55603563,-2257,-403,824,1682,4565,3272
IMU1,5439,55613994,-2393,-429,1609,1667,4489,3468
IMU1,5440,55624647,-2981,-597,2294,2053,4216,3650
IMU1,5441,55635297,-4027,-660,1594,2526,3767,4048
IMU1,5442,55645944,-3885,-891,620,2867,3173,4690
IMU1,5443,55656935,-2367,-534,656,2752,3161,5453
IMU1,5444,55667401,-2356,-573,382,2454,3602,5315
IMU1,5445,55677857,-2410,-341,334,2057,3743,5019
IMU1,5446,55688324,-2638,-228,-80,1669,3679,4638
IMU1,5447,55698659,-2600,-157,-618,1249,3485,4225
IMU1,5448,55709205,-2590,4,-529,812,3218,3755
IMU1,5449,55719031,-2940,82,99,532,3135,3294
IMU1,5450,55728779,-3342,-17,686,571,3263,3007
IMU1,5451,55738814,-3491,-30,582,850,3302,2954
IMU1,5452,55748863,-3339,197,-52,1086,3093,3047
IMU1,5453,55759102,-3223,311,-233,1121,2821,3177
IMU1,5454,55769555,-3181,304,-331,1014,2607,3328
IMU1,5455,55780007,-3188,322,-383,823,2440,3494
IMU1,5456,55790250,-3169,377,-435,587,2233,3644
IMU1,5457,55801548,-2800,455,-531,210,1473,3620
IMU1,5458,55811800,-2719,413,-664,102,1183,3445
IMU1,5459,55822035,-2693,416,-669,52,1104,3249
IMU1,5460,55832071,-2724,388,-767,55,1200,3085
IMU1,5461,55842113,-2611,415,-735,88,1359,2970
IMU1,5462,55852147,-2715,483,-643,167,1492,2863
IMU1,5463,55862384,-2985,409,-569,267,1448,2803
IMU1,5464,55872623,-2959,437,-711,383,1153,2856
IMU1,5465,55882869,-2606,517,-887,414,792,2943
IMU1,5466,55892913,-2420,566,-701,392,549,2959
IMU1,5467,55902963,-2330,579,-740,369,352,2921
IMU1,5468,55913016,-2304,653,-703,346,194,2870
IMU1,5469,55923058,-2309,622,-657,328,139,2830
IMU1,5470,55933108,-2243,612,-784,294,151,2793
IMU1,5471,55943171,-2098,595,-894,220,150,2718
IMU1,5472,55953225,-2050,595,-967,87,96,2564
IMU1,5473,55962863,-1931,587,-1004,-60,20,2365
IMU1,5474,55972802,-1865,620,-924,-191,-16,2126
IMU1,5475,55983874,-1872,710,-823,-267,4,1639
IMU1,5476,55993627,-1979,709,-641,-198,60,1502
IMU1,5477,56003563,-1983,734,-534,-25,45,1416
IMU1,5478,56013291,-1920,734,-524,193,-44,1336
IMU1,5479,56023209,-1844,743,-578,403,-179,1258
IMU1,5480,56033334,-1748,761,-764,561,-365,1130
IMU1,5481,56043459,-1775,777,-866,624,-543,961
IMU1,5482,56053400,-1765,790,-830,625,-687,810
IMU1,5483,56063340,-1659,814,-878,600,-726,691
IMU1,5484,56073286,-1569,861,-957,554,-646,564
IMU1,5485,56083224,-1608,884,-994,474,-520,421
IMU1,5486,56093140,-1670,863,-1006,371,-383,307
IMU1,5487,56103271,-1693,880,-985,258,-277,230
IMU1,5488,56113201,-1716,894,-838,164,-254,176
IMU1,5489,56123132,-1664,896,-758,121,-286,143
IMU1,5490,56133059,-1617,918,-784,103,-353,90
IMU1,5491,56142795,-1560,932,-863,87,-412,40
IMU1,5492,56152332,-1502,932,-947,51,-436,-7
IMU1,5493,56161775,-1479,932,-1020,-11,-420,-52
IMU1,5494,56171693,-1433,976,-1078,-86,-391,-97
IMU1,5495,56181619,-1402,1006,-1084,-158,-356,-137
IMU1,5496,56192141,-1363,1040,-1099,-208,-270,-166
IMU1,5497,56202646,-1380,1073,-1110,-243,-143,-184
IMU1,5498,56213160,-1400,1070,-1085,-273,-33,-184
IMU1,5499,56224521,-1446,1059,-982,-270,41,-157
IMU1,5500,56234541,-1402,1071,-995,-249,4,-148
IMU1,5501,56244378,-1368,1096,-1024,-225,-77,-153
IMU1,5502,56254703,-1370,1107,-1044,-207,-145,-153
IMU1,5503,56267796,-1340,1114,-1069,-192,-158,-155
IMU1,5504,56278340,-1329,1162,-1118,-177,-149,-152
IMU1,5505,56288883,-1338,1171,-1177,-168,-134,-154
IMU1,5506,56299409,-1359,1167,-1204,-168,-122,-147
IMU1,5507,56309940,-1376,1147,-1240,-176,-104,-124
IMU1,5508,56320470,-1374,1133,-1261,-181,-94,-36
IMU1,5509,56330573,-1397,1104,-1224,-184,-115,-1
IMU1,5510,56340686,-1390,1060,-1168,-172,-146,44
IMU1,5511,56350901,-1404,1082,-1146,-149,-165,67
IMU1,5512,56361121,-1420,1078,-1127,-117,-194,75
IMU1,5513,56371334,-1416,1071,-1171,-90,-215,76
IMU1,5514,56381354,-1408,1083,-1208,-80,-228,69
IMU1,5515,56391381,-1390,1079,-1251,-76,-226,54
IMU1,5516,56401415,-1363,1100,-1269,-86,-204,41
IMU1,5517,56411437,-1371,1093,-1266,-90,-157,24
IMU1,5518,56421468,-1388,1090,-1269,-85,-110,19
IMU1,5519,56431496,-1376,1076,-1234,-71,-73,30
IMU1,5520,56441334,-1386,1082,-1209,-38,-45,40
IMU1,5521,56451158,-1414,1063,-1154,11,-46,45
IMU1,5522,56460886,-1444,1052,-1122,60,-73,57
IMU1,5523,56470600,-1457,1025,-1119,103,-112,72
IMU1,5524,56480731,-1449,1027,-1141,130,-161,80
IMU1,5525,56490843,-1420,1026,-1133,146,-216,78
IMU1,5526,56500972,-1407,1041,-1145,160,-251,60
IMU1,5527,56511092,-1410,1042,-1155,157,-258,39
IMU1,5528,56521235,-1418,1016,-1162,156,-244,23
IMU1,5529,56532410,-1397,1030,-1150,139,-177,-3
IMU1,5530,56542432,-1404,1036,-1137,138,-152,-26
IMU1,5531,56552656,-1423,1040,-1135,142,-159,-51
IMU1,5532,56562879,-1455,1052,-1112,154,-171,-65
IMU1,5533,56573113,-1499,1053,-1064,179,-185,-66
IMU1,5534,56583343,-1545,1040,-1033,207,-206,-50
IMU1,5535,56593565,-1559,1042,-1025,246,-251,-33
IMU1,5536,56603793,-1595,1033,-1036,276,-313,-16
IMU1,5537,56614039,-1677,1027,-1049,300,-358,1
IMU1,5538,56623977,-1774,1087,-1053,318,-397,13
IMU1,5539,56634128,-1925,1124,-1032,336,-415,18
IMU1,5540,56644255,-2114,1090,-1040,353,-402,23
IMU1,5541,56654379,-2334,1047,-1042,366,-413,28
IMU1,5542,56664508,-2555,998,-1009,383,-482,35
IMU1,5543,56674446,-2778,915,-943,424,-584,36
IMU1,5544,56684194,-3055,825,-840,509,-679,38
IMU1,5545,56693932,-3338,707,-679,631,-735,70
IMU1,5546,56703679,-3609,567,-229,782,-724,102
IMU1,5547,56715191,-4049,474,-48,1144,-727,60
IMU1,5548,56724939,-4215,375,98,1287,-737,-81
IMU1,5549,56734671,-4431,295,240,1364,-726,-316
IMU1,5550,56744816,-4673,310,431,1356,-826,-623
IMU1,5551,56754966,-4971,336,758,1310,-1070,-969
IMU1,5552,56765317,-5356,416,1127,1260,-1357,-1293
IMU1,5553,56776070,-5632,606,1406,1215,-1622,-1559
IMU1,5554,56786812,-5705,925,1538,1156,-1933,-1841
IMU1,5555,56797566,-5984,1240,1867,1049,-2272,-2163
IMU1,5556,56808525,-6057,1613,2155,922,-2545,-2458
IMU1,5557,56819281,-6086,2032,2627,766,-2765,-2819
IMU1,5558,56830540,-6186,2992,2612,146,-2715,-3743
IMU1,5559,56841315,-6851,3541,2812,-477,-2500,-4341
IMU1,5560,56852169,-7441,4082,2590,-1324,-2390,-4951
IMU1,5561,56863218,-7498,4998,1989,-2472,-2758,-5606
IMU1,5562,56874274,-7394,5878,1487,-3901,-3464,-6411
IMU1,5563,56885322,-7831,6650,1214,-5384,-4027,-7301
IMU1,5564,56896377,-8728,8090,404,-6698,-4226,-8083
IMU1,5565,56907211,-9103,8759,370,-8732,-4124,-9341
IMU1,5566,56918090,-8645,9629,588,-9467,-3969,-9979
IMU1,5567,56928962,-8547,9738,874,-9924,-3651,-10711
IMU1,5568,56940033,-8410,9683,1023,-10122,-3296,-11328
IMU1,5569,56951480,-8338,9198,1138,-10117,-3005,-11690
IMU1,5570,56962954,-7970,8785,1215,-9985,-2839,-11715
IMU1,5571,56974228,-6780,8021,1591,-9490,-2805,-11155
IMU1,5572,56985498,-6104,7574,1726,-9071,-2836,-10752
IMU1,5573,56996777,-5537,7248,1794,-8541,-2807,-10368
IMU1,5574,57008035,-5207,7076,1562,-7985,-2840,-10041
IMU1,5575,57019295,-4550,6740,1128,-7507,-3081,-9717
IMU1,5576,57030361,-3790,6376,762,-7175,-3473,-9425
IMU1,5577,57041258,-2789,5679,325,-6710,-3615,-8823
IMU1,5578,57052113,-2344,5439,210,-6422,-3597,-8498
IMU1,5579,57062974,-2189,5166,-84,-6058,-3608,-8143
IMU1,5580,57073718,-2073,4869,-532,-5660,-3561,-7644
IMU1,5581,57084682,-2049,4618,-1011,-5273,-3333,-6941
IMU1,5582,57095840,-1981,4280,-1507,-4902,-2876,-6042
IMU1,5583,57106995,-2116,3944,-1714,-4568,-2303,-5001
IMU1,5584,57118157,-1751,3551,-1912,-3969,-1257,-2939
IMU1,5585,57129327,-1508,3376,-1831,-3709,-947,-2249
IMU1,5586,57140273,-1537,3156,-2250,-3471,-797,-1834
IMU1,5587,57151229,-1378,2994,-2190,-3279,-772,-1550
IMU1,5588,57162187,-1363,2858,-2427,-3088,-736,-1395
IMU1,5589,57173133,-1313,2569,-2355,-2885,-624,-1296
IMU1,5590,57184068,-1340,2387,-2223,-2556,-426,-1229
IMU1,5591,57195014,-1278,2186,-2492,-2108,-172,-992
IMU1,5592,57205770,-976,2217,-2543,-1178,-101,-869
IMU1,5593,57216313,-824,2167,-2546,-750,95,-851
IMU1,5594,57226362,-827,2056,-2566,-357,264,-862
IMU1,5595,57236596,-845,1984,-2602,-9,289,-862
# swing_peak_seq=5569
IMU1,5596,57246438,-757,1956,-2644,274,211,-838
IMU1,5597,57256589,-756,1945,-2643,508,134,-813
IMU1,5598,57269297,-801,1922,-2677,710,70,-761
IMU1,5599,57279249,-759,1841,-2728,876,-14,-656
IMU1,5600,57289306,-716,1745,-2747,1010,-95,-511
IMU1,5601,57299548,-623,1640,-2756,1108,-112,-345
IMU1,5602,57309984,-590,1413,-2771,1177,-44,-162
IMU1,5603,57320752,-428,1296,-2748,1227,324,134
IMU1,5604,57330996,-400,1217,-2597,1211,553,192
IMU1,5605,57341258,-429,1132,-2495,1207,813,204
IMU1,5606,57351518,-311,1057,-2364,1208,1069,189
IMU1,5607,57361955,-344,1019,-2162,1235,1284,144
IMU1,5608,57372373,-472,954,-2035,1298,1466,126
IMU1,5609,57382604,-536,873,-1952,1375,1592,174
IMU1,5610,57392839,-555,837,-1958,1462,1615,280
IMU1,5611,57403070,-483,794,-1969,1551,1553,415
IMU1,5612,57413318,-457,753,-1886,1646,1460,546
IMU1,5613,57423559,-489,685,-1827,1762,1380,695
IMU1,5614,57433795,-430,640,-1685,1889,1360,854
IMU1,5615,57444022,-354,612,-1571,2038,1394,998
IMU1,5616,57454269,-238,542,-1228,2198,1444,1111
IMU1,5617,57465236,-191,525,-1119,2563,1438,1259
IMU1,5618,57475686,-247,470,-998,2757,1329,1324
IMU1,5619,57485919,-354,434,-1075,2939,1142,1427
IMU1,5620,57496372,-164,407,-1254,3073,936,1572
IMU1,5621,57506626,22,496,-1180,3146,775,1727
IMU1,5622,57516587,-247,417,-1217,3214,633,1907
IMU1,5623,57526839,-228,344,-1253,3271,530,2168
IMU1,5624,57537087,1015,384,-1492,3297,423,2418
IMU1,5625,57547433,617,475,-1175,3276,214,2459
IMU1,5626,57557606,73,664,-1559,3233,-78,2493
IMU1,5627,57567457,-614,1058,-1690,3108,-407,2604
IMU1,5628,57578005,-1710,826,-894,2958,-897,2861
IMU1,5629,57588352,-1561,230,-584,2964,-1607,3298
IMU1,5630,57598900,-3361,-812,-947,3045,-2020,4451
IMU1,5631,57609558,-3346,-1364,-1300,3032,-1349,5206
IMU1,5632,57620589,-2534,-1680,-1375,2885,-677,5795
IMU1,5633,57631409,-2475,-1874,-1242,2721,-545,5985
IMU1,5634,57642250,-2160,-1850,-991,2632,-788,5867
IMU1,5635,57652883,-1414,-1580,-637,2657,-527,5452
IMU1,5636,57663513,-564,-1180,-492,2757,607,4667
IMU1,5637,57673868,-573,-1020,-758,2797,2088,3524
IMU1,5638,57684394,-1511,-1318,-961,2673,3034,2358
IMU1,5639,57695135,-2203,-841,-398,2464,3166,1151
IMU1,5640,57705681,-2290,-873,-95,2274,3077,1045
IMU1,5641,57716007,-2331,-922,33,2368,2940,1180
IMU1,5642,57726245,-2131,-996,150,2527,2690,1462
IMU1,5643,57736688,-1759,-1005,179,2721,2452,1737
IMU1,5644,57747315,-1688,-890,103,2919,2326,2017
IMU1,5645,57757744,-1763,-518,-33,3067,2211,2256
IMU1,5646,57768078,-1440,-614,-143,3141,1867,2403
IMU1,5647,57778600,-1486,-857,-5,3173,1421,2431
IMU1,5648,57788737,-1837,-1040,95,3184,1149,2494
IMU1,5649,57799188,-1905,-1279,-58,3153,1113,2696
IMU1,5650,57809744,-1966,-1287,-94,3052,1310,2980
IMU1,5651,57820790,-2042,-1159,-66,2726,2170,3522
IMU1,5652,57831332,-2023,-1195,11,2534,2587,3703
IMU1,5653,57841783,-2209,-1275,200,2333,2807,3827
IMU1,5654,57852431,-2504,-1426,414,2172,2791,3957
IMU1,5655,57863090,-2672,-1584,520,2074,2530,4162
IMU1,5656,57873731,-2692,-1635,674,2048,2085,4426
IMU1,5657,57884365,-2674,-1471,731,2108,1613,4690
IMU1,5658,57895001,-2681,-1383,567,2197,1184,4906
IMU1,5659,57905649,-2678,-1160,472,2250,804,5136
IMU1,5660,57916088,-2320,-866,211,2268,524,5514
IMU1,5661,57926862,-2483,-691,400,2107,406,5532
IMU1,5662,57937095,-2694,-567,1231,2104,357,5502
IMU1,5663,57947544,-3005,-352,6009,3045,-162,5384
IMU1,5664,57958090,-4155,-2029,-363,4013,-1517,5393
IMU1,5665,57968941,-3428,-991,679,4695,-3754,5694
IMU1,5666,57979493,-3119,-647,1303,5301,-4714,5682
IMU1,5667,57990249,-2744,-898,1125,5849,-4258,5481
IMU1,5668,58000991,-2397,-707,514,6012,-3366,5201
IMU1,5669,58011528,-3354,-432,2070,6091,-2204,4901
IMU1,5670,58022270,-2038,-26,-350,5714,952,4763
IMU1,5671,58032428,-2136,567,-706,4994,2355,4626
IMU1,5672,58042891,-2910,861,-511,4100,3262,4527
IMU1,5673,58053332,-2464,1122,-123,3292,3688,4530
IMU1,5674,58063976,-1048,1489,1302,2797,3482,4299
IMU1,5675,58074732,-2044,1310,2592,3087,2700,3617
IMU1,5676,58085489,-2440,1367,-155,3100,1528,3045
IMU1,5677,58096137,-2202,1521,-402,3001,347,2689
IMU1,5678,58106578,-2422,1237,216,2539,-364,2293
IMU1,5679,58117033,-3223,1018,-62,2072,-507,2018
IMU1,5680,58127372,-2906,1034,-54,1716,-597,2013
IMU1,5681,58138226,-2028,1245,-89,978,-1095,2064
IMU1,5682,58148562,-1547,1318,774,728,-907,1743
IMU1,5683,58158810,-1521,1143,977,697,-501,1251
IMU1,5684,58169062,-1904,1027,755,783,-138,775
IMU1,5685,58179106,-2339,938,167,831,46,446
IMU1,5686,58188648,-2408,975,-188,665,76,298
IMU1,5687,58198283,-2335,1066,57,465,179,236
IMU1,5688,58208031,-2252,1053,143,313,322,199
IMU1,5689,58217961,-2309,1070,-138,202,375,164
IMU1,5690,58227993,-2394,1119,-169,60,343,166
IMU1,5691,58237840,-2316,1145,-259,-77,298,215
IMU1,5692,58247790,-2217,1146,-573,-272,291,265
IMU1,5693,58257925,-2198,1107,-806,-523,342,313
IMU1,5694,58270620,-2082,1021,-720,-824,429,377
IMU1,5695,58280751,-1944,1059,-662,-1077,466,429
IMU1,5696,58291085,-2052,1150,-353,-1237,386,531
IMU1,5697,58301958,-2086,1203,-245,-1197,9,646
IMU1,5698,58311898,-2131,1269,-198,-1027,-146,801
IMU1,5699,58322335,-2151,1313,-137,-813,-238,962
IMU1,5700,58332569,-2112,1324,-107,-601,-312,1122
IMU1,5701,58342999,-2026,1354,-126,-431,-371,1238
IMU1,5702,58353432,-1957,1349,-230,-317,-387,1280
IMU1,5703,58363870,-1797,1313,-462,-296,-405,1261
IMU1,5704,58374313,-1642,1337,-772,-385,-511,1168
IMU1,5705,58384747,-1607,1381,-989,-567,-679,1037
IMU1,5706,58395166,-1611,1339,-951,-768,-763,915
IMU1,5707,58405410,-1618,1310,-782,-896,-667,822
IMU1,5708,58415634,-1618,1230,-619,-883,-458,745
IMU1,5709,58426909,-1645,1107,-571,-588,61,561
IMU1,5710,58436839,-1532,1139,-508,-375,365,451
IMU1,5711,58446974,-1505,1212,-613,-167,670,287
IMU1,5712,58457113,-1509,1158,-577,-10,966,90
IMU1,5713,58466863,-1560,1117,-359,140,1182,-125
IMU1,5714,58477210,-1725,1146,-55,324,1233,-345
IMU1,5715,58487345,-1856,1145,166,571,1079,-537
IMU1,5716,58497595,-1919,1170,243,839,755,-693
IMU1,5717,58507647,-1930,1250,202,1073,374,-829
IMU1,5718,58517887,-1921,1315,152,1212,68,-943
IMU1,5719,58527935,-1911,1366,96,1239,-72,-1039
IMU1,5720,58538095,-1933,1439,83,1159,-74,-1120
IMU1,5721,58548236,-1979,1485,156,987,-29,-1184
IMU1,5722,58558379,-2007,1496,233,744,7,-1235
IMU1,5723,58568244,-2108,1526,349,454,3,-1282
IMU1,5724,58578079,-2223,1538,505,120,-49,-1321
IMU1,5725,58588208,-2314,1517,656,-215,-182,-1357
IMU1,5726,58598639,-2270,1572,769,-540,-432,-1418
IMU1,5727,58609602,-2249,1611,765,-1184,-1204,-1641
IMU1,5728,58620424,-2246,1652,747,-1467,-1551,-1748
IMU1,5729,58631265,-2254,1671,653,-1724,-1791,-1808
IMU1,5730,58642097,-2284,1710,522,-1953,-1929,-1822
IMU1,5731,58652929,-2220,1683,454,-2168,-1983,-1785
IMU1,5732,58663766,-2233,1641,503,-2341,-1943,-1720
IMU1,5733,58674604,-2230,1565,607,-2444,-1851,-1620
IMU1,5734,58685453,-2321,1442,892,-2471,-1768,-1341
IMU1,5735,58696285,-2301,1411,1032,-2331,-1623,-1186
IMU1,5736,58707325,-2279,1402,1029,-2194,-1593,-1062
IMU1,5737,58718371,-2248,1369,910,-2075,-1618,-978
IMU1,5738,58729022,-2178,1362,814,-2020,-1695,-909
IMU1,5739,58739653,-2090,1326,714,-2023,-1762,-861
IMU1,5740,58750286,-2105,1337,684,-2069,-1780,-822
IMU1,5741,58760931,-2191,1313,752,-2132,-1755,-764
IMU1,5742,58771589,-2235,1300,1153,-2184,-1686,-675
IMU1,5743,58782441,-2289,1317,1488,-2134,-1446,-522
IMU1,5744,58793278,-2208,1325,1663,-2003,-1409,-536
IMU1,5745,58804120,-2203,1278,1609,-1857,-1475,-647
IMU1,5746,58814955,-2170,1253,1376,-1782,-1688,-794
IMU1,5747,58825812,-2121,1265,1068,-1832,-1950,-934
IMU1,5748,58836664,-2057,1251,800,-2010,-2096,-1048
IMU1,5749,58847499,-2084,1234,595,-2288,-2086,-1118
IMU1,5750,58858356,-2189,1141,817,-2619,-1970,-1120
IMU1,5751,58869209,-2184,1138,1158,-3090,-1666,-1008
IMU1,5752,58880265,-2212,1129,1458,-3088,-1614,-982
IMU1,5753,58891085,-2168,1139,1539,-2963,-1648,-961
IMU1,5754,58901919,-2129,1130,1457,-2788,-1676,-953
IMU1,5755,58912766,-2204,1105,1382,-2644,-1675,-934
IMU1,5756,58923606,-2202,1051,1285,-2551,-1701,-874
IMU1,5757,58934445,-2194,967,1155,-2514,-1793,-798
IMU1,5758,58945100,-2120,942,1099,-2532,-1975,-695
IMU1,5759,58955754,-1947,879,962,-2595,-2492,-661
IMU1,5760,58966206,-1949,772,738,-2640,-2630,-607
IMU1,5761,58976649,-1918,692,888,-2703,-2560,-514
IMU1,5762,58987085,-1922,563,1235,-2691,-2377,-386
IMU1,5763,58997709,-1846,429,1490,-2556,-2228,-277
IMU1,5764,59008344,-1886,285,1523,-2328,-2263,-225
IMU1,5765,59018952,-1822,191,1450,-2085,-2541,-206
IMU1,5766,59029573,-1740,33,984,-1889,-2884,-209
IMU1,5767,59039796,-1685,-36,513,-1842,-3051,-204
IMU1,5768,59050121,-1667,-124,244,-1946,-2984,-162
IMU1,5769,59060624,-1535,-444,401,-2121,-2724,-54
IMU1,5770,59071459,-1557,-618,612,-2316,-2258,-93
IMU1,5771,59081808,-1686,-850,883,-2253,-2244,-154
IMU1,5772,59092322,-1779,-994,1051,-2061,-2301,-202
IMU1,5773,59103044,-1720,-1248,969,-1790,-2372,-255
IMU1,5774,59113776,-1921,-1086,1078,-1526,-2300,-338
IMU1,5775,59124701,-1901,-1367,673,-1287,-2238,-420
IMU1,5776,59135431,-1771,-1532,-131,-1203,-2255,-492
IMU1,5777,59146266,-1527,-1647,-582,-1369,-1971,-572
IMU1,5778,59157072,-623,-1626,-824,-2026,-723,-909
IMU1,5779,59167492,-311,-1645,-323,-2257,-63,-1336
IMU1,5780,59177911,-220,-1662,184,-2242,457,-1886
IMU1,5781,59188340,-237,-1600,667,-1956,833,-2435
IMU1,5782,59198761,-348,-1544,1276,-1422,990,-2896
IMU1,5783,59209401,-488,-1473,1458,-692,925,-3201
IMU1,5784,59219817,-593,-1364,1270,57,775,-3310
IMU1,5785,59229961,-559,-1235,912,649,650,-3243
IMU1,5786,59240095,-428,-1113,472,993,613,-3068
IMU1,5787,59250232,-257,-996,238,1089,668,-2862
IMU1,5788,59260369,-181,-823,366,1042,720,-2685
IMU1,5789,59273050,71,-574,1075,1087,718,-2492
IMU1,5790,59283097,84,-523,1084,1264,741,-2462
IMU1,5791,59293149,65,-535,915,1433,763,-2412
IMU1,5792,59303000,12,-620,694,1498,781,-2294
IMU1,5793,59312855,-12,-740,487,1440,855,-2089
IMU1,5794,59322776,1,-853,302,1260,992,-1826
IMU1,5795,59332430,-37,-979,75,983,1117,-1536
IMU1,5796,59342178,-92,-1053,-151,623,1181,-1250
IMU1,5797,59352418,-86,-1062,-85,226,1182,-994
IMU1,5798,59362247,-79,-1037,154,-98,1185,-784
IMU1,5799,59372083,-135,-1030,327,-290,1271,-620
IMU1,5800,59382319,-208,-1034,445,-358,1410,-486
IMU1,5801,59392555,-159,-1012,546,-322,1528,-395
IMU1,5802,59402768,-103,-1023,564,-212,1634,-374
IMU1,5803,59412977,-84,-1038,463,-75,1791,-403
IMU1,5804,59422792,-110,-1046,255,24,2027,-438
IMU1,5805,59432713,-202,-1043,44,34,2332,-440
IMU1,5806,59442447,-282,-993,-202,-70,2708,-383
IMU1,5807,59452371,-445,-959,-367,-288,3130,-277
IMU1,5808,59462509,-546,-887,-386,-572,3523,-149
IMU1,5809,59472632,-501,-804,-351,-840,3842,-59
IMU1,5810,59482558,-606,-724,-297,-1065,4120,-33
IMU1,5811,59492690,-862,-712,203,-1202,4346,-15
IMU1,5812,59503770,-1011,-536,242,-1004,4522,164
IMU1,5813,59514107,-1023,-450,149,-746,4672,319
IMU1,5814,59524264,-1088,-396,3,-497,5016,527
IMU1,5815,59534002,-1196,-292,-127,-321,5540,794
IMU1,5816,59544243,-1422,-183,-79,-240,6079,1100
IMU1,5817,59554485,-1796,0,258,-189,6423,1446
IMU1,5818,59564219,-2222,148,727,-88,6465,1851
IMU1,5819,59574261,-2475,152,1123,121,6198,2316
IMU1,5820,59584630,-2488,165,1225,410,5661,2779
IMU1,5821,59594982,-2428,222,1288,715,4983,3140
IMU1,5822,59605350,-2293,310,1164,1007,4356,3367
IMU1,5823,59615908,-2174,348,820,1221,3899,3489
IMU1,5824,59626275,-2161,344,395,1286,3699,3572
IMU1,5825,59636625,-2402,365,258,1174,3777,3682
IMU1,5826,59646987,-2896,567,706,974,3922,3872
IMU1,5827,59657666,-2966,656,754,735,3541,4378
IMU1,5828,59667821,-3065,839,737,684,3244,4617
IMU1,5829,59677980,-3001,937,585,601,3155,4844
IMU1,5830,59688161,-2779,969,311,437,3254,5005
IMU1,5831,59698312,-2617,1001,-53,153,3430,5076
IMU1,5832,59708576,-2561,974,-314,-258,3600,5052
IMU1,5833,59718927,-2575,908,-454,-751,3662,4960
IMU1,5834,59729282,-2650,895,-347,-1218,3584,4797
IMU1,5835,59739832,-2671,884,-216,-1551,3345,4591
IMU1,5836,59750397,-2711,960,-128,-1707,3024,4380
IMU1,5837,59760972,-2770,1203,-199,-1697,2701,4180
IMU1,5838,59771707,-2834,1381,-502,-1565,2404,4005
IMU1,5839,59782975,-2911,1313,-671,-1146,1930,3804
IMU1,5840,59793727,-2808,1340,-803,-940,1761,3731
IMU1,5841,59804275,-2675,1346,-806,-733,1544,3593
IMU1,5842,59814811,-2504,1399,-775,-497,1277,3366
IMU1,5843,59825353,-2365,1453,-751,-240,989,3035
IMU1,5844,59835706,-2307,1429,-738,39,707,2634
IMU1,5845,59845766,-2319,1431,-800,315,449,2225
IMU1,5846,59856012,-2377,1466,-913,553,198,1855
IMU1,5847,59866255,-2428,1481,-1048,739,-26,1557
IMU1,5848,59876588,-2365,1471,-1179,859,-195,1323
IMU1,5849,59887134,-2268,1389,-1253,910,-319,1122
IMU1,5850,59898208,-2084,1255,-1236,944,-491,759
IMU1,5851,59908565,-2042,1233,-1249,956,-529,600
IMU1,5852,59918910,-2049,1229,-1316,968,-532,451
IMU1,5853,59929256,-2043,1240,-1408,951,-520,334
IMU1,5854,59939605,-1997,1255,-1430,916,-505,237
IMU1,5855,59949960,-1951,1229,-1477,868,-510,142
IMU1,5856,59960313,-1884,1196,-1498,817,-546,50
IMU1,5857,59970473,-1938,1153,-1417,780,-594,-17
IMU1,5858,59980719,-1994,1082,-1291,789,-626,-29
IMU1,5859,59990972,-1951,1041,-1209,844,-643,12
IMU1,5860,60001113,-1843,1034,-1198,918,-652,59
IMU1,5861,60011263,-1744,1089,-1253,992,-653,75
IMU1,5862,60021402,-1719,1107,-1309,1031,-657,58
IMU1,5863,60031742,-1684,1057,-1291,1025,-640,43
IMU1,5864,60042596,-1607,1045,-1218,953,-565,32
IMU1,5865,60052729,-1525,1055,-1156,924,-559,22
IMU1,5866,60062872,-1412,1082,-1156,890,-579,0
IMU1,5867,60072718,-1370,1125,-1201,852,-582,-39
IMU1,5868,60082958,-1400,1132,-1211,796,-519,-55
IMU1,5869,60093211,-1392,1128,-1180,730,-369,-27
IMU1,5870,60103453,-1374,1170,-1125,658,-192,5
IMU1,5871,60113403,-1386,1223,-1009,600,-57,19
IMU1,5872,60123347,-1426,1249,-955,559,18,5
IMU1,5873,60132815,-1420,1250,-949,525,43,-20
IMU1,5874,60142560,-1385,1272,-1014,479,25,-50
IMU1,5875,60152508,-1401,1271,-1032,409,-2,-79
IMU1,5876,60162357,-1366,1230,-1034,333,20,-87
IMU1,5877,60172289,-1347,1265,-1029,264,68,-83
IMU1,5878,60182224,-1401,1272,-1003,214,123,-78
IMU1,5879,60192367,-1445,1263,-979,176,180,-56
IMU1,5880,60202295,-1481,1261,-959,151,192,-16
IMU1,5881,60212239,-1541,1233,-920,139,141,32
IMU1,5882,60222081,-1540,1177,-900,141,47,94
IMU1,5883,60231724,-1496,1169,-913,158,-56,151
IMU1,5884,60241666,-1462,1161,-956,175,-147,192
IMU1,5885,60251803,-1469,1162,-1024,185,-211,224
IMU1,5886,60262144,-1476,1151,-1075,190,-232,254
IMU1,5887,60275053,-1523,1130,-1054,193,-150,321
IMU1,5888,60285400,-1561,1100,-1002,207,-134,361
IMU1,5889,60295749,-1579,1064,-933,244,-190,385
IMU1,5890,60305885,-1590,1044,-884,316,-293,400
IMU1,5891,60316029,-1586,1021,-864,399,-410,407
IMU1,5892,60326168,-1585,1027,-904,486,-539,406
IMU1,5893,60336309,-1601,1022,-947,556,-659,398
IMU1,5894,60346450,-1618,1030,-1017,603,-719,389
IMU1,5895,60356791,-1658,1026,-1036,617,-719,381
IMU1,5896,60367146,-1693,1003,-1034,612,-683,370
IMU1,5897,60377492,-1808,1024,-947,596,-641,352
IMU1,5898,60388684,-2117,924,-955,573,-652,335
IMU1,5899,60398640,-2262,864,-907,567,-720,333
IMU1,5900,60408590,-2420,813,-822,590,-776,343
IMU1,5901,60418544,-2613,824,-734,639,-843,361
IMU1,5902,60428483,-2823,772,-581,712,-913,363
IMU1,5903,60438433,-3091,696,-430,832,-985,365
IMU1,5904,60448377,-3366,703,-320,966,-1104,360
IMU1,5905,60458510,-3544,687,-184,1098,-1295,345
IMU1,5906,60468842,-3716,691,-63,1210,-1469,296
IMU1,5907,60478981,-3896,765,45,1298,-1598,196
IMU1,5908,60489036,-4010,864,177,1341,-1709,46
IMU1,5909,60499070,-4193,919,345,1336,-1807,-153
IMU1,5910,60509417,-4536,951,595,1286,-1856,-368
IMU1,5911,60519776,-4847,1089,975,1219,-1898,-546
IMU1,5912,60530326,-5103,1280,1475,1171,-1970,-713
IMU1,5913,60541090,-5286,1561,1923,1153,-2079,-907
IMU1,5914,60552368,-5335,2349,1955,871,-2430,-1539
IMU1,5915,60563130,-5207,2738,1874,496,-2671,-1987
IMU1,5916,60573888,-5151,3132,1881,-40,-2750,-2518
IMU1,5917,60584554,-5350,3602,1955,-705,-2688,-3046
IMU1,5918,60595413,-5678,4037,2065,-1415,-2605,-3533
IMU1,5919,60606467,-6181,4480,2178,-2133,-2559,-3971
IMU1,5920,60617546,-6762,4989,2250,-2858,-2611,-4362
IMU1,5921,60628615,-7094,6395,1716,-4410,-3178,-5387
IMU1,5922,60639688,-7130,7223,1152,-5285,-3554,-6195
IMU1,5923,60650757,-7309,7735,527,-6201,-3760,-7147
IMU1,5924,60661632,-7707,8450,267,-7109,-3825,-8122
IMU1,5925,60672500,-7784,8907,323,-7874,-3724,-9041
IMU1,5926,60683351,-8242,8985,273,-8415,-3820,-9888
IMU1,5927,60694212,-8262,9145,23,-8838,-4089,-10427
IMU1,5928,60705067,-7761,8970,-34,-9226,-4186,-10613
IMU1,5929,60716014,-7063,8908,-82,-9729,-3837,-10383
IMU1,5930,60726979,-6213,8592,-66,-9830,-3500,-10139
IMU1,5931,60737958,-5414,8280,101,-9793,-3175,-9976
IMU1,5932,60748835,-4681,7910,361,-9625,-2799,-9906
IMU1,5933,60759700,-4244,7479,588,-9282,-2435,-9922
IMU1,5934,60770574,-4093,7147,721,-8831,-2225,-9930
IMU1,5935,60781447,-3940,6676,580,-8353,-2291,-9816
IMU1,5936,60792839,-3602,6282,147,-7482,-3085,-9146
IMU1,5937,60803716,-3270,6000,-51,-7181,-3765,-8653
IMU1,5938,60814467,-2861,5632,-52,-6921,-4434,-8072
IMU1,5939,60825215,-2496,5200,-69,-6585,-4867,-7401
IMU1,5940,60835964,-2113,4757,-275,-6161,-5008,-6692
IMU1,5941,60846920,-1683,4419,-770,-5671,-4909,-5983
IMU1,5942,60857870,-1535,4058,-1343,-5204,-4569,-5267
IMU1,5943,60869007,-1841,3723,-2414,-4417,-3007,-3745
IMU1,5944,60880156,-1854,3664,-3148,-4195,-2255,-3075
IMU1,5945,60891305,-1664,3507,-3541,-4147,-1772,-2583
IMU1,5946,60902444,-1388,3204,-3383,-4091,-1317,-2265
IMU1,5947,60913564,-1248,2807,-2888,-3812,-675,-2069
IMU1,5948,60924512,-1248,2408,-2485,-3216,87,-1913
IMU1,5949,60935162,-1092,2378,-2049,-2361,732,-1759
IMU1,5950,60946538,-1002,2452,-1962,-319,617,-1672
IMU1,5951,60957190,-1368,2321,-2428,563,-449,-1819
IMU1,5952,60967831,-1321,2198,-2649,1252,-1671,-1881
IMU1,5953,60978871,-1278,2012,-2836,1836,-2414,-1829
IMU1,5954,60989929,-1299,1668,-3052,2327,-2552,-1683
IMU1,5955,61000967,-1200,1463,-3109,2708,-2327,-1456
# swing_peak_seq=5929
IMU1,5956,61012009,-1117,1310,-3321,2952,-1942,-1250
IMU1,5957,61023055,-1044,1178,-3450,2883,-1298,-1020
IMU1,5958,61034097,-1080,1136,-3583,2616,-1120,-946
IMU1,5959,61044939,-1097,1040,-3527,2271,-976,-840
IMU1,5960,61055576,-1082,942,-3500,1915,-793,-670
IMU1,5961,61066049,-1043,843,-3436,1578,-538,-445
IMU1,5962,61076493,-1028,762,-3348,1293,-233,-193
IMU1,5963,61086924,-964,637,-3218,1072,78,49
IMU1,5964,61096574,-921,526,-3021,912,369,265
IMU1,5965,61106437,-936,439,-2821,826,623,444
IMU1,5966,61116304,-973,373,-2588,821,811,575
IMU1,5967,61126159,-1071,300,-2423,874,923,663
IMU1,5968,61136220,-1113,221,-2286,973,980,711
IMU1,5969,61146272,-1062,91,-2143,1096,1003,693
IMU1,5970,61156520,-1129,-26,-1923,1248,1009,611
IMU1,5971,61167903,-1163,-274,-1847,1649,1026,359
IMU1,5972,61178459,-1217,-350,-1748,1872,1096,209
IMU1,5973,61189017,-1168,-433,-1725,2092,1230,55
IMU1,5974,61199372,-1019,-448,-1621,2299,1443,-141
IMU1,5975,61210005,-995,-450,-1479,2505,1685,-369
IMU1,5976,61220443,-876,-491,-1375,2714,1884,-580
IMU1,5977,61230895,-783,-455,-1232,2912,2001,-753
IMU1,5978,61241357,-566,-389,-1151,3102,2077,-864
IMU1,5979,61251820,-66,-392,-1385,3247,2056,-930
IMU1,5980,61262074,-525,-327,-898,3297,1835,-1016
IMU1,5981,61274980,-145,-156,-926,3409,1316,-878
IMU1,5982,61285237,-125,-193,-1083,3415,1106,-744
IMU1,5983,61295683,105,-267,-1014,3380,993,-602
IMU1,5984,61305834,166,-291,-1074,3325,899,-481
IMU1,5985,61315983,171,-233,-1152,3237,770,-361
IMU1,5986,61326141,191,-359,-1335,3107,659,-235
IMU1,5987,61336299,-266,-251,-1155,2938,624,-107
IMU1,5988,61346560,-1085,-257,-1095,2785,696,120
IMU1,5989,61356908,-1610,-584,-562,2663,881,522
IMU1,5990,61367060,-1826,-1088,-207,2635,1203,1068
IMU1,5991,61377810,-1353,-1315,-240,2643,1716,1701
IMU1,5992,61389083,-1675,-1641,-373,2418,2914,2903
IMU1,5993,61399835,-1954,-1747,-912,2132,2837,3524
IMU1,5994,61410614,-1638,-1764,-602,1769,2875,4073
IMU1,5995,61421376,-1466,-1807,-313,1480,2642,4437
IMU1,5996,61432148,-1216,-1812,91,1300,2333,4598
IMU1,5997,61442636,-995,-1708,441,1269,2059,4554
IMU1,5998,61453071,-742,-1421,721,1397,1901,4325
IMU1,5999,61463516,-588,-1155,692,1653,2015,3924
IMU1,6000,61473965,-634,-1003,143,1933,2343,3422
IMU1,6001,61484924,-1198,-1087,26,2267,2955,2628
IMU1,6002,61495359,-1413,-950,39,2343,3195,2553
IMU1,6003,61505635,-1463,-793,77,2404,3448,2644
IMU1,6004,61515872,-1619,-735,171,2460,3689,2826
IMU1,6005,61526319,-1913,-821,537,2531,3836,3112
IMU1,6006,61536800,-2217,-934,979,2689,3831,3498
IMU1,6007,61547259,-2418,-1041,1304,2974,3590,3944
IMU1,6008,61558109,-2328,-1070,1409,3359,3096,4367
IMU1,6009,61568972,-2189,-1000,1364,3772,2455,4691
IMU1,6010,61579817,-1994,-773,1017,4152,1841,4888
IMU1,6011,61591002,-1764,-674,871,4631,1249,5035
IMU1,6012,61601480,-1830,-590,770,4693,1354,5078
IMU1,6013,61611948,-1940,-540,799,4648,1599,5131
IMU1,6014,61622405,-2122,-466,982,4542,1812,5182
IMU1,6015,61632844,-2363,-381,1253,4439,1845,5198
IMU1,6016,61643493,-2547,-270,1504,4405,1609,5169
IMU1,6017,61654148,-2611,-242,1467,4445,1159,5104
IMU1,6018,61664804,-2476,-214,1439,4475,754,4999
IMU1,6019,61675262,-2337,-116,1252,4422,723,4869
IMU1,6020,61685721,-2131,265,1222,4219,1214,4715
IMU1,6021,61696811,-2397,403,933,3498,3169,4436
IMU1,6022,61707168,-3028,594,616,3105,3849,4449
IMU1,6023,61717544,-2896,714,697,2689,4062,4601
IMU1,6024,61727903,-2422,1161,769,2389,3953,4646
IMU1,6025,61738479,-3578,1496,325,2102,3580,4603
IMU1,6026,61749041,-3548,1337,351,1826,2805,4752
IMU1,6027,61759599,-3046,1146,589,1565,1759,4865
IMU1,6028,61770179,-2667,1398,1026,1465,905,4811
IMU1,6029,61780725,-3113,1234,682,1488,363,4674
IMU1,6030,61791085,-2750,1247,437,1499,38,4660
IMU1,6031,61802288,-1983,1593,361,1410,-320,4394
IMU1,6032,61812741,-1959,1819,449,1445,-349,4104
IMU1,6033,61823188,-1733,1926,438,1544,-257,3748
IMU1,6034,61833656,-1760,2083,376,1671,-22,3343
IMU1,6035,61843897,-1906,1964,345,1795,341,2975
IMU1,6036,61854256,-2142,1866,393,1912,745,2697
IMU1,6037,61864622,-2437,1824,1020,2093,1101,2531
IMU1,6038,61875385,-2711,1673,715,2482,1278,2470
IMU1,6039,61885949,-2538,1752,-903,2515,1191,2467
IMU1,6040,61896627,-2217,1632,-848,2241,1018,2433
IMU1,6041,61907277,-1575,1799,45,1782,908,1994
IMU1,6042,61917956,-1740,1667,54,1153,791,1625
IMU1,6043,61928123,-1927,1547,-196,906,695,1343
IMU1,6044,61938369,-2146,1573,-290,634,618,1188
IMU1,6045,61948640,-2244,1524,-340,363,601,1157
IMU1,6046,61958895,-2202,1446,-293,132,620,1192
IMU1,6047,61969141,-2025,1390,-333,-37,604,1220
IMU1,6048,61979282,-1962,1374,-403,-169,518,1206
IMU1,6049,61989608,-1838,1406,-425,-269,388,1166
IMU1,6050,61999949,-1873,1361,-640,-334,204,1099
IMU1,6051,62010300,-1904,1306,-675,-406,-16,1040
IMU1,6052,62020536,-1773,1353,-589,-446,-206,993
IMU1,6053,62030772,-1670,1363,-618,-431,-329,916
IMU1,6054,62041016,-1637,1370,-616,-396,-381,808
IMU1,6055,62051260,-1531,1378,-742,-356,-389,701
IMU1,6056,62062031,-1380,1388,-746,-319,-395,453
IMU1,6057,62072285,-1250,1410,-689,-286,-422,290
IMU1,6058,62082532,-1192,1467,-672,-223,-486,120
IMU1,6059,62092764,-1245,1545,-681,-105,-576,-37
IMU1,6060,62102908,-1357,1573,-685,31,-649,-136
IMU1,6061,62112947,-1414,1558,-770,164,-644,-149
IMU1,6062,62123185,-1335,1583,-936,247,-553,-114
IMU1,6063,62133441,-1148,1633,-991,248,-421,-90
IMU1,6064,62143478,-1003,1646,-1026,187,-295,-121
IMU1,6065,62153914,-991,1642,-1023,93,-175,-189
IMU1,6066,62163958,-1005,1647,-1003,-7,-41,-252
IMU1,6067,62173884,-1130,1674,-940,-91,101,-286
IMU1,6068,62183931,-1230,1675,-831,-151,232,-270
IMU1,6069,62194180,-1246,1683,-771,-158,300,-226
IMU1,6070,62204431,-1228,1693,-790,-141,238,-186
IMU1,6071,62214685,-1174,1667,-909,-99,73,-162
IMU1,6072,62225568,-1191,1650,-934,-37,-246,-104
IMU1,6073,62235714,-1233,1600,-917,6,-338,-53
IMU1,6074,62245369,-1205,1581,-872,53,-391,1
IMU1,6075,62254932,-1209,1580,-766,147,-394,42
IMU1,6076,62264897,-1249,1513,-854,249,-383,58
IMU1,6077,62277393,-1267,1565,-824,315,-403,51
IMU1,6078,62287341,-1299,1545,-804,370,-433,7
IMU1,6079,62297085,-1371,1459,-821,421,-484,-67
IMU1,6080,62307118,-1405,1473,-788,463,-577,-154
IMU1,6081,62317368,-1447,1456,-802,506,-704,-263
IMU1,6082,62327598,-1491,1465,-795,557,-808,-367
IMU1,6083,62337845,-1608,1474,-760,614,-836,-442
IMU1,6084,62348076,-1749,1457,-754,685,-808,-484
IMU1,6085,62358308,-1907,1451,-718,756,-784,-490
IMU1,6086,62368569,-2239,1358,-588,820,-793,-482
IMU1,6087,62379329,-2439,1357,-508,985,-966,-494
IMU1,6088,62389572,-2665,1326,-375,1082,-1150,-523
IMU1,6089,62400215,-2818,1235,-288,1213,-1359,-583
IMU1,6090,62410843,-3006,1267,-229,1345,-1589,-674
IMU1,6091,62421489,-3220,1283,-158,1480,-1772,-781
IMU1,6092,62432119,-3498,1271,-22,1599,-1844,-880
IMU1,6093,62442559,-3775,1303,145,1701,-1863,-955
IMU1,6094,62453111,-4016,1399,319,1790,-1954,-1025
IMU1,6095,62463867,-4299,1433,637,1870,-2174,-1106
IMU1,6096,62474648,-4713,1561,1398,1965,-2531,-1261
IMU1,6097,62485599,-4828,1768,1661,2221,-3372,-1339
IMU1,6098,62496536,-4862,2089,1821,2322,-3534,-1447
IMU1,6099,62507472,-4773,2369,1954,2307,-3415,-1598
IMU1,6100,62518444,-4572,2752,1985,2137,-3248,-1832
IMU1,6101,62529389,-4419,3275,1951,1774,-3253,-2172
IMU1,6102,62540332,-4194,3674,1997,1224,-3336,-2583
IMU1,6103,62551295,-4278,4675,2040,524,-3154,-3012
IMU1,6104,62562068,-4616,5159,2399,-1196,-2355,-3790
IMU1,6105,62573143,-5093,5671,2539,-2090,-2417,-4109
IMU1,6106,62584207,-5498,6366,2347,-3028,-2891,-4375
IMU1,6107,62595284,-5758,7216,2097,-4043,-3504,-4610
IMU1,6108,62606337,-5806,8081,1677,-5115,-4001,-4854
IMU1,6109,62617393,-5785,8859,967,-6249,-4356,-5202
IMU1,6110,62628263,-6317,9746,-157,-7448,-4668,-5675
IMU1,6111,62639235,-6634,10032,-376,-9721,-5043,-6475
IMU1,6112,62650405,-6810,10100,-685,-10605,-5105,-6812
IMU1,6113,62661762,-6804,10023,-909,-11361,-5166,-7078
IMU1,6114,62673119,-6322,9936,-962,-11979,-5097,-7276
IMU1,6115,62684305,-5856,9496,-867,-12395,-4680,-7531
IMU1,6116,62695484,-5572,8234,-639,-12600,-4059,-7803
IMU1,6117,62706660,-4663,7857,-19,-12498,-2999,-8351
IMU1,6118,62717630,-4234,7482,487,-12123,-2869,-8671
IMU1,6119,62728709,-3859,6976,494,-11535,-2856,-9032
IMU1,6120,62739766,-3826,6609,470,-10909,-3030,-9325
IMU1,6121,62750835,-3705,6380,207,-10341,-3407,-9416
IMU1,6122,62761899,-3568,6089,-35,-9888,-3967,-9290
IMU1,6123,62772654,-3248,5399,-405,-9543,-4525,-8972
IMU1,6124,62783600,-2837,5237,-621,-8905,-5229,-7848
IMU1,6125,62794564,-2546,4697,-934,-8521,-5124,-7110
IMU1,6126,62805526,-2548,4186,-1077,-8059,-4609,-6256
IMU1,6127,62816682,-2631,3839,-1014,-7475,-3708,-5272
IMU1,6128,62827843,-2909,3848,-1262,-6785,-2732,-4266
IMU1,6129,62838988,-2803,3992,-1927,-6138,-2117,-3350
IMU1,6130,62850148,-2143,3616,-2605,-5298,-2194,-2048
IMU1,6131,62861293,-1931,3369,-2487,-4895,-2013,-1627
IMU1,6132,62872426,-1803,2977,-2248,-4348,-1475,-1318
IMU1,6133,62883577,-1657,2795,-1836,-3649,-776,-1117
IMU1,6134,62894531,-1486,2671,-1645,-2850,-210,-1066
IMU1,6135,62905463,-1405,2630,-1670,-2027,-13,-1191
IMU1,6136,62916209,-1424,2575,-1695,-1275,-255,-1458
IMU1,6137,62927126,-1952,2413,-2422,-13,-1448,-2102
IMU1,6138,62937853,-1759,2320,-2434,425,-1849,-2119
IMU1,6139,62948690,-1679,2177,-2323,870,-1817,-2019
IMU1,6140,62959536,-1854,1869,-2303,1369,-1515,-1856
IMU1,6141,62970587,-2007,1739,-2771,1849,-1387,-1619
IMU1,6142,62981622,-1718,1655,-2819,2084,-1470,-1350
# swing_peak_seq=6116
IMU1,6143,62992646,-1511,1598,-2892,2185,-1436,-1146
IMU1,6144,63003690,-1271,1383,-2889,2136,-1052,-952
IMU1,6145,63014532,-1297,1251,-2851,1819,-917,-898
IMU1,6146,63025173,-1306,1144,-2794,1646,-842,-822
IMU1,6147,63035812,-1317,1015,-2768,1490,-795,-715
IMU1,6148,63046472,-1297,905,-2715,1363,-731,-574
IMU1,6149,63056907,-1282,804,-2673,1269,-625,-408
IMU1,6150,63067337,-1233,691,-2680,1203,-467,-243
IMU1,6151,63077782,-1195,567,-2644,1146,-274,-100
IMU1,6152,63088232,-1338,481,-2537,1104,-76,24
IMU1,6153,63098174,-1439,423,-2610,1078,76,155
IMU1,6154,63108227,-1441,289,-2592,1036,161,276
IMU1,6155,63118462,-1475,190,-2454,990,224,364
IMU1,6156,63129554,-1581,-5,-2275,983,332,465
IMU1,6157,63139319,-1658,-87,-2271,1065,336,488
IMU1,6158,63149458,-1680,-197,-1956,1196,327,470
IMU1,6159,63159803,-1630,-198,-1929,1413,272,414
IMU1,6160,63170152,-1681,-253,-1930,1664,131,322
IMU1,6161,63180484,-1639,-286,-1870,1916,-12,209
IMU1,6162,63190728,-1575,-334,-1741,2168,-80,68
IMU1,6163,63200773,-1610,-383,-1643,2418,-49,-90
IMU1,6164,63210894,-1723,-447,-1634,2651,26,-243
IMU1,6165,63221116,-1585,-542,-1656,2832,106,-388
IMU1,6166,63231568,-1630,-530,-1579,2948,185,-562
IMU1,6167,63242026,-1534,-534,-1528,3019,322,-751
IMU1,6168,63252478,-1279,-610,-1491,3054,522,-973
IMU1,6169,63262934,-1169,-623,-1313,3056,744,-1234
IMU1,6170,63274103,-1047,-645,-1215,3034,1093,-1658
IMU1,6171,63287500,-916,-661,-1026,3016,1112,-1787
IMU1,6172,63298150,-850,-658,-750,3027,1041,-1847
IMU1,6173,63308595,-719,-599,-293,3088,901,-1813
IMU1,6174,63318860,-975,-607,-725,3199,656,-1684
IMU1,6175,63329117,-693,-662,-1027,3225,451,-1454
IMU1,6176,63339557,408,-356,-986,3148,278,-1256
IMU1,6177,63350754,-423,-176,-774,2868,30,-1176
IMU1,6178,63360807,-333,-270,-719,2785,101,-1033
IMU1,6179,63371035,99,-339,-807,2721,224,-922
IMU1,6180,63380779,557,-195,-970,2627,347,-896
IMU1,6181,63390729,589,-203,-1326,2491,452,-946
IMU1,6182,63400873,308,-238,-1188,2300,524,-1014
IMU1,6183,63411232,-256,-374,-806,2145,567,-1061
IMU1,6184,63421460,-2779,-1112,254,2100,605,-942
IMU1,6185,63431819,-2170,-2092,26,2210,751,-434
IMU1,6186,63441979,-1137,-2142,-69,2293,1219,94
IMU1,6187,63452130,-324,-1481,-581,2343,2080,551
IMU1,6188,63462489,-962,-804,-522,2307,3020,944
IMU1,6189,63472639,-1079,-671,-245,2270,3671,1381
IMU1,6190,63483207,-1134,-1106,221,2270,3891,1797
IMU1,6191,63493874,-1303,-1481,-62,2282,3525,2156
IMU1,6192,63504936,-1063,-1367,392,2221,2904,2711
IMU1,6193,63515593,-867,-1212,565,2297,2848,2812
IMU1,6194,63526055,-687,-976,525,2404,2979,2781
IMU1,6195,63536315,-499,-711,581,2507,3248,2653
IMU1,6196,63546577,-340,-462,452,2612,3567,2440
IMU1,6197,63556831,-589,-503,249,2676,3882,2219
IMU1,6198,63567089,-1007,-538,93,2683,4153,2116
IMU1,6199,63577355,-1333,-520,327,2677,4339,2176
IMU1,6200,63587817,-1625,-444,786,2769,4414,2372
IMU1,6201,63598286,-1797,-444,1144,3019,4384,2675
IMU1,6202,63608951,-1909,-508,1566,3391,4243,3043
IMU1,6203,63620140,-1703,-491,1568,4298,3632,3796
IMU1,6204,63630804,-1524,-338,1487,4709,3276,4069
IMU1,6205,63641464,-1503,-265,1466,5047,3036,4233
IMU1,6206,63652144,-1752,-257,1504,5327,2903,4351
IMU1,6207,63662805,-2058,-285,1650,5577,2785,4469
IMU1,6208,63673468,-2208,-251,1854,5829,2684,4612
IMU1,6209,63684139,-2076,-117,1767,6066,2651,4743
IMU1,6210,63694802,-2160,73,1718,6212,2669,4809
IMU1,6211,63705161,-2278,290,1317,6247,2747,4868
IMU1,6212,63716255,-2257,491,1017,5871,3070,5047
IMU1,6213,63726833,-2580,838,949,5457,3083,5110
IMU1,6214,63737220,-3030,1074,1173,5004,2805,5156
IMU1,6215,63748004,-3123,1258,1370,4623,2241,5204
IMU1,6216,63758764,-3154,1411,1652,4340,1491,5187
IMU1,6217,63769541,-3109,1452,1761,4166,698,5087
IMU1,6218,63780124,-2771,1536,1584,4044,5,4914
IMU1,6219,63790299,-2374,1588,1813,3949,-413,4642
IMU1,6220,63800979,-2917,1669,808,3912,-468,4351
IMU1,6221,63811442,-2046,2435,266,3540,-265,4092
IMU1,6222,63821900,-2179,2425,752,2545,1245,3751
IMU1,6223,63832489,-2580,2488,889,2199,2184,3517
IMU1,6224,63843065,-3029,2297,1113,1960,2786,3391
IMU1,6225,63853851,-2954,2379,1871,1858,3076,3384
IMU1,6226,63864643,-3139,2149,2315,1987,3145,3368
IMU1,6227,63875433,-3220,1964,2600,2297,2818,3329
IMU1,6228,63886199,-3098,1882,2331,2679,2143,3210
IMU1,6229,63896983,-2818,1768,2006,2960,1396,2954
IMU1,6230,63907759,-3122,890,2741,3211,502,2351
IMU1,6231,63918138,-2822,1010,-193,3913,265,2226
IMU1,6232,63928603,-2516,1262,-915,3573,353,2185
IMU1,6233,63939079,-1890,1535,-1022,2850,502,2186
IMU1,6234,63949748,-1369,1815,-1095,2150,685,2076
IMU1,6235,63960411,-1425,1843,-1041,1494,836,1851
IMU1,6236,63971066,-1783,1764,-654,911,890,1617
IMU1,6237,63981328,-2234,1539,-292,460,920,1455
IMU1,6238,63991601,-2507,1416,160,164,948,1401
IMU1,6239,64001774,-2492,1391,576,49,899,1393
IMU1,6240,64011701,-2364,1255,634,108,751,1347
IMU1,6241,64021843,-2293,1215,553,228,543,1243
IMU1,6242,64031977,-2060,1400,-194,343,295,1099
IMU1,6243,64043254,-1963,1230,-502,305,-128,699
IMU1,6244,64053377,-1814,1301,-641,179,-230,510
IMU1,6245,64063497,-1667,1382,-577,43,-262,327
IMU1,6246,64073416,-1595,1405,-418,-46,-173,156
IMU1,6247,64083438,-1647,1431,-334,-64,-9,7
IMU1,6248,64092651,-1734,1437,-314,-36,73,-90
IMU1,6249,64102282,-1765,1466,-408,14,12,-141
IMU1,6250,64112008,-1752,1529,-493,59,-145,-153
IMU1,6251,64122024,-1689,1538,-505,104,-290,-146
IMU1,6252,64132242,-1660,1519,-501,158,-345,-117
IMU1,6253,64142463,-1577,1544,-625,205,-302,-84
IMU1,6254,64152498,-1450,1564,-726,206,-258,-67
IMU1,6255,64162522,-1286,1557,-846,150,-237,-85
IMU1,6256,64172542,-1154,1561,-897,46,-193,-143
IMU1,6257,64182573,-1133,1577,-870,-78,-118,-226
IMU1,6258,64192702,-1153,1552,-823,-183,-34,-299
IMU1,6259,64202825,-1223,1547,-696,-245,45,-341
IMU1,6260,64212854,-1250,1549,-577,-246,101,-350
IMU1,6261,64223080,-1255,1537,-510,-193,108,-332
IMU1,6262,64233318,-1264,1520,-545,-109,73,-305
IMU1,6263,64243350,-1229,1547,-670,-42,-7,-277
IMU1,6264,64253071,-1217,1562,-767,-12,-130,-252
IMU1,6265,64264240,-1152,1541,-933,-39,-334,-182
IMU1,6266,64274359,-1136,1543,-872,-54,-347,-136
IMU1,6267,64284485,-1177,1483,-831,-36,-306,-87
IMU1,6268,64296957,-1221,1473,-802,12,-220,-33
IMU1,6269,64306788,-1201,1506,-804,57,-129,19
IMU1,6270,64316528,-1141,1504,-805,84,-58,39
IMU1,6271,64326062,-1140,1478,-813,95,-32,14
IMU1,6272,64335591,-1174,1433,-815,95,-61,-35
IMU1,6273,64345225,-1179,1418,-843,94,-150,-73
IMU1,6274,64355062,-1232,1419,-771,104,-268,-101
IMU1,6275,64365294,-1252,1402,-678,146,-338,-110
IMU1,6276,64375518,-1275,1426,-626,218,-359,-102
IMU1,6277,64385764,-1276,1442,-617,302,-370,-93
IMU1,6278,64395797,-1299,1429,-632,372,-364,-98
IMU1,6279,64405833,-1327,1391,-643,420,-350,-104
IMU1,6280,64416051,-1329,1379,-631,441,-358,-114
IMU1,6281,64426264,-1350,1351,-479,436,-400,-147
IMU1,6282,64437527,-1432,1329,-408,434,-626,-284
IMU1,6283,64447757,-1479,1331,-356,443,-843,-381
IMU1,6284,64457997,-1517,1387,-391,466,-1046,-469
IMU1,6285,64468437,-1491,1382,-477,486,-1134,-525
IMU1,6286,64478873,-1436,1366,-574,500,-1083,-548
IMU1,6287,64489314,-1388,1376,-610,486,-966,-554
IMU1,6288,64499546,-1366,1365,-574,472,-815,-547
IMU1,6289,64509776,-1406,1366,-516,468,-649,-536
IMU1,6290,64520014,-1487,1364,-436,466,-542,-518
IMU1,6291,64530232,-1540,1334,-411,474,-539,-491
IMU1,6292,64540470,-1604,1268,-651,468,-621,-463
IMU1,6293,64550704,-1570,1395,-527,390,-707,-427
IMU1,6294,64560950,-1467,1334,-467,321,-711,-410
IMU1,6295,64572216,-1591,1301,-493,258,-657,-408
IMU1,6296,64582443,-1567,1287,-588,236,-662,-372
IMU1,6297,64592663,-1535,1344,-650,197,-647,-345
IMU1,6298,64602885,-1540,1337,-608,143,-615,-328
IMU1,6299,64613116,-1613,1321,-537,103,-571,-316
IMU1,6300,64623361,-1710,1301,-447,87,-555,-288
IMU1,6301,64633395,-1791,1278,-369,107,-566,-241
IMU1,6302,64643642,-1879,1268,-300,138,-574,-185
IMU1,6303,64653872,-1983,1247,-193,177,-584,-131
IMU1,6304,64664104,-2069,1250,-60,226,-598,-98
IMU1,6305,64673945,-2171,1275,68,285,-657,-101
IMU1,6306,64683883,-2335,1268,198,345,-721,-127
IMU1,6307,64694024,-2536,1253,349,410,-696,-159
IMU1,6308,64704175,-2706,1283,510,465,-600,-198
IMU1,6309,64714310,-2853,1363,686,497,-511,-268
IMU1,6310,64724460,-2976,1415,964,501,-435,-383
IMU1,6311,64735642,-3612,1451,1292,391,-124,-693
IMU1,6312,64745985,-3810,1508,1452,311,245,-786
IMU1,6313,64756247,-3937,1704,1707,195,534,-896
IMU1,6314,64766499,-4218,1734,2277,60,557,-1109
IMU1,6315,64776765,-4624,1882,2783,-22,299,-1394
IMU1,6316,64787118,-4952,2156,3065,-75,-147,-1702
IMU1,6317,64797585,-5042,2469,3019,-157,-698,-2007
IMU1,6318,64808248,-5201,2847,2854,-340,-1211,-2303
IMU1,6319,64819083,-5031,3211,2781,-646,-1599,-2559
IMU1,6320,64829952,-4748,3612,2723,-1049,-1823,-2829
IMU1,6321,64840996,-4445,4275,1890,-2186,-1350,-3436
IMU1,6322,64852042,-4657,4585,1483,-3007,-867,-3744
IMU1,6323,64862891,-4787,4781,1208,-3916,-517,-4096
IMU1,6324,64873756,-5048,4935,1106,-4838,-407,-4475
IMU1,6325,64884619,-5368,5108,1272,-5712,-588,-4848
IMU1,6326,64895478,-5505,5333,1344,-6426,-954,-5228
IMU1,6327,64906335,-5842,5888,1288,-6985,-1424,-5611
IMU1,6328,64917377,-5331,6942,801,-7455,-1710,-6532
IMU1,6329,64928238,-5055,7476,540,-8326,-1652,-7158
IMU1,6330,64939093,-4605,7606,588,-8751,-1362,-7911
IMU1,6331,64949971,-4315,7698,918,-9073,-886,-8798
IMU1,6332,64960647,-4568,7257,989,-9204,-486,-9717
IMU1,6333,64971293,-4994,6916,997,-9235,-436,-10383
IMU1,6334,64982160,-5197,6632,1081,-9222,-428,-10668
IMU1,6335,64993216,-5225,6416,1059,-9166,-326,-10649
IMU1,6336,65004260,-5049,5935,1287,-8963,-81,-10076
IMU1,6337,65015111,-4718,5639,1643,-8759,-97,-9672
IMU1,6338,65025787,-4444,5502,1916,-8410,-338,-9290
IMU1,6339,65036642,-4244,5309,2122,-7979,-694,-8942
IMU1,6340,65047512,-3942,5181,2245,-7507,-1127,-8573
IMU1,6341,65058578,-3653,4936,2187,-7027,-1519,-8211
IMU1,6342,65069645,-3281,4947,2092,-6578,-1938,-7889
IMU1,6343,65080693,-2849,4565,1796,-6144,-2372,-7597
IMU1,6344,65091766,-2635,4433,1562,-5413,-3249,-6965
IMU1,6345,65102825,-2471,4382,1320,-5154,-3751,-6604
IMU1,6346,65113891,-2256,4367,924,-4951,-4256,-6231
IMU1,6347,65124771,-2177,4415,396,-4829,-4776,-5841
IMU1,6348,65135649,-2158,4398,-146,-4779,-5289,-5398
IMU1,6349,65146617,-2285,4368,-763,-4768,-5742,-4864
IMU1,6350,65157586,-2666,4077,-1712,-4786,-5965,-4204
IMU1,6351,65168749,-2556,3929,-2465,-4848,-4869,-2659
IMU1,6352,65179899,-2139,3698,-3138,-4965,-3898,-2090
IMU1,6353,65191062,-1494,3378,-2982,-5068,-2847,-1810
IMU1,6354,65202218,-1857,2912,-3008,-4983,-1794,-1841
IMU1,6355,65213379,-1593,2644,-2386,-4674,-917,-1857
IMU1,6356,65224346,-1663,2529,-2033,-4062,-265,-1935
IMU1,6357,65235283,-2014,2591,-1711,-2309,29,-2110
IMU1,6358,65245924,-2112,2624,-1830,-1430,-279,-2147
IMU1,6359,65256878,-2245,2650,-2023,-674,-744,-2181
IMU1,6360,65267623,-2345,2537,-2346,-115,-1186,-2175
# swing_peak_seq=6334
IMU1,6361,65278585,-2343,2431,-2490,287,-1497,-2099
IMU1,6362,65289452,-1924,2250,-2724,531,-1597,-1970
IMU1,6363,65302853,-2109,1796,-3018,796,-1129,-1715
IMU1,6364,65313710,-1984,1790,-2771,870,-792,-1461
IMU1,6365,65324362,-1975,1689,-3053,958,-393,-1235
IMU1,6366,65335021,-1882,1626,-2982,982,25,-1024
IMU1,6367,65345368,-1852,1572,-2928,958,424,-857
IMU1,6368,65355721,-1868,1447,-2780,929,713,-706
IMU1,6369,65366084,-1803,1350,-2579,950,869,-545
IMU1,6370,65376437,-1643,1253,-2395,1042,929,-388
IMU1,6371,65386989,-1597,1088,-2215,1201,966,-258
IMU1,6372,65397546,-1593,969,-2116,1416,989,-135
IMU1,6373,65408953,-1357,785,-1954,1897,918,25
IMU1,6374,65419018,-1469,701,-1827,2116,885,46
IMU1,6375,65429081,-1540,599,-1821,2315,908,52
IMU1,6376,65439160,-1487,488,-1774,2477,953,42
IMU1,6377,65449229,-1434,390,-1704,2621,1008,22
IMU1,6378,65459483,-1284,332,-1647,2772,1096,-11
IMU1,6379,65469819,-1288,226,-1575,2927,1248,-49
IMU1,6380,65480172,-1294,131,-1511,3088,1438,-51
IMU1,6381,65490529,-1207,84,-1475,3247,1621,-22
IMU1,6382,65500676,-1248,-13,-1475,3390,1783,28
IMU1,6383,65510838,-1081,17,-1478,3499,1949,105
IMU1,6384,65521102,-957,10,-1404,3573,2123,171
IMU1,6385,65531177,-852,-29,-1327,3620,2296,223
IMU1,6386,65541350,-722,-52,-1335,3636,2397,279
IMU1,6387,65551482,-694,-18,-1419,3609,2381,342
IMU1,6388,65562649,-560,31,-1144,3497,2136,553
IMU1,6389,65572685,-446,44,-1119,3475,1963,704
IMU1,6390,65582723,-444,44,-1020,3477,1786,865
IMU1,6391,65592754,-1204,28,-743,3494,1612,1069
IMU1,6392,65602990,-1560,-240,-298,3558,1551,1417
IMU1,6393,65613519,-1182,-533,66,3738,1608,1862
IMU1,6394,65623753,-1152,-601,44,3984,1585,2303
IMU1,6395,65634004,-1707,-661,-167,4216,1323,2761
IMU1,6396,65644517,-2517,-979,-290,4384,692,3318
IMU1,6397,65654858,-2685,-1451,-337,4519,-245,3914
IMU1,6398,65665485,-2498,-1829,-161,4645,-1302,4351
IMU1,6399,65676304,-1799,-1767,31,4792,-2035,4510
IMU1,6400,65686853,-476,-1544,194,4959,-1919,3608
IMU1,6401,65697382,-711,-1613,75,5102,-1573,2616
IMU1,6402,65707704,-956,-1654,-127,4972,-1285,1547
IMU1,6403,65718306,-1176,-1627,-152,4686,-984,628
IMU1,6404,65728725,-1295,-1435,-129,4332,-450,-34
IMU1,6405,65739017,-1384,-1258,-86,3971,287,-441
IMU1,6406,65749236,-1478,-1207,-72,3616,1021,-613
IMU1,6407,65759647,-1640,-1328,142,3283,1616,-606
IMU1,6408,65770152,-1848,-1396,612,3035,2000,-460
IMU1,6409,65780677,-1865,-1411,917,2932,2055,-246
IMU1,6410,65791198,-1770,-1442,1039,2961,1758,-63
IMU1,6411,65801728,-1651,-1485,1053,3082,1253,97
IMU1,6412,65812664,-1369,-1470,934,3472,377,320
IMU1,6413,65822881,-1190,-1337,712,3671,199,385
IMU1,6414,65833107,-1078,-1248,513,3785,214,397
IMU1,6415,65843339,-1083,-1229,625,3817,441,381
IMU1,6416,65853561,-1056,-1195,678,3822,856,385
IMU1,6417,65863795,-1088,-1170,745,3809,1327,411
IMU1,6418,65874215,-1162,-1158,833,3793,1711,469
IMU1,6419,65884647,-1144,-1108,889,3784,1957,555
IMU1,6420,65895076,-1071,-963,878,3783,2078,657
IMU1,6421,65905303,-980,-857,827,3782,2131,765
IMU1,6422,65915333,-903,-765,767,3780,2167,867
IMU1,6423,65925377,-850,-647,745,3766,2237,967
IMU1,6424,65935400,-786,-536,695,3749,2379,1058
IMU1,6425,65945636,-721,-440,615,3721,2586,1138
IMU1,6426,65955842,-845,-142,503,3669,2838,1214
IMU1,6427,65966576,-1045,92,428,3513,3336,1401
IMU1,6428,65976700,-1172,310,555,3411,3496,1558
IMU1,6429,65987048,-1276,378,711,3320,3583,1734
IMU1,6430,65997384,-1535,422,815,3251,3570,1937
IMU1,6431,66007713,-1784,493,898,3191,3408,2184
IMU1,6432,66018053,-1929,609,822,3128,3075,2460
IMU1,6433,66028393,-2063,753,778,3040,2634,2738
IMU1,6434,66038736,-2181,885,766,2928,2209,2999
IMU1,6435,66049076,-2291,924,923,2807,1905,3234
IMU1,6436,66059401,-2296,908,816,2695,1761,3442
IMU1,6437,66069727,-2304,900,815,2551,1734,3604
IMU1,6438,66080069,-2371,959,831,2402,1753,3705
IMU1,6439,66090400,-2545,1106,1057,2281,1772,3734
IMU1,6440,66101134,-2858,1306,709,2212,1669,3546
IMU1,6441,66111665,-2728,1527,770,2147,1507,3431
IMU1,6442,66122215,-2691,1525,773,2101,1406,3264
IMU1,6443,66132752,-2663,1545,860,2065,1481,3077
IMU1,6444,66143293,-2608,1540,744,2070,1707,2841
IMU1,6445,66153836,-3037,1487,294,1995,2014,2702
IMU1,6446,66164377,-3034,1456,184,1801,2226,2697
IMU1,6447,66174915,-2852,1624,466,1545,2410,2724
IMU1,6448,66185454,-2754,1606,794,1362,2572,2693
IMU1,6449,66195985,-2840,1468,1124,1322,2492,2615
IMU1,6450,66207233,-3005,1179,756,1487,1486,2523
IMU1,6451,66217778,-2859,1159,444,1505,974,2532
IMU1,6452,66228118,-2604,1245,325,1414,583,2536
IMU1,6453,66238455,-2484,1253,304,1294,295,2469
IMU1,6454,66248795,-2488,1153,187,1173,73,2355
IMU1,6455,66258940,-2454,1093,-26,1030,-82,2255
IMU1,6456,66269062,-2311,1095,-283,835,-185,2183
IMU1,6457,66279390,-2228,1193,-358,600,-206,2103
IMU1,6458,66289720,-2230,1227,-308,376,-147,2017
IMU1,6459,66300049,-2209,1130,-17,244,-79,1978
IMU1,6460,66312532,-2385,889,971,648,-207,1906
IMU1,6461,66322566,-2303,964,-601,1047,-427,1933
IMU1,6462,66332884,-1990,1184,-1421,1060,-633,1950
IMU1,6463,66343617,-1651,1262,-957,833,-558,1885
IMU1,6464,66353961,-1594,1185,-526,616,-348,1731
IMU1,6465,66364308,-1652,1345,198,580,-233,1562
IMU1,6466,66374535,-1422,1447,384,784,-247,1376
IMU1,6467,66384758,-1559,1289,172,1115,-310,1141
IMU1,6468,66395189,-1938,1111,-369,1376,-352,996
IMU1,6469,66405529,-1879,1331,-1133,1400,-294,986
IMU1,6470,66416053,-1814,1363,-1100,1178,0,986
IMU1,6471,66425982,-1534,1462,-512,903,345,960
IMU1,6472,66436016,-1216,1541,-149,753,575,847
IMU1,6473,66446049,-1123,1532,-297,721,676,647
IMU1,6474,66457117,-1513,1575,-262,632,733,304
IMU1,6475,66467179,-1595,1584,-393,551,682,284
IMU1,6476,66477232,-1553,1628,-250,488,592,301
IMU1,6477,66487270,-1510,1541,-314,445,489,336
IMU1,6478,66497308,-1402,1586,-304,404,361,372
IMU1,6479,66507339,-1367,1638,-383,362,219,371
IMU1,6480,66517373,-1395,1636,-389,297,102,360
IMU1,6481,66527405,-1399,1641,-346,247,9,362
IMU1,6482,66537026,-1492,1648,-262,232,-92,389
IMU1,6483,66546945,-1533,1594,-386,244,-168,444
IMU1,6484,66557079,-1528,1566,-668,217,-177,508
IMU1,6485,66567216,-1433,1600,-788,98,-105,551
IMU1,6486,66577117,-1286,1638,-692,-63,9,537
IMU1,6487,66586623,-1292,1602,-608,-204,113,447
IMU1,6488,66596714,-1413,1542,-583,-296,156,341
IMU1,6489,66606837,-1468,1509,-515,-342,111,284
IMU1,6490,66616947,-1454,1517,-442,-341,24,266
IMU1,6491,66626860,-1407,1510,-420,-298,-61,248
IMU1,6492,66636867,-1361,1518,-471,-228,-181,218
IMU1,6493,66647068,-1322,1517,-525,-164,-329,185
IMU1,6494,66657265,-1260,1503,-621,-108,-441,149
IMU1,6495,66667487,-1143,1516,-736,-78,-493,115
IMU1,6496,66678551,-1088,1524,-759,-63,-470,25
IMU1,6497,66688375,-1034,1547,-798,-58,-419,-27
IMU1,6498,66698275,-1006,1552,-842,-48,-354,-84
IMU1,6499,66708176,-998,1551,-873,-54,-289,-123
IMU1,6500,66718091,-1014,1561,-866,-55,-228,-137
IMU1,6501,66728205,-1008,1573,-813,-49,-156,-124
IMU1,6502,66738307,-988,1580,-771,-25,-71,-102
IMU1,6503,66748032,-993,1599,-761,7,-10,-81
IMU1,6504,66757263,-1014,1612,-742,43,-1,-64
IMU1,6505,66766682,-990,1604,-727,75,-33,-43
IMU1,6506,66776088,-979,1606,-741,97,-62,-28
IMU1,6507,66785493,-972,1609,-752,103,-75,-11
IMU1,6508,66795102,-978,1599,-731,96,-61,5
IMU1,6509,66804248,-973,1624,-739,83,-22,23
IMU1,6510,66813561,-973,1624,-747,72,9,26
IMU1,6511,66822596,-945,1595,-745,51,5,16
IMU1,6512,66832154,-955,1606,-745,31,-13,-7
IMU1,6513,66841893,-969,1608,-728,37,-41,-36
IMU1,6514,66851302,-1000,1570,-702,55,-78,-56
IMU1,6515,66860921,-999,1581,-684,93,-120,-68
IMU1,6516,66870536,-1005,1599,-650,158,-157,-88
IMU1,6517,66880552,-1009,1581,-660,235,-177,-110
IMU1,6518,66890755,-1005,1578,-693,302,-170,-124
IMU1,6519,66900967,-996,1603,-760,351,-144,-134
IMU1,6520,66910974,-1015,1611,-806,363,-126,-131
IMU1,6521,66921178,-1034,1616,-847,352,-99,-120
IMU1,6522,66931187,-1068,1628,-842,315,-81,-89
IMU1,6523,66941008,-1107,1614,-777,284,-59,-46
IMU1,6524,66950827,-1137,1614,-731,267,-21,5
IMU1,6525,66960343,-1131,1608,-721,257,19,50
IMU1,6526,66969957,-1170,1625,-733,244,40,77
IMU1,6527,66979571,-1202,1606,-753,218,48,99
IMU1,6528,66989194,-1187,1602,-798,173,45,114
IMU1,6529,66999024,-1179,1613,-872,109,13,117
IMU1,6530,67008857,-1190,1632,-781,35,12,112
IMU1,6531,67018490,-1214,1627,-728,-5,68,115
IMU1,6532,67028014,-1259,1571,-735,-23,118,123
IMU1,6533,67037943,-1282,1590,-683,-35,102,148
IMU1,6534,67047873,-1263,1575,-708,-32,46,172
IMU1,6535,67057609,-1283,1565,-720,-19,-21,183
IMU1,6536,67067419,-1267,1586,-744,-5,-122,185
IMU1,6537,67077256,-1228,1595,-720,12,-214,189
IMU1,6538,67087180,-1229,1610,-727,39,-222,183
IMU1,6539,67097109,-1248,1604,-740,63,-186,170
IMU1,6540,67107034,-1249,1563,-777,75,-169,161
IMU1,6541,67116972,-1221,1544,-832,68,-168,149
IMU1,6542,67126901,-1201,1525,-822,40,-163,125
IMU1,6543,67136822,-1187,1507,-782,16,-131,89
IMU1,6544,67146550,-1171,1509,-746,7,-86,45
IMU1,6545,67155895,-1161,1517,-747,16,-62,4
IMU1,6546,67165239,-1185,1556,-724,31,-53,-26
IMU1,6547,67174881,-1202,1581,-720,57,-18,-41
IMU1,6548,67184490,-1201,1578,-753,83,9,-47
IMU1,6549,67193821,-1181,1565,-792,90,-27,-51
IMU1,6550,67203457,-1117,1546,-807,92,-126,-61
IMU1,6551,67213265,-1063,1538,-810,98,-246,-73
IMU1,6552,67223076,-1066,1528,-793,123,-326,-71
IMU1,6553,67233092,-1091,1501,-752,166,-332,-48
IMU1,6554,67243108,-1128,1503,-686,223,-289,0
IMU1,6555,67252735,-1145,1524,-668,285,-235,48
IMU1,6556,67262658,-1146,1557,-711,329,-198,66
IMU1,6557,67272590,-1192,1587,-772,341,-199,46
IMU1,6558,67282527,-1238,1570,-773,308,-230,13
IMU1,6559,67294020,-1433,1600,-744,216,-362,-69
IMU1,6560,67304040,-1604,1599,-680,202,-487,-68
IMU1,6561,67316794,-1795,1585,-608,221,-584,-20
IMU1,6562,67326830,-1990,1626,-579,274,-637,54
IMU1,6563,67336768,-2224,1700,-520,343,-665,131
IMU1,6564,67346894,-2492,1719,-403,416,-639,187
IMU1,6565,67357015,-2847,1713,-274,492,-572,210
IMU1,6566,67367142,-3195,1705,-136,562,-544,189
IMU1,6567,67377274,-3454,1742,83,618,-642,105
IMU1,6568,67387109,-3695,1785,287,682,-878,-74
IMU1,6569,67397036,-3956,1771,444,750,-1175,-327
IMU1,6570,67407372,-4322,1805,652,791,-1408,-593
IMU1,6571,67417703,-4910,1935,1415,834,-1433,-832
IMU1,6572,67428758,-5143,2091,1756,885,-1005,-1286
IMU1,6573,67439483,-5540,2266,1926,845,-827,-1659
IMU1,6574,67450015,-5400,2563,1663,706,-858,-2053
IMU1,6575,67460545,-5051,3193,1693,380,-1207,-2514
IMU1,6576,67471300,-4956,3448,1858,-17,-1640,-3140
IMU1,6577,67481946,-4882,3751,1944,-419,-2018,-3734
IMU1,6578,67492774,-4727,4144,2204,-792,-2176,-4225
IMU1,6579,67503631,-4524,4597,2220,-1078,-2135,-4639
IMU1,6580,67514685,-4423,5256,2011,-1632,-1668,-5360
IMU1,6581,67525715,-4526,5621,1881,-1999,-1342,-5662
IMU1,6582,67536752,-4758,5943,1757,-2433,-1137,-5974
IMU1,6583,67547805,-4962,6296,1602,-2966,-1245,-6299
IMU1,6584,67558851,-5025,6629,1422,-3576,-1530,-6660
IMU1,6585,67569897,-5126,6973,1100,-4254,-1709,-7085
IMU1,6586,67580943,-5388,7643,515,-5003,-1807,-7581
IMU1,6587,67591814,-5760,7911,337,-6628,-1914,-8817
IMU1,6588,67602655,-5923,8290,431,-7422,-2095,-9592
IMU1,6589,67613505,-5694,9131,999,-8064,-2257,-10454
IMU1,6590,67624539,-6096,9221,1281,-8409,-2171,-11423
IMU1,6591,67635778,-6840,9168,1090,-8524,-2119,-12158
IMU1,6592,67647026,-7141,8946,992,-8618,-2234,-12442
IMU1,6593,67658097,-6887,8235,665,-8731,-2379,-12359
IMU1,6594,67669151,-6185,7853,777,-9010,-2410,-11545
IMU1,6595,67680201,-5223,7389,1084,-9022,-2326,-11099
IMU1,6596,67691436,-4612,6908,1419,-8835,-2137,-10807
IMU1,6597,67702684,-4283,6541,1554,-8487,-1952,-10634
IMU1,6598,67713923,-3957,6379,1536,-8072,-1778,-10501
IMU1,6599,67725165,-3963,6000,1135,-7637,-1777,-10361
IMU1,6600,67736410,-3474,5669,1021,-6911,-2298,-9742
IMU1,6601,67747462,-3188,5404,944,-6553,-2646,-9291
IMU1,6602,67758319,-3040,5069,873,-6141,-2839,-8738
IMU1,6603,67769183,-2879,4798,596,-5673,-3011,-8078
IMU1,6604,67780048,-2683,4506,150,-5188,-3171,-7348
IMU1,6605,67790895,-2588,4305,-419,-4748,-3175,-6571
IMU1,6606,67801834,-2535,4217,-1016,-4394,-3061,-5784
IMU1,6607,67812977,-2289,4187,-2619,-4030,-2706,-4441
IMU1,6608,67824110,-1956,4061,-2991,-4034,-2318,-3975
IMU1,6609,67835257,-1757,3837,-2983,-3991,-1621,-3645
IMU1,6610,67846402,-1622,3576,-2748,-3774,-818,-3415
IMU1,6611,67857309,-1683,3174,-2298,-3315,-124,-3226
IMU1,6612,67868227,-1638,3292,-2059,-2637,305,-3032
IMU1,6613,67879054,-1578,3202,-1954,-1825,338,-2839
IMU1,6614,67889879,-1689,3271,-2285,-194,-513,-2404
IMU1,6615,67900601,-1536,3213,-2582,400,-994,-2158
IMU1,6616,67911232,-1425,3074,-2737,848,-1200,-1919
IMU1,6617,67922078,-1263,2921,-2795,1213,-1164,-1658
IMU1,6618,67933106,-1236,2787,-2727,1538,-1076,-1391
IMU1,6619,67944146,-1104,2724,-2819,1815,-1050,-1114
# swing_peak_seq=6593
IMU1,6620,67955179,-1253,2585,-2649,2080,-1087,-847
IMU1,6621,67966012,-1422,2265,-2878,2347,-1167,-408
IMU1,6622,67976858,-1323,2220,-2848,2563,-1220,-58
IMU1,6623,67987487,-934,2116,-2977,2611,-1147,177
IMU1,6624,67998033,-1140,1980,-2889,2617,-914,304
IMU1,6625,68008571,-1233,1813,-2957,2588,-649,456
IMU1,6626,68019094,-1153,1707,-2957,2501,-471,634
IMU1,6627,68029647,-1278,1574,-2858,2397,-312,800
IMU1,6628,68040193,-1264,1381,-2824,2315,-151,982
IMU1,6629,68050725,-1394,1214,-2554,2267,5,1177
IMU1,6630,68060972,-1536,994,-2271,2294,207,1400
IMU1,6631,68071411,-1642,581,-1902,2394,406,1635
IMU1,6632,68082376,-1617,453,-1773,2691,488,1955
IMU1,6633,68092810,-1639,300,-1770,2858,389,2010
IMU1,6634,68103247,-1730,118,-1763,3018,262,2025
IMU1,6635,68113678,-1843,-76,-1814,3166,168,2046
IMU1,6636,68124016,-1948,-290,-1864,3292,120,2095
IMU1,6637,68134540,-1998,-484,-1897,3393,116,2168
IMU1,6638,68145077,-1778,-659,-1809,3464,162,2230
IMU1,6639,68155617,-1579,-753,-1691,3536,267,2216
IMU1,6640,68166170,-1452,-894,-1536,3614,407,2138
IMU1,6641,68176693,-1474,-1061,-1307,3703,516,2034
IMU1,6642,68187412,-1568,-1332,-894,3817,458,1827
IMU1,6643,68197948,-1691,-1500,-727,4115,276,1752
IMU1,6644,68208488,-1657,-1614,-701,4286,32,1700
IMU1,6645,68218799,-1648,-1756,-683,4439,-243,1647
IMU1,6646,68229420,-1633,-1868,-695,4548,-498,1604
IMU1,6647,68240030,-1445,-1916,-806,4611,-663,1536
IMU1,6648,68250640,-1354,-1872,-731,4605,-706,1395
IMU1,6649,68261264,-1469,-1994,-643,4559,-618,1220
IMU1,6650,68271889,-1346,-2068,-601,4474,-492,1047
IMU1,6651,68282524,-1216,-2070,-550,4346,-400,836
IMU1,6652,68292955,-1296,-2110,-69,4202,-353,337
IMU1,6653,68303699,-1308,-2192,175,4042,-314,111
IMU1,6654,68314027,-1482,-2293,457,4033,-335,-91
IMU1,6655,68326708,-1440,-2332,608,4067,-427,-242
IMU1,6656,68337125,-1321,-2335,554,4108,-625,-394
IMU1,6657,68347563,-1225,-2297,479,4094,-888,-563
IMU1,6658,68357996,-1200,-2279,426,4014,-1138,-724
IMU1,6659,68368625,-1147,-2297,331,3886,-1332,-853
IMU1,6660,68379251,-885,-2136,351,3719,-1523,-955
IMU1,6661,68390211,-710,-2099,348,3432,-1911,-1124
IMU1,6662,68400862,-498,-2046,318,3321,-1872,-1214
IMU1,6663,68411493,-312,-1966,256,3209,-1730,-1320
IMU1,6664,68422113,-161,-1873,268,3091,-1588,-1466
IMU1,6665,68432746,-37,-1828,313,2982,-1516,-1649
IMU1,6666,68443177,-5,-1818,296,2894,-1499,-1842
IMU1,6667,68453413,-66,-1828,313,2821,-1479,-2003
IMU1,6668,68463851,-24,-1792,298,2752,-1388,-2098
IMU1,6669,68474287,74,-1704,285,2674,-1218,-2137
IMU1,6670,68484629,925,-1313,-40,2577,-986,-2167
IMU1,6671,68495893,405,-1473,-275,1551,382,-2639
IMU1,6672,68506227,659,-1622,665,1096,1321,-2474
IMU1,6673,68516651,479,-1441,1030,998,1735,-2336
IMU1,6674,68527092,479,-1287,864,1089,1527,-2224
IMU1,6675,68537529,412,-1536,953,1208,854,-2111
IMU1,6676,68547781,662,-1483,772,1315,124,-1944
IMU1,6677,68558016,789,-1450,691,1370,-367,-1814
IMU1,6678,68568354,875,-1440,713,1394,-524,-1664
IMU1,6679,68578684,946,-1396,621,1405,-455,-1517
IMU1,6680,68589029,1177,-1335,524,1386,-318,-1400
IMU1,6681,68599565,1341,-1322,421,1314,-179,-1349
IMU1,6682,68610097,1233,-1343,426,1179,13,-1349
IMU1,6683,68620841,1102,-1369,586,827,605,-1269
IMU1,6684,68631068,974,-1401,883,674,899,-1164
IMU1,6685,68641102,855,-1410,1183,585,1076,-1040
IMU1,6686,68651541,767,-1466,1472,568,1041,-928
IMU1,6687,68661772,639,-1448,1750,608,793,-827
IMU1,6688,68671812,524,-1459,1944,707,460,-717
IMU1,6689,68681863,435,-1482,2052,840,150,-575
IMU1,6690,68691900,374,-1472,2060,960,-78,-404
IMU1,6691,68701832,326,-1428,1998,1037,-232,-221
IMU1,6692,68712174,276,-1407,2015,1065,-347,-38
IMU1,6693,68722301,264,-1424,1975,1054,-455,135
IMU1,6694,68732543,254,-1391,1861,1001,-589,290
IMU1,6695,68742788,300,-1346,1775,896,-779,402
IMU1,6696,68752828,314,-1321,1676,759,-1004,468
IMU1,6697,68763066,362,-1292,1615,608,-1188,500
IMU1,6698,68773303,433,-1292,1665,454,-1280,506
IMU1,6699,68784574,347,-1321,1639,228,-1131,500
IMU1,6700,68794817,328,-1323,1552,142,-1014,515
IMU1,6701,68805071,377,-1345,1500,51,-938,537
IMU1,6702,68814926,388,-1361,1449,-42,-858,545
IMU1,6703,68824837,315,-1417,1514,-138,-756,567
IMU1,6704,68834970,235,-1479,1558,-214,-637,600
IMU1,6705,68845107,197,-1534,1598,-270,-612,639
IMU1,6706,68855252,171,-1594,1577,-313,-679,659
IMU1,6707,68865389,186,-1616,1568,-354,-752,666
IMU1,6708,68875503,251,-1661,1534,-383,-794,648
IMU1,6709,68885636,279,-1723,1389,-413,-792,611
IMU1,6710,68895769,250,-1769,1247,-481,-745,579
IMU1,6711,68905896,232,-1831,1158,-565,-674,562
IMU1,6712,68916033,149,-1865,1132,-652,-603,552
IMU1,6713,68926163,108,-1894,1240,-715,-539,553
IMU1,6714,68936305,94,-1929,1402,-715,-486,545
IMU1,6715,68946236,97,-1963,1507,-646,-467,514
IMU1,6716,68957733,140,-2019,1492,-429,-579,385
IMU1,6717,68967874,164,-2045,1492,-316,-650,281
IMU1,6718,68978003,231,-2015,1454,-205,-653,145
IMU1,6719,68988121,309,-1984,1423,-105,-566,-3
IMU1,6720,68997955,339,-1993,1363,-36,-417,-148
IMU1,6721,69007973,347,-1989,1271,-15,-266,-287
IMU1,6722,69018005,390,-1946,1174,-37,-163,-427
IMU1,6723,69028013,419,-1922,1199,-90,-128,-574
IMU1,6724,69038027,389,-1882,1214,-141,-149,-706
IMU1,6725,69048263,411,-1858,1234,-182,-181,-810
IMU1,6726,69058485,445,-1817,1260,-201,-179,-895
IMU1,6727,69068710,424,-1790,1251,-201,-138,-958
IMU1,6728,69078953,527,-1767,1201,-193,-52,-1000
IMU1,6729,69089184,683,-1740,1178,-189,74,-1057
IMU1,6730,69099322,777,-1722,1163,-194,206,-1135
IMU1,6731,69109668,796,-1702,1124,-209,283,-1213
IMU1,6732,69120015,747,-1629,982,-239,301,-1271
IMU1,6733,69130645,706,-1558,990,-374,287,-1238
IMU1,6734,69140778,668,-1499,1042,-441,287,-1174
IMU1,6735,69151096,624,-1410,1116,-470,312,-1089
IMU1,6736,69161440,555,-1359,1208,-457,348,-990
IMU1,6737,69171567,481,-1380,1241,-411,396,-881
IMU1,6738,69181685,358,-1404,1208,-353,471,-761
IMU1,6739,69191812,354,-1422,1157,-298,541,-647
IMU1,6740,69201947,367,-1498,1201,-253,595,-564
IMU1,6741,69212069,438,-1570,1258,-192,622,-514
IMU1,6742,69222217,501,-1598,1235,-119,592,-499
IMU1,6743,69232374,514,-1605,1160,-67,488,-510
IMU1,6744,69242296,485,-1610,1062,-49,382,-515
IMU1,6745,69252217,465,-1605,972,-76,333,-489
IMU1,6746,69261934,436,-1601,959,-134,341,-443
IMU1,6747,69271863,385,-1628,995,-198,377,-383
IMU1,6748,69281797,372,-1613,1051,-249,418,-316
IMU1,6749,69291917,306,-1623,1114,-267,441,-254
IMU1,6750,69302052,186,-1644,1199,-246,459,-192
IMU1,6751,69312183,163,-1689,1290,-183,459,-113
IMU1,6752,69323327,205,-1689,1246,4,316,-31
IMU1,6753,69335325,253,-1648,1141,95,181,-37
IMU1,6754,69344956,312,-1599,964,153,87,-77
IMU1,6755,69354412,386,-1552,759,161,130,-128
IMU1,6756,69364251,403,-1520,580,105,312,-187
IMU1,6757,69374091,379,-1497,557,6,540,-243
IMU1,6758,69383545,356,-1495,582,-95,693,-292
IMU1,6759,69393290,336,-1524,593,-174,694,-333
IMU1,6760,69403223,307,-1564,567,-234,605,-352
IMU1,6761,69413163,251,-1594,493,-279,552,-330
IMU1,6762,69423107,184,-1640,445,-320,587,-268
IMU1,6763,69433044,184,-1674,434,-345,644,-185
IMU1,6764,69442967,267,-1667,441,-343,669,-129
IMU1,6765,69452882,341,-1654,356,-313,678,-121
IMU1,6766,69462801,397,-1636,269,-275,719,-153
IMU1,6767,69472741,383,-1605,216,-235,814,-201
IMU1,6768,69482656,356,-1580,108,-201,927,-244
IMU1,6769,69492581,294,-1561,-27,-180,1036,-280
IMU1,6770,69502603,282,-1526,-119,-184,1148,-313
IMU1,6771,69512841,302,-1510,-196,-192,1305,-351
IMU1,6772,69523071,275,-1523,-196,-199,1519,-399
IMU1,6773,69533314,185,-1489,-155,-188,1750,-437
IMU1,6774,69544065,136,-1445,-233,-92,2055,-445
IMU1,6775,69554088,102,-1398,-442,-76,2199,-401
IMU1,6776,69564118,67,-1371,-701,-156,2417,-310
IMU1,6777,69574165,-134,-1388,-927,-341,2742,-178
IMU1,6778,69584494,-206,-1418,-971,-604,3162,-22
IMU1,6779,69594628,-103,-1400,-908,-883,3574,89
IMU1,6780,69604666,-119,-1363,-849,-1138,3914,106
IMU1,6781,69615096,-308,-1339,-750,-1351,4167,86
IMU1,6782,69625340,-583,-1288,-681,-1495,4362,111
IMU1,6783,69635782,-814,-1198,-690,-1585,4523,218
IMU1,6784,69646207,-1008,-1145,-559,-1617,4646,393
IMU1,6785,69656825,-967,-1022,-388,-1553,4758,589
IMU1,6786,69667260,-859,-875,-252,-1393,4937,737
IMU1,6787,69677490,-774,-862,-389,-1186,5237,831
IMU1,6788,69688766,-1121,-915,-315,-930,6024,1019
IMU1,6789,69699204,-1548,-947,-51,-837,6201,1184
IMU1,6790,69709436,-1834,-933,304,-681,6066,1439
IMU1,6791,69719793,-1962,-986,569,-429,5691,1756
IMU1,6792,69730139,-1874,-1032,670,-113,5222,2088
IMU1,6793,69740677,-1773,-1049,598,197,4816,2370
IMU1,6794,69751128,-1641,-1100,455,411,4569,2597
IMU1,6795,69761573,-1894,-1045,356,488,4533,2772
IMU1,6796,69772010,-2496,-1040,588,462,4637,2975
IMU1,6797,69782461,-2926,-1109,927,448,4616,3236
IMU1,6798,69792908,-2881,-995,826,504,4320,3451
IMU1,6799,69804190,-2319,-953,410,523,3753,3357
IMU1,6800,69814450,-2342,-973,-50,323,3787,3124
IMU1,6801,69824589,-2627,-990,-337,-56,3961,2933
IMU1,6802,69834815,-3139,-1015,-230,-517,4137,2877
IMU1,6803,69845466,-3513,-1114,-52,-908,4097,2971
IMU1,6804,69855904,-3533,-1150,106,-1156,3758,3135
IMU1,6805,69866668,-3532,-1149,238,-1231,3267,3261
IMU1,6806,69877403,-3431,-1140,326,-1116,2724,3327
IMU1,6807,69888150,-3241,-1115,295,-816,2171,3319
IMU1,6808,69898670,-3260,-1122,-327,-421,1689,3251
IMU1,6809,69909798,-3150,-1128,-686,238,1250,3215
IMU1,6810,69920338,-2837,-1039,-803,422,1285,3200
IMU1,6811,69930848,-2604,-846,-784,538,1398,3067
IMU1,6812,69941191,-2503,-766,-773,633,1466,2815
IMU1,6813,69951542,-2398,-612,-802,739,1421,2496
IMU1,6814,69961903,-2388,-458,-761,854,1323,2165
IMU1,6815,69972244,-2389,-274,-803,983,1308,1889
IMU1,6816,69982578,-2474,-165,-971,1097,1420,1688
IMU1,6817,69993114,-2639,-111,-1035,1145,1661,1585
IMU1,6818,70003859,-2676,37,-962,1136,1953,1577
IMU1,6819,70014101,-2744,135,-659,1109,2134,1609
IMU1,6820,70025066,-2736,118,-502,1103,1808,1701
IMU1,6821,70035509,-2725,115,-384,1157,1434,1762
IMU1,6822,70045962,-2672,135,-404,1239,1061,1832
IMU1,6823,70056403,-2606,129,-366,1331,767,1900
IMU1,6824,70066638,-2463,126,-397,1424,547,1963
IMU1,6825,70076890,-2391,133,-444,1487,368,1992
IMU1,6826,70087142,-2415,181,-331,1539,211,1993
IMU1,6827,70097385,-2280,61,-545,1579,44,1998
IMU1,6828,70107236,-2245,82,-653,1537,-61,1973
IMU1,6829,70117174,-2310,90,-581,1439,-82,1921
IMU1,6830,70127128,-2226,18,-569,1342,-113,1878
IMU1,6831,70137273,-2078,43,-640,1237,-135,1820
IMU1,6832,70147422,-2004,73,-612,1119,-111,1717
IMU1,6833,70157559,-1963,92,-527,1003,-41,1588
IMU1,6834,70167497,-1931,140,-457,907,61,1453
IMU1,6835,70177338,-1957,134,-521,843,186,1316
IMU1,6836,70188411,-1996,139,-495,679,361,1129
IMU1,6837,70198455,-1931,150,-441,589,405,1066
IMU1,6838,70208493,-1921,149,-543,504,425,999
IMU1,6839,70218324,-1897,196,-583,388,442,937
IMU1,6840,70228175,-1889,228,-607,264,462,876
IMU1,6841,70238021,-1877,230,-623,135,482,805
IMU1,6842,70247874,-1908,217,-591,31,500,744
IMU1,6843,70257522,-1936,220,-578,-48,517,699
IMU1,6844,70267262,-1910,221,-623,-103,485,666
IMU1,6845,70277200,-1908,231,-610,-134,418,634
IMU1,6846,70287147,-1917,251,-630,-156,358,600
IMU1,6847,70297112,-1925,250,-649,-166,282,573
IMU1,6848,70307050,-1894,251,-688,-169,216,550
IMU1,6849,70316995,-1853,248,-738,-177,186,529
IMU1,6850,70326933,-1812,256,-781,-194,177,509
IMU1,6851,70339437,-1784,290,-829,-218,164,484
IMU1,6852,70349371,-1786,302,-869,-248,151,461
IMU1,6853,70359314,-1788,309,-886,-279,151,444
IMU1,6854,70369265,-1785,346,-896,-302,144,435
IMU1,6855,70379221,-1784,369,-905,-315,134,421
IMU1,6856,70390734,-1787,419,-957,-324,109,415
IMU1,6857,70400682,-1790,455,-982,-331,120,414
IMU1,6858,70410595,-1791,482,-1031,-346,158,414
IMU1,6859,70420718,-1786,480,-1061,-374,209,406
IMU1,6860,70430842,-1782,483,-1052,-405,243,395
IMU1,6861,70440965,-1786,493,-1044,-426,262,376
IMU1,6862,70451085,-1787,503,-1042,-430,253,352
IMU1,6863,70461233,-1771,519,-1074,-421,231,329
IMU1,6864,70471363,-1803,526,-1077,-411,226,315
IMU1,6865,70481494,-1848,518,-1066,-387,224,314
IMU1,6866,70491627,-1881,511,-1074,-339,170,333
IMU1,6867,70501758,-1905,529,-1068,-285,66,364
IMU1,6868,70511702,-1887,539,-1102,-227,-31,404
IMU1,6869,70521740,-1859,558,-1150,-175,-108,442
IMU1,6870,70531970,-1795,555,-1203,-129,-169,471
IMU1,6871,70542204,-1737,530,-1256,-103,-201,481
IMU1,6872,70552432,-1678,530,-1366,-93,-226,487
IMU1,6873,70563504,-1608,603,-1448,-60,-303,475
IMU1,6874,70573535,-1587,647,-1526,-44,-301,468
IMU1,6875,70583576,-1557,697,-1595,-33,-250,470
IMU1,6876,70593629,-1485,734,-1694,-18,-182,480
IMU1,6877,70603649,-1342,666,-1739,-12,-97,485
IMU1,6878,70613480,-1217,609,-1739,8,-15,481
IMU1,6879,70623025,-1182,608,-1718,62,46,481
IMU1,6880,70632677,-1195,609,-1605,150,124,503
IMU1,6881,70642717,-1313,732,-1407,297,227,550
IMU1,6882,70652769,-1434,859,-1260,488,312,614
IMU1,6883,70662834,-1526,816,-1213,685,302,678
IMU1,6884,70672865,-1579,823,-1132,837,115,729
IMU1,6885,70682899,-1465,841,-1073,948,-182,759
IMU1,6886,70693026,-1355,881,-1079,1029,-465,746
IMU1,6887,70703366,-1359,1002,-1023,1077,-634,722
IMU1,6888,70713904,-1352,1149,-1036,1099,-611,709
IMU1,6889,70724453,-1464,1233,-1061,1083,-424,708
IMU1,6890,70734986,-1601,1166,-1025,1010,-181,741
IMU1,6891,70745516,-1777,1056,-733,899,-66,865
IMU1,6892,70755986,-1805,978,-587,728,-222,926
IMU1,6893,70765934,-1866,960,-475,698,-360,974
IMU1,6894,70775877,-1990,930,-432,701,-413,1015
IMU1,6895,70786033,-2136,860,-399,707,-401,1070
IMU1,6896,70796162,-2217,800,-390,691,-386,1118
IMU1,6897,70806301,-2197,728,-454,636,-451,1141
IMU1,6898,70816450,-2186,734,-537,538,-609,1112
IMU1,6899,70826593,-2311,775,-552,428,-775,1054
IMU1,6900,70836739,-2481,705,-579,320,-820,1014
IMU1,6901,70846876,-2704,693,-512,227,-768,993
IMU1,6902,70856826,-2962,715,-349,177,-773,970
IMU1,6903,70866768,-3208,738,-187,198,-918,921
IMU1,6904,70876697,-3520,719,-41,291,-1132,850
IMU1,6905,70886639,-3881,709,102,418,-1301,784
IMU1,6906,70896670,-4169,682,233,557,-1397,731
IMU1,6907,70906710,-4383,661,345,669,-1483,646
IMU1,6908,70916757,-4553,698,454,731,-1616,491
IMU1,6909,70926805,-4813,778,550,738,-1803,251
IMU1,6910,70936851,-5075,880,689,696,-2004,-38
IMU1,6911,70946799,-5244,934,1429,634,-2127,-332
IMU1,6912,70958190,-5889,1266,1875,558,-1938,-925
IMU1,6913,70968750,-6036,1559,2374,567,-1984,-1216
IMU1,6914,70979510,-6053,2006,2635,591,-2161,-1568
IMU1,6915,70990268,-6075,2497,2815,549,-2433,-1974
IMU1,6916,71001028,-6009,3084,2841,400,-2755,-2400
IMU1,6917,71011784,-5740,3769,2739,108,-3085,-2805
IMU1,6918,71022552,-5344,4484,2728,-325,-3228,-3195
IMU1,6919,71033409,-5092,5099,2298,-901,-2976,-3601
IMU1,6920,71044289,-5425,6225,2188,-2672,-1883,-4453
IMU1,6921,71055349,-5993,6702,1949,-3812,-1613,-4915
IMU1,6922,71066422,-6363,7401,1595,-5065,-2108,-5373
IMU1,6923,71077485,-6523,8102,1258,-6302,-3016,-5847
IMU1,6924,71088548,-6651,8834,621,-7467,-3783,-6305
IMU1,6925,71099427,-6951,9507,-59,-8583,-4215,-6730
IMU1,6926,71110200,-7447,10199,-314,-9625,-4355,-7120
IMU1,6927,71121373,-7748,11353,-395,-11076,-4897,-8063
IMU1,6928,71132732,-7621,11626,-721,-11450,-5314,-8632
IMU1,6929,71144107,-7325,11518,-807,-11757,-5471,-9158
IMU1,6930,71155481,-7366,11071,-546,-11901,-5333,-9531
IMU1,6931,71166862,-6910,10453,-849,-11869,-4425,-9631
IMU1,6932,71178229,-5607,9107,-149,-11824,-3356,-9832
IMU1,6933,71189404,-5246,8514,357,-11381,-2100,-9994
IMU1,6934,71200470,-5060,7977,726,-10957,-1782,-10127
IMU1,6935,71211732,-4880,7544,786,-10367,-1650,-10238
IMU1,6936,71222998,-4735,7338,700,-9721,-1809,-10277
IMU1,6937,71234067,-4574,7009,727,-9066,-2279,-10189
IMU1,6938,71245136,-3694,6659,492,-8374,-2881,-9944
IMU1,6939,71255985,-3443,6295,171,-6974,-3965,-9147
IMU1,6940,71266865,-3088,5966,-498,-6358,-4463,-8574
IMU1,6941,71277847,-2696,5620,-1336,-5898,-4857,-7890
IMU1,6942,71288997,-2329,5301,-2137,-5592,-4859,-7057
IMU1,6943,71300154,-2298,5078,-2656,-5337,-4127,-6067
IMU1,6944,71311316,-2411,5005,-3070,-5037,-2828,-4953
IMU1,6945,71322498,-2253,4934,-3454,-4685,-823,-2852
IMU1,6946,71333442,-1757,4756,-3221,-3832,-539,-2110
IMU1,6947,71346960,-1339,4445,-2907,-3229,-442,-1658
IMU1,6948,71357902,-1205,4022,-2429,-2426,-380,-1414
IMU1,6949,71368848,-1203,3946,-2249,-1484,-324,-1275
IMU1,6950,71379783,-1299,3383,-2268,-514,-380,-1210
IMU1,6951,71390521,-1372,3235,-2598,1135,-1083,-1190
IMU1,6952,71401573,-1440,3064,-2974,1681,-1567,-1159
IMU1,6953,71412628,-1506,2884,-3271,2024,-1861,-1068
IMU1,6954,71423678,-1502,2665,-3503,2205,-1845,-872
IMU1,6955,71434556,-1401,2431,-3657,2251,-1530,-595
IMU1,6956,71445409,-1356,2244,-3662,2196,-1051,-289
# swing_peak_seq=6930
IMU1,6957,71456255,-1303,2118,-3570,2078,-558,11
IMU1,6958,71466602,-1194,1828,-3130,1928,-140,477
IMU1,6959,71477160,-1116,1715,-2961,1673,307,634
IMU1,6960,71487620,-1128,1566,-2688,1606,353,743
IMU1,6961,71498071,-1230,1407,-2504,1612,340,853
IMU1,6962,71508524,-1259,1258,-2369,1695,285,969
IMU1,6963,71518976,-1368,1111,-2264,1821,186,1081
IMU1,6964,71529632,-1395,993,-2237,1979,98,1186
IMU1,6965,71539888,-1409,872,-2159,2157,66,1264
IMU1,6966,71550150,-1477,749,-2151,2342,104,1318
IMU1,6967,71560622,-1474,612,-2183,2510,192,1343
IMU1,6968,71571086,-1682,454,-2162,2644,338,1320
IMU1,6969,71581537,-1618,271,-2078,2745,580,1245
IMU1,6970,71592516,-1501,-79,-2001,2809,1388,806
IMU1,6971,71602869,-1277,-214,-1828,2821,1859,432
IMU1,6972,71613428,-1199,-288,-1596,2855,2271,-3
IMU1,6973,71623701,-1108,-335,-1357,2953,2595,-410
IMU1,6974,71634349,-1032,-335,-995,3116,2856,-716
IMU1,6975,71644819,-1009,-374,-759,3340,3066,-856
IMU1,6976,71655269,-1066,-374,-619,3571,3182,-799
IMU1,6977,71665744,-980,-338,-677,3753,3147,-548
IMU1,6978,71676019,-807,-446,-726,3844,2959,-173
IMU1,6979,71686274,-470,-410,-1040,3840,2667,256
IMU1,6980,71696598,362,-199,-1173,3696,2233,584
IMU1,6981,71706847,-536,-505,-999,3489,1699,709
IMU1,6982,71717508,-257,-449,-390,3122,924,1032
IMU1,6983,71727660,-144,-240,-369,3049,806,1120
IMU1,6984,71737795,-432,-418,-771,2982,867,1178
IMU1,6985,71747942,-1228,-584,-1090,2824,935,1306
IMU1,6986,71758488,-1255,-810,-1037,2616,1047,1577
IMU1,6987,71769230,-1229,-1075,-680,2430,1181,1890
IMU1,6988,71779981,-1235,-1237,-275,2323,1301,2206
IMU1,6989,71790733,-1156,-1232,-27,2316,1432,2540
IMU1,6990,71801292,-1451,-1154,258,2387,1639,2897
IMU1,6991,71811946,-1616,-1078,422,2531,1949,3321
IMU1,6992,71822593,-1371,-1349,371,2707,2501,4117
IMU1,6993,71833256,-1270,-1356,219,3025,2591,4383
IMU1,6994,71843935,-1147,-1208,134,3108,2570,4525
IMU1,6995,71854582,-1022,-998,-49,3133,2452,4523
IMU1,6996,71864937,-946,-690,-96,3078,2209,4342
IMU1,6997,71875101,-1079,-592,220,3003,2001,4034
IMU1,6998,71885564,-1265,-600,605,2976,1929,3686
IMU1,6999,71896014,-1382,-775,848,2997,2058,3398
IMU1,7000,71906469,-1348,-965,824,3041,2396,3216
IMU1,7001,71916926,-1470,-960,744,3086,2811,3162
IMU1,7002,71927394,-1748,-883,736,3153,3069,3281
IMU1,7003,71937860,-1994,-677,612,3249,3113,3943
IMU1,7004,71948325,-1954,-539,596,3328,3089,4305
IMU1,7005,71958795,-2121,-488,735,3233,3303,4589
IMU1,7006,71969259,-2489,-632,1081,3113,3483,4807
IMU1,7007,71979932,-2668,-681,1470,3084,3356,4957
IMU1,7008,71990610,-2635,-727,1718,3193,2887,4988
IMU1,7009,72001283,-2477,-761,1750,3418,2239,4880
IMU1,7010,72011936,-2504,-691,1660,3687,1590,4645
IMU1,7011,72022599,-2590,-663,1383,3938,1033,4470
IMU1,7012,72033259,-2226,-485,1576,4127,669,4395
IMU1,7013,72043729,-3400,-562,886,4384,683,4430
IMU1,7014,72054509,-2988,-247,287,4459,1272,4843
IMU1,7015,72064967,-3126,-54,466,4150,1539,5232
IMU1,7016,72075227,-3005,17,610,3814,1615,5505
IMU1,7017,72085402,-2745,230,760,3521,1413,5608
IMU1,7018,72095769,-2654,573,830,3288,995,5514
IMU1,7019,72105919,-2432,781,1141,3136,536,5317
IMU1,7020,72116286,-2704,750,853,3095,34,5050
IMU1,7021,72126248,-2717,989,425,3052,-386,4794
IMU1,7022,72136510,-2762,1202,230,2908,-506,4601
IMU1,7023,72146955,-2731,1363,97,2691,-376,4463
IMU1,7024,72157205,-2555,1498,144,2446,-121,4347
IMU1,7025,72167658,-2550,1766,335,2225,216,4213
IMU1,7026,72178018,-2400,1816,1307,2073,616,4052
IMU1,7027,72189087,-2237,1677,2031,2292,1188,3584
IMU1,7028,72199857,-2220,1477,1755,2766,1141,3179
IMU1,7029,72210620,-3295,1454,81,3048,926,2868
IMU1,7030,72220769,-3220,1609,-205,2946,646,2857
IMU1,7031,72231204,-2622,1599,454,2624,373,2867
IMU1,7032,72241560,-2054,1710,875,2375,256,2687
IMU1,7033,72251924,-1730,1764,768,2207,253,2321
IMU1,7034,72262285,-1764,1607,358,1993,184,1867
IMU1,7035,72272627,-1854,1477,-90,1668,86,1484
IMU1,7036,72282671,-2063,1467,-237,1243,87,1237
IMU1,7037,72292921,-2257,1506,-111,820,232,1127
IMU1,7038,72303174,-2293,1413,105,504,436,1122
IMU1,7039,72313855,-2262,1365,198,197,653,1202
IMU1,7040,72324004,-2264,1379,341,206,665,1231
IMU1,7041,72334128,-2295,1350,269,282,657,1236
IMU1,7042,72344270,-2321,1241,122,355,558,1231
IMU1,7043,72356879,-2255,1223,29,396,327,1215
IMU1,7044,72366817,-2106,1399,-29,423,55,1152
IMU1,7045,72376652,-2078,1307,-221,434,-152,1028
IMU1,7046,72386978,-1994,1324,-149,425,-242,906
IMU1,7047,72397105,-1985,1265,-363,416,-252,783
IMU1,7048,72407240,-1942,1267,-409,380,-266,672
IMU1,7049,72417366,-1931,1185,-433,352,-241,577
IMU1,7050,72427487,-1847,1264,-348,336,-163,499
IMU1,7051,72437617,-1809,1288,-285,346,-64,400
IMU1,7052,72448582,-1777,1345,-396,381,-31,174
IMU1,7053,72458501,-1784,1383,-574,365,-137,69
IMU1,7054,72468425,-1743,1390,-690,297,-238,-2
IMU1,7055,72478262,-1701,1450,-688,214,-259,-47
IMU1,7056,72488292,-1643,1495,-567,156,-197,-68
IMU1,7057,72498317,-1620,1510,-488,159,-64,-97
IMU1,7058,72508156,-1707,1511,-463,194,48,-121
IMU1,7059,72518093,-1804,1498,-488,237,97,-129
IMU1,7060,72528021,-1893,1498,-496,266,58,-126
IMU1,7061,72537942,-1999,1525,-457,277,-32,-110
IMU1,7062,72547976,-2100,1544,-394,292,-109,-99
IMU1,7063,72558015,-2289,1590,-309,318,-171,-102
IMU1,7064,72568262,-2576,1560,-142,361,-191,-119
IMU1,7065,72578493,-2843,1471,-15,425,-149,-139
IMU1,7066,72588522,-3166,1456,135,491,-115,-186
IMU1,7067,72598661,-3442,1405,356,553,-108,-258
IMU1,7068,72608804,-3644,1386,525,614,-107,-367
IMU1,7069,72618933,-3836,1376,718,659,-136,-528
IMU1,7070,72629088,-4078,1406,885,680,-172,-734
IMU1,7071,72639228,-4289,1483,1006,663,-190,-966
IMU1,7072,72650616,-4550,1570,1387,521,-347,-1550
IMU1,7073,72661173,-4700,1738,1602,417,-523,-1897
IMU1,7074,72671723,-4932,1960,1828,314,-715,-2262
IMU1,7075,72682290,-5084,2250,1999,213,-998,-2596
IMU1,7076,72692846,-5212,2531,2144,112,-1338,-2890
IMU1,7077,72703596,-5241,2829,2305,1,-1580,-3129
IMU1,7078,72713984,-5197,3181,2372,-137,-1716,-3353
IMU1,7079,72724849,-5126,3533,2314,-336,-1923,-3597
IMU1,7080,72735685,-5094,4351,2151,-630,-2230,-3851
IMU1,7081,72746557,-4865,4770,2028,-1483,-2425,-4341
IMU1,7082,72757605,-4885,5162,1833,-2026,-2236,-4617
IMU1,7083,72768651,-5205,5546,1725,-2636,-2055,-4919
IMU1,7084,72779685,-5541,5933,1674,-3292,-2002,-5219
IMU1,7085,72790729,-5896,6418,1522,-3954,-2060,-5544
IMU1,7086,72801785,-6146,6938,1153,-4651,-2202,-5938
IMU1,7087,72812844,-6165,7911,160,-5441,-2552,-6444
IMU1,7088,72823686,-6366,8245,-98,-7266,-3147,-7735
IMU1,7089,72834451,-6388,8660,-220,-8116,-3136,-8445
IMU1,7090,72845409,-6497,8923,-24,-8751,-2981,-9282
IMU1,7091,72856162,-6756,9050,119,-9148,-2808,-10149
IMU1,7092,72867226,-7132,8964,281,-9342,-2701,-10904
IMU1,7093,72878283,-7420,8867,422,-9340,-2647,-11391
IMU1,7094,72889350,-7330,8760,404,-9207,-2504,-11573
IMU1,7095,72900425,-6644,8095,519,-8906,-2342,-11356
IMU1,7096,72911495,-6131,7609,769,-8716,-2430,-11075
IMU1,7097,72922568,-5500,7692,1023,-8417,-2531,-10770
IMU1,7098,72933820,-5080,7324,1226,-7991,-2584,-10534
IMU1,7099,72945094,-4672,7170,1055,-7509,-2840,-10368
IMU1,7100,72956365,-4184,6891,872,-7112,-3307,-10236
IMU1,7101,72967442,-3233,6396,717,-6477,-4051,-9860
IMU1,7102,72978301,-3103,6134,539,-6157,-4156,-9559
IMU1,7103,72989189,-3009,5856,138,-5868,-4350,-9122
IMU1,7104,73000054,-2779,5603,-307,-5618,-4687,-8576
IMU1,7105,73011000,-2444,5326,-943,-5410,-4961,-7924
IMU1,7106,73021972,-2368,4942,-1631,-5264,-4893,-7146
IMU1,7107,73033132,-2454,4646,-2300,-5161,-4423,-6175
IMU1,7108,73044290,-2853,4040,-2931,-4868,-2825,-3845
IMU1,7109,73055431,-2883,4000,-2782,-4526,-2029,-2706
IMU1,7110,73066576,-2374,3876,-2740,-4019,-1441,-1806
IMU1,7111,73077719,-1970,3721,-2545,-3424,-1142,-1308
IMU1,7112,73088876,-1714,3778,-2490,-2748,-1075,-1164
IMU1,7113,73100017,-1576,3685,-2591,-2033,-1240,-1272
IMU1,7114,73111167,-1583,3457,-3033,-1323,-1570,-1626
IMU1,7115,73122330,-1608,3340,-3254,-59,-1912,-1662
IMU1,7116,73133064,-1579,3152,-3546,486,-1786,-1576
IMU1,7117,73143927,-1454,3076,-3707,943,-1586,-1374
IMU1,7118,73154797,-1437,2914,-3831,1299,-1349,-1209
IMU1,7119,73165849,-1381,2762,-3930,1528,-1093,-1024
IMU1,7120,73176893,-1278,2699,-3893,1634,-863,-848
# swing_peak_seq=7094
IMU1,7121,73187540,-1295,2627,-3845,1658,-665,-682
IMU1,7122,73198693,-1172,2367,-3716,1585,-310,-311
IMU1,7123,73209371,-1153,2127,-3409,1596,-163,-84
IMU1,7124,73219825,-1164,1873,-3169,1701,-43,172
IMU1,7125,73230176,-1105,1646,-2963,1868,-12,446
IMU1,7126,73240519,-1099,1444,-2791,2090,-78,685
IMU1,7127,73250864,-1084,1264,-2686,2356,-220,880
IMU1,7128,73261416,-1113,1114,-2645,2620,-416,1027
IMU1,7129,73272172,-1171,970,-2535,2877,-610,1141
IMU1,7130,73282743,-1245,822,-2532,3119,-738,1245
IMU1,7131,73293303,-1325,699,-2348,3319,-750,1349
IMU1,7132,73304377,-1583,412,-2202,3656,-544,1513
IMU1,7133,73314946,-1733,264,-2008,3836,-518,1595
IMU1,7134,73325521,-1994,86,-1736,4077,-555,1665
IMU1,7135,73335872,-2187,-106,-1683,4353,-601,1749
IMU1,7136,73346528,-2219,-302,-1568,4611,-626,1813
IMU1,7137,73359750,-2181,-463,-1394,4859,-591,1807
IMU1,7138,73370410,-2051,-483,-1257,5097,-480,1688
IMU1,7139,73381571,-1977,-561,-1160,5416,-202,1171
IMU1,7140,73392232,-1888,-552,-1104,5482,-137,850
IMU1,7141,73402693,-1791,-539,-989,5494,-173,515
IMU1,7142,73412937,-1689,-517,-851,5473,-323,179
IMU1,7143,73423171,-1602,-514,-734,5440,-549,-127
IMU1,7144,73433506,-1486,-499,-680,5400,-749,-383
IMU1,7145,73443854,-1321,-444,-668,5349,-860,-593
IMU1,7146,73454183,-1114,-397,-700,5277,-846,-762
IMU1,7147,73464532,-951,-379,-684,5185,-683,-896
IMU1,7148,73474674,-815,-373,-656,5086,-366,-989
IMU1,7149,73484808,-659,-318,-640,4992,64,-1051
IMU1,7150,73494834,-549,-262,-623,4899,560,-1101
IMU1,7151,73505089,-407,-77,-540,4806,1078,-1137
IMU1,7152,73516373,-346,-27,-491,4651,2109,-1176
IMU1,7153,73526630,-353,20,-346,4585,2602,-1142
IMU1,7154,73536775,-408,92,-209,4560,3023,-1085
IMU1,7155,73546922,-474,118,3,4564,3338,-996
IMU1,7156,73556586,-616,117,253,4627,3514,-879
IMU1,7157,73566661,-832,91,542,4749,3546,-720
IMU1,7158,73576533,-946,34,824,4949,3458,-517
IMU1,7159,73586402,-956,19,946,5221,3244,-306
IMU1,7160,73596264,-899,3,860,5512,2932,-134
IMU1,7161,73605936,-749,-9,684,5750,2625,-21
IMU1,7162,73615479,-659,63,478,5872,2486,38
IMU1,7163,73625037,-625,107,351,5852,2682,75
IMU1,7164,73634802,-755,230,497,5718,3207,119
IMU1,7165,73644757,-1082,331,877,5587,3686,189
IMU1,7166,73654926,-1350,302,1359,5570,3788,273
IMU1,7167,73665299,-1242,430,1552,5704,3523,292
IMU1,7168,73675660,-1060,587,1463,5927,3065,165
IMU1,7169,73686026,-999,658,1187,6124,2735,-58
IMU1,7170,73696089,-938,590,915,6139,3069,-246
IMU1,7171,73706154,-959,623,544,5892,4353,-299
IMU1,7172,73716243,-1260,712,508,5386,5902,-222
IMU1,7173,73726520,-2398,1121,1261,4762,6715,-65
IMU1,7174,73737536,-2663,1156,1462,3689,5333,355
IMU1,7175,73748086,-2768,1053,1648,3316,3969,588
IMU1,7176,73758629,-2555,1013,1650,3082,2934,889
IMU1,7177,73769189,-2214,969,1383,2930,2577,1216
IMU1,7178,73779728,-1962,1013,973,2739,2795,1529
IMU1,7179,73790269,-1970,1135,839,2473,3317,1794
IMU1,7180,73800825,-2201,1305,1133,2184,3886,1993
IMU1,7181,73811572,-2652,1471,1803,2010,4130,2118
IMU1,7182,73822319,-3031,1561,2448,2080,3862,2210
IMU1,7183,73833610,-2776,1531,2306,2766,2272,2285
IMU1,7184,73844363,-2593,1428,1993,3095,1625,2237
IMU1,7185,73855120,-2479,1383,1579,3273,1418,2194
IMU1,7186,73865890,-2398,1374,1107,3255,1572,2193
IMU1,7187,73876659,-2333,1400,841,3026,1921,2222
IMU1,7188,73887217,-2357,1389,613,2645,2335,2258
IMU1,7189,73897781,-2158,1471,302,2171,2694,2298
IMU1,7190,73908339,-2015,1661,62,1629,2929,2278
IMU1,7191,73918687,-1963,1705,104,1076,3143,2191
IMU1,7192,73929779,-2184,1787,121,234,3766,2027
IMU1,7193,73940133,-2500,1812,143,-51,4179,2048
IMU1,7194,73950381,-2780,1816,205,-258,4565,2169
IMU1,7195,73960842,-2934,1800,206,-392,4821,2360
IMU1,7196,73971293,-2982,1853,461,-456,4832,2562
IMU1,7197,73981742,-2968,1749,622,-376,4522,2739
IMU1,7198,73992208,-3268,1586,162,-230,3894,2894
IMU1,7199,74002653,-3299,1563,-35,-154,3075,3132
IMU1,7200,74013010,-3039,1571,42,-117,2348,3381
IMU1,7201,74023266,-2765,1661,163,-41,1871,3505
IMU1,7202,74033505,-2651,1459,75,81,1546,3456
IMU1,7203,74043463,-2594,1486,-30,220,1267,3290
IMU1,7204,74054744,-2675,1048,-351,430,804,2770
IMU1,7205,74064984,-2430,1122,-499,310,775,2461
IMU1,7206,74075227,-2336,1003,-513,86,879,2046
IMU1,7207,74085269,-2263,1016,-454,-157,931,1609
IMU1,7208,74095601,-2319,1067,-442,-342,916,1202
IMU1,7209,74105944,-2386,1197,-527,-479,920,875
IMU1,7210,74116098,-2410,1258,-685,-598,959,638
IMU1,7211,74126253,-2317,1324,-871,-720,959,476
IMU1,7212,74136407,-2236,1323,-887,-808,859,374
IMU1,7213,74146548,-2103,1313,-884,-829,736,334
IMU1,7214,74156683,-2105,1386,-854,-770,631,336
IMU1,7215,74166836,-2138,1418,-709,-639,551,387
IMU1,7216,74176990,-2098,1455,-611,-439,480,468
IMU1,7217,74187125,-2040,1527,-584,-208,360,519
IMU1,7218,74197270,-1988,1521,-837,-12,143,522
IMU1,7219,74208775,-1765,1460,-1035,137,-335,363
IMU1,7220,74219110,-1639,1471,-1208,47,-485,236
IMU1,7221,74229259,-1595,1526,-1310,-107,-546,120
IMU1,7222,74239701,-1549,1588,-1242,-269,-439,35
IMU1,7223,74249962,-1600,1585,-1152,-375,-243,-17
IMU1,7224,74260274,-1727,1582,-1106,-419,-107,-37
IMU1,7225,74270599,-1769,1539,-1054,-416,-95,-9
IMU1,7226,74280525,-1775,1494,-1094,-374,-180,47
IMU1,7227,74290747,-1828,1504,-1048,-317,-321,106
IMU1,7228,74301182,-1849,1491,-972,-226,-429,161
IMU1,7229,74311414,-1935,1455,-919,-111,-453,208
IMU1,7230,74321648,-2015,1404,-824,10,-405,245
IMU1,7231,74331571,-2095,1402,-740,131,-338,241
IMU1,7232,74341710,-2171,1406,-604,221,-305,189
IMU1,7233,74352905,-2559,1511,-518,298,-367,-75
IMU1,7234,74365505,-2819,1484,-350,325,-422,-226
IMU1,7235,74375737,-3106,1478,-204,358,-492,-360
IMU1,7236,74385977,-3340,1540,-64,411,-581,-496
IMU1,7237,74396011,-3576,1620,84,472,-660,-644
IMU1,7238,74405943,-3854,1631,267,531,-670,-803
IMU1,7239,74416073,-4153,1670,508,581,-600,-964
IMU1,7240,74426213,-4478,1771,731,608,-517,-1147
IMU1,7241,74436565,-4829,1820,1029,610,-481,-1359
IMU1,7242,74447101,-5169,1838,1363,594,-535,-1590
IMU1,7243,74457652,-5780,2186,2147,565,-715,-2130
IMU1,7244,74468198,-5913,2472,2347,479,-1384,-2480
IMU1,7245,74478954,-5887,2818,2380,339,-1909,-2902
IMU1,7246,74489716,-5653,3279,2310,82,-2391,-3383
IMU1,7247,74500274,-5432,3762,2291,-311,-2573,-3894
IMU1,7248,74511127,-5322,4194,2405,-801,-2393,-4412
IMU1,7249,74521982,-5370,4681,2429,-1339,-2076,-4923
IMU1,7250,74533032,-5560,5145,2365,-1918,-1907,-5427
IMU1,7251,74544109,-6241,6215,2273,-2541,-2017,-6298
IMU1,7252,74555188,-6445,6852,1992,-3818,-2677,-6659
IMU1,7253,74566245,-6590,7492,1517,-4491,-2929,-7084
IMU1,7254,74577301,-6614,8079,953,-5255,-3121,-7633
IMU1,7255,74588166,-6718,8634,371,-6093,-3317,-8311
IMU1,7256,74599026,-6700,9009,18,-6937,-3367,-9021
IMU1,7257,74609683,-6682,9281,-34,-7671,-3136,-9715
IMU1,7258,74620446,-6616,9518,-146,-8201,-2776,-10398
IMU1,7259,74631610,-6792,9175,44,-8828,-2215,-11441
IMU1,7260,74642479,-6581,8819,289,-8932,-2126,-11609
IMU1,7261,74653533,-6269,8456,442,-8881,-2122,-11568
IMU1,7262,74664590,-5756,8042,612,-8701,-2216,-11365
IMU1,7263,74675661,-5238,7587,855,-8417,-2250,-11094
IMU1,7264,74686725,-4882,7233,1186,-8016,-2220,-10787
IMU1,7265,74697985,-3938,6631,1628,-7507,-2281,-10159
IMU1,7266,74709260,-3859,6483,1594,-6448,-2986,-9887
IMU1,7267,74720322,-3829,6266,1444,-5973,-3592,-9521
IMU1,7268,74731391,-3703,6011,1288,-5575,-4213,-9008
IMU1,7269,74742456,-3423,5747,866,-5239,-4787,-8391
IMU1,7270,74753323,-3262,5297,325,-5024,-5237,-7734
IMU1,7271,74764159,-2914,4947,36,-4897,-5380,-7020
IMU1,7272,74774823,-2146,4290,-479,-4815,-5205,-6306
IMU1,7273,74785775,-2008,3993,-649,-4728,-4533,-5092
IMU1,7274,74796727,-2457,3747,-1490,-4732,-4380,-4604
IMU1,7275,74807895,-2365,3752,-2071,-4891,-4406,-4024
IMU1,7276,74819050,-2248,3764,-2864,-5167,-4272,-3384
IMU1,7277,74830193,-2301,3357,-3418,-5533,-3718,-2749
IMU1,7278,74841355,-2039,3008,-3355,-5823,-2809,-2151
IMU1,7279,74852515,-1438,2789,-2542,-5454,-606,-1601
IMU1,7280,74863465,-1594,2806,-2399,-4790,477,-1691
IMU1,7281,74874332,-1708,3034,-2642,-3980,1231,-1875
IMU1,7282,74885395,-1787,3090,-2759,-3182,1326,-2089
IMU1,7283,74896434,-1675,3575,-2844,-2359,888,-2256
IMU1,7284,74907269,-1454,3649,-2925,-1482,217,-2379
IMU1,7285,74918105,-1456,3661,-3108,-573,-491,-2414
IMU1,7286,74928851,-1427,3659,-3660,286,-1085,-2103
# swing_peak_seq=7260
IMU1,7287,74939690,-1440,3616,-3984,1550,-1609,-1824
IMU1,7288,74950734,-1409,3551,-4250,1887,-1626,-1511
IMU1,7289,74961782,-1358,3435,-4353,2041,-1499,-1205
IMU1,7290,74972822,-1257,3249,-4331,2070,-1207,-887
IMU1,7291,74983656,-1153,2971,-4161,2030,-803,-561
IMU1,7292,74994299,-1075,2685,-3893,1985,-407,-237
IMU1,7293,75004944,-1029,2425,-3582,1975,-121,82
IMU1,7294,75015293,-1030,1956,-2937,2022,14,673
IMU1,7295,75026065,-1061,1774,-2611,2269,-25,930
IMU1,7296,75036410,-1085,1572,-2332,2481,-120,1148
IMU1,7297,75047169,-1059,1350,-2198,2735,-257,1327
IMU1,7298,75057911,-1021,1173,-2159,2971,-387,1450
IMU1,7299,75068675,-1080,1043,-2047,3169,-398,1516
IMU1,7300,75079435,-1082,914,-1960,3315,-270,1548
IMU1,7301,75089998,-1203,834,-1847,3411,-90,1551
IMU1,7302,75100347,-1307,721,-1771,3482,79,1552
IMU1,7303,75110607,-1392,605,-1620,3532,251,1555
IMU1,7304,75121062,-1531,421,-1371,3571,471,1562
IMU1,7305,75132043,-1546,355,-1196,3626,934,1586
IMU1,7306,75142521,-1553,277,-1058,3664,1119,1571
IMU1,7307,75153189,-1489,188,-967,3694,1254,1537
IMU1,7308,75163656,-1549,147,-746,3742,1342,1478
IMU1,7309,75174120,-1548,75,-632,3819,1355,1415
IMU1,7310,75184403,-1460,43,-512,3916,1255,1363
IMU1,7311,75194667,-1341,28,-394,4037,1091,1289
IMU1,7312,75204929,-1268,-16,-342,4187,908,1179
IMU1,7313,75215076,-1149,-44,-352,4348,722,1065
IMU1,7314,75225228,-1026,-65,-379,4484,592,958
IMU1,7315,75235188,-888,-36,-378,4597,602,867
IMU1,7316,75244957,-802,21,-407,4672,813,805
IMU1,7317,75254601,-787,24,-381,4701,1190,793
IMU1,7318,75264480,-826,35,-285,4694,1630,828
IMU1,7319,75274315,-871,119,-198,4683,1996,913
IMU1,7320,75285941,-1001,48,204,4665,2322,1199
IMU1,7321,75296098,-1171,-24,205,4708,2295,1411
IMU1,7322,75306348,-1239,-84,316,4742,2172,1682
IMU1,7323,75316614,-1227,-73,284,4806,1994,1998
IMU1,7324,75326876,-1139,-72,291,4892,1785,2327
IMU1,7325,75337143,-1017,-24,292,4987,1579,2625
IMU1,7326,75347409,-1139,-7,302,5074,1495,2878
IMU1,7327,75357486,-1314,-51,465,5133,1676,3123
IMU1,7328,75370309,-1475,-61,737,5173,2115,3366
IMU1,7329,75380558,-1721,-113,1273,5188,2646,3582
IMU1,7330,75391729,-1832,-73,1309,5164,3462,3911
IMU1,7331,75402201,-2000,-109,1407,5101,3570,4033
IMU1,7332,75412864,-2193,-118,1519,5048,3396,4160
IMU1,7333,75423525,-2320,-93,1497,5057,2983,4304
IMU1,7334,75434001,-2219,45,1235,5106,2508,4430
IMU1,7335,75444386,-1949,230,1025,5121,2131,4455
IMU1,7336,75454952,-1906,313,1012,5043,2017,4333
IMU1,7337,75465536,-2058,394,883,4837,2433,4169
IMU1,7338,75475909,-2289,475,579,4466,3411,4107
IMU1,7339,75486288,-2572,507,693,3957,4308,4184
IMU1,7340,75497185,-3195,785,837,2943,4723,4534
IMU1,7341,75507580,-3251,878,1011,2563,4422,4629
IMU1,7342,75518153,-3388,855,1170,2315,3777,4612
IMU1,7343,75528756,-3388,920,1166,2227,2973,4562
IMU1,7344,75539330,-3249,989,1217,2274,2171,4500
IMU1,7345,75549890,-3193,963,1289,2452,1483,4362
IMU1,7346,75560462,-3187,912,1420,2755,954,4237
IMU1,7347,75570849,-3682,1064,1390,3179,452,4194
IMU1,7348,75581432,-3525,1160,1032,3605,-199,4303
IMU1,7349,75592105,-3683,1285,298,4054,-892,4319
IMU1,7350,75603078,-3538,1219,666,4681,-1584,4094
IMU1,7351,75613748,-3060,1767,658,4724,-1722,4192
IMU1,7352,75624413,-2601,2156,1000,4755,-1465,4125
IMU1,7353,75635273,-2537,1945,869,4818,-1149,3881
IMU1,7354,75645934,-2609,1991,525,4824,-945,3625
IMU1,7355,75656406,-2278,2100,353,4662,-720,3398
IMU1,7356,75666869,-2224,2400,437,4401,-366,3090
IMU1,7357,75677345,-2261,2290,521,4116,19,2744
IMU1,7358,75687521,-2424,2291,741,3849,277,2411
IMU1,7359,75697890,-2089,1992,592,3623,415,2122
IMU1,7360,75708780,-2293,2069,607,3125,657,1518
IMU1,7361,75719161,-2235,1920,496,2872,809,1290
IMU1,7362,75729520,-2237,1749,104,2600,730,1097
IMU1,7363,75739884,-2075,1840,332,2279,549,967
IMU1,7364,75750049,-1887,1799,948,2090,436,849
IMU1,7365,75760221,-2152,1661,1217,2166,308,717
IMU1,7366,75770591,-2410,1469,397,2344,82,690
IMU1,7367,75780565,-2434,1400,-35,2324,-148,820
IMU1,7368,75790698,-2091,1584,80,2158,-135,990
IMU1,7369,75800753,-2086,1450,-106,1876,115,1058
IMU1,7370,75811196,-1663,1573,-225,1515,296,1087
IMU1,7371,75821663,-1686,1539,-163,1090,358,1017
IMU1,7372,75832108,-1998,1450,-80,689,440,921
IMU1,7373,75843521,-2158,1395,303,112,582,975
IMU1,7374,75853478,-2059,1393,374,-17,508,1036
IMU1,7375,75863527,-1873,1416,13,-71,296,1032
IMU1,7376,75873380,-1894,1387,-195,-149,17,970
IMU1,7377,75883321,-1896,1358,-252,-243,-181,940
IMU1,7378,75893560,-1863,1450,-85,-278,-211,939
IMU1,7379,75903609,-1762,1483,98,-210,-163,944
IMU1,7380,75913559,-1730,1263,-350,-89,-159,912
IMU1,7381,75923620,-2127,1394,-338,-67,-124,862
IMU1,7382,75933659,-2281,1490,224,-72,96,881
IMU1,7383,75943316,-2034,1258,146,-1,475,882
IMU1,7384,75952976,-1499,1503,-252,21,658,726
IMU1,7385,75962829,-1420,1568,-323,-69,451,392
IMU1,7386,75972786,-1587,1165,-700,-183,104,57
IMU1,7387,75982748,-1561,1227,-850,-355,-101,-131
IMU1,7388,75993085,-1494,1361,-1022,-522,-98,-202
IMU1,7389,76003426,-1339,1330,-954,-668,17,-204
IMU1,7390,76013463,-1196,1522,-578,-724,255,-170
IMU1,7391,76023710,-1285,1501,-432,-634,593,-164
IMU1,7392,76033950,-1430,1398,-473,-478,790,-150
IMU1,7393,76044194,-1504,1492,-702,-345,667,-99
IMU1,7394,76055270,-1494,1505,-721,-224,9,21
IMU1,7395,76064817,-1501,1535,-762,-178,-158,88
IMU1,7396,76074848,-1584,1553,-667,-133,-163,148
IMU1,7397,76085090,-1714,1605,-498,-62,5,199
IMU1,7398,76094623,-2010,1687,-326,42,251,222
IMU1,7399,76104463,-2348,1645,-96,156,447,207
IMU1,7400,76114302,-2640,1625,151,283,510,162
IMU1,7401,76124245,-2954,1670,384,409,386,61
IMU1,7402,76133995,-3194,1712,571,529,57,-79
IMU1,7403,76143679,-3375,1736,705,626,-367,-250
IMU1,7404,76153845,-3539,1804,778,682,-730,-433
IMU1,7405,76164003,-3740,1874,847,677,-925,-599
IMU1,7406,76174154,-3902,1932,999,612,-913,-742
IMU1,7407,76184320,-4045,2041,1181,504,-750,-891
IMU1,7408,76194673,-4278,2087,1458,365,-562,-1067
IMU1,7409,76205209,-4541,2183,1861,213,-419,-1261
IMU1,7410,76215755,-4825,2477,2299,91,-441,-1490
IMU1,7411,76226114,-5063,2808,2714,16,-717,-1776
IMU1,7412,76236474,-5018,3487,2516,-49,-1164,-2088
IMU1,7413,76247661,-4739,3839,2393,-536,-1997,-2748
IMU1,7414,76258537,-4493,4233,2109,-994,-2082,-3098
IMU1,7415,76269396,-4290,4608,1849,-1578,-1942,-3442
IMU1,7416,76280454,-4099,5002,1619,-2242,-1638,-3773
IMU1,7417,76291501,-4063,5361,1325,-2945,-1284,-4090
IMU1,7418,76302538,-4117,5698,1181,-3650,-997,-4381
IMU1,7419,76313408,-4155,6266,1224,-4280,-802,-4644
IMU1,7420,76324279,-4324,6598,1106,-5198,-710,-5214
IMU1,7421,76335138,-4569,7068,977,-5560,-788,-5492
IMU1,7422,76345814,-4733,7564,878,-5887,-763,-5784
IMU1,7423,76356489,-4803,8180,859,-6208,-573,-6176
IMU1,7424,76367146,-4967,8755,836,-6544,-362,-6791
IMU1,7425,76380268,-4936,9288,474,-6955,-417,-7637
IMU1,7426,76390944,-5049,10682,231,-8064,-1303,-10010
IMU1,7427,76402194,-5645,10951,-155,-8631,-1885,-11095
IMU1,7428,76413559,-6170,10879,-495,-9218,-2280,-11762
IMU1,7429,76424932,-6500,10583,-749,-9761,-2403,-11986
IMU1,7430,76436291,-6409,10228,-770,-10180,-2404,-11876
IMU1,7431,76447860,-6126,9772,-287,-10423,-2233,-11603
IMU1,7432,76459225,-4837,8649,186,-10268,-1745,-11085
IMU1,7433,76470479,-4544,7930,733,-9789,-1627,-10992
IMU1,7434,76481556,-4231,7849,1015,-9067,-1610,-10921
IMU1,7435,76492816,-3532,7495,1045,-8267,-1861,-10882
IMU1,7436,76504061,-2997,7199,804,-7497,-2458,-10938
IMU1,7437,76515137,-3008,6814,-48,-6851,-3224,-10955
IMU1,7438,76526099,-3021,6067,-531,-6101,-4370,-10250
IMU1,7439,76537267,-2480,5693,-1102,-5959,-4535,-9559
IMU1,7440,76548459,-1969,5118,-1843,-5905,-4202,-8765
IMU1,7441,76559631,-1889,4560,-2273,-5924,-3197,-7849
IMU1,7442,76570805,-2109,4267,-2226,-5881,-1666,-6762
IMU1,7443,76581959,-2165,4112,-2092,-5655,-315,-5619
IMU1,7444,76592927,-1760,4429,-2629,-4989,98,-3867
IMU1,7445,76603587,-1574,4445,-2488,-4649,-330,-3306
IMU1,7446,76614541,-1806,4196,-2921,-4242,-639,-2810
IMU1,7447,76625493,-1212,4124,-2486,-3711,-719,-2222
IMU1,7448,76636461,-1222,3842,-2249,-2974,-466,-1724
IMU1,7449,76647407,-1212,3704,-2127,-2078,-203,-1304
IMU1,7450,76658347,-950,3666,-2192,-1150,-276,-1023
IMU1,7451,76669114,-880,3549,-2632,-300,-660,-943
IMU1,7452,76680000,-972,3545,-3152,1013,-1709,-975
IMU1,7453,76690645,-879,3463,-3495,1401,-1958,-1010
IMU1,7454,76701500,-806,3387,-3713,1633,-1710,-1001
IMU1,7455,76712350,-902,3264,-3799,1751,-1077,-906
IMU1,7456,76723018,-874,3106,-3751,1800,-440,-697
# swing_peak_seq=7430
IMU1,7457,76733495,-882,2934,-3604,1800,-15,-432
IMU1,7458,76743748,-869,2733,-3430,1776,213,-138
IMU1,7459,76754109,-782,2498,-3227,1749,285,171
IMU1,7460,76764373,-786,2280,-3026,1742,239,477
IMU1,7461,76774652,-724,2064,-2639,1781,127,774
IMU1,7462,76785956,-713,1675,-2497,2033,-84,1269
IMU1,7463,76796329,-743,1483,-2331,2232,-146,1458
IMU1,7464,76806909,-827,1324,-2202,2478,-203,1613
IMU1,7465,76817428,-903,1134,-2035,2766,-273,1741
IMU1,7466,76827968,-1001,947,-1902,3082,-352,1853
IMU1,7467,76838518,-1109,798,-1841,3409,-432,1954
IMU1,7468,76849062,-1341,616,-1757,3717,-539,2047
IMU1,7469,76859608,-1381,460,-1724,3991,-673,2137
IMU1,7470,76870152,-1416,328,-1630,4219,-784,2180
IMU1,7471,76880701,-1412,53,-1350,4412,-813,2164
IMU1,7472,76891563,-1304,-31,-1261,4705,-597,1963
IMU1,7473,76902011,-1316,-62,-1121,4803,-447,1787
IMU1,7474,76912451,-1368,-126,-1061,4889,-335,1605
IMU1,7475,76923077,-1332,-204,-961,4942,-247,1442
IMU1,7476,76933508,-1246,-258,-827,4980,-155,1276
IMU1,7477,76943952,-1199,-292,-708,5024,-39,1107
IMU1,7478,76954217,-1137,-298,-675,5064,115,959
IMU1,7479,76964377,-1049,-278,-623,5075,340,844
IMU1,7480,76974526,-1007,-234,-542,5059,613,765
IMU1,7481,76984682,-954,-184,-420,5034,886,720
IMU1,7482,76994632,-921,-166,-318,5014,1111,694
IMU1,7483,77004790,-904,-145,-211,5003,1253,679
IMU1,7484,77014966,-892,-97,-122,4998,1309,682
IMU1,7485,77024905,-895,-79,31,5008,1325,696
IMU1,7486,77036113,-1116,-86,47,5033,1313,841
IMU1,7487,77045970,-1090,-118,86,5049,1332,991
IMU1,7488,77056018,-1107,-116,269,5073,1391,1125
IMU1,7489,77066451,-1102,-95,394,5134,1535,1264
IMU1,7490,77076700,-1064,-81,462,5203,1763,1402
IMU1,7491,77086940,-1074,-62,572,5270,2019,1519
IMU1,7492,77097196,-1138,-38,751,5336,2279,1615
IMU1,7493,77107454,-1216,-28,847,5411,2540,1703
IMU1,7494,77117707,-1309,-55,884,5461,2808,1790
IMU1,7495,77127959,-1503,-105,996,5482,3049,1872
IMU1,7496,77138417,-1666,-101,1089,5498,3200,1983
IMU1,7497,77149055,-1707,-74,1214,5533,3255,2122
IMU1,7498,77159514,-1651,-29,1114,5581,3294,2270
IMU1,7499,77170502,-1561,123,923,5531,3697,2571
IMU1,7500,77180868,-1650,225,814,5337,4032,2717
IMU1,7501,77191229,-1843,330,840,5046,4356,2853
IMU1,7502,77201598,-2124,354,1161,4743,4622,2978
IMU1,7503,77212184,-2492,330,1606,4520,4677,3081
IMU1,7504,77222740,-2815,297,1987,4439,4324,3176
IMU1,7505,77233314,-2861,260,2176,4515,3540,3257
IMU1,7506,77243886,-2655,292,1994,4713,2490,3298
IMU1,7507,77254463,-2287,357,1584,4893,1580,3265
IMU1,7508,77265029,-2081,525,1149,4915,1379,3165
IMU1,7509,77275601,-2236,978,688,4718,3302,3070
IMU1,7510,77285988,-2536,1234,991,3803,4370,3082
IMU1,7511,77296589,-2881,1261,1474,3321,4876,3073
IMU1,7512,77307369,-3068,1247,1740,2972,4736,3045
IMU1,7513,77318159,-3088,1326,1841,2738,4108,2984
IMU1,7514,77328933,-2893,1278,1599,2587,3226,2892
IMU1,7515,77339700,-2570,1289,1466,2477,2361,2701
IMU1,7516,77350458,-2640,1331,967,2386,1790,2555
IMU1,7517,77361022,-2766,1359,462,2205,1552,2535
IMU1,7518,77371598,-2787,1465,88,1947,1605,2682
IMU1,7519,77384510,-2448,1592,196,1343,2199,2871
IMU1,7520,77395083,-2475,1722,260,1049,2573,2999
IMU1,7521,77405645,-2405,1569,99,792,2919,3058
IMU1,7522,77415818,-2345,1734,-29,541,3101,3068
IMU1,7523,77426084,-2520,1740,-71,290,3157,3028
IMU1,7524,77436353,-2689,1926,32,97,3115,3014
IMU1,7525,77446327,-2748,1895,22,5,3017,3043
IMU1,7526,77456091,-2616,1765,-156,-11,2849,3104
IMU1,7527,77466425,-2441,1724,-339,9,2571,3148
IMU1,7528,77476469,-2289,1802,-543,61,2190,3175
IMU1,7529,77486735,-2569,2132,-216,173,1780,3249
IMU1,7530,77497692,-2678,2074,-364,866,1024,3550
IMU1,7531,77508141,-2901,1896,-223,1277,795,3744
IMU1,7532,77518613,-2977,1700,1,1623,793,3913
IMU1,7533,77528581,-3075,1630,646,1898,873,3969
IMU1,7534,77538948,-3101,1414,1141,2170,795,3873
IMU1,7535,77549530,-2672,1074,1233,2425,355,3580
IMU1,7536,77560104,-3146,587,267,2440,-376,2997
IMU1,7537,77570377,-2304,1241,-521,2066,-972,2475
IMU1,7538,77580942,-1582,1061,-2273,1310,-1497,1875
IMU1,7539,77591895,-1259,1179,-2186,162,-1846,1191
IMU1,7540,77602663,-991,1516,-1253,-1643,-578,179
IMU1,7541,77613105,-1288,1504,-931,-1970,451,-88
IMU1,7542,77623355,-1798,1515,-848,-1950,1309,-124
IMU1,7543,77634000,-2227,1497,-800,-1715,1700,88
IMU1,7544,77644343,-2409,1471,-580,-1326,1516,477
IMU1,7545,77654902,-2337,1418,-493,-821,880,898
IMU1,7546,77665061,-2145,1464,-500,-278,-9,1209
IMU1,7547,77675106,-1971,1428,-567,238,-893,1334
IMU1,7548,77685465,-1752,1324,-813,639,-1576,1302
IMU1,7549,77696020,-1530,1316,-1165,841,-1904,1139
IMU1,7550,77706761,-1292,1334,-1480,828,-1815,879
IMU1,7551,77717309,-1176,1379,-1529,629,-1447,561
IMU1,7552,77728392,-1221,1398,-1368,70,-372,-22
IMU1,7553,77738437,-1346,1425,-1177,-106,40,-207
IMU1,7554,77748683,-1419,1410,-1084,-165,212,-301
IMU1,7555,77759127,-1490,1446,-1028,-134,209,-316
IMU1,7556,77769587,-1453,1475,-957,-45,92,-274
IMU1,7557,77779449,-1417,1511,-1008,79,-92,-204
IMU1,7558,77789498,-1356,1520,-1031,201,-252,-135
IMU1,7559,77799946,-1252,1517,-1052,289,-337,-81
IMU1,7560,77810207,-1183,1515,-1090,347,-365,-58
IMU1,7561,77820470,-1150,1513,-1113,369,-365,-56
IMU1,7562,77830745,-1124,1497,-1168,361,-337,-59
IMU1,7563,77840973,-1111,1486,-1181,331,-288,-60
IMU1,7564,77851205,-1105,1493,-1129,305,-242,-62
IMU1,7565,77861437,-1114,1552,-897,306,-244,-73
IMU1,7566,77872534,-1243,1577,-746,479,-426,-64
IMU1,7567,77882587,-1362,1583,-663,641,-611,-14
IMU1,7568,77892626,-1385,1567,-745,807,-847,59
IMU1,7569,77902574,-1292,1571,-841,899,-1063,141
IMU1,7570,77912921,-1177,1577,-871,920,-1142,185
IMU1,7571,77923288,-1176,1556,-827,879,-1026,178
IMU1,7572,77933639,-1301,1517,-812,776,-797,152
IMU1,7573,77943801,-1383,1501,-680,647,-577,139
IMU1,7574,77953958,-1388,1530,-499,525,-463,122
IMU1,7575,77964104,-1343,1502,-453,435,-479,75
IMU1,7576,77974068,-1352,1453,-529,347,-580,-6
IMU1,7577,77983926,-1410,1441,-699,235,-700,-80
IMU1,7578,77993987,-1398,1496,-693,98,-749,-120
IMU1,7579,78004034,-1404,1577,-605,-19,-672,-149
IMU1,7580,78014170,-1568,1612,-467,-93,-524,-176
IMU1,7581,78024310,-1798,1591,-294,-109,-362,-188
IMU1,7582,78034656,-2097,1631,-8,-87,-245,-162
IMU1,7583,78045940,-2868,1887,229,23,-171,-48
IMU1,7584,78055690,-3215,1964,494,106,-183,9
IMU1,7585,78065332,-3466,2067,701,200,-282,13
IMU1,7586,78075193,-3601,2192,801,272,-408,-84
IMU1,7587,78085155,-3793,2207,920,276,-414,-294
IMU1,7588,78095305,-4163,2179,1167,182,-207,-583
IMU1,7589,78105655,-4610,2388,1503,14,71,-891
IMU1,7590,78115515,-4942,2606,1884,-198,237,-1255
IMU1,7591,78126081,-5257,2770,2161,-432,66,-1698
IMU1,7592,78136432,-5322,3092,2209,-695,-488,-2181
IMU1,7593,78147088,-5196,3399,1948,-1020,-1230,-2676
IMU1,7594,78158148,-4971,3677,1920,-1400,-1812,-3129
IMU1,7595,78169209,-4757,4026,1633,-1754,-1933,-3509
IMU1,7596,78180274,-4583,4713,1571,-2341,-1408,-4107
IMU1,7597,78191353,-4475,5101,1539,-2589,-1070,-4397
IMU1,7598,78202450,-4456,5428,1506,-2832,-806,-4768
IMU1,7599,78213328,-4526,5734,1333,-3110,-761,-5248
IMU1,7600,78224200,-4696,5986,1124,-3480,-1076,-5769
IMU1,7601,78235262,-4859,6380,862,-3918,-1647,-6227
IMU1,7602,78246130,-4930,6775,264,-4395,-2126,-6586
IMU1,7603,78257515,-4778,7756,25,-5288,-2448,-7191
IMU1,7604,78268195,-4469,7998,56,-5667,-2291,-7598
IMU1,7605,78278884,-4237,8170,558,-5932,-2197,-8175
IMU1,7606,78289753,-4374,8359,716,-6004,-2326,-8895
IMU1,7607,78300633,-4807,8367,395,-6032,-2770,-9571
IMU1,7608,78311521,-5165,8407,-16,-6176,-3342,-10020
IMU1,7609,78322489,-5302,8393,-317,-6446,-3664,-10181
IMU1,7610,78333655,-5089,8008,-768,-7189,-3471,-9884
IMU1,7611,78344638,-4793,7670,-877,-7609,-3253,-9552
IMU1,7612,78355635,-4439,7278,-902,-7982,-3015,-9172
IMU1,7613,78366629,-4148,6858,-729,-8269,-2828,-8796
IMU1,7614,78377607,-3875,6562,-569,-8416,-2657,-8446
IMU1,7615,78391107,-3040,6164,-366,-8418,-2428,-7978
IMU1,7616,78402084,-2708,5941,-626,-8089,-2444,-7908
IMU1,7617,78413036,-2319,5741,-951,-7917,-2626,-7878
IMU1,7618,78424013,-1757,5576,-1132,-7784,-2947,-7886
IMU1,7619,78435178,-1412,5258,-1253,-7669,-3275,-7914
IMU1,7620,78446365,-1300,4846,-1227,-7522,-3538,-7845
IMU1,7621,78457522,-1250,4491,-1146,-7290,-3680,-7560
IMU1,7622,78468695,-782,3520,-1666,-6473,-3223,-6450
IMU1,7623,78479638,-927,3223,-1573,-5901,-2310,-5614
IMU1,7624,78490602,-1428,2997,-1523,-5187,-1148,-4645
IMU1,7625,78501748,-1526,3188,-1976,-4475,-394,-3667
IMU1,7626,78512724,-1158,3417,-2240,-3899,-444,-2871
IMU1,7627,78523678,-1074,3522,-2937,-3497,-1024,-2361
IMU1,7628,78534840,-712,3274,-3113,-3239,-1624,-2013
IMU1,7629,78545796,-530,3004,-3064,-2601,-1535,-1527
IMU1,7630,78556758,-600,2754,-2746,-2101,-1026,-1320
IMU1,7631,78567721,-637,2661,-2575,-1472,-607,-1122
IMU1,7632,78578469,-551,2720,-2948,-841,-586,-978
IMU1,7633,78588829,-352,2710,-3299,-358,-937,-991
IMU1,7634,78599189,-249,2589,-3568,-14,-1274,-1054
IMU1,7635,78609742,-251,2386,-3642,243,-1343,-1055
IMU1,7636,78620400,-325,2211,-3580,505,-1122,-930
# swing_peak_seq=7610
IMU1,7637,78630866,-381,2113,-3678,790,-733,-688
IMU1,7638,78642183,-456,2095,-3794,1222,-319,-118
IMU1,7639,78652660,-488,2108,-3852,1321,-378,154
IMU1,7640,78662996,-478,2055,-3875,1377,-458,425
IMU1,7641,78673339,-411,1977,-3821,1415,-490,701
IMU1,7642,78683688,-445,1853,-3653,1480,-493,965
IMU1,7643,78694028,-516,1666,-3474,1601,-496,1220
IMU1,7644,78704572,-506,1408,-3250,1778,-510,1461
IMU1,7645,78715117,-496,1157,-3015,2007,-521,1650
IMU1,7646,78725673,-534,958,-2814,2275,-542,1766
IMU1,7647,78736016,-609,794,-2603,2567,-609,1814
IMU1,7648,78746346,-800,654,-2382,2866,-726,1815
IMU1,7649,78757724,-1222,515,-2333,3420,-1022,1783
IMU1,7650,78768476,-1324,324,-2205,3681,-1172,1750
IMU1,7651,78779221,-1392,148,-2087,3927,-1302,1700
IMU1,7652,78789958,-1320,-9,-2049,4159,-1382,1611
IMU1,7653,78800400,-1317,-201,-2006,4338,-1444,1468
IMU1,7654,78811224,-1278,-269,-1953,4441,-1477,1289
IMU1,7655,78822060,-1234,-331,-1846,4479,-1423,1073
IMU1,7656,78832917,-1221,-341,-1417,4487,-1242,830
IMU1,7657,78844078,-1238,-404,-1242,4489,-626,348
IMU1,7658,78854528,-1243,-382,-1025,4498,-329,138
IMU1,7659,78864949,-1201,-355,-902,4523,-107,-37
IMU1,7660,78875077,-1173,-352,-811,4548,38,-169
IMU1,7661,78885116,-1185,-342,-753,4559,114,-251
IMU1,7662,78895368,-1036,-434,-618,4555,130,-277
IMU1,7663,78905612,-1027,-542,-534,4555,99,-276
IMU1,7664,78915651,-977,-666,-417,4566,37,-236
IMU1,7665,78925490,-897,-738,-294,4591,-20,-169
IMU1,7666,78935423,-826,-758,-222,4626,-54,-100
IMU1,7667,78945365,-833,-765,-144,4662,-76,-40
IMU1,7668,78955104,-728,-745,-35,4698,-116,8
IMU1,7669,78964563,-641,-705,8,4744,-178,28
IMU1,7670,78973909,-607,-677,38,4789,-241,21
IMU1,7671,78983468,-559,-677,-12,4819,-294,0
IMU1,7672,78992813,-583,-655,5,4827,-307,-14
IMU1,7673,79002251,-617,-638,109,4832,-227,-14
IMU1,7674,79012093,-698,-607,205,4856,-95,8
IMU1,7675,79021440,-745,-556,298,4921,-21,52
IMU1,7676,79031000,-847,-535,414,5039,-47,111
IMU1,7677,79040769,-879,-535,534,5203,-123,186
IMU1,7678,79050713,-907,-519,689,5397,-172,255
IMU1,7679,79060679,-885,-497,854,5617,-160,303
IMU1,7680,79070619,-847,-440,956,5861,-154,322
IMU1,7681,79080565,-770,-369,1006,6121,-241,290
IMU1,7682,79090700,-649,-286,1062,6380,-443,193
IMU1,7683,79100851,-527,-166,986,6638,-711,10
IMU1,7684,79110593,-460,-39,967,6855,-985,-247
IMU1,7685,79120423,-499,120,1067,7030,-1151,-554
IMU1,7686,79130769,-506,297,1216,7203,-1102,-862
IMU1,7687,79141118,-487,775,1293,7389,-886,-1494
IMU1,7688,79151985,-417,925,1298,7687,-478,-1812
IMU1,7689,79162340,-330,1067,1180,7751,-327,-2149
IMU1,7690,79172888,-293,1254,1002,7702,-70,-2484
IMU1,7691,79183235,-293,1439,808,7505,398,-2780
IMU1,7692,79193505,-325,1607,626,7157,1005,-3010
IMU1,7693,79203977,-423,1837,592,6703,1626,-3162
IMU1,7694,79214442,-640,2155,785,6214,2140,-3243
IMU1,7695,79224902,-861,2219,978,5763,2428,-3259
IMU1,7696,79235357,-1112,2331,1054,5344,2515,-3202
IMU1,7697,79246220,-1248,2417,1064,4922,2555,-3061
IMU1,7698,79257610,-1353,2336,896,4005,2813,-2656
IMU1,7699,79268244,-1457,2373,786,3484,3027,-2422
IMU1,7700,79278905,-1524,2417,752,2947,3237,-2180
IMU1,7701,79289568,-1619,2429,824,2442,3411,-1957
IMU1,7702,79300225,-1724,2422,874,2012,3525,-1757
IMU1,7703,79310872,-1833,2428,861,1675,3636,-1570
IMU1,7704,79321535,-1920,2449,799,1409,3813,-1386
IMU1,7705,79332204,-2058,2472,738,1188,4066,-1201
IMU1,7706,79342865,-2273,2462,655,999,4388,-999
IMU1,7707,79353655,-2413,2478,652,686,5123,-549
IMU1,7708,79363913,-2611,2438,697,560,5441,-302
IMU1,7709,79374156,-2767,2440,766,467,5671,-24
IMU1,7710,79384207,-2799,2533,956,407,5762,259
IMU1,7711,79396924,-2755,2522,830,401,5681,514
IMU1,7712,79407083,-2633,2521,963,408,5496,680
IMU1,7713,79417240,-2348,2641,1644,479,5351,773
IMU1,7714,79427606,-3196,2131,1113,704,5226,903
IMU1,7715,79437979,-3524,1615,525,772,4826,1315
IMU1,7716,79448338,-3498,1865,608,726,4190,1906
IMU1,7717,79459746,-2286,1944,535,610,2977,2983
IMU1,7718,79470123,-2187,1563,-90,496,2377,3191
IMU1,7719,79480387,-2670,1738,688,351,1864,3308
IMU1,7720,79490737,-2720,1634,1033,464,1523,3439
IMU1,7721,79501283,-2547,1416,776,621,1353,3531
IMU1,7722,79511651,-2659,1487,643,838,1327,3461
IMU1,7723,79522007,-2755,1415,266,957,1346,3339
IMU1,7724,79532360,-2361,1453,-17,944,1283,3160
IMU1,7725,79542618,-1689,1441,-443,783,1195,2825
IMU1,7726,79553069,-1230,1645,-478,483,1167,2261
IMU1,7727,79563514,-1044,1593,-424,157,1247,1536
IMU1,7728,79573982,-1914,1591,-34,-143,1400,218
IMU1,7729,79584661,-2270,1529,219,-385,1499,-115
IMU1,7730,79595006,-2672,1373,29,-288,1206,-226
IMU1,7731,79605155,-2556,1454,-160,-183,801,-131
IMU1,7732,79615395,-2368,1599,-485,-123,439,51
IMU1,7733,79625360,-2204,1754,-690,-150,150,247
IMU1,7734,79635513,-2066,1652,-814,-222,-11,463
IMU1,7735,79645550,-1907,1597,-854,-311,18,704
IMU1,7736,79655515,-1863,1526,-761,-403,152,838
IMU1,7737,79665672,-1854,1510,-618,-460,306,919
IMU1,7738,79675842,-1828,1519,-545,-455,400,932
IMU1,7739,79685998,-1784,1489,-630,-424,373,875
IMU1,7740,79696151,-1751,1500,-787,-403,249,771
IMU1,7741,79706299,-1691,1448,-825,-407,142,639
IMU1,7742,79716440,-1680,1438,-876,-420,104,488
IMU1,7743,79726581,-1660,1397,-854,-421,91,351
IMU1,7744,79736525,-1564,1331,-824,-388,43,230
IMU1,7745,79746473,-1440,1369,-862,-318,-40,113
IMU1,7746,79757555,-1291,1508,-830,-137,-119,-110
IMU1,7747,79767893,-1292,1541,-858,-38,-7,-201
IMU1,7748,79777638,-1355,1533,-878,30,124,-248
IMU1,7749,79787582,-1355,1517,-922,72,176,-262
IMU1,7750,79797542,-1299,1501,-954,102,83,-257
IMU1,7751,79807496,-1268,1498,-872,130,-89,-240
IMU1,7752,79817553,-1247,1508,-686,198,-207,-221
IMU1,7753,79827808,-1263,1533,-576,311,-218,-189
IMU1,7754,79838069,-1349,1545,-503,443,-143,-169
IMU1,7755,79848323,-1440,1561,-511,539,-66,-150
IMU1,7756,79858371,-1545,1584,-588,566,-24,-143
IMU1,7757,79868438,-1634,1604,-681,507,-4,-143
IMU1,7758,79878288,-1794,1639,-631,388,16,-144
IMU1,7759,79888234,-2054,1668,-454,268,67,-135
IMU1,7760,79898171,-2392,1717,-237,183,103,-111
IMU1,7761,79908314,-2684,1815,3,162,20,-93
IMU1,7762,79917563,-2829,1971,214,214,-167,-121
IMU1,7763,79927706,-2932,2140,351,310,-346,-239
IMU1,7764,79937864,-3002,2275,458,419,-454,-439
IMU1,7765,79948018,-3070,2368,487,497,-500,-703
IMU1,7766,79958181,-3252,2351,688,521,-514,-989
IMU1,7767,79969375,-3824,2461,929,401,-376,-1437
IMU1,7768,79979730,-4103,2569,1380,314,-295,-1586
IMU1,7769,79990282,-4455,2704,1843,267,-316,-1722
IMU1,7770,80000843,-4745,2917,2301,256,-557,-1865
IMU1,7771,80011374,-4943,3253,2707,261,-992,-2049
IMU1,7772,80021910,-4846,3670,2724,228,-1493,-2298
IMU1,7773,80032653,-4599,4001,2653,58,-1988,-2646
IMU1,7774,80043177,-4234,4439,2324,-276,-2428,-3080
IMU1,7775,80054028,-3887,4806,2029,-784,-2725,-3559
IMU1,7776,80065382,-3458,5457,1318,-2096,-2522,-4348
IMU1,7777,80076420,-3265,5722,1076,-2783,-2148,-4597
IMU1,7778,80087478,-3175,5914,991,-3418,-1690,-4781
IMU1,7779,80098337,-3285,6084,807,-3974,-1207,-4930
IMU1,7780,80109173,-3565,6225,642,-4482,-934,-5050
IMU1,7781,80119825,-3825,6426,454,-4964,-971,-5139
IMU1,7782,80130470,-3996,6707,192,-5448,-1221,-5226
IMU1,7783,80141311,-4087,7240,-520,-5927,-1558,-5535
IMU1,7784,80152254,-3958,7486,-845,-6971,-1757,-5842
IMU1,7785,80163210,-4047,7607,-1086,-7548,-1699,-6324
IMU1,7786,80174351,-3733,8112,-1378,-8108,-1557,-6913
IMU1,7787,80185507,-3546,7981,-1287,-8623,-1228,-7684
IMU1,7788,80196658,-3539,7785,-912,-9003,-1018,-8539
IMU1,7789,80207610,-3599,7620,-850,-9179,-832,-9329
IMU1,7790,80218373,-4071,7029,-544,-9224,-582,-10461
IMU1,7791,80229333,-4200,6735,-378,-9117,-572,-10666
IMU1,7792,80240291,-4242,6387,-193,-8979,-645,-10657
IMU1,7793,80251239,-4023,6100,-40,-8776,-738,-10508
IMU1,7794,80261989,-3643,5814,118,-8538,-719,-10300
IMU1,7795,80272846,-3274,5437,389,-8219,-652,-10124
IMU1,7796,80283701,-3046,5019,531,-7768,-518,-9967
IMU1,7797,80294353,-3046,4591,700,-7245,-356,-9789
IMU1,7798,80305015,-2992,4199,992,-6671,-591,-9265
IMU1,7799,80315676,-2876,4066,874,-5466,-1018,-8962
IMU1,7800,80326527,-2802,3992,696,-4966,-1501,-8626
IMU1,7801,80337370,-2772,3914,585,-4599,-1928,-8232
IMU1,7802,80348222,-2596,3807,407,-4338,-2230,-7780
IMU1,7803,80359069,-2412,3827,-10,-4159,-2413,-7312
IMU1,7804,80369820,-2235,4036,-711,-4111,-2565,-6882
IMU1,7805,80380761,-2082,4057,-1352,-4235,-2816,-6516
IMU1,7806,80391908,-1789,3953,-2835,-4891,-3231,-5855
IMU1,7807,80405606,-1434,3806,-2797,-5275,-2951,-5477
IMU1,7808,80416751,-1170,3592,-2710,-5435,-2237,-5092
IMU1,7809,80427913,-1252,3188,-2321,-5282,-1276,-4718
IMU1,7810,80439076,-1384,3762,-1704,-4737,-323,-4264
IMU1,7811,80450018,-1066,3643,-1990,-2818,170,-3168
IMU1,7812,80460856,-966,3786,-2169,-1805,-329,-2692
IMU1,7813,80471576,-820,3805,-2374,-852,-853,-2272
IMU1,7814,80482129,-753,3700,-2603,7,-1210,-1889
IMU1,7815,80492371,-712,3588,-2838,740,-1407,-1573
IMU1,7816,80503022,-820,3438,-3077,1323,-1519,-1318
IMU1,7817,80513875,-822,3314,-3349,1747,-1609,-1095
# swing_peak_seq=7791
IMU1,7818,80524708,-787,3156,-3576,2017,-1684,-929
IMU1,7819,80535371,-879,2736,-3849,2159,-1676,-792
IMU1,7820,80546021,-871,2436,-3796,2200,-1226,-401
IMU1,7821,80556670,-890,2245,-3593,2205,-839,-121
IMU1,7822,80567124,-793,1995,-3381,2251,-498,171
IMU1,7823,80577477,-798,1751,-3130,2352,-318,449
IMU1,7824,80587849,-769,1500,-2908,2486,-296,711
IMU1,7825,80598212,-800,1261,-2710,2653,-404,934
IMU1,7826,80608571,-878,1069,-2569,2851,-589,1124
IMU1,7827,80619121,-972,882,-2497,3065,-838,1290
IMU1,7828,80629472,-1058,704,-2522,3269,-1118,1438
IMU1,7829,80640236,-1113,492,-2427,3457,-1339,1561
IMU1,7830,80650967,-1242,220,-1956,3651,-1409,1737
IMU1,7831,80661703,-975,-161,-2005,4134,-1450,1766
IMU1,7832,80672333,-978,-212,-1989,4351,-1556,1674
IMU1,7833,80682972,-1046,-291,-2007,4489,-1581,1513
IMU1,7834,80693813,-1064,-383,-1979,4535,-1506,1323
IMU1,7835,80704645,-1104,-397,-1877,4498,-1364,1130
IMU1,7836,80715475,-1145,-420,-1828,4417,-1171,945
IMU1,7837,80726131,-1194,-518,-1753,4297,-949,787
IMU1,7838,80736595,-1319,-631,-1620,4158,-700,662
IMU1,7839,80747041,-1397,-925,-1301,4015,-441,572
IMU1,7840,80758002,-1348,-998,-1154,3822,110,399
IMU1,7841,80768355,-1414,-1037,-958,3784,420,264
IMU1,7842,80778698,-1501,-1094,-795,3786,713,105
IMU1,7843,80789053,-1499,-1128,-705,3817,919,-64
IMU1,7844,80799305,-1554,-1156,-575,3846,975,-246
IMU1,7845,80809751,-1731,-1307,-347,3894,883,-403
IMU1,7846,80820174,-1675,-1504,-247,3986,692,-507
IMU1,7847,80830604,-1449,-1645,-136,4104,494,-601
IMU1,7848,80841037,-1274,-1802,82,4256,361,-710
IMU1,7849,80851184,-1019,-1790,121,4448,283,-836
IMU1,7850,80861535,-831,-1814,172,4630,182,-994
IMU1,7851,80871683,-748,-1797,438,4797,21,-1177
IMU1,7852,80882880,-742,-1793,558,5144,-484,-1519
IMU1,7853,80893328,-728,-1864,583,5298,-883,-1644
IMU1,7854,80903776,-727,-1937,646,5416,-1380,-1735
IMU1,7855,80914410,-674,-1980,672,5523,-1907,-1807
IMU1,7856,80925054,-569,-1995,806,5612,-2385,-1871
IMU1,7857,80935703,-364,-2024,762,5694,-2741,-1938
IMU1,7858,80946348,-90,-1910,742,5736,-2900,-2024
IMU1,7859,80956806,-65,-1812,564,5714,-2775,-2143
IMU1,7860,80967254,-111,-1924,499,5610,-2307,-2224
IMU1,7861,80977893,369,-1409,626,5444,-1587,-2237
IMU1,7862,80988452,610,-1323,701,5065,-174,-2319
IMU1,7863,80998807,649,-1257,795,4860,325,-2412
IMU1,7864,81009048,543,-1172,964,4635,674,-2474
IMU1,7865,81019308,446,-1063,1116,4411,912,-2469
IMU1,7866,81029768,329,-925,1284,4182,1060,-2403
IMU1,7867,81040200,288,-828,1448,3941,1088,-2288
IMU1,7868,81050637,317,-790,1576,3693,991,-2150
IMU1,7869,81060910,367,-665,1585,3435,789,-2012
IMU1,7870,81071168,376,-528,1640,3168,515,-1876
IMU1,7871,81081440,381,-449,1816,2910,245,-1739
IMU1,7872,81091696,379,-464,2005,2694,39,-1596
IMU1,7873,81101757,397,-427,2127,2541,-127,-1432
IMU1,7874,81112108,408,-456,2048,2422,-257,-1256
IMU1,7875,81123492,540,-484,1976,2124,-296,-907
IMU1,7876,81133641,632,-509,1784,1911,-238,-771
IMU1,7877,81143803,660,-496,1608,1623,-153,-666
IMU1,7878,81153938,747,-511,1448,1273,-49,-595
IMU1,7879,81163886,736,-599,1357,879,61,-554
IMU1,7880,81173550,801,-703,1243,460,179,-553
IMU1,7881,81183409,737,-837,1145,30,303,-595
IMU1,7882,81193069,767,-941,1097,-385,437,-661
IMU1,7883,81203021,707,-1015,987,-754,580,-760
IMU1,7884,81212990,632,-1073,909,-1091,740,-869
IMU1,7885,81223153,580,-1142,1018,-1367,950,-975
IMU1,7886,81233513,383,-1111,1098,-1533,1176,-1074
IMU1,7887,81244283,196,-1094,1114,-1580,1377,-1145
IMU1,7888,81255037,96,-1105,1135,-1536,1529,-1185
IMU1,7889,81265603,59,-1119,1133,-1417,1653,-1216
IMU1,7890,81276141,-22,-1219,928,-1252,1785,-1265
IMU1,7891,81286595,-67,-1275,744,-952,2225,-1279
IMU1,7892,81296844,-124,-1289,621,-866,2504,-1283
IMU1,7893,81307265,-234,-1306,584,-820,2767,-1284
IMU1,7894,81317686,-422,-1274,604,-772,2956,-1252
IMU1,7895,81328140,-616,-1221,718,-686,3052,-1173
IMU1,7896,81338590,-697,-1150,779,-547,3065,-1060
IMU1,7897,81349046,-730,-1059,838,-352,3015,-941
IMU1,7898,81359297,-757,-978,785,-121,2935,-828
IMU1,7899,81369348,-763,-867,738,104,2873,-722
IMU1,7900,81379304,-768,-779,540,310,2913,-613
IMU1,7901,81389273,-756,-684,510,460,3114,-489
IMU1,7902,81399237,-783,-619,481,564,3474,-346
IMU1,7903,81411758,-1122,-446,486,651,4182,9
IMU1,7904,81421407,-1336,-352,546,656,4328,237
IMU1,7905,81431464,-1394,-289,557,654,4319,456
IMU1,7906,81441529,-1338,-159,609,651,4191,622
IMU1,7907,81451583,-1428,29,724,682,4063,719
IMU1,7908,81461343,-1521,183,800,767,4044,817
IMU1,7909,81471296,-1534,309,920,907,4161,934
IMU1,7910,81481273,-1779,473,1198,1105,4361,1082
IMU1,7911,81491851,-2135,632,1521,1398,4583,1318
IMU1,7912,81502427,-2173,711,1673,1775,4709,1667
IMU1,7913,81513006,-2044,800,1526,2160,4569,2017
IMU1,7914,81523561,-2061,703,1243,2448,4086,2279
IMU1,7915,81534125,-2278,598,995,2573,3383,2502
IMU1,7916,81544504,-2150,564,880,2533,2708,2789
IMU1,7917,81554881,-1880,651,326,2358,2325,3058
IMU1,7918,81565774,-1963,898,151,1667,2742,3436
IMU1,7919,81576142,-2061,1114,246,1262,3057,3518
IMU1,7920,81586727,-2109,1241,484,942,3266,3529
IMU1,7921,81597100,-2244,1351,653,762,3414,3478
IMU1,7922,81607479,-2428,1455,627,689,3486,3414
IMU1,7923,81617845,-2519,1425,532,671,3451,3369
IMU1,7924,81628208,-2594,1550,462,666,3325,3329
IMU1,7925,81638562,-2674,1540,286,644,3180,3299
IMU1,7926,81648916,-2596,1514,235,585,3077,3299
IMU1,7927,81659283,-2614,1544,162,523,3070,3278
IMU1,7928,81669645,-2767,1605,88,491,3122,3233
IMU1,7929,81679794,-2952,1700,73,502,3145,3198
IMU1,7930,81690502,-2799,1686,234,712,2812,3159
IMU1,7931,81700875,-2604,1693,255,947,2413,3085
IMU1,7932,81711239,-2271,1921,421,1260,1945,2953
IMU1,7933,81721817,-2119,1989,437,1658,1519,2742
IMU1,7934,81732381,-2211,2002,398,2090,1156,2537
IMU1,7935,81742958,-2349,1994,294,2486,828,2396
IMU1,7936,81753343,-2372,1893,96,2782,572,2331
IMU1,7937,81763539,-2347,1712,-232,2916,499,2318
IMU1,7938,81774009,-2260,1571,-684,2841,680,2345
IMU1,7939,81784477,-2197,1605,-1000,2563,987,2392
IMU1,7940,81795136,-2155,1822,-761,2172,1265,2416
IMU1,7941,81806337,-2091,1762,-522,1569,1470,2341
IMU1,7942,81817006,-2298,1694,-555,1481,1349,2257
IMU1,7943,81827677,-2691,1410,-804,1399,1265,2210
IMU1,7944,81838351,-2877,1458,-471,1306,1284,2265
IMU1,7945,81849014,-2513,1509,-89,1258,1288,2327
IMU1,7946,81859481,-2238,1645,99,1308,1193,2162
IMU1,7947,81869850,-2213,1480,-27,1375,960,1815
IMU1,7948,81880112,-2366,1393,-303,1348,618,1421
IMU1,7949,81890588,-2472,1512,-290,1211,321,1097
IMU1,7950,81901060,-2140,1363,-740,1022,188,836
IMU1,7951,81911850,-2049,1422,-921,457,325,327
IMU1,7952,81921928,-1890,1430,-878,140,374,160
IMU1,7953,81931939,-1800,1470,-852,-120,388,1
IMU1,7954,81941660,-1792,1484,-957,-305,419,-139
IMU1,7955,81951880,-1882,1556,-856,-431,431,-214
IMU1,7956,81962110,-2068,1475,-873,-457,413,-190
IMU1,7957,81972329,-2003,1368,-896,-420,308,-16
IMU1,7958,81982337,-1800,1406,-897,-338,132,104
IMU1,7959,81992460,-1533,1510,-960,-228,5,145
IMU1,7960,82002190,-1405,1376,-987,-144,-35,85
IMU1,7961,82011998,-1387,1319,-1100,-97,-18,-28
IMU1,7962,82021920,-1357,1328,-1159,-93,5,-153
IMU1,7963,82031749,-1277,1363,-1187,-99,19,-269
IMU1,7964,82041779,-1266,1358,-1194,-92,13,-366
IMU1,7965,82051805,-1240,1316,-1180,-59,15,-423
IMU1,7966,82061826,-1312,1404,-1154,-6,49,-450
IMU1,7967,82071651,-1270,1442,-1066,51,89,-452
IMU1,7968,82081590,-1204,1426,-1089,116,117,-441
IMU1,7969,82091916,-1124,1396,-1207,156,118,-435
IMU1,7970,82102246,-1113,1377,-1231,151,79,-427
IMU1,7971,82112385,-1120,1374,-1097,140,56,-409
IMU1,7972,82123546,-1222,1382,-1028,175,51,-322
IMU1,7973,82133676,-1288,1409,-976,223,29,-262
IMU1,7974,82143598,-1263,1425,-984,255,-28,-214
IMU1,7975,82153638,-1266,1422,-1028,252,-98,-194
IMU1,7976,82163864,-1303,1397,-1041,222,-157,-188
IMU1,7977,82174283,-1342,1375,-997,180,-147,-188
IMU1,7978,82184511,-1383,1355,-947,146,-69,-190
IMU1,7979,82194539,-1462,1331,-846,129,17,-202
IMU1,7980,82204466,-1598,1341,-781,133,62,-227
IMU1,7981,82214410,-1708,1352,-731,153,38,-258
IMU1,7982,82224338,-1853,1400,-722,163,-50,-295
IMU1,7983,82234368,-1981,1397,-730,149,-145,-323
IMU1,7984,82244602,-2074,1362,-663,127,-210,-337
IMU1,7985,82254822,-2110,1382,-628,103,-272,-347
IMU1,7986,82265047,-2133,1411,-567,79,-338,-380
IMU1,7987,82275080,-2201,1421,-595,61,-400,-439
IMU1,7988,82285119,-2371,1482,-622,25,-475,-501
IMU1,7989,82295164,-2505,1581,-504,-15,-545,-536
IMU1,7990,82306347,-3076,1638,-383,-14,-582,-584
IMU1,7991,82316485,-3498,1640,-103,47,-601,-557
IMU1,7992,82326524,-3808,1710,211,149,-696,-525
IMU1,7993,82336673,-4119,1843,484,286,-935,-542
IMU1,7994,82346808,-4353,1934,843,437,-1295,-631
IMU1,7995,82357151,-4633,2093,1255,569,-1645,-792
IMU1,7996,82367705,-4857,2340,1622,666,-1879,-1024
IMU1,7997,82378459,-4869,2601,1646,645,-2030,-1341
IMU1,7998,82389192,-4852,2815,1417,405,-2170,-1764
IMU1,7999,82399940,-4612,3201,1020,-110,-2202,-2218
IMU1,8000,82413357,-4174,3859,812,-1628,-1639,-3266
IMU1,8001,82424166,-4150,4102,828,-2357,-1199,-3744
IMU1,8002,82435007,-4141,4283,976,-2935,-834,-4149
IMU1,8003,82445632,-4128,4512,1141,-3312,-625,-4490
IMU1,8004,82456458,-4251,4749,1185,-3516,-593,-4790
IMU1,8005,82467312,-4461,5021,1183,-3615,-710,-5045
IMU1,8006,82478161,-4891,5731,787,-3685,-957,-5280
IMU1,8007,82488800,-4897,6077,386,-4117,-1662,-5881
IMU1,8008,82499632,-4825,6496,-159,-4620,-1885,-6399
IMU1,8009,82510566,-4725,6859,-627,-5320,-2043,-7089
IMU1,8010,82521503,-4672,7097,-1020,-6093,-2009,-7894
IMU1,8011,82532655,-4343,7522,-1083,-6849,-1677,-8776
IMU1,8012,82543806,-4181,7599,-770,-7422,-1067,-9791
IMU1,8013,82554768,-4510,7539,-133,-7705,-408,-10796
IMU1,8014,82565720,-5206,7400,47,-7609,193,-12056
IMU1,8015,82576258,-5297,7211,209,-7478,102,-12167
IMU1,8016,82586977,-5281,6991,293,-7374,-196,-11996
IMU1,8017,82597811,-5009,6748,408,-7254,-635,-11615
IMU1,8018,82608649,-4726,6495,615,-7090,-990,-11145
IMU1,8019,82619484,-4432,6189,689,-6844,-1175,-10630
IMU1,8020,82630527,-3951,5832,664,-6550,-1269,-10111
IMU1,8021,82641572,-3015,5348,866,-6240,-1332,-9652
IMU1,8022,82652416,-2523,5134,925,-5564,-1709,-8949
IMU1,8023,82663259,-2195,4963,1022,-5232,-2133,-8669
IMU1,8024,82674292,-2030,4833,1052,-4890,-2572,-8376
IMU1,8025,82685324,-1982,4626,519,-4580,-3005,-8030
IMU1,8026,82696173,-2077,4567,-75,-4443,-3302,-7615
IMU1,8027,82706909,-1838,4536,-434,-4473,-3364,-7110
IMU1,8028,82717856,-1742,4386,-866,-4582,-3285,-6617
IMU1,8029,82728794,-1760,3960,-2129,-4827,-3482,-5768
IMU1,8030,82739927,-1498,3833,-2560,-5158,-3620,-5296
IMU1,8031,82751045,-1140,3835,-2751,-5494,-3218,-4794
IMU1,8032,82762190,-960,3591,-2767,-5642,-2222,-4350
IMU1,8033,82773128,-1013,3381,-2807,-5495,-1036,-3919
IMU1,8034,82784254,-1020,3262,-2732,-5107,-104,-3486
IMU1,8035,82795177,-679,3336,-2064,-4501,458,-3058
IMU1,8036,82806344,-473,3267,-1875,-2533,1005,-2489
IMU1,8037,82817180,-416,3177,-2460,-1369,612,-2294
IMU1,8038,82827819,-320,3345,-2613,-324,-88,-2183
IMU1,8039,82838136,-243,3259,-2619,587,-621,-2105
IMU1,8040,82848569,-336,3057,-2655,1444,-1026,-2014
IMU1,8041,82859381,-464,2788,-3031,2215,-1507,-1857
# swing_peak_seq=8015
IMU1,8042,82870230,-444,2556,-3445,2754,-1969,-1636
IMU1,8043,82881070,-451,2320,-3641,3077,-2090,-1387
IMU1,8044,82891902,-539,1774,-3744,3191,-1309,-803
IMU1,8045,82902548,-626,1561,-3650,3050,-937,-468
IMU1,8046,82913000,-586,1316,-3520,2908,-753,-157
IMU1,8047,82923431,-579,1086,-3403,2770,-699,82
IMU1,8048,82933572,-590,890,-3281,2615,-664,268
IMU1,8049,82943711,-643,700,-3091,2485,-596,415
IMU1,8050,82953869,-683,514,-2850,2402,-528,544
IMU1,8051,82964000,-755,308,-2623,2389,-495,671
IMU1,8052,82974132,-854,178,-2503,2436,-533,794
IMU1,8053,82984276,-845,43,-2439,2513,-650,917
IMU1,8054,82994217,-897,-127,-2436,2595,-827,1023
IMU1,8055,83004643,-957,-213,-2408,2673,-1025,1109
IMU1,8056,83015279,-1084,-297,-2299,2749,-1152,1171
IMU1,8057,83026120,-1109,-512,-2088,2842,-1171,1212
IMU1,8058,83036950,-1163,-558,-2100,3035,-1145,1088
IMU1,8059,83047797,-1183,-529,-2087,3109,-1204,938
IMU1,8060,83058434,-1224,-557,-1945,3170,-1251,761
IMU1,8061,83069085,-1282,-719,-1879,3237,-1250,582
IMU1,8062,83079718,-1302,-822,-1759,3311,-1207,419
IMU1,8063,83090344,-1295,-882,-1677,3407,-1121,279
IMU1,8064,83100967,-1164,-1021,-1492,3533,-1016,144
IMU1,8065,83111795,-1160,-1127,-1343,3704,-965,-4
IMU1,8066,83122130,-1194,-1152,-1176,3895,-1002,-148
IMU1,8067,83133070,-1326,-1196,-1136,4211,-1207,-430
IMU1,8068,83144013,-1321,-1132,-1081,4302,-1271,-581
IMU1,8069,83154949,-1412,-1059,-1005,4350,-1257,-740
IMU1,8070,83165886,-1459,-1033,-898,4358,-1167,-872
IMU1,8071,83176628,-1423,-984,-764,4333,-1020,-995
IMU1,8072,83187171,-1255,-987,-730,4279,-882,-1123
IMU1,8073,83197728,-1212,-941,-750,4179,-786,-1270
IMU1,8074,83208288,-1221,-890,-639,4032,-728,-1412
IMU1,8075,83218808,-1131,-901,-809,3868,-717,-1631
IMU1,8076,83229326,-1147,-926,-656,3432,-491,-1661
IMU1,8077,83239850,-1036,-897,-380,3254,-242,-1639
IMU1,8078,83250358,-893,-892,-193,3156,1,-1618
IMU1,8079,83260193,-775,-941,-66,3112,180,-1594
IMU1,8080,83270234,-663,-951,-54,3095,253,-1549
IMU1,8081,83280274,-652,-1263,-75,3083,249,-1491
IMU1,8082,83290490,-629,-1038,33,3078,237,-1402
IMU1,8083,83300623,-588,-663,-292,3079,280,-1280
IMU1,8084,83310848,-739,-426,-320,3025,339,-1130
IMU1,8085,83321076,-389,-724,-69,2970,402,-958
IMU1,8086,83330907,-140,-1062,49,2970,501,-825
IMU1,8087,83340828,-174,-1148,26,3007,613,-719
IMU1,8088,83350754,-319,-1046,60,3051,720,-590
IMU1,8089,83360702,-507,-906,185,3120,818,-417
IMU1,8090,83370623,-477,-699,262,3230,913,-196
IMU1,8091,83380554,-380,-490,357,3373,1002,35
IMU1,8092,83390384,-532,-383,509,3545,1092,257
IMU1,8093,83400437,-848,-350,549,3730,1200,512
IMU1,8094,83410475,-887,-357,497,3901,1312,815
IMU1,8095,83423067,-970,-378,567,4117,1523,1367
IMU1,8096,83433312,-1485,-360,816,4165,1686,1645
IMU1,8097,83443739,-2269,-491,706,4211,1919,1984
IMU1,8098,83454190,-1352,-139,350,4152,2200,2392
IMU1,8099,83464658,-314,505,779,4000,2380,2505
IMU1,8100,83474812,-114,766,503,3891,2429,2158
IMU1,8101,83484969,-236,897,670,3762,2624,1543
IMU1,8102,83495112,-164,935,678,3692,2963,760
IMU1,8103,83505067,-617,609,537,3645,3312,-52
IMU1,8104,83514926,-927,608,677,3595,3697,-646
IMU1,8105,83524981,-1155,789,917,3626,4236,-1009
IMU1,8106,83535434,-1357,837,978,3757,4844,-1153
IMU1,8107,83546933,-1951,979,1257,4210,5330,-879
IMU1,8108,83557391,-2247,1260,1450,4554,5009,-491
IMU1,8109,83568060,-2255,1360,1501,4936,4451,-26
IMU1,8110,83578497,-2133,1372,1455,5270,3828,420
IMU1,8111,83589054,-1890,1514,1471,5540,3392,784
IMU1,8112,83599620,-1624,1657,1305,5752,3309,1030
IMU1,8113,83610363,-1388,1778,1206,5862,3544,1154
IMU1,8114,83621106,-1546,1916,1475,5880,3982,1147
IMU1,8115,83631875,-2012,2166,1329,5858,4446,1187
IMU1,8116,83643158,-2340,2211,1282,5558,4635,1626
IMU1,8117,83653920,-2420,2195,1192,5264,4372,1864
IMU1,8118,83664687,-2526,2110,1071,4885,3993,2094
IMU1,8119,83675440,-2465,2145,838,4420,3554,2319
IMU1,8120,83686012,-2382,2181,656,3872,3206,2473
IMU1,8121,83696568,-2321,2230,366,3265,3068,2562
IMU1,8122,83707120,-2372,2285,227,2616,3200,2621
IMU1,8123,83717671,-2480,2343,139,1980,3587,2692
IMU1,8124,83728229,-3072,2575,823,1453,4063,2794
IMU1,8125,83739292,-2980,2670,982,1189,4481,3238
IMU1,8126,83749841,-3779,2555,222,1246,4056,3538
IMU1,8127,83760407,-2734,2185,-605,1232,3469,4011
IMU1,8128,83771058,-2007,2639,496,1037,2905,4217
IMU1,8129,83781605,-2106,2872,189,1222,2722,4136
IMU1,8130,83792155,-1809,2349,-1623,1087,2543,3996
IMU1,8131,83803013,-2444,3255,-1223,871,2191,3885
IMU1,8132,83813674,-3259,3037,-715,644,2145,3963
IMU1,8133,83824144,-3269,2529,-84,566,2427,4297
IMU1,8134,83835440,-2651,2260,359,597,3126,4589
IMU1,8135,83845814,-2521,2357,357,694,3192,4358
IMU1,8136,83856187,-2360,2136,380,775,2861,3879
IMU1,8137,83866546,-2402,1816,-137,827,2191,3232
IMU1,8138,83876988,-2220,1469,-845,721,1301,2553
IMU1,8139,83887440,-2143,1438,-1102,428,478,1880
IMU1,8140,83897874,-2048,1509,-1208,62,124,1258
IMU1,8141,83908101,-2003,1510,-1370,-309,321,755
IMU1,8142,83918427,-2097,1503,-1362,-642,820,401
IMU1,8143,83928739,-2196,1466,-1437,-870,1291,255
IMU1,8144,83939267,-2136,1457,-1395,-992,1415,216
IMU1,8145,83949798,-2139,1664,-1185,-991,594,250
IMU1,8146,83960137,-2018,1542,-1186,-617,66,326
IMU1,8147,83970278,-1812,1522,-1460,-382,-375,367
IMU1,8148,83980686,-1559,1562,-1712,-207,-653,304
IMU1,8149,83991109,-1427,1558,-1710,-125,-684,154
IMU1,8150,84001530,-1325,1474,-1584,-76,-504,-11
IMU1,8151,84011637,-1302,1522,-1529,-19,-252,-167
IMU1,8152,84021933,-1316,1572,-1478,58,-61,-301
IMU1,8153,84031951,-1237,1593,-1497,134,12,-413
IMU1,8154,84042092,-1211,1578,-1470,199,0,-517
IMU1,8155,84051921,-1197,1538,-1379,265,-43,-586
IMU1,8156,84062137,-1102,1477,-1390,335,-92,-614
IMU1,8157,84072364,-1038,1464,-1479,381,-152,-637
IMU1,8158,84082781,-1004,1488,-1487,391,-216,-649
IMU1,8159,84093192,-963,1541,-1390,399,-262,-626
IMU1,8160,84103422,-738,1586,-1321,423,-293,-586
IMU1,8161,84114161,-654,1552,-1336,491,-392,-585
IMU1,8162,84124379,-608,1576,-1338,512,-454,-583
IMU1,8163,84134605,-587,1620,-1300,532,-494,-566
IMU1,8164,84144808,-586,1584,-1277,568,-508,-534
IMU1,8165,84155033,-608,1521,-1353,582,-499,-480
IMU1,8166,84165259,-669,1541,-1389,575,-478,-398
IMU1,8167,84175479,-656,1580,-1360,566,-452,-284
IMU1,8168,84185690,-638,1546,-1294,562,-407,-200
IMU1,8169,84195893,-616,1477,-1301,565,-337,-152
IMU1,8170,84206110,-652,1464,-1263,557,-264,-124
IMU1,8171,84216328,-635,1438,-1202,562,-192,-111
IMU1,8172,84226543,-681,1428,-1181,573,-121,-134
IMU1,8173,84236756,-816,1390,-1204,569,-70,-169
IMU1,8174,84246775,-856,1396,-1222,552,-66,-173
IMU1,8175,84256795,-876,1432,-1277,528,-100,-169
IMU1,8176,84268052,-1010,1467,-1310,458,-96,-203
IMU1,8177,84278265,-1061,1405,-1256,413,-11,-198
IMU1,8178,84288479,-1185,1348,-1285,382,123,-208
IMU1,8179,84298786,-1286,1299,-1375,330,184,-217
IMU1,8180,84309093,-1268,1236,-1358,268,115,-222
IMU1,8181,84319424,-1208,1185,-1337,227,-42,-256
IMU1,8182,84329651,-1160,1144,-1277,217,-201,-318
IMU1,8183,84340072,-1108,1169,-1200,258,-294,-391
IMU1,8184,84350496,-1118,1234,-1227,337,-320,-479
IMU1,8185,84360933,-1185,1288,-1277,409,-288,-570
IMU1,8186,84371358,-1207,1282,-1291,451,-214,-646
IMU1,8187,84381771,-1186,1285,-1282,462,-129,-716
IMU1,8188,84393217,-999,1273,-1295,434,-62,-876
IMU1,8189,84403241,-966,1325,-1297,405,-45,-950
IMU1,8190,84413237,-962,1343,-1298,387,21,-1001
IMU1,8191,84425918,-975,1291,-1269,365,103,-1013
IMU1,8192,84436244,-930,1265,-1209,352,135,-987
IMU1,8193,84446377,-884,1289,-1140,354,123,-944
IMU1,8194,84456511,-812,1307,-1128,360,105,-902
IMU1,8195,84466636,-762,1308,-1159,360,103,-873
IMU1,8196,84476771,-720,1322,-1208,333,118,-850
IMU1,8197,84486912,-702,1346,-1259,292,150,-829
IMU1,8198,84497029,-714,1362,-1320,224,188,-804
IMU1,8199,84507137,-695,1261,-1353,141,220,-762
IMU1,8200,84518305,-637,1255,-1340,0,148,-596
IMU1,8201,84527951,-643,1258,-1377,-34,95,-470
IMU1,8202,84537782,-712,1208,-1419,-45,80,-325
IMU1,8203,84547595,-770,1155,-1444,-34,76,-173
IMU1,8204,84557411,-810,1132,-1441,-1,48,-42
IMU1,8205,84566821,-837,1093,-1460,52,-26,51
IMU1,8206,84576339,-886,1031,-1501,111,-136,106
IMU1,8207,84586453,-1008,1044,-1594,170,-247,134
IMU1,8208,84596759,-1114,973,-1628,214,-327,162
IMU1,8209,84606875,-1264,956,-1650,264,-378,197
IMU1,8210,84617006,-1410,933,-1627,321,-419,250
IMU1,8211,84627122,-1565,889,-1588,391,-465,306
IMU1,8212,84637263,-1630,841,-1513,470,-531,346
IMU1,8213,84647394,-1669,805,-1475,559,-649,337
IMU1,8214,84657510,-1724,780,-1405,651,-852,280
IMU1,8215,84667643,-1743,744,-1313,734,-1109,199
IMU1,8216,84677975,-1733,752,-1284,821,-1336,106
IMU1,8217,84688301,-1686,839,-1176,894,-1479,0
IMU1,8218,84698126,-1641,1048,-1121,953,-1492,-127
IMU1,8219,84708743,-1434,1149,-1223,965,-1360,-297
IMU1,8220,84719891,-1447,1020,-1112,756,-888,-699
IMU1,8221,84730331,-1341,1044,-1051,568,-593,-821
IMU1,8222,84740760,-1277,1114,-1028,359,-359,-907
IMU1,8223,84751198,-1229,1105,-964,147,-171,-988
IMU1,8224,84761432,-1270,1169,-949,-47,-28,-1045
IMU1,8225,84771569,-1254,1234,-1105,-220,96,-1070
IMU1,8226,84782007,-1286,1165,-1177,-400,214,-1082
IMU1,8227,84792635,-1278,1022,-1169,-561,322,-1067
IMU1,8228,84803262,-1223,941,-1209,-682,372,-1031
IMU1,8229,84813673,-1261,899,-1221,-756,344,-988
IMU1,8230,84823896,-1313,849,-1168,-774,318,-934
IMU1,8231,84834133,-1266,893,-1368,-733,353,-878
IMU1,8232,84844882,-1246,847,-1404,-628,495,-849
IMU1,8233,84855094,-1181,827,-1457,-570,564,-853
IMU1,8234,84865325,-1192,870,-1547,-521,610,-871
IMU1,8235,84875561,-1209,818,-1563,-487,600,-873
IMU1,8236,84885783,-1156,757,-1598,-445,561,-850
IMU1,8237,84896015,-1101,767,-1627,-392,509,-803
IMU1,8238,84906222,-1106,806,-1635,-322,436,-761
IMU1,8239,84916446,-1082,788,-1624,-245,388,-692
IMU1,8240,84926667,-1074,740,-1584,-149,386,-611
IMU1,8241,84936906,-1085,787,-1557,-41,389,-525
IMU1,8242,84946940,-1060,787,-1580,54,352,-447
IMU1,8243,84956880,-1049,750,-1607,120,270,-390
IMU1,8244,84966998,-1067,714,-1567,164,158,-347
IMU1,8245,84977125,-1062,728,-1519,206,61,-306
IMU1,8246,84987058,-1070,723,-1435,244,2,-272
IMU1,8247,84996795,-1072,736,-1371,287,-22,-240
IMU1,8248,85006813,-1088,816,-1367,324,-27,-226
IMU1,8249,85016820,-1087,723,-1440,332,-41,-224
IMU1,8250,85027874,-963,707,-1477,227,-76,-272
IMU1,8251,85037701,-939,678,-1436,150,-50,-284
IMU1,8252,85047536,-958,722,-1417,104,32,-278
IMU1,8253,85057272,-1017,777,-1448,88,122,-246
IMU1,8254,85067195,-1047,708,-1436,88,172,-190
IMU1,8255,85077133,-1061,665,-1421,99,162,-120
IMU1,8256,85087054,-1059,625,-1399,122,107,-61
IMU1,8257,85096988,-1038,610,-1406,159,47,-18
IMU1,8258,85106715,-1018,630,-1390,198,0,3
IMU1,8259,85115872,-993,661,-1375,241,-36,0
IMU1,8260,85125111,-962,671,-1420,289,-58,-23
IMU1,8261,85134740,-962,635,-1420,310,-67,-53
IMU1,8262,85144378,-964,612,-1347,319,-49,-64
IMU1,8263,85154012,-956,620,-1254,332,22,-60
IMU1,8264,85163555,-952,660,-1182,349,99,-51
IMU1,8265,85173096,-986,782,-1142,366,143,-47
IMU1,8266,85182838,-1050,862,-1162,367,180,-50
IMU1,8267,85192776,-1095,828,-1188,337,204,-42
IMU1,8268,85202718,-1128,798,-1169,264,195,-28
IMU1,8269,85212636,-1154,786,-1133,188,144,2
IMU1,8270,85222267,-1177,759,-1131,115,68,43
IMU1,8271,85231904,-1145,719,-1143,49,7,91
IMU1,8272,85241149,-1125,720,-1153,-11,-15,140
IMU1,8273,85250966,-1096,745,-1208,-50,4,180
IMU1,8274,85260482,-1113,709,-1232,-92,35,203
IMU1,8275,85270209,-1117,684,-1258,-130,61,223
IMU1,8276,85280141,-1152,693,-1295,-160,95,238
IMU1,8277,85290045,-1178,704,-1334,-186,138,258
IMU1,8278,85300162,-1193,685,-1358,-204,169,275
IMU1,8279,85310272,-1184,647,-1374,-211,162,283
IMU1,8280,85320394,-1143,613,-1395,-205,120,287
IMU1,8281,85330511,-1132,646,-1446,-187,87,282
IMU1,8282,85340426,-1140,637,-1478,-167,98,285
IMU1,8283,85350353,-1163,611,-1456,-145,146,302
IMU1,8284,85360504,-1169,625,-1389,-111,197,327
IMU1,8285,85370633,-1199,697,-1342,-59,207,341
IMU1,8286,85380566,-1197,747,-1365,-5,160,335
IMU1,8287,85390290,-1210,760,-1430,23,77,315
IMU1,8288,85399938,-1155,704,-1476,8,-8,294
IMU1,8289,85409291,-1098,674,-1501,-28,-57,279
IMU1,8290,85419106,-1082,638,-1476,-68,-45,276
IMU1,8291,85431500,-1106,754,-1382,-84,65,325
IMU1,8292,85441244,-1127,764,-1387,-75,101,357
IMU1,8293,85451173,-1113,754,-1402,-53,78,377
IMU1,8294,85460922,-1065,729,-1413,-65,19,373
IMU1,8295,85470648,-987,714,-1420,-90,-33,354
IMU1,8296,85480286,-889,732,-1433,-119,-51,333
IMU1,8297,85490114,-845,775,-1432,-142,-27,300
IMU1,8298,85499950,-841,811,-1401,-151,15,292
IMU1,8299,85509692,-834,839,-1381,-130,87,310
IMU1,8300,85519422,-854,862,-1380,-119,162,335
IMU1,8301,85529351,-858,855,-1378,-105,201,370
IMU1,8302,85539281,-832,857,-1380,-104,192,411
IMU1,8303,85549202,-823,880,-1369,-121,155,443
IMU1,8304,85559123,-806,921,-1338,-137,119,483
IMU1,8305,85569052,-811,939,-1331,-138,100,521
IMU1,8306,85578979,-829,932,-1291,-140,81,569
IMU1,8307,85588713,-778,964,-1234,-131,41,614
IMU1,8308,85598460,-718,1021,-1207,-116,-28,646
IMU1,8309,85608495,-715,1075,-1255,-106,-90,657
IMU1,8310,85618511,-726,1041,-1316,-119,-86,679
IMU1,8311,85628535,-746,1039,-1346,-156,16,717
IMU1,8312,85638476,-779,1050,-1319,-214,179,757
IMU1,8313,85648605,-881,1094,-1250,-267,315,795
IMU1,8314,85658746,-939,1166,-1202,-294,348,830
IMU1,8315,85668883,-994,1182,-1189,-299,266,851
IMU1,8316,85679020,-1000,1138,-1226,-307,126,869
IMU1,8317,85689365,-989,1128,-1283,-324,15,893
IMU1,8318,85699286,-1015,1099,-1360,-350,9,916
IMU1,8319,85710777,-1072,1123,-1368,-442,246,956
IMU1,8320,85721113,-1180,1188,-1343,-465,358,953
IMU1,8321,85731462,-1247,1251,-1325,-477,399,935
IMU1,8322,85741803,-1298,1226,-1319,-478,345,908
IMU1,8323,85752135,-1319,1189,-1313,-479,235,872
IMU1,8324,85762480,-1297,1173,-1326,-470,122,837
IMU1,8325,85772793,-1312,1189,-1350,-457,35,801
IMU1,8326,85782926,-1341,1239,-1379,-444,-32,775
IMU1,8327,85793152,-1371,1361,-1390,-434,-77,754
IMU1,8328,85803380,-1423,1430,-1432,-419,-100,734
IMU1,8329,85813811,-1486,1395,-1451,-409,-115,715
IMU1,8330,85824226,-1536,1364,-1427,-403,-133,700
IMU1,8331,85834639,-1581,1336,-1432,-403,-189,656
IMU1,8332,85845066,-1646,1359,-1443,-405,-437,624
IMU1,8333,85855487,-1705,1347,-1455,-399,-595,621
IMU1,8334,85865920,-1716,1345,-1635,-407,-674,629
IMU1,8335,85876335,-1778,1361,-1529,-440,-643,638
IMU1,8336,85886758,-1929,1365,-1524,-462,-521,647
IMU1,8337,85897181,-2162,1373,-1441,-470,-415,662
IMU1,8338,85907604,-2435,1419,-1297,-448,-417,682
IMU1,8339,85918025,-2724,1478,-1195,-375,-576,702
IMU1,8340,85928467,-2957,1523,-1140,-271,-863,714
IMU1,8341,85938904,-3201,1556,-1093,-151,-1190,701
IMU1,8342,85949543,-3425,1583,-921,-39,-1428,664
IMU1,8343,85960823,-3808,1644,-705,100,-1478,452
IMU1,8344,85971156,-3980,1714,-444,136,-1451,247
IMU1,8345,85981504,-4192,1793,-159,173,-1531,-42
IMU1,8346,85991739,-4453,1930,127,203,-1755,-368
IMU1,8347,86002081,-4688,2119,464,242,-1990,-696
IMU1,8348,86012422,-4867,2398,802,289,-2144,-1009
IMU1,8349,86022974,-5029,2728,1209,340,-2237,-1326
IMU1,8350,86033699,-5093,3081,1607,387,-2299,-1671
IMU1,8351,86044432,-5032,3411,1874,390,-2383,-2078
IMU1,8352,86055184,-4896,3851,1672,286,-2534,-2573
IMU1,8353,86066441,-4427,4791,1371,-558,-2758,-3845
IMU1,8354,86077288,-4195,5274,1279,-1299,-2592,-4491
IMU1,8355,86088325,-4394,5808,1374,-2090,-2091,-5143
IMU1,8356,86099345,-4670,6218,1443,-2827,-1321,-5814
IMU1,8357,86110378,-5040,6568,1218,-3489,-764,-6557
IMU1,8358,86121229,-5289,7129,900,-4156,-858,-7408
IMU1,8359,86131870,-5744,7586,474,-4860,-1450,-8360
IMU1,8360,86142723,-6264,8862,-178,-6337,-3145,-10385
IMU1,8361,86153880,-6329,9500,-129,-6967,-3888,-11488
IMU1,8362,86165036,-6950,9631,-297,-7376,-4240,-12595
IMU1,8363,86176191,-7734,9450,-557,-7647,-4377,-13344
IMU1,8364,86187351,-8030,9221,-616,-7876,-4397,-13594
IMU1,8365,86198515,-7973,8793,-754,-8093,-4257,-13411
IMU1,8366,86209678,-7330,7810,-683,-8340,-4014,-12115
IMU1,8367,86220824,-6652,7370,-410,-8619,-3188,-11288
IMU1,8368,86231956,-5818,7005,-215,-8492,-2718,-10628
IMU1,8369,86243106,-5203,6606,-147,-8213,-2295,-10253
IMU1,8370,86254234,-4712,6252,3,-7846,-1958,-10092
IMU1,8371,86264898,-4424,5859,160,-7400,-1641,-10037
IMU1,8372,86275938,-4321,5430,171,-6875,-1456,-9924
IMU1,8373,86286784,-4187,4976,359,-6333,-1878,-9095
IMU1,8374,86297641,-3820,4857,145,-5210,-2379,-8430
IMU1,8375,86308482,-3280,4679,-94,-4729,-2955,-7732
IMU1,8376,86319224,-2978,4411,-312,-4298,-3430,-7075
IMU1,8377,86330188,-2596,4325,-986,-3972,-3767,-6462
IMU1,8378,86341130,-2038,4222,-1341,-3776,-3961,-5894
IMU1,8379,86352279,-1666,3919,-1608,-3622,-3894,-5403
IMU1,8380,86363412,-948,3762,-2199,-3454,-3529,-4948
IMU1,8381,86374370,-1098,3453,-2535,-3067,-2496,-4212
IMU1,8382,86385538,-1063,3213,-2093,-2796,-2246,-3760
IMU1,8383,86396675,-906,3058,-2534,-2416,-2098,-3222
IMU1,8384,86407627,-820,2946,-2464,-2001,-1930,-2743
IMU1,8385,86418548,-752,2826,-2407,-1544,-1812,-2303
IMU1,8386,86432044,-780,2325,-2653,-692,-2018,-1740
IMU1,8387,86442753,-875,2299,-2845,-376,-2099,-1452
IMU1,8388,86453478,-503,2083,-3231,-158,-2097,-1219
IMU1,8389,86464196,-713,1985,-3303,-50,-1948,-1131
IMU1,8390,86474716,-688,1772,-3346,15,-1625,-981
# swing_peak_seq=8364
IMU1,8391,86484946,-677,1587,-3297,86,-1283,-824
IMU1,8392,86495167,-670,1428,-3265,192,-976,-680
IMU1,8393,86505403,-655,1276,-3230,317,-726,-550
IMU1,8394,86515650,-666,1129,-3170,442,-562,-443
IMU1,8395,86525880,-671,982,-3092,572,-475,-349
IMU1,8396,86535921,-689,889,-3011,698,-469,-265
IMU1,8397,86545945,-725,818,-2985,835,-576,-179
IMU1,8398,86557005,-734,739,-2940,1162,-1102,51
IMU1,8399,86567144,-666,661,-2988,1373,-1401,202
IMU1,8400,86577466,-608,540,-3061,1580,-1617,323
IMU1,8401,86587798,-570,469,-3102,1754,-1719,419
IMU1,8402,86598143,-526,421,-3171,1884,-1675,468
IMU1,8403,86608481,-570,371,-3252,1949,-1503,469
IMU1,8404,86618803,-696,312,-3178,1968,-1285,443
IMU1,8405,86629137,-758,208,-3109,1983,-1080,456
IMU1,8406,86639478,-799,25,-2975,2010,-922,488
IMU1,8407,86649415,-848,-110,-2891,2073,-834,535
IMU1,8408,86659645,-953,-214,-2728,2166,-793,601
IMU1,8409,86669877,-988,-295,-2663,2287,-739,687
IMU1,8410,86680105,-1031,-375,-2628,2413,-620,747
IMU1,8411,86690536,-1278,-313,-2540,2531,-431,734
IMU1,8412,86700990,-1363,-261,-2454,2748,55,684
IMU1,8413,86711119,-1483,-267,-2344,2858,234,607
IMU1,8414,86721470,-1529,-240,-2178,2997,375,514
IMU1,8415,86731806,-1568,-257,-2021,3167,468,411
IMU1,8416,86742153,-1649,-315,-1880,3366,494,313
IMU1,8417,86752492,-1660,-415,-1741,3575,437,225
IMU1,8418,86762824,-1728,-502,-1641,3783,292,152
IMU1,8419,86773160,-1799,-529,-1583,3981,136,97
IMU1,8420,86783308,-1750,-541,-1443,4155,52,36
IMU1,8421,86793266,-1720,-540,-1276,4310,102,-91
IMU1,8422,86803512,-1670,-531,-1114,4451,301,-263
IMU1,8423,86813956,-1528,-506,-960,4565,559,-483
IMU1,8424,86824196,-1491,-459,-862,4655,804,-748
IMU1,8425,86834432,-1444,-442,-618,4703,984,-994
IMU1,8426,86845723,-1254,-407,-557,4758,1148,-1332
IMU1,8427,86856355,-1135,-374,-525,4764,1226,-1403
IMU1,8428,86866980,-983,-255,-521,4766,1368,-1410
IMU1,8429,86877409,-660,-125,-589,4741,1604,-1360
IMU1,8430,86887832,-865,-131,-750,4642,1844,-1290
IMU1,8431,86898255,-860,-36,-645,4457,2134,-1131
IMU1,8432,86908485,-716,119,-682,4248,2514,-913
IMU1,8433,86918630,-584,216,-556,4017,2956,-694
IMU1,8434,86928767,-504,311,-431,3809,3388,-495
IMU1,8435,86938906,-525,433,-345,3644,3756,-300
IMU1,8436,86949044,-570,537,-333,3502,4068,-84
IMU1,8437,86958987,-681,611,-262,3379,4366,174
IMU1,8438,86969033,-817,804,-29,3275,4709,474
IMU1,8439,86979918,-966,891,2,3138,5675,1129
IMU1,8440,86989680,-1117,943,87,3075,6298,1468
IMU1,8441,86999843,-1333,1016,191,2984,6902,1828
IMU1,8442,87010391,-1719,1047,355,2875,7350,2224
IMU1,8443,87020965,-2310,1060,725,2767,7517,2697
IMU1,8444,87031529,-2769,1070,1009,2713,7405,3290
IMU1,8445,87042296,-3110,1026,1175,2699,7044,3980
IMU1,8446,87053041,-3272,965,1359,2701,6474,4699
IMU1,8447,87063576,-3087,951,1395,2717,5786,5344
IMU1,8448,87074138,-2917,942,1152,2705,5096,5809
IMU1,8449,87084700,-2521,947,659,2585,4518,6090
IMU1,8450,87095574,-2714,1034,505,2008,4042,6127
IMU1,8451,87106127,-2768,1210,381,1626,4149,5968
IMU1,8452,87116673,-2864,1248,415,1276,4341,5698
IMU1,8453,87127243,-2937,1285,373,1029,4562,5370
IMU1,8454,87137784,-3083,1390,211,867,4745,5032
IMU1,8455,87148149,-3342,1325,48,736,4799,4772
IMU1,8456,87158318,-3533,1326,15,617,4770,4662
IMU1,8457,87168491,-3709,1336,10,525,4653,4684
IMU1,8458,87178627,-3845,1435,-1,474,4383,4780
IMU1,8459,87188682,-3890,1488,78,487,3943,4900
IMU1,8460,87198829,-3872,1436,102,609,3372,5006
IMU1,8461,87209183,-3705,1488,-9,827,2680,5047
IMU1,8462,87220782,-3371,1546,-454,1324,1272,4862
IMU1,8463,87231427,-3289,1618,-639,1499,947,4661
IMU1,8464,87241880,-3343,1614,-623,1602,953,4452
IMU1,8465,87252327,-3455,1661,-356,1688,1139,4307
IMU1,8466,87262959,-3441,1677,-211,1831,1246,4201
IMU1,8467,87273601,-3433,1937,-931,1910,1118,4057
IMU1,8468,87284248,-3077,1932,-1130,1708,888,3877
IMU1,8469,87294888,-3047,1885,-681,1453,950,3661
IMU1,8470,87305339,-3200,1968,-525,1261,1280,3478
IMU1,8471,87315975,-2665,2088,-526,797,1323,3235
IMU1,8472,87326420,-2950,1679,-1065,662,1365,2964
IMU1,8473,87337061,-3084,1598,-1257,336,1324,2939
IMU1,8474,87347709,-2541,1852,-777,24,1286,2937
IMU1,8475,87357947,-2442,1580,-691,-120,1366,2778
IMU1,8476,87368489,-2426,1460,-640,-148,1167,2601
IMU1,8477,87379002,-2296,1455,-623,-79,632,2490
IMU1,8478,87389155,-2202,1468,-741,42,35,2444
IMU1,8479,87398998,-1978,1417,-935,170,-438,2322
IMU1,8480,87409340,-1822,1352,-1042,252,-669,2200
IMU1,8481,87419864,-1640,1345,-1091,304,-720,2089
IMU1,8482,87432954,-1674,1396,-1080,380,-496,1856
IMU1,8483,87443490,-1767,1413,-943,418,-306,1785
IMU1,8484,87453826,-1788,1417,-745,481,-149,1744
IMU1,8485,87464154,-1798,1355,-550,605,-153,1679
IMU1,8486,87474493,-1734,1307,-985,717,-370,1546
IMU1,8487,87484837,-1668,1281,-1195,652,-662,1377
IMU1,8488,87495361,-1457,1246,-1221,462,-783,1172
IMU1,8489,87505899,-1346,1255,-1090,203,-640,920
IMU1,8490,87516235,-1327,1271,-1011,-35,-357,664
IMU1,8491,87526467,-1382,1358,-978,-229,-94,452
IMU1,8492,87536487,-1572,1219,-1137,-338,92,323
IMU1,8493,87547662,-1419,1374,-1292,-448,118,247
IMU1,8494,87557994,-1222,1444,-1163,-578,94,216
IMU1,8495,87568131,-1086,1378,-1234,-673,140,177
IMU1,8496,87578457,-1084,1473,-1256,-706,145,140
IMU1,8497,87588789,-1149,1467,-1188,-697,141,125
IMU1,8498,87599128,-1202,1469,-1144,-639,184,144
IMU1,8499,87609474,-1185,1500,-1094,-548,245,188
IMU1,8500,87619817,-1140,1497,-1067,-431,237,222
IMU1,8501,87630158,-1109,1464,-1085,-307,120,239
IMU1,8502,87640502,-1035,1443,-1198,-210,-66,242
IMU1,8503,87650736,-967,1468,-1243,-157,-246,219
IMU1,8504,87660972,-954,1477,-1232,-134,-359,181
IMU1,8505,87671200,-939,1499,-1219,-103,-389,149
IMU1,8506,87681952,-932,1501,-1167,-53,-380,124
IMU1,8507,87691976,-892,1467,-1182,-9,-380,112
IMU1,8508,87701813,-902,1487,-1187,9,-372,101
IMU1,8509,87711548,-910,1485,-1153,7,-340,96
IMU1,8510,87721095,-900,1506,-1141,11,-315,89
IMU1,8511,87730837,-883,1527,-1140,2,-304,60
IMU1,8512,87740390,-884,1569,-1173,-8,-322,23
IMU1,8513,87750030,-866,1603,-1243,-37,-332,-21
IMU1,8514,87759958,-868,1587,-1324,-92,-316,-61
IMU1,8515,87769903,-907,1611,-1276,-178,-234,-82
IMU1,8516,87780030,-856,1544,-1286,-236,-100,-83
IMU1,8517,87790149,-968,1565,-1219,-256,19,-86
IMU1,8518,87799985,-1115,1537,-1079,-237,61,-56
IMU1,8519,87810046,-1191,1534,-1009,-158,22,10
IMU1,8520,87819984,-1224,1538,-1002,-57,-79,76
IMU1,8521,87829821,-1238,1516,-996,39,-217,110
IMU1,8522,87839761,-1205,1494,-1026,106,-346,98
IMU1,8523,87849896,-1183,1467,-1047,134,-480,40
IMU1,8524,87860022,-1182,1470,-1072,130,-621,-37
IMU1,8525,87870246,-1145,1444,-1064,115,-710,-118
IMU1,8526,87880675,-1142,1464,-1097,100,-700,-195
IMU1,8527,87891100,-1179,1466,-1073,77,-606,-258
IMU1,8528,87901345,-1254,1453,-1000,64,-463,-302
IMU1,8529,87911583,-1315,1404,-843,74,-326,-332
IMU1,8530,87922655,-1632,1408,-765,114,-365,-364
IMU1,8531,87932885,-1841,1454,-691,148,-554,-357
IMU1,8532,87943123,-2036,1526,-648,186,-813,-328
IMU1,8533,87953349,-2287,1698,-630,228,-1079,-301
IMU1,8534,87963797,-2584,1784,-605,261,-1304,-259
IMU1,8535,87974232,-2821,1770,-565,284,-1425,-203
IMU1,8536,87984680,-3007,1777,-504,294,-1471,-169
IMU1,8537,87995113,-3247,1841,-428,290,-1526,-179
IMU1,8538,88005555,-3494,1848,-298,281,-1581,-235
IMU1,8539,88015993,-3722,1848,-175,274,-1604,-334
IMU1,8540,88026426,-4004,1944,-44,258,-1624,-472
IMU1,8541,88036641,-4282,2148,416,234,-1672,-648
IMU1,8542,88047498,-4609,2319,673,226,-1970,-1138
IMU1,8543,88058054,-4891,2624,932,257,-2182,-1476
IMU1,8544,88068607,-5084,2882,1032,285,-2311,-1842
IMU1,8545,88079340,-5147,3135,1084,241,-2433,-2224
IMU1,8546,88090091,-5003,3528,990,106,-2661,-2620
IMU1,8547,88100617,-4786,3873,875,-144,-2990,-3037
IMU1,8548,88111274,-4517,4189,919,-477,-3219,-3453
IMU1,8549,88121922,-4280,4642,918,-817,-3126,-3827
IMU1,8550,88132571,-4126,4982,1101,-1153,-2697,-4156
IMU1,8551,88143625,-4010,5630,1042,-1810,-1613,-4808
IMU1,8552,88154659,-4237,5988,915,-2210,-1316,-5187
IMU1,8553,88165516,-4575,6432,825,-2724,-1202,-5559
IMU1,8554,88176363,-4923,6985,724,-3317,-1253,-5905
IMU1,8555,88187218,-5211,7641,629,-3985,-1485,-6244
IMU1,8556,88198071,-5221,8325,394,-4713,-1894,-6654
IMU1,8557,88208927,-4926,9033,-67,-5501,-2435,-7226
IMU1,8558,88219676,-4642,9991,-523,-6320,-2926,-8561
IMU1,8559,88230640,-4730,10175,-794,-7646,-3282,-9148
IMU1,8560,88241802,-4627,10216,-1061,-8138,-3115,-9610
IMU1,8561,88253163,-4369,10092,-1183,-8617,-2990,-10026
IMU1,8562,88264726,-4150,9754,-1171,-9095,-2931,-10396
IMU1,8563,88276093,-3968,9315,-1053,-9519,-2827,-10685
IMU1,8564,88287450,-3901,8379,-419,-9974,-2689,-10952
IMU1,8565,88298607,-3894,8017,-56,-9956,-2892,-10922
IMU1,8566,88309549,-3945,7654,315,-9750,-3231,-10781
IMU1,8567,88320634,-3906,7268,455,-9382,-3594,-10536
IMU1,8568,88331684,-3788,7057,392,-8900,-3986,-10194
IMU1,8569,88342745,-3385,6798,164,-8389,-4443,-9758
IMU1,8570,88353596,-2906,6546,-385,-7892,-4962,-9257
IMU1,8571,88364552,-2235,5684,-1586,-7195,-5397,-7897
IMU1,8572,88375728,-1849,5269,-1807,-6853,-4992,-6960
IMU1,8573,88386875,-1359,4900,-1790,-6357,-4172,-5942
IMU1,8574,88398033,-1408,4448,-1886,-5708,-3216,-5013
IMU1,8575,88409182,-1372,4186,-2087,-5054,-2573,-4181
IMU1,8576,88420319,-1291,4018,-2232,-4458,-2466,-3489
IMU1,8577,88434026,-1737,3858,-3364,-3649,-3166,-2445
IMU1,8578,88445167,-2133,3750,-4245,-3540,-3451,-1881
IMU1,8579,88456321,-1862,3452,-4023,-3505,-3410,-1209
IMU1,8580,88467458,-1533,3296,-3732,-3183,-2977,-747
IMU1,8581,88478418,-1521,2590,-3748,-2819,-2294,-451
IMU1,8582,88489345,-419,2309,-3077,-1604,-995,-344
IMU1,8583,88499863,-478,1895,-2786,-891,-402,-721
IMU1,8584,88510180,-683,1712,-2812,-229,-179,-1093
IMU1,8585,88520704,-940,1740,-2851,310,-345,-1399
IMU1,8586,88531143,-1223,1706,-3025,710,-690,-1591
IMU1,8587,88541797,-1324,1606,-3167,981,-1008,-1630
IMU1,8588,88552623,-1342,1468,-3251,1175,-1171,-1528
IMU1,8589,88563663,-1279,1285,-3326,1323,-1132,-1313
IMU1,8590,88574688,-1293,1135,-3336,1436,-936,-1033
IMU1,8591,88585539,-1083,893,-3211,1601,-608,-385
# swing_peak_seq=8565
IMU1,8592,88595966,-1072,751,-3189,1642,-576,-135
IMU1,8593,88606414,-1140,625,-3164,1642,-547,65
IMU1,8594,88616561,-1015,529,-3107,1600,-447,227
IMU1,8595,88626898,-908,457,-2940,1561,-273,311
IMU1,8596,88637057,-855,424,-2793,1558,-16,318
IMU1,8597,88647016,-963,392,-2703,1605,289,275
IMU1,8598,88657054,-975,300,-2566,1687,576,224
IMU1,8599,88667089,-965,200,-2384,1815,822,139
IMU1,8600,88677132,-1121,109,-2175,2013,1020,40
IMU1,8601,88687373,-1175,25,-2043,2265,1116,-30
IMU1,8602,88697512,-1214,-54,-1924,2534,1076,-101
IMU1,8603,88707958,-1251,-166,-1802,2806,938,-211
IMU1,8604,88718391,-1017,-355,-1745,3061,817,-412
IMU1,8605,88728839,-1000,-475,-1785,3300,853,-769
IMU1,8606,88740316,-646,-748,-1732,3689,1583,-1920
IMU1,8607,88750953,-881,-761,-1601,3867,2207,-2511
IMU1,8608,88761599,-1122,-762,-1406,4066,2821,-2864
IMU1,8609,88772451,-1156,-629,-1161,4270,3278,-2928
IMU1,8610,88783306,-907,-578,-1039,4465,3471,-2762
IMU1,8611,88793968,-376,-519,-1320,4575,3249,-2443
IMU1,8612,88804611,-4,-519,-1189,4476,2562,-2168
IMU1,8613,88814853,-748,-883,-1026,4257,1570,-1969
IMU1,8614,88825494,-831,-798,-946,4005,617,-1656
IMU1,8615,88836265,-308,-845,-850,3510,-827,-1132
IMU1,8616,88846600,387,-971,-729,3267,-1335,-1064
IMU1,8617,88857029,851,-1032,-661,3064,-1692,-1150
IMU1,8618,88867674,866,-946,-387,2907,-1806,-1332
IMU1,8619,88878120,780,-871,-659,2796,-1726,-1509
IMU1,8620,88888572,549,-902,-674,2648,-1525,-1646
IMU1,8621,88898997,147,-1124,-612,2495,-1233,-1708
IMU1,8622,88909636,-370,-1079,-715,2347,-855,-1659
IMU1,8623,88920171,-1695,-2041,82,2200,-342,-1463
IMU1,8624,88930604,-1242,-2517,104,2173,413,-975
IMU1,8625,88940951,-1032,-1300,15,2163,1341,205
IMU1,8626,88951714,-1062,-1288,498,2066,3116,824
IMU1,8627,88962174,-893,-1760,585,2088,3820,1432
IMU1,8628,88972627,-1185,-2166,960,2133,4341,1996
IMU1,8629,88983290,-1289,-2361,1199,2237,4550,2531
IMU1,8630,88994161,-924,-2365,1082,2395,4458,2998
IMU1,8631,89004834,-325,-2148,847,2528,4265,3319
IMU1,8632,89015288,-403,-1368,-512,2573,4174,3485
IMU1,8633,89025832,117,-924,224,2367,4299,3612
IMU1,8634,89036005,659,-1135,1651,2228,4259,3586
IMU1,8635,89046577,-3530,-3565,248,2325,3978,3456
IMU1,8636,89057248,-2,-2438,728,2369,3662,3933
IMU1,8637,89067324,480,-688,744,2337,3273,3450
IMU1,8638,89077497,-580,317,596,2388,2832,2718
IMU1,8639,89087693,-687,143,797,2456,2627,2117
IMU1,8640,89097877,-781,-631,1068,2600,2863,1657
IMU1,8641,89108328,-1195,-820,1006,2854,3452,1430
IMU1,8642,89118985,-1232,-696,1028,3154,3953,1436
IMU1,8643,89129658,-1239,-515,931,3467,4107,1554
IMU1,8644,89140101,-1191,-367,868,3732,3955,1710
IMU1,8645,89150548,-1113,-269,896,3936,3680,1867
IMU1,8646,89160999,-1154,-197,891,4098,3418,2025
IMU1,8647,89171436,-1267,-55,1215,4223,3223,2195
IMU1,8648,89182401,-1527,38,1410,4501,2882,2567
IMU1,8649,89192741,-1598,83,1449,4714,2647,2771
IMU1,8650,89203099,-1456,128,1315,4889,2484,2963
IMU1,8651,89213649,-1337,217,1122,4964,2596,3094
IMU1,8652,89224198,-1480,250,1013,4906,3026,3201
IMU1,8653,89234743,-1710,438,906,4734,3601,3353
IMU1,8654,89245110,-1661,717,671,4446,4086,3522
IMU1,8655,89255470,-1967,812,1061,4071,4304,3622
IMU1,8656,89266030,-2170,794,953,3750,4264,3694
IMU1,8657,89276413,-2375,788,1000,3463,3981,3756
IMU1,8658,89286996,-2419,779,399,3214,3611,3794
IMU1,8659,89297886,-2520,1219,198,2649,2892,3766
IMU1,8660,89308430,-2499,1510,189,2341,2793,3729
IMU1,8661,89318992,-2432,1639,508,2079,2934,3670
IMU1,8662,89329551,-2252,1771,1076,1988,3248,3554
IMU1,8663,89340308,-2538,2118,524,2109,3587,3274
IMU1,8664,89350877,-3037,2316,-350,2051,3855,3165
IMU1,8665,89361546,-3047,2109,-215,1768,3980,3160
IMU1,8666,89372205,-2944,2316,233,1452,4086,3188
IMU1,8667,89382769,-2783,2422,760,1266,4283,3165
IMU1,8668,89393854,-3456,2422,640,1317,4225,3137
IMU1,8669,89404422,-3091,2558,1370,1452,3836,3243
IMU1,8670,89415194,-2808,2315,574,1848,3389,3125
IMU1,8671,89425772,-4149,1900,-282,1825,2930,3064
IMU1,8672,89438994,-3912,1746,-365,1606,2579,3322
IMU1,8673,89449649,-3133,1712,715,1280,2374,3525
IMU1,8674,89460210,-2104,1432,374,1130,2137,3472
IMU1,8675,89470770,-2376,1311,188,849,943,2649
IMU1,8676,89480931,-2386,1240,136,730,202,2318
IMU1,8677,89491096,-2704,1191,207,685,-339,2108
IMU1,8678,89501356,-2361,1047,336,818,-699,2078
IMU1,8679,89511610,-1773,1136,-996,862,-958,1869
IMU1,8680,89521969,-2061,1126,-736,712,-910,1581
IMU1,8681,89532326,-1823,1023,-920,537,-600,1410
IMU1,8682,89542681,-1601,1149,-872,278,-162,1237
IMU1,8683,89553016,-2067,1313,492,138,347,1029
IMU1,8684,89563166,-1829,830,712,569,503,980
IMU1,8685,89572933,-2401,1022,-1078,688,50,876
IMU1,8686,89582991,-2081,1176,-1791,526,-341,903
IMU1,8687,89593348,-1562,1222,-1751,53,-380,910
IMU1,8688,89603519,-999,1369,-897,-405,38,772
IMU1,8689,89613244,-1075,1289,-932,-694,627,463
IMU1,8690,89623369,-1647,1391,-467,-830,1025,227
IMU1,8691,89634726,-1837,1432,-583,-669,906,296
IMU1,8692,89644861,-1546,1504,-973,-543,601,361
IMU1,8693,89654992,-1490,1530,-933,-472,328,350
IMU1,8694,89665135,-1345,1466,-883,-398,151,335
IMU1,8695,89675260,-1281,1531,-994,-290,60,300
IMU1,8696,89685196,-1377,1556,-1144,-211,38,259
IMU1,8697,89695332,-1409,1571,-1167,-174,69,255
IMU1,8698,89705476,-1333,1615,-1141,-157,158,273
IMU1,8699,89715802,-1272,1573,-1118,-127,290,280
IMU1,8700,89726146,-1226,1557,-1271,-132,396,263
IMU1,8701,89736495,-1168,1503,-1296,-174,482,213
IMU1,8702,89746817,-1164,1480,-1329,-251,585,144
IMU1,8703,89757151,-1231,1457,-1344,-352,667,64
IMU1,8704,89767291,-1281,1457,-1245,-434,684,5
IMU1,8705,89777218,-1326,1457,-1066,-467,647,-15
IMU1,8706,89788485,-1356,1455,-1103,-351,419,23
IMU1,8707,89798614,-1336,1426,-1151,-265,267,54
IMU1,8708,89808747,-1323,1405,-1216,-186,154,84
IMU1,8709,89818867,-1366,1425,-1214,-121,98,103
IMU1,8710,89828998,-1436,1407,-1194,-57,83,119
IMU1,8711,89838940,-1507,1407,-1179,2,72,131
IMU1,8712,89848596,-1700,1451,-1167,65,46,115
IMU1,8713,89858438,-1942,1464,-1155,116,5,85
IMU1,8714,89868077,-2218,1512,-1169,157,-60,56
IMU1,8715,89878025,-2545,1536,-1208,183,-109,34
IMU1,8716,89888167,-2796,1518,-1354,195,-76,27
IMU1,8717,89898104,-3132,1580,-1216,158,76,2
IMU1,8718,89907770,-3319,1476,-1120,134,340,-51
IMU1,8719,89917907,-3615,1471,-955,144,572,-164
IMU1,8720,89928061,-3959,1455,-769,190,662,-335
IMU1,8721,89938191,-4289,1452,-550,287,567,-532
IMU1,8722,89948335,-4615,1498,-378,434,287,-747
IMU1,8723,89958476,-4957,1577,-249,604,-98,-977
IMU1,8724,89968512,-5274,1625,-40,778,-466,-1215
IMU1,8725,89978751,-5518,1748,247,936,-777,-1461
IMU1,8726,89989114,-5712,2228,455,1080,-1032,-1745
IMU1,8727,89999880,-5598,2532,314,1036,-1399,-2570
IMU1,8728,90010646,-5520,2888,622,786,-1610,-3129
IMU1,8729,90021192,-5455,3211,595,491,-1765,-3736
IMU1,8730,90031741,-5300,3677,616,139,-1772,-4345
IMU1,8731,90042307,-5393,4014,661,-245,-1691,-4871
IMU1,8732,90052950,-5325,4448,878,-624,-1563,-5275
IMU1,8733,90063616,-5493,4863,1027,-960,-1376,-5645
IMU1,8734,90074467,-5913,5342,1085,-1271,-1196,-5971
IMU1,8735,90085542,-6082,6215,1054,-1613,-1070,-6756
IMU1,8736,90096603,-5975,6792,808,-2529,-1397,-7484
IMU1,8737,90107478,-5888,7252,601,-3152,-1872,-8413
IMU1,8738,90118364,-5818,7834,574,-3791,-2143,-9451
IMU1,8739,90129230,-5756,8669,738,-4340,-2124,-10504
IMU1,8740,90140280,-6167,9013,842,-4729,-2073,-11544
IMU1,8741,90151328,-6710,9563,604,-5012,-2316,-12417
IMU1,8742,90162409,-7134,9851,557,-5308,-2650,-13001
IMU1,8743,90173459,-7050,9659,519,-5829,-2500,-12724
IMU1,8744,90184516,-6772,9320,545,-6049,-2364,-12165
IMU1,8745,90195574,-6155,8917,734,-6248,-2581,-11470
IMU1,8746,90206639,-5520,8506,827,-6379,-3040,-10805
IMU1,8747,90217705,-4825,8046,926,-6408,-3465,-10235
IMU1,8748,90228745,-3905,7613,1015,-6281,-3775,-9794
IMU1,8749,90239820,-2856,6779,534,-5684,-4503,-9380
IMU1,8750,90250696,-2607,6350,92,-5493,-5166,-9146
IMU1,8751,90261352,-2509,6027,-575,-5469,-5659,-8743
IMU1,8752,90272314,-2305,5642,-1277,-5616,-5948,-8159
IMU1,8753,90283473,-1972,5216,-1876,-5868,-6032,-7427
IMU1,8754,90294631,-1516,4656,-2331,-6107,-5776,-6600
IMU1,8755,90305788,-1316,4004,-2603,-6213,-4979,-5699
IMU1,8756,90316931,-1765,3096,-2106,-5517,-2161,-3744
IMU1,8757,90328072,-1710,2992,-1967,-4847,-1439,-2830
IMU1,8758,90339209,-1931,2912,-1841,-4081,-1550,-2198
IMU1,8759,90350342,-1883,2826,-2584,-3442,-2158,-1806
IMU1,8760,90361485,-1753,2776,-2508,-2975,-2737,-1618
IMU1,8761,90372630,-1646,2697,-2371,-2527,-2862,-1514
IMU1,8762,90383777,-1259,2457,-2846,-2265,-2228,-1540
IMU1,8763,90394925,-1081,2285,-2848,-1921,-1477,-1585
IMU1,8764,90406060,-1320,2220,-2815,-1764,-868,-1619
IMU1,8765,90416987,-1349,2183,-2872,-1640,-616,-1594
IMU1,8766,90427928,-1363,2044,-2861,-1526,-551,-1531
IMU1,8767,90441424,-1233,1711,-2752,-1390,-504,-1191
IMU1,8768,90452359,-1108,1762,-2490,-944,-517,-985
# swing_peak_seq=8742
IMU1,8769,90462894,-1050,1502,-2640,-642,-564,-827
IMU1,8770,90473412,-1039,1439,-2604,-342,-711,-682
IMU1,8771,90483946,-972,1360,-2719,-84,-873,-528
IMU1,8772,90494074,-897,1370,-2903,101,-959,-387
IMU1,8773,90504322,-920,1280,-3042,193,-879,-274
IMU1,8774,90514550,-882,1226,-2907,236,-657,-162
IMU1,8775,90524790,-932,1111,-2927,308,-405,-59
IMU1,8776,90534835,-968,1036,-2879,406,-230,52
IMU1,8777,90544771,-878,959,-2786,521,-142,166
IMU1,8778,90554715,-903,824,-2725,663,-93,262
IMU1,8779,90564463,-918,756,-2603,823,-78,363
IMU1,8780,90574203,-1002,665,-2516,1003,-93,476
IMU1,8781,90584340,-1085,581,-2404,1199,-124,589
IMU1,8782,90594679,-1086,510,-2178,1410,-171,682
IMU1,8783,90606063,-1180,408,-2111,1871,-160,747
IMU1,8784,90616408,-1336,386,-2090,2106,-91,700
IMU1,8785,90626547,-1484,333,-2068,2286,-18,715
IMU1,8786,90636684,-1581,326,-1887,2452,13,755
IMU1,8787,90646739,-1630,247,-1942,2623,-23,807
IMU1,8788,90656861,-1906,228,-1965,2751,-85,871
IMU1,8789,90667000,-1773,35,-1659,2860,-123,981
IMU1,8790,90677139,-1667,-192,-1785,2999,-197,1068
IMU1,8791,90687774,-1608,-204,-1785,3110,-220,1098
IMU1,8792,90698419,-1549,-247,-1661,3207,-73,1075
IMU1,8793,90708849,-1504,-240,-1702,3305,187,999
IMU1,8794,90719189,-1444,-254,-1546,3374,461,898
IMU1,8795,90729552,-1452,-309,-1425,3442,695,790
IMU1,8796,90740429,-1383,-325,-1098,3557,989,635
IMU1,8797,90750784,-1400,-300,-1047,3628,1132,603
IMU1,8798,90761343,-1216,-299,-938,3705,1196,596
IMU1,8799,90771714,-1248,-208,-908,3788,1167,593
IMU1,8800,90782073,-1230,-181,-917,3865,1094,627
IMU1,8801,90792426,-1220,-157,-944,3926,1011,704
IMU1,8802,90802771,-1177,-111,-943,3965,971,823
IMU1,8803,90812923,-1171,-96,-879,4000,1028,974
IMU1,8804,90823062,-1111,-106,-732,4041,1195,1143
IMU1,8805,90833610,-1009,-107,-551,4105,1440,1319
IMU1,8806,90844142,-909,-83,-387,4206,1663,1472
IMU1,8807,90854289,-834,-67,-219,4337,1796,1591
IMU1,8808,90865488,-760,33,-96,4613,1890,1757
IMU1,8809,90875350,-746,82,-26,4742,1924,1835
IMU1,8810,90885213,-706,130,-29,4862,2041,1903
IMU1,8811,90895251,-821,173,0,4927,2297,1995
IMU1,8812,90904908,-1060,180,113,4933,2678,2154
IMU1,8813,90915267,-1315,175,283,4911,3086,2402
IMU1,8814,90925621,-1552,143,505,4870,3378,2731
IMU1,8815,90935984,-1682,110,689,4833,3458,3093
IMU1,8816,90946340,-1746,104,793,4811,3323,3437
IMU1,8817,90956696,-1712,76,812,4792,3054,3716
IMU1,8818,90966876,-1576,102,729,4759,2786,3895
IMU1,8819,90977246,-1409,150,629,4676,2653,3955
IMU1,8820,90987611,-1329,237,547,4525,2739,3905
IMU1,8821,90997965,-1527,392,575,4310,3011,3793
IMU1,8822,91008346,-1879,446,919,4068,3330,3723
IMU1,8823,91019222,-2241,473,1011,3678,3415,3802
IMU1,8824,91029788,-2187,482,1012,3514,3150,3850
IMU1,8825,91040360,-2091,568,811,3351,2767,3819
IMU1,8826,91050713,-2035,687,565,3157,2410,3743
IMU1,8827,91061090,-2085,795,440,2928,2308,3674
IMU1,8828,91071460,-2387,976,473,2679,2573,3655
IMU1,8829,91081837,-2701,1111,647,2443,3023,3694
IMU1,8830,91092411,-2838,1189,708,2266,3391,3752
IMU1,8831,91102994,-2895,1260,729,2123,3522,3771
IMU1,8832,91113566,-2978,1260,774,1998,3368,3746
IMU1,8833,91124149,-2810,1178,505,1898,2967,3662
IMU1,8834,91134721,-2628,1223,254,1666,2035,3617
IMU1,8835,91145285,-2553,1307,35,1499,1830,3587
IMU1,8836,91155645,-2518,1418,-181,1303,1870,3602
IMU1,8837,91166298,-2538,1563,-327,1086,2049,3668
IMU1,8838,91176961,-2598,1754,-492,870,2281,3761
IMU1,8839,91187406,-2705,1921,-602,646,2487,3880
IMU1,8840,91197847,-2858,2022,-671,439,2656,4029
IMU1,8841,91208296,-3046,2077,-613,265,2835,4208
IMU1,8842,91218745,-3259,2117,-433,177,2982,4404
IMU1,8843,91229188,-3309,2370,-889,157,2977,4580
IMU1,8844,91240687,-3689,2511,-1140,-291,2602,4843
IMU1,8845,91251425,-3956,2391,-334,-417,2429,5014
IMU1,8846,91261985,-3631,2401,-221,-319,2166,5244
IMU1,8847,91272537,-2968,2373,1686,145,1729,5307
IMU1,8848,91283087,-3710,1825,-2224,570,1016,5058
IMU1,8849,91293756,-3869,1961,-1295,372,100,5097
IMU1,8850,91304209,-3063,1862,-830,233,-447,5199
IMU1,8851,91314558,-2521,1704,-287,138,-517,5077
IMU1,8852,91324928,-2383,1479,-453,210,-419,4817
IMU1,8853,91335281,-2343,1389,-734,245,-424,4435
IMU1,8854,91346160,-2462,1376,-872,85,-315,3582
IMU1,8855,91356309,-2299,1151,-831,-113,-100,3203
IMU1,8856,91366747,-1956,1184,-692,-310,27,2766
IMU1,8857,91376890,-1858,1161,-612,-430,-1,2194
IMU1,8858,91386939,-1642,1210,-968,-496,-272,1619
IMU1,8859,91397368,-1504,1419,-1206,-584,-667,1088
IMU1,8860,91408007,-1514,1545,-1241,-648,-961,668
IMU1,8861,91418436,-1537,1616,-1231,-646,-1004,415
IMU1,8862,91429069,-1547,1687,-1166,-586,-818,330
IMU1,8863,91442069,-1416,1794,-1101,-336,-277,428
IMU1,8864,91452513,-1435,1845,-1155,-204,-188,514
IMU1,8865,91462957,-1563,1815,-923,-71,-322,610
IMU1,8866,91473012,-1494,1718,-1138,115,-628,735
IMU1,8867,91483367,-1324,1756,-1179,191,-987,802
IMU1,8868,91493714,-1293,1733,-1485,138,-1136,743
IMU1,8869,91504272,-1251,1702,-1299,9,-1071,666
IMU1,8870,91514426,-1153,1738,-1274,-105,-898,596
IMU1,8871,91524888,-1163,1745,-1277,-203,-696,510
IMU1,8872,91535332,-1156,1695,-1249,-288,-496,408
IMU1,8873,91545782,-1128,1659,-1280,-356,-320,307
IMU1,8874,91556201,-1126,1658,-1036,-393,-202,212
IMU1,8875,91567674,-1139,1678,-1025,-289,-213,34
IMU1,8876,91577922,-1143,1657,-1051,-195,-322,-12
IMU1,8877,91588251,-1097,1679,-1066,-110,-428,-47
IMU1,8878,91598580,-1005,1659,-1091,-22,-509,-93
IMU1,8879,91608712,-954,1671,-1092,42,-587,-136
IMU1,8880,91618763,-928,1684,-1101,97,-628,-179
IMU1,8881,91628806,-916,1688,-1072,141,-592,-205
IMU1,8882,91639036,-936,1705,-1042,174,-483,-216
IMU1,8883,91649284,-895,1692,-1044,210,-345,-221
IMU1,8884,91659499,-949,1733,-1119,209,-218,-237
IMU1,8885,91669750,-864,1642,-1065,185,-104,-258
IMU1,8886,91679982,-978,1689,-963,150,-33,-282
IMU1,8887,91689831,-989,1651,-945,141,-22,-298
IMU1,8888,91699667,-1035,1666,-834,159,-85,-306
IMU1,8889,91709705,-1044,1668,-825,198,-184,-299
IMU1,8890,91719937,-1055,1697,-870,243,-283,-287
IMU1,8891,91731221,-1040,1664,-935,264,-340,-288
IMU1,8892,91741457,-1049,1638,-951,223,-287,-305
IMU1,8893,91751708,-1039,1591,-932,163,-249,-335
IMU1,8894,91761932,-1032,1607,-908,117,-253,-381
IMU1,8895,91772149,-1034,1642,-918,89,-315,-444
IMU1,8896,91782184,-1075,1668,-942,77,-404,-502
IMU1,8897,91792216,-1125,1683,-966,69,-473,-530
IMU1,8898,91802238,-1179,1706,-978,74,-538,-535
IMU1,8899,91812277,-1203,1715,-970,90,-642,-517
IMU1,8900,91822306,-1212,1722,-987,119,-762,-486
IMU1,8901,91832544,-1258,1773,-970,157,-857,-452
IMU1,8902,91842782,-1325,1818,-949,211,-894,-416
IMU1,8903,91853010,-1484,1890,-918,273,-861,-384
IMU1,8904,91863242,-1738,1875,-809,340,-805,-342
IMU1,8905,91873467,-1952,1883,-675,408,-786,-289
IMU1,8906,91883699,-2474,1908,-482,486,-831,-264
IMU1,8907,91894453,-2747,1886,-392,593,-942,-286
IMU1,8908,91904698,-2957,1964,-317,601,-943,-337
IMU1,8909,91914940,-3221,1985,-179,587,-943,-446
IMU1,8910,91925174,-3540,1969,34,552,-929,-584
IMU1,8911,91935126,-3873,1992,300,524,-900,-741
IMU1,8912,91945286,-4207,2054,605,505,-910,-906
IMU1,8913,91955439,-4510,2174,915,512,-941,-1104
IMU1,8914,91965800,-4835,2322,1133,511,-895,-1333
IMU1,8915,91976351,-4994,2483,1073,437,-781,-1614
IMU1,8916,91986903,-4980,2700,1212,227,-790,-2001
IMU1,8917,91997463,-4893,2921,1375,-66,-971,-2513
IMU1,8918,92007915,-4724,3158,1554,-374,-1175,-3089
IMU1,8919,92018783,-4289,3848,1353,-1005,-1319,-4244
IMU1,8920,92029825,-4124,4156,1392,-1332,-1149,-4726
IMU1,8921,92040885,-4082,4517,1409,-1614,-758,-5114
IMU1,8922,92051734,-4086,4865,1340,-1846,-280,-5426
IMU1,8923,92062583,-4175,5220,1190,-2088,112,-5698
IMU1,8924,92073337,-4420,5733,1061,-2384,368,-5989
IMU1,8925,92084113,-4774,6317,1169,-2745,543,-6318
IMU1,8926,92094894,-4951,6917,1711,-3137,783,-6722
IMU1,8927,92106190,-4489,7569,2140,-3934,1318,-8260
IMU1,8928,92117164,-4234,7980,2813,-4258,1263,-9582
IMU1,8929,92128154,-5031,8576,2735,-4460,850,-11181
IMU1,8930,92139135,-6194,9313,2344,-4730,-66,-12553
IMU1,8931,92150039,-6956,10163,1790,-5163,-1251,-13481
IMU1,8932,92161515,-7219,10646,1521,-5759,-2270,-13973
IMU1,8933,92172958,-7360,10422,639,-7079,-2790,-13806
IMU1,8934,92184199,-7072,9964,522,-7713,-2552,-13265
IMU1,8935,92195258,-6810,9363,658,-8165,-2181,-12598
IMU1,8936,92206308,-6234,8984,758,-8351,-1930,-11946
IMU1,8937,92217370,-5730,8382,868,-8279,-1892,-11431
IMU1,8938,92228435,-5299,7950,1089,-7974,-1938,-11041
IMU1,8939,92239693,-4432,7403,1199,-7409,-2016,-10570
IMU1,8940,92250951,-4340,7246,612,-5847,-2633,-10414
IMU1,8941,92261997,-4036,7058,12,-5299,-3333,-10141
IMU1,8942,92272856,-3501,6867,-584,-5010,-4048,-9753
IMU1,8943,92283808,-2947,6463,-1248,-4889,-4439,-9283
IMU1,8944,92294951,-2261,6006,-1840,-4883,-4436,-8728
IMU1,8945,92306098,-1653,5446,-2023,-4909,-4029,-8127
IMU1,8946,92317227,-1382,4617,-2707,-4721,-2000,-6710
IMU1,8947,92328382,-1574,4389,-2795,-4426,-987,-5849
IMU1,8948,92339330,-1677,4120,-2546,-3891,-399,-4961
IMU1,8949,92350272,-1968,3913,-2776,-3340,-330,-4050
IMU1,8950,92361223,-1360,3867,-2401,-2776,-698,-3115
IMU1,8951,92372171,-1021,3569,-2351,-2191,-889,-2569
IMU1,8952,92383107,-1210,3271,-2243,-1449,-857,-1966
IMU1,8953,92394048,-1093,2796,-2068,-336,-1059,-1798
IMU1,8954,92404990,-1031,2579,-2165,123,-999,-1612
IMU1,8955,92415625,-898,2565,-2573,420,-1061,-1536
IMU1,8956,92426264,-848,2291,-2850,513,-1092,-1512
IMU1,8957,92436899,-1114,2371,-3285,397,-972,-1444
IMU1,8958,92450094,-1032,2084,-3129,159,-697,-1271
IMU1,8959,92460735,-868,1970,-3364,-65,-440,-995
# swing_peak_seq=8933
IMU1,8960,92471397,-830,1724,-3304,-422,14,-431
IMU1,8961,92481423,-740,1863,-3046,-464,154,-160
IMU1,8962,92491643,-712,1640,-2955,-379,142,89
IMU1,8963,92501570,-700,1547,-2929,-191,-36,324
IMU1,8964,92511602,-535,1447,-2773,70,-260,540
IMU1,8965,92521544,-486,1317,-2742,414,-460,692
IMU1,8966,92531675,-480,1159,-2799,778,-705,821
IMU1,8967,92541818,-398,1047,-2864,1107,-972,947
IMU1,8968,92552167,-402,949,-2846,1397,-1147,1050
IMU1,8969,92562699,-510,873,-2899,1650,-1200,1146
IMU1,8970,92573238,-619,834,-3019,1845,-1223,1259
IMU1,8971,92583780,-724,816,-3151,1952,-1204,1371
IMU1,8972,92594318,-824,736,-3159,1975,-1060,1466
IMU1,8973,92604867,-912,514,-2979,1957,-801,1542
IMU1,8974,92615729,-942,393,-2829,1920,-233,1615
IMU1,8975,92626061,-1018,279,-2642,1946,-27,1621
IMU1,8976,92636381,-1129,238,-2473,2009,122,1645
IMU1,8977,92646818,-1282,190,-2318,2112,231,1673
IMU1,8978,92657253,-1434,124,-2104,2254,261,1709
IMU1,8979,92667695,-1518,122,-1996,2438,208,1748
IMU1,8980,92678143,-1582,106,-1981,2636,98,1754
IMU1,8981,92688388,-1632,65,-1914,2818,-35,1727
IMU1,8982,92698521,-1588,45,-1823,2989,-148,1673
IMU1,8983,92708857,-1539,31,-1760,3163,-213,1580
IMU1,8984,92719204,-1527,17,-1722,3329,-207,1461
IMU1,8985,92729541,-1593,-64,-1385,3480,-138,1343
IMU1,8986,92741030,-1621,-141,-1259,3794,9,1204
IMU1,8987,92751175,-1638,-159,-1088,3949,10,1126
IMU1,8988,92761520,-1646,-156,-1049,4103,-37,1031
IMU1,8989,92771958,-1641,-166,-981,4211,-96,945
IMU1,8990,92781998,-1647,-155,-971,4280,-141,866
IMU1,8991,92792237,-1624,-179,-869,4319,-180,806
IMU1,8992,92802475,-1544,-197,-837,4335,-197,756
IMU1,8993,92812705,-1415,-200,-839,4335,-188,701
IMU1,8994,92822941,-1362,-167,-721,4329,-132,636
IMU1,8995,92833169,-1287,-198,-672,4333,-43,590
IMU1,8996,92843195,-1195,-181,-618,4349,72,559
IMU1,8997,92853153,-1110,-165,-525,4377,210,536
IMU1,8998,92863296,-1048,-163,-391,4434,340,522
IMU1,8999,92873437,-1027,-143,-286,4517,458,514
IMU1,9000,92883585,-1021,-134,-71,4624,570,520
IMU1,9001,92894566,-901,-112,-7,4864,769,551
IMU1,9002,92904117,-848,-89,56,4977,846,539
IMU1,9003,92914075,-867,-51,114,5087,929,521
IMU1,9004,92923731,-950,-36,135,5181,1049,534
IMU1,9005,92933586,-1063,-7,252,5263,1213,594
IMU1,9006,92943437,-1140,-16,364,5339,1380,704
IMU1,9007,92953483,-1225,7,511,5421,1508,837
IMU1,9008,92963257,-1183,6,654,5498,1562,976
IMU1,9009,92973011,-1124,-3,744,5598,1545,1098
IMU1,9010,92983074,-1070,16,874,5720,1490,1185
IMU1,9011,92993229,-1098,69,1097,5876,1422,1238
IMU1,9012,93003587,-1119,77,1245,6082,1343,1266
IMU1,9013,93013950,-1060,120,1287,6304,1220,1235
IMU1,9014,93024512,-1066,135,1280,6499,1074,1169
IMU1,9015,93035055,-1074,155,1243,6641,932,1096
IMU1,9016,93045423,-1097,225,1191,6708,833,1011
IMU1,9017,93055792,-1165,296,1125,6710,791,944
IMU1,9018,93065984,-1106,425,1081,6667,786,907
IMU1,9019,93076141,-938,728,933,6572,836,860
IMU1,9020,93086945,-1061,891,1055,6170,1414,706
IMU1,9021,93097303,-1252,1028,1254,5944,1749,655
IMU1,9022,93107863,-1485,1106,1438,5744,1869,655
IMU1,9023,93118423,-1696,1173,1567,5592,1781,707
IMU1,9024,93128995,-1883,1262,1591,5468,1570,791
IMU1,9025,93139567,-1893,1298,1607,5366,1290,875
IMU1,9026,93150109,-1909,1381,1397,5273,1093,929
IMU1,9027,93160677,-1854,1545,1188,5122,1131,954
IMU1,9028,93171243,-1797,1696,1127,4906,1418,941
IMU1,9029,93181800,-1818,1926,1270,4668,1840,880
IMU1,9030,93192888,-2085,2006,1289,4230,2358,666
IMU1,9031,93203432,-2125,2060,1208,4043,2375,542
IMU1,9032,93213991,-2163,2111,1017,3848,2387,415
IMU1,9033,93224557,-2166,2186,761,3613,2533,314
IMU1,9034,93234934,-2183,2340,588,3332,2865,230
IMU1,9035,93245309,-2287,2470,606,3036,3307,165
IMU1,9036,93255678,-2432,2568,605,2762,3709,127
IMU1,9037,93266044,-2591,2613,667,2521,3983,131
IMU1,9038,93276395,-2833,2606,806,2335,4105,159
IMU1,9039,93286759,-3055,2533,1014,2206,4065,288
IMU1,9040,93297315,-3092,2361,1180,2153,3865,495
IMU1,9041,93308403,-3008,2223,1213,2139,3162,942
IMU1,9042,93318979,-2893,2130,1210,2127,2805,1128
IMU1,9043,93329732,-2751,1987,1141,2097,2449,1251
IMU1,9044,93340493,-2619,1845,988,2020,2090,1328
IMU1,9045,93351037,-2484,1729,824,1871,1797,1363
IMU1,9046,93361598,-2402,1630,635,1644,1616,1367
IMU1,9047,93372152,-2327,1560,440,1352,1508,1359
IMU1,9048,93382728,-2232,1502,258,1019,1428,1343
IMU1,9049,93393292,-2223,1366,71,678,1403,1325
IMU1,9050,93404474,-2258,1285,-33,51,1592,1317
IMU1,9051,93414519,-2379,1208,-22,-214,1652,1285
IMU1,9052,93424847,-2348,1133,13,-400,1628,1317
IMU1,9053,93435084,-2256,1147,108,-503,1507,1301
IMU1,9054,93445535,-2253,1098,210,-487,1329,1198
IMU1,9055,93458524,-2468,1036,104,-378,1163,1131
IMU1,9056,93468969,-2502,1034,3,-252,990,1121
IMU1,9057,93478814,-2488,975,-31,-142,824,1092
IMU1,9058,93488747,-2462,1010,1,-34,687,1034
IMU1,9059,93498391,-2419,1023,-78,64,516,937
IMU1,9060,93508048,-2286,1000,-108,152,253,815
IMU1,9061,93518080,-2159,1005,-100,223,-22,663
IMU1,9062,93529569,-2193,1016,-622,247,-328,381
IMU1,9063,93539724,-2007,1105,-596,147,-273,317
IMU1,9064,93549880,-1938,1108,-584,50,-58,238
IMU1,9065,93559633,-1894,1101,-457,-25,203,161
IMU1,9066,93569579,-1956,1111,-458,-58,379,81
IMU1,9067,93579327,-1997,1088,-403,-81,415,14
IMU1,9068,93589067,-1909,1092,-522,-86,356,-22
IMU1,9069,93598913,-2006,1087,-494,-93,286,-68
IMU1,9070,93608746,-1913,1084,-421,-91,200,-84
IMU1,9071,93618581,-1903,1117,-397,-52,83,-91
IMU1,9072,93628229,-1791,1120,-420,20,-44,-107
IMU1,9073,93638059,-1747,1173,-541,82,-136,-138
IMU1,9074,93648103,-1750,1160,-609,115,-133,-169
IMU1,9075,93658331,-1763,1153,-620,126,-41,-173
IMU1,9076,93668366,-1741,1154,-605,128,56,-159
IMU1,9077,93678318,-1722,1147,-560,139,87,-148
IMU1,9078,93688268,-1706,1136,-499,163,50,-146
IMU1,9079,93698210,-1681,1124,-479,199,-9,-148
IMU1,9080,93708041,-1654,1121,-508,240,-71,-159
IMU1,9081,93718075,-1656,1121,-529,274,-133,-177
IMU1,9082,93728305,-1647,1117,-604,302,-183,-202
IMU1,9083,93738533,-1647,1163,-710,295,-202,-229
IMU1,9084,93748767,-1632,1188,-736,248,-187,-241
IMU1,9085,93758997,-1553,1174,-771,191,-120,-246
IMU1,9086,93769767,-1550,1156,-758,52,64,-227
IMU1,9087,93779512,-1558,1154,-742,-2,133,-196
IMU1,9088,93789361,-1586,1160,-666,-25,167,-161
IMU1,9089,93799394,-1647,1172,-593,-23,170,-108
IMU1,9090,93809418,-1674,1182,-559,27,123,-40
IMU1,9091,93819158,-1687,1190,-581,79,21,27
IMU1,9092,93828611,-1671,1148,-596,132,-83,70
IMU1,9093,93838359,-1623,1115,-648,172,-159,91
IMU1,9094,93848307,-1587,1101,-733,179,-201,81
IMU1,9095,93858259,-1566,1086,-805,162,-210,52
IMU1,9096,93868195,-1529,1079,-852,117,-173,23
IMU1,9097,93878140,-1531,1100,-879,55,-91,-8
IMU1,9098,93887598,-1596,1134,-816,2,-12,-28
IMU1,9099,93897055,-1668,1114,-719,-13,52,-27
IMU1,9100,93906701,-1738,1113,-641,10,87,-2
IMU1,9101,93916053,-1813,1142,-550,78,75,33
IMU1,9102,93925527,-1943,1141,-436,183,21,75
IMU1,9103,93935181,-2137,1156,-328,306,-69,145
IMU1,9104,93945147,-2313,1167,-214,443,-196,236
IMU1,9105,93955309,-2486,1165,-183,582,-343,342
IMU1,9106,93965455,-2679,1186,-139,704,-460,445
IMU1,9107,93975604,-2836,1176,-87,797,-499,536
IMU1,9108,93985571,-2978,1161,-15,859,-437,586
IMU1,9109,93995533,-3120,1156,121,893,-308,574
IMU1,9110,94005608,-3370,1156,306,901,-147,496
IMU1,9111,94015665,-3690,1154,438,876,33,364
IMU1,9112,94025447,-3973,1225,623,796,196,193
IMU1,9113,94035426,-4174,1354,992,684,304,-28
IMU1,9114,94045291,-4409,1456,1446,601,301,-331
IMU1,9115,94055549,-4633,1628,1996,591,166,-695
IMU1,9116,94065815,-4862,1888,2577,662,-62,-1103
IMU1,9117,94076174,-5112,2425,3442,807,-319,-1539
IMU1,9118,94087273,-5235,2835,3478,939,-979,-2464
IMU1,9119,94097840,-5066,3392,3136,691,-1589,-3014
IMU1,9120,94108625,-4782,3922,2811,140,-2221,-3563
IMU1,9121,94119395,-4500,4396,2368,-658,-2551,-4026
IMU1,9122,94130265,-4220,4833,1722,-1639,-2537,-4370
IMU1,9123,94141327,-4033,5113,1323,-2729,-2183,-4620
IMU1,9124,94152402,-4150,5307,1116,-3782,-1570,-4815
IMU1,9125,94163473,-4811,5658,1236,-5318,-1089,-5076
IMU1,9126,94174544,-5301,5969,1381,-5760,-1333,-5182
IMU1,9127,94185611,-5765,6325,1365,-6064,-1907,-5344
IMU1,9128,94196684,-6086,6880,1067,-6354,-2832,-5605
IMU1,9129,94207761,-6180,7573,580,-6742,-3961,-6013
IMU1,9130,94218669,-6077,8137,-176,-7318,-4894,-6514
IMU1,9131,94229624,-6015,8962,-712,-8127,-5330,-7003
IMU1,9132,94240584,-5259,9212,-942,-9863,-4027,-8078
IMU1,9133,94251538,-5491,8836,-975,-10488,-2890,-8529
IMU1,9134,94262683,-5546,8403,-712,-10954,-1992,-8782
IMU1,9135,94273847,-5447,7971,-219,-11208,-1621,-8878
IMU1,9136,94284996,-5348,7607,114,-11207,-1677,-8802
IMU1,9137,94296046,-4944,7250,446,-11023,-2018,-8547
IMU1,9138,94307109,-3512,6790,811,-10686,-2599,-8223
IMU1,9139,94318184,-2964,6417,780,-9581,-4013,-7554
IMU1,9140,94329063,-2614,6013,570,-8947,-4306,-7117
IMU1,9141,94339949,-2347,5668,196,-8343,-4401,-6577
IMU1,9142,94350810,-1999,5358,-226,-7825,-4413,-5921
IMU1,9143,94361783,-1754,5060,-541,-7385,-4381,-5192
IMU1,9144,94372751,-1642,4743,-886,-6994,-4297,-4379
IMU1,9145,94383706,-1681,4439,-1613,-6663,-4157,-3462
IMU1,9146,94394853,-1574,3978,-1994,-6261,-3650,-1502
IMU1,9147,94406025,-1585,3741,-2222,-6258,-3289,-697
IMU1,9148,94416975,-1584,3544,-2412,-6334,-2844,-80
IMU1,9149,94427711,-1490,3359,-2525,-6452,-2312,336
IMU1,9150,94438561,-1358,3181,-2575,-6536,-1701,529
IMU1,9151,94449396,-1352,2977,-2467,-6490,-988,536
IMU1,9152,94462599,-1216,2580,-1960,-5773,347,317
IMU1,9153,94473151,-1111,2408,-1709,-5070,677,159
IMU1,9154,94483708,-1018,2379,-1598,-4201,638,-15
IMU1,9155,94494160,-852,2234,-1569,-3289,281,-206
IMU1,9156,94504602,-783,2079,-1632,-2414,-222,-434
IMU1,9157,94515142,-765,1975,-1724,-1645,-704,-673
IMU1,9158,94525695,-918,1999,-1863,-1006,-1019,-897
IMU1,9159,94536432,-1095,1990,-2071,-519,-1092,-1066
IMU1,9160,94547369,-1227,1904,-2259,-184,-1008,-1166
IMU1,9161,94558296,-1456,1805,-2308,176,-708,-1178
# swing_peak_seq=9135
IMU1,9162,94568947,-1583,1673,-2256,275,-555,-1083
IMU1,9163,94579593,-1576,1513,-2227,355,-433,-928
IMU1,9164,94590049,-1682,1342,-2166,433,-376,-739
IMU1,9165,94600495,-1634,1105,-2191,504,-367,-516
IMU1,9166,94610936,-1668,978,-2065,574,-430,-298
IMU1,9167,94621185,-1701,805,-2153,661,-521,-100
IMU1,9168,94631417,-1531,683,-2006,731,-555,84
IMU1,9169,94641365,-1404,583,-1923,827,-495,208
IMU1,9170,94651498,-1370,484,-2058,930,-393,243
IMU1,9171,94661651,-1437,348,-2025,1003,-327,229
IMU1,9172,94671990,-1420,261,-1958,1049,-303,210
IMU1,9173,94682349,-1361,85,-1840,1115,-316,104
IMU1,9174,94693018,-1330,18,-1853,1306,-537,14
IMU1,9175,94702972,-1304,-53,-1840,1417,-713,-83
IMU1,9176,94713114,-1321,-149,-1829,1524,-825,-167
IMU1,9177,94723657,-1392,-236,-1855,1623,-822,-218
IMU1,9178,94734173,-1448,-320,-1914,1694,-741,-218
IMU1,9179,94744699,-1473,-327,-1866,1725,-601,-177
IMU1,9180,94755225,-1499,-345,-1819,1757,-436,-128
IMU1,9181,94765752,-1541,-385,-1763,1790,-316,-84
IMU1,9182,94776095,-1538,-398,-1677,1825,-267,-51
IMU1,9183,94786432,-1586,-422,-1620,1866,-268,-46
IMU1,9184,94796759,-1574,-409,-1537,1903,-325,-58
IMU1,9185,94807113,-1553,-438,-1490,1925,-429,-95
IMU1,9186,94817970,-1519,-452,-1423,1941,-545,-225
IMU1,9187,94828511,-1512,-457,-1436,1932,-496,-285
IMU1,9188,94839049,-1469,-486,-1462,1915,-417,-339
IMU1,9189,94849580,-1487,-484,-1407,1872,-342,-379
IMU1,9190,94860110,-1506,-472,-1322,1826,-285,-391
IMU1,9191,94870659,-1494,-476,-1328,1803,-239,-385
IMU1,9192,94881198,-1476,-503,-1345,1771,-209,-375
IMU1,9193,94891732,-1490,-556,-1341,1724,-166,-376
IMU1,9194,94902269,-1485,-572,-1303,1676,-115,-381
IMU1,9195,94912809,-1362,-573,-1276,1646,-76,-394
IMU1,9196,94923664,-1235,-594,-1425,1595,53,-540
IMU1,9197,94933932,-1284,-733,-1451,1521,174,-614
IMU1,9198,94944379,-1306,-714,-1298,1451,319,-618
IMU1,9199,94954831,-1341,-695,-1242,1411,445,-569
IMU1,9200,94965285,-1393,-784,-1173,1404,476,-487
IMU1,9201,94975733,-1388,-797,-1145,1422,385,-383
IMU1,9202,94986200,-1304,-795,-1129,1453,251,-309
IMU1,9203,94996650,-1242,-884,-1190,1485,183,-305
IMU1,9204,95007093,-1183,-949,-1218,1497,186,-362
IMU1,9205,95017545,-1024,-903,-1337,1486,217,-495
IMU1,9206,95027995,-1311,-1023,-1242,1455,299,-650
IMU1,9207,95039142,-1113,-959,-1287,1461,553,-681
IMU1,9208,95049590,-1069,-956,-1293,1455,646,-742
IMU1,9209,95060025,-1225,-1094,-1265,1448,728,-766
IMU1,9210,95070656,-1064,-1017,-1325,1421,791,-711
IMU1,9211,95081303,-1094,-1099,-1276,1386,846,-708
IMU1,9212,95091942,-992,-1063,-1256,1358,926,-706
IMU1,9213,95102390,-956,-1092,-1205,1344,1012,-741
IMU1,9214,95113052,-999,-1187,-1150,1349,1061,-791
IMU1,9215,95123703,-1101,-1251,-1063,1383,1071,-806
IMU1,9216,95134544,-1232,-1408,-979,1441,949,-675
IMU1,9217,95144992,-1119,-1351,-945,1635,819,-607
IMU1,9218,95155437,-1075,-1413,-950,1734,677,-579
IMU1,9219,95165889,-1042,-1455,-988,1804,590,-580
IMU1,9220,95176337,-879,-1384,-1077,1832,567,-600
IMU1,9221,95186787,-935,-1514,-1040,1810,631,-659
IMU1,9222,95197249,-864,-1455,-997,1776,776,-702
IMU1,9223,95207502,-845,-1495,-967,1736,899,-767
IMU1,9224,95217746,-943,-1561,-878,1683,952,-829
IMU1,9225,95227999,-1008,-1621,-743,1639,928,-811
IMU1,9226,95238447,-908,-1577,-726,1627,831,-785
IMU1,9227,95248677,-924,-1717,-650,1623,731,-771
IMU1,9228,95258909,-845,-1694,-537,1643,684,-756
IMU1,9229,95270178,-742,-1697,-556,1714,554,-786
IMU1,9230,95280439,-710,-1722,-552,1711,501,-801
IMU1,9231,95290683,-708,-1720,-523,1684,495,-801
IMU1,9232,95300917,-759,-1765,-525,1636,521,-778
IMU1,9233,95311164,-771,-1789,-520,1572,535,-727
IMU1,9234,95321429,-754,-1815,-466,1495,540,-676
IMU1,9235,95331692,-691,-1821,-424,1428,548,-647
IMU1,9236,95341944,-656,-1832,-386,1364,549,-651
IMU1,9237,95352195,-670,-1891,-357,1304,513,-681
IMU1,9238,95362452,-653,-1876,-383,1239,457,-716
IMU1,9239,95372694,-662,-1915,-344,1167,416,-748
IMU1,9240,95382945,-567,-1829,-389,1086,392,-788
IMU1,9241,95393197,-734,-2019,-362,993,383,-841
IMU1,9242,95403244,-507,-1704,-403,893,384,-861
IMU1,9243,95414320,-565,-1692,-445,698,583,-902
IMU1,9244,95424368,-346,-1747,-432,618,687,-901
IMU1,9245,95434410,-440,-1746,-453,532,779,-909
IMU1,9246,95444464,-405,-1896,-442,441,856,-855
IMU1,9247,95454500,-478,-1940,-378,364,913,-770
IMU1,9248,95467110,-380,-1816,-354,331,899,-670
IMU1,9249,95477163,-380,-1908,-319,330,830,-606
IMU1,9250,95487222,-330,-1732,-295,362,731,-541
IMU1,9251,95497278,-245,-1853,-265,410,617,-460
IMU1,9252,95507327,-217,-1804,-244,467,539,-383
IMU1,9253,95517370,-186,-1869,-173,531,501,-298
IMU1,9254,95527425,-158,-1743,-132,613,468,-217
IMU1,9255,95537472,-184,-1880,-86,701,416,-144
IMU1,9256,95547319,-185,-1808,-123,785,332,-84
IMU1,9257,95558720,-183,-1749,-174,892,170,-66
IMU1,9258,95568556,-124,-1907,-158,901,158,-67
IMU1,9259,95578409,-155,-1876,-157,886,173,-63
IMU1,9260,95588253,-80,-1927,-187,847,199,-63
IMU1,9261,95597893,-80,-1949,-135,795,237,-65
IMU1,9262,95607555,-94,-1882,-92,750,293,-103
IMU1,9263,95617210,-130,-1923,-27,726,348,-162
IMU1,9264,95627043,-177,-1902,47,721,392,-205
IMU1,9265,95636796,-191,-1859,118,737,401,-245
IMU1,9266,95646754,-214,-1837,163,773,361,-289
IMU1,9267,95656702,-272,-1726,184,812,290,-321
IMU1,9268,95666652,-349,-1706,228,847,221,-325
IMU1,9269,95676602,-319,-1799,304,879,131,-286
IMU1,9270,95686575,-310,-1858,227,907,14,-222
IMU1,9271,95696319,-222,-1870,219,908,-81,-137
IMU1,9272,95706162,-171,-1901,222,897,-103,-124
IMU1,9273,95716199,-169,-1912,171,881,-48,-117
IMU1,9274,95726041,-179,-1887,182,853,53,-96
IMU1,9275,95735592,-200,-1807,214,828,161,-70
IMU1,9276,95745348,-153,-1884,207,808,249,-43
IMU1,9277,95755080,-258,-1561,371,788,295,-21
IMU1,9278,95764839,-250,-1581,439,790,288,74
IMU1,9279,95774495,-47,-1768,392,812,186,123
IMU1,9280,95784144,-165,-1725,245,803,80,130
IMU1,9281,95793779,-110,-1481,345,744,64,202
IMU1,9282,95803431,11,-1637,470,698,135,296
IMU1,9283,95812992,-14,-1669,423,678,185,340
IMU1,9284,95822637,-80,-1653,253,642,200,386
IMU1,9285,95832284,-143,-1692,105,549,261,444
IMU1,9286,95842137,-125,-1696,54,419,433,482
IMU1,9287,95851783,-179,-1346,466,314,667,475
IMU1,9288,95861630,-262,-1991,103,285,824,456
IMU1,9289,95871478,-463,-1376,299,235,826,464
IMU1,9290,95881338,-264,-1575,468,237,751,501
IMU1,9291,95891201,-425,-1664,269,261,717,529
IMU1,9292,95901042,-393,-1706,-101,245,741,609
IMU1,9293,95910990,-457,-1721,-212,143,878,703
IMU1,9294,95920946,-501,-1844,-418,-12,1169,799
IMU1,9295,95930997,-535,-1847,-532,-206,1523,871
IMU1,9296,95941249,-650,-1946,-601,-428,1872,891
IMU1,9297,95951496,-708,-1963,-468,-650,2176,840
IMU1,9298,95962788,-867,-1945,-497,-876,2508,576
IMU1,9299,95973049,-898,-1909,-481,-882,2611,433
IMU1,9300,95983302,-952,-1900,-465,-792,2753,327
IMU1,9301,95993583,-941,-1838,-502,-647,2923,280
IMU1,9302,96003857,-961,-1778,-614,-485,3078,261
IMU1,9303,96014084,-959,-1716,-742,-355,3163,278
IMU1,9304,96024320,-930,-1601,-776,-272,3210,329
IMU1,9305,96034538,-803,-1517,-829,-219,3287,391
IMU1,9306,96044768,-688,-1422,-886,-213,3445,449
IMU1,9307,96055002,-879,-1242,-554,-245,3684,504
IMU1,9308,96065238,-1114,-1112,261,-152,3918,649
IMU1,9309,96075584,-733,-1242,-401,107,3945,881
IMU1,9310,96085722,-1140,-1164,-601,187,3684,1078
IMU1,9311,96096266,-841,-980,-200,189,3263,1652
IMU1,9312,96106906,-813,-927,-278,233,3328,1909
IMU1,9313,96117053,-848,-842,-309,274,3302,2166
IMU1,9314,96127199,-721,-792,-419,296,3049,2399
IMU1,9315,96137375,-766,-828,-541,263,2673,2580
IMU1,9316,96147520,-1013,-757,-560,177,2386,2769
IMU1,9317,96157871,-951,-671,-474,62,2344,2952
IMU1,9318,96167839,-985,-548,-424,-42,2511,3073
IMU1,9319,96177893,-1038,-460,-352,-124,2767,3151
IMU1,9320,96188343,-1032,-382,-376,-173,2998,3202
IMU1,9321,96198780,-1146,-359,-395,-213,3114,3245
IMU1,9322,96209228,-1401,-345,-403,-258,3066,3315
IMU1,9323,96219666,-1607,-299,-435,-312,2850,3448
IMU1,9324,96230111,-1785,-233,-455,-383,2543,3635
IMU1,9325,96241615,-2244,-215,-253,-486,1996,4118
IMU1,9326,96252053,-2391,-218,-194,-458,1788,4375
IMU1,9327,96262515,-2480,-240,-169,-382,1552,4586
IMU1,9328,96272940,-2457,-226,-213,-259,1249,4743
IMU1,9329,96283378,-2448,-215,-330,-110,878,4810
IMU1,9330,96293608,-2505,-228,-451,43,449,4805
IMU1,9331,96303548,-2584,-249,-495,184,4,4760
IMU1,9332,96313296,-2705,-237,-489,330,-315,4700
IMU1,9333,96323549,-2794,-160,-401,492,-396,4631
IMU1,9334,96333787,-2864,-44,-338,662,-288,4532
IMU1,9335,96343824,-2876,1,-368,822,-160,4392
IMU1,9336,96353572,-2966,-18,-531,927,-147,4229
IMU1,9337,96363615,-2920,91,-530,949,-225,4076
IMU1,9338,96373557,-2840,137,-619,920,-274,3932
IMU1,9339,96383718,-2810,194,-586,842,-209,3794
IMU1,9340,96393876,-2774,482,-668,751,-24,3665
IMU1,9341,96404866,-2700,608,-729,495,623,3379
IMU1,9342,96414914,-2733,676,-717,355,960,3235
IMU1,9343,96424966,-2766,695,-732,223,1241,3104
IMU1,9344,96435212,-2820,742,-735,106,1422,3000
IMU1,9345,96445458,-2846,840,-758,18,1487,2920
IMU1,9346,96455506,-2867,943,-759,-61,1475,2850
IMU1,9347,96468236,-2912,959,-716,-112,1417,2801
IMU1,9348,96478591,-2951,948,-671,-138,1319,2786
IMU1,9349,96488953,-2961,938,-658,-143,1167,2801
IMU1,9350,96499303,-2927,956,-680,-129,962,2831
IMU1,9351,96509451,-2686,951,-758,-110,723,2846
IMU1,9352,96520128,-2529,905,-801,-81,265,2783
IMU1,9353,96530070,-2398,896,-874,-88,79,2690
IMU1,9354,96539829,-2242,877,-982,-105,-72,2561
IMU1,9355,96549874,-2107,906,-1100,-160,-173,2411
IMU1,9356,96560320,-2006,959,-1164,-221,-218,2242
IMU1,9357,96570763,-1929,965,-1181,-288,-211,2074
IMU1,9358,96581209,-1856,989,-1188,-329,-174,1918
IMU1,9359,96591655,-1799,1003,-1217,-342,-140,1776
IMU1,9360,96602300,-1805,1026,-1211,-326,-131,1655
IMU1,9361,96612935,-1821,1007,-1212,-277,-121,1569
IMU1,9362,96623584,-1844,985,-1209,-208,-106,1511
IMU1,9363,96634036,-1819,1000,-1193,-135,-106,1463
IMU1,9364,96645204,-1688,1066,-1092,37,-201,1297
IMU1,9365,96655526,-1605,1103,-1121,145,-349,1185
IMU1,9366,96666068,-1581,1105,-1139,247,-516,1046
IMU1,9367,96676599,-1559,1108,-1133,336,-628,931
IMU1,9368,96686950,-1532,1154,-1128,413,-655,827
IMU1,9369,96697289,-1526,1224,-1131,474,-628,735
IMU1,9370,96707639,-1514,1284,-1096,524,-585,658
IMU1,9371,96717980,-1535,1297,-1037,566,-549,596
IMU1,9372,96728333,-1487,1297,-1012,595,-528,544
IMU1,9373,96738673,-1470,1306,-1012,610,-545,488
IMU1,9374,96749020,-1459,1297,-990,594,-601,440
IMU1,9375,96759165,-1413,1289,-1018,557,-670,396
IMU1,9376,96770558,-1439,1341,-992,435,-724,367
IMU1,9377,96780707,-1433,1403,-970,384,-685,384
IMU1,9378,96790861,-1436,1431,-968,342,-595,380
IMU1,9379,96801017,-1483,1450,-979,308,-478,379
IMU1,9380,96811158,-1498,1425,-992,266,-375,398
IMU1,9381,96821315,-1511,1386,-969,214,-310,416
IMU1,9382,96831463,-1477,1339,-960,178,-295,426
IMU1,9383,96841604,-1483,1318,-932,155,-325,426
IMU1,9384,96851735,-1497,1326,-901,153,-394,418
IMU1,9385,96861882,-1519,1350,-904,174,-479,419
IMU1,9386,96872036,-1579,1350,-899,208,-530,426
IMU1,9387,96882175,-1612,1314,-890,254,-520,445
IMU1,9388,96892310,-1615,1269,-917,282,-480,455
IMU1,9389,96902459,-1604,1265,-932,294,-450,444
IMU1,9390,96912598,-1596,1237,-953,291,-457,411
IMU1,9391,96922762,-1636,1247,-867,292,-501,362
IMU1,9392,96933947,-1721,1240,-862,331,-582,263
IMU1,9393,96944102,-1772,1236,-834,369,-602,233
IMU1,9394,96954256,-1814,1230,-817,414,-584,195
IMU1,9395,96964410,-1885,1215,-811,457,-561,171
IMU1,9396,96974557,-1982,1230,-837,494,-539,147
IMU1,9397,96984712,-2149,1251,-828,505,-500,126
IMU1,9398,96994870,-2369,1264,-792,503,-465,124
IMU1,9399,97005026,-2628,1239,-712,508,-461,131
IMU1,9400,97015175,-2916,1207,-626,523,-519,143
IMU1,9401,97025333,-3251,1166,-521,564,-648,150
IMU1,9402,97035468,-3553,1092,-368,641,-833,156
IMU1,9403,97045617,-3769,1016,-199,760,-1038,140
IMU1,9404,97055964,-3965,892,-36,904,-1244,73
IMU1,9405,97065731,-4103,1009,116,1063,-1500,-41
IMU1,9406,97076076,-4221,1107,302,1207,-1778,-241
IMU1,9407,97086616,-4539,1226,662,1334,-2065,-526
IMU1,9408,97097168,-4665,1370,938,1523,-2646,-1192
IMU1,9409,97107924,-4776,1566,1321,1602,-2797,-1530
IMU1,9410,97118885,-4900,1802,1645,1682,-2837,-1864
IMU1,9411,97129834,-5040,2105,1893,1724,-2889,-2189
IMU1,9412,97140792,-5073,2462,2029,1690,-3083,-2506
IMU1,9413,97151770,-4991,2771,2080,1542,-3431,-2810
IMU1,9414,97162756,-4851,3162,2020,1275,-3844,-3090
IMU1,9415,97173728,-4425,3953,1822,459,-4335,-3490
IMU1,9416,97184510,-4247,4392,1456,-80,-4279,-3591
IMU1,9417,97195172,-4034,4753,1149,-726,-4074,-3660
IMU1,9418,97206054,-3826,5015,800,-1452,-3748,-3678
IMU1,9419,97216928,-3708,5303,479,-2247,-3326,-3676
IMU1,9420,97227791,-3601,5513,354,-3084,-2951,-3685
IMU1,9421,97238672,-3596,5741,331,-3893,-2626,-3747
IMU1,9422,97249554,-3726,6020,424,-4646,-2343,-3894
IMU1,9423,97260946,-4304,6753,180,-6082,-2297,-4488
IMU1,9424,97271809,-4606,7204,-181,-6906,-2498,-4898
IMU1,9425,97282783,-4726,7682,-604,-7853,-2798,-5324
IMU1,9426,97293729,-4683,8094,-890,-8894,-3065,-5779
IMU1,9427,97304679,-4416,8351,-1099,-9933,-3204,-6277
IMU1,9428,97315839,-4318,8382,-1046,-10873,-3173,-6826
IMU1,9429,97327218,-4434,7975,-689,-11594,-2937,-7695
IMU1,9430,97338382,-4504,7710,-296,-12296,-2037,-7947
IMU1,9431,97349550,-4462,7436,65,-12262,-1980,-8067
IMU1,9432,97360421,-4207,7234,244,-11994,-2249,-8041
IMU1,9433,97371474,-3848,6976,387,-11598,-2664,-7898
IMU1,9434,97382545,-3507,6732,577,-11092,-3071,-7668
IMU1,9435,97393618,-3043,6483,414,-10475,-3469,-7374
IMU1,9436,97404670,-2302,5924,59,-9291,-4318,-6725
IMU1,9437,97415344,-2232,5568,-185,-8709,-4611,-6294
IMU1,9438,97426323,-2083,5153,-744,-8186,-4803,-5740
IMU1,9439,97437277,-1987,4861,-971,-7745,-4728,-5058
IMU1,9440,97448253,-1915,4502,-1096,-7262,-4307,-4285
IMU1,9441,97459411,-1936,4309,-1655,-6795,-3756,-3496
IMU1,9442,97473123,-1698,3854,-2304,-6244,-2787,-2056
IMU1,9443,97484276,-1527,3649,-2412,-6106,-2461,-1593
IMU1,9444,97495446,-1388,3514,-2476,-5972,-2229,-1323
IMU1,9445,97506599,-1306,3387,-2585,-5804,-2013,-1202
IMU1,9446,97517726,-1389,3080,-2585,-5587,-1732,-1159
IMU1,9447,97528881,-1395,2605,-2172,-5276,-1339,-1136
IMU1,9448,97540020,-1390,2426,-2020,-4241,-262,-1214
IMU1,9449,97550948,-1491,2357,-1978,-3609,142,-1311
IMU1,9450,97561802,-1555,2485,-1933,-3004,263,-1391
IMU1,9451,97572649,-1649,2352,-1988,-2461,149,-1473
IMU1,9452,97583496,-1858,2297,-2181,-2011,-156,-1498
IMU1,9453,97594452,-1861,2239,-2277,-1681,-513,-1438
IMU1,9454,97605406,-1812,2175,-2435,-1432,-788,-1338
IMU1,9455,97616873,-1729,2067,-2516,-1033,-849,-1095
IMU1,9456,97627811,-1723,1967,-2600,-876,-728,-953
IMU1,9457,97638360,-1662,1885,-2610,-747,-638,-798
# swing_peak_seq=9431
IMU1,9458,97648925,-1605,1848,-2568,-611,-582,-660
IMU1,9459,97659441,-1582,1799,-2543,-461,-558,-539
IMU1,9460,97669993,-1600,1757,-2583,-302,-585,-422
IMU1,9461,97680525,-1538,1724,-2609,-148,-642,-299
IMU1,9462,97691049,-1512,1654,-2615,17,-680,-187
IMU1,9463,97701273,-1507,1569,-2648,200,-673,-79
IMU1,9464,97711515,-1367,1359,-2619,387,-636,23
IMU1,9465,97722712,-1347,1254,-2595,786,-476,145
IMU1,9466,97733072,-1346,1173,-2540,999,-403,192
IMU1,9467,97743429,-1393,1099,-2474,1205,-342,240
IMU1,9468,97753977,-1423,1058,-2438,1411,-302,296
IMU1,9469,97764533,-1463,1028,-2390,1615,-271,353
IMU1,9470,97775084,-1492,1004,-2351,1814,-217,411
IMU1,9471,97785642,-1558,993,-2281,2003,-111,469
IMU1,9472,97795995,-1638,975,-2248,2189,26,537
IMU1,9473,97806050,-1639,920,-2225,2366,144,607
IMU1,9474,97816318,-1656,866,-2146,2532,256,665
IMU1,9475,97826582,-1701,789,-1965,2700,385,703
IMU1,9476,97837880,-1721,695,-1893,3069,572,763
IMU1,9477,97848154,-1691,632,-1799,3257,639,769
IMU1,9478,97858425,-1678,615,-1702,3452,718,755
IMU1,9479,97868693,-1726,585,-1635,3643,825,741
IMU1,9480,97878963,-1731,554,-1568,3816,946,734
IMU1,9481,97889250,-1737,540,-1508,3959,1063,726
IMU1,9482,97899728,-1755,512,-1456,4079,1171,718
IMU1,9483,97910194,-1721,485,-1383,4165,1265,712
IMU1,9484,97920658,-1667,462,-1305,4224,1357,697
IMU1,9485,97931095,-1603,467,-1253,4260,1451,675
IMU1,9486,97941552,-1542,471,-1241,4277,1560,655
IMU1,9487,97952024,-1458,478,-1131,4278,1709,657
IMU1,9488,97962993,-1398,483,-1024,4260,2210,772
IMU1,9489,97973461,-1404,482,-984,4256,2517,873
IMU1,9490,97983731,-1399,482,-902,4242,2769,1010
IMU1,9491,97994199,-1384,497,-827,4230,2956,1174
IMU1,9492,98004675,-1364,517,-746,4212,3100,1364
IMU1,9493,98015138,-1373,504,-633,4193,3233,1578
IMU1,9494,98025616,-1360,461,-530,4174,3344,1820
IMU1,9495,98036070,-1320,443,-484,4153,3392,2072
IMU1,9496,98046537,-1365,401,-397,4112,3368,2322
IMU1,9497,98057009,-1417,331,-275,4067,3311,2583
IMU1,9498,98067467,-1391,374,-273,4024,3249,2843
IMU1,9499,98078444,-1393,388,-284,3864,3237,3287
IMU1,9500,98088905,-1555,387,-247,3725,3405,3487
IMU1,9501,98099379,-1720,397,-231,3550,3700,3711
IMU1,9502,98109845,-1860,385,-9,3347,4019,3968
IMU1,9503,98119914,-1999,365,350,3171,4209,4221
IMU1,9504,98130303,-2156,289,845,3158,4112,4454
IMU1,9505,98140697,-2431,113,561,3234,3661,4661
IMU1,9506,98151076,-2376,247,229,3207,2929,4896
IMU1,9507,98161444,-2165,283,210,3171,2237,5055
IMU1,9508,98171832,-2194,184,340,3110,1867,5120
IMU1,9509,98182223,-2385,156,639,3173,1805,5162
IMU1,9510,98192619,-2363,142,84,3324,1800,5261
IMU1,9511,98203320,-2298,255,191,3482,1462,5237
IMU1,9512,98213695,-2364,311,466,3577,1435,5163
IMU1,9513,98224091,-2552,295,501,3699,1394,5087
IMU1,9514,98234482,-2523,148,460,3844,1212,5054
IMU1,9515,98244871,-2628,256,-178,3818,943,5017
IMU1,9516,98255152,-2774,380,265,3710,766,4988
IMU1,9517,98265350,-3146,156,470,3712,723,5028
IMU1,9518,98275559,-2775,434,-37,3720,548,5135
IMU1,9519,98285648,-2447,621,-221,3603,208,5079
IMU1,9520,98295931,-2239,688,138,3494,-78,4833
IMU1,9521,98306027,-2405,628,249,3436,-220,4476
IMU1,9522,98316266,-2693,696,404,3431,-348,4139
IMU1,9523,98326510,-2793,767,252,3443,-619,3879
IMU1,9524,98336760,-2576,1092,408,3423,-962,3674
IMU1,9525,98347720,-2511,1072,435,3583,-891,3365
IMU1,9526,98358172,-2381,1192,274,3657,-493,3291
IMU1,9527,98368631,-2222,1267,12,3636,17,3209
IMU1,9528,98378580,-2158,1463,-204,3458,520,3095
IMU1,9529,98389035,-2166,1693,-35,3211,979,2955
IMU1,9530,98399281,-2345,1801,65,2984,1375,2819
IMU1,9531,98409646,-2605,1836,77,2786,1629,2760
IMU1,9532,98419983,-2793,1925,94,2622,1694,2784
IMU1,9533,98430335,-3087,1969,127,2473,1534,2865
IMU1,9534,98440904,-3323,1936,256,2403,1225,3024
IMU1,9535,98451459,-3295,1928,446,2406,871,3248
IMU1,9536,98461803,-2772,1853,340,2478,525,3433
IMU1,9537,98474724,-2583,1779,276,2555,34,3367
IMU1,9538,98484879,-2446,1706,203,2485,20,3186
IMU1,9539,98495033,-2337,1616,95,2326,156,2946
IMU1,9540,98505203,-2224,1592,1,2082,332,2668
IMU1,9541,98515168,-2221,1580,2,1792,449,2376
IMU1,9542,98525145,-2241,1460,62,1516,535,2113
IMU1,9543,98535308,-2206,1421,103,1271,605,1907
IMU1,9544,98545678,-2137,1416,182,1086,646,1730
IMU1,9545,98556035,-2161,1432,216,965,670,1563
IMU1,9546,98566202,-2255,1400,148,890,632,1428
IMU1,9547,98576355,-2386,1248,2,814,529,1353
IMU1,9548,98586110,-2378,1306,-72,709,450,1337
IMU1,9549,98596161,-2321,1272,-365,591,491,1316
IMU1,9550,98607450,-2227,1219,-467,253,626,1204
IMU1,9551,98617712,-2175,1153,-467,50,734,1113
IMU1,9552,98627773,-2182,1115,-438,-117,901,1003
IMU1,9553,98638128,-2260,1157,-418,-242,1068,884
IMU1,9554,98648464,-2327,1166,-368,-323,1153,773
IMU1,9555,98658811,-2387,1205,-423,-364,1123,683
IMU1,9556,98669156,-2342,1204,-651,-405,990,600
IMU1,9557,98679307,-2273,1165,-815,-480,770,523
IMU1,9558,98689461,-2153,1114,-866,-567,562,456
IMU1,9559,98699614,-2014,1088,-895,-640,461,401
IMU1,9560,98709754,-1960,1137,-897,-666,471,355
IMU1,9561,98719917,-1962,1180,-883,-639,533,323
IMU1,9562,98730079,-1968,1149,-849,-571,595,313
IMU1,9563,98740233,-1918,1140,-806,-481,612,309
IMU1,9564,98751424,-1749,1162,-897,-280,333,244
IMU1,9565,98761577,-1678,1239,-971,-212,83,184
IMU1,9566,98771527,-1640,1255,-995,-156,-98,120
IMU1,9567,98781564,-1614,1248,-1030,-111,-147,78
IMU1,9568,98791808,-1581,1243,-1007,-76,-87,47
IMU1,9569,98801658,-1546,1229,-932,-36,8,28
IMU1,9570,98811008,-1567,1276,-871,9,90,5
IMU1,9571,98820078,-1644,1281,-798,71,148,-25
IMU1,9572,98829810,-1764,1282,-728,130,187,-51
IMU1,9573,98839741,-1832,1262,-689,170,180,-68
IMU1,9574,98849689,-1852,1281,-715,188,101,-96
IMU1,9575,98859620,-1863,1309,-725,164,-41,-138
IMU1,9576,98869653,-1904,1307,-708,119,-189,-185
IMU1,9577,98879897,-1903,1319,-730,70,-277,-222
IMU1,9578,98889961,-1900,1367,-744,10,-298,-260
IMU1,9579,98900002,-1953,1393,-762,-50,-289,-301
IMU1,9580,98910141,-2022,1367,-728,-96,-270,-324
IMU1,9581,98920283,-2119,1386,-701,-127,-237,-328
IMU1,9582,98930614,-2215,1397,-577,-122,-193,-311
IMU1,9583,98940964,-2369,1404,-405,-72,-186,-293
IMU1,9584,98951104,-2513,1430,-271,22,-268,-273
IMU1,9585,98961163,-2583,1477,-155,134,-452,-269
IMU1,9586,98971397,-2711,1545,29,257,-683,-309
IMU1,9587,98982389,-2734,1588,86,414,-1003,-504
IMU1,9588,98992547,-2814,1648,137,413,-1054,-655
IMU1,9589,99002893,-2898,1741,181,347,-1073,-810
IMU1,9590,99013234,-3008,1857,303,251,-1078,-974
IMU1,9591,99023599,-3142,1965,421,139,-1123,-1137
IMU1,9592,99034164,-3423,2050,579,42,-1218,-1267
IMU1,9593,99044531,-3751,2161,846,-26,-1304,-1318
IMU1,9594,99054981,-4130,2357,1204,-46,-1336,-1296
IMU1,9595,99065639,-4460,2457,1622,-20,-1321,-1239
IMU1,9596,99076292,-4792,2642,1976,13,-1329,-1218
IMU1,9597,99086855,-4898,3324,2357,7,-1485,-1295
IMU1,9598,99097738,-4761,3801,2487,-332,-2518,-1919
IMU1,9599,99108616,-4618,4177,2445,-753,-3074,-2438
IMU1,9600,99119498,-4454,4654,1854,-1335,-3328,-2973
IMU1,9601,99130565,-4126,5048,1439,-2139,-3348,-3444
IMU1,9602,99141613,-3835,5365,1257,-3040,-2990,-3886
IMU1,9603,99152671,-3852,5680,1188,-3907,-2216,-4327
IMU1,9604,99163723,-4979,6282,1248,-4678,-1343,-4778
IMU1,9605,99174796,-5290,6711,1057,-6056,-1118,-5601
IMU1,9606,99185853,-5444,7315,725,-6778,-2011,-6022
IMU1,9607,99196716,-5513,7951,238,-7519,-3033,-6482
IMU1,9608,99207612,-5601,8552,-488,-8290,-3803,-6920
IMU1,9609,99218556,-5683,9090,-1129,-9115,-4136,-7302
IMU1,9610,99229720,-5411,9241,-1442,-9962,-4039,-7604
IMU1,9611,99240875,-4808,8915,-1323,-10717,-3403,-7910
IMU1,9612,99252230,-4775,8246,-928,-11471,-1393,-8616
IMU1,9613,99263390,-4790,7808,-552,-11398,-714,-8958
IMU1,9614,99274375,-4607,7383,-194,-11095,-506,-9191
IMU1,9615,99285341,-4397,6991,105,-10665,-605,-9299
IMU1,9616,99296204,-4207,6669,398,-10178,-759,-9259
IMU1,9617,99307059,-4058,6388,703,-9615,-972,-9085
IMU1,9618,99317727,-3410,5969,888,-8975,-1287,-8790
IMU1,9619,99328590,-3066,5824,748,-7625,-2163,-8106
IMU1,9620,99339433,-2686,5597,609,-7028,-2732,-7720
IMU1,9621,99350294,-2416,5330,306,-6543,-3255,-7315
IMU1,9622,99361151,-2131,5122,55,-6169,-3674,-6865
IMU1,9623,99371802,-1886,4854,-248,-5853,-3950,-6389
IMU1,9624,99382754,-1605,4581,-488,-5574,-4082,-5907
IMU1,9625,99393690,-1340,4370,-544,-5324,-4121,-5435
IMU1,9626,99404635,-1685,4062,-1632,-5093,-4027,-4413
IMU1,9627,99415782,-1584,4168,-1987,-4989,-3855,-3797
IMU1,9628,99426934,-2092,3892,-2670,-5063,-3690,-3186
IMU1,9629,99438095,-1751,3613,-2557,-5197,-3540,-2484
IMU1,9630,99449247,-1626,3402,-2566,-5206,-3270,-1824
IMU1,9631,99460378,-1225,3148,-2644,-5063,-2828,-1269
IMU1,9632,99471529,-1078,2818,-2712,-4786,-2219,-933
IMU1,9633,99484945,-1069,2520,-2776,-4020,-704,-633
IMU1,9634,99495691,-1143,2364,-2808,-3603,-53,-643
IMU1,9635,99506224,-1329,2530,-2710,-3165,379,-677
IMU1,9636,99516892,-1096,2618,-2532,-2655,684,-740
IMU1,9637,99527545,-1011,2491,-2508,-2072,892,-897
IMU1,9638,99538203,-1069,2332,-2536,-1478,871,-1071
IMU1,9639,99549051,-1066,2318,-2522,-337,138,-1245
# swing_peak_seq=9613
IMU1,9640,99559697,-1119,2243,-2661,196,-378,-1253
IMU1,9641,99570336,-1127,2136,-2797,672,-892,-1190
IMU1,9642,99580995,-1092,2018,-2902,1057,-1298,-1066
IMU1,9643,99592033,-1032,1866,-2963,1376,-1520,-911
IMU1,9644,99602874,-958,1698,-2933,1638,-1570,-753
IMU1,9645,99613529,-888,1510,-2863,1858,-1541,-609
IMU1,9646,99624183,-816,1311,-2797,2043,-1501,-490
IMU1,9647,99634811,-871,1133,-2852,2173,-1430,-406
IMU1,9648,99645978,-841,870,-2682,2218,-955,-251
IMU1,9649,99656219,-867,780,-2464,2215,-612,-181
IMU1,9650,99666457,-921,673,-2252,2251,-276,-118
IMU1,9651,99676691,-1002,607,-2116,2316,15,-60
IMU1,9652,99686641,-1068,524,-2001,2403,230,-3
IMU1,9653,99696566,-1019,421,-1937,2488,383,30
IMU1,9654,99706612,-1007,374,-1810,2575,521,15
IMU1,9655,99716656,-1144,268,-1712,2671,676,-28
IMU1,9656,99726799,-1112,64,-1725,2771,822,-84
IMU1,9657,99736749,-836,-100,-1645,2865,951,-224
IMU1,9658,99746996,-909,-171,-1515,2985,1132,-463
IMU1,9659,99757444,-738,-209,-1334,3148,1385,-732
IMU1,9660,99767892,-667,-251,-1134,3361,1670,-1042
IMU1,9661,99778531,-761,-324,-916,3603,1921,-1311
IMU1,9662,99788980,-902,-483,-982,3846,2049,-1448
IMU1,9663,99799921,-1051,-599,-1076,4187,2018,-1202
IMU1,9664,99810768,-802,-927,-1249,4240,1880,-870
IMU1,9665,99821214,-291,-972,-1185,4194,1545,-496
IMU1,9666,99831662,-583,-1140,-1336,4075,1087,-204
IMU1,9667,99842317,-310,-1199,-1058,3885,718,29
IMU1,9668,99852460,382,-1026,-1277,3676,411,149
IMU1,9669,99862712,330,-925,-1073,3413,60,122
IMU1,9670,99872557,-223,-1048,-829,3181,-280,88
IMU1,9671,99882590,-244,-1099,-681,3004,-579,142
IMU1,9672,99892824,48,-915,-582,2860,-847,188
IMU1,9673,99902560,-300,-863,-770,2731,-1098,188
IMU1,9674,99912804,-962,-755,-741,2578,-1342,234
IMU1,9675,99923042,-3749,-817,-1190,2428,-1467,478
IMU1,9676,99933694,-1781,-1919,-526,2062,-1306,1837
IMU1,9677,99944546,-828,-2278,374,2096,-1153,2198
IMU1,9678,99955084,-881,-2340,461,2322,-936,2378
IMU1,9679,99965445,-1395,-2188,-37,2572,-628,2534
IMU1,9680,99975885,-1761,-1915,-418,2721,-267,2751
IMU1,9681,99986516,-2634,-1840,-151,2803,103,3005
IMU1,9682,99997054,-1566,-1767,-497,2897,374,3245
IMU1,9683,100007587,-726,-1359,-162,2944,608,3120
IMU1,9684,100018123,-818,-1037,-369,3008,782,2594
IMU1,9685,100028659,-1190,-945,-324,3004,834,1868
IMU1,9686,100039201,-1567,-1282,-510,2899,633,388
IMU1,9687,100049733,-1497,-1266,-582,2435,525,-193
IMU1,9688,100060365,-1383,-1220,-625,2189,1107,-646
IMU1,9689,100071196,-1411,-1349,-533,2007,1953,-976
IMU1,9690,100082028,-1559,-1432,-318,1909,2738,-1132
IMU1,9691,100093074,-1762,-1342,-29,1935,3379,-1135
IMU1,9692,100103908,-1676,-1362,105,2081,3896,-1021
IMU1,9693,100114839,-1531,-1553,-31,2289,4263,-856
IMU1,9694,100125484,-1988,-1164,-208,2503,4409,-625
IMU1,9695,100136324,-1956,-872,-178,2901,4018,178
IMU1,9696,100146854,-1869,-861,-70,3073,3514,613
IMU1,9697,100157227,-1755,-838,128,3243,2919,963
IMU1,9698,100167672,-1527,-837,368,3435,2400,1230
IMU1,9699,100178325,-1490,-875,518,3675,2021,1406
IMU1,9700,100188972,-1408,-920,583,3946,1755,1503
IMU1,9701,100199622,-1321,-892,696,4240,1540,1514
IMU1,9702,100210271,-1242,-786,694,4532,1362,1436
IMU1,9703,100220927,-1169,-728,665,4773,1232,1285
IMU1,9704,100231580,-1150,-710,358,4929,1233,988
IMU1,9705,100242046,-1300,-691,194,4842,2258,975
IMU1,9706,100252485,-1526,-572,220,4640,2774,1062
IMU1,9707,100263131,-1744,-468,261,4423,3041,1238
IMU1,9708,100273790,-1876,-400,316,4192,3168,1474
IMU1,9709,100284451,-2073,-380,520,3964,3191,1711
IMU1,9710,100295120,-1964,-307,735,3778,3154,1892
IMU1,9711,100305793,-1880,-192,831,3641,3096,1952
IMU1,9712,100316456,-1953,-102,830,3533,3051,1919
IMU1,9713,100327121,-2109,-10,708,3431,3015,1878
IMU1,9714,100338623,-2251,147,648,3187,3158,1983
IMU1,9715,100349201,-2307,281,646,3026,3324,2106
IMU1,9716,100359773,-2504,409,639,2865,3436,2239
IMU1,9717,100370337,-2803,478,839,2712,3399,2424
IMU1,9718,100380895,-2935,541,1059,2633,3190,2661
IMU1,9719,100391654,-2893,570,1248,2659,2852,2890
IMU1,9720,100402415,-2917,608,1301,2772,2467,3052
IMU1,9721,100413173,-2894,614,1109,2919,2078,3161
IMU1,9722,100423948,-2549,695,1189,3042,1685,3370
IMU1,9723,100434706,-2340,973,1351,3344,1742,3369
IMU1,9724,100445461,-1832,1360,1086,3542,2276,3183
IMU1,9725,100456421,-3095,1336,-70,3550,2872,3060
IMU1,9726,100467078,-3003,1427,-314,3234,3306,3249
IMU1,9727,100477938,-3012,1658,259,2786,3485,3474
IMU1,9728,100491260,-2668,1197,232,2431,3367,3754
IMU1,9729,100502019,-2329,1096,292,1780,2660,3772
IMU1,9730,100512778,-2210,1553,349,1487,2517,3722
IMU1,9731,100523548,-2534,1915,788,1286,2248,3633
IMU1,9732,100534311,-2115,1706,767,1246,1808,3483
IMU1,9733,100545079,-1933,1320,251,1234,1425,3190
IMU1,9734,100555844,-2241,1349,36,1109,1322,2882
IMU1,9735,100566400,-2397,1227,45,909,1363,2660
IMU1,9736,100576750,-2205,1075,-210,687,1369,2509
IMU1,9737,100587403,-2098,1088,-257,430,1426,2122
IMU1,9738,100598057,-2149,1044,-352,8,1412,1951
IMU1,9739,100608307,-2162,1030,-421,-133,1373,1842
IMU1,9740,100619032,-2208,1100,-138,-199,1336,1779
IMU1,9741,100629777,-2428,1089,757,4,1183,1765
IMU1,9742,100639932,-2426,997,-545,370,728,1809
IMU1,9743,100650196,-2361,1040,-631,476,186,1870
IMU1,9744,100660656,-1944,1026,-661,534,-61,1879
IMU1,9745,100670994,-1590,1077,-965,485,-25,1741
IMU1,9746,100681347,-1609,1139,-1187,339,128,1439
IMU1,9747,100691988,-1997,991,-1167,94,275,1194
IMU1,9748,100702252,-2157,1010,-423,-83,376,1099
IMU1,9749,100713646,-1905,1104,-355,50,297,1038
IMU1,9750,100723904,-1867,1104,-262,317,85,921
IMU1,9751,100733965,-1977,1147,-120,646,-213,765
IMU1,9752,100744320,-2228,1109,133,1088,-591,690
IMU1,9753,100754780,-1915,811,-928,1453,-1056,640
IMU1,9754,100765344,-1821,1056,-1846,1390,-1278,502
IMU1,9755,100776295,-1279,1398,-916,1222,-965,302
IMU1,9756,100786854,-1082,1473,-1,1287,-465,-64
IMU1,9757,100796899,-2114,1039,-1360,1405,-177,-434
IMU1,9758,100807742,-2080,637,-2210,1118,-137,-457
IMU1,9759,100818387,-2271,1475,329,714,127,-112
IMU1,9760,100828636,-1998,671,-96,1002,-414,-35
IMU1,9761,100838671,-1962,891,-415,1294,-1162,-109
IMU1,9762,100849294,-1795,1155,-687,1508,-1494,-229
IMU1,9763,100860128,-1920,1136,-577,1729,-1315,-431
IMU1,9764,100870970,-2285,581,-2163,1552,-982,-541
IMU1,9765,100881613,-1755,1395,-1717,1152,-588,-574
IMU1,9766,100892452,-2092,1441,-407,867,-173,-667
IMU1,9767,100902873,-1836,668,-468,835,-120,-616
IMU1,9768,100913113,-1680,1066,-617,824,-401,-647
IMU1,9769,100923549,-1669,877,-752,810,-594,-719
IMU1,9770,100934841,-1892,831,-1338,668,-586,-781
IMU1,9771,100945280,-2244,1323,-895,408,-495,-724
IMU1,9772,100955703,-1668,893,-552,237,-364,-541
IMU1,9773,100965948,-1287,1122,-849,95,-356,-537
IMU1,9774,100976184,-1239,1016,-1134,-78,-244,-676
IMU1,9775,100986710,-1393,1002,-1016,-260,49,-826
IMU1,9776,100997146,-1561,780,-1232,-432,401,-896
IMU1,9777,101007583,-1533,791,-1282,-624,617,-918
IMU1,9778,101018033,-1680,872,-1012,-749,759,-945
IMU1,9779,101028471,-1735,802,-631,-730,819,-931
IMU1,9780,101038719,-1631,814,-952,-594,676,-883
IMU1,9781,101050013,-1480,837,-1188,-363,203,-877
IMU1,9782,101060449,-1447,799,-1261,-339,140,-862
IMU1,9783,101070893,-1375,825,-1110,-276,161,-825
IMU1,9784,101081328,-1368,780,-1070,-165,154,-769
IMU1,9785,101091774,-1382,791,-1196,-66,130,-688
IMU1,9786,101102025,-1315,855,-1268,-5,160,-599
IMU1,9787,101112076,-1318,902,-1317,4,281,-543
IMU1,9788,101122032,-1336,854,-1265,-35,378,-498
IMU1,9789,101132262,-1307,810,-1163,-82,360,-452
IMU1,9790,101142490,-1267,815,-1102,-108,260,-413
IMU1,9791,101152925,-1259,784,-1075,-109,135,-386
IMU1,9792,101163367,-1210,826,-1068,-80,54,-340
IMU1,9793,101173407,-1203,892,-1096,-24,39,-301
IMU1,9794,101184484,-1243,844,-1139,62,115,-235
IMU1,9795,101194615,-1243,813,-1102,47,118,-186
IMU1,9796,101204756,-1235,761,-1088,38,104,-161
IMU1,9797,101214897,-1200,745,-1099,12,73,-126
IMU1,9798,101224839,-1148,740,-1156,-14,56,-97
IMU1,9799,101234682,-1196,792,-1125,-46,88,-73
IMU1,9800,101244534,-1259,825,-1106,-53,173,-44
IMU1,9801,101254579,-1349,784,-1096,-50,235,-7
IMU1,9802,101264414,-1413,736,-1021,-47,239,50
IMU1,9803,101274352,-1434,727,-977,-30,188,112
IMU1,9804,101284293,-1438,702,-962,5,69,163
IMU1,9805,101293735,-1423,689,-926,42,-34,202
IMU1,9806,101303482,-1423,716,-919,84,-70,221
IMU1,9807,101313240,-1465,781,-940,119,-75,218
IMU1,9808,101323195,-1557,799,-981,135,-70,205
IMU1,9809,101333165,-1594,750,-1019,124,-50,204
IMU1,9810,101343319,-1593,740,-1013,89,-34,204
IMU1,9811,101353283,-1629,729,-958,48,-34,193
IMU1,9812,101363032,-1676,727,-899,30,-39,180
IMU1,9813,101372793,-1756,739,-844,33,-40,174
IMU1,9814,101382562,-1871,724,-775,49,-19,187
IMU1,9815,101392298,-2004,719,-696,70,21,213
IMU1,9816,101401948,-2233,699,-603,84,50,242
IMU1,9817,101411599,-2495,652,-503,84,11,281
IMU1,9818,101421257,-2793,688,-416,70,-165,328
IMU1,9819,101431201,-3160,703,-348,59,-452,374
IMU1,9820,101441159,-3536,719,-288,54,-748,443
IMU1,9821,101451109,-3839,696,-225,62,-966,526
IMU1,9822,101461073,-4086,720,-143,71,-1089,576
IMU1,9823,101471223,-4212,741,-8,55,-1131,551
IMU1,9824,101480990,-4361,761,129,26,-1113,399
IMU1,9825,101493599,-4693,951,565,-69,-1167,-200
IMU1,9826,101503868,-4837,1118,989,-75,-1231,-583
IMU1,9827,101514344,-5095,1315,1501,-5,-1311,-980
IMU1,9828,101524805,-5353,1689,2051,141,-1512,-1347
IMU1,9829,101535754,-5479,2048,2550,345,-1891,-1686
IMU1,9830,101546728,-5515,2438,2718,524,-2452,-2006
IMU1,9831,101557702,-5495,2991,2801,562,-3087,-2281
IMU1,9832,101568684,-4968,4060,2431,63,-3969,-2677
IMU1,9833,101579450,-4493,4660,2234,-493,-3925,-2858
IMU1,9834,101590535,-4368,5139,1738,-1243,-3483,-3101
IMU1,9835,101601799,-4593,5591,1473,-2216,-2993,-3375
IMU1,9836,101613059,-4752,5996,1326,-3301,-2598,-3659
IMU1,9837,101624319,-5004,6483,1099,-4405,-2516,-4005
IMU1,9838,101635577,-5725,7850,477,-5486,-2818,-4694
IMU1,9839,101646640,-5900,8808,-217,-7572,-3925,-4987
IMU1,9840,101657803,-6029,9687,-1154,-8684,-4484,-5221
IMU1,9841,101669146,-5979,10077,-1826,-9838,-4807,-5385
IMU1,9842,101680710,-5690,10716,-2210,-10933,-4801,-5498
IMU1,9843,101692468,-5182,10875,-2429,-11878,-4443,-5720
IMU1,9844,101704236,-4622,9799,-2331,-13110,-3635,-6431
IMU1,9845,101715799,-4461,9316,-1845,-13316,-3161,-6701
IMU1,9846,101727378,-4328,8731,-1428,-13236,-2766,-6896
IMU1,9847,101738940,-4175,8508,-879,-12947,-2669,-6991
IMU1,9848,101750299,-4093,8142,-331,-12490,-2892,-6950
IMU1,9849,101761660,-3553,7673,227,-11216,-4244,-6424
IMU1,9850,101772906,-3181,7368,316,-10523,-5207,-6011
IMU1,9851,101784168,-2786,7009,133,-9853,-6192,-5523
IMU1,9852,101795247,-2646,6672,-187,-9260,-7139,-4978
IMU1,9853,101806401,-2511,6384,-726,-8771,-7816,-4332
IMU1,9854,101817575,-2470,5995,-1268,-8407,-7997,-3569
IMU1,9855,101828962,-2077,5289,-2239,-7966,-6677,-2007
IMU1,9856,101840317,-2489,4645,-2613,-7867,-5683,-1417
IMU1,9857,101851668,-2087,4151,-2444,-7805,-4651,-731
IMU1,9858,101862830,-1767,3744,-2010,-7588,-3603,-523
IMU1,9859,101873987,-2086,3085,-2223,-7276,-2725,-347
IMU1,9860,101885145,-2437,2776,-2122,-6876,-2231,-195
IMU1,9861,101896315,-1818,2335,-2258,-5885,-1505,-82
IMU1,9862,101907271,-1381,2527,-2120,-5499,-607,-105
IMU1,9863,101918223,-1984,2135,-2379,-5094,528,-305
IMU1,9864,101929100,-718,2479,-2009,-4657,1279,-519
IMU1,9865,101939959,-1935,2073,-2265,-4062,1598,-1149
IMU1,9866,101951215,-936,2261,371,-3185,1324,-1336
IMU1,9867,101961982,-3795,2564,-2583,-1728,202,-1624
IMU1,9868,101973543,-1621,1976,-2546,-667,-2562,-970
IMU1,9869,101984489,-1100,2179,-2854,-585,-1382,-1158
IMU1,9870,101995644,-2507,1953,-2348,-608,506,-1390
IMU1,9871,102006502,-4220,1327,-2094,-295,1226,-1133
# swing_peak_seq=9845
IMU1,9872,102017546,-4496,1226,-3349,-86,668,-339
IMU1,9873,102027991,-2715,1446,-2766,-22,117,443
IMU1,9874,102038352,-1089,1903,-2026,161,516,596
IMU1,9875,102048826,-906,1344,-2256,398,1387,259
IMU1,9876,102059800,-1716,863,-1882,826,2613,-407
IMU1,9877,102070358,-2186,590,-1528,1179,2676,-491
IMU1,9878,102081139,-2177,601,-1157,1633,2432,-385
IMU1,9879,102091897,-2091,580,-1063,2146,1967,-201
IMU1,9880,102102657,-2123,460,-1172,2636,1301,-48
IMU1,9881,102113213,-2135,331,-1459,3019,510,118
IMU1,9882,102123687,-2077,220,-1633,3257,-223,274
IMU1,9883,102134233,-2042,79,-1698,3378,-661,421
IMU1,9884,102144592,-1987,-78,-1858,3409,-703,563
IMU1,9885,102155044,-1898,-263,-2054,3344,-426,819
IMU1,9886,102165694,-1890,-304,-1956,2998,594,920
IMU1,9887,102176267,-1855,-260,-1862,2807,1144,982
IMU1,9888,102187018,-1801,-238,-1789,2617,1605,980
IMU1,9889,102197774,-1892,-219,-1596,2441,1908,928
IMU1,9890,102208541,-2016,-273,-1497,2304,2029,863
IMU1,9891,102219300,-2125,-319,-1459,2207,1970,814
IMU1,9892,102230071,-2170,-379,-1337,2153,1801,794
IMU1,9893,102240856,-2179,-430,-1257,2160,1614,800
IMU1,9894,102252121,-2052,-630,-1062,2360,1448,854
IMU1,9895,102262883,-1960,-698,-965,2538,1464,871
IMU1,9896,102273440,-1888,-716,-870,2750,1474,850
IMU1,9897,102284002,-1831,-730,-784,2970,1428,799
IMU1,9898,102294573,-1784,-747,-749,3175,1320,716
IMU1,9899,102305148,-1741,-748,-753,3340,1163,614
IMU1,9900,102315723,-1742,-738,-769,3457,989,511
IMU1,9901,102326101,-1716,-746,-797,3528,836,426
IMU1,9902,102336470,-1666,-766,-782,3557,725,364
IMU1,9903,102346836,-1592,-830,-665,3575,659,314
IMU1,9904,102357738,-1381,-931,-607,3615,601,223
IMU1,9905,102368122,-1317,-994,-578,3650,590,173
IMU1,9906,102378491,-1305,-1030,-542,3688,610,120
IMU1,9907,102389062,-1239,-1042,-522,3726,689,80
IMU1,9908,102399438,-1102,-1051,-568,3755,853,33
IMU1,9909,102409838,-1013,-1052,-542,3763,1106,-44
IMU1,9910,102420456,-1133,-1074,-610,3746,1449,-146
IMU1,9911,102431286,-1196,-1086,-619,3687,1840,-199
IMU1,9912,102442112,-1212,-1084,-575,3600,2240,-189
IMU1,9913,102452928,-1298,-1109,-407,3511,2608,-137
IMU1,9914,102463742,-1527,-1142,-276,3400,3085,19
IMU1,9915,102474284,-1197,-1136,87,3404,3063,171
IMU1,9916,102484721,-1370,-1143,5,3495,2906,221
IMU1,9917,102497508,-745,-1168,396,3622,2670,261
IMU1,9918,102507951,-773,-1145,178,3841,2436,89
IMU1,9919,102518192,-811,-1152,63,4023,2317,-119
IMU1,9920,102528535,-1377,-1162,-305,4104,2372,-162
IMU1,9921,102539351,-1182,-949,-210,4049,2578,-27
IMU1,9922,102550298,-943,-884,-107,3748,3531,435
IMU1,9923,102560644,-1031,-866,-77,3558,4025,553
IMU1,9924,102570972,-1042,-841,-32,3351,4226,639
IMU1,9925,102581303,-1183,-890,182,3152,4116,667
IMU1,9926,102591746,-1370,-984,579,3042,3811,693
IMU1,9927,102602203,-1455,-1029,863,3095,3388,750
IMU1,9928,102612850,-1443,-1004,803,3290,2920,811
IMU1,9929,102623463,-1332,-988,690,3535,2510,849
IMU1,9930,102633908,-1192,-965,504,3733,2338,853
IMU1,9931,102644363,-1073,-915,279,3813,2490,820
IMU1,9932,102654816,-977,-774,-57,3749,2865,757
IMU1,9933,102665488,-1065,-721,-127,3235,3590,690
IMU1,9934,102676020,-1330,-642,13,2876,3762,682
IMU1,9935,102686255,-1534,-574,289,2560,3756,722
IMU1,9936,102696704,-1587,-513,478,2346,3652,821
IMU1,9937,102707163,-1551,-392,532,2226,3567,954
IMU1,9938,102717643,-1517,-295,838,2157,3561,1103
IMU1,9939,102728298,-1230,-254,1222,2199,3608,1183
IMU1,9940,102739136,-2731,-465,287,2312,3575,1168
IMU1,9941,102749789,-2682,-325,152,2164,3342,1659
IMU1,9942,102760421,-2256,-245,577,1901,3058,2160
IMU1,9943,102771583,-2080,-122,659,1510,3068,2674
IMU1,9944,102782223,-2190,-9,455,1435,2969,2741
IMU1,9945,102792483,-2440,18,12,1318,2713,2792
IMU1,9946,102802628,-2488,57,12,1118,2572,2888
IMU1,9947,102812770,-2506,142,317,940,2672,3008
IMU1,9948,102823130,-2775,267,462,892,2828,3041
IMU1,9949,102833476,-2948,309,608,955,2854,3127
IMU1,9950,102843845,-3004,307,620,1086,2702,3272
IMU1,9951,102854405,-3054,379,533,1228,2411,3416
IMU1,9952,102864954,-2998,436,365,1332,2112,3576
IMU1,9953,102875512,-3014,510,297,1372,1895,3729
IMU1,9954,102886088,-2980,599,548,1373,1660,4088
IMU1,9955,102896642,-2705,604,232,1452,1487,4206
IMU1,9956,102907179,-2775,750,442,1463,1302,4193
IMU1,9957,102917737,-2969,645,680,1582,1202,4175
IMU1,9958,102928280,-2843,632,742,1791,1085,4198
IMU1,9959,102938829,-3153,646,401,1969,1028,4177
IMU1,9960,102949373,-2812,599,198,2094,1129,4216
IMU1,9961,102959924,-2588,847,153,2117,1284,4203
IMU1,9962,102970472,-2790,866,78,2109,1471,4079
IMU1,9963,102980832,-3046,704,-782,1919,1570,4015
IMU1,9964,102991487,-2678,807,-389,1504,1595,4003
IMU1,9965,103002135,-2555,720,36,564,1294,3653
IMU1,9966,103012294,-2240,521,102,328,963,3294
IMU1,9967,103022439,-2563,703,194,228,571,2895
IMU1,9968,103032581,-2264,938,457,271,357,2522
IMU1,9969,103042746,-2095,788,363,470,306,2085
IMU1,9970,103052887,-2325,619,26,679,281,1637
IMU1,9971,103062827,-2628,631,-107,834,233,1333
IMU1,9972,103073069,-2549,747,-324,944,176,1183
IMU1,9973,103083319,-2248,885,-507,1005,142,1073
IMU1,9974,103093760,-2053,890,-533,1024,162,925
IMU1,9975,103104001,-2174,913,-629,1034,220,738
IMU1,9976,103114245,-2499,801,-1353,875,276,603
IMU1,9977,103124498,-2803,924,-1171,562,389,609
IMU1,9978,103134744,-2796,866,-463,315,507,732
IMU1,9979,103144807,-2623,871,92,270,387,890
IMU1,9980,103154557,-2486,901,92,481,-14,951
IMU1,9981,103165782,-2522,762,-250,1031,-841,893
IMU1,9982,103176137,-2072,865,-430,1163,-923,821
IMU1,9983,103186486,-1704,823,-699,1159,-872,596
IMU1,9984,103196837,-1551,795,-1198,1010,-759,241
IMU1,9985,103207399,-1924,951,-1891,605,-591,-120
IMU1,9986,103217847,-2308,1200,-1217,135,-291,-269
IMU1,9987,103228493,-2336,951,-228,-49,-66,-182
IMU1,9988,103238418,-2285,804,-169,103,-258,-50
IMU1,9989,103248426,-2364,836,-347,346,-758,60
IMU1,9990,103258360,-2052,1010,-51,690,-1099,159
IMU1,9991,103268702,-1793,729,-483,1025,-1153,98
IMU1,9992,103279045,-2151,705,-1378,1115,-987,-77
IMU1,9993,103289497,-2209,827,-273,892,-630,-126
IMU1,9994,103300265,-1888,833,-316,753,-244,-117
IMU1,9995,103310507,-2036,766,-612,723,-347,-304
IMU1,9996,103320754,-1970,944,-275,693,-375,-483
IMU1,9997,103331004,-1940,727,-450,669,-358,-691
IMU1,9998,103341245,-2423,759,-983,532,-316,-901
IMU1,9999,103351503,-2893,826,-725,270,-185,-882
IMU1,10000,103361746,-2328,668,-192,141,-148,-694
IMU1,10001,103372171,-1969,667,-462,98,-310,-653
IMU1,10002,103382405,-1905,641,-870,24,-409,-712
IMU1,10003,103392635,-1789,734,-825,-72,-296,-800
IMU1,10004,103402962,-1785,553,-904,-162,-29,-926
IMU1,10005,103413290,-1878,592,-1010,-259,261,-1061
IMU1,10006,103424127,-2127,524,-892,-368,519,-1190
IMU1,10007,103435261,-1996,464,-839,-495,841,-1227
IMU1,10008,103445887,-1919,522,-884,-501,795,-1257
IMU1,10009,103456524,-1890,561,-920,-431,733,-1358
IMU1,10010,103467155,-1892,566,-909,-340,692,-1416
IMU1,10011,103477796,-1865,575,-817,-216,649,-1407
IMU1,10012,103488419,-1852,602,-727,-42,571,-1348
IMU1,10013,103501400,-1822,602,-647,161,434,-1122
IMU1,10014,103511934,-1773,598,-688,512,47,-984
IMU1,10015,103522087,-1711,650,-749,586,-107,-865
IMU1,10016,103532517,-1649,704,-771,569,-198,-778
IMU1,10017,103542960,-1617,754,-749,481,-206,-723
IMU1,10018,103553394,-1609,754,-735,342,-168,-678
IMU1,10019,103563811,-1582,737,-732,159,-140,-634
IMU1,10020,103574259,-1525,714,-756,-40,-130,-588
IMU1,10021,103584598,-1491,691,-758,-236,-92,-531
IMU1,10022,103594933,-1475,675,-712,-410,0,-460
IMU1,10023,103604875,-1487,655,-653,-527,114,-391
IMU1,10024,103615300,-1536,632,-591,-586,180,-323
IMU1,10025,103625752,-1594,625,-607,-595,161,-256
IMU1,10026,103637242,-1612,588,-707,-521,-17,-186
IMU1,10027,103647559,-1597,521,-788,-487,-109,-186
IMU1,10028,103658095,-1557,470,-874,-435,-167,-203
IMU1,10029,103668622,-1510,411,-907,-382,-165,-220
IMU1,10030,103679154,-1463,377,-877,-322,-103,-231
IMU1,10031,103689697,-1498,437,-804,-238,-19,-246
IMU1,10032,103700007,-1553,486,-766,-130,34,-254
IMU1,10033,103710233,-1617,523,-719,-20,25,-242
IMU1,10034,103720268,-1639,497,-711,83,-40,-211
IMU1,10035,103730290,-1665,508,-766,160,-167,-170
IMU1,10036,103740713,-1635,451,-856,194,-316,-121
IMU1,10037,103751152,-1505,353,-1094,168,-396,-68
IMU1,10038,103762114,-1489,415,-1067,7,-155,31
IMU1,10039,103772045,-1532,451,-978,-61,115,59
IMU1,10040,103781989,-1604,425,-915,-99,318,57
IMU1,10041,103791937,-1665,387,-852,-107,349,53
IMU1,10042,103802084,-1665,340,-805,-98,264,45
IMU1,10043,103812008,-1643,328,-809,-73,149,40
IMU1,10044,103821927,-1670,392,-784,-30,81,44
IMU1,10045,103831671,-1694,483,-801,31,74,64
IMU1,10046,103841324,-1777,468,-819,93,80,94
IMU1,10047,103850953,-1801,363,-820,129,70,146
IMU1,10048,103860993,-1771,338,-819,133,23,210
IMU1,10049,103871027,-1743,310,-807,114,-13,254
IMU1,10050,103881177,-1744,292,-800,89,-7,282
IMU1,10051,103890913,-1754,312,-784,55,43,307
IMU1,10052,103900772,-1813,344,-732,27,131,323
IMU1,10053,103910822,-1944,407,-670,2,211,332
IMU1,10054,103920663,-2078,420,-646,-16,244,347
IMU1,10055,103930791,-2163,400,-617,-35,200,365
IMU1,10056,103940945,-2189,346,-611,-56,88,379
IMU1,10057,103950889,-2177,309,-592,-65,-42,382
IMU1,10058,103960934,-2175,288,-582,-64,-117,367
IMU1,10059,103971176,-2221,281,-534,-35,-110,347
IMU1,10060,103981427,-2310,287,-436,7,-50,321
IMU1,10061,103991183,-2432,330,-290,83,15,297
IMU1,10062,104002600,-2707,405,53,289,10,205
IMU1,10063,104012325,-2869,412,216,412,-105,152
IMU1,10064,104022564,-3001,419,346,513,-303,114
IMU1,10065,104032808,-3080,422,438,587,-541,89
IMU1,10066,104042854,-3141,433,512,622,-772,56
IMU1,10067,104052907,-3182,458,591,619,-951,28
IMU1,10068,104062965,-3216,486,652,562,-1035,-5
IMU1,10069,104073096,-3252,557,751,471,-1049,-52
IMU1,10070,104083437,-3288,645,854,351,-1032,-117
IMU1,10071,104093964,-3367,738,947,209,-1008,-210
IMU1,10072,104104500,-3468,818,1043,45,-1011,-321
IMU1,10073,104115029,-3517,857,1175,-135,-1062,-439
IMU1,10074,104125887,-3581,923,1366,-304,-1143,-565
IMU1,10075,104137251,-3830,1089,1474,-618,-1262,-785
IMU1,10076,104148314,-3997,1243,1587,-750,-1321,-858
IMU1,10077,104159372,-4080,1445,1740,-865,-1430,-918
IMU1,10078,104170422,-4072,1651,1905,-941,-1590,-1006
IMU1,10079,104181668,-4083,1839,1949,-996,-1812,-1135
IMU1,10080,104192919,-4133,2109,1854,-1084,-2099,-1287
IMU1,10081,104204342,-4007,2672,1484,-1472,-2710,-1538
IMU1,10082,104215772,-3876,2978,1300,-1789,-2913,-1633
IMU1,10083,104227206,-3771,3317,1191,-2153,-3012,-1714
IMU1,10084,104238655,-3696,3689,1130,-2533,-3008,-1792
IMU1,10085,104250107,-3670,4043,1209,-2887,-2875,-1897
IMU1,10086,104261543,-4391,4865,1415,-3557,-2410,-2272
IMU1,10087,104272996,-5121,5386,1297,-3991,-2449,-2468
IMU1,10088,104284437,-5687,6210,953,-4595,-2818,-2649
IMU1,10089,104295689,-5975,7015,367,-5445,-3489,-2873
IMU1,10090,104306940,-6176,7748,-285,-6591,-4251,-3168
IMU1,10091,104318305,-6090,8462,-1660,-7971,-4858,-3481
IMU1,10092,104329876,-5803,9019,-1888,-11040,-4637,-3971
IMU1,10093,104341632,-5436,8968,-1974,-12356,-3922,-4171
IMU1,10094,104353388,-5125,8789,-1858,-13371,-3075,-4467
IMU1,10095,104365144,-4851,8516,-1626,-14032,-2314,-4849
IMU1,10096,104376899,-3752,8054,-1436,-14442,-1522,-5549
IMU1,10097,104388647,-3239,7883,-1433,-14344,-1596,-5846
IMU1,10098,104400402,-2679,7777,-1625,-14112,-1746,-6063
IMU1,10099,104412140,-2225,7263,-1564,-13758,-1603,-6174
IMU1,10100,104423902,-2075,6802,-1267,-13190,-949,-6162
IMU1,10101,104435464,-1858,5990,-1295,-11397,223,-5754
IMU1,10102,104446928,-1629,5821,-1610,-10471,59,-5483
IMU1,10103,104458179,-1373,5603,-1788,-9675,-609,-5245
IMU1,10104,104469515,-1087,5389,-1811,-8964,-1480,-5015
IMU1,10105,104481057,-879,5065,-2057,-8266,-2260,-4783
IMU1,10106,104492406,-519,4345,-2073,-6838,-3255,-4226
IMU1,10107,104506305,-436,4040,-2169,-6015,-3335,-3922
IMU1,10108,104517649,-388,3679,-2323,-5162,-3186,-3604
IMU1,10109,104529002,-137,3313,-2399,-4333,-2892,-3310
IMU1,10110,104540349,-34,2922,-2540,-2831,-2020,-3006
IMU1,10111,104551492,-623,2791,-2780,-2224,-1490,-2888
IMU1,10112,104562838,-771,2686,-2750,-1733,-974,-2558
IMU1,10113,104573988,-853,2555,-2326,-1291,-587,-2191
IMU1,10114,104585141,-872,2555,-2825,-779,-443,-1919
IMU1,10115,104596095,-1645,2213,-2840,-407,-600,-1557
IMU1,10116,104607234,-1426,1925,-2800,-139,-870,-1061
IMU1,10117,104618369,-1307,1726,-2764,156,-746,-345
IMU1,10118,104629207,-1358,1551,-2779,163,-527,-66
IMU1,10119,104639850,-1309,1313,-2796,118,-307,151
IMU1,10120,104650614,-1281,1176,-2727,50,-94,318
IMU1,10121,104660959,-1244,1036,-2624,-11,163,416
IMU1,10122,104671491,-1280,930,-2512,-30,449,453
IMU1,10123,104681846,-1368,853,-2390,-6,691,459
IMU1,10124,104691995,-1424,833,-2267,67,820,455
IMU1,10125,104702255,-1394,835,-2199,194,776,440
IMU1,10126,104712719,-1443,689,-2168,346,548,394
IMU1,10127,104723692,-1472,618,-2127,664,-130,339
IMU1,10128,104734236,-1398,525,-2073,818,-383,324
IMU1,10129,104744792,-1370,388,-2160,954,-524,301
IMU1,10130,104755355,-1327,281,-2122,1047,-544,262
IMU1,10131,104766094,-1287,215,-2084,1101,-468,231
IMU1,10132,104776834,-1285,130,-1994,1128,-328,210
IMU1,10133,104787569,-1400,2,-1959,1128,-183,211
IMU1,10134,104797912,-1356,-57,-1771,1115,-93,258
IMU1,10135,104808372,-1312,-128,-1620,1133,-91,308
IMU1,10136,104819003,-1405,-267,-1583,1176,-189,378
IMU1,10137,104829855,-1330,-261,-1521,1221,-508,421
IMU1,10138,104840702,-1250,-278,-1505,1213,-563,438
IMU1,10139,104851555,-1207,-324,-1519,1184,-518,416
IMU1,10140,104862410,-1177,-366,-1535,1132,-424,382
IMU1,10141,104873223,-1144,-398,-1539,1062,-299,343
IMU1,10142,104884039,-1109,-429,-1515,983,-138,305
IMU1,10143,104894653,-1076,-439,-1480,910,59,277
IMU1,10144,104904984,-1073,-428,-1364,846,265,255
IMU1,10145,104916014,-1172,-405,-1280,764,576,247
IMU1,10146,104926528,-1201,-391,-1228,744,605,256
IMU1,10147,104937063,-1211,-394,-1180,739,517,258
IMU1,10148,104947599,-1188,-415,-1183,741,343,251
IMU1,10149,104958131,-1161,-437,-1184,749,127,236
IMU1,10150,104968673,-1144,-447,-1228,759,-88,218
IMU1,10151,104979081,-1127,-447,-1247,767,-243,199
IMU1,10152,104989694,-1119,-487,-1271,773,-312,187
IMU1,10153,105000318,-1082,-536,-1305,774,-294,179
IMU1,10154,105010940,-1075,-610,-1272,763,-220,156
IMU1,10155,105022099,-1158,-638,-1271,724,-83,110
IMU1,10156,105032522,-1213,-637,-1265,690,-66,103
IMU1,10157,105042943,-1284,-635,-1268,663,-78,81
IMU1,10158,105053159,-1355,-619,-1249,624,-93,73
IMU1,10159,105063393,-1387,-594,-1246,578,-96,85
IMU1,10160,105073610,-1387,-546,-1256,521,-85,94
IMU1,10161,105083822,-1360,-491,-1263,463,-71,93
IMU1,10162,105094043,-1322,-489,-1254,406,-68,85
IMU1,10163,105104250,-1271,-485,-1250,351,-75,69
IMU1,10164,105114466,-1224,-436,-1247,309,-83,44
IMU1,10165,105124681,-1184,-419,-1261,280,-86,17
IMU1,10166,105134892,-1162,-447,-1271,268,-102,-6
IMU1,10167,105145205,-1166,-434,-1288,271,-151,-17
IMU1,10168,105156752,-1213,-338,-1452,316,-307,20
IMU1,10169,105167183,-1223,-308,-1530,324,-360,65
IMU1,10170,105177609,-1201,-270,-1570,335,-343,106
IMU1,10171,105188221,-1203,-255,-1589,356,-238,145
IMU1,10172,105198841,-1168,-278,-1590,393,-75,179
IMU1,10173,105209273,-1090,-369,-1565,453,107,189
IMU1,10174,105219802,-1056,-427,-1528,538,258,172
IMU1,10175,105230323,-1043,-509,-1486,649,341,145
IMU1,10176,105240839,-1064,-627,-1463,780,341,115
IMU1,10177,105251372,-1099,-785,-1525,912,267,92
IMU1,10178,105262229,-1219,-776,-1464,1155,60,101
IMU1,10179,105272768,-1338,-824,-1444,1250,-34,128
IMU1,10180,105283381,-1350,-927,-1434,1322,-111,171
IMU1,10181,105294190,-1304,-1020,-1370,1376,-178,212
IMU1,10182,105305197,-1288,-1139,-1337,1416,-233,230
IMU1,10183,105316224,-1299,-1271,-1284,1443,-279,226
IMU1,10184,105327237,-1328,-1348,-1223,1469,-310,204
IMU1,10185,105338263,-1389,-1386,-1233,1489,-320,109
IMU1,10186,105349284,-1461,-1388,-1251,1436,-340,57
IMU1,10187,105360098,-1514,-1414,-1256,1344,-356,18
IMU1,10188,105370917,-1525,-1416,-1276,1221,-366,-1
IMU1,10189,105381637,-1496,-1400,-1287,1072,-377,-8
IMU1,10190,105392354,-1420,-1418,-1283,913,-384,-11
IMU1,10191,105403074,-1390,-1437,-1260,759,-368,-19
IMU1,10192,105413808,-1349,-1447,-1254,619,-323,-24
IMU1,10193,105424531,-1285,-1420,-1278,493,-244,-33
IMU1,10194,105435251,-1274,-1383,-1266,276,-50,-70
IMU1,10195,105445787,-1296,-1366,-1261,200,15,-97
IMU1,10196,105456208,-1309,-1338,-1283,139,45,-119
IMU1,10197,105466821,-1348,-1295,-1282,95,30,-130
IMU1,10198,105477248,-1368,-1271,-1287,59,-6,-119
IMU1,10199,105487556,-1354,-1259,-1295,33,-31,-94
IMU1,10200,105497877,-1334,-1220,-1288,14,-42,-67
IMU1,10201,105510737,-1297,-1195,-1255,5,-44,-53
IMU1,10202,105521904,-1269,-1162,-1242,26,-39,-64
IMU1,10203,105532231,-1269,-1146,-1226,44,-55,-79
IMU1,10204,105542558,-1278,-1130,-1204,77,-86,-107
IMU1,10205,105553080,-1303,-1103,-1214,106,-134,-128
IMU1,10206,105563997,-1336,-1079,-1209,133,-183,-140
IMU1,10207,105574924,-1361,-1062,-1219,146,-217,-138
IMU1,10208,105585833,-1360,-1062,-1217,152,-222,-128
IMU1,10209,105596754,-1347,-1038,-1222,147,-205,-124
IMU1,10210,105607681,-1347,-1000,-1227,130,-135,-147
IMU1,10211,105618577,-1356,-995,-1210,97,-103,-161
IMU1,10212,105629084,-1361,-982,-1201,78,-80,-162
IMU1,10213,105639389,-1357,-983,-1197,71,-58,-158
IMU1,10214,105649713,-1342,-985,-1197,70,-30,-156
IMU1,10215,105660040,-1339,-980,-1180,73,-25,-149
IMU1,10216,105670361,-1342,-982,-1171,90,-54,-139
IMU1,10217,105680694,-1353,-979,-1153,115,-105,-122
IMU1,10218,105691391,-1358,-978,-1146,145,-149,-98
IMU1,10219,105701905,-1378,-977,-1143,177,-187,-72
IMU1,10220,105712423,-1361,-982,-1160,205,-213,-54
IMU1,10221,105722936,-1353,-969,-1184,218,-219,-64
IMU1,10222,105733452,-1352,-966,-1193,206,-190,-74
IMU1,10223,105743966,-1355,-979,-1201,186,-154,-82
IMU1,10224,105754486,-1364,-980,-1182,171,-121,-91
IMU1,10225,105764996,-1385,-990,-1173,167,-102,-88
IMU1,10226,105775504,-1395,-1002,-1173,167,-82,-62
IMU1,10227,105786024,-1378,-1000,-1178,171,-62,-33
IMU1,10228,105796534,-1366,-1006,-1160,173,-57,-13
IMU1,10229,105807045,-1383,-1011,-1150,179,-63,-4
IMU1,10230,105817362,-1376,-1017,-1145,188,-76,1
IMU1,10231,105827596,-1374,-1021,-1129,199,-89,2
IMU1,10232,105837828,-1387,-1030,-1151,209,-95,0
IMU1,10233,105849007,-1373,-1044,-1131,224,-86,-16
IMU1,10234,105859519,-1383,-1043,-1132,245,-77,-33
IMU1,10235,105870041,-1393,-1053,-1130,258,-78,-39
IMU1,10236,105880570,-1403,-1048,-1141,277,-77,-42
IMU1,10237,105891098,-1393,-1031,-1203,290,-73,-40
IMU1,10238,105901628,-1402,-1020,-1291,286,-54,-36
IMU1,10239,105912148,-1407,-980,-1446,262,3,-32
IMU1,10240,105922183,-1424,-950,-1628,212,94,-25
IMU1,10241,105932396,-1459,-964,-1747,150,233,-6
IMU1,10242,105942618,-1515,-988,-1808,113,459,33
IMU1,10243,105952942,-1552,-983,-1883,119,756,84
IMU1,10244,105963272,-1540,-935,-1929,176,1044,135
IMU1,10245,105973995,-1544,-891,-1905,507,1277,154
IMU1,10246,105984736,-1525,-847,-1921,782,1177,103
IMU1,10247,105995443,-1513,-813,-1948,1085,1021,23
IMU1,10248,106006163,-1474,-765,-1984,1397,872,-63
IMU1,10249,106016777,-1441,-748,-1994,1694,775,-151
IMU1,10250,106027589,-1446,-721,-1983,1974,746,-219
IMU1,10251,106038403,-1476,-696,-1952,2237,763,-250
IMU1,10252,106049222,-1467,-683,-1907,2470,787,-240
IMU1,10253,106060562,-1406,-688,-1708,2851,903,-187
IMU1,10254,106071384,-1397,-708,-1577,3015,1000,-168
IMU1,10255,106082413,-1369,-741,-1434,3166,1087,-155
IMU1,10256,106093441,-1354,-765,-1286,3312,1137,-159
IMU1,10257,106104450,-1372,-785,-1155,3456,1125,-175
IMU1,10258,106115471,-1386,-806,-1037,3592,1065,-188
IMU1,10259,106126488,-1399,-866,-823,3718,988,-193
IMU1,10260,106137629,-1397,-890,-761,3942,823,-186
IMU1,10261,106148239,-1384,-929,-670,4028,759,-176
IMU1,10262,106158859,-1381,-950,-576,4092,735,-169
IMU1,10263,106169490,-1375,-952,-542,4145,751,-169
IMU1,10264,106180118,-1357,-1008,-390,4180,781,-173
IMU1,10265,106190934,-1362,-1028,-241,4209,823,-186
IMU1,10266,106201739,-1327,-1041,-126,4235,857,-213
IMU1,10267,106212545,-1312,-1063,13,4259,844,-258
IMU1,10268,106223064,-1286,-1071,188,4291,780,-354
IMU1,10269,106233793,-1224,-1069,282,4369,609,-402
IMU1,10270,106244524,-1174,-1033,349,4424,589,-457
IMU1,10271,106255247,-1150,-1014,419,4474,642,-513
IMU1,10272,106265974,-1137,-1001,487,4505,747,-560
IMU1,10273,106276690,-1122,-987,565,4506,864,-602
IMU1,10274,106287218,-1110,-973,624,4477,960,-643
IMU1,10275,106297758,-1079,-1006,688,4419,1017,-685
IMU1,10276,106308676,-1156,-905,841,4349,1024,-719
IMU1,10277,106319413,-1064,-816,1002,4297,1011,-726
IMU1,10278,106330339,-1010,-768,1044,4167,1045,-744
IMU1,10279,106341264,-1014,-717,1137,4044,1169,-791
IMU1,10280,106352202,-1018,-642,1222,3892,1368,-834
IMU1,10281,106363121,-1024,-575,1281,3727,1558,-867
IMU1,10282,106374053,-1021,-561,1345,3551,1652,-887
IMU1,10283,106384977,-1044,-555,1333,3359,1646,-890
IMU1,10284,106395898,-878,-507,1450,3137,1572,-874
IMU1,10285,106406645,-792,-519,1412,2709,1384,-917
IMU1,10286,106417374,-915,-502,1221,2460,1353,-929
IMU1,10287,106428107,-1039,-424,1264,2180,1332,-918
IMU1,10288,106439042,-793,-392,1514,1934,1318,-893
IMU1,10289,106449777,-1546,-542,1060,1732,1333,-871
IMU1,10290,106460708,-1308,-370,1546,1488,1357,-620
IMU1,10291,106471646,-1696,-725,816,1231,1407,-345
IMU1,10292,106482377,-933,-616,1630,932,1547,-29
IMU1,10293,106493244,-1307,-663,1462,691,1747,169
IMU1,10294,106503880,-1306,-698,1481,612,1512,277
IMU1,10295,106517052,-1340,-759,1537,577,1215,302
IMU1,10296,106527678,-1443,-759,1592,605,983,312
IMU1,10297,106538118,-1541,-765,1589,702,836,328
IMU1,10298,106548545,-1503,-729,1726,863,763,361
IMU1,10299,106558963,-1497,-694,1626,1072,751,390
# swing_peak_seq=10273
IMU1,10300,106570111,-1469,-700,1573,1430,859,424
IMU1,10301,106580743,-1490,-702,1516,1541,952,456
IMU1,10302,106591379,-1478,-695,1482,1608,1007,506
IMU1,10303,106602196,-1477,-698,1456,1632,1002,569
IMU1,10304,106613013,-1443,-678,1423,1624,942,625
IMU1,10305,106623641,-1423,-648,1377,1597,851,667
IMU1,10306,106634277,-1442,-587,1315,1560,759,694
IMU1,10307,106644905,-1431,-521,1285,1514,690,706
IMU1,10308,106655530,-1499,-413,1340,1474,664,692
IMU1,10309,106666680,-1513,-359,1365,1477,720,637
IMU1,10310,106677312,-1516,-327,1351,1510,757,616
IMU1,10311,106687959,-1496,-290,1293,1564,789,591
IMU1,10312,106698613,-1431,-287,1307,1592,842,573
IMU1,10313,106709252,-1395,-334,1284,1611,931,542
IMU1,10314,106719877,-1715,-333,982,1603,1017,470
IMU1,10315,106730516,-1942,-315,901,1512,1072,535
IMU1,10316,106741164,-1803,-333,995,1372,1090,668
IMU1,10317,106751798,-1693,-241,1064,1247,1121,764
IMU1,10318,106762642,-1829,-194,975,1060,1123,759
IMU1,10319,106773266,-1949,-144,959,968,1051,735
IMU1,10320,106783702,-1990,-88,1019,887,1033,709
IMU1,10321,106794135,-1989,-22,1068,847,1091,657
IMU1,10322,106804564,-2020,-9,1064,840,1184,570
IMU1,10323,106814786,-2100,20,1057,841,1272,475
IMU1,10324,106825126,-2129,-7,1060,838,1356,401
IMU1,10325,106835343,-2139,-36,1045,827,1436,350
IMU1,10326,106845767,-2149,-41,1010,797,1505,321
IMU1,10327,106856194,-2142,-11,940,734,1554,308
IMU1,10328,106866433,-2028,41,848,630,1587,291
IMU1,10329,106876573,-1794,4,644,485,1629,184
IMU1,10330,106887541,-2875,-31,836,56,1889,5
IMU1,10331,106897174,-2210,-58,990,-75,1829,180
IMU1,10332,106907305,-1398,119,755,-160,1649,161
IMU1,10333,106917711,-2961,-89,938,-248,1616,-44
IMU1,10334,106927924,-2358,46,771,-315,1564,88
IMU1,10335,106937970,-2192,32,765,-400,1447,192
IMU1,10336,106948197,-2367,-56,950,-461,1461,227
IMU1,10337,106958524,-2319,-48,870,-482,1501,322
IMU1,10338,106968850,-2223,-49,846,-498,1426,377
IMU1,10339,106979174,-2350,-23,881,-504,1296,378
IMU1,10340,106989510,-2328,-44,839,-489,1177,392
IMU1,10341,106999840,-2309,-73,831,-467,1071,397
IMU1,10342,107010181,-2319,-103,814,-441,980,389
IMU1,10343,107020501,-2327,-123,784,-421,905,386
IMU1,10344,107030833,-2340,-149,746,-402,843,360
IMU1,10345,107041681,-2306,-161,717,-346,706,337
IMU1,10346,107051999,-2291,-169,701,-327,638,298
IMU1,10347,107062337,-2287,-169,684,-305,582,259
IMU1,10348,107072667,-2294,-186,687,-280,537,231
IMU1,10349,107082983,-2302,-181,679,-254,487,217
IMU1,10350,107093307,-2290,-170,654,-226,409,222
IMU1,10351,107103631,-2256,-160,630,-200,318,239
IMU1,10352,107113980,-2214,-143,611,-182,245,256
IMU1,10353,107124312,-2184,-144,592,-170,199,264
IMU1,10354,107134647,-2174,-128,572,-157,168,269
IMU1,10355,107144983,-2166,-116,551,-153,135,274
IMU1,10356,107155317,-2177,-108,539,-147,109,276
IMU1,10357,107166685,-2194,-106,530,-133,67,277
IMU1,10358,107176824,-2189,-101,511,-136,41,274
IMU1,10359,107186955,-2205,-88,485,-143,-2,266
IMU1,10360,107196792,-2148,-69,468,-148,-34,228
IMU1,10361,107206835,-2141,-61,456,-156,-58,173
IMU1,10362,107216855,-2132,-42,430,-177,-69,118
IMU1,10363,107226865,-2110,-29,411,-202,-65,63
IMU1,10364,107236686,-2103,-3,402,-238,-47,19
IMU1,10365,107246303,-2087,17,404,-276,-17,-18
IMU1,10366,107256117,-2079,29,405,-315,7,-44
IMU1,10367,107265650,-2097,49,412,-347,7,-56
IMU1,10368,107275164,-2076,58,399,-372,-12,-55
IMU1,10369,107284995,-2076,70,384,-397,-29,-54
IMU1,10370,107294820,-2069,68,376,-418,-38,-52
IMU1,10371,107304643,-2079,66,379,-435,-47,-48
IMU1,10372,107314472,-2102,50,364,-443,-68,-35
IMU1,10373,107324313,-2075,44,328,-455,-96,-11
IMU1,10374,107334136,-2066,48,301,-472,-112,6
IMU1,10375,107343874,-2062,55,274,-496,-106,8
IMU1,10376,107353608,-2036,63,273,-528,-95,4
IMU1,10377,107363135,-2036,73,277,-556,-82,-6
IMU1,10378,107372773,-2033,74,274,-568,-79,-13
IMU1,10379,107382612,-2034,74,314,-573,-90,-17
IMU1,10380,107392447,-2010,82,323,-558,-116,-16
IMU1,10381,107402461,-2026,79,296,-527,-153,-19
IMU1,10382,107412483,-2024,49,273,-499,-188,-23
IMU1,10383,107422495,-2029,50,256,-479,-202,-29
IMU1,10384,107432519,-2039,33,244,-466,-201,-28
IMU1,10385,107442544,-2037,29,240,-447,-194,-24
IMU1,10386,107452570,-2039,39,252,-432,-199,-19
IMU1,10387,107462603,-2027,49,296,-405,-222,-16
IMU1,10388,107472623,-2041,43,233,-358,-252,-16
IMU1,10389,107483695,-1971,51,230,-295,-284,-12
IMU1,10390,107493717,-1967,57,212,-270,-247,-20
IMU1,10391,107503746,-1966,59,199,-257,-202,-21
IMU1,10392,107513776,-1964,63,178,-256,-163,-22
# exclude_peak_seq=10273
IMU1,10393,107526356,-1973,66,173,-264,-132,-14
IMU1,10394,107536364,-1975,67,176,-270,-96,-4
IMU1,10395,107545971,-1974,60,185,-284,-66,15
IMU1,10396,107555680,-1990,43,187,-296,-44,36
IMU1,10397,107565398,-2004,35,183,-301,-32,58
IMU1,10398,107575118,-2008,40,173,-305,-31,76
IMU1,10399,107584841,-1982,46,162,-310,-21,84
IMU1,10400,107594548,-1958,53,152,-320,5,76
IMU1,10401,107603972,-1958,60,141,-332,44,56
IMU1,10402,107613586,-1967,57,142,-339,95,30
IMU1,10403,107623206,-1960,52,142,-348,145,6
IMU1,10404,107632811,-1983,50,169,-349,181,-14
IMU1,10405,107642709,-2010,52,183,-346,190,-14
IMU1,10406,107652626,-2017,49,200,-332,180,-3
IMU1,10407,107662331,-2043,49,203,-312,156,20
IMU1,10408,107672153,-2051,40,193,-288,128,55
IMU1,10409,107681975,-2039,34,178,-266,105,95
IMU1,10410,107691785,-2023,40,169,-249,99,127
IMU1,10411,107701596,-2020,40,163,-229,107,150
IMU1,10412,107711618,-2018,34,154,-212,124,160
IMU1,10413,107721647,-2022,17,155,-199,146,157
IMU1,10414,107731667,-2021,12,151,-194,156,148
IMU1,10415,107741684,-2027,15,150,-190,166,128
IMU1,10416,107751695,-2031,-10,163,-183,185,103
IMU1,10417,107762837,-2072,-7,163,-180,196,91
IMU1,10418,107772560,-2069,-10,168,-162,188,72
IMU1,10419,107782473,-2083,-12,167,-140,188,55
IMU1,10420,107792373,-2086,-23,168,-127,195,61
IMU1,10421,107802278,-2099,2,160,-118,197,70
IMU1,10422,107811898,-2083,0,167,-103,197,71
IMU1,10423,107821410,-2084,-1,162,-94,191,69
IMU1,10424,107830929,-2103,3,163,-83,184,62
IMU1,10425,107840348,-2101,1,169,-81,178,56
IMU1,10426,107849752,-2103,4,167,-81,166,53
IMU1,10427,107859163,-2093,0,174,-76,151,54
IMU1,10428,107868494,-2099,-2,176,-65,136,52
IMU1,10429,107878006,-2104,-1,166,-59,116,54
IMU1,10430,107888052,-2095,-2,168,-53,96,67
IMU1,10431,107897369,-2098,1,167,-38,94,64
IMU1,10432,107907119,-2084,3,156,-29,88,64
IMU1,10433,107916873,-2067,-2,158,-19,84,57
IMU1,10434,107926196,-2074,7,159,-9,85,40
IMU1,10435,107935759,-2070,9,162,4,94,21
IMU1,10436,107945742,-2062,9,168,11,102,14
IMU1,10437,107955068,-2070,11,184,10,87,16
IMU1,10438,107964929,-2076,-1,208,30,70,9
IMU1,10439,107974490,-2091,-17,237,50,50,17
IMU1,10440,107983913,-2101,-36,255,75,32,33
IMU1,10441,107993875,-2136,-78,314,103,13,50
IMU1,10442,108003512,-2207,-118,418,154,-20,72
IMU1,10443,108013441,-2261,-160,502,232,-81,95
IMU1,10444,108023354,-2270,-200,529,335,-186,119
IMU1,10445,108033680,-2231,-176,526,436,-294,110
IMU1,10446,108043993,-2228,-280,549,515,-341,45
IMU1,10447,108054126,-2321,-368,555,547,-337,-55
IMU1,10448,108064348,-2391,-448,619,550,-342,-161
IMU1,10449,108074767,-2422,-541,693,536,-372,-276
IMU1,10450,108085196,-2515,-626,839,522,-422,-394
IMU1,10451,108095630,-2595,-628,967,529,-468,-487
IMU1,10452,108106061,-2592,-593,1047,559,-492,-570
IMU1,10453,108116694,-2526,-582,1108,578,-458,-681
IMU1,10454,108127333,-2609,-591,1229,559,-336,-1013
IMU1,10455,108138177,-2695,-572,1290,419,-119,-1177
IMU1,10456,108148987,-2724,-558,1343,315,-131,-1325
IMU1,10457,108159802,-2731,-524,1396,197,-185,-1474
IMU1,10458,108170630,-2810,-488,1445,79,-261,-1599
IMU1,10459,108181241,-2859,-415,1475,-41,-353,-1685
IMU1,10460,108191941,-2828,-357,1496,-167,-439,-1766
IMU1,10461,108202854,-2884,-287,1537,-299,-518,-1864
IMU1,10462,108213767,-3032,-148,1605,-428,-604,-2072
IMU1,10463,108224679,-3093,-84,1640,-659,-877,-2168
IMU1,10464,108235384,-3151,-25,1610,-755,-1090,-2269
IMU1,10465,108246312,-3169,36,1522,-859,-1337,-2372
IMU1,10466,108257152,-3150,77,1471,-976,-1587,-2475
IMU1,10467,108267999,-3217,120,1324,-1110,-1807,-2552
IMU1,10468,108279226,-3224,145,1164,-1259,-1989,-2581
IMU1,10469,108290444,-3059,167,910,-1419,-2116,-2584
IMU1,10470,108301463,-2970,166,817,-1726,-2177,-2576
IMU1,10471,108312472,-2984,130,712,-1843,-2112,-2552
IMU1,10472,108323514,-2978,58,674,-1925,-1999,-2508
IMU1,10473,108334348,-2913,43,643,-1961,-1835,-2455
IMU1,10474,108345177,-2826,-2,539,-1942,-1609,-2402
IMU1,10475,108355890,-2817,-58,425,-1882,-1361,-2341
IMU1,10476,108366807,-2797,-98,260,-1798,-1170,-2263
IMU1,10477,108377728,-2379,-185,69,-1607,-1149,-2181
IMU1,10478,108388646,-2258,-216,-25,-1508,-1316,-2197
IMU1,10479,108399664,-2053,-268,-98,-1417,-1564,-2232
IMU1,10480,108410699,-1862,-341,-144,-1344,-1868,-2289
IMU1,10481,108421916,-1864,-433,-154,-1278,-2162,-2335
IMU1,10482,108433140,-1873,-525,-155,-1208,-2373,-2312
IMU1,10483,108444371,-1681,-736,-199,-1119,-2455,-2235
IMU1,10484,108455591,-1583,-866,-217,-892,-2339,-2037
IMU1,10485,108466623,-1472,-988,-236,-759,-2238,-1925
IMU1,10486,108477645,-1420,-1119,-212,-625,-2137,-1816
IMU1,10487,108488869,-1343,-1201,-186,-474,-2059,-1706
IMU1,10488,108500072,-1250,-1255,-178,-320,-2039,-1616
IMU1,10489,108511279,-1117,-1316,-204,-164,-2092,-1553
IMU1,10490,108522500,-868,-1422,-238,121,-2347,-1521
IMU1,10491,108535984,-782,-1498,-221,228,-2471,-1500
IMU1,10492,108546931,-702,-1560,-211,317,-2513,-1478
IMU1,10493,108557850,-697,-1641,-163,382,-2485,-1438
IMU1,10494,108568755,-595,-1663,-122,430,-2416,-1370
IMU1,10495,108579669,-508,-1639,13,512,-2194,-1197
IMU1,10496,108590298,-460,-1631,99,557,-2066,-1078
IMU1,10497,108600923,-326,-1608,122,606,-1985,-944
IMU1,10498,108611537,-251,-1594,111,644,-1984,-829
IMU1,10499,108622157,-232,-1610,107,664,-2043,-720
IMU1,10500,108632773,-111,-1587,81,661,-2098,-610
IMU1,10501,108643205,-76,-1656,62,636,-2125,-522
IMU1,10502,108653428,17,-1711,-158,594,-2105,-433
IMU1,10503,108663858,-9,-1890,-126,451,-1995,-353
IMU1,10504,108674187,246,-1892,-400,282,-1760,-282
IMU1,10505,108684799,45,-2234,-56,40,-1374,-250
IMU1,10506,108695877,151,-2153,66,-272,-506,-189
IMU1,10507,108706115,36,-2043,3,-313,-285,-193
IMU1,10508,108715948,116,-2231,-48,-329,-265,-189
IMU1,10509,108726273,114,-2309,30,-348,-359,-186
IMU1,10510,108736505,239,-2305,0,-350,-446,-212
IMU1,10511,108746437,176,-2418,58,-335,-442,-305
IMU1,10512,108756669,98,-2425,4,-292,-342,-412
IMU1,10513,108766498,184,-2393,-5,-251,-180,-515
IMU1,10514,108776632,258,-2271,33,-210,-1,-643
IMU1,10515,108786469,257,-2300,98,-157,172,-782
IMU1,10516,108796619,221,-2074,81,-103,276,-905
IMU1,10517,108806760,268,-2079,36,-80,313,-999
IMU1,10518,108816673,344,-2032,139,-75,330,-1071
IMU1,10519,108826982,332,-1730,170,-62,352,-1120
IMU1,10520,108837292,322,-1762,263,-41,388,-1119
IMU1,10521,108847603,336,-1424,266,-4,450,-1071
IMU1,10522,108857724,472,346,-232,29,571,-1001
IMU1,10523,108868781,425,-867,719,18,911,-1055
IMU1,10524,108878815,457,-327,596,84,997,-1114
IMU1,10525,108888844,1095,820,470,186,1040,-1175
IMU1,10526,108899369,2632,-1851,-209,269,1004,-1331
IMU1,10527,108910281,2448,-3650,22,285,638,-1583
IMU1,10528,108920726,-800,-3061,911,363,90,-1743
IMU1,10529,108931056,-1271,-1993,899,529,-93,-1330
IMU1,10530,108941685,-138,-1244,241,625,130,-788
IMU1,10531,108952015,447,-437,-250,550,641,-420
IMU1,10532,108962144,565,-809,368,356,1407,-122
IMU1,10533,108972356,-156,-1055,386,228,2417,229
IMU1,10534,108982784,-363,-1120,299,94,3392,702
IMU1,10535,108994055,-334,-815,424,-195,3374,1559
IMU1,10536,109004579,-264,-557,927,-260,2887,1836
IMU1,10537,109015115,-95,-722,848,-168,2596,2036
IMU1,10538,109025437,-368,-864,772,-51,2648,2192
IMU1,10539,109035771,-396,-624,571,39,2967,2309
IMU1,10540,109046019,-236,-249,448,59,3342,2343
IMU1,10541,109056254,-287,-69,507,28,3607,2263
IMU1,10542,109066267,-392,-51,618,-4,3720,2122
IMU1,10543,109076198,-340,-88,636,-20,3697,1940
IMU1,10544,109086331,-421,-206,543,-23,3527,1734
IMU1,10545,109096663,-566,-377,328,-42,3267,1571
IMU1,10546,109106992,-701,-435,93,-104,3046,1463
IMU1,10547,109117338,-802,-492,-317,-233,2944,1399
IMU1,10548,109128503,-1278,-610,-472,-651,3167,1380
IMU1,10549,109139334,-1589,-690,-504,-897,3386,1446
IMU1,10550,109150157,-1968,-894,-366,-1112,3556,1591
IMU1,10551,109161204,-2278,-1095,-165,-1245,3612,1834
IMU1,10552,109172426,-2355,-1238,78,-1271,3540,2147
IMU1,10553,109183379,-2385,-1324,304,-1183,3420,2467
IMU1,10554,109194532,-2104,-1141,378,-992,3285,2746
IMU1,10555,109205469,-2211,-920,465,-445,2912,3056
IMU1,10556,109216210,-2181,-1032,-71,-127,2726,3150
IMU1,10557,109227040,-2199,-867,-199,85,2560,3217
IMU1,10558,109237566,-2413,-919,-566,171,2533,3254
IMU1,10559,109248315,-2685,-940,-498,137,2706,3303
IMU1,10560,109259049,-3027,-925,-550,67,2926,3383
IMU1,10561,109269597,-3420,-637,-117,-5,3021,3486
IMU1,10562,109280047,-3528,-527,315,60,2964,3631
IMU1,10563,109290481,-3590,-356,485,335,2745,3812
IMU1,10564,109301639,-4505,-342,483,1172,1717,4487
IMU1,10565,109312479,-3879,-457,-229,1443,1260,4973
IMU1,10566,109323405,-3667,-183,-191,1535,1203,5286
IMU1,10567,109334330,-3888,-166,-157,1539,1352,5477
IMU1,10568,109345272,-3938,-146,286,1555,1439,5628
IMU1,10569,109356123,-3502,-63,424,1671,1394,5676
IMU1,10570,109366779,-3279,47,441,1827,1177,5511
IMU1,10571,109377323,-3459,250,396,1983,846,5198
IMU1,10572,109388384,-3449,190,311,2254,129,4511
IMU1,10573,109398937,-3209,23,281,2333,-39,4131
IMU1,10574,109409183,-3097,-17,354,2377,-110,3700
IMU1,10575,109419735,-2788,258,362,2400,-48,3192
IMU1,10576,109430186,-2164,294,264,2380,44,2540
IMU1,10577,109440547,-2250,173,182,2291,14,1768
IMU1,10578,109450872,-2550,111,-32,2119,-25,1079
IMU1,10579,109461208,-2857,88,-247,1849,-3,582
IMU1,10580,109471130,-3006,109,-287,1516,77,282
IMU1,10581,109481371,-2989,28,-274,1185,201,136
IMU1,10582,109491602,-3033,-62,-372,911,311,80
IMU1,10583,109501538,-2969,-124,-426,665,371,64
IMU1,10584,109511668,-2961,-108,-36,475,431,49
IMU1,10585,109522648,-3135,-74,176,473,549,24
IMU1,10586,109532491,-3106,-94,229,664,447,14
IMU1,10587,109544883,-2965,-54,92,878,166,-41
IMU1,10588,109554611,-2879,66,-21,1065,-143,-156
IMU1,10589,109564847,-2711,52,-227,1193,-375,-300
IMU1,10590,109575289,-2656,144,-466,1220,-515,-459
IMU1,10591,109585913,-2513,297,-533,1158,-527,-602
IMU1,10592,109596563,-2334,409,-494,1057,-460,-732
IMU1,10593,109607195,-2258,470,-487,951,-416,-863
IMU1,10594,109617629,-2036,646,-452,842,-402,-963
IMU1,10595,109628561,-2053,662,-476,647,-376,-1058
IMU1,10596,109639184,-2028,587,-472,557,-333,-1044
IMU1,10597,109649819,-1917,665,-513,471,-296,-1002
IMU1,10598,109660456,-1811,722,-581,385,-256,-963
IMU1,10599,109670885,-1772,670,-620,280,-173,-949
IMU1,10600,109681306,-1670,554,-739,160,-93,-930
IMU1,10601,109691532,-1626,544,-818,21,-16,-921
IMU1,10602,109701550,-1639,595,-693,-102,87,-923
IMU1,10603,109711776,-1664,586,-505,-143,205,-925
IMU1,10604,109722205,-1762,577,-363,-98,267,-908
IMU1,10605,109732429,-1828,520,-330,17,228,-857
IMU1,10606,109742559,-1812,434,-483,149,91,-783
IMU1,10607,109753740,-1689,372,-617,356,-227,-628
IMU1,10608,109764176,-1622,338,-797,395,-256,-565
IMU1,10609,109774603,-1538,316,-847,367,-173,-517
IMU1,10610,109785018,-1516,288,-785,325,23,-505
IMU1,10611,109795148,-1599,269,-732,291,240,-517
IMU1,10612,109805489,-1682,245,-668,275,368,-535
IMU1,10613,109815807,-1725,304,-615,282,355,-550
IMU1,10614,109826151,-1703,343,-581,317,268,-557
IMU1,10615,109836484,-1655,343,-612,353,190,-555
IMU1,10616,109846816,-1655,341,-716,367,149,-538
IMU1,10617,109857146,-1691,318,-770,348,129,-485
IMU1,10618,109867472,-1663,296,-813,302,150,-396
IMU1,10619,109878852,-1618,272,-788,167,261,-208
IMU1,10620,109889174,-1597,281,-703,102,290,-121
IMU1,10621,109899507,-1622,269,-660,75,305,-55
IMU1,10622,109909446,-1697,266,-620,75,284,7
IMU1,10623,109919088,-1741,262,-595,91,226,71
IMU1,10624,109928941,-1769,256,-605,121,155,132
IMU1,10625,109939178,-1771,219,-603,151,87,184
IMU1,10626,109949224,-1737,187,-569,185,30,215
IMU1,10627,109959262,-1668,182,-567,216,-11,226
IMU1,10628,109969387,-1664,184,-626,238,-41,210
IMU1,10629,109979520,-1710,133,-668,234,-42,196
IMU1,10630,109989646,-1765,142,-686,209,-10,197
IMU1,10631,109999771,-1784,147,-637,180,49,205
IMU1,10632,110009819,-1816,133,-568,156,99,209
IMU1,10633,110019859,-1866,135,-480,150,110,212
IMU1,10634,110030092,-1912,139,-439,172,82,219
IMU1,10635,110040132,-1938,115,-457,200,17,231
IMU1,10636,110050172,-1924,105,-553,218,-52,253
IMU1,10637,110061353,-1876,140,-622,175,-98,260
IMU1,10638,110071503,-1911,136,-664,116,-58,259
IMU1,10639,110081662,-1939,102,-678,35,15,260
IMU1,10640,110091480,-1966,87,-644,-42,89,268
IMU1,10641,110101200,-1993,95,-558,-93,130,271
IMU1,10642,110111119,-2030,85,-472,-110,135,274
IMU1,10643,110121247,-2057,99,-433,-87,125,272
IMU1,10644,110131162,-2076,100,-443,-45,91,270
IMU1,10645,110141098,-2048,55,-515,-14,27,267
IMU1,10646,110150828,-2027,60,-566,-3,-28,260
IMU1,10647,110160447,-2027,50,-568,-17,-20,245
IMU1,10648,110170257,-2041,45,-569,-39,26,234
IMU1,10649,110179979,-2075,85,-529,-56,61,232
IMU1,10650,110189717,-2093,82,-456,-58,84,227
IMU1,10651,110199439,-2069,34,-437,-47,78,220
IMU1,10652,110209173,-2063,36,-467,-32,36,195
IMU1,10653,110218897,-2055,56,-492,-27,-9,161
IMU1,10654,110228512,-2007,26,-541,-37,-24,116
IMU1,10655,110238328,-2012,40,-572,-66,-4,70
IMU1,10656,110247763,-2035,64,-565,-106,50,29
IMU1,10657,110257485,-2025,73,-544,-147,108,2
IMU1,10658,110267219,-2071,77,-506,-176,122,-20
IMU1,10659,110277235,-2082,79,-479,-182,105,-26
IMU1,10660,110287253,-2065,94,-467,-179,73,-24
IMU1,10661,110297077,-2059,104,-471,-179,42,-21
IMU1,10662,110307100,-2057,104,-485,-182,16,-20
IMU1,10663,110317122,-2021,117,-529,-197,-19,-20
IMU1,10664,110327239,-2008,125,-597,-232,-63,-25
IMU1,10665,110337362,-2006,128,-654,-278,-91,-27
IMU1,10666,110347469,-2007,132,-667,-335,-77,-19
IMU1,10667,110357586,-2000,127,-668,-391,-39,-5
IMU1,10668,110367514,-2003,120,-616,-435,1,5
IMU1,10669,110378619,-2022,121,-553,-467,29,-7
IMU1,10670,110388454,-2028,128,-535,-444,-8,-18
IMU1,10671,110398376,-2040,116,-534,-401,-73,-44
IMU1,10672,110408512,-2026,105,-591,-367,-164,-61
IMU1,10673,110418822,-2011,100,-636,-345,-243,-78
IMU1,10674,110429143,-1978,100,-653,-344,-286,-91
IMU1,10675,110439453,-1970,110,-665,-349,-270,-108
IMU1,10676,110449965,-1969,122,-647,-355,-219,-128
IMU1,10677,110460470,-1972,133,-597,-363,-156,-148
IMU1,10678,110471001,-1979,133,-592,-363,-107,-171
IMU1,10679,110481521,-2021,118,-594,-370,-86,-197
IMU1,10680,110491844,-2055,113,-550,-383,-82,-223
IMU1,10681,110502164,-2085,108,-448,-391,-109,-237
IMU1,10682,110513204,-2058,103,-427,-353,-255,-248
IMU1,10683,110523720,-2014,93,-455,-325,-362,-264
IMU1,10684,110534041,-2011,100,-491,-318,-465,-295
IMU1,10685,110547126,-2003,112,-522,-328,-544,-334
IMU1,10686,110557656,-2014,147,-572,-357,-581,-377
IMU1,10687,110568192,-2024,114,-565,-396,-552,-418
IMU1,10688,110578721,-2045,90,-524,-432,-463,-447
IMU1,10689,110589054,-2079,106,-501,-458,-371,-464
IMU1,10690,110600115,-2071,80,-485,-469,-326,-476
IMU1,10691,110610421,-2088,68,-446,-469,-346,-481
IMU1,10692,110620727,-2091,64,-439,-457,-359,-485
IMU1,10693,110631045,-2084,46,-455,-450,-380,-485
IMU1,10694,110641356,-2085,61,-459,-448,-420,-491
IMU1,10695,110651672,-2087,84,-537,-452,-462,-506
IMU1,10696,110661997,-2091,90,-631,-480,-481,-514
IMU1,10697,110672326,-2099,67,-687,-529,-427,-503
IMU1,10698,110682643,-2126,25,-693,-584,-283,-462
IMU1,10699,110692965,-2132,22,-652,-620,-91,-398
IMU1,10700,110703097,-2090,24,-606,-628,51,-336
IMU1,10701,110713138,-2082,21,-575,-604,86,-296
IMU1,10702,110723179,-2077,-12,-574,-558,44,-270
IMU1,10703,110734352,-2102,-31,-615,-463,-102,-239
IMU1,10704,110744782,-2087,-41,-613,-419,-171,-223
IMU1,10705,110755204,-2065,-28,-637,-367,-228,-221
IMU1,10706,110765624,-2001,-37,-648,-310,-244,-229
IMU1,10707,110776033,-1934,-39,-690,-250,-211,-248
IMU1,10708,110786446,-1926,-35,-738,-203,-155,-273
IMU1,10709,110796862,-1905,-37,-717,-168,-80,-299
IMU1,10710,110807068,-1873,-29,-715,-130,6,-322
IMU1,10711,110816986,-1895,-7,-702,-99,69,-337
IMU1,10712,110826714,-1904,12,-634,-70,117,-341
IMU1,10713,110836759,-1906,28,-531,-22,164,-342
IMU1,10714,110846796,-1921,34,-464,45,181,-341
IMU1,10715,110856731,-1938,33,-397,112,135,-331
IMU1,10716,110866864,-1939,37,-328,189,36,-315
IMU1,10717,110876800,-1931,44,-336,266,-66,-296
IMU1,10718,110886822,-1913,40,-409,316,-139,-271
IMU1,10719,110898092,-1900,40,-464,335,-182,-207
IMU1,10720,110908322,-1892,37,-522,294,-165,-180
IMU1,10721,110918547,-1875,18,-533,226,-140,-158
IMU1,10722,110928779,-1857,0,-557,144,-99,-146
IMU1,10723,110938508,-1860,-11,-566,51,-52,-142
IMU1,10724,110948432,-1877,-19,-519,-36,-1,-144
IMU1,10725,110958260,-1878,-32,-443,-96,40,-146
IMU1,10726,110968188,-1899,-33,-394,-133,47,-145
IMU1,10727,110978315,-1915,-32,-355,-147,22,-148
IMU1,10728,110988447,-1932,-32,-362,-147,-30,-148
IMU1,10729,110998669,-1942,-32,-397,-139,-98,-145
IMU1,10730,111008898,-1953,-20,-456,-135,-161,-133
IMU1,10731,111019305,-1946,-6,-515,-145,-195,-111
IMU1,10732,111029532,-1910,-22,-609,-161,-180,-88
IMU1,10733,111039760,-1929,-39,-692,-199,-123,-71
IMU1,10734,111049995,-1926,-55,-688,-246,-51,-49
IMU1,10735,111060012,-1932,-64,-574,-285,10,-32
IMU1,10736,111070977,-1996,-118,-537,-261,49,-18
IMU1,10737,111081113,-2029,-130,-486,-213,18,-7
IMU1,10738,111091043,-2018,-151,-451,-141,-22,8
IMU1,10739,111100976,-1985,-156,-428,-54,-57,15
IMU1,10740,111110910,-1977,-148,-460,35,-105,9
IMU1,10741,111120741,-1962,-132,-483,105,-154,2
IMU1,10742,111130763,-1904,-140,-512,167,-171,-12
IMU1,10743,111141086,-1890,-123,-551,204,-164,-26
IMU1,10744,111151413,-1885,-113,-547,218,-124,-35
IMU1,10745,111161748,-1883,-109,-500,225,-42,-41
IMU1,10746,111171873,-1910,-89,-420,236,41,-45
IMU1,10747,111181708,-1929,-73,-344,259,80,-45
IMU1,10748,111191539,-1948,-51,-271,296,84,-39
IMU1,10749,111201383,-1954,-51,-213,340,81,-28
IMU1,10750,111211210,-1981,-60,-197,386,71,-9
IMU1,10751,111220846,-1954,-68,-212,417,39,22
IMU1,10752,111230578,-1916,-67,-235,427,-5,48
IMU1,10753,111240228,-1907,-50,-269,412,-37,64
IMU1,10754,111250065,-1908,-42,-249,379,-36,70
IMU1,10755,111259900,-1954,-29,-224,344,-13,69
IMU1,10756,111269734,-1979,-34,-222,299,11,74
IMU1,10757,111279482,-1993,-19,-229,259,15,76
IMU1,10758,111289229,-2016,-4,-228,206,1,77
IMU1,10759,111298572,-1985,-12,-243,145,-10,80
IMU1,10760,111308395,-1998,0,-257,82,-18,81
IMU1,10761,111317652,-1988,-9,-302,20,-21,80
IMU1,10762,111327097,-1962,-28,-337,-49,-10,78
IMU1,10763,111336836,-1984,-39,-377,-133,18,80
IMU1,10764,111346675,-1992,-57,-391,-213,70,85
IMU1,10765,111356529,-2030,-51,-377,-283,137,92
IMU1,10766,111366580,-2058,-59,-319,-337,214,102
IMU1,10767,111376808,-2081,-84,-270,-364,284,118
IMU1,10768,111387026,-2106,-106,-176,-370,315,126
IMU1,10769,111397983,-2152,-134,-165,-313,227,123
IMU1,10770,111408429,-2170,-164,-206,-272,155,111
IMU1,10771,111418868,-2157,-182,-265,-237,86,107
IMU1,10772,111429090,-2147,-197,-316,-226,43,112
IMU1,10773,111439320,-2140,-222,-350,-221,29,110
IMU1,10774,111449550,-2139,-236,-376,-224,31,108
IMU1,10775,111459788,-2132,-250,-423,-235,51,97
IMU1,10776,111469822,-2130,-246,-433,-264,82,82
IMU1,10777,111479847,-2117,-235,-403,-284,132,56
IMU1,10778,111490079,-2121,-228,-407,-297,172,18
IMU1,10779,111500302,-2127,-195,-407,-312,168,-23
IMU1,10780,111510627,-2116,-173,-393,-328,140,-64
IMU1,10781,111520958,-2117,-151,-407,-335,120,-97
IMU1,10782,111531277,-2117,-133,-382,-341,106,-119
IMU1,10783,111542325,-2077,-96,-406,-320,43,-143
IMU1,10784,111555007,-2073,-79,-412,-320,1,-147
IMU1,10785,111564937,-2041,-77,-399,-310,-20,-145
IMU1,10786,111575159,-2029,-68,-419,-294,-21,-141
IMU1,10787,111585379,-2022,-58,-447,-283,-28,-134
IMU1,10788,111595592,-2014,-47,-480,-279,-55,-124
IMU1,10789,111605812,-1983,-42,-508,-281,-86,-120
IMU1,10790,111616028,-1961,-15,-568,-285,-102,-120
IMU1,10791,111626415,-1940,-9,-598,-302,-102,-123
IMU1,10792,111636627,-1904,-19,-604,-316,-75,-127
IMU1,10793,111646855,-1907,-14,-618,-331,-38,-127
IMU1,10794,111657598,-1904,-11,-604,-344,32,-129
IMU1,10795,111667733,-1896,1,-609,-337,56,-124
IMU1,10796,111677565,-1901,13,-625,-325,58,-122
IMU1,10797,111687603,-1895,13,-610,-306,80,-123
IMU1,10798,111697640,-1907,32,-595,-273,107,-108
IMU1,10799,111707876,-1933,39,-572,-236,129,-91
IMU1,10800,111717917,-1959,27,-547,-192,132,-74
IMU1,10801,111727964,-1991,23,-554,-133,109,-49
IMU1,10802,111738005,-1998,10,-548,-78,78,-19
IMU1,10803,111747645,-2000,-1,-541,-18,61,11
IMU1,10804,111757068,-1995,-1,-554,40,55,34
IMU1,10805,111766408,-1979,-19,-584,87,38,49
IMU1,10806,111775934,-1985,-46,-623,126,2,51
IMU1,10807,111785483,-2015,-79,-625,155,-23,50
IMU1,10808,111795317,-2026,-82,-590,183,-32,56
IMU1,10809,111805146,-2018,-96,-571,224,-38,63
IMU1,10810,111814985,-2032,-120,-568,268,-49,68
IMU1,10811,111825022,-2059,-137,-605,307,-66,67
IMU1,10812,111835056,-2056,-164,-688,330,-88,65
IMU1,10813,111845083,-2041,-171,-729,323,-113,60
IMU1,10814,111855310,-2003,-179,-771,302,-122,48
IMU1,10815,111865550,-1995,-190,-784,284,-98,37
IMU1,10816,111875600,-1980,-184,-775,271,-28,30
IMU1,10817,111885630,-1977,-160,-725,262,60,16
IMU1,10818,111895559,-1993,-140,-710,270,136,1
IMU1,10819,111905514,-2017,-139,-672,276,198,-19
IMU1,10820,111915747,-2040,-117,-633,281,244,-34
IMU1,10821,111927029,-2070,-84,-590,311,230,-55
IMU1,10822,111937079,-2089,-71,-585,330,189,-57
IMU1,10823,111947113,-2079,-54,-552,347,120,-46
IMU1,10824,111957160,-2077,-57,-553,375,49,-27
IMU1,10825,111967004,-2043,-62,-550,407,15,-7
IMU1,10826,111976650,-2020,-69,-538,437,18,12
IMU1,10827,111986394,-2001,-67,-521,463,31,23
IMU1,10828,111996143,-1996,-70,-530,482,38,25
IMU1,10829,112005902,-1992,-72,-563,486,31,22
IMU1,10830,112015631,-1979,-91,-624,476,6,11
IMU1,10831,112025174,-1997,-105,-646,438,-31,1
IMU1,10832,112035012,-1980,-91,-650,399,-50,-4
IMU1,10833,112044744,-1967,-78,-672,360,-56,-9
IMU1,10834,112054477,-1968,-79,-628,330,-54,-11
IMU1,10835,112064403,-1922,-72,-564,319,-40,1
IMU1,10836,112074029,-1882,-55,-543,335,-20,5
IMU1,10837,112083658,-1857,-39,-558,355,-13,4
IMU1,10838,112093286,-1850,-44,-559,370,-2,-2
IMU1,10839,112102813,-1851,-23,-569,387,11,-10
IMU1,10840,112112634,-1865,-3,-547,399,7,-12
IMU1,10841,112122078,-1886,26,-524,417,-11,-12
IMU1,10842,112131907,-1879,40,-493,442,-32,-7
IMU1,10843,112141529,-1900,55,-515,477,-57,6
IMU1,10844,112151070,-1893,55,-542,505,-91,32
IMU1,10845,112160808,-1880,67,-559,516,-94,67
IMU1,10846,112170534,-1872,82,-578,525,-64,103
IMU1,10847,112180467,-1858,75,-591,532,-41,146
IMU1,10848,112190405,-1856,55,-613,533,-29,185
IMU1,10849,112200338,-1822,23,-651,531,-26,226
IMU1,10850,112210263,-1820,23,-638,529,-33,268
IMU1,10851,112220201,-1826,36,-627,539,-29,306
IMU1,10852,112230145,-1854,66,-593,564,-8,345
IMU1,10853,112239906,-1879,105,-548,613,11,388
IMU1,10854,112249960,-1864,107,-526,687,13,435
IMU1,10855,112259992,-1864,110,-517,765,-2,474
IMU1,10856,112269936,-1845,130,-524,842,-22,510
IMU1,10857,112280071,-1840,160,-524,906,-49,541
IMU1,10858,112290204,-1857,174,-535,954,-60,569
IMU1,10859,112300349,-1900,196,-538,989,-60,603
IMU1,10860,112310502,-1861,197,-620,1008,-59,650
IMU1,10861,112321365,-1864,176,-625,940,-25,742
IMU1,10862,112331502,-1905,187,-647,872,34,786
IMU1,10863,112341562,-1939,186,-659,774,101,835
IMU1,10864,112351804,-1996,187,-667,668,171,891
IMU1,10865,112362054,-1935,142,-740,556,244,952
IMU1,10866,112372306,-1982,135,-733,423,318,993
IMU1,10867,112382566,-2015,121,-691,301,372,1019
IMU1,10868,112393019,-2054,122,-625,200,388,1034
IMU1,10869,112403468,-2102,94,-561,130,390,1036
IMU1,10870,112413709,-2096,51,-529,90,384,1024
IMU1,10871,112423754,-2073,53,-548,73,354,982
IMU1,10872,112433611,-2073,64,-512,69,289,914
IMU1,10873,112443468,-2056,75,-432,92,239,822
IMU1,10874,112453315,-2053,92,-419,142,237,725
IMU1,10875,112463361,-2061,121,-446,196,252,624
IMU1,10876,112473602,-2045,137,-477,232,256,528
IMU1,10877,112484883,-2081,172,-476,276,240,372
IMU1,10878,112495117,-2110,200,-449,297,218,329
IMU1,10879,112505368,-2107,229,-439,319,192,310
IMU1,10880,112515629,-2099,237,-405,333,165,302
IMU1,10881,112525862,-2068,292,-415,345,111,306
IMU1,10882,112536103,-2036,306,-429,356,51,315
IMU1,10883,112546156,-2011,333,-458,356,1,326
IMU1,10884,112558553,-1947,366,-494,341,-36,346
IMU1,10885,112568685,-1887,399,-566,310,-55,355
IMU1,10886,112578824,-1860,442,-603,259,-63,354
IMU1,10887,112588957,-1824,475,-573,212,-64,350
IMU1,10888,112600134,-1785,508,-588,123,13,358
IMU1,10889,112610174,-1790,490,-569,96,88,365
IMU1,10890,112620017,-1787,480,-568,63,138,388
IMU1,10891,112630059,-1810,474,-560,29,163,403
IMU1,10892,112640109,-1817,465,-521,4,151,424
IMU1,10893,112649915,-1779,475,-472,-11,122,438
IMU1,10894,112660037,-1754,512,-416,-9,79,441
IMU1,10895,112669763,-1745,576,-377,15,36,431
IMU1,10896,112679591,-1755,633,-378,55,-2,419
IMU1,10897,112689335,-1782,629,-399,93,-27,422
IMU1,10898,112699263,-1824,623,-402,117,-11,444
IMU1,10899,112709387,-1877,615,-397,128,40,483
IMU1,10900,112719423,-1968,595,-401,128,93,535
IMU1,10901,112729463,-2101,586,-347,116,109,593
IMU1,10902,112739696,-2235,583,-247,103,96,651
IMU1,10903,112749728,-2348,582,-132,103,57,690
IMU1,10904,112759760,-2460,617,9,133,-28,700
IMU1,10905,112769403,-2626,649,81,188,-152,678
IMU1,10906,112779416,-2833,593,30,247,-300,644
IMU1,10907,112789454,-3010,590,173,288,-423,624
IMU1,10908,112799696,-3133,516,288,330,-493,615
IMU1,10909,112809947,-3268,489,518,391,-555,598
IMU1,10910,112820177,-3616,502,1048,487,-681,556
IMU1,10911,112831123,-3754,572,1178,803,-1151,419
IMU1,10912,112841776,-3835,704,1253,989,-1454,325
IMU1,10913,112852422,-3860,859,1330,1130,-1740,215
IMU1,10914,112863255,-3886,1032,1454,1242,-1943,82
IMU1,10915,112874093,-3859,1206,1587,1316,-2042,-67
IMU1,10916,112885026,-3647,1449,1684,1343,-2071,-235
IMU1,10917,112896158,-3681,1762,1871,1304,-2149,-471
IMU1,10918,112907275,-3670,2578,2491,1104,-2595,-1061
IMU1,10919,112918610,-3755,3064,2981,1000,-2784,-1350
IMU1,10920,112929960,-3810,3736,3307,917,-2907,-1625
IMU1,10921,112941099,-3924,4372,3296,760,-3018,-1886
IMU1,10922,112952253,-4231,5057,2909,423,-3284,-2101
IMU1,10923,112963398,-4753,5910,2426,-193,-3625,-2184
IMU1,10924,112974645,-5325,7212,845,-2287,-4213,-1889
IMU1,10925,112985876,-5648,7586,-138,-3745,-4764,-1585
IMU1,10926,112997229,-6043,7747,-829,-5339,-5176,-1136
IMU1,10927,113008575,-6482,7796,-1284,-6889,-5295,-580
IMU1,10928,113019906,-6651,7789,-1615,-8252,-5352,-32
IMU1,10929,113031055,-6675,7781,-2082,-9400,-5519,358
IMU1,10930,113042313,-6028,7320,-3107,-11377,-5883,402
IMU1,10931,113053782,-6085,7323,-3641,-12357,-6009,99
IMU1,10932,113065028,-4405,7193,-4129,-13392,-5635,-426
IMU1,10933,113076570,-3582,6749,-4464,-14471,-4860,-1387
IMU1,10934,113088309,-2984,6017,-4420,-15540,-4025,-2607
IMU1,10935,113100044,-2806,4423,-3625,-17078,-2445,-5075
IMU1,10936,113111796,-2878,3820,-2979,-17321,-1489,-6051
IMU1,10937,113123557,-2933,3471,-2158,-17181,-764,-6960
IMU1,10938,113135112,-3090,3340,-1338,-16703,-298,-7766
IMU1,10939,113146662,-3267,3241,-721,-15954,-48,-8383
IMU1,10940,113157807,-3474,3088,279,-13964,-53,-8910
IMU1,10941,113168857,-3453,3155,910,-12743,-296,-8717
IMU1,10942,113180121,-3248,3326,1277,-11353,-766,-8249
IMU1,10943,113191570,-3031,3443,1218,-9896,-1255,-7572
IMU1,10944,113203046,-2764,3672,1105,-8430,-1533,-6731
IMU1,10945,113214505,-2076,3910,66,-7012,-1699,-5853
IMU1,10946,113225554,-1885,3952,-487,-4793,-2411,-4357
IMU1,10947,113236910,-1849,3899,-1270,-4014,-2794,-3749
IMU1,10948,113248452,-1698,3752,-1969,-3498,-3015,-3181
IMU1,10949,113260003,-1497,3531,-2485,-3202,-2878,-2649
IMU1,10950,113271524,-1345,3245,-2782,-3046,-2374,-2179
IMU1,10951,113283070,-1108,2720,-2653,-2832,-900,-1497
IMU1,10952,113294400,-1059,2552,-2259,-2606,-329,-1323
IMU1,10953,113305720,-1212,2285,-2066,-2270,-33,-1250
IMU1,10954,113316844,-1201,2184,-1878,-1851,25,-1188
IMU1,10955,113327876,-1248,2096,-1877,-1365,-28,-1140
IMU1,10956,113339012,-1254,2027,-1951,-884,-146,-1084
IMU1,10957,113350143,-1186,1907,-2054,-16,-307,-918
IMU1,10958,113360894,-1213,1848,-2191,364,-367,-792
IMU1,10959,113371730,-1182,1813,-2210,684,-446,-631
IMU1,10960,113382585,-1139,1805,-2265,957,-533,-446
IMU1,10961,113393411,-1108,1801,-2377,1176,-632,-256
IMU1,10962,113404461,-1093,1745,-2476,1340,-772,-67
IMU1,10963,113415306,-1063,1666,-2565,1453,-926,118
# swing_peak_seq=10937
IMU1,10964,113426234,-1013,1471,-2636,1526,-1038,285
IMU1,10965,113437374,-797,1384,-2698,1610,-1057,516
IMU1,10966,113448321,-961,1274,-2707,1628,-938,574
IMU1,10967,113459059,-1036,1181,-2608,1648,-749,646
IMU1,10968,113470005,-1086,1138,-2658,1676,-574,741
IMU1,10969,113480940,-1125,1115,-2457,1710,-440,849
IMU1,10970,113491877,-1265,1049,-2568,1772,-356,960
IMU1,10971,113502807,-1276,971,-2581,1799,-327,1088
IMU1,10972,113513742,-1232,915,-2535,1788,-183,1308
IMU1,10973,113524689,-1208,848,-2453,1796,-25,1384
IMU1,10974,113535426,-1185,811,-2324,1827,139,1413
IMU1,10975,113546289,-1170,763,-2188,1918,259,1407
IMU1,10976,113559697,-1177,710,-2056,2061,348,1378
IMU1,10977,113570555,-1195,599,-1877,2252,429,1335
IMU1,10978,113581418,-1209,536,-1824,2701,581,1344
IMU1,10979,113592282,-1231,497,-1779,2926,630,1364
IMU1,10980,113603142,-1241,464,-1770,3130,645,1400
IMU1,10981,113613988,-1255,439,-1783,3303,655,1440
IMU1,10982,113624830,-1292,402,-1785,3435,688,1497
IMU1,10983,113635665,-1338,350,-1799,3533,752,1580
IMU1,10984,113646524,-1401,285,-1807,3595,844,1684
IMU1,10985,113657365,-1386,171,-1649,3625,1055,1912
IMU1,10986,113668417,-1327,110,-1564,3671,1184,2000
IMU1,10987,113679456,-1285,39,-1478,3702,1331,2065
IMU1,10988,113690294,-1228,2,-1345,3721,1493,2108
IMU1,10989,113700938,-1216,-52,-1241,3748,1670,2134
IMU1,10990,113711889,-1214,-90,-1052,3782,1851,2155
IMU1,10991,113722846,-1225,-121,-899,3841,2002,2176
IMU1,10992,113733783,-1354,-224,-628,3921,2121,2204
IMU1,10993,113744732,-1449,-284,-590,4098,2250,2326
IMU1,10994,113755677,-1502,-323,-564,4149,2245,2417
IMU1,10995,113766632,-1529,-394,-558,4169,2215,2519
IMU1,10996,113777581,-1524,-454,-533,4143,2200,2618
IMU1,10997,113788537,-1491,-522,-478,4089,2218,2700
IMU1,10998,113799490,-1413,-585,-478,4010,2278,2757
IMU1,10999,113810445,-1443,-655,-274,3900,2373,2776
IMU1,11000,113821916,-1783,-820,-28,3686,2466,2791
IMU1,11001,113832672,-1747,-866,211,3669,2371,2802
IMU1,11002,113843534,-1640,-870,298,3729,2233,2778
IMU1,11003,113854391,-1563,-837,238,3812,2133,2747
IMU1,11004,113865272,-1455,-797,57,3857,2125,2727
IMU1,11005,113875939,-1328,-751,-103,3824,2215,2738
IMU1,11006,113886892,-1288,-675,-233,3701,2413,2783
IMU1,11007,113897835,-1652,-580,-128,3504,2933,3022
IMU1,11008,113908792,-1742,-583,59,3063,3055,3198
IMU1,11009,113919478,-1722,-521,337,2909,3004,3305
IMU1,11010,113930349,-1692,-486,514,2857,2841,3289
IMU1,11011,113941186,-1694,-524,529,2871,2667,3200
IMU1,11012,113952028,-1742,-559,475,2891,2583,3094
IMU1,11013,113962870,-1849,-530,423,2887,2632,3019
IMU1,11014,113973726,-1955,-507,363,2860,2767,3005
IMU1,11015,113984584,-2105,-425,371,2707,3073,3171
IMU1,11016,113995447,-2228,-365,534,2611,3089,3310
IMU1,11017,114006313,-2427,-370,760,2561,2947,3475
IMU1,11018,114017177,-2457,-390,984,2586,2661,3677
IMU1,11019,114028040,-2326,-396,1033,2698,2286,3813
IMU1,11020,114039106,-2522,-365,567,2803,1943,3917
IMU1,11021,114049962,-2615,-341,297,2766,1719,4097
IMU1,11022,114060800,-2174,-78,644,2625,1628,4271
IMU1,11023,114071954,-2113,125,1017,2444,1684,4291
IMU1,11024,114082922,-2323,26,399,2528,1597,4136
IMU1,11025,114093486,-2720,43,-486,2447,1454,4068
IMU1,11026,114104125,-2746,261,-491,2120,1459,4160
IMU1,11027,114114971,-2693,405,-301,1745,1651,4280
IMU1,11028,114125816,-2720,578,-198,1430,1883,4350
IMU1,11029,114136670,-2833,665,-78,1160,2047,4396
IMU1,11030,114147331,-2982,811,-157,956,2118,4424
IMU1,11031,114158521,-3108,1002,-107,654,2049,4476
IMU1,11032,114169385,-3188,1081,144,555,2012,4522
IMU1,11033,114180165,-3222,1038,124,546,1977,4573
IMU1,11034,114190914,-3256,955,-58,548,1883,4596
IMU1,11035,114201386,-3300,891,-124,505,1699,4578
IMU1,11036,114212042,-3236,860,-75,448,1456,4518
IMU1,11037,114222491,-3089,839,33,427,1196,4391
IMU1,11038,114232864,-2857,839,43,458,939,4166
IMU1,11039,114243029,-2674,828,15,510,687,3844
IMU1,11040,114253180,-2538,684,-273,568,481,3464
IMU1,11041,114264149,-2518,597,-273,570,284,2747
IMU1,11042,114274611,-2446,599,-343,547,291,2441
IMU1,11043,114285070,-2381,653,-437,513,292,2136
IMU1,11044,114295523,-2338,669,-464,467,274,1853
IMU1,11045,114305977,-2367,710,-616,430,261,1590
IMU1,11046,114316440,-2345,784,-551,385,237,1373
IMU1,11047,114326908,-2377,668,-622,366,220,1194
IMU1,11048,114337370,-2343,673,-625,364,197,1047
IMU1,11049,114347821,-2391,658,-687,368,95,927
IMU1,11050,114357885,-2273,681,-616,372,-61,850
IMU1,11051,114368043,-2143,759,-633,382,-183,776
IMU1,11052,114378388,-2000,858,-688,383,-234,578
IMU1,11053,114389259,-1988,905,-802,319,-188,471
IMU1,11054,114399611,-1964,898,-836,232,-152,377
IMU1,11055,114409971,-1947,885,-788,140,-135,309
IMU1,11056,114420315,-1902,960,-783,59,-131,263
IMU1,11057,114430471,-1885,1045,-777,4,-125,224
IMU1,11058,114440626,-1885,1079,-767,-39,-79,198
IMU1,11059,114450871,-1930,1151,-829,-78,-4,196
IMU1,11060,114460918,-1993,1165,-909,-116,18,214
IMU1,11061,114471265,-1985,1144,-1020,-171,-47,255
IMU1,11062,114481904,-1973,1144,-1113,-248,-127,307
IMU1,11063,114492759,-1931,1150,-1135,-334,-161,361
IMU1,11064,114503605,-1810,1132,-1290,-414,-213,393
IMU1,11065,114514450,-1846,1091,-1552,-551,-187,389
IMU1,11066,114525301,-1768,1033,-1319,-628,-89,398
IMU1,11067,114535946,-1759,950,-1301,-655,0,403
IMU1,11068,114546001,-1750,966,-1102,-620,49,390
IMU1,11069,114556356,-1839,908,-1028,-514,31,349
IMU1,11070,114569276,-1860,926,-994,-359,-48,325
IMU1,11071,114579522,-1810,1002,-1155,-195,-173,288
IMU1,11072,114590360,-1672,945,-1429,-69,-404,130
IMU1,11073,114600812,-1580,948,-1542,-74,-454,40
IMU1,11074,114611069,-1514,953,-1495,-105,-449,-39
IMU1,11075,114621626,-1470,925,-1351,-86,-366,-102
IMU1,11076,114632165,-1514,963,-1195,-5,-208,-139
IMU1,11077,114642510,-1564,1039,-1094,118,-49,-158
IMU1,11078,114653162,-1603,1050,-1074,269,25,-179
IMU1,11079,114663704,-1626,1032,-1100,395,-4,-204
IMU1,11080,114674154,-1611,984,-1126,471,-106,-222
IMU1,11081,114684805,-1571,985,-1118,510,-241,-237
IMU1,11082,114695465,-1531,981,-944,533,-366,-247
IMU1,11083,114706412,-1434,1021,-841,630,-397,-256
IMU1,11084,114717043,-1452,1076,-774,697,-306,-270
IMU1,11085,114727678,-1465,1101,-785,752,-202,-298
IMU1,11086,114738319,-1472,1104,-862,755,-123,-334
IMU1,11087,114748958,-1465,1104,-910,701,-95,-376
IMU1,11088,114759401,-1440,1103,-956,606,-122,-417
IMU1,11089,114770038,-1442,1114,-943,495,-191,-449
IMU1,11090,114780663,-1429,1129,-917,394,-256,-452
IMU1,11091,114791302,-1442,1136,-837,326,-262,-423
IMU1,11092,114802446,-1484,1114,-699,307,-156,-293
IMU1,11093,114813083,-1511,1071,-674,328,-105,-207
IMU1,11094,114823714,-1552,1064,-677,347,-123,-137
IMU1,11095,114834343,-1569,1067,-709,349,-222,-86
IMU1,11096,114844780,-1565,1080,-787,331,-357,-51
IMU1,11097,114855226,-1537,1069,-867,291,-467,-30
IMU1,11098,114865659,-1501,1062,-941,233,-514,-18
IMU1,11099,114876101,-1453,1046,-991,166,-495,-9
IMU1,11100,114886337,-1447,988,-1023,99,-419,-4
IMU1,11101,114896376,-1464,959,-1016,49,-342,5
IMU1,11102,114906311,-1494,936,-939,27,-302,15
IMU1,11103,114916261,-1560,935,-836,54,-303,26
IMU1,11104,114926211,-1685,908,-658,121,-350,37
IMU1,11105,114937390,-1833,860,-649,364,-541,91
IMU1,11106,114947542,-1869,835,-649,485,-627,113
IMU1,11107,114957878,-1925,850,-660,566,-703,120
IMU1,11108,114968220,-2025,864,-650,620,-730,103
IMU1,11109,114978567,-2163,866,-615,639,-734,73
IMU1,11110,114988721,-2343,897,-540,636,-772,48
IMU1,11111,114998893,-2567,928,-448,627,-857,34
IMU1,11112,115009042,-2841,963,-344,620,-960,33
IMU1,11113,115019188,-3148,975,-196,623,-1062,45
IMU1,11114,115029553,-3434,961,0,650,-1181,64
IMU1,11115,115039320,-3662,991,216,710,-1317,67
IMU1,11116,115049594,-3868,996,492,792,-1464,25
IMU1,11117,115059859,-4076,998,721,909,-1623,-71
IMU1,11118,115070210,-4235,1055,1147,1033,-1830,-216
IMU1,11119,115081379,-4248,1256,1340,1261,-2250,-673
IMU1,11120,115092540,-4357,1384,1520,1333,-2427,-961
IMU1,11121,115103696,-4369,1556,1816,1356,-2578,-1262
IMU1,11122,115115055,-4417,1801,1967,1346,-2722,-1564
IMU1,11123,115126413,-4466,2132,2082,1273,-2917,-1833
IMU1,11124,115137773,-4401,2920,2866,1156,-3077,-2050
IMU1,11125,115149141,-4007,3464,3029,989,-3066,-2482
IMU1,11126,115160298,-3945,4034,3261,877,-3221,-2741
IMU1,11127,115171457,-3839,4693,3295,719,-3417,-2980
IMU1,11128,115182641,-3748,5501,3228,446,-3427,-3168
IMU1,11129,115193814,-4052,6230,2941,-8,-3242,-3310
IMU1,11130,115204685,-4603,7054,2617,-716,-3252,-3352
IMU1,11131,115215921,-5536,8585,1534,-2858,-4559,-3022
IMU1,11132,115227386,-5777,9256,228,-4248,-5274,-2602
IMU1,11133,115238627,-6254,9673,-1220,-5897,-5719,-2000
IMU1,11134,115250178,-6746,9981,-2252,-7683,-5897,-1234
IMU1,11135,115261736,-7028,10197,-3074,-9425,-5940,-451
IMU1,11136,115273311,-6564,10548,-4583,-12563,-6014,483
IMU1,11137,115284965,-5606,10485,-5194,-13953,-5786,346
IMU1,11138,115296604,-5433,10155,-5444,-15228,-5440,-263
IMU1,11139,115308365,-4051,9923,-5558,-16397,-4762,-1104
IMU1,11140,115320127,-3564,8894,-4894,-17343,-3456,-2333
IMU1,11141,115331887,-3771,7145,-3502,-17965,-1084,-5115
IMU1,11142,115343655,-4005,6548,-2711,-17750,-483,-6234
IMU1,11143,115355199,-3969,6126,-2139,-17245,-194,-7094
IMU1,11144,115366752,-3638,5756,-1693,-16550,-45,-7774
IMU1,11145,115378090,-3398,5408,24,-15732,37,-8335
IMU1,11146,115389359,-3262,5210,477,-13335,-243,-8924
IMU1,11147,115400607,-3099,5392,156,-11811,-860,-8785
IMU1,11148,115411869,-2653,5422,-491,-10364,-1626,-8329
IMU1,11149,115423392,-2234,5236,-748,-9045,-2152,-7554
IMU1,11150,115434759,-1958,4983,-665,-7662,-2085,-6514
IMU1,11151,115446108,-1784,4705,-957,-6169,-938,-4132
IMU1,11152,115457262,-1613,4696,-1341,-3642,-1007,-3172
IMU1,11153,115468797,-1536,4517,-1743,-2878,-1618,-2494
IMU1,11154,115480345,-1557,4250,-2175,-2441,-2281,-2011
IMU1,11155,115491883,-1523,3860,-2565,-2248,-2506,-1618
IMU1,11156,115503406,-1313,3011,-2827,-2240,-2142,-1310
IMU1,11157,115514952,-1230,2688,-2544,-2353,-478,-999
IMU1,11158,115526099,-1094,2389,-2089,-2287,265,-1008
IMU1,11159,115537326,-1311,2042,-2008,-2074,693,-1094
IMU1,11160,115548553,-991,1953,-1159,-1747,799,-1141
IMU1,11161,115559595,-1594,1741,-1602,-1234,665,-1288
IMU1,11162,115573378,-1253,1830,-1583,-512,16,-907
IMU1,11163,115584026,-1345,1740,-1729,-198,-152,-771
IMU1,11164,115594940,-1461,1623,-1928,72,-375,-611
IMU1,11165,115605569,-1457,1552,-2215,254,-635,-394
IMU1,11166,115616418,-1274,1540,-2369,345,-773,-159
IMU1,11167,115627256,-1148,1538,-2403,375,-735,14
IMU1,11168,115637798,-1160,1533,-2570,371,-622,126
# swing_peak_seq=11142
IMU1,11169,115649057,-1205,1586,-2633,276,-459,293
IMU1,11170,115659799,-1193,1588,-2682,190,-417,373
IMU1,11171,115670557,-1210,1594,-2667,139,-329,444
IMU1,11172,115681310,-1247,1599,-2616,139,-207,532
IMU1,11173,115692044,-1263,1579,-2484,209,-80,637
IMU1,11174,115702588,-1279,1526,-2364,366,27,744
IMU1,11175,115713043,-1301,1493,-2259,598,103,844
IMU1,11176,115723669,-1297,1462,-2216,870,125,917
IMU1,11177,115734309,-1368,1284,-2133,1165,70,960
IMU1,11178,115744951,-1381,1202,-2031,1767,-167,1033
IMU1,11179,115756081,-1399,1094,-2027,2072,-268,1076
IMU1,11180,115767221,-1387,1027,-1930,2365,-335,1127
IMU1,11181,115778355,-1452,960,-1925,2654,-369,1181
IMU1,11182,115789292,-1522,893,-1886,2906,-398,1244
IMU1,11183,115800235,-1603,808,-1825,3134,-438,1327
IMU1,11184,115811176,-1495,628,-1797,3341,-441,1418
IMU1,11185,115822141,-1446,563,-1802,3636,-281,1494
IMU1,11186,115833086,-1409,490,-1733,3733,-154,1472
IMU1,11187,115844044,-1411,397,-1649,3810,-29,1428
IMU1,11188,115854777,-1393,308,-1544,3873,107,1376
IMU1,11189,115865627,-1358,242,-1388,3937,260,1329
IMU1,11190,115876454,-1398,157,-1253,4010,422,1286
IMU1,11191,115887294,-1410,77,-1158,4089,564,1268
IMU1,11192,115897953,-1377,-58,-1032,4166,662,1292
IMU1,11193,115908690,-1362,-114,-949,4265,758,1308
IMU1,11194,115919444,-1404,-165,-856,4295,783,1331
IMU1,11195,115930185,-1388,-269,-775,4331,809,1369
IMU1,11196,115940928,-1360,-346,-699,4355,864,1414
IMU1,11197,115951676,-1232,-371,-612,4377,948,1467
IMU1,11198,115962451,-1308,-436,-461,4394,1033,1495
IMU1,11199,115973408,-1234,-498,-423,4417,1118,1521
IMU1,11200,115984363,-1263,-549,-388,4424,1210,1539
IMU1,11201,115995306,-1294,-608,-246,4383,1388,1601
IMU1,11202,116006238,-1315,-665,-159,4367,1440,1639
IMU1,11203,116017163,-818,-767,62,4401,1474,1589
IMU1,11204,116027604,-866,-806,133,4484,1533,1363
IMU1,11205,116038225,-1818,-964,171,4599,1617,1200
IMU1,11206,116049059,-2212,-1166,-180,4662,1595,1345
IMU1,11207,116060195,-1834,-1223,66,4647,1433,1649
IMU1,11208,116071028,-1287,-888,630,4646,1321,2120
IMU1,11209,116081862,-1067,-862,668,4879,1426,2199
IMU1,11210,116092701,-1319,-973,321,5010,1505,2188
IMU1,11211,116103554,-1585,-1267,173,5004,1580,2167
IMU1,11212,116114613,-1665,-1383,413,4894,1587,2151
IMU1,11213,116125661,-1592,-1374,811,4838,1505,2064
IMU1,11214,116136706,-1432,-1356,1236,4920,1372,1859
IMU1,11215,116147959,-1183,-1293,1320,5146,1238,1249
IMU1,11216,116159201,-1213,-1256,1097,5707,1071,925
IMU1,11217,116170265,-1132,-1127,804,5876,1095,709
IMU1,11218,116181103,-1039,-1057,535,5909,1279,587
IMU1,11219,116191963,-1038,-957,245,5796,1671,553
IMU1,11220,116202628,-1031,-754,13,5531,2190,609
IMU1,11221,116213086,-1190,-589,4,5153,2715,726
IMU1,11222,116223348,-1170,-457,187,4747,3177,886
IMU1,11223,116234025,-1313,-279,69,4356,3477,988
IMU1,11224,116244996,-1740,-90,325,3564,3366,975
IMU1,11225,116255425,-1809,-96,792,3315,3137,963
IMU1,11226,116265880,-1849,-93,1137,3247,3019,982
IMU1,11227,116276520,-1783,-37,1117,3328,3022,1052
IMU1,11228,116287366,-1731,86,921,3443,3073,1129
IMU1,11229,116297920,-2186,179,371,3469,3144,1210
IMU1,11230,116308679,-2521,169,91,3316,3232,1436
IMU1,11231,116319235,-2724,223,503,3009,3419,1835
IMU1,11232,116330008,-2703,391,484,2746,3708,2310
IMU1,11233,116341275,-2670,739,405,2269,3869,3024
IMU1,11234,116352028,-3212,617,607,2113,3714,3265
IMU1,11235,116362765,-3407,619,-23,1873,3458,3589
IMU1,11236,116373417,-2980,997,67,1582,3166,3915
IMU1,11237,116383991,-2837,1006,12,1328,3117,4045
IMU1,11238,116394755,-2824,1280,391,1134,3263,4026
IMU1,11239,116405703,-3196,1472,587,1061,3440,3960
IMU1,11240,116416674,-3291,1427,582,1103,3467,3942
IMU1,11241,116428144,-3549,1292,543,1266,2883,3960
IMU1,11242,116439103,-3490,1181,651,1345,2504,4003
IMU1,11243,116450057,-3341,1095,674,1418,2131,4032
IMU1,11244,116461008,-3074,1090,685,1475,1787,3989
IMU1,11245,116471966,-2854,1096,723,1511,1438,3838
IMU1,11246,116482948,-2789,1059,722,1537,1058,3575
IMU1,11247,116493892,-2690,842,473,1549,633,3255
IMU1,11248,116504959,-2415,770,-31,1432,20,2556
IMU1,11249,116515217,-2259,730,-121,1246,-27,2202
IMU1,11250,116525747,-2082,731,-188,1039,85,1856
IMU1,11251,116536190,-2023,779,-129,844,305,1523
IMU1,11252,116546632,-2098,817,-103,708,565,1226
IMU1,11253,116557065,-2269,856,-126,621,786,1002
IMU1,11254,116567506,-2452,829,-109,561,907,880
IMU1,11255,116580308,-2570,770,-103,526,954,849
IMU1,11256,116591597,-2564,790,-156,472,710,908
IMU1,11257,116601863,-2587,803,-172,458,450,947
IMU1,11258,116612103,-2552,820,-353,428,233,988
IMU1,11259,116622355,-2469,779,-389,354,120,1018
IMU1,11260,116632812,-2404,783,-378,266,111,1023
IMU1,11261,116643265,-2347,791,-399,185,130,985
IMU1,11262,116653515,-2308,765,-444,105,94,915
IMU1,11263,116663576,-2199,799,-520,25,17,818
IMU1,11264,116673427,-2149,832,-606,-66,-55,695
IMU1,11265,116683465,-2160,838,-689,-166,-103,563
IMU1,11266,116693893,-2096,838,-679,-262,-114,461
IMU1,11267,116704328,-2073,897,-751,-333,-106,376
IMU1,11268,116714761,-2011,914,-783,-378,-110,303
IMU1,11269,116726253,-1967,908,-805,-397,-104,193
IMU1,11270,116736687,-2010,872,-770,-382,-56,174
IMU1,11271,116746900,-2019,887,-790,-337,-36,169
IMU1,11272,116757119,-1934,879,-753,-280,-61,169
IMU1,11273,116767351,-1819,931,-773,-206,-103,142
IMU1,11274,116777789,-1765,962,-872,-127,-158,75
IMU1,11275,116788011,-1811,896,-888,-68,-213,14
IMU1,11276,116798031,-1816,844,-854,-10,-238,-17
IMU1,11277,116808162,-1745,902,-828,58,-234,-32
IMU1,11278,116818180,-1700,926,-746,137,-221,-56
IMU1,11279,116828398,-1693,949,-596,240,-168,-95
IMU1,11280,116838621,-1770,994,-566,357,-101,-146
IMU1,11281,116849030,-1826,1018,-515,457,-86,-189
IMU1,11282,116859447,-1806,1032,-568,520,-122,-226
IMU1,11283,116870585,-1835,1034,-509,515,-234,-270
IMU1,11284,116881210,-1913,1042,-356,501,-241,-276
IMU1,11285,116891834,-1999,1084,-164,503,-229,-259
IMU1,11286,116902459,-2051,1144,13,536,-263,-247
IMU1,11287,116912777,-2111,1229,182,604,-356,-252
IMU1,11288,116923314,-2188,1318,344,690,-457,-267
IMU1,11289,116933850,-2297,1397,402,771,-518,-279
IMU1,11290,116944396,-2442,1461,554,825,-568,-276
IMU1,11291,116954932,-2596,1566,786,862,-630,-258
IMU1,11292,116965482,-2725,1711,1252,910,-701,-251
IMU1,11293,116976226,-2858,1927,1351,1001,-943,-283
IMU1,11294,116987165,-3064,2077,1486,976,-1086,-330
IMU1,11295,116998108,-3288,2161,1553,879,-1090,-357
IMU1,11296,117009048,-3455,2344,1519,679,-1050,-371
IMU1,11297,117019991,-3572,2563,1514,367,-1164,-406
IMU1,11298,117030940,-3791,2724,1774,-36,-1350,-467
IMU1,11299,117041783,-4056,2880,2440,-447,-1505,-521
IMU1,11300,117052821,-4152,3456,2627,-1157,-1905,-661
IMU1,11301,117064070,-4229,3728,2790,-1492,-2053,-800
IMU1,11302,117075309,-4378,4064,3062,-1830,-2188,-993
IMU1,11303,117086563,-4424,4627,3416,-2148,-2345,-1252
IMU1,11304,117098027,-4629,5294,3532,-2460,-2571,-1619
IMU1,11305,117109472,-4993,6943,3196,-2836,-2870,-2017
IMU1,11306,117120952,-5150,7714,2380,-4201,-3200,-2742
IMU1,11307,117132400,-5175,8452,1313,-5414,-3368,-3072
IMU1,11308,117143860,-5400,8946,302,-6971,-3568,-3347
IMU1,11309,117155140,-5805,9239,-353,-8663,-3611,-3522
IMU1,11310,117166497,-6072,9460,-1005,-10281,-3621,-3667
IMU1,11311,117178245,-5742,10041,-2408,-13113,-3707,-4301
IMU1,11312,117190206,-5157,9996,-2827,-14300,-3320,-4934
IMU1,11313,117201978,-4705,9521,-2928,-15300,-2562,-5852
IMU1,11314,117213740,-4636,8680,-2745,-16064,-1586,-6931
IMU1,11315,117225502,-4611,6910,-1488,-16577,109,-9089
IMU1,11316,117236970,-4454,6203,-549,-16241,348,-9947
IMU1,11317,117248236,-4227,5814,332,-15502,380,-10521
IMU1,11318,117259580,-4062,5598,952,-14445,420,-10813
IMU1,11319,117270944,-3900,5429,1391,-13205,248,-10838
IMU1,11320,117282506,-3826,5724,1731,-11855,-212,-10612
IMU1,11321,117294163,-3265,5753,1474,-9092,-1863,-9197
IMU1,11322,117305632,-2391,5684,1011,-7801,-2596,-8160
IMU1,11323,117317085,-1727,5400,600,-6598,-2900,-7064
IMU1,11324,117328337,-1365,5073,213,-5466,-2733,-5927
IMU1,11325,117339583,-1141,4808,-223,-4456,-2385,-4815
IMU1,11326,117350935,-1200,4334,-1462,-3153,-2345,-2948
IMU1,11327,117362483,-1263,3981,-2112,-2978,-2579,-2163
IMU1,11328,117374025,-1322,3631,-2678,-3045,-2699,-1440
IMU1,11329,117385567,-1448,3261,-3000,-3296,-2484,-779
IMU1,11330,117396912,-1282,2895,-3150,-3611,-1899,-216
IMU1,11331,117408254,-692,2213,-2635,-4053,-237,219
IMU1,11332,117419093,-646,1992,-2204,-3971,492,63
IMU1,11333,117429655,377,1911,-1216,-3565,960,-313
IMU1,11334,117440423,-1966,1401,-1986,-2907,1178,-905
IMU1,11335,117451659,-925,1382,-1240,-2323,1103,-703
IMU1,11336,117462719,-1029,1602,-976,-1570,843,-699
IMU1,11337,117473566,-1131,1522,-1098,-767,524,-707
IMU1,11338,117484414,-1305,1601,-1819,-51,-114,-656
IMU1,11339,117495658,-967,1624,-2130,818,-1412,-411
IMU1,11340,117506503,-1002,1657,-2616,985,-1568,-323
IMU1,11341,117517540,-1053,1633,-3071,960,-1446,-200
IMU1,11342,117528580,-1065,1608,-3109,778,-1175,-27
# swing_peak_seq=11316
IMU1,11343,117539433,-1086,1588,-3123,548,-806,165
IMU1,11344,117550193,-933,1551,-2991,346,-428,343
IMU1,11345,117560762,-1080,1487,-3161,179,-111,453
IMU1,11346,117571510,-1039,1432,-2829,-1,251,673
IMU1,11347,117584423,-1046,1404,-2597,-155,367,784
IMU1,11348,117595170,-1047,1346,-2450,-83,481,897
IMU1,11349,117605729,-1123,1247,-2257,77,556,999
IMU1,11350,117616197,-1166,1195,-2092,319,562,1120
IMU1,11351,117627063,-1191,1147,-2015,620,484,1240
IMU1,11352,117637928,-1201,1069,-1965,943,328,1333
IMU1,11353,117648774,-1216,862,-1851,1599,-47,1415
IMU1,11354,117659529,-1248,775,-1844,1893,-182,1425
IMU1,11355,117670477,-1271,686,-1854,2156,-287,1422
IMU1,11356,117681432,-1298,619,-1886,2382,-366,1399
IMU1,11357,117692393,-1325,537,-1878,2560,-407,1377
IMU1,11358,117703346,-1345,451,-1828,2703,-394,1370
IMU1,11359,117714312,-1319,372,-1786,2830,-317,1362
IMU1,11360,117725276,-1249,285,-1663,2940,-183,1299
IMU1,11361,117736221,-1167,232,-1582,3090,119,1251
IMU1,11362,117747093,-1080,200,-1475,3146,228,1182
IMU1,11363,117757970,-1044,148,-1311,3217,295,1096
IMU1,11364,117768837,-1010,75,-1202,3319,317,1033
IMU1,11365,117779481,-981,10,-1090,3437,303,1008
IMU1,11366,117789926,-980,-36,-958,3575,278,1016
IMU1,11367,117800277,-915,-77,-909,3736,258,1051
IMU1,11368,117810632,-821,-77,-932,3893,238,1088
IMU1,11369,117820983,-808,-205,-531,4043,241,1116
IMU1,11370,117832040,-739,-190,-722,4442,324,1205
IMU1,11371,117842576,-713,-231,-515,4595,416,1270
IMU1,11372,117853127,-575,-224,-370,4740,581,1346
IMU1,11373,117863681,-593,-166,-455,4885,716,1420
IMU1,11374,117874221,-577,-149,-483,4987,761,1502
IMU1,11375,117884779,-645,-150,-433,5043,786,1589
IMU1,11376,117895344,-723,-113,-363,5082,888,1693
IMU1,11377,117905894,-787,-119,-207,5109,1079,1825
IMU1,11378,117916659,-938,-107,-44,5142,1306,1988
IMU1,11379,117927209,-1321,-143,352,5199,1508,2444
IMU1,11380,117938059,-1323,-162,423,5415,1690,2687
IMU1,11381,117948909,-1223,-107,346,5521,1724,2879
IMU1,11382,117959771,-1207,-27,67,5546,1915,2994
IMU1,11383,117970247,-1608,65,-311,5417,2376,3090
IMU1,11384,117980890,-1715,237,-382,5096,3063,3294
IMU1,11385,117991737,-1608,493,-210,4663,3786,3539
IMU1,11386,118002579,-1616,711,-46,4217,4367,3731
IMU1,11387,118013226,-1811,843,484,3800,4720,3880
IMU1,11388,118024503,-3112,794,770,3227,4816,4425
IMU1,11389,118035264,-3592,691,964,3091,4629,4968
IMU1,11390,118046025,-3580,654,1015,3028,4267,5549
IMU1,11391,118056994,-3324,770,992,2996,3780,5992
IMU1,11392,118067762,-3223,844,1029,2990,3380,6225
IMU1,11393,118078712,-3354,804,963,3008,3190,6331
IMU1,11394,118089500,-3699,716,811,2998,3137,6429
IMU1,11395,118100261,-4335,550,874,2928,3032,6846
IMU1,11396,118111029,-4337,622,968,2844,2244,7080
IMU1,11397,118121798,-4207,801,945,2923,1565,7214
IMU1,11398,118132555,-4057,1062,763,3052,855,7231
IMU1,11399,118143315,-3923,1247,563,3167,352,7175
IMU1,11400,118154101,-3915,1424,331,3225,191,7083
IMU1,11401,118164858,-3917,1643,250,3190,246,6986
IMU1,11402,118175617,-3913,1907,256,3098,373,6862
IMU1,11403,118186387,-3897,2095,77,2984,499,6680
IMU1,11404,118197464,-3600,2215,21,2665,765,6139
IMU1,11405,118208028,-3274,2272,147,2448,1017,5718
IMU1,11406,118218976,-3129,2407,413,2272,1292,5138
IMU1,11407,118229931,-3326,2330,720,2185,1463,4474
IMU1,11408,118240902,-3702,1917,951,2197,1446,3848
IMU1,11409,118251869,-3428,1623,963,2286,1153,3336
IMU1,11410,118262821,-3489,1296,950,2360,705,2834
IMU1,11411,118273589,-2847,1297,697,2411,-5,1844
IMU1,11412,118284030,-2820,1250,409,2368,-272,1358
IMU1,11413,118294882,-2786,1129,-85,2246,-485,996
IMU1,11414,118305415,-2727,1141,-277,2000,-525,779
IMU1,11415,118316155,-2792,1118,-487,1689,-387,693
IMU1,11416,118326908,-2835,1050,-477,1361,-178,702
IMU1,11417,118337650,-3006,1057,-397,1072,-28,780
IMU1,11418,118348196,-3553,1101,-69,840,43,926
IMU1,11419,118358255,-6167,773,1968,755,346,1271
IMU1,11420,118368835,-4558,-630,1408,987,1454,2022
IMU1,11421,118379697,-1732,1579,-1243,467,-417,1408
IMU1,11422,118390640,-1900,756,-1262,-69,-2398,498
IMU1,11423,118401298,-1635,843,-1784,-548,-3041,-76
IMU1,11424,118412009,-1163,1130,-1866,-973,-2637,-377
IMU1,11425,118423134,-897,1179,-1585,-1210,-1692,-528
IMU1,11426,118434268,-1043,1227,-1294,-1169,-493,-564
IMU1,11427,118445385,-1408,1126,-991,-905,679,-456
IMU1,11428,118456024,-1626,1043,-450,-499,1473,-232
IMU1,11429,118466850,-1666,1107,-414,426,1017,35
IMU1,11430,118477284,-1669,1094,-594,780,-4,7
IMU1,11431,118487022,-1503,1095,-862,981,-968,-56
IMU1,11432,118497466,-1269,1204,-1137,1018,-1457,-119
IMU1,11433,118508693,-982,1205,-1482,922,-1421,-189
IMU1,11434,118519533,-801,1312,-1596,677,-1044,-265
IMU1,11435,118530376,-738,1261,-1602,390,-517,-345
IMU1,11436,118541017,-1009,1196,-1501,116,-15,-404
IMU1,11437,118551646,-1248,1202,-869,-94,293,-381
IMU1,11438,118563133,-1487,1179,-711,-133,249,-165
IMU1,11439,118573772,-1485,1139,-684,-28,-4,-39
IMU1,11440,118586259,-1446,1111,-802,77,-271,87
IMU1,11441,118596392,-1381,1116,-899,144,-443,185
IMU1,11442,118606934,-1297,1109,-983,165,-529,246
IMU1,11443,118617467,-1246,1115,-1003,151,-545,261
IMU1,11444,118628223,-1302,1126,-917,129,-483,240
IMU1,11445,118638749,-1571,1089,-731,130,-367,206
IMU1,11446,118649289,-1792,1084,-549,151,-210,142
IMU1,11447,118659827,-2023,1094,-390,187,-261,119
IMU1,11448,118670368,-2174,1116,-295,232,-455,101
IMU1,11449,118680919,-2322,1176,-330,276,-724,80
IMU1,11450,118691272,-2424,1203,-338,282,-918,54
IMU1,11451,118701618,-2502,1242,-284,258,-962,29
IMU1,11452,118711967,-2582,1328,-176,229,-874,-12
IMU1,11453,118722409,-2686,1358,-14,206,-692,-87
IMU1,11454,118732637,-2822,1373,150,193,-496,-197
IMU1,11455,118743191,-2959,1356,323,188,-392,-336
IMU1,11456,118753739,-3149,1381,827,203,-412,-495
IMU1,11457,118764805,-3471,1563,1052,343,-702,-789
IMU1,11458,118775553,-3635,1716,1324,466,-906,-922
IMU1,11459,118786321,-3792,1885,1637,612,-1136,-1054
IMU1,11460,118797457,-3886,1990,1922,775,-1365,-1184
IMU1,11461,118808591,-3937,2188,2108,911,-1622,-1332
IMU1,11462,118819731,-3929,2432,2305,980,-1888,-1512
IMU1,11463,118830886,-3637,3214,1955,953,-2082,-1746
IMU1,11464,118842026,-3649,3505,1531,309,-2037,-2350
IMU1,11465,118853181,-3466,3837,1272,-379,-1830,-2582
IMU1,11466,118864431,-3412,4120,1239,-1185,-1650,-2780
IMU1,11467,118875877,-3601,4326,1437,-2008,-1608,-2932
IMU1,11468,118887318,-3812,4551,1616,-2717,-1758,-2988
IMU1,11469,118898767,-4059,5025,1637,-3270,-2293,-2836
IMU1,11470,118910216,-4055,5208,1388,-3996,-2626,-2709
IMU1,11471,118921671,-4003,5537,986,-4330,-2980,-2620
IMU1,11472,118932917,-4149,5846,577,-4746,-3241,-2613
IMU1,11473,118944171,-4427,6118,406,-5279,-3342,-2670
IMU1,11474,118955424,-4692,6406,111,-5874,-3415,-2815
IMU1,11475,118966678,-5329,7336,-829,-7405,-4116,-3392
IMU1,11476,118978039,-5406,7862,-1398,-8376,-4634,-3732
IMU1,11477,118989606,-5171,8404,-1962,-9443,-5021,-4082
IMU1,11478,119001146,-4816,8806,-2402,-10555,-5120,-4459
IMU1,11479,119012899,-4441,8730,-2762,-11631,-4708,-4843
IMU1,11480,119024665,-3993,7700,-2461,-13449,-2768,-5730
IMU1,11481,119036423,-4146,6992,-1848,-13987,-1942,-6206
IMU1,11482,119048195,-4198,6345,-1378,-14217,-1412,-6594
IMU1,11483,119059943,-3776,5873,-1065,-14256,-1091,-6918
IMU1,11484,119071701,-3122,4827,-309,-14154,-940,-7675
IMU1,11485,119083072,-2932,4483,-31,-13460,-671,-7969
IMU1,11486,119094223,-2439,4343,14,-12886,-619,-8158
IMU1,11487,119105272,-2121,4099,92,-12260,-779,-8268
IMU1,11488,119116332,-2158,3834,177,-11530,-986,-8177
IMU1,11489,119127594,-2171,3724,361,-10645,-988,-7733
IMU1,11490,119138852,-1833,3848,627,-9557,-830,-6989
IMU1,11491,119149927,-1746,3919,473,-6995,-802,-5189
IMU1,11492,119160992,-1595,4046,-14,-5849,-1229,-4385
IMU1,11493,119172147,-1444,4047,-561,-4998,-1961,-3736
IMU1,11494,119183498,-1278,4013,-1226,-4432,-2681,-3221
IMU1,11495,119195050,-1121,3903,-1979,-4110,-3088,-2765
IMU1,11496,119206600,-828,3340,-2663,-3963,-2276,-1880
IMU1,11497,119217932,-724,3075,-2616,-3972,-1255,-1525
IMU1,11498,119229281,-743,2860,-2532,-3923,-333,-1340
IMU1,11499,119240432,-773,2579,-2213,-3835,284,-1305
IMU1,11500,119251482,-1142,2347,-1987,-3635,628,-1337
IMU1,11501,119262740,-1145,2116,-1650,-3333,727,-1298
IMU1,11502,119273986,-1594,1693,-1063,-2178,567,-1373
IMU1,11503,119285244,-1795,1748,-1341,-1534,242,-1117
IMU1,11504,119296489,-1294,1909,-1214,-954,-286,-763
IMU1,11505,119307410,-1360,2029,-1560,-416,-637,-600
IMU1,11506,119318350,-1242,2022,-2032,-114,-873,-446
IMU1,11507,119329293,-1226,2100,-2226,2,-1052,-341
IMU1,11508,119339930,-1200,2127,-2539,7,-1039,-224
IMU1,11509,119350584,-1056,2106,-2677,-58,-857,48
IMU1,11510,119361027,-948,2087,-2621,-179,-270,192
# swing_peak_seq=11484
IMU1,11511,119371656,-881,2105,-2544,-160,20,316
IMU1,11512,119382009,-887,2126,-2445,-51,240,431
IMU1,11513,119392354,-870,2123,-2332,127,378,556
IMU1,11514,119402819,-929,2169,-2354,376,433,693
IMU1,11515,119413281,-1031,2150,-2351,655,425,852
IMU1,11516,119423944,-1121,2133,-2356,946,390,1046
IMU1,11517,119434829,-1102,2100,-2374,1241,327,1250
IMU1,11518,119445899,-1105,2026,-2376,1531,254,1431
IMU1,11519,119456965,-1119,1878,-2377,2072,218,1746
IMU1,11520,119468029,-1188,1753,-2338,2313,283,1899
IMU1,11521,119479091,-1268,1607,-2252,2540,389,2063
IMU1,11522,119490148,-1384,1467,-2161,2745,492,2241
IMU1,11523,119501194,-1431,1336,-2051,2938,575,2410
IMU1,11524,119512249,-1455,1201,-1882,3118,616,2549
IMU1,11525,119523321,-1505,997,-1532,3299,616,2640
IMU1,11526,119534173,-1486,895,-1438,3687,513,2705
IMU1,11527,119545030,-1510,798,-1366,3876,427,2696
IMU1,11528,119555896,-1559,666,-1265,4051,353,2689
IMU1,11529,119566750,-1562,572,-1158,4212,324,2695
IMU1,11530,119577607,-1522,494,-1092,4360,321,2699
IMU1,11531,119591005,-1467,352,-920,4493,332,2660
IMU1,11532,119601667,-1414,299,-890,4699,441,2635
IMU1,11533,119612331,-1374,242,-828,4742,528,2591
IMU1,11534,119622977,-1377,170,-700,4753,634,2553
IMU1,11535,119633646,-1374,99,-544,4757,754,2529
IMU1,11536,119644110,-1339,37,-350,4767,863,2519
IMU1,11537,119654580,-1360,-42,-263,4802,944,2502
IMU1,11538,119665115,-1641,-151,-263,4836,990,2493
IMU1,11539,119675863,-1742,-216,-222,4843,997,2601
IMU1,11540,119686611,-1705,-213,1,4830,1013,2753
IMU1,11541,119697569,-1601,-246,11,4807,1226,2994
IMU1,11542,119708209,-1571,-257,7,4746,1371,3061
IMU1,11543,119718663,-1500,-214,51,4643,1567,3090
IMU1,11544,119729320,-1460,-169,150,4510,1815,3098
IMU1,11545,119740172,-1412,-106,269,4378,2072,3086
IMU1,11546,119751032,-1463,-52,371,4261,2305,3068
IMU1,11547,119761705,-1664,-26,443,4161,2464,3071
IMU1,11548,119772358,-1998,-96,548,4081,2511,3149
IMU1,11549,119783027,-2336,-244,654,4031,2457,3339
IMU1,11550,119793887,-2328,-240,653,3968,2089,3860
IMU1,11551,119804746,-2244,-200,569,3939,1834,4080
IMU1,11552,119815616,-2236,-139,574,3901,1613,4249
IMU1,11553,119826473,-2293,-66,648,3866,1550,4391
IMU1,11554,119837138,-2293,63,750,3855,1649,4501
IMU1,11555,119847702,-2281,184,778,3856,1858,4551
IMU1,11556,119858467,-2327,255,738,3835,2119,4535
IMU1,11557,119869247,-2451,260,416,3749,2352,4483
IMU1,11558,119880540,-2744,397,365,3319,2607,4482
IMU1,11559,119891295,-2819,575,515,3057,2693,4564
IMU1,11560,119902059,-2932,723,479,2809,2764,4668
IMU1,11561,119912835,-3076,876,421,2595,2748,4771
IMU1,11562,119923612,-3122,1084,424,2389,2659,4951
IMU1,11563,119934587,-3039,1280,458,2212,2548,5137
IMU1,11564,119945559,-3172,1379,305,2052,2514,5297
IMU1,11565,119956542,-3720,1450,-266,1843,2664,5698
IMU1,11566,119967597,-4029,1465,-467,1133,2716,5975
IMU1,11567,119978670,-4311,1573,-705,705,2753,6280
IMU1,11568,119989555,-4374,1762,-686,250,2760,6576
IMU1,11569,120000421,-4263,1810,-362,-121,2716,6787
IMU1,11570,120011356,-4035,1829,26,-295,2552,6871
IMU1,11571,120022027,-3890,1815,318,-238,2231,6841
IMU1,11572,120032885,-3880,1753,362,4,1806,6762
IMU1,11573,120044273,-3823,1616,147,731,829,6580
IMU1,11574,120054823,-3762,1618,29,1113,401,6422
IMU1,11575,120065366,-3615,1575,9,1472,133,6172
IMU1,11576,120075720,-3409,1396,-77,1798,-39,5809
IMU1,11577,120086266,-3140,1182,-119,2042,-237,5295
IMU1,11578,120097217,-2933,1047,-88,2207,-508,4643
IMU1,11579,120107955,-2992,979,-351,2280,-796,3914
IMU1,11580,120118721,-2797,1060,-669,2246,-977,3210
IMU1,11581,120129657,-2650,994,-587,2085,-700,1965
IMU1,11582,120140393,-2625,1004,-583,1644,-366,1472
IMU1,11583,120151336,-2738,965,-548,1449,-128,1077
IMU1,11584,120162083,-2838,935,-539,1252,-32,811
IMU1,11585,120172430,-2913,990,-616,1061,-90,654
IMU1,11586,120182785,-2782,977,-682,850,-279,562
IMU1,11587,120193132,-2738,984,-814,622,-519,501
IMU1,11588,120203482,-2550,1088,-1024,356,-723,465
IMU1,11589,120214238,-2540,1148,-1435,41,-881,436
IMU1,11590,120224803,-2473,1156,-1403,-321,-921,451
IMU1,11591,120235641,-2281,952,-804,-836,-552,502
IMU1,11592,120246094,-2170,960,-679,-872,-412,434
IMU1,11593,120256539,-2030,1004,-861,-804,-465,277
IMU1,11594,120267178,-1862,1130,-1071,-737,-713,65
IMU1,11595,120277838,-1663,1163,-1120,-671,-981,-145
IMU1,11596,120288777,-1505,1137,-1029,-559,-1100,-324
IMU1,11597,120299923,-1357,1081,-925,-377,-1046,-455
IMU1,11598,120310864,-1230,1086,-915,-146,-909,-547
IMU1,11599,120321621,-1119,1269,-1108,93,-791,-614
IMU1,11600,120332782,-1051,1338,-1284,393,-687,-703
IMU1,11601,120343616,-959,1322,-1426,403,-631,-722
IMU1,11602,120354255,-874,1319,-1507,358,-508,-744
IMU1,11603,120364892,-874,1327,-1446,265,-354,-737
IMU1,11604,120375515,-940,1303,-1325,198,-178,-690
IMU1,11605,120386153,-1022,1357,-1217,171,-20,-613
IMU1,11606,120396788,-1063,1399,-1117,176,56,-527
IMU1,11607,120407345,-1088,1382,-1089,203,65,-447
IMU1,11608,120417879,-1051,1293,-1156,228,23,-370
IMU1,11609,120428938,-1104,1263,-1180,213,-143,-219
IMU1,11610,120439764,-1174,1254,-1131,182,-188,-123
IMU1,11611,120450595,-1216,1256,-1028,179,-229,-33
IMU1,11612,120461219,-1245,1285,-973,202,-295,50
IMU1,11613,120471547,-1265,1217,-938,237,-360,109
IMU1,11614,120482097,-1310,1144,-907,266,-395,149
IMU1,11615,120492631,-1376,1110,-865,277,-424,176
IMU1,11616,120503179,-1425,1062,-823,277,-480,186
IMU1,11617,120513721,-1456,1060,-738,272,-585,173
IMU1,11618,120524781,-1548,1093,-643,283,-831,88
IMU1,11619,120535136,-1680,1162,-564,315,-872,53
IMU1,11620,120545483,-1843,1227,-486,370,-859,27
IMU1,11621,120555817,-2026,1338,-379,429,-837,29
IMU1,11622,120566162,-2201,1445,-273,487,-853,37
IMU1,11623,120576504,-2379,1513,-148,555,-888,42
IMU1,11624,120586849,-2520,1557,-12,617,-905,45
IMU1,11625,120599544,-2670,1531,199,676,-912,31
IMU1,11626,120609796,-2840,1440,659,735,-882,1
IMU1,11627,120620872,-3110,1390,831,822,-906,-154
IMU1,11628,120631422,-3287,1446,979,821,-1050,-290
IMU1,11629,120642153,-3516,1548,1177,807,-1237,-457
IMU1,11630,120653100,-3648,1614,1323,774,-1382,-614
IMU1,11631,120664037,-3766,1819,1378,703,-1486,-753
IMU1,11632,120674984,-3796,2026,1484,577,-1624,-905
IMU1,11633,120685931,-3920,2178,1630,408,-1774,-1077
IMU1,11634,120697073,-3975,2606,1782,207,-2048,-1441
IMU1,11635,120708215,-4031,2816,1874,-297,-2162,-1616
IMU1,11636,120719453,-4022,3087,1765,-580,-2210,-1766
IMU1,11637,120730698,-4064,3340,1892,-901,-2238,-1912
IMU1,11638,120741956,-4124,3672,1960,-1194,-2248,-2050
IMU1,11639,120753415,-4142,4006,1788,-1489,-2337,-2187
IMU1,11640,120764864,-4297,4514,1730,-2167,-2926,-2428
IMU1,11641,120776313,-4334,4916,1630,-2457,-3273,-2443
IMU1,11642,120787769,-4279,5365,1378,-2703,-3640,-2409
IMU1,11643,120799222,-4190,5753,783,-2964,-3909,-2344
IMU1,11644,120810498,-4105,6082,107,-3359,-4013,-2257
IMU1,11645,120821742,-3959,6543,-1003,-3938,-3940,-2159
IMU1,11646,120833308,-4031,6568,-1360,-5546,-3635,-2069
IMU1,11647,120844827,-4151,6672,-1733,-6473,-3598,-2074
IMU1,11648,120856357,-4235,6892,-2120,-7450,-3699,-2135
IMU1,11649,120867903,-4207,7028,-2528,-8470,-3752,-2268
IMU1,11650,120879461,-3457,7225,-3157,-9545,-3655,-2493
IMU1,11651,120891034,-3014,7130,-3151,-11719,-2803,-3468
IMU1,11652,120902804,-2750,6810,-3012,-12653,-1957,-4254
IMU1,11653,120914558,-2847,6298,-2871,-13438,-1006,-5182
IMU1,11654,120926314,-3283,5576,-2378,-14057,-263,-6109
IMU1,11655,120937880,-4122,4407,-1274,-14651,478,-7373
IMU1,11656,120949338,-4239,4028,-593,-14596,615,-7636
IMU1,11657,120960612,-4000,3731,17,-14246,704,-7730
IMU1,11658,120971553,-3545,3623,541,-13610,690,-7767
IMU1,11659,120982707,-2781,3448,883,-12726,644,-7793
IMU1,11660,120993870,-2087,3259,1323,-11640,523,-7855
IMU1,11661,121005216,-2173,3336,1268,-8996,-26,-7609
IMU1,11662,121016271,-1942,3435,984,-7721,-499,-7105
IMU1,11663,121027333,-1706,3435,753,-6547,-978,-6470
IMU1,11664,121038383,-1428,3612,267,-5522,-1358,-5757
IMU1,11665,121049641,-1059,3775,-432,-4728,-1762,-5054
IMU1,11666,121060980,-824,3746,-907,-4190,-2249,-4464
IMU1,11667,121072131,-668,3407,-1571,-3853,-2789,-3372
IMU1,11668,121083479,-597,3224,-1529,-3547,-2581,-2845
IMU1,11669,121094820,-770,3088,-2060,-3480,-2222,-2409
IMU1,11670,121106166,-946,2823,-2455,-3567,-1834,-2002
IMU1,11671,121117513,-1296,2618,-2668,-3776,-1379,-1627
IMU1,11672,121129055,-1021,2525,-2267,-4030,-844,-1255
IMU1,11673,121140395,-1143,2233,-2463,-4185,109,-878
IMU1,11674,121151448,-853,2080,-2096,-4137,443,-752
IMU1,11675,121162303,-744,2036,-1675,-3891,774,-719
IMU1,11676,121173158,-668,2007,-1542,-3450,1083,-752
IMU1,11677,121184210,-794,1976,-1494,-2924,1165,-823
IMU1,11678,121195262,-823,2026,-1495,-2363,1021,-858
IMU1,11679,121206318,-836,2357,-1706,-1818,757,-861
IMU1,11680,121217182,-954,2397,-1994,-862,-1,-756
IMU1,11681,121227542,-889,2421,-2246,-523,-414,-617
IMU1,11682,121238282,-801,2405,-2453,-287,-684,-453
# swing_peak_seq=11656
IMU1,11683,121249026,-766,2396,-2554,-129,-735,-280
IMU1,11684,121259762,-658,2373,-2682,3,-629,-96
IMU1,11685,121269803,-629,2328,-2712,104,-461,79
IMU1,11686,121280147,-578,2294,-2777,194,-285,248
IMU1,11687,121290673,-560,2229,-2676,292,-119,403
IMU1,11688,121301211,-609,2132,-2543,427,29,562
IMU1,11689,121311461,-650,2025,-2471,611,128,723
IMU1,11690,121321916,-755,1869,-2334,831,151,877
IMU1,11691,121332903,-817,1843,-2375,1332,48,1180
IMU1,11692,121343554,-886,1750,-2374,1569,-66,1338
IMU1,11693,121354324,-986,1600,-2400,1805,-170,1504
IMU1,11694,121365249,-941,1440,-2349,2019,-200,1689
IMU1,11695,121376179,-907,1258,-2189,2231,-127,1850
IMU1,11696,121387122,-905,1074,-2033,2454,14,1981
IMU1,11697,121397779,-934,899,-1879,2686,130,2075
IMU1,11698,121408433,-1077,619,-1560,2929,169,2122
IMU1,11699,121419273,-1132,474,-1429,3403,23,2126
IMU1,11700,121429928,-1195,329,-1336,3636,-121,2092
IMU1,11701,121440875,-1212,217,-1287,3835,-269,2043
IMU1,11702,121451820,-1205,101,-1246,4003,-393,1974
IMU1,11703,121462761,-1185,-25,-1228,4125,-481,1897
IMU1,11704,121473605,-1131,-161,-1174,4210,-535,1819
IMU1,11705,121484639,-1074,-258,-1098,4268,-551,1744
IMU1,11706,121495699,-976,-393,-1026,4340,-457,1604
IMU1,11707,121506542,-951,-456,-952,4345,-361,1554
IMU1,11708,121517212,-1012,-558,-838,4346,-235,1513
IMU1,11709,121528075,-1066,-664,-763,4333,-88,1501
IMU1,11710,121538729,-1062,-728,-692,4311,47,1517
IMU1,11711,121549289,-974,-764,-591,4274,142,1549
IMU1,11712,121559846,-931,-780,-546,4223,204,1568
IMU1,11713,121570417,-936,-801,-512,4160,256,1570
IMU1,11714,121580971,-931,-846,-494,4068,289,1580
IMU1,11715,121591525,-952,-1019,-458,3951,320,1621
IMU1,11716,121604842,-972,-1112,-372,3648,312,1655
IMU1,11717,121615581,-1020,-1169,-282,3503,296,1698
IMU1,11718,121626522,-1109,-1267,-166,3384,301,1763
IMU1,11719,121637459,-1177,-1379,-25,3296,320,1854
IMU1,11720,121648198,-1201,-1457,86,3247,343,1956
IMU1,11721,121658836,-1091,-1499,120,3230,334,2113
IMU1,11722,121669678,-1043,-1509,120,3198,333,2133
IMU1,11723,121680532,-1003,-1510,132,3167,394,2119
IMU1,11724,121691386,-983,-1516,143,3106,522,2073
IMU1,11725,121702049,-1007,-1555,187,3022,669,2018
IMU1,11726,121712905,-1070,-1615,233,2931,788,1966
IMU1,11727,121723751,-1139,-1655,295,2848,844,1939
IMU1,11728,121734603,-1175,-1658,323,2785,827,1941
IMU1,11729,121745437,-1217,-1597,301,2743,609,2013
IMU1,11730,121756301,-1208,-1547,267,2698,467,2074
IMU1,11731,121767155,-1121,-1468,233,2679,367,2137
IMU1,11732,121778005,-1029,-1357,256,2651,362,2163
IMU1,11733,121788847,-983,-1261,241,2608,472,2141
IMU1,11734,121799496,-999,-1238,232,2536,674,2091
IMU1,11735,121810167,-1060,-1257,216,2425,931,2039
IMU1,11736,121821025,-1286,-1316,314,2280,1197,2013
IMU1,11737,121832079,-1819,-1429,666,2075,1496,2184
IMU1,11738,121843140,-1851,-1386,750,2065,1443,2375
IMU1,11739,121854215,-1877,-1297,731,2112,1262,2571
IMU1,11740,121865287,-1853,-1197,624,2181,959,2747
IMU1,11741,121876151,-1808,-1079,477,2244,553,2878
IMU1,11742,121887018,-1803,-978,243,2279,123,2958
IMU1,11743,121897674,-1789,-941,395,2265,-197,2993
IMU1,11744,121908416,-1895,-949,468,2250,-288,2992
IMU1,11745,121919166,-1807,-892,464,2183,51,2889
IMU1,11746,121929623,-1822,-733,353,2113,247,2741
IMU1,11747,121940265,-1983,-640,418,2011,351,2560
IMU1,11748,121950899,-2009,-592,439,1922,361,2409
IMU1,11749,121961544,-2074,-480,497,1862,336,2292
IMU1,11750,121972194,-2208,-338,552,1834,296,2218
IMU1,11751,121982859,-2372,-276,575,1827,263,2207
IMU1,11752,121993525,-2496,-244,546,1832,238,2255
IMU1,11753,122004188,-2527,-197,460,1821,207,2335
IMU1,11754,122015362,-2665,-177,234,1655,200,2505
IMU1,11755,122026007,-2586,-280,138,1493,327,2582
IMU1,11756,122036643,-2690,-1,174,1310,648,2631
IMU1,11757,122046890,-2356,136,-1,1104,1025,2641
IMU1,11758,122057352,-2017,288,-38,870,1259,2510
IMU1,11759,122067826,-2015,464,62,659,1295,2256
IMU1,11760,122078174,-2032,511,138,513,1194,1960
IMU1,11761,122088738,-2176,497,189,433,1032,1686
IMU1,11762,122099281,-2380,507,158,395,850,1490
IMU1,11763,122109637,-2543,491,17,351,730,1398
IMU1,11764,122119800,-2661,455,-216,260,739,1409
IMU1,11765,122130765,-2634,512,-180,-30,997,1596
IMU1,11766,122141120,-2528,593,-69,-145,1123,1699
IMU1,11767,122151670,-2421,628,35,-198,1196,1773
IMU1,11768,122162136,-2376,644,46,-197,1200,1802
IMU1,11769,122172589,-2423,673,1,-166,1130,1822
IMU1,11770,122182843,-2488,690,-41,-126,1013,1858
IMU1,11771,122193387,-2532,665,-69,-101,869,1911
IMU1,11772,122203748,-2532,647,-92,-92,709,1968
IMU1,11773,122213910,-2470,633,-91,-83,541,2003
IMU1,11774,122224084,-2376,639,-42,-50,365,1994
IMU1,11775,122234246,-2339,630,57,25,175,1911
IMU1,11776,122244218,-2474,823,51,135,20,1854
IMU1,11777,122254169,-2308,780,36,275,-181,1780
IMU1,11778,122264423,-2374,730,17,414,-470,1665
IMU1,11779,122275201,-2351,577,-95,650,-941,1470
IMU1,11780,122285552,-2628,686,-106,685,-979,1428
IMU1,11781,122296098,-2482,668,-308,650,-909,1454
IMU1,11782,122306648,-2208,724,-211,547,-828,1452
IMU1,11783,122317188,-2136,760,-788,439,-784,1363
IMU1,11784,122327745,-2038,843,-133,229,-796,1237
IMU1,11785,122338301,-1851,878,-204,93,-836,1070
IMU1,11786,122348656,-1559,806,-141,-7,-784,841
IMU1,11787,122358708,-1904,839,2,-73,-650,588
IMU1,11788,122368477,-2025,792,-134,-119,-517,417
IMU1,11789,122378914,-2096,831,-50,-185,-404,301
IMU1,11790,122389154,-2144,856,-5,-237,-314,218
IMU1,11791,122400245,-2165,783,26,-291,-285,120
IMU1,11792,122410378,-2355,851,-20,-296,-300,107
IMU1,11793,122420625,-2309,983,-33,-314,-331,119
IMU1,11794,122430873,-2176,940,43,-311,-406,104
IMU1,11795,122441029,-2145,894,71,-292,-486,32
IMU1,11796,122450979,-2095,860,106,-259,-542,-53
IMU1,11797,122461225,-2072,832,117,-211,-567,-147
IMU1,11798,122471675,-2064,827,77,-174,-566,-242
IMU1,11799,122481917,-2105,833,33,-148,-555,-342
IMU1,11800,122492168,-2167,846,31,-144,-543,-429
IMU1,11801,122502406,-2209,858,35,-154,-518,-495
IMU1,11802,122512644,-2227,852,21,-171,-476,-547
IMU1,11803,122522886,-2264,835,41,-190,-434,-582
IMU1,11804,122533124,-2311,799,74,-217,-417,-596
IMU1,11805,122544425,-2330,738,117,-250,-431,-563
IMU1,11806,122554881,-2317,722,100,-259,-433,-549
IMU1,11807,122565325,-2286,711,147,-275,-441,-548
IMU1,11808,122575769,-2300,687,109,-292,-446,-566
IMU1,11809,122586210,-2300,626,148,-315,-423,-598
IMU1,11810,122596669,-2330,592,140,-336,-384,-648
IMU1,11811,122609675,-2370,559,144,-365,-328,-714
IMU1,11812,122620133,-2488,409,287,-395,-277,-803
IMU1,11813,122631107,-2538,373,303,-417,-352,-1037
IMU1,11814,122641769,-2579,343,402,-423,-462,-1190
IMU1,11815,122652408,-2549,251,592,-429,-557,-1349
IMU1,11816,122663067,-2586,129,433,-403,-565,-1530
IMU1,11817,122673710,-2853,110,302,-412,-525,-1708
IMU1,11818,122684372,-2888,65,308,-486,-497,-1831
IMU1,11819,122694822,-3048,-28,267,-603,-533,-1910
IMU1,11820,122705379,-3078,28,283,-737,-585,-1939
IMU1,11821,122715842,-2885,209,261,-869,-665,-1944
IMU1,11822,122727015,-2647,323,612,-1070,-1004,-2059
IMU1,11823,122738061,-2575,338,609,-1101,-1183,-2156
IMU1,11824,122749120,-1964,111,840,-1104,-1254,-2267
IMU1,11825,122760180,-2871,247,301,-1086,-1441,-2393
IMU1,11826,122771236,-2852,417,814,-1144,-1589,-2352
IMU1,11827,122782301,-2420,343,926,-1128,-1446,-2296
IMU1,11828,122793364,-2655,383,533,-1092,-1145,-2320
IMU1,11829,122804430,-2220,254,713,-1219,-527,-2363
IMU1,11830,122815296,-2096,176,516,-1293,-239,-2474
IMU1,11831,122826161,-2164,157,509,-1396,-125,-2650
IMU1,11832,122837022,-2334,94,529,-1512,-166,-2847
IMU1,11833,122847692,-2481,-10,529,-1646,-277,-2972
IMU1,11834,122858451,-2332,-43,689,-1787,-443,-3025
IMU1,11835,122869216,-2552,-79,554,-1918,-723,-3061
IMU1,11836,122880006,-2163,-193,334,-2083,-1016,-3016
IMU1,11837,122891099,-2013,-273,430,-2426,-1390,-2949
IMU1,11838,122902223,-1856,-434,462,-2575,-1444,-2847
IMU1,11839,122913344,-2008,-472,545,-2652,-1432,-2746
IMU1,11840,122924470,-1991,-315,768,-2667,-1296,-2581
IMU1,11841,122935591,-1631,-243,682,-2600,-1098,-2388
IMU1,11842,122946715,-1440,-129,1053,-2480,-1080,-2241
IMU1,11843,122958025,-1093,-256,543,-2099,-1235,-2002
IMU1,11844,122969151,-1137,-393,322,-2025,-1136,-1838
IMU1,11845,122980278,-1140,-513,141,-2014,-841,-1621
IMU1,11846,122991198,-913,-645,-527,-2063,-321,-1371
IMU1,11847,123002025,-1091,-635,-542,-2195,188,-1161
IMU1,11848,123012963,-1784,-630,-618,-2363,451,-960
IMU1,11849,123023699,-1725,-725,409,-2485,667,-704
IMU1,11850,123034847,-1559,-1004,852,-2338,845,-269
IMU1,11851,123045686,-1598,-887,675,-2116,790,-111
IMU1,11852,123056325,-1474,-763,505,-1889,741,37
IMU1,11853,123066665,-1565,-618,282,-1685,724,176
IMU1,11854,123077201,-1729,-898,582,-1488,774,340
IMU1,11855,123087741,-1696,-1170,694,-1247,892,526
IMU1,11856,123098480,-1665,-1130,522,-985,1064,690
IMU1,11857,123109213,-1607,-1017,286,-764,1218,801
IMU1,11858,123119945,-1480,-1033,51,-610,1276,825
IMU1,11859,123131031,-1371,-994,78,-416,1117,545
IMU1,11860,123141388,-1344,-939,141,-314,916,278
IMU1,11861,123151737,-1430,-969,107,-212,614,-35
IMU1,11862,123161979,-1499,-1082,10,-111,224,-345
IMU1,11863,123172407,-1569,-1214,5,-34,-223,-611
IMU1,11864,123182548,-1619,-1233,26,34,-685,-832
IMU1,11865,123192787,-1610,-1140,-55,90,-1118,-1015
IMU1,11866,123203527,-1699,-995,-148,124,-1480,-1156
IMU1,11867,123214446,-1944,-688,-69,142,-1744,-1231
IMU1,11868,123225157,-1794,-933,-68,160,-1926,-1246
IMU1,11869,123235882,-1567,-1266,119,177,-2030,-1250
IMU1,11870,123246912,-1485,-1451,123,258,-2002,-1241
IMU1,11871,123257937,-1275,-1448,212,311,-1894,-1236
IMU1,11872,123268979,-1252,-1399,356,346,-1638,-1215
IMU1,11873,123280011,-1357,-1397,169,368,-1125,-1155
IMU1,11874,123291028,-1413,-1127,-304,337,-482,-1058
IMU1,11875,123301943,-1327,-1231,-205,239,24,-958
IMU1,11876,123312376,-1320,-1316,-247,147,351,-880
IMU1,11877,123323518,-1188,-1291,-154,-42,649,-733
IMU1,11878,123334049,-1124,-1314,-97,-116,712,-662
IMU1,11879,123344579,-1090,-1357,-18,-166,705,-592
IMU1,11880,123355108,-1088,-1407,104,-190,645,-538
IMU1,11881,123365742,-1065,-1456,179,-173,546,-484
IMU1,11882,123376373,-1022,-1502,214,-130,413,-427
IMU1,11883,123387000,-1002,-1534,204,-69,274,-383
IMU1,11884,123397433,-979,-1550,109,-16,155,-341
IMU1,11885,123407661,-970,-1579,23,10,93,-308
IMU1,11886,123417401,-988,-1584,-27,12,101,-271
IMU1,11887,123427436,-984,-1597,-22,7,182,-229
IMU1,11888,123437273,-974,-1648,76,-11,302,-180
IMU1,11889,123448347,-901,-1721,204,-22,483,-148
IMU1,11890,123458565,-951,-1741,293,17,450,-165
IMU1,11891,123468694,-970,-1788,376,75,350,-182
IMU1,11892,123478843,-909,-1829,393,152,204,-198
IMU1,11893,123489190,-899,-1833,374,236,51,-227
IMU1,11894,123499345,-908,-1844,392,314,-62,-247
IMU1,11895,123509590,-1091,-1828,155,369,-153,-242
IMU1,11896,123520239,-1008,-1854,166,377,-184,-213
IMU1,11897,123530851,-1029,-1808,55,368,-207,-198
IMU1,11898,123541281,-836,-1783,277,357,-151,-199
IMU1,11899,123551708,-730,-1804,363,391,-52,-248
IMU1,11900,123561946,-751,-1830,373,457,-11,-339
IMU1,11901,123572184,-859,-1789,414,539,-63,-435
IMU1,11902,123582940,-956,-1837,382,729,-275,-555
IMU1,11903,123593400,-990,-1750,271,818,-319,-561
IMU1,11904,123603856,-993,-1814,308,870,-382,-553
IMU1,11905,123616858,-1011,-1802,242,908,-372,-539
IMU1,11906,123627497,-1013,-1774,236,916,-329,-537
IMU1,11907,123638145,-999,-1730,210,893,-294,-545
IMU1,11908,123648593,-968,-1718,221,848,-210,-547
IMU1,11909,123659022,-1051,-1706,215,788,-86,-511
IMU1,11910,123669465,-1072,-1701,221,627,73,-458
IMU1,11911,123679818,-1074,-1709,257,542,65,-403
IMU1,11912,123690175,-1085,-1712,302,473,13,-352
IMU1,11913,123700530,-1119,-1728,309,426,-39,-306
IMU1,11914,123710966,-1117,-1715,306,401,-52,-257
IMU1,11915,123721410,-1099,-1707,341,390,-13,-219
IMU1,11916,123731849,-1086,-1711,375,390,63,-195
IMU1,11917,123742192,-1041,-1711,422,400,138,-191
IMU1,11918,123752734,-1001,-1694,480,420,192,-211
IMU1,11919,123763270,-982,-1721,504,448,217,-251
IMU1,11920,123773608,-1019,-1777,518,483,200,-293
IMU1,11921,123784148,-1057,-1823,476,520,135,-332
IMU1,11922,123794688,-1056,-1799,466,585,28,-331
IMU1,11923,123805035,-1047,-1786,457,600,17,-326
IMU1,11924,123815375,-1032,-1783,451,617,23,-335
IMU1,11925,123825724,-1015,-1786,439,624,38,-348
IMU1,11926,123836075,-988,-1783,441,627,72,-355
IMU1,11927,123846237,-977,-1786,449,624,120,-367
IMU1,11928,123856588,-940,-1767,496,622,175,-388
IMU1,11929,123866938,-908,-1761,532,625,219,-421
IMU1,11930,123877281,-901,-1754,547,629,243,-463
IMU1,11931,123887636,-871,-1737,563,632,251,-505
IMU1,11932,123897999,-847,-1720,583,629,256,-540
IMU1,11933,123908359,-860,-1723,597,628,259,-563
IMU1,11934,123919747,-876,-1738,598,633,242,-575
IMU1,11935,123930108,-874,-1742,605,626,236,-555
IMU1,11936,123940463,-851,-1740,599,622,249,-540
IMU1,11937,123950820,-820,-1723,634,609,283,-526
IMU1,11938,123961171,-817,-1724,655,596,324,-514
IMU1,11939,123971520,-799,-1712,724,585,341,-501
IMU1,11940,123981873,-816,-1719,768,583,321,-495
IMU1,11941,123992224,-803,-1729,787,589,284,-490
IMU1,11942,124002577,-778,-1720,786,586,246,-478
IMU1,11943,124012926,-757,-1699,787,571,207,-468
IMU1,11944,124023270,-764,-1713,785,547,170,-458
IMU1,11945,124033627,-749,-1733,737,515,141,-437
IMU1,11946,124045007,-698,-1726,724,399,88,-381
IMU1,11947,124055145,-709,-1714,731,340,63,-361
IMU1,11948,124065298,-725,-1731,724,268,40,-328
IMU1,11949,124075433,-704,-1732,701,205,44,-292
IMU1,11950,124085589,-677,-1718,710,143,65,-260
IMU1,11951,124095748,-660,-1721,733,89,99,-229
IMU1,11952,124105707,-637,-1736,752,53,130,-199
IMU1,11953,124115872,-643,-1752,783,27,158,-172
IMU1,11954,124126018,-643,-1776,804,12,165,-142
IMU1,11955,124136155,-626,-1794,809,8,154,-119
IMU1,11956,124146109,-622,-1808,826,-2,132,-106
IMU1,11957,124156158,-636,-1811,836,-14,95,-101
IMU1,11958,124166221,-660,-1828,854,-32,46,-103
IMU1,11959,124176256,-666,-1857,837,-50,-10,-106
IMU1,11960,124186381,-773,-1822,855,-61,-29,-103
IMU1,11961,124196517,-824,-1775,853,-73,-5,-84
IMU1,11962,124206246,-784,-1761,842,-78,50,-67
IMU1,11963,124216083,-724,-1767,861,-86,134,-69
IMU1,11964,124226110,-728,-1813,915,-89,204,-79
IMU1,11965,124237192,-769,-1839,912,-45,185,-107
IMU1,11966,124247432,-762,-1862,865,-27,105,-107
IMU1,11967,124257670,-752,-1872,819,-16,17,-105
IMU1,11968,124267707,-714,-1899,742,-20,-59,-98
IMU1,11969,124277652,-787,-1902,711,-36,-91,-78
IMU1,11970,124287609,-832,-1885,673,-57,-82,-28
IMU1,11971,124297557,-819,-1901,597,-88,-74,37
IMU1,11972,124307419,-791,-1893,556,-139,-71,92
IMU1,11973,124317483,-756,-1881,542,-198,-54,132
IMU1,11974,124327732,-727,-1875,528,-252,-13,154
IMU1,11975,124337978,-705,-1872,509,-305,50,165
IMU1,11976,124348134,-711,-1852,535,-353,130,172
IMU1,11977,124358499,-740,-1840,576,-375,188,178
IMU1,11978,124368843,-747,-1834,611,-378,202,187
IMU1,11979,124379190,-729,-1841,639,-362,171,188
IMU1,11980,124389551,-712,-1850,653,-329,118,174
IMU1,11981,124400432,-682,-1849,636,-229,61,126
IMU1,11982,124410584,-692,-1851,620,-181,67,101
IMU1,11983,124420742,-708,-1870,629,-140,74,73
IMU1,11984,124430706,-715,-1877,635,-101,75,42
IMU1,11985,124440675,-715,-1870,656,-64,75,8
IMU1,11986,124450236,-697,-1853,670,-27,83,-26
IMU1,11987,124460084,-669,-1841,681,9,103,-64
IMU1,11988,124469832,-647,-1823,698,44,109,-107
IMU1,11989,124479976,-648,-1816,716,86,84,-152
IMU1,11990,124489948,-664,-1820,719,138,42,-192
IMU1,11991,124500100,-653,-1817,690,187,-2,-224
IMU1,11992,124510149,-657,-1809,665,226,-24,-249
IMU1,11993,124520401,-679,-1815,654,248,-18,-255
IMU1,11994,124530617,-677,-1828,627,255,5,-243
IMU1,11995,124540561,-680,-1829,612,248,32,-223
IMU1,11996,124550704,-701,-1836,601,229,50,-193
IMU1,11997,124560853,-708,-1840,595,194,60,-155
IMU1,11998,124570992,-706,-1842,587,149,66,-108
IMU1,11999,124581133,-697,-1843,581,97,76,-63
IMU1,12000,124590878,-673,-1839,593,39,80,-25
IMU1,12001,124600622,-665,-1838,630,-20,77,-4
IMU1,12002,124610258,-666,-1850,672,-63,65,0
IMU1,12003,124622255,-634,-1859,751,-106,54,-24
IMU1,12004,124632289,-642,-1877,783,-101,68,-40
IMU1,12005,124642322,-652,-1902,790,-77,77,-60
IMU1,12006,124652163,-639,-1916,802,-45,74,-74
IMU1,12007,124662001,-636,-1910,819,-7,67,-91
IMU1,12008,124671645,-659,-1913,822,30,62,-109
IMU1,12009,124681601,-649,-1911,808,69,49,-116
IMU1,12010,124691530,-655,-1916,791,99,24,-120
IMU1,12011,124701474,-651,-1921,757,117,-13,-119
IMU1,12012,124711708,-647,-1892,733,121,-46,-117
IMU1,12013,124721944,-647,-1871,711,114,-72,-114
IMU1,12014,124732188,-640,-1848,702,95,-95,-110
IMU1,12015,124742219,-650,-1832,688,68,-116,-111
IMU1,12016,124752461,-653,-1814,674,36,-114,-107
IMU1,12017,124762695,-661,-1811,671,2,-86,-94
IMU1,12018,124772339,-654,-1818,683,-24,-59,-77
IMU1,12019,124782275,-642,-1810,689,-44,-44,-61
IMU1,12020,124792206,-378,-1333,459,-114,170,-6
IMU1,12021,124802249,-808,-1781,444,-466,1011,211
IMU1,12022,124812770,-948,-1828,952,-708,732,404
IMU1,12023,124823649,-455,-2250,897,-706,18,458
IMU1,12024,124833796,-648,-2071,917,-646,-148,222
IMU1,12025,124844225,-794,-2024,804,-527,-486,18
IMU1,12026,124854457,-792,-2015,712,-444,-484,-17
IMU1,12027,124864780,-709,-1988,656,-364,-305,-12
IMU1,12028,124875105,-713,-2045,571,-297,-55,-60
IMU1,12029,124885249,-704,-2072,669,-262,138,-122
IMU1,12030,124895678,-680,-2082,744,-251,288,-168
IMU1,12031,124906114,-674,-2076,645,-243,378,-216
IMU1,12032,124916553,-720,-2016,574,-271,310,-272
IMU1,12033,124927005,-767,-1985,581,-327,149,-307
IMU1,12034,124937463,-746,-1987,568,-378,24,-332
IMU1,12035,124948733,-811,-2063,522,-454,-135,-370
IMU1,12036,124959255,-872,-2143,476,-496,-187,-374
