# label=FP
IMU1,10752,108010471,-67,-44,2075,13,-16,-16
IMU1,10753,108019895,-64,-47,2075,14,-18,-16
IMU1,10754,108029838,-66,-47,2075,14,-17,-19
IMU1,10755,108039269,-71,-45,2076,14,-13,-22
IMU1,10756,108048689,-66,-41,2075,16,-16,-19
IMU1,10757,108058622,-69,-45,2074,15,-14,-20
IMU1,10758,108068038,-69,-45,2075,14,-12,-22
IMU1,10759,108077454,-65,-42,2075,16,-15,-22
IMU1,10760,108087399,-69,-48,2073,15,-16,-21
IMU1,10761,108096821,-68,-43,2073,15,-18,-16
IMU1,10762,108106751,-67,-44,2071,13,-16,-19
IMU1,10763,108116179,-63,-46,2073,15,-13,-23
IMU1,10764,108125603,-63,-43,2078,15,-17,-19
IMU1,10765,108135547,-68,-45,2073,17,-16,-19
IMU1,10766,108144956,-63,-43,2072,15,-13,-22
IMU1,10767,108154366,-65,-43,2070,14,-16,-20
IMU1,10768,108164306,-68,-45,2075,16,-14,-21
IMU1,10769,108173713,-67,-45,2083,21,-21,-17
IMU1,10770,108183640,-64,-37,2068,27,-18,-20
IMU1,10771,108193056,-67,-46,2071,11,-16,-18
IMU1,10772,108202468,-69,-43,2075,15,-15,-20
IMU1,10773,108212399,-65,-44,2072,14,-15,-21
IMU1,10774,108221819,-75,-44,2068,17,-13,-22
IMU1,10775,108231755,-516,-149,2114,22,-16,-15
IMU1,10776,108241579,-1089,-403,2162,48,-4,103
IMU1,10777,108251499,-496,-246,2043,47,18,294
IMU1,10778,108261327,-390,-121,2066,40,18,369
IMU1,10779,108271155,-325,64,1918,25,20,411
IMU1,10780,108280703,-179,145,2031,-2,-5,444
IMU1,10781,108290232,-93,138,2053,-15,-22,458
IMU1,10782,108299958,-89,139,2056,-14,-29,455
IMU1,10783,108309683,-720,-240,1926,-23,-24,454
IMU1,10784,108319697,-875,-569,1921,-45,-42,568
IMU1,10785,108329722,-45,-228,2384,-90,-68,737
IMU1,10786,108339548,350,25,2084,-25,-29,743
IMU1,10787,108349165,639,197,2117,-10,-19,639
IMU1,10788,108359012,622,244,2088,-4,-19,492
IMU1,10789,108368651,634,201,2111,-1,-20,351
IMU1,10790,108378286,523,68,2080,7,-16,235
IMU1,10791,108387628,540,-58,2091,11,-19,140
IMU1,10792,108397264,343,-164,2086,11,-14,47
IMU1,10793,108406892,-69,-45,2074,14,-13,-15
IMU1,10794,108416314,-66,-42,2076,14,-16,-19
IMU1,10795,108425734,-68,-44,2072,14,-16,-19
IMU1,10796,108435158,-67,-42,2075,14,-14,-21
IMU1,10797,108444597,-67,-41,2074,14,-15,-21
IMU1,10798,108454023,-70,-43,2074,15,-14,-20
IMU1,10799,108463457,-72,-39,2075,15,-15,-19
IMU1,10800,108472885,-70,-44,2074,15,-15,-20
IMU1,10801,108485054,-66,-42,2072,16,-16,-20
IMU1,10802,108494470,-69,-41,2075,15,-16,-19
IMU1,10803,108503884,-70,-46,2077,15,-15,-18
IMU1,10804,108513306,-64,-42,2072,15,-16,-18
IMU1,10805,108522722,-69,-44,2070,17,-15,-20
IMU1,10806,108532146,-67,-42,2071,18,-16,-19
IMU1,10807,108541574,-67,-40,2074,16,-16,-19
IMU1,10808,108551010,-68,-42,2075,13,-15,-19
IMU1,10809,108560424,-65,-39,2074,14,-16,-18
IMU1,10810,108569831,-67,-41,2074,15,-16,-19
IMU1,10811,108579239,-69,-45,2074,16,-14,-22
IMU1,10812,108588654,-67,-40,2073,13,-15,-21
IMU1,10813,108598074,-66,-45,2074,12,-15,-20
IMU1,10814,108607496,-66,-44,2078,13,-14,-20
IMU1,10815,108616922,-68,-44,2078,14,-15,-21
IMU1,10816,108626344,-64,-39,2076,14,-16,-20
IMU1,10817,108635762,-68,-41,2074,17,-15,-21
IMU1,10818,108645188,-65,-42,2075,17,-15,-19
IMU1,10819,108654610,-67,-44,2076,16,-13,-18
IMU1,10820,108664030,-66,-43,2074,15,-16,-18
IMU1,10821,108673970,-70,-41,2075,14,-15,-21
IMU1,10822,108683389,-74,-43,2077,14,-13,-19
IMU1,10823,108693333,-71,-41,2075,13,-15,-12
IMU1,10824,108702761,-67,-41,2073,15,-12,-19
IMU1,10825,108712185,-66,-45,2073,17,-15,-18
IMU1,10826,108722127,-67,-42,2070,16,-16,-18
IMU1,10827,108731553,-67,-44,2071,17,-13,-22
IMU1,10828,108740983,-70,-44,2078,18,-15,-20
IMU1,10829,108750932,-198,36,2062,20,-16,-16
IMU1,10830,108760462,-2548,1211,2009,15,-11,96
IMU1,10831,108770504,-972,1171,2265,15,-15,599
IMU1,10832,108780556,637,995,2524,90,21,760
IMU1,10833,108790232,750,902,2041,153,87,586
IMU1,10834,108800093,-625,-40,2073,122,68,386
IMU1,10835,108809896,439,473,2058,85,45,374
IMU1,10836,108819528,-14,544,2180,84,8,317
IMU1,10837,108828860,-88,529,2033,93,16,287
IMU1,10838,108838380,104,534,2003,99,18,274
IMU1,10839,108848022,269,500,1947,87,6,222
IMU1,10840,108857447,371,368,2123,78,-13,136
IMU1,10841,108867176,323,180,2229,83,-38,33
IMU1,10842,108876708,222,42,2190,101,9,-60
IMU1,10843,108886048,160,-65,2262,130,34,-126
IMU1,10844,108895864,75,-61,2042,156,-5,-171
IMU1,10845,108905393,71,-66,2101,153,-25,-201
IMU1,10846,108915118,86,-77,1827,150,10,-228
IMU1,10847,108924758,46,-155,2026,124,14,-251
IMU1,10848,108934590,98,-189,2063,112,-46,-275
IMU1,10849,108944507,122,-185,2121,113,-13,-306
IMU1,10850,108954627,145,-173,2221,126,11,-344
IMU1,10851,108964642,166,-137,2293,153,-81,-391
IMU1,10852,108974751,169,-66,2347,185,-98,-438
IMU1,10853,108984668,167,50,2257,218,-17,-481
IMU1,10854,108994481,84,81,2232,254,-7,-525
IMU1,10855,109003915,55,121,2230,286,-53,-558
IMU1,10856,109013762,39,174,2083,306,-71,-573
IMU1,10857,109023594,19,163,2126,307,-21,-583
IMU1,10858,109033437,-71,164,1981,310,75,-589
IMU1,10859,109043288,-320,-1662,1869,291,106,-783
IMU1,10860,109053805,-232,453,1898,261,60,-962
IMU1,10861,109063847,-61,468,1909,238,27,-867
IMU1,10862,109073679,27,384,2199,232,-117,-833
IMU1,10863,109083717,18,319,2156,251,-260,-826
IMU1,10864,109093755,-19,288,2194,263,-300,-809
IMU1,10865,109103894,4,300,2069,276,-173,-779
IMU1,10866,109113749,31,335,2058,277,16,-753
IMU1,10867,109123497,-36,322,2154,277,154,-735
IMU1,10868,109133529,-59,247,2147,282,155,-715
IMU1,10869,109143562,-158,427,1915,290,59,-720
IMU1,10870,109154646,-11,283,1830,282,-193,-861
IMU1,10871,109164775,-72,281,1882,240,-258,-833
IMU1,10872,109174908,-137,226,1896,211,-251,-802
IMU1,10873,109185236,-229,-191,1887,174,-131,-754
IMU1,10874,109195659,-200,306,1852,143,24,-743
IMU1,10875,109205701,-118,103,1846,100,79,-685
IMU1,10876,109215729,-100,125,1934,72,-15,-680
IMU1,10877,109225656,-29,22,2065,63,-125,-679
IMU1,10878,109235376,53,-125,2195,52,-165,-684
IMU1,10879,109245301,118,-231,2138,57,-145,-696
IMU1,10880,109255442,105,-259,2165,66,-90,-712
IMU1,10881,109265373,69,-268,2037,78,-32,-719
IMU1,10882,109275105,37,-222,2037,72,-10,-712
IMU1,10883,109284844,-19,-184,2054,65,-52,-698
IMU1,10884,109294652,-47,-102,2011,51,-134,-674
IMU1,10885,109304666,-93,-23,1861,26,-199,-647
IMU1,10886,109314480,-104,83,1814,-14,-169,-605
IMU1,10887,109324488,-123,146,1942,-44,-61,-561
IMU1,10888,109334498,-106,172,1927,-73,63,-511
IMU1,10889,109344419,671,-468,4154,-63,-108,-506
IMU1,10890,109354641,-956,-176,1648,169,-1174,-543
IMU1,10891,109365269,411,-581,2676,30,-1749,-471
IMU1,10892,109375597,-365,-26,1406,-145,-2070,-511
IMU1,10893,109386126,557,-83,2458,-187,-2073,-433
IMU1,10894,109396557,-346,-31,1638,-166,-2281,-451
IMU1,10895,109407071,-75,144,1648,-205,-2369,-322
IMU1,10896,109417496,242,200,1569,-257,-2180,-253
IMU1,10897,109428028,-177,95,1190,-304,-1980,-202
IMU1,10898,109438455,109,99,2633,-348,-1678,-88
IMU1,10899,109448592,291,166,2949,-243,-1537,-7
IMU1,10900,109458712,603,176,2789,-88,-1430,20
IMU1,10901,109468750,796,-69,5960,116,-1171,6
IMU1,10902,109478601,997,98,389,658,-9,53
IMU1,10903,109490492,180,96,1782,-272,1175,-36
IMU1,10904,109501048,-141,299,2604,-719,1367,-196
IMU1,10905,109511581,-374,22,2685,-976,1348,-359
IMU1,10906,109521922,-251,28,2679,-1194,1118,-514
IMU1,10907,109532458,-239,176,2676,-1438,865,-693
IMU1,10908,109542994,-175,274,2813,-1659,708,-875
IMU1,10909,109553531,-106,209,2753,-1848,705,-1058
IMU1,10910,109564271,-283,-24,2950,-2029,725,-1230
IMU1,10911,109574916,-720,-146,3026,-2173,711,-1339
IMU1,10912,109585754,-471,-133,2605,-2297,529,-1380
IMU1,10913,109597108,-349,-240,2372,-2619,42,-1619
IMU1,10914,109607739,-492,-488,1850,-2832,-227,-1771
IMU1,10915,109618658,-225,-575,1663,-3113,-565,-1910
IMU1,10916,109629596,6,-460,1585,-3372,-839,-2058
IMU1,10917,109640033,210,-521,1525,-3549,-935,-2178
IMU1,10918,109650861,240,-778,1147,-3628,-878,-2281
IMU1,10919,109661697,106,-848,1403,-3691,-782,-2373
IMU1,10920,109672534,582,190,2302,-3655,-615,-2445
IMU1,10921,109683801,1392,246,2077,-3087,494,-2802
IMU1,10922,109694641,1346,-84,1148,-2701,1448,-3076
IMU1,10923,109705582,1220,-543,207,-2427,2356,-3325
IMU1,10924,109716533,1012,-484,169,-2192,3120,-3492
IMU1,10925,109727474,2578,-596,361,-1850,3676,-3632
IMU1,10926,109738429,2507,-965,1929,-1291,3826,-3890
IMU1,10927,109749571,-1139,-284,2089,-389,3621,-3861
IMU1,10928,109760615,-1617,-61,2604,1182,2772,-2439
IMU1,10929,109771550,-2320,-694,2333,1678,1558,-1363
IMU1,10930,109782706,-2140,-1427,2721,1993,603,-201
IMU1,10931,109793643,-1853,-1642,2723,2195,-112,828
IMU1,10932,109804561,-918,-1545,2616,2269,-641,1539
IMU1,10933,109815498,-436,-1418,2360,2213,-925,1831
IMU1,10934,109826451,-484,-1247,2363,2004,-1026,1809
IMU1,10935,109837575,-284,-1376,2452,1303,-719,1423
IMU1,10936,109848513,416,-1374,3168,970,-142,1120
IMU1,10937,109859156,151,-1135,2500,841,369,626
IMU1,10938,109869514,77,-978,2192,661,400,110
IMU1,10939,109879465,532,-588,1999,399,132,-375
IMU1,10940,109889715,1031,-121,1473,83,-4,-889
IMU1,10941,109899644,1095,9,993,-387,123,-1472
IMU1,10942,109909687,1029,-489,353,-1072,414,-2063
IMU1,10943,109920424,313,-943,1766,-1852,717,-2600
IMU1,10944,109931165,116,-917,2247,-2313,1096,-2964
IMU1,10945,109942123,177,-747,2003,-2472,1340,-3377
IMU1,10946,109953061,208,-746,1688,-2431,1464,-3478
IMU1,10947,109963996,159,-766,1558,-2471,1556,-3528
IMU1,10948,109974962,133,-732,1063,-2601,1773,-3539
IMU1,10949,109985909,-11,-854,1529,-2832,2069,-3505
IMU1,10950,109996755,-11,-909,2145,-2939,2407,-3418
IMU1,10951,110007614,95,-750,2153,-2810,2666,-3304
IMU1,10952,110018372,221,-524,1811,-2590,2742,-3202
IMU1,10953,110029839,208,-599,1881,-2165,2477,-3088
IMU1,10954,110040794,282,-738,2029,-1931,2276,-2982
IMU1,10955,110051748,272,-787,1935,-1643,2035,-2852
IMU1,10956,110062705,13,-997,2258,-1359,1787,-2673
IMU1,10957,110073461,-239,-1121,2555,-1001,1589,-2415
IMU1,10958,110084727,-182,-901,2425,-553,1404,-2094
IMU1,10959,110095557,223,-484,1441,-147,1114,-1819
IMU1,10960,110106814,817,-652,1407,70,544,-1708
IMU1,10961,110117039,659,-868,1438,-25,591,-1767
IMU1,10962,110127371,577,-755,1046,-152,826,-1737
IMU1,10963,110137901,528,-737,1061,-369,1087,-1662
IMU1,10964,110148628,483,-863,1306,-576,1319,-1556
IMU1,10965,110159357,607,-823,1321,-708,1547,-1434
IMU1,10966,110170106,571,-904,1594,-800,1708,-1352
IMU1,10967,110180844,376,-991,1799,-797,1782,-1298
IMU1,10968,110191581,332,-1033,2025,-700,1746,-1222
IMU1,10969,110203038,510,-957,2015,-337,1319,-1122
IMU1,10970,110213773,489,-1034,1971,-138,1057,-1137
IMU1,10971,110224697,488,-1039,1798,40,832,-1146
IMU1,10972,110235125,487,-1045,1647,155,668,-1137
IMU1,10973,110245753,444,-1107,1552,217,582,-1115
IMU1,10974,110256406,442,-1108,1454,234,568,-1072
IMU1,10975,110267044,451,-1092,1466,226,599,-1032
IMU1,10976,110277682,513,-1084,1459,222,644,-1007
IMU1,10977,110288312,535,-1032,1435,223,672,-1026
IMU1,10978,110298951,550,-1015,1376,244,706,-1057
IMU1,10979,110309593,519,-1029,1292,223,731,-1087
IMU1,10980,110320241,417,-1106,1351,195,766,-1099
IMU1,10981,110330884,361,-1113,1421,191,803,-1083
IMU1,10982,110341522,381,-1064,1422,226,816,-1047
IMU1,10983,110352158,377,-1025,1386,280,793,-1009
IMU1,10984,110362798,362,-1000,1357,333,757,-970
IMU1,10985,110373245,365,-983,1353,386,726,-929
IMU1,10986,110383493,342,-984,1392,432,713,-888
IMU1,10987,110393751,352,-981,1428,485,713,-840
IMU1,10988,110404517,371,-972,1485,582,755,-736
IMU1,10989,110414760,330,-958,1453,617,800,-701
IMU1,10990,110425002,324,-959,1444,631,866,-670
IMU1,10991,110435253,253,-948,1383,615,925,-627
IMU1,10992,110445501,83,-953,1396,571,976,-567
IMU1,10993,110455549,226,-934,1320,512,1026,-479
IMU1,10994,110465998,221,-886,1385,438,1051,-416
IMU1,10995,110476431,266,-873,1470,368,1078,-375
IMU1,10996,110486880,265,-880,1506,320,1109,-361
IMU1,10997,110499875,190,-886,1485,271,1136,-372
IMU1,10998,110510310,141,-898,1550,128,1243,-378
IMU1,10999,110520759,-1,-904,1762,66,1321,-372
IMU1,11000,110530697,-51,-892,1998,69,1387,-349
IMU1,11001,110540834,12,-850,2115,144,1389,-335
IMU1,11002,110551067,33,-834,2209,264,1312,-345
IMU1,11003,110561312,-9,-847,2273,403,1193,-372
IMU1,11004,110571452,-53,-869,2292,550,1042,-388
IMU1,11005,110581809,-60,-874,2241,696,862,-384
IMU1,11006,110591954,-68,-857,2122,813,680,-364
IMU1,11007,110602122,-24,-843,1982,880,530,-330
IMU1,11008,110612246,3,-831,1824,885,439,-287
IMU1,11009,110622079,-26,-822,1703,833,416,-236
IMU1,11010,110632212,-31,-796,1695,747,449,-183
IMU1,11011,110642349,21,-740,1803,666,521,-157
IMU1,11012,110652391,106,-698,1926,624,610,-178
IMU1,11013,110662638,159,-687,2009,620,677,-242
IMU1,11014,110673917,-26,-668,1992,660,728,-399
IMU1,11015,110684067,-128,-678,1979,658,697,-417
IMU1,11016,110694403,-209,-686,1994,643,670,-401
IMU1,11017,110704715,-249,-668,2032,624,657,-343
IMU1,11018,110715051,-254,-640,2057,608,641,-268
IMU1,11019,110725386,-292,-617,2102,594,600,-195
IMU1,11020,110735728,-297,-606,2172,589,532,-124
IMU1,11021,110746071,-250,-581,2211,609,446,-65
IMU1,11022,110756212,-233,-561,2242,644,355,-27
IMU1,11023,110766334,-229,-537,2226,683,277,-2
IMU1,11024,110776274,-211,-505,2202,710,213,14
IMU1,11025,110786324,-184,-502,2157,721,159,26
IMU1,11026,110796367,-195,-513,2111,717,117,43
IMU1,11027,110806425,-194,-525,2054,692,98,72
IMU1,11028,110816258,-200,-549,2009,638,101,111
IMU1,11029,110826491,-199,-570,2008,580,117,152
IMU1,11030,110837250,-179,-569,2073,459,139,217
IMU1,11031,110847498,-141,-567,2148,427,148,220
IMU1,11032,110857751,-130,-555,2164,418,144,206
IMU1,11033,110867993,-173,-569,2161,415,120,190
IMU1,11034,110878236,-182,-596,2155,404,84,181
IMU1,11035,110888289,-176,-616,2145,391,60,182
IMU1,11036,110898333,-181,-637,2145,370,54,195
IMU1,11037,110908390,-191,-636,2153,348,65,210
IMU1,11038,110918450,-189,-619,2158,329,66,222
IMU1,11039,110928496,-189,-605,2168,314,57,221
IMU1,11040,110938538,-175,-597,2181,299,42,211
IMU1,11041,110948583,-164,-587,2197,291,31,194
IMU1,11042,110958629,-166,-584,2198,291,25,176
IMU1,11043,110968675,-202,-583,2207,290,21,158
IMU1,11044,110978719,-224,-580,2218,296,15,149
IMU1,11045,110988767,-246,-579,2200,297,8,146
IMU1,11046,110998623,-265,-584,2187,295,-7,153
IMU1,11047,111008577,-275,-597,2180,282,-24,162
IMU1,11048,111018709,-296,-619,2136,268,-35,175
IMU1,11049,111029895,-319,-617,2124,209,-36,191
IMU1,11050,111040042,-322,-610,2104,175,-28,182
IMU1,11051,111050162,-340,-614,2113,142,-23,160
IMU1,11052,111060303,-371,-618,2126,112,-7,137
IMU1,11053,111070253,-415,-625,2143,92,12,114
IMU1,11054,111080109,-465,-640,2156,82,26,99
IMU1,11055,111089754,-499,-655,2170,73,29,95
IMU1,11056,111099403,-523,-666,2115,65,22,92
IMU1,11057,111109053,-524,-688,2075,43,1,90
IMU1,11058,111118499,-522,-719,2092,2,-14,91
IMU1,11059,111128042,-575,-744,2131,-29,-10,89
IMU1,11060,111137873,-546,-731,1944,-45,-15,91
IMU1,11061,111147710,-514,-761,2032,-88,-41,80
IMU1,11062,111157551,-462,-740,1882,-113,-36,53
IMU1,11063,111167600,-451,-732,1847,-156,-2,3
IMU1,11064,111177247,-499,-739,1894,-211,64,-54
IMU1,11065,111187291,-495,-721,1943,-243,153,-107
IMU1,11066,111197717,-484,-680,1995,-234,203,-158
IMU1,11067,111208164,-536,-649,2021,-206,206,-210
IMU1,11068,111218577,-531,-642,1996,-174,176,-247
IMU1,11069,111229004,-545,-633,2005,-139,146,-267
IMU1,11070,111239444,-566,-641,2012,-108,134,-275
IMU1,11071,111249877,-579,-622,1948,-80,123,-243
IMU1,11072,111260633,-538,-601,1914,-51,75,-229
IMU1,11073,111270687,-507,-576,1856,-56,63,-233
IMU1,11074,111280729,-475,-563,1806,-68,87,-258
IMU1,11075,111290764,-450,-552,1773,-99,130,-280
IMU1,11076,111301010,-434,-544,1742,-134,185,-307
IMU1,11077,111311460,-451,-544,1741,-175,237,-330
IMU1,11078,111321904,-474,-553,1758,-210,281,-343
IMU1,11079,111332356,-462,-552,1768,-232,311,-343
IMU1,11080,111342810,-456,-548,1797,-245,331,-335
IMU1,11081,111353254,-445,-546,1790,-242,348,-326
IMU1,11082,111363704,-422,-549,1773,-230,358,-316
IMU1,11083,111374145,-414,-550,1750,-216,366,-306
IMU1,11084,111384587,-372,-534,1710,-208,385,-287
IMU1,11085,111395029,-372,-540,1751,-192,480,-284
IMU1,11086,111405477,-375,-520,1814,-161,534,-284
IMU1,11087,111415922,-368,-494,1874,-112,555,-294
IMU1,11088,111426352,-377,-476,1898,-36,518,-307
IMU1,11089,111436590,-402,-459,1897,42,450,-314
IMU1,11090,111446733,-398,-449,1900,116,383,-299
IMU1,11091,111457072,-397,-437,1863,178,342,-269
IMU1,11092,111467406,-404,-419,1818,214,332,-224
IMU1,11093,111477736,-416,-408,1782,227,333,-171
IMU1,11094,111488070,-404,-396,1760,221,347,-121
IMU1,11095,111500942,-369,-382,1753,177,373,-52
IMU1,11096,111511075,-359,-374,1749,144,372,-34
IMU1,11097,111521221,-357,-375,1759,122,370,-33
IMU1,11098,111531358,-357,-379,1767,102,379,-27
IMU1,11099,111541499,-386,-387,1747,95,390,-21
IMU1,11100,111551443,-410,-402,1729,87,400,-1
IMU1,11101,111561185,-412,-426,1730,85,416,30
IMU1,11102,111571032,-400,-447,1734,91,429,60
IMU1,11103,111580887,-379,-470,1725,106,428,84
IMU1,11104,111590923,-382,-499,1701,120,430,104
IMU1,11105,111601164,-378,-519,1670,127,447,125
IMU1,11106,111611406,-373,-534,1659,123,474,143
IMU1,11107,111621659,-360,-539,1661,115,491,155
IMU1,11108,111631891,-336,-533,1661,109,500,154
IMU1,11109,111642136,-338,-521,1665,106,501,142
IMU1,11110,111652369,-329,-504,1682,109,501,125
IMU1,11111,111662603,-340,-489,1727,127,501,110
IMU1,11112,111672840,-365,-461,1816,166,501,104
IMU1,11113,111683599,-377,-446,1826,281,471,121
IMU1,11114,111693841,-380,-418,1817,346,434,138
IMU1,11115,111704084,-390,-380,1814,403,399,161
IMU1,11116,111714326,-388,-355,1821,449,383,187
IMU1,11117,111724579,-408,-317,1842,489,386,213
IMU1,11118,111734827,-436,-273,1892,526,397,237
IMU1,11119,111745089,-443,-224,1948,570,395,262
IMU1,11120,111755329,-492,-180,1991,612,370,280
IMU1,11121,111765580,-545,-151,2037,658,329,300
IMU1,11122,111775832,-595,-121,2087,704,282,332
IMU1,11123,111786088,-648,-85,2107,747,234,377
IMU1,11124,111796130,-703,-61,2120,779,191,431
IMU1,11125,111806187,-754,-24,2128,798,159,492
IMU1,11126,111816250,-785,-7,2137,807,145,551
IMU1,11127,111826111,-822,-2,2148,794,145,607
IMU1,11128,111835964,-855,-25,2172,769,146,656
IMU1,11129,111847062,-945,-92,2180,684,117,729
IMU1,11130,111857108,-964,-115,2197,630,103,758
IMU1,11131,111867372,-983,-117,2209,579,99,761
IMU1,11132,111877431,-991,-119,2235,528,99,747
IMU1,11133,111887494,-1032,-117,2288,481,106,715
IMU1,11134,111897943,-1057,-103,2331,449,118,672
IMU1,11135,111908390,-1072,-129,2352,429,110,618
IMU1,11136,111918850,-1138,-130,2358,413,71,566
IMU1,11137,111929116,-1175,-125,2332,392,19,529
IMU1,11138,111939378,-1182,-119,2325,367,-26,506
IMU1,11139,111949725,-1192,-110,2322,341,-48,489
IMU1,11140,111960073,-1194,-115,2333,312,-48,479
IMU1,11141,111970437,-1214,-143,2359,283,-42,473
IMU1,11142,111981838,-1272,-178,2412,240,-74,470
IMU1,11143,111992203,-1273,-169,2388,224,-130,476
IMU1,11144,112002766,-1266,-164,2351,209,-196,462
IMU1,11145,112013297,-1229,-168,2310,179,-256,445
IMU1,11146,112023827,-1205,-101,2252,138,-288,421
IMU1,11147,112034367,-1176,-112,2157,78,-300,388
IMU1,11148,112044716,-1205,-108,2080,-7,-297,360
IMU1,11149,112054952,-1195,-92,2001,-111,-273,341
IMU1,11150,112065393,-1175,-71,1931,-230,-246,330
IMU1,11151,112075831,-1136,-74,1902,-350,-214,320
IMU1,11152,112086277,-1058,-30,1877,-465,-154,305
IMU1,11153,112097240,-1072,-27,1881,-652,-30,230
IMU1,11154,112107476,-1062,-38,1886,-718,17,187
IMU1,11155,112117626,-1021,-57,1904,-757,53,140
IMU1,11156,112127781,-979,-69,1909,-783,74,103
IMU1,11157,112137748,-949,-76,1899,-782,84,65
IMU1,11158,112147499,-933,-88,1884,-773,77,35
IMU1,11159,112157253,-928,-97,1877,-753,59,21
IMU1,11160,112167004,-903,-105,1870,-723,48,17
IMU1,11161,112176941,-870,-115,1870,-682,40,23
IMU1,11162,112186879,-851,-103,1865,-628,33,29
IMU1,11163,112196827,-829,-88,1866,-572,23,38
IMU1,11164,112206561,-828,-81,1888,-509,6,48
IMU1,11165,112216096,-858,-92,1912,-433,-19,63
IMU1,11166,112225939,-896,-109,1932,-356,-57,98
IMU1,11167,112235974,-943,-125,1942,-274,-95,148
IMU1,11168,112246208,-962,-153,1936,-197,-139,205
IMU1,11169,112256631,-968,-161,1917,-132,-186,255
IMU1,11170,112267052,-958,-144,1868,-84,-234,289
IMU1,11171,112277292,-945,-138,1821,-62,-276,301
IMU1,11172,112287534,-953,-148,1775,-55,-298,292
IMU1,11173,112297779,-996,-154,1728,-67,-300,273
IMU1,11174,112308539,-1025,-162,1713,-112,-243,229
IMU1,11175,112319169,-1054,-179,1700,-134,-206,209
IMU1,11176,112329808,-1090,-201,1678,-165,-184,194
IMU1,11177,112340431,-1117,-214,1658,-194,-167,183
IMU1,11178,112351062,-1129,-219,1628,-228,-150,175
IMU1,11179,112361697,-1114,-228,1593,-261,-122,160
IMU1,11180,112372333,-1095,-240,1563,-295,-84,140
IMU1,11181,112382777,-1081,-247,1515,-334,-32,119
IMU1,11182,112393227,-1075,-249,1477,-373,38,92
IMU1,11183,112403377,-1061,-269,1431,-418,126,63
IMU1,11184,112414749,-1012,-294,1440,-495,314,3
IMU1,11185,112424888,-994,-316,1480,-522,388,-31
IMU1,11186,112435134,-965,-336,1547,-522,448,-73
IMU1,11187,112445393,-961,-351,1593,-494,491,-113
IMU1,11188,112455841,-963,-354,1628,-447,507,-151
IMU1,11189,112466270,-972,-352,1658,-390,498,-178
IMU1,11190,112476705,-959,-336,1677,-320,478,-197
IMU1,11191,112487153,-946,-314,1695,-243,445,-207
IMU1,11192,112497589,-937,-295,1712,-166,408,-210
IMU1,11193,112510589,-914,-255,1736,-13,372,-205
IMU1,11194,112520843,-903,-241,1754,47,373,-197
IMU1,11195,112530987,-888,-235,1755,107,363,-193
IMU1,11196,112541340,-898,-234,1746,151,329,-179
IMU1,11197,112551692,-883,-227,1766,180,293,-164
IMU1,11198,112562031,-874,-223,1792,205,258,-149
IMU1,11199,112572376,-884,-215,1811,227,224,-131
IMU1,11200,112582728,-875,-210,1831,252,194,-113
IMU1,11201,112593063,-851,-208,1844,274,170,-98
IMU1,11202,112603198,-830,-206,1850,290,157,-93
IMU1,11203,112613347,-836,-212,1859,301,144,-96
IMU1,11204,112623497,-846,-230,1871,312,132,-100
IMU1,11205,112633850,-861,-247,1885,313,118,-95
IMU1,11206,112644003,-899,-298,1893,311,99,-83
IMU1,11207,112654954,-902,-310,1902,285,45,-37
IMU1,11208,112664887,-888,-313,1898,263,22,-16
IMU1,11209,112674808,-880,-317,1925,242,1,-4
IMU1,11210,112684330,-846,-306,1946,230,-16,-17
IMU1,11211,112694348,-820,-292,1971,225,-27,-49
IMU1,11212,112704369,-807,-284,1956,225,-38,-84
IMU1,11213,112714378,-823,-275,1957,221,-58,-114
IMU1,11214,112724606,-819,-267,1906,205,-84,-125
IMU1,11215,112734809,-820,-259,1857,176,-105,-124
IMU1,11216,112745212,-827,-256,1831,135,-115,-107
IMU1,11217,112755620,-817,-246,1819,85,-113,-83
IMU1,11218,112765628,-809,-236,1855,40,-95,-60
IMU1,11219,112775442,-806,-222,1908,10,-73,-45
IMU1,11220,112785259,-819,-202,1952,4,-66,-38
IMU1,11221,112794880,-835,-183,1975,16,-81,-43
IMU1,11222,112804687,-848,-162,1989,42,-119,-51
IMU1,11223,112814688,-865,-153,1982,70,-163,-56
IMU1,11224,112824704,-898,-150,1949,91,-198,-49
IMU1,11225,112834718,-919,-151,1898,101,-223,-25
IMU1,11226,112844940,-939,-157,1854,96,-238,17
IMU1,11227,112854855,-938,-167,1811,76,-238,67
IMU1,11228,112864786,-929,-179,1765,42,-226,119
IMU1,11229,112875946,-884,-192,1722,-45,-184,177
IMU1,11230,112886161,-895,-205,1708,-91,-156,189
IMU1,11231,112896371,-894,-219,1712,-120,-120,187
IMU1,11232,112906769,-887,-237,1712,-145,-85,186
IMU1,11233,112916982,-897,-255,1712,-158,-53,176
IMU1,11234,112927200,-911,-265,1714,-170,-29,165
IMU1,11235,112937415,-927,-274,1710,-172,-12,154
IMU1,11236,112947643,-942,-272,1716,-172,-4,147
IMU1,11237,112957665,-934,-272,1745,-157,-7,142
IMU1,11238,112967700,-926,-265,1764,-131,-18,135
IMU1,11239,112977909,-939,-261,1782,-91,-29,121
IMU1,11240,112987937,-944,-246,1787,-43,-39,111
IMU1,11241,112997966,-951,-240,1780,0,-54,101
IMU1,11242,113007606,-966,-237,1769,39,-73,95
IMU1,11243,113017342,-986,-233,1766,74,-86,95
IMU1,11244,113027082,-989,-224,1759,105,-92,101
IMU1,11245,113037213,-981,-212,1759,125,-93,110
IMU1,11246,113047346,-979,-199,1737,137,-90,116
IMU1,11247,113057487,-997,-184,1768,141,-82,120
IMU1,11248,113068635,-996,-180,1760,142,-47,118
IMU1,11249,113078761,-1010,-189,1758,132,-31,109
IMU1,11250,113089083,-1028,-195,1768,113,-18,108
IMU1,11251,113099399,-1031,-199,1778,98,5,112
IMU1,11252,113109240,-1046,-211,1785,84,27,115
IMU1,11253,113119269,-1044,-229,1800,66,38,121
IMU1,11254,113129309,-1029,-240,1832,55,47,121
IMU1,11255,113139341,-1019,-236,1856,55,54,112
IMU1,11256,113149377,-1006,-235,1874,62,58,91
IMU1,11257,113159228,-1009,-233,1906,76,57,63
IMU1,11258,113169066,-1005,-233,1932,95,53,42
IMU1,11259,113178895,-1017,-238,1949,124,48,25
IMU1,11260,113188918,-1042,-255,1956,149,33,21
IMU1,11261,113198952,-1037,-272,1967,167,13,30
IMU1,11262,113208994,-1032,-280,1974,179,-12,44
IMU1,11263,113219120,-1037,-285,1968,188,-38,53
IMU1,11264,113229247,-1026,-292,1958,188,-73,62
IMU1,11265,113239374,-1008,-285,1947,177,-97,66
IMU1,11266,113249501,-983,-276,1926,161,-99,58
IMU1,11267,113260992,-959,-272,1939,120,-68,19
IMU1,11268,113270923,-971,-264,1947,100,-52,1
IMU1,11269,113280659,-988,-270,1957,82,-38,-27
IMU1,11270,113290469,-1014,-271,1964,62,-46,-35
IMU1,11271,113300490,-1016,-266,1962,38,-59,-31
IMU1,11272,113310508,-1003,-262,1977,18,-64,-30
IMU1,11273,113320538,-981,-262,1985,3,-65,-34
IMU1,11274,113330170,-972,-258,1982,-10,-68,-45
IMU1,11275,113340100,-972,-254,1980,-21,-84,-59
IMU1,11276,113350030,-967,-252,1949,-33,-105,-72
IMU1,11277,113360162,-967,-244,1905,-51,-123,-82
IMU1,11278,113370275,-947,-239,1868,-77,-125,-87
IMU1,11279,113380408,-921,-234,1849,-108,-108,-90
IMU1,11280,113390725,-903,-222,1844,-135,-73,-94
IMU1,11281,113400848,-910,-227,1854,-161,-38,-107
IMU1,11282,113411165,-911,-230,1867,-167,-15,-119
IMU1,11283,113421489,-901,-233,1884,-168,-10,-131
IMU1,11284,113431802,-903,-240,1889,-155,-16,-143
IMU1,11285,113442131,-922,-251,1859,-143,-27,-150
IMU1,11286,113452973,-919,-258,1836,-117,-43,-138
IMU1,11287,113463298,-902,-265,1815,-113,-47,-123
IMU1,11288,113473611,-889,-262,1789,-111,-38,-118
IMU1,11289,113483919,-874,-258,1762,-115,-29,-115
IMU1,11290,113494242,-863,-257,1745,-122,-13,-122
IMU1,11291,113504564,-866,-264,1735,-131,9,-133
IMU1,11292,113517149,-868,-270,1717,-138,38,-146
IMU1,11293,113527385,-870,-274,1711,-143,65,-160
IMU1,11294,113537619,-890,-280,1701,-146,82,-173
IMU1,11295,113547839,-916,-295,1652,-150,98,-187
IMU1,11296,113559119,-970,-299,1622,-147,135,-188
IMU1,11297,113569554,-1004,-314,1585,-152,147,-174
IMU1,11298,113580193,-1047,-341,1544,-153,169,-168
IMU1,11299,113590822,-1107,-377,1526,-165,188,-151
IMU1,11300,113601459,-1125,-428,1482,-176,201,-130
IMU1,11301,113612077,-1122,-482,1409,-196,217,-124
IMU1,11302,113622706,-1112,-516,1356,-228,265,-140
IMU1,11303,113633353,-1178,-525,1325,-266,338,-176
IMU1,11304,113643980,-1215,-640,1204,-305,406,-220
IMU1,11305,113655134,-1233,-668,1224,-426,499,-327
IMU1,11306,113665773,-1244,-700,1261,-480,551,-365
IMU1,11307,113676398,-1242,-741,1290,-502,617,-398
IMU1,11308,113687041,-1261,-781,1253,-504,672,-415
IMU1,11309,113697676,-1298,-771,1194,-497,745,-424
IMU1,11310,113708309,-1289,-779,1089,-508,861,-421
IMU1,11311,113718941,-1244,-834,985,-543,997,-413
IMU1,11312,113729383,-1608,-759,921,-598,1105,-403
IMU1,11313,113740016,-1414,-729,1044,-657,1226,-365
IMU1,11314,113751372,-1368,-745,973,-688,1711,-398
IMU1,11315,113762013,-1489,-736,881,-712,1897,-422
IMU1,11316,113772652,-1622,-684,842,-735,2052,-414
IMU1,11317,113783285,-1591,-699,840,-763,2250,-377
IMU1,11318,113793934,-1670,-663,819,-780,2463,-329
IMU1,11319,113804565,-1725,-596,786,-783,2626,-264
IMU1,11320,113815216,-1758,-520,714,-777,2751,-184
IMU1,11321,113825866,-1740,-436,656,-776,2906,-99
IMU1,11322,113836311,-1738,-234,375,-793,3129,-16
IMU1,11323,113847292,-1781,-158,265,-940,3685,153
IMU1,11324,113857844,-1871,-90,221,-1058,3981,236
IMU1,11325,113868398,-1915,-22,256,-1174,4214,312
IMU1,11326,113878973,-1938,33,340,-1252,4353,389
IMU1,11327,113889431,-2004,94,402,-1265,4435,460
IMU1,11328,113899878,-2034,153,410,-1226,4486,554
IMU1,11329,113910531,-2110,256,345,-1156,4528,670
IMU1,11330,113921189,-2164,351,341,-1072,4582,822
IMU1,11331,113931830,-2203,448,287,-981,4658,1017
IMU1,11332,113942484,-2338,594,46,-913,4761,1516
IMU1,11333,113952950,-2342,600,-47,-966,5076,1797
IMU1,11334,113963505,-2368,597,-118,-1093,5231,2059
IMU1,11335,113974468,-2365,626,-158,-1271,5306,2286
IMU1,11336,113985423,-2273,579,-204,-1495,5318,2451
IMU1,11337,113996376,-2272,650,-234,-1742,5276,2562
IMU1,11338,114007330,-2287,741,-317,-1977,5172,2630
IMU1,11339,114018289,-2374,825,-373,-2190,4981,2676
IMU1,11340,114029249,-2542,734,-189,-2366,4314,2767
IMU1,11341,114040216,-2496,610,-136,-2495,3925,2863
IMU1,11342,114051171,-2406,547,-214,-2447,3592,2971
IMU1,11343,114062127,-2386,584,-359,-2401,3270,3040
IMU1,11344,114073080,-2556,559,-412,-2380,2884,3075
IMU1,11345,114084054,-2485,554,-372,-2353,2403,3112
IMU1,11346,114095005,-2429,673,-308,-2285,1875,3132
IMU1,11347,114105964,-2223,743,-248,-2168,1387,3088
IMU1,11348,114116913,-2244,720,-270,-1809,524,3029
IMU1,11349,114127661,-2275,726,-362,-1593,130,2971
IMU1,11350,114138415,-2220,762,-437,-1396,-271,2901
IMU1,11351,114149263,-2161,815,-515,-1204,-683,2814
IMU1,11352,114160110,-2099,845,-563,-1027,-1027,2720
IMU1,11353,114171146,-2049,831,-721,-873,-1247,2631
IMU1,11354,114182003,-1550,830,-807,-756,-1333,2543
IMU1,11355,114192852,-2113,941,-909,-564,-1583,2266
IMU1,11356,114203707,-1919,898,-813,-488,-1637,2140
IMU1,11357,114214549,-2079,961,-1136,-430,-1642,2000
IMU1,11358,114225583,-2168,873,-1479,-460,-1632,1883
IMU1,11359,114236639,-2116,1170,-1101,-574,-1605,1815
IMU1,11360,114247901,-2042,1222,-1044,-641,-1609,1741
IMU1,11361,114259124,-1988,1280,-1112,-692,-1650,1659
IMU1,11362,114270359,-1788,1300,-1159,-877,-1412,1500
IMU1,11363,114281615,-1878,1319,-1213,-978,-1151,1418
IMU1,11364,114292844,-1825,1269,-1325,-1095,-922,1334
IMU1,11365,114304077,-1666,1257,-1363,-1200,-741,1205
IMU1,11366,114315298,-1733,1195,-1390,-1290,-587,999
IMU1,11367,114326346,-1647,1198,-1294,-1338,-429,746
IMU1,11368,114337386,-1996,1050,-1149,-1248,-253,178
IMU1,11369,114348423,-1828,1047,-1097,-1119,-145,-37
IMU1,11370,114359365,-1875,1247,-1089,-946,-92,-316
IMU1,11371,114370120,-2024,1142,-1093,-745,-150,-576
IMU1,11372,114381063,-2159,1084,-1252,-565,-101,-774
IMU1,11373,114391999,-2185,1068,-1325,-437,6,-911
IMU1,11374,114402459,-2076,1123,-1290,-348,73,-1038
IMU1,11375,114413291,-2036,1113,-1177,-273,152,-1200
IMU1,11376,114424337,-1857,1143,-1251,-141,364,-1616
IMU1,11377,114435371,-1846,1148,-1114,-117,460,-1897
IMU1,11378,114446413,-1951,1143,-1095,-105,546,-2214
IMU1,11379,114457451,-1942,1241,-1079,-102,531,-2521
IMU1,11380,114468505,-1934,1274,-953,-121,438,-2828
IMU1,11381,114479352,-1994,1233,-848,-136,338,-3119
IMU1,11382,114490223,-2049,1146,-755,-140,244,-3371
IMU1,11383,114501066,-2079,1116,-637,-137,164,-3790
IMU1,11384,114511929,-2144,1043,-648,-92,230,-3943
IMU1,11385,114525141,-2144,1041,-637,-42,359,-4061
IMU1,11386,114535788,-2176,820,-524,24,480,-4180
IMU1,11387,114546134,-1979,986,-618,103,607,-4303
IMU1,11388,114556697,-1793,985,-695,164,787,-4448
IMU1,11389,114567264,-1902,758,-757,232,925,-4605
IMU1,11390,114578347,-1986,892,-719,356,1017,-4789
IMU1,11391,114589115,-2096,1016,-727,430,1133,-4744
IMU1,11392,114600078,-2132,1030,-864,492,1181,-4529
IMU1,11393,114611034,-2064,889,-993,517,1085,-4143
IMU1,11394,114621806,-1552,799,-1085,512,920,-3633
IMU1,11395,114632580,-1006,805,-1017,468,652,-3114
IMU1,11396,114643338,-1747,998,-686,420,320,-2589
IMU1,11397,114653884,-1489,1213,-818,410,42,-1929
IMU1,11398,114664953,-1584,1288,-877,343,-608,-604
IMU1,11399,114675616,-1972,1137,-920,286,-770,64
IMU1,11400,114685982,-1947,951,-1013,232,-750,745
IMU1,11401,114696563,-1865,961,-997,204,-715,1370
IMU1,11402,114707088,-1896,907,-893,230,-705,1910
IMU1,11403,114717639,-2024,737,-687,332,-722,2349
IMU1,11404,114728177,-2343,650,-417,494,-668,2718
IMU1,11405,114738710,-1699,535,-517,665,-534,3000
IMU1,11406,114749259,-1414,607,-542,782,-337,3062
IMU1,11407,114759813,-965,706,-688,865,-177,2575
IMU1,11408,114770663,-1042,792,-727,915,-70,2094
IMU1,11409,114781003,-1110,806,-769,898,-20,1567
IMU1,11410,114791342,-1370,793,-700,874,95,1097
IMU1,11411,114801596,-1477,759,-605,873,262,774
IMU1,11412,114811856,-1533,810,-474,896,442,567
IMU1,11413,114822102,-1673,828,-334,957,582,474
IMU1,11414,114832351,-1739,847,-305,1063,641,486
IMU1,11415,114842786,-1780,827,-284,1186,571,574
IMU1,11416,114853235,-1930,867,-337,1314,407,725
IMU1,11417,114863670,-1882,757,-542,1429,201,919
IMU1,11418,114874133,-1817,873,-511,1493,-16,1101
IMU1,11419,114884684,-1771,672,-1030,1536,-182,1249
IMU1,11420,114895622,-1894,671,-1082,1386,-273,1473
IMU1,11421,114906559,-1960,610,-1152,1240,-169,1610
IMU1,11422,114917498,-1814,587,-1371,1076,-20,1756
IMU1,11423,114928249,-1673,622,-1354,860,156,1856
IMU1,11424,114938900,-1638,651,-1235,638,293,1895
IMU1,11425,114949553,-1700,637,-1215,450,346,1899
IMU1,11426,114960209,-1676,628,-1188,273,385,1907
IMU1,11427,114970858,-1651,651,-994,112,435,1899
IMU1,11428,114981829,-1651,755,-944,-70,446,1788
IMU1,11429,114992180,-1714,727,-933,-104,430,1732
IMU1,11430,115002730,-1696,742,-927,-113,418,1711
IMU1,11431,115013281,-1691,805,-896,-108,401,1693
IMU1,11432,115023814,-1691,850,-858,-74,373,1671
IMU1,11433,115034165,-1717,871,-830,-24,336,1656
IMU1,11434,115044512,-1673,888,-843,37,288,1639
IMU1,11435,115054757,-1666,950,-843,95,233,1613
IMU1,11436,115065011,-1751,995,-825,146,209,1579
IMU1,11437,115075471,-1719,1002,-824,193,186,1550
IMU1,11438,115086125,-1728,1035,-798,230,150,1536
IMU1,11439,115097310,-1669,1052,-818,278,42,1459
IMU1,11440,115107772,-1641,1057,-829,285,-21,1402
IMU1,11441,115118310,-1619,1065,-866,284,-79,1334
IMU1,11442,115128856,-1658,1029,-923,268,-122,1276
IMU1,11443,115139599,-1571,1066,-910,242,-148,1244
IMU1,11444,115150351,-1518,1064,-839,234,-168,1195
IMU1,11445,115161109,-1515,1035,-831,249,-219,1129
IMU1,11446,115171865,-1535,1019,-832,269,-292,1068
IMU1,11447,115182617,-1523,1042,-813,291,-360,1020
IMU1,11448,115193364,-1491,1044,-828,326,-447,930
IMU1,11449,115203919,-1488,1051,-874,336,-455,863
IMU1,11450,115214442,-1459,1030,-865,326,-438,798
IMU1,11451,115224970,-1410,1041,-843,311,-409,723
IMU1,11452,115235497,-1394,1055,-829,292,-403,633
IMU1,11453,115246035,-1423,1076,-848,272,-414,541
IMU1,11454,115256577,-1430,1110,-839,243,-425,463
IMU1,11455,115267115,-1449,1136,-825,217,-416,406
IMU1,11456,115277644,-1442,1156,-835,193,-389,366
IMU1,11457,115288174,-1422,1209,-828,156,-376,332
IMU1,11458,115299226,-1416,1217,-827,68,-390,247
IMU1,11459,115309562,-1412,1248,-844,29,-399,210
IMU1,11460,115319900,-1418,1232,-849,-8,-388,171
IMU1,11461,115330145,-1432,1253,-810,-40,-366,143
IMU1,11462,115340578,-1429,1270,-807,-59,-340,117
IMU1,11463,115351020,-1439,1270,-803,-74,-320,92
IMU1,11464,115361256,-1418,1266,-813,-93,-301,62
IMU1,11465,115371482,-1405,1271,-806,-112,-288,24
IMU1,11466,115381905,-1406,1269,-803,-118,-295,-24
IMU1,11467,115392423,-1408,1282,-781,-115,-327,-71
IMU1,11468,115402930,-1411,1297,-776,-103,-385,-110
IMU1,11469,115413650,-1385,1284,-791,-80,-465,-142
IMU1,11470,115424170,-1340,1289,-832,-20,-578,-177
IMU1,11471,115434680,-1295,1303,-889,-3,-561,-188
IMU1,11472,115444996,-1256,1336,-935,-5,-521,-203
IMU1,11473,115455327,-1240,1326,-954,-23,-461,-225
IMU1,11474,115465868,-1232,1320,-960,-50,-380,-254
IMU1,11475,115476392,-1242,1335,-943,-76,-325,-270
IMU1,11476,115486929,-1268,1318,-929,-91,-295,-272
IMU1,11477,115497459,-1302,1325,-918,-94,-275,-255
IMU1,11478,115507987,-1317,1337,-924,-87,-259,-225
IMU1,11479,115518501,-1352,1313,-920,-75,-238,-188
IMU1,11480,115531582,-1272,1304,-934,-53,-157,-133
IMU1,11481,115542108,-1251,1310,-942,-54,-138,-145
IMU1,11482,115552634,-1250,1316,-963,-58,-114,-166
IMU1,11483,115563152,-1278,1332,-953,-59,-70,-183
IMU1,11484,115573490,-1302,1332,-924,-51,-34,-181
IMU1,11485,115583814,-1316,1323,-888,-33,-22,-162
IMU1,11486,115594143,-1327,1331,-868,-3,-33,-135
IMU1,11487,115604267,-1318,1334,-876,33,-73,-112
IMU1,11488,115614496,-1307,1350,-903,56,-134,-91
IMU1,11489,115624722,-1312,1372,-932,61,-188,-83
IMU1,11490,115635988,-1284,1372,-931,69,-239,-60
IMU1,11491,115646218,-1292,1369,-927,88,-264,-49
IMU1,11492,115656447,-1305,1374,-935,124,-284,-40
IMU1,11493,115666871,-1306,1359,-952,162,-292,-16
IMU1,11494,115677310,-1316,1369,-949,196,-278,6
IMU1,11495,115687453,-1355,1367,-944,223,-255,21
IMU1,11496,115697784,-1443,1385,-921,254,-226,42
IMU1,11497,115708116,-1567,1377,-887,286,-194,66
IMU1,11498,115718463,-1715,1341,-838,313,-187,101
IMU1,11499,115728984,-1901,1265,-789,349,-227,148
IMU1,11500,115739518,-2146,1142,-755,395,-263,210
IMU1,11501,115750070,-2601,961,-737,431,-248,300
IMU1,11502,115760937,-2833,853,-663,457,-90,418
IMU1,11503,115771074,-3026,775,-532,465,-1,394
IMU1,11504,115781034,-3241,694,-370,497,59,287
IMU1,11505,115791078,-3585,581,-209,557,111,120
IMU1,11506,115801334,-3890,520,-16,638,156,-64
IMU1,11507,115811290,-4175,503,219,735,183,-261
IMU1,11508,115821536,-4463,444,453,831,145,-488
IMU1,11509,115831788,-4760,425,747,922,43,-749
IMU1,11510,115841859,-5069,414,1169,994,-86,-1042
IMU1,11511,115852396,-5377,445,1562,1060,-249,-1389
IMU1,11512,115863343,-5534,654,1668,1089,-528,-1814
IMU1,11513,115874292,-5549,968,1542,997,-974,-2322
IMU1,11514,115885050,-5347,1806,1035,713,-1682,-3378
IMU1,11515,115896197,-5213,2185,1093,-293,-1752,-3804
IMU1,11516,115907457,-5091,2553,1272,-797,-1539,-4129
IMU1,11517,115918735,-4992,2863,1467,-1192,-1160,-4408
IMU1,11518,115930186,-5053,3063,1597,-1497,-709,-4683
IMU1,11519,115941452,-5422,3337,1796,-1769,-291,-5002
IMU1,11520,115952708,-6563,3949,2539,-2231,-575,-5825
IMU1,11521,115963962,-6788,4660,2617,-2443,-1396,-6371
IMU1,11522,115975425,-6980,5551,2329,-2740,-2276,-7077
IMU1,11523,115986885,-6903,6618,2165,-3203,-2837,-7913
IMU1,11524,115998334,-6802,7568,2216,-3806,-2926,-8935
IMU1,11525,116009814,-7918,8613,1175,-4448,-2793,-10140
IMU1,11526,116021472,-8239,8648,640,-6109,-3430,-11995
IMU1,11527,116032921,-8203,8393,511,-7097,-3814,-12287
IMU1,11528,116044370,-7892,7981,578,-7968,-3978,-12174
IMU1,11529,116055840,-7246,7470,739,-8616,-3968,-11799
IMU1,11530,116067306,-6493,6747,1063,-8982,-3844,-11374
IMU1,11531,116078942,-5379,6386,1205,-8936,-3553,-11009
IMU1,11532,116090617,-5751,6117,1062,-8666,-3423,-10915
IMU1,11533,116102278,-5809,5768,771,-8385,-3579,-10625
IMU1,11534,116113729,-5591,5457,616,-8164,-3888,-10170
IMU1,11535,116125192,-4539,4727,-113,-7956,-3998,-9626
IMU1,11536,116136551,-3972,4413,-532,-7578,-3512,-8602
IMU1,11537,116147921,-3485,4172,-809,-7387,-2986,-8132
IMU1,11538,116159261,-3032,4114,-1226,-7126,-2266,-7660
IMU1,11539,116170836,-2566,4105,-1482,-6788,-1574,-7199
IMU1,11540,116182382,-2164,4218,-1515,-6339,-969,-6752
IMU1,11541,116193741,-1749,4264,-1242,-4942,-147,-5804
IMU1,11542,116205079,-1529,4179,-859,-3945,-47,-5252
IMU1,11543,116216011,-1380,4066,-636,-2795,-160,-4676
IMU1,11544,116227150,-1229,3942,-724,-1632,-446,-4103
IMU1,11545,116238282,-1122,3772,-1058,-585,-899,-3587
IMU1,11546,116249421,-971,3481,-1452,243,-1403,-3142
IMU1,11547,116260463,-691,3053,-2344,1117,-1754,-2424
IMU1,11548,116271713,-778,2818,-2701,1183,-1539,-2067
IMU1,11549,116282969,-871,2598,-2881,1059,-1239,-1645
IMU1,11550,116294197,-822,2320,-2893,823,-917,-1209
IMU1,11551,116305042,-888,2011,-2777,553,-662,-831
IMU1,11552,116315685,-972,1687,-2636,327,-540,-504
IMU1,11553,116326326,-966,1416,-2568,166,-517,-188
IMU1,11554,116336967,-536,1067,-2558,54,-473,344
IMU1,11555,116347300,-390,900,-2562,-112,-168,485
# swing_peak_seq=11529
IMU1,11556,116357718,-321,759,-2518,-172,7,551
IMU1,11557,116367664,-293,642,-2438,-202,158,577
IMU1,11558,116377997,-309,551,-2352,-195,276,581
IMU1,11559,116388345,-344,471,-2249,-117,331,588
IMU1,11560,116398678,-374,394,-2178,4,307,616
IMU1,11561,116408539,-378,293,-2138,160,237,670
IMU1,11562,116418772,-347,236,-2144,325,159,743
IMU1,11563,116429010,-375,214,-2189,484,79,813
IMU1,11564,116439041,-453,180,-2220,618,0,891
IMU1,11565,116448786,-504,177,-2232,727,-65,970
IMU1,11566,116458931,-528,193,-2244,830,-111,1034
IMU1,11567,116469471,-550,199,-2234,936,-117,1070
IMU1,11568,116480033,-503,155,-2220,1043,-97,1088
IMU1,11569,116490547,-493,116,-2216,1174,-96,1100
IMU1,11570,116501600,-549,134,-2249,1434,-66,1153
IMU1,11571,116512136,-645,167,-2270,1535,-33,1201
IMU1,11572,116522661,-773,205,-2282,1621,-7,1273
IMU1,11573,116535558,-862,204,-2256,1697,20,1358
IMU1,11574,116545997,-857,196,-2203,1766,53,1453
IMU1,11575,116556436,-772,117,-2159,1852,103,1528
IMU1,11576,116567093,-689,-21,-2075,1953,139,1568
IMU1,11577,116578154,-859,-215,-2052,2194,110,1615
IMU1,11578,116588892,-971,-270,-2047,2337,90,1671
IMU1,11579,116599428,-1072,-277,-2053,2472,73,1741
IMU1,11580,116610185,-1149,-275,-2074,2602,74,1795
IMU1,11581,116620931,-1182,-298,-2047,2712,95,1838
IMU1,11582,116631679,-1170,-304,-2018,2811,130,1871
IMU1,11583,116642644,-1119,-345,-1940,2907,171,1885
IMU1,11584,116653581,-1112,-410,-1843,3012,229,1891
IMU1,11585,116665064,-1031,-537,-1799,3194,437,1970
IMU1,11586,116676017,-1099,-611,-1784,3246,566,2005
IMU1,11587,116686946,-1154,-648,-1795,3258,681,2050
IMU1,11588,116697883,-1156,-652,-1785,3214,817,2131
IMU1,11589,116708817,-1141,-653,-1783,3124,1034,2235
IMU1,11590,116719970,-1110,-646,-1768,2981,1322,2351
IMU1,11591,116731137,-1132,-641,-1605,2795,1624,2581
IMU1,11592,116742281,-1136,-629,-1421,2372,2219,2715
IMU1,11593,116753436,-1152,-625,-1221,2187,2491,2844
IMU1,11594,116764592,-1200,-564,-1049,2059,2686,2958
IMU1,11595,116775731,-1184,-534,-929,1977,2785,3069
IMU1,11596,116786690,-1134,-484,-820,1924,2824,3184
IMU1,11597,116797641,-1096,-419,-711,1891,2862,3297
IMU1,11598,116808588,-1231,-357,-427,1889,2916,3550
IMU1,11599,116819527,-1293,-346,-338,1930,2880,3719
IMU1,11600,116830445,-1229,-295,-311,1973,2807,3879
IMU1,11601,116841380,-1204,-248,-308,2004,2759,3994
IMU1,11602,116852310,-1260,-233,-232,2009,2752,4095
IMU1,11603,116863247,-1306,-174,-151,2005,2775,4213
IMU1,11604,116874179,-1382,-141,-87,1990,2806,4349
IMU1,11605,116884916,-1683,-98,104,1962,2818,4509
IMU1,11606,116895542,-1744,-73,177,1897,2622,4922
IMU1,11607,116906189,-1843,-60,229,1851,2438,5124
IMU1,11608,116916827,-1958,-52,244,1801,2208,5327
IMU1,11609,116927463,-1996,-25,234,1742,1972,5526
IMU1,11610,116938118,-1989,-11,230,1664,1796,5697
IMU1,11611,116948771,-2095,43,210,1561,1693,5826
IMU1,11612,116959320,-2177,59,145,1430,1603,5915
IMU1,11613,116969886,-2087,112,62,1272,1473,5936
IMU1,11614,116980438,-2184,240,62,1102,1330,5860
IMU1,11615,116992039,-2471,370,-21,803,1095,5629
IMU1,11616,117002463,-2521,506,-29,675,981,5488
IMU1,11617,117012701,-2697,626,-47,572,881,5341
IMU1,11618,117022951,-2797,697,82,504,768,5256
IMU1,11619,117033109,-2766,780,-50,502,675,5233
IMU1,11620,117043363,-2705,936,36,508,596,5225
IMU1,11621,117053510,-2932,1005,567,656,442,5178
IMU1,11622,117064063,-3388,1012,-729,802,69,5170
IMU1,11623,117074496,-2983,1384,-1014,735,-431,5278
IMU1,11624,117085443,-2667,1673,-890,579,-502,5234
IMU1,11625,117096184,-2811,1981,-1143,398,-177,5028
IMU1,11626,117107133,-3296,1895,-1117,-13,760,4770
IMU1,11627,117117906,-3393,1879,-1050,-227,1331,4782
IMU1,11628,117129077,-3502,1860,-896,-446,1758,4802
IMU1,11629,117140026,-3600,1769,-789,-624,1871,4787
IMU1,11630,117150988,-3691,1670,-711,-737,1648,4737
IMU1,11631,117161937,-3699,1526,-664,-787,1212,4677
IMU1,11632,117172886,-3670,1326,-563,-788,691,4608
IMU1,11633,117184153,-3447,907,-517,-635,-327,4427
IMU1,11634,117194798,-3232,746,-520,-503,-828,4246
IMU1,11635,117205444,-2992,694,-664,-343,-1373,3961
IMU1,11636,117216284,-2809,704,-865,-198,-1914,3599
IMU1,11637,117227131,-2618,761,-1101,-98,-2336,3200
IMU1,11638,117237984,-2424,816,-1291,-46,-2551,2814
IMU1,11639,117248828,-2315,924,-1475,-33,-2507,2478
IMU1,11640,117259665,-2209,1018,-1493,-72,-2253,2210
IMU1,11641,117270709,-2014,1069,-1402,-154,-1534,1829
IMU1,11642,117281950,-2004,1023,-1431,-120,-1202,1696
IMU1,11643,117293171,-2083,1142,-1535,-131,-912,1611
IMU1,11644,117304208,-1944,1262,-1505,-181,-602,1557
IMU1,11645,117315256,-1839,1244,-1494,-265,-258,1471
IMU1,11646,117326284,-1818,1266,-1324,-352,28,1343
IMU1,11647,117337019,-2022,1219,-1028,-409,189,1046
IMU1,11648,117347952,-2150,1209,-806,-317,-21,947
IMU1,11649,117358402,-2176,1162,-624,-144,-354,888
IMU1,11650,117369037,-2099,1156,-647,94,-789,844
IMU1,11651,117379385,-2023,1187,-748,318,-1210,744
IMU1,11652,117390135,-1947,1210,-841,483,-1521,596
IMU1,11653,117400883,-1936,1255,-952,579,-1692,423
IMU1,11654,117411634,-1885,1315,-1071,608,-1736,243
IMU1,11655,117422585,-1910,1400,-1132,583,-1676,56
IMU1,11656,117433339,-2101,1375,-1134,526,-1323,-209
IMU1,11657,117444381,-2271,1429,-1159,410,-1091,-276
IMU1,11658,117455427,-2542,1372,-1117,360,-877,-297
IMU1,11659,117466276,-2833,1272,-1000,336,-665,-268
IMU1,11660,117477116,-3146,1153,-947,347,-506,-220
IMU1,11661,117487778,-3410,1001,-861,376,-450,-202
IMU1,11662,117498423,-3699,903,-687,451,-451,-247
IMU1,11663,117508867,-3986,740,-714,539,-464,-364
IMU1,11664,117519321,-4189,650,-556,609,-488,-546
IMU1,11665,117530297,-4617,713,-509,693,-491,-1140
IMU1,11666,117543507,-4696,802,-178,698,-462,-1541
IMU1,11667,117554164,-5162,764,25,745,-427,-2011
IMU1,11668,117564524,-5319,902,228,805,-469,-2386
IMU1,11669,117575082,-5315,1164,446,850,-631,-2758
IMU1,11670,117585846,-5346,1376,510,884,-886,-3152
IMU1,11671,117596613,-5303,1981,624,864,-1210,-3908
IMU1,11672,117607584,-5220,2221,764,692,-1785,-4247
IMU1,11673,117618540,-5028,2563,889,600,-1939,-4564
IMU1,11674,117629501,-4883,2855,931,529,-1985,-4908
IMU1,11675,117640471,-4838,3255,982,475,-2024,-5274
IMU1,11676,117651422,-4902,3600,1094,455,-2132,-5649
IMU1,11677,117662583,-5151,3939,1318,485,-2270,-6003
IMU1,11678,117673744,-5668,4326,2219,589,-2902,-6513
IMU1,11679,117684913,-5778,4729,2298,892,-3476,-6693
IMU1,11680,117696082,-6263,5374,1869,870,-4250,-6861
IMU1,11681,117707239,-6785,5920,1170,542,-5038,-6902
IMU1,11682,117718422,-7170,6483,440,-153,-5570,-6747
IMU1,11683,117729485,-6927,7020,-220,-1179,-5726,-6501
IMU1,11684,117740844,-5939,7795,-852,-2478,-5633,-6773
IMU1,11685,117752207,-6048,7602,-1256,-5435,-5266,-7284
IMU1,11686,117763790,-6095,7453,-1534,-6983,-5294,-7773
IMU1,11687,117775342,-5991,7182,-1522,-8446,-5424,-8163
IMU1,11688,117786907,-5779,6773,-1362,-9671,-5441,-8420
IMU1,11689,117798443,-5502,5817,-917,-10578,-5339,-8543
IMU1,11690,117809991,-5038,5427,-618,-11462,-5341,-8441
IMU1,11691,117821559,-4770,5207,-510,-11446,-5413,-8485
IMU1,11692,117833114,-4612,4962,-551,-11274,-5487,-8564
IMU1,11693,117844678,-4321,4697,-602,-11036,-5329,-8611
IMU1,11694,117856237,-3719,4006,-535,-10755,-4891,-8459
IMU1,11695,117867787,-3248,3698,-472,-9894,-3913,-8186
IMU1,11696,117879142,-2844,3537,-134,-9203,-3406,-7775
IMU1,11697,117890499,-2554,3618,183,-8205,-2773,-7204
IMU1,11698,117901752,-2330,3972,-47,-6981,-2166,-6545
IMU1,11699,117912914,-2202,4035,-540,-5747,-1915,-5872
IMU1,11700,117924290,-2193,3900,-1501,-3843,-2345,-4478
IMU1,11701,117935848,-1760,3770,-1806,-3228,-2519,-3798
IMU1,11702,117947408,-1685,3517,-1793,-2728,-2482,-3282
IMU1,11703,117958952,-1625,3221,-2017,-2288,-2266,-2880
IMU1,11704,117970492,-1378,2974,-2049,-1936,-2049,-2559
IMU1,11705,117982015,-1440,2525,-2323,-1425,-1449,-2245
IMU1,11706,117993541,-1465,2349,-2425,-1299,-1201,-2085
IMU1,11707,118005066,-1585,2224,-2450,-1214,-983,-1877
IMU1,11708,118016407,-1642,2061,-2574,-1139,-783,-1619
IMU1,11709,118027704,-1595,1959,-2619,-1073,-639,-1325
IMU1,11710,118039034,-1310,1697,-2571,-990,-370,-805
IMU1,11711,118049963,-1001,1571,-2604,-725,-246,-628
IMU1,11712,118060880,-814,1491,-2553,-574,-110,-523
IMU1,11713,118071609,-639,1426,-2522,-407,69,-489
IMU1,11714,118082047,-641,1362,-2562,-246,202,-526
IMU1,11715,118092651,-681,1327,-2601,-100,231,-513
IMU1,11716,118103277,-692,1312,-2666,34,225,-425
IMU1,11717,118113610,-714,1282,-2652,163,237,-265
# swing_peak_seq=11691
IMU1,11718,118124133,-700,1235,-2620,311,258,-51
IMU1,11719,118134482,-617,1184,-2563,487,225,178
IMU1,11720,118145952,-493,1073,-2546,891,69,544
IMU1,11721,118156198,-497,1018,-2529,1099,44,687
IMU1,11722,118166643,-505,989,-2554,1285,56,814
IMU1,11723,118176888,-562,956,-2542,1443,127,927
IMU1,11724,118187329,-600,906,-2533,1578,225,1044
IMU1,11725,118197986,-658,864,-2509,1684,317,1175
IMU1,11726,118208639,-669,842,-2496,1763,399,1323
IMU1,11727,118219281,-718,795,-2448,1825,486,1484
IMU1,11728,118229934,-809,760,-2369,1879,612,1674
IMU1,11729,118240593,-1025,742,-2216,1928,752,1882
IMU1,11730,118251447,-1097,684,-2062,2043,932,2314
IMU1,11731,118262313,-1153,610,-1875,2131,966,2537
IMU1,11732,118273188,-1215,520,-1686,2255,974,2736
IMU1,11733,118284028,-1270,424,-1585,2408,911,2906
IMU1,11734,118294884,-1297,351,-1474,2579,773,3044
IMU1,11735,118305724,-1344,298,-1376,2770,600,3150
IMU1,11736,118316580,-1440,195,-1307,2975,427,3242
IMU1,11737,118327424,-1460,37,-1231,3172,247,3402
IMU1,11738,118338084,-1514,9,-1139,3553,-113,3466
IMU1,11739,118348633,-1598,-33,-1181,3723,-227,3525
IMU1,11740,118359498,-1625,-69,-1125,3863,-296,3600
IMU1,11741,118370342,-1654,-94,-1074,3973,-303,3686
IMU1,11742,118381199,-1619,-106,-1038,4053,-223,3766
IMU1,11743,118392235,-1545,-97,-995,4093,-68,3818
IMU1,11744,118402696,-1420,-108,-999,4091,180,3836
IMU1,11745,118413429,-1303,-69,-860,4034,551,3803
IMU1,11746,118424495,-1306,-33,-710,3783,1473,3652
IMU1,11747,118435242,-1624,-4,-361,3681,1806,3594
IMU1,11748,118445776,-1784,-125,-159,3650,1971,3615
IMU1,11749,118456719,-1901,-155,-22,3666,1951,3691
IMU1,11750,118467466,-1964,-187,116,3706,1759,3779
IMU1,11751,118478314,-1991,-199,192,3786,1444,3870
IMU1,11752,118489166,-1919,-217,156,3886,1092,3958
IMU1,11753,118500025,-1814,-217,-67,3965,826,4044
IMU1,11754,118511082,-1603,-65,-168,3941,899,4193
IMU1,11755,118521626,-1574,70,-218,3820,1180,4247
IMU1,11756,118532287,-1790,157,-73,3643,1516,4285
IMU1,11757,118545500,-2069,205,168,3465,1824,4360
IMU1,11758,118556256,-2191,229,317,3316,2024,4458
IMU1,11759,118567027,-2301,246,468,3192,2056,4536
IMU1,11760,118577803,-2555,262,705,3048,1668,4649
IMU1,11761,118588572,-2500,278,633,3019,1310,4696
IMU1,11762,118599348,-2372,327,543,2976,988,4712
IMU1,11763,118609925,-2179,467,426,2894,865,4698
IMU1,11764,118620476,-1853,643,412,2761,981,4627
IMU1,11765,118631026,-2149,723,1270,2741,1255,4334
IMU1,11766,118641992,-3284,527,283,2741,1493,4300
IMU1,11767,118652743,-3070,646,26,2588,1336,4568
IMU1,11768,118663301,-3026,1104,309,2318,1189,4798
IMU1,11769,118674804,-3257,1096,307,1880,1278,4948
IMU1,11770,118685771,-3302,1080,60,1660,1139,4985
IMU1,11771,118696524,-3076,1122,-132,1410,991,4982
IMU1,11772,118707385,-2859,1294,-198,1121,992,4891
IMU1,11773,118718230,-2810,1428,-154,855,1123,4702
IMU1,11774,118729103,-2885,1451,-19,664,1260,4486
IMU1,11775,118739748,-2956,1517,-78,557,1313,4299
IMU1,11776,118750421,-3094,1717,-143,493,1290,4146
IMU1,11777,118761279,-3177,1735,-30,446,1271,3978
IMU1,11778,118771957,-3203,1714,50,500,1255,3981
IMU1,11779,118782529,-3219,1675,-6,590,1170,3994
IMU1,11780,118793009,-3209,1638,-36,667,1009,3992
IMU1,11781,118803639,-3154,1604,-61,708,832,3967
IMU1,11782,118814086,-3122,1532,-115,718,665,3899
IMU1,11783,118824736,-3139,1432,-193,692,486,3804
IMU1,11784,118835393,-3140,1345,-298,627,280,3699
IMU1,11785,118846040,-3100,1256,-364,538,49,3586
IMU1,11786,118857537,-2819,1052,-413,351,-361,3295
IMU1,11787,118868278,-2616,1006,-505,251,-542,3086
IMU1,11788,118879016,-2450,963,-596,160,-714,2813
IMU1,11789,118889570,-2344,995,-703,69,-876,2525
IMU1,11790,118899925,-2282,1050,-757,-14,-995,2256
IMU1,11791,118910564,-2236,1083,-827,-79,-1038,2020
IMU1,11792,118921411,-2167,1066,-875,-133,-1012,1827
IMU1,11793,118932453,-2056,1063,-912,-175,-926,1664
IMU1,11794,118943299,-1943,1191,-927,-230,-700,1368
IMU1,11795,118954150,-1975,1196,-903,-227,-605,1247
IMU1,11796,118965001,-2038,1215,-907,-202,-521,1167
IMU1,11797,118975839,-2097,1197,-938,-167,-426,1109
IMU1,11798,118986698,-2078,1191,-982,-147,-325,1065
IMU1,11799,118997545,-1953,1247,-997,-134,-249,997
IMU1,11800,119008190,-1918,1312,-999,-121,-244,875
IMU1,11801,119018829,-1980,1290,-995,-101,-320,734
IMU1,11802,119029468,-2105,1180,-944,-66,-423,561
IMU1,11803,119039924,-2116,1183,-939,39,-560,511
IMU1,11804,119050302,-2114,1182,-932,94,-619,452
IMU1,11805,119060649,-2122,1220,-941,157,-700,361
IMU1,11806,119071189,-2143,1266,-969,215,-801,245
IMU1,11807,119081731,-2216,1242,-992,272,-881,121
IMU1,11808,119092273,-2294,1196,-1008,320,-923,7
IMU1,11809,119102617,-2419,1167,-1000,367,-937,-98
IMU1,11810,119113263,-2609,1135,-997,415,-926,-188
IMU1,11811,119123902,-2808,1105,-990,449,-885,-259
IMU1,11812,119134541,-2980,1073,-845,476,-810,-313
IMU1,11813,119145716,-3314,1057,-774,533,-524,-442
IMU1,11814,119156365,-3464,1036,-686,549,-357,-548
IMU1,11815,119167017,-3572,1053,-531,554,-199,-688
IMU1,11816,119177681,-3759,1072,-378,574,-66,-881
IMU1,11817,119188133,-4055,1028,-287,596,-17,-1099
IMU1,11818,119198788,-4330,1018,-84,611,-75,-1302
IMU1,11819,119209234,-4595,1020,138,638,-180,-1494
IMU1,11820,119219983,-4885,1062,359,682,-277,-1682
IMU1,11821,119230721,-5171,1087,627,733,-304,-1883
IMU1,11822,119242001,-5325,1448,713,703,-393,-2461
IMU1,11823,119252757,-5255,1720,768,598,-630,-2936
IMU1,11824,119263527,-5198,2023,827,419,-947,-3491
IMU1,11825,119274293,-5227,2343,935,203,-1224,-4062
IMU1,11826,119285255,-5262,2683,1062,-17,-1374,-4568
IMU1,11827,119296296,-5218,3103,1211,-221,-1358,-4986
IMU1,11828,119307530,-5158,3472,1277,-420,-1169,-5361
IMU1,11829,119318779,-5623,3906,1344,-1059,-514,-6115
IMU1,11830,119330035,-5988,4293,1499,-1553,-413,-6585
IMU1,11831,119341293,-6483,4560,1707,-2132,-755,-7216
IMU1,11832,119352547,-6943,5026,1945,-2784,-1535,-8003
IMU1,11833,119364010,-7084,5569,2104,-3508,-2607,-8914
IMU1,11834,119375467,-7200,7030,2378,-4267,-3715,-9983
IMU1,11835,119386951,-7743,7487,1969,-5594,-5019,-12110
IMU1,11836,119398639,-8098,7739,1532,-6207,-5071,-12609
IMU1,11837,119410312,-8144,7289,1377,-6835,-4823,-12591
IMU1,11838,119421985,-7935,6891,1294,-7368,-4462,-12163
IMU1,11839,119433657,-7068,6130,879,-8009,-4438,-10790
IMU1,11840,119445128,-6431,5652,770,-8190,-4692,-9990
IMU1,11841,119456388,-5636,5213,756,-8229,-4722,-9198
IMU1,11842,119467652,-4832,4759,743,-8069,-4506,-8490
IMU1,11843,119478912,-4088,4334,618,-7738,-4107,-7885
IMU1,11844,119490182,-3365,3944,375,-7277,-3709,-7385
IMU1,11845,119501447,-2790,3512,-364,-6322,-2919,-6527
IMU1,11846,119512801,-2650,3451,-892,-5955,-2693,-6032
IMU1,11847,119524158,-2242,3342,-1255,-5687,-2650,-5479
IMU1,11848,119535704,-1912,3225,-1441,-5445,-2583,-4902
IMU1,11849,119549803,-1740,2888,-1663,-4851,-1984,-3671
IMU1,11850,119561351,-1528,2724,-1604,-4494,-1571,-3044
IMU1,11851,119572897,-1363,2683,-1578,-4073,-1205,-2532
IMU1,11852,119584441,-1353,2539,-1684,-3670,-914,-2184
IMU1,11853,119595793,-1314,2333,-1532,-3285,-734,-1923
IMU1,11854,119607148,-1066,2247,-1391,-2536,-556,-1638
IMU1,11855,119618482,-1216,2091,-1395,-2178,-529,-1585
IMU1,11856,119629817,-1167,2048,-1395,-1817,-621,-1516
IMU1,11857,119641157,-1030,2026,-1347,-1464,-767,-1414
IMU1,11858,119652499,-1022,1942,-1444,-1120,-889,-1316
IMU1,11859,119663823,-991,1785,-1748,-816,-1000,-1195
IMU1,11860,119674971,-951,1750,-1859,-427,-1067,-810
IMU1,11861,119685916,-917,1701,-2043,-346,-955,-591
IMU1,11862,119696656,-885,1601,-2206,-338,-810,-376
IMU1,11863,119707370,-855,1474,-2302,-393,-668,-174
# swing_peak_seq=11837
IMU1,11864,119718102,-772,1364,-2355,-472,-533,13
IMU1,11865,119728556,-728,1281,-2342,-542,-389,170
IMU1,11866,119739195,-730,1175,-2293,-584,-224,308
IMU1,11867,119749858,-733,1053,-2250,-587,-69,448
IMU1,11868,119760304,-738,888,-2187,-541,38,733
IMU1,11869,119770978,-728,828,-2129,-322,166,867
IMU1,11870,119781314,-699,772,-2073,-152,222,987
IMU1,11871,119791675,-679,744,-2056,60,268,1076
IMU1,11872,119801944,-697,716,-2031,281,293,1140
IMU1,11873,119812409,-724,708,-2024,512,288,1180
IMU1,11874,119822858,-740,678,-2024,735,234,1207
IMU1,11875,119833312,-791,628,-2010,957,137,1228
IMU1,11876,119843788,-833,604,-1973,1183,30,1258
IMU1,11877,119854253,-855,551,-1936,1404,-55,1299
IMU1,11878,119864795,-903,547,-1915,1610,-108,1358
IMU1,11879,119875549,-951,539,-1903,1797,-128,1503
IMU1,11880,119886309,-995,534,-1878,2064,-144,1602
IMU1,11881,119897059,-984,506,-1819,2160,-160,1715
IMU1,11882,119907810,-1006,483,-1740,2243,-189,1844
IMU1,11883,119918760,-1034,445,-1608,2328,-228,1992
IMU1,11884,119929711,-1034,399,-1469,2440,-274,2145
IMU1,11885,119940672,-1074,365,-1391,2571,-325,2300
IMU1,11886,119951617,-1031,304,-1261,2703,-397,2456
IMU1,11887,119962579,-1133,147,-1222,2962,-543,2767
IMU1,11888,119973526,-1178,134,-1200,3046,-548,2926
IMU1,11889,119984483,-1308,129,-1234,3093,-516,3075
IMU1,11890,119995444,-1227,84,-1239,3113,-475,3224
IMU1,11891,120006213,-1165,50,-1161,3100,-408,3330
IMU1,11892,120016970,-1067,112,-1074,3078,-297,3381
IMU1,11893,120027903,-1073,138,-981,3059,-128,3361
IMU1,11894,120038646,-1145,57,-736,3048,59,3312
IMU1,11895,120049930,-1445,-67,-607,3068,370,3263
IMU1,11896,120060472,-1521,-51,-504,3092,493,3285
IMU1,11897,120071024,-1589,-19,-400,3123,584,3327
IMU1,11898,120081578,-1654,32,-318,3168,671,3377
IMU1,11899,120092038,-1708,82,-202,3220,744,3440
IMU1,11900,120102481,-1824,133,-76,3286,826,3507
IMU1,11901,120112922,-1971,77,6,3366,890,3589
IMU1,11902,120122887,-2074,25,63,3448,881,3686
IMU1,11903,120133034,-2069,-17,84,3524,808,3784
IMU1,11904,120143292,-2040,-29,108,3583,742,3860
IMU1,11905,120153749,-1991,-22,155,3626,740,3914
IMU1,11906,120164215,-2024,137,314,3645,906,3949
IMU1,11907,120174783,-2082,226,401,3663,992,3938
IMU1,11908,120185349,-2181,288,506,3674,1017,3906
IMU1,11909,120196125,-2323,372,571,3697,971,3876
IMU1,11910,120206695,-2433,404,621,3729,831,3865
IMU1,11911,120217271,-2463,441,694,3770,633,3874
IMU1,11912,120227866,-2445,507,760,3823,458,3891
IMU1,11913,120238436,-2426,578,726,3874,338,3906
IMU1,11914,120249005,-2431,600,665,3903,248,3922
IMU1,11915,120259573,-2448,641,595,3891,196,3953
IMU1,11916,120271180,-2463,895,321,3689,341,4050
IMU1,11917,120281748,-2535,998,168,3475,504,4115
IMU1,11918,120292317,-2586,1092,71,3178,648,4193
IMU1,11919,120302897,-2850,1164,55,2846,770,4287
IMU1,11920,120313475,-2779,1242,-200,2511,875,4443
IMU1,11921,120324360,-2695,1496,-492,2137,885,4617
IMU1,11922,120335208,-2938,1675,-467,1726,792,4744
IMU1,11923,120346071,-3259,1609,-202,1377,626,4894
IMU1,11924,120356908,-3278,1724,106,1052,231,5254
IMU1,11925,120367659,-3202,1848,252,1054,81,5338
IMU1,11926,120378213,-3221,1973,231,1153,5,5343
IMU1,11927,120388580,-3220,2054,203,1293,36,5309
IMU1,11928,120399127,-3387,2159,-91,1417,146,5269
IMU1,11929,120409794,-3402,2223,-322,1460,304,5246
IMU1,11930,120420646,-3432,2303,-383,1429,503,5212
IMU1,11931,120431515,-3562,2297,-456,1356,720,5152
IMU1,11932,120442381,-3464,2188,-273,1239,927,5110
IMU1,11933,120453780,-3336,2023,-107,957,1356,4881
IMU1,11934,120464630,-3321,1823,2,822,1480,4689
IMU1,11935,120474990,-3339,1664,14,709,1453,4441
IMU1,11936,120485548,-3391,1523,-89,577,1267,4161
IMU1,11937,120496203,-3387,1351,-193,418,934,3877
IMU1,11938,120506856,-3107,1288,-259,245,515,3562
IMU1,11939,120517514,-3390,1092,-804,35,122,3217
IMU1,11940,120527966,-2665,1212,-475,-291,-299,3030
IMU1,11941,120538825,-1721,1462,-656,-532,-648,2628
IMU1,11942,120552219,-1747,1429,-1110,-802,-1027,1480
IMU1,11943,120563465,-1817,1449,-1135,-939,-1182,1077
IMU1,11944,120574717,-1906,1650,-771,-986,-1304,878
IMU1,11945,120585588,-1938,1695,-512,-826,-1352,832
IMU1,11946,120596443,-2091,1701,-619,-498,-1388,916
IMU1,11947,120607286,-2092,1650,-802,164,-1226,1394
IMU1,11948,120618216,-2013,1625,-962,393,-1012,1622
IMU1,11949,120629153,-1845,1594,-1093,513,-795,1740
IMU1,11950,120640108,-1777,1571,-1129,512,-568,1713
IMU1,11951,120651042,-1808,1552,-1143,414,-320,1556
IMU1,11952,120661989,-1954,1544,-1100,260,-107,1328
IMU1,11953,120672936,-2156,1517,-972,97,40,1077
IMU1,11954,120683194,-2449,1370,-621,-31,86,843
IMU1,11955,120693868,-2490,1334,-488,-58,-160,495
IMU1,11956,120704299,-2480,1325,-428,26,-376,327
IMU1,11957,120714631,-2456,1338,-415,133,-613,147
IMU1,11958,120725182,-2441,1347,-439,242,-803,-60
IMU1,11959,120735621,-2436,1367,-487,327,-938,-280
IMU1,11960,120746265,-2463,1402,-529,375,-1014,-505
IMU1,11961,120757109,-2537,1444,-488,384,-1025,-714
IMU1,11962,120767960,-2572,1449,-442,387,-979,-892
IMU1,11963,120778613,-2589,1494,-372,385,-884,-1046
IMU1,11964,120789454,-2802,1556,-215,408,-589,-1311
IMU1,11965,120800303,-2875,1570,-141,400,-437,-1422
IMU1,11966,120811149,-2915,1669,-62,384,-326,-1550
IMU1,11967,120821803,-2990,1762,-47,350,-263,-1712
IMU1,11968,120832444,-3123,1839,-38,278,-238,-1897
IMU1,11969,120843074,-3311,1947,10,184,-262,-2083
IMU1,11970,120853602,-3564,2070,88,89,-329,-2255
IMU1,11971,120863938,-3900,2116,123,-2,-425,-2389
IMU1,11972,120874395,-4284,2170,210,-100,-541,-2461
IMU1,11973,120885243,-4877,2336,753,-186,-606,-2497
IMU1,11974,120896092,-5183,2528,1096,-290,-516,-2720
IMU1,11975,120907128,-5431,2710,1426,-337,-396,-3033
IMU1,11976,120918201,-5581,2874,1597,-427,-344,-3543
IMU1,11977,120929265,-5585,3093,1662,-642,-523,-4289
IMU1,11978,120940322,-5598,3420,1875,-998,-916,-5247
IMU1,11979,120951386,-5716,3845,2090,-1446,-1271,-6306
IMU1,11980,120962854,-6805,4623,2448,-2565,-1107,-8440
IMU1,11981,120974295,-7058,5281,2721,-3239,-852,-9558
IMU1,11982,120985555,-7587,5581,3198,-3941,-971,-10898
IMU1,11983,120997049,-8197,6400,3792,-4641,-1630,-12375
IMU1,11984,121008704,-9222,6744,4155,-5297,-2651,-13850
IMU1,11985,121020367,-11009,8655,3531,-6570,-4564,-15682
IMU1,11986,121032235,-11456,7758,2866,-7280,-5164,-15718
IMU1,11987,121044118,-11433,7320,2441,-7961,-5007,-14896
IMU1,11988,121056001,-10956,6942,2210,-8430,-4376,-13435
IMU1,11989,121067872,-7503,6891,1112,-8634,-3910,-11727
IMU1,11990,121079563,-5045,6481,605,-8705,-3874,-9256
IMU1,11991,121090842,-3633,5909,531,-8639,-3457,-8818
IMU1,11992,121102116,-2840,5573,321,-8344,-2760,-8600
IMU1,11993,121113380,-2332,5308,97,-7806,-2182,-8409
IMU1,11994,121124459,-2100,4963,36,-7062,-1733,-8019
IMU1,11995,121135514,-1810,4548,-373,-6157,-1132,-6526
IMU1,11996,121146889,-1638,4262,-741,-4377,-1343,-5574
IMU1,11997,121158244,-1402,3985,-957,-3725,-1726,-4584
IMU1,11998,121169616,-1205,3712,-1265,-3227,-1926,-3629
IMU1,11999,121181164,-1241,3395,-1588,-2890,-1857,-2783
IMU1,12000,121192724,-1263,2749,-1964,-2713,-1662,-2054
IMU1,12001,121204268,-1224,2441,-1924,-2703,-1069,-1050
IMU1,12002,121215800,-1353,2190,-2069,-2793,-594,-796
IMU1,12003,121226974,-1285,2018,-1650,-2875,-150,-596
IMU1,12004,121238111,-1013,1842,-1314,-2830,127,-508
IMU1,12005,121249161,739,1800,1014,-2399,119,-671
IMU1,12006,121259805,-62,860,-3044,-930,-19,-1699
IMU1,12007,121271176,-1827,725,-2242,5,-1989,-1030
IMU1,12008,121281819,-580,1477,-1123,60,-2224,-589
IMU1,12009,121292456,-340,1533,-1742,236,-1247,-396
IMU1,12010,121303300,-871,1133,-2201,263,-369,-287
IMU1,12011,121313935,-1069,1130,-2255,185,-152,-22
IMU1,12012,121324564,-516,1038,-2901,6,-247,241
# swing_peak_seq=11986
IMU1,12013,121334701,-225,951,-2845,-274,-207,398
IMU1,12014,121345147,-101,907,-2563,-561,121,457
IMU1,12015,121355469,-52,731,-2528,-737,509,507
IMU1,12016,121365622,-477,589,-1878,-816,759,547
IMU1,12017,121377009,62,461,-1299,-380,886,966
IMU1,12018,121387043,144,529,-1965,107,795,967
IMU1,12019,121397195,-142,186,-2205,467,622,891
IMU1,12020,121407449,-210,85,-2393,661,417,867
IMU1,12021,121417499,-118,170,-2196,763,364,842
IMU1,12022,121427749,-109,65,-2274,887,438,782
IMU1,12023,121437800,-286,-9,-2413,991,471,726
IMU1,12024,121447754,-356,-77,-2508,1028,447,730
IMU1,12025,121458098,-413,-148,-2408,1022,444,789
IMU1,12026,121468634,-411,-161,-2346,1026,507,886
IMU1,12027,121479180,-467,-210,-2332,1020,579,989
IMU1,12028,121489733,-338,-167,-2354,1002,599,1096
IMU1,12029,121500478,-848,-362,-2069,969,602,1076
IMU1,12030,121511546,-942,-434,-2299,909,686,1261
IMU1,12031,121522111,-636,-233,-2025,863,573,1446
IMU1,12032,121532670,-462,-187,-1791,868,483,1527
IMU1,12033,121543224,-489,-255,-1705,931,487,1511
IMU1,12034,121556332,-524,-323,-1688,1011,456,1485
IMU1,12035,121567078,-501,-396,-1582,1107,336,1483
IMU1,12036,121577848,-494,-430,-1423,1231,99,1534
IMU1,12037,121588401,-578,-456,-1475,1513,60,1584
IMU1,12038,121598968,-702,-441,-1724,1595,38,1674
IMU1,12039,121609538,-718,-327,-1704,1579,36,1805
IMU1,12040,121620082,-556,-291,-1713,1519,115,1930
IMU1,12041,121630820,-544,-337,-1655,1441,279,2000
IMU1,12042,121641545,-568,-364,-1927,1314,435,2044
IMU1,12043,121652280,-573,-400,-1939,1102,559,2081
IMU1,12044,121663007,-528,-389,-1820,847,706,2127
IMU1,12045,121673549,-533,-338,-1385,629,901,2163
IMU1,12046,121684617,-775,-440,-1263,418,1279,2248
IMU1,12047,121695358,-735,-449,-984,425,1336,2377
IMU1,12048,121705909,-771,-452,-863,517,1335,2509
IMU1,12049,121716461,-890,-460,-896,652,1298,2633
IMU1,12050,121727001,-916,-458,-844,784,1201,2785
IMU1,12051,121737565,-964,-459,-821,926,1059,2946
IMU1,12052,121748112,-956,-568,-875,1062,892,3124
IMU1,12053,121758674,-910,-627,-833,1178,712,3310
IMU1,12054,121769243,-832,-608,-818,1290,569,3478
IMU1,12055,121779783,-583,-551,-756,1393,521,3652
IMU1,12056,121790340,-631,-491,-725,1552,622,3641
IMU1,12057,121800911,-748,-442,-592,1603,781,3612
IMU1,12058,121811465,-913,-399,-518,1660,960,3598
IMU1,12059,121822023,-1121,-391,-505,1702,1067,3638
IMU1,12060,121832977,-1377,-414,-542,1722,1052,3728
IMU1,12061,121843924,-1574,-497,-570,1709,935,3863
IMU1,12062,121854682,-1667,-538,-603,1666,760,4032
IMU1,12063,121865446,-1713,-465,-566,1606,582,4206
IMU1,12064,121876185,-1510,-485,-356,1531,353,4480
IMU1,12065,121886933,-1727,-531,-193,1543,299,4556
IMU1,12066,121897688,-2003,-708,3,1602,274,4640
IMU1,12067,121907916,-2116,-714,35,1705,216,4743
IMU1,12068,121918373,-2156,-619,17,1832,64,4823
IMU1,12069,121928639,-2194,-551,-18,1971,-201,4861
IMU1,12070,121939280,-2182,-395,-52,2110,-492,4854
IMU1,12071,121949915,-2227,-363,-149,2222,-684,4823
IMU1,12072,121960766,-2281,-364,-231,2270,-779,4791
IMU1,12073,121971621,-2379,-172,-351,2246,-798,4785
IMU1,12074,121982478,-2717,-38,-366,2043,-590,4926
IMU1,12075,121993133,-2900,-150,-275,1904,-493,5016
IMU1,12076,122003988,-3141,-160,-200,1793,-507,5121
IMU1,12077,122014829,-3192,-106,-217,1730,-649,5230
IMU1,12078,122025675,-3086,-21,-342,1696,-911,5321
IMU1,12079,122036316,-3029,72,-464,1669,-1167,5378
IMU1,12080,122047079,-3199,320,-643,1628,-1314,5450
IMU1,12081,122058034,-3047,453,-431,1564,-1298,5533
IMU1,12082,122068995,-3186,556,-523,1427,-637,5603
IMU1,12083,122079753,-3267,913,-670,1285,-145,5662
IMU1,12084,122090505,-3196,1217,-812,1090,221,5713
IMU1,12085,122101369,-3146,1569,-855,879,407,5690
IMU1,12086,122112035,-3187,1840,-686,691,499,5599
IMU1,12087,122122681,-3158,1915,-582,574,576,5449
IMU1,12088,122133346,-3333,1897,-465,530,650,5271
IMU1,12089,122144007,-3697,1955,-474,566,701,5171
IMU1,12090,122154649,-3956,1747,-222,661,748,5313
IMU1,12091,122165310,-3908,1573,-433,1023,853,5441
IMU1,12092,122176168,-3659,1238,-577,1165,766,5487
IMU1,12093,122187021,-2981,1507,-267,1234,572,5369
IMU1,12094,122197889,-2553,1522,-87,1328,438,4901
IMU1,12095,122208554,-2789,1187,-490,1402,198,4164
IMU1,12096,122219410,-2926,1011,-760,1323,-222,3452
IMU1,12097,122230368,-2901,1009,-704,1122,-567,2855
IMU1,12098,122241325,-2875,884,-758,890,-759,1938
IMU1,12099,122251869,-2737,954,-923,438,-828,1613
IMU1,12100,122262417,-2556,1024,-876,210,-850,1332
IMU1,12101,122273169,-2462,1061,-968,26,-787,1090
IMU1,12102,122283717,-2399,1083,-1008,-139,-716,901
IMU1,12103,122294570,-2356,1103,-935,-248,-705,759
IMU1,12104,122305228,-2333,1112,-848,-267,-757,656
IMU1,12105,122315885,-2376,1134,-862,-221,-840,593
IMU1,12106,122326545,-2390,1197,-841,-155,-911,567
IMU1,12107,122337209,-2570,1148,-781,-94,-941,562
IMU1,12108,122348185,-2635,1130,-686,24,-853,592
IMU1,12109,122358536,-2636,1080,-641,90,-796,539
IMU1,12110,122368897,-2614,1087,-645,127,-781,414
IMU1,12111,122379429,-2617,1114,-659,129,-811,214
IMU1,12112,122389981,-2700,1129,-658,95,-820,-22
IMU1,12113,122400225,-2794,1116,-602,56,-749,-249
IMU1,12114,122410667,-2876,1170,-495,25,-622,-448
IMU1,12115,122421115,-2918,1205,-343,24,-471,-636
IMU1,12116,122431571,-2965,1225,-219,55,-322,-827
IMU1,12117,122442021,-3006,1276,-102,101,-221,-1037
IMU1,12118,122452868,-3092,1446,19,156,-197,-1506
IMU1,12119,122463420,-3156,1573,15,238,-216,-1742
IMU1,12120,122473995,-3215,1700,31,226,-220,-1952
IMU1,12121,122484537,-3322,1830,25,203,-175,-2149
IMU1,12122,122495079,-3466,1951,25,148,-138,-2310
IMU1,12123,122505642,-3673,2053,74,72,-152,-2433
IMU1,12124,122516003,-3941,2192,153,-20,-197,-2507
IMU1,12125,122526658,-4215,2261,361,-108,-235,-2544
IMU1,12126,122537517,-4509,2284,589,-180,-166,-2563
IMU1,12127,122548366,-4775,2385,983,-256,84,-2619
IMU1,12128,122561495,-5024,2565,989,-500,604,-3204
IMU1,12129,122572241,-5226,2756,813,-720,474,-3875
IMU1,12130,122583001,-5360,2966,686,-1052,-21,-4688
IMU1,12131,122593858,-5683,3271,824,-1465,-687,-5637
IMU1,12132,122604906,-5973,3460,882,-1897,-1238,-6627
IMU1,12133,122616166,-6125,4276,619,-2358,-1690,-7662
IMU1,12134,122627447,-6202,4668,591,-3470,-2234,-10063
IMU1,12135,122638927,-6417,5258,726,-4062,-2227,-11345
IMU1,12136,122650390,-6776,5454,913,-4523,-1903,-12600
IMU1,12137,122661870,-7431,5428,745,-4830,-1503,-13633
IMU1,12138,122673354,-7879,5200,654,-5047,-1313,-14310
IMU1,12139,122684838,-7970,5015,436,-5244,-1663,-14250
IMU1,12140,122696310,-7668,4479,276,-5332,-2138,-13621
IMU1,12141,122707794,-7045,4145,313,-5438,-2543,-12681
IMU1,12142,122719289,-6185,4072,368,-5479,-2714,-11626
IMU1,12143,122730769,-5051,4171,275,-5402,-2726,-10650
IMU1,12144,122742238,-2265,3905,-75,-5004,-2720,-9435
IMU1,12145,122753419,-1706,3527,-166,-4709,-2508,-9094
IMU1,12146,122764784,-1601,3165,-407,-4334,-1955,-8665
IMU1,12147,122776153,-1575,2935,-706,-3959,-1254,-8045
IMU1,12148,122787531,-1466,2778,-843,-3613,-670,-7302
IMU1,12149,122798697,-754,2618,-1037,-3302,-365,-6512
IMU1,12150,122809858,-1068,2459,-830,-2836,-808,-5080
IMU1,12151,122821016,-982,2569,-925,-2640,-1166,-4364
IMU1,12152,122832173,-859,2527,-1122,-2459,-1316,-3643
IMU1,12153,122843532,-506,2138,-1261,-2335,-1420,-2996
IMU1,12154,122854904,-630,2216,-1436,-2246,-1351,-2403
IMU1,12155,122866273,-572,2089,-1755,-2177,-1146,-1347
IMU1,12156,122877642,-409,1933,-1824,-2138,-711,-945
IMU1,12157,122888617,-109,1785,-1875,-2167,-471,-632
IMU1,12158,122899540,-82,1681,-1876,-2194,-182,-425
IMU1,12159,122910255,58,1563,-1944,-2215,110,-259
IMU1,12160,122920797,83,1405,-1729,-2211,361,-113
IMU1,12161,122931327,154,1307,-1631,-2140,567,16
IMU1,12162,122941745,380,1393,-958,-1971,695,106
IMU1,12163,122952184,497,1282,301,-1562,726,104
IMU1,12164,122963553,-396,726,-1627,-6,84,-273
IMU1,12165,122973368,-730,744,-2574,345,-756,-136
# swing_peak_seq=12139
IMU1,12166,122983797,95,651,-2114,546,-1762,142
IMU1,12167,122994028,20,866,-2109,648,-2186,305
IMU1,12168,123004263,108,968,-2105,704,-1930,416
IMU1,12169,123014694,116,800,-2184,707,-1345,547
IMU1,12170,123025132,13,543,-2453,653,-661,699
IMU1,12171,123035173,25,401,-2702,513,-91,861
IMU1,12172,123045023,-65,301,-2708,307,214,1024
IMU1,12173,123055263,73,248,-2560,101,306,1207
IMU1,12174,123065403,75,199,-2299,-44,303,1289
IMU1,12175,123075443,21,80,-2155,-112,284,1350
IMU1,12176,123085481,-75,-37,-2129,-131,245,1395
IMU1,12177,123095699,-156,-156,-2157,-110,154,1437
IMU1,12178,123106336,-186,-395,-2258,-67,8,1476
IMU1,12179,123117414,-210,-396,-2264,74,-189,1494
IMU1,12180,123127858,-195,-365,-2293,157,-125,1456
IMU1,12181,123138491,-187,-355,-2262,243,38,1391
IMU1,12182,123148821,-250,-350,-2228,330,245,1329
IMU1,12183,123159344,-322,-326,-2144,416,436,1276
IMU1,12184,123169892,-375,-297,-2056,506,562,1240
IMU1,12185,123180436,-443,-259,-1948,592,621,1224
IMU1,12186,123190991,-451,-252,-1807,681,617,1236
IMU1,12187,123201545,-356,-233,-1723,779,561,1265
IMU1,12188,123212087,-298,-197,-1601,871,449,1300
IMU1,12189,123223122,-290,-213,-1507,1028,163,1413
IMU1,12190,123233845,-249,-233,-1459,1106,40,1510
IMU1,12191,123244375,-214,-224,-1420,1184,-64,1608
IMU1,12192,123254999,-193,-203,-1449,1245,-146,1705
IMU1,12193,123265823,-188,-163,-1429,1277,-179,1794
IMU1,12194,123276643,-165,-129,-1390,1284,-144,1875
IMU1,12195,123287465,-116,-112,-1385,1270,-52,1948
IMU1,12196,123298100,-46,-100,-1371,1236,61,2005
IMU1,12197,123308421,72,-164,-1159,1188,154,2052
IMU1,12198,123319386,31,-238,-1077,1150,240,2111
IMU1,12199,123329833,-48,-259,-1036,1156,199,2171
IMU1,12200,123340373,-158,-234,-943,1179,118,2259
IMU1,12201,123350924,-265,-240,-850,1218,43,2390
IMU1,12202,123361272,-357,-238,-780,1274,10,2546
IMU1,12203,123371629,-471,-252,-716,1349,-6,2719
IMU1,12204,123381863,-624,-300,-685,1436,-45,2901
IMU1,12205,123392297,-753,-377,-693,1534,-124,3086
IMU1,12206,123402921,-787,-489,-672,1629,-241,3273
IMU1,12207,123413536,-850,-588,-616,1722,-362,3429
IMU1,12208,123424173,-999,-612,-522,1825,-482,3635
IMU1,12209,123434803,-1190,-645,-625,2012,-508,3712
IMU1,12210,123445646,-1312,-645,-752,2043,-537,3810
IMU1,12211,123456488,-1359,-602,-816,2007,-538,3945
IMU1,12212,123467314,-1461,-566,-782,1926,-458,4080
IMU1,12213,123478153,-1626,-561,-789,1819,-297,4207
IMU1,12214,123488999,-1711,-536,-857,1686,-116,4331
IMU1,12215,123499838,-1861,-546,-878,1521,29,4444
IMU1,12216,123510392,-1822,-608,-705,1354,117,4550
IMU1,12217,123521160,-1821,-571,-550,1120,205,4638
IMU1,12218,123531904,-1997,-554,-365,1080,213,4607
IMU1,12219,123542658,-2220,-560,-202,1114,158,4580
IMU1,12220,123553407,-2505,-541,-117,1211,0,4574
IMU1,12221,123566212,-2659,-475,-102,1356,-283,4592
IMU1,12222,123577050,-2677,-407,-109,1535,-646,4605
IMU1,12223,123587881,-2800,-327,-222,1907,-1235,4583
IMU1,12224,123598920,-2823,-303,-350,2034,-1316,4581
IMU1,12225,123609964,-2900,-253,-480,2085,-1235,4582
IMU1,12226,123620994,-2930,-206,-578,2046,-1016,4589
IMU1,12227,123632034,-2893,-128,-594,1939,-712,4582
IMU1,12228,123642876,-2838,36,-584,1787,-406,4538
IMU1,12229,123653433,-2907,211,-485,1615,-174,4450
IMU1,12230,123664172,-3222,395,-384,1462,-55,4342
IMU1,12231,123675232,-3259,694,-306,1250,-47,4264
IMU1,12232,123685784,-3283,800,-233,1211,-167,4288
IMU1,12233,123696520,-3429,902,-226,1212,-302,4333
IMU1,12234,123707282,-3484,1051,-214,1240,-340,4415
IMU1,12235,123718222,-3562,1016,-338,1255,-250,4525
IMU1,12236,123729174,-3550,954,-400,1224,-54,4651
IMU1,12237,123739732,-3664,975,-505,1147,204,4769
IMU1,12238,123750401,-3744,980,-640,1020,495,4889
IMU1,12239,123761559,-3731,1000,-752,666,968,5087
IMU1,12240,123772226,-3631,1008,-815,434,1114,5151
IMU1,12241,123783083,-3502,986,-778,186,1209,5150
IMU1,12242,123793735,-3303,922,-699,-42,1248,5077
IMU1,12243,123804294,-3188,888,-539,-229,1239,4902
IMU1,12244,123815050,-3044,885,-415,-354,1165,4643
IMU1,12245,123825797,-2894,823,-459,-421,975,4311
IMU1,12246,123836350,-2774,860,-375,-425,614,3908
IMU1,12247,123846916,-2228,777,-52,-361,94,3476
IMU1,12248,123857592,-3039,1112,-1436,-80,-1325,2502
IMU1,12249,123868657,-2201,671,-646,-129,-2020,2345
IMU1,12250,123879491,-2021,1218,-630,-67,-2582,2074
IMU1,12251,123890338,-2074,1252,-866,17,-2711,1849
IMU1,12252,123901096,-1974,1165,-689,72,-2539,1676
IMU1,12253,123911862,-2105,1223,-800,133,-2193,1560
IMU1,12254,123922805,-2160,1180,-826,192,-1828,1540
IMU1,12255,123933749,-2109,1226,-740,236,-1491,1625
IMU1,12256,123944696,-2064,1231,-702,271,-808,1651
IMU1,12257,123955442,-2045,1242,-666,252,-527,1645
IMU1,12258,123966169,-2061,1256,-747,197,-304,1585
IMU1,12259,123976923,-2051,1265,-724,98,-132,1484
IMU1,12260,123987471,-2097,1223,-734,-34,-13,1355
IMU1,12261,123997911,-2102,1250,-664,-177,45,1210
IMU1,12262,124008467,-2052,1232,-570,-303,85,1022
IMU1,12263,124019005,-2058,1222,-503,-392,92,790
IMU1,12264,124029364,-2083,1233,-436,-436,30,544
IMU1,12265,124040750,-2155,1362,-404,-394,-364,54
IMU1,12266,124051184,-2226,1384,-425,-294,-663,-151
IMU1,12267,124061928,-2288,1372,-440,-168,-941,-306
IMU1,12268,124072662,-2380,1382,-468,-27,-1112,-408
IMU1,12269,124083400,-2518,1397,-540,120,-1141,-460
IMU1,12270,124094239,-2636,1388,-593,245,-1044,-477
IMU1,12271,124105091,-2763,1363,-595,343,-852,-487
IMU1,12272,124115737,-2880,1369,-579,421,-584,-518
IMU1,12273,124126898,-3170,1455,-533,487,-72,-754
IMU1,12274,124137354,-3363,1486,-467,478,32,-960
IMU1,12275,124147705,-3592,1510,-427,466,-4,-1201
IMU1,12276,124158163,-3943,1554,-369,444,-135,-1443
IMU1,12277,124169018,-4346,1617,-266,412,-295,-1630
IMU1,12278,124179846,-4714,1642,-72,384,-420,-1772
IMU1,12279,124190487,-4978,1654,180,379,-458,-1903
IMU1,12280,124201239,-5117,1746,449,396,-316,-2084
IMU1,12281,124211994,-5158,1867,680,404,2,-2392
IMU1,12282,124223286,-5106,2188,781,205,324,-3596
IMU1,12283,124233955,-5114,2335,943,-39,17,-4497
IMU1,12284,124244320,-5340,2527,1184,-352,-451,-5506
IMU1,12285,124255373,-5583,2774,1452,-727,-923,-6542
IMU1,12286,124266431,-5891,3140,1678,-1156,-1402,-7588
IMU1,12287,124277897,-6172,3633,1798,-1636,-1976,-8643
IMU1,12288,124289352,-6567,4621,2170,-2187,-2661,-9670
IMU1,12289,124300805,-6670,5051,2357,-3391,-3880,-11375
IMU1,12290,124312466,-6986,5349,2387,-3956,-4154,-12008
IMU1,12291,124324152,-7124,5510,2061,-4513,-4355,-12371
IMU1,12292,124335829,-7240,5776,1965,-5043,-4490,-12415
IMU1,12293,124347502,-6999,4848,1723,-5690,-4604,-11317
IMU1,12294,124359181,-6104,4220,1626,-5773,-4497,-10236
IMU1,12295,124370851,-6346,4160,1649,-5699,-4201,-9025
IMU1,12296,124382318,-4958,4179,1474,-5493,-3910,-7813
IMU1,12297,124393806,-4124,3993,976,-5258,-3751,-6836
IMU1,12298,124405083,-2751,3564,344,-5109,-4009,-5443
IMU1,12299,124416347,-2156,3299,-117,-5017,-3950,-4932
IMU1,12300,124427694,-1623,3155,-494,-5052,-3740,-4471
IMU1,12301,124439061,-1467,2911,-688,-5124,-3319,-4046
IMU1,12302,124450401,-1235,2912,-1131,-5191,-2774,-3590
IMU1,12303,124461960,-525,2037,-1181,-5284,-2357,-3204
IMU1,12304,124473316,-485,1709,-1240,-5206,-1395,-2504
IMU1,12305,124484669,-424,1452,-1272,-5007,-850,-2121
IMU1,12306,124495817,-617,1720,-1223,-4701,-412,-1736
IMU1,12307,124506980,-453,1515,-1220,-4334,-135,-1351
IMU1,12308,124518138,-530,1440,-1241,-3940,-77,-1036
IMU1,12309,124529108,-488,1318,-1291,-3556,-212,-780
IMU1,12310,124540033,-517,1038,-1521,-2888,-580,-442
IMU1,12311,124550967,-445,831,-1623,-2647,-679,-328
IMU1,12312,124561686,-504,730,-1701,-2444,-671,-232
IMU1,12313,124574966,-551,562,-1650,-2272,-530,-124
IMU1,12314,124585702,-602,460,-1600,-2089,-347,-3
IMU1,12315,124596025,-591,369,-1624,-1887,-246,104
IMU1,12316,124606655,-496,135,-1514,-1682,-296,141
IMU1,12317,124617295,-402,-53,-1419,-1174,-424,65
IMU1,12318,124627632,-443,-238,-1349,-850,-449,-84
# swing_peak_seq=12292
IMU1,12319,124638058,-675,-386,-1255,-481,-503,-228
IMU1,12320,124648700,-934,-505,-1428,-84,-638,-259
IMU1,12321,124659134,-1057,-493,-1632,254,-906,-188
IMU1,12322,124669872,-923,-432,-1715,503,-1205,-36
IMU1,12323,124680417,-778,-437,-1778,665,-1357,104
IMU1,12324,124691051,-790,-537,-1847,737,-1333,192
IMU1,12325,124701699,-800,-631,-1885,741,-1221,260
IMU1,12326,124712346,-761,-774,-1870,709,-1083,318
IMU1,12327,124723002,-647,-852,-1826,626,-710,383
IMU1,12328,124733462,-616,-900,-1733,616,-479,329
IMU1,12329,124743908,-622,-974,-1640,642,-264,278
IMU1,12330,124754345,-685,-1031,-1550,724,-120,224
IMU1,12331,124764990,-717,-1010,-1538,841,-98,192
IMU1,12332,124775432,-878,-1122,-1518,934,-175,202
IMU1,12333,124786081,-937,-1096,-1237,1030,-339,295
IMU1,12334,124796930,-655,-1208,-1343,1185,-546,337
IMU1,12335,124807783,-721,-1208,-1544,1292,-780,292
IMU1,12336,124818615,-760,-1423,-1694,1304,-998,225
IMU1,12337,124829449,-795,-1355,-1537,1125,-871,217
IMU1,12338,124840288,-667,-1390,-1471,1024,-564,213
IMU1,12339,124851122,-751,-1477,-1379,950,-212,171
IMU1,12340,124861771,-854,-1519,-1318,909,-25,140
IMU1,12341,124872209,-896,-1548,-1219,896,-19,134
IMU1,12342,124882644,-917,-1562,-1118,924,-121,144
IMU1,12343,124893285,-862,-1551,-1209,972,-271,162
IMU1,12344,124903920,-893,-1554,-1052,998,-424,178
IMU1,12345,124914564,-889,-1627,-964,1022,-522,223
IMU1,12346,124925198,-899,-1684,-919,1092,-597,241
IMU1,12347,124935854,-840,-1693,-952,1134,-657,236
IMU1,12348,124946483,-774,-1683,-981,1155,-735,198
IMU1,12349,124957117,-756,-1689,-1020,1149,-786,115
IMU1,12350,124967960,-754,-1676,-1035,1109,-804,21
IMU1,12351,124978601,-776,-1668,-1018,1045,-781,-69
IMU1,12352,124989335,-798,-1669,-1030,977,-725,-134
IMU1,12353,125000079,-813,-1668,-1025,900,-653,-170
IMU1,12354,125010799,-857,-1736,-924,826,-508,-184
IMU1,12355,125021333,-844,-1729,-860,746,-472,-175
IMU1,12356,125031870,-865,-1754,-819,748,-460,-169
IMU1,12357,125042404,-886,-1776,-808,771,-460,-162
IMU1,12358,125052927,-890,-1774,-809,790,-460,-163
IMU1,12359,125063459,-896,-1748,-817,803,-457,-180
IMU1,12360,125073989,-921,-1759,-808,812,-441,-201
IMU1,12361,125084518,-950,-1764,-738,821,-414,-215
IMU1,12362,125095056,-914,-1699,-657,847,-417,-227
IMU1,12363,125105583,-982,-1719,-762,884,-470,-244
IMU1,12364,125116132,-985,-1722,-794,899,-548,-232
IMU1,12365,125127211,-1169,-1766,-882,852,-561,-127
IMU1,12366,125137943,-1100,-1672,-895,769,-517,-29
IMU1,12367,125148477,-1004,-1656,-868,672,-422,32
IMU1,12368,125158915,-962,-1669,-851,572,-275,44
IMU1,12369,125169155,-947,-1672,-822,475,-133,17
IMU1,12370,125179405,-939,-1707,-780,400,-31,-36
IMU1,12371,125189547,-964,-1739,-727,344,25,-93
IMU1,12372,125199582,-975,-1739,-636,315,44,-137
IMU1,12373,125209835,-996,-1784,-590,330,26,-177
IMU1,12374,125220069,-1001,-1776,-582,373,-22,-205
IMU1,12375,125230593,-993,-1778,-541,435,-85,-225
IMU1,12376,125240936,-970,-1794,-500,508,-138,-238
IMU1,12377,125251995,-935,-1845,-468,675,-207,-240
IMU1,12378,125262536,-906,-1866,-435,756,-210,-226
IMU1,12379,125273080,-864,-1872,-413,828,-227,-215
IMU1,12380,125283623,-832,-1876,-428,886,-261,-235
IMU1,12381,125294162,-789,-1885,-437,920,-295,-267
IMU1,12382,125304709,-766,-1882,-428,928,-304,-302
IMU1,12383,125315264,-758,-1878,-410,926,-292,-342
IMU1,12384,125325811,-759,-1890,-404,919,-275,-378
IMU1,12385,125336366,-746,-1813,-386,904,-249,-404
IMU1,12386,125346915,-697,-1951,-414,893,-218,-424
IMU1,12387,125357970,-805,-1911,-333,870,-186,-445
IMU1,12388,125368519,-760,-1857,-254,855,-184,-448
IMU1,12389,125379053,-780,-1912,-242,850,-172,-464
IMU1,12390,125389596,-799,-1911,-239,843,-192,-471
IMU1,12391,125400153,-771,-1879,-228,838,-248,-472
IMU1,12392,125410704,-716,-1867,-269,826,-288,-482
IMU1,12393,125421251,-672,-1906,-313,792,-272,-500
IMU1,12394,125431813,-682,-1911,-426,737,-199,-522
IMU1,12395,125442376,-673,-1784,-384,650,-91,-551
IMU1,12396,125452709,-477,-1856,-694,534,37,-584
IMU1,12397,125463484,-720,-1936,-469,133,483,-665
IMU1,12398,125473919,-613,-1749,-442,10,679,-637
IMU1,12399,125484174,-767,-1989,-269,-58,757,-632
IMU1,12400,125494523,-703,-1950,-178,-77,744,-581
IMU1,12401,125504861,-593,-1882,-117,-48,668,-524
IMU1,12402,125515185,-636,-1989,-26,18,570,-504
IMU1,12403,125525239,-634,-1988,21,124,437,-463
IMU1,12404,125535384,-648,-1975,-53,244,262,-403
IMU1,12405,125545618,-474,-1992,-94,349,91,-338
IMU1,12406,125555648,-475,-1969,-155,417,-11,-309
IMU1,12407,125565981,-426,-2001,-199,439,-20,-293
IMU1,12408,125578871,-298,-2004,-137,404,72,-307
IMU1,12409,125589115,-265,-1999,-95,379,87,-352
IMU1,12410,125599162,-253,-2016,-59,370,71,-409
IMU1,12411,125609209,-221,-2046,-7,356,38,-457
IMU1,12412,125619042,-205,-2041,59,359,-6,-498
IMU1,12413,125628886,-236,-2102,117,377,-54,-532
IMU1,12414,125639126,-256,-2010,170,403,-121,-545
IMU1,12415,125649563,-287,-2092,232,444,-213,-543
IMU1,12416,125660005,-294,-2063,192,491,-327,-525
IMU1,12417,125670445,-253,-2035,153,527,-449,-514
IMU1,12418,125680878,-272,-2009,133,540,-537,-518
IMU1,12419,125691320,-275,-2011,90,539,-560,-518
IMU1,12420,125701572,-316,-2000,57,513,-514,-515
IMU1,12421,125711827,-318,-2011,41,476,-416,-517
IMU1,12422,125722082,-346,-2010,142,431,-305,-536
IMU1,12423,125733043,-359,-2008,174,382,-158,-614
IMU1,12424,125743493,-381,-1958,189,378,-163,-656
IMU1,12425,125753943,-404,-1991,247,398,-201,-702
IMU1,12426,125764383,-481,-1947,296,434,-246,-719
IMU1,12427,125774822,-533,-1949,229,477,-287,-698
IMU1,12428,125785264,-578,-1896,151,503,-324,-648
IMU1,12429,125795716,-560,-1891,61,500,-342,-580
IMU1,12430,125805973,-534,-1832,7,457,-309,-512
IMU1,12431,125816040,-535,-1885,-32,388,-208,-449
IMU1,12432,125826382,-551,-1837,-52,303,-77,-394
IMU1,12433,125836546,-542,-1819,-33,218,29,-350
IMU1,12434,125846585,-579,-1836,-43,143,104,-316
IMU1,12435,125857861,-638,-1867,-108,-7,215,-213
IMU1,12436,125867990,-617,-1899,-105,-84,280,-142
IMU1,12437,125878328,-594,-1897,-151,-146,348,-87
IMU1,12438,125888667,-581,-1946,-220,-219,426,-50
IMU1,12439,125898989,-595,-1966,-263,-308,518,-12
IMU1,12440,125909331,-591,-1973,-322,-398,644,14
IMU1,12441,125919575,-562,-2007,-344,-496,809,25
IMU1,12442,125929815,-542,-2067,-292,-587,1002,19
IMU1,12443,125940253,-558,-2122,-196,-641,1195,-4
IMU1,12444,125950596,-557,-2154,-178,-657,1350,-33
IMU1,12445,125961151,-550,-2175,-148,-641,1440,-64
IMU1,12446,125971678,-541,-2180,-193,-599,1481,-104
IMU1,12447,125982936,-526,-2092,-189,-506,1532,-192
IMU1,12448,125993666,-497,-2078,-106,-452,1558,-237
IMU1,12449,126004393,-491,-2032,-281,-378,1580,-300
IMU1,12450,126015125,-491,-1940,-155,-307,1588,-372
IMU1,12451,126025867,-489,-2091,-224,-213,1615,-436
IMU1,12452,126036587,-361,-2001,-123,-101,1666,-504
IMU1,12453,126047304,-529,-1973,-188,31,1664,-559
IMU1,12454,126057750,-533,-2024,-179,160,1612,-553
IMU1,12455,126068381,-456,-2013,-193,285,1493,-513
IMU1,12456,126079026,-447,-1967,-196,499,1129,-379
IMU1,12457,126089673,-417,-1948,-174,589,992,-294
IMU1,12458,126100104,-440,-1984,-187,676,885,-197
IMU1,12459,126110536,-457,-1979,-249,737,807,-76
IMU1,12460,126120782,-481,-1892,-215,770,770,55
IMU1,12461,126130936,-410,-1808,-267,793,766,180
IMU1,12462,126141293,-350,-1757,-203,798,808,277
IMU1,12463,126151650,-332,-1674,-144,809,884,347
IMU1,12464,126162001,-272,-1625,-91,835,968,396
IMU1,12465,126172123,-292,-1661,-98,879,1050,425
IMU1,12466,126182462,-292,-1667,-104,930,1131,449
IMU1,12467,126192989,-335,-1607,3,982,1196,467
IMU1,12468,126204071,-244,-1440,83,1147,1246,500
IMU1,12469,126214516,-164,-1309,218,1284,1292,484
IMU1,12470,126225132,-236,-1533,59,1445,1347,452
IMU1,12471,126235581,-175,-1623,295,1587,1438,446
IMU1,12472,126246235,-3,-1435,473,1782,1527,435
IMU1,12473,126256496,47,-1345,246,2017,1597,379
IMU1,12474,126266850,35,-1396,25,2200,1558,300
IMU1,12475,126277017,-211,-1281,-211,2290,1317,237
IMU1,12476,126287760,-413,-1158,-225,2285,1019,237
IMU1,12477,126298506,-362,-1085,-278,2224,821,293
IMU1,12478,126309058,-120,-1240,-314,2110,1289,513
IMU1,12479,126319816,-404,-990,-597,1716,1856,654
IMU1,12480,126330385,-588,-855,-400,1443,2272,825
IMU1,12481,126340931,-573,-839,-223,1218,2421,973
IMU1,12482,126351479,-561,-785,-76,1050,2447,1087
IMU1,12483,126362030,-403,-822,189,950,2599,1178
IMU1,12484,126372468,-309,-898,174,906,2943,1250
IMU1,12485,126382922,-599,-935,93,858,3268,1316
IMU1,12486,126393178,-1107,-963,163,788,3393,1446
IMU1,12487,126403836,-1365,-1068,385,733,3356,1674
IMU1,12488,126414680,-1816,-1245,1151,733,3257,2360
IMU1,12489,126425730,-1814,-1312,1377,1012,2942,2769
IMU1,12490,126436970,-2002,-1375,1555,1240,2702,3145
IMU1,12491,126448233,-2200,-1514,1878,1508,2435,3507
IMU1,12492,126459503,-2390,-1656,2145,1825,2153,3836
IMU1,12493,126470787,-2721,-1785,2498,2193,1888,4116
IMU1,12494,126482042,-2811,-2543,2658,2598,1663,4596
IMU1,12495,126493293,-2873,-2484,2471,3306,1337,4784
IMU1,12496,126504554,-2692,-2382,1905,3537,1328,4906
IMU1,12497,126515819,-2523,-2030,1617,3607,1204,4922
IMU1,12498,126527070,-2248,-1381,1923,3618,752,4769
IMU1,12499,126538130,-2316,-715,1759,3639,152,4472
IMU1,12500,126549009,-1805,-75,1227,3540,-348,4023
IMU1,12501,126559756,-1934,-263,1481,2869,-1529,2519
IMU1,12502,126570924,-2151,-572,1793,2430,-2308,1619
IMU1,12503,126584628,-2321,-496,1959,2013,-2817,803
IMU1,12504,126595571,-2289,-425,2006,1592,-2587,144
IMU1,12505,126606512,-2169,-320,1777,1116,-1635,-390
IMU1,12506,126617554,-2356,-295,1889,5,329,-1328
IMU1,12507,126627917,-2627,-332,2205,-466,667,-1771
IMU1,12508,126638755,-2808,-534,2556,-771,626,-2170
IMU1,12509,126649621,-2733,-761,2799,-903,204,-2531
IMU1,12510,126660463,-2795,-1116,2781,-904,-478,-2857
IMU1,12511,126671621,-2553,-653,2639,-848,-1261,-3087
IMU1,12512,126682774,-1856,-378,2332,-754,-1962,-3277
IMU1,12513,126693926,-1007,-525,2003,-444,-2511,-3682
IMU1,12514,126705071,-1007,-691,2243,-239,-2295,-3796
IMU1,12515,126716226,-777,-398,1700,38,-1945,-3798
IMU1,12516,126726894,-481,-222,1591,279,-1750,-3750
IMU1,12517,126737743,-865,159,1125,509,-1861,-3661
IMU1,12518,126748495,-1024,381,970,675,-2082,-3464
IMU1,12519,126759240,-978,311,1018,850,-2276,-3224
IMU1,12520,126769992,-1108,242,584,1050,-2422,-3008
IMU1,12521,126780953,-1647,315,367,1304,-2640,-2471
IMU1,12522,126791900,-1734,461,279,1348,-2696,-2117
IMU1,12523,126802854,-992,1073,-6,1359,-2720,-1751
IMU1,12524,126813503,-235,2169,-156,1300,-2737,-1475
IMU1,12525,126824541,112,1625,949,1251,-2783,-1257
IMU1,12526,126835393,-782,137,1469,1415,-2864,-1012
IMU1,12527,126846340,-1043,-1101,1962,1704,-2860,-571
IMU1,12528,126857595,-885,-1705,2278,2521,-2265,609
IMU1,12529,126868559,-906,-1534,2110,2917,-1578,1250
IMU1,12530,126879726,-776,-1683,1920,3229,-692,1922
IMU1,12531,126890673,-572,-2113,2205,3423,480,2627
IMU1,12532,126901536,-684,-2456,1944,3503,1997,3353
IMU1,12533,126912610,-573,-2457,1587,3381,3706,4107
IMU1,12534,126923686,-1020,-2241,2683,3007,5428,4850
IMU1,12535,126934957,-598,-1996,222,1822,6868,6144
IMU1,12536,126945847,-889,-1158,515,808,5311,6145
IMU1,12537,126956518,-852,-551,1096,-112,3032,5719
IMU1,12538,126967301,-1009,-678,1715,-716,928,5021
IMU1,12539,126978077,-790,-649,1812,-1010,-358,4190
IMU1,12540,126988910,-223,-238,1907,-1156,-666,3157
IMU1,12541,126999754,-227,-8,1794,-1219,-170,1872
IMU1,12542,127010198,-1055,-115,1478,-1267,810,575
IMU1,12543,127021469,-1875,-209,1473,-1475,2266,-1302
IMU1,12544,127032709,-2184,-329,1646,-1585,2372,-1919
IMU1,12545,127043967,-2267,-450,1753,-1653,2293,-2350
IMU1,12546,127055216,-1781,-450,1555,-1736,2121,-2656
IMU1,12547,127066466,-1669,-423,1273,-1889,1832,-2990
IMU1,12548,127077715,-1847,-592,955,-2097,1545,-3294
IMU1,12549,127088780,-1464,-567,820,-2390,1416,-3509
IMU1,12550,127099834,-1404,-480,752,-2405,1557,-3521
IMU1,12551,127110891,-1354,-581,761,-2333,1758,-3481
IMU1,12552,127121953,-1456,-655,700,-2193,1754,-3387
IMU1,12553,127133006,-1909,-376,820,-2033,1524,-3223
IMU1,12554,127144058,-2375,-312,580,-1847,1224,-2904
IMU1,12555,127155108,-1801,-788,516,-1705,965,-2034
IMU1,12556,127165971,-1736,-927,486,-1484,711,-1592
IMU1,12557,127176832,-1628,-1021,449,-1354,727,-1132
IMU1,12558,127187876,-1483,-892,324,-1232,845,-670
IMU1,12559,127198517,-1445,-727,316,-1126,1018,-239
IMU1,12560,127209372,-1391,-684,266,-1018,1188,150
IMU1,12561,127220114,-1354,-742,143,-929,1354,484
IMU1,12562,127230664,-1401,-750,6,-877,1548,754
IMU1,12563,127240832,-1219,-693,-74,-885,1766,968
IMU1,12564,127251265,-1244,-842,-133,-936,2034,1138
IMU1,12565,127262104,-1148,-640,-51,-1093,2701,1121
IMU1,12566,127272949,-1359,-468,-165,-1153,2986,1051
IMU1,12567,127283999,-1430,-442,5,-1229,3132,995
IMU1,12568,127294358,-1518,-578,68,-1249,3102,944
IMU1,12569,127304935,-1598,-397,134,-1220,2929,929
IMU1,12570,127315693,-1749,-271,165,-1143,2684,955
IMU1,12571,127326443,-2186,-146,707,-979,2406,1105
IMU1,12572,127337200,-1865,-333,182,-493,2027,1486
IMU1,12573,127348462,-1923,-220,257,160,914,1954
IMU1,12574,127358917,-1992,-203,-84,344,1029,2314
IMU1,12575,127369484,-2007,-168,369,421,1555,2679
IMU1,12576,127380134,-2274,-57,314,562,2092,3020
IMU1,12577,127390608,-2487,-113,-433,496,2206,3373
IMU1,12578,127401358,-2257,-212,-796,253,1972,3717
IMU1,12579,127412118,-2078,-46,-804,-78,1893,3921
IMU1,12580,127422566,-2172,277,-741,-554,2312,3968
IMU1,12581,127433342,-2506,674,45,-1049,3161,3884
IMU1,12582,127444532,-2890,469,320,-1420,4279,3643
IMU1,12583,127455390,-3219,404,417,-1314,3986,3540
IMU1,12584,127466256,-3336,346,40,-1104,3305,3538
IMU1,12585,127476921,-3336,241,-526,-1077,2582,3584
IMU1,12586,127487875,-3257,356,-861,-1121,2111,3629
IMU1,12587,127498849,-3178,353,-860,-1224,1959,3594
IMU1,12588,127509816,-3092,373,-706,-1279,1943,3473
IMU1,12589,127520782,-2848,365,-791,-1259,1665,3065
IMU1,12590,127531739,-2726,290,-926,-1055,1461,2755
IMU1,12591,127542698,-2654,248,-982,-909,1315,2423
IMU1,12592,127553452,-2663,174,-951,-730,1237,2113
IMU1,12593,127564212,-2739,124,-965,-488,1166,1893
IMU1,12594,127574966,-2770,51,-1141,-195,1016,1718
IMU1,12595,127588286,-2673,37,-1705,256,499,1319
IMU1,12596,127598748,-2677,66,-1812,384,375,1087
IMU1,12597,127609212,-2755,17,-1820,498,336,871
IMU1,12598,127619478,-2763,-39,-1842,601,268,733
IMU1,12599,127629837,-2765,-41,-1850,711,137,611
IMU1,12600,127640206,-2728,-47,-1800,828,15,504
IMU1,12601,127650352,-2652,-80,-1793,945,-58,379
IMU1,12602,127660609,-2646,-55,-1799,1038,-83,212
IMU1,12603,127671061,-2635,-67,-1791,1099,-56,34
IMU1,12604,127681321,-2642,-75,-1789,1112,22,-157
IMU1,12605,127691765,-2666,-54,-1684,1094,154,-352
IMU1,12606,127702417,-2606,-9,-1547,1066,293,-540
IMU1,12607,127712869,-2535,125,-1292,1055,360,-912
IMU1,12608,127723629,-2476,191,-1233,1114,204,-1060
IMU1,12609,127734590,-2367,239,-1143,1137,55,-1186
IMU1,12610,127745360,-2330,344,-970,1190,-43,-1295
IMU1,12611,127756008,-2107,384,-851,1270,-89,-1346
IMU1,12612,127766665,-2071,448,-892,1345,-236,-1384
IMU1,12613,127777522,-1927,568,-872,1382,-504,-1430
IMU1,12614,127788381,-1782,576,-774,1400,-737,-1476
IMU1,12615,127799255,-1660,605,-670,1419,-846,-1520
IMU1,12616,127810099,-1602,648,-591,1426,-866,-1520
IMU1,12617,127820936,-1541,665,-579,1417,-892,-1477
IMU1,12618,127831782,-1438,679,-508,1386,-944,-1416
IMU1,12619,127842644,-1374,693,-506,1354,-984,-1356
IMU1,12620,127853488,-1266,709,-531,1286,-1002,-1287
IMU1,12621,127864526,-1210,748,-534,1182,-1001,-1228
IMU1,12622,127875582,-1162,761,-528,1056,-976,-1171
IMU1,12623,127886441,-1097,716,-509,774,-840,-1031
IMU1,12624,127897095,-1065,711,-538,612,-759,-930
IMU1,12625,127907574,-1033,705,-550,463,-642,-834
IMU1,12626,127918036,-921,697,-545,303,-483,-727
IMU1,12627,127928307,-888,735,-548,169,-296,-641
IMU1,12628,127938562,-929,829,-544,48,-203,-551
IMU1,12629,127948609,-1003,715,-568,-56,-271,-421
IMU1,12630,127958971,-918,635,-556,-140,-373,-262
IMU1,12631,127969349,-883,682,-511,-209,-370,-111
IMU1,12632,127979691,-964,726,-505,-255,-243,29
IMU1,12633,127989740,-966,716,-518,-283,-74,166
IMU1,12634,127999812,-1009,662,-512,-304,30,293
IMU1,12635,128010002,-1071,647,-516,-322,32,412
IMU1,12636,128020115,-1088,676,-513,-336,-40,519
IMU1,12637,128031378,-1075,674,-564,-357,-287,674
IMU1,12638,128041801,-1092,716,-591,-359,-391,731
IMU1,12639,128052228,-1109,809,-585,-361,-462,782
IMU1,12640,128062649,-1098,858,-545,-350,-489,831
IMU1,12641,128073068,-984,836,-545,-312,-478,873
IMU1,12642,128083298,-970,779,-579,-264,-465,903
IMU1,12643,128093515,-987,764,-612,-223,-458,948
IMU1,12644,128103749,-1072,779,-627,-191,-420,1018
IMU1,12645,128114372,-1216,837,-618,-171,-337,1116
IMU1,12646,128125007,-1290,909,-584,-148,-242,1241
IMU1,12647,128135621,-1321,939,-469,-113,-205,1366
IMU1,12648,128146757,-1474,950,-454,-9,-263,1587
IMU1,12649,128156993,-1534,939,-490,26,-285,1699
IMU1,12650,128167319,-1645,953,-551,28,-265,1773
IMU1,12651,128177647,-1770,1002,-645,-32,-234,1863
IMU1,12652,128188262,-1885,1045,-732,-127,-217,1950
IMU1,12653,128199084,-2013,1091,-741,-256,-242,2041
IMU1,12654,128209910,-2057,1081,-729,-385,-296,2117
IMU1,12655,128220740,-2105,1062,-721,-505,-344,2169
IMU1,12656,128231568,-2169,995,-665,-613,-365,2202
IMU1,12657,128242724,-2374,928,-674,-755,-473,2227
IMU1,12658,128253372,-2503,920,-661,-792,-616,2247
IMU1,12659,128264023,-2635,946,-660,-790,-744,2243
IMU1,12660,128274650,-2750,943,-693,-762,-792,2243
IMU1,12661,128285293,-2948,880,-776,-735,-760,2242
IMU1,12662,128295932,-3182,835,-782,-705,-719,2235
IMU1,12663,128306592,-3401,735,-819,-669,-681,2230
IMU1,12664,128317233,-3665,624,-874,-633,-664,2210
IMU1,12665,128327892,-3936,212,-939,-602,-679,2182
IMU1,12666,128339047,-4523,105,-1043,-604,-731,2052
IMU1,12667,128349877,-4871,-35,-1050,-643,-706,1922
IMU1,12668,128360603,-4971,-211,-1097,-721,-584,1752
IMU1,12669,128371536,-5251,-305,-1075,-821,-330,1505
IMU1,12670,128382463,-5509,-334,-1048,-912,-26,1194
IMU1,12671,128393205,-5941,-414,-898,-961,356,818
IMU1,12672,128403641,-6353,-501,-522,-942,766,458
IMU1,12673,128414095,-6905,-507,114,-769,1042,93
IMU1,12674,128424431,-7502,-554,1557,-384,1052,-738
IMU1,12675,128435284,-7622,-458,2104,823,564,-1332
IMU1,12676,128446022,-7567,-79,2471,1418,205,-2112
IMU1,12677,128456784,-7427,749,2673,1820,-316,-3116
IMU1,12678,128467745,-7134,1495,2584,1929,-1034,-4307
IMU1,12679,128479089,-6861,2399,2350,1677,-1906,-5525
IMU1,12680,128490457,-6632,3327,2140,1072,-2500,-6559
IMU1,12681,128501807,-6390,4596,2060,-776,-1746,-7733
IMU1,12682,128513067,-6698,4944,2074,-1890,-858,-8101
IMU1,12683,128524304,-7216,5160,2267,-3093,-212,-8492
IMU1,12684,128535546,-7690,5600,2473,-4318,-356,-9028
IMU1,12685,128546799,-7990,6155,2522,-5467,-1192,-9681
IMU1,12686,128558269,-8060,6730,2369,-6475,-2025,-10324
IMU1,12687,128569907,-7827,7125,2287,-7857,-1980,-11506
IMU1,12688,128581572,-7928,6849,2325,-8123,-1419,-11957
IMU1,12689,128595791,-7877,6498,2401,-8134,-953,-12101
IMU1,12690,128607251,-7154,5880,2346,-7953,-771,-11508
IMU1,12691,128618741,-6372,5639,2189,-7351,-1293,-10949
IMU1,12692,128630400,-5502,5494,1986,-7061,-1772,-10406
IMU1,12693,128642034,-4861,5139,1681,-6811,-2152,-9936
IMU1,12694,128653466,-4219,4790,1481,-6601,-2276,-9462
IMU1,12695,128664917,-2860,4191,1270,-6390,-2015,-8516
IMU1,12696,128676381,-2396,3971,1248,-5816,-998,-8080
IMU1,12697,128687630,-2098,3762,1217,-5419,-728,-7639
IMU1,12698,128698888,-1947,3577,1291,-4944,-754,-7160
IMU1,12699,128710127,-1818,3322,1043,-4452,-1018,-6592
IMU1,12700,128721570,-1623,3172,717,-3990,-1386,-5948
IMU1,12701,128732830,-1158,3061,-84,-3308,-1777,-4602
IMU1,12702,128743965,-993,2998,-314,-3073,-1677,-3996
IMU1,12703,128755124,-917,2940,-872,-2863,-1578,-3512
IMU1,12704,128766294,-887,2849,-1133,-2761,-1561,-3135
IMU1,12705,128777649,-827,2631,-1470,-2717,-1459,-2785
IMU1,12706,128788984,-838,2532,-1640,-2719,-1234,-2462
IMU1,12707,128800320,-874,2380,-2201,-2673,-875,-1904
IMU1,12708,128811452,-815,2246,-2212,-2656,-695,-1645
IMU1,12709,128822579,-629,2106,-2271,-2582,-378,-1421
IMU1,12710,128833703,-571,2015,-2161,-2440,-72,-1251
IMU1,12711,128844633,-545,1914,-2031,-2195,168,-1110
IMU1,12712,128855689,-511,1847,-1961,-1852,264,-984
IMU1,12713,128866523,-576,1845,-1919,-1446,214,-874
IMU1,12714,128877364,-648,1824,-2014,-552,-161,-659
IMU1,12715,128888090,-573,1827,-2150,-139,-437,-525
# swing_peak_seq=12689
IMU1,12716,128898826,-545,1813,-2323,242,-623,-412
IMU1,12717,128909465,-509,1807,-2533,550,-709,-297
IMU1,12718,128920114,-459,1803,-2698,769,-721,-177
IMU1,12719,128930759,-428,1777,-2845,904,-644,-58
IMU1,12720,128941199,-447,1730,-2927,965,-497,72
IMU1,12721,128951549,-455,1656,-2953,971,-330,227
IMU1,12722,128962096,-454,1571,-2889,954,-176,392
IMU1,12723,128972638,-516,1391,-2726,938,-49,714
IMU1,12724,128983519,-514,1313,-2631,981,75,859
IMU1,12725,128993773,-560,1217,-2491,1052,117,998
IMU1,12726,129004421,-623,1129,-2357,1169,143,1133
IMU1,12727,129015281,-668,1028,-2260,1325,104,1282
IMU1,12728,129026119,-693,921,-2195,1505,25,1427
IMU1,12729,129036560,-722,808,-2151,1688,-29,1547
IMU1,12730,129047094,-730,699,-2133,1862,-51,1637
IMU1,12731,129057632,-736,566,-2108,2019,-45,1688
IMU1,12732,129068161,-726,463,-2007,2149,9,1712
IMU1,12733,129079444,-737,318,-1920,2325,288,1730
IMU1,12734,129090097,-765,270,-1844,2376,446,1748
IMU1,12735,129100748,-807,244,-1761,2406,573,1782
IMU1,12736,129111402,-796,181,-1723,2417,690,1835
IMU1,12737,129122053,-858,159,-1642,2420,802,1895
IMU1,12738,129132691,-882,144,-1588,2414,908,1979
IMU1,12739,129143344,-871,131,-1540,2406,1018,2069
IMU1,12740,129154198,-885,103,-1500,2390,1139,2163
IMU1,12741,129165052,-895,30,-1324,2374,1374,2339
IMU1,12742,129175703,-877,12,-1236,2362,1453,2424
IMU1,12743,129186364,-871,-28,-1114,2397,1485,2507
IMU1,12744,129197130,-914,-64,-981,2465,1485,2584
IMU1,12745,129207680,-911,-83,-893,2566,1461,2681
IMU1,12746,129218218,-948,-111,-785,2695,1424,2774
IMU1,12747,129228978,-950,-135,-697,2842,1386,2873
IMU1,12748,129239717,-968,-155,-617,2999,1352,2979
IMU1,12749,129250475,-975,-165,-534,3154,1329,3094
IMU1,12750,129261233,-990,-141,-402,3302,1375,3352
IMU1,12751,129271985,-1068,-116,-329,3534,1421,3482
IMU1,12752,129282944,-1192,-136,-239,3595,1447,3616
IMU1,12753,129293885,-1303,-154,-161,3632,1441,3758
IMU1,12754,129304824,-1408,-172,-111,3649,1392,3884
IMU1,12755,129315765,-1526,-231,-29,3654,1325,4002
IMU1,12756,129326510,-1615,-303,100,3668,1275,4122
IMU1,12757,129337368,-1686,-337,250,3700,1249,4244
IMU1,12758,129348738,-1776,-250,319,3785,1309,4461
IMU1,12759,129359605,-1884,-204,345,3794,1468,4565
IMU1,12760,129370463,-1989,-179,375,3758,1708,4646
IMU1,12761,129381321,-2145,-182,431,3653,1981,4712
IMU1,12762,129392192,-2429,-264,524,3490,2194,4760
IMU1,12763,129403065,-2741,-354,652,3315,2253,4837
IMU1,12764,129413925,-2856,-352,748,3166,2144,4944
IMU1,12765,129424800,-2911,-229,787,3060,1746,5099
IMU1,12766,129435669,-2847,-116,646,2935,1623,5132
IMU1,12767,129446506,-2941,-105,464,2816,1722,5145
IMU1,12768,129457338,-2980,-24,311,2611,2005,5152
IMU1,12769,129467986,-3067,51,301,2329,2307,5069
IMU1,12770,129478567,-3230,138,305,2024,2496,4978
IMU1,12771,129489320,-3279,258,329,1754,2458,4854
IMU1,12772,129500075,-3249,390,456,1567,2251,4691
IMU1,12773,129510848,-3565,593,345,1518,2047,4517
IMU1,12774,129521618,-3618,737,186,1548,1575,4545
IMU1,12775,129532385,-3661,1015,302,1549,1554,4775
IMU1,12776,129543375,-3916,1134,454,1590,1781,5095
IMU1,12777,129554352,-3786,1186,311,1654,1889,5387
IMU1,12778,129565331,-3774,1465,67,1639,1867,5539
IMU1,12779,129576101,-3817,1546,-60,1526,1874,5598
IMU1,12780,129586980,-3917,1576,-206,1313,1886,5596
IMU1,12781,129600618,-4222,1556,-230,739,1804,5628
IMU1,12782,129611466,-4242,1513,-108,499,1733,5684
IMU1,12783,129622319,-4007,1443,-85,321,1632,5691
IMU1,12784,129632965,-4012,1328,35,200,1547,5589
IMU1,12785,129643519,-4000,1039,209,138,1447,5423
IMU1,12786,129654274,-4004,802,392,138,1199,5226
IMU1,12787,129664831,-3705,374,711,212,776,4971
IMU1,12788,129675710,-3519,235,607,524,-453,4137
IMU1,12789,129686183,-3225,163,310,649,-1111,3563
IMU1,12790,129696832,-2964,329,140,690,-1628,2919
IMU1,12791,129707472,-3112,455,555,815,-1953,2297
IMU1,12792,129718150,-2698,540,-762,878,-2279,1832
IMU1,12793,129728922,-2501,947,-1750,611,-2400,1385
IMU1,12794,129739882,-2371,934,-1550,186,-1764,1035
IMU1,12795,129750853,-2275,968,-1384,-300,-692,823
IMU1,12796,129762029,-2671,895,-596,-881,1088,569
IMU1,12797,129772567,-2910,813,-412,-910,1329,535
IMU1,12798,129783115,-2970,841,-270,-845,1107,550
IMU1,12799,129793673,-2982,888,-215,-705,617,550
IMU1,12800,129804022,-2919,855,-318,-529,63,527
IMU1,12801,129814145,-2940,854,-499,-345,-399,487
IMU1,12802,129824564,-2982,842,-671,-206,-667,451
IMU1,12803,129834974,-2967,770,-724,-115,-720,413
IMU1,12804,129845401,-2940,713,-690,-47,-629,350
IMU1,12805,129855621,-2919,682,-610,14,-472,240
IMU1,12806,129865750,-2872,665,-532,75,-321,73
IMU1,12807,129875677,-2856,661,-482,120,-268,-144
IMU1,12808,129886088,-2861,752,-380,156,-311,-648
IMU1,12809,129897031,-2899,784,-315,208,-517,-865
IMU1,12810,129907456,-2914,817,-254,244,-597,-1019
IMU1,12811,129918078,-2945,839,-187,284,-637,-1111
IMU1,12812,129928726,-2971,875,-168,325,-630,-1164
IMU1,12813,129939342,-3043,917,-168,347,-610,-1201
IMU1,12814,129949964,-3158,954,-118,336,-571,-1230
IMU1,12815,129960603,-3285,959,-50,300,-523,-1257
IMU1,12816,129971032,-3431,990,33,248,-503,-1296
IMU1,12817,129981369,-3601,1017,107,189,-542,-1358
IMU1,12818,129992100,-3952,1046,268,131,-705,-1544
IMU1,12819,130002833,-4231,1013,431,11,-724,-1642
IMU1,12820,130013361,-4517,1006,662,-19,-704,-1724
IMU1,12821,130023987,-4806,1188,904,-20,-740,-1806
IMU1,12822,130034622,-5096,1301,1231,12,-833,-1936
IMU1,12823,130045366,-5317,1324,1653,76,-956,-2123
IMU1,12824,130056117,-5433,1533,2000,167,-1187,-2404
IMU1,12825,130067243,-5591,1778,2176,248,-1599,-2811
IMU1,12826,130078381,-5904,2444,2314,260,-2124,-3277
IMU1,12827,130089538,-6007,2893,2249,-73,-2719,-4072
IMU1,12828,130100567,-6020,3347,2049,-490,-2611,-4404
IMU1,12829,130111788,-6009,3746,1863,-1126,-2317,-4768
IMU1,12830,130123247,-6214,4207,1845,-1965,-1946,-5213
IMU1,12831,130134680,-6675,4579,1879,-2926,-1665,-5735
IMU1,12832,130146127,-7569,5752,1945,-4948,-2115,-6919
IMU1,12833,130157592,-7782,6511,1836,-5892,-2685,-7641
IMU1,12834,130169056,-7915,7302,1569,-6756,-3207,-8478
IMU1,12835,130180519,-7901,7956,1371,-7561,-3537,-9406
IMU1,12836,130191991,-7892,8282,1212,-8288,-3559,-10350
IMU1,12837,130203658,-7775,7887,1038,-8863,-2811,-11612
IMU1,12838,130215313,-7460,7372,1171,-9496,-2320,-11744
IMU1,12839,130226988,-6982,6827,1294,-9525,-1979,-11587
IMU1,12840,130238653,-6332,6437,1325,-9394,-1858,-11268
IMU1,12841,130250320,-5637,6173,1169,-9164,-1965,-10889
IMU1,12842,130261972,-3982,5581,826,-8615,-2136,-10043
IMU1,12843,130273426,-3226,5156,796,-8243,-1887,-9644
IMU1,12844,130284659,-2725,4810,693,-7733,-1510,-9248
IMU1,12845,130295906,-2360,4464,544,-7136,-1226,-8802
IMU1,12846,130307166,-2162,4220,566,-6478,-1026,-8229
IMU1,12847,130318403,-1834,4068,508,-5694,-888,-7526
IMU1,12848,130329441,-1313,3896,291,-4110,-1622,-6138
IMU1,12849,130340686,-1102,3821,-110,-3436,-2168,-5494
IMU1,12850,130352027,-1361,3701,-512,-2856,-2555,-4825
IMU1,12851,130363367,-1292,3561,-1283,-2503,-2774,-4058
IMU1,12852,130374891,-1323,3428,-1574,-2309,-2776,-3243
IMU1,12853,130386430,-1394,3029,-1214,-2262,-2255,-1730
IMU1,12854,130397968,-1094,3001,-2099,-2057,-2248,-1152
IMU1,12855,130409512,-893,2843,-2326,-2146,-2410,-831
IMU1,12856,130420651,-911,2811,-2209,-2218,-2145,-603
IMU1,12857,130431786,-596,2675,-2402,-2342,-1676,-465
IMU1,12858,130442931,-522,2575,-2395,-2421,-1311,-437
IMU1,12859,130454059,-300,2340,-2329,-2396,-482,-529
IMU1,12860,130465005,-284,2193,-2216,-2250,40,-545
IMU1,12861,130475636,-365,2097,-2054,-1997,456,-515
IMU1,12862,130486472,-454,2053,-1920,-1636,695,-419
IMU1,12863,130497292,-466,1969,-1839,-1224,744,-268
IMU1,12864,130508122,-497,1885,-1761,-791,629,-103
IMU1,12865,130518763,-537,1817,-1585,-345,390,55
IMU1,12866,130529114,-501,1715,-1612,127,0,202
IMU1,12867,130539056,-474,1639,-1811,574,-535,329
IMU1,12868,130549606,-355,1453,-2272,930,-1007,535
IMU1,12869,130560356,-315,1316,-2410,1345,-1138,627
IMU1,12870,130571278,-298,1195,-2461,1449,-949,711
IMU1,12871,130582023,-310,1097,-2455,1504,-754,796
IMU1,12872,130592771,-369,998,-2443,1523,-575,876
IMU1,12873,130605863,-447,921,-2401,1509,-426,960
IMU1,12874,130616397,-531,875,-2376,1469,-314,1045
IMU1,12875,130627662,-644,794,-2292,1322,-181,1216
IMU1,12876,130638395,-669,751,-2167,1255,-115,1304
IMU1,12877,130649141,-676,689,-2098,1228,-69,1381
IMU1,12878,130659679,-710,603,-1942,1243,-62,1454
IMU1,12879,130670231,-724,512,-1930,1315,-77,1527
IMU1,12880,130680771,-661,485,-1896,1405,-97,1591
IMU1,12881,130691309,-757,459,-1832,1500,-79,1628
IMU1,12882,130701843,-762,463,-1852,1593,-31,1662
IMU1,12883,130712385,-803,437,-1860,1667,22,1691
IMU1,12884,130722819,-825,370,-1772,1727,78,1766
IMU1,12885,130733252,-796,321,-1702,1850,80,1807
IMU1,12886,130743695,-773,282,-1599,1934,40,1853
IMU1,12887,130754148,-754,240,-1507,2047,19,1908
IMU1,12888,130764593,-774,193,-1419,2172,-7,1969
IMU1,12889,130774944,-812,154,-1345,2326,-58,2033
IMU1,12890,130785486,-848,120,-1312,2488,-126,2099
IMU1,12891,130796207,-908,67,-1293,2645,-193,2170
IMU1,12892,130806740,-975,4,-1305,2785,-246,2249
IMU1,12893,130817071,-997,-50,-1319,2893,-278,2332
IMU1,12894,130827703,-1016,-109,-1328,2970,-274,2405
IMU1,12895,130838725,-992,-157,-1308,3039,-122,2509
IMU1,12896,130849567,-1002,-144,-1283,3033,23,2541
IMU1,12897,130860305,-1007,-119,-1245,3003,210,2579
IMU1,12898,130871249,-1099,-107,-1193,2961,437,2625
IMU1,12899,130882188,-1235,-124,-1168,2900,665,2698
IMU1,12900,130893121,-1367,-130,-1145,2826,828,2803
IMU1,12901,130904047,-1427,-137,-1086,2744,918,2926
IMU1,12902,130914990,-1496,-182,-834,2673,975,3052
IMU1,12903,130925738,-1467,-187,-704,2677,1033,3295
IMU1,12904,130936682,-1444,-178,-604,2730,1052,3397
IMU1,12905,130947623,-1428,-149,-512,2812,1072,3475
IMU1,12906,130958574,-1431,-89,-411,2901,1097,3528
IMU1,12907,130969322,-1562,-46,-288,3002,1123,3577
IMU1,12908,130980082,-1712,-40,-177,3112,1129,3657
IMU1,12909,130990828,-1833,15,-68,3234,1068,3773
IMU1,12910,131001281,-1907,148,150,3364,953,3902
IMU1,12911,131012371,-2023,230,239,3619,740,4154
IMU1,12912,131022945,-2060,313,311,3730,631,4261
IMU1,12913,131033534,-2101,410,391,3822,519,4348
IMU1,12914,131044125,-2158,501,449,3899,449,4432
IMU1,12915,131054697,-2251,559,510,3951,435,4529
IMU1,12916,131065283,-2358,645,585,3975,473,4647
IMU1,12917,131075868,-2452,764,567,3969,531,4781
IMU1,12918,131086401,-2635,815,560,3907,638,4931
IMU1,12919,131096928,-2896,814,526,3768,858,5128
IMU1,12920,131107454,-3350,859,640,3545,1107,5561
IMU1,12921,131118191,-3486,887,851,3016,1228,5781
IMU1,12922,131128929,-3714,885,870,2826,980,5952
IMU1,12923,131139467,-3822,848,521,2616,515,6131
IMU1,12924,131150006,-3726,965,302,2355,15,6290
IMU1,12925,131160354,-3570,1113,112,2041,-177,6380
IMU1,12926,131171191,-3543,1309,-145,1671,68,6394
IMU1,12927,131181840,-3664,1455,-521,1206,592,6361
IMU1,12928,131192682,-3833,1566,-671,640,1157,6317
IMU1,12929,131203536,-3902,1676,-330,51,1640,6218
IMU1,12930,131214149,-3969,1741,35,-859,2225,6110
IMU1,12931,131224783,-3963,1716,408,-1062,2183,5967
IMU1,12932,131235816,-3968,1894,901,-1040,1782,5799
IMU1,12933,131246853,-4158,1637,1669,-717,1187,5679
IMU1,12934,131257880,-3613,1285,1530,-118,390,5611
IMU1,12935,131268695,-3649,1499,1334,538,-509,5363
IMU1,12936,131279522,-3577,1209,1062,1151,-1272,5085
IMU1,12937,131290754,-3310,1273,626,1928,-2212,4409
IMU1,12938,131301789,-3090,1166,430,2094,-2388,3988
IMU1,12939,131312830,-3044,1029,469,2157,-2453,3515
IMU1,12940,131323867,-2825,990,216,2117,-2470,3065
IMU1,12941,131334703,-2778,1192,331,1981,-2435,2582
IMU1,12942,131345729,-2572,1246,11,1808,-2355,2114
IMU1,12943,131356553,-2483,1313,-196,1486,-2152,1656
IMU1,12944,131367676,-2687,1392,-478,672,-1232,1032
IMU1,12945,131378603,-2744,1442,-463,237,-872,960
IMU1,12946,131389124,-2694,1518,-336,-148,-641,987
IMU1,12947,131399738,-2681,1564,-153,-414,-493,1033
IMU1,12948,131410543,-2725,1528,-96,-569,-475,1088
IMU1,12949,131421155,-2701,1452,-109,-637,-586,1154
IMU1,12950,131431977,-2707,1420,-169,-663,-741,1208
IMU1,12951,131442795,-2655,1384,-313,-678,-867,1238
IMU1,12952,131453619,-2401,1274,-604,-722,-915,1129
IMU1,12953,131464445,-2313,1285,-603,-906,-832,961
IMU1,12954,131475059,-2301,1264,-426,-972,-795,764
IMU1,12955,131485700,-2263,1184,-378,-951,-761,574
IMU1,12956,131496325,-2213,1366,-429,-886,-715,386
IMU1,12957,131506937,-2272,1070,-476,-815,-621,206
IMU1,12958,131517566,-2239,1215,-428,-760,-395,49
IMU1,12959,131527999,-2202,1298,-350,-709,-84,-120
IMU1,12960,131538509,-2274,1263,-307,-644,208,-305
IMU1,12961,131549123,-2365,1293,-113,-578,401,-477
IMU1,12962,131560253,-2848,1431,-35,-394,386,-725
IMU1,12963,131570672,-3159,1396,83,-289,276,-765
IMU1,12964,131581004,-3541,1347,188,-177,214,-734
IMU1,12965,131591523,-3863,1344,333,-67,210,-672
IMU1,12966,131601835,-4129,1345,516,47,170,-632
IMU1,12967,131614614,-4477,1319,678,165,78,-646
IMU1,12968,131624839,-4955,1253,817,266,0,-707
IMU1,12969,131634774,-5481,1354,955,327,-31,-804
IMU1,12970,131645103,-5888,1394,1310,346,-16,-969
IMU1,12971,131655632,-6361,1428,2558,358,20,-1761
IMU1,12972,131666281,-6631,1504,3266,573,-20,-2452
IMU1,12973,131677006,-6901,1884,3773,758,7,-3282
IMU1,12974,131687449,-6933,2525,3812,870,-76,-4277
IMU1,12975,131698188,-6874,3311,3482,789,-643,-5421
IMU1,12976,131709127,-6812,4186,3272,436,-1525,-6590
IMU1,12977,131720259,-6896,5071,3276,-135,-1941,-7600
IMU1,12978,131731494,-7196,5872,3103,-829,-1556,-8408
IMU1,12979,131742739,-8015,7401,2726,-2702,-721,-9911
IMU1,12980,131753972,-8729,8359,2483,-3907,-1048,-10818
IMU1,12981,131765606,-9445,9206,2197,-5220,-1947,-11725
IMU1,12982,131777246,-9719,9899,2004,-6523,-3084,-12451
IMU1,12983,131788893,-9616,10334,1973,-7658,-3888,-12935
IMU1,12984,131800714,-9196,9560,1493,-9089,-3592,-13248
IMU1,12985,131812379,-8815,8826,1356,-9467,-2974,-12969
IMU1,12986,131824019,-8023,8118,1338,-9633,-2441,-12468
IMU1,12987,131835651,-6944,7654,1235,-9593,-2151,-11923
IMU1,12988,131847332,-5840,7246,771,-9384,-2081,-11481
IMU1,12989,131858773,-3352,6273,844,-8685,-1852,-10918
IMU1,12990,131870213,-2778,5525,1272,-8086,-1275,-10680
IMU1,12991,131881856,-2741,5088,1362,-7195,-576,-10324
IMU1,12992,131893294,-2440,4817,1111,-6163,-382,-9741
IMU1,12993,131904521,-2025,4548,960,-5159,-813,-8984
IMU1,12994,131915532,-1564,4145,69,-3464,-1700,-7001
IMU1,12995,131926566,-1224,4269,-124,-2834,-1791,-5865
IMU1,12996,131937883,-1203,3984,253,-2065,-1946,-4840
IMU1,12997,131949102,-1509,3600,-797,-1550,-2490,-3933
IMU1,12998,131960440,-1652,3222,-1078,-1168,-3280,-2870
IMU1,12999,131971949,-1429,3278,-1731,-870,-3513,-1741
IMU1,13000,131983281,-1378,2725,-2264,-1163,-2589,-35
IMU1,13001,131994397,-612,2562,-2677,-1527,-1972,469
IMU1,13002,132005419,-583,2402,-2902,-1981,-1500,564
IMU1,13003,132016440,-440,2014,-2965,-2510,-1051,485
IMU1,13004,132027451,-321,1820,-2603,-2965,-695,289
IMU1,13005,132038263,-51,1509,-2183,-3168,-411,84
IMU1,13006,132048696,163,1257,-1814,-3063,-97,-88
IMU1,13007,132059109,-14,1017,-1327,-2683,299,-230
IMU1,13008,132070241,-471,955,-1457,-1397,854,-292
IMU1,13009,132080875,-616,885,-1461,-717,709,-206
IMU1,13010,132091292,-514,850,-1611,-107,319,-83
# swing_peak_seq=12984
IMU1,13011,132101510,-495,830,-1715,416,-134,-14
IMU1,13012,132111717,-476,734,-1815,842,-528,45
IMU1,13013,132121842,-404,637,-1917,1194,-845,101
IMU1,13014,132132363,-334,584,-2144,1471,-1114,155
IMU1,13015,132143096,-316,560,-2397,1650,-1277,206
IMU1,13016,132153835,-354,462,-2386,1734,-1281,268
IMU1,13017,132164560,-481,273,-2686,1775,-1113,352
IMU1,13018,132175795,-465,131,-2800,1691,-605,482
IMU1,13019,132186318,-376,139,-2668,1589,-336,546
IMU1,13020,132196846,-529,-43,-2504,1493,-106,602
IMU1,13021,132207269,-340,26,-2350,1439,107,666
IMU1,13022,132217504,-600,-160,-2296,1434,249,699
IMU1,13023,132228042,-611,-332,-2243,1457,325,746
IMU1,13024,132238557,-728,-450,-2227,1500,448,800
IMU1,13025,132249091,-763,-456,-2274,1554,617,868
IMU1,13026,132259637,-675,-459,-2138,1620,756,926
IMU1,13027,132270173,-519,-133,-2129,1729,875,918
IMU1,13028,132280708,-701,-886,-1665,1875,1083,783
IMU1,13029,132291439,-328,-734,-1542,2337,1139,704
IMU1,13030,132302179,-271,-675,-1504,2584,1089,559
IMU1,13031,132312906,-262,-825,-1415,2786,943,398
IMU1,13032,132323446,-248,-863,-1310,2947,742,267
IMU1,13033,132333971,-321,-812,-1270,3069,526,173
IMU1,13034,132344509,-380,-779,-1259,3139,312,126
IMU1,13035,132355055,-303,-786,-1143,3159,167,132
IMU1,13036,132365595,-293,-824,-1085,3153,127,172
IMU1,13037,132376129,-276,-915,-1165,3120,167,252
IMU1,13038,132387189,-124,-975,-1284,2926,276,519
IMU1,13039,132397716,198,-994,-1272,2769,294,653
IMU1,13040,132408161,380,-645,-1289,2613,299,752
IMU1,13041,132418575,-307,-502,-410,2491,270,845
IMU1,13042,132428891,-391,-789,-697,2507,260,1047
IMU1,13043,132439408,-886,-1397,-748,2490,288,1320
IMU1,13044,132450133,-1341,-1955,-1001,2436,326,1713
IMU1,13045,132461257,-1326,-2184,-1249,2325,387,2234
IMU1,13046,132472397,-1239,-1829,-1489,2150,460,2790
IMU1,13047,132483539,-1189,-1690,-1443,1721,454,3784
IMU1,13048,132494659,-1102,-1758,-1339,1514,305,4134
IMU1,13049,132505801,-1101,-1689,-1145,1345,74,4363
IMU1,13050,132516715,-1180,-1584,-855,1247,-173,4470
IMU1,13051,132527753,-1052,-1429,-541,1250,-357,4468
IMU1,13052,132538794,-860,-1134,-170,1370,-413,4307
IMU1,13053,132549627,-826,-1032,45,1608,-320,3963
IMU1,13054,132560662,-890,-1060,2,2191,97,2953
IMU1,13055,132570695,-1037,-1167,-129,2449,161,2450
IMU1,13056,132581620,-1145,-1071,-214,2652,100,2045
IMU1,13057,132592548,-1222,-1002,-220,2824,54,1764
IMU1,13058,132603277,-1209,-933,-204,2977,109,1608
IMU1,13059,132616560,-1180,-879,-53,3114,272,1545
IMU1,13060,132627624,-1240,-791,115,3358,794,1629
IMU1,13061,132638271,-1248,-736,299,3488,1095,1743
IMU1,13062,132649121,-1221,-703,491,3627,1351,1865
IMU1,13063,132659954,-1246,-681,666,3789,1507,1984
IMU1,13064,132670796,-1301,-678,783,3969,1523,2099
IMU1,13065,132681642,-1389,-659,843,4153,1391,2215
IMU1,13066,132692481,-1456,-624,843,4320,1166,2335
IMU1,13067,132703321,-1532,-633,926,4448,937,2461
IMU1,13068,132714516,-1701,-603,982,4516,810,2716
IMU1,13069,132725155,-1859,-604,1196,4442,994,2834
IMU1,13070,132736003,-1884,-564,1312,4323,1280,2931
IMU1,13071,132747015,-1916,-505,1444,4182,1510,2971
IMU1,13072,132758066,-1973,-567,1563,4043,1515,2922
IMU1,13073,132769114,-1842,-400,1490,3895,1316,2768
IMU1,13074,132780153,-2074,-407,1197,3717,1060,2517
IMU1,13075,132791216,-2150,-288,1043,3151,881,2149
IMU1,13076,132802071,-2303,-290,1005,2742,1169,2043
IMU1,13077,132813103,-2456,-303,1074,2327,1530,1988
IMU1,13078,132824140,-2493,-252,1169,1956,1787,1946
IMU1,13079,132835171,-2567,-198,1276,1667,1885,1867
IMU1,13080,132846208,-2671,-220,1442,1482,1823,1756
IMU1,13081,132857237,-2742,-272,1587,1420,1616,1641
IMU1,13082,132868274,-2820,-245,1560,1604,904,1427
IMU1,13083,132879101,-2829,-244,1524,1793,468,1353
IMU1,13084,132889937,-2810,-219,1614,2033,48,1318
IMU1,13085,132900552,-2757,-179,1535,2344,-297,1332
IMU1,13086,132911487,-2625,-135,1155,2603,-531,1359
IMU1,13087,132922424,-2529,-134,643,2724,-618,1377
IMU1,13088,132933150,-2419,52,456,2703,-536,1422
IMU1,13089,132943591,-2305,176,187,2574,-311,1469
IMU1,13090,132954751,-2065,416,282,2113,272,1474
IMU1,13091,132965305,-2137,417,507,1898,494,1403
IMU1,13092,132975850,-2284,426,581,1755,535,1338
IMU1,13093,132986406,-2494,438,573,1694,406,1326
IMU1,13094,132996945,-2461,471,375,1652,223,1384
IMU1,13095,133007493,-2346,586,174,1570,121,1458
IMU1,13096,133018044,-2247,626,49,1462,216,1495
IMU1,13097,133028382,-2224,636,11,1308,486,1489
IMU1,13098,133038732,-2316,670,121,1158,825,1458
IMU1,13099,133049277,-2327,606,212,1036,1094,1432
IMU1,13100,133060552,-2469,659,493,942,1222,1365
IMU1,13101,133071100,-2637,594,633,1049,1060,1346
IMU1,13102,133081861,-2663,603,495,1212,705,1382
# exclude_peak_seq=12984
IMU1,13103,133092406,-2595,557,155,1343,266,1447
IMU1,13104,133102954,-2361,552,-211,1374,-26,1503
IMU1,13105,133113512,-2153,579,-320,1302,-39,1499
IMU1,13106,133124075,-2038,603,-218,1190,181,1428
IMU1,13107,133134694,-2024,692,52,1131,479,1306
IMU1,13108,133145024,-2176,719,160,1179,685,1163
IMU1,13109,133155561,-2495,682,-257,1232,689,1069
IMU1,13110,133166191,-2417,762,-75,1250,514,1078
IMU1,13111,133176632,-2327,765,77,1286,520,1079
IMU1,13112,133186973,-2286,819,120,1365,516,1033
IMU1,13113,133197504,-2247,857,122,1462,476,957
IMU1,13114,133207848,-2235,853,83,1547,422,872
IMU1,13115,133217989,-2304,883,6,1609,371,798
IMU1,13116,133227929,-2435,921,118,1638,341,770
IMU1,13117,133238267,-2421,928,147,1676,299,801
IMU1,13118,133248605,-2352,917,77,1693,190,851
IMU1,13119,133258741,-2194,989,78,1675,16,879
IMU1,13120,133268686,-1991,1089,17,1643,-210,854
IMU1,13121,133279104,-1872,1114,-21,1582,-400,764
IMU1,13122,133289644,-1852,1080,-161,1464,-465,652
IMU1,13123,133300866,-1911,1098,-230,1078,-351,519
IMU1,13124,133311597,-1835,1124,-195,866,-262,503
IMU1,13125,133322137,-1715,1176,-188,664,-201,476
IMU1,13126,133332667,-1610,1180,-151,497,-133,412
IMU1,13127,133343182,-1573,1157,-125,355,-32,328
IMU1,13128,133353520,-1591,1140,-193,227,85,246
IMU1,13129,133363756,-1634,1129,-261,85,191,184
IMU1,13130,133373981,-1624,1129,-262,-46,296,147
IMU1,13131,133384305,-1565,1131,-254,-154,401,120
IMU1,13132,133394826,-1547,1152,-233,-241,478,86
IMU1,13133,133405158,-1531,1184,-229,-282,522,41
IMU1,13134,133416530,-1557,1181,-249,-310,550,-29
IMU1,13135,133426966,-1570,1169,-292,-309,568,-42
IMU1,13136,133437407,-1585,1155,-345,-312,565,-41
IMU1,13137,133447851,-1616,1180,-357,-324,560,-20
IMU1,13138,133458258,-1628,1180,-314,-322,565,27
IMU1,13139,133468577,-1619,1198,-315,-302,581,75
IMU1,13140,133478914,-1608,1212,-338,-276,586,116
IMU1,13141,133489435,-1594,1200,-363,-246,574,149
IMU1,13142,133499967,-1609,1191,-419,-225,554,172
IMU1,13143,133510501,-1630,1186,-446,-218,529,192
IMU1,13144,133521026,-1662,1170,-490,-218,509,207
IMU1,13145,133531553,-1653,1169,-497,-210,472,217
IMU1,13146,133542071,-1635,1169,-509,-215,440,213
IMU1,13147,133552598,-1633,1179,-546,-215,418,197
IMU1,13148,133563128,-1647,1174,-587,-227,410,173
IMU1,13149,133573655,-1681,1161,-628,-247,399,156
IMU1,13150,133584185,-1722,1143,-662,-266,374,143
IMU1,13151,133594708,-1738,1123,-657,-280,328,140
IMU1,13152,133605240,-1729,1109,-667,-279,266,138
IMU1,13153,133618324,-1705,1102,-689,-222,158,106
IMU1,13154,133628853,-1709,1091,-724,-184,153,86
IMU1,13155,133639180,-1734,1069,-758,-132,175,60
IMU1,13156,133649510,-1752,1058,-812,-97,208,45
IMU1,13157,133659640,-1798,1033,-847,-78,239,27
IMU1,13158,133669769,-1857,986,-891,-76,244,19
IMU1,13159,133679697,-1890,959,-921,-69,230,18
IMU1,13160,133689646,-1955,938,-946,-56,210,22
IMU1,13161,133699574,-2082,893,-999,-38,244,28
IMU1,13162,133709487,-2243,835,-1061,-12,359,43
IMU1,13163,133719601,-2399,790,-1085,20,510,65
IMU1,13164,133729649,-2566,822,-1153,54,618,79
IMU1,13165,133739677,-2704,846,-1221,93,613,72
IMU1,13166,133749715,-2852,811,-1275,142,456,52
IMU1,13167,133759960,-3007,814,-1383,200,176,43
IMU1,13168,133770204,-2987,698,-1417,248,-144,63
IMU1,13169,133780530,-2658,660,-1427,288,-438,83
IMU1,13170,133791363,-2403,700,-1405,462,-864,-21
IMU1,13171,133801782,-2172,733,-1343,571,-914,-162
IMU1,13172,133812403,-1961,780,-1272,696,-832,-355
IMU1,13173,133823035,-1766,852,-1231,821,-642,-581
IMU1,13174,133833668,-1567,946,-1166,912,-396,-824
IMU1,13175,133844307,-1360,1111,-899,1017,-126,-1072
IMU1,13176,133855331,-1261,1179,-735,1143,114,-1311
IMU1,13177,133866280,-1223,1209,-708,1255,265,-1507
IMU1,13178,133877212,-1026,1420,-736,1298,492,-1717
IMU1,13179,133888143,-892,1523,-661,1208,697,-1756
IMU1,13180,133898861,-769,1583,-544,1096,936,-1780
IMU1,13181,133909603,-704,1609,-430,965,1126,-1784
IMU1,13182,133920326,-702,1660,-280,850,1239,-1748
IMU1,13183,133931050,-717,1593,-171,753,1303,-1648
IMU1,13184,133941792,-735,1536,-106,668,1342,-1487
IMU1,13185,133952513,-824,1515,-13,605,1329,-1282
IMU1,13186,133963032,-909,1474,95,547,1215,-1027
IMU1,13187,133973999,-1099,1450,152,430,865,-441
IMU1,13188,133984444,-1213,1416,234,366,741,-122
IMU1,13189,133994878,-1338,1362,350,320,654,178
IMU1,13190,134005218,-1521,1313,442,290,515,449
IMU1,13191,134015562,-1728,1269,512,268,303,696
IMU1,13192,134025927,-1887,1217,575,248,82,915
IMU1,13193,134036069,-2071,1198,625,223,-118,1083
IMU1,13194,134046717,-2282,1201,677,187,-286,1204
IMU1,13195,134057358,-2469,1190,752,128,-380,1281
IMU1,13196,134068004,-2658,1214,820,43,-370,1303
IMU1,13197,134078429,-2821,1395,998,-66,-289,1258
IMU1,13198,134089495,-3264,1568,1083,-409,-40,929
IMU1,13199,134100032,-3571,1721,1201,-648,96,669
IMU1,13200,134110471,-3902,1859,1284,-931,317,368
IMU1,13201,134121118,-4319,1859,1369,-1284,607,52
IMU1,13202,134131762,-4883,1820,1414,-1705,847,-261
IMU1,13203,134142697,-5561,1966,1474,-2181,966,-528
IMU1,13204,134153656,-6072,2047,1649,-2686,984,-769
IMU1,13205,134164587,-6439,2161,1620,-3161,792,-1057
IMU1,13206,134175718,-6286,3269,1277,-4099,-350,-1864
IMU1,13207,134186964,-5997,3812,1138,-4554,-800,-2584
IMU1,13208,134198205,-5909,4289,936,-4989,-1092,-3518
IMU1,13209,134209461,-5963,4828,782,-5441,-1228,-4586
IMU1,13210,134220700,-6061,5479,745,-5896,-1265,-5758
IMU1,13211,134231977,-6052,6180,721,-6331,-1295,-7097
IMU1,13212,134243251,-6045,7463,682,-7060,-1593,-10294
IMU1,13213,134254704,-6200,7900,506,-7324,-1782,-11896
IMU1,13214,134266174,-6358,7982,433,-7507,-1834,-13201
IMU1,13215,134277654,-6450,7679,428,-7604,-1615,-14053
IMU1,13216,134289107,-6574,7017,291,-7608,-1231,-14397
IMU1,13217,134300575,-5979,5448,19,-7731,-814,-13734
IMU1,13218,134311631,-5316,4846,126,-7778,-862,-13050
IMU1,13219,134322883,-4592,4474,174,-7751,-903,-12335
IMU1,13220,134334151,-4025,4119,433,-7677,-920,-11672
IMU1,13221,134345425,-3519,3870,531,-7497,-923,-11040
IMU1,13222,134356702,-2953,3559,615,-7221,-952,-10406
IMU1,13223,134367947,-2666,3125,718,-6435,-793,-8998
IMU1,13224,134379004,-2589,2891,689,-5946,-524,-8151
IMU1,13225,134390044,-2525,2683,651,-5409,-295,-7253
IMU1,13226,134401086,-2446,2557,637,-4868,-221,-6346
IMU1,13227,134412115,-2226,2637,578,-4334,-336,-5497
IMU1,13228,134423143,-1732,2786,321,-3831,-669,-4795
IMU1,13229,134434180,-1337,2861,-333,-3390,-1143,-4293
IMU1,13230,134445494,-938,2821,-670,-2756,-1931,-3603
IMU1,13231,134456614,-852,2685,-939,-2553,-1961,-3308
IMU1,13232,134467735,-876,2583,-1185,-2400,-1710,-2978
IMU1,13233,134479054,-854,2549,-1415,-2285,-1329,-2626
IMU1,13234,134490374,-659,2480,-1309,-2172,-1001,-2327
IMU1,13235,134501690,-875,2222,-1846,-2017,-824,-2138
IMU1,13236,134512820,-739,2131,-1970,-1815,-869,-1684
IMU1,13237,134523928,-594,2079,-1950,-1708,-809,-1479
IMU1,13238,134535051,-526,1935,-1989,-1544,-624,-1297
IMU1,13239,134546167,-402,1887,-2125,-1346,-475,-1092
IMU1,13240,134557285,-284,1843,-2089,-1137,-391,-899
IMU1,13241,134568194,-327,1810,-2023,-877,-342,-709
IMU1,13242,134578903,-301,1710,-2370,-562,-377,-302
# swing_peak_seq=13216
IMU1,13243,134589635,-308,1638,-2465,20,-731,-119
IMU1,13244,134600058,-212,1588,-2565,284,-864,60
IMU1,13245,134610373,-111,1506,-2665,527,-908,216
IMU1,13246,134623461,-55,1393,-2793,744,-900,344
IMU1,13247,134633804,-39,1252,-2894,917,-866,473
IMU1,13248,134644144,-98,1106,-2975,1047,-787,607
IMU1,13249,134654684,-197,940,-3016,1140,-649,751
IMU1,13250,134665237,-298,597,-2930,1219,-489,894
IMU1,13251,134676294,-345,466,-2811,1395,-174,1093
IMU1,13252,134687028,-388,358,-2689,1516,-51,1150
IMU1,13253,134697565,-451,271,-2604,1679,6,1160
IMU1,13254,134707799,-707,55,-2406,1848,17,1165
IMU1,13255,134718034,-812,-79,-2368,2043,17,1185
IMU1,13256,134728375,-834,-164,-2377,2240,-45,1190
IMU1,13257,134738997,-895,-256,-2305,2422,-161,1156
IMU1,13258,134749827,-1065,-346,-2210,2603,-217,1090
IMU1,13259,134760855,-1034,-461,-2111,2785,-164,1000
IMU1,13260,134771870,-919,-585,-1775,3153,153,626
IMU1,13261,134782418,-849,-673,-1631,3345,270,389
IMU1,13262,134792949,-889,-731,-1517,3536,303,136
IMU1,13263,134803492,-802,-765,-1397,3716,277,-103
IMU1,13264,134814118,-736,-681,-1241,3898,216,-331
IMU1,13265,134824747,-803,-736,-1087,4084,137,-504
IMU1,13266,134835371,-703,-945,-889,4266,94,-593
IMU1,13267,134845607,-755,-1033,-790,4438,53,-612
IMU1,13268,134856049,-762,-986,-767,4548,-28,-552
IMU1,13269,134866376,-804,-971,-725,4580,-187,-429
IMU1,13270,134876896,-456,-1061,-712,4537,-418,-276
IMU1,13271,134887626,-262,-939,-788,4312,-962,-29
IMU1,13272,134897961,17,-933,-834,4156,-1168,9
IMU1,13273,134907907,43,-824,-350,4000,-1336,-29
IMU1,13274,134918139,255,-535,238,3930,-1403,-106
IMU1,13275,134928681,245,-545,154,3964,-1353,-221
IMU1,13276,134939212,213,-545,134,3977,-1287,-337
IMU1,13277,134949744,162,-570,150,3982,-1226,-444
IMU1,13278,134960294,145,-664,101,3984,-1179,-530
IMU1,13279,134970842,-334,-1291,-451,3964,-1141,-594
IMU1,13280,134981776,-919,-3296,-861,3821,-1064,-570
IMU1,13281,134992713,-854,-3837,375,3656,-213,150
IMU1,13282,135003264,-1041,-1687,-868,3537,689,668
IMU1,13283,135013997,-821,-935,-919,3194,1588,1175
IMU1,13284,135024767,-700,-988,-892,2837,2259,1620
IMU1,13285,135035496,-1257,-1459,323,2553,2713,2036
IMU1,13286,135046554,-1285,-1927,640,2480,3043,2477
IMU1,13287,135057576,-1027,-1938,494,2460,3296,2835
IMU1,13288,135068617,-582,-1489,352,2399,3308,3006
IMU1,13289,135079467,55,-359,699,2228,2638,2635
IMU1,13290,135089817,105,-132,792,2262,2470,2162
IMU1,13291,135100367,148,-85,450,2347,2610,1597
IMU1,13292,135110723,171,-277,146,2366,2926,1039
IMU1,13293,135121269,-399,-456,-197,2294,3278,624
IMU1,13294,135131817,-804,-389,-299,2139,3671,478
IMU1,13295,135142371,-1091,-243,-194,1978,4109,557
IMU1,13296,135153129,-1326,-178,40,1867,4505,796
IMU1,13297,135163578,-1616,-167,484,1847,4815,1151
IMU1,13298,135174420,-1759,-141,1025,1968,5000,1602
IMU1,13299,135185956,-1743,-6,1443,2604,4871,2664
IMU1,13300,135196584,-1613,104,1256,2944,4524,3185
IMU1,13301,135207536,-1571,168,1015,3196,4067,3604
IMU1,13302,135218485,-1678,184,808,3303,3788,3950
IMU1,13303,135229229,-1921,175,852,3261,3843,4273
IMU1,13304,135239966,-2393,187,1154,3134,4136,4598
IMU1,13305,135250935,-2885,137,1377,3011,4344,4955
IMU1,13306,135261887,-2967,192,1733,2943,3753,5579
IMU1,13307,135272848,-2793,425,1635,2981,3144,5682
IMU1,13308,135283798,-2753,554,1270,2992,2599,5626
IMU1,13309,135294757,-2798,624,809,2875,2417,5494
IMU1,13310,135305518,-2933,731,511,2578,2720,5361
IMU1,13311,135316277,-2876,904,321,2144,3341,5229
IMU1,13312,135327038,-2828,1141,642,1673,3967,5037
IMU1,13313,135338005,-2841,1183,595,1397,4308,4713
IMU1,13314,135349490,-4079,1177,-789,1045,3860,4012
IMU1,13315,135360541,-3980,1170,-551,555,3251,3926
IMU1,13316,135371392,-3986,1327,120,84,2631,3836
IMU1,13317,135381955,-3829,1422,137,-155,2141,3766
IMU1,13318,135392810,-3487,1412,-185,-333,1779,3580
IMU1,13319,135403744,-3649,1350,-68,-537,1585,3349
IMU1,13320,135414492,-3069,1240,354,-656,1551,3220
IMU1,13321,135425331,-3063,1138,767,-574,1534,2743
IMU1,13322,135436173,-3144,1000,730,-18,1358,2612
IMU1,13323,135446815,-3260,920,672,308,1058,2552
IMU1,13324,135457369,-3052,931,437,613,617,2541
IMU1,13325,135467730,-2808,968,120,830,100,2445
IMU1,13326,135478071,-2658,979,-316,913,-349,2295
IMU1,13327,135488619,-2542,984,-635,842,-636,2124
IMU1,13328,135499170,-2380,1006,-835,654,-728,1977
IMU1,13329,135509917,-2264,1081,-970,409,-672,1850
IMU1,13330,135520659,-2176,1086,-1049,152,-536,1751
IMU1,13331,135532117,-2218,1068,-484,-188,-352,1605
IMU1,13332,135542947,-2346,973,-89,-56,-447,1604
IMU1,13333,135553181,-2329,984,-699,270,-744,1662
IMU1,13334,135563726,-2361,1017,-1160,380,-1093,1697
IMU1,13335,135574874,-1797,1061,-920,421,-1138,1731
IMU1,13336,135585831,-1780,1156,-1428,339,-933,1634
IMU1,13337,135596772,-1726,1139,-908,192,-648,1480
IMU1,13338,135607522,-1710,1158,-787,150,-371,1329
IMU1,13339,135618791,-1813,1162,-798,204,-112,985
IMU1,13340,135631886,-1878,1142,-833,207,-76,830
IMU1,13341,135642236,-1921,1158,-688,200,-56,709
IMU1,13342,135652579,-1903,1141,-554,217,-29,609
IMU1,13343,135662936,-1896,1158,-450,257,-21,505
IMU1,13344,135673281,-1899,1205,-410,309,-29,393
IMU1,13345,135683629,-1903,1233,-401,336,-35,261
IMU1,13346,135693949,-1848,1240,-681,317,-29,109
IMU1,13347,135705315,-1818,1356,-743,124,-153,-192
IMU1,13348,135715946,-1854,1360,-718,-13,-195,-283
IMU1,13349,135726466,-1778,1321,-693,-105,-205,-332
IMU1,13350,135737175,-1928,1399,-524,-146,-172,-359
IMU1,13351,135747901,-1937,1283,-514,-116,-191,-350
IMU1,13352,135758618,-1838,1242,-770,-86,-264,-335
IMU1,13353,135769151,-1892,1300,-635,-77,-238,-329
IMU1,13354,135779691,-1889,1237,-554,-76,-186,-337
IMU1,13355,135790230,-1986,1240,-521,-64,-196,-358
IMU1,13356,135801284,-2074,1250,-452,-62,-343,-368
IMU1,13357,135811817,-2196,1242,-412,-20,-423,-384
IMU1,13358,135822353,-2386,1184,-394,27,-470,-406
IMU1,13359,135832806,-2518,1109,-361,70,-522,-414
IMU1,13360,135843251,-2664,1106,-325,114,-566,-443
IMU1,13361,135853872,-2836,1087,-201,158,-605,-497
IMU1,13362,135864509,-3146,1044,-98,217,-671,-571
IMU1,13363,135874942,-3537,1072,-10,289,-842,-649
IMU1,13364,135885369,-3915,1106,182,372,-1199,-719
IMU1,13365,135896115,-4498,1087,641,492,-1659,-764
IMU1,13366,135906850,-4583,1175,857,849,-2048,-751
IMU1,13367,135917600,-4704,1229,1155,1023,-1800,-774
IMU1,13368,135928756,-5013,1317,1295,1148,-1350,-871
IMU1,13369,135939909,-5250,1414,1620,1157,-901,-1041
IMU1,13370,135951051,-5385,1568,2176,1086,-602,-1353
IMU1,13371,135962212,-5531,1865,2708,972,-601,-1854
IMU1,13372,135973172,-5556,2807,2892,808,-939,-2526
IMU1,13373,135984135,-5435,3420,2208,26,-2349,-4135
IMU1,13374,135995109,-5267,3981,1575,-767,-2963,-4868
IMU1,13375,136006367,-4979,4589,1203,-1762,-3014,-5397
IMU1,13376,136017812,-4940,5002,1127,-2821,-2474,-5763
IMU1,13377,136029256,-5275,5216,1198,-3833,-1540,-6049
IMU1,13378,136040708,-5658,5976,1161,-4785,-788,-6830
IMU1,13379,136051965,-5746,6346,1095,-6666,-828,-7548
IMU1,13380,136063225,-5699,6670,1072,-7529,-1451,-8401
IMU1,13381,136074679,-5548,6913,1218,-8216,-2001,-9277
IMU1,13382,136086134,-5530,6949,1381,-8641,-2225,-10056
IMU1,13383,136097792,-5546,7043,1149,-8799,-2090,-10629
IMU1,13384,136109439,-5769,6096,1202,-8660,-1433,-10824
IMU1,13385,136121095,-5436,5721,1238,-8448,-1162,-10447
IMU1,13386,136132746,-4769,5483,1210,-8179,-1134,-9946
IMU1,13387,136144207,-4018,5266,1038,-7890,-1431,-9408
IMU1,13388,136155660,-3011,4632,1187,-7623,-1871,-8923
IMU1,13389,136167136,-1236,4283,1256,-6873,-2371,-8255
IMU1,13390,136178592,-1137,4056,915,-6351,-2586,-8014
IMU1,13391,136189847,-1130,3869,242,-5886,-2876,-7684
IMU1,13392,136201097,-964,3629,-342,-5558,-3034,-7175
IMU1,13393,136212246,-773,3273,-657,-5293,-2750,-6475
IMU1,13394,136223379,-739,2770,-671,-4974,-1985,-4701
IMU1,13395,136234526,-557,2672,-822,-4119,-443,-3827
IMU1,13396,136245466,-349,2668,-639,-3696,-499,-3089
IMU1,13397,136256399,-403,2443,-696,-3237,-964,-2523
IMU1,13398,136267320,-484,2223,-890,-2823,-1549,-2094
IMU1,13399,136278457,-800,2042,-1038,-2452,-2014,-1713
IMU1,13400,136289785,-1111,1715,-1699,-2172,-2323,-1295
IMU1,13401,136301316,-1102,1386,-2625,-2171,-2169,-380
IMU1,13402,136312655,-899,1290,-2741,-2337,-1569,-2
IMU1,13403,136323397,-470,1201,-2698,-2528,-873,145
IMU1,13404,136334217,-416,1060,-2511,-2675,-272,106
IMU1,13405,136345041,-375,951,-2333,-2723,72,-30
IMU1,13406,136355277,-291,872,-2179,-2656,171,-215
IMU1,13407,136365901,-438,823,-2062,-2476,199,-406
IMU1,13408,136376530,-538,741,-1988,-2193,260,-536
IMU1,13409,136387683,-603,689,-1906,-1375,397,-559
# swing_peak_seq=13383
IMU1,13410,136398317,-499,659,-1959,-915,406,-495
IMU1,13411,136408738,-501,706,-2008,-464,360,-439
IMU1,13412,136419157,-539,705,-2211,-89,239,-377
IMU1,13413,136429395,-639,677,-2386,170,81,-311
IMU1,0,472,317,-1263,1277,1082,-268,168
IMU1,1,8958,701,-1454,1784,1126,-313,214
IMU1,2,17752,654,-1179,1484,1191,-244,244
IMU1,3,26741,34,-749,1650,1189,-196,307
IMU1,4,35331,-82,-625,1769,1189,-73,466
IMU1,5,43823,-3,-739,1801,1193,-31,653
IMU1,6,52116,-60,-784,1915,1187,-130,822
IMU1,7,60810,107,-709,1997,1181,-214,969
IMU1,8,70122,225,-745,2033,1182,-257,1052
IMU1,9,80163,340,-715,2031,1178,-317,1069
IMU1,10,89680,634,-547,1947,1150,-370,1026
IMU1,11,99389,764,-458,1842,1058,-364,905
IMU1,12,108904,721,-569,1878,910,-267,734
IMU1,13,118414,662,-630,1929,736,-89,558
IMU1,14,128247,584,-601,1952,547,145,386
IMU1,15,137653,628,-547,1952,347,400,233
IMU1,16,147069,498,-592,2019,139,609,84
IMU1,17,156812,351,-665,2093,-53,687,-51
IMU1,18,166531,279,-737,2137,-222,590,-153
IMU1,19,176135,265,-763,2103,-366,454,-239
IMU1,20,185739,143,-916,2087,-487,369,-315
IMU1,21,195341,196,-974,2024,-597,314,-349
IMU1,22,204952,262,-944,2052,-685,255,-387
IMU1,23,214548,179,-905,2132,-739,218,-428
IMU1,24,224158,229,-1074,2089,-749,350,-448
IMU1,25,233963,587,-1247,2021,-759,518,-470
IMU1,26,243265,218,-1137,1911,-763,477,-545
IMU1,27,253083,146,-1148,1916,-778,474,-570
IMU1,28,262392,126,-1267,1934,-788,526,-587
IMU1,29,272214,-75,-1265,1872,-772,471,-601
IMU1,30,281931,-198,-1296,1833,-758,359,-565
IMU1,31,291314,-141,-1289,1749,-753,258,-473
IMU1,32,301221,-60,-1240,1669,-760,172,-358
IMU1,33,310932,76,-1205,1610,-779,112,-237
IMU1,34,320551,194,-1228,1580,-796,89,-148
IMU1,35,330167,248,-1190,1558,-787,74,-124
IMU1,36,339784,257,-1167,1612,-766,-6,-139
IMU1,37,349287,203,-1145,1644,-720,-141,-173
IMU1,38,358658,253,-1013,1623,-656,-345,-214
IMU1,39,368548,252,-1151,1533,-611,-592,-249
IMU1,40,377951,138,-1314,1591,-580,-789,-261
IMU1,41,387872,342,-852,1563,-514,-952,-239
IMU1,42,397070,223,-1003,1589,-418,-1144,-231
IMU1,43,406662,214,-1131,1333,-324,-1402,-179
IMU1,44,416764,199,-1145,1168,-295,-1685,-114
IMU1,45,426336,223,-1091,1081,-304,-1918,-41
IMU1,46,435725,201,-822,753,-297,-2081,17
IMU1,47,445128,-88,-859,567,-320,-2190,60
IMU1,48,454958,-142,-868,308,-353,-2155,140
IMU1,49,464674,-141,-795,7,-426,-1939,266
IMU1,50,473980,-42,-767,-16,-526,-1595,418
IMU1,51,483911,154,-1193,-40,-619,-1230,558
IMU1,52,493639,376,-1699,87,-708,-898,709
IMU1,53,503052,111,-951,-79,-789,-563,866
IMU1,54,512895,451,-1389,115,-875,-301,994
IMU1,55,522501,1405,-2818,2039,-907,-76,1082
IMU1,56,531993,2280,-2538,4187,-579,87,1027
IMU1,57,541410,2231,-913,4369,227,5,690
IMU1,58,551179,1201,-97,2307,1116,-29,228
IMU1,59,560713,635,-263,1270,1598,140,-105
IMU1,60,570447,762,-1158,2890,1795,510,-293
IMU1,61,579859,980,-901,1749,2066,1645,-333
IMU1,62,589774,313,-531,1428,2116,2781,-352
IMU1,63,599189,428,-396,1913,2140,3358,-282
IMU1,64,608614,87,-206,1886,2274,3776,-195
IMU1,65,618347,-31,-362,2125,2416,4156,-41
IMU1,66,627970,-20,-798,3008,2592,4426,143
IMU1,67,637711,-474,-1131,1652,2748,3905,298
IMU1,68,647332,-888,-731,1880,2630,2743,424
IMU1,69,656737,-799,-393,1899,2381,2002,575
IMU1,70,666665,-492,-479,1520,2027,1851,693
IMU1,71,676061,-422,-645,1506,1559,1736,758
IMU1,72,685982,-514,-767,1718,1075,1699,746
IMU1,73,695397,-696,-967,2100,654,1857,723
IMU1,74,705126,-799,-1129,2493,336,2064,672
IMU1,75,714537,-795,-1184,2790,126,2162,553
IMU1,76,724486,-753,-1238,2958,-13,2159,338
IMU1,77,733790,-794,-1321,3045,-107,2102,36
IMU1,78,743619,-852,-1360,2947,-184,2005,-286
IMU1,79,753209,-1117,-1472,2917,-296,1850,-611
IMU1,80,763023,-1340,-1490,3068,-399,1663,-865
IMU1,81,772826,-1388,-1479,3144,-437,1399,-1035
IMU1,82,782827,-1433,-1473,3001,-407,1108,-1127
IMU1,83,792827,-1450,-1402,2698,-364,855,-1158
IMU1,84,802627,-1397,-1320,2402,-372,621,-1130
IMU1,85,812418,-1293,-1219,2253,-417,451,-1083
IMU1,86,822210,-1125,-1087,2202,-464,371,-1034
IMU1,87,831996,-924,-990,2134,-481,328,-1009
IMU1,88,841397,-715,-902,2066,-471,297,-1032
IMU1,89,850796,-559,-801,2054,-434,253,-1104
IMU1,90,860191,-467,-731,2095,-369,197,-1227
IMU1,91,869576,-428,-680,2158,-288,140,-1382
IMU1,92,878975,-392,-650,2206,-179,105,-1539
IMU1,93,888374,-395,-622,2199,-67,103,-1662
IMU1,94,897570,-334,-568,2061,26,123,-1743
IMU1,95,907185,-417,-605,1907,72,144,-1796
IMU1,96,916818,-684,-662,1769,67,161,-1788
IMU1,97,926422,-912,-685,1705,12,144,-1672
IMU1,98,936038,-957,-690,1615,-51,89,-1472
IMU1,99,945552,-845,-632,1549,-138,8,-1236
IMU1,100,955087,-573,-569,1400,-240,-69,-1039
IMU1,101,964581,-79,-441,1151,-382,-127,-939
IMU1,102,974391,-18,-660,991,-575,-86,-993
IMU1,103,983807,-197,-829,963,-800,41,-1115
IMU1,104,993512,-290,-890,1084,-981,207,-1229
IMU1,105,1005854,-208,-885,1203,-1072,406,-1325
IMU1,106,1015833,-131,-931,1233,-1092,623,-1430
IMU1,107,1025849,-54,-934,1211,-1073,833,-1565
IMU1,108,1035631,27,-923,1197,-1039,986,-1719
IMU1,109,1045329,-6,-995,1216,-998,1125,-1871
IMU1,110,1054918,-157,-1012,1215,-950,1285,-1983
IMU1,111,1065108,-301,-1027,1214,-903,1413,-2036
IMU1,112,1075299,-319,-1018,1115,-858,1455,-2047
IMU1,113,1085485,-230,-983,863,-842,1430,-2051
IMU1,114,1095273,-164,-934,615,-884,1422,-2064
IMU1,115,1105073,-171,-898,527,-971,1487,-2071
IMU1,116,1114871,-264,-889,542,-1050,1604,-2046
IMU1,117,1124866,-366,-782,728,-1081,1754,-1973
IMU1,118,1134866,-405,-785,684,-1042,1883,-1856
IMU1,119,1144861,-580,-778,811,-970,1973,-1705
IMU1,120,1154665,-676,-709,934,-862,2036,-1511
IMU1,121,1164463,-662,-652,1005,-706,2062,-1284
IMU1,122,1174449,-680,-614,1033,-536,2090,-1042
IMU1,123,1186003,-673,-542,976,-231,2268,-569
IMU1,124,1195598,-641,-503,893,-123,2336,-367
IMU1,125,1205196,-655,-470,840,-43,2351,-208
IMU1,126,1214592,-743,-489,917,16,2294,-75
IMU1,127,1224225,-848,-555,1077,94,2171,43
IMU1,128,1233956,-946,-620,1219,214,2034,162
IMU1,129,1243556,-1037,-701,1335,357,1920,286
IMU1,130,1253359,-1185,-769,1394,527,1849,419
IMU1,131,1263175,-1330,-820,1417,696,1786,566
IMU1,132,1272991,-1415,-924,1454,849,1727,720
IMU1,133,1282802,-1229,-977,1366,982,1681,853
IMU1,134,1292585,-1257,-971,1329,1073,1626,911
IMU1,135,1302588,-1147,-964,1255,1129,1544,909
IMU1,136,1312597,-1102,-940,1368,1168,1392,847
IMU1,137,1322594,-1141,-950,1520,1233,1218,756
IMU1,138,1332605,-1290,-845,1708,1345,1103,678
IMU1,139,1342591,-1177,-852,1776,1501,1114,625
IMU1,140,1352608,-1155,-953,1705,1662,1173,559
IMU1,141,1362617,-1291,-1000,1599,1780,1190,506
IMU1,142,1372815,-1439,-1036,1519,1836,1180,499
IMU1,143,1383021,-1590,-1047,1522,1842,1156,530
IMU1,144,1393232,-1645,-1063,1576,1818,1101,590
IMU1,145,1403442,-1609,-1061,1632,1786,1035,644
IMU1,146,1413630,-1559,-1062,1672,1744,967,670
IMU1,147,1423633,-1563,-1097,1688,1692,900,660
IMU1,148,1433638,-1535,-1126,1722,1628,825,622
IMU1,149,1443628,-1544,-1120,1797,1560,768,560
IMU1,150,1453637,-1585,-1036,1802,1506,736,491
IMU1,151,1464694,-1597,-967,1791,1383,664,373
IMU1,152,1474502,-1572,-896,1776,1303,647,324
IMU1,153,1484311,-1570,-877,1782,1209,634,284
IMU1,154,1494135,-1593,-873,1805,1111,627,259
IMU1,155,1503962,-1608,-865,1849,1007,616,247
IMU1,156,1513777,-1617,-840,1858,910,586,241
IMU1,157,1523386,-1638,-832,1839,805,534,244
IMU1,158,1532989,-1644,-826,1806,695,490,255
IMU1,159,1542594,-1638,-830,1796,578,482,274
IMU1,160,1552195,-1639,-825,1774,458,495,294
IMU1,161,1561789,-1618,-839,1774,335,504,302
IMU1,162,1571377,-1607,-850,1776,216,501,301
IMU1,163,1580976,-1589,-850,1784,105,489,289
IMU1,164,1590574,-1574,-842,1751,2,483,268
IMU1,165,1599782,-1579,-829,1690,-99,486,245
IMU1,166,1609289,-1602,-827,1651,-208,497,220
IMU1,167,1618959,-1624,-838,1631,-327,505,205
IMU1,168,1628642,-1627,-835,1606,-432,517,194
IMU1,169,1638328,-1617,-845,1565,-534,513,184
IMU1,170,1648038,-1609,-869,1537,-624,501,162
IMU1,171,1657714,-1607,-870,1503,-703,482,141
IMU1,172,1667400,-1614,-860,1464,-777,460,124
IMU1,173,1677079,-1608,-852,1434,-827,435,105
IMU1,174,1686763,-1607,-846,1419,-865,401,89
IMU1,175,1696240,-1611,-838,1418,-888,367,78
IMU1,176,1705717,-1619,-817,1414,-876,322,75
IMU1,177,1715204,-1613,-804,1408,-843,270,89
IMU1,178,1724678,-1597,-789,1395,-794,222,109
IMU1,179,1734390,-1589,-759,1354,-736,174,137
IMU1,180,1744107,-1568,-720,1298,-671,136,165
IMU1,181,1753786,-1534,-695,1244,-618,112,195
IMU1,182,1763485,-1525,-670,1176,-579,105,221
IMU1,183,1773181,-1531,-652,1120,-555,106,239
IMU1,184,1782880,-1527,-638,1087,-540,108,257
IMU1,185,1792579,-1531,-615,1057,-537,117,278
IMU1,186,1802276,-1531,-600,1033,-527,122,297
IMU1,187,1811965,-1517,-590,1051,-519,130,319
IMU1,188,1821678,-1521,-601,1000,-506,144,344
IMU1,189,1831377,-1546,-608,972,-494,166,376
IMU1,190,1840877,-1559,-594,961,-488,198,417
IMU1,191,1850380,-1538,-573,927,-486,242,464
IMU1,192,1859882,-1527,-531,884,-486,297,506
IMU1,193,1869377,-1496,-486,832,-501,361,544
IMU1,194,1878875,-1472,-460,795,-531,422,576
IMU1,195,1888397,-1481,-446,773,-564,471,609
IMU1,196,1897903,-1519,-434,783,-607,499,656
IMU1,197,1907417,-1548,-404,767,-641,510,724
IMU1,198,1916922,-1563,-378,751,-673,512,814
IMU1,199,1926441,-1586,-335,705,-707,529,917
IMU1,200,1935942,-1579,-282,645,-752,557,1042
IMU1,201,1945654,-1526,-230,579,-819,609,1179
IMU1,202,1955350,-1472,-171,501,-893,716,1303
IMU1,203,1965056,-1448,-134,436,-996,885,1432
IMU1,204,1974761,-1476,-110,392,-1128,1125,1566
IMU1,205,1984862,-1507,-84,326,-1290,1402,1717
IMU1,206,1994748,-1567,-83,264,-1475,1703,1879
IMU1,207,2007411,-1671,-136,235,-1699,1998,2058
IMU1,208,2017506,-1829,-151,286,-1926,2174,2237
IMU1,209,2027612,-1915,-125,460,-2118,2115,2402
IMU1,210,2037718,-1946,-104,631,-2224,1892,2538
IMU1,211,2047851,-1954,-99,741,-2250,1636,2651
IMU1,212,2057774,-2041,-80,768,-2211,1424,2749
IMU1,213,2067669,-2096,-82,711,-2136,1265,2846
IMU1,214,2077573,-2096,-100,620,-2057,1153,2934
IMU1,215,2087681,-1984,-201,532,-1988,1087,3002
IMU1,216,2097775,-2229,-396,561,-1922,987,3034
IMU1,217,2109247,-2267,-91,606,-1743,725,3109
IMU1,218,2118963,-2036,-50,690,-1598,701,3039
IMU1,219,2128684,-2010,41,634,-1424,658,2863
IMU1,220,2138290,-1994,111,558,-1262,619,2628
IMU1,221,2148104,-1981,127,500,-1126,592,2351
IMU1,222,2157918,-1976,98,399,-1010,583,2043
IMU1,223,2167536,-2003,35,274,-926,598,1725
IMU1,224,2176949,-2099,50,209,-877,626,1426
IMU1,225,2186350,-2141,98,195,-841,666,1155
IMU1,226,2195758,-2159,158,200,-800,690,911
IMU1,227,2205175,-2182,169,208,-751,701,687
IMU1,228,2214584,-2240,189,211,-696,740,502
IMU1,229,2224502,-2289,251,233,-636,766,357
IMU1,230,2233921,-2315,290,252,-571,735,247
IMU1,231,2243858,-2319,314,244,-495,672,166
IMU1,232,2253263,-2332,351,225,-437,605,112
IMU1,233,2262668,-2346,368,208,-384,519,80
IMU1,234,2272399,-2379,388,171,-337,400,59
IMU1,235,2282130,-2402,403,96,-310,267,62
IMU1,236,2291662,-2421,422,27,-315,155,95
IMU1,237,2301200,-2397,423,-69,-333,104,132
IMU1,238,2311030,-2357,426,-160,-381,81,178
IMU1,239,2320335,-2291,423,-211,-454,109,224
IMU1,240,2330348,-2214,442,-130,-531,181,247
IMU1,241,2339847,-2141,467,-103,-591,246,247
IMU1,242,2349339,-2117,472,-117,-635,303,219
IMU1,243,2358859,-2119,473,-125,-683,360,186
IMU1,244,2368880,-2144,492,-119,-723,409,157
IMU1,245,2378372,-2130,495,-125,-762,436,141
IMU1,246,2387877,-2100,513,-72,-790,443,122
IMU1,247,2397708,-2096,518,-57,-810,428,100
IMU1,248,2407014,-2126,497,-86,-816,409,88
IMU1,249,2416626,-2106,497,-61,-819,413,83
IMU1,250,2426251,-2094,517,-21,-816,388,82
IMU1,251,2435874,-2054,513,-13,-800,329,86
IMU1,252,2445494,-2046,522,8,-772,268,76
IMU1,253,2455351,-2046,523,53,-730,222,65
IMU1,254,2464897,-2020,529,69,-673,183,67
IMU1,255,2474412,-2010,543,41,-605,167,62
IMU1,256,2483932,-2008,540,6,-539,159,63
IMU1,257,2493780,-2009,530,18,-479,161,63
IMU1,258,2503304,-1993,537,5,-416,147,60
IMU1,259,2512642,-1966,550,-13,-377,91,54
IMU1,260,2522583,-1929,557,-14,-339,45,31
IMU1,261,2532003,-1928,566,-21,-315,18,10
IMU1,262,2541944,-1928,588,-37,-293,4,-12
IMU1,263,2551271,-1948,613,-52,-270,-6,-26
IMU1,264,2561221,-1966,626,-52,-264,-11,-23
IMU1,265,2570817,-1987,626,-41,-253,-10,-16
IMU1,266,2580420,-1996,636,-42,-246,-30,6
IMU1,267,2589743,-1989,650,-49,-247,-50,43
IMU1,268,2599253,-1981,657,-58,-242,-45,70
IMU1,269,2609287,-1967,659,-72,-257,-42,105
IMU1,270,2618474,-1945,665,-79,-263,-15,110
IMU1,271,2628192,-1953,669,-73,-264,13,106
IMU1,272,2637798,-1982,677,-68,-268,17,111
IMU1,273,2647412,-1997,680,-48,-270,4,117
IMU1,274,2657349,-1984,681,-55,-269,-13,127
IMU1,275,2666533,-1972,679,-73,-260,-27,128
IMU1,276,2676240,-1975,678,-87,-250,-26,117
IMU1,277,2685945,-1972,668,-95,-245,-12,117
IMU1,278,2695655,-1957,671,-109,-244,12,111
IMU1,279,2705472,-1939,684,-120,-235,46,89
IMU1,280,2715083,-1944,694,-120,-230,75,64
IMU1,281,2724701,-1975,687,-103,-222,87,41
IMU1,282,2734309,-2006,700,-105,-212,75,27
IMU1,283,2743926,-2014,699,-83,-203,50,32
IMU1,284,2753351,-2004,711,-83,-177,38,32
IMU1,285,2762770,-2026,729,-116,-140,36,25
IMU1,286,2772393,-2051,734,-134,-113,51,44
IMU1,287,2782020,-1953,708,-117,-91,97,68
IMU1,288,2791973,-1989,756,-162,-58,116,69
IMU1,289,2801600,-1963,738,-216,-31,126,62
IMU1,290,2811212,-1952,730,-227,-21,147,58
IMU1,291,2820833,-1918,738,-216,-10,184,48
IMU1,292,2830452,-1932,757,-220,13,204,34
IMU1,293,2839975,-1946,747,-226,38,221,17
IMU1,294,2849513,-1895,742,-250,69,244,4
IMU1,295,2858846,-1897,738,-280,92,277,-6
IMU1,296,2868803,-1896,739,-280,121,311,-14
IMU1,297,2878095,-1856,736,-255,172,358,-42
IMU1,298,2887915,-1857,742,-282,213,398,-71
IMU1,299,2897741,-1907,766,-224,259,415,-98
IMU1,300,2907048,-1988,825,-143,310,329,-114
IMU1,301,2916555,-2071,770,-173,372,133,-94
IMU1,302,2926390,-2070,772,-213,421,-28,-24
IMU1,303,2936122,-1968,726,-335,444,-80,60
IMU1,304,2945749,-1839,757,-332,445,5,119
IMU1,305,2955287,-1803,840,-225,447,107,135
IMU1,306,2964687,-1894,801,-152,466,106,129
IMU1,307,2974608,-1958,754,-176,493,20,142
IMU1,308,2984339,-1944,754,-219,509,-34,172
IMU1,309,2993643,-1913,757,-227,507,-36,209
IMU1,310,3003476,-1892,746,-213,514,-12,226
IMU1,311,3015542,-1853,759,-171,518,-4,236
IMU1,312,3024671,-1850,762,-104,534,0,237
IMU1,313,3033593,-1889,766,-104,569,-8,232
IMU1,314,3042725,-1877,775,-128,591,-43,236
IMU1,315,3052042,-1853,790,-148,601,-65,239
IMU1,316,3061363,-1848,796,-140,598,-77,242
IMU1,317,3070692,-1824,791,-122,591,-103,245
IMU1,318,3080228,-1800,804,-117,577,-131,244
IMU1,319,3089724,-1811,796,-129,570,-144,241
IMU1,320,3099756,-1808,810,-136,546,-154,242
IMU1,321,3109263,-1814,831,-132,522,-157,243
IMU1,322,3118771,-1894,827,-26,496,-171,243
IMU1,323,3128591,-1903,835,-47,475,-300,255
IMU1,324,3137902,-1886,837,-117,452,-390,275
IMU1,325,3147414,-1916,830,-61,409,-365,310
IMU1,326,3157256,-1899,840,-53,384,-377,339
IMU1,327,3166567,-1873,829,-57,359,-383,366
IMU1,328,3176401,-1838,822,-65,334,-368,376
IMU1,329,3186223,-1816,816,-74,305,-330,375
IMU1,330,3195542,-1820,827,-96,266,-268,362
IMU1,331,3205372,-1837,817,-115,225,-201,342
IMU1,332,3214860,-1856,799,-129,188,-119,321
IMU1,333,3224361,-1881,792,-132,154,-33,299
IMU1,334,3234191,-1902,775,-130,112,36,277
IMU1,335,3243931,-1914,766,-99,82,81,259
IMU1,336,3253268,-1911,765,-46,67,98,221
IMU1,337,3263128,-1923,774,-3,78,96,178
IMU1,338,3272791,-1950,771,18,111,79,146
IMU1,339,3282241,-1968,766,9,153,55,122
IMU1,340,3291973,-1979,761,1,191,28,119
IMU1,341,3301203,-1980,764,-25,233,21,111
IMU1,342,3311240,-1979,760,-68,254,6,116
IMU1,343,3320570,-1978,763,-65,272,6,109
IMU1,344,3330414,-1969,760,-79,287,-4,100
IMU1,345,3339825,-1944,761,-83,294,-20,82
IMU1,346,3349762,-1940,769,-90,290,-50,64
IMU1,347,3359179,-1945,772,-95,287,-74,44
IMU1,348,3368605,-1956,780,-105,289,-76,31
IMU1,349,3378225,-1976,786,-110,291,-47,18
IMU1,350,3387852,-1977,778,-125,283,-28,26
IMU1,351,3397471,-1964,777,-115,263,-21,41
IMU1,352,3407093,-1944,781,-121,251,1,31
IMU1,353,3416943,-1934,786,-119,237,20,14
IMU1,354,3426477,-1933,790,-123,222,33,-1
IMU1,355,3435907,-1933,796,-122,197,39,-18
IMU1,356,3445538,-1942,804,-112,173,37,-29
IMU1,357,3455154,-1949,801,-95,158,40,-46
IMU1,358,3465104,-1956,797,-100,143,37,-57
IMU1,359,3474734,-1947,801,-112,116,17,-56
IMU1,360,3484355,-1920,804,-97,108,0,-68
IMU1,361,3493986,-1914,809,-109,96,-10,-83
IMU1,362,3503506,-1915,815,-118,77,-29,-85
IMU1,363,3513035,-1909,825,-121,59,-38,-93
IMU1,364,3522563,-1900,827,-115,48,-40,-100
IMU1,365,3532262,-1898,824,-115,36,-48,-98
IMU1,366,3541783,-1897,830,-121,39,-49,-106
IMU1,367,3551498,-1889,827,-133,30,-56,-105
IMU1,368,3561224,-1879,821,-135,28,-58,-108
IMU1,369,3570942,-1866,825,-146,19,-62,-105
IMU1,370,3580146,-1862,835,-157,12,-54,-112
IMU1,371,3589882,-1869,838,-161,11,-38,-125
IMU1,372,3599593,-1875,836,-172,2,-25,-126
IMU1,373,3609120,-1875,842,-172,-12,-21,-121
IMU1,374,3618924,-1873,851,-163,-12,-15,-130
IMU1,375,3628210,-1868,846,-159,-18,-27,-131
IMU1,376,3638019,-1855,843,-178,-6,-33,-138
IMU1,377,3647632,-1842,841,-180,-5,-37,-145
IMU1,378,3657251,-1840,837,-180,-4,-35,-146
IMU1,379,3666868,-1857,834,-208,2,-21,-150
IMU1,380,3676391,-1868,830,-231,0,-19,-142
IMU1,381,3686343,-1866,824,-235,-6,-24,-125
IMU1,382,3695973,-1842,825,-237,-16,-23,-113
IMU1,383,3705272,-1829,827,-229,-17,-18,-107
IMU1,384,3715090,-1839,830,-226,-20,-7,-107
IMU1,385,3724708,-1854,821,-216,-15,2,-103
IMU1,386,3734236,-1852,818,-209,-7,11,-97
IMU1,387,3743565,-1857,826,-208,9,16,-94
IMU1,388,3753317,-1860,820,-207,18,4,-86
IMU1,389,3763065,-1854,817,-202,33,-8,-84
IMU1,390,3772918,-1835,823,-211,40,-33,-78
IMU1,391,3782447,-1834,826,-212,60,-49,-82
IMU1,392,3791965,-1847,819,-227,67,-53,-77
IMU1,393,3801498,-1847,818,-237,75,-57,-67
IMU1,394,3811036,-1832,828,-244,80,-59,-60
IMU1,395,3820569,-1833,823,-233,84,-68,-48
IMU1,396,3830620,-1827,819,-229,95,-84,-35
IMU1,397,3840152,-1823,831,-242,115,-91,-33
IMU1,398,3849340,-1807,828,-248,127,-108,-19
IMU1,399,3859253,-1784,826,-258,148,-111,-24
IMU1,400,3868645,-1749,826,-269,167,-113,-21
IMU1,401,3878554,-1724,831,-286,188,-131,-21
IMU1,402,3887947,-1693,836,-339,216,-176,-8
IMU1,403,3897675,-1660,856,-416,247,-225,22
IMU1,404,3907485,-1634,878,-460,282,-259,58
IMU1,405,3916789,-1618,878,-473,337,-258,107
IMU1,406,3926307,-1589,872,-472,400,-229,184
IMU1,407,3936347,-1549,865,-420,499,-190,262
IMU1,408,3945841,-1509,850,-345,625,-154,337
IMU1,409,3955346,-1483,849,-257,780,-115,391
IMU1,410,3964850,-1435,869,-185,954,-95,431
IMU1,411,3974684,-1379,900,-175,1135,-106,447
IMU1,412,3984381,-1362,962,-233,1296,-135,444
IMU1,413,3994076,-1435,1051,-267,1424,-142,446
IMU1,414,4003981,-1517,1109,-282,1520,-98,479
IMU1,415,4016442,-1590,1108,-259,1591,-1,553
IMU1,416,4025962,-1638,1113,-249,1641,122,657
IMU1,417,4035757,-1630,1133,-215,1662,219,764
IMU1,418,4045566,-1647,1143,-165,1662,282,854
IMU1,419,4055360,-1725,1164,-97,1650,347,933
IMU1,420,4064968,-1830,1165,-8,1637,418,1008
IMU1,421,4074576,-1888,1172,28,1624,461,1079
IMU1,422,4084297,-2027,1190,47,1593,458,1139
IMU1,423,4094030,-2250,1189,107,1544,439,1205
IMU1,424,4103967,-2496,1213,117,1487,427,1282
IMU1,425,4113866,-2780,1144,67,1401,438,1366
IMU1,426,4123575,-3051,1028,-35,1262,428,1457
IMU1,427,4133382,-3385,905,-103,1069,350,1532
IMU1,428,4143192,-3713,642,-124,836,189,1579
IMU1,429,4152810,-4035,410,-22,595,-21,1581
IMU1,430,4162113,-4478,267,137,398,-223,1528
IMU1,431,4171723,-4890,85,347,268,-339,1425
IMU1,432,4181131,-5241,-56,618,207,-368,1256
IMU1,433,4190631,-5475,-138,984,214,-358,982
IMU1,434,4200145,-5535,-368,1372,272,-338,568
IMU1,435,4209844,-6165,-486,1870,349,-413,40
IMU1,436,4219346,-5829,182,2405,455,-579,-562
IMU1,437,4229055,-5476,296,2777,593,-904,-1455
IMU1,438,4238976,-5611,356,2731,682,-1537,-2523
IMU1,439,4249100,-5643,994,2551,635,-2359,-3495
IMU1,440,4259246,-5555,1570,2454,464,-3086,-4254
IMU1,441,4269574,-5407,2041,2294,221,-3358,-4701
IMU1,442,4279900,-5111,2541,2063,-89,-3037,-4855
IMU1,443,4290142,-4841,3012,1804,-493,-2409,-4877
IMU1,444,4300553,-4899,3705,2032,-1011,-1783,-4937
IMU1,445,4311182,-5070,4001,2381,-2267,-994,-5056
IMU1,446,4321613,-5265,4362,2594,-2970,-1088,-5299
IMU1,447,4332211,-5562,4948,2582,-3751,-1641,-5675
IMU1,448,4342833,-5764,5597,2252,-4624,-2477,-6124
IMU1,449,4353464,-5906,6340,1740,-5583,-3280,-6553
IMU1,450,4364090,-5815,6955,1307,-6587,-3717,-6900
IMU1,451,4374713,-5493,7203,971,-7542,-3726,-7207
IMU1,452,4385152,-5210,7183,898,-8373,-3445,-7510
IMU1,453,4395590,-4984,6856,937,-9015,-2949,-7776
IMU1,454,4406032,-4342,6172,1359,-9463,-2424,-7963
IMU1,455,4417191,-4188,5629,1571,-9764,-1899,-8078
IMU1,456,4427819,-3910,5428,1622,-9637,-1960,-7937
IMU1,457,4438450,-3514,5262,1365,-9391,-2151,-7690
IMU1,458,4449083,-3206,5128,1136,-9070,-2285,-7321
IMU1,459,4459703,-2809,4903,628,-8687,-2252,-6793
IMU1,460,4470132,-2267,4464,506,-8253,-1941,-6103
IMU1,461,4480562,-1728,4093,659,-7706,-1491,-5358
IMU1,462,4490966,-1289,3888,568,-7036,-1234,-4701
IMU1,463,4501387,-691,3737,186,-6371,-1355,-4228
IMU1,464,4511621,-189,3538,-732,-5820,-1760,-3971
IMU1,465,4522973,-15,3349,-1436,-5082,-2729,-3790
IMU1,466,4533292,-248,3239,-1951,-4897,-3015,-3577
IMU1,467,4543802,-562,3010,-2116,-4719,-2969,-3140
IMU1,468,4554348,-812,2822,-2219,-4476,-2632,-2516
IMU1,469,4564873,-1198,2459,-2656,-4177,-2181,-1819
IMU1,470,4575584,-855,2294,-2589,-3909,-1806,-1102
IMU1,471,4586108,-476,2151,-2730,-3608,-1451,-652
IMU1,472,4596425,-675,1784,-3109,-3366,-1022,-460
IMU1,473,4606737,-246,1772,-2832,-3197,-622,-380
IMU1,474,4616862,-334,1592,-2473,-2952,-193,-477
IMU1,475,4626975,-629,1428,-2229,-2600,109,-602
IMU1,476,4638031,-801,1266,-2112,-1732,71,-591
IMU1,477,4647854,-865,1198,-2149,-1257,-36,-492
IMU1,478,4657765,-908,1141,-2187,-824,-156,-359
IMU1,479,4667673,-974,1075,-2251,-465,-295,-198
IMU1,480,4677584,-1080,1012,-2398,-194,-382,-39
IMU1,481,4687490,-1103,911,-2602,-31,-410,113
# swing_peak_seq=455
IMU1,482,4697095,-1099,792,-2739,19,-384,256
IMU1,483,4706615,-1086,692,-2835,-12,-272,363
IMU1,484,4716222,-1037,633,-2906,-94,-128,439
IMU1,485,4725831,-1016,616,-2854,-198,17,478
IMU1,486,4735345,-1057,580,-2749,-282,152,509
IMU1,487,4745072,-1130,555,-2647,-320,270,549
IMU1,488,4754786,-1144,535,-2550,-300,335,606
IMU1,489,4764514,-1163,520,-2424,-239,340,669
IMU1,490,4774223,-1137,483,-2331,-123,301,727
IMU1,491,4783945,-1069,444,-2267,31,240,759
IMU1,492,4793376,-991,415,-2233,199,176,759
IMU1,493,4802808,-895,410,-2176,383,104,710
IMU1,494,4812216,-874,431,-2112,577,32,615
IMU1,495,4821448,-925,427,-2062,793,-35,507
IMU1,496,4830763,-1010,420,-2019,1009,-127,430
IMU1,497,4840667,-1029,422,-2085,1219,-225,384
IMU1,498,4850566,-1086,430,-2108,1404,-304,369
IMU1,499,4860477,-1136,393,-2171,1549,-327,400
IMU1,500,4870400,-1071,326,-2190,1654,-261,454
IMU1,501,4880302,-1063,287,-2132,1743,-126,523
IMU1,502,4890209,-1044,230,-2055,1824,65,610
IMU1,503,4899831,-995,193,-1926,1908,265,721
IMU1,504,4909462,-913,173,-1802,2014,434,831
IMU1,505,4919087,-845,136,-1671,2136,563,924
IMU1,506,4928697,-775,120,-1539,2273,650,1007
IMU1,507,4938501,-694,77,-1439,2430,713,1072
IMU1,508,4948127,-607,5,-1384,2581,755,1125
IMU1,509,4957544,-491,-52,-1329,2729,776,1155
IMU1,510,4967258,-423,-52,-1281,2860,801,1185
IMU1,511,4976957,-421,-10,-1261,2971,837,1237
IMU1,512,4986674,-468,-24,-1238,3069,823,1316
IMU1,513,4996398,-502,-83,-1153,3166,753,1429
IMU1,514,5006134,-648,-96,-1031,3281,632,1579
IMU1,515,5018412,-795,-104,-897,3417,528,1779
IMU1,516,5028125,-892,-141,-761,3559,474,2025
IMU1,517,5037845,-988,-192,-673,3695,440,2297
IMU1,518,5047573,-1090,-296,-569,3811,383,2561
IMU1,519,5057504,-1182,-450,-413,3912,252,2808
IMU1,520,5067433,-1211,-588,-298,4010,57,3017
IMU1,521,5077170,-1116,-666,-146,4112,-157,3160
IMU1,522,5087206,-1012,-710,-33,4232,-345,3205
IMU1,523,5097021,-964,-685,2,4355,-494,3153
IMU1,524,5106354,-981,-637,-24,4458,-591,3036
IMU1,525,5116004,-1091,-601,-79,4531,-610,2885
IMU1,526,5125839,-1290,-569,10,4562,-539,2757
IMU1,527,5135540,-1436,-606,131,4559,-336,2694
IMU1,528,5145455,-1548,-660,343,4513,73,2710
IMU1,529,5155084,-1544,-637,386,4413,747,2805
IMU1,530,5164917,-1477,-450,286,4243,1420,2929
IMU1,531,5174930,-1501,-351,312,4027,1707,3009
IMU1,532,5186519,-1705,-317,451,3564,1497,3067
IMU1,533,5196551,-1837,-285,564,3345,1305,3077
IMU1,534,5206589,-1891,-250,616,3164,1065,3061
IMU1,535,5216622,-2006,-218,772,3035,805,3012
IMU1,536,5226453,-2217,-165,1060,2995,585,2946
IMU1,537,5236476,-2352,-173,1249,3073,416,2894
IMU1,538,5246510,-2332,-262,1278,3240,282,2862
IMU1,539,5256529,-2337,-297,1265,3433,229,2825
IMU1,540,5266546,-2312,-269,1291,3598,339,2785
IMU1,541,5276566,-2271,-260,1163,3710,645,2740
IMU1,542,5286583,-2319,-273,1099,3733,1001,2689
IMU1,543,5296792,-2443,-220,1175,3694,1232,2637
IMU1,544,5307014,-2572,-172,1324,3658,1245,2587
IMU1,545,5317223,-2634,-155,1498,3685,1048,2540
IMU1,546,5327444,-3049,-131,1761,3797,704,2517
IMU1,547,5337463,-2744,-199,1348,3994,311,2604
IMU1,548,5347488,-2806,-13,883,4148,-84,2739
IMU1,549,5356994,-2760,150,517,4159,-176,2931
IMU1,550,5366816,-2711,218,402,4041,108,3179
IMU1,551,5376539,-2653,360,571,3829,600,3440
IMU1,552,5386260,-2642,500,699,3592,1049,3656
IMU1,553,5396178,-2590,595,635,3352,1277,3784
IMU1,554,5407687,-2369,902,596,2806,1086,3685
IMU1,555,5417615,-2434,931,583,2512,899,3519
IMU1,556,5427353,-2589,902,474,2223,779,3365
IMU1,557,5437078,-2875,993,293,1935,768,3307
IMU1,558,5446819,-3047,1082,97,1632,802,3341
IMU1,559,5456534,-3014,1073,134,1331,793,3415
IMU1,560,5466467,-3044,1103,245,1082,710,3478
IMU1,561,5476395,-2925,1056,414,916,532,3523
IMU1,562,5486127,-2722,1068,517,828,270,3525
IMU1,563,5495847,-2469,1137,472,799,-11,3457
IMU1,564,5505478,-2239,1193,426,779,-196,3314
IMU1,565,5515308,-2123,1283,233,741,-175,3111
IMU1,566,5525133,-2109,1347,102,646,-16,2881
IMU1,567,5534739,-2160,1287,59,510,203,2632
IMU1,568,5544250,-2212,1236,70,362,377,2395
IMU1,569,5553788,-2233,1229,38,222,439,2166
IMU1,570,5563322,-2289,1248,81,112,400,1945
IMU1,571,5572845,-2343,1261,119,46,349,1751
IMU1,572,5582367,-2383,1285,105,30,301,1590
IMU1,573,5591898,-2334,1276,22,32,236,1463
IMU1,574,5601235,-2221,1278,-147,23,137,1340
IMU1,575,5610858,-2120,1294,-211,-20,14,1208
IMU1,576,5620367,-2040,1302,-233,-62,-80,1071
IMU1,577,5629972,-2029,1292,-253,-100,-127,951
IMU1,578,5639783,-2039,1294,-319,-111,-130,850
IMU1,579,5649585,-2022,1286,-327,-121,-123,783
IMU1,580,5659383,-2044,1311,-307,-116,-127,738
IMU1,581,5669185,-2019,1337,-252,-86,-143,704
IMU1,582,5678788,-1961,1324,-200,-16,-128,674
IMU1,583,5688388,-1898,1311,-225,77,-70,647
IMU1,584,5697697,-1852,1306,-240,156,8,599
IMU1,585,5706910,-1815,1306,-256,214,52,528
IMU1,586,5716329,-1801,1350,-296,255,40,430
IMU1,587,5725750,-1772,1379,-333,268,12,327
IMU1,588,5735171,-1775,1413,-374,259,21,232
IMU1,589,5744582,-1782,1427,-389,231,65,152
IMU1,590,5754003,-1768,1450,-391,186,115,93
IMU1,591,5763418,-1749,1475,-357,141,154,34
IMU1,592,5772829,-1742,1479,-274,105,177,-19
IMU1,593,5782323,-1732,1452,-225,95,179,-65
IMU1,594,5792155,-1781,1466,-155,107,141,-102
IMU1,595,5801854,-1824,1457,-120,124,85,-121
IMU1,596,5811353,-1845,1457,-162,149,20,-133
IMU1,597,5820855,-1861,1511,-209,161,-42,-144
IMU1,598,5830456,-1888,1530,-203,143,-72,-149
IMU1,599,5840063,-1932,1534,-150,136,-31,-159
IMU1,600,5849663,-1967,1536,-81,110,51,-166
IMU1,601,5859481,-2070,1552,16,88,142,-192
IMU1,602,5869221,-2175,1529,89,66,214,-217
IMU1,603,5878440,-2311,1525,118,38,247,-246
IMU1,604,5888377,-2467,1502,202,3,261,-283
IMU1,605,5898108,-2610,1449,272,-34,240,-321
IMU1,606,5907620,-2721,1450,383,-66,156,-359
IMU1,607,5917132,-2804,1457,515,-70,76,-412
IMU1,608,5926973,-2940,1457,634,-54,52,-476
IMU1,609,5936296,-3062,1451,714,-22,78,-547
IMU1,610,5946145,-3210,1490,779,-10,100,-630
IMU1,611,5955663,-3341,1573,892,-18,80,-741
IMU1,612,5964986,-3526,1654,1054,-31,42,-884
IMU1,613,5975007,-3741,1684,1269,-51,37,-1035
IMU1,614,5984741,-4081,1807,1449,-66,37,-1182
IMU1,615,5994455,-4261,2017,1732,-95,-20,-1305
IMU1,616,6004267,-4315,2237,2107,-112,-69,-1472
IMU1,617,6014293,-4470,2444,2500,-124,-73,-1717
IMU1,618,6027088,-4590,2643,2972,-152,-101,-2037
IMU1,619,6037309,-4780,2908,3324,-205,-221,-2437
IMU1,620,6047539,-4776,3346,3404,-340,-480,-2914
IMU1,621,6057771,-4737,3872,2952,-631,-883,-3482
IMU1,622,6068011,-4700,4446,2391,-1176,-1272,-4072
IMU1,623,6078651,-4670,5008,2168,-1938,-1397,-4615
IMU1,624,6089298,-4524,5860,2287,-2781,-467,-5627
IMU1,625,6099725,-4613,6280,2285,-4430,147,-6304
IMU1,626,6110080,-4835,6544,2001,-5290,396,-7175
IMU1,627,6120420,-5210,6898,1326,-6223,158,-8170
IMU1,628,6130755,-5429,7232,739,-7238,-382,-9094
IMU1,629,6141016,-5454,7473,351,-8167,-951,-9891
IMU1,630,6151279,-5267,7578,103,-8882,-1272,-10504
IMU1,631,6161914,-5102,7408,26,-9366,-1236,-10940
IMU1,632,6172365,-4905,7022,-114,-9624,-959,-11217
IMU1,633,6182896,-4651,6612,-148,-9699,-656,-11340
IMU1,634,6193420,-4236,6225,-347,-9599,-312,-11325
IMU1,635,6203979,-3787,5748,403,-9377,68,-11169
IMU1,636,6215181,-3585,5123,1011,-8287,1052,-10203
IMU1,637,6225927,-3456,5045,1627,-7397,1271,-9449
IMU1,638,6236464,-2979,4979,3025,-6212,899,-8650
IMU1,639,6246817,-3006,5095,4408,-4569,-220,-7866
IMU1,640,6257245,-3559,5181,4155,-2655,-2329,-6875
IMU1,641,6267873,-2261,5074,269,-1196,-4936,-5667
IMU1,642,6278307,-729,5254,-2261,-879,-6495,-4654
IMU1,643,6288625,808,4698,-3845,-1527,-6000,-3891
IMU1,644,6299042,1040,4262,-3741,-2530,-3785,-3369
IMU1,645,6309667,1092,3442,-4085,-3697,-1203,-2987
IMU1,646,6320803,540,2304,-2681,-5895,1368,-2913
IMU1,647,6331123,211,1929,-1749,-6407,1206,-3055
IMU1,648,6341440,-123,1767,-662,-6419,563,-3108
IMU1,649,6351450,-388,1795,261,-5887,-130,-2983
IMU1,650,6361466,-584,1679,316,-4886,-728,-2652
IMU1,651,6371492,-281,2126,51,-3689,-1189,-2186
IMU1,652,6381517,-231,1876,-478,-2466,-1643,-1778
IMU1,653,6391839,-305,1557,-1178,-1437,-2180,-1441
IMU1,654,6402372,-230,1331,-2012,-748,-2512,-1142
IMU1,655,6412670,-22,1292,-2538,-404,-2488,-945
IMU1,656,6422569,18,1182,-2749,-325,-2232,-871
IMU1,657,6432373,-63,1038,-2969,-388,-1863,-841
IMU1,658,6442264,-208,909,-3114,-543,-1492,-798
IMU1,659,6452174,-343,795,-3134,-737,-1159,-716
# swing_peak_seq=633
IMU1,660,6462087,-439,670,-3177,-930,-888,-606
IMU1,661,6471799,-570,536,-3043,-1081,-740,-482
IMU1,662,6481701,-658,355,-2872,-1134,-744,-336
IMU1,663,6491604,-679,159,-2649,-1050,-866,-177
IMU1,664,6501499,-612,0,-2410,-822,-1036,-22
IMU1,665,6510712,-529,-106,-2309,-456,-1240,99
IMU1,666,6520430,-496,-205,-2332,-10,-1489,144
IMU1,667,6530128,-506,-288,-2430,428,-1788,118
IMU1,668,6539934,-604,-383,-2473,829,-2089,49
IMU1,669,6549553,-734,-476,-2629,1188,-2386,-22
IMU1,670,6559481,-863,-530,-2837,1473,-2606,-65
IMU1,671,6569376,-973,-566,-3249,1657,-2680,-55
IMU1,672,6580816,-1165,-663,-3365,1741,-2388,108
IMU1,673,6591005,-1168,-706,-3367,1671,-2120,205
IMU1,674,6601210,-1189,-676,-3343,1574,-1833,269
IMU1,675,6611419,-1168,-657,-3300,1462,-1547,280
IMU1,676,6621616,-1131,-638,-3255,1353,-1269,240
IMU1,677,6631821,-1107,-592,-3181,1260,-982,167
IMU1,678,6641843,-1118,-552,-3090,1186,-659,92
IMU1,679,6651658,-1136,-492,-3072,1131,-302,37
IMU1,680,6661474,-1104,-444,-3009,1085,62,1
IMU1,681,6670775,-1093,-442,-2889,1047,418,-20
IMU1,682,6680564,-1090,-412,-2792,1016,752,-15
IMU1,683,6690364,-1022,-396,-2663,991,1067,19
IMU1,684,6700069,-976,-379,-2509,980,1369,62
IMU1,685,6709579,-960,-355,-2364,976,1621,116
IMU1,686,6719289,-930,-369,-2295,972,1819,189
IMU1,687,6729002,-930,-370,-2258,945,1962,284
IMU1,688,6738705,-920,-381,-2218,888,2036,399
IMU1,689,6748418,-857,-409,-2175,807,2073,524
IMU1,690,6758120,-787,-432,-2059,707,2168,648
IMU1,691,6767845,-730,-423,-1904,608,2315,760
IMU1,692,6777571,-766,-410,-1793,528,2421,842
IMU1,693,6787293,-785,-476,-1679,461,2447,913
IMU1,694,6797006,-771,-506,-1587,406,2387,972
IMU1,695,6806726,-738,-494,-1524,360,2266,1016
IMU1,696,6816630,-730,-480,-1509,314,2126,1047
IMU1,697,6826541,-752,-481,-1513,267,1989,1084
IMU1,698,6836454,-741,-491,-1522,218,1874,1145
IMU1,699,6846371,-744,-478,-1470,171,1826,1221
IMU1,700,6856294,-823,-439,-1418,148,1796,1295
IMU1,701,6866203,-879,-444,-1283,155,1708,1369
IMU1,702,6876105,-882,-481,-1056,231,1541,1417
IMU1,703,6886026,-804,-502,-914,409,1335,1427
IMU1,704,6895735,-1049,-582,-1066,613,1085,1406
IMU1,705,6905852,-1132,-600,-1175,744,817,1434
IMU1,706,6915775,-930,-441,-1181,834,596,1475
IMU1,707,6927060,-938,-453,-1322,902,566,1463
IMU1,708,6936776,-956,-472,-1364,864,578,1461
IMU1,709,6946504,-897,-427,-1368,802,603,1467
IMU1,710,6956215,-888,-427,-1375,749,665,1464
IMU1,711,6965934,-916,-454,-1296,709,718,1463
IMU1,712,6975646,-948,-478,-1154,720,718,1470
IMU1,713,6985382,-944,-496,-1019,798,641,1476
IMU1,714,6995102,-895,-534,-850,952,492,1468
IMU1,715,7004634,-839,-559,-672,1169,280,1452
IMU1,716,7014358,-785,-591,-560,1454,26,1419
IMU1,717,7023901,-708,-648,-648,1758,-253,1383
IMU1,718,7036288,-631,-658,-790,2019,-456,1344
IMU1,719,7046119,-566,-670,-912,2188,-496,1316
IMU1,720,7055930,-568,-636,-986,2259,-393,1308
IMU1,721,7065750,-635,-632,-1008,2255,-234,1318
IMU1,722,7075758,-684,-643,-998,2210,-112,1345
IMU1,723,7085573,-657,-639,-927,2147,-71,1379
IMU1,724,7095200,-605,-632,-808,2097,-67,1398
IMU1,725,7104813,-578,-643,-695,2076,-62,1411
IMU1,726,7114422,-572,-639,-611,2084,-57,1425
IMU1,727,7124046,-571,-634,-572,2124,-67,1445
IMU1,728,7133665,-594,-635,-574,2175,-94,1483
IMU1,729,7143294,-669,-662,-576,2226,-111,1550
IMU1,730,7153115,-771,-661,-572,2271,-104,1650
IMU1,731,7162942,-853,-673,-523,2311,-111,1771
IMU1,732,7172769,-922,-703,-458,2361,-180,1894
IMU1,733,7182590,-942,-718,-407,2432,-313,2003
IMU1,734,7192413,-922,-734,-369,2530,-454,2081
IMU1,735,7202235,-934,-761,-396,2641,-553,2137
IMU1,736,7212060,-964,-781,-477,2744,-597,2183
IMU1,737,7221875,-984,-809,-613,2818,-574,2222
IMU1,738,7231687,-1045,-820,-730,2842,-461,2269
IMU1,739,7241697,-1113,-835,-794,2816,-256,2331
IMU1,740,7251715,-1223,-809,-734,2759,-25,2408
IMU1,741,7261523,-1270,-800,-662,2716,161,2485
IMU1,742,7271438,-1279,-778,-410,2699,296,2553
IMU1,743,7282931,-1429,-702,-304,2756,464,2667
IMU1,744,7292857,-1546,-683,-250,2817,489,2753
IMU1,745,7302769,-1582,-684,-268,2889,511,2852
IMU1,746,7312684,-1731,-619,-245,2940,549,2975
IMU1,747,7322605,-1932,-639,-148,2986,594,3119
IMU1,748,7332539,-2098,-720,-102,3037,589,3295
IMU1,749,7342462,-2153,-780,-148,3074,561,3463
IMU1,750,7352399,-2137,-742,-197,3077,574,3573
IMU1,751,7362341,-2189,-650,-189,3031,663,3608
IMU1,752,7372271,-2290,-576,-210,2947,815,3600
IMU1,753,7382210,-2440,-484,-328,2819,1057,3588
IMU1,754,7392327,-2543,-357,-419,2630,1467,3609
IMU1,755,7402445,-2717,-225,-418,2379,2006,3653
IMU1,756,7412568,-2868,-110,-446,2089,2514,3708
IMU1,757,7422696,-2970,-13,-376,1769,2876,3746
IMU1,758,7432636,-3089,117,-264,1468,3033,3736
IMU1,759,7442680,-3137,207,-203,1230,2955,3674
IMU1,760,7452718,-3092,306,-93,1076,2715,3568
IMU1,761,7462567,-3132,445,123,1041,2419,3428
IMU1,762,7472491,-3278,459,661,1193,2105,3304
IMU1,763,7482428,-3527,397,1476,1637,1751,3254
IMU1,764,7492556,-3873,329,381,2386,1233,3323
IMU1,765,7504059,-3227,629,-835,3386,-69,3618
IMU1,766,7513780,-2940,607,-884,3231,-77,3605
IMU1,767,7523508,-2498,812,-804,2862,318,3479
IMU1,768,7533351,-2386,914,-669,2410,786,3237
IMU1,769,7543200,-2555,863,-206,1998,1044,2950
IMU1,770,7553233,-2622,753,-332,1703,959,2686
IMU1,771,7563066,-2622,748,-848,1342,667,2465
IMU1,772,7572896,-2604,820,-582,926,503,2281
IMU1,773,7582525,-2543,803,-199,589,488,2123
IMU1,774,7592156,-2586,717,-100,370,472,1979
IMU1,775,7601789,-2671,638,10,237,369,1878
IMU1,776,7611129,-2555,610,33,163,168,1824
IMU1,777,7620470,-2353,635,74,133,-63,1740
IMU1,778,7629714,-2266,592,57,150,-265,1586
IMU1,779,7639150,-2196,567,-15,183,-454,1425
IMU1,780,7648679,-2119,556,-74,230,-643,1267
IMU1,781,7658213,-2046,580,-142,289,-836,1114
IMU1,782,7667953,-2022,606,-223,341,-1001,973
IMU1,783,7677683,-2022,679,-405,390,-1103,856
IMU1,784,7687420,-2027,702,-568,397,-1119,777
IMU1,785,7697149,-1990,704,-676,343,-1025,742
IMU1,786,7706873,-1899,743,-686,261,-829,731
IMU1,787,7716395,-1815,798,-667,173,-599,711
IMU1,788,7725928,-1836,819,-622,86,-389,675
IMU1,789,7735255,-1865,800,-601,-3,-217,649
IMU1,790,7744469,-1902,833,-594,-72,-114,638
IMU1,791,7753895,-1944,836,-531,-128,-83,640
IMU1,792,7763311,-1945,828,-483,-145,-84,652
IMU1,793,7773236,-1923,836,-450,-140,-120,661
IMU1,794,7782852,-1896,824,-427,-113,-197,664
IMU1,795,7792456,-1892,833,-417,-66,-292,655
IMU1,796,7801876,-1898,898,-418,-11,-371,644
IMU1,797,7811814,-1893,943,-434,51,-412,636
IMU1,798,7821155,-1925,930,-483,107,-416,631
IMU1,799,7830680,-1950,930,-512,134,-405,637
IMU1,800,7840220,-1980,939,-511,143,-384,651
IMU1,801,7850252,-2004,945,-483,146,-369,655
IMU1,802,7859758,-2031,960,-454,142,-378,644
IMU1,803,7869274,-2122,979,-418,139,-402,627
IMU1,804,7878788,-2279,969,-381,143,-406,614
IMU1,805,7888300,-2478,960,-366,153,-413,623
IMU1,806,7898330,-2670,937,-376,158,-425,650
IMU1,807,7907844,-2823,904,-381,144,-441,691
IMU1,808,7917352,-3067,831,-345,116,-431,727
IMU1,809,7926876,-3359,737,-299,98,-365,764
IMU1,810,7936721,-3713,643,-225,77,-278,817
IMU1,811,7946029,-4026,533,-91,74,-229,870
IMU1,812,7955672,-4224,429,84,89,-246,892
IMU1,813,7965211,-4426,242,265,141,-319,826
IMU1,814,7975156,-4909,276,626,237,-484,720
IMU1,815,7984593,-4978,623,1019,399,-593,588
IMU1,816,7994243,-5253,732,1484,618,-695,335
IMU1,817,8003870,-5438,678,2004,878,-887,-32
IMU1,818,8013379,-5661,647,2485,1147,-1138,-503
IMU1,819,8023489,-5868,855,2920,1365,-1483,-1049
IMU1,820,8036456,-5858,1194,3181,1494,-1940,-1655
IMU1,821,8046984,-5767,1638,3177,1474,-2472,-2328
IMU1,822,8057513,-5572,2167,2857,1222,-2976,-3003
IMU1,823,8068056,-5241,2820,2336,677,-3230,-3599
IMU1,824,8078377,-4978,3464,1789,-166,-2933,-4074
IMU1,825,8088798,-4920,4017,1479,-1249,-2126,-4441
IMU1,826,8099945,-5339,4709,1662,-3666,-691,-5146
IMU1,827,8110366,-5547,5152,1844,-4825,-620,-5608
IMU1,828,8120791,-5578,5746,1805,-5861,-1005,-6214
IMU1,829,8131432,-5554,6411,1531,-6801,-1641,-6974
IMU1,830,8142053,-5657,7012,1039,-7671,-2282,-7804
IMU1,831,8152708,-5625,7441,551,-8489,-2759,-8580
IMU1,832,8163150,-5503,7221,469,-9233,-2909,-9259
IMU1,833,8173606,-5269,7306,693,-9785,-2701,-9815
IMU1,834,8184048,-5028,6897,1103,-10092,-2322,-10242
IMU1,835,8195083,-5190,5661,1243,-10091,-1849,-10519
IMU1,836,8206090,-4886,5335,1282,-9680,-1324,-10339
IMU1,837,8216877,-4299,5071,1222,-9461,-1483,-10006
IMU1,838,8227705,-3987,4862,1108,-9261,-1683,-9646
IMU1,839,8238327,-3770,4534,1082,-9051,-1869,-9192
IMU1,840,8248958,-3619,4269,1321,-8793,-2008,-8610
IMU1,841,8259578,-3435,4016,1330,-8393,-2088,-7954
IMU1,842,8270193,-3190,3859,1386,-7902,-2131,-7278
IMU1,843,8280830,-2693,3649,1388,-7359,-2141,-6644
IMU1,844,8291448,-1886,3374,984,-6799,-2082,-5743
IMU1,845,8301865,-1757,3386,673,-5809,-1973,-5424
IMU1,846,8312284,-1518,3403,475,-5419,-1971,-5110
IMU1,847,8322725,-1197,3361,898,-4964,-2020,-4837
IMU1,848,8333122,-1441,3232,302,-4326,-2277,-4642
IMU1,849,8343524,-1524,3159,-780,-3890,-2786,-4333
IMU1,850,8354050,-1806,2953,-1411,-3701,-3077,-3886
IMU1,851,8364766,-1107,2964,-1287,-3646,-2804,-3319
IMU1,852,8375471,-682,2814,-1484,-3566,-2130,-2922
IMU1,853,8385982,-861,2647,-1727,-3507,-1452,-2672
IMU1,854,8396484,-1040,2577,-1737,-3477,-1095,-2442
IMU1,855,8407713,-1170,2442,-2102,-3311,-1044,-1909
IMU1,856,8418418,-1112,2342,-2112,-3129,-1130,-1625
IMU1,857,8429127,-1045,2161,-2090,-2855,-1086,-1319
IMU1,858,8439820,-875,1953,-2112,-2478,-895,-1034
IMU1,859,8450138,-725,1894,-2084,-2051,-641,-824
IMU1,860,8460228,-588,1863,-2161,-1600,-411,-718
IMU1,861,8470325,-527,1854,-2303,-1173,-307,-708
# swing_peak_seq=835
IMU1,862,8480446,-580,1861,-2448,-801,-339,-751
IMU1,863,8490337,-733,1879,-2712,-485,-451,-785
IMU1,864,8500247,-825,1839,-2929,-242,-590,-770
IMU1,865,8510148,-857,1778,-2979,-34,-710,-693
IMU1,866,8519862,-904,1733,-3014,191,-731,-558
IMU1,867,8529676,-902,1674,-2972,436,-683,-384
IMU1,868,8539481,-834,1538,-2843,707,-662,-217
IMU1,869,8549295,-788,1359,-2686,1019,-722,-68
IMU1,870,8559106,-744,1199,-2845,1333,-848,40
IMU1,871,8568835,-819,1062,-3150,1537,-964,98
IMU1,872,8578557,-865,1005,-3219,1600,-967,159
IMU1,873,8588462,-828,984,-3171,1576,-815,230
IMU1,874,8598196,-876,911,-3031,1539,-574,309
IMU1,875,8607946,-966,793,-2858,1529,-318,422
IMU1,876,8617676,-997,635,-2609,1569,-118,562
IMU1,877,8628953,-987,424,-2438,1703,106,872
IMU1,878,8638572,-993,379,-2289,1786,199,1007
IMU1,879,8648398,-1029,318,-2153,1884,283,1097
IMU1,880,8658421,-1127,275,-2054,1981,324,1156
IMU1,881,8668431,-1187,253,-2045,2070,319,1185
IMU1,882,8678458,-1216,239,-1977,2157,284,1187
IMU1,883,8688477,-1254,227,-1873,2259,249,1156
IMU1,884,8698497,-1275,211,-1788,2394,217,1118
IMU1,885,8708531,-1284,166,-1766,2557,181,1091
IMU1,886,8718533,-1332,117,-1697,2745,145,1083
IMU1,887,8728544,-1358,38,-1690,2948,137,1098
IMU1,888,8738358,-1405,-56,-1672,3151,151,1126
IMU1,889,8748281,-1423,-167,-1627,3354,169,1155
IMU1,890,8758387,-1476,-120,-1618,3545,149,1166
IMU1,891,8768506,-1501,-270,-1576,3711,57,1139
IMU1,892,8778427,-1579,-380,-1560,3851,-99,1075
IMU1,893,8788445,-1585,-439,-1372,3970,-259,999
IMU1,894,8798471,-496,-281,181,4248,-433,837
IMU1,895,8807993,-2350,-991,-2407,4740,-636,402
IMU1,896,8818020,-2554,-1321,-2183,4591,-1064,542
IMU1,897,8828441,-1957,-979,-1994,4362,-1245,843
IMU1,898,8838660,-1035,-768,-1460,4111,-762,1094
IMU1,899,8848876,-1395,-901,-1981,3984,-54,1097
IMU1,900,8859927,-1542,-827,-1920,3418,1456,1217
IMU1,901,8870243,-1490,-815,-1709,3022,2082,1409
IMU1,902,8880563,-1386,-871,-1506,2662,2589,1554
IMU1,903,8890883,-1373,-936,-1291,2351,2947,1632
IMU1,904,8901198,-1435,-1017,-1076,2111,3166,1659
IMU1,905,8911730,-1470,-1135,-843,1958,3226,1673
IMU1,906,8922050,-1717,-1179,-631,1899,3147,1704
IMU1,907,8932389,-1675,-1224,-529,1921,3031,1778
IMU1,908,8942717,-1629,-1253,-547,1978,2952,1870
IMU1,909,8953057,-1512,-1233,-599,2029,2903,1967
IMU1,910,8963396,-1402,-1155,-679,2060,2913,2037
IMU1,911,8973715,-1320,-1057,-921,2061,2985,2081
IMU1,912,8985071,-1094,-941,-1007,1887,3305,2120
IMU1,913,8995401,-1151,-800,-934,1720,3573,2113
IMU1,914,9005532,-1172,-711,-789,1546,3859,2125
IMU1,915,9015677,-1167,-669,-526,1416,4107,2172
IMU1,916,9025804,-1173,-588,-126,1391,4262,2232
IMU1,917,9038481,-1338,-545,306,1510,4240,2274
IMU1,918,9048512,-1666,-742,4,1707,3996,2358
IMU1,919,9058151,-1737,-762,-313,1815,3492,2565
IMU1,920,9068280,-1275,-586,-181,1845,2856,2781
IMU1,921,9078405,-1111,-403,-174,1849,2328,2916
IMU1,922,9088521,-914,-278,-273,1835,2019,2974
IMU1,923,9098442,-736,-210,-416,1784,1880,2980
IMU1,924,9109917,-828,-71,-224,1647,1814,3010
IMU1,925,9119649,-930,-61,36,1616,1865,3089
IMU1,926,9129088,-954,-25,354,1648,1895,3186
IMU1,927,9138723,-1080,-32,658,1746,1894,3290
IMU1,928,9148552,-1299,-23,920,1906,1788,3411
IMU1,929,9158390,-1397,-1,1022,2102,1504,3568
IMU1,930,9168241,-1506,51,1025,2306,1014,3720
IMU1,931,9178182,-1640,115,1015,2503,292,3847
IMU1,932,9188108,-1668,166,710,2674,-606,3940
IMU1,933,9197937,-1649,206,344,2786,-1514,4000
IMU1,934,9207966,-1736,198,424,2824,-2231,4057
IMU1,935,9218008,-1935,27,1272,2831,-2384,4145
IMU1,936,9228030,-1909,64,345,2756,-1295,4356
IMU1,937,9237856,-1578,215,216,2394,75,4561
IMU1,938,9247396,-2080,363,668,1994,585,4638
IMU1,939,9257133,-2195,457,774,1706,654,4697
IMU1,940,9266869,-2114,445,1005,1495,525,4693
IMU1,941,9276812,-2148,444,1018,1375,276,4616
IMU1,942,9286747,-2222,501,957,1305,-19,4520
IMU1,943,9296375,-2327,537,896,1256,-296,4439
IMU1,944,9306212,-2530,641,743,1213,-508,4399
IMU1,945,9316056,-2476,685,765,1176,-668,4388
IMU1,946,9325897,-2488,716,701,1163,-713,4359
IMU1,947,9335746,-2434,724,559,1144,-701,4311
IMU1,948,9345601,-2363,727,487,1103,-686,4230
IMU1,949,9355421,-2348,772,421,1056,-577,4122
IMU1,950,9365264,-2330,883,336,976,-345,3988
IMU1,951,9374899,-2371,1030,273,863,-85,3831
IMU1,952,9384544,-2441,1161,303,744,124,3641
IMU1,953,9394285,-2574,1228,324,650,233,3458
IMU1,954,9404021,-2715,1253,302,591,222,3304
IMU1,955,9413773,-2834,1237,269,565,96,3200
IMU1,956,9423313,-2903,1217,283,569,-100,3133
IMU1,957,9433153,-2860,1295,310,610,-321,3084
IMU1,958,9442998,-2748,1375,249,677,-551,3019
IMU1,959,9452835,-2647,1412,179,760,-742,2925
IMU1,960,9462659,-2584,1418,-134,808,-766,2807
IMU1,961,9472571,-2650,1369,99,800,-628,2681
IMU1,962,9482180,-2694,1370,-193,802,-658,2572
IMU1,963,9492094,-2494,1465,-170,752,-758,2448
IMU1,964,9502022,-2521,1522,-98,730,-832,2288
IMU1,965,9511762,-2593,1523,-166,735,-876,2138
IMU1,966,9521685,-2645,1565,-269,737,-837,2029
IMU1,967,9533164,-2861,1554,-302,666,-535,1942
IMU1,968,9543099,-2863,1441,-307,622,-372,1950
IMU1,969,9553031,-2778,1423,-227,568,-293,1938
IMU1,970,9562958,-2712,1455,-132,536,-327,1863
IMU1,971,9572889,-2649,1491,-125,530,-397,1727
IMU1,972,9582814,-2661,1493,-216,518,-435,1545
IMU1,973,9592748,-2746,1438,-306,467,-449,1372
IMU1,974,9602684,-2723,1420,-352,383,-456,1231
IMU1,975,9612596,-2603,1403,-342,289,-428,1108
IMU1,976,9622513,-2523,1347,-334,202,-334,977
IMU1,977,9632231,-2481,1332,-281,123,-234,846
IMU1,978,9641934,-2430,1372,-211,60,-148,718
IMU1,979,9651450,-2329,1410,-266,16,-32,584
IMU1,980,9660765,-2253,1453,-321,-42,85,441
IMU1,981,9670085,-2246,1408,-358,-118,166,306
IMU1,982,9679793,-2204,1387,-415,-202,174,191
IMU1,983,9689508,-2082,1398,-471,-295,75,89
IMU1,984,9698833,-2018,1425,-452,-371,-108,-13
IMU1,985,9708539,-1951,1466,-434,-395,-312,-101
IMU1,986,9718455,-1953,1517,-443,-375,-477,-158
IMU1,987,9728374,-1970,1505,-428,-314,-586,-181
IMU1,988,9738275,-1941,1470,-390,-216,-618,-169
IMU1,989,9748179,-1912,1454,-384,-91,-576,-145
IMU1,990,9757899,-1905,1424,-369,32,-531,-122
IMU1,991,9767525,-1870,1344,-362,138,-491,-112
IMU1,992,9777339,-1849,1329,-351,222,-457,-135
IMU1,993,9787154,-1836,1334,-289,290,-430,-182
IMU1,994,9796979,-1874,1329,-214,348,-372,-245
IMU1,995,9806793,-1963,1333,-132,398,-274,-310
IMU1,996,9816620,-2065,1325,-57,440,-189,-377
IMU1,997,9826241,-2116,1327,16,473,-176,-457
IMU1,998,9835766,-2209,1324,83,496,-231,-559
IMU1,999,9845278,-2353,1329,121,519,-305,-661
IMU1,1000,9854997,-2516,1347,183,534,-365,-740
IMU1,1001,9864920,-2737,1374,254,548,-406,-783
IMU1,1002,9874831,-2969,1358,364,572,-441,-786
IMU1,1003,9884750,-3191,1354,478,605,-479,-757
IMU1,1004,9894690,-3358,1329,641,644,-549,-735
IMU1,1005,9904600,-3478,1260,832,700,-652,-750
IMU1,1006,9914532,-3587,1247,998,766,-803,-823
IMU1,1007,9924457,-3727,1315,1151,830,-1028,-966
IMU1,1008,9934773,-3898,1347,1322,896,-1317,-1170
IMU1,1009,9945284,-4307,1542,1730,955,-1662,-1404
IMU1,1010,9956331,-4436,1597,2093,1106,-2484,-1901
IMU1,1011,9967069,-4558,1663,2442,1233,-2854,-2176
IMU1,1012,9977804,-4598,1712,2796,1397,-3057,-2453
IMU1,1013,9988545,-4638,1920,3138,1558,-3135,-2735
IMU1,1014,9999291,-4522,2229,3365,1695,-3255,-3067
IMU1,1015,10010020,-4399,2662,3493,1761,-3538,-3485
IMU1,1016,10020942,-4262,3201,3366,1705,-3879,-3954
IMU1,1017,10031862,-4030,4266,2683,1461,-4078,-4394
IMU1,1018,10045558,-4021,4867,2576,319,-3674,-4910
IMU1,1019,10056289,-4214,5539,2522,-486,-2967,-4944
IMU1,1020,10067113,-4618,6144,2494,-1428,-2172,-4905
IMU1,1021,10078160,-5070,6735,2155,-2565,-1656,-4865
IMU1,1022,10089187,-5298,7357,105,-4024,-1775,-4918
IMU1,1023,10100529,-5044,8303,-1159,-8023,-3379,-5417
IMU1,1024,10111659,-4757,8508,-1904,-10267,-3552,-5760
IMU1,1025,10123008,-4551,8138,-1911,-12263,-3097,-6220
IMU1,1026,10134359,-4850,7317,-1432,-13780,-2380,-6794
IMU1,1027,10145716,-4579,7769,-663,-14739,-1497,-7320
IMU1,1028,10156850,-3967,6713,765,-15094,-555,-8067
IMU1,1029,10167699,-4175,6496,1179,-14195,-35,-9784
IMU1,1030,10178529,-3757,6389,1705,-13296,-514,-10245
IMU1,1031,10189771,-3751,6521,1860,-12225,-1224,-10496
IMU1,1032,10201201,-3910,6313,1790,-11128,-2157,-10417
IMU1,1033,10212652,-4119,6094,1838,-10094,-3100,-9938
IMU1,1034,10223910,-4142,5690,1091,-9104,-3911,-9114
IMU1,1035,10234987,-2582,5541,346,-7361,-5444,-7117
IMU1,1036,10245834,-1741,5392,-396,-6716,-5732,-6260
IMU1,1037,10256757,-1301,5249,-1208,-6190,-5542,-5511
IMU1,1038,10267871,-1101,5075,-2095,-5792,-5122,-4813
IMU1,1039,10278985,-1014,4820,-2735,-5499,-4621,-4161
IMU1,1040,10290095,-958,4459,-2994,-5244,-3994,-3509
IMU1,1041,10301024,-1269,3596,-3058,-4981,-3246,-2868
IMU1,1042,10312145,-965,3333,-2856,-4238,-1786,-1659
IMU1,1043,10323047,-1061,2990,-2844,-3728,-1362,-1352
IMU1,1044,10334147,-935,2718,-2692,-3215,-1185,-1214
IMU1,1045,10345059,-827,2428,-2598,-2711,-1074,-1218
IMU1,1046,10355955,-984,2066,-2510,-2217,-918,-1291
IMU1,1047,10366669,-1133,1791,-2271,-1724,-757,-1336
IMU1,1048,10377581,-1321,1662,-2333,-1202,-715,-1324
IMU1,1049,10389008,-1403,1504,-2400,-368,-1001,-1197
IMU1,1050,10399910,-1437,1353,-2470,-143,-1046,-1104
IMU1,1051,10410837,-1522,1257,-2578,-21,-961,-993
IMU1,1052,10421137,-1536,1218,-2709,-1,-845,-843
IMU1,1053,10431240,-1516,1161,-2807,-46,-734,-680
IMU1,1054,10441552,-1441,1068,-2849,-124,-593,-527
IMU1,1055,10452062,-1372,988,-2809,-198,-392,-384
# swing_peak_seq=1029
IMU1,1056,10462358,-1215,892,-2740,-237,-144,-252
IMU1,1057,10472670,-1066,825,-2587,-217,109,-155
IMU1,1058,10482869,-992,756,-2437,-120,321,-92
IMU1,1059,10492686,-954,708,-2319,28,451,-44
IMU1,1060,10502202,-900,687,-2238,207,468,-4
IMU1,1061,10511709,-900,705,-2201,406,359,27
IMU1,1062,10521318,-917,685,-2189,605,175,60
IMU1,1063,10530938,-936,664,-2190,802,-1,92
IMU1,1064,10540247,-969,620,-2209,980,-117,146
IMU1,1065,10550155,-1003,566,-2150,1134,-172,219
IMU1,1066,10560461,-1068,474,-2135,1280,-193,295
IMU1,1067,10571791,-1062,394,-2105,1532,-170,390
IMU1,1068,10582101,-1070,260,-2049,1641,-155,423
IMU1,1069,10592398,-1089,177,-1966,1763,-157,436
IMU1,1070,10602695,-1102,102,-1927,1896,-174,446
IMU1,1071,10612998,-1155,71,-1906,2027,-190,447
IMU1,1072,10623111,-1215,70,-1917,2139,-159,442
IMU1,1073,10633246,-1339,62,-1972,2212,-47,442
IMU1,1074,10643160,-1349,36,-1966,2238,132,455
IMU1,1075,10653188,-1342,48,-1909,2237,354,466
IMU1,1076,10663203,-1385,57,-1865,2231,572,469
IMU1,1077,10673214,-1415,15,-1792,2228,759,473
IMU1,1078,10683236,-1475,-45,-1781,2231,920,494
IMU1,1079,10693346,-1464,-91,-1687,2241,1082,529
IMU1,1080,10703645,-1350,-183,-1661,2279,1279,539
IMU1,1081,10714158,-1312,-256,-1650,2327,1491,502
IMU1,1082,10725189,-1129,-287,-1506,2479,1865,322
IMU1,1083,10735702,-996,-274,-1357,2608,2110,192
IMU1,1084,10746016,-1024,-414,-1331,2761,2360,64
IMU1,1085,10756329,-1064,-531,-1313,2903,2476,-2
IMU1,1086,10766532,-994,-557,-1211,3026,2464,-10
IMU1,1087,10776748,-966,-598,-1098,3152,2410,31
IMU1,1088,10786874,-914,-651,-983,3290,2360,124
IMU1,1089,10796989,-921,-687,-930,3436,2331,281
IMU1,1090,10807111,-868,-743,-1027,3566,2314,506
IMU1,1091,10817437,-738,-842,-1104,3641,2283,768
IMU1,1092,10827751,-736,-700,-1028,3658,2225,1056
IMU1,1093,10838278,-693,-593,-1156,3640,2153,1376
IMU1,1094,10848808,-785,-848,-1127,3565,2171,1733
IMU1,1095,10859841,-583,-895,-766,3330,2694,2486
IMU1,1096,10870155,-846,-828,-564,3274,2785,2835
IMU1,1097,10880475,-1066,-997,-341,3243,2664,3206
IMU1,1098,10890961,-1251,-911,-264,3225,2150,3584
IMU1,1099,10901478,-1652,-1147,-833,3186,1119,3942
IMU1,1100,10912205,-1607,-1210,-699,3086,196,4257
IMU1,1101,10922708,-898,-1139,-69,3069,-403,4445
IMU1,1102,10932925,-576,-1000,103,3211,-630,4395
IMU1,1103,10943245,-592,-789,-59,3384,-468,4162
IMU1,1104,10953269,-557,-814,-237,3460,-94,3815
IMU1,1105,10963300,-796,-954,-456,3400,224,3444
IMU1,1106,10973422,-944,-915,-407,3224,515,3126
IMU1,1107,10983557,-1093,-845,78,3009,992,2866
IMU1,1108,10994629,-1528,-866,324,2686,2444,2596
IMU1,1109,11005051,-1684,-795,511,2604,2979,2601
IMU1,1110,11015481,-1763,-707,564,2584,3139,2665
IMU1,1111,11025912,-1792,-614,550,2617,2928,2750
IMU1,1112,11036357,-1839,-564,517,2687,2464,2855
IMU1,1113,11049354,-1869,-642,524,2779,1928,2980
IMU1,1114,11059781,-1914,-636,624,2887,1519,3080
IMU1,1115,11070221,-1893,-584,873,3003,1371,3117
IMU1,1116,11081190,-2206,-558,795,3252,1546,2864
IMU1,1117,11091633,-2505,-434,863,3328,1494,2842
IMU1,1118,11102066,-2324,-466,977,3419,1217,2880
IMU1,1119,11112503,-2492,-466,1077,3554,825,2927
IMU1,1120,11122939,-2434,-399,1106,3723,398,3013
IMU1,1121,11133388,-2450,-330,973,3899,5,3086
IMU1,1122,11143233,-2365,-233,895,4026,-253,3165
IMU1,1123,11153555,-2284,-131,848,4099,-292,3224
IMU1,1124,11163873,-2022,86,1113,4137,-123,3215
IMU1,1125,11174092,-2165,-13,967,4220,110,3072
IMU1,1126,11184121,-2378,10,745,4206,167,2890
IMU1,1127,11194044,-2274,440,844,4116,181,2775
IMU1,1128,11204176,-2380,481,821,3981,365,2650
IMU1,1129,11214295,-2465,458,748,3826,528,2559
IMU1,1130,11225478,-2549,764,794,3414,790,2501
IMU1,1131,11235636,-2536,787,768,3209,976,2509
IMU1,1132,11245777,-2538,856,767,2993,1148,2539
IMU1,1133,11256123,-2536,868,743,2769,1320,2574
IMU1,1134,11266458,-2578,901,708,2551,1462,2603
IMU1,1135,11276777,-2627,945,636,2326,1548,2624
IMU1,1136,11287121,-2663,956,580,2099,1564,2631
IMU1,1137,11297449,-2690,959,527,1866,1553,2604
IMU1,1138,11307776,-2701,928,542,1638,1556,2537
IMU1,1139,11318114,-2701,866,571,1439,1549,2426
IMU1,1140,11328451,-2718,849,624,1289,1493,2285
IMU1,1141,11338768,-2691,832,688,1203,1356,2119
IMU1,1142,11349098,-2645,684,716,1193,1122,1932
IMU1,1143,11359949,-2613,628,785,1326,545,1528
IMU1,1144,11370100,-2855,478,498,1423,310,1353
IMU1,1145,11380234,-2880,507,394,1452,85,1280
IMU1,1146,11390152,-2666,576,364,1422,-31,1265
IMU1,1147,11400184,-2516,634,293,1345,-8,1213
IMU1,1148,11410014,-2452,660,263,1227,36,1122
IMU1,1149,11419938,-2444,676,263,1087,10,1009
IMU1,1150,11429865,-2456,648,230,955,-40,895
IMU1,1151,11439496,-2482,632,133,812,-55,816
IMU1,1152,11449133,-2467,629,126,663,-8,770
IMU1,1153,11458570,-2407,639,141,524,84,738
IMU1,1154,11468102,-2373,677,197,417,160,695
IMU1,1155,11477846,-2366,700,263,356,215,633
IMU1,1156,11487579,-2387,685,355,335,221,568
IMU1,1157,11497315,-2360,684,385,370,148,508
IMU1,1158,11507046,-2393,643,244,405,11,450
IMU1,1159,11516580,-2231,657,-2,376,-125,404
IMU1,1160,11526108,-2182,692,-125,272,-151,332
IMU1,1161,11536013,-2129,732,-36,126,-67,258
IMU1,1162,11545510,-2103,766,18,8,35,178
IMU1,1163,11554444,-2130,772,3,-76,68,104
IMU1,1164,11563464,-2145,791,-23,-141,38,56
IMU1,1165,11572785,-2112,802,-56,-198,19,23
IMU1,1166,11582091,-2074,790,-159,-259,31,-6
IMU1,1167,11591507,-2046,794,-184,-333,69,-25
IMU1,1168,11601126,-2015,816,-202,-407,142,-45
IMU1,1169,11610918,-2042,836,-184,-466,199,-73
IMU1,1170,11620726,-2055,841,-179,-499,179,-88
IMU1,1171,11630532,-2035,846,-183,-502,85,-94
IMU1,1172,11640145,-1996,848,-208,-472,-18,-98
IMU1,1173,11649851,-1977,857,-245,-425,-100,-101
IMU1,1174,11659942,-1959,834,-313,-373,-143,-96
IMU1,1175,11669861,-1926,823,-350,-336,-120,-92
IMU1,1176,11679763,-1901,840,-355,-306,-39,-93
IMU1,1177,11689481,-1883,827,-358,-270,58,-108
IMU1,1178,11699287,-1886,824,-352,-241,110,-129
IMU1,1179,11709279,-1888,832,-323,-209,114,-144
IMU1,1180,11719295,-1890,840,-299,-175,108,-161
IMU1,1181,11729302,-1905,851,-299,-139,78,-175
IMU1,1182,11739117,-1909,884,-320,-99,10,-183
IMU1,1183,11748736,-1900,888,-362,-72,-51,-183
IMU1,1184,11758456,-1877,888,-397,-65,-79,-173
IMU1,1185,11768171,-1822,883,-433,-75,-70,-160
IMU1,1186,11777885,-1793,886,-452,-98,-37,-155
IMU1,1187,11787589,-1779,870,-442,-131,13,-150
IMU1,1188,11797403,-1782,883,-395,-158,73,-141
IMU1,1189,11807212,-1812,898,-347,-162,118,-133
IMU1,1190,11817213,-1844,888,-321,-146,131,-124
IMU1,1191,11827211,-1864,881,-296,-127,97,-110
IMU1,1192,11837009,-1837,876,-316,-102,21,-97
IMU1,1193,11846636,-1805,887,-367,-75,-66,-92
IMU1,1194,11856140,-1771,873,-413,-63,-120,-93
IMU1,1195,11865842,-1760,879,-442,-68,-116,-89
IMU1,1196,11875542,-1739,871,-447,-80,-74,-82
IMU1,1197,11885059,-1734,871,-435,-80,-17,-76
IMU1,1198,11894563,-1771,865,-398,-70,51,-67
IMU1,1199,11903975,-1793,873,-367,-49,108,-60
IMU1,1200,11913605,-1801,862,-331,-21,127,-59
IMU1,1201,11923203,-1813,863,-318,5,108,-62
IMU1,1202,11932510,-1834,869,-312,25,68,-69
IMU1,1203,11941832,-1828,873,-340,33,16,-77
IMU1,1204,11951153,-1802,875,-383,31,-40,-84
IMU1,1205,11960575,-1782,891,-408,22,-64,-89
IMU1,1206,11969974,-1785,882,-404,8,-36,-85
IMU1,1207,11979178,-1784,857,-379,1,10,-70
IMU1,1208,11988310,-1796,866,-363,5,44,-53
IMU1,1209,11997433,-1808,869,-341,19,45,-33
IMU1,1210,12006758,-1828,866,-324,41,42,-12
IMU1,1211,12016058,-1845,871,-328,62,35,8
IMU1,1212,12025073,-1845,851,-326,70,4,22
IMU1,1213,12034097,-1818,851,-331,71,-33,24
IMU1,1214,12043407,-1799,856,-352,74,-61,9
IMU1,1215,12055280,-1782,865,-363,64,-69,-8
IMU1,1216,12064490,-1791,883,-363,58,-39,-27
IMU1,1217,12073890,-1798,866,-353,46,9,-35
IMU1,1218,12083013,-1805,861,-361,37,59,-37
IMU1,1219,12092344,-1818,872,-353,23,83,-31
IMU1,1220,12101663,-1827,846,-315,17,82,-20
IMU1,1221,12110982,-1837,838,-273,26,73,-8
IMU1,1222,12120113,-1840,843,-257,49,47,3
IMU1,1223,12129656,-1853,840,-270,66,-1,12
IMU1,1224,12139287,-1853,842,-301,72,-54,22
IMU1,1225,12148609,-1834,849,-326,62,-89,38
IMU1,1226,12158444,-1800,846,-340,54,-80,27
IMU1,1227,12167763,-1795,851,-338,29,-43,14
IMU1,1228,12177587,-1794,874,-330,3,0,2
IMU1,1229,12187162,-1809,878,-327,-11,25,-6
IMU1,1230,12196890,-1836,861,-314,-14,19,-7
IMU1,1231,12206108,-1861,856,-283,-16,-29,9
IMU1,1232,12215834,-1854,847,-261,11,-111,33
IMU1,1233,12225359,-1846,852,-259,54,-201,52
IMU1,1234,12235397,-1835,848,-262,96,-281,77
IMU1,1235,12244931,-1823,848,-255,147,-313,99
IMU1,1236,12254655,-1812,846,-246,193,-291,121
IMU1,1237,12264578,-1823,859,-241,221,-227,129
IMU1,1238,12274497,-1858,847,-209,233,-162,133
IMU1,1239,12284420,-1944,818,-127,234,-106,137
IMU1,1240,12294345,-2030,789,-46,242,-92,147
IMU1,1241,12303855,-2135,762,35,261,-142,154
IMU1,1242,12313476,-2262,732,132,296,-246,169
IMU1,1243,12323298,-2383,692,193,351,-336,195
IMU1,1244,12333114,-2508,661,241,411,-375,231
IMU1,1245,12342936,-2635,609,324,465,-364,272
IMU1,1246,12352756,-2806,550,456,526,-307,307
IMU1,1247,12362582,-3019,514,596,597,-214,332
IMU1,1248,12372416,-3233,467,753,680,-137,332
IMU1,1249,12382236,-3429,421,943,771,-126,302
IMU1,1250,12392075,-3644,405,1166,871,-159,240
IMU1,1251,12402094,-3868,442,1388,989,-201,146
IMU1,1252,12412107,-4138,508,1747,1122,-259,27
IMU1,1253,12422135,-4382,564,2289,1297,-303,-120
IMU1,1254,12432457,-4619,765,2957,1546,-399,-322
IMU1,1255,12442791,-4744,980,3630,1880,-687,-619
IMU1,1256,12453132,-4905,1300,4115,2239,-1197,-1015
IMU1,1257,12464062,-4980,1734,4367,2493,-1815,-1472
IMU1,1258,12474990,-4601,2968,3510,2038,-3082,-2514
IMU1,1259,12485939,-4251,3617,2530,1030,-3408,-2974
IMU1,1260,12496874,-3991,4220,2002,-506,-3032,-3280
IMU1,1261,12507692,-3966,4647,1967,-2331,-1847,-3451
IMU1,1262,12518719,-4390,4858,2147,-4203,-451,-3617
IMU1,1263,12529553,-4874,5078,2298,-6016,356,-3904
IMU1,1264,12540311,-5217,5583,2492,-7697,288,-4404
IMU1,1265,12551055,-5680,7023,1980,-9156,-387,-5117
IMU1,1266,12561908,-6184,7811,1507,-11445,-2135,-6700
IMU1,1267,12573162,-5906,8313,1202,-12334,-2777,-7430
IMU1,1268,12584421,-5439,8373,1053,-12988,-2972,-8102
IMU1,1269,12595652,-5063,8051,857,-13319,-2643,-8688
IMU1,1270,12606682,-4818,7477,706,-13398,-1959,-9099
IMU1,1271,12617738,-4394,6758,730,-13297,-1239,-9300
IMU1,1272,12628784,-3663,5832,1447,-12541,-681,-9388
IMU1,1273,12639833,-3124,5821,1805,-11875,-1194,-9354
IMU1,1274,12651105,-2545,5862,2134,-11029,-2184,-9277
IMU1,1275,12662371,-2131,5874,1739,-10009,-3428,-9080
IMU1,1276,12673623,-1782,5497,818,-8926,-4481,-8572
IMU1,1277,12684455,-1734,4826,52,-7851,-4624,-7610
IMU1,1278,12695110,-1877,4117,-1130,-6749,-3720,-6203
IMU1,1279,12706264,-1168,3662,-1344,-4832,-1300,-3193
IMU1,1280,12717395,-610,3503,-1607,-4247,-932,-2416
IMU1,1281,12728122,-506,3357,-1957,-3925,-1054,-2169
IMU1,1282,12739039,-630,3112,-2258,-3818,-1251,-2149
IMU1,1283,12749981,-725,2775,-2430,-3793,-1228,-2159
IMU1,1284,12760912,-826,2445,-2441,-3727,-851,-2107
IMU1,1285,12771633,-997,2155,-2335,-3537,-183,-1968
IMU1,1286,12782361,-1113,1773,-2097,-3208,527,-1569
IMU1,1287,12793179,-1080,1640,-2005,-2321,1213,-1426
IMU1,1288,12804200,-1065,1440,-1981,-1852,1097,-1321
IMU1,1289,12815176,-800,1326,-1801,-1387,792,-1251
IMU1,1290,12825776,-885,1030,-1973,-910,439,-1237
IMU1,1291,12836168,-902,901,-2079,-489,99,-1171
IMU1,1292,12846165,-837,792,-2086,-100,-90,-1027
IMU1,1293,12856253,-829,640,-2286,252,-165,-875
IMU1,1294,12866245,-793,583,-2310,533,-152,-743
IMU1,1295,12876258,-831,451,-2302,749,-35,-650
IMU1,1296,12886067,-943,356,-2281,925,18,-565
# swing_peak_seq=1270
IMU1,1297,12895780,-986,275,-2347,1044,-79,-461
IMU1,1298,12905796,-937,232,-2483,1088,-229,-326
IMU1,1299,12915991,-854,157,-2585,1060,-267,-177
IMU1,1300,12926190,-806,40,-2594,980,-180,-44
IMU1,1301,12937350,-734,-33,-2561,821,198,189
IMU1,1302,12947057,-713,-97,-2532,759,429,269
IMU1,1303,12956781,-708,-161,-2487,712,614,308
IMU1,1304,12966706,-697,-209,-2416,683,709,322
IMU1,1305,12976605,-721,-255,-2331,696,713,328
IMU1,1306,12986522,-751,-276,-2245,750,665,366
IMU1,1307,12996438,-775,-296,-2156,851,584,435
IMU1,1308,13006364,-801,-347,-2056,993,461,519
IMU1,1309,13016278,-824,-402,-2006,1157,313,614
IMU1,1310,13026399,-846,-470,-1985,1333,206,696
IMU1,1311,13036517,-849,-548,-1943,1507,163,748
IMU1,1312,13046638,-822,-621,-1917,1665,169,755
IMU1,1313,13059315,-798,-702,-1865,1797,220,704
IMU1,1314,13069441,-783,-760,-1803,1906,309,611
IMU1,1315,13079568,-832,-798,-1721,1994,392,505
IMU1,1316,13089705,-932,-889,-1550,2076,453,418
IMU1,1317,13100871,-962,-942,-1517,2204,558,309
IMU1,1318,13111012,-987,-1037,-1482,2241,693,241
IMU1,1319,13121314,-947,-1145,-1449,2263,924,101
IMU1,1320,13131607,-985,-1280,-1364,2273,1252,-151
IMU1,1321,13142194,-952,-1460,-1351,2306,1634,-530
IMU1,1322,13152804,-780,-1595,-1297,2352,2039,-1053
IMU1,1323,13163605,-646,-1642,-1117,2436,2470,-1686
IMU1,1324,13174394,-778,-1723,-865,2602,2821,-2246
IMU1,1325,13185002,-805,-1774,-652,2841,2970,-2594
IMU1,1326,13195591,-544,-1570,-619,3082,2913,-2568
IMU1,1327,13206726,-304,-1411,-678,3283,2395,-1677
IMU1,1328,13217331,-219,-1223,-954,3147,2042,-1051
IMU1,1329,13227935,171,-1028,-1007,2861,1716,-458
IMU1,1330,13238440,793,-950,-1126,2509,1468,-5
IMU1,1331,13248357,771,-964,-1196,2109,1121,223
IMU1,1332,13258568,7,-1118,-971,1711,793,362
IMU1,1333,13268192,118,-660,-1040,1389,594,569
IMU1,1334,13278205,-264,-1242,-1099,1109,516,723
IMU1,1335,13288523,-525,-1485,-828,878,560,901
IMU1,1336,13298428,185,-1538,-895,747,643,1092
IMU1,1337,13308441,89,-1929,-767,679,761,1189
IMU1,1338,13318265,-162,-2210,-248,707,944,1335
IMU1,1339,13328369,-285,-2191,56,868,1202,1579
IMU1,1340,13338378,-536,-2022,115,1108,1492,1892
IMU1,1341,13348794,-486,-2149,10,1338,1692,2251
IMU1,1342,13359008,-347,-2349,-216,1516,1656,2553
IMU1,1343,13370052,-253,-2248,-154,1759,1084,2832
IMU1,1344,13380561,-322,-2184,-107,1885,789,2834
IMU1,1345,13390870,-342,-2191,-46,2029,606,2806
IMU1,1346,13400985,-327,-2165,-20,2171,600,2758
IMU1,1347,13411097,-265,-2045,-2,2299,740,2689
IMU1,1348,13421020,-241,-1870,-60,2403,958,2598
IMU1,1349,13431134,-354,-1799,80,2490,1182,2500
IMU1,1350,13441369,-301,-1693,42,2583,1356,2392
IMU1,1351,13451570,-239,-1505,45,2651,1467,2249
IMU1,1352,13461780,-220,-1348,-15,2691,1525,2080
IMU1,1353,13472079,-300,-1266,-18,2711,1561,1928
IMU1,1354,13482387,-337,-1217,-224,2691,1616,1840
IMU1,1355,13492889,-347,-1235,-107,2602,1741,1835
IMU1,1356,13503392,-499,-1053,-9,2488,1991,1908
IMU1,1357,13514041,-652,-978,52,2205,2630,2212
IMU1,1358,13524074,-813,-924,130,2056,2756,2398
IMU1,1359,13534295,-881,-915,215,1921,2700,2587
IMU1,1360,13544514,-1001,-919,388,1828,2565,2745
IMU1,1361,13554924,-1145,-893,587,1803,2409,2877
IMU1,1362,13565352,-1242,-806,626,1866,2243,2982
IMU1,1363,13575781,-1284,-742,611,1969,2088,3076
IMU1,1364,13586197,-1310,-667,541,2068,2003,3166
IMU1,1365,13596621,-1271,-542,415,2123,2015,3241
IMU1,1366,13607046,-1184,-399,311,2106,2117,3267
IMU1,1367,13617460,-1219,-294,190,2012,2297,3278
IMU1,1368,13627876,-1583,-238,111,1833,2504,3319
IMU1,1369,13639344,-2119,0,493,1387,2748,3643
IMU1,1370,13649174,-2339,103,723,1239,2773,3854
IMU1,1371,13659503,-2499,178,779,1156,2799,4073
IMU1,1372,13669847,-2654,202,806,1070,2844,4319
IMU1,1373,13680175,-2764,224,714,968,2871,4577
IMU1,1374,13690307,-2734,258,588,821,2854,4828
IMU1,1375,13700437,-2637,318,399,627,2803,5023
IMU1,1376,13710583,-2560,365,267,393,2750,5157
IMU1,1377,13720711,-2558,415,163,145,2694,5233
IMU1,1378,13730851,-2686,559,125,-99,2591,5265
IMU1,1379,13740873,-2684,611,48,-307,2358,5269
IMU1,1380,13750905,-2978,757,220,-453,1938,5237
IMU1,1381,13761140,-2963,619,325,-495,1327,5212
IMU1,1382,13771357,-2956,814,373,-418,695,5164
IMU1,1383,13781382,-2616,824,297,-270,254,5048
IMU1,1384,13791403,-2665,1163,-72,-108,116,4849
IMU1,1385,13802557,-2480,1156,-112,68,502,4337
IMU1,1386,13812587,-2556,1059,-190,92,809,4041
IMU1,1387,13822607,-2548,1083,-207,88,1067,3724
IMU1,1388,13832840,-2542,1143,-155,95,1203,3366
IMU1,1389,13843060,-2639,1177,-108,143,1214,2987
IMU1,1390,13853483,-2706,1150,-63,247,1105,2631
IMU1,1391,13863704,-2719,1108,0,399,902,2324
IMU1,1392,13873345,-2682,1083,85,594,636,2054
IMU1,1393,13883282,-2655,1087,67,820,338,1811
IMU1,1394,13893202,-2633,1109,1,1047,50,1600
IMU1,1395,13902919,-2607,1120,-116,1236,-190,1424
IMU1,1396,13913440,-2557,1129,-276,1357,-332,1280
IMU1,1397,13923971,-2501,1146,-449,1383,-367,1162
IMU1,1398,13934499,-2436,1142,-579,1318,-325,1059
IMU1,1399,13945008,-2381,1123,-654,1183,-260,957
IMU1,1400,13955334,-2308,1084,-696,998,-210,848
IMU1,1401,13965968,-2298,1097,-664,591,-227,629
IMU1,1402,13976093,-2293,1119,-630,407,-287,541
IMU1,1403,13986219,-2275,1111,-606,272,-334,440
IMU1,1404,13996344,-2239,1102,-575,179,-362,376
IMU1,1405,14006473,-2213,1130,-572,120,-376,341
IMU1,1406,14016591,-2163,1098,-566,93,-374,307
IMU1,1407,14026508,-2107,1045,-578,84,-385,280
IMU1,1408,14036423,-2050,1029,-584,90,-409,249
IMU1,1409,14046336,-1967,1018,-586,104,-429,204
IMU1,1410,14056454,-1906,1029,-567,126,-430,138
IMU1,1411,14069028,-1873,1069,-542,156,-397,52
IMU1,1412,14078962,-1870,1115,-513,191,-335,-51
IMU1,1413,14088997,-1878,1135,-469,225,-261,-157
IMU1,1414,14099204,-1964,1117,-349,252,-199,-249
IMU1,1415,14110436,-1896,1106,-288,290,-135,-391
IMU1,1416,14120654,-1882,1086,-278,305,-153,-466
IMU1,1417,14130867,-1940,1078,-304,310,-201,-544
IMU1,1418,14141095,-1972,1104,-348,285,-243,-591
IMU1,1419,14151312,-2016,1114,-374,243,-261,-614
IMU1,1420,14161534,-2127,1095,-338,196,-271,-618
IMU1,1421,14171753,-2236,1057,-260,168,-307,-592
IMU1,1422,14181981,-2327,1031,-157,173,-378,-541
IMU1,1423,14192205,-2458,968,-86,213,-459,-477
IMU1,1424,14202019,-2571,897,-59,270,-550,-404
IMU1,1425,14211832,-2711,818,-44,337,-667,-338
IMU1,1426,14221652,-2824,751,-32,406,-796,-285
IMU1,1427,14231473,-2951,706,0,478,-890,-256
IMU1,1428,14240914,-3085,670,-5,543,-904,-259
IMU1,1429,14250535,-3235,671,18,604,-864,-302
IMU1,1430,14260261,-3424,664,63,667,-833,-405
IMU1,1431,14269974,-3663,704,89,725,-864,-513
IMU1,1432,14279710,-3904,742,198,779,-951,-598
IMU1,1433,14289654,-4154,845,315,841,-1030,-679
IMU1,1434,14299785,-4222,911,565,921,-1123,-752
IMU1,1435,14309928,-4295,1026,907,1045,-1207,-873
IMU1,1436,14320466,-4531,1158,1634,1199,-1201,-1049
IMU1,1437,14331401,-5126,1529,2064,1550,-1162,-1545
IMU1,1438,14342346,-5359,1836,2498,1707,-1445,-1895
IMU1,1439,14353278,-5558,2221,2866,1821,-1957,-2333
IMU1,1440,14364225,-5513,2677,2918,1808,-2546,-2829
IMU1,1441,14375155,-5529,3382,2602,1538,-2944,-3374
IMU1,1442,14386086,-5752,3997,2150,869,-2826,-3905
IMU1,1443,14396832,-5968,4519,1777,-305,-2230,-4354
IMU1,1444,14407674,-6133,5784,1472,-1952,-1662,-5601
IMU1,1445,14418699,-6382,6449,1288,-6014,-2650,-6634
IMU1,1446,14429708,-6716,7132,1687,-8042,-3907,-7780
IMU1,1447,14440730,-7185,7877,1485,-9719,-4780,-8867
IMU1,1448,14451771,-7474,8795,1052,-11120,-5244,-9842
IMU1,1449,14463009,-7444,9137,1052,-12282,-5363,-10672
IMU1,1450,14474445,-7473,8114,1496,-13135,-4997,-11288
IMU1,1451,14485870,-6978,7444,1320,-13908,-4084,-11428
IMU1,1452,14497302,-6303,6797,1256,-13998,-3988,-10973
IMU1,1453,14508747,-4918,6435,1683,-13754,-3990,-10279
IMU1,1454,14520181,-2840,6471,1555,-13008,-3888,-9653
IMU1,1455,14531404,-1776,6268,1338,-11869,-3625,-9254
IMU1,1456,14542637,-1176,5852,41,-8677,-1970,-7824
IMU1,1457,14553266,-908,5937,-766,-7083,-1431,-6575
IMU1,1458,14563998,-357,5715,-1428,-5773,-1972,-5257
IMU1,1459,14574921,-104,4997,-1711,-4845,-2993,-4065
IMU1,1460,14585840,-33,4452,-2153,-4191,-3354,-2939
IMU1,1461,14596563,-57,4009,-2461,-3757,-2979,-1905
IMU1,1462,14607278,93,3451,-2504,-3499,-2229,-1107
IMU1,1463,14617911,-67,2886,-2288,-3365,-1377,-657
IMU1,1464,14628411,-916,1925,-1766,-3284,-633,-450
IMU1,1465,14639438,-1337,1635,-1550,-3188,111,-336
IMU1,1466,14650067,-1508,1283,-1462,-3106,311,-284
IMU1,1467,14660685,-1464,1048,-1386,-3008,355,-252
IMU1,1468,14671297,-1342,878,-1393,-2857,316,-252
IMU1,1469,14681722,-1120,763,-1452,-2652,272,-259
IMU1,1470,14692129,-998,689,-1458,-2406,254,-266
IMU1,1471,14702344,-867,660,-1465,-2120,273,-256
IMU1,1472,14712568,-747,672,-1514,-1815,269,-232
IMU1,1473,14722798,-622,701,-1615,-1518,206,-209
IMU1,1474,14733013,-520,717,-1749,-1259,122,-196
IMU1,1475,14743231,-411,673,-1840,-1051,63,-193
IMU1,1476,14753249,-400,552,-1930,-894,41,-189
IMU1,1477,14764609,-438,511,-1960,-679,180,-71
# swing_peak_seq=1451
IMU1,1478,14774421,-448,482,-2010,-598,238,14
IMU1,1479,14784126,-467,430,-2072,-548,291,98
IMU1,1480,14793838,-478,359,-2119,-529,337,182
IMU1,1481,14803757,-449,277,-2137,-520,405,250
IMU1,1482,14813669,-448,217,-2115,-526,510,308
IMU1,1483,14823588,-452,184,-2108,-530,635,351
IMU1,1484,14833514,-466,191,-2101,-536,739,374
IMU1,1485,14843441,-492,169,-2085,-542,766,373
IMU1,1486,14853354,-540,173,-2111,-540,736,361
IMU1,1487,14863270,-564,142,-2115,-540,668,357
IMU1,1488,14873192,-581,144,-2151,-533,599,371
IMU1,1489,14883129,-569,168,-2171,-511,546,400
IMU1,1490,14893044,-568,181,-2194,-479,505,443
IMU1,1491,14902961,-545,173,-2166,-439,492,494
IMU1,1492,14912878,-493,167,-2134,-376,518,537
IMU1,1493,14922789,-415,175,-2108,-293,566,561
IMU1,1494,14932706,-350,196,-2081,-190,610,558
IMU1,1495,14942629,-302,234,-2090,-75,640,533
IMU1,1496,14952359,-294,285,-2113,44,642,496
IMU1,1497,14961973,-303,300,-2134,154,612,464
IMU1,1498,14971807,-295,305,-2119,255,563,452
IMU1,1499,14981640,-270,299,-2127,364,516,463
IMU1,1500,14991464,-230,281,-2132,470,482,492
IMU1,1501,15001288,-228,261,-2075,579,469,524
IMU1,1502,15011124,-244,227,-2026,690,493,561
IMU1,1503,15020955,-249,196,-1992,794,540,606
IMU1,1504,15030799,-279,191,-1959,892,553,650
IMU1,1505,15040644,-277,204,-1940,992,504,682
IMU1,1506,15050460,-283,185,-1955,1088,411,697
IMU1,1507,15060487,-295,153,-1887,1183,314,709
IMU1,1508,15073077,-264,81,-1810,1375,255,725
IMU1,1509,15082912,-275,20,-1824,1470,285,743
IMU1,1510,15092742,-203,5,-1697,1571,300,764
IMU1,1511,15102383,-163,-51,-1615,1682,309,778
IMU1,1512,15112317,-213,-87,-1499,1791,334,781
IMU1,1513,15122252,-283,-150,-1484,1911,320,799
IMU1,1514,15132383,-182,-166,-1421,2024,239,827
IMU1,1515,15142504,-192,-192,-1314,2144,99,840
IMU1,1516,15152427,-89,-225,-1082,2313,-57,829
IMU1,1517,15162258,6,-313,-1158,2518,-233,783
IMU1,1518,15172000,-256,-260,-1400,2690,-405,685
IMU1,1519,15182207,-540,-339,-1455,2749,-484,678
IMU1,1520,15192427,-332,-395,-1163,2745,-465,788
IMU1,1521,15202657,150,-373,-854,2781,-312,895
IMU1,1522,15212584,-411,-437,-1066,2853,-52,924
IMU1,1523,15222608,-398,-493,-973,2861,117,1055
IMU1,1524,15232731,-482,-565,-912,2844,144,1240
IMU1,1525,15242853,-536,-622,-888,2812,110,1431
IMU1,1526,15252982,-317,-635,-843,2771,3,1610
IMU1,1527,15262712,-437,-679,-1002,2726,-142,1721
IMU1,1528,15274175,-603,-907,-967,2565,-418,1920
IMU1,1529,15284394,-727,-1082,-848,2502,-503,2022
IMU1,1530,15294817,-748,-1184,-771,2474,-517,2118
IMU1,1531,15305263,-815,-1214,-702,2495,-457,2223
IMU1,1532,15315703,-792,-1239,-726,2533,-364,2352
IMU1,1533,15326155,-672,-1184,-710,2562,-261,2476
IMU1,1534,15336594,-621,-1073,-699,2574,-144,2557
IMU1,1535,15347036,-663,-1033,-751,2558,9,2600
IMU1,1536,15356996,-755,-1096,-787,2484,170,2633
IMU1,1537,15367349,-1007,-1243,-707,2362,298,2674
IMU1,1538,15377871,-1265,-1490,-558,2229,391,2752
IMU1,1539,15388411,-1458,-1712,-301,2124,449,3009
IMU1,1540,15398936,-1345,-1710,-144,2079,379,3092
IMU1,1541,15409468,-1206,-1639,8,2167,268,3084
IMU1,1542,15419493,-1100,-1547,144,2346,146,3003
IMU1,1543,15429934,-1085,-1448,86,2576,-7,2887
IMU1,1544,15439845,-1088,-1338,-26,2806,-231,2746
IMU1,1545,15450262,-1269,-1323,-121,2990,-524,2603
IMU1,1546,15460874,-1560,-1456,-109,3103,-770,2518
IMU1,1547,15471513,-1714,-1624,-31,3153,-863,2506
IMU1,1548,15481954,-1817,-1639,75,3158,-785,2539
IMU1,1549,15492303,-1734,-1630,69,3127,-593,2589
IMU1,1550,15502633,-1682,-1537,123,3052,-370,2605
IMU1,1551,15513163,-1777,-1357,40,2961,-190,2558
IMU1,1552,15524028,-1795,-1317,115,2725,82,2365
IMU1,1553,15534250,-1941,-1332,146,2618,145,2283
IMU1,1554,15544677,-2139,-1355,133,2516,170,2256
IMU1,1555,15555116,-2349,-1415,159,2395,197,2303
IMU1,1556,15565579,-2459,-1486,239,2271,232,2401
IMU1,1557,15576006,-2455,-1484,320,2165,270,2505
IMU1,1558,15586432,-2425,-1446,398,2093,286,2577
IMU1,1559,15596856,-2453,-1430,526,2066,251,2615
IMU1,1560,15607287,-2456,-1416,668,2102,177,2628
IMU1,1561,15617711,-2414,-1372,675,2199,85,2616
IMU1,1562,15627934,-2439,-1256,629,2319,-27,2572
IMU1,1563,15638271,-2462,-1289,441,2427,-161,2502
IMU1,1564,15649318,-2520,-1106,406,2511,-309,2335
IMU1,1565,15659854,-2463,-997,351,2491,-285,2228
IMU1,1566,15670194,-2315,-1020,186,2413,-241,2079
IMU1,1567,15680726,-2375,-962,209,2281,-121,1918
IMU1,1568,15691046,-2388,-879,235,2130,100,1765
IMU1,1569,15701281,-2380,-805,225,1972,343,1612
IMU1,1570,15711506,-2405,-723,267,1801,542,1456
IMU1,1571,15721750,-2488,-660,372,1640,707,1310
IMU1,1572,15731983,-2600,-614,401,1495,854,1199
IMU1,1573,15742214,-2682,-599,392,1358,959,1143
IMU1,1574,15752462,-2700,-558,380,1222,994,1137
IMU1,1575,15762699,-2689,-502,393,1086,968,1158
IMU1,1576,15772930,-2679,-417,418,951,906,1194
IMU1,1577,15783482,-2639,-384,425,713,689,1262
IMU1,1578,15793515,-2542,-362,442,604,539,1258
IMU1,1579,15803562,-2448,-367,458,497,424,1205
IMU1,1580,15813589,-2457,-365,449,400,362,1097
IMU1,1581,15823617,-2521,-428,463,310,349,978
IMU1,1582,15833455,-2522,-392,614,242,338,887
IMU1,1583,15843298,-2298,-454,734,229,228,812
IMU1,1584,15853126,-2611,-321,642,261,-100,764
IMU1,1585,15863037,-2967,-373,614,300,-439,816
IMU1,1586,15872981,-2820,-437,776,351,-567,951
IMU1,1587,15882906,-2546,-411,747,423,-602,1075
IMU1,1588,15893035,-2381,-286,825,486,-719,1133
IMU1,1589,15903163,-2297,-276,757,544,-895,1138
IMU1,1590,15913303,-2234,-299,773,574,-981,1092
IMU1,1591,15923446,-2135,-288,641,564,-914,999
IMU1,1592,15933371,-1993,-239,562,489,-749,844
IMU1,1593,15943313,-2017,-207,514,362,-636,625
IMU1,1594,15953258,-2135,-186,627,222,-596,377
IMU1,1595,15963204,-2101,-197,721,104,-611,126
IMU1,1596,15973132,-2087,-270,700,8,-628,-129
IMU1,1597,15982770,-2225,-245,690,-75,-641,-350
IMU1,1598,15992693,-2318,-236,699,-144,-624,-498
IMU1,1599,16002827,-2320,-238,718,-202,-599,-580
IMU1,1600,16012934,-2289,-223,811,-241,-580,-625
IMU1,1601,16024062,-2222,-167,857,-271,-605,-650
IMU1,1602,16034154,-2198,-152,899,-255,-643,-651
IMU1,1603,16044249,-2048,-135,956,-227,-693,-649
IMU1,1604,16054341,-2357,-171,1084,-197,-795,-686
IMU1,1605,16064651,-2326,-89,843,-146,-936,-672
IMU1,1606,16077090,-1945,-50,625,-171,-988,-670
IMU1,1607,16086977,-1959,-121,547,-292,-951,-748
IMU1,1608,16097082,-1667,-201,740,-438,-912,-848
IMU1,1609,16107178,-2428,-159,684,-566,-931,-963
IMU1,1610,16117287,-2014,138,754,-694,-922,-957
IMU1,1611,16127305,-1627,-154,804,-798,-789,-1017
IMU1,1612,16137621,-2412,-321,657,-883,-690,-1136
IMU1,1613,16147913,-2054,-90,814,-991,-675,-1060
IMU1,1614,16158538,-1770,-252,926,-1132,-729,-829
IMU1,1615,16168848,-2066,-212,989,-1138,-812,-791
IMU1,1616,16179152,-2272,-113,988,-1119,-863,-750
IMU1,1617,16189483,-2055,-181,895,-1119,-854,-701
IMU1,1618,16199783,-1867,-248,867,-1151,-756,-713
IMU1,1619,16210090,-1813,-254,908,-1210,-579,-798
IMU1,1620,16220398,-1750,-232,924,-1283,-416,-944
IMU1,1621,16230700,-1630,-251,914,-1372,-333,-1158
IMU1,1622,16241199,-1674,-394,916,-1467,-280,-1415
IMU1,1623,16251705,-1934,-443,904,-1563,-246,-1642
IMU1,1624,16262206,-2092,-476,939,-1652,-285,-1780
IMU1,1625,16272708,-2110,-707,748,-1718,-386,-1850
IMU1,1626,16283741,-2486,-929,810,-1894,-538,-1856
IMU1,1627,16294253,-2837,-912,1118,-1970,-673,-1765
IMU1,1628,16304975,-2822,-918,1332,-1942,-818,-1581
IMU1,1629,16315684,-2421,-965,1232,-1853,-794,-1423
IMU1,1630,16326405,-2021,-974,1086,-1776,-675,-1376
IMU1,1631,16337098,-1923,-966,1074,-1731,-565,-1431
IMU1,1632,16347809,-1945,-941,1165,-1686,-575,-1520
IMU1,1633,16358525,-1904,-935,1207,-1616,-685,-1606
IMU1,1634,16369226,-1789,-1051,1099,-1526,-745,-1828
IMU1,1635,16380144,-1920,-1053,953,-1369,-824,-1888
IMU1,1636,16390868,-2002,-1061,785,-1327,-809,-1884
IMU1,1637,16401544,-1985,-1088,624,-1330,-721,-1834
IMU1,1638,16412235,-1933,-1112,541,-1360,-569,-1768
IMU1,1639,16422919,-1820,-1237,505,-1400,-429,-1708
IMU1,1640,16433607,-1639,-1212,576,-1425,-399,-1670
IMU1,1641,16444292,-1629,-1170,599,-1423,-486,-1660
IMU1,1642,16454978,-1464,-1135,588,-1403,-619,-1645
IMU1,1643,16465669,-1285,-981,354,-1379,-807,-1589
IMU1,1644,16476154,-1142,-909,272,-1410,-829,-1533
IMU1,1645,16486661,-1101,-836,150,-1463,-791,-1451
IMU1,1646,16497144,-1077,-798,56,-1537,-691,-1331
IMU1,1647,16507440,-742,-699,-372,-1620,-580,-1188
IMU1,1648,16517827,-850,-805,-314,-1783,-522,-1067
IMU1,1649,16528211,-867,-973,-359,-1950,-398,-936
IMU1,1650,16538399,-663,-909,-169,-2103,-310,-805
IMU1,1651,16548588,-684,-806,-54,-2198,-246,-709
IMU1,1652,16558570,-840,-726,65,-2239,-160,-618
IMU1,1653,16568469,-1006,-828,117,-2252,-170,-498
IMU1,1654,16578748,-1343,-989,170,-2256,-333,-332
IMU1,1655,16589034,-1824,-1250,284,-2245,-609,-80
IMU1,1656,16599323,-2053,-1278,43,-2219,-969,278
IMU1,1657,16609532,-2808,-1305,46,-2213,-1382,693
IMU1,1658,16620450,-2385,-1525,-107,-2188,-1765,1552
IMU1,1659,16631361,-1578,-1762,-20,-2189,-1716,1817
IMU1,1660,16642064,-1218,-1763,428,-2180,-1544,1886
IMU1,1661,16652853,-1159,-1584,819,-2078,-1146,1832
IMU1,1662,16663650,-1018,-1437,703,-1913,-580,1711
IMU1,1663,16674268,-981,-1415,399,-1765,-90,1504
IMU1,1664,16684467,-993,-1441,102,-1681,129,1209
IMU1,1665,16694762,-1003,-1373,-65,-1665,78,844
IMU1,1666,16704753,-916,-1228,63,-1671,-77,435
IMU1,1667,16714558,-822,-1201,124,-1640,-152,7
IMU1,1668,16724351,-922,-1257,171,-1564,-165,-393
IMU1,1669,16734647,-1266,-1287,133,-1452,-172,-934
IMU1,1670,16745140,-1401,-1314,61,-1163,-208,-1050
IMU1,1671,16755630,-1480,-1369,-69,-1036,-206,-1068
IMU1,1672,16766216,-1520,-1397,-225,-944,-176,-1024
IMU1,1673,16776820,-1502,-1391,-359,-892,-154,-950
IMU1,1674,16787224,-1346,-1334,-413,-877,-159,-886
IMU1,1675,16797616,-1184,-1263,-436,-879,-194,-860
IMU1,1676,16808013,-1223,-1133,-916,-899,-228,-871
IMU1,1677,16818398,-2298,-980,-3263,-1193,-130,-809
IMU1,1678,16828998,-1653,-1164,-1780,-2006,304,-420
IMU1,1679,16839691,-1450,-1274,-1282,-2670,1135,-116
IMU1,1680,16850581,-917,-1628,-119,-3225,2555,111
IMU1,1681,16860979,-850,-1580,-381,-3213,3117,-13
IMU1,1682,16871283,-950,-1414,-967,-3202,3515,-204
IMU1,1683,16881785,-1009,-1325,-1141,-3268,3733,-369
IMU1,1684,16892677,-1063,-1290,-1171,-3297,3758,-556
IMU1,1685,16903590,-644,-1431,-1773,-3307,3589,-761
IMU1,1686,16914295,-961,-1589,-1491,-3382,3230,-985
IMU1,1687,16924997,-855,-1584,-1491,-3385,2735,-1149
IMU1,1688,16935898,-645,-1676,-1883,-3347,2137,-1268
IMU1,1689,16946806,-174,-1556,-2133,-3347,925,-1475
IMU1,1690,16957520,-307,-1300,-2032,-3316,522,-1556
IMU1,1691,16968227,-368,-1157,-2091,-3205,273,-1568
IMU1,1692,16978917,-576,-958,-2082,-3061,88,-1509
IMU1,1693,16989227,-538,-847,-1718,-2866,-35,-1380
IMU1,1694,16999625,-698,-727,-1644,-2574,-137,-1230
IMU1,1695,17010211,-838,-648,-1425,-2242,-205,-1042
IMU1,1696,17020801,-887,-645,-1304,-1863,-208,-820
IMU1,1697,17031181,-865,-711,-1290,-1467,-184,-588
IMU1,1698,17041582,-676,-807,-1402,-1089,-207,-381
IMU1,1699,17051965,-689,-780,-1764,-778,-327,-240
IMU1,1700,17062676,-652,-766,-1757,-379,-562,-120
IMU1,1701,17072866,-574,-743,-1739,-253,-578,-123
IMU1,1702,17085619,-570,-726,-1671,-143,-533,-168
IMU1,1703,17095809,-586,-726,-1619,-50,-458,-218
IMU1,1704,17105805,-620,-717,-1621,35,-376,-274
IMU1,1705,17115714,-702,-704,-1675,106,-328,-322
IMU1,1706,17125821,-777,-715,-1771,170,-320,-354
IMU1,1707,17135926,-810,-723,-1851,210,-344,-372
IMU1,1708,17146037,-820,-719,-1915,234,-396,-381
IMU1,1709,17156158,-800,-677,-1895,248,-455,-385
IMU1,1710,17166261,-710,-647,-1788,259,-507,-389
IMU1,1711,17176365,-673,-642,-1685,288,-541,-397
IMU1,1712,17187508,-700,-562,-1714,354,-483,-371
IMU1,1713,17197625,-739,-504,-1726,348,-401,-315
IMU1,1714,17207742,-785,-505,-1745,314,-291,-223
IMU1,1715,17217851,-766,-587,-1780,253,-162,-95
IMU1,1716,17227746,-700,-640,-1752,166,-21,45
IMU1,1717,17237349,-706,-634,-1702,80,136,165
IMU1,1718,17247066,-645,-638,-1712,11,290,257
IMU1,1719,17256782,-622,-684,-1726,-59,389,313
IMU1,1720,17266602,-618,-813,-1718,-113,413,337
IMU1,1721,17276610,-618,-892,-1737,-154,364,348
IMU1,1722,17286634,-642,-972,-1721,-174,254,349
IMU1,1723,17296621,-627,-1014,-1762,-171,130,340
IMU1,1724,17306820,-595,-1056,-1788,-155,13,311
IMU1,1725,17316828,-566,-1057,-1794,-125,-89,258
IMU1,1726,17326920,-545,-1005,-1788,-85,-162,183
IMU1,1727,17337009,-609,-982,-1808,-52,-203,104
IMU1,1728,17346908,-580,-893,-1775,-23,-226,31
IMU1,1729,17356608,-632,-850,-1783,9,-242,-44
IMU1,1730,17366129,-637,-799,-1761,23,-257,-99
IMU1,1731,17375849,-696,-769,-1734,28,-271,-127
IMU1,1732,17385762,-736,-747,-1733,25,-271,-134
IMU1,1733,17395668,-747,-739,-1737,9,-261,-123
IMU1,1734,17405382,-755,-738,-1726,-16,-236,-107
IMU1,1735,17415399,-765,-748,-1725,-43,-188,-85
IMU1,1736,17425193,-758,-754,-1714,-67,-119,-68
IMU1,1737,17435003,-735,-753,-1717,-85,-49,-63
IMU1,1738,17444608,-743,-763,-1710,-95,4,-72
IMU1,1739,17453919,-737,-768,-1716,-91,25,-89
IMU1,1740,17463432,-752,-781,-1727,-76,15,-108
IMU1,1741,17473144,-752,-792,-1732,-60,-21,-119
IMU1,1742,17482951,-741,-785,-1737,-40,-54,-121
IMU1,1743,17492758,-732,-772,-1735,-22,-72,-121
IMU1,1744,17502566,-733,-764,-1732,-6,-69,-118
IMU1,1745,17512181,-737,-756,-1734,4,-60,-101
IMU1,1746,17521692,-739,-746,-1730,15,-39,-80
IMU1,1747,17531201,-733,-738,-1740,19,-13,-53
IMU1,1748,17540705,-731,-733,-1744,19,-2,-29
IMU1,1749,17550019,-734,-746,-1746,22,-8,-24
IMU1,1750,17559338,-732,-734,-1754,27,-25,-27
IMU1,1751,17568861,-733,-731,-1747,28,-42,-25
IMU1,1752,17578370,-732,-727,-1745,31,-57,-23
IMU1,1753,17587889,-736,-715,-1735,35,-65,-22
IMU1,1754,17597408,-746,-721,-1733,41,-64,-20
IMU1,1755,17606937,-748,-732,-1729,51,-55,-16
IMU1,1756,17616450,-754,-735,-1729,60,-40,-6
IMU1,1757,17625753,-749,-730,-1740,67,-26,4
IMU1,1758,17634965,-738,-716,-1742,73,-25,10
