# label=FC
IMU1,244,2340054,212,-51,2057,91,61,-18
IMU1,245,2349173,213,-31,2045,90,58,-29
IMU1,246,2358821,217,-12,2059,83,68,-47
IMU1,247,2368462,245,1,2091,89,74,-80
IMU1,248,2378324,258,22,2124,93,67,-118
IMU1,249,2388071,267,43,2113,101,62,-135
IMU1,250,2397500,233,42,2104,112,63,-146
IMU1,251,2406939,225,51,2094,113,55,-150
IMU1,252,2416885,224,58,2089,118,50,-151
IMU1,253,2426305,199,66,2096,123,39,-137
IMU1,254,2435738,218,68,2082,125,28,-119
IMU1,255,2445687,229,54,2055,125,22,-117
IMU1,256,2455115,165,55,2042,115,33,-123
IMU1,257,2465072,147,52,2050,98,25,-110
IMU1,258,2474297,131,33,2053,84,-1,-96
IMU1,259,2484262,154,23,2068,71,-16,-71
IMU1,260,2493905,184,25,2088,62,-13,-52
IMU1,261,2503030,196,3,2104,66,-6,-44
IMU1,262,2512808,196,10,2126,72,-6,-39
IMU1,263,2522253,209,3,2116,97,5,-46
IMU1,264,2531926,227,7,2116,114,14,-53
IMU1,265,2541486,215,12,2098,115,21,-63
IMU1,266,2551235,205,7,2095,116,9,-71
IMU1,267,2561118,182,5,2052,93,-9,-64
IMU1,268,2570355,166,4,2040,74,-17,-51
IMU1,269,2580310,176,15,2062,52,-17,-29
IMU1,270,2589953,182,17,2079,36,-13,5
IMU1,271,2599307,182,7,2077,31,6,28
IMU1,272,2608889,166,-13,2075,37,26,44
IMU1,273,2618429,163,-16,2060,27,24,75
IMU1,274,2628496,158,-24,2020,7,15,93
IMU1,275,2637832,157,-53,1966,-21,8,86
IMU1,276,2647273,157,-70,1951,-60,0,74
IMU1,277,2657142,177,-66,1946,-91,9,58
IMU1,278,2666587,191,-59,1953,-117,34,28
IMU1,279,2676419,190,-59,1950,-136,59,2
IMU1,280,2686062,178,-62,1928,-143,93,-29
IMU1,281,2695475,159,-77,1886,-159,131,-71
IMU1,282,2705101,80,-154,1831,-174,166,-112
IMU1,283,2714911,75,-127,1826,-214,188,-125
IMU1,284,2724199,82,-135,1862,-250,213,-147
IMU1,285,2734004,57,-134,1880,-276,245,-173
IMU1,286,2743822,16,-93,1923,-296,281,-195
IMU1,287,2753445,21,-82,1966,-295,303,-217
IMU1,288,2763061,40,-97,1990,-277,303,-247
IMU1,289,2772690,30,-113,1974,-256,275,-269
IMU1,290,2781990,-70,-135,1908,-248,243,-269
IMU1,291,2791918,-204,-199,1815,-239,227,-251
IMU1,292,2801518,-270,-226,1779,-248,268,-198
IMU1,293,2811113,-167,-220,1801,-263,360,-142
IMU1,294,2820709,-66,-173,1821,-268,406,-128
IMU1,295,2830098,-2,-141,1818,-276,395,-162
IMU1,296,2839810,61,-155,1826,-279,375,-229
IMU1,297,2849644,120,-179,1839,-282,378,-317
IMU1,298,2859140,130,-189,1852,-269,411,-408
IMU1,299,2868647,-6,-168,1836,-248,464,-495
IMU1,300,2878349,-865,-80,1612,-239,472,-520
IMU1,301,2887754,-886,-166,1645,-285,344,-368
IMU1,302,2897332,236,-346,1933,-351,171,-192
IMU1,303,2907351,-209,-211,1934,-389,208,-115
IMU1,304,2916950,-258,-106,1762,-439,500,28
IMU1,305,2926256,-101,-112,1752,-537,840,180
IMU1,306,2935760,88,-122,1862,-638,1078,287
IMU1,307,2945701,411,-43,2137,-685,1245,307
IMU1,308,2955114,47,-111,2143,-647,1340,226
IMU1,309,2965048,-206,-288,2140,-583,1324,174
IMU1,310,2974747,-6,-367,2372,-487,1246,151
IMU1,311,2984056,-35,-201,2168,-348,1198,82
IMU1,312,2993880,-185,-213,2023,-250,1199,-10
IMU1,313,3006236,-321,-344,2143,-196,1217,-81
IMU1,314,3015849,-161,-362,2230,-132,1197,-106
IMU1,315,3025658,-247,-205,2171,-52,1165,-146
IMU1,316,3035265,-363,-242,2243,11,1142,-166
IMU1,317,3044770,-394,-246,2237,68,1119,-150
IMU1,318,3054301,-423,-218,2210,108,1078,-112
IMU1,319,3064020,-467,-219,2193,123,1019,-63
IMU1,320,3073536,-465,-222,2145,115,944,-9
IMU1,321,3082639,-427,-214,2108,81,864,38
IMU1,322,3091639,-438,-212,2114,33,808,72
IMU1,323,3100651,-445,-222,2100,-10,745,91
IMU1,324,3109758,-478,-202,2133,-38,677,94
IMU1,325,3118879,-552,-194,2178,-44,636,97
IMU1,326,3128520,-606,-214,2229,-19,631,110
IMU1,327,3137829,-630,-232,2256,16,634,130
IMU1,328,3147570,-625,-213,2200,52,626,136
IMU1,329,3157316,-573,-182,2129,64,598,122
IMU1,330,3167054,-551,-188,2089,35,554,80
IMU1,331,3176596,-571,-181,2104,-6,515,27
IMU1,332,3186030,-592,-162,2143,-48,490,-20
IMU1,333,3195757,-624,-169,2165,-71,462,-50
IMU1,334,3205494,-682,-172,2185,-81,425,-57
IMU1,335,3214679,-699,-177,2202,-77,394,-44
IMU1,336,3224403,-697,-189,2181,-68,360,-13
IMU1,337,3234116,-686,-191,2155,-64,324,21
IMU1,338,3243739,-661,-192,2118,-83,290,45
IMU1,339,3253362,-631,-198,2078,-115,253,53
IMU1,340,3263196,-626,-218,2058,-152,223,41
IMU1,341,3272519,-635,-231,2079,-189,198,11
IMU1,342,3282355,-679,-237,2106,-209,172,-28
IMU1,343,3291732,-695,-235,2104,-204,125,-62
IMU1,344,3301639,-697,-225,2110,-189,61,-96
IMU1,345,3310832,-695,-229,2090,-174,-5,-117
IMU1,346,3320638,-677,-233,2072,-166,-46,-120
IMU1,347,3330122,-659,-227,2047,-176,-39,-104
IMU1,348,3340112,-640,-223,2001,-209,-9,-72
IMU1,349,3349716,-642,-217,1979,-250,24,-40
IMU1,350,3358906,-656,-234,1978,-288,60,-8
IMU1,351,3368940,-674,-268,1996,-327,94,31
IMU1,352,3378562,-669,-264,1966,-341,127,61
IMU1,353,3387856,-669,-296,1950,-347,147,81
IMU1,354,3397674,-672,-322,1967,-340,154,84
IMU1,355,3406974,-667,-330,1960,-313,174,66
IMU1,356,3416794,-659,-332,1923,-286,195,42
IMU1,357,3426616,-654,-337,1893,-269,219,8
IMU1,358,3436239,-677,-346,1874,-261,239,-29
IMU1,359,3445643,-703,-348,1871,-268,241,-51
IMU1,360,3455560,-747,-344,1900,-278,237,-60
IMU1,361,3464977,-796,-349,1920,-285,234,-54
IMU1,362,3474370,-837,-340,1912,-275,221,-33
IMU1,363,3484300,-843,-324,1885,-273,196,-1
IMU1,364,3494011,-839,-329,1866,-268,163,29
IMU1,365,3503307,-843,-325,1833,-273,133,58
IMU1,366,3513137,-831,-311,1837,-283,114,92
IMU1,367,3522454,-827,-325,1838,-292,115,126
IMU1,368,3532474,-816,-348,1806,-298,115,148
IMU1,369,3541983,-789,-374,1778,-299,101,161
IMU1,370,3551489,-761,-411,1757,-301,76,157
IMU1,371,3561334,-733,-448,1753,-291,53,131
IMU1,372,3570649,-711,-471,1740,-272,34,98
IMU1,373,3580290,-704,-477,1749,-243,21,60
IMU1,374,3589929,-725,-481,1762,-215,27,22
IMU1,375,3599543,-728,-477,1780,-181,52,-5
IMU1,376,3609070,-735,-492,1784,-154,80,-17
IMU1,377,3618787,-746,-497,1794,-148,90,-13
IMU1,378,3628505,-759,-491,1805,-139,96,-7
IMU1,379,3638029,-782,-502,1810,-127,92,2
IMU1,380,3647459,-807,-504,1807,-111,79,17
IMU1,381,3657084,-812,-493,1815,-99,59,37
IMU1,382,3667029,-829,-484,1838,-77,51,51
IMU1,383,3676464,-835,-490,1846,-47,54,58
IMU1,384,3685894,-845,-486,1844,-20,49,61
IMU1,385,3695843,-857,-468,1848,16,41,47
IMU1,386,3705170,-886,-464,1855,40,19,38
IMU1,387,3715026,-900,-470,1867,76,-7,24
IMU1,388,3724784,-897,-469,1868,97,-55,17
IMU1,389,3734224,-890,-454,1852,119,-93,2
IMU1,390,3743662,-885,-453,1849,125,-119,-12
IMU1,391,3753589,-885,-449,1840,122,-129,-18
IMU1,392,3762994,-879,-445,1825,96,-124,-12
IMU1,393,3772729,-866,-455,1807,64,-103,-12
IMU1,394,3782457,-848,-464,1792,21,-89,-16
IMU1,395,3791975,-838,-470,1786,-21,-78,-28
IMU1,396,3801607,-845,-473,1799,-53,-64,-43
IMU1,397,3811220,-852,-474,1819,-77,-35,-54
IMU1,398,3820847,-858,-476,1828,-87,-1,-66
IMU1,399,3830269,-863,-483,1842,-75,27,-94
IMU1,400,3839802,-876,-487,1855,-60,29,-115
IMU1,401,3849546,-877,-491,1858,-34,18,-133
IMU1,402,3859270,-879,-488,1856,-14,-11,-150
IMU1,403,3868557,-877,-486,1844,-2,-50,-150
IMU1,404,3878176,-880,-495,1830,5,-83,-151
IMU1,405,3888226,-866,-499,1824,-4,-110,-140
IMU1,406,3897523,-844,-496,1806,-11,-122,-135
IMU1,407,3907533,-835,-499,1791,-15,-129,-131
IMU1,408,3917023,-833,-502,1792,-26,-128,-127
IMU1,409,3926513,-827,-507,1798,-25,-109,-129
IMU1,410,3936007,-812,-502,1792,-16,-96,-129
IMU1,411,3945803,-798,-501,1791,-11,-83,-136
IMU1,412,3955616,-791,-504,1790,9,-66,-151
IMU1,413,3965146,-789,-503,1795,20,-50,-164
IMU1,414,3974352,-788,-509,1798,37,-34,-182
IMU1,415,3984084,-780,-503,1802,50,-37,-193
IMU1,416,3993800,-779,-509,1794,61,-45,-200
IMU1,417,4006162,-785,-514,1793,75,-59,-204
IMU1,418,4015368,-795,-506,1795,95,-71,-201
IMU1,419,4024568,-796,-504,1800,110,-73,-186
IMU1,420,4033965,-783,-503,1805,124,-60,-169
IMU1,421,4043360,-760,-495,1793,135,-50,-150
IMU1,422,4052764,-754,-493,1796,136,-46,-132
IMU1,423,4062169,-751,-489,1801,129,-37,-123
IMU1,424,4071568,-748,-489,1800,119,-28,-109
IMU1,425,4080968,-738,-491,1800,106,-15,-100
IMU1,426,4090357,-740,-491,1796,89,-2,-92
IMU1,427,4099694,-748,-499,1805,74,17,-82
IMU1,428,4109097,-766,-511,1813,66,37,-72
IMU1,429,4119036,-770,-512,1827,58,44,-57
IMU1,430,4128469,-778,-512,1830,57,54,-50
IMU1,431,4137892,-785,-509,1841,63,58,-54
IMU1,432,4147835,-785,-506,1843,65,44,-54
IMU1,433,4157259,-778,-516,1848,70,25,-55
IMU1,434,4166697,-782,-519,1838,70,14,-62
IMU1,435,4176646,-777,-521,1835,74,8,-64
IMU1,436,4186392,-775,-517,1839,73,17,-71
IMU1,437,4195829,-773,-516,1844,78,29,-65
IMU1,438,4205267,-768,-512,1844,69,34,-59
IMU1,439,4215212,-772,-512,1848,81,37,-68
IMU1,440,4224640,-775,-503,1860,89,43,-81
IMU1,441,4234048,-762,-493,1869,93,46,-82
IMU1,442,4243990,-760,-487,1875,96,48,-90
IMU1,443,4253419,-767,-481,1881,103,36,-98
IMU1,444,4263046,-764,-481,1887,92,11,-101
IMU1,445,4272654,-774,-474,1892,91,-6,-103
IMU1,446,4282174,-779,-468,1891,82,-16,-91
IMU1,447,4291695,-784,-461,1889,78,-10,-86
IMU1,448,4301737,-786,-463,1888,74,5,-82
IMU1,449,4310965,-785,-470,1884,68,4,-64
IMU1,450,4320725,-770,-463,1883,49,-6,-46
IMU1,451,4330566,-758,-453,1874,44,-11,-52
IMU1,452,4340090,-756,-458,1866,34,-17,-59
IMU1,453,4349617,-743,-454,1862,22,-27,-53
IMU1,454,4359141,-734,-456,1854,17,-24,-58
IMU1,455,4368665,-727,-458,1851,6,-14,-62
IMU1,456,4378500,-721,-452,1855,-9,-8,-59
IMU1,457,4388244,-740,-450,1861,-4,7,-64
IMU1,458,4397890,-756,-450,1871,2,14,-57
IMU1,459,4407137,-775,-457,1879,4,10,-45
IMU1,460,4416891,-784,-466,1881,18,0,-36
IMU1,461,4426540,-783,-471,1872,33,-23,-23
IMU1,462,4436067,-783,-470,1858,31,-54,-6
IMU1,463,4445918,-768,-471,1848,34,-66,6
IMU1,464,4455160,-762,-474,1843,21,-65,20
IMU1,465,4465110,-753,-476,1842,18,-50,9
IMU1,466,4474870,-757,-478,1845,17,-31,-4
IMU1,467,4484217,-775,-487,1851,18,-21,-6
IMU1,468,4494056,-788,-492,1855,23,-17,-13
IMU1,469,4503583,-797,-493,1858,33,-28,-17
IMU1,470,4513122,-804,-499,1857,50,-39,-22
IMU1,471,4522638,-809,-501,1849,57,-53,-23
IMU1,472,4532158,-814,-499,1845,63,-62,-22
IMU1,473,4542200,-814,-495,1848,67,-62,-12
IMU1,474,4551727,-805,-496,1843,66,-59,-5
IMU1,475,4561050,-800,-493,1841,55,-58,-10
IMU1,476,4570568,-802,-491,1841,53,-55,-21
IMU1,477,4580606,-804,-474,1845,47,-51,-30
IMU1,478,4590136,-809,-469,1849,39,-48,-37
IMU1,479,4599655,-807,-467,1853,38,-36,-46
IMU1,480,4609187,-803,-457,1852,31,-31,-51
IMU1,481,4618695,-800,-463,1847,27,-25,-63
IMU1,482,4628723,-791,-471,1840,19,-29,-68
IMU1,483,4638241,-796,-467,1831,18,-26,-72
IMU1,484,4647772,-786,-467,1821,9,-30,-67
IMU1,485,4657619,-777,-478,1808,-3,-33,-68
IMU1,486,4667041,-771,-477,1805,-11,-18,-78
IMU1,487,4676662,-758,-483,1806,-20,-3,-73
IMU1,488,4686078,-765,-486,1813,-29,14,-69
IMU1,489,4695600,-775,-481,1823,-32,29,-67
IMU1,490,4705646,-779,-487,1840,-21,37,-64
IMU1,491,4715167,-777,-486,1845,-3,36,-62
IMU1,492,4724502,-775,-483,1848,12,31,-63
IMU1,493,4734447,-771,-487,1847,32,14,-62
IMU1,494,4743879,-767,-484,1841,48,1,-64
IMU1,495,4753631,-764,-480,1833,51,-10,-57
IMU1,496,4763155,-768,-477,1837,56,-6,-57
IMU1,497,4773014,-774,-476,1840,58,9,-53
IMU1,498,4782255,-776,-476,1846,53,21,-47
IMU1,499,4792212,-776,-474,1849,49,28,-39
IMU1,500,4801658,-787,-472,1854,35,32,-35
IMU1,501,4811088,-792,-468,1861,31,32,-33
IMU1,502,4821052,-788,-466,1864,36,37,-42
IMU1,503,4830487,-784,-456,1866,30,38,-41
IMU1,504,4839925,-776,-461,1859,24,30,-36
IMU1,505,4849881,-763,-469,1852,18,28,-51
IMU1,506,4859316,-769,-474,1851,18,29,-65
IMU1,507,4868756,-770,-483,1851,7,35,-68
IMU1,508,4878516,-782,-488,1850,7,41,-65
IMU1,509,4888271,-794,-496,1858,0,48,-58
IMU1,510,4897934,-805,-501,1870,0,53,-48
IMU1,511,4907586,-803,-507,1869,5,54,-38
IMU1,512,4916827,-798,-506,1861,6,37,-25
IMU1,513,4926572,-789,-499,1859,12,23,-28
IMU1,514,4935998,-776,-500,1857,12,10,-32
IMU1,515,4945955,-770,-500,1856,14,14,-38
IMU1,516,4955383,-765,-498,1850,7,14,-35
IMU1,517,4965143,-751,-497,1844,11,25,-58
IMU1,518,4974572,-759,-498,1846,10,30,-75
IMU1,519,4984526,-766,-496,1846,7,31,-77
IMU1,520,4993762,-768,-484,1849,5,32,-82
IMU1,521,5003506,-771,-485,1852,5,27,-77
IMU1,522,5014974,-771,-487,1844,6,27,-81
IMU1,523,5023694,-772,-479,1848,7,19,-81
IMU1,524,5032413,-791,-479,1854,6,10,-77
IMU1,525,5042179,-802,-476,1860,10,7,-68
IMU1,526,5051415,-799,-472,1863,19,10,-64
IMU1,527,5061381,-800,-459,1863,25,-4,-50
IMU1,528,5070711,-791,-463,1853,31,-14,-48
IMU1,529,5080256,-777,-459,1836,32,-26,-45
IMU1,530,5090310,-767,-455,1822,23,-35,-42
IMU1,531,5099849,-767,-460,1814,13,-17,-54
IMU1,532,5109382,-767,-471,1818,2,1,-51
IMU1,533,5118963,-762,-467,1824,-16,20,-48
IMU1,534,5128514,-773,-464,1841,-10,34,-54
IMU1,535,5138031,-785,-477,1859,-5,32,-47
IMU1,536,5147878,-780,-489,1853,7,20,-39
IMU1,537,5157630,-773,-484,1839,17,-1,-33
IMU1,538,5166963,-772,-486,1826,24,-19,-26
IMU1,539,5176483,-773,-493,1814,19,-28,-10
IMU1,540,5186519,-763,-488,1808,18,-12,-3
IMU1,541,5195844,-765,-479,1820,9,8,4
IMU1,542,5205635,-787,-485,1839,11,27,4
IMU1,543,5215292,-792,-491,1847,15,29,1
IMU1,544,5224957,-797,-484,1862,25,18,-3
IMU1,545,5234193,-795,-478,1869,39,-2,-5
IMU1,546,5243859,-796,-478,1870,50,-14,-8
IMU1,547,5253706,-788,-478,1863,56,-24,-7
IMU1,548,5263029,-776,-478,1853,52,-30,-10
IMU1,549,5272562,-771,-477,1845,50,-28,-15
IMU1,550,5282608,-769,-472,1843,31,-24,-14
IMU1,551,5292124,-768,-474,1844,21,-12,-16
IMU1,552,5301645,-781,-477,1848,14,-7,-12
IMU1,553,5311494,-788,-476,1854,8,-5,-7
IMU1,554,5320963,-794,-479,1854,2,-14,0
IMU1,555,5330421,-804,-486,1862,-2,-31,14
IMU1,556,5340251,-800,-483,1865,6,-35,22
IMU1,557,5349989,-785,-485,1854,5,-39,32
IMU1,558,5359229,-772,-481,1843,7,-41,29
IMU1,559,5368983,-765,-478,1831,10,-38,18
IMU1,560,5378413,-761,-479,1825,5,-38,10
IMU1,561,5388157,-757,-483,1811,2,-32,5
IMU1,562,5397713,-757,-479,1803,-10,-24,3
IMU1,563,5407566,-769,-476,1813,-9,-8,3
IMU1,564,5417017,-783,-472,1824,-12,3,22
IMU1,565,5426766,-787,-465,1842,5,25,24
IMU1,566,5436428,-808,-450,1864,23,42,29
IMU1,567,5445758,-825,-439,1886,40,37,41
IMU1,568,5455610,-831,-443,1887,54,12,55
IMU1,569,5464939,-820,-435,1857,64,-23,64
IMU1,570,5474890,-800,-428,1822,47,-64,76
IMU1,571,5484316,-771,-432,1782,20,-85,87
IMU1,572,5493751,-749,-440,1749,-21,-77,99
IMU1,573,5503808,-735,-460,1733,-63,-44,110
IMU1,574,5513032,-724,-476,1732,-101,-3,123
IMU1,575,5522762,-717,-486,1740,-115,40,115
IMU1,576,5532595,-728,-498,1761,-116,81,105
IMU1,577,5541897,-746,-506,1783,-97,118,97
IMU1,578,5551534,-756,-499,1801,-74,135,92
IMU1,579,5561177,-762,-503,1811,-40,145,86
IMU1,580,5570815,-784,-507,1822,-11,145,83
IMU1,581,5580443,-803,-501,1838,10,132,83
IMU1,582,5589982,-820,-504,1848,26,101,92
IMU1,583,5599520,-846,-507,1852,40,65,103
IMU1,584,5609584,-851,-509,1850,50,33,123
IMU1,585,5619126,-838,-496,1841,59,12,142
IMU1,586,5628668,-824,-497,1827,59,8,155
IMU1,587,5638013,-804,-493,1819,49,15,158
IMU1,588,5648059,-797,-489,1817,38,31,152
IMU1,589,5657590,-805,-480,1828,29,54,136
IMU1,590,5667129,-809,-464,1854,20,74,123
IMU1,591,5676667,-834,-454,1879,25,95,109
IMU1,592,5686211,-854,-450,1893,31,98,99
IMU1,593,5696076,-868,-452,1892,34,85,96
IMU1,594,5705406,-875,-454,1892,29,59,98
IMU1,595,5715275,-877,-443,1880,14,24,104
IMU1,596,5724811,-891,-435,1880,0,-2,112
IMU1,597,5734469,-897,-434,1882,-25,-22,131
IMU1,598,5744180,-900,-441,1876,-39,-25,141
IMU1,599,5753386,-889,-441,1860,-53,-34,151
IMU1,600,5763124,-878,-443,1835,-65,-51,152
IMU1,601,5772850,-861,-442,1816,-78,-68,147
IMU1,602,5782566,-855,-446,1806,-90,-67,133
IMU1,603,5792285,-849,-451,1801,-94,-50,118
IMU1,604,5801481,-853,-463,1805,-92,-29,101
IMU1,605,5811201,-880,-466,1827,-83,-15,91
IMU1,606,5820715,-903,-470,1848,-67,2,87
IMU1,607,5830481,-913,-485,1854,-46,12,84
IMU1,608,5840426,-923,-472,1858,-30,9,83
IMU1,609,5849656,-936,-459,1851,-18,-6,78
IMU1,610,5859503,-957,-458,1845,-17,-29,69
IMU1,611,5869040,-977,-447,1851,-16,-42,66
IMU1,612,5878565,-979,-435,1847,-24,-58,73
IMU1,613,5888097,-982,-431,1836,-19,-57,61
IMU1,614,5898135,-983,-423,1832,-25,-56,53
IMU1,615,5907676,-981,-419,1819,-35,-47,47
IMU1,616,5917205,-966,-421,1804,-50,-42,38
IMU1,617,5926733,-941,-422,1776,-69,-44,20
IMU1,618,5936256,-906,-429,1739,-98,-64,7
IMU1,619,5946113,-860,-446,1714,-119,-64,-21
IMU1,620,5955414,-833,-466,1690,-141,-62,-41
IMU1,621,5965233,-822,-481,1683,-156,-38,-65
IMU1,622,5975047,-814,-490,1696,-152,4,-81
IMU1,623,5984572,-825,-505,1716,-138,46,-83
IMU1,624,5994298,-847,-518,1740,-106,80,-81
IMU1,625,6003506,-869,-523,1760,-72,87,-69
IMU1,626,6015161,-886,-534,1766,-18,72,-60
IMU1,627,6024186,-909,-533,1774,22,38,-43
IMU1,628,6033098,-920,-531,1788,68,-1,-30
IMU1,629,6041920,-930,-524,1790,112,-31,-16
IMU1,630,6051646,-931,-509,1793,149,-42,-5
IMU1,631,6061191,-929,-503,1783,170,-41,6
IMU1,632,6071161,-931,-487,1780,189,-35,4
IMU1,633,6080607,-935,-478,1776,199,-22,-10
IMU1,634,6090337,-940,-474,1768,193,-14,-22
IMU1,635,6100073,-943,-467,1760,170,-16,-22
IMU1,636,6109287,-950,-456,1762,142,1,-35
IMU1,637,6119253,-957,-461,1773,121,33,-50
IMU1,638,6128901,-967,-470,1776,99,73,-64
IMU1,639,6138347,-982,-478,1774,72,99,-75
IMU1,640,6147809,-967,-487,1774,51,113,-95
IMU1,641,6157425,-957,-495,1772,37,106,-109
IMU1,642,6167250,-955,-499,1775,30,102,-123
IMU1,643,6176552,-948,-503,1772,34,119,-146
IMU1,644,6186380,-956,-518,1780,45,137,-155
IMU1,645,6196213,-958,-525,1784,49,160,-159
IMU1,646,6205519,-950,-532,1792,58,178,-160
IMU1,647,6215353,-945,-531,1794,72,188,-170
IMU1,648,6224678,-934,-524,1796,75,186,-176
IMU1,649,6234511,-927,-525,1813,79,196,-195
IMU1,650,6243829,-924,-520,1829,78,207,-204
IMU1,651,6253666,-926,-510,1838,80,219,-215
IMU1,652,6263500,-926,-496,1847,76,229,-224
IMU1,653,6272819,-931,-481,1858,76,241,-238
IMU1,654,6282641,-926,-479,1864,70,244,-246
IMU1,655,6291950,-933,-476,1868,62,239,-252
IMU1,656,6301798,-943,-475,1877,62,226,-258
IMU1,657,6311645,-936,-475,1873,56,203,-254
IMU1,658,6320970,-919,-479,1861,48,183,-260
IMU1,659,6330803,-898,-481,1850,36,159,-259
IMU1,660,6340121,-872,-472,1834,21,146,-261
IMU1,661,6349962,-864,-471,1823,-2,141,-264
IMU1,662,6359694,-861,-471,1815,-21,145,-265
IMU1,663,6369106,-876,-457,1822,-34,151,-258
IMU1,664,6378530,-889,-460,1832,-40,159,-250
IMU1,665,6388470,-900,-450,1833,-41,151,-234
IMU1,666,6397902,-928,-427,1827,-32,116,-213
IMU1,667,6407328,-935,-428,1825,-17,78,-196
IMU1,668,6417047,-930,-421,1818,-10,52,-171
IMU1,669,6426759,-917,-408,1795,-3,41,-150
IMU1,670,6436283,-903,-404,1777,-3,42,-135
IMU1,671,6445799,-891,-410,1765,-12,55,-127
IMU1,672,6455517,-903,-421,1762,-23,64,-122
IMU1,673,6465241,-898,-437,1757,-30,62,-115
IMU1,674,6474967,-893,-448,1745,-33,52,-107
IMU1,675,6484688,-902,-455,1738,-42,33,-93
IMU1,676,6494209,-903,-466,1737,-42,23,-79
IMU1,677,6503741,-910,-471,1738,-35,21,-65
IMU1,678,6513274,-922,-481,1741,-22,19,-43
IMU1,679,6522801,-932,-484,1751,0,24,-25
IMU1,680,6532464,-945,-480,1766,7,13,-1
IMU1,681,6542021,-951,-484,1776,27,-5,15
IMU1,682,6551781,-956,-481,1777,50,-21,14
IMU1,683,6561227,-960,-483,1775,60,-50,21
IMU1,684,6571150,-964,-484,1769,62,-77,21
IMU1,685,6580567,-966,-495,1749,54,-98,16
IMU1,686,6590494,-971,-500,1741,43,-103,12
IMU1,687,6600112,-968,-507,1736,19,-97,21
IMU1,688,6609523,-975,-509,1735,1,-81,29
IMU1,689,6619263,-978,-509,1745,-14,-67,38
IMU1,690,6628779,-974,-511,1747,-19,-49,41
IMU1,691,6638305,-971,-514,1750,-21,-40,38
IMU1,692,6647830,-979,-510,1757,-16,-43,29
IMU1,693,6657358,-977,-514,1757,-5,-50,15
IMU1,694,6667191,-971,-522,1754,-5,-73,10
IMU1,695,6677040,-978,-525,1745,2,-83,-4
IMU1,696,6686677,-981,-527,1749,-2,-91,-5
IMU1,697,6695902,-978,-534,1738,-5,-90,-1
IMU1,698,6705652,-969,-531,1724,-13,-83,3
IMU1,699,6715495,-967,-528,1721,-16,-71,4
IMU1,700,6724828,-960,-526,1723,-21,-63,10
IMU1,701,6734334,-948,-521,1721,-31,-55,15
IMU1,702,6744380,-947,-519,1727,-36,-45,12
IMU1,703,6753903,-944,-516,1733,-45,-40,8
IMU1,704,6763238,-940,-520,1728,-41,-33,-9
IMU1,705,6773176,-950,-521,1727,-40,-42,-14
IMU1,706,6782797,-957,-516,1730,-37,-46,-18
IMU1,707,6792429,-954,-521,1729,-34,-43,-19
IMU1,708,6802048,-955,-522,1727,-21,-32,-20
IMU1,709,6811659,-964,-518,1739,-14,-33,-12
IMU1,710,6821273,-955,-512,1738,1,-31,-13
IMU1,711,6830608,-955,-521,1739,9,-38,-10
IMU1,712,6840463,-956,-523,1737,16,-53,-5
IMU1,713,6849792,-951,-517,1736,17,-62,-2
IMU1,714,6859649,-940,-521,1732,29,-61,-6
IMU1,715,6868989,-935,-518,1721,24,-59,-4
IMU1,716,6878842,-929,-512,1717,23,-46,-13
IMU1,717,6888377,-925,-517,1720,32,-31,-26
IMU1,718,6897899,-927,-513,1730,20,-27,-25
IMU1,719,6907430,-921,-508,1732,22,-14,-31
IMU1,720,6916966,-917,-516,1737,29,-12,-30
IMU1,721,6927011,-932,-506,1749,35,-5,-33
IMU1,722,6936348,-928,-508,1758,33,-12,-18
IMU1,723,6945875,-931,-511,1760,52,-11,-28
IMU1,724,6955923,-937,-511,1765,54,-22,-23
IMU1,725,6965458,-935,-514,1768,71,-24,-19
IMU1,726,6974978,-922,-507,1775,63,-33,-2
IMU1,727,6984309,-918,-504,1774,66,-35,2
IMU1,728,6994063,-914,-502,1777,71,-37,4
IMU1,729,7003819,-916,-498,1779,67,-35,3
IMU1,730,7015191,-913,-495,1784,57,-39,10
IMU1,731,7024111,-920,-493,1789,50,-36,9
IMU1,732,7032832,-935,-496,1781,43,-36,12
IMU1,733,7042275,-937,-491,1779,35,-39,16
IMU1,734,7051707,-947,-494,1784,23,-38,19
IMU1,735,7061658,-952,-488,1785,7,-48,33
IMU1,736,7070895,-954,-487,1792,10,-38,30
IMU1,737,7080848,-958,-486,1796,7,-37,30
IMU1,738,7090086,-959,-487,1800,9,-42,28
IMU1,739,7099838,-965,-492,1800,23,-44,17
IMU1,740,7109794,-984,-497,1792,20,-61,16
IMU1,741,7119230,-978,-511,1787,30,-67,9
IMU1,742,7129000,-970,-505,1775,33,-75,3
IMU1,743,7138239,-965,-505,1760,35,-77,-7
IMU1,744,7148098,-959,-514,1752,29,-77,-15
IMU1,745,7157643,-946,-523,1745,16,-76,-17
IMU1,746,7167192,-937,-530,1741,6,-60,-27
IMU1,747,7177078,-937,-527,1740,7,-46,-35
IMU1,748,7186414,-936,-530,1744,6,-35,-46
IMU1,749,7196273,-932,-536,1741,10,-34,-44
IMU1,750,7205812,-933,-534,1746,12,-30,-46
IMU1,751,7215349,-924,-531,1756,25,-23,-53
IMU1,752,7224886,-932,-519,1771,43,-17,-61
IMU1,753,7234410,-958,-518,1793,60,-15,-55
IMU1,754,7243943,-957,-511,1800,68,-18,-41
IMU1,755,7254003,-960,-499,1794,79,-26,-35
IMU1,756,7263530,-957,-494,1788,74,-50,-23
IMU1,757,7273073,-935,-497,1776,69,-61,-27
IMU1,758,7282603,-924,-489,1770,51,-61,-24
IMU1,759,7292128,-916,-487,1769,23,-46,-17
IMU1,760,7301654,-914,-491,1773,9,-15,-22
IMU1,761,7311501,-916,-494,1783,-13,-2,-12
IMU1,762,7320930,-926,-500,1794,-19,8,-18
IMU1,763,7330793,-937,-500,1804,-17,9,-20
IMU1,764,7340135,-941,-502,1797,-12,-5,-18
IMU1,765,7350095,-940,-508,1786,-3,-25,-24
IMU1,766,7359531,-943,-506,1774,0,-37,-27
IMU1,767,7369305,-947,-510,1770,-12,-36,-13
IMU1,768,7378939,-951,-513,1760,-8,-16,-13
IMU1,769,7388363,-944,-511,1767,-18,-14,4
IMU1,770,7398210,-944,-513,1769,-18,-7,0
IMU1,771,7407777,-944,-514,1771,-14,-16,-6
IMU1,772,7417214,-934,-518,1763,-11,-28,-14
IMU1,773,7426844,-930,-509,1758,-9,-34,-14
IMU1,774,7436272,-923,-507,1760,-13,-31,-12
IMU1,775,7445899,-923,-507,1760,-2,-9,-26
IMU1,776,7455648,-928,-503,1767,2,3,-29
IMU1,777,7465209,-938,-496,1777,7,9,-38
IMU1,778,7474768,-950,-491,1792,14,5,-35
IMU1,779,7484544,-962,-493,1794,26,-1,-32
IMU1,780,7494400,-960,-487,1793,21,-24,-22
IMU1,781,7503920,-944,-477,1786,23,-38,-22
IMU1,782,7513467,-929,-479,1772,13,-51,-19
IMU1,783,7523018,-913,-477,1757,-5,-55,-14
IMU1,784,7532467,-907,-477,1751,-21,-35,-28
IMU1,785,7542111,-916,-482,1753,-30,-16,-36
IMU1,786,7551745,-916,-483,1759,-39,-2,-37
IMU1,787,7561718,-926,-486,1765,-35,11,-38
IMU1,788,7571249,-935,-487,1772,-25,10,-31
IMU1,789,7580781,-935,-487,1778,-16,8,-29
IMU1,790,7590119,-940,-489,1773,1,-3,-19
IMU1,791,7599787,-935,-495,1771,16,-17,-14
IMU1,792,7609852,-931,-501,1766,23,-27,-6
IMU1,793,7619189,-927,-501,1754,31,-30,-7
IMU1,794,7629059,-913,-506,1741,31,-30,-14
IMU1,795,7638596,-910,-511,1738,16,-34,-11
IMU1,796,7648147,-915,-507,1740,18,-24,-17
IMU1,797,7657686,-921,-505,1752,11,-15,-11
IMU1,798,7667227,-916,-510,1765,12,8,-17
IMU1,799,7676993,-929,-502,1774,22,19,-21
IMU1,800,7686448,-944,-502,1785,31,19,-27
IMU1,801,7696384,-952,-492,1797,48,16,-34
IMU1,802,7705812,-948,-488,1793,59,1,-28
IMU1,803,7715554,-952,-484,1787,68,-13,-35
IMU1,804,7725084,-948,-485,1790,67,-27,-43
IMU1,805,7734608,-940,-487,1787,60,-39,-36
IMU1,806,7744133,-936,-485,1787,57,-32,-41
IMU1,807,7753649,-937,-482,1790,39,-37,-32
IMU1,808,7763697,-933,-488,1789,31,-31,-29
IMU1,809,7773220,-936,-491,1792,27,-30,-27
IMU1,810,7782754,-945,-484,1797,32,-25,-32
IMU1,811,7792273,-942,-490,1801,21,-31,-26
IMU1,812,7801803,-934,-494,1791,24,-32,-29
IMU1,813,7811332,-935,-491,1778,26,-34,-33
IMU1,814,7821382,-938,-491,1778,19,-45,-29
IMU1,815,7830913,-940,-501,1773,16,-37,-34
IMU1,816,7840456,-930,-502,1764,4,-41,-21
IMU1,817,7849781,-916,-502,1757,-2,-30,-31
IMU1,818,7859733,-923,-509,1759,2,-22,-44
IMU1,819,7869071,-926,-516,1762,-6,-24,-37
IMU1,820,7879017,-927,-514,1769,6,-12,-43
IMU1,821,7888350,-936,-506,1775,9,-10,-39
IMU1,822,7898193,-935,-508,1781,28,-7,-49
IMU1,823,7907524,-947,-509,1782,40,-26,-44
IMU1,824,7917570,-950,-511,1784,47,-36,-47
IMU1,825,7927111,-945,-507,1783,59,-39,-39
IMU1,826,7936650,-933,-506,1779,53,-39,-29
IMU1,827,7946170,-928,-507,1770,52,-37,-36
IMU1,828,7955709,-920,-504,1768,47,-28,-47
IMU1,829,7965236,-922,-490,1768,28,-20,-44
IMU1,830,7975284,-926,-489,1774,15,-14,-35
IMU1,831,7984814,-922,-490,1777,7,-8,-44
IMU1,832,7994470,-920,-487,1789,12,2,-60
IMU1,833,8003709,-929,-490,1791,11,-2,-61
IMU1,834,8015781,-939,-485,1792,16,-14,-55
IMU1,835,8024786,-944,-484,1791,23,-22,-50
IMU1,836,8033796,-939,-482,1785,22,-31,-41
IMU1,837,8042793,-926,-485,1770,23,-39,-35
IMU1,838,8051797,-912,-485,1754,18,-47,-32
IMU1,839,8061324,-902,-485,1745,8,-45,-29
IMU1,840,8071175,-900,-489,1746,1,-29,-28
IMU1,841,8081020,-911,-494,1757,-4,-7,-22
IMU1,842,8090244,-922,-504,1765,-2,15,-17
IMU1,843,8100075,-925,-507,1772,1,19,-15
IMU1,844,8109824,-934,-508,1775,11,5,-11
IMU1,845,8119065,-929,-514,1778,22,-7,-18
IMU1,846,8128916,-926,-510,1769,31,-23,-21
IMU1,847,8138442,-925,-509,1766,25,-38,-13
IMU1,848,8147967,-918,-504,1766,30,-37,-19
IMU1,849,8157502,-908,-507,1764,33,-22,-30
IMU1,850,8167558,-907,-507,1770,29,-13,-39
IMU1,851,8177093,-915,-510,1777,24,-15,-35
IMU1,852,8186632,-925,-512,1790,32,-5,-47
IMU1,853,8195982,-935,-508,1798,40,-3,-47
IMU1,854,8205816,-938,-506,1798,40,-14,-39
IMU1,855,8215328,-936,-500,1794,47,-18,-44
IMU1,856,8224844,-931,-496,1792,48,-28,-47
IMU1,857,8234870,-917,-495,1785,43,-41,-44
IMU1,858,8244388,-903,-497,1774,31,-57,-41
IMU1,859,8253900,-886,-499,1764,22,-64,-58
IMU1,860,8263414,-881,-501,1755,22,-57,-77
IMU1,861,8272939,-866,-506,1746,15,-48,-82
IMU1,862,8282979,-866,-507,1743,4,-41,-76
IMU1,863,8292302,-876,-509,1752,1,-28,-74
IMU1,864,8302157,-881,-503,1764,9,-18,-65
IMU1,865,8311478,-903,-506,1779,23,-4,-57
IMU1,866,8321333,-904,-513,1792,39,-12,-36
IMU1,867,8330847,-911,-509,1797,60,-20,-24
IMU1,868,8340369,-912,-509,1792,70,-39,-5
IMU1,869,8350222,-905,-511,1788,82,-54,11
IMU1,870,8359656,-898,-511,1779,71,-65,32
IMU1,871,8369090,-883,-508,1765,70,-48,27
IMU1,872,8379033,-887,-509,1767,55,-33,25
IMU1,873,8388462,-898,-515,1779,41,-13,29
IMU1,874,8398410,-905,-520,1786,23,-4,41
IMU1,875,8407631,-913,-523,1797,15,11,34
IMU1,876,8417486,-926,-523,1809,10,17,28
IMU1,877,8426810,-934,-522,1822,11,8,24
IMU1,878,8436471,-943,-526,1830,17,1,14
IMU1,879,8446141,-953,-525,1829,19,-12,16
IMU1,880,8456100,-953,-522,1831,23,-24,13
IMU1,881,8465524,-938,-521,1821,16,-34,12
IMU1,882,8474955,-928,-525,1808,4,-41,8
IMU1,883,8484508,-913,-521,1795,0,-39,-4
IMU1,884,8494573,-905,-523,1781,-20,-36,-14
IMU1,885,8504190,-906,-526,1780,-34,-26,-20
IMU1,886,8513809,-906,-518,1783,-51,-13,-22
IMU1,887,8523427,-905,-521,1783,-51,-1,-34
IMU1,888,8532848,-920,-522,1798,-44,6,-42
IMU1,889,8542163,-931,-522,1805,-33,1,-37
IMU1,890,8552012,-936,-514,1810,-20,-9,-29
IMU1,891,8561430,-933,-514,1805,-5,-26,-23
IMU1,892,8571374,-926,-515,1795,7,-41,-22
IMU1,893,8580705,-914,-511,1783,13,-61,-15
IMU1,894,8590238,-900,-502,1768,19,-58,-26
IMU1,895,8600290,-881,-506,1751,5,-61,-28
IMU1,896,8609628,-877,-501,1748,2,-47,-38
IMU1,897,8619466,-875,-495,1754,-10,-26,-41
IMU1,898,8629090,-874,-487,1767,-16,-2,-42
IMU1,899,8638508,-877,-493,1777,-11,17,-52
IMU1,900,8648040,-880,-490,1784,-3,17,-56
IMU1,901,8657871,-884,-477,1794,-2,10,-58
IMU1,902,8667204,-881,-480,1798,3,-2,-52
IMU1,903,8676847,-882,-483,1787,17,-7,-49
IMU1,904,8686688,-884,-485,1780,19,-17,-38
IMU1,905,8696206,-887,-485,1778,24,-26,-26
IMU1,906,8705725,-887,-485,1779,26,-25,-16
IMU1,907,8715752,-886,-487,1785,29,-20,-7
IMU1,908,8725077,-880,-483,1786,34,-15,-5
IMU1,909,8734916,-887,-476,1798,43,-10,-12
IMU1,910,8744442,-892,-475,1807,51,-9,-14
IMU1,911,8753774,-903,-479,1811,55,-14,-15
IMU1,912,8763835,-905,-478,1805,65,-19,-22
IMU1,913,8773380,-905,-477,1795,60,-29,-18
IMU1,914,8782918,-896,-480,1778,55,-34,-10
IMU1,915,8792451,-880,-480,1764,37,-34,-13
IMU1,916,8801980,-875,-478,1751,21,-19,-17
IMU1,917,8811514,-879,-481,1757,11,7,-15
IMU1,918,8821277,-892,-478,1773,-2,26,-6
IMU1,919,8830935,-907,-479,1799,6,38,-9
IMU1,920,8840510,-919,-486,1817,28,44,-16
IMU1,921,8849941,-932,-482,1820,46,25,-10
IMU1,922,8859882,-929,-475,1811,73,2,-13
IMU1,923,8869121,-923,-474,1795,92,-27,-8
IMU1,924,8878970,-925,-477,1787,92,-42,-4
IMU1,925,8888829,-920,-473,1773,85,-44,6
IMU1,926,8898059,-923,-476,1773,74,-19,4
IMU1,927,8907820,-913,-476,1774,46,-3,14
IMU1,928,8917594,-917,-484,1772,33,9,7
IMU1,929,8927071,-918,-480,1771,19,9,-4
IMU1,930,8936640,-926,-478,1771,13,14,-27
IMU1,931,8946077,-927,-477,1772,7,15,-38
IMU1,932,8955848,-927,-487,1770,13,18,-46
IMU1,933,8965290,-938,-474,1769,18,19,-52
IMU1,934,8975239,-938,-481,1782,22,17,-58
IMU1,935,8984675,-936,-476,1790,35,7,-51
IMU1,936,8994445,-944,-475,1787,59,6,-58
IMU1,937,9004210,-941,-483,1787,73,-6,-49
IMU1,938,9015676,-937,-474,1786,93,-21,-44
IMU1,939,9024693,-925,-477,1777,109,-34,-45
IMU1,940,9033893,-916,-484,1763,111,-41,-42
IMU1,941,9043099,-912,-474,1759,104,-41,-34
IMU1,942,9052318,-914,-486,1752,99,-28,-34
IMU1,943,9061854,-918,-499,1757,86,-17,-30
IMU1,944,9071395,-917,-501,1761,81,1,-31
IMU1,945,9081162,-910,-495,1766,75,6,-31
IMU1,946,9090412,-901,-493,1773,74,4,-37
IMU1,947,9100175,-901,-496,1782,69,-3,-41
IMU1,948,9109512,-910,-497,1787,69,-1,-48
IMU1,949,9119380,-915,-483,1797,79,7,-51
IMU1,950,9129152,-923,-481,1804,76,6,-36
IMU1,951,9138397,-931,-484,1808,71,4,-31
IMU1,952,9148174,-944,-492,1817,72,-1,-24
IMU1,953,9158041,-944,-483,1827,69,-5,-9
IMU1,954,9167712,-933,-488,1826,65,-17,9
IMU1,955,9176965,-915,-487,1821,56,-29,22
IMU1,956,9186920,-907,-483,1818,51,-34,21
IMU1,957,9196360,-894,-487,1815,45,-26,13
IMU1,958,9205798,-891,-484,1812,34,-22,4
IMU1,959,9215556,-888,-481,1805,29,-16,-5
IMU1,960,9225425,-904,-494,1804,12,-15,-10
IMU1,961,9234944,-917,-501,1801,-5,-15,-4
IMU1,962,9244174,-933,-508,1805,-21,-18,13
IMU1,963,9254211,-940,-520,1816,-25,-20,24
IMU1,964,9263749,-953,-529,1825,-23,-20,30
IMU1,965,9273286,-951,-528,1830,-7,-15,34
IMU1,966,9282622,-945,-524,1829,3,-22,34
IMU1,967,9292369,-952,-518,1832,15,-40,22
IMU1,968,9302331,-941,-520,1824,34,-58,1
IMU1,969,9311578,-934,-516,1807,38,-77,-13
IMU1,970,9321125,-921,-508,1784,38,-85,-31
IMU1,971,9331171,-910,-510,1768,24,-84,-42
IMU1,972,9340716,-900,-514,1757,0,-74,-46
IMU1,973,9349964,-898,-511,1754,-22,-55,-53
IMU1,974,9359593,-899,-504,1760,-26,-32,-64
IMU1,975,9369221,-890,-511,1768,-38,-19,-69
IMU1,976,9378853,-883,-495,1777,-42,-11,-76
IMU1,977,9388480,-878,-480,1793,-31,-4,-87
IMU1,978,9398428,-880,-467,1810,-17,2,-98
IMU1,979,9407761,-889,-456,1819,1,10,-110
IMU1,980,9417731,-893,-440,1827,17,1,-104
IMU1,981,9427175,-888,-439,1821,35,-10,-102
IMU1,982,9436910,-882,-435,1816,37,-33,-88
IMU1,983,9446444,-870,-426,1808,30,-57,-62
IMU1,984,9455963,-864,-425,1796,14,-64,-37
IMU1,985,9465508,-858,-434,1790,-2,-62,-13
IMU1,986,9474950,-847,-438,1786,-16,-57,8
IMU1,987,9484801,-834,-445,1782,-30,-51,22
IMU1,988,9494317,-830,-448,1780,-37,-40,22
IMU1,989,9503858,-836,-453,1782,-43,-36,18
IMU1,990,9513913,-840,-459,1784,-39,-34,14
IMU1,991,9523452,-848,-462,1791,-38,-32,17
IMU1,992,9532978,-864,-464,1802,-26,-22,12
IMU1,993,9542511,-875,-467,1813,-7,-16,9
IMU1,994,9552175,-886,-471,1817,9,-24,16
IMU1,995,9561935,-889,-472,1820,28,-45,27
IMU1,996,9571375,-888,-480,1815,47,-67,33
IMU1,997,9580819,-895,-480,1805,55,-86,47
IMU1,998,9590773,-897,-484,1799,50,-89,63
IMU1,999,9600221,-895,-483,1795,40,-80,81
IMU1,1000,9609636,-898,-484,1796,31,-66,91
IMU1,1001,9619260,-898,-485,1802,17,-53,88
IMU1,1002,9628881,-903,-483,1801,7,-47,81
IMU1,1003,9638816,-908,-484,1802,-1,-46,64
IMU1,1004,9648336,-922,-481,1809,-3,-31,34
IMU1,1005,9657860,-927,-483,1809,-8,-24,19
IMU1,1006,9667383,-926,-487,1803,-12,-26,9
IMU1,1007,9676899,-922,-482,1794,-11,-32,-5
IMU1,1008,9686510,-920,-486,1794,-17,-41,-12
IMU1,1009,9696329,-908,-494,1796,-23,-48,-11
IMU1,1010,9706145,-917,-494,1808,-19,-41,-11
IMU1,1011,9715455,-918,-493,1828,-9,-26,-4
IMU1,1012,9725411,-921,-496,1837,10,-10,2
IMU1,1013,9734867,-925,-488,1837,32,-4,1
IMU1,1014,9744627,-934,-470,1843,43,-24,4
IMU1,1015,9754071,-931,-454,1843,52,-37,0
IMU1,1016,9763933,-909,-436,1829,51,-37,-8
IMU1,1017,9773468,-875,-430,1806,44,-36,-18
IMU1,1018,9782680,-857,-423,1789,28,-30,-34
IMU1,1019,9792410,-835,-438,1776,-4,-20,-37
IMU1,1020,9802031,-831,-438,1770,-39,-3,-30
IMU1,1021,9811665,-833,-450,1783,-69,17,-16
IMU1,1022,9821399,-841,-456,1807,-82,38,2
IMU1,1023,9830849,-852,-458,1827,-87,47,24
IMU1,1024,9840464,-866,-456,1847,-79,37,48
IMU1,1025,9850092,-872,-457,1862,-59,12,68
IMU1,1026,9859725,-881,-455,1869,-38,-19,88
IMU1,1027,9869445,-889,-453,1863,-11,-46,102
IMU1,1028,9878840,-893,-448,1850,-1,-78,118
IMU1,1029,9888572,-904,-443,1843,6,-102,130
IMU1,1030,9898398,-914,-443,1831,-1,-115,141
IMU1,1031,9907818,-910,-443,1816,-14,-126,150
IMU1,1032,9917435,-903,-446,1801,-32,-129,151
IMU1,1033,9927059,-879,-440,1787,-48,-130,147
IMU1,1034,9936664,-867,-444,1777,-60,-120,130
IMU1,1035,9946260,-858,-451,1767,-81,-105,114
IMU1,1036,9955859,-859,-452,1771,-86,-83,97
IMU1,1037,9965585,-875,-451,1778,-95,-58,88
IMU1,1038,9975323,-892,-463,1785,-102,-46,96
IMU1,1039,9984737,-910,-472,1789,-97,-50,95
IMU1,1040,9994469,-915,-473,1797,-91,-64,102
IMU1,1041,10003876,-909,-466,1795,-81,-79,113
IMU1,1042,10016126,-913,-461,1797,-71,-92,122
IMU1,1043,10025725,-913,-461,1791,-53,-102,129
IMU1,1044,10035527,-908,-453,1788,-39,-112,128
IMU1,1045,10045320,-905,-450,1778,-27,-124,127
IMU1,1046,10055123,-897,-442,1763,-19,-132,124
IMU1,1047,10064923,-892,-452,1757,-20,-137,119
IMU1,1048,10074729,-892,-462,1758,-22,-134,115
IMU1,1049,10084543,-893,-469,1754,-26,-125,118
IMU1,1050,10094346,-899,-468,1761,-27,-105,118
IMU1,1051,10104152,-905,-462,1770,-24,-82,111
IMU1,1052,10113767,-907,-461,1775,-21,-64,103
IMU1,1053,10123372,-908,-463,1777,-13,-56,95
IMU1,1054,10132786,-911,-452,1782,-1,-59,84
IMU1,1055,10142010,-915,-458,1789,14,-70,73
IMU1,1056,10151339,-927,-462,1785,28,-81,68
IMU1,1057,10160664,-927,-471,1786,39,-86,67
IMU1,1058,10169973,-917,-473,1780,50,-85,70
IMU1,1059,10179295,-906,-474,1772,58,-82,68
IMU1,1060,10188608,-902,-473,1773,63,-78,61
IMU1,1061,10197943,-909,-468,1778,68,-68,50
IMU1,1062,10207272,-912,-462,1784,77,-51,39
IMU1,1063,10216607,-911,-466,1773,74,-41,29
IMU1,1064,10225934,-911,-466,1770,69,-42,17
IMU1,1065,10235259,-902,-466,1765,56,-48,11
IMU1,1066,10244586,-901,-465,1772,44,-32,1
IMU1,1067,10254199,-898,-465,1779,27,-8,-4
IMU1,1068,10263715,-886,-466,1796,20,20,-7
IMU1,1069,10273336,-885,-464,1808,22,47,-20
IMU1,1070,10283149,-887,-462,1820,33,54,-32
IMU1,1071,10292458,-888,-462,1830,48,40,-38
IMU1,1072,10302282,-886,-463,1827,63,20,-40
IMU1,1073,10311590,-874,-460,1820,75,1,-34
IMU1,1074,10321240,-871,-459,1807,81,-2,-30
IMU1,1075,10330970,-868,-458,1809,74,6,-14
IMU1,1076,10340601,-866,-467,1823,73,30,-5
IMU1,1077,10350240,-881,-466,1837,62,40,13
IMU1,1078,10359973,-884,-465,1849,57,41,18
IMU1,1079,10369717,-878,-452,1857,61,31,12
IMU1,1080,10378930,-869,-444,1852,59,13,4
IMU1,1081,10388986,-857,-439,1847,52,-2,-12
IMU1,1082,10398190,-853,-434,1842,46,-8,-33
IMU1,1083,10407926,-856,-432,1838,34,-12,-40
IMU1,1084,10417847,-852,-430,1839,24,-7,-45
IMU1,1085,10427053,-858,-436,1832,16,-5,-51
IMU1,1086,10436781,-872,-438,1835,6,-15,-47
IMU1,1087,10446516,-882,-444,1834,7,-26,-39
IMU1,1088,10456235,-883,-442,1830,8,-43,-27
IMU1,1089,10465439,-874,-453,1816,13,-62,-16
IMU1,1090,10475364,-867,-460,1811,16,-82,-6
IMU1,1091,10485097,-865,-453,1805,24,-84,-5
IMU1,1092,10494311,-863,-457,1797,30,-80,-1
IMU1,1093,10504041,-860,-466,1798,41,-60,-14
IMU1,1094,10513947,-858,-470,1799,55,-41,-29
IMU1,1095,10523342,-867,-462,1813,61,-47,-34
IMU1,1096,10533262,-864,-462,1817,76,-53,-44
IMU1,1097,10542665,-867,-457,1818,84,-60,-50
IMU1,1098,10552070,-875,-448,1825,89,-67,-48
IMU1,1099,10561991,-885,-447,1834,92,-63,-46
IMU1,1100,10571386,-895,-452,1841,99,-50,-44
IMU1,1101,10581304,-889,-450,1843,95,-50,-33
IMU1,1102,10590703,-881,-445,1842,88,-60,-27
IMU1,1103,10600108,-875,-439,1842,81,-71,-27
IMU1,1104,10610025,-863,-439,1841,70,-69,-32
IMU1,1105,10619428,-857,-431,1835,58,-59,-39
IMU1,1106,10629360,-851,-428,1834,42,-51,-47
IMU1,1107,10638759,-852,-423,1841,32,-43,-56
IMU1,1108,10648167,-855,-422,1844,19,-41,-60
IMU1,1109,10658090,-857,-424,1845,14,-38,-63
IMU1,1110,10667479,-855,-419,1843,7,-42,-57
IMU1,1111,10677205,-855,-419,1835,4,-37,-55
IMU1,1112,10686930,-852,-414,1831,0,-34,-47
IMU1,1113,10696562,-855,-411,1818,5,-28,-42
IMU1,1114,10706282,-853,-408,1813,0,-29,-30
IMU1,1115,10715905,-850,-405,1807,7,-23,-27
IMU1,1116,10725117,-846,-400,1798,7,-20,-21
IMU1,1117,10734849,-842,-403,1785,3,-20,-15
IMU1,1118,10744567,-836,-404,1768,-3,-15,-10
IMU1,1119,10754382,-826,-406,1754,-8,-4,-10
IMU1,1120,10764001,-823,-414,1751,-16,10,-7
IMU1,1121,10773194,-813,-431,1748,-21,34,-4
IMU1,1122,10782914,-816,-438,1761,-20,66,-2
IMU1,1123,10792632,-834,-450,1781,-6,98,5
IMU1,1124,10802072,-850,-454,1806,10,120,11
IMU1,1125,10812002,-869,-455,1830,36,126,18
IMU1,1126,10821415,-881,-449,1844,69,111,27
IMU1,1127,10831338,-889,-446,1842,101,85,21
IMU1,1128,10840748,-903,-435,1847,125,48,20
IMU1,1129,10850157,-919,-423,1850,142,26,18
IMU1,1130,10860094,-919,-414,1861,152,20,19
IMU1,1131,10869505,-919,-403,1852,154,27,15
IMU1,1132,10879444,-912,-403,1852,142,30,4
IMU1,1133,10888670,-914,-397,1852,120,21,-9
IMU1,1134,10898496,-920,-392,1854,105,15,-31
IMU1,1135,10907999,-924,-398,1852,83,14,-42
IMU1,1136,10917832,-924,-398,1844,63,15,-52
IMU1,1137,10927146,-928,-398,1841,42,12,-55
IMU1,1138,10936981,-921,-404,1833,26,8,-56
IMU1,1139,10946608,-925,-401,1829,22,6,-56
IMU1,1140,10956232,-916,-400,1822,9,2,-46
IMU1,1141,10965678,-897,-404,1809,12,11,-46
IMU1,1142,10975503,-887,-406,1801,26,22,-44
IMU1,1143,10984817,-883,-405,1795,27,28,-38
IMU1,1144,10994637,-872,-404,1795,31,29,-32
IMU1,1145,11003954,-857,-398,1775,28,30,-24
IMU1,1146,11016443,-855,-399,1757,23,30,-18
IMU1,1147,11025756,-858,-393,1755,14,39,-8
IMU1,1148,11034880,-873,-404,1760,2,67,2
IMU1,1149,11043696,-883,-409,1764,-8,95,22
IMU1,1150,11052803,-887,-413,1771,-14,112,37
IMU1,1151,11062307,-895,-410,1774,-13,114,49
IMU1,1152,11071815,-890,-409,1775,-8,114,49
IMU1,1153,11081137,-893,-409,1776,0,116,38
IMU1,1154,11090772,-900,-403,1784,5,125,28
IMU1,1155,11100510,-911,-408,1791,12,139,13
IMU1,1156,11109931,-930,-395,1807,26,151,1
IMU1,1157,11119691,-950,-390,1820,39,152,-3
IMU1,1158,11129031,-961,-390,1823,56,149,-6
IMU1,1159,11138880,-954,-380,1811,65,128,-4
IMU1,1160,11148203,-947,-373,1794,69,101,-9
IMU1,1161,11158041,-930,-373,1778,66,80,-12
IMU1,1162,11167882,-899,-369,1761,64,80,-19
IMU1,1163,11177196,-876,-358,1757,57,98,-32
IMU1,1164,11187043,-878,-356,1775,61,130,-44
IMU1,1165,11196566,-891,-357,1799,60,155,-43
IMU1,1166,11206092,-912,-357,1825,72,170,-44
IMU1,1167,11215604,-918,-360,1828,88,155,-34
IMU1,1168,11225638,-923,-354,1840,102,117,-18
IMU1,1169,11235335,-926,-341,1850,108,80,2
IMU1,1170,11244554,-930,-339,1851,119,61,22
IMU1,1171,11253979,-930,-344,1849,120,50,41
IMU1,1172,11263921,-913,-339,1840,115,36,56
IMU1,1173,11273366,-902,-342,1838,104,16,65
IMU1,1174,11283301,-902,-352,1832,85,-4,67
IMU1,1175,11292934,-902,-360,1827,73,-16,66
IMU1,1176,11302247,-912,-356,1834,56,-22,66
IMU1,1177,11312094,-921,-350,1847,41,-18,65
IMU1,1178,11321402,-955,-355,1862,43,-9,61
IMU1,1179,11331047,-985,-356,1874,39,-17,69
IMU1,1180,11340882,-1006,-343,1889,44,-28,76
IMU1,1181,11350383,-1019,-335,1893,42,-47,84
IMU1,1182,11359906,-1025,-329,1887,50,-65,83
IMU1,1183,11369436,-1026,-320,1884,49,-81,83
IMU1,1184,11379464,-1017,-316,1871,41,-97,88
IMU1,1185,11388982,-1015,-316,1862,31,-97,82
IMU1,1186,11398500,-1014,-323,1852,11,-96,81
IMU1,1187,11408004,-1010,-329,1842,-11,-91,78
IMU1,1188,11417598,-1002,-324,1833,-33,-85,74
IMU1,1189,11427228,-1005,-327,1826,-56,-76,64
IMU1,1190,11436839,-1016,-328,1824,-73,-65,58
IMU1,1191,11446454,-1010,-336,1816,-86,-56,51
IMU1,1192,11456067,-998,-337,1794,-96,-46,36
IMU1,1193,11465997,-966,-332,1764,-106,-42,8
IMU1,1194,11475418,-940,-344,1743,-116,-49,-29
IMU1,1195,11485118,-954,-343,1736,-120,-44,-73
IMU1,1196,11494832,-974,-365,1731,-123,-16,-106
IMU1,1197,11504727,-1000,-395,1735,-128,6,-110
IMU1,1198,11514536,-1040,-405,1737,-128,6,-90
IMU1,1199,11524153,-1040,-416,1758,-122,-10,-49
IMU1,1200,11534044,-1034,-423,1770,-105,-12,-7
IMU1,1201,11543737,-1014,-416,1767,-85,-5,28
IMU1,1202,11553137,-998,-411,1763,-56,-15,46
IMU1,1203,11562534,-979,-411,1763,-30,-40,48
IMU1,1204,11571931,-965,-403,1764,-9,-66,44
IMU1,1205,11581124,-948,-400,1752,13,-79,28
IMU1,1206,11590959,-929,-390,1741,23,-84,5
IMU1,1207,11600602,-915,-379,1736,25,-93,-11
IMU1,1208,11610006,-922,-368,1742,26,-91,-25
IMU1,1209,11619407,-927,-359,1753,24,-64,-40
IMU1,1210,11629338,-943,-350,1769,10,-35,-32
IMU1,1211,11638752,-958,-352,1779,11,-10,-27
IMU1,1212,11648683,-962,-353,1787,5,-13,-8
IMU1,1213,11658198,-959,-347,1790,1,-38,17
IMU1,1214,11667845,-943,-346,1789,3,-57,29
IMU1,1215,11677482,-927,-346,1779,8,-67,31
IMU1,1216,11687115,-917,-341,1787,21,-73,37
IMU1,1217,11696430,-911,-344,1788,37,-57,28
IMU1,1218,11706264,-911,-353,1793,51,-43,29
IMU1,1219,11715581,-912,-358,1795,64,-35,34
IMU1,1220,11725422,-927,-357,1788,75,-31,44
IMU1,1221,11735260,-935,-370,1786,79,-24,57
IMU1,1222,11744581,-940,-370,1786,65,-17,80
IMU1,1223,11754422,-944,-371,1782,57,0,94
IMU1,1224,11763876,-940,-367,1784,44,17,107
IMU1,1225,11773297,-947,-369,1791,25,22,119
IMU1,1226,11783252,-951,-374,1798,7,28,124
IMU1,1227,11792998,-956,-374,1805,3,36,122
IMU1,1228,11802226,-954,-376,1809,-9,39,120
IMU1,1229,11812060,-957,-374,1811,-13,34,114
IMU1,1230,11821574,-974,-377,1810,-15,29,105
IMU1,1231,11831091,-989,-378,1812,-18,20,96
IMU1,1232,11840931,-998,-384,1810,-21,14,93
IMU1,1233,11850238,-1004,-383,1804,-25,12,91
IMU1,1234,11860274,-1003,-382,1806,-30,10,88
IMU1,1235,11869785,-1003,-389,1807,-32,4,85
IMU1,1236,11879100,-988,-384,1806,-24,-1,70
IMU1,1237,11888826,-976,-384,1796,-21,-9,50
IMU1,1238,11898546,-971,-385,1794,-13,-17,24
IMU1,1239,11907961,-974,-377,1796,1,-17,-3
IMU1,1240,11918016,-981,-374,1801,9,-11,-22
IMU1,1241,11927232,-996,-367,1814,13,-3,-32
IMU1,1242,11936966,-1012,-368,1825,25,3,-39
IMU1,1243,11946795,-1014,-365,1833,41,3,-38
IMU1,1244,11956120,-1009,-357,1827,44,-19,-24
IMU1,1245,11965729,-998,-350,1817,39,-34,-20
IMU1,1246,11975666,-990,-348,1809,27,-54,-10
IMU1,1247,11985086,-975,-345,1802,3,-61,-2
IMU1,1248,11994619,-978,-353,1786,-11,-52,0
IMU1,1249,12004257,-985,-366,1778,-27,-32,3
IMU1,1250,12016625,-990,-379,1774,-46,-20,4
IMU1,1251,12025842,-980,-377,1775,-62,-20,5
IMU1,1252,12035054,-963,-390,1761,-62,-21,-6
IMU1,1253,12044359,-944,-392,1753,-60,-28,-21
IMU1,1254,12053872,-938,-400,1743,-55,-34,-39
IMU1,1255,12063384,-936,-402,1743,-46,-37,-57
IMU1,1256,12072893,-944,-396,1750,-31,-28,-72
IMU1,1257,12082418,-950,-387,1760,-14,-9,-77
IMU1,1258,12091738,-970,-376,1770,4,10,-76
IMU1,1259,12100863,-984,-364,1786,21,11,-65
IMU1,1260,12110176,-999,-356,1800,40,5,-56
IMU1,1261,12119821,-1008,-337,1805,53,-11,-44
IMU1,1262,12129440,-1013,-322,1810,60,-27,-39
IMU1,1263,12139043,-1005,-313,1806,60,-45,-32
IMU1,1264,12148660,-994,-304,1799,48,-50,-32
IMU1,1265,12158080,-986,-307,1784,31,-50,-35
IMU1,1266,12168024,-980,-298,1783,11,-47,-41
IMU1,1267,12177419,-978,-305,1777,-9,-39,-46
IMU1,1268,12187252,-974,-317,1771,-27,-24,-60
IMU1,1269,12196755,-978,-328,1767,-42,-20,-61
IMU1,1270,12206261,-979,-341,1775,-46,-14,-68
IMU1,1271,12215762,-976,-357,1770,-48,-14,-66
IMU1,1272,12225276,-973,-367,1768,-39,-12,-62
IMU1,1273,12235309,-972,-383,1764,-26,-10,-58
IMU1,1274,12244826,-963,-391,1765,-20,-12,-48
IMU1,1275,12254328,-959,-394,1763,-1,-14,-45
IMU1,1276,12264174,-948,-391,1761,18,-8,-49
IMU1,1277,12273396,-948,-390,1765,36,-5,-56
IMU1,1278,12283151,-948,-386,1775,47,-13,-54
IMU1,1279,12292586,-958,-380,1795,63,-8,-61
IMU1,1280,12302318,-963,-381,1814,75,-7,-56
IMU1,1281,12312045,-966,-374,1820,87,5,-58
IMU1,1282,12321666,-977,-376,1830,87,7,-52
IMU1,1283,12331285,-971,-373,1827,87,3,-47
IMU1,1284,12340907,-961,-371,1819,79,-9,-40
IMU1,1285,12350623,-954,-382,1802,60,-25,-32
IMU1,1286,12360034,-938,-385,1792,29,-35,-28
IMU1,1287,12369951,-926,-389,1788,-2,-28,-24
IMU1,1288,12379240,-921,-389,1794,-27,3,-30
IMU1,1289,12388966,-919,-387,1801,-43,28,-29
IMU1,1290,12398371,-928,-388,1819,-44,46,-39
IMU1,1291,12408305,-932,-386,1827,-40,50,-48
IMU1,1292,12417720,-939,-386,1835,-31,47,-53
IMU1,1293,12427644,-960,-380,1832,-14,34,-58
IMU1,1294,12437051,-974,-378,1823,-10,17,-55
IMU1,1295,12446459,-980,-378,1816,-6,-1,-51
IMU1,1296,12456090,-972,-380,1802,-16,-20,-40
IMU1,1297,12466096,-963,-377,1783,-30,-34,-29
IMU1,1298,12475592,-954,-376,1772,-37,-28,-34
IMU1,1299,12485103,-939,-376,1764,-48,-20,-34
IMU1,1300,12494605,-941,-373,1765,-53,-1,-46
IMU1,1301,12504418,-944,-366,1773,-57,13,-53
IMU1,1302,12513819,-948,-363,1781,-52,27,-62
IMU1,1303,12523744,-958,-363,1784,-34,29,-74
IMU1,1304,12533156,-964,-357,1789,-18,24,-80
IMU1,1305,12543085,-967,-356,1782,-8,7,-75
IMU1,1306,12552626,-968,-350,1779,-5,-5,-64
IMU1,1307,12562252,-972,-346,1776,5,-10,-49
IMU1,1308,12571452,-971,-355,1777,15,-2,-41
IMU1,1309,12581182,-967,-360,1781,14,0,-25
IMU1,1310,12590712,-961,-371,1781,18,-4,-12
IMU1,1311,12600451,-962,-372,1788,18,-4,-6
IMU1,1312,12609979,-969,-374,1803,27,-3,-2
IMU1,1313,12619510,-991,-378,1815,30,-4,9
IMU1,1314,12629484,-992,-393,1822,33,-1,10
IMU1,1315,12639129,-987,-390,1815,28,-19,19
IMU1,1316,12648454,-976,-395,1791,20,-37,16
IMU1,1317,12658287,-963,-396,1766,3,-44,3
IMU1,1318,12667724,-959,-395,1758,-23,-46,-3
IMU1,1319,12677566,-960,-405,1752,-44,-30,-9
IMU1,1320,12686875,-961,-411,1752,-63,-1,-17
IMU1,1321,12696710,-962,-409,1754,-64,19,-28
IMU1,1322,12706132,-983,-413,1763,-63,30,-38
IMU1,1323,12716061,-990,-413,1774,-58,24,-40
IMU1,1324,12725475,-992,-411,1775,-41,7,-34
IMU1,1325,12735211,-991,-417,1770,-24,-5,-40
IMU1,1326,12744527,-995,-410,1763,-11,-20,-37
IMU1,1327,12754551,-986,-403,1761,5,-29,-34
IMU1,1328,12763769,-977,-405,1752,12,-27,-33
IMU1,1329,12773707,-969,-400,1741,19,-23,-33
IMU1,1330,12783129,-972,-403,1738,19,-22,-27
IMU1,1331,12793065,-971,-396,1745,18,-7,-29
IMU1,1332,12802293,-973,-402,1748,7,5,-21
IMU1,1333,12812224,-983,-399,1749,6,15,-17
IMU1,1334,12821845,-984,-397,1758,6,17,-13
IMU1,1335,12831465,-985,-397,1760,13,10,-11
IMU1,1336,12840765,-993,-401,1762,18,6,-13
IMU1,1337,12850386,-997,-400,1757,14,-1,-5
IMU1,1338,12859919,-999,-407,1760,19,-9,1
IMU1,1339,12869874,-1000,-410,1762,26,-5,-3
IMU1,1340,12879590,-999,-413,1759,29,-10,1
IMU1,1341,12889227,-988,-407,1752,30,-19,-3
IMU1,1342,12898433,-984,-410,1757,24,-23,-11
IMU1,1343,12908356,-982,-412,1761,31,-15,-23
IMU1,1344,12917753,-980,-409,1763,23,-7,-24
IMU1,1345,12927481,-975,-406,1767,25,-1,-33
IMU1,1346,12937209,-981,-409,1768,32,2,-45
IMU1,1347,12946834,-980,-406,1769,22,-15,-42
IMU1,1348,12956229,-970,-409,1763,29,-19,-53
IMU1,1349,12966142,-965,-397,1766,32,-17,-54
IMU1,1350,12975545,-973,-399,1778,38,-7,-55
IMU1,1351,12985281,-974,-394,1791,36,0,-48
IMU1,1352,12994814,-970,-385,1796,46,7,-53
IMU1,1353,13004447,-982,-387,1795,47,-4,-62
IMU1,1354,13016834,-982,-391,1792,50,-32,-56
IMU1,1355,13026252,-973,-385,1781,41,-49,-57
IMU1,1356,13035657,-968,-391,1774,35,-55,-55
IMU1,1357,13045071,-960,-392,1773,22,-43,-46
IMU1,1358,13054485,-964,-394,1774,12,-18,-40
IMU1,1359,13063899,-959,-394,1782,4,5,-35
IMU1,1360,13072831,-965,-391,1796,4,18,-33
IMU1,1361,13081944,-966,-392,1805,14,17,-37
IMU1,1362,13091252,-967,-397,1807,26,1,-43
IMU1,1363,13100366,-963,-396,1794,36,-27,-47
IMU1,1364,13110307,-960,-400,1779,46,-53,-52
IMU1,1365,13119696,-953,-402,1772,43,-67,-47
IMU1,1366,13129615,-947,-406,1766,42,-55,-42
IMU1,1367,13138990,-950,-405,1764,36,-33,-31
IMU1,1368,13148905,-959,-399,1772,32,-7,-28
IMU1,1369,13158100,-969,-398,1781,31,5,-15
IMU1,1370,13167727,-975,-393,1785,24,-3,-2
IMU1,1371,13177773,-971,-392,1792,27,-26,0
IMU1,1372,13187298,-979,-392,1792,36,-40,-12
IMU1,1373,13196693,-988,-391,1805,48,-43,-19
IMU1,1374,13206616,-984,-395,1801,51,-41,-18
IMU1,1375,13216013,-977,-393,1797,48,-35,-19
IMU1,1376,13225396,-974,-384,1794,52,-29,-29
IMU1,1377,13235315,-973,-381,1788,44,-30,-37
IMU1,1378,13244708,-964,-385,1788,26,-35,-37
IMU1,1379,13254633,-967,-387,1781,18,-34,-43
IMU1,1380,13264030,-964,-386,1779,12,-29,-47
IMU1,1381,13273937,-962,-389,1782,2,-20,-47
IMU1,1382,13283130,-964,-396,1788,-9,-8,-40
IMU1,1383,13292750,-974,-395,1789,-5,4,-33
IMU1,1384,13302283,-979,-400,1798,8,8,-28
IMU1,1385,13312234,-981,-403,1796,8,-8,-17
IMU1,1386,13321736,-968,-407,1783,24,-24,-19
IMU1,1387,13331640,-963,-408,1769,21,-52,-13
IMU1,1388,13341027,-948,-409,1759,17,-55,-22
IMU1,1389,13350428,-948,-405,1756,11,-42,-22
IMU1,1390,13360341,-947,-403,1763,9,-15,-27
IMU1,1391,13370055,-945,-410,1772,4,8,-26
IMU1,1392,13379486,-959,-406,1774,2,14,-24
IMU1,1393,13389111,-965,-407,1780,9,-2,-26
IMU1,1394,13398633,-977,-396,1790,21,-14,-33
IMU1,1395,13408563,-979,-389,1803,30,-16,-26
IMU1,1396,13417964,-976,-387,1798,22,-22,-8
IMU1,1397,13427688,-971,-382,1797,35,-20,-14
IMU1,1398,13437091,-969,-378,1801,37,-19,-19
IMU1,1399,13447016,-970,-381,1801,35,-26,-14
IMU1,1400,13456411,-965,-384,1792,37,-23,-19
IMU1,1401,13465798,-959,-386,1788,32,-31,-14
IMU1,1402,13475713,-955,-388,1783,24,-32,-17
IMU1,1403,13485123,-955,-389,1780,18,-29,-12
IMU1,1404,13495042,-960,-393,1774,0,-28,-3
IMU1,1405,13504466,-957,-398,1772,-2,-22,-8
IMU1,1406,13514091,-960,-401,1774,-5,-11,-14
IMU1,1407,13523910,-962,-400,1774,-15,-10,-4
IMU1,1408,13533198,-963,-401,1779,-15,-12,0
IMU1,1409,13542816,-971,-402,1781,-3,-12,-5
IMU1,1410,13552425,-976,-407,1786,5,-21,-1
IMU1,1411,13561951,-978,-407,1778,18,-23,-7
IMU1,1412,13571673,-973,-408,1770,23,-36,1
IMU1,1413,13581300,-969,-407,1768,26,-35,0
IMU1,1414,13590822,-964,-410,1763,26,-26,-3
IMU1,1415,13600546,-955,-409,1763,15,-25,4
IMU1,1416,13610162,-960,-407,1764,12,-16,-1
IMU1,1417,13619872,-965,-399,1774,9,-5,-6
IMU1,1418,13629712,-968,-397,1780,4,2,-6
IMU1,1419,13638946,-975,-395,1789,5,4,-10
IMU1,1420,13648902,-985,-395,1796,19,5,-21
IMU1,1421,13658529,-985,-396,1793,15,-6,-17
IMU1,1422,13667739,-976,-394,1790,12,-12,-15
IMU1,1423,13677672,-967,-395,1787,7,-18,-20
IMU1,1424,13687404,-974,-387,1791,-5,-15,-19
IMU1,1425,13696705,-977,-393,1795,2,-1,-24
IMU1,1426,13706230,-992,-400,1799,-1,-2,-14
IMU1,1427,13715864,-990,-401,1792,5,-12,-8
IMU1,1428,13725400,-981,-403,1777,5,-34,4
IMU1,1429,13735354,-971,-408,1755,2,-48,5
IMU1,1430,13744796,-962,-406,1748,1,-47,-2
IMU1,1431,13754330,-960,-405,1749,-8,-25,-6
IMU1,1432,13763962,-966,-406,1755,-15,-1,-4
IMU1,1433,13773577,-976,-401,1771,-10,31,-12
IMU1,1434,13783494,-985,-400,1780,0,49,-17
IMU1,1435,13793021,-987,-406,1784,11,42,-27
IMU1,1436,13802329,-998,-403,1784,17,12,-30
IMU1,1437,13812158,-995,-404,1783,32,-17,-29
IMU1,1438,13821569,-988,-406,1766,33,-32,-24
IMU1,1439,13831501,-979,-405,1756,30,-38,-14
IMU1,1440,13840914,-972,-406,1756,30,-20,-17
IMU1,1441,13850831,-964,-408,1760,24,0,-13
IMU1,1442,13860349,-972,-407,1774,21,29,-19
IMU1,1443,13869647,-981,-404,1784,24,43,-24
IMU1,1444,13879467,-976,-404,1798,25,42,-25
IMU1,1445,13889294,-977,-404,1800,26,36,-30
IMU1,1446,13898590,-973,-404,1801,35,30,-42
IMU1,1447,13908418,-963,-404,1797,31,26,-34
IMU1,1448,13917730,-947,-415,1790,14,29,-24
IMU1,1449,13927573,-925,-416,1785,4,38,-29
IMU1,1450,13937196,-910,-423,1782,-10,51,-27
IMU1,1451,13946601,-904,-428,1792,-19,75,-22
IMU1,1452,13956529,-894,-430,1800,-31,101,-16
IMU1,1453,13966129,-879,-427,1817,-29,116,-7
IMU1,1454,13975535,-863,-427,1834,-24,125,-6
IMU1,1455,13985468,-843,-428,1843,-17,128,-1
IMU1,1456,13994867,-808,-427,1853,-16,131,1
IMU1,1457,14004702,-770,-421,1864,-6,140,3
IMU1,1458,14016988,-733,-411,1879,-12,159,7
IMU1,1459,14026299,-679,-406,1899,-21,180,14
IMU1,1460,14035808,-616,-394,1922,-24,202,18
IMU1,1461,14045322,-545,-379,1955,-28,216,21
IMU1,1462,14054840,-477,-372,1979,-36,230,28
IMU1,1463,14064354,-426,-357,2006,-47,233,41
IMU1,1464,14073868,-375,-348,2032,-63,230,66
IMU1,1465,14083391,-326,-340,2051,-86,232,103
IMU1,1466,14093088,-250,-335,2087,-117,241,155
IMU1,1467,14102978,-154,-316,2116,-147,257,209
IMU1,1468,14112893,-26,-300,2165,-184,283,263
IMU1,1469,14122594,156,-276,2222,-224,329,302
IMU1,1470,14132414,334,-238,2273,-263,399,312
IMU1,1471,14142235,497,-161,2375,-306,473,302
IMU1,1472,14152066,745,-68,2512,-338,554,278
IMU1,1473,14161692,929,78,2645,-357,660,232
IMU1,1474,14171216,1169,267,2763,-374,746,163
IMU1,1475,14181142,1405,488,2867,-413,783,79
IMU1,1476,14190872,1560,699,2977,-492,788,9
IMU1,1477,14200416,1613,932,3097,-605,777,-9
IMU1,1478,14210051,1615,1175,3249,-736,720,66
IMU1,1479,14219977,1618,1507,3392,-882,572,246
IMU1,1480,14230113,1605,1859,3474,-1039,282,528
IMU1,1481,14240449,1452,2110,3373,-1226,-149,927
IMU1,1482,14250867,1062,2260,3129,-1488,-666,1499
IMU1,1483,14261501,745,2323,2780,-1830,-1213,2288
IMU1,1484,14272139,339,2295,1987,-2213,-1671,3212
IMU1,1485,14283279,-335,2140,1640,-2871,-2205,5150
IMU1,1486,14294010,-934,2023,1360,-3016,-2384,5952
IMU1,1487,14304758,-2004,1966,1291,-2982,-2443,6625
IMU1,1488,14315682,-2791,1814,1448,-2721,-2299,7249
IMU1,1489,14326614,-3317,1880,1185,-2262,-1952,7704
IMU1,1490,14337553,-3738,1951,951,-1737,-1458,7824
IMU1,1491,14348286,-3551,1961,956,-1235,-592,7460
IMU1,1492,14358826,-3432,1885,926,-816,646,6475
IMU1,1493,14370093,-4544,1818,1037,-454,2216,3382
IMU1,1494,14380727,-5032,1428,1214,-430,1890,2101
IMU1,1495,14391374,-5083,1202,1158,-499,1222,1334
IMU1,1496,14402012,-4895,914,1020,-714,726,970
IMU1,1497,14412035,-4609,695,917,-1017,467,859
IMU1,1498,14422067,-4223,586,815,-1309,363,848
IMU1,1499,14432078,-3854,508,774,-1507,320,798
IMU1,1500,14442097,-3550,465,744,-1560,288,656
IMU1,1501,14452113,-3329,451,771,-1470,255,446
IMU1,1502,14462134,-3143,458,781,-1270,233,217
IMU1,1503,14472172,-2952,422,742,-1024,231,3
IMU1,1504,14481792,-2728,360,669,-795,208,-181
IMU1,1505,14491699,-2538,304,624,-621,121,-316
IMU1,1506,14501630,-2423,236,595,-508,-18,-388
IMU1,1507,14511443,-2360,177,579,-442,-156,-381
IMU1,1508,14521459,-2310,126,598,-406,-240,-293
IMU1,1509,14531475,-2295,58,657,-374,-229,-163
IMU1,1510,14541285,-2270,1,756,-328,-170,-13
IMU1,1511,14552768,-2123,-65,856,-159,-189,176
IMU1,1512,14562581,-2048,-83,885,-58,-304,183
IMU1,1513,14572183,-2007,-86,902,44,-399,136
IMU1,1514,14581697,-2016,-94,964,133,-430,70
IMU1,1515,14591224,-2023,-117,1039,212,-398,-4
# swing_peak_seq=1489
IMU1,1516,14601049,-2040,-122,1097,285,-355,-87
IMU1,1517,14611052,-2068,-94,1163,339,-360,-153
IMU1,1518,14621072,-2085,-79,1224,384,-396,-210
IMU1,1519,14631094,-2082,-82,1271,420,-434,-256
IMU1,1520,14641110,-2051,-78,1303,437,-457,-296
IMU1,1521,14651131,-1992,-76,1328,424,-461,-344
IMU1,1522,14661149,-1958,-72,1364,379,-475,-404
IMU1,1523,14671161,-1920,-78,1385,317,-509,-475
IMU1,1524,14681187,-1868,-70,1378,246,-560,-553
IMU1,1525,14691213,-1825,-52,1399,169,-604,-632
IMU1,1526,14701233,-1752,-56,1420,101,-598,-712
IMU1,1527,14711264,-1707,-73,1434,45,-546,-798
IMU1,1528,14721099,-1676,-56,1458,-1,-482,-875
IMU1,1529,14730803,-1634,-51,1460,-32,-413,-942
IMU1,1530,14740712,-1601,-58,1474,-51,-336,-1010
IMU1,1531,14750823,-1584,-71,1508,-57,-258,-1070
IMU1,1532,14760930,-1605,-71,1558,-42,-186,-1126
IMU1,1533,14771029,-1605,-75,1598,-1,-132,-1169
IMU1,1534,14780948,-1559,-98,1625,61,-119,-1206
IMU1,1535,14790960,-1498,-110,1639,144,-136,-1255
IMU1,1536,14801369,-1380,-82,1701,238,-163,-1308
IMU1,1537,14812085,-1329,-64,1684,437,-223,-1407
IMU1,1538,14822288,-1271,-56,1645,517,-260,-1449
IMU1,1539,14832508,-1218,-77,1629,574,-271,-1507
IMU1,1540,14842726,-1182,-81,1614,604,-238,-1548
IMU1,1541,14852947,-1151,-69,1606,613,-150,-1571
IMU1,1542,14863162,-1108,-78,1584,609,-35,-1583
IMU1,1543,14873197,-1079,-73,1583,592,69,-1589
IMU1,1544,14883141,-1075,-52,1615,574,159,-1597
IMU1,1545,14893268,-1066,-86,1649,569,233,-1600
IMU1,1546,14903374,-1048,-111,1671,576,268,-1599
IMU1,1547,14913698,-958,-109,1676,599,266,-1604
IMU1,1548,14923808,-900,-86,1663,633,247,-1632
IMU1,1549,14933729,-874,-81,1659,663,209,-1662
IMU1,1550,14943644,-861,-105,1660,686,178,-1681
IMU1,1551,14953762,-846,-100,1660,704,172,-1679
IMU1,1552,14963868,-794,-107,1654,714,200,-1663
IMU1,1553,14973984,-748,-141,1622,716,246,-1648
IMU1,1554,14984107,-711,-193,1682,704,291,-1639
IMU1,1555,14995265,-702,-225,1709,699,375,-1611
IMU1,1556,15005381,-699,-215,1739,718,407,-1596
IMU1,1557,15018077,-707,-231,1773,751,451,-1578
IMU1,1558,15028220,-704,-241,1796,788,469,-1540
IMU1,1559,15038357,-707,-226,1815,836,442,-1500
IMU1,1560,15048504,-697,-223,1821,889,388,-1463
IMU1,1561,15058625,-700,-233,1839,942,341,-1432
IMU1,1562,15068760,-677,-233,1834,980,314,-1401
IMU1,1563,15078901,-662,-227,1819,1000,313,-1381
IMU1,1564,15089217,-651,-211,1818,998,329,-1362
IMU1,1565,15099335,-634,-232,1828,976,345,-1338
IMU1,1566,15110510,-657,-240,1865,915,346,-1261
IMU1,1567,15120636,-662,-265,1905,907,323,-1207
IMU1,1568,15130761,-670,-287,1934,917,279,-1153
IMU1,1569,15140894,-665,-305,1952,945,230,-1105
IMU1,1570,15151029,-651,-314,1949,977,178,-1062
IMU1,1571,15161170,-652,-313,1944,999,141,-1035
IMU1,1572,15171301,-649,-316,1912,1000,120,-1013
IMU1,1573,15181625,-645,-317,1889,977,115,-993
IMU1,1574,15191552,-662,-305,1892,933,135,-976
IMU1,1575,15201498,-679,-306,1924,878,180,-957
IMU1,1576,15211425,-705,-307,1943,821,223,-932
IMU1,1577,15221361,-722,-288,1978,772,244,-910
IMU1,1578,15231296,-733,-283,1996,727,246,-893
IMU1,1579,15241238,-754,-295,1996,675,223,-870
IMU1,1580,15251173,-773,-297,1997,619,184,-838
IMU1,1581,15261121,-785,-291,2001,565,150,-799
IMU1,1582,15271053,-802,-294,2017,527,130,-756
IMU1,1583,15280980,-802,-295,2012,496,117,-703
IMU1,1584,15290897,-801,-291,1993,475,106,-655
IMU1,1585,15300820,-788,-288,1967,447,82,-610
IMU1,1586,15310550,-771,-282,1930,418,62,-580
IMU1,1587,15320290,-771,-289,1892,376,73,-555
IMU1,1588,15331596,-804,-330,1908,279,170,-531
IMU1,1589,15341536,-813,-341,1918,240,187,-523
IMU1,1590,15351473,-828,-344,1922,222,164,-509
IMU1,1591,15361409,-832,-341,1926,221,124,-493
IMU1,1592,15371307,-834,-346,1929,228,84,-472
IMU1,1593,15381021,-843,-349,1926,247,51,-442
IMU1,1594,15390730,-859,-340,1903,269,24,-408
IMU1,1595,15400448,-860,-344,1878,282,7,-368
IMU1,1596,15409972,-846,-349,1862,285,7,-332
IMU1,1597,15419490,-851,-325,1848,279,28,-306
IMU1,1598,15429214,-849,-304,1844,256,59,-288
IMU1,1599,15438931,-860,-291,1847,220,85,-271
IMU1,1600,15448657,-892,-271,1864,184,106,-259
IMU1,1601,15458558,-906,-275,1888,153,117,-245
IMU1,1602,15468477,-922,-279,1900,133,108,-229
IMU1,1603,15478395,-933,-282,1898,120,78,-211
IMU1,1604,15488123,-934,-291,1876,113,42,-198
IMU1,1605,15497822,-929,-291,1848,101,7,-186
IMU1,1606,15507332,-921,-282,1823,83,-18,-173
IMU1,1607,15516937,-910,-283,1815,54,-20,-161
IMU1,1608,15526546,-906,-281,1811,28,4,-146
IMU1,1609,15535854,-924,-279,1821,9,47,-136
IMU1,1610,15545179,-936,-278,1835,-2,88,-131
IMU1,1611,15554603,-937,-290,1834,-8,116,-130
IMU1,1612,15564220,-956,-286,1827,-16,113,-133
IMU1,1613,15574045,-989,-288,1826,-22,91,-135
IMU1,1614,15583652,-1008,-297,1824,-28,66,-127
IMU1,1615,15593465,-1027,-298,1820,-33,51,-109
IMU1,1616,15603277,-1029,-300,1812,-36,44,-84
IMU1,1617,15612882,-1029,-315,1806,-37,39,-58
IMU1,1618,15622493,-1032,-321,1814,-34,27,-31
IMU1,1619,15632091,-1022,-316,1789,-24,18,-13
IMU1,1620,15641690,-1009,-328,1757,-18,-1,-5
IMU1,1621,15650985,-1009,-338,1733,-18,-23,-4
IMU1,1622,15660487,-1003,-346,1722,-26,-30,-3
IMU1,1623,15669988,-985,-341,1702,-35,-12,-4
IMU1,1624,15679293,-979,-353,1712,-37,20,-17
IMU1,1625,15688713,-996,-357,1709,-41,39,-27
IMU1,1626,15698120,-1019,-329,1703,-43,50,-38
IMU1,1627,15707719,-1062,-349,1720,-46,50,-44
IMU1,1628,15717334,-1088,-370,1729,-43,46,-38
IMU1,1629,15726953,-1073,-364,1732,-34,49,-29
IMU1,1630,15736574,-1072,-362,1719,-22,48,-24
IMU1,1631,15746177,-1072,-364,1711,-12,33,-23
IMU1,1632,15755780,-1073,-367,1716,1,7,-21
IMU1,1633,15764901,-1059,-373,1706,19,-13,-20
IMU1,1634,15774500,-1064,-379,1702,41,-24,-23
IMU1,1635,15784102,-1075,-378,1713,56,-41,-15
IMU1,1636,15793705,-1081,-380,1719,77,-37,-14
IMU1,1637,15803318,-1064,-374,1720,93,-18,-12
IMU1,1638,15812927,-1059,-360,1712,103,2,-21
IMU1,1639,15822435,-1063,-352,1715,105,3,-34
IMU1,1640,15831945,-1075,-362,1719,98,-3,-46
IMU1,1641,15841363,-1083,-366,1713,85,-5,-53
IMU1,1642,15850764,-1082,-373,1711,67,-8,-49
IMU1,1643,15860700,-1071,-378,1704,54,-4,-45
IMU1,1644,15870117,-1066,-386,1703,36,1,-36
IMU1,1645,15879966,-1072,-391,1721,33,16,-32
IMU1,1646,15889484,-1089,-382,1735,35,34,-22
IMU1,1647,15898998,-1081,-371,1744,36,40,-12
IMU1,1648,15908506,-1069,-382,1746,48,28,-22
IMU1,1649,15918014,-1082,-396,1736,60,-2,-37
IMU1,1650,15927958,-1082,-400,1733,69,-41,-43
IMU1,1651,15937575,-1065,-400,1718,76,-65,-44
IMU1,1652,15947188,-1065,-391,1704,80,-62,-48
IMU1,1653,15956810,-1061,-380,1707,85,-34,-54
IMU1,1654,15966420,-1056,-376,1724,83,1,-58
IMU1,1655,15975743,-1062,-369,1736,96,32,-72
IMU1,1656,15985259,-1064,-368,1752,104,35,-81
IMU1,1657,15994975,-1074,-364,1762,116,17,-91
IMU1,1658,16004690,-1059,-365,1767,129,-9,-98
IMU1,1659,16014279,-1051,-370,1759,133,-37,-97
IMU1,1660,16026841,-1057,-362,1752,135,-56,-90
IMU1,1661,16036637,-1057,-362,1751,128,-64,-75
IMU1,1662,16046439,-1052,-362,1751,117,-60,-57
IMU1,1663,16056237,-1059,-348,1759,107,-54,-37
IMU1,1664,16066047,-1065,-339,1768,104,-52,-20
IMU1,1665,16075833,-1055,-337,1780,105,-52,-11
IMU1,1666,16085639,-1033,-340,1757,112,-57,-12
IMU1,1667,16095439,-1020,-338,1738,113,-70,-23
IMU1,1668,16105247,-1016,-332,1734,104,-76,-38
IMU1,1669,16115047,-1028,-330,1736,91,-64,-49
IMU1,1670,16124658,-1033,-326,1739,76,-39,-55
IMU1,1671,16134273,-1040,-330,1753,56,-11,-56
IMU1,1672,16143882,-1042,-325,1769,36,11,-57
IMU1,1673,16153384,-1050,-333,1773,20,22,-57
IMU1,1674,16162900,-1058,-333,1773,6,10,-52
IMU1,1675,16172206,-1056,-335,1776,-2,-6,-49
IMU1,1676,16181507,-1058,-347,1776,-13,-20,-42
IMU1,1677,16191199,-1063,-347,1773,-21,-27,-33
IMU1,1678,16200907,-1060,-353,1773,-22,-25,-25
IMU1,1679,16210602,-1053,-360,1771,-23,-25,-15
IMU1,1680,16220294,-1056,-353,1760,-20,-30,-6
IMU1,1681,16229786,-1058,-355,1760,-15,-34,-2
IMU1,1682,16239286,-1051,-360,1749,-8,-39,1
IMU1,1683,16248499,-1053,-353,1736,-4,-41,-1
IMU1,1684,16257799,-1061,-356,1734,-4,-45,-3
IMU1,1685,16267100,-1058,-359,1727,-9,-46,-2
IMU1,1686,16276407,-1057,-360,1714,-16,-44,-5
IMU1,1687,16285910,-1054,-359,1709,-25,-32,-8
IMU1,1688,16295418,-1049,-361,1715,-34,-14,-14
IMU1,1689,16305118,-1047,-365,1721,-39,1,-20
IMU1,1690,16314528,-1049,-367,1724,-35,8,-26
IMU1,1691,16323941,-1055,-367,1732,-27,5,-33
IMU1,1692,16333347,-1061,-372,1729,-14,-9,-37
IMU1,1693,16342851,-1064,-362,1732,-1,-23,-39
IMU1,1694,16352364,-1067,-361,1735,7,-26,-33
IMU1,1695,16361774,-1056,-364,1727,14,-19,-28
IMU1,1696,16371380,-1057,-352,1724,19,-15,-24
IMU1,1697,16380989,-1055,-354,1728,19,-11,-20
IMU1,1698,16390605,-1046,-360,1729,18,-9,-15
IMU1,1699,16399979,-1046,-351,1735,16,-8,-12
IMU1,1700,16409374,-1050,-350,1739,17,-4,-12
IMU1,1701,16418767,-1053,-357,1735,16,-4,-12
IMU1,1702,16428156,-1053,-355,1728,13,-12,-9
IMU1,1703,16437549,-1053,-358,1726,5,-18,-6
IMU1,1704,16447266,-1064,-369,1730,-5,-18,-1
IMU1,1705,16456559,-1064,-365,1733,-8,-11,2
IMU1,1706,16466275,-1056,-369,1740,-12,-6,6
IMU1,1707,16475986,-1063,-366,1747,-11,0,5
IMU1,1708,16485519,-1061,-354,1748,-4,1,3
IMU1,1709,16494954,-1061,-362,1743,-1,-8,4
IMU1,1710,16504997,-1063,-362,1740,8,-20,6
IMU1,1711,16514625,-1070,-359,1742,8,-27,12
IMU1,1712,16523925,-1075,-365,1743,16,-19,15
IMU1,1713,16533429,-1076,-371,1737,11,-19,29
IMU1,1714,16543459,-1059,-369,1732,9,-24,27
IMU1,1715,16552769,-1050,-371,1738,5,-30,21
IMU1,1716,16562598,-1046,-369,1729,8,-30,11
IMU1,1717,16571902,-1044,-373,1724,0,-32,10
IMU1,1718,16581634,-1044,-369,1721,-2,-25,0
IMU1,1719,16591257,-1058,-373,1730,-13,-26,0
IMU1,1720,16601080,-1072,-375,1739,-10,-17,-3
IMU1,1721,16610578,-1069,-375,1745,-14,-10,4
IMU1,1722,16619975,-1075,-377,1744,-12,-10,8
IMU1,1723,16629905,-1071,-375,1750,-12,-16,7
IMU1,1724,16639312,-1069,-376,1751,-3,-21,0
IMU1,1725,16648958,-1067,-373,1750,0,-27,-5
IMU1,1726,16658580,-1062,-376,1743,9,-29,-10
IMU1,1727,16668493,-1055,-373,1731,7,-40,-5
IMU1,1728,16677692,-1059,-372,1725,7,-41,-11
IMU1,1729,16687610,-1060,-363,1733,-3,-46,-6
IMU1,1730,16696912,-1061,-365,1745,-9,-38,-3
IMU1,1731,16706733,-1060,-366,1742,-6,-20,-9
IMU1,1732,16716550,-1054,-362,1733,-2,-14,-13
IMU1,1733,16726052,-1049,-361,1732,-7,-24,-18
IMU1,1734,16735546,-1052,-359,1732,-15,-37,-22
IMU1,1735,16745248,-1042,-357,1727,-16,-40,-26
IMU1,1736,16754936,-1052,-360,1723,-18,-30,-32
IMU1,1737,16764637,-1054,-355,1726,-20,-23,-28
IMU1,1738,16774339,-1060,-363,1735,-23,-14,-22
IMU1,1739,16784039,-1065,-365,1737,-19,-16,-16
IMU1,1740,16793728,-1064,-366,1737,-9,-18,-14
IMU1,1741,16803212,-1060,-371,1740,-2,-25,-11
IMU1,1742,16812696,-1061,-371,1734,5,-30,-7
IMU1,1743,16821906,-1057,-372,1728,8,-28,-10
IMU1,1744,16831825,-1050,-370,1722,8,-20,-16
IMU1,1745,16841239,-1044,-366,1716,3,-15,-17
IMU1,1746,16851158,-1052,-370,1715,-4,-5,-23
IMU1,1747,16860469,-1049,-368,1721,-13,5,-23
IMU1,1748,16870388,-1047,-363,1718,-21,12,-27
IMU1,1749,16880003,-1065,-365,1725,-25,10,-28
IMU1,1750,16889587,-1063,-374,1729,-25,-3,-27
IMU1,1751,16899096,-1058,-382,1722,-23,-15,-22
IMU1,1752,16908785,-1052,-378,1709,-19,-19,-20
IMU1,1753,16918487,-1056,-375,1707,-16,-18,-16
IMU1,1754,16928175,-1057,-374,1713,-12,-7,-15
IMU1,1755,16937665,-1054,-372,1718,-4,6,-14
IMU1,1756,16947390,-1056,-379,1726,3,14,-15
IMU1,1757,16956695,-1059,-379,1726,21,18,-25
IMU1,1758,16966215,-1058,-372,1736,26,6,-26
IMU1,1759,16976049,-1059,-372,1741,38,-1,-31
IMU1,1760,16985449,-1058,-373,1736,37,-7,-29
IMU1,1761,16995378,-1059,-373,1728,43,-11,-30
IMU1,1762,17004981,-1054,-371,1732,38,-20,-24
IMU1,1763,17014575,-1057,-369,1731,32,-25,-17
IMU1,1764,17026819,-1057,-368,1738,26,-22,-13
IMU1,1765,17036415,-1053,-364,1751,23,-17,-9
IMU1,1766,17045827,-1061,-362,1762,27,-13,-9
IMU1,1767,17055216,-1068,-366,1763,31,-13,-10
IMU1,1768,17064808,-1078,-367,1763,31,-23,-7
IMU1,1769,17074201,-1079,-370,1760,31,-34,-4
IMU1,1770,17083609,-1072,-370,1749,25,-42,0
IMU1,1771,17092817,-1067,-375,1740,15,-42,6
IMU1,1772,17102123,-1066,-378,1733,9,-30,5
IMU1,1773,17111234,-1060,-372,1736,2,-20,2
IMU1,1774,17120351,-1072,-377,1742,-1,-16,-1
IMU1,1775,17129656,-1072,-379,1750,2,-16,-8
IMU1,1776,17139382,-1068,-377,1745,13,-17,-19
IMU1,1777,17148983,-1071,-377,1739,15,-33,-22
IMU1,1778,17158594,-1066,-376,1731,25,-44,-31
IMU1,1779,17168197,-1061,-369,1719,22,-55,-28
IMU1,1780,17177795,-1057,-372,1711,14,-50,-25
IMU1,1781,17187398,-1052,-370,1709,-1,-36,-17
IMU1,1782,17197426,-1055,-369,1706,-10,-10,-18
IMU1,1783,17207136,-1058,-371,1722,-18,7,-11
IMU1,1784,17216532,-1059,-381,1726,-10,14,-12
IMU1,1785,17226122,-1066,-379,1729,-6,8,-12
IMU1,1786,17235846,-1072,-369,1734,8,-6,-9
IMU1,1787,17245374,-1054,-374,1737,14,-11,-5
IMU1,1788,17254780,-1069,-372,1734,33,2,-15
IMU1,1789,17264608,-1064,-372,1743,33,7,-8
IMU1,1790,17274251,-1055,-365,1737,36,14,-11
IMU1,1791,17283767,-1066,-378,1751,36,8,-8
IMU1,1792,17293404,-1049,-383,1754,33,-1,-6
IMU1,1793,17303134,-1034,-367,1740,30,-11,-13
IMU1,1794,17312745,-1029,-373,1742,21,-30,-12
IMU1,1795,17322348,-1012,-373,1747,20,-14,-25
IMU1,1796,17331953,-1007,-366,1749,13,11,-32
IMU1,1797,17341463,-1000,-369,1758,9,29,-36
IMU1,1798,17351299,-987,-362,1776,10,41,-40
IMU1,1799,17360614,-974,-371,1792,8,50,-43
IMU1,1800,17370255,-959,-368,1811,9,50,-36
IMU1,1801,17379890,-954,-370,1828,14,49,-23
IMU1,1802,17389725,-925,-370,1841,4,55,-5
IMU1,1803,17399167,-894,-369,1850,4,67,11
IMU1,1804,17408715,-870,-363,1851,-5,76,25
IMU1,1805,17418336,-817,-357,1855,-19,79,40
IMU1,1806,17428160,-748,-352,1864,-31,89,49
IMU1,1807,17437470,-691,-344,1874,-46,107,47
IMU1,1808,17446980,-628,-330,1898,-67,105,52
IMU1,1809,17457014,-572,-317,1930,-79,118,59
IMU1,1810,17466532,-509,-295,1954,-84,147,77
IMU1,1811,17476050,-445,-271,1996,-96,185,104
IMU1,1812,17485757,-361,-259,2034,-108,239,139
IMU1,1813,17495670,-254,-228,2065,-117,290,169
IMU1,1814,17505587,-133,-188,2107,-123,315,193
IMU1,1815,17515508,-6,-138,2145,-136,330,207
IMU1,1816,17525035,192,-83,2228,-155,348,216
IMU1,1817,17534665,361,10,2321,-164,376,216
IMU1,1818,17544193,568,112,2438,-171,400,213
IMU1,1819,17553912,734,225,2594,-164,424,201
IMU1,1820,17563641,913,390,2733,-153,465,198
IMU1,1821,17573378,1104,580,2886,-146,511,206
IMU1,1822,17583311,1281,765,2997,-161,534,230
IMU1,1823,17593252,1390,963,3100,-214,521,273
IMU1,1824,17603201,1491,1189,3253,-315,463,362
IMU1,1825,17613323,1597,1446,3377,-476,372,509
IMU1,1826,17623445,1604,1727,3409,-684,165,710
IMU1,1827,17633556,1509,1987,3361,-940,-208,980
IMU1,1828,17643781,1337,2225,3261,-1235,-715,1357
IMU1,1829,17654413,1065,2397,3079,-1514,-1297,1861
IMU1,1830,17665244,798,2468,2809,-1755,-1962,2524
IMU1,1831,17675876,369,2445,2405,-1939,-2649,3329
IMU1,1832,17686498,-635,2230,1619,-2058,-3230,5385
IMU1,1833,17697227,-1299,2024,1383,-2022,-3274,6485
IMU1,1834,17708129,-2429,1904,1307,-1853,-2663,7510
IMU1,1835,17719067,-3347,1755,1546,-1626,-1896,8428
IMU1,1836,17729992,-4188,1939,1359,-1328,-1070,9083
IMU1,1837,17740916,-4129,1694,1516,-1075,-284,9351
IMU1,1838,17751645,-4007,1863,1562,-813,490,9005
IMU1,1839,17762080,-3817,1091,1497,-500,1002,7968
IMU1,1840,17772718,-3931,2747,1444,-110,724,6354
IMU1,1841,17783687,-4293,1726,1377,656,-508,2352
IMU1,1842,17794117,-4490,1661,1326,780,-1154,902
IMU1,1843,17804544,-4420,1626,1288,678,-1459,74
IMU1,1844,17814767,-4242,1270,1293,400,-1267,-286
IMU1,1845,17825292,-3993,1185,1200,40,-799,-310
IMU1,1846,17835421,-3599,1121,1092,-344,-373,-158
IMU1,1847,17845850,-3164,1009,1022,-697,-144,9
IMU1,1848,17855773,-2794,917,980,-974,-48,91
IMU1,1849,17865316,-2507,807,947,-1167,17,68
IMU1,1850,17874947,-2306,692,943,-1264,83,-30
IMU1,1851,17884683,-2186,577,968,-1271,166,-169
IMU1,1852,17894804,-2125,468,1035,-1213,282,-293
IMU1,1853,17905126,-2147,357,1128,-1100,420,-361
IMU1,1854,17915456,-2187,241,1225,-952,529,-357
IMU1,1855,17925601,-2190,141,1304,-774,568,-287
IMU1,1856,17935711,-2163,77,1370,-594,513,-178
IMU1,1857,17945636,-2117,18,1432,-409,369,-64
IMU1,1858,17956899,-1931,-18,1463,-84,73,92
IMU1,1859,17966731,-1883,9,1490,49,2,113
IMU1,1860,17976179,-1849,42,1534,170,-29,98
IMU1,1861,17985600,-1818,81,1570,262,-51,72
IMU1,1862,17995539,-1783,125,1605,336,-43,11
IMU1,1863,18005153,-1735,153,1625,387,-29,-69
# swing_peak_seq=1837
IMU1,1864,18014867,-1696,177,1629,420,-17,-181
IMU1,1865,18027529,-1653,196,1640,426,-31,-305
IMU1,1866,18037423,-1633,210,1666,418,-67,-437
IMU1,1867,18047332,-1609,244,1696,402,-117,-562
IMU1,1868,18057438,-1564,256,1718,369,-164,-675
IMU1,1869,18067554,-1502,278,1711,321,-193,-781
IMU1,1870,18077672,-1436,302,1734,268,-192,-885
IMU1,1871,18087793,-1363,322,1741,214,-149,-989
IMU1,1872,18097901,-1318,338,1739,155,-67,-1090
IMU1,1873,18108026,-1274,315,1721,90,37,-1183
IMU1,1874,18117860,-1253,314,1701,16,129,-1267
IMU1,1875,18127890,-1248,312,1718,-58,187,-1329
IMU1,1876,18138012,-1240,293,1758,-113,248,-1380
IMU1,1877,18149368,-1192,288,1764,-178,380,-1432
IMU1,1878,18159692,-1168,286,1775,-175,436,-1472
IMU1,1879,18170018,-1161,291,1774,-163,457,-1512
IMU1,1880,18180344,-1146,277,1764,-152,460,-1548
IMU1,1881,18190666,-1147,253,1785,-134,456,-1581
IMU1,1882,18200988,-1142,230,1807,-105,446,-1602
IMU1,1883,18211297,-1113,198,1807,-60,425,-1609
IMU1,1884,18221411,-1086,206,1798,3,386,-1607
IMU1,1885,18231238,-1077,208,1816,71,344,-1599
IMU1,1886,18241271,-1060,181,1843,150,314,-1586
IMU1,1887,18251498,-1003,164,1829,231,275,-1569
IMU1,1888,18261725,-945,178,1792,299,205,-1561
IMU1,1889,18271757,-902,167,1777,346,115,-1561
IMU1,1890,18281789,-872,149,1780,381,41,-1569
IMU1,1891,18291613,-848,133,1777,412,-17,-1568
IMU1,1892,18301530,-858,120,1803,444,-42,-1559
IMU1,1893,18312501,-803,111,1762,477,20,-1519
IMU1,1894,18322329,-744,106,1717,450,91,-1504
IMU1,1895,18332164,-693,99,1700,407,183,-1511
IMU1,1896,18341986,-650,82,1700,347,269,-1528
IMU1,1897,18351820,-642,71,1731,287,322,-1557
IMU1,1898,18361652,-667,67,1793,249,339,-1580
IMU1,1899,18371470,-695,38,1829,246,347,-1586
IMU1,1900,18381298,-716,7,1853,256,352,-1564
IMU1,1901,18390931,-727,-12,1883,275,353,-1509
IMU1,1902,18400871,-734,-51,1897,306,352,-1442
IMU1,1903,18410796,-744,-64,1891,345,320,-1363
IMU1,1904,18420725,-728,-89,1894,382,261,-1283
IMU1,1905,18430646,-682,-119,1893,418,198,-1215
IMU1,1906,18440781,-646,-140,1900,454,148,-1168
IMU1,1907,18450892,-607,-156,1892,481,116,-1135
IMU1,1908,18461008,-564,-194,1875,498,100,-1113
IMU1,1909,18471124,-531,-226,1852,503,107,-1096
IMU1,1910,18481243,-531,-241,1841,487,139,-1080
IMU1,1911,18491355,-541,-259,1824,456,194,-1060
IMU1,1912,18501481,-533,-279,1820,415,279,-1036
IMU1,1913,18511606,-546,-301,1833,364,374,-1010
IMU1,1914,18521739,-597,-308,1857,316,470,-988
IMU1,1915,18531672,-630,-315,1881,277,542,-962
IMU1,1916,18541616,-637,-329,1887,250,572,-935
IMU1,1917,18551546,-649,-353,1901,226,565,-916
IMU1,1918,18562525,-691,-401,1907,202,491,-873
IMU1,1919,18572440,-709,-440,1907,200,462,-833
IMU1,1920,18582367,-716,-455,1899,219,450,-796
IMU1,1921,18592299,-737,-463,1901,242,444,-760
IMU1,1922,18602215,-759,-478,1925,274,423,-732
IMU1,1923,18612134,-797,-485,1962,318,389,-711
IMU1,1924,18622058,-853,-491,1984,371,341,-691
IMU1,1925,18631979,-881,-500,1986,420,291,-657
IMU1,1926,18641902,-888,-503,1986,457,250,-609
IMU1,1927,18651819,-890,-512,1984,483,216,-553
IMU1,1928,18661744,-906,-502,1972,507,157,-495
IMU1,1929,18671671,-891,-504,1950,523,64,-438
IMU1,1930,18681403,-865,-520,1929,533,-33,-391
IMU1,1931,18691220,-858,-516,1909,543,-103,-362
IMU1,1932,18701225,-839,-502,1887,540,-143,-343
IMU1,1933,18711233,-828,-507,1848,523,-169,-339
IMU1,1934,18721241,-820,-489,1815,490,-179,-352
IMU1,1935,18731242,-818,-474,1806,440,-160,-374
IMU1,1936,18741248,-808,-485,1800,379,-97,-398
IMU1,1937,18751052,-804,-482,1790,309,-1,-429
IMU1,1938,18760669,-819,-469,1803,238,96,-458
IMU1,1939,18770379,-842,-463,1817,175,167,-477
IMU1,1940,18780294,-871,-457,1836,131,201,-490
IMU1,1941,18790213,-902,-460,1843,97,197,-483
IMU1,1942,18799947,-923,-461,1845,79,170,-462
IMU1,1943,18809687,-932,-454,1820,67,131,-426
IMU1,1944,18819405,-937,-456,1850,68,113,-393
IMU1,1945,18829132,-911,-440,1759,66,119,-360
IMU1,1946,18838856,-894,-460,1743,42,166,-346
IMU1,1947,18848582,-901,-439,1741,1,238,-345
IMU1,1948,18858096,-947,-463,1801,-30,289,-352
IMU1,1949,18867910,-976,-467,1806,-32,264,-356
IMU1,1950,18877723,-988,-439,1805,-11,187,-351
IMU1,1951,18887540,-1006,-443,1823,22,111,-341
IMU1,1952,18897454,-1013,-451,1805,55,68,-323
IMU1,1953,18907168,-1010,-446,1811,83,52,-300
IMU1,1954,18918455,-1001,-438,1789,124,28,-248
IMU1,1955,18928360,-996,-427,1777,138,-13,-224
IMU1,1956,18938172,-983,-428,1757,150,-52,-205
IMU1,1957,18947997,-975,-422,1729,150,-70,-181
IMU1,1958,18957810,-974,-418,1715,143,-59,-161
IMU1,1959,18967622,-973,-426,1712,126,-20,-140
IMU1,1960,18977434,-975,-419,1704,100,32,-121
IMU1,1961,18987146,-978,-412,1708,72,73,-110
IMU1,1962,18996676,-992,-415,1715,43,87,-109
IMU1,1963,19006194,-999,-415,1724,20,71,-106
IMU1,1964,19015711,-1001,-417,1733,8,49,-106
IMU1,1965,19027876,-1012,-421,1731,2,30,-104
IMU1,1966,19037394,-1017,-426,1728,-1,20,-94
IMU1,1967,19046818,-1018,-431,1721,3,22,-80
IMU1,1968,19056122,-1019,-438,1712,14,24,-69
IMU1,1969,19065636,-1040,-429,1718,23,25,-56
IMU1,1970,19075148,-1038,-437,1715,28,34,-44
IMU1,1971,19084676,-1040,-437,1705,29,47,-35
IMU1,1972,19094201,-1046,-439,1694,26,45,-27
IMU1,1973,19103719,-1048,-444,1685,22,31,-19
IMU1,1974,19113241,-1052,-450,1682,13,20,-14
IMU1,1975,19122759,-1059,-451,1680,1,18,-13
IMU1,1976,19132088,-1061,-443,1675,-9,31,-14
IMU1,1977,19141510,-1063,-439,1663,-21,57,-21
IMU1,1978,19151134,-1061,-432,1660,-35,92,-33
IMU1,1979,19160763,-1075,-429,1659,-51,123,-43
IMU1,1980,19170584,-1088,-433,1656,-64,143,-52
IMU1,1981,19180399,-1101,-428,1652,-74,154,-58
IMU1,1982,19190232,-1120,-445,1661,-84,156,-60
IMU1,1983,19200061,-1130,-451,1663,-84,149,-58
IMU1,1984,19209848,-1129,-455,1662,-77,130,-57
IMU1,1985,19219653,-1126,-465,1660,-63,99,-51
IMU1,1986,19229262,-1121,-478,1658,-39,71,-49
IMU1,1987,19238877,-1117,-481,1646,-11,52,-43
IMU1,1988,19248486,-1137,-480,1655,15,36,-36
IMU1,1989,19257998,-1148,-504,1672,47,27,-25
IMU1,1990,19267509,-1130,-522,1664,81,22,-22
IMU1,1991,19277021,-1109,-517,1655,110,12,-25
IMU1,1992,19286733,-1102,-523,1653,131,-2,-41
IMU1,1993,19296348,-1091,-522,1651,147,-14,-63
IMU1,1994,19306154,-1078,-510,1647,155,-18,-83
IMU1,1995,19315971,-1082,-505,1652,158,-16,-96
IMU1,1996,19325791,-1094,-499,1665,163,-10,-102
IMU1,1997,19335803,-1104,-495,1679,170,-2,-98
IMU1,1998,19345416,-1115,-486,1700,178,5,-85
IMU1,1999,19354937,-1119,-484,1714,188,4,-66
IMU1,2000,19364457,-1114,-481,1730,199,-10,-50
IMU1,2001,19374265,-1111,-477,1741,212,-37,-45
IMU1,2002,19384078,-1107,-468,1752,219,-66,-42
IMU1,2003,19393896,-1103,-465,1749,222,-89,-42
IMU1,2004,19403713,-1093,-459,1738,219,-105,-43
IMU1,2005,19413731,-1082,-460,1727,209,-123,-42
IMU1,2006,19423747,-1069,-457,1714,192,-140,-40
IMU1,2007,19433769,-1059,-452,1706,171,-146,-34
IMU1,2008,19443779,-1055,-451,1704,147,-133,-30
IMU1,2009,19453795,-1059,-454,1707,125,-105,-23
IMU1,2010,19463813,-1051,-445,1719,108,-65,-19
IMU1,2011,19473619,-1046,-446,1725,91,-25,-22
IMU1,2012,19483222,-1048,-451,1730,80,-6,-33
IMU1,2013,19492630,-1058,-444,1732,71,-7,-41
IMU1,2014,19502053,-1078,-443,1737,57,-18,-43
IMU1,2015,19511673,-1083,-449,1736,52,-24,-48
IMU1,2016,19521296,-1079,-453,1735,43,-35,-45
IMU1,2017,19530899,-1088,-451,1738,32,-39,-39
IMU1,2018,19540514,-1076,-453,1737,28,-32,-38
IMU1,2019,19550127,-1077,-444,1732,22,-24,-36
IMU1,2020,19559746,-1073,-438,1725,12,-16,-39
IMU1,2021,19569359,-1072,-439,1714,-2,-13,-44
IMU1,2022,19578874,-1072,-441,1706,-14,-19,-47
IMU1,2023,19588595,-1075,-442,1694,-31,-22,-48
IMU1,2024,19598303,-1082,-445,1693,-43,-12,-46
IMU1,2025,19608015,-1084,-448,1699,-52,6,-40
IMU1,2026,19617426,-1098,-451,1706,-57,23,-35
IMU1,2027,19627044,-1099,-447,1708,-54,29,-29
IMU1,2028,19636661,-1095,-445,1703,-41,18,-22
IMU1,2029,19646276,-1099,-443,1700,-27,-5,-18
IMU1,2030,19655797,-1102,-447,1696,-8,-31,-14
IMU1,2031,19665322,-1107,-452,1689,9,-58,-6
IMU1,2032,19674526,-1111,-445,1692,26,-75,0
IMU1,2033,19683742,-1111,-448,1687,42,-84,7
IMU1,2034,19693051,-1112,-450,1681,46,-91,15
IMU1,2035,19702560,-1110,-446,1683,50,-87,15
IMU1,2036,19712064,-1094,-442,1672,51,-79,11
IMU1,2037,19721560,-1085,-445,1660,47,-74,-2
IMU1,2038,19730973,-1083,-438,1655,38,-68,-19
IMU1,2039,19740584,-1077,-433,1662,32,-55,-35
IMU1,2040,19750199,-1077,-431,1660,27,-39,-46
IMU1,2041,19759814,-1082,-430,1661,18,-20,-51
IMU1,2042,19769430,-1092,-429,1675,10,-2,-54
IMU1,2043,19778845,-1099,-430,1685,5,12,-52
IMU1,2044,19788154,-1099,-430,1695,-3,15,-48
IMU1,2045,19797570,-1102,-432,1697,-11,9,-41
IMU1,2046,19806991,-1095,-441,1690,-18,5,-37
IMU1,2047,19816407,-1091,-439,1691,-22,5,-34
IMU1,2048,19825815,-1094,-438,1696,-23,9,-32
IMU1,2049,19835228,-1101,-439,1716,-13,9,-28
IMU1,2050,19844644,-1114,-441,1724,5,2,-20
IMU1,2051,19853761,-1116,-440,1722,24,-11,-11
IMU1,2052,19863368,-1111,-442,1720,41,-32,-1
IMU1,2053,19872786,-1098,-443,1706,54,-50,6
IMU1,2054,19882101,-1085,-445,1689,57,-59,9
IMU1,2055,19891413,-1068,-443,1668,54,-57,6
IMU1,2056,19900724,-1047,-443,1647,43,-40,-1
IMU1,2057,19910139,-1043,-436,1637,25,-14,-10
IMU1,2058,19919750,-1067,-436,1655,10,9,-17
IMU1,2059,19929073,-1089,-439,1675,3,27,-19
IMU1,2060,19938394,-1115,-447,1694,7,33,-19
IMU1,2061,19947725,-1123,-453,1694,17,23,-11
IMU1,2062,19957239,-1122,-447,1698,23,2,-2
IMU1,2063,19966887,-1120,-444,1691,36,-18,4
IMU1,2064,19976214,-1095,-444,1676,49,-24,4
IMU1,2065,19986052,-1090,-446,1666,52,-33,12
IMU1,2066,19995572,-1093,-444,1659,53,-27,11
IMU1,2067,20005088,-1090,-450,1659,49,-10,10
IMU1,2068,20014596,-1099,-452,1667,47,11,9
IMU1,2069,20024334,-1105,-445,1667,45,24,8
IMU1,2070,20036293,-1105,-445,1673,46,32,4
IMU1,2071,20045518,-1106,-447,1674,44,41,-2
IMU1,2072,20054837,-1112,-438,1685,50,62,-11
IMU1,2073,20064363,-1125,-436,1697,53,77,-15
IMU1,2074,20073880,-1122,-443,1711,56,73,-15
IMU1,2075,20083394,-1125,-441,1719,60,62,-11
IMU1,2076,20092905,-1122,-454,1716,66,47,-7
IMU1,2077,20102224,-1102,-461,1710,71,30,1
IMU1,2078,20111462,-1082,-462,1701,71,22,9
IMU1,2079,20120688,-1053,-464,1692,62,29,15
IMU1,2080,20130110,-1041,-464,1705,52,50,20
IMU1,2081,20140051,-1003,-470,1714,49,85,20
IMU1,2082,20149474,-971,-464,1719,42,115,14
IMU1,2083,20158903,-946,-454,1731,46,123,-1
IMU1,2084,20168750,-907,-455,1741,39,117,-5
IMU1,2085,20178073,-870,-441,1761,29,131,-11
IMU1,2086,20188100,-854,-424,1800,27,168,-4
IMU1,2087,20197415,-831,-406,1836,23,214,19
IMU1,2088,20207360,-785,-395,1860,21,253,40
IMU1,2089,20216786,-730,-375,1878,9,264,68
IMU1,2090,20226544,-674,-355,1921,0,267,90
IMU1,2091,20236191,-606,-337,1976,-23,268,122
IMU1,2092,20245907,-538,-308,2000,-31,274,153
IMU1,2093,20255634,-453,-283,2060,-48,275,198
IMU1,2094,20265360,-378,-237,2125,-61,280,242
IMU1,2095,20275080,-294,-183,2181,-71,258,289
IMU1,2096,20284820,-193,-120,2246,-86,208,338
IMU1,2097,20294527,-71,-66,2291,-115,164,386
IMU1,2098,20304049,62,-8,2355,-147,136,437
IMU1,2099,20313279,170,58,2439,-180,104,497
IMU1,2100,20322822,282,128,2538,-204,62,567
IMU1,2101,20332353,409,192,2666,-212,14,647
IMU1,2102,20341877,520,263,2775,-215,-45,747
IMU1,2103,20351508,644,361,2876,-211,-114,853
IMU1,2104,20361353,751,451,3003,-216,-190,981
IMU1,2105,20371195,840,547,3095,-248,-216,1129
IMU1,2106,20381244,938,644,3202,-301,-210,1298
IMU1,2107,20391269,1029,732,3344,-368,-204,1475
IMU1,2108,20401506,1144,835,3490,-421,-223,1652
IMU1,2109,20411740,1232,963,3604,-452,-282,1815
IMU1,2110,20421981,1231,1104,3601,-482,-417,1964
IMU1,2111,20432422,1088,1303,3443,-535,-703,2138
IMU1,2112,20442861,919,1467,3213,-649,-1148,2386
IMU1,2113,20453306,774,1521,2916,-818,-1627,2751
IMU1,2114,20463755,422,1635,2607,-1028,-2022,3245
IMU1,2115,20474395,60,1668,2398,-1245,-2356,3885
IMU1,2116,20484865,-753,1640,2026,-1387,-2726,5406
IMU1,2117,20495561,-1186,1611,1783,-1220,-3535,6195
IMU1,2118,20506477,-1614,1623,1443,-934,-3746,6920
IMU1,2119,20517185,-2026,1592,1143,-580,-3717,7494
IMU1,2120,20527924,-2195,1551,838,-219,-3383,7833
IMU1,2121,20538460,-1752,1660,702,80,-2681,7830
IMU1,2122,20548685,-1693,2286,332,245,-1508,7350
IMU1,2123,20559108,-2050,2341,334,190,-8,6502
IMU1,2124,20568940,-2473,2233,707,-20,1522,5550
IMU1,2125,20579181,-2750,2176,1131,-264,2873,4608
IMU1,2126,20589824,-3034,2074,1470,-455,3792,3670
IMU1,2127,20600472,-3707,2084,1951,-552,3554,2037
IMU1,2128,20611106,-3924,2011,2117,-360,2608,1473
IMU1,2129,20621730,-3936,1840,2164,-139,1443,1110
IMU1,2130,20632360,-3699,1685,2046,95,340,887
IMU1,2131,20642286,-3353,1608,1857,253,-536,738
IMU1,2132,20652509,-3001,1585,1587,307,-1140,606
IMU1,2133,20662950,-2663,1564,1337,249,-1478,472
IMU1,2134,20673377,-2338,1527,1133,85,-1546,340
IMU1,2135,20683604,-2107,1458,959,-158,-1329,208
IMU1,2136,20693925,-1969,1402,903,-459,-888,89
IMU1,2137,20703838,-1893,1344,953,-756,-321,-9
IMU1,2138,20713676,-1888,1254,1061,-990,248,-90
IMU1,2139,20723798,-1909,1162,1187,-1142,700,-149
IMU1,2140,20734334,-1933,1068,1308,-1211,963,-187
IMU1,2141,20745377,-1971,844,1337,-1203,1027,-202
IMU1,2142,20755892,-1963,777,1398,-1141,917,-185
IMU1,2143,20766222,-1936,728,1465,-1025,752,-187
IMU1,2144,20776549,-1897,666,1516,-866,545,-197
IMU1,2145,20786683,-1832,608,1552,-676,338,-230
IMU1,2146,20796823,-1755,554,1542,-481,168,-290
# swing_peak_seq=2120
IMU1,2147,20806949,-1710,527,1535,-301,71,-377
IMU1,2148,20816876,-1662,524,1525,-162,56,-481
IMU1,2149,20826775,-1630,529,1507,-64,92,-586
IMU1,2150,20836498,-1645,534,1509,-1,141,-686
IMU1,2151,20846214,-1651,517,1555,37,174,-775
IMU1,2152,20856046,-1627,473,1575,51,181,-844
IMU1,2153,20865866,-1610,462,1604,49,160,-899
IMU1,2154,20875670,-1578,444,1630,38,127,-940
IMU1,2155,20885504,-1554,415,1638,21,92,-969
IMU1,2156,20895133,-1522,419,1680,3,69,-986
IMU1,2157,20904554,-1478,454,1733,-4,82,-1007
IMU1,2158,20914274,-1428,465,1756,5,132,-1037
IMU1,2159,20924110,-1371,466,1771,20,210,-1095
IMU1,2160,20934140,-1345,450,1789,26,292,-1173
IMU1,2161,20944169,-1325,405,1794,25,342,-1265
IMU1,2162,20954180,-1299,387,1765,22,322,-1365
IMU1,2163,20964192,-1276,376,1766,3,224,-1460
IMU1,2164,20974018,-1247,356,1774,-10,98,-1555
IMU1,2165,20983930,-1213,348,1762,-14,-24,-1632
IMU1,2166,20993930,-1208,354,1772,-16,-112,-1677
IMU1,2167,21005154,-1090,311,1735,-12,-169,-1730
IMU1,2168,21015351,-1052,292,1723,-7,-157,-1752
IMU1,2169,21025361,-1015,270,1743,-14,-122,-1748
IMU1,2170,21038112,-984,237,1751,-14,-58,-1727
IMU1,2171,21047922,-968,209,1758,1,37,-1708
IMU1,2172,21057343,-952,190,1771,19,137,-1687
IMU1,2173,21067149,-969,191,1828,55,213,-1668
IMU1,2174,21076967,-1004,174,1919,116,252,-1650
IMU1,2175,21087177,-941,117,1949,202,241,-1625
IMU1,2176,21097198,-864,95,1899,294,172,-1615
IMU1,2177,21107012,-811,95,1852,363,75,-1613
IMU1,2178,21116637,-768,69,1817,400,12,-1611
IMU1,2179,21126263,-731,44,1777,409,23,-1601
IMU1,2180,21135867,-692,18,1750,393,87,-1592
IMU1,2181,21145490,-658,-1,1751,361,171,-1590
IMU1,2182,21155216,-630,-11,1783,334,228,-1594
IMU1,2183,21165133,-614,-25,1827,337,255,-1609
IMU1,2184,21175041,-625,-68,1879,363,254,-1620
IMU1,2185,21184956,-601,-125,1903,415,242,-1624
IMU1,2186,21195066,-560,-158,1910,481,224,-1622
IMU1,2187,21205189,-522,-164,1928,551,205,-1618
IMU1,2188,21215291,-543,-158,1953,624,185,-1614
IMU1,2189,21226455,-535,-151,1968,753,154,-1568
IMU1,2190,21236578,-547,-143,1975,807,141,-1533
IMU1,2191,21246700,-530,-163,1971,853,96,-1483
IMU1,2192,21256630,-476,-184,1948,887,34,-1443
IMU1,2193,21266547,-420,-193,1910,905,-41,-1418
IMU1,2194,21276571,-397,-193,1893,893,-112,-1408
IMU1,2195,21286794,-395,-177,1885,855,-147,-1394
IMU1,2196,21297008,-384,-174,1888,802,-122,-1367
IMU1,2197,21307215,-407,-176,1937,741,-21,-1329
IMU1,2198,21317206,-416,-178,1983,685,123,-1279
IMU1,2199,21327310,-409,-190,1987,647,251,-1229
IMU1,2200,21337422,-376,-208,1981,613,315,-1190
IMU1,2201,21347557,-349,-243,1990,585,332,-1171
IMU1,2202,21357676,-343,-271,1993,560,325,-1166
IMU1,2203,21367796,-327,-301,1998,537,307,-1164
IMU1,2204,21377925,-323,-320,2001,514,303,-1167
IMU1,2205,21388031,-374,-321,2015,495,303,-1161
IMU1,2206,21398145,-427,-332,2056,482,289,-1129
IMU1,2207,21409301,-470,-342,2058,485,236,-1005
IMU1,2208,21419407,-477,-353,2059,497,197,-931
IMU1,2209,21429336,-491,-362,2033,506,155,-863
IMU1,2210,21439256,-457,-377,1997,507,124,-804
IMU1,2211,21449187,-413,-378,1941,481,123,-760
IMU1,2212,21459102,-387,-384,1887,432,154,-741
IMU1,2213,21469037,-388,-398,1860,356,203,-736
IMU1,2214,21478960,-410,-399,1879,264,265,-738
IMU1,2215,21488881,-461,-416,1949,195,323,-742
IMU1,2216,21498790,-524,-427,2016,169,347,-743
IMU1,2217,21508719,-576,-440,2049,187,316,-734
IMU1,2218,21518639,-596,-444,2063,243,234,-719
IMU1,2219,21528566,-608,-439,2062,320,121,-700
IMU1,2220,21538481,-617,-430,2062,396,9,-681
IMU1,2221,21548007,-633,-416,2031,457,-68,-658
IMU1,2222,21557820,-634,-393,2007,485,-105,-630
IMU1,2223,21567838,-636,-382,1986,481,-116,-600
IMU1,2224,21577872,-633,-378,1972,452,-111,-571
IMU1,2225,21587901,-631,-364,1966,410,-93,-546
IMU1,2226,21597725,-627,-357,1961,360,-68,-529
IMU1,2227,21607552,-637,-351,1955,308,-46,-518
IMU1,2228,21617375,-664,-335,1966,256,-33,-503
IMU1,2229,21627184,-691,-329,1998,214,-9,-486
IMU1,2230,21636794,-703,-329,2012,185,25,-467
IMU1,2231,21646510,-712,-320,2013,154,51,-445
IMU1,2232,21656228,-730,-311,1999,131,64,-431
IMU1,2233,21665960,-756,-317,1992,105,54,-418
IMU1,2234,21675685,-757,-320,1978,80,23,-403
IMU1,2235,21685199,-754,-330,1960,65,-3,-390
IMU1,2236,21694623,-750,-336,1938,47,-22,-366
IMU1,2237,21704243,-742,-341,1918,31,-15,-340
IMU1,2238,21713866,-738,-340,1897,21,16,-316
IMU1,2239,21723392,-741,-336,1883,12,55,-294
IMU1,2240,21732915,-750,-335,1876,3,87,-274
IMU1,2241,21742238,-755,-328,1876,-7,106,-257
IMU1,2242,21751855,-760,-326,1885,-6,122,-251
IMU1,2243,21761470,-767,-321,1888,-3,130,-244
IMU1,2244,21771062,-775,-320,1870,-2,121,-238
IMU1,2245,21780667,-781,-320,1862,-5,95,-226
IMU1,2246,21790070,-801,-327,1846,-19,66,-206
IMU1,2247,21799675,-819,-338,1843,-30,49,-177
IMU1,2248,21809278,-812,-331,1836,-41,64,-144
IMU1,2249,21818887,-800,-321,1820,-56,105,-118
IMU1,2250,21828675,-795,-325,1821,-73,149,-106
IMU1,2251,21838487,-796,-323,1826,-85,181,-103
IMU1,2252,21848287,-805,-328,1825,-95,203,-109
IMU1,2253,21858085,-833,-336,1836,-108,213,-113
IMU1,2254,21868087,-853,-346,1862,-108,207,-111
IMU1,2255,21878090,-861,-358,1876,-94,180,-98
IMU1,2256,21887701,-864,-359,1874,-69,134,-82
IMU1,2257,21897325,-863,-356,1852,-40,73,-57
IMU1,2258,21906742,-842,-346,1832,-13,26,-39
IMU1,2259,21916158,-838,-345,1814,5,-6,-22
IMU1,2260,21925179,-822,-344,1807,12,-13,-14
IMU1,2261,21934580,-821,-338,1811,14,1,-12
IMU1,2262,21943692,-852,-339,1823,19,22,-13
IMU1,2263,21953010,-882,-346,1836,30,33,-10
IMU1,2264,21962331,-896,-355,1829,41,28,0
IMU1,2265,21971253,-901,-355,1820,52,12,12
IMU1,2266,21980471,-877,-345,1798,61,-8,17
IMU1,2267,21989596,-858,-344,1776,67,-24,11
IMU1,2268,21998923,-854,-353,1769,66,-27,-1
IMU1,2269,22008141,-856,-368,1770,63,-13,-14
IMU1,2270,22017553,-845,-371,1762,60,18,-31
IMU1,2271,22026862,-852,-373,1764,49,44,-50
IMU1,2272,22038934,-869,-383,1768,41,61,-70
IMU1,2273,22048255,-879,-384,1779,36,66,-84
IMU1,2274,22057567,-878,-385,1790,32,68,-95
IMU1,2275,22066896,-903,-397,1804,35,65,-99
IMU1,2276,22076229,-916,-400,1818,46,55,-97
IMU1,2277,22085558,-912,-397,1823,62,33,-88
IMU1,2278,22094886,-919,-399,1831,87,9,-80
IMU1,2279,22104013,-922,-393,1843,114,-15,-70
IMU1,2280,22113632,-914,-391,1837,146,-32,-63
IMU1,2281,22123258,-916,-381,1826,168,-47,-56
IMU1,2282,22132865,-922,-373,1829,181,-52,-53
IMU1,2283,22142474,-924,-369,1831,185,-44,-47
IMU1,2284,22152089,-930,-363,1828,182,-31,-44
IMU1,2285,22161694,-931,-352,1829,171,-27,-42
IMU1,2286,22171302,-933,-345,1843,160,-33,-41
IMU1,2287,22180909,-947,-341,1855,152,-38,-45
IMU1,2288,22190524,-945,-342,1863,151,-42,-48
IMU1,2289,22200142,-935,-342,1855,151,-45,-50
IMU1,2290,22209769,-932,-339,1844,145,-44,-56
IMU1,2291,22219382,-926,-339,1834,133,-42,-60
IMU1,2292,22229010,-915,-335,1827,119,-37,-64
IMU1,2293,22238635,-916,-336,1819,102,-37,-65
IMU1,2294,22248269,-912,-341,1818,84,-38,-65
IMU1,2295,22257687,-914,-344,1817,62,-40,-60
IMU1,2296,22267109,-912,-350,1814,42,-35,-55
IMU1,2297,22276543,-908,-352,1810,24,-20,-52
IMU1,2298,22285965,-911,-358,1806,11,-3,-49
IMU1,2299,22295179,-904,-357,1814,8,14,-49
IMU1,2300,22304305,-910,-362,1812,4,32,-50
IMU1,2301,22313432,-916,-367,1823,7,43,-50
IMU1,2302,22322568,-930,-367,1827,12,50,-51
IMU1,2303,22332419,-940,-373,1834,18,51,-47
IMU1,2304,22341750,-935,-376,1830,29,45,-44
IMU1,2305,22351604,-928,-374,1825,30,22,-38
IMU1,2306,22360935,-924,-376,1819,33,9,-38
IMU1,2307,22370595,-912,-374,1812,24,-2,-33
IMU1,2308,22380343,-911,-375,1808,14,1,-32
IMU1,2309,22389997,-920,-375,1818,17,8,-34
IMU1,2310,22399655,-920,-376,1832,16,26,-42
IMU1,2311,22409006,-928,-373,1837,14,43,-50
IMU1,2312,22418841,-936,-375,1841,14,49,-54
IMU1,2313,22428684,-945,-377,1836,17,49,-61
IMU1,2314,22438008,-945,-375,1835,14,37,-61
IMU1,2315,22447859,-946,-380,1826,5,21,-60
IMU1,2316,22457507,-937,-372,1822,4,10,-59
IMU1,2317,22467161,-924,-371,1819,1,6,-68
IMU1,2318,22476613,-924,-369,1821,-10,-3,-68
IMU1,2319,22485941,-926,-366,1831,1,-2,-75
IMU1,2320,22496012,-926,-362,1826,-2,-4,-71
IMU1,2321,22505641,-926,-352,1818,4,2,-78
IMU1,2322,22515089,-923,-353,1811,6,14,-86
IMU1,2323,22524747,-919,-348,1804,-5,21,-82
IMU1,2324,22534500,-915,-342,1807,-6,26,-85
IMU1,2325,22543700,-915,-344,1811,-16,20,-79
IMU1,2326,22553633,-916,-349,1804,-21,23,-79
IMU1,2327,22563035,-920,-344,1807,-22,24,-71
IMU1,2328,22572970,-919,-351,1811,-20,33,-68
IMU1,2329,22582380,-921,-356,1802,-16,31,-56
IMU1,2330,22591798,-935,-354,1802,-9,19,-47
IMU1,2331,22601548,-937,-364,1798,-4,1,-32
IMU1,2332,22611097,-926,-366,1791,2,-10,-21
IMU1,2333,22620832,-919,-361,1782,13,-20,-16
IMU1,2334,22630237,-916,-353,1781,17,-29,-17
IMU1,2335,22640187,-911,-355,1781,16,-32,-12
IMU1,2336,22649597,-918,-354,1783,26,-20,-12
IMU1,2337,22659545,-923,-355,1784,23,-7,-11
IMU1,2338,22668757,-934,-361,1788,22,4,-11
IMU1,2339,22678410,-943,-360,1794,26,1,-3
IMU1,2340,22688376,-952,-364,1796,34,1,2
IMU1,2341,22697729,-949,-366,1784,35,-8,9
IMU1,2342,22707173,-950,-360,1781,33,-27,19
IMU1,2343,22717035,-946,-361,1789,31,-24,19
IMU1,2344,22726370,-960,-356,1803,27,-9,24
IMU1,2345,22736020,-973,-362,1811,43,19,22
IMU1,2346,22745749,-976,-364,1819,40,37,28
IMU1,2347,22755490,-967,-360,1812,53,40,18
IMU1,2348,22765238,-969,-353,1811,49,16,8
IMU1,2349,22774787,-968,-355,1807,45,-24,-3
IMU1,2350,22784523,-960,-352,1805,31,-47,-17
IMU1,2351,22793926,-956,-352,1795,21,-41,-23
IMU1,2352,22803350,-949,-348,1792,3,-9,-31
IMU1,2353,22812897,-947,-347,1797,-18,34,-23
IMU1,2354,22822835,-946,-359,1797,-39,70,-12
IMU1,2355,22832261,-941,-365,1800,-43,83,-17
IMU1,2356,22842203,-935,-363,1810,-45,74,-17
IMU1,2357,22851629,-928,-360,1817,-43,65,-15
IMU1,2358,22861051,-922,-360,1831,-33,67,-15
IMU1,2359,22870992,-915,-353,1848,-26,86,-13
IMU1,2360,22880425,-901,-344,1851,-17,109,-12
IMU1,2361,22890036,-881,-340,1855,-15,119,-10
IMU1,2362,22899653,-827,-348,1875,-15,115,-11
IMU1,2363,22909270,-735,-340,1894,-17,110,-16
IMU1,2364,22918904,-660,-313,1918,-16,125,-33
IMU1,2365,22928534,-628,-293,1931,-12,159,-50
IMU1,2366,22938165,-623,-286,1937,-18,194,-49
IMU1,2367,22947766,-641,-280,1939,-36,225,-23
IMU1,2368,22957373,-641,-283,1953,-76,261,30
IMU1,2369,22966897,-633,-278,1956,-127,300,104
IMU1,2370,22976820,-610,-300,1966,-186,337,186
IMU1,2371,22986735,-571,-329,1993,-241,361,264
IMU1,2372,22996658,-518,-334,2016,-292,358,333
IMU1,2373,23006583,-466,-349,2034,-323,330,388
IMU1,2374,23016511,-422,-354,2055,-341,289,435
IMU1,2375,23026442,-374,-342,2082,-342,259,473
IMU1,2376,23039014,-315,-337,2105,-331,247,506
IMU1,2377,23048962,-252,-328,2121,-317,253,531
IMU1,2378,23058871,-193,-307,2131,-305,264,554
IMU1,2379,23068806,-144,-280,2144,-301,264,576
IMU1,2380,23078719,-79,-263,2176,-304,247,600
IMU1,2381,23088449,3,-244,2213,-307,210,631
IMU1,2382,23097885,78,-227,2274,-308,155,670
IMU1,2383,23107520,140,-180,2326,-294,87,721
IMU1,2384,23117140,205,-123,2382,-275,22,781
IMU1,2385,23126769,253,-62,2416,-259,-24,854
IMU1,2386,23136291,355,21,2425,-263,-68,943
IMU1,2387,23145723,489,90,2452,-298,-108,1031
IMU1,2388,23155543,613,145,2491,-342,-125,1105
IMU1,2389,23165576,737,175,2555,-391,-115,1167
IMU1,2390,23175621,848,170,2682,-435,-88,1220
IMU1,2391,23185453,935,195,2794,-468,-46,1279
IMU1,2392,23195296,1042,275,2867,-496,-38,1333
IMU1,2393,23205327,1193,379,2918,-526,-74,1363
IMU1,2394,23215361,1384,525,2849,-588,-123,1366
IMU1,2395,23226628,1472,945,2774,-849,-169,1270
IMU1,2396,23236867,1195,1181,2687,-1024,-233,1257
IMU1,2397,23247508,822,1344,2615,-1195,-379,1359
IMU1,2398,23257946,493,1524,2430,-1364,-611,1640
IMU1,2399,23268377,139,1578,2174,-1531,-876,2083
IMU1,2400,23278818,-309,1557,1897,-1682,-1159,2705
IMU1,2401,23289549,-850,1490,1577,-1813,-1430,3512
IMU1,2402,23300296,-1383,1407,1300,-1914,-1646,4484
IMU1,2403,23311210,-1990,1340,1108,-1945,-1763,5529
IMU1,2404,23322139,-3490,1346,982,-1643,-1710,7425
IMU1,2405,23332868,-3497,1254,1071,-1317,-1507,8028
IMU1,2406,23343800,-2917,1975,972,-900,-978,8089
IMU1,2407,23354141,-2659,2226,764,-475,-53,7430
IMU1,2408,23364282,-2720,1598,848,-132,770,6227
IMU1,2409,23374517,-3083,1787,1043,169,1059,4740
IMU1,2410,23385048,-3309,2109,1209,435,1072,3171
IMU1,2411,23395595,-3712,1562,1361,629,1075,1744
IMU1,2412,23406147,-3960,1490,1458,722,956,711
IMU1,2413,23416296,-4059,1541,1485,719,763,47
IMU1,2414,23426245,-4001,1384,1560,635,505,-320
IMU1,2415,23436474,-3814,1293,1563,521,149,-470
IMU1,2416,23447759,-3148,1248,1264,151,-742,-429
IMU1,2417,23458104,-2752,1174,1109,-141,-1008,-355
IMU1,2418,23468726,-2517,1091,1094,-438,-959,-341
IMU1,2419,23479168,-2466,1099,1203,-683,-679,-326
IMU1,2420,23489593,-2369,1063,1253,-817,-366,-269
IMU1,2421,23500024,-2249,978,1279,-847,-108,-203
IMU1,2422,23510250,-2160,880,1271,-826,80,-147
IMU1,2423,23520190,-2121,759,1307,-779,170,-115
IMU1,2424,23530315,-2053,655,1295,-710,126,-102
IMU1,2425,23540443,-1976,574,1244,-641,-30,-107
IMU1,2426,23550470,-1899,503,1232,-576,-231,-132
IMU1,2427,23560718,-1847,454,1252,-513,-397,-167
IMU1,2428,23570940,-1792,421,1281,-437,-477,-216
IMU1,2429,23581161,-1701,409,1327,-350,-482,-267
IMU1,2430,23591894,-1682,429,1387,-171,-337,-380
IMU1,2431,23602116,-1667,444,1477,-72,-204,-443
# swing_peak_seq=2405
IMU1,2432,23612126,-1654,434,1526,15,-71,-507
IMU1,2433,23621850,-1660,426,1555,88,17,-581
IMU1,2434,23631476,-1622,410,1567,127,29,-647
IMU1,2435,23641296,-1571,413,1563,134,-14,-711
IMU1,2436,23651228,-1549,426,1548,109,-81,-775
IMU1,2437,23661155,-1527,407,1539,57,-146,-815
IMU1,2438,23671078,-1524,402,1551,-15,-176,-833
IMU1,2439,23681102,-1515,402,1567,-88,-156,-828
IMU1,2440,23691112,-1522,405,1612,-152,-78,-800
IMU1,2441,23701124,-1503,401,1638,-194,61,-771
IMU1,2442,23711041,-1451,381,1661,-222,220,-755
IMU1,2443,23721163,-1384,371,1660,-234,344,-768
IMU1,2444,23731280,-1349,345,1680,-240,399,-815
IMU1,2445,23741386,-1304,298,1719,-240,394,-881
IMU1,2446,23751517,-1260,246,1757,-222,351,-953
IMU1,2447,23761666,-1232,244,1750,-194,285,-1031
IMU1,2448,23771978,-1216,243,1748,-178,192,-1102
IMU1,2449,23782302,-1212,220,1740,-158,90,-1149
IMU1,2450,23792436,-1220,200,1754,-145,18,-1172
IMU1,2451,23803603,-1222,171,1765,-106,40,-1133
IMU1,2452,23813717,-1172,151,1754,-70,98,-1111
IMU1,2453,23823655,-1103,125,1728,-25,131,-1103
IMU1,2454,23833781,-1014,72,1723,13,126,-1103
IMU1,2455,23843605,-940,39,1704,59,112,-1131
IMU1,2456,23853232,-903,50,1718,89,127,-1172
IMU1,2457,23862865,-896,33,1733,118,198,-1227
IMU1,2458,23872693,-907,20,1742,137,276,-1271
IMU1,2459,23882522,-966,27,1797,166,317,-1296
IMU1,2460,23892342,-1003,-1,1817,207,307,-1287
IMU1,2461,23902263,-1005,-46,1790,252,244,-1253
IMU1,2462,23912393,-958,-96,1771,299,144,-1211
IMU1,2463,23922331,-891,-117,1746,339,40,-1175
IMU1,2464,23932258,-832,-129,1722,377,-29,-1158
IMU1,2465,23942280,-766,-155,1682,402,-26,-1156
IMU1,2466,23952299,-737,-163,1662,403,68,-1172
IMU1,2467,23962222,-755,-177,1678,388,228,-1197
IMU1,2468,23972350,-765,-229,1716,376,394,-1214
IMU1,2469,23982485,-779,-259,1760,375,515,-1223
IMU1,2470,23992614,-819,-273,1809,398,565,-1226
IMU1,2471,24002753,-854,-292,1854,448,554,-1227
IMU1,2472,24012872,-851,-335,1862,508,494,-1226
IMU1,2473,24022982,-798,-365,1835,570,392,-1240
IMU1,2474,24033125,-714,-426,1764,614,256,-1266
IMU1,2475,24045818,-707,-419,1777,636,32,-1331
IMU1,2476,24055749,-695,-419,1786,647,5,-1354
IMU1,2477,24065479,-704,-396,1818,672,22,-1368
IMU1,2478,24075396,-719,-379,1879,720,60,-1374
IMU1,2479,24085330,-716,-362,1937,792,92,-1370
IMU1,2480,24095255,-676,-363,1950,882,101,-1366
IMU1,2481,24105367,-651,-359,1968,965,87,-1361
IMU1,2482,24115276,-667,-351,2009,1035,65,-1354
IMU1,2483,24125390,-670,-362,2025,1094,30,-1335
IMU1,2484,24135523,-676,-360,2017,1132,-48,-1301
IMU1,2485,24145741,-674,-330,2022,1148,-172,-1256
IMU1,2486,24156166,-672,-309,2025,1148,-319,-1206
IMU1,2487,24166591,-659,-293,2012,1130,-462,-1155
IMU1,2488,24176997,-619,-270,1951,1100,-573,-1102
IMU1,2489,24188462,-419,-260,1911,994,-625,-1021
IMU1,2490,24198692,-359,-251,1869,913,-566,-998
IMU1,2491,24208718,-341,-247,1846,821,-480,-987
IMU1,2492,24218724,-334,-248,1846,722,-372,-961
IMU1,2493,24228736,-351,-243,1843,620,-253,-920
IMU1,2494,24238762,-380,-244,1855,530,-143,-868
IMU1,2495,24248787,-424,-245,1864,452,-52,-805
IMU1,2496,24258597,-460,-250,1877,387,30,-735
IMU1,2497,24268319,-465,-272,1896,326,119,-665
IMU1,2498,24278254,-470,-285,1909,280,222,-612
IMU1,2499,24288192,-506,-294,1925,237,319,-572
IMU1,2500,24298121,-561,-289,1954,201,381,-540
IMU1,2501,24308052,-616,-301,1993,182,396,-508
IMU1,2502,24317994,-652,-301,2008,178,369,-472
IMU1,2503,24327938,-696,-287,2038,188,313,-433
IMU1,2504,24337867,-728,-289,2067,215,249,-396
IMU1,2505,24347790,-760,-285,2080,252,188,-361
IMU1,2506,24357712,-772,-264,2086,292,128,-328
IMU1,2507,24367641,-772,-257,2066,318,89,-309
IMU1,2508,24377385,-765,-261,2056,320,80,-298
IMU1,2509,24387111,-792,-247,2054,294,103,-292
IMU1,2510,24397045,-781,-240,2013,252,146,-285
IMU1,2511,24406966,-783,-239,2010,192,184,-287
IMU1,2512,24416897,-803,-231,1986,126,207,-293
IMU1,2513,24426812,-831,-239,1983,62,219,-302
IMU1,2514,24436544,-824,-227,1951,-3,218,-305
IMU1,2515,24447729,-812,-205,1901,-111,216,-314
IMU1,2516,24457768,-815,-216,1881,-156,229,-314
IMU1,2517,24467792,-813,-218,1866,-186,265,-327
IMU1,2518,24477816,-829,-218,1866,-205,312,-332
IMU1,2519,24487843,-851,-229,1873,-213,346,-321
IMU1,2520,24497863,-881,-229,1880,-197,350,-310
IMU1,2521,24507891,-890,-242,1885,-172,317,-289
IMU1,2522,24517921,-885,-256,1878,-137,254,-267
IMU1,2523,24527946,-857,-258,1843,-95,181,-255
IMU1,2524,24537775,-847,-262,1814,-54,116,-247
IMU1,2525,24547593,-849,-256,1807,-10,73,-241
IMU1,2526,24557223,-848,-259,1818,36,66,-234
IMU1,2527,24566760,-835,-253,1819,80,89,-226
IMU1,2528,24576294,-831,-243,1817,116,121,-226
IMU1,2529,24586185,-838,-235,1805,142,132,-227
IMU1,2530,24596099,-844,-234,1811,152,115,-225
IMU1,2531,24606016,-864,-240,1822,154,86,-221
IMU1,2532,24615734,-865,-239,1826,152,63,-212
IMU1,2533,24625460,-861,-229,1813,145,45,-198
IMU1,2534,24635181,-867,-221,1814,135,32,-183
IMU1,2535,24644909,-880,-216,1825,122,22,-167
IMU1,2536,24654614,-887,-216,1834,115,17,-149
IMU1,2537,24664332,-895,-224,1835,106,18,-128
IMU1,2538,24674043,-910,-218,1836,95,13,-109
IMU1,2539,24683565,-899,-220,1836,89,-5,-90
IMU1,2540,24692778,-904,-224,1833,82,-27,-78
IMU1,2541,24702204,-907,-223,1837,76,-38,-71
IMU1,2542,24711638,-913,-219,1840,71,-35,-64
IMU1,2543,24721070,-914,-212,1839,69,-22,-56
IMU1,2544,24730494,-922,-219,1829,65,-12,-49
IMU1,2545,24739910,-931,-230,1829,62,-22,-41
IMU1,2546,24749330,-936,-242,1822,60,-41,-37
IMU1,2547,24758756,-940,-248,1810,58,-57,-30
IMU1,2548,24768186,-940,-250,1791,54,-65,-20
IMU1,2549,24777602,-931,-254,1781,45,-69,-10
IMU1,2550,24787022,-935,-249,1771,39,-65,-6
IMU1,2551,24796253,-946,-243,1769,33,-57,-1
IMU1,2552,24805479,-951,-247,1751,19,-35,8
IMU1,2553,24814613,-951,-259,1724,1,-10,12
IMU1,2554,24823745,-959,-278,1710,-16,1,20
IMU1,2555,24832881,-963,-296,1735,-24,10,24
IMU1,2556,24842189,-975,-301,1778,-9,20,26
IMU1,2557,24851839,-1002,-312,1829,26,25,34
IMU1,2558,24861280,-1031,-323,1858,90,17,41
IMU1,2559,24871230,-1040,-319,1864,151,-20,53
IMU1,2560,24880964,-1037,-321,1844,197,-81,65
IMU1,2561,24890671,-1034,-321,1813,225,-141,48
IMU1,2562,24900586,-1024,-323,1779,219,-195,42
IMU1,2563,24910497,-1007,-316,1742,192,-210,42
IMU1,2564,24920405,-1003,-313,1729,150,-186,42
IMU1,2565,24930310,-999,-315,1727,105,-130,35
IMU1,2566,24940033,-1001,-320,1747,62,-62,32
IMU1,2567,24949545,-1015,-324,1779,38,8,20
IMU1,2568,24958767,-1037,-324,1812,31,50,7
IMU1,2569,24967997,-1039,-333,1830,48,58,-14
IMU1,2570,24977513,-1041,-313,1847,68,38,-42
IMU1,2571,24987035,-1050,-306,1851,91,3,-74
IMU1,2572,24996350,-1060,-308,1855,109,-25,-98
IMU1,2573,25006154,-1063,-301,1846,119,-36,-112
IMU1,2574,25016160,-1061,-299,1828,117,-33,-110
IMU1,2575,25026170,-1046,-301,1814,103,-33,-99
IMU1,2576,25035984,-1040,-298,1808,84,-33,-84
IMU1,2577,25048359,-1023,-299,1809,63,-26,-70
IMU1,2578,25057968,-999,-303,1819,47,-4,-59
IMU1,2579,25067186,-981,-303,1827,36,27,-59
IMU1,2580,25076522,-961,-291,1834,27,51,-67
IMU1,2581,25085841,-956,-285,1850,26,61,-82
IMU1,2582,25095168,-946,-292,1854,28,55,-100
IMU1,2583,25104686,-931,-286,1850,28,40,-110
IMU1,2584,25114198,-918,-298,1846,25,35,-114
IMU1,2585,25123720,-907,-296,1843,20,41,-110
IMU1,2586,25133238,-892,-293,1836,14,61,-98
IMU1,2587,25142563,-879,-299,1833,4,83,-81
IMU1,2588,25151684,-865,-294,1832,-8,102,-61
IMU1,2589,25161106,-836,-301,1823,-19,113,-39
IMU1,2590,25170725,-805,-299,1817,-35,118,-21
IMU1,2591,25180337,-766,-286,1818,-49,122,-6
IMU1,2592,25189758,-732,-278,1828,-59,138,-1
IMU1,2593,25199199,-695,-282,1847,-58,173,0
IMU1,2594,25208434,-651,-272,1866,-57,222,2
IMU1,2595,25217757,-624,-256,1894,-43,267,4
IMU1,2596,25227084,-586,-243,1930,-30,296,9
IMU1,2597,25236413,-538,-233,1977,-17,302,16
IMU1,2598,25245941,-496,-219,2011,3,285,29
IMU1,2599,25255685,-464,-192,2045,23,257,55
IMU1,2600,25265104,-416,-147,2081,43,234,88
IMU1,2601,25275049,-335,-106,2094,60,230,117
IMU1,2602,25284672,-235,-65,2119,71,229,146
IMU1,2603,25294101,-116,-25,2144,75,240,165
IMU1,2604,25304034,14,23,2160,65,269,168
IMU1,2605,25313581,111,80,2180,50,297,166
IMU1,2606,25322815,210,116,2211,29,321,167
IMU1,2607,25332769,310,165,2242,16,348,167
IMU1,2608,25342206,421,224,2312,-2,370,183
IMU1,2609,25352075,515,307,2400,2,396,190
IMU1,2610,25361321,598,366,2451,2,398,211
IMU1,2611,25371089,647,452,2503,-3,362,243
IMU1,2612,25380949,717,556,2569,-34,289,303
IMU1,2613,25390497,745,598,2644,-95,208,394
IMU1,2614,25400044,761,597,2740,-154,129,524
IMU1,2615,25409777,722,630,2845,-212,61,702
IMU1,2616,25419315,685,666,2933,-258,0,936
IMU1,2617,25428561,697,710,2966,-310,-61,1206
IMU1,2618,25438398,695,739,2908,-400,-195,1506
IMU1,2619,25448446,703,794,2788,-557,-444,1823
IMU1,2620,25458486,706,814,2602,-777,-779,2162
IMU1,2621,25468526,641,762,2379,-1060,-1123,2526
IMU1,2622,25478973,541,709,2156,-1365,-1433,2949
IMU1,2623,25489418,459,641,1834,-1675,-1647,3441
IMU1,2624,25499849,252,580,1477,-1957,-1812,3954
IMU1,2625,25510292,-103,517,1135,-2188,-1962,4500
IMU1,2626,25520840,-607,521,893,-2321,-1991,5103
IMU1,2627,25531187,-1183,584,811,-2331,-1804,5735
IMU1,2628,25541747,-1816,512,1121,-2184,-1450,6315
IMU1,2629,25552507,-1969,905,1752,-1808,-999,6749
IMU1,2630,25563573,-2012,1553,1525,-411,-519,6658
IMU1,2631,25574117,-2520,1696,1329,385,-770,6153
IMU1,2632,25584581,-3250,1811,1488,1075,-962,5653
IMU1,2633,25595231,-3863,1989,2050,1597,-366,5234
IMU1,2634,25605890,-3268,2175,2389,1938,1224,4670
IMU1,2635,25616616,-2375,2063,2306,2070,2979,3559
IMU1,2636,25627355,-2632,2060,2218,2045,3587,1904
IMU1,2637,25638091,-3175,2305,2315,1981,2589,204
IMU1,2638,25648631,-3429,2335,2027,1886,697,-1157
IMU1,2639,25659782,-3326,2252,1623,1191,-2545,-2355
IMU1,2640,25670713,-3094,2034,1288,558,-3151,-2237
IMU1,2641,25681450,-2855,1862,1048,-129,-2977,-1812
IMU1,2642,25692256,-2592,1758,879,-749,-2270,-1202
IMU1,2643,25702866,-2303,1669,809,-1243,-1405,-552
IMU1,2644,25713469,-2088,1490,852,-1589,-632,-18
IMU1,2645,25723685,-1903,1275,887,-1795,-33,358
IMU1,2646,25733801,-1727,1112,880,-1890,377,572
IMU1,2647,25744020,-1588,1006,895,-1904,595,632
IMU1,2648,25754243,-1511,922,1009,-1850,684,574
IMU1,2649,25765501,-1567,687,1077,-1597,796,346
IMU1,2650,25775732,-1602,545,1114,-1437,876,274
IMU1,2651,25785964,-1637,427,1146,-1277,943,237
IMU1,2652,25796190,-1637,310,1170,-1127,966,238
IMU1,2653,25806415,-1618,215,1186,-1000,955,256
IMU1,2654,25816620,-1638,177,1222,-891,927,269
IMU1,2655,25826637,-1687,199,1300,-781,901,281
# swing_peak_seq=2629
IMU1,2656,25836652,-1701,233,1383,-665,911,277
IMU1,2657,25846680,-1708,275,1418,-544,955,238
IMU1,2658,25856709,-1739,323,1474,-438,985,162
IMU1,2659,25866714,-1795,366,1520,-352,977,60
IMU1,2660,25876538,-1796,350,1533,-280,915,-54
IMU1,2661,25886461,-1755,277,1518,-234,778,-179
IMU1,2662,25896594,-1726,239,1489,-225,577,-311
IMU1,2663,25906717,-1681,198,1478,-229,384,-440
IMU1,2664,25916841,-1639,164,1471,-245,258,-558
IMU1,2665,25926950,-1625,169,1486,-284,208,-655
IMU1,2666,25937053,-1616,233,1584,-311,247,-738
IMU1,2667,25948212,-1581,247,1616,-319,454,-892
IMU1,2668,25958328,-1520,259,1644,-301,507,-974
IMU1,2669,25968459,-1501,265,1674,-275,531,-1070
IMU1,2670,25978787,-1490,261,1724,-242,548,-1151
IMU1,2671,25989119,-1471,216,1737,-200,535,-1202
IMU1,2672,25999451,-1453,218,1686,-160,448,-1230
IMU1,2673,26009765,-1483,243,1697,-130,303,-1237
IMU1,2674,26020066,-1521,209,1728,-100,157,-1215
IMU1,2675,26030374,-1517,200,1738,-57,37,-1159
IMU1,2676,26040307,-1522,185,1758,-10,-48,-1088
IMU1,2677,26052886,-1349,154,1726,42,-85,-978
IMU1,2678,26063637,-1272,115,1722,101,20,-970
IMU1,2679,26073465,-1219,37,1730,106,131,-980
IMU1,2680,26083299,-1108,-56,1729,107,242,-1009
IMU1,2681,26093408,-1040,-121,1746,82,320,-1049
IMU1,2682,26103518,-1116,-187,1882,82,355,-1115
IMU1,2683,26113659,-1152,-170,1840,129,310,-1169
IMU1,2684,26123972,-1135,-161,1786,176,198,-1212
IMU1,2685,26134290,-1302,-311,1977,209,103,-1245
IMU1,2686,26144612,-1231,-243,1917,277,10,-1213
IMU1,2687,26154739,-1206,-213,1898,362,-146,-1167
IMU1,2688,26165160,-1085,-260,1830,451,-363,-1128
IMU1,2689,26175575,-915,-242,1673,522,-574,-1103
IMU1,2690,26185811,-785,-272,1619,556,-676,-1104
IMU1,2691,26196043,-680,-316,1581,567,-628,-1122
IMU1,2692,26206277,-645,-349,1590,566,-458,-1154
IMU1,2693,26217557,-649,-340,1631,548,24,-1208
IMU1,2694,26227457,-705,-292,1650,556,213,-1257
IMU1,2695,26237565,-748,-252,1606,551,295,-1291
IMU1,2696,26247671,-717,-271,1610,540,346,-1311
IMU1,2697,26257777,-694,-323,1746,538,454,-1310
IMU1,2698,26267877,-708,-359,1821,580,595,-1294
IMU1,2699,26277987,-709,-366,1791,657,623,-1252
IMU1,2700,26288105,-706,-316,1756,738,478,-1193
IMU1,2701,26298228,-710,-293,1759,803,255,-1130
IMU1,2702,26308342,-714,-264,1767,852,70,-1062
IMU1,2703,26318253,-730,-254,1766,886,-36,-987
IMU1,2704,26328053,-729,-250,1733,906,-99,-910
IMU1,2705,26337861,-720,-234,1722,910,-152,-835
IMU1,2706,26347869,-669,-252,1705,896,-195,-773
IMU1,2707,26357875,-567,-328,1693,864,-212,-732
IMU1,2708,26367882,-485,-401,1673,813,-193,-714
IMU1,2709,26377901,-429,-421,1663,748,-125,-722
IMU1,2710,26387912,-435,-411,1702,672,-15,-742
IMU1,2711,26397725,-495,-395,1768,609,136,-775
IMU1,2712,26407650,-599,-370,1887,563,303,-796
IMU1,2713,26417581,-702,-363,2077,554,461,-806
IMU1,2714,26429070,-827,-363,2112,624,526,-785
IMU1,2715,26438994,-877,-373,2126,666,411,-759
IMU1,2716,26448917,-893,-376,2118,701,231,-736
IMU1,2717,26458838,-874,-384,2072,717,18,-704
IMU1,2718,26468570,-853,-363,2022,714,-205,-659
IMU1,2719,26478579,-833,-340,1965,697,-387,-620
IMU1,2720,26488595,-826,-320,1932,665,-502,-581
IMU1,2721,26498597,-783,-326,1887,623,-528,-546
IMU1,2722,26508607,-741,-326,1830,569,-477,-533
IMU1,2723,26518627,-720,-319,1798,494,-374,-544
IMU1,2724,26528649,-704,-333,1776,406,-234,-575
IMU1,2725,26538647,-698,-352,1741,313,-95,-618
IMU1,2726,26548469,-693,-359,1724,216,25,-669
IMU1,2727,26558175,-686,-372,1722,123,133,-724
IMU1,2728,26568089,-718,-388,1728,49,224,-778
IMU1,2729,26577794,-790,-395,1777,-6,304,-812
IMU1,2730,26587412,-898,-394,1860,-24,378,-816
IMU1,2731,26597224,-987,-372,1915,4,430,-778
IMU1,2732,26606755,-1060,-357,1958,65,428,-701
IMU1,2733,26616674,-1097,-368,1974,143,372,-603
IMU1,2734,26626798,-1106,-379,1984,224,267,-500
IMU1,2735,26636900,-1073,-375,1952,302,134,-410
IMU1,2736,26647000,-1036,-366,1888,362,-3,-348
IMU1,2737,26656804,-996,-351,1820,395,-120,-313
IMU1,2738,26666804,-956,-337,1750,385,-185,-291
IMU1,2739,26676811,-949,-331,1722,333,-155,-291
IMU1,2740,26686809,-958,-324,1740,263,-47,-300
IMU1,2741,26698175,-1007,-312,1779,132,196,-334
IMU1,2742,26708289,-1013,-312,1802,86,248,-354
IMU1,2743,26718196,-1005,-321,1801,56,248,-376
IMU1,2744,26728108,-1009,-325,1793,33,216,-397
IMU1,2745,26738005,-1028,-333,1797,21,180,-407
IMU1,2746,26747903,-1041,-347,1804,17,165,-396
IMU1,2747,26757810,-1045,-364,1787,23,173,-369
IMU1,2748,26767710,-1061,-362,1787,31,186,-338
IMU1,2749,26777617,-1064,-364,1795,45,193,-304
IMU1,2750,26787519,-1046,-366,1796,66,203,-280
IMU1,2751,26797440,-1028,-364,1793,85,210,-271
IMU1,2752,26807355,-1009,-361,1796,101,204,-279
IMU1,2753,26817471,-987,-352,1781,114,181,-298
IMU1,2754,26827386,-988,-342,1785,124,142,-324
IMU1,2755,26837303,-980,-350,1778,131,103,-347
IMU1,2756,26847216,-976,-357,1763,136,67,-362
IMU1,2757,26856935,-994,-345,1770,139,45,-367
IMU1,2758,26866655,-996,-349,1786,142,51,-358
IMU1,2759,26876381,-977,-357,1786,150,72,-342
IMU1,2760,26886105,-954,-344,1768,154,81,-330
IMU1,2761,26895806,-933,-329,1753,149,67,-323
IMU1,2762,26905513,-935,-320,1760,133,47,-314
IMU1,2763,26915236,-949,-320,1762,114,43,-304
IMU1,2764,26924940,-964,-314,1756,92,49,-278
IMU1,2765,26934454,-983,-310,1758,68,58,-250
IMU1,2766,26943966,-1001,-307,1772,51,67,-219
IMU1,2767,26953691,-994,-312,1792,38,79,-191
IMU1,2768,26963207,-982,-313,1782,32,93,-175
IMU1,2769,26972707,-970,-300,1775,26,94,-173
IMU1,2770,26982221,-973,-294,1768,19,87,-179
IMU1,2771,26991741,-992,-299,1757,9,93,-185
IMU1,2772,27001074,-1045,-299,1719,1,125,-183
IMU1,2773,27010792,-1088,-323,1701,-13,173,-162
IMU1,2774,27020795,-1136,-365,1696,-26,229,-124
IMU1,2775,27030816,-1160,-391,1710,-40,280,-72
IMU1,2776,27040645,-1139,-394,1700,-46,308,-30
IMU1,2777,27053096,-1082,-399,1709,-44,262,-15
IMU1,2778,27063424,-1059,-388,1714,-29,204,-42
IMU1,2779,27073232,-1035,-372,1713,3,127,-85
IMU1,2780,27082752,-1018,-359,1712,34,42,-133
IMU1,2781,27092470,-1032,-346,1730,74,-24,-176
IMU1,2782,27102287,-1056,-344,1739,113,-63,-197
IMU1,2783,27112305,-1101,-347,1738,148,-80,-188
IMU1,2784,27122325,-1118,-344,1735,173,-98,-146
IMU1,2785,27132343,-1113,-341,1727,190,-119,-86
IMU1,2786,27142365,-1108,-342,1724,198,-143,-20
IMU1,2787,27152379,-1098,-350,1716,195,-169,44
IMU1,2788,27162292,-1072,-361,1696,183,-187,97
IMU1,2789,27172198,-1058,-356,1689,162,-197,139
IMU1,2790,27182306,-1053,-362,1694,145,-192,164
IMU1,2791,27192423,-1052,-363,1694,131,-177,173
IMU1,2792,27202535,-1053,-346,1699,117,-150,170
IMU1,2793,27212639,-1042,-343,1694,106,-106,156
IMU1,2794,27222751,-1038,-346,1698,86,-41,131
IMU1,2795,27232462,-1058,-344,1688,58,33,97
IMU1,2796,27241877,-1075,-349,1703,23,101,65
IMU1,2797,27251486,-1091,-359,1716,-13,145,39
IMU1,2798,27261199,-1125,-358,1731,-41,148,20
IMU1,2799,27270919,-1136,-370,1733,-61,122,9
IMU1,2800,27280439,-1139,-376,1729,-70,80,3
IMU1,2801,27289745,-1129,-379,1724,-72,40,2
IMU1,2802,27299047,-1124,-387,1712,-66,20,2
IMU1,2803,27308362,-1122,-388,1710,-57,20,4
IMU1,2804,27317681,-1113,-389,1705,-45,39,6
IMU1,2805,27327006,-1100,-388,1707,-32,63,2
IMU1,2806,27336335,-1110,-392,1712,-18,76,-7
IMU1,2807,27345757,-1126,-399,1727,-1,56,-13
IMU1,2808,27355176,-1126,-394,1741,23,25,-17
IMU1,2809,27364703,-1128,-386,1738,44,-3,-18
IMU1,2810,27374114,-1135,-382,1743,61,-21,-19
IMU1,2811,27383727,-1134,-370,1743,72,-30,-18
IMU1,2812,27393347,-1128,-361,1737,77,-32,-16
IMU1,2813,27402954,-1128,-355,1734,73,-35,-15
IMU1,2814,27412567,-1135,-350,1739,61,-33,-16
IMU1,2815,27422178,-1132,-340,1748,44,-23,-13
IMU1,2816,27431797,-1117,-341,1749,24,-3,-5
IMU1,2817,27441028,-1105,-340,1750,5,19,1
IMU1,2818,27450065,-1093,-333,1756,-13,40,5
IMU1,2819,27459383,-1078,-338,1764,-25,54,5
IMU1,2820,27468694,-1062,-336,1764,-31,56,8
IMU1,2821,27478019,-1049,-336,1767,-36,56,11
IMU1,2822,27487537,-1040,-327,1774,-42,61,20
IMU1,2823,27497055,-1017,-317,1791,-46,79,32
IMU1,2824,27506581,-1005,-319,1810,-49,107,49
IMU1,2825,27516303,-983,-319,1827,-51,136,66
IMU1,2826,27525844,-945,-308,1832,-54,154,88
IMU1,2827,27535358,-901,-289,1844,-59,173,109
IMU1,2828,27545078,-846,-283,1870,-70,208,125
IMU1,2829,27554799,-779,-274,1903,-86,272,130
IMU1,2830,27564527,-708,-277,1955,-109,328,134
IMU1,2831,27574446,-619,-282,2012,-130,347,133
IMU1,2832,27584359,-534,-266,2097,-136,318,127
IMU1,2833,27594276,-454,-255,2155,-130,261,129
IMU1,2834,27604199,-361,-234,2196,-115,189,137
IMU1,2835,27614118,-235,-194,2244,-99,114,150
IMU1,2836,27623840,-56,-156,2287,-91,59,160
IMU1,2837,27633158,115,-101,2316,-97,25,157
IMU1,2838,27642592,308,-56,2366,-120,10,148
IMU1,2839,27652029,481,-5,2438,-145,9,135
IMU1,2840,27661041,624,72,2541,-163,23,128
IMU1,2841,27670362,785,185,2674,-163,58,130
IMU1,2842,27679893,937,301,2808,-138,116,123
IMU1,2843,27689631,1017,441,2915,-130,182,126
IMU1,2844,27699537,1057,580,3032,-157,209,143
IMU1,2845,27709461,1074,776,3155,-222,166,196
IMU1,2846,27719392,1063,941,3271,-331,91,307
IMU1,2847,27729133,1052,1048,3321,-465,-17,480
IMU1,2848,27739154,964,1097,3292,-610,-248,718
IMU1,2849,27749194,778,1132,3161,-761,-646,1039
IMU1,2850,27759444,623,1221,2852,-924,-1131,1481
IMU1,2851,27769889,507,1244,2468,-1128,-1582,2030
IMU1,2852,27780531,406,1217,2093,-1374,-1908,2661
IMU1,2853,27791159,213,1114,1700,-1636,-2113,3354
IMU1,2854,27801810,-177,1015,1376,-1866,-2251,4116
IMU1,2855,27812531,-1257,875,1121,-2031,-2250,5842
IMU1,2856,27823266,-1768,846,1027,-1993,-2033,6661
IMU1,2857,27834003,-2279,828,769,-1763,-2029,7331
IMU1,2858,27844543,-2959,572,965,-1397,-1930,7818
IMU1,2859,27855085,-3105,865,1138,-841,-1463,8025
IMU1,2860,27865606,-2738,1093,1157,-149,-654,7653
IMU1,2861,27876124,-2816,1306,1336,546,189,6589
IMU1,2862,27886449,-3259,1729,1783,1215,673,5120
IMU1,2863,27896972,-3641,2040,1943,1836,618,3580
IMU1,2864,27907515,-3861,2171,1874,2238,205,2201
IMU1,2865,27918062,-3958,2050,1736,2283,-203,1135
IMU1,2866,27929222,-3958,1871,1672,1455,-267,106
IMU1,2867,27939659,-3686,1725,1575,798,-95,22
IMU1,2868,27949498,-3336,1612,1441,95,-30,36
IMU1,2869,27959126,-2995,1521,1311,-547,-135,36
IMU1,2870,27969257,-2692,1436,1172,-1082,-295,-22
IMU1,2871,27979684,-2453,1346,1054,-1497,-380,-123
IMU1,2872,27990305,-2283,1240,975,-1780,-345,-249
IMU1,2873,28000738,-2193,1124,982,-1919,-225,-376
IMU1,2874,28011165,-2121,974,1030,-1931,-92,-466
IMU1,2875,28021395,-2020,777,1033,-1834,15,-506
IMU1,2876,28031528,-1919,609,1022,-1672,66,-498
IMU1,2877,28041669,-1832,517,1044,-1484,68,-456
IMU1,2878,28054545,-1643,411,1122,-1091,132,-345
IMU1,2879,28064867,-1624,358,1221,-901,172,-291
IMU1,2880,28074980,-1614,295,1349,-706,170,-234
IMU1,2881,28085096,-1586,236,1459,-490,125,-178
IMU1,2882,28095212,-1516,188,1512,-269,51,-143
IMU1,2883,28105142,-1456,171,1555,-70,-42,-145
IMU1,2884,28114958,-1413,149,1579,76,-125,-176
IMU1,2885,28124885,-1380,154,1548,154,-165,-221
# swing_peak_seq=2859
IMU1,2886,28134996,-1360,194,1521,169,-161,-276
IMU1,2887,28145110,-1360,232,1543,123,-124,-321
IMU1,2888,28155232,-1393,279,1583,45,-49,-353
IMU1,2889,28164966,-1442,327,1611,-40,61,-370
IMU1,2890,28174659,-1480,385,1648,-125,184,-376
IMU1,2891,28184765,-1495,390,1658,-212,285,-375
IMU1,2892,28194875,-1490,371,1644,-300,347,-381
IMU1,2893,28204989,-1480,358,1649,-385,373,-397
IMU1,2894,28215095,-1463,325,1654,-458,386,-424
IMU1,2895,28225202,-1418,257,1650,-518,398,-457
IMU1,2896,28235314,-1384,183,1642,-560,416,-504
IMU1,2897,28246468,-1413,177,1695,-573,500,-672
IMU1,2898,28256580,-1470,191,1766,-526,566,-745
IMU1,2899,28266700,-1520,212,1822,-437,587,-795
IMU1,2900,28276823,-1531,217,1847,-319,533,-824
IMU1,2901,28286941,-1480,217,1837,-185,430,-847
IMU1,2902,28297060,-1438,218,1835,-62,328,-878
IMU1,2903,28306981,-1426,226,1850,49,236,-911
IMU1,2904,28316813,-1403,238,1856,148,150,-933
IMU1,2905,28326837,-1395,229,1855,233,47,-938
IMU1,2906,28336661,-1367,244,1844,305,-63,-925
IMU1,2907,28346576,-1346,278,1848,358,-132,-906
IMU1,2908,28356694,-1314,279,1801,392,-138,-887
IMU1,2909,28366816,-1269,264,1744,390,-106,-872
IMU1,2910,28376935,-1217,250,1722,355,-47,-869
IMU1,2911,28386862,-1153,177,1743,307,31,-883
IMU1,2912,28396694,-1118,127,1754,267,91,-905
IMU1,2913,28406537,-1081,118,1781,249,110,-929
IMU1,2914,28416559,-1086,112,1841,265,115,-954
IMU1,2915,28426582,-1109,136,1894,312,107,-963
IMU1,2916,28436607,-1121,127,1927,380,83,-956
IMU1,2917,28446430,-1094,106,1920,460,31,-947
IMU1,2918,28456264,-1058,104,1834,523,-59,-936
IMU1,2919,28467757,-963,8,1789,576,-271,-910
IMU1,2920,28477287,-902,-46,1770,568,-342,-898
IMU1,2921,28487110,-812,-110,1763,557,-347,-897
IMU1,2922,28497130,-761,-145,1732,532,-282,-911
IMU1,2923,28507157,-764,-119,1747,503,-196,-946
IMU1,2924,28517195,-750,-112,1771,488,-110,-997
IMU1,2925,28527218,-745,-122,1794,482,-28,-1054
IMU1,2926,28537234,-760,-119,1828,485,46,-1114
IMU1,2927,28547169,-738,-135,1843,502,104,-1172
IMU1,2928,28557300,-688,-176,1808,530,116,-1235
IMU1,2929,28567425,-611,-198,1760,552,67,-1309
IMU1,2930,28577358,-543,-216,1721,564,-16,-1394
IMU1,2931,28587380,-505,-228,1696,575,-86,-1488
IMU1,2932,28597405,-470,-251,1670,574,-112,-1566
IMU1,2933,28607637,-462,-257,1638,567,-80,-1626
IMU1,2934,28617665,-497,-225,1664,559,9,-1666
IMU1,2935,28627393,-519,-197,1711,562,138,-1675
IMU1,2936,28637526,-548,-212,1765,594,298,-1670
IMU1,2937,28647665,-582,-223,1834,642,436,-1644
IMU1,2938,28657798,-598,-235,1918,710,515,-1617
IMU1,2939,28667951,-563,-281,2007,797,480,-1589
IMU1,2940,28679144,-507,-317,2003,949,146,-1550
IMU1,2941,28689271,-468,-315,1966,988,-57,-1523
IMU1,2942,28699293,-418,-298,1877,994,-243,-1485
IMU1,2943,28709505,-385,-290,1813,957,-366,-1438
IMU1,2944,28719739,-356,-284,1784,892,-378,-1382
IMU1,2945,28729966,-328,-277,1754,807,-269,-1313
IMU1,2946,28740176,-319,-266,1743,714,-77,-1240
IMU1,2947,28750204,-300,-252,1726,611,131,-1173
IMU1,2948,28760339,-306,-267,1735,512,309,-1122
IMU1,2949,28770468,-338,-258,1758,422,443,-1095
IMU1,2950,28780598,-365,-250,1803,346,555,-1080
IMU1,2951,28790731,-407,-248,1850,289,665,-1071
IMU1,2952,28800858,-534,-260,1991,258,771,-1064
IMU1,2953,28810970,-702,-249,2190,281,840,-1040
IMU1,2954,28821088,-809,-200,2300,369,806,-985
IMU1,2955,28831003,-862,-175,2346,500,635,-923
IMU1,2956,28840941,-886,-177,2336,641,352,-860
IMU1,2957,28852413,-810,-174,2257,856,-252,-738
IMU1,2958,28862419,-721,-163,2134,888,-449,-686
IMU1,2959,28872423,-644,-159,1997,846,-525,-651
IMU1,2960,28882432,-599,-157,1926,728,-473,-628
IMU1,2961,28892440,-597,-146,1919,570,-304,-608
IMU1,2962,28902462,-624,-153,1947,404,-74,-587
IMU1,2963,28912265,-638,-153,1987,266,141,-569
IMU1,2964,28922188,-681,-161,2048,165,290,-560
IMU1,2965,28932094,-725,-163,2095,110,353,-555
IMU1,2966,28941999,-750,-173,2108,89,341,-550
IMU1,2967,28951722,-773,-188,2110,83,285,-542
IMU1,2968,28961446,-789,-196,2094,80,225,-529
IMU1,2969,28971151,-809,-204,2083,82,178,-509
IMU1,2970,28980861,-831,-210,2048,84,136,-478
IMU1,2971,28990568,-845,-207,2022,81,87,-430
IMU1,2972,29000080,-859,-218,1997,76,39,-375
IMU1,2973,29009590,-850,-225,1972,67,-11,-320
IMU1,2974,29019207,-837,-226,1956,60,-68,-273
IMU1,2975,29028822,-821,-232,1924,60,-126,-233
IMU1,2976,29038632,-794,-246,1892,59,-158,-204
IMU1,2977,29048461,-763,-250,1847,53,-157,-186
IMU1,2978,29060830,-749,-259,1811,39,-132,-181
IMU1,2979,29070645,-741,-275,1780,14,-89,-185
IMU1,2980,29080264,-742,-282,1768,-16,-35,-193
IMU1,2981,29089982,-760,-293,1773,-46,14,-198
IMU1,2982,29099591,-775,-301,1771,-69,46,-192
IMU1,2983,29109215,-805,-307,1783,-79,58,-178
IMU1,2984,29118832,-844,-304,1796,-74,64,-155
IMU1,2985,29128466,-877,-303,1833,-55,67,-119
IMU1,2986,29138087,-889,-311,1863,-23,78,-86
IMU1,2987,29147501,-890,-313,1867,13,78,-61
IMU1,2988,29156840,-880,-303,1863,46,64,-52
IMU1,2989,29166167,-867,-292,1848,69,38,-54
IMU1,2990,29175486,-881,-285,1839,79,6,-63
IMU1,2991,29184621,-900,-285,1829,73,-24,-75
IMU1,2992,29194033,-910,-272,1817,51,-37,-83
IMU1,2993,29203459,-917,-267,1802,16,-29,-84
IMU1,2994,29212871,-924,-249,1803,-27,-7,-83
IMU1,2995,29222176,-944,-238,1821,-63,20,-82
IMU1,2996,29231604,-963,-234,1837,-85,55,-76
IMU1,2997,29241032,-993,-234,1862,-93,81,-65
IMU1,2998,29250458,-1005,-227,1881,-85,90,-54
IMU1,2999,29260073,-1006,-236,1877,-70,87,-43
IMU1,3000,29269699,-1000,-252,1848,-59,85,-42
IMU1,3001,29279316,-974,-261,1824,-61,74,-47
IMU1,3002,29288754,-954,-275,1802,-73,58,-60
IMU1,3003,29298180,-935,-293,1783,-90,43,-73
IMU1,3004,29307605,-927,-298,1760,-102,39,-88
IMU1,3005,29317222,-920,-307,1740,-115,44,-96
IMU1,3006,29326845,-918,-305,1735,-123,55,-94
IMU1,3007,29336477,-920,-310,1731,-123,68,-86
IMU1,3008,29346108,-921,-316,1734,-117,79,-76
IMU1,3009,29355742,-928,-311,1729,-107,86,-60
IMU1,3010,29365374,-929,-309,1723,-99,95,-41
IMU1,3011,29374808,-928,-314,1715,-99,111,-24
IMU1,3012,29384442,-944,-315,1727,-96,123,-5
IMU1,3013,29393876,-986,-328,1760,-83,124,16
IMU1,3014,29403403,-1015,-333,1789,-56,116,40
IMU1,3015,29413135,-1044,-338,1808,-11,85,65
IMU1,3016,29422663,-1057,-336,1817,46,32,82
IMU1,3017,29432103,-1053,-342,1818,97,-36,90
IMU1,3018,29441644,-1045,-348,1791,136,-91,79
IMU1,3019,29451359,-1029,-335,1776,158,-119,57
IMU1,3020,29461288,-1009,-335,1766,162,-116,23
IMU1,3021,29471199,-1007,-335,1751,150,-92,-16
IMU1,3022,29481034,-1013,-332,1741,126,-53,-52
IMU1,3023,29490857,-1013,-318,1736,91,-5,-78
IMU1,3024,29500308,-1024,-312,1742,54,45,-97
IMU1,3025,29509835,-1048,-316,1761,16,83,-108
IMU1,3026,29519552,-1051,-322,1789,-13,113,-110
IMU1,3027,29529566,-1054,-336,1795,-31,140,-114
IMU1,3028,29539592,-1054,-347,1804,-42,147,-118
IMU1,3029,29549610,-1046,-357,1812,-41,131,-125
IMU1,3030,29559622,-1036,-359,1806,-29,98,-129
IMU1,3031,29569449,-1033,-363,1809,-12,62,-131
IMU1,3032,29579262,-1033,-366,1805,12,30,-129
IMU1,3033,29588985,-1031,-370,1803,36,2,-118
IMU1,3034,29598514,-1027,-360,1799,56,-21,-97
IMU1,3035,29608143,-1019,-357,1791,69,-40,-69
IMU1,3036,29617759,-999,-354,1772,80,-51,-41
IMU1,3037,29627183,-983,-342,1769,76,-57,-16
IMU1,3038,29636609,-972,-332,1770,70,-39,-8
IMU1,3039,29645835,-971,-329,1775,61,4,-12
IMU1,3040,29654959,-969,-312,1783,44,52,-17
IMU1,3041,29664294,-963,-300,1795,24,98,-27
IMU1,3042,29673613,-961,-303,1797,7,142,-45
IMU1,3043,29682934,-981,-298,1814,-9,165,-63
IMU1,3044,29692358,-994,-292,1828,-21,169,-76
IMU1,3045,29701987,-998,-298,1848,-29,150,-73
IMU1,3046,29711604,-991,-303,1849,-27,126,-63
IMU1,3047,29721219,-984,-300,1857,-21,105,-44
IMU1,3048,29730837,-964,-292,1857,-17,89,-21
IMU1,3049,29740254,-921,-303,1854,-14,86,5
IMU1,3050,29749380,-892,-304,1854,-17,99,28
IMU1,3051,29758707,-860,-292,1858,-26,126,43
IMU1,3052,29768238,-820,-301,1860,-39,154,59
IMU1,3053,29777762,-768,-305,1864,-49,181,67
IMU1,3054,29787290,-716,-306,1870,-60,204,72
IMU1,3055,29796825,-668,-306,1884,-69,225,72
IMU1,3056,29806356,-611,-304,1897,-77,246,75
IMU1,3057,29815899,-552,-289,1928,-74,276,81
IMU1,3058,29825439,-467,-282,1964,-72,318,88
IMU1,3059,29834962,-379,-271,2002,-64,358,97
IMU1,3060,29844486,-293,-252,2046,-57,385,103
IMU1,3061,29854197,-219,-226,2081,-51,397,105
IMU1,3062,29863923,-140,-197,2114,-50,391,117
IMU1,3063,29873653,-63,-158,2149,-60,368,137
IMU1,3064,29883184,20,-104,2188,-80,336,172
IMU1,3065,29892617,118,-46,2220,-106,310,212
IMU1,3066,29902258,236,16,2251,-153,301,262
IMU1,3067,29911792,397,82,2307,-215,321,313
IMU1,3068,29921341,574,136,2386,-288,360,355
IMU1,3069,29931078,721,197,2470,-365,408,381
IMU1,3070,29940824,849,240,2584,-444,416,412
IMU1,3071,29950553,1030,287,2795,-512,382,447
IMU1,3072,29960516,1281,392,3037,-547,337,482
IMU1,3073,29970459,1551,561,3277,-557,356,496
IMU1,3074,29980413,1713,802,3487,-572,474,479
IMU1,3075,29990368,1627,1077,3669,-606,627,462
IMU1,3076,30000531,1358,1315,3754,-670,709,511
IMU1,3077,30010692,1035,1389,3656,-782,627,688
IMU1,3078,30020851,862,1381,3467,-979,369,1021
IMU1,3079,30030994,862,1323,3108,-1274,-26,1458
IMU1,3080,30041249,773,1180,2624,-1663,-517,1954
IMU1,3081,30051701,300,1149,2013,-2146,-1030,2545
IMU1,3082,30065109,-1122,1052,901,-3206,-1860,4348
IMU1,3083,30075848,-1904,942,518,-3673,-2102,5502
IMU1,3084,30086415,-2744,830,445,-3977,-2168,6680
IMU1,3085,30096945,-3682,625,494,-3968,-2093,7751
IMU1,3086,30107495,-3501,286,740,-3611,-1675,8518
IMU1,3087,30118045,-2926,896,738,-2931,-832,8602
IMU1,3088,30128398,-2795,1357,912,-2013,268,7835
IMU1,3089,30138858,-2969,1090,1207,-921,1272,6354
IMU1,3090,30149531,-3866,1658,1095,213,1220,2727
IMU1,3091,30160072,-4400,1710,1057,1846,225,1326
IMU1,3092,30170603,-4700,1695,980,2116,-685,476
IMU1,3093,30180849,-4773,1591,857,1987,-1108,116
IMU1,3094,30191308,-4530,1429,813,1557,-1061,123
IMU1,3095,30201763,-4117,1341,800,966,-717,312
IMU1,3096,30211810,-3672,1352,767,359,-344,490
IMU1,3097,30221858,-3228,1338,782,-167,-151,521
IMU1,3098,30231989,-2834,1357,768,-569,-136,362
IMU1,3099,30242138,-2594,1359,767,-833,-205,64
IMU1,3100,30252069,-2433,1344,786,-959,-288,-263
IMU1,3101,30262310,-2303,1304,784,-977,-317,-537
IMU1,3102,30272564,-2216,1192,772,-935,-261,-716
IMU1,3103,30282811,-2174,1025,769,-863,-146,-787
IMU1,3104,30293055,-2157,875,766,-786,-47,-752
IMU1,3105,30304469,-2124,677,828,-650,-15,-474
IMU1,3106,30314308,-2060,619,892,-546,-50,-304
IMU1,3107,30324149,-1993,569,952,-432,-98,-163
IMU1,3108,30333984,-1905,541,1009,-290,-161,-63
IMU1,3109,30344023,-1812,515,1039,-146,-237,-22
IMU1,3110,30354049,-1764,490,1052,-1,-321,-35
IMU1,3111,30363673,-1739,470,1084,114,-389,-79
IMU1,3112,30373619,-1713,449,1108,198,-420,-136
# swing_peak_seq=3086
IMU1,3113,30383760,-1688,431,1134,247,-428,-190
IMU1,3114,30393901,-1687,421,1183,268,-420,-237
IMU1,3115,30404042,-1697,444,1236,269,-390,-275
IMU1,3116,30414169,-1711,454,1307,254,-331,-295
IMU1,3117,30424295,-1713,470,1355,237,-264,-299
IMU1,3118,30434437,-1683,468,1381,215,-213,-303
IMU1,3119,30444569,-1672,467,1402,192,-181,-317
IMU1,3120,30454706,-1645,499,1415,162,-159,-346
IMU1,3121,30464835,-1599,475,1441,133,-134,-392
IMU1,3122,30474966,-1564,440,1448,104,-114,-459
IMU1,3123,30485087,-1548,442,1466,68,-109,-528
IMU1,3124,30495014,-1523,426,1460,40,-95,-605
IMU1,3125,30506310,-1499,391,1457,-33,-76,-722
IMU1,3126,30516149,-1480,392,1466,-63,-50,-769
IMU1,3127,30525978,-1471,396,1494,-85,-8,-834
IMU1,3128,30535616,-1464,389,1539,-78,56,-893
IMU1,3129,30545366,-1442,366,1582,-55,109,-929
IMU1,3130,30555304,-1448,357,1609,-16,128,-956
IMU1,3131,30565244,-1442,334,1635,24,129,-973
IMU1,3132,30575076,-1437,292,1657,73,127,-972
IMU1,3133,30584927,-1429,252,1664,119,122,-959
IMU1,3134,30594975,-1413,211,1666,164,90,-943
IMU1,3135,30604818,-1389,187,1674,205,26,-920
IMU1,3136,30614646,-1398,175,1705,250,-41,-898
IMU1,3137,30624586,-1391,163,1741,305,-68,-884
IMU1,3138,30634525,-1348,144,1744,359,-47,-880
IMU1,3139,30644469,-1310,125,1732,406,-12,-895
IMU1,3140,30654401,-1281,104,1739,442,8,-931
IMU1,3141,30664044,-1210,86,1735,476,-4,-983
IMU1,3142,30673585,-1153,80,1749,494,-49,-1052
IMU1,3143,30683537,-1112,69,1718,497,-98,-1132
IMU1,3144,30693489,-1080,63,1708,472,-91,-1213
IMU1,3145,30703443,-1077,36,1758,430,-1,-1281
IMU1,3146,30713196,-1105,-2,1802,398,133,-1318
IMU1,3147,30723166,-1156,5,1860,400,230,-1326
IMU1,3148,30732994,-1202,35,1920,441,226,-1305
IMU1,3149,30743008,-1218,28,1959,521,124,-1268
IMU1,3150,30753046,-1202,35,1946,624,-51,-1225
IMU1,3151,30762979,-1164,31,1938,722,-262,-1177
IMU1,3152,30773112,-1085,-7,1916,805,-431,-1139
IMU1,3153,30783151,-979,-38,1843,867,-511,-1118
IMU1,3154,30793198,-873,-65,1699,883,-510,-1112
IMU1,3155,30804282,-758,-57,1688,821,-356,-1159
IMU1,3156,30814302,-747,-38,1712,767,-215,-1195
IMU1,3157,30824343,-763,-26,1733,714,-34,-1247
IMU1,3158,30834166,-789,-27,1773,654,142,-1296
IMU1,3159,30844091,-796,-44,1800,597,272,-1344
IMU1,3160,30854029,-785,-60,1816,545,327,-1390
IMU1,3161,30863964,-771,-102,1813,494,321,-1429
IMU1,3162,30874099,-749,-144,1795,451,276,-1463
IMU1,3163,30884228,-745,-154,1789,414,212,-1493
IMU1,3164,30894350,-745,-163,1793,394,146,-1509
IMU1,3165,30904487,-759,-158,1793,386,94,-1508
IMU1,3166,30914421,-771,-138,1831,395,67,-1482
IMU1,3167,30924365,-767,-152,1861,419,94,-1443
IMU1,3168,30934309,-761,-179,1879,453,162,-1392
IMU1,3169,30944450,-722,-204,1875,494,241,-1341
IMU1,3170,30954580,-660,-231,1856,534,292,-1300
IMU1,3171,30964720,-621,-261,1847,563,290,-1283
IMU1,3172,30974859,-597,-306,1843,588,252,-1276
IMU1,3173,30985016,-599,-325,1844,608,202,-1275
IMU1,3174,30995155,-627,-315,1864,627,152,-1272
IMU1,3175,31006365,-618,-317,1850,635,101,-1224
IMU1,3176,31016529,-607,-314,1852,622,124,-1196
IMU1,3177,31026685,-576,-334,1839,596,153,-1165
IMU1,3178,31036846,-540,-342,1810,557,189,-1151
IMU1,3179,31046994,-519,-349,1804,513,225,-1149
IMU1,3180,31057141,-525,-364,1820,473,266,-1148
IMU1,3181,31069841,-558,-364,1852,451,310,-1139
IMU1,3182,31079992,-616,-351,1917,453,344,-1114
IMU1,3183,31090158,-684,-330,1951,484,347,-1067
IMU1,3184,31100297,-731,-323,2000,520,314,-996
IMU1,3185,31110251,-743,-309,2037,556,273,-918
IMU1,3186,31120216,-760,-277,2052,584,241,-832
IMU1,3187,31131203,-812,-265,2048,578,181,-662
IMU1,3188,31141122,-801,-248,2022,541,141,-590
IMU1,3189,31151050,-792,-245,1993,473,108,-533
IMU1,3190,31160998,-806,-248,1977,381,118,-500
IMU1,3191,31170931,-812,-261,2009,277,178,-485
IMU1,3192,31180858,-843,-284,2041,192,261,-486
IMU1,3193,31190779,-874,-304,2033,136,308,-498
IMU1,3194,31200736,-901,-290,2047,112,280,-515
IMU1,3195,31210677,-922,-293,2092,119,199,-528
IMU1,3196,31220623,-938,-322,2079,158,101,-539
IMU1,3197,31230569,-939,-327,2056,207,-11,-538
IMU1,3198,31240414,-922,-315,2025,246,-129,-529
IMU1,3199,31250439,-917,-301,1979,274,-230,-514
IMU1,3200,31260486,-918,-296,1913,275,-301,-484
IMU1,3201,31270510,-910,-296,1854,246,-333,-438
IMU1,3202,31280530,-902,-288,1807,187,-309,-389
IMU1,3203,31290552,-897,-276,1790,112,-225,-341
IMU1,3204,31300577,-893,-285,1793,31,-98,-298
IMU1,3205,31310196,-898,-306,1803,-42,29,-262
IMU1,3206,31319817,-922,-309,1808,-92,100,-234
IMU1,3207,31329648,-946,-323,1826,-115,96,-215
IMU1,3208,31339465,-967,-339,1832,-113,43,-195
IMU1,3209,31349286,-983,-345,1837,-91,-18,-176
IMU1,3210,31359000,-1002,-346,1828,-57,-86,-153
IMU1,3211,31368928,-997,-340,1807,-20,-159,-129
IMU1,3212,31378839,-999,-328,1760,10,-220,-110
IMU1,3213,31388652,-986,-335,1731,24,-243,-94
IMU1,3214,31398267,-974,-349,1693,12,-219,-75
IMU1,3215,31407890,-970,-352,1658,-19,-162,-58
IMU1,3216,31417607,-962,-368,1638,-62,-92,-47
IMU1,3217,31427109,-949,-377,1635,-103,-20,-46
IMU1,3218,31436829,-959,-387,1633,-138,52,-55
IMU1,3219,31446443,-978,-400,1637,-162,108,-64
IMU1,3220,31456251,-990,-399,1650,-171,138,-68
IMU1,3221,31466074,-1012,-393,1666,-169,157,-71
IMU1,3222,31476086,-1026,-400,1678,-156,176,-73
IMU1,3223,31487135,-1048,-401,1682,-111,195,-71
IMU1,3224,31497153,-1072,-404,1696,-87,190,-76
IMU1,3225,31506966,-1097,-416,1702,-56,165,-75
IMU1,3226,31516782,-1119,-414,1708,-17,133,-70
IMU1,3227,31526613,-1137,-418,1721,22,93,-62
IMU1,3228,31536129,-1146,-421,1718,59,41,-52
IMU1,3229,31545652,-1136,-411,1702,95,-25,-39
IMU1,3230,31555256,-1130,-397,1693,120,-86,-32
IMU1,3231,31565063,-1106,-385,1685,126,-119,-29
IMU1,3232,31575068,-1097,-379,1682,123,-102,-32
IMU1,3233,31585078,-1090,-372,1681,102,-43,-35
IMU1,3234,31594893,-1080,-366,1664,73,28,-44
IMU1,3235,31604413,-1073,-360,1641,36,85,-55
IMU1,3236,31613931,-1078,-375,1648,-10,126,-65
IMU1,3237,31623752,-1088,-388,1667,-54,164,-71
IMU1,3238,31633564,-1106,-395,1702,-84,190,-69
IMU1,3239,31643391,-1111,-409,1718,-90,192,-58
IMU1,3240,31653210,-1116,-404,1728,-72,154,-46
IMU1,3241,31663029,-1126,-412,1736,-36,81,-31
IMU1,3242,31672652,-1111,-420,1742,7,-5,-8
IMU1,3243,31681681,-1080,-424,1738,54,-64,13
IMU1,3244,31691195,-1066,-426,1721,90,-85,29
IMU1,3245,31700726,-1068,-429,1710,118,-79,39
IMU1,3246,31710454,-1061,-426,1708,132,-66,47
IMU1,3247,31720179,-1047,-413,1713,132,-41,52
IMU1,3248,31729897,-1041,-404,1712,126,-2,47
IMU1,3249,31739423,-1049,-407,1702,108,34,40
IMU1,3250,31749054,-1062,-401,1701,77,56,38
IMU1,3251,31758480,-1063,-402,1705,41,67,40
IMU1,3252,31767899,-1080,-411,1708,6,71,47
IMU1,3253,31777133,-1093,-422,1712,-25,65,57
IMU1,3254,31786661,-1088,-432,1717,-47,58,66
IMU1,3255,31796181,-1085,-444,1723,-59,52,76
IMU1,3256,31805699,-1084,-447,1728,-56,57,82
IMU1,3257,31815216,-1068,-441,1724,-46,67,84
IMU1,3258,31824738,-1070,-442,1721,-32,71,81
IMU1,3259,31834266,-1085,-438,1725,-18,62,78
IMU1,3260,31843793,-1092,-435,1723,-14,51,80
IMU1,3261,31853327,-1104,-430,1713,-14,51,76
IMU1,3262,31862860,-1107,-431,1700,-24,35,82
IMU1,3263,31872391,-1104,-416,1694,-33,16,82
IMU1,3264,31881907,-1112,-406,1703,-47,9,74
IMU1,3265,31891242,-1122,-391,1714,-56,16,69
IMU1,3266,31900768,-1122,-384,1718,-58,34,67
IMU1,3267,31910307,-1118,-376,1721,-52,48,60
IMU1,3268,31919854,-1115,-368,1710,-54,48,56
IMU1,3269,31929401,-1106,-364,1703,-55,35,60
IMU1,3270,31938940,-1105,-359,1701,-63,22,65
IMU1,3271,31948479,-1100,-370,1684,-67,14,77
IMU1,3272,31958552,-1102,-365,1692,-81,18,94
IMU1,3273,31968084,-1093,-367,1710,-89,32,118
IMU1,3274,31977804,-1075,-381,1707,-87,57,135
IMU1,3275,31987534,-1048,-375,1725,-87,67,153
IMU1,3276,31997266,-1020,-385,1739,-81,74,159
IMU1,3277,32007013,-996,-387,1754,-74,77,164
IMU1,3278,32016529,-962,-381,1765,-63,70,170
IMU1,3279,32026032,-913,-371,1784,-52,63,174
IMU1,3280,32035542,-850,-367,1807,-39,75,177
IMU1,3281,32045048,-783,-360,1817,-34,101,185
IMU1,3282,32054753,-723,-337,1829,-34,127,192
IMU1,3283,32064458,-648,-321,1847,-37,143,196
IMU1,3284,32076911,-579,-296,1877,-49,142,204
IMU1,3285,32086616,-519,-261,1902,-68,142,212
IMU1,3286,32096333,-473,-235,1946,-86,151,228
IMU1,3287,32106041,-437,-200,1989,-100,168,256
IMU1,3288,32115945,-405,-155,2033,-115,189,301
IMU1,3289,32125852,-367,-128,2069,-129,212,360
IMU1,3290,32135758,-341,-112,2094,-145,227,424
IMU1,3291,32145665,-308,-92,2115,-179,212,496
IMU1,3292,32155380,-263,-85,2142,-215,165,574
IMU1,3293,32165087,-221,-76,2173,-246,94,652
IMU1,3294,32174597,-181,-67,2207,-270,10,736
IMU1,3295,32184111,-133,-66,2235,-287,-67,825
IMU1,3296,32193727,-71,-62,2274,-288,-123,912
IMU1,3297,32203344,9,-60,2311,-271,-163,999
IMU1,3298,32212671,123,-73,2355,-250,-179,1078
IMU1,3299,32222590,259,-118,2448,-226,-166,1136
IMU1,3300,32232708,357,-149,2526,-203,-117,1179
IMU1,3301,32242837,419,-141,2592,-201,-49,1214
IMU1,3302,32252756,464,-122,2637,-225,0,1242
IMU1,3303,32262297,507,-93,2673,-270,-24,1254
IMU1,3304,32272022,575,-48,2699,-317,-151,1251
IMU1,3305,32281943,678,22,2697,-364,-391,1231
IMU1,3306,32291761,759,89,2611,-412,-716,1206
IMU1,3307,32301592,735,205,2481,-478,-1049,1210
IMU1,3308,32311829,621,346,2338,-556,-1317,1286
IMU1,3309,32322072,440,482,1950,-654,-1507,1476
IMU1,3310,32333333,70,648,1759,-927,-1562,2198
IMU1,3311,32343373,-165,710,1681,-1071,-1477,2681
IMU1,3312,32353894,-502,787,1578,-1151,-1451,3205
IMU1,3313,32364432,-1003,782,1467,-1157,-1549,3778
IMU1,3314,32375167,-1379,746,1382,-1065,-1672,4356
IMU1,3315,32385899,-1520,768,1207,-877,-1697,4815
IMU1,3316,32396424,-1647,794,1122,-616,-1585,5031
IMU1,3317,32406976,-1614,919,1209,-298,-1324,4963
IMU1,3318,32417502,-1818,1238,1257,66,-915,4585
IMU1,3319,32427749,-2263,1341,1373,445,-477,4010
IMU1,3320,32439222,-3309,1480,1728,1155,173,2920
IMU1,3321,32449761,-3594,1505,1933,1409,588,2543
IMU1,3322,32460304,-3670,1551,1981,1536,1093,2243
IMU1,3323,32471063,-3654,1618,1929,1519,1452,1941
IMU1,3324,32481794,-3593,1665,1942,1382,1488,1607
IMU1,3325,32492514,-3533,1703,1916,1167,1229,1254
IMU1,3326,32503264,-3396,1731,1822,900,780,911
IMU1,3327,32513417,-3196,1726,1666,594,296,596
IMU1,3328,32523566,-2974,1727,1483,248,-58,324
IMU1,3329,32533585,-2777,1682,1305,-130,-204,101
IMU1,3330,32544943,-2457,1540,1032,-866,-45,-187
IMU1,3331,32555168,-2327,1431,954,-1171,137,-263
IMU1,3332,32565521,-2229,1320,918,-1404,354,-325
IMU1,3333,32575849,-2155,1191,911,-1564,562,-369
IMU1,3334,32586202,-2110,1065,935,-1648,710,-394
IMU1,3335,32596543,-2090,958,1016,-1650,767,-400
IMU1,3336,32606875,-2080,835,1088,-1579,738,-386
IMU1,3337,32617210,-2049,715,1141,-1442,641,-348
IMU1,3338,32627536,-1963,633,1178,-1256,511,-309
IMU1,3339,32637882,-1899,576,1235,-1041,362,-288
IMU1,3340,32648225,-1849,516,1245,-807,191,-288
IMU1,3341,32658343,-1791,468,1229,-575,25,-304
IMU1,3342,32668279,-1756,451,1282,-387,-106,-342
# swing_peak_seq=3316
IMU1,3343,32679532,-1781,444,1366,-110,-189,-436
IMU1,3344,32689752,-1787,444,1439,-9,-193,-476
IMU1,3345,32699583,-1771,470,1495,66,-214,-508
IMU1,3346,32709520,-1750,460,1503,117,-257,-530
IMU1,3347,32719661,-1723,455,1504,139,-295,-556
IMU1,3348,32729807,-1707,466,1525,124,-299,-585
IMU1,3349,32739935,-1663,460,1541,75,-250,-612
IMU1,3350,32749879,-1603,430,1523,0,-163,-655
IMU1,3351,32759513,-1566,410,1501,-98,-89,-714
IMU1,3352,32769369,-1564,430,1514,-216,-52,-775
IMU1,3353,32779368,-1581,455,1568,-322,-27,-825
IMU1,3354,32789368,-1576,448,1600,-400,6,-846
IMU1,3355,32799067,-1589,433,1610,-455,36,-838
IMU1,3356,32808981,-1603,435,1634,-483,49,-815
IMU1,3357,32818857,-1586,421,1681,-475,21,-779
IMU1,3358,32828774,-1536,360,1668,-432,-63,-748
IMU1,3359,32838788,-1464,297,1643,-377,-184,-730
IMU1,3360,32848987,-1350,271,1607,-324,-271,-747
IMU1,3361,32859177,-1234,259,1513,-297,-282,-815
IMU1,3362,32869387,-1207,237,1482,-306,-246,-914
IMU1,3363,32879596,-1206,213,1476,-341,-177,-1018
IMU1,3364,32890000,-1241,266,1620,-362,-85,-1143
IMU1,3365,32900713,-1252,224,1644,-350,118,-1164
IMU1,3366,32911022,-1267,204,1638,-310,152,-1187
IMU1,3367,32921346,-1246,166,1642,-288,121,-1162
IMU1,3368,32931652,-1239,101,1687,-254,80,-1108
IMU1,3369,32941764,-1202,62,1735,-201,7,-1035
IMU1,3370,32951473,-1104,27,1701,-120,-116,-965
IMU1,3371,32961483,-1006,3,1638,-27,-273,-913
IMU1,3372,32971082,-947,-12,1627,48,-392,-882
IMU1,3373,32980692,-912,-27,1633,107,-408,-865
IMU1,3374,32990486,-888,-23,1652,161,-328,-854
IMU1,3375,33000278,-880,-33,1685,215,-219,-853
IMU1,3376,33010076,-829,-84,1731,274,-127,-863
IMU1,3377,33019885,-777,-140,1729,331,-67,-889
IMU1,3378,33029697,-746,-186,1713,363,-60,-922
IMU1,3379,33039503,-733,-226,1754,376,-97,-951
IMU1,3380,33049326,-713,-242,1750,382,-138,-974
IMU1,3381,33059344,-717,-214,1734,372,-171,-986
IMU1,3382,33069356,-723,-174,1746,348,-182,-979
IMU1,3383,33081926,-709,-193,1730,328,-139,-964
IMU1,3384,33092969,-682,-214,1733,294,25,-912
IMU1,3385,33102687,-632,-248,1751,279,78,-893
IMU1,3386,33112411,-559,-322,1749,285,88,-893
IMU1,3387,33122128,-487,-382,1758,302,66,-915
IMU1,3388,33131848,-431,-412,1762,321,59,-963
IMU1,3389,33141555,-429,-425,1801,344,86,-1029
IMU1,3390,33151472,-465,-429,1852,374,141,-1095
IMU1,3391,33161607,-521,-407,1896,415,205,-1139
IMU1,3392,33171717,-584,-381,1947,462,264,-1157
IMU1,3393,33181850,-625,-374,1961,509,303,-1135
IMU1,3394,33191975,-628,-353,1952,548,316,-1087
IMU1,3395,33202114,-607,-351,1944,572,305,-1023
IMU1,3396,33212240,-561,-379,1934,582,276,-961
IMU1,3397,33222161,-498,-397,1918,585,227,-909
IMU1,3398,33232093,-437,-430,1881,576,161,-880
IMU1,3399,33242004,-406,-443,1879,551,91,-865
IMU1,3400,33251723,-394,-436,1905,516,64,-856
IMU1,3401,33261461,-399,-440,1924,482,90,-846
IMU1,3402,33271171,-378,-435,1913,454,157,-840
IMU1,3403,33281108,-365,-423,1890,419,257,-848
IMU1,3404,33291004,-398,-422,1902,374,392,-870
IMU1,3405,33300923,-438,-448,1951,330,537,-893
IMU1,3406,33310828,-504,-482,2016,298,637,-911
IMU1,3407,33320745,-560,-498,2049,292,644,-913
IMU1,3408,33330662,-597,-506,2053,316,543,-892
IMU1,3409,33340597,-636,-488,2074,357,366,-848
IMU1,3410,33350525,-656,-456,2097,414,150,-786
IMU1,3411,33360442,-658,-456,2094,488,-54,-710
IMU1,3412,33370250,-637,-452,1959,556,-209,-633
IMU1,3413,33381318,-560,-430,1887,585,-348,-508
IMU1,3414,33391346,-515,-435,1833,535,-303,-478
IMU1,3415,33401383,-486,-427,1802,456,-179,-477
IMU1,3416,33411399,-487,-426,1796,353,-10,-491
IMU1,3417,33421207,-516,-411,1825,253,155,-522
IMU1,3418,33431128,-561,-407,1883,172,289,-561
IMU1,3419,33441041,-632,-422,1920,125,376,-593
IMU1,3420,33450954,-704,-423,1967,112,406,-610
IMU1,3421,33460873,-746,-419,2004,132,382,-605
IMU1,3422,33470788,-780,-411,2005,178,311,-585
IMU1,3423,33480715,-825,-404,2011,240,198,-553
IMU1,3424,33490632,-853,-394,2026,304,72,-505
IMU1,3425,33500358,-872,-392,2045,366,-28,-452
IMU1,3426,33510179,-899,-378,2050,423,-83,-399
IMU1,3427,33520006,-895,-366,2051,465,-108,-352
IMU1,3428,33530013,-868,-352,2039,486,-117,-322
IMU1,3429,33540027,-840,-340,1998,486,-102,-318
IMU1,3430,33550035,-827,-330,1977,460,-73,-330
IMU1,3431,33559858,-815,-332,1949,408,-35,-352
IMU1,3432,33569679,-805,-325,1927,336,2,-379
IMU1,3433,33579193,-820,-319,1907,259,25,-409
IMU1,3434,33588937,-836,-301,1910,184,29,-430
IMU1,3435,33598657,-868,-298,1923,127,17,-439
IMU1,3436,33608378,-886,-300,1922,88,-9,-432
IMU1,3437,33617777,-876,-280,1906,63,-33,-411
IMU1,3438,33627391,-867,-276,1905,44,-19,-388
IMU1,3439,33637010,-871,-281,1905,39,19,-365
IMU1,3440,33646536,-876,-269,1904,42,47,-338
IMU1,3441,33656052,-886,-272,1893,52,57,-310
IMU1,3442,33665574,-900,-275,1884,56,50,-278
IMU1,3443,33675095,-892,-274,1862,52,35,-244
IMU1,3444,33684613,-871,-272,1839,43,19,-219
IMU1,3445,33694127,-861,-284,1812,31,1,-207
IMU1,3446,33703441,-837,-280,1787,9,-10,-197
IMU1,3447,33712849,-830,-270,1766,-17,8,-191
IMU1,3448,33722254,-844,-272,1752,-44,56,-185
IMU1,3449,33731863,-860,-269,1744,-71,119,-167
IMU1,3450,33741670,-875,-263,1748,-96,176,-146
IMU1,3451,33751486,-887,-266,1746,-108,219,-130
IMU1,3452,33761494,-901,-278,1763,-110,238,-117
IMU1,3453,33771502,-911,-292,1765,-108,237,-107
IMU1,3454,33781526,-925,-305,1764,-100,221,-101
IMU1,3455,33791544,-941,-319,1763,-91,197,-93
IMU1,3456,33801184,-941,-324,1754,-77,174,-86
IMU1,3457,33810795,-941,-325,1747,-64,157,-79
IMU1,3458,33820418,-952,-331,1751,-50,144,-73
IMU1,3459,33830038,-957,-343,1763,-32,142,-66
IMU1,3460,33839663,-959,-342,1771,-6,148,-61
IMU1,3461,33849089,-954,-347,1767,26,150,-64
IMU1,3462,33858607,-948,-349,1741,50,134,-68
IMU1,3463,33868121,-963,-343,1738,58,104,-73
IMU1,3464,33877645,-974,-350,1747,63,83,-76
IMU1,3465,33886970,-975,-362,1752,60,77,-74
IMU1,3466,33896302,-992,-362,1761,62,88,-78
IMU1,3467,33905624,-999,-367,1786,70,87,-76
IMU1,3468,33914949,-989,-369,1792,92,68,-79
IMU1,3469,33924274,-992,-365,1799,114,26,-85
IMU1,3470,33933786,-989,-355,1796,137,-25,-91
IMU1,3471,33943401,-981,-364,1787,161,-60,-97
IMU1,3472,33953014,-988,-372,1769,172,-73,-97
IMU1,3473,33962630,-968,-345,1749,167,-68,-91
IMU1,3474,33972243,-942,-336,1752,153,-45,-93
IMU1,3475,33981866,-971,-340,1763,137,-11,-106
IMU1,3476,33991681,-1000,-346,1784,120,12,-109
IMU1,3477,34001595,-987,-359,1792,109,16,-101
IMU1,3478,34011313,-977,-343,1800,105,13,-94
IMU1,3479,34020831,-993,-337,1814,102,3,-89
IMU1,3480,34030150,-1012,-343,1821,106,-13,-76
IMU1,3481,34039968,-1019,-341,1823,113,-21,-61
IMU1,3482,34049791,-1024,-333,1820,115,-16,-48
IMU1,3483,34059595,-1022,-323,1801,113,-16,-42
IMU1,3484,34069404,-1015,-325,1786,98,-27,-42
IMU1,3485,34079017,-1014,-353,1768,70,-31,-48
IMU1,3486,34091386,-1000,-365,1764,45,-17,-59
IMU1,3487,34102548,-1007,-374,1804,-6,41,-86
IMU1,3488,34112471,-1043,-380,1816,-11,61,-95
IMU1,3489,34122076,-1071,-391,1824,-7,62,-89
IMU1,3490,34131494,-1073,-385,1818,-3,58,-86
IMU1,3491,34141433,-1057,-383,1817,5,46,-101
IMU1,3492,34150960,-1047,-388,1803,5,14,-120
IMU1,3493,34160474,-1036,-390,1781,4,-23,-140
IMU1,3494,34170099,-1036,-395,1768,-4,-55,-158
IMU1,3495,34179816,-1033,-404,1768,-16,-70,-166
IMU1,3496,34189725,-1034,-408,1775,-25,-66,-162
IMU1,3497,34199632,-1026,-412,1775,-26,-61,-148
IMU1,3498,34209554,-1018,-423,1763,-19,-60,-136
IMU1,3499,34219460,-1012,-415,1768,-6,-72,-125
IMU1,3500,34229178,-993,-414,1762,10,-66,-120
IMU1,3501,34238797,-998,-429,1763,21,-43,-116
IMU1,3502,34248425,-1005,-425,1754,25,-7,-111
IMU1,3503,34258034,-996,-418,1757,25,46,-108
IMU1,3504,34267552,-992,-424,1753,19,102,-107
IMU1,3505,34277276,-1003,-417,1754,11,144,-109
IMU1,3506,34287203,-1012,-419,1762,1,163,-113
IMU1,3507,34296922,-1003,-435,1767,-12,151,-109
IMU1,3508,34306941,-994,-440,1755,-21,119,-106
IMU1,3509,34316757,-988,-456,1747,-32,80,-97
IMU1,3510,34326192,-975,-465,1727,-42,51,-86
IMU1,3511,34335615,-954,-467,1693,-53,36,-69
IMU1,3512,34345048,-921,-475,1668,-73,48,-47
IMU1,3513,34354468,-901,-481,1669,-96,105,-30
IMU1,3514,34364097,-884,-482,1688,-111,190,-13
IMU1,3515,34373916,-858,-482,1692,-113,267,0
IMU1,3516,34383352,-833,-478,1701,-106,310,2
IMU1,3517,34392905,-824,-467,1737,-90,308,0
IMU1,3518,34402153,-791,-454,1782,-67,293,-7
IMU1,3519,34411593,-737,-447,1812,-40,273,-8
IMU1,3520,34421009,-693,-435,1828,-11,248,-3
IMU1,3521,34430416,-642,-424,1852,7,222,10
IMU1,3522,34439632,-580,-407,1868,11,210,35
IMU1,3523,34449055,-515,-377,1904,12,203,65
IMU1,3524,34458474,-438,-349,1953,8,201,98
IMU1,3525,34468210,-352,-316,1990,-5,208,135
IMU1,3526,34477728,-282,-282,2036,-24,246,166
IMU1,3527,34487443,-241,-258,2084,-56,293,205
IMU1,3528,34497155,-191,-230,2141,-88,327,258
IMU1,3529,34506872,-133,-192,2221,-115,320,321
IMU1,3530,34516797,-58,-158,2288,-134,264,387
IMU1,3531,34526527,30,-130,2333,-152,166,462
IMU1,3532,34536162,146,-98,2394,-169,55,548
IMU1,3533,34545592,259,-50,2423,-181,-50,636
IMU1,3534,34555133,372,-11,2471,-192,-117,714
IMU1,3535,34564877,493,6,2525,-215,-148,800
IMU1,3536,34574298,603,38,2602,-242,-139,887
IMU1,3537,34583914,720,81,2673,-270,-122,973
IMU1,3538,34593545,805,141,2726,-290,-117,1040
IMU1,3539,34603561,829,210,2778,-318,-144,1097
IMU1,3540,34613592,823,275,2797,-358,-213,1169
IMU1,3541,34623626,812,334,2743,-422,-326,1275
IMU1,3542,34633658,832,375,2650,-511,-457,1401
IMU1,3543,34643685,889,427,2575,-635,-591,1552
IMU1,3544,34653717,1076,491,2562,-759,-698,1696
IMU1,3545,34663944,1281,587,2564,-870,-762,1812
IMU1,3546,34674171,1287,688,2536,-951,-806,1885
IMU1,3547,34684406,982,778,2494,-997,-933,1981
IMU1,3548,34694453,517,817,2459,-993,-1196,2190
IMU1,3549,34704692,50,880,2384,-932,-1569,2552
IMU1,3550,34714744,-363,913,2204,-827,-1961,3050
IMU1,3551,34725083,-773,807,1974,-707,-2277,3641
IMU1,3552,34735425,-1210,803,1787,-572,-2498,4306
IMU1,3553,34745959,-2053,835,1566,-403,-2603,5592
IMU1,3554,34756493,-2253,762,1402,118,-2367,6017
IMU1,3555,34766934,-1989,719,1352,424,-1924,6160
IMU1,3556,34777377,-1538,1042,1102,685,-1202,5869
IMU1,3557,34788023,-1398,1304,898,803,-269,5100
IMU1,3558,34798261,-1667,1372,974,743,676,4036
IMU1,3559,34808407,-2131,1443,1147,577,1433,2961
IMU1,3560,34818952,-2649,1585,1363,358,1991,2048
IMU1,3561,34829475,-3195,1649,1630,146,2367,1372
IMU1,3562,34840006,-3729,1589,1962,-9,2525,955
IMU1,3563,34850044,-4047,1454,2251,-78,2391,773
IMU1,3564,34860281,-4072,1309,2359,-64,1935,738
IMU1,3565,34870516,-3857,1225,2169,-19,1233,745
IMU1,3566,34881791,-3238,1231,2011,9,-113,571
IMU1,3567,34891615,-2964,1226,1882,-34,-457,390
IMU1,3568,34901744,-2725,1263,1756,-104,-604,168
IMU1,3569,34912068,-2523,1268,1639,-198,-655,-58
IMU1,3570,34922280,-2338,1228,1525,-313,-676,-253
IMU1,3571,34932703,-2205,1166,1406,-445,-665,-408
IMU1,3572,34943124,-2118,1078,1312,-599,-618,-498
IMU1,3573,34953565,-2066,965,1257,-762,-513,-521
IMU1,3574,34963803,-2032,872,1230,-915,-325,-487
IMU1,3575,34974031,-2025,810,1233,-1048,-73,-425
IMU1,3576,34984259,-1989,733,1244,-1146,179,-358
IMU1,3577,34994587,-1948,634,1242,-1204,346,-310
IMU1,3578,35004928,-1906,568,1261,-1213,411,-295
IMU1,3579,35016310,-1808,445,1301,-1135,334,-342
IMU1,3580,35026644,-1757,399,1313,-1038,262,-387
IMU1,3581,35036975,-1722,364,1316,-921,165,-427
# swing_peak_seq=3555
IMU1,3582,35047101,-1702,342,1325,-790,69,-473
IMU1,3583,35057035,-1661,310,1340,-656,-1,-512
IMU1,3584,35066870,-1650,305,1367,-524,-14,-550
IMU1,3585,35076904,-1663,325,1398,-410,35,-578
IMU1,3586,35086826,-1682,332,1449,-321,134,-594
IMU1,3587,35099698,-1670,360,1461,-243,227,-603
IMU1,3588,35109826,-1652,404,1446,-179,268,-614
IMU1,3589,35119953,-1637,458,1450,-138,260,-639
IMU1,3590,35130106,-1585,468,1407,-115,229,-674
IMU1,3591,35141285,-1496,434,1413,-140,185,-788
IMU1,3592,35151422,-1487,389,1464,-163,152,-840
IMU1,3593,35161553,-1462,387,1507,-157,138,-893
IMU1,3594,35171707,-1438,415,1534,-130,124,-928
IMU1,3595,35181856,-1397,411,1567,-77,120,-961
IMU1,3596,35191802,-1364,403,1595,-7,115,-990
IMU1,3597,35201555,-1378,434,1634,69,94,-1018
IMU1,3598,35211385,-1377,451,1692,168,56,-1036
IMU1,3599,35221416,-1340,411,1698,275,-11,-1032
IMU1,3600,35231549,-1316,387,1695,377,-100,-1024
IMU1,3601,35241863,-1260,340,1683,457,-186,-1008
IMU1,3602,35252170,-1217,312,1660,502,-249,-992
IMU1,3603,35262287,-1163,293,1640,508,-281,-988
IMU1,3604,35272411,-1140,229,1609,491,-303,-995
IMU1,3605,35282526,-1112,239,1589,452,-336,-995
IMU1,3606,35292659,-1002,202,1577,416,-346,-992
IMU1,3607,35302783,-952,126,1571,377,-307,-1013
IMU1,3608,35312918,-926,101,1604,345,-228,-1043
IMU1,3609,35324072,-740,56,1617,301,13,-1123
IMU1,3610,35333709,-679,11,1630,290,148,-1186
IMU1,3611,35343537,-684,-59,1724,292,283,-1258
IMU1,3612,35353465,-744,-111,1877,325,410,-1311
IMU1,3613,35363600,-785,-154,1949,414,488,-1326
IMU1,3614,35373722,-811,-178,1965,542,463,-1315
IMU1,3615,35383851,-808,-183,1959,684,327,-1288
IMU1,3616,35393969,-755,-226,1965,817,124,-1260
IMU1,3617,35404086,-662,-291,1950,932,-90,-1241
IMU1,3618,35414110,-589,-258,1910,1016,-255,-1237
IMU1,3619,35424543,-482,-250,1873,1056,-319,-1248
IMU1,3620,35434968,-417,-256,1842,1051,-271,-1275
IMU1,3621,35445387,-409,-221,1815,1005,-149,-1310
IMU1,3622,35455800,-374,-225,1828,940,5,-1340
IMU1,3623,35465544,-373,-242,1844,869,139,-1362
IMU1,3624,35475669,-371,-232,1861,800,224,-1377
IMU1,3625,35485792,-381,-228,1888,749,261,-1388
IMU1,3626,35496960,-413,-277,1935,687,304,-1376
IMU1,3627,35507078,-420,-287,1944,668,330,-1349
IMU1,3628,35517215,-418,-278,1962,660,348,-1330
IMU1,3629,35527348,-415,-305,1971,660,354,-1321
IMU1,3630,35537481,-416,-310,1978,658,336,-1318
IMU1,3631,35547612,-421,-293,2006,656,307,-1321
IMU1,3632,35557741,-436,-296,2037,662,267,-1321
IMU1,3633,35567876,-460,-285,2071,674,217,-1314
IMU1,3634,35578017,-457,-276,2108,692,171,-1298
IMU1,3635,35588146,-430,-304,2105,707,134,-1280
IMU1,3636,35598276,-425,-297,2081,705,101,-1261
IMU1,3637,35608409,-427,-280,2070,681,93,-1242
IMU1,3638,35618336,-406,-313,2034,635,125,-1218
IMU1,3639,35628476,-405,-319,1991,564,184,-1190
IMU1,3640,35638625,-432,-301,1988,481,252,-1161
IMU1,3641,35648750,-463,-309,2027,406,323,-1118
IMU1,3642,35658874,-503,-304,2067,354,376,-1058
IMU1,3643,35670053,-614,-266,2174,356,369,-882
IMU1,3644,35679995,-661,-284,2208,403,309,-793
IMU1,3645,35689951,-702,-275,2216,465,230,-712
IMU1,3646,35699893,-701,-262,2198,509,147,-634
IMU1,3647,35709836,-692,-249,2148,523,69,-577
IMU1,3648,35719581,-675,-241,2085,501,7,-540
IMU1,3649,35729115,-659,-235,2032,443,-18,-522
IMU1,3650,35738942,-657,-228,1972,354,3,-521
IMU1,3651,35748471,-661,-224,1915,240,67,-531
IMU1,3652,35758211,-716,-238,1977,110,168,-547
IMU1,3653,35768149,-830,-227,2127,18,279,-557
IMU1,3654,35777891,-914,-187,2191,6,316,-549
IMU1,3655,35787446,-939,-167,2204,57,223,-530
IMU1,3656,35797193,-928,-145,2168,137,44,-509
IMU1,3657,35806939,-934,-167,2146,203,-139,-484
IMU1,3658,35816970,-928,-189,2080,238,-270,-439
IMU1,3659,35827000,-881,-198,1997,239,-342,-387
IMU1,3660,35837047,-822,-209,1899,212,-382,-339
IMU1,3661,35847090,-757,-217,1804,151,-391,-307
IMU1,3662,35857112,-697,-234,1744,70,-345,-292
IMU1,3663,35866939,-656,-245,1707,-25,-233,-294
IMU1,3664,35876845,-650,-247,1699,-113,-75,-316
IMU1,3665,35886758,-658,-263,1711,-176,95,-353
IMU1,3666,35896573,-689,-275,1757,-207,245,-403
IMU1,3667,35906585,-758,-282,1814,-203,337,-450
IMU1,3668,35916601,-833,-285,1870,-156,355,-475
IMU1,3669,35926643,-893,-278,1913,-75,296,-477
IMU1,3670,35936479,-930,-275,1923,23,171,-455
IMU1,3671,35946211,-937,-261,1919,118,8,-413
IMU1,3672,35955756,-908,-245,1891,195,-148,-358
IMU1,3673,35965792,-878,-238,1850,243,-257,-309
IMU1,3674,35975825,-840,-216,1806,265,-310,-264
IMU1,3675,35985855,-810,-191,1779,256,-299,-233
IMU1,3676,35997445,-795,-191,1769,173,-123,-214
IMU1,3677,36007470,-807,-189,1786,119,-13,-208
IMU1,3678,36017282,-815,-202,1808,73,76,-217
IMU1,3679,36026808,-837,-212,1838,38,116,-237
IMU1,3680,36036543,-873,-215,1864,23,103,-260
IMU1,3681,36046270,-899,-217,1881,25,49,-264
IMU1,3682,36055772,-926,-212,1892,44,-19,-259
IMU1,3683,36065381,-932,-221,1891,69,-82,-245
IMU1,3684,36074986,-926,-233,1881,90,-125,-224
IMU1,3685,36084802,-909,-229,1861,111,-141,-207
IMU1,3686,36094804,-889,-229,1840,118,-135,-194
IMU1,3687,36107366,-881,-234,1822,113,-114,-187
IMU1,3688,36117371,-877,-240,1803,98,-86,-183
IMU1,3689,36126982,-861,-241,1795,77,-61,-183
IMU1,3690,36136591,-847,-234,1775,57,-37,-190
IMU1,3691,36146209,-849,-238,1768,39,-12,-204
IMU1,3692,36155826,-853,-244,1761,22,12,-212
IMU1,3693,36165348,-858,-255,1750,1,34,-206
IMU1,3694,36174669,-859,-265,1737,-18,62,-192
IMU1,3695,36184282,-864,-286,1748,-32,90,-171
IMU1,3696,36193899,-857,-303,1747,-35,109,-147
IMU1,3697,36203720,-848,-306,1747,-29,114,-124
IMU1,3698,36213536,-847,-308,1754,-16,107,-105
IMU1,3699,36223355,-837,-309,1754,4,95,-89
IMU1,3700,36232501,-838,-314,1758,30,86,-78
IMU1,3701,36241833,-846,-315,1774,59,87,-67
IMU1,3702,36251164,-866,-312,1788,90,108,-56
IMU1,3703,36260690,-896,-311,1812,125,135,-43
IMU1,3704,36270414,-910,-297,1829,156,153,-28
IMU1,3705,36280142,-908,-289,1837,178,149,-16
IMU1,3706,36289872,-908,-284,1845,194,127,-8
IMU1,3707,36299402,-900,-273,1855,201,98,1
IMU1,3708,36308644,-895,-271,1853,205,71,3
IMU1,3709,36317879,-896,-276,1845,202,42,7
IMU1,3710,36327121,-907,-284,1845,197,21,16
IMU1,3711,36336553,-916,-283,1854,187,18,34
IMU1,3712,36345998,-914,-279,1857,175,31,52
IMU1,3713,36355448,-931,-274,1865,167,45,62
IMU1,3714,36364878,-939,-270,1874,156,53,70
IMU1,3715,36374318,-957,-263,1883,146,55,74
IMU1,3716,36383766,-970,-260,1892,131,59,74
IMU1,3717,36393209,-969,-257,1889,114,63,69
IMU1,3718,36402639,-972,-265,1879,92,60,55
IMU1,3719,36411883,-974,-262,1878,64,47,41
IMU1,3720,36421122,-974,-262,1874,37,37,20
IMU1,3721,36430352,-964,-258,1861,18,31,1
IMU1,3722,36439393,-960,-257,1850,-2,35,-21
IMU1,3723,36449143,-967,-259,1845,-19,49,-38
IMU1,3724,36458569,-978,-265,1839,-27,68,-48
IMU1,3725,36468505,-981,-271,1827,-37,78,-52
IMU1,3726,36477931,-978,-271,1826,-46,82,-51
IMU1,3727,36487883,-985,-274,1827,-49,67,-46
IMU1,3728,36497299,-990,-280,1833,-46,40,-42
IMU1,3729,36506713,-983,-286,1830,-30,3,-33
IMU1,3730,36516463,-971,-283,1826,-11,-34,-26
IMU1,3731,36525982,-963,-284,1826,15,-52,-26
IMU1,3732,36535934,-963,-290,1823,36,-66,-19
IMU1,3733,36545375,-968,-296,1816,52,-75,-6
IMU1,3734,36555125,-967,-293,1808,61,-69,-5
IMU1,3735,36564364,-971,-291,1800,63,-59,0
IMU1,3736,36573918,-969,-283,1786,48,-49,11
IMU1,3737,36583773,-967,-271,1781,29,-32,3
IMU1,3738,36593425,-970,-273,1788,22,-9,-9
IMU1,3739,36602984,-976,-276,1789,12,5,-5
IMU1,3740,36612444,-987,-275,1797,9,16,-11
IMU1,3741,36622100,-991,-271,1803,1,6,-4
IMU1,3742,36631879,-991,-264,1810,8,2,-1
IMU1,3743,36641672,-1002,-258,1815,16,5,0
IMU1,3744,36651125,-1008,-262,1815,23,11,5
IMU1,3745,36660889,-1009,-267,1818,23,16,18
IMU1,3746,36670310,-999,-263,1812,22,28,18
IMU1,3747,36680078,-1000,-277,1808,16,26,17
IMU1,3748,36689504,-996,-281,1796,4,11,19
IMU1,3749,36699073,-988,-279,1791,-8,4,14
IMU1,3750,36708544,-987,-273,1784,-17,10,11
IMU1,3751,36718393,-989,-271,1788,-29,26,12
IMU1,3752,36728252,-987,-263,1786,-45,53,19
IMU1,3753,36737583,-976,-251,1793,-50,102,9
IMU1,3754,36747438,-977,-245,1812,-61,135,2
IMU1,3755,36756777,-978,-250,1810,-61,152,-9
IMU1,3756,36766736,-995,-252,1815,-59,144,-20
IMU1,3757,36776363,-988,-269,1815,-61,133,-14
IMU1,3758,36785991,-976,-276,1797,-62,122,-4
IMU1,3759,36795427,-952,-278,1774,-63,117,-2
IMU1,3760,36804872,-925,-280,1761,-65,121,-2
IMU1,3761,36814806,-912,-280,1760,-67,132,5
IMU1,3762,36824130,-904,-280,1765,-66,148,15
IMU1,3763,36833651,-891,-270,1780,-56,179,17
IMU1,3764,36843171,-873,-270,1797,-41,210,20
IMU1,3765,36853232,-864,-259,1806,-28,227,29
IMU1,3766,36862764,-838,-247,1813,-16,224,40
IMU1,3767,36872299,-788,-245,1823,2,210,40
IMU1,3768,36882038,-736,-236,1835,7,202,41
IMU1,3769,36891256,-689,-215,1843,4,203,51
IMU1,3770,36900989,-643,-213,1856,-3,210,66
IMU1,3771,36910826,-588,-204,1882,-8,233,83
IMU1,3772,36920149,-531,-191,1909,-21,256,112
IMU1,3773,36929875,-452,-173,1949,-31,287,142
IMU1,3774,36939592,-378,-146,1984,-35,315,172
IMU1,3775,36949326,-309,-118,2026,-42,336,200
IMU1,3776,36959044,-267,-74,2086,-53,346,235
IMU1,3777,36968572,-213,-27,2148,-62,351,283
IMU1,3778,36978090,-121,-3,2206,-76,344,344
IMU1,3779,36987933,-15,37,2256,-92,329,409
IMU1,3780,36997161,94,85,2310,-117,313,478
IMU1,3781,37007023,190,145,2374,-150,290,551
IMU1,3782,37016780,276,225,2451,-183,255,627
IMU1,3783,37026533,387,315,2523,-223,198,723
IMU1,3784,37036289,513,387,2585,-255,145,805
IMU1,3785,37046023,658,433,2636,-305,77,897
IMU1,3786,37055567,779,499,2673,-355,7,983
IMU1,3787,37064924,854,581,2716,-434,-65,1082
IMU1,3788,37074771,905,639,2790,-527,-135,1209
IMU1,3789,37084819,893,724,2846,-618,-191,1373
IMU1,3790,37094851,850,792,2881,-714,-248,1581
IMU1,3791,37107542,787,837,2892,-788,-332,1811
IMU1,3792,37117594,716,829,2866,-856,-472,2076
IMU1,3793,37127659,694,797,2758,-917,-662,2360
IMU1,3794,37137712,650,746,2620,-976,-876,2650
IMU1,3795,37147750,538,715,2478,-1044,-1089,2951
IMU1,3796,37158205,366,708,2336,-1103,-1289,3274
IMU1,3797,37168652,166,727,2209,-1134,-1515,3613
IMU1,3798,37180133,-289,799,1874,-1120,-2003,4343
IMU1,3799,37190683,-508,846,1695,-1069,-2155,4714
IMU1,3800,37201231,-789,855,1509,-965,-2188,5036
IMU1,3801,37211580,-1034,810,1371,-830,-2143,5304
IMU1,3802,37222120,-1201,795,1224,-664,-2031,5484
IMU1,3803,37232668,-1286,833,1165,-484,-1803,5533
IMU1,3804,37243189,-1370,992,1123,-301,-1400,5409
IMU1,3805,37253735,-1474,1106,1202,-149,-839,5098
IMU1,3806,37264282,-1622,1223,1252,-29,-238,4610
IMU1,3807,37274618,-1833,1357,1351,46,321,3975
IMU1,3808,37285800,-2193,1586,1387,18,1254,2428
IMU1,3809,37296146,-2518,1552,1489,-69,1596,1660
IMU1,3810,37306593,-2918,1572,1642,-161,1835,1034
IMU1,3811,37317237,-3331,1623,1890,-236,1993,620
IMU1,3812,37327685,-3614,1642,2138,-236,2022,408
IMU1,3813,37338121,-3750,1694,2278,-171,1830,337
IMU1,3814,37348570,-3723,1776,2279,-65,1401,333
IMU1,3815,37358822,-3535,1827,2177,27,831,331
IMU1,3816,37368771,-3267,1851,2023,74,286,284
IMU1,3817,37378717,-3008,1865,1877,65,-112,181
IMU1,3818,37388754,-2785,1866,1745,6,-349,46
IMU1,3819,37398402,-2611,1825,1634,-87,-451,-104
IMU1,3820,37408615,-2463,1747,1525,-210,-466,-235
IMU1,3821,37419046,-2308,1486,1289,-349,-438,-333
IMU1,3822,37429992,-2252,1345,1217,-671,-306,-370
IMU1,3823,37440433,-2186,1203,1165,-815,-202,-324
IMU1,3824,37450844,-2096,1068,1119,-936,-91,-265
IMU1,3825,37461080,-2020,970,1126,-1025,31,-214
IMU1,3826,37471211,-1936,877,1174,-1055,170,-191
IMU1,3827,37481553,-1877,774,1205,-1028,300,-207
IMU1,3828,37491894,-1832,685,1232,-961,384,-243
# swing_peak_seq=3802
IMU1,3829,37502029,-1802,596,1246,-863,411,-290
IMU1,3830,37512178,-1784,511,1266,-750,399,-337
IMU1,3831,37522326,-1769,449,1287,-628,363,-377
IMU1,3832,37532454,-1761,434,1304,-499,315,-411
IMU1,3833,37542589,-1780,435,1326,-376,264,-434
IMU1,3834,37552718,-1793,454,1354,-265,240,-443
IMU1,3835,37562859,-1747,481,1357,-180,257,-454
IMU1,3836,37573000,-1636,434,1351,-126,318,-480
IMU1,3837,37583663,-1589,421,1363,-115,462,-590
IMU1,3838,37593813,-1552,399,1386,-124,498,-665
IMU1,3839,37603958,-1562,367,1444,-126,510,-742
IMU1,3840,37614097,-1567,386,1469,-115,502,-802
IMU1,3841,37624220,-1560,386,1501,-79,457,-835
IMU1,3842,37634163,-1537,377,1513,-25,408,-851
IMU1,3843,37644091,-1502,397,1524,36,369,-855
IMU1,3844,37653929,-1448,391,1515,93,363,-858
IMU1,3845,37663768,-1410,350,1494,135,391,-871
IMU1,3846,37673816,-1369,321,1487,164,426,-894
IMU1,3847,37683843,-1315,270,1462,177,449,-924
IMU1,3848,37693852,-1282,229,1457,182,460,-967
IMU1,3849,37703864,-1276,203,1509,189,488,-1016
IMU1,3850,37714088,-1264,186,1570,215,532,-1064
IMU1,3851,37724318,-1249,194,1613,274,570,-1121
IMU1,3852,37734549,-1225,223,1639,350,573,-1189
IMU1,3853,37744780,-1191,221,1650,425,538,-1260
IMU1,3854,37755019,-1138,170,1660,483,500,-1330
IMU1,3855,37765254,-993,164,1667,519,505,-1400
IMU1,3856,37776312,-953,111,1693,538,598,-1530
IMU1,3857,37786356,-1062,47,1844,541,624,-1576
IMU1,3858,37796392,-1063,90,1845,589,593,-1575
IMU1,3859,37806438,-1041,156,1793,646,498,-1538
IMU1,3860,37816663,-1111,98,1903,684,405,-1487
IMU1,3861,37826699,-1072,107,1958,738,330,-1399
IMU1,3862,37836932,-1056,82,2017,836,231,-1299
IMU1,3863,37846957,-972,77,1979,964,83,-1205
IMU1,3864,37856603,-835,70,1931,1076,-94,-1136
IMU1,3865,37866538,-729,-6,1909,1157,-231,-1107
IMU1,3866,37876583,-682,-38,1870,1199,-287,-1110
IMU1,3867,37886825,-689,-50,1851,1190,-283,-1120
IMU1,3868,37897065,-680,-30,1828,1144,-238,-1123
IMU1,3869,37907285,-681,-24,1807,1076,-160,-1127
IMU1,3870,37917496,-736,-29,1834,980,-65,-1132
IMU1,3871,37927332,-769,-29,1907,891,30,-1126
IMU1,3872,37937074,-790,-52,1975,832,109,-1118
IMU1,3873,37947018,-808,-50,1990,796,138,-1112
IMU1,3874,37956964,-794,-58,1986,774,107,-1113
IMU1,3875,37966911,-748,-75,1897,746,35,-1124
IMU1,3876,37978218,-692,-81,1863,641,-140,-1155
IMU1,3877,37988252,-664,-89,1853,576,-184,-1167
IMU1,3878,37998285,-647,-110,1852,516,-196,-1168
IMU1,3879,38008519,-657,-109,1864,475,-164,-1184
IMU1,3880,38018749,-649,-109,1892,451,-111,-1187
IMU1,3881,38028964,-632,-155,1899,444,-38,-1185
IMU1,3882,38038990,-617,-185,1893,438,26,-1185
IMU1,3883,38048934,-616,-219,1883,423,80,-1184
IMU1,3884,38058867,-637,-243,1889,411,139,-1179
IMU1,3885,38069005,-657,-240,1895,404,202,-1157
IMU1,3886,38079133,-694,-233,1908,407,248,-1119
IMU1,3887,38089283,-719,-234,1921,427,258,-1067
IMU1,3888,38099411,-766,-239,1930,459,232,-1005
IMU1,3889,38112092,-788,-232,1920,515,132,-860
IMU1,3890,38122539,-754,-241,1894,524,115,-811
IMU1,3891,38132475,-741,-243,1889,515,122,-787
IMU1,3892,38142421,-728,-263,1888,491,150,-785
IMU1,3893,38152363,-739,-267,1898,469,169,-797
IMU1,3894,38162300,-781,-250,1917,464,147,-815
IMU1,3895,38172242,-821,-232,1925,474,79,-828
IMU1,3896,38181974,-856,-222,1929,500,-13,-826
IMU1,3897,38191801,-873,-206,1925,525,-90,-813
IMU1,3898,38201636,-879,-202,1917,548,-139,-787
IMU1,3899,38211669,-885,-195,1893,561,-151,-756
IMU1,3900,38221707,-882,-194,1882,559,-144,-718
IMU1,3901,38231744,-863,-197,1870,545,-130,-679
IMU1,3902,38241789,-886,-210,1871,530,-126,-647
IMU1,3903,38251815,-878,-205,1860,516,-135,-614
IMU1,3904,38261860,-844,-207,1853,498,-133,-589
IMU1,3905,38271888,-868,-211,1858,474,-112,-572
IMU1,3906,38281942,-886,-207,1869,450,-84,-557
IMU1,3907,38291777,-884,-211,1876,429,-58,-541
IMU1,3908,38301622,-883,-217,1866,411,-36,-526
IMU1,3909,38311453,-876,-213,1849,390,-23,-517
IMU1,3910,38321297,-865,-215,1836,358,-17,-513
IMU1,3911,38331138,-859,-211,1822,316,-8,-511
IMU1,3912,38340795,-866,-218,1817,270,16,-509
IMU1,3913,38350543,-873,-216,1815,224,53,-501
IMU1,3914,38360288,-884,-210,1830,187,98,-490
IMU1,3915,38370028,-919,-204,1875,167,139,-475
IMU1,3916,38379972,-973,-203,1914,171,161,-447
IMU1,3917,38389918,-999,-198,1938,203,150,-410
IMU1,3918,38401429,-1003,-217,1900,273,26,-329
IMU1,3919,38411340,-990,-221,1873,280,-70,-284
IMU1,3920,38421165,-971,-225,1847,279,-144,-252
IMU1,3921,38431171,-956,-218,1811,253,-179,-217
IMU1,3922,38441195,-937,-213,1778,217,-162,-196
IMU1,3923,38451207,-924,-221,1751,165,-109,-177
IMU1,3924,38461206,-925,-231,1736,113,-23,-175
IMU1,3925,38471029,-947,-230,1741,59,75,-175
IMU1,3926,38480568,-989,-226,1775,21,176,-182
IMU1,3927,38490283,-1030,-230,1827,9,259,-188
IMU1,3928,38500009,-1063,-227,1859,20,304,-188
IMU1,3929,38509934,-1082,-208,1872,54,293,-188
IMU1,3930,38519855,-1083,-203,1865,97,226,-188
IMU1,3931,38529779,-1092,-206,1854,136,118,-189
IMU1,3932,38539891,-1088,-210,1845,166,3,-189
IMU1,3933,38549614,-1077,-207,1823,184,-89,-181
IMU1,3934,38559628,-1062,-200,1783,179,-151,-166
IMU1,3935,38569846,-1038,-191,1746,156,-177,-146
IMU1,3936,38580061,-1031,-196,1719,117,-166,-126
IMU1,3937,38590273,-1012,-212,1697,69,-120,-109
IMU1,3938,38600293,-998,-222,1689,15,-45,-97
IMU1,3939,38609712,-989,-226,1689,-35,42,-93
IMU1,3940,38619130,-997,-241,1701,-77,118,-103
IMU1,3941,38628959,-1007,-241,1711,-101,163,-117
IMU1,3942,38639175,-1022,-248,1717,-108,169,-126
IMU1,3943,38649402,-1032,-260,1717,-103,148,-131
IMU1,3944,38659632,-1054,-263,1719,-92,122,-130
IMU1,3945,38670694,-1073,-257,1752,-52,111,-119
IMU1,3946,38680719,-1109,-264,1783,-15,95,-101
IMU1,3947,38690545,-1137,-255,1802,39,52,-74
IMU1,3948,38700080,-1147,-243,1814,102,-12,-38
IMU1,3949,38709903,-1135,-237,1800,165,-85,-5
IMU1,3950,38719524,-1118,-226,1783,205,-149,23
IMU1,3951,38729462,-1101,-218,1754,226,-194,38
IMU1,3952,38739395,-1074,-208,1711,216,-210,43
IMU1,3953,38749319,-1039,-201,1675,182,-193,33
IMU1,3954,38759246,-1031,-201,1639,117,-147,17
IMU1,3955,38769165,-1036,-210,1635,37,-76,-4
IMU1,3956,38778593,-1083,-221,1679,-36,12,-21
IMU1,3957,38788223,-1147,-220,1750,-85,98,-19
IMU1,3958,38797854,-1172,-223,1793,-86,141,5
IMU1,3959,38807395,-1171,-230,1802,-44,110,35
IMU1,3960,38817135,-1165,-235,1799,14,11,59
IMU1,3961,38826573,-1145,-242,1793,78,-116,82
IMU1,3962,38836305,-1123,-248,1764,137,-216,95
IMU1,3963,38846230,-1104,-244,1726,173,-262,101
IMU1,3964,38856363,-1096,-243,1709,185,-269,100
IMU1,3965,38866484,-1081,-241,1689,178,-253,93
IMU1,3966,38876405,-1075,-242,1671,151,-216,80
IMU1,3967,38886336,-1076,-244,1657,110,-160,64
IMU1,3968,38896272,-1076,-242,1657,60,-88,47
IMU1,3969,38905804,-1084,-238,1666,13,-3,24
IMU1,3970,38915141,-1101,-237,1692,-25,85,1
IMU1,3971,38924470,-1128,-233,1727,-55,153,-19
IMU1,3972,38934297,-1145,-231,1754,-61,183,-36
IMU1,3973,38944129,-1166,-226,1770,-53,177,-51
IMU1,3974,38953945,-1182,-221,1774,-41,136,-61
IMU1,3975,38963770,-1187,-225,1781,-24,79,-63
IMU1,3976,38973397,-1187,-219,1781,-6,19,-59
IMU1,3977,38982840,-1177,-213,1766,11,-28,-52
IMU1,3978,38992466,-1168,-208,1754,19,-62,-42
IMU1,3979,39002099,-1162,-207,1740,22,-75,-33
IMU1,3980,39011725,-1148,-209,1732,19,-72,-27
IMU1,3981,39021361,-1142,-210,1735,7,-60,-23
IMU1,3982,39030795,-1131,-203,1730,3,-44,-28
IMU1,3983,39040233,-1117,-200,1728,-2,-36,-36
IMU1,3984,39049746,-1110,-195,1733,-6,-29,-52
IMU1,3985,39059273,-1104,-194,1730,-6,-17,-72
IMU1,3986,39068800,-1101,-195,1721,-9,-6,-86
IMU1,3987,39078118,-1105,-186,1714,-16,-2,-94
IMU1,3988,39087649,-1101,-182,1718,-20,-1,-94
IMU1,3989,39097179,-1113,-194,1714,-21,-7,-83
IMU1,3990,39106714,-1115,-198,1711,-22,-16,-68
IMU1,3991,39119205,-1114,-203,1713,-21,-30,-45
IMU1,3992,39128935,-1110,-210,1711,-8,-52,-23
IMU1,3993,39138473,-1099,-216,1708,5,-70,-4
IMU1,3994,39147716,-1085,-213,1688,15,-80,11
IMU1,3995,39157249,-1074,-202,1686,28,-75,14
IMU1,3996,39166792,-1076,-209,1690,27,-61,15
IMU1,3997,39176335,-1081,-210,1684,29,-40,12
IMU1,3998,39185861,-1098,-208,1693,28,-19,10
IMU1,3999,39195396,-1103,-216,1711,24,-5,11
IMU1,4000,39204747,-1108,-216,1710,24,-1,9
IMU1,4001,39213879,-1107,-215,1718,27,-4,0
IMU1,4002,39222919,-1099,-214,1714,29,-11,-11
IMU1,4003,39232540,-1099,-208,1710,29,-15,-26
IMU1,4004,39242155,-1107,-203,1711,23,-16,-38
IMU1,4005,39251779,-1107,-199,1708,13,-4,-44
IMU1,4006,39261205,-1118,-199,1712,3,19,-46
IMU1,4007,39270538,-1134,-201,1711,-7,42,-48
IMU1,4008,39279958,-1133,-207,1718,-18,54,-43
IMU1,4009,39289600,-1132,-213,1713,-23,61,-36
IMU1,4010,39299221,-1135,-212,1721,-26,57,-31
IMU1,4011,39308844,-1135,-210,1729,-24,47,-31
IMU1,4012,39318464,-1136,-217,1737,-13,32,-30
IMU1,4013,39328102,-1149,-221,1739,6,7,-29
IMU1,4014,39337209,-1158,-219,1737,31,-25,-23
IMU1,4015,39346819,-1162,-224,1738,55,-51,-16
IMU1,4016,39356437,-1157,-224,1728,74,-65,-10
IMU1,4017,39366062,-1150,-218,1726,87,-64,-7
IMU1,4018,39375476,-1133,-219,1717,93,-53,-11
IMU1,4019,39385089,-1122,-216,1704,90,-37,-21
IMU1,4020,39394700,-1129,-210,1707,81,-28,-39
IMU1,4021,39404313,-1142,-221,1714,69,-27,-56
IMU1,4022,39413930,-1148,-211,1717,55,-27,-63
IMU1,4023,39423547,-1149,-210,1713,42,-25,-63
IMU1,4024,39433177,-1146,-212,1710,32,-23,-59
IMU1,4025,39442794,-1141,-218,1716,27,-19,-54
IMU1,4026,39452411,-1138,-219,1726,28,-14,-47
IMU1,4027,39462018,-1129,-223,1730,34,-9,-45
IMU1,4028,39471438,-1110,-221,1719,42,-2,-49
IMU1,4029,39480866,-1103,-226,1714,50,0,-58
IMU1,4030,39490093,-1107,-235,1705,50,2,-66
IMU1,4031,39499416,-1111,-235,1696,42,16,-75
IMU1,4032,39508948,-1107,-237,1698,30,35,-76
IMU1,4033,39518477,-1109,-232,1696,21,51,-76
IMU1,4034,39528014,-1117,-218,1716,16,66,-76
IMU1,4035,39537530,-1126,-214,1735,15,80,-76
IMU1,4036,39547056,-1129,-211,1751,25,82,-76
IMU1,4037,39556582,-1131,-208,1748,36,68,-73
IMU1,4038,39566111,-1141,-207,1741,47,40,-73
IMU1,4039,39575639,-1140,-211,1738,47,0,-69
IMU1,4040,39584876,-1151,-215,1737,43,-26,-64
IMU1,4041,39594495,-1149,-222,1733,39,-26,-55
IMU1,4042,39604117,-1137,-228,1717,37,-13,-47
IMU1,4043,39613736,-1134,-222,1710,33,-3,-44
IMU1,4044,39623164,-1131,-233,1718,28,4,-45
IMU1,4045,39632499,-1118,-233,1722,32,18,-54
IMU1,4046,39642026,-1118,-224,1739,40,35,-64
IMU1,4047,39651556,-1122,-222,1750,56,54,-75
IMU1,4048,39661087,-1120,-219,1754,68,61,-80
IMU1,4049,39670613,-1123,-220,1754,72,57,-88
IMU1,4050,39680144,-1127,-216,1748,74,37,-88
IMU1,4051,39689650,-1122,-216,1750,74,17,-84
IMU1,4052,39699688,-1121,-222,1738,61,7,-74
IMU1,4053,39709011,-1113,-225,1722,37,11,-60
IMU1,4054,39718541,-1094,-222,1721,12,33,-51
IMU1,4055,39728585,-1079,-223,1723,-17,64,-45
IMU1,4056,39738209,-1064,-227,1729,-41,94,-39
IMU1,4057,39747824,-1055,-225,1747,-50,125,-48
IMU1,4058,39757642,-1063,-225,1772,-53,143,-51
IMU1,4059,39767455,-1071,-233,1774,-43,153,-54
IMU1,4060,39777278,-1071,-232,1782,-29,153,-48
IMU1,4061,39787105,-1076,-236,1780,-20,142,-38
IMU1,4062,39796934,-1066,-233,1778,-18,125,-25
IMU1,4063,39806754,-1069,-223,1774,-12,106,-12
IMU1,4064,39816577,-1069,-224,1776,-11,93,1
IMU1,4065,39825900,-1063,-224,1773,-13,85,17
IMU1,4066,39835428,-1044,-217,1776,-20,82,31
IMU1,4067,39844949,-1024,-215,1781,-27,88,37
IMU1,4068,39854469,-1002,-207,1791,-32,104,35
IMU1,4069,39864186,-975,-198,1791,-35,126,31
IMU1,4070,39873715,-944,-198,1790,-37,157,21
IMU1,4071,39883254,-926,-196,1789,-46,187,12
IMU1,4072,39892786,-905,-190,1807,-56,212,9
IMU1,4073,39902128,-869,-186,1825,-73,220,12
IMU1,4074,39911665,-837,-183,1843,-87,207,24
IMU1,4075,39921201,-794,-163,1878,-104,190,41
IMU1,4076,39930937,-753,-148,1913,-115,179,68
IMU1,4077,39940686,-710,-138,1951,-112,176,97
IMU1,4078,39950414,-665,-95,2008,-114,178,133
IMU1,4079,39960135,-591,-69,2067,-109,179,171
IMU1,4080,39969867,-495,-65,2112,-102,163,207
IMU1,4081,39979587,-389,-43,2150,-99,129,236
IMU1,4082,39989115,-291,-11,2184,-104,91,263
IMU1,4083,39998644,-197,12,2218,-119,56,292
IMU1,4084,40008082,-108,50,2257,-142,20,334
IMU1,4085,40017484,-25,92,2316,-175,-5,381
IMU1,4086,40026606,73,143,2390,-210,-23,449
IMU1,4087,40036031,187,201,2454,-245,-40,519
IMU1,4088,40045649,306,261,2509,-284,-80,591
IMU1,4089,40055276,424,304,2565,-328,-155,666
IMU1,4090,40065098,558,345,2640,-379,-239,745
IMU1,4091,40074922,670,365,2718,-433,-302,827
IMU1,4092,40084754,761,397,2826,-494,-334,935
IMU1,4093,40094589,824,455,2920,-557,-323,1057
IMU1,4094,40104621,840,560,3022,-626,-304,1193
IMU1,4095,40114671,802,688,3126,-677,-298,1332
IMU1,4096,40127460,760,779,3190,-728,-345,1489
IMU1,4097,40137519,727,833,3167,-767,-457,1653
IMU1,4098,40147576,714,898,3050,-822,-628,1827
IMU1,4099,40157615,633,943,2842,-920,-837,2016
IMU1,4100,40167656,455,977,2563,-1056,-1058,2249
IMU1,4101,40178080,174,975,2309,-1225,-1272,2560
IMU1,4102,40188512,-141,946,2004,-1403,-1485,2976
IMU1,4103,40199564,-931,949,1862,-1542,-2101,4070
IMU1,4104,40210110,-1191,998,1680,-1446,-2425,4702
IMU1,4105,40220847,-1256,1016,1418,-1253,-2433,5255
IMU1,4106,40231782,-1232,1027,1176,-1057,-1955,5623
IMU1,4107,40242721,-1302,1072,1044,-924,-1106,5729
IMU1,4108,40253462,-1382,1111,1051,-864,-131,5570
IMU1,4109,40263998,-1606,1251,943,-868,743,5139
IMU1,4110,40274241,-2079,1287,1069,-925,1353,4494
IMU1,4111,40284873,-3104,1598,1660,-929,1642,3766
IMU1,4112,40295522,-3340,1564,1722,-607,1293,2430
IMU1,4113,40306168,-3435,1554,1701,-394,778,1900
IMU1,4114,40316624,-3470,1524,1596,-206,258,1474
IMU1,4115,40327081,-3475,1444,1490,-105,-84,1167
IMU1,4116,40337403,-3377,1348,1383,-82,-222,972
IMU1,4117,40347530,-3208,1308,1271,-121,-233,828
IMU1,4118,40357846,-3033,1309,1173,-201,-216,682
IMU1,4119,40368178,-2875,1305,1131,-293,-231,527
IMU1,4120,40378508,-2720,1275,1089,-382,-281,373
IMU1,4121,40388844,-2584,1223,1019,-450,-328,227
IMU1,4122,40399160,-2497,1165,984,-509,-341,104
IMU1,4123,40409297,-2435,1086,974,-560,-302,25
IMU1,4124,40419229,-2387,919,958,-584,-228,-18
IMU1,4125,40430108,-2263,857,974,-586,-124,-11
IMU1,4126,40439934,-2206,784,1007,-563,-108,12
IMU1,4127,40449878,-2147,711,1030,-519,-108,29
IMU1,4128,40459806,-2087,657,1036,-459,-131,38
IMU1,4129,40469735,-2027,591,1061,-403,-163,44
IMU1,4130,40479658,-1996,532,1109,-329,-178,29
IMU1,4131,40489596,-1968,507,1166,-249,-173,7
IMU1,4132,40499326,-1903,489,1225,-161,-129,-38
# swing_peak_seq=4106
IMU1,4133,40509339,-1833,456,1245,-90,-65,-104
IMU1,4134,40519179,-1799,435,1259,-43,-7,-198
IMU1,4135,40528819,-1774,435,1290,-17,22,-293
IMU1,4136,40538542,-1775,434,1339,-12,40,-375
IMU1,4137,40548279,-1785,452,1409,-13,66,-435
IMU1,4138,40558021,-1808,466,1494,-3,103,-469
IMU1,4139,40567759,-1823,470,1569,20,139,-485
IMU1,4140,40577604,-1824,491,1630,62,141,-489
IMU1,4141,40587424,-1781,500,1650,111,91,-492
IMU1,4142,40597264,-1717,474,1641,160,0,-508
IMU1,4143,40606803,-1657,468,1643,198,-96,-537
IMU1,4144,40616730,-1591,487,1645,219,-142,-578
IMU1,4145,40626870,-1529,491,1655,227,-123,-628
IMU1,4146,40637019,-1491,487,1674,226,-65,-689
IMU1,4147,40646952,-1447,489,1695,214,-6,-758
IMU1,4148,40656680,-1425,478,1732,203,33,-829
IMU1,4149,40666506,-1420,471,1770,195,38,-895
IMU1,4150,40676343,-1412,475,1815,204,21,-958
IMU1,4151,40686188,-1385,465,1839,230,-10,-1006
IMU1,4152,40696322,-1332,437,1844,262,-36,-1049
IMU1,4153,40706449,-1280,433,1818,287,-54,-1087
IMU1,4154,40716574,-1234,425,1815,291,-60,-1122
IMU1,4155,40726717,-1206,422,1822,270,-58,-1137
IMU1,4156,40737900,-1150,368,1834,213,10,-1156
IMU1,4157,40747950,-1142,362,1853,190,38,-1143
IMU1,4158,40758003,-1121,360,1885,191,62,-1140
IMU1,4159,40768041,-1083,335,1901,214,66,-1141
IMU1,4160,40778072,-1026,299,1882,252,44,-1153
IMU1,4161,40788114,-965,289,1858,286,12,-1176
IMU1,4162,40797953,-896,253,1824,297,17,-1214
IMU1,4163,40807796,-853,229,1810,295,74,-1257
IMU1,4164,40817632,-830,228,1824,281,170,-1299
IMU1,4165,40827653,-816,220,1840,281,273,-1343
IMU1,4166,40837685,-812,209,1851,292,354,-1383
IMU1,4167,40847711,-817,180,1860,310,395,-1421
IMU1,4168,40857753,-826,153,1862,326,384,-1447
IMU1,4169,40867778,-793,119,1849,338,340,-1463
IMU1,4170,40877822,-759,83,1830,336,298,-1477
IMU1,4171,40887677,-745,58,1811,327,280,-1490
IMU1,4172,40897524,-706,42,1793,312,296,-1502
IMU1,4173,40907375,-689,25,1775,296,332,-1512
IMU1,4174,40917224,-686,1,1765,285,363,-1525
IMU1,4175,40926867,-688,-13,1782,285,386,-1537
IMU1,4176,40936807,-672,-54,1816,300,396,-1537
IMU1,4177,40946757,-658,-114,1812,342,389,-1537
IMU1,4178,40956909,-670,-128,1817,393,351,-1532
IMU1,4179,40967066,-649,-165,1810,446,296,-1520
IMU1,4180,40978715,-615,-188,1784,539,247,-1467
IMU1,4181,40988823,-602,-189,1801,588,242,-1452
IMU1,4182,40998917,-575,-194,1824,649,224,-1442
IMU1,4183,41009021,-550,-194,1847,724,189,-1444
IMU1,4184,41019127,-543,-200,1889,818,156,-1446
IMU1,4185,41029239,-529,-216,1911,907,139,-1436
IMU1,4186,41039360,-514,-208,1902,978,126,-1418
IMU1,4187,41049476,-510,-205,1890,1015,113,-1395
IMU1,4188,41059796,-496,-205,1884,1016,104,-1368
IMU1,4189,41070109,-480,-194,1893,995,110,-1339
IMU1,4190,41080220,-480,-195,1912,963,118,-1313
IMU1,4191,41090340,-465,-188,1941,929,107,-1285
IMU1,4192,41100446,-433,-179,1961,897,85,-1261
IMU1,4193,41110369,-413,-166,1988,868,66,-1246
IMU1,4194,41120298,-425,-154,2009,836,60,-1237
IMU1,4195,41132770,-488,-125,2064,789,60,-1188
IMU1,4196,41142701,-534,-104,2096,770,70,-1145
IMU1,4197,41152632,-562,-78,2119,762,74,-1092
IMU1,4198,41162366,-585,-54,2136,756,79,-1031
IMU1,4199,41172103,-586,-28,2141,747,76,-969
IMU1,4200,41181629,-597,-13,2137,725,72,-907
IMU1,4201,41191159,-628,-10,2112,682,68,-844
IMU1,4202,41200686,-649,-10,2101,622,77,-780
IMU1,4203,41210206,-669,-20,2106,544,106,-717
IMU1,4204,41219930,-688,-31,2116,472,127,-659
IMU1,4205,41229645,-699,-37,2116,414,115,-612
IMU1,4206,41239363,-703,-49,2122,368,65,-577
IMU1,4207,41248887,-710,-56,2114,343,-11,-555
IMU1,4208,41258502,-717,-54,2103,337,-87,-542
IMU1,4209,41268124,-720,-57,2076,337,-150,-530
IMU1,4210,41277942,-718,-64,2041,336,-190,-516
IMU1,4211,41287771,-718,-74,1996,330,-205,-499
IMU1,4212,41297578,-718,-79,1964,309,-192,-483
IMU1,4213,41307400,-713,-75,1935,273,-152,-458
IMU1,4214,41317225,-710,-82,1919,231,-94,-434
IMU1,4215,41326855,-721,-82,1920,189,-35,-415
IMU1,4216,41336466,-736,-83,1926,156,1,-390
IMU1,4217,41345791,-753,-91,1928,133,23,-365
IMU1,4218,41355309,-772,-97,1926,122,22,-342
IMU1,4219,41364833,-786,-105,1929,120,3,-312
IMU1,4220,41374355,-796,-114,1934,124,-13,-283
IMU1,4221,41384174,-796,-126,1924,131,-33,-253
IMU1,4222,41393983,-800,-130,1903,130,-52,-226
IMU1,4223,41403801,-804,-129,1889,125,-61,-206
IMU1,4224,41413612,-808,-129,1877,115,-55,-188
IMU1,4225,41423422,-814,-130,1866,105,-33,-173
IMU1,4226,41433234,-828,-129,1865,90,-4,-158
IMU1,4227,41442661,-853,-134,1872,74,24,-144
IMU1,4228,41452185,-864,-139,1877,60,49,-129
IMU1,4229,41461701,-876,-140,1876,44,74,-116
IMU1,4230,41471236,-876,-150,1871,27,94,-107
IMU1,4231,41480779,-882,-148,1862,8,107,-103
IMU1,4232,41490297,-892,-152,1853,-18,109,-106
IMU1,4233,41500113,-900,-147,1846,-43,98,-109
IMU1,4234,41509735,-925,-153,1843,-62,74,-106
IMU1,4235,41519368,-964,-163,1843,-71,45,-91
IMU1,4236,41528788,-990,-164,1850,-69,17,-62
IMU1,4237,41538212,-992,-167,1844,-55,-5,-26
IMU1,4238,41547528,-976,-175,1824,-36,-10,10
IMU1,4239,41556949,-963,-183,1807,-19,2,33
IMU1,4240,41566075,-938,-183,1785,-10,25,44
IMU1,4241,41575408,-934,-180,1777,-7,59,36
IMU1,4242,41584532,-947,-180,1781,-10,90,23
IMU1,4243,41593861,-969,-186,1784,-9,116,5
IMU1,4244,41603512,-985,-194,1788,-16,120,-5
IMU1,4245,41612920,-1003,-189,1787,-15,109,-14
IMU1,4246,41622714,-1015,-190,1784,-23,77,-12
IMU1,4247,41632325,-1028,-192,1780,-27,40,-3
IMU1,4248,41642242,-1035,-187,1778,-23,5,17
IMU1,4249,41651546,-1037,-194,1776,-19,-28,42
IMU1,4250,41661149,-1041,-197,1767,0,-58,61
IMU1,4251,41670889,-1033,-193,1764,11,-78,85
IMU1,4252,41680405,-1031,-191,1766,28,-75,100
IMU1,4253,41690110,-1032,-190,1763,49,-46,100
IMU1,4254,41699822,-1024,-197,1762,59,-5,89
IMU1,4255,41709144,-1021,-196,1750,61,26,68
IMU1,4256,41719090,-1015,-194,1753,56,35,41
IMU1,4257,41728523,-1030,-191,1755,44,25,14
IMU1,4258,41737938,-1048,-191,1765,40,13,-19
IMU1,4259,41747974,-1066,-192,1777,38,2,-33
IMU1,4260,41757305,-1081,-191,1786,33,-2,-35
IMU1,4261,41767253,-1077,-183,1791,35,-7,-28
IMU1,4262,41776673,-1068,-172,1786,30,-6,-28
IMU1,4263,41786091,-1060,-165,1785,24,4,-39
IMU1,4264,41795919,-1057,-163,1798,9,17,-50
IMU1,4265,41805236,-1068,-155,1809,-2,30,-62
IMU1,4266,41815169,-1085,-163,1818,-12,41,-72
IMU1,4267,41824784,-1092,-165,1822,-14,38,-75
IMU1,4268,41834401,-1095,-174,1822,-22,17,-69
IMU1,4269,41844012,-1096,-183,1811,-25,-8,-59
IMU1,4270,41853519,-1089,-186,1809,-28,-26,-46
IMU1,4271,41863235,-1073,-192,1796,-30,-31,-37
IMU1,4272,41872950,-1063,-196,1774,-36,-29,-32
IMU1,4273,41882666,-1063,-206,1763,-47,-32,-29
IMU1,4274,41892368,-1052,-224,1758,-59,-30,-25
IMU1,4275,41902086,-1044,-222,1752,-64,-16,-21
IMU1,4276,41911796,-1043,-222,1756,-63,13,-21
IMU1,4277,41921430,-1048,-214,1767,-51,44,-21
IMU1,4278,41931047,-1051,-214,1784,-41,74,-24
IMU1,4279,41940674,-1059,-208,1796,-21,96,-25
IMU1,4280,41950296,-1064,-208,1801,-2,107,-22
IMU1,4281,41959903,-1064,-203,1803,12,109,-19
IMU1,4282,41969612,-1056,-199,1798,15,110,-21
IMU1,4283,41979319,-1054,-205,1791,4,113,-22
IMU1,4284,41988839,-1040,-194,1792,-14,123,-25
IMU1,4285,41998627,-1028,-197,1789,-33,136,-28
IMU1,4286,42008429,-1020,-192,1793,-55,148,-34
IMU1,4287,42018227,-1004,-185,1812,-72,169,-40
IMU1,4288,42028025,-991,-189,1821,-81,205,-48
IMU1,4289,42037620,-980,-190,1823,-91,250,-56
IMU1,4290,42047226,-957,-177,1827,-101,291,-60
IMU1,4291,42057039,-937,-177,1849,-114,332,-61
IMU1,4292,42066849,-907,-173,1874,-122,370,-65
IMU1,4293,42076658,-856,-184,1888,-122,400,-70
IMU1,4294,42086468,-795,-189,1915,-117,417,-80
IMU1,4295,42096270,-729,-200,1933,-105,424,-101
IMU1,4296,42106272,-666,-197,1939,-94,421,-123
IMU1,4297,42116084,-622,-187,1951,-93,415,-142
IMU1,4298,42125890,-570,-169,1978,-97,415,-151
IMU1,4299,42138450,-525,-171,2014,-107,426,-153
IMU1,4300,42148452,-482,-150,2038,-115,440,-146
IMU1,4301,42158462,-407,-126,2068,-130,457,-129
IMU1,4302,42168471,-309,-120,2103,-150,492,-117
IMU1,4303,42178485,-194,-136,2140,-190,531,-104
IMU1,4304,42188505,-83,-137,2317,-230,555,-93
IMU1,4305,42199705,71,-119,2428,-270,533,-65
IMU1,4306,42209233,122,-44,2498,-266,470,-28
IMU1,4307,42218758,203,20,2536,-265,333,30
IMU1,4308,42228618,303,88,2574,-275,169,106
IMU1,4309,42238148,418,148,2608,-312,29,204
IMU1,4310,42247688,539,229,2629,-368,-46,309
IMU1,4311,42257303,666,334,2647,-443,-63,414
IMU1,4312,42266919,738,453,2667,-533,-41,511
IMU1,4313,42276550,741,586,2729,-624,-16,609
IMU1,4314,42286183,733,727,2812,-704,-5,718
IMU1,4315,42296140,726,849,2853,-745,-3,833
IMU1,4316,42305572,713,951,2821,-781,-17,950
IMU1,4317,42315223,636,1079,2703,-852,-93,1099
IMU1,4318,42325263,537,1194,2549,-989,-224,1284
IMU1,4319,42335498,435,1296,2368,-1196,-386,1531
IMU1,4320,42345944,291,1370,2158,-1471,-519,1855
IMU1,4321,42356378,119,1391,1950,-1762,-578,2231
IMU1,4322,42366813,-197,1381,1834,-2044,-609,2656
IMU1,4323,42377340,-620,1346,1858,-2237,-726,3121
IMU1,4324,42387884,-1045,1314,1837,-2275,-1026,3614
IMU1,4325,42398813,-1410,1265,1666,-2150,-1454,4118
IMU1,4326,42409743,-1667,1231,1069,-1902,-1833,4595
IMU1,4327,42420670,-2165,975,957,-1336,-1691,5286
IMU1,4328,42431191,-2079,963,910,-1101,-1074,5364
IMU1,4329,42441741,-2032,1136,768,-919,-294,5090
IMU1,4330,42452078,-2316,1083,754,-815,349,4498
IMU1,4331,42462313,-2784,1012,898,-717,617,3788
IMU1,4332,42472569,-3254,1066,1041,-573,537,3153
IMU1,4333,42483010,-3647,1096,1182,-393,392,2682
IMU1,4334,42493459,-3890,1016,1224,-233,415,2403
IMU1,4335,42503894,-3993,971,1197,-164,611,2280
IMU1,4336,42514137,-4022,918,1177,-197,839,2228
IMU1,4337,42524379,-4004,867,1188,-299,951,2176
IMU1,4338,42534618,-3950,886,1217,-431,858,2087
IMU1,4339,42545891,-3660,904,1168,-601,198,1712
IMU1,4340,42556141,-3496,894,1121,-636,-175,1455
IMU1,4341,42566487,-3190,874,1001,-633,-430,1152
IMU1,4342,42576824,-2961,871,864,-631,-532,788
IMU1,4343,42586763,-2799,858,773,-628,-508,405
IMU1,4344,42596705,-2708,833,721,-640,-390,60
IMU1,4345,42606447,-2658,804,710,-657,-207,-211
IMU1,4346,42616441,-2653,765,752,-679,7,-400
IMU1,4347,42625957,-2648,733,795,-681,176,-503
IMU1,4348,42635868,-2621,685,827,-662,250,-543
IMU1,4349,42645784,-2558,631,852,-623,217,-545
IMU1,4350,42655716,-2465,576,862,-569,120,-526
IMU1,4351,42665645,-2376,540,864,-501,16,-512
IMU1,4352,42675367,-2285,511,863,-423,-59,-519
IMU1,4353,42685183,-2211,480,861,-338,-112,-541
# swing_peak_seq=4327
IMU1,4354,42695204,-2180,468,901,-248,-135,-575
IMU1,4355,42705224,-2166,462,952,-153,-113,-609
IMU1,4356,42715252,-2165,454,999,-55,-67,-636
IMU1,4357,42724884,-2150,447,1030,44,-20,-659
IMU1,4358,42734601,-2135,433,1089,137,20,-675
IMU1,4359,42744430,-2112,406,1131,212,52,-683
IMU1,4360,42754258,-2091,379,1157,271,69,-694
IMU1,4361,42764086,-2054,380,1184,311,73,-708
IMU1,4362,42773920,-2017,400,1218,332,80,-733
IMU1,4363,42783742,-1999,393,1253,344,92,-770
IMU1,4364,42793587,-1989,395,1294,343,96,-818
IMU1,4365,42803421,-1961,425,1339,349,90,-876
IMU1,4366,42813233,-1936,423,1378,363,77,-943
IMU1,4367,42823067,-1928,394,1421,387,60,-1015
IMU1,4368,42834655,-1804,385,1471,465,13,-1148
IMU1,4369,42844684,-1731,355,1457,508,-15,-1214
IMU1,4370,42854805,-1688,384,1484,544,-64,-1270
IMU1,4371,42864925,-1676,399,1546,582,-97,-1312
IMU1,4372,42875054,-1640,389,1575,634,-108,-1332
IMU1,4373,42885390,-1601,398,1599,679,-113,-1333
IMU1,4374,42895710,-1551,419,1612,714,-131,-1329
IMU1,4375,42906036,-1506,437,1634,741,-174,-1330
IMU1,4376,42916354,-1437,416,1656,765,-236,-1330
IMU1,4377,42926684,-1320,379,1642,781,-307,-1342
IMU1,4378,42937004,-1179,360,1595,794,-371,-1386
IMU1,4379,42947341,-1088,339,1559,785,-406,-1455
IMU1,4380,42957667,-1074,333,1585,759,-386,-1528
IMU1,4381,42969043,-1025,335,1570,704,-183,-1610
IMU1,4382,42979365,-926,373,1426,639,-27,-1628
IMU1,4383,42989296,-986,224,1536,524,176,-1662
IMU1,4384,42999326,-964,155,1632,417,413,-1658
IMU1,4385,43009360,-944,121,1723,375,560,-1626
IMU1,4386,43019369,-926,86,1723,402,526,-1590
IMU1,4387,43029197,-796,90,1618,465,332,-1554
IMU1,4388,43039031,-808,37,1635,514,104,-1527
IMU1,4389,43048862,-825,-6,1770,565,-19,-1476
IMU1,4390,43058481,-824,6,1791,659,-57,-1395
IMU1,4391,43068011,-821,5,1787,782,-86,-1311
IMU1,4392,43077540,-672,-6,1715,896,-125,-1241
IMU1,4393,43087369,-566,-17,1700,967,-121,-1220
IMU1,4394,43097385,-529,-52,1732,996,-49,-1240
IMU1,4395,43107218,-542,-92,1750,1009,40,-1268
IMU1,4396,43117151,-561,-63,1808,1019,101,-1293
IMU1,4397,43127274,-560,-25,1846,1024,125,-1312
IMU1,4398,43139959,-562,-31,1878,1021,104,-1329
IMU1,4399,43150088,-587,-27,1949,1010,13,-1332
IMU1,4400,43161575,-590,-13,1993,984,-342,-1276
IMU1,4401,43171624,-545,-25,2013,988,-561,-1224
IMU1,4402,43181656,-480,-50,2002,1002,-764,-1169
IMU1,4403,43191878,-403,-72,1973,1014,-918,-1110
IMU1,4404,43202124,-310,-117,1942,1017,-955,-1069
IMU1,4405,43212547,-232,-140,1880,1002,-856,-1049
IMU1,4406,43222972,-164,-136,1838,957,-650,-1048
IMU1,4407,43233192,-137,-133,1822,885,-403,-1065
IMU1,4408,43243413,-137,-133,1818,803,-163,-1088
IMU1,4409,43253627,-202,-124,1867,721,40,-1107
IMU1,4410,43263556,-314,-76,1973,661,188,-1106
IMU1,4411,43273496,-423,-43,2082,641,260,-1072
IMU1,4412,43283411,-504,-3,2131,658,228,-1007
IMU1,4413,43293128,-567,29,2150,687,91,-920
IMU1,4414,43302558,-606,47,2151,713,-111,-811
IMU1,4415,43312287,-608,31,2132,724,-314,-692
IMU1,4416,43322024,-586,-5,2081,713,-457,-577
IMU1,4417,43331649,-544,-40,2031,674,-503,-474
IMU1,4418,43341474,-529,-59,2028,603,-438,-378
IMU1,4419,43351293,-539,-73,2059,527,-286,-298
IMU1,4420,43361122,-561,-83,2088,459,-125,-238
IMU1,4421,43370936,-584,-71,2134,414,-11,-200
IMU1,4422,43380560,-624,-56,2159,387,31,-169
IMU1,4423,43390088,-652,-24,2197,369,22,-150
IMU1,4424,43399617,-663,5,2200,363,2,-150
IMU1,4425,43408659,-702,32,2166,355,-11,-157
IMU1,4426,43418184,-783,69,2144,328,-5,-161
IMU1,4427,43427500,-844,111,2128,272,14,-151
IMU1,4428,43437129,-893,124,2100,201,39,-137
IMU1,4429,43446752,-923,121,2045,126,44,-120
IMU1,4430,43456372,-912,108,2005,46,8,-103
IMU1,4431,43465594,-893,81,1960,-32,-60,-103
IMU1,4432,43475022,-852,59,1896,-83,-130,-132
IMU1,4433,43484652,-805,29,1855,-113,-164,-180
IMU1,4434,43494464,-783,-8,1833,-127,-161,-230
IMU1,4435,43504179,-795,-51,1806,-119,-147,-268
IMU1,4436,43514102,-790,-97,1804,-90,-140,-286
IMU1,4437,43523835,-769,-118,1801,-43,-134,-287
IMU1,4438,43533741,-764,-117,1817,18,-119,-274
IMU1,4439,43543559,-782,-121,1842,91,-101,-253
IMU1,4440,43553376,-784,-124,1864,173,-95,-218
IMU1,4441,43563188,-806,-144,1879,258,-80,-177
IMU1,4442,43573005,-841,-182,1869,326,-51,-135
IMU1,4443,43582815,-857,-177,1836,357,-15,-94
IMU1,4444,43593988,-958,-136,1876,328,102,-22
IMU1,4445,43603712,-1020,-92,1938,308,185,2
IMU1,4446,43613135,-1050,-59,1957,286,242,18
IMU1,4447,43622756,-1069,-26,1971,266,242,19
IMU1,4448,43632364,-1084,2,1980,245,191,-1
IMU1,4449,43642109,-1096,10,1952,209,122,-27
IMU1,4450,43651730,-1106,6,1918,153,51,-56
IMU1,4451,43661494,-1087,8,1865,81,-3,-93
IMU1,4452,43670942,-1024,7,1798,-14,-21,-126
IMU1,4453,43680884,-966,-16,1726,-121,18,-174
IMU1,4454,43690481,-935,-28,1654,-232,85,-219
IMU1,4455,43700094,-919,-35,1623,-333,173,-259
IMU1,4456,43709908,-937,-30,1654,-402,281,-286
IMU1,4457,43719733,-972,-54,1729,-422,407,-305
IMU1,4458,43729558,-1024,-77,1834,-379,495,-312
IMU1,4459,43739595,-1065,-66,1912,-280,479,-302
IMU1,4460,43749638,-1073,-67,1947,-135,343,-289
IMU1,4461,43759662,-1048,-67,1927,19,112,-271
IMU1,4462,43769394,-993,-61,1864,152,-150,-249
IMU1,4463,43779229,-916,-58,1791,241,-335,-226
IMU1,4464,43789044,-848,-41,1719,271,-373,-200
IMU1,4465,43798858,-801,-37,1673,247,-274,-173
IMU1,4466,43808679,-785,-43,1659,185,-98,-147
IMU1,4467,43818296,-798,-31,1683,109,94,-122
IMU1,4468,43827826,-827,-17,1739,38,250,-103
IMU1,4469,43837345,-895,-2,1824,-9,335,-89
IMU1,4470,43846382,-972,23,1896,-19,346,-76
IMU1,4471,43855720,-1017,42,1946,2,295,-62
IMU1,4472,43864956,-1044,58,1967,39,203,-52
IMU1,4473,43874395,-1086,62,1970,81,83,-47
IMU1,4474,43883634,-1115,31,1957,112,-47,-32
IMU1,4475,43893170,-1116,22,1932,123,-156,-1
IMU1,4476,43902709,-1098,13,1884,116,-223,44
IMU1,4477,43912361,-1055,6,1810,83,-253,89
IMU1,4478,43921589,-1009,-16,1739,40,-251,121
IMU1,4479,43931315,-973,-50,1696,-29,-215,150
IMU1,4480,43940936,-941,-77,1668,-94,-140,160
IMU1,4481,43950551,-923,-105,1672,-143,-68,160
IMU1,4482,43960364,-903,-117,1676,-171,-7,148
IMU1,4483,43969975,-882,-120,1680,-182,47,121
IMU1,4484,43979684,-843,-143,1663,-186,107,78
IMU1,4485,43989405,-865,-175,1695,-195,200,13
IMU1,4486,43999127,-996,-209,1819,-196,290,-45
IMU1,4487,44008956,-1065,-181,1873,-142,316,-55
IMU1,4488,44018980,-1085,-144,1889,-48,251,-33
IMU1,4489,44028801,-1107,-127,1901,61,118,0
IMU1,4490,44038134,-1155,-106,1935,170,-42,43
IMU1,4491,44047844,-1165,-81,1943,272,-191,95
IMU1,4492,44057561,-1136,-56,1909,356,-296,139
IMU1,4493,44067499,-1091,-32,1853,394,-362,166
IMU1,4494,44077424,-1039,-22,1798,377,-380,166
IMU1,4495,44087347,-996,-16,1748,312,-352,145
IMU1,4496,44097075,-959,-31,1725,210,-276,107
IMU1,4497,44106796,-940,-42,1714,87,-152,56
IMU1,4498,44116128,-984,-51,1745,-39,-12,-1
IMU1,4499,44125244,-1024,-61,1795,-142,93,-48
IMU1,4500,44134863,-1047,-72,1834,-201,140,-82
IMU1,4501,44147437,-1064,-73,1865,-213,136,-103
IMU1,4502,44157459,-1096,-82,1898,-187,110,-113
IMU1,4503,44167480,-1114,-101,1905,-135,76,-107
IMU1,4504,44177502,-1116,-116,1876,-76,47,-85
IMU1,4505,44187131,-1098,-131,1840,-31,26,-53
IMU1,4506,44196751,-1089,-136,1801,-12,24,-24
IMU1,4507,44206368,-1085,-134,1773,-17,41,2
IMU1,4508,44215693,-1083,-140,1765,-37,65,18
IMU1,4509,44225221,-1073,-131,1757,-68,90,26
IMU1,4510,44234754,-1059,-132,1758,-95,120,24
IMU1,4511,44244494,-1041,-137,1756,-118,155,11
IMU1,4512,44254401,-1033,-128,1757,-137,192,-13
IMU1,4513,44264413,-1030,-118,1766,-143,231,-36
IMU1,4514,44274424,-1021,-127,1760,-142,274,-57
IMU1,4515,44284440,-1029,-107,1765,-136,313,-83
IMU1,4516,44294458,-1046,-97,1783,-121,338,-112
IMU1,4517,44305500,-1099,-82,1799,-89,317,-158
IMU1,4518,44315331,-1099,-72,1795,-72,286,-164
IMU1,4519,44325160,-1090,-54,1802,-61,252,-164
IMU1,4520,44334972,-1066,-49,1807,-48,244,-174
IMU1,4521,44344785,-1049,-54,1807,-40,250,-176
IMU1,4522,44354597,-1016,-46,1804,-31,257,-180
IMU1,4523,44364406,-962,-46,1795,-25,266,-190
IMU1,4524,44374023,-909,-43,1763,-26,277,-209
IMU1,4525,44383644,-865,-37,1754,-42,314,-231
IMU1,4526,44393284,-831,-43,1764,-70,390,-250
IMU1,4527,44402907,-821,-43,1794,-105,483,-263
IMU1,4528,44412718,-803,-32,1829,-127,549,-264
IMU1,4529,44422547,-779,-33,1872,-136,563,-255
IMU1,4530,44432370,-737,-37,1926,-131,518,-231
IMU1,4531,44442197,-691,-26,1979,-101,448,-205
IMU1,4532,44452009,-615,-26,2023,-62,371,-168
IMU1,4533,44461622,-539,-9,2027,-26,316,-127
IMU1,4534,44471054,-451,23,2026,-13,285,-80
IMU1,4535,44480383,-347,53,2049,-34,286,-27
IMU1,4536,44489702,-232,77,2081,-73,336,20
IMU1,4537,44498932,-125,117,2106,-125,402,65
IMU1,4538,44508559,-23,167,2153,-176,458,101
IMU1,4539,44518192,91,213,2202,-223,493,135
IMU1,4540,44527748,202,215,2307,-265,530,159
IMU1,4541,44537502,260,248,2399,-300,564,195
IMU1,4542,44547267,393,308,2494,-320,573,232
IMU1,4543,44557010,564,373,2580,-345,536,274
IMU1,4544,44566752,709,454,2640,-387,490,304
IMU1,4545,44576487,791,546,2722,-437,441,330
IMU1,4546,44586218,841,625,2855,-492,375,375
IMU1,4547,44595962,904,724,3015,-532,268,451
IMU1,4548,44605710,1019,896,3221,-532,118,549
IMU1,4549,44615649,1196,1135,3420,-499,-34,638
IMU1,4550,44625705,1226,1407,3577,-458,-177,721
IMU1,4551,44635949,1053,1711,3670,-450,-314,833
IMU1,4552,44646213,853,1993,3677,-515,-487,1050
IMU1,4553,44656473,667,2227,3573,-665,-704,1384
IMU1,4554,44666718,456,2398,3323,-911,-917,1831
IMU1,4555,44676985,158,2524,2966,-1277,-1100,2387
IMU1,4556,44687642,-203,2522,2634,-1732,-1269,3055
IMU1,4557,44698383,-662,2388,1935,-2220,-1440,3835
IMU1,4558,44709652,-1762,2130,1563,-3038,-1754,5541
IMU1,4559,44720610,-2485,1953,1212,-3294,-1855,6322
IMU1,4560,44731565,-3209,1719,1065,-3376,-1951,6978
IMU1,4561,44742500,-3683,1701,722,-3246,-1988,7470
IMU1,4562,44753239,-3777,1623,515,-2898,-1916,7650
IMU1,4563,44763997,-3641,1757,502,-2368,-1675,7416
IMU1,4564,44774761,-3575,1794,580,-1703,-1163,6723
IMU1,4565,44785500,-3796,1489,777,-999,-435,4415
IMU1,4566,44796383,-4009,1490,866,138,869,3121
IMU1,4567,44806544,-4245,1486,958,438,1085,1976
IMU1,4568,44816874,-4370,1481,1082,558,940,1118
IMU1,4569,44827216,-4355,1398,1121,535,526,566
IMU1,4570,44837352,-4270,1262,1123,376,-11,285
IMU1,4571,44847390,-4082,1193,1062,117,-518,222
IMU1,4572,44857627,-3782,1161,1007,-182,-859,287
IMU1,4573,44867941,-3412,1117,1001,-460,-941,365
IMU1,4574,44878273,-3044,1036,994,-657,-792,373
IMU1,4575,44888412,-2773,944,988,-767,-563,274
IMU1,4576,44898346,-2571,855,972,-798,-381,103
IMU1,4577,44908271,-2465,756,962,-785,-258,-93
IMU1,4578,44918100,-2413,645,954,-751,-151,-269
IMU1,4579,44928130,-2388,590,955,-710,-59,-390
IMU1,4580,44937965,-2349,561,958,-673,3,-457
IMU1,4581,44947506,-2310,522,978,-634,38,-485
IMU1,4582,44957249,-2269,466,1008,-596,54,-493
IMU1,4583,44967180,-2226,439,1051,-544,75,-479
IMU1,4584,44977120,-2157,410,1091,-492,110,-461
IMU1,4585,44988288,-2082,388,1219,-332,138,-433
IMU1,4586,44998413,-2059,385,1299,-222,125,-422
IMU1,4587,45008527,-2006,389,1347,-95,94,-419
IMU1,4588,45018251,-1978,410,1395,38,44,-437
# swing_peak_seq=4562
IMU1,4589,45027884,-1929,433,1443,159,-11,-472
IMU1,4590,45037813,-1878,423,1479,261,-39,-533
IMU1,4591,45047759,-1832,450,1501,327,-58,-602
IMU1,4592,45057711,-1776,474,1522,362,-76,-681
IMU1,4593,45067624,-1724,489,1555,381,-111,-762
IMU1,4594,45077744,-1686,525,1578,392,-154,-842
IMU1,4595,45087873,-1640,581,1607,393,-176,-908
IMU1,4596,45097996,-1573,596,1613,382,-148,-965
IMU1,4597,45108124,-1517,602,1593,362,-75,-1025
IMU1,4598,45118261,-1462,589,1587,328,20,-1084
IMU1,4599,45128299,-1450,547,1597,280,106,-1141
IMU1,4600,45138532,-1458,506,1634,247,157,-1180
IMU1,4601,45151312,-1422,497,1639,234,88,-1189
IMU1,4602,45161352,-1460,478,1668,259,3,-1177
IMU1,4603,45171184,-1469,487,1699,302,-84,-1139
IMU1,4604,45181319,-1418,483,1700,362,-120,-1090
IMU1,4605,45191647,-1344,486,1691,428,-102,-1069
IMU1,4606,45201967,-1251,491,1672,467,-69,-1068
IMU1,4607,45212089,-1146,457,1635,484,-26,-1099
IMU1,4608,45222210,-1034,434,1593,469,-1,-1159
IMU1,4609,45232150,-965,424,1583,430,-6,-1242
IMU1,4610,45241881,-907,405,1574,386,-49,-1334
IMU1,4611,45251805,-847,388,1578,342,-85,-1416
IMU1,4612,45261738,-779,358,1557,299,-72,-1486
IMU1,4613,45271672,-707,320,1546,263,2,-1542
IMU1,4614,45281317,-624,263,1556,227,132,-1589
IMU1,4615,45291351,-600,179,1611,201,296,-1633
IMU1,4616,45301382,-570,164,1591,200,436,-1664
IMU1,4617,45311424,-515,188,1569,207,547,-1687
IMU1,4618,45321467,-598,141,1678,210,664,-1695
IMU1,4619,45331500,-724,97,1914,255,788,-1649
IMU1,4620,45341345,-757,97,2039,384,829,-1540
IMU1,4621,45351196,-678,121,2066,575,697,-1418
IMU1,4622,45361244,-544,84,2024,755,426,-1329
IMU1,4623,45371085,-451,40,2009,897,128,-1289
IMU1,4624,45380911,-349,9,2026,982,-76,-1277
IMU1,4625,45390454,-288,-19,2045,1037,-138,-1289
IMU1,4626,45400667,-284,-10,2067,1059,-124,-1314
IMU1,4627,45411407,-272,31,2053,1051,-133,-1373
IMU1,4628,45421542,-223,59,2000,997,-152,-1398
IMU1,4629,45431483,-167,56,1934,891,-140,-1433
IMU1,4630,45441421,-162,51,1891,745,-77,-1471
IMU1,4631,45451153,-208,32,1920,588,11,-1492
IMU1,4632,45460796,-273,14,1961,469,85,-1489
IMU1,4633,45470439,-334,0,2004,389,114,-1455
IMU1,4634,45479970,-349,-22,2074,366,98,-1405
IMU1,4635,45489706,-333,-52,2117,391,67,-1355
IMU1,4636,45499444,-333,-58,2162,450,26,-1315
IMU1,4637,45509178,-346,-61,2194,539,-30,-1285
IMU1,4638,45519007,-367,-66,2206,634,-107,-1257
IMU1,4639,45529052,-374,-68,2203,722,-203,-1223
IMU1,4640,45539087,-366,-58,2175,796,-274,-1189
IMU1,4641,45549132,-345,-53,2123,841,-303,-1157
IMU1,4642,45559158,-315,-47,2042,851,-291,-1122
IMU1,4643,45569193,-306,-29,1980,810,-218,-1092
IMU1,4644,45579211,-331,-20,1997,724,-62,-1054
IMU1,4645,45589030,-428,-38,2107,629,147,-1007
IMU1,4646,45598959,-518,-17,2180,569,287,-941
IMU1,4647,45608701,-561,3,2214,552,269,-860
IMU1,4648,45618145,-575,3,2237,555,139,-784
IMU1,4649,45627601,-597,-16,2271,568,-17,-720
IMU1,4650,45637229,-588,-14,2245,589,-159,-665
IMU1,4651,45647052,-547,-9,2164,594,-275,-620
IMU1,4652,45656694,-507,-5,2055,554,-325,-593
IMU1,4653,45666332,-515,-18,2005,456,-252,-584
IMU1,4654,45676165,-578,-34,2031,327,-79,-573
IMU1,4655,45685792,-630,-33,2052,210,114,-545
IMU1,4656,45695528,-681,-28,2066,126,237,-499
IMU1,4657,45705264,-740,-34,2126,76,285,-450
IMU1,4658,45714807,-787,-41,2175,65,281,-395
IMU1,4659,45724346,-821,-62,2174,89,224,-340
IMU1,4660,45733873,-829,-62,2130,120,116,-294
IMU1,4661,45743609,-811,-68,2075,139,-21,-258
IMU1,4662,45753242,-777,-73,2016,139,-136,-237
IMU1,4663,45763080,-753,-74,1951,116,-188,-230
IMU1,4664,45772911,-732,-86,1901,76,-176,-232
IMU1,4665,45782536,-737,-93,1884,25,-108,-233
IMU1,4666,45792168,-780,-97,1915,-18,-1,-231
IMU1,4667,45801502,-830,-102,1930,-28,103,-220
IMU1,4668,45811327,-851,-113,1917,-20,157,-194
IMU1,4669,45821162,-860,-117,1915,8,160,-163
IMU1,4670,45830705,-882,-123,1922,33,123,-134
IMU1,4671,45840435,-887,-122,1916,67,53,-106
IMU1,4672,45849969,-884,-120,1900,101,-41,-80
IMU1,4673,45859591,-872,-118,1858,127,-133,-62
IMU1,4674,45869432,-841,-119,1826,132,-188,-48
IMU1,4675,45879272,-821,-124,1777,113,-180,-45
IMU1,4676,45889080,-805,-120,1725,66,-118,-48
IMU1,4677,45898683,-806,-124,1699,-8,-6,-54
IMU1,4678,45907792,-831,-140,1722,-96,149,-60
IMU1,4679,45917416,-892,-146,1785,-169,311,-67
IMU1,4680,45927245,-960,-154,1852,-207,414,-62
IMU1,4681,45937055,-1006,-156,1893,-202,416,-44
IMU1,4682,45947069,-1045,-153,1917,-154,323,-20
IMU1,4683,45957095,-1056,-160,1915,-88,160,13
IMU1,4684,45966825,-1052,-162,1900,-12,-21,42
IMU1,4685,45976441,-1046,-160,1875,63,-176,72
IMU1,4686,45986168,-1031,-169,1852,120,-271,97
IMU1,4687,45996090,-1002,-163,1820,157,-289,110
IMU1,4688,46006218,-986,-156,1769,165,-244,112
IMU1,4689,46017179,-973,-152,1762,104,-52,80
IMU1,4690,46027227,-984,-149,1756,53,46,51
IMU1,4691,46036468,-1001,-136,1772,2,113,21
IMU1,4692,46046429,-1026,-140,1791,-41,133,-8
IMU1,4693,46056053,-1051,-140,1806,-69,118,-32
IMU1,4694,46065874,-1041,-138,1813,-80,80,-47
IMU1,4695,46075503,-1061,-160,1812,-76,34,-61
IMU1,4696,46085145,-1056,-149,1826,-59,-15,-66
IMU1,4697,46094839,-1038,-148,1812,-38,-48,-69
IMU1,4698,46104547,-1015,-143,1790,-24,-62,-70
IMU1,4699,46114259,-997,-145,1762,-16,-61,-75
IMU1,4700,46123771,-975,-144,1749,-18,-50,-81
IMU1,4701,46133282,-960,-133,1746,-27,-23,-88
IMU1,4702,46142785,-963,-142,1753,-36,23,-92
IMU1,4703,46154962,-976,-149,1765,-45,73,-90
IMU1,4704,46164384,-988,-142,1783,-46,112,-85
IMU1,4705,46174001,-990,-148,1799,-39,134,-78
IMU1,4706,46183631,-985,-146,1799,-26,138,-71
IMU1,4707,46193256,-987,-141,1796,-18,129,-70
IMU1,4708,46202882,-982,-144,1793,-15,119,-71
IMU1,4709,46212493,-979,-140,1790,-17,122,-76
IMU1,4710,46222108,-991,-141,1787,-26,140,-81
IMU1,4711,46231729,-993,-149,1782,-36,157,-82
IMU1,4712,46241361,-1005,-155,1787,-43,163,-79
IMU1,4713,46251173,-1015,-149,1792,-44,157,-74
IMU1,4714,46261007,-1015,-152,1804,-33,145,-69
IMU1,4715,46270833,-1002,-146,1804,-18,130,-63
IMU1,4716,46280660,-1000,-154,1804,-1,109,-61
IMU1,4717,46290284,-994,-161,1802,20,89,-64
IMU1,4718,46299601,-989,-162,1799,34,71,-69
IMU1,4719,46308930,-992,-159,1793,39,56,-77
IMU1,4720,46318273,-1005,-145,1802,44,36,-82
IMU1,4721,46327800,-1025,-140,1804,48,20,-79
IMU1,4722,46337330,-1044,-139,1806,54,4,-67
IMU1,4723,46346649,-1053,-131,1819,59,-17,-49
IMU1,4724,46356264,-1063,-119,1839,68,-34,-26
IMU1,4725,46365894,-1066,-128,1839,83,-44,-6
IMU1,4726,46375326,-1057,-119,1833,86,-62,16
IMU1,4727,46384858,-1050,-105,1830,82,-81,30
IMU1,4728,46394385,-1032,-110,1821,74,-94,42
IMU1,4729,46403924,-1023,-115,1819,57,-89,48
IMU1,4730,46413440,-1012,-114,1819,32,-65,50
IMU1,4731,46422958,-1000,-126,1820,10,-27,47
IMU1,4732,46432484,-989,-125,1812,-10,13,38
IMU1,4733,46441803,-987,-129,1815,-28,41,29
IMU1,4734,46451122,-973,-137,1816,-43,60,18
IMU1,4735,46460457,-983,-134,1815,-57,74,4
IMU1,4736,46469597,-978,-137,1819,-76,92,-3
IMU1,4737,46478830,-959,-134,1813,-91,131,-9
IMU1,4738,46488790,-958,-134,1817,-106,189,-16
IMU1,4739,46498627,-953,-136,1836,-120,253,-16
IMU1,4740,46508452,-931,-142,1851,-129,324,-17
IMU1,4741,46518283,-916,-133,1855,-133,391,-22
IMU1,4742,46528121,-895,-126,1860,-141,448,-30
IMU1,4743,46537941,-881,-149,1857,-153,485,-40
IMU1,4744,46547762,-867,-157,1855,-167,510,-47
IMU1,4745,46557587,-854,-171,1857,-187,528,-50
IMU1,4746,46567418,-833,-190,1858,-211,532,-47
IMU1,4747,46577245,-809,-207,1861,-240,516,-36
IMU1,4748,46587068,-772,-221,1873,-263,496,-24
IMU1,4749,46596903,-731,-227,1889,-276,476,-8
IMU1,4750,46606533,-689,-230,1901,-276,460,7
IMU1,4751,46616075,-651,-232,1918,-269,449,26
IMU1,4752,46625808,-606,-217,1934,-254,443,39
IMU1,4753,46635537,-551,-212,1949,-228,426,52
IMU1,4754,46645272,-510,-212,1951,-205,399,65
IMU1,4755,46655010,-474,-208,1945,-192,373,86
IMU1,4756,46664750,-439,-200,1946,-190,356,118
IMU1,4757,46674685,-397,-190,1940,-207,353,159
IMU1,4758,46684621,-346,-174,1931,-233,356,205
IMU1,4759,46694557,-276,-166,1937,-272,354,254
IMU1,4760,46704476,-200,-151,1964,-312,345,302
IMU1,4761,46714415,-121,-131,2016,-343,332,343
IMU1,4762,46724343,-50,-106,2092,-355,302,377
IMU1,4763,46734070,34,-50,2166,-347,262,405
IMU1,4764,46743508,128,24,2252,-323,228,427
IMU1,4765,46753046,254,111,2308,-285,203,437
IMU1,4766,46762785,366,206,2316,-260,175,432
IMU1,4767,46772529,450,279,2338,-272,141,428
IMU1,4768,46782275,509,348,2322,-329,87,447
IMU1,4769,46791821,552,436,2354,-439,-12,500
IMU1,4770,46801477,577,534,2481,-588,-158,595
IMU1,4771,46811330,667,629,2631,-736,-324,731
IMU1,4772,46821181,850,791,2756,-847,-481,889
IMU1,4773,46831029,1082,879,2797,-933,-541,1024
IMU1,4774,46841294,1202,1039,2793,-1020,-533,1127
IMU1,4775,46851948,1261,1211,2716,-1134,-522,1225
IMU1,4776,46862603,1167,1412,2324,-1277,-516,1497
IMU1,4777,46873254,1157,1383,2084,-1716,-663,1758
IMU1,4778,46883908,1022,1371,1889,-2011,-776,2079
IMU1,4779,46894551,638,1277,1816,-2291,-885,2499
IMU1,4780,46905016,-45,1237,1738,-2518,-1148,3082
IMU1,4781,46915565,-947,1145,1666,-2610,-1694,3854
IMU1,4782,46926302,-2039,1074,1652,-2492,-2370,4799
IMU1,4783,46937265,-3005,924,1498,-2118,-2915,5780
IMU1,4784,46948032,-3459,607,1132,-1537,-3139,6515
IMU1,4785,46958792,-2561,1138,137,-891,-2976,5944
IMU1,4786,46969346,-2833,801,463,-124,-332,4438
IMU1,4787,46979496,-3875,875,1278,22,1806,2726
IMU1,4788,46989657,-5001,1091,1947,213,3289,1341
IMU1,4789,47000212,-5742,1142,2462,455,3474,508
IMU1,4790,47010593,-5965,1099,2620,683,2480,149
IMU1,4791,47020956,-5734,1037,2535,798,901,94
IMU1,4792,47030946,-5169,1028,2299,792,-516,171
IMU1,4793,47041213,-4469,1145,2023,706,-1305,240
IMU1,4794,47051666,-3783,1277,1738,594,-1489,201
IMU1,4795,47062136,-3238,1372,1522,480,-1380,37
IMU1,4796,47072391,-2875,1409,1340,378,-1249,-191
IMU1,4797,47082944,-2649,1335,1181,267,-1194,-378
IMU1,4798,47093502,-2324,1039,865,128,-981,-398
IMU1,4799,47104188,-2188,871,730,-271,-710,-239
IMU1,4800,47114219,-2064,746,657,-511,-367,-45
IMU1,4801,47124050,-1993,643,672,-741,-27,137
IMU1,4802,47133776,-1975,544,768,-922,267,269
IMU1,4803,47143618,-1983,433,886,-1030,484,343
IMU1,4804,47156410,-1987,343,982,-1068,617,356
IMU1,4805,47166450,-1986,258,1055,-1036,667,320
IMU1,4806,47176683,-2033,193,1127,-965,644,247
IMU1,4807,47186711,-2040,134,1164,-866,605,158
IMU1,4808,47196744,-2077,76,1192,-767,593,63
IMU1,4809,47206396,-2154,30,1250,-683,612,-21
IMU1,4810,47216142,-2218,29,1305,-607,637,-83
# swing_peak_seq=4784
IMU1,4811,47225870,-2227,29,1324,-545,632,-124
IMU1,4812,47235802,-2230,22,1338,-501,596,-171
IMU1,4813,47245733,-2282,32,1404,-461,514,-219
IMU1,4814,47255662,-2282,31,1437,-418,394,-264
IMU1,4815,47265600,-2272,22,1434,-364,244,-311
IMU1,4816,47275523,-2223,35,1375,-302,85,-371
IMU1,4817,47286813,-2065,54,1375,-196,-114,-558
IMU1,4818,47296837,-2005,72,1394,-139,-138,-655
IMU1,4819,47306851,-1941,101,1426,-65,-138,-743
IMU1,4820,47316883,-1884,117,1460,28,-145,-818
IMU1,4821,47326800,-1864,121,1483,138,-171,-879
IMU1,4822,47336923,-1860,155,1523,251,-201,-919
IMU1,4823,47347060,-1820,144,1537,361,-224,-935
IMU1,4824,47357209,-1762,117,1532,458,-250,-938
IMU1,4825,47367348,-1721,114,1527,541,-289,-934
IMU1,4826,47377475,-1694,127,1545,609,-319,-926
IMU1,4827,47387606,-1663,126,1577,671,-301,-917
IMU1,4828,47397736,-1624,138,1604,722,-244,-908
IMU1,4829,47407855,-1563,141,1616,771,-175,-908
IMU1,4830,47417990,-1441,123,1566,806,-139,-937
IMU1,4831,47428117,-1378,122,1512,812,-174,-994
IMU1,4832,47438247,-1347,124,1515,793,-234,-1059
IMU1,4833,47448580,-1280,70,1537,761,-259,-1113
IMU1,4834,47459756,-1119,32,1519,699,-207,-1194
IMU1,4835,47469908,-1110,58,1530,655,-152,-1220
IMU1,4836,47480057,-1101,86,1553,621,-46,-1242
IMU1,4837,47489999,-1066,69,1581,583,98,-1258
IMU1,4838,47499846,-1053,57,1620,556,253,-1267
IMU1,4839,47509888,-1071,71,1654,552,382,-1258
IMU1,4840,47519944,-1045,53,1662,559,449,-1230
IMU1,4841,47529984,-1014,0,1669,589,425,-1192
IMU1,4842,47539714,-951,-64,1659,627,314,-1145
IMU1,4843,47549650,-890,-102,1634,657,149,-1096
IMU1,4844,47559770,-857,-95,1628,678,12,-1052
IMU1,4845,47569490,-829,-101,1614,691,-36,-1014
IMU1,4846,47579504,-785,-116,1590,691,9,-988
IMU1,4847,47589053,-777,-87,1604,680,112,-978
IMU1,4848,47598783,-752,-67,1667,675,235,-990
IMU1,4849,47608521,-672,-77,1702,691,322,-1033
IMU1,4850,47618448,-598,-75,1720,721,333,-1107
IMU1,4851,47628375,-538,-79,1743,745,287,-1207
IMU1,4852,47638311,-485,-93,1740,748,219,-1316
IMU1,4853,47648245,-461,-62,1726,728,156,-1419
IMU1,4854,47658166,-470,-17,1724,685,138,-1499
IMU1,4855,47668095,-481,-8,1740,624,204,-1549
IMU1,4856,47677825,-506,-4,1770,568,347,-1571
IMU1,4857,47687561,-529,9,1825,519,510,-1566
IMU1,4858,47697208,-557,19,1874,495,622,-1546
IMU1,4859,47707053,-540,0,1912,495,640,-1524
IMU1,4860,47716600,-496,-34,1948,516,573,-1509
IMU1,4861,47726544,-509,-42,1993,556,448,-1499
IMU1,4862,47736481,-564,-65,2039,611,288,-1477
IMU1,4863,47746415,-547,-68,2022,679,103,-1424
IMU1,4864,47756344,-532,-52,2002,742,-48,-1361
IMU1,4865,47767737,-596,-23,2008,813,-180,-1223
IMU1,4866,47777765,-577,-5,2010,835,-188,-1163
IMU1,4867,47787590,-552,-5,2017,842,-166,-1113
IMU1,4868,47797426,-508,-25,2020,830,-118,-1076
IMU1,4869,47807464,-497,-42,2025,806,-54,-1057
IMU1,4870,47817295,-524,-33,2033,776,7,-1052
IMU1,4871,47826844,-553,-38,2043,745,54,-1047
IMU1,4872,47836587,-582,-45,2059,714,91,-1035
IMU1,4873,47846341,-629,-46,2100,683,125,-1010
IMU1,4874,47856281,-676,-42,2133,660,145,-974
IMU1,4875,47866015,-700,-40,2136,645,138,-938
IMU1,4876,47875755,-728,-60,2131,631,91,-898
IMU1,4877,47885303,-757,-70,2130,610,17,-858
IMU1,4878,47894846,-770,-72,2107,583,-60,-813
IMU1,4879,47904488,-766,-82,2067,541,-127,-767
IMU1,4880,47914317,-747,-88,2007,490,-178,-721
IMU1,4881,47924148,-738,-98,1973,430,-205,-679
IMU1,4882,47933970,-740,-113,1940,373,-205,-633
IMU1,4883,47944005,-762,-140,1930,326,-168,-586
IMU1,4884,47954015,-758,-155,1897,287,-113,-535
IMU1,4885,47964049,-741,-187,1863,253,-52,-494
IMU1,4886,47973882,-760,-215,1860,224,10,-471
IMU1,4887,47983627,-777,-216,1879,203,71,-460
IMU1,4888,47993378,-789,-213,1870,200,117,-457
IMU1,4889,48003330,-809,-211,1860,204,120,-460
IMU1,4890,48013240,-822,-224,1863,212,88,-463
IMU1,4891,48022952,-840,-250,1856,218,64,-461
IMU1,4892,48032680,-876,-249,1863,222,60,-448
IMU1,4893,48042393,-904,-245,1871,226,62,-417
IMU1,4894,48052119,-930,-246,1885,239,50,-376
IMU1,4895,48061845,-935,-232,1900,261,17,-329
IMU1,4896,48071576,-911,-223,1888,284,-21,-285
IMU1,4897,48081406,-894,-227,1862,293,-55,-256
IMU1,4898,48091228,-891,-225,1850,285,-79,-233
IMU1,4899,48101047,-896,-228,1844,257,-80,-209
IMU1,4900,48110866,-927,-223,1847,219,-55,-184
IMU1,4901,48120693,-949,-222,1852,182,-25,-151
IMU1,4902,48130524,-952,-231,1842,149,-1,-115
IMU1,4903,48140147,-946,-239,1832,115,8,-85
IMU1,4904,48149484,-939,-240,1822,85,7,-58
IMU1,4905,48161368,-888,-253,1803,52,-17,-57
IMU1,4906,48171299,-880,-256,1792,42,-19,-74
IMU1,4907,48181233,-888,-264,1783,38,-5,-83
IMU1,4908,48190967,-903,-275,1781,30,16,-78
IMU1,4909,48200298,-922,-274,1780,14,40,-63
IMU1,4910,48210141,-901,-268,1790,19,62,-51
IMU1,4911,48219468,-888,-258,1806,25,78,-34
IMU1,4912,48229321,-903,-245,1808,30,89,-18
IMU1,4913,48238654,-937,-235,1812,38,102,-1
IMU1,4914,48248515,-984,-229,1815,34,99,28
IMU1,4915,48258273,-1017,-229,1827,19,96,68
IMU1,4916,48267703,-1038,-214,1823,11,92,102
IMU1,4917,48277338,-1034,-205,1804,-13,77,133
IMU1,4918,48287072,-1032,-203,1781,-43,72,137
IMU1,4919,48296806,-1021,-204,1760,-79,71,132
IMU1,4920,48306534,-1012,-210,1739,-123,94,114
IMU1,4921,48316475,-1009,-215,1723,-163,138,83
IMU1,4922,48326409,-1009,-222,1717,-194,192,49
IMU1,4923,48336328,-1027,-236,1731,-218,242,17
IMU1,4924,48346239,-1065,-232,1757,-218,272,-12
IMU1,4925,48356265,-1097,-242,1804,-194,285,-22
IMU1,4926,48366281,-1115,-249,1823,-140,270,-17
IMU1,4927,48376307,-1125,-245,1840,-66,200,8
IMU1,4928,48385838,-1112,-246,1839,18,85,45
IMU1,4929,48395269,-1084,-247,1824,99,-58,89
IMU1,4930,48404794,-1038,-241,1787,168,-191,134
IMU1,4931,48414918,-965,-234,1731,214,-272,168
IMU1,4932,48424843,-884,-217,1670,228,-288,188
IMU1,4933,48434765,-778,-198,1639,210,-222,189
IMU1,4934,48444704,-698,-180,1624,165,-47,160
IMU1,4935,48454426,-659,-168,1646,99,202,116
IMU1,4936,48464046,-660,-170,1699,19,451,67
IMU1,4937,48473468,-669,-168,1760,-62,647,21
IMU1,4938,48483002,-697,-156,1815,-143,759,-19
IMU1,4939,48492840,-746,-142,1870,-217,774,-38
IMU1,4940,48502673,-789,-143,1930,-276,711,-32
IMU1,4941,48512508,-832,-141,1992,-309,595,10
IMU1,4942,48522240,-848,-137,2048,-306,461,95
IMU1,4943,48531964,-829,-129,2085,-267,336,214
IMU1,4944,48541893,-782,-111,2106,-206,234,346
IMU1,4945,48551828,-697,-91,2114,-130,151,469
IMU1,4946,48561569,-591,-57,2093,-49,96,565
IMU1,4947,48570910,-463,-14,2068,9,77,624
IMU1,4948,48579959,-362,32,2054,40,94,641
IMU1,4949,48589097,-272,73,2039,32,136,631
IMU1,4950,48598447,-228,129,2039,-4,190,604
IMU1,4951,48607889,-215,163,2035,-67,234,577
IMU1,4952,48617541,-205,202,2048,-146,255,569
IMU1,4953,48627386,-182,231,2074,-232,256,590
IMU1,4954,48637236,-166,247,2131,-314,239,638
IMU1,4955,48647102,-141,277,2174,-372,209,715
IMU1,4956,48656940,-106,312,2201,-416,165,808
IMU1,4957,48666769,-74,365,2247,-454,105,909
IMU1,4958,48676400,-10,398,2281,-474,36,1010
IMU1,4959,48686037,40,418,2308,-479,-38,1104
IMU1,4960,48695688,85,473,2352,-483,-108,1186
IMU1,4961,48705523,158,543,2383,-474,-150,1254
IMU1,4962,48715571,228,598,2421,-477,-150,1309
IMU1,4963,48725617,275,684,2481,-503,-123,1364
IMU1,4964,48735647,328,744,2554,-542,-90,1424
IMU1,4965,48745506,327,780,2607,-591,-90,1497
IMU1,4966,48755344,202,829,2614,-648,-144,1604
IMU1,4967,48765358,12,869,2603,-707,-246,1759
IMU1,4968,48775200,-180,880,2581,-764,-403,1984
IMU1,4969,48785319,-339,897,2364,-836,-606,2280
IMU1,4970,48796499,-756,947,2296,-1050,-1041,3026
IMU1,4971,48807046,-1081,921,2240,-1151,-1187,3459
IMU1,4972,48817779,-1373,892,2102,-1205,-1352,3877
IMU1,4973,48828518,-1634,814,1875,-1201,-1551,4241
IMU1,4974,48839253,-1895,733,1620,-1155,-1699,4526
IMU1,4975,48849990,-2083,643,1410,-1077,-1692,4713
IMU1,4976,48860719,-2175,625,1295,-965,-1479,4749
IMU1,4977,48871268,-2197,771,1229,-833,-1019,4555
IMU1,4978,48881816,-2472,850,1065,-734,-253,4070
IMU1,4979,48892680,-2830,771,1093,-794,1342,2508
IMU1,4980,48903144,-3164,777,1161,-895,1597,1692
IMU1,4981,48913604,-3385,776,1158,-984,1420,987
IMU1,4982,48923849,-3464,747,1134,-1067,1063,453
IMU1,4983,48934294,-3450,758,1096,-1154,775,83
IMU1,4984,48944359,-3392,796,1088,-1213,594,-152
IMU1,4985,48954716,-3336,855,1125,-1223,468,-275
IMU1,4986,48965065,-3302,931,1207,-1150,354,-313
IMU1,4987,48975412,-3276,999,1295,-989,230,-287
IMU1,4988,48985546,-3201,1008,1319,-747,89,-220
IMU1,4989,48995685,-3119,1000,1317,-469,-82,-133
IMU1,4990,49005919,-3035,1008,1317,-183,-287,-38
IMU1,4991,49016160,-2864,1019,1102,91,-515,47
IMU1,4992,49027572,-2556,924,970,419,-901,119
IMU1,4993,49037431,-2440,878,869,446,-981,139
IMU1,4994,49047285,-2330,847,781,391,-970,158
IMU1,4995,49057144,-2237,813,745,275,-869,171
IMU1,4996,49066997,-2151,782,743,125,-698,171
IMU1,4997,49076856,-2070,761,774,-35,-480,149
IMU1,4998,49086600,-2014,713,836,-189,-262,106
IMU1,4999,49096544,-1959,656,900,-304,-81,28
IMU1,5000,49106091,-1910,618,960,-393,41,-82
IMU1,5001,49115644,-1900,581,1037,-445,128,-198
# swing_peak_seq=4975
IMU1,5002,49125798,-1906,551,1105,-456,204,-293
IMU1,5003,49135960,-1898,505,1158,-444,291,-368
IMU1,5004,49146126,-1911,476,1210,-417,368,-418
IMU1,5005,49156288,-1935,452,1270,-379,420,-447
IMU1,5006,49169160,-1981,446,1350,-324,423,-454
IMU1,5007,49179278,-1994,451,1438,-246,388,-450
IMU1,5008,49189405,-1961,387,1502,-153,333,-452
IMU1,5009,49200577,-1874,371,1516,46,116,-484
IMU1,5010,49210409,-1821,356,1516,141,-47,-497
IMU1,5011,49220333,-1750,355,1507,236,-166,-534
IMU1,5012,49230465,-1687,369,1503,318,-213,-576
IMU1,5013,49240596,-1608,382,1499,382,-214,-613
IMU1,5014,49250725,-1516,360,1484,433,-178,-671
IMU1,5015,49260856,-1446,345,1470,458,-148,-739
IMU1,5016,49270978,-1389,342,1471,468,-122,-819
IMU1,5017,49281111,-1299,301,1479,461,-75,-902
IMU1,5018,49291038,-1205,257,1484,446,13,-996
IMU1,5019,49300871,-1138,259,1496,419,128,-1093
IMU1,5020,49311100,-1108,255,1534,385,246,-1187
IMU1,5021,49321348,-1123,262,1607,366,337,-1269
IMU1,5022,49331572,-1125,298,1659,373,378,-1322
IMU1,5023,49341800,-1109,302,1696,393,375,-1354
IMU1,5024,49352045,-1075,271,1724,408,326,-1359
IMU1,5025,49362274,-1020,247,1778,419,251,-1332
IMU1,5026,49373535,-903,147,1793,463,184,-1238
IMU1,5027,49383577,-868,124,1812,481,231,-1175
IMU1,5028,49393617,-864,124,1848,496,324,-1109
IMU1,5029,49403651,-879,118,1905,528,431,-1048
IMU1,5030,49413697,-882,122,1943,576,502,-1006
IMU1,5031,49423729,-888,136,1963,635,501,-979
IMU1,5032,49433575,-873,136,1987,688,443,-978
IMU1,5033,49443434,-870,102,2007,739,344,-986
IMU1,5034,49453273,-859,55,2035,783,215,-1003
IMU1,5035,49463122,-769,16,2037,815,77,-1024
IMU1,5036,49472765,-654,-22,1993,818,-35,-1061
IMU1,5037,49482592,-602,1,1929,775,-113,-1114
IMU1,5038,49492332,-592,18,1931,695,-151,-1164
IMU1,5039,49502272,-585,-5,1959,618,-148,-1200
IMU1,5040,49512118,-612,-20,1983,551,-101,-1217
IMU1,5041,49522154,-669,3,2035,504,-29,-1212
IMU1,5042,49531691,-713,8,2092,489,30,-1188
IMU1,5043,49541139,-723,15,2133,505,35,-1160
IMU1,5044,49550778,-674,-8,2161,538,-9,-1141
IMU1,5045,49560225,-600,-35,2179,576,-84,-1140
IMU1,5046,49570074,-549,-44,2185,617,-174,-1160
IMU1,5047,49580109,-506,-60,2148,655,-263,-1195
IMU1,5048,49590150,-476,-68,2107,672,-333,-1232
IMU1,5049,49600195,-513,-56,2089,674,-373,-1257
IMU1,5050,49610215,-571,-21,2077,667,-387,-1257
IMU1,5051,49620254,-591,-2,2069,662,-398,-1230
IMU1,5052,49630093,-588,-1,2053,659,-415,-1190
IMU1,5053,49639932,-586,2,2006,641,-428,-1145
IMU1,5054,49649671,-573,14,1967,608,-437,-1100
IMU1,5055,49659610,-546,-2,1923,559,-452,-1063
IMU1,5056,49669448,-509,-46,1876,497,-465,-1035
IMU1,5057,49679468,-483,-73,1834,431,-461,-1016
IMU1,5058,49689498,-480,-97,1810,370,-448,-1000
IMU1,5059,49700566,-497,-109,1807,297,-433,-967
IMU1,5060,49710588,-505,-100,1821,303,-407,-945
IMU1,5061,49720623,-513,-103,1835,313,-344,-919
IMU1,5062,49730666,-531,-117,1824,331,-259,-899
IMU1,5063,49740692,-561,-127,1826,340,-181,-885
IMU1,5064,49750727,-573,-122,1850,345,-123,-872
IMU1,5065,49760763,-594,-115,1885,349,-88,-857
IMU1,5066,49770597,-622,-117,1907,360,-74,-840
IMU1,5067,49780434,-647,-110,1936,374,-79,-815
IMU1,5068,49790265,-690,-111,1980,391,-90,-780
IMU1,5069,49800113,-725,-97,2029,412,-96,-734
IMU1,5070,49809746,-763,-71,2048,439,-103,-682
IMU1,5071,49819571,-783,-50,2049,451,-122,-625
IMU1,5072,49829404,-773,-42,2028,442,-123,-575
IMU1,5073,49839233,-766,-46,1993,405,-93,-536
IMU1,5074,49848873,-757,-49,1969,338,-48,-509
IMU1,5075,49858499,-749,-58,1959,253,-1,-494
IMU1,5076,49867935,-745,-62,1947,166,37,-483
IMU1,5077,49877476,-753,-63,1956,91,68,-475
IMU1,5078,49886826,-765,-53,1976,48,95,-470
IMU1,5079,49896171,-790,-49,1993,29,97,-453
IMU1,5080,49905511,-821,-77,1989,34,65,-432
IMU1,5081,49914862,-847,-93,1983,50,9,-400
IMU1,5082,49924011,-851,-99,1978,75,-41,-363
IMU1,5083,49933429,-825,-106,1954,94,-78,-322
IMU1,5084,49943052,-813,-104,1911,104,-107,-287
IMU1,5085,49953074,-783,-104,1882,104,-120,-263
IMU1,5086,49963100,-755,-112,1857,93,-102,-257
IMU1,5087,49972938,-760,-121,1833,70,-59,-261
IMU1,5088,49982559,-784,-134,1834,41,-10,-267
IMU1,5089,49992189,-795,-140,1840,16,29,-266
IMU1,5090,50001713,-816,-141,1852,4,49,-260
IMU1,5091,50011044,-842,-138,1869,6,47,-250
IMU1,5092,50020377,-853,-126,1874,18,25,-235
IMU1,5093,50029912,-847,-117,1874,39,-10,-218
IMU1,5094,50039548,-839,-105,1868,59,-39,-204
IMU1,5095,50049182,-843,-111,1862,71,-62,-194
IMU1,5096,50058813,-848,-102,1857,74,-73,-177
IMU1,5097,50068441,-850,-98,1847,69,-61,-162
IMU1,5098,50077873,-851,-104,1839,53,-40,-149
IMU1,5099,50087507,-853,-97,1835,30,-21,-132
IMU1,5100,50096943,-852,-94,1832,9,-4,-120
IMU1,5101,50105979,-851,-96,1826,-14,7,-107
IMU1,5102,50115214,-846,-101,1832,-36,22,-92
IMU1,5103,50124642,-848,-99,1840,-51,49,-81
IMU1,5104,50133883,-862,-110,1842,-56,63,-69
IMU1,5105,50143326,-875,-116,1848,-56,56,-54
IMU1,5106,50152772,-873,-116,1847,-49,43,-40
IMU1,5107,50162211,-870,-123,1844,-45,35,-25
IMU1,5108,50174407,-868,-134,1833,-40,32,-17
IMU1,5109,50183850,-864,-143,1836,-47,38,-13
IMU1,5110,50193278,-869,-142,1842,-47,47,-10
IMU1,5111,50202712,-876,-148,1848,-45,50,-2
IMU1,5112,50211951,-896,-146,1863,-36,48,4
IMU1,5113,50221097,-926,-150,1881,-14,31,20
IMU1,5114,50230441,-943,-159,1890,9,2,46
IMU1,5115,50239293,-938,-167,1889,43,-39,71
IMU1,5116,50248646,-930,-156,1868,67,-89,91
IMU1,5117,50257984,-910,-151,1842,83,-131,102
IMU1,5118,50267718,-888,-150,1824,79,-148,107
IMU1,5119,50277466,-874,-150,1796,58,-121,99
IMU1,5120,50287018,-868,-154,1795,28,-76,88
IMU1,5121,50296875,-875,-147,1785,-9,-18,69
IMU1,5122,50306106,-898,-148,1812,-40,30,57
IMU1,5123,50315950,-926,-152,1834,-47,65,45
IMU1,5124,50325292,-953,-154,1854,-50,61,49
IMU1,5125,50335147,-973,-151,1865,-42,31,55
IMU1,5126,50345006,-967,-144,1863,-38,-14,68
IMU1,5127,50354424,-973,-140,1869,-34,-66,87
IMU1,5128,50363856,-972,-140,1865,-33,-99,99
IMU1,5129,50373809,-965,-141,1850,-33,-112,110
IMU1,5130,50383638,-953,-149,1841,-45,-117,119
IMU1,5131,50393467,-950,-155,1828,-63,-114,122
IMU1,5132,50403308,-948,-169,1822,-83,-103,125
IMU1,5133,50413122,-948,-179,1824,-104,-82,123
IMU1,5134,50422939,-963,-182,1829,-122,-58,125
IMU1,5135,50432758,-973,-181,1827,-136,-37,130
IMU1,5136,50442574,-969,-181,1831,-147,-22,131
IMU1,5137,50452387,-968,-181,1836,-153,-10,127
IMU1,5138,50462216,-976,-184,1841,-151,3,117
IMU1,5139,50471757,-977,-191,1838,-140,9,106
IMU1,5140,50481291,-978,-189,1837,-122,6,95
IMU1,5141,50490618,-980,-186,1846,-103,-3,84
IMU1,5142,50500036,-996,-175,1852,-76,-17,71
IMU1,5143,50509462,-1010,-181,1853,-54,-43,65
IMU1,5144,50519079,-1012,-177,1855,-34,-78,62
IMU1,5145,50528709,-1011,-171,1856,-16,-107,56
IMU1,5146,50538530,-989,-165,1845,-5,-129,44
IMU1,5147,50547956,-973,-156,1844,2,-149,30
IMU1,5148,50557295,-957,-149,1848,6,-158,15
IMU1,5149,50566643,-948,-143,1840,5,-156,2
IMU1,5150,50575772,-949,-137,1837,-2,-145,-6
IMU1,5151,50585107,-949,-134,1835,-16,-131,-10
IMU1,5152,50594846,-964,-134,1843,-34,-113,-12
IMU1,5153,50604564,-973,-142,1855,-48,-95,-8
IMU1,5154,50613892,-963,-151,1862,-57,-79,-2
IMU1,5155,50623745,-942,-162,1850,-58,-74,2
IMU1,5156,50633515,-922,-167,1834,-57,-79,-6
IMU1,5157,50642855,-907,-165,1826,-58,-102,-12
IMU1,5158,50652575,-884,-166,1834,-44,-113,-28
IMU1,5159,50662294,-874,-169,1824,-35,-111,-43
IMU1,5160,50672029,-878,-184,1831,-27,-103,-50
IMU1,5161,50681749,-885,-181,1839,-14,-94,-49
IMU1,5162,50691274,-873,-184,1849,0,-80,-39
IMU1,5163,50700396,-861,-176,1853,17,-70,-31
IMU1,5164,50710353,-857,-161,1862,37,-74,-26
IMU1,5165,50719791,-847,-144,1865,58,-96,-28
IMU1,5166,50729231,-841,-137,1850,79,-140,-29
IMU1,5167,50738857,-845,-124,1855,95,-199,-24
IMU1,5168,50748493,-876,-120,1855,105,-250,-11
IMU1,5169,50758324,-883,-136,1852,105,-282,18
IMU1,5170,50768064,-896,-142,1846,104,-284,47
IMU1,5171,50777792,-915,-130,1832,92,-264,84
