# label=FC
IMU1,2253,22390517,-740,-859,-1685,49,-62,31
IMU1,2254,22399937,-742,-848,-1686,47,-77,28
IMU1,2255,22409374,-746,-840,-1683,43,-89,23
IMU1,2256,22419293,-760,-836,-1686,44,-93,26
IMU1,2257,22428694,-771,-830,-1688,40,-78,28
IMU1,2258,22438623,-782,-826,-1684,41,-60,34
IMU1,2259,22448027,-790,-831,-1675,42,-46,53
IMU1,2260,22457428,-796,-835,-1677,56,-24,57
IMU1,2261,22467368,-797,-841,-1682,69,-16,65
IMU1,2262,22476771,-797,-862,-1684,84,-11,69
IMU1,2263,22486719,-805,-872,-1656,108,-19,62
IMU1,2264,22496332,-801,-877,-1665,149,-39,47
IMU1,2265,22505935,-795,-880,-1656,184,-72,33
IMU1,2266,22515554,-775,-871,-1667,211,-88,13
IMU1,2267,22525175,-780,-875,-1669,237,-91,-7
IMU1,2268,22534705,-782,-882,-1661,256,-87,-21
IMU1,2269,22544400,-765,-880,-1654,271,-71,-27
IMU1,2270,22554094,-774,-875,-1657,282,-55,-25
IMU1,2271,22563796,-779,-884,-1651,286,-51,-11
IMU1,2272,22573504,-765,-895,-1646,288,-55,7
IMU1,2273,22582917,-759,-911,-1642,283,-57,30
IMU1,2274,22592534,-754,-936,-1648,273,-43,51
IMU1,2275,22602145,-744,-957,-1646,262,-25,67
IMU1,2276,22611763,-746,-970,-1641,249,-12,74
IMU1,2277,22621367,-742,-986,-1641,238,-21,75
IMU1,2278,22630980,-737,-979,-1641,230,-35,63
IMU1,2279,22640587,-741,-983,-1632,224,-52,46
IMU1,2280,22650198,-749,-991,-1638,225,-68,29
IMU1,2281,22659816,-755,-989,-1638,224,-85,17
IMU1,2282,22669427,-744,-988,-1627,219,-94,10
IMU1,2283,22679038,-755,-994,-1608,213,-97,10
IMU1,2284,22688663,-762,-993,-1597,214,-99,13
IMU1,2285,22698280,-763,-995,-1595,214,-96,23
IMU1,2286,22707899,-756,-998,-1593,212,-85,29
IMU1,2287,22717523,-740,-994,-1593,205,-60,26
IMU1,2288,22727152,-731,-998,-1599,189,-27,19
IMU1,2289,22736778,-735,-1023,-1604,169,4,8
IMU1,2290,22746086,-733,-1038,-1608,153,25,0
IMU1,2291,22756018,-729,-1051,-1626,134,28,-7
IMU1,2292,22765625,-735,-1066,-1582,122,25,-13
IMU1,2293,22775443,-727,-1067,-1595,136,25,-33
IMU1,2294,22785264,-741,-1046,-1599,150,-7,-52
IMU1,2295,22794980,-733,-1046,-1627,162,-67,-72
IMU1,2296,22804883,-705,-1052,-1628,175,-118,-95
IMU1,2297,22814976,-707,-1069,-1589,191,-118,-118
IMU1,2298,22825290,-731,-1066,-1614,223,-101,-139
IMU1,2299,22835590,-741,-1065,-1581,249,-80,-148
IMU1,2300,22845701,-742,-1063,-1572,278,-37,-150
IMU1,2301,22855825,-762,-1064,-1552,302,27,-140
IMU1,2302,22865851,-762,-1080,-1569,321,112,-123
IMU1,2303,22876073,-778,-1096,-1616,333,186,-113
IMU1,2304,22886302,-737,-1094,-1609,330,265,-116
IMU1,2305,22896530,-735,-1082,-1617,330,348,-142
IMU1,2306,22906752,-701,-1172,-1589,336,416,-189
IMU1,2307,22916992,-746,-1160,-1564,354,448,-242
IMU1,2308,22927226,-725,-1147,-1565,377,432,-283
IMU1,2309,22938504,-852,-1074,-1535,440,338,-332
IMU1,2310,22948711,-752,-1114,-1498,458,284,-341
IMU1,2311,22958937,-713,-1131,-1494,493,246,-371
IMU1,2312,22969160,-639,-1152,-1486,523,229,-413
IMU1,2313,22979384,-661,-1284,-1612,534,229,-456
IMU1,2314,22989585,-518,-1113,-1583,514,295,-514
IMU1,2315,22999821,-618,-1113,-1594,483,242,-565
IMU1,2316,23010057,-735,-1216,-1605,441,153,-559
IMU1,2317,23020281,-708,-1150,-1538,412,53,-508
IMU1,2318,23030311,-623,-1281,-1530,403,-66,-434
IMU1,2319,23040439,-558,-1379,-1419,418,-107,-364
IMU1,2320,23050730,-703,-1293,-1391,467,-63,-274
IMU1,2321,23060831,-663,-1144,-1510,511,12,-166
IMU1,2322,23070831,-588,-1152,-1541,521,27,-103
IMU1,2323,23080846,-596,-1157,-1518,515,0,-86
IMU1,2324,23090372,-601,-1155,-1482,509,-28,-80
IMU1,2325,23100293,-574,-1161,-1528,506,-48,-75
IMU1,2326,23112973,-569,-1203,-1547,483,-85,-85
IMU1,2327,23122874,-547,-1251,-1496,481,-114,-76
IMU1,2328,23132989,-616,-1274,-1461,506,-122,-54
IMU1,2329,23143104,-597,-1288,-1479,549,-117,-13
IMU1,2330,23153207,-672,-1322,-1477,604,-115,31
IMU1,2331,23163223,-642,-1305,-1526,660,-113,85
IMU1,2332,23173227,-661,-1318,-1439,713,-119,125
IMU1,2333,23183442,-677,-1330,-1422,789,-117,160
IMU1,2334,23193655,-610,-1351,-1595,869,-111,188
IMU1,2335,23203873,-648,-1341,-1526,922,-156,194
IMU1,2336,23214080,-526,-1366,-1529,982,-218,197
IMU1,2337,23224287,-654,-1345,-1494,1050,-240,192
IMU1,2338,23234704,-683,-1363,-1551,1113,-255,204
IMU1,2339,23245123,-687,-1338,-1676,1153,-284,225
IMU1,2340,23256049,-715,-1355,-1633,1170,-278,229
IMU1,2341,23266470,-689,-1395,-1576,1168,-211,231
IMU1,2342,23276891,-748,-1418,-1502,1171,-128,234
IMU1,2343,23287310,-762,-1371,-1435,1188,-25,245
IMU1,2344,23297534,-722,-1431,-1458,1215,70,246
IMU1,2345,23307656,-897,-1455,-1437,1233,161,248
IMU1,2346,23317976,-795,-1464,-1457,1244,222,268
IMU1,2347,23328309,-746,-1529,-1382,1251,267,273
IMU1,2348,23338637,-880,-1481,-1349,1265,338,284
IMU1,2349,23348967,-761,-1491,-1379,1283,407,303
IMU1,2350,23359278,-719,-1548,-1318,1289,471,306
IMU1,2351,23369619,-832,-1547,-1317,1300,551,316
IMU1,2352,23380983,-847,-1587,-1277,1310,684,383
IMU1,2353,23391313,-790,-1581,-1239,1319,757,421
IMU1,2354,23401666,-853,-1634,-1174,1338,860,458
IMU1,2355,23411988,-965,-1677,-1181,1361,957,505
IMU1,2356,23422326,-1123,-1663,-1026,1386,1042,570
IMU1,2357,23433061,-998,-1785,-1115,1447,1150,662
IMU1,2358,23443593,-906,-2012,-1147,1507,1199,729
IMU1,2359,23454135,-1027,-2121,-1076,1555,1152,789
IMU1,2360,23464879,-1300,-2019,-1193,1613,1116,892
IMU1,2361,23475612,-1389,-2014,-1012,1643,1079,1022
IMU1,2362,23486530,-1279,-2129,-1047,1753,921,1241
IMU1,2363,23497277,-1001,-2325,-928,1823,856,1258
IMU1,2364,23507822,-1077,-2370,-826,1908,863,1210
IMU1,2365,23518376,-1445,-2212,-942,1986,873,1161
IMU1,2366,23528934,-1485,-1989,-918,2035,826,1132
IMU1,2367,23539476,-1103,-2187,-933,2063,730,1035
IMU1,2368,23550027,-1060,-2371,-855,2077,665,849
IMU1,2369,23560382,-976,-2345,-859,2080,620,618
IMU1,2370,23570517,-1030,-2237,-834,2058,559,332
IMU1,2371,23580867,-1212,-2219,-710,2018,499,29
IMU1,2372,23591002,-1064,-2204,-637,1967,467,-271
IMU1,2373,23601966,-1163,-2188,-575,1807,585,-857
IMU1,2374,23612391,-1207,-2148,-497,1705,695,-1081
IMU1,2375,23623016,-1191,-2092,-410,1593,814,-1248
IMU1,2376,23633651,-1134,-2034,-357,1486,928,-1371
IMU1,2377,23644279,-1079,-1985,-284,1377,1013,-1467
IMU1,2378,23655097,-1001,-1939,-177,1275,1059,-1543
IMU1,2379,23665915,-900,-1896,-74,1200,1067,-1612
IMU1,2380,23676348,-765,-1924,-32,1152,1040,-1686
IMU1,2381,23686769,-853,-1786,39,1120,1022,-1752
IMU1,2382,23697085,-637,-1759,36,1106,1043,-1840
IMU1,2383,23707935,-512,-1670,64,1067,1176,-1903
IMU1,2384,23718275,-409,-1534,127,1042,1245,-1982
IMU1,2385,23728805,-311,-1442,120,1023,1258,-2074
IMU1,2386,23739330,-252,-1377,108,996,1208,-2163
IMU1,2387,23749661,-226,-1425,136,951,1139,-2231
IMU1,2388,23760009,-156,-1430,181,904,1089,-2265
IMU1,2389,23770317,-191,-1385,244,863,1064,-2266
IMU1,2390,23780637,-165,-1302,332,836,1060,-2225
IMU1,2391,23790963,-45,-1261,304,827,1063,-2150
IMU1,2392,23801102,99,-1213,408,827,1094,-2066
IMU1,2393,23811140,99,-1204,459,852,1093,-1975
IMU1,2394,23821178,66,-1234,407,885,1042,-1845
IMU1,2395,23831205,61,-1247,402,919,960,-1681
IMU1,2396,23842597,204,-1234,278,965,775,-1298
IMU1,2397,23852623,166,-1201,356,970,722,-1109
IMU1,2398,23862663,190,-1178,468,989,704,-909
IMU1,2399,23872503,183,-1101,514,1023,749,-716
IMU1,2400,23882541,201,-1049,442,1060,836,-531
IMU1,2401,23892561,257,-1019,428,1064,909,-366
IMU1,2402,23902582,295,-1009,371,1043,929,-217
IMU1,2403,23912614,168,-1054,383,1000,914,-79
IMU1,2404,23922448,117,-1128,390,957,894,70
IMU1,2405,23931986,112,-1165,487,910,870,226
IMU1,2406,23941730,-4,-1244,654,893,858,375
IMU1,2407,23951163,49,-1309,763,920,843,524
IMU1,2408,23960708,100,-1343,838,968,788,643
IMU1,2409,23970449,146,-1378,892,1031,690,724
IMU1,2410,23980382,137,-1408,896,1093,591,772
IMU1,2411,23990335,159,-1439,865,1144,520,809
IMU1,2412,24000286,105,-1506,827,1167,474,844
IMU1,2413,24010205,56,-1554,750,1166,429,882
IMU1,2414,24019944,80,-1612,671,1134,379,918
IMU1,2415,24029673,65,-1697,648,1072,346,952
IMU1,2416,24039404,42,-1763,623,998,342,984
IMU1,2417,24048936,18,-1811,684,917,372,1018
IMU1,2418,24058667,-18,-1837,789,855,417,1051
IMU1,2419,24068504,-14,-1894,885,815,457,1078
IMU1,2420,24078322,36,-1873,936,794,467,1093
IMU1,2421,24088070,-114,-1954,940,784,431,1089
IMU1,2422,24098097,-176,-2066,936,759,343,1092
IMU1,2423,24108121,-96,-2044,950,722,227,1088
IMU1,2424,24120509,-36,-2032,924,682,132,971
IMU1,2425,24131174,-47,-2046,900,563,148,894
IMU1,2426,24140807,-70,-2033,879,477,186,824
IMU1,2427,24150427,-164,-2047,923,397,256,755
IMU1,2428,24160259,-338,-2113,1055,337,341,720
IMU1,2429,24170283,-441,-2126,1192,317,424,720
IMU1,2430,24180310,-403,-2135,1270,340,488,722
IMU1,2431,24190342,-336,-2155,1300,368,505,703
IMU1,2432,24200384,-325,-2137,1290,384,468,649
IMU1,2433,24210402,-353,-2127,1270,384,376,582
IMU1,2434,24220439,-389,-2139,1225,366,258,513
IMU1,2435,24230475,-390,-2103,1172,322,137,452
IMU1,2436,24240505,-408,-2068,1118,260,34,400
IMU1,2437,24250337,-438,-2060,1082,182,-33,358
IMU1,2438,24260258,-430,-2055,1082,99,-53,327
IMU1,2439,24269976,-443,-2017,1122,21,-21,295
IMU1,2440,24279693,-479,-2011,1171,-36,34,260
IMU1,2441,24289419,-492,-2004,1224,-69,74,228
IMU1,2442,24299135,-473,-1993,1228,-81,83,191
IMU1,2443,24308871,-468,-2008,1215,-85,50,145
IMU1,2444,24318597,-467,-1987,1210,-89,-7,97
IMU1,2445,24328037,-450,-1960,1159,-94,-67,54
IMU1,2446,24337648,-445,-1918,1097,-105,-125,17
IMU1,2447,24347656,-450,-1886,1055,-127,-171,-11
IMU1,2448,24357761,-455,-1863,1000,-155,-197,-21
IMU1,2449,24367870,-461,-1841,968,-185,-202,-17
IMU1,2450,24377785,-458,-1814,966,-216,-185,-9
IMU1,2451,24387491,-466,-1804,986,-234,-157,3
IMU1,2452,24397114,-463,-1809,998,-235,-123,12
IMU1,2453,24406935,-459,-1817,1001,-215,-100,15
IMU1,2454,24416953,-452,-1814,994,-186,-104,16
IMU1,2455,24426768,-451,-1803,970,-153,-126,8
IMU1,2456,24436387,-445,-1804,942,-124,-157,15
IMU1,2457,24446208,-441,-1793,905,-100,-184,22
IMU1,2458,24456029,-438,-1781,859,-77,-189,5
IMU1,2459,24465442,-442,-1763,829,-64,-175,-6
IMU1,2460,24474951,-445,-1753,806,-71,-154,1
IMU1,2461,24484375,-444,-1744,797,-82,-134,7
IMU1,2462,24493799,-445,-1742,812,-93,-108,6
IMU1,2463,24503225,-461,-1748,851,-96,-79,4
IMU1,2464,24512454,-483,-1775,886,-92,-54,9
IMU1,2465,24521672,-495,-1785,898,-75,-46,16
IMU1,2466,24531094,-501,-1778,881,-48,-59,23
IMU1,2467,24540524,-497,-1772,844,-27,-87,30
IMU1,2468,24549944,-479,-1770,813,-13,-112,32
IMU1,2469,24559578,-455,-1765,776,-11,-118,34
IMU1,2470,24569218,-448,-1758,729,-25,-102,32
IMU1,2471,24578854,-453,-1760,683,-49,-79,33
IMU1,2472,24588253,-447,-1765,661,-75,-50,37
IMU1,2473,24597658,-441,-1752,666,-103,-24,39
IMU1,2474,24607265,-456,-1758,679,-115,9,41
IMU1,2475,24616586,-469,-1756,707,-116,50,43
IMU1,2476,24626112,-465,-1745,735,-98,90,42
IMU1,2477,24635439,-463,-1744,752,-66,120,39
IMU1,2478,24644970,-477,-1753,754,-26,136,36
IMU1,2479,24654492,-497,-1759,738,13,137,44
IMU1,2480,24663913,-470,-1753,711,48,135,57
IMU1,2481,24673347,-452,-1754,672,69,140,70
IMU1,2482,24682772,-463,-1762,637,72,154,84
IMU1,2483,24692199,-470,-1773,617,61,184,99
IMU1,2484,24701624,-439,-1764,622,39,218,113
IMU1,2485,24711247,-420,-1762,628,22,265,109
IMU1,2486,24720864,-424,-1757,643,12,313,98
IMU1,2487,24730283,-472,-1757,670,9,349,88
IMU1,2488,24739508,-481,-1759,702,16,380,84
IMU1,2489,24748942,-479,-1759,735,33,401,87
IMU1,2490,24758369,-492,-1768,760,65,411,95
IMU1,2491,24767803,-522,-1767,762,108,411,113
IMU1,2492,24777639,-517,-1753,748,157,393,145
IMU1,2493,24787480,-502,-1737,717,201,370,182
IMU1,2494,24797306,-500,-1729,662,241,363,215
IMU1,2495,24807134,-477,-1719,606,262,377,242
IMU1,2496,24816960,-434,-1714,554,264,405,256
IMU1,2497,24826782,-422,-1700,526,251,444,256
IMU1,2498,24836609,-435,-1682,504,231,494,253
IMU1,2499,24846428,-429,-1659,476,213,534,252
IMU1,2500,24856246,-433,-1630,452,198,562,265
IMU1,2501,24866074,-454,-1591,435,191,584,290
IMU1,2502,24875913,-463,-1562,421,193,610,335
IMU1,2503,24885758,-499,-1534,385,207,649,400
IMU1,2504,24895586,-575,-1527,320,223,702,486
IMU1,2505,24905427,-626,-1516,254,231,757,584
IMU1,2506,24915271,-643,-1518,195,226,811,668
IMU1,2507,24925091,-593,-1486,152,211,876,704
IMU1,2508,24934928,-585,-1458,128,191,955,683
IMU1,2509,24944756,-628,-1433,126,167,1050,631
IMU1,2510,24954788,-706,-1439,98,151,1182,575
IMU1,2511,24964645,-812,-1456,53,128,1335,538
IMU1,2512,24974467,-942,-1447,50,94,1479,532
IMU1,2513,24984102,-1046,-1426,114,68,1594,555
IMU1,2514,24994146,-1149,-1425,211,79,1680,610
IMU1,2515,25004174,-1238,-1424,336,141,1749,694
IMU1,2516,25014405,-1475,-1397,564,270,1803,811
IMU1,2517,25025151,-1555,-1396,615,685,1845,1120
IMU1,2518,25035594,-1549,-1355,596,932,1826,1279
IMU1,2519,25046054,-1552,-1299,547,1166,1765,1401
IMU1,2520,25056692,-1582,-1283,488,1359,1678,1491
IMU1,2521,25067320,-1622,-1286,444,1506,1606,1551
IMU1,2522,25077950,-1621,-1211,378,1611,1578,1586
IMU1,2523,25088588,-1645,-1145,291,1668,1587,1590
IMU1,2524,25099210,-1681,-1044,207,1673,1618,1567
IMU1,2525,25109823,-1692,-942,161,1631,1667,1521
IMU1,2526,25123001,-1850,-780,133,1464,1845,1421
IMU1,2527,25133438,-1969,-778,130,1342,1986,1407
IMU1,2528,25143881,-2112,-816,100,1213,2142,1412
IMU1,2529,25154324,-2197,-823,85,1071,2299,1422
IMU1,2530,25164565,-2209,-801,96,920,2453,1401
IMU1,2531,25174611,-2224,-775,107,765,2606,1330
IMU1,2532,25184857,-2295,-783,125,613,2749,1209
IMU1,2533,25195105,-2349,-770,222,471,2878,1062
IMU1,2534,25205365,-2413,-727,284,357,2971,904
IMU1,2535,25215409,-2393,-749,348,263,3013,739
IMU1,2536,25225472,-2490,-796,422,191,2988,578
IMU1,2537,25237088,-2615,-860,565,130,2803,398
IMU1,2538,25247124,-2674,-876,632,140,2674,395
IMU1,2539,25257174,-2674,-922,688,180,2519,421
IMU1,2540,25267216,-2610,-960,753,234,2348,478
IMU1,2541,25277256,-2552,-978,815,305,2158,547
IMU1,2542,25287321,-2506,-1001,858,387,1948,607
IMU1,2543,25297566,-2450,-1010,855,474,1722,653
IMU1,2544,25307808,-2389,-1049,845,552,1501,674
IMU1,2545,25318064,-2348,-1093,825,613,1308,677
IMU1,2546,25328318,-2318,-1146,786,652,1146,668
IMU1,2547,25338574,-2293,-1189,760,665,1008,645
IMU1,2548,25348821,-2284,-1214,739,662,880,615
IMU1,2549,25358863,-2281,-1235,717,646,760,580
IMU1,2550,25368916,-2249,-1248,704,616,651,541
IMU1,2551,25378974,-2219,-1265,691,580,554,492
IMU1,2552,25389035,-2220,-1282,669,534,459,446
IMU1,2553,25400125,-2193,-1304,642,434,279,337
IMU1,2554,25410159,-2167,-1297,627,368,175,281
IMU1,2555,25420195,-2145,-1292,615,306,84,200
IMU1,2556,25430039,-2151,-1284,602,239,-2,122
IMU1,2557,25439782,-2152,-1280,585,170,-69,43
IMU1,2558,25449526,-2174,-1273,583,111,-128,-20
IMU1,2559,25459561,-2190,-1263,598,53,-184,-73
IMU1,2560,25469402,-2201,-1254,625,7,-247,-115
IMU1,2561,25479239,-2227,-1242,656,-21,-321,-155
IMU1,2562,25489352,-2231,-1222,697,-30,-408,-191
IMU1,2563,25499472,-2239,-1207,757,-26,-510,-228
IMU1,2564,25509599,-2246,-1181,791,-2,-631,-269
IMU1,2565,25519540,-2259,-1158,782,29,-770,-310
IMU1,2566,25529585,-2270,-1137,764,56,-918,-356
IMU1,2567,25539631,-2288,-1132,758,75,-1057,-402
IMU1,2568,25549861,-2298,-1136,726,77,-1183,-443
IMU1,2569,25560095,-2285,-1117,687,62,-1303,-480
IMU1,2570,25570309,-2296,-1093,662,30,-1417,-520
IMU1,2571,25580541,-2337,-1082,641,-10,-1523,-557
IMU1,2572,25590870,-2329,-1090,621,-58,-1621,-580
IMU1,2573,25601207,-2318,-1094,593,-108,-1714,-626
IMU1,2574,25611700,-2318,-1106,564,-207,-1874,-644
IMU1,2575,25622197,-2330,-1115,520,-257,-1936,-669
IMU1,2576,25632699,-2357,-1171,502,-302,-1985,-699
IMU1,2577,25643204,-2400,-1263,501,-349,-2025,-733
IMU1,2578,25653695,-2449,-1356,533,-387,-2064,-783
IMU1,2579,25664201,-2458,-1434,594,-398,-2098,-856
IMU1,2580,25674698,-2512,-1531,691,-373,-2131,-958
IMU1,2581,25685219,-2531,-1585,805,-306,-2180,-1081
IMU1,2582,25695926,-2508,-1623,891,-194,-2262,-1233
IMU1,2583,25706641,-2487,-1670,924,-49,-2377,-1415
IMU1,2584,25717668,-2473,-1692,886,230,-2611,-1741
IMU1,2585,25728283,-2485,-1738,867,331,-2661,-1850
IMU1,2586,25738876,-2453,-1763,891,411,-2650,-1961
IMU1,2587,25749484,-2313,-1739,953,478,-2622,-2090
IMU1,2588,25760107,-2183,-1710,1014,551,-2592,-2247
IMU1,2589,25770910,-2084,-1663,1024,632,-2525,-2424
IMU1,2590,25781724,-1926,-1604,987,695,-2419,-2590
IMU1,2591,25792332,-1780,-1560,964,719,-2305,-2735
IMU1,2592,25802950,-1394,-1394,992,715,-2217,-2842
IMU1,2593,25814105,-1203,-1303,1002,665,-2130,-2942
IMU1,2594,25824914,-1072,-1231,989,639,-2140,-2923
IMU1,2595,25835541,-952,-1134,1021,614,-2164,-2837
IMU1,2596,25846167,-863,-1052,1026,610,-2147,-2703
IMU1,2597,25856784,-678,-926,1011,624,-2116,-2545
IMU1,2598,25867204,-436,-780,1045,651,-2071,-2407
IMU1,2599,25877611,-199,-670,1118,698,-1994,-2296
IMU1,2600,25888036,-18,-593,1196,779,-1890,-2201
IMU1,2601,25898247,70,-518,1200,894,-1786,-2105
IMU1,2602,25908358,186,-423,1206,1017,-1712,-1995
IMU1,2603,25919390,412,-216,1232,1293,-1555,-1736
IMU1,2604,25929916,544,-68,1338,1475,-1411,-1600
IMU1,2605,25940228,619,65,1477,1692,-1240,-1458
IMU1,2606,25950450,798,170,1575,1981,-1047,-1336
IMU1,2607,25960879,961,317,1629,2294,-848,-1222
IMU1,2608,25971102,1069,522,1670,2609,-612,-1114
IMU1,2609,25981539,1034,747,1748,2902,-318,-1007
IMU1,2610,25991975,886,1013,1781,3151,8,-854
IMU1,2611,26001721,798,1365,1707,3341,308,-623
IMU1,2612,26011863,743,1640,1594,3432,519,-317
IMU1,2613,26022004,570,1960,1446,3410,660,75
IMU1,2614,26031841,240,2305,1193,3243,731,610
IMU1,2615,26041891,-209,2580,754,2892,672,1353
IMU1,2616,26052021,-1024,2850,-97,2287,507,2367
IMU1,2617,26062246,-1623,2754,-1782,1344,275,3762
IMU1,2618,26073389,-2757,2080,-1788,-1296,232,7745
IMU1,2619,26084120,-3308,1209,-1514,-2617,777,10145
# swing_peak_seq=2593
IMU1,2620,26095057,-3796,626,-1089,-3735,1487,12489
IMU1,2621,26106004,-4486,446,16,-4505,1859,14522
IMU1,2622,26116439,-5056,860,1057,-4707,1754,16053
IMU1,2623,26129839,-6284,2391,2080,-4251,1220,17072
IMU1,2624,26140897,-6182,2103,2281,-1863,-531,18006
IMU1,2625,26151831,-4217,1128,1777,-431,-999,17323
IMU1,2626,26162573,-2745,1666,894,395,-435,15509
IMU1,2627,26173016,-2803,1254,-18,245,966,12637
IMU1,2628,26183263,-2123,-1204,-1279,-742,2773,9379
IMU1,2629,26194108,-514,-655,250,-1954,3660,6351
IMU1,2630,26204454,-1563,-1008,2336,-2200,2911,3183
IMU1,2631,26215408,-2053,-999,2843,-1296,1329,850
IMU1,2632,26225904,-1772,161,1794,141,-232,-493
IMU1,2633,26237046,-1355,766,577,2569,-1136,-1483
IMU1,2634,26247557,-1338,1364,-340,2865,-392,-1381
IMU1,2635,26258155,-1334,1833,-552,2589,755,-1046
IMU1,2636,26268663,-1863,1639,-582,1961,1830,-580
IMU1,2637,26279170,-2327,1692,-144,1164,2070,93
IMU1,2638,26289385,-2695,1783,503,452,1923,820
IMU1,2639,26299500,-3093,1472,950,-18,1575,1493
IMU1,2640,26309734,-3100,1314,1323,-250,1067,2088
IMU1,2641,26320349,-2923,1170,1505,-280,570,2457
IMU1,2642,26330761,-2703,1034,1381,-212,177,2543
IMU1,2643,26341179,-2456,889,1098,-169,53,2376
IMU1,2644,26352236,-2256,752,1309,-275,584,1525
IMU1,2645,26362459,-2317,732,1390,-294,922,1001
IMU1,2646,26372686,-2443,787,1409,-266,1145,537
IMU1,2647,26382905,-2631,834,1463,-224,1221,181
IMU1,2648,26393113,-2723,918,1431,-164,1107,-70
IMU1,2649,26403238,-2767,991,1354,-126,847,-237
IMU1,2650,26413336,-2783,981,1345,-123,573,-324
IMU1,2651,26423446,-2776,983,1316,-145,392,-343
IMU1,2652,26433550,-2757,980,1281,-189,292,-325
IMU1,2653,26443649,-2696,933,1280,-262,250,-297
IMU1,2654,26453751,-2635,885,1258,-360,259,-290
IMU1,2655,26463868,-2643,855,1260,-477,305,-308
IMU1,2656,26473992,-2690,841,1324,-596,344,-339
IMU1,2657,26484102,-2738,796,1431,-682,339,-378
IMU1,2658,26494215,-2723,769,1513,-724,256,-424
IMU1,2659,26504339,-2697,778,1562,-742,83,-491
IMU1,2660,26514252,-2615,836,1579,-741,-137,-578
IMU1,2661,26525509,-2395,892,1574,-747,-523,-818
IMU1,2662,26535733,-2306,939,1583,-764,-606,-957
IMU1,2663,26545971,-2258,974,1597,-795,-643,-1109
IMU1,2664,26556392,-2203,1011,1651,-837,-656,-1263
IMU1,2665,26567010,-2107,1055,1646,-866,-665,-1433
IMU1,2666,26577616,-2013,1073,1608,-905,-703,-1626
IMU1,2667,26588212,-1820,1048,1506,-968,-734,-1852
IMU1,2668,26598818,-1751,989,1477,-1061,-696,-2198
IMU1,2669,26609432,-1760,881,1336,-1187,-569,-2558
IMU1,2670,26620054,-1905,859,1112,-1356,-453,-2936
IMU1,2671,26631209,-2009,142,1113,-1746,-433,-3519
IMU1,2672,26641815,-1885,210,939,-1868,-293,-3644
IMU1,2673,26652224,-1900,300,996,-1948,-80,-3724
IMU1,2674,26662435,-1842,368,873,-2006,106,-3766
IMU1,2675,26672736,-1652,150,868,-2043,246,-3810
IMU1,2676,26683048,-1700,-125,1153,-2028,267,-3869
IMU1,2677,26693650,-1086,125,977,-1922,149,-3903
IMU1,2678,26703961,-131,-23,808,-1808,-48,-3967
IMU1,2679,26713871,-88,-164,577,-1722,-297,-4074
IMU1,2680,26723973,-201,-379,487,-1672,-511,-4135
IMU1,2681,26734277,-323,-405,510,-1627,-660,-4101
IMU1,2682,26744571,-59,-413,532,-1566,-734,-4025
IMU1,2683,26754680,-971,-294,1815,-1479,-712,-3993
IMU1,2684,26765712,-1942,371,1180,-869,-530,-3032
IMU1,2685,26776137,-1265,415,723,-621,-414,-2577
IMU1,2686,26786354,-516,270,394,-471,-299,-2300
IMU1,2687,26796383,-437,366,451,-391,-178,-2173
IMU1,2688,26806401,-774,519,885,-298,-8,-2077
IMU1,2689,26816012,-561,454,1584,-111,227,-1916
IMU1,2690,26826124,-427,-342,2177,220,573,-1750
IMU1,2691,26836251,-1248,-1185,1422,596,1101,-1524
IMU1,2692,26846980,-1611,-1900,1128,787,1763,-1088
IMU1,2693,26857702,-1447,-2115,1259,859,2398,-541
IMU1,2694,26868234,-1427,-1838,1283,915,2632,-31
IMU1,2695,26878562,-1451,-1384,578,884,2059,407
IMU1,2696,26888785,-1674,-1421,1074,726,1425,782
IMU1,2697,26899203,-1119,-1228,1380,642,841,1051
IMU1,2698,26910125,-1017,-1216,1580,576,39,1104
IMU1,2699,26920356,-1013,-1045,1697,612,-123,872
IMU1,2700,26930663,-1014,-920,1654,677,-123,514
IMU1,2701,26940782,-939,-906,1533,730,-72,42
IMU1,2702,26950319,-951,-1091,1407,750,-29,-511
IMU1,2703,26960355,-982,-1196,1330,722,-11,-1037
IMU1,2704,26970564,-945,-1225,1326,671,63,-1483
IMU1,2705,26980679,-934,-1267,1342,613,281,-1825
IMU1,2706,26991011,-1033,-1351,1368,562,596,-2040
IMU1,2707,27001543,-1087,-1407,1373,519,888,-2120
IMU1,2708,27012074,-1048,-1421,1392,487,1063,-2117
IMU1,2709,27022793,-1047,-1476,1466,467,1133,-2063
IMU1,2710,27033522,-1024,-1503,1555,471,1160,-1974
IMU1,2711,27044796,-961,-1536,1571,534,1219,-1772
IMU1,2712,27055323,-916,-1508,1577,577,1256,-1688
IMU1,2713,27065857,-922,-1512,1616,638,1277,-1633
IMU1,2714,27076384,-887,-1528,1643,698,1267,-1578
IMU1,2715,27086906,-843,-1518,1659,760,1217,-1530
IMU1,2716,27097431,-851,-1524,1679,822,1135,-1486
IMU1,2717,27107961,-884,-1588,1717,874,1039,-1421
IMU1,2718,27118497,-866,-1620,1742,917,920,-1335
IMU1,2719,27131385,-812,-1607,1793,974,672,-1203
IMU1,2720,27141707,-759,-1587,1789,975,588,-1195
IMU1,2721,27152037,-829,-1629,1798,963,535,-1216
IMU1,2722,27162343,-817,-1596,1793,926,510,-1209
IMU1,2723,27172667,-782,-1579,1760,873,495,-1248
IMU1,2724,27182995,-781,-1522,1740,797,463,-1280
IMU1,2725,27193329,-796,-1487,1726,706,408,-1306
IMU1,2726,27203657,-765,-1507,1721,605,314,-1318
IMU1,2727,27213971,-773,-1468,1759,506,220,-1320
IMU1,2728,27224285,-739,-1416,1788,435,181,-1320
IMU1,2729,27234594,-738,-1369,1792,375,167,-1318
IMU1,2730,27244902,-720,-1327,1806,332,156,-1319
IMU1,2731,27255201,-660,-1267,1847,298,148,-1322
IMU1,2732,27266030,-655,-1239,1841,273,132,-1327
IMU1,2733,27276336,-625,-1203,1797,266,79,-1309
IMU1,2734,27286460,-598,-1133,1743,261,7,-1295
IMU1,2735,27296371,-536,-1053,1685,237,-55,-1278
IMU1,2736,27306578,-493,-1031,1630,184,-85,-1259
IMU1,2737,27316783,-452,-1018,1623,116,-85,-1223
IMU1,2738,27326996,-469,-1020,1629,57,-44,-1164
IMU1,2739,27337012,-469,-1009,1632,8,24,-1076
IMU1,2740,27346730,-530,-1014,1685,-24,73,-972
IMU1,2741,27356544,-577,-1033,1752,-21,77,-855
IMU1,2742,27366373,-506,-1025,1785,18,32,-742
IMU1,2743,27376101,-456,-1024,1798,81,-39,-663
IMU1,2744,27385910,-467,-1071,1795,155,-111,-596
IMU1,2745,27396138,-444,-1086,1768,232,-183,-520
IMU1,2746,27406345,-401,-1089,1721,300,-271,-444
IMU1,2747,27416558,-336,-1077,1676,349,-361,-352
IMU1,2748,27426777,-268,-1085,1666,382,-420,-306
IMU1,2749,27436993,-202,-1082,1692,410,-393,-250
IMU1,2750,27447208,-109,-1082,1805,447,-296,-191
IMU1,2751,27458449,90,-1074,1903,600,-82,-89
IMU1,2752,27467973,250,-1108,1948,713,7,-61
IMU1,2753,27477415,381,-1128,1952,821,33,-57
IMU1,2754,27487050,502,-1180,1941,902,-12,-53
IMU1,2755,27496780,697,-1262,1992,962,-82,-18
IMU1,2756,27506510,927,-1300,2073,1011,-125,33
IMU1,2757,27516548,1152,-1294,2203,1066,-139,90
IMU1,2758,27526791,1357,-1248,2303,1143,-157,138
IMU1,2759,27537214,1582,-1220,2350,1246,-219,172
IMU1,2760,27547646,1954,-1172,2366,1350,-307,195
IMU1,2761,27558073,2318,-1166,2416,1426,-347,181
IMU1,2762,27568509,2593,-1093,2500,1460,-259,155
IMU1,2763,27578932,2749,-1004,2665,1460,-91,150
IMU1,2764,27589153,2698,-873,2863,1458,-2,197
IMU1,2765,27598983,2485,-742,2945,1481,-89,338
IMU1,2766,27609015,2206,-575,2866,1488,-323,595
IMU1,2767,27619246,1874,-378,2661,1438,-578,963
IMU1,2768,27629473,1560,-171,2307,1313,-767,1414
IMU1,2769,27639907,932,166,1470,1116,-865,2388
IMU1,2770,27650584,587,272,1030,541,-801,2847
IMU1,2771,27660504,71,404,631,191,-667,3253
IMU1,2772,27670034,-422,590,227,-206,-507,3609
IMU1,2773,27679957,-803,845,-24,-631,-254,3879
IMU1,2774,27689788,-1412,1134,-44,-1056,164,4052
IMU1,2775,27700090,-2116,1391,-44,-1426,756,4196
IMU1,2776,27710413,-2860,1489,-15,-1727,1374,4395
IMU1,2777,27720939,-3535,1583,168,-1955,1850,4666
IMU1,2778,27731577,-4079,1581,520,-2068,2122,4994
IMU1,2779,27742220,-4260,1553,990,-2019,2213,5356
IMU1,2780,27752878,-4079,1379,1430,-1799,2159,5622
IMU1,2781,27763722,-3885,1015,1808,-1432,1920,5730
IMU1,2782,27774558,-3081,494,1560,-968,1482,5334
IMU1,2783,27785525,-2509,346,1320,-232,609,4784
IMU1,2784,27795774,-2342,501,1210,-53,392,3982
IMU1,2785,27805825,-2057,261,1168,54,364,3062
IMU1,2786,27815768,-1912,-91,1250,126,484,2141
IMU1,2787,27825806,-1891,-167,1288,206,608,1333
IMU1,2788,27836033,-1832,-104,1294,301,546,666
IMU1,2789,27846073,-1825,-3,1305,413,292,127
IMU1,2790,27855708,-1815,102,1143,520,42,-256
IMU1,2791,27865525,-1842,152,978,577,-73,-471
IMU1,2792,27875257,-1878,127,943,570,-37,-522
IMU1,2793,27884981,-1959,54,996,519,123,-437
IMU1,2794,27894604,-2085,9,1034,432,301,-253
IMU1,2795,27904229,-2155,1,1035,307,343,-24
IMU1,2796,27913650,-2154,44,996,145,208,187
IMU1,2797,27923181,-2110,46,968,-64,-26,356
IMU1,2798,27932513,-2070,62,915,-300,-203,482
IMU1,2799,27942245,-2058,44,818,-551,-216,574
IMU1,2800,27951977,-2063,-46,754,-812,-111,655
IMU1,2801,27961808,-2098,-132,754,-1061,35,732
IMU1,2802,27971727,-2180,-167,818,-1274,198,798
IMU1,2803,27981857,-2271,-219,944,-1427,359,851
IMU1,2804,27991986,-2378,-288,1099,-1499,495,885
IMU1,2805,28002327,-2438,-357,1268,-1486,558,887
IMU1,2806,28012653,-2468,-408,1386,-1392,490,851
# swing_peak_seq=2780
IMU1,2807,28022975,-2459,-463,1467,-1241,278,779
IMU1,2808,28033303,-2451,-487,1521,-1044,-43,679
IMU1,2809,28043506,-2451,-469,1506,-830,-367,570
IMU1,2810,28054775,-2337,-414,1429,-459,-756,338
IMU1,2811,28065007,-2265,-326,1346,-349,-797,225
IMU1,2812,28075217,-2178,-246,1277,-293,-728,106
IMU1,2813,28085438,-2072,-203,1278,-286,-579,-3
IMU1,2814,28095362,-1998,-186,1337,-301,-406,-112
IMU1,2815,28105677,-1992,-181,1413,-318,-300,-209
IMU1,2816,28115995,-1996,-160,1486,-322,-310,-274
IMU1,2817,28126316,-2008,-126,1571,-310,-407,-302
IMU1,2818,28139203,-2053,-31,1673,-266,-520,-293
IMU1,2819,28149324,-2053,76,1737,-195,-655,-249
IMU1,2820,28160392,-1968,121,1761,-9,-865,-107
IMU1,2821,28170182,-1966,134,1663,99,-690,-8
IMU1,2822,28179700,-1841,200,1651,182,-424,124
IMU1,2823,28189711,-1814,85,1462,232,-264,226
IMU1,2824,28199527,-1822,75,1573,243,-214,303
IMU1,2825,28209355,-1919,171,1457,254,-283,369
IMU1,2826,28219377,-1908,160,1268,229,-417,426
IMU1,2827,28229400,-1950,206,1263,147,-565,459
IMU1,2828,28239422,-1765,73,1313,35,-655,472
IMU1,2829,28249048,-1786,-50,1351,-63,-663,443
IMU1,2830,28258859,-1806,300,1183,-144,-651,401
IMU1,2831,28268985,-1662,134,1217,-246,-745,327
IMU1,2832,28279087,-1557,-77,1318,-329,-875,210
IMU1,2833,28289105,-1478,-82,1298,-390,-939,77
IMU1,2834,28298918,-1376,-22,1305,-448,-928,-71
IMU1,2835,28308827,-1313,-28,1348,-489,-867,-244
IMU1,2836,28318922,-1294,-43,1340,-519,-794,-421
IMU1,2837,28329037,-1356,-126,1348,-536,-730,-583
IMU1,2838,28339351,-1312,-274,1409,-538,-699,-712
IMU1,2839,28349670,-1336,-392,1511,-513,-743,-812
IMU1,2840,28359993,-1315,-527,1590,-443,-830,-858
IMU1,2841,28370320,-1256,-563,1578,-340,-849,-860
IMU1,2842,28381676,-1078,-496,1565,-119,-706,-827
IMU1,2843,28391996,-1106,-508,1573,-22,-598,-821
IMU1,2844,28402128,-1209,-533,1544,62,-535,-787
IMU1,2845,28412158,-1194,-561,1549,123,-568,-735
IMU1,2846,28422395,-1112,-586,1565,169,-674,-701
IMU1,2847,28432631,-923,-614,1512,199,-774,-691
IMU1,2848,28442667,-739,-568,1395,201,-808,-732
IMU1,2849,28452683,-693,-512,1298,160,-749,-817
IMU1,2850,28462697,-712,-495,1340,103,-610,-896
IMU1,2851,28472730,-671,-553,1464,70,-457,-945
IMU1,2852,28482563,-683,-604,1552,82,-342,-977
IMU1,2853,28492373,-539,-613,1544,130,-249,-992
IMU1,2854,28502406,-509,-714,1565,161,-150,-1030
IMU1,2855,28512629,-722,-782,1510,165,-49,-1076
IMU1,2856,28522652,-660,-796,1573,158,-20,-1050
IMU1,2857,28532678,-608,-836,1561,158,-29,-1015
IMU1,2858,28542704,-575,-800,1540,154,-57,-997
IMU1,2859,28552544,-657,-813,1642,157,-78,-987
IMU1,2860,28562362,-660,-823,1689,204,-85,-956
IMU1,2861,28572179,-489,-802,1633,268,-73,-912
IMU1,2862,28583551,-451,-836,1640,360,144,-896
IMU1,2863,28593480,-426,-828,1639,387,246,-893
IMU1,2864,28603403,-527,-875,1650,401,295,-873
IMU1,2865,28613333,-579,-820,1710,413,304,-821
IMU1,2866,28623268,-643,-843,1885,447,289,-744
IMU1,2867,28633200,-615,-840,1973,522,253,-654
IMU1,2868,28643139,-534,-830,1947,619,199,-597
IMU1,2869,28653087,-510,-803,1879,692,134,-598
IMU1,2870,28663025,-504,-772,1816,734,77,-636
IMU1,2871,28672788,-473,-755,1733,737,76,-686
IMU1,2872,28682508,-479,-755,1672,691,168,-732
IMU1,2873,28692425,-512,-726,1700,606,306,-762
IMU1,2874,28702360,-568,-720,1800,520,425,-787
IMU1,2875,28712296,-605,-693,1917,467,465,-810
IMU1,2876,28722237,-637,-637,2001,466,425,-837
IMU1,2877,28732179,-665,-604,2013,501,357,-872
IMU1,2878,28742110,-666,-577,2006,548,327,-904
IMU1,2879,28752042,-660,-581,2030,595,362,-941
IMU1,2880,28761975,-699,-584,2080,642,398,-973
IMU1,2881,28771894,-678,-576,2076,692,403,-993
IMU1,2882,28781824,-728,-552,2031,728,359,-1055
IMU1,2883,28791956,-650,-509,1979,735,319,-1026
IMU1,2884,28802100,-653,-473,1907,719,278,-1023
IMU1,2885,28812214,-718,-435,1893,674,257,-1009
IMU1,2886,28822332,-720,-386,1969,623,277,-975
IMU1,2887,28833299,-737,-425,1980,555,341,-908
IMU1,2888,28843216,-768,-436,2046,534,317,-883
IMU1,2889,28853125,-803,-483,2107,541,268,-860
IMU1,2890,28863025,-838,-491,2174,571,217,-818
IMU1,2891,28872946,-878,-485,2236,613,175,-764
IMU1,2892,28882872,-786,-494,2258,669,140,-715
IMU1,2893,28892786,-705,-525,2213,712,89,-689
IMU1,2894,28902510,-712,-591,2154,713,27,-670
IMU1,2895,28912232,-762,-634,2114,661,-24,-622
IMU1,2896,28922057,-785,-661,2154,569,-59,-544
IMU1,2897,28931877,-686,-647,2286,480,-83,-470
IMU1,2898,28941673,-549,-652,2404,418,-89,-445
IMU1,2899,28951474,-494,-697,2508,377,-112,-463
IMU1,2900,28961494,-382,-780,2636,368,-202,-492
IMU1,2901,28971499,-168,-922,2781,403,-330,-526
IMU1,2902,28981513,119,-1068,2850,471,-435,-560
IMU1,2903,28991636,441,-1162,2859,540,-513,-606
IMU1,2904,29001775,763,-1204,2861,589,-571,-673
IMU1,2905,29011897,1112,-1337,2923,605,-587,-755
IMU1,2906,29022228,1555,-1497,3112,608,-554,-838
IMU1,2907,29032578,2107,-1614,3412,622,-489,-937
IMU1,2908,29042904,2655,-1620,3734,682,-419,-1083
IMU1,2909,29053422,3566,-1297,3788,771,-433,-1278
IMU1,2910,29064490,3622,-1134,3637,769,-723,-1568
IMU1,2911,29075024,3616,-885,3433,599,-885,-1515
IMU1,2912,29085376,3551,-645,3053,322,-1011,-1262
IMU1,2913,29095902,3271,-450,2594,-54,-1121,-836
IMU1,2914,29106124,2882,-243,2158,-502,-1209,-214
IMU1,2915,29116544,2511,-8,1600,-948,-1174,542
IMU1,2916,29126490,1995,186,1079,-1348,-984,1306
IMU1,2917,29139368,1331,364,591,-1664,-680,1993
IMU1,2918,29149593,256,997,-366,-1883,-423,2528
IMU1,2919,29160250,-285,1382,-683,-2171,347,3083
IMU1,2920,29170580,-1013,1799,-609,-2267,1086,3144
IMU1,2921,29181314,-2575,2224,-69,-2213,1832,3178
IMU1,2922,29191870,-3731,2356,427,-1939,2281,3404
IMU1,2923,29202510,-4602,2578,680,-1493,2317,3764
IMU1,2924,29213149,-4822,2670,1272,-990,2446,4099
IMU1,2925,29223785,-4740,2582,1716,-440,2921,4203
IMU1,2926,29234421,-4867,2239,1842,45,3395,4008
IMU1,2927,29244765,-5212,1654,2056,363,3290,3659
IMU1,2928,29255310,-4004,1226,1689,521,2512,3273
IMU1,2929,29266371,-3374,1183,1391,329,1169,2037
IMU1,2930,29276910,-2568,1017,1408,113,929,1222
IMU1,2931,29287244,-1803,782,1334,-17,775,375
IMU1,2932,29297068,-1522,661,1218,-46,678,-377
IMU1,2933,29306989,-1416,502,1128,-1,673,-894
IMU1,2934,29316717,-1515,377,962,69,784,-1105
IMU1,2935,29326568,-1793,231,816,97,904,-1022
IMU1,2936,29336404,-2108,80,781,55,848,-697
IMU1,2937,29345836,-2210,-117,816,-55,571,-211
IMU1,2938,29355663,-2155,-200,799,-187,175,313
IMU1,2939,29365602,-2078,-279,711,-328,-134,783
IMU1,2940,29375633,-2032,-313,601,-483,-250,1143
IMU1,2941,29385875,-2031,-364,595,-626,-211,1368
IMU1,2942,29396111,-1995,-349,675,-732,-65,1466
IMU1,2943,29406144,-1935,-368,807,-786,125,1434
IMU1,2944,29416281,-2002,-428,967,-774,318,1284
IMU1,2945,29426409,-2138,-509,1063,-710,416,1068
IMU1,2946,29436748,-2225,-533,1047,-623,344,841
IMU1,2947,29446903,-2158,-508,1001,-540,207,622
IMU1,2948,29457032,-2046,-492,953,-471,145,415
IMU1,2949,29468003,-2067,-446,946,-360,228,114
IMU1,2950,29477930,-2051,-394,960,-306,246,46
IMU1,2951,29487667,-2009,-352,989,-259,253,5
IMU1,2952,29497207,-2022,-333,1039,-208,246,-20
# swing_peak_seq=2926
IMU1,2953,29507207,-2026,-334,1058,-148,231,-19
IMU1,2954,29517206,-1980,-337,1078,-105,231,-4
IMU1,2955,29527015,-1940,-322,1042,-79,210,9
IMU1,2956,29536541,-1894,-338,962,-85,191,14
IMU1,2957,29546057,-1918,-360,953,-139,222,11
IMU1,2958,29555787,-1965,-410,981,-214,262,17
IMU1,2959,29565507,-1989,-439,1026,-285,251,32
IMU1,2960,29575436,-2019,-444,1055,-338,188,47
IMU1,2961,29585349,-2017,-433,1089,-358,121,63
IMU1,2962,29595268,-2023,-378,1121,-347,106,69
IMU1,2963,29605181,-2023,-354,1151,-312,120,67
IMU1,2964,29615100,-2021,-286,1157,-260,141,56
IMU1,2965,29625021,-2003,-234,1184,-205,138,31
IMU1,2966,29634936,-1962,-201,1217,-157,98,-13
IMU1,2967,29644746,-1889,-225,1242,-113,50,-75
IMU1,2968,29654577,-1914,-237,1303,-73,6,-148
IMU1,2969,29664205,-2023,-225,1373,-32,-73,-208
IMU1,2970,29674106,-2079,-164,1413,12,-228,-242
IMU1,2971,29684122,-2021,-131,1376,46,-403,-261
IMU1,2972,29694132,-1885,-75,1313,55,-519,-292
IMU1,2973,29703969,-1834,-22,1262,34,-541,-337
IMU1,2974,29713790,-1843,12,1187,-18,-488,-372
IMU1,2975,29723606,-1826,39,1114,-110,-425,-384
IMU1,2976,29733624,-1733,18,1102,-229,-388,-388
IMU1,2977,29743647,-1666,10,1179,-358,-374,-397
IMU1,2978,29753673,-1707,42,1302,-455,-359,-406
IMU1,2979,29763683,-1813,55,1412,-509,-369,-390
IMU1,2980,29773697,-1891,46,1477,-516,-462,-341
IMU1,2981,29783717,-1839,17,1493,-480,-614,-275
IMU1,2982,29793743,-1788,-35,1372,-423,-768,-218
IMU1,2983,29804898,-1729,-53,1312,-362,-924,-84
IMU1,2984,29814803,-1682,-125,1365,-351,-867,-30
IMU1,2985,29824910,-1722,-222,1461,-339,-750,28
IMU1,2986,29834918,-1675,-195,1528,-303,-638,63
IMU1,2987,29844946,-1576,-320,1493,-264,-625,59
IMU1,2988,29854968,-1412,-232,1544,-229,-647,-1
IMU1,2989,29864884,-1495,-436,1376,-214,-670,-81
IMU1,2990,29874995,-1410,-276,1488,-236,-664,-143
IMU1,2991,29885324,-1498,-274,1387,-257,-678,-203
IMU1,2992,29895647,-1490,-219,1452,-296,-687,-235
IMU1,2993,29905976,-1515,-218,1570,-313,-672,-255
IMU1,2994,29916302,-1532,-299,1753,-281,-704,-263
IMU1,2995,29926631,-1483,-428,1811,-187,-804,-245
IMU1,2996,29936933,-1321,-520,1751,-78,-930,-209
IMU1,2997,29947057,-1183,-537,1657,11,-959,-193
IMU1,2998,29957091,-989,-488,1417,48,-871,-193
IMU1,2999,29968478,-1111,-370,1439,-55,-613,-260
IMU1,3000,29978609,-1091,-330,1477,-131,-558,-259
IMU1,3001,29988932,-1155,-302,1533,-182,-566,-250
IMU1,3002,29999257,-1213,-325,1655,-190,-615,-222
IMU1,3003,30009584,-1161,-433,1721,-136,-690,-183
IMU1,3004,30019909,-1090,-533,1705,-40,-773,-137
IMU1,3005,30030036,-1018,-586,1635,59,-848,-80
IMU1,3006,30039863,-958,-570,1531,142,-886,-28
IMU1,3007,30049706,-879,-527,1468,201,-854,14
IMU1,3008,30059436,-847,-518,1453,238,-759,39
IMU1,3009,30069187,-806,-501,1496,266,-646,35
IMU1,3010,30078919,-781,-491,1536,304,-565,-3
IMU1,3011,30088575,-782,-489,1530,329,-506,-73
IMU1,3012,30098404,-914,-686,1992,352,-382,-161
IMU1,3013,30108433,-938,-582,1792,437,-350,-206
IMU1,3014,30118467,-861,-698,1797,498,-390,-216
IMU1,3015,30128492,-725,-677,1788,514,-431,-221
IMU1,3016,30141081,-756,-680,1822,479,-435,-266
IMU1,3017,30151128,-678,-652,1864,455,-428,-254
IMU1,3018,30161156,-690,-673,1877,451,-445,-245
IMU1,3019,30171184,-698,-673,1806,441,-460,-232
IMU1,3020,30181219,-704,-694,1767,413,-439,-230
IMU1,3021,30191251,-725,-689,1831,370,-380,-236
IMU1,3022,30201292,-632,-740,1892,349,-333,-260
IMU1,3023,30211335,-552,-764,1804,343,-324,-305
IMU1,3024,30221362,-442,-783,1682,321,-321,-364
IMU1,3025,30231380,-405,-859,1664,272,-283,-425
IMU1,3026,30241402,-376,-924,1610,223,-182,-467
IMU1,3027,30251418,-342,-974,1518,165,-56,-497
IMU1,3028,30261249,-343,-990,1484,94,57,-527
IMU1,3029,30270783,-356,-987,1540,27,174,-562
IMU1,3030,30280520,-385,-1031,1614,-18,327,-589
IMU1,3031,30290544,-453,-1014,1670,-37,478,-609
IMU1,3032,30300585,-518,-993,1763,-37,563,-628
IMU1,3033,30310434,-502,-1000,1835,-12,589,-646
IMU1,3034,30320450,-589,-996,1888,23,603,-663
IMU1,3035,30330189,-645,-977,1909,52,615,-673
IMU1,3036,30339939,-657,-961,1927,74,615,-677
IMU1,3037,30349677,-696,-973,1995,79,598,-683
IMU1,3038,30359426,-813,-971,2020,81,555,-681
IMU1,3039,30369170,-847,-968,2080,84,470,-651
IMU1,3040,30378906,-775,-938,2115,99,368,-619
IMU1,3041,30388657,-781,-909,2122,128,280,-613
IMU1,3042,30398601,-795,-915,2107,153,231,-619
IMU1,3043,30408561,-768,-913,2061,167,217,-626
IMU1,3044,30418491,-767,-917,2049,162,238,-644
IMU1,3045,30429975,-828,-917,2047,107,247,-659
IMU1,3046,30439905,-809,-880,2076,70,208,-664
IMU1,3047,30449635,-759,-850,2148,38,152,-677
IMU1,3048,30459375,-802,-802,2209,29,92,-697
IMU1,3049,30468907,-768,-785,2250,42,27,-701
IMU1,3050,30478444,-685,-780,2243,62,-53,-709
IMU1,3051,30488068,-625,-768,2191,79,-137,-721
IMU1,3052,30497903,-549,-786,2137,73,-179,-718
IMU1,3053,30507744,-457,-809,2037,42,-181,-706
IMU1,3054,30517573,-421,-796,1966,-21,-181,-683
IMU1,3055,30527497,-368,-811,1968,-104,-205,-633
IMU1,3056,30537623,-260,-830,1964,-175,-226,-579
IMU1,3057,30547738,-177,-859,2011,-219,-240,-526
IMU1,3058,30557859,-91,-905,2026,-229,-279,-466
IMU1,3059,30567789,25,-943,1986,-212,-345,-399
IMU1,3060,30577618,158,-989,1923,-188,-423,-325
IMU1,3061,30587634,362,-1061,1864,-155,-488,-257
IMU1,3062,30597864,665,-1275,1820,-130,-515,-203
IMU1,3063,30608096,933,-1474,1777,-117,-518,-166
IMU1,3064,30618321,1190,-1647,1780,-111,-513,-151
IMU1,3065,30628749,1485,-1862,1891,-96,-517,-156
IMU1,3066,30638993,1760,-2141,2083,-40,-530,-171
IMU1,3067,30649225,2018,-2443,2266,80,-539,-188
IMU1,3068,30659362,2510,-3010,2466,250,-568,-194
IMU1,3069,30670229,2812,-3031,2360,621,-818,-183
IMU1,3070,30680586,3114,-2968,2195,751,-973,-209
IMU1,3071,30690947,3235,-2746,2057,829,-1011,-248
IMU1,3072,30701491,3239,-2442,1929,869,-905,-261
IMU1,3073,30711840,3112,-2057,1716,874,-710,-217
IMU1,3074,30722217,2911,-1604,1293,803,-482,-111
IMU1,3075,30732517,2654,-1078,711,605,-192,44
IMU1,3076,30742353,2107,-457,-17,242,244,254
IMU1,3077,30751982,1122,144,-515,-273,775,571
IMU1,3078,30761835,-173,778,-550,-805,1313,1088
IMU1,3079,30771960,-1463,1462,-482,-1201,1762,1799
IMU1,3080,30782680,-2750,2171,-424,-1421,2039,2626
IMU1,3081,30793418,-4473,3053,-279,-1486,2186,3529
IMU1,3082,30804173,-5893,3939,2057,-773,2253,5344
IMU1,3083,30814816,-4973,3980,2886,142,2411,5760
IMU1,3084,30825359,-4791,3561,3639,1200,2447,5486
IMU1,3085,30836116,-3878,2817,3600,2259,2019,4616
IMU1,3086,30846865,-3193,1793,3013,3054,1325,3181
IMU1,3087,30857637,-3256,1041,2268,3420,102,1610
IMU1,3088,30868163,-2649,990,1303,3293,-835,299
IMU1,3089,30878390,-2093,1089,798,2748,-598,-715
IMU1,3090,30888747,-1630,1127,756,2045,286,-1422
IMU1,3091,30899178,-1522,1048,1012,1414,1105,-1867
IMU1,3092,30910030,-1899,764,1034,538,1557,-1868
IMU1,3093,30920491,-1998,707,1106,173,1272,-1452
IMU1,3094,30930936,-2043,699,1365,-88,859,-884
IMU1,3095,30940862,-2139,610,1604,-205,385,-262
IMU1,3096,30950988,-2318,505,1653,-197,-75,370
IMU1,3097,30960928,-2353,356,1508,-147,-485,953
IMU1,3098,30971073,-2151,225,1142,-153,-786,1408
IMU1,3099,30981418,-1871,119,796,-262,-854,1664
IMU1,3100,30991553,-1630,45,548,-479,-646,1699
IMU1,3101,31001486,-1609,14,503,-752,-263,1541
IMU1,3102,31011430,-1663,-17,616,-1006,142,1261
IMU1,3103,31021571,-1828,-34,826,-1171,480,936
IMU1,3104,31031523,-2072,-86,1060,-1208,690,635
IMU1,3105,31041673,-2189,-173,1196,-1124,684,415
IMU1,3106,31052007,-2207,-153,1251,-951,512,272
IMU1,3107,31062157,-2152,-163,1260,-733,348,186
IMU1,3108,31072302,-2078,-133,1167,-521,279,143
IMU1,3109,31082445,-2014,-27,1083,-361,285,124
# swing_peak_seq=3083
IMU1,3110,31093412,-2064,-57,1154,-237,381,83
IMU1,3111,31103165,-2113,-93,1218,-224,378,87
IMU1,3112,31112926,-2088,-70,1253,-229,271,99
IMU1,3113,31122678,-2008,-4,1321,-219,135,95
IMU1,3114,31132221,-2066,-39,1380,-192,33,88
IMU1,3115,31144306,-1960,17,1475,-152,34,89
IMU1,3116,31153746,-1976,85,1489,-99,90,73
IMU1,3117,31162994,-1945,58,1508,-73,94,52
IMU1,3118,31172243,-1837,79,1558,-72,76,11
IMU1,3119,31181494,-1837,65,1524,-107,64,-63
IMU1,3120,31191032,-1856,137,1564,-174,67,-149
IMU1,3121,31200984,-1918,270,1605,-249,40,-239
IMU1,3122,31210910,-1910,410,1642,-333,-89,-324
IMU1,3123,31220940,-1787,549,1602,-399,-288,-411
IMU1,3124,31231166,-1629,588,1498,-460,-450,-500
IMU1,3125,31241414,-1538,518,1366,-544,-488,-571
IMU1,3126,31251648,-1518,437,1312,-668,-400,-601
IMU1,3127,31261880,-1614,492,1341,-806,-250,-582
IMU1,3128,31272102,-1735,595,1405,-939,-137,-535
IMU1,3129,31282344,-1791,696,1533,-1041,-140,-490
IMU1,3130,31292780,-1833,795,1667,-1095,-324,-469
IMU1,3131,31303232,-1883,895,1764,-1077,-684,-486
IMU1,3132,31314703,-1991,683,1723,-935,-1642,-502
IMU1,3133,31325142,-1960,514,1584,-848,-1992,-409
IMU1,3134,31335584,-1969,322,1496,-755,-2107,-239
IMU1,3135,31346023,-1912,129,1397,-684,-2017,-9
IMU1,3136,31356060,-1818,51,1339,-651,-1809,220
IMU1,3137,31366203,-1775,10,1340,-659,-1535,398
IMU1,3138,31376340,-1767,-61,1419,-690,-1228,509
IMU1,3139,31386564,-1807,-148,1535,-722,-938,544
IMU1,3140,31396796,-1871,-220,1676,-744,-759,512
IMU1,3141,31407046,-1801,-280,1807,-736,-727,423
IMU1,3142,31417280,-1585,-306,1796,-699,-799,274
IMU1,3143,31427529,-1387,-280,1670,-670,-893,62
IMU1,3144,31437561,-1306,-224,1580,-674,-932,-174
IMU1,3145,31447894,-1303,-252,1785,-695,-912,-363
IMU1,3146,31458749,-1310,-327,1986,-576,-778,-535
IMU1,3147,31469072,-1318,-459,2148,-383,-762,-535
IMU1,3148,31479401,-1347,-554,2253,-130,-845,-483
IMU1,3149,31489724,-1323,-565,2242,159,-1003,-397
IMU1,3150,31500139,-1195,-525,2111,431,-1188,-321
IMU1,3151,31510582,-1005,-465,1918,633,-1369,-297
IMU1,3152,31521024,-859,-386,1797,757,-1513,-343
IMU1,3153,31531262,-728,-372,1773,836,-1595,-431
IMU1,3154,31541505,-622,-421,1725,900,-1604,-538
IMU1,3155,31551734,-576,-446,1665,954,-1554,-638
IMU1,3156,31561989,-460,-512,1658,990,-1441,-714
IMU1,3157,31572223,-395,-498,1658,1018,-1281,-768
IMU1,3158,31582648,-166,-439,1557,1046,-1112,-806
IMU1,3159,31593603,-95,-433,1543,1033,-835,-871
IMU1,3160,31603636,-273,-413,1572,990,-661,-913
IMU1,3161,31613673,-67,-561,1717,960,-518,-883
IMU1,3162,31623512,54,-709,1692,960,-454,-847
IMU1,3163,31633248,100,-765,1497,941,-467,-835
IMU1,3164,31643190,36,-867,1421,836,-491,-836
IMU1,3165,31652930,-54,-945,1627,694,-425,-817
IMU1,3166,31662759,-117,-972,1699,594,-323,-752
IMU1,3167,31672792,9,-1006,1646,535,-218,-681
IMU1,3168,31682530,153,-945,1644,469,-108,-671
IMU1,3169,31692468,176,-1004,1701,402,8,-718
IMU1,3170,31702115,202,-1053,1651,341,141,-754
IMU1,3171,31712163,110,-1128,1704,269,295,-749
IMU1,3172,31722201,13,-1174,1749,197,434,-686
IMU1,3173,31732052,-70,-1163,1850,137,518,-581
IMU1,3174,31742004,-45,-1129,1957,101,573,-474
IMU1,3175,31751958,-49,-1073,2024,84,607,-413
IMU1,3176,31761698,-61,-1006,2095,85,615,-402
IMU1,3177,31771428,-21,-905,2096,91,614,-437
IMU1,3178,31780973,-28,-823,2172,86,637,-510
IMU1,3179,31790520,-205,-712,2068,75,686,-595
IMU1,3180,31800263,-192,-689,2155,24,748,-628
IMU1,3181,31810009,-139,-596,2164,-30,802,-641
IMU1,3182,31819834,-215,-581,2148,-88,839,-677
IMU1,3183,31829682,-327,-562,2087,-161,802,-705
IMU1,3184,31839706,-344,-519,2048,-256,682,-696
IMU1,3185,31849751,-327,-457,1978,-360,588,-674
IMU1,3186,31859783,-343,-416,2013,-459,570,-650
IMU1,3187,31869818,-365,-373,2082,-524,555,-626
IMU1,3188,31879861,-389,-351,2120,-534,527,-599
IMU1,3189,31889906,-458,-331,2157,-505,496,-577
IMU1,3190,31900993,-484,-373,2145,-359,346,-515
IMU1,3191,31911036,-467,-386,2090,-268,249,-451
IMU1,3192,31921082,-493,-388,2031,-169,145,-394
IMU1,3193,31931121,-466,-384,1994,-87,59,-337
IMU1,3194,31940771,-454,-368,1958,-8,32,-295
IMU1,3195,31950226,-425,-358,1947,60,55,-269
IMU1,3196,31959763,-413,-343,1914,118,92,-270
IMU1,3197,31969510,-420,-328,1907,161,105,-284
IMU1,3198,31979445,-431,-320,1932,197,107,-302
IMU1,3199,31989391,-464,-325,1945,233,120,-319
IMU1,3200,31999347,-525,-346,1997,266,118,-327
IMU1,3201,32009291,-543,-353,2035,307,78,-319
IMU1,3202,32019005,-570,-383,2035,351,47,-303
IMU1,3203,32028722,-576,-410,1989,386,40,-275
IMU1,3204,32038435,-609,-415,1959,393,36,-239
IMU1,3205,32048139,-630,-438,1935,375,50,-188
IMU1,3206,32057850,-632,-438,1945,344,76,-134
IMU1,3207,32067561,-601,-443,1970,302,101,-93
IMU1,3208,32077270,-613,-458,1990,256,119,-75
IMU1,3209,32086986,-618,-467,2042,216,139,-68
IMU1,3210,32096703,-540,-485,2023,184,159,-71
IMU1,3211,32106413,-527,-518,1989,145,210,-82
IMU1,3212,32116126,-489,-566,2014,95,261,-86
IMU1,3213,32125628,-434,-620,2067,58,250,-81
IMU1,3214,32135142,-309,-687,2069,37,204,-75
IMU1,3215,32147214,-191,-742,2003,16,139,-67
IMU1,3216,32156718,-48,-815,1907,-20,81,-54
IMU1,3217,32165928,155,-919,1849,-77,62,-29
IMU1,3218,32175242,419,-1078,1779,-145,98,-4
IMU1,3219,32184754,746,-1267,1711,-225,159,7
IMU1,3220,32194381,1023,-1497,1711,-314,219,-2
IMU1,3221,32204310,1359,-1799,1832,-377,305,-11
IMU1,3222,32214439,1707,-2102,2080,-377,415,-27
IMU1,3223,32224549,1981,-2406,2349,-277,447,-62
IMU1,3224,32234670,2156,-2570,2681,-74,338,-95
IMU1,3225,32244597,2318,-2648,3001,224,159,-106
IMU1,3226,32254826,2449,-2615,2956,564,-20,-111
IMU1,3227,32264955,2522,-2418,2514,823,-209,-110
IMU1,3228,32276321,2309,-1955,2278,898,-450,-52
IMU1,3229,32286453,2052,-1677,1958,732,-493,81
IMU1,3230,32296473,1863,-1323,1597,458,-497,273
IMU1,3231,32306704,1644,-960,1171,74,-335,497
IMU1,3232,32316536,1203,-525,830,-403,14,722
IMU1,3233,32326167,652,-188,826,-893,431,934
IMU1,3234,32335790,-145,156,792,-1288,832,1161
IMU1,3235,32345822,-819,510,421,-1589,1173,1409
IMU1,3236,32356053,-1458,913,-13,-1891,1527,1629
IMU1,3237,32366379,-2257,1383,-184,-2190,2010,1769
IMU1,3238,32377099,-2981,1839,-102,-2396,2558,1829
IMU1,3239,32387845,-3433,2148,339,-2401,3079,1779
IMU1,3240,32398475,-3955,2425,835,-2114,3623,1626
IMU1,3241,32409113,-4248,2512,1163,-1546,4114,1415
IMU1,3242,32419963,-4839,2390,2133,203,3642,1132
IMU1,3243,32430504,-4720,1828,2096,1198,3176,933
IMU1,3244,32441062,-4385,1636,1865,2072,2348,721
IMU1,3245,32451599,-3756,1344,1687,2708,1385,412
IMU1,3246,32462132,-3278,1225,1612,3129,666,73
IMU1,3247,32472260,-2701,1286,1367,3363,282,-234
IMU1,3248,32482678,-2554,1003,1556,3416,250,-484
IMU1,3249,32493105,-2455,993,1742,3391,303,-570
IMU1,3250,32503346,-2317,901,1706,3288,193,-556
IMU1,3251,32513589,-2308,705,1648,3048,-15,-494
IMU1,3252,32523714,-2235,614,1270,2643,-364,-355
IMU1,3253,32534048,-2126,574,949,2054,-731,-156
IMU1,3254,32544185,-2114,360,720,1348,-821,99
IMU1,3255,32555045,-2168,213,620,-58,-514,718
IMU1,3256,32564787,-2073,92,567,-672,-395,973
IMU1,3257,32574515,-1949,22,557,-1182,-254,1115
IMU1,3258,32584652,-1900,6,531,-1572,-61,1112
IMU1,3259,32594391,-1879,-54,550,-1835,151,985
IMU1,3260,32604336,-1835,-145,548,-1981,365,771
IMU1,3261,32614465,-1958,-209,615,-2010,565,502
IMU1,3262,32624583,-2107,-319,777,-1922,722,259
IMU1,3263,32634721,-2232,-392,937,-1709,810,75
IMU1,3264,32644671,-2309,-385,1088,-1403,784,-51
IMU1,3265,32654900,-2299,-341,1224,-1026,617,-132
IMU1,3266,32665326,-2218,-269,1271,-617,355,-189
IMU1,3267,32675566,-2110,-212,1241,-233,114,-227
# swing_peak_seq=3241
IMU1,3268,32685791,-2033,-171,1130,67,-19,-249
IMU1,3269,32695612,-2001,-142,967,248,-44,-252
IMU1,3270,32705427,-2011,-90,822,283,17,-225
IMU1,3271,32714953,-2061,-56,845,200,133,-170
IMU1,3272,32724685,-2115,-72,963,63,251,-110
IMU1,3273,32734216,-2144,-117,1102,-73,294,-60
IMU1,3274,32744059,-2081,-116,1277,-173,213,-42
IMU1,3275,32754079,-1991,-93,1409,-222,78,-71
IMU1,3276,32763721,-1958,-47,1444,-223,-13,-129
IMU1,3277,32773645,-1960,-34,1450,-206,-52,-191
IMU1,3278,32783524,-1990,-26,1440,-195,-61,-234
IMU1,3279,32793414,-2036,35,1394,-209,-48,-256
IMU1,3280,32803219,-2031,65,1347,-267,-40,-262
IMU1,3281,32813000,-1941,38,1362,-353,-66,-282
IMU1,3282,32822784,-1827,47,1425,-459,-144,-313
IMU1,3283,32833821,-1687,153,1362,-627,-347,-423
IMU1,3284,32844009,-1679,169,1263,-724,-390,-437
IMU1,3285,32854204,-1643,110,1156,-831,-374,-402
IMU1,3286,32864397,-1641,23,1065,-960,-290,-327
IMU1,3287,32874382,-1710,-55,1040,-1088,-136,-197
IMU1,3288,32884671,-1740,-158,1099,-1213,32,-37
IMU1,3289,32894671,-1771,-260,1276,-1300,108,123
IMU1,3290,32904976,-1810,-304,1423,-1310,42,254
IMU1,3291,32915078,-1685,-377,1449,-1240,-162,329
IMU1,3292,32925476,-1490,-456,1392,-1119,-398,322
IMU1,3293,32935887,-1399,-487,1230,-990,-511,253
IMU1,3294,32946094,-1396,-524,1095,-892,-408,162
IMU1,3295,32956293,-1440,-571,1095,-843,-131,76
IMU1,3296,32966303,-1534,-605,1254,-803,201,-3
IMU1,3297,32976117,-1683,-598,1528,-735,428,-87
IMU1,3298,32986109,-1730,-636,1811,-600,450,-177
IMU1,3299,32996316,-1898,-580,2034,-404,270,-285
IMU1,3300,33007047,-1826,-524,2015,62,-436,-476
IMU1,3301,33017061,-1756,-455,1929,251,-716,-559
IMU1,3302,33027280,-1725,-378,1837,397,-850,-637
IMU1,3303,33037488,-1771,-317,1742,477,-876,-699
IMU1,3304,33047703,-1858,-291,1684,489,-835,-732
IMU1,3305,33057910,-1912,-244,1672,443,-754,-739
IMU1,3306,33068130,-2055,-167,1699,352,-703,-739
IMU1,3307,33078345,-2116,-132,1778,248,-744,-754
IMU1,3308,33088565,-2051,-101,1833,150,-906,-821
IMU1,3309,33098772,-2133,-62,1866,65,-1131,-941
IMU1,3310,33108792,-2122,101,1982,8,-1389,-1073
IMU1,3311,33118916,-2291,-84,1688,-27,-1684,-1190
IMU1,3312,33129225,-2129,-103,1547,-110,-1864,-1252
IMU1,3313,33139934,-1937,7,1428,-211,-1851,-1325
IMU1,3314,33152705,-1869,-58,1102,-447,-1652,-1414
IMU1,3315,33163211,-1762,-100,943,-595,-1465,-1345
IMU1,3316,33173721,-1696,-158,931,-740,-1262,-1236
IMU1,3317,33184253,-1587,-284,989,-836,-1136,-1097
IMU1,3318,33194759,-1351,-360,915,-869,-1148,-955
IMU1,3319,33205086,-1012,-283,717,-870,-1274,-853
IMU1,3320,33215404,-676,-247,670,-859,-1397,-810
IMU1,3321,33225517,62,-552,502,-814,-1331,-824
IMU1,3322,33235340,-145,-533,522,-733,-1078,-891
IMU1,3323,33245455,-680,-574,716,-612,-853,-863
IMU1,3324,33255375,-408,-600,902,-424,-615,-728
IMU1,3325,33265293,-95,-893,336,-197,-329,-630
IMU1,3326,33276562,241,-1099,958,73,375,-605
IMU1,3327,33286204,1023,-1145,1311,279,911,-645
IMU1,3328,33296416,925,-726,236,527,1487,-828
IMU1,3329,33306226,1212,-258,-209,564,1888,-1048
IMU1,3330,33316531,862,-224,-158,496,2156,-1317
IMU1,3331,33326649,424,-333,460,475,2409,-1512
IMU1,3332,33336673,-374,-647,1883,615,2649,-1595
IMU1,3333,33346997,-317,-1941,4326,1102,2449,-1562
IMU1,3334,33357726,-1645,-2307,3215,1863,1140,-1454
IMU1,3335,33368644,-1336,-1966,1921,2346,-288,-1184
IMU1,3336,33379456,-1015,-2015,2463,2531,-1606,-946
IMU1,3337,33390282,-686,-1913,3343,2756,-2283,-748
IMU1,3338,33401432,-571,-590,2272,3348,-775,-306
IMU1,3339,33411677,-1269,-680,1928,3282,140,-116
IMU1,3340,33421994,-1392,-812,1327,2996,903,215
IMU1,3341,33432232,-1153,-646,1325,2491,1188,561
IMU1,3342,33442664,-1184,-291,1484,1932,1104,833
IMU1,3343,33453086,-855,-126,1688,1392,892,1036
IMU1,3344,33463303,-672,-153,1984,922,718,1134
IMU1,3345,33473341,-689,-279,2212,547,641,1146
IMU1,3346,33483367,-709,-375,2391,271,552,1092
IMU1,3347,33493413,-706,-395,2467,89,393,977
IMU1,3348,33503052,-529,-442,2376,-30,224,808
IMU1,3349,33512782,-520,-349,2282,-130,79,588
IMU1,3350,33522512,-445,-233,2164,-222,37,344
IMU1,3351,33532240,-440,-239,2216,-304,83,88
IMU1,3352,33541770,-547,-374,2259,-342,140,-148
IMU1,3353,33551786,-738,-433,2234,-338,108,-315
IMU1,3354,33561819,-781,-434,2158,-322,-21,-407
IMU1,3355,33571732,-761,-444,2127,-311,-171,-448
IMU1,3356,33581858,-779,-437,2071,-296,-282,-444
IMU1,3357,33591991,-720,-435,1990,-283,-379,-402
IMU1,3358,33603154,-712,-647,1752,-285,-499,-244
IMU1,3359,33613257,-781,-721,1678,-325,-456,-108
IMU1,3360,33623354,-738,-743,1636,-360,-352,24
IMU1,3361,33633164,-590,-736,1605,-403,-251,132
IMU1,3362,33643166,-429,-702,1620,-440,-179,182
IMU1,3363,33653167,-321,-677,1652,-453,-134,155
IMU1,3364,33663169,-383,-700,1690,-450,-120,95
IMU1,3365,33672989,-503,-768,1697,-438,-108,43
IMU1,3366,33682787,-608,-813,1662,-425,-111,28
IMU1,3367,33692590,-681,-836,1672,-420,-129,47
IMU1,3368,33702390,-660,-829,1635,-428,-129,91
IMU1,3369,33712204,-721,-847,1661,-443,-86,129
IMU1,3370,33722002,-785,-891,1721,-455,-19,179
IMU1,3371,33731812,-883,-931,1840,-443,50,237
IMU1,3372,33741538,-929,-952,1950,-395,83,296
IMU1,3373,33751270,-936,-964,1996,-315,60,325
IMU1,3374,33760996,-934,-926,2034,-225,-5,320
IMU1,3375,33770611,-898,-945,2021,-137,-46,278
IMU1,3376,33780428,-865,-927,2012,-70,-77,200
IMU1,3377,33790049,-889,-914,2006,-26,-105,101
IMU1,3378,33799868,-942,-930,2037,-2,-127,7
IMU1,3379,33809084,-987,-937,2081,11,-141,-63
IMU1,3380,33818689,-979,-954,2134,14,-136,-108
IMU1,3381,33828501,-934,-968,2162,12,-109,-145
IMU1,3382,33838308,-876,-984,2190,-4,-108,-182
IMU1,3383,33848022,-809,-990,2213,-31,-151,-222
IMU1,3384,33857927,-738,-1019,2212,-72,-208,-261
IMU1,3385,33868032,-622,-888,2286,-118,-254,-294
IMU1,3386,33878147,-527,-1103,2198,-163,-313,-319
IMU1,3387,33888474,-350,-1355,2164,-247,-402,-317
IMU1,3388,33898786,-20,-1437,2199,-358,-452,-307
IMU1,3389,33908910,292,-1521,2160,-465,-377,-322
IMU1,3390,33919133,531,-1685,2278,-583,-192,-361
IMU1,3391,33930405,890,-1971,2302,-800,110,-442
IMU1,3392,33940517,1102,-2117,2343,-874,57,-456
IMU1,3393,33950648,1509,-2274,2343,-920,-228,-465
IMU1,3394,33961083,2013,-2518,2130,-936,-694,-535
IMU1,3395,33971511,2521,-2671,2450,-937,-1161,-588
IMU1,3396,33982150,2752,-2595,2495,-817,-1234,-621
IMU1,3397,33992789,2496,-2339,2295,-634,-886,-557
IMU1,3398,34003239,2258,-2126,2012,-458,-484,-353
IMU1,3399,34013643,2029,-1852,1816,-308,-348,-87
IMU1,3400,34023858,2028,-1462,1731,-162,-479,172
IMU1,3401,34034170,1783,-982,1862,34,-607,397
IMU1,3402,34044007,1277,-536,1794,299,-508,638
IMU1,3403,34055610,608,46,557,581,92,1242
IMU1,3404,34064858,473,439,-368,312,497,1488
IMU1,3405,34074589,91,749,-1024,-255,1014,1648
IMU1,3406,34084611,-923,1057,-1169,-995,1539,1776
IMU1,3407,34095128,-2600,1333,-805,-1705,1904,1979
IMU1,3408,34105846,-2918,1216,-192,-2185,2183,2246
IMU1,3409,34116563,-3588,2080,644,-2366,2430,2476
IMU1,3410,34127195,-3421,2540,1590,-2203,2970,2613
IMU1,3411,34138049,-3552,2375,2390,-1639,3442,2502
IMU1,3412,34148897,-3723,2149,2294,-756,3282,2296
IMU1,3413,34162098,-3668,1897,1352,880,2099,2188
IMU1,3414,34172633,-3630,1693,1029,1396,2011,2261
IMU1,3415,34183376,-3765,1432,933,1696,2049,2335
IMU1,3416,34193921,-3678,1195,1036,1828,1996,2384
IMU1,3417,34204676,-3335,932,1169,1876,1787,2306
IMU1,3418,34215223,-3050,781,1344,1895,1454,2055
IMU1,3419,34225765,-2825,647,1570,1928,1126,1674
IMU1,3420,34236299,-2667,500,1658,1990,822,1231
IMU1,3421,34246643,-2620,206,1527,2041,484,469
IMU1,3422,34257279,-2508,124,1302,1931,-74,248
IMU1,3423,34267306,-2323,129,995,1706,-239,109
IMU1,3424,34277332,-2174,197,728,1342,-253,35
IMU1,3425,34287168,-2071,247,437,872,-100,2
IMU1,3426,34296604,-2087,273,404,321,95,-4
IMU1,3427,34305830,-2070,199,561,-228,189,-14
IMU1,3428,34315545,-1921,118,656,-681,161,-33
IMU1,3429,34325257,-1853,75,641,-1010,159,-66
IMU1,3430,34334976,-1885,43,589,-1240,226,-86
IMU1,3431,34344702,-1971,-31,573,-1392,327,-77
IMU1,3432,34354533,-2027,-87,580,-1468,490,-30
IMU1,3433,34364366,-2102,-173,586,-1490,658,21
IMU1,3434,34374298,-2234,-251,663,-1466,711,58
IMU1,3435,34384244,-2244,-286,837,-1370,613,87
IMU1,3436,34394173,-2230,-321,1041,-1178,426,92
IMU1,3437,34404314,-2291,-358,1155,-892,201,79
# swing_peak_seq=3411
IMU1,3438,34414256,-2345,-337,1217,-554,-20,74
IMU1,3439,34424076,-2317,-303,1202,-215,-175,71
IMU1,3440,34434095,-2253,-230,1129,71,-260,48
IMU1,3441,34443804,-2203,-124,1065,264,-311,-17
IMU1,3442,34453818,-2108,-32,999,359,-333,-122
IMU1,3443,34463630,-2007,-13,969,355,-310,-256
IMU1,3444,34473447,-1946,-51,957,272,-283,-397
IMU1,3445,34483268,-1953,-32,968,136,-289,-524
IMU1,3446,34493072,-2004,-29,1014,-24,-291,-615
IMU1,3447,34502985,-2132,-22,1124,-185,-262,-656
IMU1,3448,34513094,-2260,43,1214,-326,-210,-647
IMU1,3449,34523104,-2302,109,1240,-451,-169,-624
IMU1,3450,34533330,-2229,150,1211,-585,-180,-623
IMU1,3451,34543566,-2034,141,1219,-737,-246,-678
IMU1,3452,34553796,-1861,123,1161,-888,-286,-802
IMU1,3453,34565057,-1890,-19,1105,-1189,-157,-1131
IMU1,3454,34575577,-2167,-76,1046,-1343,-64,-1218
IMU1,3455,34585887,-2351,-120,1039,-1492,-62,-1207
IMU1,3456,34596395,-2444,-156,1118,-1616,-155,-1135
IMU1,3457,34607114,-2478,-162,1187,-1675,-325,-1039
IMU1,3458,34617836,-2364,-265,1264,-1657,-554,-945
IMU1,3459,34628358,-2231,-379,1380,-1557,-783,-866
IMU1,3460,34638887,-2059,-505,1425,-1370,-957,-801
IMU1,3461,34649404,-1961,-586,1305,-1138,-1036,-748
IMU1,3462,34660128,-1846,-634,1124,-924,-1026,-700
IMU1,3463,34670650,-1909,-629,1151,-634,-968,-704
IMU1,3464,34680989,-1991,-627,1171,-525,-984,-707
IMU1,3465,34691318,-1989,-634,1185,-428,-1055,-699
IMU1,3466,34701843,-1965,-631,1148,-349,-1157,-677
IMU1,3467,34712371,-1869,-725,1092,-285,-1225,-646
IMU1,3468,34722897,-1622,-818,1114,-234,-1219,-617
IMU1,3469,34733417,-1373,-839,1127,-184,-1154,-619
IMU1,3470,34743948,-1253,-842,1098,-141,-1070,-665
IMU1,3471,34754474,-1179,-824,1122,-113,-981,-731
IMU1,3472,34764799,-1298,-745,1233,-83,-907,-793
IMU1,3473,34774941,-1467,-700,1541,-17,-910,-810
IMU1,3474,34786116,-1401,-727,1489,273,-1102,-717
IMU1,3475,34796548,-1305,-714,1394,406,-1214,-656
IMU1,3476,34806979,-1179,-734,1337,487,-1316,-598
IMU1,3477,34817414,-1062,-745,1361,546,-1408,-572
IMU1,3478,34827821,-976,-753,1453,603,-1511,-544
IMU1,3479,34838051,-965,-698,1432,671,-1618,-492
IMU1,3480,34848266,-1095,-749,1380,726,-1691,-405
IMU1,3481,34858669,-994,-754,1340,768,-1697,-288
IMU1,3482,34868888,-982,-729,1361,797,-1662,-172
IMU1,3483,34879095,-1050,-704,1503,836,-1608,-62
IMU1,3484,34889319,-1071,-724,1663,907,-1561,50
IMU1,3485,34899445,-919,-748,1718,1009,-1549,151
IMU1,3486,34909765,-722,-758,1592,1111,-1557,213
IMU1,3487,34920624,-185,-767,1309,1179,-1481,189
IMU1,3488,34930939,-48,-802,1040,1048,-1361,111
IMU1,3489,34941052,-97,-831,1132,838,-1230,22
IMU1,3490,34950782,-97,-795,750,616,-1148,-32
IMU1,3491,34960419,190,-844,698,327,-1053,-58
IMU1,3492,34970131,549,-869,650,2,-867,-129
IMU1,3493,34979456,390,-815,800,-316,-536,-281
IMU1,3494,34989287,155,-953,1313,-557,-104,-412
IMU1,3495,34999315,44,-989,1421,-640,221,-467
IMU1,3496,35009049,-63,-1022,1621,-622,375,-484
IMU1,3497,35019069,-145,-1130,1770,-526,384,-440
IMU1,3498,35029305,-212,-1170,1825,-357,294,-350
IMU1,3499,35039537,-291,-1279,1748,-164,221,-216
IMU1,3500,35049775,-321,-1383,1558,-15,258,-34
IMU1,3501,35059598,-417,-1412,1498,60,374,174
IMU1,3502,35069441,-408,-1400,1590,103,461,365
IMU1,3503,35079475,-427,-1359,1718,155,484,501
IMU1,3504,35089513,-430,-1331,1885,239,480,577
IMU1,3505,35099555,-371,-1322,1954,357,479,594
IMU1,3506,35109603,-400,-1348,1960,472,514,563
IMU1,3507,35119643,-420,-1366,1947,559,576,500
IMU1,3508,35129697,-463,-1356,1892,613,611,415
IMU1,3509,35139742,-496,-1325,1845,622,597,326
IMU1,3510,35149788,-534,-1273,1856,587,570,246
IMU1,3511,35162294,-465,-1147,1758,467,553,127
IMU1,3512,35172346,-621,-1162,1821,351,561,59
IMU1,3513,35182204,-800,-1146,1791,224,576,14
IMU1,3514,35192054,-799,-1108,1984,103,555,24
IMU1,3515,35201914,-679,-1043,2002,40,484,15
IMU1,3516,35211540,-704,-1001,2036,15,405,-39
IMU1,3517,35221268,-789,-976,1975,7,332,-100
IMU1,3518,35230807,-808,-956,1994,11,251,-136
IMU1,3519,35240527,-717,-939,2008,31,198,-166
IMU1,3520,35250250,-738,-912,2049,58,187,-214
IMU1,3521,35259972,-842,-908,2034,98,176,-256
IMU1,3522,35269700,-906,-914,2021,137,130,-269
IMU1,3523,35279625,-917,-877,1991,167,59,-251
IMU1,3524,35289353,-871,-853,1926,183,12,-224
IMU1,3525,35299075,-785,-820,1838,169,-9,-205
IMU1,3526,35308700,-751,-789,1843,129,-33,-203
IMU1,3527,35318527,-776,-808,1891,88,-65,-212
IMU1,3528,35328150,-811,-802,1941,65,-110,-217
IMU1,3529,35337946,-815,-792,1979,57,-160,-217
IMU1,3530,35347765,-751,-799,1975,64,-160,-220
IMU1,3531,35357596,-745,-803,2000,72,-133,-234
IMU1,3532,35367425,-748,-841,2050,90,-157,-250
IMU1,3533,35377250,-699,-882,2113,123,-257,-254
IMU1,3534,35387276,-629,-929,2138,172,-384,-252
IMU1,3535,35397309,-572,-985,2159,228,-486,-223
IMU1,3536,35407327,-474,-1038,2172,285,-533,-175
IMU1,3537,35417555,-359,-1106,2137,322,-529,-120
IMU1,3538,35427789,-268,-1217,2120,325,-505,-63
IMU1,3539,35437817,-229,-1324,2133,301,-505,0
IMU1,3540,35447447,-108,-1451,2136,262,-558,69
IMU1,3541,35457374,34,-1587,2126,209,-639,132
IMU1,3542,35467206,232,-1734,2122,145,-741,173
IMU1,3543,35477234,476,-2072,1981,78,-852,183
IMU1,3544,35488112,1025,-2304,1999,-122,-921,111
IMU1,3545,35498436,1294,-2526,2211,-219,-902,33
IMU1,3546,35508569,1506,-2762,2467,-257,-944,-57
IMU1,3547,35518803,1661,-3063,2639,-221,-1065,-125
IMU1,3548,35529430,1681,-3276,2714,-134,-1173,-150
IMU1,3549,35540065,1699,-3376,2709,-49,-1184,-98
IMU1,3550,35550290,1838,-3283,2575,20,-1132,-6
IMU1,3551,35560230,2023,-3017,2305,47,-1150,60
IMU1,3552,35570276,2090,-2633,2161,25,-1165,81
IMU1,3553,35580316,1933,-2118,2116,7,-1072,78
IMU1,3554,35590173,1626,-1615,2226,52,-919,88
IMU1,3555,35600012,1284,-1171,2397,200,-760,147
IMU1,3556,35610237,1125,-785,2344,451,-548,258
IMU1,3557,35620287,1040,-369,1856,704,-200,374
IMU1,3558,35630319,904,-29,1178,815,324,461
IMU1,3559,35639873,670,308,641,726,842,522
IMU1,3560,35649321,182,713,254,497,1183,581
IMU1,3561,35658961,-475,1134,173,184,1344,707
IMU1,3562,35668898,-1024,1417,-87,-115,1451,947
IMU1,3563,35679026,-1559,1843,-484,-430,1650,1283
IMU1,3564,35690078,-2540,2561,-19,-964,2285,2023
IMU1,3565,35700410,-2650,2634,411,-951,2578,2295
IMU1,3566,35710855,-2518,2584,906,-718,2828,2408
IMU1,3567,35721315,-2793,2652,1159,-328,3047,2380
IMU1,3568,35731965,-2841,2436,1273,125,3327,2293
IMU1,3569,35742521,-3267,1971,1253,542,3503,2183
IMU1,3570,35753081,-3500,1690,1272,853,3302,2140
IMU1,3571,35763639,-3476,1383,1417,1061,2821,2106
IMU1,3572,35774387,-3213,1121,1383,1196,2179,2018
IMU1,3573,35785147,-2148,810,1664,1268,1377,1799
IMU1,3574,35796220,-1842,674,2021,1525,104,953
IMU1,3575,35806375,-1875,524,2273,1833,-74,507
IMU1,3576,35816440,-1945,443,2140,2154,-30,175
IMU1,3577,35826486,-1811,400,1959,2341,22,-78
IMU1,3578,35836339,-1984,353,1828,2329,15,-291
IMU1,3579,35846400,-2302,241,1439,2111,92,-366
IMU1,3580,35856419,-2283,240,1021,1650,176,-269
IMU1,3581,35866633,-2068,347,839,1003,56,-137
IMU1,3582,35876458,-1758,360,1033,311,-130,-57
IMU1,3583,35886395,-1704,363,1205,-282,-196,-36
IMU1,3584,35896415,-1731,300,1118,-741,-114,-10
IMU1,3585,35906439,-1755,174,1099,-1117,52,39
IMU1,3586,35916278,-1749,36,1116,-1391,204,91
IMU1,3587,35926125,-1762,-63,1094,-1557,280,119
IMU1,3588,35936256,-1797,-77,1057,-1632,306,129
IMU1,3589,35946384,-1826,-92,1041,-1628,330,126
IMU1,3590,35956505,-1839,-99,1053,-1558,358,110
IMU1,3591,35966646,-1921,-83,1127,-1422,403,87
IMU1,3592,35976575,-1991,-47,1239,-1228,430,65
IMU1,3593,35986515,-1909,-69,1326,-987,386,30
IMU1,3594,35996259,-1804,-190,1395,-738,310,-43
IMU1,3595,36007334,-1785,-226,1543,-329,262,-254
# swing_peak_seq=3569
IMU1,3596,36017555,-1818,-159,1675,-151,205,-341
IMU1,3597,36027787,-1765,-146,1616,21,88,-407
IMU1,3598,36037509,-1749,-106,1512,146,-57,-451
IMU1,3599,36047546,-1719,-141,1465,216,-145,-455
IMU1,3600,36057753,-1751,-142,1288,229,-130,-419
IMU1,3601,36067950,-1790,-207,1252,172,-77,-344
IMU1,3602,36077961,-1759,-216,1237,66,-62,-244
IMU1,3603,36087780,-1739,-227,1214,-59,-87,-155
IMU1,3604,36097689,-1765,-191,1181,-183,-144,-87
IMU1,3605,36107774,-1742,-152,1179,-293,-189,-23
IMU1,3606,36117884,-1693,-114,1277,-367,-172,17
IMU1,3607,36127894,-1724,-63,1351,-386,-126,16
IMU1,3608,36137709,-1842,-13,1427,-354,-125,-12
IMU1,3609,36147610,-1882,-3,1535,-281,-189,-44
IMU1,3610,36157312,-1816,-61,1619,-181,-301,-98
IMU1,3611,36169788,-1844,41,1528,-74,-447,-176
IMU1,3612,36180634,-1813,120,1491,33,-730,-314
IMU1,3613,36190563,-1785,158,1468,26,-836,-376
IMU1,3614,36200488,-1730,227,1371,-2,-901,-411
IMU1,3615,36210301,-1767,320,1318,-70,-893,-414
IMU1,3616,36220315,-1808,399,1298,-165,-813,-395
IMU1,3617,36230534,-1779,401,1360,-268,-775,-375
IMU1,3618,36240746,-1710,392,1448,-363,-879,-371
IMU1,3619,36250965,-1628,433,1447,-428,-1084,-390
IMU1,3620,36261368,-1503,375,1363,-471,-1261,-417
IMU1,3621,36271791,-1416,361,1215,-529,-1325,-432
IMU1,3622,36282220,-1368,347,1154,-600,-1247,-427
IMU1,3623,36292647,-1395,348,1208,-674,-1061,-415
IMU1,3624,36303062,-1474,353,1312,-725,-869,-405
IMU1,3625,36313286,-1499,332,1403,-753,-806,-405
IMU1,3626,36323511,-1518,173,1478,-758,-888,-430
IMU1,3627,36334269,-1380,59,1505,-724,-1156,-489
IMU1,3628,36344497,-1248,-26,1490,-701,-1292,-514
IMU1,3629,36354818,-1098,-133,1462,-671,-1375,-552
IMU1,3630,36365334,-1069,-162,1486,-643,-1313,-572
IMU1,3631,36375846,-1130,-135,1560,-608,-1070,-556
IMU1,3632,36386376,-1227,-126,1638,-564,-758,-507
IMU1,3633,36396699,-1334,-193,1713,-513,-570,-439
IMU1,3634,36407032,-1347,-284,1728,-465,-626,-366
IMU1,3635,36417359,-1237,-360,1670,-440,-895,-309
IMU1,3636,36427679,-1039,-505,1634,-438,-1233,-282
IMU1,3637,36438206,-834,-663,1580,-459,-1496,-266
IMU1,3638,36448539,-683,-677,1387,-498,-1593,-249
IMU1,3639,36459385,-709,-706,1423,-641,-1396,-174
IMU1,3640,36469706,-801,-725,1507,-698,-1188,-105
IMU1,3641,36480031,-994,-859,1714,-707,-971,-20
IMU1,3642,36489932,-813,-683,1701,-648,-847,59
IMU1,3643,36499742,-727,-803,1973,-544,-862,77
IMU1,3644,36509567,-650,-1045,2023,-388,-1009,77
IMU1,3645,36519785,-384,-1081,1896,-203,-1223,68
IMU1,3646,36530012,-199,-1018,1892,-50,-1385,4
IMU1,3647,36539841,-86,-907,1733,60,-1372,-117
IMU1,3648,36549664,-20,-890,1649,95,-1202,-265
IMU1,3649,36559481,-55,-950,1554,65,-996,-397
IMU1,3650,36569121,-192,-928,1540,-8,-867,-496
IMU1,3651,36578849,-401,-980,1716,-75,-857,-545
IMU1,3652,36588773,-427,-1167,1852,-82,-926,-520
IMU1,3653,36598907,-235,-1271,1925,-27,-1006,-448
IMU1,3654,36609232,-101,-1261,1954,75,-1035,-368
IMU1,3655,36619460,89,-1220,1940,205,-993,-290
IMU1,3656,36629393,178,-1163,1898,337,-905,-241
IMU1,3657,36639530,162,-1094,1845,455,-798,-202
IMU1,3658,36649671,161,-1152,1809,541,-679,-156
IMU1,3659,36659802,152,-1217,1701,591,-552,-102
IMU1,3660,36670977,-43,-1178,1699,563,-301,6
IMU1,3661,36680520,18,-1203,1660,509,-242,69
IMU1,3662,36690148,81,-1179,1664,450,-241,85
IMU1,3663,36699783,133,-1145,1718,394,-275,66
IMU1,3664,36709639,201,-1161,1733,356,-291,16
IMU1,3665,36719477,262,-1127,1730,329,-234,-61
IMU1,3666,36729411,254,-1078,1700,294,-92,-152
IMU1,3667,36739350,169,-1074,1636,238,107,-242
IMU1,3668,36749374,140,-1013,1580,156,308,-329
IMU1,3669,36759414,149,-956,1581,68,413,-423
IMU1,3670,36769067,114,-971,1654,-8,379,-531
IMU1,3671,36778600,127,-1025,1750,-49,263,-628
IMU1,3672,36788537,135,-1039,1767,-56,191,-696
IMU1,3673,36798465,141,-1047,1769,-48,272,-737
IMU1,3674,36808402,178,-1003,1561,-52,473,-760
IMU1,3675,36818325,127,-1007,1472,-129,683,-786
IMU1,3676,36828448,48,-1075,1619,-254,867,-816
IMU1,3677,36838369,-46,-986,1932,-345,991,-843
IMU1,3678,36848208,-190,-950,2417,-311,1009,-857
IMU1,3679,36858442,-305,-966,2633,-102,897,-846
IMU1,3680,36868473,-324,-878,2302,210,614,-804
IMU1,3681,36878386,-280,-761,1944,428,288,-745
IMU1,3682,36888303,-429,-933,2128,504,180,-663
IMU1,3683,36898218,-360,-938,2062,553,279,-497
IMU1,3684,36908141,-292,-994,2144,600,346,-310
IMU1,3685,36918072,-254,-1009,1967,646,353,-158
IMU1,3686,36928186,-324,-955,1832,646,321,-53
IMU1,3687,36937891,-329,-963,1713,593,279,22
IMU1,3688,36947518,-252,-937,1660,495,222,65
IMU1,3689,36957141,-94,-867,1711,384,162,42
IMU1,3690,36966564,42,-836,1797,295,144,-71
IMU1,3691,36975975,10,-853,1854,227,175,-236
IMU1,3692,36985610,-134,-880,1878,177,239,-398
IMU1,3693,36995529,-255,-919,1914,132,333,-519
IMU1,3694,37005458,-301,-932,1967,86,438,-607
IMU1,3695,37015188,-380,-917,2057,46,487,-681
IMU1,3696,37024922,-451,-956,2179,27,443,-734
IMU1,3697,37034658,-450,-1010,2260,37,363,-767
IMU1,3698,37044585,-395,-1028,2204,57,285,-779
IMU1,3699,37055553,-369,-1088,2097,48,195,-768
IMU1,3700,37065488,-273,-1129,2054,-5,183,-747
IMU1,3701,37075319,-152,-1175,2059,-65,161,-726
IMU1,3702,37085339,-10,-1227,2047,-121,132,-707
IMU1,3703,37095363,122,-1301,2026,-171,131,-691
IMU1,3704,37105478,340,-1373,1958,-222,157,-672
IMU1,3705,37115615,585,-1478,1874,-277,188,-671
IMU1,3706,37125756,789,-1625,1884,-335,251,-684
IMU1,3707,37135878,946,-1786,1931,-374,351,-698
IMU1,3708,37146011,1153,-1971,1972,-391,428,-703
IMU1,3709,37156341,1332,-2206,2054,-391,461,-689
IMU1,3710,37166672,1468,-2412,2269,-357,452,-648
IMU1,3711,37179466,1870,-2844,2520,-276,341,-575
IMU1,3712,37190331,2069,-2821,2470,-58,-13,-368
IMU1,3713,37200375,2266,-2679,2410,46,-94,-246
IMU1,3714,37210295,2419,-2451,2096,101,14,-144
IMU1,3715,37220326,2529,-2316,1842,58,288,-63
IMU1,3716,37230171,2573,-2084,1592,-76,581,-18
IMU1,3717,37240109,2491,-1778,1496,-249,726,-13
IMU1,3718,37250241,2329,-1557,1372,-410,765,-22
IMU1,3719,37260376,2029,-1340,1366,-527,867,29
IMU1,3720,37270416,1550,-1095,1634,-517,1073,175
IMU1,3721,37280859,1155,-829,1600,-345,1370,429
IMU1,3722,37291072,926,-557,1121,-122,1762,747
IMU1,3723,37301112,626,-229,614,10,2183,1054
IMU1,3724,37310866,250,123,478,51,2398,1315
IMU1,3725,37320525,-141,531,505,127,2350,1532
IMU1,3726,37330472,-713,1026,442,290,2243,1763
IMU1,3727,37340616,-1586,1437,216,511,2282,2088
IMU1,3728,37350971,-2278,1781,-60,718,2473,2524
IMU1,3729,37361231,-2346,2294,-189,867,2731,2894
IMU1,3730,37371672,-2392,3191,359,997,3035,2970
IMU1,3731,37382579,-3242,2923,451,1445,3527,2431
IMU1,3732,37393110,-3664,2424,487,1617,3763,2203
IMU1,3733,37403663,-3946,1810,381,1604,4026,2108
IMU1,3734,37414204,-3912,1594,-39,1359,4262,2093
IMU1,3735,37424666,-4034,1452,-126,886,4104,2013
IMU1,3736,37435100,-4202,1080,567,388,3292,1796
IMU1,3737,37445455,-3171,803,1841,201,2009,1431
IMU1,3738,37455796,-2071,809,2760,556,833,784
IMU1,3739,37465754,-2221,796,2711,1300,168,-5
IMU1,3740,37475601,-2810,498,2107,1979,40,-537
IMU1,3741,37485647,-2808,431,1480,2279,56,-708
IMU1,3742,37495685,-2427,480,790,2147,-152,-730
IMU1,3743,37505830,-2115,486,288,1644,-336,-695
IMU1,3744,37515957,-1928,220,-42,914,-239,-574
IMU1,3745,37526842,-2405,88,400,-602,233,10
IMU1,3746,37536796,-2354,126,943,-1046,216,372
IMU1,3747,37546842,-2109,93,1313,-1186,93,589
IMU1,3748,37556691,-2119,32,1239,-1100,-13,657
IMU1,3749,37566638,-2177,-75,937,-949,-36,639
IMU1,3750,37576299,-2258,-134,701,-844,14,591
IMU1,3751,37586046,-2157,-132,599,-785,111,503
IMU1,3752,37595994,-2022,-130,606,-740,197,337
IMU1,3753,37605952,-1983,-160,644,-684,259,107
IMU1,3754,37615881,-2067,-187,628,-607,309,-119
IMU1,3755,37625928,-2163,-170,656,-524,346,-279
IMU1,3756,37635957,-2214,-168,756,-428,342,-371
IMU1,3757,37645995,-2302,-157,853,-317,304,-393
IMU1,3758,37656048,-2322,-136,894,-195,252,-353
IMU1,3759,37666081,-2277,-121,888,-96,169,-289
IMU1,3760,37675904,-2204,-67,802,-41,57,-240
# swing_peak_seq=3734
IMU1,3761,37685342,-2125,-77,737,-42,-40,-209
IMU1,3762,37694853,-2028,-111,734,-86,-72,-195
IMU1,3763,37704571,-2010,-29,736,-154,-69,-200
IMU1,3764,37714285,-2061,12,791,-224,-66,-212
IMU1,3765,37723911,-2112,69,900,-281,-92,-220
IMU1,3766,37733553,-2160,105,933,-311,-181,-223
IMU1,3767,37743594,-2242,173,920,-331,-295,-213
IMU1,3768,37753632,-2260,229,905,-357,-391,-187
IMU1,3769,37763665,-2273,262,885,-399,-473,-159
IMU1,3770,37773697,-2242,304,921,-453,-577,-143
IMU1,3771,37783728,-2178,359,946,-510,-712,-144
IMU1,3772,37793775,-2136,362,910,-568,-823,-166
IMU1,3773,37803801,-2029,384,817,-633,-852,-192
IMU1,3774,37813838,-1940,390,626,-732,-805,-227
IMU1,3775,37824914,-1991,381,697,-1029,-500,-304
IMU1,3776,37835152,-2011,318,888,-1173,-431,-343
IMU1,3777,37845403,-2021,296,975,-1263,-502,-396
IMU1,3778,37855647,-2006,294,916,-1320,-612,-447
IMU1,3779,37865888,-1927,196,823,-1381,-630,-470
IMU1,3780,37876124,-1865,196,670,-1463,-517,-448
IMU1,3781,37886362,-1848,157,563,-1580,-254,-414
IMU1,3782,37896614,-1929,67,614,-1714,51,-381
IMU1,3783,37906350,-2054,25,732,-1822,214,-344
IMU1,3784,37916290,-2086,-73,872,-1872,217,-279
IMU1,3785,37926327,-2004,-212,1053,-1846,146,-192
IMU1,3786,37936758,-1898,-258,1176,-1738,34,-118
IMU1,3787,37946994,-1736,-334,1231,-1561,-83,-83
IMU1,3788,37957124,-1691,-337,1199,-1360,-146,-97
IMU1,3789,37967446,-1754,-339,1222,-1170,-120,-132
IMU1,3790,37977975,-1954,-250,1378,-996,-63,-184
IMU1,3791,37988626,-1975,-225,1409,-682,-277,-189
IMU1,3792,37998961,-1914,-267,1355,-564,-502,-184
IMU1,3793,38009303,-1729,-427,1243,-495,-693,-160
IMU1,3794,38019634,-1560,-681,1227,-490,-753,-109
IMU1,3795,38029959,-1404,-840,1262,-508,-675,-45
IMU1,3796,38040090,-1345,-882,1201,-529,-573,-2
IMU1,3797,38050018,-1370,-853,1227,-568,-516,15
IMU1,3798,38060051,-1438,-842,1342,-579,-503,-11
IMU1,3799,38070184,-1584,-844,1473,-529,-569,-60
IMU1,3800,38080326,-1739,-816,1578,-408,-707,-110
IMU1,3801,38090643,-1744,-909,1645,-229,-884,-141
IMU1,3802,38100966,-1531,-1083,1605,-20,-1041,-159
IMU1,3803,38111475,-1223,-1158,1449,155,-1105,-186
IMU1,3804,38122116,-862,-1080,1223,259,-1043,-341
IMU1,3805,38133064,-937,-1017,1127,246,-757,-421
IMU1,3806,38143306,-1136,-953,1145,167,-694,-466
IMU1,3807,38153558,-1213,-1005,1304,112,-721,-470
IMU1,3808,38163998,-1217,-1090,1305,109,-767,-450
IMU1,3809,38174436,-1175,-1164,1219,128,-767,-424
IMU1,3810,38187436,-1091,-1261,1200,144,-719,-390
IMU1,3811,38197887,-944,-1300,1193,164,-630,-368
IMU1,3812,38208124,-827,-1284,1217,177,-520,-377
IMU1,3813,38219379,-834,-1179,1275,191,-351,-454
IMU1,3814,38229627,-918,-1186,1306,221,-326,-469
IMU1,3815,38239867,-1070,-1235,1267,249,-361,-423
IMU1,3816,38250319,-1255,-1339,1227,266,-429,-319
IMU1,3817,38260765,-1201,-1409,1157,278,-508,-181
IMU1,3818,38271203,-1041,-1437,1158,281,-536,-79
IMU1,3819,38281457,-908,-1404,1228,296,-476,-61
IMU1,3820,38291504,-818,-1361,1263,339,-390,-115
IMU1,3821,38301749,-837,-1341,1284,400,-335,-222
IMU1,3822,38311979,-890,-1321,1347,480,-317,-341
IMU1,3823,38322227,-947,-1303,1419,579,-315,-450
IMU1,3824,38332484,-1039,-1320,1433,694,-272,-538
IMU1,3825,38342934,-858,-1333,1346,780,-209,-610
IMU1,3826,38354220,-1044,-1305,1230,816,9,-805
IMU1,3827,38364162,-952,-1195,1274,768,62,-815
IMU1,3828,38374120,-1135,-1222,1535,722,64,-823
IMU1,3829,38384282,-1107,-1177,1620,757,-16,-798
IMU1,3830,38394538,-1239,-1207,1584,844,-138,-800
IMU1,3831,38404997,-1136,-1172,1540,929,-190,-787
IMU1,3832,38415430,-1053,-1196,1617,1007,-162,-800
IMU1,3833,38426044,-1083,-1211,1705,1093,-103,-850
IMU1,3834,38436658,-1065,-1167,1754,1180,-88,-903
IMU1,3835,38447090,-1090,-1114,1796,1253,-100,-960
IMU1,3836,38457727,-1133,-1117,1833,1298,-85,-984
IMU1,3837,38468156,-1085,-1003,1841,1316,-62,-960
IMU1,3838,38479099,-1094,-987,1855,1263,-100,-869
IMU1,3839,38489540,-1089,-966,1909,1191,-121,-799
IMU1,3840,38499992,-1008,-941,1897,1112,-144,-734
IMU1,3841,38510432,-906,-901,1851,1009,-180,-695
IMU1,3842,38520645,-807,-878,1849,886,-227,-702
IMU1,3843,38530655,-721,-858,1856,767,-261,-754
IMU1,3844,38540673,-651,-826,1835,655,-225,-840
IMU1,3845,38550695,-562,-818,1821,539,-106,-945
IMU1,3846,38560722,-540,-829,1783,414,46,-1059
IMU1,3847,38570633,-529,-804,1738,273,160,-1162
IMU1,3848,38580753,-515,-834,1723,122,229,-1249
IMU1,3849,38590880,-535,-823,1702,-34,284,-1294
IMU1,3850,38600894,-604,-858,1752,-172,299,-1295
IMU1,3851,38611115,-646,-905,1757,-267,241,-1238
IMU1,3852,38621347,-657,-923,1835,-320,137,-1130
IMU1,3853,38631577,-472,-1065,1906,-305,69,-994
IMU1,3854,38642658,-369,-1218,1807,-163,6,-733
IMU1,3855,38652484,-299,-1454,1731,-118,-19,-624
IMU1,3856,38662608,-226,-1692,1672,-103,-13,-522
IMU1,3857,38672713,-124,-1929,1598,-127,-9,-435
IMU1,3858,38682626,60,-2156,1596,-189,-42,-383
IMU1,3859,38692451,321,-2326,1666,-245,-76,-391
IMU1,3860,38702473,535,-2450,1755,-279,-76,-471
IMU1,3861,38712514,653,-2616,1915,-278,-36,-604
IMU1,3862,38722544,786,-2756,2043,-244,27,-740
IMU1,3863,38732474,873,-2864,2220,-200,101,-861
IMU1,3864,38742613,983,-2851,2445,-139,99,-955
IMU1,3865,38752553,1102,-2753,2596,-70,-38,-1016
IMU1,3866,38762784,1209,-2587,2695,-20,-219,-1031
IMU1,3867,38773205,1437,-2273,2633,5,-356,-997
IMU1,3868,38783145,1673,-2026,2507,-43,-411,-944
IMU1,3869,38793389,1750,-1799,2451,-174,-411,-883
IMU1,3870,38803819,1788,-1497,2306,-326,-361,-772
IMU1,3871,38814256,1815,-851,1916,-491,-209,-579
IMU1,3872,38825012,1770,-610,1978,-838,516,-13
IMU1,3873,38834948,1421,-446,2059,-913,706,277
IMU1,3874,38845000,842,-260,2049,-886,612,639
IMU1,3875,38854845,211,-108,2200,-744,400,1103
IMU1,3876,38864883,-108,39,2091,-476,262,1667
IMU1,3877,38874711,-25,251,1533,-188,360,2225
IMU1,3878,38884558,-49,533,947,-34,709,2645
IMU1,3879,38894004,-280,797,316,-72,1207,2913
IMU1,3880,38903861,-833,1014,-218,-313,1673,3068
IMU1,3881,38914212,-1536,1335,-155,-622,1827,3156
IMU1,3882,38924752,-2013,1671,292,-776,1697,3195
IMU1,3883,38935203,-2118,2107,997,-640,1714,3120
IMU1,3884,38945642,-2065,2443,1277,-214,2092,2841
IMU1,3885,38956274,-2293,2459,931,298,2628,2375
IMU1,3886,38966634,-2997,2265,543,654,2969,1928
IMU1,3887,38976978,-3442,2118,91,765,3118,1702
IMU1,3888,38987127,-3937,1846,-248,633,3242,1692
IMU1,3889,38998093,-4167,1121,102,75,2750,1997
IMU1,3890,39008234,-3800,771,904,-32,2182,2002
IMU1,3891,39018284,-3279,380,1902,226,1520,1746
IMU1,3892,39028630,-2841,132,2401,888,666,1261
IMU1,3893,39038777,-2615,62,2425,1775,-438,671
IMU1,3894,39048825,-2569,-55,2025,2618,-1468,152
IMU1,3895,39059143,-2606,-126,1602,3158,-1902,-160
IMU1,3896,39069776,-2485,-51,1067,3289,-1554,-223
IMU1,3897,39080205,-2376,33,424,2979,-882,-129
IMU1,3898,39090136,-2573,90,-51,2299,-460,47
IMU1,3899,39099673,-2310,248,-541,1357,-373,287
IMU1,3900,39109820,-2227,275,-233,296,-318,479
IMU1,3901,39119776,-2014,282,178,-593,-210,587
IMU1,3902,39129716,-2019,223,604,-1194,-26,588
IMU1,3903,39139654,-2185,92,914,-1493,181,536
IMU1,3904,39149509,-2289,-79,950,-1559,251,474
IMU1,3905,39159469,-2357,-182,888,-1474,184,415
IMU1,3906,39169610,-2380,-188,895,-1317,101,360
IMU1,3907,39179733,-2421,-316,909,-1093,67,293
IMU1,3908,39192243,-2240,-333,948,-581,-81,76
IMU1,3909,39201887,-2109,-380,890,-340,-292,-97
IMU1,3910,39211809,-1997,-406,787,-152,-443,-265
IMU1,3911,39221943,-1976,-375,700,-34,-396,-371
IMU1,3912,39231877,-1957,-340,662,10,-168,-402
IMU1,3913,39241714,-1939,-276,709,-12,82,-401
IMU1,3914,39251340,-1991,-179,819,-64,202,-405
# swing_peak_seq=3888
IMU1,3915,39261165,-2050,-159,937,-116,157,-409
IMU1,3916,39271205,-2101,-217,1052,-148,-20,-399
IMU1,3917,39281331,-2169,-228,1202,-150,-228,-354
IMU1,3918,39291660,-2173,-181,1311,-104,-395,-277
IMU1,3919,39301997,-2155,-118,1358,-33,-524,-203
IMU1,3920,39312139,-2124,-80,1347,32,-603,-156
IMU1,3921,39321978,-2170,-13,1306,60,-646,-140
IMU1,3922,39331778,-2204,90,1278,49,-683,-142
IMU1,3923,39341508,-2147,161,1248,6,-736,-156
IMU1,3924,39351240,-2111,179,1243,-64,-811,-180
IMU1,3925,39361258,-2051,133,1324,-141,-893,-205
IMU1,3926,39371468,-2017,97,1455,-209,-1003,-218
IMU1,3927,39381683,-1919,190,1394,-235,-1149,-219
IMU1,3928,39392630,-1835,243,1362,-277,-1263,-182
IMU1,3929,39403053,-1841,216,1353,-322,-1188,-166
IMU1,3930,39413474,-1898,218,1325,-372,-1106,-151
IMU1,3931,39423907,-1871,214,1385,-430,-1051,-128
IMU1,3932,39434349,-1851,206,1523,-475,-1032,-118
IMU1,3933,39444768,-1858,215,1616,-484,-1087,-120
IMU1,3934,39455172,-1832,143,1655,-463,-1237,-120
IMU1,3935,39465598,-1804,49,1570,-433,-1428,-95
IMU1,3936,39475632,-1755,-71,1385,-419,-1542,-27
IMU1,3937,39485753,-1687,-143,1243,-458,-1472,87
IMU1,3938,39495971,-1660,-118,1241,-530,-1261,217
IMU1,3939,39506400,-1678,-72,1740,-590,-1116,325
IMU1,3940,39517668,-1908,210,1928,-432,-1544,454
IMU1,3941,39528010,-1834,208,1991,-216,-1986,516
IMU1,3942,39538330,-1610,51,1941,29,-2421,584
IMU1,3943,39548163,-1330,-37,1677,242,-2669,663
IMU1,3944,39558283,-1006,-47,1328,342,-2538,741
IMU1,3945,39568418,-750,-3,1162,288,-2052,786
IMU1,3946,39578152,-729,80,1173,125,-1469,774
IMU1,3947,39587989,-859,146,1361,-75,-1102,720
IMU1,3948,39597924,-946,90,1602,-233,-1131,653
IMU1,3949,39607864,-955,-89,1779,-320,-1440,608
IMU1,3950,39617900,-782,-275,1761,-336,-1690,607
IMU1,3951,39628136,-573,-405,1608,-346,-1598,641
IMU1,3952,39638373,-461,-396,1457,-405,-1215,673
IMU1,3953,39648619,-472,-340,1422,-515,-837,663
IMU1,3954,39658660,-557,-313,1513,-628,-673,606
IMU1,3955,39668713,-657,-234,1622,-688,-702,535
IMU1,3956,39678750,-701,-259,1689,-674,-809,471
IMU1,3957,39688790,-687,-372,1728,-612,-849,424
IMU1,3958,39698817,-599,-543,1654,-519,-791,393
IMU1,3959,39709899,-245,-870,1509,-427,-572,309
IMU1,3960,39719938,-130,-828,1426,-470,-427,234
IMU1,3961,39729973,-146,-793,1393,-548,-281,154
IMU1,3962,39740015,-266,-760,1443,-603,-154,80
IMU1,3963,39749838,-523,-739,1548,-608,-83,61
IMU1,3964,39759472,-760,-739,1633,-549,-55,117
IMU1,3965,39769305,-967,-780,1785,-437,-86,222
IMU1,3966,39779136,-1025,-902,1825,-282,-205,351
IMU1,3967,39789370,-961,-1080,1730,-139,-399,480
IMU1,3968,39799598,-789,-1148,1636,-41,-583,572
IMU1,3969,39809645,-565,-1153,1555,7,-676,597
IMU1,3970,39819387,-388,-1092,1501,14,-641,532
IMU1,3971,39829325,-327,-1027,1497,8,-500,396
IMU1,3972,39839065,-309,-1020,1531,1,-328,226
IMU1,3973,39848805,-349,-1001,1600,13,-186,52
IMU1,3974,39858519,-411,-1019,1761,57,-151,-109
IMU1,3975,39868549,-461,-1036,1786,150,-262,-227
IMU1,3976,39878785,-412,-1003,1686,252,-370,-289
IMU1,3977,39889009,-401,-1081,1689,326,-357,-313
IMU1,3978,39899233,-334,-1028,1384,362,-257,-299
IMU1,3979,39909461,-243,-1045,1480,325,-97,-294
IMU1,3980,39919493,-235,-1054,1613,284,117,-316
IMU1,3981,39929642,-208,-990,1997,286,227,-362
IMU1,3982,39940620,-140,-1005,2161,534,7,-551
IMU1,3983,39950360,-114,-988,2154,772,-129,-643
IMU1,3984,39960399,-2,-939,2101,977,-149,-702
IMU1,3985,39970043,8,-893,2036,1114,-36,-755
IMU1,3986,39979594,-84,-835,1996,1157,114,-771
IMU1,3987,39989538,-149,-795,1881,1113,262,-738
IMU1,3988,39999689,-203,-779,1841,977,365,-651
IMU1,3989,40009629,-240,-766,1934,789,374,-531
IMU1,3990,40019550,-280,-763,2075,614,285,-403
IMU1,3991,40029477,-245,-769,2206,486,143,-278
IMU1,3992,40039401,-210,-757,2334,416,60,-168
IMU1,3993,40049126,-179,-767,2407,401,48,-83
IMU1,3994,40058642,-136,-734,2388,409,64,-30
IMU1,3995,40068181,-72,-696,2369,403,103,-19
IMU1,3996,40077703,-9,-692,2379,374,142,-55
IMU1,3997,40087043,-43,-676,2359,324,142,-109
IMU1,3998,40096767,-160,-730,2363,252,123,-134
IMU1,3999,40106692,-252,-780,2368,157,77,-101
IMU1,4000,40116434,-286,-823,2388,57,5,-18
IMU1,4001,40125564,-240,-883,2361,-47,-74,85
IMU1,4002,40134984,-176,-986,2328,-157,-147,175
IMU1,4003,40145006,-48,-1070,2309,-269,-210,234
IMU1,4004,40155014,128,-1140,2287,-371,-259,242
IMU1,4005,40165132,294,-1227,2304,-447,-294,187
IMU1,4006,40175250,429,-1302,2324,-486,-327,84
IMU1,4007,40185165,532,-1360,2324,-485,-359,-36
IMU1,4008,40197740,637,-1398,2302,-452,-391,-148
IMU1,4009,40207971,778,-1432,2271,-403,-440,-241
IMU1,4010,40218195,932,-1445,2153,-341,-456,-308
IMU1,4011,40229463,1136,-1457,2077,-224,-347,-364
IMU1,4012,40239880,1267,-1476,2011,-195,-289,-341
IMU1,4013,40250309,1330,-1533,1966,-179,-196,-305
IMU1,4014,40260728,1360,-1597,1957,-177,-128,-228
IMU1,4015,40271147,1395,-1632,1985,-160,-138,-134
IMU1,4016,40281566,1363,-1624,2065,-103,-181,-23
IMU1,4017,40291785,1287,-1570,2080,5,-211,112
IMU1,4018,40301620,1210,-1499,1927,133,-196,270
IMU1,4019,40311855,1221,-1392,1696,222,-106,428
IMU1,4020,40322088,1304,-1270,1492,242,77,540
IMU1,4021,40332015,1296,-1137,1356,196,338,578
IMU1,4022,40342145,1147,-950,1386,143,602,563
IMU1,4023,40352094,912,-798,1471,147,850,542
IMU1,4024,40361829,596,-593,1362,213,1093,568
IMU1,4025,40371766,158,-346,1265,293,1262,673
IMU1,4026,40383266,-635,106,1037,442,1343,1230
IMU1,4027,40393417,-966,445,708,442,1472,1644
IMU1,4028,40403354,-1361,815,748,359,1628,2054
IMU1,4029,40413482,-1783,1074,797,306,1640,2413
IMU1,4030,40423822,-1801,1414,734,310,1562,2640
IMU1,4031,40434172,-1679,1960,882,376,1612,2610
IMU1,4032,40444509,-1812,2275,945,517,1944,2327
IMU1,4033,40454868,-2131,2318,838,691,2431,1901
IMU1,4034,40465222,-2574,2319,820,819,2881,1468
IMU1,4035,40475561,-3015,2252,992,893,3229,1101
IMU1,4036,40485909,-3291,2146,1189,938,3344,822
IMU1,4037,40496260,-3304,1942,1444,971,3057,594
IMU1,4038,40506605,-3161,1783,1163,1035,2485,378
IMU1,4039,40517677,-2592,1362,1118,927,1552,51
IMU1,4040,40527830,-2244,1196,1011,781,1403,-73
IMU1,4041,40538083,-2124,1035,981,618,1384,-219
IMU1,4042,40548321,-2247,878,1164,488,1287,-360
IMU1,4043,40558554,-2349,717,1392,441,1015,-423
IMU1,4044,40568798,-2260,706,1248,497,610,-399
IMU1,4045,40578848,-2443,501,1275,561,198,-290
IMU1,4046,40588884,-2175,492,1082,614,-100,-50
IMU1,4047,40598807,-2047,524,872,607,-264,174
IMU1,4048,40608645,-1964,443,698,540,-264,373
IMU1,4049,40618472,-1884,468,663,404,-136,558
IMU1,4050,40628312,-1851,441,800,243,73,670
IMU1,4051,40637860,-1980,413,995,112,243,702
IMU1,4052,40647602,-2106,452,1178,38,314,685
IMU1,4053,40657348,-2149,487,1308,17,236,620
IMU1,4054,40667083,-2140,515,1332,32,69,509
IMU1,4055,40676627,-2094,549,1278,33,-103,374
IMU1,4056,40686466,-2021,587,1210,-3,-221,232
IMU1,4057,40696196,-1959,586,1146,-78,-260,110
IMU1,4058,40706135,-1927,620,1117,-185,-221,20
IMU1,4059,40716063,-1922,625,1112,-303,-113,-29
IMU1,4060,40726095,-1964,600,1096,-435,21,-37
IMU1,4061,40735825,-1967,553,1156,-580,138,-14
IMU1,4062,40745771,-2081,494,1286,-708,209,24
IMU1,4063,40755593,-2124,474,1452,-797,209,88
IMU1,4064,40765431,-2225,497,1588,-834,117,155
IMU1,4065,40775488,-2260,525,1690,-822,-52,222
IMU1,4066,40785424,-2246,550,1654,-784,-250,274
IMU1,4067,40796609,-2159,625,1581,-780,-476,305
IMU1,4068,40806768,-2121,591,1590,-846,-447,296
IMU1,4069,40816897,-2139,495,1708,-915,-352,280
IMU1,4070,40827024,-2176,409,1765,-967,-266,290
IMU1,4071,40837155,-2050,270,1722,-994,-221,325
IMU1,4072,40847283,-2443,330,1865,-1022,-133,403
IMU1,4073,40857616,-2610,269,1872,-1017,6,555
IMU1,4074,40867448,-2347,310,1934,-1004,59,725
IMU1,4075,40877496,-2280,358,1887,-987,77,806
IMU1,4076,40887347,-2285,533,1755,-1005,62,799
IMU1,4077,40897402,-2137,519,1813,-1061,-59,711
IMU1,4078,40907549,-2318,132,2322,-1066,-373,590
IMU1,4079,40917906,-2112,-133,1680,-993,-715,486
IMU1,4080,40928152,-1939,466,2042,-972,-912,386
IMU1,4081,40938293,-1941,710,1813,-905,-826,303
IMU1,4082,40948443,-1502,794,1340,-879,-676,209
IMU1,4083,40958598,-1275,847,875,-929,-660,52
IMU1,4084,40969923,-1156,596,510,-1116,-720,-280
IMU1,4085,40980128,-909,561,322,-1260,-751,-421
IMU1,4086,40990132,-618,550,336,-1405,-743,-594
IMU1,4087,41000150,-403,500,331,-1510,-673,-794
IMU1,4088,41010162,-182,486,388,-1578,-569,-997
IMU1,4089,41020171,35,506,496,-1603,-468,-1192
IMU1,4090,41030078,402,396,524,-1585,-388,-1375
IMU1,4091,41040203,615,82,322,-1535,-343,-1581
IMU1,4092,41050116,357,-60,1,-1518,-341,-1753
IMU1,4093,41059733,250,-136,-89,-1557,-330,-1845
IMU1,4094,41069842,172,-63,357,-1598,-290,-1900
IMU1,4095,41079860,-63,319,1571,-1536,-180,-1937
IMU1,4096,41090087,-737,616,2121,-1243,51,-1920
IMU1,4097,41100200,-1223,605,1588,-848,343,-1781
IMU1,4098,41110524,-1770,675,1588,-538,613,-1538
IMU1,4099,41120862,-1987,713,1919,-237,870,-1174
IMU1,4100,41131194,-1835,-48,1718,100,1009,-749
IMU1,4101,41141321,-1985,-693,1174,352,947,-322
IMU1,4102,41152489,-1809,-841,1224,536,418,530
IMU1,4103,41162509,-1569,-485,1376,587,187,852
IMU1,4104,41172538,-1199,-349,1677,658,90,1052
IMU1,4105,41182560,-1234,-531,1817,779,116,1126
IMU1,4106,41192799,-1386,-707,2066,940,110,1143
IMU1,4107,41205599,-1696,-748,2123,1137,-36,1123
IMU1,4108,41215935,-1738,-721,2151,1332,-324,1072
IMU1,4109,41226478,-1521,-734,2030,1484,-656,955
IMU1,4110,41236802,-1418,-727,1987,1560,-973,748
IMU1,4111,41247126,-1261,-634,1902,1571,-1232,490
IMU1,4112,41258192,-1105,-543,1925,1423,-1463,-71
IMU1,4113,41268623,-1110,-478,1966,1300,-1371,-300
IMU1,4114,41279247,-1097,-515,2017,1164,-1186,-458
IMU1,4115,41289884,-1128,-566,2043,1024,-964,-552
IMU1,4116,41300293,-1179,-616,2061,886,-774,-587
IMU1,4117,41310523,-1139,-638,2041,756,-671,-580
IMU1,4118,41320759,-1108,-619,2076,644,-669,-563
IMU1,4119,41330985,-1039,-660,2143,572,-731,-555
IMU1,4120,41341221,-936,-692,2181,551,-809,-566
IMU1,4121,41351255,-822,-684,2154,561,-851,-606
IMU1,4122,41361280,-630,-670,2063,576,-836,-678
IMU1,4123,41371306,-560,-716,2035,580,-746,-789
IMU1,4124,41381332,-600,-777,1914,558,-574,-884
IMU1,4125,41391367,-554,-813,1819,512,-351,-913
IMU1,4126,41402435,-673,-894,1802,383,30,-872
IMU1,4127,41412161,-775,-939,1863,330,129,-784
IMU1,4128,41422088,-744,-928,2005,317,153,-662
IMU1,4129,41432011,-637,-873,2078,354,117,-567
IMU1,4130,41441945,-579,-858,2101,434,52,-533
IMU1,4131,41451675,-550,-821,2094,522,-4,-538
IMU1,4132,41461302,-528,-797,2078,593,-21,-557
IMU1,4133,41471145,-499,-787,2012,640,20,-586
IMU1,4134,41480888,-522,-748,1949,636,101,-611
IMU1,4135,41490817,-543,-722,1928,578,205,-626
IMU1,4136,41500749,-579,-691,1943,490,305,-634
IMU1,4137,41510692,-627,-658,1998,392,367,-627
IMU1,4138,41520634,-647,-638,2023,293,383,-602
IMU1,4139,41530576,-644,-614,2016,200,368,-571
IMU1,4140,41540507,-625,-591,1953,105,323,-546
IMU1,4141,41550439,-623,-559,1903,-1,265,-531
IMU1,4142,41560081,-661,-511,1940,-106,240,-512
IMU1,4143,41570101,-700,-492,2028,-188,250,-483
IMU1,4144,41580125,-716,-465,2065,-216,235,-454
IMU1,4145,41590158,-753,-409,2081,-206,168,-433
IMU1,4146,41600184,-767,-387,2128,-165,93,-416
IMU1,4147,41609982,-761,-333,2112,-105,51,-405
IMU1,4148,41619798,-750,-250,2082,-47,44,-411
IMU1,4149,41629409,-770,-213,2071,1,49,-429
IMU1,4150,41638734,-789,-184,2061,38,38,-453
IMU1,4151,41648253,-772,-162,2014,66,-2,-475
IMU1,4152,41657672,-781,-159,1936,71,-68,-487
IMU1,4153,41667288,-802,-152,1899,53,-139,-479
IMU1,4154,41677102,-832,-149,1883,27,-193,-436
IMU1,4155,41686917,-857,-153,1866,7,-216,-365
IMU1,4156,41696544,-886,-135,1852,-8,-217,-276
IMU1,4157,41706262,-882,-135,1865,-18,-204,-184
IMU1,4158,41716166,-835,-159,1861,-21,-187,-118
IMU1,4159,41726081,-819,-155,1845,-22,-187,-90
IMU1,4160,41735796,-796,-164,1836,-23,-214,-89
IMU1,4161,41745510,-786,-202,1819,-24,-241,-103
IMU1,4162,41755423,-790,-240,1753,-31,-236,-114
IMU1,4163,41765347,-794,-268,1707,-55,-189,-113
IMU1,4164,41775261,-778,-298,1684,-96,-110,-106
IMU1,4165,41785179,-776,-336,1645,-139,-25,-97
IMU1,4166,41794881,-819,-345,1672,-185,56,-92
IMU1,4167,41804479,-850,-369,1763,-217,121,-82
IMU1,4168,41814289,-874,-418,1822,-212,159,-72
IMU1,4169,41825672,-967,-458,1841,-138,81,-17
IMU1,4170,41835277,-992,-467,1863,-84,6,32
IMU1,4171,41844930,-1003,-458,1855,-26,-63,89
IMU1,4172,41854543,-976,-447,1843,31,-106,131
IMU1,4173,41864271,-937,-434,1847,86,-111,149
IMU1,4174,41873991,-918,-439,1835,120,-82,154
IMU1,4175,41883721,-939,-436,1822,142,-34,140
IMU1,4176,41893447,-959,-411,1833,145,11,123
IMU1,4177,41903078,-961,-396,1851,137,40,100
IMU1,4178,41912712,-972,-373,1870,116,43,72
IMU1,4179,41922154,-972,-355,1867,98,40,42
IMU1,4180,41931388,-976,-337,1865,70,39,17
IMU1,4181,41941147,-991,-322,1865,36,43,-3
IMU1,4182,41950798,-986,-320,1860,4,48,-8
IMU1,4183,41960234,-994,-306,1836,-33,55,-18
IMU1,4184,41970169,-980,-282,1830,-71,45,-13
IMU1,4185,41979581,-936,-268,1844,-112,29,-17
IMU1,4186,41989196,-920,-247,1846,-128,19,-32
IMU1,4187,41998787,-929,-223,1861,-137,28,-46
IMU1,4188,42008391,-902,-217,1876,-137,52,-62
IMU1,4189,42017996,-892,-208,1861,-123,68,-89
IMU1,4190,42027593,-908,-213,1842,-110,86,-121
IMU1,4191,42037393,-915,-222,1824,-114,100,-140
IMU1,4192,42047402,-912,-222,1803,-120,93,-150
IMU1,4193,42057211,-919,-225,1808,-129,71,-149
IMU1,4194,42067021,-918,-235,1813,-134,49,-136
IMU1,4195,42076836,-954,-227,1822,-130,22,-105
IMU1,4196,42086644,-953,-230,1840,-112,-10,-61
IMU1,4197,42096338,-975,-239,1860,-82,-36,-11
IMU1,4198,42105842,-994,-257,1865,-48,-46,43
IMU1,4199,42115252,-1004,-269,1860,-16,-55,91
IMU1,4200,42124852,-991,-283,1860,11,-72,128
IMU1,4201,42134356,-991,-291,1859,36,-92,141
IMU1,4202,42143886,-972,-312,1858,40,-108,139
IMU1,4203,42153610,-965,-319,1832,41,-114,122
IMU1,4204,42163320,-990,-318,1828,27,-113,97
IMU1,4205,42172836,-1004,-342,1829,9,-103,67
IMU1,4206,42182350,-995,-370,1836,-12,-91,36
IMU1,4207,42191782,-994,-379,1847,-33,-90,4
IMU1,4208,42200998,-1020,-393,1869,-55,-94,-26
IMU1,4209,42213458,-1040,-411,1896,-65,-93,-44
IMU1,4210,42223166,-1065,-419,1919,-65,-83,-54
IMU1,4211,42232890,-1062,-433,1932,-64,-74,-58
IMU1,4212,42242606,-1045,-445,1907,-66,-66,-71
IMU1,4213,42252300,-1029,-453,1877,-83,-70,-90
IMU1,4214,42262010,-995,-458,1856,-112,-80,-119
IMU1,4215,42271917,-976,-449,1825,-150,-86,-155
IMU1,4216,42281829,-953,-441,1810,-190,-78,-193
IMU1,4217,42291734,-908,-440,1794,-228,-56,-229
IMU1,4218,42301633,-881,-438,1753,-262,-28,-262
IMU1,4219,42311535,-888,-418,1743,-294,6,-290
IMU1,4220,42321158,-895,-417,1762,-315,43,-300
IMU1,4221,42330973,-878,-404,1793,-317,53,-297
IMU1,4222,42340795,-912,-387,1841,-290,38,-287
IMU1,4223,42350624,-940,-405,1871,-240,9,-261
IMU1,4224,42360246,-1001,-419,1891,-175,-24,-216
IMU1,4225,42370350,-1050,-424,1926,-113,-49,-156
IMU1,4226,42380457,-1044,-432,1934,-62,-67,-100
IMU1,4227,42390369,-1054,-423,1956,-17,-95,-70
IMU1,4228,42400095,-1054,-440,1981,10,-139,-61
IMU1,4229,42409887,-1069,-436,2020,25,-180,-71
IMU1,4230,42419691,-1072,-445,2067,37,-212,-95
IMU1,4231,42429500,-1129,-511,2148,46,-228,-126
IMU1,4232,42439518,-1140,-578,2242,56,-231,-152
IMU1,4233,42450586,-1118,-673,2254,54,-279,-235
IMU1,4234,42460606,-1040,-749,2263,35,-316,-286
IMU1,4235,42470628,-921,-781,2235,0,-341,-341
IMU1,4236,42480157,-769,-810,2122,-55,-326,-409
IMU1,4237,42490065,-605,-858,1938,-148,-255,-481
IMU1,4238,42500180,-453,-925,1797,-288,-86,-562
IMU1,4239,42510087,-324,-1076,1848,-457,152,-628
IMU1,4240,42520303,-230,-1201,1914,-594,346,-691
IMU1,4241,42530531,-133,-1340,1979,-679,372,-748
IMU1,4242,42540754,-2,-1472,2001,-706,236,-792
IMU1,4243,42550591,145,-1586,2046,-697,29,-808
IMU1,4244,42560513,356,-1757,2127,-654,-131,-794
IMU1,4245,42570728,650,-1863,2004,-585,-200,-775
IMU1,4246,42580945,1034,-2130,1888,-540,-189,-770
IMU1,4247,42591369,1385,-2549,1980,-536,-105,-782
IMU1,4248,42601804,1720,-2822,2232,-526,-23,-817
IMU1,4249,42612003,1952,-3069,2433,-471,-61,-886
IMU1,4250,42622210,2280,-3186,2635,-370,-262,-975
IMU1,4251,42633677,2588,-3156,2611,-97,-742,-1126
IMU1,4252,42644094,2615,-3085,2490,42,-829,-1100
IMU1,4253,42654410,2544,-2897,2385,156,-767,-959
IMU1,4254,42664746,2401,-2646,2132,249,-588,-705
IMU1,4255,42675064,2206,-2195,1778,294,-366,-365
IMU1,4256,42685398,1953,-1727,1394,273,-170,21
IMU1,4257,42695424,1620,-1236,928,189,51,436
IMU1,4258,42705155,1151,-650,490,53,383,887
IMU1,4259,42714685,612,-61,153,-128,795,1372
IMU1,4260,42724320,0,567,-137,-314,1204,1878
IMU1,4261,42733848,-573,1275,-565,-493,1544,2395
IMU1,4262,42744188,-1370,2165,-893,-681,1771,2887
IMU1,4263,42754706,-2538,3236,-723,-798,1833,3369
IMU1,4264,42765241,-3159,3983,137,-651,1694,3860
IMU1,4265,42775670,-3124,4425,827,-66,1498,4220
IMU1,4266,42785918,-2996,4537,1056,832,1422,4300
IMU1,4267,42796991,-3137,4013,1032,2588,1716,3794
IMU1,4268,42807742,-3408,3209,974,3120,2052,3373
IMU1,4269,42818277,-3384,2854,956,3324,2197,2988
IMU1,4270,42828826,-3131,2257,855,3226,2214,2575
IMU1,4271,42839355,-3028,1725,816,2872,2187,2077
IMU1,4272,42849913,-2849,1398,815,2338,2043,1524
IMU1,4273,42860456,-2578,1104,1030,1758,1716,921
IMU1,4274,42871002,-2219,859,1403,1293,1252,305
IMU1,4275,42881352,-1945,745,1625,1047,797,-270
IMU1,4276,42891575,-1949,746,1675,1003,518,-724
IMU1,4277,42902845,-2318,689,1572,1105,657,-979
IMU1,4278,42913091,-2409,626,1604,1078,722,-823
IMU1,4279,42923320,-2422,551,1637,974,572,-598
IMU1,4280,42933366,-2339,479,1492,804,218,-370
IMU1,4281,42943396,-2187,424,1283,536,-194,-149
IMU1,4282,42953521,-2030,405,1072,192,-445,65
IMU1,4283,42963353,-1894,371,887,-177,-425,261
IMU1,4284,42973272,-1789,343,909,-528,-192,433
IMU1,4285,42983201,-1831,289,1157,-778,120,552
IMU1,4286,42993237,-1860,297,1073,-904,370,605
IMU1,4287,43003283,-1959,240,1193,-966,541,608
IMU1,4288,43013325,-2051,161,1225,-972,664,583
IMU1,4289,43023340,-2149,133,1233,-950,682,537
IMU1,4290,43033383,-2186,121,1293,-901,563,473
IMU1,4291,43043420,-2130,102,1224,-812,342,394
IMU1,4292,43053446,-2021,122,1157,-709,130,301
IMU1,4293,43063472,-1888,170,1056,-616,53,201
IMU1,4294,43073302,-1873,138,1075,-527,112,93
# swing_peak_seq=4268
IMU1,4295,43083128,-1856,151,991,-440,206,12
IMU1,4296,43092761,-1800,127,1019,-364,279,-40
IMU1,4297,43102676,-1778,124,1008,-306,348,-77
IMU1,4298,43112607,-1785,141,1096,-253,402,-104
IMU1,4299,43123763,-1865,119,1131,-160,372,-111
IMU1,4300,43133882,-1866,150,1147,-104,294,-86
IMU1,4301,43143813,-1841,145,1148,-60,188,-49
IMU1,4302,43153537,-1838,151,1145,-20,107,-7
IMU1,4303,43163074,-1854,194,1093,3,77,35
IMU1,4304,43172221,-1856,204,1100,-1,122,75
IMU1,4305,43181654,-1841,210,1099,-9,229,101
IMU1,4306,43191290,-1869,248,1125,-40,330,103
IMU1,4307,43201126,-1922,290,1188,-56,365,92
IMU1,4308,43213213,-1964,319,1232,-58,341,81
IMU1,4309,43222837,-1988,356,1250,-46,279,80
IMU1,4310,43232472,-1999,391,1272,-24,202,77
IMU1,4311,43242114,-1973,375,1297,-2,99,74
IMU1,4312,43251352,-1974,380,1301,11,-19,67
IMU1,4313,43260787,-2000,409,1301,21,-132,63
IMU1,4314,43270414,-2002,429,1265,21,-235,62
IMU1,4315,43280029,-1983,443,1234,-6,-325,65
IMU1,4316,43289540,-1948,474,1199,-53,-376,61
IMU1,4317,43299281,-1922,532,1182,-119,-399,45
IMU1,4318,43309202,-1878,580,1169,-196,-412,11
IMU1,4319,43319131,-1785,542,1165,-281,-420,-43
IMU1,4320,43329155,-1727,430,1175,-376,-406,-115
IMU1,4321,43339371,-1770,448,1191,-479,-391,-176
IMU1,4322,43349596,-1808,488,1187,-565,-388,-212
IMU1,4323,43359822,-1884,497,1195,-642,-403,-216
IMU1,4324,43370052,-1975,528,1212,-705,-436,-184
IMU1,4325,43380274,-2024,594,1227,-743,-483,-120
IMU1,4326,43390495,-2002,648,1222,-770,-566,-44
IMU1,4327,43400520,-1947,686,1209,-780,-674,12
IMU1,4328,43410443,-1900,740,1217,-790,-790,42
IMU1,4329,43420391,-1872,777,1311,-779,-886,44
IMU1,4330,43431878,-1789,646,1272,-735,-1192,51
IMU1,4331,43442014,-1727,630,1234,-712,-1406,57
IMU1,4332,43452147,-1692,638,1206,-699,-1584,63
IMU1,4333,43462288,-1690,692,1186,-694,-1640,78
IMU1,4334,43472415,-1685,734,1201,-701,-1555,89
IMU1,4335,43482540,-1700,730,1249,-719,-1395,94
IMU1,4336,43492677,-1744,723,1348,-727,-1256,90
IMU1,4337,43502816,-1744,694,1480,-716,-1226,89
IMU1,4338,43512951,-1724,578,1568,-681,-1344,76
IMU1,4339,43523098,-1693,460,1623,-622,-1594,60
IMU1,4340,43533217,-1596,392,1672,-556,-1903,43
IMU1,4341,43543349,-1413,412,1665,-478,-2170,12
IMU1,4342,43553472,-1281,482,1614,-409,-2329,-59
IMU1,4343,43563673,-1253,516,1571,-350,-2360,-148
IMU1,4344,43574108,-1298,551,1555,-319,-2286,-208
IMU1,4345,43584535,-1265,425,1591,-300,-2133,-245
IMU1,4346,43594954,-1179,356,1638,-283,-1833,-275
IMU1,4347,43605378,-1096,199,1663,-271,-1806,-339
IMU1,4348,43615790,-1033,161,1608,-250,-1901,-405
IMU1,4349,43626209,-962,221,1569,-244,-2059,-445
IMU1,4350,43636420,-842,244,1594,-226,-2156,-484
IMU1,4351,43646642,-782,291,1672,-177,-2142,-526
IMU1,4352,43656870,-771,279,1788,-87,-2028,-561
IMU1,4353,43666894,-798,240,1866,48,-1856,-583
IMU1,4354,43676823,-744,177,1855,195,-1690,-579
IMU1,4355,43686940,-682,113,1824,320,-1590,-562
IMU1,4356,43697064,-600,10,1811,403,-1560,-538
IMU1,4357,43706994,-495,-82,1813,442,-1560,-511
IMU1,4358,43717020,-331,-142,1771,438,-1521,-489
IMU1,4359,43727244,-241,-136,1706,391,-1426,-498
IMU1,4360,43737465,-120,-140,1628,302,-1345,-538
IMU1,4361,43747691,69,-228,1639,189,-1359,-606
IMU1,4362,43758654,107,-293,1680,-15,-1470,-759
IMU1,4363,43768678,139,-281,1730,-93,-1361,-802
IMU1,4364,43778694,184,-345,1756,-145,-1122,-840
IMU1,4365,43788907,241,-388,1715,-189,-849,-872
IMU1,4366,43798917,330,-447,1656,-241,-621,-911
IMU1,4367,43808948,411,-589,1508,-323,-447,-965
IMU1,4368,43818970,419,-800,1479,-461,-290,-1013
IMU1,4369,43829198,402,-896,1268,-628,-117,-1050
IMU1,4370,43839423,303,-982,1276,-834,81,-1071
IMU1,4371,43849369,264,-1084,1353,-1032,307,-1066
IMU1,4372,43859895,229,-1097,1535,-1167,514,-1047
IMU1,4373,43870427,222,-1055,1708,-1198,677,-1049
IMU1,4374,43880958,308,-1101,1875,-1129,782,-1097
IMU1,4375,43891506,431,-1124,1963,-989,835,-1206
IMU1,4376,43902880,453,-1074,2088,-610,879,-1553
IMU1,4377,43913231,344,-1143,2097,-423,915,-1685
IMU1,4378,43923561,265,-1193,2025,-258,978,-1745
IMU1,4379,43933892,175,-1140,1926,-144,1047,-1740
IMU1,4380,43944417,99,-1091,1966,-95,1093,-1681
IMU1,4381,43954542,39,-1063,2102,-55,1122,-1594
IMU1,4382,43964689,52,-1033,2224,6,1120,-1490
IMU1,4383,43974540,29,-981,2287,83,1086,-1382
IMU1,4384,43984376,-22,-922,2233,155,1044,-1271
IMU1,4385,43994520,-76,-832,2191,197,986,-1151
IMU1,4386,44004466,-72,-738,2192,203,917,-1024
IMU1,4387,44014407,-41,-654,2199,194,859,-910
IMU1,4388,44024137,-11,-546,2215,178,827,-823
IMU1,4389,44033873,-4,-465,2239,162,820,-760
IMU1,4390,44043396,-67,-416,2276,152,823,-708
IMU1,4391,44053126,-142,-437,2264,146,828,-637
IMU1,4392,44063053,-225,-483,2181,129,818,-532
IMU1,4393,44072980,-255,-513,2044,85,804,-404
IMU1,4394,44082691,-233,-574,1901,-15,775,-273
IMU1,4395,44092529,-243,-591,1837,-154,701,-168
IMU1,4396,44102559,-241,-608,1861,-292,586,-89
IMU1,4397,44112388,-226,-620,1905,-396,475,-33
IMU1,4398,44122230,-213,-626,1978,-444,412,-6
IMU1,4399,44131867,-241,-625,2062,-438,400,-5
IMU1,4400,44141499,-256,-620,2162,-379,417,-15
IMU1,4401,44151326,-230,-658,2221,-275,436,-40
IMU1,4402,44162723,-283,-708,2214,-36,373,-135
IMU1,4403,44172539,-308,-755,2213,65,244,-172
IMU1,4404,44182274,-303,-825,2205,150,97,-193
IMU1,4405,44192010,-226,-916,2144,204,-10,-190
IMU1,4406,44201822,-129,-1008,2067,216,-57,-190
IMU1,4407,44214394,-88,-1106,2049,185,-49,-199
IMU1,4408,44224225,-24,-1211,2051,131,-3,-209
IMU1,4409,44233841,28,-1320,2078,66,73,-224
IMU1,4410,44243282,45,-1467,2186,7,184,-236
IMU1,4411,44252695,60,-1614,2284,-31,302,-239
IMU1,4412,44262419,106,-1737,2352,-55,340,-239
IMU1,4413,44272334,196,-1856,2415,-71,253,-248
IMU1,4414,44282259,338,-1974,2451,-85,83,-273
IMU1,4415,44291983,551,-2082,2331,-119,-120,-316
IMU1,4416,44302209,851,-2263,2137,-202,-299,-370
IMU1,4417,44312434,1183,-2473,2044,-350,-332,-430
IMU1,4418,44322868,1503,-2733,2172,-532,-177,-501
IMU1,4419,44333295,1728,-2955,2390,-678,-14,-576
IMU1,4420,44343533,1901,-3100,2615,-733,-47,-648
IMU1,4421,44354809,1993,-3089,2653,-563,-761,-676
IMU1,4422,44365240,1935,-2827,2480,-380,-1132,-535
IMU1,4423,44375863,1895,-2459,2379,-163,-1341,-267
IMU1,4424,44386500,1569,-1958,2317,107,-1281,84
IMU1,4425,44396741,1549,-1609,2157,418,-973,494
IMU1,4426,44406989,1565,-1247,1708,715,-550,867
IMU1,4427,44417238,1465,-980,1056,886,-137,1127
IMU1,4428,44427467,1292,-571,300,852,329,1299
IMU1,4429,44437404,857,-18,8,617,814,1414
IMU1,4430,44446556,154,387,357,379,1141,1556
IMU1,4431,44456416,-403,704,477,317,1187,1833
IMU1,4432,44466368,-911,1311,214,392,1100,2225
IMU1,4433,44476531,-1660,2110,238,503,1029,2691
IMU1,4434,44486887,-2377,2761,289,684,987,3231
IMU1,4435,44497027,-2818,3177,173,910,1025,3802
IMU1,4436,44507386,-2415,3827,688,1086,1271,4259
IMU1,4437,44518469,-2064,3914,1135,1487,2232,4214
IMU1,4438,44529227,-1719,3742,1015,1787,2487,3622
IMU1,4439,44539986,-1991,3053,776,1999,2541,2798
IMU1,4440,44550575,-2357,2599,696,2049,2602,2051
IMU1,4441,44561118,-2751,2368,704,1957,3033,1494
IMU1,4442,44571688,-2959,2050,1007,1779,3705,1099
IMU1,4443,44582428,-2998,1737,1412,1625,4019,759
IMU1,4444,44592961,-2798,1364,1911,1578,3559,381
IMU1,4445,44603515,-2468,916,2418,1688,2369,-66
IMU1,4446,44614287,-2062,837,2282,2247,-436,-930
IMU1,4447,44624629,-1858,768,1845,2475,-992,-1165
IMU1,4448,44635175,-1752,829,1442,2513,-945,-1245
IMU1,4449,44645730,-1692,743,1245,2350,-543,-1194
IMU1,4450,44656288,-1785,585,1193,2038,-24,-1039
IMU1,4451,44666621,-1931,469,1182,1622,350,-818
IMU1,4452,44676858,-1919,380,1080,1137,412,-565
IMU1,4453,44687099,-1847,400,1013,616,226,-333
IMU1,4454,44697139,-1707,404,1059,119,-2,-139
IMU1,4455,44706873,-1597,398,1203,-285,-98,6
IMU1,4456,44716421,-1585,388,1274,-558,-17,106
IMU1,4457,44726373,-1654,386,1317,-716,183,179
IMU1,4458,44736419,-1757,368,1404,-789,398,250
IMU1,4459,44746457,-1842,310,1476,-785,571,307
IMU1,4460,44756513,-1862,292,1472,-743,647,333
IMU1,4461,44766553,-1851,278,1444,-684,590,314
IMU1,4462,44776610,-1840,282,1298,-622,455,249
IMU1,4463,44787690,-1737,272,1211,-557,226,77
# swing_peak_seq=4437
IMU1,4464,44797543,-1694,284,1152,-548,207,-28
IMU1,4465,44807490,-1657,285,1134,-529,241,-124
IMU1,4466,44817605,-1612,255,1139,-515,305,-201
IMU1,4467,44827717,-1594,238,1140,-479,340,-267
IMU1,4468,44837852,-1603,240,1148,-417,337,-319
IMU1,4469,44847974,-1614,257,1215,-335,335,-346
IMU1,4470,44858105,-1626,280,1294,-227,353,-346
IMU1,4471,44868217,-1624,297,1324,-104,355,-336
IMU1,4472,44878330,-1622,334,1325,21,304,-326
IMU1,4473,44888156,-1634,343,1325,134,221,-315
IMU1,4474,44898188,-1667,357,1303,220,148,-297
IMU1,4475,44908211,-1695,377,1282,277,97,-265
IMU1,4476,44918033,-1673,396,1283,309,61,-225
IMU1,4477,44927867,-1662,424,1306,325,35,-194
IMU1,4478,44937704,-1679,457,1340,333,10,-166
IMU1,4479,44947528,-1689,491,1374,336,-21,-136
IMU1,4480,44957447,-1714,525,1385,334,-63,-105
IMU1,4481,44967362,-1712,570,1385,321,-105,-67
IMU1,4482,44977275,-1689,589,1407,294,-138,-34
IMU1,4483,44987196,-1696,583,1462,261,-174,-11
IMU1,4484,44997119,-1716,599,1501,234,-240,12
IMU1,4485,45006961,-1738,662,1505,203,-343,30
IMU1,4486,45016788,-1764,723,1455,164,-468,60
IMU1,4487,45028177,-1793,859,1417,46,-670,66
IMU1,4488,45037810,-1774,949,1382,-40,-723,41
IMU1,4489,45047544,-1748,974,1344,-148,-752,17
IMU1,4490,45057482,-1631,1004,1300,-274,-756,-41
IMU1,4491,45067675,-1591,1030,1299,-422,-778,-137
IMU1,4492,45078090,-1713,1030,1352,-572,-818,-246
IMU1,4493,45088502,-1785,1052,1367,-705,-884,-326
IMU1,4494,45098901,-1795,1076,1365,-825,-992,-386
IMU1,4495,45109315,-1819,1092,1345,-931,-1123,-442
IMU1,4496,45119936,-1835,1152,1299,-1020,-1240,-488
IMU1,4497,45130768,-1814,1184,1235,-1104,-1320,-528
IMU1,4498,45141594,-1812,1182,1167,-1182,-1359,-568
IMU1,4499,45152426,-1733,1035,1142,-1325,-1336,-600
IMU1,4500,45163242,-1706,902,1164,-1376,-1222,-596
IMU1,4501,45173866,-1708,791,1221,-1403,-1072,-575
IMU1,4502,45184495,-1701,704,1320,-1393,-941,-544
IMU1,4503,45194910,-1734,677,1457,-1334,-859,-499
IMU1,4504,45205333,-1744,640,1609,-1219,-840,-438
IMU1,4505,45218300,-1644,526,1721,-1048,-907,-384
IMU1,4506,45228721,-1474,224,1851,-832,-1058,-355
IMU1,4507,45239664,-1393,81,1859,-359,-1513,-296
IMU1,4508,45249898,-1320,-18,1863,-130,-1718,-240
IMU1,4509,45260206,-1157,-109,1854,88,-1830,-175
IMU1,4510,45270430,-938,-212,1807,275,-1848,-120
IMU1,4511,45280649,-771,-286,1783,417,-1792,-96
IMU1,4512,45290663,-645,-313,1770,521,-1701,-100
IMU1,4513,45300881,-514,-290,1776,588,-1582,-129
IMU1,4514,45311110,-409,-326,1800,616,-1424,-178
IMU1,4515,45321344,-437,-339,1833,615,-1245,-221
IMU1,4516,45331574,-465,-301,1860,578,-1084,-241
IMU1,4517,45341802,-477,-328,1904,525,-981,-245
IMU1,4518,45351831,-541,-285,1908,458,-948,-231
IMU1,4519,45361877,-512,-213,1941,384,-978,-211
IMU1,4520,45371910,-453,-271,1976,307,-1052,-196
IMU1,4521,45382146,-399,-339,1976,236,-1103,-184
IMU1,4522,45393420,-144,-511,1802,42,-972,-171
IMU1,4523,45403243,-138,-461,1706,-117,-799,-182
IMU1,4524,45413362,-189,-435,1687,-295,-589,-206
IMU1,4525,45423481,-229,-461,1769,-464,-394,-237
IMU1,4526,45433609,-337,-436,1914,-585,-281,-282
IMU1,4527,45443734,-400,-488,2127,-626,-252,-334
IMU1,4528,45453849,-412,-601,2213,-588,-252,-380
IMU1,4529,45463976,-466,-634,2186,-505,-260,-419
IMU1,4530,45474118,-459,-695,2131,-429,-274,-441
IMU1,4531,45484236,-406,-764,2061,-372,-264,-464
IMU1,4532,45494357,-421,-808,1996,-338,-224,-492
IMU1,4533,45504480,-459,-813,1927,-337,-192,-510
IMU1,4534,45514591,-447,-783,1859,-351,-180,-517
IMU1,4535,45524721,-457,-717,1885,-374,-163,-533
IMU1,4536,45534848,-446,-694,1965,-379,-127,-562
IMU1,4537,45544971,-429,-686,2060,-343,-76,-613
IMU1,4538,45554897,-398,-714,2084,-280,-45,-681
IMU1,4539,45564823,-370,-694,2004,-204,-43,-775
IMU1,4540,45576303,-314,-641,1868,-139,-64,-970
IMU1,4541,45586225,-330,-600,1800,-149,-3,-1054
IMU1,4542,45596149,-392,-529,1785,-174,89,-1114
IMU1,4543,45606185,-430,-462,1815,-202,175,-1144
IMU1,4544,45616409,-369,-415,1752,-232,228,-1162
IMU1,4545,45626631,-477,-585,2171,-226,284,-1184
IMU1,4546,45636869,-527,-362,2071,-141,251,-1177
IMU1,4547,45647094,-435,-404,2162,-20,125,-1185
IMU1,4548,45657119,-366,-359,1996,98,-6,-1229
IMU1,4549,45666761,-268,-324,1921,168,-96,-1310
IMU1,4550,45676779,-207,-384,1919,201,-99,-1412
IMU1,4551,45686819,-226,-329,1803,206,-37,-1505
IMU1,4552,45696840,-293,-331,1815,176,72,-1570
IMU1,4553,45706767,-366,-329,1934,142,209,-1594
IMU1,4554,45716902,-349,-346,2104,139,315,-1586
IMU1,4555,45727041,-335,-336,2207,183,340,-1567
IMU1,4556,45737174,-326,-332,2220,255,263,-1548
IMU1,4557,45747313,-331,-378,2203,323,131,-1515
IMU1,4558,45757452,-281,-443,2080,364,24,-1459
IMU1,4559,45768423,-161,-448,2100,339,-23,-1322
IMU1,4560,45778439,-125,-473,2124,301,30,-1250
IMU1,4561,45788375,-34,-468,2094,259,121,-1205
IMU1,4562,45798306,4,-483,2129,191,220,-1181
IMU1,4563,45807957,12,-530,2309,125,305,-1161
IMU1,4564,45817815,25,-555,2474,109,329,-1139
IMU1,4565,45827661,60,-623,2522,134,284,-1123
IMU1,4566,45837506,133,-686,2487,162,215,-1102
IMU1,4567,45847542,200,-752,2403,152,169,-1082
IMU1,4568,45857582,240,-789,2300,88,159,-1055
IMU1,4569,45867431,344,-847,2161,-25,185,-1018
IMU1,4570,45877371,449,-899,2007,-198,228,-979
IMU1,4571,45887287,506,-952,1908,-408,268,-944
IMU1,4572,45897223,559,-1042,1947,-631,336,-903
IMU1,4573,45907354,635,-1106,1954,-822,420,-863
IMU1,4574,45917489,704,-1163,1873,-974,443,-826
IMU1,4575,45927620,766,-1242,1810,-1103,414,-790
IMU1,4576,45937958,859,-1370,1837,-1202,389,-750
IMU1,4577,45948292,965,-1439,1853,-1252,375,-708
IMU1,4578,45958633,996,-1504,1964,-1234,392,-660
IMU1,4579,45968967,991,-1593,2264,-1143,430,-586
IMU1,4580,45980343,1219,-1818,2319,-735,396,-344
IMU1,4581,45990682,1417,-1938,2175,-490,325,-211
IMU1,4582,46001008,1659,-2024,2002,-307,259,-99
IMU1,4583,46011128,1882,-2161,2000,-198,242,-3
IMU1,4584,46021058,2130,-2309,2125,-120,271,80
IMU1,4585,46031102,2423,-2464,2349,-23,279,147
IMU1,4586,46041154,2616,-2528,2506,121,223,194
IMU1,4587,46051301,2724,-2526,2511,277,125,247
IMU1,4588,46061449,2784,-2462,2538,406,89,323
IMU1,4589,46071394,2822,-2174,2317,485,184,405
IMU1,4590,46081547,2718,-1805,2008,463,340,473
IMU1,4591,46091669,2448,-1412,1943,369,516,573
IMU1,4592,46101801,2184,-1030,1687,277,732,761
IMU1,4593,46111933,1901,-630,1199,158,984,1028
IMU1,4594,46122094,1562,-257,647,-41,1298,1355
IMU1,4595,46132109,1162,165,151,-339,1706,1726
IMU1,4596,46142231,-344,1283,-770,-696,2179,2139
IMU1,4597,46153085,-1335,1968,-1035,-1449,2912,3227
IMU1,4598,46164009,-2299,2780,-1092,-1691,2917,3902
IMU1,4599,46174938,-2799,3730,-830,-1691,2736,4545
IMU1,4600,46185687,-2933,4723,-582,-1384,2635,4966
IMU1,4601,46196419,-3210,5353,-286,-819,2794,5079
IMU1,4602,46206967,-3779,5559,140,-64,3182,4977
IMU1,4603,46219787,-5213,3965,1677,1693,4685,4704
IMU1,4604,46230542,-5915,2701,2418,2449,5107,4617
IMU1,4605,46241318,-5411,1630,2692,2988,4392,4399
IMU1,4606,46252075,-3847,849,2417,3260,2232,3650
IMU1,4607,46262623,-2292,515,1953,3310,-1079,2191
IMU1,4608,46273273,-1132,204,1240,3173,-3932,366
IMU1,4609,46283726,-902,433,406,2804,-4453,-1159
IMU1,4610,46294071,-960,855,-68,2238,-2486,-1963
IMU1,4611,46304305,-1223,722,82,1622,403,-2173
IMU1,4612,46314335,-1514,408,453,1107,2414,-2087
IMU1,4613,46324778,-1811,256,1181,686,2856,-1922
IMU1,4614,46335743,-2334,80,1312,56,1311,-1364
IMU1,4615,46345795,-2482,92,1228,-145,369,-851
IMU1,4616,46355728,-2469,201,886,-304,-211,-208
IMU1,4617,46365755,-2361,170,761,-471,-365,472
IMU1,4618,46375705,-2314,84,882,-612,-221,1061
IMU1,4619,46385644,-2308,74,1072,-673,-81,1481
IMU1,4620,46395584,-2293,52,1173,-661,-92,1730
IMU1,4621,46405528,-2257,44,1186,-587,-182,1801
IMU1,4622,46415653,-2160,82,1066,-504,-291,1702
IMU1,4623,46425781,-2132,77,951,-454,-350,1459
IMU1,4624,46435715,-2123,73,846,-445,-325,1141
IMU1,4625,46445650,-2146,87,773,-460,-234,798
IMU1,4626,46455393,-2132,85,745,-483,-86,473
IMU1,4627,46464927,-2078,96,698,-501,94,184
IMU1,4628,46474355,-2009,89,690,-511,292,-66
IMU1,4629,46483887,-1992,99,737,-501,519,-277
IMU1,4630,46493627,-1996,129,804,-471,718,-445
# swing_peak_seq=4604
IMU1,4631,46503555,-2022,166,897,-419,815,-570
IMU1,4632,46513488,-2042,177,996,-336,769,-640
IMU1,4633,46523422,-2043,179,1051,-226,589,-652
IMU1,4634,46533557,-2042,189,1070,-110,351,-609
IMU1,4635,46543691,-1987,207,1023,3,150,-519
IMU1,4636,46553327,-1939,216,974,90,57,-408
IMU1,4637,46562766,-1940,217,953,138,68,-288
IMU1,4638,46572403,-1964,217,923,151,135,-168
IMU1,4639,46582232,-2056,216,938,132,218,-62
IMU1,4640,46591879,-2118,209,977,98,268,40
IMU1,4641,46601236,-2102,229,1019,67,241,119
IMU1,4642,46610967,-2059,251,1054,40,131,161
IMU1,4643,46620698,-2003,267,1042,21,-6,159
IMU1,4644,46630124,-1969,281,1042,3,-122,122
IMU1,4645,46639753,-1963,301,1038,-8,-181,73
IMU1,4646,46649296,-1991,321,1012,-18,-170,26
IMU1,4647,46659017,-2022,350,1036,-29,-109,-10
IMU1,4648,46668836,-2065,388,1094,-31,-37,-46
IMU1,4649,46678453,-2123,413,1168,-14,-1,-73
IMU1,4650,46687883,-2184,437,1237,23,-19,-93
IMU1,4651,46697432,-2212,484,1319,70,-107,-114
IMU1,4652,46707358,-2217,536,1375,124,-258,-141
IMU1,4653,46717488,-2237,602,1397,175,-437,-183
IMU1,4654,46727625,-2225,672,1406,202,-620,-227
IMU1,4655,46737756,-2201,707,1402,196,-802,-277
IMU1,4656,46747885,-2230,736,1340,148,-968,-318
IMU1,4657,46759062,-2276,870,1306,-84,-1178,-372
IMU1,4658,46769289,-2277,958,1289,-245,-1249,-393
IMU1,4659,46779713,-2271,1038,1292,-417,-1355,-418
IMU1,4660,46790341,-2249,1108,1302,-591,-1522,-439
IMU1,4661,46800984,-2212,1154,1302,-750,-1708,-465
IMU1,4662,46811609,-2174,1187,1270,-898,-1851,-490
IMU1,4663,46822246,-2161,1202,1204,-1036,-1938,-516
IMU1,4664,46833080,-2148,1136,1134,-1199,-1994,-524
IMU1,4665,46843923,-2172,1088,1017,-1384,-2020,-505
IMU1,4666,46855279,-2245,1066,1025,-1780,-1915,-402
IMU1,4667,46866111,-2260,973,1090,-1959,-1855,-325
IMU1,4668,46876736,-2295,852,1217,-2077,-1824,-250
IMU1,4669,46887377,-2249,679,1324,-2140,-1863,-158
IMU1,4670,46898003,-2124,491,1428,-2128,-1962,-77
IMU1,4671,46908435,-1907,382,1499,-2052,-2083,-26
IMU1,4672,46918870,-1640,327,1485,-1932,-2155,-35
IMU1,4673,46929299,-1390,316,1416,-1803,-2114,-119
IMU1,4674,46939934,-1272,304,1343,-1686,-1963,-246
IMU1,4675,46950575,-1211,171,1438,-1585,-1552,-428
IMU1,4676,46961208,-1158,-11,1578,-1324,-1403,-432
IMU1,4677,46971734,-1012,-309,1693,-1130,-1331,-386
IMU1,4678,46982468,-966,-535,1739,-912,-1330,-314
IMU1,4679,46992797,-945,-649,1764,-691,-1394,-204
IMU1,4680,47003126,-748,-734,1715,-483,-1495,-85
IMU1,4681,47013256,-579,-742,1658,-305,-1578,-5
IMU1,4682,47023200,-456,-743,1619,-167,-1596,35
IMU1,4683,47033233,-451,-742,1620,-64,-1541,48
IMU1,4684,47043074,-459,-792,1669,28,-1449,65
IMU1,4685,47052810,-429,-900,1722,118,-1357,92
IMU1,4686,47062735,-342,-903,1660,194,-1293,104
IMU1,4687,47072868,-223,-857,1592,232,-1233,73
IMU1,4688,47082820,-138,-919,1553,227,-1158,3
IMU1,4689,47092577,-142,-968,1504,192,-1090,-74
IMU1,4690,47102620,-139,-994,1471,130,-1056,-131
IMU1,4691,47112875,-95,-1038,1465,65,-1050,-169
IMU1,4692,47122901,40,-1087,1390,-7,-1033,-201
IMU1,4693,47134290,247,-1051,1295,-190,-789,-326
IMU1,4694,47144520,305,-1000,1252,-318,-550,-425
IMU1,4695,47154766,294,-1031,1284,-448,-277,-546
IMU1,4696,47165006,161,-1090,1345,-560,-26,-647
IMU1,4697,47175035,40,-1143,1439,-633,156,-699
IMU1,4698,47184997,-28,-1206,1531,-665,243,-691
IMU1,4699,47195032,-122,-1225,1596,-646,258,-649
IMU1,4700,47205265,-144,-1223,1663,-596,242,-581
IMU1,4701,47215493,-134,-1226,1682,-515,203,-510
IMU1,4702,47228277,-127,-1190,1728,-414,148,-448
IMU1,4703,47238499,-59,-1193,1681,-318,84,-407
IMU1,4704,47249357,-154,-1174,1716,-229,128,-416
IMU1,4705,47259583,-220,-1082,1780,-154,180,-400
IMU1,4706,47269803,-182,-1178,1821,-43,171,-394
IMU1,4707,47279827,-236,-1082,1700,68,104,-410
IMU1,4708,47289765,-259,-1073,1695,143,27,-433
IMU1,4709,47299686,-227,-1043,1762,206,1,-442
IMU1,4710,47309409,-204,-933,1830,285,16,-455
IMU1,4711,47319143,-188,-942,1843,382,34,-480
IMU1,4712,47328880,-270,-973,1785,466,48,-499
IMU1,4713,47338614,-337,-968,1738,511,64,-481
IMU1,4714,47348356,-388,-965,1741,518,109,-435
IMU1,4715,47358306,-390,-927,1709,499,169,-379
IMU1,4716,47368258,-362,-875,1667,459,218,-346
IMU1,4717,47378181,-344,-843,1719,395,249,-343
IMU1,4718,47388110,-405,-813,1858,349,237,-364
IMU1,4719,47398044,-381,-822,1833,340,174,-395
IMU1,4720,47407984,-402,-859,1792,331,135,-432
IMU1,4721,47417927,-420,-925,1841,304,189,-448
IMU1,4722,47427853,-424,-957,1881,275,308,-450
IMU1,4723,47437794,-430,-984,1885,251,420,-448
IMU1,4724,47447724,-473,-1017,1886,219,486,-443
IMU1,4725,47457856,-531,-1012,2011,186,509,-424
IMU1,4726,47467987,-533,-997,2150,192,472,-398
IMU1,4727,47477943,-522,-958,2184,245,359,-384
IMU1,4728,47487889,-523,-930,2234,308,223,-376
IMU1,4729,47497854,-525,-902,2255,371,161,-360
IMU1,4730,47509353,-366,-890,2159,419,209,-363
IMU1,4731,47519303,-265,-889,2022,368,202,-397
IMU1,4732,47529234,-181,-902,1908,262,181,-450
IMU1,4733,47539162,-107,-923,1793,106,224,-511
IMU1,4734,47549104,-66,-920,1782,-76,385,-554
IMU1,4735,47558750,-45,-926,1895,-244,652,-582
IMU1,4736,47568581,-77,-948,2034,-348,905,-598
IMU1,4737,47578422,-96,-922,2102,-392,995,-602
IMU1,4738,47588261,-67,-894,2151,-391,884,-600
IMU1,4739,47598103,42,-905,2050,-366,645,-595
IMU1,4740,47607841,177,-942,1890,-358,414,-581
IMU1,4741,47617785,328,-992,1723,-383,324,-550
IMU1,4742,47627708,489,-1087,1593,-440,421,-506
IMU1,4743,47637841,589,-1192,1576,-509,637,-457
IMU1,4744,47647992,632,-1285,1621,-561,819,-409
IMU1,4745,47658131,642,-1380,1672,-569,861,-364
IMU1,4746,47668264,646,-1473,1764,-534,752,-307
IMU1,4747,47678403,683,-1597,1924,-442,553,-231
IMU1,4748,47688542,786,-1636,2050,-278,323,-141
IMU1,4749,47698669,952,-1670,2154,-59,95,-61
IMU1,4750,47708210,1118,-1734,2264,188,-96,-5
IMU1,4751,47717952,1262,-1814,2280,444,-246,32
IMU1,4752,47728011,1392,-1974,2313,665,-356,64
IMU1,4753,47738055,1603,-2208,2318,826,-422,97
IMU1,4754,47748105,1794,-2718,2361,907,-482,123
IMU1,4755,47759395,1947,-2863,2338,852,-563,236
IMU1,4756,47769647,1970,-2855,2232,732,-589,346
IMU1,4757,47779892,1899,-2721,2172,563,-594,480
IMU1,4758,47790140,1895,-2541,2012,367,-496,632
IMU1,4759,47800402,1982,-2343,1681,128,-233,745
IMU1,4760,47810643,1981,-2144,1360,-177,184,781
IMU1,4761,47820883,1827,-1793,910,-516,695,746
IMU1,4762,47830929,1471,-1486,527,-873,1207,681
IMU1,4763,47841187,860,-982,469,-1179,1654,681
IMU1,4764,47851242,18,-349,904,-1301,1939,822
IMU1,4765,47861080,-765,231,990,-1114,2042,1212
IMU1,4766,47871340,-1483,874,572,-758,1936,1849
IMU1,4767,47881610,-2044,1543,107,-442,1691,2635
IMU1,4768,47892045,-2543,2176,-174,-260,1545,3448
IMU1,4769,47902593,-3533,3483,31,-195,1600,4840
IMU1,4770,47912849,-3313,4005,811,36,1580,5257
IMU1,4771,47923016,-3020,4231,1300,509,1609,5309
IMU1,4772,47933593,-2910,4184,1266,1151,1783,4993
IMU1,4773,47944366,-3031,3602,1245,1736,2060,4437
IMU1,4774,47955132,-3281,2883,1301,2153,2377,3825
IMU1,4775,47965908,-3443,2344,1315,2363,2711,3270
IMU1,4776,47976685,-3410,1841,1392,2366,2912,2757
IMU1,4777,47987453,-3173,1472,1492,2236,2594,2209
IMU1,4778,47998231,-2681,1012,1854,2072,1538,1571
IMU1,4779,48009015,-1888,850,2035,1935,-713,225
IMU1,4780,48019248,-1815,844,2034,1967,-918,-255
IMU1,4781,48029574,-1782,884,1914,1989,-670,-556
IMU1,4782,48039915,-1763,919,1659,1903,-289,-691
IMU1,4783,48050257,-1857,888,1440,1650,17,-699
IMU1,4784,48060287,-1951,844,1257,1253,146,-606
IMU1,4785,48070534,-1934,824,927,755,61,-446
IMU1,4786,48080176,-1965,756,767,193,-105,-243
IMU1,4787,48090101,-1933,646,853,-333,-106,2
IMU1,4788,48099625,-1781,545,975,-729,28,226
IMU1,4789,48109266,-1681,472,1063,-959,107,362
IMU1,4790,48119308,-1655,414,1155,-1035,148,410
IMU1,4791,48129558,-1701,391,1138,-1002,216,396
IMU1,4792,48139793,-1807,356,1100,-908,292,354
IMU1,4793,48149842,-1896,311,1032,-787,346,308
IMU1,4794,48159894,-1908,273,949,-679,374,249
IMU1,4795,48169755,-1867,239,888,-580,385,166
IMU1,4796,48179584,-1834,184,860,-505,385,62
IMU1,4797,48189217,-1818,138,884,-437,386,-48
# swing_peak_seq=4771
IMU1,4798,48198953,-1821,176,952,-355,396,-148
IMU1,4799,48208899,-1847,222,1047,-258,405,-244
IMU1,4800,48219019,-1858,238,1123,-137,360,-329
IMU1,4801,48231702,-1789,306,1046,115,49,-445
IMU1,4802,48241522,-1762,345,1043,202,-33,-456
IMU1,4803,48251437,-1735,356,1037,277,10,-444
IMU1,4804,48261269,-1714,391,1057,330,87,-411
IMU1,4805,48271091,-1653,413,1110,372,139,-378
IMU1,4806,48281131,-1570,421,1174,410,161,-358
IMU1,4807,48291171,-1486,452,1190,441,161,-361
IMU1,4808,48301213,-1371,456,1134,456,141,-389
IMU1,4809,48311251,-1337,436,994,439,121,-430
IMU1,4810,48321094,-1432,443,849,377,157,-442
IMU1,4811,48330930,-1555,469,789,265,308,-383
IMU1,4812,48340785,-1627,508,898,137,563,-257
IMU1,4813,48350609,-1671,566,1079,53,786,-113
IMU1,4814,48360448,-1702,579,1226,34,826,13
IMU1,4815,48369978,-1679,529,1353,74,669,115
IMU1,4816,48379717,-1564,465,1327,153,388,186
IMU1,4817,48389660,-1525,438,1165,226,102,229
IMU1,4818,48399591,-1639,512,1041,256,-19,285
IMU1,4819,48409423,-1732,539,1084,245,121,377
IMU1,4820,48419366,-1857,572,1195,214,391,479
IMU1,4821,48429311,-2005,633,1332,195,572,551
IMU1,4822,48439262,-2150,707,1518,187,554,583
IMU1,4823,48449216,-2228,784,1673,209,336,564
IMU1,4824,48459157,-2181,774,1763,247,-42,484
IMU1,4825,48468997,-2109,733,1799,285,-501,337
IMU1,4826,48479035,-2068,787,1620,285,-907,168
IMU1,4827,48490121,-2005,892,1433,80,-1048,-109
IMU1,4828,48500246,-2054,940,1349,-169,-812,-196
IMU1,4829,48510459,-2171,1008,1311,-465,-534,-256
IMU1,4830,48520888,-2276,1068,1324,-786,-354,-274
IMU1,4831,48531313,-2291,1073,1454,-1084,-342,-286
IMU1,4832,48541940,-2311,1059,1584,-1324,-501,-310
IMU1,4833,48552579,-2338,1070,1643,-1485,-789,-342
IMU1,4834,48563210,-2267,1077,1638,-1575,-1127,-385
IMU1,4835,48574029,-2162,1066,1570,-1619,-1434,-440
IMU1,4836,48584864,-2053,1096,1339,-1644,-1633,-499
IMU1,4837,48595682,-2057,1093,1244,-1742,-1525,-585
IMU1,4838,48606516,-2084,1103,1220,-1820,-1304,-608
IMU1,4839,48617354,-2096,1124,1238,-1885,-1124,-639
IMU1,4840,48628199,-2023,1099,1229,-1926,-1082,-685
IMU1,4841,48639027,-1930,1022,1252,-1934,-1149,-758
IMU1,4842,48649882,-1815,809,1354,-1893,-1248,-831
IMU1,4843,48660502,-1723,628,1416,-1801,-1350,-886
IMU1,4844,48671112,-1635,462,1331,-1662,-1464,-924
IMU1,4845,48682252,-1588,487,1433,-1320,-1715,-956
IMU1,4846,48692873,-1552,459,1567,-1078,-1773,-923
IMU1,4847,48703500,-1357,399,1545,-794,-1796,-871
IMU1,4848,48713949,-1264,345,1516,-517,-1835,-830
IMU1,4849,48724387,-1204,299,1459,-280,-1900,-796
IMU1,4850,48734822,-1063,160,1451,-99,-1984,-755
IMU1,4851,48745050,-868,-74,1434,27,-2061,-718
IMU1,4852,48754875,-685,-376,1342,97,-2078,-691
IMU1,4853,48764908,-516,-502,1186,92,-1953,-673
IMU1,4854,48774940,-346,-534,1092,-7,-1656,-682
IMU1,4855,48784860,-270,-569,1008,-168,-1244,-734
IMU1,4856,48795172,-336,-591,1018,-360,-863,-816
IMU1,4857,48805300,-368,-621,1149,-532,-653,-907
IMU1,4858,48815423,-344,-727,1254,-629,-684,-1012
IMU1,4859,48826790,-171,-987,1263,-617,-962,-1182
IMU1,4860,48837117,-77,-1203,1246,-554,-849,-1222
IMU1,4861,48847450,-21,-1319,1130,-496,-537,-1223
IMU1,4862,48857764,-5,-1343,1056,-466,-169,-1196
IMU1,4863,48867875,-1,-1280,1168,-440,89,-1175
IMU1,4864,48877692,52,-1363,1302,-363,176,-1179
IMU1,4865,48887818,75,-1483,1320,-242,172,-1199
IMU1,4866,48897951,133,-1541,1239,-119,177,-1210
IMU1,4867,48908277,122,-1645,1251,-24,275,-1218
IMU1,4868,48918402,115,-1659,1349,69,456,-1207
IMU1,4869,48928429,157,-1532,1248,144,619,-1204
IMU1,4870,48938665,54,-1659,1508,200,789,-1233
IMU1,4871,48948713,-121,-1512,1730,294,940,-1240
IMU1,4872,48959056,-174,-1490,1897,436,947,-1208
IMU1,4873,48969404,-211,-1515,1995,621,831,-1157
IMU1,4874,48980271,-277,-1494,1988,917,631,-1012
IMU1,4875,48990620,-297,-1488,1920,971,619,-916
IMU1,4876,49000765,-318,-1478,1837,946,588,-820
IMU1,4877,49010914,-271,-1449,1711,857,530,-738
IMU1,4878,49021060,-257,-1385,1669,701,489,-684
IMU1,4879,49031197,-237,-1324,1682,521,509,-661
IMU1,4880,49041334,-262,-1247,1748,345,575,-665
IMU1,4881,49051469,-365,-1161,1849,205,663,-684
IMU1,4882,49061597,-438,-1089,1912,106,736,-706
IMU1,4883,49071749,-531,-1018,1982,48,756,-730
IMU1,4884,49081699,-657,-938,2089,32,724,-748
IMU1,4885,49091433,-805,-901,2214,60,646,-739
IMU1,4886,49101175,-919,-851,2291,133,542,-689
IMU1,4887,49111121,-951,-784,2288,232,422,-614
IMU1,4888,49121079,-917,-738,2207,319,293,-543
IMU1,4889,49131040,-849,-684,2060,352,191,-500
IMU1,4890,49140986,-795,-692,1994,328,143,-502
IMU1,4891,49150940,-707,-639,1845,261,125,-544
IMU1,4892,49160908,-715,-618,1761,145,143,-627
IMU1,4893,49170831,-725,-611,1801,20,196,-714
IMU1,4894,49180559,-776,-587,1946,-74,238,-785
IMU1,4895,49190390,-820,-510,2030,-95,242,-834
IMU1,4896,49201783,-846,-451,2033,-25,167,-871
IMU1,4897,49211594,-865,-416,2033,20,110,-846
IMU1,4898,49221317,-835,-439,1913,70,42,-793
IMU1,4899,49233410,-826,-548,1832,78,1,-701
IMU1,4900,49242750,-806,-600,1824,56,13,-571
IMU1,4901,49252280,-784,-667,1804,25,27,-425
IMU1,4902,49261805,-742,-770,1766,-2,4,-280
IMU1,4903,49271033,-702,-836,1837,-3,-37,-163
IMU1,4904,49280565,-602,-923,1906,44,-101,-86
IMU1,4905,49290172,-548,-1036,1977,149,-202,-70
IMU1,4906,49300196,-449,-1166,2015,294,-341,-100
IMU1,4907,49310413,-295,-1290,2015,455,-491,-179
IMU1,4908,49320627,-184,-1415,2002,597,-596,-293
IMU1,4909,49330852,-27,-1619,2029,700,-628,-421
IMU1,4910,49340879,145,-1834,2088,763,-597,-546
IMU1,4911,49351018,330,-2016,2093,770,-526,-661
IMU1,4912,49361159,533,-2217,2055,703,-439,-765
IMU1,4913,49371300,783,-2450,2020,552,-319,-851
IMU1,4914,49381447,1143,-2804,2120,334,-176,-921
IMU1,4915,49391777,1543,-3200,2441,112,-48,-996
IMU1,4916,49401917,1979,-3451,2835,-62,-27,-1096
IMU1,4917,49413196,2973,-3654,3048,-198,-431,-1425
IMU1,4918,49423831,3312,-3608,2701,-267,-625,-1598
IMU1,4919,49434481,3647,-3502,2103,-439,-518,-1637
IMU1,4920,49445118,3983,-3345,1542,-719,-75,-1551
IMU1,4921,49455574,4185,-3095,1151,-1053,526,-1374
IMU1,4922,49466325,4066,-2636,778,-1336,1159,-1139
IMU1,4923,49477065,3565,-1948,469,-1508,1861,-790
IMU1,4924,49487617,2604,-1243,293,-1527,2632,-247
IMU1,4925,49498143,1596,-543,89,-1362,3165,533
IMU1,4926,49509237,-132,1186,-213,-537,2950,2550
IMU1,4927,49519592,-1133,2089,-650,-73,2732,3585
IMU1,4928,49529945,-2078,2998,-657,340,2536,4490
IMU1,4929,49540398,-2655,4062,-443,829,2279,5111
IMU1,4930,49550858,-2783,5284,-665,1454,2051,5268
IMU1,4931,49561512,-3449,5871,-1011,2089,2069,5014
IMU1,4932,49572389,-4379,6311,-1288,2580,2510,4686
IMU1,4933,49583252,-5649,6188,-1104,2802,3347,4542
IMU1,4934,49594120,-6570,5209,-573,2765,4190,4664
IMU1,4935,49604777,-5403,2836,1229,2568,3616,4678
IMU1,4936,49615532,-4030,1748,2540,2469,2054,3912
IMU1,4937,49626293,-3237,1005,3542,2946,107,2624
IMU1,4938,49636830,-3105,688,3838,3628,-1617,1203
IMU1,4939,49647485,-2893,524,3653,4088,-2386,30
IMU1,4940,49657733,-2323,515,2409,4011,-2291,-811
IMU1,4941,49668273,-1707,590,750,3187,-1926,-1362
IMU1,4942,49678811,-1355,658,-343,1706,-1252,-1620
IMU1,4943,49689433,-1284,562,-485,-43,-20,-1585
IMU1,4944,49699353,-1364,254,-95,-1618,1267,-1387
IMU1,4945,49709776,-1577,-18,581,-2750,1863,-1160
IMU1,4946,49721259,-1983,26,828,-3476,1528,-634
IMU1,4947,49731409,-2133,65,989,-3167,1449,-258
IMU1,4948,49741548,-2178,73,1055,-2548,1433,108
IMU1,4949,49751800,-2207,17,1120,-1784,1261,396
IMU1,4950,49762055,-2252,-108,1067,-1013,843,554
IMU1,4951,49772392,-2252,-218,874,-350,273,585
IMU1,4952,49782338,-2171,-306,714,129,-232,522
IMU1,4953,49792290,-2123,-291,606,430,-483,383
IMU1,4954,49802223,-2037,-178,583,591,-511,210
IMU1,4955,49812175,-1931,-54,694,668,-415,17
IMU1,4956,49821698,-1890,66,809,710,-229,-180
IMU1,4957,49831428,-1936,94,913,728,-41,-351
IMU1,4958,49840966,-2009,96,939,726,68,-461
IMU1,4959,49850400,-1975,108,918,680,100,-501
IMU1,4960,49860232,-1895,141,926,594,69,-508
# swing_peak_seq=4934
IMU1,4961,49869875,-1852,186,955,479,6,-505
IMU1,4962,49879315,-1845,199,990,364,-58,-480
IMU1,4963,49889045,-1815,219,1006,266,-107,-431
IMU1,4964,49899170,-1800,233,1000,184,-141,-366
IMU1,4965,49909303,-1780,246,965,119,-114,-297
IMU1,4966,49919236,-1812,230,955,56,-5,-232
IMU1,4967,49928596,-1850,188,923,-15,129,-167
IMU1,4968,49938312,-1884,166,937,-90,230,-112
IMU1,4969,49948042,-1919,173,1019,-159,281,-83
IMU1,4970,49957971,-1969,192,1111,-206,258,-75
IMU1,4971,49967911,-2004,223,1168,-213,151,-82
IMU1,4972,49977854,-1991,277,1240,-173,-16,-101
IMU1,4973,49987866,-1958,322,1282,-100,-197,-120
IMU1,4974,49998065,-1931,335,1258,-10,-349,-135
IMU1,4975,50008087,-1953,339,1146,76,-437,-133
IMU1,4976,50019052,-2005,337,1154,133,-326,-59
IMU1,4977,50028979,-2030,359,1186,130,-233,-15
IMU1,4978,50038905,-2058,378,1294,107,-240,18
IMU1,4979,50048733,-2049,418,1411,97,-344,18
IMU1,4980,50058358,-2039,466,1484,107,-519,-19
IMU1,4981,50068287,-2048,530,1480,106,-727,-67
IMU1,4982,50078220,-2054,598,1432,83,-915,-125
IMU1,4983,50088166,-2022,659,1338,13,-1070,-169
IMU1,4984,50098281,-1999,721,1233,-102,-1177,-212
IMU1,4985,50108714,-2032,774,1179,-270,-1230,-242
IMU1,4986,50119164,-2031,799,1185,-472,-1216,-261
IMU1,4987,50129614,-1990,796,1221,-680,-1213,-279
IMU1,4988,50140055,-1953,839,1235,-872,-1289,-319
IMU1,4989,50150491,-1941,944,1233,-1037,-1427,-391
IMU1,4990,50161126,-1926,1005,1240,-1175,-1568,-485
IMU1,4991,50171956,-1860,993,1321,-1273,-1694,-692
IMU1,4992,50182607,-1853,996,1386,-1338,-1929,-762
IMU1,4993,50193226,-1854,952,1430,-1315,-2002,-817
IMU1,4994,50203861,-1835,906,1395,-1247,-2036,-843
IMU1,4995,50214499,-1763,809,1372,-1170,-2033,-821
IMU1,4996,50225120,-1706,716,1422,-1087,-1968,-760
IMU1,4997,50238317,-1702,661,1484,-985,-1857,-668
IMU1,4998,50248755,-1615,549,1600,-859,-1752,-556
IMU1,4999,50259704,-1605,499,1648,-570,-1801,-347
IMU1,5000,50270119,-1590,452,1669,-418,-2001,-246
IMU1,5001,50280554,-1512,381,1630,-266,-2272,-159
IMU1,5002,50290988,-1459,289,1596,-141,-2541,-70
IMU1,5003,50301240,-1423,253,1544,-43,-2727,29
IMU1,5004,50311178,-1296,203,1559,42,-2790,137
IMU1,5005,50321224,-1041,78,1642,127,-2738,225
IMU1,5006,50331256,-824,-39,1751,235,-2610,263
IMU1,5007,50341193,-669,-133,1827,352,-2442,260
IMU1,5008,50351332,-513,-228,1769,451,-2247,228
IMU1,5009,50361480,-477,-281,1671,483,-2037,171
IMU1,5010,50371621,-518,-288,1594,428,-1866,115
IMU1,5011,50381774,-491,-319,1551,311,-1781,69
IMU1,5012,50391720,-351,-416,1526,169,-1774,28
IMU1,5013,50401656,-265,-471,1567,11,-1772,-19
IMU1,5014,50411479,-154,-489,1657,-116,-1688,-58
IMU1,5015,50421606,-86,-546,1786,-207,-1518,-90
IMU1,5016,50432582,-77,-640,1802,-299,-1094,-126
IMU1,5017,50442699,-127,-678,1813,-334,-981,-109
IMU1,5018,50452820,-141,-760,1797,-364,-939,-80
IMU1,5019,50462747,-114,-843,1702,-410,-925,-22
IMU1,5020,50472664,-16,-897,1594,-483,-881,50
IMU1,5021,50482298,82,-944,1514,-592,-775,111
IMU1,5022,50492055,186,-1023,1454,-712,-610,143
IMU1,5023,50502198,270,-1106,1406,-831,-402,137
IMU1,5024,50512345,311,-1164,1446,-939,-168,107
IMU1,5025,50522482,306,-1215,1507,-1007,71,59
IMU1,5026,50532333,268,-1267,1581,-1028,290,1
IMU1,5027,50542194,191,-1343,1601,-1004,461,-43
IMU1,5028,50552331,68,-1363,1626,-948,578,-61
IMU1,5029,50562074,-6,-1351,1709,-878,647,-42
IMU1,5030,50571705,3,-1344,1797,-776,666,-14
IMU1,5031,50581251,27,-1339,1842,-640,651,7
IMU1,5032,50590696,45,-1306,1854,-494,626,13
IMU1,5033,50600346,58,-1243,1835,-352,604,10
IMU1,5034,50609995,69,-1218,1879,-220,608,1
IMU1,5035,50619452,-55,-1256,1906,-104,644,-1
IMU1,5036,50629100,-208,-1243,1987,4,688,30
IMU1,5037,50638552,-166,-1145,1752,73,692,94
IMU1,5038,50648204,-195,-1265,2122,86,694,135
IMU1,5039,50658050,-218,-1005,2120,143,700,150
IMU1,5040,50668097,-239,-953,2252,209,638,126
IMU1,5041,50677950,-175,-929,2250,291,547,63
IMU1,5042,50687607,-165,-755,2188,358,411,-34
IMU1,5043,50697366,-178,-786,2167,393,305,-135
IMU1,5044,50707314,-204,-781,2163,393,295,-209
IMU1,5045,50717262,-242,-794,2097,361,341,-247
IMU1,5046,50727206,-282,-807,2026,291,384,-252
IMU1,5047,50737139,-270,-793,1985,183,401,-242
IMU1,5048,50747085,-252,-729,1946,52,380,-238
IMU1,5049,50756832,-237,-684,1958,-85,331,-250
IMU1,5050,50766667,-189,-657,1976,-200,271,-282
IMU1,5051,50776705,-137,-625,1992,-278,230,-332
IMU1,5052,50786761,-156,-607,1988,-328,255,-384
IMU1,5053,50797852,-234,-628,2193,-315,479,-435
IMU1,5054,50807907,-311,-613,2233,-236,504,-439
IMU1,5055,50817966,-310,-616,2150,-131,391,-421
IMU1,5056,50828007,-276,-619,2136,-50,211,-389
IMU1,5057,50837848,-206,-594,2129,29,73,-350
IMU1,5058,50847391,-139,-611,2108,101,-1,-321
IMU1,5059,50857029,-120,-618,2064,157,-31,-299
IMU1,5060,50866867,-84,-631,1997,181,-9,-274
IMU1,5061,50876322,-12,-649,1945,168,56,-255
IMU1,5062,50885856,1,-670,1944,125,125,-249
IMU1,5063,50895292,-4,-697,1981,69,133,-241
IMU1,5064,50904633,2,-731,2006,26,76,-224
IMU1,5065,50913685,41,-780,2034,6,-17,-183
IMU1,5066,50923342,133,-847,2010,3,-76,-138
IMU1,5067,50932692,206,-922,1943,-11,-85,-77
IMU1,5068,50942135,252,-993,1880,-39,-36,-29
IMU1,5069,50952108,345,-1100,1861,-88,17,28
IMU1,5070,50961556,481,-1224,1900,-137,28,78
IMU1,5071,50971213,632,-1322,1958,-170,-3,106
IMU1,5072,50980956,755,-1437,2083,-165,-46,112
IMU1,5073,50990904,829,-1540,2181,-121,-90,118
IMU1,5074,51000860,900,-1662,2223,-45,-146,141
IMU1,5075,51010806,1077,-1769,2203,35,-222,173
IMU1,5076,51020854,1340,-1817,2123,103,-296,179
IMU1,5077,51031097,1598,-1865,2123,138,-345,138
IMU1,5078,51041364,1703,-1924,2219,159,-340,70
IMU1,5079,51051416,1760,-1968,2320,196,-292,26
IMU1,5080,51061475,1683,-1978,2442,247,-224,36
IMU1,5081,51071529,1630,-1855,2344,305,-174,107
IMU1,5082,51081799,1741,-1767,2180,319,-190,216
IMU1,5083,51092058,1841,-1668,2017,274,-204,309
IMU1,5084,51102315,1888,-1614,1787,179,-84,401
IMU1,5085,51112372,1933,-1515,1501,20,211,507
IMU1,5086,51122346,1832,-1254,1369,-186,569,613
IMU1,5087,51132608,1560,-1012,1373,-353,861,734
IMU1,5088,51142874,1201,-338,1502,-419,1070,916
IMU1,5089,51153658,413,-117,1458,-123,1269,1559
IMU1,5090,51163917,210,239,1048,175,1330,1981
IMU1,5091,51173989,-73,615,730,403,1417,2388
IMU1,5092,51183780,-472,1042,429,560,1580,2750
IMU1,5093,51193964,-950,1524,123,631,1800,3094
IMU1,5094,51204156,-1614,2141,186,628,2027,3414
IMU1,5095,51214481,-2192,2650,486,683,2104,3702
IMU1,5096,51224810,-2410,2976,455,848,1979,3923
IMU1,5097,51235146,-2708,3329,107,1022,1895,4018
IMU1,5098,51248342,-3062,3577,236,1123,2101,4010
IMU1,5099,51259923,-3581,3252,305,1282,3158,3758
IMU1,5100,51270483,-3835,2973,443,1189,3788,3540
IMU1,5101,51281041,-3958,2305,736,1012,4196,3244
IMU1,5102,51291592,-3925,1796,960,810,4089,2905
IMU1,5103,51301936,-3616,1436,1057,637,3418,2471
IMU1,5104,51312504,-3054,1101,1190,541,2389,1899
IMU1,5105,51323072,-2489,880,1315,573,1350,1208
IMU1,5106,51333414,-2119,689,1380,739,655,502
IMU1,5107,51343357,-1995,678,1360,988,446,-97
IMU1,5108,51353208,-2028,622,1320,1248,593,-533
IMU1,5109,51363464,-2097,549,1194,1453,837,-798
IMU1,5110,51373716,-2120,444,1179,1532,918,-931
IMU1,5111,51384496,-2113,452,1245,1395,477,-990
IMU1,5112,51394741,-2111,488,1311,1234,176,-927
IMU1,5113,51404981,-2127,526,1248,1059,-81,-815
IMU1,5114,51415101,-2068,500,1176,833,-284,-649
IMU1,5115,51425238,-1980,519,831,579,-411,-443
IMU1,5116,51435186,-1746,522,793,270,-414,-231
IMU1,5117,51445146,-1676,516,866,-32,-282,-80
IMU1,5118,51454782,-1715,535,836,-278,-60,19
IMU1,5119,51464327,-1836,495,874,-487,213,107
IMU1,5120,51474155,-1927,416,1024,-638,445,188
IMU1,5121,51484179,-2092,395,1073,-717,514,245
IMU1,5122,51494207,-2196,377,1152,-738,434,282
IMU1,5123,51504251,-2184,388,1218,-691,267,300
IMU1,5124,51514289,-2101,409,1258,-589,75,275
IMU1,5125,51524125,-2051,424,1229,-452,-83,207
IMU1,5126,51534040,-2013,400,1160,-313,-186,117
IMU1,5127,51544158,-1949,382,1088,-206,-233,25
# swing_peak_seq=5101
IMU1,5128,51554079,-1861,368,1000,-143,-234,-73
IMU1,5129,51564098,-1826,351,954,-128,-187,-175
IMU1,5130,51574116,-1802,343,933,-145,-102,-264
IMU1,5131,51584138,-1801,328,935,-182,-1,-326
IMU1,5132,51593747,-1826,323,979,-224,93,-360
IMU1,5133,51603475,-1888,321,1074,-243,149,-368
IMU1,5134,51613599,-1919,317,1126,-231,126,-347
IMU1,5135,51623728,-1931,359,1193,-196,14,-305
IMU1,5136,51634691,-1953,383,1215,-73,-282,-195
IMU1,5137,51644717,-1942,428,1243,-11,-382,-129
IMU1,5138,51654741,-1919,476,1220,44,-434,-72
IMU1,5139,51664475,-1923,465,1219,77,-417,-36
IMU1,5140,51674199,-1949,474,1206,90,-336,-16
IMU1,5141,51683927,-1958,482,1221,60,-249,6
IMU1,5142,51693354,-1959,466,1254,4,-195,-5
IMU1,5143,51702688,-1959,455,1274,-71,-225,-41
IMU1,5144,51712517,-1975,493,1267,-154,-336,-96
IMU1,5145,51722530,-1944,519,1250,-255,-474,-150
IMU1,5146,51732754,-1924,545,1243,-354,-565,-212
IMU1,5147,51742976,-1931,615,1218,-454,-586,-267
IMU1,5148,51753206,-1905,678,1220,-547,-540,-312
IMU1,5149,51763444,-1896,671,1249,-624,-473,-357
IMU1,5150,51773672,-1922,645,1283,-698,-462,-397
IMU1,5151,51783883,-1981,649,1333,-756,-542,-427
IMU1,5152,51794106,-2084,711,1387,-793,-700,-440
IMU1,5153,51804334,-2172,791,1434,-801,-905,-431
IMU1,5154,51814570,-2218,857,1434,-800,-1132,-399
IMU1,5155,51824991,-2122,822,1363,-789,-1342,-365
IMU1,5156,51835410,-1964,844,1079,-804,-1515,-353
IMU1,5157,51846361,-1911,891,1042,-964,-1543,-386
IMU1,5158,51856791,-1914,887,1076,-1069,-1413,-444
IMU1,5159,51867415,-1986,864,1160,-1160,-1304,-497
IMU1,5160,51878034,-2091,836,1277,-1218,-1261,-544
IMU1,5161,51888671,-2221,766,1391,-1237,-1321,-571
IMU1,5162,51899301,-2289,660,1489,-1209,-1541,-567
IMU1,5163,51909926,-2273,626,1574,-1130,-1918,-543
IMU1,5164,51920577,-2090,577,1623,-1001,-2346,-526
IMU1,5165,51931198,-1856,522,1334,-847,-2675,-549
IMU1,5166,51942679,-1567,426,1179,-675,-2648,-700
IMU1,5167,51953104,-1495,387,1116,-689,-2361,-779
IMU1,5168,51963550,-1436,331,1210,-732,-2032,-849
IMU1,5169,51973987,-1439,225,1379,-745,-1780,-913
IMU1,5170,51984423,-1358,76,1500,-702,-1711,-957
IMU1,5171,51994663,-1222,-81,1567,-615,-1798,-980
IMU1,5172,52004998,-1095,-205,1596,-511,-1914,-993
IMU1,5173,52015533,-908,-289,1559,-412,-1951,-997
IMU1,5174,52025870,-757,-325,1504,-341,-1884,-1003
IMU1,5175,52036384,-599,-343,1482,-310,-1760,-1016
IMU1,5176,52046906,-322,-416,1533,-303,-1652,-1044
IMU1,5177,52057938,-323,-432,1513,-297,-1513,-1130
IMU1,5178,52068466,-230,-481,1513,-302,-1409,-1143
IMU1,5179,52078996,-91,-494,1528,-320,-1262,-1160
IMU1,5180,52089327,33,-544,1567,-331,-1095,-1208
IMU1,5181,52099563,242,-721,1524,-352,-927,-1270
IMU1,5182,52109797,351,-791,1400,-401,-742,-1359
IMU1,5183,52120029,355,-802,1377,-497,-564,-1466
IMU1,5184,52130249,371,-739,1484,-592,-442,-1577
IMU1,5185,52140483,350,-657,1689,-634,-352,-1696
IMU1,5186,52150711,345,-680,1809,-592,-239,-1811
IMU1,5187,52160951,385,-651,1723,-515,-123,-1916
IMU1,5188,52171181,384,-656,1727,-459,-29,-2017
IMU1,5189,52181217,388,-638,1539,-410,31,-2097
IMU1,5190,52192719,335,-719,1745,-406,211,-2137
IMU1,5191,52202860,294,-662,1743,-348,362,-2088
IMU1,5192,52212997,308,-702,1699,-266,426,-2029
IMU1,5193,52223138,330,-720,1569,-197,386,-1961
IMU1,5194,52233294,380,-763,1520,-166,320,-1895
IMU1,5195,52243424,477,-796,1476,-160,302,-1836
IMU1,5196,52256120,529,-804,1452,-174,353,-1787
IMU1,5197,52266238,552,-839,1478,-188,474,-1745
IMU1,5198,52276379,501,-829,1585,-178,636,-1695
IMU1,5199,52286516,429,-872,1715,-129,806,-1632
IMU1,5200,52296645,355,-848,1906,-43,922,-1548
IMU1,5201,52308138,343,-977,1932,190,869,-1371
IMU1,5202,52318172,329,-984,1902,301,761,-1298
IMU1,5203,52328220,328,-986,1870,381,662,-1226
IMU1,5204,52338250,352,-988,1911,427,615,-1163
IMU1,5205,52348300,426,-986,1895,461,627,-1129
IMU1,5206,52358346,443,-984,1863,476,654,-1126
IMU1,5207,52368389,425,-992,1856,469,692,-1148
IMU1,5208,52378428,363,-965,1886,452,715,-1177
IMU1,5209,52388468,318,-976,1960,431,729,-1200
IMU1,5210,52398511,329,-976,2027,423,745,-1218
IMU1,5211,52408557,322,-950,2061,422,761,-1246
IMU1,5212,52418605,249,-955,2115,425,778,-1278
IMU1,5213,52428657,157,-960,2199,433,783,-1286
IMU1,5214,52438716,78,-950,2327,457,759,-1258
IMU1,5215,52448557,70,-938,2405,501,681,-1212
IMU1,5216,52458379,87,-897,2374,556,551,-1170
IMU1,5217,52468217,126,-831,2248,585,424,-1141
IMU1,5218,52478236,146,-754,2103,557,330,-1122
IMU1,5219,52488274,143,-669,1987,473,298,-1115
IMU1,5220,52498286,109,-592,1955,349,342,-1100
IMU1,5221,52508297,39,-518,2084,218,434,-1081
IMU1,5222,52519670,-168,-328,2172,57,502,-1051
IMU1,5223,52529581,-258,-236,2229,38,453,-1002
IMU1,5224,52539502,-335,-199,2237,54,397,-949
IMU1,5225,52549230,-374,-180,2193,64,338,-869
IMU1,5226,52558943,-399,-158,2117,58,293,-776
IMU1,5227,52568669,-339,-151,2039,19,284,-682
IMU1,5228,52578376,-273,-158,1966,-58,310,-607
IMU1,5229,52588197,-186,-177,1892,-159,346,-566
IMU1,5230,52598204,-62,-226,1812,-275,376,-561
IMU1,5231,52608017,22,-289,1777,-399,423,-585
IMU1,5232,52617714,66,-390,1797,-508,503,-612
IMU1,5233,52627440,127,-497,1809,-585,605,-621
IMU1,5234,52637361,157,-602,1888,-632,697,-612
IMU1,5235,52647294,189,-741,1991,-637,728,-580
IMU1,5236,52657217,268,-856,2039,-595,691,-524
IMU1,5237,52667140,370,-931,2061,-524,606,-452
IMU1,5238,52677072,450,-1026,2075,-438,522,-367
IMU1,5239,52687196,584,-1117,2092,-342,484,-269
IMU1,5240,52697321,693,-1205,2153,-248,484,-167
IMU1,5241,52707435,756,-1293,2225,-146,470,-65
IMU1,5242,52717365,860,-1370,2287,-31,394,37
IMU1,5243,52726997,1005,-1426,2315,80,262,121
IMU1,5244,52736932,1177,-1467,2283,177,112,177
IMU1,5245,52747046,1388,-1456,2187,239,-36,201
IMU1,5246,52757067,1583,-1443,2094,255,-161,199
IMU1,5247,52767278,1787,-1473,2036,228,-232,195
IMU1,5248,52777502,2018,-1440,2153,173,-216,184
IMU1,5249,52788761,2365,-1461,2352,68,-18,132
IMU1,5250,52798593,2446,-1480,2430,74,34,101
IMU1,5251,52808331,2468,-1486,2394,96,0,100
IMU1,5252,52817756,2302,-1465,2456,115,-46,178
IMU1,5253,52827783,2043,-1371,2480,148,15,372
IMU1,5254,52837712,1859,-1244,2383,179,187,677
IMU1,5255,52847856,1689,-1060,2301,177,354,1036
IMU1,5256,52858180,1466,-844,2271,167,449,1406
IMU1,5257,52868303,1278,-656,2088,169,530,1762
IMU1,5258,52878423,1100,-459,1738,141,690,2083
IMU1,5259,52888549,820,-228,1385,40,973,2348
IMU1,5260,52898276,264,90,1326,-95,1261,2591
IMU1,5261,52908001,-285,313,1245,-161,1411,2880
IMU1,5262,52918220,-783,670,1027,-152,1398,3245
IMU1,5263,52928457,-1301,1087,788,-111,1360,3673
IMU1,5264,52938877,-1638,1500,319,-98,1472,4142
IMU1,5265,52949121,-2098,2066,-292,-219,1765,4601
IMU1,5266,52959640,-2844,2694,-688,-530,2167,5056
IMU1,5267,52970186,-4029,3417,-444,-946,2529,5545
IMU1,5268,52981246,-3469,3519,207,-1459,2560,6269
IMU1,5269,52991888,-3131,3954,593,-1293,2488,6151
IMU1,5270,53002560,-3068,3930,525,-938,2784,5717
IMU1,5271,53013005,-3599,3397,582,-591,3357,5204
IMU1,5272,53023454,-4013,2712,785,-323,3892,4847
IMU1,5273,53033897,-4199,2220,1072,-146,4245,4618
IMU1,5274,53044549,-3967,1582,1372,-25,4215,4371
IMU1,5275,53054988,-3464,941,1654,100,3495,3966
IMU1,5276,53065340,-2698,653,1918,317,2078,3303
IMU1,5277,53075693,-2169,462,1795,675,328,2359
IMU1,5278,53086879,-1867,224,1424,1403,-2358,395
IMU1,5279,53097318,-1865,239,1132,1541,-2540,-326
IMU1,5280,53107853,-1888,313,858,1501,-1946,-790
IMU1,5281,53118186,-1860,417,672,1319,-1001,-1031
IMU1,5282,53128717,-1784,414,590,1062,-163,-1144
IMU1,5283,53139031,-1769,411,593,767,328,-1189
IMU1,5284,53149067,-1849,404,663,480,508,-1180
IMU1,5285,53159084,-1950,402,760,237,499,-1095
IMU1,5286,53169108,-1972,415,812,54,390,-932
IMU1,5287,53178740,-1952,428,858,-74,238,-722
IMU1,5288,53188468,-1903,397,922,-146,85,-496
IMU1,5289,53198196,-1841,384,954,-162,-37,-278
IMU1,5290,53208017,-1811,395,956,-142,-98,-85
IMU1,5291,53217634,-1818,369,1010,-108,-47,75
IMU1,5292,53227348,-1878,363,1098,-67,100,213
IMU1,5293,53237186,-1935,360,1167,-23,278,327
IMU1,5294,53247020,-2009,369,1237,10,409,404
# swing_peak_seq=5268
IMU1,5295,53259324,-2115,412,1307,41,372,422
IMU1,5296,53269559,-2169,421,1291,11,210,370
IMU1,5297,53279276,-2214,451,1329,-46,15,288
IMU1,5298,53288898,-2281,480,1450,-92,-156,186
IMU1,5299,53298805,-2297,543,1531,-128,-292,97
IMU1,5300,53308728,-2289,618,1597,-135,-375,10
IMU1,5301,53318662,-2291,726,1682,-132,-415,-72
IMU1,5302,53328675,-2290,862,1744,-130,-442,-163
IMU1,5303,53338883,-2289,1018,1830,-138,-518,-265
IMU1,5304,53349297,-2325,1078,1816,-167,-705,-374
IMU1,5305,53359720,-2444,1098,1721,-239,-1015,-483
IMU1,5306,53370341,-2465,1227,1626,-387,-1362,-598
IMU1,5307,53380967,-2367,1361,1457,-614,-1728,-759
IMU1,5308,53391590,-2252,1501,1388,-906,-2112,-987
IMU1,5309,53402223,-2134,1562,1283,-1224,-2450,-1255
IMU1,5310,53413248,-1978,1654,900,-1920,-2728,-1764
IMU1,5311,53424056,-1842,1588,743,-2282,-2663,-1993
IMU1,5312,53434880,-1702,1458,655,-2638,-2528,-2200
IMU1,5313,53445703,-1569,1290,657,-2929,-2301,-2387
IMU1,5314,53456532,-1448,1055,719,-3135,-1994,-2528
IMU1,5315,53467362,-1366,767,897,-3249,-1645,-2603
IMU1,5316,53477968,-1320,472,1052,-3252,-1295,-2600
IMU1,5317,53488785,-1268,206,1092,-3170,-1007,-2513
IMU1,5318,53499620,-814,-119,770,-3047,-786,-2160
IMU1,5319,53509948,-740,-211,902,-2820,-805,-1959
IMU1,5320,53520265,-994,-197,1171,-2666,-743,-1731
IMU1,5321,53530779,-620,-326,1385,-2436,-527,-1473
IMU1,5322,53541303,-266,-484,1063,-2161,-315,-1300
IMU1,5323,53551817,392,-409,374,-1954,-211,-1212
IMU1,5324,53562053,666,-295,263,-1887,-266,-1260
IMU1,5325,53572275,758,-442,566,-1856,-438,-1365
IMU1,5326,53582504,804,-739,1047,-1766,-661,-1479
IMU1,5327,53592917,415,-1130,1745,-1595,-873,-1588
IMU1,5328,53603564,-718,-1516,2093,-1313,-999,-1591
IMU1,5329,53614296,-379,-1492,1515,-997,-1091,-1401
IMU1,5330,53625544,-528,-1401,1276,-562,-1244,-1009
IMU1,5331,53636276,-982,-1624,1118,-426,-1242,-769
IMU1,5332,53646800,-1581,-2067,1046,-355,-1205,-414
IMU1,5333,53657520,-1863,-2471,1377,-321,-1151,73
IMU1,5334,53667969,-1931,-2506,1686,-241,-1166,609
IMU1,5335,53678586,-1647,-2183,1943,-77,-1312,1094
IMU1,5336,53689208,-1001,-1741,1861,136,-1505,1433
IMU1,5337,53699939,-691,-1773,1995,257,-1650,1550
IMU1,5338,53710469,-437,-2104,2259,327,-1612,1523
IMU1,5339,53721514,-55,-2072,1788,424,-1489,1217
IMU1,5340,53731859,6,-2124,1784,321,-1413,923
IMU1,5341,53741701,-303,-2225,2352,183,-1264,575
IMU1,5342,53752046,-383,-2219,2397,197,-1229,286
IMU1,5343,53762387,-197,-2125,2062,274,-1280,13
IMU1,5344,53772491,-71,-2019,2058,276,-1265,-326
IMU1,5345,53782704,-40,-1949,2152,255,-1271,-710
IMU1,5346,53792928,-201,-1983,2073,279,-1424,-1068
IMU1,5347,53803540,-385,-1886,2018,326,-1598,-1344
IMU1,5348,53814156,-295,-1672,1844,386,-1698,-1550
IMU1,5349,53824778,-73,-1544,1905,468,-1724,-1737
IMU1,5350,53835199,-9,-1452,1929,616,-1663,-1919
IMU1,5351,53845436,27,-1281,1752,809,-1583,-2051
IMU1,5352,53856282,117,-1134,1597,1209,-1538,-2195
IMU1,5353,53867019,105,-1012,1468,1353,-1548,-2244
IMU1,5354,53877744,37,-995,1382,1471,-1513,-2271
IMU1,5355,53888090,87,-937,1274,1553,-1389,-2235
IMU1,5356,53898418,175,-802,1082,1603,-1182,-2170
IMU1,5357,53908932,191,-654,947,1591,-947,-2097
IMU1,5358,53919069,255,-613,909,1527,-659,-2007
IMU1,5359,53929203,503,-684,881,1415,-352,-1910
IMU1,5360,53939330,316,-748,865,1280,-115,-1837
IMU1,5361,53949453,138,-789,723,1117,93,-1722
IMU1,5362,53959289,107,-892,974,926,339,-1544
IMU1,5363,53969124,-101,-1002,1136,762,612,-1335
IMU1,5364,53979448,-135,-1130,1368,648,904,-1092
IMU1,5365,53989776,101,-1264,1626,586,1224,-651
IMU1,5366,54000527,49,-1193,1676,574,1523,-521
IMU1,5367,54010565,15,-1082,1558,574,1237,-483
IMU1,5368,54020603,139,-1110,1152,527,894,-505
IMU1,5369,54030641,327,-1224,865,368,830,-551
IMU1,5370,54040475,240,-1255,1174,128,1088,-624
IMU1,5371,54050716,178,-1008,1202,-54,1350,-694
IMU1,5372,54060847,480,-747,1198,-238,1532,-776
IMU1,5373,54070988,83,-843,1659,-447,1818,-914
IMU1,5374,54080909,43,-891,1854,-575,1982,-1003
IMU1,5375,54091019,65,-909,2092,-628,1862,-1068
IMU1,5376,54101148,240,-829,1950,-635,1570,-1138
IMU1,5377,54111478,317,-779,1797,-667,1294,-1228
IMU1,5378,54121813,279,-823,1775,-739,1168,-1305
IMU1,5379,54132133,135,-846,1826,-808,1157,-1344
IMU1,5380,54142457,-9,-825,1925,-844,1235,-1335
IMU1,5381,54152483,-90,-799,2010,-840,1369,-1281
IMU1,5382,54162692,-219,-756,2299,-800,1509,-1201
IMU1,5383,54173639,-243,-733,2338,-595,1550,-1028
IMU1,5384,54184071,-213,-726,2355,-470,1357,-961
IMU1,5385,54194300,-41,-687,2374,-354,1081,-923
IMU1,5386,54204335,109,-678,2265,-254,843,-909
IMU1,5387,54214266,163,-650,2145,-182,699,-916
IMU1,5388,54224200,145,-631,2036,-168,635,-919
IMU1,5389,54234138,100,-645,2005,-189,607,-918
IMU1,5390,54244063,32,-655,2015,-218,584,-896
IMU1,5391,54253789,-77,-665,2009,-245,564,-849
IMU1,5392,54266166,-188,-706,1986,-273,552,-780
IMU1,5393,54276210,-211,-723,1987,-303,543,-691
IMU1,5394,54286231,-190,-745,2026,-327,522,-607
IMU1,5395,54296255,-75,-780,2048,-328,475,-545
IMU1,5396,54306088,90,-804,2121,-322,412,-523
IMU1,5397,54315808,174,-812,2143,-289,354,-550
IMU1,5398,54325745,186,-826,1963,-247,297,-611
IMU1,5399,54337236,149,-815,1947,-201,158,-749
IMU1,5400,54347165,103,-823,1723,-211,108,-797
IMU1,5401,54357101,53,-891,1541,-251,123,-859
IMU1,5402,54366839,-66,-951,1577,-330,211,-895
IMU1,5403,54376679,-120,-979,1754,-399,264,-877
IMU1,5404,54386711,-112,-961,1893,-407,240,-844
IMU1,5405,54396742,-258,-895,2177,-357,142,-810
IMU1,5406,54406776,-235,-813,2159,-230,-3,-745
IMU1,5407,54416486,-172,-874,1813,-98,-125,-654
IMU1,5408,54426381,-224,-940,1574,-46,-116,-544
IMU1,5409,54436295,-134,-962,1555,-68,22,-415
IMU1,5410,54445906,9,-947,1665,-113,139,-305
IMU1,5411,54455440,117,-884,1712,-142,180,-238
IMU1,5412,54465362,167,-895,1696,-162,218,-207
IMU1,5413,54475268,254,-985,1669,-185,277,-195
IMU1,5414,54485195,338,-1099,1684,-212,291,-195
IMU1,5415,54495308,438,-1212,1664,-226,271,-220
IMU1,5416,54505436,544,-1316,1529,-251,264,-262
IMU1,5417,54515565,656,-1408,1448,-308,293,-314
IMU1,5418,54525696,713,-1482,1495,-373,349,-371
IMU1,5419,54535831,783,-1588,1632,-408,439,-412
IMU1,5420,54545964,845,-1733,1819,-385,495,-439
IMU1,5421,54556090,967,-1862,2005,-303,443,-453
IMU1,5422,54566223,1118,-1941,2229,-160,309,-463
IMU1,5423,54577601,1577,-2097,2266,230,71,-503
IMU1,5424,54587639,1877,-2100,2227,411,-13,-571
IMU1,5425,54597776,2158,-2142,2129,538,-102,-680
IMU1,5426,54608111,2429,-2169,2070,579,-164,-847
IMU1,5427,54618435,2505,-2130,1960,548,-221,-1039
IMU1,5428,54628975,2694,-2104,1961,441,-276,-1187
IMU1,5429,54639513,2790,-2084,1925,296,-325,-1310
IMU1,5430,54650055,2906,-1935,1841,122,-351,-1370
IMU1,5431,54660588,2948,-1834,1845,-63,-311,-1362
IMU1,5432,54671024,3113,-1639,1780,-204,-203,-1316
IMU1,5433,54681665,2988,-1388,1703,-289,-27,-1233
IMU1,5434,54693121,2370,-814,1549,-244,527,-774
IMU1,5435,54703262,1940,-534,1392,-146,842,-342
IMU1,5436,54713402,1509,-210,1133,-2,1148,224
IMU1,5437,54723257,1057,71,768,127,1473,914
IMU1,5438,54732899,371,338,608,219,1833,1728
IMU1,5439,54742735,-413,603,595,311,2127,2702
IMU1,5440,54752696,-1294,857,511,447,2332,3843
IMU1,5441,54762833,-2077,1070,191,590,2563,5089
IMU1,5442,54773189,-3002,1453,-266,649,2844,6307
IMU1,5443,54783642,-4040,1776,-691,574,3016,7457
IMU1,5444,54794110,-4362,2338,-678,444,2892,8462
IMU1,5445,54804561,-4315,3257,-123,473,2570,9083
IMU1,5446,54814990,-4485,3735,284,802,2254,9172
IMU1,5447,54825340,-4479,4148,869,1406,2015,8893
IMU1,5448,54835895,-4435,3741,2166,2229,2241,8282
IMU1,5449,54846654,-4793,2634,2377,3844,3463,6553
IMU1,5450,54857422,-3767,1829,2512,4271,2647,5680
IMU1,5451,54868187,-2750,1085,2856,4481,860,4455
IMU1,5452,54878739,-1823,811,2780,4492,-822,3023
IMU1,5453,54889192,-1278,984,2356,4190,-1759,1647
IMU1,5454,54899832,-675,896,1546,3448,-1766,565
IMU1,5455,54910068,-380,966,414,2224,-1143,-149
IMU1,5456,54920207,-465,1026,-271,614,-168,-472
IMU1,5457,54930227,-985,892,77,-1031,978,-427
IMU1,5458,54939961,-1589,634,849,-2272,1888,-91
IMU1,5459,54950110,-2113,345,1529,-2917,2212,380
IMU1,5460,54960564,-2462,239,1769,-2995,1849,852
IMU1,5461,54971528,-2351,147,1431,-2128,359,1575
IMU1,5462,54981978,-1971,64,1105,-1562,4,1688
IMU1,5463,54991826,-1681,41,870,-1067,1,1556
IMU1,5464,55001470,-1596,30,784,-709,202,1228
IMU1,5465,55011331,-1602,76,775,-502,464,794
IMU1,5466,55020982,-1637,157,823,-412,709,327
IMU1,5467,55030815,-1746,240,903,-387,926,-117
IMU1,5468,55040759,-1868,308,988,-404,1068,-476
IMU1,5469,55050885,-1993,333,1075,-413,1083,-711
IMU1,5470,55061201,-2041,406,1198,-394,943,-811
IMU1,5471,55071326,-2028,485,1313,-324,676,-785
IMU1,5472,55081454,-1938,522,1325,-221,393,-661
# swing_peak_seq=5446
IMU1,5473,55091577,-1825,544,1208,-122,171,-482
IMU1,5474,55101689,-1724,564,1063,-72,56,-287
IMU1,5475,55111413,-1664,565,968,-91,40,-108
IMU1,5476,55120941,-1596,528,949,-150,69,30
IMU1,5477,55130387,-1576,476,1009,-222,124,117
IMU1,5478,55140427,-1609,454,1111,-268,187,154
IMU1,5479,55150459,-1655,413,1248,-259,244,148
IMU1,5480,55160487,-1706,389,1322,-195,276,108
IMU1,5481,55170512,-1756,371,1397,-115,280,53
IMU1,5482,55180355,-1764,370,1464,-28,265,-13
IMU1,5483,55190085,-1767,404,1444,45,217,-100
IMU1,5484,55199911,-1756,439,1377,69,138,-198
IMU1,5485,55209764,-1753,468,1307,29,73,-289
IMU1,5486,55219391,-1742,493,1286,-65,36,-374
IMU1,5487,55229106,-1712,527,1290,-188,-2,-436
IMU1,5488,55238933,-1682,538,1279,-324,-33,-487
IMU1,5489,55248957,-1678,555,1322,-458,-43,-533
IMU1,5490,55260025,-1657,595,1312,-679,-54,-618
IMU1,5491,55272616,-1708,610,1307,-773,-64,-658
IMU1,5492,55282655,-1731,619,1296,-853,-75,-695
IMU1,5493,55292692,-1720,590,1303,-929,-99,-725
IMU1,5494,55302739,-1725,590,1340,-991,-156,-760
IMU1,5495,55312962,-1753,628,1343,-1038,-249,-814
IMU1,5496,55323381,-1762,684,1355,-1082,-381,-884
IMU1,5497,55333798,-1757,719,1367,-1112,-547,-961
IMU1,5498,55344238,-1756,758,1393,-1134,-704,-1041
IMU1,5499,55354875,-1812,829,1416,-1138,-809,-1114
IMU1,5500,55366036,-1986,922,1472,-1108,-991,-1196
IMU1,5501,55376681,-2089,993,1545,-1053,-1225,-1204
IMU1,5502,55387507,-2101,1088,1544,-978,-1634,-1169
IMU1,5503,55398341,-2007,1129,1464,-900,-2116,-1084
IMU1,5504,55409182,-1908,1147,1311,-842,-2442,-975
IMU1,5505,55419814,-1831,1159,1111,-835,-2489,-831
IMU1,5506,55430459,-1667,1095,937,-886,-2329,-670
IMU1,5507,55440883,-1532,987,834,-988,-2053,-523
IMU1,5508,55451108,-1457,798,932,-1120,-1684,-395
IMU1,5509,55462066,-1584,481,1172,-1323,-939,-184
IMU1,5510,55472501,-1593,343,1456,-1348,-788,-106
IMU1,5511,55482939,-1588,235,1649,-1283,-840,-101
IMU1,5512,55493360,-1644,162,1708,-1173,-1055,-139
IMU1,5513,55503986,-1745,99,1703,-1048,-1349,-167
IMU1,5514,55514418,-1642,-74,1650,-929,-1631,-156
IMU1,5515,55524742,-1419,-233,1577,-827,-1796,-152
IMU1,5516,55535281,-1149,-315,1482,-755,-1785,-188
IMU1,5517,55545822,-1005,-389,1369,-718,-1639,-258
IMU1,5518,55556346,-983,-441,1258,-713,-1430,-324
IMU1,5519,55566679,-862,-659,1251,-737,-1228,-357
IMU1,5520,55577536,-826,-757,1347,-766,-962,-410
IMU1,5521,55587678,-681,-831,1446,-727,-963,-458
IMU1,5522,55597806,-576,-901,1386,-654,-993,-529
IMU1,5523,55607947,-511,-986,1281,-594,-956,-599
IMU1,5524,55618091,-471,-1052,1267,-555,-824,-662
IMU1,5525,55628422,-393,-1105,1326,-526,-655,-718
IMU1,5526,55638758,-359,-1131,1401,-474,-512,-780
IMU1,5527,55649103,-312,-1139,1432,-410,-396,-837
IMU1,5528,55659447,-260,-1097,1435,-348,-294,-896
IMU1,5529,55669786,-334,-1055,1468,-289,-205,-950
IMU1,5530,55680113,-369,-1068,1581,-226,-139,-979
IMU1,5531,55690431,-319,-1169,1666,-140,-107,-993
IMU1,5532,55700758,-309,-1221,1744,-42,-113,-1005
IMU1,5533,55711095,-368,-1350,1827,60,-109,-1003
IMU1,5534,55721833,-360,-1317,1834,237,-68,-968
IMU1,5535,55731855,-401,-1223,1854,299,-25,-966
IMU1,5536,55741871,-302,-1145,1880,345,23,-977
IMU1,5537,55751810,-185,-1087,1925,396,63,-1042
IMU1,5538,55761937,-163,-1068,2045,447,89,-1142
IMU1,5539,55772053,-268,-1137,2111,518,135,-1214
IMU1,5540,55782394,-469,-1184,2163,594,181,-1219
IMU1,5541,55792753,-394,-1049,2036,659,198,-1163
IMU1,5542,55803087,-291,-1029,2082,659,215,-1124
IMU1,5543,55813418,-383,-1062,2146,648,232,-1107
IMU1,5544,55823752,-312,-920,2119,649,204,-1067
IMU1,5545,55833893,-307,-935,2066,646,169,-1028
IMU1,5546,55844022,-233,-976,1981,623,110,-1005
IMU1,5547,55854149,-236,-1038,1987,586,60,-1000
IMU1,5548,55864286,-105,-1094,1942,537,68,-990
IMU1,5549,55874227,0,-1116,1877,479,135,-999
IMU1,5550,55885340,-6,-1096,1747,323,350,-1021
IMU1,5551,55895274,-56,-1135,1810,230,403,-1016
IMU1,5552,55905413,-7,-1210,1818,138,399,-988
IMU1,5553,55915161,22,-1253,1829,62,349,-953
IMU1,5554,55924819,62,-1249,1765,-16,300,-906
IMU1,5555,55934553,100,-1245,1688,-103,286,-847
IMU1,5556,55944690,106,-1254,1644,-192,324,-779
IMU1,5557,55954825,83,-1273,1639,-289,392,-696
IMU1,5558,55964769,33,-1261,1649,-366,466,-615
IMU1,5559,55974715,-15,-1255,1696,-412,516,-537
IMU1,5560,55984757,-53,-1241,1863,-429,533,-473
IMU1,5561,55994802,-106,-1196,2106,-381,530,-423
IMU1,5562,56005047,-154,-1162,2312,-255,505,-383
IMU1,5563,56015281,-196,-1145,2381,-73,429,-343
IMU1,5564,56025313,-216,-1089,2314,103,302,-301
IMU1,5565,56035458,-305,-1041,2231,233,164,-256
IMU1,5566,56045587,-273,-1003,2186,297,43,-202
IMU1,5567,56055515,-139,-946,2135,308,-42,-177
IMU1,5568,56065354,-19,-905,2075,275,-60,-211
IMU1,5569,56074977,-41,-926,2087,191,-41,-287
IMU1,5570,56084594,-66,-971,2146,90,-34,-360
IMU1,5571,56094020,-19,-1031,2160,-16,-65,-423
IMU1,5572,56103747,49,-1104,2203,-113,-119,-489
IMU1,5573,56113780,141,-1185,2217,-201,-172,-555
IMU1,5574,56124026,265,-1233,2142,-275,-220,-624
IMU1,5575,56135302,479,-1376,2052,-464,-199,-738
IMU1,5576,56145542,593,-1460,2064,-558,-203,-796
IMU1,5577,56155791,719,-1512,2134,-639,-292,-855
IMU1,5578,56166056,898,-1581,2207,-674,-439,-927
IMU1,5579,56176308,1140,-1645,2149,-676,-611,-1006
IMU1,5580,56186947,1408,-1731,2041,-684,-741,-1088
IMU1,5581,56197580,1709,-1870,2034,-700,-755,-1172
IMU1,5582,56208225,2017,-2022,2000,-727,-666,-1238
IMU1,5583,56218848,2330,-2097,1842,-771,-565,-1292
IMU1,5584,56229482,2573,-2126,1693,-851,-455,-1334
IMU1,5585,56240111,2755,-2089,1586,-973,-332,-1300
IMU1,5586,56250742,2612,-2029,1766,-1146,-179,-1169
IMU1,5587,56261576,2429,-1848,1987,-1044,-167,-915
IMU1,5588,56274769,2141,-1580,1985,-745,-70,-531
IMU1,5589,56285026,2069,-1389,1850,-343,105,14
IMU1,5590,56295068,1767,-1114,1556,84,304,654
IMU1,5591,56305028,1628,-750,1028,414,634,1338
IMU1,5592,56315191,1483,-487,533,552,1137,1994
IMU1,5593,56325374,966,-239,208,497,1693,2582
IMU1,5594,56335297,312,-4,86,340,2080,3147
IMU1,5595,56344652,-411,252,46,187,2271,3727
IMU1,5596,56354395,-1263,574,27,100,2352,4355
IMU1,5597,56364361,-2435,1001,150,116,2364,5070
IMU1,5598,56374713,-3670,1734,366,259,2269,6676
IMU1,5599,56385587,-3274,1876,464,822,1707,7174
IMU1,5600,56395940,-2613,2826,736,1217,1173,7154
IMU1,5601,56406499,-2401,3782,951,1729,726,6470
IMU1,5602,56416837,-2967,3506,674,2280,713,5416
IMU1,5603,56427187,-3390,2741,414,2666,1103,4532
IMU1,5604,56437735,-3342,2662,357,2846,1665,3985
IMU1,5605,56448286,-3158,2516,418,2863,2302,3556
IMU1,5606,56458833,-2972,2202,698,2779,2728,3074
IMU1,5607,56469383,-2898,1884,1287,2704,2594,2497
IMU1,5608,56480119,-2632,1149,2598,2758,1833,1861
IMU1,5609,56491372,-1969,881,2589,3252,-388,484
IMU1,5610,56501596,-1693,820,2356,3365,-1120,-112
IMU1,5611,56512134,-1341,924,1714,3235,-1253,-588
IMU1,5612,56522666,-1232,974,1083,2791,-963,-919
IMU1,5613,56533011,-1395,1002,811,2071,-376,-1028
IMU1,5614,56543534,-1575,919,575,1216,393,-914
IMU1,5615,56553591,-2048,655,519,295,955,-637
IMU1,5616,56563446,-2329,591,734,-578,1085,-242
IMU1,5617,56573577,-2254,608,1125,-1259,927,150
IMU1,5618,56583826,-2165,573,1345,-1655,733,413
IMU1,5619,56594059,-2031,537,1499,-1806,552,538
IMU1,5620,56604301,-1881,517,1454,-1762,428,545
IMU1,5621,56614538,-1865,465,1264,-1615,435,473
IMU1,5622,56625811,-1978,317,829,-1318,742,294
IMU1,5623,56635859,-2000,246,732,-1216,880,203
IMU1,5624,56645891,-2047,196,748,-1122,904,80
IMU1,5625,56655724,-2061,166,778,-1017,792,-44
# swing_peak_seq=5599
IMU1,5626,56665657,-2073,167,875,-868,562,-147
IMU1,5627,56675580,-2050,174,1031,-656,309,-225
IMU1,5628,56685715,-2027,173,1164,-381,105,-255
IMU1,5629,56695844,-1976,202,1198,-74,10,-251
IMU1,5630,56705576,-1934,218,1127,191,3,-230
IMU1,5631,56715211,-1963,248,1079,362,58,-213
IMU1,5632,56725043,-1969,290,991,428,127,-202
IMU1,5633,56734875,-1953,338,913,395,135,-201
IMU1,5634,56744712,-1934,349,894,294,85,-216
IMU1,5635,56754349,-1910,395,912,156,58,-233
IMU1,5636,56764009,-1876,426,919,8,79,-244
IMU1,5637,56773255,-1879,402,914,-143,131,-257
IMU1,5638,56783187,-1924,388,916,-294,202,-265
IMU1,5639,56793128,-1943,382,953,-426,280,-256
IMU1,5640,56803070,-1971,356,995,-526,341,-235
IMU1,5641,56813008,-2010,317,1055,-588,397,-207
IMU1,5642,56823139,-2066,279,1151,-611,419,-177
IMU1,5643,56833280,-2138,278,1210,-596,339,-161
IMU1,5644,56843398,-2145,285,1225,-551,155,-152
IMU1,5645,56853537,-2093,286,1204,-493,-59,-159
IMU1,5646,56863557,-2030,308,1179,-442,-216,-192
IMU1,5647,56873789,-2028,353,1166,-409,-264,-243
IMU1,5648,56884003,-2109,403,1215,-393,-227,-293
IMU1,5649,56895258,-2168,449,1299,-406,-229,-385
IMU1,5650,56905481,-2105,506,1326,-421,-364,-457
IMU1,5651,56915711,-2041,529,1283,-455,-559,-550
IMU1,5652,56925949,-1975,583,1258,-521,-732,-647
IMU1,5653,56936194,-1943,652,1252,-603,-807,-742
IMU1,5654,56946421,-2007,734,1243,-701,-791,-819
IMU1,5655,56956658,-2015,832,1214,-798,-771,-855
IMU1,5656,56966908,-1961,891,1199,-909,-838,-864
IMU1,5657,56977138,-1795,946,1195,-1016,-1043,-888
IMU1,5658,56987769,-1672,1010,1171,-1118,-1338,-947
IMU1,5659,56998607,-1570,1029,1089,-1223,-1607,-1030
IMU1,5660,57009630,-1792,854,932,-1344,-1930,-1135
IMU1,5661,57020269,-1997,804,899,-1634,-1974,-1095
IMU1,5662,57030896,-2192,677,919,-1779,-1967,-982
IMU1,5663,57041334,-2350,484,989,-1888,-1901,-805
IMU1,5664,57051767,-2495,250,1105,-1956,-1795,-563
IMU1,5665,57062408,-2538,74,1195,-1970,-1689,-286
IMU1,5666,57072833,-2316,-66,1245,-1944,-1621,-40
IMU1,5667,57083158,-2044,-129,1302,-1894,-1623,92
IMU1,5668,57093591,-1809,-214,1392,-1821,-1685,97
IMU1,5669,57104023,-1634,-351,1489,-1717,-1729,4
IMU1,5670,57114244,-1583,-476,1621,-1569,-1724,-142
IMU1,5671,57124974,-1390,-645,1679,-1387,-1677,-439
IMU1,5672,57135698,-1396,-732,1587,-984,-1487,-534
IMU1,5673,57146247,-1384,-785,1560,-801,-1382,-559
IMU1,5674,57156779,-1223,-821,1584,-618,-1312,-529
IMU1,5675,57167326,-1052,-824,1612,-437,-1251,-485
IMU1,5676,57177857,-921,-793,1645,-251,-1178,-458
IMU1,5677,57188198,-763,-766,1672,-71,-1087,-452
IMU1,5678,57198336,-694,-766,1661,98,-984,-464
IMU1,5679,57208183,-599,-764,1542,227,-879,-477
IMU1,5680,57218234,-556,-744,1475,302,-819,-485
IMU1,5681,57228277,-484,-717,1449,334,-815,-474
IMU1,5682,57238312,-434,-749,1448,351,-811,-446
IMU1,5683,57248359,-403,-738,1412,361,-780,-392
IMU1,5684,57258395,-296,-688,1315,344,-698,-324
IMU1,5685,57268432,-178,-651,1209,284,-554,-271
IMU1,5686,57281025,-21,-621,1051,69,-268,-244
IMU1,5687,57290653,-64,-744,1197,-87,-189,-261
IMU1,5688,57300387,-124,-849,1060,-226,-108,-279
IMU1,5689,57310515,-252,-915,1465,-349,-64,-272
IMU1,5690,57320458,-190,-909,1474,-364,-40,-255
IMU1,5691,57330392,19,-952,1466,-338,-32,-275
IMU1,5692,57340050,124,-1056,1527,-292,18,-358
IMU1,5693,57350004,181,-994,1347,-241,24,-479
IMU1,5694,57359722,156,-1024,1404,-207,39,-626
IMU1,5695,57369651,125,-1097,1498,-158,97,-753
IMU1,5696,57379570,40,-1130,1498,-79,162,-842
IMU1,5697,57389298,28,-1189,1457,3,261,-897
IMU1,5698,57398732,-50,-1267,1470,63,387,-936
IMU1,5699,57408472,-157,-1348,1439,100,486,-948
IMU1,5700,57418597,-313,-1392,1451,120,554,-923
IMU1,5701,57428742,-482,-1405,1567,145,592,-863
IMU1,5702,57438879,-520,-1388,1757,202,595,-781
IMU1,5703,57449030,-355,-1291,1897,315,571,-724
IMU1,5704,57459165,-121,-1187,2056,481,510,-746
IMU1,5705,57469313,68,-1159,2149,679,434,-863
IMU1,5706,57479168,59,-1177,2166,891,365,-1035
IMU1,5707,57489216,-37,-1115,2129,1077,303,-1186
IMU1,5708,57499565,-63,-1056,1936,1230,284,-1296
IMU1,5709,57510419,17,-1086,1971,1369,365,-1412
IMU1,5710,57520648,-119,-1106,2005,1366,424,-1422
IMU1,5711,57531176,-217,-1118,2103,1368,403,-1392
IMU1,5712,57541726,-232,-1092,2130,1367,283,-1318
IMU1,5713,57552274,-131,-1054,2069,1357,126,-1241
IMU1,5714,57562810,-31,-1035,1999,1317,7,-1180
IMU1,5715,57572762,76,-992,1852,1242,-66,-1127
IMU1,5716,57582718,186,-936,1706,1115,-62,-1090
IMU1,5717,57592880,233,-886,1649,941,25,-1065
IMU1,5718,57602727,223,-838,1690,753,131,-1035
IMU1,5719,57612750,186,-811,1827,590,200,-990
IMU1,5720,57622591,145,-789,1958,470,203,-918
IMU1,5721,57632433,110,-794,2032,393,157,-816
IMU1,5722,57642268,142,-841,1958,330,94,-685
IMU1,5723,57651894,83,-878,1845,243,70,-527
IMU1,5724,57661322,-130,-881,1852,122,131,-326
IMU1,5725,57671251,-241,-862,1982,2,238,-84
IMU1,5726,57680588,-190,-878,2165,-86,315,153
IMU1,5727,57690310,-134,-899,2335,-127,325,338
IMU1,5728,57700231,-88,-937,2399,-123,286,466
IMU1,5729,57709965,-5,-975,2382,-117,192,541
IMU1,5730,57719504,55,-1029,2324,-119,62,571
IMU1,5731,57729149,106,-1125,2207,-144,-32,575
IMU1,5732,57739073,181,-1251,2039,-209,-58,571
IMU1,5733,57749008,277,-1363,1937,-317,-27,565
IMU1,5734,57758940,472,-1459,1850,-440,27,535
IMU1,5735,57770334,856,-1663,1835,-666,138,349
IMU1,5736,57780361,876,-1770,1953,-720,160,233
IMU1,5737,57790389,887,-1874,2115,-699,123,145
IMU1,5738,57800435,907,-1937,2245,-601,64,113
IMU1,5739,57810267,948,-1973,2308,-448,53,122
IMU1,5740,57820104,972,-2019,2320,-289,116,161
IMU1,5741,57830140,1087,-2077,2263,-154,175,206
IMU1,5742,57840387,1174,-2100,2223,-81,161,232
IMU1,5743,57850423,1173,-2050,2322,-38,80,241
IMU1,5744,57860262,1126,-2020,2482,23,-19,278
IMU1,5745,57870084,1120,-1914,2537,128,-77,366
IMU1,5746,57880122,1087,-1674,2541,269,-65,499
IMU1,5747,57890157,1027,-1319,2395,430,69,675
IMU1,5748,57900107,796,-967,1862,558,356,880
IMU1,5749,57909863,435,-620,1276,562,687,1113
IMU1,5750,57919820,1,-223,964,441,926,1382
IMU1,5751,57929177,-395,70,909,295,1040,1699
IMU1,5752,57938921,-667,348,859,206,1162,2063
IMU1,5753,57948860,-965,671,649,175,1409,2435
IMU1,5754,57958795,-1234,1113,336,138,1794,2765
IMU1,5755,57969142,-1669,1577,-2,41,2259,3027
IMU1,5756,57978989,-2216,1914,-131,-115,2693,3240
IMU1,5757,57989531,-2719,2191,-53,-276,3008,3423
IMU1,5758,57999886,-3169,2693,489,-346,3183,3552
IMU1,5759,58010866,-4043,2600,758,-17,3369,3706
IMU1,5760,58021105,-4065,2810,1064,344,3410,3911
IMU1,5761,58031652,-4088,2804,1433,816,3382,3976
IMU1,5762,58042202,-3011,2403,2019,1440,3145,3788
IMU1,5763,58052955,-2391,2083,1489,2101,2422,3219
IMU1,5764,58063700,-2117,1409,1180,2616,1079,2461
IMU1,5765,58074446,-1575,1445,752,2969,-426,1689
IMU1,5766,58084879,-1579,1244,929,3164,-1287,925
IMU1,5767,58095320,-1575,957,816,3240,-1174,334
IMU1,5768,58105568,-1937,648,415,3128,-339,-51
IMU1,5769,58116549,-2114,654,205,2274,1155,-267
IMU1,5770,58126786,-2189,696,323,1593,1022,-266
IMU1,5771,58137026,-2250,710,633,921,742,-233
IMU1,5772,58146887,-2303,673,887,342,553,-124
IMU1,5773,58156726,-2391,597,1260,-90,431,53
IMU1,5774,58166394,-2255,708,889,-397,279,252
IMU1,5775,58176234,-2002,611,792,-679,213,397
IMU1,5776,58186067,-1986,546,764,-934,333,442
IMU1,5777,58195909,-1990,476,742,-1140,542,419
IMU1,5778,58205957,-2076,382,809,-1265,711,357
IMU1,5779,58216004,-2103,333,856,-1299,799,269
IMU1,5780,58226031,-2127,327,854,-1252,803,165
IMU1,5781,58236061,-2092,294,836,-1151,750,45
IMU1,5782,58245912,-2112,256,862,-1024,676,-79
IMU1,5783,58255843,-2165,278,966,-869,607,-185
IMU1,5784,58265771,-2191,321,992,-687,536,-256
IMU1,5785,58275692,-2232,350,979,-506,417,-306
IMU1,5786,58288190,-2195,433,856,-349,229,-326
IMU1,5787,58299157,-2023,482,713,-169,-123,-322
# swing_peak_seq=5761
IMU1,5788,58309181,-1902,492,678,-169,-122,-322
IMU1,5789,58319203,-1895,480,717,-214,11,-321
IMU1,5790,58328939,-1977,500,759,-281,179,-305
IMU1,5791,58338875,-2029,522,869,-347,265,-273
IMU1,5792,58348810,-2127,509,1038,-393,237,-227
IMU1,5793,58358939,-2175,532,1059,-410,120,-170
IMU1,5794,58369078,-2165,538,1055,-410,-54,-108
IMU1,5795,58379090,-2117,552,1050,-416,-233,-54
IMU1,5796,58389122,-2048,573,1016,-438,-366,-22
IMU1,5797,58399139,-1976,602,975,-485,-432,-21
IMU1,5798,58408972,-1947,616,959,-552,-426,-37
IMU1,5799,58418794,-1973,649,973,-641,-376,-59
IMU1,5800,58428621,-1985,664,977,-740,-330,-84
IMU1,5801,58438448,-1997,660,946,-853,-336,-112
IMU1,5802,58448468,-2076,683,955,-971,-394,-138
IMU1,5803,58458499,-2097,719,960,-1077,-472,-148
IMU1,5804,58468727,-2106,717,954,-1171,-555,-141
IMU1,5805,58478977,-2124,714,990,-1241,-637,-127
IMU1,5806,58489220,-2147,738,1037,-1268,-712,-113
IMU1,5807,58499665,-2179,807,1032,-1267,-803,-97
IMU1,5808,58510927,-2036,801,991,-1235,-1043,-99
IMU1,5809,58521159,-2007,774,979,-1222,-1139,-132
IMU1,5810,58531600,-2035,773,939,-1228,-1200,-147
IMU1,5811,58542042,-2026,762,955,-1232,-1211,-141
IMU1,5812,58552492,-2001,707,1004,-1238,-1179,-128
IMU1,5813,58563121,-1997,680,1042,-1236,-1151,-112
IMU1,5814,58573757,-1967,663,1035,-1225,-1151,-101
IMU1,5815,58584380,-1932,605,1114,-1211,-1172,-96
IMU1,5816,58594815,-1878,560,1215,-1179,-1184,-95
IMU1,5817,58605253,-1852,556,1257,-1119,-1190,-109
IMU1,5818,58616418,-1832,393,1349,-984,-1271,-167
IMU1,5819,58626851,-1828,300,1387,-888,-1363,-184
IMU1,5820,58637272,-1825,214,1389,-796,-1520,-177
IMU1,5821,58647706,-1683,92,1318,-707,-1696,-154
IMU1,5822,58657934,-1512,-21,1250,-637,-1826,-133
IMU1,5823,58668263,-1418,-124,1323,-578,-1823,-124
IMU1,5824,58678783,-1333,-197,1400,-520,-1692,-107
IMU1,5825,58689299,-1233,-241,1412,-464,-1532,-108
IMU1,5826,58699817,-1259,-263,1472,-430,-1440,-147
IMU1,5827,58710349,-1215,-311,1530,-413,-1448,-203
IMU1,5828,58720890,-1163,-402,1527,-403,-1527,-280
IMU1,5829,58731930,-988,-460,1457,-437,-1628,-452
IMU1,5830,58742261,-836,-537,1336,-482,-1550,-536
IMU1,5831,58752600,-847,-550,1335,-537,-1332,-633
IMU1,5832,58762937,-824,-555,1439,-587,-1029,-709
IMU1,5833,58773280,-884,-630,1573,-598,-738,-789
IMU1,5834,58783435,-980,-603,1754,-552,-565,-864
IMU1,5835,58793583,-967,-565,1916,-446,-539,-949
IMU1,5836,58803737,-854,-596,1999,-302,-643,-1066
IMU1,5837,58814074,-702,-609,1903,-157,-798,-1229
IMU1,5838,58824436,-642,-583,1781,-61,-915,-1424
IMU1,5839,58834568,-566,-595,1677,-15,-932,-1611
IMU1,5840,58844698,-541,-644,1629,-6,-865,-1770
IMU1,5841,58854626,-489,-670,1567,-14,-751,-1886
IMU1,5842,58864759,-450,-674,1548,-29,-625,-1956
IMU1,5843,58874899,-486,-695,1589,-31,-482,-1987
IMU1,5844,58886073,-414,-671,1686,34,-326,-1922
IMU1,5845,58896087,-290,-706,1704,119,-332,-1885
IMU1,5846,58906304,-135,-655,1672,218,-370,-1877
IMU1,5847,58916526,27,-738,1665,290,-421,-1919
IMU1,5848,58926463,158,-730,1462,341,-431,-1995
IMU1,5849,58936600,185,-695,1655,354,-372,-2080
IMU1,5850,58946729,344,-684,1616,387,-246,-2151
IMU1,5851,58956856,315,-782,1828,431,-71,-2202
IMU1,5852,58966804,452,-751,1712,515,119,-2216
IMU1,5853,58976862,331,-781,1743,582,265,-2214
IMU1,5854,58986919,222,-840,1726,625,362,-2158
IMU1,5855,58996950,213,-804,1798,652,359,-2034
IMU1,5856,59006978,282,-821,1921,685,282,-1886
IMU1,5857,59017008,217,-825,1994,733,202,-1722
IMU1,5858,59027037,146,-817,2077,780,170,-1516
IMU1,5859,59037084,161,-818,2142,818,194,-1270
IMU1,5860,59047119,205,-827,2176,832,217,-1023
IMU1,5861,59057149,163,-838,2112,803,212,-797
IMU1,5862,59068547,-42,-772,2087,568,235,-344
IMU1,5863,59078279,-91,-756,2088,401,261,-138
IMU1,5864,59088013,-104,-737,2138,227,267,11
IMU1,5865,59097632,-135,-713,2239,75,278,106
IMU1,5866,59107271,-203,-686,2306,-32,305,152
IMU1,5867,59117007,-269,-665,2357,-112,338,162
IMU1,5868,59126938,-304,-649,2375,-173,360,141
IMU1,5869,59136876,-304,-662,2302,-222,359,82
IMU1,5870,59146606,-311,-663,2197,-297,336,-4
IMU1,5871,59156236,-357,-687,2197,-387,321,-97
IMU1,5872,59166073,-406,-685,2228,-450,316,-180
IMU1,5873,59176116,-417,-694,2231,-492,305,-240
IMU1,5874,59186156,-432,-704,2193,-514,297,-281
IMU1,5875,59196210,-394,-699,2097,-538,278,-302
IMU1,5876,59206253,-344,-712,2008,-571,266,-316
IMU1,5877,59216287,-318,-753,1980,-617,280,-322
IMU1,5878,59226318,-286,-820,1950,-651,281,-314
IMU1,5879,59236350,-186,-911,1867,-669,248,-298
IMU1,5880,59246379,-51,-1033,1830,-682,241,-291
IMU1,5881,59256411,64,-1192,1851,-671,278,-289
IMU1,5882,59266347,171,-1344,1894,-623,326,-281
IMU1,5883,59276480,216,-1454,1922,-551,364,-262
IMU1,5884,59289169,383,-1803,1810,-415,240,-178
IMU1,5885,59299304,565,-1971,1699,-400,83,-122
IMU1,5886,59309229,744,-2164,1634,-429,-33,-77
IMU1,5887,59319066,898,-2386,1651,-463,-84,-40
IMU1,5888,59328897,988,-2626,1787,-493,-54,14
IMU1,5889,59338621,1014,-2841,1966,-485,-8,87
IMU1,5890,59348355,1014,-3049,2159,-445,-44,174
IMU1,5891,59358500,967,-3120,2205,-385,-152,275
IMU1,5892,59368656,990,-3044,2128,-332,-322,389
IMU1,5893,59378795,1091,-2890,2001,-310,-426,479
IMU1,5894,59389148,1234,-2704,1808,-319,-358,530
IMU1,5895,59399511,1421,-2582,1571,-372,-89,533
IMU1,5896,59409650,1616,-2482,1350,-484,317,471
IMU1,5897,59419883,1630,-2351,1299,-638,782,362
IMU1,5898,59430129,1450,-2153,1314,-781,1181,253
IMU1,5899,59440584,1175,-1938,1255,-867,1478,202
IMU1,5900,59451027,961,-1613,1129,-907,1733,242
IMU1,5901,59461265,666,-1356,957,-899,2015,354
IMU1,5902,59472353,-359,-594,744,-669,2530,911
IMU1,5903,59482311,-890,-73,669,-442,2657,1386
IMU1,5904,59492248,-1492,467,653,-122,2782,1958
IMU1,5905,59502492,-1742,994,449,282,2961,2561
IMU1,5906,59512638,-1851,1692,103,704,3179,3046
IMU1,5907,59523009,-2256,2490,-238,1062,3480,3340
IMU1,5908,59533656,-2859,3163,-417,1301,3899,3524
IMU1,5909,59544310,-3214,3789,-236,1473,4359,3655
IMU1,5910,59554980,-3466,4166,-37,1666,4680,3720
IMU1,5911,59565441,-4020,3996,205,1879,4786,3749
IMU1,5912,59576015,-4144,3562,705,2114,4681,3762
IMU1,5913,59586590,-3804,2503,1245,2416,4235,3645
IMU1,5914,59597361,-2985,1881,1442,3114,1728,2865
IMU1,5915,59608122,-2247,1349,1742,3479,6,2074
IMU1,5916,59618277,-1939,936,1831,3837,-1478,1141
IMU1,5917,59628942,-1977,742,2072,4066,-2443,311
IMU1,5918,59639400,-1943,506,2374,4102,-2678,-271
IMU1,5919,59649950,-1749,449,1113,3837,-2165,-565
IMU1,5920,59660496,-1648,766,-265,2997,-1595,-626
IMU1,5921,59670934,-1517,938,-1045,1640,-1287,-530
IMU1,5922,59681567,-1634,840,-1062,93,-616,-283
IMU1,5923,59691589,-1801,648,-630,-1270,199,64
IMU1,5924,59701530,-2079,440,-154,-2213,748,416
IMU1,5925,59712715,-2442,117,1214,-2671,898,952
IMU1,5926,59722963,-2468,82,1572,-2247,738,1110
IMU1,5927,59733213,-2372,137,1479,-1585,526,1147
IMU1,5928,59743668,-2329,120,1315,-877,186,1065
IMU1,5929,59753918,-2219,42,1152,-251,-226,875
IMU1,5930,59763870,-2160,45,994,196,-520,605
IMU1,5931,59773517,-2126,79,779,443,-575,303
IMU1,5932,59783183,-2131,91,574,476,-470,18
IMU1,5933,59792642,-2102,149,466,345,-293,-209
IMU1,5934,59802577,-1991,196,498,122,-112,-380
IMU1,5935,59812500,-1947,224,616,-107,37,-508
IMU1,5936,59822232,-1954,215,747,-284,152,-579
IMU1,5937,59832176,-1927,215,806,-387,215,-584
IMU1,5938,59842114,-1930,235,823,-439,233,-537
# swing_peak_seq=5912
IMU1,5939,59852055,-1917,278,819,-462,230,-458
IMU1,5940,59862005,-1881,267,775,-467,181,-367
IMU1,5941,59871945,-1868,286,668,-472,150,-274
IMU1,5942,59881903,-1866,317,670,-483,178,-188
IMU1,5943,59891845,-1861,321,739,-476,210,-120
IMU1,5944,59901781,-1865,322,801,-435,217,-82
IMU1,5945,59911523,-1914,332,857,-375,197,-64
IMU1,5946,59921270,-1977,362,949,-310,138,-62
IMU1,5947,59931022,-2018,366,1046,-246,35,-71
IMU1,5948,59940758,-2034,409,1111,-201,-92,-90
IMU1,5949,59950600,-2028,488,1143,-185,-215,-125
IMU1,5950,59960830,-2046,559,1135,-209,-311,-171
IMU1,5951,59971074,-2060,660,1061,-285,-381,-216
IMU1,5952,59982350,-1924,712,1053,-581,-528,-326
IMU1,5953,59992596,-1874,746,1084,-765,-593,-416
IMU1,5954,60002853,-1889,786,1172,-953,-688,-510
IMU1,5955,60013107,-1915,852,1254,-1122,-835,-594
IMU1,5956,60023555,-1973,897,1326,-1261,-1050,-686
IMU1,5957,60034196,-2066,957,1399,-1397,-1354,-780
IMU1,5958,60044846,-2105,1080,1403,-1529,-1729,-876
IMU1,5959,60055674,-2106,1176,1367,-1672,-2140,-985
IMU1,5960,60066523,-2135,1245,1336,-1822,-2560,-1095
IMU1,5961,60077562,-2115,1113,1430,-2076,-3223,-1248
IMU1,5962,60088617,-2067,1042,1449,-2145,-3497,-1270
IMU1,5963,60099659,-1951,990,1450,-2159,-3742,-1284
IMU1,5964,60110505,-1834,913,1436,-2150,-3856,-1272
IMU1,5965,60121364,-1715,809,1379,-2121,-3745,-1233
IMU1,5966,60132217,-1685,659,1341,-2094,-3466,-1164
IMU1,5967,60143050,-1704,496,1417,-2054,-3135,-1064
IMU1,5968,60153904,-1549,210,1658,-1976,-2872,-967
IMU1,5969,60165076,-1356,58,1693,-1664,-2785,-873
IMU1,5970,60175513,-1082,-146,1609,-1441,-2848,-872
IMU1,5971,60186239,-945,-362,1494,-1196,-2844,-865
IMU1,5972,60196784,-1056,-516,1480,-949,-2707,-757
IMU1,5973,60207337,-1047,-596,1511,-689,-2398,-507
IMU1,5974,60217898,-810,-666,1548,-399,-2009,-204
IMU1,5975,60228223,-619,-727,1525,-94,-1674,55
IMU1,5976,60238062,-502,-775,1475,196,-1443,247
IMU1,5977,60248206,-475,-814,1480,445,-1334,383
IMU1,5978,60258347,-357,-867,1563,678,-1303,464
IMU1,5979,60268496,-323,-891,1568,898,-1292,499
IMU1,5980,60278635,-302,-964,1418,1083,-1219,522
IMU1,5981,60291542,-256,-1030,1396,1238,-985,553
IMU1,5982,60301899,-195,-1012,1418,1256,-925,562
IMU1,5983,60312246,-40,-992,1427,1253,-883,551
IMU1,5984,60322200,90,-992,1404,1230,-827,507
IMU1,5985,60332045,220,-844,953,1150,-706,449
IMU1,5986,60341898,208,-992,703,890,-420,388
IMU1,5987,60351545,-21,-1017,1166,512,21,337
IMU1,5988,60361201,-40,-952,1452,245,399,316
IMU1,5989,60370855,-231,-1175,1583,73,531,283
IMU1,5990,60380720,-278,-1229,1802,-32,426,239
IMU1,5991,60390668,-265,-1135,1805,-42,102,160
IMU1,5992,60400601,-227,-1231,1879,17,-236,55
IMU1,5993,60410352,-65,-1239,1812,125,-387,-53
IMU1,5994,60420204,75,-1156,1642,223,-331,-194
IMU1,5995,60430131,150,-1173,1724,269,-125,-371
IMU1,5996,60440270,50,-1187,1697,318,113,-538
IMU1,5997,60450125,-127,-1211,1666,354,264,-653
IMU1,5998,60460260,-262,-1237,1740,371,310,-706
IMU1,5999,60470410,-300,-1198,1777,375,257,-724
IMU1,6000,60480553,-217,-1139,1850,387,171,-755
IMU1,6001,60491723,-143,-1031,2031,390,160,-980
IMU1,6002,60501860,-148,-1017,2120,455,170,-1132
IMU1,6003,60512193,-120,-1025,2099,557,152,-1287
IMU1,6004,60522523,-182,-1022,2096,643,140,-1421
IMU1,6005,60532851,-198,-1011,2077,717,133,-1514
IMU1,6006,60543198,-211,-971,2047,768,129,-1572
IMU1,6007,60553355,-238,-965,1992,787,147,-1604
IMU1,6008,60563499,-293,-957,1994,768,168,-1605
IMU1,6009,60573640,-322,-958,2018,729,203,-1575
IMU1,6010,60583785,-302,-975,2064,680,237,-1530
IMU1,6011,60593936,-324,-1007,2135,634,248,-1488
IMU1,6012,60604283,-396,-998,2220,597,227,-1439
IMU1,6013,60614447,-402,-953,2371,584,190,-1385
IMU1,6014,60624601,-361,-943,2473,607,156,-1339
IMU1,6015,60634744,-303,-882,2377,631,159,-1306
IMU1,6016,60645937,-320,-865,2391,542,255,-1306
IMU1,6017,60656082,-341,-856,2428,446,283,-1309
IMU1,6018,60666209,-366,-837,2537,341,288,-1297
IMU1,6019,60676350,-344,-842,2610,244,291,-1260
IMU1,6020,60686485,-341,-876,2578,147,277,-1202
IMU1,6021,60696614,-374,-874,2492,22,255,-1125
IMU1,6022,60706562,-353,-886,2419,-141,257,-1024
IMU1,6023,60716789,-303,-871,2376,-323,310,-921
IMU1,6024,60726855,-262,-869,2386,-498,408,-845
IMU1,6025,60736890,-225,-897,2396,-648,500,-803
IMU1,6026,60746924,-221,-972,2396,-774,539,-795
IMU1,6027,60756982,-223,-1054,2421,-869,500,-817
IMU1,6028,60767220,-224,-1110,2458,-942,336,-856
IMU1,6029,60777476,-102,-1144,2487,-983,61,-896
IMU1,6030,60787523,110,-1174,2410,-992,-196,-939
IMU1,6031,60797768,237,-1203,2246,-1006,-315,-979
IMU1,6032,60808216,516,-1402,1901,-1057,-315,-972
IMU1,6033,60818653,666,-1576,1761,-1290,-10,-934
IMU1,6034,60828885,841,-1771,1668,-1460,220,-887
IMU1,6035,60839201,988,-2004,1629,-1647,418,-864
IMU1,6036,60849521,1145,-2229,1613,-1811,530,-855
IMU1,6037,60860067,1336,-2399,1616,-1932,534,-881
IMU1,6038,60870615,1415,-2599,1693,-1972,476,-919
IMU1,6039,60881159,1487,-2739,1810,-1913,423,-926
IMU1,6040,60891709,1612,-2806,1836,-1750,329,-911
IMU1,6041,60902253,1732,-2769,1756,-1518,165,-893
IMU1,6042,60912810,1875,-2641,1696,-1245,16,-869
IMU1,6043,60923146,1954,-2302,1447,-936,-17,-836
IMU1,6044,60934439,2102,-2054,1256,-366,213,-665
IMU1,6045,60944773,2247,-1837,1129,-178,458,-559
IMU1,6046,60955118,2237,-1734,1321,-63,812,-451
IMU1,6047,60965265,2077,-1371,1222,70,1137,-330
IMU1,6048,60975509,1671,-1147,860,178,1395,-149
IMU1,6049,60985756,1334,-965,533,205,1659,160
IMU1,6050,60995693,992,-803,275,164,2018,586
IMU1,6051,61005437,459,-604,208,93,2418,1084
IMU1,6052,61015193,-331,-250,283,69,2729,1651
IMU1,6053,61025043,-1151,267,191,130,2966,2316
IMU1,6054,61035207,-1828,848,-101,214,3281,3050
IMU1,6055,61045448,-2347,1544,-457,236,3714,3775
IMU1,6056,61055916,-2957,2248,-554,185,4093,4412
IMU1,6057,61066394,-3719,2912,-217,163,4216,4942
IMU1,6058,61076859,-3022,3640,1027,346,4074,5280
IMU1,6059,61087939,-2218,3696,970,1715,3750,4283
IMU1,6060,61098526,-2691,3487,690,2624,3610,3444
IMU1,6061,61109092,-3501,2800,773,3405,3758,2805
IMU1,6062,61119678,-4018,2273,986,3967,4118,2499
IMU1,6063,61130267,-4146,1781,1072,4238,4244,2382
IMU1,6064,61141039,-3567,1279,1297,4195,3473,2205
IMU1,6065,61151812,-2796,986,2042,4011,1569,1745
IMU1,6066,61162391,-2283,793,2833,3880,-616,1087
IMU1,6067,61172863,-1894,592,3062,3777,-2000,438
IMU1,6068,61184376,-1084,694,-28,2614,-1560,-260
IMU1,6069,61194608,-1152,665,-1049,1191,-695,-290
IMU1,6070,61205050,-1517,527,-1023,-447,359,-111
IMU1,6071,61215294,-1832,413,-210,-1823,1144,149
IMU1,6072,61225647,-2153,291,343,-2638,1337,385
IMU1,6073,61235901,-2257,183,750,-2920,1073,587
IMU1,6074,61246159,-2130,15,986,-2738,651,757
IMU1,6075,61256023,-1944,-85,1047,-2208,367,871
IMU1,6076,61266164,-1915,-44,937,-1495,319,913
IMU1,6077,61276134,-1994,-25,880,-760,410,877
IMU1,6078,61285904,-2182,-56,792,-131,464,785
IMU1,6079,61298231,-2284,7,544,299,350,651
IMU1,6080,61309160,-2260,101,482,535,-61,289
IMU1,6081,61318810,-2117,180,527,431,-150,75
IMU1,6082,61328459,-2065,198,669,283,-84,-136
IMU1,6083,61338195,-2122,224,818,146,116,-287
IMU1,6084,61348038,-2224,256,858,18,261,-350
# swing_peak_seq=6058
IMU1,6085,61357687,-2315,261,834,-104,270,-342
IMU1,6086,61367642,-2284,249,776,-232,181,-268
IMU1,6087,61377592,-2172,194,771,-364,46,-164
IMU1,6088,61387346,-2111,212,666,-454,-21,-70
IMU1,6089,61396999,-2100,226,542,-535,27,25
IMU1,6090,61406459,-2067,218,573,-607,153,103
IMU1,6091,61416322,-2018,219,629,-640,286,147
IMU1,6092,61426175,-2003,208,670,-635,375,131
IMU1,6093,61436041,-2043,210,694,-618,400,68
IMU1,6094,61445711,-2136,215,670,-597,366,-18
IMU1,6095,61455435,-2265,234,661,-575,308,-97
IMU1,6096,61465165,-2363,225,787,-534,270,-138
IMU1,6097,61475106,-2426,236,935,-443,242,-143
IMU1,6098,61485042,-2444,276,1020,-309,166,-138
IMU1,6099,61495164,-2449,290,1088,-174,-6,-135
IMU1,6100,61504989,-2462,329,1131,-51,-241,-127
IMU1,6101,61515005,-2430,376,1138,48,-471,-122
IMU1,6102,61524949,-2365,395,1073,93,-688,-126
IMU1,6103,61534883,-2310,447,998,64,-896,-148
IMU1,6104,61544625,-2336,549,980,-39,-1049,-183
IMU1,6105,61554657,-2382,646,974,-189,-1142,-212
IMU1,6106,61564893,-2442,720,1051,-363,-1266,-246
IMU1,6107,61575321,-2430,784,1210,-531,-1499,-291
IMU1,6108,61585769,-2398,880,1302,-661,-1834,-358
IMU1,6109,61596210,-2296,963,1207,-760,-2225,-459
IMU1,6110,61607174,-2111,1253,1067,-987,-2927,-758
IMU1,6111,61617809,-2034,1319,950,-1145,-3071,-905
IMU1,6112,61628454,-1920,1321,922,-1330,-3058,-1001
IMU1,6113,61639284,-1876,1333,1005,-1510,-2896,-1054
IMU1,6114,61650318,-1939,1263,1154,-1648,-2652,-1054
IMU1,6115,61661345,-2011,1064,1341,-1721,-2458,-1007
IMU1,6116,61672375,-1993,898,1437,-1722,-2410,-922
IMU1,6117,61683014,-1740,772,1375,-1681,-2429,-830
IMU1,6118,61694177,-1690,702,1432,-1583,-2235,-679
IMU1,6119,61704830,-1567,554,1585,-1504,-2016,-608
IMU1,6120,61715477,-1518,406,1808,-1375,-1825,-556
IMU1,6121,61726116,-1543,222,2023,-1163,-1756,-496
IMU1,6122,61736757,-1464,47,2116,-877,-1855,-397
IMU1,6123,61747002,-1251,-239,2064,-548,-2069,-268
IMU1,6124,61757551,-1166,-398,2002,-228,-2273,-127
IMU1,6125,61768085,-1008,-417,1865,54,-2322,41
IMU1,6126,61778002,-880,-481,1719,263,-2183,202
IMU1,6127,61788121,-1000,-512,1716,401,-1953,345
IMU1,6128,61798461,-774,-573,1986,501,-1800,445
IMU1,6129,61809114,-508,-642,2061,752,-2107,297
IMU1,6130,61819257,-338,-725,1996,920,-2336,96
IMU1,6131,61829207,-206,-821,1833,1064,-2286,-61
IMU1,6132,61839433,-122,-842,1558,1136,-1891,-116
IMU1,6133,61849877,-221,-785,1327,1105,-1335,-58
IMU1,6134,61860102,-276,-839,1333,995,-786,99
IMU1,6135,61869841,-388,-818,1499,871,-522,299
IMU1,6136,61879788,-445,-737,1691,784,-609,509
IMU1,6137,61889741,-349,-711,1854,744,-855,692
IMU1,6138,61899691,-96,-766,1808,750,-1063,807
IMU1,6139,61909640,-31,-812,1650,734,-1117,852
IMU1,6140,61919591,-74,-846,1549,666,-991,871
IMU1,6141,61929360,-36,-920,1626,567,-777,877
IMU1,6142,61939112,-2,-958,1733,480,-569,842
IMU1,6143,61948672,-56,-1016,1859,413,-437,761
IMU1,6144,61958626,-32,-1060,1941,381,-407,645
IMU1,6145,61968553,-38,-1029,1901,367,-405,511
IMU1,6146,61978495,-57,-977,1835,340,-352,380
IMU1,6147,61988235,-45,-912,1829,285,-250,253
IMU1,6148,61997976,46,-816,1802,216,-133,121
IMU1,6149,62007625,120,-761,1748,122,7,-38
IMU1,6150,62016874,80,-727,1712,7,140,-211
IMU1,6151,62026114,-55,-678,1808,-114,237,-361
IMU1,6152,62035955,-168,-670,1947,-196,287,-459
IMU1,6153,62045992,-238,-641,2054,-214,283,-508
IMU1,6154,62056039,-287,-591,2151,-186,246,-523
IMU1,6155,62066072,-162,-489,2106,-124,214,-538
IMU1,6156,62076106,-125,-458,2229,-60,206,-594
IMU1,6157,62085958,-66,-399,2076,6,200,-671
IMU1,6158,62095305,-51,-479,2075,50,194,-740
IMU1,6159,62104865,-105,-453,2051,68,190,-774
IMU1,6160,62114613,-278,-518,2026,84,213,-765
IMU1,6161,62124354,-427,-558,1969,89,236,-700
IMU1,6162,62134104,-425,-552,2009,63,201,-599
IMU1,6163,62143851,-347,-546,2114,34,125,-527
IMU1,6164,62153608,-284,-540,2126,28,24,-517
IMU1,6165,62163151,-315,-499,2176,31,-60,-549
IMU1,6166,62172807,-197,-474,2185,48,-101,-599
IMU1,6167,62182644,-182,-469,2176,65,-103,-675
IMU1,6168,62194033,-229,-490,2034,54,18,-817
IMU1,6169,62203578,-269,-471,2075,6,126,-825
IMU1,6170,62213131,-353,-512,2137,-34,256,-798
IMU1,6171,62222981,-376,-534,2175,-67,341,-744
IMU1,6172,62232835,-365,-527,2162,-102,319,-696
IMU1,6173,62242888,-373,-498,2155,-143,231,-655
IMU1,6174,62252929,-297,-494,2139,-186,135,-631
IMU1,6175,62262978,-258,-486,2125,-234,103,-619
IMU1,6176,62273006,-257,-514,2076,-271,158,-610
IMU1,6177,62283041,-241,-533,2074,-315,239,-596
IMU1,6178,62293084,-217,-556,2043,-358,314,-590
IMU1,6179,62305687,-276,-576,2024,-397,383,-584
IMU1,6180,62315724,-288,-603,2005,-434,466,-558
IMU1,6181,62325768,-303,-612,2065,-451,549,-517
IMU1,6182,62335813,-330,-623,2140,-442,612,-471
IMU1,6183,62345881,-333,-657,2173,-405,612,-432
IMU1,6184,62355920,-293,-699,2175,-359,556,-405
IMU1,6185,62367009,-292,-770,2084,-284,448,-375
IMU1,6186,62377051,-255,-818,1953,-282,499,-326
IMU1,6187,62387082,-258,-938,1913,-313,665,-267
IMU1,6188,62397145,-287,-1092,1935,-361,831,-192
IMU1,6189,62407392,-284,-1251,2000,-396,905,-112
IMU1,6190,62417632,-299,-1411,2095,-405,891,-32
IMU1,6191,62427667,-270,-1506,2207,-380,793,60
IMU1,6192,62437623,-166,-1585,2302,-306,650,157
IMU1,6193,62447776,-11,-1703,2364,-212,511,251
IMU1,6194,62457728,72,-1847,2258,-126,408,343
IMU1,6195,62467573,122,-1938,1979,-119,364,447
IMU1,6196,62477603,228,-2095,1787,-244,366,554
IMU1,6197,62487637,336,-2264,1755,-465,412,639
IMU1,6198,62497693,391,-2450,1860,-721,532,694
IMU1,6199,62507743,304,-2680,2018,-953,676,740
IMU1,6200,62517800,297,-2861,2063,-1143,725,780
IMU1,6201,62528052,383,-2949,2098,-1302,676,785
IMU1,6202,62538289,494,-2981,2183,-1410,583,719
IMU1,6203,62548547,558,-2883,2493,-1448,463,599
IMU1,6204,62559319,613,-2720,2542,-1212,288,282
IMU1,6205,62569591,746,-2490,2574,-982,271,82
IMU1,6206,62579446,875,-2289,2514,-717,340,-162
IMU1,6207,62589594,935,-2042,2221,-463,531,-424
IMU1,6208,62599751,1009,-1728,1720,-278,795,-694
IMU1,6209,62610096,1058,-1363,1209,-210,1135,-975
IMU1,6210,62620630,1054,-997,775,-228,1596,-1255
IMU1,6211,62630995,832,-605,403,-286,2161,-1502
IMU1,6212,62641145,328,-137,320,-344,2699,-1671
IMU1,6213,62651284,-192,389,429,-323,3023,-1719
IMU1,6214,62661433,-669,896,425,-180,3120,-1649
IMU1,6215,62671586,-1121,1380,298,43,3204,-1477
IMU1,6216,62681830,-1684,1943,296,302,3484,-1223
IMU1,6217,62692279,-2216,2186,370,559,3956,-876
IMU1,6218,62702554,-3639,2208,167,759,4429,-442
IMU1,6219,62713346,-4058,2029,445,798,4105,590
IMU1,6220,62723528,-4017,1861,512,776,3213,1067
IMU1,6221,62733876,-3693,1771,388,783,2362,1422
IMU1,6222,62744244,-3315,1609,432,811,1911,1635
IMU1,6223,62754599,-2768,1316,744,906,1855,1684
IMU1,6224,62764951,-2282,1015,941,1102,1922,1539
IMU1,6225,62775513,-1973,754,805,1348,1885,1228
IMU1,6226,62785879,-1937,474,439,1531,1716,848
IMU1,6227,62796040,-2021,253,11,1588,1544,523
IMU1,6228,62806002,-2202,172,-207,1517,1481,325
IMU1,6229,62816249,-2328,153,-64,1379,1485,253
IMU1,6230,62826294,-2278,66,233,1274,1373,253
IMU1,6231,62836259,-2103,-2,523,1241,1082,258
IMU1,6232,62846114,-1984,-14,758,1281,770,248
IMU1,6233,62855972,-2016,-36,992,1365,564,251
IMU1,6234,62867392,-2290,-146,920,1451,345,399
IMU1,6235,62877455,-2392,-175,865,1361,177,535
IMU1,6236,62887510,-2327,-128,770,1178,-65,673
IMU1,6237,62897472,-2289,-82,704,910,-250,764
IMU1,6238,62907233,-2189,-29,643,598,-307,808
IMU1,6239,62916988,-2080,-18,549,261,-275,794
IMU1,6240,62926728,-1944,-43,475,-79,-207,725
IMU1,6241,62936349,-1963,-106,480,-402,-86,613
IMU1,6242,62946166,-2124,-175,484,-669,81,502
IMU1,6243,62955892,-2189,-243,517,-871,186,425
IMU1,6244,62965831,-2219,-270,571,-992,184,358
# swing_peak_seq=6218
IMU1,6245,62975775,-2191,-295,609,-1023,118,294
IMU1,6246,62985937,-2186,-329,659,-968,65,241
IMU1,6247,62995665,-2200,-350,686,-841,58,208
IMU1,6248,63005403,-2205,-336,680,-668,73,196
IMU1,6249,63015143,-2171,-362,624,-481,87,190
IMU1,6250,63024884,-2181,-389,558,-310,82,181
IMU1,6251,63034630,-2203,-397,618,-167,62,176
IMU1,6252,63044381,-2210,-398,680,-35,50,177
IMU1,6253,63053923,-2175,-351,689,77,54,168
IMU1,6254,63063367,-2198,-310,692,154,62,140
IMU1,6255,63073021,-2253,-276,725,192,35,106
IMU1,6256,63082672,-2279,-229,723,207,-45,88
IMU1,6257,63092199,-2218,-192,660,194,-120,82
IMU1,6258,63101929,-2238,-118,614,141,-125,83
IMU1,6259,63111675,-2332,-64,641,61,-75,104
IMU1,6260,63121023,-2436,-46,771,-16,-48,153
IMU1,6261,63130455,-2443,-55,907,-65,-116,230
IMU1,6262,63140087,-2354,-51,999,-73,-244,294
IMU1,6263,63149723,-2376,13,1058,-46,-373,317
IMU1,6264,63159479,-2397,32,1069,0,-525,307
IMU1,6265,63168850,-2383,48,1032,36,-709,286
IMU1,6266,63178499,-2340,83,976,48,-849,251
IMU1,6267,63187949,-2307,163,904,21,-899,200
IMU1,6268,63197597,-2272,233,865,-53,-908,137
IMU1,6269,63207358,-2218,280,879,-160,-909,62
IMU1,6270,63217104,-2124,287,904,-283,-903,-24
IMU1,6271,63226948,-2044,295,936,-407,-911,-114
IMU1,6272,63236993,-1986,369,970,-528,-920,-194
IMU1,6273,63247037,-1964,457,975,-637,-887,-252
IMU1,6274,63257082,-1920,529,978,-745,-814,-292
IMU1,6275,63267123,-1865,580,1013,-850,-755,-323
IMU1,6276,63277370,-1883,664,1059,-953,-751,-353
IMU1,6277,63287628,-1868,735,1092,-1048,-801,-372
IMU1,6278,63298064,-1807,732,1140,-1129,-924,-387
IMU1,6279,63311062,-1791,788,1257,-1242,-1344,-365
IMU1,6280,63321715,-1858,832,1174,-1275,-1526,-284
IMU1,6281,63332363,-2003,753,1278,-1299,-1560,-129
IMU1,6282,63343008,-2124,689,1515,-1268,-1504,95
IMU1,6283,63353373,-2341,673,1742,-1170,-1563,350
IMU1,6284,63363944,-2457,627,1801,-1024,-1840,611
IMU1,6285,63374496,-2419,568,1772,-870,-2296,842
IMU1,6286,63384843,-2257,514,1426,-731,-2778,1010
IMU1,6287,63395921,-1738,386,1152,-609,-3133,1140
IMU1,6288,63406480,-1533,302,922,-666,-2815,1145
IMU1,6289,63416823,-1377,165,911,-774,-2247,1144
IMU1,6290,63427167,-1375,-5,1229,-869,-1561,1131
IMU1,6291,63437418,-1453,-146,1569,-875,-1013,1107
IMU1,6292,63448069,-1538,-267,1721,-808,-821,1069
IMU1,6293,63458501,-1621,-336,1733,-705,-960,1038
IMU1,6294,63468946,-1635,-410,1672,-610,-1234,1047
IMU1,6295,63479589,-1525,-500,1568,-532,-1460,1095
IMU1,6296,63490255,-1412,-565,1496,-477,-1569,1149
IMU1,6297,63500892,-1052,-632,1439,-442,-1573,1167
IMU1,6298,63511533,-1029,-707,1513,-389,-1363,1105
IMU1,6299,63522185,-1056,-731,1590,-344,-1171,1043
IMU1,6300,63532830,-1069,-711,1674,-284,-998,974
IMU1,6301,63543070,-1058,-735,1758,-217,-918,885
IMU1,6302,63553319,-892,-752,1754,-140,-939,768
IMU1,6303,63563374,-736,-750,1664,-82,-995,607
IMU1,6304,63573230,-735,-759,1537,-60,-986,445
IMU1,6305,63583079,-713,-765,1447,-80,-908,345
IMU1,6306,63592929,-730,-763,1441,-125,-821,301
IMU1,6307,63602970,-761,-725,1468,-164,-738,308
IMU1,6308,63613015,-736,-691,1513,-186,-651,342
IMU1,6309,63623060,-718,-652,1533,-187,-560,367
IMU1,6310,63633099,-638,-676,1558,-174,-489,366
IMU1,6311,63643148,-596,-730,1552,-148,-427,327
IMU1,6312,63653201,-636,-764,1488,-120,-349,270
IMU1,6313,63663244,-681,-781,1434,-115,-270,220
IMU1,6314,63673297,-661,-772,1478,-126,-190,160
IMU1,6315,63684381,-531,-715,1518,-122,-60,-43
IMU1,6316,63694127,-423,-682,1505,-88,-29,-207
IMU1,6317,63703851,-409,-646,1541,-44,28,-390
IMU1,6318,63713493,-424,-619,1584,8,150,-560
IMU1,6319,63723053,-477,-567,1677,75,310,-701
IMU1,6320,63732822,-545,-564,1774,160,482,-810
IMU1,6321,63742764,-512,-458,1582,225,583,-891
IMU1,6322,63752728,-662,-594,1916,248,597,-974
IMU1,6323,63762688,-895,-497,2034,321,498,-1028
IMU1,6324,63772828,-952,-539,2126,435,327,-1016
IMU1,6325,63782979,-912,-685,2175,567,188,-965
IMU1,6326,63792931,-797,-640,2045,692,47,-921
IMU1,6327,63802690,-680,-690,1927,770,-57,-939
IMU1,6328,63812544,-710,-713,1838,788,-73,-1008
IMU1,6329,63822609,-664,-687,1875,768,-80,-1084
IMU1,6330,63832654,-558,-672,1893,748,-95,-1191
IMU1,6331,63842722,-500,-629,1850,732,-105,-1325
IMU1,6332,63852972,-470,-617,1856,716,-76,-1448
IMU1,6333,63863030,-494,-664,1920,702,14,-1525
IMU1,6334,63872992,-560,-741,1875,696,145,-1531
IMU1,6335,63883152,-675,-792,1798,658,267,-1460
IMU1,6336,63893322,-758,-868,1845,575,340,-1330
IMU1,6337,63903490,-837,-969,1954,480,358,-1162
IMU1,6338,63913641,-798,-1011,1931,389,312,-981
IMU1,6339,63923795,-560,-1051,1835,275,260,-828
IMU1,6340,63934466,-536,-1016,1836,-31,367,-666
IMU1,6341,63944519,-536,-1015,1909,-164,476,-621
IMU1,6342,63954774,-490,-1027,1995,-268,572,-583
IMU1,6343,63965031,-486,-1018,2139,-334,615,-565
IMU1,6344,63975286,-573,-1017,2290,-350,592,-556
IMU1,6345,63985551,-596,-1040,2375,-322,487,-522
IMU1,6346,63995813,-543,-1054,2322,-273,356,-468
IMU1,6347,64006083,-487,-1070,2254,-247,279,-400
IMU1,6348,64016286,-440,-1109,2276,-251,262,-324
IMU1,6349,64026499,-411,-1170,2357,-267,240,-245
IMU1,6350,64036714,-361,-1179,2488,-275,169,-170
IMU1,6351,64046938,-294,-1260,2550,-263,49,-110
IMU1,6352,64056973,-143,-1366,2540,-248,-88,-68
IMU1,6353,64066890,1,-1425,2513,-248,-210,-61
IMU1,6354,64076510,182,-1491,2569,-276,-288,-81
IMU1,6355,64086534,347,-1622,2582,-322,-323,-131
IMU1,6356,64096743,451,-1956,2278,-416,-361,-193
IMU1,6357,64108011,755,-2134,1924,-852,-497,-258
IMU1,6358,64118236,827,-2374,1640,-1210,-348,-241
IMU1,6359,64128668,775,-2499,1528,-1598,-29,-171
IMU1,6360,64138895,573,-2553,1547,-1946,292,-49
IMU1,6361,64149037,348,-2574,1654,-2182,464,112
IMU1,6362,64159272,189,-2518,1895,-2252,377,266
IMU1,6363,64169524,395,-2438,2183,-2108,99,365
IMU1,6364,64179570,643,-2262,2415,-1744,-193,354
IMU1,6365,64189902,855,-2003,2405,-1232,-296,243
IMU1,6366,64200239,973,-1800,2005,-694,-53,72
IMU1,6367,64209975,867,-1546,1340,-302,548,-108
IMU1,6368,64220110,573,-1294,901,-161,1234,-240
IMU1,6369,64230251,256,-1044,900,-194,1673,-290
IMU1,6370,64240386,-38,-766,932,-255,1812,-264
IMU1,6371,64250219,-518,-491,1046,-263,1744,-139
IMU1,6372,64260451,-1263,239,1514,-143,1497,127
IMU1,6373,64271214,-1281,571,1169,561,1032,929
IMU1,6374,64281361,-1142,861,722,920,1276,1280
IMU1,6375,64291515,-1151,1218,374,1134,1877,1500
IMU1,6376,64302081,-1417,1530,76,1164,2700,1599
IMU1,6377,64314998,-1696,1707,-212,1013,3433,1614
IMU1,6378,64325634,-1890,1701,-325,715,3773,1544
IMU1,6379,64336083,-1998,1687,-275,385,3657,1403
IMU1,6380,64346514,-2073,1795,-469,139,3341,1236
IMU1,6381,64358007,-2376,1828,-585,-89,3363,1045
IMU1,6382,64368354,-2656,1736,-498,-92,3734,1091
IMU1,6383,64378700,-2927,1600,-208,7,4034,1232
IMU1,6384,64388749,-3041,1430,-53,234,4108,1426
IMU1,6385,64399009,-3007,1220,27,532,3886,1601
IMU1,6386,64409164,-3140,1042,158,860,3412,1708
IMU1,6387,64419526,-3243,876,414,1201,2775,1757
IMU1,6388,64429874,-3272,694,787,1577,2004,1730
IMU1,6389,64440237,-3207,505,1203,2011,1109,1594
IMU1,6390,64450794,-3061,341,1462,2473,170,1335
IMU1,6391,64461148,-2938,212,1742,2893,-701,984
IMU1,6392,64471394,-2896,89,1789,3211,-1336,616
IMU1,6393,64481638,-2865,-126,1094,3317,-1683,311
IMU1,6394,64492175,-2755,-49,252,2610,-1583,30
IMU1,6395,64502117,-2473,154,-387,1775,-1212,62
IMU1,6396,64512271,-2193,239,-480,756,-760,112
IMU1,6397,64522204,-1985,313,-160,-241,-263,118
IMU1,6398,64532233,-1911,292,216,-1029,168,26
IMU1,6399,64542081,-2014,248,364,-1571,438,-130
IMU1,6400,64552220,-2166,218,359,-1896,567,-296
IMU1,6401,64562349,-2340,129,433,-2071,637,-416
IMU1,6402,64572480,-2478,26,527,-2079,714,-470
IMU1,6403,64582411,-2442,-49,540,-1957,768,-469
IMU1,6404,64592423,-2388,-73,571,-1750,764,-465
IMU1,6405,64602454,-2383,-73,622,-1482,703,-468
IMU1,6406,64612484,-2418,-91,672,-1183,556,-462
IMU1,6407,64622509,-2451,-68,706,-858,303,-437
IMU1,6408,64632337,-2441,-41,700,-532,4,-384
IMU1,6409,64641762,-2437,-35,637,-249,-258,-309
IMU1,6410,64651665,-2348,-57,477,-29,-440,-221
# swing_peak_seq=6384
IMU1,6411,64661379,-2216,-63,333,96,-532,-132
IMU1,6412,64671002,-2127,-51,198,122,-509,-62
IMU1,6413,64680620,-2107,-65,135,65,-374,-6
IMU1,6414,64689840,-2141,-79,103,-50,-193,44
IMU1,6415,64699258,-2185,-69,191,-197,-54,82
IMU1,6416,64708676,-2237,-58,366,-336,4,92
IMU1,6417,64717812,-2298,-55,526,-433,-3,71
IMU1,6418,64727030,-2389,-59,612,-485,-83,32
IMU1,6419,64736460,-2481,-47,643,-499,-226,-8
IMU1,6420,64745963,-2539,-14,681,-482,-399,-30
IMU1,6421,64755677,-2482,-11,751,-441,-547,-45
IMU1,6422,64765399,-2401,-35,778,-378,-674,-70
IMU1,6423,64775130,-2414,-2,784,-310,-782,-104
IMU1,6424,64784857,-2466,62,774,-261,-839,-128
IMU1,6425,64794675,-2486,126,779,-239,-860,-145
IMU1,6426,64804701,-2506,209,807,-249,-900,-169
IMU1,6427,64814707,-2538,297,828,-289,-995,-201
IMU1,6428,64824733,-2555,365,902,-347,-1175,-235
IMU1,6429,64834959,-2514,417,1029,-399,-1428,-264
IMU1,6430,64845384,-2429,401,1115,-425,-1718,-282
IMU1,6431,64855801,-2366,448,1103,-421,-1978,-277
IMU1,6432,64866233,-2047,475,807,-425,-2092,-255
IMU1,6433,64876976,-2055,431,763,-593,-1769,-248
IMU1,6434,64887200,-2101,467,754,-745,-1550,-228
IMU1,6435,64897425,-2139,476,831,-922,-1431,-191
IMU1,6436,64907649,-2198,467,990,-1077,-1429,-148
IMU1,6437,64918078,-2192,452,1174,-1169,-1561,-103
IMU1,6438,64928719,-2111,394,1328,-1187,-1788,-46
IMU1,6439,64939138,-2087,300,1454,-1124,-2028,11
IMU1,6440,64949467,-2041,219,1423,-1001,-2260,90
IMU1,6441,64959791,-1905,161,1288,-862,-2444,195
IMU1,6442,64970129,-1710,96,1205,-735,-2391,304
IMU1,6443,64980268,-1581,112,1133,-645,-2013,391
IMU1,6444,64990594,-1483,100,1166,-598,-1586,433
IMU1,6445,65000933,-1474,13,1318,-583,-1398,425
IMU1,6446,65011587,-1481,-12,1374,-564,-1535,353
IMU1,6447,65021813,-1447,-74,1370,-567,-1669,316
IMU1,6448,65032047,-1389,-142,1316,-583,-1780,296
IMU1,6449,65042460,-1271,-179,1301,-606,-1807,278
IMU1,6450,65052883,-1095,-229,1326,-612,-1740,268
IMU1,6451,65063298,-909,-290,1384,-594,-1579,238
IMU1,6452,65073534,-839,-318,1478,-546,-1386,188
IMU1,6453,65083772,-818,-285,1572,-480,-1251,132
IMU1,6454,65094004,-857,-300,1629,-397,-1209,81
IMU1,6455,65104030,-916,-361,1673,-306,-1237,55
IMU1,6456,65114061,-955,-398,1641,-224,-1322,76
IMU1,6457,65124097,-958,-480,1539,-170,-1381,138
IMU1,6458,65134327,-840,-583,1411,-158,-1333,214
IMU1,6459,65144553,-694,-728,1311,-203,-1202,271
IMU1,6460,65154779,-357,-801,1185,-300,-1000,290
IMU1,6461,65165526,-325,-836,1133,-594,-586,129
IMU1,6462,65175555,-450,-842,1170,-743,-426,-2
IMU1,6463,65185292,-556,-850,1340,-859,-349,-108
IMU1,6464,65195411,-667,-910,1501,-879,-318,-189
IMU1,6465,65205555,-708,-985,1515,-827,-304,-230
IMU1,6466,65215697,-654,-1043,1441,-745,-313,-265
IMU1,6467,65226024,-575,-1104,1335,-661,-316,-315
IMU1,6468,65236361,-492,-1123,1259,-589,-303,-385
IMU1,6469,65246692,-434,-1152,1211,-517,-282,-469
IMU1,6470,65257031,-443,-1195,1214,-428,-231,-554
IMU1,6471,65267366,-444,-1217,1283,-313,-140,-624
IMU1,6472,65277691,-467,-1292,1339,-167,0,-675
IMU1,6473,65287424,-478,-1329,1345,-9,165,-714
IMU1,6474,65297249,-531,-1356,1307,142,272,-753
IMU1,6475,65307382,-499,-1360,1257,263,250,-793
IMU1,6476,65320075,-416,-1273,1393,484,21,-914
IMU1,6477,65330012,-392,-1209,1390,625,10,-958
IMU1,6478,65339964,-335,-1172,1325,750,85,-976
IMU1,6479,65349906,-523,-1326,1542,846,220,-974
IMU1,6480,65360045,-728,-1288,1483,952,325,-909
IMU1,6481,65370164,-828,-1341,1480,1034,333,-780
IMU1,6482,65380500,-780,-1329,1506,1066,275,-628
IMU1,6483,65390839,-749,-1312,1627,1066,216,-506
IMU1,6484,65401171,-723,-1305,1654,1061,203,-428
IMU1,6485,65411501,-752,-1301,1595,1040,226,-387
IMU1,6486,65421844,-851,-1305,1667,984,276,-361
IMU1,6487,65431974,-911,-1309,1800,921,333,-345
IMU1,6488,65442126,-988,-1272,1878,865,358,-343
IMU1,6489,65452265,-1091,-1241,1902,808,366,-344
IMU1,6490,65462605,-1261,-1078,2043,750,356,-310
IMU1,6491,65473472,-1270,-1015,2129,641,321,-300
IMU1,6492,65483813,-1340,-953,2118,609,346,-304
IMU1,6493,65493974,-1363,-870,2089,560,368,-323
IMU1,6494,65504114,-1324,-786,2107,484,357,-364
IMU1,6495,65514253,-1286,-714,2094,401,345,-442
IMU1,6496,65524390,-1246,-636,1992,305,354,-552
IMU1,6497,65534560,-1204,-569,1868,182,396,-675
IMU1,6498,65544717,-1215,-530,1838,38,480,-801
IMU1,6499,65554622,-1242,-488,1841,-90,569,-910
IMU1,6500,65564627,-1231,-480,1879,-193,633,-988
IMU1,6501,65574841,-1216,-483,1946,-245,655,-1053
IMU1,6502,65585237,-1206,-514,1926,-246,644,-1097
IMU1,6503,65595642,-1204,-596,1833,-224,632,-1119
IMU1,6504,65606071,-1199,-653,1799,-207,619,-1116
IMU1,6505,65616486,-1109,-780,1820,-191,603,-1083
IMU1,6506,65627412,-1038,-851,1845,-141,568,-1079
IMU1,6507,65637818,-988,-961,1815,-118,562,-1097
IMU1,6508,65648028,-951,-1034,1823,-120,571,-1114
IMU1,6509,65658436,-922,-1155,2014,-115,589,-1129
IMU1,6510,65668849,-928,-1283,2180,-64,568,-1139
IMU1,6511,65679050,-1072,-1391,2232,29,491,-1114
IMU1,6512,65689380,-1133,-1469,2201,126,402,-960
IMU1,6513,65699696,-943,-1607,2164,204,262,-792
IMU1,6514,65709814,-733,-1749,2165,251,53,-649
IMU1,6515,65719731,-409,-1819,2054,270,-128,-555
IMU1,6516,65729949,-150,-1937,1984,234,-176,-524
IMU1,6517,65740156,-65,-2048,1974,140,-89,-532
IMU1,6518,65749981,45,-2152,2071,11,6,-552
IMU1,6519,65759215,293,-2160,1974,-132,18,-592
IMU1,6520,65769142,612,-2180,1747,-327,-37,-679
IMU1,6521,65779154,871,-2277,1689,-577,-75,-811
IMU1,6522,65789184,1093,-2329,1622,-820,-89,-968
IMU1,6523,65800435,1415,-2383,1583,-1196,-97,-1240
IMU1,6524,65811058,1477,-2333,1547,-1306,-98,-1328
IMU1,6525,65821678,1524,-2186,1581,-1359,-35,-1351
IMU1,6526,65832305,1501,-2186,1606,-1338,95,-1325
IMU1,6527,65842824,1368,-2025,1586,-1247,76,-1237
IMU1,6528,65853356,1377,-1800,1564,-1099,-19,-1070
IMU1,6529,65863982,1392,-1552,1536,-908,-105,-850
IMU1,6530,65874401,1511,-1433,1357,-697,-12,-614
IMU1,6531,65884619,1629,-1234,1162,-509,267,-412
IMU1,6532,65894935,1523,-1121,928,-356,554,-269
IMU1,6533,65906099,939,-734,933,-113,786,-7
IMU1,6534,65915954,796,-479,879,24,842,189
IMU1,6535,65925303,572,-256,708,163,972,415
IMU1,6536,65934822,358,-99,517,285,1179,649
IMU1,6537,65944354,370,51,440,385,1373,832
IMU1,6538,65954313,280,262,403,482,1534,875
IMU1,6539,65963943,-145,545,490,612,1698,784
IMU1,6540,65973680,-797,941,507,795,1897,662
IMU1,6541,65983428,-1407,1269,442,998,2159,614
IMU1,6542,65993579,-1831,1531,159,1144,2498,651
IMU1,6543,66003929,-2201,1640,-99,1165,2829,771
IMU1,6544,66014156,-2760,1847,-33,1089,2995,969
IMU1,6545,66024391,-3265,2014,149,1043,2926,1282
IMU1,6546,66034912,-3569,2059,192,1054,2813,1699
IMU1,6547,66045449,-3699,2077,235,1085,2768,2133
IMU1,6548,66055990,-3872,2014,378,1132,2724,2501
IMU1,6549,66066531,-3984,1914,616,1214,2621,2761
IMU1,6550,66077083,-3971,1708,889,1358,2445,2881
IMU1,6551,66087620,-3529,891,1057,1546,2192,2815
IMU1,6552,66098683,-3162,540,978,1886,1253,2093
IMU1,6553,66109035,-2718,272,883,2001,619,1531
IMU1,6554,66119186,-2572,139,796,2081,153,970
IMU1,6555,66129127,-2692,67,849,2121,17,544
IMU1,6556,66138663,-2887,-137,994,2117,123,319
IMU1,6557,66148700,-3059,-234,1087,2076,238,270
IMU1,6558,66158950,-3015,-241,1197,1971,141,321
IMU1,6559,66169192,-2899,-231,1304,1819,-179,384
IMU1,6560,66179522,-2833,-236,1367,1636,-504,437
IMU1,6561,66189838,-2749,-220,1259,1409,-653,504
IMU1,6562,66200166,-2617,-141,948,1100,-607,575
IMU1,6563,66210292,-2458,-107,617,675,-424,613
IMU1,6564,66220218,-2544,-135,509,145,-157,603
IMU1,6565,66230147,-2695,-219,528,-385,98,596
IMU1,6566,66239879,-2724,-257,569,-835,260,603
IMU1,6567,66249815,-2617,-264,702,-1173,324,579
IMU1,6568,66259937,-2552,-255,835,-1364,318,489
IMU1,6569,66270062,-2551,-267,982,-1406,262,363
IMU1,6570,66281236,-2520,-248,966,-1161,200,118
IMU1,6571,66291353,-2507,-249,874,-978,222,22
IMU1,6572,66301080,-2519,-242,782,-819,266,-73
IMU1,6573,66310914,-2569,-232,749,-726,281,-151
IMU1,6574,66323490,-2583,-249,750,-675,208,-220
IMU1,6575,66333504,-2536,-233,769,-652,39,-282
IMU1,6576,66343337,-2460,-233,831,-629,-127,-336
# swing_peak_seq=6550
IMU1,6577,66353463,-2434,-231,859,-586,-210,-373
IMU1,6578,66363596,-2438,-204,846,-524,-223,-372
IMU1,6579,66373707,-2421,-195,830,-468,-203,-334
IMU1,6580,66383818,-2387,-160,815,-436,-186,-280
IMU1,6581,66393933,-2381,-111,838,-419,-179,-241
IMU1,6582,66404046,-2307,-86,867,-422,-196,-223
IMU1,6583,66413949,-2189,-78,917,-431,-241,-235
IMU1,6584,66423871,-2146,-51,973,-444,-279,-271
IMU1,6585,66434833,-2230,-11,989,-477,-314,-339
IMU1,6586,66444757,-2259,38,1013,-491,-323,-345
IMU1,6587,66454777,-2240,47,1111,-497,-344,-339
IMU1,6588,66464799,-2268,69,1202,-489,-399,-334
IMU1,6589,66474815,-2291,106,1288,-458,-514,-335
IMU1,6590,66485033,-2335,170,1374,-405,-688,-332
IMU1,6591,66495250,-2301,192,1430,-332,-879,-326
IMU1,6592,66505486,-2223,117,1491,-246,-1061,-324
IMU1,6593,66515913,-2133,98,1470,-162,-1204,-319
IMU1,6594,66526149,-2058,166,1379,-100,-1270,-312
IMU1,6595,66536575,-2005,224,1296,-89,-1270,-294
IMU1,6596,66546796,-2007,284,1291,-123,-1241,-262
IMU1,6597,66557219,-1972,326,1300,-178,-1211,-212
IMU1,6598,66567648,-1930,321,1286,-252,-1216,-148
IMU1,6599,66578041,-1816,348,1190,-339,-1242,-77
IMU1,6600,66588772,-1738,298,1218,-546,-1222,46
IMU1,6601,66598896,-1646,225,1271,-629,-1169,88
IMU1,6602,66609011,-1652,143,1324,-691,-1091,129
IMU1,6603,66619316,-1703,110,1396,-719,-1007,183
IMU1,6604,66629632,-1694,92,1449,-724,-984,262
IMU1,6605,66639544,-1686,112,1457,-714,-1018,338
IMU1,6606,66649862,-1675,104,1421,-706,-1079,413
IMU1,6607,66660174,-1611,72,1374,-716,-1160,484
IMU1,6608,66670292,-1551,56,1328,-743,-1253,538
IMU1,6609,66680425,-1525,-2,1327,-772,-1314,590
IMU1,6610,66690447,-1445,-68,1354,-779,-1334,652
IMU1,6611,66700657,-1340,-126,1456,-742,-1326,700
IMU1,6612,66711078,-1251,-159,1539,-660,-1333,722
IMU1,6613,66721507,-1097,-204,1527,-539,-1396,720
IMU1,6614,66731928,-1072,-144,1435,-415,-1470,692
IMU1,6615,66742873,-1097,-143,1452,-247,-1531,706
IMU1,6616,66753300,-1091,-124,1433,-185,-1600,775
IMU1,6617,66763715,-1059,-116,1323,-141,-1629,865
IMU1,6618,66774136,-894,-181,1229,-155,-1546,964
IMU1,6619,66784359,-787,-249,1076,-239,-1400,1016
IMU1,6620,66794778,-917,-340,1230,-379,-1286,996
IMU1,6621,66805008,-1096,-406,1562,-469,-1271,967
IMU1,6622,66815435,-814,-413,1609,-444,-1388,966
IMU1,6623,66825655,-654,-483,1565,-364,-1475,914
IMU1,6624,66835874,-667,-539,1559,-277,-1400,844
IMU1,6625,66846102,-666,-554,1543,-195,-1260,792
IMU1,6626,66856342,-690,-627,1447,-143,-1120,736
IMU1,6627,66866556,-728,-764,1315,-148,-1033,663
IMU1,6628,66877304,-784,-805,1241,-291,-985,480
IMU1,6629,66887328,-794,-799,1310,-378,-971,376
IMU1,6630,66897358,-706,-849,1414,-399,-949,239
IMU1,6631,66907385,-661,-880,1474,-349,-854,68
IMU1,6632,66917205,-624,-916,1510,-265,-736,-103
IMU1,6633,66927333,-682,-970,1468,-162,-620,-278
IMU1,6634,66937458,-738,-968,1393,-78,-533,-421
IMU1,6635,66947386,-797,-996,1416,-25,-492,-526
IMU1,6636,66957306,-782,-1038,1436,23,-474,-593
IMU1,6637,66967343,-747,-1002,1353,66,-434,-644
IMU1,6638,66977371,-722,-1065,1468,93,-354,-698
IMU1,6639,66987387,-609,-975,1255,120,-233,-776
IMU1,6640,66997420,-628,-1072,1499,106,-39,-896
IMU1,6641,67007450,-675,-1065,1590,125,156,-1022
IMU1,6642,67017789,-650,-1072,1504,160,230,-1153
IMU1,6643,67028115,-643,-1097,1603,180,244,-1294
IMU1,6644,67038424,-601,-1113,1753,234,200,-1425
IMU1,6645,67048763,-592,-1138,1868,337,182,-1525
IMU1,6646,67060135,-458,-1088,1992,627,188,-1639
IMU1,6647,67070467,-513,-1090,1905,734,206,-1653
IMU1,6648,67080810,-511,-1088,1876,772,192,-1598
IMU1,6649,67091146,-435,-1089,1870,754,176,-1513
IMU1,6650,67101493,-380,-1086,1917,709,167,-1423
IMU1,6651,67111829,-315,-1088,1964,645,172,-1329
IMU1,6652,67122161,-202,-1052,2057,571,207,-1249
IMU1,6653,67132492,-124,-1034,2129,498,245,-1189
IMU1,6654,67142826,-103,-1019,2152,422,290,-1136
IMU1,6655,67153160,-148,-1003,2175,331,344,-1068
IMU1,6656,67163495,-210,-988,2183,218,383,-968
IMU1,6657,67173440,-227,-973,2178,86,394,-835
IMU1,6658,67183187,-270,-940,2217,-51,386,-694
IMU1,6659,67193028,-247,-917,2286,-181,361,-542
IMU1,6660,67204616,-299,-856,2301,-367,346,-266
IMU1,6661,67214626,-250,-831,2350,-426,324,-141
IMU1,6662,67224640,-212,-814,2266,-478,285,-52
IMU1,6663,67234450,-225,-804,2189,-539,246,1
IMU1,6664,67243968,-154,-812,2175,-605,200,33
IMU1,6665,67253692,-90,-836,2117,-659,150,27
IMU1,6666,67263217,-75,-859,2047,-703,120,-4
IMU1,6667,67272639,-40,-906,1959,-738,108,-37
IMU1,6668,67282262,-11,-963,1879,-769,106,-66
IMU1,6669,67291869,-28,-1014,1876,-794,107,-82
IMU1,6670,67301690,3,-1071,1902,-793,66,-74
IMU1,6671,67311035,45,-1144,1957,-743,-15,-58
IMU1,6672,67320669,130,-1224,2053,-648,-141,-29
IMU1,6673,67333141,286,-1310,2108,-506,-293,7
IMU1,6674,67342866,450,-1354,2012,-338,-406,23
IMU1,6675,67352785,625,-1370,1881,-198,-446,20
IMU1,6676,67362719,754,-1412,1720,-121,-413,4
IMU1,6677,67372447,861,-1472,1509,-126,-338,-15
IMU1,6678,67382471,952,-1535,1444,-208,-253,-35
IMU1,6679,67392487,1027,-1558,1620,-301,-199,-58
IMU1,6680,67402698,1098,-1601,1821,-315,-215,-81
IMU1,6681,67412914,1239,-1633,1995,-235,-252,-104
IMU1,6682,67423335,1288,-1714,2214,-74,-293,-120
IMU1,6683,67433563,1386,-1713,2239,140,-307,-113
IMU1,6684,67444943,1493,-1561,1930,491,-209,-70
IMU1,6685,67455070,1467,-1477,1575,480,-82,-41
IMU1,6686,67465009,1430,-1370,1379,346,107,-13
IMU1,6687,67475033,1262,-1262,1240,178,377,0
IMU1,6688,67484692,1068,-1162,1266,51,674,4
IMU1,6689,67494237,840,-1008,1270,26,929,-7
IMU1,6690,67503687,484,-785,1245,112,1106,-29
IMU1,6691,67513523,39,-517,1589,320,1192,-15
IMU1,6692,67523173,-212,-226,1676,678,1244,83
IMU1,6693,67533005,-554,90,1151,1054,1385,243
IMU1,6694,67542938,-945,369,510,1247,1701,446
IMU1,6695,67552891,-1345,706,117,1209,2061,632
IMU1,6696,67563039,-1791,990,-173,1018,2307,767
IMU1,6697,67573293,-2125,1237,-362,747,2487,853
IMU1,6698,67583543,-2591,1434,-380,476,2644,877
IMU1,6699,67593805,-2736,1497,-398,286,2784,862
IMU1,6700,67604038,-2897,1459,-547,174,3031,787
IMU1,6701,67614274,-3139,1379,-725,89,3408,672
IMU1,6702,67624318,-3297,1113,-917,11,3836,563
IMU1,6703,67634374,-3655,855,-763,-70,4302,472
IMU1,6704,67644329,-4176,662,-311,-86,4739,444
IMU1,6705,67654268,-4614,363,136,-11,4850,498
IMU1,6706,67664111,-4778,85,656,185,4431,596
IMU1,6707,67673865,-4361,17,1148,523,3588,670
IMU1,6708,67685372,-2893,214,1768,1588,1627,308
IMU1,6709,67695713,-2639,174,1861,2153,935,-64
IMU1,6710,67705760,-2546,86,1798,2578,522,-383
IMU1,6711,67715800,-2508,20,1591,2785,342,-538
IMU1,6712,67725854,-2538,47,996,2717,296,-513
IMU1,6713,67735709,-2480,67,545,2329,118,-354
IMU1,6714,67745560,-2382,107,319,1694,-103,-97
IMU1,6715,67755500,-2254,138,234,941,-168,214
IMU1,6716,67765349,-2137,156,287,186,-93,521
IMU1,6717,67774992,-2046,125,399,-472,23,752
IMU1,6718,67784647,-2067,41,451,-975,121,876
IMU1,6719,67794287,-2172,-49,515,-1329,183,917
IMU1,6720,67804222,-2266,-139,671,-1534,194,896
IMU1,6721,67814351,-2295,-224,817,-1579,157,821
IMU1,6722,67824502,-2303,-269,877,-1482,125,701
IMU1,6723,67834643,-2314,-331,895,-1296,136,544
IMU1,6724,67844778,-2326,-400,838,-1071,144,379
IMU1,6725,67854899,-2397,-446,736,-853,116,220
IMU1,6726,67864826,-2321,-442,641,-689,67,97
IMU1,6727,67874346,-2257,-412,594,-575,28,-2
IMU1,6728,67883772,-2222,-377,546,-506,39,-85
IMU1,6729,67893400,-2210,-391,501,-473,88,-128
IMU1,6730,67903225,-2299,-419,527,-472,150,-122
IMU1,6731,67913257,-2408,-448,625,-472,143,-58
# swing_peak_seq=6705
IMU1,6732,67923086,-2538,-441,717,-447,12,41
IMU1,6733,67932621,-2564,-430,814,-382,-180,158
IMU1,6734,67942641,-2472,-425,936,-270,-349,271
IMU1,6735,67952667,-2490,-381,972,-126,-470,346
IMU1,6736,67962688,-2577,-250,1005,22,-600,402
IMU1,6737,67973657,-2460,-203,973,245,-826,453
IMU1,6738,67983586,-2452,-127,897,279,-845,420
IMU1,6739,67993524,-2538,-89,897,241,-842,376
IMU1,6740,68003280,-2634,-50,998,168,-875,357
IMU1,6741,68012994,-2604,-1,1078,90,-982,353
IMU1,6742,68022516,-2589,74,1075,19,-1119,346
IMU1,6743,68032346,-2591,181,1068,-51,-1221,355
IMU1,6744,68042461,-2562,270,1047,-124,-1256,382
IMU1,6745,68052778,-2547,346,996,-210,-1254,421
IMU1,6746,68062917,-2553,408,996,-315,-1265,468
IMU1,6747,68073065,-2582,483,1022,-421,-1303,539
IMU1,6748,68083387,-2579,592,1044,-506,-1349,639
IMU1,6749,68093715,-2518,658,1057,-579,-1405,755
IMU1,6750,68104064,-2525,692,1094,-639,-1447,877
IMU1,6751,68114398,-2533,768,1086,-687,-1464,1003
IMU1,6752,68124940,-2514,814,1040,-737,-1457,1119
IMU1,6753,68135478,-2354,804,1024,-799,-1441,1202
IMU1,6754,68147062,-1994,769,999,-929,-1380,1170
IMU1,6755,68157421,-1958,713,973,-985,-1275,1098
IMU1,6756,68167784,-1966,696,959,-1044,-1109,1040
IMU1,6757,68178303,-1902,681,1067,-1103,-919,988
IMU1,6758,68188633,-1853,623,1250,-1137,-813,921
IMU1,6759,68198970,-1818,538,1368,-1121,-850,855
IMU1,6760,68209286,-1826,458,1474,-1057,-986,812
IMU1,6761,68219599,-1721,382,1621,-940,-1184,800
IMU1,6762,68229923,-1517,305,1776,-762,-1427,793
IMU1,6763,68240258,-1345,227,1761,-534,-1639,782
IMU1,6764,68250569,-1227,147,1653,-313,-1708,776
IMU1,6765,68260887,-1117,11,1440,-159,-1609,779
IMU1,6766,68272041,-1123,-94,1437,-132,-1334,813
IMU1,6767,68282254,-1067,-142,1406,-190,-1285,793
IMU1,6768,68292665,-1017,-154,1517,-287,-1285,745
IMU1,6769,68303086,-907,-163,1685,-354,-1299,669
IMU1,6770,68313297,-838,-156,1761,-373,-1338,550
IMU1,6771,68323531,-724,-148,1751,-364,-1365,412
IMU1,6772,68336307,-587,-208,1595,-359,-1289,279
IMU1,6773,68346535,-603,-228,1447,-396,-1120,156
IMU1,6774,68356767,-583,-228,1576,-473,-961,67
IMU1,6775,68368162,-523,-318,1602,-556,-722,-62
IMU1,6776,68378075,-512,-376,1633,-564,-661,-112
IMU1,6777,68388194,-372,-379,1497,-542,-632,-160
IMU1,6778,68398320,-332,-468,1379,-565,-552,-233
IMU1,6779,68408454,-362,-499,1438,-620,-401,-312
IMU1,6780,68418569,-397,-465,1447,-666,-291,-384
IMU1,6781,68428677,-288,-579,1767,-649,-199,-430
IMU1,6782,68438797,-319,-560,1643,-543,-167,-511
IMU1,6783,68448926,-472,-659,1681,-433,-113,-607
IMU1,6784,68459043,-642,-732,1896,-317,-46,-679
IMU1,6785,68468973,-633,-723,1949,-155,-75,-699
IMU1,6786,68478904,-592,-698,2004,20,-214,-701
IMU1,6787,68488745,-742,-738,2176,192,-350,-693
IMU1,6788,68498769,-711,-699,2153,366,-511,-635
IMU1,6789,68508808,-693,-661,2067,496,-705,-568
IMU1,6790,68518820,-518,-590,1920,558,-812,-516
IMU1,6791,68528852,-240,-539,1672,508,-797,-531
IMU1,6792,68538879,-310,-568,1659,326,-625,-627
IMU1,6793,68548922,-487,-512,1873,108,-384,-714
IMU1,6794,68558954,-479,-602,1615,-52,-195,-765
IMU1,6795,68569926,-771,-690,1803,-415,53,-870
IMU1,6796,68579751,-772,-736,2046,-511,8,-882
IMU1,6797,68589397,-836,-797,2089,-480,-109,-886
IMU1,6798,68599524,-772,-820,1936,-380,-194,-872
IMU1,6799,68609662,-619,-806,1838,-292,-239,-865
IMU1,6800,68619775,-634,-804,1822,-226,-204,-913
IMU1,6801,68629895,-573,-800,1770,-187,-142,-966
IMU1,6802,68640005,-517,-792,1791,-178,-85,-1025
IMU1,6803,68650108,-575,-755,1905,-161,-48,-1079
IMU1,6804,68660225,-650,-772,2014,-103,-42,-1095
IMU1,6805,68670332,-678,-782,2059,0,-110,-1058
IMU1,6806,68680065,-655,-787,2060,121,-244,-989
IMU1,6807,68690077,-603,-811,2034,235,-382,-904
IMU1,6808,68700103,-556,-813,1924,324,-468,-806
IMU1,6809,68710131,-452,-785,1870,360,-481,-705
IMU1,6810,68720178,-306,-772,1836,349,-412,-635
IMU1,6811,68730217,-208,-758,1804,293,-336,-616
IMU1,6812,68740260,-180,-741,1846,196,-279,-633
IMU1,6813,68750290,-186,-761,1854,91,-229,-653
IMU1,6814,68760122,-183,-785,1867,-18,-177,-663
IMU1,6815,68770047,-120,-820,1976,-112,-161,-664
IMU1,6816,68780161,-45,-972,2013,-165,-169,-674
IMU1,6817,68791116,45,-1042,1973,-212,-106,-689
IMU1,6818,68801151,106,-1110,1911,-252,-45,-677
IMU1,6819,68811185,169,-1167,1818,-322,-17,-662
IMU1,6820,68821216,193,-1220,1803,-409,-12,-660
IMU1,6821,68831217,279,-1266,1938,-473,-71,-659
IMU1,6822,68841241,382,-1373,2080,-459,-142,-676
IMU1,6823,68851449,462,-1452,2125,-376,-179,-691
IMU1,6824,68861662,510,-1492,2102,-274,-193,-697
IMU1,6825,68871886,618,-1533,2092,-189,-201,-693
IMU1,6826,68882103,740,-1554,2029,-137,-232,-700
IMU1,6827,68892323,814,-1586,1943,-123,-249,-706
IMU1,6828,68902538,877,-1645,1939,-150,-242,-692
IMU1,6829,68912747,963,-1685,1989,-180,-245,-660
IMU1,6830,68922956,1082,-1731,1931,-207,-248,-616
IMU1,6831,68933375,1190,-1778,1855,-245,-206,-569
IMU1,6832,68943800,1478,-1939,1710,-295,-116,-529
IMU1,6833,68954749,1599,-2054,1595,-422,170,-509
IMU1,6834,68965096,1495,-2138,1774,-496,355,-538
IMU1,6835,68975437,1349,-2128,2229,-471,451,-554
IMU1,6836,68985788,1157,-2020,2410,-300,402,-541
IMU1,6837,68996120,995,-1823,2461,-49,351,-488
IMU1,6838,69006051,988,-1638,2247,206,452,-411
IMU1,6839,69016085,997,-1450,1647,335,715,-367
IMU1,6840,69026123,860,-1233,1118,225,1112,-375
IMU1,6841,69036367,681,-1116,986,-77,1546,-436
IMU1,6842,69046314,372,-994,944,-407,1928,-564
IMU1,6843,69056254,-342,-749,1161,-619,2171,-710
IMU1,6844,69066490,-999,-525,1813,-581,2166,-753
IMU1,6845,69076728,-1297,-243,2185,-211,1912,-643
IMU1,6846,69087154,-1382,41,1736,348,1781,-441
IMU1,6847,69097198,-1489,202,503,781,2064,-206
IMU1,6848,69108284,-2009,553,265,856,2994,245
IMU1,6849,69118237,-2277,748,-216,617,3075,422
IMU1,6850,69128312,-2396,869,-379,266,2939,565
IMU1,6851,69138358,-2385,986,-428,-58,2859,689
IMU1,6852,69148300,-2371,1160,-704,-302,3003,796
IMU1,6853,69158649,-2514,1261,-864,-495,3396,868
IMU1,6854,69168985,-2592,1271,-822,-630,3910,907
IMU1,6855,69179328,-2944,1266,-317,-633,4379,888
IMU1,6856,69189683,-3589,1229,349,-430,4738,893
IMU1,6857,69199932,-4189,949,950,-35,4800,999
IMU1,6858,69209792,-4404,583,1450,498,4334,1183
IMU1,6859,69220140,-3833,329,1693,1097,3290,1313
IMU1,6860,69230691,-2825,266,1995,1702,1910,1192
IMU1,6861,69241245,-2285,208,2253,2307,583,773
IMU1,6862,69251398,-2418,-139,2506,2843,-374,264
IMU1,6863,69262250,-2130,-61,1979,3337,-1319,-360
IMU1,6864,69272683,-1833,-22,1245,3129,-1557,-508
IMU1,6865,69283127,-1791,58,181,2534,-1380,-490
IMU1,6866,69293264,-1880,170,-471,1582,-757,-276
IMU1,6867,69303504,-1917,140,-397,433,-110,60
IMU1,6868,69313255,-1850,119,180,-626,281,367
IMU1,6869,69323093,-1864,0,718,-1377,382,544
IMU1,6870,69332648,-1958,-68,1055,-1772,330,619
IMU1,6871,69345338,-1989,-127,1227,-1882,210,628
IMU1,6872,69355672,-2086,-187,1253,-1784,101,602
IMU1,6873,69366008,-2119,-239,1167,-1560,89,572
IMU1,6874,69376151,-2074,-319,797,-1294,148,523
IMU1,6875,69387326,-2104,-395,762,-864,135,352
IMU1,6876,69397266,-2017,-406,767,-701,24,232
IMU1,6877,69407004,-1954,-425,711,-542,-74,93
IMU1,6878,69416648,-1949,-406,684,-428,-111,-24
IMU1,6879,69426568,-1975,-403,697,-346,-100,-106
IMU1,6880,69436695,-1997,-433,676,-293,-82,-141
IMU1,6881,69446628,-2010,-452,666,-274,-61,-143
IMU1,6882,69456545,-2037,-467,719,-288,-22,-130
IMU1,6883,69466469,-2106,-490,769,-322,11,-101
# swing_peak_seq=6857
IMU1,6884,69476292,-2195,-503,879,-356,18,-48
IMU1,6885,69485920,-2207,-502,1004,-368,-14,30
IMU1,6886,69495742,-2212,-478,1083,-349,-80,106
IMU1,6887,69505771,-2197,-465,1131,-315,-187,164
IMU1,6888,69515996,-2204,-441,1201,-271,-311,192
IMU1,6889,69526237,-2234,-380,1200,-221,-421,186
IMU1,6890,69536473,-2301,-326,1197,-177,-494,158
IMU1,6891,69546701,-2347,-310,1219,-152,-523,128
IMU1,6892,69556945,-2315,-249,1224,-140,-566,101
IMU1,6893,69567175,-2197,-172,1221,-151,-653,57
IMU1,6894,69577220,-2143,-140,1205,-199,-757,-4
IMU1,6895,69587156,-2197,-77,1212,-283,-851,-51
IMU1,6896,69597103,-2173,23,1291,-369,-935,-32
IMU1,6897,69606944,-2112,149,1258,-434,-1010,27
IMU1,6898,69618119,-2014,394,1172,-490,-1167,159
IMU1,6899,69628465,-1958,484,1071,-520,-1243,225
IMU1,6900,69638810,-1918,507,1005,-571,-1317,298
IMU1,6901,69649132,-1905,485,997,-617,-1394,376
IMU1,6902,69659263,-1878,403,989,-646,-1487,472
IMU1,6903,69669383,-1863,317,978,-655,-1586,587
IMU1,6904,69679524,-1888,272,1039,-630,-1672,709
IMU1,6905,69689865,-1932,185,1172,-551,-1775,853
IMU1,6906,69700191,-2040,161,1285,-398,-1903,1018
IMU1,6907,69710712,-2185,188,1410,-181,-2098,1202
IMU1,6908,69721248,-2230,212,1492,103,-2385,1402
IMU1,6909,69731697,-2072,210,1543,425,-2719,1587
IMU1,6910,69742151,-1755,118,1507,735,-2982,1744
IMU1,6911,69752604,-1745,114,1618,1180,-3100,1783
IMU1,6912,69763255,-1568,138,1607,1378,-3027,1850
IMU1,6913,69773884,-1403,114,1543,1528,-2906,1912
IMU1,6914,69784531,-1241,142,1436,1605,-2747,1975
IMU1,6915,69795171,-1146,158,1420,1596,-2528,2014
IMU1,6916,69805836,-1120,190,1471,1521,-2304,2033
IMU1,6917,69816481,-1060,270,1582,1406,-2226,2027
IMU1,6918,69827117,-911,318,1688,1286,-2296,1976
IMU1,6919,69837562,-794,376,1721,1179,-2375,1882
IMU1,6920,69848011,-346,395,1687,1088,-2365,1648
IMU1,6921,69858433,-224,352,1670,881,-1629,1506
IMU1,6922,69868662,-226,344,1831,722,-1162,1341
IMU1,6923,69878902,-248,333,1970,573,-914,1171
IMU1,6924,69888946,-202,326,1981,434,-833,1012
IMU1,6925,69898967,-71,315,1928,295,-801,857
IMU1,6926,69908600,-47,298,1873,138,-710,711
IMU1,6927,69918245,-55,285,1904,-26,-548,610
IMU1,6928,69927795,-98,228,1963,-155,-355,550
IMU1,6929,69937535,-159,193,2060,-257,-186,519
IMU1,6930,69947477,-183,180,2185,-319,-91,499
IMU1,6931,69957219,-209,143,2295,-341,-105,474
IMU1,6932,69967154,-307,70,2306,-333,-183,455
IMU1,6933,69976901,-261,14,2214,-328,-315,452
IMU1,6934,69986647,-128,-32,2036,-344,-454,427
IMU1,6935,69996474,-34,-48,1934,-394,-488,370
IMU1,6936,70006114,59,-71,1933,-457,-423,294
IMU1,6937,70015655,84,-95,1924,-506,-320,200
IMU1,6938,70025200,84,-76,1872,-541,-226,99
IMU1,6939,70034544,94,-89,1844,-585,-164,2
IMU1,6940,70043690,15,-102,1843,-630,-110,-89
IMU1,6941,70053315,-56,-87,1856,-678,-55,-156
IMU1,6942,70062845,-54,-118,1868,-727,-30,-201
IMU1,6943,70072571,-39,-119,1715,-792,-31,-236
IMU1,6944,70082310,-4,-106,1528,-912,-11,-280
IMU1,6945,70091844,-22,-143,1572,-1088,50,-333
IMU1,6946,70101681,-39,-80,1680,-1256,132,-387
IMU1,6947,70111516,85,-73,1944,-1339,250,-463
IMU1,6948,70121271,166,-65,1655,-1338,360,-589
IMU1,6949,70131213,68,-219,1774,-1384,505,-738
IMU1,6950,70141146,175,-147,2017,-1372,546,-881
IMU1,6951,70151291,188,-151,1839,-1258,400,-1075
IMU1,6952,70161630,1,-347,1847,-1138,354,-1254
IMU1,6953,70171571,-105,-388,1833,-1018,406,-1339
IMU1,6954,70182001,-120,-437,1834,-908,429,-1366
IMU1,6955,70192239,-153,-533,1953,-821,416,-1380
IMU1,6956,70202481,-226,-562,1967,-728,308,-1393
IMU1,6957,70212721,-218,-580,1946,-645,187,-1398
IMU1,6958,70223995,-2,-680,1909,-510,120,-1467
IMU1,6959,70233851,-2,-742,1976,-451,172,-1545
IMU1,6960,70243698,71,-810,2000,-367,207,-1631
IMU1,6961,70253632,58,-901,2042,-277,236,-1728
IMU1,6962,70263572,-19,-990,2114,-197,294,-1804
IMU1,6963,70273617,-58,-1080,2189,-122,323,-1825
IMU1,6964,70283842,-62,-1151,2280,-45,317,-1810
IMU1,6965,70293887,16,-1209,2372,24,308,-1767
IMU1,6966,70303734,71,-1233,2427,83,321,-1708
IMU1,6967,70313589,95,-1239,2439,110,364,-1643
IMU1,6968,70323644,43,-1241,2455,93,445,-1558
IMU1,6969,70333495,-71,-1230,2510,37,560,-1431
IMU1,6970,70346017,-172,-1227,2557,-45,644,-1259
IMU1,6971,70356268,-267,-1169,2569,-150,654,-1057
IMU1,6972,70366707,-277,-1160,2505,-279,627,-849
IMU1,6973,70378014,-354,-1051,2404,-605,589,-456
IMU1,6974,70388263,-438,-1054,2569,-803,598,-295
IMU1,6975,70398509,-441,-948,2644,-924,563,-155
IMU1,6976,70408571,-443,-938,2752,-976,489,-45
IMU1,6977,70418400,-362,-892,2724,-956,357,33
IMU1,6978,70428136,-293,-846,2564,-902,219,76
IMU1,6979,70437876,-191,-809,2409,-866,154,87
IMU1,6980,70447614,-83,-809,2215,-866,152,50
IMU1,6981,70457161,-33,-823,2005,-911,183,-26
IMU1,6982,70466778,-23,-838,1888,-1009,240,-117
IMU1,6983,70476790,33,-916,1828,-1120,314,-203
IMU1,6984,70486740,21,-1016,1856,-1214,389,-280
IMU1,6985,70496869,13,-1058,2000,-1252,404,-329
IMU1,6986,70506987,74,-1122,2077,-1213,310,-354
IMU1,6987,70517131,149,-1202,2056,-1115,158,-354
IMU1,6988,70527473,244,-1260,2004,-996,27,-331
IMU1,6989,70537417,371,-1345,1876,-881,-55,-292
IMU1,6990,70547452,478,-1452,1708,-796,-104,-242
IMU1,6991,70557686,649,-1585,1579,-757,-101,-185
IMU1,6992,70567922,803,-1727,1465,-747,-72,-137
IMU1,6993,70577954,916,-1818,1386,-763,-17,-92
IMU1,6994,70587792,1017,-1912,1361,-772,34,-63
IMU1,6995,70599307,1206,-2069,1509,-721,-14,-88
IMU1,6996,70609348,1275,-2124,1652,-611,-130,-121
IMU1,6997,70619788,1320,-2140,1736,-436,-257,-154
IMU1,6998,70630229,1427,-2098,1713,-231,-312,-183
IMU1,6999,70640681,1571,-1977,1629,-32,-258,-229
IMU1,7000,70650909,1625,-1893,1470,105,-140,-304
IMU1,7001,70661250,1617,-1792,1269,163,40,-391
IMU1,7002,70671279,1605,-1669,1085,126,290,-463
IMU1,7003,70681515,1529,-1529,984,19,621,-519
IMU1,7004,70691378,1271,-1353,969,-95,984,-551
IMU1,7005,70701328,941,-1169,1107,-180,1278,-526
IMU1,7006,70711681,739,-930,1281,-189,1478,-435
IMU1,7007,70721822,606,-690,1186,-121,1726,-303
IMU1,7008,70731961,411,-472,868,-75,2136,-165
IMU1,7009,70741710,93,-249,488,-121,2574,-51
IMU1,7010,70752804,-793,284,435,-423,3023,168
IMU1,7011,70762655,-1270,517,356,-544,3015,231
IMU1,7012,70772720,-1953,807,120,-628,2938,328
IMU1,7013,70782772,-2504,1084,15,-688,2855,499
IMU1,7014,70792820,-3010,1302,-203,-705,2787,732
IMU1,7015,70803163,-3447,1433,-146,-674,2841,1021
IMU1,7016,70813709,-3757,1494,103,-572,3005,1333
IMU1,7017,70824166,-4044,1522,338,-347,3101,1632
IMU1,7018,70834605,-4160,1441,596,-18,3056,1897
IMU1,7019,70844859,-4187,1218,936,396,2927,2107
IMU1,7020,70855219,-3979,964,1130,880,2719,2237
IMU1,7021,70865590,-3753,690,1227,1373,2361,2227
IMU1,7022,70876162,-3445,371,1313,1836,1823,2069
IMU1,7023,70886710,-2758,-36,1378,2263,523,1413
IMU1,7024,70897475,-2511,-212,1437,2954,54,994
IMU1,7025,70907538,-2348,-355,1416,3178,-265,600
IMU1,7026,70917899,-2194,-416,1287,3287,-505,260
IMU1,7027,70928232,-2022,-421,1099,3242,-652,-1
IMU1,7028,70938260,-1886,-360,829,3024,-615,-174
IMU1,7029,70948500,-1919,-280,556,2633,-375,-242
IMU1,7030,70958740,-2021,-221,428,2097,-66,-173
IMU1,7031,70968773,-2077,-169,445,1468,156,-4
IMU1,7032,70978513,-2067,-155,550,817,250,205
IMU1,7033,70988366,-2067,-197,680,207,245,411
IMU1,7034,70998209,-2012,-245,747,-307,191,590
IMU1,7035,71008165,-1959,-302,800,-706,204,724
IMU1,7036,71018105,-1975,-329,880,-983,307,800
IMU1,7037,71028053,-2040,-356,984,-1148,406,821
IMU1,7038,71038196,-2095,-397,1065,-1216,445,792
IMU1,7039,71048565,-2143,-461,1149,-1195,433,728
IMU1,7040,71058916,-2200,-507,1197,-1097,378,636
IMU1,7041,71069275,-2109,-492,1259,-953,272,415
IMU1,7042,71079940,-2036,-490,1210,-567,36,276
IMU1,7043,71089884,-2024,-457,1131,-382,-50,141
IMU1,7044,71099919,-2006,-407,1080,-238,-65,28
IMU1,7045,71109756,-1955,-370,1058,-145,-13,-49
IMU1,7046,71119684,-1944,-353,1081,-99,41,-93
# swing_peak_seq=7020
IMU1,7047,71129312,-1987,-309,1092,-79,56,-101
IMU1,7048,71139153,-1998,-262,1132,-83,25,-66
IMU1,7049,71148797,-2001,-227,1197,-94,-22,-3
IMU1,7050,71158337,-1990,-155,1265,-104,-90,77
IMU1,7051,71168190,-1966,-95,1329,-113,-193,157
IMU1,7052,71178204,-1955,-39,1379,-111,-316,225
IMU1,7053,71188247,-2034,15,1353,-110,-445,291
IMU1,7054,71198189,-2144,5,1292,-131,-543,372
IMU1,7055,71207938,-2194,10,1269,-180,-623,488
IMU1,7056,71217885,-2169,60,1295,-263,-718,621
IMU1,7057,71227833,-2120,146,1306,-366,-825,733
IMU1,7058,71237979,-2063,248,1335,-476,-914,807
IMU1,7059,71248126,-2133,299,1379,-598,-970,841
IMU1,7060,71258269,-2179,360,1407,-718,-1022,846
IMU1,7061,71268614,-2154,463,1454,-826,-1115,814
IMU1,7062,71278973,-2076,572,1461,-922,-1236,730
IMU1,7063,71289326,-2005,643,1436,-1001,-1346,603
IMU1,7064,71299862,-2194,697,1219,-1080,-1418,457
IMU1,7065,71310922,-2276,674,1185,-1275,-1397,328
IMU1,7066,71321478,-2211,613,1121,-1380,-1288,363
IMU1,7067,71332030,-2089,565,1178,-1475,-1119,406
IMU1,7068,71342570,-2046,511,1194,-1548,-988,442
IMU1,7069,71355480,-1912,480,1251,-1596,-926,458
IMU1,7070,71365845,-1757,421,1295,-1616,-907,436
IMU1,7071,71376181,-1693,328,1358,-1609,-933,382
IMU1,7072,71386509,-1703,126,1429,-1558,-1012,327
IMU1,7073,71397571,-1667,16,1379,-1379,-1217,331
IMU1,7074,71407918,-1649,-57,1336,-1301,-1270,373
IMU1,7075,71418370,-1567,-140,1322,-1223,-1281,418
IMU1,7076,71429013,-1553,-210,1374,-1144,-1248,460
IMU1,7077,71439664,-1506,-268,1453,-1055,-1207,499
IMU1,7078,71450301,-1307,-340,1503,-934,-1211,513
IMU1,7079,71460743,-1123,-378,1557,-798,-1241,477
IMU1,7080,71471199,-1070,-489,1607,-652,-1262,401
IMU1,7081,71481641,-1124,-608,1624,-506,-1258,319
IMU1,7082,71492072,-1122,-734,1502,-375,-1225,253
IMU1,7083,71503032,-1046,-724,1511,-236,-1092,128
IMU1,7084,71513482,-875,-718,1587,-203,-1052,21
IMU1,7085,71523541,-754,-741,1579,-165,-1066,-132
IMU1,7086,71533880,-744,-759,1557,-138,-1086,-302
IMU1,7087,71544230,-714,-761,1505,-123,-1054,-445
IMU1,7088,71554577,-715,-853,1441,-122,-968,-547
IMU1,7089,71564709,-808,-888,1434,-133,-852,-602
IMU1,7090,71574855,-769,-869,1530,-138,-697,-625
IMU1,7091,71585012,-559,-916,1583,-120,-517,-664
IMU1,7092,71595164,-500,-948,1562,-89,-386,-753
IMU1,7093,71605129,-531,-965,1583,-55,-321,-869
IMU1,7094,71615065,-437,-1002,1606,-15,-322,-995
IMU1,7095,71625199,-334,-1046,1576,41,-358,-1140
IMU1,7096,71635450,-383,-1089,1567,102,-368,-1294
IMU1,7097,71645891,-420,-1107,1551,164,-329,-1418
IMU1,7098,71656861,-412,-1084,1689,312,-152,-1607
IMU1,7099,71667303,-298,-1034,1637,413,9,-1679
IMU1,7100,71677255,-286,-1109,1537,457,183,-1765
IMU1,7101,71687626,-365,-1179,1721,464,379,-1849
IMU1,7102,71697957,-490,-1102,1727,473,564,-1901
IMU1,7103,71708297,-613,-1147,1957,495,722,-1929
IMU1,7104,71718635,-631,-1135,1621,516,781,-1912
IMU1,7105,71728990,-558,-1257,2175,486,774,-1835
IMU1,7106,71739341,-456,-1147,2304,567,623,-1748
IMU1,7107,71749698,-774,-1211,2287,716,381,-1680
IMU1,7108,71760047,-821,-1235,2050,828,188,-1546
IMU1,7109,71770380,-455,-1128,1940,841,32,-1406
IMU1,7110,71780517,-151,-1141,2082,781,66,-1364
IMU1,7111,71791702,-679,-1052,1784,630,660,-1390
IMU1,7112,71802056,-834,-1005,1752,463,904,-1265
IMU1,7113,71812409,-1019,-1033,1909,262,996,-1070
IMU1,7114,71822956,-913,-926,2018,106,883,-845
IMU1,7115,71832908,-859,-948,2071,-9,679,-654
IMU1,7116,71842566,-793,-966,2050,-98,503,-485
IMU1,7117,71852403,-730,-959,2023,-164,379,-342
IMU1,7118,71862444,-569,-930,1941,-208,320,-239
IMU1,7119,71872477,-365,-913,1931,-237,333,-196
IMU1,7120,71882516,-283,-910,2004,-242,451,-217
IMU1,7121,71892556,-242,-894,2043,-209,621,-275
IMU1,7122,71902589,-245,-914,2019,-168,736,-353
IMU1,7123,71912632,-283,-926,1991,-153,745,-432
IMU1,7124,71922687,-307,-920,2001,-154,662,-485
IMU1,7125,71932730,-257,-944,1990,-169,521,-508
IMU1,7126,71942781,-176,-1024,1922,-190,384,-509
IMU1,7127,71953009,-121,-1079,1873,-228,291,-492
IMU1,7128,71963245,-43,-1217,1772,-260,213,-447
IMU1,7129,71974317,147,-1261,1751,-277,197,-401
IMU1,7130,71984477,166,-1285,1740,-246,224,-402
IMU1,7131,71994614,161,-1299,1783,-216,186,-399
IMU1,7132,72004755,147,-1310,1698,-177,58,-400
IMU1,7133,72014686,168,-1309,1575,-174,-111,-383
IMU1,7134,72024910,168,-1301,1567,-199,-251,-332
IMU1,7135,72035140,205,-1290,1623,-207,-320,-257
IMU1,7136,72045364,244,-1281,1518,-197,-351,-170
IMU1,7137,72055593,284,-1242,1420,-214,-378,-85
IMU1,7138,72065638,343,-1234,1439,-250,-355,-14
IMU1,7139,72075671,440,-1308,1508,-282,-316,26
IMU1,7140,72085621,529,-1393,1612,-289,-330,33
IMU1,7141,72095561,566,-1428,1705,-270,-383,11
IMU1,7142,72105488,585,-1483,1774,-222,-437,-8
IMU1,7143,72115311,631,-1524,1761,-169,-471,3
IMU1,7144,72125039,688,-1576,1582,-152,-497,34
IMU1,7145,72134984,815,-1638,1315,-212,-482,78
IMU1,7146,72144908,895,-1804,1178,-352,-388,139
IMU1,7147,72155040,1059,-1841,1096,-520,-297,213
IMU1,7148,72165373,1269,-1971,1417,-656,-192,268
IMU1,7149,72176231,1383,-1965,1552,-626,-100,302
IMU1,7150,72186571,1471,-1934,1675,-468,-132,284
IMU1,7151,72196906,1495,-1863,1659,-266,-163,281
IMU1,7152,72207226,1534,-1753,1423,-81,-161,320
IMU1,7153,72217357,1561,-1632,1137,31,-73,381
IMU1,7154,72227209,1579,-1510,926,53,124,460
IMU1,7155,72236957,1576,-1388,716,18,418,548
IMU1,7156,72246713,1545,-1244,521,-55,778,631
IMU1,7157,72256574,1422,-1094,373,-149,1188,708
IMU1,7158,72266812,1149,-923,297,-237,1626,794
IMU1,7159,72276860,579,-738,462,-284,2002,927
IMU1,7160,72286701,-64,-437,833,-207,2067,1136
IMU1,7161,72296647,-478,-110,1153,60,1785,1408
IMU1,7162,72306682,-633,288,1309,514,1400,1673
IMU1,7163,72316833,-669,725,1164,1062,1195,1844
IMU1,7164,72327185,-963,1155,712,1543,1325,1883
IMU1,7165,72337537,-1543,1575,86,1791,1828,1877
IMU1,7166,72347892,-2518,2319,-341,1747,2512,1924
IMU1,7167,72361109,-4109,2503,-66,1210,3028,2381
IMU1,7168,72371572,-4456,2712,87,1020,2826,2645
IMU1,7169,72381925,-4845,2931,219,949,2614,2877
IMU1,7170,72392287,-4985,2908,566,1001,2540,3097
IMU1,7171,72402857,-4856,2732,1036,1201,2611,3252
IMU1,7172,72413608,-4560,2418,1467,1530,2691,3255
IMU1,7173,72424363,-4114,2019,1804,1933,2542,3055
IMU1,7174,72435118,-2987,1254,2082,2356,1068,1971
IMU1,7175,72445892,-2727,924,1989,3116,-13,1238
IMU1,7176,72456158,-2610,740,1811,3346,-864,582
IMU1,7177,72466410,-2626,471,1594,3386,-1237,114
IMU1,7178,72476863,-2689,249,1095,3214,-1081,-109
IMU1,7179,72487391,-2657,244,419,2764,-661,-83
IMU1,7180,72497324,-2558,371,196,2087,-438,70
IMU1,7181,72507181,-2428,512,330,1323,-352,274
IMU1,7182,72517228,-2353,536,574,620,-235,489
IMU1,7183,72527083,-2380,463,681,42,-117,699
IMU1,7184,72536732,-2453,397,718,-429,5,906
IMU1,7185,72546195,-2466,335,779,-793,114,1080
IMU1,7186,72556255,-2448,275,827,-1059,149,1180
IMU1,7187,72566505,-2465,221,846,-1234,141,1192
IMU1,7188,72576757,-2471,192,873,-1330,147,1133
IMU1,7189,72587008,-2448,204,935,-1358,177,1009
IMU1,7190,72597252,-2415,172,1020,-1301,214,831
IMU1,7191,72607498,-2348,160,1114,-1193,221,614
IMU1,7192,72618804,-2316,216,1136,-872,96,129
IMU1,7193,72628663,-2324,272,1127,-707,-29,-89
IMU1,7194,72638504,-2316,355,1141,-569,-174,-264
IMU1,7195,72648759,-2263,429,1163,-455,-298,-392
IMU1,7196,72659007,-2223,488,1193,-365,-385,-490
IMU1,7197,72669258,-2248,528,1199,-312,-450,-541
IMU1,7198,72679513,-2287,575,1195,-291,-518,-548
# swing_peak_seq=7172
IMU1,7199,72689778,-2298,607,1173,-300,-628,-512
IMU1,7200,72700041,-2259,659,1153,-344,-774,-451
IMU1,7201,72710291,-2162,715,1156,-410,-903,-385
IMU1,7202,72720535,-2056,778,1164,-493,-1012,-329
IMU1,7203,72730963,-1956,831,1171,-572,-1108,-283
IMU1,7204,72741400,-1870,892,1212,-647,-1184,-246
IMU1,7205,72751838,-1855,997,1260,-712,-1224,-207
IMU1,7206,72762807,-1932,1048,1215,-806,-1207,-64
IMU1,7207,72773230,-1997,1088,1175,-886,-1148,49
IMU1,7208,72783567,-2044,1123,1181,-993,-1098,175
IMU1,7209,72794109,-2037,1124,1232,-1110,-1115,288
IMU1,7210,72804859,-1980,1085,1350,-1215,-1215,373
IMU1,7211,72815598,-1870,1049,1442,-1290,-1352,413
IMU1,7212,72826335,-1735,1074,1359,-1347,-1481,397
IMU1,7213,72837081,-1572,912,1221,-1434,-1560,334
IMU1,7214,72847635,-1638,876,1271,-1556,-1526,237
IMU1,7215,72858183,-1748,683,1410,-1662,-1227,197
IMU1,7216,72868715,-1706,603,1523,-1716,-1080,264
IMU1,7217,72879257,-1625,464,1664,-1649,-950,311
IMU1,7218,72889602,-1570,384,1711,-1537,-877,346
IMU1,7219,72899942,-1608,306,1748,-1405,-874,372
IMU1,7220,72910283,-1613,201,1779,-1272,-921,396
IMU1,7221,72920615,-1609,91,1806,-1137,-1004,416
IMU1,7222,72930941,-1565,16,1855,-1009,-1098,418
IMU1,7223,72941279,-1433,-62,1902,-885,-1196,385
IMU1,7224,72951528,-1299,-133,1905,-766,-1285,303
IMU1,7225,72961965,-1184,-205,1878,-658,-1340,182
IMU1,7226,72972378,-1066,-248,1851,-570,-1333,46
IMU1,7227,72982604,-984,-343,1704,-503,-1233,-96
IMU1,7228,72993769,-828,-407,1568,-500,-802,-333
IMU1,7229,73003880,-858,-452,1471,-571,-543,-439
IMU1,7230,73014014,-921,-498,1538,-673,-305,-530
IMU1,7231,73024151,-938,-550,1723,-753,-126,-585
IMU1,7232,73034285,-943,-607,1739,-773,-31,-621
IMU1,7233,73044228,-928,-639,1695,-766,-33,-639
IMU1,7234,73054172,-866,-643,1677,-755,-107,-659
IMU1,7235,73064304,-773,-660,1684,-734,-200,-691
IMU1,7236,73074436,-668,-679,1694,-695,-281,-737
IMU1,7237,73084565,-596,-710,1653,-638,-340,-785
IMU1,7238,73094713,-608,-727,1617,-569,-374,-819
IMU1,7239,73104843,-616,-770,1604,-493,-368,-822
IMU1,7240,73114970,-621,-861,1542,-414,-313,-785
IMU1,7241,73125112,-640,-923,1426,-359,-241,-722
IMU1,7242,73135244,-654,-935,1320,-342,-190,-645
IMU1,7243,73145371,-588,-925,1305,-362,-177,-578
IMU1,7244,73155507,-473,-938,1328,-394,-184,-546
IMU1,7245,73166686,-169,-981,1342,-419,-193,-661
IMU1,7246,73176806,-60,-1006,1426,-401,-182,-816
IMU1,7247,73186927,133,-1022,1391,-360,-152,-1017
IMU1,7248,73197365,107,-1103,1339,-312,-37,-1241
IMU1,7249,73207613,1,-1130,1365,-259,159,-1414
IMU1,7250,73217563,-157,-1119,1437,-192,362,-1507
IMU1,7251,73228005,-249,-1135,1529,-88,523,-1519
IMU1,7252,73238243,-341,-1108,1641,44,611,-1468
IMU1,7253,73248384,-402,-1092,1713,195,598,-1375
IMU1,7254,73258722,-408,-1072,1708,338,482,-1264
IMU1,7255,73269061,-380,-1016,1722,447,291,-1162
IMU1,7256,73279406,-321,-970,1762,536,80,-1083
IMU1,7257,73289353,-271,-962,1780,609,-75,-1026
IMU1,7258,73299396,-223,-934,1751,669,-146,-983
IMU1,7259,73309437,-151,-890,1651,698,-120,-964
IMU1,7260,73320524,-137,-833,1603,636,226,-989
IMU1,7261,73330459,-225,-794,1617,542,444,-1007
IMU1,7262,73340603,-311,-780,1668,421,628,-1000
IMU1,7263,73350760,-433,-775,1754,292,770,-978
IMU1,7264,73363271,-551,-757,1874,173,828,-941
IMU1,7265,73373225,-679,-784,1994,73,780,-880
IMU1,7266,73382986,-751,-794,2093,1,652,-809
IMU1,7267,73392541,-825,-828,2134,-45,475,-726
IMU1,7268,73402393,-877,-843,2078,-74,282,-624
IMU1,7269,73412238,-848,-861,1953,-105,92,-510
IMU1,7270,73422071,-790,-883,1817,-148,-47,-399
IMU1,7271,73432008,-724,-917,1750,-204,-93,-298
IMU1,7272,73441940,-625,-958,1731,-253,-55,-214
IMU1,7273,73451872,-545,-1004,1721,-276,27,-171
IMU1,7274,73461903,-475,-1040,1722,-264,133,-172
IMU1,7275,73472135,-462,-1090,1720,-225,262,-217
IMU1,7276,73482358,-460,-1136,1705,-176,357,-293
IMU1,7277,73492588,-551,-1202,1655,-123,379,-376
IMU1,7278,73503340,-618,-1207,1641,-33,285,-501
IMU1,7279,73513385,-661,-1202,1660,1,214,-506
IMU1,7280,73523131,-685,-1189,1735,52,161,-487
IMU1,7281,73533085,-632,-1209,1769,113,145,-447
IMU1,7282,73543229,-577,-1201,1742,166,156,-416
IMU1,7283,73553370,-512,-1206,1674,195,183,-409
IMU1,7284,73563511,-473,-1223,1583,175,239,-430
IMU1,7285,73573675,-436,-1233,1510,117,341,-463
IMU1,7286,73583834,-432,-1265,1485,46,465,-515
IMU1,7287,73593795,-469,-1325,1576,-23,588,-569
IMU1,7288,73603844,-512,-1390,1677,-55,660,-617
IMU1,7289,73613872,-572,-1441,1730,-52,609,-666
IMU1,7290,73623905,-539,-1477,1664,-35,427,-718
IMU1,7291,73633952,-454,-1547,1514,-27,197,-767
IMU1,7292,73643991,-397,-1626,1260,-36,89,-800
IMU1,7293,73653830,-408,-1730,1114,-83,183,-787
IMU1,7294,73663865,-468,-1904,1173,-134,466,-716
IMU1,7295,73674125,-528,-2001,1324,-149,799,-613
IMU1,7296,73684370,-642,-2058,1340,-115,1017,-506
IMU1,7297,73695845,-766,-2323,1657,80,975,-287
IMU1,7298,73705795,-641,-2368,1749,243,715,-239
IMU1,7299,73715946,-487,-2356,1719,428,276,-299
IMU1,7300,73726102,-350,-2357,1577,586,-269,-427
IMU1,7301,73736367,-204,-2364,1531,691,-709,-555
IMU1,7302,73746593,56,-2341,1425,762,-799,-654
IMU1,7303,73756534,349,-2283,1286,784,-526,-747
IMU1,7304,73766665,555,-2248,1215,736,-94,-858
IMU1,7305,73776595,695,-2220,1308,635,239,-1000
IMU1,7306,73786840,750,-2147,1576,530,332,-1160
IMU1,7307,73797092,791,-2053,1913,481,226,-1303
IMU1,7308,73807340,931,-1918,2031,529,32,-1404
IMU1,7309,73817398,1155,-1766,1991,625,-156,-1473
IMU1,7310,73827948,1420,-1581,1904,728,-222,-1516
IMU1,7311,73838501,1612,-1107,1666,825,-96,-1542
IMU1,7312,73849875,1576,-828,1557,928,445,-1501
IMU1,7313,73860131,1406,-519,1740,946,722,-1382
IMU1,7314,73870378,1315,-222,1726,985,858,-1157
IMU1,7315,73880630,1210,32,1516,1006,950,-850
IMU1,7316,73890596,1009,311,1490,983,1047,-475
IMU1,7317,73900749,795,638,1518,959,1070,-30
IMU1,7318,73910532,620,955,1466,972,1018,460
IMU1,7319,73920402,350,1256,1385,1005,1013,982
IMU1,7320,73930643,129,1583,1215,1048,1145,1539
IMU1,7321,73941100,-149,1929,820,1036,1478,2106
IMU1,7322,73951446,-621,2251,625,887,1985,2660
IMU1,7323,73961607,-1091,2504,637,643,2379,3182
IMU1,7324,73971973,-1349,2711,557,364,2462,3613
IMU1,7325,73982342,-1681,2855,525,97,2326,3912
IMU1,7326,73992511,-2666,3049,931,-77,2201,4141
IMU1,7327,74003291,-2974,2944,944,75,2351,4612
IMU1,7328,74013458,-3017,2629,769,204,2769,4787
IMU1,7329,74023823,-2934,2280,708,219,3214,4768
IMU1,7330,74034187,-2990,1858,779,144,3359,4508
IMU1,7331,74044564,-2945,1464,920,80,3024,4026
IMU1,7332,74054727,-2797,1139,888,105,2230,3359
IMU1,7333,74065092,-2509,973,1065,244,1197,2585
IMU1,7334,74075444,-2303,897,1370,552,299,1795
IMU1,7335,74085609,-2293,840,1447,1008,-293,1099
IMU1,7336,74096050,-2234,854,1417,1481,-695,571
IMU1,7337,74106302,-2154,891,1260,1842,-970,194
IMU1,7338,74116560,-2228,841,1063,2010,-1084,-54
IMU1,7339,74126904,-2505,799,677,1955,-1005,-124
IMU1,7340,74138297,-2947,823,583,1258,-533,365
IMU1,7341,74148341,-2956,810,675,737,-432,762
IMU1,7342,74158192,-2842,735,882,236,-383,1103
IMU1,7343,74168245,-2778,627,1066,-177,-353,1327
IMU1,7344,74178589,-2743,568,1172,-453,-299,1429
IMU1,7345,74188928,-2668,536,1183,-632,-191,1413
IMU1,7346,74199272,-2649,465,1206,-740,-43,1283
IMU1,7347,74209409,-2651,438,1154,-790,134,1073
IMU1,7348,74219665,-2632,406,1106,-819,290,807
IMU1,7349,74229709,-2669,376,1125,-826,393,510
IMU1,7350,74239770,-2690,387,1141,-803,450,220
IMU1,7351,74249841,-2716,367,1126,-758,461,-29
IMU1,7352,74259777,-2704,354,1139,-708,407,-223
IMU1,7353,74269920,-2705,410,1157,-650,296,-367
IMU1,7354,74280061,-2709,421,1181,-589,133,-462
IMU1,7355,74290202,-2669,430,1193,-535,-71,-497
# swing_peak_seq=7329
IMU1,7356,74300251,-2493,480,1149,-479,-264,-493
IMU1,7357,74311013,-2432,481,1085,-462,-499,-446
IMU1,7358,74321254,-2424,474,1006,-499,-539,-427
IMU1,7359,74331496,-2439,463,1012,-568,-550,-390
IMU1,7360,74341753,-2412,440,1051,-637,-532,-343
IMU1,7361,74352007,-2352,431,1150,-678,-509,-296
IMU1,7362,74364800,-2242,417,1302,-678,-503,-266
IMU1,7363,74375021,-2145,429,1404,-630,-521,-274
IMU1,7364,74385266,-2104,457,1444,-559,-568,-313
IMU1,7365,74395504,-2071,491,1455,-479,-649,-368
IMU1,7366,74405738,-2014,562,1498,-414,-749,-423
IMU1,7367,74417007,-1901,727,1508,-332,-831,-528
IMU1,7368,74427241,-1848,798,1506,-323,-835,-584
IMU1,7369,74437473,-1776,875,1514,-339,-839,-651
IMU1,7370,74447709,-1680,903,1464,-395,-831,-707
IMU1,7371,74457941,-1609,859,1454,-473,-809,-758
IMU1,7372,74468167,-1579,882,1479,-572,-792,-785
IMU1,7373,74478411,-1554,953,1495,-675,-781,-785
IMU1,7374,74488664,-1544,1007,1496,-778,-786,-764
IMU1,7375,74499108,-1501,1055,1473,-881,-803,-724
IMU1,7376,74509543,-1416,1094,1471,-983,-826,-687
IMU1,7377,74519978,-1337,1072,1440,-1076,-836,-672
IMU1,7378,74530626,-1300,978,1418,-1174,-838,-670
IMU1,7379,74541067,-1244,758,1430,-1264,-843,-635
IMU1,7380,74551526,-1130,604,1492,-1387,-947,-606
IMU1,7381,74561971,-1101,597,1561,-1394,-1014,-582
IMU1,7382,74572608,-1059,632,1548,-1358,-1033,-566
IMU1,7383,74583254,-1096,654,1558,-1313,-1018,-558
IMU1,7384,74593893,-1070,656,1579,-1263,-973,-550
IMU1,7385,74604340,-1047,618,1603,-1214,-918,-566
IMU1,7386,74614774,-1040,536,1625,-1168,-888,-596
IMU1,7387,74625211,-991,359,1658,-1120,-894,-623
IMU1,7388,74635449,-886,160,1663,-1073,-932,-636
IMU1,7389,74645688,-747,-18,1607,-1029,-978,-649
IMU1,7390,74655809,-664,-165,1555,-1006,-1006,-663
IMU1,7391,74666859,-666,-131,1649,-966,-938,-674
IMU1,7392,74676993,-623,-119,1739,-900,-841,-671
IMU1,7393,74687133,-602,-118,1777,-808,-754,-682
IMU1,7394,74697279,-617,-137,1772,-695,-692,-694
IMU1,7395,74707427,-702,-247,1740,-597,-654,-676
IMU1,7396,74717571,-833,-365,1725,-514,-635,-600
IMU1,7397,74727719,-837,-455,1677,-455,-657,-469
IMU1,7398,74737849,-659,-553,1595,-414,-708,-335
IMU1,7399,74747993,-408,-605,1512,-406,-756,-244
IMU1,7400,74758143,-305,-653,1459,-416,-776,-208
IMU1,7401,74768268,-317,-716,1393,-437,-739,-187
IMU1,7402,74778396,-295,-794,1345,-460,-648,-158
IMU1,7403,74788529,-299,-881,1317,-486,-508,-122
IMU1,7404,74798648,-382,-975,1302,-517,-337,-89
IMU1,7405,74808574,-363,-1050,1363,-540,-189,-70
IMU1,7406,74818692,-304,-1125,1458,-545,-132,-85
IMU1,7407,74828815,-270,-1152,1538,-508,-132,-148
IMU1,7408,74840177,-265,-1227,1497,-362,-130,-335
IMU1,7409,74850502,-323,-1302,1453,-301,-129,-400
IMU1,7410,74860827,-430,-1348,1474,-253,-88,-420
IMU1,7411,74870948,-473,-1344,1514,-203,-14,-407
IMU1,7412,74881088,-443,-1367,1565,-141,31,-395
IMU1,7413,74891110,-459,-1364,1587,-70,35,-411
IMU1,7414,74900952,-390,-1364,1590,6,30,-450
IMU1,7415,74910501,-309,-1350,1579,78,38,-523
IMU1,7416,74920258,-196,-1318,1562,149,52,-636
IMU1,7417,74930202,-113,-1317,1552,218,90,-784
IMU1,7418,74940156,-116,-1299,1586,289,161,-939
IMU1,7419,74950307,-134,-1235,1636,366,254,-1074
IMU1,7420,74960662,-206,-1220,1693,458,351,-1175
IMU1,7421,74970990,-318,-1229,1687,553,426,-1219
IMU1,7422,74981337,-465,-1210,1753,635,442,-1196
IMU1,7423,74991698,-508,-1186,1842,720,395,-1122
IMU1,7424,75002053,-548,-1145,1952,813,278,-1022
IMU1,7425,75013444,-457,-1105,1939,989,-7,-827
IMU1,7426,75023283,-388,-1075,1935,1056,-73,-767
IMU1,7427,75033532,-365,-1061,1928,1097,-64,-738
IMU1,7428,75043790,-393,-1073,1895,1105,9,-721
IMU1,7429,75053747,-399,-1078,1839,1069,136,-695
IMU1,7430,75064102,-457,-1079,1833,984,286,-668
IMU1,7431,75074249,-573,-1085,1896,869,415,-633
IMU1,7432,75084404,-661,-1091,2004,744,471,-588
IMU1,7433,75094556,-685,-1096,2064,626,415,-543
IMU1,7434,75104716,-742,-1121,2103,518,307,-508
IMU1,7435,75114878,-738,-1146,2101,416,252,-461
IMU1,7436,75125043,-691,-1120,2041,314,279,-418
IMU1,7437,75135195,-662,-1117,2013,194,384,-394
IMU1,7438,75145369,-629,-1098,1924,61,509,-399
IMU1,7439,75155329,-653,-1101,1885,-107,594,-430
IMU1,7440,75165584,-620,-1070,1896,-285,631,-489
IMU1,7441,75176879,-530,-1020,1901,-576,710,-682
IMU1,7442,75187141,-554,-1016,2047,-675,777,-787
IMU1,7443,75197413,-552,-1087,2308,-680,797,-871
IMU1,7444,75207692,-593,-1025,2358,-576,721,-940
IMU1,7445,75217939,-540,-1021,2189,-426,578,-985
IMU1,7446,75228177,-465,-1030,2075,-311,416,-998
IMU1,7447,75238421,-299,-1013,1998,-221,317,-985
IMU1,7448,75248659,-202,-991,1851,-160,292,-966
IMU1,7449,75258687,-126,-987,1736,-132,307,-937
IMU1,7450,75268739,-7,-971,1703,-142,297,-902
IMU1,7451,75278383,69,-995,1769,-161,266,-873
IMU1,7452,75288133,92,-1000,1819,-157,200,-838
IMU1,7453,75298073,163,-1010,1856,-128,93,-780
IMU1,7454,75308015,276,-1017,1813,-85,-18,-703
IMU1,7455,75317858,368,-1060,1778,-49,-113,-623
IMU1,7456,75327901,481,-1095,1714,-35,-200,-528
IMU1,7457,75337956,587,-1155,1663,-43,-255,-430
IMU1,7458,75348007,729,-1215,1659,-67,-285,-335
IMU1,7459,75358046,873,-1444,1638,-91,-301,-252
IMU1,7460,75370660,1229,-1523,1590,-161,-303,-146
IMU1,7461,75381095,1424,-1629,1638,-208,-346,-163
IMU1,7462,75391516,1555,-1718,1719,-233,-405,-222
IMU1,7463,75401970,1695,-1795,1789,-229,-504,-289
IMU1,7464,75412402,1834,-1863,1849,-196,-621,-372
IMU1,7465,75422847,1890,-1883,1860,-136,-703,-464
IMU1,7466,75433289,1911,-1935,1741,-71,-748,-538
IMU1,7467,75443538,1844,-1953,1644,-28,-783,-585
IMU1,7468,75453774,1830,-1906,1562,-7,-789,-586
IMU1,7469,75463833,1826,-1858,1475,5,-722,-554
IMU1,7470,75474833,1664,-1730,1485,33,-431,-391
IMU1,7471,75484983,1522,-1553,1498,71,-235,-251
IMU1,7472,75495138,1396,-1340,1432,144,-3,-100
IMU1,7473,75505088,1302,-1099,1324,215,263,67
IMU1,7474,75515044,1157,-870,1166,254,541,260
IMU1,7475,75525018,881,-653,942,248,838,460
IMU1,7476,75534574,479,-449,742,176,1133,692
IMU1,7477,75544326,250,-240,657,59,1365,951
IMU1,7478,75553874,-76,-22,606,-25,1533,1176
IMU1,7479,75563426,-401,279,583,-73,1716,1388
IMU1,7480,75573285,-677,537,611,-80,1985,1598
IMU1,7481,75583140,-1050,766,523,-60,2374,1774
IMU1,7482,75593205,-1653,1032,327,-66,2802,1927
IMU1,7483,75603446,-2350,1214,258,-128,3084,2098
IMU1,7484,75613897,-2535,1470,220,-201,3119,2256
IMU1,7485,75624363,-2676,1557,330,-236,3031,2302
IMU1,7486,75634826,-2889,1678,309,-197,2970,2288
IMU1,7487,75645282,-3137,1852,283,-98,2993,2302
IMU1,7488,75655556,-3565,1892,273,45,3156,2369
IMU1,7489,75665738,-3919,1579,413,201,3493,2509
IMU1,7490,75676637,-4255,1271,498,410,4138,2748
IMU1,7491,75687014,-4063,976,582,469,3995,2708
IMU1,7492,75697193,-3644,740,832,544,3479,2470
IMU1,7493,75707371,-3063,609,1243,731,2734,2043
IMU1,7494,75717742,-2584,527,1710,1107,1896,1494
IMU1,7495,75728314,-2397,373,1953,1661,1097,941
IMU1,7496,75738689,-2427,282,1880,2269,445,509
IMU1,7497,75748852,-2463,218,1579,2755,-82,256
IMU1,7498,75758917,-2332,169,1249,3016,-539,154
IMU1,7499,75769195,-2254,205,865,3036,-842,154
IMU1,7500,75779272,-2222,246,450,2811,-853,261
IMU1,7501,75789315,-2221,247,111,2375,-653,475
IMU1,7502,75799373,-2326,285,-67,1772,-416,755
IMU1,7503,75809325,-2411,329,-36,1086,-202,1065
IMU1,7504,75819460,-2371,283,289,418,-75,1350
IMU1,7505,75830885,-2276,145,434,-626,63,1642
IMU1,7506,75840742,-2259,85,546,-968,141,1632
IMU1,7507,75850583,-2300,29,580,-1203,246,1516
IMU1,7508,75860642,-2416,-49,617,-1359,404,1347
IMU1,7509,75870783,-2525,-102,667,-1450,595,1155
IMU1,7510,75881142,-2595,-154,756,-1484,785,947
IMU1,7511,75891301,-2632,-214,820,-1460,934,727
IMU1,7512,75901451,-2720,-238,849,-1398,982,507
IMU1,7513,75911606,-2772,-248,879,-1317,906,301
IMU1,7514,75921770,-2797,-235,936,-1220,700,127
IMU1,7515,75931934,-2820,-174,984,-1089,417,0
IMU1,7516,75941593,-2832,-124,1037,-930,150,-65
# swing_peak_seq=7490
IMU1,7517,75951656,-2803,-90,1060,-752,-31,-61
IMU1,7518,75961414,-2738,-32,1062,-582,-138,-11
IMU1,7519,75971367,-2692,19,1041,-442,-212,54
IMU1,7520,75981117,-2634,63,1026,-348,-295,112
IMU1,7521,75991065,-2579,132,991,-303,-387,151
IMU1,7522,76001019,-2520,221,940,-311,-479,164
IMU1,7523,76010976,-2460,288,908,-378,-576,140
IMU1,7524,76020934,-2392,324,918,-483,-693,93
IMU1,7525,76030695,-2351,397,964,-593,-812,30
IMU1,7526,76040458,-2347,466,1023,-686,-901,-44
IMU1,7527,76050492,-2370,520,1199,-753,-985,-91
IMU1,7528,76061585,-2181,594,1198,-808,-1189,-126
IMU1,7529,76072037,-2035,680,1227,-816,-1263,-141
IMU1,7530,76082473,-1969,748,1210,-820,-1286,-176
IMU1,7531,76092912,-1915,745,1270,-824,-1247,-224
IMU1,7532,76103368,-2086,671,1247,-830,-1183,-269
IMU1,7533,76113814,-2335,621,1181,-854,-1172,-245
IMU1,7534,76124273,-2329,588,1237,-902,-1217,-150
IMU1,7535,76134727,-2185,580,1342,-935,-1281,-53
IMU1,7536,76144967,-2042,532,1343,-936,-1297,5
IMU1,7537,76154911,-1996,518,1324,-925,-1215,30
IMU1,7538,76165072,-1974,468,1330,-926,-1053,39
IMU1,7539,76175226,-1960,377,1561,-916,-908,44
IMU1,7540,76186748,-1976,191,1718,-811,-871,17
IMU1,7541,76196683,-2004,78,1869,-687,-973,4
IMU1,7542,76206222,-2003,33,1888,-522,-1126,-10
IMU1,7543,76216253,-1852,22,1837,-366,-1283,-43
IMU1,7544,76226289,-1759,22,1783,-228,-1381,-114
IMU1,7545,76236527,-1752,6,1721,-128,-1405,-197
IMU1,7546,76246574,-1742,-64,1743,-64,-1384,-262
IMU1,7547,76256710,-1700,-165,1709,-14,-1337,-310
IMU1,7548,76267045,-1649,-214,1676,4,-1301,-351
IMU1,7549,76277086,-1607,-255,1722,1,-1287,-396
IMU1,7550,76287123,-1584,-284,1783,0,-1290,-439
IMU1,7551,76297082,-1469,-272,1802,10,-1302,-486
IMU1,7552,76307314,-1289,-300,1783,22,-1314,-552
IMU1,7553,76317558,-1155,-323,1767,27,-1316,-642
IMU1,7554,76327802,-1121,-336,1802,24,-1298,-726
IMU1,7555,76338039,-1075,-352,1826,36,-1244,-780
IMU1,7556,76348299,-1098,-357,1788,46,-1170,-810
IMU1,7557,76359592,-827,-366,1910,22,-1059,-831
IMU1,7558,76372205,-803,-442,1823,43,-1088,-878
IMU1,7559,76382244,-819,-490,1684,27,-1046,-911
IMU1,7560,76392287,-785,-555,1559,-34,-939,-929
IMU1,7561,76402242,-728,-584,1488,-131,-833,-948
IMU1,7562,76412380,-632,-583,1451,-245,-729,-979
IMU1,7563,76422528,-682,-576,1496,-357,-605,-1024
IMU1,7564,76432865,-716,-584,1611,-426,-521,-1075
IMU1,7565,76443200,-554,-573,1619,-440,-519,-1143
IMU1,7566,76453535,-497,-591,1610,-431,-557,-1254
IMU1,7567,76463885,-221,-623,1724,-413,-560,-1394
IMU1,7568,76474758,-225,-781,1806,-299,-275,-1648
IMU1,7569,76485106,-301,-768,1616,-218,-164,-1737
IMU1,7570,76495447,-405,-775,1625,-171,-151,-1810
IMU1,7571,76505780,-564,-810,1501,-140,-251,-1836
IMU1,7572,76516122,-513,-903,1535,-131,-378,-1818
IMU1,7573,76526473,-540,-886,1581,-121,-453,-1787
IMU1,7574,76536819,-598,-868,1650,-91,-529,-1738
IMU1,7575,76546969,-595,-836,1726,-45,-621,-1669
IMU1,7576,76557113,-492,-810,1726,6,-665,-1584
IMU1,7577,76566967,-478,-790,1766,62,-616,-1498
IMU1,7578,76577032,-444,-785,1789,125,-520,-1400
IMU1,7579,76587283,-437,-789,1758,199,-474,-1298
IMU1,7580,76597542,-461,-797,1687,266,-519,-1204
IMU1,7581,76607796,-436,-767,1663,320,-640,-1119
IMU1,7582,76618055,-151,-798,1667,374,-769,-1061
IMU1,7583,76628834,-75,-807,1581,466,-801,-1025
IMU1,7584,76638883,-77,-787,1530,453,-663,-1017
IMU1,7585,76648944,-165,-782,1509,405,-481,-1012
IMU1,7586,76659191,-208,-787,1583,319,-337,-984
IMU1,7587,76669269,-211,-791,1745,230,-270,-951
IMU1,7588,76679345,-236,-809,1889,165,-252,-912
IMU1,7589,76689392,-281,-837,1878,114,-253,-845
IMU1,7590,76699441,-293,-855,1860,47,-256,-743
IMU1,7591,76709291,-211,-848,1762,-53,-234,-623
IMU1,7592,76719239,-78,-872,1787,-183,-177,-516
IMU1,7593,76729194,-48,-903,1833,-322,-100,-442
IMU1,7594,76739145,-4,-924,1885,-442,-32,-398
IMU1,7595,76748707,42,-927,1872,-533,14,-377
IMU1,7596,76758289,38,-940,1887,-609,50,-376
IMU1,7597,76767870,103,-937,1893,-670,66,-389
IMU1,7598,76777651,141,-944,1982,-699,60,-424
IMU1,7599,76787418,122,-945,1994,-696,64,-461
IMU1,7600,76797190,156,-946,1995,-670,64,-481
IMU1,7601,76806973,212,-942,1992,-626,35,-498
IMU1,7602,76816707,244,-937,1853,-586,-17,-512
IMU1,7603,76826534,279,-932,1764,-576,-57,-516
IMU1,7604,76836367,329,-887,1717,-591,-80,-522
IMU1,7605,76846196,421,-852,1691,-612,-119,-539
IMU1,7606,76856223,499,-818,1656,-615,-149,-573
IMU1,7607,76866253,569,-788,1590,-602,-147,-617
IMU1,7608,76876296,586,-775,1514,-581,-124,-662
IMU1,7609,76886343,565,-778,1453,-568,-88,-678
IMU1,7610,76896182,580,-802,1387,-544,-31,-666
IMU1,7611,76906009,606,-819,1292,-532,31,-630
IMU1,7612,76917309,728,-922,1171,-550,93,-535
IMU1,7613,76927068,824,-1020,1173,-560,121,-482
IMU1,7614,76937209,940,-1194,1331,-526,149,-428
IMU1,7615,76947355,1021,-1268,1352,-441,155,-377
IMU1,7616,76957703,1135,-1393,1447,-322,149,-334
IMU1,7617,76968044,1282,-1462,1557,-168,154,-290
IMU1,7618,76978370,1431,-1524,1589,8,141,-266
IMU1,7619,76988235,1576,-1611,1556,190,115,-263
IMU1,7620,76998489,1728,-1628,1498,348,103,-271
IMU1,7621,77008727,1832,-1659,1423,456,141,-284
IMU1,7622,77018958,1892,-1702,1386,505,217,-290
IMU1,7623,77029203,1971,-1756,1426,520,292,-277
IMU1,7624,77039451,2049,-1762,1456,502,373,-241
IMU1,7625,77049696,2022,-1695,1499,467,464,-183
IMU1,7626,77059930,2071,-1610,1426,425,534,-68
IMU1,7627,77071012,1888,-1339,1194,314,707,138
IMU1,7628,77081181,1712,-1169,969,191,903,302
IMU1,7629,77091146,1477,-977,936,58,1108,486
IMU1,7630,77100909,1221,-783,944,-38,1265,687
IMU1,7631,77110770,958,-574,853,-76,1426,904
IMU1,7632,77120438,639,-312,690,-96,1659,1125
IMU1,7633,77130285,339,-88,570,-120,1905,1338
IMU1,7634,77140128,-5,175,432,-149,2129,1530
IMU1,7635,77149779,-415,513,179,-199,2384,1715
IMU1,7636,77159834,-909,783,-67,-325,2713,1913
IMU1,7637,77169802,-1573,974,-67,-505,3051,2146
IMU1,7638,77179958,-2274,1375,-381,-714,3292,2443
IMU1,7639,77190522,-3076,1421,-263,-917,3411,2811
IMU1,7640,77201079,-3901,1514,-347,-1068,3425,3255
IMU1,7641,77211833,-4407,1563,-415,-1186,3426,3730
IMU1,7642,77222597,-4463,1743,-48,-1306,3578,4127
IMU1,7643,77233147,-3797,1553,1044,-1330,3962,4317
IMU1,7644,77244544,-4266,1711,1237,-895,4701,4201
IMU1,7645,77255219,-4349,1176,1112,-650,4899,4026
IMU1,7646,77265884,-4785,893,1126,-473,4559,3854
IMU1,7647,77276360,-4343,864,1514,-279,3644,3755
IMU1,7648,77286838,-3376,712,2297,108,2435,3529
IMU1,7649,77297201,-2379,623,2630,783,1199,3029
IMU1,7650,77307588,-1940,462,2374,1609,56,2265
IMU1,7651,77317759,-1858,170,1823,2332,-996,1369
IMU1,7652,77328221,-2128,89,1258,2765,-1842,591
IMU1,7653,77338479,-2236,130,923,2894,-2334,71
IMU1,7654,77348538,-2110,121,307,2793,-2320,-215
IMU1,7655,77359932,-2292,94,-102,2094,-1206,-256
IMU1,7656,77372741,-2471,80,-378,1527,-580,-51
IMU1,7657,77382601,-2687,33,-410,893,-178,239
IMU1,7658,77392341,-2811,-37,-236,262,17,579
IMU1,7659,77401889,-2890,-105,94,-286,113,915
IMU1,7660,77411635,-2955,-180,443,-691,187,1209
IMU1,7661,77421791,-2940,-243,750,-943,284,1428
IMU1,7662,77431948,-2903,-282,1008,-1059,406,1543
IMU1,7663,77442503,-2779,-316,1127,-1068,530,1543
IMU1,7664,77453055,-2615,-421,1230,-1005,686,1402
IMU1,7665,77463593,-2699,-458,1247,-894,788,1124
IMU1,7666,77473954,-3043,-427,1363,-750,762,796
IMU1,7667,77484632,-3055,-385,1419,-372,401,223
IMU1,7668,77494791,-2916,-323,1369,-147,124,-8
IMU1,7669,77504635,-2774,-248,1272,66,-156,-234
IMU1,7670,77514684,-2679,-187,1201,219,-402,-429
IMU1,7671,77524926,-2635,-114,1151,327,-589,-583
# swing_peak_seq=7645
IMU1,7672,77535172,-2624,-37,1120,391,-705,-680
IMU1,7673,77545232,-2627,30,1078,418,-760,-714
IMU1,7674,77555192,-2555,76,1042,412,-769,-698
IMU1,7675,77565175,-2462,112,1044,376,-754,-652
IMU1,7676,77575341,-2369,155,1065,322,-735,-589
IMU1,7677,77585507,-2317,194,1087,264,-726,-529
IMU1,7678,77595669,-2300,234,1137,202,-733,-483
IMU1,7679,77605831,-2247,289,1179,143,-757,-453
IMU1,7680,77615990,-2172,328,1235,88,-791,-451
IMU1,7681,77625953,-2088,366,1276,38,-829,-474
IMU1,7682,77635890,-2036,390,1283,-17,-872,-514
IMU1,7683,77645921,-2042,403,1300,-76,-927,-573
IMU1,7684,77655953,-2083,433,1276,-146,-1000,-627
IMU1,7685,77666403,-2198,468,1331,-234,-1101,-685
IMU1,7686,77677357,-2209,484,1408,-411,-1403,-679
IMU1,7687,77687794,-2166,521,1463,-470,-1570,-667
IMU1,7688,77698240,-2055,569,1466,-512,-1722,-638
IMU1,7689,77708678,-2018,618,1410,-554,-1808,-620
IMU1,7690,77719134,-2036,631,1329,-617,-1828,-591
IMU1,7691,77729596,-2038,584,1278,-707,-1787,-548
IMU1,7692,77740052,-2043,524,1239,-817,-1727,-493
IMU1,7693,77750496,-2067,483,1259,-940,-1679,-428
IMU1,7694,77760938,-2059,430,1343,-1049,-1650,-350
IMU1,7695,77771570,-1888,373,1358,-1130,-1631,-289
IMU1,7696,77782735,-1895,195,1464,-1246,-1629,-287
IMU1,7697,77793376,-1774,158,1503,-1269,-1644,-308
IMU1,7698,77804018,-1514,116,1392,-1282,-1634,-382
IMU1,7699,77814654,-1394,55,1488,-1301,-1558,-497
IMU1,7700,77825102,-1272,-27,1526,-1300,-1405,-617
IMU1,7701,77835624,-1297,-82,1622,-1294,-1203,-732
IMU1,7702,77846132,-1327,-143,1702,-1265,-1009,-815
IMU1,7703,77856850,-1406,-207,1790,-1211,-891,-860
IMU1,7704,77867370,-1470,-283,1872,-1134,-872,-864
IMU1,7705,77877906,-1450,-371,1868,-1035,-944,-833
IMU1,7706,77888443,-1334,-410,1799,-830,-1240,-748
IMU1,7707,77898965,-1259,-427,1781,-749,-1408,-717
IMU1,7708,77909504,-1255,-465,1785,-664,-1521,-689
IMU1,7709,77920042,-1150,-488,1715,-594,-1573,-644
IMU1,7710,77930569,-965,-527,1611,-536,-1567,-614
IMU1,7711,77940902,-838,-538,1510,-510,-1529,-608
IMU1,7712,77951251,-862,-516,1483,-509,-1488,-600
IMU1,7713,77961601,-847,-539,1403,-512,-1466,-559
IMU1,7714,77971936,-857,-628,1446,-516,-1486,-484
IMU1,7715,77982279,-845,-673,1566,-479,-1527,-373
IMU1,7716,77992631,-837,-665,1639,-380,-1537,-245
IMU1,7717,78002966,-587,-738,1430,-248,-1532,-70
IMU1,7718,78013632,-336,-754,1375,-25,-1612,-93
IMU1,7719,78023562,-207,-784,1334,70,-1674,-201
IMU1,7720,78033607,-100,-775,1189,142,-1728,-360
IMU1,7721,78043837,-112,-795,1039,151,-1754,-522
IMU1,7722,78054092,116,-758,506,62,-1694,-649
IMU1,7723,78063838,-198,-1078,1511,-176,-1431,-766
IMU1,7724,78074393,-199,-941,1105,-253,-948,-770
IMU1,7725,78084550,-178,-869,1094,-331,-483,-723
IMU1,7726,78094667,-165,-1111,1289,-387,-271,-685
IMU1,7727,78104986,-57,-1020,1071,-393,-263,-672
IMU1,7728,78115119,-187,-1084,1503,-417,-339,-700
IMU1,7729,78125458,-148,-1254,1410,-351,-417,-714
IMU1,7730,78135796,-81,-1253,1294,-287,-522,-730
IMU1,7731,78145935,-96,-1279,1427,-245,-629,-760
IMU1,7732,78156077,36,-1222,1388,-184,-648,-802
IMU1,7733,78166110,112,-1222,1430,-116,-578,-862
IMU1,7734,78177396,171,-1215,1429,43,-359,-1016
IMU1,7735,78187537,166,-1207,1407,124,-267,-1073
IMU1,7736,78197870,187,-1192,1437,190,-151,-1118
IMU1,7737,78208227,201,-1163,1422,249,-14,-1157
IMU1,7738,78218361,176,-1127,1384,278,102,-1185
IMU1,7739,78228609,188,-1093,1409,283,183,-1203
IMU1,7740,78238855,213,-1057,1456,271,256,-1216
IMU1,7741,78249102,254,-1027,1459,250,319,-1232
IMU1,7742,78259352,257,-993,1460,215,366,-1254
IMU1,7743,78269400,239,-937,1496,167,412,-1277
IMU1,7744,78279465,232,-900,1519,114,455,-1293
IMU1,7745,78289524,216,-854,1550,58,495,-1303
IMU1,7746,78299379,222,-788,1597,8,550,-1313
IMU1,7747,78309051,252,-735,1648,-35,609,-1324
IMU1,7748,78319007,276,-708,1678,-59,671,-1345
IMU1,7749,78328964,270,-668,1672,-77,732,-1365
IMU1,7750,78338911,296,-664,1699,-101,803,-1377
IMU1,7751,78350082,268,-706,1793,-134,943,-1369
IMU1,7752,78360229,236,-744,1796,-150,954,-1329
IMU1,7753,78372843,225,-773,1792,-169,896,-1266
IMU1,7754,78382994,202,-797,1820,-188,803,-1183
IMU1,7755,78393154,188,-831,1878,-191,717,-1089
IMU1,7756,78403318,192,-831,1912,-173,639,-980
IMU1,7757,78413266,220,-835,1928,-135,563,-874
IMU1,7758,78423206,268,-842,1928,-73,499,-786
IMU1,7759,78432948,306,-866,1947,-1,450,-718
IMU1,7760,78442509,324,-894,1961,82,407,-667
IMU1,7761,78452142,342,-912,1956,158,348,-631
IMU1,7762,78462001,376,-935,1934,222,257,-607
IMU1,7763,78471857,408,-951,1892,263,147,-592
IMU1,7764,78481716,436,-985,1847,283,43,-574
IMU1,7765,78491361,466,-980,1761,271,-14,-549
IMU1,7766,78501099,488,-1026,1810,224,5,-509
IMU1,7767,78510749,506,-1016,1777,165,95,-458
IMU1,7768,78520596,526,-1033,1746,97,185,-405
IMU1,7769,78530444,550,-1070,1800,20,242,-353
IMU1,7770,78540299,534,-1074,1874,-37,257,-309
IMU1,7771,78550268,532,-1105,1923,-58,239,-265
IMU1,7772,78560230,579,-1134,1922,-55,192,-221
IMU1,7773,78571738,668,-1189,1917,-15,64,-149
IMU1,7774,78581495,749,-1206,1895,4,29,-122
IMU1,7775,78590961,814,-1212,1859,7,29,-117
IMU1,7776,78600428,855,-1233,1858,-9,52,-121
IMU1,7777,78609979,925,-1276,1867,-26,95,-125
IMU1,7778,78619732,1008,-1351,1855,-50,130,-127
IMU1,7779,78629887,1100,-1394,1810,-72,146,-136
IMU1,7780,78640051,1159,-1412,1711,-111,152,-141
IMU1,7781,78650408,1222,-1442,1587,-174,160,-145
IMU1,7782,78660724,1277,-1472,1451,-266,185,-144
IMU1,7783,78671054,1345,-1487,1377,-365,248,-130
IMU1,7784,78681380,1383,-1492,1357,-444,368,-106
IMU1,7785,78691715,1402,-1416,1335,-486,526,-74
IMU1,7786,78701854,1470,-1360,1288,-490,746,-44
IMU1,7787,78711985,1483,-1492,1363,-461,993,-21
IMU1,7788,78722136,1461,-1524,1407,-390,1210,50
IMU1,7789,78732375,1438,-1395,1406,-275,1355,93
IMU1,7790,78742621,1469,-1362,1454,-148,1405,168
IMU1,7791,78753052,1516,-1172,1434,-23,1314,215
IMU1,7792,78763819,1463,-1072,1338,163,858,197
IMU1,7793,78773964,1324,-956,1308,191,649,182
IMU1,7794,78783905,1134,-822,1254,213,598,212
IMU1,7795,78793876,986,-701,1196,219,751,321
IMU1,7796,78803639,800,-596,1102,223,1043,492
IMU1,7797,78813586,571,-443,1045,211,1362,710
IMU1,7798,78823535,273,-248,1019,192,1638,969
IMU1,7799,78833476,-36,-93,994,169,1842,1253
IMU1,7800,78843125,-330,23,934,128,1945,1532
IMU1,7801,78852879,-628,152,881,64,1966,1786
IMU1,7802,78862617,-944,368,751,-8,1956,2016
IMU1,7803,78872264,-1307,552,554,-99,1932,2228
IMU1,7804,78882315,-1704,766,301,-229,1885,2423
IMU1,7805,78892560,-1927,1046,222,-413,1893,2569
IMU1,7806,78902987,-2191,1268,237,-613,2137,2644
IMU1,7807,78913442,-2537,1346,270,-803,2652,2682
IMU1,7808,78923879,-2785,1424,255,-971,3197,2699
IMU1,7809,78934344,-3055,1500,269,-1100,3553,2698
IMU1,7810,78945011,-3426,1454,458,-1184,3753,2722
IMU1,7811,78956194,-4152,1182,550,-1216,3961,3009
IMU1,7812,78966866,-4282,912,790,-1191,3926,3241
IMU1,7813,78977335,-4168,645,999,-1091,3679,3413
IMU1,7814,78987780,-3679,486,1137,-891,3190,3450
IMU1,7815,78998248,-3100,398,1246,-589,2532,3241
IMU1,7816,79008716,-2700,356,1369,-166,1846,2806
IMU1,7817,79019157,-2472,326,1459,367,1240,2244
IMU1,7818,79029521,-2482,229,1411,938,747,1656
IMU1,7819,79039686,-2621,63,1358,1435,331,1152
IMU1,7820,79049856,-2723,-87,1296,1793,-87,786
IMU1,7821,79059799,-2672,-70,1130,1992,-525,550
IMU1,7822,79069951,-2557,-20,766,2025,-879,389
IMU1,7823,79080949,-2383,38,590,1661,-885,308
IMU1,7824,79090808,-2397,101,505,1324,-557,400
IMU1,7825,79100865,-2442,160,536,953,-197,533
IMU1,7826,79110722,-2495,141,594,569,28,684
IMU1,7827,79120276,-2505,109,688,213,104,796
IMU1,7828,79130028,-2538,73,761,-97,75,866
IMU1,7829,79139289,-2622,-19,808,-350,26,897
IMU1,7830,79148820,-2668,-86,850,-550,-8,917
IMU1,7831,79158264,-2718,-144,861,-701,-17,910
IMU1,7832,79168116,-2764,-187,861,-804,-22,887
IMU1,7833,79177941,-2790,-225,868,-879,-21,842
IMU1,7834,79187788,-2798,-239,905,-915,-18,778
IMU1,7835,79197649,-2787,-265,898,-916,-16,682
IMU1,7836,79207500,-2724,-254,876,-886,-33,555
IMU1,7837,79217346,-2697,-226,872,-847,-55,398
IMU1,7838,79227189,-2687,-220,885,-804,-61,222
# swing_peak_seq=7812
IMU1,7839,79237029,-2664,-225,903,-751,-69,61
IMU1,7840,79246683,-2646,-220,934,-694,-101,-82
IMU1,7841,79256615,-2633,-199,985,-625,-168,-199
IMU1,7842,79266757,-2607,-199,1055,-548,-283,-276
IMU1,7843,79277088,-2581,-173,1095,-456,-439,-322
IMU1,7844,79287419,-2531,-144,1141,-359,-620,-342
IMU1,7845,79297767,-2477,-103,1155,-259,-796,-338
IMU1,7846,79308110,-2427,-28,1128,-177,-930,-329
IMU1,7847,79318246,-2376,18,1133,-127,-1000,-321
IMU1,7848,79328486,-2359,54,1139,-111,-1010,-312
IMU1,7849,79338730,-2318,91,1168,-114,-983,-305
IMU1,7850,79348786,-2232,75,1259,-129,-974,-307
IMU1,7851,79359889,-2097,92,1341,-135,-1105,-368
IMU1,7852,79370152,-2096,114,1390,-122,-1229,-401
IMU1,7853,79383043,-2153,165,1467,-85,-1355,-412
IMU1,7854,79393265,-2221,216,1514,-44,-1483,-375
IMU1,7855,79403507,-2220,260,1563,6,-1598,-315
IMU1,7856,79413473,-2234,318,1624,57,-1693,-239
IMU1,7857,79423619,-2192,382,1636,113,-1756,-164
IMU1,7858,79433966,-2100,414,1619,147,-1803,-111
IMU1,7859,79444302,-2020,406,1671,163,-1881,-80
IMU1,7860,79454435,-1942,417,1697,188,-2012,-67
IMU1,7861,79464574,-1781,402,1668,219,-2161,-61
IMU1,7862,79475218,-1759,430,1596,250,-2284,-35
IMU1,7863,79485357,-1740,465,1527,216,-2231,6
IMU1,7864,79495217,-1706,524,1478,159,-2120,68
IMU1,7865,79505261,-1623,568,1446,72,-1967,128
IMU1,7866,79515299,-1572,588,1478,-38,-1810,171
IMU1,7867,79525446,-1501,599,1528,-150,-1685,187
IMU1,7868,79535784,-1427,586,1564,-255,-1592,163
IMU1,7869,79546141,-1362,532,1584,-356,-1542,105
IMU1,7870,79556488,-1337,485,1615,-449,-1513,26
IMU1,7871,79566621,-1321,460,1654,-532,-1506,-57
IMU1,7872,79576859,-1310,424,1659,-584,-1513,-123
IMU1,7873,79587301,-1267,365,1638,-607,-1508,-157
IMU1,7874,79597747,-1224,298,1621,-619,-1477,-156
IMU1,7875,79608201,-1228,228,1626,-623,-1406,-125
IMU1,7876,79618640,-1174,67,1530,-632,-1313,-1
IMU1,7877,79629526,-1047,14,1501,-716,-1195,40
IMU1,7878,79639471,-1028,-50,1572,-769,-1203,45
IMU1,7879,79649519,-882,-99,1625,-796,-1239,34
IMU1,7880,79659364,-698,-96,1593,-789,-1278,-5
IMU1,7881,79669120,-640,-129,1590,-767,-1273,-93
IMU1,7882,79679255,-612,-199,1608,-736,-1200,-191
IMU1,7883,79689593,-588,-271,1578,-701,-1103,-252
IMU1,7884,79699944,-538,-349,1496,-670,-1011,-283
IMU1,7885,79710279,-515,-398,1399,-674,-907,-280
IMU1,7886,79720427,-473,-473,1335,-719,-776,-243
IMU1,7887,79730565,-540,-533,1346,-787,-654,-188
IMU1,7888,79740703,-500,-552,1431,-846,-600,-127
IMU1,7889,79750857,-411,-552,1560,-861,-616,-106
IMU1,7890,79761001,-349,-539,1637,-819,-650,-140
IMU1,7891,79771131,-274,-598,1579,-738,-659,-205
IMU1,7892,79781281,-257,-691,1466,-674,-631,-280
IMU1,7893,79791423,-296,-758,1335,-656,-543,-344
IMU1,7894,79802609,-59,-760,1169,-760,-268,-465
IMU1,7895,79812555,-147,-827,1349,-872,-132,-572
IMU1,7896,79822699,88,-780,1133,-971,53,-681
IMU1,7897,79832257,-245,-838,1496,-1071,282,-811
IMU1,7898,79842505,-218,-876,1486,-1091,516,-870
IMU1,7899,79852760,-234,-920,1578,-1072,644,-891
IMU1,7900,79863023,-231,-920,1605,-1011,657,-918
IMU1,7901,79873284,-224,-886,1581,-929,586,-959
IMU1,7902,79883323,-158,-908,1551,-844,472,-1006
IMU1,7903,79893569,-125,-938,1501,-761,351,-1061
IMU1,7904,79903820,-127,-894,1561,-684,292,-1119
IMU1,7905,79914080,-86,-843,1628,-592,341,-1180
IMU1,7906,79924121,-62,-826,1660,-478,469,-1251
IMU1,7907,79934164,-73,-854,1667,-357,609,-1329
IMU1,7908,79944213,-159,-864,1705,-238,715,-1380
IMU1,7909,79954464,-201,-874,1802,-116,782,-1388
IMU1,7910,79964704,-210,-858,1879,18,819,-1362
IMU1,7911,79975694,-228,-898,1904,297,806,-1271
IMU1,7912,79985845,-223,-885,1921,412,692,-1233
IMU1,7913,79995994,-184,-903,1923,501,495,-1209
IMU1,7914,80006152,-207,-893,1963,559,250,-1206
IMU1,7915,80016281,-194,-900,1961,595,41,-1208
IMU1,7916,80026208,-128,-905,1882,596,-81,-1208
IMU1,7917,80036234,-69,-911,1815,557,-114,-1208
IMU1,7918,80046265,-35,-958,1764,494,-59,-1202
IMU1,7919,80056092,-27,-1005,1747,418,50,-1178
IMU1,7920,80066027,-21,-1075,1828,351,186,-1141
IMU1,7921,80076156,-5,-1146,1880,312,302,-1096
IMU1,7922,80086116,43,-1198,1863,302,349,-1051
IMU1,7923,80096158,140,-1239,1823,298,323,-1022
IMU1,7924,80106392,203,-1272,1782,287,264,-1028
IMU1,7925,80116635,278,-1388,1742,257,232,-1054
IMU1,7926,80126883,275,-1334,1727,221,272,-1085
IMU1,7927,80137122,319,-1366,1746,178,384,-1104
IMU1,7928,80147362,288,-1484,1817,147,497,-1115
IMU1,7929,80158119,297,-1450,1829,127,589,-1064
IMU1,7930,80168367,243,-1488,1879,134,586,-1003
IMU1,7931,80178602,251,-1500,1825,141,547,-898
IMU1,7932,80188654,157,-1466,1926,124,487,-776
IMU1,7933,80198696,162,-1330,1854,108,435,-629
IMU1,7934,80208740,193,-1298,1858,43,380,-477
IMU1,7935,80218575,200,-1320,2001,-37,333,-338
IMU1,7936,80228504,195,-1180,1935,-104,251,-212
IMU1,7937,80238641,215,-1221,2058,-162,104,-107
IMU1,7938,80248776,262,-1194,1876,-185,-81,-25
IMU1,7939,80258617,356,-1148,1822,-239,-230,27
IMU1,7940,80268557,520,-1174,1765,-323,-243,46
IMU1,7941,80278501,627,-1186,1721,-419,-153,21
IMU1,7942,80288455,667,-1223,1643,-529,-67,-41
IMU1,7943,80298268,734,-1326,1574,-640,-25,-115
IMU1,7944,80308292,959,-1403,1575,-743,22,-203
IMU1,7945,80318236,1054,-1557,1578,-815,115,-304
IMU1,7946,80328595,1050,-1666,1556,-857,244,-364
IMU1,7947,80338927,1192,-1670,1514,-866,343,-390
IMU1,7948,80349274,1409,-1799,1467,-835,403,-428
IMU1,7949,80360132,1476,-1797,1448,-676,452,-475
IMU1,7950,80370473,1540,-1832,1443,-557,446,-482
IMU1,7951,80383279,1581,-1889,1479,-414,461,-451
IMU1,7952,80393643,1562,-1873,1499,-252,520,-374
IMU1,7953,80403985,1584,-1833,1508,-61,582,-262
IMU1,7954,80414139,1621,-1763,1402,146,586,-131
IMU1,7955,80424378,1651,-1596,1261,333,518,16
IMU1,7956,80434334,1676,-1401,1063,480,465,166
IMU1,7957,80444484,1640,-1196,794,559,554,310
IMU1,7958,80454456,1567,-999,493,532,839,446
IMU1,7959,80464206,1357,-775,235,391,1263,588
IMU1,7960,80474166,1001,-215,237,178,1721,733
IMU1,7961,80485154,86,42,314,-166,2332,1135
IMU1,7962,80494709,-440,320,289,-222,2412,1488
IMU1,7963,80504749,-927,680,159,-227,2422,1934
IMU1,7964,80514799,-1714,974,234,-257,2446,2449
IMU1,7965,80525049,-2299,1193,130,-298,2585,3057
IMU1,7966,80535502,-2904,1432,-149,-418,2733,3697
IMU1,7967,80546057,-3215,1704,-51,-609,2654,4253
IMU1,7968,80556401,-3343,2006,201,-721,2415,4622
IMU1,7969,80566859,-3636,2395,260,-703,2301,4787
IMU1,7970,80577343,-3848,2628,411,-609,2465,4788
IMU1,7971,80587807,-3988,2412,774,-440,2918,4662
IMU1,7972,80598289,-4274,2131,1143,-187,3462,4442
IMU1,7973,80608964,-4545,1048,1881,104,3808,4202
IMU1,7974,80620050,-3993,792,2063,751,3025,3682
IMU1,7975,80630433,-3102,675,2166,1137,1826,3140
IMU1,7976,80641008,-2427,562,2108,1593,435,2338
IMU1,7977,80651360,-2242,369,1833,2063,-733,1473
IMU1,7978,80661805,-2279,266,1431,2415,-1357,775
IMU1,7979,80672258,-2364,201,1035,2576,-1358,349
IMU1,7980,80682697,-2391,193,699,2519,-920,183
IMU1,7981,80692761,-2308,239,604,2280,-395,176
IMU1,7982,80702808,-2287,309,733,1951,-46,211
IMU1,7983,80712655,-2352,346,919,1595,66,250
IMU1,7984,80722419,-2450,352,993,1245,6,301
IMU1,7985,80731977,-2516,317,953,898,-124,382
IMU1,7986,80741853,-2515,255,860,534,-248,493
IMU1,7987,80751712,-2478,218,804,163,-300,609
IMU1,7988,80761572,-2403,174,772,-193,-260,712
IMU1,7989,80771534,-2329,156,746,-511,-143,785
IMU1,7990,80781494,-2344,129,767,-786,51,815
IMU1,7991,80791152,-2416,75,825,-999,295,803
IMU1,7992,80800816,-2517,19,890,-1153,517,765
IMU1,7993,80812227,-2625,-81,1032,-1307,676,658
IMU1,7994,80822368,-2620,-73,1078,-1298,616,554
IMU1,7995,80832525,-2598,-58,1077,-1237,478,420
IMU1,7996,80842671,-2555,-61,1046,-1149,292,280
IMU1,7997,80852828,-2524,-67,1014,-1030,126,141
IMU1,7998,80862973,-2485,-56,999,-907,20,20
IMU1,7999,80872327,-2441,-25,984,-785,-32,-83
# swing_peak_seq=7973
IMU1,8000,80881865,-2399,9,980,-659,-50,-171
IMU1,8001,80891301,-2402,50,996,-547,-60,-244
IMU1,8002,80900935,-2408,85,1040,-444,-99,-293
IMU1,8003,80910748,-2383,126,1065,-354,-181,-327
IMU1,8004,80920969,-2366,154,1096,-270,-307,-350
IMU1,8005,80931201,-2331,142,1128,-199,-447,-356
IMU1,8006,80941423,-2316,134,1161,-146,-575,-347
IMU1,8007,80951657,-2320,160,1203,-102,-670,-322
IMU1,8008,80961880,-2314,174,1235,-79,-729,-279
IMU1,8009,80971905,-2285,193,1259,-68,-748,-232
IMU1,8010,80981941,-2292,222,1240,-80,-737,-194
IMU1,8011,80991968,-2367,230,1260,-122,-724,-158
IMU1,8012,81002216,-2417,232,1335,-180,-718,-114
IMU1,8013,81012446,-2432,238,1489,-254,-755,-70
IMU1,8014,81023526,-2417,264,1578,-373,-971,-86
IMU1,8015,81033567,-2414,299,1634,-420,-1137,-115
IMU1,8016,81044001,-2445,373,1666,-452,-1290,-163
IMU1,8017,81054415,-2418,440,1658,-477,-1414,-206
IMU1,8018,81064843,-2386,506,1627,-522,-1488,-251
IMU1,8019,81075274,-2365,604,1586,-586,-1494,-296
IMU1,8020,81085720,-2305,668,1508,-682,-1455,-342
IMU1,8021,81096161,-2256,730,1463,-810,-1410,-414
IMU1,8022,81106595,-2238,796,1452,-959,-1396,-511
IMU1,8023,81117043,-2187,844,1389,-1113,-1431,-621
IMU1,8024,81127688,-2154,854,1356,-1276,-1528,-746
IMU1,8025,81138325,-2157,856,1305,-1425,-1783,-981
IMU1,8026,81148964,-1968,815,1228,-1656,-1911,-1109
IMU1,8027,81159802,-1820,782,1175,-1733,-1999,-1286
IMU1,8028,81170639,-1636,686,1138,-1766,-1998,-1494
IMU1,8029,81181473,-1504,548,1081,-1771,-1937,-1706
IMU1,8030,81192313,-1304,411,1016,-1755,-1837,-1911
IMU1,8031,81203164,-1104,247,920,-1731,-1736,-2104
IMU1,8032,81213818,-880,86,907,-1718,-1676,-2278
IMU1,8033,81224056,-603,-136,821,-1701,-1687,-2424
IMU1,8034,81235092,-185,-35,804,-1611,-1848,-2610
IMU1,8035,81245418,97,54,752,-1534,-2053,-2653
IMU1,8036,81255373,241,-20,420,-1447,-2331,-2673
IMU1,8037,81265607,-264,-291,718,-1395,-2568,-2649
IMU1,8038,81276122,-804,-356,1609,-1234,-2702,-2502
IMU1,8039,81286856,-725,-109,1771,-883,-2823,-2291
IMU1,8040,81297370,-768,-16,1340,-504,-3011,-2112
IMU1,8041,81307701,-521,-71,756,-229,-3222,-1952
IMU1,8042,81317822,103,-421,649,-92,-3406,-1839
IMU1,8043,81327845,1132,-1369,1239,0,-3521,-1806
IMU1,8044,81338083,703,-1826,934,143,-3462,-1802
IMU1,8045,81348423,-990,-1103,449,206,-3350,-1594
IMU1,8046,81358861,-245,-483,1293,190,-3213,-1142
IMU1,8047,81369796,-41,-593,1629,463,-1796,-460
IMU1,8048,81379820,-755,-737,1876,750,-500,78
IMU1,8049,81392139,-833,-875,1802,1051,686,709
IMU1,8050,81402185,-491,-960,1629,1287,1601,1252
IMU1,8051,81412618,-45,-952,1573,1415,2361,1649
IMU1,8052,81422870,-319,-1135,2205,1467,3168,1913
IMU1,8053,81433541,-527,-1847,2523,1544,3519,2108
IMU1,8054,81444212,-1187,-1556,1183,1450,2376,2138
IMU1,8055,81455068,-1475,-490,1268,1106,316,2040
IMU1,8056,81466042,1973,-906,1248,517,-1876,1394
IMU1,8057,81476495,1003,-1060,1503,245,-1145,814
IMU1,8058,81486931,79,-854,1639,53,17,396
IMU1,8059,81496083,524,-752,1346,-105,804,27
IMU1,8060,81505722,381,-978,1272,-315,1010,-418
IMU1,8061,81515874,289,-1176,1428,-533,1056,-824
IMU1,8062,81526218,146,-1263,1604,-691,1232,-1150
IMU1,8063,81536762,-70,-1333,1726,-771,1441,-1381
IMU1,8064,81547190,-211,-1384,1763,-784,1577,-1517
IMU1,8065,81557847,-277,-1404,1730,-768,1543,-1588
IMU1,8066,81568495,-293,-1372,1826,-734,1320,-1627
IMU1,8067,81579123,-256,-1392,1985,-649,1064,-1639
IMU1,8068,81589764,-285,-1480,2068,-507,902,-1616
IMU1,8069,81600720,-179,-1452,1964,-142,869,-1464
IMU1,8070,81611134,-120,-1417,1921,10,956,-1382
IMU1,8071,81621278,61,-1401,1939,134,1086,-1306
IMU1,8072,81631515,178,-1380,1956,247,1223,-1266
IMU1,8073,81641970,174,-1330,1935,351,1302,-1246
IMU1,8074,81652407,88,-1300,1956,444,1330,-1216
IMU1,8075,81662650,12,-1292,1974,531,1310,-1143
IMU1,8076,81672904,-37,-1283,2032,602,1261,-1022
IMU1,8077,81683247,-100,-1291,2044,657,1203,-864
IMU1,8078,81693567,-121,-1336,2022,688,1138,-672
IMU1,8079,81703907,-116,-1388,1935,672,1088,-465
IMU1,8080,81714254,-153,-1396,1790,606,999,-264
IMU1,8081,81724408,-191,-1341,1620,485,833,-79
IMU1,8082,81735379,-218,-1477,1566,111,503,205
IMU1,8083,81745427,-234,-1507,1500,-107,415,305
IMU1,8084,81755578,-199,-1490,1408,-333,364,365
IMU1,8085,81765724,-113,-1432,1371,-552,372,353
IMU1,8086,81775875,-40,-1374,1493,-727,422,274
IMU1,8087,81785823,-13,-1329,1638,-836,490,137
IMU1,8088,81795755,-85,-1290,1771,-857,551,-30
IMU1,8089,81805596,-191,-1236,1887,-796,577,-195
IMU1,8090,81815847,-254,-1191,1966,-668,557,-343
IMU1,8091,81826099,-277,-1156,1992,-497,499,-469
IMU1,8092,81836341,-286,-1096,1943,-310,445,-568
IMU1,8093,81846592,-322,-1078,1844,-136,414,-630
IMU1,8094,81856832,-392,-1108,1742,8,375,-646
IMU1,8095,81866579,-449,-1111,1675,114,318,-610
IMU1,8096,81876738,-429,-1081,1622,193,273,-528
IMU1,8097,81886884,-363,-1034,1607,253,255,-439
IMU1,8098,81897023,-293,-973,1634,294,242,-356
IMU1,8099,81906971,-230,-946,1736,337,268,-296
IMU1,8100,81917979,-273,-956,1827,425,333,-231
IMU1,8101,81927958,-237,-988,1896,483,288,-198
IMU1,8102,81937866,-163,-1046,1895,540,193,-174
IMU1,8103,81947970,-97,-1117,1830,585,78,-149
IMU1,8104,81957698,27,-1157,1678,592,-26,-111
IMU1,8105,81967416,145,-1212,1590,557,-76,-77
IMU1,8106,81977146,251,-1316,1510,477,-57,-46
IMU1,8107,81986867,340,-1394,1492,367,13,-13
IMU1,8108,81996480,493,-1481,1531,250,88,15
IMU1,8109,82006007,659,-1597,1619,149,109,28
IMU1,8110,82015722,786,-1661,1665,74,59,9
IMU1,8111,82024859,841,-1702,1712,16,-52,-25
IMU1,8112,82034367,933,-1723,1727,-20,-172,-51
IMU1,8113,82044182,1047,-1768,1740,-44,-256,-68
IMU1,8114,82054185,1174,-1797,1750,-55,-268,-78
IMU1,8115,82064209,1341,-1798,1722,-65,-202,-93
IMU1,8116,82074213,1543,-1747,1678,-88,-99,-135
IMU1,8117,82084231,1730,-1732,1660,-128,-25,-204
IMU1,8118,82094428,1829,-1697,1656,-178,32,-300
IMU1,8119,82104536,1854,-1629,1681,-226,81,-390
IMU1,8120,82114646,1826,-1549,1693,-243,124,-449
IMU1,8121,82124954,1670,-1477,1738,-213,170,-445
IMU1,8122,82135259,1403,-1416,1858,-119,230,-338
IMU1,8123,82145577,1099,-1365,1888,62,286,-108
IMU1,8124,82155600,786,-1291,2040,307,330,238
IMU1,8125,82165531,480,-1145,1809,590,453,665
IMU1,8126,82175474,667,-935,1501,779,693,1092
IMU1,8127,82185433,564,-673,1277,842,997,1393
IMU1,8128,82195380,325,-425,633,808,1265,1594
IMU1,8129,82206881,-405,44,275,514,1531,1947
IMU1,8130,82216608,-891,321,-28,283,1590,2215
IMU1,8131,82226449,-1517,634,-99,58,1671,2576
IMU1,8132,82236297,-2073,1051,-161,-136,1817,3039
IMU1,8133,82246837,-2463,1534,-340,-298,2061,3556
IMU1,8134,82257375,-2942,2042,-542,-493,2416,4055
IMU1,8135,82267903,-3809,2384,-373,-689,2742,4516
IMU1,8136,82278455,-3925,2549,278,-748,2749,4907
IMU1,8137,82288894,-3782,3005,881,-521,2386,5063
IMU1,8138,82299343,-4025,3588,947,-30,2148,4928
IMU1,8139,82309595,-4387,3514,1003,544,2320,4678
IMU1,8140,82320163,-4465,2582,1135,1062,2672,4472
IMU1,8141,82330908,-3546,1666,1392,1779,2248,4059
IMU1,8142,82341636,-2860,1477,1823,2094,1607,3634
IMU1,8143,82352376,-2605,1084,2216,2544,883,3030
IMU1,8144,82362930,-2664,696,2309,3066,263,2447
IMU1,8145,82373278,-2810,391,2266,3491,-160,1986
IMU1,8146,82383719,-2512,185,1925,3661,-476,1599
IMU1,8147,82396728,-2040,284,1265,3469,-849,1137
IMU1,8148,82407174,-1862,483,79,2887,-1158,607
IMU1,8149,82418253,-1721,488,-63,945,-317,-134
IMU1,8150,82428078,-1835,447,184,-50,573,-289
IMU1,8151,82437814,-2102,393,545,-845,1239,-341
IMU1,8152,82447943,-2378,353,874,-1370,1548,-321
IMU1,8153,82458284,-2500,335,1138,-1633,1513,-237
IMU1,8154,82468813,-2548,369,1291,-1657,1284,-128
IMU1,8155,82479326,-2551,403,1324,-1515,952,-26
IMU1,8156,82489478,-2515,414,1265,-1261,603,58
IMU1,8157,82499534,-2444,392,1160,-964,355,121
IMU1,8158,82509566,-2370,356,1075,-675,254,158
IMU1,8159,82519612,-2270,371,967,-428,229,143
IMU1,8160,82529455,-2184,386,910,-239,209,61
IMU1,8161,82539094,-2144,408,841,-115,188,-73
IMU1,8162,82548822,-2104,445,763,-46,153,-230
# swing_peak_seq=8136
IMU1,8163,82558548,-2059,467,752,-23,129,-376
IMU1,8164,82568290,-2064,455,766,-22,180,-497
IMU1,8165,82578010,-2128,461,854,-14,278,-570
IMU1,8166,82587725,-2187,507,929,10,313,-588
IMU1,8167,82597358,-2114,502,975,54,285,-576
IMU1,8168,82606991,-2170,475,1039,107,210,-549
IMU1,8169,82617025,-2213,506,1101,169,88,-490
IMU1,8170,82626851,-2184,520,1105,237,-49,-413
IMU1,8171,82636778,-2103,551,1063,291,-187,-343
IMU1,8172,82646923,-2066,560,1006,298,-303,-292
IMU1,8173,82657054,-2055,569,937,266,-360,-262
IMU1,8174,82668027,-2071,552,942,70,-363,-216
IMU1,8175,82677761,-2096,562,972,-65,-373,-202
IMU1,8176,82687576,-2101,590,1013,-188,-416,-201
IMU1,8177,82697812,-2115,605,1023,-313,-498,-211
IMU1,8178,82708044,-2139,615,1038,-434,-608,-216
IMU1,8179,82718278,-2187,623,1065,-542,-709,-220
IMU1,8180,82728526,-2230,680,1081,-630,-799,-220
IMU1,8181,82738767,-2206,737,1068,-714,-897,-226
IMU1,8182,82749013,-2184,766,1070,-795,-1011,-259
IMU1,8183,82759446,-2203,827,1084,-880,-1116,-319
IMU1,8184,82769878,-2178,891,1078,-964,-1196,-400
IMU1,8185,82780309,-2139,937,1047,-1053,-1283,-507
IMU1,8186,82790929,-2120,985,1014,-1151,-1396,-629
IMU1,8187,82801558,-2145,1019,948,-1255,-1493,-746
IMU1,8188,82812717,-2178,1010,903,-1511,-1510,-873
IMU1,8189,82823370,-2230,1012,879,-1640,-1461,-900
IMU1,8190,82833995,-2244,978,852,-1772,-1422,-889
IMU1,8191,82844422,-2235,906,850,-1896,-1376,-860
IMU1,8192,82854856,-2121,850,847,-2005,-1314,-847
IMU1,8193,82865277,-1952,769,856,-2104,-1258,-884
IMU1,8194,82875718,-1794,611,857,-2182,-1223,-973
IMU1,8195,82886166,-1710,419,865,-2236,-1189,-1079
IMU1,8196,82896805,-1672,261,887,-2269,-1100,-1166
IMU1,8197,82907426,-1620,7,935,-2274,-938,-1215
IMU1,8198,82918504,-1648,-101,1009,-2199,-545,-1217
IMU1,8199,82929219,-1641,-241,1065,-2097,-378,-1182
IMU1,8200,82939937,-1665,-401,1087,-1966,-277,-1112
IMU1,8201,82950669,-1723,-529,1132,-1816,-240,-1018
IMU1,8202,82961378,-1703,-695,1183,-1644,-249,-904
IMU1,8203,82971890,-1575,-813,1214,-1450,-263,-810
IMU1,8204,82982412,-1360,-852,1129,-1252,-267,-782
IMU1,8205,82992926,-1205,-961,1124,-1084,-261,-848
IMU1,8206,83003439,-1244,-1157,1038,-938,-238,-972
IMU1,8207,83014496,-1106,-1214,1020,-714,-108,-1157
IMU1,8208,83025222,-1131,-1251,1051,-616,30,-1237
IMU1,8209,83035667,-1149,-1289,1107,-524,179,-1273
IMU1,8210,83046304,-1080,-1321,1148,-418,287,-1284
IMU1,8211,83056937,-1018,-1333,1156,-294,314,-1286
IMU1,8212,83067566,-970,-1338,1188,-167,292,-1283
IMU1,8213,83077985,-870,-1328,1200,-34,267,-1278
IMU1,8214,83088219,-804,-1328,1171,97,244,-1282
IMU1,8215,83098335,-758,-1330,1179,209,246,-1301
IMU1,8216,83108667,-680,-1308,1130,306,300,-1337
IMU1,8217,83119004,-769,-1295,1223,373,372,-1395
IMU1,8218,83129874,-727,-1261,1303,519,443,-1459
IMU1,8219,83140215,-680,-1225,1334,634,408,-1481
IMU1,8220,83150558,-641,-1170,1381,762,333,-1523
IMU1,8221,83160898,-524,-1161,1362,896,281,-1581
IMU1,8222,83171239,-403,-1182,1279,993,272,-1655
IMU1,8223,83181583,-480,-1233,1289,1037,323,-1747
IMU1,8224,83192123,-529,-1227,1303,1040,461,-1801
IMU1,8225,83202665,-505,-1236,1348,1026,623,-1810
IMU1,8226,83213187,-518,-1233,1467,1011,709,-1800
IMU1,8227,83223716,-495,-1215,1577,1021,704,-1787
IMU1,8228,83234254,-439,-1179,1684,1052,637,-1786
IMU1,8229,83245297,-470,-1155,1743,1112,480,-1817
IMU1,8230,83255829,-398,-1243,1748,1126,461,-1812
IMU1,8231,83266365,-465,-1138,1748,1098,477,-1785
IMU1,8232,83276900,-485,-1335,1765,1040,491,-1734
IMU1,8233,83287409,-600,-1426,1886,960,465,-1653
IMU1,8234,83297736,-643,-1390,2045,904,415,-1551
IMU1,8235,83308068,-631,-1416,2085,887,311,-1456
IMU1,8236,83318408,-645,-1490,2097,869,147,-1385
IMU1,8237,83328728,-670,-1564,2122,825,-20,-1326
IMU1,8238,83338944,-625,-1609,2124,755,-137,-1285
IMU1,8239,83349369,-588,-1653,2054,661,-202,-1271
IMU1,8240,83360844,-584,-1672,2017,355,-255,-1279
IMU1,8241,83371261,-543,-1680,2045,171,-274,-1292
IMU1,8242,83381676,-478,-1687,2048,-3,-294,-1328
IMU1,8243,83391797,-386,-1660,2003,-165,-308,-1399
IMU1,8244,83404883,-346,-1656,1990,-323,-310,-1501
IMU1,8245,83415389,-287,-1656,1993,-456,-295,-1617
IMU1,8246,83425903,-228,-1660,1957,-569,-275,-1730
IMU1,8247,83436427,-88,-1628,1807,-672,-273,-1821
IMU1,8248,83447266,20,-1591,1733,-848,-288,-1952
IMU1,8249,83457500,118,-1559,1667,-924,-275,-1992
IMU1,8250,83467927,227,-1545,1662,-967,-231,-2023
IMU1,8251,83478354,341,-1522,1671,-979,-203,-2027
IMU1,8252,83488785,484,-1475,1619,-940,-220,-2025
IMU1,8253,83499206,663,-1382,1509,-880,-296,-2027
IMU1,8254,83509632,853,-1269,1377,-826,-389,-2037
IMU1,8255,83520071,1044,-1155,1255,-783,-438,-2060
IMU1,8256,83530696,1198,-1092,1175,-744,-424,-2089
IMU1,8257,83541337,1326,-923,1082,-702,-358,-2077
IMU1,8258,83551778,1696,-599,1039,-647,-277,-2116
IMU1,8259,83562748,1753,-423,1016,-473,-4,-2206
IMU1,8260,83572775,1908,-241,979,-332,135,-2264
IMU1,8261,83582909,1945,-52,1017,-171,287,-2298
IMU1,8262,83593040,1990,162,1081,14,463,-2243
IMU1,8263,83602973,1991,360,1131,249,599,-2109
IMU1,8264,83613117,2028,557,1175,518,644,-1874
IMU1,8265,83623270,2020,770,1256,821,625,-1556
IMU1,8266,83633425,1992,954,1312,1180,550,-1140
IMU1,8267,83643791,1980,1151,1278,1583,427,-623
IMU1,8268,83654154,1990,1361,1177,1994,354,-38
IMU1,8269,83664311,1895,1515,1042,2350,367,605
IMU1,8270,83674572,1754,1608,851,2612,420,1331
IMU1,8271,83684817,1629,1699,733,2737,505,2135
IMU1,8272,83695060,1477,1781,629,2717,684,2998
IMU1,8273,83705329,1218,1854,613,2568,937,3875
IMU1,8274,83716637,292,1971,666,2016,1286,5651
IMU1,8275,83726892,-344,2045,852,1714,1348,6571
IMU1,8276,83737234,-896,2163,1010,1483,1392,7478
IMU1,8277,83747802,-1360,2347,971,1310,1314,8299
IMU1,8278,83758365,-1843,2616,739,1132,1180,8966
IMU1,8279,83768929,-2306,2952,433,879,1236,9466
IMU1,8280,83779300,-2926,3292,328,525,1548,9778
IMU1,8281,83789650,-3487,3573,339,132,2006,9894
IMU1,8282,83800007,-4496,3686,343,-229,2499,9814
IMU1,8283,83810458,-5392,3525,277,-585,3124,9694
IMU1,8284,83820927,-6352,2551,1304,-973,3961,9460
IMU1,8285,83832125,-5910,1842,1920,-1412,4569,8137
IMU1,8286,83842993,-5177,1248,2366,-1243,3825,6947
IMU1,8287,83853860,-4420,539,2679,-768,2400,5459
IMU1,8288,83864317,-3592,129,2884,-18,764,3918
IMU1,8289,83874380,-2870,45,2736,863,-546,2433
IMU1,8290,83884439,-2490,110,2197,1645,-1242,1126
IMU1,8291,83895095,-2270,324,1617,2124,-1203,143
IMU1,8292,83905518,-2245,712,1022,2241,-782,-499
IMU1,8293,83915854,-2360,934,628,2006,-311,-806
IMU1,8294,83926001,-2579,1027,509,1518,160,-765
IMU1,8295,83936233,-2703,974,838,911,568,-437
IMU1,8296,83947115,-2890,907,1085,-185,594,580
IMU1,8297,83957167,-2933,845,1207,-536,293,1099
IMU1,8298,83967413,-2916,776,1232,-725,16,1532
IMU1,8299,83977476,-2838,699,1205,-821,-166,1823
IMU1,8300,83987796,-2741,576,1137,-863,-268,1939
IMU1,8301,83998128,-2643,496,1123,-884,-236,1908
IMU1,8302,84008456,-2540,429,1170,-878,-94,1719
IMU1,8303,84018585,-2431,372,1170,-843,69,1413
IMU1,8304,84028617,-2339,353,1152,-800,201,1027
IMU1,8305,84038850,-2313,379,1158,-750,316,620
IMU1,8306,84048902,-2356,429,1186,-679,408,254
IMU1,8307,84058932,-2426,487,1219,-579,422,-28
IMU1,8308,84068851,-2365,506,1219,-463,334,-219
IMU1,8309,84078979,-2244,531,1184,-338,188,-343
IMU1,8310,84089104,-2153,567,1142,-231,87,-424
# swing_peak_seq=8284
IMU1,8311,84099038,-2162,573,1182,-153,68,-456
IMU1,8312,84108973,-2183,619,1174,-92,61,-442
IMU1,8313,84118703,-2122,652,1089,-46,7,-406
IMU1,8314,84129795,-1965,654,1088,-59,-109,-368
IMU1,8315,84139811,-1906,656,1139,-93,-153,-377
IMU1,8316,84149846,-1942,614,1240,-102,-231,-395
IMU1,8317,84160074,-1745,664,1335,-44,-317,-403
IMU1,8318,84170085,-1674,674,1296,37,-391,-450
IMU1,8319,84180013,-1749,609,1307,112,-414,-511
IMU1,8320,84190135,-1489,722,1141,174,-355,-553
IMU1,8321,84200262,-1721,634,1154,186,-193,-615
IMU1,8322,84210387,-1707,687,1168,175,-12,-597
IMU1,8323,84220316,-1717,719,1124,151,136,-592
IMU1,8324,84230354,-1765,703,1170,109,205,-569
IMU1,8325,84240381,-1727,733,1231,69,181,-527
IMU1,8326,84250199,-1635,774,1251,46,131,-497
IMU1,8327,84260023,-1545,782,1247,29,82,-488
IMU1,8328,84269640,-1492,806,1229,11,54,-490
IMU1,8329,84279262,-1453,822,1215,-9,71,-497
IMU1,8330,84288783,-1514,808,1225,-40,128,-496
IMU1,8331,84298699,-1628,798,1184,-85,187,-466
IMU1,8332,84308621,-1660,802,1168,-149,223,-413
IMU1,8333,84318737,-1675,823,1208,-217,229,-366
IMU1,8334,84328859,-1629,824,1262,-273,204,-345
IMU1,8335,84338974,-1576,840,1323,-301,152,-365
IMU1,8336,84349107,-1533,861,1346,-298,76,-426
IMU1,8337,84359048,-1476,842,1351,-278,-21,-511
IMU1,8338,84370630,-1490,773,1382,-196,-208,-724
IMU1,8339,84380860,-1637,732,1328,-147,-296,-767
IMU1,8340,84391067,-1752,672,1264,-100,-406,-765
IMU1,8341,84401285,-1765,637,1243,-85,-559,-712
IMU1,8342,84413865,-1757,644,1276,-66,-736,-659
IMU1,8343,84423893,-1678,672,1346,-24,-909,-624
IMU1,8344,84433916,-1556,668,1415,56,-1062,-630
IMU1,8345,84444061,-1421,656,1497,167,-1168,-684
IMU1,8346,84454385,-1256,655,1552,295,-1195,-780
IMU1,8347,84464746,-1254,543,1544,433,-1171,-918
IMU1,8348,84475087,-1268,482,1436,548,-1156,-1139
IMU1,8349,84485631,-1289,472,1446,631,-1162,-1206
IMU1,8350,84496140,-1288,483,1442,620,-1102,-1271
IMU1,8351,84506653,-1347,445,1440,602,-1025,-1311
IMU1,8352,84517166,-1331,357,1532,575,-980,-1315
IMU1,8353,84527494,-1347,228,1645,565,-940,-1309
IMU1,8354,84537818,-1438,169,1672,586,-931,-1293
IMU1,8355,84548142,-1519,115,1631,615,-991,-1240
IMU1,8356,84558468,-1431,53,1506,625,-1151,-1172
IMU1,8357,84568804,-1541,206,1596,630,-1344,-1117
IMU1,8358,84579338,-1509,125,1644,669,-1480,-1052
IMU1,8359,84589857,-1434,126,1610,729,-1534,-963
IMU1,8360,84601215,-1316,66,1957,895,-1412,-804
IMU1,8361,84611338,-1258,-58,2045,1021,-1289,-706
IMU1,8362,84621750,-1105,25,1841,1137,-1190,-620
IMU1,8363,84632089,-912,134,1591,1173,-1221,-560
IMU1,8364,84642425,-715,161,1450,1092,-1329,-555
IMU1,8365,84652743,-422,226,1607,987,-1388,-601
IMU1,8366,84662867,-552,213,1847,940,-1409,-727
IMU1,8367,84673000,-340,282,1676,927,-1338,-853
IMU1,8368,84683119,-678,366,1615,876,-1144,-972
IMU1,8369,84693254,-648,361,1725,804,-793,-1010
IMU1,8370,84703378,-586,395,1732,753,-446,-995
IMU1,8371,84713326,-561,388,1782,696,-122,-1000
IMU1,8372,84723449,-530,344,1976,623,176,-1028
IMU1,8373,84733481,-753,210,2293,564,277,-1027
IMU1,8374,84743525,-992,78,2326,551,136,-960
IMU1,8375,84753170,-1047,88,2138,518,-130,-817
IMU1,8376,84763101,-1004,81,1573,414,-363,-607
IMU1,8377,84774596,-544,89,1435,-51,-513,-209
IMU1,8378,84784224,-463,57,1478,-351,-358,-159
IMU1,8379,84794059,-504,69,1458,-641,-183,-187
IMU1,8380,84803872,-725,-29,1599,-906,-11,-209
IMU1,8381,84813580,-841,-124,1785,-1117,78,-236
IMU1,8382,84823598,-810,-154,1854,-1253,18,-269
IMU1,8383,84833624,-670,-154,1925,-1329,-94,-346
IMU1,8384,84843725,-676,-168,2027,-1358,-145,-421
IMU1,8385,84854031,-768,-197,2170,-1336,-158,-457
IMU1,8386,84864354,-738,-239,2176,-1258,-204,-418
IMU1,8387,84874668,-710,-224,2091,-1155,-251,-318
IMU1,8388,84884987,-577,-213,2106,-1057,-252,-180
IMU1,8389,84895293,-560,-196,2098,-956,-216,-36
IMU1,8390,84905211,-543,-209,2105,-845,-223,98
IMU1,8391,84915031,-569,-225,2112,-731,-266,215
IMU1,8392,84925070,-600,-218,2032,-619,-308,315
IMU1,8393,84935115,-701,-179,2019,-527,-296,390
IMU1,8394,84945150,-734,-147,2066,-445,-206,443
IMU1,8395,84955178,-771,-96,2115,-356,-96,460
IMU1,8396,84964822,-715,-28,2092,-264,-5,448
IMU1,8397,84974244,-701,40,2083,-197,58,406
IMU1,8398,84983673,-660,77,2009,-158,48,357
IMU1,8399,84993119,-644,125,2094,-141,-30,299
IMU1,8400,85002833,-574,168,2562,-105,-177,243
IMU1,8401,85012737,-784,176,2417,39,-452,180
IMU1,8402,85022364,-847,109,2106,178,-686,150
IMU1,8403,85032196,-962,89,1657,229,-737,176
IMU1,8404,85041823,-1087,92,1298,160,-612,243
IMU1,8405,85051645,-1128,55,1172,-20,-403,348
IMU1,8406,85062928,-970,8,1337,-481,-23,502
IMU1,8407,85072251,-832,19,1523,-673,125,518
IMU1,8408,85081882,-734,17,1689,-806,234,468
IMU1,8409,85091505,-693,-13,1818,-897,299,367
IMU1,8410,85101243,-688,-40,1863,-948,328,238
IMU1,8411,85110975,-692,-100,1895,-1011,320,97
IMU1,8412,85120913,-1057,-208,2101,-1050,302,-33
IMU1,8413,85131126,-824,-157,2277,-1023,202,-89
IMU1,8414,85141150,-913,-169,2094,-938,82,-160
IMU1,8415,85150971,-893,-197,1955,-881,46,-200
IMU1,8416,85160794,-927,-185,1910,-858,60,-203
IMU1,8417,85170629,-894,-160,1831,-833,54,-183
IMU1,8418,85180458,-926,-186,1786,-814,52,-153
IMU1,8419,85190291,-914,-242,1764,-815,67,-108
IMU1,8420,85200126,-872,-278,1807,-818,66,-70
IMU1,8421,85209725,-843,-328,1829,-808,58,-53
IMU1,8422,85219319,-827,-389,1851,-799,45,-46
IMU1,8423,85228932,-822,-442,1863,-785,14,-51
IMU1,8424,85238541,-872,-503,1901,-769,-22,-64
IMU1,8425,85248256,-917,-553,1951,-746,-79,-65
IMU1,8426,85257963,-925,-584,1967,-708,-164,-50
IMU1,8427,85267873,-918,-572,1943,-661,-240,-25
IMU1,8428,85277784,-882,-562,1898,-611,-288,3
IMU1,8429,85287410,-840,-551,1862,-565,-297,32
IMU1,8430,85297227,-786,-550,1830,-525,-284,55
IMU1,8431,85307058,-799,-574,1816,-489,-271,65
IMU1,8432,85316883,-832,-633,1879,-446,-276,81
IMU1,8433,85326707,-725,-580,1802,-398,-311,94
IMU1,8434,85336538,-751,-688,1853,-351,-310,87
IMU1,8435,85346369,-717,-666,1782,-306,-319,82
IMU1,8436,85356201,-776,-698,1821,-272,-318,56
IMU1,8437,85366036,-748,-685,1817,-229,-311,34
IMU1,8438,85375861,-815,-651,1811,-187,-281,4
IMU1,8439,85385492,-832,-638,1783,-151,-236,-25
IMU1,8440,85395418,-888,-629,1820,-126,-203,-46
IMU1,8441,85405332,-873,-589,1816,-92,-179,-50
IMU1,8442,85417606,-788,-573,1851,-54,-172,-47
IMU1,8443,85428356,-770,-561,1845,19,-198,-56
IMU1,8444,85437980,-767,-563,1804,44,-206,-60
IMU1,8445,85447611,-770,-568,1731,57,-189,-71
IMU1,8446,85457237,-771,-572,1670,40,-157,-83
IMU1,8447,85466862,-766,-585,1678,-3,-129,-90
IMU1,8448,85476383,-785,-592,1757,-35,-97,-100
IMU1,8449,85486114,-786,-593,1818,-42,-76,-101
IMU1,8450,85495837,-710,-594,1826,-29,-69,-85
IMU1,8451,85505376,-612,-585,1838,0,-53,-84
IMU1,8452,85515022,-535,-580,1895,41,-34,-90
IMU1,8453,85524457,-507,-618,1972,97,-27,-115
IMU1,8454,85534092,-483,-637,2001,163,-59,-140
IMU1,8455,85543907,-472,-628,1982,229,-101,-169
IMU1,8456,85553935,-477,-607,1971,286,-149,-199
IMU1,8457,85563964,-495,-583,2003,335,-200,-228
IMU1,8458,85573990,-523,-532,2037,385,-210,-245
IMU1,8459,85584023,-521,-460,2034,432,-189,-244
IMU1,8460,85594039,-510,-384,2006,466,-158,-246
IMU1,8461,85604069,-511,-322,1984,481,-149,-251
IMU1,8462,85614087,-514,-280,2005,473,-175,-253
IMU1,8463,85624095,-560,-253,2025,457,-202,-255
IMU1,8464,85634109,-624,-239,1997,430,-206,-245
IMU1,8465,85644129,-642,-227,1934,382,-198,-217
IMU1,8466,85654147,-649,-195,1894,307,-212,-181
IMU1,8467,85664171,-663,-173,1867,213,-234,-139
IMU1,8468,85674181,-660,-186,1856,110,-252,-95
IMU1,8469,85684004,-669,-204,1868,12,-250,-48
IMU1,8470,85693613,-630,-221,1853,-76,-230,2
IMU1,8471,85703047,-626,-248,1888,-149,-193,41
IMU1,8472,85712872,-655,-305,1940,-218,-164,68
IMU1,8473,85722691,-669,-363,1965,-268,-168,88
IMU1,8474,85732511,-699,-402,2001,-297,-174,102
IMU1,8475,85742531,-720,-420,1982,-313,-168,125
IMU1,8476,85752562,-734,-443,1910,-327,-171,154
IMU1,8477,85762599,-731,-470,1842,-352,-177,186
IMU1,8478,85772613,-720,-506,1809,-389,-163,220
IMU1,8479,85782635,-743,-584,1796,-427,-109,253
IMU1,8480,85793703,-791,-637,1804,-499,-31,332
IMU1,8481,85803530,-800,-677,1803,-522,-16,378
IMU1,8482,85813348,-791,-702,1784,-536,-23,421
IMU1,8483,85823175,-763,-735,1756,-540,-39,452
IMU1,8484,85833017,-759,-740,1733,-540,-40,474
IMU1,8485,85842850,-738,-760,1691,-537,-27,488
IMU1,8486,85852673,-708,-748,1683,-529,-2,493
IMU1,8487,85862292,-686,-757,1650,-519,30,486
IMU1,8488,85872026,-638,-792,1663,-499,65,468
IMU1,8489,85881756,-630,-817,1719,-466,107,442
IMU1,8490,85891687,-611,-836,1792,-417,134,416
IMU1,8491,85901615,-626,-839,1848,-340,136,381
IMU1,8492,85911546,-655,-845,1899,-249,113,352
IMU1,8493,85921484,-670,-850,1936,-145,82,325
IMU1,8494,85931203,-677,-826,1960,-41,43,299
IMU1,8495,85940728,-667,-793,1955,58,6,268
IMU1,8496,85949968,-656,-749,1933,138,-18,229
IMU1,8497,85959700,-642,-686,1913,194,-17,177
IMU1,8498,85969428,-646,-639,1889,217,0,117
IMU1,8499,85978773,-670,-592,1876,212,15,57
IMU1,8500,85988221,-717,-547,1858,187,17,3
IMU1,8501,85997468,-791,-513,1909,150,-3,-27
IMU1,8502,86006917,-834,-442,1952,110,-15,-40
IMU1,8503,86016550,-817,-393,2010,79,-35,-49
IMU1,8504,86025954,-769,-354,2056,56,-86,-74
IMU1,8505,86035374,-752,-315,2042,32,-153,-112
IMU1,8506,86045198,-744,-298,2013,0,-211,-150
IMU1,8507,86054722,-733,-296,1930,-46,-251,-184
IMU1,8508,86064629,-748,-326,1814,-113,-254,-205
IMU1,8509,86074744,-796,-341,1728,-217,-213,-198
IMU1,8510,86084867,-811,-403,1691,-338,-148,-171
IMU1,8511,86094964,-867,-446,1762,-458,-76,-135
IMU1,8512,86104881,-892,-502,1895,-553,17,-93
IMU1,8513,86114509,-809,-539,2043,-617,91,-56
IMU1,8514,86124141,-774,-575,2169,-647,93,-52
IMU1,8515,86133772,-790,-618,2296,-648,20,-75
IMU1,8516,86143406,-793,-630,2457,-617,-124,-105
IMU1,8517,86153548,-907,-671,2360,-567,-336,-139
IMU1,8518,86163684,-985,-750,2213,-552,-503,-145
IMU1,8519,86173817,-977,-802,1981,-600,-551,-135
IMU1,8520,86183947,-955,-744,1930,-720,-564,-136
IMU1,8521,86194076,-834,-643,2137,-852,-547,-158
IMU1,8522,86204204,-701,-535,2450,-929,-528,-216
IMU1,8523,86214333,-563,-416,2726,-918,-589,-291
IMU1,8524,86224471,-447,-352,2972,-838,-742,-369
IMU1,8525,86234591,-354,-287,3160,-714,-953,-430
IMU1,8526,86245774,-110,-274,3075,-478,-1503,-528
IMU1,8527,86256107,-120,-336,2821,-427,-1710,-577
IMU1,8528,86266426,-106,-262,2700,-448,-1841,-588
IMU1,8529,86276745,-400,-409,2554,-507,-1971,-554
IMU1,8530,86287076,-644,-725,2000,-606,-2025,-443
IMU1,8531,86297398,-843,-976,1802,-809,-1924,-226
IMU1,8532,86307725,-841,-1032,1842,-1063,-1746,101
IMU1,8533,86318356,-562,-700,1916,-1288,-1741,460
IMU1,8534,86328804,-458,-676,1960,-1465,-1962,819
IMU1,8535,86339227,-199,-523,1900,-1595,-2082,1188
IMU1,8536,86349866,-28,-518,1695,-1697,-2121,1541
IMU1,8537,86361335,416,-469,1392,-1862,-2287,2074
IMU1,8538,86371887,446,-530,1092,-1963,-2211,2301
IMU1,8539,86382439,82,-355,918,-2101,-2091,2505
IMU1,8540,86392589,-401,-458,876,-2266,-2021,2742
IMU1,8541,86403031,-922,-671,1037,-2414,-1982,3035
IMU1,8542,86413674,-1052,-881,1500,-2479,-2063,3396
IMU1,8543,86427266,-353,-1109,1533,-2389,-2356,3765
IMU1,8544,86438106,46,-1212,1420,-1932,-3179,4370
IMU1,8545,86448654,-93,-980,1060,-1653,-3505,4582
IMU1,8546,86459079,-361,-1000,859,-1418,-3665,4783
IMU1,8547,86469721,-580,-998,789,-1213,-3525,5006
IMU1,8548,86480168,-797,-1105,655,-1015,-3305,5239
IMU1,8549,86490795,-993,-1219,593,-829,-3049,5465
IMU1,8550,86501241,-1006,-1287,478,-669,-2777,5687
IMU1,8551,86511874,-1080,-1433,384,-548,-2637,5879
IMU1,8552,86522521,-1176,-1708,455,-440,-2766,6036
IMU1,8553,86533162,-1336,-1945,530,-310,-3074,6272
IMU1,8554,86543799,-1252,-1815,584,42,-3920,6339
IMU1,8555,86554152,-1084,-1674,646,285,-4374,6341
IMU1,8556,86564694,-919,-1542,758,569,-4833,6262
IMU1,8557,86575045,-1420,-1508,1154,890,-5057,6148
IMU1,8558,86585801,-720,-1410,935,1170,-4722,6042
IMU1,8559,86596351,-717,-1278,2081,1404,-4129,5837
IMU1,8560,86607098,-288,-1124,1755,1641,-2832,5591
IMU1,8561,86617838,-354,-1048,1834,1741,-1762,5245
IMU1,8562,86628567,-563,-913,2184,1787,-1007,4879
IMU1,8563,86639109,-158,-436,2229,1821,-319,4121
IMU1,8564,86649460,931,349,2021,1640,-633,3148
IMU1,8565,86659618,118,-744,2636,1154,-1922,722
IMU1,8566,86669852,-1875,-1422,2072,940,-1768,-990
IMU1,8567,86680491,-2730,-838,1575,833,-1149,-1063
IMU1,8568,86691121,-2373,47,1618,627,-1474,-493
IMU1,8569,86701261,-1348,602,1692,447,-2009,-30
IMU1,8570,86711393,-960,685,1589,322,-2310,233
IMU1,8571,86721448,-294,189,1567,184,-2406,484
IMU1,8572,86731473,91,204,1487,47,-2343,653
IMU1,8573,86741024,-151,328,1704,-60,-2248,789
IMU1,8574,86750959,-377,313,1772,-84,-1991,1013
IMU1,8575,86761107,-612,234,1880,-35,-1714,1350
IMU1,8576,86771250,-697,87,2119,106,-1443,1761
IMU1,8577,86781280,-604,-224,2310,352,-1113,2163
IMU1,8578,86791637,-176,-482,2351,677,-754,2484
IMU1,8579,86801788,223,-553,2170,1020,-527,2643
IMU1,8580,86813069,559,-603,2045,1617,-424,2572
IMU1,8581,86823309,480,-600,1931,1819,-343,2456
IMU1,8582,86833556,268,-569,1895,1952,-191,2362
IMU1,8583,86843820,81,-556,1867,2041,41,2317
IMU1,8584,86853568,52,-515,1712,2078,335,2325
IMU1,8585,86863517,64,-392,1584,2042,661,2336
IMU1,8586,86873471,-30,-253,1660,1937,970,2316
IMU1,8587,86883521,-207,-131,1782,1826,1214,2276
IMU1,8588,86893952,-428,-160,2005,1735,1340,2236
IMU1,8589,86904392,-1458,-398,3038,1638,650,2096
IMU1,8590,86914837,-1254,-179,2387,1302,-2242,1480
IMU1,8591,86925575,-1474,-95,2038,768,-3476,771
IMU1,8592,86935726,-985,112,2277,284,-3227,388
IMU1,8593,86945772,-459,61,2505,-37,-2691,174
IMU1,8594,86955507,-290,330,2609,-224,-2116,79
IMU1,8595,86965457,-178,592,2563,-311,-1508,90
IMU1,8596,86976438,-43,687,2454,-282,-565,167
IMU1,8597,86986166,180,527,2496,-211,-351,208
IMU1,8598,86996011,443,361,2539,-101,-214,232
IMU1,8599,87005857,446,318,2557,40,-109,219
IMU1,8600,87015414,361,307,2410,197,-49,201
IMU1,8601,87024962,302,262,2224,317,-29,199
IMU1,8602,87034515,228,196,2091,386,-26,197
IMU1,8603,87044073,161,143,2028,409,-1,184
IMU1,8604,87053385,120,117,1946,383,49,169
IMU1,8605,87063330,59,120,1861,323,125,147
IMU1,8606,87072764,34,118,1792,238,192,141
IMU1,8607,87082201,15,189,1793,138,222,145
IMU1,8608,87092152,90,162,1803,59,205,151
IMU1,8609,87101385,190,52,1826,3,110,130
IMU1,8610,87111479,170,-5,1746,-15,-41,66
IMU1,8611,87120936,86,41,1618,-29,-232,3
IMU1,8612,87130287,631,-315,1686,-39,-454,-60
IMU1,8613,87139921,322,-74,1909,-51,-663,-216
IMU1,8614,87149556,-92,385,1989,-41,-799,-335
IMU1,8615,87159196,-183,596,1956,-48,-853,-330
IMU1,8616,87169038,-171,604,1962,-107,-785,-262
IMU1,8617,87179056,-196,543,1994,-212,-583,-134
IMU1,8618,87189090,-269,452,2018,-347,-300,38
IMU1,8619,87198826,-304,378,2090,-471,-43,225
IMU1,8620,87208561,-222,285,2165,-553,97,405
IMU1,8621,87218191,-183,518,2387,-576,110,547
IMU1,8622,87228042,-45,-18,1752,-530,17,629
IMU1,8623,87237378,148,-87,1885,-515,-278,668
IMU1,8624,87247114,366,459,2616,-451,-514,663
IMU1,8625,87256950,492,-168,1832,-292,-540,595
IMU1,8626,87266888,694,21,2218,-201,-605,485
IMU1,8627,87276517,586,338,2309,-129,-558,363
IMU1,8628,87286365,481,310,1962,-123,-347,249
IMU1,8629,87296196,292,364,1584,-204,-291,175
IMU1,8630,87306016,600,950,1965,-363,-464,143
IMU1,8631,87315864,669,402,2015,-504,-525,75
IMU1,8632,87325504,497,-50,1807,-615,-424,12
IMU1,8633,87335045,515,-141,1768,-699,-250,-26
IMU1,8634,87344869,564,-136,1863,-745,-120,-81
IMU1,8635,87354698,426,-96,2013,-748,-98,-153
IMU1,8636,87364336,222,-107,2172,-713,-144,-200
IMU1,8637,87374361,148,-115,2290,-657,-182,-195
IMU1,8638,87384387,156,-111,2369,-582,-184,-170
IMU1,8639,87394419,228,-119,2380,-495,-185,-141
IMU1,8640,87404450,299,-127,2369,-394,-168,-122
IMU1,8641,87414476,358,-140,2335,-291,-133,-116
IMU1,8642,87424502,398,-147,2291,-192,-92,-116
IMU1,8643,87436781,416,-110,2220,-100,-50,-125
IMU1,8644,87447658,413,-90,2174,26,-32,-133
IMU1,8645,87457519,412,-78,2115,59,-26,-145
IMU1,8646,87466851,397,-70,2043,60,-28,-149
IMU1,8647,87476708,371,-75,1975,47,-22,-160
IMU1,8648,87486039,342,-87,1928,24,-16,-167
IMU1,8649,87495886,316,-101,1889,-21,-29,-153
IMU1,8650,87505511,311,-110,1891,-57,-42,-143
IMU1,8651,87515151,319,-116,1935,-89,-54,-142
IMU1,8652,87524791,320,-126,1986,-107,-60,-135
IMU1,8653,87534620,331,-129,2033,-118,-61,-125
IMU1,8654,87544445,341,-137,2076,-113,-55,-117
IMU1,8655,87554274,361,-140,2098,-100,-49,-110
IMU1,8656,87564089,355,-134,2100,-82,-43,-107
IMU1,8657,87573710,362,-142,2079,-64,-46,-100
IMU1,8658,87583339,363,-137,2056,-49,-35,-97
IMU1,8659,87592772,340,-132,2044,-43,-27,-91
IMU1,8660,87602206,315,-130,2032,-37,-24,-87
IMU1,8661,87611642,302,-124,2029,-40,-24,-77
IMU1,8662,87621073,296,-116,2031,-45,-29,-64
IMU1,8663,87630507,300,-115,2044,-52,-28,-54
IMU1,8664,87639941,305,-108,2054,-53,-24,-49
IMU1,8665,87649902,313,-107,2057,-55,-25,-39
IMU1,8666,87659344,320,-105,2055,-53,-22,-33
IMU1,8667,87668768,322,-104,2047,-53,-17,-34
IMU1,8668,87678710,326,-109,2053,-51,-16,-33
IMU1,8669,87688147,328,-110,2055,-46,-18,-24
IMU1,8670,87698078,331,-108,2055,-49,-22,-15
IMU1,8671,87707494,337,-117,2052,-42,-22,-27
IMU1,8672,87716918,330,-115,2051,-36,-22,-37
IMU1,8673,87726866,328,-111,2047,-35,-24,-36
IMU1,8674,87736292,335,-109,2045,-37,-26,-39
IMU1,8675,87745728,345,-106,2041,-30,-26,-46
IMU1,8676,87755670,355,-107,2037,-28,-30,-46
IMU1,8677,87765109,369,-106,2041,-29,-27,-49
IMU1,8678,87774535,376,-109,2045,-30,-30,-45
IMU1,8679,87784493,384,-112,2050,-23,-27,-54
IMU1,8680,87793921,380,-113,2062,-23,-30,-53
IMU1,8681,87803875,386,-121,2064,-16,-26,-69
IMU1,8682,87813312,385,-121,2064,-14,-27,-71
IMU1,8683,87822744,373,-122,2064,-7,-22,-75
IMU1,8684,87832490,363,-118,2059,-3,-18,-76
IMU1,8685,87842239,356,-125,2047,0,-16,-74
IMU1,8686,87851792,351,-128,2043,2,-25,-61
IMU1,8687,87861448,349,-131,2038,8,-20,-65
IMU1,8688,87871093,351,-140,2037,0,-29,-51
IMU1,8689,87880653,352,-144,2035,10,-32,-45
IMU1,8690,87889978,359,-146,2038,6,-37,-34
IMU1,8691,87899632,367,-151,2032,8,-34,-31
IMU1,8692,87909300,367,-151,2032,7,-30,-24
IMU1,8693,87918964,366,-150,2032,7,-29,-18
IMU1,8694,87928628,358,-156,2033,7,-22,-16
IMU1,8695,87938292,350,-163,2037,9,-19,-10
IMU1,8696,87947949,335,-165,2035,11,-18,-2
IMU1,8697,87957609,333,-168,2033,3,-25,15
IMU1,8698,87967172,332,-169,2032,9,-20,21
IMU1,8699,87976739,331,-170,2037,13,-17,28
IMU1,8700,87986504,335,-167,2032,12,-16,36
IMU1,8701,87995750,338,-172,2032,12,-13,44
IMU1,8702,88005521,334,-168,2028,8,-15,52
IMU1,8703,88015071,340,-169,2033,7,-19,61
IMU1,8704,88024628,342,-169,2036,5,-17,63
IMU1,8705,88034704,340,-167,2041,5,-18,70
IMU1,8706,88044263,337,-168,2043,10,-14,72
