# label=NONE
IMU1,40727,416061618,434,-671,1732,-189,-210,257
IMU1,40728,416071961,422,-692,1764,-193,-151,275
IMU1,40729,416082308,420,-723,1824,-197,-93,290
IMU1,40730,416092455,438,-746,1862,-185,-33,294
IMU1,40731,416102610,424,-765,1928,-169,9,283
IMU1,40732,416113497,413,-763,1923,-141,42,231
IMU1,40733,416123556,404,-753,1917,-125,24,201
IMU1,40734,416133622,393,-742,1903,-124,3,172
IMU1,40735,416143486,378,-737,1881,-129,-18,148
IMU1,40736,416153645,363,-732,1866,-131,-26,129
IMU1,40737,416163770,347,-741,1868,-128,-13,119
IMU1,40738,416173911,353,-757,1880,-129,18,126
IMU1,40739,416183968,343,-773,1918,-117,49,137
IMU1,40740,416194033,343,-787,1957,-88,59,143
IMU1,40741,416203888,360,-803,1968,-52,43,144
IMU1,40742,416213736,366,-810,1956,-16,20,140
IMU1,40743,416223590,351,-812,1953,14,0,127
IMU1,40744,416233060,330,-815,1922,35,-11,118
IMU1,40745,416242909,316,-820,1891,45,-14,118
IMU1,40746,416252768,317,-816,1866,44,-3,122
IMU1,40747,416262436,295,-804,1849,36,6,131
IMU1,40748,416271980,277,-795,1831,24,0,146
IMU1,40749,416281457,260,-800,1814,8,-9,160
IMU1,40750,416290910,267,-814,1800,-13,-9,173
IMU1,40751,416300658,258,-824,1800,-33,5,184
IMU1,40752,416310318,256,-829,1813,-54,30,190
IMU1,40753,416320187,264,-847,1817,-66,57,191
IMU1,40754,416330024,277,-861,1831,-73,77,189
IMU1,40755,416339885,277,-879,1845,-71,91,179
IMU1,40756,416349740,283,-889,1857,-58,89,165
IMU1,40757,416359595,278,-901,1864,-33,78,145
IMU1,40758,416369459,274,-909,1872,-5,69,131
IMU1,40759,416379122,253,-927,1889,30,73,118
IMU1,40760,416388891,240,-953,1911,74,94,109
IMU1,40761,416398661,221,-975,1933,118,126,102
IMU1,40762,416408822,209,-997,1963,163,163,96
IMU1,40763,416418770,211,-1007,1990,209,180,86
IMU1,40764,416428926,211,-1004,1977,249,168,57
IMU1,40765,416439075,211,-957,1878,278,125,18
IMU1,40766,416450089,190,-934,1826,264,-9,-71
IMU1,40767,416459848,182,-915,1773,230,-66,-107
IMU1,40768,416470009,163,-910,1746,191,-94,-138
IMU1,40769,416480167,150,-910,1730,138,-99,-138
IMU1,40770,416490319,149,-912,1733,87,-75,-124
IMU1,40771,416500277,162,-920,1757,41,-46,-102
IMU1,40772,416510231,176,-927,1807,3,-23,-80
IMU1,40773,416519799,189,-944,1856,-16,-9,-64
IMU1,40774,416529457,198,-951,1876,-20,-8,-54
IMU1,40775,416539116,217,-956,1875,-23,-22,-47
IMU1,40776,416548980,221,-954,1864,-24,-31,-50
IMU1,40777,416558840,214,-943,1861,-31,-47,-54
IMU1,40778,416568704,209,-933,1853,-42,-77,-49
IMU1,40779,416578552,211,-936,1847,-56,-113,-39
IMU1,40780,416588611,214,-943,1841,-64,-146,-29
IMU1,40781,416598672,199,-950,1844,-69,-174,-10
IMU1,40782,416608732,214,-966,1851,-68,-186,17
IMU1,40783,416618684,222,-997,1888,-58,-178,44
IMU1,40784,416628644,218,-1039,1948,-34,-151,72
IMU1,40785,416638806,220,-1072,2010,3,-123,99
IMU1,40786,416648678,233,-1095,2065,56,-111,114
IMU1,40787,416658934,237,-1106,2111,118,-114,118
IMU1,40788,416669403,231,-1105,2133,183,-121,114
IMU1,40789,416679865,183,-1102,2106,242,-147,100
IMU1,40790,416690324,154,-1075,2057,309,-262,104
IMU1,40791,416700794,124,-1052,1990,307,-317,105
IMU1,40792,416711280,94,-1036,1938,278,-354,117
IMU1,40793,416721553,69,-1028,1880,227,-361,134
IMU1,40794,416731827,52,-1020,1844,160,-353,160
IMU1,40795,416742092,36,-1015,1819,81,-333,189
IMU1,40796,416752163,33,-1012,1812,0,-316,225
IMU1,40797,416761940,30,-1020,1816,-75,-310,254
IMU1,40798,416772118,27,-1030,1823,-140,-314,274
IMU1,40799,416782480,28,-1033,1804,-191,-320,286
IMU1,40800,416792831,35,-1040,1782,-232,-315,292
IMU1,40801,416803192,29,-1039,1771,-269,-289,288
IMU1,40802,416813547,32,-1044,1777,-297,-254,284
IMU1,40803,416823885,36,-1042,1762,-316,-225,274
IMU1,40804,416834748,31,-1037,1746,-326,-179,233
IMU1,40805,416845084,28,-1033,1737,-329,-158,216
IMU1,40806,416855420,26,-1029,1733,-336,-123,196
IMU1,40807,416865759,27,-1026,1751,-331,-91,167
IMU1,40808,416875902,36,-1025,1751,-318,-67,136
IMU1,40809,416886058,60,-1024,1759,-304,-61,102
IMU1,40810,416896209,70,-1017,1760,-285,-62,67
IMU1,40811,416906139,74,-1012,1749,-262,-67,28
IMU1,40812,416916093,81,-1014,1730,-236,-80,-3
IMU1,40813,416925940,100,-1013,1709,-217,-73,-29
IMU1,40814,416936185,115,-1009,1700,-202,-38,-51
IMU1,40815,416946423,120,-1002,1704,-189,0,-66
IMU1,40816,416956274,123,-999,1707,-172,22,-78
IMU1,40817,416968691,170,-983,1717,-130,4,-104
IMU1,40818,416979162,185,-984,1717,-111,8,-119
IMU1,40819,416989110,198,-992,1731,-97,19,-133
IMU1,40820,416999062,197,-998,1750,-71,41,-146
IMU1,40821,417009010,199,-1009,1763,-52,71,-152
IMU1,40822,417019156,208,-1011,1781,-29,95,-146
IMU1,40823,417029309,208,-1011,1789,-14,119,-141
IMU1,40824,417039646,215,-1006,1796,-5,130,-141
IMU1,40825,417049797,222,-1002,1811,3,113,-138
IMU1,40826,417059845,235,-1005,1819,8,88,-139
IMU1,40827,417069692,243,-1007,1825,10,61,-143
IMU1,40828,417079745,253,-1013,1831,11,49,-147
IMU1,40829,417089805,252,-1017,1836,10,50,-152
IMU1,40830,417099860,247,-1029,1844,11,57,-148
IMU1,40831,417109918,246,-1032,1847,15,63,-135
IMU1,40832,417119985,256,-1044,1845,16,62,-119
IMU1,40833,417130062,256,-1046,1849,19,58,-102
IMU1,40834,417140119,258,-1058,1846,21,46,-85
IMU1,40835,417149972,260,-1067,1842,20,35,-72
IMU1,40836,417159841,269,-1073,1834,26,20,-61
IMU1,40837,417169701,269,-1072,1809,29,7,-60
IMU1,40838,417180926,256,-1077,1804,15,-9,-65
IMU1,40839,417190677,260,-1078,1797,5,-13,-70
IMU1,40840,417200438,248,-1075,1796,-7,-23,-77
IMU1,40841,417210289,227,-1064,1788,-24,-47,-75
IMU1,40842,417220336,220,-1066,1768,-33,-75,-76
IMU1,40843,417230384,213,-1069,1746,-55,-97,-67
IMU1,40844,417240441,217,-1072,1731,-80,-104,-56
IMU1,40845,417250687,221,-1067,1729,-103,-89,-60
IMU1,40846,417260934,226,-1065,1737,-129,-74,-65
IMU1,40847,417271186,233,-1057,1734,-144,-63,-75
IMU1,40848,417281455,232,-1051,1735,-155,-57,-89
IMU1,40849,417291689,238,-1038,1726,-156,-61,-103
IMU1,40850,417302129,241,-1024,1725,-156,-71,-116
IMU1,40851,417312571,245,-1023,1718,-150,-69,-124
IMU1,40852,417323012,256,-1032,1722,-139,-53,-128
IMU1,40853,417333460,268,-1014,1744,-122,-28,-127
IMU1,40854,417344422,272,-1015,1752,-80,-6,-122
IMU1,40855,417354463,276,-1018,1753,-56,-9,-115
IMU1,40856,417364520,270,-1018,1756,-22,-7,-116
IMU1,40857,417374569,265,-1024,1746,3,-1,-115
IMU1,40858,417384334,258,-1030,1740,20,8,-107
IMU1,40859,417394183,251,-1034,1740,33,23,-99
IMU1,40860,417404046,238,-1036,1731,36,31,-88
IMU1,40861,417413909,238,-1030,1724,35,25,-80
IMU1,40862,417423771,260,-1028,1718,24,13,-79
IMU1,40863,417433634,272,-1028,1706,8,2,-86
IMU1,40864,417443090,289,-1025,1700,-9,-4,-98
IMU1,40865,417452749,297,-1032,1713,-23,5,-110
IMU1,40866,417462720,299,-1036,1728,-26,30,-120
IMU1,40867,417472879,301,-1044,1756,-24,51,-125
IMU1,40868,417483029,305,-1055,1790,-7,63,-125
IMU1,40869,417492995,308,-1062,1797,18,65,-119
IMU1,40870,417503056,302,-1066,1792,41,63,-109
IMU1,40871,417513127,298,-1062,1791,59,54,-100
IMU1,40872,417523192,308,-1051,1774,67,40,-92
IMU1,40873,417533076,308,-1047,1767,66,29,-87
IMU1,40874,417542949,317,-1049,1758,54,29,-87
IMU1,40875,417552819,314,-1045,1770,44,35,-87
IMU1,40876,417562678,311,-1050,1782,32,29,-83
IMU1,40877,417572546,307,-1059,1788,17,18,-74
IMU1,40878,417582417,310,-1063,1793,11,2,-64
IMU1,40879,417592093,311,-1064,1801,4,-11,-55
IMU1,40880,417601859,310,-1070,1795,-8,-16,-42
IMU1,40881,417611708,298,-1068,1788,-18,-18,-29
IMU1,40882,417621753,292,-1062,1765,-26,-26,-23
IMU1,40883,417632844,296,-1049,1746,-49,-38,-19
IMU1,40884,417642883,301,-1036,1733,-61,-38,-20
IMU1,40885,417652930,302,-1030,1730,-78,-40,-19
IMU1,40886,417662985,309,-1041,1741,-83,-35,-23
IMU1,40887,417673044,319,-1047,1746,-83,-45,-22
IMU1,40888,417683091,319,-1056,1748,-71,-51,-26
IMU1,40889,417693155,312,-1056,1750,-60,-53,-22
IMU1,40890,417703214,300,-1060,1756,-46,-48,-17
IMU1,40891,417713268,285,-1064,1758,-29,-45,-7
IMU1,40892,417723128,286,-1058,1746,-17,-42,7
IMU1,40893,417732891,293,-1059,1747,-5,-33,16
IMU1,40894,417742654,297,-1059,1740,1,-25,18
IMU1,40895,417752324,301,-1063,1747,1,-21,18
IMU1,40896,417761992,307,-1078,1760,-1,-18,15
IMU1,40897,417771755,310,-1086,1776,-1,-21,8
IMU1,40898,417781329,313,-1091,1777,2,-30,0
IMU1,40899,417790716,310,-1092,1771,3,-43,-6
IMU1,40900,417800312,307,-1098,1770,5,-47,-12
IMU1,40901,417810059,309,-1100,1767,4,-48,-16
IMU1,40902,417819807,316,-1095,1766,2,-44,-16
IMU1,40903,417829560,309,-1093,1763,-1,-30,-18
IMU1,40904,417839412,301,-1091,1764,0,-22,-17
IMU1,40905,417849068,311,-1096,1765,-5,-19,-12
IMU1,40906,417858914,315,-1095,1768,-6,-14,-11
IMU1,40907,417868761,324,-1095,1764,-9,-22,-9
IMU1,40908,417878418,324,-1099,1773,-12,-30,-11
IMU1,40909,417888458,323,-1101,1778,-18,-34,-18
IMU1,40910,417898501,330,-1096,1776,-22,-45,-23
IMU1,40911,417908546,328,-1097,1765,-27,-59,-30
IMU1,40912,417918595,326,-1088,1757,-36,-71,-36
IMU1,40913,417928661,325,-1085,1748,-43,-76,-38
IMU1,40914,417938704,327,-1079,1741,-57,-75,-41
IMU1,40915,417948759,326,-1069,1740,-63,-73,-38
IMU1,40916,417959858,317,-1072,1740,-69,-73,-29
IMU1,40917,417972472,321,-1076,1742,-70,-82,-18
IMU1,40918,417982527,326,-1076,1740,-59,-87,-23
IMU1,40919,417992582,319,-1076,1752,-53,-88,-21
IMU1,40920,418002646,324,-1081,1753,-42,-83,-22
IMU1,40921,418012682,333,-1084,1759,-33,-78,-25
IMU1,40922,418022734,331,-1087,1762,-24,-78,-28
IMU1,40923,418032774,322,-1086,1759,-10,-77,-32
IMU1,40924,418042828,309,-1083,1753,0,-78,-34
IMU1,40925,418052499,301,-1083,1740,0,-85,-33
IMU1,40926,418062153,294,-1073,1731,-4,-90,-28
IMU1,40927,418072009,282,-1073,1722,-17,-88,-25
IMU1,40928,418082054,284,-1071,1712,-32,-90,-15
IMU1,40929,418092101,282,-1066,1711,-47,-85,-12
IMU1,40930,418102152,290,-1063,1713,-56,-81,-11
IMU1,40931,418112209,288,-1057,1708,-63,-79,-7
IMU1,40932,418123620,297,-1070,1707,-66,-81,-6
IMU1,40933,418133470,289,-1074,1712,-65,-70,5
IMU1,40934,418143235,290,-1084,1723,-62,-57,13
IMU1,40935,418153196,301,-1099,1733,-55,-41,7
IMU1,40936,418162965,304,-1101,1734,-46,-31,3
IMU1,40937,418172732,307,-1097,1733,-42,-36,-1
IMU1,40938,418182602,302,-1094,1725,-42,-46,-6
IMU1,40939,418192452,296,-1091,1710,-45,-54,-7
IMU1,40940,418202312,300,-1097,1708,-49,-61,-4
IMU1,40941,418212162,306,-1096,1702,-49,-53,-2
IMU1,40942,418222011,304,-1097,1701,-47,-40,5
IMU1,40943,418231780,306,-1104,1723,-37,-24,5
IMU1,40944,418241554,315,-1118,1732,-26,-11,3
IMU1,40945,418251325,330,-1119,1737,-16,-13,1
IMU1,40946,418261092,331,-1113,1740,-7,-25,-4
IMU1,40947,418270757,328,-1114,1727,1,-39,-13
IMU1,40948,418280524,330,-1110,1716,8,-51,-19
IMU1,40949,418290291,336,-1105,1698,8,-58,-26
IMU1,40950,418300054,335,-1108,1697,4,-55,-29
IMU1,40951,418309825,339,-1118,1698,-1,-38,-28
IMU1,40952,418319679,340,-1132,1697,-5,-16,-25
IMU1,40953,418329539,347,-1129,1715,-5,4,-23
IMU1,40954,418339111,327,-1136,1733,-6,9,-17
IMU1,40955,418348685,335,-1140,1717,-1,1,-9
IMU1,40956,418358060,349,-1136,1694,-1,-10,0
IMU1,40957,418367529,349,-1132,1689,-8,-9,8
IMU1,40958,418376899,349,-1133,1690,-16,7,14
IMU1,40959,418386565,353,-1143,1692,-23,26,18
IMU1,40960,418396425,359,-1153,1710,-30,42,23
IMU1,40961,418406282,371,-1174,1744,-35,57,30
IMU1,40962,418416147,391,-1191,1779,-32,73,34
IMU1,40963,418426002,402,-1210,1806,-26,86,34
IMU1,40964,418435843,403,-1232,1816,-20,90,37
IMU1,40965,418445687,398,-1245,1841,-14,86,46
IMU1,40966,418455532,388,-1261,1849,-5,68,56
IMU1,40967,418465188,375,-1270,1845,-4,35,68
IMU1,40968,418474844,399,-1293,1843,-16,-4,80
IMU1,40969,418484586,445,-1344,1856,-44,19,86
IMU1,40970,418494426,483,-1407,1880,-97,145,96
IMU1,40971,418504473,479,-1459,1953,-169,304,115
IMU1,40972,418514928,427,-1521,2059,-245,425,152
IMU1,40973,418525381,347,-1587,2156,-312,497,207
IMU1,40974,418535851,446,-1643,2263,-375,483,317
IMU1,40975,418546304,494,-1615,2197,-486,320,345
IMU1,40976,418556758,535,-1617,2154,-579,279,360
IMU1,40977,418567236,433,-1613,2242,-709,419,381
IMU1,40978,418577681,118,-1565,2350,-882,663,468
IMU1,40979,418588134,179,-1570,2102,-1091,855,634
IMU1,40980,418598803,102,-1574,1944,-1372,893,831
IMU1,40981,418609454,-33,-1429,1541,-1722,884,1063
IMU1,40982,418620210,46,-1293,1270,-2136,799,1303
IMU1,40983,418630862,67,-1224,1183,-2568,569,1481
IMU1,40984,418641511,139,-1212,1268,-2960,232,1580
IMU1,40985,418652375,40,-1259,1232,-3480,-360,1593
IMU1,40986,418663131,37,-1316,1109,-3608,-564,1578
IMU1,40987,418673883,-29,-1355,911,-3695,-665,1562
IMU1,40988,418684536,-159,-1370,767,-3774,-694,1570
IMU1,40989,418695399,-77,-1352,540,-3840,-705,1604
IMU1,40990,418706041,-170,-1300,328,-3899,-717,1641
IMU1,40991,418716879,-181,-1240,153,-3954,-680,1703
IMU1,40992,418727726,-181,-1107,-21,-4006,-572,1777
IMU1,40993,418738982,-272,-1093,71,-4052,-201,1947
IMU1,40994,418749637,-382,-1077,239,-3981,94,2051
IMU1,40995,418760202,-732,-1067,439,-3843,525,2167
IMU1,40996,418770956,-459,-819,159,-3680,1247,2278
IMU1,40997,418781724,-34,-1097,-414,-3588,2104,2240
IMU1,40998,418792577,-315,-1530,-1050,-3617,2926,2073
IMU1,40999,418803841,-837,-1979,-840,-3755,3797,1890
IMU1,41000,418814905,-394,-1830,-1834,-3823,5788,1350
IMU1,41001,418826184,-265,-1533,-1180,-3574,6332,796
IMU1,41002,418837255,-455,-1423,-1022,-2854,5289,144
IMU1,41003,418848297,-1324,-2082,-69,-1785,2713,-345
IMU1,41004,418859226,-1474,-3050,722,-483,154,-461
IMU1,41005,418869871,-1283,-3461,1057,939,-1545,-390
IMU1,41006,418880919,-769,-3239,978,2401,-2196,-310
IMU1,41007,418891764,-584,-2694,791,3769,-1574,-382
IMU1,41008,418902631,-752,-2519,685,5911,-1337,-539
IMU1,41009,418913501,-647,-2073,574,6623,-1424,-693
IMU1,41010,418924358,-151,-1871,584,7108,-1758,-967
IMU1,41011,418935225,-36,-2069,1725,7439,-2269,-1305
IMU1,41012,418946286,-286,-2012,3013,7790,-3911,-1706
IMU1,41013,418957548,-1319,-1794,7000,8120,-5696,-2093
IMU1,41014,418969017,-348,-1546,-1445,6685,-339,-741
IMU1,41015,418982425,630,-1206,-2054,4536,1651,191
IMU1,41016,418993281,-385,-1584,-2018,2214,2375,958
IMU1,41017,419004259,-1417,-1595,-1796,-90,2123,1737
IMU1,41018,419015326,-1372,-1503,-1535,-2182,1173,2360
IMU1,41019,419026806,-950,-2457,-1431,-5258,-712,2767
IMU1,41020,419037970,-349,-2645,-1335,-6292,-1103,2695
IMU1,41021,419049337,578,-3010,-1409,-7097,-863,2441
IMU1,41022,419060406,399,-3456,-1295,-7734,-51,1920
IMU1,41023,419071267,-326,-3648,-1342,-8185,966,1352
IMU1,41024,419082336,-944,-3682,-551,-8456,1931,866
IMU1,41025,419093199,23,-3085,1847,-8314,3294,424
IMU1,41026,419104398,-1205,-2780,1068,-6223,8418,-822
IMU1,41027,419115660,-1822,-2620,-533,-4763,9540,-1231
IMU1,41028,419127042,-1702,-3223,2033,-2836,6019,-1431
IMU1,41029,419138501,-2487,-3223,2247,-290,536,-1317
IMU1,41030,419149558,-2203,-3263,2270,2062,-2521,-923
IMU1,41031,419160830,-1789,-2996,997,4085,-3653,-236
IMU1,41032,419171903,-1721,-2675,484,7088,-4379,55
IMU1,41033,419182682,-1256,-2403,464,8020,-4215,342
IMU1,41034,419193658,-1219,-2088,507,8671,-4047,521
IMU1,41035,419204631,-1027,-1761,830,9076,-4174,624
IMU1,41036,419215599,-873,-1512,1264,9287,-4832,540
IMU1,41037,419226581,-1561,-2090,3526,9276,-5610,276
IMU1,41038,419237746,-725,-1754,-1708,9051,-5220,642
IMU1,41039,419248809,1058,-1002,-2460,4911,-958,1215
IMU1,41040,419259970,-2,-700,-2211,2029,-125,1617
IMU1,41041,419270430,-312,-770,-1835,-838,-16,2040
IMU1,41042,419280977,-290,-1308,-1190,-3466,162,2276
IMU1,41043,419292021,-158,-2002,-1134,-5679,322,2176
IMU1,41044,419303077,-303,-2645,-962,-7500,184,1753
IMU1,41045,419313940,-48,-3017,-765,-8917,232,1129
IMU1,41046,419324612,210,-3851,-519,-9940,1597,-657
IMU1,41047,419335492,-361,-4179,-246,-10793,2646,-1675
IMU1,41048,419346841,-975,-4587,736,-10604,4055,-2584
IMU1,41049,419358103,-1711,-4773,1202,-9870,5962,-3245
IMU1,41050,419369585,-2280,-4884,627,-8639,7922,-3551
IMU1,41051,419380872,-2043,-4788,594,-6945,8153,-3483
IMU1,41052,419392154,-2657,-3665,1729,-1826,345,-1975
IMU1,41053,419403406,-1790,-3657,2030,622,-1639,-851
IMU1,41054,419414475,-1348,-3149,1466,3004,-2644,81
IMU1,41055,419425447,-1241,-3158,898,5098,-3319,715
IMU1,41056,419436441,-1070,-3226,528,6753,-3768,1102
IMU1,41057,419447575,-893,-3073,407,7995,-4005,1272
IMU1,41058,419458524,-784,-2832,256,8876,-4170,1244
IMU1,41059,419469463,-77,-2114,546,9708,-5157,725
IMU1,41060,419480003,-121,-1670,2316,9780,-6356,97
IMU1,41061,419490748,-668,-714,250,9493,-7360,-810
IMU1,41062,419501388,-900,-1234,-1961,7713,-5448,-1289
IMU1,41063,419512720,601,-1522,-3457,4514,-1269,-996
IMU1,41064,419523760,60,-1035,-3982,993,244,-711
IMU1,41065,419534096,-654,-826,-2773,-2436,-107,-533
IMU1,41066,419544902,190,-1025,-1634,-5331,-242,-459
IMU1,41067,419556339,929,-2118,-1645,-9229,15,-1111
IMU1,41068,419567177,1043,-2865,-2128,-10521,661,-1676
IMU1,41069,419578612,1085,-3647,-2526,-11527,1347,-2340
IMU1,41070,419590258,847,-4041,-2295,-12211,1938,-3026
IMU1,41071,419601703,312,-4065,-1810,-12457,2671,-3609
IMU1,41072,419613142,-118,-3242,1072,-11008,4824,-4172
IMU1,41073,419624574,-560,-3739,-302,-9091,5409,-3993
IMU1,41074,419635731,-919,-3740,1618,-6710,3391,-3287
IMU1,41075,419646967,-938,-2654,1894,-3765,393,-1979
IMU1,41076,419658009,111,-2231,1918,-813,-755,-530
IMU1,41077,419668652,488,-2061,1226,2078,-1070,599
IMU1,41078,419679496,486,-2545,449,4639,-970,1389
IMU1,41079,419690674,492,-3146,359,8408,-576,2249
IMU1,41080,419701323,518,-3174,336,9675,-666,2365
IMU1,41081,419711986,600,-3014,301,10606,-1104,2279
IMU1,41082,419723066,650,-2645,280,11204,-1892,1996
IMU1,41083,419734107,609,-2221,506,11496,-2800,1537
IMU1,41084,419745173,516,-1895,964,11542,-3526,994
IMU1,41085,419756029,213,-1746,914,11211,-3690,495
IMU1,41086,419766882,698,-980,-2181,10227,-591,538
IMU1,41087,419777635,710,-537,-3196,5345,690,957
IMU1,41088,419788103,266,21,-2957,2079,616,1271
IMU1,41089,419798470,482,-16,-1954,-1069,322,1419
IMU1,41090,419809005,955,-461,-1614,-3730,270,1314
IMU1,41091,419819753,1112,-919,-1565,-5875,221,974
IMU1,41092,419830517,1158,-1528,-1372,-7522,167,504
IMU1,41093,419841472,1284,-2116,-1371,-8688,271,3
IMU1,41094,419851981,1155,-2676,-1558,-9450,460,-483
IMU1,41095,419863015,508,-3366,-1100,-9897,1207,-1139
IMU1,41096,419874250,191,-3482,777,-9898,2044,-1206
IMU1,41097,419885185,288,-3285,482,-9063,3100,-1120
IMU1,41098,419896115,149,-3457,-69,-7891,3685,-931
IMU1,41099,419906752,41,-3452,529,-6478,2965,-603
IMU1,41100,419917282,-553,-3125,916,-4605,1064,-87
IMU1,41101,419927921,-361,-3047,602,-2711,-424,622
IMU1,41102,419938558,221,-2779,571,-846,-1055,1280
IMU1,41103,419949289,185,-2694,-157,883,-1204,1772
IMU1,41104,419960009,150,-2872,-283,3706,-578,2170
IMU1,41105,419970749,288,-2923,-417,4814,-429,2134
IMU1,41106,419984032,290,-2808,-557,5690,-538,1971
IMU1,41107,419994767,228,-2764,-746,6326,-844,1703
IMU1,41108,420005511,127,-2476,-901,6718,-1351,1380
IMU1,41109,420016451,337,-2031,-1035,6915,-1952,1041
IMU1,41110,420027583,411,-1888,-1248,6822,-3022,232
IMU1,41111,420038526,54,-2300,-429,6496,-3448,-190
IMU1,41112,420049153,126,-1961,-187,6200,-3615,-481
IMU1,41113,420059977,179,-1972,203,5911,-3488,-729
IMU1,41114,420070726,-96,-1767,64,5519,-3002,-921
IMU1,41115,420081160,-187,-1628,-398,4776,-1759,-890
IMU1,41116,420092093,202,-1632,-1483,3550,178,-580
IMU1,41117,420102820,343,-1815,-1761,1898,1640,-228
IMU1,41118,420113736,-359,-1854,-1119,-1587,2005,219
IMU1,41119,420124770,-423,-1865,-806,-2975,1871,368
IMU1,41120,420135604,-239,-2073,-747,-4100,1759,420
IMU1,41121,420146438,-162,-2407,-692,-4988,1707,389
IMU1,41122,420157266,-155,-2625,-705,-5655,1813,321
IMU1,41123,420168101,-268,-2731,-456,-6106,2055,234
IMU1,41124,420178918,-252,-2802,-534,-6373,2407,140
IMU1,41125,420189749,-342,-2807,-269,-6511,2808,-98
IMU1,41126,420200466,-343,-2957,-147,-6396,3727,-185
IMU1,41127,420211399,-416,-3201,-330,-6160,4232,-247
IMU1,41128,420222314,-481,-3176,-159,-5834,4687,-270
IMU1,41129,420233266,-303,-3039,-126,-5353,4962,-230
IMU1,41130,420244208,-14,-2852,-188,-4674,4768,-146
IMU1,41131,420254942,-109,-2701,-23,-3720,3481,-14
IMU1,41132,420265459,-387,-2388,301,-2519,1464,245
IMU1,41133,420276195,420,-2332,621,-1254,333,568
IMU1,41134,420287155,292,-2201,274,1415,-328,933
IMU1,41135,420297605,568,-2089,203,2625,-412,983
IMU1,41136,420308025,592,-2098,75,3703,-483,888
IMU1,41137,420318264,550,-2206,-94,4629,-662,747
IMU1,41138,420328619,600,-2221,-201,5369,-925,579
IMU1,41139,420339165,645,-2186,-288,5921,-1203,381
IMU1,41140,420349911,660,-2147,-360,6301,-1480,164
IMU1,41141,420360663,704,-2017,-442,6526,-1759,-58
IMU1,41142,420371287,678,-1929,-301,6610,-2021,-282
IMU1,41143,420382109,463,-2019,-60,6612,-2259,-648
IMU1,41144,420392738,241,-1954,-49,6439,-2654,-762
IMU1,41145,420403370,407,-1919,94,6235,-2748,-819
IMU1,41146,420413908,506,-1933,144,5935,-2654,-848
IMU1,41147,420424641,311,-1987,150,5505,-2210,-814
IMU1,41148,420435379,327,-1717,-194,4918,-1376,-630
IMU1,41149,420446209,473,-1240,-561,4129,-443,-350
IMU1,41150,420456846,579,-1283,-357,3203,283,-76
IMU1,41151,420467164,371,-1104,-288,2292,765,151
IMU1,41152,420477621,157,-1092,64,1425,1044,369
IMU1,41153,420489005,62,-1213,685,4,1309,716
IMU1,41154,420498742,-12,-1256,818,-525,1333,816
IMU1,41155,420509068,11,-1354,867,-968,1259,874
IMU1,41156,420519307,27,-1420,902,-1358,1101,903
IMU1,41157,420529754,27,-1478,891,-1692,893,897
IMU1,41158,420539996,76,-1500,897,-1980,686,865
IMU1,41159,420550252,76,-1507,856,-2209,489,809
IMU1,41160,420560502,116,-1543,832,-2393,298,745
IMU1,41161,420570949,151,-1653,892,-2526,154,677
IMU1,41162,420581394,136,-1845,1002,-2610,106,615
IMU1,41163,420592032,-22,-2032,1056,-2649,177,580
IMU1,41164,420602559,-197,-2185,1113,-2651,334,591
IMU1,41165,420613311,-434,-2540,1121,-2543,613,726
IMU1,41166,420624063,-498,-2662,973,-2476,584,818
IMU1,41167,420634593,-655,-2599,916,-2436,453,906
IMU1,41168,420645139,-655,-2574,795,-2414,260,1001
IMU1,41169,420655872,-535,-2610,631,-2411,25,1078
IMU1,41170,420666430,-472,-2619,531,-2433,-208,1109
IMU1,41171,420677263,-511,-2536,466,-2450,-388,1099
IMU1,41172,420688109,-372,-2463,405,-2449,-472,1079
IMU1,41173,420698939,-179,-2354,275,-2433,-443,1027
IMU1,41174,420710300,34,-1944,356,-2345,-119,774
IMU1,41175,420720665,55,-1735,11,-2255,112,592
IMU1,41176,420730705,67,-1602,-65,-2177,308,383
IMU1,41177,420740858,105,-1614,-302,-2120,388,165
IMU1,41178,420751392,-409,-1852,-303,-2104,341,-35
IMU1,41179,420761918,-350,-1908,-34,-2074,185,-95
IMU1,41180,420772245,-280,-1866,40,-1961,16,-56
IMU1,41181,420782266,-330,-1836,68,-1798,-99,26
IMU1,41182,420792298,-455,-1823,42,-1597,-209,132
IMU1,41183,420802742,-559,-1838,24,-1376,-367,256
IMU1,41184,420813163,-519,-1929,-72,-1150,-621,375
IMU1,41185,420823689,-493,-1906,-137,-929,-969,464
IMU1,41186,420834209,-568,-2004,-253,-733,-1552,523
IMU1,41187,420844937,-572,-2227,-337,-451,-1645,544
IMU1,41188,420855662,-582,-2320,-296,-381,-1607,556
IMU1,41189,420866401,-596,-2280,-213,-307,-1454,537
IMU1,41190,420877118,-671,-2267,-179,-226,-1238,506
IMU1,41191,420887842,-742,-2314,-71,-122,-1038,467
IMU1,41192,420898374,-929,-2465,-185,-10,-928,430
IMU1,41193,420908705,-907,-2475,-216,72,-990,428
IMU1,41194,420918949,-920,-2490,-278,123,-1169,431
IMU1,41195,420929586,-902,-2498,-220,137,-1345,438
IMU1,41196,420940739,-693,-2311,-149,136,-1408,408
IMU1,41197,420951384,-700,-2252,-153,131,-1271,360
IMU1,41198,420962025,-682,-2164,-194,110,-1100,309
IMU1,41199,420972656,-659,-2044,-232,81,-944,256
IMU1,41200,420985448,-598,-1964,-142,51,-808,207
IMU1,41201,420995678,-531,-1871,-122,55,-688,152
IMU1,41202,421005908,-546,-1809,-93,85,-611,89
IMU1,41203,421015745,-636,-1875,-62,121,-601,35
IMU1,41204,421025792,-649,-1912,-53,161,-650,-1
IMU1,41205,421037278,-569,-1868,-68,226,-788,-60
IMU1,41206,421047418,-565,-1800,-60,244,-814,-100
IMU1,41207,421057743,-571,-1733,-82,261,-787,-150
IMU1,41208,421068080,-558,-1741,-90,256,-733,-178
IMU1,41209,421078421,-522,-1754,-109,250,-666,-195
IMU1,41210,421088933,-662,-1824,-65,235,-608,-208
IMU1,41211,421099256,-647,-1842,-132,231,-550,-197
IMU1,41212,421109782,-669,-1905,-92,220,-496,-180
IMU1,41213,421120101,-650,-1977,-101,205,-452,-170
IMU1,41214,421130592,-715,-2051,-17,191,-411,-172
IMU1,41215,421140904,-652,-2094,-16,190,-358,-176
IMU1,41216,421151212,-642,-2090,1,184,-292,-202
IMU1,41217,421162268,-682,-2126,21,160,-124,-284
IMU1,41218,421172477,-714,-2157,4,143,-65,-301
IMU1,41219,421182315,-716,-2159,3,122,-25,-311
IMU1,41220,421192162,-708,-2157,14,98,5,-302
IMU1,41221,421201697,-702,-2156,36,85,43,-275
IMU1,41222,421211431,-691,-2171,52,80,95,-231
IMU1,41223,421221175,-709,-2181,78,89,157,-174
IMU1,41224,421231117,-676,-2213,76,107,230,-111
IMU1,41225,421241270,-642,-2224,101,129,295,-52
IMU1,41226,421251407,-649,-2180,157,149,336,-4
IMU1,41227,421261337,-608,-2132,183,176,365,26
IMU1,41228,421271375,-575,-2074,211,207,370,35
IMU1,41229,421281425,-532,-2015,233,248,336,27
IMU1,41230,421291453,-513,-1938,227,296,259,5
IMU1,41231,421301300,-478,-1859,235,353,129,-24
IMU1,41232,421311439,-436,-1811,242,407,-46,-51
IMU1,41233,421321481,-449,-1785,250,460,-225,-83
IMU1,41234,421331711,-468,-1769,245,506,-388,-110
IMU1,41235,421342143,-487,-1770,213,538,-526,-125
IMU1,41236,421352580,-485,-1778,172,552,-626,-130
IMU1,41237,421363022,-435,-1748,129,535,-687,-108
IMU1,41238,421373466,-411,-1720,112,471,-646,-87
IMU1,41239,421383704,-423,-1725,92,419,-584,-58
IMU1,41240,421393736,-432,-1723,96,360,-535,-19
IMU1,41241,421403775,-401,-1737,98,299,-516,26
IMU1,41242,421413710,-386,-1752,41,233,-516,72
IMU1,41243,421423660,-425,-1777,-37,156,-510,118
IMU1,41244,421433899,-453,-1843,-135,58,-471,179
IMU1,41245,421444133,-465,-1923,-197,-46,-371,252
IMU1,41246,421454449,-485,-1982,-203,-148,-195,327
IMU1,41247,421464959,-499,-2006,-171,-236,45,400
IMU1,41248,421475187,-531,-2053,-97,-295,317,458
IMU1,41249,421485445,-597,-2144,32,-314,599,497
IMU1,41250,421495587,-655,-2260,163,-282,887,532
IMU1,41251,421505927,-680,-2341,239,-194,1166,567
IMU1,41252,421516463,-717,-2317,304,-53,1413,589
IMU1,41253,421527350,-675,-2178,351,342,1707,619
IMU1,41254,421537808,-637,-2128,396,601,1728,596
IMU1,41255,421548269,-551,-2059,505,887,1674,558
IMU1,41256,421558727,-525,-1992,628,1191,1650,518
IMU1,41257,421569392,-595,-1916,779,1508,1710,490
IMU1,41258,421580057,-825,-1906,855,1825,1779,509
IMU1,41259,421590718,-894,-1733,1078,2135,1825,581
IMU1,41260,421601588,-1095,-1553,1207,2446,1676,683
IMU1,41261,421612634,-1240,-1657,1474,2725,1087,797
IMU1,41262,421623691,-1466,-1678,1776,3118,-937,947
IMU1,41263,421634651,-1571,-1682,2030,3172,-1366,974
IMU1,41264,421645797,-1289,-1597,1795,3045,-792,1009
IMU1,41265,421656943,-820,-1532,749,2711,88,1013
IMU1,41266,421667403,-630,-1440,217,2163,301,921
IMU1,41267,421677860,-897,-1494,84,1482,-72,756
IMU1,41268,421688018,-1259,-1578,141,718,-555,594
IMU1,41269,421698574,-1385,-1742,350,-75,-885,469
IMU1,41270,421709006,-1582,-2423,635,-826,-1036,354
IMU1,41271,421719855,-1602,-2692,672,-2104,-938,85
IMU1,41272,421730506,-1538,-2768,683,-2625,-891,-119
IMU1,41273,421741447,-1327,-2708,676,-3044,-904,-415
IMU1,41274,421752387,-1138,-2635,647,-3373,-953,-787
IMU1,41275,421763339,-994,-2597,754,-3594,-994,-1198
IMU1,41276,421774291,-842,-2520,763,-3702,-971,-1598
IMU1,41277,421785247,-791,-2472,631,-3705,-839,-1952
IMU1,41278,421796217,-553,-2309,54,-3520,-122,-2396
IMU1,41279,421806966,-416,-2044,-336,-3413,406,-2531
IMU1,41280,421817903,-299,-1982,-553,-3304,929,-2634
IMU1,41281,421828845,56,-1931,-755,-3183,1457,-2716
IMU1,41282,421839694,40,-1737,-642,-3021,2008,-2805
IMU1,41283,421850532,180,-1452,-666,-2749,2411,-2870
IMU1,41284,421861572,300,-1273,-690,-2385,2475,-2939
IMU1,41285,421872643,101,-1037,-248,-1901,2040,-2936
IMU1,41286,421883679,-6,-942,-195,-717,496,-2812
IMU1,41287,421893833,351,-915,-329,-190,-154,-2646
IMU1,41288,421904347,410,-893,-212,294,-664,-2470
IMU1,41289,421914770,521,-789,-306,769,-1002,-2264
IMU1,41290,421925409,351,-706,-413,1201,-1101,-2036
IMU1,41291,421936245,354,-676,-388,1589,-906,-1737
IMU1,41292,421946882,405,-699,-282,1968,-511,-1395
IMU1,41293,421957505,433,-690,-194,2357,-55,-1034
IMU1,41294,421967950,499,-668,-123,2743,292,-658
IMU1,41295,421978293,201,-965,284,3120,474,-250
IMU1,41296,421991097,-119,-1418,622,3869,689,834
IMU1,41297,422001542,-539,-1932,792,4240,936,1588
IMU1,41298,422012205,-1022,-2254,985,4548,1352,2514
IMU1,41299,422023260,-1271,-2569,1278,4774,1961,3572
IMU1,41300,422034522,-1648,-3038,1584,4894,2684,4640
IMU1,41301,422045787,-1707,-3951,434,4884,3158,6428
IMU1,41302,422056851,-1402,-3890,484,4207,2913,6972
IMU1,41303,422067900,-1136,-3499,733,3647,2474,7265
IMU1,41304,422078964,-1502,-3026,447,3006,1902,7328
IMU1,41305,422090040,-1744,-2258,316,2208,1172,7254
IMU1,41306,422101102,-2348,-2136,361,1342,123,7032
IMU1,41307,422111960,-2054,-2647,103,527,-1501,6685
IMU1,41308,422122912,-2131,-2618,-283,-194,-5092,5372
IMU1,41309,422134057,-1001,-2276,-148,-1398,-5820,4535
IMU1,41310,422145395,-56,-1932,244,-1875,-5705,3511
IMU1,41311,422156236,641,-1706,321,-2295,-4921,2228
IMU1,41312,422167183,555,-1874,156,-2746,-3782,765
IMU1,41313,422177945,-336,-1866,96,-3265,-2580,-620
IMU1,41314,422188672,-741,-1955,-43,-3831,-1281,-1776
IMU1,41315,422199711,-883,-2434,127,-4401,789,-3715
IMU1,41316,422210566,-882,-2566,-26,-5232,1233,-4528
IMU1,41317,422221493,-912,-2734,-293,-5468,1389,-5209
IMU1,41318,422232628,-755,-3020,-753,-5621,1527,-5745
IMU1,41319,422243796,-529,-3145,-1135,-5699,1868,-6156
IMU1,41320,422255163,-409,-3129,-1653,-5706,2541,-6477
IMU1,41321,422266520,506,-3168,271,-5668,3530,-6741
IMU1,41322,422277488,-1168,-2875,89,-4612,4884,-6922
IMU1,41323,422288540,-844,-2482,190,-3601,4025,-6504
IMU1,41324,422299578,-641,-1789,248,-2681,2712,-5966
IMU1,41325,422310615,-839,-1985,-1,-2005,2569,-5288
IMU1,41326,422321339,-1130,-2340,444,-1442,2894,-4402
IMU1,41327,422332582,-1150,-1757,693,-777,3028,-3305
IMU1,41328,422343647,-654,-907,721,-96,3034,-2156
IMU1,41329,422354629,-464,-969,932,1079,2906,-143
IMU1,41330,422365180,-470,-1052,1080,1642,2731,682
IMU1,41331,422376034,-495,-1119,1286,2204,2374,1401
IMU1,41332,422387095,-346,-1308,1526,2787,1873,2028
IMU1,41333,422398161,-374,-1471,1509,3390,1374,2525
IMU1,41334,422409236,-425,-1606,1464,3958,995,2924
IMU1,41335,422420067,-490,-1777,1442,4469,791,3258
IMU1,41336,422431425,-504,-2117,1447,5308,805,3769
IMU1,41337,422442266,-506,-2300,1567,5604,904,3958
IMU1,41338,422453112,-287,-2398,1878,5850,933,4084
IMU1,41339,422463972,-504,-2425,1851,6063,813,4117
IMU1,41340,422474835,-674,-2358,1556,6181,659,4140
IMU1,41341,422485701,-681,-2309,1618,6185,473,4153
IMU1,41342,422496556,-887,-1784,-1215,6006,237,4118
IMU1,41343,422507502,-145,-1601,-457,5207,-540,3693
IMU1,41344,422518333,-11,-1387,-210,3334,-1216,3314
IMU1,41345,422529173,-118,-1030,289,2471,-1862,2895
IMU1,41346,422540108,-76,-828,663,1704,-2039,2493
IMU1,41347,422550652,-37,-819,770,982,-1672,2112
IMU1,41348,422560996,25,-794,765,228,-955,1741
IMU1,41349,422571041,28,-772,713,-566,-172,1357
IMU1,41350,422581182,-71,-862,715,-1362,379,960
IMU1,41351,422591325,-276,-1032,779,-2073,550,576
IMU1,41352,422601890,-541,-1202,845,-2669,456,238
IMU1,41353,422612434,-573,-1392,1113,-3132,292,-10
IMU1,41354,422623609,-688,-1582,1235,-3659,164,-304
IMU1,41355,422634462,-707,-1702,1296,-3770,225,-371
IMU1,41356,422645302,-780,-1825,1377,-3798,320,-401
IMU1,41357,422656149,-855,-1934,1399,-3756,413,-398
IMU1,41358,422666983,-904,-2001,1346,-3663,464,-368
IMU1,41359,422677818,-880,-2014,1157,-3543,468,-321
IMU1,41360,422688658,-858,-1979,1182,-3421,437,-267
IMU1,41361,422699492,-560,-2069,926,-3281,345,-221
IMU1,41362,422710136,-550,-2073,783,-3022,61,-212
IMU1,41363,422720577,-468,-2027,645,-2926,-99,-220
IMU1,41364,422731079,-254,-1901,338,-2857,-234,-251
IMU1,41365,422741804,-167,-1894,419,-2842,-320,-331
IMU1,41366,422752513,-276,-2121,311,-2829,-343,-446
IMU1,41367,422763235,-504,-2320,214,-2825,-301,-531
IMU1,41368,422773963,-619,-2428,76,-2847,-230,-537
IMU1,41369,422784497,-536,-2477,61,-2908,-167,-471
IMU1,41370,422795015,-455,-2471,27,-2981,-119,-374
IMU1,41371,422805548,-377,-2552,-153,-3067,-11,-151
IMU1,41372,422816183,-529,-2643,-222,-3269,98,-28
IMU1,41373,422826488,-579,-2763,-340,-3379,231,130
IMU1,41374,422837116,-581,-2839,-467,-3473,378,281
IMU1,41375,422847763,-637,-2864,-607,-3564,518,424
IMU1,41376,422858419,-645,-2830,-782,-3638,667,535
IMU1,41377,422869060,-540,-2681,-951,-3695,817,593
IMU1,41378,422879711,-403,-2504,-1150,-3734,907,570
IMU1,41379,422890570,-278,-2543,-1091,-3754,855,479
IMU1,41380,422901421,-403,-2277,-379,-3703,634,363
IMU1,41381,422912073,-588,-2295,-227,-3103,-393,282
IMU1,41382,422922792,-714,-2238,-167,-2621,-970,374
# swing_peak_seq=41356
IMU1,41383,422933520,-927,-1904,-3,-2054,-1299,548
IMU1,41384,422944052,-637,-1741,-128,-1439,-1257,786
IMU1,41385,422954980,-311,-1647,-273,-850,-943,954
IMU1,41386,422965518,-268,-1677,-401,-302,-541,1007
IMU1,41387,422976242,-280,-1706,-556,197,-194,975
IMU1,41388,422986661,-307,-1539,-675,632,37,874
IMU1,41389,422999370,-321,-1489,-880,1312,173,567
IMU1,41390,423009900,-356,-1490,-956,1556,323,395
IMU1,41391,423020459,-413,-1551,-1022,1762,504,226
IMU1,41392,423031206,-410,-1535,-865,1932,738,65
IMU1,41393,423041557,-409,-1536,-742,2108,940,-86
IMU1,41394,423051990,-473,-1621,-640,2288,1067,-220
IMU1,41395,423062823,-594,-1732,-571,2458,1075,-310
IMU1,41396,423073674,-706,-1837,-503,2602,976,-336
IMU1,41397,423084310,-858,-2022,-328,2724,830,-241
IMU1,41398,423094943,-914,-2072,-197,2896,571,-133
IMU1,41399,423105591,-942,-2141,-126,2960,448,-1
IMU1,41400,423115843,-997,-2218,-159,2999,291,139
IMU1,41401,423126406,-1100,-2364,-223,2997,84,276
IMU1,41402,423136946,-1097,-2365,-204,2957,-131,400
IMU1,41403,423147786,-1026,-2248,-52,2902,-316,485
IMU1,41404,423158423,-971,-2067,137,2869,-462,523
IMU1,41405,423168963,-896,-1886,267,2867,-556,516
IMU1,41406,423179499,-810,-1715,262,2882,-612,462
IMU1,41407,423190045,-768,-1557,530,2891,-662,223
IMU1,41408,423200599,-696,-1544,576,2950,-870,94
IMU1,41409,423210942,-700,-1533,615,2977,-1053,-37
IMU1,41410,423221587,-675,-1503,724,3005,-1261,-158
IMU1,41411,423232436,-642,-1470,791,3041,-1456,-265
IMU1,41412,423243270,-623,-1455,977,3086,-1600,-362
IMU1,41413,423254107,-548,-1460,1079,3149,-1695,-451
IMU1,41414,423265157,-420,-1419,982,3211,-1774,-548
IMU1,41415,423276001,-410,-1398,1341,3235,-1858,-661
IMU1,41416,423287037,-223,-1424,1442,3215,-1487,-862
IMU1,41417,423298077,-146,-1453,1159,3107,-705,-932
IMU1,41418,423308932,-127,-1459,968,2910,170,-1011
IMU1,41419,423319669,-276,-1464,1101,2709,626,-1097
IMU1,41420,423330641,-503,-1452,1404,2587,696,-1164
IMU1,41421,423341582,-542,-1397,1528,2528,580,-1206
IMU1,41422,423352551,-441,-1312,1597,2482,354,-1254
IMU1,41423,423363513,-248,-1226,1753,2343,0,-1414
IMU1,41424,423373959,-223,-1256,1705,2235,36,-1485
IMU1,41425,423384706,-194,-1256,1671,2110,157,-1528
IMU1,41426,423395653,-228,-1218,1670,1961,301,-1551
IMU1,41427,423406606,-252,-1149,1692,1808,438,-1551
IMU1,41428,423417549,-265,-1077,1729,1654,542,-1545
IMU1,41429,423428507,-249,-1028,1794,1510,601,-1543
IMU1,41430,423439450,-246,-993,1855,1377,629,-1552
IMU1,41431,423450725,-250,-1002,1875,1129,687,-1582
IMU1,41432,423461666,-281,-1031,1881,1005,762,-1582
IMU1,41433,423472619,-326,-1061,1893,871,860,-1564
IMU1,41434,423483377,-369,-1075,1892,741,977,-1532
IMU1,41435,423494135,-416,-1074,1900,609,1101,-1488
IMU1,41436,423505097,-481,-1063,1919,486,1246,-1440
IMU1,41437,423516050,-557,-1068,1963,377,1406,-1390
IMU1,41438,423527015,-653,-1145,2080,229,1670,-1287
IMU1,41439,423537940,-679,-1178,2185,211,1706,-1247
IMU1,41440,423548885,-671,-1175,2268,246,1680,-1233
IMU1,41441,423559819,-660,-1156,2304,315,1606,-1249
IMU1,41442,423570766,-632,-1119,2272,424,1453,-1305
IMU1,41443,423581717,-581,-1059,2193,546,1253,-1396
IMU1,41444,423592675,-525,-989,2079,670,1072,-1518
IMU1,41445,423603431,-491,-916,1865,788,935,-1649
IMU1,41446,423613979,-471,-887,1795,995,741,-1853
IMU1,41447,423624535,-442,-866,1720,1096,661,-1908
IMU1,41448,423635281,-416,-874,1662,1191,597,-1934
IMU1,41449,423646024,-421,-918,1599,1279,536,-1929
IMU1,41450,423656788,-434,-960,1555,1358,446,-1896
IMU1,41451,423667546,-447,-981,1537,1417,331,-1840
IMU1,41452,423678296,-426,-977,1557,1457,236,-1773
IMU1,41453,423689062,-396,-963,1588,1483,218,-1702
IMU1,41454,423699804,-398,-908,1664,1491,347,-1580
IMU1,41455,423710551,-428,-897,1715,1487,403,-1536
IMU1,41456,423721301,-416,-861,1750,1470,410,-1504
IMU1,41457,423732046,-390,-808,1785,1446,401,-1497
IMU1,41458,423742769,-381,-778,1796,1403,389,-1503
IMU1,41459,423753519,-399,-791,1888,1350,369,-1512
IMU1,41460,423764285,-366,-781,1823,1300,327,-1511
IMU1,41461,423775030,-352,-780,1844,1250,229,-1513
IMU1,41462,423785791,-292,-758,1907,1194,111,-1519
IMU1,41463,423797072,-252,-771,1961,1118,-90,-1536
IMU1,41464,423807728,-145,-795,2011,1116,-180,-1539
IMU1,41465,423818591,-32,-798,2096,1165,-223,-1567
IMU1,41466,423829240,47,-798,2175,1223,-233,-1599
IMU1,41467,423839805,82,-809,2207,1296,-282,-1643
IMU1,41468,423850349,101,-808,2238,1358,-401,-1684
IMU1,41469,423861091,117,-791,2220,1401,-549,-1712
IMU1,41470,423871851,100,-771,2200,1421,-687,-1712
IMU1,41471,423882619,37,-752,2142,1409,-859,-1598
IMU1,41472,423893184,32,-690,2090,1336,-901,-1503
IMU1,41473,423903744,57,-612,2038,1283,-927,-1387
IMU1,41474,423914309,93,-537,2013,1228,-901,-1283
IMU1,41475,423924868,135,-486,1987,1155,-856,-1179
IMU1,41476,423935626,147,-452,1989,1065,-780,-1076
IMU1,41477,423946406,138,-436,2042,965,-680,-975
IMU1,41478,423956736,117,-421,2104,861,-562,-868
IMU1,41479,423967081,85,-399,2147,757,-456,-759
IMU1,41480,423977241,77,-379,2157,647,-390,-653
IMU1,41481,423987390,85,-344,2124,531,-380,-562
IMU1,41482,424000086,76,-286,1977,263,-447,-435
IMU1,41483,424010204,120,-290,1924,117,-480,-386
IMU1,41484,424020536,168,-270,1873,-31,-479,-361
IMU1,41485,424030756,183,-261,1886,-175,-436,-355
IMU1,41486,424041181,192,-249,1831,-296,-360,-359
IMU1,41487,424051604,181,-246,1818,-411,-294,-365
IMU1,41488,424062021,148,-216,1801,-512,-242,-370
IMU1,41489,424072452,182,-210,1946,-595,-192,-374
IMU1,41490,424082879,204,-195,1948,-638,-115,-388
IMU1,41491,424093315,221,-185,2005,-654,-49,-405
IMU1,41492,424104580,214,-223,2009,-616,24,-427
IMU1,41493,424114715,185,-251,2020,-573,49,-426
IMU1,41494,424124862,161,-301,2037,-528,67,-409
IMU1,41495,424134999,138,-333,2068,-461,86,-390
IMU1,41496,424145149,94,-342,2069,-385,76,-358
IMU1,41497,424155093,125,-328,2028,-303,39,-334
IMU1,41498,424165236,168,-290,1995,-235,3,-319
IMU1,41499,424175184,183,-270,1947,-181,-16,-310
IMU1,41500,424185430,157,-269,1891,-151,-41,-297
IMU1,41501,424195679,147,-261,1849,-140,-98,-277
IMU1,41502,424205913,163,-252,1816,-146,-146,-251
IMU1,41503,424216346,181,-256,1781,-165,-154,-217
IMU1,41504,424226775,187,-276,1757,-192,-112,-178
IMU1,41505,424237211,181,-313,1765,-227,-35,-129
IMU1,41506,424247451,147,-379,1830,-258,53,-59
IMU1,41507,424258439,164,-387,1856,-293,246,80
IMU1,41508,424268485,145,-407,1897,-311,283,147
IMU1,41509,424278737,120,-388,1956,-331,246,196
IMU1,41510,424288988,115,-355,1976,-341,161,235
IMU1,41511,424299236,123,-340,1958,-344,96,257
IMU1,41512,424309291,144,-346,1946,-348,92,268
IMU1,41513,424319347,141,-365,1922,-354,141,280
IMU1,41514,424329618,118,-370,1924,-358,210,288
IMU1,41515,424339863,62,-367,1932,-365,233,302
IMU1,41516,424349922,63,-364,1933,-374,163,319
IMU1,41517,424359964,124,-372,1959,-384,58,327
IMU1,41518,424370012,218,-477,1935,-385,-14,328
IMU1,41519,424380151,231,-475,2001,-384,-4,322
IMU1,41520,424390105,219,-491,1957,-365,41,328
IMU1,41521,424400147,181,-511,1900,-343,99,354
IMU1,41522,424410189,162,-523,1851,-341,150,403
IMU1,41523,424420427,155,-526,1783,-350,207,471
IMU1,41524,424431718,169,-611,1804,-402,358,627
IMU1,41525,424441974,249,-712,1818,-433,470,700
IMU1,41526,424452234,207,-676,1822,-459,624,737
IMU1,41527,424462482,163,-646,1851,-489,736,750
IMU1,41528,424472721,15,-650,1901,-498,752,734
IMU1,41529,424482778,7,-637,1890,-499,690,733
IMU1,41530,424492637,0,-688,1966,-497,597,728
IMU1,41531,424502398,-47,-683,1902,-494,555,731
IMU1,41532,424512562,-104,-437,2055,-500,589,769
IMU1,41533,424522904,-352,-950,1783,-510,539,881
IMU1,41534,424533259,-325,-962,2167,-540,498,1034
IMU1,41535,424543806,-252,-855,2228,-502,504,1176
IMU1,41536,424554376,-146,-871,2115,-463,524,1284
IMU1,41537,424564923,45,-931,1977,-457,494,1350
IMU1,41538,424575698,105,-851,1907,-520,411,1336
IMU1,41539,424586162,131,-837,1783,-590,349,1265
IMU1,41540,424596624,176,-865,1679,-695,259,1177
IMU1,41541,424607077,220,-888,1638,-818,191,1069
IMU1,41542,424617526,218,-913,1723,-925,187,941
IMU1,41543,424627792,154,-920,1840,-1001,254,815
IMU1,41544,424638250,97,-938,1961,-1032,342,710
IMU1,41545,424648524,93,-1014,2105,-1008,369,639
IMU1,41546,424658980,88,-1068,2082,-955,325,600
IMU1,41547,424669238,77,-1066,2126,-898,275,596
IMU1,41548,424679508,87,-1091,2144,-831,264,622
IMU1,41549,424689764,84,-1162,2106,-760,285,658
IMU1,41550,424701051,-27,-1136,2088,-639,320,734
IMU1,41551,424711408,-127,-1097,2082,-596,266,735
IMU1,41552,424721957,-199,-1094,2090,-557,133,727
IMU1,41553,424732503,-136,-1165,2030,-525,-8,725
IMU1,41554,424742751,-22,-1252,1910,-502,-129,730
IMU1,41555,424753203,17,-1255,1863,-507,-157,737
IMU1,41556,424763566,-56,-1234,1899,-518,-30,730
IMU1,41557,424773817,-22,-1238,1932,-520,138,714
IMU1,41558,424784170,34,-1257,1866,-518,163,671
IMU1,41559,424794420,13,-1196,1889,-523,66,581
IMU1,41560,424804484,-9,-1184,1886,-522,-70,470
IMU1,41561,424814527,-50,-1206,1857,-506,-217,365
IMU1,41562,424826005,-151,-1198,1852,-438,-406,228
IMU1,41563,424836648,-149,-1204,1806,-381,-442,203
IMU1,41564,424847283,-166,-1192,1775,-320,-452,195
IMU1,41565,424857921,-183,-1186,1720,-263,-450,185
IMU1,41566,424868544,-138,-1190,1649,-226,-453,158
IMU1,41567,424879181,-126,-1161,1631,-211,-424,98
IMU1,41568,424889623,-144,-1174,1610,-209,-396,19
IMU1,41569,424900050,-147,-1166,1646,-204,-402,-54
IMU1,41570,424910574,-157,-1189,1662,-177,-423,-107
IMU1,41571,424921310,-176,-1191,1646,-84,-467,-121
IMU1,41572,424931849,-182,-1179,1644,-35,-457,-93
IMU1,41573,424942186,-181,-1160,1629,12,-426,-53
IMU1,41574,424952428,-163,-1158,1598,48,-407,-20
IMU1,41575,424962679,-168,-1155,1603,68,-384,3
IMU1,41576,424972600,-167,-1196,1569,74,-325,23
IMU1,41577,424982741,-160,-1195,1563,70,-227,37
IMU1,41578,424992884,-159,-1203,1573,56,-114,39
IMU1,41579,425005579,-171,-1199,1589,37,-37,32
IMU1,41580,425015529,-167,-1199,1597,17,3,18
IMU1,41581,425025181,-164,-1200,1593,-6,14,8
IMU1,41582,425034724,-175,-1195,1592,-22,18,0
IMU1,41583,425044376,-173,-1187,1579,-43,14,5
IMU1,41584,425054121,-163,-1188,1580,-62,19,12
IMU1,41585,425064068,-165,-1186,1590,-84,40,27
IMU1,41586,425074002,-188,-1176,1622,-105,68,37
IMU1,41587,425084137,-202,-1188,1699,-106,68,39
IMU1,41588,425095320,-206,-1194,1730,-48,41,85
IMU1,41589,425105264,-194,-1189,1742,-15,19,122
IMU1,41590,425115411,-171,-1188,1736,37,-9,121
IMU1,41591,425125365,-172,-1189,1727,69,-34,112
IMU1,41592,425135510,-163,-1195,1717,83,-25,98
IMU1,41593,425145467,-181,-1200,1731,73,8,75
IMU1,41594,425155132,-207,-1216,1756,49,16,59
IMU1,41595,425164994,-216,-1226,1802,28,8,49
IMU1,41596,425174629,-224,-1243,1822,14,-2,51
IMU1,41597,425184379,-238,-1234,1833,6,-17,61
IMU1,41598,425194132,-235,-1231,1849,1,-49,80
IMU1,41599,425203887,-227,-1236,1835,5,-94,99
IMU1,41600,425213641,-221,-1226,1816,0,-154,113
IMU1,41601,425223676,-202,-1229,1787,-15,-203,114
IMU1,41602,425234099,-191,-1222,1737,-38,-216,104
IMU1,41603,425244520,-178,-1212,1676,-73,-201,81
IMU1,41604,425254742,-170,-1205,1648,-118,-167,51
IMU1,41605,425265152,-171,-1195,1644,-161,-107,24
IMU1,41606,425275575,-181,-1190,1639,-185,-44,7
IMU1,41607,425285604,-181,-1178,1640,-188,6,2
IMU1,41608,425295326,-199,-1169,1661,-178,49,11
IMU1,41609,425306494,-232,-1182,1720,-103,165,46
IMU1,41610,425316822,-267,-1204,1769,-44,235,65
IMU1,41611,425326955,-285,-1230,1820,25,285,69
IMU1,41612,425337007,-287,-1266,1858,95,309,57
IMU1,41613,425347052,-294,-1290,1892,163,330,32
IMU1,41614,425357285,-292,-1306,1908,220,347,-9
IMU1,41615,425367420,-299,-1302,1904,271,356,-63
IMU1,41616,425377766,-286,-1283,1875,305,342,-127
IMU1,41617,425388286,-279,-1251,1818,326,316,-197
IMU1,41618,425398828,-265,-1212,1746,329,301,-262
IMU1,41619,425409366,-276,-1175,1684,315,316,-311
IMU1,41620,425419914,-271,-1129,1606,287,380,-332
IMU1,41621,425430454,-302,-1090,1525,252,499,-316
IMU1,41622,425441522,-328,-1076,1502,154,995,-153
IMU1,41623,425452062,-385,-1079,1460,103,1334,-23
IMU1,41624,425462595,-440,-1078,1437,35,1706,129
IMU1,41625,425473040,-488,-1057,1413,-36,2080,273
IMU1,41626,425483562,-531,-1042,1435,-102,2375,398
IMU1,41627,425494307,-588,-1015,1452,-162,2568,499
IMU1,41628,425505038,-644,-983,1506,-211,2660,575
IMU1,41629,425515578,-703,-946,1529,-234,2665,626
IMU1,41630,425526133,-801,-1026,1641,-248,2629,653
IMU1,41631,425537382,-925,-955,1612,-247,2290,625
IMU1,41632,425547930,-1002,-947,1602,-231,1926,550
IMU1,41633,425558681,-1011,-938,1594,-220,1580,452
IMU1,41634,425569446,-1039,-956,1528,-217,1324,337
IMU1,41635,425580195,-1076,-978,1459,-225,1172,217
IMU1,41636,425590937,-1113,-1006,1428,-245,1103,106
IMU1,41637,425601888,-1196,-1022,1425,-266,1096,14
IMU1,41638,425612617,-1263,-1037,1412,-285,1115,-48
IMU1,41639,425623981,-1281,-1043,1339,-338,982,-136
IMU1,41640,425634809,-1362,-1052,1361,-371,837,-171
IMU1,41641,425645629,-1348,-1053,1348,-398,669,-189
IMU1,41642,425656455,-1345,-1079,1328,-415,499,-200
IMU1,41643,425667267,-1333,-1086,1311,-425,356,-202
IMU1,41644,425678082,-1316,-1092,1270,-428,259,-194
IMU1,41645,425688902,-1308,-1111,1250,-424,195,-181
IMU1,41646,425699730,-1279,-1129,1196,-412,161,-159
IMU1,41647,425710566,-1238,-1127,1140,-375,164,-110
IMU1,41648,425721395,-1192,-1107,1086,-370,184,-84
IMU1,41649,425732040,-1161,-1103,1041,-372,212,-61
IMU1,41650,425742668,-1156,-1113,1010,-385,239,-36
IMU1,41651,425753310,-1149,-1137,978,-402,242,-4
IMU1,41652,425763554,-1135,-1166,960,-422,216,30
IMU1,41653,425773894,-1120,-1175,953,-446,168,64
IMU1,41654,425784245,-1101,-1168,939,-465,106,94
IMU1,41655,425794588,-1076,-1143,920,-485,26,115
IMU1,41656,425804920,-1075,-1122,898,-505,-72,121
IMU1,41657,425816387,-1087,-1143,914,-540,-269,121
IMU1,41658,425827030,-1018,-1146,878,-557,-309,121
IMU1,41659,425837680,-1013,-1179,891,-575,-288,110
IMU1,41660,425848321,-1043,-1223,917,-606,-209,113
IMU1,41661,425858955,-1055,-1266,932,-628,-110,124
IMU1,41662,425869601,-1060,-1275,947,-651,-44,139
IMU1,41663,425880040,-1056,-1254,966,-671,-35,154
IMU1,41664,425890482,-1057,-1221,994,-683,-67,169
IMU1,41665,425900919,-1087,-1218,1016,-687,-124,190
IMU1,41666,425911758,-1136,-1258,1046,-669,-321,263
IMU1,41667,425922607,-1153,-1257,1054,-655,-431,309
IMU1,41668,425933445,-1168,-1276,1079,-621,-520,358
IMU1,41669,425944292,-1193,-1303,1074,-593,-554,413
IMU1,41670,425955147,-1183,-1319,1036,-571,-520,472
IMU1,41671,425966012,-1198,-1348,1015,-579,-434,529
IMU1,41672,425976871,-1179,-1353,962,-620,-336,577
IMU1,41673,425987535,-1145,-1314,933,-693,-267,602
IMU1,41674,425998149,-1187,-1293,880,-796,-226,613
IMU1,41675,426011330,-1244,-1318,883,-1038,-270,629
IMU1,41676,426022150,-1304,-1340,898,-1156,-337,652
IMU1,41677,426032973,-1337,-1366,888,-1266,-408,691
IMU1,41678,426043783,-1341,-1369,870,-1373,-461,732
IMU1,41679,426054607,-1355,-1376,838,-1486,-471,768
IMU1,41680,426065429,-1351,-1394,808,-1610,-425,805
IMU1,41681,426076242,-1343,-1393,806,-1845,-441,794
IMU1,41682,426087056,-1324,-1380,802,-1951,-499,766
IMU1,41683,426097857,-1297,-1382,837,-2038,-586,722
IMU1,41684,426108673,-1273,-1379,871,-2086,-690,661
IMU1,41685,426119499,-1278,-1395,905,-2102,-800,599
IMU1,41686,426130333,-1298,-1430,934,-2092,-902,547
IMU1,41687,426141163,-1302,-1470,946,-2056,-982,511
IMU1,41688,426151993,-1384,-1577,1017,-2002,-1051,497
IMU1,41689,426163220,-1477,-1649,1047,-1870,-1055,535
IMU1,41690,426174428,-1583,-1705,1043,-1790,-1066,586
IMU1,41691,426185657,-1651,-1746,1056,-1712,-1090,662
IMU1,41692,426196880,-1702,-1760,1034,-1639,-1117,747
IMU1,41693,426208099,-1660,-1733,972,-1575,-1151,819
IMU1,41694,426219122,-1382,-1502,815,-1525,-1188,809
IMU1,41695,426230158,-1261,-1349,754,-1475,-1251,717
IMU1,41696,426241204,-1175,-1224,711,-1455,-1284,581
IMU1,41697,426252215,-1140,-1143,663,-1434,-1334,437
IMU1,41698,426263236,-1147,-1115,628,-1405,-1398,301
IMU1,41699,426274270,-1187,-1137,627,-1368,-1468,196
IMU1,41700,426285295,-1208,-1185,612,-1322,-1529,129
IMU1,41701,426296321,-1215,-1315,616,-1267,-1576,97
IMU1,41702,426307151,-1241,-1398,614,-1131,-1546,127
IMU1,41703,426318193,-1266,-1478,629,-1056,-1487,180
IMU1,41704,426329222,-1309,-1551,676,-992,-1404,255
IMU1,41705,426340054,-1366,-1630,733,-923,-1301,340
IMU1,41706,426350874,-1432,-1696,776,-859,-1189,434
IMU1,41707,426361717,-1445,-1729,794,-800,-1087,519
IMU1,41708,426372547,-1413,-1701,781,-751,-1003,575
IMU1,41709,426383907,-1359,-1671,791,-676,-864,577
IMU1,41710,426394556,-1319,-1635,794,-645,-788,534
IMU1,41711,426405189,-1261,-1610,774,-598,-715,454
IMU1,41712,426415820,-1217,-1585,748,-556,-657,361
IMU1,41713,426426461,-1200,-1554,736,-511,-611,264
IMU1,41714,426437098,-1210,-1549,757,-468,-574,174
IMU1,41715,426447737,-1227,-1558,778,-424,-545,104
IMU1,41716,426458374,-1234,-1552,789,-378,-522,55
IMU1,41717,426468818,-1241,-1541,759,-332,-510,28
IMU1,41718,426479775,-1197,-1538,746,-270,-489,12
IMU1,41719,426490217,-1138,-1521,747,-246,-460,-4
IMU1,41720,426500552,-1090,-1502,742,-224,-420,-26
IMU1,41721,426511072,-1041,-1476,731,-204,-380,-57
IMU1,41722,426521598,-1001,-1461,711,-187,-356,-93
IMU1,41723,426532131,-990,-1447,695,-173,-361,-128
IMU1,41724,426542647,-974,-1437,679,-160,-382,-157
IMU1,41725,426553173,-959,-1441,694,-148,-405,-173
IMU1,41726,426563703,-966,-1450,703,-137,-418,-172
IMU1,41727,426574215,-976,-1476,703,-133,-420,-149
IMU1,41728,426585779,-1002,-1517,718,-133,-382,-34
IMU1,41729,426596305,-1017,-1534,735,-138,-340,41
IMU1,41730,426606743,-1047,-1565,755,-135,-280,114
IMU1,41731,426617373,-1081,-1605,758,-132,-237,201
IMU1,41732,426628006,-1096,-1643,777,-137,-216,283
IMU1,41733,426638627,-1095,-1652,789,-144,-209,345
IMU1,41734,426649264,-1106,-1665,804,-152,-201,383
IMU1,41735,426659894,-1134,-1697,824,-162,-182,402
IMU1,41736,426670502,-1160,-1744,854,-176,-152,405
IMU1,41737,426681649,-1212,-1808,861,-218,-104,379
IMU1,41738,426692267,-1226,-1810,857,-246,-95,361
IMU1,41739,426702696,-1233,-1794,853,-273,-82,329
IMU1,41740,426713130,-1219,-1774,840,-299,-70,292
IMU1,41741,426723574,-1185,-1734,827,-322,-64,250
IMU1,41742,426734005,-1145,-1674,825,-337,-63,196
IMU1,41743,426744438,-1121,-1611,813,-341,-82,136
IMU1,41744,426754861,-1107,-1543,790,-334,-134,81
IMU1,41745,426765301,-1099,-1488,772,-316,-218,31
IMU1,41746,426775739,-1087,-1445,750,-297,-329,-13
IMU1,41747,426786273,-1068,-1394,733,-276,-450,-42
IMU1,41748,426797329,-1064,-1379,721,-233,-608,-55
IMU1,41749,426807872,-1066,-1373,709,-211,-627,-47
IMU1,41750,426818399,-1073,-1374,724,-196,-629,-21
IMU1,41751,426828933,-1074,-1370,738,-183,-624,15
IMU1,41752,426839360,-1087,-1357,739,-172,-623,51
IMU1,41753,426849798,-1105,-1340,739,-166,-638,96
IMU1,41754,426860237,-1122,-1332,739,-166,-653,143
IMU1,41755,426870868,-1138,-1339,726,-176,-658,193
IMU1,41756,426881505,-1158,-1334,721,-196,-657,250
IMU1,41757,426892134,-1208,-1318,716,-225,-651,309
IMU1,41758,426902773,-1221,-1307,718,-295,-608,414
IMU1,41759,426913418,-1231,-1310,725,-333,-588,459
IMU1,41760,426924057,-1230,-1322,739,-363,-571,495
IMU1,41761,426934692,-1230,-1320,742,-394,-555,521
IMU1,41762,426945337,-1234,-1314,742,-417,-544,541
IMU1,41763,426955978,-1251,-1314,749,-438,-532,555
IMU1,41764,426966638,-1271,-1334,749,-449,-512,564
IMU1,41765,426977287,-1283,-1347,749,-459,-476,570
IMU1,41766,426987908,-1302,-1362,738,-465,-430,574
IMU1,41767,426999064,-1349,-1425,761,-487,-333,590
IMU1,41768,427012257,-1380,-1472,792,-487,-265,588
IMU1,41769,427022884,-1453,-1523,817,-496,-200,587
IMU1,41770,427033507,-1537,-1568,834,-498,-128,584
IMU1,41771,427044158,-1609,-1629,870,-501,-53,579
IMU1,41772,427054585,-1655,-1699,892,-510,27,570
IMU1,41773,427064919,-1662,-1685,857,-523,95,552
IMU1,41774,427075776,-1593,-1612,829,-562,138,435
IMU1,41775,427086318,-1535,-1533,808,-585,117,330
IMU1,41776,427096866,-1480,-1483,809,-597,83,204
IMU1,41777,427107204,-1449,-1473,811,-594,39,66
IMU1,41778,427117346,-1494,-1440,769,-574,-21,-61
IMU1,41779,427127687,-1471,-1394,793,-541,-61,-163
IMU1,41780,427138228,-1450,-1360,775,-492,-58,-247
IMU1,41781,427148756,-1431,-1343,724,-432,-32,-314
IMU1,41782,427159309,-1420,-1318,698,-371,7,-359
IMU1,41783,427169558,-1399,-1288,679,-302,66,-387
IMU1,41784,427180001,-1362,-1256,672,-219,144,-401
IMU1,41785,427190636,-1359,-1183,639,-130,332,-395
IMU1,41786,427201296,-1321,-1160,620,76,448,-380
IMU1,41787,427211634,-1247,-1139,618,182,555,-364
IMU1,41788,427222189,-1233,-1132,607,293,643,-350
IMU1,41789,427232733,-1252,-1112,591,407,693,-332
IMU1,41790,427243281,-1281,-1084,560,514,698,-300
IMU1,41791,427253821,-1268,-1066,530,618,661,-254
IMU1,41792,427264367,-1258,-1051,499,718,615,-202
IMU1,41793,427274901,-1244,-1039,452,814,585,-145
IMU1,41794,427285443,-1241,-1030,385,902,582,-83
IMU1,41795,427295789,-1278,-1073,312,983,610,-13
IMU1,41796,427306660,-1335,-1109,284,1103,739,182
IMU1,41797,427317303,-1362,-1122,289,1145,830,294
IMU1,41798,427327941,-1427,-1152,362,1174,948,419
IMU1,41799,427338606,-1540,-1240,441,1196,1100,557
IMU1,41800,427349462,-1604,-1323,480,1216,1286,703
IMU1,41801,427360291,-1632,-1353,506,1237,1468,835
IMU1,41802,427371131,-1633,-1326,514,1254,1598,939
IMU1,41803,427381995,-1592,-1283,523,1275,1653,1001
IMU1,41804,427393561,-1542,-1196,581,1349,1577,1007
IMU1,41805,427404618,-1502,-1113,595,1396,1468,976
IMU1,41806,427415483,-1472,-1040,608,1460,1343,910
IMU1,41807,427426341,-1477,-1001,622,1529,1203,831
IMU1,41808,427437191,-1501,-1005,641,1599,1059,742
IMU1,41809,427448051,-1508,-1040,659,1665,919,658
IMU1,41810,427458696,-1487,-1036,663,1723,797,577
IMU1,41811,427469344,-1405,-951,672,1764,647,444
IMU1,41812,427479787,-1378,-917,645,1815,598,383
IMU1,41813,427490245,-1360,-887,599,1808,520,335
IMU1,41814,427500692,-1370,-864,569,1795,417,297
IMU1,41815,427511151,-1423,-852,570,1757,323,282
IMU1,41816,427521617,-1502,-865,608,1710,282,298
IMU1,41817,427532051,-1555,-887,610,1655,294,354
IMU1,41818,427542499,-1548,-893,603,1592,322,434
IMU1,41819,427552946,-1515,-863,595,1521,327,513
IMU1,41820,427563399,-1455,-804,598,1448,294,572
IMU1,41821,427573848,-1449,-751,615,1381,218,608
IMU1,41822,427584297,-1524,-782,702,1319,141,636
IMU1,41823,427595268,-1719,-807,705,1243,113,738
IMU1,41824,427605722,-1742,-794,731,1210,119,804
IMU1,41825,427616179,-1748,-761,781,1181,128,867
IMU1,41826,427626632,-1729,-729,827,1164,163,914
IMU1,41827,427637065,-1692,-706,860,1157,193,946
IMU1,41828,427647512,-1694,-691,884,1157,193,963
IMU1,41829,427657961,-1748,-680,932,1157,158,976
IMU1,41830,427668410,-1833,-689,1013,1166,123,1001
IMU1,41831,427679250,-1932,-711,1058,1176,110,1050
IMU1,41832,427690102,-2047,-790,1096,1183,118,1130
IMU1,41833,427700954,-2042,-814,1075,1168,177,1336
IMU1,41834,427711798,-2165,-792,1101,1138,230,1446
IMU1,41835,427722668,-2191,-749,1026,1100,310,1555
IMU1,41836,427733535,-2204,-707,998,1046,377,1646
IMU1,41837,427744188,-2110,-568,870,981,414,1699
IMU1,41838,427754635,-2162,-411,879,877,422,1684
IMU1,41839,427765088,-2085,-290,858,767,458,1611
IMU1,41840,427775539,-1963,-175,795,636,512,1485
IMU1,41841,427786011,-2122,-182,805,483,557,1313
IMU1,41842,427797494,-2161,-151,815,176,539,1032
IMU1,41843,427807941,-2191,-139,810,23,479,937
IMU1,41844,427818003,-2215,-129,797,-131,439,871
IMU1,41845,427828352,-2238,-114,765,-292,428,836
IMU1,41846,427838697,-2269,-107,779,-451,438,825
IMU1,41847,427849048,-2272,-110,769,-601,463,834
IMU1,41848,427859388,-2238,-100,741,-734,486,859
IMU1,41849,427869729,-2192,-107,710,-856,496,889
IMU1,41850,427880073,-2106,-99,658,-971,489,919
IMU1,41851,427890210,-2029,-60,581,-1078,480,941
IMU1,41852,427900561,-1957,-4,477,-1196,486,954
IMU1,41853,427910725,-1918,-3,392,-1321,505,960
IMU1,41854,427920873,-1875,16,173,-1455,522,972
IMU1,41855,427931640,-1831,-13,104,-1764,657,1044
IMU1,41856,427942176,-1781,8,26,-1913,751,1098
IMU1,41857,427952247,-1732,96,-127,-2057,831,1153
IMU1,41858,427962789,-1650,153,-162,-2181,892,1203
IMU1,41859,427973534,-1611,212,-158,-2263,956,1254
IMU1,41860,427984288,-1618,69,-38,-2293,1074,1333
IMU1,41861,427994830,-1734,167,216,-2261,1271,1470
IMU1,41862,428005689,-1841,201,522,-2138,1545,1654
IMU1,41863,428019091,-1962,271,697,-1691,2072,2044
IMU1,41864,428029951,-1922,355,406,-1475,2103,2216
IMU1,41865,428040815,-1893,556,136,-1308,1980,2326
IMU1,41866,428051653,-1893,690,69,-1188,1706,2395
IMU1,41867,428062308,-1886,670,153,-1068,1303,2437
IMU1,41868,428073158,-1986,655,266,-904,830,2459
IMU1,41869,428083603,-2111,703,262,-705,355,2484
IMU1,41870,428094042,-2298,752,310,-506,-92,2518
IMU1,41871,428104923,-2362,677,342,-131,-794,2575
IMU1,41872,428115473,-2352,657,366,45,-1023,2572
IMU1,41873,428125916,-2228,712,413,173,-1147,2534
IMU1,41874,428136583,-2137,816,357,270,-1103,2432
IMU1,41875,428147236,-2087,945,230,305,-928,2273
IMU1,41876,428157689,-1968,1109,164,279,-741,2055
IMU1,41877,428168340,-1878,1167,69,228,-693,1771
IMU1,41878,428178780,-1854,1190,17,160,-829,1452
IMU1,41879,428189225,-1777,1182,-9,71,-1026,1130
IMU1,41880,428199572,-1728,1190,-86,-47,-1103,824
IMU1,41881,428210532,-1766,1218,-109,-338,-720,384
IMU1,41882,428221171,-1747,1231,-44,-485,-386,253
IMU1,41883,428231614,-1700,1239,-17,-586,-32,157
IMU1,41884,428241865,-1653,1258,-17,-665,317,82
IMU1,41885,428252004,-1644,1220,58,-726,656,16
IMU1,41886,428262044,-1659,1183,125,-747,971,-37
IMU1,41887,428272393,-1658,1152,185,-743,1250,-71
IMU1,41888,428282949,-1638,1147,190,-727,1468,-94
IMU1,41889,428293485,-1639,1173,188,-713,1629,-125
IMU1,41890,428304214,-1682,1205,191,-707,1738,-161
IMU1,41891,428314945,-1748,1211,191,-711,1809,-190
IMU1,41892,428326215,-1911,1193,189,-746,1890,-195
IMU1,41893,428336979,-2046,1185,204,-777,1886,-166
IMU1,41894,428347724,-2141,1151,271,-808,1805,-101
IMU1,41895,428358472,-2129,1127,308,-809,1634,-20
IMU1,41896,428369014,-2056,1131,316,-790,1399,43
IMU1,41897,428379477,-1989,1185,255,-760,1163,70
IMU1,41898,428389947,-1945,1158,225,-740,1031,59
IMU1,41899,428400415,-1890,1061,227,-735,1056,29
IMU1,41900,428410870,-1927,970,266,-743,1207,-9
IMU1,41901,428421032,-2068,907,451,-749,1388,-52
IMU1,41902,428431917,-2095,926,526,-706,1522,-166
IMU1,41903,428442482,-2054,927,604,-662,1464,-278
IMU1,41904,428453020,-2011,901,685,-614,1391,-424
IMU1,41905,428463572,-2016,906,727,-586,1344,-587
IMU1,41906,428474131,-2076,972,711,-580,1307,-760
IMU1,41907,428484695,-2175,1046,655,-623,1251,-924
IMU1,41908,428495447,-2296,1073,529,-731,1162,-1066
IMU1,41909,428506398,-2387,1099,444,-910,1076,-1179
IMU1,41910,428517366,-2487,961,205,-1147,1059,-1315
IMU1,41911,428528321,-2428,928,-11,-1771,1076,-1343
IMU1,41912,428539166,-2407,913,-135,-2149,936,-1374
IMU1,41913,428550033,-2302,901,-154,-2553,712,-1407
IMU1,41914,428560901,-2197,878,-133,-2931,463,-1434
IMU1,41915,428571756,-2111,836,-79,-3274,292,-1445
IMU1,41916,428582413,-2118,811,-34,-3559,233,-1432
IMU1,41917,428593064,-2196,841,-33,-3784,257,-1386
IMU1,41918,428603726,-2361,772,-52,-3970,318,-1308
IMU1,41919,428614400,-2432,720,-38,-4246,384,-1086
IMU1,41920,428625039,-2531,703,-20,-4315,393,-942
IMU1,41921,428635502,-2744,682,-49,-4333,372,-769
IMU1,41922,428645958,-3097,702,-101,-4304,347,-556
IMU1,41923,428656622,-3280,450,-113,-4226,385,-320
IMU1,41924,428667259,-3456,422,-93,-4096,493,-101
IMU1,41925,428677692,-3314,583,-87,-3909,679,21
IMU1,41926,428687841,-3185,451,-135,-3662,850,40
IMU1,41927,428698194,-3822,311,-306,-3364,758,-47
IMU1,41928,428708648,-3658,272,152,-2987,585,-145
IMU1,41929,428719199,-3111,644,334,-2452,541,-423
IMU1,41930,428729770,-3030,541,378,-1117,946,-1600
IMU1,41931,428740528,-3180,415,431,-387,1295,-2335
IMU1,41932,428751288,-3348,259,525,336,1622,-3009
IMU1,41933,428761948,-3380,141,542,1031,1828,-3572
IMU1,41934,428772811,-3339,160,506,1654,1823,-4035
IMU1,41935,428783661,-3251,239,500,2189,1637,-4440
IMU1,41936,428794532,-3075,332,499,2641,1323,-4824
IMU1,41937,428805400,-2937,417,442,3002,901,-5206
IMU1,41938,428816564,-2752,395,473,3400,-117,-5890
IMU1,41939,428827310,-2574,390,506,3445,-704,-6185
IMU1,41940,428838062,-2348,394,580,3367,-1201,-6449
IMU1,41941,428849015,-2106,282,539,3176,-1305,-6668
IMU1,41942,428859972,-1783,177,358,2879,-882,-6822
IMU1,41943,428870718,-1601,158,155,2523,-329,-6921
IMU1,41944,428881463,-1457,262,56,2157,-66,-6986
IMU1,41945,428891810,-1279,370,19,1812,-106,-7041
IMU1,41946,428902884,-930,387,1,1137,-220,-7063
IMU1,41947,428913027,-760,347,-47,810,-18,-6990
IMU1,41948,428923068,-700,118,-33,489,327,-6845
IMU1,41949,428933211,-560,144,-22,193,689,-6637
IMU1,41950,428943342,-428,287,-97,-75,950,-6405
IMU1,41951,428953391,-260,355,-111,-346,1082,-6175
IMU1,41952,428964049,-47,329,-170,-603,1077,-5953
IMU1,41953,428974480,141,273,-263,-858,968,-5742
IMU1,41954,428984821,406,244,-287,-1121,764,-5518
IMU1,41955,428995363,435,259,-467,-1380,525,-5264
IMU1,41956,429005905,575,195,-63,-1610,250,-4935
IMU1,41957,429016256,675,338,-56,-1726,34,-4500
IMU1,41958,429028963,-123,967,323,-1674,233,-3318
IMU1,41959,429039507,78,987,483,-1460,741,-2599
IMU1,41960,429049772,949,724,193,-1182,1257,-2049
IMU1,41961,429060435,1156,539,396,-921,1503,-1714
IMU1,41962,429071094,683,384,390,-612,1462,-1495
IMU1,41963,429081555,-232,212,450,-278,1231,-1184
IMU1,41964,429092118,1767,-3,-117,70,752,-828
IMU1,41965,429101868,311,-314,-54,411,-319,-620
IMU1,41966,429111928,-605,-643,104,808,-1526,-17
IMU1,41967,429122170,-840,-687,502,1249,-2204,901
# swing_peak_seq=41941
IMU1,41968,429132716,-273,-680,448,1715,-2028,1890
IMU1,41969,429143476,-369,-681,182,2410,-366,3587
IMU1,41970,429154024,-520,-769,157,2575,424,4352
IMU1,41971,429164484,-1027,-1096,366,2687,1082,5089
IMU1,41972,429175541,-1263,-1483,345,2779,1613,5828
IMU1,41973,429186609,-1514,-1866,501,2838,2094,6537
IMU1,41974,429197667,-1715,-2068,544,2877,2555,7159
IMU1,41975,429208754,-1593,-2038,369,2861,2901,7648
IMU1,41976,429219838,-1276,-1939,-25,2561,3162,8099
IMU1,41977,429230808,-1989,-1653,-65,2260,3257,8206
IMU1,41978,429241761,-2327,-1356,118,1930,3399,8286
IMU1,41979,429252823,-3173,-1153,156,1629,3612,8369
IMU1,41980,429263897,-3658,-1031,773,1370,3778,8456
IMU1,41981,429274965,-3040,-410,1066,1278,3775,8403
IMU1,41982,429286023,-2594,118,1083,1357,3439,7988
IMU1,41983,429297512,-2708,62,704,1875,1861,6445
IMU1,41984,429308078,-2760,-174,642,2215,1016,5701
IMU1,41985,429318938,-2839,-370,568,2550,392,5077
IMU1,41986,429329613,-3024,-381,522,2814,-13,4575
IMU1,41987,429340164,-3152,-313,485,2982,-216,4191
IMU1,41988,429350922,-3174,-217,384,3041,-195,3872
IMU1,41989,429361682,-3170,-32,230,2976,53,3598
IMU1,41990,429371954,-3108,208,87,2797,427,3349
IMU1,41991,429382331,-2957,315,130,2560,775,3119
IMU1,41992,429393438,-2976,266,128,2193,1019,2660
IMU1,41993,429404207,-3059,316,200,2106,987,2455
IMU1,41994,429414773,-3075,421,246,2075,988,2271
IMU1,41995,429425341,-3260,457,316,2068,1066,2106
IMU1,41996,429436106,-3371,519,497,2076,1207,1995
IMU1,41997,429446882,-3126,658,556,2110,1358,1895
IMU1,41998,429457646,-3017,632,635,2151,1438,1728
IMU1,41999,429468428,-3006,564,691,2222,1338,1529
IMU1,42000,429479191,-3013,696,550,2317,527,1119
IMU1,42001,429489773,-2928,720,560,2469,-17,965
IMU1,42002,429500023,-2826,715,659,2503,-470,833
IMU1,42003,429510489,-2843,728,710,2518,-694,718
IMU1,42004,429520952,-2837,671,775,2499,-638,632
IMU1,42005,429531426,-2890,633,803,2432,-383,579
IMU1,42006,429541890,-2854,581,800,2314,-68,558
IMU1,42007,429552166,-2885,504,814,2157,193,548
IMU1,42008,429562525,-2781,513,787,1962,360,529
IMU1,42009,429572900,-2792,569,784,1734,438,469
IMU1,42010,429583268,-2812,663,866,1473,466,364
IMU1,42011,429593635,-2780,700,929,1188,498,208
IMU1,42012,429603989,-3100,680,1122,875,529,-169
IMU1,42013,429614440,-3182,672,1289,256,281,-351
IMU1,42014,429624887,-3360,683,1392,-25,-59,-525
IMU1,42015,429635121,-3376,788,1465,-278,-400,-694
IMU1,42016,429645765,-3427,934,1622,-508,-643,-861
IMU1,42017,429656402,-3424,1061,1729,-718,-782,-1037
IMU1,42018,429667454,-3532,1178,1820,-901,-889,-1240
IMU1,42019,429678514,-3640,1267,1850,-1060,-1013,-1451
IMU1,42020,429689961,-3633,1401,1660,-1217,-1117,-1683
IMU1,42021,429701404,-3800,1646,1516,-1679,-1117,-2275
IMU1,42022,429712859,-4024,1787,1463,-2002,-1053,-2537
IMU1,42023,429724298,-4205,1923,1496,-2333,-1090,-2742
IMU1,42024,429735747,-4322,2056,1463,-2635,-1293,-2889
IMU1,42025,429747192,-4381,2203,1342,-2924,-1592,-2980
IMU1,42026,429758680,-4159,2464,989,-3570,-2137,-3117
IMU1,42027,429769963,-4008,2481,744,-3920,-2313,-3224
IMU1,42028,429781216,-3930,2440,537,-4289,-2401,-3347
IMU1,42029,429792472,-3766,2444,322,-4673,-2438,-3440
IMU1,42030,429803734,-3504,2444,105,-5081,-2404,-3521
IMU1,42031,429814996,-3176,2399,-317,-5484,-2325,-3627
IMU1,42032,429826380,-2642,2153,-450,-6289,-2062,-3956
IMU1,42033,429837745,-2469,1975,-471,-6680,-1898,-4143
IMU1,42034,429849108,-2471,1835,-391,-6993,-1683,-4324
IMU1,42035,429860476,-2452,1767,-334,-7203,-1415,-4443
IMU1,42036,429871833,-2244,1703,-331,-7312,-1128,-4516
IMU1,42037,429883208,-1790,1604,-382,-7336,-637,-4693
IMU1,42038,429894366,-1576,1529,-365,-7292,-409,-4801
IMU1,42039,429905531,-1416,1396,-332,-7208,-177,-4905
IMU1,42040,429916693,-1380,1263,-259,-7077,39,-4987
IMU1,42041,429927548,-1345,1063,-193,-6894,211,-5008
IMU1,42042,429938590,-1358,865,-124,-6668,351,-4955
IMU1,42043,429949441,-1343,719,-84,-6392,459,-4840
IMU1,42044,429960102,-1060,980,-404,-5737,377,-4572
IMU1,42045,429970947,-827,1046,-566,-5435,108,-4437
IMU1,42046,429981804,-724,890,-667,-5141,-192,-4270
IMU1,42047,429992546,-643,692,-725,-4853,-406,-4017
IMU1,42048,430003286,-684,588,-830,-4550,-546,-3664
IMU1,42049,430014027,-639,624,-967,-4232,-679,-3243
IMU1,42050,430024785,-229,638,-1227,-3918,-834,-2828
IMU1,42051,430038302,-39,894,-1639,-3356,-1144,-2043
IMU1,42052,430049262,84,863,-1721,-3095,-1263,-1672
IMU1,42053,430060125,-124,781,-2176,-2804,-1278,-1244
IMU1,42054,430071283,-88,710,-1968,-2523,-1129,-729
IMU1,42055,430082043,27,741,-2013,-2149,-867,-215
IMU1,42056,430092452,56,767,-2080,-1713,-610,242
IMU1,42057,430102782,67,811,-2068,-1256,-354,643
IMU1,42058,430113112,99,867,-1933,-783,-106,993
IMU1,42059,430124291,24,675,-1712,199,317,1543
IMU1,42060,430134438,-218,693,-1558,726,500,1753
IMU1,42061,430144879,-337,618,-1398,1257,586,1951
IMU1,42062,430155523,-489,496,-1253,1808,517,2127
IMU1,42063,430166167,-619,330,-1220,2370,270,2278
IMU1,42064,430176820,-737,178,-1167,2926,-85,2405
# swing_peak_seq=42038
IMU1,42065,430187350,-881,63,-1123,3451,-435,2506
IMU1,42066,430197898,-1027,-62,-1104,3932,-696,2599
IMU1,42067,430208740,-1164,-202,-1065,4357,-818,2691
IMU1,42068,430219766,-1381,-356,-978,4994,-664,2878
IMU1,42069,430230613,-1401,-394,-869,5199,-486,2973
IMU1,42070,430241461,-1451,-338,-759,5341,-271,3039
IMU1,42071,430252310,-1534,-246,-613,5423,-16,3095
IMU1,42072,430262964,-1604,-187,-431,5444,271,3141
IMU1,42073,430273707,-1702,-215,-193,5424,555,3163
IMU1,42074,430284463,-1844,-236,0,5388,779,3134
IMU1,42075,430294639,-2111,-252,166,5347,888,3099
IMU1,42076,430305294,-2384,-300,366,5316,850,3141
IMU1,42077,430316475,-2131,-294,487,5355,326,3241
IMU1,42078,430327133,-1847,-205,570,5413,-112,3195
IMU1,42079,430337893,-1597,-70,534,5509,-591,3041
IMU1,42080,430348456,-1439,77,486,5586,-1047,2802
IMU1,42081,430359107,-1390,160,405,5631,-1415,2511
IMU1,42082,430369961,-1414,206,352,5626,-1645,2216
IMU1,42083,430380801,-1546,257,281,5567,-1706,1972
IMU1,42084,430391648,-1742,302,367,5460,-1568,1817
IMU1,42085,430402509,-2266,376,834,5266,-678,1869
IMU1,42086,430413155,-2363,253,1033,5206,-22,2065
IMU1,42087,430423789,-2469,209,1046,5162,485,2289
IMU1,42088,430434530,-2637,283,1145,5106,676,2490
IMU1,42089,430445297,-2796,353,1282,5056,578,2654
IMU1,42090,430456050,-2830,364,1430,5025,346,2760
IMU1,42091,430466810,-2776,410,1543,5008,116,2788
IMU1,42092,430477569,-2670,505,1627,5001,-33,2739
IMU1,42093,430488223,-2528,611,1684,4998,-85,2607
IMU1,42094,430499400,-2265,753,1498,5036,-172,2290
IMU1,42095,430510256,-2444,904,1449,5031,-277,2067
IMU1,42096,430521111,-2599,1124,1469,5014,-283,1806
IMU1,42097,430532166,-2733,1271,1768,4987,-145,1617
IMU1,42098,430543207,-2749,1220,1897,5023,81,1472
IMU1,42099,430553971,-2834,1172,2077,5087,236,1350
IMU1,42100,430564944,-2884,1226,2103,5154,232,1252
IMU1,42101,430576428,-2707,1401,1825,5088,-120,1035
IMU1,42102,430587480,-2581,1474,1675,4897,-312,880
IMU1,42103,430598334,-2485,1527,1612,4614,-421,691
IMU1,42104,430609184,-2428,1517,1586,4272,-446,508
IMU1,42105,430620044,-2403,1533,1628,3906,-421,342
IMU1,42106,430630886,-2383,1579,1706,3558,-337,197
IMU1,42107,430641742,-2250,1565,1781,3234,-197,65
IMU1,42108,430652393,-1966,1549,1794,2917,157,-202
IMU1,42109,430663253,-1903,1518,1698,2215,309,-336
IMU1,42110,430674115,-1846,1472,1563,1774,348,-449
IMU1,42111,430684963,-1803,1430,1481,1292,271,-544
IMU1,42112,430695809,-1799,1382,1449,790,152,-605
IMU1,42113,430706462,-1781,1338,1436,315,82,-631
IMU1,42114,430716926,-1737,1305,1467,-125,129,-620
IMU1,42115,430727673,-1822,1249,1486,-520,304,-587
IMU1,42116,430738429,-2024,1091,1594,-866,549,-516
IMU1,42117,430749179,-2073,1017,1654,-1419,1029,-297
IMU1,42118,430760323,-2071,987,1761,-1637,1137,-177
IMU1,42119,430771256,-2073,976,1910,-1780,1158,-95
IMU1,42120,430782009,-2098,968,2033,-1859,1131,-41
IMU1,42121,430792755,-2165,986,2144,-1876,1048,5
IMU1,42122,430803219,-2272,1030,2254,-1846,926,45
IMU1,42123,430813863,-2375,1119,2351,-1776,781,89
IMU1,42124,430824538,-2441,1220,2431,-1685,625,130
IMU1,42125,430835390,-2471,1428,2459,-1536,242,131
IMU1,42126,430846249,-2510,1546,2444,-1517,-32,86
IMU1,42127,430856817,-2584,1686,2412,-1542,-325,19
IMU1,42128,430867553,-2649,1843,2332,-1620,-622,-51
IMU1,42129,430878399,-2663,2036,2196,-1754,-932,-124
IMU1,42130,430889468,-2643,2277,2014,-1960,-1236,-220
IMU1,42131,430900712,-2547,2451,1773,-2252,-1506,-354
IMU1,42132,430911959,-2498,2696,1366,-2645,-1695,-707
IMU1,42133,430923209,-2551,2779,1204,-3672,-1544,-870
IMU1,42134,430934465,-2662,2842,1126,-4237,-1319,-993
IMU1,42135,430945710,-2773,2896,1163,-4765,-1087,-1069
IMU1,42136,430957159,-2823,2925,1200,-5209,-888,-1106
IMU1,42137,430968406,-2894,2939,1186,-5566,-759,-1114
IMU1,42138,430979664,-2980,2899,1063,-6077,-797,-1066
IMU1,42139,430990926,-2992,2883,987,-6260,-926,-1016
IMU1,42140,431001985,-2938,2818,883,-6376,-1025,-977
IMU1,42141,431013039,-2774,2669,710,-6480,-1067,-946
IMU1,42142,431024096,-2631,2585,506,-6620,-1091,-933
IMU1,42143,431035144,-2434,2440,306,-6798,-1086,-957
IMU1,42144,431048673,-2080,2073,83,-7232,-978,-1132
IMU1,42145,431059525,-2073,2014,66,-7446,-866,-1240
IMU1,42146,431070380,-1960,1902,61,-7612,-690,-1343
IMU1,42147,431081250,-1809,1739,36,-7722,-462,-1459
IMU1,42148,431092103,-1662,1608,-39,-7779,-232,-1592
IMU1,42149,431103054,-1509,1469,-139,-7817,-19,-1739
IMU1,42150,431114021,-1243,1259,-432,-7855,306,-2074
IMU1,42151,431125084,-1164,1210,-533,-7990,456,-2240
IMU1,42152,431136146,-1024,1110,-632,-8062,655,-2386
IMU1,42153,431147203,-921,921,-630,-8116,915,-2515
IMU1,42154,431157873,-858,860,-595,-8121,1219,-2613
IMU1,42155,431168730,-770,669,-534,-8048,1556,-2671
IMU1,42156,431179584,-701,420,-467,-7889,1897,-2687
IMU1,42157,431190450,-827,269,-563,-7647,2228,-2659
IMU1,42158,431201315,-773,202,-576,-7002,2524,-2458
IMU1,42159,431212180,-827,157,-606,-6623,2289,-2315
IMU1,42160,431223037,-724,84,-614,-6230,1816,-2149
IMU1,42161,431233713,-691,70,-572,-5843,1198,-1968
IMU1,42162,431244357,-777,133,-529,-5465,508,-1742
IMU1,42163,431255008,-729,272,-620,-5097,-199,-1484
# exclude_peak_seq=42038
IMU1,0,472,-170,-171,1851,367,270,-12
IMU1,1,8440,-319,-214,1910,357,269,84
IMU1,2,16629,-228,-157,2039,367,230,202
IMU1,3,25210,190,-160,2070,397,206,289
IMU1,4,33701,279,-124,2041,412,294,297
IMU1,5,42188,82,-184,1986,393,490,283
IMU1,6,50996,25,-193,1918,351,633,284
IMU1,7,60872,-14,-72,1977,304,623,271
IMU1,8,70114,-68,-29,2065,271,488,255
IMU1,9,79869,-111,-58,2113,265,299,247
IMU1,10,89308,-125,-76,2083,268,116,249
IMU1,11,98930,-99,-59,2026,276,-1,251
IMU1,12,108579,-45,-33,1995,272,-43,258
IMU1,13,118101,-14,-30,2006,271,-29,256
IMU1,14,128140,18,-9,2025,275,13,253
IMU1,15,137776,36,12,2032,289,51,244
IMU1,16,147009,31,39,2038,301,57,233
IMU1,17,156780,15,24,1995,319,27,232
IMU1,18,166553,-42,10,1929,340,-27,237
IMU1,19,175965,-26,11,1881,348,-78,254
IMU1,20,185400,61,8,1879,341,-100,282
IMU1,21,195256,126,-2,1876,341,-69,290
IMU1,22,204683,173,7,1862,348,1,273
IMU1,23,214256,208,13,1900,351,73,254
IMU1,24,224221,230,10,1928,354,137,215
IMU1,25,233854,199,18,1937,353,177,180
IMU1,26,243488,176,42,1946,343,204,150
IMU1,27,253121,166,84,1979,346,227,112
IMU1,28,262757,152,86,2050,340,235,86
IMU1,29,272193,120,103,2111,340,240,69
IMU1,30,281824,70,131,2175,362,235,61
IMU1,31,291267,50,155,2232,393,227,63
IMU1,32,301240,35,172,2245,435,209,77
IMU1,33,310688,21,194,2228,469,171,102
IMU1,34,320334,8,192,2227,497,141,130
IMU1,35,329772,14,187,2202,523,139,157
IMU1,36,339406,21,200,2174,526,139,192
IMU1,37,349041,52,204,2187,521,141,218
IMU1,38,358681,70,220,2200,519,156,230
IMU1,39,368329,75,234,2192,510,171,243
IMU1,40,377979,83,250,2196,493,184,252
IMU1,41,387625,71,285,2170,486,196,254
IMU1,42,397269,61,300,2195,475,196,250
IMU1,43,406927,56,279,2215,463,184,244
IMU1,44,416579,51,273,2206,449,154,244
IMU1,45,426215,44,276,2182,436,130,226
IMU1,46,435861,9,273,2150,410,97,213
IMU1,47,445106,-25,283,2119,380,51,218
IMU1,48,454654,-76,313,2085,342,2,232
IMU1,49,464518,-102,332,2088,310,-24,252
IMU1,50,474349,-118,325,2101,280,-17,273
IMU1,51,483665,-152,319,2095,262,25,298
IMU1,52,493414,-140,308,2083,238,78,321
IMU1,53,503157,-94,293,2068,210,105,333
IMU1,54,512383,-48,295,2034,182,102,317
IMU1,55,522111,11,312,1994,156,80,276
IMU1,56,532086,40,326,1969,118,53,223
IMU1,57,541526,40,332,1931,73,31,160
IMU1,58,551289,7,349,1903,22,2,101
IMU1,59,560663,-18,347,1927,-24,-23,53
IMU1,60,570505,-2,339,1983,-61,-25,8
IMU1,61,579967,43,326,2036,-73,-7,-43
IMU1,62,589620,73,330,2060,-77,31,-94
IMU1,63,599382,79,345,2051,-73,84,-140
IMU1,64,608829,47,376,2052,-66,131,-191
IMU1,65,618468,15,414,2100,-56,177,-234
IMU1,66,628104,-53,435,2209,-26,233,-272
IMU1,67,637846,-113,470,2332,19,293,-288
IMU1,68,647180,-148,488,2435,89,317,-295
IMU1,69,657024,-158,496,2466,171,280,-307
IMU1,70,666535,-195,469,2416,266,184,-325
IMU1,71,676041,-240,427,2310,323,23,-316
IMU1,72,685874,-245,388,2182,361,-137,-303
IMU1,73,695495,-259,373,2050,365,-276,-269
IMU1,74,705118,-230,355,1967,338,-361,-222
IMU1,75,714738,-173,355,1941,297,-403,-167
IMU1,76,724353,-138,354,1926,255,-397,-120
IMU1,77,733969,-127,348,1924,220,-350,-86
IMU1,78,743386,-107,336,1937,189,-299,-58
IMU1,79,752795,-76,345,1930,163,-270,-37
IMU1,80,762536,-52,365,1941,147,-241,-39
IMU1,81,772274,-37,365,1970,122,-201,-45
IMU1,82,782003,-75,344,1975,115,-141,-60
IMU1,83,791219,-115,355,1994,99,-89,-63
IMU1,84,801281,-154,360,2038,94,-46,-77
IMU1,85,810805,-171,361,2108,99,-16,-92
IMU1,86,820337,-198,366,2163,122,7,-115
IMU1,87,829959,-226,384,2190,140,9,-131
IMU1,88,839599,-227,407,2209,164,-7,-154
IMU1,89,849335,-209,419,2208,183,-41,-179
IMU1,90,858737,-193,437,2175,193,-76,-217
IMU1,91,868158,-164,456,2134,192,-105,-264
IMU1,92,877769,-160,460,2093,174,-122,-315
IMU1,93,887379,-169,460,2055,133,-135,-360
IMU1,94,896989,-166,475,2027,80,-152,-401
IMU1,95,906910,-154,488,2031,38,-173,-453
IMU1,96,916323,-145,481,2040,-16,-200,-492
IMU1,97,926350,-153,468,2050,-53,-196,-542
IMU1,98,935875,-172,457,2076,-83,-179,-579
IMU1,99,945393,-179,456,2091,-103,-153,-602
IMU1,100,955110,-192,457,2071,-119,-133,-612
IMU1,101,964518,-191,463,2031,-139,-135,-615
IMU1,102,974429,-165,442,1998,-170,-157,-611
IMU1,103,983815,-150,413,1967,-213,-188,-599
IMU1,104,993204,-141,370,1952,-251,-215,-583
IMU1,105,1005343,-142,339,1953,-292,-225,-560
IMU1,106,1014931,-158,332,1947,-335,-207,-529
IMU1,107,1024521,-163,343,1969,-373,-167,-488
IMU1,108,1034074,-151,348,2004,-397,-105,-447
IMU1,109,1043656,-139,363,2012,-416,-48,-407
IMU1,110,1053029,-139,353,2008,-429,-15,-383
IMU1,111,1062411,-136,337,1998,-445,-20,-364
IMU1,112,1071786,-138,331,1996,-462,-44,-350
IMU1,113,1081181,-130,319,1983,-481,-67,-333
IMU1,114,1090572,-134,310,1972,-505,-77,-320
IMU1,115,1099957,-132,294,1983,-521,-69,-307
IMU1,116,1109362,-127,274,1998,-536,-46,-289
IMU1,117,1118755,-129,272,2012,-533,-23,-274
IMU1,118,1128152,-119,268,2035,-527,-3,-260
IMU1,119,1137859,-114,275,2045,-511,16,-249
IMU1,120,1147155,-121,277,2084,-485,38,-247
IMU1,121,1156961,-105,259,2128,-450,51,-243
IMU1,122,1166247,-93,246,2159,-414,52,-242
IMU1,123,1175859,-91,253,2166,-366,45,-246
IMU1,124,1185477,-104,251,2157,-322,36,-251
IMU1,125,1195291,-117,239,2140,-281,16,-249
IMU1,126,1205109,-128,234,2112,-245,4,-244
IMU1,127,1214726,-119,213,2091,-219,2,-226
IMU1,128,1224342,-106,187,2059,-200,8,-206
IMU1,129,1233950,-126,162,2008,-189,11,-186
IMU1,130,1243220,-144,148,1998,-176,2,-172
IMU1,131,1252830,-138,127,2006,-180,-40,-138
IMU1,132,1262730,-126,108,2008,-168,-78,-117
IMU1,133,1272113,-131,99,2006,-163,-119,-82
IMU1,134,1281822,-128,69,2021,-144,-117,-60
IMU1,135,1291515,-98,47,2028,-128,-95,-39
IMU1,136,1301345,-80,30,2006,-113,-58,-33
IMU1,137,1310652,-93,24,1985,-118,-26,-30
IMU1,138,1320491,-124,-2,1991,-117,10,-49
IMU1,139,1329789,-123,-14,1983,-124,12,-65
IMU1,140,1339810,-107,2,1995,-139,-23,-93
IMU1,141,1349121,-113,6,2025,-152,-78,-132
IMU1,142,1358626,-121,9,2059,-145,-124,-185
IMU1,143,1368326,-115,8,2116,-135,-178,-237
IMU1,144,1378029,-113,12,2141,-115,-218,-292
IMU1,145,1387415,-119,46,2125,-109,-237,-327
IMU1,146,1397324,-168,51,2094,-103,-213,-355
IMU1,147,1406707,-231,36,2042,-113,-172,-357
IMU1,148,1416626,-284,34,2022,-140,-136,-327
IMU1,149,1426011,-318,22,2016,-167,-99,-277
IMU1,150,1435720,-305,6,2033,-198,-78,-209
IMU1,151,1445236,-266,19,2065,-214,-63,-151
IMU1,152,1454943,-243,26,2082,-219,-42,-111
IMU1,153,1464646,-215,27,2076,-214,-18,-92
IMU1,154,1474152,-181,39,2075,-225,-8,-78
IMU1,155,1483997,-152,63,2059,-224,19,-94
IMU1,156,1493425,-98,69,2053,-243,56,-117
IMU1,157,1502848,-69,59,2027,-253,111,-161
IMU1,158,1512464,-82,54,1997,-271,169,-216
IMU1,159,1522085,-79,47,1976,-302,190,-261
IMU1,160,1531706,-61,34,1957,-332,175,-300
IMU1,161,1541332,-66,23,1926,-368,135,-332
IMU1,162,1550936,-96,18,1918,-404,91,-358
IMU1,163,1560880,-98,5,1932,-436,47,-354
IMU1,164,1570615,-124,-3,1941,-465,14,-329
IMU1,165,1580119,-245,-82,2293,-454,15,-293
IMU1,166,1589836,-236,-160,2333,-356,-26,-228
IMU1,167,1599324,-134,-110,2200,-217,-157,-169
IMU1,168,1609018,-78,-90,2147,-107,-270,-126
IMU1,169,1618296,-24,-89,2042,-35,-338,-102
IMU1,170,1627888,-27,-92,2053,4,-357,-101
IMU1,171,1637723,-58,-123,2096,25,-289,-60
IMU1,172,1647241,-58,-155,2135,53,-153,-7
IMU1,173,1657069,-27,-137,2160,97,-8,46
IMU1,174,1666597,-3,-97,2143,153,93,77
IMU1,175,1676030,30,-87,2113,215,140,70
IMU1,176,1685773,-11,-230,1625,238,146,35
IMU1,177,1695276,-366,-393,1735,136,188,15
IMU1,178,1704991,-281,-144,1981,12,248,73
IMU1,179,1714498,-239,-152,2119,-29,238,102
IMU1,180,1724318,-213,-203,2110,-14,165,96
IMU1,181,1733928,-137,-147,2083,5,93,92
IMU1,182,1743565,-157,-110,2066,16,56,78
IMU1,183,1752885,-223,-132,2155,20,28,46
IMU1,184,1762724,-218,-151,2201,47,-12,35
IMU1,185,1772131,-241,-63,2106,86,-64,16
IMU1,186,1781863,-226,-86,2011,103,-71,9
IMU1,187,1791594,-176,-75,1966,90,-24,-24
IMU1,188,1800921,-176,-59,1948,48,19,-45
IMU1,189,1810650,-74,-15,1971,4,35,-66
IMU1,190,1820507,-4,-10,2010,-53,-4,-80
IMU1,191,1829834,-58,-45,2012,-98,-25,-99
IMU1,192,1839564,-49,-44,2017,-149,-33,-99
IMU1,193,1848978,-110,-9,2013,-189,-43,-86
IMU1,194,1858891,-137,-39,1999,-229,-46,-65
IMU1,195,1868493,-113,-77,1995,-262,-28,-40
IMU1,196,1878104,-100,-80,2014,-297,18,-16
IMU1,197,1887616,-64,-84,2008,-329,112,-18
IMU1,198,1897126,-45,-101,2035,-367,235,-24
IMU1,199,1906832,-49,-114,2079,-406,339,-32
IMU1,200,1916553,-55,-118,2116,-427,381,-39
IMU1,201,1926283,-44,-106,2121,-428,339,-47
IMU1,202,1935986,-81,-119,2115,-413,241,-56
IMU1,203,1945184,-92,-171,2096,-392,115,-45
IMU1,204,1954906,-79,-193,2041,-366,27,-30
IMU1,205,1964420,-87,-196,2033,-343,12,-13
IMU1,206,1974454,-98,-214,2067,-325,34,11
IMU1,207,1983861,-109,-188,2109,-290,7,32
IMU1,208,1993288,-119,-178,2106,-228,-103,46
IMU1,209,2005316,-152,-217,2111,-149,-229,63
IMU1,210,2014711,-167,-248,2073,-66,-324,79
IMU1,211,2023911,-160,-244,2071,10,-397,94
IMU1,212,2033015,-136,-269,2048,76,-431,114
IMU1,213,2042316,-132,-227,2015,136,-431,124
IMU1,214,2051821,-139,-242,2009,168,-408,140
IMU1,215,2061294,-127,-242,1978,190,-350,149
IMU1,216,2070773,-118,-227,1977,188,-307,162
IMU1,217,2080262,-96,-211,2007,168,-301,169
IMU1,218,2089533,-94,-194,2039,137,-312,173
IMU1,219,2099345,-79,-204,2070,105,-307,174
IMU1,220,2108629,-77,-201,2079,69,-269,173
IMU1,221,2118251,-62,-195,2094,30,-222,169
IMU1,222,2127866,-34,-187,2119,-3,-172,148
IMU1,223,2137902,-25,-154,2141,-38,-139,118
IMU1,224,2147095,-17,-136,2166,-71,-128,77
IMU1,225,2157135,5,-151,2188,-96,-131,38
IMU1,226,2166357,26,-138,2130,-119,-122,-2
IMU1,227,2176395,23,-143,2087,-150,-101,-30
IMU1,228,2185572,35,-158,2086,-196,-59,-51
IMU1,229,2195612,10,-193,2055,-246,-6,-55
IMU1,230,2204925,-10,-195,2070,-298,33,-53
IMU1,231,2214441,-33,-182,2080,-340,42,-54
IMU1,232,2224459,-53,-220,2092,-369,31,-50
IMU1,233,2233977,1,-192,2034,-392,37,-40
IMU1,234,2243727,7,-98,2013,-421,99,-45
IMU1,235,2253267,-102,-290,2005,-458,203,-30
IMU1,236,2262648,-137,-354,2009,-494,297,-10
IMU1,237,2272560,-102,-329,2034,-522,380,-13
IMU1,238,2281953,-136,-374,2092,-527,471,-67
IMU1,239,2291355,-114,-376,2076,-520,540,-97
IMU1,240,2301286,-123,-421,2078,-500,525,-167
IMU1,241,2310879,-185,-409,2097,-455,422,-243
IMU1,242,2320463,-197,-397,2071,-411,259,-306
IMU1,243,2330057,-161,-426,2079,-354,81,-363
IMU1,244,2339444,-82,-351,2094,-299,-64,-419
IMU1,245,2349252,-71,-294,2018,-232,-142,-519
IMU1,246,2358751,-195,-536,2009,-186,-175,-549
IMU1,247,2368440,-109,-515,2136,-133,-203,-573
IMU1,248,2378125,-82,-404,2048,-65,-215,-599
IMU1,249,2387936,-47,-360,2068,-10,-235,-624
IMU1,250,2397233,-71,-413,2069,37,-271,-654
IMU1,251,2406962,19,-433,2094,83,-298,-665
IMU1,252,2416573,167,-422,2111,134,-275,-682
IMU1,253,2426078,288,-384,2189,178,-162,-715
IMU1,254,2435586,225,-382,2225,223,44,-753
IMU1,255,2445324,269,-332,2239,272,275,-789
IMU1,256,2455265,285,-406,2190,324,434,-826
IMU1,257,2464680,230,-468,2221,363,520,-868
IMU1,258,2474082,131,-385,2091,409,553,-904
IMU1,259,2484007,80,-274,2009,440,550,-931
IMU1,260,2493726,-58,-231,1994,454,531,-957
IMU1,261,2503046,-279,-308,1996,481,455,-949
IMU1,262,2512556,-442,-403,2086,521,314,-895
IMU1,263,2522582,-582,-327,2105,571,144,-830
IMU1,264,2532088,-66,-358,2121,626,-47,-781
IMU1,265,2541818,-57,-237,1952,651,-213,-805
IMU1,266,2551219,-35,-40,1904,615,-249,-829
IMU1,267,2560949,176,-87,1919,544,-144,-853
IMU1,268,2570237,95,-244,1998,464,59,-843
IMU1,269,2580286,-12,-240,1942,392,283,-807
IMU1,270,2589578,-107,-204,1893,309,488,-749
IMU1,271,2599080,-121,-208,1880,245,652,-694
IMU1,272,2609093,-177,-196,1868,188,751,-648
IMU1,273,2618594,-208,-194,1982,157,776,-608
IMU1,274,2628106,-234,-162,2025,143,749,-568
IMU1,275,2637592,-312,-88,1977,148,610,-531
IMU1,276,2647422,-351,-95,1936,140,338,-482
IMU1,277,2657232,-397,-98,1914,105,-7,-412
IMU1,278,2666758,-342,-169,1823,65,-307,-333
IMU1,279,2676145,-360,-86,2057,0,-493,-240
IMU1,280,2686074,-151,-137,2045,-44,-489,-166
IMU1,281,2695556,-240,-226,2036,-78,-346,-112
IMU1,282,2705044,-179,-530,2156,-120,-137,-20
IMU1,283,2714524,-283,-605,2041,-116,46,52
IMU1,284,2724138,-179,-424,1955,-95,202,87
IMU1,285,2733742,-97,-224,1911,-69,373,81
IMU1,286,2743693,2,-246,1975,-47,509,29
IMU1,287,2753338,-44,-272,2118,-9,585,-62
IMU1,288,2762659,-186,-252,2193,52,600,-152
IMU1,289,2772487,-221,-235,2178,123,567,-221
IMU1,290,2781980,-240,-189,2097,178,483,-282
IMU1,291,2791478,-207,-133,2059,221,360,-349
IMU1,292,2800977,-238,-64,2032,241,214,-417
IMU1,293,2810789,-243,-109,2079,239,40,-481
IMU1,294,2820613,-211,-119,2139,238,-131,-543
IMU1,295,2830212,-246,-135,2088,221,-269,-590
IMU1,296,2839806,-270,-168,1984,202,-339,-627
IMU1,297,2849407,-236,-166,1907,156,-380,-640
IMU1,298,2859000,-241,-160,1896,107,-398,-644
IMU1,299,2868598,-321,-171,1953,77,-389,-631
IMU1,300,2877993,-350,-156,2011,67,-361,-587
IMU1,301,2887921,-302,-187,2034,71,-359,-517
IMU1,302,2897320,-274,-193,2081,72,-387,-438
IMU1,303,2907237,-153,-147,2038,67,-375,-362
IMU1,304,2916640,-6,-62,1893,46,-301,-312
IMU1,305,2926493,28,-63,1899,-8,-183,-311
IMU1,306,2935818,-50,-129,1942,-66,-59,-321
IMU1,307,2945438,-138,-210,1966,-99,49,-323
IMU1,308,2955155,-175,-251,2018,-115,124,-302
IMU1,309,2964756,-184,-226,1951,-105,156,-277
IMU1,310,2974354,-140,-234,1919,-85,101,-251
IMU1,311,2983764,-117,-251,1945,-65,-41,-232
IMU1,312,2993578,-151,-288,2027,-30,-198,-194
IMU1,313,3005726,-167,-345,2201,40,-330,-166
IMU1,314,3015125,-107,-299,2224,151,-404,-144
IMU1,315,3024736,-31,-208,2174,261,-410,-131
IMU1,316,3034141,-10,-203,2109,350,-341,-129
IMU1,317,3043543,78,-170,1907,398,-231,-141
IMU1,318,3052863,-13,-215,1769,375,-182,-184
IMU1,319,3062254,-79,-273,1865,309,-266,-222
IMU1,320,3071672,-87,-264,1979,249,-408,-237
IMU1,321,3081090,-61,-245,2068,226,-479,-259
IMU1,322,3090483,-33,-196,2107,230,-459,-283
IMU1,323,3099880,1,-145,2106,253,-380,-308
IMU1,324,3108989,-39,-128,2113,277,-293,-326
IMU1,325,3118390,-80,-96,2074,294,-229,-318
IMU1,326,3128123,-115,-76,2020,283,-202,-280
IMU1,327,3138037,-115,-68,1972,247,-199,-225
IMU1,328,3147430,-112,-58,1961,185,-199,-153
IMU1,329,3156834,-95,-78,2011,107,-163,-75
IMU1,330,3166868,-59,-55,2059,38,-95,-10
IMU1,331,3176517,-50,-75,2099,-9,-13,28
IMU1,332,3185961,-55,-93,2112,-31,43,54
IMU1,333,3195514,-27,-81,2089,-44,41,82
IMU1,334,3205064,-24,-96,2100,-41,-22,97
IMU1,335,3214695,-16,-107,2093,-3,-112,82
IMU1,336,3224528,-10,-134,2103,36,-196,72
IMU1,337,3233951,-18,-117,2097,85,-220,54
IMU1,338,3243368,-19,-101,2070,116,-196,44
IMU1,339,3252985,-18,-86,2032,134,-162,46
IMU1,340,3262918,-19,-104,2041,128,-166,62
IMU1,341,3272538,5,-97,2027,122,-193,72
IMU1,342,3282193,13,-90,2013,102,-219,80
IMU1,343,3291495,-9,-131,2043,76,-217,85
IMU1,344,3301230,-4,-138,2033,69,-189,96
IMU1,345,3310965,23,-133,2046,72,-139,104
IMU1,346,3320483,46,-117,2043,78,-100,111
IMU1,347,3329992,82,-74,2020,84,-86,116
IMU1,348,3339622,62,-107,2060,84,-65,112
IMU1,349,3349456,-10,-123,2092,103,-35,97
IMU1,350,3358865,-29,-56,2062,121,-43,115
IMU1,351,3368796,19,-78,2040,123,-53,147
IMU1,352,3378120,34,-92,2009,126,-45,151
IMU1,353,3387962,18,-87,2000,113,-42,165
IMU1,354,3397278,25,-75,2005,85,-9,172
IMU1,355,3407241,32,-94,2004,60,28,182
IMU1,356,3416786,27,-86,2005,42,27,190
IMU1,357,3426334,27,-95,2073,36,-6,200
IMU1,358,3435787,12,-70,2124,54,-23,190
IMU1,359,3445440,20,-44,2134,87,-27,174
IMU1,360,3455077,28,-38,2116,125,2,148
IMU1,361,3464637,33,-48,2079,142,50,125
IMU1,362,3474388,22,-55,2046,141,104,109
IMU1,363,3483817,-8,-54,2038,124,133,107
IMU1,364,3493659,-17,-83,2044,91,109,111
IMU1,365,3502979,-51,-100,2028,60,43,108
IMU1,366,3512823,5,-63,2028,35,-26,126
IMU1,367,3522270,24,-62,2014,9,-24,133
IMU1,368,3532237,47,-84,2026,0,20,126
IMU1,369,3541489,33,-66,2067,-10,48,111
IMU1,370,3551136,20,-72,2112,-2,48,85
IMU1,371,3560920,20,-52,2109,16,26,63
IMU1,372,3570277,23,-54,2094,39,13,33
IMU1,373,3580156,13,-40,2059,52,3,11
IMU1,374,3589847,16,-55,2037,54,0,8
IMU1,375,3599222,29,-63,2038,48,12,0
IMU1,376,3608803,11,-75,2062,53,25,-14
IMU1,377,3618762,19,-71,2092,68,26,-24
IMU1,378,3628205,15,-38,2111,92,34,-52
IMU1,379,3637654,25,-14,2107,119,28,-73
IMU1,380,3647303,9,-15,2095,126,-17,-90
IMU1,381,3656848,2,-21,2070,131,-87,-105
IMU1,382,3666589,5,-23,2028,129,-145,-102
IMU1,383,3676524,-1,-38,2018,108,-157,-86
IMU1,384,3685847,12,-20,2041,88,-140,-49
IMU1,385,3695591,-1,-5,2066,78,-87,-22
IMU1,386,3705361,-6,10,2087,71,-27,5
IMU1,387,3714936,3,3,2105,77,7,28
IMU1,388,3724123,15,-9,2106,90,15,37
IMU1,389,3733804,38,-11,2071,107,7,41
IMU1,390,3743679,43,-33,2041,118,-12,37
IMU1,391,3753340,41,-34,2049,128,-33,36
IMU1,392,3762995,28,-23,2079,143,-20,27
IMU1,393,3772658,15,-2,2102,158,16,35
IMU1,394,3782023,-11,8,2123,176,60,48
IMU1,395,3791904,-1,16,2116,198,98,57
IMU1,396,3801275,10,15,2085,207,155,70
IMU1,397,3810945,-2,11,2069,201,194,83
IMU1,398,3820505,-17,22,2058,192,189,81
IMU1,399,3830263,-27,19,2073,180,154,85
IMU1,400,3839509,-30,23,2086,174,108,85
IMU1,401,3849278,-41,35,2093,159,71,96
IMU1,402,3858836,-25,44,2105,152,51,109
IMU1,403,3868586,-28,46,2107,153,41,100
IMU1,404,3878335,-44,43,2123,154,29,95
IMU1,405,3887899,-40,50,2104,163,19,89
IMU1,406,3897457,-34,48,2079,157,10,85
IMU1,407,3907013,-18,39,2038,143,12,72
IMU1,408,3916571,-23,28,1996,113,30,56
IMU1,409,3926137,-6,17,1981,66,53,53
IMU1,410,3935822,-7,9,1986,26,89,34
IMU1,411,3945306,-13,15,2005,1,127,14
IMU1,412,3955168,-19,19,2030,-14,150,-18
IMU1,413,3964920,-36,24,2049,-24,146,-50
IMU1,414,3974142,-51,35,2072,-30,124,-72
IMU1,415,3983892,-72,40,2078,-34,97,-89
IMU1,416,3993447,-69,33,2089,-34,63,-101
IMU1,417,4005848,-60,28,2118,-39,25,-108
IMU1,418,4014545,-52,9,2122,-21,-11,-129
IMU1,419,4023135,-43,32,2055,-13,-58,-153
IMU1,420,4031934,-19,45,2036,-12,-75,-180
IMU1,421,4041785,-44,53,2059,-34,-41,-196
IMU1,422,4051101,-87,66,2060,-73,19,-189
IMU1,423,4060853,-95,97,2012,-116,86,-156
IMU1,424,4070792,-83,85,2042,-162,167,-111
IMU1,425,4080405,-108,82,2069,-209,248,-49
IMU1,426,4090019,-105,45,2080,-250,300,0
IMU1,427,4099253,-86,20,2079,-270,296,-16
IMU1,428,4109172,-75,26,2066,-273,272,-17
IMU1,429,4118584,-57,26,2058,-263,242,-3
IMU1,430,4128314,-81,13,2072,-247,204,-18
IMU1,431,4137722,-85,-3,2102,-210,188,-41
IMU1,432,4147545,-120,-76,2039,-183,189,-42
IMU1,433,4157246,-125,-91,2133,-160,191,-46
IMU1,434,4166963,-174,-121,1875,-148,148,-42
IMU1,435,4176348,-103,-111,1988,-186,44,-33
IMU1,436,4186053,-100,-68,2021,-212,-60,-38
IMU1,437,4195656,-51,-81,2022,-227,-105,-64
IMU1,438,4205267,-49,-48,2121,-223,-96,-135
IMU1,439,4214872,-15,134,2356,-194,-129,-184
IMU1,440,4224271,-144,53,2036,-149,-313,-214
IMU1,441,4234178,-246,-117,2063,-146,-520,-210
IMU1,442,4243871,-275,-248,2030,-176,-628,-158
IMU1,443,4253563,-210,-267,1984,-205,-604,-93
IMU1,444,4263057,-120,-206,1989,-232,-488,-46
IMU1,445,4272532,-38,-139,2011,-251,-335,-34
IMU1,446,4282341,-26,-108,2069,-245,-194,-52
IMU1,447,4291625,-32,-122,2127,-217,-97,-87
IMU1,448,4301232,-82,-151,2113,-178,-50,-110
IMU1,449,4311036,-93,-175,2077,-144,-75,-103
IMU1,450,4320340,-112,-158,2033,-127,-166,-89
IMU1,451,4330341,-98,-125,1956,-122,-253,-71
IMU1,452,4339634,-18,-115,2029,-141,-300,-34
IMU1,453,4349452,21,-100,2023,-146,-255,-24
IMU1,454,4359164,64,-99,2024,-148,-139,-20
IMU1,455,4368682,69,-93,1999,-160,-3,-25
IMU1,456,4378313,48,-81,1996,-175,92,-31
IMU1,457,4388059,22,-102,2031,-185,122,-42
IMU1,458,4397671,12,-135,2027,-199,107,-42
IMU1,459,4407298,20,-157,2075,-203,85,-56
IMU1,460,4416721,14,-171,2164,-193,52,-71
IMU1,461,4426140,33,-159,2227,-160,23,-101
IMU1,462,4435763,27,-130,2200,-110,-14,-133
IMU1,463,4445481,41,-117,2216,-71,-67,-148
IMU1,464,4455005,-156,-86,1907,-39,-112,-151
IMU1,465,4464828,-188,-115,2227,-62,-168,-90
IMU1,466,4474636,-81,-153,2210,-49,-236,24
IMU1,467,4484173,-47,-64,2036,-36,-261,153
IMU1,468,4493689,55,-114,2033,-37,-198,252
IMU1,469,4503312,85,-210,2111,-34,-72,317
IMU1,470,4512758,86,-231,2123,-2,106,335
IMU1,471,4522606,103,-233,2203,50,285,321
IMU1,472,4532238,107,-191,2155,130,394,287
IMU1,473,4541558,82,-184,2145,213,403,218
IMU1,474,4551197,48,-189,2076,268,298,142
IMU1,475,4560845,41,-211,2064,296,128,57
IMU1,476,4570794,21,-182,2087,291,-51,-20
IMU1,477,4580224,8,-127,1985,271,-187,-92
IMU1,478,4589657,-9,-133,1961,224,-260,-149
IMU1,479,4599375,-16,-135,1999,159,-279,-183
IMU1,480,4609302,12,-130,2005,96,-229,-208
IMU1,481,4618900,34,-120,1992,28,-141,-227
IMU1,482,4628514,25,-126,2009,-23,-56,-262
IMU1,483,4638014,-9,-149,2046,-68,-5,-299
IMU1,484,4647756,-39,-137,2071,-93,-2,-330
IMU1,485,4657174,-20,-105,2068,-112,-46,-338
IMU1,486,4666985,-44,-73,2033,-132,-107,-333
IMU1,487,4676277,-77,-61,2054,-153,-169,-316
IMU1,488,4686094,-78,-86,2054,-184,-217,-267
IMU1,489,4695380,-87,-80,2025,-216,-239,-208
IMU1,490,4705189,-59,-124,2032,-255,-267,-130
IMU1,491,4714693,-39,-166,2037,-266,-258,-68
IMU1,492,4724508,9,-197,2063,-260,-189,-9
IMU1,493,4733827,29,-206,2085,-247,-84,44
IMU1,494,4743768,30,-180,2089,-212,27,81
IMU1,495,4753092,32,-163,2070,-174,112,95
IMU1,496,4763140,23,-164,2040,-144,141,101
IMU1,497,4772343,24,-194,2023,-127,116,119
IMU1,498,4782068,16,-222,2015,-105,81,137
IMU1,499,4791606,87,-225,2002,-80,78,168
IMU1,500,4801464,133,-182,2005,-46,111,156
IMU1,501,4811183,-5,-174,2001,-4,125,127
IMU1,502,4820415,15,-248,2031,38,98,124
IMU1,503,4830167,-19,-255,2048,85,31,120
IMU1,504,4840019,-10,-258,2044,145,-21,123
IMU1,505,4849629,0,-251,2042,184,-25,125
IMU1,506,4858853,-20,-239,2037,213,3,133
IMU1,507,4868718,-12,-217,2053,237,35,134
IMU1,508,4878256,-11,-177,2081,255,39,142
IMU1,509,4887782,-7,-159,2094,275,16,154
IMU1,510,4897644,11,-172,2096,302,3,153
IMU1,511,4907400,-7,-168,2083,320,2,139
IMU1,512,4916539,-18,-167,2073,325,-1,133
IMU1,513,4926472,-15,-147,2089,324,-13,131
IMU1,514,4936088,1,-117,2109,311,-26,135
IMU1,515,4945414,3,-130,2091,291,-12,151
IMU1,516,4955271,-16,-109,2050,258,14,165
IMU1,517,4964801,-29,-97,2034,226,15,172
IMU1,518,4974643,-10,-103,2033,178,1,175
IMU1,519,4983971,14,-65,2031,136,3,171
IMU1,520,4993541,16,-69,2054,93,35,156
IMU1,521,5003103,3,-86,2065,45,69,141
IMU1,522,5014172,-18,-82,2073,5,87,121
IMU1,523,5022592,-30,-72,2092,-33,81,104
IMU1,524,5032346,-42,-58,2101,-61,73,90
IMU1,525,5041901,-44,-53,2105,-85,77,84
IMU1,526,5051459,-58,-52,2104,-116,63,84
IMU1,527,5061217,-43,-63,2109,-130,41,70
IMU1,528,5070448,-19,-71,2122,-149,16,58
IMU1,529,5080200,-17,-81,2116,-160,4,43
IMU1,530,5089746,-26,-94,2101,-171,9,30
IMU1,531,5099299,-37,-88,2114,-174,33,22
IMU1,532,5109061,-47,-76,2132,-173,44,24
IMU1,533,5118827,-62,-108,2117,-160,17,33
IMU1,534,5128275,-10,-69,2054,-153,-38,50
IMU1,535,5138110,56,-15,2002,-161,-86,59
IMU1,536,5147324,10,-110,2053,-175,-97,52
IMU1,537,5157265,17,-99,1985,-179,-69,62
IMU1,538,5167014,16,-148,1992,-197,-24,90
IMU1,539,5176444,-2,-179,2016,-203,29,111
IMU1,540,5185859,-9,-204,2018,-177,81,124
IMU1,541,5195796,169,29,1827,-161,117,132
IMU1,542,5205434,10,-223,1951,-184,138,98
IMU1,543,5214966,-93,-341,1957,-197,143,79
IMU1,544,5224599,-94,-303,1971,-215,135,85
IMU1,545,5234228,-45,-285,1986,-214,116,77
IMU1,546,5243863,-48,-306,1972,-207,85,57
IMU1,547,5253280,-82,-341,1964,-186,69,27
IMU1,548,5263203,-117,-369,1978,-168,60,12
IMU1,549,5272821,-133,-384,1993,-145,61,16
IMU1,550,5281928,-130,-395,1992,-118,69,28
IMU1,551,5291547,-109,-392,1950,-73,76,29
IMU1,552,5301494,-85,-402,1922,-31,70,22
IMU1,553,5311238,-64,-392,1926,6,59,6
IMU1,554,5320506,-67,-378,1941,38,67,-18
IMU1,555,5330254,-84,-368,1949,62,100,-46
IMU1,556,5339665,-133,-366,1950,76,141,-61
IMU1,557,5349294,-153,-350,1956,81,173,-77
IMU1,558,5358921,-144,-338,1969,78,163,-83
IMU1,559,5368547,-138,-332,2006,94,147,-104
IMU1,560,5378365,-147,-329,2058,111,124,-114
IMU1,561,5387857,-150,-311,2057,139,105,-130
IMU1,562,5397362,-161,-292,2046,160,69,-145
IMU1,563,5407178,-171,-283,2066,180,27,-147
IMU1,564,5416996,-158,-274,2067,198,8,-141
IMU1,565,5426617,-143,-265,2054,210,6,-130
IMU1,566,5436248,-126,-257,2046,214,-3,-116
IMU1,567,5445445,-121,-245,2053,219,-10,-105
IMU1,568,5455348,-113,-241,2071,220,-4,-95
IMU1,569,5464874,-104,-223,2060,225,8,-104
IMU1,570,5474497,-112,-207,2046,230,18,-117
IMU1,571,5484321,-122,-216,2034,220,7,-111
IMU1,572,5493946,-149,-212,2051,202,-1,-102
IMU1,573,5503144,-172,-211,2081,196,4,-87
IMU1,574,5513101,-187,-223,2087,184,6,-53
IMU1,575,5522529,-180,-231,2076,183,10,-26
IMU1,576,5532158,-171,-242,2068,164,-3,14
IMU1,577,5541583,-139,-249,2076,163,17,52
IMU1,578,5551637,-145,-251,2106,160,76,82
IMU1,579,5561177,-155,-258,2144,174,160,83
IMU1,580,5570914,-186,-256,2177,195,215,86
IMU1,581,5580120,-226,-245,2194,211,220,95
IMU1,582,5589863,-258,-233,2235,233,191,105
IMU1,583,5599286,-288,-233,2237,245,150,125
IMU1,584,5609232,-293,-232,2209,250,110,146
IMU1,585,5618649,-290,-210,2157,244,73,168
IMU1,586,5628384,-272,-204,2117,231,47,185
IMU1,587,5638125,-245,-204,2084,211,38,200
IMU1,588,5647844,-216,-194,2018,178,48,205
IMU1,589,5657047,-218,-202,1966,139,55,203
IMU1,590,5666771,-201,-216,1931,92,59,206
IMU1,591,5676302,-191,-213,1888,28,77,220
IMU1,592,5685843,-166,-209,1870,-25,133,241
IMU1,593,5695660,-147,-203,1864,-75,218,277
IMU1,594,5705501,-144,-207,1893,-102,318,317
IMU1,595,5715028,-168,-209,1948,-102,406,362
IMU1,596,5724537,-185,-208,2080,-76,479,419
IMU1,597,5734372,-223,-179,2083,-23,543,480
IMU1,598,5743703,-244,-120,2014,21,580,531
IMU1,599,5753442,-262,-74,2077,33,519,573
IMU1,600,5762997,-303,-40,2154,43,395,599
IMU1,601,5772537,-329,-17,2177,61,285,607
IMU1,602,5782075,-313,-16,2172,68,219,610
IMU1,603,5791622,-322,-28,2139,72,189,613
IMU1,604,5801684,-332,-6,2093,71,188,613
IMU1,605,5811014,-338,25,2037,54,189,631
IMU1,606,5820470,-363,50,1955,17,159,668
IMU1,607,5830435,-354,58,1980,-21,75,692
IMU1,608,5839773,-420,80,2010,-63,-81,733
IMU1,609,5849725,-419,75,2174,-103,-272,802
IMU1,610,5859029,-428,41,2088,-124,-437,883
IMU1,611,5868859,-373,32,1963,-164,-535,960
IMU1,612,5878164,-306,14,1874,-225,-595,1043
IMU1,613,5888208,-295,-22,1792,-295,-564,1115
IMU1,614,5897811,-165,-66,1881,-359,-401,1189
IMU1,615,5907424,-88,-109,1898,-424,-133,1247
IMU1,616,5917030,-64,-125,1795,-504,148,1287
IMU1,617,5926542,-77,6,1800,-632,387,1277
IMU1,618,5936091,-178,23,1928,-772,520,1306
IMU1,619,5945504,-277,3,2010,-889,517,1360
IMU1,620,5955249,-308,-21,2083,-995,407,1412
IMU1,621,5964755,-234,-96,2153,-1087,283,1432
IMU1,622,5974489,-212,-248,2212,-1174,190,1390
IMU1,623,5984408,-165,-364,2182,-1241,152,1279
IMU1,624,5994321,-105,-404,2129,-1313,104,1110
IMU1,625,6004234,-46,-378,2089,-1384,2,901
IMU1,626,6016098,-7,-339,2151,-1448,-151,657
IMU1,627,6025498,4,-358,2161,-1492,-346,415
IMU1,628,6034821,3,-409,2073,-1525,-534,208
IMU1,629,6044146,-98,-475,2017,-1564,-680,33
IMU1,630,6053567,-141,-532,1943,-1604,-763,-87
IMU1,631,6063278,-151,-532,2002,-1658,-828,-157
IMU1,632,6073191,-182,-549,1931,-1706,-912,-186
IMU1,633,6083109,-123,-590,1833,-1766,-1040,-179
IMU1,634,6093214,-138,-659,1883,-1832,-1222,-145
IMU1,635,6103320,-136,-721,1921,-1875,-1386,-79
IMU1,636,6113232,-88,-762,1956,-1878,-1458,5
IMU1,637,6122664,-11,-784,1903,-1852,-1423,95
IMU1,638,6132296,125,-792,1829,-1819,-1310,179
IMU1,639,6142229,166,-826,1836,-1777,-1144,246
IMU1,640,6152163,85,-878,1880,-1723,-936,314
IMU1,641,6161671,103,-936,1858,-1657,-717,401
IMU1,642,6171376,141,-969,1973,-1576,-539,484
IMU1,643,6181085,82,-915,2059,-1476,-427,563
IMU1,644,6190601,98,-847,1919,-1376,-411,649
IMU1,645,6200111,78,-826,1828,-1292,-494,724
IMU1,646,6209619,92,-819,1769,-1222,-636,799
IMU1,647,6219131,170,-859,1736,-1153,-798,874
IMU1,648,6228863,156,-924,1734,-1085,-934,941
IMU1,649,6238578,35,-1014,1619,-1015,-1001,1010
IMU1,650,6248684,-65,-1127,1478,-970,-978,1096
IMU1,651,6258484,-143,-1228,1468,-958,-886,1201
IMU1,652,6268492,-160,-1267,1484,-954,-768,1319
IMU1,653,6278502,-74,-1308,1548,-953,-670,1431
IMU1,654,6288316,193,-1296,1717,-945,-602,1510
IMU1,655,6298235,526,-1129,2012,-906,-554,1523
IMU1,656,6308158,775,-973,2175,-800,-495,1425
IMU1,657,6317876,865,-979,2070,-653,-416,1215
IMU1,658,6327604,221,-1104,1885,-518,-348,971
IMU1,659,6337330,52,-1301,1781,-420,-366,820
IMU1,660,6346841,69,-1347,1715,-355,-488,714
IMU1,661,6356368,69,-1293,1777,-303,-645,615
IMU1,662,6365886,78,-1235,1797,-232,-781,523
IMU1,663,6375419,86,-1208,1754,-147,-880,430
IMU1,664,6384939,110,-1225,1736,-71,-977,360
IMU1,665,6394465,108,-1251,1781,8,-1069,307
IMU1,666,6403895,32,-1233,1961,95,-1154,279
IMU1,667,6413301,-107,-1209,2192,216,-1244,294
IMU1,668,6423200,-44,-1228,1992,368,-1369,354
IMU1,669,6432899,-20,-1255,1799,464,-1500,437
IMU1,670,6442604,-115,-1282,1774,516,-1533,534
IMU1,671,6452508,-52,-1310,1790,542,-1454,662
IMU1,672,6462209,72,-1287,1680,558,-1296,781
IMU1,673,6471821,247,-1225,1528,536,-1097,852
IMU1,674,6481637,343,-1206,1464,463,-883,861
IMU1,675,6491245,375,-1212,1505,379,-643,854
IMU1,676,6500862,370,-1226,1552,294,-392,804
IMU1,677,6510487,292,-1204,1630,220,-166,741
IMU1,678,6520099,193,-1200,1689,156,-8,695
IMU1,679,6529314,87,-1201,1685,102,81,678
IMU1,680,6538422,116,-1177,1812,49,121,686
IMU1,681,6547738,125,-1185,1790,20,101,689
IMU1,682,6557063,120,-1196,1717,-10,24,691
IMU1,683,6566262,147,-1208,1734,-46,-33,687
IMU1,684,6575555,184,-1205,1775,-71,-46,665
IMU1,685,6584849,167,-1248,1774,-76,-48,629
IMU1,686,6594141,172,-1294,1734,-68,-66,585
IMU1,687,6603439,209,-1270,1759,-61,-83,534
IMU1,688,6612750,201,-1255,1795,-42,-81,484
IMU1,689,6622048,174,-1248,1813,-9,-49,435
IMU1,690,6631153,160,-1266,1773,24,-23,386
IMU1,691,6640362,176,-1268,1758,54,-24,339
IMU1,692,6649567,153,-1253,1755,86,-56,291
IMU1,693,6658791,167,-1248,1741,121,-104,244
IMU1,694,6668379,155,-1241,1764,161,-145,198
IMU1,695,6677980,134,-1218,1743,212,-181,157
IMU1,696,6687586,135,-1195,1751,262,-219,124
IMU1,697,6697199,124,-1198,1706,305,-261,104
IMU1,698,6706809,121,-1192,1701,342,-295,89
IMU1,699,6716226,137,-1176,1678,364,-322,79
IMU1,700,6725643,136,-1166,1658,379,-338,71
IMU1,701,6735046,160,-1144,1660,388,-330,60
IMU1,702,6744450,166,-1130,1626,390,-314,48
IMU1,703,6753857,153,-1128,1616,388,-319,40
IMU1,704,6763270,158,-1123,1616,385,-327,38
IMU1,705,6772674,177,-1116,1582,375,-312,52
IMU1,706,6782099,193,-1105,1580,351,-244,71
IMU1,707,6792040,201,-1091,1598,328,-144,94
IMU1,708,6801447,199,-1099,1575,309,-51,119
IMU1,709,6811378,166,-1085,1565,281,11,153
IMU1,710,6820687,158,-1087,1585,266,59,189
IMU1,711,6830523,132,-1102,1602,251,84,234
IMU1,712,6839837,119,-1123,1654,247,115,276
IMU1,713,6849363,92,-1131,1671,258,146,321
IMU1,714,6859196,25,-1128,1740,270,170,364
IMU1,715,6869049,-12,-1167,1815,280,175,407
IMU1,716,6878461,19,-1195,1873,299,186,424
IMU1,717,6888314,60,-1185,1946,324,212,409
IMU1,718,6897628,72,-1170,1997,347,256,357
IMU1,719,6907472,51,-1161,2011,383,295,281
IMU1,720,6916802,-8,-1130,1997,408,290,206
IMU1,721,6926529,-80,-1066,1974,431,246,135
IMU1,722,6935934,-124,-1002,1942,441,151,95
IMU1,723,6945872,-155,-953,1911,458,37,74
IMU1,724,6955425,-147,-916,1866,472,-67,65
IMU1,725,6965073,-161,-882,1799,474,-143,66
IMU1,726,6974373,-176,-863,1692,476,-183,76
IMU1,727,6984205,-158,-861,1571,454,-199,83
IMU1,728,6994031,-134,-858,1482,394,-216,109
IMU1,729,7003535,-136,-836,1409,319,-209,126
IMU1,730,7013049,-147,-818,1331,216,-204,171
IMU1,731,7025204,-150,-818,1290,112,-189,216
IMU1,732,7034709,-136,-824,1290,7,-168,264
IMU1,733,7043827,-119,-847,1294,-81,-125,308
IMU1,734,7053230,-128,-880,1327,-142,-65,348
IMU1,735,7062625,-112,-943,1392,-180,19,384
IMU1,736,7071940,-97,-996,1459,-186,112,414
IMU1,737,7081260,-106,-1028,1523,-170,198,439
IMU1,738,7090966,-123,-1059,1643,-127,255,466
IMU1,739,7100673,-145,-1094,1787,-49,281,499
IMU1,740,7110193,-160,-1132,1955,69,301,531
IMU1,741,7119627,-161,-1160,2099,228,321,559
IMU1,742,7129251,-162,-1173,2206,418,331,569
IMU1,743,7138876,-163,-1171,2238,619,311,560
IMU1,744,7148519,-146,-1164,2190,805,259,523
IMU1,745,7158148,-119,-1141,2099,943,171,467
IMU1,746,7167781,-96,-1109,1999,1031,77,389
IMU1,747,7177237,-103,-1061,1909,1068,9,313
IMU1,748,7186665,-136,-1029,1832,1057,-21,257
IMU1,749,7196380,-187,-1012,1781,1017,-21,235
IMU1,750,7206095,-212,-996,1762,957,19,250
IMU1,751,7215319,-235,-962,1698,888,108,289
IMU1,752,7224732,-231,-920,1682,801,215,339
IMU1,753,7234139,-254,-917,1646,701,267,391
IMU1,754,7244078,-303,-850,1638,583,266,454
IMU1,755,7253503,-274,-734,1620,469,232,513
IMU1,756,7262928,-269,-745,1641,356,169,540
IMU1,757,7272865,-307,-811,1670,261,94,550
IMU1,758,7282087,-295,-840,1687,193,32,552
IMU1,759,7291820,-283,-861,1748,157,-31,538
IMU1,760,7301663,-281,-841,1773,151,-109,511
IMU1,761,7311171,-312,-781,1782,172,-172,468
IMU1,762,7320703,-346,-753,1806,209,-225,429
IMU1,763,7330223,-291,-807,1832,261,-280,393
IMU1,764,7340266,-276,-837,1865,323,-320,352
IMU1,765,7349784,-292,-811,1891,385,-347,316
IMU1,766,7359310,-300,-821,1861,454,-381,288
IMU1,767,7368849,-279,-735,1816,508,-454,267
IMU1,768,7378371,-269,-686,1786,546,-546,237
IMU1,769,7387883,-296,-692,1802,578,-648,202
IMU1,770,7397913,-275,-627,1857,613,-744,173
IMU1,771,7407448,-257,-571,1989,663,-813,129
IMU1,772,7416962,-262,-654,2049,745,-876,79
IMU1,773,7426800,-249,-608,2022,827,-956,41
IMU1,774,7436109,-308,-507,2109,899,-1040,4
IMU1,775,7445953,-350,-455,2135,965,-1114,-12
IMU1,776,7455573,-261,-456,1979,1017,-1175,-12
IMU1,777,7465391,-231,-459,1864,1024,-1264,-13
IMU1,778,7475208,-208,-458,1850,1007,-1351,-11
IMU1,779,7485002,-166,-497,1872,1003,-1381,-5
IMU1,780,7494613,-158,-537,1904,1015,-1323,7
IMU1,781,7504141,-156,-517,1930,1057,-1189,26
IMU1,782,7513863,-125,-477,1955,1115,-1002,52
IMU1,783,7523591,-70,-460,1999,1175,-781,76
IMU1,784,7532936,-70,-438,2022,1220,-509,92
IMU1,785,7542263,-42,-421,1963,1226,-230,114
IMU1,786,7551781,-21,-394,1944,1187,-19,132
IMU1,787,7561117,7,-344,2001,1131,139,125
IMU1,788,7570766,20,-294,2073,1082,269,106
IMU1,789,7580620,17,-264,2128,1066,421,82
IMU1,790,7590266,-15,-241,2173,1067,619,72
IMU1,791,7599505,-11,-206,2197,1105,867,57
IMU1,792,7609267,-47,-157,2203,1155,1127,52
IMU1,793,7618703,-92,-94,2208,1197,1363,63
IMU1,794,7628453,-101,-67,2188,1230,1561,64
IMU1,795,7637898,-143,-56,2244,1242,1687,90
IMU1,796,7647848,-220,-20,2246,1242,1766,122
IMU1,797,7657479,-294,25,2244,1215,1793,159
IMU1,798,7667025,-345,56,2262,1144,1730,206
IMU1,799,7676575,-375,58,2154,1056,1500,237
IMU1,800,7686134,-477,163,2245,938,1016,249
IMU1,801,7695647,-441,301,2294,846,511,244
IMU1,802,7705489,-383,323,2317,791,155,213
IMU1,803,7714823,-353,290,2389,764,-41,173
IMU1,804,7724563,-356,285,2416,768,-95,136
IMU1,805,7734301,-345,320,2370,781,-64,124
IMU1,806,7744048,-341,352,2257,782,-1,121
IMU1,807,7753572,-296,373,2136,744,55,125
IMU1,808,7763229,-265,375,2045,680,111,117
IMU1,809,7772537,-253,371,2001,589,157,117
IMU1,810,7782383,-250,354,1983,504,194,108
IMU1,811,7791727,-234,333,1958,420,191,108
IMU1,812,7801571,-223,330,1930,351,153,101
IMU1,813,7811422,-220,319,1896,277,85,98
IMU1,814,7820871,-208,327,1931,219,20,94
IMU1,815,7830302,-217,329,1952,164,-28,109
IMU1,816,7840041,-237,332,1939,132,-37,120
IMU1,817,7849762,-234,356,1927,86,-49,140
IMU1,818,7859290,-214,397,1963,44,-66,158
IMU1,819,7868826,-211,404,2024,13,-90,170
IMU1,820,7878345,-222,407,2092,22,-102,174
IMU1,821,7888075,-220,412,2155,52,-104,179
IMU1,822,7897797,-210,424,2216,104,-76,175
IMU1,823,7907527,-211,434,2216,163,-43,184
IMU1,824,7916738,-209,423,2190,212,-2,193
IMU1,825,7926806,-204,417,2164,232,36,207
IMU1,826,7936441,-212,393,2132,226,63,215
IMU1,827,7946075,-192,414,2107,200,36,235
IMU1,828,7955202,-187,436,2089,167,-15,238
IMU1,829,7964923,-183,423,2071,127,-80,248
IMU1,830,7974652,-176,399,2040,88,-137,256
IMU1,831,7984389,-169,384,2020,47,-193,274
IMU1,832,7994131,-167,370,2007,12,-211,283
IMU1,833,8003346,-164,368,1992,-21,-194,304
IMU1,834,8013164,-151,353,1993,-42,-134,317
IMU1,835,8025636,-152,357,2023,-56,-43,329
IMU1,836,8034736,-157,368,2004,-62,36,333
IMU1,837,8043744,-169,361,2006,-70,66,325
IMU1,838,8052746,-176,359,2017,-68,49,305
IMU1,839,8061760,-177,360,2022,-63,12,279
IMU1,840,8070770,-169,361,2030,-44,-28,249
IMU1,841,8080384,-161,346,2013,-24,-57,223
IMU1,842,8089997,-157,332,1992,2,-72,199
IMU1,843,8099849,-150,323,1961,24,-70,178
IMU1,844,8109370,-158,311,1936,49,-43,151
IMU1,845,8118915,-168,333,1927,66,-23,144
IMU1,846,8128446,-150,348,1941,76,17,140
IMU1,847,8138399,-152,343,1951,95,73,132
IMU1,848,8147851,-159,318,1964,115,125,135
IMU1,849,8157175,-181,311,1968,133,181,141
IMU1,850,8167021,-185,318,1969,138,233,156
IMU1,851,8176871,-188,327,1964,141,268,171
IMU1,852,8186185,-171,343,1978,140,281,176
IMU1,853,8196033,-164,358,1985,144,262,173
IMU1,854,8205322,-155,349,2000,148,211,160
IMU1,855,8215133,-144,333,2018,147,137,139
IMU1,856,8224956,-149,326,2051,153,55,116
IMU1,857,8234062,-146,339,2087,177,-12,85
IMU1,858,8244095,-151,361,2117,210,-48,57
IMU1,859,8253611,-168,386,2111,254,-44,28
IMU1,860,8263128,-175,407,2100,287,-26,5
IMU1,861,8272972,-169,428,2075,305,-6,-16
IMU1,862,8282395,-182,442,2064,306,5,-40
IMU1,863,8292246,-195,446,2064,299,0,-60
IMU1,864,8301478,-210,451,2054,305,-11,-90
IMU1,865,8311107,-206,439,2039,287,-49,-103
IMU1,866,8320935,-211,429,2025,286,-91,-128
IMU1,867,8330221,-194,413,2008,264,-161,-132
IMU1,868,8340238,-188,387,1978,249,-213,-149
IMU1,869,8349738,-182,386,1952,228,-263,-157
IMU1,870,8359245,-174,396,1946,217,-291,-171
IMU1,871,8368741,-159,385,1945,209,-294,-179
IMU1,872,8378760,-156,375,1944,208,-285,-187
IMU1,873,8388264,-147,377,1941,214,-265,-199
IMU1,874,8397767,-133,379,1939,234,-236,-217
IMU1,875,8407265,-116,370,1952,244,-208,-225
IMU1,876,8416760,-121,367,1933,267,-154,-240
IMU1,877,8426778,-122,386,1909,271,-82,-239
IMU1,878,8436094,-126,406,1886,254,-19,-226
IMU1,879,8445916,-134,413,1871,225,22,-211
IMU1,880,8455656,-131,419,1886,181,42,-181
IMU1,881,8464861,-123,431,1916,156,51,-160
IMU1,882,8474586,-118,428,1930,141,54,-148
IMU1,883,8484311,-113,417,1940,130,47,-135
IMU1,884,8494034,-116,419,1945,130,32,-125
IMU1,885,8503766,-111,439,1937,146,24,-121
IMU1,886,8512973,-105,432,1919,153,8,-112
IMU1,887,8523027,-103,420,1909,180,5,-129
IMU1,888,8532554,-99,418,1898,205,10,-140
IMU1,889,8542078,-101,424,1899,240,24,-150
IMU1,890,8551811,-99,430,1918,270,28,-148
IMU1,891,8561353,-89,438,1945,328,53,-169
IMU1,892,8570875,-86,442,1965,393,78,-189
IMU1,893,8580419,-82,462,1981,456,90,-208
IMU1,894,8589953,-89,483,1995,530,98,-241
IMU1,895,8599493,-118,512,1997,617,103,-282
IMU1,896,8609445,-127,538,1977,692,86,-313
IMU1,897,8619174,-142,569,1930,761,64,-335
IMU1,898,8628398,-166,577,1843,815,60,-350
IMU1,899,8638133,-188,565,1731,837,58,-338
IMU1,900,8647875,-195,547,1626,838,65,-307
IMU1,901,8657610,-182,541,1481,819,65,-262
IMU1,902,8666819,-176,550,1298,787,82,-211
IMU1,903,8676555,-182,493,1220,726,145,-137
IMU1,904,8686494,-194,416,1229,684,271,-51
IMU1,905,8695705,-181,363,1192,673,432,34
IMU1,906,8705354,-164,335,1116,676,588,95
IMU1,907,8714990,-153,326,1047,684,680,130
IMU1,908,8724824,-170,329,1009,696,684,137
IMU1,909,8734123,-196,337,1024,721,595,126
IMU1,910,8743967,-227,341,1082,779,423,116
IMU1,911,8753819,-263,371,1160,882,196,114
IMU1,912,8763150,-281,427,1145,1041,-60,106
IMU1,913,8772575,-281,505,1091,1222,-322,114
IMU1,914,8782194,-278,572,1010,1420,-490,113
IMU1,915,8791822,-274,571,995,1613,-489,112
IMU1,916,8801772,-305,644,1067,1802,-315,123
IMU1,917,8811390,-270,728,1223,2014,16,131
IMU1,918,8820716,-191,802,1373,2237,405,107
IMU1,919,8830760,-178,865,1426,2477,704,22
IMU1,920,8840096,-269,917,1456,2707,815,-78
IMU1,921,8849515,-314,955,1520,2921,792,-175
IMU1,922,8859150,-312,1001,1657,3097,746,-253
IMU1,923,8868978,-305,1080,1776,3247,772,-324
IMU1,924,8878792,-299,1159,1944,3360,828,-377
IMU1,925,8888618,-324,1304,2127,3453,806,-422
IMU1,926,8898428,-353,1450,2266,3531,684,-457
IMU1,927,8908252,-400,1600,2327,3574,585,-473
IMU1,928,8918086,-458,1717,2529,3563,651,-467
IMU1,929,8927919,-584,1833,2751,3503,873,-424
IMU1,930,8937778,-712,1984,3043,3409,1102,-358
IMU1,931,8947816,-808,2134,3271,3267,1148,-303
IMU1,932,8957854,-790,2368,3408,3053,977,-292
IMU1,933,8967711,-775,2648,3509,2753,728,-362
IMU1,934,8977541,-851,2894,3678,2376,522,-504
IMU1,935,8987380,-1015,3042,3861,1939,401,-656
IMU1,936,8997401,-1169,3119,3959,1449,361,-761
IMU1,937,9007447,-1290,3340,3926,875,381,-828
IMU1,938,9017280,-1393,3693,3856,201,372,-877
IMU1,939,9029847,-1521,4066,3849,-547,226,-925
IMU1,940,9039766,-1632,4395,3839,-1300,-78,-967
IMU1,941,9049796,-1719,4706,3796,-2007,-470,-983
IMU1,942,9060024,-1814,5507,3611,-2637,-858,-963
IMU1,943,9070764,-1714,5718,3394,-3676,-1484,-807
IMU1,944,9081197,-1725,5679,2990,-4143,-1716,-683
IMU1,945,9091637,-1814,5568,2555,-4632,-1919,-478
IMU1,946,9102091,-1921,5520,2137,-5148,-2123,-164
IMU1,947,9112508,-2024,5454,1816,-5669,-2352,234
IMU1,948,9122854,-1948,5240,1500,-6126,-2582,677
IMU1,949,9133184,-1802,4965,1154,-6500,-2728,1102
IMU1,950,9143720,-1635,4684,820,-6813,-2751,1458
IMU1,951,9154055,-1450,4376,450,-7088,-2676,1715
IMU1,952,9164399,-1288,4021,96,-7333,-2470,1873
IMU1,953,9174549,-1131,3640,-162,-7551,-2123,1933
IMU1,954,9184992,-788,2825,-625,-7750,-1682,1894
IMU1,955,9195746,-528,2420,-796,-7987,-589,1499
IMU1,956,9205791,-472,2028,-805,-7998,-39,1171
IMU1,957,9215622,-389,1772,-526,-7881,465,822
IMU1,958,9225367,-364,1629,-165,-7579,1010,451
IMU1,959,9235282,-437,1474,120,-7077,1558,99
IMU1,960,9244910,-475,1314,245,-6433,2026,-200
IMU1,961,9254811,-497,1230,233,-5722,2254,-424
IMU1,962,9264730,-506,1133,246,-5022,2202,-571
IMU1,963,9274653,-450,1027,332,-4354,1968,-641
IMU1,964,9284570,-360,906,348,-3722,1625,-661
IMU1,965,9294275,-296,792,264,-3139,1167,-656
IMU1,966,9304001,-263,653,152,-2636,618,-631
IMU1,967,9313517,-229,490,69,-2215,54,-581
IMU1,968,9322642,-209,337,19,-1864,-437,-519
IMU1,969,9332044,-174,201,-21,-1569,-831,-456
IMU1,970,9341542,-138,62,-58,-1321,-1128,-399
IMU1,971,9351048,-97,-95,-108,-1124,-1343,-355
IMU1,972,9360640,-71,-214,-117,-963,-1477,-331
IMU1,973,9370227,-53,-315,-106,-836,-1542,-311
IMU1,974,9379838,-37,-413,-61,-739,-1546,-299
IMU1,975,9389257,-39,-491,1,-654,-1504,-291
IMU1,976,9398371,-130,-571,103,-570,-1415,-282
IMU1,977,9408093,-246,-650,230,-485,-1266,-238
IMU1,978,9417789,-294,-753,340,-400,-1026,-156
IMU1,979,9427505,-320,-848,432,-313,-705,-46
IMU1,980,9436814,-333,-916,528,-238,-341,66
# swing_peak_seq=954
IMU1,981,9446025,-362,-963,711,-162,-2,170
IMU1,982,9455557,-348,-980,926,-64,284,261
IMU1,983,9465203,-286,-1017,1046,58,528,326
IMU1,984,9474622,-244,-1074,1085,170,754,353
IMU1,985,9484238,-255,-1132,1087,241,929,363
IMU1,986,9493859,-331,-1173,1098,278,998,374
IMU1,987,9503492,-392,-1190,1132,292,930,399
IMU1,988,9513135,-412,-1219,1187,297,761,430
IMU1,989,9522766,-392,-1224,1213,305,571,439
IMU1,990,9532409,-357,-1212,1259,312,415,440
IMU1,991,9542044,-358,-1248,1354,325,295,420
IMU1,992,9551675,-397,-1314,1509,378,161,393
IMU1,993,9561314,-463,-1315,1662,492,-9,374
IMU1,994,9571165,-479,-1320,1757,676,-197,369
IMU1,995,9580903,-482,-1351,1741,922,-378,368
IMU1,996,9590629,-487,-1355,1679,1177,-538,364
IMU1,997,9600560,-470,-1334,1574,1411,-667,358
IMU1,998,9610471,-491,-1325,1508,1615,-731,331
IMU1,999,9620380,-496,-1348,1480,1767,-719,305
IMU1,1000,9630305,-439,-1353,1454,1883,-624,276
IMU1,1001,9640428,-382,-1301,1468,1975,-467,232
IMU1,1002,9650534,-313,-1241,1556,2045,-306,166
IMU1,1003,9660662,-255,-1181,1698,2118,-210,77
IMU1,1004,9670585,-214,-1088,1816,2205,-209,-36
IMU1,1005,9680587,-181,-989,1850,2289,-303,-160
IMU1,1006,9690588,-171,-913,1833,2348,-454,-277
IMU1,1007,9700604,-164,-861,1824,2366,-594,-375
IMU1,1008,9710623,-175,-822,1832,2357,-664,-435
IMU1,1009,9720643,-222,-750,1755,2340,-630,-445
IMU1,1010,9730671,-256,-654,1621,2303,-515,-400
IMU1,1011,9740673,-234,-590,1549,2233,-372,-311
IMU1,1012,9750713,-219,-558,1696,2155,-251,-212
IMU1,1013,9760734,-204,-513,1918,2117,-206,-119
IMU1,1014,9770745,-188,-496,2047,2151,-224,-54
IMU1,1015,9780556,-161,-478,2073,2232,-272,-5
IMU1,1016,9790177,-169,-467,1981,2321,-285,21
IMU1,1017,9799895,-214,-424,1869,2381,-246,46
IMU1,1018,9809618,-204,-373,1832,2411,-162,75
IMU1,1019,9820896,-239,-252,1875,2391,145,134
IMU1,1020,9830730,-250,-220,1971,2369,354,143
IMU1,1021,9840537,-291,-184,2089,2356,502,150
IMU1,1022,9850353,-298,-132,2164,2367,538,145
IMU1,1023,9860181,-290,-97,2190,2401,457,118
IMU1,1024,9869794,-256,-67,2197,2448,325,64
IMU1,1025,9879213,-234,-17,2166,2487,230,-6
IMU1,1026,9888529,-248,43,2079,2502,229,-84
IMU1,1027,9897940,-302,91,2036,2476,295,-148
IMU1,1028,9907565,-338,160,2047,2420,335,-197
IMU1,1029,9917375,-346,227,2094,2364,286,-252
IMU1,1030,9927205,-355,279,2104,2331,165,-323
IMU1,1031,9937021,-475,244,2320,2358,-2,-401
IMU1,1032,9946541,-369,414,2228,2432,-197,-468
IMU1,1033,9956464,-256,457,2314,2529,-397,-559
IMU1,1034,9966402,-270,558,2277,2663,-552,-666
IMU1,1035,9976325,-232,696,2120,2797,-577,-762
IMU1,1036,9986254,-320,729,2110,2865,-455,-824
IMU1,1037,9996171,-486,693,1952,2890,-269,-825
IMU1,1038,10006080,-404,878,1981,2861,-165,-763
IMU1,1039,10016188,-443,975,1827,2810,-201,-709
IMU1,1040,10026292,-464,1016,1678,2715,-342,-664
IMU1,1041,10039258,-316,1044,1756,2596,-501,-632
IMU1,1042,10049578,-259,1160,1717,2507,-625,-632
IMU1,1043,10059906,-240,1133,1711,2445,-685,-642
IMU1,1044,10070740,-266,1137,1640,2397,-663,-585
IMU1,1045,10081064,-253,1177,1644,2377,-709,-520
IMU1,1046,10091380,-176,1205,1605,2384,-778,-462
IMU1,1047,10101697,-109,1225,1566,2400,-798,-421
IMU1,1048,10112021,-39,1248,1477,2416,-715,-393
IMU1,1049,10122132,45,1308,1445,2413,-537,-373
IMU1,1050,10132153,54,1370,1479,2409,-316,-364
IMU1,1051,10142187,56,1398,1591,2412,-116,-353
IMU1,1052,10152223,136,1436,1666,2446,19,-346
IMU1,1053,10162153,199,1517,1724,2500,87,-359
IMU1,1054,10172088,246,1578,1724,2567,159,-396
IMU1,1055,10182216,239,1620,1757,2626,293,-445
IMU1,1056,10192348,201,1634,1690,2672,506,-476
IMU1,1057,10202470,163,1695,1636,2694,758,-479
IMU1,1058,10212596,40,1765,1662,2685,985,-461
IMU1,1059,10222526,170,1806,1675,2675,1147,-411
IMU1,1060,10232856,150,1905,1694,2652,1218,-368
IMU1,1061,10244239,6,1969,1672,2600,1226,-268
IMU1,1062,10254137,-134,1950,1564,2554,1220,-194
IMU1,1063,10264551,-169,1911,1371,2484,1263,-77
IMU1,1064,10274767,-273,1924,1350,2360,1350,62
IMU1,1065,10284885,-263,2005,1315,2212,1426,197
IMU1,1066,10295188,-291,2066,1422,2052,1442,305
IMU1,1067,10305511,-323,2032,1502,1911,1417,377
IMU1,1068,10315840,-344,2048,1512,1784,1400,417
IMU1,1069,10326163,-385,2177,1732,1656,1436,431
IMU1,1070,10336484,-392,2070,1932,1572,1502,414
IMU1,1071,10346808,-439,2067,2114,1542,1526,355
IMU1,1072,10357135,-385,2125,2249,1567,1493,261
IMU1,1073,10367462,-423,2168,2324,1618,1367,142
IMU1,1074,10378825,-692,2132,2273,1692,817,-77
IMU1,1075,10388847,-589,2275,2082,1685,466,-152
IMU1,1076,10399059,-529,2396,1988,1599,127,-265
IMU1,1077,10409295,-480,2449,1868,1452,-106,-414
IMU1,1078,10419590,-474,2497,1823,1248,-182,-557
IMU1,1079,10429909,-435,2572,1763,998,-131,-678
IMU1,1080,10440022,-511,2709,1753,720,-15,-798
IMU1,1081,10449939,-654,2793,1768,427,142,-883
IMU1,1082,10459941,-724,2871,1743,140,320,-895
IMU1,1083,10469965,-831,2914,1704,-154,456,-846
IMU1,1084,10480085,-900,2956,1640,-457,497,-755
IMU1,1085,10490197,-918,3049,1665,-763,413,-637
IMU1,1086,10500312,-899,3153,1683,-1050,249,-532
IMU1,1087,10510617,-905,3290,1718,-1313,74,-452
IMU1,1088,10520723,-936,3413,1771,-1538,-56,-385
IMU1,1089,10530932,-1026,3522,1707,-1729,-152,-322
IMU1,1090,10542046,-1006,3642,1537,-2079,-408,-203
IMU1,1091,10552654,-971,3703,1313,-2307,-564,-174
IMU1,1092,10563060,-900,3766,1147,-2568,-670,-172
IMU1,1093,10573457,-923,3799,1012,-2861,-701,-175
IMU1,1094,10583861,-1011,3844,942,-3153,-648,-181
IMU1,1095,10594270,-1102,3881,883,-3426,-605,-159
IMU1,1096,10604682,-1122,3944,818,-3669,-634,-122
IMU1,1097,10615097,-1108,4007,735,-3880,-719,-86
IMU1,1098,10625308,-1076,4022,670,-4058,-854,-53
IMU1,1099,10635507,-1091,4076,652,-4194,-1031,-17
IMU1,1100,10645926,-1076,4120,608,-4281,-1219,36
IMU1,1101,10656250,-982,4141,472,-4343,-1399,111
IMU1,1102,10667077,-876,4093,325,-4389,-1694,298
IMU1,1103,10677391,-838,4012,221,-4436,-1788,412
IMU1,1104,10687705,-819,3928,154,-4488,-1802,533
IMU1,1105,10698025,-787,3831,78,-4553,-1730,679
IMU1,1106,10708160,-756,3716,-13,-4627,-1545,826
IMU1,1107,10718381,-700,3565,-97,-4717,-1251,961
IMU1,1108,10728619,-661,3353,-102,-4827,-852,1059
IMU1,1109,10739028,-664,3104,-52,-4950,-420,1117
IMU1,1110,10749264,-660,2851,-29,-5057,-98,1138
IMU1,1111,10759292,-632,2622,-9,-5143,14,1123
IMU1,1112,10769006,-591,2373,6,-5196,-45,1086
IMU1,1113,10778728,-531,2137,6,-5221,-183,1031
IMU1,1114,10788644,-450,1928,-23,-5212,-319,960
IMU1,1115,10798650,-341,1745,-109,-5182,-382,869
IMU1,1116,10808865,-269,1568,-170,-5159,-327,759
IMU1,1117,10819073,-234,1371,-166,-5153,-127,632
IMU1,1118,10829278,-223,1014,40,-5141,209,489
IMU1,1119,10840123,-231,849,187,-5035,814,203
IMU1,1120,10849941,-220,753,240,-4899,873,66
IMU1,1121,10859557,-224,635,266,-4731,772,-45
IMU1,1122,10869275,-202,477,252,-4542,584,-124
IMU1,1123,10879188,-216,283,204,-4344,377,-168
IMU1,1124,10889106,-271,111,157,-4169,192,-153
IMU1,1125,10899007,-285,122,139,-4009,69,-81
IMU1,1126,10908502,-301,4,181,-3860,45,18
IMU1,1127,10917506,-308,-122,229,-3712,110,134
IMU1,1128,10927417,-319,-226,262,-3543,238,255
IMU1,1129,10937330,-339,-338,308,-3358,403,374
IMU1,1130,10947244,-337,-453,257,-3161,558,492
IMU1,1131,10957157,-312,-544,205,-2970,691,590
IMU1,1132,10967076,-231,-589,94,-2797,789,661
IMU1,1133,10976796,-115,-625,35,-2660,872,683
IMU1,1134,10986518,35,-690,138,-2551,958,649
IMU1,1135,10996148,-126,-744,365,-2431,1086,562
IMU1,1136,11006265,-243,-853,441,-2250,1230,478
IMU1,1137,11016391,-286,-935,426,-2038,1344,439
IMU1,1138,11026508,-348,-1039,513,-1813,1431,432
IMU1,1139,11039288,-365,-1088,568,-1557,1478,449
IMU1,1140,11049610,-283,-1054,484,-1280,1462,468
IMU1,1141,11059905,-236,-1042,587,-1019,1367,464
IMU1,1142,11071248,-316,-1139,604,-459,1006,412
IMU1,1143,11081370,-197,-1137,594,-173,776,396
IMU1,1144,11091291,-248,-1126,642,120,513,359
IMU1,1145,11101097,-318,-1137,684,414,235,339
IMU1,1146,11110923,-401,-1172,780,714,-22,338
IMU1,1147,11120644,-501,-1173,796,1022,-245,368
IMU1,1148,11130755,-566,-1167,837,1322,-426,425
IMU1,1149,11140883,-617,-1175,905,1612,-573,492
IMU1,1150,11151008,-626,-1224,1064,1898,-712,557
IMU1,1151,11161349,-589,-1244,1150,2191,-878,595
IMU1,1152,11171697,-579,-1265,1231,2480,-1074,592
IMU1,1153,11182233,-500,-1276,1280,2762,-1290,552
IMU1,1154,11192754,-409,-1257,1328,3026,-1527,466
IMU1,1155,11203284,-479,-1185,1456,3277,-1773,344
IMU1,1156,11213789,-608,-1033,1639,3512,-2011,229
IMU1,1157,11224826,-808,-1043,1804,3918,-2452,101
IMU1,1158,11235335,-723,-1048,1923,4126,-2590,84
IMU1,1159,11245648,-653,-955,1977,4319,-2650,52
IMU1,1160,11255775,-603,-867,2111,4491,-2642,-5
IMU1,1161,11265799,-484,-834,2149,4653,-2556,-86
IMU1,1162,11276005,-332,-791,2135,4799,-2372,-198
IMU1,1163,11286432,-296,-705,2050,4938,-2076,-354
IMU1,1164,11296846,-339,-571,1922,5054,-1712,-526
IMU1,1165,11307253,-306,-369,1942,5141,-1304,-691
IMU1,1166,11317657,-234,-93,2065,5207,-884,-854
IMU1,1167,11327665,-398,186,2207,5236,-549,-1011
IMU1,1168,11337993,-631,455,2248,5196,-290,-1114
IMU1,1169,11348328,-668,592,2159,5066,81,-1137
IMU1,1170,11359403,-601,688,2234,4617,999,-1050
IMU1,1171,11369649,-723,797,2305,4397,1144,-1004
IMU1,1172,11380079,-757,929,2417,4263,1036,-987
IMU1,1173,11390313,-739,1089,2248,4196,760,-1016
IMU1,1174,11400753,-644,1216,2202,4117,389,-1082
IMU1,1175,11411182,-569,1323,2118,3998,23,-1177
IMU1,1176,11421428,-613,1444,1945,3782,-183,-1272
IMU1,1177,11431965,-664,1510,1755,3439,-126,-1323
IMU1,1178,11442497,-698,1505,1589,3001,131,-1310
IMU1,1179,11452938,-759,1488,1622,2536,442,-1243
IMU1,1180,11463375,-839,1490,1840,2138,724,-1136
IMU1,1181,11473814,-839,1498,2421,1883,926,-903
IMU1,1182,11484562,-876,1491,2767,1891,909,-809
IMU1,1183,11494785,-731,1483,2394,2078,650,-719
IMU1,1184,11505018,-627,1488,2318,2234,214,-673
IMU1,1185,11515258,-537,1518,2011,2343,-306,-684
IMU1,1186,11525592,-439,1510,1827,2373,-747,-728
IMU1,1187,11535920,-339,1455,1702,2333,-990,-787
IMU1,1188,11546244,-289,1429,1688,2272,-996,-852
IMU1,1189,11556550,-238,1423,1697,2213,-855,-903
# swing_peak_seq=1163
IMU1,1190,11566870,-205,1434,1696,2179,-695,-946
IMU1,1191,11577194,-132,1459,1670,2173,-590,-991
IMU1,1192,11587522,-44,1482,1642,2169,-546,-1033
IMU1,1193,11597833,-46,1503,1582,2145,-512,-1067
IMU1,1194,11608162,-77,1433,1545,2086,-429,-1064
IMU1,1195,11618999,-160,1446,1738,1907,-88,-932
IMU1,1196,11629122,-163,1470,1820,1855,64,-819
IMU1,1197,11639141,-135,1495,1877,1833,115,-692
IMU1,1198,11649372,-91,1506,1839,1835,59,-582
IMU1,1199,11659200,-46,1478,1750,1828,-43,-498
IMU1,1200,11669115,-26,1444,1695,1801,-88,-446
IMU1,1201,11679026,-10,1417,1727,1759,-34,-414
IMU1,1202,11688943,-3,1398,1770,1727,85,-394
IMU1,1203,11698563,43,1431,1758,1713,188,-393
IMU1,1204,11708488,76,1444,1849,1702,236,-420
IMU1,1205,11718410,83,1450,1808,1719,248,-456
IMU1,1206,11728322,93,1477,1775,1729,251,-497
IMU1,1207,11738236,106,1514,1732,1725,267,-544
IMU1,1208,11748370,5,1531,1726,1714,338,-590
IMU1,1209,11758110,-66,1502,1731,1696,460,-596
IMU1,1210,11768142,-100,1465,1722,1666,595,-548
IMU1,1211,11778371,-60,1463,1716,1607,689,-474
IMU1,1212,11788388,103,1494,1650,1519,706,-436
IMU1,1213,11798524,-116,1564,1955,1417,656,-514
IMU1,1214,11808743,-255,1637,2097,1382,578,-515
IMU1,1215,11818955,-24,1596,2124,1396,425,-436
IMU1,1216,11828983,25,1704,2164,1416,191,-400
IMU1,1217,11840459,121,1793,2217,1388,-231,-367
IMU1,1218,11850667,105,1890,2350,1335,-219,-340
IMU1,1219,11860888,135,2016,2415,1287,13,-301
IMU1,1220,11870798,105,2175,2463,1209,312,-241
IMU1,1221,11880934,-12,2288,2461,1085,591,-157
IMU1,1222,11890955,-108,2366,2506,884,859,-46
IMU1,1223,11900782,-265,2435,2627,627,1142,77
IMU1,1224,11910725,-429,2537,2686,340,1386,208
IMU1,1225,11920846,-594,2705,2692,20,1491,308
IMU1,1226,11930771,-683,2923,2580,-351,1439,370
IMU1,1227,11940994,-803,3223,2459,-791,1270,429
IMU1,1228,11951223,-895,3527,2356,-1283,1027,452
IMU1,1229,11961655,-1045,3800,2221,-1800,742,472
IMU1,1230,11972082,-1216,4084,2084,-2324,476,500
IMU1,1231,11982506,-1371,4358,1978,-2841,265,560
IMU1,1232,11992936,-1405,4994,1754,-3324,108,643
IMU1,1233,12003893,-1395,5234,1614,-4153,-157,722
IMU1,1234,12014412,-1474,5409,1477,-4505,-353,720
IMU1,1235,12024936,-1544,5502,1313,-4810,-586,728
IMU1,1236,12035472,-1666,5532,1163,-5087,-801,777
IMU1,1237,12048562,-1788,5597,1037,-5357,-964,881
IMU1,1238,12059089,-1905,5673,865,-5632,-1058,1034
IMU1,1239,12069826,-1946,5587,494,-5928,-1115,1219
IMU1,1240,12080566,-1842,5505,317,-6546,-1303,1571
IMU1,1241,12091303,-1726,5383,145,-6841,-1438,1679
IMU1,1242,12102028,-1543,5190,-22,-7087,-1540,1728
IMU1,1243,12112659,-1373,4937,-86,-7287,-1577,1719
IMU1,1244,12123287,-1223,4636,-66,-7410,-1485,1652
IMU1,1245,12133920,-1099,4319,-93,-7438,-1264,1552
IMU1,1246,12144569,-1034,3978,-188,-7371,-934,1428
IMU1,1247,12155204,-1013,3523,-138,-7238,-509,1303
IMU1,1248,12165821,-985,2674,13,-7029,-13,1190
IMU1,1249,12176785,-907,2345,53,-6403,940,939
IMU1,1250,12186616,-860,1988,90,-6019,1206,781
IMU1,1251,12196647,-820,1769,105,-5597,1248,618
IMU1,1252,12206877,-695,1645,92,-5158,1138,442
IMU1,1253,12216900,-581,1426,82,-4708,937,252
IMU1,1254,12226739,-489,1181,84,-4248,678,47
IMU1,1255,12236359,-399,988,66,-3800,396,-146
IMU1,1256,12246105,-337,821,50,-3379,123,-333
IMU1,1257,12255825,-320,672,18,-3003,-136,-489
IMU1,1258,12265652,-342,534,0,-2673,-365,-602
IMU1,1259,12275175,-383,406,9,-2378,-554,-656
IMU1,1260,12284823,-440,288,57,-2103,-686,-658
IMU1,1261,12294642,-457,186,100,-1848,-757,-608
IMU1,1262,12304639,-402,62,95,-1609,-797,-536
IMU1,1263,12314248,-342,-67,63,-1396,-832,-469
IMU1,1264,12323946,-265,-196,33,-1209,-855,-414
IMU1,1265,12333843,-193,-312,56,-1037,-838,-372
IMU1,1266,12343754,-151,-413,129,-862,-737,-338
IMU1,1267,12353662,-108,-498,245,-648,-541,-302
IMU1,1268,12363557,19,-568,307,-388,-266,-277
IMU1,1269,12373174,138,-619,390,-102,39,-286
IMU1,1270,12382692,202,-627,508,197,314,-333
IMU1,1271,12392329,161,-652,700,500,500,-387
IMU1,1272,12401944,101,-673,817,805,579,-418
IMU1,1273,12411558,43,-635,863,1102,577,-408
IMU1,1274,12421191,-13,-617,870,1373,513,-365
IMU1,1275,12430913,-114,-606,889,1603,404,-294
IMU1,1276,12440832,-76,-623,868,1799,285,-201
IMU1,1277,12450562,-91,-691,871,1960,185,-112
IMU1,1278,12460281,-276,-688,913,2084,131,-14
IMU1,1279,12469997,-443,-617,1041,2181,133,117
IMU1,1280,12480028,-434,-558,1186,2276,199,263
IMU1,1281,12490031,-398,-504,1330,2369,332,382
IMU1,1282,12500053,-389,-467,1478,2466,513,461
IMU1,1283,12510068,-390,-424,1606,2566,694,499
IMU1,1284,12520077,-358,-419,1672,2657,828,496
IMU1,1285,12530080,-316,-403,1728,2738,879,446
IMU1,1286,12540097,-267,-351,1745,2803,842,337
IMU1,1287,12550112,-310,-214,1726,2838,702,190
IMU1,1288,12560135,-486,-72,1824,2829,520,33
IMU1,1289,12571303,-754,14,2005,2710,356,-153
IMU1,1290,12581125,-805,21,2249,2642,478,-190
IMU1,1291,12590931,-990,-13,2427,2612,662,-199
IMU1,1292,12600850,-1023,76,2497,2599,739,-163
IMU1,1293,12610867,-962,214,2501,2584,589,-115
IMU1,1294,12620888,-906,312,2495,2553,267,-102
IMU1,1295,12630906,-800,412,2514,2502,-104,-122
IMU1,1296,12641028,-640,488,2547,2439,-413,-189
IMU1,1297,12651140,-473,576,2606,2381,-594,-308
IMU1,1298,12661279,-345,650,2656,2340,-646,-469
IMU1,1299,12671396,-281,660,2709,2325,-601,-645
IMU1,1300,12681527,-295,696,2654,2344,-487,-794
IMU1,1301,12691659,-359,655,2751,2353,-320,-881
IMU1,1302,12701788,-440,672,2943,2390,-114,-893
IMU1,1303,12711913,-566,738,2679,2447,155,-823
IMU1,1304,12721949,-590,720,2675,2467,437,-673
IMU1,1305,12731982,-393,749,2509,2455,712,-525
IMU1,1306,12742035,-300,858,2468,2383,927,-454
IMU1,1307,12752081,-273,882,2342,2290,1037,-461
IMU1,1308,12763348,-456,870,2373,2081,962,-581
IMU1,1309,12773388,-601,878,2359,2022,872,-618
IMU1,1310,12783444,-630,861,2297,1995,821,-636
IMU1,1311,12793492,-633,861,2204,1953,820,-638
IMU1,1312,12803549,-601,878,2146,1904,871,-645
IMU1,1313,12813558,-620,901,2137,1867,922,-651
IMU1,1314,12823577,-709,918,2142,1856,919,-648
IMU1,1315,12833599,-795,896,2083,1875,807,-617
IMU1,1316,12843620,-832,865,2072,1910,588,-571
IMU1,1317,12853642,-828,807,2103,1967,310,-527
IMU1,1318,12863653,-792,736,2135,2053,29,-505
IMU1,1319,12873483,-714,671,2106,2166,-230,-508
IMU1,1320,12883601,-579,709,2073,2282,-466,-544
IMU1,1321,12893711,-534,814,1953,2373,-687,-606
IMU1,1322,12903832,-609,908,1861,2415,-870,-653
IMU1,1323,12913946,-592,953,1785,2406,-976,-647
IMU1,1324,12924058,-528,950,1692,2356,-981,-605
IMU1,1325,12934181,-441,973,1604,2263,-874,-553
IMU1,1326,12944293,-386,1003,1538,2128,-688,-496
IMU1,1327,12954594,-342,1041,1445,1970,-454,-437
IMU1,1328,12965415,-331,1038,1405,1623,-28,-319
IMU1,1329,12975519,-376,1036,1465,1465,84,-275
IMU1,1330,12985539,-402,1056,1593,1359,105,-249
IMU1,1331,12995758,-346,1104,1730,1311,17,-229
IMU1,1332,13005779,-267,1166,1828,1334,-154,-236
IMU1,1333,13016088,-226,1252,1825,1404,-373,-263
IMU1,1334,13026400,-222,1317,1768,1483,-600,-294
IMU1,1335,13036707,-223,1363,1710,1533,-784,-296
IMU1,1336,13049596,-251,1386,1692,1542,-868,-258
IMU1,1337,13059924,-254,1372,1643,1521,-826,-178
IMU1,1338,13071267,-276,1405,1643,1419,-476,65
IMU1,1339,13081293,-267,1433,1630,1345,-245,193
IMU1,1340,13091514,-278,1468,1668,1273,-24,293
IMU1,1341,13101549,-254,1488,1814,1205,178,367
IMU1,1342,13111682,-238,1501,1933,1162,349,409
IMU1,1343,13121789,-232,1522,2017,1122,471,404
IMU1,1344,13131888,-150,1559,2037,1076,533,350
IMU1,1345,13142009,-109,1590,2031,995,522,248
IMU1,1346,13151922,-138,1581,2091,871,451,124
IMU1,1347,13161846,-201,1600,2165,724,342,13
IMU1,1348,13171540,-321,1692,2234,565,202,-62
IMU1,1349,13181343,-475,1842,2242,409,48,-84
IMU1,1350,13190954,-573,1960,2194,245,-106,-39
IMU1,1351,13200860,-585,2102,2112,64,-237,57
IMU1,1352,13210468,-576,2193,2156,-131,-268,183
IMU1,1353,13220570,-578,2262,2248,-303,-132,317
IMU1,1354,13230680,-582,2341,2271,-445,165,447
IMU1,1355,13240693,-576,2405,2248,-569,540,559
IMU1,1356,13250709,-633,2480,2169,-703,902,642
IMU1,1357,13260730,-743,2542,2070,-869,1186,714
IMU1,1358,13270978,-834,2601,2059,-1075,1379,782
IMU1,1359,13281408,-915,2777,2139,-1302,1503,832
IMU1,1360,13292344,-989,2855,2226,-1720,1516,807
IMU1,1361,13302762,-1079,2947,2309,-1885,1356,737
IMU1,1362,13313388,-1200,3056,2425,-2011,1079,654
IMU1,1363,13323987,-1326,3276,2593,-2086,752,569
IMU1,1364,13334395,-1421,3567,2599,-2132,461,512
IMU1,1365,13344821,-1463,3712,2404,-2199,245,491
IMU1,1366,13355227,-1409,3775,2100,-2365,72,491
IMU1,1367,13365446,-1338,3844,1798,-2663,-67,484
IMU1,1368,13375739,-1256,3892,1630,-3067,-156,454
IMU1,1369,13386262,-1234,3933,1573,-3522,-204,397
IMU1,1370,13396777,-1211,3913,1518,-3966,-260,320
IMU1,1371,13407822,-1139,3920,1535,-4692,-572,151
IMU1,1372,13418360,-1114,3874,1494,-4921,-796,70
IMU1,1373,13428691,-1126,3796,1408,-5073,-1011,12
IMU1,1374,13439220,-1111,3656,1305,-5178,-1199,6
IMU1,1375,13449552,-1101,3509,1211,-5244,-1298,30
IMU1,1376,13460066,-1059,3303,1086,-5288,-1304,88
IMU1,1377,13470562,-948,3035,925,-5323,-1252,155
IMU1,1378,13480892,-843,2789,769,-5359,-1163,203
IMU1,1379,13491204,-740,2557,595,-5403,-1067,226
IMU1,1380,13501518,-651,2311,437,-5457,-992,224
IMU1,1381,13511644,-567,2073,314,-5516,-933,209
IMU1,1382,13521783,-433,1633,113,-5563,-850,173
IMU1,1383,13532925,-404,1428,71,-5591,-617,81
IMU1,1384,13542642,-399,1252,45,-5543,-488,32
IMU1,1385,13552348,-386,1089,6,-5462,-360,-11
IMU1,1386,13561956,-378,904,-13,-5370,-237,-37
IMU1,1387,13571664,-368,770,-103,-5260,-111,-60
IMU1,1388,13581562,-317,602,-122,-5148,26,-80
IMU1,1389,13591168,-323,418,-132,-5017,200,-103
IMU1,1390,13601176,-280,236,-29,-4845,428,-121
IMU1,1391,13610968,-256,52,85,-4612,716,-140
IMU1,1392,13620480,-232,26,86,-4325,1051,-170
IMU1,1393,13630170,-191,12,27,-3989,1340,-205
IMU1,1394,13639878,-183,-52,34,-3632,1479,-245
IMU1,1395,13649680,-187,-127,10,-3264,1462,-278
IMU1,1396,13659671,-221,-203,-46,-2899,1336,-273
IMU1,1397,13669772,-283,-286,-20,-2534,1171,-216
IMU1,1398,13679883,-317,-335,27,-2163,1021,-113
IMU1,1399,13689903,-224,-373,71,-1776,919,10
IMU1,1400,13699421,-172,-435,84,-1385,841,120
IMU1,1401,13709120,-173,-541,68,-1014,723,222
IMU1,1402,13718827,-217,-643,21,-679,541,325
IMU1,1403,13728341,-204,-687,32,-389,369,435
IMU1,1404,13737840,-199,-749,120,-116,299,530
IMU1,1405,13747550,-268,-788,224,156,326,614
IMU1,1406,13757172,-397,-824,447,442,389,702
IMU1,1407,13766805,-467,-842,650,764,442,786
IMU1,1408,13776413,-468,-826,821,1115,442,845
# swing_peak_seq=1382
IMU1,1409,13786219,-476,-824,952,1480,373,856
IMU1,1410,13796041,-471,-831,1017,1836,211,819
IMU1,1411,13806058,-454,-855,1096,2165,-33,741
IMU1,1412,13815981,-471,-851,1156,2457,-330,632
IMU1,1413,13826122,-501,-807,1203,2711,-652,509
IMU1,1414,13836226,-511,-757,1237,2926,-984,382
IMU1,1415,13846351,-498,-716,1247,3097,-1313,251
IMU1,1416,13856675,-497,-648,1269,3210,-1614,120
IMU1,1417,13866968,-519,-569,1371,3284,-1869,2
IMU1,1418,13876881,-568,-518,1545,3348,-2051,-101
IMU1,1419,13887291,-556,-451,1871,3420,-2138,-181
IMU1,1420,13898236,-523,-386,1932,3570,-2055,-302
IMU1,1421,13908664,-505,-367,1876,3608,-1893,-349
IMU1,1422,13919081,-327,-234,1812,3585,-1689,-387
IMU1,1423,13929504,-250,-34,1673,3489,-1438,-432
IMU1,1424,13939713,-271,-15,1671,3328,-1126,-465
IMU1,1425,13949918,-273,-16,1673,3133,-774,-456
IMU1,1426,13959946,-257,23,1694,2939,-399,-418
IMU1,1427,13969861,-267,56,1846,2769,-46,-365
IMU1,1428,13979570,-248,90,1959,2658,227,-310
IMU1,1429,13989390,-249,174,2023,2607,393,-279
IMU1,1430,13999406,-260,246,2131,2596,455,-267
IMU1,1431,14009431,-312,295,2243,2619,456,-268
IMU1,1432,14019459,-352,310,2291,2663,455,-269
IMU1,1433,14029486,-390,314,2288,2707,464,-260
IMU1,1434,14039510,-433,339,2210,2743,476,-236
IMU1,1435,14052108,-496,423,2235,2714,514,-169
IMU1,1436,14062138,-461,452,2362,2700,512,-144
IMU1,1437,14072176,-387,486,2418,2719,431,-159
IMU1,1438,14082212,-246,528,2510,2762,242,-223
IMU1,1439,14092229,-113,600,2532,2813,-49,-337
IMU1,1440,14102142,-120,620,2333,2834,-369,-478
IMU1,1441,14112262,-118,770,2168,2775,-612,-593
IMU1,1442,14122380,-89,962,2052,2650,-671,-662
IMU1,1443,14132287,-103,1016,1929,2470,-464,-678
IMU1,1444,14142588,-186,952,1950,2237,-14,-628
IMU1,1445,14152513,-244,936,2140,2007,579,-513
IMU1,1446,14162533,-312,1044,2324,1837,1142,-369
IMU1,1447,14172957,-427,1164,2353,1742,1471,-231
IMU1,1448,14183381,-450,1275,2321,1713,1457,-131
IMU1,1449,14193800,-348,1384,2284,1736,1137,-88
IMU1,1450,14204018,-290,1474,2197,1817,680,-113
IMU1,1451,14214245,-279,1545,2001,1942,253,-177
IMU1,1452,14224980,-307,1525,1996,2278,-72,-325
IMU1,1453,14235102,-364,1489,2115,2490,123,-390
IMU1,1454,14245331,-429,1442,2282,2732,480,-415
IMU1,1455,14255546,-526,1443,2352,2997,874,-404
IMU1,1456,14265777,-647,1473,2339,3234,1148,-358
IMU1,1457,14276197,-728,1447,2282,3397,1218,-289
IMU1,1458,14286618,-810,1403,2206,3467,1121,-214
IMU1,1459,14297042,-830,1396,2078,3439,951,-140
IMU1,1460,14307281,-796,1403,1904,3318,778,-83
IMU1,1461,14317321,-768,1398,1783,3112,610,-44
IMU1,1462,14327368,-711,1374,1756,2861,424,-28
IMU1,1463,14337405,-741,1410,1774,2610,239,-33
IMU1,1464,14347414,-666,1390,1727,2419,96,-51
IMU1,1465,14357232,-612,1502,1891,2262,18,-74
IMU1,1466,14367061,-584,1602,1714,2124,-29,-105
IMU1,1467,14377169,-569,1686,1668,1953,-69,-143
IMU1,1468,14387275,-521,1818,1544,1743,-35,-180
IMU1,1469,14398427,-556,1869,1547,1241,323,-238
IMU1,1470,14408658,-592,1887,1631,1013,502,-272
IMU1,1471,14418874,-619,1914,1735,855,579,-304
IMU1,1472,14428902,-668,1973,1777,760,560,-325
IMU1,1473,14438907,-671,1987,1817,713,463,-334
IMU1,1474,14448918,-630,1959,1837,708,319,-346
IMU1,1475,14458943,-570,1925,1866,732,155,-356
IMU1,1476,14468957,-490,1908,1839,764,1,-370
IMU1,1477,14478585,-412,1882,1762,773,-125,-389
IMU1,1478,14488697,-317,1847,1687,740,-213,-406
IMU1,1479,14498806,-233,1799,1638,670,-250,-423
IMU1,1480,14508914,-167,1758,1609,581,-227,-435
IMU1,1481,14519016,-132,1724,1599,482,-151,-430
IMU1,1482,14529142,-107,1712,1595,397,-42,-404
IMU1,1483,14539057,-99,1693,1598,325,78,-367
IMU1,1484,14548686,-116,1678,1574,262,190,-306
IMU1,1485,14558703,-147,1650,1563,207,293,-224
IMU1,1486,14568729,-200,1627,1630,155,398,-118
IMU1,1487,14578736,-270,1612,1728,123,512,11
IMU1,1488,14588459,-333,1612,1796,107,604,156
IMU1,1489,14598381,-341,1628,1824,101,641,295
IMU1,1490,14609859,-332,1672,1912,105,612,478
IMU1,1491,14619793,-394,1677,2003,126,658,530
IMU1,1492,14629722,-410,1673,2086,167,752,565
IMU1,1493,14639648,-392,1729,2189,223,855,559
IMU1,1494,14649593,-409,1809,2262,303,914,525
IMU1,1495,14659534,-443,1866,2325,384,918,478
IMU1,1496,14669471,-499,1908,2496,475,889,426
IMU1,1497,14679400,-620,2026,2633,571,832,389
IMU1,1498,14689339,-809,2175,2714,642,731,379
IMU1,1499,14699271,-943,2288,2710,653,592,406
IMU1,1500,14709218,-965,2365,2620,554,439,457
IMU1,1501,14719163,-948,2451,2506,333,306,501
IMU1,1502,14729129,-869,2606,2286,2,196,514
IMU1,1503,14738659,-789,2776,2049,-428,82,466
IMU1,1504,14748493,-779,2888,1934,-933,-26,362
IMU1,1505,14758398,-791,2981,1894,-1455,-66,233
IMU1,1506,14768535,-856,3074,1859,-1959,16,95
IMU1,1507,14778361,-958,3155,1815,-2430,189,-24
IMU1,1508,14788494,-1028,3244,1740,-2848,352,-112
IMU1,1509,14799001,-1131,3287,1678,-3212,455,-185
IMU1,1510,14809514,-1243,3335,1664,-3518,496,-233
IMU1,1511,14820050,-1349,3505,1706,-3772,456,-256
IMU1,1512,14831099,-1364,3610,1691,-4085,60,-294
IMU1,1513,14841421,-1369,3758,1643,-4189,-266,-314
IMU1,1514,14852050,-1378,3891,1595,-4263,-589,-338
IMU1,1515,14862668,-1340,3990,1575,-4314,-847,-353
IMU1,1516,14873303,-1295,4027,1518,-4353,-1017,-361
IMU1,1517,14884127,-1246,3983,1448,-4391,-1106,-362
IMU1,1518,14894951,-1215,3862,1428,-4429,-1143,-360
IMU1,1519,14905779,-1218,3705,1372,-4456,-1178,-342
IMU1,1520,14916607,-1218,3449,1295,-4490,-1365,-222
IMU1,1521,14927412,-1144,3372,1252,-4568,-1493,-151
IMU1,1522,14938234,-1058,3251,1154,-4622,-1622,-89
IMU1,1523,14948856,-950,3089,1003,-4674,-1770,-56
IMU1,1524,14959288,-839,2881,802,-4759,-1907,-25
IMU1,1525,14969514,-754,2607,599,-4891,-1943,16
IMU1,1526,14979651,-697,2332,524,-5062,-1820,66
IMU1,1527,14989786,-599,2071,403,-5221,-1528,115
IMU1,1528,15000112,-529,1800,255,-5360,-1158,141
IMU1,1529,15010440,-509,1513,105,-5488,-789,141
IMU1,1530,15020571,-495,1257,-32,-5618,-467,112
IMU1,1531,15030603,-423,988,-56,-5717,-159,42
IMU1,1532,15040235,-382,755,-143,-5781,138,-79
IMU1,1533,15052511,-283,392,-198,-5751,622,-469
IMU1,1534,15062558,-309,269,-189,-5659,765,-719
IMU1,1535,15072593,-343,149,-170,-5499,833,-939
IMU1,1536,15082625,-364,153,-213,-5303,875,-1111
IMU1,1537,15092849,-345,31,-200,-5082,914,-1226
IMU1,1538,15102875,-344,-113,-137,-4822,987,-1298
IMU1,1539,15113194,-358,-225,-37,-4511,1113,-1315
IMU1,1540,15123525,-389,-309,49,-4152,1296,-1276
IMU1,1541,15133749,-404,-451,50,-3745,1497,-1185
IMU1,1542,15143985,-391,-528,32,-3308,1630,-1049
IMU1,1543,15154215,-214,-576,-29,-2864,1629,-888
IMU1,1544,15164342,-262,-644,114,-2425,1509,-738
IMU1,1545,15174562,-216,-750,110,-1974,1265,-576
IMU1,1546,15184787,-244,-889,169,-1541,931,-406
IMU1,1547,15194803,-323,-909,407,-1126,588,-219
IMU1,1548,15205867,-305,-1070,470,-289,-33,168
IMU1,1549,15215688,-250,-1077,488,103,-307,319
IMU1,1550,15225615,-246,-1124,509,446,-573,424
IMU1,1551,15235534,-276,-1227,577,735,-828,493
IMU1,1552,15245466,-308,-1273,625,981,-1048,548
IMU1,1553,15255599,-288,-1261,636,1200,-1215,587
IMU1,1554,15265949,-261,-1233,615,1374,-1343,606
IMU1,1555,15276278,-284,-1198,587,1503,-1461,609
IMU1,1556,15286624,-273,-1183,573,1595,-1557,603
IMU1,1557,15296971,-305,-1158,688,1663,-1597,592
IMU1,1558,15307308,-392,-1155,824,1743,-1551,582
IMU1,1559,15317660,-393,-1118,1019,1851,-1407,574
IMU1,1560,15328209,-337,-1068,1143,1991,-1206,548
IMU1,1561,15338738,-252,-1024,1102,2138,-1034,483
IMU1,1562,15349278,-187,-879,1143,2255,-924,220
IMU1,1563,15359943,-161,-789,1103,2414,-984,54
IMU1,1564,15369906,-126,-717,1056,2446,-1069,-124
IMU1,1565,15380316,-156,-653,1008,2438,-1108,-290
IMU1,1566,15390739,-165,-586,970,2412,-1032,-428
IMU1,1567,15400949,-146,-526,910,2376,-839,-521
IMU1,1568,15410983,-142,-482,932,2349,-550,-576
IMU1,1569,15421014,-178,-464,1081,2357,-195,-600
IMU1,1570,15431237,-180,-453,1272,2428,181,-600
IMU1,1571,15441364,-150,-425,1370,2589,542,-593
IMU1,1572,15451487,-138,-334,1400,2810,861,-583
IMU1,1573,15461615,-109,-229,1395,3060,1088,-571
IMU1,1574,15471946,-50,-105,1348,3304,1129,-563
IMU1,1575,15482080,-41,39,1264,3504,927,-561
IMU1,1576,15491720,-77,164,1089,3641,556,-565
IMU1,1577,15501552,-142,242,1142,3703,146,-559
IMU1,1578,15511592,-282,287,1238,3745,-154,-537
IMU1,1579,15521743,-357,323,1402,3775,-225,-472
IMU1,1580,15532912,-455,315,1689,3820,495,-191
IMU1,1581,15542950,-505,511,1596,3922,1224,-4
IMU1,1582,15552807,-216,682,1881,4063,1949,194
IMU1,1583,15562937,-150,997,1796,4239,2411,338
IMU1,1584,15573092,-263,1184,1719,4396,2395,379
IMU1,1585,15583448,-511,1192,1882,4484,1858,376
IMU1,1586,15593796,-660,1291,2174,4563,1040,357
IMU1,1587,15604130,-719,1470,2339,4670,258,318
IMU1,1588,15614288,-674,1601,2345,4796,-297,256
IMU1,1589,15624536,-553,1675,2099,4901,-642,173
IMU1,1590,15634765,-452,1797,1755,4922,-832,64
IMU1,1591,15644811,-383,1914,1517,4839,-858,-54
IMU1,1592,15654950,-347,1971,1300,4662,-648,-159
IMU1,1593,15665279,-413,2015,1184,4403,-129,-229
IMU1,1594,15675617,-547,2114,1445,4101,625,-228
IMU1,1595,15686904,-982,2480,1779,3621,2037,-35
IMU1,1596,15697140,-1064,2691,2020,3543,2314,118
IMU1,1597,15707687,-1065,2837,2131,3561,2295,228
IMU1,1598,15718239,-1088,2897,2083,3622,2069,276
IMU1,1599,15728798,-1127,2873,1940,3645,1706,278
IMU1,1600,15739331,-1162,2833,1797,3593,1307,260
IMU1,1601,15749860,-1166,2783,1653,3470,986,230
IMU1,1602,15760183,-1150,2727,1497,3276,764,190
IMU1,1603,15770500,-1125,2679,1355,3026,609,134
IMU1,1604,15780821,-1072,2632,1236,2740,482,59
IMU1,1605,15790935,-995,2542,1043,2435,371,-43
IMU1,1606,15802002,-870,2397,981,1821,179,-324
IMU1,1607,15812020,-849,2371,988,1546,99,-478
IMU1,1608,15821840,-801,2372,1041,1330,42,-617
IMU1,1609,15831855,-776,2368,1095,1185,31,-744
IMU1,1610,15841893,-773,2369,1124,1113,44,-845
# swing_peak_seq=1584
IMU1,1611,15851922,-759,2369,1127,1088,57,-911
IMU1,1612,15861954,-748,2324,1122,1098,58,-940
IMU1,1613,15871988,-727,2259,1114,1128,45,-936
IMU1,1614,15882044,-736,2197,1099,1161,-2,-896
IMU1,1615,15891968,-751,2165,1079,1199,-73,-825
IMU1,1616,15902102,-760,2146,1058,1230,-153,-727
IMU1,1617,15912428,-756,2125,1046,1257,-212,-610
IMU1,1618,15922753,-744,2103,1030,1274,-226,-478
IMU1,1619,15933089,-719,2083,1009,1277,-183,-342
IMU1,1620,15943413,-686,2052,992,1268,-90,-219
IMU1,1621,15953340,-679,1978,1016,1237,28,-112
IMU1,1622,15963370,-709,1917,1043,1194,132,-23
IMU1,1623,15973408,-711,1909,1063,1139,175,61
IMU1,1624,15983357,-684,1939,1108,1076,174,124
IMU1,1625,15994531,-603,1957,1105,925,137,172
IMU1,1626,16004474,-622,1949,1157,830,155,168
IMU1,1627,16014388,-728,1922,1282,747,208,168
IMU1,1628,16024292,-812,1925,1429,682,284,194
IMU1,1629,16034202,-790,1932,1547,636,334,239
IMU1,1630,16044132,-717,1986,1599,592,327,263
IMU1,1631,16056619,-631,2088,1615,516,248,245
IMU1,1632,16066525,-563,2167,1640,411,118,192
IMU1,1633,16076435,-570,2184,1730,279,-9,124
IMU1,1634,16086062,-691,2158,1849,129,-69,80
IMU1,1635,16095674,-790,2101,1974,-38,-36,97
IMU1,1636,16105202,-914,2073,1984,-221,65,171
IMU1,1637,16115016,-1323,1794,1193,-477,248,310
IMU1,1638,16125251,-705,2276,1272,-907,774,471
IMU1,1639,16135295,-397,2370,2245,-1298,1807,365
IMU1,1640,16145713,-1039,2221,2395,-1492,2176,124
IMU1,1641,16156343,-1362,2485,2567,-1612,1369,74
IMU1,1642,16167787,-1226,2825,2414,-1732,-146,139
IMU1,1643,16178298,-1261,2820,2300,-1801,-326,168
IMU1,1644,16188815,-1167,2938,2180,-1930,-428,225
IMU1,1645,16199322,-1071,3063,2023,-2116,-456,241
IMU1,1646,16209843,-1043,3148,1883,-2377,-420,218
IMU1,1647,16220365,-1080,3225,1818,-2708,-352,183
IMU1,1648,16230869,-1103,3370,1842,-3069,-271,147
IMU1,1649,16241382,-1089,3535,1917,-3397,-189,98
IMU1,1650,16251698,-1079,3731,2001,-3659,-128,17
IMU1,1651,16262018,-1071,3841,1914,-3860,-137,-101
IMU1,1652,16273148,-1112,4086,1942,-4195,-511,-333
IMU1,1653,16283768,-1176,4195,1951,-4319,-763,-398
IMU1,1654,16294397,-1195,4283,1878,-4430,-1010,-401
IMU1,1655,16305237,-1151,4367,1726,-4563,-1201,-360
IMU1,1656,16316061,-1049,4427,1600,-4751,-1273,-302
IMU1,1657,16326894,-1014,4476,1672,-4976,-1195,-257
IMU1,1658,16337718,-1066,4460,1699,-5157,-1052,-215
IMU1,1659,16348539,-1043,4384,1675,-5276,-999,-154
IMU1,1660,16359684,-940,4212,1383,-5398,-1172,-9
IMU1,1661,16369914,-908,4004,1200,-5448,-1221,69
IMU1,1662,16380246,-886,3783,1065,-5504,-1166,159
IMU1,1663,16390786,-839,3566,974,-5548,-955,226
IMU1,1664,16400892,-776,3304,914,-5568,-644,252
IMU1,1665,16410988,-679,3038,803,-5572,-331,207
IMU1,1666,16421089,-623,2790,630,-5578,-125,89
IMU1,1667,16431006,-600,2493,451,-5598,-45,-68
IMU1,1668,16440817,-571,2201,273,-5650,-41,-228
IMU1,1669,16450812,-556,1936,117,-5730,-67,-373
IMU1,1670,16460812,-525,1702,-45,-5812,-92,-501
IMU1,1671,16470696,-495,1487,-188,-5890,-92,-611
IMU1,1672,16480797,-415,1302,-373,-5957,-40,-700
IMU1,1673,16490895,-351,1115,-525,-6011,87,-773
IMU1,1674,16500901,-334,887,-510,-6018,330,-830
IMU1,1675,16510903,-338,702,-475,-5933,699,-857
IMU1,1676,16520919,-371,527,-405,-5760,1136,-858
IMU1,1677,16531120,-427,381,-334,-5501,1548,-825
IMU1,1678,16541335,-382,209,-268,-5161,1845,-765
IMU1,1679,16552060,-299,167,-271,-4359,1845,-627
IMU1,1680,16562261,-245,85,-270,-3930,1516,-588
IMU1,1681,16572266,-210,-37,-335,-3500,1019,-537
IMU1,1682,16582365,-208,-166,-349,-3093,492,-476
IMU1,1683,16592466,-218,-258,-367,-2694,52,-387
IMU1,1684,16602352,-250,-359,-399,-2294,-253,-269
IMU1,1685,16612542,-309,-468,-407,-1898,-433,-129
IMU1,1686,16622733,-302,-535,-430,-1508,-553,21
IMU1,1687,16632642,-272,-587,-475,-1135,-679,152
IMU1,1688,16642743,-223,-632,-530,-790,-827,253
IMU1,1689,16652632,-201,-683,-548,-474,-947,315
IMU1,1690,16662535,-214,-721,-558,-183,-997,343
IMU1,1691,16672428,-212,-757,-558,86,-972,357
IMU1,1692,16682023,-239,-770,-511,333,-871,361
IMU1,1693,16691825,-287,-783,-458,578,-701,361
IMU1,1694,16701629,-360,-778,-378,816,-491,376
IMU1,1695,16711429,-439,-757,-272,1044,-260,414
IMU1,1696,16721439,-518,-732,-138,1270,-39,473
IMU1,1697,16731251,-566,-729,47,1508,175,539
IMU1,1698,16740863,-607,-721,239,1765,381,603
IMU1,1699,16750677,-632,-665,404,2038,543,649
IMU1,1700,16760497,-635,-618,589,2318,619,683
IMU1,1701,16770330,-667,-610,761,2614,607,699
IMU1,1702,16780154,-673,-569,872,2915,524,707
IMU1,1703,16789988,-680,-523,983,3215,377,697
IMU1,1704,16799810,-723,-492,1122,3497,153,664
IMU1,1705,16809833,-726,-464,1232,3758,-124,611
IMU1,1706,16819946,-744,-366,1415,4002,-437,533
IMU1,1707,16831091,-721,-280,1474,4381,-1110,302
IMU1,1708,16841420,-702,-203,1569,4526,-1401,160
IMU1,1709,16851729,-704,-129,1712,4627,-1644,21
IMU1,1710,16861837,-687,-9,1805,4699,-1798,-119
IMU1,1711,16871853,-605,136,1712,4709,-1747,-248
IMU1,1712,16882177,-526,227,1610,4613,-1396,-360
IMU1,1713,16892487,-546,272,1675,4435,-803,-438
IMU1,1714,16902605,-629,290,1850,4226,-126,-464
IMU1,1715,16912711,-654,358,2038,4042,467,-448
IMU1,1716,16922724,-665,456,2196,3913,827,-438
IMU1,1717,16932744,-627,559,2275,3848,893,-454
IMU1,1718,16942777,-591,677,2263,3815,706,-508
IMU1,1719,16952815,-574,803,2095,3756,376,-586
IMU1,1720,16962843,-608,888,1890,3636,53,-655
IMU1,1721,16972655,-661,966,1808,3444,-99,-681
IMU1,1722,16982567,-775,1012,1963,3222,11,-639
IMU1,1723,16992583,-899,1025,2295,3051,336,-524
IMU1,1724,17002809,-885,1154,2753,2969,737,-367
IMU1,1725,17013548,-824,1225,2725,3068,1203,-133
IMU1,1726,17023974,-733,1301,2551,3128,1199,-79
IMU1,1727,17034233,-706,1448,2777,3125,1104,-75
IMU1,1728,17044478,-747,1735,2603,3140,973,-128
IMU1,1729,17057257,-989,1599,2294,3134,685,-177
IMU1,1730,17067486,-1149,1597,2293,3069,306,-156
IMU1,1731,17077925,-1224,1581,2441,3007,50,-82
IMU1,1732,17087953,-1119,1555,2640,2990,-38,4
IMU1,1733,17097800,-1019,1628,2641,3028,-108,59
IMU1,1734,17108016,-940,1706,2424,3075,-276,62
IMU1,1735,17118044,-828,1765,2048,3070,-503,18
IMU1,1736,17129115,-750,1796,1924,2942,-576,-158
# swing_peak_seq=1710
IMU1,1737,17139439,-782,1842,1804,2855,-323,-242
IMU1,1738,17149755,-821,1873,1674,2746,42,-288
IMU1,1739,17159785,-817,1896,1553,2621,486,-322
IMU1,1740,17170007,-801,1917,1456,2482,959,-338
IMU1,1741,17180232,-824,1931,1401,2335,1416,-340
IMU1,1742,17190657,-907,1895,1408,2198,1810,-336
IMU1,1743,17201091,-993,1831,1472,2075,2028,-315
IMU1,1744,17211532,-1045,1843,1617,1996,1970,-292
IMU1,1745,17222142,-1050,1907,1745,1988,1648,-277
IMU1,1746,17232765,-1081,1946,1834,2050,1173,-272
IMU1,1747,17243387,-1093,1981,1759,2159,668,-271
IMU1,1748,17254339,-1098,1978,1636,2345,-156,-234
IMU1,1749,17264873,-1081,1959,1505,2349,-382,-190
IMU1,1750,17275392,-1040,1930,1370,2301,-435,-170
IMU1,1751,17285914,-1018,1925,1296,2186,-366,-139
IMU1,1752,17296417,-1022,1920,1263,2017,-212,-95
IMU1,1753,17306722,-1014,1944,1236,1819,-23,-50
IMU1,1754,17316832,-996,1984,1218,1608,159,-13
IMU1,1755,17326847,-995,1988,1228,1391,298,13
IMU1,1756,17336774,-998,1966,1241,1187,378,32
IMU1,1757,17346711,-970,1918,1214,986,394,52
IMU1,1758,17356452,-961,1860,1219,786,372,66
IMU1,1759,17366200,-951,1801,1256,612,354,73
IMU1,1760,17375952,-926,1739,1292,470,340,80
IMU1,1761,17385687,-907,1679,1340,364,313,85
IMU1,1762,17395406,-887,1641,1365,296,267,83
IMU1,1763,17405118,-861,1619,1380,260,194,85
IMU1,1764,17414847,-850,1608,1367,243,115,81
IMU1,1765,17424542,-845,1594,1355,230,44,75
IMU1,1766,17434067,-837,1581,1345,209,-8,69
IMU1,1767,17443482,-812,1590,1310,167,-51,68
IMU1,1768,17453096,-757,1584,1270,103,-84,64
IMU1,1769,17462719,-721,1575,1253,13,-92,45
IMU1,1770,17472142,-707,1582,1274,-84,-74,26
IMU1,1771,17481656,-691,1598,1305,-158,-39,7
IMU1,1772,17491172,-697,1594,1356,-200,-17,3
IMU1,1773,17500699,-712,1593,1411,-206,-41,19
IMU1,1774,17510426,-701,1602,1480,-184,-122,51
IMU1,1775,17520319,-693,1622,1565,-145,-245,97
IMU1,1776,17530236,-700,1652,1663,-84,-369,148
IMU1,1777,17540159,-666,1696,1747,-16,-477,209
IMU1,1778,17550071,-632,1721,1813,44,-572,268
IMU1,1779,17559908,-651,1747,1848,87,-661,317
IMU1,1780,17569744,-735,1759,1942,100,-736,367
IMU1,1781,17581330,-872,1783,2354,27,-632,517
IMU1,1782,17591178,-842,1917,2547,-22,-445,585
IMU1,1783,17601122,-863,2096,2737,-80,-294,608
IMU1,1784,17611035,-811,2212,2861,-158,-270,575
IMU1,1785,17621172,-823,2214,3008,-250,-403,507
IMU1,1786,17631286,-951,2151,3165,-369,-578,443
IMU1,1787,17641423,-1101,2124,3319,-544,-650,449
IMU1,1788,17651745,-1129,2230,3367,-775,-529,520
IMU1,1789,17662075,-1172,2453,3293,-1075,-253,606
IMU1,1790,17672609,-1161,2702,3076,-1451,11,660
IMU1,1791,17682838,-1143,2924,2863,-1889,164,682
IMU1,1792,17693261,-1118,3127,2782,-2357,238,656
IMU1,1793,17703710,-1142,3237,2761,-2817,283,573
IMU1,1794,17714134,-1179,3387,2764,-3228,305,456
IMU1,1795,17725608,-1329,3567,2772,-3852,134,233
IMU1,1796,17736026,-1339,3725,2788,-4055,-27,129
IMU1,1797,17746334,-1344,3854,2762,-4191,-206,35
IMU1,1798,17756652,-1383,3928,2605,-4286,-383,-51
IMU1,1799,17767071,-1346,3952,2353,-4376,-572,-122
IMU1,1800,17777699,-1235,3972,2172,-4500,-735,-189
IMU1,1801,17788320,-1168,3980,2080,-4636,-834,-272
IMU1,1802,17798948,-1208,3989,2088,-4747,-873,-340
IMU1,1803,17809573,-1214,3994,2107,-4803,-888,-351
IMU1,1804,17820202,-1253,3920,1917,-4797,-926,-310
IMU1,1805,17831360,-1222,3872,1783,-4711,-1184,-118
IMU1,1806,17842187,-1129,3753,1637,-4667,-1339,1
IMU1,1807,17852519,-1023,3609,1476,-4644,-1442,95
IMU1,1808,17863048,-888,3422,1266,-4652,-1485,167
IMU1,1809,17873566,-797,3199,999,-4696,-1489,202
IMU1,1810,17883916,-725,2999,794,-4787,-1462,224
IMU1,1811,17894267,-660,2790,650,-4899,-1353,240
IMU1,1812,17904604,-662,2527,493,-5007,-1141,235
IMU1,1813,17914946,-614,2261,227,-5113,-847,197
IMU1,1814,17925094,-467,2084,-318,-5232,-475,104
IMU1,1815,17935309,-405,1730,-389,-5410,4,-31
IMU1,1816,17946494,-581,930,-225,-5498,1370,-259
IMU1,1817,17956707,-570,811,-210,-5317,2037,-353
IMU1,1818,17966929,-537,768,-233,-5048,2446,-472
IMU1,1819,17977159,-510,688,-259,-4739,2514,-613
IMU1,1820,17987399,-450,629,-287,-4389,2255,-753
IMU1,1821,17997627,-371,523,-332,-4029,1753,-872
IMU1,1822,18007846,-299,404,-378,-3660,1105,-958
IMU1,1823,18018074,-260,337,-418,-3287,418,-996
IMU1,1824,18028088,-231,245,-442,-2901,-185,-990
IMU1,1825,18038178,-243,144,-416,-2506,-609,-940
IMU1,1826,18048287,-231,71,-421,-2093,-859,-857
IMU1,1827,18060732,-124,-205,-402,-1681,-1005,-765
IMU1,1828,18071645,-78,-381,-310,-919,-1180,-609
IMU1,1829,18081668,-29,-536,-200,-559,-1219,-556
IMU1,1830,18091666,-43,-621,-74,-225,-1241,-519
IMU1,1831,18101475,-109,-646,80,83,-1274,-492
IMU1,1832,18111086,-157,-666,204,371,-1334,-469
IMU1,1833,18121102,-199,-728,280,610,-1457,-445
IMU1,1834,18131120,-268,-782,395,793,-1627,-417
IMU1,1835,18141145,-328,-794,502,936,-1786,-375
IMU1,1836,18151171,-352,-754,578,1049,-1891,-317
IMU1,1837,18161403,-339,-732,667,1144,-1930,-257
IMU1,1838,18171620,-333,-726,789,1223,-1915,-197
IMU1,1839,18181852,-306,-684,872,1298,-1853,-142
IMU1,1840,18192066,-251,-639,891,1357,-1741,-99
IMU1,1841,18202076,-176,-613,842,1387,-1596,-68
IMU1,1842,18212092,-126,-624,823,1383,-1431,-53
IMU1,1843,18222105,-106,-627,807,1346,-1266,-42
IMU1,1844,18232119,-136,-565,869,1282,-1076,-27
IMU1,1845,18242127,-181,-453,930,1209,-815,4
IMU1,1846,18251639,-219,-323,966,1148,-471,53
IMU1,1847,18261355,-263,-177,999,1092,-85,116
IMU1,1848,18271074,-264,-81,1115,1050,288,184
IMU1,1849,18280898,-290,4,1169,1036,608,248
IMU1,1850,18290426,-293,95,1176,1049,837,301
IMU1,1851,18300161,-253,164,1133,1078,955,335
IMU1,1852,18310094,-235,218,1078,1118,994,342
IMU1,1853,18320033,-191,230,1038,1165,990,334
IMU1,1854,18331001,-231,221,1103,1284,1032,306
IMU1,1855,18341133,-285,275,1238,1389,1162,320
IMU1,1856,18351267,-402,345,1532,1547,1387,352
IMU1,1857,18361399,-436,405,1852,1760,1686,408
IMU1,1858,18371519,-435,458,1975,2042,2012,459
IMU1,1859,18381653,-439,556,1939,2339,2288,506
IMU1,1860,18391791,-399,601,1857,2603,2425,550
IMU1,1861,18401936,-396,627,1725,2812,2361,583
IMU1,1862,18412072,-427,623,1652,2968,2116,610
IMU1,1863,18422210,-517,623,1779,3099,1777,636
IMU1,1864,18432363,-605,649,2074,3261,1472,660
IMU1,1865,18442466,-717,637,2561,3504,1298,672
IMU1,1866,18452584,-726,687,2838,3841,1212,670
IMU1,1867,18462701,-749,780,2843,4204,1028,642
IMU1,1868,18472836,-824,893,2632,4494,579,580
IMU1,1869,18482770,-915,997,2535,4645,-136,497
IMU1,1870,18492808,-1014,1094,2652,4693,-920,403
IMU1,1871,18503230,-1124,1143,2939,4703,-1540,255
IMU1,1872,18513869,-1089,1123,3032,4682,-1774,218
IMU1,1873,18524511,-898,1137,2826,4650,-1343,209
IMU1,1874,18534937,-744,1293,2711,4525,-889,169
IMU1,1875,18545154,-585,1459,2775,4332,-618,70
IMU1,1876,18555196,-567,1655,2724,4102,-549,-77
IMU1,1877,18565329,-586,1726,2622,3826,-581,-219
IMU1,1878,18575647,-622,1698,2668,3495,-550,-324
IMU1,1879,18585969,-676,1609,2775,3168,-346,-375
IMU1,1880,18596284,-695,1565,2760,2868,7,-369
IMU1,1881,18606106,-708,1589,2634,2583,384,-329
IMU1,1882,18616325,-713,1620,2477,2293,674,-286
IMU1,1883,18626546,-713,1617,2364,2008,829,-264
IMU1,1884,18636775,-727,1578,2343,1755,858,-270
IMU1,1885,18647033,-729,1487,2449,1557,795,-297
IMU1,1886,18658318,-656,1469,2400,1408,510,-410
IMU1,1887,18668541,-617,1449,2294,1424,338,-497
IMU1,1888,18678772,-611,1431,2175,1448,161,-582
IMU1,1889,18688999,-646,1415,2068,1474,19,-659
IMU1,1890,18699004,-684,1397,2055,1495,-56,-710
IMU1,1891,18709127,-707,1374,2072,1508,-62,-734
IMU1,1892,18719255,-705,1390,2009,1521,-27,-738
IMU1,1893,18729382,-809,1392,2306,1543,-20,-721
IMU1,1894,18739505,-674,1377,2038,1572,-85,-684
IMU1,1895,18749625,-651,1435,1944,1549,-271,-665
IMU1,1896,18759947,-571,1448,1780,1462,-482,-652
IMU1,1897,18770263,-527,1429,1681,1315,-604,-651
IMU1,1898,18780579,-526,1440,1668,1127,-562,-655
# swing_peak_seq=1872
IMU1,1899,18790898,-554,1517,1665,949,-334,-649
IMU1,1900,18801025,-563,1559,1692,802,-12,-623
IMU1,1901,18811988,-581,1641,1693,666,383,-563
IMU1,1902,18822024,-549,1702,1679,653,371,-550
IMU1,1903,18832060,-510,1748,1629,658,258,-559
IMU1,1904,18842089,-526,1765,1569,655,109,-581
IMU1,1905,18852100,-537,1767,1509,632,-16,-581
IMU1,1906,18862026,-551,1772,1491,590,-53,-550
IMU1,1907,18871971,-577,1777,1433,530,10,-500
IMU1,1908,18881820,-595,1750,1419,456,147,-435
IMU1,1909,18891854,-582,1724,1450,381,325,-361
IMU1,1910,18901882,-569,1693,1508,326,511,-295
IMU1,1911,18911916,-538,1731,1588,314,672,-252
IMU1,1912,18921980,-508,1785,1554,349,761,-234
IMU1,1913,18932024,-435,1732,1681,399,727,-238
IMU1,1914,18942056,-466,1706,1591,467,577,-252
IMU1,1915,18952111,-390,1688,1592,528,361,-254
IMU1,1916,18962144,-371,1682,1601,580,127,-255
IMU1,1917,18972162,-438,1711,1596,627,-85,-245
IMU1,1918,18982091,-420,1725,1600,669,-249,-206
IMU1,1919,18992207,-436,1693,1545,699,-378,-157
IMU1,1920,19002340,-448,1612,1550,695,-503,-92
IMU1,1921,19012266,-435,1569,1579,668,-591,-25
IMU1,1922,19023752,-305,1487,1664,543,-458,97
IMU1,1923,19033585,-264,1492,1800,474,-207,129
IMU1,1924,19043621,-201,1474,1872,421,66,153
IMU1,1925,19053354,-206,1490,1858,370,257,154
IMU1,1926,19065841,-185,1521,1848,315,293,149
IMU1,1927,19075771,-209,1532,1799,245,214,151
IMU1,1928,19085700,-193,1531,1837,169,95,164
IMU1,1929,19095427,-242,1499,1865,78,21,197
IMU1,1930,19104959,-332,1434,1903,-28,47,265
IMU1,1931,19114592,-374,1346,2114,-135,172,376
IMU1,1932,19124625,-366,1315,2315,-202,336,500
IMU1,1933,19134657,-370,1319,2327,-216,417,593
IMU1,1934,19144701,-278,1324,2381,-216,329,652
IMU1,1935,19154737,-158,1379,2514,-209,114,651
IMU1,1936,19164773,-200,1385,2608,-156,-142,591
IMU1,1937,19174908,-208,1313,2778,-39,-414,524
IMU1,1938,19184831,-265,1265,2895,117,-713,470
IMU1,1939,19194869,-219,1279,2905,269,-1019,440
IMU1,1940,19206158,12,1454,2709,314,-1259,410
IMU1,1941,19216089,-46,1589,2635,180,-1067,392
IMU1,1942,19226098,-200,1679,2693,-22,-706,413
IMU1,1943,19236003,-439,1827,2860,-243,-174,494
IMU1,1944,19246109,-705,2088,3051,-453,526,628
IMU1,1945,19256142,-993,2375,3170,-657,1294,785
IMU1,1946,19266378,-1115,2646,3277,-874,1921,919
IMU1,1947,19276808,-1081,2916,3332,-1102,2230,973
IMU1,1948,19287430,-1030,3148,3265,-1318,2187,889
IMU1,1949,19298064,-1073,3507,3154,-1522,1823,690
IMU1,1950,19308706,-1201,3560,3045,-1707,1190,431
IMU1,1951,19319349,-1327,3593,2948,-1881,364,183
IMU1,1952,19329789,-1344,3817,2545,-2065,-455,-12
IMU1,1953,19340737,-1396,3850,2172,-2614,-1210,-204
IMU1,1954,19351563,-1401,3973,2079,-3079,-1054,-162
IMU1,1955,19362399,-1506,4112,2063,-3541,-686,-75
IMU1,1956,19372830,-1551,4153,2271,-3940,-344,19
IMU1,1957,19383163,-1560,4370,2319,-4199,-271,93
IMU1,1958,19393509,-1539,4496,2143,-4346,-529,119
IMU1,1959,19404047,-1441,4548,1837,-4458,-1089,107
IMU1,1960,19414782,-1244,4539,1432,-4605,-1751,82
IMU1,1961,19425328,-1053,4404,1197,-4802,-2241,59
IMU1,1962,19435850,-810,4182,625,-5022,-2385,54
IMU1,1963,19446515,-701,3920,255,-5484,-1862,116
IMU1,1964,19456847,-671,3473,125,-5723,-1312,151
IMU1,1965,19467157,-717,3074,142,-5887,-651,180
IMU1,1966,19477290,-791,2734,163,-5969,37,195
IMU1,1967,19487120,-753,2472,59,-5961,597,175
IMU1,1968,19496965,-752,2244,13,-5916,900,118
IMU1,1969,19506791,-760,2014,-14,-5819,941,32
IMU1,1970,19516533,-694,1804,-71,-5672,771,-64
IMU1,1971,19526374,-577,1591,-124,-5480,509,-174
IMU1,1972,19536606,-458,1333,-174,-5258,259,-303
IMU1,1973,19546826,-403,1162,-275,-5012,53,-434
IMU1,1974,19556856,-309,999,-379,-4752,-85,-559
IMU1,1975,19566793,-220,863,-475,-4492,-113,-671
IMU1,1976,19576914,-105,767,-570,-4239,9,-777
IMU1,1977,19586556,-103,524,-395,-3968,282,-887
IMU1,1978,19596582,-231,321,-257,-3632,649,-964
IMU1,1979,19606607,-417,244,-118,-3211,990,-970
IMU1,1980,19616621,-334,181,-177,-2738,1162,-883
IMU1,1981,19626836,-290,121,-212,-2267,1092,-763
IMU1,1982,19637062,-265,-31,-175,-1828,840,-641
IMU1,1983,19646977,-235,-106,-136,-1426,536,-506
IMU1,1984,19658144,-268,-232,50,-725,156,-259
IMU1,1985,19667778,-328,-230,76,-396,61,-145
IMU1,1986,19677184,-322,-220,193,-87,-90,-40
IMU1,1987,19687002,-304,-316,233,194,-341,54
IMU1,1988,19696516,-235,-285,122,439,-643,112
IMU1,1989,19706224,-180,-401,311,613,-952,135
IMU1,1990,19715953,-196,-433,374,784,-1180,129
IMU1,1991,19725873,-252,-401,473,937,-1306,112
IMU1,1992,19735789,-335,-422,584,1097,-1373,102
IMU1,1993,19745910,-355,-462,615,1256,-1408,121
IMU1,1994,19756035,-385,-210,689,1399,-1416,154
IMU1,1995,19766159,-521,-378,719,1575,-1411,223
IMU1,1996,19776288,-284,-31,888,1696,-1388,287
IMU1,1997,19786192,-293,108,993,1831,-1293,279
IMU1,1998,19796220,-280,-16,1311,1964,-1115,246
IMU1,1999,19806340,-390,-48,1382,2129,-909,212
IMU1,2000,19816272,-411,6,1363,2278,-725,210
IMU1,2001,19825896,-376,113,1296,2362,-597,219
IMU1,2002,19835922,-322,189,1311,2384,-499,230
IMU1,2003,19845950,-268,260,1265,2371,-362,240
IMU1,2004,19855969,-214,308,1217,2325,-152,238
IMU1,2005,19866001,-229,378,1155,2252,124,220
IMU1,2006,19875909,-260,428,1116,2156,421,208
IMU1,2007,19885833,-310,397,1126,2054,687,210
IMU1,2008,19895768,-369,342,1144,1952,885,237
IMU1,2009,19905698,-455,334,1188,1861,1026,291
IMU1,2010,19915828,-528,365,1230,1801,1157,366
IMU1,2011,19925971,-609,437,1456,1764,1303,461
IMU1,2012,19937143,-714,487,1718,1839,1683,678
IMU1,2013,19947281,-740,572,2087,2001,1936,756
IMU1,2014,19957421,-733,620,2285,2239,2155,794
IMU1,2015,19967592,-795,718,2322,2518,2219,778
IMU1,2016,19977776,-794,749,2339,2777,2076,724
IMU1,2017,19987927,-795,758,2230,2992,1736,633
IMU1,2018,19998094,-807,788,2095,3145,1242,509
IMU1,2019,20008236,-863,863,1947,3216,723,371
IMU1,2020,20018157,-951,911,1897,3209,343,252
IMU1,2021,20028094,-1020,932,1973,3162,213,181
IMU1,2022,20038232,-1096,1012,2278,3122,360,162
IMU1,2023,20048571,-1141,1096,2610,3152,675,180
IMU1,2024,20058907,-1169,1176,2762,3258,925,210
IMU1,2025,20071797,-1205,1368,2664,3483,675,200
IMU1,2026,20082116,-1189,1434,2515,3501,287,151
IMU1,2027,20092458,-1206,1473,2382,3440,-76,69
IMU1,2028,20102492,-1168,1507,2292,3287,-281,-8
IMU1,2029,20112606,-1067,1518,2232,3061,-294,-83
IMU1,2030,20122938,-978,1528,1997,2785,-186,-171
IMU1,2031,20133256,-635,1425,1198,2367,-34,-305
IMU1,2032,20143399,-962,1516,3057,1836,205,-533
IMU1,2033,20153643,-1065,1717,2903,1733,581,-646
IMU1,2034,20164065,-1244,1475,2845,1845,746,-659
IMU1,2035,20174487,-1269,1398,2536,2047,404,-607
IMU1,2036,20184912,-1109,1578,2274,2217,-276,-541
IMU1,2037,20195456,-972,1579,2255,2336,-975,-529
IMU1,2038,20206312,-938,1489,2347,2506,-1556,-577
IMU1,2039,20216862,-837,1470,2456,2551,-1383,-574
IMU1,2040,20227404,-692,1534,2379,2577,-1126,-583
IMU1,2041,20237930,-581,1661,2156,2524,-968,-622
IMU1,2042,20248266,-507,1750,1942,2369,-924,-689
IMU1,2043,20258598,-476,1797,1758,2118,-882,-751
IMU1,2044,20268931,-486,1823,1671,1793,-745,-782
IMU1,2045,20279261,-543,1827,1609,1449,-495,-773
IMU1,2046,20289581,-654,1806,1647,1131,-159,-718
IMU1,2047,20299905,-736,1775,1750,863,176,-619
IMU1,2048,20309949,-806,1761,1833,678,405,-500
IMU1,2049,20319982,-840,1753,1881,561,480,-375
IMU1,2050,20331066,-781,1681,1842,479,337,-183
IMU1,2051,20341094,-740,1633,1737,462,215,-128
IMU1,2052,20351124,-699,1582,1647,447,139,-110
IMU1,2053,20361164,-674,1539,1550,409,145,-104
IMU1,2054,20371195,-664,1501,1484,356,252,-110
IMU1,2055,20381240,-697,1474,1463,301,430,-121
IMU1,2056,20391273,-723,1449,1424,244,610,-121
IMU1,2057,20401307,-739,1431,1376,190,736,-113
IMU1,2058,20411339,-731,1415,1333,137,794,-107
IMU1,2059,20421379,-705,1405,1362,89,803,-114
IMU1,2060,20431205,-749,1392,1424,74,777,-132
IMU1,2061,20441050,-736,1370,1408,102,708,-138
IMU1,2062,20451084,-725,1347,1415,156,586,-137
IMU1,2063,20461128,-711,1358,1423,238,428,-136
IMU1,2064,20471168,-702,1380,1470,340,260,-135
IMU1,2065,20481214,-685,1378,1474,454,100,-137
IMU1,2066,20491204,-697,1386,1465,570,-67,-139
IMU1,2067,20501098,-716,1397,1453,673,-237,-134
IMU1,2068,20511206,-719,1415,1437,763,-397,-114
IMU1,2069,20521323,-715,1431,1398,824,-529,-87
IMU1,2070,20531231,-1076,1412,850,805,-601,-28
IMU1,2071,20541130,-676,1454,1207,640,-608,124
IMU1,2072,20552707,-329,1574,1511,421,-59,275
IMU1,2073,20562533,-762,1480,1152,365,252,270
IMU1,2074,20572455,-706,1537,1173,270,313,282
IMU1,2075,20582390,-643,1555,1211,165,187,276
IMU1,2076,20592327,-617,1607,1376,80,113,234
IMU1,2077,20602045,-614,1625,1473,57,196,182
IMU1,2078,20611768,-619,1601,1560,76,366,127
IMU1,2079,20621491,-606,1598,1641,123,491,81
IMU1,2080,20631216,-637,1646,1700,187,497,46
IMU1,2081,20640935,-527,1668,1551,233,385,31
IMU1,2082,20650658,-651,1602,1891,254,225,25
IMU1,2083,20660364,-710,1521,2065,317,103,72
IMU1,2084,20670090,-713,1509,2086,426,19,175
IMU1,2085,20679810,-643,1460,2091,543,-131,291
IMU1,2086,20689826,-598,1444,1992,644,-392,379
IMU1,2087,20699843,-514,1437,1898,700,-695,439
IMU1,2088,20709872,-389,1394,1809,689,-929,455
IMU1,2089,20719898,-290,1393,2073,656,-1001,440
IMU1,2090,20730129,-213,1324,1838,636,-873,411
IMU1,2091,20740157,-210,1344,2055,585,-663,368
IMU1,2092,20750174,-172,1344,1977,561,-432,336
IMU1,2093,20760191,-154,1497,2200,530,-216,316
IMU1,2094,20770225,-105,1652,2282,517,-65,307
IMU1,2095,20780049,-196,1672,2341,510,16,305
IMU1,2096,20789784,-246,1652,2489,494,67,342
IMU1,2097,20799499,-281,1726,2661,473,150,415
IMU1,2098,20809438,-262,1907,2719,449,284,503
IMU1,2099,20819364,-303,2149,2740,418,424,585
IMU1,2100,20829281,-412,2368,2814,371,559,667
IMU1,2101,20839209,-598,2573,3038,321,736,764
IMU1,2102,20850699,-1032,2866,3837,265,1298,1036
IMU1,2103,20861236,-1108,3171,4013,183,1516,1180
IMU1,2104,20871786,-1038,3645,3785,-51,1467,1218
IMU1,2105,20882219,-1042,3998,3385,-531,1028,1085
IMU1,2106,20892851,-896,4329,2874,-1275,284,876
IMU1,2107,20903075,-1033,4473,2785,-2203,-447,592
IMU1,2108,20913607,-1093,4661,2735,-3155,-839,388
IMU1,2109,20924139,-1124,4923,2557,-4036,-908,267
IMU1,2110,20934679,-1119,5103,2300,-4828,-815,206
IMU1,2111,20945219,-1054,5080,1826,-5530,-699,173
IMU1,2112,20956276,-932,4926,1664,-6620,-568,144
IMU1,2113,20966609,-931,4722,1510,-6969,-537,141
IMU1,2114,20976947,-947,4525,1326,-7184,-588,165
IMU1,2115,20987265,-976,4281,1137,-7286,-698,226
IMU1,2116,20997583,-984,4019,951,-7292,-808,327
IMU1,2117,21007695,-979,3771,751,-7235,-916,452
IMU1,2118,21017824,-937,3501,530,-7138,-995,591
IMU1,2119,21027956,-919,3206,306,-7029,-1030,712
IMU1,2120,21038285,-862,2905,156,-6928,-1045,813
IMU1,2121,21048600,-740,2663,61,-6849,-1025,873
IMU1,2122,21058713,-646,2447,-7,-6766,-927,860
IMU1,2123,21068521,-573,2230,-116,-6677,-781,789
IMU1,2124,21081311,-498,1729,-238,-6520,-427,542
IMU1,2125,21091525,-486,1519,-306,-6455,-278,406
IMU1,2126,21101738,-478,1349,-367,-6371,-178,290
IMU1,2127,21111962,-443,1208,-402,-6287,-39,201
IMU1,2128,21121984,-397,1058,-444,-6189,176,128
IMU1,2129,21132090,-287,906,-457,-6082,442,61
IMU1,2130,21141807,-321,709,-332,-5913,714,-10
IMU1,2131,21151620,-418,587,-185,-5644,982,-50
IMU1,2132,21161434,-409,472,-85,-5257,1195,-45
IMU1,2133,21171247,-391,349,-67,-4776,1309,-18
IMU1,2134,21181055,-343,252,-126,-4249,1328,22
IMU1,2135,21190964,-242,216,-197,-3708,1242,60
IMU1,2136,21200883,-149,135,-223,-3174,1033,77
IMU1,2137,21210796,-186,32,-260,-2652,732,91
IMU1,2138,21220314,-180,-10,-321,-2153,389,131
IMU1,2139,21230122,-108,-84,-335,-1681,92,178
IMU1,2140,21239718,-97,-164,-384,-1240,-123,224
IMU1,2141,21249622,-77,-272,-450,-839,-256,272
IMU1,2142,21259319,-84,-374,-500,-486,-336,326
# swing_peak_seq=2116
IMU1,2143,21269017,-86,-426,-542,-179,-367,383
IMU1,2144,21278719,-101,-462,-563,90,-352,442
IMU1,2145,21288346,-125,-483,-558,339,-298,503
IMU1,2146,21298153,-161,-470,-547,565,-210,568
IMU1,2147,21307976,-199,-420,-487,778,-101,638
IMU1,2148,21317788,-159,-410,-388,994,28,701
IMU1,2149,21327300,-185,-410,-265,1217,162,755
IMU1,2150,21337209,-250,-419,-119,1458,290,808
IMU1,2151,21347121,-290,-490,22,1720,398,874
IMU1,2152,21356748,-341,-587,127,1990,463,952
IMU1,2153,21366585,-388,-669,264,2263,481,1038
IMU1,2154,21376600,-399,-703,470,2556,471,1125
IMU1,2155,21386634,-352,-697,668,2877,456,1196
IMU1,2156,21396665,-348,-687,858,3217,449,1234
IMU1,2157,21406683,-391,-710,1426,3583,434,1241
IMU1,2158,21417964,-336,-649,1648,4411,443,1125
IMU1,2159,21428182,-379,-544,1722,4827,460,1006
IMU1,2160,21438403,-515,-471,1834,5188,433,873
IMU1,2161,21448441,-691,-411,1961,5496,366,762
IMU1,2162,21458459,-760,-350,2233,5763,253,684
IMU1,2163,21468488,-895,-331,2024,5982,-93,617
IMU1,2164,21478407,-1157,40,1957,6046,-661,597
IMU1,2165,21488427,-1011,407,2090,6002,-746,585
IMU1,2166,21498653,-1031,492,2305,5864,-261,562
IMU1,2167,21508891,-962,409,2315,5623,550,559
IMU1,2168,21518821,-1076,475,2073,5268,1210,559
IMU1,2169,21529159,-1204,712,1866,4801,1448,569
IMU1,2170,21539489,-1196,956,1771,4297,1331,565
IMU1,2171,21549834,-1239,1060,1796,3807,1075,525
IMU1,2172,21560376,-1312,1082,1978,3399,892,479
IMU1,2173,21571745,-1513,1085,2452,2928,1054,524
IMU1,2174,21582284,-1579,1008,2659,2862,1193,612
IMU1,2175,21592829,-1607,966,2836,2887,1138,717
IMU1,2176,21603159,-1518,953,2721,2981,855,800
IMU1,2177,21613307,-1278,1068,2806,3093,378,819
IMU1,2178,21623643,-1057,1374,2517,3200,-183,728
IMU1,2179,21634071,-951,1506,2039,3222,-738,551
IMU1,2180,21644300,-901,1444,1915,3120,-1162,364
IMU1,2181,21654735,-1020,1400,1922,2968,-1257,228
IMU1,2182,21665355,-1188,1411,2050,2832,-972,200
IMU1,2183,21675781,-1261,1431,2206,2738,-417,278
IMU1,2184,21687257,-1210,1592,2408,2677,787,558
IMU1,2185,21697603,-1127,1744,2420,2677,1176,646
IMU1,2186,21708126,-1002,1860,2381,2642,1412,675
IMU1,2187,21718671,-940,1914,2199,2546,1596,649
IMU1,2188,21729028,-976,1921,1984,2332,1822,608
IMU1,2189,21739365,-1015,1823,1862,2000,2153,593
IMU1,2190,21749906,-1103,1774,1908,1593,2597,615
IMU1,2191,21760456,-1247,1786,1972,1194,3101,678
IMU1,2192,21770981,-1423,1792,1905,836,3587,775
IMU1,2193,21781320,-1507,1801,1805,500,4042,881
IMU1,2194,21791644,-1721,1683,1617,173,4531,967
IMU1,2195,21802482,-1876,1546,1467,-474,5562,1092
IMU1,2196,21813112,-2026,1426,1322,-811,5953,1137
IMU1,2197,21823742,-2140,1402,1126,-1161,6190,1168
IMU1,2198,21834588,-2218,1407,907,-1507,6303,1158
IMU1,2199,21845233,-2294,1357,731,-1844,6298,1117
IMU1,2200,21855877,-2406,1358,549,-2152,6227,1058
IMU1,2201,21866528,-2428,1324,425,-2421,6170,1018
IMU1,2202,21877158,-2470,1300,129,-2661,6166,996
IMU1,2203,21887592,-2408,1233,-212,-2918,6220,988
IMU1,2204,21898662,-2626,1212,-377,-3402,6514,995
IMU1,2205,21909188,-2667,1246,-519,-3639,6643,1030
IMU1,2206,21919925,-2710,1280,-609,-3854,6699,1075
IMU1,2207,21930664,-2603,1267,-884,-4026,6672,1116
IMU1,2208,21941393,-2483,1451,-1085,-4168,6582,1148
IMU1,2209,21952320,-2485,1659,-1289,-4284,6523,1161
IMU1,2210,21963234,-2544,1843,-1344,-4370,6528,1184
IMU1,2211,21974174,-2585,2161,-1406,-4409,6617,1226
IMU1,2212,21985107,-2549,2300,-1381,-4360,6595,1305
IMU1,2213,21996054,-2489,2423,-1281,-4225,6227,1335
IMU1,2214,22006987,-2422,2691,-1220,-4006,5609,1371
IMU1,2215,22017915,-2374,2958,-1061,-3691,4818,1430
IMU1,2216,22028852,-2305,3167,-1001,-3291,3988,1500
IMU1,2217,22039784,-2190,3285,-971,-2838,3195,1578
IMU1,2218,22050532,-2046,3378,-956,-2333,2483,1634
IMU1,2219,22061269,-1687,3583,-989,-1775,1410,1585
IMU1,2220,22072002,-1552,3743,-1059,-570,1105,1485
IMU1,2221,22085296,-1409,3748,-1038,51,975,1354
IMU1,2222,22095527,-1323,3780,-1072,695,988,1201
IMU1,2223,22105962,-1220,3784,-1023,1361,1088,1048
IMU1,2224,22116793,-1124,3710,-940,2049,1245,891
IMU1,2225,22127252,-1015,3717,-872,2750,1435,723
IMU1,2226,22137695,-877,3896,-772,3436,1598,529
IMU1,2227,22148461,-919,4000,-701,4752,1692,111
IMU1,2228,22158700,-918,4068,-644,5343,1669,-43
IMU1,2229,22168835,-923,4098,-591,5901,1636,-150
IMU1,2230,22179174,-899,4122,-652,6414,1638,-211
IMU1,2231,22189506,-895,4022,-701,6873,1743,-215
IMU1,2232,22199848,-838,3893,-659,7289,2016,-152
IMU1,2233,22210191,-813,3734,-728,7705,2447,-25
IMU1,2234,22220334,-858,3674,-709,8112,3002,171
IMU1,2235,22230594,-1008,3649,-588,8518,3602,445
IMU1,2236,22241043,-1290,3701,-252,8938,4137,817
IMU1,2237,22251490,-1304,3647,80,9392,4374,1263
IMU1,2238,22261859,-1423,3360,111,9818,3939,1657
IMU1,2239,22272407,-1494,2868,-96,10127,2935,1911
IMU1,2240,22283571,-1551,2506,-354,10356,673,1814
IMU1,2241,22294203,-1184,2444,-387,10271,-146,1530
IMU1,2242,22304928,-987,2284,-389,10121,-719,1075
IMU1,2243,22315459,-1126,2061,-369,9932,-1204,539
IMU1,2244,22325997,-1200,1880,-369,9687,-1638,83
IMU1,2245,22336311,-1272,1693,-315,9343,-1889,-228
IMU1,2246,22346938,-1195,1500,-56,8923,-1832,-380
IMU1,2247,22357375,-923,1187,277,8486,-1519,-425
IMU1,2248,22367713,-771,914,233,7978,-1091,-458
IMU1,2249,22377865,-587,756,476,7299,-758,-507
IMU1,2250,22389368,-286,465,625,5605,-364,-800
IMU1,2251,22399296,-307,427,746,4743,-286,-986
IMU1,2252,22409248,-429,377,990,3979,-227,-1140
IMU1,2253,22419368,-556,261,1226,3337,-114,-1192
IMU1,2254,22429690,-667,189,1345,2811,80,-1138
IMU1,2255,22439703,-700,136,1475,2347,287,-1014
IMU1,2256,22449930,-636,61,1555,1925,419,-868
IMU1,2257,22459754,-522,60,1550,1523,396,-756
IMU1,2258,22469595,-401,17,1498,1120,241,-700
IMU1,2259,22479417,-323,-32,1499,719,33,-683
IMU1,2260,22488937,-319,-24,1511,339,-156,-673
IMU1,2261,22498758,-414,-68,1567,-10,-265,-635
IMU1,2262,22508474,-471,-58,1556,-317,-285,-550
IMU1,2263,22518406,-533,-84,1569,-603,-244,-433
IMU1,2264,22528318,-534,-92,1574,-881,-232,-303
IMU1,2265,22538217,-508,-13,1507,-1161,-335,-185
IMU1,2266,22548322,-505,59,1408,-1465,-551,-90
IMU1,2267,22558136,-532,82,1339,-1796,-817,-10
IMU1,2268,22567949,-595,107,1232,-2149,-1092,76
IMU1,2269,22578079,-634,112,1099,-2523,-1358,191
IMU1,2270,22588408,-658,76,990,-2903,-1572,323
IMU1,2271,22598333,-685,79,829,-3281,-1776,466
IMU1,2272,22608258,-674,134,585,-3664,-2014,623
IMU1,2273,22618385,-672,196,118,-4077,-2256,775
IMU1,2274,22629551,-743,322,-264,-5082,-2631,1115
IMU1,2275,22639987,-809,369,-651,-5662,-2789,1329
IMU1,2276,22650414,-956,410,-1063,-6297,-2950,1589
IMU1,2277,22661055,-1162,536,-1457,-6986,-3082,1898
IMU1,2278,22671889,-1370,676,-1808,-7695,-3142,2250
IMU1,2279,22682719,-1506,846,-2227,-8370,-3153,2603
IMU1,2280,22693556,-1561,1106,-2624,-9025,-3139,2868
IMU1,2281,22704598,-1588,1447,-3219,-9660,-3069,2929
IMU1,2282,22715631,-1386,1744,-3785,-11016,-2634,2361
IMU1,2283,22726875,-1472,1617,-2939,-11390,-2120,1823
IMU1,2284,22738103,-1696,2011,-2411,-11277,-1727,1219
IMU1,2285,22749314,-2108,2427,-2828,-10813,-1726,587
IMU1,2286,22760343,-2078,2467,-3126,-10336,-2156,66
IMU1,2287,22771174,-1482,2430,-2419,-9824,-2553,-354
IMU1,2288,22782127,-2425,3394,-1843,-9033,-2761,-689
IMU1,2289,22793055,-2455,3321,-1972,-6919,-3772,-513
IMU1,2290,22803988,-2543,3160,-2066,-5941,-4383,-181
IMU1,2291,22814930,-2467,3049,-2056,-5066,-4573,262
IMU1,2292,22825766,-2358,2992,-2164,-4260,-4221,693
IMU1,2293,22836598,-2206,2932,-2202,-3578,-3534,1017
IMU1,2294,22847630,-2108,2930,-2100,-3028,-2763,1210
IMU1,2295,22858674,-2122,2968,-1831,-2562,-2075,1308
IMU1,2296,22869695,-2223,2933,-1707,-1833,-1092,1417
IMU1,2297,22880731,-2212,2879,-1589,-1562,-742,1463
IMU1,2298,22891569,-2155,2775,-1494,-1338,-436,1487
IMU1,2299,22902397,-2048,2677,-1393,-1167,-160,1475
IMU1,2300,22913229,-1926,2533,-1276,-1024,82,1386
IMU1,2301,22923765,-1764,2371,-1138,-883,263,1255
IMU1,2302,22934305,-1719,2180,-975,-714,350,1043
IMU1,2303,22944658,-1857,2088,-784,-502,344,854
IMU1,2304,22954770,-1813,2057,-456,-241,243,710
IMU1,2305,22965935,-1865,1881,-338,390,-127,499
IMU1,2306,22976053,-1756,1785,-280,696,-294,445
IMU1,2307,22986165,-1685,1726,-258,959,-403,375
IMU1,2308,22996286,-1573,1659,-253,1164,-439,281
IMU1,2309,23006612,-1515,1618,-221,1308,-416,156
IMU1,2310,23016940,-1451,1611,-206,1395,-333,9
IMU1,2311,23026869,-1376,1615,-180,1420,-229,-136
IMU1,2312,23037290,-1281,1610,-158,1411,-150,-296
IMU1,2313,23047717,-1261,1628,-160,1367,-110,-473
IMU1,2314,23058116,-1294,1657,-157,1291,-112,-636
IMU1,2315,23068524,-1325,1669,-149,1187,-168,-769
IMU1,2316,23078929,-1367,1669,-152,1065,-279,-867
IMU1,2317,23091898,-1404,1693,-145,807,-599,-934
IMU1,2318,23102113,-1395,1676,-149,665,-756,-905
IMU1,2319,23112335,-1377,1651,-171,519,-878,-854
IMU1,2320,23122548,-1349,1614,-212,373,-941,-792
IMU1,2321,23132766,-1338,1576,-232,224,-942,-725
IMU1,2322,23142997,-1335,1547,-243,86,-884,-652
IMU1,2323,23153001,-1340,1531,-268,-39,-787,-577
IMU1,2324,23163116,-1345,1520,-284,-148,-670,-493
IMU1,2325,23173429,-1334,1493,-314,-247,-534,-408
IMU1,2326,23183743,-1366,1459,-394,-339,-360,-334
IMU1,2327,23194051,-1250,1456,-365,-431,-131,-270
IMU1,2328,23204360,-1291,1457,-346,-498,127,-251
IMU1,2329,23214556,-1337,1489,-497,-547,314,-251
IMU1,2330,23225816,-1389,1531,-534,-661,440,-203
IMU1,2331,23236029,-1371,1621,-522,-729,462,-156
IMU1,2332,23246240,-1435,1686,-611,-774,459,-130
IMU1,2333,23256458,-1460,1709,-753,-820,418,-123
IMU1,2334,23266675,-1489,1794,-869,-883,389,-120
IMU1,2335,23276886,-1466,1911,-960,-955,419,-120
IMU1,2336,23287102,-1478,2027,-1004,-1019,481,-138
IMU1,2337,23297714,-1492,2151,-1044,-1065,515,-169
IMU1,2338,23308326,-1564,2275,-1128,-1086,488,-198
IMU1,2339,23318944,-1615,2381,-1232,-1096,422,-215
IMU1,2340,23329575,-1676,2508,-1355,-1103,357,-222
IMU1,2341,23340206,-1870,2706,-1636,-1099,273,-218
IMU1,2342,23350835,-1983,3013,-1688,-1059,177,-149
IMU1,2343,23361453,-1845,3298,-1672,-987,173,-105
IMU1,2344,23371855,-1837,3433,-1707,-822,241,-129
IMU1,2345,23382274,-1847,3478,-1726,-576,288,-171
IMU1,2346,23392701,-1954,3571,-1795,-267,294,-188
IMU1,2347,23403124,-2064,3674,-1841,100,316,-157
IMU1,2348,23413463,-2161,3865,-1917,516,399,-76
IMU1,2349,23423610,-2132,4022,-1903,981,526,24
IMU1,2350,23433663,-2058,4125,-1830,1513,664,85
IMU1,2351,23443902,-2036,4165,-1744,2105,799,74
IMU1,2352,23454148,-2187,4215,-1680,2732,946,24
IMU1,2353,23464389,-2403,4271,-1510,3344,1135,19
IMU1,2354,23475874,-2546,4200,-1096,4543,1555,232
IMU1,2355,23486527,-2616,4187,-1004,5087,1776,370
IMU1,2356,23497175,-2659,4193,-904,5535,2015,471
IMU1,2357,23507632,-2675,4131,-746,5923,2254,555
IMU1,2358,23518094,-2641,3962,-614,6267,2461,673
IMU1,2359,23528556,-2601,3696,-434,6589,2634,794
IMU1,2360,23539007,-2477,3404,-216,6926,2785,899
IMU1,2361,23549470,-2424,3136,-5,7282,2933,960
IMU1,2362,23559535,-2461,2893,116,7648,3038,940
IMU1,2363,23569900,-2441,2730,205,8001,3053,1011
IMU1,2364,23580445,-2340,2528,384,8319,2950,1032
IMU1,2365,23591013,-2134,2258,445,8816,2291,916
IMU1,2366,23601378,-2250,1988,445,8992,1797,767
IMU1,2367,23611719,-2246,1771,446,9100,1237,555
IMU1,2368,23622071,-2246,1539,447,9127,626,332
IMU1,2369,23632220,-2195,1335,522,9074,23,95
IMU1,2370,23641964,-1890,1291,698,8983,-507,-184
IMU1,2371,23652286,-1524,1359,756,8904,-893,-558
IMU1,2372,23662637,-1282,1353,698,8813,-1226,-1006
IMU1,2373,23673368,-1244,1194,716,8646,-1658,-1452
IMU1,2374,23684117,-1203,1021,786,8362,-2050,-1815
IMU1,2375,23694844,-993,841,801,7950,-2059,-2066
IMU1,2376,23705181,-599,510,808,7386,-1658,-2202
IMU1,2377,23716049,-436,552,803,5881,-641,-2180
IMU1,2378,23726174,-293,536,810,4985,-265,-2083
IMU1,2379,23736303,-221,500,847,4056,-44,-1978
IMU1,2380,23746242,-188,452,1012,3167,13,-1862
IMU1,2381,23756282,-141,423,1284,2383,-8,-1722
IMU1,2382,23766222,-89,279,1516,1749,69,-1568
IMU1,2383,23776062,-129,115,1794,1281,251,-1401
IMU1,2384,23786271,-233,-10,1812,961,420,-1232
IMU1,2385,23796196,-239,-26,1737,706,458,-1058
IMU1,2386,23806128,-138,-74,1709,477,357,-908
IMU1,2387,23815866,-114,-170,1674,270,162,-806
IMU1,2388,23825779,-131,-247,1662,89,-82,-720
IMU1,2389,23835392,-120,-287,1565,-63,-311,-635
IMU1,2390,23845326,-93,-315,1501,-210,-469,-550
IMU1,2391,23855254,-112,-347,1444,-356,-540,-465
IMU1,2392,23865379,-191,-378,1479,-494,-564,-375
# swing_peak_seq=2366
IMU1,2393,23875501,-259,-403,1494,-626,-605,-265
IMU1,2394,23885628,-337,-403,1455,-758,-709,-141
IMU1,2395,23895743,-427,-395,1374,-903,-902,-14
IMU1,2396,23905675,-487,-260,1231,-1071,-1170,119
IMU1,2397,23916105,-426,-418,1136,-1277,-1435,237
IMU1,2398,23926550,-677,-423,720,-1525,-1722,515
IMU1,2399,23937300,-699,-375,510,-2185,-2296,710
IMU1,2400,23947536,-718,-368,322,-2579,-2445,917
IMU1,2401,23957758,-773,-405,148,-2972,-2450,1118
IMU1,2402,23968202,-809,-432,-68,-3391,-2363,1317
IMU1,2403,23978510,-856,-400,-260,-3806,-2248,1500
IMU1,2404,23989034,-930,-403,-496,-4229,-2153,1663
IMU1,2405,23999560,-1051,-400,-734,-4656,-2128,1816
IMU1,2406,24010298,-1285,-293,-968,-5094,-2186,1978
IMU1,2407,24021009,-1534,-174,-1226,-5553,-2295,2170
IMU1,2408,24031930,-1670,-65,-1623,-6027,-2357,2362
IMU1,2409,24043186,-1765,276,-1893,-6899,-2262,2572
IMU1,2410,24054014,-1517,353,-2085,-7261,-2109,2471
IMU1,2411,24064847,-1492,329,-2298,-7548,-1897,2181
IMU1,2412,24075664,-1634,481,-2798,-7806,-1689,1896
IMU1,2413,24086484,-1520,813,-2762,-8075,-1578,1657
IMU1,2414,24099846,-1880,1264,-2282,-8266,-1142,1427
IMU1,2415,24110865,-2063,1478,-2312,-8266,-1026,1454
IMU1,2416,24121897,-1973,1663,-2776,-8158,-1207,1505
IMU1,2417,24132926,-1878,1672,-3023,-8062,-1481,1509
IMU1,2418,24143956,-1628,1661,-2942,-7903,-1434,1500
IMU1,2419,24155000,-1607,1829,-2592,-7562,-801,1466
IMU1,2420,24165828,-1762,2037,-2450,-6992,127,1452
IMU1,2421,24176567,-2046,2220,-2293,-6297,818,1688
IMU1,2422,24187300,-2035,2290,-2167,-4915,870,1918
IMU1,2423,24198042,-1837,2502,-2174,-4320,580,2124
IMU1,2424,24208783,-1519,2626,-2164,-3826,281,2197
IMU1,2425,24219520,-1324,2687,-2155,-3441,-27,2104
IMU1,2426,24230138,-1225,2732,-2130,-3128,-328,1904
IMU1,2427,24240979,-1253,2697,-2071,-2888,-569,1672
IMU1,2428,24251801,-1201,2571,-1968,-2701,-711,1462
IMU1,2429,24262623,-1193,2557,-1761,-2535,-760,1287
IMU1,2430,24273973,-1295,2568,-1674,-2186,-723,1108
IMU1,2431,24284786,-1297,2468,-1577,-1989,-673,1119
IMU1,2432,24295623,-1270,2365,-1479,-1794,-630,1171
IMU1,2433,24306469,-1219,2320,-1382,-1596,-586,1225
IMU1,2434,24317312,-1196,2260,-1254,-1383,-559,1278
IMU1,2435,24328169,-1167,2215,-1167,-1166,-540,1330
IMU1,2436,24338989,-1142,2182,-1088,-961,-513,1372
IMU1,2437,24349613,-1095,2107,-1022,-775,-485,1400
IMU1,2438,24360232,-1051,2090,-1014,-530,-424,1387
IMU1,2439,24370852,-1009,2066,-981,-457,-367,1337
IMU1,2440,24381283,-981,2048,-928,-401,-272,1259
IMU1,2441,24391505,-955,2014,-881,-352,-150,1167
IMU1,2442,24401741,-927,1982,-814,-317,-18,1066
IMU1,2443,24411765,-891,1936,-733,-284,106,950
IMU1,2444,24421699,-877,1892,-697,-258,195,830
IMU1,2445,24431630,-856,1886,-665,-230,236,706
IMU1,2446,24441566,-859,1880,-643,-202,229,585
IMU1,2447,24451497,-868,1874,-633,-184,193,471
IMU1,2448,24461432,-864,1871,-639,-168,152,358
IMU1,2449,24471368,-859,1888,-639,-152,129,261
IMU1,2450,24481302,-860,1897,-602,-143,136,178
IMU1,2451,24491221,-864,1891,-585,-125,147,109
IMU1,2452,24501148,-843,1900,-580,-93,146,63
IMU1,2453,24510680,-840,1907,-556,-69,142,36
IMU1,2454,24520225,-826,1901,-550,-55,142,26
IMU1,2455,24529758,-808,1898,-562,-46,126,32
IMU1,2456,24539289,-780,1919,-588,-37,80,47
IMU1,2457,24548630,-746,1930,-588,-53,34,51
IMU1,2458,24557974,-718,1922,-574,-68,-14,60
IMU1,2459,24567416,-710,1922,-563,-82,-58,69
IMU1,2460,24576852,-684,1928,-602,-100,-120,87
IMU1,2461,24586634,-664,1941,-643,-129,-210,105
IMU1,2462,24596625,-652,1961,-701,-171,-319,119
IMU1,2463,24606631,-640,2014,-756,-221,-412,134
IMU1,2464,24616645,-627,2051,-806,-283,-454,140
IMU1,2465,24626657,-605,2058,-905,-337,-467,146
IMU1,2466,24636679,-593,2100,-991,-413,-459,156
IMU1,2467,24646711,-556,2168,-1070,-495,-434,160
IMU1,2468,24656925,-549,2239,-1252,-574,-396,152
IMU1,2469,24668196,-471,2458,-1357,-710,-371,150
IMU1,2470,24678416,-442,2614,-1491,-751,-411,142
IMU1,2471,24688617,-371,2793,-1599,-772,-496,128
IMU1,2472,24698849,-360,2919,-1678,-753,-622,98
IMU1,2473,24708885,-384,3051,-1769,-705,-751,83
IMU1,2474,24718906,-489,3155,-1842,-616,-804,93
IMU1,2475,24728940,-607,3314,-1963,-510,-751,131
IMU1,2476,24739178,-662,3552,-2024,-408,-584,176
IMU1,2477,24749410,-721,3721,-2011,-282,-358,206
IMU1,2478,24759636,-800,3911,-1990,-105,-156,226
IMU1,2479,24769870,-892,4059,-1908,136,-10,235
IMU1,2480,24779803,-963,4087,-1779,458,103,263
IMU1,2481,24789835,-1094,4107,-1637,869,212,325
IMU1,2482,24800062,-1110,4092,-1504,1366,321,408
IMU1,2483,24810476,-1165,4035,-1379,1913,389,491
IMU1,2484,24820909,-1133,3912,-1218,2489,420,608
IMU1,2485,24831348,-1017,3875,-1238,3594,464,591
IMU1,2486,24841807,-950,3856,-1193,4072,456,477
IMU1,2487,24852048,-964,3829,-1207,4494,492,285
IMU1,2488,24862276,-979,3695,-1239,4859,686,89
IMU1,2489,24872318,-993,3584,-1149,5192,1062,-74
IMU1,2490,24882664,-972,3559,-1048,5535,1511,-200
IMU1,2491,24893206,-972,3511,-917,5910,1866,-295
IMU1,2492,24903561,-998,3413,-759,6327,2033,-347
IMU1,2493,24913918,-1055,3291,-603,6782,2020,-351
IMU1,2494,24924454,-1099,3145,-420,7248,1936,-315
IMU1,2495,24934992,-1178,2921,-361,7711,1830,-247
IMU1,2496,24945524,-1233,2456,-344,8139,1687,-173
IMU1,2497,24956571,-1310,2268,-447,8798,1514,-85
IMU1,2498,24966918,-1338,2137,-462,8993,1440,-137
IMU1,2499,24977439,-1318,1958,-370,9126,1340,-261
IMU1,2500,24987971,-1193,1877,-389,9207,1157,-455
IMU1,2501,24998511,-1083,1869,-286,9234,790,-744
IMU1,2502,25008845,-964,1761,-286,9227,178,-1106
IMU1,2503,25019163,-932,1647,-326,9146,-580,-1498
IMU1,2504,25029598,-894,1451,-161,8971,-1299,-1841
IMU1,2505,25040215,-770,1140,-116,8728,-1892,-2075
IMU1,2506,25050847,-635,910,-166,8391,-2299,-2194
IMU1,2507,25061291,-389,535,-175,7947,-2416,-2111
IMU1,2508,25071731,-224,452,-240,6703,-1405,-1931
IMU1,2509,25082162,-81,385,-176,5916,-452,-1728
IMU1,2510,25092193,37,294,-39,5084,458,-1518
IMU1,2511,25104390,86,253,268,4261,1147,-1353
IMU1,2512,25114329,125,219,541,3519,1489,-1245
IMU1,2513,25124473,117,166,783,2881,1453,-1196
IMU1,2514,25134612,90,85,1010,2351,1132,-1168
IMU1,2515,25144561,80,84,1073,1917,698,-1124
IMU1,2516,25154304,72,137,1045,1549,316,-1039
IMU1,2517,25164252,83,229,1075,1220,142,-898
IMU1,2518,25173995,139,-26,1144,940,210,-729
IMU1,2519,25183641,-137,-185,1153,701,317,-519
IMU1,2520,25193593,-255,-125,1137,457,246,-231
IMU1,2521,25203526,-194,-41,1235,202,-1,60
IMU1,2522,25212647,-168,-88,1252,-51,-293,282
IMU1,2523,25222269,-192,-80,1109,-353,-551,453
IMU1,2524,25232102,-196,-100,984,-742,-745,605
IMU1,2525,25241919,-169,-68,828,-1208,-836,737
IMU1,2526,25251735,-207,-34,632,-1738,-827,855
IMU1,2527,25261570,-309,-38,505,-2294,-747,971
# swing_peak_seq=2501
IMU1,2528,25271412,-416,-51,427,-2832,-668,1095
IMU1,2529,25281448,-511,-37,340,-3323,-642,1217
IMU1,2530,25291466,-644,-22,37,-3768,-679,1327
IMU1,2531,25302859,-743,45,-163,-4602,-1045,1516
IMU1,2532,25313095,-795,179,-452,-5022,-1285,1560
IMU1,2533,25323541,-908,309,-772,-5445,-1537,1588
IMU1,2534,25333985,-1011,404,-1020,-5898,-1800,1621
IMU1,2535,25344815,-1076,476,-1204,-6335,-2016,1680
IMU1,2536,25355643,-1086,544,-1368,-6739,-2141,1729
IMU1,2537,25366477,-1116,643,-1559,-7097,-2250,1729
IMU1,2538,25377320,-1159,813,-1821,-7413,-2403,1663
IMU1,2539,25388156,-1146,1292,-2438,-7703,-2568,1516
IMU1,2540,25399204,-1252,1248,-2587,-8228,-2387,959
IMU1,2541,25410045,-1351,1299,-2694,-8414,-2125,587
IMU1,2542,25420873,-1305,1507,-2667,-8508,-2088,155
IMU1,2543,25431695,-1364,2033,-2766,-8485,-2451,-315
IMU1,2544,25442632,-1675,2278,-2716,-8345,-3151,-700
IMU1,2545,25453578,-2256,2197,-2556,-8039,-3946,-823
IMU1,2546,25464528,-2402,2029,-2546,-7529,-4527,-634
IMU1,2547,25475999,-2151,2066,-2173,-5938,-4956,-107
IMU1,2548,25486954,-2472,2049,-2090,-4820,-5162,147
IMU1,2549,25497796,-2494,2128,-2192,-3616,-5501,439
IMU1,2550,25508639,-2465,2150,-2392,-2491,-5902,649
IMU1,2551,25519504,-2524,2063,-2474,-1575,-6213,738
IMU1,2552,25530379,-2637,2083,-2410,-867,-6264,731
IMU1,2553,25541033,-2774,2099,-2234,-323,-6057,662
IMU1,2554,25551691,-3279,1914,-1593,106,-5757,505
IMU1,2555,25562263,-3435,1686,-1162,832,-5348,460
IMU1,2556,25572805,-3434,1505,-785,1197,-5337,402
IMU1,2557,25583362,-3337,1370,-554,1568,-5487,260
IMU1,2558,25593918,-3223,1308,-359,1907,-5759,93
IMU1,2559,25604284,-3142,1228,-161,2190,-6036,-134
IMU1,2560,25614900,-3085,1166,11,2401,-6252,-374
IMU1,2561,25625212,-3081,1120,185,2543,-6416,-586
IMU1,2562,25635725,-2982,1110,334,2645,-6535,-759
IMU1,2563,25646244,-2920,1189,460,2709,-6661,-896
IMU1,2564,25656753,-2727,1175,536,2741,-6821,-1002
IMU1,2565,25667465,-2405,1157,762,2770,-7186,-1173
IMU1,2566,25678188,-2297,1089,830,2779,-7307,-1213
IMU1,2567,25688911,-1958,1045,838,2787,-7374,-1232
IMU1,2568,25699632,-1993,918,760,2788,-7403,-1228
IMU1,2569,25710167,-1789,1024,491,2736,-7327,-1155
IMU1,2570,25720886,-1432,1149,412,2600,-7047,-1060
IMU1,2571,25731601,-1335,1060,611,2454,-6423,-938
IMU1,2572,25742114,-1132,1050,757,2365,-5424,-759
IMU1,2573,25752648,-1020,1148,803,2328,-4312,-558
IMU1,2574,25763177,-851,1214,880,2294,-3356,-354
IMU1,2575,25774027,-746,1289,1135,2225,-2289,-1
IMU1,2576,25784150,-697,1292,1394,2267,-2069,127
IMU1,2577,25794572,-582,1320,1514,2367,-2065,208
IMU1,2578,25804994,-508,1433,1207,2500,-2261,238
IMU1,2579,25815406,-385,1531,1194,2566,-2461,240
IMU1,2580,25825824,-323,1572,1265,2588,-2441,238
IMU1,2581,25836242,-286,1660,1192,2583,-2137,250
IMU1,2582,25846659,-377,1704,1215,2547,-1665,278
IMU1,2583,25857081,-415,1752,1252,2490,-1161,337
IMU1,2584,25867499,-491,1807,1208,2416,-749,421
IMU1,2585,25877720,-561,1823,1355,2333,-546,515
IMU1,2586,25887959,-627,1773,1674,2271,-530,601
IMU1,2587,25898716,-684,1788,1665,2222,-763,682
IMU1,2588,25908941,-705,1807,1647,2164,-1008,670
IMU1,2589,25919353,-788,1849,1681,2099,-1291,614
IMU1,2590,25929786,-912,1892,1764,2016,-1536,541
IMU1,2591,25940210,-993,1895,1801,1927,-1706,465
IMU1,2592,25950632,-1027,1929,1928,1824,-1811,379
IMU1,2593,25961260,-1033,1994,1985,1718,-1872,261
IMU1,2594,25971892,-1006,2063,2068,1600,-1927,100
IMU1,2595,25982501,-931,2138,2137,1467,-1980,-95
IMU1,2596,25992838,-938,2229,2170,1312,-2021,-311
IMU1,2597,26003374,-983,2549,2395,1120,-2087,-525
IMU1,2598,26014425,-975,2832,2605,684,-2114,-903
IMU1,2599,26024745,-982,3102,2697,532,-1948,-1070
IMU1,2600,26035279,-962,3283,2785,384,-1896,-1242
IMU1,2601,26045796,-900,3392,2765,225,-1976,-1416
IMU1,2602,26056326,-770,3591,2696,23,-2168,-1585
IMU1,2603,26066654,-613,3820,2554,-240,-2411,-1753
IMU1,2604,26077289,-513,4074,2346,-582,-2618,-1910
IMU1,2605,26087924,-565,4262,2192,-1020,-2660,-1993
IMU1,2606,26098750,-737,4370,2071,-1529,-2490,-1920
IMU1,2607,26112144,-947,4580,1691,-2682,-1841,-1271
IMU1,2608,26122954,-1047,4662,1622,-3334,-1591,-793
IMU1,2609,26133782,-939,4682,1421,-3993,-1526,-280
IMU1,2610,26144412,-987,4796,1953,-4580,-1646,210
IMU1,2611,26154940,-966,4835,1790,-4958,-1889,690
IMU1,2612,26165480,-741,4845,1226,-5238,-2282,1155
IMU1,2613,26176215,-889,4636,1587,-5583,-2615,1569
IMU1,2614,26187474,-995,4271,1374,-5945,-2522,2462
IMU1,2615,26198230,-997,4267,984,-5920,-2598,2835
IMU1,2616,26208782,-833,4112,651,-5917,-2740,3113
IMU1,2617,26219341,-602,3787,578,-5971,-2771,3306
IMU1,2618,26229871,-447,3435,498,-6044,-2591,3389
IMU1,2619,26240384,-304,3150,238,-6157,-2252,3384
IMU1,2620,26250897,-202,2886,37,-6337,-1897,3294
IMU1,2621,26261202,-94,2596,15,-6555,-1554,3133
IMU1,2622,26271314,-86,2334,-69,-6758,-1207,2924
IMU1,2623,26281526,-106,1994,-70,-6918,-857,2686
IMU1,2624,26291733,-110,1572,-344,-7055,-543,2432
IMU1,2625,26302667,-251,1383,-418,-7336,-141,1874
IMU1,2626,26313082,-383,1117,-475,-7464,14,1625
IMU1,2627,26323201,-428,869,-500,-7532,206,1384
IMU1,2628,26333302,-413,722,-565,-7560,395,1140
IMU1,2629,26343427,-348,619,-641,-7542,521,887
IMU1,2630,26353344,-276,486,-665,-7487,571,630
IMU1,2631,26363273,-350,378,-714,-7342,512,398
IMU1,2632,26373209,-520,254,-739,-7093,349,259
IMU1,2633,26383120,-592,158,-768,-6717,185,237
IMU1,2634,26393047,-557,87,-721,-6212,57,326
IMU1,2635,26402573,-438,47,-828,-5587,-110,451
IMU1,2636,26412373,-397,-27,-991,-4884,-345,579
IMU1,2637,26422281,-245,-104,-1042,-4141,-570,754
IMU1,2638,26432577,-237,-80,-1097,-3366,-711,866
IMU1,2639,26442673,-250,-143,-1116,-2592,-725,1026
IMU1,2640,26453172,-230,-144,-1083,-1830,-651,1181
IMU1,2641,26463672,-158,-144,-1082,-1100,-539,1295
IMU1,2642,26474177,-75,-171,-1043,-433,-451,1339
IMU1,2643,26485312,-40,-275,-947,637,-302,1235
IMU1,2644,26495132,-12,-314,-873,1029,-186,1137
IMU1,2645,26505150,-6,-381,-723,1371,-17,1008
IMU1,2646,26514753,-6,-391,-590,1697,186,866
IMU1,2647,26524273,-27,-388,-443,2039,312,710
IMU1,2648,26533987,-61,-405,-308,2395,318,545
IMU1,2649,26543721,-102,-407,-169,2761,213,380
IMU1,2650,26553621,-112,-409,-31,3133,68,211
IMU1,2651,26563129,-107,-401,127,3520,-43,30
IMU1,2652,26572626,-129,-412,282,3918,-115,-162
IMU1,2653,26582636,-107,-414,438,4317,-170,-374
IMU1,2654,26592650,-74,-401,601,4720,-205,-598
IMU1,2655,26602463,-34,-353,756,5124,-201,-849
IMU1,2656,26612271,-24,-311,910,5524,-168,-1107
IMU1,2657,26622295,49,-269,1044,5934,-88,-1366
IMU1,2658,26632220,70,-175,1200,6349,61,-1613
IMU1,2659,26642030,85,-26,1381,6773,292,-1839
IMU1,2660,26651838,68,189,1579,7202,613,-2028
IMU1,2661,26661768,81,498,1893,7652,1036,-2172
IMU1,2662,26671900,91,867,2192,8137,1496,-2274
IMU1,2663,26682043,85,1233,2300,8633,1824,-2347
IMU1,2664,26692382,-77,1624,2276,9065,1903,-2388
IMU1,2665,26702817,-229,1969,2119,9366,1725,-2377
IMU1,2666,26713451,-275,2259,2007,9494,1386,-2311
IMU1,2667,26724093,-352,2658,1794,9434,1064,-2191
IMU1,2668,26734725,-417,3168,1753,9195,1303,-1755
IMU1,2669,26745360,-528,3240,2019,8499,1764,-1389
IMU1,2670,26755979,-558,3196,2182,8117,2164,-926
IMU1,2671,26766428,-591,3000,2274,7665,2358,-462
IMU1,2672,26776877,-459,2823,2136,7081,2311,-46
IMU1,2673,26787119,-342,2847,1818,6333,1979,236
IMU1,2674,26797473,-261,3028,1369,5432,1351,337
IMU1,2675,26807815,-312,3306,964,4414,581,298
IMU1,2676,26817760,-523,3490,1162,3386,90,222
IMU1,2677,26827689,-608,3542,1526,2544,219,209
IMU1,2678,26837829,-639,3544,1761,1960,908,246
IMU1,2679,26847961,-679,3483,1855,1579,1831,277
IMU1,2680,26858315,-728,3328,1899,1343,2622,269
IMU1,2681,26868647,-792,3122,1935,1204,3029,215
IMU1,2682,26880034,-874,2804,1972,1089,2582,52
IMU1,2683,26890125,-892,2805,1923,1096,1977,-61
IMU1,2684,26900335,-901,2778,1986,1141,1317,-153
IMU1,2685,26910756,-896,2732,2071,1233,712,-218
IMU1,2686,26920977,-959,2676,2083,1371,234,-237
IMU1,2687,26931187,-967,2558,2051,1520,-112,-192
IMU1,2688,26941523,-879,2521,1897,1634,-368,-114
IMU1,2689,26951837,-798,2537,1733,1678,-572,-57
IMU1,2690,26961964,-716,2512,1606,1645,-748,-37
IMU1,2691,26972070,-650,2416,1478,1542,-906,-30
IMU1,2692,26982198,-628,2299,1427,1385,-1010,-22
# swing_peak_seq=2666
IMU1,2693,26992529,-615,2247,1388,1199,-1007,5
IMU1,2694,27002562,-600,2241,1409,1006,-886,55
IMU1,2695,27012582,-587,2229,1480,829,-669,99
IMU1,2696,27022412,-609,2223,1546,672,-426,142
IMU1,2697,27033484,-756,2193,1594,364,-52,171
IMU1,2698,27043337,-848,2177,1693,210,9,181
IMU1,2699,27052852,-911,2174,1827,83,-17,174
IMU1,2700,27062466,-938,2205,1941,-9,-142,141
IMU1,2701,27072182,-913,2257,1980,-66,-353,73
IMU1,2702,27081901,-852,2321,1932,-117,-604,-21
IMU1,2703,27091919,-831,2383,1892,-192,-783,-139
IMU1,2704,27102149,-845,2395,1928,-290,-794,-249
IMU1,2705,27114935,-885,2472,2035,-405,-652,-327
IMU1,2706,27125157,-926,2580,2186,-496,-463,-393
IMU1,2707,27135381,-926,2670,2338,-577,-381,-462
IMU1,2708,27145623,-963,2807,2500,-641,-463,-553
IMU1,2709,27155836,-998,2980,2621,-693,-681,-662
IMU1,2710,27166064,-1001,3152,2662,-752,-991,-766
IMU1,2711,27176504,-997,3602,2565,-845,-1309,-869
IMU1,2712,27187442,-832,3822,2432,-1191,-1769,-1057
IMU1,2713,27198270,-765,4028,2262,-1494,-1886,-1135
IMU1,2714,27209098,-715,4177,2067,-1887,-1881,-1178
IMU1,2715,27219916,-739,4286,1939,-2379,-1742,-1135
IMU1,2716,27230742,-774,4379,1869,-2921,-1492,-1006
IMU1,2717,27241568,-818,4506,1722,-3468,-1228,-807
IMU1,2718,27252180,-849,4588,1572,-4000,-1036,-574
IMU1,2719,27262797,-878,4576,1440,-4524,-917,-325
IMU1,2720,27274266,-942,4550,1708,-5445,-597,194
IMU1,2721,27284590,-993,4527,1620,-5670,-471,410
IMU1,2722,27294907,-1009,4519,1324,-5804,-622,588
IMU1,2723,27305427,-962,4332,1335,-5914,-995,752
IMU1,2724,27315765,-1017,4127,1221,-5962,-1406,928
IMU1,2725,27326494,-1022,3956,985,-5975,-1778,1134
IMU1,2726,27337229,-889,3733,791,-5999,-2033,1359
IMU1,2727,27347777,-822,3508,719,-6036,-2061,1557
IMU1,2728,27358322,-739,3272,609,-6056,-1946,1715
IMU1,2729,27368868,-529,2625,162,-6087,-1838,1826
IMU1,2730,27379903,-436,2322,-74,-6276,-1582,1893
IMU1,2731,27390346,-346,2004,-231,-6468,-1300,1855
IMU1,2732,27400969,-331,1722,-355,-6694,-952,1771
IMU1,2733,27411386,-305,1476,-489,-6934,-604,1665
IMU1,2734,27421807,-305,1274,-489,-7162,-290,1505
IMU1,2735,27432244,-300,1121,-504,-7356,-27,1290
IMU1,2736,27442472,-257,970,-527,-7511,181,1015
IMU1,2737,27452615,-243,837,-547,-7621,318,688
IMU1,2738,27462553,-253,739,-560,-7689,383,351
IMU1,2739,27472478,-252,679,-585,-7709,400,27
IMU1,2740,27482202,-319,622,-619,-7687,372,-253
IMU1,2741,27492236,-344,578,-690,-7631,248,-462
IMU1,2742,27502269,-319,402,-715,-7555,23,-583
IMU1,2743,27512112,-354,279,-719,-7411,-236,-622
IMU1,2744,27522256,-506,132,-624,-7152,-455,-527
IMU1,2745,27532380,-311,100,-877,-6738,-583,-322
IMU1,2746,27543535,-187,161,-772,-5585,-990,130
IMU1,2747,27553559,-253,220,-836,-4842,-1431,358
IMU1,2748,27563776,-202,79,-969,-4032,-1924,654
IMU1,2749,27573786,-204,-88,-1117,-3219,-2249,953
IMU1,2750,27584094,-207,-238,-1216,-2425,-2342,1254
IMU1,2751,27594803,-139,-347,-1204,-1659,-2294,1517
IMU1,2752,27605521,-122,-311,-1197,-917,-2245,1686
IMU1,2753,27616041,-115,-376,-1232,-230,-2228,1741
IMU1,2754,27626551,-142,-518,-1266,372,-2216,1710
IMU1,2755,27636986,-131,-530,-1339,878,-2151,1627
IMU1,2756,27647411,-122,-518,-1281,1286,-1968,1492
IMU1,2757,27658550,-217,-749,-1255,1915,-1211,1125
IMU1,2758,27669174,-189,-820,-1125,2174,-642,900
IMU1,2759,27679383,-139,-795,-900,2456,39,621
IMU1,2760,27689121,-214,-739,-627,2786,722,297
IMU1,2761,27699036,-309,-710,-291,3183,1252,-48
IMU1,2762,27709079,-346,-749,26,3650,1537,-392
IMU1,2763,27719013,-360,-757,273,4171,1541,-737
IMU1,2764,27729150,-316,-716,504,4710,1276,-1102
IMU1,2765,27739503,-233,-614,673,5243,846,-1500
IMU1,2766,27749642,-178,-492,843,5756,341,-1937
IMU1,2767,27759774,-189,-394,961,6244,-160,-2387
IMU1,2768,27770008,-181,-287,1033,6698,-551,-2809
IMU1,2769,27780432,-213,-175,1154,7131,-795,-3181
IMU1,2770,27790875,-213,-3,1280,7553,-873,-3487
IMU1,2771,27800914,-226,324,1342,7961,-772,-3727
IMU1,2772,27811263,-308,1018,1628,8314,-505,-3882
IMU1,2773,27822321,-357,1291,1718,8921,366,-3837
IMU1,2774,27832772,-337,1603,1907,9186,867,-3640
IMU1,2775,27843223,-353,1898,1986,9427,1392,-3391
IMU1,2776,27853869,-475,2157,2057,9623,1964,-3106
IMU1,2777,27864503,-645,2522,2043,9746,2533,-2773
IMU1,2778,27875140,-733,2936,1931,9774,2990,-2423
IMU1,2779,27885788,-730,3309,1762,9681,3286,-2112
IMU1,2780,27896416,-724,3692,1619,9441,3477,-1894
IMU1,2781,27907054,-796,3850,1819,9073,3615,-1740
IMU1,2782,27918219,-1333,3388,2110,8136,3405,-1305
IMU1,2783,27929056,-1485,3163,2396,7608,2912,-1018
IMU1,2784,27939916,-1446,2982,2385,7007,2058,-781
IMU1,2785,27950565,-1386,3114,2133,6278,841,-684
IMU1,2786,27961016,-1279,3360,1715,5417,-492,-718
IMU1,2787,27971554,-1136,3631,1683,4320,-1481,-836
IMU1,2788,27982285,-1126,3538,2003,3116,-1560,-950
IMU1,2789,27993029,-1073,3282,1554,2400,-772,-879
IMU1,2790,28003573,-1022,3379,1348,1756,269,-761
IMU1,2791,28014529,-944,3280,1519,677,2078,-620
IMU1,2792,28024775,-930,3176,1821,413,2643,-681
IMU1,2793,28035018,-987,3050,2033,341,2952,-789
IMU1,2794,28045264,-1068,2874,2104,412,2984,-909
IMU1,2795,28055701,-1187,2700,2158,549,2744,-1002
IMU1,2796,28066351,-1325,2537,2176,707,2307,-1044
IMU1,2797,28076994,-1510,2441,2300,855,1794,-1017
IMU1,2798,28087638,-1673,2509,2496,1012,1282,-913
IMU1,2799,28098280,-1679,2496,2559,1199,732,-748
IMU1,2800,28108734,-1618,2485,2530,1388,77,-570
IMU1,2801,28121538,-1368,2651,2415,1657,-1254,-297
IMU1,2802,28132269,-1236,2690,2368,1681,-1714,-227
IMU1,2803,28143000,-1142,2737,2283,1622,-1975,-198
IMU1,2804,28153731,-1057,2801,2149,1455,-2059,-179
IMU1,2805,28164462,-997,2860,2047,1170,-1997,-167
IMU1,2806,28174979,-956,2957,1960,766,-1805,-151
IMU1,2807,28185311,-895,3044,1876,261,-1536,-129
IMU1,2808,28195631,-861,3156,1782,-302,-1244,-124
IMU1,2809,28206572,-863,3385,1743,-1495,-756,-138
IMU1,2810,28216985,-880,3487,1712,-2069,-543,-146
IMU1,2811,28227398,-922,3523,1660,-2613,-347,-126
IMU1,2812,28237802,-994,3472,1546,-3132,-179,-79
IMU1,2813,28248032,-1092,3460,1482,-3626,-65,2
IMU1,2814,28257955,-1135,3493,1475,-4078,-10,126
IMU1,2815,28268281,-1167,3396,1446,-4469,28,264
IMU1,2816,28278502,-1254,3254,1399,-4820,36,419
IMU1,2817,28288725,-1341,3146,1360,-5131,18,605
IMU1,2818,28298943,-1367,3068,1277,-5406,-4,807
IMU1,2819,28309072,-1393,2988,1200,-5645,-39,997
IMU1,2820,28319404,-1367,2963,1183,-5846,-99,1161
IMU1,2821,28329934,-1305,2909,1142,-5997,-167,1289
IMU1,2822,28340649,-1050,2553,811,-6271,-390,1445
IMU1,2823,28351186,-946,2309,664,-6443,-479,1472
IMU1,2824,28361527,-897,2063,687,-6623,-427,1494
IMU1,2825,28371857,-813,1854,610,-6739,-204,1502
IMU1,2826,28382183,-751,1687,509,-6821,88,1486
IMU1,2827,28392217,-663,1517,416,-6883,361,1433
IMU1,2828,28402450,-609,1349,351,-6926,601,1329
IMU1,2829,28412686,-562,1183,310,-6944,799,1186
IMU1,2830,28422946,-545,1017,287,-6921,956,1021
IMU1,2831,28433187,-544,865,285,-6848,1074,845
IMU1,2832,28443223,-527,759,261,-6716,1138,665
IMU1,2833,28453261,-591,672,214,-6525,1136,481
IMU1,2834,28463297,-698,648,71,-6307,1041,313
IMU1,2835,28473152,-656,579,8,-6093,829,191
IMU1,2836,28482592,-624,470,-33,-5885,549,102
IMU1,2837,28492319,-571,403,-43,-5668,302,50
IMU1,2838,28501856,-524,297,14,-5419,164,30
IMU1,2839,28511290,-670,241,168,-5097,121,53
IMU1,2840,28520923,-808,194,255,-4658,76,140
IMU1,2841,28530549,-851,105,168,-4131,-85,290
IMU1,2842,28540273,-755,-25,45,-3560,-414,456
IMU1,2843,28549899,-659,-145,-25,-2979,-821,590
IMU1,2844,28559814,-597,-231,-83,-2396,-1072,663
IMU1,2845,28569948,-575,-267,-178,-1825,-1042,689
IMU1,2846,28580248,-561,-304,-185,-1281,-787,683
IMU1,2847,28591396,-637,-442,-161,-226,-55,611
IMU1,2848,28601117,-685,-500,-60,282,266,564
IMU1,2849,28610647,-714,-550,104,802,548,502
IMU1,2850,28620278,-747,-577,253,1344,837,424
IMU1,2851,28630125,-834,-576,376,1908,1140,332
IMU1,2852,28640179,-937,-534,530,2484,1414,226
IMU1,2853,28650219,-1064,-453,660,3059,1611,118
IMU1,2854,28660461,-1238,-321,834,3632,1731,19
IMU1,2855,28670511,-1308,-204,1012,4200,1816,-83
# swing_peak_seq=2829
IMU1,2856,28680854,-1513,-97,1045,4731,1863,-192
IMU1,2857,28691178,-1687,-36,1110,5203,1849,-279
IMU1,2858,28701508,-1802,172,1312,5626,1789,-379
IMU1,2859,28711935,-1816,352,1517,6035,1675,-578
IMU1,2860,28722390,-1771,612,1595,6413,1438,-830
IMU1,2861,28732839,-1809,770,1548,6709,1023,-1224
IMU1,2862,28743483,-1860,821,1585,6875,456,-1687
IMU1,2863,28753926,-2128,856,1625,6928,-138,-2712
IMU1,2864,28764448,-2103,893,1383,6640,-899,-3148
IMU1,2865,28774985,-2042,1147,1409,6333,-977,-3585
IMU1,2866,28785725,-2042,1388,1443,6046,-769,-4040
IMU1,2867,28796458,-2163,1504,1376,5815,-445,-4458
IMU1,2868,28807206,-2270,1534,1273,5619,-173,-4800
IMU1,2869,28817926,-2351,1645,1178,5439,90,-5054
IMU1,2870,28828365,-2309,1792,1086,5299,501,-5243
IMU1,2871,28838997,-2245,1972,937,5211,1178,-5400
IMU1,2872,28849627,-2261,1966,678,5138,2181,-5507
IMU1,2873,28860773,-2613,1983,574,5002,4616,-5389
IMU1,2874,28871425,-2656,2013,296,4923,5637,-5237
IMU1,2875,28882064,-3017,1941,197,4767,6467,-5168
IMU1,2876,28892689,-4416,2041,1305,4699,7121,-4756
IMU1,2877,28903535,-4287,2171,1337,4951,7100,-3993
IMU1,2878,28914391,-4029,2199,1407,5323,6139,-3269
IMU1,2879,28925241,-3602,2096,1510,5702,4661,-2702
IMU1,2880,28936089,-3395,1808,1548,6071,3162,-2329
IMU1,2881,28947443,-3159,1395,1483,6722,559,-1869
IMU1,2882,28958075,-2858,1322,1403,6938,-463,-1742
IMU1,2883,28968808,-2525,1284,1395,7069,-1190,-1756
IMU1,2884,28979728,-2232,1217,1353,7096,-1639,-1864
IMU1,2885,28990648,-1990,1148,1383,7013,-1849,-2039
IMU1,2886,29001579,-2036,1050,1553,6830,-1868,-2243
IMU1,2887,29012507,-2101,1022,1706,6583,-1735,-2373
IMU1,2888,29023425,-1477,1311,1573,5856,-1069,-2428
IMU1,2889,29034356,-1329,1286,1542,5303,-664,-2502
IMU1,2890,29045078,-1328,1268,1641,4640,-361,-2594
IMU1,2891,29055795,-1330,1298,1778,3947,-189,-2617
IMU1,2892,29066526,-1282,1341,1924,3273,-122,-2566
IMU1,2893,29077228,-1188,1369,2019,2642,-95,-2482
IMU1,2894,29087751,-1144,1350,2062,2054,-30,-2377
IMU1,2895,29098285,-1154,1380,2112,1510,95,-2243
IMU1,2896,29108714,-1177,1410,2207,1037,265,-2078
IMU1,2897,29121806,-1244,1407,2320,343,609,-1677
IMU1,2898,29132232,-1327,1408,2363,99,686,-1462
IMU1,2899,29142463,-1376,1394,2418,-79,657,-1248
IMU1,2900,29152787,-1422,1405,2493,-198,528,-1033
IMU1,2901,29163319,-1464,1423,2532,-278,335,-821
IMU1,2902,29173659,-1500,1436,2528,-339,127,-618
IMU1,2903,29183998,-1487,1443,2475,-416,-90,-422
IMU1,2904,29194240,-1466,1460,2393,-527,-289,-245
IMU1,2905,29204649,-1498,1524,2327,-693,-468,-86
IMU1,2906,29214856,-1540,1558,2192,-914,-633,78
IMU1,2907,29226039,-1664,1596,2051,-1452,-901,457
IMU1,2908,29236566,-1703,1594,1877,-1798,-976,673
IMU1,2909,29247094,-1783,1613,1649,-2194,-1008,886
IMU1,2910,29257810,-1857,1610,1484,-2640,-997,1105
IMU1,2911,29268533,-1858,1579,1304,-3114,-906,1312
IMU1,2912,29279271,-1873,1568,1147,-3620,-754,1492
IMU1,2913,29290026,-1954,1577,1015,-4128,-565,1641
IMU1,2914,29300749,-2088,1576,872,-4607,-367,1769
IMU1,2915,29311283,-2259,1596,613,-5045,-187,1881
IMU1,2916,29322357,-2312,1607,487,-5795,7,2002
IMU1,2917,29332391,-2394,1615,346,-6090,-43,2018
IMU1,2918,29342729,-2529,1646,198,-6378,-198,2048
IMU1,2919,29353263,-2686,1685,23,-6657,-380,2112
IMU1,2920,29363593,-2819,1719,-81,-6921,-523,2206
IMU1,2921,29374023,-2855,1758,-223,-7185,-618,2317
IMU1,2922,29384678,-2841,1819,-321,-7444,-672,2387
IMU1,2923,29395317,-2871,1893,-429,-7686,-732,2405
IMU1,2924,29405950,-2956,1946,-517,-7913,-794,2394
IMU1,2925,29416618,-2964,1956,-552,-8110,-815,2361
IMU1,2926,29427261,-2880,1955,-620,-8365,-695,2146
IMU1,2927,29437894,-2878,2069,-632,-8435,-604,1935
IMU1,2928,29448552,-2708,2154,-566,-8487,-437,1589
IMU1,2929,29459188,-2674,2158,-515,-8519,-153,1222
IMU1,2930,29469836,-2740,2068,-515,-8532,53,792
IMU1,2931,29479989,-2830,2078,-478,-8541,63,412
IMU1,2932,29490143,-2882,2158,-654,-8514,-116,123
IMU1,2933,29500582,-2906,2192,-926,-8484,-479,-61
IMU1,2934,29510905,-2974,2150,-1077,-8473,-968,-127
IMU1,2935,29521627,-2933,1975,-998,-8422,-1407,-51
IMU1,2936,29532141,-2784,1853,-952,-8260,-1639,107
IMU1,2937,29543297,-2565,1796,-1146,-7645,-1434,362
IMU1,2938,29554119,-2545,1708,-1471,-7301,-1181,413
IMU1,2939,29564956,-2372,1493,-1814,-7020,-880,423
IMU1,2940,29575597,-2368,1336,-2056,-6791,-565,388
IMU1,2941,29586234,-2313,1354,-2008,-6541,-207,343
IMU1,2942,29596862,-2250,1387,-1830,-6170,280,272
IMU1,2943,29607392,-2119,1348,-1838,-5660,766,163
IMU1,2944,29617919,-2049,1248,-1887,-5058,1073,34
IMU1,2945,29628459,-2062,1236,-1821,-4415,1148,-66
IMU1,2946,29639612,-1879,1247,-1784,-3033,761,-123
IMU1,2947,29650249,-1779,1288,-1743,-2297,458,-122
IMU1,2948,29660859,-1697,1312,-1743,-1570,152,-113
IMU1,2949,29671473,-1640,1335,-1786,-879,-152,-110
IMU1,2950,29681987,-1604,1350,-1846,-247,-456,-118
IMU1,2951,29692493,-1573,1359,-1853,313,-719,-134
IMU1,2952,29702936,-1589,1337,-1799,814,-881,-154
IMU1,2953,29713353,-1616,1314,-1733,1267,-911,-165
IMU1,2954,29723972,-1669,1311,-1631,1678,-830,-156
IMU1,2955,29734592,-1823,1372,-1432,2075,-683,-124
IMU1,2956,29745214,-1893,1445,-1356,2816,-369,24
IMU1,2957,29755542,-1956,1493,-1264,3149,-250,99
IMU1,2958,29765885,-1977,1484,-1166,3452,-118,191
IMU1,2959,29776409,-2010,1497,-1063,3720,54,294
IMU1,2960,29786640,-2075,1519,-948,3970,247,404
IMU1,2961,29796879,-2158,1555,-817,4210,444,529
IMU1,2962,29807123,-2302,1649,-734,4446,655,666
IMU1,2963,29817362,-2429,1742,-659,4666,886,817
IMU1,2964,29827603,-2497,1799,-542,4857,1137,970
IMU1,2965,29838034,-2572,1848,-379,5034,1390,1106
IMU1,2966,29848680,-2655,1849,-159,5222,1600,1230
IMU1,2967,29859304,-2725,1774,318,5435,1739,1328
IMU1,2968,29870369,-2820,1737,536,5955,1632,1376
IMU1,2969,29880917,-2889,1650,695,6274,1298,1249
IMU1,2970,29891456,-2941,1587,764,6614,767,1102
IMU1,2971,29901814,-2997,1529,834,6974,47,877
IMU1,2972,29911759,-3034,1449,902,7334,-831,560
IMU1,2973,29922017,-3025,1347,943,7693,-1732,180
IMU1,2974,29932452,-3016,1291,936,8007,-2498,-215
IMU1,2975,29942988,-2962,1257,900,8240,-3028,-606
IMU1,2976,29953538,-2833,1244,866,8374,-3289,-981
IMU1,2977,29964070,-2700,1269,819,8399,-3267,-1305
IMU1,2978,29974807,-2388,1386,735,8304,-3005,-1567
IMU1,2979,29985563,-2407,1452,801,7828,-2017,-1908
IMU1,2980,29996298,-2437,1549,942,7550,-1519,-1943
IMU1,2981,30007060,-2335,1648,1093,7309,-1261,-1893
IMU1,2982,30018001,-2173,1692,1183,7134,-1290,-1826
IMU1,2983,30028935,-2002,1540,1199,7015,-1523,-1783
IMU1,2984,30039874,-1896,1484,1220,6917,-1785,-1779
IMU1,2985,30050823,-1799,1527,1301,6789,-1803,-1805
IMU1,2986,30061762,-1602,1489,1469,6609,-842,-1869
IMU1,2987,30072491,-1507,1475,1587,6074,-205,-1894
IMU1,2988,30083245,-1431,1450,1732,5739,248,-1927
IMU1,2989,30093877,-1350,1410,1844,5381,381,-2000
IMU1,2990,30104521,-1267,1347,1953,4978,122,-2123
IMU1,2991,30115172,-1240,1335,2037,4563,-516,-2279
IMU1,2992,30128480,-1178,1456,1966,4149,-1438,-2409
IMU1,2993,30139419,-1088,1601,1811,3294,-2949,-2604
IMU1,2994,30150355,-936,1679,1705,2790,-2906,-2570
IMU1,2995,30161101,-851,1689,1701,2266,-2356,-2447
IMU1,2996,30171836,-811,1658,1791,1767,-1548,-2240
IMU1,2997,30182573,-788,1577,1910,1328,-686,-1968
IMU1,2998,30193111,-789,1533,2098,954,59,-1676
IMU1,2999,30203168,-769,1436,2341,663,537,-1402
IMU1,3000,30213426,-897,1259,2547,462,658,-1168
IMU1,3001,30223673,-936,1100,2625,315,412,-948
IMU1,3002,30233730,-899,1049,2551,166,-44,-751
IMU1,3003,30243661,-804,1025,2368,-36,-454,-590
# swing_peak_seq=2977
IMU1,3004,30255255,-905,899,1965,-715,-699,-339
IMU1,3005,30265294,-994,837,1816,-1130,-585,-199
IMU1,3006,30275530,-1006,764,1662,-1556,-364,-49
IMU1,3007,30285756,-1025,684,1562,-1977,-84,77
IMU1,3008,30295696,-1103,623,1516,-2357,178,181
IMU1,3009,30305952,-1186,544,1492,-2665,396,278
IMU1,3010,30316208,-1270,451,1470,-2898,582,371
IMU1,3011,30326453,-1389,419,1454,-3062,736,462
IMU1,3012,30336692,-1493,381,1444,-3155,846,561
IMU1,3013,30346930,-1651,392,1419,-3199,917,673
IMU1,3014,30357190,-1679,396,1352,-3200,970,783
IMU1,3015,30367438,-1558,411,1270,-3200,1066,836
IMU1,3016,30377889,-1487,427,1183,-3215,1235,786
IMU1,3017,30388338,-1677,448,1223,-3246,1404,659
IMU1,3018,30399299,-1776,458,1261,-3222,1363,436
IMU1,3019,30409752,-1770,411,1260,-3146,1116,409
IMU1,3020,30420203,-1764,320,1248,-3061,744,441
IMU1,3021,30430438,-1792,247,1196,-2968,311,527
IMU1,3022,30440690,-1838,215,1089,-2895,-123,674
IMU1,3023,30451020,-1786,183,996,-2844,-474,865
IMU1,3024,30461170,-1734,185,879,-2841,-669,1056
IMU1,3025,30471516,-1737,200,767,-2885,-718,1229
IMU1,3026,30481865,-1803,226,649,-2980,-667,1381
IMU1,3027,30492191,-1843,244,542,-3116,-584,1519
IMU1,3028,30502538,-1867,267,403,-3294,-490,1627
IMU1,3029,30512860,-1917,274,283,-3521,-413,1698
IMU1,3030,30523201,-2085,330,37,-3790,-369,1761
IMU1,3031,30533853,-2186,360,-26,-4407,-314,1772
IMU1,3032,30544094,-2286,419,-101,-4703,-320,1788
IMU1,3033,30554523,-2350,505,-184,-4981,-376,1825
IMU1,3034,30564975,-2355,585,-280,-5239,-462,1895
IMU1,3035,30575423,-2398,697,-416,-5471,-491,1972
IMU1,3036,30585875,-2366,741,-438,-5679,-397,2067
IMU1,3037,30596333,-2317,731,-400,-5832,-145,2155
IMU1,3038,30606789,-2313,771,-373,-5893,220,2207
IMU1,3039,30617154,-2284,807,-320,-5884,614,2211
IMU1,3040,30627518,-2251,869,-245,-5823,955,2162
IMU1,3041,30637875,-2270,982,-193,-5705,1181,2052
IMU1,3042,30648439,-2285,1114,-183,-5562,1114,1769
IMU1,3043,30659181,-2350,1186,-259,-5293,813,1628
IMU1,3044,30669727,-2409,1164,-390,-5229,448,1500
IMU1,3045,30680269,-2374,1128,-524,-5228,101,1368
IMU1,3046,30690809,-2409,1139,-668,-5280,-209,1208
IMU1,3047,30701438,-2356,1093,-861,-5373,-438,1020
IMU1,3048,30712099,-2244,1072,-977,-5493,-532,792
IMU1,3049,30722559,-2264,1045,-1129,-5595,-495,528
IMU1,3050,30733178,-2149,1019,-1169,-5653,-333,298
IMU1,3051,30743800,-2080,978,-911,-5649,1,104
IMU1,3052,30755090,-2117,1035,-1028,-5328,1029,-171
IMU1,3053,30765920,-2212,1018,-1128,-5087,1401,-237
IMU1,3054,30776756,-2133,1062,-1369,-4861,1447,-260
IMU1,3055,30787580,-2202,1062,-1474,-4710,1206,-270
IMU1,3056,30798417,-2247,998,-1481,-4608,819,-233
IMU1,3057,30808846,-2253,977,-1425,-4517,422,-148
IMU1,3058,30819265,-2201,993,-1349,-4400,95,-49
IMU1,3059,30829289,-2103,1029,-1258,-4226,-139,22
IMU1,3060,30839706,-1924,947,-1173,-3965,-318,49
IMU1,3061,30849944,-2106,1115,-1019,-3611,-538,62
IMU1,3062,30860887,-2017,1190,-901,-2738,-850,178
IMU1,3063,30871304,-1983,1171,-871,-2232,-718,210
IMU1,3064,30881750,-1987,1146,-838,-1759,-485,239
IMU1,3065,30892175,-2062,1132,-778,-1319,-271,263
IMU1,3066,30902600,-2113,1081,-761,-915,-118,304
IMU1,3067,30912834,-2139,1033,-745,-567,-42,364
IMU1,3068,30922860,-2114,959,-706,-271,-36,411
IMU1,3069,30932704,-2060,914,-655,-12,-80,444
IMU1,3070,30942329,-1990,845,-588,227,-142,454
IMU1,3071,30952271,-1937,758,-519,460,-184,437
IMU1,3072,30962211,-1895,664,-447,671,-206,406
IMU1,3073,30972146,-1883,592,-364,874,-225,378
IMU1,3074,30982092,-1896,545,-281,1067,-250,362
IMU1,3075,30992221,-1939,515,-214,1252,-285,357
IMU1,3076,31002352,-1987,489,-148,1433,-330,374
IMU1,3077,31012488,-2017,472,-103,1591,-369,411
IMU1,3078,31022621,-2029,457,-33,1729,-390,459
IMU1,3079,31034125,-2066,442,21,1937,-439,568
IMU1,3080,31043969,-2028,417,61,2017,-478,601
IMU1,3081,31053808,-1938,420,51,2078,-527,600
IMU1,3082,31063645,-1847,416,63,2126,-572,563
IMU1,3083,31073491,-1877,375,99,2142,-582,507
IMU1,3084,31083342,-1871,371,115,2151,-545,464
IMU1,3085,31093399,-1891,344,152,2136,-500,430
IMU1,3086,31103455,-1910,307,196,2106,-472,415
IMU1,3087,31113522,-1966,281,275,2076,-458,415
IMU1,3088,31123575,-1999,268,361,2055,-461,432
IMU1,3089,31136183,-1993,237,450,2045,-503,448
IMU1,3090,31146209,-1951,236,488,2042,-605,445
# exclude_peak_seq=2977
IMU1,3091,31156247,-1887,254,494,2040,-767,412
IMU1,3092,31166281,-1866,260,519,2031,-965,343
IMU1,3093,31176327,-1861,257,546,2002,-1180,259
IMU1,3094,31186564,-1908,215,652,1953,-1385,177
IMU1,3095,31197321,-1928,200,677,1804,-1651,64
IMU1,3096,31207361,-2001,192,732,1714,-1690,43
IMU1,3097,31217391,-2043,186,752,1605,-1687,67
IMU1,3098,31227421,-2066,183,784,1490,-1650,102
IMU1,3099,31237664,-2034,174,791,1357,-1590,137
IMU1,3100,31247908,-2010,193,780,1222,-1516,155
IMU1,3101,31258162,-1981,221,759,1069,-1429,154
IMU1,3102,31268403,-1954,238,750,915,-1330,142
IMU1,3103,31278451,-1957,255,763,765,-1213,124
IMU1,3104,31288497,-1980,282,787,634,-1062,109
IMU1,3105,31298540,-2018,313,812,528,-887,109
IMU1,3106,31308382,-2084,345,845,446,-689,119
IMU1,3107,31318223,-2184,377,870,387,-493,150
IMU1,3108,31328082,-2325,400,914,349,-308,209
IMU1,3109,31337921,-2449,405,950,332,-127,290
IMU1,3110,31347761,-2519,371,970,332,36,388
IMU1,3111,31357320,-2520,336,956,340,163,474
IMU1,3112,31367088,-2465,318,918,347,243,521
IMU1,3113,31376840,-2378,302,875,341,268,520
IMU1,3114,31386588,-2275,284,831,334,234,459
IMU1,3115,31396333,-2194,261,781,327,138,352
IMU1,3116,31406085,-2154,301,752,323,-16,214
IMU1,3117,31415729,-2110,320,735,339,-238,70
IMU1,3118,31425388,-2048,298,708,360,-509,-74
IMU1,3119,31435133,-2047,277,684,397,-790,-215
IMU1,3120,31445097,-2049,245,668,445,-1045,-327
IMU1,3121,31455226,-1998,185,646,484,-1247,-404
IMU1,3122,31465365,-1845,122,642,521,-1366,-469
IMU1,3123,31476003,-1786,140,641,567,-1366,-582
IMU1,3124,31486124,-1759,160,661,576,-1276,-624
IMU1,3125,31496269,-1760,182,683,591,-1150,-655
IMU1,3126,31506396,-1768,220,702,604,-1010,-663
IMU1,3127,31516533,-1767,261,708,613,-889,-642
IMU1,3128,31526470,-1762,295,718,617,-799,-610
IMU1,3129,31536414,-1774,299,734,613,-748,-571
IMU1,3130,31546362,-1768,276,756,607,-721,-527
IMU1,3131,31556298,-1797,269,767,592,-697,-478
IMU1,3132,31566241,-1842,298,756,571,-664,-428
IMU1,3133,31576173,-1859,312,776,544,-617,-378
IMU1,3134,31586127,-1874,300,838,515,-564,-327
IMU1,3135,31596067,-1925,305,910,503,-491,-286
IMU1,3136,31606008,-1949,329,933,512,-422,-254
IMU1,3137,31615940,-1988,361,919,543,-380,-230
IMU1,3138,31625904,-2017,398,911,588,-380,-212
IMU1,3139,31635848,-2060,481,902,644,-423,-201
IMU1,3140,31645775,-1941,482,906,708,-505,-206
IMU1,3141,31655705,-2012,444,844,777,-616,-243
IMU1,3142,31665644,-2024,455,785,827,-731,-277
IMU1,3143,31675584,-2008,465,860,854,-806,-302
IMU1,3144,31685526,-1998,473,905,890,-795,-340
IMU1,3145,31695474,-1951,465,944,927,-694,-385
IMU1,3146,31705422,-1930,467,968,963,-533,-444
IMU1,3147,31716405,-1927,504,968,1013,-247,-574
IMU1,3148,31726540,-1917,549,948,1028,-209,-625
IMU1,3149,31736696,-1879,608,939,1044,-244,-678
IMU1,3150,31746847,-1841,631,923,1068,-338,-734
IMU1,3151,31756984,-1780,635,845,1084,-473,-784
IMU1,3152,31767125,-1714,653,806,1087,-592,-836
IMU1,3153,31777262,-1667,669,808,1074,-653,-884
IMU1,3154,31787395,-1638,656,813,1050,-628,-918
IMU1,3155,31797536,-1600,625,821,1004,-530,-941
IMU1,3156,31807677,-1575,601,873,949,-387,-951
IMU1,3157,31817646,-1519,604,1073,886,-214,-947
IMU1,3158,31827791,-1544,549,700,805,-73,-924
IMU1,3159,31837542,-1569,541,796,663,1,-862
IMU1,3160,31847006,-1517,592,784,532,57,-796
IMU1,3161,31856666,-1540,641,832,417,92,-732
IMU1,3162,31866303,-1513,635,846,333,121,-664
IMU1,3163,31876158,-1531,617,851,277,139,-599
IMU1,3164,31886015,-1590,592,854,244,152,-534
IMU1,3165,31895873,-1628,543,861,220,167,-467
IMU1,3166,31905721,-1608,549,825,207,218,-412
IMU1,3167,31915556,-1614,561,830,195,314,-377
IMU1,3168,31925409,-1639,559,860,196,457,-360
IMU1,3169,31935262,-1670,522,904,202,612,-354
IMU1,3170,31945127,-1731,477,931,226,739,-343
IMU1,3171,31954991,-1795,449,949,250,804,-317
IMU1,3172,31964844,-1850,426,980,282,793,-280
IMU1,3173,31974688,-1875,430,1005,321,709,-233
IMU1,3174,31985772,-1893,418,996,399,349,-125
IMU1,3175,31995627,-1892,404,972,424,94,-70
IMU1,3176,32005083,-1863,377,938,455,-179,-41
IMU1,3177,32014803,-1831,366,889,457,-433,-9
IMU1,3178,32024323,-1767,362,839,432,-611,12
IMU1,3179,32033946,-1743,355,806,381,-676,10
IMU1,3180,32043566,-1743,336,807,303,-621,-6
IMU1,3181,32053091,-1771,324,832,209,-465,-15
IMU1,3182,32062806,-1813,323,872,121,-233,-11
IMU1,3183,32072524,-1852,326,910,52,9,16
IMU1,3184,32081977,-1890,335,919,7,195,65
IMU1,3185,32091632,-1941,355,917,-16,295,125
IMU1,3186,32101269,-1952,374,906,-32,306,194
IMU1,3187,32110914,-1953,378,887,-39,262,248
IMU1,3188,32120552,-1968,376,881,-45,183,288
IMU1,3189,32130176,-1964,369,865,-55,108,301
IMU1,3190,32142557,-1935,348,855,-59,45,291
IMU1,3191,32151994,-1895,342,825,-62,5,244
IMU1,3192,32161245,-1869,362,807,-72,-17,162
IMU1,3193,32170759,-1864,371,803,-76,-35,62
IMU1,3194,32180090,-1850,371,786,-73,-62,-39
IMU1,3195,32189516,-1848,358,777,-67,-102,-129
IMU1,3196,32199343,-1860,353,780,-60,-153,-189
IMU1,3197,32209176,-1860,361,789,-39,-195,-220
IMU1,3198,32219003,-1868,362,813,-16,-219,-222
IMU1,3199,32228824,-1893,361,838,11,-214,-208
IMU1,3200,32238550,-1892,348,844,36,-201,-168
IMU1,3201,32248263,-1881,347,841,57,-195,-116
IMU1,3202,32257978,-1871,358,836,74,-193,-69
IMU1,3203,32267488,-1849,356,832,87,-193,-34
IMU1,3204,32277000,-1838,358,824,92,-195,-13
IMU1,3205,32286506,-1834,372,823,91,-197,-7
IMU1,3206,32295823,-1858,383,840,84,-197,-3
IMU1,3207,32305141,-1878,387,857,79,-185,-1
IMU1,3208,32314466,-1878,391,869,76,-167,-3
IMU1,3209,32323791,-1879,401,877,75,-140,-10
IMU1,3210,32333307,-1886,408,865,66,-125,-14
IMU1,3211,32342815,-1879,390,850,52,-123,-24
IMU1,3212,32352337,-1861,390,839,40,-135,-40
IMU1,3213,32361854,-1841,394,834,12,-158,-56
IMU1,3214,32371365,-1822,395,826,-18,-179,-74
IMU1,3215,32380968,-1802,395,829,-43,-193,-94
IMU1,3216,32390575,-1788,387,830,-68,-205,-104
IMU1,3217,32400377,-1769,385,833,-89,-211,-107
IMU1,3218,32410173,-1748,385,824,-102,-210,-110
IMU1,3219,32420175,-1752,394,821,-107,-208,-106
IMU1,3220,32430176,-1754,404,829,-111,-204,-86
IMU1,3221,32439984,-1761,396,838,-108,-175,-62
IMU1,3222,32449809,-1794,409,855,-100,-125,-31
IMU1,3223,32459609,-1823,418,873,-87,-63,7
IMU1,3224,32468731,-1853,418,891,-71,-3,50
IMU1,3225,32477854,-1854,421,891,-61,32,92
IMU1,3226,32487084,-1854,430,894,-54,32,120
IMU1,3227,32496499,-1857,430,891,-40,-3,133
IMU1,3228,32505818,-1854,424,884,-33,-70,132
IMU1,3229,32515340,-1844,413,878,-28,-157,125
IMU1,3230,32525054,-1840,405,877,-25,-242,111
IMU1,3231,32534761,-1829,396,877,-20,-310,93
IMU1,3232,32544295,-1815,389,866,-15,-342,69
IMU1,3233,32553812,-1807,390,852,-7,-347,46
IMU1,3234,32563139,-1806,398,850,-8,-327,27
IMU1,3235,32572480,-1810,396,860,-17,-289,13
IMU1,3236,32582002,-1833,394,866,-11,-244,6
IMU1,3237,32591851,-1840,385,876,-7,-199,1
IMU1,3238,32601507,-1851,380,895,-3,-165,-6
IMU1,3239,32610742,-1862,374,916,2,-170,2
IMU1,3240,32620299,-1865,369,926,12,-205,12
IMU1,3241,32630246,-1852,362,934,29,-262,11
IMU1,3242,32639679,-1845,365,939,41,-349,16
IMU1,3243,32649647,-1836,368,945,66,-431,6
IMU1,3244,32658873,-1832,368,948,88,-517,3
IMU1,3245,32668635,-1823,372,944,111,-598,5
IMU1,3246,32678075,-1804,384,942,127,-657,6
IMU1,3247,32688033,-1784,393,928,153,-685,-1
IMU1,3248,32697553,-1756,401,922,175,-661,-16
IMU1,3249,32707283,-1744,403,932,185,-598,-22
IMU1,3250,32717004,-1735,396,949,189,-489,-34
IMU1,3251,32726730,-1743,388,972,185,-354,-45
IMU1,3252,32736462,-1746,388,1011,170,-227,-45
IMU1,3253,32746387,-1749,389,1020,160,-123,-53
IMU1,3254,32756317,-1736,395,1023,138,-75,-51
IMU1,3255,32766065,-1729,408,1026,112,-75,-56
IMU1,3256,32775808,-1715,423,1032,92,-108,-59
IMU1,3257,32785504,-1705,420,1039,68,-150,-60
IMU1,3258,32795208,-1683,412,1045,49,-181,-55
IMU1,3259,32804892,-1664,405,1033,35,-181,-52
IMU1,3260,32814578,-1649,409,1029,12,-156,-44
IMU1,3261,32824263,-1650,409,1029,-9,-109,-35
IMU1,3262,32833851,-1664,412,1033,-25,-48,-21
IMU1,3263,32843437,-1679,406,1047,-41,9,5
IMU1,3264,32852445,-1694,409,1064,-48,54,43
IMU1,3265,32861840,-1711,414,1068,-45,84,80
IMU1,3266,32871242,-1730,425,1087,-42,96,116
IMU1,3267,32880840,-1748,422,1094,-26,93,147
IMU1,3268,32890436,-1759,430,1102,-11,68,179
IMU1,3269,32900052,-1764,437,1095,2,27,202
IMU1,3270,32909358,-1757,442,1094,17,-25,213
IMU1,3271,32918974,-1741,439,1091,30,-85,215
IMU1,3272,32928597,-1734,440,1086,36,-148,210
IMU1,3273,32938410,-1719,439,1078,36,-207,199
IMU1,3274,32948218,-1707,449,1089,43,-265,188
IMU1,3275,32958023,-1695,454,1095,52,-320,177
IMU1,3276,32967839,-1684,459,1095,57,-379,178
IMU1,3277,32977651,-1679,464,1110,68,-428,184
IMU1,3278,32987460,-1663,471,1126,81,-461,195
IMU1,3279,32997272,-1632,472,1142,102,-473,205
IMU1,3280,33007289,-1589,457,1163,120,-467,216
IMU1,3281,33017309,-1570,448,1184,148,-449,221
IMU1,3282,33027330,-1561,444,1205,179,-434,224
IMU1,3283,33037335,-1545,454,1237,206,-425,229
IMU1,3284,33047350,-1560,464,1271,233,-425,234
IMU1,3285,33057378,-1582,484,1301,264,-432,244
IMU1,3286,33067383,-1622,492,1339,294,-445,264
IMU1,3287,33077394,-1668,506,1379,320,-465,296
IMU1,3288,33087409,-1679,518,1408,347,-487,340
IMU1,3289,33097426,-1668,536,1418,369,-516,378
IMU1,3290,33107445,-1648,573,1427,375,-558,407
IMU1,3291,33117459,-1633,612,1423,369,-620,423
IMU1,3292,33127484,-1609,639,1390,349,-715,432
IMU1,3293,33137505,-1563,644,1327,304,-851,435
IMU1,3294,33150272,-1419,658,1228,159,-1188,422
IMU1,3295,33160507,-1338,654,1196,69,-1320,415
IMU1,3296,33170523,-1269,644,1178,-12,-1389,404
IMU1,3297,33180643,-1189,636,1189,-86,-1391,397
IMU1,3298,33190766,-1129,631,1181,-141,-1350,391
IMU1,3299,33201088,-1100,600,1146,-175,-1318,388
IMU1,3300,33211403,-1047,575,1092,-203,-1347,403
IMU1,3301,33221715,-990,556,1070,-215,-1446,431
IMU1,3302,33231840,-929,557,1029,-207,-1582,469
IMU1,3303,33241970,-872,541,990,-172,-1713,517
IMU1,3304,33251894,-811,554,968,-124,-1820,573
IMU1,3305,33261819,-795,568,964,-51,-1877,638
IMU1,3306,33271555,-780,543,1000,52,-1870,709
IMU1,3307,33281400,-763,515,1038,179,-1819,793
IMU1,3308,33291411,-753,509,1079,334,-1751,880
IMU1,3309,33301432,-744,513,1104,512,-1707,964
IMU1,3310,33311458,-716,520,1011,714,-1714,1041
IMU1,3311,33322728,-607,605,1045,1146,-1927,1153
IMU1,3312,33333149,-547,684,1016,1389,-2109,1165
IMU1,3313,33343571,-512,723,949,1637,-2331,1160
IMU1,3314,33353812,-523,763,937,1879,-2556,1154
IMU1,3315,33364058,-508,834,900,2105,-2742,1148
IMU1,3316,33374283,-531,934,951,2318,-2832,1137
IMU1,3317,33384537,-531,1046,1059,2521,-2777,1127
IMU1,3318,33395161,-446,1148,1124,2728,-2556,1110
IMU1,3319,33405809,-387,1276,1139,2923,-2175,1063
IMU1,3320,33416445,-304,1407,1145,3083,-1690,992
IMU1,3321,33426872,-242,1677,1115,3192,-1156,904
IMU1,3322,33437834,-161,1822,1262,3223,5,698
IMU1,3323,33447561,-117,1924,1412,3165,611,587
IMU1,3324,33457696,-120,2026,1477,3069,1112,481
IMU1,3325,33468025,-155,2137,1486,2935,1431,377
IMU1,3326,33478359,-165,2218,1448,2747,1567,279
IMU1,3327,33488700,-175,2247,1390,2501,1589,182
IMU1,3328,33499024,-230,2277,1363,2214,1589,91
IMU1,3329,33509168,-316,2294,1416,1912,1623,21
IMU1,3330,33519306,-406,2312,1535,1627,1684,-14
IMU1,3331,33529539,-501,2320,1652,1395,1738,-19
IMU1,3332,33539777,-582,2316,1764,1222,1745,3
IMU1,3333,33549720,-625,2310,1870,1108,1697,41
IMU1,3334,33559864,-620,2284,1981,1047,1606,74
IMU1,3335,33570003,-606,2262,2096,1038,1470,93
IMU1,3336,33580139,-572,2231,2208,1073,1270,86
IMU1,3337,33590300,-507,2190,2403,1143,996,50
IMU1,3338,33601282,-335,2190,2383,1325,246,-108
IMU1,3339,33611485,-288,2211,2293,1375,-159,-219
IMU1,3340,33621805,-260,2253,2226,1350,-480,-337
IMU1,3341,33632118,-275,2278,2256,1267,-621,-424
IMU1,3342,33642438,-424,2301,2397,1138,-527,-441
IMU1,3343,33652762,-572,2316,2569,998,-217,-367
IMU1,3344,33662885,-666,2376,2693,856,202,-218
IMU1,3345,33672914,-690,2529,2804,697,593,-45
IMU1,3346,33682745,-688,2711,2845,519,867,87
IMU1,3347,33692478,-707,2844,2818,302,956,149
IMU1,3348,33702417,-768,2918,2779,37,841,149
IMU1,3349,33712142,-854,3077,2777,-268,602,106
IMU1,3350,33722175,-878,3291,2810,-590,332,45
IMU1,3351,33732008,-913,3390,2792,-924,77,-29
IMU1,3352,33741740,-962,3607,2702,-1273,-149,-100
IMU1,3353,33752165,-994,3757,2575,-1652,-324,-152
IMU1,3354,33762582,-1033,3921,2381,-2085,-444,-168
IMU1,3355,33773194,-1073,4327,2143,-2564,-513,-147
IMU1,3356,33784338,-1136,4534,2103,-3511,-598,-41
IMU1,3357,33794774,-1124,4728,2058,-3915,-705,30
IMU1,3358,33805102,-1062,4854,1953,-4240,-844,95
IMU1,3359,33815420,-1029,4881,1761,-4532,-990,157
IMU1,3360,33825947,-989,4851,1517,-4832,-1124,229
IMU1,3361,33836467,-940,4727,1285,-5157,-1207,320
IMU1,3362,33846990,-927,4552,1070,-5499,-1238,432
IMU1,3363,33857526,-909,4406,922,-5822,-1251,566
IMU1,3364,33867856,-872,4224,824,-6101,-1263,714
IMU1,3365,33878196,-854,3995,721,-6320,-1266,864
IMU1,3366,33888545,-779,3491,493,-6485,-1250,1002
IMU1,3367,33899589,-730,3237,388,-6675,-1135,1218
IMU1,3368,33910118,-658,2994,270,-6726,-1078,1269
IMU1,3369,33920656,-568,2778,185,-6747,-1038,1271
IMU1,3370,33931165,-474,2591,115,-6760,-1018,1229
IMU1,3371,33941692,-357,2368,16,-6755,-974,1146
IMU1,3372,33951823,-310,2117,31,-6734,-902,1025
IMU1,3373,33961966,-286,1867,-40,-6691,-818,890
IMU1,3374,33971980,-246,1683,-150,-6647,-741,757
IMU1,3375,33982200,-204,1494,-345,-6621,-674,628
IMU1,3376,33992428,-179,1280,-474,-6614,-572,507
IMU1,3377,34002647,-205,1027,-441,-6611,-350,402
IMU1,3378,34012846,-240,813,-343,-6550,22,309
IMU1,3379,34022557,-257,645,-217,-6423,487,223
IMU1,3380,34032458,-275,494,-175,-6224,945,126
IMU1,3381,34043951,-214,373,-214,-5723,1418,-101
IMU1,3382,34054179,-248,288,-270,-5468,1339,-237
IMU1,3383,34064396,-153,317,-365,-5167,1052,-386
IMU1,3384,34074616,-71,245,-446,-4865,620,-520
IMU1,3385,34084441,-27,136,-581,-4551,136,-612
IMU1,3386,34094253,-149,-14,-629,-4224,-289,-630
IMU1,3387,34104260,-237,-129,-678,-3871,-571,-531
IMU1,3388,34114467,-241,-241,-716,-3492,-722,-361
IMU1,3389,34124671,-206,-309,-773,-3073,-792,-214
IMU1,3390,34134894,-195,-253,-841,-2624,-846,-77
IMU1,3391,34144898,-76,-265,-900,-2173,-882,45
IMU1,3392,34157168,-48,-340,-929,-1719,-876,119
IMU1,3393,34167084,-34,-415,-991,-1257,-817,162
IMU1,3394,34178551,-9,-468,-970,-349,-531,183
IMU1,3395,34188068,-20,-470,-930,107,-349,173
IMU1,3396,34197685,-13,-469,-894,566,-192,146
IMU1,3397,34207305,-24,-461,-820,1008,-68,116
IMU1,3398,34216918,-7,-423,-740,1442,27,87
IMU1,3399,34226563,-10,-392,-638,1866,118,47
IMU1,3400,34236093,-35,-336,-534,2289,208,-2
IMU1,3401,34245518,-52,-274,-388,2721,277,-53
IMU1,3402,34255133,-87,-203,-229,3171,306,-118
IMU1,3403,34264957,-101,-135,-39,3632,270,-204
IMU1,3404,34274774,-97,-109,166,4109,173,-316
IMU1,3405,34284494,-102,-82,355,4596,28,-446
IMU1,3406,34294012,-82,-39,552,5088,-121,-602
IMU1,3407,34303643,-45,20,728,5575,-261,-782
IMU1,3408,34313193,21,55,985,6038,-439,-991
IMU1,3409,34322637,19,71,1108,6453,-732,-1213
IMU1,3410,34332473,25,189,1297,6800,-953,-1432
IMU1,3411,34342505,44,431,1422,7127,-1033,-1655
IMU1,3412,34352736,-67,650,1560,7417,-1016,-1842
IMU1,3413,34363074,-95,914,1733,7663,-822,-1956
IMU1,3414,34373224,-37,1285,1983,7852,-446,-1998
IMU1,3415,34383554,38,1565,2429,8008,83,-1978
IMU1,3416,34393501,141,1839,2691,8150,633,-1912
IMU1,3417,34403880,169,2153,2804,8218,1051,-1804
IMU1,3418,34414419,138,2456,2817,8190,1352,-1645
IMU1,3419,34424942,67,2695,2630,8039,1594,-1442
IMU1,3420,34435281,-45,2847,2533,7731,1804,-1202
IMU1,3421,34445706,-119,2964,2575,7291,2059,-947
IMU1,3422,34456140,-164,3241,2658,6767,2360,-493
IMU1,3423,34467085,-120,3316,2788,5640,2729,-341
IMU1,3424,34477519,-280,3298,2825,5120,2760,-251
IMU1,3425,34487952,-466,3232,2793,4621,2663,-145
IMU1,3426,34498401,-591,3163,2774,4142,2465,-14
IMU1,3427,34508647,-661,3130,2818,3703,2245,129
IMU1,3428,34518999,-706,3070,2912,3350,2054,269
IMU1,3429,34529361,-809,2991,3004,3108,1893,391
IMU1,3430,34539709,-998,2883,3011,2969,1730,514
IMU1,3431,34550059,-1077,2791,2929,2896,1489,647
IMU1,3432,34560605,-1026,2723,2850,2845,1154,743
IMU1,3433,34571134,-905,2536,2675,2799,764,759
IMU1,3434,34582328,-717,2442,2566,2707,-5,555
IMU1,3435,34592167,-698,2367,2505,2630,-293,390
IMU1,3436,34602398,-748,2316,2458,2525,-441,216
IMU1,3437,34612645,-829,2298,2411,2407,-465,79
IMU1,3438,34622667,-858,2281,2395,2271,-418,-3
IMU1,3439,34632608,-826,2266,2382,2120,-327,-66
IMU1,3440,34642735,-806,2263,2368,1961,-239,-133
IMU1,3441,34653055,-795,2273,2390,1792,-180,-207
IMU1,3442,34663387,-830,2274,2479,1618,-166,-282
IMU1,3443,34673701,-919,2251,2571,1464,-215,-337
IMU1,3444,34684023,-973,2219,2635,1328,-344,-358
IMU1,3445,34694351,-1000,2249,2672,1202,-512,-358
IMU1,3446,34704881,-990,2324,2703,1066,-658,-343
IMU1,3447,34715207,-968,2383,2744,915,-750,-329
IMU1,3448,34726381,-952,2493,2695,542,-763,-288
IMU1,3449,34736531,-894,2563,2631,304,-745,-298
IMU1,3450,34746655,-842,2634,2580,27,-692,-340
IMU1,3451,34756574,-816,2709,2550,-295,-604,-389
IMU1,3452,34766808,-813,2811,2536,-630,-509,-460
IMU1,3453,34777038,-837,2930,2561,-979,-452,-535
IMU1,3454,34787266,-858,3081,2611,-1290,-441,-618
IMU1,3455,34797691,-915,3232,2660,-1558,-496,-690
IMU1,3456,34808125,-947,3421,2691,-1781,-609,-747
IMU1,3457,34818564,-941,3618,2704,-1972,-768,-779
IMU1,3458,34828979,-902,3820,2693,-2142,-954,-794
IMU1,3459,34839410,-832,4001,2636,-2303,-1141,-800
IMU1,3460,34850027,-788,4312,2386,-2495,-1332,-793
IMU1,3461,34861188,-782,4462,2256,-3042,-1628,-662
IMU1,3462,34871816,-756,4590,2116,-3386,-1678,-523
IMU1,3463,34882457,-748,4649,1968,-3742,-1653,-355
IMU1,3464,34893078,-761,4663,1837,-4112,-1585,-154
IMU1,3465,34903713,-767,4698,1708,-4464,-1530,64
IMU1,3466,34914055,-761,4653,1570,-4787,-1531,285
IMU1,3467,34924603,-767,4501,1398,-5080,-1588,496
IMU1,3468,34935145,-763,4312,1190,-5347,-1662,707
IMU1,3469,34945694,-722,4063,965,-5606,-1695,912
IMU1,3470,34956013,-619,3517,536,-5863,-1671,1087
IMU1,3471,34967081,-558,3238,366,-6333,-1434,1322
IMU1,3472,34977623,-522,3004,211,-6530,-1303,1362
IMU1,3473,34988147,-443,2820,92,-6696,-1242,1347
IMU1,3474,34998485,-365,2644,8,-6836,-1228,1287
IMU1,3475,35008608,-321,2456,-64,-6919,-1204,1185
IMU1,3476,35019041,-303,2262,-110,-6954,-1165,1070
IMU1,3477,35029689,-306,2083,-185,-6950,-1119,943
IMU1,3478,35040132,-288,1922,-279,-6930,-1083,811
IMU1,3479,35050555,-225,1743,-348,-6910,-1045,666
IMU1,3480,35060989,-196,1574,-393,-6881,-998,499
IMU1,3481,35071227,-256,1288,-497,-6840,-940,323
IMU1,3482,35082496,-302,1196,-575,-6682,-839,70
IMU1,3483,35092525,-289,1067,-595,-6582,-872,-1
IMU1,3484,35102445,-263,924,-598,-6434,-971,-54
IMU1,3485,35112375,-225,789,-600,-6240,-1081,-55
IMU1,3486,35122511,-265,681,-683,-5977,-1169,1
IMU1,3487,35132356,-372,533,-801,-5641,-1222,122
IMU1,3488,35142590,-324,372,-891,-5246,-1221,314
IMU1,3489,35152824,-346,322,-971,-4801,-1170,536
IMU1,3490,35165604,-238,252,-1019,-4301,-1085,757
IMU1,3491,35176041,-173,188,-1105,-3757,-1013,938
IMU1,3492,35186475,-122,91,-1181,-3189,-967,1130
IMU1,3493,35197763,-27,-95,-1174,-2000,-821,1338
IMU1,3494,35207893,-1,-143,-1076,-1398,-705,1418
IMU1,3495,35218016,-13,-208,-1001,-783,-616,1466
IMU1,3496,35228133,14,-279,-966,-185,-590,1490
IMU1,3497,35237948,-26,-276,-985,382,-645,1482
IMU1,3498,35247764,33,-300,-876,899,-725,1446
IMU1,3499,35257492,7,-346,-784,1393,-720,1374
IMU1,3500,35267228,0,-416,-700,1859,-595,1287
IMU1,3501,35276847,7,-477,-581,2302,-388,1186
IMU1,3502,35286577,0,-505,-401,2732,-131,1064
IMU1,3503,35296203,-8,-496,-186,3157,135,923
IMU1,3504,35305737,50,-464,38,3598,371,744
IMU1,3505,35315091,54,-432,285,4043,532,520
IMU1,3506,35324647,15,-417,469,4493,593,269
IMU1,3507,35334197,-61,-444,691,4929,547,22
IMU1,3508,35343639,-162,-435,943,5342,394,-207
IMU1,3509,35353577,-149,-411,1222,5772,181,-431
IMU1,3510,35363722,-149,-330,1482,6220,1,-675
IMU1,3511,35373465,-99,-137,1587,6664,-126,-938
IMU1,3512,35383503,-126,57,1774,7047,-163,-1214
IMU1,3513,35393640,-184,298,1873,7366,-120,-1462
IMU1,3514,35403960,-243,571,2056,7628,-34,-1666
IMU1,3515,35414103,-275,916,2138,7844,47,-1820
IMU1,3516,35424152,-305,1170,2349,7987,82,-1922
IMU1,3517,35434407,-381,1375,2485,8081,167,-1964
IMU1,3518,35444828,-408,1607,2620,8115,312,-1940
IMU1,3519,35455254,-423,1783,2617,8077,512,-1864
IMU1,3520,35465703,-414,2240,2449,7922,798,-1746
IMU1,3521,35476666,-431,2527,2383,7244,1475,-1489
IMU1,3522,35487310,-498,2682,2466,6744,1801,-1375
IMU1,3523,35497947,-649,2790,2634,6207,2076,-1248
IMU1,3524,35508593,-846,2899,2741,5665,2253,-1071
IMU1,3525,35519235,-954,2990,2811,5113,2281,-849
IMU1,3526,35529707,-1024,3011,2864,4575,2129,-615
IMU1,3527,35540358,-1127,3008,2954,4083,1821,-385
IMU1,3528,35551004,-1176,2982,3073,3672,1441,-169
IMU1,3529,35561659,-1177,2777,3106,3368,1054,14
IMU1,3530,35572521,-1129,2676,2954,3001,248,239
IMU1,3531,35582869,-1014,2615,2799,2849,-164,249
IMU1,3532,35593310,-881,2518,2665,2694,-507,181
IMU1,3533,35603555,-798,2432,2505,2516,-732,59
IMU1,3534,35613612,-729,2366,2333,2291,-810,-94
IMU1,3535,35623755,-642,2303,2186,2012,-778,-252
IMU1,3536,35634098,-596,2276,2096,1698,-667,-407
IMU1,3537,35644436,-594,2251,2064,1374,-490,-552
IMU1,3538,35654776,-611,2207,2040,1081,-277,-670
IMU1,3539,35665113,-636,2151,2033,825,-67,-751
IMU1,3540,35675065,-667,2093,2033,612,109,-803
IMU1,3541,35685105,-680,2025,2002,435,215,-829
IMU1,3542,35695141,-699,1982,1948,282,227,-836
IMU1,3543,35705185,-695,1941,1880,142,146,-831
IMU1,3544,35715231,-682,1893,1766,14,3,-820
IMU1,3545,35726746,-658,1828,1708,-201,-294,-766
IMU1,3546,35736970,-628,1803,1644,-280,-383,-725
IMU1,3547,35747200,-603,1783,1592,-342,-417,-685
IMU1,3548,35757426,-591,1750,1513,-379,-401,-642
IMU1,3549,35767672,-560,1706,1468,-419,-350,-588
IMU1,3550,35777910,-528,1677,1418,-455,-263,-543
IMU1,3551,35788152,-508,1646,1375,-482,-144,-504
IMU1,3552,35798388,-496,1613,1346,-511,-8,-472
IMU1,3553,35808236,-494,1583,1319,-535,128,-445
IMU1,3554,35818373,-496,1567,1279,-568,251,-417
IMU1,3555,35828524,-496,1556,1262,-603,354,-392
IMU1,3556,35838678,-499,1577,1263,-638,430,-373
IMU1,3557,35848852,-501,1608,1270,-668,491,-360
IMU1,3558,35858966,-512,1625,1240,-691,545,-345
IMU1,3559,35869093,-554,1623,1142,-731,592,-316
IMU1,3560,35880274,-617,1673,1126,-850,725,-226
IMU1,3561,35890405,-638,1699,1093,-914,806,-166
IMU1,3562,35900531,-628,1700,1064,-983,889,-110
IMU1,3563,35910664,-635,1711,1051,-1054,994,-64
IMU1,3564,35920801,-654,1718,1028,-1132,1136,-14
IMU1,3565,35931121,-683,1719,991,-1216,1346,33
IMU1,3566,35941163,-720,1712,935,-1315,1614,81
IMU1,3567,35951201,-781,1703,922,-1435,1932,129
IMU1,3568,35961445,-798,1685,910,-1561,2270,176
IMU1,3569,35971697,-861,1656,894,-1697,2617,214
IMU1,3570,35981924,-918,1652,915,-1832,2965,245
IMU1,3571,35992173,-970,1635,925,-1950,3289,268
IMU1,3572,36002415,-1026,1595,938,-2058,3584,283
IMU1,3573,36012862,-1082,1529,923,-2150,3841,297
IMU1,3574,36023299,-1183,1435,798,-2240,4060,303
IMU1,3575,36034274,-1186,1387,721,-2431,4418,315
IMU1,3576,36044731,-1268,1324,663,-2532,4608,315
IMU1,3577,36055199,-1348,1239,612,-2656,4827,330
IMU1,3578,36065631,-1386,1157,526,-2774,5062,349
IMU1,3579,36076060,-1454,1123,502,-2888,5269,363
IMU1,3580,36086484,-1484,1102,486,-2985,5413,377
IMU1,3581,36096909,-1481,1077,428,-3059,5501,379
IMU1,3582,36107335,-1486,1057,350,-3117,5565,372
IMU1,3583,36117780,-1475,1028,310,-3161,5632,360
IMU1,3584,36128225,-1568,1057,245,-3191,5714,353
IMU1,3585,36138664,-1653,1021,125,-3213,5827,356
IMU1,3586,36149610,-1720,969,142,-3274,6105,369
IMU1,3587,36159841,-1813,928,164,-3286,6215,390
IMU1,3588,36172649,-1774,945,149,-3256,6252,418
IMU1,3589,36182889,-1755,955,134,-3205,6207,434
IMU1,3590,36193132,-1705,1026,47,-3123,6070,430
IMU1,3591,36203384,-1639,1068,-63,-3037,5835,405
IMU1,3592,36213725,-1715,1053,-139,-2953,5529,348
IMU1,3593,36224266,-1947,1037,-167,-2892,5169,313
IMU1,3594,36234782,-2025,1024,-71,-2828,4765,388
IMU1,3595,36245646,-2024,1002,-107,-2620,3808,608
IMU1,3596,36256178,-1958,1007,-141,-2485,3243,744
IMU1,3597,36266693,-1764,1114,-276,-2332,2644,868
IMU1,3598,36277229,-1625,1217,-415,-2194,2086,944
IMU1,3599,36287762,-1539,1295,-535,-2076,1603,958
IMU1,3600,36298307,-1519,1344,-631,-1976,1184,926
IMU1,3601,36308851,-1483,1321,-744,-1905,826,871
IMU1,3602,36319181,-1491,1258,-894,-1873,548,811
IMU1,3603,36329532,-1411,1215,-1004,-1869,395,746
IMU1,3604,36340072,-1317,1260,-1062,-1883,395,650
IMU1,3605,36350607,-1308,1401,-1153,-1893,824,387
IMU1,3606,36361151,-1335,1407,-1158,-1874,1130,265
IMU1,3607,36371883,-1375,1439,-1153,-1839,1400,170
IMU1,3608,36382618,-1414,1499,-1115,-1780,1591,114
IMU1,3609,36393361,-1441,1529,-1042,-1680,1702,86
IMU1,3610,36403874,-1480,1528,-977,-1546,1723,86
IMU1,3611,36414196,-1499,1526,-933,-1375,1662,120
IMU1,3612,36424726,-1512,1508,-920,-1185,1530,182
IMU1,3613,36435266,-1557,1572,-934,-991,1329,267
IMU1,3614,36445604,-1478,1642,-881,-800,1112,348
IMU1,3615,36455928,-1433,1676,-836,-600,926,402
IMU1,3616,36467097,-1406,1654,-832,-231,739,429
IMU1,3617,36477232,-1389,1610,-841,-80,732,446
IMU1,3618,36487161,-1404,1559,-814,37,762,477
IMU1,3619,36496997,-1423,1521,-741,132,844,513
IMU1,3620,36507025,-1432,1512,-640,226,946,564
IMU1,3621,36517065,-1419,1503,-562,326,1019,620
IMU1,3622,36527306,-1397,1471,-502,427,1028,663
IMU1,3623,36537546,-1369,1433,-442,535,956,684
IMU1,3624,36547592,-1337,1380,-386,647,806,684
IMU1,3625,36557618,-1320,1355,-340,753,610,665
IMU1,3626,36567651,-1331,1354,-283,855,416,627
IMU1,3627,36577691,-1319,1331,-230,948,234,556
IMU1,3628,36587727,-1325,1295,-174,1042,47,487
IMU1,3629,36597743,-1341,1263,-160,1137,-169,428
IMU1,3630,36608081,-1300,1249,-177,1208,-402,352
IMU1,3631,36618388,-1283,1266,-187,1267,-643,262
IMU1,3632,36628710,-1232,1283,-236,1295,-859,169
IMU1,3633,36640074,-1118,1323,-346,1273,-1127,-26
IMU1,3634,36650495,-1178,1344,-318,1240,-1145,-102
IMU1,3635,36661130,-1176,1331,-286,1223,-1102,-141
IMU1,3636,36671757,-1166,1306,-249,1229,-1042,-153
IMU1,3637,36682394,-1147,1306,-261,1251,-984,-162
IMU1,3638,36692823,-1121,1296,-286,1264,-962,-173
IMU1,3639,36703242,-1096,1291,-332,1269,-987,-199
IMU1,3640,36713665,-1109,1294,-376,1261,-1051,-239
IMU1,3641,36724285,-1151,1300,-406,1229,-1141,-269
IMU1,3642,36734903,-1242,1308,-361,1186,-1238,-281
IMU1,3643,36746056,-1264,1318,-368,1132,-1463,-228
IMU1,3644,36756681,-1279,1384,-412,1123,-1593,-174
IMU1,3645,36767313,-1236,1408,-435,1100,-1735,-119
IMU1,3646,36777950,-1255,1362,-435,1072,-1898,-88
IMU1,3647,36788382,-1343,1336,-442,1041,-2083,-56
IMU1,3648,36798801,-1417,1284,-395,1009,-2290,6
IMU1,3649,36808936,-1508,1233,-282,990,-2506,87
IMU1,3650,36819073,-1527,1218,-264,1003,-2750,178
IMU1,3651,36829606,-1555,1237,-286,1026,-3049,261
IMU1,3652,36840138,-1538,1285,-341,1048,-3400,325
IMU1,3653,36850657,-1398,1390,-375,1064,-4122,359
IMU1,3654,36861199,-1360,1404,-350,1057,-4421,336
IMU1,3655,36871745,-1397,1362,-321,1028,-4631,310
IMU1,3656,36882265,-1460,1321,-285,1004,-4738,312
IMU1,3657,36892782,-1457,1294,-285,969,-4732,347
IMU1,3658,36903104,-1410,1307,-250,923,-4633,404
IMU1,3659,36913432,-1449,1377,-188,878,-4454,479
IMU1,3660,36923766,-1495,1467,-134,840,-4202,579
IMU1,3661,36934092,-1463,1537,-91,810,-3895,699
IMU1,3662,36944221,-1388,1515,-84,789,-3565,818
IMU1,3663,36954352,-1388,1482,-68,762,-3230,922
IMU1,3664,36964483,-1389,1472,19,729,-2904,1024
IMU1,3665,36974706,-1374,1491,155,696,-2595,1125
IMU1,3666,36985140,-1260,1505,-24,651,-2348,1275
IMU1,3667,36996003,-1196,1570,11,458,-1831,1290
IMU1,3668,37006232,-1175,1586,52,351,-1549,1271
IMU1,3669,37016486,-1189,1644,93,244,-1241,1236
IMU1,3670,37026719,-1202,1695,143,152,-939,1190
IMU1,3671,37036967,-1207,1687,212,68,-667,1143
IMU1,3672,37046990,-1229,1667,270,10,-421,1082
IMU1,3673,37057024,-1248,1667,355,-31,-207,1017
IMU1,3674,37067148,-1272,1680,423,-58,-52,951
IMU1,3675,37076895,-1280,1695,453,-58,9,877
IMU1,3676,37086320,-1284,1745,453,-43,-48,798
IMU1,3677,37096054,-1273,1781,453,-19,-210,712
IMU1,3678,37105986,-1273,1775,464,11,-424,620
IMU1,3679,37115836,-1285,1772,480,48,-629,530
IMU1,3680,37125681,-1266,1769,488,83,-770,452
IMU1,3681,37135499,-1249,1760,475,104,-822,389
IMU1,3682,37145521,-1224,1775,442,117,-785,331
IMU1,3683,37155560,-1213,1796,408,113,-693,275
IMU1,3684,37165588,-1198,1817,360,92,-586,223
IMU1,3685,37177985,-1220,1792,373,11,-378,173
IMU1,3686,37188333,-1222,1770,399,-33,-263,174
IMU1,3687,37198258,-1216,1772,412,-58,-147,190
IMU1,3688,37208177,-1188,1768,412,-76,-25,196
IMU1,3689,37217895,-1160,1754,402,-90,73,195
IMU1,3690,37227526,-1155,1743,400,-99,123,187
IMU1,3691,37237348,-1140,1736,412,-103,132,173
IMU1,3692,37247379,-1147,1733,433,-101,122,148
IMU1,3693,37257415,-1137,1732,454,-91,97,114
IMU1,3694,37267056,-1134,1726,453,-72,57,73
IMU1,3695,37276504,-1121,1728,442,-55,12,30
IMU1,3696,37285926,-1121,1734,425,-42,-35,-12
IMU1,3697,37295539,-1109,1749,416,-37,-71,-54
IMU1,3698,37305168,-1111,1757,425,-34,-97,-89
IMU1,3699,37314798,-1108,1751,440,-26,-104,-119
IMU1,3700,37324820,-1110,1759,458,-21,-104,-129
IMU1,3701,37334832,-1093,1770,461,-6,-93,-136
IMU1,3702,37344468,-1078,1775,459,11,-91,-136
IMU1,3703,37354200,-1071,1782,461,34,-103,-131
IMU1,3704,37364141,-1057,1783,465,57,-126,-134
IMU1,3705,37374065,-1039,1777,466,76,-170,-138
IMU1,3706,37384006,-1025,1765,466,87,-229,-139
IMU1,3707,37393913,-1020,1767,464,93,-285,-145
IMU1,3708,37403846,-1018,1759,459,101,-326,-156
IMU1,3709,37413969,-1008,1749,449,93,-352,-163
IMU1,3710,37423898,-1000,1750,437,75,-355,-167
IMU1,3711,37433840,-982,1755,414,56,-329,-172
IMU1,3712,37443570,-975,1770,388,21,-291,-169
IMU1,3713,37453290,-968,1771,368,-18,-236,-174
IMU1,3714,37463104,-976,1753,367,-58,-172,-176
IMU1,3715,37472929,-981,1747,382,-96,-111,-162
IMU1,3716,37482756,-981,1741,401,-127,-49,-139
IMU1,3717,37492575,-982,1730,417,-144,8,-110
IMU1,3718,37502107,-994,1723,432,-146,59,-87
IMU1,3719,37511646,-974,1722,443,-139,94,-67
IMU1,3720,37521185,-972,1717,438,-123,100,-41
IMU1,3721,37530910,-944,1721,427,-98,90,-25
IMU1,3722,37540238,-963,1730,441,-76,70,-24
IMU1,3723,37549569,-959,1724,442,-47,48,-28
IMU1,3724,37558908,-949,1731,419,-19,24,-32
IMU1,3725,37568250,-966,1741,414,0,-4,-39
IMU1,3726,37577081,-967,1745,428,18,-45,-43
IMU1,3727,37586413,-963,1739,440,36,-90,-43
IMU1,3728,37595744,-963,1735,447,52,-130,-42
IMU1,3729,37605287,-958,1736,450,72,-156,-42
IMU1,3730,37614825,-956,1733,451,81,-170,-37
IMU1,3731,37624364,-949,1731,452,87,-173,-31
IMU1,3732,37633899,-952,1736,445,85,-169,-23
IMU1,3733,37643431,-946,1737,437,79,-158,-16
IMU1,3734,37652976,-947,1743,424,67,-133,-14
IMU1,3735,37662511,-946,1752,411,48,-108,-7
IMU1,3736,37671861,-948,1760,413,26,-79,4
IMU1,3737,37680914,-949,1758,414,4,-37,22
IMU1,3738,37689968,-942,1764,440,-12,16,39
IMU1,3739,37699193,-957,1759,459,-14,52,56
IMU1,3740,37708442,-980,1743,467,-3,64,75
IMU1,3741,37717489,-980,1722,473,17,66,93
IMU1,3742,37726635,-979,1717,474,29,55,116
IMU1,3743,37736507,-966,1713,472,37,47,124
IMU1,3744,37745846,-959,1719,456,49,39,117
IMU1,3745,37755717,-965,1723,443,46,18,112
IMU1,3746,37765064,-1001,1744,434,38,5,100
IMU1,3747,37774928,-1056,1747,459,21,-15,106
IMU1,3748,37784561,-1104,1724,480,17,-20,124
IMU1,3749,37794194,-1147,1722,490,32,-28,158
IMU1,3750,37803833,-1177,1719,506,43,-45,202
IMU1,3751,37813479,-1227,1693,510,70,-90,244
IMU1,3752,37823124,-1292,1695,508,103,-173,281
IMU1,3753,37833162,-1417,1711,510,141,-287,318
IMU1,3754,37843217,-1556,1726,499,166,-407,366
IMU1,3755,37853248,-1715,1709,486,187,-500,423
IMU1,3756,37863284,-1867,1689,484,194,-547,486
IMU1,3757,37873316,-2029,1717,509,192,-551,544
IMU1,3758,37883372,-2170,1739,548,188,-536,579
IMU1,3759,37893431,-2293,1785,572,189,-567,582
IMU1,3760,37903475,-2400,1888,576,190,-664,544
IMU1,3761,37913517,-2644,2097,562,192,-753,466
IMU1,3762,37923572,-2874,2112,577,190,-763,357
IMU1,3763,37933626,-3212,2173,636,159,-675,307
IMU1,3764,37943674,-3270,2291,819,109,-422,271
IMU1,3765,37953719,-3219,2409,873,73,-36,133
IMU1,3766,37963358,-3093,2477,878,24,324,-117
IMU1,3767,37973215,-2947,2575,880,-36,529,-532
IMU1,3768,37983154,-2969,2688,921,-95,541,-1066
IMU1,3769,37993308,-2996,2748,955,-154,407,-1683
IMU1,3770,38003651,-3003,2730,931,-217,200,-2305
IMU1,3771,38014001,-2941,2909,994,-282,14,-3433
IMU1,3772,38024663,-2912,3012,1068,-395,145,-3886
IMU1,3773,38035204,-2935,3061,1143,-385,439,-4260
IMU1,3774,38045744,-2980,3089,1198,-350,728,-4542
IMU1,3775,38056301,-2997,3128,1223,-290,921,-4740
IMU1,3776,38066864,-2978,3179,1209,-234,967,-4877
IMU1,3777,38077428,-2910,3197,1178,-188,878,-4991
IMU1,3778,38088005,-2804,3142,1168,-162,740,-5100
IMU1,3779,38098550,-2734,3083,1127,-160,641,-5210
IMU1,3780,38109081,-2652,3063,1079,-186,594,-5317
IMU1,3781,38119627,-2354,2816,963,-225,609,-5429
IMU1,3782,38130500,-2231,2688,903,-333,751,-5699
IMU1,3783,38140861,-2106,2563,813,-386,788,-5839
IMU1,3784,38151206,-1944,2421,723,-436,777,-5990
IMU1,3785,38161557,-1806,2283,633,-488,713,-6127
IMU1,3786,38171914,-1652,2104,536,-548,622,-6257
IMU1,3787,38185035,-1519,1927,465,-608,506,-6374
IMU1,3788,38195390,-1380,1779,402,-669,385,-6464
IMU1,3789,38205714,-1236,1641,345,-731,273,-6529
IMU1,3790,38217096,-932,1368,246,-859,93,-6577
IMU1,3791,38227036,-824,1296,231,-931,34,-6556
IMU1,3792,38236990,-682,1256,211,-966,-20,-6529
IMU1,3793,38247027,-515,1167,169,-994,-79,-6499
IMU1,3794,38257067,-296,1091,79,-1019,-202,-6394
IMU1,3795,38267316,-56,1032,-114,-1068,-378,-6315
IMU1,3796,38277666,191,893,-243,-1149,-548,-6216
IMU1,3797,38287914,239,800,-233,-1256,-629,-6064
IMU1,3798,38298177,236,805,-139,-1341,-528,-5825
IMU1,3799,38308411,671,588,20,-1338,-203,-5524
IMU1,3800,38318357,678,462,-44,-1232,190,-5282
IMU1,3801,38328309,846,266,126,-1061,546,-5024
IMU1,3802,38338372,907,485,74,-833,733,-4799
IMU1,3803,38348050,944,678,-15,-584,659,-4562
IMU1,3804,38357805,729,500,-179,-349,420,-4338
IMU1,3805,38367751,1002,511,-122,-149,159,-4059
IMU1,3806,38377906,1255,634,-260,42,-55,-3800
IMU1,3807,38387673,1266,779,-258,191,-184,-3599
IMU1,3808,38397833,1327,765,-287,314,-181,-3360
IMU1,3809,38407993,1381,391,-121,395,-41,-3060
IMU1,3810,38418966,970,288,-8,509,687,-2193
IMU1,3811,38428406,877,411,-23,584,1205,-1620
IMU1,3812,38438230,677,542,17,631,1696,-1027
IMU1,3813,38447984,436,621,56,664,2119,-409
IMU1,3814,38457540,280,603,106,652,2296,229
IMU1,3815,38467193,206,573,86,607,2114,851
IMU1,3816,38476649,-8,531,-28,506,1594,1438
IMU1,3817,38486107,-151,491,1,367,902,1990
IMU1,3818,38495976,-307,447,-48,211,180,2533
IMU1,3819,38505634,-472,297,76,64,-452,3084
IMU1,3820,38515069,-678,265,65,-44,-887,3663
IMU1,3821,38524606,-891,203,200,-92,-1098,4274
IMU1,3822,38534539,-1141,134,377,-80,-1047,4916
IMU1,3823,38544668,-1417,55,638,9,-734,5581
IMU1,3824,38554116,-1655,17,715,158,-234,6240
IMU1,3825,38563959,-1968,-8,711,301,304,6822
IMU1,3826,38573606,-2235,-85,666,399,732,7358
IMU1,3827,38583465,-2634,-67,576,433,1006,7874
IMU1,3828,38593520,-3141,-129,623,421,1072,8359
IMU1,3829,38603774,-3707,-127,690,430,893,8890
IMU1,3830,38613832,-4036,-119,786,508,409,9435
IMU1,3831,38623893,-4207,-133,688,695,-377,9919
IMU1,3832,38634059,-4333,30,440,956,-1242,10318
IMU1,3833,38644321,-4352,264,140,1198,-1763,10619
IMU1,3834,38654974,-3596,851,-90,1328,-1663,10767
IMU1,3835,38665532,-3153,1370,-71,1297,-1092,10662
IMU1,3836,38676290,-3208,1852,295,1160,-262,10304
IMU1,3837,38686932,-3484,2178,451,975,679,9680
IMU1,3838,38698127,-3903,1842,429,464,1515,7868
IMU1,3839,38708491,-4148,1621,281,211,987,6943
IMU1,3840,38718632,-4127,1738,180,-1,135,5989
IMU1,3841,38728481,-4275,2042,122,-163,-559,4998
IMU1,3842,38738801,-4449,2041,156,-261,-827,4104
IMU1,3843,38749129,-4583,1928,231,-307,-638,3331
IMU1,3844,38759465,-4750,1769,485,-296,-141,2685
IMU1,3845,38769793,-4869,1592,867,-166,426,2146
IMU1,3846,38780031,-4932,1460,1104,108,867,1700
IMU1,3847,38790379,-5074,1450,1177,464,1089,1316
IMU1,3848,38800938,-5308,1464,1158,821,1046,986
IMU1,3849,38811274,-5589,1378,1090,1116,715,713
IMU1,3850,38821632,-5810,1122,869,1307,154,493
IMU1,3851,38832295,-5702,1042,667,1329,-1164,76
IMU1,3852,38842532,-5484,1049,449,1144,-1726,-182
IMU1,3853,38853061,-5220,1138,201,840,-2099,-502
IMU1,3854,38863392,-4910,1231,51,429,-2139,-873
IMU1,3855,38873539,-4617,1311,-10,-48,-1773,-1285
IMU1,3856,38883868,-4445,1376,11,-537,-1091,-1735
IMU1,3857,38894299,-4348,1438,103,-970,-268,-2209
IMU1,3858,38904737,-4322,1497,217,-1303,482,-2684
IMU1,3859,38915275,-4276,1558,318,-1510,1028,-3151
IMU1,3860,38926022,-4195,1618,419,-1586,1351,-3600
IMU1,3861,38936751,-4116,1714,582,-1545,1469,-4025
IMU1,3862,38948013,-3945,1889,629,-1223,1332,-4755
IMU1,3863,38958758,-3876,1977,643,-993,1189,-5042
IMU1,3864,38969304,-3840,2057,619,-748,1055,-5275
IMU1,3865,38979846,-3795,2089,616,-533,957,-5446
IMU1,3866,38990191,-3713,2086,591,-332,866,-5553
IMU1,3867,39000544,-3603,2067,556,-162,763,-5618
IMU1,3868,39010882,-3455,2028,514,-23,637,-5659
IMU1,3869,39021026,-3290,1963,528,86,471,-5703
IMU1,3870,39031068,-3093,1913,502,176,284,-5761
IMU1,3871,39041323,-2852,1846,466,237,96,-5834
IMU1,3872,39051357,-2656,1750,402,278,-102,-5932
IMU1,3873,39061696,-2500,1658,313,289,-311,-6032
IMU1,3874,39073090,-2031,1502,222,221,-641,-6181
IMU1,3875,39083433,-1819,1317,206,116,-645,-6235
IMU1,3876,39093776,-1676,1136,209,6,-585,-6265
IMU1,3877,39103719,-1555,1027,207,-104,-530,-6255
IMU1,3878,39114172,-1382,999,157,-205,-501,-6216
IMU1,3879,39124426,-1153,956,132,-295,-513,-6182
IMU1,3880,39134675,-925,896,112,-380,-555,-6168
IMU1,3881,39144728,-710,803,77,-459,-614,-6170
IMU1,3882,39154577,-521,663,83,-519,-673,-6179
IMU1,3883,39164423,-375,571,-14,-560,-706,-6163
IMU1,3884,39174363,-407,478,-46,-612,-679,-6104
IMU1,3885,39186858,-267,312,77,-648,-591,-5977
IMU1,3886,39197748,-197,227,138,-592,-280,-5554
IMU1,3887,39207797,-58,160,112,-518,-80,-5304
IMU1,3888,39217424,96,130,42,-437,134,-5067
IMU1,3889,39226874,139,118,32,-344,321,-4850
IMU1,3890,39236515,241,42,-74,-255,432,-4599
IMU1,3891,39246056,399,66,-124,-157,463,-4356
IMU1,3892,39255799,548,200,-151,-73,426,-4140
IMU1,3893,39265549,760,331,-106,28,355,-3941
IMU1,3894,39275195,945,408,23,142,333,-3763
IMU1,3895,39284761,1042,522,137,285,435,-3525
IMU1,3896,39294707,1379,607,168,437,671,-3310
IMU1,3897,39304672,1398,664,158,578,1000,-3173
IMU1,3898,39314835,1154,729,132,694,1267,-2984
IMU1,3899,39325005,970,743,149,777,1342,-2685
IMU1,3900,39334935,801,736,119,832,1236,-2243
IMU1,3901,39344868,805,628,11,825,1061,-1654
IMU1,3902,39354593,697,582,-62,742,931,-1086
IMU1,3903,39364238,661,620,-144,584,864,-398
IMU1,3904,39373869,505,748,123,391,815,326
IMU1,3905,39383302,489,809,191,229,798,1050
IMU1,3906,39392938,408,814,230,79,876,1738
IMU1,3907,39402385,257,759,262,-75,997,2391
IMU1,3908,39411942,68,682,254,-228,1041,3011
IMU1,3909,39421683,-153,595,197,-379,944,3605
IMU1,3910,39431530,-448,476,146,-529,761,4181
IMU1,3911,39441369,-735,299,41,-685,578,4767
IMU1,3912,39451010,-985,92,-32,-860,501,5391
IMU1,3913,39460547,-1266,-128,-46,-1055,597,6041
IMU1,3914,39470779,-1607,-286,-121,-1267,783,6703
IMU1,3915,39481212,-1948,-433,-258,-1506,953,7356
IMU1,3916,39491662,-2291,-665,-435,-1777,988,7982
IMU1,3917,39502100,-2670,-897,-595,-2062,783,8572
IMU1,3918,39512545,-2751,-1085,-521,-2303,288,9121
IMU1,3919,39523191,-3764,-1097,-405,-2398,-487,9590
IMU1,3920,39534475,-3537,-746,204,-2142,-2206,10525
IMU1,3921,39545307,-3386,-156,469,-1726,-2518,10724
IMU1,3922,39556146,-3104,631,623,-1257,-2120,10636
IMU1,3923,39566904,-3291,1098,343,-903,-1156,10313
IMU1,3924,39577647,-3871,1128,82,-769,-300,9848
IMU1,3925,39587776,-4359,974,-305,-790,-91,9417
IMU1,3926,39597838,-4353,760,-320,-868,-449,8906
IMU1,3927,39608090,-4398,892,12,-843,-957,8452
IMU1,3928,39618040,-3823,841,329,-580,-1291,7902
IMU1,3929,39628383,-3802,1051,146,-174,-1193,7135
IMU1,3930,39638943,-3998,1246,-457,126,-703,6281
IMU1,3931,39649826,-4173,1144,-403,84,741,4695
IMU1,3932,39659864,-4416,1072,-349,-151,1511,4060
IMU1,3933,39670408,-4566,1002,-223,-434,2043,3527
IMU1,3934,39680936,-4775,992,-22,-694,2111,3058
IMU1,3935,39691073,-4868,970,161,-856,1685,2650
IMU1,3936,39701298,-4847,887,257,-879,943,2294
IMU1,3937,39711338,-4810,800,276,-784,118,1979
IMU1,3938,39721384,-4851,733,286,-599,-634,1694
IMU1,3939,39731529,-4943,718,218,-345,-1241,1459
IMU1,3940,39741855,-4988,626,93,-82,-1657,1266
IMU1,3941,39751791,-4990,523,30,142,-1796,1081
IMU1,3942,39761833,-4916,412,-20,297,-1604,855
IMU1,3943,39771766,-4926,392,-67,379,-1170,501
IMU1,3944,39781716,-4967,440,-126,383,-688,191
IMU1,3945,39791654,-4834,522,-147,324,-357,-135
IMU1,3946,39801691,-4686,616,-137,235,-179,-557
IMU1,3947,39811729,-4608,679,-25,129,-126,-1020
IMU1,3948,39822798,-4541,818,38,-57,-200,-1984
IMU1,3949,39832633,-4489,925,98,-121,-194,-2445
IMU1,3950,39842672,-4433,1008,175,-172,-92,-2872
IMU1,3951,39852903,-4357,1139,238,-187,66,-3273
IMU1,3952,39863043,-4182,1296,301,-175,199,-3658
IMU1,3953,39873377,-3231,1465,241,-156,306,-4144
IMU1,3954,39883719,-4233,1067,472,-123,457,-4992
IMU1,3955,39894075,-4735,1089,493,-34,518,-5121
IMU1,3956,39904234,-4157,1397,570,94,394,-5110
IMU1,3957,39914307,-3727,1798,463,212,382,-5171
IMU1,3958,39924569,-3086,1977,464,276,555,-5486
IMU1,3959,39934830,-4352,1047,341,319,721,-5791
IMU1,3960,39945104,-3425,1454,434,323,601,-5679
IMU1,3961,39955354,-3946,1267,385,311,502,-5682
IMU1,3962,39965616,-3253,1208,333,267,428,-5603
IMU1,3963,39976893,-2911,1151,327,187,-15,-5656
IMU1,3964,39987040,-2662,1119,291,133,-315,-5681
IMU1,3965,39997393,-2540,1105,274,76,-544,-5713
IMU1,3966,40007565,-2262,1062,181,13,-660,-5717
IMU1,3967,40017692,-2070,999,203,-70,-625,-5722
IMU1,3968,40027725,-1872,958,204,-147,-488,-5678
IMU1,3969,40037956,-1614,882,187,-192,-339,-5625
IMU1,3970,40048178,-1499,866,75,-228,-241,-5626
IMU1,3971,40058198,-1338,773,-33,-288,-160,-5590
IMU1,3972,40068332,-1170,624,-36,-378,-40,-5502
IMU1,3973,40078260,-916,509,-48,-474,102,-5344
IMU1,3974,40088093,-753,370,-23,-551,250,-5252
IMU1,3975,40097924,-575,240,7,-612,409,-5122
IMU1,3976,40107449,-475,200,37,-657,560,-4987
IMU1,3977,40117187,-302,173,65,-672,679,-4833
IMU1,3978,40126927,-168,153,90,-647,741,-4695
IMU1,3979,40136667,-97,147,64,-593,760,-4525
IMU1,3980,40146212,-19,138,34,-523,772,-4307
IMU1,3981,40155745,61,92,59,-437,798,-4025
IMU1,3982,40164991,84,35,125,-324,836,-3703
IMU1,3983,40174419,70,-41,292,-154,861,-3326
IMU1,3984,40183947,62,-93,466,86,843,-2904
IMU1,3985,40195748,100,-110,574,389,751,-2459
IMU1,3986,40205588,186,-91,561,710,594,-2016
IMU1,3987,40215226,304,-72,452,1005,415,-1597
IMU1,3988,40225070,433,-97,411,1229,245,-1199
IMU1,3989,40236466,646,-181,356,1509,25,-531
IMU1,3990,40246106,733,-222,362,1583,-57,-250
IMU1,3991,40255838,835,-285,310,1622,-124,-4
IMU1,3992,40265383,913,-345,240,1611,-165,219
IMU1,3993,40275211,948,-393,147,1545,-163,423
IMU1,3994,40285047,964,-431,24,1425,-82,616
IMU1,3995,40294487,997,-514,-70,1233,133,809
IMU1,3996,40304124,1023,-589,-141,972,549,990
IMU1,3997,40313977,982,-596,-160,642,1118,1150
IMU1,3998,40324029,926,-544,-147,286,1660,1265
IMU1,3999,40334061,805,-506,-101,-73,1982,1342
IMU1,4000,40343995,706,-529,-73,-406,2063,1379
IMU1,4001,40353936,569,-572,-109,-715,1950,1397
IMU1,4002,40364059,489,-602,-181,-1013,1713,1412
IMU1,4003,40374379,438,-581,-233,-1306,1438,1423
IMU1,4004,40384717,296,-570,-224,-1580,1206,1453
IMU1,4005,40395047,69,-620,-139,-1816,1051,1533
IMU1,4006,40405182,-238,-638,34,-1975,937,1685
IMU1,4007,40415112,-514,-669,221,-2029,816,1907
IMU1,4008,40425249,-697,-726,339,-1980,690,2191
IMU1,4009,40435382,-878,-683,369,-1861,591,2503
IMU1,4010,40445518,-1040,-616,325,-1703,554,2823
IMU1,4011,40455859,-1234,-633,218,-1571,594,3141
IMU1,4012,40467250,-1585,-941,-29,-1467,755,3763
IMU1,4013,40477486,-1866,-980,-237,-1491,637,4063
IMU1,4014,40487917,-1919,-903,-386,-1535,243,4341
IMU1,4015,40498357,-1885,-818,-437,-1557,-362,4572
IMU1,4016,40508891,-1815,-691,-385,-1514,-1027,4755
IMU1,4017,40519627,-1842,-573,-282,-1390,-1587,4900
IMU1,4018,40530365,-2171,-580,-256,-1192,-1916,5026
IMU1,4019,40541110,-2522,-758,-220,-953,-1994,5167
IMU1,4020,40551659,-2927,-925,-169,-704,-1877,5274
IMU1,4021,40562187,-3670,-805,-146,-467,-1661,5528
IMU1,4022,40573229,-3833,-875,-139,-13,-1445,6149
IMU1,4023,40583568,-3539,-895,23,273,-1686,6389
IMU1,4024,40593713,-3270,-739,-266,683,-2233,6430
IMU1,4025,40604147,-3046,-484,-702,1135,-2943,6281
IMU1,4026,40614792,-2794,-465,-631,1544,-3548,5940
IMU1,4027,40625445,-2277,-401,-208,1898,-3712,5399
IMU1,4028,40636089,-2144,-139,-162,2152,-3312,4648
IMU1,4029,40646721,-2135,66,-878,2144,-2407,3798
IMU1,4030,40657056,-2397,19,-1144,1717,-959,2991
IMU1,4031,40667400,-2904,-152,-945,1010,745,2388
IMU1,4032,40678783,-3487,6,-708,-403,2379,1862
IMU1,4033,40688720,-3476,14,-689,-1022,2351,1775
IMU1,4034,40699051,-3343,41,-570,-1545,2259,1710
IMU1,4035,40709395,-3040,150,-352,-1953,2230,1619
IMU1,4036,40719935,-2713,249,-125,-2223,2226,1437
IMU1,4037,40730485,-2762,183,-10,-2326,2178,1153
IMU1,4038,40740816,-3036,161,-42,-2309,1997,876
IMU1,4039,40750957,-3275,232,-190,-2215,1661,766
IMU1,4040,40761306,-3237,199,-229,-2097,1253,785
IMU1,4041,40771640,-3141,122,-124,-1957,899,905
IMU1,4042,40781777,-3073,130,-33,-1795,690,1065
IMU1,4043,40791914,-2934,162,52,-1603,613,1219
IMU1,4044,40801964,-2903,191,113,-1373,571,1352
IMU1,4045,40812191,-2932,109,128,-1141,503,1473
IMU1,4046,40822942,-2849,245,146,-597,160,1690
IMU1,4047,40832972,-2815,285,127,-262,-112,1689
IMU1,4048,40843084,-2699,254,70,92,-437,1618
IMU1,4049,40852717,-2643,179,28,425,-745,1484
IMU1,4050,40862551,-2576,120,-16,716,-1004,1338
IMU1,4051,40872684,-2440,213,-118,927,-1169,1168
IMU1,4052,40883023,-2597,369,-251,1051,-1184,906
# swing_peak_seq=4026
IMU1,4053,40893367,-2651,482,-282,1074,-1038,668
IMU1,4054,40903704,-2561,545,-242,1025,-790,498
IMU1,4055,40913839,-2473,579,-134,943,-490,287
IMU1,4056,40923793,-2403,564,-23,859,-178,70
IMU1,4057,40933336,-2377,515,33,783,98,-143
IMU1,4058,40942802,-2398,568,16,717,286,-336
IMU1,4059,40952458,-2443,733,-12,647,362,-501
IMU1,4060,40962204,-2441,867,-32,574,337,-648
IMU1,4061,40971897,-2440,933,-50,501,236,-772
IMU1,4062,40981611,-2445,902,10,428,90,-866
IMU1,4063,40991019,-2418,776,73,375,-53,-927
IMU1,4064,41000540,-2391,675,132,333,-160,-964
IMU1,4065,41010452,-2428,659,162,307,-221,-984
IMU1,4066,41020363,-2439,711,142,289,-244,-992
IMU1,4067,41030282,-2486,715,175,267,-254,-998
IMU1,4068,41040203,-2464,705,172,258,-262,-1021
IMU1,4069,41050309,-2480,761,169,262,-269,-1080
IMU1,4070,41060417,-2502,844,189,272,-281,-1169
IMU1,4071,41070536,-2500,840,208,299,-315,-1276
IMU1,4072,41080666,-2494,798,188,347,-376,-1414
IMU1,4073,41090789,-2489,747,237,406,-495,-1553
IMU1,4074,41101949,-2502,728,253,550,-789,-1840
IMU1,4075,41112086,-2388,753,204,592,-901,-2021
IMU1,4076,41122223,-2329,810,100,578,-1038,-2268
IMU1,4077,41132549,-2320,823,6,507,-1224,-2535
IMU1,4078,41142483,-2318,778,-100,373,-1476,-2727
IMU1,4079,41152902,-2309,715,-174,197,-1732,-2879
IMU1,4080,41163327,-2284,613,-197,-15,-1914,-2947
IMU1,4081,41173654,-2238,503,-189,-239,-1956,-2936
IMU1,4082,41184172,-2201,442,-176,-453,-1819,-2865
IMU1,4083,41197236,-2198,363,-83,-649,-1050,-2591
IMU1,4084,41207546,-2157,272,-18,-924,-487,-2411
IMU1,4085,41217659,-2098,167,52,-987,124,-2234
IMU1,4086,41227563,-2092,150,97,-1007,704,-2065
IMU1,4087,41237676,-2096,114,161,-992,1182,-1897
IMU1,4088,41248000,-2109,87,186,-928,1509,-1726
IMU1,4089,41258102,-2112,87,179,-834,1657,-1552
IMU1,4090,41268224,-2137,108,234,-724,1616,-1378
IMU1,4091,41278536,-2097,168,225,-584,1409,-1203
IMU1,4092,41288860,-2082,226,229,-428,1079,-1040
IMU1,4093,41299159,-2089,212,237,-258,683,-886
IMU1,4094,41309074,-2133,114,214,-86,289,-734
IMU1,4095,41318793,-2165,-25,151,70,-56,-578
IMU1,4096,41328209,-2113,-152,121,198,-316,-434
IMU1,4097,41338227,-2074,-222,92,303,-474,-320
IMU1,4098,41348054,-2032,-238,89,386,-533,-241
IMU1,4099,41357867,-1988,-246,86,447,-528,-189
IMU1,4100,41367681,-1942,-254,90,495,-496,-166
IMU1,4101,41377493,-1913,-270,87,530,-469,-166
IMU1,4102,41387308,-1891,-286,91,550,-475,-173
IMU1,4103,41397133,-1853,-317,95,558,-538,-175
IMU1,4104,41406960,-1793,-354,84,558,-649,-167
IMU1,4105,41416779,-1783,-410,101,543,-783,-151
IMU1,4106,41426805,-1825,-470,90,527,-900,-123
IMU1,4107,41436628,-1841,-544,108,505,-956,-81
IMU1,4108,41446459,-1816,-579,177,488,-930,-29
IMU1,4109,41457831,-1737,-532,197,475,-606,75
IMU1,4110,41467569,-1741,-524,181,467,-384,118
IMU1,4111,41477498,-1765,-545,138,449,-179,159
IMU1,4112,41487413,-1798,-601,133,406,-42,232
IMU1,4113,41497133,-1845,-677,143,355,34,316
IMU1,4114,41506772,-1889,-724,181,294,73,407
IMU1,4115,41516405,-1917,-728,205,237,104,491
IMU1,4116,41526243,-1955,-695,221,191,145,554
IMU1,4117,41536078,-1938,-660,216,152,205,581
IMU1,4118,41545896,-1819,-587,193,131,283,554
IMU1,4119,41555738,-1731,-480,186,127,362,467
IMU1,4120,41565567,-1728,-426,172,140,417,342
IMU1,4121,41575397,-1794,-447,190,164,436,218
IMU1,4122,41585221,-1884,-514,209,202,420,132
IMU1,4123,41595051,-1991,-564,229,240,382,95
IMU1,4124,41604690,-2099,-589,232,276,337,106
IMU1,4125,41614512,-2166,-579,230,299,294,160
IMU1,4126,41624342,-2208,-547,247,318,258,230
IMU1,4127,41634167,-2245,-511,245,335,213,302
IMU1,4128,41643987,-2226,-489,245,360,146,362
IMU1,4129,41653811,-2189,-464,221,389,49,398
IMU1,4130,41663441,-2159,-428,170,423,-75,403
IMU1,4131,41673167,-2133,-390,126,457,-203,381
IMU1,4132,41683095,-2127,-377,79,481,-308,346
IMU1,4133,41692824,-2152,-381,13,494,-379,309
IMU1,4134,41702548,-2160,-403,-37,484,-406,281
IMU1,4135,41712352,-2149,-430,-56,451,-397,255
IMU1,4136,41722183,-2122,-445,-75,411,-358,225
IMU1,4137,41732010,-2064,-453,-91,370,-293,184
IMU1,4138,41741825,-1999,-452,-81,328,-207,125
IMU1,4139,41751639,-1936,-448,-68,288,-104,43
IMU1,4140,41761263,-1878,-441,-53,252,7,-55
IMU1,4141,41770489,-1837,-433,-30,221,112,-156
IMU1,4142,41780312,-1812,-421,-7,204,206,-254
IMU1,4143,41789919,-1784,-396,11,192,275,-344
IMU1,4144,41799643,-1759,-362,16,184,315,-423
IMU1,4145,41809373,-1724,-309,4,177,332,-497
IMU1,4146,41818895,-1696,-274,-14,161,341,-561
IMU1,4147,41828705,-1669,-276,-4,130,356,-625
IMU1,4148,41838335,-1693,-280,29,96,397,-691
IMU1,4149,41847866,-1832,-284,84,62,458,-745
IMU1,4150,41857402,-1911,-313,204,51,506,-743
IMU1,4151,41867139,-1894,-339,265,75,531,-677
IMU1,4152,41876879,-1862,-359,314,124,526,-567
IMU1,4153,41886814,-1833,-361,319,196,482,-438
IMU1,4154,41896742,-1775,-347,288,268,388,-307
IMU1,4155,41906677,-1732,-344,246,326,248,-192
IMU1,4156,41916606,-1706,-338,194,366,82,-98
IMU1,4157,41926143,-1673,-336,154,384,-84,-33
IMU1,4158,41935771,-1656,-356,142,383,-219,1
IMU1,4159,41945307,-1641,-347,150,362,-306,12
IMU1,4160,41955019,-1636,-352,170,342,-350,4
IMU1,4161,41964531,-1627,-375,196,317,-363,-10
IMU1,4162,41974335,-1664,-421,258,300,-366,-26
IMU1,4163,41984145,-1560,-369,204,296,-377,-38
IMU1,4164,41993929,-1788,-510,275,293,-399,-50
IMU1,4165,42003735,-1729,-481,308,308,-437,-6
IMU1,4166,42013340,-1722,-400,297,338,-499,61
IMU1,4167,42023045,-1722,-389,256,370,-568,122
IMU1,4168,42032947,-1717,-396,311,403,-619,170
IMU1,4169,42044422,-1712,-385,346,459,-646,271
IMU1,4170,42054331,-1721,-381,329,478,-638,318
IMU1,4171,42064262,-1739,-366,319,482,-629,365
IMU1,4172,42074177,-1758,-351,319,469,-620,407
IMU1,4173,42084104,-1773,-364,305,441,-615,453
IMU1,4174,42094021,-1783,-388,295,403,-611,502
IMU1,4175,42103940,-1782,-406,281,354,-587,545
IMU1,4176,42113867,-1780,-409,263,293,-540,585
IMU1,4177,42123776,-1778,-413,240,224,-466,619
IMU1,4178,42133691,-1796,-405,222,142,-383,650
IMU1,4179,42143604,-1828,-371,194,58,-300,677
IMU1,4180,42153329,-1851,-340,186,-30,-225,710
IMU1,4181,42163140,-1861,-306,194,-113,-152,745
IMU1,4182,42173170,-1864,-281,205,-193,-69,781
IMU1,4183,42182991,-1872,-255,227,-261,33,811
IMU1,4184,42192715,-1884,-207,236,-318,145,844
IMU1,4185,42205383,-1877,-107,203,-367,258,880
IMU1,4186,42215296,-1885,-49,199,-415,385,924
IMU1,4187,42225012,-1903,12,257,-457,540,987
IMU1,4188,42234644,-1920,120,285,-477,705,1056
IMU1,4189,42244670,-1948,341,290,-482,842,1132
IMU1,4190,42255719,-1959,445,294,-430,846,1282
IMU1,4191,42265734,-1903,523,289,-379,716,1330
IMU1,4192,42275759,-1866,565,265,-319,551,1353
IMU1,4193,42285793,-1851,589,233,-261,392,1360
IMU1,4194,42295817,-1862,601,218,-212,251,1369
IMU1,4195,42305838,-1905,594,211,-181,155,1389
IMU1,4196,42315864,-1906,576,173,-170,109,1437
IMU1,4197,42325891,-1926,568,196,-175,112,1507
IMU1,4198,42335909,-1920,572,224,-178,155,1596
IMU1,4199,42345949,-1907,596,252,-171,219,1686
IMU1,4200,42355972,-1895,644,255,-154,260,1773
IMU1,4201,42365995,-1869,706,230,-129,256,1847
IMU1,4202,42376027,-1832,766,226,-107,207,1899
IMU1,4203,42386044,-1827,844,198,-81,151,1926
IMU1,4204,42395862,-1843,935,192,-57,124,1938
IMU1,4205,42405684,-1879,1008,192,-37,137,1945
IMU1,4206,42415697,-1933,1059,198,-19,187,1957
IMU1,4207,42425711,-1991,1085,222,-7,257,1981
IMU1,4208,42435533,-2052,1108,243,7,333,2021
IMU1,4209,42445254,-2112,1122,248,19,403,2069
IMU1,4210,42455168,-2144,1115,267,30,458,2120
IMU1,4211,42465106,-2126,1117,306,50,503,2152
IMU1,4212,42475056,-2139,1140,330,77,539,2150
IMU1,4213,42485009,-2121,1156,300,116,558,2117
IMU1,4214,42496195,-2027,1181,305,200,593,1879
IMU1,4215,42506317,-2033,1206,317,238,657,1802
IMU1,4216,42516449,-1989,1201,345,280,747,1672
IMU1,4217,42526587,-1986,1173,385,312,834,1531
IMU1,4218,42536734,-2040,1235,392,357,878,1392
IMU1,4219,42546882,-2091,1273,337,396,844,1265
IMU1,4220,42557027,-2106,1197,257,424,697,1149
IMU1,4221,42567176,-2138,1093,205,434,425,1051
IMU1,4222,42577312,-2069,1052,121,433,49,982
IMU1,4223,42587045,-1908,1086,106,434,-364,911
IMU1,4224,42597081,-1778,1148,170,452,-733,809
IMU1,4225,42607119,-1708,1196,257,502,-991,684
IMU1,4226,42617146,-1709,1200,367,586,-1110,566
IMU1,4227,42627373,-1842,1161,477,695,-1092,497
IMU1,4228,42637588,-2006,1108,521,814,-966,516
IMU1,4229,42647613,-2113,1076,512,920,-777,616
IMU1,4230,42657653,-2157,1086,468,987,-591,769
IMU1,4231,42667681,-2170,1154,328,1000,-428,944
IMU1,4232,42678944,-2077,1243,306,873,-166,1173
IMU1,4233,42689183,-2075,1275,300,764,-39,1186
IMU1,4234,42699223,-2165,1278,326,637,92,1159
IMU1,4235,42709168,-2279,1348,343,492,225,1144
IMU1,4236,42719298,-2257,1321,313,334,320,1147
IMU1,4237,42729439,-2338,1368,286,162,370,1127
IMU1,4238,42739569,-2422,1442,234,-21,411,1109
IMU1,4239,42749596,-2426,1453,246,-217,478,1087
IMU1,4240,42759833,-2454,1496,283,-405,571,1033
IMU1,4241,42770065,-2561,1683,269,-570,698,952
IMU1,4242,42780084,-2607,1814,264,-727,827,841
IMU1,4243,42790103,-2630,1863,258,-880,894,688
IMU1,4244,42800133,-2639,1885,288,-1024,891,489
IMU1,4245,42810354,-2640,1855,354,-1152,861,243
IMU1,4246,42820577,-2668,1789,455,-1253,848,-42
IMU1,4247,42830693,-2754,1804,516,-1316,863,-370
IMU1,4248,42841021,-2815,1887,520,-1353,876,-723
IMU1,4249,42851873,-2870,2014,464,-1358,725,-1549
IMU1,4250,42862403,-2902,2131,411,-1340,559,-2007
IMU1,4251,42872926,-2974,2251,340,-1327,353,-2414
IMU1,4252,42883458,-3060,2383,316,-1309,143,-2808
IMU1,4253,42893987,-3143,2497,301,-1280,-30,-3170
IMU1,4254,42904425,-3138,2601,273,-1233,-147,-3491
IMU1,4255,42915058,-3128,2740,293,-1165,-206,-3805
IMU1,4256,42925695,-3032,2822,394,-1061,-199,-4141
IMU1,4257,42936334,-2974,2826,496,-905,-93,-4434
IMU1,4258,42946557,-3037,2782,522,-705,141,-4731
IMU1,4259,42957950,-3178,2622,492,-286,718,-5148
IMU1,4260,42968289,-3153,2521,435,-82,875,-5320
IMU1,4261,42978430,-3096,2427,411,99,876,-5489
IMU1,4262,42988472,-3033,2340,386,261,716,-5640
IMU1,4263,42998728,-2921,2184,354,404,462,-5788
IMU1,4264,43008967,-2767,1924,282,519,139,-5936
IMU1,4265,43019177,-2592,1672,170,588,-195,-6083
IMU1,4266,43029499,-2362,1475,123,601,-468,-6231
IMU1,4267,43039836,-2161,1364,52,587,-680,-6381
IMU1,4268,43049983,-1920,1259,29,558,-823,-6528
IMU1,4269,43060100,-1709,1110,62,538,-860,-6675
IMU1,4270,43070228,-1596,1004,41,526,-801,-6805
IMU1,4271,43080357,-1536,876,-6,513,-673,-6893
IMU1,4272,43090186,-1377,747,-104,475,-529,-6918
IMU1,4273,43100408,-1198,755,-335,411,-429,-6897
IMU1,4274,43111675,-643,688,-347,181,-346,-6835
IMU1,4275,43121695,-416,607,-320,39,-294,-6800
IMU1,4276,43131512,-316,494,-236,-95,-192,-6751
IMU1,4277,43141444,-277,398,-130,-196,-25,-6673
IMU1,4278,43151358,-153,318,-91,-258,180,-6606
IMU1,4279,43161199,146,-35,-127,-282,415,-6516
IMU1,4280,43171032,61,-111,98,-261,664,-6471
IMU1,4281,43180569,305,255,243,-173,908,-6405
IMU1,4282,43190399,607,411,287,-23,1047,-6374
IMU1,4283,43200258,679,305,347,153,990,-6369
IMU1,4284,43212558,741,161,209,346,668,-6332
IMU1,4285,43222308,966,55,75,498,88,-6212
IMU1,4286,43231455,690,24,421,629,-552,-6060
IMU1,4287,43241105,718,-117,245,785,-1047,-5752
IMU1,4288,43251242,658,-283,342,851,-1342,-5333
IMU1,4289,43261364,823,-458,392,870,-1494,-4823
IMU1,4290,43271495,787,-551,229,841,-1526,-4296
IMU1,4291,43281630,771,-368,32,738,-1314,-3687
IMU1,4292,43291551,903,-177,202,596,-739,-2991
IMU1,4293,43301481,923,-141,103,491,-30,-2294
IMU1,4294,43311204,880,-38,-17,387,510,-1615
IMU1,4295,43320727,879,53,-72,257,730,-952
IMU1,4296,43329965,853,86,-87,105,678,-325
IMU1,4297,43339182,813,54,-83,-51,479,268
IMU1,4298,43348217,762,38,-52,-201,247,829
IMU1,4299,43357441,707,-22,6,-328,58,1349
IMU1,4300,43366468,653,-101,62,-419,-61,1843
IMU1,4301,43375977,606,-185,121,-467,-105,2303
IMU1,4302,43385919,559,-254,178,-475,-102,2725
IMU1,4303,43395853,502,-333,222,-444,-68,3096
IMU1,4304,43405585,430,-433,240,-396,-10,3430
IMU1,4305,43415323,360,-544,232,-347,71,3741
IMU1,4306,43424978,223,-672,212,-313,160,4037
IMU1,4307,43434798,99,-789,199,-295,265,4327
IMU1,4308,43444440,-79,-916,213,-294,377,4619
IMU1,4309,43454176,-291,-1105,243,-304,469,4919
IMU1,4310,43464319,-440,-1260,253,-305,497,5228
IMU1,4311,43474454,-619,-1395,340,-285,445,5534
IMU1,4312,43484593,-861,-1587,347,-226,302,5837
IMU1,4313,43494740,-1063,-1701,315,-118,53,6121
IMU1,4314,43505919,-1301,-1787,301,257,-822,6657
IMU1,4315,43516262,-1768,-1745,236,530,-1347,6847
IMU1,4316,43526808,-1761,-1782,142,830,-1765,7062
IMU1,4317,43537319,-1367,-1795,243,1116,-1976,7213
IMU1,4318,43548050,-1668,-1878,551,1392,-1847,7342
IMU1,4319,43558791,-1831,-1689,620,1619,-1334,7533
IMU1,4320,43569528,-2354,-1582,250,1701,-408,7725
IMU1,4321,43580066,-2534,-1131,-135,1538,845,8014
IMU1,4322,43590602,-2290,-881,-106,1141,2028,8269
IMU1,4323,43601123,-2377,-654,124,656,2961,8289
IMU1,4324,43611872,-2598,-198,63,-140,2650,8078
IMU1,4325,43621997,-2985,432,-72,-385,2046,7787
IMU1,4326,43632144,-3296,599,-121,-533,1368,7465
IMU1,4327,43642472,-3481,524,-210,-599,806,7165
IMU1,4328,43652609,-3477,649,-203,-644,557,6850
IMU1,4329,43662734,-3591,805,-113,-706,621,6573
IMU1,4330,43672869,-3703,874,36,-795,883,6277
IMU1,4331,43682726,-3684,723,123,-913,1231,5912
IMU1,4332,43692966,-3658,548,207,-1044,1485,5460
IMU1,4333,43703394,-3794,546,221,-1163,1446,4889
IMU1,4334,43713841,-4067,659,299,-1232,1053,4256
IMU1,4335,43724278,-4370,810,303,-1198,327,3630
IMU1,4336,43734534,-4343,1000,46,-1072,-733,3024
IMU1,4337,43744878,-4021,1088,35,-895,-1992,2378
IMU1,4338,43755739,-4039,1042,96,-540,-3079,1027
IMU1,4339,43766077,-4212,1009,83,-481,-2533,502
IMU1,4340,43776210,-4383,994,105,-522,-1648,75
IMU1,4341,43786129,-4514,991,173,-632,-727,-229
IMU1,4342,43796166,-4543,976,277,-750,23,-464
IMU1,4343,43805904,-4437,977,338,-831,482,-721
IMU1,4344,43815846,-4296,1039,439,-852,643,-1021
IMU1,4345,43826184,-4100,1093,505,-786,629,-1380
IMU1,4346,43836539,-4056,1134,554,-659,582,-1774
IMU1,4347,43846880,-4043,1190,568,-489,622,-2163
IMU1,4348,43857208,-4037,1245,645,-290,794,-2531
IMU1,4349,43867548,-4027,1287,750,-76,1091,-2867
IMU1,4350,43877883,-3989,1238,792,155,1420,-3168
IMU1,4351,43888353,-3920,1174,755,382,1612,-3444
IMU1,4352,43898800,-3740,1258,586,575,1550,-3701
IMU1,4353,43909791,-3655,1333,466,800,832,-4157
IMU1,4354,43920029,-3442,1328,359,826,379,-4337
IMU1,4355,43930254,-3144,1280,246,816,-12,-4570
IMU1,4356,43940376,-2900,1221,174,752,-267,-4806
IMU1,4357,43950708,-2687,1150,125,661,-340,-5018
IMU1,4358,43961049,-2402,1025,114,549,-254,-5213
IMU1,4359,43971379,-2152,893,111,433,-69,-5401
IMU1,4360,43981319,-1998,850,113,322,149,-5578
IMU1,4361,43991363,-1913,868,50,224,347,-5720
IMU1,4362,44001210,-1747,810,-3,137,482,-5816
IMU1,4363,44010940,-1516,705,-40,58,524,-5884
IMU1,4364,44020684,-1310,587,-7,-6,462,-5938
IMU1,4365,44030121,-1112,469,14,-42,324,-5984
IMU1,4366,44039869,-956,382,16,-70,174,-6019
IMU1,4367,44049400,-795,287,48,-102,62,-6036
IMU1,4368,44058932,-614,209,19,-136,2,-6043
IMU1,4369,44068261,-461,146,-13,-179,-17,-6043
IMU1,4370,44077975,-354,107,-42,-220,-8,-6034
IMU1,4371,44087503,-334,105,-25,-256,10,-6005
IMU1,4372,44097124,-189,62,-172,-268,21,-5948
IMU1,4373,44106739,-502,67,72,-273,0,-5804
IMU1,4374,44115779,-285,206,52,-207,-32,-5666
IMU1,4375,44125404,-135,138,205,-127,-61,-5498
IMU1,4376,44135231,-50,198,294,-26,-99,-5355
IMU1,4377,44144659,13,95,358,98,-127,-5226
IMU1,4378,44153887,46,-235,340,226,-148,-5098
IMU1,4379,44163632,355,-556,332,349,-194,-4962
IMU1,4380,44173561,571,-793,339,475,-297,-4824
IMU1,4381,44183503,-303,-709,295,612,-466,-4686
IMU1,4382,44193552,276,-639,187,743,-685,-4375
IMU1,4383,44203500,113,-779,88,857,-939,-4086
IMU1,4384,44215804,188,-929,-4,941,-1175,-3744
IMU1,4385,44227216,539,-885,-17,996,-1471,-3006
IMU1,4386,44237248,612,-861,-10,979,-1458,-2658
IMU1,4387,44247260,699,-840,35,956,-1343,-2280
IMU1,4388,44257185,687,-814,91,922,-1164,-1897
IMU1,4389,44267119,659,-855,94,891,-950,-1513
IMU1,4390,44276867,694,-809,73,841,-724,-1107
IMU1,4391,44286599,719,-720,151,786,-477,-705
IMU1,4392,44296352,665,-699,214,741,-236,-304
IMU1,4393,44306082,669,-701,230,712,-23,84
IMU1,4394,44315316,655,-663,225,685,135,450
IMU1,4395,44324858,625,-585,201,659,254,779
# swing_peak_seq=4369
IMU1,4396,44334398,558,-496,169,621,354,1078
IMU1,4397,44344152,450,-482,179,567,461,1355
IMU1,4398,44353892,339,-550,203,500,599,1628
IMU1,4399,44363637,196,-652,202,417,766,1923
IMU1,4400,44373373,81,-727,219,308,946,2247
IMU1,4401,44382919,38,-803,246,176,1097,2596
IMU1,4402,44392654,-19,-837,240,33,1192,2949
IMU1,4403,44402293,-88,-852,238,-122,1219,3296
IMU1,4404,44412214,-158,-832,224,-285,1206,3624
IMU1,4405,44422343,-303,-795,201,-445,1171,3929
IMU1,4406,44432486,-516,-843,185,-598,1122,4223
IMU1,4407,44442615,-740,-971,144,-747,1061,4533
IMU1,4408,44452744,-1106,-1164,105,-881,968,4872
IMU1,4409,44463078,-1391,-1372,160,-986,800,5267
IMU1,4410,44473408,-1604,-1528,126,-1047,534,5692
IMU1,4411,44483944,-1824,-1592,90,-1068,202,6128
IMU1,4412,44494279,-1756,-1530,114,-1049,-137,6549
IMU1,4413,44504907,-2223,-1666,360,-997,-397,7226
IMU1,4414,44515347,-1912,-1737,619,-828,-419,7531
IMU1,4415,44525801,-2779,-1545,563,-721,-100,7809
IMU1,4416,44536241,-2953,-1302,669,-676,391,8191
IMU1,4417,44546591,-3287,-975,631,-664,955,8466
IMU1,4418,44556730,-3421,-680,613,-691,1428,8638
IMU1,4419,44567092,-2707,-243,347,-740,1691,8588
IMU1,4420,44577418,-2345,-54,291,-813,1700,8121
IMU1,4421,44587548,-3075,-24,18,-854,1399,7487
IMU1,4422,44597486,-3560,172,-130,-889,782,6944
IMU1,4423,44607623,-3753,208,-190,-915,70,6364
IMU1,4424,44617581,-3571,155,-44,-945,-427,5809
IMU1,4425,44627624,-3231,109,242,-957,-578,5222
IMU1,4426,44637755,-2951,62,383,-926,-423,4561
IMU1,4427,44647707,-2852,83,372,-866,-187,3839
IMU1,4428,44657634,-2785,242,315,-803,-120,3126
IMU1,4429,44667761,-2887,375,184,-719,-314,2472
IMU1,4430,44678938,-3051,639,167,-435,-1088,1559
IMU1,4431,44689280,-3030,711,128,-271,-1264,1287
IMU1,4432,44699609,-2901,691,136,-139,-1176,1097
IMU1,4433,44709941,-2767,616,150,-55,-889,959
IMU1,4434,44719691,-2688,588,210,-8,-498,841
IMU1,4435,44729232,-2683,617,272,19,-116,753
IMU1,4436,44738876,-2693,631,320,36,194,695
IMU1,4437,44748424,-2736,637,373,59,378,669
IMU1,4438,44757985,-2764,656,414,88,419,672
IMU1,4439,44767533,-2769,656,449,131,317,701
IMU1,4440,44777293,-2715,621,495,191,110,745
IMU1,4441,44787045,-2647,601,512,265,-176,789
IMU1,4442,44796898,-2554,611,480,357,-506,821
IMU1,4443,44806755,-2415,636,466,448,-854,845
IMU1,4444,44816583,-2240,647,445,546,-1156,835
IMU1,4445,44826605,-2196,681,405,628,-1346,797
IMU1,4446,44836638,-2123,847,317,677,-1383,746
IMU1,4447,44846676,-2054,938,287,683,-1327,671
IMU1,4448,44856710,-1978,941,347,658,-1225,570
IMU1,4449,44866744,-1878,919,417,626,-1102,450
IMU1,4450,44876782,-1816,914,505,602,-964,324
IMU1,4451,44886631,-1769,960,537,582,-819,204
IMU1,4452,44896463,-1710,1020,530,559,-685,80
IMU1,4453,44906291,-1654,1068,485,528,-575,-52
IMU1,4454,44916210,-1652,1116,440,467,-484,-183
IMU1,4455,44926331,-1654,1152,457,391,-398,-302
IMU1,4456,44936478,-1678,1169,480,305,-306,-387
IMU1,4457,44946607,-1727,1150,494,209,-198,-423
IMU1,4458,44957771,-1815,1128,518,32,68,-353
IMU1,4459,44967410,-1822,1115,510,-57,193,-251
IMU1,4460,44977344,-1822,1105,507,-143,281,-140
IMU1,4461,44987473,-1804,1090,496,-230,328,-44
IMU1,4462,44997402,-1793,1058,481,-300,325,44
IMU1,4463,45007234,-1787,1028,467,-367,277,137
IMU1,4464,45017272,-1814,995,460,-427,211,220
IMU1,4465,45027119,-1873,938,440,-472,145,308
IMU1,4466,45036980,-1944,877,386,-499,76,404
IMU1,4467,45046619,-1969,843,338,-517,-15,512
IMU1,4468,45056357,-1977,863,262,-536,-129,618
IMU1,4469,45066266,-1930,907,255,-543,-272,708
IMU1,4470,45076183,-1848,956,279,-534,-420,762
IMU1,4471,45086117,-1749,974,306,-506,-544,779
IMU1,4472,45096058,-1704,963,341,-457,-615,752
IMU1,4473,45105988,-1649,945,393,-394,-618,704
IMU1,4474,45115933,-1684,920,440,-317,-557,645
IMU1,4475,45125875,-1757,904,480,-223,-449,585
IMU1,4476,45135805,-1802,932,496,-116,-333,530
IMU1,4477,45145742,-1784,940,513,-5,-229,470
IMU1,4478,45155275,-1834,918,547,102,-145,399
IMU1,4479,45165120,-1869,989,548,203,-95,334
IMU1,4480,45174750,-1876,984,552,287,-46,278
IMU1,4481,45184385,-2001,998,598,351,35,229
IMU1,4482,45193909,-2083,1129,623,418,147,195
IMU1,4483,45203844,-2120,1291,641,477,278,160
IMU1,4484,45216322,-2303,1421,732,532,390,119
IMU1,4485,45227299,-2417,1382,735,668,445,40
IMU1,4486,45237024,-2574,1357,709,733,349,5
IMU1,4487,45246558,-2767,1324,679,784,193,-9
IMU1,4488,45256193,-2968,1259,633,822,65,-7
IMU1,4489,45265630,-3006,1170,605,825,21,0
IMU1,4490,45275384,-2967,1133,588,793,92,-37
IMU1,4491,45285025,-2987,1150,575,730,282,-150
IMU1,4492,45295063,-3069,1176,538,635,539,-356
IMU1,4493,45305114,-3184,1161,508,513,798,-590
IMU1,4494,45315176,-3321,1149,451,372,975,-805
IMU1,4495,45325208,-3416,1150,362,228,1041,-1055
IMU1,4496,45335628,-3566,1238,260,73,1020,-1300
IMU1,4497,45345866,-3598,1310,114,-87,965,-1582
IMU1,4498,45355996,-3450,1356,54,-260,911,-1913
IMU1,4499,45366148,-3277,1484,82,-409,889,-2301
IMU1,4500,45376271,-3168,1598,86,-505,917,-2779
IMU1,4501,45386416,-3128,1629,79,-545,998,-3300
IMU1,4502,45396547,-3186,1619,77,-525,1121,-3791
IMU1,4503,45406891,-3330,1581,60,-462,1248,-4204
IMU1,4504,45417230,-3469,1531,50,-355,1343,-4514
IMU1,4505,45427574,-3602,1509,130,-214,1384,-4715
IMU1,4506,45438636,-3615,1506,116,164,1347,-4814
IMU1,4507,45449087,-3482,1445,138,370,1272,-4803
IMU1,4508,45459520,-3340,1292,81,582,1150,-4808
IMU1,4509,45469755,-3094,1140,-13,766,957,-4818
IMU1,4510,45479898,-2884,1072,-140,910,718,-4846
IMU1,4511,45490235,-2692,1118,-307,1015,457,-4888
IMU1,4512,45500781,-2501,1164,-463,1075,157,-4950
IMU1,4513,45511342,-2217,1103,-528,1091,-177,-5043
IMU1,4514,45521991,-1929,968,-506,1080,-486,-5172
IMU1,4515,45532412,-1628,791,-433,1050,-663,-5334
IMU1,4516,45542847,-1365,626,-320,1007,-653,-5520
IMU1,4517,45554314,-989,347,-288,912,-312,-5891
IMU1,4518,45564363,-907,226,-232,887,-148,-6027
IMU1,4519,45574402,-799,71,-163,876,-40,-6115
IMU1,4520,45584026,-768,-1,-106,880,35,-6175
IMU1,4521,45593448,-669,-48,-68,890,105,-6126
IMU1,4522,45603081,-448,-70,-88,908,154,-6089
IMU1,4523,45612707,-192,-152,-94,921,180,-6043
IMU1,4524,45622542,-12,-174,53,940,154,-6013
IMU1,4525,45632075,32,-120,67,980,89,-5982
IMU1,4526,45641300,160,75,-73,1002,10,-5986
IMU1,4527,45650734,432,104,-57,972,-88,-5951
IMU1,4528,45660267,773,-12,-130,926,-225,-5918
IMU1,4529,45670104,731,-191,51,853,-371,-5905
IMU1,4530,45679859,837,-243,152,803,-439,-5817
IMU1,4531,45689800,804,-296,293,775,-386,-5649
IMU1,4532,45699736,766,-341,348,766,-191,-5408
IMU1,4533,45709677,1350,-377,188,774,90,-5101
IMU1,4534,45719535,356,-178,214,737,355,-4847
IMU1,4535,45729381,684,103,455,702,584,-4454
IMU1,4536,45739129,902,265,554,708,853,-4047
IMU1,4537,45748889,932,343,481,739,1130,-3676
IMU1,4538,45758841,903,332,475,752,1272,-3285
IMU1,4539,45768804,912,379,388,736,1278,-2845
IMU1,4540,45778758,900,474,292,674,1199,-2398
IMU1,4541,45788725,836,493,249,562,1103,-1943
IMU1,4542,45798673,746,504,232,404,1069,-1448
IMU1,4543,45808613,671,528,276,218,1136,-926
IMU1,4544,45818369,620,559,307,30,1284,-389
IMU1,4545,45827928,517,550,384,-159,1408,155
IMU1,4546,45837680,420,528,461,-324,1454,702
IMU1,4547,45847422,352,493,507,-472,1400,1257
IMU1,4548,45857377,233,424,547,-604,1250,1816
IMU1,4549,45867332,119,301,616,-714,1033,2384
IMU1,4550,45877308,40,216,671,-804,806,2981
IMU1,4551,45886832,-203,53,629,-879,552,3607
IMU1,4552,45896471,-435,-165,542,-952,251,4245
IMU1,4553,45906398,-683,-366,340,-1051,-95,4953
IMU1,4554,45916429,-897,-604,221,-1187,-461,5724
IMU1,4555,45926665,-1265,-893,167,-1341,-802,6555
IMU1,4556,45937078,-1671,-1265,-193,-1498,-1013,7453
IMU1,4557,45948527,-2473,-1860,-351,-1829,-876,9179
IMU1,4558,45959273,-2697,-2097,-597,-1976,-720,9884
IMU1,4559,45970009,-3062,-2365,-882,-2087,-701,10351
IMU1,4560,45980938,-4295,-2655,-1455,-2182,-949,10784
IMU1,4561,45992069,-3798,-2829,-1570,-2252,-1529,11443
IMU1,4562,46003409,-3928,-2093,-519,-2141,-2308,11927
IMU1,4563,46014538,-976,188,880,-1506,-2840,11635
IMU1,4564,46025080,-1780,705,172,675,-1633,10417
IMU1,4565,46035510,-2890,545,-129,1392,-864,9235
IMU1,4566,46045859,-3946,338,-36,1826,-732,8323
IMU1,4567,46055998,-4756,287,608,2088,-939,7811
IMU1,4568,46066265,-4606,16,1158,2271,-1015,7569
IMU1,4569,46076724,-4189,39,781,2316,-868,7274
IMU1,4570,46086797,-4193,393,643,2065,-580,6803
IMU1,4571,46097020,-3836,587,338,1566,-197,6244
IMU1,4572,46107261,-3734,601,152,901,-121,5598
IMU1,4573,46117303,-3760,637,-82,196,-574,4909
IMU1,4574,46127243,-3809,564,-111,-460,-1306,4268
IMU1,4575,46137668,-3814,628,-27,-995,-1905,3705
IMU1,4576,46147904,-3744,853,214,-1361,-2060,3203
IMU1,4577,46158426,-3640,1084,751,-1562,-1579,2691
IMU1,4578,46169685,-3802,962,1041,-1554,881,1547
IMU1,4579,46180115,-3769,775,1254,-1373,2148,963
IMU1,4580,46190564,-3974,829,1045,-1098,2987,348
IMU1,4581,46201001,-4188,838,950,-840,3300,-229
IMU1,4582,46211138,-4335,793,898,-601,3126,-731
IMU1,4583,46223848,-4425,769,771,-393,2547,-1158
IMU1,4584,46234197,-4423,803,649,-239,1664,-1520
IMU1,4585,46244521,-4353,886,540,-141,685,-1827
IMU1,4586,46254645,-4299,1051,538,-106,-154,-2085
IMU1,4587,46265586,-4174,1082,531,-127,-789,-2419
IMU1,4588,46276022,-4059,1140,458,-174,-558,-2533
IMU1,4589,46286453,-3897,1123,366,-256,-139,-2722
IMU1,4590,46296860,-3766,1108,348,-388,299,-2971
IMU1,4591,46307198,-4032,1059,593,-519,636,-3202
IMU1,4592,46317547,-4050,1032,796,-559,729,-3338
IMU1,4593,46327900,-3841,1160,710,-501,544,-3481
IMU1,4594,46338249,-3607,1184,619,-440,238,-3653
IMU1,4595,46348585,-3496,1139,613,-406,-72,-3856
IMU1,4596,46358825,-3320,1137,563,-385,-345,-4045
IMU1,4597,46369257,-3132,1101,479,-399,-523,-4226
IMU1,4598,46379704,-3066,834,503,-457,-524,-4416
IMU1,4599,46390465,-2943,740,451,-596,-62,-4680
IMU1,4600,46400505,-2672,722,357,-660,226,-4742
IMU1,4601,46410626,-2334,740,298,-720,425,-4826
IMU1,4602,46420755,-2136,739,239,-761,500,-4962
IMU1,4603,46430894,-1897,727,217,-787,494,-5117
IMU1,4604,46441041,-1705,657,210,-787,438,-5282
IMU1,4605,46451163,-1535,594,156,-780,372,-5437
IMU1,4606,46461321,-1310,538,102,-766,329,-5569
IMU1,4607,46471460,-1075,537,-22,-765,327,-5696
IMU1,4608,46481491,-751,527,-237,-789,390,-5849
IMU1,4609,46491533,-719,355,-194,-856,539,-6042
IMU1,4610,46501564,-637,284,-39,-912,751,-6203
IMU1,4611,46511416,-782,247,19,-900,969,-6299
IMU1,4612,46521164,-992,110,110,-841,1176,-6270
IMU1,4613,46531312,-824,-123,181,-741,1339,-6049
IMU1,4614,46541533,-610,-236,152,-583,1414,-5895
IMU1,4615,46551771,-682,-144,-85,-443,1417,-5756
IMU1,4616,46561901,-454,-58,-159,-359,1386,-5580
IMU1,4617,46572032,-232,-182,-170,-301,1336,-5420
IMU1,4618,46582873,-94,-231,-272,-217,1246,-5147
IMU1,4619,46593002,38,-301,-251,-175,1263,-5013
IMU1,4620,46603025,147,-392,-289,-125,1335,-4868
IMU1,4621,46613250,173,-426,-159,-61,1456,-4710
IMU1,4622,46623277,242,-423,-1,48,1619,-4531
IMU1,4623,46632807,273,-420,59,205,1823,-4346
IMU1,4624,46642646,294,-391,92,391,2038,-4136
IMU1,4625,46652497,320,-360,97,592,2253,-3908
IMU1,4626,46662344,298,-342,188,798,2465,-3660
IMU1,4627,46672402,247,-361,437,1036,2660,-3374
IMU1,4628,46682637,228,-339,666,1329,2829,-3039
IMU1,4629,46692885,163,-225,919,1661,2944,-2670
IMU1,4630,46703129,138,-134,1078,2021,2972,-2273
IMU1,4631,46713576,118,-108,1234,2367,2902,-1844
IMU1,4632,46724035,14,-127,1381,2686,2733,-1377
IMU1,4633,46734256,216,-181,1615,2966,2468,-891
IMU1,4634,46744489,700,-389,1808,3207,2048,-441
IMU1,4635,46754718,-1133,-181,1718,3376,1371,5
IMU1,4636,46765802,-325,-548,1726,3321,-313,927
IMU1,4637,46775945,-429,-1112,1635,3062,-616,1567
IMU1,4638,46786506,-611,-1553,1666,2640,-632,2329
IMU1,4639,46797058,-836,-1639,1480,2070,-477,3202
IMU1,4640,46807584,-899,-1443,1204,1337,-291,4146
IMU1,4641,46818117,-762,-1194,1042,465,-195,5045
IMU1,4642,46828454,-520,-1008,1098,-442,-276,5765
IMU1,4643,46838881,-316,-1094,821,-1291,-608,6243
IMU1,4644,46849316,-294,-1479,677,-2101,-1073,6543
IMU1,4645,46859941,-287,-1777,620,-2849,-1493,6750
IMU1,4646,46870574,-810,-2314,54,-3520,-2149,7027
IMU1,4647,46881018,-1327,-2780,-444,-4744,-2492,7168
IMU1,4648,46891951,-1703,-3321,-1162,-5340,-2904,7330
IMU1,4649,46903096,-2316,-3814,-1659,-5923,-3376,7492
IMU1,4650,46914243,-1953,-3935,-1902,-6468,-3722,7618
IMU1,4651,46925388,-1801,-3893,-1628,-6941,-3623,7569
IMU1,4652,46936527,-836,-3676,-970,-7246,-2957,7210
IMU1,4653,46947276,-795,-2720,-1326,-7372,-1765,5699
IMU1,4654,46958213,-1000,-2906,-2083,-7550,2163,4350
IMU1,4655,46969265,-1101,-2764,-2445,-7579,4480,2762
IMU1,4656,46980320,-1444,-2826,-2545,-7484,6259,1142
IMU1,4657,46991376,-1830,-2881,-2253,-7123,7046,-272
IMU1,4658,47002314,-2080,-2583,-2117,-6434,6611,-1284
IMU1,4659,47013434,-2187,-2296,-2163,-5530,5222,-1828
IMU1,4660,47024589,-1834,-2003,-2296,-3807,2493,-1746
IMU1,4661,47035733,-1750,-1916,-2237,-3045,1928,-1355
IMU1,4662,47046890,-1742,-1691,-2138,-2269,1631,-834
IMU1,4663,47057815,-1330,-1489,-1949,-1410,1368,-279
IMU1,4664,47068744,-1160,-1368,-1917,-467,1048,186
IMU1,4665,47079383,-1064,-1262,-1916,491,741,564
IMU1,4666,47089736,-919,-1162,-1912,1401,648,847
IMU1,4667,47100089,-793,-1046,-1841,2226,801,1021
IMU1,4668,47110644,-843,-846,-1485,2972,1039,1084
IMU1,4669,47121691,-891,-852,-1340,4222,1148,1049
IMU1,4670,47132223,-950,-877,-1217,4704,923,1016
IMU1,4671,47142578,-992,-899,-1085,5092,579,979
IMU1,4672,47152729,-1031,-935,-969,5392,195,952
IMU1,4673,47162883,-1056,-960,-844,5609,-152,935
IMU1,4674,47173115,-1039,-992,-673,5762,-403,925
IMU1,4675,47183367,-911,-1050,-392,5889,-570,903
IMU1,4676,47193620,-1048,-1172,-98,6013,-712,846
IMU1,4677,47203850,-1265,-1469,-87,6135,-878,789
IMU1,4678,47214086,-1304,-1581,1,6204,-1095,768
IMU1,4679,47226783,-1279,-1654,283,6249,-1674,641
IMU1,4680,47237325,-1517,-1558,312,6210,-2066,509
IMU1,4681,47247875,-1195,-1652,769,6111,-2498,341
IMU1,4682,47258421,-1006,-1460,618,5946,-2870,60
IMU1,4683,47268756,-984,-1323,503,5570,-2969,-279
IMU1,4684,47279191,-928,-1352,415,4977,-2592,-538
IMU1,4685,47289637,-821,-1326,404,4232,-1874,-664
IMU1,4686,47300054,-754,-1229,443,3420,-1122,-674
IMU1,4687,47310487,-775,-1137,474,2609,-552,-605
IMU1,4688,47320719,-800,-1034,549,1850,-238,-488
IMU1,4689,47330949,-774,-923,680,1188,-144,-355
IMU1,4690,47340988,-711,-816,887,639,-163,-226
IMU1,4691,47352379,-366,-558,967,-149,-73,-92
IMU1,4692,47361908,-249,-425,896,-456,187,-106
IMU1,4693,47371716,-234,-323,656,-784,557,-149
IMU1,4694,47381543,-216,-301,402,-1157,892,-202
IMU1,4695,47391569,-229,-252,153,-1582,1070,-248
IMU1,4696,47401799,-272,-122,-60,-2036,1082,-265
IMU1,4697,47411914,-330,-80,-120,-2489,1028,-244
IMU1,4698,47422025,-488,2,-218,-2911,998,-173
IMU1,4699,47431655,-593,55,-263,-3304,1023,-5
IMU1,4700,47441301,-685,74,-271,-3635,1101,281
IMU1,4701,47451241,-730,109,-293,-3909,1186,522
IMU1,4702,47461386,-836,174,-175,-4085,1269,827
IMU1,4703,47471525,-1121,300,-114,-4177,1332,1135
IMU1,4704,47482073,-1437,543,154,-4165,1350,1496
IMU1,4705,47492529,-1990,548,406,-4003,1308,1948
IMU1,4706,47502971,-2070,500,321,-3706,1192,2527
IMU1,4707,47513441,-2103,485,89,-3355,956,3168
IMU1,4708,47523519,-2233,459,-48,-3003,581,3834
IMU1,4709,47533678,-2403,374,-206,-2652,97,4514
IMU1,4710,47544335,-2458,408,-161,-1912,-934,5772
IMU1,4711,47554768,-2569,477,-198,-1465,-1367,6305
IMU1,4712,47565399,-2804,629,-280,-990,-1687,6769
IMU1,4713,47575831,-2806,734,-312,-512,-1818,7051
IMU1,4714,47586285,-2763,1027,-420,-58,-1723,7258
IMU1,4715,47596724,-2705,1326,-584,331,-1436,7313
IMU1,4716,47607283,-2741,1551,-674,621,-1058,7235
IMU1,4717,47617837,-2963,1754,-845,807,-740,7102
IMU1,4718,47628176,-3247,1977,-898,901,-582,6972
IMU1,4719,47638520,-3595,2119,-890,949,-579,6863
IMU1,4720,47648877,-3852,2327,-812,968,-651,6779
IMU1,4721,47659730,-4149,2489,-792,990,-778,6625
IMU1,4722,47670091,-4239,2674,-767,986,-781,6526
IMU1,4723,47680442,-4308,2884,-706,975,-717,6408
IMU1,4724,47690766,-4315,3011,-601,961,-563,6258
IMU1,4725,47701125,-4202,2937,-468,952,-307,6034
IMU1,4726,47711478,-4234,2773,-386,954,39,5720
IMU1,4727,47721551,-4539,2898,-381,940,406,5567
IMU1,4728,47731805,-4305,2656,-166,889,705,5585
IMU1,4729,47742058,-3690,2026,9,860,852,5490
IMU1,4730,47751821,-3592,1799,21,839,803,5297
IMU1,4731,47761778,-3418,1534,29,808,570,5080
IMU1,4732,47771734,-3163,1306,-28,777,183,4817
IMU1,4733,47781786,-2976,1194,-168,737,-299,4475
IMU1,4734,47792139,-2717,1111,-346,665,-822,4071
IMU1,4735,47802490,-2567,1071,-493,555,-1321,3597
IMU1,4736,47814074,-2340,1023,-773,242,-2007,2600
IMU1,4737,47824626,-2240,981,-860,39,-2080,2127
IMU1,4738,47834769,-2184,948,-919,-174,-1942,1690
IMU1,4739,47845219,-2175,902,-916,-394,-1632,1304
IMU1,4740,47855656,-2193,882,-891,-604,-1221,985
IMU1,4741,47865905,-2304,924,-868,-773,-776,724
IMU1,4742,47875962,-2407,957,-834,-911,-354,535
IMU1,4743,47886009,-2487,956,-778,-998,12,408
IMU1,4744,47895754,-2523,884,-705,-1027,286,332
IMU1,4745,47905905,-2527,793,-642,-1002,454,291
IMU1,4746,47916057,-2548,740,-590,-927,527,264
IMU1,4747,47926023,-2584,737,-568,-808,525,246
IMU1,4748,47935952,-2597,794,-546,-661,485,223
IMU1,4749,47945909,-2600,847,-506,-497,423,185
IMU1,4750,47955844,-2580,854,-453,-323,373,127
IMU1,4751,47965778,-2560,867,-403,-136,356,32
IMU1,4752,47975514,-2544,870,-360,39,328,-86
IMU1,4753,47985069,-2538,900,-341,219,251,-228
IMU1,4754,47995019,-2506,970,-307,395,113,-391
IMU1,4755,48006027,-2389,1079,-302,671,-230,-817
IMU1,4756,48016255,-2333,1130,-310,781,-359,-1082
IMU1,4757,48026687,-2291,1172,-295,846,-448,-1354
IMU1,4758,48037110,-2282,1207,-293,892,-510,-1640
IMU1,4759,48047543,-2285,1225,-296,894,-582,-1906
IMU1,4760,48057981,-2294,1257,-297,866,-646,-2154
IMU1,4761,48068416,-2314,1314,-284,804,-688,-2373
IMU1,4762,48078849,-2339,1397,-265,724,-701,-2564
IMU1,4763,48089279,-2355,1472,-223,630,-678,-2737
IMU1,4764,48099725,-2383,1542,-217,523,-638,-2889
IMU1,4765,48110170,-2430,1605,-214,407,-606,-3019
IMU1,4766,48121644,-2588,1769,-267,125,-495,-3232
IMU1,4767,48132062,-2771,1965,-289,-38,-386,-3313
IMU1,4768,48142379,-3011,2287,-292,-214,-220,-3379
IMU1,4769,48152913,-3235,2714,-294,-385,28,-3432
IMU1,4770,48163156,-3321,3102,-275,-541,352,-3494
IMU1,4771,48173612,-3210,3301,-255,-670,705,-3604
IMU1,4772,48184037,-3027,3314,-259,-770,984,-3788
IMU1,4773,48194481,-2860,3193,-267,-851,1080,-4043
IMU1,4774,48205120,-2739,3058,-264,-916,970,-4340
IMU1,4775,48215557,-2669,2983,-244,-974,739,-4646
IMU1,4776,48228551,-2549,2922,-178,-1096,268,-5174
IMU1,4777,48239196,-2483,2878,-166,-1167,135,-5372
IMU1,4778,48249846,-2488,2825,-208,-1232,83,-5521
IMU1,4779,48260283,-2500,2747,-263,-1320,85,-5606
IMU1,4780,48270712,-2434,2660,-293,-1410,103,-5620
IMU1,4781,48281358,-2326,2549,-289,-1497,147,-5589
IMU1,4782,48292021,-2221,2457,-272,-1576,246,-5528
IMU1,4783,48302662,-2125,2330,-243,-1641,392,-5438
IMU1,4784,48313830,-1893,2039,-220,-1684,655,-5189
IMU1,4785,48324471,-1763,1912,-206,-1680,785,-5035
IMU1,4786,48335122,-1648,1803,-188,-1661,913,-4867
IMU1,4787,48345745,-1549,1701,-162,-1607,1014,-4696
IMU1,4788,48356566,-1447,1602,-129,-1536,1073,-4520
IMU1,4789,48367390,-1349,1483,-102,-1444,1082,-4335
IMU1,4790,48378221,-1252,1374,-80,-1335,1056,-4140
IMU1,4791,48388866,-1181,1295,-92,-1220,1019,-3947
IMU1,4792,48399499,-1035,1192,-48,-1100,921,-3557
IMU1,4793,48409951,-969,1126,-14,-879,854,-3349
IMU1,4794,48419983,-879,1070,10,-754,786,-3136
IMU1,4795,48429941,-797,1012,37,-626,700,-2898
IMU1,4796,48439898,-709,1050,35,-492,619,-2595
IMU1,4797,48449848,-636,1027,38,-356,527,-2377
IMU1,4798,48459798,-586,1026,20,-219,431,-2126
IMU1,4799,48469747,-503,1052,34,-97,341,-1872
IMU1,4800,48479498,-522,1041,7,30,263,-1617
IMU1,4801,48488936,-610,1029,-45,146,191,-1332
IMU1,4802,48498865,-799,1037,-69,242,111,-1007
IMU1,4803,48508790,-809,1082,-81,322,-22,-659
IMU1,4804,48518408,-607,980,-86,398,-225,-320
IMU1,4805,48528016,-667,835,-70,459,-433,-4
IMU1,4806,48537229,-897,725,-155,499,-565,338
# swing_peak_seq=4780
IMU1,4807,48546967,-939,706,-104,515,-608,728
IMU1,4808,48556701,-1106,698,-120,533,-594,1150
IMU1,4809,48566850,-1130,688,-139,542,-556,1612
IMU1,4810,48576979,-1146,669,-133,547,-514,2076
IMU1,4811,48587112,-1511,688,-281,536,-482,2517
IMU1,4812,48597261,-1623,766,-276,488,-451,2994
IMU1,4813,48607396,-1609,806,-293,429,-432,3488
IMU1,4814,48617527,-1757,819,-323,364,-428,3958
IMU1,4815,48627670,-1877,935,-356,295,-440,4419
IMU1,4816,48637820,-2091,1070,-407,221,-465,4857
IMU1,4817,48648166,-2318,1185,-416,143,-472,5289
IMU1,4818,48658488,-2498,1314,-439,79,-451,5708
IMU1,4819,48669663,-2972,1560,-414,16,-371,6494
IMU1,4820,48679786,-3159,1714,-427,13,-312,6844
IMU1,4821,48689929,-3407,1856,-446,29,-193,7103
IMU1,4822,48700059,-6636,271,-1205,-46,17,8079
IMU1,4823,48709995,-2478,2067,-860,-201,312,8379
IMU1,4824,48720342,-3190,2742,-1237,-592,1102,8172
IMU1,4825,48731094,-9347,-3180,-1800,-1136,2204,8343
IMU1,4826,48742154,-4010,596,-1335,-1351,3339,8609
IMU1,4827,48752914,-2252,4625,-1152,-1296,3419,8012
IMU1,4828,48763847,-2303,2875,-1180,-871,1700,6683
IMU1,4829,48774592,-3358,2871,-550,-546,-769,4852
IMU1,4830,48785034,-3382,2740,-203,-189,-750,4448
IMU1,4831,48795465,-3414,2707,-90,-77,-336,4077
IMU1,4832,48805504,-3159,2339,-39,0,49,3690
IMU1,4833,48814856,-2824,1917,-110,40,51,3276
IMU1,4834,48824698,-2798,1702,-231,67,-373,2807
IMU1,4835,48834823,-2639,1511,-303,76,-1073,2363
IMU1,4836,48845163,-2479,1347,-321,80,-1799,1950
IMU1,4837,48855481,-2402,1254,-371,86,-2370,1573
IMU1,4838,48865822,-2293,1152,-497,71,-2742,1242
IMU1,4839,48876156,-2243,1042,-604,10,-2913,949
IMU1,4840,48886297,-2240,991,-761,-85,-2904,700
IMU1,4841,48896328,-2128,1059,-932,-221,-2768,511
IMU1,4842,48906744,-1956,1194,-1105,-389,-2541,365
IMU1,4843,48917379,-1843,1370,-1214,-595,-2237,244
IMU1,4844,48928014,-1823,1590,-1310,-799,-1863,141
IMU1,4845,48939159,-1788,1449,-1253,-1185,-1057,53
IMU1,4846,48949800,-1737,1301,-1093,-1327,-595,67
IMU1,4847,48960221,-1676,1206,-920,-1403,-61,101
IMU1,4848,48970430,-1575,1109,-752,-1405,516,141
IMU1,4849,48980770,-1455,1056,-640,-1342,1050,174
IMU1,4850,48991294,-1403,1021,-571,-1225,1449,187
IMU1,4851,49001826,-1396,1017,-512,-1060,1623,185
IMU1,4852,49012351,-1390,1032,-459,-860,1553,195
IMU1,4853,49022696,-1366,1043,-405,-630,1298,207
IMU1,4854,49033034,-1359,1036,-348,-379,960,217
IMU1,4855,49043171,-1361,990,-290,-117,614,239
IMU1,4856,49054163,-1342,931,-338,376,34,331
IMU1,4857,49063808,-1305,889,-368,602,-210,356
IMU1,4858,49073744,-1311,827,-415,786,-442,372
IMU1,4859,49083686,-1329,810,-449,935,-648,388
IMU1,4860,49093621,-1357,788,-456,1043,-791,390
IMU1,4861,49103773,-1352,757,-491,1123,-874,391
IMU1,4862,49113930,-1379,755,-514,1162,-905,388
IMU1,4863,49124082,-1395,769,-542,1171,-897,385
IMU1,4864,49134231,-1446,789,-612,1146,-863,382
IMU1,4865,49144389,-1416,849,-571,1087,-845,370
IMU1,4866,49154538,-1477,851,-620,1011,-855,342
IMU1,4867,49164657,-1574,883,-645,917,-830,309
IMU1,4868,49174584,-1613,931,-674,794,-756,273
IMU1,4869,49184513,-1719,964,-690,644,-626,227
IMU1,4870,49194430,-1783,966,-698,481,-438,180
IMU1,4871,49204343,-1855,1028,-696,308,-201,121
IMU1,4872,49214457,-1908,1125,-719,125,77,48
IMU1,4873,49224090,-1976,1212,-710,-71,388,-46
IMU1,4874,49236465,-2055,1356,-649,-450,989,-361
IMU1,4875,49246685,-2055,1417,-593,-618,1253,-588
IMU1,4876,49257128,-2069,1484,-548,-753,1485,-864
IMU1,4877,49267551,-2107,1564,-500,-856,1690,-1174
IMU1,4878,49278178,-2157,1634,-453,-915,1857,-1498
IMU1,4879,49288817,-2154,1714,-466,-937,1968,-1816
IMU1,4880,49299441,-2170,1797,-457,-936,2017,-2138
IMU1,4881,49310064,-2212,1896,-463,-913,2007,-2450
IMU1,4882,49320703,-2259,2004,-483,-867,1960,-2737
IMU1,4883,49331315,-2305,2111,-485,-800,1902,-2992
IMU1,4884,49341940,-2409,2208,-439,-713,1829,-3410
IMU1,4885,49352576,-2527,2390,-404,-488,1789,-3570
IMU1,4886,49363211,-2582,2546,-348,-347,1741,-3700
IMU1,4887,49373824,-2679,2658,-243,-179,1691,-3798
IMU1,4888,49384446,-2737,2765,-193,0,1664,-3877
IMU1,4889,49394470,-2818,2897,-121,189,1653,-3949
IMU1,4890,49405000,-2840,2963,-72,373,1645,-4017
IMU1,4891,49415330,-2915,2983,-60,539,1621,-4092
IMU1,4892,49425666,-2933,2946,-54,667,1508,-4179
IMU1,4893,49436001,-2963,2941,-114,764,1232,-4301
IMU1,4894,49446547,-2973,2963,-21,835,840,-4449
IMU1,4895,49456676,-2940,2780,-93,897,443,-4604
IMU1,4896,49467856,-2878,2684,-136,905,-188,-4864
IMU1,4897,49478288,-2851,2512,-129,841,-404,-4953
IMU1,4898,49488732,-2809,2320,-98,747,-596,-5005
IMU1,4899,49498966,-2734,2200,-96,655,-759,-5045
IMU1,4900,49509204,-2579,2100,-72,547,-885,-5080
IMU1,4901,49519444,-2372,2012,-108,433,-985,-5147
IMU1,4902,49529885,-2117,1957,-144,303,-1086,-5257
IMU1,4903,49540522,-1920,1870,-156,152,-1157,-5387
IMU1,4904,49551161,-1835,1598,-104,8,-1156,-5477
IMU1,4905,49561420,-1706,1651,-109,-111,-1069,-5489
IMU1,4906,49572156,-1696,1298,-53,-210,-867,-5419
IMU1,4907,49582997,-1440,1124,-23,-298,-265,-5051
IMU1,4908,49593328,-1328,1089,43,-273,23,-4810
IMU1,4909,49603263,-1254,1179,-74,-232,222,-4537
IMU1,4910,49613487,-1172,1271,-32,-180,340,-4264
IMU1,4911,49623711,-943,1288,-14,-114,366,-3957
IMU1,4912,49633739,-730,1242,99,-12,327,-3619
IMU1,4913,49643473,-460,1256,104,136,232,-3368
IMU1,4914,49653521,-563,1288,82,297,112,-3124
IMU1,4915,49663362,-440,1273,-20,444,-8,-2832
IMU1,4916,49673004,-865,1068,-98,573,-113,-2519
IMU1,4917,49683034,-996,1072,-331,644,-204,-2071
IMU1,4918,49693266,-761,1057,-326,653,-304,-1653
IMU1,4919,49703490,-609,898,-393,636,-388,-1214
IMU1,4920,49713537,-612,831,-398,585,-412,-820
IMU1,4921,49723381,-791,818,-464,520,-353,-425
IMU1,4922,49733218,-778,832,-535,423,-226,0
IMU1,4923,49742455,-828,839,-515,306,-59,425
IMU1,4924,49751991,-1019,780,-583,175,102,855
IMU1,4925,49761846,-1143,693,-627,35,228,1314
IMU1,4926,49771687,-1163,674,-687,-125,307,1792
IMU1,4927,49781814,-1274,693,-759,-305,353,2263
IMU1,4928,49791961,-1427,655,-822,-511,399,2724
IMU1,4929,49802117,-1615,655,-888,-726,482,3166
IMU1,4930,49812256,-1739,679,-828,-953,612,3584
# swing_peak_seq=4904
IMU1,4931,49823441,-2256,525,-657,-1323,973,4356
IMU1,4932,49833777,-2582,403,-664,-1470,1146,4747
IMU1,4933,49844309,-2793,335,-718,-1600,1258,5125
IMU1,4934,49854845,-2874,352,-863,-1715,1255,5457
IMU1,4935,49865393,-2832,538,-1073,-1804,1128,5695
IMU1,4936,49876143,-2776,769,-1240,-1908,972,5878
IMU1,4937,49886699,-2394,745,-1216,-2018,952,6004
IMU1,4938,49897266,-2497,801,-1092,-2123,1178,6005
IMU1,4939,49908013,-2552,942,-1093,-2224,1602,5867
IMU1,4940,49918767,-2967,1389,-1053,-2333,2081,5427
IMU1,4941,49929724,-3070,1443,-1134,-2456,2436,5139
IMU1,4942,49940665,-3070,1343,-1219,-2415,2094,4831
IMU1,4943,49951602,-3024,1268,-1241,-2303,1476,4498
IMU1,4944,49962557,-3035,1244,-1156,-2087,719,4172
IMU1,4945,49973311,-3055,1247,-1187,-1787,-14,3894
IMU1,4946,49983940,-3019,1252,-1125,-1437,-647,3655
IMU1,4947,49994790,-2992,1178,-1079,-1050,-1120,3426
IMU1,4948,50005830,-2932,1098,-1152,-366,-1464,3015
IMU1,4949,50016667,-2926,1056,-1156,-161,-1440,2849
IMU1,4950,50027484,-2795,1005,-1147,-34,-1377,2705
IMU1,4951,50038123,-2948,1004,-1319,43,-1281,2507
IMU1,4952,50048655,-5058,-499,-4278,72,-1313,2383
IMU1,4953,50059095,-4319,-1385,-1257,74,-2427,2592
IMU1,4954,50069742,-2040,207,-1098,907,-4219,2704
IMU1,4955,50080292,-2132,418,-983,1782,-4789,2464
IMU1,4956,50090834,-2135,718,-726,2258,-3983,2177
IMU1,4957,50101393,-1724,1013,-1121,2380,-2684,1677
IMU1,4958,50112338,-1769,1091,-1206,1876,-600,1460
IMU1,4959,50123075,-1761,1087,-1177,1447,-38,1278
IMU1,4960,50133625,-1698,767,-1173,1039,227,1112
IMU1,4961,50144078,-1640,726,-1065,704,211,954
IMU1,4962,50154112,-1640,926,-934,453,101,799
IMU1,4963,50163963,-1618,979,-720,257,60,672
IMU1,4964,50173600,-1622,944,-588,123,115,587
IMU1,4965,50183443,-1701,944,-546,19,245,549
IMU1,4966,50193076,-1917,1000,-614,-78,395,560
IMU1,4967,50203020,-2051,1080,-663,-192,498,636
IMU1,4968,50213153,-2123,1146,-732,-312,502,757
IMU1,4969,50223302,-2132,1209,-758,-427,403,891
IMU1,4970,50233443,-2128,1255,-723,-521,250,1022
IMU1,4971,50246338,-1998,1197,-599,-594,-59,1226
IMU1,4972,50256590,-1881,976,-533,-576,-199,1290
IMU1,4973,50266822,-1703,732,-518,-533,-341,1309
IMU1,4974,50277056,-1526,527,-511,-467,-474,1261
IMU1,4975,50287305,-1390,397,-580,-407,-609,1153
IMU1,4976,50297551,-1327,469,-704,-375,-720,984
IMU1,4977,50307600,-1287,724,-890,-396,-802,774
IMU1,4978,50317623,-1310,976,-1078,-480,-849,544
IMU1,4979,50327854,-1341,1090,-1184,-629,-845,318
IMU1,4980,50338302,-1384,1054,-1234,-822,-768,128
IMU1,4981,50348738,-1469,1012,-1192,-1025,-575,-16
IMU1,4982,50359279,-1544,1028,-1119,-1201,-234,-111
IMU1,4983,50370023,-1662,1085,-979,-1342,236,-178
IMU1,4984,50381494,-1872,1371,-937,-1500,1267,-303
IMU1,4985,50392135,-1953,1486,-872,-1518,1673,-395
IMU1,4986,50402780,-2024,1512,-818,-1490,1941,-511
IMU1,4987,50413413,-2067,1493,-770,-1436,2078,-655
IMU1,4988,50424060,-2086,1458,-734,-1335,2080,-818
IMU1,4989,50434683,-2078,1461,-760,-1206,1960,-993
IMU1,4990,50445313,-2055,1514,-807,-1063,1730,-1188
IMU1,4991,50456150,-2014,1594,-815,-898,1422,-1406
IMU1,4992,50466797,-1990,1806,-844,-707,1099,-1891
IMU1,4993,50477436,-1971,1868,-858,-326,630,-2126
IMU1,4994,50487884,-1936,1879,-863,-147,506,-2340
IMU1,4995,50498323,-1916,1882,-871,27,438,-2530
IMU1,4996,50508475,-1916,1859,-879,182,402,-2686
IMU1,4997,50518824,-1954,1834,-866,317,384,-2803
IMU1,4998,50529177,-2039,1804,-838,434,376,-2885
IMU1,4999,50539523,-2153,1813,-844,543,374,-2929
IMU1,5000,50549872,-2206,1837,-832,639,374,-2949
IMU1,5001,50560231,-2214,1867,-816,716,378,-2972
IMU1,5002,50570570,-2197,1889,-770,784,422,-3014
IMU1,5003,50580925,-2191,1914,-707,860,521,-3084
IMU1,5004,50591284,-2201,1967,-615,950,675,-3178
IMU1,5005,50602687,-2322,2039,-603,1146,1010,-3417
IMU1,5006,50613435,-2450,2019,-631,1243,1097,-3525
IMU1,5007,50624195,-2400,1971,-602,1327,1120,-3615
IMU1,5008,50634934,-2342,1959,-537,1417,1096,-3719
IMU1,5009,50645696,-2325,1983,-504,1525,1029,-3843
IMU1,5010,50656443,-2261,1979,-525,1640,908,-3978
IMU1,5011,50666990,-2160,1942,-564,1744,741,-4123
IMU1,5012,50677550,-2100,1878,-613,1828,568,-4269
IMU1,5013,50688121,-1947,1758,-741,1886,428,-4491
IMU1,5014,50698651,-1825,1699,-781,1910,477,-4545
IMU1,5015,50709209,-1701,1645,-840,1898,554,-4571
IMU1,5016,50719753,-1628,1652,-869,1858,656,-4565
IMU1,5017,50730304,-1479,1603,-878,1789,734,-4518
IMU1,5018,50740852,-1295,1456,-869,1703,748,-4444
IMU1,5019,50751394,-1143,1334,-855,1587,712,-4355
IMU1,5020,50761965,-1008,1217,-807,1444,664,-4256
IMU1,5021,50772507,-994,1153,-804,1283,632,-4144
IMU1,5022,50782860,-899,1180,-797,1095,627,-3998
IMU1,5023,50793240,-781,1178,-727,893,617,-3819
IMU1,5024,50804439,-458,1150,-708,479,441,-3414
IMU1,5025,50814588,-359,1060,-737,270,299,-3181
IMU1,5026,50824746,-339,1024,-706,81,202,-2964
IMU1,5027,50834682,-444,977,-712,-107,174,-2721
IMU1,5028,50844714,-403,932,-700,-285,199,-2431
IMU1,5029,50854759,-238,896,-679,-454,275,-2105
IMU1,5030,50864798,-320,856,-690,-594,374,-1771
IMU1,5031,50874845,-538,763,-714,-718,463,-1404
IMU1,5032,50884904,-729,636,-849,-830,490,-952
IMU1,5033,50894750,-736,689,-894,-960,456,-445
IMU1,5034,50904585,-797,737,-951,-1109,381,65
IMU1,5035,50914350,-940,622,-925,-1258,264,575
IMU1,5036,50924316,-1039,579,-843,-1384,113,1105
IMU1,5037,50934671,-1140,601,-772,-1479,-57,1643
IMU1,5038,50944922,-1223,658,-803,-1540,-230,2161
IMU1,5039,50955358,-1279,686,-853,-1582,-397,2642
IMU1,5040,50965812,-1355,687,-885,-1606,-542,3075
IMU1,5041,50976249,-1657,629,-1003,-1620,-658,3457
# swing_peak_seq=5015
IMU1,5042,50986874,-2116,605,-1106,-1587,-809,4030
IMU1,5043,50997533,-2187,641,-1081,-1574,-852,4459
IMU1,5044,51008185,-2061,621,-1047,-1532,-905,4807
IMU1,5045,51018822,-2042,577,-1059,-1465,-978,5049
IMU1,5046,51029475,-2051,554,-1007,-1374,-1031,5192
IMU1,5047,51040332,-2068,623,-1065,-1279,-1036,5337
IMU1,5048,51051183,-2161,684,-1165,-1191,-1004,5442
IMU1,5049,51062040,-2181,728,-1202,-1119,-950,5500
IMU1,5050,51072706,-2349,1028,-1266,-1051,-892,5435
IMU1,5051,51083565,-2344,1139,-1294,-917,-788,5300
IMU1,5052,51094225,-2369,1189,-1299,-866,-712,5097
IMU1,5053,51104903,-2343,1240,-1293,-833,-638,4784
IMU1,5054,51115571,-2339,1256,-1280,-840,-508,4405
IMU1,5055,51126234,-2389,1262,-1298,-868,-441,3959
IMU1,5056,51136894,-2500,1095,-1218,-899,-480,3477
IMU1,5057,51147544,-2682,942,-1169,-912,-616,3034
IMU1,5058,51158018,-2854,868,-1115,-918,-788,2691
IMU1,5059,51168491,-2944,852,-1087,-930,-932,2461
IMU1,5060,51179471,-2921,928,-1104,-970,-1026,2172
IMU1,5061,51190143,-2869,1006,-1156,-1008,-987,2043
IMU1,5062,51201002,-2817,1046,-1233,-1047,-929,1883
IMU1,5063,51211801,-2784,1080,-1318,-1096,-906,1710
IMU1,5064,51222619,-2769,1078,-1373,-1154,-944,1551
IMU1,5065,51233445,-2739,1013,-1366,-1207,-1006,1418
IMU1,5066,51247008,-2601,839,-1234,-1234,-941,1222
IMU1,5067,51257637,-2527,741,-1167,-1197,-771,1144
IMU1,5068,51268268,-2447,660,-1127,-1125,-585,1062
IMU1,5069,51278884,-2356,611,-1097,-1042,-454,978
IMU1,5070,51289315,-2262,573,-1063,-941,-435,883
IMU1,5071,51299545,-2161,562,-1031,-831,-529,778
IMU1,5072,51309777,-2080,661,-1040,-717,-694,660
IMU1,5073,51319996,-2007,790,-1004,-613,-885,525
IMU1,5074,51330239,-1896,867,-1029,-533,-1052,377
IMU1,5075,51340670,-1883,907,-1004,-478,-1179,231
IMU1,5076,51351110,-1821,909,-970,-435,-1281,115
IMU1,5077,51362383,-1717,960,-968,-396,-1400,-41
IMU1,5078,51372505,-1746,1006,-937,-379,-1383,-78
IMU1,5079,51382832,-1735,1038,-909,-381,-1325,-77
IMU1,5080,51393162,-1785,1054,-884,-378,-1224,-57
IMU1,5081,51403483,-1796,1066,-783,-373,-1083,-9
IMU1,5082,51413619,-1830,1031,-737,-357,-921,63
IMU1,5083,51423654,-1811,961,-690,-335,-736,163
IMU1,5084,51433688,-1850,960,-648,-299,-529,260
IMU1,5085,51443708,-1922,1030,-586,-253,-310,350
IMU1,5086,51453942,-1988,1130,-545,-202,-120,437
IMU1,5087,51464172,-2016,1177,-517,-142,34,517
IMU1,5088,51474101,-2035,1222,-483,-78,161,578
IMU1,5089,51484027,-2066,1220,-493,-20,238,619
IMU1,5090,51493962,-2086,1193,-471,32,260,641
IMU1,5091,51503805,-2086,1131,-440,75,224,644
IMU1,5092,51513650,-2063,1113,-411,125,163,628
IMU1,5093,51523688,-2070,1109,-368,169,106,580
IMU1,5094,51533721,-2102,1124,-303,220,57,501
IMU1,5095,51544598,-2144,1185,-287,320,-38,265
IMU1,5096,51554537,-1984,1082,-275,377,-86,109
IMU1,5097,51564475,-2184,1183,-255,426,-66,-67
IMU1,5098,51574316,-2217,1395,-282,462,2,-212
IMU1,5099,51584067,-2156,1507,-311,492,43,-374
IMU1,5100,51594002,-2109,1558,-359,512,26,-578
IMU1,5101,51603954,-2095,1630,-406,521,-36,-827
IMU1,5102,51613987,-2162,1741,-420,527,-140,-1095
IMU1,5103,51624418,-2176,1803,-439,532,-262,-1375
IMU1,5104,51634845,-2151,1795,-436,532,-395,-1662
IMU1,5105,51645289,-2110,1771,-413,543,-493,-1963
IMU1,5106,51655723,-2076,1780,-374,558,-521,-2272
IMU1,5107,51666164,-2089,1825,-382,578,-463,-2580
IMU1,5108,51676593,-2085,1888,-379,596,-342,-2875
IMU1,5109,51687039,-2088,1932,-422,620,-200,-3156
IMU1,5110,51697483,-2020,1915,-476,641,-49,-3430
IMU1,5111,51708247,-1979,1932,-476,704,334,-3993
IMU1,5112,51718604,-1953,1948,-469,759,579,-4280
IMU1,5113,51728947,-1940,1939,-453,840,834,-4569
IMU1,5114,51739287,-1951,1898,-431,937,1054,-4835
IMU1,5115,51749834,-2000,1827,-463,1057,1184,-5057
IMU1,5116,51760592,-2048,1783,-505,1170,1222,-5220
IMU1,5117,51771345,-2101,1753,-537,1254,1179,-5308
IMU1,5118,51782111,-2094,1684,-523,1314,1064,-5317
IMU1,5119,51792851,-2002,1595,-503,1350,892,-5254
IMU1,5120,51803399,-1771,1606,-599,1349,673,-4970
IMU1,5121,51813931,-1664,1465,-604,1215,132,-4742
IMU1,5122,51824477,-1557,1191,-570,1090,-101,-4465
IMU1,5123,51835118,-1740,1052,-484,964,-215,-4156
IMU1,5124,51845549,-1574,982,-405,833,-196,-3783
IMU1,5125,51855771,-1443,844,-282,721,-71,-3404
IMU1,5126,51865785,-1377,818,-206,631,159,-3031
IMU1,5127,51875907,-1363,820,-132,566,445,-2661
IMU1,5128,51886020,-1319,807,-104,529,709,-2292
IMU1,5129,51896150,-1222,774,-95,505,880,-1931
IMU1,5130,51906088,-1180,722,-118,494,914,-1593
IMU1,5131,51916227,-1140,669,-136,484,803,-1271
IMU1,5132,51926364,-1078,607,-146,470,561,-959
IMU1,5133,51936314,-1039,528,-182,457,249,-663
IMU1,5134,51946245,-1015,450,-211,435,-64,-380
IMU1,5135,51956064,-969,372,-260,408,-320,-96
IMU1,5136,51965683,-979,337,-299,363,-464,179
IMU1,5137,51975413,-1000,387,-351,304,-481,455
IMU1,5138,51985345,-977,531,-369,240,-387,718
IMU1,5139,51995081,-1036,682,-447,169,-224,965
IMU1,5140,52006568,-1248,835,-516,-22,145,1440
IMU1,5141,52016485,-1345,886,-543,-114,275,1681
IMU1,5142,52026609,-1411,927,-571,-200,334,1918
IMU1,5143,52036738,-1458,967,-597,-296,322,2158
# swing_peak_seq=5117
IMU1,5144,52046871,-1466,1040,-602,-384,283,2370
IMU1,5145,52057203,-1503,1160,-568,-455,239,2556
IMU1,5146,52067550,-1556,1314,-528,-489,221,2710
IMU1,5147,52077888,-1625,1423,-461,-489,241,2839
IMU1,5148,52088216,-1712,1492,-415,-445,287,2952
IMU1,5149,52098551,-1843,1515,-393,-370,329,3068
IMU1,5150,52108897,-2041,1524,-394,-279,339,3202
IMU1,5151,52119215,-2232,1485,-388,-176,307,3366
IMU1,5152,52129554,-2418,1437,-395,-65,234,3568
IMU1,5153,52139697,-2632,1431,-483,31,137,3792
IMU1,5154,52150785,-2675,1431,-514,163,-51,4239
IMU1,5155,52160930,-2707,1456,-536,189,-105,4451
IMU1,5156,52171264,-2738,1535,-557,208,-121,4639
IMU1,5157,52181611,-2731,1583,-546,217,-118,4806
IMU1,5158,52191952,-2712,1588,-552,224,-128,4942
IMU1,5159,52202319,-2723,1647,-575,238,-169,5042
IMU1,5160,52212656,-2719,1696,-555,270,-268,5099
IMU1,5161,52223009,-2682,1740,-541,330,-445,5096
IMU1,5162,52233370,-2566,1731,-537,417,-704,5021
IMU1,5163,52243710,-2534,1700,-511,535,-1015,4869
IMU1,5164,52256710,-2442,1595,-435,822,-1528,4415
IMU1,5165,52267252,-2311,1519,-397,978,-1695,4125
IMU1,5166,52277794,-2224,1457,-392,1137,-1821,3774
IMU1,5167,52288536,-2169,1408,-428,1275,-1924,3409
IMU1,5168,52299262,-2126,1418,-507,1371,-2009,3039
IMU1,5169,52310004,-2082,1422,-619,1408,-2095,2684
IMU1,5170,52320741,-2078,1457,-747,1377,-2181,2359
IMU1,5171,52331489,-2030,1445,-866,1278,-2243,2082
IMU1,5172,52342230,-2065,1405,-987,921,-2173,1722
IMU1,5173,52352780,-2118,1425,-992,699,-2004,1649
IMU1,5174,52363310,-2154,1407,-970,457,-1766,1647
IMU1,5175,52373848,-2188,1338,-949,237,-1470,1684
IMU1,5176,52384390,-2109,1199,-816,17,-1304,1753
IMU1,5177,52394732,-2068,1077,-786,-173,-964,1836
IMU1,5178,52405176,-2088,1017,-742,-317,-525,1921
IMU1,5179,52415612,-2022,956,-703,-436,-161,1995
IMU1,5180,52425866,-1949,897,-692,-532,69,2044
IMU1,5181,52435814,-1886,896,-703,-597,168,2047
IMU1,5182,52445929,-1891,900,-669,-647,177,2010
IMU1,5183,52456039,-1880,891,-676,-677,140,1951
IMU1,5184,52466149,-1885,903,-660,-701,88,1878
IMU1,5185,52476074,-1863,865,-627,-717,38,1798
IMU1,5186,52487049,-1738,756,-610,-764,-48,1609
IMU1,5187,52497047,-1723,783,-598,-789,-92,1499
IMU1,5188,52507059,-1670,788,-585,-798,-137,1368
IMU1,5189,52517274,-1626,795,-553,-809,-175,1218
IMU1,5190,52527483,-1607,833,-539,-809,-185,1051
IMU1,5191,52537684,-1590,888,-502,-799,-168,873
IMU1,5192,52547694,-1548,866,-460,-790,-143,695
IMU1,5193,52557712,-1502,810,-435,-759,-123,506
IMU1,5194,52567728,-1499,783,-426,-732,-96,321
IMU1,5195,52577543,-1587,833,-444,-715,-39,150
IMU1,5196,52587367,-1762,1039,-448,-709,76,6
IMU1,5197,52596890,-2001,1393,-446,-719,249,-99
IMU1,5198,52606897,-2200,1773,-400,-727,467,-177
IMU1,5199,52617109,-2262,1926,-326,-722,702,-245
IMU1,5200,52627320,-2208,1838,-265,-705,918,-325
IMU1,5201,52637537,-2145,1608,-219,-672,1092,-422
IMU1,5202,52647940,-2078,1389,-170,-639,1218,-530
IMU1,5203,52658357,-2018,1239,-117,-599,1325,-647
IMU1,5204,52668771,-1950,1259,-38,-552,1434,-786
IMU1,5205,52679527,-1955,1399,-65,-425,1622,-1193
IMU1,5206,52689940,-1944,1614,-112,-365,1671,-1467
IMU1,5207,52700532,-1894,1797,-146,-323,1685,-1778
IMU1,5208,52711140,-1905,1954,-138,-274,1665,-2120
IMU1,5209,52721762,-1983,2104,-115,-231,1585,-2472
IMU1,5210,52732385,-2067,2180,-92,-180,1409,-2786
IMU1,5211,52742814,-2092,2232,-60,-125,1187,-3037
IMU1,5212,52753237,-2115,2280,-42,-78,988,-3235
IMU1,5213,52763261,-2147,2373,-22,-35,835,-3391
IMU1,5214,52773279,-2223,2503,-32,8,731,-3518
IMU1,5215,52783022,-2252,2598,-83,40,651,-3633
IMU1,5216,52792949,-2302,2652,-131,66,583,-3752
IMU1,5217,52803088,-2376,2783,-166,79,547,-3873
IMU1,5218,52814248,-2561,2899,-144,46,678,-4107
IMU1,5219,52824352,-2658,2996,-121,35,836,-4233
IMU1,5220,52834472,-2719,3059,-92,37,1008,-4364
IMU1,5221,52844605,-2753,3126,-73,42,1215,-4506
IMU1,5222,52854728,-2689,3218,-37,51,1458,-4677
IMU1,5223,52864840,-2437,3348,12,75,1734,-4991
IMU1,5224,52874859,-2885,3313,-14,95,2057,-5353
IMU1,5225,52884982,-3414,3139,-14,109,2287,-5409
IMU1,5226,52895302,-3304,2975,51,130,2233,-5375
IMU1,5227,52905541,-3095,3016,53,154,2016,-5349
IMU1,5228,52915785,-3015,3033,138,171,1820,-5373
IMU1,5229,52926228,-2926,2847,179,200,1722,-5414
IMU1,5230,52936656,-2766,2595,167,234,1679,-5437
IMU1,5231,52947083,-2609,2401,90,275,1623,-5452
IMU1,5232,52958347,-2360,2070,74,362,1437,-5393
IMU1,5233,52968603,-2186,1899,12,395,1350,-5333
IMU1,5234,52978838,-2091,1864,-46,418,1242,-5255
IMU1,5235,52989167,-1890,1813,-19,453,1029,-5157
IMU1,5236,52999501,-1626,1611,-47,493,691,-5063
IMU1,5237,53009627,-1399,1396,-54,520,304,-4977
IMU1,5238,53019754,-1211,1241,-62,539,-58,-4887
IMU1,5239,53029785,-1084,1132,-7,546,-342,-4791
IMU1,5240,53039823,-991,1057,4,556,-528,-4678
IMU1,5241,53049576,-859,986,14,560,-614,-4545
IMU1,5242,53059314,-737,925,9,566,-602,-4402
IMU1,5243,53068847,-610,907,8,572,-498,-4254
IMU1,5244,53078371,-535,896,1,575,-334,-4082
IMU1,5245,53087914,-507,939,-38,590,-149,-3869
IMU1,5246,53097751,-520,992,-53,609,34,-3672
IMU1,5247,53107284,-490,946,-75,620,175,-3420
IMU1,5248,53117008,-490,874,-105,629,242,-3153
IMU1,5249,53126949,-429,859,-124,631,200,-2861
IMU1,5250,53136866,-415,845,-118,637,45,-2560
IMU1,5251,53146578,-404,831,-171,640,-168,-2235
IMU1,5252,53156581,-471,632,-177,630,-351,-1865
IMU1,5253,53166612,-586,683,-123,615,-429,-1432
IMU1,5254,53176632,-768,708,-128,608,-418,-950
IMU1,5255,53186463,-848,529,-203,603,-381,-407
IMU1,5256,53196282,-916,456,-209,588,-315,179
IMU1,5257,53206022,-1087,447,-235,560,-204,800
IMU1,5258,53215943,-1249,418,-240,536,-44,1459
IMU1,5259,53225879,-1437,363,-258,507,117,2141
IMU1,5260,53237478,-1810,334,-302,418,309,3488
IMU1,5261,53247528,-2009,323,-355,373,338,4115
IMU1,5262,53260131,-2232,321,-413,320,348,4694
IMU1,5263,53270156,-2460,332,-459,252,362,5250
IMU1,5264,53280182,-2711,389,-470,176,397,5746
IMU1,5265,53290205,-2910,464,-498,96,463,6197
IMU1,5266,53300036,-3010,532,-477,12,566,6661
IMU1,5267,53309864,-3451,732,-571,-69,734,7082
IMU1,5268,53319797,-3586,990,-601,-165,963,7412
IMU1,5269,53329930,-3640,995,-615,-273,1212,7740
IMU1,5270,53340258,-3613,1137,-676,-382,1454,7949
IMU1,5271,53350792,-3920,1223,-776,-483,1666,8073
IMU1,5272,53361316,-3943,1530,-896,-581,1774,7906
IMU1,5273,53371858,-4071,1611,-935,-620,1409,7628
IMU1,5274,53382400,-4231,1627,-924,-530,1002,7340
IMU1,5275,53392925,-4235,1568,-947,-394,562,7008
IMU1,5276,53403272,-4166,1505,-865,-200,125,6656
IMU1,5277,53413596,-4066,1417,-850,27,-242,6275
IMU1,5278,53423733,-3956,1223,-987,255,-539,5877
IMU1,5279,53434081,-3793,1032,-992,450,-799,5450
IMU1,5280,53444426,-3639,892,-963,628,-1005,4988
IMU1,5281,53454752,-3521,786,-919,805,-1168,4494
IMU1,5282,53465072,-3359,643,-899,986,-1313,3996
IMU1,5283,53475402,-3196,504,-897,1148,-1444,3479
IMU1,5284,53485936,-2880,294,-916,1274,-1541,2964
IMU1,5285,53496990,-2740,272,-901,1367,-1622,2000
IMU1,5286,53507503,-2620,264,-860,1347,-1626,1567
IMU1,5287,53518018,-2499,251,-838,1289,-1610,1187
IMU1,5288,53528535,-2384,207,-853,1213,-1563,848
IMU1,5289,53538865,-2255,158,-852,1106,-1503,557
IMU1,5290,53549200,-2156,137,-877,983,-1428,298
IMU1,5291,53559334,-2113,144,-953,843,-1345,62
IMU1,5292,53569270,-2065,160,-1037,679,-1256,-153
IMU1,5293,53579695,-2051,176,-1089,505,-1162,-364
IMU1,5294,53590112,-2045,221,-1096,335,-1040,-566
IMU1,5295,53600535,-2031,322,-1084,186,-873,-766
IMU1,5296,53610748,-2056,377,-1065,75,-672,-966
IMU1,5297,53621810,-2136,366,-1047,-26,-365,-1327
IMU1,5298,53632114,-2209,291,-1012,-14,-358,-1472
IMU1,5299,53642421,-2265,275,-1008,36,-475,-1599
IMU1,5300,53652644,-2252,262,-996,126,-715,-1718
IMU1,5301,53662870,-2208,272,-1005,235,-997,-1841
IMU1,5302,53673291,-2207,338,-1014,345,-1212,-1972
IMU1,5303,53683911,-2213,390,-999,449,-1296,-2093
IMU1,5304,53694333,-2229,416,-980,536,-1274,-2202
IMU1,5305,53704780,-2273,415,-946,607,-1224,-2295
IMU1,5306,53715220,-2222,416,-889,679,-1223,-2390
IMU1,5307,53725653,-2176,444,-869,752,-1311,-2515
IMU1,5308,53736093,-2180,430,-860,817,-1447,-2655
IMU1,5309,53747038,-2141,351,-845,881,-1608,-2875
IMU1,5310,53757471,-2180,310,-864,882,-1588,-2952
IMU1,5311,53767919,-2211,319,-794,869,-1561,-3006
IMU1,5312,53778355,-2195,217,-683,878,-1590,-3051
IMU1,5313,53788788,-2262,93,-570,906,-1691,-3070
IMU1,5314,53799016,-2254,23,-490,971,-1844,-3041
IMU1,5315,53809237,-2272,8,-406,1063,-2025,-2957
IMU1,5316,53819461,-2265,46,-345,1169,-2195,-2819
IMU1,5317,53829888,-2168,156,-274,1272,-2323,-2659
IMU1,5318,53840513,-2169,192,-280,1360,-2412,-2522
IMU1,5319,53851131,-2112,186,-162,1422,-2452,-2413
IMU1,5320,53862276,-2010,202,-129,1485,-2367,-2248
IMU1,5321,53872904,-2136,132,-65,1503,-2334,-2156
IMU1,5322,53883331,-2163,121,-40,1505,-2409,-2019
IMU1,5323,53893746,-2176,109,-28,1510,-2609,-1894
IMU1,5324,53904169,-2159,111,5,1506,-2858,-1791
IMU1,5325,53914292,-2152,171,38,1491,-3065,-1708
IMU1,5326,53924618,-2124,227,135,1456,-3177,-1646
IMU1,5327,53935141,-2109,265,247,1396,-3220,-1611
IMU1,5328,53945661,-2121,254,318,1307,-3254,-1604
IMU1,5329,53956172,-2149,178,380,1181,-3318,-1622
IMU1,5330,53966697,-1858,8,463,1015,-3426,-1656
IMU1,5331,53977866,-2129,84,436,588,-3544,-1794
IMU1,5332,53988000,-1856,191,324,325,-3404,-1769
IMU1,5333,53998312,-2010,-31,482,39,-3081,-1748
IMU1,5334,54008347,-1916,60,483,-209,-2694,-1649
IMU1,5335,54018564,-1921,26,477,-423,-2355,-1532
IMU1,5336,54028782,-1903,-23,494,-618,-2076,-1389
IMU1,5337,54039117,-1865,-77,517,-782,-1850,-1233
IMU1,5338,54049458,-1808,-116,507,-939,-1640,-1076
IMU1,5339,54059974,-1706,-139,533,-1088,-1388,-940
IMU1,5340,54070509,-1605,-126,520,-1230,-1091,-844
IMU1,5341,54081010,-1654,-182,540,-1361,-775,-788
IMU1,5342,54091314,-1680,-159,519,-1475,-481,-727
IMU1,5343,54101624,-1583,-178,496,-1570,-246,-559
IMU1,5344,54112463,-1524,-184,430,-1695,28,-468
IMU1,5345,54122473,-1494,-188,393,-1739,110,-373
IMU1,5346,54132692,-1413,-181,326,-1776,194,-278
IMU1,5347,54142906,-1325,-142,244,-1817,299,-186
IMU1,5348,54153127,-1260,-125,106,-1862,432,-102
IMU1,5349,54163341,-1219,-128,42,-1909,585,-20
IMU1,5350,54173163,-1214,-166,83,-1938,753,67
IMU1,5351,54182887,-1216,-166,84,-1937,958,192
IMU1,5352,54192808,-1218,-119,148,-1907,1182,315
IMU1,5353,54203142,-1302,-185,72,-1852,1380,462
IMU1,5354,54213275,-1313,-244,165,-1797,1560,645
IMU1,5355,54223601,-1320,-230,178,-1730,1720,843
IMU1,5356,54233928,-1341,-176,131,-1662,1822,1049
IMU1,5357,54244445,-1343,-142,79,-1615,1844,1263
# swing_peak_seq=5331
IMU1,5358,54254773,-1331,-106,-2,-1589,1804,1476
IMU1,5359,54267561,-1320,35,-171,-1631,1694,1889
IMU1,5360,54277889,-1341,86,-249,-1702,1715,2087
IMU1,5361,54288199,-1442,151,-256,-1793,1807,2289
IMU1,5362,54298714,-1552,240,-223,-1885,1970,2507
IMU1,5363,54309250,-1689,300,-159,-1972,2174,2739
IMU1,5364,54319785,-1823,354,-96,-2048,2378,2983
IMU1,5365,54330132,-1896,403,-68,-2114,2529,3215
IMU1,5366,54340467,-2028,456,-24,-2164,2591,3413
IMU1,5367,54350799,-2165,546,4,-2171,2546,3577
IMU1,5368,54360861,-2328,790,38,-2116,2388,3715
IMU1,5369,54372165,-2675,930,94,-1801,1873,3964
IMU1,5370,54382415,-2866,1077,101,-1540,1569,4104
IMU1,5371,54393062,-3099,1199,81,-1254,1258,4252
IMU1,5372,54403531,-3310,1285,-28,-956,931,4428
IMU1,5373,54413652,-3422,1328,-185,-694,579,4616
IMU1,5374,54423976,-3384,1278,-314,-477,228,4777
IMU1,5375,54434329,-3263,1188,-444,-302,-87,4823
IMU1,5376,54444550,-3126,1062,-573,-147,-338,4781
IMU1,5377,54454988,-3233,931,-912,-34,-495,4645
IMU1,5378,54465021,-3347,893,-1077,-30,-508,4565
IMU1,5379,54475248,-3077,791,-1078,-108,-366,4468
IMU1,5380,54485690,-2965,740,-665,-211,-61,4281
IMU1,5381,54496748,-2634,743,-511,-324,721,3880
IMU1,5382,54506874,-2517,642,-420,-297,976,3649
IMU1,5383,54517011,-2516,580,-395,-238,1067,3410
IMU1,5384,54527358,-2563,576,-438,-172,1014,3188
IMU1,5385,54537705,-2644,581,-492,-135,865,2983
IMU1,5386,54547830,-2705,595,-595,-123,652,2794
IMU1,5387,54557977,-2667,677,-730,-153,397,2608
IMU1,5388,54568118,-2631,705,-778,-224,156,2410
IMU1,5389,54578247,-2557,789,-804,-323,-22,2196
IMU1,5390,54588279,-2375,875,-830,-408,-124,1973
IMU1,5391,54598507,-2394,836,-778,-485,-106,1736
IMU1,5392,54608737,-2387,854,-679,-553,97,1523
IMU1,5393,54618675,-2334,783,-641,-615,395,1341
IMU1,5394,54628822,-2365,802,-544,-655,675,1179
IMU1,5395,54638959,-2346,801,-461,-660,864,1040
IMU1,5396,54649100,-2299,786,-394,-653,908,919
IMU1,5397,54660612,-2185,779,-288,-533,674,691
IMU1,5398,54670557,-2122,802,-283,-459,503,597
IMU1,5399,54680499,-2068,801,-277,-382,360,510
IMU1,5400,54690435,-2033,804,-283,-330,252,450
IMU1,5401,54700360,-2030,797,-277,-279,163,421
IMU1,5402,54710300,-2025,784,-278,-239,101,418
IMU1,5403,54720245,-1997,787,-286,-222,78,431
IMU1,5404,54729975,-1944,766,-286,-213,98,444
IMU1,5405,54739701,-1925,792,-284,-219,168,441
IMU1,5406,54749624,-1910,836,-270,-238,274,426
IMU1,5407,54759560,-1932,887,-254,-256,389,397
IMU1,5408,54769495,-1967,887,-212,-263,481,356
IMU1,5409,54779421,-2038,925,-206,-266,545,313
IMU1,5410,54789367,-2120,1042,-213,-276,593,264
IMU1,5411,54799495,-2221,1128,-204,-288,636,209
IMU1,5412,54809634,-2270,1135,-194,-305,669,154
IMU1,5413,54819755,-2298,1110,-171,-322,669,91
IMU1,5414,54829694,-2303,1081,-163,-325,614,16
IMU1,5415,54839626,-2331,1082,-141,-320,513,-84
IMU1,5416,54849662,-2367,1112,-97,-299,378,-193
IMU1,5417,54859693,-2400,1135,-84,-261,226,-299
IMU1,5418,54869723,-2455,1164,-94,-213,78,-412
IMU1,5419,54879563,-2549,1222,-129,-186,-56,-511
IMU1,5420,54889707,-2629,1302,-229,-168,-177,-587
IMU1,5421,54901046,-2588,1581,-274,-184,-345,-787
IMU1,5422,54911369,-2525,1740,-267,-199,-412,-973
IMU1,5423,54921700,-2458,1908,-247,-217,-472,-1229
IMU1,5424,54932227,-2408,2029,-237,-228,-533,-1551
IMU1,5425,54942757,-2389,2131,-225,-242,-610,-1916
IMU1,5426,54953298,-2396,2199,-221,-259,-692,-2304
IMU1,5427,54963840,-2405,2200,-202,-286,-777,-2690
IMU1,5428,54974363,-2425,2223,-168,-326,-817,-3051
IMU1,5429,54984899,-2439,2273,-138,-377,-768,-3374
IMU1,5430,54995436,-2425,2336,-72,-424,-638,-3671
IMU1,5431,55006827,-2419,2363,-50,-504,-213,-4215
IMU1,5432,55017169,-2505,2432,-60,-519,67,-4461
IMU1,5433,55027226,-2679,2586,-74,-522,357,-4658
IMU1,5434,55037468,-2792,2732,-142,-510,600,-4820
IMU1,5435,55047926,-2849,2759,-196,-485,698,-4961
IMU1,5436,55058362,-2833,2713,-195,-451,635,-5088
IMU1,5437,55068808,-2777,2561,-131,-397,461,-5201
IMU1,5438,55079224,-2765,2415,-36,-325,290,-5283
IMU1,5439,55089448,-2790,2317,34,-244,202,-5319
IMU1,5440,55099593,-2783,2218,59,-144,194,-5308
IMU1,5441,55109728,-2732,2098,51,-41,223,-5260
IMU1,5442,55119656,-2626,2020,10,51,245,-5203
IMU1,5443,55129486,-2495,1968,-46,116,217,-5157
IMU1,5444,55139621,-2355,1911,-222,162,149,-5122
IMU1,5445,55150995,-2130,1676,-277,140,-11,-5053
IMU1,5446,55161235,-2014,1640,-315,93,-50,-4999
IMU1,5447,55171272,-1788,1475,-305,17,-70,-4930
IMU1,5448,55181306,-1622,1330,-271,-69,-57,-4866
IMU1,5449,55191425,-1492,1190,-244,-146,-6,-4790
IMU1,5450,55201570,-1331,1050,-250,-232,69,-4689
IMU1,5451,55211797,-1259,955,-263,-320,149,-4568
IMU1,5452,55222035,-1128,840,-303,-407,220,-4421
IMU1,5453,55232259,-1015,746,-331,-501,281,-4256
IMU1,5454,55242479,-944,682,-311,-601,359,-4057
IMU1,5455,55252517,-855,661,-276,-696,457,-3867
IMU1,5456,55262544,-781,634,-240,-772,573,-3676
IMU1,5457,55275157,-685,548,-185,-856,835,-3260
IMU1,5458,55285718,-625,529,-190,-883,946,-3038
IMU1,5459,55295773,-554,487,-179,-893,1000,-2800
IMU1,5460,55306016,-522,434,-169,-888,999,-2568
IMU1,5461,55316027,-526,407,-169,-868,937,-2334
IMU1,5462,55326048,-621,369,-215,-850,838,-2079
IMU1,5463,55336080,-560,387,-184,-839,736,-1793
IMU1,5464,55346102,-576,389,-221,-824,634,-1496
IMU1,5465,55356137,-603,340,-230,-812,530,-1192
IMU1,5466,55366180,-626,278,-237,-800,412,-872
IMU1,5467,55376009,-604,264,-250,-775,278,-532
IMU1,5468,55385831,-690,267,-283,-741,147,-172
IMU1,5469,55395644,-889,238,-292,-705,32,228
IMU1,5470,55405175,-1034,236,-337,-658,-49,672
IMU1,5471,55414995,-1162,244,-370,-606,-104,1149
IMU1,5472,55425225,-1300,250,-421,-559,-151,1647
IMU1,5473,55435440,-1408,203,-434,-521,-202,2156
IMU1,5474,55445668,-1531,132,-421,-474,-262,2661
IMU1,5475,55455896,-1639,75,-387,-403,-339,3150
IMU1,5476,55465939,-1776,55,-364,-298,-433,3621
IMU1,5477,55475965,-1938,59,-366,-181,-562,4089
IMU1,5478,55485988,-2136,137,-471,-24,-717,4543
IMU1,5479,55497076,-2549,201,-475,287,-1007,5388
IMU1,5480,55507423,-2665,318,-461,439,-1089,5714
IMU1,5481,55517766,-2600,382,-452,586,-1102,6055
IMU1,5482,55528116,-2884,382,-491,714,-1012,6387
IMU1,5483,55538461,-2900,702,-473,792,-814,6681
IMU1,5484,55548615,-3146,950,-522,833,-602,6956
IMU1,5485,55558783,-3221,1152,-561,821,-426,7183
IMU1,5486,55569123,-3248,1321,-587,770,-316,7318
IMU1,5487,55579470,-3395,1406,-629,684,-244,7356
IMU1,5488,55589825,-3631,1466,-668,561,-167,7363
IMU1,5489,55600166,-3831,1468,-716,401,-53,7338
IMU1,5490,55610319,-3892,1488,-710,201,100,7289
IMU1,5491,55620569,-3879,1561,-753,-13,244,7161
IMU1,5492,55631760,-3786,1562,-762,-470,298,6662
IMU1,5493,55642119,-3674,1464,-752,-675,220,6270
IMU1,5494,55652480,-3648,1489,-708,-854,316,5838
IMU1,5495,55662835,-3538,1309,-687,-1017,343,5451
IMU1,5496,55673381,-3545,1250,-645,-1133,167,5045
IMU1,5497,55683938,-3436,1153,-549,-1194,-8,4654
IMU1,5498,55694191,-3311,985,-552,-1196,-129,4272
IMU1,5499,55704643,-3171,891,-623,-1161,-260,3889
IMU1,5500,55715099,-2985,908,-677,-1103,-405,3483
IMU1,5501,55725536,-2787,956,-699,-1031,-539,3034
IMU1,5502,55735986,-2643,1126,-751,-945,-653,2547
IMU1,5503,55746954,-2420,1159,-789,-743,-830,1614
IMU1,5504,55757385,-2333,1181,-823,-657,-878,1226
IMU1,5505,55767819,-2264,1159,-840,-574,-869,893
IMU1,5506,55778055,-2181,1126,-845,-522,-820,649
IMU1,5507,55788280,-2156,1127,-845,-463,-765,465
IMU1,5508,55798512,-2182,1084,-833,-411,-741,353
IMU1,5509,55808748,-2211,1006,-791,-357,-735,311
IMU1,5510,55818978,-2265,940,-740,-284,-739,322
IMU1,5511,55829011,-2314,888,-669,-196,-734,386
IMU1,5512,55839045,-2298,791,-621,-102,-708,481
IMU1,5513,55849086,-2269,729,-588,1,-659,575
IMU1,5514,55858621,-2238,711,-566,98,-620,661
IMU1,5515,55868378,-2188,728,-564,193,-604,712
IMU1,5516,55878332,-2132,772,-594,268,-628,723
IMU1,5517,55888292,-2082,801,-622,330,-682,685
IMU1,5518,55898221,-2061,815,-624,363,-737,609
IMU1,5519,55908171,-1992,841,-620,370,-775,503
IMU1,5520,55918124,-1935,828,-593,365,-781,363
IMU1,5521,55928063,-1940,774,-512,348,-748,217
IMU1,5522,55939564,-1896,827,-497,299,-499,-61
IMU1,5523,55949393,-1835,851,-486,275,-309,-228
IMU1,5524,55959432,-1799,886,-485,252,-125,-401
IMU1,5525,55969459,-1782,930,-464,210,48,-565
IMU1,5526,55979195,-1833,981,-435,179,201,-712
IMU1,5527,55989149,-1895,1044,-392,161,332,-829
IMU1,5528,55999286,-1894,1110,-359,151,424,-928
IMU1,5529,56009446,-1956,1229,-341,146,460,-1025
IMU1,5530,56019776,-2102,1414,-328,145,461,-1111
IMU1,5531,56030112,-2260,1614,-318,138,473,-1181
IMU1,5532,56040457,-2331,1781,-284,126,541,-1240
IMU1,5533,56050785,-2282,1830,-235,118,664,-1312
IMU1,5534,56061125,-2185,1767,-205,108,783,-1412
IMU1,5535,56071460,-2108,1650,-215,97,846,-1539
IMU1,5536,56081593,-2063,1556,-226,82,823,-1678
IMU1,5537,56091730,-1982,1432,-246,50,719,-1818
IMU1,5538,56102913,-1949,1464,-275,-33,432,-2090
IMU1,5539,56113143,-1969,1532,-316,-105,359,-2219
IMU1,5540,56123592,-2002,1619,-365,-184,354,-2366
IMU1,5541,56134015,-2044,1701,-398,-271,411,-2513
IMU1,5542,56144453,-2082,1763,-411,-364,502,-2642
IMU1,5543,56154870,-2110,1837,-392,-451,618,-2773
IMU1,5544,56165328,-2106,1918,-339,-514,759,-2918
IMU1,5545,56175776,-2166,1973,-292,-546,924,-3080
IMU1,5546,56186228,-2234,2055,-250,-549,1091,-3242
IMU1,5547,56196875,-2287,2091,-246,-527,1230,-3400
IMU1,5548,56207512,-2459,2128,-267,-498,1338,-3651
IMU1,5549,56218151,-2552,2135,-269,-463,1478,-3690
IMU1,5550,56228794,-2553,2129,-275,-455,1503,-3695
IMU1,5551,56239450,-2540,2075,-269,-434,1479,-3721
IMU1,5552,56250103,-2505,1963,-234,-413,1430,-3726
IMU1,5553,56260749,-2503,1836,-196,-376,1385,-3700
IMU1,5554,56271400,-2486,1756,-175,-333,1353,-3663
IMU1,5555,56284601,-2321,1762,-187,-286,1168,-3649
IMU1,5556,56295238,-2196,1756,-208,-160,1020,-3697
IMU1,5557,56305879,-2051,1751,-222,-103,914,-3777
IMU1,5558,56316338,-1930,1753,-254,-44,895,-3887
IMU1,5559,56326592,-2010,1651,-259,-6,967,-4000
IMU1,5560,56336600,-2178,1466,-220,38,1064,-4047
IMU1,5561,56346926,-2062,1547,-149,110,1086,-3988
IMU1,5562,56357458,-1916,1638,-98,203,1004,-3896
IMU1,5563,56367794,-1899,1470,-66,308,863,-3805
IMU1,5564,56377939,-1802,1338,-3,407,667,-3673
IMU1,5565,56387863,-1731,1193,-11,505,420,-3504
IMU1,5566,56397995,-1667,1081,-84,588,147,-3311
IMU1,5567,56408128,-1550,1024,-141,643,-127,-3109
IMU1,5568,56418551,-1433,932,-167,661,-355,-2910
IMU1,5569,56429825,-1180,848,-165,640,-580,-2546
IMU1,5570,56440051,-1160,769,-178,630,-587,-2386
IMU1,5571,56450293,-1098,704,-169,618,-560,-2221
IMU1,5572,56460523,-1057,626,-194,618,-511,-2052
IMU1,5573,56470763,-1071,599,-222,612,-464,-1863
IMU1,5574,56481005,-1067,650,-220,602,-420,-1656
IMU1,5575,56491221,-1040,683,-176,589,-374,-1435
IMU1,5576,56501446,-1036,662,-166,583,-343,-1215
IMU1,5577,56511672,-1048,628,-151,588,-322,-991
IMU1,5578,56521723,-1052,609,-113,597,-311,-754
IMU1,5579,56531770,-1018,591,-71,613,-312,-507
IMU1,5580,56541608,-1041,557,-27,636,-319,-265
IMU1,5581,56551439,-1112,535,-31,676,-333,-18
IMU1,5582,56561074,-1182,523,-31,712,-346,246
IMU1,5583,56570809,-1218,512,-43,753,-352,523
IMU1,5584,56580553,-1267,493,-74,787,-326,805
IMU1,5585,56590285,-1339,492,-101,804,-256,1095
IMU1,5586,56600408,-1448,515,-133,806,-144,1400
# swing_peak_seq=5560
IMU1,5587,56610532,-1516,555,-155,772,-14,1724
IMU1,5588,56620480,-1578,581,-207,731,103,2051
IMU1,5589,56631564,-1802,632,-235,599,210,2737
IMU1,5590,56641620,-1894,651,-282,517,203,3093
IMU1,5591,56651656,-2053,680,-363,420,180,3442
IMU1,5592,56661692,-2207,742,-427,311,189,3795
IMU1,5593,56671749,-2281,833,-447,180,274,4141
IMU1,5594,56681805,-2328,984,-448,35,467,4454
IMU1,5595,56691654,-2385,1128,-488,-116,763,4708
IMU1,5596,56701999,-2481,1236,-490,-279,1077,4916
IMU1,5597,56712559,-2588,1336,-491,-418,1316,5066
IMU1,5598,56723101,-2723,1379,-517,-533,1424,5162
IMU1,5599,56733654,-2844,1455,-735,-631,1375,5221
IMU1,5600,56744198,-2961,1285,-707,-738,1197,5244
IMU1,5601,56754731,-3249,1373,-658,-802,974,5231
IMU1,5602,56765062,-3221,1338,-866,-787,731,5200
IMU1,5603,56775922,-3264,1292,-712,-488,-6,4997
IMU1,5604,56785953,-3050,1311,-281,-210,-453,4836
IMU1,5605,56796382,-2931,1404,-184,165,-698,4622
IMU1,5606,56806720,-3078,1395,-523,577,-759,4322
IMU1,5607,56817059,-3158,1119,-733,857,-844,4030
IMU1,5608,56827406,-2966,1260,-618,975,-851,3815
IMU1,5609,56837760,-2948,1277,-561,1039,-1099,3647
IMU1,5610,56848494,-2878,1313,-576,1076,-1298,3482
IMU1,5611,56859225,-2785,1240,-611,1065,-1342,3293
IMU1,5612,56869954,-2665,1195,-608,1004,-1238,3091
IMU1,5613,56880705,-2455,1095,-584,921,-1044,2695
IMU1,5614,56891241,-2404,982,-555,687,-704,2484
IMU1,5615,56901378,-2463,1008,-548,538,-602,2250
IMU1,5616,56911721,-2523,1074,-552,389,-503,2004
IMU1,5617,56922070,-2565,1123,-524,230,-389,1773
IMU1,5618,56932404,-2584,1205,-482,89,-287,1557
IMU1,5619,56942541,-2563,1272,-448,-30,-204,1353
IMU1,5620,56952767,-2494,1281,-428,-109,-147,1144
IMU1,5621,56963194,-2372,1226,-431,-166,-144,932
IMU1,5622,56973430,-2262,1183,-475,-196,-210,708
IMU1,5623,56983668,-2175,1122,-546,-224,-346,491
IMU1,5624,56993902,-2102,1036,-623,-252,-523,306
IMU1,5625,57004142,-2021,934,-696,-287,-687,156
IMU1,5626,57014179,-1947,862,-801,-341,-790,32
IMU1,5627,57024018,-1890,824,-932,-416,-803,-71
IMU1,5628,57033928,-1832,740,-1115,-516,-708,-162
IMU1,5629,57045303,-1747,531,-1141,-772,-298,-326
IMU1,5630,57055630,-1699,476,-1121,-868,-35,-405
IMU1,5631,57065763,-1599,420,-1053,-931,217,-478
IMU1,5632,57075999,-1576,418,-1008,-932,450,-578
IMU1,5633,57086248,-1617,515,-1027,-888,636,-701
IMU1,5634,57096492,-1648,672,-1036,-799,774,-856
IMU1,5635,57106730,-1686,852,-1039,-673,873,-1036
IMU1,5636,57117166,-1691,994,-1069,-526,926,-1240
IMU1,5637,57127609,-1649,1087,-1093,-362,945,-1466
IMU1,5638,57138242,-1617,1175,-1097,-189,970,-1709
IMU1,5639,57148877,-1596,1250,-1104,-8,1038,-1963
IMU1,5640,57159325,-1577,1403,-1039,167,1146,-2215
IMU1,5641,57170075,-1664,1534,-955,557,1342,-2645
IMU1,5642,57180621,-1669,1615,-877,796,1349,-2765
IMU1,5643,57191161,-1658,1641,-773,1035,1312,-2813
IMU1,5644,57201898,-1721,1738,-716,1289,1244,-2801
IMU1,5645,57212635,-1734,1779,-682,1525,1152,-2729
IMU1,5646,57223385,-1729,1811,-682,1735,1033,-2606
IMU1,5647,57234120,-1659,1809,-688,1910,894,-2460
IMU1,5648,57244666,-1633,1784,-698,2054,744,-2321
IMU1,5649,57255208,-1617,1748,-724,2164,586,-2201
IMU1,5650,57266270,-1571,1602,-718,2325,277,-2043
IMU1,5651,57276822,-1597,1588,-742,2372,142,-1991
IMU1,5652,57289945,-1623,1568,-829,2390,11,-1951
IMU1,5653,57300292,-1512,1517,-774,2371,-129,-1923
IMU1,5654,57310950,-1483,1452,-860,2319,-271,-1901
IMU1,5655,57321611,-1477,1431,-912,2229,-406,-1872
IMU1,5656,57332261,-1449,1361,-924,2114,-536,-1856
IMU1,5657,57343432,-1337,1293,-941,1875,-816,-1862
IMU1,5658,57354096,-1389,1211,-990,1759,-939,-1881
IMU1,5659,57364729,-1457,1138,-1033,1630,-1008,-1873
IMU1,5660,57375744,-1413,1048,-1019,1483,-1008,-1813
IMU1,5661,57386769,-1364,959,-1017,1339,-929,-1744
IMU1,5662,57397398,-1300,916,-980,1203,-779,-1673
IMU1,5663,57407833,-1225,870,-951,1080,-586,-1611
IMU1,5664,57418279,-1216,819,-937,981,-427,-1557
IMU1,5665,57428515,-1340,607,-849,899,-341,-1493
IMU1,5666,57439259,-1392,494,-809,816,-383,-1297
IMU1,5667,57449487,-1448,399,-799,820,-482,-1171
IMU1,5668,57459716,-1513,340,-822,845,-600,-1026
IMU1,5669,57469948,-1544,267,-857,879,-677,-881
IMU1,5670,57479985,-1502,205,-883,900,-690,-738
IMU1,5671,57490026,-1476,197,-886,913,-649,-623
IMU1,5672,57500060,-1480,194,-891,917,-588,-543
IMU1,5673,57510105,-1475,171,-883,913,-561,-492
IMU1,5674,57520142,-1486,158,-878,908,-606,-466
IMU1,5675,57530181,-1509,125,-874,894,-720,-451
IMU1,5676,57540222,-1540,72,-857,869,-874,-437
IMU1,5677,57550067,-1552,7,-818,835,-1018,-426
IMU1,5678,57559906,-1574,-44,-789,795,-1110,-423
IMU1,5679,57570061,-1603,-104,-752,744,-1147,-419
IMU1,5680,57580388,-1630,-151,-742,681,-1143,-412
IMU1,5681,57590721,-1665,-179,-730,609,-1117,-399
IMU1,5682,57601056,-1721,-226,-678,526,-1067,-376
IMU1,5683,57611356,-1797,-275,-607,444,-996,-345
IMU1,5684,57621995,-1800,-306,-577,283,-793,-280
IMU1,5685,57632122,-1800,-308,-558,202,-680,-263
IMU1,5686,57642227,-1817,-295,-549,114,-588,-254
IMU1,5687,57652350,-1821,-278,-518,37,-526,-267
IMU1,5688,57662268,-1821,-288,-472,-41,-514,-286
IMU1,5689,57672285,-1823,-285,-424,-108,-523,-320
IMU1,5690,57682474,-1793,-281,-339,-161,-528,-372
IMU1,5691,57692668,-1745,-312,-223,-179,-524,-483
IMU1,5692,57702871,-2170,-366,-194,-157,-523,-678
IMU1,5693,57713077,-2495,-464,-251,-128,-571,-636
IMU1,5694,57723292,-2243,-559,-187,-105,-691,-511
IMU1,5695,57733501,-2222,-608,-226,-92,-778,-363
IMU1,5696,57743520,-2202,-505,-237,-95,-776,-191
IMU1,5697,57753539,-2160,-463,-256,-114,-708,-26
IMU1,5698,57763570,-2095,-516,-270,-134,-612,94
IMU1,5699,57773486,-2060,-546,-284,-167,-545,166
IMU1,5700,57783593,-2015,-555,-294,-215,-519,193
IMU1,5701,57793722,-1933,-550,-245,-269,-485,168
IMU1,5702,57804869,-1749,-441,-202,-380,-284,-55
IMU1,5703,57814863,-1743,-410,-151,-414,-137,-236
IMU1,5704,57825081,-1761,-394,-106,-426,-34,-419
IMU1,5705,57835092,-1794,-395,-73,-412,-17,-579
IMU1,5706,57844924,-1822,-419,-58,-373,-97,-695
IMU1,5707,57854737,-1871,-439,-71,-324,-234,-766
IMU1,5708,57864764,-1908,-474,-89,-272,-386,-786
IMU1,5709,57874785,-1898,-521,-98,-228,-507,-761
IMU1,5710,57884808,-1889,-553,-108,-191,-559,-716
IMU1,5711,57895022,-1911,-571,-105,-160,-544,-657
IMU1,5712,57905245,-1965,-600,-111,-137,-484,-584
IMU1,5713,57915467,-2017,-637,-137,-117,-408,-501
IMU1,5714,57925694,-2047,-651,-153,-104,-337,-417
IMU1,5715,57935900,-2064,-634,-160,-92,-290,-344
IMU1,5716,57945927,-2084,-639,-168,-83,-278,-287
IMU1,5717,57955937,-2126,-658,-169,-76,-293,-238
IMU1,5718,57965960,-2180,-684,-177,-73,-328,-189
IMU1,5719,57975973,-2213,-724,-200,-68,-371,-142
IMU1,5720,57986006,-2230,-763,-238,-76,-405,-92
IMU1,5721,57997385,-2245,-831,-267,-121,-404,-30
IMU1,5722,58007400,-2227,-834,-281,-157,-356,-28
IMU1,5723,58017415,-2177,-833,-284,-201,-298,-61
IMU1,5724,58027427,-2145,-805,-268,-232,-243,-129
IMU1,5725,58037639,-2107,-758,-243,-242,-201,-225
IMU1,5726,58047854,-2068,-738,-218,-229,-191,-336
IMU1,5727,58058080,-2032,-735,-214,-196,-227,-445
IMU1,5728,58068298,-2001,-731,-217,-150,-294,-536
IMU1,5729,58078519,-1976,-738,-228,-97,-363,-604
IMU1,5730,58088552,-1921,-740,-229,-39,-411,-645
IMU1,5731,58098563,-1890,-748,-236,15,-430,-675
IMU1,5732,58108493,-1872,-764,-244,68,-422,-690
IMU1,5733,58118425,-1873,-775,-250,106,-392,-688
IMU1,5734,58128548,-1870,-797,-247,136,-349,-674
IMU1,5735,58138676,-1855,-812,-238,161,-307,-652
IMU1,5736,58148803,-1854,-805,-216,182,-280,-620
IMU1,5737,58158923,-1843,-792,-170,211,-260,-584
IMU1,5738,58170104,-1815,-799,-73,319,-238,-495
IMU1,5739,58180038,-1802,-798,-35,395,-228,-467
IMU1,5740,58189964,-1831,-805,4,466,-225,-431
IMU1,5741,58199594,-1843,-806,16,533,-219,-395
IMU1,5742,58209433,-1842,-806,13,576,-229,-354
IMU1,5743,58219260,-1840,-805,13,597,-244,-327
IMU1,5744,58229087,-1861,-784,24,596,-262,-307
IMU1,5745,58238933,-1849,-785,26,584,-272,-295
IMU1,5746,58248785,-1863,-783,34,557,-273,-287
IMU1,5747,58258622,-1869,-786,48,525,-262,-280
IMU1,5748,58268453,-1885,-806,77,482,-240,-270
IMU1,5749,58278274,-1905,-823,100,444,-211,-257
IMU1,5750,58290867,-1924,-825,110,408,-174,-239
IMU1,5751,58300897,-1927,-824,115,375,-141,-224
IMU1,5752,58310927,-1931,-827,123,341,-116,-213
IMU1,5753,58320958,-1940,-837,127,305,-96,-207
IMU1,5754,58330793,-1941,-846,136,268,-87,-198
IMU1,5755,58340622,-1926,-840,136,231,-78,-191
IMU1,5756,58350455,-1897,-844,136,190,-69,-179
IMU1,5757,58360286,-1868,-831,147,146,-59,-168
IMU1,5758,58370121,-1850,-809,145,124,-42,-170
IMU1,5759,58379930,-1830,-801,137,94,-29,-168
IMU1,5760,58389555,-1808,-785,118,70,-21,-174
IMU1,5761,58399179,-1787,-785,106,50,-27,-183
IMU1,5762,58408806,-1779,-804,96,24,-49,-182
IMU1,5763,58418210,-1802,-822,84,0,-68,-158
IMU1,5764,58427332,-1794,-819,78,-22,-74,-123
IMU1,5765,58436847,-1768,-812,72,-34,-66,-120
IMU1,5766,58446353,-1768,-810,76,-38,-44,-111
IMU1,5767,58455868,-1775,-807,81,-43,-17,-78
IMU1,5768,58465181,-1785,-808,92,-44,16,-42
IMU1,5769,58474400,-1789,-807,109,-38,53,-7
IMU1,5770,58483612,-1798,-811,123,-27,88,26
IMU1,5771,58492930,-1795,-823,143,-9,120,55
IMU1,5772,58502255,-1810,-835,151,12,146,78
IMU1,5773,58511691,-1810,-846,160,35,160,98
IMU1,5774,58521116,-1802,-853,153,53,162,106
IMU1,5775,58530757,-1814,-852,152,72,153,109
IMU1,5776,58540401,-1810,-860,151,89,135,110
IMU1,5777,58550040,-1825,-856,151,108,111,110
IMU1,5778,58559881,-1853,-856,159,122,88,113
IMU1,5779,58569534,-1861,-877,163,134,71,120
IMU1,5780,58579177,-1869,-888,169,144,60,131
IMU1,5781,58588810,-1879,-892,182,148,59,147
IMU1,5782,58598435,-1871,-882,192,152,66,158
IMU1,5783,58608064,-1868,-882,190,149,69,163
IMU1,5784,58617690,-1867,-871,187,139,57,165
IMU1,5785,58627319,-1859,-849,178,122,29,161
IMU1,5786,58636938,-1863,-835,159,94,-6,154
IMU1,5787,58646271,-1858,-820,138,59,-37,151
IMU1,5788,58655808,-1842,-792,108,11,-52,153
IMU1,5789,58665344,-1827,-753,84,-46,-41,156
IMU1,5790,58674770,-1830,-701,63,-108,-9,167
IMU1,5791,58684209,-1823,-647,43,-173,44,183
IMU1,5792,58693729,-1806,-596,19,-240,104,213
IMU1,5793,58703463,-1802,-555,-14,-301,172,249
IMU1,5794,58713294,-1813,-525,-44,-368,244,306
IMU1,5795,58723132,-1832,-499,-74,-432,325,385
IMU1,5796,58732975,-1838,-463,-125,-500,416,478
IMU1,5797,58743008,-1831,-412,-163,-576,515,587
IMU1,5798,58753052,-1847,-357,-193,-651,621,696
IMU1,5799,58763085,-1856,-309,-193,-727,735,796
IMU1,5800,58773134,-1843,-244,-187,-789,843,880
IMU1,5801,58783165,-1825,-165,-190,-822,923,933
IMU1,5802,58793203,-1833,-98,-189,-837,957,965
IMU1,5803,58803041,-1838,-46,-201,-819,937,994
IMU1,5804,58812884,-1815,-20,-239,-793,886,1019
IMU1,5805,58823962,-1799,-10,-260,-705,756,1082
IMU1,5806,58834001,-1802,3,-283,-668,730,1155
IMU1,5807,58843737,-1804,4,-305,-621,743,1247
IMU1,5808,58853492,-1798,5,-315,-590,793,1353
IMU1,5809,58863259,-1789,6,-322,-550,856,1471
IMU1,5810,58873010,-1804,-3,-319,-510,919,1585
IMU1,5811,58882874,-1833,10,-320,-459,957,1694
IMU1,5812,58892803,-1862,28,-324,-398,950,1794
IMU1,5813,58902728,-1882,55,-331,-323,889,1884
IMU1,5814,58912654,-1908,87,-355,-242,787,1948
IMU1,5815,58922587,-1942,114,-382,-159,657,1997
IMU1,5816,58932720,-1983,158,-417,-72,522,2033
IMU1,5817,58942660,-2027,194,-456,5,409,2059
IMU1,5818,58952305,-2043,234,-479,67,347,2067
IMU1,5819,58962154,-2081,280,-498,123,334,2060
IMU1,5820,58972188,-2149,300,-511,172,355,2052
IMU1,5821,58982238,-2215,305,-497,214,379,2052
IMU1,5822,58992309,-2271,308,-481,267,388,2060
IMU1,5823,59002343,-2317,300,-465,331,376,2076
IMU1,5824,59012391,-2346,292,-443,409,356,2096
IMU1,5825,59022427,-2367,286,-434,493,349,2117
IMU1,5826,59032463,-2389,274,-430,574,362,2134
IMU1,5827,59042513,-2404,250,-435,648,396,2147
IMU1,5828,59052549,-2395,212,-454,713,445,2150
IMU1,5829,59062604,-2370,177,-481,771,493,2130
IMU1,5830,59072646,-2342,154,-538,810,519,2088
IMU1,5831,59083721,-2233,118,-559,881,450,1898
IMU1,5832,59093776,-2184,129,-577,908,364,1746
IMU1,5833,59103818,-2129,99,-576,928,231,1575
IMU1,5834,59113685,-2062,64,-589,951,78,1385
IMU1,5835,59123333,-2004,51,-616,967,-84,1183
IMU1,5836,59133071,-1984,52,-655,976,-249,978
IMU1,5837,59142817,-1979,68,-713,966,-404,776
IMU1,5838,59152557,-1980,102,-787,936,-549,588
IMU1,5839,59162505,-1989,178,-858,877,-659,412
IMU1,5840,59172437,-2045,292,-895,804,-710,255
IMU1,5841,59182374,-2166,412,-907,716,-674,136
IMU1,5842,59192324,-2299,525,-898,625,-545,64
IMU1,5843,59202061,-2413,626,-879,527,-352,48
IMU1,5844,59211790,-2469,670,-847,436,-137,69
IMU1,5845,59221523,-2460,662,-810,347,62,105
IMU1,5846,59231155,-2387,612,-779,252,200,144
IMU1,5847,59241006,-2301,540,-770,165,251,169
IMU1,5848,59250832,-2215,467,-779,76,217,172
IMU1,5849,59260478,-2117,404,-800,-17,120,153
IMU1,5850,59270208,-2020,361,-836,-115,0,117
IMU1,5851,59279640,-1934,309,-865,-216,-104,71
IMU1,5852,59292229,-1859,247,-889,-313,-154,20
IMU1,5853,59302052,-1790,204,-905,-407,-129,-35
IMU1,5854,59311978,-1738,174,-908,-492,-37,-88
IMU1,5855,59321710,-1687,154,-902,-569,75,-130
IMU1,5856,59331535,-1649,134,-889,-624,199,-173
IMU1,5857,59341555,-1635,143,-873,-654,302,-214
IMU1,5858,59351584,-1648,190,-816,-670,378,-255
IMU1,5859,59362654,-1689,221,-775,-671,466,-294
IMU1,5860,59372682,-1701,266,-731,-637,495,-332
IMU1,5861,59382721,-1731,297,-687,-586,519,-372
IMU1,5862,59392760,-1782,329,-653,-534,517,-387
IMU1,5863,59402770,-1836,376,-627,-480,491,-394
IMU1,5864,59412796,-1855,417,-598,-421,443,-390
IMU1,5865,59422826,-1863,440,-594,-361,380,-377
IMU1,5866,59432851,-1866,463,-589,-298,305,-361
IMU1,5867,59442889,-1859,473,-594,-248,219,-340
IMU1,5868,59452918,-1860,495,-602,-213,141,-324
IMU1,5869,59462946,-1858,522,-610,-179,77,-315
IMU1,5870,59472786,-1855,547,-617,-155,29,-306
IMU1,5871,59482631,-1853,571,-625,-151,0,-302
IMU1,5872,59492175,-1820,586,-624,-156,-20,-307
IMU1,5873,59502111,-1801,582,-635,-166,-38,-325
IMU1,5874,59512039,-1769,591,-648,-190,-62,-352
IMU1,5875,59521969,-1734,588,-656,-213,-94,-390
IMU1,5876,59531887,-1691,601,-667,-250,-131,-434
IMU1,5877,59542010,-1651,610,-678,-295,-162,-481
IMU1,5878,59552132,-1636,602,-697,-337,-182,-524
IMU1,5879,59562251,-1629,602,-713,-385,-184,-560
IMU1,5880,59572372,-1612,611,-732,-438,-166,-585
IMU1,5881,59582500,-1609,644,-736,-494,-129,-600
IMU1,5882,59593663,-1613,652,-729,-615,-31,-602
IMU1,5883,59603595,-1621,670,-723,-665,20,-593
IMU1,5884,59613420,-1626,675,-708,-706,71,-584
IMU1,5885,59623263,-1635,675,-686,-743,115,-557
IMU1,5886,59633294,-1646,677,-660,-760,153,-523
IMU1,5887,59643326,-1662,685,-643,-771,182,-484
IMU1,5888,59653344,-1682,690,-618,-779,193,-431
IMU1,5889,59663371,-1690,695,-600,-769,186,-380
IMU1,5890,59673395,-1684,701,-580,-742,162,-333
IMU1,5891,59683434,-1674,729,-569,-714,118,-292
IMU1,5892,59693468,-1684,765,-559,-683,64,-267
IMU1,5893,59703299,-1726,800,-560,-642,-2,-252
IMU1,5894,59713018,-1801,845,-571,-599,-77,-232
IMU1,5895,59722952,-1885,900,-584,-560,-154,-204
IMU1,5896,59733085,-1940,925,-601,-529,-220,-166
IMU1,5897,59743213,-1946,895,-623,-502,-279,-117
IMU1,5898,59753351,-1875,821,-651,-474,-342,-66
IMU1,5899,59763289,-1778,742,-692,-457,-418,-24
IMU1,5900,59773209,-1683,677,-732,-439,-489,-8
IMU1,5901,59782944,-1611,618,-762,-427,-545,-5
IMU1,5902,59792683,-1562,566,-758,-425,-555,-6
IMU1,5903,59802428,-1506,553,-718,-416,-495,-10
IMU1,5904,59812352,-1500,635,-647,-395,-373,-16
IMU1,5905,59822288,-1539,749,-575,-346,-226,-23
IMU1,5906,59832220,-1609,815,-447,-272,-114,-11
IMU1,5907,59843706,-1804,903,-417,-64,-119,99
IMU1,5908,59853334,-1936,941,-406,40,-229,202
IMU1,5909,59863064,-2021,951,-413,134,-374,337
IMU1,5910,59873003,-2095,948,-421,204,-520,500
IMU1,5911,59882949,-2127,943,-452,240,-624,664
IMU1,5912,59892905,-2157,914,-490,245,-685,827
IMU1,5913,59902853,-2198,883,-545,219,-684,975
IMU1,5914,59912814,-2195,829,-571,155,-627,1124
IMU1,5915,59922967,-2180,766,-575,70,-493,1257
IMU1,5916,59932925,-2175,715,-573,-35,-295,1378
IMU1,5917,59942972,-2178,642,-586,-146,-46,1474
IMU1,5918,59953015,-2178,593,-607,-270,203,1548
IMU1,5919,59963177,-2194,501,-565,-386,407,1585
IMU1,5920,59973343,-2211,491,-529,-474,552,1581
IMU1,5921,59983499,-2207,510,-488,-538,635,1537
IMU1,5922,59993658,-2211,529,-482,-573,666,1448
IMU1,5923,60003797,-2246,555,-492,-598,653,1317
IMU1,5924,60013945,-2264,542,-517,-602,606,1151
IMU1,5925,60024096,-2284,491,-546,-594,531,965
IMU1,5926,60034038,-2258,469,-556,-583,440,759
IMU1,5927,60045543,-2168,465,-513,-469,262,260
IMU1,5928,60055483,-2175,407,-518,-396,182,2
IMU1,5929,60065026,-2203,359,-532,-302,110,-234
IMU1,5930,60075065,-2250,351,-571,-239,53,-432
IMU1,5931,60084912,-2290,329,-607,-179,12,-590
IMU1,5932,60094748,-2349,309,-647,-157,12,-722
IMU1,5933,60104591,-2395,350,-665,-148,54,-840
IMU1,5934,60114439,-2445,415,-657,-164,151,-958
IMU1,5935,60124479,-2499,492,-621,-171,282,-1079
IMU1,5936,60134726,-2550,544,-587,-167,435,-1210
IMU1,5937,60144968,-2575,589,-562,-134,595,-1357
IMU1,5938,60155208,-2620,627,-535,-91,745,-1510
IMU1,5939,60165263,-2656,622,-524,-43,867,-1654
IMU1,5940,60175290,-2652,595,-521,5,950,-1786
IMU1,5941,60185043,-2670,582,-537,38,977,-1899
IMU1,5942,60194995,-2701,552,-567,53,957,-1990
IMU1,5943,60204959,-2691,536,-607,42,908,-2052
IMU1,5944,60214911,-2662,534,-639,5,866,-2100
IMU1,5945,60224660,-2642,553,-665,-44,840,-2141
IMU1,5946,60234684,-2606,568,-682,-104,837,-2184
IMU1,5947,60244916,-2582,550,-767,-180,863,-2233
IMU1,5948,60255158,-2542,551,-852,-285,922,-2291
IMU1,5949,60265419,-2405,581,-904,-417,1033,-2364
IMU1,5950,60276387,-2255,623,-872,-686,1459,-2547
IMU1,5951,60286845,-2321,567,-840,-790,1799,-2656
IMU1,5952,60299855,-2311,508,-841,-880,2155,-2725
IMU1,5953,60310297,-2320,451,-807,-928,2458,-2765
IMU1,5954,60320749,-2285,470,-806,-948,2664,-2771
IMU1,5955,60331184,-2250,435,-774,-943,2775,-2744
IMU1,5956,60341643,-2219,370,-762,-917,2807,-2689
IMU1,5957,60352090,-2006,302,-732,-871,2777,-2532
IMU1,5958,60362532,-1852,354,-708,-725,2604,-2462
IMU1,5959,60372978,-1732,415,-723,-624,2476,-2404
IMU1,5960,60383426,-1664,387,-749,-513,2335,-2345
IMU1,5961,60393882,-1602,306,-792,-430,2204,-2263
IMU1,5962,60404330,-1579,218,-820,-389,2086,-2147
IMU1,5963,60414773,-1576,132,-849,-376,1985,-2006
IMU1,5964,60425223,-1557,56,-910,-387,1898,-1843
IMU1,5965,60435464,-1498,13,-958,-413,1828,-1675
IMU1,5966,60445702,-1420,24,-1010,-438,1766,-1523
IMU1,5967,60456135,-1335,50,-1055,-455,1705,-1397
IMU1,5968,60466571,-1281,109,-1062,-460,1651,-1298
IMU1,5969,60477189,-1244,130,-1110,-448,1521,-1129
IMU1,5970,60487836,-1259,104,-1111,-418,1447,-1026
IMU1,5971,60498469,-1334,73,-1116,-416,1368,-901
IMU1,5972,60508703,-1352,-94,-1164,-413,1291,-748
IMU1,5973,60519038,-1301,-163,-1256,-431,1188,-592
IMU1,5974,60529575,-1204,-158,-1338,-465,1023,-464
IMU1,5975,60540113,-1129,-115,-1407,-491,828,-382
IMU1,5976,60550446,-1013,-74,-1490,-516,655,-347
IMU1,5977,60560572,-877,-51,-1546,-548,550,-356
IMU1,5978,60570516,-794,-15,-1535,-574,562,-400
IMU1,5979,60580457,-748,5,-1519,-591,683,-464
IMU1,5980,60590109,-752,8,-1479,-597,849,-516
IMU1,5981,60599762,-789,-7,-1439,-571,975,-542
IMU1,5982,60609523,-819,-25,-1427,-522,1009,-540
IMU1,5983,60619661,-857,-24,-1442,-447,942,-512
IMU1,5984,60629612,-836,-3,-1477,-366,793,-466
IMU1,5985,60639349,-782,5,-1504,-285,616,-425
IMU1,5986,60649007,-712,10,-1515,-200,467,-397
IMU1,5987,60658841,-672,14,-1524,-116,368,-374
IMU1,5988,60668680,-684,13,-1525,-36,317,-348
IMU1,5989,60679882,-710,-51,-1608,150,216,-261
IMU1,5990,60689713,-701,-53,-1657,238,138,-202
IMU1,5991,60699548,-672,-29,-1690,309,52,-133
IMU1,5992,60709186,-682,-21,-1699,379,-16,-73
IMU1,5993,60718717,-729,-50,-1723,447,-75,-6
IMU1,5994,60728067,-758,-80,-1768,503,-121,70
IMU1,5995,60737703,-765,-95,-1817,555,-162,148
IMU1,5996,60747543,-760,-102,-1843,583,-177,225
IMU1,5997,60757583,-815,-128,-1873,598,-158,293
IMU1,5998,60767639,-840,-176,-1901,592,-118,359
IMU1,5999,60777698,-831,-217,-1929,573,-76,412
IMU1,6000,60787540,-816,-249,-1939,537,-39,450
IMU1,6001,60797373,-774,-257,-1928,491,13,459
IMU1,6002,60807127,-743,-240,-1905,453,83,441
IMU1,6003,60816857,-728,-232,-1878,419,166,406
IMU1,6004,60826780,-726,-243,-1859,387,246,359
IMU1,6005,60836704,-701,-262,-1837,356,304,309
IMU1,6006,60846649,-690,-267,-1822,321,322,255
IMU1,6007,60856571,-685,-283,-1831,281,311,204
IMU1,6008,60866506,-676,-293,-1831,235,292,158
IMU1,6009,60876454,-667,-315,-1843,185,272,118
IMU1,6010,60886398,-646,-341,-1834,132,249,91
IMU1,6011,60896142,-624,-338,-1834,85,229,70
IMU1,6012,60905683,-609,-330,-1837,52,214,52
IMU1,6013,60915224,-610,-308,-1830,30,203,44
IMU1,6014,60924767,-599,-273,-1831,27,209,46
IMU1,6015,60934324,-574,-298,-1824,54,234,69
IMU1,6016,60943873,-586,-255,-1829,77,223,100
IMU1,6017,60953620,-601,-231,-1825,101,194,139
IMU1,6018,60963543,-590,-241,-1847,110,175,192
IMU1,6019,60973472,-585,-214,-1855,92,161,232
IMU1,6020,60983208,-621,-188,-1851,61,163,232
IMU1,6021,60992940,-643,-182,-1857,25,185,193
IMU1,6022,61002662,-634,-198,-1866,-10,202,134
IMU1,6023,61012497,-632,-197,-1871,-39,190,74
IMU1,6024,61022137,-647,-205,-1890,-61,170,17
IMU1,6025,61031773,-640,-205,-1905,-75,154,-19
IMU1,6026,61041498,-623,-217,-1892,-77,167,-40
IMU1,6027,61051228,-607,-230,-1863,-77,209,-43
IMU1,6028,61060955,-617,-243,-1847,-68,250,-31
IMU1,6029,61070688,-623,-260,-1852,-48,272,-2
IMU1,6030,61080231,-601,-268,-1846,-31,278,34
IMU1,6031,61089876,-578,-272,-1828,-17,277,66
IMU1,6032,61099520,-562,-271,-1805,4,265,82
IMU1,6033,61108865,-561,-277,-1769,29,241,86
IMU1,6034,61118404,-561,-290,-1741,55,202,88
IMU1,6035,61127949,-553,-303,-1732,77,156,86
IMU1,6036,61137506,-525,-296,-1735,91,110,78
IMU1,6037,61147056,-537,-297,-1745,93,79,61
IMU1,6038,61156411,-572,-324,-1775,87,65,46
IMU1,6039,61165753,-560,-342,-1806,66,58,32
IMU1,6040,61175105,-580,-351,-1833,34,48,18
IMU1,6041,61184459,-631,-384,-1856,-2,29,17
IMU1,6042,61193696,-673,-418,-1899,-38,15,24
IMU1,6043,61203138,-691,-439,-1927,-79,12,40
IMU1,6044,61212581,-681,-430,-1933,-117,17,64
IMU1,6045,61222219,-664,-390,-1914,-142,36,86
IMU1,6046,61231875,-627,-329,-1896,-148,54,102
IMU1,6047,61241731,-606,-274,-1888,-138,57,109
IMU1,6048,61251568,-591,-249,-1870,-115,51,98
IMU1,6049,61261212,-578,-239,-1862,-87,32,80
IMU1,6050,61270651,-572,-222,-1868,-64,14,58
IMU1,6051,61280104,-568,-213,-1879,-38,-3,30
IMU1,6052,61289434,-559,-214,-1878,-15,-17,5
IMU1,6053,61301531,-563,-222,-1880,16,-25,-17
IMU1,6054,61311071,-581,-244,-1901,54,-43,-30
IMU1,6055,61320627,-581,-261,-1925,85,-69,-29
IMU1,6056,61330161,-576,-262,-1930,114,-96,-21
IMU1,6057,61339900,-562,-260,-1899,137,-104,-3
IMU1,6058,61349645,-548,-263,-1863,161,-85,17
IMU1,6059,61359287,-540,-247,-1811,177,-63,43
IMU1,6060,61368933,-533,-227,-1779,198,-64,62
IMU1,6061,61378581,-547,-224,-1764,211,-98,68
IMU1,6062,61388219,-547,-221,-1762,226,-156,64
IMU1,6063,61398073,-545,-211,-1745,242,-208,53
IMU1,6064,61407931,-545,-214,-1715,273,-246,44
IMU1,6065,61417795,-560,-231,-1695,319,-277,37
IMU1,6066,61427655,-581,-228,-1685,371,-316,35
IMU1,6067,61437515,-604,-215,-1680,421,-376,41
IMU1,6068,61447379,-631,-207,-1672,470,-455,42
IMU1,6069,61457200,-656,-201,-1677,517,-546,40
IMU1,6070,61468580,-635,-184,-1618,573,-724,7
IMU1,6071,61478210,-608,-165,-1541,598,-794,-19
IMU1,6072,61488154,-574,-108,-1460,637,-848,-57
IMU1,6073,61498082,-544,-88,-1352,680,-886,-112
IMU1,6074,61508002,-515,-66,-1255,731,-927,-96
IMU1,6075,61517733,-465,-36,-1136,786,-980,-148
IMU1,6076,61527673,-468,-32,-1019,851,-1032,-180
IMU1,6077,61537805,-533,33,-903,911,-1109,-161
IMU1,6078,61547646,-628,90,-849,987,-1210,-52
IMU1,6079,61557282,-679,-96,-863,1078,-1285,179
IMU1,6080,61567311,-703,42,-954,1223,-1304,515
IMU1,6081,61577265,-687,88,-970,1364,-1404,878
IMU1,6082,61587200,-714,46,-967,1477,-1600,1197
IMU1,6083,61597329,-752,12,-938,1568,-1818,1474
IMU1,6084,61607483,-823,51,-917,1645,-1995,1712
IMU1,6085,61617607,-906,115,-912,1712,-2103,1918
IMU1,6086,61627943,-975,171,-928,1762,-2163,2098
IMU1,6087,61638272,-1066,234,-974,1794,-2188,2249
IMU1,6088,61648812,-1305,298,-1078,1792,-2197,2379
IMU1,6089,61659539,-1840,96,-1323,1740,-2213,2522
IMU1,6090,61670596,-1900,-57,-1449,1395,-2205,2847
IMU1,6091,61681225,-1962,-214,-1511,1102,-2087,2969
IMU1,6092,61692057,-1983,-280,-1461,755,-1820,3071
IMU1,6093,61702698,-1959,-228,-1386,411,-1395,3095
IMU1,6094,61713327,-1937,-119,-1279,98,-875,3043
IMU1,6095,61723563,-1930,22,-1180,-154,-346,2909
IMU1,6096,61733793,-1934,132,-1149,-330,87,2709
IMU1,6097,61743930,-1943,187,-1134,-441,331,2460
IMU1,6098,61754277,-1932,232,-1142,-512,356,2196
IMU1,6099,61764625,-1914,266,-1122,-548,213,1954
IMU1,6100,61774966,-1899,352,-1063,-556,-16,1748
IMU1,6101,61785720,-1909,377,-1068,-529,-443,1514
IMU1,6102,61796155,-1939,404,-1050,-499,-580,1492
IMU1,6103,61806589,-1962,440,-1031,-449,-665,1512
IMU1,6104,61817024,-1974,477,-1005,-384,-734,1570
IMU1,6105,61827470,-1992,512,-978,-289,-805,1651
IMU1,6106,61837704,-2026,563,-959,-179,-878,1745
IMU1,6107,61847950,-2076,627,-946,-55,-950,1854
IMU1,6108,61858018,-2124,676,-954,69,-1013,1975
IMU1,6109,61868157,-2166,710,-959,177,-1063,2093
IMU1,6110,61878508,-2195,732,-961,282,-1102,2213
IMU1,6111,61888861,-2224,729,-956,366,-1141,2319
IMU1,6112,61899216,-2261,718,-962,430,-1182,2418
IMU1,6113,61909569,-2335,711,-927,490,-1214,2502
IMU1,6114,61920458,-2391,701,-884,585,-1176,2637
IMU1,6115,61930817,-2450,706,-847,643,-1113,2696
IMU1,6116,61941176,-2510,707,-808,703,-1052,2758
IMU1,6117,61951533,-2570,711,-780,780,-999,2804
IMU1,6118,61961705,-2646,699,-770,867,-976,2832
IMU1,6119,61971847,-2695,703,-766,958,-988,2844
IMU1,6120,61982002,-2714,681,-777,1042,-1025,2836
IMU1,6121,61992552,-2719,673,-801,1103,-1072,2800
IMU1,6122,62003105,-2682,664,-827,1139,-1119,2722
IMU1,6123,62013661,-2597,634,-868,1153,-1178,2596
IMU1,6124,62024209,-2455,583,-916,1141,-1267,2415
IMU1,6125,62034758,-2170,563,-1010,1101,-1388,2170
IMU1,6126,62045511,-2051,561,-1037,918,-1628,1528
IMU1,6127,62056062,-1958,555,-1025,792,-1659,1169
IMU1,6128,62066604,-1884,577,-981,647,-1568,806
IMU1,6129,62076747,-1828,598,-928,493,-1358,466
IMU1,6130,62086909,-1793,613,-896,337,-1062,162
IMU1,6131,62097044,-1771,621,-843,185,-735,-98
IMU1,6132,62106873,-1760,618,-792,44,-424,-310
IMU1,6133,62116720,-1771,645,-739,-78,-159,-477
IMU1,6134,62126655,-1798,702,-687,-183,42,-596
IMU1,6135,62136496,-1822,741,-646,-272,186,-675
IMU1,6136,62146528,-1848,762,-603,-348,274,-717
IMU1,6137,62156580,-1870,772,-577,-414,307,-720
IMU1,6138,62166647,-1884,787,-543,-465,311,-699
IMU1,6139,62176701,-1878,800,-522,-503,297,-661
IMU1,6140,62186747,-1843,801,-501,-536,272,-615
IMU1,6141,62196795,-1823,814,-483,-561,255,-568
IMU1,6142,62206846,-1822,824,-467,-570,248,-525
IMU1,6143,62216897,-1835,816,-469,-575,246,-479
IMU1,6144,62228507,-1848,803,-471,-570,219,-375
IMU1,6145,62238546,-1829,811,-512,-567,176,-322
IMU1,6146,62248599,-1796,797,-547,-567,114,-284
IMU1,6147,62258655,-1749,783,-660,-568,37,-256
IMU1,6148,62268513,-1735,726,-716,-569,-40,-248
IMU1,6149,62278443,-1702,699,-735,-567,-102,-248
IMU1,6150,62288560,-1703,692,-693,-541,-135,-246
IMU1,6151,62298685,-1713,690,-648,-491,-118,-242
IMU1,6152,62311267,-1720,701,-609,-428,-50,-235
IMU1,6153,62321203,-1732,727,-573,-375,46,-225
IMU1,6154,62331040,-1767,765,-541,-339,149,-209
IMU1,6155,62341077,-1829,833,-495,-315,240,-196
IMU1,6156,62351126,-1891,906,-476,-312,309,-178
IMU1,6157,62361187,-1943,955,-459,-324,350,-163
IMU1,6158,62372278,-2005,1073,-437,-322,300,-169
IMU1,6159,62382512,-2018,1106,-424,-317,254,-189
IMU1,6160,62392755,-2022,1116,-408,-302,216,-214
IMU1,6161,62403001,-2005,1129,-392,-296,203,-245
IMU1,6162,62413223,-1991,1116,-372,-272,194,-279
IMU1,6163,62423459,-1972,1108,-352,-253,189,-318
IMU1,6164,62433693,-1935,1099,-335,-233,173,-362
IMU1,6165,62443916,-1904,1083,-332,-206,133,-408
IMU1,6166,62454148,-1869,1054,-336,-179,69,-454
IMU1,6167,62464183,-1829,1033,-337,-166,-1,-502
IMU1,6168,62474086,-1795,1004,-343,-165,-75,-544
IMU1,6169,62484205,-1749,991,-352,-171,-139,-578
IMU1,6170,62494329,-1722,985,-368,-186,-186,-609
IMU1,6171,62504458,-1715,979,-381,-212,-217,-630
IMU1,6172,62514596,-1714,977,-406,-255,-226,-636
IMU1,6173,62524734,-1715,978,-446,-304,-216,-636
IMU1,6174,62535922,-1737,1007,-464,-451,-148,-586
IMU1,6175,62546257,-1749,1018,-478,-536,-73,-541
IMU1,6176,62556395,-1762,1023,-484,-629,21,-495
IMU1,6177,62566435,-1770,1018,-492,-719,120,-456
IMU1,6178,62576657,-1784,1008,-485,-806,212,-411
IMU1,6179,62586876,-1781,1003,-466,-885,291,-360
IMU1,6180,62597123,-1778,983,-455,-945,358,-314
IMU1,6181,62607160,-1760,958,-427,-990,414,-272
IMU1,6182,62617209,-1742,951,-411,-1018,463,-242
IMU1,6183,62627457,-1735,941,-382,-1025,504,-220
IMU1,6184,62637705,-1710,947,-361,-1012,535,-210
IMU1,6185,62647956,-1697,937,-346,-981,558,-210
IMU1,6186,62658013,-1681,944,-333,-935,556,-219
IMU1,6187,62668060,-1671,938,-326,-874,536,-231
IMU1,6188,62678116,-1655,944,-305,-806,511,-257
IMU1,6189,62688161,-1645,947,-286,-733,467,-278
IMU1,6190,62699235,-1663,958,-290,-565,354,-313
IMU1,6191,62709292,-1681,962,-300,-483,275,-308
IMU1,6192,62719339,-1696,960,-318,-416,186,-288
IMU1,6193,62729397,-1701,962,-322,-349,90,-259
IMU1,6194,62739230,-1722,977,-346,-288,-13,-218
IMU1,6195,62749154,-1757,971,-362,-229,-102,-174
IMU1,6196,62759289,-1792,962,-382,-180,-176,-118
IMU1,6197,62769413,-1828,971,-400,-126,-226,-59
IMU1,6198,62779347,-1855,980,-421,-77,-261,5
IMU1,6199,62788792,-1879,978,-438,-33,-267,62
IMU1,6200,62798444,-1892,977,-457,5,-258,114
IMU1,6201,62807987,-1911,977,-470,30,-235,162
IMU1,6202,62817744,-1902,981,-479,52,-200,203
IMU1,6203,62827490,-1880,971,-479,68,-158,236
IMU1,6204,62837249,-1861,949,-468,76,-116,257
IMU1,6205,62847000,-1850,937,-457,85,-81,267
IMU1,6206,62856557,-1837,925,-443,104,-67,265
IMU1,6207,62866304,-1796,919,-436,119,-74,258
IMU1,6208,62876062,-1764,912,-421,124,-94,235
IMU1,6209,62885805,-1749,915,-416,135,-120,201
IMU1,6210,62895744,-1741,929,-404,149,-147,163
IMU1,6211,62905690,-1739,946,-413,156,-162,126
IMU1,6212,62915632,-1734,957,-421,153,-171,94
IMU1,6213,62925370,-1729,966,-430,142,-174,68
IMU1,6214,62935096,-1715,961,-437,130,-178,47
IMU1,6215,62944826,-1717,951,-441,117,-186,33
IMU1,6216,62954564,-1722,942,-449,99,-194,29
IMU1,6217,62964105,-1725,934,-443,80,-197,30
IMU1,6218,62973644,-1740,926,-433,65,-189,35
IMU1,6219,62983191,-1757,922,-421,61,-165,45
IMU1,6220,62992730,-1768,916,-415,56,-132,60
IMU1,6221,63002268,-1783,912,-407,60,-100,77
IMU1,6222,63011799,-1791,922,-401,69,-77,92
IMU1,6223,63021151,-1799,931,-405,78,-65,105
IMU1,6224,63030698,-1801,946,-399,86,-64,115
IMU1,6225,63040249,-1801,945,-390,100,-74,123
IMU1,6226,63049977,-1798,945,-385,109,-82,125
IMU1,6227,63059717,-1796,937,-380,114,-86,126
IMU1,6228,63069460,-1804,935,-369,119,-89,128
IMU1,6229,63079200,-1789,934,-358,121,-90,128
IMU1,6230,63088924,-1783,925,-345,125,-91,124
IMU1,6231,63098651,-1780,916,-337,125,-96,118
IMU1,6232,63108394,-1777,913,-333,129,-105,110
IMU1,6233,63118335,-1770,910,-329,130,-113,106
IMU1,6234,63128281,-1768,906,-332,125,-112,105
IMU1,6235,63138217,-1772,918,-327,116,-104,103
IMU1,6236,63148157,-1770,929,-327,107,-86,100
IMU1,6237,63157901,-1769,934,-327,98,-66,95
IMU1,6238,63167253,-1769,938,-337,85,-50,87
IMU1,6239,63176604,-1770,944,-346,64,-45,81
IMU1,6240,63185952,-1771,953,-344,48,-37,68
IMU1,6241,63195292,-1769,948,-348,36,-32,54
IMU1,6242,63204639,-1768,945,-355,16,-32,42
IMU1,6243,63213977,-1771,949,-355,4,-23,24
IMU1,6244,63223125,-1764,959,-357,-9,-8,8
IMU1,6245,63231971,-1761,967,-353,-22,6,-9
IMU1,6246,63241028,-1757,965,-354,-27,21,-30
IMU1,6247,63250462,-1765,968,-353,-39,25,-42
IMU1,6248,63259886,-1765,970,-355,-45,20,-51
IMU1,6249,63269316,-1764,974,-359,-49,9,-60
IMU1,6250,63278551,-1765,981,-362,-54,-4,-67
IMU1,6251,63287889,-1770,985,-369,-51,-14,-76
IMU1,6252,63297418,-1768,994,-376,-52,-13,-83
IMU1,6253,63306943,-1766,994,-383,-61,-4,-82
IMU1,6254,63319031,-1760,995,-385,-66,12,-85
IMU1,6255,63328482,-1757,994,-388,-72,23,-83
IMU1,6256,63337918,-1746,995,-384,-77,35,-83
IMU1,6257,63347367,-1734,992,-378,-85,47,-79
IMU1,6258,63356804,-1726,994,-373,-91,58,-75
IMU1,6259,63366250,-1721,996,-368,-97,73,-72
IMU1,6260,63375689,-1709,999,-363,-104,87,-68
IMU1,6261,63385320,-1711,1003,-358,-108,96,-64
IMU1,6262,63395164,-1710,1010,-354,-113,97,-59
IMU1,6263,63405012,-1707,1018,-351,-112,96,-58
IMU1,6264,63414853,-1708,1030,-350,-108,89,-58
IMU1,6265,63424690,-1719,1027,-348,-107,78,-57
IMU1,6266,63434523,-1720,1032,-351,-104,64,-56
IMU1,6267,63444365,-1721,1029,-352,-96,45,-54
IMU1,6268,63454005,-1726,1030,-354,-91,33,-51
IMU1,6269,63463651,-1730,1031,-358,-85,28,-46
IMU1,6270,63473297,-1730,1030,-357,-81,28,-37
IMU1,6271,63482943,-1731,1020,-351,-77,31,-28
IMU1,6272,63492595,-1725,1014,-345,-70,33,-18
IMU1,6273,63502225,-1726,1010,-344,-61,32,-7
IMU1,6274,63511663,-1726,1012,-341,-52,31,1
IMU1,6275,63521013,-1729,1017,-340,-38,25,5
IMU1,6276,63530350,-1732,1026,-338,-27,15,9
IMU1,6277,63539690,-1729,1032,-338,-14,4,13
IMU1,6278,63549025,-1732,1035,-334,0,-5,12
IMU1,6279,63558079,-1718,1035,-333,16,-16,9
IMU1,6280,63567433,-1718,1037,-336,28,-28,5
IMU1,6281,63576781,-1711,1034,-341,38,-37,-2
IMU1,6282,63586225,-1709,1031,-348,41,-49,-6
IMU1,6283,63595662,-1711,1035,-354,47,-62,-10
IMU1,6284,63605298,-1716,1038,-361,45,-73,-11
IMU1,6285,63614933,-1720,1042,-359,43,-81,-8
IMU1,6286,63624370,-1716,1042,-362,43,-85,-5
IMU1,6287,63633798,-1722,1033,-356,41,-85,0
IMU1,6288,63643043,-1733,1029,-355,39,-87,10
IMU1,6289,63652580,-1737,1022,-361,34,-83,20
IMU1,6290,63662115,-1735,1020,-366,36,-79,31
IMU1,6291,63671662,-1734,1021,-371,37,-69,37
IMU1,6292,63681223,-1734,1019,-380,29,-62,46
IMU1,6293,63690764,-1735,1021,-382,25,-49,44
IMU1,6294,63700311,-1737,1021,-382,21,-40,41
IMU1,6295,63709856,-1740,1024,-380,16,-35,38
IMU1,6296,63719405,-1733,1015,-375,8,-31,30
IMU1,6297,63728755,-1730,1010,-372,17,-32,17
IMU1,6298,63738302,-1735,1003,-380,11,-39,9
IMU1,6299,63747652,-1736,1001,-379,4,-51,2
IMU1,6300,63757318,-1736,1000,-382,11,-62,-8
IMU1,6301,63766762,-1741,1000,-385,7,-58,-17
IMU1,6302,63776205,-1746,996,-387,-7,-55,-15
IMU1,6303,63786059,-1750,995,-390,-12,-46,-13
IMU1,6304,63795603,-1750,996,-386,-20,-38,-4
IMU1,6305,63805463,-1756,988,-388,-26,-19,-1
IMU1,6306,63814805,-1760,983,-389,-32,-1,5
IMU1,6307,63824375,-1764,985,-397,-35,13,12
IMU1,6308,63834244,-1761,979,-395,-45,25,16
IMU1,6309,63843592,-1755,978,-390,-50,29,17
IMU1,6310,63853474,-1763,976,-390,-54,33,18
IMU1,6311,63862832,-1755,972,-387,-61,30,27
IMU1,6312,63872714,-1750,973,-390,-57,30,19
IMU1,6313,63882074,-1750,976,-389,-52,39,4
IMU1,6314,63891763,-1751,979,-381,-51,35,5
IMU1,6315,63901454,-1752,982,-382,-45,40,-4
IMU1,6316,63911217,-1750,988,-378,-37,38,-12
IMU1,6317,63920664,-1745,991,-374,-28,30,-16
IMU1,6318,63930104,-1751,992,-372,-15,22,-25
IMU1,6319,63940073,-1746,998,-377,-1,8,-29
IMU1,6320,63949643,-1741,995,-377,12,1,-40
IMU1,6321,63959309,-1742,1001,-376,20,-7,-45
IMU1,6322,63968754,-1742,1006,-375,30,-10,-48
IMU1,6323,63978400,-1741,1012,-374,33,-15,-46
IMU1,6324,63988046,-1740,1010,-377,34,-18,-43
IMU1,6325,63997690,-1737,1008,-376,40,-19,-42
IMU1,6326,64007342,-1733,1009,-379,40,-14,-44
IMU1,6327,64016951,-1726,1006,-379,38,-13,-42
IMU1,6328,64026562,-1724,1001,-377,40,-16,-42
IMU1,6329,64036163,-1723,1004,-376,32,-18,-38
IMU1,6330,64045772,-1721,1013,-376,30,-13,-39
IMU1,6331,64055393,-1727,1016,-371,27,-10,-39
IMU1,6332,64065016,-1736,1022,-373,27,-6,-39
IMU1,6333,64074432,-1736,1022,-373,23,-11,-35
IMU1,6334,64084051,-1735,1016,-370,25,-20,-34
IMU1,6335,64093665,-1730,1015,-371,28,-32,-28
IMU1,6336,64103288,-1735,1011,-371,33,-38,-24
IMU1,6337,64112903,-1738,1012,-371,38,-40,-20
IMU1,6338,64122522,-1732,1007,-371,42,-34,-16
IMU1,6339,64132148,-1733,1006,-373,44,-23,-14
IMU1,6340,64141769,-1724,1002,-368,49,-15,-18
IMU1,6341,64151386,-1732,1000,-373,54,-21,-17
IMU1,6342,64161012,-1734,1011,-369,57,-30,-18
IMU1,6343,64170633,-1727,1006,-363,63,-36,-25
IMU1,6344,64180256,-1732,1003,-361,70,-38,-31
IMU1,6345,64189882,-1732,1002,-362,75,-41,-33
IMU1,6346,64199510,-1730,996,-368,75,-47,-31
IMU1,6347,64208956,-1735,994,-376,76,-43,-37
IMU1,6348,64218910,-1732,999,-380,69,-54,-35
IMU1,6349,64228347,-1741,1004,-372,68,-58,-38
IMU1,6350,64237970,-1748,1011,-369,60,-60,-29
IMU1,6351,64247602,-1748,1013,-358,59,-41,-26
IMU1,6352,64257229,-1751,1007,-358,49,-24,-16
IMU1,6353,64266845,-1752,1006,-357,52,-7,-15
IMU1,6354,64276269,-1740,1006,-361,50,-5,-11
IMU1,6355,64286217,-1736,1009,-358,45,-16,-6
IMU1,6356,64295651,-1730,1009,-362,40,-28,-6
IMU1,6357,64305085,-1722,1008,-360,35,-33,-14
IMU1,6358,64314717,-1727,1007,-362,34,-33,-26
IMU1,6359,64327094,-1727,1009,-360,23,-35,-29
IMU1,6360,64336713,-1733,1009,-368,19,-31,-35
IMU1,6361,64346334,-1736,1018,-367,14,-27,-37
IMU1,6362,64355958,-1739,1015,-370,8,-32,-34
IMU1,6363,64365394,-1740,1012,-374,4,-41,-30
IMU1,6364,64374827,-1744,1011,-373,-1,-45,-25
IMU1,6365,64384352,-1739,1007,-377,0,-43,-23
IMU1,6366,64393673,-1741,1013,-376,-2,-40,-16
IMU1,6367,64403194,-1739,1012,-375,-1,-34,-9
IMU1,6368,64412532,-1742,1009,-376,6,-25,-7
IMU1,6369,64421757,-1737,1011,-371,9,-22,-4
IMU1,6370,64430994,-1730,1010,-371,17,-20,-3
IMU1,6371,64440428,-1733,1007,-373,25,-20,-2
IMU1,6372,64449850,-1729,1010,-377,26,-24,1
IMU1,6373,64459185,-1728,1012,-373,31,-24,-4
IMU1,6374,64468630,-1729,1012,-374,39,-33,-5
IMU1,6375,64478589,-1730,1013,-380,42,-35,-12
IMU1,6376,64488228,-1735,1014,-378,45,-41,-12
IMU1,6377,64497854,-1739,1014,-381,48,-43,-14
IMU1,6378,64507488,-1741,1011,-379,54,-38,-20
IMU1,6379,64517132,-1741,1008,-377,51,-37,-19
IMU1,6380,64526753,-1747,1011,-367,57,-32,-18
IMU1,6381,64536381,-1740,1009,-363,61,-26,-19
IMU1,6382,64546008,-1740,1007,-359,58,-30,-15
IMU1,6383,64555634,-1740,1006,-354,63,-32,-20
IMU1,6384,64565263,-1735,1015,-354,64,-39,-20
IMU1,6385,64574889,-1727,1011,-356,66,-41,-26
IMU1,6386,64584514,-1729,1012,-349,63,-36,-34
IMU1,6387,64594142,-1726,1016,-350,54,-34,-38
IMU1,6388,64603773,-1729,1016,-349,53,-29,-46
IMU1,6389,64613407,-1727,1016,-350,46,-36,-42
IMU1,6390,64623047,-1732,1015,-351,36,-40,-37
IMU1,6391,64632687,-1730,1013,-351,28,-42,-32
IMU1,6392,64642327,-1734,1015,-353,22,-39,-28
IMU1,6393,64651952,-1736,1013,-355,15,-35,-23
IMU1,6394,64661590,-1739,1014,-358,11,-30,-16
IMU1,6395,64671230,-1743,1007,-357,2,-21,-11
IMU1,6396,64680667,-1744,1010,-359,0,-16,-9
IMU1,6397,64689803,-1756,1007,-362,-1,-12,-11
IMU1,6398,64699334,-1768,1017,-362,4,-8,-9
IMU1,6399,64709416,-1767,1019,-364,2,-16,2
IMU1,6400,64718564,-1757,1019,-374,5,-23,-4
IMU1,6401,64728294,-1751,1013,-387,13,-31,-18
IMU1,6402,64737905,-1745,1004,-398,15,-36,-26
IMU1,6403,64747516,-1743,999,-406,16,-45,-32
IMU1,6404,64757460,-1740,993,-416,8,-44,-32
IMU1,6405,64766685,-1744,990,-426,2,-25,-40
IMU1,6406,64776431,-1751,985,-437,-10,-7,-35
IMU1,6407,64786264,-1750,975,-443,-18,13,-29
IMU1,6408,64795676,-1743,953,-445,-22,38,-34
IMU1,6409,64805106,-1736,927,-439,-28,54,-35
IMU1,6410,64815044,-1720,907,-417,-23,65,-38
IMU1,6411,64824460,-1704,901,-380,-13,77,-49
IMU1,6412,64834391,-1691,894,-338,13,89,-70
IMU1,6413,64843714,-1692,904,-292,63,102,-99
IMU1,6414,64853236,-1712,915,-244,114,102,-124
IMU1,6415,64863155,-1727,948,-198,179,92,-148
IMU1,6416,64872887,-1723,998,-166,251,62,-173
IMU1,6417,64882603,-1721,1054,-160,322,12,-206
IMU1,6418,64892503,-1733,1101,-161,383,-69,-234
IMU1,6419,64902521,-1744,1133,-182,436,-177,-252
IMU1,6420,64912726,-1751,1152,-211,463,-293,-255
IMU1,6421,64922946,-1742,1170,-251,467,-392,-252
IMU1,6422,64933161,-1728,1175,-297,438,-469,-228
IMU1,6423,64943379,-1718,1164,-341,388,-519,-189
IMU1,6424,64953600,-1702,1139,-379,314,-535,-136
IMU1,6425,64963820,-1692,1107,-415,221,-523,-69
IMU1,6426,64973834,-1697,1071,-441,120,-478,10
IMU1,6427,64983749,-1694,1032,-470,10,-408,97
IMU1,6428,64993470,-1703,988,-490,-106,-318,189
IMU1,6429,65003486,-1726,958,-500,-220,-208,283
IMU1,6430,65013517,-1754,945,-496,-326,-88,375
IMU1,6431,65023356,-1772,948,-497,-422,40,455
IMU1,6432,65033107,-1794,946,-504,-500,166,513
IMU1,6433,65043044,-1817,934,-492,-569,270,547
IMU1,6434,65052984,-1835,918,-482,-609,351,553
IMU1,6435,65062919,-1840,918,-469,-628,408,535
IMU1,6436,65072855,-1839,932,-459,-630,441,489
IMU1,6437,65084354,-1836,931,-436,-565,426,326
IMU1,6438,65094294,-1850,925,-428,-517,396,222
IMU1,6439,65104238,-1847,929,-418,-443,349,121
IMU1,6440,65114167,-1842,933,-407,-372,314,19
IMU1,6441,65123907,-1833,934,-392,-281,280,-80
IMU1,6442,65133744,-1811,938,-379,-188,243,-174
IMU1,6443,65143765,-1793,940,-372,-88,207,-258
IMU1,6444,65153592,-1764,925,-359,14,169,-330
IMU1,6445,65163317,-1739,908,-339,114,133,-392
IMU1,6446,65173253,-1721,902,-309,216,99,-441
IMU1,6447,65182987,-1711,902,-276,315,58,-473
IMU1,6448,65192733,-1716,926,-246,415,13,-488
IMU1,6449,65202465,-1710,955,-215,509,-31,-492
IMU1,6450,65212301,-1701,989,-193,597,-76,-489
IMU1,6451,65222132,-1698,1037,-175,679,-124,-482
IMU1,6452,65232353,-1694,1097,-165,748,-180,-473
IMU1,6453,65242571,-1690,1152,-183,803,-249,-463
IMU1,6454,65252788,-1688,1191,-210,839,-332,-445
IMU1,6455,65263020,-1680,1217,-250,847,-427,-419
IMU1,6456,65273250,-1666,1221,-304,825,-520,-380
IMU1,6457,65283492,-1646,1216,-350,773,-596,-330
IMU1,6458,65293716,-1640,1188,-397,691,-637,-269
IMU1,6459,65303944,-1624,1107,-467,575,-653,-188
IMU1,6460,65315215,-1631,1058,-484,291,-582,22
IMU1,6461,65327896,-1656,1021,-497,138,-479,142
IMU1,6462,65338035,-1678,966,-486,-21,-343,269
IMU1,6463,65347850,-1705,936,-461,-173,-173,392
IMU1,6464,65357874,-1729,935,-433,-306,11,504
IMU1,6465,65367616,-1758,939,-414,-414,178,597
IMU1,6466,65377560,-1784,938,-405,-498,307,666
IMU1,6467,65387492,-1808,943,-383,-557,390,705
IMU1,6468,65397446,-1826,942,-372,-593,430,716
IMU1,6469,65407398,-1826,954,-359,-609,434,696
IMU1,6470,65417356,-1822,969,-344,-602,415,641
IMU1,6471,65427294,-1824,979,-336,-582,389,556
IMU1,6472,65437238,-1813,989,-336,-539,353,447
IMU1,6473,65447183,-1807,972,-328,-475,309,319
IMU1,6474,65457129,-1807,977,-319,-411,266,187
IMU1,6475,65467063,-1805,979,-311,-320,215,56
IMU1,6476,65476803,-1803,974,-299,-226,163,-67
IMU1,6477,65488187,-1785,978,-309,-20,11,-253
IMU1,6478,65497813,-1775,988,-319,89,-79,-311
IMU1,6479,65507455,-1758,994,-334,185,-166,-348
IMU1,6480,65517492,-1747,1000,-348,261,-232,-364
IMU1,6481,65527728,-1727,1002,-360,331,-275,-364
IMU1,6482,65537964,-1711,1011,-370,388,-287,-357
IMU1,6483,65548152,-1696,1018,-371,426,-283,-336
IMU1,6484,65558347,-1692,1025,-373,450,-271,-305
IMU1,6485,65568554,-1686,1038,-369,462,-253,-273
IMU1,6486,65578747,-1682,1056,-364,461,-241,-233
IMU1,6487,65588940,-1680,1067,-360,454,-236,-190
IMU1,6488,65599134,-1678,1061,-359,433,-233,-146
IMU1,6489,65609346,-1679,1054,-358,403,-227,-101
IMU1,6490,65619534,-1683,1053,-368,368,-218,-58
IMU1,6491,65629517,-1694,1049,-377,319,-204,-13
IMU1,6492,65639514,-1703,1052,-382,261,-183,30
IMU1,6493,65649415,-1714,1056,-379,197,-152,70
IMU1,6494,65659323,-1727,1052,-375,132,-107,106
IMU1,6495,65669419,-1737,1046,-349,68,-52,133
IMU1,6496,65680160,-1749,1046,-339,-45,72,158
IMU1,6497,65689853,-1754,1036,-330,-85,110,158
IMU1,6498,65699753,-1751,1039,-326,-114,127,130
IMU1,6499,65709867,-1750,1033,-322,-130,116,100
IMU1,6500,65719975,-1752,1031,-309,-136,94,69
IMU1,6501,65729707,-1755,1024,-305,-135,76,33
IMU1,6502,65739423,-1753,1022,-300,-127,54,6
IMU1,6503,65748951,-1749,1024,-299,-112,40,-22
IMU1,6504,65758755,-1743,1020,-296,-96,32,-47
IMU1,6505,65768368,-1740,1013,-306,-73,18,-67
IMU1,6506,65777973,-1736,1013,-320,-51,2,-81
IMU1,6507,65787381,-1735,1014,-326,-23,-14,-94
IMU1,6508,65797080,-1733,1019,-336,-1,-28,-101
IMU1,6509,65806780,-1731,1023,-342,18,-41,-99
IMU1,6510,65816383,-1734,1022,-353,34,-59,-88
IMU1,6511,65825996,-1728,1024,-361,50,-66,-83
IMU1,6512,65835603,-1726,1020,-365,62,-69,-72
IMU1,6513,65845216,-1717,1018,-368,68,-73,-58
IMU1,6514,65854825,-1713,1011,-368,75,-71,-45
IMU1,6515,65864442,-1712,1004,-366,85,-68,-35
IMU1,6516,65874039,-1715,1007,-362,90,-65,-24
IMU1,6517,65883643,-1720,1009,-359,95,-63,-13
IMU1,6518,65893254,-1725,1018,-356,101,-58,-8
IMU1,6519,65902870,-1726,1012,-358,103,-61,-1
IMU1,6520,65912491,-1735,1011,-360,106,-64,2
IMU1,6521,65922009,-1738,1014,-362,107,-68,2
IMU1,6522,65931513,-1740,1017,-361,104,-74,2
IMU1,6523,65941039,-1748,1017,-353,97,-80,6
IMU1,6524,65950362,-1752,1020,-348,98,-73,-1
IMU1,6525,65959780,-1758,1013,-351,95,-72,-3
IMU1,6526,65969196,-1751,1018,-352,90,-70,-3
IMU1,6527,65978617,-1746,1011,-349,85,-65,-9
IMU1,6528,65988029,-1740,1014,-346,79,-55,-21
IMU1,6529,65997632,-1734,1005,-346,70,-41,-31
IMU1,6530,66007239,-1732,1002,-344,60,-27,-45
IMU1,6531,66016843,-1726,1005,-343,46,-28,-50
IMU1,6532,66026446,-1727,1015,-342,41,-28,-62
IMU1,6533,66036055,-1724,1019,-337,33,-42,-65
IMU1,6534,66045664,-1728,1019,-339,26,-50,-70
IMU1,6535,66055281,-1727,1024,-337,27,-52,-76
IMU1,6536,66064886,-1725,1025,-335,25,-49,-70
IMU1,6537,66074487,-1719,1019,-335,20,-45,-60
IMU1,6538,66084091,-1717,1015,-333,29,-38,-61
IMU1,6539,66093694,-1718,1023,-330,33,-36,-55
IMU1,6540,66103309,-1714,1025,-328,42,-25,-60
IMU1,6541,66112922,-1727,1031,-319,54,-18,-59
IMU1,6542,66122535,-1732,1037,-309,63,-17,-48
IMU1,6543,66132153,-1736,1040,-302,75,-24,-36
IMU1,6544,66141776,-1734,1036,-305,85,-41,-24
IMU1,6545,66151397,-1734,1042,-312,97,-68,-14
IMU1,6546,66161013,-1724,1042,-321,98,-102,-3
IMU1,6547,66170619,-1724,1039,-327,96,-126,3
IMU1,6548,66180664,-1729,1037,-336,87,-135,4
IMU1,6549,66190186,-1721,1023,-343,79,-136,8
IMU1,6550,66199716,-1726,1008,-354,57,-137,21
IMU1,6551,66209438,-1731,1000,-357,31,-127,34
IMU1,6552,66219156,-1729,982,-358,9,-109,46
IMU1,6553,66228487,-1739,973,-356,-14,-94,62
IMU1,6554,66237902,-1748,968,-355,-35,-82,82
IMU1,6555,66247848,-1752,961,-362,-54,-70,97
IMU1,6556,66257266,-1764,964,-369,-76,-55,108
IMU1,6557,66266879,-1767,970,-373,-98,-47,117
IMU1,6558,66276499,-1765,968,-379,-117,-40,115
IMU1,6559,66286307,-1771,959,-373,-129,-26,106
IMU1,6560,66296128,-1765,947,-363,-150,-16,104
IMU1,6561,66305942,-1762,938,-355,-161,1,92
IMU1,6562,66315255,-1765,932,-344,-170,11,84
IMU1,6563,66324769,-1771,939,-333,-178,21,73
IMU1,6564,66337047,-1775,940,-334,-183,32,61
IMU1,6565,66346567,-1785,944,-329,-179,44,44
IMU1,6566,66356083,-1794,953,-331,-176,48,32
IMU1,6567,66365591,-1803,960,-337,-175,49,19
IMU1,6568,66375101,-1808,966,-334,-183,45,12
IMU1,6569,66384615,-1806,964,-334,-188,43,1
IMU1,6570,66393931,-1815,968,-331,-189,44,-10
IMU1,6571,66403542,-1816,979,-323,-188,49,-21
IMU1,6572,66413147,-1810,983,-312,-182,60,-31
IMU1,6573,66422764,-1802,980,-303,-173,67,-39
IMU1,6574,66432379,-1802,976,-304,-160,75,-51
IMU1,6575,66441988,-1798,978,-311,-149,75,-61
IMU1,6576,66451610,-1799,985,-319,-138,68,-69
IMU1,6577,66461233,-1799,989,-326,-135,62,-75
IMU1,6578,66470850,-1804,1008,-316,-131,71,-86
IMU1,6579,66480667,-1805,1014,-310,-129,88,-95
IMU1,6580,66490475,-1799,1017,-299,-127,112,-103
IMU1,6581,66500689,-1794,1025,-297,-124,134,-108
IMU1,6582,66510904,-1778,1028,-291,-119,151,-120
IMU1,6583,66521125,-1761,1029,-295,-113,153,-140
IMU1,6584,66531339,-1752,1034,-297,-107,138,-164
IMU1,6585,66541558,-1743,1047,-287,-102,120,-191
IMU1,6586,66551774,-1734,1063,-273,-92,108,-217
IMU1,6587,66561804,-1725,1087,-264,-79,112,-246
IMU1,6588,66571791,-1717,1101,-261,-60,122,-272
IMU1,6589,66581799,-1706,1103,-262,-41,133,-296
IMU1,6590,66591801,-1693,1112,-263,-21,125,-313
IMU1,6591,66601819,-1673,1117,-261,-3,106,-327
IMU1,6592,66613182,-1643,1131,-264,21,57,-329
IMU1,6593,66622886,-1630,1140,-272,36,36,-333
IMU1,6594,66632599,-1627,1139,-276,45,26,-328
IMU1,6595,66642310,-1627,1156,-285,45,26,-309
IMU1,6596,66652022,-1624,1156,-280,43,28,-284
IMU1,6597,66661737,-1631,1160,-276,37,28,-249
IMU1,6598,66671463,-1635,1155,-264,34,21,-207
IMU1,6599,66681184,-1646,1136,-262,42,7,-160
IMU1,6600,66690703,-1666,1130,-259,43,-18,-100
IMU1,6601,66700503,-1680,1123,-263,44,-44,-40
IMU1,6602,66710110,-1691,1094,-274,45,-64,20
IMU1,6603,66719634,-1700,1072,-280,41,-83,81
IMU1,6604,66729160,-1697,1052,-285,40,-87,131
IMU1,6605,66738867,-1699,1040,-290,38,-83,175
IMU1,6606,66748587,-1698,1030,-300,30,-70,205
IMU1,6607,66758315,-1706,1013,-307,26,-56,222
IMU1,6608,66768051,-1713,994,-320,20,-56,232
IMU1,6609,66777557,-1716,974,-333,15,-62,229
IMU1,6610,66787087,-1733,962,-342,8,-80,222
IMU1,6611,66796410,-1745,962,-357,-6,-93,212
IMU1,6612,66805834,-1768,957,-374,-20,-101,201
IMU1,6613,66815645,-1780,960,-369,-23,-93,182
IMU1,6614,66825270,-1805,959,-363,-27,-87,166
IMU1,6615,66834889,-1817,958,-355,-16,-74,150
IMU1,6616,66844517,-1824,955,-352,-1,-55,134
IMU1,6617,66853949,-1832,952,-343,15,-44,120
IMU1,6618,66863473,-1841,952,-344,29,-40,102
IMU1,6619,66872996,-1837,958,-355,51,-49,79
IMU1,6620,66882325,-1830,957,-366,74,-71,54
IMU1,6621,66892172,-1824,951,-381,90,-107,34
IMU1,6622,66901694,-1816,950,-385,97,-120,3
IMU1,6623,66911023,-1810,954,-381,102,-120,-21
IMU1,6624,66920848,-1800,953,-365,106,-103,-35
IMU1,6625,66930660,-1797,955,-355,108,-64,-51
IMU1,6626,66940282,-1793,946,-347,101,-31,-54
IMU1,6627,66949903,-1788,948,-341,93,-8,-56
IMU1,6628,66959126,-1780,954,-338,78,-5,-49
IMU1,6629,66968882,-1768,959,-340,57,-15,-41
IMU1,6630,66978824,-1762,961,-336,39,-18,-41
IMU1,6631,66988234,-1763,965,-338,10,-20,-33
IMU1,6632,66997650,-1772,973,-333,-21,-4,-27
IMU1,6633,67007489,-1774,969,-336,-55,20,-18
IMU1,6634,67016917,-1781,972,-330,-88,49,-8
IMU1,6635,67026661,-1778,974,-318,-122,78,5
IMU1,6636,67036513,-1772,965,-302,-151,104,15
IMU1,6637,67046244,-1771,967,-292,-171,133,15
IMU1,6638,67055972,-1774,973,-289,-188,145,22
IMU1,6639,67065708,-1758,986,-288,-195,150,3
IMU1,6640,67075243,-1759,993,-289,-210,145,-15
IMU1,6641,67085052,-1761,1007,-294,-210,126,-30
IMU1,6642,67095059,-1752,1016,-303,-211,113,-49
IMU1,6643,67105077,-1751,1019,-311,-220,102,-61
IMU1,6644,67115102,-1747,1024,-317,-223,101,-74
IMU1,6645,67125138,-1746,1029,-329,-222,104,-84
IMU1,6646,67135150,-1745,1029,-343,-228,108,-88
IMU1,6647,67145178,-1736,1021,-349,-233,110,-87
IMU1,6648,67155203,-1734,1013,-352,-238,113,-83
IMU1,6649,67165221,-1729,1023,-350,-242,118,-75
IMU1,6650,67175249,-1729,1033,-345,-239,130,-68
IMU1,6651,67185259,-1727,1035,-336,-230,146,-63
IMU1,6652,67195279,-1734,1035,-325,-218,161,-60
IMU1,6653,67205295,-1728,1036,-315,-199,168,-56
IMU1,6654,67215293,-1726,1036,-318,-177,157,-53
IMU1,6655,67225313,-1718,1036,-326,-153,128,-53
IMU1,6656,67235329,-1708,1030,-329,-130,86,-51
IMU1,6657,67245137,-1688,1015,-326,-109,45,-52
IMU1,6658,67254937,-1675,1004,-327,-91,15,-55
IMU1,6659,67264550,-1667,993,-324,-67,-2,-56
IMU1,6660,67273855,-1677,989,-320,-49,-6,-53
IMU1,6661,67283166,-1692,991,-307,-36,1,-48
IMU1,6662,67292387,-1714,1006,-294,-25,8,-36
IMU1,6663,67301803,-1737,1020,-274,-5,13,-25
IMU1,6664,67311221,-1752,1033,-262,18,10,-11
IMU1,6665,67320749,-1754,1042,-262,39,0,-1
IMU1,6666,67329780,-1762,1064,-270,59,-19,3
IMU1,6667,67341838,-1762,1082,-287,73,-48,0
IMU1,6668,67351057,-1755,1084,-304,80,-79,-8
IMU1,6669,67360483,-1738,1078,-312,72,-109,-13
IMU1,6670,67370293,-1718,1063,-312,61,-120,-26
IMU1,6671,67380112,-1712,1049,-307,46,-106,-35
IMU1,6672,67389922,-1701,1041,-294,30,-77,-38
IMU1,6673,67399541,-1697,1029,-277,12,-41,-32
IMU1,6674,67409163,-1688,1016,-267,-8,-14,-20
IMU1,6675,67418673,-1679,1011,-258,-18,4,-20
IMU1,6676,67428097,-1678,1005,-256,-27,1,-16
IMU1,6677,67437511,-1691,1002,-264,-44,-18,-4
IMU1,6678,67447028,-1701,998,-275,-54,-45,6
IMU1,6679,67456261,-1704,994,-290,-67,-72,21
IMU1,6680,67465679,-1718,988,-298,-83,-85,36
IMU1,6681,67475100,-1726,986,-306,-101,-80,47
IMU1,6682,67484732,-1732,992,-299,-107,-55,53
IMU1,6683,67494360,-1734,994,-288,-105,-26,58
IMU1,6684,67503995,-1746,988,-277,-93,3,60
IMU1,6685,67513138,-1759,983,-264,-76,27,54
IMU1,6686,67522473,-1767,982,-258,-53,28,49
IMU1,6687,67531794,-1780,991,-260,-28,5,46
IMU1,6688,67540929,-1786,1014,-265,-6,-26,42
IMU1,6689,67550345,-1787,1024,-270,14,-56,37
IMU1,6690,67559880,-1798,1032,-273,24,-78,33
IMU1,6691,67569417,-1806,1035,-277,22,-84,32
IMU1,6692,67578951,-1813,1038,-280,17,-75,34
IMU1,6693,67588492,-1821,1045,-277,11,-51,37
IMU1,6694,67598002,-1831,1050,-269,-2,-20,41
IMU1,6695,67607418,-1840,1051,-251,-13,4,49
IMU1,6696,67616734,-1852,1055,-234,-20,20,59
IMU1,6697,67626250,-1860,1055,-232,-19,18,68
IMU1,6698,67635764,-1863,1058,-234,-15,3,77
IMU1,6699,67645087,-1855,1062,-255,-16,-18,83
IMU1,6700,67654705,-1836,1065,-288,-22,-38,83
IMU1,6701,67664330,-1816,1059,-333,-40,-46,81
IMU1,6702,67673947,-1800,1056,-379,-80,-38,80
IMU1,6703,67683564,-1772,1047,-421,-135,-2,74
IMU1,6704,67693184,-1733,1027,-442,-200,61,64
IMU1,6705,67702907,-1704,1002,-442,-263,135,51
IMU1,6706,67712831,-1689,981,-419,-317,214,40
IMU1,6707,67722548,-1696,957,-389,-356,285,37
IMU1,6708,67732282,-1712,953,-348,-370,349,40
IMU1,6709,67742020,-1732,952,-316,-357,402,49
IMU1,6710,67751765,-1749,960,-279,-322,435,61
IMU1,6711,67761497,-1766,976,-247,-267,439,75
IMU1,6712,67771231,-1774,985,-232,-194,410,87
IMU1,6713,67780963,-1773,998,-228,-109,352,90
IMU1,6714,67790697,-1764,1000,-230,-14,268,81
IMU1,6715,67800423,-1745,1003,-244,88,166,71
IMU1,6716,67810051,-1744,1003,-248,183,64,58
IMU1,6717,67819684,-1746,1006,-262,273,-21,50
IMU1,6718,67829416,-1754,1015,-262,358,-79,53
IMU1,6719,67839171,-1760,1021,-259,442,-107,65
IMU1,6720,67849115,-1764,1020,-243,519,-115,85
IMU1,6721,67859030,-1782,1013,-221,584,-107,115
IMU1,6722,67869156,-1799,1010,-203,647,-94,150
IMU1,6723,67879077,-1819,1025,-183,710,-95,187
IMU1,6724,67888999,-1831,1028,-169,770,-117,222
IMU1,6725,67899123,-1832,1033,-170,827,-163,251
IMU1,6726,67909244,-1834,1022,-172,870,-223,274
IMU1,6727,67919372,-1834,1036,-183,904,-287,289
IMU1,6728,67930539,-1908,1126,-199,937,-375,281
IMU1,6729,67940678,-1965,1186,-215,929,-400,282
IMU1,6730,67950811,-2004,1235,-225,917,-402,272
IMU1,6731,67960948,-2016,1253,-225,890,-396,274
IMU1,6732,67971091,-2009,1237,-215,856,-380,270
IMU1,6733,67981230,-1997,1191,-225,826,-369,260
IMU1,6734,67991369,-1969,1134,-236,785,-365,247
IMU1,6735,68001512,-1890,1047,-275,741,-373,229
IMU1,6736,68011633,-1796,950,-312,682,-397,199
IMU1,6737,68021568,-1703,872,-331,620,-433,159
IMU1,6738,68031500,-1619,814,-332,561,-461,107
IMU1,6739,68041429,-1558,784,-344,512,-464,47
IMU1,6740,68051167,-1512,792,-359,467,-437,-14
IMU1,6741,68061007,-1478,810,-388,423,-390,-70
IMU1,6742,68070833,-1452,835,-429,376,-337,-118
IMU1,6743,68080852,-1433,875,-473,316,-278,-157
IMU1,6744,68090882,-1441,917,-535,245,-218,-184
IMU1,6745,68100898,-1450,941,-595,160,-154,-196
IMU1,6746,68110916,-1441,943,-620,65,-86,-192
IMU1,6747,68120546,-1426,940,-604,-30,-6,-182
IMU1,6748,68130071,-1425,957,-568,-108,85,-163
IMU1,6749,68139894,-1430,972,-525,-156,184,-142
IMU1,6750,68149924,-1445,970,-491,-184,264,-115
IMU1,6751,68159942,-1488,977,-448,-182,298,-76
IMU1,6752,68170811,-1603,1009,-441,-108,259,19
IMU1,6753,68180715,-1681,1056,-439,-55,207,89
IMU1,6754,68190427,-1747,1098,-450,-7,153,163
IMU1,6755,68200152,-1798,1129,-471,56,110,219
IMU1,6756,68209972,-1841,1149,-499,106,74,273
IMU1,6757,68219794,-1849,1159,-523,148,50,313
IMU1,6758,68229633,-1844,1170,-553,187,31,328
IMU1,6759,68239459,-1825,1149,-569,214,6,316
IMU1,6760,68249092,-1796,1103,-578,233,-24,281
IMU1,6761,68259023,-1768,1057,-566,259,-59,220
IMU1,6762,68268945,-1739,1034,-547,287,-97,151
IMU1,6763,68278872,-1716,1025,-526,323,-119,62
IMU1,6764,68288801,-1697,1041,-518,359,-130,-34
IMU1,6765,68298807,-1691,1072,-520,397,-136,-137
IMU1,6766,68309032,-1682,1110,-525,432,-140,-240
IMU1,6767,68319256,-1688,1163,-527,458,-150,-339
IMU1,6768,68329488,-1701,1202,-521,484,-162,-427
IMU1,6769,68342455,-1718,1241,-490,502,-173,-492
IMU1,6770,68353710,-1753,1319,-483,514,-180,-554
IMU1,6771,68363932,-1760,1342,-479,513,-193,-553
IMU1,6772,68374162,-1752,1335,-522,494,-220,-532
IMU1,6773,68384392,-1681,1326,-730,465,-274,-497
IMU1,6774,68394611,-1688,1312,-821,415,-362,-466
IMU1,6775,68404833,-1690,1249,-810,362,-443,-424
IMU1,6776,68415036,-1661,1189,-675,337,-457,-371
IMU1,6777,68425268,-1651,1128,-548,348,-390,-310
IMU1,6778,68435497,-1624,1115,-485,379,-278,-248
IMU1,6779,68445717,-1553,1109,-525,392,-181,-193
IMU1,6780,68455951,-1502,1083,-578,368,-149,-154
IMU1,6781,68466185,-1470,1078,-628,304,-176,-132
IMU1,6782,68476419,-1454,1079,-670,209,-233,-115
IMU1,6783,68486651,-1437,1062,-688,99,-282,-110
IMU1,6784,68497700,-1411,1043,-686,-109,-266,-99
IMU1,6785,68507807,-1399,1054,-678,-210,-168,-96
IMU1,6786,68517918,-1404,1068,-653,-300,-31,-94
IMU1,6787,68527844,-1414,1106,-621,-375,120,-94
IMU1,6788,68537875,-1445,1136,-591,-436,242,-86
IMU1,6789,68547899,-1481,1149,-578,-468,309,-77
IMU1,6790,68557931,-1515,1157,-582,-493,307,-57
IMU1,6791,68567974,-1534,1160,-581,-508,255,-34
IMU1,6792,68578013,-1540,1159,-582,-517,175,-5
IMU1,6793,68587848,-1545,1155,-570,-519,93,30
IMU1,6794,68597591,-1557,1147,-560,-520,29,69
IMU1,6795,68607349,-1553,1138,-564,-504,-19,109
IMU1,6796,68617401,-1553,1122,-563,-475,-53,143
IMU1,6797,68627435,-1559,1104,-573,-447,-85,176
IMU1,6798,68637468,-1542,1081,-580,-416,-121,212
IMU1,6799,68647696,-1515,1047,-585,-378,-153,238
IMU1,6800,68657929,-1497,1019,-597,-349,-175,263
IMU1,6801,68668145,-1472,986,-600,-319,-192,278
IMU1,6802,68678180,-1456,968,-599,-280,-200,284
IMU1,6803,68688204,-1443,954,-598,-249,-205,285
IMU1,6804,68698222,-1431,954,-569,-216,-209,283
IMU1,6805,68709294,-1423,954,-542,-142,-210,266
IMU1,6806,68719331,-1445,952,-527,-104,-212,265
IMU1,6807,68729369,-1492,960,-501,-48,-208,258
IMU1,6808,68739196,-1565,991,-476,-1,-204,269
IMU1,6809,68748834,-1671,1051,-449,35,-202,301
IMU1,6810,68758755,-1784,1141,-430,80,-199,347
IMU1,6811,68768693,-1891,1240,-411,122,-196,406
IMU1,6812,68778820,-1946,1315,-393,159,-189,469
IMU1,6813,68788959,-1940,1333,-386,190,-196,528
IMU1,6814,68799098,-1876,1281,-381,218,-225,569
IMU1,6815,68809245,-1809,1182,-397,232,-278,588
IMU1,6816,68819388,-1746,1073,-407,236,-355,587
IMU1,6817,68829500,-1688,972,-401,229,-431,572
IMU1,6818,68839413,-1656,902,-397,204,-489,549
IMU1,6819,68849330,-1635,880,-373,178,-506,522
IMU1,6820,68859245,-1640,873,-347,151,-471,489
IMU1,6821,68869160,-1662,901,-331,123,-392,458
IMU1,6822,68879071,-1698,951,-319,98,-286,425
IMU1,6823,68888803,-1733,1018,-321,73,-178,393
IMU1,6824,68898720,-1763,1080,-328,42,-87,357
IMU1,6825,68908427,-1785,1108,-345,1,-31,314
IMU1,6826,68917961,-1801,1122,-357,-49,-4,268
IMU1,6827,68927575,-1825,1119,-358,-107,-1,223
IMU1,6828,68937408,-1829,1092,-348,-166,2,179
IMU1,6829,68947129,-1824,1068,-314,-230,12,141
IMU1,6830,68957063,-1812,1056,-286,-284,39,102
IMU1,6831,68966990,-1808,1035,-260,-324,80,58
IMU1,6832,68976710,-1793,1003,-255,-355,113,13
IMU1,6833,68986627,-1785,983,-288,-364,125,-41
IMU1,6834,68998007,-1753,980,-316,-392,88,-158
IMU1,6835,69007838,-1721,1016,-416,-411,66,-228
IMU1,6836,69017866,-1668,1087,-453,-440,60,-314
IMU1,6837,69027882,-1663,1166,-496,-475,89,-400
IMU1,6838,69037896,-1671,1219,-616,-511,168,-482
IMU1,6839,69048132,-1630,1353,-716,-550,273,-557
IMU1,6840,69058375,-1680,1545,-686,-584,400,-628
IMU1,6841,69068611,-1811,1493,-554,-609,580,-675
IMU1,6842,69078861,-1951,1333,-372,-606,824,-691
IMU1,6843,69089099,-1995,1269,-267,-577,1050,-685
IMU1,6844,69099537,-1983,1334,-201,-504,1165,-687
IMU1,6845,69109962,-1932,1418,-152,-386,1123,-721
IMU1,6846,69120398,-1854,1429,-130,-237,950,-789
IMU1,6847,69130619,-1791,1428,-100,-64,703,-884
IMU1,6848,69140637,-1752,1441,-40,118,457,-987
IMU1,6849,69151594,-1696,1455,-39,478,116,-1146
IMU1,6850,69161725,-1654,1495,-50,644,0,-1188
IMU1,6851,69171346,-1606,1538,-73,782,-120,-1202
IMU1,6852,69181563,-1556,1536,-116,896,-246,-1214
IMU1,6853,69191991,-1529,1503,-134,968,-360,-1200
IMU1,6854,69202424,-1516,1492,-114,1010,-437,-1155
IMU1,6855,69213049,-1517,1489,-75,1022,-474,-1076
IMU1,6856,69223484,-1510,1479,-46,1029,-471,-976
IMU1,6857,69233706,-1492,1478,-58,1028,-456,-859
IMU1,6858,69243931,-1457,1461,-132,1009,-458,-735
IMU1,6859,69254356,-1413,1446,-214,963,-490,-612
IMU1,6860,69264586,-1400,1419,-289,884,-551,-489
IMU1,6861,69274806,-1418,1346,-328,769,-605,-358
IMU1,6862,69285032,-1441,1188,-335,632,-615,-219
IMU1,6863,69296307,-1513,1180,-335,320,-469,99
IMU1,6864,69306245,-1507,1181,-340,168,-310,247
IMU1,6865,69316370,-1482,1179,-345,12,-135,389
IMU1,6866,69326303,-1455,1184,-339,-129,64,496
IMU1,6867,69336230,-1430,1181,-309,-251,255,575
IMU1,6868,69348934,-1398,1185,-278,-349,433,616
IMU1,6869,69359079,-1393,1182,-254,-422,569,627
IMU1,6870,69369229,-1417,1189,-244,-461,642,612
IMU1,6871,69379374,-1454,1218,-210,-467,645,582
IMU1,6872,69389505,-1503,1240,-153,-437,596,543
IMU1,6873,69399652,-1558,1277,-72,-371,524,500
IMU1,6874,69409612,-1592,1271,20,-256,431,464
IMU1,6875,69419457,-1623,1226,142,-109,322,439
IMU1,6876,69430539,-1747,1202,108,260,-57,430
IMU1,6877,69440379,-1831,1271,-2,427,-351,451
IMU1,6878,69450114,-1872,1373,-151,543,-685,480
IMU1,6879,69460255,-1926,1503,-308,609,-997,510
IMU1,6880,69470404,-1982,1637,-464,614,-1225,530
IMU1,6881,69480734,-1978,1684,-603,570,-1339,551
IMU1,6882,69491064,-1860,1589,-702,469,-1338,574
IMU1,6883,69501409,-1700,1377,-759,333,-1241,587
IMU1,6884,69511754,-1583,1143,-755,185,-1078,594
IMU1,6885,69522099,-1536,982,-693,39,-860,606
IMU1,6886,69531833,-1512,891,-583,-82,-586,632
IMU1,6887,69541680,-1515,860,-451,-155,-260,664
IMU1,6888,69551711,-1553,863,-346,-178,85,703
IMU1,6889,69561451,-1601,904,-249,-159,400,748
IMU1,6890,69571380,-1654,974,-192,-98,641,788
IMU1,6891,69581110,-1693,1054,-143,-4,779,809
IMU1,6892,69590846,-1757,1222,-118,102,802,806
IMU1,6893,69600890,-1804,1367,-76,219,717,787
IMU1,6894,69610731,-1886,1465,-71,347,568,748
IMU1,6895,69620580,-1978,1509,-74,460,386,706
IMU1,6896,69630433,-2040,1435,-94,557,188,685
IMU1,6897,69640288,-2134,1339,-115,620,18,680
IMU1,6898,69650108,-2191,1273,-134,649,-111,704
IMU1,6899,69661274,-2005,1019,-83,627,-189,734
IMU1,6900,69671199,-1898,944,-80,598,-183,689
IMU1,6901,69680938,-1782,919,-98,564,-201,598
IMU1,6902,69690668,-1664,879,-144,520,-260,459
IMU1,6903,69700595,-1567,812,-227,464,-378,288
IMU1,6904,69710526,-1495,768,-337,374,-518,95
IMU1,6905,69720264,-1385,716,-452,244,-653,-101
IMU1,6906,69730285,-1235,655,-570,81,-740,-295
IMU1,6907,69740118,-1135,595,-663,-115,-752,-490
IMU1,6908,69750249,-1137,583,-737,-345,-682,-658
IMU1,6909,69760377,-1279,648,-778,-574,-519,-784
IMU1,6910,69770498,-1464,799,-759,-799,-272,-839
IMU1,6911,69780632,-1602,941,-702,-995,44,-834
IMU1,6912,69790461,-1632,1041,-603,-1131,396,-796
IMU1,6913,69800900,-1671,1086,-494,-1194,731,-743
IMU1,6914,69811330,-1780,1148,-408,-1179,990,-679
IMU1,6915,69821755,-1872,1228,-363,-1100,1149,-600
IMU1,6916,69832398,-1917,1264,-348,-987,1207,-507
IMU1,6917,69842838,-1812,1104,-446,-851,1177,-413
IMU1,6918,69853787,-1814,982,-519,-622,877,-250
IMU1,6919,69863825,-1844,903,-548,-534,651,-165
IMU1,6920,69873854,-1939,943,-520,-467,463,-93
IMU1,6921,69883693,-1984,1055,-436,-380,376,-23
IMU1,6922,69893721,-2060,1163,-389,-287,403,47
IMU1,6923,69903647,-2147,1295,-422,-190,513,96
IMU1,6924,69913580,-2130,1329,-478,-119,626,134
IMU1,6925,69923736,-2041,1269,-532,-66,691,134
IMU1,6926,69933677,-1957,1218,-569,-48,683,92
IMU1,6927,69943416,-1863,1163,-537,-50,614,15
IMU1,6928,69953160,-1771,1081,-468,-59,527,-92
IMU1,6929,69962991,-1663,1003,-402,-53,445,-225
IMU1,6930,69973009,-1579,956,-399,-36,336,-377
IMU1,6931,69982853,-1561,968,-471,-18,149,-540
IMU1,6932,69992692,-1541,1038,-593,-13,-127,-697
IMU1,6933,70002826,-1490,1093,-644,-48,-426,-837
IMU1,6934,70012953,-1419,1137,-659,-100,-661,-957
IMU1,6935,70023292,-1385,1172,-681,-156,-776,-1048
IMU1,6936,70033825,-1372,1175,-734,-234,-770,-1101
IMU1,6937,70044376,-1396,1144,-796,-327,-675,-1108
IMU1,6938,70055950,-1600,1009,-841,-571,-351,-963
IMU1,6939,70066277,-1745,977,-799,-693,-126,-806
IMU1,6940,70076413,-1840,958,-699,-786,132,-604
IMU1,6941,70086468,-1848,927,-581,-834,409,-382
IMU1,6942,70096496,-1836,875,-478,-824,679,-179
IMU1,6943,70106529,-1813,833,-417,-766,886,-9
IMU1,6944,70116169,-1786,826,-373,-671,997,110
IMU1,6945,70126111,-1740,844,-360,-547,993,179
IMU1,6946,70136048,-1721,894,-345,-415,901,194
IMU1,6947,70145984,-1705,944,-335,-283,769,162
IMU1,6948,70155911,-1698,979,-330,-157,644,91
IMU1,6949,70165649,-1692,998,-315,-52,557,-10
IMU1,6950,70175283,-1675,993,-309,40,508,-129
IMU1,6951,70185023,-1658,988,-304,115,482,-263
IMU1,6952,70194953,-1606,991,-302,168,456,-407
IMU1,6953,70204899,-1556,979,-297,202,404,-556
IMU1,6954,70214848,-1547,973,-291,217,323,-710
IMU1,6955,70224794,-1543,982,-277,216,231,-855
IMU1,6956,70234746,-1551,1006,-258,210,142,-985
IMU1,6957,70244896,-1580,1066,-249,189,61,-1088
IMU1,6958,70255039,-1583,1140,-246,159,1,-1170
IMU1,6959,70264999,-1583,1198,-251,132,-43,-1232
IMU1,6960,70275248,-1590,1243,-284,91,-74,-1276
IMU1,6961,70286332,-1549,1235,-314,-5,-138,-1305
IMU1,6962,70296477,-1537,1205,-339,-84,-181,-1280
IMU1,6963,70306801,-1512,1176,-358,-155,-234,-1251
IMU1,6964,70317346,-1492,1149,-377,-227,-301,-1228
IMU1,6965,70327893,-1468,1145,-380,-295,-379,-1187
IMU1,6966,70338442,-1462,1183,-389,-363,-449,-1125
IMU1,6967,70351537,-1488,1236,-396,-419,-486,-1050
IMU1,6968,70362074,-1588,1317,-391,-463,-479,-960
IMU1,6969,70372941,-1680,1365,-385,-528,-331,-707
IMU1,6970,70383276,-1783,1424,-375,-552,-204,-542
IMU1,6971,70393630,-1848,1480,-345,-565,-59,-357
IMU1,6972,70403770,-1854,1503,-310,-565,95,-170
IMU1,6973,70413804,-1817,1511,-275,-552,227,-2
IMU1,6974,70423640,-1765,1516,-254,-518,291,130
IMU1,6975,70433783,-1736,1531,-251,-469,262,231
IMU1,6976,70443920,-1705,1516,-249,-412,153,298
IMU1,6977,70454063,-1689,1465,-291,-351,-12,348
IMU1,6978,70464075,-1675,1400,-347,-307,-187,392
IMU1,6979,70474284,-1645,1318,-412,-296,-326,439
IMU1,6980,70484495,-1600,1223,-473,-309,-399,489
IMU1,6981,70494709,-1540,1121,-514,-349,-394,545
IMU1,6982,70504951,-1475,1021,-530,-409,-325,598
IMU1,6983,70515183,-1436,932,-512,-475,-203,643
IMU1,6984,70525232,-1415,858,-387,-531,-59,681
IMU1,6985,70536633,-1424,750,-325,-548,186,770
IMU1,6986,70546575,-1446,719,-277,-490,251,794
IMU1,6987,70556516,-1468,708,-253,-421,269,823
IMU1,6988,70566448,-1505,711,-227,-333,235,865
IMU1,6989,70576377,-1562,735,-220,-243,167,907
IMU1,6990,70586309,-1658,773,-221,-141,72,953
IMU1,6991,70596057,-1781,815,-211,-38,-30,1012
IMU1,6992,70605884,-1931,887,-188,62,-110,1082
IMU1,6993,70615815,-2108,995,-166,168,-156,1172
IMU1,6994,70625954,-2268,1134,-145,278,-160,1277
IMU1,6995,70636293,-2399,1249,-154,379,-127,1390
IMU1,6996,70646646,-2459,1310,-173,473,-89,1494
IMU1,6997,70656787,-2450,1281,-216,551,-67,1573
IMU1,6998,70666916,-2403,1200,-269,597,-79,1618
IMU1,6999,70677047,-2358,1089,-319,611,-122,1634
IMU1,7000,70687391,-2316,968,-355,591,-180,1620
IMU1,7001,70697534,-2278,881,-373,560,-240,1558
IMU1,7002,70707678,-2248,818,-363,512,-288,1495
IMU1,7003,70717815,-2197,669,-330,463,-338,1438
IMU1,7004,70729004,-2063,615,-313,405,-441,1207
IMU1,7005,70739143,-1999,591,-308,407,-512,1055
IMU1,7006,70749298,-1937,598,-326,419,-602,881
IMU1,7007,70759240,-1899,626,-370,443,-691,692
IMU1,7008,70769184,-1882,672,-429,464,-777,498
IMU1,7009,70779132,-1858,728,-468,470,-842,312
IMU1,7010,70789076,-1838,793,-495,469,-868,140
IMU1,7011,70799024,-1808,876,-532,454,-842,-14
IMU1,7012,70808869,-1816,848,-619,426,-779,-146
IMU1,7013,70818908,-1771,832,-601,376,-689,-243
IMU1,7014,70828940,-1854,876,-519,330,-548,-311
IMU1,7015,70838983,-1866,856,-489,310,-382,-341
IMU1,7016,70849026,-1811,923,-422,326,-245,-348
IMU1,7017,70859054,-1807,924,-451,368,-167,-357
IMU1,7018,70869095,-1802,929,-444,409,-142,-360
IMU1,7019,70879122,-1779,966,-414,447,-153,-358
IMU1,7020,70889160,-1747,1017,-388,484,-181,-347
IMU1,7021,70899382,-1714,1073,-357,522,-200,-333
IMU1,7022,70909612,-1693,1135,-371,555,-193,-319
IMU1,7023,70919856,-1727,1089,-374,574,-167,-297
IMU1,7024,70930608,-1745,1132,-336,585,-140,-212
IMU1,7025,70940844,-1772,1177,-308,588,-141,-148
IMU1,7026,70951082,-1775,1188,-268,598,-129,-78
IMU1,7027,70961121,-1712,1160,-227,612,-107,-7
IMU1,7028,70970962,-1670,1121,-206,628,-102,58
IMU1,7029,70980896,-1655,1073,-201,643,-135,123
IMU1,7030,70991024,-1666,1044,-205,643,-205,193
IMU1,7031,71001159,-1694,1025,-204,640,-286,265
IMU1,7032,71011301,-1723,1042,-196,627,-357,350
IMU1,7033,71021454,-1753,1065,-185,595,-392,440
IMU1,7034,71031610,-1785,1080,-187,558,-388,531
IMU1,7035,71041771,-1797,1076,-186,518,-360,618
IMU1,7036,71051913,-1785,1068,-191,466,-327,695
IMU1,7037,71062062,-1772,1057,-203,401,-299,756
IMU1,7038,71072213,-1746,1060,-219,328,-278,793
IMU1,7039,71082353,-1703,1070,-229,252,-258,804
IMU1,7040,71092494,-1690,1079,-239,156,-235,789
IMU1,7041,71103672,-1732,1083,-241,-38,-148,717
IMU1,7042,71113724,-1754,1095,-239,-144,-84,688
IMU1,7043,71123758,-1761,1115,-249,-251,-2,656
IMU1,7044,71133591,-1780,1105,-247,-357,79,636
IMU1,7045,71143545,-1794,1071,-247,-460,159,618
IMU1,7046,71153693,-1787,1029,-223,-547,231,609
IMU1,7047,71163838,-1771,1034,-200,-624,304,596
IMU1,7048,71174000,-1737,1055,-153,-678,367,574
IMU1,7049,71184139,-1692,1072,-120,-698,406,538
IMU1,7050,71194270,-1680,1065,-113,-701,424,492
IMU1,7051,71204401,-1676,1046,-168,-695,412,442
IMU1,7052,71214523,-1718,1002,-230,-701,370,404
IMU1,7053,71224660,-1783,942,-283,-737,310,388
IMU1,7054,71234606,-1844,915,-319,-781,261,405
IMU1,7055,71244546,-1909,934,-313,-838,247,449
IMU1,7056,71254504,-1947,979,-285,-892,296,508
IMU1,7057,71264448,-1961,1006,-255,-934,402,570
IMU1,7058,71274589,-1960,990,-232,-971,544,618
IMU1,7059,71284531,-1987,954,-214,-994,689,647
IMU1,7060,71294468,-2049,918,-205,-1020,803,664
IMU1,7061,71305643,-2251,933,-217,-1045,829,709
IMU1,7062,71315780,-2364,983,-222,-1044,749,726
IMU1,7063,71325929,-2432,1005,-231,-1040,628,751
IMU1,7064,71336278,-2448,956,-213,-1039,522,764
IMU1,7065,71346432,-2445,873,-190,-1021,437,748
IMU1,7066,71359146,-2440,798,-176,-987,384,700
IMU1,7067,71369110,-2444,777,-162,-935,366,609
IMU1,7068,71379062,-2427,797,-156,-868,379,475
IMU1,7069,71389018,-2451,857,-164,-805,416,298
IMU1,7070,71398956,-2484,913,-160,-745,468,86
IMU1,7071,71408704,-2502,960,-164,-679,525,-162
IMU1,7072,71418737,-2550,997,-195,-623,575,-429
IMU1,7073,71428803,-2577,1067,-237,-574,640,-718
IMU1,7074,71439039,-2598,1167,-320,-512,742,-1049
IMU1,7075,71450004,-2660,1286,-348,-397,1118,-1831
IMU1,7076,71460635,-2775,1412,-359,-331,1380,-2258
IMU1,7077,71471280,-2883,1531,-346,-251,1650,-2663
IMU1,7078,71481921,-2989,1651,-310,-149,1889,-3030
IMU1,7079,71492566,-3108,1775,-273,-30,2068,-3363
IMU1,7080,71503012,-3223,1905,-265,116,2153,-3654
IMU1,7081,71513573,-3352,2086,-279,271,2144,-3909
IMU1,7082,71524148,-3466,2256,-283,428,2042,-4137
IMU1,7083,71534698,-3541,2401,-275,589,1865,-4342
IMU1,7084,71545259,-3635,2460,-271,751,1452,-4676
IMU1,7085,71555832,-3644,2365,-290,1040,1231,-4804
IMU1,7086,71566596,-3638,2258,-303,1139,1041,-4879
IMU1,7087,71577358,-3630,2139,-309,1209,872,-4912
IMU1,7088,71587941,-3587,1989,-349,1250,728,-4901
IMU1,7089,71598502,-3495,1846,-401,1256,592,-4868
IMU1,7090,71609060,-3348,1720,-420,1229,461,-4826
IMU1,7091,71619609,-3189,1605,-443,1187,329,-4789
IMU1,7092,71630167,-3005,1502,-461,1129,216,-4761
IMU1,7093,71640730,-2811,1389,-454,1061,126,-4747
IMU1,7094,71651808,-2393,1172,-437,924,9,-4751
IMU1,7095,71661795,-2144,1110,-420,850,-22,-4755
IMU1,7096,71672063,-1886,1073,-390,793,-22,-4788
IMU1,7097,71682338,-1631,1049,-367,737,-10,-4834
IMU1,7098,71692553,-1426,1029,-355,684,12,-4890
IMU1,7099,71702688,-1267,1019,-350,627,37,-4939
IMU1,7100,71712835,-1103,1002,-323,566,38,-4963
IMU1,7101,71722968,-952,973,-313,510,2,-4961
IMU1,7102,71732520,-848,989,-311,444,-45,-4906
IMU1,7103,71742353,-764,958,-287,373,-100,-4822
IMU1,7104,71752402,-679,905,-259,300,-152,-4707
IMU1,7105,71762447,-581,849,-230,231,-183,-4540
IMU1,7106,71772475,-821,1010,-219,159,-171,-4342
IMU1,7107,71782709,-406,975,-250,96,-150,-4127
IMU1,7108,71792536,-234,803,-205,34,-137,-3912
IMU1,7109,71802375,-230,767,-211,-20,-91,-3681
IMU1,7110,71812114,-175,751,-215,-66,8,-3442
IMU1,7111,71821553,-166,717,-222,-102,159,-3156
IMU1,7112,71831602,-190,671,-228,-125,355,-2829
IMU1,7113,71841645,-276,662,-268,-139,570,-2450
IMU1,7114,71851679,-325,669,-288,-138,753,-2024
IMU1,7115,71861716,-336,692,-307,-130,863,-1552
IMU1,7116,71871769,-400,694,-281,-118,909,-1059
IMU1,7117,71882858,-585,714,-284,-80,892,3
IMU1,7118,71892537,-672,722,-278,-47,815,567
IMU1,7119,71902079,-798,704,-286,-21,672,1153
IMU1,7120,71911845,-942,655,-348,6,491,1738
IMU1,7121,71921299,-1109,606,-429,17,286,2326
IMU1,7122,71931152,-1231,571,-483,5,98,2895
IMU1,7123,71940612,-1283,566,-497,-23,-50,3424
IMU1,7124,71950443,-1407,597,-538,-59,-136,3889
IMU1,7125,71960484,-1560,650,-569,-107,-177,4319
IMU1,7126,71970726,-1720,700,-625,-170,-194,4717
IMU1,7127,71980977,-1903,771,-676,-229,-216,5080
IMU1,7128,71991234,-2078,856,-738,-298,-243,5399
IMU1,7129,72001490,-2244,977,-754,-379,-244,5665
IMU1,7130,72011724,-2376,1148,-742,-444,-150,5923
IMU1,7131,72022172,-2510,1325,-692,-497,41,6121
IMU1,7132,72032322,-2700,1474,-676,-535,300,6271
IMU1,7133,72042677,-2944,1583,-658,-556,562,6378
IMU1,7134,72053046,-3246,1649,-660,-557,743,6465
IMU1,7135,72063386,-3621,1726,-657,-528,778,6562
IMU1,7136,72073742,-4225,1912,-621,-461,643,6694
IMU1,7137,72084625,-4439,2001,-622,-167,-21,7017
IMU1,7138,72094877,-4621,2110,-640,44,-444,7166
IMU1,7139,72105012,-4750,2221,-654,281,-864,7294
IMU1,7140,72115355,-4839,2286,-670,526,-1207,7397
IMU1,7141,72125895,-4891,2304,-704,759,-1448,7488
IMU1,7142,72136451,-4906,2269,-723,962,-1588,7535
IMU1,7143,72147001,-4824,2175,-694,1132,-1635,7545
IMU1,7144,72157751,-4651,2081,-606,1272,-1574,7490
IMU1,7145,72168519,-4483,1979,-514,1393,-1440,7334
IMU1,7146,72179263,-4306,1828,-364,1507,-1313,7072
IMU1,7147,72190526,-3843,1349,-293,1713,-1311,6276
IMU1,7148,72201280,-3731,1125,-233,1802,-1439,5765
IMU1,7149,72212015,-3703,967,-230,1877,-1646,5236
IMU1,7150,72222551,-3549,756,-217,1939,-1936,4705
IMU1,7151,72233107,-3374,626,-223,1976,-2264,4174
IMU1,7152,72243651,-3152,642,-263,1975,-2563,3628
IMU1,7153,72254187,-2860,708,-280,1927,-2793,3042
IMU1,7154,72264731,-2610,812,-327,1839,-2928,2405
IMU1,7155,72275263,-2283,906,-493,1740,-2660,1751
IMU1,7156,72286839,-2315,1109,-575,1386,-2355,542
IMU1,7157,72297401,-2204,1130,-492,1154,-2529,50
IMU1,7158,72307746,-2039,1008,-460,933,-2261,-324
IMU1,7159,72318183,-2050,965,-444,722,-1798,-590
IMU1,7160,72328430,-2028,938,-445,513,-1440,-778
IMU1,7161,72338660,-1962,841,-374,325,-1116,-887
IMU1,7162,72348885,-1896,740,-285,172,-818,-934
IMU1,7163,72361462,-1892,674,-233,67,-582,-938
IMU1,7164,72371303,-1938,670,-230,-1,-388,-901
IMU1,7165,72381030,-1904,621,-203,-53,-196,-822
IMU1,7166,72392528,-1858,525,-202,-133,163,-634
IMU1,7167,72402562,-1886,545,-270,-156,273,-542
IMU1,7168,72412593,-1892,586,-310,-205,304,-448
IMU1,7169,72422638,-1964,663,-340,-248,275,-362
IMU1,7170,72432654,-2019,802,-349,-296,223,-274
IMU1,7171,72442676,-2065,944,-329,-336,193,-199
IMU1,7172,72452713,-2070,1051,-317,-359,212,-148
IMU1,7173,72462955,-2075,1120,-312,-358,259,-141
IMU1,7174,72473197,-2037,1138,-328,-350,302,-176
IMU1,7175,72483442,-1937,1101,-348,-330,292,-253
IMU1,7176,72493673,-1859,1065,-392,-302,212,-374
IMU1,7177,72503918,-1789,1041,-441,-285,80,-538
IMU1,7178,72513952,-1718,1030,-454,-261,-71,-734
IMU1,7179,72524084,-1660,1087,-451,-235,-206,-955
IMU1,7180,72534413,-1619,1138,-456,-207,-286,-1185
IMU1,7181,72544937,-1572,1223,-498,-175,-301,-1403
IMU1,7182,72555992,-1571,1284,-531,-150,-196,-1758
IMU1,7183,72566538,-1549,1329,-566,-159,-158,-1881
IMU1,7184,72577073,-1523,1375,-586,-171,-153,-1990
IMU1,7185,72587608,-1469,1404,-602,-176,-184,-2081
IMU1,7186,72598128,-1395,1440,-614,-191,-233,-2156
IMU1,7187,72608673,-1343,1487,-624,-206,-277,-2225
IMU1,7188,72619205,-1300,1520,-645,-216,-323,-2282
IMU1,7189,72629731,-1283,1517,-661,-224,-378,-2318
IMU1,7190,72640276,-1316,1493,-696,-235,-434,-2330
IMU1,7191,72650811,-1384,1385,-685,-242,-469,-2319
IMU1,7192,72661873,-1404,1344,-680,-237,-449,-2210
IMU1,7193,72672416,-1439,1312,-694,-220,-379,-2128
IMU1,7194,72682953,-1482,1291,-720,-204,-274,-2036
IMU1,7195,72693491,-1497,1260,-749,-195,-160,-1927
IMU1,7196,72704036,-1520,1244,-792,-203,-47,-1814
IMU1,7197,72714355,-1553,1221,-826,-228,56,-1694
IMU1,7198,72724595,-1578,1194,-844,-266,160,-1576
IMU1,7199,72735037,-1595,1196,-838,-307,285,-1471
IMU1,7200,72745501,-1603,1194,-818,-344,434,-1381
IMU1,7201,72755924,-1624,1180,-797,-366,591,-1309
IMU1,7202,72766353,-1699,1187,-708,-378,738,-1206
IMU1,7203,72777313,-1815,1204,-707,-341,915,-1164
IMU1,7204,72787753,-1914,1235,-684,-299,951,-1125
IMU1,7205,72798202,-1986,1286,-661,-239,979,-1104
IMU1,7206,72808638,-2018,1351,-645,-164,986,-1099
IMU1,7207,72819057,-2056,1405,-634,-80,964,-1129
IMU1,7208,72829295,-2089,1413,-635,16,883,-1185
IMU1,7209,72839434,-2126,1394,-635,120,738,-1251
IMU1,7210,72849781,-2138,1355,-620,223,561,-1313
IMU1,7211,72860123,-2139,1302,-616,321,393,-1361
IMU1,7212,72870464,-2099,1242,-631,416,261,-1389
IMU1,7213,72880798,-2022,1183,-623,495,173,-1402
IMU1,7214,72891139,-1985,1000,-645,574,118,-1402
IMU1,7215,72902001,-1928,860,-616,716,64,-1337
IMU1,7216,72911953,-1870,737,-623,812,41,-1326
IMU1,7217,72921899,-1761,623,-623,921,19,-1344
IMU1,7218,72931837,-1674,572,-638,1039,-29,-1370
IMU1,7219,72942085,-1626,526,-661,1155,-94,-1402
IMU1,7220,72952311,-1601,431,-683,1266,-165,-1410
IMU1,7221,72962748,-1617,329,-684,1369,-215,-1392
IMU1,7222,72973153,-1596,245,-724,1465,-220,-1356
IMU1,7223,72983580,-1560,196,-780,1548,-176,-1310
IMU1,7224,72994020,-1518,176,-823,1607,-94,-1244
IMU1,7225,73004239,-1500,169,-843,1640,22,-1160
IMU1,7226,73014368,-1527,142,-837,1661,161,-1056
IMU1,7227,73024700,-1622,104,-810,1682,306,-930
IMU1,7228,73034825,-1702,53,-821,1708,436,-790
IMU1,7229,73044769,-1711,9,-832,1732,529,-641
IMU1,7230,73056069,-1626,38,-829,1821,647,-407
IMU1,7231,73065992,-1637,47,-813,1868,702,-312
IMU1,7232,73075940,-1698,-5,-803,1926,762,-220
IMU1,7233,73085769,-1738,-55,-762,1981,803,-105
IMU1,7234,73095803,-1882,-112,-734,2057,804,23
IMU1,7235,73105741,-1884,-177,-751,2132,755,191
IMU1,7236,73115898,-1915,-201,-755,2200,683,360
IMU1,7237,73126050,-1919,-208,-760,2260,603,533
IMU1,7238,73136206,-1869,-249,-718,2312,515,712
IMU1,7239,73146361,-1847,-271,-710,2368,439,866
IMU1,7240,73156517,-1898,-265,-697,2415,389,994
IMU1,7241,73166664,-1913,-259,-675,2462,363,1108
IMU1,7242,73177015,-1925,-265,-654,2507,341,1211
IMU1,7243,73187360,-1939,-266,-658,2541,309,1305
IMU1,7244,73197708,-1960,-272,-691,2565,269,1386
IMU1,7245,73208051,-1912,-268,-703,2583,240,1452
IMU1,7246,73219437,-1764,-251,-640,2600,256,1496
IMU1,7247,73229764,-1772,-255,-600,2622,265,1485
IMU1,7248,73240100,-1827,-273,-581,2654,213,1477
IMU1,7249,73250441,-1910,-283,-569,2702,72,1490
IMU1,7250,73260594,-1960,-282,-583,2760,-146,1524
IMU1,7251,73271042,-1962,-300,-584,2813,-385,1568
IMU1,7252,73281492,-1929,-298,-591,2859,-580,1604
IMU1,7253,73291927,-1908,-288,-579,2893,-695,1622
IMU1,7254,73302373,-1895,-277,-563,2923,-732,1628
IMU1,7255,73312829,-1862,-279,-556,2952,-711,1621
IMU1,7256,73323283,-1881,-263,-564,2976,-655,1595
IMU1,7257,73333727,-1628,-209,-383,3004,-591,1486
IMU1,7258,73344175,-1122,-196,23,3148,-504,1176
IMU1,7259,73354316,-3043,-163,-617,3370,-480,783
IMU1,7260,73367121,-2606,-101,-487,3408,-575,1068
IMU1,7261,73377558,-1952,-313,-277,3444,-733,1290
IMU1,7262,73388010,-2029,-356,-387,3462,-767,1390
IMU1,7263,73398462,-2013,-128,-365,3421,-661,1568
IMU1,7264,73408908,-2105,-146,-275,3375,-487,1771
IMU1,7265,73419333,-2039,-115,-259,3358,-312,1951
IMU1,7266,73429785,-2141,11,-246,3355,-153,2090
IMU1,7267,73440446,-2121,103,-209,3345,132,2244
IMU1,7268,73450681,-2075,180,-185,3346,250,2207
IMU1,7269,73460927,-2024,185,-173,3347,307,2103
IMU1,7270,73471173,-1981,158,-146,3342,264,1947
IMU1,7271,73481441,-2007,140,-135,3343,119,1750
IMU1,7272,73491689,-2056,147,-95,3348,-100,1546
IMU1,7273,73501832,-2052,176,-103,3357,-356,1356
IMU1,7274,73512185,-2092,187,-82,3359,-593,1191
IMU1,7275,73522342,-2112,201,-37,3345,-767,1068
IMU1,7276,73532502,-2149,241,-26,3311,-908,996
IMU1,7277,73542456,-2116,259,-35,3260,-1025,976
IMU1,7278,73552598,-2048,239,-19,3187,-1101,981
IMU1,7279,73562763,-2016,245,-6,3096,-1127,987
IMU1,7280,73572720,-2032,267,-20,2988,-1121,1000
IMU1,7281,73583066,-2041,252,-2,2860,-1104,1033
IMU1,7282,73594262,-2014,133,-26,2604,-1047,1130
IMU1,7283,73604604,-1985,109,-54,2453,-983,1153
IMU1,7284,73614741,-1975,127,-112,2287,-914,1149
IMU1,7285,73625078,-1969,160,-164,2098,-846,1109
IMU1,7286,73635412,-1950,196,-193,1905,-809,1030
IMU1,7287,73645751,-1941,238,-192,1709,-796,918
IMU1,7288,73655906,-1968,279,-149,1525,-788,792
IMU1,7289,73666062,-2029,310,-134,1364,-771,674
IMU1,7290,73676205,-2084,327,-118,1240,-741,574
IMU1,7291,73686350,-2176,283,-136,1131,-704,497
IMU1,7292,73696504,-2179,237,-167,1026,-646,435
IMU1,7293,73706639,-2149,260,-188,911,-566,363
IMU1,7294,73716591,-2146,301,-205,793,-478,268
IMU1,7295,73726553,-2153,333,-207,678,-388,152
IMU1,7296,73736516,-2166,342,-182,573,-310,46
IMU1,7297,73746239,-2178,321,-158,481,-231,-49
IMU1,7298,73756058,-2188,292,-145,412,-152,-125
IMU1,7299,73766080,-2177,235,-67,352,-92,-175
IMU1,7300,73777261,-2165,217,-64,309,-61,-229
IMU1,7301,73786889,-2176,180,-77,300,-100,-228
IMU1,7302,73796707,-2180,170,-88,308,-163,-223
IMU1,7303,73806530,-2176,177,-109,313,-243,-206
IMU1,7304,73816552,-2171,193,-111,313,-331,-181
IMU1,7305,73826581,-2167,207,-74,318,-391,-160
IMU1,7306,73836408,-2175,215,-37,331,-404,-144
IMU1,7307,73846232,-2189,212,5,340,-388,-114
IMU1,7308,73855771,-2207,197,22,362,-347,-94
IMU1,7309,73865314,-2212,181,27,384,-314,-86
IMU1,7310,73874853,-2202,162,44,396,-308,-100
IMU1,7311,73884593,-2215,147,59,406,-348,-140
IMU1,7312,73894331,-2240,143,78,406,-434,-200
IMU1,7313,73904068,-2235,154,80,403,-562,-267
IMU1,7314,73913804,-2206,164,70,393,-706,-341
IMU1,7315,73923546,-2174,159,62,372,-843,-418
IMU1,7316,73933282,-2134,148,69,341,-946,-484
IMU1,7317,73943008,-2110,129,84,303,-992,-537
IMU1,7318,73952757,-2085,116,88,258,-985,-568
IMU1,7319,73962493,-2058,101,92,212,-933,-583
IMU1,7320,73972235,-2065,76,98,164,-851,-577
IMU1,7321,73981780,-2096,55,137,114,-753,-548
IMU1,7322,73991526,-2128,40,189,75,-649,-491
IMU1,7323,74001059,-2150,50,228,51,-545,-416
IMU1,7324,74010596,-2136,70,243,37,-469,-332
IMU1,7325,74020133,-2114,98,247,25,-434,-257
IMU1,7326,74029667,-2079,122,255,20,-435,-207
IMU1,7327,74039403,-2065,125,275,18,-453,-190
IMU1,7328,74049139,-2077,130,283,15,-478,-195
IMU1,7329,74058876,-2100,107,313,15,-502,-212
IMU1,7330,74068614,-2170,68,313,15,-515,-235
IMU1,7331,74078159,-2174,49,372,16,-516,-244
IMU1,7332,74087704,-2149,35,428,23,-520,-244
IMU1,7333,74097234,-2112,58,442,46,-544,-254
IMU1,7334,74106773,-2119,106,459,68,-588,-285
IMU1,7335,74116524,-2149,118,492,87,-655,-326
IMU1,7336,74126260,-2133,87,512,94,-733,-361
IMU1,7337,74135809,-2068,63,497,86,-814,-404
IMU1,7338,74145356,-1947,71,511,50,-880,-460
IMU1,7339,74154895,-1942,-67,563,2,-860,-542
IMU1,7340,74164335,-2185,121,497,-68,-717,-578
IMU1,7341,74174173,-2139,70,428,-172,-553,-566
IMU1,7342,74184022,-2148,-63,492,-290,-425,-567
IMU1,7343,74193948,-2198,-97,480,-388,-343,-573
IMU1,7344,74203881,-2199,-102,492,-480,-302,-579
IMU1,7345,74214022,-2097,-87,504,-564,-280,-602
IMU1,7346,74223967,-2046,-78,483,-640,-262,-658
IMU1,7347,74233905,-2006,-35,466,-717,-239,-735
IMU1,7348,74243854,-1967,-19,438,-788,-201,-819
IMU1,7349,74253764,-1951,-54,440,-857,-147,-899
IMU1,7350,74263683,-1960,-94,461,-921,-78,-960
IMU1,7351,74273408,-1984,-126,468,-971,2,-999
IMU1,7352,74283040,-1978,-146,451,-1011,82,-1011
IMU1,7353,74293270,-1996,-150,451,-1043,141,-1001
IMU1,7354,74303705,-2010,-196,461,-1064,166,-977
IMU1,7355,74313941,-1990,-275,439,-1075,156,-932
IMU1,7356,74325231,-2005,-337,449,-1078,149,-809
IMU1,7357,74335459,-1970,-342,432,-1077,206,-737
IMU1,7358,74345706,-1965,-373,452,-1075,303,-667
IMU1,7359,74355940,-2000,-420,470,-1069,436,-603
IMU1,7360,74368740,-2050,-444,440,-1047,570,-542
IMU1,7361,74378964,-2059,-431,388,-1037,686,-480
IMU1,7362,74389196,-2025,-437,355,-1032,771,-435
IMU1,7363,74399434,-1987,-481,287,-1027,826,-415
IMU1,7364,74409664,-1920,-586,190,-1026,857,-422
IMU1,7365,74419879,-1919,-469,147,-1042,876,-449
IMU1,7366,74431149,-1899,-415,125,-1075,1076,-541
IMU1,7367,74441592,-1942,-426,107,-1096,1229,-602
IMU1,7368,74452032,-1975,-371,36,-1113,1347,-651
IMU1,7369,74462264,-1968,-394,-37,-1152,1410,-681
IMU1,7370,74472601,-1907,-446,-76,-1195,1416,-710
IMU1,7371,74482945,-1844,-467,-127,-1237,1361,-742
IMU1,7372,74493479,-1819,-495,-205,-1278,1264,-779
IMU1,7373,74504022,-1806,-525,-258,-1317,1154,-814
IMU1,7374,74514544,-1781,-536,-276,-1353,1070,-849
IMU1,7375,74525083,-1721,-499,-342,-1387,1038,-888
IMU1,7376,74535613,-1586,-504,-440,-1409,1046,-938
IMU1,7377,74546158,-1600,-527,-407,-1464,1220,-1053
IMU1,7378,74556894,-1689,-589,-349,-1483,1393,-1087
IMU1,7379,74567616,-1706,-616,-367,-1498,1620,-1111
IMU1,7380,74578349,-1675,-607,-388,-1510,1854,-1126
IMU1,7381,74589081,-1653,-580,-446,-1513,2033,-1122
IMU1,7382,74599809,-1672,-573,-506,-1498,2130,-1117
IMU1,7383,74610547,-1668,-552,-564,-1476,2155,-1089
IMU1,7384,74621289,-1589,-554,-653,-1444,2147,-1048
IMU1,7385,74632029,-1482,-532,-775,-1410,2171,-948
IMU1,7386,74642564,-1463,-519,-822,-1361,2231,-885
IMU1,7387,74653092,-1472,-526,-874,-1347,2318,-812
IMU1,7388,74663631,-1481,-542,-926,-1343,2415,-729
IMU1,7389,74674172,-1484,-550,-993,-1351,2495,-644
IMU1,7390,74684715,-1509,-538,-1070,-1367,2535,-554
IMU1,7391,74695477,-1590,-534,-1159,-1390,2537,-458
IMU1,7392,74706242,-1604,-537,-1229,-1420,2493,-355
IMU1,7393,74716980,-1474,-524,-1288,-1441,2366,-264
IMU1,7394,74727706,-1315,-375,-1424,-1446,2141,-215
IMU1,7395,74738954,-1090,-359,-1503,-1407,1647,-252
IMU1,7396,74749694,-1134,-400,-1526,-1379,1466,-294
IMU1,7397,74760432,-1140,-445,-1584,-1345,1360,-324
IMU1,7398,74771151,-1109,-474,-1560,-1326,1334,-350
IMU1,7399,74781896,-1181,-435,-1538,-1303,1368,-378
IMU1,7400,74792632,-1156,-457,-1517,-1271,1443,-392
IMU1,7401,74803384,-1101,-495,-1522,-1229,1528,-401
IMU1,7402,74814101,-1123,-437,-1583,-1176,1595,-406
IMU1,7403,74825359,-1012,-391,-1614,-1059,1580,-366
IMU1,7404,74836091,-1070,-439,-1624,-1008,1524,-320
IMU1,7405,74846809,-1156,-493,-1657,-954,1465,-242
IMU1,7406,74857339,-1164,-541,-1715,-927,1410,-126
IMU1,7407,74867874,-1137,-549,-1791,-925,1347,-5
IMU1,7408,74878014,-1100,-539,-1866,-945,1267,100
IMU1,7409,74888466,-1067,-509,-1906,-980,1153,187
IMU1,7410,74898895,-1055,-444,-1890,-1018,994,255
IMU1,7411,74909328,-1037,-400,-1882,-1040,809,308
IMU1,7412,74919760,-979,-383,-1911,-1041,616,349
IMU1,7413,74931044,-855,-346,-1932,-1009,316,362
IMU1,7414,74941290,-847,-329,-1884,-972,239,340
IMU1,7415,74951331,-812,-287,-1829,-903,220,297
IMU1,7416,74961382,-793,-246,-1774,-808,265,241
IMU1,7417,74971408,-778,-208,-1730,-701,361,181
IMU1,7418,74981445,-791,-178,-1770,-593,486,122
IMU1,7419,74991482,-780,-196,-1793,-489,614,65
IMU1,7420,75001333,-693,-164,-1947,-399,711,9
IMU1,7421,75010982,-715,-235,-1913,-309,793,-26
IMU1,7422,75020934,-714,-224,-1996,-204,861,-35
IMU1,7423,75030867,-708,-231,-1999,-138,913,-48
IMU1,7424,75040819,-696,-241,-2030,-102,959,-81
IMU1,7425,75050739,-673,-181,-2028,-98,1002,-131
IMU1,7426,75060865,-668,-135,-1997,-105,1064,-194
IMU1,7427,75071185,-635,-116,-1982,-104,1137,-256
IMU1,7428,75081533,-626,-127,-1981,-98,1205,-318
IMU1,7429,75091677,-595,-133,-1995,-98,1256,-377
IMU1,7430,75101825,-571,-142,-2003,-101,1278,-430
IMU1,7431,75112170,-356,-269,-1950,-105,1258,-472
IMU1,7432,75123552,-412,165,-2201,-254,1723,-13
IMU1,7433,75133588,-239,146,-2058,-310,1428,317
IMU1,7434,75143758,-243,-29,-1804,-314,1245,460
IMU1,7435,75153807,-277,29,-1863,-334,1415,505
IMU1,7436,75163764,-307,71,-1845,-355,1504,445
IMU1,7437,75173720,-242,-212,-2030,-379,1625,295
IMU1,7438,75183966,-394,41,-1978,-402,2017,82
IMU1,7439,75193727,-435,2,-2647,-380,2137,-169
IMU1,7440,75203575,-198,-609,-2503,-299,1173,-524
IMU1,7441,75213912,-238,-282,-2121,-58,34,-949
IMU1,7442,75223651,-162,-34,-2141,126,-150,-1224
IMU1,7443,75233784,-157,-207,-2147,146,271,-1272
IMU1,7444,75244025,-265,-82,-2143,182,616,-1151
IMU1,7445,75254065,-222,-136,-2156,258,627,-1027
IMU1,7446,75264314,-200,-248,-2045,295,540,-981
IMU1,7447,75274340,-193,-207,-2018,282,555,-964
IMU1,7448,75284373,-158,-115,-2020,236,664,-949
IMU1,7449,75294420,-116,-89,-2014,143,753,-935
IMU1,7450,75304263,-93,-162,-2032,37,779,-930
IMU1,7451,75313912,-84,-204,-2080,-74,746,-944
IMU1,7452,75323667,-96,-209,-2067,-192,687,-967
IMU1,7453,75335167,-162,-376,-2031,-342,694,-999
IMU1,7454,75345313,-100,-277,-2099,-383,846,-988
IMU1,7455,75355457,-66,-165,-2161,-411,1049,-985
IMU1,7456,75365603,116,-57,-2247,-458,1241,-961
IMU1,7457,75378207,201,-29,-2285,-556,1386,-947
IMU1,7458,75388245,288,-51,-2293,-687,1432,-958
IMU1,7459,75398286,113,-273,-1817,-817,1391,-987
IMU1,7460,75408524,296,-218,-1928,-869,1253,-1000
IMU1,7461,75418951,399,-318,-1849,-952,1098,-1038
IMU1,7462,75429401,482,-411,-1481,-1044,926,-1103
IMU1,7463,75440877,849,30,-2041,-1114,454,-1283
IMU1,7464,75451016,397,-109,-1795,-1250,393,-1402
IMU1,7465,75461463,287,-140,-1503,-1311,424,-1445
IMU1,7466,75471897,364,25,-1545,-1315,422,-1427
IMU1,7467,75482046,512,127,-1545,-1276,376,-1419
IMU1,7468,75492397,523,195,-1506,-1231,330,-1429
IMU1,7469,75502754,479,182,-1410,-1179,269,-1437
IMU1,7470,75513113,541,262,-1457,-1098,171,-1439
IMU1,7471,75523479,559,296,-1508,-1040,78,-1450
IMU1,7472,75533628,552,370,-1557,-1014,39,-1467
IMU1,7473,75543773,565,437,-1577,-1020,61,-1495
IMU1,7474,75553927,566,461,-1518,-1037,98,-1533
IMU1,7475,75564078,537,488,-1042,-1046,93,-1559
IMU1,7476,75575267,289,664,-1151,-909,7,-1585
IMU1,7477,75585020,202,738,-1292,-836,-87,-1511
IMU1,7478,75595055,229,804,-1288,-802,-160,-1424
IMU1,7479,75605283,327,784,-1386,-774,-201,-1382
IMU1,7480,75615521,398,761,-1064,-757,-231,-1356
IMU1,7481,75625775,280,799,-1153,-666,-277,-1375
IMU1,7482,75636016,249,849,-1225,-576,-352,-1398
IMU1,7483,75646254,314,860,-1318,-503,-452,-1424
IMU1,7484,75656510,364,836,-1278,-435,-551,-1458
IMU1,7485,75666759,288,818,-1305,-338,-637,-1510
IMU1,7486,75677013,118,767,-1387,-245,-746,-1561
IMU1,7487,75687260,27,804,-1481,-146,-887,-1588
IMU1,7488,75697297,3,890,-1697,-64,-994,-1616
IMU1,7489,75706930,-21,954,-1905,-20,-1070,-1646
IMU1,7490,75717070,-105,976,-1994,-16,-1105,-1682
IMU1,7491,75727412,-206,984,-1996,-23,-1081,-1705
IMU1,7492,75738790,-287,897,-1862,15,-952,-1705
IMU1,7493,75748846,-356,816,-1772,93,-909,-1691
IMU1,7494,75758891,-462,842,-1729,198,-889,-1662
IMU1,7495,75769137,-559,962,-1752,328,-877,-1629
IMU1,7496,75779394,-667,1162,-1826,436,-922,-1597
IMU1,7497,75789836,-825,1548,-2030,533,-935,-1561
IMU1,7498,75800288,-621,1088,-2106,603,-889,-1530
IMU1,7499,75810739,-708,1042,-2261,634,-821,-1517
IMU1,7500,75821192,-546,1068,-2261,633,-699,-1517
IMU1,7501,75831656,-702,945,-2332,603,-492,-1532
IMU1,7502,75841927,-735,843,-2342,554,-340,-1529
IMU1,7503,75852173,-669,821,-2273,500,-263,-1522
IMU1,7504,75862420,-654,685,-2210,446,-237,-1523
IMU1,7505,75873180,-512,663,-2113,327,-352,-1561
IMU1,7506,75883435,-654,728,-2018,280,-419,-1579
IMU1,7507,75893685,-777,738,-2020,252,-455,-1604
IMU1,7508,75903932,-851,597,-1963,215,-482,-1620
IMU1,7509,75914192,-756,581,-1963,182,-466,-1625
IMU1,7510,75924447,-716,552,-1931,140,-420,-1638
IMU1,7511,75934702,-640,565,-1907,100,-361,-1658
IMU1,7512,75944959,-578,573,-1858,65,-304,-1692
IMU1,7513,75955022,-607,687,-1905,40,-235,-1734
IMU1,7514,75965094,-811,767,-2060,7,-175,-1781
IMU1,7515,75974954,-1078,692,-2197,-53,-203,-1804
IMU1,7516,75985314,-1236,610,-2268,-143,-306,-1785
IMU1,7517,75995871,-1289,574,-2241,-258,-416,-1724
IMU1,7518,76006420,-1472,543,-2243,-365,-447,-1642
IMU1,7519,76017466,-1297,442,-2236,-548,-331,-1353
IMU1,7520,76028017,-966,639,-2206,-606,-149,-1203
IMU1,7521,76038356,-942,735,-2192,-646,81,-1110
IMU1,7522,76048408,-986,766,-2065,-656,317,-1058
IMU1,7523,76058640,-935,787,-2143,-658,525,-1013
IMU1,7524,76068884,-959,706,-2122,-664,594,-976
IMU1,7525,76078929,-1004,782,-2088,-688,641,-944
IMU1,7526,76089171,-1010,766,-2066,-714,676,-930
IMU1,7527,76099422,-944,776,-1987,-735,675,-934
IMU1,7528,76109477,-900,767,-1897,-748,656,-947
IMU1,7529,76119526,-832,753,-1789,-736,616,-962
IMU1,7530,76129581,-764,728,-1674,-701,585,-982
IMU1,7531,76139636,-696,716,-1547,-646,580,-1004
IMU1,7532,76149887,-645,728,-1461,-554,578,-1032
IMU1,7533,76160136,-609,750,-1419,-435,554,-1069
IMU1,7534,76171418,-643,733,-1211,-161,519,-1125
IMU1,7535,76181662,-724,665,-1128,34,541,-1164
IMU1,7536,76191618,-767,473,-1052,253,592,-1185
IMU1,7537,76201772,-759,304,-988,496,691,-1171
IMU1,7538,76211719,-754,205,-936,758,821,-1132
IMU1,7539,76221670,-635,166,-916,1032,945,-1082
IMU1,7540,76231829,-570,67,-997,1310,1023,-1034
IMU1,7541,76241981,-470,-30,-979,1575,1063,-963
IMU1,7542,76252022,-446,-74,-1000,1847,1112,-889
IMU1,7543,76262266,-492,-79,-1081,2132,1152,-823
IMU1,7544,76272523,-649,-73,-1504,2391,1183,-765
IMU1,7545,76282785,-678,-96,-1930,2558,1247,-689
IMU1,7546,76293046,-385,-102,-2387,2614,1372,-596
IMU1,7547,76303492,-104,-101,-2690,2556,1542,-534
IMU1,7548,76313946,26,-146,-2903,2417,1753,-528
IMU1,7549,76324092,71,-257,-3002,2233,1959,-559
IMU1,7550,76334773,188,-212,-2836,1845,2366,-671
IMU1,7551,76345130,192,-140,-2602,1708,2577,-771
IMU1,7552,76355481,177,-131,-2426,1633,2774,-896
IMU1,7553,76365824,111,-119,-2202,1607,2937,-1003
IMU1,7554,76378922,-12,-107,-2026,1620,3057,-1079
IMU1,7555,76389364,-175,-96,-1974,1664,3094,-1101
IMU1,7556,76399824,-253,-90,-1943,1712,3044,-1053
IMU1,7557,76410282,-305,-63,833,1746,2955,-946
IMU1,7558,76421288,355,231,-2251,2290,2671,-259
IMU1,7559,76431540,-369,-76,-2234,2460,2646,-120
IMU1,7560,76441789,11,-226,-2161,2324,2808,44
IMU1,7561,76451631,362,-306,-2169,2215,2824,178
IMU1,7562,76461896,558,-463,-1902,2109,2713,215
IMU1,7563,76472176,766,-977,517,2231,2554,180
IMU1,7564,76482163,1762,-840,-1880,2595,2359,56
IMU1,7565,76492419,1244,-970,-2243,2622,2457,-232
IMU1,7566,76502983,1043,-804,-2134,2466,2595,-423
IMU1,7567,76513540,1263,-1050,-2707,2269,2696,-499
IMU1,7568,76524296,1334,-1000,-2064,1967,2884,-541
IMU1,7569,76535045,733,-792,-2346,1728,2906,-546
IMU1,7570,76545413,838,-1406,-742,1507,2868,-460
IMU1,7571,76556292,238,-1307,-892,1529,2601,-347
IMU1,7572,76566645,1193,-727,-1747,1638,2086,-247
IMU1,7573,76577197,1441,-815,-1613,1635,1412,-348
IMU1,7574,76587747,1396,-1187,-1020,1645,1415,-413
IMU1,7575,76598509,1617,-1144,-943,1746,1953,-374
IMU1,7576,76609062,1713,-995,-1043,1906,2275,-346
IMU1,7577,76619620,1633,-1080,-1108,2011,2486,-317
IMU1,7578,76630382,1554,-1205,-930,2072,2620,-261
IMU1,7579,76640963,1645,-1250,-887,2136,2691,-187
IMU1,7580,76652551,1900,-1367,-836,2257,2586,-68
IMU1,7581,76662915,1807,-1455,-617,2314,2427,-23
IMU1,7582,76673288,1838,-1460,-570,2406,2270,21
IMU1,7583,76683550,2264,-1335,-539,2503,2153,46
IMU1,7584,76693819,1692,-1364,-450,2585,2022,-15
IMU1,7585,76704166,1406,-1262,-366,2702,1677,-28
IMU1,7586,76714514,1155,-1312,-187,2797,1541,38
IMU1,7587,76724789,1114,-1341,-59,2877,1536,182
IMU1,7588,76735063,1174,-1367,-145,2959,1653,344
IMU1,7589,76745535,1460,-1263,-225,2983,2013,469
IMU1,7590,76756013,1603,-1197,105,2995,2310,507
IMU1,7591,76766394,1402,-1222,202,3084,2472,500
IMU1,7592,76777306,1416,-1228,496,3244,2915,614
IMU1,7593,76787689,1401,-1254,542,3372,3067,692
IMU1,7594,76798076,1375,-1271,602,3489,3271,783
IMU1,7595,76808486,1550,-1281,673,3582,3454,885
IMU1,7596,76818826,1030,-1073,512,3626,3440,1015
IMU1,7597,76829383,1411,-1162,1033,3510,3740,1207
IMU1,7598,76840153,1324,-1228,1060,3489,3540,1353
IMU1,7599,76850910,1283,-1283,1129,3522,3021,1501
IMU1,7600,76861663,1133,-1323,1180,3550,2506,1613
IMU1,7601,76872410,1334,-1173,1410,3529,2228,1635
IMU1,7602,76883157,1371,-1193,1361,3252,3166,1579
IMU1,7603,76893922,1181,-1125,1514,3029,3719,1543
IMU1,7604,76904694,857,-1003,1638,2831,3880,1544
IMU1,7605,76915241,653,-920,1728,2632,3699,1569
IMU1,7606,76925591,595,-830,1778,2419,3286,1578
IMU1,7607,76935952,521,-722,1814,2180,2799,1544
IMU1,7608,76946320,439,-709,1792,1925,2309,1472
IMU1,7609,76956677,435,-636,1755,1662,1792,1380
IMU1,7610,76967041,485,-488,1697,1398,1255,1278
IMU1,7611,76977385,534,-412,1789,1135,805,1169
IMU1,7612,76987540,618,-501,1892,879,542,1055
IMU1,7613,76998549,551,-429,1987,403,517,853
IMU1,7614,77008310,433,-363,2076,195,565,811
IMU1,7615,77018053,361,-393,2175,28,583,807
IMU1,7616,77027599,210,-468,2316,-109,739,848
IMU1,7617,77037450,20,-799,2628,-211,1057,946
IMU1,7618,77047301,35,-743,2805,-257,1448,1095
IMU1,7619,77057345,-210,-879,2312,-254,1613,1188
IMU1,7620,77067680,-192,-996,2468,-265,1388,1241
IMU1,7621,77078018,-8,-985,2343,-251,1256,1259
IMU1,7622,77087974,-33,-1016,2178,-269,1289,1222
IMU1,7623,77098319,-112,-985,2132,-301,1216,1160
IMU1,7624,77108670,-233,-986,2077,-326,971,1091
IMU1,7625,77118813,-371,-998,2072,-366,656,1034
IMU1,7626,77128965,-569,-1030,2019,-427,326,1000
IMU1,7627,77139289,-718,-994,1984,-468,-207,995
IMU1,7628,77149327,-766,-1042,2025,-512,-909,1008
IMU1,7629,77159769,-735,-1168,2154,-561,-1465,1021
IMU1,7630,77170416,-446,-1157,1896,-617,-1810,1018
IMU1,7631,77181064,-319,-998,1810,-594,-3417,905
IMU1,7632,77191329,-316,-1062,1914,-529,-4308,829
IMU1,7633,77201791,-312,-1119,2039,-507,-4508,793
IMU1,7634,77212255,-163,-1145,2251,-533,-3945,794
IMU1,7635,77222699,-34,-1245,2289,-582,-2775,792
IMU1,7636,77232950,134,-1225,2239,-665,-1275,766
IMU1,7637,77243313,44,-1208,2114,-765,191,689
IMU1,7638,77253170,-4,-1183,1955,-855,1317,575
IMU1,7639,77263124,-142,-1097,1798,-927,1930,434
IMU1,7640,77273479,-332,-1055,1643,-969,1981,283
IMU1,7641,77283828,-379,-967,1585,-971,1513,88
IMU1,7642,77293790,-362,-950,1469,-933,694,-123
IMU1,7643,77303841,-255,-1010,1439,-878,-258,-349
IMU1,7644,77314187,-134,-1073,1589,-819,-1133,-604
IMU1,7645,77325249,-19,-1174,1705,-732,-1903,-1118
IMU1,7646,77335796,-57,-1131,1749,-723,-1657,-1349
IMU1,7647,77346331,24,-1099,1688,-735,-1140,-1559
IMU1,7648,77356773,133,-1062,1618,-752,-600,-1757
IMU1,7649,77367227,229,-1049,1502,-760,-240,-1945
IMU1,7650,77380223,172,-838,1313,-744,-147,-2105
IMU1,7651,77390461,537,-1075,1358,-710,-278,-2247
IMU1,7652,77400913,631,-806,1266,-646,-550,-2365
IMU1,7653,77412217,-187,-750,1291,-516,-891,-2401
IMU1,7654,77422561,217,-717,1403,-414,-695,-2339
IMU1,7655,77432807,190,-768,1300,-254,-332,-2374
IMU1,7656,77443052,1289,-1009,1342,-92,-22,-2416
IMU1,7657,77453277,4681,-2617,1300,76,84,-2439
IMU1,7658,77463332,2163,-1452,984,259,-277,-2308
IMU1,7659,77473687,161,-322,1187,519,-1371,-1876
IMU1,7660,77484027,666,-446,1283,832,-1973,-1341
IMU1,7661,77494364,666,-1178,1504,1044,-1587,-1019
IMU1,7662,77505128,703,-1238,2024,1214,-574,-779
IMU1,7663,77515487,1340,-1333,1769,1368,844,-566
IMU1,7664,77525944,916,-1115,1859,1390,2552,-338
IMU1,7665,77536938,900,-1108,1890,1363,5448,179
IMU1,7666,77547305,704,-937,1850,1373,6525,358
IMU1,7667,77557480,565,-724,1803,1401,7428,538
IMU1,7668,77567660,249,-599,1943,1470,8136,704
IMU1,7669,77577848,-604,-675,3022,1566,8645,922
IMU1,7670,77588126,-581,-1563,3128,1820,8350,1179
IMU1,7671,77598808,-978,-2057,1568,1998,6522,1188
IMU1,7672,77609477,-864,-1314,-962,1744,4433,1072
IMU1,7673,77620036,-257,-636,-388,1190,2432,858
IMU1,7674,77630191,-1029,-62,590,862,229,521
IMU1,7675,77639855,-1360,278,1077,780,-1986,277
IMU1,7676,77650115,-1011,-22,1640,822,-3814,104
IMU1,7677,77660263,365,-27,3442,975,-5038,-100
IMU1,7678,77671774,-740,139,1123,1681,-1602,-728
IMU1,7679,77682113,59,287,1212,1354,1278,-725
IMU1,7680,77692079,-69,26,1533,1177,2043,-893
IMU1,7681,77701932,-279,-101,1538,1150,1264,-1106
IMU1,7682,77712480,-296,3,1669,1126,271,-1250
IMU1,7683,77722324,-242,130,1690,1050,30,-1284
IMU1,7684,77732348,-197,76,1793,939,467,-1236
IMU1,7685,77742205,-284,-17,2000,861,907,-1129
IMU1,7686,77752141,-252,-110,2191,856,983,-990
IMU1,7687,77762097,-178,-138,2351,901,806,-856
IMU1,7688,77772038,-23,-51,2514,953,717,-729
IMU1,7689,77781602,-269,43,2383,911,1121,-559
IMU1,7690,77791463,-356,-48,2207,759,1375,-331
IMU1,7691,77801420,-438,-123,2131,569,917,-131
IMU1,7692,77811376,-345,-96,2114,363,262,19
IMU1,7693,77820826,-335,-42,2074,150,-148,108
IMU1,7694,77830574,-521,-74,2057,-39,-403,152
IMU1,7695,77840194,-576,-215,2012,-174,-583,235
IMU1,7696,77850214,-597,-298,1927,-250,-681,382
IMU1,7697,77860242,-576,-305,1947,-277,-714,512
IMU1,7698,77870279,-487,-229,2065,-251,-622,632
IMU1,7699,77880318,-462,-190,2072,-189,-370,703
IMU1,7700,77890360,-446,-207,1951,-139,-176,708
IMU1,7701,77900391,-448,-194,1876,-128,-184,663
IMU1,7702,77910432,-457,-205,1894,-129,-286,608
IMU1,7703,77921508,-348,-55,1903,-79,-439,516
IMU1,7704,77931154,-379,-86,1935,-12,-410,470
IMU1,7705,77940796,-388,-101,1932,72,-283,433
IMU1,7706,77950543,-371,-98,1897,141,-53,414
IMU1,7707,77960096,-370,-90,1914,185,237,406
IMU1,7708,77969739,-338,-65,1900,208,525,408
IMU1,7709,77979387,-349,-49,1915,219,799,418
IMU1,7710,77989046,-404,-45,1901,225,1034,439
IMU1,7711,77998891,-438,-51,1908,231,1108,471
IMU1,7712,78008752,-484,-76,1986,246,1030,498
IMU1,7713,78018595,-539,-123,2012,266,880,528
IMU1,7714,78028434,-503,-104,1975,282,646,550
IMU1,7715,78038293,-453,-114,2007,283,338,554
IMU1,7716,78048146,-426,-153,2029,261,118,545
IMU1,7717,78057989,-418,-163,2078,219,65,531
IMU1,7718,78067640,-299,-228,2118,162,119,519
IMU1,7719,78077491,-461,-111,2140,103,136,484
IMU1,7720,78087342,-514,-168,2131,34,39,461
IMU1,7721,78096784,-541,-164,2169,-47,43,460
IMU1,7722,78106314,-601,-185,2189,-117,81,473
IMU1,7723,78116055,-642,-182,2233,-175,66,510
IMU1,7724,78125791,-616,-158,2212,-226,78,554
IMU1,7725,78135552,-486,-221,2245,-269,81,582
IMU1,7726,78145294,-514,-167,2281,-301,59,644
IMU1,7727,78155028,-527,-143,2244,-324,55,674
IMU1,7728,78164770,-574,-187,2193,-346,86,718
IMU1,7729,78174517,-483,-78,2204,-376,172,771
IMU1,7730,78184269,-515,-109,2122,-400,319,814
IMU1,7731,78194211,-611,-153,2099,-440,461,884
IMU1,7732,78204163,-648,2,1950,-482,468,983
IMU1,7733,78213609,-567,-5,2032,-543,365,1081
IMU1,7734,78223354,-510,-75,2087,-596,199,1148
IMU1,7735,78233324,-373,-44,2080,-640,-17,1180
IMU1,7736,78243176,-464,-19,2221,-674,-230,1142
IMU1,7737,78253227,-590,-58,2356,-677,-365,1119
IMU1,7738,78263284,-607,-140,2347,-655,-435,1123
IMU1,7739,78273529,-568,-158,2379,-632,-496,1122
IMU1,7740,78283786,-571,-119,2377,-605,-578,1044
IMU1,7741,78294046,-574,-189,2361,-580,-712,938
IMU1,7742,78304110,-642,-9,2255,-559,-943,834
IMU1,7743,78313764,-537,-9,2219,-539,-1194,748
IMU1,7744,78323631,-560,-178,2195,-526,-1292,689
IMU1,7745,78333871,-453,-352,2067,-513,-1247,642
IMU1,7746,78344649,-652,-131,1958,-532,-1069,565
IMU1,7747,78354885,-370,-146,2053,-561,-1052,560
IMU1,7748,78365128,-379,-293,1977,-582,-869,536
IMU1,7749,78375177,-373,-224,1917,-619,-674,479
IMU1,7750,78387795,-352,-219,1882,-668,-574,416
IMU1,7751,78397844,-329,-176,1875,-706,-547,347
IMU1,7752,78407891,-324,-129,1839,-724,-521,288
IMU1,7753,78417925,-350,-75,1810,-727,-457,253
IMU1,7754,78427760,-394,-50,1840,-719,-355,249
IMU1,7755,78437610,-429,-28,1860,-681,-238,288
IMU1,7756,78447456,-452,-64,1918,-625,-149,364
IMU1,7757,78457309,-471,-127,1966,-556,-89,463
IMU1,7758,78467159,-459,-194,2027,-482,-52,569
IMU1,7759,78477003,-410,-201,2071,-420,-36,660
IMU1,7760,78486842,-398,-246,2102,-380,-51,716
IMU1,7761,78496685,-364,-258,2107,-362,-103,747
IMU1,7762,78506712,-306,-291,1975,-364,-179,754
IMU1,7763,78517803,-350,-395,1922,-466,-262,734
IMU1,7764,78527849,-338,-422,1965,-570,-199,761
IMU1,7765,78537901,-281,-491,1939,-671,-106,783
IMU1,7766,78547952,-277,-539,1962,-774,-35,790
IMU1,7767,78557814,-310,-529,1986,-848,16,787
IMU1,7768,78567579,-290,-577,1985,-915,43,785
IMU1,7769,78577340,-371,-1024,1826,-978,37,761
IMU1,7770,78587296,-566,-1133,1762,-1074,-2,750
IMU1,7771,78597351,-540,-1024,1940,-1162,-54,782
IMU1,7772,78607606,-340,-920,1956,-1198,-78,793
IMU1,7773,78617667,-235,-815,1972,-1185,-60,719
IMU1,7774,78627716,-189,-797,1967,-1141,-8,572
IMU1,7775,78637579,-152,-781,1993,-1084,62,466
IMU1,7776,78647555,-213,-766,1917,-1003,130,341
IMU1,7777,78657688,-181,-752,1873,-905,173,228
IMU1,7778,78667611,-299,-810,1871,-790,179,118
IMU1,7779,78677545,-396,-837,1869,-644,183,44
IMU1,7780,78687279,-338,-775,1802,-471,170,10
IMU1,7781,78697017,-226,-867,1560,-293,101,-13
IMU1,7782,78706840,-65,-873,1939,-130,-1,-35
IMU1,7783,78716172,-272,-674,1647,55,-153,-68
IMU1,7784,78725804,-275,-552,1592,218,-320,-61
IMU1,7785,78735630,-472,-555,1708,377,-456,-35
IMU1,7786,78745466,-562,-557,1765,554,-555,36
IMU1,7787,78755222,-484,-508,1788,736,-570,123
IMU1,7788,78765150,-421,-567,1721,903,-515,194
IMU1,7789,78775091,-287,-609,1851,1037,-484,237
IMU1,7790,78785229,-332,-624,1899,1146,-479,254
IMU1,7791,78795378,-328,-520,2004,1233,-459,260
IMU1,7792,78806563,-309,-455,2002,1291,-458,214
IMU1,7793,78816696,-243,-453,2016,1281,-536,146
IMU1,7794,78826822,-135,-438,2120,1252,-677,47
IMU1,7795,78836766,-329,-410,2042,1220,-860,-69
IMU1,7796,78846803,-291,-375,2062,1149,-1056,-140
IMU1,7797,78857245,-91,-359,1985,1035,-1216,-159
IMU1,7798,78867477,-10,-348,1966,884,-1330,-183
IMU1,7799,78877499,38,-375,1966,717,-1346,-196
IMU1,7800,78887440,35,-374,1943,549,-1228,-167
IMU1,7801,78897370,18,-352,1936,377,-1001,-91
IMU1,7802,78907100,-12,-340,1958,203,-749,17
IMU1,7803,78916636,9,-380,1957,31,-568,131
IMU1,7804,78925883,-17,-327,1944,-140,-492,230
IMU1,7805,78935706,69,-332,1946,-323,-475,326
IMU1,7806,78945440,61,-368,1946,-504,-466,380
IMU1,7807,78955176,89,-385,1896,-674,-458,431
IMU1,7808,78964929,62,-411,1868,-827,-428,490
IMU1,7809,78974663,117,-399,1852,-959,-302,565
IMU1,7810,78984617,101,-409,1856,-1067,-96,630
IMU1,7811,78994556,84,-416,1898,-1146,83,697
IMU1,7812,79004206,101,-423,1927,-1180,172,758
IMU1,7813,79014244,94,-424,1991,-1167,178,811
IMU1,7814,79024093,106,-454,2042,-1113,158,859
IMU1,7815,79034141,70,-466,2076,-1019,142,913
IMU1,7816,79044004,55,-490,2067,-901,137,978
IMU1,7817,79053644,9,-498,2066,-791,142,1052
IMU1,7818,79063283,-21,-495,2031,-696,169,1119
IMU1,7819,79073216,-66,-498,1991,-631,205,1179
IMU1,7820,79083170,-119,-503,1934,-614,261,1235
IMU1,7821,79093326,-164,-499,1873,-640,346,1297
IMU1,7822,79104503,-221,-509,1887,-783,490,1407
IMU1,7823,79114638,-233,-538,1911,-852,508,1448
IMU1,7824,79124791,-229,-573,1938,-901,485,1471
IMU1,7825,79134940,-220,-605,1966,-929,468,1493
IMU1,7826,79145086,-243,-631,1985,-924,459,1530
IMU1,7827,79155237,-272,-667,1995,-898,427,1587
IMU1,7828,79165378,-284,-680,1995,-857,370,1657
IMU1,7829,79175530,-304,-661,1950,-814,310,1727
IMU1,7830,79185690,-350,-636,1878,-787,255,1794
IMU1,7831,79195855,-411,-610,1805,-791,212,1874
IMU1,7832,79206025,-475,-553,1752,-824,198,1971
IMU1,7833,79216187,-537,-506,1680,-872,215,2077
IMU1,7834,79226337,-556,-507,1570,-966,255,2184
IMU1,7835,79236499,-582,-501,1506,-1112,374,2279
IMU1,7836,79246860,-622,-494,1488,-1308,597,2359
IMU1,7837,79257223,-670,-606,1566,-1531,852,2432
IMU1,7838,79268118,-688,-736,1696,-1967,1092,2430
IMU1,7839,79278665,-673,-881,1841,-2118,1087,2412
IMU1,7840,79289219,-721,-1076,2000,-2189,1062,2371
IMU1,7841,79299973,-735,-1244,2088,-2197,1018,2335
IMU1,7842,79310722,-749,-1420,2125,-2169,926,2300
IMU1,7843,79321273,-794,-1482,2124,-2117,797,2259
IMU1,7844,79331840,-843,-1509,2072,-2053,662,2210
IMU1,7845,79342392,-924,-1516,2012,-1988,533,2155
IMU1,7846,79352961,-948,-1443,1806,-1930,384,2094
IMU1,7847,79364029,-1043,-1412,1738,-1842,77,1930
IMU1,7848,79374552,-1077,-1309,1665,-1801,-57,1835
IMU1,7849,79385183,-1117,-1202,1552,-1757,-219,1710
IMU1,7850,79398590,-1146,-1166,1423,-1702,-416,1573
IMU1,7851,79409428,-998,-1347,1313,-1634,-417,1414
IMU1,7852,79420065,-1272,-1009,1186,-1514,139,1140
IMU1,7853,79431341,-1288,-1105,1153,-1268,-101,690
IMU1,7854,79441986,-1405,-1090,1079,-1099,-131,467
IMU1,7855,79452619,-1388,-1082,1016,-920,-196,294
IMU1,7856,79463061,-1444,-1056,1018,-741,-146,140
IMU1,7857,79473478,-1501,-1052,968,-566,-109,33
IMU1,7858,79483510,-1513,-1051,884,-409,-113,-26
IMU1,7859,79493640,-1485,-1065,920,-273,-133,-53
IMU1,7860,79503765,-1426,-1053,925,-158,-154,-70
IMU1,7861,79513901,-1063,-1697,879,-22,-31,-129
IMU1,7862,79523825,-1348,-1337,960,369,850,-167
IMU1,7863,79533964,-1567,-827,876,732,397,-316
IMU1,7864,79543928,-1711,-795,1002,930,-454,-378
IMU1,7865,79554187,-1621,-865,1242,1095,-961,-414
IMU1,7866,79564623,-1242,-981,1326,1233,-1192,-552
IMU1,7867,79575806,-1343,-1090,1356,1293,-1201,-790
IMU1,7868,79586651,-1321,-1315,1355,1209,-1356,-797
IMU1,7869,79597493,-596,-1579,643,1058,-1545,-705
IMU1,7870,79607949,-539,-2024,1394,867,-1856,-699
IMU1,7871,79618404,-852,-1836,1161,823,-2042,-745
IMU1,7872,79628845,-482,-1642,1372,779,-2159,-723
IMU1,7873,79639270,-800,-1369,1423,761,-2134,-699
IMU1,7874,79649714,-1381,-1239,1586,742,-1855,-554
IMU1,7875,79660366,-1249,-1374,1888,737,-1380,-265
IMU1,7876,79671015,-1365,-1302,2033,776,-135,328
IMU1,7877,79681362,-1426,-1226,1853,751,624,671
IMU1,7878,79691615,-1230,-1280,1794,665,1364,1035
IMU1,7879,79702258,-911,-1300,1615,538,1982,1330
IMU1,7880,79712715,-990,-1017,1048,368,2401,1498
IMU1,7881,79723164,-754,-960,882,120,2587,1646
IMU1,7882,79733211,-689,-957,443,-129,2488,1677
IMU1,7883,79743360,-1301,-996,1068,-375,2074,1622
IMU1,7884,79753914,-2064,-946,2090,-386,1579,1658
IMU1,7885,79764477,-1942,-944,1831,-100,1171,1816
IMU1,7886,79775040,-1723,-876,1847,201,715,1924
IMU1,7887,79785293,-1797,-575,1819,474,266,1952
IMU1,7888,79795552,-1598,39,1643,707,-18,1951
IMU1,7889,79806448,-1393,101,1516,951,-121,1763
IMU1,7890,79816706,-1006,156,1367,959,-99,1543
IMU1,7891,79826771,-581,101,1282,898,-116,1260
IMU1,7892,79836828,-470,63,1234,802,-156,927
IMU1,7893,79846488,-530,17,1246,672,-198,610
IMU1,7894,79856141,-707,-48,1347,520,-194,350
IMU1,7895,79865896,-885,-100,1456,375,-134,146
IMU1,7896,79875850,-1124,-107,1533,230,-40,-6
IMU1,7897,79885480,-1217,-104,1613,93,74,-113
IMU1,7898,79895212,-1150,-117,1667,-21,194,-213
IMU1,7899,79905246,-1153,-140,1771,-111,271,-344
IMU1,7900,79915490,-1039,-171,1846,-156,293,-497
IMU1,7901,79925741,-902,-241,1870,-172,262,-689
IMU1,7902,79935788,-103,-387,1551,-177,167,-938
IMU1,7903,79945845,-456,-538,1793,-225,-34,-1336
IMU1,7904,79955991,-631,-763,1832,-248,-163,-1653
IMU1,7905,79966333,-354,-917,1826,-261,-169,-1847
IMU1,7906,79976678,-528,-1091,1963,-297,-78,-1999
IMU1,7907,79987020,-805,-1325,2046,-306,118,-2043
IMU1,7908,79997469,-898,-1497,1733,-298,359,-1978
IMU1,7909,80008441,-1039,-1437,1556,-350,864,-1622
IMU1,7910,80019062,-1180,-1198,1491,-431,1107,-1386
IMU1,7911,80029906,-1267,-883,1270,-514,1330,-1099
IMU1,7912,80040549,-1234,-959,1302,-577,1586,-815
IMU1,7913,80050987,-717,-944,1015,-592,1766,-548
IMU1,7914,80061236,-595,-791,926,-574,1833,-361
IMU1,7915,80071291,-551,-687,1204,-470,1812,-237
IMU1,7916,80081535,-672,-751,1274,-204,1684,-197
IMU1,7917,80091765,-1024,-954,1170,152,1334,-238
IMU1,7918,80102112,-1569,-1171,1168,518,754,-317
IMU1,7919,80112477,-1876,-1299,1365,861,76,-396
IMU1,7920,80123664,-2494,-868,1318,1363,-797,-522
IMU1,7921,80134102,-2026,-647,1358,1458,-756,-419
IMU1,7922,80144529,-1655,-1065,1003,1477,-480,-383
IMU1,7923,80155147,-1545,-1355,857,1349,-303,-363
IMU1,7924,80165589,-1495,-1303,901,1139,-208,-269
IMU1,7925,80176020,-1379,-1141,936,912,-65,-81
IMU1,7926,80185853,-1283,-998,893,692,164,164
IMU1,7927,80195677,-1306,-623,745,469,431,436
IMU1,7928,80205528,-1071,-404,592,241,688,685
IMU1,7929,80215359,-870,-280,577,32,856,840
IMU1,7930,80224811,-767,-268,657,-121,860,896
IMU1,7931,80234545,-765,-336,976,-186,729,884
IMU1,7932,80244289,-971,-418,1281,-114,553,837
IMU1,7933,80254223,-1227,-616,1574,62,356,805
IMU1,7934,80264088,-1612,-805,1616,311,132,791
IMU1,7935,80274124,-1888,-930,1439,551,-118,803
IMU1,7936,80284279,-1874,-926,1227,716,-388,815
IMU1,7937,80294416,-1866,-851,1055,798,-633,780
IMU1,7938,80304556,-1828,-845,1306,796,-836,711
IMU1,7939,80314705,-1602,-933,2074,807,-931,629
IMU1,7940,80325898,-1575,-990,2287,970,-815,474
IMU1,7941,80336043,-1599,-920,2297,1069,-658,388
IMU1,7942,80346378,-1570,-810,2182,1129,-410,297
IMU1,7943,80356722,-1500,-707,1832,1125,-89,204
IMU1,7944,80366868,-1353,-544,1452,1031,153,72
IMU1,7945,80376918,-1266,-449,1105,849,208,-151
IMU1,7946,80387065,-1336,-285,1347,615,97,-444
IMU1,7947,80399553,-1030,-110,997,420,0,-720
IMU1,7948,80408998,-692,-147,922,180,-7,-960
IMU1,7949,80418426,-241,-246,634,-107,96,-1144
IMU1,7950,80428253,1,-167,486,-448,304,-1251
IMU1,7951,80437790,-532,-429,737,-787,628,-1274
IMU1,7952,80447843,-1080,-736,1061,-1018,1017,-1117
IMU1,7953,80458687,-1702,-1011,1138,-1093,1391,-784
IMU1,7954,80470048,-2748,-1505,1479,-907,1328,48
IMU1,7955,80480398,-2851,-1420,1911,-585,721,382
IMU1,7956,80490753,-2764,-1245,2202,-98,-20,587
IMU1,7957,80500794,-2362,-1015,2252,448,-665,644
IMU1,7958,80511141,-1933,-830,2110,925,-1146,550
IMU1,7959,80521508,-1385,-665,2012,1254,-1444,336
IMU1,7960,80532053,-967,-466,1678,1424,-1529,46
IMU1,7961,80542192,-691,-336,1306,1402,-1469,-267
IMU1,7962,80552629,-703,-187,964,1206,-1339,-556
IMU1,7963,80562873,-780,-180,603,880,-1139,-746
IMU1,7964,80572927,-1265,-271,350,447,-883,-805
IMU1,7965,80582967,-1985,-472,905,-21,-554,-626
IMU1,7966,80592918,-1804,-714,1435,-366,-79,-206
IMU1,7967,80603058,-1762,-582,1643,-541,482,213
IMU1,7968,80614241,-1260,-446,1446,-600,1183,861
IMU1,7969,80624594,-989,-287,1204,-553,1148,978
IMU1,7970,80634748,-910,-252,1394,-485,876,936
IMU1,7971,80644712,-900,-222,1608,-316,460,784
IMU1,7972,80654656,-915,-127,1349,-67,-45,596
IMU1,7973,80664292,-1245,-111,1443,158,-549,455
IMU1,7974,80674437,-1234,-158,1555,367,-981,327
IMU1,7975,80684584,-1452,-256,1648,547,-1266,246
IMU1,7976,80694927,-1530,-387,1607,683,-1378,246
IMU1,7977,80705255,-1457,-477,1538,756,-1360,306
IMU1,7978,80715604,-1432,-430,1515,789,-1169,390
IMU1,7979,80725963,-1349,-508,1479,806,-838,489
IMU1,7980,80736102,-1438,-296,1499,805,-517,566
IMU1,7981,80746243,-1391,-304,1484,777,-339,602
IMU1,7982,80756390,-1454,-269,1348,718,-116,571
IMU1,7983,80766544,-1479,-449,1131,592,204,538
IMU1,7984,80777650,-1755,-598,1113,171,819,566
IMU1,7985,80787703,-1725,-732,1160,-61,1168,602
IMU1,7986,80797858,-1579,-655,1240,-267,1440,597
IMU1,7987,80808211,-1364,-573,1333,-391,1863,518
IMU1,7988,80818554,-1321,-420,1349,-420,2490,360
IMU1,7989,80828899,-1222,-316,1368,-411,2741,120
IMU1,7990,80839241,-1124,-184,1247,-332,3091,-151
IMU1,7991,80849687,-1132,-91,1006,-224,3578,-445
IMU1,7992,80859927,-1176,-34,860,-131,3832,-717
IMU1,7993,80869991,-1311,-76,815,-55,3854,-901
IMU1,7994,80879849,-1505,-42,818,22,3830,-988
IMU1,7995,80889616,-1686,-18,846,106,3925,-956
IMU1,7996,80899560,-1921,-86,838,199,4155,-819
IMU1,7997,80909497,-2077,-152,925,281,4434,-599
IMU1,7998,80919655,-2113,-159,1022,352,4655,-336
IMU1,7999,80930016,-2194,-137,1083,427,4756,-74
IMU1,8000,80941216,-2273,-138,951,540,4586,372
IMU1,8001,80951264,-2192,-96,914,564,4312,510
IMU1,8002,80961121,-2013,-73,640,584,3857,562
IMU1,8003,80970947,-1918,-72,495,575,3193,518
IMU1,8004,80980806,-1993,-15,411,555,2332,409
IMU1,8005,80990633,-2095,-161,366,527,1404,297
IMU1,8006,81000670,-2316,-368,220,498,566,205
IMU1,8007,81010501,-2219,-589,198,442,22,155
IMU1,8008,81020146,-2371,-445,767,401,-85,126
IMU1,8009,81029882,-2457,-487,689,445,88,132
IMU1,8010,81039509,-2468,-714,695,481,422,162
IMU1,8011,81049350,-2595,-820,559,497,827,220
IMU1,8012,81059200,-2732,-880,317,468,1193,295
IMU1,8013,81069247,-2769,-713,77,380,1443,390
IMU1,8014,81079098,-2301,-257,-945,225,1482,443
IMU1,8015,81089247,-2627,19,-1237,-115,1098,385
IMU1,8016,81099388,-2121,114,-445,-469,487,324
IMU1,8017,81109330,-2091,187,-117,-643,37,176
IMU1,8018,81119054,-1678,216,-9,-726,-274,17
IMU1,8019,81128490,-1433,183,66,-775,-444,-195
IMU1,8020,81138315,-1501,57,-1412,-818,-437,-444
IMU1,8021,81148451,-174,-616,-1028,-1037,167,-717
IMU1,8022,81158784,-256,-600,-1394,-1140,1521,-1148
IMU1,8023,81169515,-513,-453,-1022,-1147,2802,-1633
IMU1,8024,81180247,-1102,-307,-515,-1072,3476,-2089
IMU1,8025,81190985,-1181,-604,-538,-805,3281,-2785
IMU1,8026,81201520,-1804,-773,-457,-666,2949,-3008
IMU1,8027,81212063,-2258,-1013,-535,-547,2626,-3065
IMU1,8028,81222803,-2547,-1387,-948,-496,2375,-2988
IMU1,8029,81233549,-2488,-1882,-1441,-551,2246,-2826
IMU1,8030,81244489,-2225,-2247,-1634,-701,2218,-2660
IMU1,8031,81255424,-2054,-2354,-1694,-869,2142,-2516
IMU1,8032,81266374,-1947,-2264,-1405,-1011,1874,-2371
IMU1,8033,81277511,-2112,-1690,-1136,-1148,834,-1988
IMU1,8034,81288450,-2111,-1290,-934,-1136,338,-1733
IMU1,8035,81299168,-2087,-1015,-806,-1058,-36,-1476
IMU1,8036,81309789,-2004,-757,-737,-955,-237,-1226
IMU1,8037,81320215,-2066,-621,-687,-843,-242,-987
IMU1,8038,81330431,-2088,-454,-696,-727,-108,-753
IMU1,8039,81340654,-2050,-355,-833,-618,71,-536
IMU1,8040,81350598,-1949,-412,-1078,-555,233,-349
IMU1,8041,81360923,-1779,-519,-1237,-569,360,-214
IMU1,8042,81371244,-1558,-903,-1424,-635,457,-155
IMU1,8043,81381583,-1269,-936,-1426,-753,523,-179
IMU1,8044,81391930,-1465,-740,-1522,-916,487,-312
IMU1,8045,81404838,-1398,-655,-1299,-1340,267,-349
IMU1,8046,81415360,-1233,-431,-1272,-1453,-56,-417
IMU1,8047,81425784,-1027,-269,-1171,-1499,-549,-517
IMU1,8048,81436414,-864,-238,-1036,-1459,-1032,-622
IMU1,8049,81447041,-886,-246,-1077,-1342,-1255,-701
IMU1,8050,81457656,-961,-293,-816,-1176,-1087,-730
IMU1,8051,81468082,-936,-331,-634,-906,-581,-721
IMU1,8052,81478122,-1084,-637,-679,-540,111,-696
IMU1,8053,81489303,-1293,-810,-772,263,1360,-660
IMU1,8054,81499531,-1327,-930,-818,616,1656,-699
IMU1,8055,81509775,-1428,-983,-953,927,1715,-766
IMU1,8056,81520036,-1401,-1070,-1220,1171,1572,-837
IMU1,8057,81530873,-1334,-1450,-1477,1306,1330,-897
IMU1,8058,81541717,-1300,-1612,-1639,1327,1075,-934
IMU1,8059,81552547,-1306,-1606,-1659,1266,803,-962
IMU1,8060,81563168,-1328,-1544,-1641,1153,490,-975
IMU1,8061,81573805,-1372,-1433,-1560,1002,167,-960
IMU1,8062,81584440,-1394,-1178,-1402,834,-226,-828
IMU1,8063,81594978,-1385,-1102,-1362,499,-281,-724
IMU1,8064,81605507,-1419,-1030,-1262,349,-306,-618
IMU1,8065,81616043,-1414,-969,-1202,235,-303,-506
IMU1,8066,81626356,-1378,-983,-1243,162,-257,-388
IMU1,8067,81636678,-1364,-1029,-1323,125,-207,-273
IMU1,8068,81647194,-1283,-1106,-1365,117,-220,-163
IMU1,8069,81657718,-1232,-1131,-1420,128,-324,-64
IMU1,8070,81668047,-1202,-1251,-1563,145,-491,28
IMU1,8071,81678275,-1082,-1285,-1688,147,-666,116
IMU1,8072,81688694,-960,-1278,-1532,146,-777,187
IMU1,8073,81698936,-984,-1296,-1485,171,-697,252
IMU1,8074,81709164,-944,-1259,-1531,188,-397,332
IMU1,8075,81719933,-1088,-1336,-1381,247,28,375
IMU1,8076,81730076,-1143,-1285,-1222,353,16,349
IMU1,8077,81740213,-1143,-1231,-1132,489,-144,271
IMU1,8078,81750657,-1060,-1225,-1055,639,-368,164
IMU1,8079,81761104,-990,-1229,-1002,770,-544,47
IMU1,8080,81771149,-824,-1124,-765,881,-617,-64
IMU1,8081,81781088,-525,-760,-1110,979,-522,-199
IMU1,8082,81791228,-498,-1140,-957,986,-295,-370
IMU1,8083,81801378,-712,-1424,-1117,961,-71,-517
IMU1,8084,81811524,-711,-1557,-1228,883,58,-710
IMU1,8085,81821575,-790,-1600,-1293,765,58,-900
IMU1,8086,81831616,-831,-1601,-1222,627,23,-1068
IMU1,8087,81841858,-973,-1618,-1187,489,72,-1208
IMU1,8088,81852094,-1047,-1558,-1103,356,204,-1304
IMU1,8089,81862737,-1154,-1178,-611,228,355,-1370
IMU1,8090,81873705,-1176,-1102,-434,75,559,-1406
IMU1,8091,81883964,-1282,-928,-456,41,526,-1417
IMU1,8092,81894011,-1296,-920,-433,-5,400,-1376
IMU1,8093,81903957,-1308,-974,-484,-47,295,-1282
IMU1,8094,81914103,-1220,-1208,-578,-96,227,-1199
IMU1,8095,81924463,-978,-1707,-381,-128,184,-1063
IMU1,8096,81934747,-1081,-1816,-766,-142,180,-943
IMU1,8097,81945045,-586,-2342,-927,-180,214,-746
IMU1,8098,81955152,-1282,-2261,-1718,-243,342,-684
IMU1,8099,81965653,-1521,-2462,-2050,-426,323,-531
IMU1,8100,81976157,-1577,-2598,-1971,-636,29,-339
IMU1,8101,81986475,-1389,-2590,-1881,-787,-428,-197
IMU1,8102,81997078,-1527,-2580,-1812,-877,-854,-114
IMU1,8103,82008202,-1335,-1855,-1060,-872,-1235,67
IMU1,8104,82018708,-1519,-1559,-778,-704,-1252,207
IMU1,8105,82029234,-1271,-1386,-512,-474,-1212,247
IMU1,8106,82039746,-1129,-1165,-298,-189,-1117,259
IMU1,8107,82050262,-926,-955,-88,93,-1017,254
IMU1,8108,82059875,-761,-858,-32,358,-933,219
IMU1,8109,82069500,-579,-843,-34,564,-854,155
IMU1,8110,82079122,-483,-853,-49,702,-727,61
IMU1,8111,82088544,-485,-740,-83,786,-625,-68
IMU1,8112,82098056,-773,-758,-360,823,-657,-198
IMU1,8113,82107970,-1014,-916,-761,771,-772,-276
IMU1,8114,82118106,-1267,-1140,-1012,603,-856,-308
IMU1,8115,82128634,-1108,-1161,-967,367,-848,-276
IMU1,8116,82138945,-1105,-1176,-1023,125,-646,-237
IMU1,8117,82149458,-1258,-1235,-1177,-110,-281,-198
IMU1,8118,82160075,-1243,-1275,-1152,-333,83,-152
IMU1,8119,82170394,-999,-1299,-871,-503,367,-145
IMU1,8120,82181555,-1020,-1290,-750,-589,784,-346
IMU1,8121,82191872,-1013,-1196,-785,-515,813,-454
IMU1,8122,82202201,-1070,-1337,-859,-397,674,-536
IMU1,8123,82212521,-1008,-1422,-881,-275,547,-594
IMU1,8124,82222838,-980,-1488,-947,-146,511,-630
IMU1,8125,82232971,-1049,-1546,-1022,-21,521,-649
IMU1,8126,82243280,-1062,-1568,-1031,91,519,-640
IMU1,8127,82253493,-1063,-1562,-1022,192,443,-627
IMU1,8128,82263906,-1040,-1587,-990,285,298,-605
IMU1,8129,82274136,-1012,-1585,-945,369,165,-587
IMU1,8130,82284361,-984,-1507,-857,445,71,-569
IMU1,8131,82294188,-937,-1495,-803,520,10,-560
IMU1,8132,82304013,-909,-1511,-782,589,-22,-554
IMU1,8133,82313933,-870,-1530,-764,643,-49,-554
IMU1,8134,82323863,-825,-1544,-754,688,-76,-558
IMU1,8135,82333795,-792,-1570,-815,717,-86,-564
IMU1,8136,82344763,-766,-1659,-876,700,34,-561
IMU1,8137,82354592,-829,-1642,-934,647,161,-537
IMU1,8138,82364612,-843,-1667,-1007,574,273,-503
IMU1,8139,82374840,-728,-1819,-1007,481,341,-485
IMU1,8140,82385055,-639,-1820,-955,400,383,-508
IMU1,8141,82395092,-668,-1817,-905,342,375,-547
IMU1,8142,82407687,-731,-1741,-926,310,335,-582
IMU1,8143,82417717,-728,-1646,-907,298,309,-587
IMU1,8144,82427744,-803,-1556,-895,311,307,-572
IMU1,8145,82437785,-773,-1581,-886,348,304,-540
IMU1,8146,82447811,-779,-1603,-892,404,275,-500
IMU1,8147,82457831,-823,-1578,-881,472,195,-456
IMU1,8148,82467851,-879,-1514,-865,550,52,-399
IMU1,8149,82477684,-924,-1467,-885,618,-129,-310
IMU1,8150,82487810,-939,-1483,-838,682,-298,-197
IMU1,8151,82498979,-963,-1485,-810,802,-646,80
IMU1,8152,82508789,-942,-1466,-731,859,-860,235
IMU1,8153,82518838,-512,-1606,-586,932,-1052,376
IMU1,8154,82529075,-191,-1720,-101,1037,-1133,446
IMU1,8155,82539506,-379,-1734,-344,1200,-1058,433
IMU1,8156,82549943,-815,-1761,-640,1284,-991,451
IMU1,8157,82560163,-904,-1704,-672,1260,-1028,536
IMU1,8158,82570578,-1124,-1681,-630,1196,-1106,633
IMU1,8159,82581217,-792,-1668,-750,1114,-1171,750
IMU1,8160,82591654,-816,-1733,-492,1017,-1172,836
IMU1,8161,82602077,-891,-1728,-621,963,-1068,872
IMU1,8162,82612297,-974,-1774,-686,884,-884,932
IMU1,8163,82622315,-954,-1826,-807,783,-648,1014
IMU1,8164,82633587,-1733,-1069,-835,560,-268,1131
IMU1,8165,82644020,-1646,-1345,-646,422,-386,1226
IMU1,8166,82654424,-1065,-1732,-637,303,-666,1358
IMU1,8167,82664854,-969,-1909,-802,199,-870,1298
IMU1,8168,82675069,-1083,-2032,-825,84,-994,1200
IMU1,8169,82685299,-1150,-2093,-641,-13,-1088,1091
IMU1,8170,82695819,-1306,-2116,-724,-71,-1154,975
IMU1,8171,82706146,-1556,-2160,-1392,-145,-1171,904
IMU1,8172,82716878,-1410,-1641,-1668,-352,-1096,853
IMU1,8173,82727597,-1179,-1529,-1523,-638,-957,871
IMU1,8174,82738146,-1521,-1328,-846,-890,-753,880
IMU1,8175,82748997,-1270,-1323,-522,-1194,-440,962
IMU1,8176,82759517,-1034,-1330,-552,-1245,-379,1008
IMU1,8177,82770247,-214,-1494,-513,-1287,-330,975
IMU1,8178,82780553,716,-1803,-577,-1334,-284,784
IMU1,8179,82790785,-327,-1897,-640,-1388,-264,470
IMU1,8180,82801096,-690,-2121,-228,-1451,-277,362
IMU1,8181,82811410,-15,-1999,69,-1430,-261,343
IMU1,8182,82821239,-935,-2672,756,-1337,-311,330
IMU1,8183,82831467,-1290,-2569,-21,-1183,-874,370
IMU1,8184,82841781,-1687,-2024,97,-1095,-1120,368
IMU1,8185,82852186,-1752,-1441,-341,-986,-1183,343
IMU1,8186,82862702,-1883,-1442,-484,-951,-1284,377
IMU1,8187,82873742,-1616,-1352,-762,-989,-1749,260
IMU1,8188,82884264,-1463,-1053,-417,-993,-2038,208
IMU1,8189,82894776,-2020,-1076,-400,-906,-2294,229
IMU1,8190,82905298,-1110,-1207,-368,-785,-2536,345
IMU1,8191,82915832,-1148,-1620,118,-563,-2308,364
IMU1,8192,82926268,-1445,-1459,-278,-267,-1465,388
IMU1,8193,82936786,-1483,-1551,-272,-75,-581,415
IMU1,8194,82946926,-1536,-1582,-473,93,-70,388
IMU1,8195,82956754,-1582,-1551,-511,223,84,340
IMU1,8196,82966700,-1695,-1665,-479,339,22,289
IMU1,8197,82976623,-1654,-1733,-468,468,-151,238
IMU1,8198,82986847,-1588,-1751,-394,595,-354,143
IMU1,8199,82997085,-1573,-1773,-464,725,-494,-20
IMU1,8200,83007207,-1651,-1955,-600,834,-535,-201
IMU1,8201,83018051,-1715,-2038,-642,981,-448,-520
IMU1,8202,83028376,-1649,-2136,-673,1036,-190,-711
IMU1,8203,83038906,-1568,-2131,-625,1094,232,-965
IMU1,8204,83049352,-1491,-2030,-563,1152,707,-1263
IMU1,8205,83059991,-1410,-2001,-494,1237,1115,-1583
IMU1,8206,83070836,-1474,-1945,-528,1330,1362,-1880
IMU1,8207,83081668,-1454,-1762,-517,1407,1388,-2108
IMU1,8208,83092490,-1469,-1632,-290,1465,1204,-2279
IMU1,8209,83103312,-1076,-1517,148,1539,905,-2397
IMU1,8210,83114398,-1003,-1438,79,1749,465,-2526
IMU1,8211,83124753,-895,-1344,-36,1814,351,-2519
IMU1,8212,83135000,-665,-793,-176,1832,309,-2487
IMU1,8213,83145255,-310,-538,-271,1810,343,-2461
IMU1,8214,83155511,-21,-501,-355,1757,405,-2465
IMU1,8215,83165550,151,-468,-232,1691,523,-2504
IMU1,8216,83175699,95,-324,-87,1649,561,-2550
IMU1,8217,83185436,2,-372,-132,1628,502,-2568
IMU1,8218,83195178,-156,-1262,-486,1595,419,-2548
IMU1,8219,83205640,-161,-3331,-685,1491,208,-2418
IMU1,8220,83216049,-3676,-3993,1138,1391,78,-2052
IMU1,8221,83226585,-3412,-2652,-166,1499,613,-1057
IMU1,8222,83237207,-1462,-1653,118,1421,1346,-111
IMU1,8223,83247720,-869,-1727,266,1376,1682,432
IMU1,8224,83258467,-953,-2097,301,1401,806,1067
IMU1,8225,83268698,-1358,-2386,553,1398,210,1318
IMU1,8226,83279141,-1389,-2525,440,1408,-125,1522
IMU1,8227,83289673,-991,-2529,829,1412,-195,1683
IMU1,8228,83299995,-613,-2407,982,1472,-70,1722
IMU1,8229,83310136,-524,-2276,998,1563,43,1629
IMU1,8230,83320178,-507,-2045,1056,1658,39,1459
IMU1,8231,83330411,-559,-1628,1040,1764,-69,1238
IMU1,8232,83340739,-920,-1357,1220,1868,-232,1060
IMU1,8233,83351289,-1049,-1786,1468,2000,-179,1025
IMU1,8234,83362018,-894,-2107,1255,2163,94,1067
IMU1,8235,83372252,-568,-2050,501,2267,208,1083
IMU1,8236,83383531,-749,-1165,483,2233,-701,911
IMU1,8237,83393686,-720,-1124,725,2183,-1099,823
IMU1,8238,83404021,-787,-1191,969,2178,-1293,747
IMU1,8239,83416918,-865,-1280,1084,2202,-1274,698
IMU1,8240,83427459,-1033,-1284,1050,2228,-1158,686
IMU1,8241,83438193,-1085,-1231,818,2201,-1092,717
IMU1,8242,83448739,-1059,-1496,1052,2104,-1134,756
IMU1,8243,83459482,-789,-1301,991,1983,-1235,790
IMU1,8244,83470341,-765,-1292,1248,1721,-1309,778
IMU1,8245,83480878,-754,-1213,1207,1633,-1229,734
IMU1,8246,83491416,-810,-1185,1293,1567,-1123,673
IMU1,8247,83501950,-815,-1165,1321,1517,-996,612
IMU1,8248,83512303,-849,-1152,1304,1484,-865,539
IMU1,8249,83522650,-865,-1111,1333,1447,-769,455
IMU1,8250,83532980,-840,-1044,1387,1422,-718,360
IMU1,8251,83543308,-860,-1020,1499,1413,-700,266
IMU1,8252,83553651,-900,-1024,1620,1431,-688,186
IMU1,8253,83563985,-901,-1053,1711,1483,-655,133
IMU1,8254,83574313,-886,-1048,1869,1555,-618,113
IMU1,8255,83585695,-824,-1033,1923,1731,-562,128
IMU1,8256,83596011,-828,-1003,1922,1807,-564,158
IMU1,8257,83606337,-886,-969,1907,1856,-564,188
IMU1,8258,83616472,-945,-936,1907,1870,-553,239
IMU1,8259,83626620,-924,-828,1891,1842,-568,304
IMU1,8260,83636757,-836,-710,1771,1777,-627,344
IMU1,8261,83646902,-745,-597,1668,1658,-746,348
IMU1,8262,83657039,-718,-523,1689,1521,-908,329
IMU1,8263,83667176,-786,-512,1759,1394,-1011,315
IMU1,8264,83677533,-801,-515,1640,1280,-982,332
IMU1,8265,83687660,-750,-510,1571,1148,-907,362
IMU1,8266,83697809,-647,-441,1506,993,-844,385
IMU1,8267,83707746,-619,-371,1467,822,-779,389
IMU1,8268,83717697,-651,-385,1522,642,-685,375
IMU1,8269,83727630,-671,-405,1566,458,-579,356
IMU1,8270,83737568,-764,-458,1672,282,-495,311
IMU1,8271,83749083,-742,-615,1831,-28,-539,243
IMU1,8272,83758927,-614,-649,1967,-152,-606,165
IMU1,8273,83768966,-464,-705,2067,-241,-617,26
IMU1,8274,83778793,-393,-814,2151,-305,-557,-154
IMU1,8275,83788936,-494,-981,2178,-347,-446,-342
IMU1,8276,83799056,-672,-1134,2156,-384,-321,-511
IMU1,8277,83809395,-762,-1244,2079,-440,-241,-663
IMU1,8278,83819724,-679,-1228,1942,-544,-212,-831
IMU1,8279,83830059,-532,-1105,1828,-711,-191,-1049
IMU1,8280,83840604,-503,-1044,1747,-932,-145,-1299
IMU1,8281,83851120,-584,-1038,1694,-1175,-77,-1520
IMU1,8282,83861658,-751,-1082,1635,-1415,15,-1643
IMU1,8283,83872090,-818,-1110,1599,-1639,121,-1658
IMU1,8284,83882716,-883,-1135,1706,-1839,355,-1532
IMU1,8285,83893362,-874,-1142,1737,-2092,449,-1451
IMU1,8286,83903980,-862,-1135,1758,-2139,513,-1401
IMU1,8287,83914627,-792,-1103,1745,-2159,561,-1381
IMU1,8288,83925266,-818,-1058,1691,-2157,584,-1379
IMU1,8289,83935889,-865,-1001,1635,-2147,544,-1355
IMU1,8290,83946522,-841,-954,1565,-2133,445,-1287
IMU1,8291,83956953,-832,-920,1535,-2104,349,-1173
IMU1,8292,83967395,-826,-915,1542,-2045,326,-1019
IMU1,8293,83977838,-767,-928,1584,-1953,371,-837
IMU1,8294,83988066,-662,-899,1668,-1826,413,-664
IMU1,8295,83998797,-673,-880,1671,-1450,316,-375
IMU1,8296,84009019,-652,-820,1672,-1238,217,-241
IMU1,8297,84019216,-629,-744,1624,-1027,140,-112
IMU1,8298,84029414,-652,-708,1580,-821,79,14
IMU1,8299,84038947,-681,-684,1549,-635,25,165
IMU1,8300,84048669,-706,-644,1533,-456,-38,351
IMU1,8301,84058485,-731,-637,1494,-290,-106,559
IMU1,8302,84068508,-724,-629,1461,-144,-158,777
IMU1,8303,84078534,-689,-631,1449,-9,-181,965
IMU1,8304,84088153,-628,-632,1435,116,-222,1115
IMU1,8305,84098296,-628,-660,1398,241,-276,1215
IMU1,8306,84108417,-638,-665,1342,367,-342,1287
IMU1,8307,84118541,-627,-676,1275,477,-416,1355
IMU1,8308,84128683,-681,-733,1187,565,-469,1422
IMU1,8309,84138811,-598,-755,1222,623,-476,1494
IMU1,8310,84148957,-431,-993,1563,704,-399,1519
IMU1,8311,84159106,-571,-1802,2103,870,-210,1465
IMU1,8312,84169453,-680,-2298,2527,1136,-119,1365
IMU1,8313,84179990,-821,-2528,2707,1444,-265,1218
IMU1,8314,84191044,-750,-2269,2266,1917,-1095,828
IMU1,8315,84201590,-626,-1936,1753,1926,-1522,604
IMU1,8316,84212136,-475,-1624,1406,1733,-1654,403
IMU1,8317,84222664,-259,-1280,1157,1396,-1463,257
IMU1,8318,84233194,-212,-1090,1089,1001,-1137,142
IMU1,8319,84243723,-275,-1010,1200,612,-805,79
IMU1,8320,84253652,-355,-994,1390,277,-489,62
IMU1,8321,84263374,-408,-988,1704,23,-270,67
IMU1,8322,84272888,-446,-965,2005,-112,-196,59
IMU1,8323,84282694,-491,-921,2195,-135,-245,47
IMU1,8324,84292511,-512,-836,2193,-81,-376,45
IMU1,8325,84302134,-541,-709,2085,0,-543,62
IMU1,8326,84311361,-544,-613,1843,63,-704,107
IMU1,8327,84321091,-539,-578,1601,81,-810,179
IMU1,8328,84330808,-534,-586,1416,32,-816,279
IMU1,8329,84340538,-533,-630,1324,-65,-710,389
IMU1,8330,84350367,-547,-683,1323,-188,-548,496
IMU1,8331,84360398,-608,-765,1410,-312,-398,592
IMU1,8332,84370437,-652,-849,1524,-409,-294,674
IMU1,8333,84380461,-674,-934,1615,-471,-263,727
IMU1,8334,84390477,-691,-1024,1664,-503,-294,760
IMU1,8335,84400690,-728,-1104,1672,-516,-339,772
IMU1,8336,84410908,-738,-1156,1575,-521,-373,777
IMU1,8337,84423698,-681,-1178,1552,-521,-370,743
IMU1,8338,84433922,-658,-1168,1543,-507,-322,710
IMU1,8339,84444141,-655,-1175,1537,-479,-256,664
IMU1,8340,84454373,-679,-1202,1568,-428,-188,616
IMU1,8341,84464615,-702,-1220,1625,-353,-109,572
IMU1,8342,84474841,-682,-1209,1704,-252,-35,524
IMU1,8343,84484871,-647,-1189,1756,-131,8,463
IMU1,8344,84494583,-683,-1183,1802,-1,-15,388
IMU1,8345,84504194,-697,-1193,1830,144,-90,310
IMU1,8346,84514125,-663,-1167,1843,294,-176,238
IMU1,8347,84524240,-643,-1120,1846,444,-234,167
IMU1,8348,84534348,-649,-1079,1846,585,-249,112
IMU1,8349,84544472,-674,-1056,1832,717,-227,81
IMU1,8350,84554385,-651,-1003,1810,834,-188,79
IMU1,8351,84564304,-610,-938,1806,925,-130,92
IMU1,8352,84574034,-608,-901,1835,1003,-66,114
IMU1,8353,84583967,-624,-881,1860,1058,-25,136
IMU1,8354,84594926,-634,-906,1850,1122,-173,160
IMU1,8355,84605051,-627,-913,1838,1119,-332,168
IMU1,8356,84615186,-580,-830,1833,1103,-441,176
IMU1,8357,84625318,-521,-786,1788,1063,-433,180
IMU1,8358,84635439,-546,-738,1732,1000,-344,176
IMU1,8359,84645564,-532,-663,1697,914,-247,182
IMU1,8360,84655483,-501,-634,1699,811,-165,193
IMU1,8361,84665404,-495,-591,1727,710,-96,203
IMU1,8362,84675132,-507,-541,1786,615,-44,218
IMU1,8363,84684864,-498,-539,1813,532,-30,239
IMU1,8364,84694579,-483,-551,1827,460,-69,251
IMU1,8365,84704307,-524,-542,1849,397,-133,260
IMU1,8366,84714240,-529,-527,1853,348,-168,279
IMU1,8367,84724159,-546,-547,1851,311,-159,301
IMU1,8368,84734103,-576,-544,1866,277,-116,330
IMU1,8369,84744041,-622,-558,1916,253,-52,369
IMU1,8370,84753773,-653,-591,1988,245,1,408
IMU1,8371,84763208,-667,-638,2029,253,11,444
IMU1,8372,84772837,-702,-694,2050,266,-20,470
IMU1,8373,84782571,-706,-745,2022,277,-67,484
IMU1,8374,84792309,-713,-784,1964,271,-126,490
IMU1,8375,84802247,-671,-788,1903,244,-210,480
IMU1,8376,84812162,-652,-799,1862,210,-305,452
IMU1,8377,84822089,-676,-802,1805,172,-350,424
IMU1,8378,84832002,-672,-793,1749,127,-313,400
IMU1,8379,84841919,-627,-759,1720,71,-223,374
IMU1,8380,84851655,-587,-726,1727,17,-113,330
IMU1,8381,84861377,-560,-695,1761,-29,-14,271
IMU1,8382,84871004,-516,-673,1803,-59,50,197
IMU1,8383,84880528,-529,-687,1838,-73,79,123
IMU1,8384,84890047,-557,-695,1834,-77,92,63
IMU1,8385,84899370,-518,-677,1827,-82,94,26
IMU1,8386,84908694,-515,-671,1827,-86,118,-2
IMU1,8387,84918125,-571,-693,1826,-84,162,-12
IMU1,8388,84927744,-535,-664,1820,-89,205,-2
IMU1,8389,84937178,-542,-679,1858,-94,232,9
IMU1,8390,84946518,-649,-711,1883,-88,268,32
IMU1,8391,84956054,-703,-697,1867,-80,303,79
IMU1,8392,84965597,-681,-668,1845,-73,315,123
IMU1,8393,84975336,-633,-667,1808,-78,306,148
IMU1,8394,84985086,-611,-692,1803,-90,309,145
IMU1,8395,84994830,-630,-727,1821,-108,338,128
IMU1,8396,85004750,-665,-749,1826,-121,374,108
IMU1,8397,85014683,-665,-757,1834,-136,398,89
IMU1,8398,85024419,-681,-771,1864,-160,417,60
IMU1,8399,85034141,-714,-800,1907,-184,436,28
IMU1,8400,85043873,-714,-826,1963,-207,454,-8
IMU1,8401,85053486,-682,-846,2016,-229,450,-54
IMU1,8402,85063298,-658,-829,2031,-254,421,-116
IMU1,8403,85073316,-645,-777,2008,-293,380,-184
IMU1,8404,85083339,-614,-706,1958,-346,335,-249
IMU1,8405,85093369,-610,-679,1879,-406,288,-295
IMU1,8406,85103404,-608,-635,1726,-473,278,-316
IMU1,8407,85114490,-556,-598,1606,-630,383,-267
IMU1,8408,85124533,-462,-606,1559,-721,435,-235
IMU1,8409,85134560,-490,-614,1602,-806,496,-213
IMU1,8410,85144573,-566,-614,1639,-865,579,-191
IMU1,8411,85154606,-570,-612,1660,-907,655,-160
IMU1,8412,85164632,-604,-620,1658,-920,704,-138
IMU1,8413,85174675,-632,-631,1634,-921,731,-121
IMU1,8414,85184720,-673,-651,1638,-913,751,-100
IMU1,8415,85194747,-719,-667,1655,-891,767,-72
IMU1,8416,85204592,-785,-680,1682,-849,770,-34
IMU1,8417,85214398,-880,-712,1707,-781,758,17
IMU1,8418,85224134,-921,-729,1707,-695,729,86
IMU1,8419,85233848,-937,-741,1702,-595,685,149
IMU1,8420,85243777,-976,-768,1694,-485,628,200
IMU1,8421,85253698,-975,-774,1681,-371,576,232
IMU1,8422,85263617,-974,-764,1668,-252,536,235
IMU1,8423,85273538,-1000,-761,1664,-133,515,221
IMU1,8424,85283669,-1055,-772,1668,-13,514,200
IMU1,8425,85293584,-1105,-782,1683,107,526,182
IMU1,8426,85303610,-1130,-778,1668,223,546,163
IMU1,8427,85313637,-1095,-774,1654,325,556,133
IMU1,8428,85323661,-1035,-748,1670,414,566,80
IMU1,8429,85333489,-1037,-736,1681,498,579,12
IMU1,8430,85343317,-1101,-754,1667,572,589,-49
IMU1,8431,85353261,-1203,-787,1676,638,570,-85
IMU1,8432,85364242,-1351,-840,1693,742,408,-73
IMU1,8433,85374159,-1403,-869,1721,785,301,-46
IMU1,8434,85384097,-1476,-895,1758,821,197,-18
IMU1,8435,85394016,-1438,-923,1803,850,119,0
IMU1,8436,85403554,-1295,-898,1855,872,56,-15
IMU1,8437,85413274,-1119,-853,1925,891,-6,-81
IMU1,8438,85425653,-1017,-816,1989,921,-59,-196
IMU1,8439,85435677,-975,-775,1990,952,-105,-319
IMU1,8440,85445726,-950,-731,1884,977,-151,-433
IMU1,8441,85455755,-966,-717,1788,975,-203,-525
IMU1,8442,85465779,-1043,-647,1578,940,-255,-584
IMU1,8443,85475997,-1056,-628,1449,855,-283,-602
IMU1,8444,85486229,-1061,-624,1388,740,-277,-593
IMU1,8445,85496463,-1070,-608,1367,616,-246,-563
IMU1,8446,85506692,-1019,-591,1376,490,-182,-522
IMU1,8447,85516906,-955,-576,1506,368,-105,-485
IMU1,8448,85527968,-950,-592,1568,180,-20,-426
IMU1,8449,85537799,-982,-618,1619,115,17,-402
IMU1,8450,85547516,-1015,-647,1653,65,58,-381
IMU1,8451,85557248,-1015,-660,1656,18,67,-365
IMU1,8452,85566968,-1015,-662,1671,-29,35,-359
IMU1,8453,85576789,-1036,-701,1682,-72,6,-362
IMU1,8454,85586420,-1053,-737,1661,-111,-15,-364
IMU1,8455,85596533,-1094,-702,1649,-151,-22,-364
IMU1,8456,85606657,-1135,-726,1617,-193,-23,-350
IMU1,8457,85616753,-1134,-739,1600,-237,-27,-320
IMU1,8458,85626856,-1085,-718,1604,-287,-24,-283
IMU1,8459,85636973,-1037,-705,1636,-328,-5,-250
IMU1,8460,85646887,-1017,-797,1680,-360,19,-223
IMU1,8461,85656905,-996,-726,1729,-373,31,-210
IMU1,8462,85666736,-941,-695,1800,-363,9,-216
IMU1,8463,85676365,-910,-689,1803,-326,-46,-237
IMU1,8464,85686289,-918,-716,1824,-264,-100,-264
IMU1,8465,85696417,-956,-737,1765,-191,-102,-277
IMU1,8466,85706530,-975,-757,1676,-128,-35,-277
IMU1,8467,85716458,-968,-777,1612,-85,87,-267
IMU1,8468,85726083,-968,-791,1560,-66,235,-256
IMU1,8469,85735918,-984,-799,1513,-54,375,-245
IMU1,8470,85745762,-1008,-798,1508,-56,459,-237
IMU1,8471,85755803,-996,-804,1543,-57,465,-237
IMU1,8472,85765650,-959,-780,1559,-54,396,-256
IMU1,8473,85775488,-936,-772,1612,-44,287,-302
IMU1,8474,85785314,-949,-795,1666,-19,157,-361
IMU1,8475,85795152,-942,-796,1698,18,9,-423
IMU1,8476,85804501,-933,-802,1751,59,-114,-483
IMU1,8477,85814332,-909,-801,1744,109,-183,-536
IMU1,8478,85824357,-935,-798,1631,147,-198,-572
IMU1,8479,85835425,-928,-773,1600,164,-133,-576
IMU1,8480,85845457,-911,-764,1568,158,-83,-550
IMU1,8481,85855293,-904,-743,1569,140,-55,-514
IMU1,8482,85865124,-906,-748,1586,120,-44,-469
IMU1,8483,85874944,-918,-768,1609,104,-47,-425
IMU1,8484,85884763,-919,-766,1623,96,-65,-382
IMU1,8485,85894395,-909,-763,1634,90,-87,-346
IMU1,8486,85904024,-884,-765,1649,83,-87,-325
IMU1,8487,85913627,-852,-769,1647,74,-53,-323
IMU1,8488,85923236,-838,-780,1643,58,9,-332
IMU1,8489,85932561,-859,-796,1621,36,86,-349
IMU1,8490,85942094,-887,-797,1611,9,140,-362
IMU1,8491,85951622,-911,-800,1605,-22,169,-365
IMU1,8492,85961447,-943,-807,1607,-47,190,-356
IMU1,8493,85971268,-964,-813,1616,-70,217,-332
IMU1,8494,85981086,-956,-825,1634,-85,249,-296
IMU1,8495,85990915,-971,-853,1645,-91,276,-265
IMU1,8496,86000744,-977,-856,1645,-92,289,-238
IMU1,8497,86010567,-966,-850,1623,-92,286,-215
IMU1,8498,86020394,-945,-821,1580,-92,281,-212
IMU1,8499,86030211,-950,-821,1563,-97,278,-219
IMU1,8500,86040035,-973,-853,1543,-100,284,-227
IMU1,8501,86050047,-996,-887,1559,-103,296,-230
IMU1,8502,86060067,-1013,-909,1567,-98,321,-223
IMU1,8503,86070086,-1014,-918,1579,-84,347,-210
IMU1,8504,86080108,-1011,-886,1558,-66,363,-198
IMU1,8505,86090113,-999,-860,1570,-47,364,-190
IMU1,8506,86099940,-1019,-900,1581,-24,356,-183
IMU1,8507,86109960,-1065,-950,1592,5,347,-170
IMU1,8508,86119699,-1100,-966,1578,35,349,-147
IMU1,8509,86129624,-1074,-910,1550,57,347,-122
IMU1,8510,86139553,-1028,-865,1551,74,333,-113
IMU1,8511,86149489,-1042,-881,1542,91,305,-120
IMU1,8512,86159414,-1072,-897,1528,106,279,-131
IMU1,8513,86169545,-1076,-888,1538,121,269,-137
IMU1,8514,86179688,-1089,-899,1547,131,282,-138
IMU1,8515,86189823,-1091,-907,1566,138,297,-130
IMU1,8516,86201002,-1114,-904,1585,169,309,-112
IMU1,8517,86211139,-1106,-904,1598,186,313,-103
IMU1,8518,86221288,-1104,-908,1611,205,309,-96
IMU1,8519,86231209,-1121,-906,1607,221,302,-95
IMU1,8520,86241134,-1130,-891,1585,235,282,-99
IMU1,8521,86251072,-1125,-849,1558,242,245,-106
IMU1,8522,86261203,-1102,-825,1533,246,207,-120
IMU1,8523,86271332,-1088,-815,1509,245,186,-133
IMU1,8524,86281473,-1077,-806,1495,239,195,-141
IMU1,8525,86291605,-1082,-791,1478,234,225,-139
IMU1,8526,86301740,-1095,-795,1475,230,270,-125
IMU1,8527,86311888,-1104,-814,1502,225,319,-97
IMU1,8528,86321836,-1117,-849,1557,232,358,-60
IMU1,8529,86331790,-1083,-844,1637,250,390,-27
IMU1,8530,86341729,-1074,-829,1705,287,394,-5
IMU1,8531,86351474,-1117,-866,1738,337,360,4
IMU1,8532,86361125,-1146,-851,1702,388,291,12
IMU1,8533,86370972,-1134,-756,1658,433,194,10
IMU1,8534,86380821,-1130,-720,1575,471,73,-2
IMU1,8535,86390368,-1154,-757,1539,492,-51,-11
IMU1,8536,86400220,-1188,-812,1531,508,-120,-3
IMU1,8537,86410036,-1162,-819,1488,522,-114,17
IMU1,8538,86419964,-1108,-749,1434,526,-71,40
IMU1,8539,86432466,-1126,-663,1374,500,-1,64
IMU1,8540,86441986,-1187,-696,1408,468,28,84
IMU1,8541,86451617,-1201,-729,1479,457,84,93
IMU1,8542,86461246,-1208,-746,1558,458,145,103
IMU1,8543,86471290,-1216,-746,1618,478,193,105
IMU1,8544,86481326,-1204,-725,1640,511,207,89
IMU1,8545,86491152,-1145,-635,1641,551,179,48
IMU1,8546,86500999,-1074,-542,1675,587,119,-23
IMU1,8547,86510942,-1089,-550,1676,625,35,-108
IMU1,8548,86520876,-1195,-590,1656,659,-59,-173
IMU1,8549,86530904,-1231,-621,1647,681,-125,-190
IMU1,8550,86541112,-1207,-610,1595,692,-147,-172
IMU1,8551,86551343,-1203,-572,1533,681,-158,-136
IMU1,8552,86561573,-1228,-544,1496,654,-172,-90
IMU1,8553,86571595,-1249,-556,1483,611,-173,-29
IMU1,8554,86581624,-1244,-571,1532,560,-150,44
IMU1,8555,86591559,-1212,-574,1630,523,-100,108
IMU1,8556,86601692,-1174,-568,1747,513,-64,151
IMU1,8557,86611624,-1137,-567,1846,535,-73,173
IMU1,8558,86621555,-1091,-526,1919,583,-132,160
IMU1,8559,86631698,-1057,-483,1978,644,-230,118
IMU1,8560,86641815,-1042,-446,1891,714,-346,64
IMU1,8561,86652784,-979,-332,1779,798,-551,-31
IMU1,8562,86662627,-963,-294,1671,802,-602,-79
IMU1,8563,86672446,-966,-288,1595,755,-604,-97
IMU1,8564,86682273,-960,-290,1542,688,-554,-95
IMU1,8565,86692094,-971,-295,1505,596,-474,-73
IMU1,8566,86701925,-992,-322,1498,487,-381,-30
IMU1,8567,86711756,-1013,-360,1508,375,-276,12
IMU1,8568,86721702,-1030,-401,1565,259,-173,59
IMU1,8569,86731625,-1074,-426,1639,146,-75,85
IMU1,8570,86741357,-1089,-430,1704,49,-1,91
IMU1,8571,86750694,-1105,-443,1750,-32,61,63
IMU1,8572,86760245,-1134,-444,1786,-109,123,7
IMU1,8573,86769967,-1129,-421,1784,-171,173,-73
IMU1,8574,86779989,-1113,-428,1775,-231,188,-162
IMU1,8575,86790227,-1138,-459,1752,-292,174,-252
IMU1,8576,86800465,-1173,-493,1713,-356,160,-328
IMU1,8577,86810683,-1157,-506,1649,-438,155,-387
IMU1,8578,86820913,-1160,-512,1567,-540,151,-435
IMU1,8579,86831157,-1208,-528,1511,-653,158,-469
IMU1,8580,86841408,-1236,-534,1475,-774,186,-492
IMU1,8581,86851637,-1215,-539,1459,-891,230,-510
IMU1,8582,86861865,-1238,-585,1496,-1001,275,-538
IMU1,8583,86872294,-1301,-625,1565,-1082,311,-570
IMU1,8584,86882736,-1300,-736,1708,-1132,339,-648
IMU1,8585,86893153,-1306,-765,1767,-1153,343,-692
IMU1,8586,86903578,-1361,-793,1794,-1150,330,-741
IMU1,8587,86914022,-1446,-787,1783,-1144,296,-797
IMU1,8588,86924457,-1492,-751,1796,-1137,233,-836
IMU1,8589,86934897,-1502,-712,1857,-1125,144,-851
IMU1,8590,86945337,-1474,-691,1938,-1092,39,-860
IMU1,8591,86955568,-1410,-703,2010,-1027,-81,-859
IMU1,8592,86965899,-1399,-748,2039,-939,-215,-852
IMU1,8593,86976233,-1333,-781,2030,-841,-354,-831
IMU1,8594,86986563,-1265,-784,1956,-741,-492,-795
IMU1,8595,86996907,-1201,-763,1882,-664,-628,-747
IMU1,8596,87007248,-1136,-767,1847,-619,-736,-690
IMU1,8597,87018633,-1006,-889,1839,-563,-889,-549
IMU1,8598,87028971,-918,-958,1785,-563,-948,-461
IMU1,8599,87039123,-882,-1037,1744,-577,-978,-382
IMU1,8600,87049479,-876,-1114,1667,-629,-1002,-292
IMU1,8601,87060001,-843,-1185,1588,-705,-1035,-207
IMU1,8602,87070519,-769,-1226,1574,-805,-1079,-118
IMU1,8603,87081049,-727,-1411,1570,-909,-1102,-31
IMU1,8604,87091368,-677,-1529,1564,-1010,-1099,62
IMU1,8605,87101785,-605,-1567,1630,-1103,-1088,155
IMU1,8606,87112415,-629,-1568,1669,-1179,-1084,242
IMU1,8607,87123042,-723,-1544,1588,-1242,-1132,334
IMU1,8608,87133677,-676,-1627,1502,-1398,-1447,529
IMU1,8609,87144306,-549,-1676,1329,-1515,-1700,613
IMU1,8610,87154942,-366,-1862,1026,-1664,-2024,683
IMU1,8611,87165575,-664,-1885,811,-1872,-2420,765
IMU1,8612,87176009,-604,-1741,927,-2102,-2541,910
IMU1,8613,87186444,-537,-1641,825,-2298,-2389,1069
IMU1,8614,87197075,-466,-1670,846,-2470,-2131,1209
IMU1,8615,87207714,-368,-1713,988,-2599,-1863,1318
IMU1,8616,87218336,-106,-1716,988,-2648,-1590,1386
IMU1,8617,87228969,-93,-1674,1021,-2633,-1274,1339
IMU1,8618,87239598,-136,-1607,1074,-2482,-531,1276
IMU1,8619,87250241,-162,-1560,1092,-2347,-204,1188
IMU1,8620,87260861,-245,-1562,1038,-2189,42,1089
IMU1,8621,87271187,-315,-1553,1100,-2016,209,1000
IMU1,8622,87281727,-332,-1552,1113,-1815,307,919
IMU1,8623,87292076,-365,-1539,1111,-1601,344,836
IMU1,8624,87302413,-456,-1516,1129,-1377,309,754
IMU1,8625,87312747,-510,-1469,1081,-1152,233,678
IMU1,8626,87323085,-392,-1465,1082,-927,128,588
IMU1,8627,87333224,-416,-1450,1019,-719,-35,479
IMU1,8628,87343255,-354,-1356,950,-533,-175,362
IMU1,8629,87353298,-456,-1378,1013,-378,-250,243
IMU1,8630,87364565,-536,-1355,967,-83,-226,72
IMU1,8631,87374191,-565,-1334,885,39,-199,7
IMU1,8632,87384044,-596,-1345,927,128,-189,-51
IMU1,8633,87393871,-651,-1355,1037,210,-168,-89
IMU1,8634,87403899,-700,-1367,1102,301,-100,-119
IMU1,8635,87414135,-696,-1383,1138,391,-24,-126
IMU1,8636,87424168,-648,-1404,1185,484,32,-125
IMU1,8637,87436639,-664,-1397,1280,566,55,-124
IMU1,8638,87446581,-742,-1369,1389,648,29,-115
IMU1,8639,87456516,-794,-1345,1410,726,-85,-88
IMU1,8640,87466349,-793,-1351,1387,771,-280,-53
IMU1,8641,87476386,-783,-1353,1321,774,-499,-2
IMU1,8642,87486225,-837,-1339,1239,725,-679,66
IMU1,8643,87496171,-945,-1313,1069,628,-820,166
IMU1,8644,87506298,-1065,-1263,1042,485,-920,311
IMU1,8645,87516634,-914,-1316,748,328,-954,504
IMU1,8646,87526586,-822,-1367,577,119,-971,699
IMU1,8647,87537551,-751,-1277,952,-351,-980,1091
IMU1,8648,87547806,-1061,-1196,273,-532,-1154,1288
IMU1,8649,87558449,-1097,-1288,529,-772,-1304,1516
IMU1,8650,87569069,-1135,-1319,544,-986,-1333,1767
IMU1,8651,87579698,-1199,-1390,352,-1185,-1269,2029
IMU1,8652,87590539,-1247,-1461,338,-1402,-1155,2298
IMU1,8653,87601375,-1358,-1562,289,-1609,-1055,2547
IMU1,8654,87612211,-1429,-1685,309,-1809,-973,2778
IMU1,8655,87622848,-1314,-1901,499,-2003,-880,2975
IMU1,8656,87634001,-1167,-1897,683,-2291,-739,3172
IMU1,8657,87644648,-1139,-2053,638,-2333,-630,3150
IMU1,8658,87655314,-970,-2357,904,-2354,-401,3097
IMU1,8659,87665760,-608,-2476,1193,-2292,-83,2972
IMU1,8660,87676203,-454,-2401,1306,-2154,227,2733
IMU1,8661,87686739,-638,-2189,1421,-1988,487,2426
IMU1,8662,87697271,-945,-1881,1471,-1795,637,2123
IMU1,8663,87707819,-1132,-1577,1665,-1590,667,1859
IMU1,8664,87718565,-1305,-1319,1708,-1353,608,1630
IMU1,8665,87729288,-1611,-899,1434,-939,35,1288
IMU1,8666,87739418,-1681,-738,1142,-826,-576,1137
IMU1,8667,87749852,-1539,-694,853,-798,-1311,999
IMU1,8668,87760098,-1428,-824,558,-840,-2105,861
IMU1,8669,87770322,-1407,-958,445,-953,-2907,756
IMU1,8670,87780570,-1463,-987,334,-1083,-3647,716
IMU1,8671,87791010,-1672,-989,397,-1232,-4302,759
IMU1,8672,87801474,-1871,-1052,1467,-1346,-4758,912
IMU1,8673,87812337,-1787,-1043,1764,-1297,-4486,1193
IMU1,8674,87823367,-1645,-771,463,-1251,-3562,1527
IMU1,8675,87833998,-1668,-936,424,-1371,-3167,1826
IMU1,8676,87845159,-1285,-1206,163,-1598,-3291,2381
IMU1,8677,87855989,-1146,-1216,213,-1696,-3419,2590
IMU1,8678,87866837,-1221,-1251,60,-1748,-3472,2759
IMU1,8679,87877483,-1125,-1318,419,-1742,-3345,2920
IMU1,8680,87888317,-1123,-1161,760,-1620,-3030,3048
IMU1,8681,87899159,-1263,-1184,809,-1406,-2680,3142
IMU1,8682,87910012,-1242,-1224,746,-1163,-2354,3198
IMU1,8683,87920880,-1098,-1100,715,-920,-1986,3197
IMU1,8684,87932049,-978,-1062,731,-469,-1165,2994
IMU1,8685,87942495,-1121,-1096,854,-263,-773,2841
IMU1,8686,87952926,-1240,-1139,992,-58,-430,2694
IMU1,8687,87963168,-1399,-1140,1037,148,-172,2565
IMU1,8688,87973704,-1516,-1143,973,341,-22,2456
IMU1,8689,87983858,-1621,-1159,936,505,18,2366
IMU1,8690,87993916,-1715,-1120,997,644,-28,2291
IMU1,8691,88004066,-1952,-803,859,777,-167,2215
IMU1,8692,88014194,-2077,-281,929,689,-975,2091
IMU1,8693,88024329,-1464,-953,1473,522,-1914,1870
IMU1,8694,88034873,-1294,-503,1339,618,-2310,1579
IMU1,8695,88045424,-1446,-767,1531,581,-2372,1318
IMU1,8696,88055976,-1439,-576,1633,570,-2355,1006
IMU1,8697,88066537,-1457,-604,1677,513,-2451,891
IMU1,8698,88076867,-1589,-533,1680,451,-2305,823
IMU1,8699,88087191,-1599,-492,1795,349,-2070,809
IMU1,8700,88097527,-1241,-479,1873,259,-1835,847
IMU1,8701,88107862,-1082,-367,1665,218,-1613,846
IMU1,8702,88118183,-1365,-543,1555,177,-1424,838
IMU1,8703,88128522,-1426,-377,1706,157,-1323,919
IMU1,8704,88138852,-1302,-230,1868,169,-1261,1011
IMU1,8705,88149390,-1231,-98,1350,192,-1266,1039
IMU1,8706,88159733,-1357,-76,916,83,-1452,1027
IMU1,8707,88169683,-1701,-67,917,-142,-1810,1042
IMU1,8708,88179900,-1648,12,1537,-347,-2217,1102
IMU1,8709,88190238,-384,865,3410,-333,-2428,1068
IMU1,8710,88201105,-298,432,2116,351,-1285,532
IMU1,8711,88211149,-467,-46,1234,369,-616,339
IMU1,8712,88220900,-689,-161,1508,163,-215,317
IMU1,8713,88230831,-912,-99,2038,7,86,360
IMU1,8714,88239876,-833,-13,2407,-18,232,374
IMU1,8715,88249423,-518,-27,2522,48,162,308
IMU1,8716,88258873,-91,-83,2592,154,-86,171
IMU1,8717,88268727,264,-101,2651,283,-379,-31
IMU1,8718,88278477,505,-157,2556,438,-601,-264
IMU1,8719,88288431,641,-154,2361,548,-694,-532
IMU1,8720,88298379,439,-99,2209,602,-689,-799
IMU1,8721,88308134,196,-3,2004,610,-619,-1029
IMU1,8722,88317887,-70,8,1758,566,-502,-1213
IMU1,8723,88327444,-340,20,1611,468,-363,-1348
IMU1,8724,88337363,-568,25,1493,344,-210,-1427
IMU1,8725,88347292,-798,-39,1468,212,-40,-1461
IMU1,8726,88357121,-1027,-136,1428,99,123,-1459
IMU1,8727,88367248,-1215,-227,1439,0,192,-1402
IMU1,8728,88377091,-1441,-261,1475,-65,147,-1304
IMU1,8729,88387317,-1627,-262,1467,-103,19,-1163
IMU1,8730,88397537,-1745,-243,1523,-135,-141,-990
IMU1,8731,88407864,-1764,-204,1590,-153,-282,-796
IMU1,8732,88418201,-1663,-222,1631,-162,-361,-601
IMU1,8733,88428521,-1514,-284,1708,-158,-389,-427
IMU1,8734,88441411,-1260,-387,1884,-113,-383,-186
IMU1,8735,88451752,-1154,-403,1926,-92,-369,-102
IMU1,8736,88461882,-1152,-382,1949,-68,-357,-55
IMU1,8737,88471822,-1136,-343,1988,-64,-328,-17
IMU1,8738,88481765,-1083,-276,2118,-74,-278,23
IMU1,8739,88491581,-992,-239,2251,-73,-218,57
IMU1,8740,88501209,-914,-231,2337,-63,-170,68
IMU1,8741,88510838,-862,-231,2360,-41,-121,57
IMU1,8742,88520472,-856,-237,2326,-15,-63,33
IMU1,8743,88529900,-899,-239,2205,19,5,16
IMU1,8744,88538945,-952,-227,2069,47,82,8
IMU1,8745,88547988,-990,-243,1948,70,143,17
IMU1,8746,88557430,-1005,-266,1853,90,168,34
IMU1,8747,88567069,-975,-289,1768,108,160,65
IMU1,8748,88576696,-939,-317,1736,117,131,95
IMU1,8749,88586327,-899,-348,1731,130,75,111
IMU1,8750,88595958,-866,-361,1755,144,-22,129
IMU1,8751,88605698,-838,-363,1783,162,-135,137
IMU1,8752,88615625,-816,-344,1813,178,-248,149
IMU1,8753,88625559,-790,-320,1831,190,-346,164
IMU1,8754,88635507,-752,-301,1851,196,-422,182
IMU1,8755,88645461,-689,-274,1890,188,-476,202
IMU1,8756,88655390,-640,-248,1901,176,-500,212
IMU1,8757,88665321,-606,-235,1899,155,-493,218
IMU1,8758,88675267,-585,-222,1923,120,-447,216
IMU1,8759,88685199,-575,-204,1984,80,-370,214
IMU1,8760,88694933,-575,-199,2014,50,-282,212
IMU1,8761,88704671,-565,-194,2039,29,-211,212
IMU1,8762,88714395,-558,-184,2075,16,-179,209
IMU1,8763,88724135,-552,-182,2114,13,-172,204
IMU1,8764,88733869,-546,-166,2157,21,-170,197
IMU1,8765,88743605,-541,-159,2177,45,-158,191
IMU1,8766,88753348,-528,-159,2134,73,-145,187
IMU1,8767,88763096,-532,-143,2033,96,-146,182
IMU1,8768,88772838,-543,-131,1933,102,-148,172
IMU1,8769,88782772,-566,-117,1867,90,-142,157
IMU1,8770,88792514,-585,-100,1846,73,-133,142
IMU1,8771,88802261,-575,-97,1852,52,-121,134
IMU1,8772,88811791,-572,-79,1896,29,-111,124
IMU1,8773,88821332,-552,-55,1937,20,-103,113
IMU1,8774,88830875,-539,-49,1959,15,-103,97
IMU1,8775,88840223,-531,-29,1987,14,-107,79
IMU1,8776,88849558,-533,-36,1979,11,-104,60
IMU1,8777,88858901,-540,-41,1949,9,-90,43
IMU1,8778,88867838,-540,-59,1911,2,-66,27
IMU1,8779,88876799,-542,-60,1894,-12,-39,13
IMU1,8780,88886055,-538,-79,1880,-27,-10,-1
IMU1,8781,88895183,-526,-113,1873,-38,11,-10
IMU1,8782,88904624,-525,-128,1873,-41,24,-28
IMU1,8783,88914054,-532,-139,1878,-52,25,-48
IMU1,8784,88923490,-542,-152,1896,-62,6,-61
IMU1,8785,88932744,-554,-163,1941,-65,-17,-77
IMU1,8786,88942285,-567,-179,1973,-65,-42,-91
