:020000041000EA
:100000004B2A110200000000A4030000EEC3A6E981
:100010007EEEE78880B500F087F90020002100F02F
:100020000DF8292000F00FF8202000F011F800F062
:1000300033F900F013F800F025F980BD4CF2B93C1B
:10004000C0F2000C604747F67D1CC0F2000C604710
:1000500047F6D12CC0F2000C6047000080B54FF08D
:10006000A040012100F075F900060BD1032000F03B
:1000700075F9000606D1012000F075F9000604BFED
:10008000002080BD00F074F94FF47A7000F075F92B
:10009000012080BD2DE9F04381B019B343F2B83897
:1000A0000F4606464FF0FF344FF00009C2F2000839
:1000B0003D46B7F5807F28BF4FF480754FF0A040D4
:1000C000314642462B46CDF8009000F05BF960B90E
:1000D00040462946224600F05AF904467F1B2E442A
:1000E000E6D103E04FF0FF3400E00124204601B0E8
:1000F000BDE8F08310B582B004464FF0000C4FF01D
:10010000A0404FF4805122462023CDF800C000F0DB
:1001100039F9000622D120461C214FF0FF3200F0B1
:1001200036F9E169814219D1E078112816D1A07819
:10013000022813D1E168B1F5002F0FD8606846F2AC
:100140007872C4F26A72904208D1A068FFF7A2FFE9
:100150002169401A18BF012002B010BD012002B071
:1001600010BD00002DE9F0410C4605460E184FF079
:100170000008B4F5803F07D3A8B228B94FF4803700
:100180000321102021E000BFB4F5004F08D328461A
:100190006FF3DF3020B94FF4004702210F2014E045
:1001A00029466FF31F31200BB1FA81F1B8EB143FF0
:1001B00018BF0120490901404FF008004FF4807733
:1001C00018BF0C2018BF4FF4805725FA00F082B2F8
:1001D0004FF0A04047F2305300F0DEF800060BD19C
:1001E0003D44B542A4EB070424BF0020BDE8F081E4
:1001F000B4F5803FC0D2C7E700F0BAF84FF47A7088
:1002000000F0BBF80120BDE8F08100002DE9F047C7
:1002100082B04FF000098AB343F2B83814460E4654
:100220000746C2F2000840F6B83A00BF2546B4F5CA
:10023000807F28BF4FF480754FF0A040394642467A
:100240002B46CDF8009000F09DF890B94FF0A040FB
:10025000314642462B46CDF80090CDF804A000F080
:10026000A0F848B92F44641B2E44DFD14FF0000999
:1002700004E04FF0010901E04FF00109484602B0E7
:10028000BDE8F08780B542F20400C1F200000068CA
:1002900000F08CF880BD0000B0B588B06846FFF76C
:1002A00029FF08B101243CE0DDE90501FFF75AFF11
:1002B00038B100F05DF84FF47A7000F05EF8012478
:1002C0002FE0DDE902020599FFF7A0FF38B100F049
:1002D0004FF84FF47A7000F050F8012421E00399B0
:1002E0000598FFF7D7FE0499884213D14FF0A0403C
:1002F0000021102247F23053002400F04DF805464B
:1003000000F036F828060CD04FF47A7000F035F87B
:10031000012406E000F02CF84FF47A7000F02DF87C
:100320000124204608B0B0BDEC20C6F205000168EB
:100330007F2221F002010160016821F004010160C7
:100340006FF0030143180431342943F8D82CF9D154
:10035000704748F6F57CC0F2000C604747F2613CFC
:10036000C0F2000C604747F21D3CC0F2000C604731
:1003700047F6717CC0F2000C604744F2717CC0F219
:10038000000C604748F69D2CC0F2000C604744F218
:10039000C17CC0F2000C604748F6A10CC0F2000C12
:1003A000604749F2D90CC0F2000C604744F62D0CAE
:1003B000C0F2000C604700000000000000000000D8
:1003C000000000000000000000000000000000002D
:1003D000000000000000000000000000000000001D
:1003E000000000000000000000000000000000000D
:1003F00000000000000000000000000000000000FD
:1004000000000000000000000000000000000000EC
:1004100000000000000000000000000000000000DC
:1004200000000000000000000000000000000000CC
:1004300000000000000000000000000000000000BC
:1004400000000000000000000000000000000000AC
:10045000000000000000000000000000000000009C
:10046000000000000000000000000000000000008C
:10047000000000000000000000000000000000007C
:10048000000000000000000000000000000000006C
:10049000000000000000000000000000000000005C
:1004A000000000000000000000000000000000004C
:1004B000000000000000000000000000000000003C
:1004C000000000000000000000000000000000002C
:1004D000000000000000000000000000000000001C
:1004E000000000000000000000000000000000000C
:1004F00000000000000000000000000000000000FC
:1005000000000000000000000000000000000000EB
:1005100000000000000000000000000000000000DB
:1005200000000000000000000000000000000000CB
:1005300000000000000000000000000000000000BB
:1005400000000000000000000000000000000000AB
:10055000000000000000000000000000000000009B
:10056000000000000000000000000000000000008B
:10057000000000000000000000000000000000007B
:10058000000000000000000000000000000000006B
:10059000000000000000000000000000000000005B
:1005A000000000000000000000000000000000004B
:1005B000000000000000000000000000000000003B
:1005C000000000000000000000000000000000002B
:1005D000000000000000000000000000000000001B
:1005E000000000000000000000000000000000000B
:1005F00000000000000000000000000000000000FB
:1006000000000000000000000000000000000000EA
:1006100000000000000000000000000000000000DA
:1006200000000000000000000000000000000000CA
:1006300000000000000000000000000000000000BA
:1006400000000000000000000000000000000000AA
:10065000000000000000000000000000000000009A
:10066000000000000000000000000000000000008A
:10067000000000000000000000000000000000007A
:10068000000000000000000000000000000000006A
:10069000000000000000000000000000000000005A
:1006A000000000000000000000000000000000004A
:1006B000000000000000000000000000000000003A
:1006C000000000000000000000000000000000002A
:1006D000000000000000000000000000000000001A
:1006E000000000000000000000000000000000000A
:1006F00000000000000000000000000000000000FA
:1007000000000000000000000000000000000000E9
:1007100000000000000000000000000000000000D9
:1007200000000000000000000000000000000000C9
:1007300000000000000000000000000000000000B9
:1007400000000000000000000000000000000000A9
:100750000000000000000000000000000000000099
:100760000000000000000000000000000000000089
:100770000000000000000000000000000000000079
:100780000000000000000000000000000000000069
:100790000000000000000000000000000000000059
:1007A0000000000000000000000000000000000049
:1007B0000000000000000000000000000000000039
:1007C0000000000000000000000000000000000029
:1007D0000000000000000000000000000000000019
:1007E0000000000000000000000000000000000009
:1007F00000000000000000000000000000000000F9
:1008000000000000000000000000000000000000E8
:1008100000000000000000000000000000000000D8
:1008200000000000000000000000000000000000C8
:1008300000000000000000000000000000000000B8
:1008400000000000000000000000000000000000A8
:100850000000000000000000000000000000000098
:100860000000000000000000000000000000000088
:100870000000000000000000000000000000000078
:100880000000000000000000000000000000000068
:100890000000000000000000000000000000000058
:1008A0000000000000000000000000000000000048
:1008B0000000000000000000000000000000000038
:1008C0000000000000000000000000000000000028
:1008D0000000000000000000000000000000000018
:1008E0000000000000000000000000000000000008
:1008F00000000000000000000000000000000000F8
:1009000000000000000000000000000000000000E7
:1009100000000000000000000000000000000000D7
:1009200000000000000000000000000000000000C7
:1009300000000000000000000000000000000000B7
:1009400000000000000000000000000000000000A7
:100950000000000000000000000000000000000097
:100960000000000000000000000000000000000087
:100970000000000000000000000000000000000077
:100980000000000000000000000000000000000067
:100990000000000000000000000000000000000057
:1009A0000000000000000000000000000000000047
:1009B0000000000000000000000000000000000037
:1009C0000000000000000000000000000000000027
:1009D0000000000000000000000000000000000017
:1009E0000000000000000000000000000000000007
:1009F00000000000000000000000000000000000F7
:100A000000000000000000000000000000000000E6
:100A100000000000000000000000000000000000D6
:100A200000000000000000000000000000000000C6
:100A300000000000000000000000000000000000B6
:100A400000000000000000000000000000000000A6
:100A50000000000000000000000000000000000096
:100A60000000000000000000000000000000000086
:100A70000000000000000000000000000000000076
:100A80000000000000000000000000000000000066
:100A90000000000000000000000000000000000056
:100AA0000000000000000000000000000000000046
:100AB0000000000000000000000000000000000036
:100AC0000000000000000000000000000000000026
:100AD0000000000000000000000000000000000016
:100AE0000000000000000000000000000000000006
:100AF00000000000000000000000000000000000F6
:100B000000000000000000000000000000000000E5
:100B100000000000000000000000000000000000D5
:100B200000000000000000000000000000000000C5
:100B300000000000000000000000000000000000B5
:100B400000000000000000000000000000000000A5
:100B50000000000000000000000000000000000095
:100B60000000000000000000000000000000000085
:100B70000000000000000000000000000000000075
:100B80000000000000000000000000000000000065
:100B90000000000000000000000000000000000055
:100BA0000000000000000000000000000000000045
:100BB0000000000000000000000000000000000035
:100BC0000000000000000000000000000000000025
:100BD0000000000000000000000000000000000015
:100BE0000000000000000000000000000000000005
:100BF00000000000000000000000000000000000F5
:100C000000000000000000000000000000000000E4
:100C100000000000000000000000000000000000D4
:100C200000000000000000000000000000000000C4
:100C300000000000000000000000000000000000B4
:100C400000000000000000000000000000000000A4
:100C50000000000000000000000000000000000094
:100C60000000000000000000000000000000000084
:100C70000000000000000000000000000000000074
:100C80000000000000000000000000000000000064
:100C90000000000000000000000000000000000054
:100CA0000000000000000000000000000000000044
:100CB0000000000000000000000000000000000034
:100CC0000000000000000000000000000000000024
:100CD0000000000000000000000000000000000014
:100CE0000000000000000000000000000000000004
:100CF00000000000000000000000000000000000F4
:100D000000000000000000000000000000000000E3
:100D100000000000000000000000000000000000D3
:100D200000000000000000000000000000000000C3
:100D300000000000000000000000000000000000B3
:100D400000000000000000000000000000000000A3
:100D50000000000000000000000000000000000093
:100D60000000000000000000000000000000000083
:100D70000000000000000000000000000000000073
:100D80000000000000000000000000000000000063
:100D90000000000000000000000000000000000053
:100DA0000000000000000000000000000000000043
:100DB0000000000000000000000000000000000033
:100DC0000000000000000000000000000000000023
:100DD0000000000000000000000000000000000013
:100DE0000000000000000000000000000000000003
:100DF00000000000000000000000000000000000F3
:100E000000000000000000000000000000000000E2
:100E100000000000000000000000000000000000D2
:100E200000000000000000000000000000000000C2
:100E300000000000000000000000000000000000B2
:100E400000000000000000000000000000000000A2
:100E50000000000000000000000000000000000092
:100E60000000000000000000000000000000000082
:100E70000000000000000000000000000000000072
:100E80000000000000000000000000000000000062
:100E90000000000000000000000000000000000052
:100EA0000000000000000000000000000000000042
:100EB0000000000000000000000000000000000032
:100EC0000000000000000000000000000000000022
:100ED0000000000000000000000000000000000012
:100EE0000000000000000000000000000000000002
:100EF00000000000000000000000000000000000F2
:100F000000000000000000000000000000000000E1
:100F100000000000000000000000000000000000D1
:100F200000000000000000000000000000000000C1
:100F300000000000000000000000000000000000B1
:100F400000000000000000000000000000000000A1
:100F50000000000000000000000000000000000091
:100F60000000000000000000000000000000000081
:100F70000000000000000000000000000000000071
:100F80000000000000000000000000000000000061
:100F90000000000000000000000000000000000051
:100FA0000000000000000000000000000000000041
:100FB0000000000000000000000000000000000031
:100FC0000000000000000000000000000000000021
:100FD0000000000000000000000000000000000011
:100FE0000000000000000000000000000000000001
:100FF00000000000000000000000000000000000F1
:1020000000700220C13100102D3200103F3200104C
:102010005132001051320010513200100000000007
:10202000000000000000000000000000D1020000DD
:102030005132001000000000750300008103000011
:102040005132001051320010513200105132001044
:102050005132001051320010513200105132001034
:102060005132001051320010513200105132001024
:102070005132001051320010F97A0010FD7A001030
:10208000017B0010513200105132001011730120F9
:1020900051320010513200105132001051320010F4
:1020A00051320010513200105132001051320010E4
:1020B000513200104D730120513200105132001086
:1020C00051320010513200105132001051320010C4
:1020D000057B0010513200105132001051320010B7
:1020E00051320010513200105132001051320010A4
:1020F0005132001051320010513200105132001094
:102100005132001051320010513200105132001083
:102110005132001051320010513200105132001073
:0C212000513200105132001051320010FA
:10212C0010F8012B11F8013B012A28BF9A42F7D075
:10213C00D01A704781F0004102E000BF83F00043E9
:10214C0030B54FEA41044FEA430594EA050F08BF46
:10215C0090EA020F1FBF54EA000C55EA020C7FEA0A
:10216C00645C7FEA655C00F0E2804FEA5454D4EB87
:10217C005555B8BF6D420CDD2C4480EA020281EA51
:10218C00030382EA000083EA010180EA020281EA89
:10219C000303362D88BF30BD11F0004F4FEA0131DB
:1021AC004FF4801C4CEA113102D0404261EB4101EA
:1021BC0013F0004F4FEA03334CEA133302D0524270
:1021CC0063EB430394EA050F00F0A780A4F101042C
:1021DC00D5F1200E0DDB02FA0EFC22FA05F2801866
:1021EC0041F1000103FA0EF2801843FA05F359414C
:1021FC000EE0A5F120050EF1200E012A03FA0EFCCB
:10220C0028BF4CF0020C43FA05F3C01851EBE371F4
:10221C0001F0004507D54FF0000EDCF1000C7EEB11
:10222C0000006EEB0101B1F5801F1BD3B1F5001F4F
:10223C000CD349085FEA30004FEA3C0C04F101046E
:10224C004FEA445212F5800F80F09A80BCF1004F97
:10225C0008BF5FEA500C50F1000041EB045141EA19
:10226C00050130BD5FEA4C0C404141EB0101013CE2
:10227C0028BFB1F5801FE9D291F0000F04BF0146D1
:10228C000020B1FA81F308BF2033A3F10B03B3F1A3
:10229C0020020CDA0C3208DD02F1140CC2F10C0233
:1022AC0001FA0CF021FA02F10CE002F11402D8BF91
:1022BC00C2F1200C01FA02F120FA0CFCDCBF41EA5D
:1022CC000C019040E41AA2BF01EB0451294330BD2C
:1022DC006FEA04041F3C1CDA0C340EDC04F1140409
:1022EC00C4F1200220FA04F001FA02F340EA0300E0
:1022FC0021FA04F345EA030130BDC4F10C04C4F126
:10230C00200220FA02F001FA04F340EA0300294605
:10231C0030BD21FA04F0294630BD94F0000F83F44F
:10232C00801306BF81F480110134013D4EE77FEA32
:10233C00645C18BF7FEA655C29D094EA050F08BF7E
:10234C0090EA020F05D054EA000C04BF194610465F
:10235C0030BD91EA030F1EBF0021002030BD5FEAA3
:10236C00545C05D14000494128BF41F0004130BDCB
:10237C0014F580043CBF01F5801130BD01F000451F
:10238C0045F0FE4141F470014FF0000030BD7FEA92
:10239C00645C1ABF194610467FEA655C1CBF0B468D
:1023AC00024650EA013406BF52EA033591EA030FA4
:1023BC0041F4002130BD00BF90F0000F04BF00219C
:1023CC00704730B54FF4806404F132044FF00005CF
:1023DC004FF0000150E700BF90F0000F04BF002148
:1023EC00704730B54FF4806404F1320410F00045AE
:1023FC0048BF40424FF000013EE700BF42004FEAA9
:10240C00E2014FEA31014FEA02701FBF12F07F4325
:10241C0093F07F4F81F06051704732F07F4208BFDC
:10242C00704793F07F4F04BF41F40021704730B5E3
:10243C004FF4607401F0004521F000411CE700BF2F
:10244C0050EA010208BF704730B54FF000050AE0B2
:10245C0050EA010208BF704730B511F0004502D5B3
:10246C00404261EB41014FF4806404F132045FEAB5
:10247C00915C3FF4D8AE4FF003025FEADC0C18BF5E
:10248C0003325FEADC0C18BF033202EBDC02C2F150
:10249C00200300FA03FC20FA02F001FA03FE40EAE2
:1024AC000E0021FA02F11444BDE600BF70B54FF0E6
:1024BC00FF0C4CF4E06C1CEA11541DBF1CEA1355C4
:1024CC0094EA0C0F95EA0C0F00F0DEF82C4481EA2C
:1024DC00030621EA4C5123EA4C5350EA013518BF4C
:1024EC0052EA033541F4801143F4801338D0A0FB39
:1024FC0002CE4FF00005E1FB02E506F00042E0FBE6
:10250C0003E54FF00006E1FB03569CF0000F18BFEB
:10251C004EF0010EA4F1FF04B6F5007F64F5407493
:10252C0004D25FEA4E0E6D4146EB060642EAC62126
:10253C0041EA55514FEAC52040EA5E504FEACE2E93
:10254C00B4F1FD0C88BFBCF5E06F1ED8BEF1004F96
:10255C0008BF5FEA500E50F1000041EB045170BD12
:10256C0006F0004646EA010140EA020081EA030156
:10257C00B4EB5C04C2BFD4EB0C0541EA045170BD52
:10258C0041F480114FF0000E013C00F3AB8014F1CC
:10259C00360FDEBF002001F0004170BDC4F1000415
:1025AC00203C35DA0C341BDC04F11404C4F1200596
:1025BC0000FA05F320FA04F001FA05F240EA0200F1
:1025CC0001F0004221F0004110EBD37021FA04F627
:1025DC0042EB06015EEA430E08BF20EAD37070BDE1
:1025EC00C4F10C04C4F1200500FA04F320FA05F040
:1025FC0001FA04F240EA020001F0004110EBD37042
:10260C0041F100015EEA430E08BF20EAD37070BDB1
:10261C00C4F1200500FA05F24EEA020E20FA04F38A
:10262C0001FA05F243EA020321FA04F001F0004139
:10263C0021FA04F220EA020000EBD3705EEA430EAA
:10264C0008BF20EAD37070BD94F0000F0FD101F0D9
:10265C000046400041EB010111F4801F08BF013C12
:10266C00F7D041EA060195F0000F18BF704703F050
:10267C000046520043EB030313F4801F08BF013DD7
:10268C00F7D043EA0603704794EA0C0F0CEA135593
:10269C0018BF95EA0C0F0CD050EA410618BF52EA4D
:1026AC004306D1D181EA030101F000414FF0000053
:1026BC0070BD50EA410606BF1046194652EA430661
:1026CC0019D094EA0C0F02D150EA013613D195EAD5
:1026DC000C0F05D152EA03361CBF104619460AD11D
:1026EC0081EA030101F0004141F0FE4141F4700127
:1026FC004FF0000070BD41F0FE4141F4780170BD17
:10270C0070B54FF0FF0C4CF4E06C1CEA11541DBF7B
:10271C001CEA135594EA0C0F95EA0C0F00F0A7F87D
:10272C00A4EB050481EA030E52EA03354FEA0131AA
:10273C0000F088804FEA03334FF0805545EA1313BD
:10274C0043EA12634FEA022245EA111545EA106585
:10275C004FEA00260EF000419D4208BF964244F11C
:10276C00FD0404F5407402D25B084FEA3202B61A3B
:10277C0065EB03055B084FEA32024FF480104FF40F
:10278C00002CB6EB020E75EB030E22BFB61A754683
:10279C0040EA0C005B084FEA3202B6EB020E75EB16
:1027AC00030E22BFB61A754640EA5C005B084FEA7E
:1027BC003202B6EB020E75EB030E22BFB61A75464B
:1027CC0040EA9C005B084FEA3202B6EB020E75EB56
:1027DC00030E22BFB61A754640EADC0055EA060E17
:1027EC0018D04FEA051545EA16754FEA06164FEA5A
:1027FC00C30343EA52734FEAC2025FEA1C1CC0D106
:10280C0011F4801F0BD141EA00014FF000004FF092
:10281C00004CB6E711F4801F04BF01430020B4F153
:10282C00FD0C88BFBCF5E06F3FF6AFAEB5EB030C0B
:10283C0004BFB6EB020C5FEA500C50F1000041EB08
:10284C00045170BD0EF0004E4EEA113114EB5C04D5
:10285C00C2BFD4EB0C0541EA045170BD41F48011A8
:10286C004FF0000E013C90E645EA060E8DE60CEAB0
:10287C00135594EA0C0F08BF95EA0C0F3FF43BAFCD
:10288C0094EA0C0F0AD150EA01347FF434AF95EA84
:10289C000C0F7FF425AF104619462CE795EA0C0F68
:1028AC0006D152EA03353FF4FDAE1046194622E735
:1028BC0050EA410618BF52EA43067FF4C5AE50EA0F
:1028CC0041047FF40DAF52EA43057FF4EBAE12E7FF
:1028DC004FF0FF3C06E000BF4FF0010C02E000BFE0
:1028EC004FF0010C4DF804CD4FEA410C7FEA6C5CC3
:1028FC004FEA430C18BF7FEA6C5C1BD001B050EA66
:10290C00410C0CBF52EA430C91EA030F02BF90EA50
:10291C00020F0020704710F1000F91EA030F58BF0F
:10292C00994208BF90422CBFD8176FEAE37040F071
:10293C00010070474FEA410C7FEA6C5C02D150EA0F
:10294C00013C07D14FEA430C7FEA6C5CD6D152EACA
:10295C00033CD3D05DF8040B704700BF844610468F
:10296C0062468C461946634600E000BF01B5FFF78E
:10297C00B7FF002848BF10F1000F01BD4DF808ED5E
:10298C00FFF7F4FF0CBF012000205DF808FB00BF2F
:10299C004DF808EDFFF7EAFF34BF012000205DF889
:1029AC0008FB00BF4DF808EDFFF7E0FF94BF0120D6
:1029BC0000205DF808FB00BF4DF808EDFFF7CEFFD7
:1029CC0094BF012000205DF808FB00BF4DF808ED16
:1029DC00FFF7C4FF34BF012000205DF808FB00BFE7
:1029EC004FEA410212F5001215D211D56FF478732B
:1029FC00B3EB625212D94FEAC12343F0004343EACE
:102A0C00505311F0004F23FA02F018BF40427047A8
:102A1C004FF00000704750EA013005D111F0004032
:102A2C0008BF6FF0004070474FF00000704700BFC8
:102A3C0080F0004002E000BF81F0004142001FBF67
:102A4C005FEA410392EA030F7FEA226C7FEA236C70
:102A5C006AD04FEA1262D2EB1363C1BFD218414065
:102A6C0048404140B8BF5B42192B88BF704710F0FB
:102A7C00004F40F4000020F07F4018BF404211F09E
:102A8C00004F41F4000121F07F4118BF494292EA06
:102A9C00030F3FD0A2F1010241FA03FC10EB0C0032
:102AAC00C3F1200301FA03F100F0004302D54942BF
:102ABC0060EB4000B0F5000F13D3B0F1807F06D36C
:102ACC0040084FEA310102F10102FE2A51D2B1F164
:102ADC00004F40EBC25008BF20F0010040EA030059
:102AEC007047490040EB0000013A28BFB0F5000FD9
:102AFC00EDD2B0FA80FCACF1080CB2EB0C0200FA8F
:102B0C000CF0AABF00EBC25052421843BCBFD040DD
:102B1C001843704792F0000F81F4000106BF80F457
:102B2C0000000132013BB5E74FEA41037FEA226C1A
:102B3C0018BF7FEA236C21D092EA030F04D092F0E5
:102B4C00000F08BF0846704790EA010F1CBF002019
:102B5C00704712F07F4F04D1400028BF40F0004076
:102B6C00704712F100723CBF00F50000704700F096
:102B7C00004343F0FE4040F4000070477FEA2262BD
:102B8C0016BF08467FEA23630146420206BF5FEA8E
:102B9C00412390EA010F40F4800070474FF000038E
:102BAC0004E000BF10F0004348BF40425FEA000C55
:102BBC0008BF704743F0964301464FF000001CE0FD
:102BCC0050EA010208BF70474FF000030AE000BF53
:102BDC0050EA010208BF704711F0004302D5404291
:102BEC0061EB41015FEA010C02BF84460146002003
:102BFC0043F0B64308BFA3F18053A3F50003BCFA1E
:102C0C008CF2083AA3EBC25310DB01FA02FC6344CA
:102C1C0000FA02FCC2F12002BCF1004F20FA02F2D1
:102C2C0043EB020008BF20F00100704702F12002C4
:102C3C0001FA02FCC2F1200250EA4C0021FA02F225
:102C4C0043EB020008BF20EADC7070474FF0FF0C2A
:102C5C001CEAD0521EBF1CEAD15392EA0C0F93EA25
:102C6C000C0F6FD01A4480EA010C400218BF5FEAC7
:102C7C0041211ED04FF0006343EA501043EA51113A
:102C8C00A0FB01310CF00040B1F5000F3EBF490034
:102C9C0041EAD3715B0040EA010062F17F02FD2A38
:102CAC001DD8B3F1004F40EBC25008BF20F001001B
:102CBC00704790F0000F0CF0004C08BF49024CEA32
:102CCC00502040EA51207F3AC2BFD2F1FF0340EAC4
:102CDC00C250704740F400004FF00003013A5DDC35
:102CEC0012F1190FDCBF00F000407047C2F1000276
:102CFC00410021FA02F1C2F1200200FA02FC5FEA63
:102D0C00310040F1000053EA4C0308BF20EADC70AC
:102D1C00704792F0000F00F0004C02BF400010F41E
:102D2C00000F013AF9D040EA0C0093F0000F01F0CB
:102D3C00004C02BF490011F4000F013BF9D041EAED
:102D4C000C018FE70CEAD15392EA0C0F18BF93EAEF
:102D5C000C0F0AD030F0004C18BF31F0004CD8D119
:102D6C0080EA010000F00040704790F0000F17BFA0
:102D7C0090F0004F084691F0000F91F0004F14D0E6
:102D8C0092EA0C0F01D142020FD193EA0C0F03D13E
:102D9C004B0218BF084608D180EA010000F0004041
:102DAC0040F0FE4040F40000704740F0FE4040F41C
:102DBC00400070474FF0FF0C1CEAD0521EBF1CEABB
:102DCC00D15392EA0C0F93EA0C0F69D0A2EB0302D9
:102DDC0080EA010C49024FEA402037D04FF0805373
:102DEC0043EA111143EA10130CF000408B4238BF38
:102DFC005B0042F17D024FF4000C8B4224BF5B1A46
:102E0C0040EA0C00B3EB510F24BFA3EB510340EA93
:102E1C005C00B3EB910F24BFA3EB910340EA9C0041
:102E2C00B3EBD10F24BFA3EBD10340EADC001B01B1
:102E3C0018BF5FEA1C1CE0D1FD2A3FF650AF8B4255
:102E4C0040EBC25008BF20F0010070470CF0004C62
:102E5C004CEA50207F32C2BFD2F1FF0340EAC2508D
:102E6C00704740F400004FF00003013A37E792F04E
:102E7C00000F00F0004C02BF400010F4000F013AAC
:102E8C00F9D040EA0C0093F0000F01F0004C02BFA7
:102E9C00490011F4000F013BF9D041EA0C0195E710
:102EAC000CEAD15392EA0C0F08D142027FF47DAFA9
:102EBC0093EA0C0F7FF470AF084676E793EA0C0F99
:102ECC0004D14B023FF44CAF08466EE730F0004C97
:102EDC0018BF31F0004CCAD130F000427FF45CAF27
:102EEC0031F000437FF43CAF5FE700BF4FF0FF3C95
:102EFC0006E000BF4FF0010C02E000BF4FF0010CE8
:102F0C004DF804CD4FEA40024FEA41037FEA226CB0
:102F1C0018BF7FEA236C11D001B052EA530C18BFD2
:102F2C0090EA010F58BFB2EB030088BFC81738BF37
:102F3C006FEAE17018BF40F0010070477FEA226C25
:102F4C0002D15FEA402C05D17FEA236CE4D15FEA21
:102F5C00412CE1D05DF8040B704700BF8446084655
:102F6C006146FFE70FB5FFF7C9FF002848BF10F116
:102F7C00000F0FBD4DF808EDFFF7F4FF0CBF01205B
:102F8C0000205DF808FB00BF4DF808EDFFF7EAFFE5
:102F9C0034BF012000205DF808FB00BF4DF808EDA0
:102FAC00FFF7E0FF94BF012000205DF808FB00BF95
:102FBC004DF808EDFFF7D2FF94BF012000205DF81B
:102FCC0008FB00BF4DF808EDFFF7C8FF34BF012028
:102FDC0000205DF808FB00BF4FEA4002B2F1FE4F43
:102FEC000FD34FF09E03B3EB12620DD94FEA0023BF
:102FFC0043F0004310F0004F23FA02F018BF404298
:10300C0070474FF00000704712F1610F01D142027E
:10301C0005D110F0004008BF6FF0004070474FF032
:10302C000000704742000ED2B2F1FE4F0BD34FF0AE
:10303C009E03B3EB126209D44FEA002343F0004322
:10304C0023FA02F070474FF00000704712F1610F45
:10305C0001D1420202D14FF0FF3070474FF0000017
:10306C00704700BF7BB972B90029BEBF00204FF07A
:10307C00004106E008BF00281CBF6FF000414FF074
:10308C00FF3000F057B8ADF1080C6DE904CE002903
:10309C0009DB002B1ADB0CF087FEDDF804E0DDE920
:1030AC00022304B07047404261EB4101002B1BDB53
:1030BC000CF07AFEDDF804E0DDE9022304B04042B6
:1030CC0061EB4101524263EB43037047524263EBA5
:1030DC0043030CF069FEDDF804E0DDE9022304B0E3
:1030EC00404261EB41017047524263EB43030CF0E9
:1030FC005BFEDDF804E0DDE9022304B0524263EB31
:10310C004303704753B94AB9002908BF00281CBFB4
:10311C004FF0FF314FF0FF3000F00CB8ADF1080C60
:10312C006DE904CE0CF040FEDDF804E0DDE902238D
:10313C0004B07047704700BF4A0011D212F500125C
:10314C0011D20DD56FF47873B3EB62520ED44FEAF3
:10315C00C12343F0004343EA505323FA02F0704773
:10316C004FF00000704750EA013002D14FF0FF30B1
:10317C0070474FF0000070470A4B0B4A03F59670EE
:10318C0053F8041B834242F8041FF9D1074B084A39
:10319C009A605A6942F010025A615A6942F480727C
:1031AC005A61704700200010FC6F012000ED00E018
:1031BC0000700120244880F30888244880F30A8892
:1031CC0023488047002103E0224B5B5843500431D5
:1031DC002148224B42189A42F6D3002103E0204B9F
:1031EC005B58435004311F481F4B42189A42F6D388
:1031FC00002103E01D4B5B58435004311C481D4B10
:10320C0042189A42F6D31C4A02E00023136004329F
:10321C001A4B9A42F9D30BF0CBFD00F0A5F9FEE75F
:10322C005FEA0E00EFF30881EFF30982144B984725
:10323C00FEE75FEA0E00EFF30881EFF30982114B12
:10324C009847FEE7FEE700000070022000600220B5
:10325C008531001088FE0110003000201875002008
:10326C00A043021000720120707A0120104C021051
:10327C0000F0012000F4012000F401200CFE0120DC
:10328C0051330010553300102DE9F84F431C88467C
:10329C0034D00138012828D8002A2FDD4C1E4FF0DD
:1032AC00000BDFF860A0184DDFF86090A6180FE057
:1032BC00B5F800C002680CF1010302F80C1082880A
:1032CC009BB29A422B8098BFA5F800B0B44210D0A4
:1032DC00DAF80000274614F8011F0028E8D1D9F8C5
:1032EC0000000CF0DFFF0028F0D04FF0FF30BDE8FD
:1032FC00F88FB81CA0EB0800BDE8F88F0020BDE8E3
:10330C00F88F00BF00F4012008F4012004F4012020
:10331C00012070474FF0FF30704700BF002070470E
:10332C004FF4005300204B60704700BF00207047E3
:10333C00012070474FF0FF30704700BFFEE700BF21
:10334C00FEE700BFFEE700BF10F0040F08BF0A46FF
:10335C009269184B82B00192DA6ADA6ADA6A500022
:10336C0026D59A6AD2B242B19A6A9A6A910748BF34
:10337C009B6A104B9A6A9A6A9B6A0E4B9A6A12F471
:10338C007F4F09D09A6A9A6A920548BF9B6A094B8B
:10339C009A6A9A6A9A6A9B6A064B9A6AB2F5803F55
:1033AC0006D39A6A9A6A9A6A9A6A9A6A9A6A9B6A1B
:1033BC00FEE700BF00ED00E003490448044B054A5A
:1033CC0008601A60704700BFE80000204933001005
:1033DC00EC0000204D33001030B5474C85B0226016
:1033EC000446464D464B2960012202200DF107018F
:1033FC001C700CF0FFFE9DF80750C5F34115022D13
:10340C0014D0032D1FD0042C07D8032C70D0042CFF
:10341C000CBF022000200CF001FF09230B2203211A
:10342C00012005B0BDE830400CF094BE01224FF4F1
:10343C00504134480CF046FF2A464FF4483131488D
:10344C000CF040FFDFE702A906223A200CF0D2FE76
:10345C0001229DF808101F2901F01F0194BF294873
:10346C00294802FA01F10CF02DFF01219DF80930D9
:10347C0002221F2B03F01F0301FA03F194BF214812
:10348C0021480CF01FFF01229DF80A101F2901F0A2
:10349C001F0194BF1B481C4802FA01F10CF012FFEB
:1034AC0001229DF80B101F2901F01F0194BF154834
:1034BC00154802FA01F10CF005FF01219DF80C30C2
:1034CC0002221F2B03F01F0394BF0E480E48994095
:1034DC000CF0F8FE01219DF80D3002221F2B03F099
:1034EC001F0394BF0748084899400CF0EBFE8AE78D
:1034FC0001200CF093FE90E70CF4012010F4012055
:10350C000AF4012000B0046080B004600020704711
:10351C0000207047704700BF704700BF704700BF66
:10352C00014B1868704700BF18F4012010B4084C08
:10353C004FF4006122680748B2FA82F3003A4FEA6E
:10354C005313236018BF012210BC0CF097BE00BFB0
:10355C0014F4012080B0046000224FF40061014893
:10356C000CF08CBE80B0046000B56C4885B00CF0DB
:10357C0011FE64200CF03AFE02200CF0DFFD0CF082
:10358C0065FE03200CF09AFE00200CF0D3FD002009
:10359C000CF054FE00200CF0C9FD002301AC0122FC
:1035AC000F2021468DF804300CF024FE9DF80430D9
:1035BC00002B00F0A1800122214610200CF01AFEF5
:1035CC009DF8040000B9A9200CF070FE00200CF04E
:1035DC00A5FD0321642208460CF0F8FD40F6C41149
:1035EC0002200CF0C7FD0022012011460CF0CEFD8C
:1035FC00FFF7E2FE04F00AFA2D200CF04FFE0C222D
:10360C004FF0006146480CF029FE02224FF0006199
:10361C0043480CF057FE4FF46122424B214642487E
:10362C00CDE901230CF036FE0E21404A404804F04F
:10363C00EBFA4FF400254FF0600C3E4B3E4A07CAA4
:10364C0084E80700C3F8805183F813C31D6013216D
:10365C0001200CF0FFFD2246022138480CF0F2FD4F
:10366C000122022135480CF0E5FD022133480CF013
:10367C00D9FD0022012132480CF024FE0A2400233B
:10368C004FF488722F4830490381016042218372C4
:10369C00C28004710AF0FAFDBD200AF00BFE2B4922
:1036AC0002202B4AFFF798FE20200CF097FD4FF4D8
:1036BC0080614FF480300CF051FD08B300224FF4C0
:1036CC00001117480CF0CAFD00224FF400111448E9
:1036DC000CF0F8FD01224FF4001111480CF0A6FD7E
:1036EC0001224FF400110E480CF0C8FD64200CF0C0
:1036FC007DFD01F05BFDFEE756200CF0B3FD5AE7B3
:10370C00144B59680CF0E2FD29200CF0C7FD2A205F
:10371C000CF0C4FD20200CF0ADFDCFE700E0046000
:10372C0000B0046021300101000800601935001060
:10373C0028F4012000E100E0E00201100020036009
:10374C0080B004601CF40120000002601D350010E4
:10375C0021350010003000202DE9F84F0D461F4692
:10376C0000EBC503D3F80C9004462E494846164688
:10377C00BDF82880FFF708FC002841D104EBC606F1
:10378C00F1684846FFF758F927490646FFF7FCFB56
:10379C00002835D131464846FFF750F9DFF88CA0A8
:1037AC0001465AF82500FFF749F9214A4AF8250045
:1037BC00535DDFF880A0FF2B5AF825B01CBF0133F6
:1037CC00535549465846FFF7DFFBD8B1DFF868B0D0
:1037DC0020461A4AC5EBC5034AF825904BF82560DC
:1037EC0002EB830204F13801C3680830884242F8C6
:1037FC00043FF9D1124A134B42F8257023F8158077
:10380C00BDE8F88F58464946FFF7B4FB0028F7D0BF
:10381C00DFF824B031465BF82500FFF7B5FB002834
:10382C00EED0D5E70AD7A33E0AD7233D84F5012075
:10383C007CF5012064F501204CF50120A0F4012059
:10384C008CF4012080F4012003680868184700BF3D
:10385C0010B40468086811681A68234610BC18472D
:10386C00034610B5104652B15A18C02A07D8054C59
:10387C008A0004EB83010BF0D0FA002010BD4FF04E
:10388C00FF3010BDA8F5012070B500241D491E4B5A
:10389C001E4D1F4EA822C1E90044C1E90244C1E9F2
:1038AC0004441C482146C5E90044C5E90244C5E965
:1038BC000444C3E90044C3E90244C3E9044434604A
:1038CC00B4800BF018FA144BFF25C3E90044C3E98C
:1038DC000244C3E904449C61104B114A1C80002330
:1038EC0010491148C2E90044C2E90244C2E9044447
:1038FC00C1E9004405700D4A0D488C6014600360EA
:10390C0070BD00BF64F501204CF5012084F5012049
:10391C007CF50120A4F4012060F4012050F4012076
:10392C008CF4012080F4012000F0012054F40120DB
:10393C007CF401200BF040B808B528B130F8023CFB
:10394C00C01AFFF7F7FF08BD6B21024B024A034870
:10395C000AF0F0FFEC020110F00201101C03011040
:10396C002DE9F843D0F80CE01C469EF85460DDF8C5
:10397C0020C0D3F8805066B100212F1D55F83100BE
:10398C0020B157F831309A4207D033B101318E4211
:10399C00F4D16FF02000BDE8F883BEF86270E7B197
:1039AC000568DEF86460013FDCF80080DCF8049008
:1039BC002F44043E013D15F9010FFFF7F3F8414682
:1039CC00FFF73AF84946FFF741F956F8043FBD4274
:1039DC0004F1080423606060EDD10020BDE8F88399
:1039EC00012A02D1016000207047022A05D0032A67
:1039FC00F9D0002AF7D10260F5E70B680360F2E713
:103A0C00012A02D1016000207047022A05D0032A46
:103A1C00F9D0002AF7D10260F5E70B680360F2E7F2
:103A2C00012A02D1016000207047022A05D0032A26
:103A3C00F9D0002AF7D10260F5E70B680360F2E7D2
:103A4C002DE9F04F04680868A1681268B0FBF1F921
:103A5C00B2FBF1FA1F68E36887B01A6A02FB09F936
:103A6C0002FB0A9AD1452CD24FF0000B019721B3DF
:103A7C00019B0026012703EB8B0506E0A168731C54
:103A8C008B4205F1040514D21E46D4E900039B5D5C
:103A9C0082684B44CDE903370595B2B1D0F80C8060
:103AAC0005AB04AA03A9C0470028E7D007B0BDE8BE
:103ABC00F08F0BF1010BE368B3441A6A9144CA45C9
:103ACC00D5D8002007B0BDE8F08F0AF01DFF00BF6D
:103ADC0070B5D0E9001391F83C20054682B1002462
:103AEC00264653F8240030B10368DB689847D5E9C3
:103AFC00001343F8246091F83C2001349442F0D335
:103B0C001846FFF717FF284670BD00BF2DE9F04F90
:103B1C0083B005460F464FF47A79FFF701FDA0FB01
:103B2C000998002D5DD0EE68F36C2BB3002402E0F5
:103B3C00F36CA34220D9D5F810E03B462146284629
:103B4C00BEF1000F01D05EF824E0326D02EB441C94
:103B5C00DCF81C20CDF804E0DCF818E00134CDF8DA
:103B6C0000E0DCF810A0D04782460028E0D0FFF738
:103B7C00D7FC4FF47A7328E096F85420FAB100245D
:103B8C00D7F88030A2460BE02846FFF7D3FED7F8D3
:103B9C00803043F80BA096F854200134A2420ED981
:103BAC0053F834504FEAC40B002DF6D02868002887
:103BBC00EAD02B7B002BE7D0FFF7BCFEE4E7FFF746
:103BCC00AFFC4FF0000A4FF47A73A0FB0332B3EB57
:103BDC00090362EB0802C7E91C32504603B0BDE88A
:103BEC00F08F6FF00A0AF8E7002070472DE9F043D8
:103BFC000546C068984690F844300E46174685B086
:103C0C000BB3002404E0E86890F84430A3421AD9BE
:103C1C00826C04EB440302EBC30CDCF81030CDF8DF
:103C2C000C80DCF808203146CDE901729CF8142098
:103C3C000092DCF804902246C84701340028E2D0F8
:103C4C0005B0BDE8F083FFF7CFFF831C18BF002041
:103C5C0005B0BDE8F08300BF0FB430B5C3B046ABC0
:103C6C0053F8042B4FF4807102A801930BF00CF85D
:103C7C00051E0CDDB5F5807F28BFFF2502AC254461
:103C8C0014F8011B04480CF00DFBAC42F8D143B006
:103C9C00BDE8304004B07047000800602DE9F04FDB
:103CAC0083B00C9B15460190002B00F08C800027F4
:103CBC003E46B846019B29781C680329D4E9013299
:103CCC0002FB03F080440BD0092950D0012936D0D7
:103CDC004348FFF7C1FF6FF00C0003B0BDE8F08F55
:103CEC004FF00009D8B12368E96853F82900FFF7B1
:103CFC0061F80AF0C9FDFFF76FF92969D5F804B02E
:103D0C00084480F308000BF80600D4E9013202FBEA
:103D1C0003F309F101094B4506F10106E3D80C9BAD
:103D2C000137BB42C6D1A969B8EB910F03D041450D
:103D3C0018BFC3464CD1002003B0BDE8F08F00285B
:103D4C00EDD023686A6806F18041043B013902EB2F
:103D5C00810203EB800453F8041F9C4242F8041FB9
:103D6C00F9D10C9B0137BB420644A3D1DBE74FF0E2
:103D7C00000B0028D3D02268E96852F82B00FFF71B
:103D8C0019F80AF081FDFFF727F92B69D5F804A083
:103D9C0018446FF07F039842B8BF18467F28A8BF1D
:103DAC007F200AF80600D4E9012101FB02F20BF195
:103DBC00010B5A4506F10106DDD80C9B0137BB42BD
:103DCC007FF478AFAFE791698B08B4D0DDF830B0F1
:103DDC0004485A46FFF740FF6FF017007DE700BF1D
:103DEC009C030110C00301100B4601782DE9F04132
:103DFC0003290446D3E9012002FB00F028D009294D
:103E0C000CD001293ED1A269B0EB920F41D161686F
:103E1C0018680BF002F80020BDE8F081A16981421E
:103E2C0042D10029F7D065681E680139276905EB76
:103E3C000108043E013D15F9010FC01BFEF7B2FE4F
:103E4C00E168FEF703FF454546F8040FF3D1E2E7BE
:103E5C00A169814228D10029DDD065681E6801392D
:103E6C00276905EB0108043E013D15F8010FC01B45
:103E7C00FEF798FEE168FEF7E9FEA84546F8040F48
:103E8C00F3D1C8E70B48FFF7E7FE6FF00D00BDE874
:103E9C00F081111EB8BF0331024689100648FFF7A6
:103EAC00DBFE6FF01700B7E702460348FFF7D4FEBE
:103EBC00F7E700BF54040110100401102DE9F04184
:103ECC000C461D4606469046FFF72AFB4FF47A7CBB
:103EDC000346A3FB0C3237692D6879681348C4E993
:103EEC00003288470146D8B941463B699847044699
:103EFC0078B9337B1BB910E0327B9A420DD9B2688A
:103F0C0029467B69105D98470134E3B2403500289F
:103F1C00F2D06FF00200BDE8F0810020BDE8F08126
:103F2C000348FFF799FE6FF00500F7E75D400010BE
:103F3C009404011070B50C46002586B0D668019526
:103F4C004A68A568816805FB02F20569AA4228BF88
:103F5C002A46029222680492002955D0C56804AB07
:103F6C0002AA01A9A8474FF07E513046FFF702F88C
:103F7C00054610B1002006B070BD0346A28831463C
:103F8C0062F30F03ADF80820228902A862F31F43E5
:103F9C0004932368ADF80A2004AA0393059303F055
:103FAC0065FE0028E6D019491948FFF755FE2B4647
:103FBC00A2883146ADF8082062F30F03228902A8CB
:103FCC0062F31F4304932368ADF80A2004AA0393F9
:103FDC00059303F04BFE01460E48FFF73DFEA38808
:103FEC0031462689ADF8083063F30F05236804AA1F
:103FFC0002A866F31F45CDE90335ADF80A600593B9
:10400C0003F034FE06B070BD0AF07EFCC40401104F
:10401C00C8040110D004011030B58BB0FEF7EEF9D6
:10402C0004460D46064A2021CDE9004502A80AF0B7
:10403C00C7FD044802A9FFF70FFE0BB030BD00BF4F
:10404C00E4040110EC0401100AF0AEBC0AF090BCC0
:10405C00431E034210B5044613D180B179B1481CFC
:10406C0020440121FFF7F2FF024640B1631C0344D8
:10407C00644203EA0400821A20F8022C10BD0020CE
:10408C0010BD4821024B034A03480AF053FC00BF01
:10409C00F00401100C0501101C0301100B462DE956
:1040AC00F04F8FB009939368044606465649506901
:1040BC000893FEF735F8002814BF03230123226967
:1040CC000393002A00F095804FF0000A17465446DF
:1040DC00B3464E4DCDF810A0B7F5806F3E4628BFC5
:1040EC004FF48066089B012103FB06F080000296CA
:1040FC00FFF7ACFF059000287FD0049ADBF808305E
:10410C00CDE90B260D90002B7BD05846DBF80C60CC
:10411C000DAB0CAA0BA9B047002F5CD0099B4FF03C
:10412C000008D3F800A0059BCDE9067BA3F1040998
:10413C0021E0374958460193FEF788FD0246354980
:10414C0038461746FEF782FD01463846FEF776FCE8
:10415C000246314930461646FEF778FD0146304698
:10416C00FEF76CFC019B08F101084AF80300029B66
:10417C00013443452DD959F8040FFEF753FF064679
:10418C00C0F30740FEF70AFD2946FEF713FE8346EF
:10419C00C6F30720FEF702FD2946FEF70BFE074685
:1041AC00F0B2FEF7FBFC2946FEF704FE0399064627
:1041BC0003294FEA84030AEB8402BAD1029B08F16B
:1041CC00010843454AF824B05760906004F1030499
:1041DC00D1D8DDE9067B029B0598FF1AFFF7AAFBF5
:1041EC00049ADBF8103002F58062934204923FF699
:1041FC0073AF00200FB0BDE8F08F08480FB0BDE8DA
:10420C00F08F0AF081FB00BF4405011000007F43D2
:10421C008716993EA245163FD578E93D16FCFFFF5F
:10422C002DE9F04FA3B0DDE92DB48046207B256944
:10423C0080018946924604930595FFF705FF0646D3
:10424C000890FFF76DF900237C4A1193CDE91223F6
:10425C007B4B12AD10937B4B0DAF95E803000F9386
:10426C0087E8030008AB2A4620460AA9FFF726FE7A
:10427C000346D0B1119A52B10F990992002900F05E
:10428C00DA803846109A09A904939047049B0022BF
:10429C000F9C11922CB10322394638460493A04747
:1042AC00049B184623B0BDE8F08F2C99049B009119
:1042BC0098F844102A46029198F83C10484601910F
:1042CC00DBF88010FFF7EAFC03460028D2D1DDE9C9
:1042DC000A892269049092689047002840F0A880CF
:1042EC00FFF71EF94FF47A72A0FB0221B2EB080221
:1042FC0061EB0901CBE91A21FFF776FC0230049B34
:10430C0008BF6FF00103227B002A54D0B0464FF057
:10431C000009CDE906634FEACA05D8F808100A6807
:10432C00002A40F3828000234FF0010A51F8040F59
:10433C000133934200FB0AFAF8D198F80060032E7F
:10434C000AD0092E08D0012E56D031463E48FFF730
:10435C0083FC6FF00D038DE7237D1020002B34D1EF
:10436C00FFF772FE012104905046FFF76FFE4FF0ED
:10437C00010C049B1860DBF88060D8F81820D8F882
:10438C000410C3F808A083F80CC0C3F804C0735120
:10439C000AF043FDDBF8803062682B444A445A60D3
:1043AC00237B09F101094B4508F1400805F108058B
:1043BC00B3D8DDE906630493059B2048DA6890477F
:1043CC003046FFF7B7FA049B54E7FFF73DFE012197
:1043DC0004904FEA8A00FFF739FE0122049BDBF8B8
:1043EC0080601860C3F808A01A735A6019464046DA
:1043FC007351FFF7F9FCCDE71020FFF725FE31468E
:10440C0004904FEA8A00FFF721FE049BDBF8802022
:10441C00C3F808A018601E735E60D8F804105351DE
:10442C00D8F818200AF0F9FCB4E74FF0010A84E739
:10443C006FF0020367E70AF067FA00BF4539001016
:10444C00553800102D3A0010540401102DE9F04F8E
:10445C00B5B03E9E0446307B3569800189469A464C
:10446C0011950F929DF8FC80FFF7EEFD0023054699
:10447C00259323933E4B3F4A22933F4B2492219307
:10448C0024AA1FAB0E9092E8030083E80300304689
:10449C0017AB1CA91795FFF711FD0D90002840F0E4
:1044AC00D5829DF89030092B02D0032B40F052831B
:1044BC00FFF736F8259BA269129004931592002BF6
:1044CC0000F03E8300231093236C2898DD68279B13
:1044DC000093FEF767FBA36C0290DB68686901939D
:1044EC00AB6826490C93FDF71BFE002814BF032371
:1044FC000123D9F810500593002D00F0DE80002721
:10450C00BB46CDF84CA0DDF800A008953E96CDF842
:10451C005080089B0C9AB3F5806F28BF4FF48063D2
:10452C0002FB03F0012180000393FFF78FFD09903C
:10453C00002800F07F82039BCDF860B01993099B93
:10454C001A93D9F80830002B00F00C831AAB4846AC
:10455C00D9F80C4019AA18A9A047089B002B00F009
:10456C009980099B0025CDE90AB9A3F104083AE02A
:10457C0055380010453900102D3A00104405011033
:10458C005046BA49FEF7F6FC002800F02D814FF09A
:10459C0043410298FEF7EEFC002800F02581019BB8
:1045AC00002B40F06F8149F2456244F68B4341F693
:1045BC002F5002FB09F2009911FB032314FB00306E
:1045CC000014FEF7EFFA4FF08641FEF735FAFEF7CE
:1045DC0003FD00F3070040B2039B0135AB423746A5
:1045EC008BF8000054D958F8040FFEF71BFD049B00
:1045FC007E1C03EB070BC0F307430093059BC0F332
:10460C000729032BC4B2BBD1049A504693190693C5
:10461C00BB1CD318954907930337FEF7ABFC002856
:10462C0000F056814FF043410298FEF7A3FC00289E
:10463C0000F04E81DDE90003002B40F09381FEF782
:10464C00B1FA4FF08641FEF7F7F9FEF7C5FC0646C6
:10465C004846FEF7A7FA4FF08641FEF7EDF9FEF754
:10466C00BBFC034620465CB2FEF79CFA4FF0864139
:10467C00FEF7E2F9FEF7B0FC76B240B2069B8BF87F
:10468C0000601C70079B01351870039BAB42AAD8C5
:10469C00DDE90AB9089B039A09989B1A0893FFF75E
:1046AC0049F9D9F810300BF5806B9B45FFF431AF0D
:1046BC00DDF84CA03E9EDDF85080FFF795FA831C88
:1046CC0000F03C82FEF72CFF129BC01A62EB020238
:1046DC00510143011B1A41EAD06161EB02018900CF
:1046EC0041EA93719B001B1842EB0102D20042EA93
:1046FC005372DB00CAF86420CAF86030B8F1000FBE
:10470C0040F0FC81FEF70CFF4FF47A74A0FB04859B
:10471C003369CDE91C859B689847002840F01E82C0
:10472C00FEF7FEFEA0FB0432B3EB080362EB0502BE
:10473C00CAE91A32FFF758FA02300D9B08BF6FF026
:10474C0001030D93337B002B46D000250F9B0E9C51
:10475C004FEAC308A2681068002840F3F9810023CF
:10476C00012752F8041F0133834201FB07F7F8D1EC
:10477C0094F80090B9F1030F00F07F81B9F1090FA3
:10478C0000F07B81B9F1010F40F093811020FFF70D
:10479C005BFC49468346B800FFF758FCDAF88030DA
:1047AC00CBF80870CBF800008BF80C90CBF8049089
:1047BC00A269616843F808B00AF02FFBDAF8803080
:1047CC00726843442A445A60337B0135AB4204F18E
:1047DC00400408F10808BDD8119B2548DB689847B0
:1047EC000E98FFF7A7F82CE10098FEF7D7F90746CB
:1047FC004846FEF7D3F981462046FEF7CFF9019BD8
:10480C000446002B4AD138461A49FEF7D3FA194907
:10481C0007464846FEF7CEFA164981462046FEF773
:10482C00C9FA044638461449FEF710FA13490746EC
:10483C004846FEF70BFA01463846FEF7FFF80346EA
:10484C000F4920461C46FEF701FA01462046FEF7AA
:10485C00F5F85146FEF7AEFA0AF016F80146029842
:10486C00FEF7ECF8FEF7B8FB40B2B5E68180803B72
:10487C004539001000007F438716993EA245163F2C
:10488C00D578E93D0098FEF789F907464846FEF7CA
:10489C0085F981462046FEF781F90446019B022BDF
:1048AC0000F08480019B042BBCD138464FF086412C
:1048BC00FEF7C2F84FF0864107464846FEF7BCF8B3
:1048CC004FF0864181462046FEF7B6F80446A9E72C
:1048DC000098FEF763F906464846FEF75FF98146F5
:1048EC002046FEF75BF9019B0446002B45D1304670
:1048FC009D49FEF75FFA9C4906464846FEF75AFA70
:10490C00994981462046FEF755FA044651463046F1
:10491C00FEF750FA09F0B8FF01460298FEF78EF840
:10492C00FEF75AFB514606464846FEF743FA09F095
:10493C00ABFFDDF8089001464846FEF77FF8FEF71E
:10494C004BFB0346514620465CB2FEF733FA09F0A6
:10495C009BFF01464846FEF771F8FEF73DFB76B229
:10496C0040B28BE6FEF71AF906464846FEF716F9F2
:10497C0081462046FEF712F90446019B022B37D0E4
:10498C00019B042BC2D130464FF08641FEF754F800
:10499C004FF0864106464846FEF74EF84FF08641EA
:1049AC0081462046FEF748F80446AFE738466E4984
:1049BC00FEF700FA6D49FEF73FF86D49FEF7FAF97C
:1049CC00694907464846FEF7F5F96A49FEF734F897
:1049DC006949FEF7EFF9644981462046FEF7EAF98A
:1049EC006649FEF729F86649FEF7E4F9044619E72B
:1049FC0030465D49FEF7DEF95C49FEF71DF85C496F
:104A0C00FEF7D8F9584906464846FEF7D3F95949F6
:104A1C00FEF712F85849FEF7CDF953498146204666
:104A2C00FEF7C8F95549FEF707F85549FEF7C2F9E4
:104A3C0004466BE753495448FFF70EF96FF0040333
:104A4C000D93049B13B1109B002B53D1239B43B1AB
:104A5C00219A1B93002A00F08580229B1FA81BA97A
:104A6C0098470022219B23921BB11FA903220846C1
:104A7C0098470D9835B0BDE8F08F337D102003B307
:104A8C00FFF7E2FA01218146B800FFF7DFFA0123B4
:104A9C00DAF88020C9F80000C9F8087089F80C30E1
:104AAC00C9F804304946204642F80890FFF79CF9B3
:104ABC0084E649463548FFF7CFF86FF00D030D93A8
:104ACC00BFE7FFF7C1FA012181463846FFF7BEFA6E
:104ADC000123C9F80000C9F80870DAF88070A269DF
:104AEC00616889F80C30C9F8043047F808900AF06E
:104AFC0094F963E60498FEF71DFFA7E7DAF84C106B
:104B0C002348FFF7A9F8159BA3B1159B5C1E049BCA
:104B1C001C445D1E289B15F9010FC01AFEF742F8C4
:104B2C002799FEF793F8FFF777FA1A48FFF794F8EE
:104B3C00AC42EFD11848FFF78FF8E3E50D9080E712
:104B4C0001211046FFF782FA012304901093BBE475
:104B5C0001270DE66FF008030D9377E76FF0020362
:104B6C000D93EFE509F0D0FE00007F43EC51F83EC9
:104B7C00FA7E6A3ED578E93E4260653E3BDFCF3E29
:104B8C006666663E16FCFFFF5005011054040110CA
:104B9C00780501108C050110940601102DE9F04FD9
:104BAC00A3B082460F469046994606910D93002875
:104BBC0000F0C982C368002B00F0C582002A00F007
:104BCC00C282002900F0BF828822002140460AF0F0
:104BDC0092F8DAF80C3093F85440E4002046FFF7D2
:104BEC0033FA22460021C8F8800006460AF083F802
:104BFC00DAF80C0090F85520836C0E2A90F83C40A3
:104C0C00D3E9015126D844F6A403D340DB0721D5C0
:104C1C0090F86130F3B9A44B9D421BD14B7BCBB1C7
:104C2C00012C17D1036C9A68A04B9A4240F08E82EB
:104C3C00CDE90019434639460022FFF707FC05462B
:104C4C00002800F080813046FEF774FE284623B021
:104C5C00BDE8F08F0B94E4002046FFF7F5F983468E
:104C6C00002800F0B481224600210AF044F80B9C85
:104C7C00A31C9F00384609F045FE0423036003463D
:104C8C0008330C9044600A93002C00F05A82DDE942
:104C9C000A0300219A000AF02EF8FEF741FCDAF81C
:104CAC000C30119093F83C20002A00F0A9800024CD
:104CBC00CDF82480A0460C9ACDE90F7602F10409B8
:104CCC00196C04EBC40201EB820351F82210920020
:104CDC000892D3E901520792DA685E6905921A6963
:104CEC00DB691020039302910492FFF7ADF90121C7
:104CFC000746A800FFF7AAF94FF001033B73012305
:104D0C0059F8041FC7E90135C9F80070386049B17A
:104D1C00086818B10B7B002B40F002810846FEF7A7
:104D2C0009FE3868002800F05881029ADAF80CC0A5
:104D3C000BF104034BF8347043F83420DCF81830D2
:104D4C00A844984500F26B81049B069A19930023A2
:104D5C001E93DCF82010CDE91A6C8E4218921C932D
:104D6C001F931D9300F093801593514B1CAD1E9314
:104D7C00504B1F93136914AAB3FBF1F306FB03F317
:104D8C00209318AB149312AB92E8030083E8030052
:104D9C00039BC5E90001002B7DD0474E3378002BD7
:104DAC0000F08C80DAF8046056F82400002800F03B
:104DBC009680099FDAF80C605BF834202946056868
:104DCC000197B66B059B00966D68A847002840F0CC
:104DDC003281FEF709FF821C1E9B00F036811BB14D
:104DEC001CA9032208469847DAF80C30013493F8D2
:104DFC003C20A2423FF664AFDDF82480DDE90F765B
:104E0C00FEF78EFB119BC01A62EB020251014301AB
:104E1C001B1A41EAD06161EB0201890041EA9371EE
:104E2C009B001B1842EB0102D20042EA5372DB00DA
:104E3C00C8F860300D9BC8F86420002B40F05981F5
:104E4C000D9B424659465046FEF7D0FE0A9BA7F1F1
:104E5C00080405461C44002800F002810A9BA3426A
:104E6C0069D0A046DDF8289004E02046FEF762FDEC
:104E7C00C14560D058F8044D002CF9D020680028AA
:104E8C00F3D0237B002BF0D0FEF754FDEDE7039B12
:104E9C00069D002B81D12846059ADCF838305BF84A
:104EAC003410079DA84791E72D420010A94000102F
:104EBC00ED3900104D3A0010A8F80120B049B14866
:104ECC00FEF7CAFEB048FEF7C7FE4FF00103337081
:104EDC00DAF8046056F8240000287FF46AAFDAF898
:104EEC00003008991A6C0A44D068996BD3699847BA
:104EFC00DAF8043046F8240053F8240000287FF434
:104F0C0058AF6FF00A05DDE90F761E9B1BB11CA98B
:104F1C000322084698470A9BA7F108041C449DE706
:104F2C000E91FEF707FD0E99F8E608210C9809F092
:104F3C00D6FC6FF007050C98394609F0D0FC5846A2
:104F4C00FEF7F8FC7FE641465046FEF7DFFD0546CE
:104F5C00D8E9180110F5FA704FF47A724FF000038B
:104F6C0041F10001FEF77EF8C8F84C00D8F8680053
:104F7C00D8F86C1010F5FA704FF47A724FF00003F9
:104F8C0041F10001FEF76EF8C8F85000D8F878002F
:104F9C00D8F87C1010F5FA704FF47A724FF00003C9
:104FAC0041F10001FEF75EF8C8F85800D8F870001F
:104FBC00D8F8741010F5FA704FF47A724FF00003B1
:104FCC0041F10001FEF74EF8C8F854003BE66F487B
:104FDC00FEF742FE6FF0070535E62146DDE90F7658
:104FEC006B48FEF739FE0A9BA7F108041C44A34248
:104FFC009BD0A046DDF8289004E02846FEF79AFCEA
:10500C00C14526D058F8045D002DF9D02868002839
:10501C00F3D02B7B002BF0D0FEF78CFCEDE75D483A
:10502C00DDE90F76FEF718FE0A9BA7F108046FF076
:10503C0004051C4412E70146DDE90F765648FEF7DD
:10504C000BFE6FF004051E9B60E70546DDE90F764D
:10505C005CE739460C9809F042FC6FF00705FDE659
:10506C0050464146FEF752FD054600287FF4F6AE49
:10507C00D8F86030D8F8641013F5FA704FF47A72DF
:10508C004FF0000341F10001FDF7ECFFD8F8683058
:10509C00D8F86C10C8F84C0013F5FA704FF47A720B
:1050AC004FF0000341F10001FDF7DCFFD8F8783038
:1050BC00D8F87C10C8F8500013F5FA704FF47A72D7
:1050CC004FF0000341F10001FDF7CCFFD8F8703030
:1050DC00D8F87410C8F8580013F5FA704FF47A72B7
:1050EC004FF0000341F10001FDF7BCFFC8F854007C
:1050FC00B4E6D8F84C102948FEF7AEFD0B9BE3B193
:10510C000024DDF82C905BF834309BB19A680025B4
:10511C006AB11B6853F82500FEF77EFF2048FEF7A6
:10512C009BFD5BF8343001359A68AA42F1D81D48D2
:10513C00FEF792FD0134A145E5D11B48FEF78CFD2D
:10514C007EE60827A9E56FF015057FE50820FEF738
:10515C007BFF834600283FF43AAF00230C20CBF8AA
:10516C000030CBF8043009F0CDFB0123042243605E
:10517C000B9300F108030C270C9002600A9386E550
:10518C0024060110C80401102C0601109005011012
:10519C00C0050110F805011050050110780501102B
:1051AC008C05011094060110980601102DE9F04FA2
:1051BC00C1B004E0FEF7BAF9C8200BF017F801F003
:1051CC0031FE0028F6D00024FEF7C6F94FF44072E9
:1051DC000021A24809F08FFDA14BDFF888B21C60BA
:1051EC00A14BDFF888821C60A14B9C4F1C70A14B1B
:1051FC001C70FEF749FB01239F4A13709F4B1C60E8
:10520C009F4B1C609F4B1C609F4B1C609F4B1C70EA
:10521C00042303930CA801F0DBFD0028F8D0DBF885
:10522C0000209B4B02F51C424032A3FB0213D8F822
:10523C00004009A804EB53045B0803EBC303D21A28
:10524C00CBF80020C8F8004001F09CFD00284AD0A3
:10525C00894B1B78002B46D08C4A1378002B47D1F6
:10526C0001231370234645F6EA321344854A136032
:10527C000022854B1A607A4B1D68AE1DC02E88BF6C
:10528C001A6030D8BDF92400FDF78CFC47F82500D6
:10529C00BDF92600FDF786FC05F1010947F8290048
:1052AC00BDF92800FDF77EFC05F1020947F829003D
:1052BC00BDF92A00FDF776FC05F1030947F8290032
:1052CC00BDF92C00FDF76EFC05F1040947F8290027
:1052DC00BDF92E00FDF766FC614B0535C02E47F875
:1052EC0025001E600FD0039B013B039392D18FE7E7
:1052FC00644B1B68E21A002AF5DB634A126802F55C
:10530C00B7426A32B1E700231F93624B88221E9387
:10531C00614B15961393614B14931EAB93E80300EA
:10532C0016AB83E8030011AB83E803001EA809F059
:10533C00E2FCFEF7F5F8002306461EAA584811A910
:10534C00FFF72CFC0546FEF7EBF8002D69D14FF664
:10535C00FF73801B984228BF184683B20793FEF751
:10536C00DFF8239EDDF88490069049463046FDF721
:10537C0029FE00286DD00123049305944FF00209F7
:10538C002C460DEBC903D3F8845031462846FDF763
:10539C0019FE40AB5FFA89FA03EBC401002853D124
:1053AC00284651F87C1CFDF70DFE002818BF54460A
:1053BC0009F10109B9F1060FE3D1DDF8B4A02C4BCA
:1053CC0050463849254693F80090059CFDF7F0FDB2
:1053DC0000286DD1B9F1000F40F06E812849069A72
:1053EC000B68D31A002B1CDB30462F49FDF7E0FD70
:1053FC00B8B150462B49FDF7C7FD90B101231D49AB
:10540C0006981B4A81F800901C4913700860FEF73F
:10541C003BFA079B2A460093049923461EA8FEF7E5
:10542C009BF922494FF41072A1F1C00009F04AFC1B
:10543C0090230B4A1360139B002B3FF454AF11A91C
:10544C000322084698474EE7049C2E46CDF810A040
:10545C00AEE704954E4601258FE700BFA8F5012065
:10546C00A4F5012048F40120A0F501204CF4012002
:10547C009DF501209CF501203DF401205CF40120F8
:10548C0058F4012044F4012040F401203CF40120A4
:10549C00398EE3386D3800100D3A00105D3800106D
:1054AC00ACF801209A99593F9A99993E68F60120D7
:1054BC00B9F1000FB5D0079B2A46009304992346F7
:1054CC001EA8FEF749F9974B1B78FF2B06D001332A
:1054DC00DBB2944A012B137000F00481924BD3F889
:1054EC0004901C6848462146FDF76CFD002800F02E
:1054FC0002810025012402264846B2468B4B0493B8
:10550C00049BA14653F8041F5FFA8AF6CDE90431D7
:10551C00FDF73AFD059958B1D1460AF1010ABAF1E5
:10552C00060F2546344611D07F4B53F82900E7E788
:10553C007D4B084653F82510FDF744FD0AF1010A8E
:10554C00002818BF3546BAF1060FEDD1069B03F5BE
:10555C00AF76774B13F80920002A00F0D280DFF8E1
:10556C00C8A100215AF825502846FDF72BFD50B153
:10557C0029465AF82900FDF75FFA6E49FDF704FD3C
:10558C00002840F0C78000256B4BC9EBC90C1E608E
:10559C006A4B6B4A1C706B4BDFF8ACE103EB8C0C69
:1055AC006A4B53F829606A4B1E606A4B53F829A06A
:1055BC00694BC2F800A033F81930684A0493138081
:1055CC00674B1D70574B1D70BCE80F00AEE80F0009
:1055DC009CE807008EE8070030466249FDF7E8FCBE
:1055EC0000283FF41EAF604A4FF07E5113683046DE
:1055FC001793013313605D4BCDF860A08DF86440B8
:10560C00CDF86650CDF86A50CDF86E50CDF872508A
:10561C00ADF876501693FDF7CBFC00286FD15449AA
:10562C003046FDF713FB4FF07C51FDF707FAFDF701
:10563C00F9FCC3B24FF07C594E4DDFF83CA18DF80C
:10564C00653019AE14E04FF07E512046FDF7B0FCEA
:10565C0078BB51462046FDF7F9FA4946FDF7EEF9BD
:10566C00FDF7E0FC80B2454B26F8020FAB420DD0A3
:10567C0055F8044F00212046FDF790FC0028E2D09D
:10568C0000203E4B26F8020FAB42F1D10022049BC6
:10569C00ADF874300DF1570313F8011F0A440DF1E6
:1056AC0075018B42F8D116A8ADF8762002F0BAF944
:1056BC00B7E642F21070D6E7079B049900931EA838
:1056CC0023462A46FEF748F831465046FDF77AFC49
:1056DC00F0B150462A49FDF757FC00287FF4F3AE91
:1056EC00104B1870274B069A1B68D31AB3F5C86F6A
:1056FC00BFF4F4AE95E6A14601250024FBE6FF239A
:10570C0098E70D4B1E60164B1A70064B1A7088E604
:10571C003046DFE7084B124A1E6000231370014A23
:10572C0013707EE69CF5012084F5012088F501209C
:10573C007CF50120CDCC4C3D58F4012000F001202B
:10574C0054F40120A4F4012060F4012064F501203C
:10575C007CF401208CF4012080F4012050F4012011
:10576C009DF501203333B33EA0F50120AA5501026B
:10577C0000007F435CF4012000401C4678F40120BB
:10578C009A99993E5CF401202DE9F04100270F4DC8
:10579C000F4B95F83C600F4C1B684FEA860840464F
:1057AC002560EB662772FEF74FFC60601EB1424627
:1057BC00394609F0A0FA0023E560C4E90433BDE8DA
:1057CC00F041054A0549034809F082B804F001206C
:1057DC00C4F80120ACF8012038F40120DD3A0010A7
:1057EC0010B52C220021044609F085FA0423A3717C
:1057FC00002010BD034619B110B10020196070478C
:10580C000320704730B4056808462C6811461A46C8
:10581C001CB1A446AB6830BC6047022030BC70475A
:10582C0030B4056808466C6811461A461CB1A4468B
:10583C00AB6830BC6047022030BC704710B5032900
:10584C0082B014D883798B420ED0036881711C68A6
:10585C0009018DF807106CB101227F209B680DF1B6
:10586C000701A04702B010BD002002B010BD0320FC
:10587C0002B010BD0220F5E7002230B5817983B06B
:10588C00044603688DF8042041B182711D682DB166
:10589C009B6801227F2001A9A84723685D68ADB1F0
:1058AC00012206209B6801A9A84768B925689DF8C4
:1058BC0004302C6843F080038DF8043034B101229D
:1058CC000620AB6801A9A04703B030BD022003B08D
:1058DC0030BD00BF70B500220446807982B00E4600
:1058EC0023688DF8042040B1A2711D682DB19B680E
:1058FC0001227F2001A9A84723685D68ADB1012270
:10590C0006209B6801A9A84768B925689DF8043052
:10591C002C6866F386138DF8043034B1012206200E
:10592C00AB6801A9A04702B070BD022002B070BDE7
:10593C0070B500220446807982B00E4623688DF83B
:10594C00042040B1A2711D682DB19B6801227F20FB
:10595C0001A9A84723685D68ADB1012206209B68A8
:10596C0001A9A84768B925689DF804302C6866F32E
:10597C0045138DF8043034B101220620AB6801A91F
:10598C00A04702B070BD022002B070BD002230B53D
:10599C00817983B0044603688DF806208DF80720C2
:1059AC0049B182711D6835B19B6801227F200DF1D0
:1059BC000701A84723685C6874B1012200209B682A
:1059CC000DF10601A04728B99DF80600EA3818BF6A
:1059DC000120800003B030BD022003B030BD00BFF9
:1059EC002DE9F04184B001928A070C4606466BD033
:1059FC0011F0010505D1A3073ED4284604B0BDE83B
:105A0C00F0810225827903688DF80F50AA42BDF807
:105A1C000470D3F800805CD0202285718DF80F20A3
:105A2C00B8F1000F57D09B6801227F200DF10F01B8
:105A3C00C04705463368D3F800808DF80F703F0AD5
:105A4C008DF80E70B8F1000F45D09B680122102024
:105A5C000DF10E01C047336805431F68EDB2002FEE
:105A6C0042D09B68012211200DF10F01B847A3070A
:105A7C0045EA0005EDB2C0D50223B27931688DF844
:105A8C000F309A420C680ED02022B3718DF80F2083
:105A9C002CB38B6801220DF10F017F20A0473168D8
:105AAC0028430C68C5B29DF806308DF80F30CCB188
:105ABC008B68012200200DF10F01A0472843C5B2CD
:105ACC00284604B0BDE8F0810725284604B0BDE89F
:105ADC00F0810025B1E745F00205EDB28BE71846E1
:105AEC001D43EBE70220E9E745F0020583E700BF21
:105AFC00002370B5827982B004460D468DF80430CF
:105B0C005AB1016883710E680EB38B6801227F2035
:105B1C0001A9B04708B102B070BD23685E68B6B188
:105B2C00012203209B6801A9B0470028F3D1266805
:105B3C009DF80430346865F386138DF8043034B165
:105B4C000122B36801A90320A04702B070BD022056
:105B5C00E1E700BF002330B5827983B004468DF8AD
:105B6C00043062B1016883710D68002D32D08B68EE
:105B7C0001227F2001A9A84708B103B030BD2368DA
:105B8C005D683DB3012268209B6801A9A8470028E5
:105B9C00F3D121689DF804300D6843F01F038DF894
:105BAC000430BDB18B680122682001A9A8470028E8
:105BBC00E3D11E2225689DF804302C6862F304039F
:105BCC008DF8043034B10122AB6801A96820A047DC
:105BDC0003B030BD0220D0E7002370B5827982B0CB
:105BEC0004460D468DF804305AB1016883710E6875
:105BFC0056B38B6801227F2001A9B04708B102B0CF
:105C0C0070BD23685E68FEB10122702069469B68F6
:105C1C00B0470028F3D121689DF800304C6803F0A0
:105C2C001F038DF800307CB18B680122712001A913
:105C3C00A0470028E3D19DF800209DF8043043EAEA
:105C4C0002232B8002B070BD022002B070BD00BFD9
:105C5C000023F0B50446807983B00E4615468DF8C6
:105C6C00073060B12268A3711768A7B193687F20D1
:105C7C0001220DF10701B84708B103B0F0BD23684C
:105C8C005C6844B12A4631467220A4469B6803B036
:105C9C00BDE8F04060470220EFE700BF002370B57D
:105CAC00827982B004460D468DF804305AB10168F1
:105CBC0083710E680EB38B6801227F2001A9B04757
:105CCC0008B102B070BD23685E68B6B10122032032
:105CDC009B6801A9B0470028F3D126689DF80430D1
:105CEC00346865F3C7138DF8043034B10122B368FE
:105CFC0001A90320A04702B070BD0220E1E700BF5C
:105D0C00002330B5827983B004468DF804305AB143
:105D1C00016883710D680DB38B6801227F2001A986
:105D2C00A84708B103B030BD23685D68B5B1012246
:105D3C0003209B6801A9A8470028F3D125689DF88A
:105D4C0004302C6843F008038DF8043034B1012280
:105D5C00AB6801A90320A04703B030BD0220E1E7E6
:105D6C0030B50379044683B003B3837949BA022B67
:105D7C00ADF8041010D00221202203688DF8032006
:105D8C001D688171ADB101227F209B680DF103016B
:105D9C00A84708B103B030BD23681C684CB102227F
:105DAC009B6801A95020A04703B030BD082003B068
:105DBC0030BD0220EEE700BF2DE9F04705460C464A
:105DCC0016461F4682B0002B58D0002382798DF8DE
:105DDC0007306AB183710368D3F80080B8F1000F03
:105DEC0038D001227F209B680DF10701C04790BB82
:105DFC00EA79230A9A428DF806302FD14FF0000829
:105E0C0006BB3FE001227C209B680DF10701C847CF
:105E1C00A6EB0809F8B92B68B9F1100FD3F800A05C
:105E2C0028BF4FF0100907EB0801BAF1000F11D091
:105E3C007D204A469B68D0474C44C844A4B250B914
:105E4C0046451FD92B688DF80740D3F80090B9F15F
:105E5C00000FD7D1022002B0BDE8F087EB712B68A0
:105E6C00D3F80080B8F1000FF4D001227E209B689B
:105E7C000DF10601C0470028C0D0ECE7062002B0A7
:105E8C00BDE8F087002002B0BDE8F0872DE9F047AF
:105E9C0005460C4616461F4682B0002B58D00023F0
:105EAC0082798DF807306AB183710368D3F800806A
:105EBC00B8F1000F38D001227F209B680DF107014B
:105ECC00C04790BBEA79230A9A428DF806302FD14D
:105EDC004FF0000806BB3FE001227C209B680DF1CF
:105EEC000701C847A6EB0809F8B92B68B9F1100FE0
:105EFC00D3F804A028BF4FF0100907EB0801BAF142
:105F0C00000F11D07D204A469B68D0474C44C844B2
:105F1C00A4B250B946451FD92B688DF80740D3F869
:105F2C000090B9F1000FD7D1022002B0BDE8F08784
:105F3C00EB712B68D3F80080B8F1000FF4D001227C
:105F4C007E209B680DF10601C0470028C0D0ECE70D
:105F5C00062002B0BDE8F087002002B0BDE8F08753
:105F6C002DE9F04F1F46037904468846164689B042
:105F7C00002B5FD043791BB1002009B0BDE8F08F36
:105F8C00817902688DF8103041B1837115682DB19B
:105F9C0093687F20012204A9A84722685568002D28
:105FAC0078D093680620012204A9A8470028E4D1E0
:105FBC0022689DF81030156860F386138DF8103048
:105FCC00002D67D093680620012204A9A847002859
:105FDC00D3D101462046FFF7ABFC0028CDD1002ED3
:105FEC0067D03546C246B946102DAB4628BF4FF098
:105FFC00100B1FFA8BFB5BFA89F3B3F5807FC8BFDC
:10600C00A3F5807B51465A4604A808F006FF494682
:10601C0004AB5A462046FFF7CFFE1FFA8BF3ED1A5E
:10602C004B44ADB2DA441FFA83F90028A5D1002DF8
:10603C00DAD10DE0082009B0BDE8F08FC8441FFA92
:10604C0089F9A6EB0906B6B2B9441FFA89F71EB353
:10605C00102EB14628BF4FF0100959FA87F2B2F54D
:10606C00807FC8BFA2F580796B46394620464A46E8
:10607C00FFF70CFF00B101354A46414604A808F071
:10608C00CCFE4A46684604A908F00CFE0028D5D080
:10609C00092072E7022070E701212046FFF748FC37
:1060AC0000287FF46AAF002D7FF466AF0123637183
:1060BC0062E701212046FFF73BFC0028F6D05CE7A5
:1060CC00902343F2DD720149FFF74ABF881C01108F
:1060DC0070B5037905460E4682B0002B3FD00021E7
:1060EC0052BAADF80020ADF80410FFF7F3FB0446EC
:1060FC0010B1204602B070BD01462846FFF718FCCF
:10610C0004460028F5D1A03E1E2E1ED8DFE806F06E
:10611C00391D1D1D471D1D1D551D1D1D631D1D1DDF
:10612C001D1D711D101D7F1D8D1D9B1DA91D2B007F
:10613C000222B4216B462846FFF73EFE0222942130
:10614C00284601ABFFF738FE044601212846FFF72D
:10615C00EFFB002818BF0446204602B070BD08248F
:10616C00204602B070BD0222BE216B462846FFF7C6
:10617C0023FE02229E21284601ABFFF71DFE04469A
:10618C00E3E70222A0216B462846FFF715FE022208
:10619C008021284601ABFFF70FFE0446D5E702220B
:1061AC00A4216B462846FFF707FE022284212846CD
:1061BC0001ABFFF701FE0446C7E70222A8216B469C
:1061CC002846FFF7F9FD02228821284601ABFFF78C
:1061DC00F3FD0446B9E70222AC216B462846FFF7D3
:1061EC00EBFD02228C21284601ABFFF7E5FD0446AE
:1061FC00ABE70222B2216B462846FFF7DDFD0222F7
:10620C009221284601ABFFF7D7FD04469DE70222F9
:10621C00B6216B462846FFF7CFFD02229621284671
:10622C0001ABFFF7C9FD04468FE70222B8216B468C
:10623C002846FFF7C1FD02229821284601ABFFF743
:10624C00BBFD044681E70222BA216B462846FFF7C4
:10625C00B3FD02229A21284601ABFFF7ADFD04469F
:10626C0073E70222BC216B462846FFF7A5FD0222EC
:10627C009C21284601ABFFF79FFD044665E700BF54
:10628C002DE9F04F0379064685B0002B67D0132912
:10629C0061D8834B5B5C2B2B5DD84FF6FF7181482B
:1062AC0030F81300884256D0D6E904CE1F2B5AD9A9
:1062BC000121203B9940002A40F0E7802EEA010E94
:1062CC00C6F814E000224FF0010817461546144694
:1062DC007549DFF8D891DFF8D8B1019622E0E0B12A
:1062EC000E8810F4DD6F47EA06071CBF45F0020567
:1062FC0044F4007400F0840640F6180A10EA0A0F01
:10630C0003D045F0010544F4807403EA09033343D8
:10631C0003D045F0080544F080040132202A01F135
:10632C00020146D008FA02F30EEA03001CEA03034A
:10633C00D5D031F8406C37435E4E1E40E8B903EAC5
:10634C000B0A5EB345F0020544F40074BAF1000F79
:10635C0027D00646D5E7072005B0BDE8F08F08200A
:10636C0005B0BDE8F08F01219940002A40F08880EB
:10637C002CEA010CC6F810C0A4E7B1F800A047EA5B
:10638C000A07002E00F0868045F0020544F40074E4
:10639C0013EA0B0F00F08406B3D1ADE7BAF1000F8E
:1063AC00AFD113EA090FB4D10132202A01F1020155
:1063BC00B8D1019E00213046FFF78CFA0028CBD1D2
:1063CC0001463046FFF7B4FA0028C5D144F2400329
:1063DC001F4242F220534FEA570808F4804818BF76
:1063EC0048F400581F427BBAADF80C304FF0020253
:1063FC004FF040013046378403AB18BF48F4805847
:10640C00FFF7DAFC0028A7D18DF80D00A6F8228042
:10641C0002224FEA18284221304603AB8DF80C803B
:10642C00FFF7CAFC002897D18DF80C0002228A21B4
:10643C003046B58403AB8DF80D50FFF7BDFC00283A
:10644C008AD17A0548BF44F0400417F0170F18BFE3
:10645C0044F40054FB0548BF44F0080461BAADF89D
:10646C000C1002224E21304603ABF484FFF7A4FC3F
:10647C0000287FF471AF01213046FFF759FA6BE722
:10648C004CEA010CC6F810C01CE74EEA010EC6F827
:10649C0014E017E710F4DD6F7FF476AF78E700BFF8
:1064AC00841B0110981B0110D81B01100C48108381
:1064BC00188E01E60A8E9EE270B5037905460C46ED
:1064CC0086B0002B00F0D6810DF10601FFF784FB9E
:1064DC00002840F0CD81BDF80660012E40F2E0812D
:1064EC0020800222284602A9FFF7B2FB002840F0C8
:1064FC00BF81BDF80830023E5BBAB6B223809AB2B7
:10650C001B076080ADF8066000F1B781100400F144
:10651C00CA8151041BD50B2E40F2FC810C2228465B
:10652C0002A9FFF795FB002840F0A281A94A02A915
:10653C0002F1300C52F8043B11F8010B2344624574
:10654C009872F7D10C3EB6B22288ADF8066093046F
:10655C0017D5052E40F2F6810622284602A9FFF730
:10656C0077FB002840F08481029B063E5BBAC4F89E
:10657C001630BDF80C30B6B25BBA2288ADF80660A6
:10658C006383D00400F1A58111051CD50B2E40F2BC
:10659C00F1810C22284602A9FFF75AFB002840F093
:1065AC0067818D4A02A902F1300C52F8043B11F8B4
:1065BC00010B2344624583F82400F6D10C3EB6B29D
:1065CC002288ADF8066053051DD50D2E40F2DF81F3
:1065DC000E22284602A9FFF73BFB002840F0488119
:1065EC007E4A0DF1070102F1380C52F8043F11F804
:1065FC00010F2344944583F83000F6D10E3EB6B219
:10660C002288ADF80660900517D5052E40F2CC8196
:10661C000622284602A9FFF71BFB002840F0288120
:10662C00029B063E5BBA2364BDF80C30B6B25BBA73
:10663C002288ADF80660A4F84430D1051DD50D2E86
:10664C0040F2BF810E22284602A9FFF701FB002869
:10665C0040F00E81614A0DF1070102F1380C52F83D
:10666C00043F11F8010F2344944583F84800F6D1F8
:10667C000E3EB6B22288ADF80660130615D5052E6F
:10668C0040F2AC810622284602A9FFF7E1FA002865
:10669C0040F0EE800298063EA065BDF80C30B6B214
:1066AC002288ADF80660A4F85C3090061CD50B2E41
:1066BC0040F2A1810C22284602A9FFF7C9FA002852
:1066CC0040F0D680444A02A902F1300C52F8043B47
:1066DC0011F8010B2344944583F86C00F6D10C3E61
:1066EC00B6B22288ADF80660D10611D5032E40F261
:1066FC008F810422284602A9FFF7AAFA002840F04D
:10670C00B780029B043EB6B21BBAADF80660A36715
:10671C0063885A0414D5012E40F28881022228463F
:10672C0002A9FFF795FA002840F0A280BDF80830C6
:10673C00023E5BBAB6B2A4F87C306388ADF8066052
:10674C009B0413D5012E40F27F810222284602A918
:10675C00FFF77EFA002840F08B80BDF80830023E2F
:10676C00B6B25BBAADF80660A4F87E306388D80484
:10677C0013D5012E40F276810222284602A9FFF79A
:10678C0067FA002874D1BDF80830023E5BBAB6B285
:10679C00A4F880306388ADF80660590513D5012E36
:1067AC0040F27C810222284602A9FFF751FA002808
:1067BC005ED1BDF80830023E5BBAB6B2A4F88430A4
:1067CC006388ADF806601A062DD5052E40F274814B
:1067DC0006E000BFF01B0110201C01104C1C011026
:1067EC000622284602A9FFF733FA002840D19DF86B
:1067FC000830063E63F307009DF80930B6B263F328
:10680C000F209DF80D30ADF8066063F31740BDF80E
:10681C000A305BBAA4F88C309DF80C3063F31F601F
:10682C006388C4F888005B0611D5012E40F25281B2
:10683C000222284602A9FFF70BFAC8B9BDF80830A6
:10684C00023EB6B25BBAADF80660A4F89030012EE9
:10685C0040F216810222284602A9FFF7F9F938B94D
:10686C00022E18BF0C20BDF808305BBAA4F8923089
:10687C0006B070BD082006B070BD012E56D902229C
:10688C00284602A9FFF7E4F90028F1D1BDF8083039
:10689C00023EB6B25BBA2288ADF80660638035E67C
:1068AC000A2006B070BD052E27D90622284602A95B
:1068BC00FFF7CEF90028DBD1029B063E5BBA636082
:1068CC00BDF80C30B6B25BBA2288ADF806602381F5
:1068DC001FE6072E42D9082228460DEB0201FFF7CE
:1068EC00B7F90028C4D1083EB6B202AB03CB22885C
:1068FC00ADF80660E061216246E628460DF106011E
:10690C00FFF76AF90028B3D1BDF80660052ECCD884
:10691C000B20ADE728460DF10601FFF75DF90028C5
:10692C00A6D1BDF806600B2EF2D9F7E528460DF17D
:10693C000601FFF751F900289AD1BDF80660012E27
:10694C00E6D99CE728460DF10601FFF745F900282A
:10695C008ED1BDF80660052EDAD9FDE528460DF17D
:10696C000601FFF739F9002882D1BDF80660072E21
:10697C00CED9B0E728460DF10601FFF72DF9002816
:10698C007FF476AFBDF806600B2EC1D901E6284620
:10699C000DF10601FFF720F900287FF469AFBDF86F
:1069AC0006600D2EB4D913E628460DF10601FFF74B
:1069BC0013F900287FF45CAFBDF80660052EA7D94B
:1069CC0026E628460DF10601FFF706F900287FF4AC
:1069DC004FAFBDF806600D2E9AD933E628460DF15F
:1069EC000601FFF7F9F800287FF442AFBDF8066006
:1069FC00052E8DD946E628460DF10601FFF7ECF879
:106A0C0000287FF435AFBDF806600B2E80D951E617
:106A1C0028460DF10601FFF7DFF800287FF428AFB8
:106A2C00BDF80660032E7FF673AF62E628460DF1C3
:106A3C000601FFF7D1F800287FF41AAFBDF8066005
:106A4C00012E7FF665AF69E628460DF10601FFF7CA
:106A5C00C3F800287FF40CAFBDF80660012E7FF65A
:106A6C0057AF72E628460DF10601FFF7B5F800287E
:106A7C007FF4FEAEBDF80660012E7FF649AF7BE6D3
:106A8C0028460DF10601FFF7A7F800287FF4F0AEB9
:106A9C00BDF80660012E7FF63BAFDBE628460DF114
:106AAC000601FFF799F800287FF4E2AEBDF8066006
:106ABC00012E7FF62DAF75E628460DF10601FFF786
:106ACC008BF800287FF4D4AEBDF80660052E7FF657
:106ADC001FAF85E628460DF10601FFF77DF800286B
:106AEC007FF4C6AEBDF80660012E7FF611AF9FE6AF
:106AFC0070B5037904460D4682B0002B4AD00122B2
:106B0C008179036891428DF804200AD0102182719A
:106B1C008DF804101E6826B19B687F2001A9B04730
:106B2C0023685E68002E38D0012228209B680DF166
:106B3C000301B04760BB9DF90320194B1949681C30
:106B4C00002AA0FB030305FB01112273BDBF02F059
:106B5C007F02C2F59E62063202F2F6421944D31746
:106B6C00FCF7D0FA0023104AFCF7CCFAB0F1004F36
:106B7C0071F1000128BF6FF00040042205BAA0603B
:106B8C004FF4987120460DEB02030195FFF714F9B1
:106B9C0002B070BD082002B070BD0220F8E700BF43
:106BAC00F05A676635080F00A086010030B50278F0
:106BBC00002A52D02D4C0023A44601E0462B45D090
:106BCC000CF8012B10F8012F9E460133002AF5D149
:106BDC000EF102050EF1030C0EF104000EF1050E80
:106BEC002022E25473226255742204F80C203D22B8
:106BFC006329225426DD1E4A0533A2FB01025209E9
:106C0C00303204F80E201B4A03F1010EA2FB015096
:106C1C00C008A2FB0052D20802EB8202A0EB420099
:106C2C003030E0540022134BA3FB0103DB0803EBD1
:106C3C008303A1EB4301303104EB0E0304F80E1077
:106C4C005A7030BD0929EDDD7346DCE74FF04A0E72
:106C5C0049204FF0480C4725C2E74FF0040E0320A3
:106C6C004FF0020C13460125004CB9E7ECF0012063
:106C7C001F85EB51CDCCCCCC08B51D2009F00EFBFB
:106C8C001C224FF400710A4809F0E8FA1D228021F9
:106C9C00074809F0E3FA02224FF40071044809F0A6
:106CAC0011FBBDE8084002228021014809F00ABB13
:106CBC0080B0046070B515461C4686B0E3B1D9B1FE
:106CCC00102A19D88DF804000DF1050008F0A5F86C
:106CDC000121206809F04AFA2179206809F06EFA3E
:106CEC000123EA18206801A992B207F01DFC0546A1
:106CFC0030B9284606B070BD0325284606B070BDD5
:106D0C00206807F0F1FA012DF6D00125F1E700BF5C
:106D1C00F0B583B00D4616461C468DF8070043B3FC
:106D2C0039B3102A25D81868012109F01FFA2179E6
:106D3C00206809F043FA0023012220680DF10701B5
:106D4C0007F0F2FB07462068B7B9022109F00EFAEA
:106D5C002179206809F032FA294601232068B2B261
:106D6C0007F0F8FA054628B1206807F0BDFA012DA6
:106D7C0006D1032003B0F0BD07F0B6FA012FF8D00E
:106D8C000120F7E710B5044684B020B100210F486C
:106D9C00FEF754FD10B1002004B010BD0C232D21C2
:106DAC000A4801AAFEF73CFD0028F4D1A11E01AB54
:106DBC000A3418785A78023342EA002221F8022F5A
:106DCC008C42F6D1012004B010BD00BFCCF80120DC
:106DDC0010B50446A6B058B10021942201A807F0C2
:106DEC008AFF0F4801A9FFF767FB20B10C2802D0DE
:106DFC00002026B010BDBDF8043003F40843B3F5F1
:106E0C00084FF5D1DDE90B2301200A996260A360DC
:106E1C00029ABDF80C302160E260238226B010BDCE
:106E2C00CCF801202DE9F04F754D764C764E91B093
:106E3C0095E80700334603C4110C24F8022B21708B
:106E4C00002495E8070003C3704FDFF8C4A123F8B2
:106E5C00022B150C32201D703C708AF8004009F092
:106E6C00C5F9FFF709FF4FF4007122466948CDE9D7
:106E7C000C4409F0F3F922468021664809F0EEF93A
:106E8C0002224FF40071634809F01CFA022280219F
:106E9C00604809F017FA02224FF400715D4809F0BE
:106EAC00C5F9022280215B4809F0C0F9022009F0E3
:106EBC009DF94FF400710CAA564809F047F980214E
:106ECC0054480DAA09F042F9DDE90C31002B50D0E1
:106EDC0000295AD00322504BDFF84081DFF8409153
:106EEC001A7008F1020B18F8015B4E4BCDE90D44FA
:106EFC00C9F800308DF82C408DF8304089F80450DA
:106F0C000F94FFF7B9FE4FF4C8730D939DF83E3004
:106F1C000DA923F01F0343F0150342488DF83E30B2
:106F2C00ADF8385009F03EF93E4809F04BF92946C6
:106F3C003C4809F043F94B4601227F200BA9FFF78F
:106F4C00B9FE58B94B4601220CA9FFF7E1FE28B94E
:106F5C009DF83030EA2B8AF8003018D0D845C2D1D1
:106F6C0031489AF80010FFF721FE002011B0BDE85F
:106F7C00F08F39B90B46284A2C481370FFF716FED0
:106F8C000020F3E701231946F5E70221F2E710236D
:106F9C00482205930A93E4238DF80A208DF80B30D0
:106FAC004FF4807240234FF00108CDE906232049AD
:106FBC00204B3D70CDE90B1303F1AB63114D1E4C0F
:106FCC0003F56C33C533CDE908008DF807008DF857
:106FDC000900ADF80C000D930FCC0FC594E803001D
:106FEC00286016488DF8088025F8041FFEF7F8FB7A
:106FFC00044628B321460348FFF7D8FDC0E700BF7D
:10700C00140701103CF10120ECF00120CAF801201A
:10701C00C9F8012080B00460C8F801206854011040
:10702C00F8F80120003400603C0C0110200701101E
:10703C0000E8BA2E3D27D27D48070110CCF801207C
:10704C00D54CA5F114070FCC0FC794E80300DFF85B
:10705C004C93386029704846D14989F80480FEF772
:10706C00C9FB04460028C5D1CE4FA5F114040FCF9F
:10707C000FC43B682746238048461B0C07F8023F89
:10708C00FEF7FAFB04460028B4D1642009F0AEF8F0
:10709C004FF60473DFF810C3A5F11404A9F80630F9
:1070AC00BCE80F000FC4DCF80030484623801B0CF2
:1070BC003B70FEF76BFC044600289BD1DFF8ECE23A
:1070CC00A5F1140CBEE80F00ACE80F009EE8070019
:1070DC00ACE80300214648468CF80020FEF7AEFBD6
:1070EC000446002886D1B24CA5F1140C0FCCACE8A8
:1070FC000F0094E803004346CCF8000002AA298054
:10710C0048460621FEF77EFB044600287FF472AF4A
:10711C000A2009F06BF8DFF89CC2143DBCE80F00A4
:10712C000FC59CE8070085E8070021464846FEF796
:10713C00D1FB044600287FF45DAF9F4C103D0FCC73
:10714C000FC594E80F0085E80F0000214846FEF7B4
:10715C00EFFB044600287FF44DAF0A20974C09F052
:10716C0045F80FCCA5F1100CACE80F0094E8030027
:10717C0043462860A980484607210DF10902FEF715
:10718C0041FB044600287FF435AF0A2009F02EF8A5
:10719C00DFF82CC2A5F1100EBCE80F00AEE80F0012
:1071AC009CE80F0085E80F0021464846FEF7A0FC3E
:1071BC00044600287FF41EAFDFF808E2A5F1100C9E
:1071CC00BEE80F00ACE80F009EE80F00ACE807002B
:1071DC002146ACF8003048461B0CAB73FEF75EFD45
:1071EC00044600287FF406AFDFF8DCC1A5F1100ED1
:1071FC00BCE80F00AEE80F009CE8030085E8030034
:10720C0021464846FEF71AFB044600287FF4F2AEEE
:10721C006E4CA5F1100C0FCCACE80F0094E80300F9
:10722C00434628602971484666210DF10702FEF796
:10723C00E9FA044600287FF4DDAE654CA5F1100C8C
:10724C000FCCACE80F0094E803004346286029718A
:10725C00484667210DF10702FEF7D4FA04460028D0
:10726C007FF4C8AEDFF86CC1A5F11004BCE80F00C8
:10727C000FC49CE8070003C448462270FEF76AFC62
:10728C00044600287FF4B6AEDFF84CC1A5F110041B
:10729C00BCE80F000FC4BCE80F000FC4DCF80030D2
:1072AC004FF4805148462360FEF75AFD04460028EF
:1072BC007FF4A0AE494CA5F1100C0FCCACE80F003C
:1072CC0094E8030085E803004846FEF7F9FE0446FF
:1072DC0000287FF48FAE424C103D0FCC0FC594E8C4
:1072EC000F0007C5002148462B70FEF7F3FA044641
:1072FC0000287FF47FAEDFF8ECC0A5F11C08BCE8D9
:10730C000F00A8E80F00BCE80F00A8E80F00DCF89D
:10731C0000302146484688F80030FEF709FB044649
:10732C0000287FF467AE0A202F4C08F05FFF0FCCCB
:10733C00A5F11C0CACE80F000FCCACE80F0094E8E6
:10734C000300C8F8000088F8041048464FF4805138
:10735C00FEF706FD044600287FF44CAE234C1C3D82
:10736C008DF810000FCC0FC594E8070085E80700D6
:10737C0002214846FEF762FA044600287FF43AAE32
:10738C0001231421484604AAFEF74AFA04460028B1
:10739C007FF430AE2CE000BF60070110CCF8012068
:1073AC006C540110780701108C070110A007011014
:1073BC00BC070110D4070110F007011010080110D0
:1073CC0028080110480801106808011080080110F5
:1073DC0098080110B0080110CC080110F008011039
:1073EC0008090110280901104C0901107409011039
:1073FC009DF81030142143F006038DF810304846E8
:10740C00012304AAFEF7FEF9044600287FF4F2AD2E
:10741C0001231421484604AAFEF702FA0446002868
:10742C007FF4E8AD9DF8103003F00603062B01D075
:10743C000124DFE50123C448194604AAFEF7F0F93C
:10744C00044600287FF4D6AD01239DF81020194680
:10745C0042F006028DF81020BB4804AAFEF7D2F9C0
:10746C00044600287FF4C6AD0123B748194604AA88
:10747C00FEF7D6F9044600287FF4BCAD9DF8103019
:10748C0003F00603062BD3D14FF00409AF4DB04CDB
:10749C008DF812900FCC0FC594E8070003C5ADF81A
:1074AC0010902A800321049AA748FEF799FA044603
:1074BC0000287FF49FADDFF89CC2A5F11808BCE84A
:1074CC000F00A8E80F00DCF8003021469E48C8F8F1
:1074DC000030FEF7B3F9044600287FF48BAD9E4CC8
:1074EC00A5F1180C0FCCACE80F0094E803000123B5
:1074FC00C8F8000088F80410934875210DF10A02B1
:10750C00FEF780F9044600287FF474ADDFF84CC216
:10751C00A5F11804BCE80F000FC49CE80F0007C4C9
:10752C0024F8023B1B0C23702621012386480DF105
:10753C000B02FEF767F9044600287FF45BAD884B1D
:10754C00A5F1180A0FCBAAE807004A46AAF80030A2
:10755C004FF4F0717C4805ABFEF72EFC0446002876
:10756C007FF448AD7F4BA5F118040FCB07C4AAF8E4
:10757C0000301B0C8AF802304A4640F2F441724843
:10758C0006ABFEF719FC044600287FF433AD764CAD
:10759C00A5F1180C0FCCACE80F0023684A4688F80C
:1075AC00003040F2E461684809ABFEF705FC044684
:1075BC0000287FF41FAD6D4C183D0FCC0FC5236810
:1075CC004A4688F800304FF4DD615F4809ABFEF79E
:1075DC00F3FB044600287FF40DAD654C103D0FCC39
:1075EC000FC523684A462B7040F2EC61564809AB34
:1075FC00FEF7E2FB044600287FF4FCAC5D4BA5F1E2
:10760C0010080FCBA8E80700A8F800301B0C08F8EE
:10761C00023F4A464FF450614B4807ABFEF7CCFB98
:10762C00044600287FF4E6AC534BA5F110040FCBB5
:10763C0007C423801B0C88F800304A4640F60451DE
:10764C00414808ABFEF7B8FB044600287FF4D2ACE7
:10765C004A4BA5F110040FCB07C423801B0C88F8F0
:10766C0000304A4640F60851374808ABFEF7A4FBF9
:10767C00044600287FF4BEAC414BA5F110040FCB9F
:10768C0007C423801B0C88F800304A4640F60C5186
:10769C002D4808ABFEF790FB044600287FF4AAACFB
:1076AC00384BA5F110040FCB07C423801B0C88F8B2
:1076BC0000304A464FF45161234807ABFEF77CFB80
:1076CC00044600287FF496AC2F4BA5F110040FCB89
:1076DC0007C423801B0C88F800304A4640F614512E
:1076EC00194808ABFEF768FB044600287FF482AC0F
:1076FC00264BA5F110040FCB07C423801B0C88F874
:10770C0000304A4640F618510F4808ABFEF754FBC0
:10771C00044600287FF46EAC1D4BA5F110040FCB72
:10772C0007C423801B0C88F800304A4640F61C51D5
:10773C00054808ABFEF740FB044600287FF45AAC22
:10774C00144B103D28E000BFCCF801203CF1012087
:10775C0090090110AC090110C0090110D8090110E1
:10776C00F8090110080A0110180A01102C0A01105E
:10777C00400A0110540A0110640A0110740A011025
:10778C00840A0110940A0110A40A0110B40A011011
:10779C00C40A0110D40A01100FCB07C52B801B0C97
:1077AC0088F800304A464FF45261884807ABFEF720
:1077BC0003FB044600287FF41DAC0C3D2C46DFF87F
:1077CC0010C2BCE80F000FC49CE8070003C4494674
:1077DC0022707E480322FFF78BF9044600287FF4C1
:1077EC0009ACA8467B4C0FCCA8E80F0023684A468E
:1077FC00A8F800301B0C3B7040F28C4173480AAB6C
:10780C00FEF7DAFA044600287FF4F4ABAC46724C6F
:10781C000FCCACE80F0023684A46C8F800304FF490
:10782C0086716A480BABFEF7C7FA044600287FF452
:10783C00E1ABAC46694C0FCCACE80F0023684A4670
:10784C00C8F800304FF4B66160480CABFEF7B4FAE0
:10785C00044600287FF4CEAB614B0FCB85E80F00BC
:10786C004A464FF4B86159480DABFEF7A5FA0446E9
:10787C0000287FF4BFABAC465A4C0FCCACE80F00E1
:10788C0023680222A8F800301B0C3B7040F2E45134
:10789C004E4803ABFEF790FA044600287FF4AAABDF
:1078AC002C46514F0FCF0FC40FCF0FC43B68012292
:1078BC0024F8023B09211B0C44482370FEF7E0FC22
:1078CC00044600287FF496AB2C46484F0FCF0FC4CC
:1078DC000FCF0FC43B68012211213C482380FEF7D7
:1078EC00CFFC044600287FF485ABAC46404F0FCF4D
:1078FC00ACE80F003B682246AC21344888F80030D5
:10790C00FEF7E6FB044600287FF474AB394F0FCF2B
:10791C000FC53B682246BE212C4888F80030FEF784
:10792C00D7FB044600287FF465AB103D2F46324C44
:10793C000FCC0FC794E8070003C724483A80FEF722
:10794C0009F9044600287FF455AB2C46DFF8ACC08F
:10795C00BCE80F000FC49CE8070003C4130C012102
:10796C001A483A80BB70FEF7C3F8044600287FF42F
:10797C0041AB2C46DFF888C0BCE80F000FC4DCF824
:10798C00003012482360FEF7BBF9044600287FF450
:10799C0031AB2C46DFF86CC0BCE80F000FC49CE880
:1079AC00070003C4012109483A80FEF777F9044621
:1079BC0000287FF41FAB144B01201B681A0C2B8082
:1079CC00AA703380B270FFF7D1BA00BFCCF8012097
:1079DC00E40A0110000B0110140B0110280B01100C
:1079EC003C0B01104C0B0110600B0110840B0110AF
:1079FC00A80B0110BC0B0110D00B0110EC0B0110EB
:107A0C00080C01101C0C0110380C01100022402134
:107A1C00034B1A605A609A60D9601A611A757047E4
:107A2C0000F002202DE9F04130B11C4CA368C3F5E5
:107A3C007A731F2B02D80020BDE8F081A368C3F530
:107A4C007A77202FBE4628BF4FF0200EB3F57A7FF1
:107A5C0020D04FF47A76124D00F1FF3C6346226839
:107A6C001CF8011F22441176216802330131A5FB59
:107A7C000182920906FB12121B1A9E452260EDD858
:107A8C001F2F94BF00200120044A93687344936015
:107A9C00BDE8F08100208646F6E700BF00F002202A
:107AAC00D34D621010B50F4C82B00DF1060120467B
:107ABC0008F000FCBDF806100B060DD5636B5BB12E
:107ACC00094B03F1200001E0834205D0626803F802
:107ADC00012B626B002AF7D1024808F0D3FB02B0ED
:107AEC0010BD00BF0034006000F90120FFF7DABFC1
:107AFC00FFF7D8BFFFF7D6BF00B583B00DF1050176
:107B0C003A4808F00FFB39489DF8051008F04EFB79
:107B1C009DF805309A0713D400230DF10501344864
:107B2C008DF8053008F0FEFA31489DF8051008F084
:107B3C003DFB9DF805309B072FD403B05DF804FB8B
:107B4C000DF10601294808F05DFB284808F056FBAA
:107B5C00284A2949294BC2F89410C2F89830D2F817
:107B6C008C3001216FF30F0343F020032448C2F83B
:107B7C008C3008F04FFB0028CED13F211B4808F079
:107B8C0015FB0028C8D10221184808F007FB002873
:107B9C00C2D1164808F026FBBEE7154808F02EFBAC
:107BAC00144A1849164BC2F8D410C2F8D830D2F87F
:107BBC00CC303F216FF30F0343F020030C48C2F885
:107BCC00CC3008F0F3FA0028B7D10221084808F0AD
:107BDC00E5FA0028B1D10146054808F057FB00280A
:107BEC00ABD1034808F0FEFAA7E700BF8081005034
:107BFC00C0810050008100500434006000F9012065
:107C0C000034006020F9012010B520B319B3134BD8
:107C1C00134C1960134B206000201A6008F0F6FA20
:107C2C00022008F0F3FA2168022008F04FFB4FF015
:107C3C00FF31052008F04AFB4FF0005260210A4B3F
:107C4C00C3F8802183F81D131A601D21012008F050
:107C5C0001FB002010BD102010BD00BF44F9012015
:107C6C0048F9012040F9012000E100E0F8B5048852
:107C7C0043880F4603FB04F45668456844B155F835
:107C8C00040B3946FAF7E2FF013C46F8040BF6D137
:107C9C000020F8BD2DE9F0475D68DDF838A0012D16
:107CAC00DDE90867DDE90AE8DDE90C9410D1A56887
:107CBC00AD070DD18D69012D0AD1CDE90D4ACDE964
:107CCC000B89CDE9097E0896BDE8F04700F0CABCE7
:107CDC004FF0FF30BDE8F08700F0F2BE2DE9F04F19
:107CEC0090460A6993B00C46DDE92106002A6DD155
:107CFC004A69002A6AD1C9689D68D3F800C001FBA3
:107D0C0005F9D0E90217D0F804B0D868BCF1000F1F
:107D1C0000FB09F90A9007FB01FAA0680B9751DDEB
:107D2C0096460D9159460A9AD34602FB00F2CA4672
:107D3C000C92CDF844C072469C46894602FB05F570
:107D4C00DCF804001C9BB9F1000F00FB05352FDD9E
:107D5C000027CDE90E2ECDF840C001E0B94523D067
:107D6C000C9B626A09930A9B089204930B9B28460E
:107D7C0003930D9B1E990293226A33460792626805
:107D8C0001370692226855440592D8F804205E44C7
:107D9C000192D8F800200092209A01F05BFD002897
:107DAC00DCD013B0BDE8F08FDDF840C0DDE90E2E5D
:107DBC000A9B0EF1010E1A44119B734502D0DCF89C
:107DCC000850BBE7002013B0BDE8F08F4FF0FF3038
:107DDC00E7E700BF10B58C4609698AB0002932D19B
:107DEC00DCF81440002C2ED1DCF8081001292AD123
:107DFC00DCF80C10012926D1D9680991049111994C
:107E0C00C9680391D3E9010100FB01F11B6803FB75
:107E1C0001F1D2E90023029101930092DCF82400D5
:107E2C00129B0890DCF82000109A0790DCF80400F4
:107E3C000E990690DCF8000005900C9801F00AFDF4
:107E4C0020460AB010BD4FF0FF30FAE70020704713
:107E5C002DE9F04FADB0DDF8DC809946D8F808403C
:107E6C00D8F80450DB6805FB04FC03FB0CFCBCF5E8
:107E7C00007F0B940E958246DDE93B750C46164649
:107E8C0080F2168202681492002A00F0FF81D9F861
:107E9C000820D9F800000692BA6800280F927A6878
:107EAC00D9F804A01992FA68179222691E92626995
:107EBC001F92A2681092E2682092B4F920201A92C4
:107ECC00B4F924201B9232681C9272681D924DDD0D
:107EDC00069C1F9A1E9902FB04F25242521A03FB93
:107EEC0002F20E9E5200259206FB03F2DDF82CC026
:107EFC004FEA43090CFB02F713FB06F212FB0CF2E0
:107F0C0002F00302229204FB0AF203FB02F252007B
:107F1C00199E16920F9A189706FB02F2179E06FBF3
:107F2C0002F24FEA420E209A02FB04F203FB02F229
:107F3C0052002492109A02FB03F25200129204FB9C
:107F4C0003F2002453000993149B03EB8703119352
:107F5C004B42239373002193369B199A002A09DC18
:107F6C00169A0134A04213447544F6D100202DB06A
:107F7C00BDE8F08F0146D3461846F24636930F9B68
:107F8C00002B40F309814FF0000C1F9B0E9E149F99
:107F9C00F61A08960B9B1E9ECDF898A09E1BBA460F
:107FAC006346B446259A15958218279128943690E5
:107FBC003C95D04665460024924623990E9807912D
:107FCC000899CDE92A2C091A139129930E9B002BA1
:107FDC0016DD079B05F1FF3EAEEB030EAB42A8BFCF
:107FEC004FF0000E564609FB0EFE139F0B9B002B09
:107FFC0000F3DA80099B01371E44089B9F42F5DB96
:10800C00119B434500F0FF80079B109A01341344E9
:10801C000793129B15449A440F9BA342D6D1DDE9DA
:10802C002932249920980A44089901330144089173
:10803C001999C2469942DDF8ACC0BAD1DDE926A146
:10804C00149B289C984536983C9D00F0A580179B66
:10805C00002B40F3A180CDF834A0CA46189BDDF864
:10806C00E8E0C3F38F077B1E9BB25A1C92000A9266
:10807C00149ADDF8E0C0083202EBC3030C931C9B8E
:10808C00219A043B08931D9B1391043B0793159B6A
:10809C00269003EB0208002F00F0F5800A9BE146C6
:1080AC009C440023CDE927AE149E59F8042B2FFADB
:1080BC0092F1D6F800A070682FFA82F2E145C2EA7C
:1080CC00014E2EFB0A33C1EA224106F1080621FBC0
:1080DC000033EAD1DDE927AECC460C99229848B1A1
:1080EC006246844412F9010B31F8026B944516FB7D
:1080FC000033F7D1089A52F8041F0892079A52F8E5
:10810C00049F07923A9A002A00F09E806A4A914294
:10811C0000F3968001F500410E14C917DEF800201B
:10812C009A1802FB01F0DEF8041041EBE37106FB38
:10813C000101A2FB06628B18C9F10E0209F11209AA
:10814C00D64003FA09F9203A46EA09065CBF43FA1D
:10815C0002F21643731C5B101A9A0EF1080E93422E
:10816C00B8BF13461B9A9342A8BF1346159A22F820
:10817C00023B904515928ED11399D1462698DDF885
:10818C0034A0169B01348C42184455443FF4EEAE97
:10819C000F9B002B3FF7F7AE169B0134A1421844FE
:1081AC0055447FF4ECAEE1E6CDE90C4AB2463E46CE
:1081BC004F46CDF828E0D1464346079CB34505DD34
:1081CC0054EA060202D4069AA24232DC18463A4617
:1081DC00002106F090FD03460134AC423B44B94407
:1081EC00ECDB0A9B08EB070000EB0308099B01364C
:1081FC009A44089B9E42DEDBDDE90C4A119BB94692
:10820C0043457FF401AF159BDDF8508005933A9BF5
:10821C0041460493189B179A03931B9B389802931F
:10822C001A9B01931C9B00931D9B00F0F5FF15906E
:10823C00EAE618463A46494606F0EFFD0346CBE718
:10824C0047F6FF76002169E74FF0804629EAE9728C
:10825C0093403A9AC9F10009C3FB0162F30F43EA58
:10826C004203012229EAE97902FA09F2013A03EA06
:10827C00020153FA09F34FEA620248BF01329142FC
:10828C00C8BF013368E73B46149927E74146484687
:10829C0000F016FC00280BDCD8F80820DAF80030C7
:1082AC000B92D8F8042014930E92D9F80C30EEE50A
:1082BC004FF0FF305BE600BFFFFFFE7FC068D1E9E7
:1082CC00013202FB00F003FB00F08000704700BF9E
:1082DC002DE9F04FBBB0499CDDE944A5A768D5F862
:1082EC000880D5F80490E66865681C460B460B952B
:1082FC00256861689646D4F80CB0A268D3F81CC007
:10830C009C69002D4698CDF84880CDF85C90139769
:10831C00119216910C94CDF834C040F3748114462C
:10832C0001FB02F239460BFB02F24FEA420C0B9AAC
:10833C00002E02FB07F206FB02F24FEA420708FB93
:10834C0009F20BFB02F2249206FB01F24FEA420205
:10835C0023920BFB04F20D990C9C01FB02F208FB1F
:10836C000BF107920BFB04F208914FEA46012291A4
:10837C0000924FEA420140F34681DEE9002ED3F829
:10838C001080CDF874E0CDF86080D3F80880A2F1AD
:10839C00040ECDF86480D3F80C802A46CDF86880A2
:1083AC00D3F820800024CDF86C803546D0468A4620
:1083BC00D3F814905B6A01381C930290C9F1000346
:1083CC004846DDF8009029934FEA4B030021CDE994
:1083DC002BC7CDE92D24CDE92FE303EB08060F9134
:1083EC00CDF854E00996159A52F8043F15929B4A21
:1083FC009342CEBF47F6FF7303F500431B140A9359
:10840C000B9B002B40F3E9800D9B189A013B1C1829
:10841C0053421F934A9B03EB410E489B03EBC10352
:10842C002593139B002B40F3D880299B0A9E0E9317
:10843C00002326961093F6171D9B2A960C9E53F834
:10844C00213032442792C3F10E02123328934B464B
:10845C00D1469A461E923195169B0D9A234493FB56
:10846C00F2F31F9E94FBF2F50096179E25EAE57534
:10847C00B342A8BF334606930E9B002705FB02337D
:10848C00119A2E4602FB03F32093129BF44603FB36
:10849C0005F32193009B14971D46279FCDE93201CC
:1084AC00CDE934E4013F119B0C9903EB070E9EFBC5
:1084BC00F1FE97FBF1F3129A9645A8BF964623EA74
:1084CC00E372069B00929E4280F2C380209B34464E
:1084DC00EB1802FB0133219900200A440F990BFB86
:1084EC0003F30BFB02120021CDE93665CDE9387C94
:1084FC00009D75450FDA94461F46099E009D06EBBC
:10850C004306BBF1000F00F382800135AE455744A2
:10851C00DC444E44F5D1079D01342B44089D2A447C
:10852C00069DA542E4D1DDE93665DDE9387CCDE96F
:10853C000001489B4BB1259A009913685268CB18DF
:10854C00019942EB0102CDE90032DDE900012A9BE1
:10855C000A9A00FB03F301991E9802FB0131269B3A
:10856C00009AA2FB03230B442899C24003FA01F1A1
:10857C000A43B0F120015CBF43FA01F10A43531CDA
:10858C001B9A5B109342B8BF13461999149A0D4469
:10859C007F1A1C9901328B42A8BF0B46ACF80030F5
:1085AC00229B14929C44139B93427FF47CAFDDE995
:1085BC0034E4DDE932011A9A0E9D109B1544A41A7D
:1085CC000B9A01330E95239D93421093AE447FF486
:1085DC0043AF5346CA469946319D0F9B249A0131AD
:1085EC0013448D420F937FF4FEAEDDE92D24DDE9BB
:1085FC002BC7DDE92FE34A9901343944A242E04408
:10860C004A917FF4E3AE00203BB0BDE8F08FCDE99A
:10861C0003340592CDF81081029AE0466244AC46D0
:10862C00449B03EB470333F9025B12F9014FB3424E
:10863C00C5FB8401F7D16546C4460135AE455744A8
:10864C00DC444E44E8D1DDE90334059ADDF81081B1
:10865C0061E700230024CDE900346AE7FFFFFE7FC9
:10866C00002070472DE9F04FB9B0439C00689E463E
:10867C00D4E901460D46DDF81CC1DB681D900028CD
:10868C0000F014822969DCF80C702E916969DEF80F
:10869C0000B02F91D5E902A130912968CDF87CB0BA
:1086AC000A916968A0B22191296ADEE901E9229157
:1086BC00696ADCE901C823911168526824912592FA
:1086CC00B2B20992BAB22B925A46002A99B246DD3E
:1086DC00B2B212FB00F21FFA86FBA6B212FB01F239
:1086EC0099B20BFB06F31FFA8CF01FFA8EFC1FFAE3
:1086FC0089F401FB03F90CFB01F304FB03F31FFAF0
:10870C0088FE20930EFB00F3BFB207FB03F31FFAA6
:10871C008AF826934FEA410A0BF1FF330AFB03F365
:10872C00139308FB01F31C931D9B109603EB890319
:10873C001A9393B22A9302F0030300261491CDF8F6
:10874C0024C0CDF858E00B943397CDF86C80CDF85D
:10875C00C490329338B91F9B0136B342FBD1002031
:10876C0039B0BDE8F08FD846D346BDF928308446E1
:10877C00159304FB01F3429848993793D5E90632D7
:10878C001FFA83FA379B92B202FB03F31193149BEB
:10879C0000240AFB03F30A93169B12922BB90134A3
:1087AC006445FCDB8E461D9A52E0BDF8B8302D9521
:1087BC003493BDF8C0300D463693BDF8BC308646B8
:1087CC003593234644461D9A2C96489136993598F4
:1087DC0003FB01F1A1EB00090B99349809FB01F1A2
:1087EC00149E091A06FB01E700262793109B4142B1
:1087FC00B846CDE928CE37460C912E46002B00F01A
:10880C002A811E964E46DDF830E0B146C446002063
:10881C00002C40F0C080109B01309842FCD11A9B78
:10882C00934200F0EF801C9B013798441B9B9E44A5
:10883C00169B9F42E9D1DDE928CE279B1E9D013373
:10884C006345C3DBA04670462C9EAE4648992D9DD1
:10885C00DDF874A0924500F09280339C002C00F05F
:10886C008E80CDE911B6E346319BDDF81891C3F348
:10887C008F030F93013B9BB25A1C92000D920AF18D
:10888C00080202EBC3030E93249B449FA3F1040A3A
:10889C00259B043B0A930EEB04030C93469B002B85
:1088AC0000F0FD800F9AD9F80030002A00F0FC800F
:1088BC000D9ACDE9179A1D9EBC46CDF864801744DD
:1088CC005CF8042B2FFA92F4D6F800A0D6F804909A
:1088DC002FFA82F26745C2EA044828FB0A38C4EA38
:1088EC00224406F1080624FB0983E9D1DDE9179A35
:1088FC00DDF864800E9C329E56B13A46374412F92C
:10890C00016B34F802CBBA421CFB0633F7D1174685
:10891C000A9A4FF0804C52F8044F5AF8046F0A929E
:10892C0024EAE47293400022C3FB06C24FEADC73D4
:10893C0043EA42030122644224EAE474A240013A6D
:10894C0003EA020623414FEA620248BF0132964213
:10895C00219AC8BF01331344229A09F104099342A6
:10896C00B8BF1346239A9342A8BF13460EF8013B97
:10897C000C9B734592D1DC46129EDDF844B0209BD3
:10898C0001361844269B19441F9BB3423FF4E7AEB3
:10899C00D5E90632F4E6CDE91787CDF83CE0199617
:1089AC00E04616460025CDE90CC00F9F0E92099BA0
:1089BC004B4504D9002F02DB0B9BBB4260DC5A46B3
:1089CC000021304606F097F90A9B0135AC425E4413
:1089DC0098445744EBD1DDE90CC00E9A139B5A44D2
:1089EC001A44119B01309C44129B9944109B984251
:1089FC00D6D1DDE917871A9BDDF83CE09342199E2E
:108A0C007FF411AFB1461E9ECDF830E0469B2B9AF9
:108A1C0005932A9B06960493219B1D990193249BF5
:108A2C0044980093BDF98C3001370393BDF988301D
:108A3C000293259B00F052F91C9B1B9A98440C9BAB
:108A4C00064613440C93169B9F4222D0109B1D9AF2
:108A5C00002B7FF4D6AE0C9B1A99914217D01C991F
:108A6C00013788441B990B4416998F42F4D1DDE9E8
:108A7C0028CE3546279B01339C453FF7A7AEE1E650
:108A8C003146DDE91423404601F0EEFC9CE70C93E3
:108A9C00BCE70546DDE928CE279B1D9AEBE70F9A2C
:108AAC00469B002A7FF404AF1D9C24E706FB03F1D0
:108ABC0004FB01F100297FF7E5AD4FF0FF304FE6E5
:108ACC00C068D1E9013202FB00F003FB00F080002A
:108ADC00704700BF2DE9F04F85B0DDE90E54D4E9A5
:108AEC00017607FB06FADDE9106B0195DDE91375DC
:108AFC000295DD68804605FB0AFABAF5007F9E46B2
:108B0C008C46DDF84890039205DA8D69012D02D16F
:108B1C00CD69012D11D0029B6146CDE913734046FE
:108B2C007346CDE90F46039A019CCDE911B90E9419
:108B3C0005B0BDE8F04FFFF7CBBBCDE90F46029D6A
:108B4C00019CCDE91375CDE911B90E9405B0BDE8C2
:108B5C00F04FFFF77DB900BF8C46D2E9011301FB42
:108B6C0003F3DCF80C1001FB03F3B3F5007F02DA1E
:108B7C008369012B03D011466046FFF771BDC369B1
:108B8C00012BF8D111466046FFF798BB2DE9F04F49
:108B9C0083B00C9C8046DDE90D7BDDE90FA9DDE996
:108BAC00116500940C698C469E4601920CB94C6977
:108BBC00F4B1DEF80430012B09D1B3689B0706D160
:108BCC00DCF81830012B02D17B68012B33D07346B3
:108BDC0061464046009C019ACDE91165CDE90FA98B
:108BEC00CDE90D7B0C9403B0BDE8F04FFFF73ABD17
:108BFC00BC68012CDDD17C68012CDAD18C69012C8C
:108C0C00D7D1CC69012CD4D18C68012C02D1CC6881
:108C1C00012C21D0734661464046009C019ACDE957
:108C2C001165CDE90FA9CDE90D7B0C9403B0BDE81E
:108C3C00F04FFFF753B8734661464046009C019ACB
:108C4C00CDE91165CDE90FA9CDE90D7B0C9403B0ED
:108C5C00BDE8F04FFFF71EB8009CCDE91165CDE9DA
:108C6C000FA9CDE90D7B0C9403B0BDE8F04FFFF7D5
:108C7C00B1B800BF844608461146DCF8102012B982
:108C8C00DCF8142072B14268012A09D19B689B0759
:108C9C0006D1DCF81830012B02D14B68012B19D00E
:108CAC00FFF70EBF8A68012AEDD14A68012AEAD182
:108CBC00DCF81820012AE6D1DCF81C20012AE2D1CC
:108CCC00DCF80830012B03D1DCF80C30012B03D07D
:108CDC0000207047FFF700B8FFF7B8B82DE9F04F48
:108CEC0093469BB0BDF998402A9E0394BDF99C40D5
:108CFC001A460494BDF8A0405FEA5B0307940C91FC
:108D0C000C46DDF890A006EB0B0100F076810AF121
:108D1C000807A24606F1020901F1020C02F108064D
:108D2C00CDE915BCCDF818C0BE46B446013B9DB28A
:108D3C00079A0B1D03EB45030E9393080F93013B0E
:108D4C009BB204EB42045A1C0D94940008940D9CA5
:108D5C000AF1080202EBC30A079A04EBC3030833B7
:108D6C00129302F0030310936B00CDE91335CDE998
:108D7C001769CDF81490CDF844A01997079BC1182A
:108D8C00299B002B00F00082D3E9004B0833299378
:108D9C000F9B002B00F0FF81DDE90C56DA462346D1
:108DAC000746089ACDE909CE8218019102920B91DF
:108DBC002868D6F8008057F804CB2FFA9CF2DDF81F
:108DCC0004E02FFA8CFC5EF8041BC2EA2C49CDF8A7
:108DDC0004E0CCEA024C2FFA91F2D5F804E02CFB1B
:108DEC0000442CFB0833D6F804C02FFA81F129FB80
:108DFC000E4429FB0C33C1EA024929FB00B029FBC4
:108E0C0008A9C2EA214222FB0E0B22FB0C9A029A01
:108E1C000835974206F10806CAD1DDE909CEDDE92D
:108E2C00118938460B99089A1144109DA5B1024638
:108E3C00471912F9016B38F9025B11F9010B05FBAB
:108E4C00064405FB00BB39F9025BBA4205FB06334D
:108E5C0005FB00AAEDD110465CF8085C002625EA5B
:108E6C00E5718C404FF080415EF8082C6D42C4FBDC
:108E7C000216012225EAE575AA40C90F41EA46010E
:108E8C00013A01EA020429414FEA620248BF013269
:108E9C009442259AC8BF01311144039A002591428E
:108EAC00B8BF1146049A0EF1080E9142A8BF1146A4
:108EBC00059A0CF1080C02F8021C5CF8101C5EF808
:108ECC00102C21EAE17403FA04F44FF08043C4FB44
:108EDC0002350122494221EAE1718A40DB0F43EA63
:108EEC004503013A03EA02040B414FEA620248BF10
:108EFC0001329442259AC8BF01331344039A0025CA
:108F0C009342B8BF1346049A9342A8BF1346069ADD
:108F1C0002F8023C4FF080425CF80C1C5EF80C3CF2
:108F2C0021EAE1740BFA04F4C4FB03250123494242
:108F3C0021EAE1718B40D20F42EA4502013B02EA81
:108F4C0003040A414FEA630348BF01339C42259B4B
:108F5C00C8BF01321A44039B00259A42B8BF1A4677
:108F6C00049B9A42A8BF1A46059B03F8012C4FF0AC
:108F7C0080425CF80C1C5EF80C3C21EAE1740AFAA5
:108F8C0004F4C4FB03250123494221EAE1718B401F
:108F9C00D20F42EA4502013B02EA03040A414FEABE
:108FAC00630348BF01339C42259BC8BF01321A445E
:108FBC00039B04999A42B8BF1A468A42A8BF0A4634
:108FCC00079B1844059B02330593069B02330693BB
:108FDC0003F8032C0E9A9A427FF4D0AEDDE91335D8
:108FEC00DDE91769DDE915BC199F06EBC50207EB36
:108FFC00C50A0CEB030109EB03061BF0010F00F093
:10900C00BE800C9B079C03EB4409299B002B00F0B2
:10901C00C7801D68079B9B0800F0C480CC462C467B
:10902C00864600EB8300013B1FFA83F8CDE90181F2
:10903C00CDE9059B0C9F0892CDF890A0D7F8008045
:10904C00DCF800B05EF8042B2FFA92F3D7F804A0EA
:10905C00DCF804902FFA82F28645C2EA034121FB28
:10906C00085821FB0B41C3EA224307F108070CF116
:10907C00080C23FB0A8523FB0914DFD1DDE90181F0
:10908C00DDE9059B70460C9B09EBC809083303EB23
:10909C00C803089ADDF890A00C9309F10809079B06
:1090AC0013F003030ED0DDF830C0034410F9017B3C
:1090BC003CF802EB98421EFB075539F802EB1EFBFD
:1090CC000744F3D14FF080404FF00008012713689C
:1090DC0023EAE37E05FA0EFEDAF80050C3F1000C29
:1090EC00CEFB05082CEAEC7C07FA0CF3C00F40EA27
:1090FC004800013B00EA030550FA0CF043FA07F371
:10910C0048BFDB199D42259BC8BF01301844039B07
:10911C00DDF810C09842B8BF18466045A8BF60463D
:10912C0035464FF080430027012605F8010B1268E5
:10913C00DAF8000022EAE27C04FA0CF4C4FB0037F3
:10914C00504220EAE07006FA00F2DB0F43EA4703D4
:10915C00013A03EA02043241034148BF9219944296
:10916C00259AC8BF01331344039A2E469A42B8BFBE
:10917C001A461346049A9A42A8BF1A460A7006EB7E
:10918C000B001BB0BDE8F08FDDF8A4B00F9B5C4664
:10919C00002B7FF401AEDDE90C89DA46234644E668
:1091AC00299D37E72C467AE72DE9F04F1D688BB0E7
:1091BC000C46DDE91469DDE9198A17462DB34FF029
:1091CC00010BC246D8F80C20D9F80010DDF86880E5
:1091DC002069CDE9070BE368059278680693049142
:1091EC003A68A168CDE9022022684346CDE9002106
:1091FC003046189A169900F0BFFFD9F80010DAF82B
:10920C000C20013D0E449044E2D100200BB0BDE88F
:10921C00F08F00BF002070472DE9F04F9BB0BDF9D7
:10922C0094500E46299C06950B91BDF99850194601
:10923C0002EBD273C3F34F030795DDF890A01546EC
:10924C004FEA420B04EB420C002B00F07A810CF13C
:10925C00040E01F108070AF1080CCDF80CC0CDF88A
:10926C0060C0BC46279A013B06EB4206002A0D96CD
:10927C00B8BF03329EB201F1100304F1040803EBF2
:10928C00C603C2F38F040E93631E9BB2591C890054
:10929C0008910D99CDE9048E083101EBC3011091B1
:1092AC000B99CDE912B6083101EBC3031193279B3F
:1092BC00CDE916E703F003030F93F300CDE9143562
:1092CC000C94CDF86480279BC1180C9B002B00F0EC
:1092DC0080824FF00009089B0746C3180293CA46C8
:1092EC004B464C46CDE909C10D9E0B9D019128685A
:1092FC00D6F8008057F804CB2FFA9CF2DDF804E086
:10930C002FFA8CFC5EF8041BC2EA2C4BCDF804E05F
:10931C00CCEA024C2FFA91F2D5F804E02CFB004475
:10932C002CFB0833D6F804C02FFA81F12BFB0E442A
:10933C002BFB0C33C1EA024B2BFB00A02BFB089B35
:10934C00C2EA214222FB0E0A22FB0CB9029A083512
:10935C00974206F10806CAD1DDE909C1DDE9108E94
:10936C003846089A11440F9DADB1024600EB050B2F
:10937C0012F9016B3EF9025B11F9010B05FB064476
:10938C0005FB00AA38F9025B5A4505FB063305FBC1
:10939C000099EDD11046039A5CF8086C52F8085C01
:1093AC00289A002A00F09881CA4A954200F38981D4
:1093BC0005F500452F14ED17289A28991268D1F855
:1093CC0004E0A11801FB05F84EEBE47407FB0488DC
:1093DC00A1FB0714A044C6F10E04123608FA06FBD2
:1093EC00E14041EA0B01B4F1200B5CBF48FA0BFBE6
:1093FC0041EA0B019A1802FB05F54EEBE37E07FBE5
:10940C000E55A2FB07272F44E24007FA06F6203C34
:10941C00069B58BF47FA04F442EA060201F1010127
:10942C004FEA610158BF2243013299424FEA62026E
:10943C00B8BF19469A42B8BF1A46039B53F8044C5E
:10944C00079B9942A8BF19469A42A8BF1A46049B8B
:10945C0023F8041C059B23F8042C9E4B9C4240F3E0
:10946C00348147F6FF730024289A5CF8046CD2E927
:10947C00021E1AEB010505FB04F74EEBEA7203FB27
:10948C000277A5FB03252F44C6F10E05123607FA09
:10949C0006F8EA4042EA0802B5F120085CBF47FA38
:1094AC0008F842EA080219EB010101FB04F44EEB47
:1094BC00E97E03FB0E44A1FB03312144EB4001FA8E
:1094CC0006F6203D289C43EA06035CBF41FA05F5ED
:1094DC002B43013210345D1C521028946D10069BE6
:1094EC00079C9A42B8BF1A469D42B8BF1D46A2427D
:1094FC00A8BF2246A542A8BF2546279B059918441C
:10950C00039B0CF1080C08330393049B04310433C4
:10951C0023F8062C04930E9B05919C4521F8065CC0
:10952C007FF4D1AEDDE918C8DDE912B6DDE91435FA
:10953C00DDE916E70CEB030AF9180EEB860C08EBC9
:10954C008604EB0740F1B880279B279A0B9EC3F348
:10955C008F0306EB42084FEAA209002B00F046816C
:10956C00013B1FFA83FE002347461D46CDE901BE91
:10957C00CDE903C81FFA89F900EB89090591CDF8EB
:10958C0090A0D6F800E0D7F800B050F8041B2FFAE2
:10959C0091F2D6F804A0D7F804802FFA81F1814516
:1095AC00C1EA024C2CFB0E5E2CFB0B3CC2EA2142A6
:1095BC0006F1080607F1080722FB0AE522FB08C39F
:1095CC00DFD1DDE901BEDDE903C848460B9A08F19D
:1095DC000808083202EBCE020599DDF890A00B9238
:1095EC0008EBCE08279A12F003020DD00B9F024411
:1095FC0010F9016B37F802EB82421EFB065538F866
:10960C0002EB1EFB0633F3D1289ADAF800000E6841
:10961C00002A00F0ED802F4A904240F3E28047F69A
:10962C00FF770020289A28991268D1F804E0A9182D
:10963C0001FB00F84EEBE57507FB0588A1FB071550
:10964C00A844C6F10E05123608FA06F9E94041EABB
:10965C000901B5F120095CBF48FA09F941EA090191
:10966C009A1802FB00F04EEBE37E07FB0E00A2FB08
:10967C0007373844EB4000FA06F6203D43EA060370
:10968C005CBF40FA05F52B434A1C013352105B10AA
:10969C00069907988A42B8BF0A468B42B8BF0B4658
:1096AC0082422146A8BF0246834221F8022BA8BF62
:1096BC0003460C46ACF8003004EB0B001BB0BDE8C5
:1096CC00F08F47F6FF77002576E604F50044231467
:1096DC00E417C9E6FFFFFE7F4FF0804226EAE677EB
:1096EC002899BC40C4FB0521D20F42EA410201215A
:1096FC00764226EAE676B14001394C1002EA010EB8
:10970C00324154BFA04604F10108C64503FA07F3E1
:10971C004FF0000E4FF08047C3FB057E4FEAD77722
:10972C0047EA4E07C8BF013239403741069B48BF54
:10973C000134A142C8BF01379A42B8BF1A469F42B2
:10974C00B8BF1F46039B002653F804EC4FF0804330
:10975C005CF8041C21EAE1750AFA05F4C4FB0E3628
:10976C00079C4942A242A8BF2246A742A8BF27464F
:10977C00049C21EAE17124F8042C059ADB0F22F8F1
:10978C00047C012202FA01F443EA4603013C44FA48
:10979C0002F653FA01F203EA040718D433469F4247
:1097AC0009FA05F34FF000074FF08045C3FB0E5745
:1097BC004FEAD57545EA470504EA0504C8BF0132EE
:1097CC000D4148BF0136B442C8BF013587E6731C52
:1097DC00E5E7DDE90BE4DDF83480A146A24623463B
:1097EC00C1E500F500400714C0171BE71D46F9E65C
:1097FC004FF08042012726EAE671DDF8A0E08D40AB
:10980C00C5FB002E764226EAE676B740D20F013F22
:10981C0042EA4E027D1002EA070E324154BFA846BE
:10982C0005F10108C64503FA01F14FF0000E4FF0A7
:10983C008043C1FB003E4FEAD37343EA4E0307EA71
:10984C000307C8BF0132334148BF0135AF42C8BF1F
:10985C0001331DE72DE9F04FA3B01746DDE92C6568
:10986C009C461F92359B309A88469342DDF8B890FF
:10987C00DDF8C4E01C90C0F27B842F9B013B1D9350
:10988C002F9B012B40F3A0826FF003031C464FEA81
:10989C0069014B1E17912F99CDE9208C01FB03F325
:1098AC0001EB43031E93309B3099A3F11002013B53
:1098BC0043440D9322F00F031846139310330F9368
:1098CC00631A35990293631A03930B46CDF85880AB
:1098DC004FF0000AF04614330344359A1493309B2E
:1098EC00C3EB42031093309B5B00159309F001030B
:1098FC001B932F9B0CEB030B331D05932B1D049318
:10990C002F9B5B0011932F9BABEB03030693309BB8
:10991C00002B40F3128400220D9D11462846169B05
:10992C00013B13F9014F214410F9014F9D42224490
:10993C00F7D101FB08F30B9302FB08F30C9357B11F
:10994C003B1D53F82A300C9A1A440C9257F82A30C3
:10995C000B9A1A440B92179B002B00F0F4831C9B60
:10996C000F9A0093179BCDE918AB0793309B1A976E
:10997C00033B0E930BF101030893169BCDF8C480A7
:10998C0013441293309B0F2B40F388820C9B0B9843
:10999C001C4602463599009E149F0D9D043131449E
:1099AC003E4405350196039EDDF808C056F801A02B
:1099BC005CF80590771855F8048CAC442FFA89F6AE
:1099CC002FFA8AFE2FFA99F92FFA9AFA2EFB060033
:1099DC002AFB09002FFA88FB2FFA98F82EFB0B3E76
:1099EC0051F8043C2AFB08EE2FFA83FA2FFA93F372
:1099FC002AFB06262AFB0B4A23FB08A223FB09663B
:109A0C00D7F804A0DCF80490D5F800802FFA89F47C
:109A1C002FFA8AF32FFA99F92FFA9AFA23FB0400FA
:109A2C002AFB09002FFA88FB2FFA98F823FB0BE38B
:109A3C002AFB083E0B682FFA83FA2FFA93F32AFBC2
:109A4C0004642AFB0B2A23FB094423FB08A3DCF840
:109A5C000890D7F808A0D5F804802FFA89F22FFACD
:109A6C008AF62FFA99F92FFA9AFA26FB02002AFBAA
:109A7C0009002FFA88FB2FFA98F826FB0BE62AFB35
:109A8C000866D1F804A02FFA8AFE2FFA9AFA2EFB58
:109A9C0002422AFB09292EFB0B3EDCF80C20FB684A
:109AAC002AFB08EEAF682FFA82FC2FFA83F42FFA08
:109ABC0092F22FFA93F324FB0C0023FB02002FFAF3
:109ACC0087F82FFA97F724FB086423FB07438C686D
:109ADC002FFA84F62FFA94F426FB0C9C26FB08E64E
:109AEC0024FB02C224FB0764019E10318E4205F157
:109AFC0010057FF458AF00990F9D29440091DDE9C2
:109B0C00121505F110070E9DAF424ADA009E8846E9
:109B1C00B646309D0197A5F1040BABEB070525F07C
:109B2C00030ACDE909150AF1040AB24458F8046B8A
:109B3C005EF8041B58F80B502FFA86FC2FFA81F7AD
:109B4C002FFA96F62FFA91F127FB0C0021FB060059
:109B5C002FFA85F92FFA95F527FB093721FB0573A9
:109B6C003599714451F8041C2FFA81F72FFA91F1B1
:109B7C0027FB0C2CD64527FB094721FB06C221FBF2
:109B8C000574D3D1DDE90915009E019F25F003056D
:109B9C0006F1040C04313E1D0CEB0507009729441B
:109BAC007719309DBD4225DD159D359E01EB0509CC
:109BBC00309D01F1FF382944009DA9EB070905F1FF
:109BCC00FF3A05EB060E11F9016B1AF9015F18F952
:109BDC0001CF05FB063305FB0C001EF9015B894523
:109BEC000CFB052206FB0544EDD10099309D294460
:109BFC00C91B00910499002651F8045C059925EACB
:109C0C00E57951F8047C00FA09F14FF08040C1FB72
:109C1C00070601216D4225EAE575C00F40EA4600B2
:109C2C0001FA05F6013E50FA05FB4FEA660800EA18
:109C3C00060154BF404608F1010081420499059881
:109C4C000968099721EAE177D0F800A04FF0000EDF
:109C5C0003FA07F04FF08043C0FB0A3E4FF00100BF
:109C6C00C1F1000121EAE1714FEAD37300FA01F06E
:109C7C0043EA4E0300F1FF3003EA000C4FEA600E9A
:109C8C00C8BF0BF1010B0B41CDF828C058BFF446EF
:109C9C0001930A9B48BF0EF1010C634502DD019B49
:109CAC000133019302FA09FC4FF080424FF0000996
:109CBC00099B04FA07F7CCFB0329D20F42EA4902AD
:109CCC0016404FF080442A414FF00005C7FB0A456F
:109CDC0048BF08F10108E40F44EA4504464500EA90
:109CEC000400C8BF01320C4148BF0EF1010E329B7B
:109CFC007045019803EB0B01184403463298C8BF1A
:109D0C000134024404443398109D8142B8BF01468B
:109D1C008342B8BF03468242B8BF02468442B8BFF2
:109D2C00044600982844009034988142A8BF01460C
:109D3C008342A8BF03468242A8BF02468442A8BF02
:109D4C00044606980170014643700898119B00F870
:109D5C00012C0A461A44C3180893079B0470013B54
:109D6C00069207937FF40EAEDDE918AB1E9B1A9F8B
:109D7C005B44DDF8C48006931B9B002B40F0958060
:109D8C00DDE91523134416930D9B0AF1020A1344C3
:109D9C000D93059B0BF1020B08330593049B0833C1
:109DAC0004931D9B9A45FFF6AEADDDE92C652F9B08
:109DBC00C646DDF880805B0803FB0288DDF884C0B2
:109DCC00DDF8B8900CEB430C2F9BDB0762D5B9F197
:109DDC00000F5FDD4FF0804B0024359B309ACDF89F
:109DEC000480A3EB020A2F9B1F9A5B44013B06EBFA
:109DFC00830605EB8305CDF800A002EB8303DDF8A9
:109E0C0070A0DDF8C08002931F9B002B00F09E8198
:109E1C00029B1968B8F1000F0DDD019B5246581ECC
:109E2C00C24412F9013B10F9017F7344524507FB00
:109E3C000311F6D192462868002720EAE07291407F
:109E4C005A46009B40429A44336820EAE070C1FBBA
:109E5C0003270123D20F834042EA4702013B02EA67
:109E6C00030102414FEA630348BF01339942329B1D
:109E7C00C8BF01321344339A01349342B8BF13461E
:109E8C00349A9342A8BF13468CF800302F9BA145FF
:109E9C009C44B9D1002023B0BDE8F08F0C9B0B98EB
:109EAC001C460246002716992DE6309B0F2B40F3DB
:109EBC005481DDE90B12DDF800900F9B4C46CDE987
:109ECC0000AB99440D9B029E0533079756F803E0AF
:109EDC0053F8047C2068F5182FFA8EFA2FFA80FCC0
:109EEC002FFA87FB2FFA9EFE2FFA90F02FFA97F796
:109EFC002CFB0A1A2CFB0B2C616820FB0EA220FBFE
:109F0C0007C06F68D3F800C02FFA87FA2FFA81FECA
:109F1C002FFA8CFB2FFA97F72FFA91F12FFA9CFC62
:109F2C002EFB0A2A2EFB0B0E21FB0CE021FB07A7B4
:109F3C00D3F804E0D5F808A0A1682FFA8AFC2FFA10
:109F4C0081F22FFA8EFB2FFA9AFA2FFA91F12FFA4F
:109F5C009EFE22FB0C7C22FB0B0221FB0E2021FB24
:109F6C000ACCE268E9689D6810342FFA81FE2FFA5A
:109F7C0082F72FFA85FA2FFA91F12FFA92F22FFA33
:109F8C0095F527FB0ECE4C4527FB0A0722FB01E17A
:109F9C0003F1100322FB057298D1DDE900AB169B8F
:109FAC00CDE90B120F9A00949C18139B079F03F199
:109FBC001002309B033B934244DD00982646054635
:109FCC00309BCDE907B2A3F1040EAEEB020323F0F4
:109FDC000301CDE909430431CDF804A0DDF82C9040
:109FEC00DDF830A000EB010C56F8040B55F8043BDF
:109FFC0056F80E202FFA80F42FFA83F12FFA82FBF9
:10A00C002FFA90F02FFA93F32FFA92F221FB04948B
:10A01C00654521FB0BA123FB004923FB021AE3D16D
:10A02C00DDE90943DDE907B2009823F00303211DA4
:10A03C000430CDE90B9A0432CC18DDF804A0C11819
:10A04C0000911A44309B934215DDDDE90B569B1AA7
:10A05C003099009A601E1344611812F9014B11F9E2
:10A06C0001CB9A4204FB0C6610F901CF14FB0C5582
:10A07C00F3D1CDE90B56049B0B9853F8042C4FF0FD
:10A08C00804522EAE2718840014600200124059BAC
:10A09C00524253F8043C22EAE272C1FB035004FA28
:10A0AC0002F3E90F41EA4001013B51FA02F501EAE2
:10A0BC00030043FA04F348BF1B199842049B0C9C01
:10A0CC0019684FF0804621EAE17004FA00F420464A
:10A0DC004FF000044FF00102059BC1F100011B6819
:10A0EC0021EAE171C0FB036402FA01F24FEAD67374
:10A0FC0002F1FF3243EA440303EA0200C8BF013510
:10A10C0052100B4148BF013290423299C8BF013303
:10A11C00329A0B4433992A448A42B8BF0A468B427E
:10A12C00B8BF0B4634998A42A8BF0A468B42A8BFD7
:10A13C000B4606990A704B7022E64FB10023CDE90D
:10A14C000B33FFF7FDBB1C9B009315E61F9961E6D3
:10A15C00179B2BB1CDE90B7701E40022169C28E765
:10A16C001B9B002B3FF40CAE179BCDE90B3382E706
:10A17C004FF0FF308FE600BF2DE9F04F95B0239CD8
:10A18C001E9D04EBD4777F10012C2EB29446C6EAA8
:10A19C0006469A46DDF888900B97099040F3F380B9
:10A1AC00219F4A467F4227EAE77318460493269B71
:10A1BC004FEA490B5B000C930346012000FA03F3B2
:10A1CC00013BB9F1000FCDF808B0DDF884B0B8BF91
:10A1DC0009F1030205930341099822F0030E97102D
:10A1EC002BEAEB7BCDF838E00D97CDF80CB000EBFB
:10A1FC0087070EEB010BA9EB0E00E6460A93013321
:10A20C000F902394D04600204C4610971193129136
:10A21C00CDF84CA0BEF1000F00F0A680774657F8A1
:10A22C00082BDEF80430BE460F190197029FCF1998
:10A23C0006970D9F002F00F01181CDE9070BDDF87B
:10A24C002490BC46CDF804800F1959F8040B26FA5B
:10A25C0090FB51F804AB26FA80F02FFA9AF828FB01
:10A26C000B282FFA8AFA2AFB008257F8048B2FFA54
:10A27C0098FA2AFB0B3A2FFA88F8BCF1010C28FB50
:10A28C0000A3E2D1DDE9070B59460BEB0407DDF81F
:10A29C0040C0DDF8048001970E9FBC4212DD0F9F79
:10A2AC0007960CEB070A019F1CF9016B11F9019B36
:10A2BC002E4406FB092217F9019BD44506FB0933F2
:10A2CC00F2D1079E03994FF080478A400021DDF8B8
:10A2DC0080C00130C2FB0C71FA0F42EA4102049FAC
:10A2EC000599DDF880C011403A414CBF119F0A9F7F
:10A2FC00B94203994FF0804703FA01F34FF0000184
:10A30C00C3FB0C714FEAD77343EA4103049F0599D1
:10A31C00C8BF013219403B414CBF119F0A9FB94243
:10A32C001F99C8BF01330A440B4424998A42B8BF11
:10A33C000A468B42B8BF0B4602998B4425998A4238
:10A34C00A8BF0A468B42A8BF0B4688F80020269A65
:10A35C0008F802300C9B98440B9B834207DD06994E
:10A36C00BEF1000F7FF45AAF734672465CE7F446B9
:10A37C000C99DDF84CA0129A03FB01AA0299A14694
:10A38C0003FB0121239CE30764D5BCF1000F68D0CB
:10A39C00DCF80030C846B9F1000FB8BF09F103086A
:10A3AC005FEAA8081AD08E464446099F57F8040B5A
:10A3BC0026FA90FB5EF8042B26FA80F02FFA92FC1A
:10A3CC002CFB0B332FFA82F2013C22FB0033EDD134
:10A3DC00099A01EB880102EB88020992B9EB880F0C
:10A3EC004FEA88020CDD099CA9EB0202224414F905
:10A3FC00010B11F9016B2844944200FB0633F6D192
:10A40C004FF0804200200121219C24EAE474A340F7
:10A41C00209CC3FB0420219BD20F5B4223EAE373F5
:10A42C00994042EA4002013902EA01001A414FEA1E
:10A43C00610148BF013188421F9BC8BF01321344E0
:10A44C00249A9342B8BF1346259A9342A8BF134649
:10A45C008AF80030002015B0BDE8F08FDDF824C07C
:10A46C001AE7634696E700BF2DE9F043C3EA0346BB
:10A47C005FEA92081AD00C460746454657F804CBBB
:10A48C00013D4FEA3C2E26FA8EFE26FA8CFC04F196
:10A49C000804CEEA2C49CCEA0E4C44F8049C44F84F
:10A4AC0008CCEBD100EB880001EBC80112F00302E1
:10A4BC0008D09BB2024410F9014B1C44904221F885
:10A4CC00024BF8D1BDE8F0832DE9F04FA1B0119308
:10A4DC009368CE6808934B68DDE92A0515938B6861
:10A4EC00D5E901C51293D368BCF1000FDDF8B0E0DB
:10A4FC00B1F91090B1F914A009950293C6F10007B7
:10A50C0040F3DE80DDF80880089D434605FB03F32D
:10A51C005D004346DDF8248007955D0008F1FF33AC
:10A52C0005FB03F30195129D13936D421795454658
:10A53C00002D40F3C5800025F046CDF86090CDF895
:10A54C0064A0CDF8B0E0B946E246AE465268029B34
:10A55C0014920A685B100E924268039316928268FA
:10A56C009B001A94019C0F920493149B169A3344EB
:10A57C009342A8BF134600251299089A26EAE67C56
:10A58C00179806930CEB090302FB03F3CDE91D8628
:10A59C0047460E462A460146CDE91B9A1093CDF844
:10A5AC007CE0089B26EAE67503EB06090F9B9945B0
:10A5BC00A8BF9946069B9C4560DA109BCDE90C26FA
:10A5CC0001EB030A119BAA4404FB0A3A2E46002312
:10A5DC000498CDE90AC1CDF814C007EB00084E452C
:10A5EC0040DA5246002B40F0A380514622463846B2
:10A5FC0004F013FCB44651460CF1010CE145214426
:10A60C002FD00A46039B002B40F390803D460194CB
:10A61C00286852F8043B0FFA80FE1CB200141B147D
:10A62C007445B8BF74468342B8BF034664F30F0B3E
:10A63C0063F31F4B45F804BBA845E9D14346049A84
:10A64C00019C8A180298C007D6D5B2F90020B3F93C
:10A65C0000000CF1010C9042B8BF1A80E145214476
:10A66C00CFD101230799059A8A44069901328A426F
:10A67C000592B4D1DDE90AC1DDE90C260E9B01324D
:10A68C001944F61A099B274493428AD1DDE91D86A9
:10A69C00DDE91B9ADDF87CE0139A08EB04030EF15C
:10A6AC00010E03EB0208159BF2459944A6EB030639
:10A6BC007FF45BAF1A9CDDF8B0E0D446DDE9189A64
:10A6CC00099B03FB0CF0029B03FB00F04210002AD9
:10A6DC001CDD764697000EEB8202336819B24945B1
:10A6EC004FEA2343B8BF49464B45B8BF4B4651458B
:10A6FC00A8BF51465345A8BF534661F30F0463F3FB
:10A70C001F4446F8044BB242E7D1BE44C30709D5F7
:10A71C00BEF900309945B8BF9946CA45A8BFCA468C
:10A72C00AEF800A0002021B0BDE8F08F3B4689E7D1
:10A73C00B446514666E700BF2DE9F04FD1E90465F8
:10A74C009FB00F939368DDE9288006934B68D0F88F
:10A75C0004C013938B68CF6811936346002BD0F819
:10A76C0008E02A9CD2F80CB0CDF840C0C7F1000A22
:10A77C0040F3F0800EF1FF330BFB03F31593069BB4
:10A78C00BEF1000F0BFB03F30593119BC3F1000308
:10A79C00169340F3DF804FF0000C5368CDE9186539
:10A7AC0012930B683A460C93D8F80430264614934F
:10A7BC00D8F80830E0460D934FEAAB0317932BF013
:10A7CC0003030293CDF82CE02A94129B14991344A2
:10A7DC008B42A8BF0B46119C37461D96002126467E
:10A7EC0022EAE270DDF818C0049300EB0A030CFBBC
:10A7FC0003F3169DCDE91A2A2A46179D0E93CDF820
:10A80C007080069B26EAE67406EB03090D9B9945BE
:10A81C00A8BF9946049B98427DDA0E9B019402EBEB
:10A82C00030A0F9BA2440BFB0A3A2C460023DDF8CB
:10A83C0008C0CDE90762CDE90910039007EB0C08BD
:10A84C00019A4A455ADA5246002B40F0DC805146B8
:10A85C005A46384604F0E1FA5146019E0136B1459C
:10A86C0059444AD00A46002C40F3CB803D46CDF8E3
:10A87C0000B0286852F8043B4FFA80FC4FFA83FE74
:10A88C00E645B8BFE6464FF0000C40F3072B6EF3DD
:10A89C00070C43F3072EDE45B8BFDE4640F3074BEB
:10A8AC006EF30F2C43F3074EF3454FEA23634FEA45
:10A8BC002060B8BFF3468342B8BF03466BF3174C16
:10A8CC0063F31F6C45F804CB4545D2D14346029A3D
:10A8DC00DDF800B00A441BF0030CBFD0013B9444DC
:10A8EC0012F9010B13F9015F8542B8BF187062456C
:10A8FC00F6D10136B1455944B4D101230599039AD7
:10A90C008A44049901328A42039299D1DDE90762A3
:10A91C00DDE9091025460C9B01311A44F61A0B9BF4
:10A92C005F448B427FF46DAFDDE91C86DDE91A2AAA
:10A93C00159906EB0B035E18139B08F101089A445A
:10A94C00D21A109B43457FF440AFDDE91865DDF862
:10A95C002CE02A9C109B0EFB03F30BFB03F39810CB
:10A96C0000283ADDA446870004EB8000DCF80020C8
:10A97C004FF0000E4FFA82F942F30728B14542F32B
:10A98C000741B8BFB146B0454FEA2262B8BFB046E6
:10A99C00B142B8BF3146B242B8BF32464FFA89F91C
:10A9AC004FFA88F8A94549B2A8BFA946A84552B2A2
:10A9BC00A8BFA846A942A8BF2946AA42A8BF2A46B2
:10A9CC0069F3070E68F30F2E61F3174E62F31F6ED7
:10A9DC004CF804EB6045C9D13C4413F003030CD094
:10A9EC00234494F90020B242B8BF3246AA42A8BF11
:10A9FC002A4604F8012BA342F3D100201FB0BDE876
:10AA0C00F08F3B4667E75146019E2CE72DE9F04F4E
:10AA1C009DB09DF8A0401E460B1E19941192299CC6
:10AA2C00189340F3FF8300231593531E00EB030987
:10AA3C00631E1393A31E1293DFF8D482530000F10C
:10AA4C00FF3A1A93CDF80490119A9AF90170012AE1
:10AA5C000AF1010340F34186019913F9012F974242
:10AA6C00B8BF17469942F8D10023D346CDF83CA085
:10AA7C00CDE90237B2467DE0C2FB0830002805DA8A
:10AA8C006FF000429A18134640F10000DB0F43EAC6
:10AA9C00400303EB08024FF080434FF0000E1946C1
:10AAAC009C4E0D98C2FB061EC90F41EA4E0101FBDC
:10AABC000CFC10400C9A8CEA000C0CEA02010020F1
:10AACC001A46954EF224CCFB0620D20F42EA4002E5
:10AADC0002FB07F700201A46904E4F40C7FB06209A
:10AAEC000B9ED20F42EA400202FB06F600201A46E9
:10AAFC000E9939408A4F4E40C6FB0720D20F42EACE
:10AB0C00400202FB05F500201A4607993140854E9C
:10AB1C004D40C5FB0620D20F42EA40020598089929
:10AB2C0002FB00F0024629404A40002519467E4EA1
:10AB3C000A98C2FB06151040C90F049A41EA450158
:10AB4C0001FB02F200214240C2FB0431DB0F43EA5D
:10AB5C0041030699099813FB01F302405A40131361
:10AB6C00110548BF0133029A1A440292019B5B45BE
:10AB7C0000F0E680039A1BF9013F9B1A279A9A4230
:10AB8C00F4DC269A93409AEA030F59BF4FF08041A8
:10AB9C0000224FF0FF326549C3FB0A12002A04DA87
:10ABAC006FF00040091842F10002C90F9A4541EAC2
:10ABBC00420100F093804FF0804041F07F435C01F4
:10ABCC005B1AC3F30072C3F38069C3F34076C3F31B
:10ABDC00006CC3F34067C3F3C0650592C3F3807385
:10ABEC00013A06930892013B721E0A9209930022C5
:10ABFC00034604F18054C4FB0432DB0F43EA4203E6
:10AC0C000022C3FB03020CF1FF3ECDF834E007F148
:10AC1C00FF3ECDF830E0C00F09F1FF3E40EA4200A4
:10AC2C00CDF838E005F1FF3E84EA0302CDF81CE0D4
:10AC3C004FEAA00E800748BF0EF1010E002AA6BFF6
:10AC4C004FF0804200204FF0FF30CDF82C9004964E
:10AC5C0084FB0396B8BF354A12EB090240EB0600A1
:10AC6C00002806DA6FF0004912EB09094A4640F158
:10AC7C000000D20F42EA40022D48724492EA000FC3
:10AC8C0028D44FF080404FF0000E294EC2FB060E28
:10AC9C00BEF1000F05DA6FF00042821810464EF13B
:10ACAC00000EC00F40EA4E0003445A105CBF03F084
:10ACBC000103D218224492EA080F59BF4FF0804387
:10ACCC0000204FF0FF30194B00297FF4D5AE4FF424
:10ACDC00002348E74FF0FF3E1448D6E7BAF1004F87
:10ACEC007FF469AF4FF0FF3000256FF00041AC46A8
:10ACFC002F46CDE90800CDE905550E4A0E4B0F4CF9
:10AD0C000D900E900B950A90079004950C90B8E757
:10AD1C0094A8F5707BBEAF63F2CBA24D6CAC162F32
:10AD2C00A4AA5211B72A580211FE0A00010000C051
:10AD3C00ABAAAA2AFFFF4100F8FFFF01E0FFFF0FBB
:10AD4C00029B5646002B039FDDF83CA000F0C78405
:10AD5C00B3FA83F940F3A2844FF0FF3003FA09F3FE
:10AD6C0003F10043DA175B0843EAC27313F1804323
:10AD7C0042F1000E6449654AC3FB0210002805DA53
:10AD8C006FF000428A18114640F10000C90F41EAE9
:10AD9C0040014FF08042002001F15A31C1FB0320E9
:10ADAC00D20F42EA4002C2F1005292EA010F82FB3A
:10ADBC00014040F18384544AA21860F1000000283D
:10ADCC00C0F28384D20F42EA40029200114491EA0D
:10ADDC00030F59BF4FF0804200254FF0FF354A4A10
:10ADEC009C46C1FB0325002D0C464FEAE170C0F2D6
:10ADFC00AA84D20F42EA4502C2F1005291EA020F34
:10AE0C0000F1A9844FF080454FF0000B029502FB36
:10AE1C0000F0D51704FB0500A2FB0424029D20447E
:10AE2C00521940EB0B00002805DA6FF0004414199E
:10AE3C00224640F10000D20F42EA4002B2F1005F1C
:10AE4C00C0F2EA836FF000420A4492EA0C0F6146AA
:10AE5C005ABF4FF0804100204FF0FF3002FB0EF440
:10AE6C004FEAE27503FB0544A2FB033548BF2649B4
:10AE7C002C445B1844EB0004002C05DA6FF0004105
:10AE8C0059180B4644F10004DB0F43EA4403C3F1A9
:10AE9C00005392EA030F59BF4FF0804100204FF04E
:10AEAC00FF301949C2FB0310002805DA6FF000438C
:10AEBC00CB18194640F10000C90F41EA4001B1F12D
:10AECC00005FC0F24E846FF000431A44B2F1804F21
:10AEDC00C0F256840293199B002B00F0DD81119B6C
:10AEEC00C9F11B02002B149240F38981012393407A
:10AEFC00013B129916935B10D346B14603911793FD
:10AF0C000497CDF86CA06DE1010000C0C4C3C3C3AD
:10AF1C00269A934099EA030F59BF4FF080470022BD
:10AF2C004FF0FF32C14FC9FB0372002A05DA6FF0F4
:10AF3C00004179180F4642F10002FF0F994547EA8C
:10AF4C00420700F08581B7FA87F34FF0804247F053
:10AF5C007F41002F4FEA5313A1EB0707C7F340655E
:10AF6C0003F1FF33C7F38064099305F1FF33C7F393
:10AF7C00C060059304F1FF33C7F3007C069300F126
:10AF8C00FF33C7F3407E0F930CF1FF33C7F3807A86
:10AF9C000D930EF1FF3308930AF1FF33CDF838C04F
:10AFAC0007934FF0000C13464FEA411101F1805109
:10AFBC00C1FB013C4FEAD37343EA4C034FF0000C46
:10AFCC00C3FB032C4FEAD27242EA4C02C7F3006671
:10AFDC00CDF830E00CBF6FF0004700274FEAA20E0F
:10AFEC00CDF82CA0920781FB03CA83EA010248BF6B
:10AFFC000EF1010E002AA8BF4FF08042CDF840A000
:10B00C00AEBF4FF0000A4FF0FF3A884A0A971CEB8C
:10B01C000202DDF840C006F1FF374CEB0A0ABAF128
:10B02C00000F06DA6FF0004C12EB0C0C62464AF182
:10B03C00000AD20FDFF8F8C142EA4A02724492EADF
:10B04C000C0F59BF4FF0804C4FF0000E4FF0FF3EED
:10B05C00DFF8D8C1DFF8D8A1C2FB0ACEBEF1000FD1
:10B06C0006DA6FF000421CEB020294464EF1000E21
:10B07C004FEADC7C4CEA4E0C63445A1002D403F0C9
:10B08C0001031A440A4492EA080F59BF4FF0804357
:10B09C0000214FF0FF31654BC2FB0831002905DA66
:10B0AC006FF000429A18134641F10001DA0F4FF08D
:10B0BC00804342EA41024FF0000C1946DFF874E17C
:10B0CC004244C2FB0E1CC90F41EA4C0101FB06F6BF
:10B0DC0017407E401A460027DFF85CC10599C6FB75
:10B0EC000C27D20F42EA4702314002FB05F500263D
:10B0FC001A46524F4D40C5FB07260699D20F42EA1D
:10B10C004602294002FB04F400251A464C4E4C40E2
:10B11C00C4FB06250F99D20F42EA4502214002FBDF
:10B12C0000F000241A46474D4840C0FB05240D99F9
:10B13C00D20F01400E9842EA440202FB00F0024694
:10B14C0000244A401946404D0898C2FB0514104093
:10B15C00C90F0C9A41EA440101FB02F2114600248A
:10B16C004140F2251846C1FB0504079AC00F0A405E
:10B17C000B9940EA440010FB01F0099942400A4047
:10B18C000A9902984A40029992EA010F52BF002193
:10B19C004FF0FF31254BC2FB0031002905DA6FF06F
:10B1AC0000429A18134641F10001149ADB0F43EA4E
:10B1BC00410353FA02F21DD416990B4017998B4296
:10B1CC0065DDA2F5FF437F3B47F6FE729342CCBF91
:10B1DC0047F6FF731BB2039A22F8023F019B0392BE
:10B1EC005B4509D0049A1BF9013F9B1A279A9A4296
:10B1FC007FF78EAE154BEEE74E46DDF86CA0119A3C
:10B20C0001999244114401911399159B1144139186
:10B21C00129A1A9901330A441292189A15939A4267
:10B22C007FF412AC1DB0BDE8F08F00BF010000C070
:10B23C00ABAAAA2A7BBEAF63F2CBA24D6CAC162F85
:10B24C00A4AA5211B72A580211FE0A000080FFFF6F
:10B25C00B9F1004F7FF477AE4FF0FF360020B446C3
:10B26C003746089605960696054604460646CDE9E9
:10B27C000B00134B134A14490A900E90CDF824C0BE
:10B28C00CDF81CC0CDF834C0CDF83CC0F7E6A2F523
:10B29C000043002A98D19EE7119BC9F12302002B91
:10B2AC001492ACDD01239340013B139916935B1070
:10B2BC00D346B146039117930497CDF86CA06CE17B
:10B2CC00F8FF1502FCFF0A01E0FFFF0F269A9340DE
:10B2DC0099EA030F59BF4FF0804700224FF0FF321D
:10B2EC00C24FC9FB0372002A05DA6FF000417918CE
:10B2FC000F4642F10002FF0F994547EA420700F062
:10B30C005781B7FA87F34FF0804247F07F41002F07
:10B31C004FEA5313A1EB0707C7F3406503F1FF3363
:10B32C00C7F380640F9305F1FF33C7F3C0600D932F
:10B33C0004F1FF33C7F3007C0C9300F1FF33C7F328
:10B34C00407E0B930CF1FF33C7F3807A09930EF117
:10B35C00FF3307930AF1FF33CDF828C005934FF064
:10B36C00000C13464FEA411101F18051C1FB013C25
:10B37C004FEAD37343EA4C034FF0000CC3FB032C8E
:10B38C004FEAD27242EA4C02C7F30066CDF820E0D5
:10B39C000CBF6FF0004700274FEAA20ECDF818A0A3
:10B3AC00920781FB03CA83EA010248BF0EF1010E2A
:10B3BC00002AA8BF4FF08042CDF840A0AEBF4FF09E
:10B3CC00000A4FF0FF3A894A0E971CEB0202DDF897
:10B3DC0040C006F1FF374CEB0A0ABAF1000F06DA4F
:10B3EC006FF0004C12EB0C0C62464AF1000AD20FC3
:10B3FC00DFF8FCC142EA4A02724492EA0C0F59BFD0
:10B40C004FF0804C4FF0000E4FF0FF3EDFF8DCC1E8
:10B41C00DFF8DCA1C2FB0ACEBEF1000F06DA6FF03A
:10B42C0000421CEB020294464EF1000E4FEADC7C0B
:10B43C004CEA4E0C63445A1002D403F001031A4434
:10B44C000A4492EA080F59BF4FF0804300214FF095
:10B45C00FF31664BC2FB0831002905DA6FF0004260
:10B46C009A18134641F10001DA0F4FF0804342EA7B
:10B47C0041024FF0000C1946DFF878E14244C2FB60
:10B48C000E1CC90F41EA4C0101FB06F617407E4029
:10B49C001A460027DFF860C10D99C6FB0C27D20FA6
:10B4AC0042EA4702314002FB05F500261A46534F8B
:10B4BC004D40C5FB07260C99D20F42EA46022940A3
:10B4CC0002FB04F400251A464D4E4C40C4FB0625E5
:10B4DC000B99D20F42EA4502214002FB00F00024F6
:10B4EC001A46484D4840C0FB05240999D20F01402B
:10B4FC000A9842EA440202FB00F0024600244A4049
:10B50C001946414D0798C2FB05141040C90F089A03
:10B51C0041EA440101FB02F2114600244140F225AC
:10B52C001846C1FB0504059AC00F0A40069940EA6B
:10B53C00440010FB01F00F9942400A400E9902980A
:10B54C004A40029992EA010F52BF00214FF0FF319D
:10B55C00264BC2FB0031002905DA6FF000429A1825
:10B56C00134641F10001149ADB0F43EA410353FAED
:10B57C0002F21AD416990B4017998B4231DDA2F1C5
:10B58C007F037E2BCCBF7F235BB2039A02F8013F73
:10B59C00019B03925B453FF42FAE049A1BF9013FCC
:10B5AC009B1A279A9A427FF791AE6FF07F03ECE7D4
:10B5BC00B9F1004F7FF4A5AE00204FF0FF370646DF
:10B5CC0004460546CDE90C771049114B114A0E90F3
:10B5DC0007970A9008900B970F9706900597099775
:10B5EC002BE7A2F18003002ACBD1CEE7010000C0EB
:10B5FC00ABAAAA2A7BBEAF63F2CBA24D6CAC162FC2
:10B60C00A4AA5211B72A580211FE0A00E0FFFF0F3C
:10B61C00F8FF1502FCFF0A01B2F1604FC8BF92009F
:10B62C003FF712AC01F1004292EA0C0F5AD402FB24
:10B63C000EFED11703FB01EEA2FB033113F1804385
:10B64C004EEB0101002905DA6FF000401818034693
:10B65C0041F100014FF0FF30DB0F43EA4103C3F12E
:10B66C000051494BC1FB0230002805DA6FF0004154
:10B67C0059180B4640F10000DB0F43EA4003B3F1CD
:10B68C00604F5BDC530002F100410293B1F1404F7B
:10B69C00029BD8BF4FF0004302931CE44FF000090B
:10B6AC004FF0FF333848394902904FF000520C46A6
:10B6BC009E469C4618469B46FFF7A9BB14F1804258
:10B6CC0040F100000028BFF67DAB6FF00044141968
:10B6DC00224640F10000FFF775BB3FF4C5A94FF0BF
:10B6EC002009DDE702FB0EF0D11703FB0100A2FBE2
:10B6FC000331084424495B1860F10000002805DA86
:10B70C006FF0004159180B4640F10000DB0F43EA83
:10B71C0040034FF0FF301C49C3F10053C2FB031030
:10B72C00002805DA6FF00043CB18194640F10000F1
:10B73C00C90F41EA4001B1F1604FA3DD4FF0004366
:10B74C000293FFF7C8BB6FF0004B12EB0B0245F1F5
:10B75C000005FFF74EBB0C4D4FF0FF3B0295FFF77A
:10B76C0056BBB1F1604F8DDD02EB81014B00B1F1A5
:10B77C00804F0293A8BF6FF00043BFF6ABAB85E7D9
:10B78C0053000293FFF7A7BB010000C0B6B4B4B4DA
:10B79C0010B584B0069CDDF81CC000940024CDF8D4
:10B7AC0004C0DDF820C0CDE9024CFFF72FF904B03E
:10B7BC0010BD00BF12289ABF024B53F8200002485C
:10B7CC00704700BF78540110640C011030B50C1E8A
:10B7DC0016DD0023551C08E010F901C04FEA2C1CA3
:10B7EC0005F803C002339C420ADD591010F801E041
:10B7FC0003F1010C4EF3030E644502F803E0EBD1A8
:10B80C0030BD00BF38B515461A461C4602F034FF51
:10B81C000022114BF6F74AFE02F0E8FF04F08EFA14
:10B82C004FF0004E4FF0000C86457CEB01020346B6
:10B83C000FDB614508BF7045226803D14FF0804390
:10B84C00013222601F3202DA0022134622602B6082
:10B85C0038BD03F067F800BF0000E0412DE9F0416E
:10B86C0015461C460022002306460F46F7F786F8BD
:10B87C0020B100232B602360BDE8F08123462A46CB
:10B88C0030463946BDE8F041FFF7BCBF2DE9F04723
:10B89C0006464FF000400F4608999046C84099461E
:10B8AC00F6F79AFD424604460D464B46304639465D
:10B8BC00F6F7FCFD02460B4620462946F6F7F6FD48
:10B8CC0010A3D3E9002304460D46DDF828A0F7F7B2
:10B8DC007DF810B10BA5D5E900450022204629467C
:10B8EC000A4BF7F773F858B1534620462946099A84
:10B8FC00FFF788FFDAF80030002B01DBBDE8F0879A
:10B90C0003F010F80000C0FFFFFFDF410000F03F24
:10B91C002DE9F8430124074604FA00F015460138D6
:10B92C000E46F6F759FDED1B8946C5F12003A5F12E
:10B93C00200124FA03F304FA01F18046194304FAB6
:10B94C0005F0F6F785FD02460B4640464946F6F7EC
:10B95C00ADFDC6F120038946A6F1200124FA03F3BC
:10B96C0004FA01F18046194304FA06F0F6F770FD6B
:10B97C0002460B4640464946F6F7C2FE02F0B2FEBE
:10B98C00F7F72EF8BDE8F883000000002DE9F0472A
:10B99C0082B004469A46DDF82890CD68D2F80C8027
:10B9AC006BB32846F6F72AFD064640460F46F6F7D7
:10B9BC0025FD02460B4630463946F6F777FD06461E
:10B9CC00DAF80C000F46F6F719FD0B46024639461D
:10B9DC003046F6F7B3FB0246D9F80C00164621F0B8
:10B9EC000047F6F70BFD02460B4630463946F6F794
:10B9FC0087FE1CA3D3E90023F6F7D4FF00B341461E
:10BA0C002846F7F723F900210546F7F7D1FA20B3BA
:10BA1C002846F6F7F3FC0446D9F80C000D46F6F769
:10BA2C00EDFC02460B4620462946F6F769FE024617
:10BA3C000B4600200B99C1E9002302B0BDE8F0874A
:10BA4C004FF49E73094920462569094A009109491A
:10BA5C00A847012002B0BDE8F08740F2491306491F
:10BA6C00F1E700BF7B14AE47E17A943FBC0D0110A7
:10BA7C00180D0110A40D0110E00D01102DE9F04777
:10BA8C0092F800C00546BCF1070F1C4682B025D0C9
:10BA9C00BCF1090F0ED0BCF1030F47D05649046915
:10BAAC0040F28F130091554A5549A047012002B02E
:10BABC00BDE8F0877F276FF07F060129D2F80C8054
:10BACC00D2F8109013D0032933D0022972D00A9BDC
:10BADC0026601F60002002B0BDE8F087012947F600
:10BAEC00FF77484ED2F80C80D2F81090EBD141463B
:10BAFC000020F7F75FF902F0C7FE4FF04F41804688
:10BB0C00F7F756FA002841D040464FF09E41F7F720
:10BB1C0045FA00283AD04046F7F75EFA4844B0425E
:10BB2C00B8BF30460A9B20601F60D3E7FF27002672
:10BB3C00C3E741460020F7F73DF902F0A5FE4FF0B0
:10BB4C004F418246F7F734FA00B350464FF09E410E
:10BB5C00F7F724FAD0B15046F7F73EFA03464B44B8
:10BB6C00B342B8BF3346414627482360F7F722F962
:10BB7C0002F08AFE4FF04F410446F7F719FA28B14C
:10BB8C004FF09E412046F7F709FA48B91F492C6936
:10BB9C0040F2571300912846184A1949A04785E7E7
:10BBAC002046F7F719FA4844B842A8BF38460A9B12
:10BBBC0018608FE741461648F7F7FCF8824602F00A
:10BBCC0063FE4FF04F418046F7F7F2F90028DDD0C5
:10BBDC0040464FF09E41F7F7E1F90028D6D0404699
:10BBEC00F7F7FAF903464B44B342B8BF33460AF1B0
:10BBFC0000402360BCE700BFFC0D0110180D0110C4
:10BC0C00A40D01100080FFFF0000C040040E0110C5
:10BC1C00000080BF2DE9F04F97B0209C1646DDE95F
:10BC2C0026780494219C1A460594229C91F8303075
:10BC3C000894239C012B0994249C05460694259C6E
:10BC4C00DDF8A0A007940C460FD001267A4A0469AF
:10BC5C00CDE90123794AD72300927949794A039691
:10BC6C00A047012017B0BDE8F08F96F830100129DD
:10BC7C0018D1716B002900F0A680D1F800B0BBF18F
:10BC8C00000F00F08780DBF80030012B24DD94F8E6
:10BC9C0000C0BCF1090F11D0BCF1070F0ED0E92385
:10BCAC00694979E0644E694A0469CDE90213CDE92A
:10BCBC000026D923634A6249A047D2E73078092885
:10BCCC0072D0122870D062492C69EB23009128465F
:10BCDC005C4A6049A047C4E70499BAF1000FE068D8
:10BCEC00D1F80C903EDDCDE91032F6F787FB024619
:10BCFC000B464846CDE90C23F6F780FB109B119AB6
:10BD0C00CDE90E5410964FF00109DDE90C561C4696
:10BD1C00CDE90A01043FA8F104080C9200E0994611
:10BD2C00012CCCBF5BF82900DBF80400F6F766FBAE
:10BD3C002A463346F6F7BAFBDDE90A23F6F7E0FCB0
:10BD4C0014AB13AAFFF78AFD139BCA4547F8043FAF
:10BD5C00149B48F8043F09F10103E0D1DDE90E54CE
:10BD6C00109E0C9A2378032B44D0092B1AD84FF42D
:10BD7C002270D84010F001003FF474AF28460599AA
:10BD8C00079C0978069B049A209417B0BDE8F04FE5
:10BD9C00FFF774BEE52330492C692A4A00912D49DE
:10BDAC00A0475EE700205DE753450FD0CDE9023A8E
:10BDBC002A4A2B492C69ED23019200912846214AED
:10BDCC001F49A0474DE7E4232649E5E78868B16899
:10BDDC0001EB80014968994229D0CDE90231224A10
:10BDEC001E4E2C69EE2301922846164A14490096E1
:10BDFC00A04736E71346002732460026049928460A
:10BE0C00009114A901912146CDE91467FFF7BEFDFD
:10BE1C0000287FF426AFDDE91401089A13ABFFF775
:10BE2C001DFD139A0999524223780A609DE70499E3
:10BE3C00E068D1F80C9056E7480E0110640E011022
:10BE4C002C0E0110180D0110CC0E0110800E0110DB
:10BE5C00080F0110A40D0110B00E0110440F0110B9
:10BE6C00540F01109C0E0110780F0110436B10B58C
:10BE7C001BB1BDE810403C21184702F053FD00BF38
:10BE8C002DE9F04FD1F810800E460546AFB0B8F151
:10BE9C00000F00F04581D1F81490B9F1000F00F0BB
:10BEAC003F8184689F4B20461A6823689B6998479A
:10BEBC000746002800F0E3809B4B31461A68236844
:10BECC0020469B6998478246002800F0DB80974B00
:10BEDC0031461A6823682046DB6998470990002888
:10BEEC007AD0BB6819A819460B9351F8043B9A00F9
:10BEFC0018930A9302F091FF099A1FA8D2F808B080
:10BF0C00594651F8042B1E920892920002F085FFBC
:10BF1C000A98002840F30481089A1999002A40F3E2
:10BF2C00FF801F9A8A4240F0FB800B9B0328996884
:10BF3C00DB680C920D910E9340F3F28008991C9BD8
:10BF4C0003290F9340F3EC80DAF808101492DBF815
:10BF5C000820DBF80C0015928A6816901192CA68BA
:10BF6C00CDE91223229B109317939AF80030122BD1
:10BF7C0000F08B803B78092B3BD0072B39D00593F5
:10BF8C00159B31460493169B4A460393119B2846F6
:10BF9C000293129BCDF8188001930D9B00930E9B7E
:10BFAC0000F0DEFA064600BB3B78092B38D0072B95
:10BFBC0036D02368204609995B6A9847236839462E
:10BFCC0020465B6A98472368204651465B6A98472F
:10BFDC0030462FB0BDE8F08F482355492C692846D0
:10BFEC000091544A5449A047012630462FB0BDE871
:10BFFC00F08F524B28461A68DAF8083003EB8203AC
:10C00C0059686B6B4FEA810B594698476B6BC8F8B4
:10C01C0024005946284698473B78C8F82800AEE7D4
:10C02C00D9F8080009993A6909692790D9F80400E8
:10C03C0025912690D9F81400092B2B90D9F81000D3
:10C04C002A90D8F804002990D8F800002890C2F162
:10C05C0000002490D8E90BC0CDE92CC051D0002AA7
:10C06C0041D169B3CDE90212354F364E2C698D237F
:10C07C002846304A344901970096A047B4E742233A
:10C08C003249ABE745233249A8E751F8043B25A8D0
:10C09C004FEA830B5A46089302F0BFFE089B002B15
:10C0AC003CDD012124AB9B4453F8042F5B4502FB80
:10C0BC0001F1F9D12846EB6B08F13402984759E7A6
:10C0CC000CA914AB10AA24A8FCF746FD01460029C4
:10C0DC001FDD2846EB6B08F13802984700283FF427
:10C0EC0068AF064681E70026154B1A49CDE90132A7
:10C0FC0028462C698C2300910E4A13490396A047BD
:10C10C0072E70CA914AB10AA24A8FCF7B3FD0146E6
:10C11C00DDE74FF0FF33C8F838304AE70121C9E7B3
:10C12C0002F000FCD4540110D0540110C85401107A
:10C13C0068100110B80F0110A40D0110C4540110A7
:10C14C007C1001109C1001102C0E011040100110DD
:10C15C0054100110801001102DE9F0470E461446C2
:10C16C0032461E462369BEB05B4234935369DDF8F8
:10C17C0018813B9313694146DDE947573A93A3690C
:10C18C0081463593936822A8379353683693636836
:10C19C00399323683893E36A3C93236B3D93A36AEA
:10C1AC000993636A089300F039FE314628A800F021
:10C1BC0035FE39462EA800F031FE29461CA800F0A9
:10C1CC002DFEDDE93C239A4270DC289B042B6DD1BB
:10C1DC00229B042B6AD12E9B042B67D1DDF8BCC0AB
:10C1EC00299B9C4562D126982C9B98425ED1DDF808
:10C1FC00C8E0239B9E4559D185B12B6873B11C991E
:10C20C00002951DD01221CAB03EB810A53F8041FFA
:10C21C00534501FB02F2F9D1724547D101230F902E
:10C22C00139000202A9ACDE914330D922B9A169371
:10C23C000E92309B249AA16B11921993259A319BE3
:10C24C008142CDE90A00CDF830C0CDF860C0CDF800
:10C25C0040E0CDF85CE0CDF86CE012921A9304DB70
:10C26C004846D9F8403098470A90FEB13368B8F187
:10C27C00000F1BD0D8F8001005B12D68B7B1386885
:10C28C0018AACDE9052014A810AACDE90121CDE901
:10C29C000305009308AA0CAB34A90AA8FCF71AFCF6
:10C2AC0020B93EB0BDE8F0870122B5E702F03AFBB9
:10C2BC002DE9F0470D4614462A461D462369BEB0AB
:10C2CC005B4234935369DDF818913B9313694946EB
:10C2DC00DDE947683A93A36907463593936822A82A
:10C2EC003793536836936368399323683893E36ABA
:10C2FC003C93236B3D93A36A0993636A089300F004
:10C30C008DFD294628A800F089FD41462EA800F095
:10C31C0085FD31461CA800F081FDDDE93C239A42E5
:10C32C0072DC289B042B6FD1229B042B6CD12E9B8F
:10C33C00042B69D12C98269B984203D001203EB047
:10C34C00BDE8F087DDF8BCE0299B9E455CD1DDF8AB
:10C35C00C8C0239B9C4557D186B1336873B11C99D7
:10C36C00002953DD01231CAA02EB810A52F8041F99
:10C37C00524501FB03F3F9D19C4545D10123002221
:10C38C000F9013902A98CDE914330D902B98169397
:10C39C000E90309B2498A16B119019932598319B8A
:10C3AC009142CDE90A22CDF830E0CDF860E0CDF82D
:10C3BC0040C0CDF85CC0CDF86CC012901A9303DB72
:10C3CC0038463B6C98470A90F5B12B68B9F1000FD1
:10C3DC001AD0D9F8001006B13668B8F1000F13D096
:10C3EC00D8F8000018AACDE9052014A810AACDE9A8
:10C3FC000121CDE90306009308AA0CAB34A90AA8C5
:10C40C00FCF7C4FB00289AD002F08CFA0123B3E7A6
:10C41C002DE9F0473F4B88B01A680C46054600F0F2
:10C42C00D5FC3D4B214606461A68284600F0CEFC4A
:10C43C00D4F800908046B9F1000F05D0D9F800303F
:10C44C00032B5CD04FF00009344B214628461A6868
:10C45C0000F0D6FCD4F814A00746BAF1000F56D061
:10C46C002469002C53D0337A027A934210D0CDE950
:10C47C0002322B492B4E2C694FF4F1730091284654
:10C48C00294A2A490196A047012008B0BDE8F08747
:10C49C0098F8082093420CD0072B08D0092B01D117
:10C4AC00122A06D028462B6921499847ECE7092A1D
:10C4BC00F8D143462946626B05A800F0C1FC337ADB
:10C4CC00072B10D0092BDFD19DF81C30092BDBD1A9
:10C4DC00224605AC334651462846CDE901970094D7
:10C4EC00FFF7E6FED1E72846334622465146CDE912
:10C4FC000197CDF80080FFF72FFE0020C5E70D4B0C
:10C50C00214628461A6800F061FC81469CE702F03F
:10C51C0009FA00BFD4540110D0540110C8540110B2
:10C52C00C8100110B8100110B80F01102C0E01101A
:10C53C00D4100110CC54011010B5002482B000941A
:10C54C000446044B044A054900F032FC204602B074
:10C55C0010BD00BF1DC400108DBE001079BE0010B0
:10C56C002DE9F04F14460A688DB012688A46023ADB
:10C57C00012A05469DF86CB01C9E0AD97A490469BB
:10C58C0052230091794A7A49A04701200DB0BDE8A9
:10C59C00F08F4A681268012A0CD00126754B046989
:10C5AC00CDE90132744A5323009274496F4A0396C1
:10C5BC00A047EAE71799D4E90420013902FB01F1FD
:10C5CC00189AD4F804C0013A00FB02F2D4F808E03F
:10C5DC00207801310132BCF1000F10D0012800F09D
:10C5EC009F8002281CD10CEB0300401A90FBFCF03E
:10C5FC000138BEF1000F0CD14FF0FF3713E0BEF144
:10C60C00000F0DD0012800F0AB8002284FF0FF3056
:10C61C0008D1169F7744BF1A97FBFEF7013F02E043
:10C62C004FF0FF30074600FB0C1107FB0E22CB1A14
:10C63C001699AF6823EAE373521A591003F00103F9
:10C64C0022EAE272B3603B683160511002F00102E1
:10C65C009B6938467160F2605146002298478046CB
:10C66C0000286ED03B680122514638469B6998479A
:10C67C00814600286ED03B68514602229B693846A1
:10C68C0098473B6851460B9000223846DB69984727
:10C69C008246002861D0BBF1010F20D0D9F80830B8
:10C6AC000C345B6801940893CDF800A0B36A28465B
:10C6BC000793736A4A46069306F13003059306F115
:10C6CC002C03049306F12003039306F11C0302933D
:10C6DC0041460B9BFFF79EFA00287FF457AFD8F822
:10C6EC00103041463361D9F8103038467361DAF8AE
:10C6FC001030B3613B685B6A98473B6849463846E3
:10C70C005B6A98473B68514638465B6A98473B687A
:10C71C0038460B995B6A984700200DB0BDE8F08F46
:10C72C000CEB0300013890FBFCF00138BEF1000F5C
:10C73C003FF462AF169F7744013F97FBFEF7013F32
:10C74C0071E760230E492C6928460091074A084975
:10C75C00A0471AE763230B49F5E768230A49F2E778
:10C76C004FF0FF30E6E700BF1C1201108C110110D6
:10C77C00A40D0110AC170110401201102C0E011069
:10C78C00401001105410011068100110436B10B5CB
:10C79C001BB1BDE810403C21184702F0C3F800BFA4
:10C7AC002DE9F04FB5B0DDE93E680746894624A86F
:10C7BC0041461D46144600F031FBDDF890A0AAF16D
:10C7CC000203022B00F2F68001230021D9F8382055
:10C7DC00CDE91033CDE91433CDE91733CDE91C3352
:10C7EC0016921A921E921993D9F83020D9F8043067
:10C7FC00CDE90B11D9F82C100F921B920A93D9F892
:10C80C003420D9F800300029CDE91222099303DB3A
:10C81C0038463B6C98470B9006B13668D9F8143003
:10C82C00BAF1020FD9F81CC0C3F10002D9E9020118
:10C83C0004D0D9F8343013F003032FD00023CDE902
:10C84C0021C01F9223912093002C00F0B380236809
:10C85C00002D00F0AF802A68B8F1000F00F0AA801C
:10C86C00029200930496D8F800300DF16C0B0DF188
:10C87C005C0A0DF14C090693CDF814B0CDF80CA060
:10C88C00CDF804900FAB09AA1FA90BA8FCF78CFCE0
:10C89C0000286CD1002035B0BDE8F08FCDE9320115
:10C8AC000121CDE93011CDE92C11D9F83810CDE9A1
:10C8BC002A2CD9F82400D9F828200029CDE92E33C8
:10C8CC000D900E920CDD0438043A0999013340F8AE
:10C8DC00041F0A9942F8041FD9F838108B42F4DB74
:10C8EC00002C67D02368002D64D02A68B8F1000FA3
:10C8FC0060D0029200930496D8F800300DF16C0BC6
:10C90C000DF15C0A0DF14C090693CDF814B0CDF87D
:10C91C000CA0CDF804900FAB0DAA2AA90BA8FBF71D
:10C92C0059FA0028B6D0CDE9046BCDF80CA0CDF89F
:10C93C000490D8F800300DAA06932B682AA902930C
:10C94C0023680BA800930FAB3C69FBF743FA00225A
:10C95C00034619491948CDE9023200900191384635
:10C96C004FF48A73164A1749A047012093E7CDE983
:10C97C00046BCDF80CA0CDF80490D8F8003009AABF
:10C98C0006932B681FA9029323680BA800930FAB87
:10C99C003C69FCF709FC0C4A03460092002206494C
:10C9AC00CDE90232019138464FF49273044A05499D
:10C9BC00A047DAE701F0B6FFE812011000130110EE
:10C9CC00541201102C0E0110141401102DE9F04317
:10C9DC004B690C46054687B0002B37D01C4B1A68A8
:10C9EC0000F0F4F91B4B21461A680646284600F065
:10C9FC00EDF9194B21461A680746284600F0E6F96E
:10CA0C00164B214680461A68284600F0F9F924692D
:10CA1C008146DCB13B462946226A03A800F010FA95
:10CA2C00337A092B03D0012007B0BDE8F0839DF8C1
:10CA3C001430092BF7D1324621462846CDF8049004
:10CA4C0003ABCDF80080FFF7ABFEEDE701F06AFF1A
:10CA5C00E4540110E0540110DC540110D8540110BE
:10CA6C002DE9F04FD1F810A00C460646A3B0BAF150
:10CA7C00000F00F03481D1F814B0BBF1000F00F0BE
:10CA8C002E818568974B28461A682B689B699847B6
:10CA9C000746002800F0AC80934B21461A682B689F
:10CAAC0028469B6998478146002800F0AA808F4B46
:10CABC0021461A682B6828469B6998478C4B059031
:10CACC001A682B6821462846DB699847804600285F
:10CADC0000F09A80387898F80030069083426DD137
:10CAEC00D9F8081011A851F8044BA200109402F0C8
:10CAFC0094F9D8F8081017A851F8043B9A0016932B
:10CB0C00079302F08AF9013C00F1E9800122079BAE
:10CB1C000DEB8404616C581ECDE90922089100F1DB
:10CB2C00DE800024CAF834100DEB8001D1F85CE0F3
:10CB3C000DF1580CCDF82CE0A04204D00CEB840184
:10CB4C00496801FB02F201349C42F5D14FF0FF33EE
:10CB5C009BF80010CAF82C30059BCAF83020CAF894
:10CB6C0038E03046CDE90093CDE9028A3B46069A7F
:10CB7C0000F0E4F88346002836D13B78072B31D0FF
:10CB8C00092B44D099F80030122B00F081802B68CF
:10CB9C00414628465B6A98472B68394628465B6AAB
:10CBAC0098472B6849465B6A28469847059BDBB13A
:10CBBC002B68284605995B6A984715E03569FEF79E
:10CBCC00F9FD044698F80000FEF7F4FD03464949C8
:10CBDC00494ACDE902430092019130465123474A1C
:10CBEC004749A8474FF0010B584623B0BDE8F08FDA
:10CBFC0047234449346930460091404A4249A04792
:10CC0C00F0E74A234149F5E74F234149F2E7B96878
:10CC1C001DAB51F8042B18461C929200069302F09F
:10CC2C00FCF8012C5BD0042C59DC022C50D0DAF827
:10CC3C0034309B074CD1DAF83810736B89003046CE
:10CC4C009847DAF83810736BCAF82400890030461C
:10CC5C0098470123DAF83020CAF828000C92DAF849
:10CC6C0034200CA8CDE90D330F92FBF7EFF80446F6
:10CC7C0099F80030122B0ED0002C88DD214630465E
:10CC8C00F36B0AF12C029847002880D08346ABE75F
:10CC9C0004461DAB0693D9F80810069851F8043BCE
:10CCAC009A00CDE9063202F0B8F8069B002B14DD91
:10CCBC000121079A1CAB1A4453F8040F934200FB52
:10CCCC0001F1F9D13046F36B0AF120029847D3E712
:10CCDC0008A8FCF79FFA0446CAE70121F2E701F025
:10CCEC0021FE00BFE4540110E0540110DC5401108B
:10CCFC00D8540110B8100110C810011054120110B2
:10CD0C001815011040100110A40D01105410011041
:10CD1C006810011010B5002482B000940446044B36
:10CD2C00044A054900F044F8204602B010BD00BF8B
:10CD3C00D9C900106DCA001099C700102DE9F04335
:10CD4C00012A85B005460E461C460F9F03D10020D4
:10CD5C0005B0BDE8F0834FF000084FF000090E9BC2
:10CD6C002146009302AB0193DDE90C23CDE9028946
:10CD7C00FEF70CFE0028EBD1DDE902013A463B1D23
:10CD8C00FEF76CFD0C9B22691B693146C7E9052334
:10CD9C000E9B28461A6907F10C03FA6100930E9A50
:10CDAC0007F10803FEF76AFE05B0BDE8F08300BF8B
:10CDBC0010B4002401600199C0E90334C0E90544B2
:10CDCC00C0E90744C0E9011210BC704710B5A8B106
:10CDDC00A1B10968002A8C465CF8044B0CDBA2421A
:10CDEC000ADA5CF82240002C06DBBDE8104001EBAF
:10CDFC008201036D49681847002010BD01F092FDB7
:10CE0C0010B540B139B1BDE810404968036D01EB74
:10CE1C0082025168184701F085FD00BF10B5044629
:10CE2C0051B1496841B151F8042B40F8042B9200E0
:10CE3C0001F0F3FF204610BD00232046236010BDF7
:10CE4C002DE9F0431D461B7A0446122B084687B089
:10CE5C0007D095E8070084E80700204607B0BDE836
:10CE6C00F0831146036C98476F680646D5F800802E
:10CE7C0007B3394651F8049B01A84FEA89052A46A5
:10CE8C0001F0CBFFB9F1000F14DD6B4601215A19EB
:10CE9C0053F8045F934205FB01F1F9D14046324649
:10CEAC00FEF794FC09232046C4E90067237207B0FF
:10CEBC00BDE8F0830121F1E7436B10B51BB1BDE870
:10CECC0010402421184701F02DFD00BF10B50C4671
:10CEDC0000F016F918B94FF0FF3223691A6210BD31
:10CEEC002DE9F0411D461B7AA4B0092B07460E46CE
:10CEFC001446DDF8A88001D0072B65D1294612A86D
:10CF0C00FFF78CFF129B042B5ED1414618A8FFF74C
:10CF1C0085FF189B042B57D1129B032B54DD1C9BB4
:10CF2C00169A934250D109930D9301230022069334
:10CF3C000A930E931193B36814991F937368079116
:10CF4C001E93636815992193236808912093236994
:10CF5C001A99229363690B91239333691B990F934D
:10CF6C00F368CDE904220C911093216A914203DB02
:10CF7C0038463B6C984704902A7A2B68092A12D0C1
:10CF8C00B8F1000F20D0D8F800000AA90EAACDE9FC
:10CF9C00011000921EA906AA04A8FDF795FA98B9EB
:10CFAC0024B0BDE8F081B8F1000F0DD0D8F8000026
:10CFBC000AA90EAACDE9011000921EA906AA04A87E
:10CFCC00FDF7BAFB0028EBD001F0ACFCF0B54E69D4
:10CFDC000C46054683B016B30F6907B3114B1A689C
:10CFEC00FFF7F4FE104B21461A6804462846FFF75B
:10CFFC0007FF8446207A012804D0092804D007288A
:10D00C0002D0012003B0F0BD284623463A463146F3
:10D01C00CDF800C0FFF764FF002003B0F0BD01F0B5
:10D02C0081FC00BFEC540110E854011010B5002431
:10D03C0082B000940446044B044A0549FFF7B8FE3D
:10D04C00204602B010BD00BFD9CF0010D9CE0010C1
:10D05C00C5CE00109368F0B4D3E90254D1E901674E
:10D06C00D1E9032304980978BEB3012910D0022911
:10D07C003CD13119891A91FBF6F10139D7B307EB81
:10D08C00050CACEB030C9CFBF7FC0CF1FF3C0DE02E
:10D09C003119013991FBF6F101395FB307EB050C3E
:10D0AC000CF1FF3C9CFBF7FC0CF1FF3C01FB062256
:10D0BC000CFB0733121B5B1B23EAE37322EAE272BD
:10D0CC005410591002F0010203F00103C0E90041B1
:10D0DC00F0BCC0E90223002070473FB101290CD0FD
:10D0EC0002294FF0FF31CAD08C46DFE74FF0FF31F9
:10D0FC008C46DBE74FF0FF3CD8E74FF0FF31CDE734
:10D10C002DE9F043D1F814900D46064683B0B9F1E1
:10D11C00000F72D0D1F81080B8F1000F6DD0846878
:10D12C000022236820469B699847074600284BD06D
:10D13C002368294600222046DB699847054638B308
:10D14C0003463A4649463046CDF80080FFF782FF49
:10D15C003B78012B28D0092B01D0072B20D108F1CB
:10D16C00140399F81410304600932A4608F1100362
:10D17C00FEF784FC2368394620465B6A984723688F
:10D18C00204629465B6A9847002003B0BDE8F0832F
:10D19C0040231B493469304600911A4A1A49A0476A
:10D1AC00012003B0BDE8F08399F81430012B15D0A1
:10D1BC00032B0CD0022B18D06FF40003C8F81830D6
:10D1CC00124BC8F81C30D5E73D231149E2E7002388
:10D1DC00C8F818300F4BC8F81C30CBE70023C8F840
:10D1EC0018300A4BC8F81C30C4E70B4BC8F8183081
:10D1FC004FF07E53C8F81C30BCE701F093FB00BF26
:10D20C006810011034150110A40D0110FFFF7F7F71
:10D21C00401001100000C040000080BF70B500221B
:10D22C0082B004460E46FFF7D1FD3146054600227A
:10D23C002046FFF7E5FD01A90646287A00F03CFBE5
:10D24C00044610B1204602B070BD686800F07CFC4A
:10D25C00019B296803FB00F2306801928142F1D0F6
:10D26C0001F0DBFD204602B070BD00BF2DE9F0439C
:10D27C0086680022336804469B69304685B0884630
:10D28C0098470546002878D033680022414630463E
:10D29C00DB6998470746002800F09980A868D0F809
:10D2AC0000C0BCF1000F40F395800122002150F822
:10D2BC00043F01316145A2FB0323F8D11146D7F895
:10D2CC000890D8F80030D9F8000013B11B68012B76
:10D2DC0048D000284EDDCC4600234FF0FF384FF0ED
:10D2EC00010E04E00133834202FB0EFE0BD05CF80E
:10D2FC00042FB2F1FF3FF5D1B8F1FF3F5AD1984658
:10D30C0001338342F3D1B8F1FF3F07D091FBFEF319
:10D31C0003FB0EFE09EB8809C9F8043028783B782A
:10D32C00834233D18E450FD0CDE9021E2A4A2B4EB3
:10D33C0025694C2301922046294A2A490096A84780
:10D34C00012005B0BDE8F0833368294630465B6A9E
:10D35C0098473368304639465B6A9847002005B0D9
:10D36C00BDE8F0830128B4D1D9F80430002BB2D138
:10D37C00C9F800304FF0010ED0E728231A4925696F
:10D38C0020460091164A1949A847D9E72669FEF7A5
:10D39C0011FA05463878FEF70DFA03461449154A7A
:10D3AC00CDE902530092019120464B230C4A1249BD
:10D3BC00B047C5E7CDE90282104E114925694023DB
:10D3CC0000912046064A07490196A847B8E72B2347
:10D3DC000C49D4E7012172E7601601107416011094
:10D3EC00C41501102C0E011040100110A40D0110D9
:10D3FC00B8100110C81001101815011050160110AA
:10D40C00541601106810011070B50B680D460446D7
:10D41C0084B01BB11B68013B012B0AD91A49256941
:10D42C00542300912046194A1949A847012004B0F9
:10D43C0070BD4B6813B11B68012B0DD00126154A2A
:10D44C002569CDE90123144A2046009255230F4A41
:10D45C0012490396A847E9E7FFF708FF0028E6D032
:10D46C00294620462569FFF701FF002203460C4997
:10D47C000C48CDE902320090019120465623034A14
:10D48C000649A847D2E700BF88160110C415011041
:10D49C00A40D0110AC170110B81601102C0E0110C0
:10D4AC00CC160110D8160110002110B5044682B01C
:10D4BC00034B044A0091FFF77BFC204602B010BDE1
:10D4CC0029D2001015D40010436B10B51BB1BDE868
:10D4DC0010404021184701F025FA00BF70B500221A
:10D4EC0084B00C460646FFF771FC21460546002227
:10D4FC003046FFF785FC2469BCB12B7A092B02D08E
:10D50C00012004B070BD037A092BF9D1D4E90E12B5
:10D51C000668A36828680296A5690195E4680094DA
:10D52C00FEF736F9002004B070BD01F0FBF900BF26
:10D53C002DE9F04F0B680E46044691B013B11B68F1
:10D54C00012B11D00126584A2569CDE90123574AF0
:10D55C00204600923423564A56490396A847012484
:10D56C00204611B0BDE8F08F4D68002D7AD02D68A3
:10D57C00012D77D1D0F808800022D8F80030404631
:10D58C009B6998470746002800F0868083681B68D3
:10D59C00002B7EDDD8F80030002231464046DB6996
:10D5AC009847814600287AD0D6F810A0BAF1000F1F
:10D5BC0066D0736920464A463946CDF800A000F083
:10D5CC009BF8B968044651F8046B05A8B2000496A0
:10D5DC0001F023FCD9F808100BA851F804BB4FEA52
:10D5EC008B0201F01AFC002E06F1FF315ADD0023EC
:10D5FC000DF1100E0DF1280C99420AD00EEB83029E
:10D60C009B4550684FEA83024CDD6244526882426B
:10D61C0048D10133B342EFD1002304A8994204D07E
:10D62C0000EB8302526802FB05F501339E42F5D1F3
:10D63C0010AB03EB8103594553F82C2C32DA53F819
:10D64C00143C93422ED1CAE90E53D8F80030394617
:10D65C0040465B6A9847D8F80030494640465B6ABA
:10D66C0098477DE70127104B134A26692046CDE9E0
:10D67C000135009235230E4A0E490397B0476EE7E9
:10D68C003C230E49256920460091094A0C49A847BC
:10D69C0065E738230B49F5E737230B49F2E73A23C3
:10D6AC000A49EFE701F03EF9AC170110841701109D
:10D6BC00F81601102C0E0110B8160110B01701103D
:10D6CC00A40D0110941701104010011068100110E6
:10D6DC0010B5002482B000940446044B044A05495A
:10D6EC00FFF766FB204602B010BD00BFE9D4001066
:10D6FC003DD50010D5D40010F0B50E780D46092E8E
:10D70C0004461F4689B00BD007693046FEF752F825
:10D71C00544902462B782046B847012009B0F0BD89
:10D72C001378072B33D0092B77D1136913F1800FA2
:10D73C0059D14FF06E51D068F5F71CFC002800F061
:10D74C008780E868F4F75AFE04460D4605263868CB
:10D75C00F4F754FE22460E9C07AB08340293009655
:10D76C002B460194FEF792F80E9B07991F22D96065
:10D77C003046FEF7CDF8F4F72FFE01F10041F5F736
:10D78C002FF9034600200E9A936109B0F0BD13697E
:10D79C0035498B4235D1D6684FF05E513046F5F79E
:10D7AC0011FC00284ED04FF05E513046F5F744F98D
:10D7BC002E49F5F707FC0028C3D000222C4B30462D
:10D7CC00CDE90423F4F71AFE06460F46294D2A48E4
:10D7DC00CDE90267CDE900056F232046274A284989
:10D7EC002469A04799E76FF07F05264A0469CDE9C3
:10D7FC000123254A732300922449204A0395A0470C
:10D80C008BE7234D204A0469CDE90231CDE900258F
:10D81C006E231A4A1D49A0477FE718462769FDF772
:10D82C00C9FF05463046FDF7C5FF034619491A4A9C
:10D83C00CDE9025300920191204672230F4A1749F9
:10D84C00B8476AE731464FF05E50F5F7F5F8AFE7A9
:10D85C0013492569742300912046084A1149A847A9
:10D86C005BE700BFCC1701100080FFFF6F12833203
:10D87C000000F03EA0180110AC180110E8170110C0
:10D88C0080180110D01801109C1001102C0E0110E2
:10D89C0078180110C4180110B810011018150110D7
:10D8AC00D8180110A40D01104B1E1844B0FBF1F058
:10D8BC0001FB00F0704700BF122838D8092810D897
:10D8CC0002282BD9012303FA00F212F4127F21D182
:10D8DC0012F4887F27D1072829D1022300200B605E
:10D8EC0070470A38082822D801A353F820F000BF4B
:10D8FC00E7D8001033D900103FD9001033D90010ED
:10D90C002BD900103BD900102BD900103BD900109B
:10D91C0021D9001001230B600020704738B104237B
:10D92C0000200B607047082300200B60704701201B
:10D93C00704710230B60EFE72DE9F04180460F464E
:10D94C00C069042116461D46FFF7AEFFD8F8182013
:10D95C00844682B1002302EB420E00EB8E0EDCF803
:10D96C0004400CF10C0C013408BF0133E645F6D130
:10D97C000B2B11D8F4464FF0FF33CCF80070CCF8D9
:10D98C000430CCF808602A60D8F818300020013335
:10D99C00C8F81830BDE8F0810120BDE8F08100BF67
:10D9AC00704700BF406803685B691847036953F808
:10D9BC0021007047844630B50B46D0E90101D1E90E
:10D9CC00042583B00468DCF80C1000956468A0474B
:10D9DC0003B030BD406803689B681847836801EB4F
:10D9EC004101D3E9043203EBC203586800EB810018
:10D9FC00704700BF10B50446182100F06EFF20469A
:10DA0C0010BD00BF1346D0E901025269FFF794BF65
:10DA1C0030B58B68002A844653F8041B83B01BDB9B
:10DA2C00914219DD53F82230002B15DB02680C49AA
:10DA3C0052698A420BD1D0E90101D1E9042504686D
:10DA4C00DCF80C1000956468A04703B030BD194693
:10DA5C0003B0BDE830401047002003B030BD00BF1C
:10DA6C00C1D9001030B54B68002A844653F8041B0A
:10DA7C0083B01BDB914219DD53F82230002B15DBF0
:10DA8C0002680C4952698A420BD1D0E90101D1E9F3
:10DA9C0004250468DCF80C1000956468A04703B0FA
:10DAAC0030BD194603B0BDE830401047002003B02C
:10DABC0030BD00BFC1D9001030B50B68002A8446B8
:10DACC0053F8041B83B01BDB914219DD53F8223051
:10DADC00002B15DB02680C4952698A420BD1D0E944
:10DAEC000101D1E904250468DCF80C100095646888
:10DAFC00A04703B030BD194603B0BDE83040104715
:10DB0C00002003B030BD00BFC1D9001030B40024D8
:10DB1C00044DC0E90444C0E9005130BCC0E90232F4
:10DB2C00704700BFF85401100EB400B582B003A9C1
:10DB3C0051F8040B019100F005F802B05DF804EB0C
:10DB4C0003B07047704700BF10B404680246002C45
:10DB5C000ADD0023012052F8041F0133A34201FB0C
:10DB6C0000F0F8D110BC7047012010BC704700BF0A
:10DB7C0030B400250B46194C00EB400214F832C0AF
:10DB8C0004EBC20281F82D50557881F814C01D7039
:10DB9C00D568BCF1020F9D6195684FEA40019D600C
:10DBAC00556802D10E4A126815440A1804EBC204D7
:10DBBC0004F1100103F130025D6003C982E8030037
:10DBCC0093F83020012A06D16269D2E90012496823
:10DBDC005268D9601A6130BC704700BF6CF20120EA
:10DBEC00A8FC0120044B1B688B42A3BF034B03EB27
:10DBFC00C10358680020704750F9012054F90120E6
:10DC0C00044B1B689942DDBF034B03EBC1035868FF
:10DC1C000020704750F9012054F90120704700BFD3
:10DC2C0038B51D4C0023224647F6FF7C1B4D1C4883
:10DC3C002D6850F825000144B2F90C0010328842CE
:10DC4C000AD060450BD00133042BF5D11946154889
:10DC5C00F6F702F8002038BD04EB031038BD124D66
:10DC6C0001EB410C05EBCC0215F83C5092F801C0CD
:10DC7C0004EB031080F808C0D2F808C0022D5268DB
:10DC8C004FEA0313C0F804C002D1084D2D682A4492
:10DC9C00E2501C44A18138BDF8FA012040FA012061
:10DCAC0058550110FC1801106CF20120A8FC012041
:10DCBC000020FFF7B5BF00BF174870B50246002320
:10DCCC0047F6FF75154E164C366854F826400C4432
:10DCDC00B2F940C04432A4450BD0AC450FD001334F
:10DCEC00042BF5D1002519460E48F5F7B5FF28464B
:10DCFC0070BD03EB031300EB8305284670BD03EBEB
:10DD0C00031300EB830529462046FFF731FF284615
:10DD1C00A5F8404070BD00BF38FB012040FA01203F
:10DD2C0058550110341901100020FFF7C5BF00BF72
:10DD3C0038B511F00F0308BF0A461C4D18BF01F18E
:10DD4C0010020C461A4918BFD21A2B6809689A1A85
:10DD5C00914211D9174D2B68312B1BD8012120462C
:10DD6C00F6F774F90346E0B12A681349501C286091
:10DD7C0041F82230184638BD1B1B0F3B23F00F0314
:10DD8C0010332246002118462B6000F0B4FF0346E6
:10DD9C00184638BD21460948F5F75EFF00231846A2
:10DDAC0038BD21460648F5F757FFF7E7A0FC0120E0
:10DDBC00A4FC012074F9012078F901206C190110E0
:10DDCC00EC190110F8B5104D0F462B681446032BB7
:10DDDC000FD8FFF7ADFF034680B12E680020721CF0
:10DDEC002A600A4A266042F8367002EBC60253607B
:10DDFC00F8BD0748F5F730FF0120F8BD3946054856
:10DE0C00F5F72AFFF8E700BF50F9012054F901207B
:10DE1C00241A01107C1A01100020FFF789BF00BFE3
:10DE2C0010B50446024B0360FFF7BAFD204610BD47
:10DE3C002C55011010B50446044B0360FFF7B0FDE0
:10DE4C002046182100F049FD204610BD2C5501102C
:10DE5C00F8B5104D0F462B681446032B10D8002034
:10DE6C00FFF766FF034680B12E680020721C2A6003
:10DE7C00094A266042F8367002EBC6025360F8BDC0
:10DE8C000648F5F7E9FE0120F8BD39460448F5F7D8
:10DE9C00E3FEF8E750F9012054F90120241A01108F
:10DEAC007C1A01102DE9F04F034643F2901110201B
:10DEBC00A3B09847764B1860002800F0DF80002351
:10DECC00744E00F54652744F10320DF1300A19465B
:10DEDC0030603A6050461A46FFF718FE0D220024B7
:10DEEC006E4BDFF8BCB11A606E4AD6F800805A63EC
:10DEFC006D4A6E4DDA636E4ACDF830B01A646D4AD5
:10DF0C00C3F808A0DA646C4A1A656C4A1A61204698
:10DF1C0012A9FFF72DFE9DF85C300134022B06D1BF
:10DF2C00EA68139B134498453CBF984633600D2C0C
:10DF3C0005F11805EBD13B684345C0F09A80604F62
:10DF4C0002A83C4602AEFFF7AFFA0FCE0FC40FCEBD
:10DF5C000FC4336802A8236007F12405FEF7ECFA1E
:10DF6C000DF1080C3468BCE80F000FC5BCE80F00BD
:10DF7C000FC502A82C60FFF759F807F148050DF101
:10DF8C00080C3468BCE80F000FC5BCE80F000FC5C7
:10DF9C0002A82C60FEF7BEFE07F16C050DF1080C13
:10DFAC003468BCE80F000FC5BCE80F000FC502A811
:10DFBC002C60FFF78DFB0023DFF80881DFF8089158
:10DFCC0045464C46414A0DF1080C1360336807F185
:10DFDC00900E0193BCE80F00AEE80F00BCE80F00F8
:10DFEC00AEE80F00019B08F10606CEF8003015F8DC
:10DFFC00013B03EBC30357F8233023B1002227481E
:10E00C00616998472061B54204F12804EFD10023DF
:10E01C002E4A2F4D2F4C136018F8013B03EBC30312
:10E02C0007EB83039A688AB147F6FF7349461B488E
:10E03C00A5F84030A5F88430A5F8C830A5F80C3107
:10E04C00A381A383A385A3879047F8B9B04509F1B1
:10E05C002809E1D1002213461C490A60504601935D
:10E06C00CDF830B0FFF79CFC019B184623B0BDE8FF
:10E07C00F08F1948F5F7F0FD0123EFE71748F5F796
:10E08C00EBFD0123184623B0BDE8F08F0346E5E70E
:10E09C00A8FC0120A4FC0120A0FC012048FC0120CC
:10E0AC002C5501103DDD0010D1DD00106CF201206B
:10E0BC00F1DB0010C5DC00102DDC001035DB00108E
:10E0CC0044FA0120605501107CF1012040FA012036
:10E0DC0038FB0120F8FA0120D81A0110B01A0110EF
:10E0EC000B464FF0000C144A10B5D168107892F81A
:10E0FC0001E09961916802285468996083F800E006
:10E10C0083F82DC0187502D10C4909680C440C49D0
:10E11C0003F1300C03C95C608CE8030093F83010F9
:10E12C00012906D15269D2E9001249685268D960B6
:10E13C001A61002010BD00BF6CF20120A8FC012068
:10E14C007CF201200B464FF0000C154A30B5D2E999
:10E15C00494592F8200192F821E1D2F82C110228BD
:10E16C0099619D6083F800E083F82DC0187502D189
:10E17C000C4909680C440C4903F1300C03C95C6070
:10E18C008CE8030093F83010012907D1D2F8342120
:10E19C00D2E9001249685268D9601A61002030BD7A
:10E1AC006CF20120A8FC01209CF301202DE9F04722
:10E1BC0047F6FF74DFF84890DFF848A0124E134D75
:10E1CC00134F09F1060819F8013B514603EBC30341
:10E1DC0007EB83030F48DB68A6F84040A6F88440A1
:10E1EC00A6F8C840A6F80C41AC81AC83AC85AC87D2
:10E1FC0098470AF1280A08B9C845E4D1BDE8F08768
:10E20C00605501107CF1012038FB0120F8FA012047
:10E21C0044FA012048FC012070B500240A4A0B4E38
:10E22C000346106898470A4A3368146043B1094D95
:10E23C0055F8040BF5F77EFB33680134A342F7D88D
:10E24C000020306070BD00BFA8FC012074F90120D3
:10E25C0050F9012078F901200A4A0B4B126802F59B
:10E26C00C05102F5BA505A60C3F8AC10C3F8C420C0
:10E27C00C3F8DC10C3F8F420C3F80C01C3F8242154
:10E28C00704700BFA8FC01206CF2012038B5044691
:10E29C000D460C220649112001F0ACFF2946204600
:10E2AC0001F060FF18B94FF420722368DA6538BDAD
:10E2BC00ACFC0120B0F5807F10B5044610D809489D
:10E2CC0001F088FF14F03F0018BF0120012300EB80
:10E2DC00941003FA00F0013801F0C8FF002010BDC3
:10E2EC001020FCE7FFFF0F0038B5194B044698428D
:10E2FC000BD003F58063984207D003F580639842F6
:10E30C0003D003F5806398421CD1E36B03F01F0329
:10E31C000A2B09D0E36B03F01F030E2B04D0E36B25
:10E32C0003F01F030D2B0FD102236425A364E06BB4
:10E33C0010F01F0000D138BD013D07D0012001F0C5
:10E34C001DFFF4E71020F6E70120F4E70320F2E7C5
:10E35C00003000602DE9F84F9946724B0446984204
:10E36C00884617460CD003F58063984208D003F515
:10E37C008063984204D003F58063984240F0D080CB
:10E38C00002F00F0CD80B8F1000F00F0C980012102
:10E39C00204601F00FFF0221204601F0E7FE204647
:10E3AC0001F0F0FE2023102FA3644FF001064FF66E
:10E3BC00FF733D4628BF10252361E9B266642046F1
:10E3CC00266401F0BFFEA6646426E36B03F01F0312
:10E3DC00092B04D0E36B03F01F030A2B1AD14FF067
:10E3EC00000B4FF0800A5E467D1BADB2BE4238D3A7
:10E3FC0008236425A364E36B03F01F030D2B7CD16E
:10E40C00B9F1000F7FD14FF6FF71204601F03AFFB2
:10E41C0000200EE0012001F0B1FEE36B03F01F03BE
:10E42C000D2B01D0013ED0D1642507E0013D02D176
:10E43C000420BDE8F88F012001F0A0FEE36B03F08F
:10E44C001F030D2BF2D102236425A364E36BD906C1
:10E45C0001D10220EDE7013DEAD0012001F08EFE52
:10E46C00F4E7E36B03F01F030F2B24D1B5B1102D90
:10E47C00AB4628BF4FF0100B20465FFA8BF101F032
:10E48C0061FEA5EB0B05ADB2A36813F0800B0AD1AE
:10E49C00052001F073FE5B469B46A7E72946204604
:10E4AC0001F050FEF0E7636808F806300136C4F856
:10E4BC0010A0B6B2E8E7012001F060FEBBF5FA6FE0
:10E4CC000BF10103E8D308236425A364E36B03F089
:10E4DC001F030D2B0BD102236425A364E36BDA0617
:10E4EC00A6D0013DA4D0012001F048FEF6E7013D85
:10E4FC009ED0012001F042FEE8E7013D98D00120BA
:10E50C0001F03CFE77E702236425A364E36BDB0692
:10E51C003FF479AF013D8BD0012001F02FFEF5E7E0
:10E52C00012086E7003000602DE9F8439846514BF6
:10E53C00044698420D4616460CD003F5806398426B
:10E54C0008D003F58063984204D003F580639842A9
:10E55C0040F08C80002E00F08980002D00F0868029
:10E56C000121204601F026FE0121204601F0FEFD8E
:10E57C00204601F007FE2023A3644FF6FF732361AE
:10E58C000123642763642364A364E36B03F01F0318
:10E59C00072B2AD14FF40059013D2E44AE423AD1FB
:10E5AC00B8F1000F56D14FF6FF71204601F06AFE0C
:10E5BC00002012E0013D01D104200EE0012001F009
:10E5CC00DDFDE36B03F01F030D2BF3D10223642558
:10E5DC00A364E36BD90602D10220BDE8F883013DA8
:10E5EC00EAD0012001F0CAFDF3E7E36B03F01F034F
:10E5FC000E2BCFD0E36B03F01F03082BCAD00120E6
:10E60C0001F0BCFDE36B03F01F030D2B01D0013FA8
:10E61C00BBD16425D5E740F2D17715F8013F2360D3
:10E62C00A3689A040DD56427C4F81090E36B03F02B
:10E63C001F030E2BB2D0013F1AD0012001F09EFD1A
:10E64C00F4E7013F02D10223A364B5E7012001F0F6
:10E65C0095FDE5E702236425A364E36BDB06A2D0FA
:10E66C00013DA9D0012001F089FDF6E70120B4E7B6
:10E67C000320B2E700300060F8B5DFF85CC021F091
:10E68C0000430027044663450D46176021D8844695
:10E69C0053EA0C0C1DD0DFF844C016460A4601EABA
:10E6AC000C0CBCF1000F09D100220D4BF3F7FEFE50
:10E6BC006FF0350704460A4621F000436FF31E52F3
:10E6CC001B1542F07F55A3F2FE3345F400153B4475
:10E6DC00336020462946F8BDFFFFEF7F0000F07F36
:10E6EC0000005043C1F30A5C02460B462DE9F04191
:10E6FC00ACF2FF350C460646132D22DC002D42DB16
:10E70C00DFF8E0800F4648FA05F801EA080C5CEAED
:10E71C00000C1BD031A3D3E90023F3F711FD002229
:10E72C000023F4F753F940B1002C03DA4FF48013B3
:10E73C002B411F4427EA0804002621463046BDE839
:10E74C00F081332D06DDB5F5806F2CD010461946BF
:10E75C00BDE8F081ACF2134C4FF0FF3727FA0CF701
:10E76C003842F3D01DA3D3E90023F3F7E9FC0022D0
:10E77C000023F4F72BF90028DFD0002C33461CDBE8
:10E78C0023EA0706D9E715A3D3E90023F3F7D8FC4E
:10E79C0000220023F4F71AF90028CED0002C05DB58
:10E7AC0000263446C9E7F3F7CBFCD1E724F000444C
:10E7BC0026430DD14FF00044BFE7142D06D0C5F110
:10E7CC0034050122AA4013449E42D9D90134D7E71B
:10E7DC000026054CB1E700BFAFF300809C750088A4
:10E7EC003CE4377EFFFF0F000000F0BF38B5C1F3EB
:10E7FC000A5402460B468E46A4F2FF3CBCF1130FA2
:10E80C0014DCBCF1000F2DDB1E4941FA0CF101EABE
:10E81C000300104310D04FF40022002342FA0CF2F4
:10E82C00724422EA010E7146184638BDBCF1330F12
:10E83C0005DDBCF5806F1CD01046194638BDA4F21E
:10E84C0013444FF0FF31E1400142F5D0CCF1330CD1
:10E85C00012303FA0CF31B1828BF0EF1010E23EA57
:10E86C000103E0E7BCF1FF3F01F0004E04D00023B0
:10E87C00D9E7F3F765FC38BD4EF07F5E00234EF40C
:10E88C00401ED0E7FFFF0F0008B5C0F3C753014689
:10E89C007F3B162B0EDC002B024610DB0B4818417D
:10E8AC00014205D04FF480011941114421EA0001C5
:10E8BC00084608BD802BFBD1F4F7C0F808BD013326
:10E8CC0000F00041F4D141F07E51F1E7FFFF7F00F1
:10E8DC000B460146184600F053B900F018B800F08A
:10E8EC0018B8012838BF012010B50446204600F0A6
:10E8FC005BF800B110BD00F00FF808B900F012F889
:10E90C008047F3E7FFF7EDBF08B500F00BF800F018
:10E91C0053B8FFF7FCBF0000014BD3E8AF0F7047B3
:10E92C00B8FC0120062008B500F016FA012001F011
:10E93C00F1FB00001FB514461A46094B05461B682F
:10E94C00D8684CB1074B00910749CDE901342B46EF
:10E95C0000F024F9FFF7E6FF044B1C46F3E700BF79
:10E96C00A4F3012008FE011015FE011043FE011056
:10E97C00024B0A460146186800F002B8A4F30120C5
:10E98C0070B5A1FB025434B9294600F03FF8064695
:10E99C0028B9304670BD0C2200260260F9E72A46E1
:10E9AC00214600F0A8F9F4E7024B0146186800F084
:10E9BC002DB800BFA4F30120024B0146186800F0EB
:10E9CC0039BA00BFA4F3012070B50F4E0C460546B2
:10E9DC00316811B900F0DCF930602146284600F0AE
:10E9EC00D7F9431C03D14FF0FF34204670BDC41C33
:10E9FC0024F00304A042F8D0211A284600F0C8F9EC
:10EA0C000130F2D1EFE700BFBCFC01202DE9F84347
:10EA1C00CD1C064625F0030508350C2D38BF0C25FA
:10EA2C00002D01DBA94204D90C2333600020BDE882
:10EA3C00F883DFF8D48000F069F8D8F800301C4671
:10EA4C0044BB29463046FFF7BFFF431C044658D150
:10EA5C00D8F800402746002F43D1002C4BD0236818
:10EA6C003946304604EB030900F092F9814542D156
:10EA7C00216830466D1A2946FFF7A6FF01303AD0BF
:10EA8C0023682B442360D8F800305A6862BBC8F85E
:10EA9C0000700FE02268521B20D40B2A17D9611981
:10EAAC00A342256018BF5960636808BFC8F80010FE
:10EABC0062514B60304600F02FF804F10B00231D1F
:10EACC0020F00700C21A1CBF1B1AA350AFE76268E4
:10EADC00A3420CBFC8F800205A60EBE723466468D9
:10EAEC00AEE73C467F68B6E71A465B68A342FBD1AB
:10EAFC0000235360DEE70C233046336000F00CF843
:10EB0C0094E70560D6E700BFC0FC0120014800F087
:10EB1C0074B900BFC4FC0120014800F06FB900BFFC
:10EB2C00C4FC01202DE9F041074614460D4621B9DD
:10EB3C001146BDE8F041FFF769BF2AB9254600F040
:10EB4C0079F92846BDE8F08100F0BEF9844206460A
:10EB5C0002D8B4EB500FF4D821463846FFF756FFD5
:10EB6C00804608B94546ECE7B4422246294628BF00
:10EB7C00324600F052F92946384600F05BF9F1E7CD
:10EB8C0010B504460448134620B10A46022021461B
:10EB9C00AFF3008010BD00BF000000000EB403B541
:10EBAC0003AB0146054853F8042B0068019300F0B1
:10EBBC0017FB02B05DF804EB03B07047A4F301201F
:10EBCC000CB4194B30B50C1E9DB01D6808DA8B23A4
:10EBDC004FF0FF302B601DB0BDE8304002B07047E5
:10EBEC004FF402730290069002A9ADF814304FF066
:10EBFC000003209A28461B9314BF04F1FF332346CD
:10EC0C00049307934FF6FF73ADF8163021AB0193C5
:10EC1C0000F0C2F9431CBCBF8B232B60002CDAD054
:10EC2C00029B00221A70D6E7A4F3012030B51446DB
:10EC3C009BB005461A46002C05DA8B2303604FF077
:10EC4C00FF301BB030BD4FF4027300910491694644
:10EC5C00ADF80C304FF00003199314BF04F1FF33DF
:10EC6C002346029305934FF6FF73ADF80E301E9BAF
:10EC7C0000F092F9431CBCBF8B232B60002CE0D01E
:10EC8C00009B00221A70DCE707B5009313460A4676
:10EC9C00014603480068FFF7C9FF03B05DF804FBA9
:10ECAC00A4F301200139024410B5904201D1002097
:10ECBC0005E0037811F8014FA34201D0181B10BDD9
:10ECCC000130F2E7884210B501EB020402D984420C
:10ECDC00234607D8431EA14207D011F8012B03F895
:10ECEC00012FF8E70244824200D110BD13F8011D38
:10ECFC0002F8011DF7E702440346934200D1704726
:10ED0C0003F8011BF9E71F2938B505460C4604D951
:10ED1C00162303604FF0FF3038BDC26B12B152F8AE
:10ED2C0021304BB9284600F031F8224601462846DE
:10ED3C00BDE8384000F018B8012B0AD0591C03D19B
:10ED4C00162303600120E7E70021204642F8241037
:10ED5C0098470020E0E70000024B01461868FFF7D7
:10ED6C00D2BF00BFA4F3012038B50023064D0446E2
:10ED7C00084611462B60F4F7DDFA431C02D12B68D0
:10ED8C0003B1236038BD00BF04FE0120F4F7D0BAF4
:10ED9C0038B50023054D044608462B6001F0AAF94E
:10EDAC00431C02D12B6803B1236038BD04FE012043
:10EDBC0070B50D4B00260D4D5B1B9C10A64209D166
:10EDCC000B4DF4F7A9FB0B4B00265B1B9C10A642CA
:10EDDC0005D170BD55F8043B01369847EEE755F860
:10EDEC00043B01369847F2E780FE011080FE0110CB
:10EDFC0080FE011088FE0110704770477047C9B241
:10EE0C000346024410B59342184601D1002003E09A
:10EE1C00047801338C42F6D110BD0A44431E914252
:10EE2C0000D1704710B511F8014B914203F8014F16
:10EE3C00F9D110BD38B50546002941D051F8043C34
:10EE4C000C1F002BB8BFE418FFF760FE1D4A1368B7
:10EE5C0033B9636014602846BDE83840FFF75CBEE8
:10EE6C00A34208D9206821188B4201BF19685B683E
:10EE7C0009182160EDE71A465B680BB1A342FAD979
:10EE8C0011685018A0420BD1206801445018116031
:10EE9C008342E0D118685B68084453601060DAE77D
:10EEAC0002D90C232B60D6E7206821188B4202BFB5
:10EEBC0019685B680918636008BF21605460CAE771
:10EECC0038BD00BFC0FC012051F8043C181F002BBA
:10EEDC00BCBF0B58C01870472DE9F0471F468E6811
:10EEEC0082460C46BE429046334653D8B1F90C00CC
:10EEFC0010F4906F2BD065692368096905EB450503
:10EF0C00A3EB010905EBD5757B1C6D104B442A4610
:10EF1C00AB4284BF1D462A46430527D511465046B1
:10EF2C00FFF774FD064658B34A462169FFF775FF93
:10EF3C00A38923F4906343F08003A38126614E449C
:10EF4C0065613B46A5EB090526603E46A5601F465C
:10EF5C003A4641462068FFF7B5FEA36800209B1B8C
:10EF6C00A36023683B442360BDE8F0875046FFF75D
:10EF7C00D9FD06460028E1D121695046FFF75AFF1A
:10EF8C000C234FF0FF30CAF80030A38943F0400344
:10EF9C00A381E9E73E46DBE72DE9F04F98468B89E4
:10EFAC009DB007461B060D46144610D50B6973B968
:10EFBC004021FFF72BFD2860286130B90C233B6002
:10EFCC004FF0FF301DB0BDE8F08F40236B61002384
:10EFDC00CDF80C804FF00109DFF8A08109932023B4
:10EFEC008DF8293030238DF82A3023469A4613F8B1
:10EFFC00012B0AB1252AF9D1BAEB040B0BD05B46D5
:10F00C00224629463846FFF767FF013000F0A780FB
:10F01C00099A5A4409929AF80030002B00F09F800C
:10F02C0000234FF0FF320AF1010A049307938DF885
:10F03C0053301A93CDE90523544605224F4814F852
:10F04C00011BFFF7DCFE049AD8B9D00644BF20237D
:10F05C008DF85330110744BF2B238DF853309AF899
:10F06C0000302A2B15D0079A544600204FF00A0C7A
:10F07C00214611F8013B303B092B4BD9B0B107921B
:10F08C0014E0A0EB0803A24609FA03F3134304931C
:10F09C00D2E7039B191D1B68002B0391BBBF5B427E
:10F0AC0042F0020207930793B8BF049223782E2BE9
:10F0BC000AD163782A2B32D1039B02341A1D1B68A8
:10F0CC0043EAE37303920593DFF8B4A0032221789B
:10F0DC005046FFF794FE38B1A0EB0A004022049B87
:10F0EC00013482401343049314F8011B0622254873
:10F0FC008DF82810FFF783FE002836D0224B1BBB5F
:10F10C00039B073323F0070308330393099B334412
:10F11C0009936AE70CFB02320C460120A8E7002396
:10F12C0001344FF00A0C19460593204610F8012BB8
:10F13C00303A092A03D9002BC6D00591C4E70CFB41
:10F14C00012104460123F0E703AB2A4604A9384603
:10F15C0000930E4BAFF30080421C0646D6D1AB8910
:10F16C005B063FF52DAF09982CE703AB2A4604A9A3
:10F17C0038460093054B00F0BDF9EDE744FE011055
:10F18C004AFE01104EFE011000000000E5EE0010DA
:10F19C009368013B002B10B4936007DA9469A34287
:10F1AC0001DB0A2902D110BC00F0CCBB1368581C3F
:10F1BC0010600846197010BC7047F8B506460F462B
:10F1CC001446D518AC4201D1002007E03A4614F899
:10F1DC00011B3046FFF7DCFF431CF3D1F8BD0000E8
:10F1EC002DE9F04F0D469DB014469846064618B1D1
:10F1FC00036A0BB900F02CFB6B6ED90705D4AB89F5
:10F20C009A0502D4A86DFFF7F8FDAB891B0701D551
:10F21C002B699BB92946304600F0D2FB70B16B6E5E
:10F22C00DC0704D54FF0FF301DB0BDE8F08FAB8983
:10F23C009805F7D4A86DFFF7E1FDF3E70023CDF8AF
:10F24C000C804FF00109DFF8B481099320238DF86D
:10F25C00293030238DF82A3023469A4613F8012B97
:10F26C000AB1252AF9D1BAEB040B0BD05B46224626
:10F27C0029463046FFF7A1FF013000F0A780099A1C
:10F28C005A4409929AF80030002B00F09F8000231A
:10F29C004FF0FF320AF1010A049307938DF85330B3
:10F2AC001A93CDE9052354460522544814F8011B42
:10F2BC00FFF7A5FD049AD8B9D10644BF20238DF8D9
:10F2CC005330130744BF2B238DF853309AF800307A
:10F2DC002A2B15D0079A544600204FF00A0C2146D1
:10F2EC0011F8013B303B092B4BD9B0B1079214E01C
:10F2FC00A0EB0803A24609FA03F313430493D2E7E5
:10F30C00039B191D1B68002B0391BBBF5B4242F092
:10F31C00020207930793B8BF049223782E2B0AD1CD
:10F32C0063782A2B32D1039B02341A1D1B6843EAE3
:10F33C00E37303920593DFF8C8A0032221785046AB
:10F34C00FFF75DFD38B1A0EB0A004022049B0134AD
:10F35C0082401343049314F8011B062229488DF8AC
:10F36C002810FFF74CFD00283FD0274B1BBB039BFD
:10F37C00073323F0070308330393099B3B4409939A
:10F38C006AE70CFB02320C460120A8E7002301348B
:10F39C004FF00A0C19460593204610F8012B303A11
:10F3AC00092A03D9002BC6D00591C4E70CFB012117
:10F3BC0004460123F0E703AB2A4604A93046009328
:10F3CC00124BAFF300800746781CD6D16B6ED90771
:10F3DC0005D4AB899A0502D4A86DFFF70FFDAB8954
:10F3EC005B063FF51FAF09981EE703AB2A4604A93D
:10F3FC0030460093054B00F07DF8E4E744FE011025
:10F40C004AFE01104EFE011000000000C7F1001072
:10F41C002DE9F047164698468A6807460B690C4654
:10F42C00DDF820909342B8BF1346336091F8432027
:10F43C000AB1013333602368990642BF3368023343
:10F44C003360256815F0060506D104F1190AE36846
:10F45C0032689B1AAB422BDC94F843302268003B99
:10F46C0018BF0123920630D404F1430241463846BA
:10F47C00C847013023D023681A3454F80A2C03F0FF
:10F48C000603042B0ABF54F80E5C002533684FF0BA
:10F49C00000608BFED1A54F8123C08BF25EAE575C2
:10F4AC009342C4BF9B1AED18B5421AD1002008E054
:10F4BC000123524641463846C847013003D14FF02C
:10F4CC00FF30BDE8F0870135C1E7E1185A1C302048
:10F4DC000233224481F8430094F8451082F843101B
:10F4EC00C2E70123224641463846C8470130E6D0E0
:10F4FC000136D9E72DE9FF470F7E914680460C4631
:10F50C00782F9A460C9E01F1430207D8622F0AD835
:10F51C00002F00F0D280582F00F0B78004F1420683
:10F52C0084F842703AE0A7F16303152BF6D801A1D9
:10F53C0051F823F099F50010ADF5001029F50010E5
:10F54C0029F5001029F5001029F50010ADF5001073
:10F55C0029F5001029F5001029F5001029F50010E7
:10F56C00ADF60010D7F5001063F6001029F5001069
:10F57C0029F50010CFF6001029F50010D7F5001072
:10F58C0029F5001029F500106BF6001033681A1DD0
:10F59C001B68326004F1420684F8423001239DE07E
:10F5AC0033682068191D3160060601D51D6803E01B
:10F5BC004506FBD5B3F90050002D03DA2D236D421F
:10F5CC0084F8433059480A2310E021683368080650
:10F5DC0053F8045B02D4490648BFADB26F2F5348B1
:10F5EC00336059D10823002184F843106668002E3B
:10F5FC00A66005DB21682E4321F0040121604DD06B
:10F60C001646B5FBF3F103FB1157C75D06F8017DF8
:10F61C002F460D46BB42F4D9082B0BD12368DF07CC
:10F62C0008D5236961689942DEBF302306F8013C96
:10F63C0006F1FF36921B22614B4603AA2146404637
:10F64C00CDF800A0FFF7E4FE01304CD14FF0FF30B5
:10F65C0004B0BDE8F087236843F0200323607827CB
:10F66C003348236884F845701F06316851F8045BF1
:10F67C0002D45F0648BFADB23160D90744BF43F036
:10F68C00200323601DB11023ADE72848E9E7236868
:10F69C0023F020032360F6E70A23A4E71646BBE712
:10F6AC0033682568181D616930602E061B6801D50A
:10F6BC00196002E06806FBD5198000231646236109
:10F6CC00BAE7336800211A1D32601E686268304642
:10F6DC00FFF795FB08B1801B606063682361002312
:10F6EC0084F84330A8E72369324649464046D04760
:10F6FC000130ABD023689B0713D4E068039B98427E
:10F70C00B8BF1846A4E70123324649464046D047C5
:10F71C0001309BD00135E36803995B1AAB42F2DCF4
:10F72C00EBE7002504F11906F5E700BF55FE0110C3
:10F73C0066FE0110002310B50446836081811946D2
:10F74C004366C28108228361C0E90033C0E90433F7
:10F75C005C30FFF7D0FA0D4B246263620C4BA36252
:10F76C000C4BE3620C4B23630C4B9C4206D003F115
:10F77C006802944202D0D0339C4205D104F1580067
:10F78C00BDE81040FFF738BB10BD00BFC9F8001032
:10F79C00EBF8001023F9001049F90010C8FC012007
:10F7AC00024A0349034800F06BB800BFF4F3012090
:10F7BC00F9FB0010A8F3012041680C4B994210B5DD
:10F7CC00044601D000F012FAA168094B994202D00C
:10F7DC00204600F00BFAE168064B994204D0204613
:10F7EC00BDE8104000F002BA10BD00BFC8FC0120FB
:10F7FC0030FD012098FD01200C4B04210C4A0D48D2
:10F80C0010B51A600022FFF795FF0A4B012209215F
:10F81C001C4603F16800FFF78DFF022204F1D000B3
:10F82C001221BDE81040FFF785BF00BF00FE01208C
:10F83C00ADF70010C8FC01200148FFF7DEBA00BF8D
:10F84C00C5FC01200148FFF7D9BA00BFC5FC012057
:10F85C0010B50446FFF7F0FF236A1BB1BDE810405A
:10F86C00FFF7F0BF044B2362044B1B68002BF5D150
:10F87C00FFF7C2FFF2E700BFC5F7001000FE012042
:10F88C002DE9F8430746884614460026D4E901952D
:10F89C00B9F1010905D52468002CF7D13046BDE833
:10F8AC00F883AB89012B07D9B5F90E30013303D09E
:10F8BC0029463846C04706436835E9E710B50C467B
:10F8CC00B1F90E1000F0F2F80028ABBF636DA389FC
:10F8DC001B1823F48053ACBF6365A38110BD2DE9C5
:10F8EC00F0411F468B8905460C46DB05164605D5AF
:10F8FC0002230022B1F90E1000F0C6F8A38932469B
:10F90C00B4F90E10284623F48053A3813B46BDE87E
:10F91C00F04100F0DDB810B50C46B1F90E1000F056
:10F92C00B3F8421CB4F90C3015BF606523F4805356
:10F93C0043F48053A38118BFA38110BDB1F90E10FD
:10F94C0000F092B8F8B50E461446054618B1036A95
:10F95C000BB9FFF77DFFA369A360A3891A0701D533
:10F96C00236943B92146284600F02AF818B14FF014
:10F97C00FF373846F8BD2368F6B222693746981A25
:10F98C006369834205DC2146284600F02FF90028E4
:10F99C00EDD1A368013BA36023685A1C22601E7042
:10F9AC00431C62699A4204D0A389DB07E1D50A2E75
:10F9BC00DFD12146284600F019F90028D9D0D6E726
:10F9CC0038B5284B05460C46186818B1036A0BB9B4
:10F9DC00FFF73EFFB4F90C301A0721D4D80607D430
:10F9EC0009222A6043F040034FF0FF30A38130E03E
:10F9FC00590712D5616B41B104F14403994202D00D
:10FA0C002846FFF717FA002363630022B4F90C3081
:10FA1C00626023F024032269226043F00803A3816F
:10FA2C0022693AB99A0501D5180603D5214628460C
:10FA3C0000F028F9B4F90C3013F001020AD00022BE
:10FA4C00A26062695242A261226942B913F080003D
:10FA5C00C8D138BD990758BF6269A260F4E700208D
:10FA6C00F7E700BFA4F3012038B50023054D044689
:10FA7C0008462B60F3F74EFC431C02D12B6803B1F4
:10FA8C00236038BD04FE012038B50446064D0846F7
:10FA9C00114600222A601A46F3F740FC431C02D19F
:10FAAC002B6803B1236038BD04FE012038B5044631
:10FABC00064D0846114600222A601A46F3F736FC1A
:10FACC00431C02D12B6803B1236038BD04FE012016
:10FADC0038B50446064D0846114600222A601A46DF
:10FAEC00F3F7D2FB431C02D12B6803B1236038BD62
:10FAFC0004FE0120B1F90C20F8B5160705460C469A
:10FB0C0051D44B68002B02DC0B6C002B49DDE66AF0
:10FB1C00002E46D0002312F480522F682B6031D077
:10FB2C00626DA389590705D56368D21A636B0BB153
:10FB3C00236CD21A0023E66A216A2846B047421C7D
:10FB4C00B4F90C3006D129681D2944D8264ACA407C
:10FB5C00D60740D50022D90462602269226004D500
:10FB6C00421C01D12B6803B96065616B2F60C1B178
:10FB7C0004F14403994202D02846FFF75BF90023B5
:10FB8C0063630EE00123216A2846B0470246501CED
:10FB9C00C7D12B68002BC4D01D2B01D0162B18D12C
:10FBAC002F6000201CE00F69002FFAD093070E681D
:10FBBC000F600CBF4B690023F61B8B60002EF0DD31
:10FBCC0033463A46216A2846D4F828C0E047002834
:10FBDC0007DCB4F90C3043F040034FF0FF30A38145
:10FBEC00F8BD0744361AE9E70100402038B50B6927
:10FBFC0005460C4613B90025284638BD18B1036AD2
:10FC0C000BB9FFF725FEB4F90C30002BF3D0626E64
:10FC1C00D00704D4990502D4A06DFFF7EEF828465E
:10FC2C002146FFF767FF636E0546DA07E4D4A38924
:10FC3C009B05E1D4A06DFFF7E1F8DDE770B50C464C
:10FC4C00B1F90E1096B0154600291E460ADAA189A4
:10FC5C0011F0800113D14FF48062002031602A60D2
:10FC6C0016B070BD6A4600F047F80028EFDB01992A
:10FC7C0001F47041A1F5005359425941EBE70021C1
:10FC8C004022EAE78B8973B59E0705460C4607D5DB
:10FC9C0004F14703236023610123636102B070BD4B
:10FCAC0001AB6A46FFF7CAFF009E28463146FEF7B5
:10FCBC00ADFEB4F90C3038B99A05EFD423F0030338
:10FCCC0043F00203A381E3E743F080032060A381A8
:10FCDC00019BC4E90406002BE0D0B4F90E102846B1
:10FCEC0000F01CF80028D9D0A38923F0030343F0BB
:10FCFC000103A381D2E7000038B50023064D04466A
:10FD0C00084611462B60F3F70BFB431C02D12B6802
:10FD1C0003B1236038BD00BF04FE012038B50023B9
:10FD2C00054D044608462B60F3F7F2FA431C02D14A
:10FD3C002B6803B1236038BD04FE012038B50022C6
:10FD4C00002304460D46F2F723FE28B92046294627
:10FD5C00BDE8384000F00AB8204605F1004100F03B
:10FD6C0005F8404261EB410138BD00BFD0B500221F
:10FD7C000B4B06460F46F2F799FBF3F7DDF90446F9
:10FD8C00F2F71AFB0022074BF2F790FB02460B46E8
:10FD9C0030463946F2F7D2F9F3F7CEF92146D0BD09
:10FDAC000000F03D0000F0412DE9F04F8C46099E1B
:10FDBC0004460F46002B48D18A4215465ED9B2FA4A
:10FDCC0082F33BB1C3F120029F409D409C4020FA3E
:10FDDC0002F217434FEA154E1FFA85FC220CB7FBB3
:10FDEC00FEF10EFB117701FB0CF042EA0742904248
:10FDFC0007D9AA1801F1FF3702D2904200F25881BC
:10FE0C003946121AA4B2B2FBFEF00EFB102200FB14
:10FE1C000CFC44EA0244A4450BD92C1900F1FF3226
:10FE2C002CBF01270027A44502D9002F00F04381E5
:10FE3C00104640EA0140A4EB0C0400211EB1DC404A
:10FE4C000023C6E90043BDE8F08F8B4206D90EB102
:10FE5C00C6E9000100210846BDE8F08FB3FA83F132
:10FE6C00002951D16345C0F01681824240F21381C2
:10FE7C000846002EE7D0C6E90047E4E7002A00F068
:10FE8C00AF80B2FA82F3002B40F0C2808A1A4FEA9C
:10FE9C00154EAFB20121200CB2FBFEFC0EFB1C2256
:10FEAC0040EA024207FB0CF090420ED9AA180CF162
:10FEBC00FF382CBF4FF001094FF00009904203D9D5
:10FECC00B9F1000F00F0F080C446121AA4B2B2FBD4
:10FEDC00FEF00EFB102200FB07F744EA0244A74297
:10FEEC000ED92C1900F1FF322CBF4FF0010E4FF040
:10FEFC00000EA74203D9BEF1000F00F0D2801046CD
:10FF0C00E41B40EA0C4099E7C1F120058B400CFA48
:10FF1C0001F400FA01F922FA05F72CFA05FC8A40E3
:10FF2C001F4320FA05F3380C23431FFA87FE1C0CE1
:10FF3C00BCFBF0F800FB18CC44EA0C4408FB0EFCAC
:10FF4C00A4450ED93C1908F1FF3A2CBF4FF0010B18
:10FF5C004FF0000BA44503D9BBF1000F00F0B880A3
:10FF6C00D046A4EB0C041FFA83FCB4FBF0F300FBAB
:10FF7C00134403FB0EFE4CEA0444A6450ED93C196F
:10FF8C0003F1FF302CBF4FF0010C4FF0000CA645D5
:10FF9C0003D9BCF1000F00F09F80034643EA0840F0
:10FFAC00A4EB0E04A0FB02EC64457346E04602D3BE
:10FFBC0007D1F14505D2BEEB02036CEB070C0138FF
:10FFCC00E0465EB1B9EB030264EB080404FA05F5F4
:10FFDC0022FA01F3CC401D43C6E90054002132E75C
:10FFEC0042082F464B08AC4642EAC172AE46C407E3
:04FFFC00110C92B2A0
:020000041001E9
:1000000041EA034142EA0142B1FBF5F1B3FBF5F0ED
:100010001F23A2EB0C0241EA004142E79D40C3F1DD
:10002000200299409C402CFA02FC4FEA154E20FA1F
:1000300002F2AFB2BCFBFEF80A430EFB18CC110C67
:1000400041EA0C4108FB07FC8C4550D9691808F1BE
:10005000FF302CBF4FF001094FF000098C4502D949
:10006000B9F1000F30D0A1EB0C01B1FBFEF808FB99
:1000700007FC0EFB181192B242EA0142624534D2EB
:10008000AA1808F1FF312CBF4FF001094FF0000909
:100090006245BED2B9F1000FBBD1A8F102012A44DA
:1000A000B7E7841A6CEB030201201746E7E62C44FD
:1000B00002382BE7ACF1020C2A440CE702392A443F
:1000C000A5E62C440238BAE6A5EB0C0CA8F1020018
:1000D0006144B1FBFEF808FB07FCCAE7A8F102087F
:1000E0003C4444E7023B3C445EE7414691E7A1EBD8
:1000F0000C014046B1FBFEF808FB07FCB9E700BF66
:10010000054A0346106810B1034413607047034862
:1001100003441360704700BF08FE012010FE012059
:10012000FEE700BF000000005FF800F0B1AB000088
:100130005FF800F01D8200005FF800F0215C000015
:100140005FF800F0A9AD00005FF800F07DAD0000A1
:100150005FF800F091A100005FF800F01595000035
:100160005FF800F08DAE00005FF800F079C100008C
:100170005FF800F0455000005FF800F011A20000A9
:100180005FF800F0295D00005FF800F08147000093
:100190005FF800F07D9C00005FF800F011C30000E4
:1001A0005FF800F031F800005FF800F035810000E2
:1001B0005FF800F09D9C00005FF800F0598000009F
:1001C0005FF800F02DA300005FF800F011A300001D
:1001D0005FF800F05D9C00005FF800F065590000DA
:1001E0005FF800F051A800005FF800F0857A000089
:1001F0005FF800F0158100005FF800F07147000023
:100200005FF800F00D8700005FF800F0AD8000009F
:100210005FF800F0C58200005FF800F061C30000E5
:100220005FF800F05DA300005FF800F025AE00006D
:100230005FF800F0BDD600005FF800F0F196000016
:100240005FF800F055C900005FF800F0FDAD000058
:100250005FF800F0756000005FF800F06DA8000026
:100260005FF800F0C5C100005FF800F021980000C1
:100270005FF800F059AE00005FF800F079AE0000C2
:100280005FF800F0D17A00005FF800F0F997000005
:100290005FF800F0819A00005FF800F01985000017
:1002A0005FF800F065DE00005FF800F07D79000087
:1002B0005FF800F07DDF00005FF800F069AE00003D
:1002C0005FF800F0019B00005FF800F0E9AB000070
:1002D0005FF800F09D9800005FF800F0B9C30000DF
:1002E0000F000000A00F00000000000070747200FA
:1002F000766F6964207B616E6F6E796D6F75737D4B
:100300003A3A65695F616C69676E65645F667265DC
:100310006528766F69642A2900000000433A2F554A
:10032000736572732F636F726E392F417070446101
:1003300074612F4C6F63616C2F41726D2F5061633C
:100340006B732F45646765496D70756C73652F45D8
:10035000492D53444B2F312E39332E32362F6564BD
:100360006765696D70756C73652F656467652D6968
:100370006D70756C73652D73646B2F636C61737333
:1003800069666965722F65695F616C69676E65642E
:100390005F6D616C6C6F632E680000004552523ACD
:1003A0002043616E6E6F742068616E646C652069B5
:1003B0006E707574207479706520282564290A0090
:1003C0004552523A20696E7075742074656E736F71
:1003D00072206861732073697A65202564206279D0
:1003E0007465732C2062757420696E707574206D4D
:1003F0006174726978206861732068617320736921
:100400007A652025642062797465730A0000000013
:100410004552523A206F75747075742074656E730E
:100420006F72206861732073697A652025642C20BF
:1004300062757420696E707574206D61747269786C
:1004400020686173206861732073697A6520256470
:100450000A0000004552523A2043616E6E6F7420CC
:1004600068616E646C65206F757470757420747942
:10047000706520282564290A000000006D65616E02
:10048000733A2000617869733A2025690A000000F8
:10049000256620004661696C656420746F20696E72
:1004A000697469616C697A6520746865206D6F6430
:1004B000656C20286572726F7220636F64652025F9
:1004C00064290A004552520025733A2000000000BA
:1004D00041524D20434D534953204572726F723A39
:1004E00020256400252E35660000000025730000DD
:1004F00028616C69676E20262028616C69676E2010
:100500002D20312929203D3D20300000766F69647F
:100510002A207B616E6F6E796D6F75737D3A3A65D7
:10052000695F616C69676E65645F63616C6C6F6362
:100530002873697A655F742C2073697A655F742902
:1005400000000000477261797363616C6500000010
:100550004552523A204661696C656420746F20727E
:10056000756E204453502070726F6365737320283A
:100570002564290A00000000466561747572657380
:1005800020282564206D732E293A200020000000C9
:100590004552523A204F7574206F66206D656D6F1D
:1005A00072792C2063616E277420616C6C6F6361BB
:1005B00074652066656174757265730A00000000D9
:1005C0004552523A204F7574206F66206D656D6FED
:1005D00072792C2063616E277420616C6C6F63618B
:1005E0007465206D61747269785F707472735B25D5
:1005F0006C755D0A000000004552523A20576F7535
:100600006C64207772697465206F757473696465B2
:100610002066656174757265206275666665720A2A
:1006200000000000494E464F00000000496D707503
:100630006C7365206D61696E7461696E732073748B
:100640006174652E2043616C6C2072756E5F636C03
:1006500061737369666965725F696E6974282920C0
:10066000746F2072657365742073746174652028DB
:10067000652E672E20696620646174612073747230
:1006800065616D20697320696E746572727570742E
:1006900065642E290A00000052756E6E696E67202F
:1006A000696D70756C73652E2E2E0A005978756110
:1006B0006E000000597875616E2D5454530000008F
:1006C000496D70756C736520233100006163635858
:1006D000202B2061636359202B206163635A202BF8
:1006E0002067797258202B2067797259202B206758
:1006F00079725A0042430000425000004253000009
:100700004643000046500000465300006E6F6E6581
:1007100000000000696E69742073746172740000D7
:1007200069326320627573206E6F742069646C6532
:100730002028626974313D53434C20626974303D16
:10074000534441290000000049434D5F32303934A1
:10075000385F696E69745F7374727563740000004A
:1007600049434D5F32303934385F6C696E6B5F736B
:10077000657269660000000049434D5F32303934CC
:10078000385F73775F7265736574000049434D5F2E
:1007900032303934385F636865636B5F69640000C9
:1007A0007365745F62616E6B5F305F6265666F7206
:1007B000655F77616B657570000000007772697422
:1007C000655F5057525F4D474D545F315F30783011
:1007D0003100000049434D5F32303934385F736C6B
:1007E0006565705F66616C73655F6561726C7900E9
:1007F00049434D5F32303934385F6C6F775F706FCB
:100800007765725F66616C73655F6561726C7900B4
:1008100077726974655F5057525F4D474D545F3230
:100820005F3078303000000049434D5F323039345A
:10083000385F656E61626C655F4649464F5F666111
:100840006C73655F7072650049434D5F32303934B7
:10085000385F656E61626C655F444D505F66616CC8
:1008600073655F70726500007365745F62616E6BC3
:100870005F305F6669666F5F64697361626C6500B3
:1008800077726974655F4649464F5F454E5F315FD9
:100890007A65726F0000000077726974655F46497F
:1008A000464F5F454E5F325F7A65726F0000000011
:1008B00049434D5F32303934385F72657365745F18
:1008C0004649464F5F7072650000000049434D5F26
:1008D00032303934385F7365745F646D705F737480
:1008E0006172745F616464726573735F70726500D6
:1008F00049434D5F32303934385F6669726D7761D4
:1009000072655F6C6F61640049434D5F323039340A
:10091000385F736C6565705F66616C73655F706F7F
:10092000737466770000000049434D5F32303934FC
:10093000385F6C6F775F706F7765725F66616C733D
:10094000655F706F737466770000000049434D5F08
:1009500032303934385F7365745F646D705F7374FF
:100960006172745F616464726573735F706F7374D6
:100970000000000069636D32303934385F7365748C
:100980005F66756C6C5F7363616C655F7261770045
:1009900049434D5F32303934385F7365745F73613A
:1009A0006D706C655F726174650000007365745FE3
:1009B00062616E6B5F305F646D705F6374726C0058
:1009C00077726974655F48575F4649585F44495379
:1009D00041424C450000000077726974655F5349DD
:1009E0004E474C455F4649464F5F5052494F52492A
:1009F00054595F53454C00006D656D5F4143435F43
:100A00005343414C450000006D656D5F4143435FBA
:100A10005343414C453200006D656D5F4143434592
:100A20004C5F424941535F58000000006D656D5FA7
:100A3000414343454C5F424941535F590000000028
:100A40006D656D5F414343454C5F424941535F5A79
:100A5000000000006D656D5F4232535F4D54585F7A
:100A6000303000006D656D5F4232535F4D54585F0A
:100A7000303100006D656D5F4232535F4D54585FF9
:100A8000303200006D656D5F4232535F4D54585FE8
:100A9000313000006D656D5F4232535F4D54585FD9
:100AA000313100006D656D5F4232535F4D54585FC8
:100AB000313200006D656D5F4232535F4D54585FB7
:100AC000323000006D656D5F4232535F4D54585FA8
:100AD000323100006D656D5F4232535F4D54585F97
:100AE00032320000696E765F69636D3230393438B6
:100AF0005F7365745F6779726F5F736600000000F3
:100B00006D656D5F4759524F5F46554C4C5343419D
:100B10004C4500006D656D5F414343454C5F4F4E52
:100B20004C595F4741494E006D656D5F41434345F8
:100B30004C5F414C5048415F564152006D656D5FBE
:100B4000414343454C5F415F564152006D656D5FC7
:100B5000414343454C5F43414C5F52415445000083
:100B6000656E61626C655F53454E534F525F4741FE
:100B70004D455F524F544154494F4E5F5645435483
:100B80004F520000656E61626C655F53454E534F76
:100B9000525F4C494E4541525F414343454C45529B
:100BA0004154494F4E0000007365745F706572696F
:100BB0006F645F5175617436000000007365745F87
:100BC000706572696F645F416363656C000000006B
:100BD00049434D5F32303934385F72657365745FF5
:100BE0004649464F5F706F737400000049434D5F84
:100BF00032303934385F656E61626C655F464946F4
:100C00004F5F74727565000049434D5F323039346F
:100C1000385F72657365745F444D500049434D5FA2
:100C200032303934385F656E61626C655F444D50B7
:100C30005F747275650000006F6B00006E6F204975
:100C4000434D323039343820617420307836382FB3
:100C5000307836392C2077686F616D692864656358
:100C600029000000556E6B6E6F776E207479706589
:100C7000000000004E4F545950450000464C4F4173
:100C800054333200494E54333200000055494E541B
:100C900038000000494E5436340000005354524985
:100CA0004E470000424F4F4C00000000494E543167
:100CB00036000000434F4D504C455836340000007C
:100CC000494E543800000000464C4F415431360024
:100CD000464C4F4154363400434F4D504C455831EB
:100CE0003238000055494E54363400005245534FB7
:100CF000555243450000000056415249414E5400B0
:100D000055494E543332000055494E543136000097
:100D1000494E543400000000433A2F5573657273F6
:100D20002F636F726E392F417070446174612F4C64
:100D30006F63616C2F41726D2F5061636B732F4530
:100D4000646765496D70756C73652F45492D534413
:100D50004B2F312E39332E32362F65646765696D1E
:100D600070756C73652F656467652D696D70756C42
:100D700073652D73646B2F74656E736F72666C6F21
:100D8000772F6C6974652F6B65726E656C732F6B52
:100D900065726E656C5F7574696C5F6C6974652EE5
:100DA0006370700025733A25642025732077617382
:100DB000206E6F7420747275652E00007363616C11
:100DC000655F64696666202F206F75747075745F47
:100DD0007363616C65203C3D20302E303200000092
:100DE000696E7075745F70726F647563745F73633E
:100DF000616C65203E3D20300000000066616C7330
:100E0000650000006E6F5F696E74656765725F6F85
:100E1000766572666C6F775F66726F6D5F71756114
:100E20006E74697A6174696F6E00000025733A25EB
:100E30006420257320213D2025732028256420214E
:100E40003D202564290000006B54664C697465419F
:100E50006666696E655175616E74697A6174696FF1
:100E60006E000000696E7075742D3E7175616E7450
:100E7000697A6174696F6E2E747970650000000084
:100E800066696C7465722D3E7175616E74697A6104
:100E900074696F6E2E747970650000006166666912
:100EA0006E655F7175616E74697A6174696F6E00E9
:100EB000616666696E655F7175616E74697A617489
:100EC000696F6E2D3E7363616C650000696E7075AD
:100ED000742D3E74797065203D3D206B54664C69DD
:100EE0007465496E7438207C7C20696E7075742D31
:100EF0003E74797065203D3D206B54664C69746585
:100F0000496E74313600000066696C7465722D3E5E
:100F100074797065203D3D206B54664C6974654959
:100F20006E7438207C7C2066696C7465722D3E740A
:100F3000797065203D3D206B54664C697465496E3F
:100F4000743400006E756D5F6368616E6E656C73FE
:100F500000000000616666696E655F7175616E74A0
:100F6000697A6174696F6E2D3E7363616C652D3EA5
:100F700073697A650000000066696C7465722D3EC5
:100F800064696D732D3E646174615B616666696E50
:100F9000655F7175616E74697A6174696F6E2D3EFB
:100FA0007175616E74697A65645F64696D656E738D
:100FB000696F6E5D00000000433A2F5573657273D0
:100FC0002F636F726E392F417070446174612F4CC2
:100FD0006F63616C2F41726D2F5061636B732F458E
:100FE000646765496D70756C73652F45492D534471
:100FF0004B2F312E39332E32362F65646765696D7C
:1010000070756C73652F656467652D696D70756C9F
:1010100073652D73646B2F74656E736F72666C6F7E
:10102000772F6C6974652F6D6963726F2F6B6572B2
:101030006E656C732F636F6E762E637070000000A8
:10104000696E70757420213D206E756C6C707472C1
:101050000000000066696C74657220213D206E7589
:101060006C6C7074720000006F7574707574202160
:101070003D206E756C6C70747200000030000000D2
:10108000696E7075742D3E706172616D732E7A6534
:10109000726F5F706F696E74000000006F7574701E
:1010A00075742D3E706172616D732E7A65726F5F1B
:1010B000706F696E740000006F75747075742D3EEA
:1010C0007479706500000000696E7075742D3E744F
:1010D00079706500433A2F55736572732F636F7291
:1010E0006E392F417070446174612F4C6F63616C75
:1010F0002F41726D2F5061636B732F456467654993
:101100006D70756C73652F45492D53444B2F312EEF
:1011100039332E32362F65646765696D70756C736F
:10112000652F656467652D696D70756C73652D73CA
:10113000646B2F74656E736F72666C6F772F6C695A
:1011400074652F6D6963726F2F6B65726E656C735A
:101150002F636F6E762E63707020487962726964B7
:10116000206D6F64656C7320617265206E6F7420F2
:10117000737570706F72746564206F6E2054464C86
:10118000697465204D6963726F2E0000433A2F55D4
:10119000736572732F636F726E392F417070446183
:1011A00074612F4C6F63616C2F41726D2F506163BE
:1011B0006B732F45646765496D70756C73652F455A
:1011C000492D53444B2F312E39332E32362F65643F
:1011D0006765696D70756C73652F656467652D69EA
:1011E0006D70756C73652D73646B2F74656E736FA2
:1011F00072666C6F772F6C6974652F6D6963726F9F
:101200002F6B65726E656C732F636F6E765F636FA5
:101210006D6D6F6E2E637070000000006861735F0B
:1012200062696173207C7C206E6F64652D3E696EFF
:10123000707574732D3E73697A65203D3D203200D0
:101240006E6F64652D3E6F7574707574732D3E738B
:10125000697A6500433A2F55736572732F636F7215
:101260006E392F417070446174612F4C6F63616CF3
:101270002F41726D2F5061636B732F456467654911
:101280006D70756C73652F45492D53444B2F312E6E
:1012900039332E32362F65646765696D70756C73EE
:1012A000652F656467652D696D70756C73652D7349
:1012B000646B2F74656E736F72666C6F772F6C69D9
:1012C00074652F6D6963726F2F6B65726E656C73D9
:1012D0002F66756C6C795F636F6E6E6563746564A1
:1012E0002E6370700000000041524D5F434D534922
:1012F000535F4E4E5F535543434553530000000028
:1013000061726D5F636F6E766F6C76655F31783199
:101310005F73385F666173742820266374782C20AD
:1013200026636F6E765F706172616D732C2026701C
:1013300065725F6368616E6E656C5F7175616E7416
:101340005F706172616D732C2026696E7075745FB9
:1013500064696D732C2074666C6974653A3A6D69C2
:1013600063726F3A3A47657454656E736F72446185
:1013700074613C696E74385F743E28696E70757470
:10138000292C202666696C7465725F64696D732C04
:101390002074666C6974653A3A6D6963726F3A3AA3
:1013A00047657454656E736F72446174613C696E15
:1013B00074385F743E2866696C746572292C202627
:1013C000626961735F64696D732C20626961735F28
:1013D000646174612C20266F75747075745F646924
:1013E0006D732C2074666C6974653A3A6D6963722A
:1013F0006F3A3A47657454656E736F7244617461F5
:101400003C696E74385F743E286F7574707574290A
:101410002900000061726D5F66756C6C795F636FA7
:101420006E6E65637465645F733828202663747814
:101430002C202666635F706172616D732C202671AB
:1014400075616E745F706172616D732C2026696EB8
:101450007075745F64696D732C2074666C69746553
:101460003A3A6D6963726F3A3A47657454656E73C0
:101470006F72446174613C696E74385F743E2869B0
:101480006E707574292C202666696C7465725F64B1
:10149000696D732C2074666C6974653A3A6D696382
:1014A000726F3A3A47657454656E736F7244617433
:1014B000613C696E74385F743E2866696C7465724D
:1014C000292C2026626961735F64696D732C206228
:1014D0006961735F646174612C20266F7574707527
:1014E000745F64696D732C2074666C6974653A3A34
:1014F0006D6963726F3A3A47657454656E736F72C3
:10150000446174613C696E74385F743E286F757411
:10151000707574292900000025733A25642025730D
:1015200020213D2025732028257320213D2025736F
:1015300029000000433A2F55736572732F636F7251
:101540006E392F417070446174612F4C6F63616C10
:101550002F41726D2F5061636B732F45646765492E
:101560006D70756C73652F45492D53444B2F312E8B
:1015700039332E32362F65646765696D70756C730B
:10158000652F656467652D696D70756C73652D7366
:10159000646B2F74656E736F72666C6F772F6C69F6
:1015A00074652F6D6963726F2F6B65726E656C73F6
:1015B0002F706F6F6C696E675F636F6D6D6F6E2EEE
:1015C00063707000433A2F55736572732F636F72A7
:1015D0006E392F417070446174612F4C6F63616C80
:1015E0002F41726D2F5061636B732F45646765499E
:1015F0006D70756C73652F45492D53444B2F312EFB
:1016000039332E32362F65646765696D70756C737A
:10161000652F656467652D696D70756C73652D73D5
:10162000646B2F74656E736F72666C6F772F6C6965
:1016300074652F6D6963726F2F6B65726E656C7365
:101640002F726573686170652E6370700000000012
:101650002D310000737472657463685F64696D0096
:101660006E756D5F6F75747075745F656C656D65B3
:101670006E7473006E756D5F696E7075745F656C06
:10168000656D656E747300004E756D496E7075748E
:1016900073286E6F646529203D3D2031207C7C20BD
:1016A0004E756D496E70757473286E6F6465292070
:1016B0003D3D2032000000004E756D4F7574707511
:1016C0007473286E6F646529000000006B54664CCB
:1016D0006974654F6B000000526573686170654FF7
:1016E000757470757428636F6E746578742C206ED1
:1016F0006F64652900000000433A2F5573657273CB
:101700002F636F726E392F417070446174612F4C7A
:101710006F63616C2F41726D2F5061636B732F4546
:10172000646765496D70756C73652F45492D534429
:101730004B2F312E39332E32362F65646765696D34
:1017400070756C73652F656467652D696D70756C58
:1017500073652D73646B2F74656E736F72666C6F37
:10176000772F6C6974652F6D6963726F2F6B65726B
:101770006E656C732F736F66746D61782E63707015
:10178000000000004E756D496E70757473286E6FA1
:10179000646529004E756D44696D656E73696F6E81
:1017A0007328696E70757429203E3D203100000059
:1017B0006E6F64652D3E757365725F646174612040
:1017C000213D206E756C6C707472000054797065E8
:1017D0002025732028256429206E6F74207375706E
:1017E000706F727465642E00433A2F55736572737F
:1017F0002F636F726E392F417070446174612F4C8A
:101800006F63616C2F41726D2F5061636B732F4555
:10181000646765496D70756C73652F45492D534438
:101820004B2F312E39332E32362F65646765696D43
:1018300070756C73652F656467652D696D70756C67
:1018400073652D73646B2F74656E736F72666C6F46
:10185000772F6C6974652F6D6963726F2F6B65727A
:101860006E656C732F736F66746D61785F636F6DF7
:101870006D6F6E2E637070002D3332373638000076
:1018800025733A2564202573206E6F74206E656180
:10189000722025732028256620213D2025662900F9
:1018A000312E66202F203635353336006F75747033
:1018B00075742D3E706172616D732E7363616C651A
:1018C000000000006B54664C697465496E74380002
:1018D0002D313238000000006F75747075742D3E24
:1018E000706172616D732E7363616C65203D3D2084
:1018F000312E66202F203235360000004552523AF4
:101900002047657454656E736F722063616C6C65FB
:1019100064206265796F6E64204D41585F54464C77
:101920005F4556414C5F434F554E5420282564294E
:101930000A0000004552523A2047657454656E73A0
:101940006F722063616C6C6564206265796F6E6490
:10195000204D41585F54464C5F54454E534F525FA3
:10196000434F554E5420282564290A004552523AC7
:10197000204661696C656420746F20616C6C6F63D4
:101980006174652070657273697374656E7420622A
:101990007566666572206F662073697A65202564B6
:1019A0002C20646F6573206E6F74206669742069E3
:1019B0006E2074656E736F72206172656E61206156
:1019C0006E6420726561636865642045495F4D41BE
:1019D000585F4F564552464C4F575F425546464515
:1019E000525F434F554E540A000000004552523A90
:1019F000204661696C656420746F20616C6C6F6354
:101A00006174652070657273697374656E742062A9
:101A10007566666572206F662073697A6520256435
:101A20000A0000004552523A204661696C65642004
:101A3000746F20616C6C6F63617465207363726195
:101A400074636820627566666572206F66207369CC
:101A50007A652025642C2072656163686564204581
:101A6000495F4D41585F534352415443485F42558B
:101A7000464645525F434F554E540A004552523A2E
:101A8000204661696C656420746F20616C6C6F63C3
:101A90006174652073637261746368206275666641
:101AA0006572206F662073697A652025640A0000DC
:101AB0004552523A206661696C656420746F2061FA
:101AC0006C6C6F636174652074656E736F722061F6
:101AD00072656E610A0000004552523A2074656ECC
:101AE000736F72206172656E6120697320746F6F0D
:101AF00020736D616C6C2C20646F6573206E6F7445
:101B000020666974206D6F64656C202D2065766594
:101B10006E20776974686F75742073637261746383
:101B20006820627566666572730A0000070000002F
:101B30000100000000000000000000006D390010EE
:101B40000000000074F00120070000000700000002
:101B50002D4200107CF0012000000000641B0110E9
:101B6000010000000600000000000000010000006D
:101B7000B1DE0010B9E1001025E20010EDE0001028
:101B800051E1001001042A2B0E102F12130F0B1419
:101B900002112E29090A032DFFFF088028000804DE
:101BA000484008108800FFFFFFFF08080888080465
:101BB000FFFFFFFF08200808084000001800100081
:101BC0000801FFFFFFFF08802800080448400810B4
:101BD0008800080808880804FFFFFFFF082008089D
:101BE0000840180010000801FFFF0000088048406E
:101BF00001000000000000000300000002000000DF
:101C000005000000040000000700000006000000BE
:101C100009000000080000000B0000000A0000009E
:101C200003000000020000000100000000000000AE
:101C3000070000000600000005000000040000008E
:101C40000B0000000A00000009000000080000006E
:101C5000030000000200000001000000000000007E
:101C6000070000000600000005000000040000005E
:101C70000B0000000A00000009000000080000003E
:101C80000D0000000C00000000010000000000003A
:101C9000000000000000000000050000000500003A
:101CA00000050001000500FFFFF700050005000525
:101CB0000005000500050005800080004000400090
:101CC000200020001000100008000800040004009C
:101CD000020002000100010000800080004000407E
:101CE000002000200010001000080008000400047C
:101CF00000020002000100010000038400009C407B
:101D0000000000000400000036666666000F000058
:101D1000135C28F60CF5C28F0000000000000000E4
:101D200000000000FFF8003809EDD1E8000068006D
:101D30000001FFC700000000000000000147AE14D2
:101D40003EB851EC000F0000000000000000000051
:101D50000000000000000000000000000000000083
:101D60000000000000000000400000000000000033
:101D70000000000000000000400000000000000023
:101D80000000000000000000400000000000000013
:101D90000000010000010C00000000000000000035
:101DA0000000000000000000000000000000000033
:101DB000155555550AAAAAAA00000000000000E126
:101DC000000000010006000100000000000000000B
:101DD0000048D1593FB72EA70200000000000000C4
:101DE00000000000000000008E1700070000000047
:101DF0000000000000000320400000000000000080
:101E00007FFF0000000521E9400000000000000005
:101E10000000000000000000003E03300000000051
:101E200000000000000000000000000200000000B0
:101E300000000000000000000000000000000000A2
:101E40000000000000000000000000000000000092
:101E50000000000000000000000000000000000082
:101E60000000000060000000000000000000000012
:101E70000000000000000000000000000000000062
:101E80000000000000000000000000000000000052
:101E90004000000000000000000000000000000002
:101EA0000000000000000000000000000000000131
:101EB0000003000A012B4AEE0654AD11E3075C153E
:101EC000362BD026D08C49A40654AD111E0BB55527
:101ED00038EE175031363F030000000000000000CC
:101EE00000000000000000000000000000000000F2
:101EF00000000000000000000000000100000000E1
:101F00000000000100008000000000000000000050
:101F100000070000000E3575000000000000000002
:101F2000000700100096003C0000000000000000C8
:101F300000000000000000000D72AA29C93D6C4E8F
:101F400055164C7FC442749700000000000000004A
:101F50000000000000000000000000001000000071
:101F60000000000000000008000000000000000069
:101F70000000000000000000000000100000003D14
:101F80000000000000000000000000000000000051
:101F90000020318815E3A34000000000000000008D
:101FA00000000000000000000E704B8CC50A92BEBD
:101FB0005A9691D2C1EEE70D00000000000000002B
:101FC000000000000007000200000014002D0000C7
:101FD0000000000000000000000000000000000001
:101FE00000000000000000000000000000000000F1
:101FF0000000000000000000000000A3000000023C
:102000000000003A03E800000000000000000000AB
:1020100000000000000000000000000000000000C0
:102020000000002600000002000000000000000088
:1020300000000000000000000000000000000000A0
:10204000000000033FC1A76840000000000000003E
:102050000000000000000000000000000000000080
:10206000333333330CCCCCCD00FFFF000000000035
:10207000000000000000011800000000FFFFFFFF4B
:102080000000000010000000000000000000000040
:10209000000000000000000000000001000000003F
:1020A000000000000000000300000000000000002D
:1020B000100000006487ED510000000000000000E7
:1020C00000000000000000640000000000000000AC
:1020D00040000000011DF46A000000000000000044
:1020E00000000000000000000002000000080000E6
:1020F00000007FFF0000200000009C400CCCCCCDF5
:102100000000078000020000000000000000000046
:102110003EB851EC0147AE140000015E0000000023
:1021200060000000000000000000800000000000CF
:102130000000800000100000000061A800000010F6
:102140000000010000001000000100000400000079
:10215000004000000004000000000000000020001B
:1021600000002EE00006400000000001000000001A
:10217000000000000000000002000000000000005D
:10218000000000000000000000000000000000004F
:10219000400000000000000103FFFFFF00000000FE
:1021A0000000000000000000333333330000000063
:1021B00000000000000000000CCCCCCD00000000AE
:1021C00000000000000000000000009D0000000072
:1021D00000000000000000000001000000010000FD
:1021E00000000000000000070000000000000000E8
:1021F00000000000000000000000000000000000DF
:1022000000000000000000000000000100000000CD
:10221000000000000000000000320000003200005A
:10222000003200000032000000000000000000004A
:10223000000000000000000000000000000000009E
:10224000000000000000000000000000000000008E
:10225000000000000000000000000000000000007E
:10226000000000000000000000000000000000006E
:1022700000000000000000000032000000320000FA
:1022800000320000003200000000000000000000EA
:10229000000000000000000000000000000000003E
:1022A000000000000000000000000000000000002E
:1022B000000000000000000000000010000000000E
:1022C0000000000001491B75000000100000000024
:1022D0000000064000000CCD0001000000000000DE
:1022E00000000000000000000000000000000000EE
:1022F000000000000000000000005000000000018D
:102300000000160000000046000100000000000070
:1023100000000000000000000001000000000000BC
:1023200000000000000000000000000000000000AD
:10233000000000000000000000800000008000009D
:10234000008000000080000000000000000000008D
:10235000000000000000000000000000000000007D
:10236000000000000000000000000000000000006D
:10237000000000000000000000000000000000005D
:10238000000000000000000000000000000000004D
:10239000000000000000000000000000000000003D
:1023A000000000000001000100000000000000002B
:1023B000000000000001D4C0000000000000000286
:1023C000008000000000013C000000000000000050
:1023D00000000000000000000100000000000000FC
:1023E00000000000000000000000000000000000ED
:1023F00000000000000000000000000000000000DD
:1024000000000000000000000000000000000000CC
:1024100000000000000000000000000000000000BC
:1024200000000000000000000000002800003A98B2
:10243000000002000000014E00000000000000004B
:10244000000000000000000000000000000000008C
:102450000000000000000400000000000000000078
:10246000000000000000000000000000000000006C
:102470000147AE144E4000000000000000000000C4
:102480000000000C00002000000000000000000020
:10249000000000000000000000010000000000003B
:1024A0000000000000000D06000000000000000019
:1024B000000000000000000000000000000000001C
:1024C000000000000000000000000001000000000B
:1024D0001000000000002710000000004A4020000B
:1024E00000000000000000000000000000000ED806
:1024F00000000118000007D00000000000000000EC
:1025000000000000000000000000000000000000CB
:102510000000000000002710000000000000000084
:10252000000000000006131B000BB800003CBF0FAA
:102530000055CE750000271005B05B053A4FA4FA90
:10254000000000000000000000000000000000008B
:102550000000003C0000003C000000000000005AA9
:10256000001D208A006193690000013C00004DF0CD
:102570000055CE750000027606666666399999990F
:102580001000000030000000000000000CCCCCCC9B
:1025900033333333000E90450000000001D41D4159
:1025A0003E2BE2BF3FF16FBB0000000000000000C7
:1025B0000393870001249249000000000000138863
:1025C0000098968008583B002000000000000EAFE5
:1025D0000000177000000001200000000000005003
:1025E00000000000000000010000000000000000EA
:1025F00000000000000000000000000000000000DB
:1026000000400000000400003F8000000080000047
:1026100000333333001CFA770C6D39E6CB6FDAA642
:1026200053CFD397C453744600000000000000004D
:10263000000000000000000000000000000000009A
:10264000000000000000000000000000000000008A
:10265000000000000000000000000000000000007A
:10266000000000000000000000000000000000006A
:10267000000000000000000000000000000000005A
:10268000000000000000000000000000000000004A
:1026900000DA740E3F258BF20000000000000000FD
:1026A000000000000000000020000000000000000A
:1026B000000000000000000000000000000000001A
:1026C000000000000000000000000000000000000A
:1026D0000000000100001D4C000000000000000090
:1026E00038000000080000000000000000000000AA
:1026F0000000000000000000200000003E2BE2BFB0
:102700003E147AE2300000000000000000000000EB
:1027100000001388000007D0000000000000000047
:1027200000000000000000000000000000000000A9
:10273000000013883C23EC842000000001D41D41DC
:1027400001EB851E1000000000000001000013884E
:1027500000000000346CFCB200000000000000002B
:102760000000000000000000000000000000000069
:102770000000000000000000000000000000000059
:102780000000000000000000000000000000000049
:102790000000000000000010000017700000138807
:1027A00000002328000000260000002F0000000089
:1027B00040000000000009C40000000000000023E9
:1027C00001EB851E3E147AE2000000000000002D9F
:1027D000022222223DDDDDDE0000000000000000BC
:1027E000000024B83DD1BA8E0000000000000000B7
:1027F00000000000000000000000000000000000D9
:10280000000083D6000083D6000000000000000016
:102810000000000E00000021002000000030FCF944
:1028200040000000000A800000800000000000005E
:102830000000000000000000000000000000000098
:102840000000000000000000000000000000000088
:102850000000000000000000000000000000000078
:10286000000000020000000A00000000000000005C
:1028700000333333000C00000000000000000000B3
:102880000020318800070000000000000000000068
:1028900000000000F0DE9AF80000000000000000D8
:1028A000000000000F90B283000000000000000054
:1028B0000000000008000000000000000000000010
:1028C00000000000F7218CD500000000000000008F
:1028D000000000000C6F39950000000000000000AF
:1028E00000000000000000000000000000000000E8
:1028F0000000000000000000400000000000000098
:102900000000000000000000400000000000000087
:102910000000000000000000400000000000000077
:1029200000000000000000000000000000000000A7
:102930000000000000000000000000000000000097
:102940000000000000000000000000000000000087
:102950000000000000000000000000000000000077
:102960000000000000000800005344000053440031
:10297000019A0000019A000000000546000005468B
:102980000000001500000019000002580000025865
:10299000000000120000000300000032000000965A
:1029A0000000012C0000009600CF50A400CF50A4DE
:1029B0000135D0A40135D0A40000000000000000C3
:1029C0000002800000018000000C8000000C8000EC
:1029D0000000000000008000000C800000000000EB
:1029E00000000000000000000000000000000000E7
:1029F00000000000000000000000000000000000D7
:102A00000000000004000000400000000000000082
:102A10000000000000000000017BAB50012DB64813
:102A2000000016AC002282600000118B044CCCB078
:102A300000000014000016810278FEE003943AB012
:102A40000010B4900000032A000025F600000000EA
:102A500000000000200010000852DF89058C950658
:102A6000016325416000000000000000000000003C
:102A70000000000000000000007B476902E5DBAEBB
:102A800006F1857807DFAB88000000000000000039
:102A90000000000000000000000000000000000036
:102AA0000000000000000000000000000000000026
:102AB0000000000000000000000000000000000016
:102AC0000000000000000000000000000000000006
:102AD00000000000000000000000000000000000F6
:102AE00000000000000000000000000000000000E6
:102AF00000000000000000000000000000000000D6
:102B00000000000A000000000000000002000000B9
:102B10000000FE4C0000000000000000000000006B
:102B20000000000308666666000000000000000068
:102B30000399999A00666666000001F4000000019E
:102B40000000000A0000001E02000000000000005B
:102B5000066666660004D45E000000000000000403
:102B6000000000280000001E00000000000000001F
:102B70000066666600000000000000020000000021
:102B8000000000960000000000000000FFFFFFF8BA
:102B90000000000000000000000000000000000035
:102BA0000000000000000000000000000000000025
:102BB0000000000000000000000000000000000015
:102BC0000000000000000000000000000000000005
:102BD00000000000000000000000000000000000F5
:102BE00000000000000000000000000000000000E5
:102BF0000000000000000000D8DCB8B0B4F3AAF870
:102C0000F9D1D9889AF8F73ED8F38A9AA731D1D961
:102C1000F41036D8F39F39F9D1D9F41036D8F38FA0
:102C20009F0897608A21D1D9F41036DAF1FFD8F1E4
:102C3000BEBEBCBCBDBDBAB2B6A080903218BEBE8E
:102C4000BCBCBDBDB8B0B4A4DFA5DEF3A8DED0DF48
:102C5000A4849F24F2A9F8F9D1DADEA8DEDFDFDF51
:102C6000D8F4B18DF3A8D0B0B48FF4B9AFD0C7BE4B
:102C7000BEB8AED0F39F75B286F4BEBEB9AFD0C3B6
:102C8000F1BEB8B0A3DEDFDFDFF2A381C080CDC725
:102C9000CFBCBDB4F1A38D9320FD3F886E767E8DB1
:102CA00093BEA220FD31A02CFD3234FD323CFD321A
:102CB000BEB9AC8D20B8BEBEBCA2869D08FD0FBCBF
:102CC000BCBCA3829301A9839E0E161EBEBEBEBCD1
:102CD000A58B992C547CBCBC8593BAA52D557DB889
:102CE000A59D2CFD374CFD376CFD37F5A5859F3430
:102CF0005474BDBDBDB1B6BA8395A5F10E161EB212
:102D0000A785952AF050788793F101DAA5DFDFDFF8
:102D1000D8A4DFDFDFB080F2A4C3CBC5F1B18E94BD
:102D2000A40E161EB286BEA02C343CBDBDB496B80F
:102D3000A12C343CBDBDB694BEA62CFD3534FD356A
:102D40003CFD35BCB28E94B8BEBEA62D557DBAA44E
:102D50002D557DB8B0B4A68F962E363EBCBCBCBDFA
:102D6000A6869FF5345474BCBEF190FCC300D9F420
:102D700011DFD8F3A0DFF1BC8691A92D557DBCBC35
:102D8000BCA98090FC510010FC510010FC510010B7
:102D9000FCC104D9F2A0DFF411DFD8F6A0FA8090CC
:102DA00038F3DEDAF8F411DFD8F1BD95FCC104D9AF
:102DB000BDBDBDF411DFD8F6BCBCBCBDBDBEBEBE42
:102DC000B5A784921AF8F9D1DB8493F76AB687968F
:102DD000F309FFDABCBDBED8F1BCBCBCF6B082B40E
:102DE00097B8A902F702F1BC8999A704FD37A8DFBB
:102DF0008798A7FC3D0050F8F9D1D9A8DFF9D8F69B
:102E0000BCBCBCBDBDBDBEBEBEB7A7819A0BB4875E
:102E10009F1AF8F9D1BB81AAC1D9F41247D8F6B8E4
:102E2000A71AF9D9F41247D88AF3BBAAC0C3B3AA28
:102E30008A9D1AFD1EB79A08B8B0B4A5859D00D822
:102E4000F3B9B2A980CDF2C4C5BAF3A0D0DEB1B453
:102E5000F7A7899172899147B6974AB9F2A9D0FA32
:102E6000F9D1D9F41275D8F3BAA7F9DBFBD9F1B9C6
:102E7000B081A9C3F2C5F3BAA0D0F8D8F1B189A73F
:102E8000DFDFDFF2A7C3CBC5F1B287B8BEBEBEABF2
:102E9000C2C5C7BEB5B997A522F048703C98406836
:102EA00034589960F1BCB38E95AA254D75BCBCBC55
:102EB000B8B0B4A7889FF75AF9DAF3A8F8889DD07C
:102EC0007CD8F7A7889F52F9DAF3A8889CD0DF60F6
:102ED0006870789D606870789E70789F70D8F7A74A
:102EE000889F42F9BAA0D0F3D9DED8F8F9D1B8DA80
:102EF000A8889ED064689F60D8A88498D0F77EF197
:102F0000B2B6BA8591A7F475A8F475C0F18491A7FB
:102F1000F475A8F0A2870D20597015384069A4F106
:102F200062F0193148B8B1B4F1A680C6F4B081F3AB
:102F3000A7C6B18F97F702F9DAF4137FD8B0F7A7D5
:102F4000889F52F9D9F41378D8F1B2B6A682922AA2
:102F5000F050FD08F1A7849402FD08B0B4869700F4
:102F6000B1BAA78161D9F41397D8F141DAF4139774
:102F7000D8F1B8B2A682C0D8F1B0B68692A716FD35
:102F8000040FFD04BA8791A7F475B6B2F475C0D8E2
:102F9000F1BEBEBEBDBDBDB2BA84A7C3C5C7B2BC7B
:102FA000BCBCB68791AFF475A8A08FF10BF0205987
:102FB000701538406964193148F18090AF6EFD0496
:102FC00067FD048F91A7F475B6F475C0F1BEBCBD62
:102FD000F7BEB0B4BA889EA36A9F66F0B1B5B98A4D
:102FE0009AA22C5078B2B98AAFC0C3C5C789ADD0F8
:102FF000C4C783A1C2C5BABCBCBCB281A2C0C3C590
:10300000C7BCBCBDF4749CF3BAA3FAF9D1D9F414CB
:1030100033D874ADBEBEBEBAB182A3D0C7A9D08D1D
:10302000C4C7A381C1C3F3A68DC2BED8F1BEBEBEC4
:10303000BAB1AA8FC0C3C5C7BEBCBCBCB2B988AF49
:10304000C0C3C5C780ADD0C0C389A1C0C3BA81A267
:10305000C0C3C5C7BCF4749CF3BAA3F8F9D1D9F4C2
:103060001484D874ADBEBEBEB8B182A7D0C7BAA012
:103070008DC4C7A981C0C3F3A58DC2BED8F1BEBEA1
:10308000BEBAB1A88FC0C3C5C7BEF3BAB2B6A383D8
:103090009308F9D9F41502D8F0B8B0A385940428A0
:1030A0005078F1B4849369D9B6A58D94202C343C22
:1030B000B4A4DEDFF8F414CCD8F1A4F8A3849441CE
:1030C000D9A4DFF8D8F194FCC104D9A4FBA386C02D
:1030D000B1829E06FD1EA681964293F068B0A3F1D0
:1030E000839601F5839300A68696F0348318F1A1A8
:1030F0008D68A3819BDB198BA1C6D8F1BEBEBEBC77
:10310000BCBCBDBDBDD8F7B8B4B0A79D8872F9BC32
:10311000BDBED9F417A1D8F2B8ADF8F9D1DADEBA4C
:10312000A1DEAEDEF8D8B281BEBEB9AFD0C1BCBCA4
:10313000BDBDB1B4F1AC8C920A18B5AF8C9D41DB2A
:103140009C118EADC0BEBEBAAEC3C5C78DA8C6C7E2
:10315000C7C7A6DEDFDFDFA5D0DEDFBEBED8B9ACD5
:10316000DFAF8D9C11D98CC5DAC1D8AF8F21F59F07
:1031700000F18C9C45D98FACC1D8F2AFDFF8F8DFF5
:10318000F8F8F8AF8F9F59D1DBF18C9C31F28FAFFB
:10319000D0C3D8AF8F9F39D1DBF18C9C69F28FAF50
:1031A000D0C5D88FBEBEBAA1C6BCBCBDBDF2B1B53C
:1031B000B9AEF9DAF41774D8F28EC2F1B2809AF58A
:1031C000AF24D9F41774D8F544D9F41774D8F5643A
:1031D000D9F41774D8F1B1B68B90AF2D557DB58C5D
:1031E0009FAD0E161E8B9DAB2C547C8D9FAA2E5628
:1031F0007E8A9CAA2C547C9BAC264666AF8D9D0093
:103200009C0DDB118F19F41614D81774D8F1B28104
:10321000B690AF2D557DB18FB59FAFF52C547CF195
:10322000B28C9FAD6DDB7179F41642D8F3BAA1DE92
:10323000F8F180A1C3C5C7F41651D8F3B6BA91FC12
:10324000C028DAA1F8D9F41774D8F3B9AEF8F9D1D7
:10325000D9F8F41774D8F1BAB1B5A08B933E5E7E5D
:10326000AB83C0C5B2B6A387C0C3C5C7A288C0C35D
:10327000C5C7A486C0C3C5C7A585C4C7AC8DC0BE1D
:10328000BEBCBCBDBDB9B1B5ADD0DEAF8C9C41D923
:10329000F416C0D8F1F8F9D1D9F416D9D8F1AF8D18
:1032A0009C31DA8CC5D9C3D8AF8F21F59F00F1AD21
:1032B000D0B0829F02F416D9D8F1AF8D9C31D98C51
:1032C000C5DAC3D8AF8F21F59F00F1ADD0B0839F91
:1032D00002D8F1B18CADC1BEBEBDBDBAB6AC8D9C3D
:1032E00040BCBCB2A0DEF8F8F8F8F8FD0FF5AF88E6
:1032F00098002C547CF1AF809F01DB091119F41761
:1033000013D8F2A1F8F9D1DAF1ACDED8F3AEDEF8D9
:10331000F41A8ED8F1A783C0C3C5C7A882C0C3C59D
:10332000C7A684C0C3C5C7A585D0C0C38D9DAF390E
:10333000D9F41774D8F183B59EAE34FD0A54FD0A52
:1033400074FD0AF2A1DEF8F8F8F1BEBEBCBCBDBD4A
:10335000B9B1B58CADC0AF9C11D9AEC0BCBCB28EFA
:10336000C3C5C7BCBCD8BEBEBCBCBDBDD8F2BAB21A
:10337000B5AF819701D1B9A7C0DAF4178CD8F2BAEA
:10338000AEF8F9D1DAF3BEBEBEBCBCBCBDBDBDB8A3
:10339000B0B4A5859C08BEBCBDD8F7BCBCBCBDBD47
:1033A000BDBBB4B0AF9E8862F9BCBDD9F419E7D8F3
:1033B000F1BCBCBCB185BAB5A098062646BCB9B371
:1033C000B6F1AF81902D557DB1B5AF8F9FF52C54DF
:1033D0007CF1BBAF869F69DB7179DAF3A0DFF8F18E
:1033E000A1DEF2F8D8B3B7F18C9BAF19D9ACDEF3FC
:1033F000A0DFF8D8AF809069D9A0FAF1B280A1C35C
:10340000C5C7F2A0D0DFF8F419D1D8F2A0D0DFF10F
:10341000BCBCBCB1AD8A9E264666BCB3F3A2DEF846
:10342000F41A17D8F1AA8DC1F2A1F8F9D1DAF4187B
:103430005CD8F1AF8A9A218F90F510DAF4185CD835
:10344000F191FCC004D9F418A3D8F3A1DEF8A0DFF1
:10345000F8F419D1F391FCC007D9F418A3D8F1AF4F
:10346000B1849C01B3B58097DBF321B9A7D9F8F4F7
:1034700018A3D8F3B9A7DEF8BBF1A387C0C3C5C7AB
:10348000A488C0C3C5C7A589C0C3C5C7A686C4C70D
:10349000A182C3C5C7F3A1DEF419E7D8F1BBB3B766
:1034A000A1F8F9D1DAF2A0D0DFF8D8F1B9B1B6A815
:1034B00087902D557DF5B5A888982C547CF1AF8662
:1034C0009829DB3139F419E7D8F1B3B6A78A904CC3
:1034D000545CBAA081902D557DBBF2A2F8F9D1DAE7
:1034E000DEF419E7D8F1BAB0AB8FC0C7B3A383C07D
:1034F000C3C5C7A284C0C3C5C7A485C0C3C5C7A56B
:1035000086C0C3AC8CC2F3AEDEF8F8F41A8ED8F1E4
:10351000B2BBA383C0C3C5C7A482C0C3C5C7A584AB
:10352000C0C3C5C7A685C0C3AC8CC4B3B7AF8595AF
:1035300056FD0F869606FD0FF0849FAF4C70FD0F71
:10354000F186962EFD0F849F72FD0FDFAF2C547C09
:10355000AF8C69DB71798B9C61F41967DA19E7D854
:10356000F1AB839128FD0554FD057CFD05B8BDBD7B
:10357000BDB5A38B95052D55BDB4BBAD8E930E1671
:103580001EB7F3A2DEF8F8F41A17D8F2A1F8F9D1B1
:10359000D9F1AF8D9A01F58F90DB00F419E7DAF1DC
:1035A000AA8DC0AE8BC1C3C5A1DEA783C0C3C5C7EA
:1035B000A884C0C3C5C7A985C0C3C5C7A686D0C0D7
:1035C000C3A281C3C5C7F419E7F1BBB3A3DEDFDF34
:1035D000DFA48CC4C5C5C5A5DEDFDFDFA6DEDFD86E
:1035E000F3B9AEDFBAAEDEBBA2DEBEBCB3BDB7AFD1
:1035F0008E9C01D1ACC0D9AEDED8F1B183B9A7D0D1
:10360000C4B8AEDEBEBEBEBBBCBCBCB3BDBDBDD8C7
:10361000F3A2F8F9D1D9F41A8CD8F5AD8D9D2C54BC
:103620007CF1AF49DAC3C5D9C5C3D8AF9F69D0DA39
:10363000C7D98FC38DAFC7D8B9A98F9FF05478F180
:10364000FD0FA6B189C2B3AF8F9F2EFD11B1B5A9F1
:10365000899F2CF3AEDFF8F8F41C43D8F1AD8699BE
:1036600006FD10DFF8FD0FAD8D9D4CBBB3AD8F9DFA
:103670002AFD0FB792FCC004D9F4182BD8FCC0085F
:10368000D9F41992D8F1D8F3BAB2B6AEF8F9D1D9C3
:10369000F41C41D8F1AFDEF9FD0F80902C547CA0D2
:1036A0002AF05078FD0FF1A2829C00244464A98F77
:1036B00094F004FD0F0C30FD0F1C952048FD0FF118
:1036C00099C12C547CAA829902FD0F2EFD0F56FD44
:1036D0000F7EFD0FAC839FF004285078FD0F8C9077
:1036E000F121F58C9C2CF1AFDEF189AF9FFCC0007D
:1036F000D9C18AC182C1D8FCC004D9C38AC382C3DC
:10370000D8FCC008D9C58AC582C5D8FCC00CD9C7A9
:103710008AC782C7D8FCC010D9F41BFBD8F18BAB89
:10372000D0C09F2EFD0FA0DEABD09065A08F9F4A2A
:10373000FD0FAB8B9000B9A9C1F3AEDFF8F41C43C9
:10374000D8F1BAB1B689ABC1B2AFD08B9F3EFD0FF5
:103750005AFD0F9FFCC000D9F18FA2C6D8FCC0044F
:10376000D98FA2C784ABD0C0AF8A9B1EFD0F36FD98
:103770000FA48F30AA9A40D89FFCC008D98FA2D03E
:10378000C684ABD0C2AF8A9B1EFD0F56FD0FA48F1F
:1037900034AA9A4084ABD0C4AF8A9B3EFD0F56FD3D
:1037A0000FA4D08F30AA9A4CD89FFCC00CD98FA2FE
:1037B000D0C784ABD0C6AF8A9B1EFD0F76FD0FA489
:1037C000D08F34AA9A4085ABD0C0AF8A9B3EFD0F04
:1037D00076FD0FA58F30AA9A4C85ABD0C2AF8A9BDD
:1037E0005EFD0F76FD0FA58F34AAD09A50D8AFF8A2
:1037F000F41AF1F1D88B9CAF2AFD0F8A9FB9AF0262
:10380000FD0F26FD0F46FD0F66FD0F83B59FBAA382
:10381000002C547CB68292A031D9ADC3DAADC5D8A4
:103820008DA039DA82ADC7D8F39EFCC004D9F41755
:103830001BD8FCC008D9F41916D8F1D8F1B9B1B524
:10384000A9DEF88999AF31D9F41C97D8F185AF2951
:10385000D984A9C2D885AF49D984A9C4D885AF690C
:10386000D984A9C6D889AF39DA8EA950F41C97D863
:10387000F189AA7CFD029A68D8F1AAFBDA8999AF8E
:1038800026FD0F8F9525899FA912FD0FF41C80D866
:10389000F39EFCC104D9F41B48D8FCC108D9F41A22
:1038A00063D8F1BEBCBCBCBDF3B8B4B08FA8C0F93E
:1038B000AC8497F51AF1F8F9D1DAA8DED895FCC1F5
:1038C00003D9A8DED8BCBCF198FCC01CDB95FCC0B9
:1038D00003A5DEA4DED8AC889500D1D9A5F8D8A47C
:1038E000FC80048895A4FC080420F7BCBCBDBDB5D1
:1038F000AC849FF602F8F9D1DB8493F76AF9D9F327
:10390000BCBCA8889218BCBCD8BCBCB4A8889E0813
:10391000F4BEBEA1D0BCBCF7BEBEB5AC84936AF900
:10392000BDBDB4D9F2AC8C9718F6849C02F8F9DBD3
:10393000D1F1A5DFD8F7BEBEBDBDA79D887AF9D964
:10394000F41EE1D8F1BEBEACDEDFAC889FF75A565C
:10395000F1BCBCBDBD95FCC007DAF41E7CD8F1FCFF
:10396000C000DB9CFCC100F41EA1D8F1AC95FCC0EA
:1039700008DAF41DBED8F18290792D55F58C9C049F
:10398000AC2C54F1BCBCBC805DDB4951F4BC1D9C2B
:10399000DABC1E78D8F5869838D9F182902DD8AC4B
:1039A000D08698F55CD9F1829055D8AC8C9C0000FB
:1039B000A5DFF8F41DC9D8F182962D557D8C9C3475
:1039C00018F1AC95F51CD9F41E78D8F1AC8390456C
:1039D000D9A0F8AC8C9C06D2A191002C81D6F0A184
:1039E000D08C9C28D387D4A78C20D3F1A484902C8E
:1039F000547CD8AC839045D9F41EA1D8F1AC819108
:103A000002FD148566FD1D884EFD1B87D4FD54AD57
:103A10008D4EF0819CABD6FD068D318C10100101CE
:103A20000139AC8B98F508D9F41E78D8F1A98296A3
:103A30000195FCC100DAF41E50DBF1AC8993F51856
:103A4000F1A5DFF8D8F41E7CD8F1A4849534FD05E7
:103A500054FD0574FD05A994F52C547CF1AC8799AF
:103A600049DB515984ABC3C5C782A6C0F3AADFF8AE
:103A7000D8F1A5DFD8F1A0DEA1DEDFDFDFA7DEDF32
:103A8000A4DFDFDFA295FCC001D980C3C5C7A8832E
:103A9000C1DA86C3C5C7A883C3D8F19AFCC104D9CB
:103AA000AC829601F3AADEF8F8F8DBF5AC8C9A1834
:103AB000F3AAF9D8AC8A9A41D1AAD0C0D9F2AC8580
:103AC0009A41DBD1BCBCBDBDBEBEF41EE1D8F3BC87
:103AD000BCBDBDBEBEA5859C10D8F1B8B0B4A7884A
:103AE0009EF77AF9D9F42018D8F1BEBEBEBBA2F970
:103AF000DABEF42018D8F1BCBCBCB380C6AFDED0AF
:103B0000DFBCB284BDBDBDB79FA060BCBCBCB385EB
:103B100090AF019F468FA20E8592AFD0299F52A5EC
:103B20000834A0FB8695AF29DAA6DEF41F4CD8F145
:103B3000A0FAF9DAA6DEF41F4CD8F1A6F896AF1970
:103B4000D9A3DEF8D8F18594AF31D9A3DEF8F88097
:103B5000A0C5D88596AF31D9A3DEF8F8F880A5C006
:103B600086C3D8A8DFA1DE8591AF0C0DF58F9FAF7E
:103B70002C54F197FCC004DB8FAF51A8DFF8D89824
:103B8000FCC008D9F41FB4D8F1FCC00CD9F41FDD77
:103B9000D8F193FCC009D9A4DEA8DEF8F8D8FCC09F
:103BA00004D985A1C1A7DEF8D8F41FF6D8F1A4F88E
:103BB0008291AF31DB9F719241A7DED88494AF1917
:103BC000D9A8DEF8F8F8A3DFD893FCC00AD9A8DE9C
:103BD000F8D8F41FF6D8F1A4F8A3FAF9D1DB889449
:103BE000AF4188A1C2D893FCC00AD9A8DEF8D8F1A9
:103BF00091FCC004D9A7FAA3FAAFD0DFF8F8D8AF88
:103C0000D0FAF9D1B0BCB4BDB8BEDAF3A5859D0831
:103C1000D8F1F1A7DEF7849F6A87F1D4FD3EF9D988
:103C2000F42048D8F0F7A7889F52F9D9F42048D853
:103C3000F2BBA0F9DAF42048D8F2B380C4F475DC02
:103C4000D8F0B1B5BA8A9AA7F02C5078F2A5DEF870
:103C5000F8F1B5B2A7879021DBB6B1809729D9F2E8
:103C6000A5F8D8BBB2B6BEA1F8F9D1BEBEBEBADACD
:103C7000A5DED8A7829565D185A2D0C1D9B5A78682
:103C80009331DBD1F42098D8F3B8B0B4A5859C1853
:103C9000D8F1BAB2B68196A1F8F9B9A6DAC3C5C708
:103CA000D92D4D6DD8BA8AAAF8F9B9AEDAC3C5C70D
:103CB000D92D4D6DD8BA88A8F8F9A7DAC3C5C7D9E8
:103CC0002D4D6DD8F2B0B9A3FAF9D1DAB88FA7C0EB
:103CD000F9B58793F60AF2B4A4849724A4849E3C91
:103CE000D8F3BEBEBBAEF8F9D1BEBEB0B4B8DAA54B
:103CF000859E00D8F1BCBCBDBD8E9EA759D1BCBC71
:103D0000BDBDDA859EA508D8F1BCBC8EBEBEAED0C6
:103D1000C5BCBCBEBEF7B9B0B5A688955AF9DAF1F4
:103D2000ABF8D8B8B4F398FCC004DAF42186D8F222
:103D3000A9D0F8899BA751D9A9D0DEA4849E2CD8FC
:103D4000A8FA889AA729D9A8DFA4849D34D8A8D036
:103D5000F8889AA751D9A8D0DEA4849D2CD8A8D0E1
:103D6000FA889AA779D9A8D0DFA4849D24D8F3A98A
:103D7000D0F8899BA751D9A9D0DEA4849C2CD8F770
:103D8000A7889F52F9D9F421B6D8F1B9A2FAF3B8AD
:103D9000A9D0FA899BA779D9A9D0DFA4849C24D87B
:103DA000F2A8F8889AA701D9A8DEA4849D3CD8F788
:103DB000A7889F42F9D9F421FDD8F3A9F8899BA7D8
:103DC00001D9A9DEA4849C3CD8A9FA899BA729D94A
:103DD000A9DFA4849C34D8F2A9FA899BA729D9A980
:103DE000DFA4849E34D8A9D0FA899BA779D9A9D019
:103DF000DFA4849E24D8F1A7DEF284CA97A424A568
:103E000094F60AF78502F8F9D1D9F69B02D8A7B142
:103E1000829562F8F9D1D9F423F2D8F0B085A4D014
:103E2000C0DDF2C0DCF6A79F02F9D9F3A5DEDAF017
:103E3000DDF2C8DCD88595A500D986F0DDF2CACCC4
:103E4000CEDCD88500D980F0DDF2CCC6CE85CACCD8
:103E5000CEDCD88500D9B189F0DDF2C2CAC4DCD885
:103E6000B08500D981F0DDF2C6CE82C0C8DCD8852D
:103E700000B1D986F0DDF1C2C4C6DCD8B0F285004D
:103E8000D9B287F0DDF1C2C4C6F2BCB081C0DCBCDF
:103E9000BCBCD8B08500B1D98FF0DDF2C2C4C6DC9D
:103EA000D8B08500D9B18EF0DDF1C2C4C6F2BCB085
:103EB00081C0DCBCBCBCD8B08500D982F0DDF2C2C8
:103EC000CAC4DCD88500D8F28500D9B18AF0DDF10A
:103ED000C2C4C6DCD8B0F28500D9B1F0DDF182C42D
:103EE000DCD8B0F3A5F8F9D1D9F42374D8F38595CB
:103EF000A50000D9BEF2BAAEDEBEBEBEBCB281F035
:103F0000DDF3C8DCBCBCBCD8B0B885A500D9F2BE16
:103F1000BEAADEBEBEBCBC8AF0DDF3C0DCBCBCD831
:103F200085A500D9B9F2A3D0DEB285F0DDF3C8DCF7
:103F3000D8B085B8A500D9B38AF0DDF3C0DCD8B01D
:103F40008500D98FF0DDF3C4DCD885000000D9BC32
:103F5000BCB38EF0DDF3C0F1C2DCBCBCD8F3B085DD
:103F600000D9BCBC8EF0DDF3C4DCBCBCD8F3B08E91
:103F7000F4B8A7D0C0D887F3B9A2C6A6C4F7B58E47
:103F80009606F8F9D1DAF4237DD8F38EC0F9B1861C
:103F900096F70ADFF330FD08A28210F0DDF382C04D
:103FA000DCF2B9A3DFF4B18CF3AFC1C3AF8FB49D22
:103FB0003EFD1EB59F30A639D9F423ECD8F7B8B032
:103FC000B4A7849D1AF9D9F423DFD8F1B9B1B5A605
:103FD000839B61D9F423F2D8F6B8B0B4A784945A7D
:103FE000F8F9D1DAF0E2F1B9ABDED8F2B186B9AFC7
:103FF000C3C5C7B8B0B4A7889CF76AF9D9FFD8720F
:10400000B9ABF1DFF762F3F8F9D1DAF1DEF8D8F7FE
:10401000BBAF7A9D669E769F76F1A1DFBAA6D0DE11
:10402000BBF3A0F9DAFFD8B380C4AFD0FAF9D1DA84
:10403000BCBCBCF425BAD8F1B8BEBEAED0DEB084EC
:10404000BABEA7C1F788B49D6EF9B2BCBCBCBDBDF9
:10405000BDDAF4248FD8F1B8BEBEBEAED091FCC09C
:1040600000DBB695FCC104D9F8F8F8F8D8B491FC97
:10407000C004DBB695FCC100D9F8F8F8F8F8F8F8F8
:10408000F8D8BABEF424F6D8F191FCC000DBB6959E
:10409000FCC104F58795A73AF1F9D9AFDE8FBEBE12
:1040A000A1F4C1F1A2F4C1F1BEBED8B491FCC00428
:1040B000DBB695FCC100D9AFDEF8FD078F9510DFA8
:1040C000F8F8F8A7DEF8FD07DFF8FD06DFF8FD04D5
:1040D0008F97AFD0DE404850DFF8608FBEBEA0D0D3
:1040E000F4C1F1A1F4C2C5F1A2F4C7F1BEBED8F18A
:1040F000B081A5C1BC84B8BEBEA9C1F788B4BD9DBE
:104100006EF9BCBDDAF42543D8F1A9DEF8FD04DF71
:10411000F8FD05BC8EBEAED09AFCC000DB9BFCC097
:1041200004D99940D89AFCC004DB9BFCC000D99903
:1041300048D8BCBCBCBEBEBEF425ADD8F19AFCC00C
:1041400000DB9BFCC004F589A932F9D9F1DEF8FD4A
:1041500002DFF8FD07DFF8FD07F8DF89BAA0F4C039
:10416000F18BA1D0F4C3F189A2F4C2C5C7F1A3F4C5
:10417000C7F1B8D89AFCC004DB9BFCC000D9A9DE0B
:10418000F8FD02DFF8FD07DFF8FD07F8DFF8FD04B2
:10419000F989BAA0F4C0F18BA1D0F4C3F189A2F4DB
:1041A000C2C5C7F1B8D8F18AABC0BCBCBDBDBDBEED
:1041B000BEBED8F1B280BAA7C4BCB28BF475758FFD
:1041C000B69CF47581AFF475878BF475758EB69DCA
:1041D000F47581AEF47587B381F475758594F475C3
:1041E00081BBA5F4758780BAF47575B38E9BF475A1
:1041F00081BBAEF47587B383A3F47593F1B28FB628
:104200009FBEBEB9AF7A8E9E7EF5B385B7957C8E84
:104210009E7CF1BCBCBDBDB1B58F9FAFD05882AF05
:10422000012D5586AF424E7682A2002C5484BDB635
:1042300090AF51BDBDBDB59F06A4D0488FAFD00A89
:104240008474A4D03E8093AF39D1ABD9FADADFD8E9
:10425000BAADFA839BA769DBB28DB69D69F4266D72
:10426000D8F1ADDEDFD8F0BCB281BDB691BBA63CC3
:10427000110C582C50F1BCBCBCB386BDBDBDB7966B
:10428000A62C547C9B7197A5D02AF05078F1D8B811
:10429000ACDEF8F5B08CB79306F1F9AFDAF8D9DEF9
:1042A000D8B3B6BA86A7C2F4759B93F071716084D7
:1042B00092F47581F1A4F4758783A3F47593B386A2
:1042C000A7C4F4759B95F07171608692F47581A610
:1042D000F4758785A5F47593B386A7C6F4759B9F7F
:1042E000F07171608892F47581A8F475878FAFF4CE
:1042F0007593F5B28494B9AF7C86967C88987CF1EE
:10430000B18FB59FA5308518F09A3C9918F1BCBCC7
:10431000B284B9AFC3C5C7BAB6BCBCA78BB59F2D15
:10432000557DF5A787B6972C547CF0AC819C0C97F3
:10433000289C1497309C1C9738F1B18FABC3C5C72C
:10434000A7B2819C59DB51AADEF4276AD8F1ACB13F
:104350008E9C48FD02B28B02AADEA78C11DB19DA13
:10436000AAF8D8F1B5BDBD9BFCC103BDBDD9F428E9
:10437000EAD8F1B2BCBC84B8BEAEC3C5C7B0BCBC41
:10438000BCB4BDF08A9EAF6C99618A199E7499691C
:104390008A399E7C99718A59F18F9FAA28FD015410
:1043A000FD017CFD018EA9C2C5C7F08A9AA7042829
:1043B00050F18797AF098FB5BDBDBD9B1EB4BD97AA
:1043C000A7208BBAA7C1C3C5BDB690FCC200BDBDB6
:1043D000BDD9F42877D8F1B286B697A74A99F47573
:1043E000A19AF475818AAAF47593F18697A7529BD6
:1043F000F475A19CF475818CACF47593F18697A744
:104400005A9DF475A19EF475818EAEF47593F18971
:10441000A9C2C5C787C38BABC2C5C787C58DADC28F
:10442000C5C787C7B8AEDE8AB49E64FD018C64FD43
:10443000018E64FD01B0F08D9EAF6C9C618D199E64
:10444000749C698D399E7C9C718D59F18F9FAD282C
:10445000FD0154FD017CFD018EACC2C5C7F08D9DF0
:10446000A8042850F18898AF098F9B1E98A820D8DF
:10447000F1B8B1B4BCBCBC84AFC787C1B383C1BC05
:10448000B08F9FAF49DAF428A7D8F5917AF19FFC55
:10449000C003DB90FCC000D9A1DEF8D8F428B7D85F
:1044A000F59172F19FFCC003D9A1DEDFA0DEDFD859
:1044B000F1A1F8F9D1A0DAF8D9FAD88090AF11DBE0
:1044C000A1DE91FCC104D9A1F8DFA0DED88090AFB5
:1044D00039D9A0DEDFA1DFD8F1BCBCBCBDBDBDBEFB
:1044E000BEBED8F1B1B5B9A6F88ABBA4C3A0C5B900
:1044F0008696AF21D9F43031D8F1A6DEA1DEDFDF18
:10450000A0DEDFDFDFABDEACDEB38CBBA4D0C4A0AB
:10451000D0C6B8BEBEBE83A9C1F2BCBC82C381C531
:10452000F8F1B0BCBDBD9BFCC103B4BDD9F4298476
:10453000D8F1AADE99FCC100D9AAFADB8A9AA93976
:10454000AADEF8D8F5A289923AF192FCC003DADF2C
:10455000D9FAA282DB31DFAADEF8D899FCC103D9EF
:10456000AADFD8F28999A971DBDE41F1AADEF8D879
:104570009AFCC004DBA8DE98FCC100F8D8F1B1BCFD
:10458000B5BDB9BE8794AF19D983A1C6F42C7AD82A
:10459000F1829FAFDF28FD03DF30FD048F9F34825F
:1045A000381DA9DED9F8DAF42AEBD8F18297AF5199
:1045B000D983A0C783A7D0C2F42A1CD8F18292AFB6
:1045C00059DAF42A1CD8F5B383B7991AF1F8F9D15E
:1045D000DAB1B5F42A1CD8F53AF1F8F9D1DAB1B567
:1045E000F42A1CD8F1B0BCBCBC88AFC1F289C5C7E5
:1045F000F9F9B1BCB5B9F28F9FAF71D9F183A0C6FB
:10460000B38CBBA4D0C4A0D0C6B1B9D8F183ACC61A
:1046100083A7D0C4D8F1BCBC81AFC3F38BC3F2B3C2
:1046200082C281C5F9F1B1BCBC839FAF09DB8F9E0B
:104630003183A1C7A0DFD0DE9FFCC201D9F2AFDE7B
:10464000F8F8F88FDB41D9F18EB791BBA2D05CFDB1
:104650003FB5B9D88F93AF21DB83A0C7D0DEA1DFF0
:104660009FFCC201D9F2AFDEF8F8F88FDB41D9F137
:104670008EB791BBA2D05CFD3FB5B9D8F19FFCC20B
:1046800001D9F42ABAD8F3BCBCAFD0B18CC4F1B014
:10469000BC8AAFC5B1BC8093AF39D1D9F3D0F8F99A
:1046A000DBD1F19FFCC104F28F9FAF59F1A0DF83F2
:1046B000D0C6D8F1A1D0DE8390AF69DB9169F42A2E
:1046C000D4D8F28F9F71D9F183A1D0C6D8F180934D
:1046D000AF19D1D9F42B5AD8F179D1D9F42B5AD8B2
:1046E000F42CBBD8F1829DAF31DAF42B1CD8F183C6
:1046F000A0D0C7B69DFCC204D9BAADDEF8D8B38A43
:10470000B792BBAF19B188A4D9C5A0C7DAC1A0C3FD
:10471000D8F42B5AD8F1A1F8F9D1DAF42B5AD8F100
:10472000BAADF8F9D1D983B9A0C6ABC6B38DBBA4D5
:10473000D0C4A0D0C6F42B5AD8F183B9A0D0C7B347
:104740008AB792BBAF19B1A4D989C3A0C5DA88C111
:10475000A0C3D8F1B185BABEAFC284C782C1C3B20B
:10476000BCB6BDA7DFDF8F92A701D9F42B9CD8F18F
:1047700009D9F42B83D8F1FAF42BCBD8F151D9F421
:104780002B90D8F1FAF42BCBD8F119D9D0F8DAFA6A
:10479000D8F42BCBD8F19321D9F42BB0D8F109D987
:1047A000D0F8DAFAD8F42BCBD8F171D9D0F8F42BB1
:1047B000CBD8F159D9D0F8F42BCBD8F19401D9D07A
:1047C000F8DAFAD8F1B0BCBC88A7C0B1BC89D0C1B6
:1047D00082AFD0C5B2BCB5BD9BFCC100B6BDBDBDEE
:1047E000DB97FCC304FCC000FCC204D9A7DFF8DFE0
:1047F000D8F18F94A771D9F42C14D8F19541D9F43C
:104800002C14D8F19409DB39D9DFDFF8D8F197FC03
:10481000C104B1BCBCBC83B9BEBEBEA0D9C6DADE81
:10482000D8FCC204D0D9C7DADFD88EB5BD9BAF4C57
:10483000BDBD9FFCC100D9F42CBBD8F0B386B69A9D
:10484000BBAB2C5078F1BAAAC3C5C7B8ADF8F9D143
:10485000DADEB38EBBABC7D8B38EB79BBAA769D924
:10486000B183B59079DBD1B9A0D0DFA1D0C6D8F49F
:104870002CBBD8F1B0BC81B9AFC0B088C187C1B181
:10488000BCBCBCB5BDBD9BFCC100BDBDDB9FFCC0BD
:10489000048F9E2D8D9F31D9A1DE83A0C6AFDEF897
:1048A000B3839FF506F1DBFCC104D9B8BEA1DFF8E4
:1048B000BEBEBED8F5B389B793BBA9668BAF02F174
:1048C0009FFCC003D98FA9D0C0D88999A334AFDE8B
:1048D000F8F5839F06F1FCC104DB9571A2D0DED808
:1048E000B08DB9A1D0C78FB49FAF11D9A1D0C7D80F
:1048F000F1B389BBAFC6F9F58FB79306F19FFCC141
:1049000003DB83A9C0D8A3DEB9A0D0DEBAAAF8F928
:10491000D1DAF42D8ED8F1B9B1B5AF839061DB69EE
:10492000799169F42D85D8F1DFF8A0FAF9D1D9AFE2
:10493000DFD8AF8C9569D9DFD8AF859C31DB9FFC80
:10494000C100DAF42D62D8F183A0D0C6AF8A9E11DF
:10495000F8D9A0D0809C48D8AADED8F1B385B79505
:10496000AF71B1B5D9A0D0DED8F183AFC6F88F94BE
:104970001DDB90FCC000A0D0DED8F42D8ED8F161F4
:10498000D1AAD9DEDAF8D8F1B188BBA4D0C5A0D0BD
:10499000C7B590FCC200D9B28EC6A4D0C5BAAEDEEF
:1049A000F42DBDD8F184B49FBAA769DAAEF8F42D1E
:1049B000BDD8F1AEDED8F1B181B59EBBAF02B794E0
:1049C00026B381B59DA102B790268F91A1002CB18D
:1049D0008094AF12265E6EB38092A2420E763E8F16
:1049E000A2002C547CAFDEF8F58F99AF06F19FFC46
:1049F000C103D98AAAC4D88392AF51D9F42E4BD817
:104A0000F1A2D0DEB69EFCC009DBFCC10AD9B8AE6B
:104A1000DEBAAEDEFAB7BBF42E4BD8F1B8AEDEF894
:104A2000BAAEDFF3BCBCBDBDBEBEB0B4BBAFFBDA3B
:104A3000B8A4D08D941DF1E2D8F1BCBCBDBDBEBE02
:104A4000B3B7BBD8F18A92AF19D9F42E8FD8F3BC83
:104A5000BCB18BC3BCBCB3F8F9D1D9F42E7DD8F16D
:104A60008E9141D9F42E7DD8F18993A3C66081A29D
:104A7000D0C7F42F0AD8F1A3DEF8F8F8F8F8F8F860
:104A8000F88BAAC6F42F0AD8F181AAC69A6060B141
:104A900081B593AF59B3B7D1D9F42F0AD8F18A921F
:104AA000AF21DAA3F8ADDED881AAC58591AF21D9AF
:104AB000F42EE5D8F1A1DFA2DFDF8195A5C76889D3
:104AC00093A3C660ADF8AFDEF8F5899F06F1FCC18F
:104AD00003DB8D9DAF21A3DEF8D8F42F0AD8F18136
:104AE000A5C592AF49DAA3F8F8D891AF49DAA3F88F
:104AF000F8F8F8D8F1A3F8F9D1D9B183B9A1D0C6A3
:104B0000B3BBD8F5839AAF1AF1BEB8AEC189B59ED2
:104B100074FD3FBCBCB18B34B79FFCC000BCBCBCB7
:104B2000B0BDB4D9F42F64D8F1A6F88696AE11D9E9
:104B3000A6DF88BEBBA9D0C4F2A1D0C6A2D0C6BE93
:104B4000BEBEDBF19EFCC301D9F2BEA1D0F8F8F8DD
:104B5000A2D0F8F8F8BEBEBED8F42FA2D8F19EFCC1
:104B6000C301D9F58EAE32F1DBFCC00188BEBBA912
:104B7000D0C4F2A1D0C6A2D0C6BEBEBEF42FA2D869
:104B8000F1A6FA8696AE39D9A6DE87BEBBA9D0C4F7
:104B9000F2A1D0C6A2D0C6BEBEBED8F1BCBCBCB3CA
:104BA000BDBDBDB7BEBEBEBBA5F8F9D1DA86A7C3F1
:104BB000C5C7A5DE85A5D0C6D88595AF71DAF42F17
:104BC000E2D8F18993A360F3BEBEAFF8F9D1DAF36E
:104BD000E2D8F1BEBE86A7C3C5C7D8F1AFDFF98959
:104BE0009F2D830DF599AF1A8F7E9FA812992EF1F4
:104BF000DFDFAFDFF9899F4D830DF59BAF028F6635
:104C0000F19FFCC003D9F5A8D0129936D8F1889845
:104C1000A610A738869FAFDE00FD0887008FF3AE91
:104C2000C0F1BCBCB182C3BCBCD8F3BCBCBDBDBE72
:104C3000BEBBB3B7A2F8F2F8F1809DADD07CF2A272
:104C4000FAF9D1F1B9ACD9DEDAF8D8F5BEBEBAA717
:104C50008595788E9E7CBCBCBDBDB2B6F1A9899904
:104C600062F09740996C9748B9B1B5F1AF8091283F
:104C70008C9F008365D9F43094D8F19DFCC304AFB8
:104C8000B289D9C3C1DAC1C3D8F47555D8F2BEBE52
:104C9000BCBCBDBDB9B3B7A6819249F9DBF1B18CFB
:104CA000B59C21D9F5B385B795788E9E7CF1B18DF1
:104CB000B59DAD1AF096409D3C9648D8F1B181B5AE
:104CC0009DB9A60A8D9605D9F430FBD8F2B381B709
:104CD00092BBAF49F9F9DBF1B18CB59CB9A621F4CF
:104CE00030FBD8F1B38EBBA8D0C4C7F3B9ACD0DECB
:104CF000F4310CD8F1B385BBA8D0C4C7F3B9ACD09C
:104D0000DEF8DFF8D8F3B59CFCC304DBFCC200D9A5
:104D1000F2ACD0DED8F2BBAFB792B38219DBA2DF20
:104D2000A1D0C4ACD0C5F3A7D0DFF1B9AADEA1DF12
:104D3000B59BFCC100B8BEA7D0DEBEBEBED8F1BBDD
:104D4000AF89B79819A980D938D8AF8939A980DA3D
:104D50003CD8A1F8F9D1DAF9DFF8F4753DF1FFD8C4
:104D6000AF2E88F575DAFFD871DAF1FFD882A7F394
:104D7000C1F280C2F19786492EA6D0509686AF75B3
:104D8000D988A2D0F3C0C3F1DA8F96A2D0F3C2C300
:104D900082B69B7070F1D8B7AFDFF98999AF1080F8
:104DA0009F21DA2ED88999AF31DADFD8AF8292F31A
:104DB00041D9F1DFD8AF82F319D9F1DFD8F1899069
:104DC000AFD0098F99AF51DB8931F3829219F2B1DB
:104DD0008CB59C71D9F1DFF9F2B9ACD0F8F8F3DFFA
:104DE000D8B3B7BB82ACF3C0A28022F1A922269F20
:104DF000AF29DAACDEFFD8A2F2DEF1A9DFF282B889
:104E0000BEA9C381C5B0BCF1B59BFCC103B4BDD97B
:104E1000F43233D8F28999A949DAF43233D8F19AC5
:104E2000FCC004A7D0D9889730DADED8F1BCB180B5
:104E3000BBBEBEBEAFC28CC181C383C7BCBCB38F77
:104E4000B7BDBDBD9FBAA761DB6971FFD8F1BBAD2E
:104E5000D0DEF8B184B696BAA7D07EB796A701B2D5
:104E6000879D05DBB38DB69779F3B18C9649F1BB7D
:104E7000ADD0F8D8F3B9ACD0F8F9D1D9F1BBADD0F9
:104E8000F8D8B3B7BB978CAFF379D9F432A6D8F181
:104E9000A1819D34AAD08A50F4753DF432C6D8F36E
:104EA000A7D0FAB59CFCC207D9F8D8B7978CAF79D0
:104EB000DAF18791A16CAAD09A70BBF4753DD8F154
:104EC00091FCC10AD9F43307D8F181A1C2F9DFF806
:104ED000809DBAA6D038FD31BBAFDEF382CEF18F14
:104EE0009008FD0F8D9F65D9F43307D8F1AFDEF23E
:104EF0008CCEF2829F25D9F1BAA6D0DEF38DCED822
:104F0000F1B59BFCC103D9BCBDBEF4333BD8F1B8AD
:104F1000BEAAD0DEF2B381B792A949D9BCBDF433A1
:104F20003BD8F1BCBDB0B48D9731F9F9F9F9F9D995
:104F3000AAD0F8D8F1BCBCBDBDBEBEB084B8A5C374
:104F4000C5C783A4C3C5C7F0B281B691A33C110CF9
:104F5000582C50F1B083B493A32C547C9271F095EB
:104F6000AE2C50788EBEB9AAC2BCBDD8F2BBB3B7C6
:104F70008291AF31DAF433DFD8F18DB796BBA6401A
:104F8000AC8C9C0C30BA8D9DA739DBF3B18CB696F6
:104F900049D9F184B594B9A4D05EF0B79D38D8F161
:104FA000B38DBAA7C6B59CFCC204D9B181B697A788
:104FB000258B6E81B9A134DAB287B69700FD3EB178
:104FC00081258B4E81B9A134D8F1BBAAD0DFACDEEC
:104FD000D0DEADD0DFF1FFD8F2B3B7AF829C39DBC2
:104FE000F1869009AAD08A9DD974F433FADAF1AA2D
:104FF000D0DFD8F3B9ACD0F8F9D1D9F2BBA2FAF826
:10500000DAF2BBA2FAD8F2B382B69BBBAF31DBF1C6
:1050100089B59A61D9F2A1D0F8F8D8F282AFC4F874
:10502000F8F8F88FB79115DAA1D0C0D882AFC2F9DD
:10503000D1D9F1B9ACDEADDEDFB9A1DFBBADD0DFD8
:10504000D8F28291AF31DAF1B1819DB9A13CD8F2A9
:10505000B3BB8291AF31D1D9F1B181B59BB9A13E3A
:10506000D8F1B38CB79CBBACD010ACDEADD0DF9226
:1050700082AFF1CAF29135F1968FA6D900DBAF8AE3
:10508000906DD9A68F96018A60AAD0DFF281ACD04C
:10509000C5D8F1FFD8F0B9B1B6AF8D924C71546854
:1050A0005C604479E0D8F1BAB1A48FC0C3C5C7B978
:1050B000B5F1AA829025F3ADDFD9F8F8D8F1A18136
:1050C00091F0348238F1AA2DF58A9030D9F3ADFAF7
:1050D000D8F0AA8F9F042851791D301438BCBCBC6D
:1050E000A2D08A9A2C50507878BC8290AAF57CF392
:1050F000D9ADFAD8F1B8AE82C6B9A181900A819231
:1051000018A2D081C1F3ADFBF9F1DAA2D0DFD8A2A9
:10511000D0FAF9D1DAAA829D7E76AD8AD0315CF0E0
:10512000AA8D9D5478FD7FF18A92559DADD0727EF7
:10513000D8F4749CE0D8F1B1B982A2D0C2F2A3FA3B
:10514000F3B8A7F8F9D1DAF2E2D8BBB3E0F1B1AF26
:105150008F9F3185A5D0DAC6F43572D8F1F8F9D130
:10516000D9C6F5ADD08D9E7FDAF9D8F1E0F1B697CA
:10517000A766B793F0717160E0F001295179E0F111
:10518000C2C5C7B287B6972CFD01E0F1C2C5C7B250
:1051900087C1E0F1B2819766E0F03810284088E0DE
:1051A000F02470594469386448312D5179E0F02475
:1051B000583D4034492D51E0F187A1002C547CF03A
:1051C00081A704285078FD7FF1A787965991A10205
:1051D0000E161EE0D8F0BEBEBEBCBCBCBDBDBDB38D
:1051E000BB8CACF478598DADF478598EAEF4785907
:1051F000BCB080BAAFF1DEDFDFD0F2C2CBC5BCBC41
:10520000BCB28FD0BDB59EF102FD0326FD0346FD65
:1052100003BDBDBDB590BBAF02F02850F11E91F0AB
:105220002048F116F0389240B3B78FF2ACC0ADC24F
:10523000AEC4F1A9FAF9D1D9F4364AD8F1A9FAF4F1
:10524000381CD8F0B78C9CBAF47828F1C1B38D9D86
:10525000BAF47828F11CB38E9EBAF47828F11CB306
:105260008FD7FD3EF28DC18EC1F18FD5FD30D4D0E8
:10527000FD70F1D02AD2F000D2A9DE8FB597AFF53C
:1052800040D9F2A9F8D897AFF548D9F3A9F8D8F2E0
:10529000AFDEF8D4FD0CB78F9D05DAF436C3D8F233
:1052A000B597DEF8D037FD0E3FFD0E8DB79FD005C8
:1052B000D9A9F8D8AF0DD9A9F3F8D8D8F2AFDEF84C
:1052C000D4FD0C8F9E05DAF436EED8F2B597DEF8F1
:1052D000D037FD0E3FFD0E8EB79FD005D9A9F8D867
:1052E000AF0DD9A9F3F8D8F18CAFDEF2C08FF0D4AE
:1052F000FD309FF500B18804D9A9F2F8D8F5AF24A4
:10530000D9A9F3F8D8F0AFB389C4C78FD0D4FD4082
:10531000D5FD40B188D0F544D9A9F2F8D8AFF56CE5
:10532000D9A9F3F8D8B38FB599F5AF60D9AAF8F435
:105330003745D8F1B18AB79FAF59D9AADED8F5B3AE
:105340008FB599AF68D9AAFADAAADFD8F18AAFD4B3
:10535000FD00D5FD408FD0F514A9D0D9DEDAF8D8FC
:10536000AF3CA9D0D9DFDAFAD8F18AAFD6FD00D7A1
:10537000FD408F9AD0F504A9D9F2F8D8AFF52CA941
:10538000D9F3F8D88CAFF2C0F18FD4FD30B79F02BB
:10539000FD1ED010AFDEF8F8F8F8F8F8BDBDBD93EB
:1053A000F502F1BDF8F9D1DAF437BDD8F1B18A9F31
:1053B00059DAF437D3D8F1B18B9FAF51DAF437D340
:1053C000D8F1B59BB38F41D9A9F2F8D8F1AFB79F07
:1053D000B18A79DAF437F2D8F18B71DAF437F2D88E
:1053E000F1B59BB38F49D9A9F3F8D8F0A9F2F9F92F
:1053F000F9F9F9F9F9AAD0F0DADEF5E2F0D9F8D83E
:10540000A9F3F9F9F9F9F9F9F9AAD0F0DADFF6E236
:10541000F0D9FAD8D8F0BCB080BDB490BEB8A0E046
:10542000F0AFF2113DF3153DF2B28FD0CDCFF3DFE7
:10543000DFDFDFF1D4FD70D5FD70D6FD70D7FD70D4
:10544000B69F0C1018F500B596F518BBAFD0B79FF6
:10545000E0F0D0F3CFF2CCD0F3CDF2CAD0F3CBF260
:10546000C8D0F3C9E000000068690000C16C0010FA
:105470001D6D0010F8F80120740C01107C0C011057
:10548000840C01108C0C0110940C01109C0C011068
:10549000A40C0110AC0C0110B40C0110C00C0110D4
:1054A000C80C0110D00C0110D80C0110E40C011034
:1054B000EC0C0110F80C0110000D0110080D01108A
:1054C000100D0110000000000000000002000000AC
:1054D00001000000000000000000000002000000C9
:1054E00001000000000000000000000000000000BB
:1054F0000000000000000000ADD9001001DA00102B
:10550000B1D9001011DA0010B9D90010C1D90010BA
:10551000C5DA001071DA00101DDA0010E1D90010B0
:10552000E9D9001000000000000000002DDE00108E
:1055300041DE001025DE00105DDE00100DDC0010E5
:1055400035DD0010C5DA001071DA00101DDA001028
:1055500029DC0010BDDC0010000000000D00000080
:105560000001020003040000010000000C00000024
:10557000010000000B0000000000803F010000005F
:105580000B000000030000000A00000004000000FF
:105590000300000000000000010000000A000000FD
:1055A00002000000090000000200000000000000EE
:1055B00000000000000000000000000000000000EB
:1055C00000000000000000000000000000000000DB
:1055D00001000000090000000100000008000000B8
:1055E00002000000010000000100000001000000B6
:1055F00002000000000000000000000000000000A9
:105600000000000000000000010000000800000091
:105610000300000007000000060000000500000075
:105620000100000001000000010000000100000076
:105630000100000001000000010000000700000060
:105640000200000000000000010000000000000057
:10565000000000000000000000000000000000004A
:10566000000000000000000000000000000000003A
:105670007C560110D8560110000000000100000007
:105680000000803B98560110905601100000000069
:10569000010000002F00000001000000BE75D7428D
:1056A00002000000010000000700000002000000EE
:1056B000010000004017000004000000010000008D
:1056C0001F0000000600000020000000E05601104E
:1056D000D8560110000000000100000080FFFFFF0D
:1056E00001000000FA48F841040000000100000039
:1056F0002000000006000000200000000400000060
:105700000100000020000000060000000100000071
:105710001C570110EC580110000000002000000090
:105720002826603A8D09893A25DC843A1D8B4E3A49
:105730009D48773AAF4B443A1142513A619F383A0B
:10574000097F643A65352C3A279D933AF080823A76
:10575000CB9B3C3A7088873A7951793A54B9503AA0
:1057600074A4723ACBC8983A60746C3AF1D65E3A37
:105770001C32483AA2CF4B3A5307603A4337753A46
:105780002EBB793A94D6A53AE3CE5C3ABC05773A7B
:10579000D3E4643A7937873AD0D9363ACF25473AB5
:1057A00004000000200000000300000003000000CF
:1057B00001000000000000000000000000000000E8
:1057C000DE81B45AFF4A30242B81ABFA5DAC3F1521
:1057D000ECCC518CBA374F7F1CF38681517AF2663C
:1057E0002345734577B1073CBFDD816FCBE07F0375
:1057F0002A87CB009C2956E481A6B6D9C74E5C61A6
:1058000066D334B7CC637F7D4B09E681FA0CF79AF7
:10581000D2817EEB93918DB21E657FBF0491DAEE4B
:10582000ADB746DAB3811D1F6F5D3446B12D257FBC
:10583000A097A9FBE32DF35F560FE48168DC7ABFE4
:105840008EBE7F5BF7C6A721F7A281692AF8647B29
:1058500011581398E817288135EC8FE5787F239845
:105860000B18B22731D568E7BF977FFA7FE6181F7C
:1058700069772637FA39A5F4C39FE9B57F1CCEBAFC
:10588000CF307F1C8867D7B9C0FC22137FFBAB5396
:10589000BE6CC4F681EBFD001EE79430815C876F1F
:1058A000E0365BB9185716D58143D43498770F2862
:1058B000810BBD96ED9316027FB24F367E7F6C5FF3
:1058C0008CF416338825E87BFA4D812E51232AAFBC
:1058D000E1C221151F8124115E8901D80D7FA0B17D
:1058E00070590110EC580110000000002000000069
:1058F00000000000000000000000000000000000A8
:105900000000000000000000000000000000000097
:105910000000000000000000000000000000000087
:105920000000000000000000000000000000000077
:105930000000000000000000000000000000000067
:105940000000000000000000000000000000000057
:105950000000000000000000000000000000000047
:105960000000000000000000000000000000000037
:10597000200000001DF34A3E4627783EBE96703E4A
:1059800055023B3E71E55F3E05BB313E8F773D3EA4
:105990005729273EBDE24E3EECEB1B3E29A7853E34
:1059A0006E526C3E3FC52A3EE46D753E0ABD613EB7
:1059B000C1FB3C3EA7B15B3E9D558A3E6517563EF6
:1059C0009AC3493E0543353E0289383E32D74A3EA6
:1059D00027065E3EC01C623E5827963EBCEC473E02
:1059E000E3A85F3EE73E4F3E47DB743EAC8E253E6C
:1059F0001850343E010000002000000000000000AC
:105A00000000000000000000000000000000000096
:105A1000FFFFFFFF0000000000000000FFFFFFFF8E
:105A20000000000000000000000000000000000076
:105A30000000000000000000000000000000000066
:105A40000000000000000000000000000000000056
:105A50000000000000000000000000000000000046
:105A60000000000000000000000000000000000036
:105A70000000000000000000000000000000000026
:105A80008C5A01106CFD01100000000001000000A4
:105A90007B30353A0200000007000000401700008C
:105AA000EFF8FD1D2508FF1813F1C5EFDF0A1119E6
:105AB000FC04DBDB1BDAE2EBDCFBDDFFDB22CF0FE0
:105AC0002D0718C502EBD102E6E7F228F3E3F4D084
:105AD000D6F6B5D4E2F822EFF6EFC1F4F811FBDD0B
:105AE000F11CCCDD08DA23D7EA1526E73AE70501F1
:105AF000FA1004111303D826D1DE060FCAC9DAFE44
:105B000015FECC18E100000D261B28E803C614CDB5
:105B100020E825B5FACF052325BD0CF3E1C2EBF350
:105B20001BC5DB0BECE540E60255162D09071AD61E
:105B3000DA23F30139010C27F33B31FD30DBD321AC
:105B40003329FEF3F6120224E4F2F2EDEC0FEBEF50
:105B5000E927F2071811DFEEEE22E32A2BE00623F5
:105B6000EDCFFE0A0CE517E3F502DAF1EB1B35ED9C
:105B7000DBD109D0D51BFCD60822EE23C9D01E02EA
:105B8000D6DA100EEE072B0FEFDBF70E0A3710F008
:105B900005D7B8F4D0E5F4DDF1CCEE0628FD08C851
:105BA00036FBDDF0C917340DF308FAED13D6E1F238
:105BB000F6E9D820E8DDF7CDCDFFF607E00FF909CB
:105BC000C6F2C2B2F02A15F5DE06EBB41FFBD90C03
:105BD000D4DAFC8CEC251B2411E4C2D2C7E902BA4A
:105BE000F9D2041BFFE418E3180EE6D1EE0F21C82A
:105BF00020CC26FD270DEC0505F4231EF0F9E2D696
:105C0000ECF5F123EF040C1FFAEEEDEAFCD90AFEE5
:105C100035DECC30141AE7052DC6F8EAB708E209DC
:105C200009EA172A282DDA2B24F112E116EE06DEF6
:105C3000211211F03DF71807291DEF1FD01DD620A6
:105C4000C7E0FDF1FD0100D1DF11FF311E280F1269
:105C5000C7EADB140AD717EFED1FEDE4D7F72100F1
:105C60000FF3E8BE34E80DFE24F1F01707CEE1F99A
:105C7000F4EE03D9E8BAF10918F81C1031EC0AE285
:105C8000E7D3050809F30FB92C120AD007F9F1057B
:105C9000F50A38CDD5122EEA32CBD824BD06270717
:105CA000FE0503E5212B28C3E739ED09E82425F794
:105CB000C706D5DC2CD5F1EE21F82D1CD1D51FE778
:105CC000FD1F0FED1EE730070DDB1C1508DB02D0B2
:105CD000F3E111DE12F52003FC09F0D0FB0A0B0101
:105CE000E21A043AF23F14FAEB1E19F824E824DD14
:105CF000D5F01D452BF50005ECECF6330DE8E8F486
:105D0000FDE1E4CAF9F43C2C11C1FE081E06ED04C5
:105D1000EB0DDD2B0DDC0AF213F7ED2FF21BDF2E5E
:105D20000EF301FA19D314EDDAF5D80424FA42E798
:105D3000F016EAD7D619EB0B17CBE5D437EB15DC09
:105D4000D31915E3E5CD0EFFFBDC2BEEFA07D013DC
:105D5000F9DF0DC0E126F1121218FCD809F8DEFDBA
:105D6000FA13DF1218112DC81E35C4E30808E60720
:105D7000D8E2FC1E12C6EB0E063520250C0FD5EC22
:105D8000EF303AC0210F2D19111032D30C1928FF12
:105D90002F27FFF0011D1B1DFB16E1F82BC1100F73
:105DA000E7232A132B24EDFC13311B4E07FBCEEE09
:105DB00028F11B360414000227FF1EEB0C2610EE00
:105DC000DFE9F4AFDA2B14FBF1EEDD53FD221A9C70
:105DD00003F32BF810FED91B0EF5FB0F0524EFED96
:105DE000FAE1E907011CDBC60AF8FB1BDF01F0BD85
:105DF000144601D5E4121BC626FC2DD117BFEAD6E6
:105E0000DEE610DB03FF18A8F31D2DB737C6E2F658
:105E1000F71EF2F8093519481CC2181BC3A4DE1975
:105E2000C724CDA8C51525E33308EAE302C9FBF56D
:105E3000DAEAF7CA2AE4DD270607E5D8080E0024C7
:105E40003DFD34071C1E0BDEF231F137010E27F841
:105E50003FBAE3D11B10F50533EFCAFB29FC17E16C
:105E6000EBEB380FD127CB1FF6FB13F5F121F8EE42
:105E7000122DEF3512F1CDFECEF9DFD6060F342606
:105E80000FEB07F3E5ED30FBDE0B24F3121DD9E039
:105E9000C90024FEF4D8E21EE0FED50A2C1720D952
:105EA000FB28D8D6E017F00231E71A0301FFBA1C2D
:105EB000E508F1E62EE42623D90203073701071689
:105EC000DAD3EEE719F627E2F50C1126D1CCFDCC9A
:105ED0003103FFD63C220E26510EDD18DBB506C677
:105EE000F021E6CE20FF2FD51AD6460421F8E7028E
:105EF000E408D9DEE0E81BB004100DF31D1FF7DD48
:105F0000F9F2EDF6EAEC35161DF72F26D91E191A0F
:105F10001CF20D09FF273819F400E619D508FA37E5
:105F2000240A0DF3E801E30F0EDDF5190A0917EA5B
:105F300024D52BFC1BCC1D051C15E6EAF00F05E54E
:105F4000EBD016D62BD80A272C15F90405190A0C04
:105F500009E3201308F5C5D8D91EE422F51F14FC67
:105F60002CDBF9BB2FDAE5DFFFE0FA4F28F2F1F086
:105F7000180A08C72A0025D73AF7C7E725FACAF84A
:105F8000DD1FE7E809E1EAB815F61E2DE1F3FAEAAC
:105F90001DEA23E42C2AF9142ACB1F38ECF7E90B6D
:105FA0001841FBC3EA151EDED9EDE6F237FFF10B0F
:105FB0000E30210FE5D20513EA02EA19F90C080A9E
:105FC0001BF52EF905EFFBF003330C2F00DD02EC7F
:105FD000E201E8E3DEE63912F4D0F33F09F5EC2BF9
:105FE000430ED324F119DB0E1D0C32420AE1C4D753
:105FF00016F41CDFF520DC2A3BE4F506ED1510272E
:10600000C30AD9DE2201F801E109F1EAF6091ED935
:1060100011E110162706EAE6CE35B708FE0015D5C1
:10602000E5E73FE7F30A1AEF070D0701FD09D6C6BA
:10603000190ADEFADEEA141EE5CAE6EAD5D5F9FE4B
:106040002202E01DC2F917CD13F8FF1FFC3D1B1201
:10605000D22004CAE9E4F2DAD5EAD104EEF5DCDFB5
:1060600011F82BDBFC2BF0E62F22EDEDF1041D0BDC
:1060700031E91E11D43D1018011D2AE526F5F7EE71
:10608000E9E7ED262BFA2EC61222F2DEDA244512BB
:10609000B2E415E9F528220807C618280C22F108F1
:1060A00021EBF9E6040EFECFCFDA211CF4F0F5D295
:1060B000FAF75B111419FA1135F0E204FE08EAE26E
:1060C000102A0DD5FA0114D1E3C7CD12EDEEF2CEB0
:1060D000EB151FFADBFFD6E3E4F604F5CDF11AEE7B
:1060E0000FCB18DEC3D6E816D51BDE12CFB226CCF6
:1060F00023CA090E010FFB10D3D7F81041C7D434BF
:10610000FDD51D22D8C9F5D6A50FE3F3F3EC132175
:10611000F3EEEFD7D4E5E527C5C50B21B9BDB6F140
:10612000E304FE2DC5D3F40EEEF402F0EAF2FBCC4C
:10613000E1F5EEF31527DB09FBFD350A06FE2FFE20
:10614000F10503FB1BF6E4CDED1413192CD409243F
:10615000FAF7081DE3251F10D7EDECF7F2EA15F466
:10616000F3291A20FCD50BDCFCDE0E3C120C10349B
:10617000EAED290006F820E5F4F8D923D9F11D014C
:1061800007E7E9D4EBF4E7DCE7FE09C5FFDA00F640
:106190000D1FE4F917FD14EE0801E202BF29F0BB60
:1061A000EBE23BBDD603BD0B05CFE8F8BFD1F8E667
:1061B000DCEC08E3F3351BC1F5FBE2E117C93AFE5D
:1061C000DFDE12F6FE12F8DDD424CCE0CF39DF2A70
:1061D000CDD90BB6DAC00BF3F303DEEEEDFDB1F46F
:1061E00021F7FCE7E8050C230AE8050A21CB0E0697
:1061F0000AD8F60005F21FBD04F312D9C50EF3014B
:106200002CF1DDFFCD26E5290A2203F112F8C53C69
:10621000B80DEA27D70ED407D8CC0D37ED06E6DD4A
:10622000DD123F07E0281DE51A1CF44CD7F3002AC5
:106230001A2DFA15D929DC0324120C2D08D6C4FC1A
:10624000C1F20BFD060DE217DF0EF5CFD71ADBEC1E
:10625000E1141217F9FB160EFCEEFEE1E801E0D2A4
:10626000F2DC2A1A21EB15FF2605F30D1A2DE7099A
:106270000C06FBEDF7F0E7E3F3B7D80D3E0DFA019E
:10628000B1DDC21DC7F3D5C70606D9BFFA1FF9F69F
:10629000F7FE13E20803CAF0E801D8EFC0DAD1DD57
:1062A000E8ED1B05190ECE241DBCD2E611CE2C083C
:1062B000091FCD23FFD327C5E62B11ECC40815E930
:1062C000D4DAE520211F0E0AFDFE0FEA321409215F
:1062D000D8D41EFD0B3405FF16D5DCEDE72439FCC0
:1062E0003015DE042FF3F3F8E5F8042DE716E52664
:1062F0003C154818F0E3E1F811FC1067FBDB1603CE
:106300000607BD0BF71BE72E29FF1FCB2AF8CB058D
:1063100025EA22EB1014C8D31AED30F4F948D4FA68
:10632000391539C5F80F161BD509F854C2E4DCF548
:10633000E707EAD7CE1BEFEBEBF9DCEC3FD50232F7
:10634000C507C40BF0F5D2F10BCCF6EAF7FF0D1937
:10635000F602FADFE8E6D7F300EAE81A10EDCEBB62
:10636000F3C4121DD3FDE80621FBFC17DDFC16E388
:10637000ED20E818071C13F91F0F1F24F5D016286D
:1063800003EAF9F2160305FD01E6ECF7FDE011FE64
:106390000B21C91C08E2DDF0FF1712E01F0107E81E
:1063A000F406F95425F8090FEFBC1C32091609FF51
:1063B000E72C253BEA1924190B37DC111DD2E0E745
:1063C000F818FEDFC8FAFC0534E126D50B37DD0CE2
:1063D0001EF508F32E3CD6F21C32F53E230714DFDF
:1063E0003CF45EFDEC002A002F04D723DE2FE0FAF8
:1063F0002B01EAEDE325EE05DC10061747FBE34A27
:10640000B303DF2714D5FBC70C27F3BE0519BD2640
:10641000151D1F021FF5F10BC9FECEF9E60FC3FFD4
:1064200009200F3518F817EC270EFC19E733100672
:10643000F626F8350BE8D820DF0D1919D2FD181211
:10644000D308212224EE272932E1180519ED2E1D4B
:10645000450DE33119F3CBFED705F1F8E41A07F344
:10646000E518DE0701E80CE322101C31FC201AEDD0
:106470001A042B341AF1EED8E60D2811EAE5080EBD
:10648000F726EB2AE8EA2627F6DD1FECFF48D7457A
:1064900003101BF2231C34E2FC06FBF8ED49E1E19A
:1064A0001FD91AF60AF31AF0E72EFE03ECFC0F0AC6
:1064B000CEDF31E905ED4BEFF4F8FCE126FD0548B0
:1064C00004FCBC17CAEBE3061005DAD6E3D1E715E6
:1064D0000D1F22DD101612C3B80F020FCC170BD3FD
:1064E000D2BA090EF4DD01DB29E720E0101E050E0B
:1064F000174325191212E8F23419D9D1D8D606C695
:10650000C5F9DDFE2B200AE71BF33A2DFEF5F1035A
:10651000D7F606EA23140325DA4A0E18EE13F70518
:106520002203030A2BFB2CBE0B3609F5371B23FD78
:1065300009031AFF193FF8ED21D9E1D604EFDD1167
:106540002613E114E8F60C27082CFAE922E0FD32C4
:106550003BEE105CFE03100E0C05E82DF619201B17
:1065600019FD53F82C00E8F7E8DE0C2D0D22341C41
:10657000D6F7E0FE00FE0C3BFAD816212AE10A3CD1
:1065800013260420F2FCD619EB1FE1ECECECC80D4D
:10659000110305FACD3101E71CD502FE0ADA0D0A16
:1065A000111A0F0BBC060FE95F011FEC2DDA05294C
:1065B00007FCE4082DF52909F709340CE6CD44CC95
:1065C000D108DF3B4B38EF232FF507F809210CEDFD
:1065D000222721D8F41ECE1241F122232FCD16EA14
:1065E000ED26390D25CEF3F709DDB3EC18D6E01B07
:1065F0001CCD6BDAFA3CD712040A05E70C25F1FD35
:1066000020C9DA09052F08C524E105E9F649120A6F
:10661000EEF7FF1AF8160FF5FA012CCAED2F29E54F
:106620002BF61DCFF4200DD8CC132D3B04DE26EC29
:10663000FC0528EC3600430F07D412E911C92245A6
:10664000D227FCD03A0BD50B2308EBD0214B251BCE
:1066500016FC1BEE16FDCF102618142BD70C0BE5DD
:106660000F1701FC4644171206F7D4EC1C13F31D58
:1066700009FC09391FFF1C121F0620DED6DFDDD7FB
:10668000D9D615E7E50D76241CD412E21C1F1BEDAC
:1066900026FA012C0D15FAF336F1DBE1E90E33EAA7
:1066A000E40C111011281BFB0C1BE0E22DDAF11693
:1066B00031101C0F0F07000920062B12F0EBFB070F
:1066C00011F7DF250E0D2EE206E438C7011C0E3649
:1066D000E80DF3FE0D28E7E227DE2CB7E32D08E9ED
:1066E0001DF3300ED10101262DFB26E4160FE3D554
:1066F00034BAE3D02FED12EDF1F9E2423314E9742C
:10670000ED24E71C0DDD0CD2DE3924F5E8E5D6F0EA
:10671000021D1DEC133C0E0712091309DECAFD0809
:10672000F806EDEE1B0321C20FF425EAF6311A0438
:10673000E8F8D31F201C02143BF8FE17FAF706E214
:106740001E2FD5F8094921F4FBDBFF4DF3D9DB09F6
:1067500007CC02F6071729F2C3211E0F14F4FA140E
:10676000EF0BF8053FDC26EE0D231007E1E0F914EE
:106770005F000FE01E05090A4024E4DCCF00FEE7BD
:10678000F0F9FE0B1D19FAE2E8B133082041F63B9F
:106790001B17FAE92BFC24E22E16F9E2FDF1F4E7CF
:1067A0002E2034EF3BE9BE2D2DF7E72014BEF71A5B
:1067B000331D21EBF42AD51D1DBFD1234E16F155F3
:1067C000113EE6FDED0019B8EC3D25D12EFFE204A7
:1067D000FACF12D2F710C1EB39271E20BDF0EEF729
:1067E000F012DCF602F724FC75F6FA0A3419F621E9
:1067F000160D17EA2CEAD3FD1CECE2D9D1F6EDFA1E
:106800001F27220E2A05CFE2EAF22F34E0D13E15EF
:10681000E7F8DA28FDF6E9E515E5EB071B00261B8E
:10682000E6BFCD1D0DDD0616FEEBEA0B0C2524049C
:106830000D15FB130E30F1E7EC042BFDE700E40F20
:10684000133CEF230F0D191515E8D7F523002C2D58
:106850001318EEF0F1EC122FD81C05D9FE22071404
:106860001B345B050503F0FB220AEFEEF7C70B258F
:106870001BD6DDEC33F03B1CF8FA1AF407FB17E7E4
:1068800011230D1107F82DE609FA300135FCD70563
:1068900011E322CC0C25F10FFD0901F7C21934C711
:1068A0002DFC0504C324C302072EF2EB00F51FFFE5
:1068B00002D5EA2ECAE4FFCBF50EE1E925DE2F0F63
:1068C000E4D3E015F11DEC231BDB3C0E1221420545
:1068D000FFFC102A0BE2201EE8EA02D80A0F291F4B
:1068E0000AE2F4DD1EC80F26F60301D9EDE63B04EB
:1068F000291C0102080E120AC0181DE9F311F9F44F
:106900002D0D11F02533DF2300F3D42AF6ED1724E3
:1069100004CE1813FFF8D1EECF1923C200E70BE025
:10692000ECF6DDC8DFE31CE9FA1729F809CE04FC10
:10693000E0BAE00403E7EA011D02EAF518E8121DD7
:10694000EC27DEDD06151AF70E2743DA0AF620F1EA
:1069500034D9DCF9FDDFB51B2BFDE509041024E07B
:10696000DE1EED2F1F19FA10EA2BBBF9E4240C2CC4
:10697000C811C2F5FA14E8F916DEE5BF26EE0D19C6
:10698000B91DD5FA04FBFA14CFEA1EE3251A18D56F
:1069900018EA0A2633FBDB0DD5EEE4DCF6F4E2322E
:1069A00004DF23E7ECF827289EE0BB281D27EAD95F
:1069B00055FCD6F5B35D0CC6E016F8FF17E90115D6
:1069C000F6DD3A0404F309E50B02F6EEDCF53B1FB5
:1069D000090BDEED1B062BDC2D2915BE1510E7FF7C
:1069E000F6160BFFE7EBF3010BE811F8F1BDF7CD5D
:1069F000F1E425EAF8EBE4DF0C07F2F82C001CEFD9
:106A0000E4FEFCC6CD1FE9D11A20EAF51BDD1F16F6
:106A1000F3F808EEFBF4EA0B06D7F2E706E5F6D149
:106A20001FB9EE0B06321C0F11EAE6D7F808FED5A7
:106A3000D90ADB323F03D50721D610BEC5F5DB0CE2
:106A4000D9FFFDD620220F132C2D2AFF1BF5F6EDC2
:106A5000D4BE06320429B7E43F110B0B061306011E
:106A6000C0C318D80E060800E11E02DD0205E30EC1
:106A70000806EA1323311209BDF2C917D819CB361B
:106A8000D4E1F0DE16CB320112C3CBC6F8D60E2FFE
:106A9000CBF6F2F50CDBF8E9EF052B1F220FC6064B
:106AA000FE27DDCCE9E920D524EBF930EA1911EF16
:106AB000CADBEA080C0E274040F6D3F1F5A82CF407
:106AC000AA10C408EA08D7EBE70E19D51C220DEE70
:106AD000070215CEDFFF29210DCFF5C8FAE3FB0928
:106AE000BAD6D120E61A1A161118F3EDF5D9CAED67
:106AF000E00CCA04E0D0E1CC242DDEC7FCFBF80D8D
:106B0000F325CEE0F7ED32F40731241523E11F1F02
:106B100010EA1407E2FFD5FE37EA1E10DB1CE50A77
:106B2000B9D9EDE6F439F4051119EEEB01D21EF6F0
:106B3000EEE7E3D60D05EA0BF0F905FA1C19C7CA12
:106B40002AE7DDC2D3ED2A21FCEA0DEA07F5F43489
:106B5000F2B8EDB50AFBE2F5C918F8163203E828D9
:106B6000F815ECD4053CE3D904E5F3E409FB0D1179
:106B70001300EDEC200C0D02180B0D06EFD81AC611
:106B8000D42EC611F91E17A2ECD4EEDF0206F1FCDA
:106B9000FEFC27CFFB10D604EA111717D5171609EC
:106BA000132EB0F1D80C18DF1F23140526EE0E0E9D
:106BB000DACABA26E5C7D7F611E6D7F1CBDDCE1390
:106BC0001210E1E8C5EF1609F01609D801D9F5242D
:106BD0000E071DE905EA23FB0FD416E00C00CBCF0E
:106BE00010D90DDC0F0FFF0AEA0112061B00070186
:106BF0002DCEF100F2051116D5C4E328E51824E3E3
:106C0000D8DFDD04FF0FDD1C18EDD0CFE41E0F3AF6
:106C1000E5CCD9DC202F27DAF200F6E6CF0FFA0A0E
:106C2000E9230701FEE9E9BFF1E8E9EA2D04FCD711
:106C3000A9DF170C2A07E016E7C71C05EBCED91D04
:106C4000CC34B6F31FED08B5011E17031EFD1DC69B
:106C5000E39AD101F2031C1D1ADFD9E3059C07FF5B
:106C600006FDF8DCED0B2C00D32CED34FAE2D52038
:106C7000CA10D506FED021030107DA09E0E91404A1
:106C8000D7F0E2131DDEEC170D0002E30B19E91239
:106C9000E9DD39FE04DBDE18F3E3C419E2DCE1F9D7
:106CA000B62CE015D314BCFBFB0FED16120EDA1058
:106CB000F7F3CCFEEB3AF417BA03041C06EE3CE102
:106CC00005F7E6E022DEC6E5D6EEE8EA24DE1DE6BC
:106CD000E508FAD2D1C71E2518E21BF9E114F00528
:106CE000D91510E3DBFDFFF9DEF9E0DADFF9C51EA7
:106CF000DEDFE4B9ECF91D0806C0FC1DF7C0DDFEBF
:106D0000FEE114CF0CDEFD090CFF04E000FF24EFD0
:106D1000FAE2F2C2D1F5D2FC0FFF08EAE1EB33DC74
:106D200027311EFDDF2D15BFE012EADB28DBFCF466
:106D3000AFECBE2039D0EB2429C81AFDFFE42DF5B5
:106D4000FB12F4DA00D41903040AE7CAD604FF04DC
:106D500020E302F1F8301FDA05C6DF19C30CE1F3B6
:106D6000A92ADF25C41A273010FD2015EDD4F02004
:106D700015EBEBEA1B1BD72A1D06D8E5CB07EDE088
:106D8000D10B1D152E20E70B1602F9EBEC09EC399F
:106D9000E6E812FAFCDC0022FCB5150F1C1917DA24
:106DA000251E13E82A37D3E7D2ECF827F3A7E8F932
:106DB000FDEB1ED1FAEDCDF60D170007E5F6180133
:106DC000BCE4CD0BE8ED12FE100AF204DEE712F48B
:106DD000EFFDF6B81439DFE5FEEC3AFDE5E7E7F044
:106DE0001503E609FE21DADBF4EF35E938F2D4FECB
:106DF000FEC6F2ECE600030AEF0F0DF003D30BF62C
:106E00001D24DAE6F2FCE9E6D3FDEDF41FEBFAB758
:106E1000390F2BF2D5E7171F0AD106F333F801E635
:106E20000D2B3121DB15DEEAF62CF5E8022D1710CB
:106E3000030AF7D3D7200DFE00341509E8F7222204
:106E4000F224EE1A32163B2EE0EBEBE5C6F0E3112E
:106E5000E237FDEE18DB2136EA0609E63EE6E515E7
:106E6000EACCECE112E7DA1CF4D0F92C2B91F40710
:106E70000102E7EA18F90E0A05F1061B1FE11BCF14
:106E8000D7FAE4D9FF1FFFBB0731E3ECDCDC27199D
:106E90000616D60B01F9B0F23DD2D81506EBF9EC87
:106EA000252D18DF28FC17F101EFF6F4F80FDFF7B6
:106EB00017EF1808FAD80DE9F9FB051B1728E809A0
:106EC000D710F6C9E3010AFEEF14231F19231F0F81
:106ED000EAF5F1C2080C0B1C2FFDE4E6D72BE60AFD
:106EE0002615FFD41217FC0221ECE22216E8F52841
:106EF000F3E30BD6E6F9FE13F92B05020D08130395
:106F0000F211F0261A000517FAE416DFF62E2DF816
:106F100013DB25E0D8FC0DF701EFF9FC4010FCF67F
:106F2000F9E8DFD9D73C0FEE32200F1B1B9A0EE594
:106F300004A81421EBF1F8F11DDA0FD3F9EA21D2FC
:106F4000FFF8D6F82F0CFAD14A302BBF0CDB36FBFA
:106F5000DEFFEDBDE711E0E42AFF0A2FFBC4E4CB1E
:106F600004F71C2DDBE4F4D4CDE4E22A08E31EFA96
:106F7000EF4A11F4FAE9DA0EFEE9DDDBF70B191539
:106F800013E823F210EC20DA1A100CE3122BD504CC
:106F90002539F1CD20E8F2F7DE12391D0D14F22C5F
:106FA000E6150EE10AE13CD2FF1BE6FA170905F7E8
:106FB0003DB10429D0D315D815EBE633E50A1D30D1
:106FC000D3EA020AEF1409DA2DEBE6E5032D2FDFF1
:106FD000DE9C140403E9F821CAECFDBAFCD8EB3AB4
:106FE000DAF916C3360C231FF8F1022118C60BC4B8
:106FF00016D90A040F29031F280A0B07F7FE3103CD
:10700000E3FBCEE4DF122B07F2103B110AE7D300BB
:10701000FFB1FE0FD0E5BC2546EF092022F116A9ED
:10702000D8D9F0FE28041FDDD21B27C31AA7313799
:107030003DDCF71BF12A0F0A24EA2F2813D5F6F8B6
:10704000E23A0A2D1DE4EE07E33FDBE6062A5E2C5A
:10705000EE1811F01E26002CF3BA2E2B2C131D2334
:107060001929DA27F9FCF3D30A10D2290ADEE0FA4B
:107070001450FE27161BDF06EF21E3E70FF115077B
:107080000DED2CD7090BFA300D19DC0DF147E9C4D1
:10709000E402ECE5EECCEE1B15CAE1D517130BFAB2
:1070A000F515C6CAF136FE2E3DF52C191CDD0DF77F
:1070B00015EAE4D217EF1CE5F1C2C20EF70019E39E
:1070C0000708D3BCCF0005D6E82BF9F12CECF60964
:1070D000F0F3F7D936D4B01507F6F10EF4D8E7E39C
:1070E000E538D823012FFEFF240B240D1DBE27E118
:1070F00002FC2E141E0A041B10282C2209B406D4EC
:10710000E21CEC34E72F01E9E91BE2C320D2302175
:107110000822F7E30DF7E2ED06AA33EDE5D707DD28
:10712000E6E53333F41924E5CDEBFDFFE7103AE54E
:10713000EE151E1C1AE62528D20E24120DF102327D
:107140003225F1EDEFF332E42ED1F4CA05EF20F24F
:10715000AB1CEA1024C7141F01E80801F6E615214C
:10716000F1E9F800E617070B051F20F5FEB6D5E993
:1071700006EC0200E6D3FECEDBE3BC0E1AC2F9B980
:10718000D8F8A60607E40BD52C1F140720F0C2FE82
:1071900008DAD0E71DE0E92CE50DF6E0EFE5181878
:1071A000F304E41A13D9E102D826E00DE01905F042
:1071B000DDF7F3CC0A0113E8D315E727EBD7ED256C
:1071C00015E621F9180A3A34FFF80FDFFBE9110040
:1071D00034082B1DFF00D720F0121912BFEDF0E08C
:1071E000EE322DFF0FECE3F539E1EBDAE0F6DB0CE4
:1071F00011F6031533D3072601D6320932D6F1E949
:107200000ADBF0F0D029FC15DF17EEC620D61BC52F
:10721000EAE81CABF81ADF20FF3207DCE9D7022CC2
:10722000C402CA0E0D19F8E51EEFFCF80B00F612A9
:10723000FCFAF9E2C91ABDDDFCC22C05E7DDFE0A45
:10724000E6BE2FE69435BAFCFA09D9E4CD12E50E74
:10725000E7D2F20FC0F90FA4E60DD109DFDCE80197
:10726000F901F4FD1BCB0735E2BF1E3BDDE0FCDB83
:10727000EC16F4CBD528C3FAD80008FBE821F3D6E6
:10728000CE1ED60210D007E006BCCFDFBA00202BFE
:10729000D60AFFD7E811D4BED4D40516BDF6DFEE6A
:1072A0000BFE3BF02C43FDE3520E18D23017311D7C
:1072B000E02CFA0816DF2E392DD7DD0C04D20F1D75
:1072C0003BF7F0F2E4F0DFFB2C26241221C105E8A5
:1072D00045BF21F6EE30E3F21CDBE80A09C7E32BD9
:1072E000FDEDE30D15E92AC2FD06DC9BB926C5FCC0
:1072F000FC1E2BD4FAF4F30F33E5F0F2F0D4F6C70A
:10730000161805D8F2D3AAE7E0D1062CD3EC05FE77
:10731000F7EFFACEDAFAD2D831E7EBED11DDDBF692
:10732000F1F3E200E613EF0A22DC083828CB20F55F
:1073300031041CF8063FEAD2DE2B11E0D10AF6FB3D
:10734000CBEA01ECE408D024F8BB1F17F1050023B9
:1073500005E3C817C619F32D0B003BF703F8D51644
:10736000241630D309E501070A021B2117DCE9FCCA
:107370001E2DBA19EAE2264DF9D50E201DDD1AFEA2
:107380000D0E1492ED1E1615040F12CCFBC110C188
:10739000FEBAFCE3154115F7ED24C8FAE4B1F3EDAC
:1073A000F1BF05FF27C6DDB4F801F60106F7DB36AD
:1073B0003B1CE4D8D031170F3A0C1B09D0D4FAE0AB
:1073C0002D08081DDBE6DD18E3C21E3911F3121388
:1073D0000025FA0008FBD63ACEE90C08D3F520F1D7
:1073E00002ED19F517FCD8E713E2DB041614FCE1F3
:1073F0002531F3FBD20002EEFC2B19D8F429FB094E
:10740000FCF61719CFECD7F90A1A080B0C02E91091
:10741000370CFA182CF7332336EEF2DADBFF0DF9CE
:1074200018082DBD0020F12602E4FCFC37FB39CA08
:107430000608B7C70DC00A21FDEBD5DE400816448B
:10744000112DE8D220F32C0C390D2A2109EAC8CBE2
:1074500025F7FDD3F0F7D71513FC07E1FAC9F711AB
:10746000F9BBDEFFF505F303FB22ECE0FF07E51DAA
:1074700026200AB410DE031738EB1839E6B2E6F21C
:10748000FDD33111E9F8B701C6C8E3F0D90F06EE14
:107490003534E91CE9E401C7A516F7D40002E5D9A3
:1074A000F4C3E515D015F7E735DBD22126F715F93A
:1074B0000028E202FFFCDDDED21600CE23F3022A12
:1074C0001B110812040E22F62FCE1EC92735D60234
:1074D000E4E7E637E027DE3400032030E3FDF9EC93
:1074E0004225EAD01E1207EB2B02003A360A1BCBCC
:1074F0001556FF0114F90D2E11FC26F90FDF171197
:10750000324B1DC718E524251FE515EB22B5D79E84
:107510003BEC12282CF9D20FE4F11D33FF050FFFCD
:10752000DDD2F12BC717E5B7C42EFEB4D1FAF0E3D4
:10753000F117319CC007C1D225841142D1C2D6F2C5
:10754000000F1C03AEFBD307C0D5D2F7B51008FB64
:10755000F1E5D9F1C0B21308D60C0B1222FFDF12ED
:10756000E19FCBF904E61B1B220ADF3DDA30DB0486
:10757000D9311A051D3D1C1C032211DD223FF6FDE9
:10758000FD161EFEDF0BFF0E010203D5181B1207AE
:10759000D4E6C80B1311BEF8FD15112E1E0505D635
:1075A0000114FA0E3DD550ED0E0FD7130AD2E22387
:1075B000D90ED0E715E245D53C1FF1F9191AE80FAD
:1075C0001B14D3DFCC150D0AF62E020B13FBC2DD04
:1075D000080B04E20823E3E2FDB9D514C5DE191156
:1075E00002D7BE1FE4E620B9E02716BC9FF6C221F1
:1075F0001FFEFAECC30DEED90BE104F1DDFCCAC0AD
:10760000F3EDFADE05C3C434D4E7E62B131BD2E650
:10761000DA01C018FCC119EAF6F2F10FFBE7BDE28E
:107620002DEAD1050EE9FE0DCE0A1F3422E0DEE67A
:10763000F30EEB0BEEEA2A161C2A1E111C1DD01CA1
:107640000A1DFF32021EDAF418CA122410ED27F7C1
:107650000304073AE916C91CDC2028CB39FBD9E51D
:107660001A1AF500EAEE202A081DE8D2F12C16F0CD
:107670000927F7D2260F351E16E1E6FCF3ED0CE5DF
:10768000020509D70AFB19CDF22315221CCDFCFEF9
:10769000F1F3DCC21F1F01212BFDF407DBF83407D7
:1076A00015E7F91FB7FAD312F9FDFCBED0CBC2F72C
:1076B000E7EDE5DC0EDBCACB030224EDBFD70AB34E
:1076C00009F31F1FF6D30017C3C0CE1E003E263994
:1076D000B41DEFF0FFB3F6180FDDE2EE27F1C1287D
:1076E000E5F8EB2111FADAEA15F60606F0DBCDED46
:1076F00004F0D918E8310303EDDDFAD20B0A02FADF
:10770000FAE402310CE33B31F7C6E604100ADC2749
:10771000D7E1DF29FAEB1701072AF1151F2611D04F
:10772000D302D010240DFB24ED3EFFDA2711F8041C
:10773000EE0503EF132F07DBDFCE2004D721E3E4B0
:10774000FC0A05E6EF16321A103C02E521CED807F6
:10775000F46921BFFFE1E712EFE3C435E6BAEE17A3
:10776000DB15EF2ACAF9FBD5F3210DC9D7EDC9F412
:10777000EAE51FF2B7DD08B9A7E4DDDBE19D22BD34
:107780000D030CE017A0B108DCD0CEEFE5181E0BFE
:10779000CF22B624EECFC9C0BE02F30A09E9FB1618
:1077A000EDAA22FED4C11AF619E7E5FDD61EEBF4C8
:1077B00011D007DAE1E9EFF1D3DB18B6DA330EF5D1
:1077C0002517DD2BE6EEBB2A1B040DDC0C23DA2388
:1077D000C6C9DD3D03D1090BD60908DB1A181EDB2B
:1077E00002351004F62BF2CD2128F2E52011F4F138
:1077F0002CD0CAE817E81A34FF1512EDE2344F2AEC
:10780000F62CFAEDE5E200E1E7340312EBDBCCCA3B
:1078100016FA04DFD4DFE10202B9020D03F8EEE14B
:107820000ECC13E5FB13E9E11520E0CCA61DC4DC6A
:1078300012D7E5F5F3F7F0DEBDA907D0AEC100C55C
:10784000D0A5BD1CC910D119F6CCB5160A07180869
:10785000F309F20F07E6EDC9810116B6300AC3DA63
:10786000D2E8051ACB27ED0B10C1F9FBE508F0FBB8
:10787000000BCE25E2DA19F8F915EA130FFF18D735
:10788000E8E4F4EC2617E8ECEED931DFFC05C62E6F
:10789000CECC2A5204EAF3DFE70802F7CC1324F82F
:1078A000413E030A24272A2100092CF9F8DAE9EDE0
:1078B0003528180E192B0102FCEF02181C2B0FE0C3
:1078C000DAE7FC141A05DF20E5481FFBEBE5EE1CA8
:1078D000F6D2231D1414EFEC1118C434E9C4CF1BE5
:1078E000FFC2F225DEB2B3E7E1D8DBDCC2178B269C
:1078F000F11F0E98AE1500DFF7EBF816F2F5EEA7C4
:1079000003C3C10F0917CB01D212DBBEF9CFFAE4D2
:10791000DCED06FBCBF02DD0981715DDE1CEAFE7FF
:1079200028FEFEF4FCE9DDCCF3B31F1EFF12B423E6
:10793000FAE42028FEEAC700EA2FCEF1D6EEE803EB
:107940000615AD29F616F0C822C9E221DC1E0D2469
:10795000FAE0F608FAD2DC0922F6E730C827FD077C
:107960000E16E52226EE332502FE0D07D20A04315B
:10797000FAF80BDEF3BECC2E131CFD13052734E3FF
:10798000210D00E3EBDC01F6D3111DF0EFEA0AD084
:10799000F8FCEA12F3D706E3D8F8EE28EB1EF3273B
:1079A00017140B1AD4BFEF01D5F3F1CBC6EBA1FF2F
:1079B000D2E7DCB3F60B19E418C205EEEE22E4D1EF
:1079C000E3F92CE2E8DDF6E3B7D1FBAAF8E539E408
:1079D00000C2C7FE011626C8D1E6ECC2C6EAEE35E3
:1079E0002D04DE15DA21DBE1EEB5F41BEE3DCF38D8
:1079F000F52229FE0517F203000EE934F8BEF82837
:107A0000FDEAB11804E8ED0D06F61436E7130B078E
:107A100024FF05190F05AE0232EC17DEE61DEAF56C
:107A2000191836ECFEDBF92006EC0E260BF3FE06E9
:107A3000F8F618151898E90F24FDDB07D4EC23EDB0
:107A4000151B1CEF26090C1ED0431A00E81713065D
:107A5000C63E2DE4FAE605E3F43DF1F216ECDDD086
:107A6000F7F425F8B5D2E91ABB00E0C3DF3EF40213
:107A700011211CB9EDC0B9C1F9180B1A0AFCD817AD
:107A800004232EC42BE7CCC4E4F49F293D990708B6
:107A900015B4DFE4CB19EF06DDBE25B8DDBD013935
:107AA000DD12F709ECFBD4061ACEFD07E2FD0CE56A
:107AB0001B25EC0300CBED43E5E5E107F0CD1CD140
:107AC000E512AF35E20F18F41920FA05D517121C8C
:107AD000071BF126EC2EA2FFDAF91A001F1E20F771
:107AE000171EE121FC09C91AF3D8E40327F2D62FA7
:107AF00009E8C4DD1ED5ED10E7E5D70FF3EAF9F983
:107B0000F9F80CEDCCF1E6EC15EF1323FAF7E913D5
:107B10001D382C23F3FCFFF0EC0BEC1BECD5DDE463
:107B2000F5F3E911FD0C2101E8E9E41ED52DDD187E
:107B3000E127112BD3BBCFF014D8FBF203F4E2F70B
:107B400002F623C3DCEAE7E711CAE3CF19C913E061
:107B5000F7DDE8E0ECEE3410F1F5FF0831DB073F2C
:107B60002B01ED10344113FE00F40C023016E8E155
:107B7000CFF517EEDA19FA1F051615FEF3EC10090A
:107B8000D41B9EE1C407C9E50908151A17EDF30CCB
:107B900015F52DF2F822FCF205302621F31D141CF8
:107BA000E52B11C2F11316000D1CE40C2304ED1C8F
:107BB000BD2EF6F8E2E93027FB031A0B1FEAD41CAE
:107BC00020EA0E450519F4EC1CE5FEBBFD1916C5AF
:107BD00023E141D20C22DCF10D1AE7C02D083BF75E
:107BE000C7A1C3E6D9D00919C7E9E40C20253DFB9C
:107BF000CA281205FA9EE0110F004B1CDA26E9F59F
:107C00000C310D001013FCE5EFC2273A16A5EBF17D
:107C1000FEF7F0EF0CFF2430D7DBBED9FD071626A8
:107C2000B2F1F2030F1922F60C2EC902FDD82C2D49
:107C3000FF300AF831D916240415FB1AB82FD813CF
:107C4000CAE4D434EFF514EDF0163420F9320CF711
:107C5000F1FC200D2EEDF9F81F06EAED20F810DBFF
:107C6000DEC6F10A2CEB0AF6FED8BB162C0DC811A5
:107C70000622FAEE240C29F2121D2CDBFD2BF30454
:107C8000F6F6CC191D2FE5D0E0D6E601E1E4ECF5DF
:107C900003E92505F603D314E70906A41612FF012C
:107CA000D2E7F2E9D2E612FFDE2BEBD0071525F47E
:107CB00008D3FD0EFFBBD3B30D05FCF9DC22D6F7CC
:107CC0001D24FA031FCCE10BE8E21EFBE8F813B019
:107CD000EBF6A6F0D814040CFB03B0AD14DED70409
:107CE00018F8C12F29E1F3182FD0B92332F5EE2D62
:107CF00015DD3CF0F5F5172A38F8E208C618D0E093
:107D0000CF2BF6EDE3FDED2823DA4725112CE026F5
:107D10000709CD01DA29E8E9E303E0E82B411E1564
:107D2000DCDCF8D6F9CA1AEDFF23C9F51B21F5F3FF
:107D3000E0D40315E3FDFDE7E0EFD812E818C32413
:107D4000E211F5DBD9E8E9E4FDCA22E306FDB90258
:107D500030F8ECDDF51C0A06E21ED0EAF21EFDD575
:107D6000FCA8FBE8CFDFDAD0010CEAE2150721D549
:107D7000FDC1FD11DCF2C9010F28EE13EA0AEEFC89
:107D8000D70203D0D21A44FCDFF03C03D9F3DB2046
:107D9000090FE8E7F00CD5DD1EE3DCFB1FEA00E984
:107DA000E9FCE627FCF629D73102082508DD31E297
:107DB000F7C63236EE17D604242C1C0505DC080461
:107DC00006FAE50AE612F73E240CF725E6181D161A
:107DD000ECCB161BF3F6180EEDE710F928EEDB27B7
:107DE000DEF3EAF305FB160A140CA6F2DF1CFAD840
:107DF000EA341CE7F90F36C2370C30F8C403B0E19F
:107E0000DC26230520EFF92FE9FBED1CDB30D50044
:107E1000D51CC1F5EC2EE33CC9F611F3240CF2F6A7
:107E2000CFBD1B030711EFBCE8EEA8A7333DFF0B46
:107E300006CC0B021C1DF6FBEC000AE5DCFDDFC9DD
:107E4000E301DED9FE31D00F0C2207F41F400709F1
:107E500013E9D4172E0602E8EEEC0AF722243126A5
:107E600012D9BCF6FDBE0EE5252BC025E10C1EC6C1
:107E7000D319BE2A26FD2007DAC02ECDF301E6E590
:107E80000BFEE02F04E3F4062022D8E235CD1316D2
:107E9000F21D1422E004003B080310E4EF031D1C54
:107EA000DAFED3CDF5042DD1F5F6FC18F8C71BEF9B
:107EB000E3C0D8292C02F8C0E531E00603CDF3F089
:107EC000050AFCE00D04120A03D2272D0F17ECC699
:107ED000FEECE0FD20F0F6E8114317CDD41912D7DF
:107EE00027CBEFE8F2C2461BE8FDB1EFFF18EA101E
:107EF000FF09222D2224BB191BFCEEDED301ECE787
:107F00001505FD2BFCDEB6081CB4E32B17F5ED0AB6
:107F1000F118CE3FDC150AFA23EFD9EE36283917CF
:107F2000D2FDD22817E4180800F4D008FAE9EC04CE
:107F3000231DBAFFD6ECDCF6131305C9F6151BF2A8
:107F40000A08110428DD132816DB20E20DDCDF19F6
:107F50000B95E609162ADCF0E712FBC621EE1005A8
:107F6000CCF7C812C820D8252E0111DFD5D411FFB7
:107F700019DCD6C9EFB01AF908F0E3FD39E006E6DE
:107F800017DD0B0AF9F900D223FA14F6D302F8FA36
:107F900009E1DAF6EB1F29E105F7CEFC23BFD8CBC8
:107FA00014F2FB18DD21FBF6E6E7C1CFFAFCF9F18C
:107FB0000BF9281FF30DC200FF2C23E804FB03B9C3
:107FC00003242FF43AFCF824EFB3FF08F60EF11463
:107FD000E72CE3FEC612F12123ECD9DA38FE19D6DC
:107FE0000718CAFBFAF21331DD11D7BBE714F8F911
:107FF000BEDBCD392FD41E01FB1FFCD8F5040DF8D4
:10800000E10FFDED0BF7FB0D2FFB17D9F71CDD0F73
:10801000F2CBD11E2310D5FCF42501D52DE9F5E5D1
:10802000EE001A06344220D72605050D1833EAD68D
:108030001604D20B28EEF4D1E91AFD220BE2F6FF6A
:10804000DEF1F7FFD7FA06F016ECF2D70BD4F0FD0D
:1080500010C7F0EAF4282304EBCFD6DB040206E2D3
:10806000D0DD01F1F2F9CAEBFF21C8E2DC03E7E859
:10807000FF15DBFBED01C4F8F9C1020B0DE706E4C7
:108080000EC705E4FEF8EA0D1BC711EAD3E41CE8AD
:10809000FB2F0ED7F9E70CFEEACE13CC29F6E7D872
:1080A000E119E4EFE933DC0DF23400E239DEDDD52D
:1080B000F1DB07F52FF2F5FD150FE3EA18E5100DDA
:1080C000041AE8E3F3E22B1C1CF93AC82A2428120C
:1080D000F63E1601122E3A2E42E60AD1FBF30309B0
:1080E0002607F70B27EAE2F6100C3112CF270BDA3E
:1080F0000623C528EAEC0BDFDADFD905EFFFD50C44
:10810000DF1611EB2C1122F6DBF6CF1415B51DE2AC
:108110000C19F10C0827EB16DD0EE8E2D5E613F892
:108120001711FEEE0AEF1309DEE8E4E0280EEBD2A9
:10813000CCC6E3EFD113042FE6D2100BF110D8D147
:10814000F41928C4F72B181A11E4F2EEF81521F3EC
:10815000C4CFBB1900E00A03F10D15C6F8E5E4F938
:10816000DA0904FCE9E11CFBEB02324618F5FDCF0D
:108170001AF8DFE62FD9DD0D27E7210B0DC43705EF
:10818000FD2B1ACF26DC2AD5FDE4F42F170FFDEBCB
:10819000F1280DD320DE07FC2400DED70B051411D7
:1081A000381BDC15E6CEFEDB25FC2EC0F62F0327A0
:1081B000F40DB6181121290DF00C2BFACFFA080C8A
:1081C0000AD90F34FCD1CDEBEF181741BB0F3F0597
:1081D000FB1F09CDE5FCFA06EED5FF0BF8E4E7310D
:1081E000092C0920FA02DAE21ADDA51D040EE5FACF
:1081F000C94EE3F60AC9F5E31BE2DD0BE51D13E109
:108200002912D717F3E0EC080F07F00F2609F12128
:10821000E2EEC10005E14306BBEE37D1ECDBDB0249
:10822000ED2908F41F2735E03710FA2F1F00F5D28B
:10823000DDD0FD22013112F6D2000911FEB41B0679
:10824000272912FCDB0800E100181A002D22FB0789
:10825000E1ECED15E0EB1716F10FF4FA1BEF270830
:1082600035F0FA1D1BF30F16CA18F9F214EAFAE0FA
:10827000F5BA0CECCF00C727EE27EF0EEA12D9149F
:1082800012DC2A17E5F4FDF3F907E1DE0FE447F10C
:10829000C8F82AD00608D4DFE2DDBEE315C1DBEC66
:1082A000DBFA18F405BCF9F6C5F61E1E0C19FD2AFA
:1082B00004F8F7FD15E3F8120B1ADFEFF319CE05FA
:1082C0000BE83E0F2CE7EC250CF5D8F72BEF26FF3B
:1082D000E815D92EE61020CBD332401D0B23FD35F7
:1082E0001C15E2F8EEEDE9182EFAFF1E06C5EBDAD2
:1082F000410A23021621D8140E0DF8E8E00D18E902
:108300001DFE0EDC0509E915DC05E7E0F7FAE304DC
:10831000E51039EE0234243AFFE6DC11F6F11126BD
:1083200024DEF121E5DEEE1CCDD9EB0FE91D1ED4D4
:10833000A0FEB4DB0E1814F505F5D8E62C070707E8
:10834000230D14361DFDC600BF0DD10D04CE07B49C
:10835000DCA2FEFE110333F6F9C5CE1E030CEA368D
:10836000E8FC1C341CFE0DE1FEF5E3BFFB0DFD1324
:10837000051EDA33122CDEC4CC0CF531D4FE2D20D0
:10838000120C39123BEB1741D30D27F5F6172408D1
:10839000CEF0ECE813D116EFE84911D2202817E906
:1083A0001CFF16F8E7D5ECFA0625D02034EF1E02A4
:1083B000F81EEB192E1FEE08FB10260BEB1EF60A1B
:1083C0000AE3F21DD7E6D9FCF908011222E71737B4
:1083D000F62925D5EBEDF9F9CBDCDBFFCE19E2C8A8
:1083E000E9F3D1CB0EEDDE061933D807D7F7EB0E44
:1083F000EECC980909D02CD8FA1C0F1612F11A0AE3
:10840000E621E93AF706C9C0FBF7E6E72B0602DDED
:10841000F91727170F0C1DFCE4F5E81DF7DA0AF62B
:108420002419ED290212F4DE090806F4FAE3F10733
:108430001DDC0E03E1FDD71E08111BEBFB37E9E63F
:10844000F9FF23EC272F24F2301A302F12151E1EAD
:108450002DC715FAFC06F827DE0B192C15E92E1D81
:108460002E002DDFE5FFEC1DFD00D6D418CEC5E6AD
:10847000F827C80106130EFC4009E10C133ACC089A
:108480001914CA33ED2BC002DAF5EE200C2C05CE00
:108490001AC70DE6220EE0C308EACFF0F10310E898
:1084A000D3F6D509FE1FDEFCEEDF13F0E9C920BECE
:1084B000F21EF007FEACFD16020E06D0D6E81CC672
:1084C000EF11131B09E80707F803E723F82E39EA31
:1084D000094AF4D2D7DEFCCA1BC3F9011EF8D3D077
:1084E000DBF4D7E722EBDFFD1F25F64422D722D2AB
:1084F000D0032741DDD8EFDE1DFB0823FF0306BEB6
:10850000E8271615083724DDE2EB3212E3D4E7E062
:108510001E18382B2B0B170A0F19D415EEFE351D1C
:10852000001BC83208D70D082BFBE32AF31B1DEFF5
:10853000D040EB1BDAD2EAEF08061B2E2A35FACB25
:1085400009E72D24D91EDD17D2D40135DE190BBC65
:108550001407070CEE0EE61C2111101612C909278C
:10856000CAE71521001513F3DF13D81106ED1ADB46
:1085700025EFFE0A17EB0AF0184AF40324AF0CD2D9
:10858000ECFDB60C1FDB1FF60EFB2F1D9F5632CCE9
:10859000F5FC0715EB2AC7DA05C9F91507F301E55C
:1085A000DBF30D171CF4E81CB9121211210DEE13A8
:1085B000DD1A1B2CFF0BEAF7F0FF2218F939D0E97E
:1085C00002F642F131211D31321A254EF5D1F5EA7C
:1085D0001BE42404D701171E1AE300E3DE28FCC3C2
:1085E0000201C501DA090E202A040438E105F6115A
:1085F000000DD612D0FFBCCDE7E41B1EEF0AEE073C
:1086000015D32D003F1621F30707F64BE7E8E627C1
:10861000E619F1FF09F2F4EB06241722FB22C74604
:10862000CCED0E1BFAEAC101CA14EFE7FDB1D4C4C8
:1086300011C5EDF110DD261FE4EEEDDCFD07D1D113
:1086400007F4D6EFECFB1704F7C0C9D3071724F9DA
:108650000AD711F800E7CCD0C803E7D107DADAB4BB
:1086600021E0FC270BDF0FE2D9CC08D40E3CE5E972
:10867000181DD34F00DFD729D91EF72414F1CA1BC8
:108680002426F9162611FDF4D4F02923F92B172FEF
:10869000352412ECC53B26E52026D2D7394D46DBE2
:1086A0002B02F2101807E7EBCB39BE11DEFB23FBE0
:1086B0001205D42808E7DED4F6141DEEF10D08D318
:1086C0001B1B29EEE8E50C1CF5E31406CE0EE61B99
:1086D000ED3CD80DFEFE2A0613D829E60718120332
:1086E000EA132FFFFCCB03FE1E23FA00D5DCF0FDBE
:1086F000FBC8DFC3D916C5F8F4CBD908D5EAF9DD34
:10870000D3FCBF02AFFEC2DCF00F0E2CE313E3E795
:10871000290DCAF506E3ED2D0C0BFEE0BF0E080493
:108720000900E8054FD31C20F4C6D40A19E637F631
:108730001830DF2B14310FE4FCEECC0E21FDB6E82F
:10874000E93A173925DEE818EDA52B1CF01CE6F3F5
:10875000FD0FF63DC5F100E8EA13F9F31C123AD219
:108760003E9FC1F3CD0C1710DF2BDD16D119F5D9C3
:10877000DBFDBCDE0C18CCE90B4B29EFE6EA230C41
:10878000D8000E2805EE02F1F7072AF804E826FEC5
:10879000ECFFAE1AF115EAD9D6EBFD1010E5090B86
:1087A000BCE6DAF028DCD1F1F6EAFB302ACF12CCB5
:1087B0003E2324E71107F5D908CAF4D7C7E83811D2
:1087C000E9D3D8140707FAD0EED6CD30D6DEF808B4
:1087D000212EF8F415E11E37F4C3EA0B19E3DDFC92
:1087E00002D707EC1CBEE11B1F0EE6FB073F38F665
:1087F000E01C0517FE190E10DEDB15151918D70F32
:10880000E000F302EAE9AE0D29CE2F1CCB182605B5
:108810001A1BFB0105EFF704FA17EEB109E120DDA1
:108820002BE9D2FCE6C5FEF2FF081529F212F4216D
:1088300013040C0B1C1CE7F2EC3EDCF523F03311A7
:108840000CE907D218D62DF40CD40FF123231F1FE7
:108850000017C631EFE016F1E217FAFE11D2132429
:108860000913E4ECD2041CEA143412FDD6EF07EB32
:108870001DE0DCFB1AD9E1ECF00BCBBCEEF30F11E1
:10888000E119133EDD06F2131108FCF5050DC1E6F2
:1088900011E0D6061924E122EB01A4EAFE11EDCE87
:1088A0000313F0EF1FDB2FF10216F669F61E49E302
:1088B000F8F6211CEF1DFCFAC8012705DA2BDC4174
:1088C0000A24D9ED252C0BF213F10007D4F5C3DAF5
:1088D00025FCC73DEC403EE5EE14F2C445FF3624CE
:1088E000F6BCFC04F1C5F21DFCE3EFEBEDF3E0DBBD
:1088F000EEE9C1400429D93CF3CF15B82A1804E9A0
:108900001CED01F600E3DCE9FCF5EDD1E514DF092F
:1089100024E1150EFB27CB1C0A11FCFF3B06E5F5F5
:10892000F3FD0114FF07E7E807F4FD09F50F0DE07B
:10893000FEEFE6FDFA0404E7F6F91DEEEBEA0DD1D1
:1089400002F9DB1BDAD904E8F30510211CD7E4CCCB
:1089500008251434F732132D1E20BA071CD215D85F
:10896000C2DCCBF72BE912F60F1CFA0BF51DFBE16D
:10897000FBF4EBFF0222D2001FE4202CCE01E2CB5D
:1089800037291F1007DB06F7E9CB1A01371D170A35
:108990001054C70FFE12F0291B312EDBF5E8DCFC6A
:1089A000E41524F2D0E31412092A0D03FEE8DDCC0D
:1089B00020092C030A201036CCFEF8F4FDFFF01934
:1089C000DDE2FE032F0614140CF506EFD922202752
:1089D0001E09FED9DB0BF1251F0D0CD8C210F60DB8
:1089E000ED00050A1B393341CD29FEECE8DD340BDF
:1089F00016D00FC913D2E50C2B0E1D23D7E8DDEBE3
:108A0000EB1BE404DBEFD4EE0A040FE40C2FF806B2
:108A1000E1EFEBF1D9FA0E2107FA01EDECC3E22008
:108A2000A61F031CE5ECFAEA200FE50AE917D13F7F
:108A300002F51445F115F01FC72B1700FED726E7E6
:108A4000211EFAEF480D10362BF2EAE6CE3EF7F77C
:108A5000E447E608F1DDFF3B0D25021F39F7F1166B
:108A6000001DF80D21081EDDDEE6FE330A1944C2A2
:108A7000EB2006FCF2CB2929172B15270D21F62C0C
:108A8000FAE8D8CE00ED2A15EAD0F6CBF414331864
:108A9000CFF0F3F9DFDEDB1CFC2B01C70704010F6D
:108AA000EB19E3C60C021C15180638EF251BFC1247
:108AB000E302090DEDD80DF0CE2607E4EC301FE2FD
:108AC000220C1D1CFCC908F2FAE6FC20EC1B0CEF82
:108AD0002AEB26E720ECF80924DB1806D0DAF12887
:108AE000EDF2D2F90407DA32F8290F2EEED7E2E3DD
:108AF000F8F6ED012724F5FAEBEF0D15C2DB301681
:108B0000071623FA1810FC190EEE0EF9E00EF7F313
:108B10000428131910F72220DA1DF20A290EDDEDC0
:108B20002DDA23E81106F11B191FE843D2ECEC0003
:108B3000D40C0B14E91D250FCBFFD3CFFB19002755
:108B4000F8D1C41CF5D3F5D2E3CFE5D7F6CFDDCF0E
:108B5000F6F7C71C1DF3DEE9F4FDD214EFEB0BECC6
:108B60002B000BE32019D310E8E52DD0F3E2FDEA4A
:108B7000DBE4CC10DDF3D915323C220BED1014FDF3
:108B800006EEF509232B0FD91CD5151E25EEE7F6A9
:108B90000711E4F3211101EDDCB216FF22CDD8F963
:108BA0009304F0EA0523E62046DB320DEEF8DAFA0C
:108BB000381E06D90018EAE30805E2F3D3F4F8DF1B
:108BC000EF0823000B2B19F31609F0EB08142E2ED7
:108BD000123A103D0F05EA1FD4F7220B1C220F0892
:108BE000F82148F6F5E316DF1C3B0EF3EB0221D427
:108BF000F916DFDBF81A0CE5FDF614E11F1A18DD93
:108C0000C7F2CDE3D71DE8D4051CF20FDE2905021B
:108C10001A16CBF5D7EBC20718140DDAE50BEE02E6
:108C2000FF2607DBD20F1FEE11DED9DBDCEF0DDFF5
:108C3000FF09E90ED6C606D01FF90A1B1911C52077
:108C4000160EF2EE3D02F0E3F2FACBECEFEA03BFD0
:108C5000F0D009BDEBF916233108EFEB06F91A2C19
:108C60008F0997D13B280B1120DADDF23BEAE3C3F1
:108C7000FAF11EDC07EF2C2B2AE61A00E4122A1860
:108C800025FECBE60CF3E4E90B151A0E2729FADDD5
:108C90001CFB3E360FE316E2F0143A02E72D241DCA
:108CA00020E33AC1150CF5100D23D11F0E0B27122E
:108CB0001D0FE6E701CFECFC0FD302E9061B1B1EDC
:108CC0000BD4F107E12F0EFBEFE4D71DFB0C0D05D4
:108CD000E60E1303E100E5143201DD10E9CAA9E153
:108CE000D6130BCDE4E1DEF4EECDCBC1E7DE08E632
:108CF0000DF41AE40720131A261DEBCD1A1EF7F700
:108D0000E6062ED7F3E80721CDE4EE1827EC04A6FB
:108D1000023924070FCB1BDF1920162A1715FE3046
:108D2000BAFED3F7124F16BAFD0D0D043403F4F951
:108D30000F29DEEEF54131F30CDECBE1D5ED2DE56B
:108D400024F21723F60207E00244070BFB07CCE5E9
:108D500031D8EED816D513F9D8022133F81D1F16D5
:108D60000B0815FC2217093715FCE9CEEBE62D1A86
:108D70000CE11213E2070D2CE2CFEA30FF030930B9
:108D8000CF01E71810DE0BD8C4080F19CEF1DE0CA6
:108D90000803EFC706CA000DE522EBE308F9CC276C
:108DA000E40822DC0502E1F624E2F8F900E8E3DB5E
:108DB000C7EB070EDBEAE1F90E10060E28EC15E50D
:108DC000E624F201EEF43E1728002DFE16B9200C21
:108DD000270DEAD11BEB12162C0FD8BCE84114F872
:108DE00034EC1AF722EE1AEDE1FF240B05FCE92F13
:108DF00028FEEEE5F4DBE1EEDC0D1EF0D9DD11DE40
:108E0000E50613E4F21B08FB1DF4CA44EA1504202E
:108E10002914F72108E1FB17D401F6FEFBDE04EA72
:108E2000DB0B0A0730FCDF1D0FFF111708EFE8FD11
:108E30001409050DD6CFFD0C03000503171600DE3F
:108E40001B0303CD1BF8F7DDFDF5E8F71CD9D0189F
:108E5000001A3306D6DD1E0817F50EF00FF70227AD
:108E600015C60BEF01F313EBD2EFEECA1B1DD500B5
:108E70000CF00E0EF412F41EFAF5F4BE07D807FD3E
:108E80002ADB05E8ECE43212E7C4052321C3F737F7
:108E90001817300F382EF037E744FAE615B10B31CA
:108EA0003C30020C46DF310505CDFD26F8F41FFDF0
:108EB000E40F16FFC61206383B1A0FF0BC272EC867
:108EC000FB312B1A1C4F10FCEB2BC7F3EE260B11BA
:108ED000DF202FEC14F62FDE0204E8FE0BF71C3C1B
:108EE00000FA2AD9020929022D0B0F16F80920F7DA
:108EF000F01DF82FE722ECFC101F07E1D40CF6F26E
:108F000027CC01D20906F8D3B5D9E50DF01BEADD6F
:108F1000210D1901F9EDD4D0D7F501CEF3EAFFD533
:108F2000C0C613DCDAEDF7170CF718FDE0EE0EDD26
:108F3000F6D91CFEE90AE6D4EDFFFBE3B5E0F3EC5D
:108F4000DEE92C1529DB310DCB08163DEAEECEF813
:108F5000EC0F17F4E4DE14EEFF2B3B12FAEE1FEEDB
:108F600032E82FDBE6F50A2E07E6FF23EFDAE1EF22
:108F7000071C2FE1DD29F80F13E9EEDFD63B36EBB6
:108F800037F8FD06E524D620F124C92FD5E7F00DEA
:108F90001B1BF0011D1A0BFCEC09FDE20923230B3E
:108FA0001AF7F6DF11EDFD19D93213EDF2D0EA27E9
:108FB0002CE60C09EE11D620E52D0C090504D80B82
:108FC000D7E1D8F204E112DBEF05E3E6FA1B37063E
:108FD0001F2CEADDC9C4BCF716FAFFEE061FC9E96B
:108FE000FBE3D6C5EB20DFE0240CE3F7FE1CF2CA5E
:108FF000DF220EC513E62514300FEABED7D1EE14DA
:109000001504230434D9FEE2ED0B32F6FEFBEFE942
:10901000DB1909DEEC00CF1C39134B271720EC328B
:10902000CDEADFE40C0F1B1D1114EC590DDE3111DC
:10903000EEFE18FC04E109D6DA21F6F8DA0308049A
:10904000EE222C182C1F3100F3161310DC28F0230D
:10905000F60B3F14CC03141AF91B020F170410DD92
:10906000D8F6F10A31ED2B3602EED1F5CCF4F0EF63
:1090700027F0E3E0E2DFF0FAE82DC8F02CF6F71174
:10908000DFBFD50A2D0EDCE00622D099DAE4F10E1E
:1090900016C40CE902F9942424DD0E0002FFE01648
:1090A000E228F4011EECF7122EE7E1EB0FE9FAFEDD
:1090B000E8E631F9F8DB08E0FBF9CFE203FB111435
:1090C000D401FDDD080D04E608020BC4E9F9EFCA7E
:1090D000EEDDF3DAFAC026FDEE0EF5D522201F21D3
:1090E000DB23F91EF20DDF061E112B0218DF04E14F
:1090F000F1E708F61C170CFC220F00F7F4E40EB69B
:1091000019DBF1D3FDE0F7CF0FFE30FE0F1A12345A
:10911000E207DD053005C2FC34F0ECED37DED7CEDA
:1091200005EADDE5DF08FFFAEA00021C24D2DAD006
:10913000C2EBD7E9F6141A0104EACA38E7F414D7E7
:10914000E0C9E3D8EBFB06DBD11A17DBE4C5060C5C
:109150001FFF20BDF2DFE1F7FAEFF3D3B7061DFEE4
:1091600025FD2F0DF4F2EF0FDDFEFDD1F00E2BB833
:10917000E12030E5011C400E1EFACD1B1AD3092454
:109180000B0C04D6F22D2505F91FDC1902D4DFD112
:1091900013F5D6E21B1F29FD191C18F001D72BD19E
:1091A0000710D1DC06FD04F0191CFBEF02E01603EA
:1091B0000B152018E224E23A2E05F2E1EDE3321A13
:1091C000D6D21711E61017E1DFF9421CE3E7E50CF0
:1091D000011E181CF107DF28C00CEA1AFCEBE501A0
:1091E00006F91CF10211062011EC042EF523EB31D7
:1091F000DEF41AB7D300E8202EFF21012D1F11DF66
:1092000012D3BC04FCF90AEEEDE4E7E5DFFCE6E28C
:10921000D1F705F8EC09E31C00DCC8CEAD1127DF5F
:109220001505FEBE260107120F16E5BAF5DCF5D8C6
:10923000DAC726C7E9FAE116D5C82BE912030428D4
:10924000D50FFBC72CE9FE0DFF2135282BBBE9F715
:10925000EFC9DF21482E22F0242D1506ED2709DC69
:10926000253DEBFAEA1D16E2EF20F82229FE04D58F
:109270001BFAFC0C23FDE0F60024DC0DC819E1F814
:109280001213BF2DF41EF410F1F3ED24D800B61F15
:109290001E282B05E9F8FBC6E0EEDE11EFEE29DE15
:1092A0001DE6EBC5DAE0FB062C2F28EBC80807F813
:1092B000DAF6E1FBE412F5F70823DFE4D6D9050579
:1092C000D9C9D8D7FBDCD410C1FDDD08FA20E01DD8
:1092D000FBFF08180B030FD2B3E7CD19E0DDE8E57B
:1092E000091327B721CB0CDAC4DCD4F61000F0D771
:1092F00026C934062AE7EEE120F825FBE5DB08E283
:10930000D80B01BE23D1FAAAE7F319E6073DD4DA58
:10931000FF15C5F01AF4F2E8280CE2C8FC09F815AC
:109320001C052210F0052615F3FF413F0EEC1BEB48
:10933000FC28E9E50FD8381F1BF43819DE110FF1AE
:1093400026FB07D30EE4FCDCF1F625330BE7191DF1
:109350003213F3C31714170DFC03E5E1D321F3E532
:10936000FCC2D01ED7D1FCD1F3F728D4FCF6E738E5
:10937000F7E61B0EC9D106ED29DF072F0CECD5DA75
:109380000612E9F5EF0ABB07D6F4D1D0E42321E7B2
:10939000DAE4DB1F120CF706F0260CDCE7F8E32B0F
:1093A00023D820F42F47EBFDE2F2F101FADBECFACF
:1093B00016180DFE02CAFAFAEFEEFAD1FADBEF2523
:1093C0001423E8C3210706A90FD117CE1C340FDAE6
:1093D000E92ACE1228E7E922F3BBE1D1D91E2124E4
:1093E000DD24CDC6FD2BDDFA2DE911F8252AFB0D74
:1093F000D0DCF5212C19F30629F1EAFC091A39E829
:109400000D00D3E1F11EEB24DF3DF9E32DE9F4F883
:10941000FB0E10101E1CF3062CDEFB21E41FE1F3F3
:10942000F70B2125E821121ECC1C13FBD413F8F0F6
:10943000F8D206EF2608BF08F8D8E1EF24CBE4E421
:10944000D0E7D8FD2B20DFFBD0FF14010BD019FE95
:109450000EC81003F9BCD0E60904EE22F6E4F1DFF1
:109460000DEB2DF6262F32E20219E70B00DE12116A
:1094700042F829DDE501FD1E120C08133D06E0252A
:1094800002EAF7ED0F0504E6E4DA000F4636DF15D1
:109490001E02FBF32EF51BF308E3B5270532F51288
:1094A000DB0D0AFD1711D4301A03E7EA2E07FA3054
:1094B000CAE1FD13E616DA073116E6292A1033E56C
:1094C000F30C01EB1BE705061CEFECFBD5C3C1F168
:1094D000F005E8EB08090836FACB191918B82DFB86
:1094E00013CEE4EADD0202EF1234E9C507061720C5
:1094F00019061C0DCDEAC7ED33FC1120ED0707D28C
:10950000BCEDEB062BFAD6D0DAE4F916E1CFF10E7A
:10951000D9D0FFEAEA031CFCFE2405D12E2217E96C
:1095200034FF39E8EFDB3BCB372015D5FF1EED16B6
:10953000DF2C0FCFFCD600C8E9F31E1F0D1B19FF4F
:10954000F0DC17F208DD1DD81ACC151CE9D6DA4775
:1095500027ED170BF6EBEBFCFEEC2607CD36DF0B09
:10956000E917F81D19292BED221EF1240BE6210D18
:109570001B08E5E12320ED362BF0D31FF10B0B0088
:10958000212C26201846EEFE3002112C1CE4D4F1CA
:1095900007F126D71708310BE30BF7D721040D226B
:1095A00012120132E41AE7032BEAECFD0CE511FA82
:1095B00011DCF00BD7E5E9EAEDD0F6EBF2DECD28D1
:1095C000D5BA160C47173B14CFCFD6A1E91CFA0A1F
:1095D000231319E20AFE000BE5DBD5AD12C4F1F04E
:1095E0002FEEEADCF608310D0809E5183DFCE7D35B
:1095F000091C2ACA0BF7193CE03328D8F8F0E134EB
:10960000F7FA18E416ED1E06EAE4012517022516FE
:109610003EF5EABD11F8E4FBEF052041D6E508E38D
:10962000AEE2D0DC04DAF30F172C24D8EF03273195
:10963000FC1A121B0418E72C0CF223301BE309D68A
:109640001A33120930E814F305020AE60C0D1A1257
:109650003B0912CA1E1FE4DB1BF0280126EE2DF287
:10966000DAD7171FD0E5E003E2EE292CFD0F0F1B20
:10967000EEED251E1B09041A04D42C27FCF7F0007C
:10968000DBD40CD6F5FED90230B4DEABDDD4F41455
:109690001C15F8D7F30D002905E5F3EE08FCEADC0C
:1096A000042F1FE308E1E509E307E0F92EF6F8C10E
:1096B000F1E429120CEF251B2037D508FB0815FE15
:1096C00037D90CDB29093BEC25EED01B261A0BF70A
:1096D000DFE82AE127091EF8EB091A0FE5CA04DEC4
:1096E000E227FA33F3213633E324E3380B27FCF97E
:1096F0001A2E150C2CDE2205F841E4DA1513F4EAD3
:10970000251206FCE8F7110ADE20E210DF25D9F762
:10971000202E17C6E3DEF8FC222518F8091206E809
:1097200025DAEFFB19F8E9CDEC2FCFF408E7C1E714
:109730000F20CFE8FAC51E25F8FCFADF1DF9D7F98E
:1097400019DCE20809F5FEFB0A09D805FCC920FD71
:10975000E60EFB250D2DF02D00B8D2EBF2EF191817
:10976000FB2219DFF504EDD424FF0910FEF11306E6
:10977000BB151DDB00E700E90DF32B1EE5EEF1F153
:10978000FE1BE305FFD204EA240EE4F719221A0BAC
:1097900036FF2FBC08F610EBFF1E3404DFC2F3DCEB
:1097A00002F822DEE7392BE5DFEB0AF7E6F126299E
:1097B000D530E22622282116F1410BEFF52ED90AE9
:1097C000EE183822DEF2E8E32D182C18F50E09DD2C
:1097D000F73DE0F7E5E8250D01EF06FA38E4F31B65
:1097E000E9FE27061F12130F00EDDAEEE502E6058B
:1097F00003E23E081700F7F8E4DE0A2C152501F80D
:10980000F124F3141910F80BCF120515DFF0EBF665
:10981000CCCE14FD21E616DC04F408E5CD071902D0
:1098200023E020E125E4FDF1FB1238490DF5E4EDDC
:10983000FAFDFAEF21EB20F511172E27253022052E
:10984000F7F1C53001E6E81B20CC011304FC0DEB59
:1098500019DCF60DEB1CED06EE14E70AE727EEE344
:10986000DB021706F42A08ECF1152A2AE203061691
:10987000E1EC2A2DDBE8E605241D2323F6EDF90EA5
:10988000EE36FEE405121009E61EDDF8E9F4F2E911
:10989000F224DAEEF61634F31730E0D840EEF42076
:1098A000DBF2FC13BC00F012F806E312F5E8CAEF95
:1098B0000EBB06E006F41510E7E81308F71E0FF7D5
:1098C000EFE90BDAE6FB23CFF4CDCF0DE1CC2BEDA6
:1098D000BF0F211BDFF0F80F3CCEE2E11501E5F6EA
:1098E0004BD113F3D9030E0CCDD61803F91E262045
:1098F000CA3E06EDDC1C1D0D39E6F613FB06311DD4
:1099000007E708F9E22FEF20E3EBDAF725F31EDE95
:10991000EE2C1DDF13F423F2E1E3E21DDC2F13260E
:109920000A1C08040EE51DE8EB04FF2DFF05F31FDC
:1099300017D50D2EC6FB1502C31F30F3F92D06C532
:10994000D419EC18EB3831DCE4ECD2E1063427CA48
:1099500001262A0A06FAFF0D192DDFE102E6E42DA1
:109960001DF21504ECFE18F91E2520E4D8FDF5F9CA
:1099700001E303E4F80022F3FAFE0DF7EDCA05F265
:109980000E11DA011607F5DAC41F03F3D5E7E8FA7A
:1099900004F511BAF0DB010FFEEBFF2114DB13FB22
:1099A000200F190FEAD81F0D02EDD111D616272668
:1099B00014E7F5CD0FFDE01F11FED8BE07FBED2A21
:1099C000C10CFE182CE1020CF0EDF9F23B36EE155D
:1099D000F234FF05F604221D09EFCCEDEA03E1FAAB
:1099E000D80629E0FA1E15302A1E0B08F2D9ED041C
:1099F0000B221C10D5221344DB06ED12F1DDE0AA88
:109A0000081818D83303E8D8F4F5D90BEB29FDF979
:109A1000FA29D323E2EB00E9C3E8E6E8122CF3EEDF
:109A2000DE0318DA4320E1F1DE20E81CF3EFFCDB73
:109A3000E7270F0408EDC7351E0B0DEB1BD9E8D740
:109A4000FE02EBFCC9FBD3050F2908D4DD1A17F67B
:109A50001B05FB18D9EC00F503D32826BE071DEF24
:109A6000F9FBCB17DD20F3E02619D2082EB2F60A57
:109A700010D41C23E6C6FFC81D06141D02F31D20CA
:109A8000D2021B34FFF745EFFAD829D52E2B2A290D
:109A9000F10604D7030C03FCF703E4E9322CE9FADE
:109AA000D1DCEADB0B1FD50620E90A1A1408F904F9
:109AB000CF02D21F0608F9320501F32A223A0DD748
:109AC000F9F2310908F2CA15F1FDC81DCDF4EE1501
:109AD0000CC3FB102E0B13F4D8321A0D10F41536EC
:109AE000E712D7CB26C6E311151B0116E42335096F
:109AF0000F18FF21EF0EE056D6E211CE090CD4125A
:109B000017F2AEDE130B1AF9FB200D1626DED10478
:109B100030D930EB38DB14CB221214BC06F12A0FFB
:109B200012E9E814F3F3DE2AEC23BC1EEBECC910B7
:109B30000AF70CEC1AD2E1FD03130F16FDF6D92E2D
:109B4000DD1DF12E0AEA24F81FFC1831062CFE1D3B
:109B5000053029F6E0FF0DFAFD270026F2D3222377
:109B6000BAD9E813BF3DE313F1F7E308FC0B04EBAC
:109B7000271C18050AFED7F4E701DA2BE309E6ED06
:109B8000032DF6F8100FE8E6233AEF1A050922E54F
:109B9000231E22F2FEFD471BE501FAFF3917D439D7
:109BA00026EA0FCC1225F5160514F9D6D202F423B5
:109BB00014DAD630E5260B28B90B1C082ED420EC7D
:109BC000F0E8E524EF2129D11CF4E70403CB10E8E9
:109BD000E2F0FEE0F8F4BDDED9D8111C14FB1FBC86
:109BE0001A33E5FF1E191BF12503DADD16F6CD1336
:109BF0002D331FEF0209D7DAE8DBE3F2DC0BFDEDD2
:109C0000071F0B461804E6DECBFCE320111AF637DB
:109C1000E0E6F22A070CF6EF1BD617232C2BEE00FA
:109C2000DDE9D610F63FE7030D023009151B1310CE
:109C3000E318E836EB15DB38051CDEE5E410E6AA90
:109C4000E625F7F32E0E33021DE2FA362C22202CE5
:109C5000342CEFF0D6E33B0A15E81EEA061DE41D9E
:109C6000F3F7DE18E50326FC24E6DFD7E5DFE6E5BB
:109C7000EF0EFA2EF3F5F0EFD2E111CED1F8DB0FB3
:109C8000FF1C0AED37D7ECD61BCC1BFDFFF32021C0
:109C90002DEFDA0B1A21C9EF4B06E51ECE1E38E276
:109CA000FB1815ED0C41C2FCE3F9F0FADB1CDCE912
:109CB000EB3A14F2F9F01123031EDFE81F2410EF32
:109CC000FA0AEB011DFC3104190BC60D0E351E0AF4
:109CD00002F10EF1D9F611FF0CE7F5F226E500EAE4
:109CE000F22AE83016FB07F9DDDE02F64C29FEEB1E
:109CF000ECF11040D701E8E8FE0AD108AD0813F6F0
:109D0000302804D502202CF9F93222F7FEEB20DCB2
:109D1000E70930E61F1E2905BCFE10D52AF3EE1C0C
:109D2000F61509EE1F172501251937DF21EFD7E7B3
:109D3000CCD219FDFA17FD08230AED02FFEDEE0E55
:109D4000F818FB1FE62B0700D8E51AF3071A2409B9
:109D500007EDE028FCDED92329F6D7E4C22D08FB65
:109D6000321CF8E401FE13000ED1E8E3F7F10AF724
:109D70000E05FF0FE41BEC3630041BC7FE2218054E
:109D8000E5C9CA23C601E4D6D91DF51ECA0719DBE9
:109D90003ABE3610F8E806DA16E41FC715E71F25A5
:109DA00005FCFB1543C72D2817DD241F14EEE131F8
:109DB000D4E52B4B1AEA0630261B242BF8FEC9BD2E
:109DC000EE121A29263AE21E2B011734F419260640
:109DD000EA24F5F31611F4ED1410D5FD08250EEA6A
:109DE0003FDFFBEB06140EFAEE0802EBDC09D91B91
:109DF000E51E0F1DF812E0FBFD21DFEB3EF3C5E48D
:109E0000EFE5C321FCF13216C8E3F2DDDD15CBD35B
:109E1000151C0FE7B4FBD6DDED0915C9CFD6D5CF9C
:109E2000FA15E5C920E8EF29E90EF3E2F6310DF263
:109E3000DC01FACBE9D7E227ECF00B04E230160F95
:109E4000F729DB09CB1B2D2E0D14F5FC0A230E156B
:109E5000EC022F01DE10E2C5C9DBE2AF0EFCE62109
:109E6000FDDCEBFE11D32C1DE5FE04F9F3162C1CD2
:109E7000180A1A12F9F335DF12F3E5011021DBB3EA
:109E8000EC0CEB0DB6F3E0410011FC08EEF9091EF5
:109E9000070FDA2EDE2714D7AC07EAD0F041F328FB
:109EA0003DF1E9F3DFC1D42C142AF919E5D80A17DA
:109EB000F722F633CDF1E711E9D6F4FB0F15161AA8
:109EC0001EE01CE61ADE1DDDF2FEE019F7EC11DFE4
:109ED0000E30ECDAC2D222EEFDF12C1EF7F3FDC6F5
:109EE00011E209CD14F401FBB2F905D90B0EEEEF26
:109EF000C3FAE9EACA10E0C9FF05F7C22A05140E41
:109F0000250FF4CFD7141411EEADFDEED71DD1D52A
:109F10001F2A0AFDD2221207F00AAB0D10FAF41D17
:109F200018CCDA301AF7DEECE2DAD4F2C0F93E1CD3
:109F3000F2490B17EF402DF8E730F813CE150CA9B6
:109F4000F60BE1242416B8301E04EE02F5E10402FB
:109F50000AF819F5D31C0D0F01F820D12D07E0DD0B
:109F6000330FFCF4E2F708FD0E36C424EEFEEBFDE1
:109F7000F3EFE602ED260114E3DDC6F1FA0BCC00A7
:109F8000C7D6D5F2AB05C2C7FDDAD9F5E9E7EA23B2
:109F90000A12FBD6DB0604F2FBF4DFE2FFE1BDE0D0
:109FA000DFAEFFD904DAE9F9BD14AF11E6221038AB
:109FB000F034F91716DCD2B3E1F6F623F32BB3F441
:109FC000D82A0FB7FCF4D5DCDBB5DFDB1FDADB0A00
:109FD000180B06FE09EFD114EDF6E2CCEF24F2C621
:109FE000FA11C024D616FDE3C619E9D6C9342425D2
:109FF000F043FCE20E22F20117260722071A1BFD8E
:10A00000E6E5161C20FBD40FC2ED2017C53B08F275
:10A01000D111D60ED30ACB0606FB0CF5181B112F57
:10A0200026D93729210502FBE5F6E0360422E7EEC2
:10A030000938E5FCF4C925D2F307DAE7F03913341F
:10A04000FD08E012DB2BB30BC8E2D1D9D30BD0094A
:10A050002BD5F6FEE0B8EADCE119FEF4DAD4C1E96A
:10A060001ED50DC6FF23EBE325ECF7002312CE1916
:10A070001400EADEE7D101DB1B23D0D104EC1A0E79
:10A08000DBDF1F25F6EAF714ECFAEC11F721F611E5
:10A09000E114FFE50FE00DD12B272127EE12F8DEAA
:10A0A00006FADADF1ED914F1C8F0E7F31528F8F93B
:10A0B000E7F0EA11C92631C6FDD9D8E6E4E40F0E6F
:10A0C0001CE0D900ECFA0014F1EA0FEB2418290186
:10A0D000EDE82433BAE32AE0F52D101307FBEB0D6E
:10A0E000E103FDE509F7140814FDD1FC0CD5090FB7
:10A0F0000F02D42A2FF11EDDE315F1FCE1F40FE588
:10A100000922ACD91A1330F9ED092AF1E2E723E16B
:10A11000CD1EFB0030F9F7E4E614DDD8F8D9321D86
:10A12000EAF42C14F0CB0CF8DBDCEF011FFBCBEDD9
:10A1300013FDF70BF31D07D921D2C7D5150AE2D7B6
:10A140000E11CAE805120820DF19102905EEBAEB36
:10A15000EF200734E32BE70BE7110221F1CDE5DA1D
:10A160004623E5F0010FB223CCEDCFFBE21F111720
:10A1700007FAFDE3EA18ED09D61C0126FE2AF6EEE1
:10A18000D9F329D4EEED0344041CCB0520EC2DB308
:10A1900004CDD9FEFF15E1FAD327EC0216E6E8F963
:10A1A0000202EE0EEFF6210DF8C80ED91DE42C22A6
:10A1B000E213EAEAF91016351CE705FD23CD0A1E65
:10A1C000FEF60EDC01EA2224240910E90DD008E78E
:10A1D000D71EF60FEEFFD60E1B03CED027F01ED9EA
:10A1E0000510F9FA1EDE0817F00A15241CE7E7151A
:10A1F000DD0603F7F0DCD7ED26E1F317F9051FF9CB
:10A20000FC1FC2320415090A07E90A0EEB38D30C09
:10A210002AEB280FD6D9F5D8FD2FB01D09F6F8C8BE
:10A2200014D603EAEECF0B2504E0FE4908FD11F237
:10A23000CF01F944C709CCEDFBE90311E537EBCCBD
:10A240000511250D2A04CAF0CF010408D60D28FFF8
:10A25000E3D1F8180EFF0421E30736CDDCE40CF35C
:10A2600033F7DBEE0F06DEF2FFD0EC0D21D00D242C
:10A27000F6F9F81DD3C61031DD0B0CCBF2F7D50B78
:10A28000D5020AF32DD5211AF5E12722E21EECE4CE
:10A29000F2F2E703DE2BF01BFDECEDD6C1E81CE982
:10A2A000060EF1021AE11DD3F21A08FC0ADAD606EC
:10A2B000EFEE18EB1EE0C70B0AD3D103FAEBF8C997
:10A2C0001200F5E8BDDC0BDAF2ED03F5DAD6C919B8
:10A2D000310432E0C8FFEBD7C80AD3D30EF91CF91A
:10A2E000E2C5ED3302D5CE15BBEBE849FA25290DC1
:10A2F000F5E9E90E08FFEE1CDADDE31C2425C4BFF6
:10A3000031F307D01F2C2806CFEFC2EC050C2D1B14
:10A31000DB1AEFD7EA02F1DA0DFEEBDEDF340BEDEC
:10A32000E733FE18F6EC151503E4113FF71617E3B3
:10A3300010E2D4112905241C080502D707F8C3052B
:10A340001111EB1308ECD70209050B1407110523B3
:10A35000D3D0171E0B09CEDDE13910CC0EE4D7FCAB
:10A3600001262D3313D3DCF72BD0E9DA2A1DE3EBDA
:10A37000FCD00AF21FF4D722F3CA0AFFE50E07E465
:10A38000F0F0E7260608CFFEDADB1D23E313D1E564
:10A3900020F8170E0428D913FFF0080FF1FAF1F195
:10A3A00002F601FDCE0EE21AF306C4ED1D23031DD5
:10A3B000C6F9C617DDC3F915EDD309DDF120DF16A7
:10A3C000EDEC27C0333B0C3810FEFD1300E732CE16
:10A3D000E3E9DD31F3D41DE0F42113D525EDE535B6
:10A3E00029F4F4CAFBE6FA1101C9E4C01FF9E0063A
:10A3F000E628E2E2D4FE070D1ED50AF903FC08FCAC
:10A40000E3DBDFE2CA2529CBDA2D1A27151A180B50
:10A41000F303ED1FD7DB06080403E604070F18DB80
:10A42000FE1610F40223E9D402D60AC7F00FF1E2B7
:10A43000EF0B302DE0FD270AFEC7D317F204D2DB65
:10A44000EECE0006091B0718D811ECDAE316BAE0C5
:10A45000E6E246ED1EE9D2FB1645EF00E418F40BE8
:10A4600013CC04E1EABBE41DB9F0C31D091300E2FB
:10A47000F654210AD4E6DBD8E313020EE8F2E4F046
:10A48000E21F200901DFF527F7CEE31D1DE31CDBEA
:10A490000909C5422FEDE9EE233DF0C314F5DE2096
:10A4A000FBF3EBED201CD40612112A06DC16283231
:10A4B000EB0618D21CFAE10909F61E32EA0D090171
:10A4C000F40DDBD6F9EAD804D4D72E1DF0C1FB3A3F
:10A4D000053B210D1FDAF4DDE7F4FFF9F401220F4B
:10A4E0000F050B10F2EFEED8D7DAE004F619E3000F
:10A4F0001302F6DEF4DDF5F7F32A0AF8181913064D
:10A50000EEFEEB05F6F808E5FD02E3BBF314EBCB3A
:10A51000F1F033FE1AF1FD0D0801CBEBF0F501155A
:10A520001EBB090AE4E4E7D7D5DAF5D6DE26D6F174
:10A53000DAF1151A010EF3DA01F52CEAD9D0DB0DA8
:10A5400024E7F319100DF3F4EEAB03F01C1E100218
:10A55000FCFED010222AD2E9E4341506E9260FFACF
:10A56000E20FDCEEEDF807F21DF513E40C10DC173A
:10A57000EB18F81728DF0F3705CA0AEAF1CCF51DEA
:10A580000EF9DA0BFEDDFF1906F1F91BE107D9E23E
:10A59000FDF320ED0CF005120D10F904FA141EEA7B
:10A5A000F9FF1FE21B130B12EAD6F5EFFF081EF0AE
:10A5B000CAE6F01A0B00DBE1D8EF1CABFBD117EABF
:10A5C000B409B7DC050DB9C90C1AEFB3D540CFFB00
:10A5D0002DC30BD6FF2F0824CA0DB9F9DED6DBF444
:10A5E000FA06EC23D0FCF4FB150FDDF4D12F1C345C
:10A5F000ED19EBE1DCF1F30C2905E01C3AE3EC1674
:10A60000E7CEF4E4313200191EE8D71D260BFA1705
:10A61000BC0FDA05E326170806F1E2EAEA10170490
:10A620001FF2FEF3D9DEE7C30EE0DAC5F4C917E680
:10A63000EAE5EDD413DCFE31D6EEFF312FBFD809A9
:10A6400025F804EE2A0525D7131B0AC7E4FEF620D9
:10A65000E5200BFF0421EBFF28D5C72C0D1F18DACE
:10A660000ED7FFFC160A1AC620F6D6D90DDF20C277
:10A67000A50D15060917ECE8F1F4E8D41B10CDF38D
:10A68000FBECCF0CE0FAF6F21AE81F0A1626DCF80B
:10A690002111F60330350B0515F5F9DE0FF924F617
:10A6A000F5E427F7FCFDD8C0CFEFFAB42FE927FA7D
:10A6B0001612100B11F0D7D7FEF91FEAE3EBC7C64D
:10A6C0001EFA3CB232FC18F031F50C22EDFEFE0110
:10A6D000D94DC0DEE8011CF0F31029AF2101F012C2
:10A6E000F7F702251CF313020BFC0CF61CE2E6D76D
:10A6F000032E29E5EA250B0716DBFFE406B5F0DD9E
:10A700000ED1EEE62811021F00F2F00D1E26E1E840
:10A71000E117EBE906E90E22321BF118ED2A0DEFE5
:10A72000FC1B040BFA062BF7EDDBF1BEF4C8D9C70E
:10A73000C9BC13C4F31930ED18D513E332E1E0F8C6
:10A74000FADF01C5C1D7E71108CA26E20C0B02E700
:10A75000272716FCFC12DE0EDB190A01071220BEA9
:10A76000E2EFF9E0EDE02F03E6FFD0001D04E01674
:10A770000B2008B9F10EFE260D2A2230F5D8CFEABB
:10A780001EEBD4CC16EEC7DCF8F7EA0405DA20F2AB
:10A79000ED1AEAF1DB262E0EE736F8CC1F12123B3B
:10A7A000D3164D2805E5FCDC08DBE2FA2104151C74
:10A7B000D7E40F0AE5F114DDE41ADCFCD9C7D700B1
:10A7C00004DAF01610FA08F0EBCEC40B2701E034DF
:10A7D0002319071BFD14D81DF906FD06FC2908EFF7
:10A7E00006E9FAD519301802F21119D72BDAE6C0AA
:10A7F000E1F502DE0610FE02EBFAE5CCD3F1100B18
:10A80000012D0B03F7FC07D82519E3FDEAC2F0265A
:10A81000112213E8F312EA1B31D9DC15D8DDF7E673
:10A82000050F2BF9FCFF20BEDF2C0800E1252700D7
:10A83000D9E61CF9E4B9DADCFD244234DC1003D695
:10A84000FE1903FD2DF0C92FF2CEF7231CD716DF1A
:10A85000E0EDE6F5F321FF0F280AC7ED0030FE0B0F
:10A860000506DB06FEF3EED3F518040D03EB02FA42
:10A87000EE2BE101E5DBEECEE813CA18F9F731184B
:10A88000E020D92F18DFE618F4EAF3281D14F7FBAF
:10A8900012E2E7E934FF00151DF21F01D329031B63
:10A8A0001914F3C320E542F0E70C1610E400EA1F88
:10A8B000420603C3130239172CEFEA2CE9FDF231EB
:10A8C00020F6ECE2C3161AD32B22193AD2C80EFD99
:10A8D000FC01F1E61E1BE002DDDB1FF008C035D4F1
:10A8E0002609EB09D9051BAFCC0217BFC3F4FBF552
:10A8F000E3E6E6EB19EEC004FB1716F5EB0E09E4F0
:10A90000ECFA22BF28D7E9F203D5092C0739F2BDAA
:10A91000FA27E2E30E0C21FC1116E8B8F7050F291F
:10A92000241AD41B23C5D62A961EECFA1D091D2F06
:10A93000FBE7F0F1D81B16DDBC070021EBF9F3F4BF
:10A9400013FB09F905CE0416F30F2923021E040692
:10A95000BCE505E3F7DC46FDE0E7022900E509F484
:10A96000131D1C102BE712EDE4ED281B330F10F024
:10A97000F51CC9FCDD38ED0EDCDCEB33EEFDEFF24F
:10A9800016FDF40C2F0FCFED22DC1DFFFFBA1A1FAE
:10A99000E10909D9F90E20E0DFFD1AE1EFC415FC49
:10A9A00029E8CEE423D8D6D52E1AEAD9141FF50407
:10A9B000080E12EA34050D02E72E0728EFC60BE158
:10A9C000F5DCF0D12D1312EA1806FA19DC03DA1DB2
:10A9D000EE191407C4D8F036D5342BCDF61829D586
:10A9E000CFE1FEDEDED61E07E6D2F60B0B09E2054E
:10A9F00021352309EA0B110333FBFB16E319E6EAC1
:10AA000016D6181BFEEF10D60BE1EAE3C12134087D
:10AA1000C9FAE109BE1219F809FBE3F60FFCECE5EF
:10AA2000E50B1EDC150EFA111E17E211EE10ECDF1D
:10AA3000FE1DB3DFDF1227052907DF0C2CF6ED2DF5
:10AA4000F51D06C5231C281023D9F0F6190510138F
:10AA5000E0FA01E6DD2810F0F6E9EFE42BD30A195D
:10AA6000DA01E7F231231DD3F40420CF09FE2DE4EF
:10AA7000EAD7F9B60E22D6CE2202E5F2D2EF17FEC1
:10AA800002D6D8E8DC0CF607F7D7F7E3110A102B4B
:10AA9000FB03F8C7EE271215041314C2D00F03EFFF
:10AAA0000B100A1ED9B00902F3FCEE12020ADF16DF
:10AAB00009F02B13BC141104DE0DD6E7F5141ED2D9
:10AAC0001C022810F91ACE2F01EF03FCF12B1B12E8
:10AAD000E7E6E525001CFEC6F9F51821FD2E21EB61
:10AAE000E9221A192103E6EEFAF54217F7DCE5F838
:10AAF000EC00CD02EA30E337D4FDEBFF26E8350E5B
:10AB000004FF14E3D2E8DF2F1E21E5FB1F17F8E254
:10AB1000E722F022E4F005070DC10012E1C20D1D8D
:10AB2000C1E600FB2CD801EBF9F5CFC424D3E1E05A
:10AB3000F007F4C005DAFB18071E25DBDDD817E3A4
:10AB4000F00D13F0F40BEED226D002C809D432F384
:10AB5000F3200A0A0AE81722D8E0D01732F6E410E8
:10AB600006E8E6EFD1E01400F1DE3F1E17F51124F0
:10AB7000EE14F600EFEBC704B80CDDFC06E7E7D8EF
:10AB80001DFB2803FF1635070D1AEEF6D4DAF7166B
:10AB9000D1E5EA260D1ED105DFE4130CFBFCF3D44E
:10ABA000E30A0119E00F291FE02D01FEF024FE1930
:10ABB0002DF5E5F6ED021E31E1200F08E310170B2D
:10ABC000E4F82EBFE100F91DDE1FE7FCDD0A1807DF
:10ABD000321C26E9F116120025F9D4ED27E60FEE16
:10ABE0000AFFE1FA33141ADE26041BECD3F1EBE181
:10ABF000D42B0D0521CFD21B37C803F0E4F3C3CB10
:10AC0000E21412D2F3391FBDE4DDCCFA11DFCACF52
:10AC100015070DE60CD9EA1932E20B111B1FF50BD3
:10AC2000F90DAE04FFDBFC25E90E1127F3BD0E354F
:10AC30002AFA06251FF5E2DDDDFAF2EDDFCEF3C9D3
:10AC400005DD0B26180E0EEF1007FA00DBE91302E4
:10AC5000FE08F8D01411D8EA38F3FA0CF50E0619EC
:10AC60002E010210351A1421FEE1362C28330EFC79
:10AC7000D5FD32DBD114FEF31C1AEF37EFE522FAD3
:10AC8000FAE6E4D4E02416221C15FE26EB010EB9E8
:10AC90001A0B1BF5250B2F0F12EDE6E9FC36F6C754
:10ACA000EFFB9F12C6F7EFCD130514D402D3BFF00C
:10ACB00019EA29DFE5CBD9D313F838110E0012E1D8
:10ACC000E5172CF1EE0839F9EE1323090DF01BF905
:10ACD000E9C8E0AE14E415EDE61610FCF3F10E0041
:10ACE0002B28CD16000CDBDAE6EA0714CAC6A3321D
:10ACF0000BE7F02E1BE800ECF4E7E40216BB0005BE
:10AD00000EFFEC2A1613AFE0DAEB2504FE0DCCE1C2
:10AD10000D222D20E9E2D21B0DEB13F2EF2610CF0E
:10AD20002AF91DEDEBC132D627E7C9051EF13523FF
:10AD3000FFF4F0FFC9D7FB051B0E090FECF9C32286
:10AD400022FC1884031DE80EFFF11C0D130DEFD734
:10AD5000EEE9E6113015FD1DED2214E522301A1F33
:10AD6000D2F8E5DDFEF620AED8FCF313D8FFD811FB
:10AD7000EFD5D5C628EDD0C1021C12F8EC36ADCE09
:10AD8000F9E1EE0B3211E3CFF0CD1318CAF4E8F776
:10AD90002404ED0DF7ED29FED7EBD4E2FC1D01E90B
:10ADA000EC1AD3F3DEF8E8CB2B1131E7DCD615E84B
:10ADB00012DF231ED032E731BBFBE2DBE1F325E3F8
:10ADC0002420E9F8C025B723E505D2211DFEE1EDD9
:10ADD000220D25132E1DFD00F428EA0D1DF2C9D207
:10ADE000E506E6FBDFF2F61A012314FA1D301333F1
:10ADF0002901DF0900F815D41A30103507FA0426A6
:10AE000017FA25AA2A25DD211C221810DEDBEEA95F
:10AE1000F226BA3517FC0518E701F5AE271BFBF53E
:10AE20001EE708FC17EB27BFE0041D49062807F5BD
:10AE3000D80D17D5D1C7FFF9CB3B23E6D0DBC6C071
:10AE4000EA0801CD2B22E5E500EFEFEF041611C271
:10AE5000F350DCEBE5EDF5E13DFDCAE1FCCEE8ECBD
:10AE6000D8F5F72111270E1200C623EE0C1F171379
:10AE700031142FD423D5DE32F3130FD0FECD0011C1
:10AE80001B2103261DFE06E91E0C0CD1F6F60EE171
:10AE900026DD16EEBFDCF3DD15E0E90D0E2713E528
:10AEA00001CDF81FEA0709EEFD23C7DBBB21F80E31
:10AEB000CF33EEE3C8FDE6C6A12D191029EFFF1927
:10AEC0000EE821F805D70602E5061304EB08FBB6E9
:10AED000FA13CE03DE13E8D2E2DBEAD525FBFCEB66
:10AEE000F908E3EF06D428E2FF0FFD2B0418ED0B61
:10AEF000F5B82033FE05F3D6E11004FFDA16E3D2ED
:10AF0000E220FDEE02EA22FFC9E6F00AEF13FEF5A9
:10AF1000EC35D715160DF8BBC70EC3E6DD010E10D4
:10AF2000EC04F6E3FED80018F2101FF5D91CF3E686
:10AF3000D2FA01F3DC111AEEFADCE1E41510311F4C
:10AF4000F9EDDBFF240FEAE00E180901051C1C19BE
:10AF5000E4F2271118000E06D3FAEFFF17EB00D624
:10AF6000F111FAF5E823DEF8FBE41D26EF04E4EB2B
:10AF7000C2F7F90ED3B7E7DBEC2A17E6FB1213E8AA
:10AF8000F9CB41DC12F0E622C3D2E11DB9F800DAB8
:10AF9000D633EA26013222191E05050F0F1804F8D0
:10AFA00007E41A22D3F9E6F6E1FDD507E8F0C5E497
:10AFB000311129FDE1E411F8E600ED0612FCF9E794
:10AFC00020EC300C39D938F6E603D0E4F747EB0E25
:10AFD0001EEC0DF4DBE4190BFFEA1B07180AC6018F
:10AFE000202619F7E302E621E404000AD3DB010D71
:10AFF00028EFE906E9E1FC000B353E16320EF2209F
:10B0000016BF1A23DEE201F8D3EECCD8010C01F909
:10B01000E203FF17FC2A17F5F2FDE710FDCFF64516
:10B02000E0E0CE39D911EDEB0A15F030E7FDC92388
:10B03000F60A26F41407C603C4F72003F70519EF30
:10B04000CE153ACA16EFEE280A1D0EDCED013608C1
:10B050000ADFDF0800C41B2AC129F1CA2EED100740
:10B06000FFF5F8FA2A06F0E52001F2EBE2FBBBE27D
:10B070001BE7E410C71411DFFF2B06270510FAEABF
:10B0800025F42D12F6EB2B1819F604DE0A04313ADA
:10B09000F9FDDADFD21513053017F40E1DFB05029A
:10B0A000DFF93714E500FC02E3C3F0EACEF81AFF3B
:10B0B000F02DCF0DB621070728ECF0EFE3F2EEFC00
:10B0C00019D5F7FD342DDBF1D1FED8FECDE918D628
:10B0D00000EAF7D6C8ED24F9F70BD0F305D5E6243E
:10B0E000FF15C626DF19C1F804261BF4D1EA2B246C
:10B0F000E8281D09F9E0DDF1C832E1061C07C7DACE
:10B10000F9DDFAE1CB08FCDFC6EBB21D061B12D855
:10B110000514F50EC7EC061EFB0524F1FD42111CBB
:10B12000FF220D1F090CCFFFDDC3C510E42307115B
:10B13000DED7D80EE2EAE3E5DC17F8D81F1DCD23F1
:10B140001CCA1238BB1E31E60128D0F1D0E1EC1543
:10B150001CDAF80E324D0203EBEE11FA22D8EDD7CD
:10B16000FD022CD0E0F62F03D8E5D31CDD101BE147
:10B17000DCFAD7D9D705F5EE1E2EFA1CEBF90F280D
:10B180001FE626E8FE01BD0AE3F2C82FD6D115FB63
:10B19000D90F06E2170D1FD9D9F7DA2CF0DFE41E1C
:10B1A0001D1BF22B0DE8BAEDDA16D41DE9211A2386
:10B1B000EA1ACBDC11F0C405091BF2F8E8D7E5CB9D
:10B1C000F8CEDDD8E8D5E304E2DAD62018D9D504E4
:10B1D000AB1EDB33F8FA02E4020405CBFD30272571
:10B1E00034CCE0F917D7E2EEC50FD1DD242EEBEF1A
:10B1F00011EF07EDBC0ADE070A29EE24003AE0EA67
:10B20000EAF022E90A09FFCC0EDED81DBBEFAB1A2B
:10B210001D14C00DF01A0ED907F0FCFE1213FE1516
:10B22000EAC618EDC6EA0011151701B6191A05206D
:10B23000E2D2DBC1B4E8F7E3B5F0D701FF0718FBB2
:10B2400009062AD81CFA1DDBF7E8DAF10F0309F426
:10B25000FAEBCAD8161FEA28F1DEF4E609BFDC1DB6
:10B2600000D1E01FBED8D1F8E6E2CCF6F7F6E4E56F
:10B27000BC0B13E406E8D50ED544F5DD361A07F508
:10B280002003E902E5CFD638CDFADEFF02C9F2E2AB
:10B29000FB38D5F4C732E4ECECF9D1C321E6C1F6B2
:10B2A000190A19E604E7FFDABF00BBFED62E28DD37
:10B2B000D500EE28C71604C3FF34E414E5E208E124
:10B2C0000323F4082F1CBDFBEDD7FAE8F12A020195
:10B2D000FB49FA18F401F0E9B4ECF706FAEA08F7CA
:10B2E000D1E3DFFA12E9B72C19EAEDCD32E1F1032F
:10B2F000C8D3FAFDEA0A23E3A9DAE3F52134E11B16
:10B300002DFE10F111E1DCE91FEDF7FE0ED533FF44
:10B31000EDB2E60D130DD8212D0CF7E10BDEDF2D7C
:10B32000FBE8CC31EB2D0E1705E922DF2130E6FDDD
:10B33000E7F51C15F712F8C40438DB08E3040E0522
:10B340001AFFE8D4D7CC0721D0D414DAEFD206D331
:10B35000EEBCDEDDF325B5D4074516D024F7E1E6D3
:10B360000C0706FF12F0C81BC3F3E0B9C8FA05DCEE
:10B37000042C0135BBDAFA08E5EBFBBCFE24BED594
:10B380002CD73F37F4C411FCC4B4BA0BD508E7D0AE
:10B39000EF211522F70ADCE8FB17D8E5050FCFD01F
:10B3A0001E07ED0427FD09DDFAE9FD1B0ED11DF98D
:10B3B000E9170FE0291BDFCDD8D2E9EC3EFF14E8F6
:10B3C000010E27F604F919C33123E42F17F0E0D05A
:10B3D000DCC3DCD815200F2F1100C21D0825221454
:10B3E000FE1AD902F005F40FD4F91E0CD51BF1FE9C
:10B3F000E700EBE8C3031AFAEA06E71602ED22EBD0
:10B40000DFE1ECFEECF80A14240EEC1BD1BAF60CCA
:10B410000ABCB3D8F9E8B2D4E1220412F5151AD661
:10B4200019B9F827D3DFDC04F1E1F617001CDE04BC
:10B43000E700FB28D8D0110BE200D9E70F0AF91872
:10B440002CE921E4BB17F0F1D905DD0F03E2F6D0BA
:10B4500002F2EB3FC8EDD4E8FD19E2000C0F110B2E
:10B4600004C5F1FEFADADF1BE9C8C6CDF7ED120715
:10B47000D918CDD2221A0FF5D4DE04DF3128D3D269
:10B480002A2F1210DA1E0EDE04C010F816C62FE1A5
:10B49000DEDBF4F013FEDC0508E7F0E52DDB1FE052
:10B4A00021C5FEF9CEF3FC15FF14BBBB28D61AF656
:10B4B0001BF41B0B10E30A0402CFFDDD04F3FA2595
:10B4C000E91AFAF3FBE10BD6E5FB0736C2DFFCE233
:10B4D00034E807F0E9F1CDF7061CF0EDF4FFF70AC8
:10B4E000FFF9DA350CDD170CA80CD3F4F80CE0E802
:10B4F000060CEE09EBD9CBD7FEF408DAEC17D2DD57
:10B50000EED0FDEDFA05D52DC9C2F605E5D7FEE86A
:10B510000717F01AD0F908FA151AE4C70F05C20C7C
:10B520000FD70EE50B19E9D9FFF011E1E5F5E1F9C7
:10B53000FDCBE8FA25FDE4F0F0F0E4E120D708FDCA
:10B54000EA3A0BCF09EAEDEC1E11FDD516B536CF60
:10B5500002CD232928FFFE0DF1CBD612E71D2C20AA
:10B5600004D3CBE7E503EAD80E2EED0121CF0DE79A
:10B57000F5FF13FF0FF7FE07F0082ED9CEDBE62804
:10B580002C27E1E0F91012EA12D02E1AFC21E9FA78
:10B5900031230C1524FFDEE4EAF0F0C51F18D50FA7
:10B5A000E007C5151811DDB50204BE1ABB3DD4274E
:10B5B00013250BE1CADCE60E021FF125BE02C51BF6
:10B5C000FA0913FB5310D0F8C7DDD02212F0E6D1F0
:10B5D000D52511331BC30FFAF2EB26B40005CFE8D3
:10B5E0000FF21127DA020E08E0B7BCF9E2D901F92F
:10B5F000A8ECF90ADE00DCF51E0BF6DFEDF303FD27
:10B600000E1913E6EEED2CDD00F809F1F9E7D71479
:10B6100010D2E01ED6EFEB1AF221F10A1E1B0B101E
:10B62000CC121AEBDFE3D406FADDE0DEDF16FB1BFB
:10B630001D0AF71B21F2FCF72D00E70C0602D8E2E9
:10B64000010DF5F0FEEBDEF507052BF2F51FD31F1C
:10B65000FEF5CAD2CB06AFFE2222E2BFFAFEE1E43B
:10B66000F0DBD9E916D8F10CF11108320E09E9E541
:10B6700002F7FD00E108F0DCEC26DC1DC8D7E8E7A6
:10B680001FD40CDFEA02C5160FF9C6EFF81B4AF209
:10B69000F922C91137140834FC1635CC291D020BC8
:10B6A000E101F52108F82B130BC7F1D630F9F4AB03
:10B6B000DB10EB062FAF302132C5FCE7021DF71C73
:10B6C000E1E5070B09320C1221E2FF1104C31E1B36
:10B6D00000D90ACEF4F10625E7F4D9F2290E19CEE5
:10B6E0001821E5D112EDEB23D81AE9FB12170B0B49
:10B6F000F40D00D5E108F139DEDFDCEA3B1AF0EAAF
:10B7000014E5C5FC0AF1C2E8FC0428E00BD6C8FB2E
:10B71000DFFF11ED2BF0F80A091311E51ACFE2BC97
:10B72000EDD0C6101307CE0AD20CC1BDF117EF043D
:10B73000FDF50E0C1BD8DAECE12B2D0AE8E5EDE85F
:10B74000000823240C4702ED13B8FC05F8EB431C5A
:10B750002301000C35FB04E1181017F81B110EF43F
:10B7600007C8DCC423F128D438DC4FFD091725E4D1
:10B77000A8E805D0DA0F30E81419EDF339FD0918FF
:10B780001905E1E9F2F9130EE5CB14F214D9A80971
:10B79000F8FDEE071DF408E9EB2109F5EBD4FCD226
:10B7A000E7EA04F10E061329331323DCEBE6F2F982
:10B7B00040E2FEF802340EE5E529E61E07031CCF41
:10B7C00001ED27D7FFE8252CFC12DED80CBFFE12B6
:10B7D00018A515EAFBF2D1E6C5D32C1725ECCED47B
:10B7E000030DB813D811E5B4FCED0C0D21D2B5C58D
:10B7F000F4020BDDF81AF409E8190C13960329BFBB
:10B8000002C9FB0015E20810E71FE3F307EE36ED6F
:10B81000E0C8F0E6FA03CBD405CAE1F4081FD3CCA4
:10B82000E10417E9E42AEE0CFEE10C18D7C2DFD0E0
:10B8300024EC12030C0A1ADB16DAE402F8ADE50474
:10B84000CA0CCBE90F00F7070D12F4F5E302FDE790
:10B850000C1E0FD3191BD0D201D819F5BE0013E36B
:10B8600034FFDCD9FB2FD012DBE7E9090D0D1E04F4
:10B87000EB16251EEA25DBE7F5DDFF4409CBF600D4
:10B88000D5EB10E20ADCC709DA13FD1D0CF724F42E
:10B89000060E2A0BC30DE018F81D431BFB320B20CC
:10B8A0000421D5E6E720C2D1FCDADE0E16E011F461
:10B8B0002109D9EEDF28DEC8E701FB109A14EDD08C
:10B8C000CB130426D3E10816ECDECFF0D2EE07E06E
:10B8D000EDEB10D4E3BEF0ED04CDDFE8051BCFD8CF
:10B8E000F2DE0BD5E12CE4F8D904F61703D31701E7
:10B8F0000AE31FF11F190C2000CAB7E4F50BDBE4C3
:10B90000FB1612E1EFDB310FD40AD20EF123D8DDA2
:10B91000122BECE0E1D8C2E9DCD8C8FD1B0ED8DE62
:10B9200027041EF91EEF212A01D6F804E70DF616AA
:10B930000DF2F30D15F7031B11DBF41703F21AC810
:10B94000F71711D4C7150326E31A12FBF9D416A969
:10B95000C7FBF7EDEED225F8DDED16E7F11FF20C8F
:10B96000FDF8B7E3E20E07D1330417191BC9FDCD6B
:10B97000F41710C3E31503FEE01BCAC70207010A50
:10B98000F7F4D3D7EB2818000F1A2813FCFF18156B
:10B99000F8DAFCCF05FCD4D3E01F320DC8FCF0D19F
:10B9A000E9E318FD1B0DD4EBEB0315E6CAEF10120B
:10B9B00009F21DC7D4ED22E4F9231019DEBB0014EF
:10B9C00023FCCAEF0C10F5CEF1D0E6CB15FAFD251D
:10B9D00002E9070814C10AF3C7D4E0F7DD0804F34D
:10B9E0002823083015D412021BEBDD1AD2D9FDE44E
:10B9F00010142615EF24CD11F9D121D31E0508010D
:10BA0000FDC913FFE6FFE421073FD417110EF7E04D
:10BA1000EB1BF92D10BBDEEB0AC5F9D8E92CE40CC1
:10BA20002C08E3CEF6EF1216E3FFE017F506D0FE82
:10BA300011E1C3E0DEDB20EC2ADDEBEEDAFEF815E7
:10BA40000A27FDFE182800F6E8F705E2080E0AD3DB
:10BA500012F6042423100716FBEA04F501E908EBAB
:10BA6000102204D4EBD1FA06EFCD24C218051A3BFC
:10BA700015F0F7CB001A07F1BD0CCCE407F9EC1E6A
:10BA8000D11CD2FD25CDE6DBFCDE0FF02D1AF70828
:10BA90000CF3FE1B0D08D4D9FFF5F41B0C04DCE0FD
:10BAA000F7DCF816021A041BF40721F12F0212DC4E
:10BAB000D00421ECF82DDD04F40F0912DDD0F422BE
:10BAC00000FDF315EA0DDE09E4D4FB1AF7EA29B00C
:10BAD000D617C4FDEE18F0D202E430ECDE06CE0636
:10BAE00025F0F7C81CE7E01929DFFF3303D6F8E398
:10BAF000E2E2EFDFF915282FFDB2F515EEE9C9DF17
:10BB00001F1CFE0AB43BDCB5FAF0FA0CEDC0D9E715
:10BB1000EAD2D91F11160A23FC03DD25CECA091C5F
:10BB2000ED1424E9FAD8112ADBFF31FBDD0F0FF405
:10BB3000301636D20420051311EA112CD2E723E87F
:10BB4000F10ADA19CE0C15F50CDAE41010011D1B00
:10BB500010EED5E2F512BDD8F0D21E00CAEC09C62F
:10BB6000CB0DF3F40317EAFB0E1F141E320F09224C
:10BB7000DFFA010CE1FE04E6D5E8EB200F1FF2D757
:10BB8000F0C1D8F6EFCFED2D1CF60900160BF0E84A
:10BB90000522EE06E5FDF3E2291001FCFBEB110D99
:10BBA000E214F007F9FDD13FCDFED92AE6BC2019F9
:10BBB000B9CE10FD0DDE35152DC9DE0527080BFEAB
:10BBC00029170BEFAE13CBFB13090CDE0A10C4F6DA
:10BBD000FE00E5F9FDEEE50E07D903091508E2F0D0
:10BBE000FDDEEFFA07F8D40EF0F5DE130C13F603C2
:10BBF00029E20A07F611F8E0F8CCE7160AC60B0EA0
:10BC0000DFD915050436EBEC312BD9EACCE5F7F991
:10BC1000FFF2FC2DFD08F8351F0BEE16E5F6E601E8
:10BC2000F3F7FCF20C17090B192B17C6E42C1AE6D4
:10BC300064D30AF70D0E032047FEFFE3E02C0CF758
:10BC40002A23EA46EC16FE18CC30DC21022DCEDD8C
:10BC5000D9C9B702EB0506FB1319240DEC00DC2350
:10BC6000CF2D08E4FED2FA0A2D231035F81723C38E
:10BC700020D0D5E9E8E2FC15F83B1F070B10E4F6ED
:10BC800006F007ED2BEFDDEDFD0F0AE6D11CF714F2
:10BC9000E8C814EE03DCF52B1A0C2307E51CF5DAD3
:10BCA00003000C1A00F8F7F90C25D10C32121224FB
:10BCB00016130DD8F3F8F819F902E92E0802E2027A
:10BCC0002EE00ADB0BFF1C242B0F12DEED141C14DC
:10BCD00012242F02FA20F103FAFC25DD2D1705208E
:10BCE0002633FA0EF80A092C1DFD3E131D2519EE08
:10BCF000B6391605FC12D2060719FF041A001BE11B
:10BD0000F2D3FF2EECE1CA28230D180C3A4DE418AB
:10BD1000E219F71DE31124FE0632F2D00D05DE1301
:10BD20001C1FE211ED1F15302F2B0DECECDCED0587
:10BD30001E17D5E0E0F013E9F3040DEFFFFA06E477
:10BD4000EDF1180550F4F30C0BE70919FDDC1F1297
:10BD5000D91902FD1AF8DF1DE80DFBEFDCF30BCC5F
:10BD600018202121F9031A14F81020F81DF73D407E
:10BD7000F7DEF4F1EE0E180BFBF21EDD23CDFDF322
:10BD80002206DFE90EECCBF40E12001C081CDDD6F7
:10BD9000DA00F5E9180C45EAF0F92838E6E6E71686
:10BDA000E70BFD2AF6E9CB11DBE7E6D9FDEC17D866
:10BDB000B2DD000010C71608D7FA19211316142097
:10BDC000FFE4301B1633E801F32CF0DA28FA140AEA
:10BDD000BAD7C91C0FE912E727214710D2EEEF1C92
:10BDE0000ADC05FB1F2201D4F5E4260B1734E51FFE
:10BDF000061BE81120D7D33828F10D0544E907F4D4
:10BE00002420D0E1DAF0F2EAFF17280530D1F3EE72
:10BE1000171528EAE4D80CD41512D0FEC0F3FBE8BD
:10BE2000E805FAF925EAE509BE0C1ED806CA290973
:10BE3000FC0D05DCDD02FE0EDD2DF02B06FB3FFCCC
:10BE4000FDF3150805FE201EE5F720EC220BEFF0B0
:10BE500019E110D805F0F6F8E6EB262D0B16F4F0F4
:10BE60001B20EA150BCE2F0516E928E9F9EBF6E1C0
:10BE7000F3D818DB1BDF14FB12D81E1FF3FCD3CE44
:10BE8000F50F0BF5012E022D0B13F91D0DF90D2FDA
:10BE9000E40E0524EAF9FEF1D42529FD0830FDFE63
:10BEA0001C0A22112A24DE2920D51A0CD7E8F7E72C
:10BEB0000FF71D27D70BEA36FFEAFE172805E5DD49
:10BEC00013DCFEE3F117142C1B4210F9070DCCE52F
:10BED000EE1A0FF6FD1C0205EEFF1AFDE4190FB66F
:10BEE000F401FDEFFAB5E407E4DA08F3F610F3081D
:10BEF000F90C2EC6F63249EDE7C9113C12FEDFE11E
:10BF0000DAF305E81C18EE00F3E328F4FEE6F7E1A7
:10BF100011080A282416FBE5CCCF272FC54BF7EDD7
:10BF20002A0ED9FB3CBCED06DF021EF0CBD802EB9B
:10BF30001017F23E17F8D0E525180FEFE227F2E9C7
:10BF4000D13113FC06061D29D5DA1AE6EB13D33DD1
:10BF5000FDD409F126CF2619CA08EAE71E1E02F50C
:10BF6000FA03DE28E11DF301E825D4084105FF1B93
:10BF7000BBCBCE0601CE0CE20B3FF7EFFBF105EA9F
:10BF8000E6EDCBFC0B55E4EAF418F8FAEE1898FF4E
:10BF900033080DF9E5E9F7DA0FE0F10D02EB2102C4
:10BFA000F4C914F9F2BACEE8D9F613C4F101320C8F
:10BFB000F31A1AF4C2EF1AF0CAE00E43451915F746
:10BFC00023E4C615EA0BF3FFDB0E23B905F4EC3BC3
:10BFD000CF04222C32372829DC1FFF391617E5350C
:10BFE000D911DD202EBCF1F1CEDAD31419290118B4
:10BFF000F9D02E2830D1D21EE4FA2FE0040A01C96C
:10C000003A270818E4EEEBDCFD17E433D13DF7DE08
:10C01000BFD2E4282FEB15C7F326F2DAF02A02FA92
:10C02000FB19E7F01FFC280B08FDF438230503FF7C
:10C03000F1D13126ECD30EF7ECEE181BDE15F4131C
:10C04000FC2F0D2DF01DD2D532EE0D00E1F3F2FAEA
:10C05000253DDAE718EB3416F420AB23CB05DEEAF6
:10C06000D0DA2737FEE726E5BB342CC418040E09C6
:10C07000F7033508F9ED2DDBE5BC22474F350011FC
:10C08000072F18F0CBF7B7FE271DF5FBF1E6D931E6
:10C09000F8F7D91CFBEA48D30C0B26FF01310DD071
:10C0A00021CC1719E4DB0B17021BE73C1C38E00519
:10C0B000DC22D7050E06100D0800E9F81D3FF3D06D
:10C0C000062303EDD91625EDCAC8DC230ED916D1F7
:10C0D0000E1A011814F6FBF506FCEF1C1CF7F8E22B
:10C0E00008F1142406E81D09D822E722D4CEE20282
:10C0F000200D202107D7EACCE4EB220AE4090DF851
:10C10000291CF9FD24F6D9F3FED4FB2817EEC00F45
:10C11000F322083517D3D2F0E6E3AD1D02ED1FBFC1
:10C12000E1D61A2BDACF1114BCF7E3ED09280F077B
:10C1300025F61AEFD50B269DE6F60C360ADFD82732
:10C1400040E304DC16EAE8D4E519E9E1DE28D7E7A4
:10C150000A17F60B25F1111AEC1A0C0AD41512F66F
:10C16000F9E51A0EC3C3DA0FBDE6FD55D4111FFB66
:10C17000CD10E1F20BE7CFD3D7F53600EE39BA0A8E
:10C180000B31F1E7DF04F0F4D4B2EEF8DAF0D122AB
:10C19000CEFCE5E5F61A2912BDDBEE151D11EDE02A
:10C1A000F6E315F522F0D4121AFC27E1F3E5090EA7
:10C1B000060DFF061AD4ECE61EE5FB070E312B0F29
:10C1C000F7D8021225EBD9FE1215032C07410800FF
:10C1D000CC2FE60A221AE71B3311F0DBE609F3E362
:10C1E000E103E2F717170C2CDB000AC6110EE7FF7C
:10C1F0000D1824E5EF29FCB6FB95DEFEF7F4DB1FF6
:10C20000FA1332E3EC37BE10F2EC2DD00E29E6F72C
:10C21000070913F60B312835FADA140409EAEA2C77
:10C22000F6CAFE10F0E3C739F428BE0FFE04F1246D
:10C23000BAC9FD05DEE4E4AA05D1EEEB2E39D81229
:10C24000E5F0F2EE0C2AF5F4F0CAEAFFEFFCFBD4BD
:10C25000F20DFA1DD0070BEEE8EACDC10720260546
:10C26000B130B5EFFB14F4DF11FB14DE031FD3076D
:10C27000131B13D1E224FB1807FE17E7C906310789
:10C28000D3170CE2ED02D41E1124E4F8BC1AEE110F
:10C29000E5F5FA052DEE23F11422140109ED01D282
:10C2A000192B36EBE4F702FCBCE1FFEEFF07F7DAEF
:10C2B000EAFE1203C70CDFEDE5E51DF7182CFA0BBB
:10C2C0000034ED0A11E5CCDA32FB1003100FC2176F
:10C2D000FB03F619E01F0F2501EFED1CE0192523E4
:10C2E0000BC8C825F904EE0A0237DE45CC13FBFD66
:10C2F000AD04D4FEF6D50BE8061813F534EDF31DA6
:10C30000E32DF10C222C152710B818E132E40EFCB5
:10C31000CCCA0CE5FFE7E221F4ED980F1C46E920BA
:10C32000F815E4FDF5FAD4080608FF03E81DEFF858
:10C330002DE223F3FB22EA1E0BD6E4DADBEEE8B3B0
:10C34000C52602E9100CD404092FD3DF1F24100DD9
:10C35000F3111335D4F5FBE5D4DC11192C10CDD332
:10C36000CCE4EC151FCCE71FD204210CDCEF16E85F
:10C37000322CF7DE08D507DCD90428D8EBE40DE928
:10C380000EF514FFF614EED9F2F1FD1027E9FD26A3
:10C39000211419FBFC1C09E01A14162323F127278A
:10C3A0000B0DE30CDBEC17E1D7EAED1AF001E80E18
:10C3B000CFF6082A1ED51DFEE6E0F9E91937E1EDB2
:10C3C000F5F21A0FE924E920E80D26D5EBF024C494
:10C3D000CE0703321FEB17F0EC1C21CC1A2D14F6FC
:10C3E0002C06DD101501FBC8E21BE90AF1DB1CCFAE
:10C3F00028FBDEFEF4E7141407F8E810E5E2F1F597
:10C4000008FDF20B0E1406CF1FE5FAFDE3D0C33290
:10C4100034ED182DEED1D6071C0410F90807F4CD21
:10C42000E0D222FAFFC921E7D8F12ECD0B210D0A67
:10C430003BC4F0DFDE1E1C0E02FC0A27F91E0209B7
:10C4400014FE1D1A2A2ADAF8123726EEE243E70410
:10C45000D2D1F6F10D233FF301143D1DE432FA0071
:10C46000FCC6F0EDCB10E8FBF02ADAF424EAF6FD86
:10C47000C4E80E07F9D5E5F611F9F219E30FE3E682
:10C48000101E1D0435DFF015F4E7FCFF14FEFFD489
:10C49000F622E436010CDC2C1F12EFE4DD201AF347
:10C4A000EC1C36EA211E03E836F633FED4061004EF
:10C4B00037C42DDB06060C01D1FB13183803323CC0
:10C4C000DE13DCF8DC13E0210609FFEC0D1FCA21A6
:10C4D000F1FAF50A1003E31E14F3F1FEE5F5F31D7E
:10C4E00007EA1F2928F03009DFE2E8F9E8E9331705
:10C4F00008DE02EEE6DDF1D4E1121F0210FD06298E
:10C5000032EB2D2004D1DDEAE6201CE4F8E0D02156
:10C51000E2E73DE228FD26F3FFF41C2AD0F91E3E97
:10C5200017D2D404153D03F1EAF90E0C16E3EE120E
:10C53000FA0AF8F0F40E090ED1FED9D5EB12CD109F
:10C5400016EC14EAFBF914DB26E4EB16F3F500DD38
:10C55000C8F8C70CEDFA1CE7FFE1BE23EAFB13E2C3
:10C56000E224FF243A27FA00071E1404E4C60DBB98
:10C57000EBF0E1E8FF1619DF0BF715F257EBF03996
:10C580000712E5F7C416FEFE1224D2101416CD04CD
:10C59000DED3EB1E06F82BE8CBFE0FD81E09D33FE7
:10C5A0000D17FFE41ED80822E1FC1BE80411FDBEB4
:10C5B000DCDC1AE0E50C0211EC3F1626080CD0FE7C
:10C5C0000AE5180BF5F1DD1002D706201B07DA216A
:10C5D000E4310509202AE1F604D20C0FB4F32FCA86
:10C5E0000BF2E4EA2BF2D801E2FBC5E40FDC01F91F
:10C5F000B8CF19D932EB020534F3FAD30DF40800A1
:10C6000027F52B2DF0F70DDFFF0B0D2D0DE5EBCFF3
:10C61000D2D6210E200BE4062706EACB0A25D9083C
:10C6200013F623E92F12F01CFCD0170C0BD003D506
:10C6300002DB0111DCF82633FB36FDD6010F1212A6
:10C64000002EE9170102A0DC0AE7DDE52EE5F8F38C
:10C65000E6F31009D71AF242C7ACE22B08D5FBFC6F
:10C66000B303D6FCFB2B041E1DFBDF0FE809E8ED2E
:10C6700001BD22F0EFDCE7F9F9DDE8F9F9F51E0676
:10C68000EAE9300818140EECE3FC2FF51511E70E5B
:10C69000F8E2F4E4EF100B12E8E414EDC2D8FEC99E
:10C6A000C7DD32010BD12AF42CEB30EF36EA2C082F
:10C6B000A5EEDAF80AF6E628D60EF225CAD1180D4C
:10C6C000230F0643120224E0EC1EDFE014DA16CD3D
:10C6D000FDE620F32316F8DEE5E0F306CA07E1D312
:10C6E000090432C3031DE548E5E8DC000CE514D27B
:10C6F000E9FB1F0101D442081E12E5E13A14070FBD
:10C70000251DFDF0F70C271FFD36E127E7C6D61ED5
:10C7100016B7E4E826F1E514F7E4EE22E1D80FC8F5
:10C72000BEFDFAF1F920FAEFDDE60AF3E00615E4C2
:10C730002DE0EACD161E1CCA01F60D1B0ECCE72A11
:10C740000EDDF62F1AEC24F9DF12E01A17E908DDE6
:10C75000DC0CC81AE90724F324DDE813ED00EDE151
:10C76000C208F427D92DD9D00BE705CBF61FEC076B
:10C77000C4DAE502EDF21DF1FAD7F6DE07F4F0F6C1
:10C780000534DC26242B302129EDF00B12D4CFDD2B
:10C79000E4B92531F209F2DFF2F4E51B1F1016F4BB
:10C7A000EC30F2FFF21D0C50F80602CDDAFFE4FD8A
:10C7B000E7F5DAE81025F91F2BF0313042FEEE2CB8
:10C7C0002EEAD7D9D8F6C1DFF903E324BEADBEE91E
:10C7D000EA0708FFDCEF1607FFBBD92AC5C930EE10
:10C7E000C8F9270216E81610D1E724EC2503F2EA6F
:10C7F00008EDE30014F30D01D1FDE730F7CD1DE89E
:10C80000152BCF07E80EF5FD16CEDC05D0F0F1159F
:10C81000E8E2E3F8DE272AF1E31AF931CBE7102149
:10C820001EF4CAF41C0D2B0803C1DEED2C32D01C03
:10C83000ECFEFED71BF91AF0DB520528F8032A0993
:10C84000EF092AF7D003FA1132EFFE3909B8DBB944
:10C85000CF12E2EF1DF02BCEFA25BF231E141B09C9
:10C86000D6EEABFFDA02EF2A120736C017331ED519
:10C87000D72715C315FEB8DE27F91E00D6280EDC13
:10C88000242C1A12E0F6CBF2F8EAFBEDF7DAC81323
:10C890000EDFE3D6CEE032C8F3F1E50FFAD8F6FAB0
:10C8A000E5E5F504DCBAF30C05D3F317F8E7E9F88E
:10C8B0000003170CCC21F008E7C21014EF24F00994
:10C8C0003C361701CE1A0BDC14BCE8ECFB389DFAA1
:10C8D0001F0FD6323933330AF902F005FD230A2738
:10C8E000E3320618DA1D101D03F011E016F7E01D03
:10C8F000B1F612D6250DE2D032D8F0E9242CFEFD97
:10C9000008FCCBD7F307F01E34251419E10FE0E43F
:10C91000F7E7CF481321092D0CF9312225DCDBFF85
:10C92000BCEC8BC6F3FFE305FFECF498E601F327BC
:10C93000E6FFECBFE62C09F41B3FE51DDA07E5A096
:10C940004102CEFBECDDB6FA20D3FFF100F4B124B6
:10C95000F5E1DBD00DD615CF2B0E03121418C5B39D
:10C96000C7D1D022CAC9270D06EEF61F0A04FE1948
:10C970003DF71E22DBE7EFA9CBD841070FCB1930DB
:10C980002BF4E9243123D80D200F3826FAFD1003AB
:10C99000F52BD31EF828190E1AE524E9D828EEF84D
:10C9A0001D022622F3C11EF22A052213F2081CD60C
:10C9B000A8028FEDEFDDF00023FC0DE60500DD2C75
:10C9C0001F2509EF0C29D0DCFBE407CA0F1018F96A
:10C9D00016CAD1EB0DDC041815F42012EFEEEF2887
:10C9E000D2FBC7EAF6F2F8C5260AE3CD1CB90B263E
:10C9F0002DC7E1032F090BE8FD3715EEC1BE1DFB66
:10CA0000F4FFF9FE19E6ED0FEDE7FEF9CE0011E7B0
:10CA1000DD240A06FADE000D1F2DF71DCAD9F6B572
:10CA200003F9ED21E3ED01F9F201DFDDE314DBE8C9
:10CA300016090AFCE7EC0B92F11E2BED28F10EEF24
:10CA4000030EF814020C01F717F7360A1CF4EAF18A
:10CA50002D13D30E2300E530DFD5F726F4EFEE09D2
:10CA6000F01BF6D3E4E8E51FDAF7E2C3EB2CEF079F
:10CA7000E6F0C3DCDEEFF2F10102F4CB231009DEB5
:10CA8000131B37202C0AFFE62CE8F4FC2DDD0400F4
:10CA9000B7F9E8DC25F225F8EC99E6DC03CAD10009
:10CAA000C721A917162FD99E0E3802B200D3FF074F
:10CAB0000ADA3809252602F0261FFCFEC0C23FFD17
:10CAC000E6FDC5211322180D0E311BF90314BF0416
:10CAD000E60F240AF31DE1CBE9F91FF1BDFB08C104
:10CAE000CACBECEAFFC110E503FBF2BC30CFF7E2A2
:10CAF000113A35E7C93034E104D62ADCDD010012F1
:10CB000030203018E51316140CFBF6D611F0FE0099
:10CB1000F523E4FC3012DD15EC20ED19C7F32DDE12
:10CB20001B0F0CA70D2EE1DCE2E1222716DE1BEA2B
:10CB300011DCCCBAE7B7E80C082840F003E00D3868
:10CB4000E62508F1132009B504F3E6E926B73D0E02
:10CB5000CBC8F0C13AC52CEBEECDEF05F5DC0EEC01
:10CB6000CFE3E2D503071ADCFFE63ADD35CDFDC899
:10CB70000FA320AEF5DDF0FF02C30E0AE5D02C10A6
:10CB80000CEE2020D91F17941AF708AB15DFEA1610
:10CB900011C012C420CAD90AFFD1EEFDF6F205C4B5
:10CBA000FBEAFF15D94CE5F7F70FEBD217AF0F29CA
:10CBB000F22A03100025F7EBED0709DB43FC2CF10B
:10CBC000E70BF83004422EF0DFECDA953104E2FA9C
:10CBD00005D322EA0535C424000B1514C506F4ED6F
:10CBE000E806BDDB103A27D4DCEBD103E1DAF40729
:10CBF000CBD4BBD12E19E1D508FD0A3809BFE435E5
:10CC0000EDF503FB37181BCB060FE0D125C20AD187
:10CC1000F5D9C0D71FE4231513DF2410E3EF05195E
:10CC2000DF10F9D5C40D19C8FDEC35CBD8F4DAEE18
:10CC30001CD8E6CDE13B0927EBD9DEFBAFEB09B50C
:10CC4000E814FD07DA17EDDC160215BC14DFCEEF91
:10CC500001E833C6E102012DE5FEE81614DEF6CA4E
:10CC6000F8D1F908153AEEFFFDDC11DE03EBF8F31D
:10CC7000D7112DD63025101535C3E4F212DCF40D92
:10CC8000E2FB0C12F0050E02FD0DFCEF36F5F3DCB5
:10CC9000F1D73A3113393827FC362CFDF5F829CC79
:10CCA000EEEED425D636DCDCD302132219C4EEDD39
:10CCB000CE3613FC251313E61630E4140A012400C3
:10CCC000E60EEA0408E32B001F2A17E1DDB2E9D6DD
:10CCD000D70ECCF308B2D31D43C91FFBE9DB23EC0D
:10CCE000F344FBC108E8EAC6082506CE17F9F8E4C4
:10CCF00003FADDF7F9362403E5E8EB09C5F52E1F45
:10CD0000CDEEFB21D9041F1204ED142329B1C5FC7B
:10CD1000F3BE2DE10ADEF222F3FA0A24E7DEE4F69E
:10CD2000D5F92821E5D93AE4CA06E4F70A1817002C
:10CD300028451DBAF11209DF1ED1F3E816EF0338BA
:10CD40004529FC2C1FEEF6E709D5E7461A2CD1ED54
:10CD5000E41B0926E0F729010820FAD7B92601AE1D
:10CD600015EB08DDC13811021A2C06F1CE02120BA8
:10CD70001BD228053500EA11ED190F22C3E829F46A
:10CD8000F2080AD217DDF3FCCD151D0DE2FC36B911
:10CD9000BDD7F1FB32FF26F01FD3560EEFE2F7D3DB
:10CDA0001EFF20E6060AFFFA14BF0829020502D773
:10CDB000DAD807DDF8DE33FEE903DD0B9F12F5F666
:10CDC0001004C6ECF1151DDB19EEDBE1F0DED52B0E
:10CDD000FDE6F61033FE02130230D412F0D1F8292A
:10CDE000CEEACB16ED02FBEFD4FB220120C42A26AB
:10CDF000D802DFDDEDDFE11CDF13C710DAF5170322
:10CE000022270E1805BFBAB2D3DAEC4CF011E416A3
:10CE1000F92024EEE2FC180ED7FCFA07D902E6A9A5
:10CE20000EE4DB27D30ED31D21EB141BF21EE9E029
:10CE3000FD2BF4FA14F2ECFFF6F5DEF7F407480EDA
:10CE400011FBDB0311F2040733FB140FF0EBF910B5
:10CE5000C00507F1DDE72BDBD7182804E5FDECFD65
:10CE600041EAD8B9F0E8F40AF7042E162204E7C024
:10CE700000E80408D8161B34000F0EF4380C2615F1
:10CE8000F20C05CE021C15F731EC210AFDFB16D37E
:10CE90002809D4E90FEF21D11CEBE04AD1FD220291
:10CEA000BA1DD517E9FB21FA041401CEC1BE211F1A
:10CEB000F503F233B7F0E80CEF44EE01DAF5FCF0DD
:10CEC000381725E0ECB0BE08E8E4CC4BF40BF017C3
:10CED000DF20F6EEC6B3F4EF0EFFDD15D00FEC0544
:10CEE000D8C1CFF3E600DA0ED5AF0AEB08F106FEA3
:10CEF00013E4F8DED7C2F3EBD5C9F71AE1F208F074
:10CF0000B29FF10D0CD5E2D9FD07C7DC1FAA2BFBA0
:10CF1000EAE5FFD7F3E815E2E9D947DBC929C2E919
:10CF2000111C07FB1E2BF3F502DADE2EEE0907F4C7
:10CF300006D1C2DE1DF839091DFAC4D9F911F03E37
:10CF4000ED0703E2F20F2AED151823DBF1B1DBD177
:10CF50000EB322E4E3D9C1E6FEC3D0D1E9E01DE27D
:10CF6000CAE6C91ADE2B28CAFEFBECCEFBD5E5F7D4
:10CF7000EFC4E4BBE8080A11EDF41CDCFDD704F5AE
:10CF8000F6E6E9C6F3E0F9C803151DD7C9F10A2989
:10CF90001C0BDC1719DAFCD1E918F6DCE8F7EDE830
:10CFA000D0EE111707050ADACB10C0FDC4E5051253
:10CFB000E52AB5DFD1C8EBE426E5E4D22003EC0195
:10CFC0001807D6D515E0FE2EE5B3D9011DFBE4F711
:10CFD000F6B0EEE123D6180A130032BA272DB92E87
:10CFE00009055BD9FA1503D106E8C73413EBEFDE68
:10CFF000E007B41530E30EF92F14D9BA010130550A
:10D00000FA1807D72D2327FD2B0A042522E9D7CBB1
:10D01000E79D120E341018FEEBC7CDD5C3F8DF1311
:10D02000AD24FFF8F8F40ACFEA0ADDEDECD5ECD434
:10D03000F10629C4ECE001FBEC111C35D2E6FFD26D
:10D04000D9FAE4DBDBFA1B1711EC19E3D5E927F970
:10D05000C513C8EC0CDEC826CFDE16E7DE12E400EE
:10D06000AFE8193602F6DCFEC2000EECD3FC152B3D
:10D07000B9FC0819F9F5C0D0FBC202F01C2BCEC7D1
:10D08000131CF6E6F3E905F408EA042111AB1BDAF8
:10D09000C8B6D341FA0BE9C906E1E9C3FED8F1D419
:10D0A000E2184A1F1D10EE1A150FF92F21302F0B11
:10D0B000F409B1EE0ECAF5E7F11D23D6DFEACD087B
:10D0C000F5FD01E31EDB15FC2C1CF9F7E8E8FBE796
:10D0D0002EBBE4F60DD5D7F324D0CE0C22ED2325BC
:10D0E000FEF9E342EBD1F627FC0CF5E9C4F7D103D6
:10D0F000FBD940DCE1D8F00DFAC31D0B00FEDFEEDA
:10D10000E0DF0D0CFC081BDB21DBF4001EE9F31A49
:10D11000F51AE8EFEFF4FE1A14192AEC1BFAF5BC25
:10D12000EDC921481103D9F6B315C30CF618E83B35
:10D130000723E736FDFDC9EF0807F7FEEDE2CCE671
:10D140002DD10CE7F0FAD8F6CDDDF03E04CFDBF8B8
:10D15000CCE1CFF8D9CCFDCDDB1201C209D3183216
:10D1600001EE1BEBFA29F21412F00A0F051E3C2CFB
:10D17000CEF9E112F4E00FF12A471E1DD81E032C50
:10D18000F1FACDDEFDDC1D070E1802041EF8FDE2EB
:10D19000F8E9D61DF208000039E0F0C90530E913BE
:10D1A000FBF909F91402E0D1D40C2235DDED10169B
:10D1B00014D713E61531F6D4ECEAFBE7FEE4EDE70D
:10D1C000B321C312E8DE13E825160DCCDEBC110432
:10D1D00015D916190B1107F9DD152534D3F1EB0913
:10D1E000E40D09E4F4CC180ECDFAD104FEDDCFF73E
:10D1F000B9EBDFFEDBD30FFCE805E52D25DBF804FA
:10D200000CDF0D0CEC2519FCDCC00DCDEC0B32FF56
:10D21000FA15F3D9DC0CDDE4E9E9E7E021D3CD1818
:10D22000E6F23F130704F9F3E626F70BE60CF914D0
:10D23000DB1C1AF416013411F22F1C02D5E4CC08C1
:10D24000D240FEDB3706111E291EECF038E3D01F5A
:10D25000E221E60A15CF24FD423EF4E808F906E291
:10D26000D322FF330A09F613E5E423DF18F12BCDAF
:10D2700019DDECE0E70509F603ED10E60433E7FA03
:10D28000FE2AEADEBEFF18E41CFA1C08D3CDB60D58
:10D290002ADBE426EA1806E8C6060BE6E4DCDA2A0E
:10D2A000D7CBF727C9D8DFEFE3EED210DAEB11EADC
:10D2B000B4E1D104F7FAD7C4C00BFADDF7E8E6F918
:10D2C00027E2D2FA24D8181918CA1BEEE425F60072
:10D2D00007C5C6E5D2F10BD3FA2ED2DE1231DCF649
:10D2E00005401AC9FF33E2B3090807DD1A122816F0
:10D2F000D5E705D315191604E113EDE0D6DC1027A8
:10D30000EA0720F6F009E9EE22170D122A2305EAB2
:10D310001FD4020A13190725140EC1DC1D2AE5E6E5
:10D32000F9D722CBEB14D3F2EB06E72D1CD1EBF3AC
:10D3300009B9ECCB21F6DEE401E133E50DDA041D99
:10D34000050B3ED0B7260DC1F1FE1AE505D2B20697
:10D35000F514F5C00AE7D6EAECE2D4E90EB1F636E8
:10D36000F8CEE10FD1ECD5F2042802C70EE7E3EFC7
:10D37000BEDCEA04E209F7D9FC2C270E2C29E905CA
:10D38000171F0BF5041AD526EE1A16F212E7FCC089
:10D39000DCD30FFF2AF5DDD4CC1E00A9FEECF11082
:10D3A000DC0AFEFA4CEF32D32F1DE9D6FFE00B1E4C
:10D3B000F6D30704D80121F721E1D1D40305C5F242
:10D3C000111728E7FB210EC30E0F39FA00E7F4040A
:10D3D000E5D7E8D8F33A1EDCCCE8CA1CF9D620F42D
:10D3E000C6D2FAFAC5FC30ED1FE718E802EF1DE1DE
:10D3F0002BDBE4DFEAE0D81BF9D01D14FB4406E484
:10D40000C621F8E5E74413E30EDD1FF8FBFC1CEA38
:10D410001105DBD4DB040719F7F101D0C8EF2DD8D3
:10D420000100D213E1CF20EBDAFAC915F21F2AEC82
:10D43000F50CD6E508E9F6DA07D72FF81C1704DA59
:10D4400018D83BE516F31D10D8E121E411FC13D5E3
:10D45000EE000CCDC91CF7EF0025E6C4F3D7CAC710
:10D4600012032A12DBE3E10F36FCC7CA2225F5C8F6
:10D470000DE8F1ECF10EF9F829EE18E2A309020A21
:10D48000E70BD04A080E30F001FA4AEAFDF7E8341B
:10D4900009D1B5110EE917073BD2ECD115E91FEC04
:10D4A000F9F1E9DD07D92A094726331519F30425CF
:10D4B000EEFA14D006BC11E5F7F7E9FA290208C321
:10D4C000DE02F8C10AEB1EF020DB100A12D1FED8F2
:10D4D000E6AB09F6E8E416F30CFAA50DCEF6FD1A54
:10D4E000EBC0E2E2FEE11FE1D90FC8D6CCDFFBF0D2
:10D4F000DB0BEAF6CF06EABD06E3E606D9FFB11973
:10D50000FCD0EAD124FACFF3C2C9F2E9EAF5EDCDB5
:10D510000B321AD3B0D5FA23FEDCBC06E2D304FFEB
:10D52000ECB8CD291C12E3D51FF6FA060CD6EAE1B9
:10D53000D0E4F7F1F0ED12B8EBE518FCD8E61B00EB
:10D540000F10D71E2CEAE91141D50705250AF5F180
:10D55000DDFD08F4F2FB172C1507BCD8DE1711030C
:10D5600000121525BEEA0507F4DD241C04FADA0BC7
:10D570000D0FF2FF0FD6E0E904111837E70FBEEDEB
:10D580002CE5151408F9D61200101451E1B2F9BBBC
:10D59000C415161BFDFA1D26D5A9D8C50AE1FE073C
:10D5A000D9C3CF07FFF4DEDDC61D04CEF31707365F
:10D5B000D5CDCFEEC91417D0FCBD01ECED24DC12A3
:10D5C000E4DAFFFEEE1DBB1DEDAFE61703F10BD154
:10D5D0002ED5F9DCE1F6C7E3B53FEBD90D1228F8FB
:10D5E000CE152BE82919FFF709DEBD0F3BED1F2BE8
:10D5F000CD050E0506063019F911D710E2160B14E9
:10D600003B11040EDAF210D62CC8F2E333F9FC28F1
:10D6100010DF320F25290E24F91FC1D5E9D7F525D2
:10D62000C8FD1427EA2D020E1BFFF7D909F215FCDD
:10D6300022E418E8E0BD0BDFE4002826E4F4E60A63
:10D64000462101D5F40ED3D6F526E738DEE7EAFA0F
:10D65000E049191C0CCCFBFDE9D8F4DE100819F7E1
:10D6600008E01F12E3B9E30FFB1C0ED8C5E8E11078
:10D670001AEEB117EC18CBF2D32A190FF606CCD458
:10D6800024FE3FDDF1F8FECCECE7061FE1EBC40021
:10D690001E2B24EEE413FC1DC31F0FB224BE230473
:10D6A0000422301C2208F5EB0BE4F61026ED0C1ECC
:10D6B000152313C92C3134F5E6E3CDE2E613E71D5B
:10D6C000FA2EEA26230B180226CAF2130CD1ED28F3
:10D6D000D8FE05070900E10F2514C4D211FFFFECA5
:10D6E000CF1209E90A060C21150B00060B23C52AE7
:10D6F0001BFB21EDDFC6FFDBF9DB0D2EE8EAD70CC3
:10D70000FD1112D8F30CFA3D20D3ED0A26BB4208D6
:10D710001C230B1D13CB2B1420F9D9C424C9DF4EB5
:10D72000D7CEFAFA1CE1B90E04E4F6CCD70221E216
:10D730000B12F60410CEDAFCC5F8FBF01309E1E891
:10D740000EF8F3E1F422E1EFF7F91216E7E0F3F84F
:10D7500009C5FDE9D51EB22A0CF905D01AFC2FFF28
:10D76000D8F7FC04F6DC1AF1D50E07C50D1C27D935
:10D770002D1A2B31E5D7F4D7E4FAE317DDF2CD0FFC
:10D78000DD2DC7FAF81ED82F1AFB172324F71E1217
:10D79000F406121B30EDE6FB1DEA021302220B0D0C
:10D7A00022112027EE12163309FC02FB011FCBE8E1
:10D7B000130AE3EF18C9F3FEFBE224D2E82A0CD3E4
:10D7C00022E3F3FB15E416EEFCDA3C23D7CA25CBA3
:10D7D00015C6E0D0CFD7D7D7F209F20639E2F51255
:10D7E000CEBDC4150EF9100825D5CBC3EBEAEA046B
:10D7F000ACA0C5E2D3D8ECB9EAF7E6EC1B06F4130B
:10D80000140CFED62802D6E5DFF90EF31DB4FFCEC8
:10D810001D04D51D0724C3F0D720DAD003D715E89F
:10D8200000240D012AEEF5F2F828EDA429F222EFEA
:10D83000042B0A07F2FF0DDCF726E8F5B3D2F2EA73
:10D84000C2180006E8FADF303DEB300FEF01DFFED3
:10D8500000DD10EB3FF0232A0BE337D6DD0FEDDFC1
:10D86000F5372907E5FB1428EF012B00F5D40AFF53
:10D870002AF806DF19FA1CE6FF0AC7DE230AE83198
:10D8800032E710B1F7F44100ECFBFE44EFF80D0F66
:10D8900011D311DAE3EFF50AFEEDFE0CEAFA09F90D
:10D8A000AEF12713061F16EEE6FC26F402FA08C7AF
:10D8B000D0B796C0EBF7E5E811CDEFBDFBF3E81567
:10D8C0001D0DE2DECE36F5EDF8C416E4E4F9DCFD1C
:10D8D000F3E5F609F203230DEF1313EE05ADF5178B
:10D8E000BEDE090C3CD306BB20F2E39AFB0202FC2D
:10D8F000FA2CFE16FF31072A0021F6F2F0C0010AC9
:10D9000015DF111E12F532E401182E25F6EE0F0B6D
:10D91000DD1F0CFF42070015FB08F600F8302D4D07
:10D920002927ECE2D6F9EBFE2BEF38FAEF10D325DE
:10D930002301CFE90704E7230E20D2FEF408E2EF2B
:10D94000F3CBF5CBE4EE282AE90C020208120CD93D
:10D95000EB3B0C0FE6BBE2FBD0DB0FEDEEDD1BE398
:10D96000D0091EF013AE17EF06FD1FED09F3F90401
:10D97000D13CD9C621E704F6FECCF428F605D7122F
:10D98000FFE626E50630C80733F602183701DBEA62
:10D99000309CEA040808F9F4C514DFB8FBB634007B
:10D9A000F3F819DA09D215A0EC2225A2332934FDA7
:10D9B0001B0DE21CF22633D42F1024FA03E200E3FD
:10D9C000ED2702EC0FE2162D2AECFE1C350BFCE6CF
:10D9D0000D00FA1334E713DAFBF8EB3126EC0220E2
:10D9E0002C09F1FCD614FA1ADEDE3027F1C915F144
:10D9F00005281B20E8EAF0202A03D9E91BFC2A2C81
:10DA000027CB43C2FF03042ABF0DE72CC901DEED7B
:10DA1000D0FA1CC7F7D41FEFCA051AE43708C010A4
:10DA200027F3E41A19FC2BDCF0D9E43106000815C1
:10DA3000EDDDF1F6FBDFF60714E52207FD26E13305
:10DA4000F31532EEDB3AE73A2500230810BCF2DE8C
:10DA500007180B1CF02331D8FE08CFBDF8FB0619C0
:10DA60009B080F1101F525FA0F2D0AF3CD1FEF1EAC
:10DA70000C082CD0F4DC0E2FFA2D3A26C2E62EEC40
:10DA80002F30E5060B15160302E4D3140AE4303CEC
:10DA9000050F3702EEFC14F40901DC02DE161F0349
:10DAA000F231F6FC1C0BF00F22D40835C5FCFFD96F
:10DAB000102D070810D70307F7F4F9E6E9F4FD2362
:10DAC00025BE110EEB11CE0A0314EC26E203F1E49D
:10DAD00032141501D4C8F714BE47E6EA2C13DEF35E
:10DAE000CAC914110124DCF3211AEE21FDDADE107B
:10DAF000203721EE1EC4F3D6DC1DF30F26FE1CFAE0
:10DB0000FFE314C51D0D2B2A230EF2081BDF301472
:10DB1000BC0A0D11F5EF28161B1DDAD82BF30F28C0
:10DB2000CBF6BF17E6D315C437E91AC60304F1EDE7
:10DB300028FEEAE21C382F1DDDE0F72FDC1328F564
:10DB40002DEAF5141D00200EE33804EF0F2804FC25
:10DB5000F4440FE4E7FFEB05EAE22FE2D5EB2DF00A
:10DB600020232F2B290DDD1700020C43E00113D6D3
:10DB7000F412E5F1E700D60BDBE9DDEEE9F7152459
:10DB80002206E4E0DD01DC16ED09D62D02D73BD5F7
:10DB90001C0C04F10AE400D6B32407DC01E9E6F426
:10DBA0000F0110020119EF3303250C02E425EE08E2
:10DBB000EFD5F43830E5D6C31DF517F7DADDD91205
:10DBC000FEE8191B10D8F40831C4080F0D4023E4F7
:10DBD000F408F60412ED11FE1B240FE1FE1BF11CEC
:10DBE000E431C1D0DEEF1C340D2701012828290BB8
:10DBF000E2FF32E7F32ACAECD207E71ACFF713F9AC
:10DC0000E0021A1B04D807F7212402F126EE22E1D4
:10DC10000EF93226DEFBF9F60E17011CFFFA0F2A69
:10DC20002233FBEB0FFD11200CE5052512FBE4FD73
:10DC3000FC2FFE0BC2EFDF3BFFE1D215F81518FBFE
:10DC4000DA023A120216050A04D802081AED16F48E
:10DC5000E50FD2F2E0F718DAE91917052FEBD02912
:10DC600022C31A2010E82006CDFA0F370400F0E195
:10DC7000CC06F126DAD4FBCADBE6D4E4F507F7D20A
:10DC800023D2EC03E6FFE905200FD312E926E3B126
:10DC9000FE56F2E81B1C05E22FF930E302E0FC1A05
:10DCA000EFEDF3D622DFF41DFE0D18FD3AC7261F57
:10DCB000F223DE010B18D1EAF4CD132BE82B2DFA59
:10DCC0000AE72D082A2711E0DD02000D370F1E3A62
:10DCD000341A2628F9F53821C81BE425E9E21DE9A4
:10DCE000D71FEDE907D430E109163117EB18F723F8
:10DCF000E900F0390EF4120E02330AFF24260ED387
:10DD00002DD1D2D706DEE900E41E11F10D1933033F
:10DD1000E4D913E5ECC71E15C033EB14F6FA241F43
:10DD2000E8C6BA15E114F7E9F0E1E6F4CC22070001
:10DD3000D4C1CBF7FFFEF1F0C236F4F5F4D9C7F346
:10DD4000EFE518ECE0D61D2512E4FB1A0AD9FFF026
:10DD5000E1E9FC2F310CF4F5F52500CCF4DAD0FD27
:10DD6000251534CEF8E50EED08CE0AF9051725285D
:10DD7000FB2AEAEF13FB1412FB24EFF1CB191FCDA2
:10DD8000F5EB0E2A2715F409F4F9E901E21A2AED58
:10DD900035DFFBD1E90437FFE8FB14111921281AFC
:10DDA000DE11D3E3F4E029020A0C271C21F307EA71
:10DDB000121705EE18DC1E13FDDCE828FA25D20642
:10DDC000E0CDDDCFCE21C931CB06C7180DF3DED0B3
:10DDD0000E153FE60B050CEFF2F6E0073100ECE420
:10DDE000E420E9E3D0E4DD1704EADF08EFEADE3EF1
:10DDF000C8F8DAE6C50A00CFC1E2EEF91F04F00B5D
:10DE0000EAB522CF270B0F2300F6D706FC45230BDC
:10DE10001FC6EEF32D18E5E3F1F124EFECE1E3E6A4
:10DE2000DFE80410D6040ACA2AB634EA1F081C0820
:10DE3000EB2113DAE7191AECEDFA231BFDB5243EAA
:10DE40000EF920031D0221ED1E011ED3DEF31EED8F
:10DE50002EF12A103F4407EB1A0D04F23116F0FBA5
:10DE60002BCF1F1C1E01DCDBE71712CE230C0A1F71
:10DE7000C8232903FA180425D4DA23DBD00DE81BC4
:10DE8000CDFDDAE9D61600080C0BE72C10E3C9F03B
:10DE9000BFE9E3E7E60F1A14D709E9040914BFF450
:10DEA000F9D202E7CCE51E0CFB111BCDE61AF527D3
:10DEB0000FB816D3C4FB011ABDFBD7D3E626C7F9AA
:10DEC000E60609DBF70BF6DD18F901F01B3D18F546
:10DED000D20321DFE8150FD6D8ED32C910C8F21EE3
:10DEE00020DCE908222307D6FBEB2E0EF6EA1DEA1A
:10DEF000E0FB0D1CFFE72305E836E1FCF7CDEE095A
:10DF000013E40A1C1027FD29E0E226182729FA034A
:10DF1000E02B091C290635E41CD20E06E4F6E7279F
:10DF200012DCF829CCE21420EF0A0F19E2E5EAF638
:10DF30001F031A04DBFDE8010FEAE4DDE81C0CEB2B
:10DF4000D2D3D931D30D07D1D839C8FC170DEB0C7A
:10DF5000E5E5F7FFD9E230D8E1D8090126F1FAF476
:10DF6000E009EBFCDDFB0D0E0DEC1A1CD2ECD3DA54
:10DF7000D104F4091A18170FD1023105F3F901D7AA
:10DF800028E5E5E0FC0EE7180DC7012CFC0AEFC6FA
:10DF9000CCF81224FE1EDB0B1BCFF1EF0522D1E9DA
:10DFA000D9F50EE5D914FE16DDE93FCF07FE021CB8
:10DFB000FFCB2011DC1D3517FC19EDDFE5FF2BDD54
:10DFC000F31916EE1BE01A2EF5F3EE13F01214E51A
:10DFD0001E273B10E008242BEA37402EEA10F7FEFC
:10DFE000230336F5141806EBF403F120F021CEECF0
:10DFF0000E2B1D230E0B17EC1BE800EE30F20C0D60
:10E00000F5C7EC390A28F226BC15092ED2FCFFE12F
:10E01000F1190303F9DA3AD9D7CEC622C8CAD727ED
:10E0200019D617F9E7DE25E4D3E6D62C1DF6F4FC65
:10E030000815FF11FA03D5EDFD2E0503C9E4F1CE55
:10E040000F1834CE1C24E00E09F8F8FFDEEDF2DCE8
:10E0500001C20E0DF4D1FBF4240D0412F63617E1C3
:10E060001DD3101E1B0D1ACAD4C7DBFDFFB5F0DE91
:10E0700011EA1D17E70C332E261407F31EDF2818AC
:10E080000B14E2EDE4071FDCD7E5FBC9F6E4D20D83
:10E09000DF0E16052614250D021FF6E60E1A23E5DF
:10E0A000E9FD14E20AD21F14092EF02C0805E90B31
:10E0B0000336F10FE42BFC1C1910E5FB453AD1CFD8
:10E0C000E8E5ED16DA23BCE9B3B7D4F3FA1736075F
:10E0D0001309D1E7FBD823E0F7D9DBDF0F06CCFB30
:10E0E000FE01102DEECBCC10F922EAF2D20AF9F1A2
:10E0F000EE0F291FBC040401F34A0320BBE01BC13F
:10E10000FE14FAF92CFCD53B1AD9F2DDCF310C0202
:10E11000FC06140CD8ECEEEAE5F0FED52526D0215D
:10E1200014E92AF91BFFDEF3DB130FDA3CE2E221EC
:10E13000F7CFC6C721170DFAD6D1DBD821CDFB2CDE
:10E14000F8DB1FFE13D715140EFA25071E00303F0B
:10E1500016B9032828F3EFF5F1EBE01ADB04E50923
:10E16000F4E20BD9E7FCF0F2131D2607F31BDF20C6
:10E17000E720FA07E5F9D108F0E119DF1915DD20EC
:10E180000BEEE922DCE5EC0BC8F0E9E00316D1F375
:10E190001B13271ACE0F101FDAE72DF0FD26E0C75C
:10E1A0000EDBD92808D3E7F4D61FDFEDD10607ED43
:10E1B000C3DD44170DCC17FDDBE0C413D2E9E5EB5A
:10E1C0001310FF10F8FB12281304D4EFC431D22926
:10E1D000F2F60D07D814E2DCFFF1DFF403D6C9F044
:10E1E000EEFD37DB10F407D5F91EEDEE18F6E2DC94
:10E1F0000EF5F6FFF802261FCFD7F0E8FDD1090D86
:10E200001FD62D18E3E2D2C3060CEFEF00F1FCE1BC
:10E2100007E10AE6F51EF105ECA9FB190CE7D7EFBB
:10E22000092DFB05CE1F2B22142B11FAEAE2E8CDB3
:10E2300033BEF4F0280632FBD6430103FEDBD80ED2
:10E24000E40A220E3804E6EA03CD27F3F8EC04D7FB
:10E25000CD30FCE2D7C8D301FD000AFC22FEE0016C
:10E2600006B6EF2901F0FD05151FEF2A0CFCDB2394
:10E27000D5F4332DF60915E4FF2CE624F9F2CAECA7
:10E2800022FD06E4F2D1E1F8FDC509C61B32F7DB39
:10E29000101EED15E3FBFBEBDCCF15EEEC1825298A
:10E2A0001AE831E11B24F01E0908DBDB2506FED746
:10E2B000F2E5ED01FC1224D20B10D61104F70DF398
:10E2C00004D7ED19D4271CEA16D21EC6FC1CCB2796
:10E2D000E61113CF22071027E9DC0FD302D915F17D
:10E2E000FA16061DD6E5CDEE27F0090921E8F7E07C
:10E2F00008090B1D3219F7DFE5C50E0E29E6E3FA12
:10E30000B2DFCF06E81336CCE7DBFCF1050AF3ED0C
:10E31000011D20FCF0D7DE2A17DB0D1FE4D820E713
:10E32000BDB2EBE4E4D7E001EA25FC08CE25D60136
:10E33000CE0E1F06F5E214DB1D22040A161ADBFEC0
:10E34000D4DB002136BFF115DAC209C70A19300340
:10E35000BFF8EC1BC2DAFA19D40BFAE926F8F61961
:10E36000EB0F2E01E411F424CA0AD7EC0CFD0810BF
:10E37000E3F5ACF5F0203035F2E7D5EA1EE910FA06
:10E3800013F60602E828D914ED23EFD62912ECFB88
:10E39000F81EE2C7191711271E342B0CD5ED160FE6
:10E3A00022270DF739E927FEF9E82B0B2B19FEF18F
:10E3B0001A1D12D1DDEBE9E00AD0FD20D3E71FE002
:10E3C000C4FAB7ECC01DDEF500FBEF101CDEB22E68
:10E3D0001EF6F71620F7ECF62D1F221E1C16CAEEAD
:10E3E000CDD5CEF50017F2F719CEC9D5F9291DE222
:10E3F000F7504812E5DBCC1B00011114DB2501149A
:10E400001308CF00F00C13F60CCF191AE4EB250516
:10E4100015F7E0E4F8101B0DC52E06C800350DE910
:10E420000A0530D73EE9D3EB12DA00CBE21F1F0218
:10E43000FE03F0D301DBE426EA1423F2540A20EBB6
:10E44000FF210020E43A2F0110C4FED0FF14F1F8A0
:10E45000ECB825DB38FD1F191503DCF6D7C0DA0E42
:10E46000F0F808E331DDF5DDE2040EFAD81AFD1606
:10E47000150BF308FE15E10518230F1315E9FD062A
:10E48000F3F5FD1D2214D8FAD20AFCE00314EE0FB6
:10E49000270E0BE3F815EC0B20D7291AFD0500BE5B
:10E4A000D7FCBA17E7ED0503E3180A22C8E6EC101B
:10E4B000101804EB11C10DF8C5F3D71DFAE7E0EC15
:10E4C000EEEDD9020DEB1B2001B5FBFEFAFDD8DA0B
:10E4D000FD0A270F12F209E8EE28240AF5E2C6E445
:10E4E00015254FD0260D16CDEBFB02D31B27FE05BD
:10E4F000E1160A1500114B3DD7CC28D8320020F583
:10E50000DC04E8E0E7F6E41106F60FCDF9EE15F5C8
:10E510000EC6D6CA20D5243ADBBA00FEE0DEFBF3F5
:10E52000140CBBE6EEEEFBDB1EEC3FF8121DD0EF49
:10E530001E22F11910DBF4FF38E81CFFD5092E0C60
:10E540000BF6B1EDF2D5F8002D1C170AF0E9EFE754
:10E55000251CFC0EFBF909DDE7EEF900092609EFA1
:10E56000C2E0E61CCC2616E903FDD320DDFBF80F44
:10E57000332C10F2FADEE411C3F125EEE02E04DEB6
:10E58000E9E5D414CAD5C312C609D2D3CEFD2EBE36
:10E59000E0E5D521EFE8E700DA2C2A1EF018D003D9
:10E5A0002F2D40F0FBF0DE2C2BF9DF0F3002151081
:10E5B000F50F03EF33C7100DEA2A2CF03EF4F221D9
:10E5C00000EAD3DBE6350CDC035211E602EFD4E6B9
:10E5D000E0F7E70425F8EF0F17D0EFD8DECF0AF306
:10E5E00017E1CC12EFF31EF32A2FEE0C1404F51BE7
:10E5F000DED6DDF9FBFBDFEF06F4DD2F01F4F2D10F
:10E600000526F4F3C2D1F6EFDAE7D40103EA1EECF3
:10E61000F5C0DACA06FBEF1C08041A0CC5DE05F6C5
:10E6200032F20B15F81123E0E915E2EBF30341F7A1
:10E63000040900F7061200381C1CFE0A143BEBF418
:10E6400017FE0728F311260DF9FE2BFD1D5204F5C8
:10E6500019F5F1FF0A2515172C2BFA0716010EF3F1
:10E66000082942E23A02ED31F8DC3705CE1F0531C8
:10E67000DCDAE7EA07142A2A3F30F6F0410AF40F01
:10E6800029300F051AF530E605180620F6E8E4EB08
:10E69000FC09F323190DF314E937FD3023E8FE2CB0
:10E6A0002E1B0F023606DE11E40215D91F32F8FACE
:10E6B0003702F0FAE0080F100B210208EDF6E70927
:10E6C00007F9580F260CE70B2008F8E104B9EFF61C
:10E6D000ED0A220F14FC2E1F0DF4EF21050D11146D
:10E6E000D4D8DFF2F7DC19ECDD0804DBFC38052FA9
:10E6F00029E3F510DB19FE0CFFE53D0345EAF1E3E4
:10E700002F19F6332E2A2A0B0904EA392FF7F22A99
:10E71000FD19151E32ECE20B4C1DF4E9FD3D2E1CDB
:10E72000EE310A072AE93B10341CF5C2032B0A120A
:10E73000F1212EF802F61216F5FE0D0E4D2C27C310
:10E74000DCEFF9F7C126170CFE22DFF43811FD05C6
:10E7500025DBDD19220D04F32B0B0123E71DFF350B
:10E7600011F02B0417DDE816FB1B03F3D71AD53283
:10E770001B02F30F1500F414D7212E10F61014E528
:10E780001AFB21F0EFE52727F24AE8F4D8FAFBFB61
:10E79000231158F72D1D0424EA09F3272305DA1F56
:10E7A00001F8E10D02F9EAF6F2F9E1F01711ED19BD
:10E7B000EEF2E3130021FDDE013AEE1743DEC10C59
:10E7C000FDFE13151E1B1B04E5F3E70FFD20410A98
:10E7D000EFDCE51E2713170BEEF9EBE4E02016DB68
:10E7E000F210080F1E06092BE11CFAFEFA232AFA82
:10E7F0000DFBFB1EE0EF17F918EE0A1A0F04E6D521
:10E800000D282716E8FEEA0EFAEFF12A0DEA1A2D76
:10E81000DD111135F41C08020DE20F190E19214B00
:10E820002429FC07E933F41502F40809F02CD4E696
:10E8300011D305F6D72715F9EAF3F23B02F31C05CD
:10E84000E8FF48FBE8E512E1F334E135FEE2E90FC9
:10E850000904EDD4E6E41216110E12140909F8ECBD
:10E8600005EE1214F4FDEC12E1031DE21711E7DED0
:10E8700029DAEE08112005E8C9D72622F000273151
:10E88000DFEDE3E41E12D3DEF8083A0D2204F72D83
:10E89000380FFFE60118F3EDE02448EF16EBEC0625
:10E8A00041FD01E9C91C02F41911E7D4FA040B2156
:10E8B000EFD1F015EFFAF1D90208FFED2A4106DD9C
:10E8C00029FCEDE80B063D12EA2C14280021FE037A
:10E8D00016131AE926300627232A2A37021EFD239B
:10E8E000F0260D1B08DDF9EDEC0CE2E823E1130E38
:10E8F0001CFE270DC2D1F8EC1919FF002CFB02F306
:10E9000022CA02DD0C17CA2CE8F70C0BCB1E2BFC1D
:10E910000ED93A02231721D9C9F1152502131B1369
:10E92000C8D3F0EEEB1011E7D4E6DB250624263140
:10E9300017D9E513185720EB0419EF16DCEC3A0B46
:10E940001526FDE7E8EA27E6160A08E6EF12CD6786
:10E95000E8F60B11292FE827F3001E14E1FC16F34B
:10E9600022F8E024D70BE70B17EA242722E70B3520
:10E970001EE5EB3C363A20171136231A350134EAEE
:10E98000F0D243E14FE7022ED6EDEE10000C1C3A18
:10E9900022323B23DD2725020E1AF9291CFDFCE05B
:10E9A000F926D812DDDAD22DC50DF2080AF100D70A
:10E9B000231307DAD60AE813331302C1010E001934
:10E9C000E9E210FAD601ED0A0305E4FAFA16FEF9B7
:10E9D0001B23F1FD1712FD15E7EB0017E305F8E91E
:10E9E0001EE209ED20EA26D7171512F902D827EC06
:10E9F000C705CEED0231EE120A070C02CDDCFC1E7B
:10EA0000FD08FF5CE92807FE041E23FE0F172B24D8
:10EA10002113F4250D11352EF410E7282BF51830AD
:10EA20001C290D1F00D4F7231721390A1004132BBA
:10EA300021EBF329E408F80BDDFE12F20C251D088A
:10EA4000EE0B2D11FDD5E3E1DFE90B0DF1EB580ADB
:10EA5000EAECFC18EFE61928EC0BF0E9340CF410A2
:10EA60001E291F1CBE3FE0DAEF2FF1EB1D05EB1452
:10EA7000E2E2D71831FB06E9E8270017F5E316179D
:10EA8000EF1A11EF19E1EDD4F23114DAF719EF03AF
:10EA900027F4000EDDDFFDEB2C2BD4E7F0DF0C03B9
:10EAA000E1E5261BECCBE8242605C4F006FEED02CA
:10EAB00004100212F5DB0FE616C11B1C00E3D5E3C0
:10EAC000E01909641B03D9BEF4FCCBD6FE14F62F63
:10EAD000E70C0533CB0D2FEAE61718F63DFDDA06F5
:10EAE000D61F1B08CE19D0092B101E3A142DFEF28A
:10EAF000D9CADBFE3AEE0032F3121CE605ECE22A3C
:10EB0000E6EEE4FB03C92E2FF9F0EF0821FDE1FC4E
:10EB1000F6EB2BF5EF16D323F32A040E3105221F53
:10EB2000083720E315020634DA11E10BC40413168A
:10EB30001112141CF0F4022007F7E502060BECECAE
:10EB4000DDFB15ECE6F6211CE11334DB160D3E1C53
:10EB500016E41CF00B03FF06E306E021F30022EBB2
:10EB600005042D08F50BE012101BF1EC0F10261E0A
:10EB70003805F0DAE5FC2AF2E5E8E6F643D8270A9C
:10EB80002AEE11180F28EA15FEEDFCE9F12003E446
:10EB900013CA2026EB22110DEB0556F92708F9F9C7
:10EBA0000C4EF2FBD23EDF1608071BB71BE3F81B27
:10EBB0000DD0251DFF080210FBF30F153BF40E3995
:10EBC0001AED1F070A00E4363AF829C70B13DEDFF7
:10EBD0003AFC200AF8341AF9F02C2E20E20404DC66
:10EBE0001D38DC06212EDD1528ECE1FE15070FFD92
:10EBF00013F11BDAF9EE054034E0D92205DF02E714
:10EC00002002C504D1DE051413152E0605E226D216
:10EC100026E403F6F601DB39DB2215EF07252BD3BB
:10EC2000E41ADDECD9220B24FF28F80201EF2E0BA9
:10EC3000EB0013F426FB0AEF292C000B44FE1BD833
:10EC4000FCD00E1C27F215DBF0E712020607313963
:10EC500019BD1CED170FFDDF22E7310AD80A232961
:10EC600017F6EBF409083802300A18E1F832DA0C2A
:10EC7000DDFA211126E005400DF7200725F22DDCF5
:10EC8000DE10E3E6E7F43FEE27242ADE07D839DB7F
:10EC90002C1C41291A38FEFE0220E113D6E82E1E54
:10ECA00016E803E1141F3A250FE2F0F4102EE730C6
:10ECB000D3D304F0FD25042E40FC171D274416D69F
:10ECC0001E06FF1D0E1B20ECEC0FFAE31FFECDE627
:10ECD00019FEF30B031EE3FF18F8DC3220EF140FCC
:10ECE000D0FB0C17EEDE19EAFE0EF8291923EF1EF1
:10ECF00027F9F2F72201D60BFF0F0C2E0618FC2184
:10ED00000EED18F3300323E9E9EF0B11D8FFD4EC33
:10ED1000E9F2F6DF2EFCFAE30708020D36E410FCF8
:10ED20002FE800FA20220AE7FBEBE7E746F7F50EAB
:10ED300011FB1D100D31F80608DEEAEF1735D3146C
:10ED4000D72CE4052C2EE9E1292E1532FFEA2BE51C
:10ED500003EF16F40C32DF0CF61133EE012AF70044
:10ED60002CE4F828FC0606240E18EFEF1E1AD61025
:10ED7000F1F8F70802F00D281C28251AEC2E35F3BF
:10ED8000372D36D2E1E92FFE253508DDF70926F5C6
:10ED9000E719F3FF1A220623F03DDEF2EE14352ABE
:10EDA0002217F3C7E8EC2CDA1EE1FDFFF10506227D
:10EDB000F9DD2F180324DFCCEEFB0BE0EFCAF3D50F
:10EDC00006EA2B1E0CD6D5DFD3E5111C250526FF40
:10EDD000D90C05E32AE52DEF12FA2DE61709F5F413
:10EDE0001CE10015D5DC1AFCD1E4D6032D1308D79D
:10EDF000E60522EEFDEE3321F4E519DC03210316CE
:10EE0000F336C721D819FD0F1912F3273805EDFC89
:10EE1000EF0512E7F8FEF0FD26F8072EFE12231C80
:10EE2000DE3C15E01739FD25E71D1733020CEAFF1C
:10EE3000F3030FEAEE17152E4B1ADAF7251028F513
:10EE400003FDF4E3FAF9F2FB2A00F9CBD70A00FF3D
:10EE50001FDE15F5E70BF901E2EFE30414060E10CF
:10EE60000ADA0F0A031CF8EAF41021B22AEB0503B0
:10EE70000014DDFBD3E615D61AD708D015FAFDFF2E
:10EE800010F3133A080EDA1E1CFADDD40206E1E292
:10EE9000F42C2030EFCC0BF8FCEE1CFB0024E4EE4D
:10EEA0001F28F0EF07EBE4FD25DFD1E3D9E039FCC3
:10EEB000E2DAEADEFC0E08EAD2E3F0EC1BFBFDFE30
:10EEC0001E1C061DF91C3306DAECFF22F4160D1683
:10EED00003EEF0EC19F517EFFFEC3EF01B10F1F626
:10EEE0004206EBE81924FD060429170EEE1CEF027A
:10EEF000EAF5170C17F326E9E642EAF1D1D62DE937
:10EF00000FF6150C120A352AE4EAEEEEE52913E7AE
:10EF1000F0D5DBFA1EEA02F336FC1800F2E21B071A
:10EF200001D9C52B151DED17F81E2CFC0E00E4FCB5
:10EF3000F9DDE6D7D51615DF090610161F11DA1010
:10EF4000D6E61F10FCD4E908DBD6D715F7F208FF88
:10EF5000E80C141F15E41510F6CFE9CBF4D7F40C28
:10EF6000C4270B10D80516FC1922190B03EE25EB4C
:10EF7000D2AFF9042EF6F800FAC71012323A2C1D5F
:10EF8000FFE20CF6151E14EF0D170012FE1C2011E7
:10EF900013D12933D736F7E11CF4091A17F11C0EE7
:10EFA000240B2CDECE4E0016D4DEE4D9DCCBD5EC1F
:10EFB00012FFD6030D1217E908F910DF0E2E2921D2
:10EFC000F1F712E60212200B0923FFF5E7120010F9
:10EFD0001E36092BCC2336F12B24FF1F0606E11722
:10EFE0002430DC39FB20D7F21A2231E0E913DB1E92
:10EFF000F6201E1AE903FD2BD8F4F3D6E8093EF9F2
:10F000000FD52D410BFB04FE18000012E9DDF4239F
:10F01000E140DE13D5F4E702FC0F29291B10D927A4
:10F02000EBF8F4F40C0A0F3AF5C9F50AC4F1F2E072
:10F03000FBEB0517E814EC02E6C6F5CE0822272AFA
:10F040001D152DE6F5F306F3093924EBEED3191D52
:10F0500005D3D21DFBE304F035FE4A04F51EF70488
:10F06000271E171F0C1EDFFA0731081A1ADB210AA8
:10F07000E9E7CBC429F1FC37111BEC050B0717F5A9
:10F0800006F7341AFEF3FE0E190D050919E4DD0C1E
:10F09000F1F11C1AE103F0F7F51A052ACFEAE31D96
:10F0A000F62DD6F705FBE104DF0E0BE60FF0110D90
:10F0B0000C1D140D1FFDE40017EDDFEBFFF0EAC996
:10F0C000EEE3C323E1CD15DAD1D80FF6F33BFF24ED
:10F0D000F4ED2FD6061ED40BDA310B42F4F4E4D94A
:10F0E000F0F2DBEDE115113BFFD7E40C0DF0F60675
:10F0F0001A1EEE401D21F2FDE61214ECEB4A09F156
:10F10000CDFBE0E3D4E4000FD9F42724FE121C2643
:10F1100018CE1520EB1DECCE261101F21BDC0BEAFC
:10F12000E14323D81AF4DFE4F216DCEDDF0A091715
:10F130001712D412E3F530DEF2CF0EF7FD34E8E615
:10F14000ECEE1CFE250A33060F1707F1E408EFE486
:10F1500030EA3434E52B17E9D4EAE6E90ED70B2977
:10F160003827F3D60E0FD3D808DF1218CF04DBBF31
:10F17000C5FADF170BEE0804E8E0021CE70B34E9E0
:10F18000FBED03FFE5F01F17E2F414D905CFF9FCFE
:10F19000DCF70DF4CFE50C05F5FFF015D8E1DBE663
:10F1A00008031D16061C27E1D1DEF9D1EE1506096C
:10F1B000FE37E515E01CD90CD8E713E313E02D0466
:10F1C000CF0B12E30AEE0EF1E5EAF1D1CAD4F0D981
:10F1D0000532FFFE140A1CFD3319F4F527F3FEF87F
:10F1E000F6E60D0C1AE6E2333DF0FF3DDD0BE8D10B
:10F1F0000F2EFEE8EBD82C10B8EE27FED303190B28
:10F200001AE6F50DFB1ADB001133D722F6251AF8A2
:10F21000DE0C1D2DEF2200EF26332ED61AD4E7DFA9
:10F2200001EAC9220CE30ACC041F0CEDFE02E30440
:10F23000C401E80EDF10CC02C4DDD0F8010314EBEA
:10F240000AC8EFDFE217CF1D183F151DD307EFC324
:10F25000CFE01547190CE6071DD5E0E711C200FD08
:10F2600046EED6FF0E13F7DFCBDD0A33162E23CA88
:10F27000EE2D0EEDE822FAD7100018CBC523060AB2
:10F28000D9D6E2EBE3F619F0E8C3CFE7F4EBEEEB07
:10F29000EB0FC42509B9ED0C06D4FE211D06DA22B8
:10F2A000F00700FA14F116DC0D0F02E1F2C90B03AE
:10F2B000ECECEB0BD7F0060C1FF6DBDCF9E91F17C3
:10F2C000FA0D19F2DFCB0D27EF0AF0111BF0DEEC7F
:10F2D000DB1513E4EDF10EE30FDCF41E41F1E2F176
:10F2E00014E7EE18C612EFFA22D813E6D3F8BC07DB
:10F2F00012DBD00EE41FD11603DBF1E6CE1D3BDDA1
:10F30000040DF925F4F1E0F1D609DCFFFE1108FD4A
:10F31000F2EC2EF0F6DF11FB07DE0FE3F1F9F9E472
:10F32000FF0BF013FF08DC29F2E7CEDE0C2A4415B0
:10F33000C404F713D5F219FEF6E1CE0B2201EE104C
:10F3400005CE1FF0E0E741D3E7CA04D236003CF215
:10F35000ED361422FAF015F10E15E2CFCB25E015AB
:10F36000EAE90F270D15ECE7E716002539EB1A0E31
:10F37000E8C1F6E72CEB05080DF31D24F8F015FBAA
:10F38000C7E2E704E8E626FCEBE022EA0FCFD3F879
:10F39000EBE3F408FAFF0BE9E1D8C3062304E7D353
:10F3A0000008261713DFD700F2171DFD08341CE4F0
:10F3B000F3F20BEADCF4120317EAD8DB23DE1FD8E2
:10F3C00008D50AE2D7C9D8F6145F1BD903F91F1F65
:10F3D0002F06E32CDF0F14CF082BDA19F70AE70EFC
:10F3E000EEFFB7F20B16FDE5DD15190825EC0CF85C
:10F3F000ECF0F3D2D0F7E0F5FFC411172EE3132B96
:10F40000E0FA122F0AF11DF50B25F8EDFACA200AD1
:10F41000FFBDF5F6133707DEE0F924DF1E011929D9
:10F4200021051DF6ED04E7E1E3CC2835D2EBE60635
:10F430000B1E0CE3193AC7040F13D6FED4FE0BE9DA
:10F440002B17E1E5C92F24D9FAF6C22A252ABC21B7
:10F45000C9110F08E11B291820200646DC1ED9E738
:10F46000FC25162528CF0E0B06F90AEADE1BD3E58C
:10F47000E8DE1CFED807061111DFF6C1F91108D825
:10F48000E228FA16FB14F3DBF01CDEFCC8DBF0FB11
:10F49000F4F104EA16F6E5E90EFECA0B01F4F017E2
:10F4A0000AEFE1E5E9CD0028EADFE1F708FC19EE13
:10F4B000D21F1A0EF5FA09FB201109E2360617339E
:10F4C000DDE5F4190800ECEDE70BFCFFFDFAF9E6C9
:10F4D0001DF21A0C1A0EFA1FF8082307EAF80DFAA3
:10F4E000F209E8F501D525FED0D01CEAF2D1201FA3
:10F4F00031FA07120E28D8292C05F81012FF23E044
:10F50000FAE1F21D062BE7FC211C1A020DFF11DEA9
:10F51000DF01CEE221F20E00CEF2E44221F3E01B45
:10F52000232A2300FB30F801E3F121DB0AE2191959
:10F530000AF3EF01F403050BCDF90EF8011BE11AF4
:10F54000EEF0EE25D4001915DFEEF3E0F8E7D40570
:10F5500021F309E509EAFBE9EBF3F829052FE4E2D9
:10F5600011E60E191DFBDB0B1BD61007E207D118A5
:10F57000E7F8E81B1FE335FF09122D0420291107C6
:10F58000FCE1D1E60DCAF5E729CF0E0320DE2EEC13
:10F59000E415F61104230E043D1934FCD1EAF4F00D
:10F5A000DEEEEF06DBEF13F1F4F00917E5F80FEBF1
:10F5B0002E332F26D6F1D9B92625B712443310069B
:10F5C00033E62815200EF724F9FB12041032FD044F
:10F5D000F1F3F2E10600F4E5EC19112E1525F528FA
:10F5E000CF062B051C2735FB2313FF13E601F00B79
:10F5F000E2F201D1E6D221020815052B0515F70A22
:10F60000FE1AF109E5E8E1D2DE23100D2CEBCBD98F
:10F6100025FFE9EAE3200302EDD51FFA2910EF05E3
:10F62000011C120DE3EF26F20EDDE5DAD114061C03
:10F63000E3F025EEE71E2DE7D3EF01DA1CDB174FD1
:10F64000CF07402DC901220724E2411AF001EA1632
:10F65000F9DE26F306130BF5101FD43800D6E2CEE0
:10F66000FE12F825CA0409121A1C19E519EE38E52C
:10F67000F4190A232A18FA22F6EB2EF9FAFB27F5D9
:10F6800028271A14FD2BE0F5033519271A1FFD371B
:10F69000F605251CEA0724DA0FCD221C0723FCF30C
:10F6A000F8D305E1F617F30EE5DCD8FF270812C8FA
:10F6B000532E01F3050F1DF941FD1C1F091227ED03
:10F6C000FC1ADF00FE0F1AD4170903D3EDEBD0E1CB
:10F6D0002E12F308EE13F4D209CB3A00FAF71AFE11
:10F6E00018E9EDF518EADE2525EC0221E6EE1723F0
:10F6F000EA3E01DCFD0BF9DAF3DCEB391EE5EE1B2B
:10F70000FAD5E130F7DEE5101AE828F820E30A0020
:10F71000DF111827111210052BD9FF09121AF4084E
:10F72000FE0F152FE8F52CF2F201ECD80511CD32C1
:10F73000BDDC20FD1FE71F101B07F8E81B04E4FADF
:10F74000EB0D26D8FBF83439342405E7F2F104FB3D
:10F75000E8DBFB2DDD06F901141CECE30FF218F3D6
:10F760001E1E11D940F204D206EEFCFC0D1E28D359
:10F77000203303E7110AFA060AD01B0A2FFEE525FB
:10F78000D4FD1003230902170F2514EC2BFDE1FA19
:10F79000F70E0C00270EF5FB1FED20CF06F3E30755
:10F7A000EA2B34E9D8DBFEE4EF3727F5FB233025DD
:10F7B0003DE01A303512F4E8191217092D05FD1431
:10F7C000E318FEF218DD2E050B0D0819FEE41FE705
:10F7D000084F0A22030901E525D0EF2315E4F9FAC1
:10F7E0000EFD1E3D04003713FC15310DCD14F0FD48
:10F7F000E6D2F4FB081F091D040E290AE232E11DBE
:10F8000012F517DA00134F010BEEDFEAF2FEF5EC0A
:10F81000160C22FB1BE9FA2BEE13EC17FEDDE120A0
:10F8200016D9F5F824FC33E91A1045FA301DFFEB20
:10F8300008032DEDDFF02532F1EBE42503E1DD2FA8
:10F84000211614F5061B23F82602EEF711F81B0DFE
:10F8500036FDC2FB3215E2DB0EDD1BE72725372222
:10F86000492AE9F641D9E311E9F8E51BFBECF70574
:10F870002F091CD7F51B1A181E15D82517CDF225F0
:10F88000E7E40A0BD13424140516E7FC34FBD40A50
:10F8900001EDD51229F718F0E0E6E129230C15D87F
:10F8A00031ED06EE0AFD39FAEEC4F10D18F30E152E
:10F8B000E5CA051AECEF1832ED08FCDF10EA13E98F
:10F8C000F8F22AF712C93526D62C052EFC15360B70
:10F8D000D0F9F51BC9FA0A1F3146041103F9111DAD
:10F8E0001C1F00313AFBEDF53303310D0C0E2CFAE1
:10F8F0004832F6E1F90924E61BD8EE1505DA1D2693
:10F90000040A200A0B2BDF0D1FF21EF4FCF6ECC5D7
:10F91000FCDF0436F2FF061C2202EED8C015E70811
:10F9200003D722EE0EDD2DE6F329F5100E1E2DF87D
:10F9300006DC1217291227EB1C0B31F11DE90F33DE
:10F94000CF03EC01D7240AF8232207E5DADCFAEF2B
:10F95000D41EF10E2DE42AEF020A2C0BDBEB103C37
:10F96000101311EDFAFB0F041DE514E8D113D9DDD6
:10F97000F7EFD216EC09110B0B00E4FE0DDE23317C
:10F98000FD14E81800150012F8F01604FBE61C1828
:10F9900005F20DFF292B06DFFA2FFFF31B2C16D8DB
:10F9A000CDD1F93CF022F6FFF4303014093F082E97
:10F9B000B02C1F18140A1E2829B81FF0240915049A
:10F9C000F218200B041804331A05160030E7CA0C8D
:10F9D00034DEEB0D031D2BF2FE18ED1F22E821365D
:10F9E0003625402EEDF502DD2F3AE2EEE54500D852
:10F9F000E516FF05DE22ECD32E03E220E9F0DA263D
:10FA0000DAE0C01AD0E31CD3FA0007EFFC23ECE5E0
:10FA1000C808DAE4F61E040DE509FBF212CC19352C
:10FA2000FE20D20EFC1FEBFCD7021FD131300BCFD2
:10FA30000339F818DEEA05EB0C0ED8DFF7E31EFFFA
:10FA40001B01FA27F2DBF6EC15E3E71EF81D04FBB9
:10FA50000917E50FEE0D0C350229F5FD1B022400F8
:10FA60001B03011408E30CED0A152A0024FD01FC18
:10FA7000F2EE01F9201DFFF3E71721E1ECE5301C60
:10FA800011343A0E141FD2FD1308161529E3F9FAA2
:10FA900031362D4116F025FDE234DE2C37CF32EE23
:10FAA0000E1FF005F702E10634260D2A27DCFDFFC4
:10FAB000182715C5F61FD6E4F3D3000415073AFD41
:10FAC00036090E15F90918E8D0120BF9F0E7211ADA
:10FAD000E80C17150F1B0D09EBF4291906D0DB2FC5
:10FAE000033727F7E132E9DD27FC30DE011ED319A9
:10FAF000E4E902E11AD42713EA2B2DDB1E1606EBEC
:10FB0000C5F71D1DE91828EE06DE0CE2EC21EAF629
:10FB10000005FD131420EEFAF7F7D80AEA200021B9
:10FB20000AF2D0F5D207E02A1D2A4020F5F000E6BF
:10FB30000700E603F52207D307DF12E933E5122EAB
:10FB4000E5ED1534EE2419EAFAD7FEFE12D4214B66
:10FB50002CDC1428E129EDFCF2E0132B39082D0EE2
:10FB60003219F1D8F5F124EC2002F4F52325F60B37
:10FB700011F814120005C9F9D8E0FBF2192219F89E
:10FB800035FA04E214132FFCF8E8FBE2DF00FDE98C
:10FB900024C2F40EFACEFDF015C71526FA011F1384
:10FBA000E9F3F1EA24F414D2E4FBEE22F91228DCA2
:10FBB000130FE6F30AF22026EBF4EF2D1912DDE91C
:10FBC000EF14E4DE0230F819F5DE1F22E7D8E7E390
:10FBD00037B5211921FF04F5ECD8181DE511DD30EA
:10FBE00033CFEBD42718140E00121ECB140E0322B1
:10FBF000FF09C4D9F518292302E31FF527F0282FA0
:10FC0000D9E0EC2823FB0C102ADE1EE81729FE138E
:10FC10000FC527EB18F1F3121D344519E51DE9FD59
:10FC20003F261ADE06F325141A122ACA25E0DD1132
:10FC3000E2D6FC151EE9B81C200A4A2AEBE444ED82
:10FC4000EBF727F02FE9FEECE02309F72624F1F685
:10FC5000E5D4FFE9ED22EBF718DA15F33AFF1921A5
:10FC6000E805F3F01CE323F5DBFD05F424DA241AA0
:10FC700000160C140716F936DDD91408111AF40011
:10FC800010F0FC1DF51303FA2C2528F021EFD90AFA
:10FC9000E71103181BE220FA0A12F2F032E62416EA
:10FCA000FE38FA15FFCDDE13ED16F613ED2D1F14F9
:10FCB00010E21C0C12FB24E61ED4371C411B14EF6F
:10FCC0001D1E282606100120273A1EDF35E711D613
:10FCD0003CC62DD211FD38D927E83AF5F8E81C3199
:10FCE0003C05020F182B2E23F3FFF6CBE618DE2B74
:10FCF00006EB21FAF51611331DEF0B39C3E109CAE2
:10FD00000EF5151D07060D1AE345DED3EEFF33F1A0
:10FD1000E8243B0B020CFBF7C700080A0C26DD04A5
:10FD2000F0280909E21AE6C21EE2E5100CD8D6FE58
:10FD300020F3301AEDEF23E4D7130F2428191218FB
:10FD4000E91FEBE803F415210A151CE336CC290260
:10FD5000F743DDE6190A16290A24F907E31AF2F82F
:10FD600074FD01106CFD0110000000000100000096
:10FD700000000000010000009EBAAF3C010000003E
:10FD8000070000000000000000000000000000006C
:10FD900000000000FFFFFFFFFEFFFFFF000000006C
:10FDA000FFFFFFFF00000000020000000100000054
:10FDB0000200000000000000FFFFFFFF40170000EE
:10FDC000010000000400000000000000000000002E
:10FDD00001000000200000000600000001000000FB
:10FDE000F4FD0110ECFD0110000000000100000016
:10FDF000FBFFFFFF01000000CAC9674302000000CB
:10FE000001000000C00000002C2066756E6374695C
:10FE10006F6E3A2000617373657274696F6E202291
:10FE2000257322206661696C65643A2066696C6599
:10FE300020222573222C206C696E65202564257391
:10FE400025730A00232D302B2000686C4C0065665A
:10FE5000674546470030313233343536373839411B
:10FE60004243444546003031323334353637383931
:08FE7000616263646566000035
:08FE7800B422FE7F010000002E
:08FE80009557001065E2001027
:10FE880000700120653200206D3200207D32002094
:10FE9800000000000000000000000000000000005A
:10FEA800000000000000000000000000190501002B
:10FEB80000000000000000009D050100A9050100E8
:10FEC8008D3200208F32002013340020933200201E
:10FED8009532002097320020993200209B32002072
:10FEE8009D3200209F320020A1320020A332002042
:10FEF800A5320020A7320020A9320020AB32002012
:10FF0800AD320020AF320020B1320020B3320020E1
:10FF1800B5320020B7320020B93200201D3400204D
:10FF2800BD320020BF320020C1320020C332002081
:10FF3800BD310020C7320020C93200203D340020E6
:10FF48000348854600F006F8004800476548002049
:10FF5800007001201CB50948009009480190054629
:10FF68000126009C05E0E36807CC33430C3C984726
:10FF78001034AC42F7D3FFF7E7FF0000243100202C
:10FF88003431002002E008C8121F08C1002AFAD143
:10FF980070477047002001E001C1121F002AFBD101
:10FFA800704700001875002018750020E0760000E2
:10FFB8001431002070B51D4E3078002834D0EFF38E
:10FFC8001085EFF3108072B619480068002802D037
:10FFD8008047002813D03078811E032912D20124CB
:10FFE8002046214603F0DEFB1248016804220A433A
:08FFF800026030BF0021204629
:020000041002E8
:1000000003F0D4FB0AE085F3108870BD012805D108
:100010000A48016804229143016030BF0848006823
:10002000002803D03178022900D1804785F3108859
:1000300070BDC0462CC700209CE2002010ED00E0FF
:1000400098E20020B0B582B06D4600242C702046A6
:10005000294603F0B1FB2978204603F0B3FB28784A
:1000600000283DD00194022001A903F0B1FB1D4DF1
:1000700001982860002833D00024204603F0AEFB0E
:10008000002808D0012003F0AFFB0194022001A951
:1000900003F09EFBECE714480268002A1DD0286894
:1000A000017843781B02591883781B04C918C37858
:1000B0001B06C918001D90470446022003F08EFB62
:1000C000002803D0012003F08FFBF6E7052021462E
:1000D00003F06CFB022003F08DFB002003F08AFB91
:1000E00002B0B0BD3CC7002038C700201948804787
:1000F000194800477046EFF30881EFF30982174B68
:100100009847FEE77046EFF30881EFF30982144B3E
:100110009847FEE7FEE7FEE7FEE7FEE7FEE7FEE7BD
:10012000FEE7FEE7FEE7FEE7FEE7FEE7FEE7FEE7A7
:10013000FEE7FEE7FEE7FEE7FEE7FEE7FEE7FEE797
:10014000FEE7FEE7FEE7FEE7FEE7FEE7FEE7FEE787
:10015000FEE7FEE739350020C13000201B340020C7
:1001600011340020F0B51FB40646002082B00546C9
:100170004024019100901BE0019922460F46304631
:1001800000F079F8049A059B801A994110D3104623
:100190001946224600F05FF8361A8F410197224631
:1001A00001200021009F00F056F838184D410090C2
:1001B0002046641E0028DFDC019B00982946324659
:1001C00007B0F0BD30B5434351435C18010C130C2C
:1001D0000D465D432C1980B292B2054655435143FA
:1001E0000A0C09044D1962415843010C00044019DE
:1001F000514130BD03460B439B0703D009E008C9BA
:10020000121F08C0042AFAD203E00B780370401CC6
:10021000491C521EF9D2704770B50446002903D01C
:1002200000202022012310E0002801D00020C0433C
:10023000C046C0460DE02546D5408D4205D30D464B
:100240009540641B1D46954040191546521E002DD1
:10025000F1DC214670BD10B5202A04DB0146203AAE
:100260009140002010BD914020239C1A0346E3409A
:100270001943904010BD10B5202A04DB0846203AEF
:10028000D040002110BD0B46D340D0402024A21AFC
:1002900091400843194610BDFEE780B503F0B0FA5F
:1002A00080BDFEE710B582B001AC204603F0AEFA87
:1002B000019803F0B1FA6078000601D500F090FFD4
:1002C00002B010BDF0B585B0002503953B4C04AEDF
:1002D0002046314603F0A6FA30880821014001206B
:1002E0000190C607002907D0204603F0A1FA642038
:1002F00003F07AFAE5480660032103AA204603F0DA
:100300009DFAD948046803E003F006F9DF48066067
:10031000002C25D02046A46A017D0029F4D1417D1E
:100320000129F1D0817D0229F2D102A90746F248C4
:1003300003F08AFA3846BA68FB6802999A4204D2F6
:100340009142E5D3994204D3E2E7994201D3914225
:10035000DED3C1690029D7D0006A88473846D3E781
:100360000096E9480668002E18D00021029A0D4632
:10037000F54804E01D46F448B66A002E10D0B37D5F
:10038000022BF9D1B368CC0705D0AC1A9F1AA7424B
:10039000F0D32B46EEE71D460199EDE72946EA48E2
:1003A000C90709D003998D4206D003212A4603F0DC
:1003B00051FA0098ED49086005B0F0BD00300560C5
:1003C000014802490160704708ED00E0003000205C
:1003D00082B0282003F044FA0A2003F041FA0B20EF
:1003E00003F03EFA0C2003F03BFA0D2003F038FA3C
:1003F0000E25284603F034FA0F2003F031FA1020BE
:1004000003F02EFA352003F02BFA112003F028FA1E
:100410001226304603F024FA0024204621462246C4
:1004200003F024FA03F028FA03F02CFA00F030F974
:1004300001F0B2F86448654A294601F0C9F800F0B5
:10044000A1FE00F04FFD00F059FF61A031462246A9
:1004500000F062FD00F01AFB01F012F801F0ACF8B8
:100460001721204603F014FA01200190C005A3498A
:100470000860FF2109065B4A13688B431360A1499A
:10048000086002205849594A01F016F9584D5F4F4B
:1004900003E03C70012003F001FA00F0ABFF0028FC
:1004A0002DD003F001FA064603F004FA297800295A
:1004B00027D04B2189004143514808187D21C900AC
:1004C000FFF7AAFE4D490968711A814229D302F04B
:1004D000D9FF202802D30198474908704648007880
:1004E00001281ED100F07CFF00281AD002F0CAFFBC
:1004F0001F2828D84048047002F0C8FF4DE02C7037
:100500000FE002F0BFFF002803D002F0C5FF02F0A9
:10051000BDFF384804603848047001982870374897
:10052000066038780128B5D100F05EFF0028B0D011
:1005300000F056FF0028ADD03549097800F068FF7B
:100540000028A7D1A5E702F09DFF202822D300F0C4
:1005500051FF00281ED000F043FF00281AD00646A5
:100560002021284802F0B2FF202813D12022304653
:10057000244900F067FF00281CD01E490868401C71
:100580000860052806D300F03BFF2C701A48047061
:100590001848046001981849087002F073FF1F287A
:1005A00004D81548047002F071FFBAE701981249A7
:1005B0000870B6E7202002F06FFF0E490C60124A67
:1005C000116808181060E8E738B30020C147002020
:1005D00053757065725F536D6172745F5261636BC6
:1005E0006574000014E400E02D4800202548002038
:1005F000A4830020A8830020AC830020A0830020D7
:10060000E703000035EB002020EB002018750020E8
:1006100094E20020B0B503461020002B22D001291F
:1006200020D8EFF31084EFF3108572B69D7D002D76
:1006300002D084F31088B0BD00209862DA61197688
:100640000121997530490A68002A02D10B60002106
:10065000D9622E490A68002A01D09362DA620B60DF
:1006600084F31088B0BDC046C4C7002001461020E6
:10067000002909D08A7D002A06D001224A7500206F
:10068000C875D107394A11607047C04600E200E0E2
:10069000F0B581B0052003F0E3F82B4D0024284687
:1006A000214603F00DF90127F80714490860FF26D9
:1006B0003106134A13688B430321890759181160C7
:1006C000104908601F21204603F0E2F8790228460D
:1006D00003F0FCF80821284603F0FEF828463146CE
:1006E00003F000F9284603F003F9074804600748BF
:1006F0000460204601B0F0BD0030056080E200E0FB
:100700001CE400E000E100E0C4C70020C8C70020EE
:1007100010B51023002815D0847D002C12D0426221
:10072000416001461031084A0446104603F08CF837
:100730000220E075FF200230A0820120C0070B4993
:1007400008600023184610BD0030056001461020E7
:10075000002909D08A7D002A06D001204875C87575
:10076000C0070249086000207047C04600E200E070
:1007700084B0104C104D04E0621C81B2104603F0AE
:10078000BDF828680022D34301A903F0BDF8002872
:10079000F2D101A803F0BEF802990029F1D0039824
:1007A000002802D003F0BCF8EBE7204603F0BEF8C7
:1007B000E7E7C046026000009875002080B50A4651
:1007C0000021FFF727FF4142484180BD80B5FFF778
:1007D0004DFF4142484180BD80B5FFF799FF41423E
:1007E000484180BD80B5FFF7B1FF4142484180BD1F
:1007F000F0B591B07648012103F09EF8002600285C
:1008000000D1E1E0734803F09DF8002800D1DBE05F
:10081000714803F09DF8002800D1D5E06F4801240D
:10082000214603F09BF8002800D1CDE00420009081
:100830006B486C4A10210B4603F096F8002800D153
:10084000C2E06948062103F095F8002800D1BBE01A
:100850006648022103F094F8002800D1B4E0250294
:1008600000206349634A131859601D8149191C30DF
:100870007028F8D100206049604A13185960282672
:100880001E8128311C307028F7D15D480B905CA088
:1008900041688268C0680E900D920C910BA803F01D
:1008A00075F8002800D18EE059490C310822594BC7
:1008B0000B608D80412080001B183031521EF7D113
:1008C000019455490C310C22544B0B608E80303111
:1008D0002C33521EF9D1BF21C943514A514B5F18E5
:1008E000CC243A51D0243D5312183031F7D14E4820
:1008F0000C3008214D4A0260868030302C32491E6F
:10090000F9D14BA102A80246D8C9D8C2D8C9D8C2C9
:1009100003F042F8002856D04D480C3008214D4ACB
:100920000580031F1A6052192030491EF8D148482B
:100930000822294603F036F8002844D00020464912
:10094000464A115013189D80491910301028F8D0CC
:1009500042480222294603F02BF80026002833D013
:100960003F480BAA114698C898C198C898C1402022
:10097000082103F023F83B490860002824D03A48B6
:1009800002AA114658C858C158C858C158C858C1B9
:1009900036480026314603F017F83549086000282C
:1009A00012D0344803F016F803F01AF8F43528464C
:1009B00003F01CF87D2040012F4903F01DF803F0DF
:1009C00021F8019E00E00026304611B0F0BDC0467F
:1009D000A0890020708C0020388B0020108500201A
:1009E0006890002078900020B894002008900020A3
:1009F000E89E0020588D002018AF0020889000202D
:100A0000588D002000010400889000202800040078
:100A1000888E0020F8A600207892002018B10020CF
:100A2000E8A20020C88D0020F8900020B8AF002078
:100A3000888E0020000108007892002028000C0019
:100A4000C88D002000010400F89000202800080054
:100A500010840020E8940020E89C00208089002079
:100A600000730020C4B30020DC7200200148002085
:100A70008CB30020CD650020AC0D000058480088E4
:100A8000081A41424141C8007047C046F0B583B0E2
:100A90003A4900253A4B28462A4601F0AFF801268C
:100AA000002867D00095019581204300354C2846E9
:100AB00021462A4601F036F800285BD048490880D4
:100AC0000D20019030480090611C00200223024656
:100AD00001F028F800284DD00E2701972B480090F0
:100AE000A11C0025022328462A4601F01BF80028F5
:100AF00040D002971227019725480090E11C02265A
:100B000028462A46334601F00DF801972148009007
:100B1000211D28462A46334601F004F801971E4855
:100B20000090611D28462A46334600F0FBFF0197DE
:100B30001A480090A11D28462A46334600F0F2FFCD
:100B40000298019016480090E11D28462A46334637
:100B500000F0E8FF07200190124800902D3428464D
:100B600021462A46334600F0DDFF01F00DF802F081
:100B70004FFF2E46304603B0F0BDC0460A180000B5
:100B800018730020232A00007C7300208C7300203F
:100B900040730020547300209C7300206873002071
:100BA000307300200175002010B50D480088814287
:100BB00014D10820002B10D00A490A68496819711D
:100BC0001A700C0EDC710C0C9C71090A5971110E13
:100BD000D970110C9970110A597010BD002010BD08
:100BE000D0C7002000E2002010B5421E622A00D9C2
:100BF00036E1481C5200C0467A449288520097441D
:100C00006200BF009200E900F8009D00C900D40016
:100C10000901FF002F012F012F012F012F012F01AB
:100C20002F012F012F012F012F012F012F012F0144
:100C30002F012F012F012F012F012F012F017700ED
:100C4000AD0080006E002F01DA00E00018012F01D6
:100C50002F012F012F012F012F012F012F012F0114
:100C60002F012F012F012F012F012F012F012F0104
:100C70002F012F012F012F012F012F012F010F0114
:100C80002F012F0168008F0025016B007D0074008B
:100C9000BC0071002B012F0128012F012F012F0112
:100CA0002F012F012F012F012F012F012F012F01C4
:100CB0007A002F012F012F012F012F012F012F016A
:100CC0002F019A00E6008878C9780902091884483B
:100CD000C4E009786C48C1E009786848BEE009883A
:100CE0007048BBE009786148B8E009786148B5E030
:100CF00009886F48B2E009786448AFE009785E4837
:100D0000ACE0881C00220C46114602F087FE01462A
:100D10002078627812021218634802F085FE10BD36
:100D2000097858489AE00A794B791B029C18CB78CD
:100D30000278674835E0097855488FE001784278B5
:100D4000120251188278C3781B029A188379C079ED
:100D50000002C3185A4802F06DFE10BD881C002224
:100D60000C46114602F05AFE0146207862781202C3
:100D700012184E4802F058FE10BD09783C486DE04C
:100D8000CA780178554802F05BFE0020012102F08C
:100D90005DFE10BD8878CA78120214184B790A7962
:100DA0004648214602F058FE10BDCA7801784A48EC
:100DB00002F046FE10BD0878497809020918384843
:100DC0004CE08A780978354802F03AFE10BD09787F
:100DD000384843E008794A79120212183A480C461A
:100DE000114602F08BFD211D3848082202F03AFE20
:100DF00010BD0B89CA888988324802F01BFE10BDDD
:100E000008784A78120213188878C97809020A18F3
:100E1000294817E001784078000241182D481DE06C
:100E20000B78C8784042C2B21A48194602F008FE50
:100E300010BD08784A7812021318887AC97A090214
:100E40000A181548194602F013FE10BD09780C481F
:100E500004E00978034801E00978034802F04EFDF8
:100E600010BDC0462BA000002AA0000029A0000051
:100E700028A0000027A0000026A0000025A0000058
:100E800024A0000023A0000022A000002CA000004D
:100E900033A0000021A0000016A0000015A0000053
:100EA00014A0000013A0000012A0000011A0000078
:100EB00010A0000034A000000FA000000EA0000051
:100EC0000DA000000CA000000AA000000BA0000074
:100ED00009A0000008A0000007A0000005A0000075
:100EE00003A0000080B5024802F0C8FD80BDC046E6
:100EF000613D00202F480088411A48424841704710
:100F00002C480088884205D10120002B01D0002107
:100F10001970704700207047F0B583B014460D4635
:100F20000146202D00D320251F4F38462A46FFF7C3
:100F300061F9200A1D4E707034700320C102002038
:100F40001B4B024600F05AFE0124002828D00097CF
:100F500001951520450200200227294602463B46FE
:100F600000F0E0FD00281BD000960197691C0026C8
:100F7000304632463B4600F0D5FD002810D00096A2
:100F80000196A6358120430030462946324600F0BE
:100F9000C9FD002804D00749088000F0F5FD34465B
:100FA000204603B0F0BDC0460CC7002008C7002093
:100FB00024730020CCC7002000207047F0B597B004
:100FC0000124E1024548464A10252B4600F074FEF4
:100FD00044A00BA94CC84CC14CC84CC147A002AAA4
:100FE0001146C8C8C8C1C8C8C8C12421284602F0D3
:100FF0004BFD48490860002812D047A011AA1146AD
:1010000068C868C168C868C10820802102F03CFD3A
:1010100047490860002807D103204003401C01E035
:101020000320400302F082FC40200C210BAA02F0B6
:10103000C5FC4049086000281CD03FA002AA114608
:1010400068C868C168C868C168C868C143480021E9
:1010500002F0BAFC42490860411E05468D41002855
:1010600033D0802002F016FD3E4802F019FD002D1D
:1010700003D127E00025002D24D026020096102160
:1010800028220823204602F011FD683636483146F2
:1010900002F012FD33208101344802F013FD344880
:1010A0000221302202F014FD02F018FD314802F056
:1010B0001BFD314802F01EFD304802F021FD304892
:1010C00002F024FD284617B0F0BD0320400309308C
:1010D00002F02CFC002DD0D1F4E7C04640CD00201A
:1010E00044C70020CA73002000000000647500207F
:1010F000340000009C7500200006000004740020ED
:101100000000000008E2002024000000C8C4002005
:101110004002000034C70020DD7300200000000002
:101120002CE2002024000000C8C0002000040000C1
:1011300030C7002098750020F773002001000000E0
:101140001C75002044000000A07B00200008000067
:10115000200000000000000000000000E93800202E
:1011600060750020F5640020D8CB002040D5002019
:10117000B083002035390020513900205D3900202E
:1011800045390020B0B501F0A5FF0024022120461A
:1011900002F07EFB0F4804220260FF2000040E498B
:1011A0000B6883430B600D4802600F200321072367
:1011B00002F0B2FC00F018F80125FFF719FB002837
:1011C00006D0FFF7FBFE002802D000F059FC2546B0
:1011D0002846B0BD80E200E000E400E000E100E06D
:1011E00080B502F09FFC80BD10B52B4802F0A0FC3A
:1011F0002A4802F0A3FC2A4802F0A6FC294802F083
:10120000A9FC294802F0ACFC284802F0AFFC2848B1
:1012100002F0B2FC274802F0B5FC274802F0B8FC07
:10122000264802F0BBFC264802F0BEFC254802F02E
:10123000C1FC254802F0C4FC244802F0C7FC244845
:1012400002F0CAFC234802F0CDFC234802F0D0FC97
:10125000224802F0D3FC224802F0D6FC214802F0DA
:10126000D9FC214802F0DCFC204802F0DFFC2048D9
:1012700002F0E2FC1F4802F0E5FC1F4802F0E8FC27
:101280000020C4432046214602F0E8FC20462146C7
:1012900002F0EAFC10BDC046D3BC0200B3BC0200A1
:1012A000BBBC0200CBBC0200C3BC0200B9550100AC
:1012B000695601006127020001270200152702007C
:1012C000710B02005D240200312602009D25020000
:1012D0008D260200F9250200C52602007D270200A6
:1012E000752702007D0B0200D9E9030001E8030025
:1012F0003DE70300C5EA03009DEA0300F0B58DB0A9
:10130000022002F0B7FC092401AE06252046314632
:101310002A4602F0B5FC317870780A46024312067C
:1013200005D10BA82649818026480B9012E0C2B255
:101330000BA8C27001AA53794371937883700B098B
:101340000901C9180171D1783F2319404170117901
:10135000194001700BA802F099FC1B4807A90A4626
:10136000C8C8C8C2038813808078907000263046B1
:1013700002F092FC06A98D708120400008800325B0
:1013800030462A4602F08EFC01AF7C701320387084
:10139000B81C0EA11222FEF72DFF1422304639464A
:1013A00002F086FC304602F089FC05211022284616
:1013B00002F08AFC0121304602F048FB0DB0F0BD7E
:1013C00003BA000055404D03CC7200205375706580
:1013D000725F536D6172745F5261636B657400007C
:1013E0005E4800887047C0465D480178012008408B
:1013F0007047C04658480178012008407047C046F1
:1014000055480021017055480180554801707047CA
:1014100010B504460120002C11D0514A1278D20791
:1014200001D1022010BD4D4A1288944207D1044ACE
:101430001170564801880123204602F04BFC10BD74
:101440000075002010B504460120002C16D013466C
:101450000A46002912D0002B10D03F490978C9074D
:1014600001D1022010BD3D490988002906D08C42D7
:1014700004D144480188204602F02CFC10BDC0462F
:10148000F0B583B0344800250570344805803448F1
:1014900005700124E1023348334A102300F00CFCAC
:1014A000324E334B284631462A4600F0A7FB00282F
:1014B0004FD0D72001902F480090F01C81B200251A
:1014C000022328462A4600F02DFB002841D02A4955
:1014D00008800095019541208700B01C81B2284604
:1014E0002A463B4600F01EFB002832D023490880E4
:1014F00002F0F6FB2249088000282AD000950195C9
:101500003B460C33701C81B228462A4600F00AFB89
:1015100000281ED01B49088002F0E2FB1A4908800F
:10152000002816D0009501950E37301D81B228464F
:101530002A463B4600F0F6FA00280AD013490880F4
:1015400002F0CEFB12490880002802D000F01CFBFC
:101550002C46204603B0F0BD34EB0020AE830020C3
:1015600024EB0020A0E20020A0EA0020F0FF000011
:1015700008750020287400202EEB002030EB00209E
:101580002AEB002032EB00202CEB002026EB002081
:1015900028EB00207047000003480449016004481C
:1015A000044901607047C046300B00208D66002062
:1015B0002C0B0020B548002001480249016070470B
:1015C000280B00204147002080B5FEF7F7FC80BDC6
:1015D00070B51024002828D0002926D0144B19609B
:1015E000144E3060144802600125284602F002F9CA
:1015F0000324204602F0FEF83168204602F0D6F8B7
:101600000024E143062002F0D1F828070B490860C6
:101610000B490A68C02313433F2293430B600949D7
:1016200008601C21204602F033F9204670BDC046F8
:10163000D4C7002040C7002038C7002080E200E067
:101640001CE400E000E100E0002815D0002913D0E0
:10165000022908D001290FD10278AA2A01D107480E
:1016600008E0022908D10178AB2905D14078044966
:10167000087004480121017000207047AC830020ED
:1016800094E200201875002082B0074C20680022E8
:10169000D343694602F038F90028F7D10199009840
:1016A00002F024FBF2E7C046C4B3002080B502F08C
:1016B00023FB80BD0020704710B5094B1960094914
:1016C00008700948026001200024214602F06EF8EB
:1016D00003210A220523204602F01EFA10BDC0464F
:1016E0009CE200202CC7002098E200208AB009A0CC
:1016F00001AC21462CC82CC12CC82CC12CC82CC133
:1017000002F000FB0C480021224602F05DF902F0D5
:10171000FFFAFEE71F7400200100000050E20020E5
:1017200044000000D8C7002000040000180000009A
:10173000000000000000000049350020FEE7000026
:10174000F0B583B01C4616460F460290098913482F
:10175000089D2A4602F08CF9F888C00513D402943B
:101760003C8A0E48401C2146324602F081F9A01BFB
:1017700081B2A94200D80546AAB2786981190298B7
:10178000FEF738FD07E03989009502983246234676
:1017900000F0E4FD0546A8B203B0F0BD155100000D
:1017A000F0B585B01D4616460F460121017014782C
:1017B000384602F0B3FA002800D16EE00097019598
:1017C0000746C8379D490546481C214602F096F851
:1017D000D8350295601E512800D9D9E04000C04696
:1017E000784480884000874451005D006F00950078
:1017F0009A00A100A700AE00B400BB00C000C70063
:10180000CC00D300D300D900DF00E600EC00D30009
:10181000D300F300F90000010501D3000C01D3004F
:1018200013011A01D300D300D300D300D300D30097
:10183000D300D300D300D300D300D300D300D30010
:10184000D300D300D300D300D300D300D300D30000
:10185000D300D300D300D300D300D300D300D300F0
:10186000D300D300D300D300D300D300D300D300E0
:10187000D300D300D300D300D300D300D300D300D0
:10188000D300D300D300D300D3001E01029C204616
:101890003146019A02F048FACBE0684802F046F877
:1018A00005B0F0BD3846314602F044FA0028029CEB
:1018B00000D0BEE004A900980880388848800A203B
:1018C000042202F03DFAB4E00121304602F03EFA73
:1018D0007A889042014600D311463A88914202D25A
:1018E000172900D339803A7854498B1CC1B2184665
:1018F00002F0A6F80220B8713988009C204602F058
:101900002BFA03A90C80388848800A20042202F0B0
:1019100017FA8DE03846314602F024FA88E0029C3E
:1019200020463146019A02F023FA82E038463146D9
:10193000019A02F023FA7BE0029C20463146019A8C
:1019400002F022FA75E038463146019A00F0ECFACE
:101950006EE0029C20463146019A02F01BFA68E0D4
:101960003846314600F0D6FB62E0029C2046314604
:10197000019A02F015FA5CE03846314600F066FA4A
:1019800056E0029C20463146019A02F00FFA50E0E0
:1019900006223846214602F00FFA49E03846314621
:1019A000019A02F00FFA43E0029C20463146019A68
:1019B00002F00EFA3DE038463146019A00F042FC52
:1019C00036E0029C20463146019A02F007FA30E0E8
:1019D00038463146019A00F0D1F929E0029C2046B0
:1019E0003146019A02F000FA23E03846314600F011
:1019F00093F91DE0029C20463146019A02F0FAF963
:101A000017E0029C20463146019A02F0F9F910E0F5
:101A1000029C20463146019A02F0F8F909E0384666
:101A200000F0D4FB04E038463146019A00F0DDFBBB
:101A3000029C204602F0F0F905B0F0BD14520000FF
:101A40000148024941607047BC0A00201949002042
:101A500010B50C46C988C90503D5218900F066FC7C
:101A6000208210BD014802490161704764090020CD
:101A7000ED4B00200121017000487047FFFF00007E
:101A800080B5114802F096F8104802F099F8104815
:101A900002F09CF80F4802F09FF80F4802F0A2F8FD
:101AA00001F01AFA01F04AF801F032F800F09CFC5B
:101AB00001F034F801F012F800F09CFCFFF7D2FFBF
:101AC000FFF7BEFF80BDC046696000203561002081
:101AD000A160002091610020FD600020B0B50146AA
:101AE0008B4A1088002810D013888A4A1468002274
:101AF00004E00834521C9A42184608D225888D42C8
:101B0000F7D865888D42F4D302E0002200E0184641
:101B1000D100804B1B6859184968002900D0104635
:101B2000B0BDC046F0B581B01C4617460D461549FC
:101B3000079B069A00280DD00D46002F1BD0384673
:101B4000214602F06FF90646681C1022394601F062
:101B500089FF0AE028460F46214602F069F9064649
:101B6000B81C294601F0CAFE3D46E81C3146224613
:101B700001F07EFF03E0284601F0D8FE0026304643
:101B800001B0F0BDA5520000F0B581B060480188F9
:101B9000002912D002885F480368002004E008335F
:101BA000401C9042114606D25C88002CF7D11C885C
:101BB000002CF4D002E0114600E000200E4C8842D8
:101BC00006D181B2204601F099FE002001B0F0BD9F
:101BD000C60002F033F905464E4F3868801945803B
:101BE00002F032F90246601C294601F041FF3868D4
:101BF0008019408801B0F0BDA3520000F0B583B059
:101C000001920E46424D29880024002902930FD0EC
:101C1000404A12681788002F0AD029880832012309
:101C20001C468B4204D2631C17880832002FF7D160
:101C30008C4205D1A1B21F4801F060FE002735E0BB
:101C40001C4D002813D02E46019D002D2AD00520C2
:101C5000C102284602F0FEF80746B01C10222946B1
:101C6000354601F0FFFE002F0DD100271EE00520B4
:101C7000C102304602F0F4F80746E81C314601F094
:101C80003DFE002FF1D0E000224909680F520818EC
:101C90000299416000214180281DA2B2394601F01D
:101CA000E7FE03E0701C01F041FE0027384603B058
:101CB000F0BDC04699520000F0B581B0134D002828
:101CC0001FD0002A1DD00C4600291AD0002B18D096
:101CD0000F490B800F490A6000210F460E46FF0096
:101CE000D151761CF7B29F42F9D3002200922146CF
:101CF000134602F0BBF8681C214601F0FFFD01B05D
:101D0000F0BD284601F012FE01B0F0BD9752000070
:101D100028B300202CB3002070B582B00E460446D4
:101D2000102002F0A9F800280AD005466189A08891
:101D30007278002300930193012A06D0032205E064
:101D40000D4801F0F3FD02B070BD022200F026FB49
:101D5000010607D0C3B218210022284602F092F8EB
:101D6000024602E0192028700122A088294602F0CC
:101D70008FF802B070BDC04623510000F0B58BB0A3
:101D800004920C4605460121204601F0DFFF07467C
:101D90000321204601F0DAFF03902E462888001D1B
:101DA00080B202F069F8002813D0054605A839462C
:101DB00002F074F8002811D005A8C088010701D5E9
:101DC000C00512D4162128463A4602F06DF80246A4
:101DD00028E01D4801F0AAFD0BB0F0BD16212846F1
:101DE0003A4602F067F802461CE005A9304602F0C8
:101DF00067F8002801D003460EE0B0880499491F17
:101E000089B2621D0092019101223946039B00F0C4
:101E1000C5FA01060CD0C3B2162128463A4602F094
:101E200031F80246B088294602F032F80BB0F0BD16
:101E300028462146049C2246FEF7DCF9172028702C
:101E400077812246EEE7C04622510000F0B589B006
:101E50000D4604460121284601F078FF064603217D
:101E6000284601F073FF029003A8314602F016F8ED
:101E700007462088001D80B201F0FEFF00280CD02C
:101E80000546002F0ED003A8C088800710D40C216F
:101E90002846324602F01AF83BE0224801F046FD9F
:101EA00009B0F0BD0C212846324602F003F830E0BC
:101EB00003A9204602F004F8002806D003460C21AE
:101EC0002846324601F0DEFF23E0A08803AF394602
:101ED000FFF7BEFD388A029A824205D90C212846B6
:101EE000324601F0F9FF14E0801A411C208881423B
:101EF00003DD1018401E03A908820798801A81B2DA
:101F0000A08800916B1C03A9FFF71AFC0D21297012
:101F1000401CA18882B20846294601F0B9FF09B0E9
:101F2000F0BDC0461F510000F0B591B014460E46FA
:101F3000074601213046099101F008FF05460321BB
:101F4000304601F003FF024671480A9529460546CE
:101F5000089201F08DFD7279681C214601F088FD20
:101F600007973888001D80B201F086FF002804D052
:101F70000746082C06D3102005E0A81C01F0D6FC6B
:101F800011B0F0BD022006900A9A0899501E80B246
:101F900088420AD2701D05900BA801F0A3FF00260D
:101FA00003960296099804900FE00821384601F044
:101FB00081FF9EE00BA9079C204601F081FF0028CD
:101FC00034D00390099C002C75D10BA801F090FF30
:101FD000002870D00BAC204601F090FF2289A18828
:101FE000E81C01F045FD0E98017840780002401889
:101FF00082B2E188281D01F03BFD20890028E1D054
:1020000000240A998842DED308998842DAD80BA8BE
:102010000599069A01F078FF0028D4D00BA8C08853
:102020008007C7D43004CED10D9ECCE7A0880BA981
:10203000FFF70EFD0F98801C049989B200220392CD
:10204000022904D382B2029B9BB29342BAD10129E6
:1020500003D17870049B5B1C01E0049B0298029002
:1020600080B299B20A1820888242049306D90229C4
:10207000A8D8001F0BAA1082801C78700BAC228994
:10208000384601F047FF07988088218A009104991B
:10209000891C049189B27B18002203922146FFF724
:1020A0004FFB0446681D214601F028FC04982018C7
:1020B0000490039C87E7049988B2022802D3092080
:1020C000387017E00399080606D0CBB208213846CD
:1020D0000A9A01F0D7FE0CE0300405D0B2B2082114
:1020E000384601F0F3FE04E0082138460A9A01F070
:1020F00017FF0146A81D8CB2214601F0FFFB07988F
:1021000080883946224601F0C3FE11B0F0BDC046BA
:1021100017510000F0B587B00A4604460121104669
:1021200001F014FE064601A8314601F0B7FE07464D
:102130002088001D80B201F09FFE00280CD00546CB
:10214000002F0ED001A8C088800710D40A2128468D
:10215000324601F0BBFE2EE01B4801F0E7FB07B062
:10216000F0BD0A212846324601F0A4FE23E001A971
:10217000204601F0A5FE002806D003460A21284685
:10218000324601F07FFE16E0A08801AE3146FFF72F
:102190005FFC2088318A814202D3401E01A9088257
:1021A000A08801A90A8A00926B1C0022FFF7C8FAD6
:1021B0000B212970401CA18882B20846294601F0F3
:1021C00067FE07B0F0BDC0461E51000080B582B06A
:1021D0000189002907D0002303818088009301939F
:1021E000042200F0DBF802B080BDF0B589B01546DE
:1021F0000C4607460121204601F0A8FD064603A82B
:10220000314601F04BFE00280CD04120800003A98C
:10221000C9880140814205D103A9384601F050FE2A
:10222000002801D009B0F0BDB888E91E89B2E21CCF
:102230000092019100223146134600F0AFF809B038
:10224000F0BD0000F0B58BB003920C4607460126A6
:102250000846314601F07AFD014605A8049101F0D7
:102260001DFE0546102001F007FE00280CD0002DB1
:102270000FD005A9CA8811073D4613D41221044680
:10228000049A01F011FE1AE0274801F04FFB0BB051
:10229000F0BD12210446049A01F00CFE21460646C8
:1022A0003D460EE005A9D20511D4098AC91C039B3D
:1022B00099420CD212210446049A01F037FE2146BD
:1022C0000646A888324601F0E3FD0BB0F0BD002AB7
:1022D000D4D5074605A9284601F0F2FD002805D00F
:1022E000034612213C463846049A13E0A888039915
:1022F000C91E89B2E21C009201910022049C214671
:10230000134600F04BF8010609D0C3B21221224651
:102310003C46384601F0B6FD39460646D1E7132063
:1023200039463870CDE7C04621510000B0B50C46A3
:1023300005460846FFF7D2FB0146294802880020DF
:1023400091420AD0C900274A1268511849680A68A0
:10235000002A02D0284621469047B0BDF0B581B092
:102360001C4615460E4607460846FFF7B7FB0146D2
:102370001B480288002091420ED02346C900194A0A
:102380001268511849684C68002C05D006980090D6
:10239000384631462A46A04701B0F0BDF0B583B0BB
:1023A0001C4615460E4607460846FFF797FB0146B2
:1023B0000B4802880020914210D02346C900094AE8
:1023C0001268511849688C68002C07D00998089940
:1023D00000910190384631462A46A04703B0F0BD2F
:1023E00028B300202CB3002008480149C16470477D
:1023F00091590020092040010449054A0A50E24849
:102400000021044A026041607047C046500B002022
:10241000CD610020ED490000F0B587B00546D848F1
:102420002E184520000128180290F8482B5C0391D3
:10243000497B9768D0682C4650340278002B45D0F1
:10244000002965D0092A00D0B1E0FF2109020F4020
:10245000092109028F4200D0FCE0027A04A90A7225
:10246000027943791B029A188379C5792D02EB18FA
:102470001B049A180592027843781B029A188378F5
:10248000C0780002C018000480180490481C01F0B5
:1024900053FD07460D46012030700026039A9672C0
:1024A00010208143B9482F303840029B03C3517B31
:1024B000B448401C01F022FAB64A3A405120854304
:1024C000218830462B4601F03DFD55E1002970D0B2
:1024D000092A00D1CAE0072A00D008E1FF231B0225
:1024E0001F40012673029F4200D015E140780E285C
:1024F00000D041E1002603988672A248401D01F0F9
:10250000FDF921881A203246334601F01BFD33E1E4
:102510000E2A00D09CE0FF210902394009231B024A
:10252000994200D0E7E0027A04A90A72027943795D
:102530001B029A188379C4792402E3181B049A18A1
:102540000592027843781B029A188378C0780002BB
:10255000C018000480180490481C01F0EDFC0191A3
:10256000894A0ACA894A0090084011402F24044031
:102570000A191027BB43284601F0EAFC002800D1C5
:10258000F7E00246F84301213170814991610399D6
:10259000D161019B034000987C4E30400443029877
:1025A00004604360284601F0D9FC0026E4E00126DF
:1025B000E2E0082A00D09CE0FF210902394009230B
:1025C0001B02994200D0C1E0027A04A90A72027982
:1025D00043791B029A188379C4792402E3181B04F7
:1025E0009A180592027843781B029A188378C0786B
:1025F0000002C018000480180490481C01F09CFCE4
:102600000191614A0ACA614A0090084011402F2492
:1026100004400A191027BB43284601F099FC002802
:1026200000D1A8E00246F843012131705849916178
:102630000399D161019B03400098544E30400443FC
:10264000029804604360284601F088FC002693E06D
:10265000012691E02846039C214601F085FC0026D6
:10266000A672617B474801F049F985E0FF21090224
:102670000F4009210902434B8F425AD1027A04A923
:102680000A72027943791B029A188379C5792D025F
:10269000EB181B049A180592027843781B029A18CB
:1026A0008378C0780002C018000480180490481C89
:1026B00001F042FC07460D46012030700026039AC7
:1026C00096721020814331482F303840029B03C35B
:1026D000517B2C48C01D01F011F92E4A3A4051207F
:1026E0008543218830462B4601F02CFC44E001262E
:1026F00042E0012640E02846039D294601F034FCD3
:10270000204CA01C394601F035FC0026AE72697BD6
:10271000E01C01F0F3F82FE02846039C214601F06D
:1027200023FC0026A672617B1648001D01F0E6F826
:1027300022E02846039C21461D4601F015FC002698
:10274000A672617BA81D01F0D9F815E02846039C0C
:10275000214601F009FC0B4D28460830394601F0AE
:1027600009FC0026A672617B0935284601F0C6F8EF
:1027700002E0022600E00226304607B0F0BDC04667
:1027800049040000CE36000030B3002000CF87F7A8
:10279000A98002002FCF87F770B5002810D00D4612
:1027A00000290DD0002A0BD0D168097800240E2909
:1027B0000FD0082927D11549405C002823D10CE00F
:1027C0001620492100242246234601F0D9FB204649
:1027D00070BD0E49405C002815D001242C730026E2
:1027E000EE72FF2004302881304601F0CFFB03C594
:1027F0000748EE806E716E61AE61E861AC700548AD
:10280000314601F07BF8204670BDC0465103000000
:1028100091550020CD36000010B5044600F026FD8D
:10282000002802D00C21012006E000F0F9FC00286D
:1028300001D1014600E00C212070084610BD0000C7
:1028400010B50A46002911D00446906B00280DD01F
:10285000107C072811D0062816D005281DD1104855
:102860000068D060104600F023FD13E08520C10011
:102870001C20002301F084FB10BD09480068D060D3
:10288000104600F019FD05E005480068D0601046CC
:1028900000F018FD0120207010BD0020207010BD38
:1028A00050080020B0B50D4600290FD00446A86B93
:1028B00000280BD0287C07280FD0062812D0052826
:1028C00017D12846114600F0F4FC0FE01C200A49FD
:1028D00000232A4601F054FBB0BD2846114600F003
:1028E000EEFC03E02846114600F0F6FC01202070C3
:1028F000B0BD00202070B0BD8D04000010B50A46A8
:10290000002918D00446906B002814D0107C0728AA
:1029100017D0062823D0052831D140480178D06847
:10292000484318490968884200D80146D1601046DA
:1029300000F0C0FC20E01C201349002301F020FB24
:1029400010BD36480178D06848430E49096888426E
:1029500000D80146D160104600F0B2FC0CE02F48D0
:102960000178D068484307490968884200D8014681
:10297000D160104600F0CFFC0120207010BD002077
:10298000207010BD5408002053040000B0B50D465F
:10299000002919D00446A86B002815D0287C0728E8
:1029A00019D0062826D0052835D1E8681B490978B2
:1029B000FDF732FC1A490968884200D30146E960F4
:1029C000284600F078FC23E01C20164900232A4604
:1029D00001F0D6FAB0BDE86810490978FDF71CFC93
:1029E0000F490968884200D30146E960284600F093
:1029F00068FC0DE0E86809490978FDF70DFC084915
:102A00000968884200D30146E960284600F096FC38
:102A100001202070B0BD00202070B0BD5C080020F7
:102A200058080020B5040000B0B50446012500F0A8
:102A300085FB002801D0284608E000F017FC00289C
:102A400001D0012002E000F0EBFB05462070284693
:102A5000B0BD70B504460C26012500F0A3FB00288C
:102A60000BD100F010FC002807D100F0E6FB054672
:102A7000002801D12E4600E00C262570304670BD9E
:102A800070B504460C26012500F08CFB00280BD104
:102A900000F0F9FB002807D100F0CFFB0546002825
:102AA00001D12E4600E00C262570304670BD10B5D1
:102AB000044600F077FB002803D100F0E4FB002877
:102AC00003D0002020700C2010BD00F0B6FB0021C8
:102AD0002170002800D00C2010BD0000152000013E
:102AE0001249074A0A5053208000064A0A502920FA
:102AF000C000054A0A5051208000044A0A5070471D
:102B0000055B00201D5A0020755A0020B95900208D
:102B10000648014901667047A15B0020034804494B
:102B2000044A054B8363C26301647047500B002065
:102B3000275C0020CB5B0020F95B00207047000081
:102B4000B0B584B0002808D004468168022001F0A6
:102B500023FA002804D004B0B0BD042004B0B0BDF6
:102B6000E389A289607C014601F01CFA0028F2D1B9
:102B70006269A369217C607C012500950190029027
:102B80000025284601F014FA0028E4D1206A01F05B
:102B900015FA0028DFD1A18B606A01F015FA002830
:102BA000D9D106480570627C03CC01F013FA0028E5
:102BB000D1D101F015FA284604B0B0BD0C0D0020AB
:102BC00070B501260670274800780024002801D03F
:102BD000204670BDEFF31085EFF3108072B601F060
:102BE00005FA00280CD0344C2078002804D11F4866
:102BF00001F002FA0120207085F31088012070BDD9
:102C00002F490846683800682B4A1278002A1DD0E0
:102C100030401BD0052208680B68984204D0531E30
:102C200012061A46F7D1FF22110613D0234909686C
:102C3000814213D90C4A128885F31088081A510969
:102C4000884200D800263446204670BD85F310889F
:102C5000204670BD85F31088204670BD85F310882E
:102C6000204670BD5F09002022080020FFFFFF1FE3
:102C7000B0B501210170EFF31084EFF3108072B64C
:102C80000D4D2878002813D00C4800680C490968BD
:102C9000814205D2491D814204D201F0B3F905E019
:102CA000642001E04B20800000F09EFD0020287091
:102CB00084F31088B0BDC0465B090020800000404E
:102CC000E8010040B0B584B0002808D0044681680F
:102CD000042001F061F9002804D004B0B0BD042044
:102CE00004B0B0BDE389A289607C014601F05AF9C5
:102CF0000028F2D16269A369217C607C01250095DE
:102D0000019002900025284601F052F90028E4D1F4
:102D1000206A01F053F90028DFD1A18B606A01F02D
:102D200053F90028D9D103CC627A01F071F9002857
:102D3000D3D10348057001F071F9284604B0B0BD45
:102D40009C0D002070B584B0002808D0044681682E
:102D5000062001F021F9002804D004B070BD042041
:102D600004B070BDE389A289A17C607C01F01AF9EE
:102D70000028F2D16269A369217C607CA57C0126D0
:102D80000096019002950025284601F011F90028CF
:102D9000E3D1206A01F012F90028DED1A18B606A2C
:102DA00001F012F90028D8D103CC627A01F012F9AF
:102DB0000028D2D10348057001F036F9284604B046
:102DC00070BDC0469D0D0020B0B584B0002808D06D
:102DD00004468168032001F0DFF8002804D004B025
:102DE000B0BD042004B0B0BDE389A289607C014677
:102DF00001F0D8F80028F2D16269A369217C607CD7
:102E000001250095019002900025284601F0D0F898
:102E10000028E4D1206A01F0D1F80028DFD1A18B8D
:102E2000606A01F0D1F80028D9D103CC627A01F0B0
:102E3000EFF80028D3D10348057001F0FBF82846CD
:102E400004B0B0BDBC0D002070B584B0002808D01F
:102E500004468168052001F09FF8002804D004B0E2
:102E600070BD042004B070BD638A228AA17D607D9C
:102E700001F098F80028F2D1A17DE06801F0E0F8B7
:102E80000028ECD1A269E369217D607DA57D012642
:102E90000096019002950025284601F089F8002847
:102EA000DDD1606A01F08AF80028D8D1218CA06AAF
:102EB00001F08AF80028D2D103CCA27B01F0A8F857
:102EC0000028CCD10348057001F0C0F8284604B0B2
:102ED00070BDC046BD0D002002480349816403490E
:102EE00041657047200D0020E95D0020395D00201C
:102EF00070B50546554E3068002801D0012070BDE0
:102F000001F0AAF82846FFF71BFE0446002801D06E
:102F1000204670BD0348306003CD01F0A3F8204681
:102F200070BDC04684270200F0B581B00446474F0B
:102F30003868002801D001261EE001F08DF803CC8E
:102F4000637A00252A46083C01F092F803C4206801
:102F5000627A2946083C01F091F8A0602046FFF70C
:102F6000B1FE0646284601F08FF8002E04D1044831
:102F7000386003CC01F076F8304601B0F0BDC046B1
:102F8000D427020070B50546304E3068002801D0C5
:102F9000012070BD01F060F82846FFF7D3FE04461B
:102FA000002801D0204670BD0348306003CD01F0F9
:102FB00059F8204670BDC046E4270200F0B581B044
:102FC0000446224F3868002801D001261EE001F097
:102FD00043F803CC637A00252A46083C01F048F800
:102FE00003C42068627A2946083C01F047F8A060D3
:102FF0002046FFF7E9FE0646284601F045F8002E78
:1030000004D10448386003CC01F02CF8304601B0FC
:10301000F0BDC046F427020070B505460B4E30687F
:10302000002801D0012070BD01F016F82846FFF7F6
:103030000BFF0446002801D0204670BD04483060D4
:1030400003CD01F00FF8204670BDC046C00D002032
:1030500004280200B0B501230370D0680478002072
:10306000162C35D87123DB00CB18C0467C4424795C
:103070006400A744151A2D0B2D2D2D2D102D0B2D71
:103080001F2D102D2D2D2D2D242D290008461946DC
:1030900001F000F8B0BD08461946FFF77DFBB0BD52
:1030A0000846194600F0FCFFB0BD0846194600F07E
:1030B000FDFFB0BD0846194600F0FEFFB0BD084652
:1030C000194600F0FFFFB0BD0846194601F000F8B0
:1030D000B0BD000080B501F001F801F005F801F085
:1030E00009F8002800D080BD01F00AF8054801F079
:1030F0000DF8022000F0BEFD0B2001F00DF80020BD
:1031000080BDC04620F50100084909680A4A1278C6
:10311000824203D80020002907D105E03522D200E1
:1031200042438818002900D108467047608C00206F
:10313000014800787047C0462AB30020F0B581B03E
:10314000FFF7F6FF002827D0044600250126E8B245
:10315000FFF7DAFF00280FD099300178002907D057
:103160004078002804D00020374600280FD114E012
:10317000304600280BD110E0912001011E202A4684
:10318000234600F0FDFE00273846002805D06D1CC0
:10319000AC42DCD1002700E000270120384001B01C
:1031A000F0BD0000F0B581B0FFF7C2FF002828D0C5
:1031B000044600250126E8B2FFF7A6FF00280DD03F
:1031C0008D30017B002905D0417B002902D0007899
:1031D000002811D0304600280AD115E01E200C49E5
:1031E0002A46234600F0CCFE0027384600280BD0A4
:1031F0006D1CAC42DFD106E0002037460028F7D135
:1032000002E0002700E000270120384001B0F0BDB7
:1032100026090000014800687047C046648C002001
:1032200080B5FFF7F7FF002805D03321C900405CC7
:10323000411E884180BD002080BD80B5FFF7EAFFB8
:103240000146002000290AD03322D2008A181278C1
:10325000002A04D091310878411E4842484180BD7F
:10326000014800687047C046688C002080B5FFF7B1
:10327000F7FF002805D047218900405C411E8841A6
:1032800080BD002080BD80B5FFF7EAFF0146002029
:1032900000290CD0472292008A181278002A06D002
:1032A000A531097802220A43032A00D1012080BDFA
:1032B0007047704770477047172181747047704797
:1032C00070477047FF217431826B642353548374B9
:1032D000501819214170704770B50A460446FF2105
:1032E00008462030A36B1E18B92040001D18185C3A
:1032F000002807D0FF2A00D8D1B268781A2200F03F
:1033000036F868703078002801D0012000E00220F3
:10331000285CA07470BDB0B50446FF20A16B0246C6
:1033200020328A5C002A08D074300D1828780121D8
:103330001A2200F01CF82870A074B0BDB0B5044685
:10334000FF20A16B024620328A5C002A08D074302C
:103350000D1828783221642200F003F82870A07438
:10336000B0BD4018904200D80246D0B27047531802
:10337000834200D2421AD0B270470000F0B585B047
:103380000646EFF3058002ACA6702180E2700025AE
:103390000395002800D1ED432A4F002A2BD001933A
:1033A000242A15D80092294F3868002100F0BAFE6F
:1033B0000390002808D1244F38680024214600F0EB
:1033C000B1FE0390002836D03868049003980DE0D1
:1033D000802A27D800921C4F38680024214600F02C
:1033E000A1FE0390002823D0396804910199009A26
:1033F000FCF700FF134FF81C314600F07FFA144829
:10340000006802A9002632462B4600F091FE444295
:103410004441002812D03A1D81B2104600F06EFAE5
:1034200034460BE0B81C114600F068FA002405E0B1
:103430000448401C00E0034800F078FA204605B03C
:10344000F0BDC0460460000030C7002034C7002033
:103450009875002080B582B0019100900022EFF3B2
:103460000580002801D0134600E0D34304480068DB
:10347000694600F05DFE4142484102B080BDC04651
:10348000C4B30020224800687047C04601480021AC
:103490000170704714F0022070B5002813D01C4C46
:1034A0002168884200D32068261F31680A187D21D0
:1034B000C90005461046FCF7AFFE2846316021687A
:1034C000491B216070BD002070BDC046F0B581B0C1
:1034D00005460020002D18D00C46002915D00C4EB2
:1034E0003068844200D33468301F0168002C0BD050
:1034F00000277018007CE855481C7D21C900FCF7A6
:103500008BFE7F1CBC42F4D1204601B0F0BDC0460A
:1035100008F00220FEE70000F0B585B00446407DCB
:10352000217D01290CD1EFF31081EFF3108272B6E7
:103530000022227562682260626A226281F310882A
:1035400000280AD0EFF31081EFF3108272B6002248
:103550006275E27DA27581F31088A17D02291DD0DC
:1035600000295AD1EFF31080EFF3108172B6E16AAF
:10357000002901D0A26A8A622C4A1368A34201D1B1
:10358000A36A13602A4A1368A34200D1116080F332
:1035900010880020A062E06205B0F0BD00280BD0CA
:1035A000276902972068009003A800F0C7FD0398E0
:1035B000012813D11B4D14E0207E01282BD10020BF
:1035C0000290174802A900F03FF920680090029F7E
:1035D00004A800F0B3FD04980128EBD000F0B4FD7E
:1035E00005461148068805800197E7607D20420363
:1035F0000027009839463B46FCF7E4FD002E01D039
:10360000721955082A463B46FCF7ACFD019908188B
:10361000A06005B0F0BD0120A07505B0F0BDC046AA
:1036200000300560127A0000CEC70020C4C7002019
:10363000C8C7002038480088081A4242424155480D
:10364000008880B2081A434243411343524800881D
:1036500080B2081A424242411A4301D00220704708
:103660002E480088814201D1D72070472C4800881D
:10367000091A484248417047B0B5049C022C09D34E
:10368000002B07D043480088814203D100205870A6
:1036900045480AE0022C0CD3002B0AD03E48008893
:1036A000814206D1002058703E48007818700220F0
:1036B000B0BD022C08D3002B06D0174800888142E9
:1036C00002D100205870F1E714480088814210D1DF
:1036D000D62A1ED814488118D720801A80B2A0425A
:1036E00000D32046044618462246FCF783FD2046B8
:1036F000B0BD0B4805880020A94209D1002B07D096
:10370000002A05D1002C03D006480078187001204B
:10371000B0BD0020B0BDC0462AEB00202EEB00203B
:1037200026EB0020007500202874002010B50B4601
:1037300002460399029802290CD300280AD0154C9E
:103740002488A34206D116490A800078012101404D
:1037500015480DE002290ED300280CD00E4C248809
:10376000A34208D10E490A800078012101400D488A
:103770000170002010BD094C2488A34207D1084BDA
:103780001A80002803D0002901D0FDF703FF002094
:1037900010BDC0462CEB002028EB002030EB0020B1
:1037A000AE83002024EB002034EB002003B401485A
:1037B000019001BD39C4010003B40148019001BD6D
:1037C000F5C2010003B40148019001BD8DC10100A3
:1037D00003B40148019001BDD1C3010003B4014805
:1037E000019001BD79C3010003B40148019001BDFE
:1037F00051F8020003B40148019001BDE9C3010082
:1038000003B40148019001BD610E020003B40148F8
:10381000019001BD45A3010003B40148019001BD21
:10382000ADA0010003B40148019001BD65BF0100D6
:1038300003B40148019001BDBDBD010003B40148BE
:10384000019001BD1DBF010003B40148019001BDFD
:1038500045BF010003B40148019001BDCDBF010087
:1038600003B40148019001BD5572010003B4014841
:10387000019001BDADC3010003B40148019001BD39
:1038800043D7010003B40148019001BD41F9020092
:1038900003B40148019001BD89C2010003B401488D
:1038A000019001BDBD0D010003B40148019001BDAF
:1038B0000510010003B40148019001BD2910010069
:1038C00003B40148019001BD79C0010003B401486F
:1038D000019001BDBDBE010003B40148019001BDCE
:1038E00081BE010003B40148019001BDF9BD010092
:1038F00003B40148019001BDD9C0010003B40148DF
:10390000019001BDFDF6020003B40148019001BD24
:10391000F912010003B40148019001BDB9A00300F0
:1039200003B40148019001BDA511010003B4014891
:10393000019001BDE9F6020003B40148019001BD08
:103940003594020003B40148019001BD25AA02008C
:1039500003B40148019001BD49A0020003B401482D
:10396000019001BDCD39020003B40148019001BDB1
:103970007DDC020003B40148019001BD11F4020096
:1039800003B40148019001BD15D0020003B4014801
:10399000019001BD192C020003B40148019001BD42
:1039A0001959020003B40148019001BD51290200D8
:1039B00003B40148019001BD2982020003B401480B
:1039C000019001BD0114010003B40148019001BD43
:1039D0001D23010003B40148019001BDC5DF0200B1
:1039E00003B40148019001BD6118020003B401480D
:1039F000019001BD2D20020003B40148019001BDDA
:103A0000FD23020003B40148019001BD6982020058
:103A100003B40148019001BDB13C030003B4014867
:103A2000019001BD03F9020003B40148019001BDFA
:103A300061F7020003B40148019001BD25F70200BF
:103A400003B40148019001BDC5F7020003B4014869
:103A5000019001BDC923030003B40148019001BDD9
:103A600039F7020003B40148019001BDD9F7020003
:103A700003B40148019001BD11F7020003B40148ED
:103A8000019001BDD505030003B40148019001BDBB
:103A90009D12010003B40148019001BD51EC0300E7
:103AA00003B40148019001BDE105030003B40148DE
:103AB000019001BD6D18030003B40148019001BDE0
:103AC000B95A030003B40148019001BDDD59030058
:103AD00003B40148019001BD8518030003B40148F7
:103AE000019001BDAF28030003B40148019001BD5E
:103AF000FD05030003B40148019001BD0506030064
:103B000003B40148019001BDF505030003B4014869
:103B1000019001BDED05030003B40148019001BD12
:103B200089A6010003B40148019001BD7923020078
:103B300003B40148019001BD7520020003B401489F
:103B4000019001BD3920020003B40148019001BD7C
:103B50004520020003B40148019001BD812002000C
:103B600003B40148019001BD6920020003B401487B
:103B7000019001BD5120020003B40148019001BD34
:103B80005D20020003B40148019001BD31E0020054
:103B900003B40148019001BD19E0020003B40148DB
:103BA000019001BD25E0020003B40148019001BD70
:103BB000B9DF020003B40148019001BDD1DF02006A
:103BC00003B40148019001BDF5DF020003B40148D0
:103BD000019001BDDDDF020003B40148019001BD89
:103BE00001E0020003B40148019001BDE9DF0200D9
:103BF00003B40148019001BD0DE0020003B4014887
:103C0000019001BD49E0020003B40148019001BDEB
:103C10003DE0020003B40148019001BDADDF0200A8
:103C200003B40148019001BD5DE9030003B40148FC
:103C3000019001BD75E9030003B40148019001BD85
:103C400069E9030003B40148019001BD51E9030093
:103C500003B40148019001BD45E9030003B40148E4
:103C6000019001BD49E2030003B40148019001BD88
:103C700055E2030003B40148019001BD055901005C
:103C800003B40148019001BDF57E010003B4014871
:103C9000019001BD7927030003B40148019001BDE3
:103CA000E523030003B40148019001BD8D23030007
:103CB00003B40148019001BD5D28030003B401482D
:103CC000019001BD9F28030003B40148019001BD8C
:103CD000EB28030003B40148019001BD253D03001A
:103CE00003B40148019001BD513A030003B40148F7
:103CF000019001BDA5BC020003B40148019001BDC3
:103D00007D08010003B40148019001BD4D10010080
:103D100003B40148019001BDE110010003B4014862
:103D2000019001BDD952030003B40148019001BDC7
:103D30003930030003B40148019001BD2944030058
:103D400003B40148019001BDB105030003B401486B
:103D5000019001BD99A7030003B40148019001BD82
:103D6000A530030003B40148019001BD494603009A
:103D700003B40148019001BD8931030003B4014837
:103D8000019001BDED44030003B40148019001BD61
:103D90000931030003B40148019001BDE132030081
:103DA00003B40148019001BDA934030003B40148E4
:103DB000019001BD3532030003B40148019001BDFB
:103DC000814E030003B40148019001BD3549030051
:103DD00003B40148019001BD6932030003B40148F6
:103DE000019001BDB135030003B40148019001BD4C
:103DF000C331030003B40148019001BDDD3003006D
:103E000003B40148019001BD8D35030003B401489E
:103E1000019001BD5935030003B40148019001BD73
:103E20000936030003B40148019001BDF50B0300FE
:103E300003B40148019001BD410C030003B40148E3
:103E4000019001BDE10C030003B40148019001BDE4
:103E5000F10C030003B40148019001BD910C030073
:103E600003B40148019001BDA30C030003B4014851
:103E7000019001BD110D030003B40148019001BD83
:103E8000C15D030003B40148019001BD3166030028
:103E900003B40148019001BDED16030003B40148CD
:103EA000019001BD190F030003B40148019001BD49
:103EB0008766030003B40148019001BD5766030003
:103EC00003B40148019001BD4D17030003B401483C
:103ED000019001BD7B66030003B40148019001BD60
:103EE0006366030003B40148019001BD1D10030087
:103EF00003B40148019001BD1510030003B401484B
:103F0000019001BDAF0F030003B40148019001BD52
:103F10002910030003B40148019001BDD1A703009B
:103F200003B40148019001BD4B66030003B401488E
:103F3000019001BD6F66030003B40148019001BD0B
:103F400057EF020003B40148019001BDDDE003001A
:103F500003B40148019001BDFD7A020003B4014899
:103F6000019001BDCD52020003B40148019001BD92
:103F70000552020003B40148019001BD4DF7020053
:103F800003B40148019001BD6942010003B4014836
:103F9000019001BD31EE020003B40148019001BD62
:103FA000A117020003B40148019001BDDD10020019
:103FB00003B40148019001BDF115020003B40148AA
:103FC000019001BD4917020003B40148019001BDF1
:103FD0004913020003B40148019001BD71150200AC
:103FE00003B40148019001BD9D0F020003B40148D4
:103FF000019001BDE11A020003B40148019001BD26
:104000001D18020003B40148019001BD4D180200C3
:1040100003B40148019001BD9112020003B40148AC
:10402000019001BDF111020003B40148019001BDEE
:104030003512020003B40148019001BDD5130200FE
:1040400003B40148019001BD6114020003B40148AA
:10405000019001BD1514020003B40148019001BD97
:104060001124020003B40148019001BDE9220200BD
:1040700003B40148019001BD3D1E020003B4014894
:10408000019001BD751E020003B40148019001BDFD
:10409000C91D020003B40148019001BD217802004E
:1040A00003B40148019001BD8543020003B40148F7
:1040B000019001BDB12D020003B40148019001BD82
:1040C00011F1020003B40148019001BDC961020071
:1040D00003B40148019001BDE9C0020003B40148E6
:1040E000019001BD5D52010003B40148019001BD82
:1040F0005D58010003B40148019001BDD95301008E
:1041000003B40148019001BDE955010003B4014821
:10411000019001BD195A010003B40148019001BD8D
:1041200091B2010003B40148019001BD4D1101009D
:1041300003B40148019001BD3514010003B40148E6
:10414000019001BDED72010003B40148019001BD71
:10415000BD720100A000A0000002000000000000ED
:1041600000070000C17300200100000048B30020D8
:1041700044000000C8B80020000800002000000033
:104180000000000000000000AE73002000000000EE
:1041900090B3002034000000C8B3002000050000E8
:1041A000F53B0020213D0020000000006D40002074
:1041B0007940002031410020FE0065787065726909
:1041C0006D656E74616C00004669726D7761726531
:1041D000205265766973696F6E00000048617264F1
:1041E00077617265205265766973696F6E000000B1
:1041F0004D616E756661637475726572204E616D96
:10420000650000004D6F64656C204E756D626572CF
:104210000000000053657269616C204E756D626527
:1042200072000000536F6674776172652052657684
:104230006973696F6E006C6C635F7461736B5F6D43
:1042400073675F7175657565006C6C635F7461732E
:104250006B00626C65537461636B5F6D73675F7154
:104260007565756500626C65537461636B54617349
:104270006B5F4D656D506F6F6C5F6C6F6E6700624A
:104280006C65537461636B5461736B00626C65534E
:104290007461636B5461736B5F4D656D506F6F6CD0
:1042A0005F73686F7274006170705F6D61696E003A
:1042B000555549443A203078464646342070726F4E
:1042C00076696465732062617474657279206C65C7
:1042D00076656C2E0A555549443A20307846464654
:1042E000312070726F76696465732049434D3230B6
:1042F00039343820444D50202F204149202F20644C
:1043000065627567206672616D65732C203332209B
:10431000627974657320706572206672616D652EB6
:104320000A555549443A2030784646463220707244
:104330006F76696465732075706C6F616420696E57
:10434000737472756374696F6E732E0A55554944A0
:104350003A203078464646332070726F766964653D
:104360007320726561642D6F6E6C7920736572764F
:1043700069636520757361676520696E666F726D2C
:104380006174696F6E2E0A00640100000000100164
:10439000AD670020F1670020A56800200000000044
:1043A00000232DE9F0413D4C84B02278CDE9013362
:1043B000002A35D0EFF3108572B6394B1B680BB16C
:1043C000984758B32378012B2DD0023B022B25D8D8
:1043D00001A800F0F1FB002003A900F0B9FB01984F
:1043E000012831D0039B2BB1012002A900F0B0FBC2
:1043F000029BF3B14FF0A04000F08AF9294A1369FB
:1044000043F00403136130BF4FF0A04000F08CF97B
:10441000012000F0D5FB244B1B6873B985F310888D
:1044200004B0BDE8F0811F4A136923F0040313614F
:1044300030BF1D4B1B68002BF0D02278022AEDD133
:10444000984785F31088EBE7039BE3B14FF0804377
:10445000D3F88021D2071CD5D3F88060D3F8E88147
:10446000124B02A9D3F8047100F072FB40F6C4139A
:10447000A6EB0806BFB207FB06F6B3EB962FD8D221
:10448000029B002BD5D04FF4FA61012000F0A4FB71
:10449000A8E702A900F05CFBCBE700BF0AF401200B
:1044A00010F4012000ED00E00CF4012000F00460A5
:1044B000002300B583B001AA02210A48019300F04D
:1044C00057FB019A0221074800F096FB022105489C
:1044D00000F05AFB044A13680133136003B05DF81F
:1044E00004FB00BF0020036018F4012030B5002455
:1044F00083B00DF1030101208DF8034000F030FB83
:1045000001209DF8031000F05FFB9DF803300BB90C
:1045100003B030BD174D02E0012000F069FB03201D
:1045200001A9019400F014FB019B2B60002BEFD03C
:10453000012000F03DFB0028EED10F4B1B68A3B11A
:10454000286850F8041B9847044602E0012000F058
:104550004FFB032000F02CFB0028F7D1214606205A
:1045600000F03EFB032000F04BFB012000F048FB75
:1045700003B030BD4CF9012040F90120B0F1A04F4B
:1045800010B5044602D0094B98420CD1084AFF21CD
:10459000204600F0E9FA38B92046BDE81040044A48
:1045A000FF2100F0E1BA012010BD00BF0010005053
:1045B0000007010038B504460D46FFF7DFFF28B9B4
:1045C00029462046BDE8384000F0EEBA38BD38B57F
:1045D00004460D46FFF7D2FF28B929462046BDE81C
:1045E000384000F0DDBA38BD38B504460D46FFF757
:1045F000C5FF28B929462046BDE8384000F0CCBAAE
:1046000038BD38B504460D46FFF7B8FF28B929462E
:104610002046BDE8384000F0DBBA38BD38B5044666
:104620000D46FFF7ABFF28B929462046BDE83840C4
:1046300000F086BA38BD10B50446FFF79FFF20B9D9
:104640002046BDE8104000F0A3BA10BD38B50446BE
:104650000D46FFF793FF28B929462046BDE83840AC
:1046600000F08EBA38BDB0F1A04F2DE9F8430546F1
:104670000E4602D0234B98423ED1002E3CD0284615
:10468000FFF77CFF002838D11F4A2049284600F058
:104690006BFA90BB10270446B94641F28738AB68E5
:1046A000DB061AD5042F3B46314628BF0423286871
:1046B000C6EB46740A19D20020FA02F201F8012B67
:1046C0008A1B92B29342F5D800245A1E92B201324C
:1046D000FF1A1644BFB2C5F81090013444450ED8F5
:1046E000012000F085FA002FD9D12846BDE8F84313
:1046F00041F2883100F018BA0120BDE8F8830320A8
:10470000FBE700BF001000501F070F004B008003A5
:1047100010B50446FFF732FF28B92046BDE8104027
:10472000032100F009BA10BD10B50446FFF726FFBB
:1047300020B92046BDE8104000F0FAB910BD0023B2
:1047400037B5B0F1A04F04460D46ADF8063002D0A3
:10475000164B984228D10DF106012046FFF72AFF9B
:1047600000BBBDF80630AD0023F4804305F07C05A6
:1047700023F07C031D434FF4E06206212046ADF890
:10478000065000F0F1F968B9BDF80630084A6360D8
:104790000849204600F0E8F920B943F69821204660
:1047A00000F0C2F903B030BD0120FBE7001000505B
:1047B00000070100010000052DE9F04104460D4607
:1047C00016461F46FFF7DAFE38B93B463246294601
:1047D0002046BDE8F04100F007BABDE8F08138B5E9
:1047E00004460D46FFF7CAFE28B929462046BDE813
:1047F000384000F0B1B938BD2DE9F04704460D4608
:1048000016461F469DF82080BDF82490FFF7B6FE9F
:1048100048B9CDE908893B46324629462046BDE8DD
:10482000F04700F0A9B9BDE8F0872DE9F041044652
:104830000D4616461F469DF81880FFF79FFE48B9A3
:10484000CDF818803B46324629462046BDE8F04167
:1048500000F07AB9BDE8F081B0F1A04F2DE9F8433E
:104860000446894615461F4602D0284B984247D138
:10487000EFF3108872B6264B03216366254B204662
:10488000E3650523236600F0BFF94FF4E0620646B6
:104890000621204600F068F9A36D064343F00103AA
:1048A000A3650123F6B2A366B9F1030F2BD8DFE8A5
:1048B00009F0021B1F232D021749E564174A204601
:1048C00000F052F93043C0B288F31088C8B9236FA2
:1048D000DB07FCD4A36D394623F00103A365204612
:1048E000BDE8F84300F020B92D03E5640C49E5E785
:1048F000ED03E5640B49E1E72D04E5640A49DDE7D2
:104900000120BDE8F8831020FBE700BF0010005035
:10491000A008C80C2000C80081000003170702008F
:104920002000000352000003D80000032DE9F74FD8
:10493000B0F1A04F04468A4617461D469DF83060E8
:10494000BDF8348003D05C4B984240F0B180002D1C
:1049500000F0AE80002F00F0AB8055FA8AF3B3F57B
:10496000807F00F2A580EFF31083019372B6534B62
:104970004FF4E0626366524B0621E365052320464F
:10498000236600F0F1F8A36D022E43F00103A36546
:104990004FF001038146A3665DD0032E61D0002E47
:1049A00065D12A04A2F578424649E93A0020042D4F
:1049B0002E46BE4628BF042603461EF801CB4FEA0A
:1049C000C00B0CFA0BFC013043EA0C031FFA80FC0D
:1049D0006645F2D8701E80B20130C4F84CA007447E
:1049E0006360204600F0C0F849EA00095FFA89F9DF
:1049F000AE1B41F2883A4D464FF0020BB6B216B3E9
:104A0000C4F810B0A16811F0020117D1042E33468A
:104A1000BC4628BF04230A461CF8010B4FEAC10E0E
:104A200000FA0EF00131024388B29842F4D3591EC5
:104A300089B20131F61A0F44B6B26260BAF1010AC6
:104A400018D149F00305019B83F31088B5B1E8B292
:104A500003B0BDE8F08F2A04A2F57842E93A1A497A
:104A6000A4E72A04A2F57842E93A18499EE7002211
:104A700011469BE7012000F0BBF8C0E7236FDA077F
:104A8000FCD441F28835A36D23F00103A365D4F86B
:104A9000A430DB0706D44146204603B0BDE8F04F02
:104AA00000F042B8013D05D0012000F0A1F8EEE78A
:104AB0000120CDE70320CBE700100050A008C80C70
:104AC0004001C80002004003A20042033200430339
:104AD0002DE9F74F9DB28246884617469DF83090E3
:104AE000BDF834B0EDB1E2B1494600F08DF80646AC
:104AF00098B95FFA88F4C4F58074A4B2AC4288BF58
:104B0000ACB23A464146CDE9009B23465046FFF7FA
:104B10000DFF2D1BA0442744EBD1304603B0BDE868
:104B2000F08F0126F9E700BF5FF800F099900000D0
:104B30005FF800F0A58D00005FF800F079880000B4
:104B40005FF800F0F58F00005FF800F09D8A00002C
:104B50005FF800F03DC300005FF800F0018800003E
:104B60005FF800F03DC200005FF800F0458E0000E5
:104B70005FF800F0C5CD00005FF800F0D9900000AC
:104B80005FF800F0758900005FF800F0D1C3000005
:104B90005FF800F03D8900005FF800F0758C0000C0
:104BA0005FF800F0999200005FF800F0818B000040
:104BB0005FF800F0CDC200005FF800F0697A0000F5
:104BC0005FF800F01D7300005FF800F09DC000006A
:104BD0005FF800F00D8D00005FF800F0295D000027
:104BE0005FF800F0B9C300005FF800F0A188000092
:104BF0005FF800F0814700005FF800F035C4000066
:104C00005FF800F061C300005FF800F0C18D0000A4
:104C1000FF000000C3F31000AC060110B406011041
:104C200001000000C006011009000000C0000000E3
:104C30002000000006000000C0000000000000008E
:104C40000000000000000000713DBC41E9FE294267
:104C50000100000094F00120010000004C1B011035
:104C6000010000002C1B011001020600CC060110FF
:104C70000800000004000700D0F00120010000003F
:104C800000000000000000C30000803B01000000A5
:104C900007000000681B0110010101006C1B0110DE
:104CA0000000000006000000C0000000413F0010AE
:104CB000B8F00120C8F0012006000000010000004B
:104CC00000000000000000000600000001000000DD
:104CD000060000000000803F000102030405000000
:104CE000F4060110F8060110FC060110000701107F
:104CF00004070110080701100C0701106E6F6E65A4
:104D000000000000000000000000000000000000A3
:104D10000000000000000000000000000000000093
:104D20000000000000000000000000000000000083
:104D30000000000000000000000000000000000073
:104D40000000000000000000000000006E6F6E65B3
:104D50000000000000000000000000000000000053
:104D60000000000000000000000000000000000043
:104D70000000000000000000000000000000000033
:104D8000000000000000000000000000405601107C
:104D900038560110405601100000000000000000CD
:104DA0004C56011000000000000000000000000050
:104DB0000000000010560110085601101056011096
:104DC000000000000000000020560110000000005C
:104DD000000000000000000000000000D855011095
:104DE000D0550110D855011000000000000000004F
:104DF000E05501100000000000000000000000006D
:104E000000000000A055011098550110A055011098
:104E10000000000000000000AC5501100000000080
:104E20000000000000000000000000008455011098
:104E30007C550110845501100000000000000000A6
:104E40009455011000000000000000000000000068
:104E500000000000705501106855011070550110D8
:104E60000000000000000000785501100000000064
:104E70000000000000000000000000000209000027
:104E800000000000FCFD0110C00000000100000057
:104E9000E0FD011001020000D0FD0110C0FD011075
:104EA00010000000000000000000000001020000EF
:104EB000B8FD0110ACFD011008000000000000006A
:104EC000000000000102000090FD01107CFD0110B7
:104ED0001C0000000100000060FD0110010900003D
:104EE000A05A0110945A0110C0A200000100000055
:104EF000805A011001020000005A0110F4590110FB
:104F00008000000001000000E058011001090000CD
:104F1000C0570110A057011020010000010000003F
:104F2000105701100209000000000000FC5601109B
:104F3000C000000001000000E0FD011002090000B7
:104F400000000000E85601100018000001000000F9
:104F5000CC5601100209000000000000B8560110F4
:104F60004017000001000000CC56011002090000AB
:104F700000000000AC5601104017000001000000C6
:104F8000CC5601100209000000000000A0560110DC
:104F90000700000001000000845601100209000013
:104FA00000000000A05601100700000001000000F2
:104FB00070560110A8F3012000000000C8FC012079
:104FC00030FD012098FD01200000000000000000DD
:104FD00000000000000000000000000000000000D1
:104FE00000000000000000000000000000000000C1
:104FF00000000000000000000000000000000000B1
:10500000000000000000000003000000C8FC0120B8
:04000005100031C1F5
:00000001FF
