:020000041000EA
:100000004B2A110200000000A4030000EEC3A6E981
:100010007EEEE78880B500F087F90020002100F02F
:100020000DF8292000F00FF8202000F011F800F062
:1000300033F900F013F800F025F980BD4CF2B93C1B
:10004000C0F2000C604747F67D1CC0F2000C604710
:1000500047F6D12CC0F2000C6047000080B54FF08D
:10006000A040012100F075F900060BD1032000F03B
:1000700075F9000606D1012000F075F9000604BFED
:10008000002080BD00F074F94FF47A7000F075F92B
:10009000012080BD2DE9F04381B019B343F2B83897
:1000A0000F4606464FF0FF344FF00009C2F2000839
:1000B0003D46B7F5807F28BF4FF480754FF0A040D4
:1000C000314642462B46CDF8009000F05BF960B90E
:1000D00040462946224600F05AF904467F1B2E442A
:1000E000E6D103E04FF0FF3400E00124204601B0E8
:1000F000BDE8F08310B582B004464FF0000C4FF01D
:10010000A0404FF4805122462023CDF800C000F0DB
:1001100039F9000622D120461C214FF0FF3200F0B1
:1001200036F9E169814219D1E078112816D1A07819
:10013000022813D1E168B1F5002F0FD8606846F2AC
:100140007872C4F26A72904208D1A068FFF7A2FFE9
:100150002169401A18BF012002B010BD012002B071
:1001600010BD00002DE9F0410C4605460E184FF079
:100170000008B4F5803F07D3A8B228B94FF4803700
:100180000321102021E000BFB4F5004F08D328461A
:100190006FF3DF3020B94FF4004702210F2014E045
:1001A00029466FF31F31200BB1FA81F1B8EB143FF0
:1001B00018BF0120490901404FF008004FF4807733
:1001C00018BF0C2018BF4FF4805725FA00F082B2F8
:1001D0004FF0A04047F2305300F0DEF800060BD19C
:1001E0003D44B542A4EB070424BF0020BDE8F081E4
:1001F000B4F5803FC0D2C7E700F0BAF84FF47A7088
:1002000000F0BBF80120BDE8F08100002DE9F047C7
:1002100082B04FF000098AB343F2B83814460E4654
:100220000746C2F2000840F6B83A00BF2546B4F5CA
:10023000807F28BF4FF480754FF0A040394642467A
:100240002B46CDF8009000F09DF890B94FF0A040FB
:10025000314642462B46CDF80090CDF804A000F080
:10026000A0F848B92F44641B2E44DFD14FF0000999
:1002700004E04FF0010901E04FF00109484602B0E7
:10028000BDE8F08780B542F20400C1F200000068CA
:1002900000F08CF880BD0000B0B588B06846FFF76C
:1002A00029FF08B101243CE0DDE90501FFF75AFF11
:1002B00038B100F05DF84FF47A7000F05EF8012478
:1002C0002FE0DDE902020599FFF7A0FF38B100F049
:1002D0004FF84FF47A7000F050F8012421E00399B0
:1002E0000598FFF7D7FE0499884213D14FF0A0403C
:1002F0000021102247F23053002400F04DF805464B
:1003000000F036F828060CD04FF47A7000F035F87B
:10031000012406E000F02CF84FF47A7000F02DF87C
:100320000124204608B0B0BDEC20C6F205000168EB
:100330007F2221F002010160016821F004010160C7
:100340006FF0030143180431342943F8D82CF9D154
:10035000704748F6F57CC0F2000C604747F2613CFC
:10036000C0F2000C604747F21D3CC0F2000C604731
:1003700047F6717CC0F2000C604744F2717CC0F219
:10038000000C604748F69D2CC0F2000C604744F218
:10039000C17CC0F2000C604748F6A10CC0F2000C12
:1003A000604749F2D90CC0F2000C604744F62D0CAE
:1003B000C0F2000C604700000000000000000000D8
:1003C000000000000000000000000000000000002D
:1003D000000000000000000000000000000000001D
:1003E000000000000000000000000000000000000D
:1003F00000000000000000000000000000000000FD
:1004000000000000000000000000000000000000EC
:1004100000000000000000000000000000000000DC
:1004200000000000000000000000000000000000CC
:1004300000000000000000000000000000000000BC
:1004400000000000000000000000000000000000AC
:10045000000000000000000000000000000000009C
:10046000000000000000000000000000000000008C
:10047000000000000000000000000000000000007C
:10048000000000000000000000000000000000006C
:10049000000000000000000000000000000000005C
:1004A000000000000000000000000000000000004C
:1004B000000000000000000000000000000000003C
:1004C000000000000000000000000000000000002C
:1004D000000000000000000000000000000000001C
:1004E000000000000000000000000000000000000C
:1004F00000000000000000000000000000000000FC
:1005000000000000000000000000000000000000EB
:1005100000000000000000000000000000000000DB
:1005200000000000000000000000000000000000CB
:1005300000000000000000000000000000000000BB
:1005400000000000000000000000000000000000AB
:10055000000000000000000000000000000000009B
:10056000000000000000000000000000000000008B
:10057000000000000000000000000000000000007B
:10058000000000000000000000000000000000006B
:10059000000000000000000000000000000000005B
:1005A000000000000000000000000000000000004B
:1005B000000000000000000000000000000000003B
:1005C000000000000000000000000000000000002B
:1005D000000000000000000000000000000000001B
:1005E000000000000000000000000000000000000B
:1005F00000000000000000000000000000000000FB
:1006000000000000000000000000000000000000EA
:1006100000000000000000000000000000000000DA
:1006200000000000000000000000000000000000CA
:1006300000000000000000000000000000000000BA
:1006400000000000000000000000000000000000AA
:10065000000000000000000000000000000000009A
:10066000000000000000000000000000000000008A
:10067000000000000000000000000000000000007A
:10068000000000000000000000000000000000006A
:10069000000000000000000000000000000000005A
:1006A000000000000000000000000000000000004A
:1006B000000000000000000000000000000000003A
:1006C000000000000000000000000000000000002A
:1006D000000000000000000000000000000000001A
:1006E000000000000000000000000000000000000A
:1006F00000000000000000000000000000000000FA
:1007000000000000000000000000000000000000E9
:1007100000000000000000000000000000000000D9
:1007200000000000000000000000000000000000C9
:1007300000000000000000000000000000000000B9
:1007400000000000000000000000000000000000A9
:100750000000000000000000000000000000000099
:100760000000000000000000000000000000000089
:100770000000000000000000000000000000000079
:100780000000000000000000000000000000000069
:100790000000000000000000000000000000000059
:1007A0000000000000000000000000000000000049
:1007B0000000000000000000000000000000000039
:1007C0000000000000000000000000000000000029
:1007D0000000000000000000000000000000000019
:1007E0000000000000000000000000000000000009
:1007F00000000000000000000000000000000000F9
:1008000000000000000000000000000000000000E8
:1008100000000000000000000000000000000000D8
:1008200000000000000000000000000000000000C8
:1008300000000000000000000000000000000000B8
:1008400000000000000000000000000000000000A8
:100850000000000000000000000000000000000098
:100860000000000000000000000000000000000088
:100870000000000000000000000000000000000078
:100880000000000000000000000000000000000068
:100890000000000000000000000000000000000058
:1008A0000000000000000000000000000000000048
:1008B0000000000000000000000000000000000038
:1008C0000000000000000000000000000000000028
:1008D0000000000000000000000000000000000018
:1008E0000000000000000000000000000000000008
:1008F00000000000000000000000000000000000F8
:1009000000000000000000000000000000000000E7
:1009100000000000000000000000000000000000D7
:1009200000000000000000000000000000000000C7
:1009300000000000000000000000000000000000B7
:1009400000000000000000000000000000000000A7
:100950000000000000000000000000000000000097
:100960000000000000000000000000000000000087
:100970000000000000000000000000000000000077
:100980000000000000000000000000000000000067
:100990000000000000000000000000000000000057
:1009A0000000000000000000000000000000000047
:1009B0000000000000000000000000000000000037
:1009C0000000000000000000000000000000000027
:1009D0000000000000000000000000000000000017
:1009E0000000000000000000000000000000000007
:1009F00000000000000000000000000000000000F7
:100A000000000000000000000000000000000000E6
:100A100000000000000000000000000000000000D6
:100A200000000000000000000000000000000000C6
:100A300000000000000000000000000000000000B6
:100A400000000000000000000000000000000000A6
:100A50000000000000000000000000000000000096
:100A60000000000000000000000000000000000086
:100A70000000000000000000000000000000000076
:100A80000000000000000000000000000000000066
:100A90000000000000000000000000000000000056
:100AA0000000000000000000000000000000000046
:100AB0000000000000000000000000000000000036
:100AC0000000000000000000000000000000000026
:100AD0000000000000000000000000000000000016
:100AE0000000000000000000000000000000000006
:100AF00000000000000000000000000000000000F6
:100B000000000000000000000000000000000000E5
:100B100000000000000000000000000000000000D5
:100B200000000000000000000000000000000000C5
:100B300000000000000000000000000000000000B5
:100B400000000000000000000000000000000000A5
:100B50000000000000000000000000000000000095
:100B60000000000000000000000000000000000085
:100B70000000000000000000000000000000000075
:100B80000000000000000000000000000000000065
:100B90000000000000000000000000000000000055
:100BA0000000000000000000000000000000000045
:100BB0000000000000000000000000000000000035
:100BC0000000000000000000000000000000000025
:100BD0000000000000000000000000000000000015
:100BE0000000000000000000000000000000000005
:100BF00000000000000000000000000000000000F5
:100C000000000000000000000000000000000000E4
:100C100000000000000000000000000000000000D4
:100C200000000000000000000000000000000000C4
:100C300000000000000000000000000000000000B4
:100C400000000000000000000000000000000000A4
:100C50000000000000000000000000000000000094
:100C60000000000000000000000000000000000084
:100C70000000000000000000000000000000000074
:100C80000000000000000000000000000000000064
:100C90000000000000000000000000000000000054
:100CA0000000000000000000000000000000000044
:100CB0000000000000000000000000000000000034
:100CC0000000000000000000000000000000000024
:100CD0000000000000000000000000000000000014
:100CE0000000000000000000000000000000000004
:100CF00000000000000000000000000000000000F4
:100D000000000000000000000000000000000000E3
:100D100000000000000000000000000000000000D3
:100D200000000000000000000000000000000000C3
:100D300000000000000000000000000000000000B3
:100D400000000000000000000000000000000000A3
:100D50000000000000000000000000000000000093
:100D60000000000000000000000000000000000083
:100D70000000000000000000000000000000000073
:100D80000000000000000000000000000000000063
:100D90000000000000000000000000000000000053
:100DA0000000000000000000000000000000000043
:100DB0000000000000000000000000000000000033
:100DC0000000000000000000000000000000000023
:100DD0000000000000000000000000000000000013
:100DE0000000000000000000000000000000000003
:100DF00000000000000000000000000000000000F3
:100E000000000000000000000000000000000000E2
:100E100000000000000000000000000000000000D2
:100E200000000000000000000000000000000000C2
:100E300000000000000000000000000000000000B2
:100E400000000000000000000000000000000000A2
:100E50000000000000000000000000000000000092
:100E60000000000000000000000000000000000082
:100E70000000000000000000000000000000000072
:100E80000000000000000000000000000000000062
:100E90000000000000000000000000000000000052
:100EA0000000000000000000000000000000000042
:100EB0000000000000000000000000000000000032
:100EC0000000000000000000000000000000000022
:100ED0000000000000000000000000000000000012
:100EE0000000000000000000000000000000000002
:100EF00000000000000000000000000000000000F2
:100F000000000000000000000000000000000000E1
:100F100000000000000000000000000000000000D1
:100F200000000000000000000000000000000000C1
:100F300000000000000000000000000000000000B1
:100F400000000000000000000000000000000000A1
:100F50000000000000000000000000000000000091
:100F60000000000000000000000000000000000081
:100F70000000000000000000000000000000000071
:100F80000000000000000000000000000000000061
:100F90000000000000000000000000000000000051
:100FA0000000000000000000000000000000000041
:100FB0000000000000000000000000000000000031
:100FC0000000000000000000000000000000000021
:100FD0000000000000000000000000000000000011
:100FE0000000000000000000000000000000000001
:100FF00000000000000000000000000000000000F1
:1020000000700220C13100102D3200103F3200104C
:102010005132001051320010513200100000000007
:10202000000000000000000000000000D1020000DD
:102030005132001000000000750300008103000011
:102040005132001051320010513200105132001044
:102050005132001051320010513200105132001034
:102060005132001051320010513200105132001024
:10207000513200105132001085670010896700103E
:102080008D67001051320010513200105132001093
:1020900051320010513200105132001051320010F4
:1020A00051320010513200105132001051320010E4
:1020B00051320010513200105132001051320010D4
:1020C00051320010513200105132001051320010C4
:1020D000916700105132001051320010513200103F
:1020E00051320010513200105132001051320010A4
:1020F0005132001051320010513200105132001094
:102100005132001051320010513200105132001083
:102110005132001051320010513200105132001073
:0C212000513200105132001051320010FA
:10212C0010F8012B11F8013B012A28BF9A42F7D075
:10213C00D01A704781F0004102E000BF83F00043E9
:10214C0030B54FEA41044FEA430594EA050F08BF46
:10215C0090EA020F1FBF54EA000C55EA020C7FEA0A
:10216C00645C7FEA655C00F0E2804FEA5454D4EB87
:10217C005555B8BF6D420CDD2C4480EA020281EA51
:10218C00030382EA000083EA010180EA020281EA89
:10219C000303362D88BF30BD11F0004F4FEA0131DB
:1021AC004FF4801C4CEA113102D0404261EB4101EA
:1021BC0013F0004F4FEA03334CEA133302D0524270
:1021CC0063EB430394EA050F00F0A780A4F101042C
:1021DC00D5F1200E0DDB02FA0EFC22FA05F2801866
:1021EC0041F1000103FA0EF2801843FA05F359414C
:1021FC000EE0A5F120050EF1200E012A03FA0EFCCB
:10220C0028BF4CF0020C43FA05F3C01851EBE371F4
:10221C0001F0004507D54FF0000EDCF1000C7EEB11
:10222C0000006EEB0101B1F5801F1BD3B1F5001F4F
:10223C000CD349085FEA30004FEA3C0C04F101046E
:10224C004FEA445212F5800F80F09A80BCF1004F97
:10225C0008BF5FEA500C50F1000041EB045141EA19
:10226C00050130BD5FEA4C0C404141EB0101013CE2
:10227C0028BFB1F5801FE9D291F0000F04BF0146D1
:10228C000020B1FA81F308BF2033A3F10B03B3F1A3
:10229C0020020CDA0C3208DD02F1140CC2F10C0233
:1022AC0001FA0CF021FA02F10CE002F11402D8BF91
:1022BC00C2F1200C01FA02F120FA0CFCDCBF41EA5D
:1022CC000C019040E41AA2BF01EB0451294330BD2C
:1022DC006FEA04041F3C1CDA0C340EDC04F1140409
:1022EC00C4F1200220FA04F001FA02F340EA0300E0
:1022FC0021FA04F345EA030130BDC4F10C04C4F126
:10230C00200220FA02F001FA04F340EA0300294605
:10231C0030BD21FA04F0294630BD94F0000F83F44F
:10232C00801306BF81F480110134013D4EE77FEA32
:10233C00645C18BF7FEA655C29D094EA050F08BF7E
:10234C0090EA020F05D054EA000C04BF194610465F
:10235C0030BD91EA030F1EBF0021002030BD5FEAA3
:10236C00545C05D14000494128BF41F0004130BDCB
:10237C0014F580043CBF01F5801130BD01F000451F
:10238C0045F0FE4141F470014FF0000030BD7FEA92
:10239C00645C1ABF194610467FEA655C1CBF0B468D
:1023AC00024650EA013406BF52EA033591EA030FA4
:1023BC0041F4002130BD00BF90F0000F04BF00219C
:1023CC00704730B54FF4806404F132044FF00005CF
:1023DC004FF0000150E700BF90F0000F04BF002148
:1023EC00704730B54FF4806404F1320410F00045AE
:1023FC0048BF40424FF000013EE700BF42004FEAA9
:10240C00E2014FEA31014FEA02701FBF12F07F4325
:10241C0093F07F4F81F06051704732F07F4208BFDC
:10242C00704793F07F4F04BF41F40021704730B5E3
:10243C004FF4607401F0004521F000411CE700BF2F
:10244C0050EA010208BF704730B54FF000050AE0B2
:10245C0050EA010208BF704730B511F0004502D5B3
:10246C00404261EB41014FF4806404F132045FEAB5
:10247C00915C3FF4D8AE4FF003025FEADC0C18BF5E
:10248C0003325FEADC0C18BF033202EBDC02C2F150
:10249C00200300FA03FC20FA02F001FA03FE40EAE2
:1024AC000E0021FA02F11444BDE600BF70B54FF0E6
:1024BC00FF0C4CF4E06C1CEA11541DBF1CEA1355C4
:1024CC0094EA0C0F95EA0C0F00F0DEF82C4481EA2C
:1024DC00030621EA4C5123EA4C5350EA013518BF4C
:1024EC0052EA033541F4801143F4801338D0A0FB39
:1024FC0002CE4FF00005E1FB02E506F00042E0FBE6
:10250C0003E54FF00006E1FB03569CF0000F18BFEB
:10251C004EF0010EA4F1FF04B6F5007F64F5407493
:10252C0004D25FEA4E0E6D4146EB060642EAC62126
:10253C0041EA55514FEAC52040EA5E504FEACE2E93
:10254C00B4F1FD0C88BFBCF5E06F1ED8BEF1004F96
:10255C0008BF5FEA500E50F1000041EB045170BD12
:10256C0006F0004646EA010140EA020081EA030156
:10257C00B4EB5C04C2BFD4EB0C0541EA045170BD52
:10258C0041F480114FF0000E013C00F3AB8014F1CC
:10259C00360FDEBF002001F0004170BDC4F1000415
:1025AC00203C35DA0C341BDC04F11404C4F1200596
:1025BC0000FA05F320FA04F001FA05F240EA0200F1
:1025CC0001F0004221F0004110EBD37021FA04F627
:1025DC0042EB06015EEA430E08BF20EAD37070BDE1
:1025EC00C4F10C04C4F1200500FA04F320FA05F040
:1025FC0001FA04F240EA020001F0004110EBD37042
:10260C0041F100015EEA430E08BF20EAD37070BDB1
:10261C00C4F1200500FA05F24EEA020E20FA04F38A
:10262C0001FA05F243EA020321FA04F001F0004139
:10263C0021FA04F220EA020000EBD3705EEA430EAA
:10264C0008BF20EAD37070BD94F0000F0FD101F0D9
:10265C000046400041EB010111F4801F08BF013C12
:10266C00F7D041EA060195F0000F18BF704703F050
:10267C000046520043EB030313F4801F08BF013DD7
:10268C00F7D043EA0603704794EA0C0F0CEA135593
:10269C0018BF95EA0C0F0CD050EA410618BF52EA4D
:1026AC004306D1D181EA030101F000414FF0000053
:1026BC0070BD50EA410606BF1046194652EA430661
:1026CC0019D094EA0C0F02D150EA013613D195EAD5
:1026DC000C0F05D152EA03361CBF104619460AD11D
:1026EC0081EA030101F0004141F0FE4141F4700127
:1026FC004FF0000070BD41F0FE4141F4780170BD17
:10270C0070B54FF0FF0C4CF4E06C1CEA11541DBF7B
:10271C001CEA135594EA0C0F95EA0C0F00F0A7F87D
:10272C00A4EB050481EA030E52EA03354FEA0131AA
:10273C0000F088804FEA03334FF0805545EA1313BD
:10274C0043EA12634FEA022245EA111545EA106585
:10275C004FEA00260EF000419D4208BF964244F11C
:10276C00FD0404F5407402D25B084FEA3202B61A3B
:10277C0065EB03055B084FEA32024FF480104FF40F
:10278C00002CB6EB020E75EB030E22BFB61A754683
:10279C0040EA0C005B084FEA3202B6EB020E75EB16
:1027AC00030E22BFB61A754640EA5C005B084FEA7E
:1027BC003202B6EB020E75EB030E22BFB61A75464B
:1027CC0040EA9C005B084FEA3202B6EB020E75EB56
:1027DC00030E22BFB61A754640EADC0055EA060E17
:1027EC0018D04FEA051545EA16754FEA06164FEA5A
:1027FC00C30343EA52734FEAC2025FEA1C1CC0D106
:10280C0011F4801F0BD141EA00014FF000004FF092
:10281C00004CB6E711F4801F04BF01430020B4F153
:10282C00FD0C88BFBCF5E06F3FF6AFAEB5EB030C0B
:10283C0004BFB6EB020C5FEA500C50F1000041EB08
:10284C00045170BD0EF0004E4EEA113114EB5C04D5
:10285C00C2BFD4EB0C0541EA045170BD41F48011A8
:10286C004FF0000E013C90E645EA060E8DE60CEAB0
:10287C00135594EA0C0F08BF95EA0C0F3FF43BAFCD
:10288C0094EA0C0F0AD150EA01347FF434AF95EA84
:10289C000C0F7FF425AF104619462CE795EA0C0F68
:1028AC0006D152EA03353FF4FDAE1046194622E735
:1028BC0050EA410618BF52EA43067FF4C5AE50EA0F
:1028CC0041047FF40DAF52EA43057FF4EBAE12E7FF
:1028DC004FF0FF3C06E000BF4FF0010C02E000BFE0
:1028EC004FF0010C4DF804CD4FEA410C7FEA6C5CC3
:1028FC004FEA430C18BF7FEA6C5C1BD001B050EA66
:10290C00410C0CBF52EA430C91EA030F02BF90EA50
:10291C00020F0020704710F1000F91EA030F58BF0F
:10292C00994208BF90422CBFD8176FEAE37040F071
:10293C00010070474FEA410C7FEA6C5C02D150EA0F
:10294C00013C07D14FEA430C7FEA6C5CD6D152EACA
:10295C00033CD3D05DF8040B704700BF844610468F
:10296C0062468C461946634600E000BF01B5FFF78E
:10297C00B7FF002848BF10F1000F01BD4DF808ED5E
:10298C00FFF7F4FF0CBF012000205DF808FB00BF2F
:10299C004DF808EDFFF7EAFF34BF012000205DF889
:1029AC0008FB00BF4DF808EDFFF7E0FF94BF0120D6
:1029BC0000205DF808FB00BF4DF808EDFFF7CEFFD7
:1029CC0094BF012000205DF808FB00BF4DF808ED16
:1029DC00FFF7C4FF34BF012000205DF808FB00BFE7
:1029EC004FEA410212F5001215D211D56FF478732B
:1029FC00B3EB625212D94FEAC12343F0004343EACE
:102A0C00505311F0004F23FA02F018BF40427047A8
:102A1C004FF00000704750EA013005D111F0004032
:102A2C0008BF6FF0004070474FF00000704700BFC8
:102A3C0080F0004002E000BF81F0004142001FBF67
:102A4C005FEA410392EA030F7FEA226C7FEA236C70
:102A5C006AD04FEA1262D2EB1363C1BFD218414065
:102A6C0048404140B8BF5B42192B88BF704710F0FB
:102A7C00004F40F4000020F07F4018BF404211F09E
:102A8C00004F41F4000121F07F4118BF494292EA06
:102A9C00030F3FD0A2F1010241FA03FC10EB0C0032
:102AAC00C3F1200301FA03F100F0004302D54942BF
:102ABC0060EB4000B0F5000F13D3B0F1807F06D36C
:102ACC0040084FEA310102F10102FE2A51D2B1F164
:102ADC00004F40EBC25008BF20F0010040EA030059
:102AEC007047490040EB0000013A28BFB0F5000FD9
:102AFC00EDD2B0FA80FCACF1080CB2EB0C0200FA8F
:102B0C000CF0AABF00EBC25052421843BCBFD040DD
:102B1C001843704792F0000F81F4000106BF80F457
:102B2C0000000132013BB5E74FEA41037FEA226C1A
:102B3C0018BF7FEA236C21D092EA030F04D092F0E5
:102B4C00000F08BF0846704790EA010F1CBF002019
:102B5C00704712F07F4F04D1400028BF40F0004076
:102B6C00704712F100723CBF00F50000704700F096
:102B7C00004343F0FE4040F4000070477FEA2262BD
:102B8C0016BF08467FEA23630146420206BF5FEA8E
:102B9C00412390EA010F40F4800070474FF000038E
:102BAC0004E000BF10F0004348BF40425FEA000C55
:102BBC0008BF704743F0964301464FF000001CE0FD
:102BCC0050EA010208BF70474FF000030AE000BF53
:102BDC0050EA010208BF704711F0004302D5404291
:102BEC0061EB41015FEA010C02BF84460146002003
:102BFC0043F0B64308BFA3F18053A3F50003BCFA1E
:102C0C008CF2083AA3EBC25310DB01FA02FC6344CA
:102C1C0000FA02FCC2F12002BCF1004F20FA02F2D1
:102C2C0043EB020008BF20F00100704702F12002C4
:102C3C0001FA02FCC2F1200250EA4C0021FA02F225
:102C4C0043EB020008BF20EADC7070474FF0FF0C2A
:102C5C001CEAD0521EBF1CEAD15392EA0C0F93EA25
:102C6C000C0F6FD01A4480EA010C400218BF5FEAC7
:102C7C0041211ED04FF0006343EA501043EA51113A
:102C8C00A0FB01310CF00040B1F5000F3EBF490034
:102C9C0041EAD3715B0040EA010062F17F02FD2A38
:102CAC001DD8B3F1004F40EBC25008BF20F001001B
:102CBC00704790F0000F0CF0004C08BF49024CEA32
:102CCC00502040EA51207F3AC2BFD2F1FF0340EAC4
:102CDC00C250704740F400004FF00003013A5DDC35
:102CEC0012F1190FDCBF00F000407047C2F1000276
:102CFC00410021FA02F1C2F1200200FA02FC5FEA63
:102D0C00310040F1000053EA4C0308BF20EADC70AC
:102D1C00704792F0000F00F0004C02BF400010F41E
:102D2C00000F013AF9D040EA0C0093F0000F01F0CB
:102D3C00004C02BF490011F4000F013BF9D041EAED
:102D4C000C018FE70CEAD15392EA0C0F18BF93EAEF
:102D5C000C0F0AD030F0004C18BF31F0004CD8D119
:102D6C0080EA010000F00040704790F0000F17BFA0
:102D7C0090F0004F084691F0000F91F0004F14D0E6
:102D8C0092EA0C0F01D142020FD193EA0C0F03D13E
:102D9C004B0218BF084608D180EA010000F0004041
:102DAC0040F0FE4040F40000704740F0FE4040F41C
:102DBC00400070474FF0FF0C1CEAD0521EBF1CEABB
:102DCC00D15392EA0C0F93EA0C0F69D0A2EB0302D9
:102DDC0080EA010C49024FEA402037D04FF0805373
:102DEC0043EA111143EA10130CF000408B4238BF38
:102DFC005B0042F17D024FF4000C8B4224BF5B1A46
:102E0C0040EA0C00B3EB510F24BFA3EB510340EA93
:102E1C005C00B3EB910F24BFA3EB910340EA9C0041
:102E2C00B3EBD10F24BFA3EBD10340EADC001B01B1
:102E3C0018BF5FEA1C1CE0D1FD2A3FF650AF8B4255
:102E4C0040EBC25008BF20F0010070470CF0004C62
:102E5C004CEA50207F32C2BFD2F1FF0340EAC2508D
:102E6C00704740F400004FF00003013A37E792F04E
:102E7C00000F00F0004C02BF400010F4000F013AAC
:102E8C00F9D040EA0C0093F0000F01F0004C02BFA7
:102E9C00490011F4000F013BF9D041EA0C0195E710
:102EAC000CEAD15392EA0C0F08D142027FF47DAFA9
:102EBC0093EA0C0F7FF470AF084676E793EA0C0F99
:102ECC0004D14B023FF44CAF08466EE730F0004C97
:102EDC0018BF31F0004CCAD130F000427FF45CAF27
:102EEC0031F000437FF43CAF5FE700BF4FF0FF3C95
:102EFC0006E000BF4FF0010C02E000BF4FF0010CE8
:102F0C004DF804CD4FEA40024FEA41037FEA226CB0
:102F1C0018BF7FEA236C11D001B052EA530C18BFD2
:102F2C0090EA010F58BFB2EB030088BFC81738BF37
:102F3C006FEAE17018BF40F0010070477FEA226C25
:102F4C0002D15FEA402C05D17FEA236CE4D15FEA21
:102F5C00412CE1D05DF8040B704700BF8446084655
:102F6C006146FFE70FB5FFF7C9FF002848BF10F116
:102F7C00000F0FBD4DF808EDFFF7F4FF0CBF01205B
:102F8C0000205DF808FB00BF4DF808EDFFF7EAFFE5
:102F9C0034BF012000205DF808FB00BF4DF808EDA0
:102FAC00FFF7E0FF94BF012000205DF808FB00BF95
:102FBC004DF808EDFFF7D2FF94BF012000205DF81B
:102FCC0008FB00BF4DF808EDFFF7C8FF34BF012028
:102FDC0000205DF808FB00BF4FEA4002B2F1FE4F43
:102FEC000FD34FF09E03B3EB12620DD94FEA0023BF
:102FFC0043F0004310F0004F23FA02F018BF404298
:10300C0070474FF00000704712F1610F01D142027E
:10301C0005D110F0004008BF6FF0004070474FF032
:10302C000000704742000ED2B2F1FE4F0BD34FF0AE
:10303C009E03B3EB126209D44FEA002343F0004322
:10304C0023FA02F070474FF00000704712F1610F45
:10305C0001D1420202D14FF0FF3070474FF0000017
:10306C00704700BF7BB972B90029BEBF00204FF07A
:10307C00004106E008BF00281CBF6FF000414FF074
:10308C00FF3000F057B8ADF1080C6DE904CE002903
:10309C0009DB002B1ADB07F0FBFFDDF804E0DDE9B0
:1030AC00022304B07047404261EB4101002B1BDB53
:1030BC0007F0EEFFDDF804E0DDE9022304B0404246
:1030CC0061EB4101524263EB43037047524263EBA5
:1030DC00430307F0DDFFDDF804E0DDE9022304B073
:1030EC00404261EB41017047524263EB430307F0EE
:1030FC00CFFFDDF804E0DDE9022304B0524263EBBC
:10310C004303704753B94AB9002908BF00281CBFB4
:10311C004FF0FF314FF0FF3000F00CB8ADF1080C60
:10312C006DE904CE07F0B4FFDDF804E0DDE902231D
:10313C0004B07047704700BF4A0011D212F500125C
:10314C0011D20DD56FF47873B3EB62520ED44FEAF3
:10315C00C12343F0004343EA505323FA02F0704773
:10316C004FF00000704750EA013002D14FF0FF30B1
:10317C0070474FF0000070470A4B0B4A03F59670EE
:10318C0053F8041B834242F8041FF9D1074B084A39
:10319C009A605A6942F010025A615A6942F480727C
:1031AC005A61704700200010FC6F012000ED00E018
:1031BC0000700120244880F30888244880F30A8892
:1031CC0023488047002103E0224B5B5843500431D5
:1031DC002148224B42189A42F6D3002103E0204B9F
:1031EC005B58435004311F481F4B42189A42F6D388
:1031FC00002103E01D4B5B58435004311C481D4B10
:10320C0042189A42F6D31C4A02E00023136004329F
:10321C001A4B9A42F9D306F09DFF00F0F9FAFEE73B
:10322C005FEA0E00EFF30881EFF30982144B984725
:10323C00FEE75FEA0E00EFF30881EFF30982114B12
:10324C009847FEE7FEE700000070022000600220B5
:10325C0085310010D418011000300020C0840020EB
:10326C00946D01100072012068790120FC7401102A
:10327C0000F0012020F3012020F30120B0020220F5
:10328C00A1340010C534001070B51F4D82B02B68EE
:10329C00B3F1C04F2CD01D4A93421ED01C4E1D4C76
:1032AC002D2008F02FF90C223168206808F04AF91B
:1032BC0008B102B070BD02223168206808F006F92E
:1032CC000028F6D1144A154B126869462868CDE9D6
:1032DC00002308F00FF902B070BD0D4E0D4C2C20E0
:1032EC0008F010F908223168206808F02BF9DFE7A4
:1032FC00074E084C2B2008F005F904223168206891
:10330C0008F020F9D4E700BF28F301200004006086
:10331C0034F3012024F3012030F30120213001018A
:10332C0030B4B2F1C04F029C06D0114DAA4203D06A
:10333C0005F58065AA4218D10E4DA84202D0803501
:10334C00A84212D10C4D2C6024B100240B4D2C80C2
:10335C000B4D2C800B4C22600B4A0C4C10600C4A11
:10336C00216030BC1360FFF78FBF102030BC70475A
:10337C000004006000B0046020F301202EF3012053
:10338C002CF3012028F3012024F3012034F3012035
:10339C0030F30120F8B50E4D2B68BBB10D4C0E4E21
:1033AC0023880E4F0FE02A6838681268D15C08F049
:1033BC0041F823882A68013392889BB29A42238071
:1033CC009CBF0023238032889A42ECD1F8BD00BF09
:1033DC0020F301202EF301202CF3012028F30120EF
:1033EC002DE9F84F431C884634D00138012828D8E1
:1033FC00002A2FDD4C1E4FF0000BDFF860A0184D9B
:10340C00DFF86090A6180FE0B5F800C002680CF168
:10341C00010302F80C1082889BB29A422B8098BF51
:10342C00A5F800B0B44210D0DAF80000274614F822
:10343C00011F0028E8D1D9F8000007F0FBFF002895
:10344C00F0D04FF0FF30BDE8F88FB81CA0EB0800AF
:10345C00BDE8F88F0020BDE8F88F00BF20F30120F5
:10346C002CF3012028F30120012070474FF0FF308E
:10347C00704700BF002070474FF4005300204B6092
:10348C00704700BF00207047012070474FF0FF309D
:10349C00704700BF0D461646044608B5FFF7F4FE0C
:1034AC0033462A462146034806F086FCFFF772FF96
:1034BC00FEE700BF60B5001070B582B004460D4643
:1034CC001646FFF7E1FEEFF30881834806F074FC23
:1034DC0023074CBF8148824806F0DEFC600737D5D5
:1034EC00804806F0D9FC35467F4806F0D5FC2968A3
:1034FC007E4806F061FC69687D4806F05DFCA968B1
:10350C007C4806F059FCE9687B4806F055FC2969B3
:10351C007A4806F051FC6969794806F04DFCA969B6
:10352C00784806F049FCE969774806F045FCAA6939
:10353C00764B0192DB6A99070ED4744BDB6A002B35
:10354C0041DB724CE36A5A000AD4FFF723FFFEE713
:10355C006F4806F0A1FCC7E76E4806F09DFCECE74F
:10356C006D4806F099FCA36ADBB2002B4DD1674C79
:10357C00A36A13F47F4F2AD1644CA36AB3F5803F3E
:10358C00E3D3664806F088FCA36ADE036FD45F4B76
:10359C009B6A9D0367D45D4B9B6A5C035FD45B4B5A
:1035AC009B6A180357D4594B9B6AD9024FD4574B7B
:1035BC009B6ADA0147D4554B9B6A9B01C5D5584889
:1035CC0006F06AFCC1E7574806F066FCB9E75648B6
:1035DC0006F062FCA36ADB0531D44C4CA36A9E0551
:1035EC006ED44A4B9B6A580566D4484B9B6A1905A6
:1035FC005ED4464B9B6ADA0456D4444B9B6A9B04BC
:10360C00BAD54A4806F048FCB6E7494806F044FCEF
:10361C00A36ADB0733D43D4CA36A9E0738D43B4BDB
:10362C009B6A180730D4394B9B6AD90623D4374B85
:10363C009B6A9A069BD53F4806F02EFC97E73E48BE
:10364C0006F02AFCC9E73D4806F026FCB3E73C48E7
:10365C0006F022FCABE73B4806F01EFCA3E73A4819
:10366C0006F01AFC9BE7394806F016FC93E738483D
:10367C0006F012FC8BE7374806F00EFCD7E70199F1
:10368C00354806F099FBC6E7344806F005FCCAE756
:10369C000199334806F090FBA36A1D06BFD5616BF8
:1036AC00304806F089FBBAE72F4806F0F5FBA4E793
:1036BC002E4806F0F1FB9CE72D4806F0EDFB94E755
:1036CC0001992C4806F078FBA36A1D0489D5A16BDF
:1036DC00244806F071FB84E780B50010A8B50010F3
:1036EC00BCB50010D4B50010F4B5001004B6001031
:1036FC0014B6001024B6001034B6001044B60010F6
:10370C0054B6001064B6001074B6001000ED00E062
:10371C00E4B5001084B60010A8B600105CBA001016
:10372C00B8BB001094B60010CCB8001010BA001042
:10373C00BCB6001078B80010D8B8001084BB0010CC
:10374C0058BB001018BB0010E8BA0010A8BA001043
:10375C006CBA001024B80010D0B60010CCB7001012
:10376C0048B70010BCB70010C4B9001078B90010ED
:10377C0040B9001008B9001010B4054CD4E900236E
:10378C00501C43F10001C4E9000110BC704700BF9C
:10379C0048F30120704700BF704700BF70B5EFF3CE
:1037AC00108C72B64FF0E023174AD2E90045174A45
:1037BC009869596956684A1C760105D5661C986942
:1037CC0045F1000334461D468CF31088091A4FF45A
:1037DC007A700023A1FB0001FFF794FC6B016201DE
:1037EC00121B43EAD46363EB05039B0043EA927319
:1037FC009200121943EB0503D400DB00001943EAD5
:10380C00527343EB010170BD48F3012000ED00E061
:10381C0008B5284807F066FE274C642007F02AFEFE
:10382C0002F056FF012002F063FF02F08FFF234AE3
:10383C00A368DA63BFF34F8FBFF34F8FBFF36F8F64
:10384C0007F0F4FD1E4BA3FB00239B09013BB3F1D6
:10385C00807F2BD24FF0E02207214FF0E00C0020AC
:10386C00536184F823C09061116103F02FF803F0C9
:10387C00EDF9202007F01EFE4FF480614FF48030EC
:10388C0007F0F0FD20B102F0E1F802F0DFF8FAE702
:10389C000C4B596807F04AFE292007F033FE2A200A
:1038AC0007F030FE202007F0F9FDECE7064806F0A3
:1038BC00F3FAFEE700E0046000ED00E0853700104D
:1038CC00D34D621000300020F4BB00102DE9F84FEE
:1038DC000D461F4600EBC503D3F80C9004462E4949
:1038EC0048461646BDF82880FFF74EFB002841D10C
:1038FC0004EBC606F1684846FFF79EF827490646D2
:10390C00FFF742FB002835D131464846FFF796F8C1
:10391C00DFF88CA001465AF82500FFF78FF8214AF2
:10392C004AF82500535DDFF880A0FF2B5AF825B02C
:10393C001CBF0133535549465846FFF725FBD8B1F8
:10394C00DFF868B020461A4AC5EBC5034AF8259043
:10395C004BF8256002EB830204F13801C368083090
:10396C00884242F8043FF9D1124A134B42F82570B1
:10397C0023F81580BDE8F88F58464946FFF7FAFA48
:10398C000028F7D0DFF824B031465BF82500FFF7AC
:10399C00FBFA0028EED0D5E70AD7A33E0AD7233D81
:1039AC0098F4012090F4012078F4012060F40120B7
:1039BC00B4F30120A0F3012094F301202DE9F84F7A
:1039CC00DFF8DC90D9F80450D9F80040284621469D
:1039DC00FFF7F8FA00285AD1254601274FF00008C6
:1039EC000224DFF8C0A05AF8046F29463046454639
:1039FC005FFA84FBFFF7E6FA40B125460134062C4A
:103A0C004746D8460DD059F82550ECE759F8271001
:103A1C003046FFF7D7FA0134002818BF5F46062C52
:103A2C00F1D1214B585D002835D059F827400021A1
:103A3C002046FFF7C7FA40B1214659F82500FEF79A
:103A4C00FBFF1A49FFF7A0FA28BB194CC5EBC503BD
:103A5C0004EB8304174A184B52F8252083F8008096
:103A6C00164B17491A60174B31F8151053F82520CF
:103A7C000125154B154E1980154B1A600FCC0FC62E
:103A8C0094E8070086E807002846BDE8F88F002771
:103A9C004FF00108A4E700252846BDE8F88F00BFC9
:103AAC0098F401209CF4012090F40120CDCC4C3DE5
:103ABC00B8F3012078F4012000F0012090F30120EC
:103ACC0094F30120A0F3012066F3012074F301208C
:103ADC0068F301202DE9F84F2C4F04463E780D4633
:103AEC0092469946BDF828800EBB00EBC103DE68F8
:103AFC0027493046FFF748FAE0B904EBCA02D2F87E
:103B0C000CA0D4F83CB051465846FFF75BFAA8B16C
:103B1C0059463046FEF790FF1E49FFF735FA48B973
:103B2C001D4B1E4A197859B90121157019700020C6
:103B3C00BDE8F88F0022184B1A70F8E75146E8E7F9
:103B4C001078A842F0D1012901D102221A70FFF796
:103B5C0035FF0028EBD0124B1B78AB42E7D1114B51
:103B6C001E60114B03F11C01E268083443F8042F6A
:103B7C008B42F9D10D4B0E4AC3F800900123A2F8E9
:103B8C0000800C4A3B701370D2E700BFB3F40120E5
:103B9C003333333F9A99193EB0F4012001F00120E0
:103BAC0000F0012090F3012070F3012068F3012054
:103BBC0066F30120B1F4012003680868184700BFC0
:103BCC0010B40468086811681A68234610BC1847BA
:103BDC00034610B5104672B140F22E2293420AD819
:103BEC00D21A8A4207D3054C8A0004EB830106F0F3
:103BFC00E6FA002010BD4FF0FF3010BD04F5012097
:103C0C0070B50024FF25224B224AC3E90044C3E9C6
:103C1C000244C3E90444204B20491C70204B21482A
:103C2C001D70214E214BC2E90044C2E90244C2E995
:103C3C000444C1E90044A822C1E90244C1E9044496
:103C4C000460214684801A4834701C7006F013FA04
:103C5C004FF0000C174A184B1849194EC2E9004492
:103C6C00C2E90244C2E904441648C1E90044C3E96C
:103C7C000044C3E90244C3E90444C6F800C0124A34
:103C8C00124E8C6005709C613460148070BD00BF56
:103C9C0060F4012098F40120B1F4012078F40120A3
:103CAC0001F0012090F40120B3F40120B0F40120C4
:103CBC00B8F30120A0F3012074F3012094F3012048
:103CCC0090F3012000F0012066F3012068F301203D
:103CDC0005F06EBF08B528B130F8023CC01AFFF7EA
:103CEC00F7FF08BD6B21024B024A034805F01EFF8B
:103CFC0018BC00101CBC001048BC001008B50E4BC2
:103D0C001B781BB10D4B1878073008BDFFF746FD2B
:103D1C0000234FF47A72FFF7F5F9094B1B68C01AB0
:103D2C00002806DB074B1B78002B0CBF0820062055
:103D3C0008BD082008BD00BFB5F40120B3F4012074
:103D4C006CF3012002F001202DE9F04F8DB00190B1
:103D5C00FFF724FD4FF47A720023FFF7D3F90546E1
:103D6C008846534E534FDFF850A103A802F002FFD0
:103D7C00044602F0A9FE002CC6F83C0C6ADB012CB0
:103D8C0013D0FFF70BFD4FF47A720023FFF7BAF94B
:103D9C00401B61EB0801B0F5FA7F71F1000180F076
:103DAC008180012007F066FBDFE706A903A802F07B
:103DBC0069FE3B7F002B5CD0D7F818B03D4CABF5BF
:103DCC007423D345A3F5107348D85846FEF7E6FE86
:103DDC003A49FEF7EFFF8046019BA14606AE1C1F39
:103DEC0003F1140A59F8045B56F8040B2946FEF744
:103DFC0023FE4146FEF72AFF2946FEF71FFE44F834
:103E0C00040F5445EED12B4D0BF5DF3303F59073B6
:103E1C0006ACBB610FCC0FC594E8030085E803002A
:103E2C000024274B03AA07CA83E80700254ADDF8BC
:103E3C0004901368244D01331360B9E80F000FC5CB
:103E4C0099E8030085E80300194ED6F8303C01339D
:103E5C00C6F8303C20460DB0BDE8F08F0DF1180CC3
:103E6C00BB61BCE80F000FC49CE8030084E80300AE
:103E7C007BE706ADAE460FCDDFF838C0019EACE84F
:103E8C000F0095E803008CE80300BEE80F000FC696
:103E9C0095E80300DFF8348086E80300C7F8188043
:103EAC003C77BDE76FF0030420460DB0BDE8F08F02
:103EBC0000500120E4F4012040420F00002474491A
:103ECC00D8F40120B8F40120C0F4012060011100E5
:103EDC002DE9F0410926124D124FDFF84C801349A1
:103EEC004FF4F962A1F1F00006F0ACF8104C20464A
:103EFC00FFF72AFF183488B9AC42F8D1D7F83C3C0C
:103F0C00C3F30A030C2B09D90A4A0B4B013E88F860
:103F1C00000010701870E2D16FF00C00BDE8F08159
:103F2C00BCFD012000500120B4F40120F4F5012067
:103F3C00CCFC0120B0F40120B2F401202DE9F843AF
:103F4C00D0F80CE01C469EF85460DDF820C0D3F885
:103F5C00805066B100212F1D55F8310020B157F863
:103F6C0031309A4207D033B101318E42F4D16FF027
:103F7C002000BDE8F883BEF86270E7B10568DEF892
:103F8C006460013FDCF80080DCF804902F44043EB0
:103F9C00013D15F9010FFEF705FE4146FEF74CFDFC
:103FAC004946FEF753FE56F8043FBD4204F108049F
:103FBC0023606060EDD10020BDE8F883012A02D1B6
:103FCC00016000207047022A05D0032AF9D0002A8C
:103FDC00F7D10260F5E70B680360F2E7012A02D122
:103FEC00016000207047022A05D0032AF9D0002A6C
:103FFC00F7D10260F5E70B680360F2E7012A02D102
:10400C00016000207047022A05D0032AF9D0002A4B
:10401C00F7D10260F5E70B680360F2E72DE9F04F8A
:10402C0004680868A1681268B0FBF1F9B2FBF1FAF8
:10403C001F68E36887B01A6A02FB09F902FB0A9A47
:10404C00D1452CD24FF0000B019721B3019B0026D8
:10405C00012703EB8B0506E0A168731C8B4205F16D
:10406C00040514D21E46D4E900039B5D82684B44C0
:10407C00CDE903370595B2B1D0F80C8005AB04AA95
:10408C0003A9C0470028E7D007B0BDE8F08F0BF1BB
:10409C00010BE368B3441A6A9144CA45D5D8002091
:1040AC0007B0BDE8F08F05F02BFD00BF70B5D0E96F
:1040BC00001391F83C20054682B10024264653F8A3
:1040CC00240030B10368DB689847D5E9001343F846
:1040DC00246091F83C2001349442F0D31846FFF749
:1040EC00F7FD284670BD00BF2DE9F04F83B00546A3
:1040FC000F46FFF753FB80468946002D60D0EE68D3
:10410C00F36C63B3002402E0F36CA34227D9D5F817
:10411C0010E03B4621462846BEF1000F01D05EF868
:10412C0024E0326D02EB441CDCF81C20CDF804E0DA
:10413C00DCF818E00134CDF800E0DCF810A0D04732
:10414C0082460028E0D0FFF729FBB0EB080061EBBA
:10415C000901C7E91C01504603B0BDE8F08F96F881
:10416C005420FAB10024D7F88030A2460BE0284640
:10417C00FFF7AEFDD7F8803043F80BA096F854202B
:10418C000134A2420ED953F834504FEAC40B002D1F
:10419C00F6D028680028EAD02B7B002BE7D0FFF75D
:1041AC0097FDE4E7FFF7FAFA4FF0000AB0EB0800CE
:1041BC0061EB0901C7E91C01504603B0BDE8F08F63
:1041CC006FF00A0AF8E700BFF8B507460D46F0B1E4
:1041DC00C668002496F83C20BAB1336C04EBC400DA
:1041EC0003EB80031B6A800063B1196851B15B69F2
:1041FC0043B1FA6855F83410126C1044984728B93A
:10420C0096F83C200134A242E7D80020F8BD6FF0AC
:10421C000A00F8BD002070472DE9F0430546C06840
:10422C00984690F844300E46174685B00BB30024E0
:10423C0004E0E86890F84430A3421AD9826C04EB8D
:10424C00440302EBC30CDCF81030CDF80C80DCF826
:10425C0008203146CDE901729CF814200092DCF85C
:10426C0004902246C84701340028E2D005B0BDE8CE
:10427C00F083FFF7CFFF831C18BF002005B0BDE80B
:10428C00F08300BF0FB430B5E3B066AC54F8045BF8
:10429C004FF4C072002102A805F0EDFE4FF4C0717E
:1042AC002A46234602A8019405F02CFE002810DDB6
:1042BC00002302AC0DF287158DF8873105E04FF025
:1042CC00C04007F0B7F8AC4203D014F8011B00292A
:1042DC00F5D163B0BDE8304004B070472DE9F04F24
:1042EC0083B00C9B15460190002B00F08C800027AE
:1042FC003E46B846019B29781C680329D4E9013253
:10430C0002FB03F080440BD0092950D0012936D090
:10431C004348FFF7B7FF6FF00C0003B0BDE8F08F18
:10432C004FF00009D8B12368E96853F82900FEF76B
:10433C0041FD05F0A5FBFEF74FFE2969D5F804B049
:10434C00084480F308000BF80600D4E9013202FBA4
:10435C0003F309F101094B4506F10106E3D80C9B67
:10436C000137BB42C6D1A969B8EB910F03D04145C7
:10437C0018BFC3464CD1002003B0BDE8F08F002815
:10438C00EDD023686A6806F18041043B013902EBE9
:10439C00810203EB800453F8041F9C4242F8041F73
:1043AC00F9D10C9B0137BB420644A3D1DBE74FF09C
:1043BC00000B0028D3D02268E96852F82B00FEF7D6
:1043CC00F9FC05F05DFBFEF707FE2B69D5F804A0A0
:1043DC0018446FF07F039842B8BF18467F28A8BFD7
:1043EC007F200AF80600D4E9012101FB02F20BF14F
:1043FC00010B5A4506F10106DDD80C9B0137BB4277
:10440C007FF478AFAFE791698B08B4D0DDF830B0AA
:10441C0004485A46FFF736FF6FF017007DE700BFE0
:10442C00C8BC0010ECBC00100B4601782DE9F04123
:10443C0003290446D3E9012002FB00F028D0092906
:10444C000CD001293ED1A269B0EB920F41D1616829
:10445C00186805F0B4FE0020BDE8F081A169814226
:10446C0042D10029F7D065681E680139276905EB30
:10447C000108043E013D15F9010FC01BFEF792FB2C
:10448C00E168FEF7E3FB454546F8040FF3D1E2E79C
:10449C00A169814228D10029DDD065681E680139E7
:1044AC00276905EB0108043E013D15F8010FC01BFF
:1044BC00FEF778FBE168FEF7C9FBA84546F8040F48
:1044CC00F3D1C8E70B48FFF7DDFE6FF00D00BDE838
:1044DC00F081111EB8BF0331024689100648FFF760
:1044EC00D1FE6FF01700B7E702460348FFF7CAFE8C
:1044FC00F7E700BF80BD00103CBD0010F8B50F46BB
:10450C001D4606461446FFF749F9C7E9000137690D
:10451C0012487B682D6898470146C8B921463B690B
:10452C009847044678B9337B1BB90FE0327B9A422B
:10453C000CD9B26829467B69105D98470134E3B207
:10454C0040350028F2D06FF00200F8BD0020F8BD15
:10455C000348FFF797FE6FF00500F8BDE946001021
:10456C00C0BD001070B50C46002586B0D66801950C
:10457C004A68A568816805FB02F20569AA4228BF52
:10458C002A46029222680492002955D0C56804ABD1
:10459C0002AA01A9A8474FF07E513046FEF7EAFC6B
:1045AC00054610B1002006B070BD0346A288314606
:1045BC0062F30F03ADF80820228902A862F31F43AF
:1045CC0004932368ADF80A2004AA0393059302F020
:1045DC0067FB0028E6D019491948FFF753FE2B4614
:1045EC00A2883146ADF8082062F30F03228902A895
:1045FC0062F31F4304932368ADF80A2004AA0393C3
:10460C00059302F04DFB01460E48FFF73BFEA388D5
:10461C0031462689ADF8083063F30F05236804AAE8
:10462C0002A866F31F45CDE90335ADF80A60059382
:10463C0002F036FB06B070BD05F062FAF0BD00105A
:10464C00F4BD0010FCBD001010B51A49FEF7FEFABF
:10465C0019490446FEF7B6FC40B320461749FEF74D
:10466C0093FC18B320460021FEF78EFCD8B94FF00E
:10467C007C512046FEF7E2F9FEF7AEFC4FF47A745B
:10468C0080EAE0730E4AA3EBE0730028A2FB03025E
:10469C004FEA921204FB1233B4BF0A490A490B4881
:1046AC00FFF7F0FD10BD4FF03F41E2E70848FFF780
:1046BC00E9FD10BD00007A44FBFFFFCEFBFFFF4E6F
:1046CC00D34D621010BE0010D0C200101CBE0010E2
:1046DC0014BE001005F064BA05F046BA431E03423E
:1046EC0010B5044613D180B179B1481C2044012186
:1046FC00FFF7F2FF024640B1631C0344644203EA35
:10470C000400821A20F8022C10BD002010BD482194
:10471C00024B034A034805F009FA00BF28BE0010FB
:10472C0044BE001048BC00100B462DE9F04F8FB072
:10473C000993936804460646564950690893FDF759
:10474C00EFFC002814BF0323012322690393002AE2
:10475C0000F095804FF0000A17465446B3464E4D74
:10476C00CDF810A0B7F5806F3E4628BF4FF4806699
:10477C00089B012103FB06F080000296FFF7ACFFBB
:10478C00059000287FD0049ADBF80830CDE90B2681
:10479C000D90002B7BD05846DBF80C600DAB0CAAAF
:1047AC000BA9B047002F5CD0099B4FF00008D3F841
:1047BC0000A0059BCDE9067BA3F1040921E0374954
:1047CC0058460193FEF742FA0246354938461746D9
:1047DC00FEF73CFA01463846FEF730F902463149FD
:1047EC0030461646FEF732FA01463046FEF726F9F9
:1047FC00019B08F101084AF80300029B0134434570
:10480C002DD959F8040FFEF70DFC0646C0F30740EE
:10481C00FEF7C4F92946FEF7CDFA8346C6F3072006
:10482C00FEF7BCF92946FEF7C5FA0746F0B2FEF7CB
:10483C00B5F92946FEF7BEFA0399064603294FEA55
:10484C0084030AEB8402BAD1029B08F101084345A8
:10485C004AF824B05760906004F10304D1D8DDE924
:10486C00067B029B0598FF1AFFF732FA049ADBF8D5
:10487C00103002F58062934204923FF673AF002031
:10488C000FB0BDE8F08F08480FB0BDE8F08F05F011
:10489C0037F900BF7CBE001000007F438716993E9D
:1048AC00A245163FD578E93D16FCFFFF2DE9F04FE8
:1048BC00A3B0DDE92DB48046207B256980019246AA
:1048CC00049389460595FFF705FF06460890FEF709
:1048DC0065FF00237A4A1193CDE91223794B12AD6F
:1048EC001093794B0DAF95E803000F9387E8030005
:1048FC0008AB2A4620460AA9FFF700FE0346D0B1B2
:10490C00119A52B10F990992002900F0D6803846BD
:10491C00109A09A904939047049B00220F9C1192B2
:10492C002CB10322394638460493A047049B184601
:10493C0023B0BDE8F08F2C99049B009198F844109B
:10494C002A46029198F83C1048460191DBF88010F9
:10495C00FFF7C4FC03460028D2D1DDE90A8922699D
:10496C00049092689047002840F0A480FEF716FF50
:10497C00B0EB080061EB0901CBE91A01FFF74AFC27
:10498C000230049B08BF6FF00103227B002A54D035
:10499C00B0464FF00009CDE906634FEACA05D8F8D6
:1049AC0008100A68002A40F3828000234FF0010AA5
:1049BC0051F8040F0133934200FB0AFAF8D198F82E
:1049CC000060032E0AD0092E08D0012E56D0314695
:1049DC003E48FFF757FC6FF00D0391E7237D102045
:1049EC00002B34D1FFF776FE012104905046FFF7DF
:1049FC0073FE4FF0010C049B1860DBF88060D8F854
:104A0C001820D8F80410C3F808A083F80CC0C3F819
:104A1C0004C0735105F0D3FBDBF8803062682B4483
:104A2C004A445A60237B09F101094B4508F14008BF
:104A3C0005F10805B3D8DDE906630493059B20480E
:104A4C00DA6890473046FFF743F9049B58E7FFF7C5
:104A5C0041FE012104904FEA8A00FFF73DFE01223E
:104A6C00049BDBF880601860C3F808A01A735A60C6
:104A7C00194640467351FFF7D7FCCDE71020FFF7DE
:104A8C0029FE314604904FEA8A00FFF725FE049B6D
:104A9C00DBF88020C3F808A018601E735E60D8F89D
:104AAC0004105351D8F8182005F089FBB4E74FF0E7
:104ABC00010A84E76FF0020367E705F021F800BFF5
:104ACC00E13C0010C53B00100940001080BD0010F7
:104ADC002DE9F04FB7B0409E0446307B356980011C
:104AEC0089469A46129510929DF80481FFF7F2FDC3
:104AFC0000230546279325933F4B404A2493404B74
:104B0C002692239326AA21AB0F9092E8030083E808
:104B1C000300304619AB1EA91995FFF7EFFC0E9058
:104B2C00002840F0BF829DF89830092B02D0032B4F
:104B3C0040F03C83FEF732FE279BA269139005934D
:104B4C0017921491002B00F0278300231193236CF0
:104B5C002A98DD68299B0193FEF724F8A36C039037
:104B6C00DB6868690293AB6826490D93FDF7D8FAA8
:104B7C00002814BF03230123D9F810500693002DED
:104B8C0000F0DF800027BB46CDF854A0DDF804A070
:104B9C0009954096CDF85880099B0D9AB3F5806F16
:104BAC0028BF4FF4806302FB03F0012180000493C3
:104BBC00FFF792FD0A90002800F06882049BCDF864
:104BCC0068B01B930A9B1C93D9F80830002B00F09B
:104BDC00F5821CAB4846D9F80C401BAA1AA9A04771
:104BEC00099B002B00F09A800A9B0025CDE90BB99C
:104BFC00A3F104083BE000BFC53B0010E13C0010F2
:104C0C00094000107CBE00105046AE49FEF7B2F9C8
:104C1C00002800F015814FF043410398FEF7AAF9E4
:104C2C00002800F00D81029B002B40F0578149F2C7
:104C3C00456244F68B4341F62F5002FB09F2019971
:104C4C0011FB032314FB00300014FDF7ABFF4FF0F6
:104C5C008641FDF7F1FEFEF7BFF900F3070040B205
:104C6C00049B0135AB4237468BF8000054D958F8F9
:104C7C00040FFEF7D7F9059B7E1C03EB070BC0F363
:104C8C0007430193069BC0F30729032BC4B2BBD186
:104C9C00059A504693190793BB1CD318894908935E
:104CAC000337FEF767F9002800F03E814FF04341CF
:104CBC000398FEF75FF9002800F03681DDE9010367
:104CCC00002B40F07B81FDF76DFF4FF08641FDF727
:104CDC00B3FEFEF781F906464846FDF763FF4FF039
:104CEC008641FDF7A9FEFEF777F9034620465CB234
:104CFC00FDF758FF4FF08641FDF79EFEFEF76CF96D
:104D0C0076B240B2079B8BF800601C70089B013593
:104D1C001870049BAB42AAD8DDE90BB9099B049A25
:104D2C000A989B1A0993FEF7D3FFD9F810300BF5AC
:104D3C00806B9B45FFF430AFDDF854A0409EDDF84E
:104D4C005880FFF767FA831C00F02482FEF726FDDB
:104D5C00139BC01A149B61EB0301CAE91801B8F14B
:104D6C00000F40F0F781FEF719FD336904469B688C
:104D7C000D46CDE91E019847002840F01B82FEF736
:104D8C000DFD001B61EB0501CAE91A01FFF742FAA0
:104D9C0002300E9B08BF6FF001030E93337B002B88
:104DAC0046D00025109B0F9C4FEAC308A2681068E0
:104DBC00002840F3F9810023012752F8041F013326
:104DCC00834201FB07F7F8D194F80090B9F1030F77
:104DDC0000F07F81B9F1090F00F07B81B9F1010F6F
:104DEC0040F093811020FFF775FC49468346B800CC
:104DFC00FFF772FCDAF88030CBF80870CBF80000C3
:104E0C008BF80C90CBF80490A269616843F808B059
:104E1C0005F0D5F9DAF88030726843442A445A60B8
:104E2C00337B0135AB4204F1400408F10808BDD8CE
:104E3C00129B2548DB6898470F98FEF749FF2CE139
:104E4C000198FDF7ABFE07464846FDF7A7FE8146E5
:104E5C002046FDF7A3FE029B0446002B4AD13846A0
:104E6C001A49FDF7A7FF194907464846FDF7A2FF67
:104E7C00164981462046FDF79DFF044638461449E5
:104E8C00FDF7E4FE134907464846FDF7DFFE0146F1
:104E9C003846FDF7D3FD03460F4920461C46FDF767
:104EAC00D5FE01462046FDF7C9FD5146FDF782FFB0
:104EBC0004F0E6FD01460398FDF7C0FDFEF78CF803
:104ECC0040B2CDE68180803BE13C001000007F4386
:104EDC008716993EA245163FD578E93D0198FDF716
:104EEC005DFE07464846FDF759FE81462046FDF714
:104EFC0055FE0446029B022B00F08480029B042B7F
:104F0C00BCD138464FF08641FDF796FD4FF08641F7
:104F1C0007464846FDF790FD4FF0864181462046F6
:104F2C00FDF78AFD0446A9E70198FDF737FE064612
:104F3C004846FDF733FE81462046FDF72FFE029BC7
:104F4C000446002B45D130469D49FDF733FF9C4963
:104F5C0006464846FDF72EFF994981462046FDF747
:104F6C0029FF044651463046FDF724FF04F088FD26
:104F7C0001460398FDF762FDFEF72EF851460646F2
:104F8C004846FDF717FF04F07BFDDDF80C90014659
:104F9C004846FDF753FDFEF71FF8034651462046E1
:104FAC005CB2FDF707FF04F06BFD01464846FDF7C8
:104FBC0045FDFEF711F876B240B2A3E6FDF7EEFD23
:104FCC0006464846FDF7EAFD81462046FDF7E6FD1C
:104FDC000446029B022B37D0029B042BC2D13046D5
:104FEC004FF08641FDF728FD4FF0864106464846B6
:104FFC00FDF722FD4FF0864181462046FDF71CFD52
:10500C000446AFE738466E49FDF7D4FE6D49FDF70F
:10501C0013FD6D49FDF7CEFE694907464846FDF77D
:10502C00C9FE6A49FDF708FD6949FDF7C3FE6449ED
:10503C0081462046FDF7BEFE6649FDF7FDFC66493C
:10504C00FDF7B8FE044619E730465D49FDF7B2FEA0
:10505C005C49FDF7F1FC5C49FDF7ACFE584906468E
:10506C004846FDF7A7FE5949FDF7E6FC5849FDF700
:10507C00A1FE534981462046FDF79CFE5549FDF79C
:10508C00DBFC5549FDF796FE04466BE75349544843
:10509C00FFF7F8F86FF004030E93059B13B1119B07
:1050AC00002B53D1259B43B1239A1D93002A00F06A
:1050BC008580249B21A81DA998470022239B25921B
:1050CC001BB121A90322084698470E9837B0BDE8BA
:1050DC00F08F337D102003B3FFF7FCFA01218146DA
:1050EC00B800FFF7F9FA0123DAF88020C9F80000BC
:1050FC00C9F8087089F80C30C9F8043049462046C4
:10510C0042F80890FFF790F984E649463548FFF7D6
:10511C00B9F86FF00D030E93BFE7FFF7DBFA01212F
:10512C0081463846FFF7D8FA0123C9F80000C9F8C0
:10513C000870DAF88070A269616889F80C30C9F8D7
:10514C00043047F8089005F03AF863E60598FEF746
:10515C00BFFDA7E7DAF84C102348FFF793F8179B2D
:10516C00A3B1179B5C1E059B1C445D1E2A9B15F965
:10517C00010FC01AFDF716FD2999FDF767FDFFF722
:10518C0063FA1A48FFF77EF8AC42EFD11848FFF7E4
:10519C0079F8E8E50E9080E701211046FFF79CFABC
:1051AC00012305901193D2E401270DE66FF008035B
:1051BC000E9377E76FF002030E93EFE504F0A0FC7B
:1051CC0000007F43EC51F83EFA7E6A3ED578E93E0A
:1051DC004260653E3BDFCF3E6666663E16FCFFFFD7
:1051EC0088BE001080BD0010B0BE0010F8C30010C7
:1051FC0064C400102DE9F04F8246A5B089461046D4
:10520C0098460A920E93BAF1000F00F09782DAF8E2
:10521C000C30002B00F092821746002A00F08E8290
:10522C00002900F08B828822002104F024FFDAF898
:10523C000C3093F85440E4002046FFF74BFA22461A
:10524C000021C7F88000064604F015FFDAF80C00C0
:10525C0090F85520836C0E2A90F83C40D3E901510C
:10526C0026D844F6A403D340DB0721D590F861304F
:10527C00F3B9B94B9D421BD14B7BCBB1012C17D150
:10528C00036C9A68B54B9A4240F05B82CDE90018EA
:10529C003B4649460022FFF71BFC0546002800F060
:1052AC009C813046FEF714FD284625B0BDE8F08FF2
:1052BC000D94E4002046FFF70DFA8346002800F019
:1052CC00C7812246002104F0D6FE0D9CA31C9F0032
:1052DC00384604F013FC04230360034608330C9097
:1052EC0044600B93002C00F027820D9B00210B983F
:1052FC009A0004F0C0FEFEF751FADAF80C30129066
:10530C0093F83C201391002A00F0A8800024CDF8DB
:10531C001C90A1460C9ACDE9107602F10408196C88
:10532C0004EBC40201EB820351F8221092000992A3
:10533C00D3E901520892DA685E6906921A69DB6950
:10534C001020049303910592FFF7C4F9012107463D
:10535C00A800FFF7C1F94FF001033B73012358F884
:10536C00041FC7E90135C8F80070386049B10868F6
:10537C0018B10B7B002B40F02B810846FEF7A8FCE4
:10538C003868002800F06A81039ADAF80CC00BF137
:10539C0004034BF8347043F83420DCF81830A9447B
:1053AC00994500F27D81059B079A1B93002320935E
:1053BC00DCF82010CDE91C6C8E421A921E932193BE
:1053CC001F9300F0BA801793654B1EAD2093654B6D
:1053DC002193136916AAB3FBF1F306FB03F3229393
:1053EC001AAB169314AB92E8030083E80300049BFA
:1053FC00C5E90001002B00F0A5805B4E3378002B33
:10540C0000F0B480DAF8046056F82400002800F0AC
:10541C00BE800A9FDAF80C605BF8342029460568D8
:10542C000197B66B069B00966D68A847002840F064
:10543C006981FEF7EFFE821C209B00F06D811BB191
:10544C001EA9032208469847DAF80C30013493F869
:10545C003C20A2423FF663AFDDE910765946504638
:10546C00FEF7B2FE0B9BA7F1080405461C4400286E
:10547C0040F05D81FEF792F9129BC01A139B61EB11
:10548C0003010A9BC3E918010E9B002B40F07281AB
:10549C00DDF828805946424650460E9BFEF7BCFE6E
:1054AC000546002840F0078150464146FEF71CFE99
:1054BC000546002840F0FF80D8F86030D8F864101A
:1054CC0013F5FA704FF47A724FF0000341F10001BA
:1054DC00FDF7C8FDD8F86830D8F86C10C8F84C0047
:1054EC0013F5FA704FF47A724FF0000341F100019A
:1054FC00FDF7B8FDD8F87830D8F87C10C8F8500013
:10550C0013F5FA704FF47A724FF0000341F1000179
:10551C00FDF7A8FDD8F87030D8F87410C8F858000A
:10552C0013F5FA704FF47A724FF0000341F1000159
:10553C00FDF798FDC8F85400BDE0049B079D002BB7
:10554C007FF45BAF2846069ADCF838305BF83410F1
:10555C00089DA8476AE700BFB948001035470010FE
:10556C00C93F001029400010BCFD01209649974806
:10557C00FEF788FE9648FEF785FE4FF00103337068
:10558C00DAF8046056F8240000287FF442AFDAF809
:10559C00003009991A6C0A44D068996BD369984702
:1055AC00DAF8043046F8240053F8240000287FF47D
:1055BC0030AF6FF00A05DDE91076209B1BB11EA9F8
:1055CC000322084698470B9BA7F108041C4472E081
:1055DC000F91FEF77DFB0F99CFE60A9C50462146B2
:1055EC00FEF782FD0546D4E9180110F5FA704FF468
:1055FC007A724FF0000341F10001FDF733FDE064D6
:10560C00A06EE16E10F5FA704FF47A724FF0000351
:10561C0041F10001FDF726FD2065A06FE16F10F54B
:10562C00FA704FF47A724FF0000341F10001FDF76C
:10563C0019FDA065206F616F10F5FA704FF47A7246
:10564C004FF0000341F10001FDF70CFD606528E609
:10565C006048FEF717FE6FF0070522E62146DDE9EC
:10566C0010765D48FEF70EFE0B9BA7F108041C4458
:10567C00A34239D0A046DDF82C9004E02846FEF772
:10568C0027FBC1454CD058F8045D002DF9D0286893
:10569C000028F3D02B7B002BF0D0FEF719FBEDE7A5
:1056AC006FF00405DDE910764C48FEF7EBFD0B9B23
:1056BC00A7F108041C440B9BA3421BD0A046DDF8A9
:1056CC002C9004E02046FEF703FBC14512D058F89D
:1056DC00044D002CF9D020680028F3D0237B002B3C
:1056EC00F0D0FEF7F5FAEDE708210C9804F0F3F989
:1056FC006FF007050C98394604F0EDF95846FEF7A3
:10570C00E7FACEE50146DDE910763548FEF7BAFD3D
:10571C006FF00405209B51E70546DDE910764DE757
:10572C0039460C9804F0D7F96FF00705C3E701462A
:10573C002C48FEF7A7FDBEE70827DCE56FF0150542
:10574C00B2E50820FEF7C6FF8346002880D0002370
:10575C000C20CBF80030CBF8043004F0CFF9012347
:10576C00042243600D9300F108030C270C90026097
:10577C000B93BAE50A9B1C48D96CFEF783FD0D9B75
:10578C00EBB1A946DDF834805BF839309BB19A68EF
:10579C0000256AB11B6853F82500FEF755FF134826
:1057AC00FEF770FD5BF8393001359A68AA42F1D8E2
:1057BC000F48FEF767FD09F10109C845E4D10D4812
:1057CC00FEF760FD64E600BF58BF0010F4BD00108A
:1057DC0060BF0010C4BE0010F4BE00102CBF00103F
:1057EC0088BE0010CCBF0010B0BE0010F8C3001073
:1057FC0064C4001000C000102DE9F04F0E4689B0B3
:10580C00002800F0E280036A1D68002D00F0DD80A6
:10581C00D5F80080B8F1000F00F0D780AB68002BF2
:10582C0000F0D3802A69002A00F0CF806C68002C2D
:10583C0000F0CB80EA68002A00F0C7806969002973
:10584C0000F0C3807168012973D14168B7688F4239
:10585C0066D1BC4240F0BE80A2426ED13268002AB2
:10586C0000F0D4804FF0000B4446154600264FF054
:10587C000009CDE901230392002D63D0D4F80080F8
:10588C0049464046FDF776FB08F1004120B901235B
:10589C002A46284601F0F4F90136B74205F1040511
:1058AC0004F10404E8D8DDF80C80DDE901230025BF
:1058BC001C4643464FF07E5AA046A9461C46CDE9ED
:1058CC00022B002C00F08C80D8F800B051465846C2
:1058DC00FDF750FB98B9254601904FF0011659463B
:1058EC0006AA04A8059507950496069601F0D8F922
:1058FC0000283FD1019B13B12846FEF7E9F909F1C5
:10590C0001094F4504F1040408F10408D9D8DDE974
:10591C00022B1AB1BBF1000F40F08580002005E08E
:10592C003A464348FEF7AEFC6FF0170009B0BDE8ED
:10593C00F08F4048FEF7A6FCF6E721463E48FEF7FE
:10594C00A1FCF1E701210420FEF7C6FE82460028E7
:10595C0036D02068494600F10048FDF70BFB28B90A
:10596C00012341465246504601F08AF95046FEF753
:10597C00AFF991E731493248FEF784FC06AA594643
:10598C0004A8CDE90465CDE9066501F089F9014665
:10599C002C48FEF777FC594606AA04A8CDE9055613
:1059AC000496079501F07CF90028A3D0019B2E46A4
:1059BC00029ADDF80CB023B130460192FEF788F95B
:1059CC00019A12B1BBF1000F1CD16FF01D0009B090
:1059DC00BDE8F08F224639461B48FEF753FCA3E77F
:1059EC0001210420FEF778FE0546C8B1D8F800B0B6
:1059FC0051465846FDF7BEFA00287FF47DAF0123CF
:105A0C0001936AE71046FEF763F9DEE70121B8005F
:105A1C000193FEF761FE4FF0010B0246019B23E759
:105A2C00DDE9022BCDE71046FEF752F976E700BF11
:105A3C0068C0001014C00010F8C00010F0BD0010B9
:105A4C00F4BD0010FCBD0010B0C0001000220123FA
:105A5C002DE9F04F814CC1B0C4F8282CC4F82C3C73
:105A6C00BFF35F8F01F008F8002800F0D0807C4E67
:105A7C007C4D56F8041F55F8040FFCF751FB002819
:105A8C0040F0D880784B9D42F3D104462022014649
:105A9C00764804F0F0FA764B01251C70754B1C709F
:105AAC00FEF7AEF8FDF77AFE00234FF47A72FDF79D
:105ABC0029FB714B1C70714B1C60714B1D70714B31
:105ACC001860714B186001F005F8002840F036851D
:105ADC006E4C2378002B00F0C78440F22E23002458
:105AEC000C936B4B1F941E936A4B88220A936A4B40
:105AFC006A4E0B931EAB93E8030014AB83E80300D0
:105B0C0008AB83E803001EA804F0B5FA0222534B3D
:105B1C0006F6B805C3F8384CC3F82C2C02E0AE429C
:105B2C0000F0C6803046FEF70FF918360028F6D084
:105B3C000446A71C0026494D4D4BC5F8286C1E7019
:105B4C004C4B1E70FEF75CF8FDF728FE4FF47A7292
:105B5C000023FDF7D7FA484B494A1E70474B1E608D
:105B6C00484B1860484B186001231370BFF35F8FCC
:105B7C000522631D394B18BFC5F8384C484DC3F886
:105B8C002C2C2B68DFF81C8101332B60FDF706FEF3
:105B9C004FF47A720023FDF7B5FAD5F800C00E4623
:105BAC00BCF1010F05461AD0D8F80020831AD8F89A
:105BBC00042061EB0202B3F57A7F72F100020ED27F
:105BCC00012F21D9642005F055FC0A9B1BB108A9B3
:105BDC00032208469847012041B0BDE8F08F1F4BC7
:105BEC002146D3F83C2CD3F8303C2F48CDE901C3E7
:105BFC00130E0093C2F30933C2F30A02FEF742FB01
:105C0C00012FC8E90056DDD800F0CCFEDAE700F031
:105C1C00C9FE00F031FF00287FF429AF6FF00102BC
:105C2C000523C4F8382C4FF4FA70C4F82C3C05F05A
:105C3C0021FCD0E76FF005010522084B1B48C3F887
:105C4C00381CC3F82C2CFEF71DFB4FF4FA7005F032
:105C5C0011FC012041B0BDE8F08F00BF00500120C5
:105C6C0080CD0010FCF0012018F10120E4F401209B
:105C7C00B5F40120B4F40120B2F40120B8F40120F1
:105C8C0002F0012070F301206CF3012064F3012079
:105C9C00DD3B0010E93F0010CD3B001004F5012066
:105CAC0060F3012058F3012004C3001058C3001006
:105CBC00834BD3F83C3CC3F30A030C2B00F2E08378
:105CCC0001234FF0000A049303227D4BC3F82C2CC4
:105CDC00BFF35F8FFDF762FD00231EAA80460F46BF
:105CEC00784808A9FFF786FA0446FDF757FD4FF4EC
:105CFC007A720023FDF706FA002305460E4640464D
:105D0C0039464FF47A72FDF7FDF92D1A66EB010650
:105D1C00B5F5803F76F1000628BF4FF6FF756A4B4C
:105D2C00ADB21D80002C40F078831EAC26460DF1E0
:105D3C00B008F76851463846FDF73AF9002800F0EC
:105D4C00FF814FF07E513846FDF728F908360028C0
:105D5C0000F0F6814645ECD142F6DC125B4B1B6839
:105D6C0002FB03F30793FDF719FD4FF47A7200233E
:105D7C00FDF7C8F9239F219E059031463846FDF763
:105D8C0021F9002800F0EC8100264FF0010806955F
:105D9C004FF0020B354626460DEBCB02D2F8849021
:105DAC0039464846FDF70EF940AB5FFA8BF403EB2E
:105DBC00C502002840F0A581484652F87C1CFDF72E
:105DCC0001F9002818BF25460BF1010BBBF1060F9A
:105DDC00E2D1DDF8B4903E4B48463E49344693F848
:105DEC0000B02E46069DFDF7E3F8002840F08480B5
:105DFC0049463846FDF7C8F8002800F0C3824846EB
:105E0C003549FDF7C1F8002876D1BBF1000F40F001
:105E1C00ED82324B1B78002B7FD1314B83F800B0D5
:105E2C000021274BD3F8342C0132C3F8342CC3F89F
:105E3C00381CFDF763FF224BC3F82C0CFDF75EFFFB
:105E4C00234B05461B78002B40F08F811C492A46BA
:105E5C00D1F83C1C2348C1F30A0101911A494FF0B7
:105E6C007C570988DFF8808000910499FEF70AFAC4
:105E7C001E4D0BE04FF6FF7255F8041F1C48FEF741
:105E8C0001FA1C4B08349D4200F03F81E6685146F4
:105E9C003046FDF78DF80028ECD04FF07E5130469F
:105EAC00FDF77CF80028E5D041463046FCF7CEFEE5
:105EBC003946FCF7C3FDFDF7B5F80246DCE700BF39
:105ECC0000500120C0FD0120BCF40120B8F40120D9
:105EDC00B5F401209A99593F9A99993E02F0012004
:105EEC00B2F4012054C2001000401C46FCF001200A
:105EFC0090C2001018F10120BBF1000F40F0058298
:105F0C009F4B1B784BB99F4A13780133DBB2012BA3
:105F1C00137085D901239A4A13709B4B059A1B6801
:105F2C00D31A002BFFF67CAF38469849FDF740F8A2
:105F3C0000283FF475AF48469549FDF725F8002831
:105F4C003FF46EAF059A934B1A600123924A13707B
:105F5C000023924A1370FDF753FE079F32463B46CF
:105F6C0041461EA80095FDF7B1FC3B463246414622
:105F7C0000951EA8FDF7AEFD00283FF451AF884BED
:105F8C00884A1D6805930692874B4FF0000993F8D9
:105F9C0000B0DFF81882BBFA8BF67609CB4508D037
:105FAC0058F8261058F82900FDF70CF8002818BFEF
:105FBC004E4609F10109B9F1070FEFD100237C4FCF
:105FCC004A4657F82B100DF1380B58468DF84B30CC
:105FDC00CDF83F30CDF84330CDF8473004F053F8CE
:105FEC0057F826104A4611A804F04DF858F82630F8
:105FFC006E4E109514AD13930FCE0FC596E8070097
:10600C00DFF8B091DFF8B081D9F80030B8F800E0D3
:10601C0085E80700CDE91B3EDFF8A0C1DCF8281CA1
:10602C00013141F00103CCF8283C21F00101BFF310
:10603C005F8F634D0DF13703A5EB0B050DF14F068B
:10604C00EA1813F8010FB3421070F9D15D4814AA85
:10605C00801A0DF17305C21813F8016FAB4216705C
:10606C00F9D1BFF35F8F023108BF0221534BC3F844
:10607C00281CBFF35F8F069B1B78002B00F08481DC
:10608C00514D494B51491B7857F82360059B1868B3
:10609C00FCF7DCFD4FF07C51FCF7D0FCFCF7C2FFA9
:1060AC000746FDF77BFB42F6DC1EB8F80030D9F84A
:1060BC0000C00293464B474A1B680EFB03F3A3EB4D
:1060CC000C03A2FB03239B094FF47A720193002368
:1060DC00FDF718F8844629462E4D3B462D6832466E
:1060EC00ACEB05053C480095FEF7CCF80021334B92
:1060FC000420D3F8342C0132C3F8342CC3F8381CE8
:10610C0099E645464F46A0465EE63448FEF7BAF897
:10611C00334C049AA4FB0234E40804EB8404B2EB81
:10612C00440461D0FDF7EAFD244BC3F82C0CFDF7B9
:10613C00CFFE049B0133049300283FF4C5ADF7E474
:10614C000023284A1370154A13700E4A13701B4A09
:10615C00D2F8341C0131C2F8341CC2F8383C68E661
:10616C0037464FF00008012611E6FDF717FB002318
:10617C004FF47A72FCF7C6FF064B1B68C31A65E630
:10618C0002F00120B2F401206CF301209A99993E9F
:10619C009A99593F70F30120B5F40120B4F4012011
:1061AC0090F30120B1F4012000F0012074F30120E0
:1061BC0000F1012068F3012066F30120005001205A
:1061CC00115C0120415C012040C1001000401C46C4
:1061DC00B8F40120D34D621010C2001080C300101F
:1061EC00CDCCCCCCB0F40120B249B348B1F90A30D3
:1061FC00B24F0293B1F90830B14E0193B1F90630A8
:10620C00DFF8C0B20093B1F90430B1F90220B1F952
:10621C000010FEF737F8AC48FEF734F8DFF8AC8224
:10622C00DFF8AC92AB4857F8041BFEF72BF8022CA6
:10623C0056F8040B2DD8A849FCF708FD4146054635
:10624C00FCF7C0FE002857D049462846FCF79CFEB8
:10625C00002851D051462846FCF796FE002879D1EB
:10626C004FF07C512846FCF7E9FBFCF7B5FE0346E2
:10627C009A4A0028A2FB030299484FEA924200FB7B
:10628C001233B4BF974998499848FDF7FBFF013486
:10629C00C8E75946FCF7DAFC41460546FCF792FE86
:1062AC0078B349462846FCF76FFE50B35146284652
:1062BC00FCF76AFE002859D14FF07C512846FCF7B8
:1062CC00BDFBFCF789FE034600284FF47A70884A20
:1062DC00B8BF8449A2FB03524FEA921200FB12335F
:1062EC00A8BF81498348FDF7CDFF0134062C99D115
:1062FC008148FDF7C7FF15E78048FDF7C3FF013460
:10630C0090E77E48FDF7BEFFEFE77D4F3B78002B13
:10631C0000F0BE8000207B4A1378FF2B04D00133A1
:10632C00DBB2012B137044D0059B3E7803F5AF789C
:10633C00002E4BD0744B754AC3F8008000231370A9
:10634C00704A1370724A1370724A137000287FF4EB
:10635C0016AE65E54FF07C512846FCF76DFBFCF75B
:10636C003BFE80EAE073A3EBE07381E74FF07C51D6
:10637C002846FCF761FBFCF72FFE80EAE073A3EBE9
:10638C00E073A1E738463BE5634D7AE6DDF81CB0D7
:10639C0032465B4641461EA80095FDF797FA5B46D0
:1063AC003246414600951EA8FDF794FB554B83F8E9
:1063BC0000905A4B059A1B68D31AB3F5C86FC5D316
:1063CC00059B3E7803F5AF78002EB3D1FDF7F6FAB6
:1063DC0000282FD14C4BC3F800804C4B1870494B04
:1063EC0018704B4B18704B4B187019E5444F97F8BD
:1063FC000090B9F1000FC9D0424B059A1870474B69
:10640C001B68D31AB3F5C86FFFF40AAD059B3E4A5F
:10641C0003F5AF7313603D4BE2E721464048FDF7AF
:10642C0031FF404B6FF00207C3F8384C6FF0040497
:10643C00FFF780BB3C4B3D491D6805932846FCF794
:10644C00B7FD314BC3F80080304B0028C6D01E700E
:10645C002C4B1E702E4B1E702E4B1E7001233B704E
:10646C00334B06931E708FE53248FDF70BFF0A2263
:10647C0042F6DC113048FDF705FF2570FFF72DBB08
:10648C00FDF726FD044600283FF41AACFFF751BB7C
:10649C00DDF81C9032464B4641461EA80095FDF790
:1064AC0015FA4B463246414600951EA8FDF712FBE5
:1064BC0031E700BFD8F4012098C20010A0CD001025
:1064CC00C0F4012000007A44D4C20010FBFFFFCEC0
:1064DC00FBFFFF4EF0C200100024744983DE1B4307
:1064EC0040420F0010BE0010D0C20010F8C20010C5
:1064FC00D34D62101CBE001080C3001014BE0010DF
:10650C00B3F40120B4F401206CF30120B5F40120A4
:10651C0002F00120B2F4012048C1001070F30120F8
:10652C00F4C100100050012090F301203333B33E2E
:10653C00B1F401206CC10010A4C100100522094B5C
:10654C000146C3F8380CC3F82C2C0748FDF79AFE0B
:10655C0000F028FA642004F08DFF012041B0BDE862
:10656C00F08F00BF005001204CC100102DE9F0410C
:10657C0000270F4D0F4B95F83C600F4C1B684FEAF2
:10658C00860840462560EB662772FEF7A3F860602C
:10659C001EB14246394603F06EFD0023E560C4E9A6
:1065AC000433BDE8F041054A0549034803F08CBAB1
:1065BC0004F00120D8FD0120C0FD012050F3012082
:1065CC00B940001030B5154C83B00DF106012046D2
:1065DC0004F074FFBDF806100B0618D5636BB3B14D
:1065EC000F4D01232A4602E00133212B14D06168A0
:1065FC0002F8011B616B0029F6D15C1915F8011B1F
:10660C00084803F0D9FBA542F8D1BDF806100348A1
:10661C0004F018FF03B030BD2023EEE70034006017
:10662C00DCFD0120F4C3001010B51D2084B004F073
:10663C0069FF1C224FF40071224804F083FF1D22D5
:10664C008021204804F07EFF00224FF400711D4889
:10665C0004F03CFF002280211A4804F037FF00228E
:10666C004FF48061174804F06DFF01224FF48061F4
:10667C00144804F057FF01224FF48061114804F0D4
:10668C003DFF01224FF480610E4804F05FFF64244B
:10669C006A229DF80E300C4823F01F0343F01903B7
:1066AC0001A9ADF808208DF80E30019404F01EFFFE
:1066BC000023064A02F8013F0133202BFAD104B023
:1066CC0010BD00BF80B00460003400601BFE0120D0
:1066DC0008B5022004F0F6FE002004F0C7FE0020EE
:1066EC0004F014FFBDE80840002004F097BE00BF82
:1066FC00002310B582B0044601220F200DF10701D2
:10670C008DF8073004F09AFE9DF80730D3B10122C2
:10671C0010200DF1070104F091FE9DF8070000B95F
:10672C00A92004F077FE002004F06CFE0321642203
:10673C00084604F08FFE40F6C411204604F0A2FE79
:10674C0002B010BD562004F06DFEE0E7002210B53B
:10675C00002482B01146012004F0DCFE4FF4E1234A
:10676C004FF0C0424FF0005100940248FCF7D8FDA6
:10677C0002B010BD00B00460FFF724BFFFF722BFCA
:10678C00FFF720BF70B582B00DF10501454804F04C
:10679C0065FE44489DF8051004F07CFE9DF805301C
:1067AC009A0712D400230DF105013F488DF80530EE
:1067BC0004F054FE3C489DF8051004F06BFE9DF867
:1067CC0005309B0743D402B070BD0DF1060135486E
:1067DC0004F05CFE334804F0B1FE344803F05CFB7B
:1067EC00BDF80630324E5BB100243546314815F801
:1067FC00011B03F0E1FABDF806300134A342F5DCCD
:10680C000A2003F0EBFA2C4A2C4B0121C2F89430ED
:10681C00C2F89860D2F88C3029486FF30F0343F01C
:10682C002003C2F88C3004F041FE0028BAD13F217D
:10683C001C4804F02FFE0028B4D10221194804F0A2
:10684C0049FE0028AED1174804F0E0FDAAE716482F
:10685C0004F074FE1B4803F01FFB174A1A49184B2F
:10686C00C2F8D410C2F8D830D2F8CC303F216FF334
:10687C000F0343F020030C48C2F8CC3004F00AFE9E
:10688C000028A0D10221084804F024FE00289AD147
:10689C000146054804F0F2FD002894D1024804F0AA
:1068AC00B5FD90E780810050C0810050FCC3001002
:1068BC00DCFD0120F4C300100081005004340060A2
:1068CC000034006004C40010FCFD012008B5FFF783
:1068DC00ABFE322004F0CEFDBDE8084000F062B8FB
:1068EC00831D02390C301A88023321F8022F33F839
:1068FC00082C8342CA80F6D1704700BF38B58C464D
:10690C0004460B491546002301220A480C706446C4
:10691C0002F004FF00B138BD03462A462146054863
:10692C0002F012FE0028F6D1024802F0D7FD38BD65
:10693C0048FE012000340060042230B583B00446C8
:10694C000D463A200DEB0201FFF7D8FF08BB9DF86E
:10695C0005109DF804204FEA012C9DF807300CF42B
:10696C00E06C42EA0C0222801B029DF8062003F424
:10697C0040731A432A802388094D43EA016343EA92
:10698C0002334A062B6007D4CB0600D5208003B017
:10699C0030BD4FF0FF30FAE76FF00A00F7E700BFA9
:1069AC0040FE012000232DE9F0412A4E82B00DF16A
:1069BC00030101220F208DF803303360FFF79EFF97
:1069CC009DF8031060BB6A292AD1234C234D04F196
:1069DC001007B4F800C0012302222946204814F8FD
:1069EC00028BA5F800C002F099FEF8B9BC42F0D1B8
:1069FC000322102001A9FFF781FF58B99DF804303C
:106A0C00442B07D19DF805304C2B03D19DF8063053
:106A1C00442B12D0134803F03FFA02B0BDE8F081CA
:106A2C00114803F0C9F902B0BDE8F08141460F48A6
:106A3C0003F0C2F902B0BDE8F081322004F01AFD77
:106A4C0001230B48336003F027FA0A4803F024FAB9
:106A5C00E9E700BF44FE012038E8001048FE0120A1
:106A6C000034006068C400100CC4001038C400105E
:106A7C0090C40010DCC40010014B1868704700BFB4
:106A8C0044FE01202DE9F041DFF834800D4F0D1F3D
:106A9C00841E061D34F9020FFCF784F84146FCF7FE
:106AAC00D5F80346B4F9060045F8043FFCF77AF82C
:106ABC003946FCF7CBF8A642E860EBD1BDE8F08193
:106ACC0040DAFF39295C8F3D014B1868704700BFD5
:106ADC0040FE0120002300B5214A224822491268B9
:106AEC0083B003600B60BAB34FF00A0C1F4901234B
:106AFC0002221F48A1F800C002F010FE30BB42F287
:106B0C000A6C1A49012302221948A1F800C002F0AC
:106B1C0005FED8B9052206206946FFF7EFFEA8B995
:106B2C009DF802209DF80030092A9DF8011010D123
:106B3C009DF803200B431A430BD19DF80430262BF0
:106B4C0018BF6FF0090003B05DF804FB4FF0FF3085
:106B5C00F9E76FF00900F6E76FF00100F3E700BF0B
:106B6C0044FE01203CFE012040FE012048FE012095
:106B7C000034006070B5334B06461B6886B0002BA2
:106B8C005DD00DF10A0102A8FFF7D6FE054630BB19
:106B9C00BDF808300B2B22D9BDF80A40052C1CD8A7
:106BAC0004B3294B1B68C3B902223E2001A9FFF78D
:106BBC00A5FE0134A4B200283AD1062CF4D10DF173
:106BCC000A0102A8FFF7B8FE002836D1BDF808303C
:106BDC000B2B04D9BDF80A3023B16FF00B052846F6
:106BEC0006B070BD03AC214602223E20FFF786FEA4
:106BFC000234E8B906AB9C42F5D10DF10A0102A8AA
:106C0C00FFF79AFE05460028E9D1BDF80830052BA0
:106C1C0003D9BDF80A30002BDFD103A83146FFF7AA
:106C2C005FFE01231D462846074A136006B070BD5F
:106C3C004FF0FF35284606B070BD0546CFE76FF024
:106C4C000105CCE744FE01203CFE01200022134646
:106C5C00104609490A604A608A60CA60CA18013342
:106C6C00B3F57A6F1074F9D1BFF35F8F034B0B60E0
:106C7C00BFF35F8F704700BF005C01204452485344
:106C8C00F8B506460F4615461C4643B156F8040B9C
:106C9C003946FBF7D3FE013C45F8040BF6D1F8BDA1
:106CAC00F8B5048843880F4603FB04F4566845681E
:106CBC0044B155F8040B3946FBF7C8FF013C46F8C4
:106CCC00040BF6D10020F8BD2DE9F04F1D688BB0F8
:106CDC000C46DDE91469DDE9198A17462DB34FF02E
:106CEC00010BC246D8F80C20D9F80010DDF86880EA
:106CFC002069CDE9070BE368059278680693049147
:106D0C003A68A168CDE9022022684346CDE900210A
:106D1C003046189A169900F00FF8D9F80010DAF8E6
:106D2C000C20013D0E449044E2D100200BB0BDE894
:106D3C00F08F00BF002070472DE9F04F95B0239CD9
:106D4C001E9D04EBD4777F10012C2EB29446C6EA1C
:106D5C0006469A46DDF888900B97099040F3F3802D
:106D6C00219F4A467F4227EAE77318460493269BE5
:106D7C004FEA490B5B000C930346012000FA03F326
:106D8C00013BB9F1000FCDF808B0DDF884B0B8BF05
:106D9C0009F1030205930341099822F0030E9710A1
:106DAC002BEAEB7BCDF838E00D97CDF80CB000EB6F
:106DBC0087070EEB010BA9EB0E00E6460A93013395
:106DCC000F902394D04600204C46109711931291AB
:106DDC00CDF84CA0BEF1000F00F0A680774657F816
:106DEC00082BDEF80430BE460F190197029FCF190D
:106DFC0006970D9F002F00F01181CDE9070BDDF8F0
:106E0C002490BC46CDF804800F1959F8040B26FACF
:106E1C0090FB51F804AB26FA80F02FFA9AF828FB75
:106E2C000B282FFA8AFA2AFB008257F8048B2FFAC8
:106E3C0098FA2AFB0B3A2FFA88F8BCF1010C28FBC4
:106E4C0000A3E2D1DDE9070B59460BEB0407DDF893
:106E5C0040C0DDF8048001970E9FBC4212DD0F9FED
:106E6C0007960CEB070A019F1CF9016B11F9019BAA
:106E7C002E4406FB092217F9019BD44506FB093366
:106E8C00F2D1079E03994FF080478A400021DDF82C
:106E9C0080C00130C2FB0C71FA0F42EA4102049F20
:106EAC000599DDF880C011403A414CBF119F0A9FF3
:106EBC00B94203994FF0804703FA01F34FF00001F8
:106ECC00C3FB0C714FEAD77343EA4103049F059946
:106EDC00C8BF013219403B414CBF119F0A9FB942B8
:106EEC001F99C8BF01330A440B4424998A42B8BF86
:106EFC000A468B42B8BF0B4602998B4425998A42AD
:106F0C00A8BF0A468B42A8BF0B4688F80020269AD9
:106F1C0008F802300C9B98440B9B834207DD0699C2
:106F2C00BEF1000F7FF45AAF734672465CE7F4462D
:106F3C000C99DDF84CA0129A03FB01AA0299A14608
:106F4C0003FB0121239CE30764D5BCF1000F68D03F
:106F5C00DCF80030C846B9F1000FB8BF09F10308DE
:106F6C005FEAA8081AD08E464446099F57F8040BCE
:106F7C0026FA90FB5EF8042B26FA80F02FFA92FC8E
:106F8C002CFB0B332FFA82F2013C22FB0033EDD1A8
:106F9C00099A01EB880102EB88020992B9EB880F80
:106FAC004FEA88020CDD099CA9EB0202224414F979
:106FBC00010B11F9016B2844944200FB0633F6D106
:106FCC004FF0804200200121219C24EAE474A3406C
:106FDC00209CC3FB0420219BD20F5B4223EAE3736A
:106FEC00994042EA4002013902EA01001A414FEA93
:106FFC00610148BF013188421F9BC8BF0132134455
:10700C00249A9342B8BF1346259A9342A8BF1346BD
:10701C008AF80030002015B0BDE8F08FDDF824C0F0
:10702C001AE7634696E700BF2DE9F04F9DB09DF837
:10703C00A0401E460B1E19941192299C189340F3E4
:10704C00FF8300231593531E00EB0309631E139358
:10705C00A31E1293DFF8D482530000F1FF3A1A9367
:10706C00CDF80490119A9AF90170012A0AF10103E2
:10707C0040F34186019913F9012F9742B8BF174687
:10708C009942F8D10023D346CDF83CA0CDE9023784
:10709C00B2467DE0C2FB0830002805DA6FF00042F2
:1070AC009A18134640F10000DB0F43EA400303EB50
:1070BC0008024FF080434FF0000E19469C4E0D987D
:1070CC00C2FB061EC90F41EA4E0101FB0CFC10402D
:1070DC000C9A8CEA000C0CEA020100201A46954E20
:1070EC00F224CCFB0620D20F42EA400202FB07F747
:1070FC0000201A46904E4F40C7FB06200B9ED20F25
:10710C0042EA400202FB06F600201A460E9939406C
:10711C008A4F4E40C6FB0720D20F42EA400202FBC8
:10712C0005F500201A4607993140854E4D40C5FBA8
:10713C000620D20F42EA40020598089902FB00F0A3
:10714C00024629404A40002519467E4E0A98C2FB49
:10715C0006151040C90F049A41EA450101FB02F2E1
:10716C0000214240C2FB0431DB0F43EA4103069984
:10717C00099813FB01F302405A401313110548BF41
:10718C000133029A1A440292019B5B4500F0E6809F
:10719C00039A1BF9013F9B1A279A9A42F4DC269A10
:1071AC0093409AEA030F59BF4FF0804100224FF0F1
:1071BC00FF326549C3FB0A12002A04DA6FF0004063
:1071CC00091842F10002C90F9A4541EA420100F048
:1071DC0093804FF0804041F07F435C015B1AC3F316
:1071EC000072C3F38069C3F34076C3F3006CC3F33E
:1071FC004067C3F3C0650592C3F38073013A0693ED
:10720C000892013B721E0A9209930022034604F174
:10721C008054C4FB0432DB0F43EA42030022C3FB5D
:10722C0003020CF1FF3ECDF834E007F1FF3ECDF840
:10723C0030E0C00F09F1FF3E40EA4200CDF838E0E3
:10724C0005F1FF3E84EA0302CDF81CE04FEAA00EE4
:10725C00800748BF0EF1010E002AA6BF4FF08042F6
:10726C0000204FF0FF30CDF82C90049684FB039651
:10727C00B8BF354A12EB090240EB0600002806DACB
:10728C006FF0004912EB09094A4640F10000D20F99
:10729C0042EA40022D48724492EA000F28D44FF083
:1072AC0080404FF0000E294EC2FB060EBEF1000FBF
:1072BC0005DA6FF00042821810464EF1000EC00F36
:1072CC0040EA4E0003445A105CBF03F00103D2188D
:1072DC00224492EA080F59BF4FF0804300204FF030
:1072EC00FF30194B00297FF4D5AE4FF4002348E74B
:1072FC004FF0FF3E1448D6E7BAF1004F7FF469AF68
:10730C004FF0FF3000256FF00041AC462F46CDE921
:10731C000800CDE905550E4A0E4B0F4C0D900E9002
:10732C000B950A90079004950C90B8E794A8F5700B
:10733C007BBEAF63F2CBA24D6CAC162FA4AA52113C
:10734C00B72A580211FE0A00010000C0ABAAAA2AF3
:10735C00FFFF4100F8FFFF01E0FFFF0F029B5646C5
:10736C00002B039FDDF83CA000F0C784B3FA83F92F
:10737C0040F3A2844FF0FF3003FA09F303F100430A
:10738C00DA175B0843EAC27313F1804342F1000E33
:10739C006449654AC3FB0210002805DA6FF000420D
:1073AC008A18114640F10000C90F41EA40014FF024
:1073BC008042002001F15A31C1FB0320D20F42EA76
:1073CC004002C2F1005292EA010F82FB014040F1EF
:1073DC008384544AA21860F100000028C0F2838410
:1073EC00D20F42EA40029200114491EA030F59BFB6
:1073FC004FF0804200254FF0FF354A4A9C46C1FBB6
:10740C000325002D0C464FEAE170C0F2AA84D20F7E
:10741C0042EA4502C2F1005291EA020F00F1A9843E
:10742C004FF080454FF0000B029502FB00F0D51792
:10743C0004FB0500A2FB0424029D2044521940EBDE
:10744C000B00002805DA6FF000441419224640F1B5
:10745C000000D20F42EA4002B2F1005FC0F2EA83B0
:10746C006FF000420A4492EA0C0F61465ABF4FF08B
:10747C00804100204FF0FF3002FB0EF44FEAE27522
:10748C0003FB0544A2FB033548BF26492C445B187B
:10749C0044EB0004002C05DA6FF0004159180B4640
:1074AC0044F10004DB0F43EA4403C3F1005392EAB6
:1074BC00030F59BF4FF0804100204FF0FF301949A6
:1074CC00C2FB0310002805DA6FF00043CB181946F5
:1074DC0040F10000C90F41EA4001B1F1005FC0F278
:1074EC004E846FF000431A44B2F1804FC0F25684C0
:1074FC000293199B002B00F0DD81119BC9F11B023B
:10750C00002B149240F3898101239340013B129983
:10751C0016935B10D346B146039117930497CDF89D
:10752C006CA06DE1010000C0C4C3C3C3269A934094
:10753C0099EA030F59BF4FF0804700224FF0FF32FA
:10754C00C14FC9FB0372002A05DA6FF000417918AC
:10755C000F4642F10002FF0F994547EA420700F03F
:10756C008581B7FA87F34FF0804247F07F41002FB7
:10757C004FEA5313A1EB0707C7F3406503F1FF3341
:10758C00C7F38064099305F1FF33C7F3C06005931B
:10759C0004F1FF33C7F3007C069300F1FF33C7F30C
:1075AC00407E0F930CF1FF33C7F3807A0D930EF1ED
:1075BC00FF3308930AF1FF33CDF838C007934FF02F
:1075CC00000C13464FEA411101F18051C1FB013C03
:1075DC004FEAD37343EA4C034FF0000CC3FB032C6C
:1075EC004FEAD27242EA4C02C7F30066CDF830E0A3
:1075FC000CBF6FF0004700274FEAA20ECDF82CA06D
:10760C00920781FB03CA83EA010248BF0EF1010E07
:10761C00002AA8BF4FF08042CDF840A0AEBF4FF07B
:10762C00000A4FF0FF3A884A0A971CEB0202DDF879
:10763C0040C006F1FF374CEB0A0ABAF1000F06DA2C
:10764C006FF0004C12EB0C0C62464AF1000AD20FA0
:10765C00DFF8F8C142EA4A02724492EA0C0F59BFB1
:10766C004FF0804C4FF0000E4FF0FF3EDFF8D8C1CA
:10767C00DFF8D8A1C2FB0ACEBEF1000F06DA6FF01C
:10768C0000421CEB020294464EF1000E4FEADC7CE9
:10769C004CEA4E0C63445A1002D403F001031A4412
:1076AC000A4492EA080F59BF4FF0804300214FF073
:1076BC00FF31654BC2FB0831002905DA6FF000423F
:1076CC009A18134641F10001DA0F4FF0804342EA59
:1076DC0041024FF0000C1946DFF874E14244C2FB42
:1076EC000E1CC90F41EA4C0101FB06F617407E4007
:1076FC001A460027DFF85CC10599C6FB0C27D20F90
:10770C0042EA4702314002FB05F500261A46524F69
:10771C004D40C5FB07260699D20F42EA4602294086
:10772C0002FB04F400251A464C4E4C40C4FB0625C3
:10773C000F99D20F42EA4502214002FB00F00024CF
:10774C001A46474D4840C0FB05240D99D20F014005
:10775C000E9842EA440202FB00F0024600244A4022
:10776C001946404D0898C2FB05141040C90F0C9ADD
:10777C0041EA440101FB02F2114600244140F2258A
:10778C001846C1FB0504079AC00F0A400B9940EA42
:10779C00440010FB01F0099942400A400A990298F2
:1077AC004A40029992EA010F52BF00214FF0FF317B
:1077BC00254BC2FB0031002905DA6FF000429A1804
:1077CC00134641F10001149ADB0F43EA410353FACB
:1077DC0002F21DD416990B4017998B4265DDA2F568
:1077EC00FF437F3B47F6FE729342CCBF47F6FF73D5
:1077FC001BB2039A22F8023F019B03925B4509D00E
:10780C00049A1BF9013F9B1A279A9A427FF78EAE76
:10781C00154BEEE74E46DDF86CA0119A0199924497
:10782C00114401911399159B11441391129A1A99B1
:10783C0001330A441292189A15939A427FF412ACAF
:10784C001DB0BDE8F08F00BF010000C0ABAAAA2A92
:10785C007BBEAF63F2CBA24D6CAC162FA4AA521117
:10786C00B72A580211FE0A000080FFFFB9F1004F41
:10787C007FF477AE4FF0FF360020B44637460896BB
:10788C0005960696054604460646CDE90B00134BB5
:10789C00134A14490A900E90CDF824C0CDF81CC0A0
:1078AC00CDF834C0CDF83CC0F7E6A2F50043002A71
:1078BC0098D19EE7119BC9F12302002B1492ACDDE9
:1078CC0001239340013B139916935B10D346B146A9
:1078DC00039117930497CDF86CA06CE1F8FF150297
:1078EC00FCFF0A01E0FFFF0F269A934099EA030F71
:1078FC0059BF4FF0804700224FF0FF32C24FC9FBF7
:10790C000372002A05DA6FF0004179180F4642F134
:10791C000002FF0F994547EA420700F05781B7FA7A
:10792C0087F34FF0804247F07F41002F4FEA53130B
:10793C00A1EB0707C7F3406503F1FF33C7F380647E
:10794C000F9305F1FF33C7F3C0600D9304F1FF33C0
:10795C00C7F3007C0C9300F1FF33C7F3407E0B930D
:10796C000CF1FF33C7F3807A09930EF1FF330793C1
:10797C000AF1FF33CDF828C005934FF0000C1346E5
:10798C004FEA411101F18051C1FB013C4FEAD37325
:10799C0043EA4C034FF0000CC3FB032C4FEAD272AA
:1079AC0042EA4C02C7F30066CDF820E00CBF6FF042
:1079BC00004700274FEAA20ECDF818A0920781FBD2
:1079CC0003CA83EA010248BF0EF1010E002AA8BFC8
:1079DC004FF08042CDF840A0AEBF4FF0000A4FF000
:1079EC00FF3A894A0E971CEB0202DDF840C006F103
:1079FC00FF374CEB0A0ABAF1000F06DA6FF0004CB5
:107A0C0012EB0C0C62464AF1000AD20FDFF8FCC1F3
:107A1C0042EA4A02724492EA0C0F59BF4FF0804C72
:107A2C004FF0000E4FF0FF3EDFF8DCC1DFF8DCA1B9
:107A3C00C2FB0ACEBEF1000F06DA6FF000421CEB5F
:107A4C00020294464EF1000E4FEADC7C4CEA4E0CDE
:107A5C0063445A1002D403F001031A440A4492EA14
:107A6C00080F59BF4FF0804300214FF0FF31664B98
:107A7C00C2FB0831002905DA6FF000429A18134650
:107A8C0041F10001DA0F4FF0804342EA41024FF01E
:107A9C00000C1946DFF878E14244C2FB0E1CC90FFA
:107AAC0041EA4C0101FB06F617407E401A460027BE
:107ABC00DFF860C10D99C6FB0C27D20F42EA4702D2
:107ACC00314002FB05F500261A46534F4D40C5FBCD
:107ADC0007260C99D20F42EA4602294002FB04F415
:107AEC0000251A464D4E4C40C4FB06250B99D20F6F
:107AFC0042EA4502214002FB00F000241A46484DA0
:107B0C004840C0FB05240999D20F01400A9842EA6B
:107B1C00440202FB00F0024600244A401946414D43
:107B2C000798C2FB05141040C90F089A41EA44019A
:107B3C0001FB02F2114600244140F2251846C1FB1C
:107B4C000504059AC00F0A40069940EA440010FB50
:107B5C0001F00F9942400A400E9902984A4002994E
:107B6C0092EA010F52BF00214FF0FF31264BC2FBAE
:107B7C000031002905DA6FF000429A18134641F1E2
:107B8C000001149ADB0F43EA410353FA02F21AD4B0
:107B9C0016990B4017998B4231DDA2F17F037E2B96
:107BAC00CCBF7F235BB2039A02F8013F019B039287
:107BBC005B453FF42FAE049A1BF9013F9B1A279AA1
:107BCC009A427FF791AE6FF07F03ECE7B9F1004F6B
:107BDC007FF4A5AE00204FF0FF370646044605465D
:107BEC00CDE90C771049114B114A0E9007970A906A
:107BFC0008900B970F970690059709972BE7A2F122
:107C0C008003002ACBD1CEE7010000C0ABAAAA2A80
:107C1C007BBEAF63F2CBA24D6CAC162FA4AA521153
:107C2C00B72A580211FE0A00E0FFFF0FF8FF1502F9
:107C3C00FCFF0A01B2F1604FC8BF92003FF712ACD3
:107C4C0001F1004292EA0C0F5AD402FB0EFED1173E
:107C5C0003FB01EEA2FB033113F180434EEB010158
:107C6C00002905DA6FF000401818034641F10001B5
:107C7C004FF0FF30DB0F43EA4103C3F10051494B96
:107C8C00C1FB0230002805DA6FF0004159180B4691
:107C9C0040F10000DB0F43EA4003B3F1604F5BDCC3
:107CAC00530002F100410293B1F1404F029BD8BF47
:107CBC004FF0004302931CE44FF000094FF0FF33E8
:107CCC003848394902904FF000520C469E469C466B
:107CDC0018469B46FFF7A9BB14F1804240F1000007
:107CEC000028BFF67DAB6FF000441419224640F11A
:107CFC000000FFF775BB3FF4C5A94FF02009DDE785
:107D0C0002FB0EF0D11703FB0100A2FB0331084468
:107D1C0024495B1860F10000002805DA6FF000417F
:107D2C0059180B4640F10000DB0F43EA40034FF0BB
:107D3C00FF301C49C3F10053C2FB0310002805DAC5
:107D4C006FF00043CB18194640F10000C90F41EA0F
:107D5C004001B1F1604FA3DD4FF000430293FFF7F8
:107D6C00C8BB6FF0004B12EB0B0245F10005FFF79F
:107D7C004EBB0C4D4FF0FF3B0295FFF756BBB1F1DC
:107D8C00604F8DDD02EB81014B00B1F1804F02930E
:107D9C00A8BF6FF00043BFF6ABAB85E7530002936F
:107DAC00FFF7A7BB010000C0B6B4B4B410B584B0E3
:107DBC00069CDDF81CC000940024CDF804C0DDF84E
:107DCC0020C0CDE9024CFFF72FF904B010BD00BF65
:107DDC0012289ABF024B53F820000248704700BF8C
:107DEC0048E8001018C5001030B50C1E16DD002335
:107DFC00551C08E010F901C04FEA2C1C05F803C013
:107E0C0002339C420ADD591010F801E003F1010C19
:107E1C004EF3030E644502F803E0EBD130BD00BF16
:107E2C0038B515461A461C4601F020FD0022114BB0
:107E3C00FAF73CFB01F0D6FD03F0F4F84FF0004EDE
:107E4C004FF0000C86457CEB010203460FDB6145CD
:107E5C0008BF7045226803D14FF080430132226085
:107E6C001F3202DA0022134622602B6038BD01F06B
:107E7C0055FE00BF0000E0412DE9F04115461C46BF
:107E8C000022002306460F46FAF778FD20B10023A6
:107E9C002B602360BDE8F08123462A4630463946E4
:107EAC00BDE8F041FFF7BCBF000000002DE9F04732
:107EBC0006464FF000400F4608999046C840994638
:107ECC00FAF78AFA424604460D464B463046394686
:107EDC00FAF7ECFA02460B4620462946FAF7E6FA80
:107EEC0010A3D3E9002304460D46DDF828A0FAF7C9
:107EFC006DFD10B10BA5D5E90045002220462946A1
:107F0C000A4BFAF763FD58B1534620462946099AA5
:107F1C00FFF786FFDAF80030002B01DBBDE8F087B5
:107F2C0001F0FCFD0000C0FFFFFFDF410000F03F4F
:107F3C002DE9F8430124074604FA00F015460138F0
:107F4C000E46FAF749FAED1B8946C5F12003A5F157
:107F5C00200124FA03F304FA01F18046194304FAD0
:107F6C0005F0FAF775FA02460B4640464946FAF711
:107F7C009DFAC6F120038946A6F1200124FA03F3E9
:107F8C0004FA01F18046194304FA06F0FAF760FA94
:107F9C0002460B4640464946FAF7B2FB01F09EFCFE
:107FAC00FAF71EFDBDE8F883000000002DE9F0474C
:107FBC0082B004469A46DDF82890CD68D2F80C8041
:107FCC006BB32846FAF71AFA064640460F46FAF7FC
:107FDC0015FA02460B4630463946FAF767FA06465A
:107FEC00DAF80C000F46FAF709FA0B460246394646
:107FFC003046FAF7A3F80246D9F80C00164621F0E1
:10800C000047FAF7FBF902460B4630463946FAF7B9
:10801C0077FB1CA3D3E90023FAF7C4FC00B3414659
:10802C002846FAF713FE00210546FAF7C1FF20B3E4
:10803C002846FAF7E3F90446D9F80C000D46FAF78E
:10804C00DDF902460B4620462946FAF759FB024653
:10805C000B4600200B99C1E9002302B0BDE8F08764
:10806C004FF49E73094920462569094A0091094934
:10807C00A847012002B0BDE8F08740F24913064939
:10808C00F1E700BF7B14AE47E17A943F70C6001055
:10809C00CCC5001058C6001094C600102DE9F0474E
:1080AC0092F800C00546BCF1070F1C4682B025D0E3
:1080BC00BCF1090F0ED0BCF1030F47D0564904692F
:1080CC0040F28F130091554A5549A047012002B048
:1080DC00BDE8F0877F276FF07F060129D2F80C806E
:1080EC00D2F8109013D0032933D0022972D00A9BF6
:1080FC0026601F60002002B0BDE8F087012947F61A
:10810C00FF77484ED2F80C80D2F81090EBD1414654
:10811C000020FAF74FFE01F0B3FC4FF04F418046C0
:10812C00FAF746FF002841D040464FF09E41FAF73F
:10813C0035FF00283AD04046FAF74EFF4844B0428B
:10814C00B8BF30460A9B20601F60D3E7FF2700268C
:10815C00C3E741460020FAF72DFE01F091FC4FF0E9
:10816C004F418246FAF724FF00B350464FF09E4130
:10817C00FAF714FFD0B15046FAF72EFF03464B44E2
:10818C00B342B8BF3346414627482360FAF712FE84
:10819C0001F076FC4FF04F410446FAF709FF28B185
:1081AC004FF09E412046FAF7F9FE48B91F492C6959
:1081BC0040F2571300912846184A1949A04785E701
:1081CC002046FAF709FF4844B842A8BF38460A9B34
:1081DC0018608FE741461648FAF7ECFD824601F02D
:1081EC004FFC4FF04F418046FAF7E2FE0028DDD0FD
:1081FC0040464FF09E41FAF7D1FE0028D6D04046BB
:10820C00FAF7EAFE03464B44B342B8BF33460AF1D1
:10821C0000402360BCE700BFB0C60010CCC5001006
:10822C0058C600100080FFFF0000C040B8C6001008
:10823C00000080BF436B10B51BB1BDE810403C2162
:10824C00184701F06BFC00BF2DE9F04FA9B0DDE938
:10825C0032680746894622A841461D46144600F05E
:10826C0095FA229B023B022B00F283800123002112
:10827C00D9F83820CDE90E33CDE91233CDE91533D9
:10828C00CDE91A33149218921C921793D9F8302016
:10829C00D9F80430CDE90B11D9F82C100D921992A4
:1082AC000A93D9F83420D9F800300029CDE91022EE
:1082BC00099303DB38463B6C98470B9006B1366844
:1082CC00D9F814305B421D93D9F81C301F93D9F8A0
:1082DC0008302093D9F80C30219300231E93002CE6
:1082EC0047D02368002D44D02A68B8F1000F40D045
:1082FC00029200930496D8F800300DF1640B0DF146
:10830C00540A0DF144090693CDF814B0CDF80CA025
:10831C00CDF804900DAB09AA1DA90BA8FEF7D4FC4F
:10832C0010B929B0BDE8F08FCDE9046BCDF80CA0E5
:10833C00CDF80490D8F8003009AA06932B681DA933
:10834C00029323680BA800930DAB3C69FEF7BCFCB1
:10835C00094A0346009200220849CDE90232384608
:10836C000191F223064A0749A047012029B0BDE834
:10837C00F08F01F0D3FB00BFA8C7001090C700100E
:10838C00E0C6001074C700102DE9F0434B690C4691
:10839C00054687B0002B37D01C4B1A6800F0CEF97D
:1083AC001B4B21461A680646284600F0C7F9194BA4
:1083BC0021461A680746284600F0C0F9164B21469C
:1083CC0080461A68284600F0D3F924698146DCB14E
:1083DC003B462946226A03A800F0EAF9337A092BB6
:1083EC0003D0012007B0BDE8F0839DF81430092BB1
:1083FC00F7D1324621462846CDF8049003ABCDF890
:10840C000080FFF721FFEDE701F088FBA0E80010EA
:10841C009CE8001098E8001094E800102DE9F04F4B
:10842C00D1F810A00C4606469FB0BAF1000F00F030
:10843C000E81D1F814B0BBF1000F00F008818568F3
:10844C00844B28461A682B689B6998470746002876
:10845C0000F0AB80804B21461A682B6828469B693C
:10846C0098478146002800F0A9807C4B21461A6869
:10847C002B6828469B699847794B05901A682B689E
:10848C0021462846DB6998478046002800F09980F1
:10849C00387898F80030069083426CD1D9F80810DF
:1084AC000DA851F8044BA2000C9401F088FED8F8EA
:1084BC00081013A851F8043B9A001293079301F08B
:1084CC007EFE013C00F1C3800122079B0DEB84046E
:1084DC00616B581ECDE90922089100F1B880002487
:1084EC00CAF834100DEB8001D1F84CE00DF1480CBA
:1084FC00CDF82CE0A04204D00CEB8401496801FBC0
:10850C0002F201349C42F5D14FF0FF339BF800107E
:10851C00CAF82C30059BCAF83020CAF838E030462F
:10852C00CDE90093CDE9028A3B46069A00F0BEF8ED
:10853C008346002835D13B78072B30D0092B43D00C
:10854C0099F80030122B60D02B68414628465B6AA4
:10855C0098472B68394628465B6A98472B684946EA
:10856C005B6A28469847059BDBB12B682846059922
:10857C005B6A984715E03569FFF72AFC044698F8C2
:10858C000000FFF725FC03463649374ACDE9024384
:10859C000092019130465123344A3549A8474FF097
:1085AC00010B58461FB0BDE8F08F472331493469A1
:1085BC00304600912D4A3049A047F0E74A232F4915
:1085CC00F5E74F232E49F2E7B96819AB51F8042BA4
:1085DC0018469200069301F0F2FD012C37D0042CC2
:1085EC0035DC08A8FEF7A6FB99F800300446122BE0
:1085FC000ED0002CA8DD21463046F36B0AF12C027C
:10860C0098470028A0D08346CBE7044619AB0693C5
:10861C00D9F80810069851F8043B9A00CDE90632B7
:10862C0001F0CDFD069B002B0FDD0121079A18AB45
:10863C001A4453F8040F9A4200FB01F1F9D1304669
:10864C00F36B0AF120029847D3E70121F7E701F019
:10865C0065FA00BFA0E800109CE8001098E8001034
:10866C0094E8001004C9001014C90010E0C60010F2
:10867C00E8C80010ACC8001058C60010C0C80010E4
:10868C00D4C8001010B5002482B000940446044BEA
:10869C00044A054900F044F8204602B010BD00BF62
:1086AC009583001029840010418200102DE9F043BD
:1086BC00012A85B005460E461C460F9F03D10020AB
:1086CC0005B0BDE8F0834FF000084FF000090E9B99
:1086DC002146009302AB0193DDE90C23CDE902891D
:1086EC00FFF764FC0028EBD1DDE902013A463B1DA3
:1086FC00FFF7C2FB0C9B22691B693146C7E90523B6
:10870C000E9B28461A6907F10C03FA6100930E9A26
:10871C0007F10803FFF7C2FC05B0BDE8F08300BF0A
:10872C0010B4002401600199C0E90334C0E9054488
:10873C00C0E90744C0E9011210BC704710B5A8B1DC
:10874C00A1B10968002A8C465CF8044B0CDBA242F0
:10875C000ADA5CF82240002C06DBBDE8104001EB85
:10876C008201036D49681847002010BD01F0D6F94D
:10877C0010B540B139B1BDE810404968036D01EB4B
:10878C0082025168184701F0C9F900BF10B50446C0
:10879C0051B1496841B151F8042B40F8042B9200B7
:1087AC0001F00DFD204610BD00232046236010BDB6
:1087BC002DE9F0431D461B7A0446122B084687B060
:1087CC0007D095E8070084E80700204607B0BDE80D
:1087DC00F0831146036C98476F680646D5F8008005
:1087EC0007B3394651F8049B01A84FEA89052A467C
:1087FC0001F0E5FCB9F1000F14DD6B4601215A19AB
:10880C0053F8045F934205FB01F1F9D1404632461F
:10881C00FFF7EAFA09232046C4E90067237207B080
:10882C00BDE8F0830121F1E7436B10B51BB1BDE846
:10883C0010404021184701F071F900BF70B50022BB
:10884C0084B00C460646FFF779FF21460546002208
:10885C003046FFF78DFF2469BCB12B7A092B02D06F
:10886C00012004B070BD037A092BF9D1D4E90E12A2
:10887C000668A36828680296A5690195E4680094C7
:10888C00FFF794FA002004B070BD01F047F900BF67
:10889C002DE9F04F0B680E46044691B013B11B68DE
:1088AC00012B11D00126584A2569CDE90123574ADD
:1088BC00204600923423564A56490396A847012471
:1088CC00204611B0BDE8F08F4D68002D7AD02D6890
:1088DC00012D77D1D0F808800022D8F8003040461E
:1088EC009B6998470746002800F0868083681B68C0
:1088FC00002B7EDDD8F80030002231464046DB6983
:10890C009847814600287AD0D6F810A0BAF1000F0B
:10891C0066D0736920464A463946CDF800A000F06F
:10892C009BF8B968044651F8046B05A8B20004968C
:10893C0001F045FCD9F808100BA851F804BB4FEA1C
:10894C008B0201F03CFC002E06F1FF315ADD0023B6
:10895C000DF1100E0DF1280C99420AD00EEB83028A
:10896C009B4550684FEA83024CDD62445268824258
:10897C0048D10133B342EFD1002304A8994204D06B
:10898C0000EB8302526802FB05F501339E42F5D1E0
:10899C0010AB03EB8103594553F82C2C32DA53F806
:1089AC00143C93422ED1CAE90E53D8F80030394604
:1089BC0040465B6A9847D8F80030494640465B6AA7
:1089CC0098477DE70127104B134A26692046CDE9CD
:1089DC000135009235230E4A0E490397B0476EE7D6
:1089EC003C230E49256920460091094A0C49A847A9
:1089FC0065E738230B49F5E737230B49F2E73A23B0
:108A0C000A49EFE701F08AF8E8C90010ACC9001078
:108A1C0020C9001074C70010BCC90010ECC90010AC
:108A2C0058C60010D0C90010ACC80010D4C8001033
:108A3C0010B5002482B000940446044B044A054946
:108A4C00FFF76EFE204602B010BD00BF4988001033
:108A5C009D88001035880010F0B50E780D46092E53
:108A6C0004461F4689B00BD007693046FFF7B0F9B2
:108A7C00544902462B782046B847012009B0F0BD76
:108A8C001378072B33D0092B77D1136913F1800F8F
:108A9C0059D14FF06E51D068FAF76CFA002800F0FB
:108AAC008780E868F9F7AAFC04460D460526386865
:108ABC00F9F7A4FC22460E9C07AB083402930096EF
:108ACC002B460194FFF7F2F90E9B07991F22D960F0
:108ADC003046FFF72DFAF9F77FFC01F10041F9F769
:108AEC007FFF034600200E9A936109B0F0BD136915
:108AFC0035498B4235D1D6684FF05E513046FAF786
:108B0C0061FA00284ED04FF05E513046F9F794FFD1
:108B1C002E49FAF757FA0028C3D000222C4B3046C6
:108B2C00CDE90423F9F76AFC06460F46294D2A487D
:108B3C00CDE90267CDE900056F232046274A284975
:108B4C002469A04799E76FF07F05264A0469CDE9AF
:108B5C000123254A732300922449204A0395A047F8
:108B6C008BE7234D204A0469CDE90231CDE900257C
:108B7C006E231A4A1D49A0477FE718462769FFF75D
:108B8C0027F905463046FFF723F9034619491A4AD7
:108B9C00CDE9025300920191204672230F4A1749E6
:108BAC00B8476AE731464FF05E50F9F745FFAFE73B
:108BBC0013492569742300912046084A1149A84796
:108BCC005BE700BF08CA00100080FFFF6F12833202
:108BDC000000F03EF8CA001004CB001024CA0010AC
:108BEC00D8CA001028CB0010BCCA001074C70010E3
:108BFC00B4CA00101CCB001004C90010E8C8001047
:108C0C0030CB001058C600104B1E1844B0FBF1F0CE
:108C1C0001FB00F0704700BF2DE9F04180460F4684
:108C2C00C069042116461D46FFF7EEFFD8F8182040
:108C3C00844682B1002302EB420E00EB8E0EDCF870
:108C4C0004400CF10C0C013408BF0133E645F6D19D
:108C5C000B2B11D8F4464FF0FF33CCF80070CCF846
:108C6C000430CCF808602A60D8F8183000200133A2
:108C7C00C8F81830BDE8F0810120BDE8F08100BFD4
:108C8C00704700BF406803685B691847036953F875
:108C9C0021007047844630B50B46D0E90101D1E97B
:108CAC00042583B00468DCF80C1000956468A047B8
:108CBC0003B030BD406803689B681847836801EBBC
:108CCC004101D3E9043203EBC203586800EB810085
:108CDC00704700BF10B50446182100F0FAFE20467C
:108CEC0010BD00BF1346D0E901025269FFF794BFD3
:108CFC0030B58B68002A844653F8041B83B01BDB09
:108D0C00914219DD53F82230002B15DB02680C4917
:108D1C0052698A420BD1D0E90101D1E904250468DA
:108D2C00DCF80C1000956468A04703B030BD194600
:108D3C0003B0BDE830401047002003B030BD00BF89
:108D4C00A18C001030B54B68002A844653F8041BE4
:108D5C0083B01BDB914219DD53F82230002B15DB5D
:108D6C0002680C4952698A420BD1D0E90101D1E960
:108D7C0004250468DCF80C1000956468A04703B067
:108D8C0030BD194603B0BDE830401047002003B099
:108D9C0030BD00BFA18C001030B50B68002A844692
:108DAC0053F8041B83B01BDB914219DD53F82230BE
:108DBC00002B15DB02680C4952698A420BD1D0E9B1
:108DCC000101D1E904250468DCF80C1000956468F5
:108DDC00A04703B030BD194603B0BDE83040104782
:108DEC00002003B030BD00BFA18C001030B40024B3
:108DFC00044DC0E90444C0E9005130BCC0E9023262
:108E0C00704700BFACE800100EB400B582B003A9E7
:108E1C0051F8040B019100F005F802B05DF804EB79
:108E2C0003B07047704700BF30B400250B46194C97
:108E3C0000EB400214F832C004EBC20281F82D5052
:108E4C00557881F814C01D70D568BCF1020F9D6176
:108E5C0095684FEA40019D60556802D10E4A126830
:108E6C0015440A1804EBC20404F1100103F130029A
:108E7C005D6003C982E8030093F83020012A06D113
:108E8C006269D2E9001249685268D9601A6130BC33
:108E9C00704700BFBCF1012058010220044B1B6835
:108EAC008B42A3BF034B03EBC103586800207047F0
:108EBC0068FE01206CFE0120044B1B689942DDBF4B
:108ECC00034B03EBC10358680020704768FE012078
:108EDC006CFE0120704700BF38B51D4C00232246A4
:108EEC0047F6FF7C1B4D1C482D6850F825000144AB
:108EFC00B2F90C00103288420AD060450BD0013315
:108F0C00042BF5D119461548FBF7BCF9002038BDE8
:108F1C0004EB031038BD124D01EB410C05EBCC02F8
:108F2C0015F83C5092F801C004EB031080F808C00F
:108F3C00D2F808C0022D52684FEA0313C0F804C0DF
:108F4C0002D1084D2D682A44E2501C44A18138BD41
:108F5C00A4FF012058FF01200CE9001054CB001095
:108F6C00BCF10120580102200020FFF7B5BF00BF63
:108F7C00174870B50246002347F6FF75154E164C80
:108F8C00366854F826400C44B2F940C04432A4452B
:108F9C000BD0AC450FD00133042BF5D1002519466D
:108FAC000E48FBF76FF9284670BD03EB031300EB7B
:108FBC008305284670BD03EB031300EB830529469C
:108FCC002046FFF731FF2846A5F8404070BD00BF92
:108FDC00E8FF012058FF01200CE900108CCB001099
:108FEC000020FFF7C5BF00BF38B511F00F0308BF55
:108FFC000A461C4D18BF01F110020C461A4918BF45
:10900C00D21A2B6809689A1A914211D9174D2B68FC
:10901C00312B1BD801212046FBF75EFB0346E0B148
:10902C002A681349501C286041F82230184638BD74
:10903C001B1B0F3B23F00F03103322460021184655
:10904C002B6001F018F80346184638BD2146094834
:10905C00FBF718F90023184638BD21460648FBF7E4
:10906C0011F9F7E750010220540102208CFE012077
:10907C0090FE0120C4CB001044CC0010F8B5104D6C
:10908C000F462B681446032B0FD8FFF7ADFF034692
:10909C0080B12E680020721C2A600A4A266042F8B1
:1090AC00367002EBC6025360F8BD0748FBF7EAF8CE
:1090BC000120F8BD39460548FBF7E4F8F8E700BF96
:1090CC0068FE01206CFE01207CCC0010D4CC00107A
:1090DC000020FFF789BF00BF10B50446024B0360A8
:1090EC00FFF7CEFD204610BDE0E8001010B5044699
:1090FC00044B0360FFF7C4FD2046182100F0E9FC87
:10910C00204610BDE0E80010F8B5104D0F462B6856
:10911C001446032B10D80020FFF766FF034680B1DE
:10912C002E680020721C2A60094A266042F83670AC
:10913C0002EBC6025360F8BD0648FBF7A3F801200A
:10914C00F8BD39460448FBF79DF8F8E768FE0120A6
:10915C006CFE01207CCC0010D4CC00102DE9F04F1B
:10916C0003464FF460711020A3B098475E4B186013
:10917C00002800F0AF8000235C4E5D4F00F560725C
:10918C000DF1300A194630603A6050461A46FFF726
:10919C002DFE0B220024574BDFF85CB11A60574AA6
:1091AC00D6F800805A63564A564DDA63564ACDF8C3
:1091BC0030B01A64554AC3F808A0DA64544A1A65E8
:1091CC00544A1A61204612A9FFF72EFE9DF85C3016
:1091DC000134022B06D1EA68139B134498453CBF1B
:1091EC00984633600B2C05F11805EBD13B684345D1
:1091FC006BD3DFF8248102A8454602ACFFF742FA94
:10920C000FCC0FC50FCC0FC5236802A82B60FFF73E
:10921C000FFC0023414FDFF808913E464D46414A72
:10922C000DF1080C1360236808F1240E0193BCE8BF
:10923C000F00AEE80F00BCE80F00AEE80F00019B7A
:10924C003C1DCEF8003016F8013B03EBC30358F875
:10925C00233023B100222748696998472861A64228
:10926C0005F12805EFD100232E4A2F4E2F4D136008
:10927C0017F8013B03EBC30308EB83039A688AB12D
:10928C0047F6FF7349461B48A6F84030A6F88430D1
:10929C00A6F8C830A6F80C31AB81AB83AB85AB8795
:1092AC009047F8B9A74209F12809E1D100221346E9
:1092BC001C490A6050460193CDF830B0FFF7E0FC32
:1092CC00019B184623B0BDE8F08F1948FAF7DAFF76
:1092DC000123EFE71748FAF7D5FF0123184623B00F
:1092EC00BDE8F08F0346E5E7580102205401022047
:1092FC0050010220F8000220E0E80010F58F001069
:10930C0089900010BCF10120A98E00107D8F0010F7
:10931C00E58E0010158E00105CFF012014E9001082
:10932C001CF1012058FF0120E8FF0120A4FF0120BF
:10933C0030CD001008CD00100B464FF0000C144A35
:10934C0010B5D168107892F801E099619168022803
:10935C005468996083F800E083F82DC0187502D129
:10936C000C4909680C440C4903F1300C03C95C60CE
:10937C008CE8030093F83010012906D15269D2E928
:10938C00001249685268D9601A61002010BD00BFF4
:10939C00BCF1012058010220CCF101200B464FF00A
:1093AC00000C154A30B5D2E93D4592F8F00092F820
:1093BC00F1E0D2F8FC10022899619D6083F800E07E
:1093CC0083F82DC0187502D10C4909680C440C495E
:1093DC0003F1300C03C95C608CE8030093F8301087
:1093EC00012907D1D2F80421D2E900124968526848
:1093FC00D9601A61002030BDBCF101205801022057
:10940C00BCF201202DE9F04747F6FF74DFF84890D5
:10941C00DFF848A0124E134D134F09F1040819F848
:10942C00013B514603EBC30307EB83030F48DB6897
:10943C00A6F84040A6F88440A6F8C840A6F80C410F
:10944C00AC81AC83AC85AC8798470AF1280A08B983
:10945C00C845E4D1BDE8F08714E900101CF10120E7
:10946C00E8FF0120A4FF01205CFF0120F80002208E
:10947C0070B500240A4A0B4E0346106898470A4AF6
:10948C003368146043B1094D55F8040BFAF720FC0E
:10949C0033680134A342F7D80020306070BD00BFA0
:1094AC00580102208CFE012068FE012090FE012054
:1094BC00084A094B126802F50C7002F110015A604F
:1094CC00C3F8AC00C3F8C420C3F8DC10C3F8F42014
:1094DC00704700BF58010220BCF1012038B5194B70
:1094EC00044698420BD003F58063984207D003F5ED
:1094FC008063984203D003F5806398421CD1E36BE0
:10950C0003F01F030A2B09D0E36B03F01F030E2B90
:10951C0004D0E36B03F01F030D2B0FD10223642542
:10952C00A364E06B10F01F0000D138BD013D07D0E3
:10953C00012001F0FFFFF4E71020F6E70120F4E72B
:10954C000320F2E7003000602DE9F84F9946724B8A
:10955C0004469842884617460CD003F5806398421F
:10956C0008D003F58063984204D003F580639842D9
:10957C0040F0D080002F00F0CD80B8F1000F00F04B
:10958C00C9800121204601F08DFF0221204601F007
:10959C00C5FF204601F0A2FF2023102FA3644FF03B
:1095AC0001064FF6FF733D4628BF10252361E9B233
:1095BC0066642046266401F049FFA6646426E36BCA
:1095CC0003F01F03092B04D0E36B03F01F030A2BDA
:1095DC001AD14FF0000B4FF0800A5E467D1BADB2E6
:1095EC00BE4238D308236425A364E36B03F01F0346
:1095FC000D2B7CD1B9F1000F7FD14FF6FF712046B6
:10960C0001F020FF00200EE0012001F093FFE36B3E
:10961C0003F01F030D2B01D0013ED0D1642507E0D0
:10962C00013D02D10420BDE8F88F012001F082FF3A
:10963C00E36B03F01F030D2BF2D102236425A3640B
:10964C00E36BD90601D10220EDE7013DEAD0012000
:10965C0001F070FFF4E7E36B03F01F030F2B24D131
:10966C00B5B1102DAB4628BF4FF0100B20465FFA5A
:10967C008BF101F0EBFEA5EB0B05ADB2A36813F07B
:10968C00800B0AD1052001F055FF5B469B46A7E7EE
:10969C002946204601F0DAFEF0E7636808F8063048
:1096AC000136C4F810A0B6B2E8E7012001F042FF81
:1096BC00BBF5FA6F0BF10103E8D308236425A3640F
:1096CC00E36B03F01F030D2B0BD102236425A36462
:1096DC00E36BDA06A6D0013DA4D0012001F02AFFED
:1096EC00F6E7013D9ED0012001F024FFE8E7013DA3
:1096FC0098D0012001F01EFF77E702236425A364B4
:10970C00E36BDB063FF479AF013D8BD0012001F018
:10971C0011FFF5E7012086E7003000602DE9F843E2
:10972C009846514B044698420D4616460CD003F50C
:10973C008063984208D003F58063984204D003F507
:10974C008063984240F08C80002E00F08980002DC0
:10975C0000F086800121204601F0A4FE0121204664
:10976C0001F0DCFE204601F0B9FE2023A3644FF685
:10977C00FF7323610123642763642364A364E36B95
:10978C0003F01F03072B2AD14FF40059013D2E443F
:10979C00AE423AD1B8F1000F56D14FF6FF712046C8
:1097AC0001F050FE002012E0013D01D104200EE03A
:1097BC00012001F0BFFEE36B03F01F030D2BF3D16F
:1097CC0002236425A364E36BD90602D10220BDE811
:1097DC00F883013DEAD0012001F0ACFEF3E7E36B26
:1097EC0003F01F030E2BCFD0E36B03F01F03082BEA
:1097FC00CAD0012001F09EFEE36B03F01F030D2B7A
:10980C0001D0013FBBD16425D5E740F2D17715F8E3
:10981C00013F2360A3689A040DD56427C4F8109007
:10982C00E36B03F01F030E2BB2D0013F1AD00120C3
:10983C0001F080FEF4E7013F02D10223A364B5E7F7
:10984C00012001F077FEE5E702236425A364E36BB6
:10985C00DB06A2D0013DA9D0012001F06BFEF6E79A
:10986C000120B4E70320B2E700300060F8B5DFF860
:10987C005CC021F000430027044663450D46176089
:10988C0021D8844653EA0C0C1DD0DFF844C0164690
:10989C000A4601EA0C0CBCF1000F09D100220D4B59
:1098AC00F8F704FE6FF0350704460A4621F0004332
:1098BC006FF31E521B1542F07F55A3F2FE3345F495
:1098CC0000153B44336020462946F8BDFFFFEF7F6F
:1098DC000000F07F0000504300000000C1F30A5C60
:1098EC0002460B462DE9F041ACF2FF350C4606461C
:1098FC00132D22DC002D42DBDFF8E0800F4648FA06
:10990C0005F801EA080C5CEA000C1BD031A3D3E982
:10991C000023F8F715FC00220023F9F757F840B1A3
:10992C00002C03DA4FF480132B411F4427EA080460
:10993C00002621463046BDE8F081332D06DDB5F515
:10994C00806F2CD010461946BDE8F081ACF2134C58
:10995C004FF0FF3727FA0CF73842F3D01DA3D3E9A9
:10996C000023F8F7EDFB00220023F9F72FF800286D
:10997C00DFD0002C33461CDB23EA0706D9E715A3FE
:10998C00D3E90023F8F7DCFB00220023F9F71EF8DB
:10999C000028CED0002C05DB00263446C9E7F8F7AA
:1099AC00CFFBD1E724F0004426430DD14FF0004407
:1099BC00BFE7142D06D0C5F134050122AA4013448B
:1099CC009E42D9D90134D7E70026054CB1E700BF38
:1099DC00AFF300809C7500883CE4377EFFFF0F00DE
:1099EC000000F0BF38B5C1F30A5402460B468E4650
:1099FC00A4F2FF3CBCF1130F14DCBCF1000F2DDB07
:109A0C001E4941FA0CF101EA0300104310D04FF447
:109A1C000022002342FA0CF2724422EA010E714633
:109A2C00184638BDBCF1330F05DDBCF5806F1CD07A
:109A3C001046194638BDA4F213444FF0FF31E140F3
:109A4C000142F5D0CCF1330C012303FA0CF31B18B3
:109A5C0028BF0EF1010E23EA0103E0E7BCF1FF3F42
:109A6C0001F0004E04D00023D9E7F8F769FB38BDAC
:109A7C004EF07F5E00234EF4401ED0E7FFFF0F0038
:109A8C0008B5C0F3C75301467F3B162B0EDC002BE9
:109A9C00024610DB0B481841014205D04FF48001FF
:109AAC001941114421EA0001084608BD802BFBD165
:109ABC00F8F7C4FF08BD013300F00041F4D141F0C8
:109ACC007E51F1E7FFFF7F000B460146184600F080
:109ADC0053B900F018B800F018B8012838BF0120AD
:109AEC0010B50446204600F05BF800B110BD00F044
:109AFC000FF808B900F012F88047F3E7FFF7EDBF55
:109B0C0008B500F00BF800F053B8FFF7FCBF0000ED
:109B1C00014BD3E8AF0F70475C010220062008B55B
:109B2C0000F0ECFA012001F069FC00001FB51446AE
:109B3C001A46094B05461B68D8684CB1074B009177
:109B4C000749CDE901342B4600F024F9FFF7E6FF75
:109B5C00044B1C46F3E700BFC4F20120541801105B
:109B6C00611801108F180110024B0A460146186843
:109B7C0000F002B8C4F2012070B5A1FB025434B954
:109B8C00294600F03FF8064628B9304670BD0C2235
:109B9C0000260260F9E72A46214600F06CFAF4E749
:109BAC00024B0146186800F02DB800BFC4F201202A
:109BBC00024B0146186800F00FBB00BFC4F2012035
:109BCC0070B50F4E0C460546316811B900F0B2FA6B
:109BDC0030602146284600F0ADFA431C03D14FF00B
:109BEC00FF34204670BDC41C24F00304A042F8D0FE
:109BFC00211A284600F09EFA0130F2D1EFE700BF9F
:109C0C00600102202DE9F843CD1C064625F0030522
:109C1C0008350C2D38BF0C25002D01DBA94204D9C9
:109C2C000C2333600020BDE8F883DFF8D48000F00B
:109C3C0069F8D8F800301C4644BB29463046FFF77B
:109C4C00BFFF431C044658D1D8F800402746002FCC
:109C5C0043D1002C4BD023683946304604EB030922
:109C6C0000F068FA814542D1216830466D1A2946C8
:109C7C00FFF7A6FF01303AD023682B442360D8F8B5
:109C8C0000305A6862BBC8F800700FE02268521BA3
:109C9C0020D40B2A17D96119A342256018BF59602B
:109CAC00636808BFC8F8001062514B60304600F082
:109CBC002FF804F10B00231D20F00700C21A1CBF63
:109CCC001B1AA350AFE76268A3420CBFC8F8002070
:109CDC005A60EBE723466468AEE73C467F68B6E71C
:109CEC001A465B68A342FBD100235360DEE70C23CA
:109CFC003046336000F00CF894E70560D6E700BFFF
:109D0C0064010220014800F04ABA00BF6801022039
:109D1C00014800F045BA00BF680102202DE9F0416E
:109D2C00074614460D4621B91146BDE8F041FFF730
:109D3C0069BF2AB9254600F04FFA2846BDE8F081E4
:109D4C0000F094FA8442064602D8B4EB500FF4D8D3
:109D5C0021463846FFF756FF804608B94546ECE7E2
:109D6C00B4422246294628BF324600F028FA29463A
:109D7C00384600F031FAF1E710B5044604481346B2
:109D8C0020B10A4602202146AFF3008010BD00BF6F
:109D9C00000000000EB403B503AB0146054853F8B0
:109DAC00042B0068019300F0EDFB02B05DF804EBAE
:109DBC0003B07047C4F201200FB407B5064904ABD9
:109DCC00086853F8042B8168019300F0DBFB03B0A7
:109DDC005DF804EB04B07047C4F20120024B01465D
:109DEC001868826801F03DB8C4F20120036A70B5AE
:109DFC0005460E4684680BB900F0A0FF636EDB07C6
:109E0C0005D4A389980502D4A06D00F0C8F9A389E4
:109E1C00190702D52369002B35D12146284600F0BD
:109E2C00BDF880B34FF0FF35636EDA0705D4A38914
:109E3C009B0502D4A06D00F0B3F9284670BD002B31
:109E4C0004DAA269934217DB0A2915D023685A1C3D
:109E5C0022601970A36816F8011F013BA36000294A
:109E6C00EDD1002B11DA22460A21284600F058F8D1
:109E7C000130D7D00A25D7E72246284600F050F803
:109E8C000130E7D1CEE7013EE4E723685A1C22609B
:109E9C000A221A70EEE70000024B01461868FFF721
:109EAC00A5BF00BFC4F2012030B514469BB00546D7
:109EBC001A46002C05DA8B2303604FF0FF301BB0E1
:109ECC0030BD4FF40273009104916946ADF80C302B
:109EDC004FF00003199314BF04F1FF332346029390
:109EEC0005934FF6FF73ADF80E301E9B00F026FA6B
:109EFC00431CBCBF8B232B60002CE0D0009B0022AA
:109F0C001A70DCE707B5009313460A46014603486E
:109F1C000068FFF7C9FF03B05DF804FBC4F2012031
:109F2C00F8B50E461446054618B1036A0BB900F095
:109F3C0005FFA369A360A3891A0701D5236943B957
:109F4C002146284600F02AF818B14FF0FF37384662
:109F5C00F8BD2368F6B222693746981A63698342C2
:109F6C0005DC2146284600F033FE0028EDD1A3681D
:109F7C00013BA36023685A1C22601E70431C62695B
:109F8C009A4204D0A389DB07E1D50A2EDFD1214602
:109F9C00284600F01DFE0028D9D0D6E738B5284B4E
:109FAC0005460C46186818B1036A0BB900F0C6FEDA
:109FBC00B4F90C301A0721D4D80607D409222A6028
:109FCC0043F040034FF0FF30A38130E0590712D526
:109FDC00616B41B104F14403994202D0284600F070
:109FEC00FBF8002363630022B4F90C30626023F0A9
:109FFC0024032269226043F00803A38122693AB941
:10A00C009A0501D5180603D52146284600F0F0FE26
:10A01C00B4F90C3013F001020AD00022A26062697C
:10A02C005242A261226942B913F08000C8D138BDF6
:10A03C00990758BF6269A260F4E70020F7E700BFF8
:10A04C00C4F20120884210B501EB020402D984420B
:10A05C00234607D8431EA14207D011F8012B03F861
:10A06C00012FF8E70244824200D110BD13F8011D04
:10A07C0002F8011DF7E702440346934200D17047F2
:10A08C0003F8011BF9E70139034610B532B111F899
:10A09C00014F013A03F8014B002CF7D11A4400216F
:10A0AC00934200D110BD03F8011BF9E71F2938B505
:10A0BC0005460C4604D9162303604FF0FF3038BD1B
:10A0CC00C26B12B152F821304BB9284600F030F86F
:10A0DC00224601462846BDE8384000F017B8012B4F
:10A0EC000AD0591C03D1162303600120E7E7002195
:10A0FC00204642F8241098470020E0E7024B014626
:10A10C001868FFF7D3BF00BFC4F2012038B5002395
:10A11C00064D0446084611462B60F9F7B7F9431C67
:10A12C0002D12B6803B1236038BD00BFA802022006
:10A13C00F9F7AAB938B50023054D044608462B603B
:10A14C0001F04CF9431C02D12B6803B1236038BDDC
:10A15C00A802022070B50D4B00260D4D5B1B9C1008
:10A16C00A64209D10B4DF9F715FB0B4B00265B1BD7
:10A17C009C10A64205D170BD55F8043B013698479A
:10A18C00EEE755F8043B01369847F2E7CC1801107E
:10A19C00CC180110CC180110D4180110704770475E
:10A1AC007047C9B20346024410B59342184601D118
:10A1BC00002003E0047801338C42F6D110BD0A4430
:10A1CC00431E914200D1704710B511F8014B9142DA
:10A1DC0003F8014FF9D110BD38B50546002941D01F
:10A1EC0051F8043C0C1F002BB8BFE418FFF78AFD94
:10A1FC001D4A136833B9636014602846BDE83840C3
:10A20C00FFF786BDA34208D9206821188B4201BFF5
:10A21C0019685B6809182160EDE71A465B680BB199
:10A22C00A342FAD911685018A0420BD120680144FE
:10A23C00501811608342E0D118685B680844536081
:10A24C001060DAE702D90C232B60D6E720682118BE
:10A25C008B4202BF19685B680918636008BF2160F4
:10A26C005460CAE738BD00BF6401022051F8043CB9
:10A27C00181F002BBCBF0B58C01870472DE9F047B6
:10A28C001F468E6882460C46BE429046334653D8D3
:10A29C00B1F90C0010F4906F2BD065692368096933
:10A2AC0005EB4505A3EB010905EBD5757B1C6D1082
:10A2BC004B442A46AB4284BF1D462A46430527D54C
:10A2CC0011465046FFF79EFC064658B34A46216994
:10A2DC00FFF775FFA38923F4906343F08003A381F8
:10A2EC0026614E4465613B46A5EB090526603E465A
:10A2FC00A5601F463A4641462068FFF7A3FEA368B7
:10A30C0000209B1BA36023683B442360BDE8F087BF
:10A31C005046FFF703FD06460028E1D1216950465F
:10A32C00FFF75AFF0C234FF0FF30CAF80030A38917
:10A33C0043F04003A381E9E73E46DBE72DE9F04F0C
:10A34C0098468B899DB007461B060D46144610D5C2
:10A35C000B6973B94021FFF755FC2860286130B9AF
:10A36C000C233B604FF0FF301DB0BDE8F08F402355
:10A37C006B610023CDF80C804FF00109DFF8A08150
:10A38C00099320238DF8293030238DF82A30234669
:10A39C009A4613F8012B0AB1252AF9D1BAEB040B12
:10A3AC000BD05B46224629463846FFF767FF013043
:10A3BC0000F0A780099A5A4409929AF80030002BB1
:10A3CC0000F09F8000234FF0FF320AF1010A049342
:10A3DC0007938DF853301A93CDE905235446052283
:10A3EC004F4814F8011BFFF7DCFE049AD8B9D006CD
:10A3FC0044BF20238DF85330110744BF2B238DF815
:10A40C0053309AF800302A2B15D0079A5446002066
:10A41C004FF00A0C214611F8013B303B092B4BD96C
:10A42C00B0B1079214E0A0EB0803A24609FA03F3BB
:10A43C0013430493D2E7039B191D1B68002B039154
:10A44C00BBBF5B4242F0020207930793B8BF049272
:10A45C0023782E2B0AD163782A2B32D1039B02341A
:10A46C001A1D1B6843EAE37303920593DFF8B4A04B
:10A47C00032221785046FFF794FE38B1A0EB0A0076
:10A48C004022049B013482401343049314F8011BB3
:10A49C00062225488DF82810FFF783FE002836D0B9
:10A4AC00224B1BBB039B073323F007030833039397
:10A4BC00099B334409936AE70CFB02320C460120DA
:10A4CC00A8E7002301344FF00A0C194605932046E7
:10A4DC0010F8012B303A092A03D9002BC6D005916C
:10A4EC00C4E70CFB012104460123F0E703AB2A4629
:10A4FC0004A9384600930E4BAFF30080421C06466D
:10A50C00D6D1AB895B063FF52DAF09982CE703AB91
:10A51C002A4604A938460093054B00F0BDF9EDE737
:10A52C0090180110961801109A18011000000000E4
:10A53C0089A200109368013B002B10B4936007DADA
:10A54C009469A34201DB0A2902D110BCFFF7E8BCD5
:10A55C001368581C10600846197010BC7047F8B589
:10A56C0006460F461446D518AC4201D1002007E030
:10A57C003A4614F8011B3046FFF7DCFF431CF3D1BD
:10A58C00F8BD00002DE9F04F0D469DB014469846DD
:10A59C00064618B1036A0BB900F0D0FB6B6ED907F5
:10A5AC0005D4AB899A0502D4A86DFFF7F8FDAB89E9
:10A5BC001B0701D52B699BB929463046FFF7EEFCEA
:10A5CC0070B16B6EDC0704D54FF0FF301DB0BDE8E9
:10A5DC00F08FAB899805F7D4A86DFFF7E1FDF3E791
:10A5EC000023CDF80C804FF00109DFF8B4810993FA
:10A5FC0020238DF8293030238DF82A3023469A46B3
:10A60C0013F8012B0AB1252AF9D1BAEB040B0BD0A4
:10A61C005B46224629463046FFF7A1FF013000F089
:10A62C00A780099A5A4409929AF80030002B00F03E
:10A63C009F8000234FF0FF320AF1010A0493079325
:10A64C008DF853301A93CDE905235446052254480E
:10A65C0014F8011BFFF7A5FD049AD8B9D10644BF25
:10A66C0020238DF85330130744BF2B238DF8533020
:10A67C009AF800302A2B15D0079A544600204FF038
:10A68C000A0C214611F8013B303B092B4BD9B0B1D8
:10A69C00079214E0A0EB0803A24609FA03F3134354
:10A6AC000493D2E7039B191D1B68002B0391BBBFBE
:10A6BC005B4242F0020207930793B8BF04922378DF
:10A6CC002E2B0AD163782A2B32D1039B02341A1D0C
:10A6DC001B6843EAE37303920593DFF8C8A00322D7
:10A6EC0021785046FFF75DFD38B1A0EB0A004022FF
:10A6FC00049B013482401343049314F8011B06227B
:10A70C0029488DF82810FFF74CFD00283FD0274B27
:10A71C001BBB039B073323F0070308330393099BED
:10A72C003B4409936AE70CFB02320C460120A8E774
:10A73C00002301344FF00A0C19460593204610F8FB
:10A74C00012B303A092A03D9002BC6D00591C4E756
:10A75C000CFB012104460123F0E703AB2A4604A9B4
:10A76C0030460093124BAFF300800746781CD6D1CD
:10A77C006B6ED90705D4AB899A0502D4A86DFFF787
:10A78C000FFDAB895B063FF51FAF09981EE703ABC6
:10A79C002A4604A930460093054B00F07DF8E4E707
:10A7AC0090180110961801109A1801100000000062
:10A7BC006BA500102DE9F047164698468A680746A7
:10A7CC000B690C46DDF820909342B8BF13463360FA
:10A7DC0091F843200AB1013333602368990642BFD4
:10A7EC00336802333360256815F0060506D104F191
:10A7FC00190AE36832689B1AAB422BDC94F843309D
:10A80C002268003B18BF0123920630D404F14302A6
:10A81C0041463846C847013023D023681A3454F8CF
:10A82C000A2C03F00603042B0ABF54F80E5C002517
:10A83C0033684FF0000608BFED1A54F8123C08BFFD
:10A84C0025EAE5759342C4BF9B1AED18B5421AD19F
:10A85C00002008E00123524641463846C8470130E3
:10A86C0003D14FF0FF30BDE8F0870135C1E7E118A7
:10A87C005A1C30200233224481F8430094F84510CE
:10A88C0082F84310C2E70123224641463846C847A6
:10A89C000130E6D00136D9E72DE9FF470F7E91460E
:10A8AC0080460C46782F9A460C9E01F1430207D83D
:10A8BC00622F0AD8002F00F0D280582F00F0B780FA
:10A8CC0004F1420684F842703AE0A7F16303152BB9
:10A8DC00F6D801A151F823F03DA9001051A90010A0
:10A8EC00CDA80010CDA80010CDA80010CDA8001048
:10A8FC0051A90010CDA80010CDA80010CDA80010B3
:10A90C00CDA8001051AA00107BA9001007AA0010B6
:10A91C00CDA80010CDA8001073AA0010CDA800106F
:10A92C007BA90010CDA80010CDA800100FAA001014
:10A93C0033681A1D1B68326004F1420684F84230F9
:10A94C0001239DE033682068191D3160060601D58E
:10A95C001D6803E04506FBD5B3F90050002D03DA62
:10A96C002D236D4284F8433059480A2310E02168A6
:10A97C003368080653F8045B02D4490648BFADB2ED
:10A98C006F2F5348336059D10823002184F84310AA
:10A99C006668002EA66005DB21682E4321F00401B9
:10A9AC0021604DD01646B5FBF3F103FB1157C75D83
:10A9BC0006F8017D2F460D46BB42F4D9082B0BD16E
:10A9CC002368DF0708D5236961689942DEBF30230D
:10A9DC0006F8013C06F1FF36921B22614B4603AA96
:10A9EC0021464046CDF800A0FFF7E4FE01304CD1E3
:10A9FC004FF0FF3004B0BDE8F087236843F020032C
:10AA0C00236078273348236884F845701F06316823
:10AA1C0051F8045B02D45F0648BFADB23160D90770
:10AA2C0044BF43F0200323601DB11023ADE7284839
:10AA3C00E9E7236823F020032360F6E70A23A4E761
:10AA4C001646BBE733682568181D616930602E0611
:10AA5C001B6801D5196002E06806FBD5198000233C
:10AA6C0016462361BAE7336800211A1D32601E684E
:10AA7C0062683046FFF795FB08B1801B6060636825
:10AA8C002361002384F84330A8E723693246494602
:10AA9C004046D0470130ABD023689B0713D4E06805
:10AAAC00039B9842B8BF1846A4E701233246494697
:10AABC004046D04701309BD00135E36803995B1ABF
:10AACC00AB42F2DCEBE7002504F11906F5E700BF19
:10AADC00A1180110B2180110B1F90C20F8B5160725
:10AAEC0005460C4651D44B68002B02DC0B6C002B3A
:10AAFC0049DDE66A002E46D0002312F480522F68FE
:10AB0C002B6031D0626DA389590705D56368D21AC1
:10AB1C00636B0BB1236CD21A0023E66A216A2846B8
:10AB2C00B047421CB4F90C3006D129681D2944D811
:10AB3C00264ACA40D60740D50022D9046260226951
:10AB4C00226004D5421C01D12B6803B96065616B8E
:10AB5C002F60C1B104F14403994202D02846FFF79B
:10AB6C003BFB002363630EE00123216A2846B047B8
:10AB7C000246501CC7D12B68002BC4D01D2B01D012
:10AB8C00162B18D12F6000201CE00F69002FFAD073
:10AB9C0093070E680F600CBF4B690023F61B8B608C
:10ABAC00002EF0DD33463A46216A2846D4F828C0F8
:10ABBC00E047002807DCB4F90C3043F040034FF0B9
:10ABCC00FF30A381F8BD0744361AE9E701004020A5
:10ABDC0038B50B6905460C4613B90025284638BD17
:10ABEC0018B1036A0BB900F0A9F8B4F90C30002BBA
:10ABFC00F3D0626ED00704D4990502D4A06DFFF790
:10AC0C00CEFA28462146FFF767FF636E0546DA0742
:10AC1C00E4D4A3899B05E1D4A06DFFF7C1FADDE76D
:10AC2C00002310B504468360818119464366C281B6
:10AC3C0008228361C0E90033C0E904335C30FFF7BC
:10AC4C001AFA0D4B246263620C4BA3620C4BE36249
:10AC5C000C4B23630C4B9C4206D003F168029442CC
:10AC6C0002D0D0339C4205D104F15800BDE810400D
:10AC7C00FFF794BA10BD00BFD7AE0010F9AE0010AC
:10AC8C0031AF001057AF00106C010220024A03498B
:10AC9C00034800F06BB800BF14F30120DDAB0010CB
:10ACAC00C8F2012041680C4B994210B5044601D002
:10ACBC00FFF78EFFA168094B994202D02046FFF79F
:10ACCC0087FFE168064B994204D02046BDE810404E
:10ACDC00FFF77EBF10BD00BF6C010220D401022023
:10ACEC003C0202200C4B04210C4A0D4810B51A6092
:10ACFC000022FFF795FF0A4B012209211C4603F1A4
:10AD0C006800FFF78DFF022204F1D0001221BDE88C
:10AD1C001040FFF785BF00BFA402022099AC0010C1
:10AD2C006C0102200148FFF73ABA00BF690102200A
:10AD3C000148FFF735BA00BF6901022010B504467F
:10AD4C00FFF7F0FF236A1BB1BDE81040FFF7F0BF1F
:10AD5C00044B2362044B1B68002BF5D1FFF7C2FF99
:10AD6C00F2E700BFB1AC0010A40202202DE9F843B9
:10AD7C000746884614460026D4E90195B9F1010925
:10AD8C0005D52468002CF7D13046BDE8F883AB8993
:10AD9C00012B07D9B5F90E30013303D029463846BB
:10ADAC00C04706436835E9E770B50C46B1F90E109B
:10ADBC0096B0154600291E460ADAA18911F08001C9
:10ADCC0013D14FF48062002031602A6016B070BD40
:10ADDC006A4600F0CFF80028EFDB019901F47041CE
:10ADEC00A1F5005359425941EBE700214022EAE713
:10ADFC008B8973B59E0705460C4607D504F14703AE
:10AE0C00236023610123636102B070BD01AB6A460C
:10AE1C00FFF7CAFF009E28463146FEF7F3FEB4F951
:10AE2C000C3038B99A05EFD423F0030343F0020336
:10AE3C00A381E3E743F080032060A381019BC4E975
:10AE4C000406002BE0D0B4F90E10284600F0A4F84C
:10AE5C000028D9D0A38923F0030343F00103A38175
:10AE6C00D2E770B50D461446064618B1036A0BB905
:10AE7C00FFF764FF636ED80705D4A389990502D444
:10AE8C00A06DFFF78CF9A368013B002BA36005DADA
:10AE9C00A269934212DBEBB20A2B0FD023685A1C27
:10AEAC0022601D70EDB2636EDA0705D4A3899B0591
:10AEBC0002D4A06DFFF774F9284670BD29462246CE
:10AECC003046FFF72DF80546EDE710B50C46B1F905
:10AEDC000E1000F083F80028ABBF636DA3891B181C
:10AEEC0023F48053ACBF6365A38110BD2DE9F04101
:10AEFC001F468B8905460C46DB05164605D50223F5
:10AF0C000022B1F90E1000F057F8A3893246B4F9BB
:10AF1C000E10284623F48053A3813B46BDE8F04134
:10AF2C0000F06EB810B50C46B1F90E1000F044F8F4
:10AF3C00421CB4F90C3015BF606523F4805343F404
:10AF4C008053A38118BFA38110BDB1F90E1000F07E
:10AF5C0001B8000038B50023054D044608462B60A7
:10AF6C00F8F784FA431C02D12B6803B1236038BD77
:10AF7C00A802022038B50023064D044608461146A7
:10AF8C002B60F8F779FA431C02D12B6803B12360CC
:10AF9C0038BD00BFA802022038B50023054D044679
:10AFAC0008462B60F8F760FA431C02D12B6803B1FA
:10AFBC00236038BDA802022038B50446064D084669
:10AFCC00114600222A601A46F8F754FA431C02D1A3
:10AFDC002B6803B1236038BDA802022038B50446A3
:10AFEC00064D0846114600222A601A46F8F74AFA1E
:10AFFC00431C02D12B6803B1236038BDA802022088
:10B00C0038B50446064D0846114600222A601A46F9
:10B01C00F8F7E6F9431C02D12B6803B1236038BD65
:10B02C00A802022038B50022002304460D46F7F78B
:10B03C00AFFC28B920462946BDE8384000F00AB8D4
:10B04C00204605F1004100F005F8404261EB41015A
:10B05C0038BD00BFD0B500220B4B06460F46F7F7A4
:10B06C0025FAF8F769F80446F7F7A6F90022074B1A
:10B07C00F7F71CFA02460B4630463946F7F75EF8EE
:10B08C00F8F75AF82146D0BD0000F03D0000F04121
:10B09C002DE9F04F8C46099E04460F46002B48D1F3
:10B0AC008A4215465ED9B2FA82F33BB1C3F1200253
:10B0BC009F409D409C4020FA02F217434FEA154EE8
:10B0CC001FFA85FC220CB7FBFEF10EFB117701FB7E
:10B0DC000CF042EA0742904207D9AA1801F1FF3757
:10B0EC0002D2904200F258813946121AA4B2B2FB35
:10B0FC00FEF00EFB102200FB0CFC44EA0244A445BB
:10B10C000BD92C1900F1FF322CBF01270027A445C5
:10B11C0002D9002F00F04381104640EA0140A4EB15
:10B12C000C0400211EB1DC400023C6E90043BDE83D
:10B13C00F08F8B4206D90EB1C6E9000100210846FA
:10B14C00BDE8F08FB3FA83F1002951D16345C0F00B
:10B15C001681824240F213810846002EE7D0C6E9E0
:10B16C000047E4E7002A00F0AF80B2FA82F3002B2C
:10B17C0040F0C2808A1A4FEA154EAFB20121200C62
:10B18C00B2FBFEFC0EFB1C2240EA024207FB0CF059
:10B19C0090420ED9AA180CF1FF382CBF4FF00109C0
:10B1AC004FF00009904203D9B9F1000F00F0F08084
:10B1BC00C446121AA4B2B2FBFEF00EFB102200FB26
:10B1CC0007F744EA0244A7420ED92C1900F1FF32CA
:10B1DC002CBF4FF0010E4FF0000EA74203D9BEF169
:10B1EC00000F00F0D2801046E41B40EA0C4099E7B7
:10B1FC00C1F120058B400CFA01F400FA01F922FA96
:10B20C0005F72CFA05FC8A401F4320FA05F3380C8D
:10B21C0023431FFA87FE1C0CBCFBF0F800FB18CC78
:10B22C0044EA0C4408FB0EFCA4450ED93C1908F169
:10B23C00FF3A2CBF4FF0010B4FF0000BA44503D984
:10B24C00BBF1000F00F0B880D046A4EB0C041FFA41
:10B25C0083FCB4FBF0F300FB134403FB0EFE4CEA3F
:10B26C000444A6450ED93C1903F1FF302CBF4FF016
:10B27C00010C4FF0000CA64503D9BCF1000F00F0F7
:10B28C009F80034643EA0840A4EB0E04A0FB02ECAB
:10B29C0064457346E04602D307D1F14505D2BEEBB7
:10B2AC0002036CEB070C0138E0465EB1B9EB03020C
:10B2BC0064EB080404FA05F522FA01F3CC401D43B3
:10B2CC00C6E90054002132E742082F464B08AC4631
:10B2DC0042EAC172AE46C407110C92B241EA034174
:10B2EC0042EA0142B1FBF5F1B3FBF5F01F23A2EBEF
:10B2FC000C0241EA004142E79D40C3F12002994013
:10B30C009C402CFA02FC4FEA154E20FA02F2AFB226
:10B31C00BCFBFEF80A430EFB18CC110C41EA0C41A5
:10B32C0008FB07FC8C4550D9691808F1FF302CBF7D
:10B33C004FF001094FF000098C4502D9B9F1000F0B
:10B34C0030D0A1EB0C01B1FBFEF808FB07FC0EFBA7
:10B35C00181192B242EA0142624534D2AA1808F19D
:10B36C00FF312CBF4FF001094FF000096245BED2EE
:10B37C00B9F1000FBBD1A8F102012A44B7E7841A36
:10B38C006CEB030201201746E7E62C4402382BE74E
:10B39C00ACF1020C2A440CE702392A44A5E62C44F1
:10B3AC000238BAE6A5EB0C0CA8F102006144B1FB23
:10B3BC00FEF808FB07FCCAE7A8F102083C4444E786
:10B3CC00023B3C445EE7414691E7A1EB0C01404651
:10B3DC00B1FBFEF808FB07FCB9E700BF054A0346C2
:10B3EC00106810B1034413607047034803441360A2
:10B3FC00704700BFAC020220B0020220FEE700BF83
:10B40C00000000005FF800F0B1AB00005FF800F046
:10B41C00158100005FF800F069AE00005FF800F0E5
:10B42C00215C00005FF800F059AE00005FF800F0FE
:10B43C003D0200005FF800F07DDF00005FF800F0D7
:10B44C000D8700005FF800F0819A00005FF800F0B3
:10B45C0091A100005FF800F0655900005FF800F062
:10B46C001D8200005FF800F079C100005FF800F069
:10B47C00A9AD00005FF800F0714700005FF800F024
:10B48C00198500005FF800F0295D00005FF800F0FE
:10B49C00C58200005FF800F0598000005FF800F0F2
:10B4AC00D17A00005FF800F02DA300005FF800F0E7
:10B4BC005DA300005FF800F0857A00005FF800F0F3
:10B4CC00019B00005FF800F07DAD00005FF800F01C
:10B4DC009D9800005FF800F0358100005FF800F0E7
:10B4EC007D9C00005FF800F031F800005FF800F080
:10B4FC009D9C00005FF800F065DE00005FF800F036
:10B50C00719600005FF800F07D7900005FF800F0A4
:10B51C00FDAD00005FF800F011C300005FF800F013
:10B52C0011A200005FF800F0F19600005FF800F047
:10B53C00B9C300005FF800F0814700005FF800F02D
:10B54C00AD8000005FF800F0219800005FF800F07B
:04B55C00F99700005B
:10B560004E4D495F48616E646C65723A20253038F3
:10B57000582C20253038582C20253038580A000007
:10B580005B486172644661756C745F48616E646C9F
:10B5900065725D43757272656E74206D73703A20CA
:10B5A0003078253038580A004F636375726564201F
:10B5B000696E207461736B2E000000004F63637529
:10B5C00072656420696E20696E746572727570743C
:10B5D0002E0000005573696E67207533325073700A
:10B5E0002E0000005573696E67207533324D7370FD
:10B5F0002E000000537461636B206672616D653AC2
:10B6000000000000523020203A2030782530385891
:10B610000A000000523120203A2030782530385876
:10B620000A000000523220203A2030782530385865
:10B630000A000000523320203A2030782530385854
:10B640000A000000523132203A2030782530385834
:10B650000A0000004C5220203A203078253038581B
:10B660000A000000504320203A2030782530385816
:10B670000A000000785053523A203078253038586C
:10B680000A000000566563746F72204661756C7421
:10B690000D0000004465627567204576656E742074
:10B6A0004661756C740D0000436F6E666967757254
:10B6B00061626C65204661756C740D004D656D4D61
:10B6C000616E616765204661756C740D0000000055
:10B6D0005B4941434356494F4C5D54686520707245
:10B6E0006F636573736F7220617474656D707465D8
:10B6F0006420616E20696E737472756374696F6E15
:10B700002066657463682066726F6D2061206C6FBF
:10B71000636174696F6E207468617420646F65730F
:10B72000206E6F74207065726D6974206578656332
:10B730007574696F6E2C205043203A203078253084
:10B7400038780D0A000000005B4441434356494FDE
:10B750004C5D205468652070726F636573736F72FF
:10B7600020617474656D707465642061206C6F6114
:10B7700064206F722073746F726520617420612081
:10B780006C6F636174696F6E207468617420646F9C
:10B790006573206E6F74207065726D6974207468B3
:10B7A00065206F7065726174696F6E2C2050432044
:10B7B0003A203078253038780D0A00004154203A7C
:10B7C0003078253038780D0A000000005B4D554E6A
:10B7D00053544B4552525D556E737461636B2066D2
:10B7E0006F7220616E20657863657074696F6E207A
:10B7F00072657475726E206861732063617573651C
:10B8000064206F6E65206F72206D6F7265206163BA
:10B81000636573732076696F6C6174696F6E730D05
:10B82000000000005B4D53544B4552525D53746110
:10B83000636B696E6720666F7220616E2065786346
:10B84000657074696F6E20656E74727920686173BB
:10B8500020636175736564206F6E65206F72206D63
:10B860006F7265206163636573732076696F6C61C5
:10B8700074696F6E730D00005B4D4C53504552520E
:10B880005D41204D656D4D616E6167652066617536
:10B890006C74206F6363757272656420647572697D
:10B8A0006E6720666C6F6174696E672D706F696E6C
:10B8B00074206C617A79207374617465207072658C
:10B8C000736572766174696F6E0D00004275732046
:10B8D0004661756C740D00005B49425553455252E8
:10B8E0005D696E737472756374696F6E20627573CF
:10B8F000206572726F7220686173206F6363757266
:10B900007265640D000000005B5052454349534589
:10B9100052525D2064617461206275732065727299
:10B920006F7220686173206F636375727265642C37
:10B93000205043203A203078253038780D0A000016
:10B940005B494D5052454349534552525D496D70D4
:10B950007265636973652064617461206163636506
:10B960007373206572726F7220686173206F6363F6
:10B9700075727265640D00005B554E53544B455211
:10B98000525D556E737461636B20666F7220616ED9
:10B9900020657863657074696F6E20726574757266
:10B9A0006E2068617320636175736564206F6E65D6
:10B9B000206F72206D6F7265204275734661756CE1
:10B9C00074730D005B53544B4552525D5374616365
:10B9D0006B696E6720666F7220616E2065786365A3
:10B9E0007074696F6E20656E74727920686173205F
:10B9F000636175736564206F6E65206F72206D6F73
:10BA00007265204275734661756C74730D00000099
:10BA10005B4C53504552525D412062757320666104
:10BA2000756C74206F6363757272656420647572DF
:10BA3000696E6720666C6F6174696E672D706F69DF
:10BA40006E74206C617A79207374617465207072F1
:10BA500065736572766174696F6E0D005573616709
:10BA600065204661756C740D000000005B554E4406
:10BA70004546494E5354525D616E20756E6465664D
:10BA8000696E656420696E737472756374696F6E34
:10BA9000206572726F7220686173206F63637572C4
:10BAA0007265640D000000005B494E5653544154CA
:10BAB000455D20616E20455053522E54206F7220F8
:10BAC000455053522E49542076616C6964697479EB
:10BAD000206572726F7220686173206F6363757284
:10BAE0007265640D000000005B494E5650435D6175
:10BAF0006E20696E74656772697479206368656326
:10BB00006B206572726F7220686173206F6363755A
:10BB1000727265640D0000005B4E4F43505D612002
:10BB2000636F70726F636573736F722064697361A2
:10BB3000626C6564206F72206E6F74207072657322
:10BB4000656E74206572726F7220686173206F6316
:10BB50006375727265640D005B53544B4F465D61B3
:10BB600020737461636B206F766572666C6F7720EB
:10BB70006572726F7220686173206F636375727291
:10BB800065640D005B554E414C49474E45445D612F
:10BB90006E20756E616C69676E65642061636365B4
:10BBA0007373206572726F7220686173206F6363B4
:10BBB00075727265640D00005B44495642595A45DE
:10BBC000524F5D616E20696E7465676572206469AD
:10BBD000766973696F6E206279207A65726F20656D
:10BBE00072726F7220686173206F63637572726521
:10BBF000640D00004D50205379735469636B2069C4
:10BC00006E697469616C697A6174696F6E206661CE
:10BC1000696C65640D00000070747200766F696471
:10BC2000207B616E6F6E796D6F75737D3A3A6569D1
:10BC30005F616C69676E65645F6672656528766FC3
:10BC400069642A2900000000433A2F557365727316
:10BC50002F636F726E392F417070446174612F4C85
:10BC60006F63616C2F41726D2F5061636B732F4551
:10BC7000646765496D70756C73652F45492D534434
:10BC80004B2F312E39352E31332F65646765696D41
:10BC900070756C73652F656467652D696D70756C63
:10BCA00073652D73646B2F636C617373696669656B
:10BCB000722F65695F616C69676E65645F6D616C49
:10BCC0006C6F632E680000004552523A2043616E4B
:10BCD0006E6F742068616E646C6520696E70757437
:10BCE000207479706520282564290A004552523A4B
:10BCF00020696E7075742074656E736F7220686150
:10BD0000732073697A652025642062797465732CC9
:10BD10002062757420696E707574206D617472692B
:10BD20007820686173206861732073697A652025C3
:10BD3000642062797465730A000000004552523A2B
:10BD4000206F75747075742074656E736F722068DF
:10BD500061732073697A652025642C2062757420D4
:10BD6000696E707574206D61747269782068617392
:10BD7000206861732073697A652025640A000000D9
:10BD80004552523A2043616E6E6F742068616E6452
:10BD90006C65206F757470757420747970652028D7
:10BDA0002564290A000000006D65616E733A200069
:10BDB000617869733A2025690A0000002566200031
:10BDC0004661696C656420746F20696E697469618D
:10BDD0006C697A6520746865206D6F64656C2028D5
:10BDE0006572726F7220636F6465202564290A0092
:10BDF0004552520025733A200000000041524D2068
:10BE0000434D534953204572726F723A20256400A6
:10BE10002D000000696E76616C6964002573256CE5
:10BE2000752E2530336C750028616C69676E20268D
:10BE30002028616C69676E202D20312929203D3D25
:10BE400020300000766F69642A207B616E6F6E7906
:10BE50006D6F75737D3A3A65695F616C69676E6590
:10BE6000645F63616C6C6F632873697A655F742CBF
:10BE70002073697A655F7429000000004772617958
:10BE80007363616C650000004552523A2046616957
:10BE90006C656420746F2072756E2044535020705E
:10BEA000726F6365737320282564290A00000000FF
:10BEB000466561747572657320282564206D732E44
:10BEC000293A20004552523A204F7574206F66205F
:10BED0006D656D6F72792C2063616E277420616CC3
:10BEE0006C6F636174652066656174757265730A51
:10BEF000000000004552523A204F7574206F6620B2
:10BF00006D656D6F72792C2063616E277420616C92
:10BF10006C6F63617465206D61747269785F7074B1
:10BF200072735B256C755D0A000000004552523A41
:10BF300020576F756C64207772697465206F757413
:10BF400073696465206665617475726520627566E3
:10BF50006665720A00000000494E464F000000006E
:10BF6000496D70756C7365206D61696E7461696E81
:10BF7000732073746174652E2043616C6C2072753C
:10BF80006E5F636C61737369666965725F696E6920
:10BF900074282920746F207265736574207374612E
:10BFA00074652028652E672E20696620646174619F
:10BFB0002073747265616D20697320696E74657297
:10BFC0007275707465642E290A0000004552523A59
:10BFD000204661696C656420746F2072756E204420
:10BFE000617461204E6F726D616C697A6174696F02
:10BFF0006E2070726F6365737320282564290A00B0
:10C0000052756E6E696E6720696D70756C73652E02
:10C010002E2E0A004552523A2064617461206E6FE0
:10C02000726D616C697A6174696F6E3A20696E70C5
:10C030007574206D617472697820696E76616C69BF
:10C0400064206E756D206F6620726F77732C20658B
:10C05000787065637465643A202831292C20676FF5
:10C060007420282564290A004552523A20646174DC
:10C0700061206E6F726D616C697A6174696F6E3A7E
:10C0800020696E707574206D6174726978207369AF
:10C090007A652C2065787065637465642028256C4A
:10C0A00064292C20676F7420282564290A00000069
:10C0B0004552523A2064617461206E6F726D616CFA
:10C0C000697A6174696F6E3A206D65616E2073697B
:10C0D0007A65206D69736D617463682C2065787072
:10C0E000656374656420282564292C20676F74209B
:10C0F000282564290A0000004552523A20646174E0
:10C1000061206E6F726D616C697A6174696F6E3AED
:10C11000207363616C652073697A65206D69736D46
:10C12000617463682C206578706563746564202889
:10C130002564292C20676F7420282564290A0000B3
:10C140006561726C79000000656E64004C534D3679
:10C15000445333204649464F20696E697420666116
:10C16000696C65643A2025640D0A000070696E7080
:10C170006F6E207635207377696E67207231303AA2
:10C1800020726561726D2D69646C652072616973DE
:10C19000656420746F20322077696E646F77730D49
:10C1A0000A0000004649464F20313034487A202D9D
:10C1B0003E206D6F64656C20696E74657276616C8B
:10C1C00020256C752075733B206D696E20686F703B
:10C1D0002025752073616D706C65733B2053444B53
:10C1E000205374616E646172645363616C65720D97
:10C1F0000A00000072756E5F636C61737369666933
:10C200006572206661696C65643A2025640D0A00D8
:10C210005357494E4720282573293A202573206219
:10C22000703D256C75206576656E745F6D733D2578
:10C230006C752077696E646F775F6167655F6D739A
:10C240003D256C7520696E6665725F6D733D257561
:10C250000D0A0000545241434520773D256C75205E
:10C2600073746174653D256C75206576656E745FC9
:10C270006D733D256C7520696E6665725F6D733DEB
:10C280002575206669666F3D256C752062703A00E1
:10C290002025733D2575000052415720286C61749C
:10C2A000657374204649464F293A2041583D25641C
:10C2B0002041593D256420415A3D25642047583D81
:10C2C00025642047593D256420475A3D25640D0AC1
:10C2D00000000000454920494E5055542028726501
:10C2E00073616D706C656420672C647073293A000B
:10C2F0002025733D000000002573256C752E253028
:10C30000366C7500494D55206572726F723D25641B
:10C31000204649464F20776F7264733D256C752027
:10C320007061747465726E3D256C7520666C616712
:10C33000733D30782530326C583B207265737461E0
:10C3400072743D256C752073616D706C65733D254D
:10C350006C750D0A000000004552524F523A206998
:10C360006E636F6D70617469626C65206D6F64657A
:10C370006C20696E707574206D65746164617461A0
:10C380000D0A0000424300004250000042530000EA
:10C390004643000046500000465300004E4F4E45B5
:10C3A000000000004158000041590000415A0000BF
:10C3B0004758000047590000475A00004153415375
:10C3C0000000000070696E706F6E0000496D70753E
:10C3D0006C736520233100004178202B20417920A7
:10C3E0002B20417A202B204778202B204779202BA7
:10C3F00020477A00253032582000000072782064EF
:10C400006F6E6500747820646F6E65004C534D3616
:10C4100044533320436F6E6E656374204661696CCC
:10C4200065642E2057484F5F414D5F493D30782568
:10C430003032580D0A0000004C534D36445333201F
:10C44000696E697469616C697A6174696F6E20776D
:10C4500072697465206661696C65643A203078257C
:10C460003032580D0A0000004C534D3644533320EF
:10C47000636F6E66696775726174696F6E2072654D
:10C4800061646261636B206661696C65642E0D0096
:10C490004C534D364453333A20313034487A2C20B3
:10C4A000416363202B2F2D3136672028302E30300A
:10C4B00030343838672F4C5342292C204779726F1B
:10C4C000202B2F2D323030306470732028302E30E6
:10C4D00037306470732F4C5342290D004354524C33
:10C4E000315F584C3D30783434204354524C325FE5
:10C4F000473D30783443204354524C335F433D3002
:10C500007834343B2041782C41792C417A2C47787F
:10C510002C47792C477A0D00556E6B6E6F776E2025
:10C5200074797065000000004E4F5459504500006A
:10C53000464C4F4154333200494E543332000000D0
:10C5400055494E5438000000494E5436340000001E
:10C55000535452494E470000424F4F4C00000000D8
:10C56000494E543136000000434F4D504C4558362B
:10C5700034000000494E543800000000464C4F4142
:10C5800054313600464C4F4154363400434F4D50E1
:10C590004C4558313238000055494E54363400006D
:10C5A0005245534F555243450000000056415249F1
:10C5B000414E540055494E543332000055494E54B3
:10C5C00031360000494E543400000000433A2F55E4
:10C5D000736572732F636F726E392F41707044618F
:10C5E00074612F4C6F63616C2F41726D2F506163CA
:10C5F0006B732F45646765496D70756C73652F4566
:10C60000492D53444B2F312E39352E31332F65644C
:10C610006765696D70756C73652F656467652D69F5
:10C620006D70756C73652D73646B2F74656E736FAD
:10C6300072666C6F772F6C6974652F6B65726E65AF
:10C640006C732F6B65726E656C5F7574696C5F6C73
:10C650006974652E6370700025733A256420257314
:10C6600020776173206E6F7420747275652E0000E0
:10C670007363616C655F64696666202F206F7574F3
:10C680007075745F7363616C65203C3D20302E30A3
:10C6900032000000696E7075745F70726F6475634C
:10C6A000745F7363616C65203E3D203000000000C4
:10C6B00066616C73650000006E6F5F696E7465671C
:10C6C00065725F6F766572666C6F775F66726F6DAD
:10C6D0005F7175616E74697A6174696F6E000000D4
:10C6E000433A2F55736572732F636F726E392F4102
:10C6F0007070446174612F4C6F63616C2F41726D77
:10C700002F5061636B732F45646765496D70756C5D
:10C7100073652F45492D53444B2F312E39352E311A
:10C72000332F65646765696D70756C73652F65641B
:10C7300067652D696D70756C73652D73646B2F74EF
:10C74000656E736F72666C6F772F6C6974652F6D91
:10C750006963726F2F6B65726E656C732F66756C93
:10C760006C795F636F6E6E65637465642E63707061
:10C770000000000025733A256420257320213D2008
:10C7800025732028256420213D20256429000000F0
:10C7900041524D5F434D5349535F4E4E5F53554396
:10C7A000434553530000000061726D5F66756C6C09
:10C7B000795F636F6E6E65637465645F733828209C
:10C7C000266374782C202666635F706172616D73D6
:10C7D0002C20267175616E745F706172616D732CAF
:10C7E0002026696E7075745F64696D732C207466A1
:10C7F0006C6974653A3A6D6963726F3A3A47657469
:10C8000054656E736F72446174613C696E74385F15
:10C81000743E28696E707574292C202666696C74C4
:10C8200065725F64696D732C2074666C6974653A17
:10C830003A6D6963726F3A3A47657454656E736F07
:10C8400072446174613C696E74385F743E28666935
:10C850006C746572292C2026626961735F64696D4E
:10C86000732C20626961735F646174612C20266F90
:10C8700075747075745F64696D732C2074666C696F
:10C8800074653A3A6D6963726F3A3A4765745465F4
:10C890006E736F72446174613C696E74385F743E8C
:10C8A000286F75747075742929000000696E7075A1
:10C8B0007420213D206E756C6C7074720000000055
:10C8C00066696C74657220213D206E756C6C7074A5
:10C8D000720000006F757470757420213D206E75B4
:10C8E0006C6C70747200000025733A256420257307
:10C8F00020213D2025732028257320213D202573EC
:10C90000290000006F75747075742D3E7479706520
:10C9100000000000696E7075742D3E7479706500BA
:10C92000433A2F55736572732F636F726E392F41BF
:10C930007070446174612F4C6F63616C2F41726D34
:10C940002F5061636B732F45646765496D70756C1B
:10C9500073652F45492D53444B2F312E39352E31D8
:10C96000332F65646765696D70756C73652F6564D9
:10C9700067652D696D70756C73652D73646B2F74AD
:10C98000656E736F72666C6F772F6C6974652F6D4F
:10C990006963726F2F6B65726E656C732F736F6650
:10C9A000746D61782E637070000000004E756D49E3
:10C9B0006E70757473286E6F646529004E756D4FC7
:10C9C000757470757473286E6F64652900000000BB
:10C9D0004E756D44696D656E73696F6E7328696E0F
:10C9E00070757429203E3D20310000006E6F646533
:10C9F0002D3E757365725F6461746120213D206E08
:10CA0000756C6C7074720000547970652025732009
:10CA100028256429206E6F7420737570706F72748E
:10CA200065642E00433A2F55736572732F636F72DE
:10CA30006E392F417070446174612F4C6F63616C6B
:10CA40002F41726D2F5061636B732F456467654989
:10CA50006D70756C73652F45492D53444B2F312EE6
:10CA600039352E31332F65646765696D70756C7368
:10CA7000652F656467652D696D70756C73652D73C1
:10CA8000646B2F74656E736F72666C6F772F6C6951
:10CA900074652F6D6963726F2F6B65726E656C7351
:10CAA0002F736F66746D61785F636F6D6D6F6E2E3F
:10CAB000637070002D333237363800006F75747034
:10CAC00075742D3E706172616D732E7A65726F5F41
:10CAD000706F696E7400000025733A256420257319
:10CAE000206E6F74206E6561722025732028256684
:10CAF00020213D2025662900312E66202F20363545
:10CB0000353336006F75747075742D3E70617261C7
:10CB10006D732E7363616C65000000006B54664C8E
:10CB2000697465496E7438002D3132380000000098
:10CB30006F75747075742D3E706172616D732E73B4
:10CB400063616C65203D3D20312E66202F203235FB
:10CB5000360000004552523A2047657454656E73A2
:10CB60006F722063616C6C6564206265796F6E64BE
:10CB7000204D41585F54464C5F4556414C5F434FF2
:10CB8000554E5420282564290A0000004552523A87
:10CB90002047657454656E736F722063616C6C65B9
:10CBA00064206265796F6E64204D41585F54464C35
:10CBB0005F54454E534F525F434F554E54202825E6
:10CBC00064290A004552523A204661696C65642026
:10CBD000746F20616C6C6F63617465207065727333
:10CBE000697374656E7420627566666572206F661F
:10CBF0002073697A652025642C20646F6573206E2C
:10CC00006F742066697420696E2074656E736F722C
:10CC1000206172656E6120616E6420726561636877
:10CC200065642045495F4D41585F4F564552464C1B
:10CC30004F575F4255464645525F434F554E540A43
:10CC4000000000004552523A204661696C6564203C
:10CC5000746F20616C6C6F636174652070657273B2
:10CC6000697374656E7420627566666572206F669E
:10CC70002073697A652025640A0000004552523A03
:10CC8000204661696C656420746F20616C6C6F6311
:10CC9000617465207363726174636820627566668F
:10CCA0006572206F662073697A652025642C207276
:10CCB0006561636865642045495F4D41585F534332
:10CCC00052415443485F4255464645525F434F5593
:10CCD0004E540A004552523A204661696C65642000
:10CCE000746F20616C6C6F63617465207363726133
:10CCF00074636820627566666572206F662073696A
:10CD00007A652025640A00004552523A206661691E
:10CD10006C656420746F20616C6C6F636174652056
:10CD200074656E736F72206172656E610A00000037
:10CD30004552523A2074656E736F72206172656E4F
:10CD40006120697320746F6F20736D616C6C2C208F
:10CD5000646F6573206E6F7420666974206D6F64F4
:10CD6000656C202D206576656E20776974686F7517
:10CD7000742073637261746368206275666665729D
:10CD8000730A000084C3001088C300108CC3001015
:10CD900090C3001094C3001098C300109CC30010EF
:10CDA000A4C30010A8C30010ACC30010B0C300108F
:10CDB000B4C30010B8C3001003000000010000005D
:10CDC0000000000000000000493F001000000000CB
:10CDD00074F001200300000003000000B9480010B7
:10CDE0007CF0012000000000F0CD001001000000E8
:10CDF0000400000000000000010000006991001024
:10CE0000119400107D94001045930010A993001018
:10CE10002CFD973EE594CB3E39C6DF3E0E338F4561
:10CE200067AB4745E68A04469146983E2F49CD3E7A
:10CE3000E12EF93E9CFE9245D9C83D456CAC0A46B0
:10CE400046479D3EB124D33EAACC043F85C48A45C3
:10CE5000DF584845924213466AF9A23ED428DB3E89
:10CE6000680EF43EE48C85451D4D53459D8C1D4652
:10CE7000492DA83EC01EE33E5366EA3E57FB874558
:10CE8000849257453F602B4647F8AE3EFE90EA3EFF
:10CE9000C668E63E41008F4533E15745A6B03A46A5
:10CEA00021E9B43ED4D5F03EEC97E63ED6EA95456E
:10CEB0002B04694564394A46EABCC13EE97DFB3E24
:10CEC00063F3E33EA7C5A045FA8A7A4575005B4641
:10CED0000A1BC33E5567FD3EBA0ADE3E80FDB045E3
:10CEE00078DA8A4555536D46362AC33E2EC1FE3E3A
:10CEF0002195D83E9FFFC7453E9A9745EA2D81462A
:10CF0000014CC43E86AF003F4FE1D13E90B4E645B0
:10CF1000E8FF9645772F8C46A04EC73E0188003F1C
:10CF20009298D53E416805462F208F451D559A465B
:10CF3000BD98B53ED58D033F9B97D53EA5CE2446E3
:10CF400057158B45F3E8A346F807BA3ECDE9183FDD
:10CF50003A54DD3E9F6C4546FC2A9245B94BA846A3
:10CF600063D7C53E9556113F9782E13E050079464D
:10CF70009EC08945E81DAD461CD4D23ED18F143FDA
:10CF800055D7E83EB44F8E4639C68F4515F6B046A4
:10CF90000000E83E0AA5193F13B2EE3E0B929A46F6
:10CFA000D41BAB45EF73B9464F02033F1A79203FBC
:10CFB0001F65F23E4F6EA546E453D24574EDCD4653
:10CFC00024B7083FEF2C2D3FC77AF13EB914AE4687
:10CFD0002630E845A007D7467DFB0E3F2421333F8E
:10CFE0001FFEEA3E04E5C14619F7E24507FEDA46B0
:10CFF000EB04153FDBAD2E3FB1D5EA3E8630D1467E
:10D00000B2ECC145304BDF462EAC183F50C92F3F24
:10D010001C78E33E94BDDC46617DA04576DEE746A4
:10D02000650F123F7CF7293FC3D9DF3EBABDDA4610
:10D0300098719A45DD78F3460A040A3FC0061A3F04
:10D040008C04E93E1B4CD346DDD09D45892C03471B
:10D050008EFA123F1FB3163F36B5F53E3C3CC7462D
:10D06000F5AD8F45FEE41647FC5A233FA98A193FC8
:10D0700065E7F43EF09ECA46CFDDA445C7D52E47EE
:10D08000483D283F9ED81E3FCC50FE3E4FB5CF4670
:10D090002007EC45F39450473DEA2C3F5420263FAF
:10D0A0005177073FD466D14626831F46599C6C476B
:10D0B000750E373F8B472F3F1617133FCCF3D246E1
:10D0C0002EE24F467ADF8847DBBA463FA05F3A3F01
:10D0D000DDEB1B3F995FCE46B10168462544A04772
:10D0E0006409613FD7E0433F19AB1E3F0793D14628
:10D0F00095B45D46E775BA47968B763F7DC0493F4C
:10D1000066F10E3F3F96D2463D1659465828D647FF
:10D11000740B723F60BF4F3F6CF7103FF584D846E9
:10D1200030796E46DF0DEC474863783F295D563F06
:10D13000C34C123F0C44E446943275463CA7FB476F
:10D140006578793F4D79523F0910153FA1F00147AD
:10D15000D94C5F46B339044801786F3F6CE2453FD4
:10D16000BF821D3F0DE30C47FA0F514673FC09487F
:10D1700041366F3F17E66A3F15542F3F0F3A144769
:10D18000C4E57346C91C104800D5833FB8D1583F49
:10D19000130D2E3F35F2244715A98446B9191448BA
:10D1A000316A8E3FA9B4463FD9BF3B3F2EC93747AE
:10D1B000E3FE904685FD1B48C2F08F3F1DAD523FF8
:10D1C0009398533F4AB24747E77AB546B442264858
:10D1D0000B9E933F7C1B5E3F0AFE5D3F1C8D6447A8
:10D1E000B2F8C94608E532485DB6A33F78C3723F3E
:10D1F00048C96B3F06DB7E473AF8DA46B7AC43488E
:10D20000E934A63FD180723FF2DC783F2D968E47FD
:10D210007425DC46B0E653480EB8B53F7A257C3F0E
:10D22000651C893FEA9B9647A567DD468DD35E481E
:10D23000515AB43F401C803F1789803FDDD99C473D
:10D240006261D346AA8A6448E7EBB63F2EFD6B3F86
:10D25000AF055A3F663B9C479304CD46A73B5F48CA
:10D26000D112B63F8AFB763FE2E4543F75709B478C
:10D27000C164CF466EB75548C1D1C23FD088743F14
:10D28000A6DC5E3F6D069747C641D34669574F48B7
:10D290001782D63FA11E783F04625B3FC4D29947F4
:10D2A000255CD34638A84C48C1C2D33F93D46E3FC7
:10D2B000C9A4493F39EF994768B3DB4691894F4884
:10D2C0003678DD3FE71E723F436C543F6A1B984738
:10D2D000DFD2E2465BD551481850E23FEC917A3FED
:10D2E000BECD573F41C9964722A1E1464322594846
:10D2F0001CFEDD3FEF8E843F84886D3FA64E924733
:10D3000042DDD64619645A48CF8AD93F8DF2853F0F
:10D31000A656733F2A738F47B578C6466C465F485A
:10D320006629E63F1519883FD9F1613F49D38B47FC
:10D33000BCFDC04673175F48A709F73FA166823F4F
:10D34000A0F15B3F09758847F411D446AFBE594838
:10D35000E945F53FDD69823F10FE613F3A4089476C
:10D3600022BBEE465FEA5248F772F73F6BB9873F40
:10D370008BD16C3F8BFB8D47A03CFC46209D4D48DC
:10D38000D1590040E471873F34FA833FB3F79547A2
:10D3900012D7E54635C13D48783C0040570E913FD5
:10D3A000D5EC973F6E25A14739E9D5461A81374814
:10D3B0000CE7FB3FB51E893F255F9C3F0E74AC47D1
:10D3C000DD10C04676A42F48A44CEC3F4E06853FA6
:10D3D0000676903FE72CB247A799AA4616A923489C
:10D3E000B8B0C83F2E69813F5DEA873F389BAD47A3
:10D3F000BE86A046B18119483B69C73F0F887F3F71
:10D400004E3D863F6C9BA6472E1591468CB010482A
:10D41000D12EC03F059C763F96308B3F236B9F47B4
:10D42000CCCB72462E87054862C0B13FA069633FEE
:10D43000558D8E3F87F49A478A6C634697C30048A0
:10D44000F937A53FF26E5A3F9A82953FD89C924792
:10D45000005A8B46F46F0048ED5EA73FA6EC673F8D
:10D460001ACF933FA3E0874715D89446FFC5FE47E0
:10D47000B7B5B33F195F633FE34A6E3F4EF571475F
:10D48000CA869B466756F247F145A53F54B85C3FB4
:10D49000072D423F37205147622B8E46D290E447FA
:10D4A000F66F903F768C403FDFC4373F80023847AD
:10D4B0006F8A7346F906CB474759833F9FF3283F4E
:10D4C000CF5C3C3F89472B477F5D3646F08CAD47AC
:10D4D000FBD9723F4C11193F07EF2C3F63771C4774
:10D4E000E09627462F8094473601483F25250D3F7B
:10D4F0009710203F7E440F47AF5638468AC8724780
:10D50000937B3A3F4DEC0B3FEB3D1D3FC5A00347DE
:10D5100076FC234661355C47F9DD353FBE8D063F1D
:10D5200056FC203FD8F2EF469E61F74584E84E470F
:10D530000D69313FC5FBFC3EC176043F96DED34604
:10D5400026B9D545177B3D47B0852E3F0F6FEE3E80
:10D55000DFCFE43EB79EAC46D22BDF455AE72447E7
:10D5600022E1463FAA1DDB3E7A38D33EB0BD81465C
:10D570006A1CE54561C718478473483F357ED33E32
:10D580007800DB3EAA073D46606FE545602B094702
:10D59000E30F493F07A3DF3E894DDC3E89E3214687
:10D5A000B896D74529700747323C283FE6C5B53EB7
:10D5B000378CE73EB83B0E464D66CA454AD3DD463A
:10D5C00045C61C3F870BA33E2D0CFA3E04B00A460D
:10D5D0001FE3A145C7D89B462729113F074D9A3E17
:10D5E0007457003F309C11464E754E45A43F794616
:10D5F00076A2023FC5AC8E3E5C5AFA3E25771646AF
:10D6000097AE4345B46A624653C9EC3EB5818C3E41
:10D610007F41EC3EEE8E2046204261452D595F460B
:10D62000BAD3E73E0FDC8D3EC414083FA0CB2246A0
:10D6300018D28745714A7846BFF1E83E9E598C3E24
:10D64000D05ED93EAEEC2346BB9593453BB07F46BA
:10D65000D7E7E83E3F61893E9288D43E609D2546EB
:10D660003F559145F0D58246F1BCE63E8BEE8C3EAF
:10D67000D08DD33EE98A21464C6B5245C96386461C
:10D680005DE4D23EC2A0843EA6B9C33E6BCD164631
:10D6900009F833459D758146295D623EDDE9573EB7
:10D6A0009C06943E77B3C845757A9D448E61544676
:10D6B0002B69C73DC40B093E6F57463E8C1C9645EF
:10D6C000D9F328441AAA2B4525EEEA3F90FDCA3F1C
:10D6D000899DC13F6808723C6DEF903CEAE3313CA4
:10D6E00080B5EA3F6925CA3F8C7AB73F53E36E3C69
:10D6F0006EA9943CD8E92D3C2BF2E63F8E52C73FF1
:10D70000D9B7B13F0ADE753CA1B0903C59C4283C62
:10D71000D6DFE23FABA4C33F5565B93FB69F7A3C25
:10D72000BDE38C3CBC29233C6B56DF3F182FC03F28
:10D73000192DBD3F835F783CA67C8B3C4E711C3C11
:10D7400094F5DA3FE41BBD3FABCEBE3F6233723C83
:10D7500038638B3C8DE3153C8A55D73FA9A1BA3F6E
:10D7600028BBBE3F418C6C3C0D2A863C5204103CC9
:10D770005F15D03F74A2B63F60D5BF3F436C643C99
:10D78000F162813CF5630A3C565ACF3FBFF1B53F89
:10D79000855EC23FB9B4593C9ACA753CCDF0043C91
:10D7A0004752CF3F1576B53FBFCDC43FFECC4C3C72
:10D7B000BF3A6B3C28D4FE3B05B9CE3F5589B43FF8
:10D7C000E2EBC73F51AF3E3CD8B26B3CF39EF43B1B
:10D7D000DA27CD3F14A5B43FBF2CC63F1850313CCB
:10D7E0005D18723CC623E93B52EDD63FB38EB23F83
:10D7F000322DC63FA2871F3C9096753CD339E23B41
:10D800009659D43F309EA53F97AEC23FD0C1113C40
:10D8100004906F3C3842DF3B0DEACD3F0FE1A93F5A
:10D8200068DEC03F66C9013C8EC5763CC620DC3B45
:10D83000A278C73FA506A83FEACEBD3F70C9F23B1C
:10D84000698C713C49B9D93BEB26BE3F2739A53FCE
:10D850005277BB3FCEF5E83B7B6A5D3C45AED43B9F
:10D86000AEEDB23F78ABA13FB207BA3FFD2EE13B30
:10D8700065B5473CB8D4C93B8C27AF3FACA09B3FB4
:10D88000E061BA3F8184DB3B33133E3C5383C53BAD
:10D89000DE45AB3FF604993FF6EFBC3FD9FFCF3BE7
:10D8A000E13F403CC8B7C33B94C4A73FD5F49A3F7F
:10D8B0003800BD3F4A40C83BBBFB4F3CD9D2C13BBF
:10D8C0009ABFA53FB3779A3F5509C03FFAF0C23BD4
:10D8D000AC9F643CAB34BE3B7375A93FFD169D3FC6
:10D8E0001695C13F8AD4C33B460E693C3C9EB93B6A
:10D8F000CF53AE3FB704A53F7FBCBD3FF63FC73B0C
:10D90000688D663CDFD0B23BACEDA83F72D4A63F39
:10D910008DC5B83F5231CD3BCEA0713CDDB8A63BA2
:10D92000B63CA03F5847A53F2113B93F9E78CB3B5B
:10D930009691613C23E39A3BE9E49D3FDF7EA23F61
:10D94000299EB53FC3F6C83BC7853C3C18CE8D3BEE
:10D95000ADBE9B3F2CE59E3FD6F5AF3F5126C83B61
:10D96000EC27223C2B24853B815E973FD7B09A3F22
:10D970004ADDA83FA669C73B040B0E3C3090773BBD
:10D980000A47913F1E04963F3903A43FDF9CC93BE1
:10D99000B474063C7BC8643BAF85883FC754923F54
:10D9A0002D96A23F3411C83B478B093CF31A543BD8
:10D9B000666E823F732F903FEA4BAB3FEC95C73BBF
:10D9C000DEFF0A3C2EEA453B65A3833FE9168E3F06
:10D9D000C818AA3F18D5C43BCC9E043C15833C3BD9
:10D9E00052F2813F28E18B3FE551A93F79B3BF3B1C
:10D9F00009CA023C7493363B12AA813F902A8D3F9C
:10DA000052BEA73FB9A9B33B510D093C811A323B25
:10DA10002A58843F6796913FD92EA33FBB8AAC3BDF
:10DA200058A40D3C9A582E3B586A843F25A0853F48
:10DA30004FAB9A3F3A37A83B2723033C9F992A3B99
:10DA40007E407C3FD3158B3F573C9B3F6E769F3B80
:10DA50008A76FB3B9649283BDBB2723F4E49913FA9
:10DA60002577953F8911973B6D87F03BF0F9233B74
:10DA7000B668713F33198D3F9BCA8C3FEDEC903BEC
:10DA8000FDFED63BBED41E3B2F626E3F676B893FC7
:10DA90008374893FED77873B4ACCCB3BA91E193B6A
:10DAA000C45C623F7771833FB55F853F7E49803BB1
:10DAB00060BAC33B4368123B4BA8603F8683833FF9
:10DAC0008BD2813F6A8D723B4934C33BA6B00C3B7D
:10DAD000CDDA563F73F9803F2A59773F09016C3BF5
:10DAE0000DA6C23B9932093BBAAA573FC4E37F3F18
:10DAF00057777F3FA942673BEE35C73BA778073B87
:10DB0000B525563F0A51853F75B38A3FD4B7673B69
:10DB10003947CA3B9812093B39A5563FD350823F3B
:10DB20008F5C8C3FE74E683BC71DC93B5A170C3BC7
:10DB300052814F3F67F7823FCC2F893FC1AD6B3B8E
:10DB4000D544C73B843A0E3BC4C0453F4B04823F9B
:10DB50002C458A3F7886693B6638C73B86280F3B51
:10DB60001C08473F6A85843F5A39903FE170693B02
:10DB7000ED66C33B54290E3BC59E423F1B9E833F2F
:10DB800063848C3FC9D66A3B3B4FC03BAB610D3BC6
:10DB9000C386403F2661813F81698B3F8BDD6B3BB4
:10DBA0005AD1C03B05FC0A3B0B64423F568F7B3F7A
:10DBB000EAE1843FCF726F3BCB96C53B76950A3B3B
:10DBC0007E5E443F88407A3FB149833F4DD2713BEE
:10DBD0004C96CD3B490F093BEEE83E3F5E44783F13
:10DBE000623F883F88EF743B567CD03BB61D093BB3
:10DBF0001146383FE3A17D3F01188A3FAAF0773BE9
:10DC0000EEE2C63B10CA0A3B75EF383FBD9E7D3F32
:10DC1000B43B883FDF38773BC473BB3BB4040D3B58
:10DC2000D61E383FCD9B783F3615853F5A11733B42
:10DC30005B5DB63B2BD30E3B92C5343F6ADD783F2C
:10DC4000ED1C7C3F1C826C3B1C0BBF3B6DAC143B42
:10DC500040DA343F9D7A703FC7FA6A3F5828643BE8
:10DC60006007C63B312F173B537C363F1457773F35
:10DC7000579D673F128D5C3BBEFCD03BE7871A3B4C
:10DC80000A6A3C3F5F1E7B3F43F9703F0EFB583BE7
:10DC9000E5BEDD3B7516203B8D724C3FC7997E3F3C
:10DCA000066F783F45D15B3B0199E43B2C4C253B0B
:10DCB0002A1A4D3F071E803FD1FA793F2263603B0D
:10DCC000F174F03B6C422A3B74EC503F0D6A823F8A
:10DCD000857E753FFD63653B366F033C8E3B313B74
:10DCE000403D593FA2CE873FF094723FBAAB683BAC
:10DCF000C4CD073C437B343B0154613F05928A3FCE
:10DD0000A8DE6C3FEC326F3B075AF53BFDB5343B68
:10DD1000EFDF5F3FCD7A863F9C3A6E3FEA77783BF4
:10DD20002F66ED3B5E74353B690D583FC7D1873F89
:10DD3000ADAB843F6BA9833B383EE83B580D3A3B83
:10DD40007B4A613FCAD9893FA2F8923FD99E8D3B59
:10DD500071E8F23B44933F3B51FE703F4797933F3E
:10DD60004E13973F00FA963BBB3B033C76444B3B3C
:10DD700030B77C3F9E8F9D3FD138953F967C9C3B32
:10DD8000E1A7173C50DA5B3B606B833FD188A53F2E
:10DD900085BC9B3F08BAA33B39331E3C67AC6D3B47
:10DDA00052D0903F5062AC3F37E0A13F351AAB3BB9
:10DDB00082D7163C1870833BE0F8953F9B22AD3F1D
:10DDC0008B52A33FDA81B23BBEED1F3CC0028A3BBF
:10DDD00003DD973F4E8EB03F8569A13FDAF9BA3B2C
:10DDE0004A25383C9D608E3B4CC2993F6918B63F2E
:10DDF00070F1B13F09FBC63BA41D463CECC7943B08
:10DE0000A9069B3FA991BB3FDD78BF3FD071DC3BAA
:10DE100078E0413CAE7B9F3B0E39913FA6A9C33FC2
:10DE20003849C73FCF46FE3BDE583F3CD8B0A53B04
:10DE300002A7903F5B28C73FB1B6C33F52F5143CE1
:10DE400043363F3C46DDAE3BB86E903FC5ACC13F6C
:10DE50008722C33F1AF6203CBC41453C7CFAAF3BCD
:10DE60006BE59D3F9ED2D63F7056BE3F2DB92B3CF1
:10DE700014954B3CCD76C23BD290A33F3CD3E23FBE
:10DE80004929B73F97E72D3C84A2633C1901E83B41
:10DE9000A2FBA93FE129E93F3CC7B43F70B8293C48
:10DEA00051888E3CD4B8013C462FB33F347AF23FC0
:10DEB000AD0CB73FAEF5263C8F67923C011B083C8A
:10DEC0006838BC3F5157F43F7B6EBC3F7AA0213C81
:10DED0007D74883C8809093C1339BE3F522CF33FBE
:10DEE000EC8FAF3F3483203C3785783CD2F8013C3F
:10DEF00026C4BD3F347AF43F5C72C43F70F51F3CCA
:10DF0000E5686E3CF613003C2FC8BD3F271BF73F6A
:10DF100066ABC63FF1231F3CEC3F703CE835FD3B50
:10DF2000DBABBE3FE5F8F33F0221C73F3A22213C7D
:10DF3000422F8D3C04D7F93BF270C73F6E7EFB3F0A
:10DF40004106CF3FE5C5263C80A9983C8D8DFE3B20
:10DF5000131F08406C600B40ED0DEE3F27714C3CE9
:10DF6000A0CCE63CEE870C3C331A4D406FF12E40BE
:10DF70006F6B114013656C3C838F1D3DA34F9C3C20
:10DF80005B6FBABED8CBD8BDCA2890BC6D01ED403E
:10DF900052451F40498A873D7148BBBE1401CBBD25
:10DFA000966AABBC56ADCB40C97E893F0A30C23FB2
:10DFB0002BCDBABEA397CABD2D7ACABC3E2DAB40AD
:10DFC0005160B03FAD8E69403A91B9BEFDE3D2BD1C
:10DFD0005C829DBCF8AB8940E1575840D03DBC40C5
:10DFE0006260B9BED9D6D7BD73CD0EBC31115740D2
:10DFF000095C89401A15EC404288BCBE7DA2CABDAE
:10E00000645DD0BBCE7C1940FFC282404BBC0E4148
:10E010000222BEBE1771BEBD2F238CBB80E5E63F3A
:10E020009E593C4015061A416FF3C0BE2D9BB2BDF0
:10E03000C494C9B9B5829E3FD555AD3F46AD2C417C
:10E04000C968C7BE944BABBDCCD5F33A91E5313F1F
:10E0500087CFB0BE25FD4541A8BFCCBEFD60ADBD9C
:10E060005D50003B959E423B40B9A3BFC2685C41F6
:10E07000FC59D2BE3A7EA4BDE79D2A3C526160BFE6
:10E08000372818C01E977941182CD3BEACD881BD53
:10E09000E7AAA63C01E49EBFFA5B3EC0E3B78B4112
:10E0A00012D0D3BEB8AF79BD68B1CE3CF34D38C005
:10E0B000358A01C092109D414558DBBE5940A3BD31
:10E0C000819C293D6A0C98C0474AAF3E07C7B941B9
:10E0D000FB2CE2BEF58667BD660F3E3D8D5AE9C05A
:10E0E000BA64DD3F1570D241C3ACE3BE905EC8BCDC
:10E0F000FF6F7A3D0DE709C1D7A340400E74DC41A4
:10E1000023C3E9BE5A76BABBA619833D5E6B16C11E
:10E110000B99AE40FD7CDA4163A3EEBED70FA63C5F
:10E12000A6E87C3D4B871CC17D0A0F4106ADCA4164
:10E130006B4DF0BE8D7A673DED04703D3E972BC16F
:10E14000264C3541C18CC441A20FF1BEBD8DB93DF5
:10E15000A242893D4BBC46C1A74B55419F9FC6413A
:10E16000D5C5F1BE60CAF73D2F3BB13DECDE5CC1C9
:10E17000D8B4664194A5C0414229F6BEE5141E3EBE
:10E18000133CC03D079263C19F2C614157C7BA4100
:10E190009868F5BED0763C3E99DCB03DDF586CC146
:10E1A00031953841122BB241FF2FF5BEC387573E40
:10E1B000D790B93DC29487C1042A1B41D14EAA41D0
:10E1C000345DF6BEBD29783E7A1CD93D9A5B90C17C
:10E1D000BC510F41A6BE9041560AF8BEDA4A933EA2
:10E1E0000990DE3D6BA19FC16E24F94085FD57412A
:10E1F000891200BF7130AB3EC266DA3D460E9EC149
:10E20000FC7D1A41601A1B411E5B02BF5514C43EBF
:10E210008DBEC93D54EC9AC170B92C416BDFD8401A
:10E22000583104BF84E7D73EB02BDB3D5FDD9FC193
:10E2300063942D41E2E44840A7E807BFBEA1EC3E4D
:10E240007745F43D6D139BC16F612E41B6EB42C023
:10E250003ECC0DBFA01EFF3E717BF63D0544A6C11E
:10E2600052DBF2406ED4F5C03F1D16BF4F11073F81
:10E27000BB7BDF3DBD2DB5C1FDA951403EA949C1C4
:10E2800059C121BF8C75103F2E32C43DA4D1C2C1EB
:10E29000BC8399BF571654C117C128BFBBD91C3FB7
:10E2A000AE7CA43D103ED6C179158EC0FDEF69C18C
:10E2B00035CB2DBF6C121F3F8E95843D295CFFC16D
:10E2C000C479AEC0AE8E69C199E72FBF2AE3233F60
:10E2D0009CAE763D559C10C2BEC0F6BDEF466DC1EA
:10E2E000CA682EBF605F343F38937D3D7FF714C20C
:10E2F00006ADF440002398C165EA35BF40AC2A3F23
:10E30000B390CF3C74E326C264A56F41923CB8C180
:10E31000A16441BFCAAB353FCF019C3CC3563EC24E
:10E3200078E1BD417222FBC1BE1B45BFEBD1383F36
:10E33000BAE6743CBA7E4CC27842E74104FE14C28D
:10E34000AFFA4ABF55053A3F52E1253D12C162C2BC
:10E3500060C207426A1D37C26FF854BFD4EB3F3F1B
:10E36000EFA98D3D3E0179C20B901842D81E59C2CB
:10E3700034705DBF19E3433F9ECBBA3D724E83C2FA
:10E38000A3C01C42001681C20FC661BFF6914D3F6B
:10E390001CECC53DAF0484C20B6420426B3798C2AD
:10E3A000481A60BF947C543F5D829D3DB68584C20F
:10E3B000C14E19424AB8A9C20F5D5EBFD65C553F37
:10E3C0008671913DEC9385C262450D420FDDB3C26B
:10E3D0001C705BBF0FE3573F5986973DB37580C2F2
:10E3E00023AF2442E0FBBCC2B13358BF7D365E3F51
:10E3F0008643983D5A6460C2B2713E426AE4C3C229
:10E40000B6F256BF2D2F5B3F80498F3DF22147C2A8
:10E4100054D156420123C9C2A1C650BF613A563FEA
:10E42000E5418E3DA9E032C28ABC52420B71CCC29A
:10E43000A5774EBFE148513FFC0FA53DE23323C213
:10E440003AAB394223CEC4C24E3C45BF06384D3F9D
:10E4500042CB5C3D569B11C2D5782B422529C5C2C3
:10E460009DFA3CBF415B4C3F42A6BB3C6DA012C233
:10E470001ACE3142499EBAC23DD635BFA3FD4B3FAD
:10E48000402EAA3B12831BC245F44342C66FBCC256
:10E49000F26E2DBF16964A3F73DA8A3C2F121EC2C7
:10E4A00058E14C42614ABEC2EA9F1FBF915C4B3F9C
:10E4B0003E5DE6BB780420C2C0B05642D8F2BDC271
:10E4C000CCE112BFE3D74C3F47F812BCDB2524C296
:10E4D000045659423754C8C2277109BFD59D4E3FD3
:10E4E000C5F538BC359325C2F5C74A42DD97D7C27A
:10E4F00052FE02BF9A19493FCF58DABB627128C257
:10E50000128C3F4274CDDBC22D9500BF6BB6453FE8
:10E5100003FF993BC86520C2F1223842440FD5C29F
:10E52000AB61F2BEB237313FB744BABB502319C218
:10E53000AC8F1B42B865CEC2287CE4BE6566203F26
:10E5400050F09EBA2E7415C23EF80E42058FCCC212
:10E55000F609DBBE76D7193FAEB59CBB8F2C03C244
:10E56000BF9F0642234ECFC22A78D5BE039E0F3FDF
:10E570008A4145BD1AD701C2C5E2FC419356D1C2BA
:10E580008AD1B4BE4A20043F8B538ABD6A3802C286
:10E59000955EF641ADE2CAC2199A8ABEE2A9EC3E86
:10E5A000751186BD96A4F2C104FE06422C79CDC237
:10E5B000BE9A5FBEB25DDB3EB2A84ABD5643E7C11C
:10E5C000870D0F421F31D7C2CD6344BEFBF1D73E4A
:10E5D000BEB0DDBCF2FED6C199410542B834E4C2FA
:10E5E000E4C527BE9703CF3E6ABE74BDE716D3C10C
:10E5F000C2A6CF419023E4C256AB0EBECB65C13E4E
:10E60000B5FE9BBD42DBD3C17B7E96414AB8E1C2D9
:10E610006D16EDBDACA2B93EF868CBBDACDED0C185
:10E6200047C78D4159FFD1C227F29CBD366CA03E31
:10E630008F90FABD309FCDC13CDF97419B63C3C231
:10E64000DFD514BDF87B843EEA0C00BED233B5C1E1
:10E650000009A941011AB3C2B3650D3C91816C3E1A
:10E660006C3F0FBEC73993C156AD9341F401A1C2AF
:10E67000C7B16B3CDEF2513EBC0339BEBBBB81C1AE
:10E68000BE095B41E8F296C27DA0233D428E403E2A
:10E6900025E042BEEC7478C1049DFE4032D789C2A9
:10E6A000A1AD893D66312F3E253254BEFCF878C1BC
:10E6B00094B6CA3FB69B7EC22501AB3DDEE2103E5A
:10E6C000EFF561BE66AD6AC170D2953F3CCD69C2BF
:10E6D000F8F4C83D66F0E73D52896CBE907B4DC1B1
:10E6E000CE004FBF786E51C2B034B33D801FCF3DD6
:10E6F000D8635EBE5C2E61C181FF8FC065812CC274
:10E70000FA13B43DD466CF3D472D60BEED5058C1DD
:10E71000AA0B64C00E2D0DC2ED23B13D31B68E3D66
:10E72000D57E5FBE532A46C1B81FF5BF2E2DD2C17C
:10E73000720CBD3DDBF3303DFE416CBEF42025C1C3
:10E74000C17ADEBFDC9879C1A116A23D43067C3CAC
:10E7500065C377BECBBB12C1A420B2C06AA217C1E9
:10E76000A276623D7A76A4BB94AD7DBE2DA9E2C0AF
:10E77000D543FFC08307C3C08E67203D7A7624BC93
:10E780004D4286BE786591C0E54312C12E978CC07C
:10E79000E9E1213DC56DCABCA63D86BE4B5BD5BF38
:10E7A0004C5ADDC0E02A61C067510E3D9F6912BD21
:10E7B0009DBE94BE9AFA023FC888ACC0026994C05C
:10E7C0003691D63C8DDF31BDB28C96BE4FB16340E1
:10E7D0000EF8AFC0734DD8C040D8D83C19C049BD61
:10E7E000747B92BE57898F40F0A70AC1DF3EEFC00D
:10E7F000FF448E3CD3DC4EBD0CC689BEC74BBF4028
:10E80000044D0BC15011A5C0D550663CCE3CBBBBDE
:10E810007D004FBE92338D40BC8F64C0701163C0C9
:10E820008BFF743B97335A3C644CB0BDD6C70C4049
:10E83000101BBCBF323D1E400A0012441044114C54
:10E84000060007000809090028C5001030C500109F
:10E8500038C5001040C5001048C5001050C5001054
:10E8600058C5001060C5001068C5001074C50010C0
:10E870007CC5001084C500108CC5001098C5001020
:10E88000A0C50010ACC50010B4C50010BCC5001078
:10E89000C4C50010000000000200000001000000DC
:10E8A0000000000000000000000000008D8C00103F
:10E8B000E18C0010918C0010F18C0010998C0010EC
:10E8C000A18C0010A58D0010518D0010FD8C001042
:10E8D000C18C0010C98C0010000000000000000076
:10E8E000E5900010F9900010DD90001015910010D7
:10E8F000C58E0010ED8F0010A58D0010518D0010F9
:10E90000FD8C0010E18E0010758F001000000000DB
:10E910000B00000000000001010000000A000000E0
:10E9200001000000090000000000803F010000001D
:10E9300009000000030000000800000002000000C1
:10E9400001000000000000000100000008000000BD
:10E9500003000000070000000400000003000000A6
:10E96000010000000100000007000000030000009B
:10E97000000000000600000005000000010000008B
:10E980008CE90010E8E90010000000000100000020
:10E990000000803BA8E90010A0E900100000000082
:10E9A00001000000DAFFFFFF010000004DD3BD3D74
:10E9B000020000000100000007000000C8E900108C
:10E9C000E8E9001000000000010000003C114B3D90
:10E9D00002000000010000000A000000F0E9001041
:10E9E000E8E90010000000000100000080FFFFFFC8
:10E9F00001000000029C803D0200000001000000B8
:10EA00001400000010EA0010F417011000000000CC
:10EA10000100000031FDB03A0200000014000000C7
:10EA20002E020000000000000000000000000000B6
:10EA300007F5F14A1E0C1ED11DCF0701C8CFF64BBA
:10EA4000191AE7DC45F43EF4C72FE0E2CCA71E1804
:10EA500031C8B90FDF36FDD421EBD5EAC540E63623
:10EA6000DDCBF9BC1EE8CF2F4C38492829E30DCB6C
:10EA7000F4CA0E1944F412C1DEEDF7D43524023F76
:10EA80001BFAF71AFC0ABCF4D2BF24F0E23B02BF27
:10EA90005129CFDF03BC1828F3DDEB0ADFDF431079
:10EAA0000A38DE47EB13BD2024041D3EBEFD2E06B2
:10EAB00048EEC7DF431849D00953ED0732F4D4DDDF
:10EAC000E2F7FC18DAE6DC33F81D1DF13218C2EB70
:10EAD0002046D0E6F3C9D2D92640E5D7F2F8EC3784
:10EAE000340ECCDBFF1EC3B7F92BD4BD2BE932DECD
:10EAF000004C2008BD45B0FBDC162F2507D21FC3F4
:10EB00000C44362BDCD0DA01DDDBD3C30C3B14C361
:10EB100026B5DEEAAA4AD4A8D2F8B0CD25F82C4F03
:10EB2000D1D707BE294DC204C42D0A44DB229DC49F
:10EB3000F130BF1BE928D524DD41DA2130580BED37
:10EB4000D7E0E8CCA528D3C034E8F0EEB7E6C1F4AE
:10EB5000CAEFD63501EC201DDCDDFA47E425F8A329
:10EB600010F027B30208D2C5DFE4E4EBE4E3E9B92F
:10EB7000FFCCEA1BF7BAD6FCEAF6CA0CA2CCEB46ED
:10EB8000DA37A4B0B4D5FF0CC703C4FDF8D61D2FE7
:10EB9000BAC1FCF7DEC6190AD9E30E2F1104B7116A
:10EBA000C52900E70E2AE9FDA8E201EE0A1FCE25DD
:10EBB00027C2D7BE18EA0AE5B0E7FBCBD7BBFA11EC
:10EBC000DD2AF92BEEAD1B1AE8ECF22DF81BD1BBB8
:10EBD0002FC336C91839B72828F22602B31635458F
:10EBE0002811AAFF344CC210BEDDE7DEABFA180BC9
:10EBF000C0EA2BF205AF2B15B0E2C0F6B856E2D34F
:10EC00001EC0BC18A8FD0BDC192AB33CBCE60D17CE
:10EC10002D02B0EB2D15A0FDD1EBF7E927E5E6DAE3
:10EC2000D245B829B8E6C20221F0D234CC0A2D244C
:10EC3000E3E20302EDC1C300C911B3F5F4290202F6
:10EC4000F742C2E506B5F43AF6C8E9B6F1EE21F3AB
:10EC50002635BBD009EB2918C127F9EBCBBAC3FA8B
:10EC60004C10F20A2516314BDD1E190B40E04724EB
:10EC700059D0070147F43120063FF6CC00435451E8
:10EC800039EDCFF727E7E8DD52323EF53ED40EFEF0
:10EC9000D0FF08EFFEB3CE4142D1FB31F6F8F00FC2
:10ECA00040B53CF145E434FB1D40EAE5024308B8B9
:10ECB000DB0E280603CC12FD1E1855130539E5C3DB
:10ECC0001FC1125507F5E02537DFFBF1FFC14A24CC
:10ECD000F33F2A12C8D91BB700DC22060619DB480D
:10ECE000E5F737E55F31CEF5FE29D30EF5EB0E28BB
:10ECF0004727E1DFEADFF8E8E13F3B3DE8E1D2CD3D
:10ED000037D7DEECC616CEE60CD61DF0042941EC52
:10ED1000D5DDD809331BEB430DEA444A362949397E
:10ED20000812D1CBD33945E6BD12EA0038421E3F66
:10ED3000EBEB0EF9C1102B190ACAB9CE32CC273D24
:10ED4000DFFCF5B658352B36E7CA11FAE512D11FAC
:10ED50001C47E80411BA223910E619045715DD0CD6
:10ED6000D919C3E139E23EDACAEB3DD4E3DD401DF7
:10ED700047D33AEF2EF0D1E911072CDC1FCC45B573
:10ED800024D6E227E5F202F6121936F7F7EAF00385
:10ED9000CBE1CA06F84433B850D326570002FA2D07
:10EDA0000DCB2DF61ED02900CFE60634214BD40F13
:10EDB00045BB2B39E9261D08FDCABAC3510F3119CD
:10EDC0002EEBF1A1CAE8B11D5110E83F074CC9CBA9
:10EDD000DAF01627FF16B5AC1F15CD1FD73518FF73
:10EDE00004D1C721C8F5F1BD28E23648F6B40A00BF
:10EDF000BF031126F8D3CFE352CEC138A2F006CB21
:10EE0000BFC7DC434CB7FCBDCF450BD330D0C3FBF1
:10EE10004CB117DB1C4D37E2FD28113A3622101F8A
:10EE2000FD132FB5341BDB403A2526FEF4630CB6E8
:10EE3000F61907DDD1300439C93F42C61536090538
:10EE40001EB12CF3B04A1740F0E30DFADEFB31E2BD
:10EE5000B002D40803DCED684344DE0AB72AC83E9A
:10EE600057E9EA36DC442BC9F327EFBB2E19B25B16
:10EE700007CC29C7B0FDCFC6F1100F47EA3DD52812
:10EE8000E32A29063FC5B5462E2B183A26ECCDDBE2
:10EE90002AD72333540AD009BD18E2451F27F4149A
:10EEA00057CC2EC0FDE25536DEBECF2633DCF5DF73
:10EEB000B6F038D92A1EB2EA2803DEBB12E33401C9
:10EEC000F8F51EB9161B0DE23BDC041DEF2207CC42
:10EED000FAF8FFAFFE3504D0C321D5C931E71CF7DE
:10EEE0000402FF0DC6FBCA3423F2472D171C2A1E4D
:10EEF000B2BBDAC331E8383008EDEC29FAC1D4BF2F
:10EF0000334BE41FDD3B5BB7373F1833D2FB21D5D2
:10EF1000132B3623D53A302206414147C70AD3077F
:10EF2000E60F23E2F7071E502DF04AC8053D124AAE
:10EF30000BD1D9FDE8FDD2E6F4C4EC1736D6C7CB29
:10EF400032CF053BC2182AFF26C3F623E74704C188
:10EF500006D2C90B47F004FDBDD117FBB15232C137
:10EF6000E5D82631B93E3CABF02425EDCBF8FCCCFE
:10EF7000C9F3010ED92248052FF92EE4CD55B9DB8E
:10EF80000ECF06103ED7113A3DF231CEC34EB1D668
:10EF900025BE08D3D74534D3172B13292EEAF317F0
:10EFA000E1F2C5D019EED823C4F6FBE229C5D2B7E9
:10EFB00034603EF729D01BE3363B08BEECF401EF8A
:10EFC00037FFCA52D11133EF3961F141FBB6F85B1B
:10EFD0002E44ACFECD2F120E09D3D82FC5E6EECFAE
:10EFE000394DE5D2332F14CA1B4614F82EC6C3E39D
:10EFF000D01030D2BAF1FD39CE4BDDCDE0C1FDFAF3
:10F00000ADE1EADDB5DFABF509D0CE18CBD8D3C67C
:10F01000DB40B421CCFFD847312CECBB1EBE213FD6
:10F020003FDD3208DA2FE517A83014FBD2F1E8C330
:10F0300028E0D8B604ECF4C51520ECBEE5C440E3E6
:10F04000F9BFDAEABFEA4CE5D237EBD3E846E7E8A6
:10F05000EA28FFD7E912FE0D2623F5E4E20E283355
:10F06000240AE3E9B603C4D4DE1B06C3C1BF1520DE
:10F07000F731D41F0EB533EA1638253135C72F0FB7
:10F0800005C0E31E07C61D3C1F0401AD22293E0436
:10F09000D6DA1BE3FACDA9B83FC30C0D1508CA0890
:10F0A0002BAB25FC02BDEAB1CF3C2F420DE7B4E00B
:10F0B00008D0CC2FBBD801F45627BB32F535013C24
:10F0C000F05440CC434C193C3AFCCDEB0B3FEB2EBB
:10F0D000D7EE2038E73D4439D2345AF0330F3CCFD5
:10F0E0002944C930F45262D605D11F3BEA0CFAB369
:10F0F00004DFDBC5ECF234326043D9B51CD8EBC970
:10F1000034CFC9E32A27F6400E60293E3ADCE7DB1C
:10F1100013F130D41430DC1842D5CB0853FEEEEA9C
:10F1200034EBF40C12DC082CD91C0927005AD41437
:10F1300042ECB6531929D3F3FCEA2929F8ADE95A70
:10F1400009EEE500004D464427D4072BFBE1F6B954
:10F15000E5EB5756D80A1263F3D5E8113647F62780
:10F16000E5BD1B25D6F2FAAF303B37322FA8F54D5F
:10F170005B4BFFAAFA481FE8FCB806EB1C59EAC033
:10F18000D4F9F603DDD504141D4652F2FA5A1105DE
:10F19000FAD6BC11D5E5550A35FD5CCE44ABD82373
:10F1A000165EC531CC27FC114733F62853D7C0D89B
:10F1B000001ED300B506E4C91AFFC22C372E07ED96
:10F1C00019CABF0538F2E8BF12521EF3B8DF29F2A0
:10F1D000F8233F3C1D1A55EC38C5D205EAE1B429A5
:10F1E000F8DB27EEE711F4F511C616FC1CFC57EF0F
:10F1F000301A19305E233BD7CBC3F9DACDC3FDD724
:10F2000033D0CE324C2D2E07F54A2C422FE404DCAD
:10F21000E3132F08E0C9DCDD3BC0DE2E1A1921F014
:10F2200012D42E00E802071F43D1EE38001D112B27
:10F23000661137232EDFE0DFB2E323FEF600EA5F3C
:10F2400030EA0E3CD4433BB765D1E00842CE00B172
:10F25000C13056302CD211F217072DED30E0062CBC
:10F26000161C26D8FAF400E7E5D80FD54532BA00C7
:10F27000DDDA35EA120D4EDA51FCE030401265104D
:10F28000191BBEEB02FCDE53C52224BEC8F51A23AF
:10F290003A34B2E74ABE56030353E9F0E5E4071FE8
:10F2A000CB261DD4B01743BE66F29DFF480B4A25FE
:10F2B00026E2C429F60ABA2C443FD9C81C52DFDC26
:10F2C00061D3C21419272707D2F7CD0A18A2005D0F
:10F2D000F50160A3053FBCD2E618253007F35EF4C4
:10F2E000DE09DCEAD7331ED3440B0CD1CBAC43EAA6
:10F2F000DD2BF1F3D3DCCE273118FCEDF842F3DF40
:10F30000EE033530BCB228D041C7E6CCEFBC0E27A7
:10F310000309C7E626CD3221FC342B30C2E2F84A7D
:10F320002C323C21CFC7423DFE20F14CB5E6B90B53
:10F33000461C1D1BDFE3F0E537B019C32ED80FC301
:10F3400026DDFB0610280DFA25F4C5BDE8B62AEF28
:10F350003ECFB1E5EB1FCCF1CCF43601DBC0CFEEF4
:10F3600060F3C8EAB5FD64CDD212D9EB3BFAE6E111
:10F37000151FD83F0DFF1E014DC72E01B0B90F3725
:10F38000DBC3124751EE36BDD42DD406ACC401E721
:10F390005D02E1B1B9304224D620DD23F91D091206
:10F3A00008D5F1E72CCE36F630E9D53AF50A12E762
:10F3B000C04A05DAD7D0E2FCD525463705213534D9
:10F3C000FEC90F2F08131EFCC03CFD60EEF9C3F10F
:10F3D0001B0A4BE1CD4CEB004E4BABC43BF828FF76
:10F3E00032B753DB1EC3F24941172013EE40D5500C
:10F3F000243FB03FF56003E1C829E317FCEB0F1F82
:10F40000552CF8FF0CFB002F12BC0F14D9EB18EB96
:10F41000B71FE5D1F4E4E8231118A32DCAE1DFDD1D
:10F42000CDF1F03D252920B6B90F3132C61CB9FD0A
:10F430004AECCD34B445E1D4B741F15205E9D2C428
:10F440004107E3E71C28D4CBB0CA30CC34CFD5E594
:10F45000A3DAC6E6F651A1D5FBCFCFF5B3B4EA0BDC
:10F46000E34BFDC60223E918A812F506F715FBB811
:10F470003FDEC71FD20A1EF84234E31BD7090D3BFB
:10F48000A7B815061615A5EC20D8E915E71201381E
:10F4900042CF26220BC5D80BC318FA251CE9EB3442
:10F4A000FD23FAC6A128D1DEF713B5CABCFD365A32
:10F4B000F110161B373D0BC2D2200EF50EC9F6E334
:10F4C00017E91FDFB1D2E5FC04DC19ED10E1F9B852
:10F4D000FBC836BB2EF93EFFD311CA2630EDFCB86F
:10F4E000DBCC414AD43BB0342A01CD0AE2D6FB370B
:10F4F000210C22DE4C4CC929270BE6E8F631F80D29
:10F50000E92851F1B92ED4CAEB0CC7D5B9C00A59B4
:10F51000D41032CFE4D1E44B12FFE7AA025EE61129
:10F52000BBC9B23710FEBAF9E619C9C0F0BE35FE44
:10F5300017F2D12DF30A3BCF059F38E61F3D290175
:10F54000D2FD0DB2C2B4044041F017CB283E18F1F1
:10F5500028F319CB30BFEBF1EA4F3F1B48D437DD1E
:10F56000B5CAFAEE3316C516DD37FEDC15F64AF1DC
:10F570000B1AD13500FAF82DFD29EF1A3CEA0F06D7
:10F580003FD3173EF6F40C32302421C00ADAB13EE4
:10F59000C205F84FEEF8D7B7F924CAFD0B3C13D2D9
:10F5A000315D26FAF7E202EF3F413EE92D2E15B913
:10F5B0003707DA53E0F82DC413DB34B449E4121EE4
:10F5C000013BC30FA92EC7EA48302235B0C6F4E488
:10F5D000E3F83EBED956022508CA4508101EEF16AC
:10F5E000383C96E1BEE11440F6FDD9DB36D1A85691
:10F5F00005ADD85BC1F02E0EBFFFAA47F02A23F35A
:10F600009E1613E5DEF118CF0DFE1E2E2826D7FA22
:10F610001DFC06F004A902CC12FAC719DFF1DF497C
:10F62000BA39141EF1C339CEF538D80C3ED5BB36E5
:10F63000A31B0FF1CDD1E40A10FBBC07E135BE36A8
:10F64000B3DCADB247F9D9DE9FD0CAD83756E9FE50
:10F65000C42AD54FE60B13B11949223FE1B3E32584
:10F6600001E016162725E6B00EA4E32AF1B0ACD3CC
:10F6700037EF2D2CDA091149EBBCD2ACAC3FDCCE14
:10F68000DBB3250AF2EDD0F91741BC2024C03EFDC2
:10F69000D0ECB6C5B6F8A5AC0DED0E2929090EB310
:10F6A000DA3A11CCBB2831CA0002BCEDD30DFAE81E
:10F6B0002FBA02DEE732CD31F04423C708DBB415A0
:10F6C0002A00F0D9E4E31436CABEC1D41D13E63DC6
:10F6D000DEDFB828ED0ADA5CD6DBC4422AFABEE6E1
:10F6E000A61CFFFE96EBC2233C0C9FB00F47DEFE2C
:10F6F000C9C6A6E42D29AC1A0C2D4259DED1FBC88F
:10F70000C52A25C3EAFECCF2942AADBFCD071AC1A3
:10F71000E94BDC169ED23B0CCC01BE2304E313F56F
:10F720000F24B1F1B3B90BD91A4235DEF61CA9D4B6
:10F73000111797B8DE04D61DA5CDD1193409BCE345
:10F74000C73BE8E734F1CCC8D7A1F93BCEF706E6D2
:10F75000143206E5ECC65E41C400E81EF90132B57C
:10F7600044034AC4E8EACC1DD528AB3EFE03140E80
:10F77000C1B34ECD14FCB530C6253304EC3030DEB9
:10F78000ED151BC52B0ED83CAEC9143F0530FB1E32
:10F7900029393CED1D200A16F0F91307E4E2E53F94
:10F7A000C73CEEBCF7E4A2F5DBDB1DFD2CF4FED577
:10F7B000F00EE32C39BF28000EEAC7F0ED1DA809B2
:10F7C000E8CF0A2BD1CB22C7082D1947C5314256A5
:10F7D0000438E4C7D4151BCC3C43D44DE24DE3CFF1
:10F7E00010EE1AE8492FF3D618EEE53F3619A2437A
:10F7F000376221CBA6EF260532EF2F13EBCE24CABA
:10F80000B6CD35E22DF2B1FB374AEA05C4E7F3E0A5
:10F81000EF4A3B160D49E9252CEDC0E0F804CC2752
:10F82000114FF1F801D41E503EE9D30C35DEC1363C
:10F83000E8C30DC7CAF7E6D6D128094529BCD3EFDE
:10F84000F23CEBDA482C3119303EBF4C1D23B3D7C4
:10F850000E3FC0DFB7EC3C15CADEB23E44E707D12D
:10F86000C0FE12BFCDD3FE01FEC6A6F027F8C53FED
:10F87000BE0CB6C8081ED70ACCC2E835B4CE0823E1
:10F880001CD1D9B5E3D0314FC8DA2BD4B02E09DC66
:10F8900000D5D6BF0137CDCAFEF6211038EAF92BC4
:10F8A000FB29211E344FCA0512FEF034CFD9AA23FA
:10F8B000BF4CDF032B2ED60C1709C1ECCCD9241872
:10F8C000A9DEE4CA0DD30A1ADDC9C622F416FF2345
:10F8D0001D16B044090AB9B5281A4A4C08E1313559
:10F8E000EF222924B32F25BD222026D4B935C2FC0E
:10F8F000CEF9072BCC31CFEFCB133D02C63CCCCA9F
:10F9000028FBFC2EB74ADF2BEC0EE2DB42C9A7D95D
:10F91000320C17D0F10CF201DCC1DF03BF3D3A1EFF
:10F92000B9011D45E8D4F12233FE373BC8043C172A
:10F930004AFBA21D09F204C4C6F531093EFDEA03E3
:10F94000D837CF39BEF00DDF16F3362CD72BE40AAB
:10F95000313037E2E805B52BD131EA06F7CD320078
:10F9600020CF0614E20003132B091515DF08EFE37F
:10F97000DAD81FB905303117FB1FD62FE14BCC1B4E
:10F98000BCA8D9DEB4442AC0CB05D544D705AFFC0A
:10F99000F540FEB0DBC2D60E20D8E71D2E4005ECA8
:10F9A00003C9B61CB5E1E514CBC9A62A24BFB1E052
:10F9B0000BC31A1CF4DCC247C615D41BE10DD932A7
:10F9C000BB242CB92204F3BC022829ECCEC3EDE100
:10F9D000BDE4C9C7E652E62EE0C5D9F6DAC02AEB87
:10F9E000BBD4072225E91C05DD1CCF1EDDD5161969
:10F9F000B5CCD60825F8D813B345EBECECFFDB45C6
:10FA000024380135E1E52C0B0BEBEB4A2B12C71820
:10FA1000D80AF8C1F605D70ABC1F9D02130DF40BD6
:10FA2000A13AC4DCF0FCDD50DAFDE21506474424BF
:10FA3000D2F41255E23F6038C330E21FF011E154B6
:10FA400000F7FEF7DEEECD20221F36CA0A57FE1160
:10FA5000F3412903F6F7AE3131F3C641EA243246C9
:10FA60004E31201CFF1234FAB810D45A003FE92C52
:10FA70004CD8F34ED530EB373CF0CCED5D301BDB92
:10FA80002301FBF53CC9BE2708DC114B2BE2612B9F
:10FA9000F0F433F7585ACF1DE0013244C718D3B7FA
:10FAA0005EF0471E0B382FDEEF213B49D5CB4916C0
:10FAB000C51752491CDEBBBAE9DF15CF1ED40B4770
:10FAC0003233F227324141DB0B24240C1102EBF5D7
:10FAD0003CF04115BAE1D508E3E620385600F419A8
:10FAE000A82D073B34EB02C4DFCA28FBD2CD16FC9D
:10FAF000C5A9F6BD2EE9F1D52AED1FC93CCDF9CA3D
:10FB000039E4EC2CA406430A0CABD12725361EE2BF
:10FB1000B005263811D1B4B558F300FCB637DCF97E
:10FB2000C31CCFE011CBFFDEBDFEED18EBC503100B
:10FB300006FCBF2BE3F7D308C1EEF2CBF8D94A2C71
:10FB40000B06D01F4FB1F52E10DEF7DE3526C63F6F
:10FB5000131CAF021CE1DEE6D0D5F5DD01E800E8BC
:10FB60004208F236E8F03A321D07B531E8CF4CB121
:10FB7000C40E2AC227131EB1F8ABB6EDC912DF07B7
:10FB800015C3C7F02D0C27D607E3FDD70AE8ED40D3
:10FB9000D522F31EE4DFF0252DCF052F4BDCF82E08
:10FBA00032392EF7C617FEC5FCF70C1730D810E314
:10FBB00025C94F054835460E372839FB3FB235B3C6
:10FBC000F800C3E1CB3AD008DCD2CAE1BF16E9F1B4
:10FBD000E715BBB54FCE3423091FFDE33DED3FDCF8
:10FBE00009B94E332FD1E6EB1BBFEBB2D2E1E638B9
:10FBF000DFC9CFE24E08020E342E0FB5C2E240013B
:10FC0000530A24CBD1DAEB1B092AF2101CF5E027AA
:10FC1000122A3D4416CA41F7373AFFE428C7134970
:10FC2000B834B947B7F1CBFDC550134C42FC36E6AA
:10FC3000C41A21CFC7E44241D6CFEB3DB5CF2BF359
:10FC40003D1A0BD3F7B9D12A111F4CF71D5241F2BF
:10FC500046EEC133C3FAD0F00936C9F6BB2F2B37B5
:10FC6000FD3CC229FCF7B44C331EF00109FC09C26B
:10FC7000483A36DFCAE54B2D30BDB4294840F9FB80
:10FC8000D4BBDBD119DA14F5E3EAFE02ECF42A4521
:10FC9000DD103DF23FE4EA33371022EC2554CF1259
:10FCA000CE2F242A252D08F31921DEB7CB032F12DE
:10FCB00009054223B339B8E5E245D0D042251708FB
:10FCC000B1C51BFB554EF13A1ADBD450030A0EEFB7
:10FCD000EAE6A124DFBFEAD60622C7EDC9D4C9C02F
:10FCE0003CDA3E0FE417C3FD10CC02012006B0033E
:10FCF0000BF6B4D33EF3B6D91C03D635E61E193243
:10FD00001A001E12B8BCD6C1210CCF0A11322DE741
:10FD1000F026B0FBE80BDC332338A9B61AB540EA6D
:10FD20001ABC30E033E50BB733C4E2FF17C1023829
:10FD3000E155DBE8BDFC43C927D309D9CA56ECD944
:10FD4000BBB51EFC08FAD940114CB32C09193FDA97
:10FD50000EB8410E46EDAD3A3CBFF60FD7FFF64167
:10FD6000E339A7E90EFDE9EE2134EF0BC7B6E9F45C
:10FD7000D7BB34DF02C2E319D5EF25DEAFD5F93D9D
:10FD80000BF10D21CB01E3EBB71E0EDCA646F8CC40
:10FD90000515E6EAD2D5CB09E3293FB2DE1D343C96
:10FDA000C7DA412AE1C5E1351521EAF62DBD332038
:10FDB000FF4119100202C22C39ABE8DBA4CE1F06AA
:10FDC0000105A50C23300FD9FFF3DAC7FDD5AC3AF6
:10FDD000CB07C83FA819DEC1B3E0A806D548EA3F63
:10FDE0002AE5F83C02553C440E22F22ED1FCD409FF
:10FDF0002B20294B00150725CB24EDBF272134D814
:10FE00003550AFBBC7213811B317B0EADA42F9EF6A
:10FE1000ABFDDB28CA32311301D03DECA54734508D
:10FE2000B8D7BB49DCE019102A2AFCFEFC47EBC717
:10FE3000D9E31DCAACEF1FFFA1E30B2439D9CAE5F2
:10FE40002F36522B192B2EB8F140BC2829E5F01B78
:10FE5000C0DADAE5D61B260202AD4FC40AFEFE1058
:10FE600059EEA7F9AFAEF0B92FBFBF18D5E4DAB499
:10FE70001C1017A6CAD7F5C0212319E1B4BE13B7C9
:10FE80001EE9ADEF322009C04325F9E4EFCBDA39A2
:10FE90000DA6CED6B1E223F9BFD9181C2EAE2EEA9C
:10FEA00001EA032303D6243825FA0301B2A5C9BF0A
:10FEB000EFD00207C3E1DEFCD8EC48A4D7AAE504E2
:10FEC00023BB1800EBDC1035D807F5CE21A2BF35D7
:10FED0003EC1432F19C737D5FE2BDFFADEDA4F209C
:10FEE00006B51C0A4A28AAEFF9F61DBABA35FCFC79
:10FEF00018CCF60FEABBCBB7C6A748B825B409F0B3
:10FF0000D1C8F00BE2032133FDCBE0C2D1D9DBE94C
:10FF1000C8FC2A030DF50D0FDED801C80224DDEF61
:10FF20000A0B0CBEE609CF0D14DDC6B6E2B431C92A
:10FF300014E1D51E0C140AEC07C615D2311A2ABDDD
:10FF4000DAAFD7B1F00904C03C3F18C8BDE8360AA3
:10FF5000D21AE5CE181CC2FD19E0E1E3E738A82962
:10FF60003711C0F50D1E2904E6BF21F037023ABF54
:10FF7000B443FEBFC0B10917F7E909EC00F0C9CAE4
:10FF8000DCC73C4C26401EC4E141CEF3282DF7F6D9
:10FF9000C036360D3B371B2CE612C6D722E71A3681
:10FFA000C708B5B41CC6D7C9FC0531D327C4BC1ECD
:10FFB00021B2D4D2E0F7ACFB223FC504B924371FED
:10FFC0002E45C5C7BA05CDF5DD26C1E8DEFBA6186E
:10FFD000CB261EE2F718C9F0FBFC2748D425CA4DF2
:10FFE000AF39DA2AB3FF2E30DB3CB311F31409D357
:10FFF0001CDF2119EC43E9D83F4232B4463B22BA18
:020000041001E9
:10000000C2F32836FB1CC52610EF24D9FB0D163988
:10001000C028B647371BDCEF303EB0EDC5F7474C84
:10002000E2EDC71E1900F910EB3E02C22144EDDCDF
:10003000ED042A68D4EC0BFC083F373F0EBFB046F6
:100040002A233510E206095210D8156DECDD11D4C3
:10005000D454F426DDDFF26732EDEF0ACA3CCF3725
:100060003532154039F2F6C12B2701180B28A92982
:100070000555D4D8CADEECDB2D25B9293DCF1DE2CC
:10008000B7D23029E3BC3544F7D9CA12E7CF0AEF1B
:100090000ADEF6393449BFD3DA1A040822BA312904
:1000A000090BF8CDF2143CE8BEB62E4A2104FC3E02
:1000B0000ACC26BFD728B63550FEB6B329C30A12DC
:1000C000DCD3B0FD1A2D0FDCE634171C0FECFDE677
:1000D000390F06CDCC4A14EBF1F7E5C8F605320A24
:1000E000E13AF1BDEC26C12228C6F505ED26DEE891
:1000F00018F5D81EE144FFD3C542F333E7F5EDF31D
:10010000BDC8ED213214F306BECC4031C30118F84E
:10011000111C3DEEF81DF80F17CAF2254C2AC0EE4F
:10012000CDACCB41233B0F05EE50EF0FD01440EE8A
:10013000FA031DCCF01C1AD5C01318F90516D419F2
:100140003B31BBF1B526CA1DB6C5D4FDE2E81B3B69
:10015000D9D7DCC2FDF31B32464FD406D9AE5D15AC
:10016000CD02EF0135E6A732C0EADACBA8AEEFE464
:10017000161DF819FFBE013812BD1E2350FABEEB42
:10018000DF451246A5FEC831043304FDEAD710EC62
:10019000DEBCF024E8E3B8BAB5CB41F8280C2BC498
:1001A000374FA5CFE047EA302EE510F63E0915DBC4
:1001B000DE49F73115F7A730425F35152F36EA6C67
:1001C000CE3BC4EE21DC07040A271A52DEB326D147
:1001D000DADC07EF3FD6373C1DB52B3C064BCF157D
:1001E000D71D1F42B7F62B3ACA54DFC92029FEF8A3
:1001F0000223A93016FFE0E109CC21E9CE1203CF9A
:10020000D43B0F2BBCAF463AE9F8FCEA05601E145C
:100210002EBF2B1FCB4C22B8D4272E57FDC40BEE7C
:100220002631F7B80E2F07FE13340A2C57F0E1AA37
:1002300060F74CF55E334858FA2800D55B1805F78F
:1002400064F32E35462C630E110919E929E3E42DD8
:10025000282E3B2D590FEEEE2C1DD816DE36311808
:100260005D4A3BF626C6524814EE5632490D07EF5A
:10027000E80AEDF452143F46372F3742DAE3CFDF76
:10028000E5210C3D39E5CBC61F25355005EA070DA4
:100290004C523F18175E11DDFF09312FCCE9C9FD23
:1002A0004234565A13E70C07E0DA572CDF4A240091
:1002B000CA06D158E2380402FB4138C708DED2FC36
:1002C0003CDEFA04FB3E2B51FEED480F0B27C61F08
:1002D000E9F8360A2704480448FA544CFA62F03820
:1002E0002F39D43D0D124F39C30D05ABF0422C50C0
:1002F000C9CDFDCB42EED715DACDFE1AF2ECC8140B
:10030000F4F2F8DCFC3C0757EDD5230919FA29ACC7
:10031000C7D3181E26F21635F11B23AFD226ED14D3
:100320000902FC1F1DFA0FCCBDE01B4246D5DDF4CF
:1003300000E7F3C0061CDE5AB9D74506DB2122BB15
:100340002D29212029D51DEBC3141BDEFBFDBAE8A6
:10035000C1D9334CFC3DF5CE0A502F63E4CD472084
:100360000F64FDDDC133FB49D228E6211E34051F91
:100370004E1CACF0BAEE3DD2DEE7E70E39EBCE38DC
:10038000D6E2264BC32337013A27DA42DFED2C1E93
:10039000F80AE4B419E70016ED09EBF20E47DC1693
:1003A0004C1BE8F333CEF4E7E410D6DF0D2FB4CCCA
:1003B000A5AC4F502B25F7B425EE3327D204CAFE47
:1003C000F4F4AE1FDED73754D5DA45FB3D30F532B5
:1003D0001938FFD2DF3EF0C936E1E9ED01DC1F51EB
:1003E0000E0C4053C124EACE370BEA100B0AEE1B69
:1003F00013DEED423B48DF50B5D0D2560FD400CECD
:1004000017CABB4E16BDC7F8AE362710EE0647C852
:10041000BF42E70B21DE18F24AF9D317204941F811
:10042000DDC3BDCDFABCC6C4D64BCBAF04AB0B2FDE
:100430002A1BA9B82CE8F60CFFD00504CFE4FB0872
:10044000A520C722C5BDD02EEACC4BD3C4DDDEBC6F
:100450000C2A34C55BD146D3E2B501E52CBDDAB533
:10046000C621F0B71928EB340BE043EB2929D52737
:100470002AE90CDC40E4E914BC442F2645D2C2D45E
:10048000FD03CCE1B7E54F21FC5034C0C207D6BB19
:10049000D018FF1BEDCDC9311A0E371D0A300DDA09
:1004A000272F18B1F037C3BB11184D2F4A31C2CCDA
:1004B0000F2ECE3B1503D8BE1DFC35E6D630240CDE
:1004C00001B904412301FDDE0EE2C902DDE04F3037
:1004D00025F01CD02429B123D938023437FC1B3F26
:1004E0002A0A354E350A41FBDFEDBF2EF0C50EC797
:1004F00005100055C623F0D23BF4B2D9D9AD015353
:10050000DDCE4FC6BB202024EC06D4B1C6E7EBEE0F
:100510002CC3D2BBD4C2EB430E29D43EDA12D7D8B7
:10052000051BBE4005BA093F00FD24B7D323383C64
:1005300036DFDEDD134F01EE2D3827F2C3210ADA54
:100540000830DAC90CFCC129C12A42B3BA171FD03E
:10055000D320BC32B53625AADA49E92F192B40271A
:10056000E7C7E1B2F9B22B1BD3ABDD3BFBF906DCED
:1005700002E736D2EAF4EA0818B70AFA0DFD34C4E5
:1005800011E545C43638231F0FE0C7DD48360E3865
:10059000E31BE13EFBE5DE44BECDF92EEA3D44130C
:1005A000CDF5E344B30C11B6284A3CBDFDCE45C1A0
:1005B000E9094AB4BF23132F1908E415DFF150BB32
:1005C00023BCD83B171FFC43E4D9DCF0C31EF2FE6A
:1005D000E1F54BF3D53B4229F6FD16D80127DB1593
:1005E000FB4AED0AFF06D1C51A1EF5D6223C28BFEC
:1005F0000F363009F924F1D2F90710CF22EF140B8E
:10060000514D20094C17283C1B5318C7DF28D150E7
:10061000E7B5FDF94232E8113B560AD6DF3305183B
:100620001BC6D5B6DF07D635E04C3BD2F622E2003A
:100630001D50FF1431F5F7D44BDDD800B13DC50C8A
:100640001BE94225BF1ADDE14718DECCBC0E333A68
:10065000FBEED8FF041746261BD60CFD433EC52CE7
:1006600028214FD41A523925CE4C4CE60ECCDE113F
:100670002AF7482EE3C02F1209C5C0D7F33D2FDB60
:1006800012C432D1FA272EBCD5014C3DDD4CF516F3
:100690001C095D1BF2CFC7E8DEECC5C90FDCFBBE51
:1006A000CA4409FB31C0C5BA0B073A033AEA5919E3
:1006B00055D13EDB0D1F62351821D8CF5BEB0D33D2
:1006C00034E518EFF3C6402B54420D47CFE246FA0B
:1006D00021CBE3CD3BDEDD23F2D54013314202A432
:1006E0001C14C72AC1B8F549FBDC183027CACD2332
:1006F0000CE8001D28C1E006E22420DB39AF0EE043
:10070000D4F053FFD2361049D3B820F6B6C632D84B
:10071000E834310137ABF42811E4323AEBBAB3D202
:10072000FA38DAE218EBF02A2BFCEE102DB9CED213
:1007300028ED180EF2B1F73EF1FD30B2C0161713D6
:10074000C2ED333AF8AF270DDD18CCEA3395CE135E
:100750001C1A43F70FE8ED1F172A10DED830F6C435
:10076000E455CD33322DEC2CBF0E5636C20F39F482
:10077000EFA4B8D602151ABEC725CE25D1D5E65EA0
:1007800037CCD31CA7E007B611DAC554D2ECD9E5B3
:10079000C22E37BB01F7B82739E210CDDCF91A3F7A
:1007A000F3C2373910353CD5EFCBE8493614FE2A71
:1007B00030F23D1BC116C1EA26002931BE56E20DBA
:1007C000E4DC1CE3F1D8C5E5B74E48D1E7DE072BE2
:1007D0001DB8EFC4C6D11BDD204C201F1116DC0E46
:1007E0002B05F0B23EE9BD1408B333FBD0ED4491C4
:1007F000F33FB5DE5ACCE9DA2B2129A2EDF71B65D0
:100800000C022E40270B4DD251071E2BCDDAF62FAE
:10081000E4DEEA99E8DCA421E303BDFED54E5109EC
:10082000B4E70C481A0E401F2B470490153BC15BE0
:100830000AFD4CCAE600D7A2C5FE02F3EAF310BBDC
:10084000A4F05393051B10EC5112FC06E6333B97C2
:100850003602034421D64852C80755B92D4BD4F16E
:10086000C2E04127B01A13C5C844034C5C9C1FEB7F
:10087000C61B2C0226F01A493F24353FF54B170BB7
:1008800008ED1F3AE92DC81BB3C01FABEDDC340FD8
:10089000200FEF22DB05FCAE170DB1E137AB3EDDDB
:1008A000021AF7B2E2F61FC359E31A383B1539EEC4
:1008B0003E0215DA20DBCFF9E8E1BA3418042CC186
:1008C0009C63AACEA21207E03333C13C97EEE9AD98
:1008D00026EE29F2D31AE1CEA22C31A8A23A954AEB
:1008E000EA1CD4C995F9E7110BE9A5E93AE033C848
:1008F000E238C938FE341E46E81FFCC021F9351E17
:10090000D6FFDB1E1C06C2C6EBDB2C07B4F7BA2CE5
:10091000E92FB4E6154F3252AB2DA94CB8EF1BA608
:10092000BBE8D409341094423DCC2526B20AEBE151
:10093000B8AFD35C36DCD5BCD5132235350C995114
:10094000D62BDBC30D4709E21E1EC2DE28411BBDAC
:10095000C23FD9D20E11DD0DB1ED12F70EF01937ED
:10096000E0BA9D3B2E42210D93E5B41622F7E83103
:100970003630D1E7C359E405CEEF134F41CD4FBF19
:100980009848BCFE1400FA4BE9080819C1D7BF2AE1
:100990001729BC463D5E0AD5BB0B464FFEDCB9EAC3
:1009A0001C5FE2C7C9415C0B0FA89F1E1C170FB745
:1009B000C2231CF21DCBA42048E037D1DE15EFEC9A
:1009C000E90D1CD8576B56B8EDDA55F009DDB42A9D
:1009D0004647D5E7CDE7E4123DA6D5176305D1C557
:1009E000DC2D4CD52CC0E539EF2724CB3004D207C1
:1009F000F032D728FF5FC0DAB9332DD5E21207DE17
:100A0000D5FCFE0EE9F501E94D07C5231FFFE9E915
:100A100050E63414EDD1C9244F64DBA815333C15DE
:100A2000DBCB2138F43ECA19F1BA04F5DBE752E911
:100A300048252C1533B8F11814EFD5B5E4492B4CE3
:100A400019FA0819363E0ED75F43C0DF0EAC603D81
:100A5000DE2A2CC2E463CDF5C4CB024B3F33421EE9
:100A6000515DC729E1DBF8E100DE3EFA5AF30C4A9A
:100A7000F7EF36EBA010F3A3D94104293AC9004D92
:100A80000F0B01BD523D21F1BB0854F8F3053D9F0A
:100A9000EE504921460A26063EFADBE73D1DDF3AC5
:100AA000230F33FA2F43FEFCD11906DCCDC512C942
:100AB000CF484DE7301A05CE39072AEEBDC9FCF400
:100AC00022F3A64648F0C33EF3D9FAB149D6EEF573
:100AD0004CA4061BD3C259F81007D009E19A2C1573
:100AE000D8D2FA2FDDC6CB06EFFC31250D0ECB1583
:100AF000394A1C100E22D353D11107FAF4FBFCC95A
:100B00000CE1FA3D0303F8B8265836D10ECA47E780
:100B1000C9E2C134310D3F3716D75431D037F9D23D
:100B200022EC0F1702D31B38C036343E3438E00AAB
:100B30003716E1D0084044311E222844F842272AC3
:100B4000452EBD1A3E1E373B42E049CD0B1743CD23
:100B50002CBEB80721CDFDBC00F2CD0F0DE41CE981
:100B6000CCE402CAEDE50651E7E7CDE50022F31D2E
:100B7000D8F736246111F6C21EFEF9402819D8496B
:100B8000F4C6D13FC23D20EBB826311B0ADFCBC1F2
:100B90002C6010BFA8DE51FAE6DFD400F9FD16BFC5
:100BA000AE1F1ADA38CCB8B817384B47F4E43B1606
:100BB000333DD8BBFBEFF347F64039330FD5E7C5DC
:100BC0000F46E30F2D10ED0812F250C4DCDDCED835
:100BD000341DCC48BC0FD50EFDED370B08C31A3EB3
:100BE000C1015A1FC4CED7E837411CCF21380CFFB2
:100BF000C017F4EA080101E5DDFEDD19B341D9E9CA
:100C0000D835F4DE3F0C1ACFABD7BCB5F3321302A4
:100C10003CB348021CF1013FDAE9D91ACCB24ED3F9
:100C20002D4F282AE9BF042518B8C8060C10D21485
:100C3000E1C500D54624EF21BDDB09D0D8C503DED0
:100C400040C4F4E42BE4DFD8FD29B6201F26490177
:100C5000CA28E90844F9EA19E117D01F0FD3CF2FAA
:100C6000D01FF0DF20EF02FCEFFAFFEDD4F3F43BEE
:100C7000EA2147572F154F3238D4B0C924C604FB98
:100C8000CB162BA4F212A927B821CCD9E1DC3BBFAB
:100C90002E46DC1616A726E01C2551DCEE57E8C9C7
:100CA000FFE6CE29F53B44AFEB0FCBEAF81AB05282
:100CB000C9050EDDB32E31CECDD834D52ED6DECA41
:100CC000C403B23B0F30CA3DB1B32CB7EFF300B44D
:100CD000183347C024C62DED0744064710382D476A
:100CE000CEBA37E8CAC3B347F13922D62FC01BEFBB
:100CF00007F807E7D90F124234C641391A2DAA2541
:100D00005312C3DF16EC0AD041D8B006FCBB0F2C3F
:100D1000F2DCDB0D49DBD6D515CFCBD50130E02C8D
:100D2000D1C914F4BBE427CF13F3ED48D526100A3C
:100D300033E1F2C909CAD7100AE60040F0D043AF48
:100D4000EEECFE01FABEEBC1EDFA38C2C649CC0C9E
:100D5000D319F8ECF64DCAE7D1482F2BE60BCB168A
:100D60000845BEDFF139FDD350E5FD503F0E14D4E8
:100D7000FAF13DDEFDEEE5FE3F372B3EE2DD2814C5
:100D800039B2A723EA44D6B70FFFD3F93E05E3C82B
:100D90004542E532DF1BD0FF20C030C943EB17D6F8
:100DA000C3254F29E9FFC000401AEBD00A4BDAE512
:100DB000B009D74548CC39A9D31B36E6242402FA1A
:100DC000372CBC301BF0D31547C8B53CCE1445AA10
:100DD000B356601C09C7D124EA17BDD3292ECDE232
:100DE000C1D1AC583AF3D2BF29073AFFB2E82DC8B7
:100DF00002E920D5B815B9A42DBBFA17430F3A3331
:100E0000C2C9CDA0CAC6DEF01901EA17A8DFD2EA2E
:100E10001FF7A54E22DEF8F6ED2CF5CBBAC6C1229F
:100E2000D1DCB9ABB0BFD1D6BFB5E044060D01BB34
:100E3000ED42E1A305D1DDFBBA2ED0D02E1305176C
:100E400005F9F41AAEF41DCC05D91CEDD8D2F05337
:100E500029CB1BBC26E9E3DBBCA93143D3F009EB6A
:100E600028260D0C13FBB116CDFC32CF1EECDBEAAD
:100E7000C921C402299EB0B7EBE6D6A5DDE836D578
:100E8000C4DA24D643E9302440D2B61CF8C10A089B
:100E90003F251325D90FC4E7A6DAF5AB0BEF3602D1
:100EA000EEFD025B01B11309D95F07FC2BB9CBCE74
:100EB0002AB3C14E17E1F1D0B2C5CB1D28D2E83913
:100EC0001BCA22D421D80DC8C243DCFED3F11E2692
:100ED000C9FD26CDCBF2F517F721E2BEF3412E284E
:100EE000D225B2513A5629D02BEC34D70133DD0943
:100EF000F6CA12C7DC01FCC716414D1FDBC92B4ED9
:100F000006F6CF0324364C390100DDD2FDF5E8FCAE
:100F10000736BF3E1B2C181D1A2618E609D63EE9D7
:100F2000EE32120D20E10E07F5FACDBDDD411EE6D1
:100F3000F62D0ABF250933F6F319D5D23A43F64008
:100F40005E1717DBE65835D7C83DE84DE6C8AE0A50
:100F500046F043C1A941D7DFF4F9DCCFF5E01DF439
:100F6000E84746F04FA397EA4B012EB1E44AC93C4B
:100F7000F3B8232E18E14DA2CEE41BDE392CD0307D
:100F8000FD1A2DD21AEE355D37FCA5D13DE0D8A86B
:100F90009E152D5DF600F028055BCCCB182E26F6AD
:100FA00053AE22260BE0E4A7A24F1AC0C9D1170CFA
:100FB000D11F403EB7FFD34B1D38E02920454D3AA5
:100FC000072BD03F0AEE2A390FF3B9BEA24129FE02
:100FD00014262C0A2A3DB3D407FBFA1B18E8B7CC19
:100FE000C1F63947AEEC4807B2FF25464332092720
:100FF000DE4757363F00BE3250E30EE83A4D0C3B19
:1010000044EC2E512DCE0B032CE623D32F1346F8A0
:10101000D0EF0E2B1240E5B724E30904FED9E321FB
:1010200010EDC304511D3C3C30F022542BF455AF5D
:1010300005EBE01A4317601E1D56D3C8320AC32AB7
:10104000DA29607F003E05BEE643E5FD43B855FB67
:101050005F3541F743611215D3D6F456EDE317D14E
:10106000F748D11717A60B1ED95213F44212052FB9
:10107000B3DF251A2CD21B0ADD43E1140A00E9EC88
:101080003BDC0DE0E2495743A9E0282DD83211F1AD
:10109000F16E3533CD06FE490C0F00C83F4F4FF6B9
:1010A000C12520063EDDB1081AD642F52CCA2B61B7
:1010B000F32FBB0F47E706EEE6D41804E0572823CA
:1010C000F5F6E40F11E21DE90645FB2B25DB07E8E9
:1010D000A013F8DECD14CDDD1A000360E80CDC4966
:1010E000AA3F172B54F81109A01C3B39D6E0E51391
:1010F0005056BF0AA5FBF3D6030BBE362FCDF00A20
:10110000D8365830C5F1C6FC5E292B1F98D5560D30
:101110000ABD94F0520A3EE7E9183516E54298D820
:101120001AD6FBFAC63D2B17E125E95048BD3AFF18
:10113000A54F2BFF36E606E07321D026FBDD1C17FA
:101140000D3FEF3137CB1C07E54A2413042FA8D0FD
:1011500038ECE917F73A65D53AC41A40F0142C195F
:10116000F9380FF1DC35FD5039E90CB9BAEC19BC8E
:101170000C04CBFFECE9A3E2C0D1B6D9EFD5D91E60
:10118000CA3AC53EE0BBF0E3AFD023DDC5B43E4074
:1011900015CBBBDFBF15D422F7ED4318C4B4F9B9A2
:1011A0001DDD2DC3C4CAE83FE6CFC33423E33FBBF4
:1011B000F93C2F3333D6AF114618E1110B1A46090B
:1011C0001C04340304CFAF3125E4D5D51E073DCF31
:1011D000BD5506FDD101DDD6F51EC509B5E3C4BB7D
:1011E0001A22BBC82DC9E4120F51DBD3FD0AB6E7A2
:1011F000EDEDECDD0850CA042BF1E8E72723091FC9
:10120000E7F2E707322BF6DF13CD3A020DE20CB11D
:10121000DACFDA4BE91A2BD74631E714C0EB3E267A
:1012200010D5AF5045BCAFC6EB1409FCE4D403EEB7
:10123000F0D22ABB24CEF611F1D0CA18FFC302FCAB
:10124000394CEA08323EFD4AE030E339FD3DD21C1C
:10125000ECDF20F432C104B6EB0B29C50AE30C0025
:10126000E1130CD913FCE84F2EC0E9F141C1012173
:10127000EB3530C8BE35163AC7394AC6FE1AF0F704
:10128000C5C84B0E580DF023DDC905FD133324CE20
:10129000F80CE9F31F11B71EDA426739FFCBC1160C
:1012A0001E01D0320030FE38D93504F9132503234E
:1012B0001CD21D0D3E0B333B2CEFB7D02D2A3C37F3
:1012C000E6ABBA17CE2006EBB7FB1FACC31CD22689
:1012D00056CC3CFFEF342EC0D3BC08E41E4205FFC1
:1012E000D709F8FCF5E6AC214CD7CDBBFD0FC0DC2F
:1012F0002EEBBB33EB28560720FA1AFD01BEED1C7E
:101300004CBE332B37CE3046F6C10743FB20D8B74F
:10131000F5BD4BD4FF0AEE1939E547D7B4E3E0D366
:10132000EF05A9D5DFD5D9F112F6040CC1B3EA4413
:1013300018F21D210C2FF8E4EBD6B3CB3B00D335CC
:10134000E8E3232BE4F1C348F6B7DCCBFBF70A1341
:10135000F717CC16DD38364AD5F348F3C1DC3B200D
:101360000013D54A350F174D12112A15E624C3462E
:10137000D4D6142525E1CA0E3AFA1C26F03322D71A
:101380002128DE52A843F7CBF911DAE90CADF1F9C7
:10139000A60619B4CEE6DB31B813EF2A04D5E8D39C
:1013A00008E8362DB92827F000DBF4AECD04E3B40D
:1013B00030B3EFF1CDD91129BEFA3ECAFD09AFFF16
:1013C00006EFC4BC0A1801BDAE05F0F1131DB50C43
:1013D0001BCB26BDC232BF24C517BCEDECC0C5D1A6
:1013E000AE29E0EBEA17B7B0B4D832FAF3BDE71490
:1013F00037F80A00AF03C2F108C5C3C23FD4D83ED4
:1014000028BCE62FA6D2EF213E38AED816FCEBD58D
:10141000CC023FFB11D90839B0F1CBFEC1092F1B1B
:10142000FB491E43CAD410D21B1CF02FBF3EF52629
:10143000A622E4EE0DC8B9F0F036CBC82CE705D3F0
:10144000323D2DCCD43E19FEF724B711D0F8FCC99B
:10145000D703E72BB7E8D84AF0013720FB38D8DAB2
:101460002EC015C11E3C12EFCE472626E0F3DF1337
:101470002824CD2A2EE2EB410DF02447C5EDBEBC59
:1014800040E0EA0DF538E74C170E39C4F0C2CE0C37
:10149000CB471DDEC210B337F62F530D41D8E646B9
:1014A000C30F3FC547223AE81A4747211C00DE2EEA
:1014B000242FE0352A091E28F7640B3D504AF338E3
:1014C000EB2DDC292E4A03CA4F40BBF1AD3FEFE3C1
:1014D00027E8B51AC43FF2FFD81CFDF0B6DAE112D6
:1014E000DA16D1FBE0D9BB100213CECD4A300CEB9B
:1014F00008B043EAED0CD1BBEBCDE7F007D02E05E9
:101500003820DAC7F6EB391ECA34DD3D4236CEB696
:10151000D1B92BDACD2FCABA2DF4FFACD91D27FFD4
:10152000BC170C4214E7CFC4074E0AC7091EC0D42B
:10153000C538AAC2FAEB0E12BBC2FEF70A56CFCBD1
:10154000DA3D15EAEF34E8F4DD29A41A35BEF403D8
:101550009EE2CB36C1D0D00C49370625E7F2040D08
:1015600001FD13D40BD5530CB407C72A49F81C024C
:1015700043D73AFFD72D44AC47F9A134F9B016232D
:10158000A9A64ABDEF40D7E1BB3C56DEAAA7020799
:101590003D100503F213F44598D33FD90AE30C1B21
:1015A000FEF73AF4AFCE12E9BECDEC3AF9BB0444F3
:1015B0001D0639F90117D806C413E0080DCBE1BCAC
:1015C00057A240F229FEE420D4150110F4170110AF
:1015D0000000000001000000E079B13801000000C7
:1015E00014000000000000000000000000000000E7
:1015F00006010000B70000007DFFFFFFA40100000E
:10160000CF000000D30100004F00000040010000A7
:10161000E9FEFFFF2D02000055020000230200003A
:1016200016FFFFFF490200009D020000DDFEFFFFE4
:101630000B000000D8020000540000005E01000012
:101640004C160110F417011000000000010000000A
:10165000F968843B020000000A000000140000004A
:1016600030B7BA126B1B799C07DA2320497F38AD5B
:1016700007EAC118CB8C384829D2D0A9A210D8C10A
:101680003A104F58DA15CAD7F6A60571D7D7E4270E
:10169000DF022B2FF2B603C65AA5A3C3410C600389
:1016A000C353CECBE250642DB5AEEFD8E5CD634C3D
:1016B000DB41A1E4B93FE52DAB496643F13E2AA3E6
:1016C000DE6F5748A749C03CEB8EFD5192DB514875
:1016D000D34EF2C9E446C7FF6727CFB8465712E397
:1016E000EE074523C6D210F33DDFE6DCF357303674
:1016F000EE4F4D966DDCC5653ED99C335101074CCC
:10170000363640305D228DE4E50E5525F8AAD669BF
:10171000A756D6EA2EC1F200506DF32459A1BE3867
:10172000C5D942ECE85E166034170110F4170110B9
:1017300000000000010000005B0A85390100000084
:101740000A0000000000000000000000000000008F
:10175000BA000000CDFFFFFFB10000002300000031
:10176000F0000000C3000000FBFFFFFF99FFFFFF38
:101770008E000000A500000084170110F41701106E
:101780000000000001000000A135A73B020000009E
:10179000070000000A000000000000000000000038
:1017A0004EE1979DD68E324DF876417E399C0D28BC
:1017B000EB0A15D795A911CE4E1DF6891D5AFFB318
:1017C000A283D8B2096069633FF252156C8142E589
:1017D0008FFBE0CE176EC7262A0F372C6D99924EDD
:1017E0003F61C7C5650A0000FC170110F41701101E
:1017F00000000000010000000000000001000000E7
:10180000C8A28439010000000700000000000000A9
:10181000B8FFFFFFBCFFFFFFF600000064FFFFFF03
:10182000B3FFFFFF45FFFFFF43000000401801101A
:101830003818011000000000010000000F00000037
:10184000010000002C5A803D020000000100000051
:101850002E0200002C2066756E6374696F6E3A204C
:1018600000617373657274696F6E20222573222084
:101870006661696C65643A2066696C65202225732F
:10188000222C206C696E65202564257325730A005F
:10189000232D302B2000686C4C0065666745464759
:1018A00000303132333435363738394142434445DC
:1018B000460030313233343536373839616263644B
:0418C0006566000059
:0818C4006808FF7F010000002D
:0818CC0079650010BD940010C5
:1018D40000700120BD310020C5310020D531002029
:1018E40000000000000000000000000000000000F4
:1018F40000000000000000000000000019050100C5
:1019040000000000000000009D050100A905010081
:10191400E5310020E73100206D360020EB31002056
:10192400ED310020EF310020F1310020F3310020AF
:10193400F5310020F7310020F9310020FB3100207F
:10194400FD310020FF31002001320020033200204D
:101954000532002007320020093200200B3200201B
:101964000D3200200F32002011320020B136002049
:101974001532002017320020193200201B320020BB
:101984001D3200201F32002021320020D1360020D9
:101994000348854600F006F80048004775510020CA
:1019A400007001201CB509480090094801900546C3
:1019B4000126009C05E0E36807CC33430C3C9847C0
:1019C4001034AC42F7D3FFF7E7FF000024310020C6
:1019D4003431002002E008C8121F08C1002AFAD1DD
:1019E40070477047002001E001C1121F002AFBD19B
:1019F40070470000C0840020C08400208C71000067
:101A04001431002070B51D4E3078002834D0EFF327
:101A14001085EFF3108072B619480068002802D0D0
:101A24008047002813D03078811E032912D2012464
:101A34002046214604F024F81248016804220A438F
:101A4400026030BF0021204604F01AF80AE085F352
:101A5400108870BD012805D10A4801680422914309
:101A6400016030BF08480068002803D0317802299B
:101A740000D1804785F3108870BDC046FCC10020AA
:101A8400BCED002010ED00E0B8ED002019488047BF
:101A9400194800477046EFF30881EFF30982174BAA
:101AA4009847FEE77046EFF30881EFF30982144B81
:101AB4009847FEE7FEE7FEE7FEE7FEE7FEE7FEE700
:101AC400FEE7FEE7FEE7FEE7FEE7FEE7FEE7FEE7EA
:101AD400FEE7FEE7FEE7FEE7FEE7FEE7FEE7FEE7DA
:101AE400FEE7FEE7FEE7FEE7FEE7FEE7FEE7FEE7CA
:101AF400FEE7FEE7D5370020C13000207536002010
:101B040039350020F0B51FB40646002082B00546E2
:101B14004024019100901BE0019922460F46304673
:101B240000F060F9049A059B801A994110D310467D
:101B34001946224600F046F9361A8F41019722468B
:101B440001200021009F00F03DF938184D4100901C
:101B54002046641E0028DFDC019B0098294632469B
:101B640007B0F0BD30B5434351435C18010C130C6E
:101B74000D465D432C1980B292B20546554351433C
:101B84000A0C09044D1962415843010C0004401920
:101B9400514130BD03460B439B0703D009E008C9FC
:101BA400121F08C0042AFAD203E00B780370401C09
:101BB400491C521EF9D2704710B5002200E0521C95
:101BC400835C8C5CA34201D1002BF8D1D8B2E1B282
:101BD400401A10BDF8B502464A40D40F42004B00EB
:101BE40052085B089A4202D20246084611464A004D
:101BF40023D0C30D4A00DDB2120EAD1A202D35DA02
:101C040049020126490AF6058A19002C00D05242DD
:101C140020214F1B1146B9402A411018C20D9A4287
:101C240021D0002C17D0012D08DCDA05801AD20F40
:101C34008019D207DBB203F029FFF8BDDA05801A58
:101C4400012340001B06C01880185A428018CA0F8E
:101C54001043490007E04908C2071143DA05801A16
:101C640080194008801803F017FFF8BD61000122B5
:101C7400511A001BF7E70122D2075140AAE70122BB
:101C8400D2075040A6E7024670B54A40D30FDB079F
:101C940040002DD04A002AD0010E140E0002120278
:101CA4000919400A520A8418E50104465443000AFB
:101CB400120A2E045043A4194219200CC543AA1831
:101CC400120C0125AD03521C521912047F3924044D
:101CD40000D0521C104301D44000491EC2B20C066D
:101CE400C0092018401C4008802A02D003E00020CC
:101CF40070BD40084000002900DA0020184370BD80
:101D04000122D207002800DB101A002900DB511A37
:101D1400814201D201207047002070470122D2077E
:101D2400002800DB101A002900DB511A814201D976
:101D340001207047002070470122D207002800DBF1
:101D4400101A002900DB511A814201D10120704789
:101D540000207047C20F410040020123400ADB0506
:101D6400D207090EC0187F2901DA0020704796298E
:101D740003DC9623591AC84001E096398840002AAA
:101D8400F4D04042704770B50446002903D00020C7
:101D94002022012310E0002801D00020C043C046C7
:101DA400C0460DE02546D5408D4205D30D469540ED
:101DB400641B1D46954040191546521E002DF1DC4A
:101DC400214670BD10B5202A04DB0146203A91401B
:101DD400002010BD914020239C1A0346E340194380
:101DE400904010BD10B5202A04DB0846203AD040AC
:101DF400002110BD0B46D340D0402024A21A9140AC
:101E04000843194610BD000015460C46064600F06E
:101E1400D5F9EFF308811D4804F03CFB300701D5E8
:101E24001C4800E01A4804F07FFD0420064001D05D
:101E34001AA000E0184804F077FD1CA004F074FD1B
:101E4400002E00D02C4621681CA004F023FB6168FE
:101E54001EA004F01FFBA16820A004F01BFBE16896
:101E640022A004F017FB216924A004F013FB61698C
:101E740026A004F00FFBA16928A004F00BFBE16984
:101E84002AA004F007FB00F06DF9FEE7768100203C
:101E9400BD8100209E810020AF8100205573696EB2
:101EA40067207533325073702E00000053746163E1
:101EB4006B206672616D653A00000000523020208C
:101EC4003A203078253038580A000000523120205A
:101ED4003A203078253038580A0000005232202049
:101EE4003A203078253038580A0000005233202038
:101EF4003A203078253038580A0000005231322018
:101F04003A203078253038580A0000004C522020FE
:101F14003A203078253038580A00000050432020F9
:101F24003A203078253038580A000000785053524F
:101F34003A203078253038580A00000080B503F084
:101F4400B1FD80BD14460D46064600F037F904A0E5
:101F540031462A46234604F09DFA00F003F9FEE7D1
:101F64004E4D495F48616E646C65723A2025303885
:101F7400582C20253038582C20253038580A000099
:101F840010B582B001AC204603F092FD019803F035
:101F940095FD6078000601D501F0FEF802B010BD91
:101FA400F0B585B0002503953B4C04AE2046314680
:101FB40003F08AFD30880821014001200190C60702
:101FC400002907D0204603F085FD642003F088FD36
:101FD40032480660032103AA204603F087FD3048F7
:101FE400046803E003F082FC2C480660002C25D032
:101FF4002046A46A017D0029F4D1417D0129F1D054
:10200400817D0229F2D102A90746234803F074FD19
:102014003846BA68FB6802999A4204D29142E5D3E1
:10202400994204D3E2E7994201D39142DED3C169D4
:102034000029D7D0006A88473846D3E70096184865
:102044000668002E18D00021029A0D46124804E0BA
:102054001D461148B66A002E10D0B37D022BF9D16B
:10206400B368CC0705D0AC1A9F1AA742F0D32B460D
:10207400EEE71D460199EDE729460748C90709D04F
:1020840003998D4206D003212A4603F03BFD0098B4
:102094000249086005B0F0BD0030056000E200E0D0
:1020A4009CC20020014802490160704708ED00E02D
:1020B4000030002070B55C4D29685A4E3068002409
:1020C400224603F025FD30682968224603F026FDE8
:1020D400534801689A48814201D02D2000E02C2009
:1020E40003225207914200D12B2003F01DFD70BD45
:1020F40070B5032465071024AA4205D0104DAA42E6
:1021040002D08F4DAA4219D1802505438B4EB5428A
:1021140014D1049C264D2C60002C04D0264C0025A0
:102124002580244C25803F4C20603D4802603E4879
:1021340001603F48036000F041F80446204670BD4A
:10214400000800601C48008880B21A49098889B2D6
:10215400081A41424141164802685042504108431E
:102164007047C046F0B581B0114C2068002805D0F6
:10217400104D2888104E3188884201D101B0F0BD3D
:10218400274F04E0288081B232889142F6D080B291
:1021940021680968095C386803F0CCFC20688188F0
:1021A4002888401C82B28A42ECD30020EAE7C04669
:1021B40008C20020AAC20020A8C20020F0B583B043
:1021C400174D286803214907884205D05C49884295
:1021D40005D108242C2004E004242B2001E00C2445
:1021E4002D2003F0ADFC0F4E30680F4F39682246A6
:1021F40003F0ACFC002801D003B0F0BD39683068AE
:10220400022203F08BFC0028F6D10848029008480B
:1022140000680190286801A903F09EFC03B0F0BD9A
:1022240010C200200CC20020B0C2002021300101E5
:10223400B4C2002070B58AB0282003F081FC0A20C3
:1022440003F07EFC0B2003F07BFC0C2003F078FCF5
:102254000D2003F075FC0E2003F072FC0F2003F038
:102264006FFC102003F06CFC352003F069FC112096
:1022740003F066FC1225284603F062FC0024204685
:102284002146224603F06EFC03F072FC03F076FC58
:1022940000F0E0F80126310326488180264A0260D6
:1022A4000090E120C3022548254AFFF721FF25A01D
:1022B40031A134A204F0EEF801F01EFB00F01AFF85
:1022C40000F0C8FD00F0F6FF31A02946224600F0D8
:1022D400DBFD00F0CFFA01F0D5FA01F043FB172142
:1022E400204603F051FCF0052E490860FF21090641
:1022F4002D4A13688B4313602C49086002202C4933
:102304002C4A01F085FBC82003F044FC2AA001AA52
:10231400114668C868C168C868C168C868C12F48E0
:10232400214603F03DFC03F041FC03F045FC0AB0F8
:1023340070BDC04614C2002020CC002080B00460D0
:10234400000400605B257320542025735D626C6576
:10235400207065726970686572616C2070726F6A52
:102364006563742863702920737461727420746FB8
:1023740020776F726B2E0A00536570203231203241
:102384003032360031343A35323A34390000000004
:1023940053757065725F536D6172745F5261636BE4
:1023A4006574000080E200E014E400E000E100E075
:1023B40011510020055100209384002000000000EA
:1023C40074ED002044000000B8C6002000040000A2
:1023D400180000000100000000000000C94A0020AD
:1023E400B0B503461020002B22D0012920D8EFF3EA
:1023F4001084EFF3108572B69D7D002D02D084F316
:102404001088B0BD00209862DA61197601219975AF
:102414002D490A68002A02D10B600021D9622B4998
:102424000A68002A01D09362DA620B6084F3108890
:10243400B0BDC04601461020002909D08A7D002A7B
:1024440006D001224A750020C875D107374A1160A9
:102454007047C046F0B581B0052003F071FB2A4DEA
:1024640000242846214603F0ADFB0127F807134951
:102474000860FF263106124A13688B43032189073B
:10248400591811600F4908601F21204603F07CFB96
:102494007902284603F09CFB0821284603F09EFBA2
:1024A4002846314603F0A0FB284603F0A3FB064868
:1024B400046006480460204601B0F0BD80E200E0FC
:1024C4001CE400E000E100E09CC20020A0C2002067
:1024D40010B51023002815D0847D002C12D0426240
:1024E400416001461031084A0446104603F004FBDB
:1024F4000220E075FF200230A0820120C0070B49B2
:1025040008600023184610BD003005600146102005
:10251400002909D08A7D002A06D001204875C87593
:10252400C0070249086000207047C04600E200E08E
:1025340084B0104C104D04E0621C81B2104603F0CC
:102544005FFB28680022D34301A903F05FFB002846
:10255400F2D101A803F060FB02990029F1D003989D
:10256400002802D003F05EFBEBE7204603F060FB9B
:10257400E7E7C046026000003C85002080B50A46BB
:102584000021FFF72DFF4142484180BD80B5FFF790
:1025940051FF4142484180BD80B5FFF799FF414258
:1025A400484180BD80B5FFF7B1FF4142484180BD3D
:1025B400F0B593B07E48012103F040FB00260028CB
:1025C40000D1D9E07B4803F03FFB002800D1D3E0E1
:1025D400794803F03FFB002800D1CDE0774801247F
:1025E400214603F03DFB002800D1C5E00420009003
:1025F4007348744A10210B4603F038FB002800D1BD
:10260400BAE07148062103F037FB002800D1B3E09B
:102614006E48022103F036FB002800D1ACE025020D
:1026240000206B496B4A131859601D8149191C30ED
:102634007028F8D100206849684A13185960282680
:102644001E8128311C307028F7D165480D9064A094
:1026540041688268C06810900F920E910DA803F033
:1026640017FB002800D186E001940020604A614BEA
:102674001918CA600D82412189005218303030285F
:10268400F6D00395BF20C5435B4F28465B4A141818
:10269400CC22A750D023E6522C373030F6D1029208
:1026A4000024574F57480019C7600A46039901820E
:1026B4001146BF183034302CF4D05349534C029A8D
:1026C40060198150C6522C313035F9D150A104A87B
:1026D400024678C978C278C978C203F0DFFA0028C4
:1026E400039C48D000205249524A13189C81996097
:1026F400091920302028F8D04E480222214603F040
:10270400D3FA002837D000204B494C4A11501318F3
:102714009C80091910301028F8D04848022221461C
:1027240003F0C8FA0026002826D045480DAA114611
:1027340038C838C138C838C14020082103F0C0FA6D
:102744004049086000281AD03F4804AA114638C8F6
:1027540038C138C838C138C838C13C480026314669
:1027640003F01EFA07463A480760002F0BD0394899
:1027740003F0ACFA0AE00026304613B0F0BD384846
:1027840004F0D2F8F8E7344804F0CEF8019C002FA6
:10279400F2D003F0A1FA0398F43003F0A3FA7D20F9
:1027A40040012E4903F0A4FA03F0A8FA2646E3E711
:1027B40070980020409B0020089A0020E09300209D
:1027C400B89D0020C89D0020C89F0020589D00206F
:1027D400F8A30020289C002008AC0020D89D0020ED
:1027E400289C002000010400D89D0020280004003B
:1027F40000AA0020F89C002058AD0020089F00206B
:10280400F8A70020989C0020A8AC0020489E002037
:10281400F89C002000010200089F0020280004000A
:10282400989C002000010200489E0020280004001B
:10283400F89F0020A0930020F8A1002050980020C9
:10284400AC80002094AE002088800020B950002085
:102854005CAE0020356F002009820020AC0D000022
:10286400F28100205A480088081A41424141C800B8
:102874007047C046F0B583B03B4900253B4B284622
:102884002A4601F093FB002867D00095019581202A
:102894004300374C284621462A4601F01BFB0028FA
:1028A4005BD04B4908800D20019032480090611C98
:1028B40000200223024601F00DFB00284DD00E2615
:1028C40001962D480090A11C0025022328462A4683
:1028D40001F000FB002840D0122701972748009000
:1028E400E11C0296022628462A46334601F0F2FAF3
:1028F400019723480090211D28462A46334601F0BB
:10290400E9FA01971F480090611D28462A4633467C
:1029140001F0E0FA01971C480090A11D28462A46C0
:10292400334601F0D7FA0298019018480090E11D4F
:1029340028462A46334601F0CDFA07200190144870
:1029440000902D34284621462A46334601F0C2FA27
:1029540001F0F2FA03F0D8F903E00E4803F0E4FFC3
:102964000125284603B0F0BD0A180000E0800020CD
:10297400232A000044810020548100200881002083
:102984001C8100206481002030810020F880002018
:10299400AC840020D381002010B50D48008881420A
:1029A40014D10820002B10D00A490A68496819710B
:1029B4001A700C0EDC710C0C9C71090A5971110E01
:1029C400D970110C9970110A597010BD002010BDF6
:1029D400AEC20020E0EC0020014800887047C046E9
:1029E400A6C2002070B5401E622800D9AEE14D1C7D
:1029F4004000C04678448088400087446200E0007C
:102A0400A3002A015001BE00F6000B0178015F010A
:102A1400A701A701A701A701A701A701A701A70172
:102A2400A701A701A701A701A701A701A701A70162
:102A3400A701A701A701A701A7018800CE00910063
:102A44007F00A7011B0121019001A701A701A70194
:102A5400A701A701A701A701A701A701A701A70132
:102A6400A701A701A701A701A701A701A701A70122
:102A7400A701A701A701A701A7018701A701A70132
:102A84007900A0009D017C008E008500DD0082009D
:102A9400A301A701A001A701A701A701A701A701FD
:102AA400A701A701A701A701A701A7018B00A701FF
:102AB400A701A701A701A701A701A701A701BB00BF
:102AC40027018878CA7812021218E0480C46114689
:102AD40003F096F8A078E17809020918DC4803F0BD
:102AE400D9FCA078E17809020818D749088070BD9C
:102AF4000978A04828E109789B4825E10988A44879
:102B040022E1097894481FE1097895481CE1098875
:102B1400A24819E10978984816E10978914813E127
:102B2400881C00220C46114603F0F4F80146207874
:102B3400627812021218974803F0F2F870BD09780F
:102B44008B4801E108794A7912021418CB782A7863
:102B5400B5480E46214603F0E9F830797179090247
:102B6400091828786A7812021218F378AF4803F02B
:102B740091FC70BD09788148E6E0287869780902FB
:102B84000918A878EA7812021218A879EB791B02BE
:102B94001B18954803F0D0F870BD881C00220C4621
:102BA400114603F0B7F80146207862781202121831
:102BB400794803F0B5F870BD09786848C4E0CA786C
:102BC4002B789F480C46194603F0BCF8287869789E
:102BD40009020918E2789B4803F05CFC9A4900203A
:102BE4000880012103F0B4F870BD8878CA78120215
:102BF40014184B790A797A480D46214603F096F861
:102C0400A878E978090209186B792A79754803F0DC
:102C140041FC70BDCA782B7887480C46194603F0EE
:102C240091F82878697809020918E278834803F052
:102C340031FC70BD0878497809020918534883E0CB
:102C44008A780978504803F07DF870BD09785448B3
:102C54007AE008794A791202121866480C4611463D
:102C640002F0CEFF211D6448082203F077F8207992
:102C7400617909020818A1790904E2791206511848
:102C84000A18207A617A09020818A17A0904E37AF9
:102C94001B0659180B1859A003F0FCFB70BD0B89D7
:102CA400CA888C8851480D46214603F045F82B8983
:102CB400EA88A9884E4803F0EDFB70BD08784A788D
:102CC400120213188878CA781202121835480C4672
:102CD400194603F049F82078617809020918A078A8
:102CE400E2781202121830A003F0D4FB70BD2878E9
:102CF4006978090209184E4802F082FF2878697839
:102D0400090209184B4803F0C5FB70BD0B78C8785D
:102D14004042C2B21A48194603F014F870BD08784C
:102D24004A7812021318887AC97A09020A181548CF
:102D3400194603F019F870BD09780C4804E00978C5
:102D4400034801E00978034802F05AFF70BDC04609
:102D54002BA000002AA0000029A0000028A0000049
:102D640027A0000026A0000025A0000024A0000049
:102D740023A0000022A000002CA0000033A000002B
:102D840021A0000016A0000015A0000014A000005F
:102D940013A0000012A0000011A0000010A0000069
:102DA40034A000000FA000005B4D53475F424C4528
:102DB4005F4D54555F45584348414E4745445F492C
:102DC4004E445D2048616E646C65203D203078255A
:102DD400582C206D7475203D2025640A00000000E5
:102DE4000EA00000898200200DA000000CA00000AD
:102DF400DC8300200AA000000BA000005B4D5347B9
:102E04005F424C455F4C4C5F464541545255455FCB
:102E1400494E445D2048616E646C65203D203078E5
:102E2400254C580A0000000009A00000518300202E
:102E340008A000002283002007A00000D882002000
:102E440005A00000A3830020A6C2002003A0000068
:102E54004B84002080B5024802F08CFF80BDC04640
:102E6400154100202F480088411A484248417047C4
:102E74002C480088884205D10120002B01D0002174
:102E84001970704700207047F0B583B014460D46A2
:102E94000146202D00D320251F4F38462A46FEF731
:102EA40079FE200A1D4E707034700320C102002088
:102EB4001B4B024601F07AF80124002828D0009721
:102EC40001951520450200200227294602463B466B
:102ED40001F000F800281BD000960197691C002619
:102EE400304632463B4600F0F5FF002810D00096ED
:102EF4000196A6358120430030462946324600F02B
:102F0400E9FF002804D00749088001F015F8344689
:102F1400204603B0F0BDC046DCC10020D8C100206B
:102F2400EC800020A4C2002000207047F0B597B0C8
:102F34000124A1024548464A10252B4601F094F885
:102F440044A00BA94CC84CC14CC84CC147A002AA10
:102F54001146C8C8C8C1C8C8C8C12421284602F03F
:102F64000FFF48490860002812D047A011AA114653
:102F740068C868C168C868C10820802102F000FFE1
:102F840047490860002807D103204003401C01E0A2
:102F94000320400302F04CFE40200C210BAA02F057
:102FA4008FFE4049086000281CD03FA002AA1146A9
:102FB40068C868C168C868C168C868C14348002156
:102FC40002F0EEFD42490860411E05468D4100288D
:102FD40033D0802002F0DAFE3E4802F0DDFE002D00
:102FE40003D127E00025002D24D0260200961021CD
:102FF40028220823204602F0D5FE6836364831469A
:1030040002F0D6FE33208101344802F0D7FE344862
:103014000221302202F0D8FE02F0DCFE314802F038
:10302400DFFE314802F0E2FE304802F0E5FE3048AF
:1030340002F0E8FE284617B0F0BD03204003093033
:1030440002F0F6FD002DD0D1F4E7C04620DC0020CC
:103054001CC20020348200200000000008850020EB
:103064003400000040850020000600006E8200202D
:1030740000000000E8EC00202400000098BF0020BD
:103084004002000004C2002047820020000000002B
:103094000CED00202400000098BB00200004000078
:1030A40000C200203C850020618200200100000055
:1030B400C084002044000000408B00200008000071
:1030C400200000000000000000000000613C00201F
:1030D400048500205D6E0020B8CA002020E0002096
:1030E40040930020AD3C0020C93C0020D53C00208A
:1030F400BD3C002010B502F0C5F900240221204691
:1031040002F042FD124804220260FF20000411492B
:103114000B6883430B60104802600F2003210723D0
:1031240002F076FE00F03CF8FFF742FA002807D0E0
:10313400FFF7FCFE002805D000F07AFE204610BD03
:1031440006A000E00CA003F0EFFB012010BDC04678
:1031540080E200E000E400E000E100E0626C655F12
:10316400636F6E74726F6C6C65725F696E697420E4
:103174006572726F722E0000626C655F686F7374A3
:103184005F696E6974206572726F722E00000000B0
:1031940080B502F043FE80BD80B502F045FE80BDDF
:1031A40010B52B4802F046FE2A4802F049FE2A4890
:1031B40002F04CFE294802F04FFE294802F052FE6C
:1031C400284802F055FE284802F058FE274802F02D
:1031D4005BFE274802F05EFE264802F061FE2648A8
:1031E40002F064FE254802F067FE254802F06AFEFC
:1031F400244802F06DFE244802F070FE234802F0D9
:1032040073FE234802F076FE224802F079FE22483B
:1032140002F07CFE214802F07FFE214802F082FE8B
:10322400204802F085FE204802F088FE1F4802F084
:103234008BFE1F4802F08EFE0020C4432046214628
:1032440002F08EFE2046214602F090FE10BDC046DC
:10325400D3BC0200B3BC0200BBBC0200CBBC020066
:10326400C3BC0200B9550100695601006127020080
:103274000127020015270200710B02005D240200E1
:10328400312602009D2502008D260200F925020048
:10329400C52602007D270200752702007D0B02006F
:1032A400D9E9030001E803003DE70300C5EA030090
:1032B4009DEA0300F0B58DB0022002F05DFE092402
:1032C40001AE0625204631462A4602F05BFE3178DF
:1032D40070780A460243120605D10BA8264981805C
:1032E40026480B9012E0C2B20BA8C27001AA53790F
:1032F4004371937883700B090901C9180171D1785E
:103304003F23194041701179194001700BA802F054
:103314003FFE1B4807A90A46C8C8C8C203881380D1
:10332400807890700026304602F038FE06A98D7031
:10333400812040000880032530462A4602F034FEEE
:1033440001AF7C7013203870B81C0EA11222FEF756
:1033540021FC14223046394602F02CFE304602F09D
:103364002FFE05211022284602F030FE01213046AE
:1033740002F0EEFC0DB0F0BD03BA000055404D0361
:103384007880002053757065725F536D6172745F4D
:103394005261636B65740000AAB002F01DFE0890D0
:1033A400EBA003F0C1FA13A80F30009024A80C304E
:1033B4000690002501200B900A950C9510952E4639
:1033C4000F950D951195099504E000250A202E46C8
:1033D40002F0E0FB129600F0F9F9074600F0FAF962
:1033E400044610982E4685B202F0FCFD0E90AF42C2
:1033F4003546129E02D10F98844206D0E0480068F8
:103404001190002510972E460F94384600F0E8F9E5
:103414000028DAD0DA490868002800D11190F007B2
:1034240001D0119AAEE008462838006800220D92B7
:10343400D44A904200D097E00C681198844200D19D
:1034440092E0002C00D18FE00120204000D08BE0DE
:10345400BFF35F8F0020CA4B19181839097824AAC2
:103464001154401C1828F7D10020069E1918097E13
:103474001BAA1154401C2428F8D1BFF35F8F18688D
:10348400844211D1039424A80024C474C471BE4D91
:10349400296824A8FEF790FB002808D02D1D641C81
:1034A400072CF5D1FF2003E000200D905CE0E0B292
:1034B40007900024B44D29683046FEF77DFB0028B0
:1034C40005D02D1D641C072CF5D1FF2600E0E6B2C3
:1034D40000200D900798062846D8062E44D829982F
:1034E4000590269D00212846FEF70AFC00283BD1C2
:1034F4007F20C40528462146FEF710FC002833D15E
:1035040001960021059E30461291FEF7F9FB002832
:103514002AD1029530462146FEF700FC002823D12B
:103524000497129E1BA8855928462146FEF7F6FBF0
:103534000746401E874128461299FEF7E1FB002802
:103544000B9800D1384600280BD1361D1C2EE9D12A
:10355400079DA8001BA908580299FEF7EDFB002857
:103564006BD112980D90049F0D9A501E16468641F9
:103574001698C0B2811F48424841304000D1119A88
:10358400464000250220F1071BD011921290202002
:10359400411B38468FB2044600F036F9874200D307
:1035A4000746002F11D0A8B213A9091820463A469D
:1035B40000F036F90146002800D1ED1922460F46E5
:1035C40005E0119202F0E6FA04E700272246002FF4
:1035D400119C16D00C98002805D00A980E99081A48
:1035E4000899884206D3ABB26BA0394602F052FF69
:1035F4000E980A900C98401C0C900A2002F0CAFA0B
:1036040013E00D9841424141A8B220280B9A00D101
:103614000A46002A00D10D9C203841424141099AB2
:1036240052180992411E884106401194002F1298A5
:1036340000D0CFE602F0AEFACCE6239E340C601E36
:103644008441019880001BA908580599FEF774FB72
:1036540000280B98049F00D02046002812980D9053
:1036640082D10596002414940999080E13AEF071C2
:10367400080CB071080A7071317116943573159481
:103684002298010EF172010CB172010A717230724A
:1036940002983E49FEF7F7FA07462146FEF730FB4B
:1036A40000281294254600D13D462846374C214631
:1036B400FEF734FB002800D12C463F2109062046A2
:1036C4000D91FEF787FAFEF745FB7073129C1A946E
:1036D4001994189417942E481390009E0DE02846D0
:1036E4000D99FEF777FAFEF735FB711E0870000A94
:1036F4003070B61C241D1C2C15D01BA8005925495C
:10370400FEF7C1FA0546129F3946FEF7F9FA00287A
:1037140000D12F4638461F4D2946FEF7FFFA0028F0
:10372400DDD13D46DBE713A805990177090A417706
:1037340000210846039B13AA525C8018491C1E29C9
:10374400F9D113A98877000AC8770D930BE7C0460F
:1037540043502070696E706F6E20763720737769DE
:103764006E672072323A205632206F6E6520706187
:10377400636B657420706572206576656E740D00E8
:10378400285C012044524853C480002000007F4339
:10379400AA55010200401C46424C45206E6F7469D4
:1037A4006679206661696C65643D256C7520636F7C
:1037B4006E6E3D2575206F66667365743D25753B99
:1037C4002072657472790D0A0000000080B5FFF75D
:1037D40003F980BD014800687047C04648F60020E0
:1037E400B0B5002400280CD00546FFF7F5F8854253
:1037F40007D122480088854203D12148007801245A
:1038040004402046B0BDC04680B502F0F1FB162846
:1038140002D8142080B280BDC01E80B280BD0000DA
:10382400F0B581B00124002825D0002923D0002A36
:1038340021D005460E461746FFF7CEF885421AD129
:103844000E480088854216D10D480078C00712D072
:10385400284602F0CDFB162801D8142000E0C01E33
:1038640080B2874207D82248018828463B46324620
:1038740002F0C4FB0446204601B0F0BD44F600202B
:1038840046F6002070B582B00124E1021448154ABE
:10389400102300F0E9FB144E0025144B2846314652
:1038A4002A4600F083FB002816D0009501951120CC
:1038B4000301701C81B228462A4600F00BFB002845
:1038C4000AD00B49088002F09FFB0A4908800028AF
:1038D40002D000F031FB2C46204602B070BDC04639
:1038E400C0ED0020C0F50020F0FF0000B4840020EB
:1038F40042F6002040F600200348044901600448D1
:10390400044901607047C046300B00209D6F0020C1
:103914002C0B0020C551002010B582B00E490A6856
:10392400002A0CD00D490B881468E05494885A1C62
:1039340093B2A34200D300220A8002B010BD01A9B1
:103944000870074A136801220446184602F062FB15
:10395400204602B010BDC04608C20020A8C2002004
:1039640010C200200148024901607047280B002062
:10397400A550002080B5FEF7F5FB7D20800002F005
:10398400AFF8FEF73FF880BD82B00A4D0AA403E009
:103994000146204602F07EFD28680022D343694692
:1039A40002F034F90028F3D10199009802F038FBB1
:1039B400F2E7C04694AE00206C6C635F7461736B75
:1039C40020676574206D7367206661696C65643A6D
:1039D40025750A0080B5FEF7F1FB02F027FB80BDD8
:1039E40010B5FFF7F3FE0024002801D0204610BDD7
:1039F400FFF7CEFB0028F9D0FEF7A4FB0028F5D092
:103A0400FEF758FB02F018FB0124204610BD00000D
:103A140010B5094B19600949087009480260012072
:103A24000024214602F02CF803210A220523204613
:103A340002F0EEF910BDC046BCED0020FCC1002030
:103A4400B8ED00208AB009A001AC21462CC82CC1D5
:103A54002CC82CC12CC82CC102F0F4FA0C4800214B
:103A6400224602F09DF802F0F3FAFEE77384002088
:103A74000100000030ED002044000000B8C2002026
:103A84000004000018000000000000000000000016
:103A9400653900200C460546FEF790FB06A002F0AF
:103AA40043FF09A0294602F0F5FC0CA0214602F0D0
:103AB400F1FCFEF757FBFEE76F7320657272206F0F
:103AC4006363757273000000636F646520202020B7
:103AD400203A203078253038580A00006F626A6531
:103AE40063745F69643A203078253038580A0000DE
:103AF400F0B583B01C4616460F4602900989134858
:103B0400089D2A4602F030F9F888C00513D40294BF
:103B14003C8A0E48401C2146324602F025F9A01B7F
:103B240081B2A94200D80546AAB2786981190298DF
:103B3400FEF730F807E039890095029832462346AB
:103B440000F0E4FD0546A8B203B0F0BD1551000035
:103B5400F0B585B01D4616460F4601210170147854
:103B6400384602F07BFA002800D16EE000970195F8
:103B74000746C8379D490546481C214602F040F8CF
:103B8400D8350295601E512800D9D9E04000C046BE
:103B9400784480884000874451005D006F009500A0
:103BA4009A00A100A700AE00B400BB00C000C7008B
:103BB400CC00D300D300D900DF00E600EC00D30032
:103BC400D300F300F90000010501D3000C01D30078
:103BD40013011A01D300D300D300D300D300D300C0
:103BE400D300D300D300D300D300D300D300D30039
:103BF400D300D300D300D300D300D300D300D30029
:103C0400D300D300D300D300D300D300D300D30018
:103C1400D300D300D300D300D300D300D300D30008
:103C2400D300D300D300D300D300D300D300D300F8
:103C3400D300D300D300D300D3001E01029C20463E
:103C44003146019A02F010FACBE0684801F0F0FF27
:103C540005B0F0BD3846314602F00CFA0028029C4B
:103C640000D0BEE004A900980880388848800A2063
:103C7400042202F005FAB4E00121304602F006FA0B
:103C84007A889042014600D311463A88914202D282
:103C9400172900D339803A7854498B1CC1B218468D
:103CA40002F050F80220B8713988009C204602F0D6
:103CB400F3F903A90C80388848800A20042202F012
:103CC400DFF98DE03846314602F0ECF988E0029CD9
:103CD40020463146019A02F0EBF982E0384631463B
:103CE400019A02F0EBF97BE0029C20463146019AEE
:103CF40002F0EAF975E038463146019A00F0ECFA30
:103D04006EE0029C20463146019A02F0E3F968E035
:103D14003846314600F0D6FB62E0029C204631462C
:103D2400019A02F0DDF95CE03846314600F066FAAB
:103D340056E0029C20463146019A02F0D7F950E041
:103D440006223846214602F0D7F949E03846314682
:103D5400019A02F0D7F943E0029C20463146019AC9
:103D640002F0D6F93DE038463146019A00F042FCB3
:103D740036E0029C20463146019A02F0CFF930E049
:103D840038463146019A00F0D1F929E0029C2046D8
:103D94003146019A02F0C8F923E03846314600F072
:103DA40093F91DE0029C20463146019A02F0C2F9C3
:103DB40017E0029C20463146019A02F0C1F910E056
:103DC400029C20463146019A02F0C0F909E03846C7
:103DD40000F0D4FB04E038463146019A00F0DDFBE4
:103DE400029C204602F0B8F905B0F0BD1452000060
:103DF4000148024941607047BC0A002081520020FA
:103E040010B50C46C988C90503D5218900F066FCA4
:103E1400208210BD014802490161704764090020F5
:103E2400555500200121017000487047FFFF000034
:103E340080B5114802F040F8104802F043F81048E9
:103E440002F046F80F4802F049F80F4802F04CF827
:103E540001F01AFA01F04AF801F032F800F09CFC83
:103E640001F034F801F012F800F09CFCFFF7D2FFE7
:103E7400FFF7BEFF80BDC046D16900209D6A0020C7
:103E8400096A0020F96A0020656A0020B0B501467D
:103E94008B4A1088002810D013888A4A146800229C
:103EA40004E00834521C9A42184608D225888D42F0
:103EB400F7D865888D42F4D302E0002200E018466A
:103EC400D100804B1B6859184968002900D010465E
:103ED400B0BDC046F0B581B01C4617460D46154925
:103EE400079B069A00280DD00D46002F1BD038469C
:103EF400214602F037F90646681C1022394601F0C3
:103F04002DFF0AE028460F46214602F031F9064605
:103F1400B81C294601F074FE3D46E81C3146224691
:103F240001F022FF03E0284601F082FE002630461D
:103F340001B0F0BDA5520000F0B581B06048018821
:103F4400002912D002885F480368002004E0083387
:103F5400401C9042114606D25C88002CF7D11C8884
:103F6400002CF4D002E0114600E000200E4C884200
:103F740006D181B2204601F043FE002001B0F0BD1D
:103F8400C60002F0FBF805464E4F3868801945809C
:103F940002F0FAF80246601C294601F0E5FE386892
:103FA4008019408801B0F0BDA3520000F0B583B081
:103FB40001920E46424D29880024002902930FD015
:103FC400404A12681788002F0AD029880832012332
:103FD4001C468B4204D2631C17880832002FF7D189
:103FE4008C4205D1A1B21F4801F00AFE002735E03A
:103FF4001C4D002813D02E46019D002D2AD00520EB
:10400400C102284602F0C6F80746B01C1022294611
:10401400354601F0A3FE002F0DD100271EE0052038
:10402400C102304602F0BCF80746E81C314601F0F4
:10403400E7FD002FF1D0E000224909680F5208186B
:104044000299416000214180281DA2B2394601F045
:104054008BFE03E0701C01F0EBFD0027384603B033
:10406400F0BDC04699520000F0B581B0134D002850
:104074001FD0002A1DD00C4600291AD0002B18D0BE
:104084000F490B800F490A6000210F460E46FF00BE
:10409400D151761CF7B29F42F9D3002200922146F7
:1040A400134602F083F8681C214601F0A9FD01B013
:1040B400F0BD284601F0BCFD01B0F0BD97520000F0
:1040C40008AE00200CAE002070B582B00E46044647
:1040D400102002F071F800280AD005466189A088F2
:1040E4007278002300930193012A06D0032205E08D
:1040F4000D4801F09DFD02B070BD022200F026FBC8
:10410400010607D0C3B218210022284602F05AF84B
:10411400024602E0192028700122A088294602F0F4
:1041240057F802B070BDC04623510000F0B58BB003
:1041340004920C4605460121204601F0A7FF0746DC
:104144000321204601F0A2FF03902E462888001D7B
:1041540080B202F031F8002813D0054605A839468C
:1041640002F03CF8002811D005A8C088010701D549
:10417400C00512D4162128463A4602F035F8024604
:1041840028E01D4801F054FD0BB0F0BD162128466F
:104194003A4602F02FF802461CE005A9304602F028
:1041A4002FF8002801D003460EE0B0880499491F77
:1041B40089B2621D0092019101223946039B00F0ED
:1041C400C5FA01060CD0C3B2162128463A4601F0BE
:1041D400F9FF0246B088294601F0FAFF0BB0F0BDA2
:1041E40028462146049C2246FDF7D4FC172028705B
:1041F40077812246EEE7C04622510000F0B589B02F
:104204000D4604460121284601F040FF06460321DD
:10421400284601F03BFF029003A8314601F0DEFF7F
:1042240007462088001D80B201F0C6FF00280CD08C
:104234000546002F0ED003A8C088800710D40C2197
:104244002846324601F0E2FF3BE0224801F0F0FC50
:1042540009B0F0BD0C212846324601F0CBFF30E016
:1042640003A9204601F0CCFF002806D003460C2108
:104274002846324601F0A6FF23E0A08803AF394662
:10428400FFF7BEFD388A029A824205D90C212846DE
:10429400324601F0C1FF14E0801A411C208881429B
:1042A40003DD1018401E03A908820798801A81B202
:1042B400A08800916B1C03A9FFF71AFC0D2129703B
:1042C400401CA18882B20846294601F081FF09B04A
:1042D400F0BDC0461F510000F0B591B014460E4623
:1042E400074601213046099101F0D0FE054603211D
:1042F400304601F0CBFE024671480A952946054630
:10430400089201F031FD7279681C214601F02CFD00
:1043140007973888001D80B201F04EFF002804D0B2
:104324000746082C06D3102005E0A81C01F080FCE9
:1043340011B0F0BD022006900A9A0899501E80B26E
:1043440088420AD2701D05900BA801F06BFF00266D
:1043540003960296099804900FE00821384601F06C
:1043640049FF9EE00BA9079C204601F049FF002865
:1043740034D00390099C002C75D10BA801F058FF90
:10438400002870D00BAC204601F058FF2289A18888
:10439400E81C01F0E9FC0E9801784078000240180E
:1043A40082B2E188281D01F0DFFC20890028E1D0D9
:1043B40000240A998842DED308998842DAD80BA8E7
:1043C4000599069A01F040FF0028D4D00BA8C088B4
:1043D4008007C7D43004CED10D9ECCE7A0880BA9AA
:1043E400FFF70EFD0F98801C049989B200220392F6
:1043F400022904D382B2029B9BB29342BAD101290F
:1044040003D17870049B5B1C01E0049B029802902A
:1044140080B299B20A1820888242049306D90229EC
:10442400A8D8001F0BAA1082801C78700BAC2289BC
:10443400384601F00FFF07988088218A009104997B
:10444400891C049189B27B18002203922146FFF74C
:104454004FFB0446681D214601F0D2FB0498201846
:104464000490039C87E7049988B2022802D30920A8
:10447400387017E00399080606D0CBB208213846F5
:104484000A9A01F09FFE0CE0300405D0B2B2082174
:10449400384601F0BBFE04E0082138460A9A01F0D0
:1044A400DFFE0146A81D8CB2214601F0A9FB079846
:1044B40080883946224601F08BFE11B0F0BDC0461B
:1044C40017510000F0B587B00A4604460121104692
:1044D40001F0DCFD064601A8314601F07FFE0746E7
:1044E4002088001D80B201F067FE00280CD005462C
:1044F400002F0ED001A8C088800710D40A212846B6
:10450400324601F083FE2EE01B4801F091FB07B018
:10451400F0BD0A212846324601F06CFE23E001A9D1
:10452400204601F06DFE002806D003460A212846E5
:10453400324601F047FE16E0A08801AE3146FFF78F
:104544005FFC2088318A814202D3401E01A908827F
:10455400A08801A90A8A00926B1C0022FFF7C8FAFE
:104564000B212970401CA18882B20846294601F01B
:104574002FFE07B0F0BDC0461E51000080B582B0CA
:104584000189002907D000230381808800930193C7
:10459400042200F0DBF802B080BDF0B589B0154606
:1045A4000C4607460121204601F070FD064603A88B
:1045B400314601F013FE00280CD04120800003A9ED
:1045C400C9880140814205D103A9384601F018FE8B
:1045D400002801D009B0F0BDB888E91E89B2E21CF8
:1045E4000092019100223146134600F0AFF809B061
:1045F400F0BD0000F0B58BB003920C4607460126CF
:104604000846314601F042FD014605A8049101F037
:10461400E5FD0546102001F0CFFD00280CD0002D4B
:104624000FD005A9CA8811073D4613D412210446A8
:10463400049A01F0D9FD1AE0274801F0F9FA0BB009
:10464400F0BD12210446049A01F0D4FD2146064629
:104654003D460EE005A9D20511D4098AC91C039B65
:1046640099420CD212210446049A01F0FFFD21461E
:104674000646A888324601F0ABFD0BB0F0BD002A17
:10468400D4D5074605A9284601F0BAFD002805D06F
:10469400034612213C463846049A13E0A88803993D
:1046A400C91E89B2E21C009201910022049C214699
:1046B400134600F04BF8010609D0C3B2122122467A
:1046C4003C46384601F07EFD39460646D1E71320C4
:1046D40039463870CDE7C04621510000B0B50C46CC
:1046E40005460846FFF7D2FB014629480288002008
:1046F40091420AD0C900274A1268511849680A68C9
:10470400002A02D0284621469047B0BDF0B581B0BA
:104714001C4615460E4607460846FFF7B7FB0146FA
:104724001B480288002091420ED02346C900194A32
:104734001268511849684C68002C05D006980090FE
:10474400384631462A46A04701B0F0BDF0B583B0E3
:104754001C4615460E4607460846FFF797FB0146DA
:104764000B4802880020914210D02346C900094A10
:104774001268511849688C68002C07D00998089968
:1047840000910190384631462A46A04703B0F0BD57
:1047940008AE00200CAE002008480149C1647047EF
:1047A400F9620020092040010449054A0A50E24800
:1047B4000021044A026041607047C046500B00204B
:1047C400356B0020ED490000F0B587B00546D848A8
:1047D4002E184520000128180290F8482B5C0391FC
:1047E400497B9768D0682C4650340278002B45D01A
:1047F400002965D0092A00D0B1E0FF2109020F4049
:10480400092109028F4200D0FCE0027A04A90A724D
:10481400027943791B029A188379C5792D02EB1822
:104824001B049A180592027843781B029A1883781D
:10483400C0780002C018000480180490481C01F0DD
:104844001BFD07460D46012030700026039A967220
:1048540010208143B9482F303840029B03C3517B59
:10486400B448401C01F0CCF9B64A3A405120854383
:10487400218830462B4601F005FD55E1002970D012
:10488400092A00D1CAE0072A00D008E1FF231B024D
:104894001F40012673029F4200D015E140780E2884
:1048A40000D041E1002603988672A248401D01F021
:1048B400A7F921881A203246334601F0E3FC33E19C
:1048C4000E2A00D09CE0FF210902394009231B0273
:1048D400994200D0E7E0027A04A90A720279437986
:1048E4001B029A188379C4792402E3181B049A18CA
:1048F4000592027843781B029A188378C0780002E4
:10490400C018000480180490481C01F0B5FC019103
:10491400894A0ACA894A0090084011402F24044059
:104924000A191027BB43284601F0B2FC002800D125
:10493400F7E00246F84301213170814991610399FE
:10494400D161019B034000987C4E3040044302989F
:1049540004604360284601F0A1FC0026E4E001263F
:10496400E2E0082A00D09CE0FF2109023940092333
:104974001B02994200D0C1E0027A04A90A720279AA
:1049840043791B029A188379C4792402E3181B041F
:104994009A180592027843781B029A188378C07893
:1049A4000002C018000480180490481C01F064FC44
:1049B4000191614A0ACA614A0090084011402F24BB
:1049C40004400A191027BB43284601F061FC002863
:1049D40000D1A8E00246F8430121317058499161A1
:1049E4000399D161019B03400098544E3040044325
:1049F400029804604360284601F050FC002693E0CE
:104A0400012691E02846039C214601F04DFC002636
:104A1400A672617B474801F0F3F885E0FF210902A3
:104A24000F4009210902434B8F425AD1027A04A94B
:104A34000A72027943791B029A188379C5792D0287
:104A4400EB181B049A180592027843781B029A18F3
:104A54008378C0780002C018000480180490481CB1
:104A640001F00AFC07460D46012030700026039A27
:104A740096721020814331482F303840029B03C383
:104A8400517B2C48C01D01F0BBF82E4A3A405120FE
:104A94008543218830462B4601F0F4FB44E001268F
:104AA40042E0012640E02846039D294601F0FCFB34
:104AB400204CA01C394601F0FDFB0026AE72697B38
:104AC400E01C01F09DF82FE02846039C214601F0EC
:104AD400EBFB0026A672617B1648001D01F090F8DE
:104AE40022E02846039C21461D4601F0DDFB0026FA
:104AF400A672617BA81D01F083F815E02846039C8B
:104B0400214601F0D1FB0B4D28460830394601F00F
:104B1400D1FB0026A672617B0935284601F070F8A6
:104B240002E0022600E00226304607B0F0BDC0468F
:104B340049040000CE36000010AE002000CF87F7F5
:104B4400A98002002FCF87F770B5002810D00D463A
:104B540000290DD0002A0BD0D168097800240E2931
:104B64000FD0082927D11549405C002823D10CE037
:104B74001620492100242246234601F0A1FB2046A9
:104B840070BD0E49405C002815D001242C7300260A
:104B9400EE72FF2004302881304601F097FB03C5F4
:104BA4000748EE806E716E61AE61E861AC700548D5
:104BB400314601F025F8204670BDC046510300007F
:104BC400F95E0020CD36000010B5044600F026FD45
:104BD400002802D00C21012006E000F0F9FC002896
:104BE40001D1014600E00C212070084610BD0000F0
:104BF40010B50A46002911D00446906B00280DD048
:104C0400107C072811D0062816D005281DD110487D
:104C14000068D060104600F023FD13E08520C10039
:104C24001C20002301F04CFB10BD09480068D06033
:104C3400104600F019FD05E005480068D0601046F4
:104C440000F018FD0120207010BD0020207010BD60
:104C540050080020B0B50D4600290FD00446A86BBB
:104C640000280BD0287C07280FD0062812D005284E
:104C740017D12846114600F0F4FC0FE01C200A4925
:104C840000232A4601F01CFBB0BD2846114600F063
:104C9400EEFC03E02846114600F0F6FC01202070EB
:104CA400B0BD00202070B0BD8D04000010B50A46D0
:104CB400002918D00446906B002814D0107C0728D3
:104CC40017D0062823D0052831D140480178D06870
:104CD400484318490968884200D80146D160104603
:104CE40000F0C0FC20E01C201349002301F0E8FA86
:104CF40010BD36480178D06848430E490968884297
:104D040000D80146D160104600F0B2FC0CE02F48F8
:104D14000178D068484307490968884200D80146A9
:104D2400D160104600F0CFFC0120207010BD00209F
:104D3400207010BD5408002053040000B0B50D4687
:104D4400002919D00446A86B002815D0287C072810
:104D540019D0062826D0052835D1E8681B490978DA
:104D6400FDF711F81A490968884200D30146E96041
:104D7400284600F078FC23E01C20164900232A462C
:104D840001F09EFAB0BDE86810490978FCF7FBFF12
:104D94000F490968884200D30146E960284600F0BB
:104DA40068FC0DE0E86809490978FCF7ECFF08495C
:104DB4000968884200D30146E960284600F096FC61
:104DC40001202070B0BD00202070B0BD5C08002020
:104DD40058080020B5040000B0B50446012500F0D1
:104DE40085FB002801D0284608E000F017FC0028C5
:104DF40001D0012002E000F0EBFB054620702846BC
:104E0400B0BD70B504460C26012500F0A3FB0028B4
:104E14000BD100F010FC002807D100F0E6FB05469A
:104E2400002801D12E4600E00C262570304670BDC6
:104E340070B504460C26012500F08CFB00280BD12C
:104E440000F0F9FB002807D100F0CFFB054600284D
:104E540001D12E4600E00C262570304670BD10B5F9
:104E6400044600F077FB002803D100F0E4FB00289F
:104E740003D0002020700C2010BD00F0B6FB0021F0
:104E84002170002800D00C2010BD00001520000166
:104E94001249074A0A5053208000064A0A50292022
:104EA400C000054A0A5051208000044A0A50704745
:104EB4006D64002085630020DD63002021630020F1
:104EC4000648014901667047096500200348044902
:104ED400044A054B8363C26301647047500B00208E
:104EE4008F65002033650020616500207047000055
:104EF400B0B584B0002808D004468168022001F0CF
:104F0400EBF9002804D004B0B0BD042004B0B0BD57
:104F1400E389A289607C014601F0E4F90028F2D11A
:104F24006269A369217C607C01250095019002904F
:104F34000025284601F0DCF90028E4D1206A01F0BC
:104F4400DDF90028DFD1A18B606A01F0DDF90028CA
:104F5400D9D106480570627C03CC01F0DBF9002846
:104F6400D1D101F0DDF9284604B0B0BD0C0D00200C
:104F740070B501260670274800780024002801D067
:104F8400204670BDEFF31085EFF3108072B601F088
:104F9400CDF900280CD0344C2078002804D11F48C7
:104FA40001F0CAF90120207085F31088012070BD3A
:104FB4002F490846683800682B4A1278002A1DD009
:104FC40030401BD0052208680B68984204D0531E59
:104FD40012061A46F7D1FF22110613D02349096895
:104FE400814213D90C4A128885F31088081A510992
:104FF400884200D800263446204670BD85F31088C8
:10500400204670BD85F31088204670BD85F3108856
:10501400204670BD5F09002022080020FFFFFF1F0B
:10502400B0B501210170EFF31084EFF3108072B674
:105034000D4D2878002813D00C4800680C490968E5
:10504400814205D2491D814204D201F07BF905E079
:10505400642001E04B20800000F042FD0020287015
:1050640084F31088B0BDC0465B0900208000004076
:10507400E8010040B0B584B0002808D00446816837
:10508400042001F029F9002804D004B0B0BD0420A4
:1050940004B0B0BDE389A289607C014601F022F925
:1050A4000028F2D16269A369217C607C0125009506
:1050B400019002900025284601F01AF90028E4D155
:1050C400206A01F01BF90028DFD1A18B606A01F08E
:1050D4001BF90028D9D103CC627A01F039F90028F0
:1050E400D3D10348057001F039F9284604B0B0BDA6
:1050F4009C0D002070B584B0002808D00446816857
:10510400062001F0E9F8002804D004B070BD0420A2
:1051140004B070BDE389A289A17C607C01F0E2F84F
:105124000028F2D16269A369217C607CA57C0126F8
:105134000096019002950025284601F0D9F8002830
:10514400E3D1206A01F0DAF80028DED1A18B606A8D
:1051540001F0DAF80028D8D103CC627A01F0DAF849
:105164000028D2D10348057001F0FEF8284604B0A7
:1051740070BDC0469D0D0020B0B584B0002808D095
:1051840004468168032001F0A7F8002804D004B085
:10519400B0BD042004B0B0BDE389A289607C01469F
:1051A40001F0A0F80028F2D16269A369217C607C37
:1051B40001250095019002900025284601F098F8F9
:1051C4000028E4D1206A01F099F80028DFD1A18BEE
:1051D400606A01F099F80028D9D103CC627A01F011
:1051E400B7F80028D3D10348057001F0C3F8284666
:1051F40004B0B0BDBC0D002070B584B0002808D048
:1052040004468168052001F067F8002804D004B042
:1052140070BD042004B070BD638A228AA17D607DC4
:1052240001F060F80028F2D1A17DE06801F0A8F84F
:105234000028ECD1A269E369217D607DA57D01266A
:105244000096019002950025284601F051F80028A7
:10525400DDD1606A01F052F80028D8D1218CA06A0F
:1052640001F052F80028D2D103CCA27B01F070F8EF
:105274000028CCD10348057001F088F8284604B012
:1052840070BDC046BD0D0020024803498164034936
:1052940041657047200D002051670020A166002061
:1052A40070B50546554E3068002801D0012070BD08
:1052B40001F072F82846FFF71BFE0446002801D0CF
:1052C400204670BD0348306003CD01F06BF82046E2
:1052D40070BDC04684270200F0B581B00446474F34
:1052E4003868002801D001261EE001F055F803CCEF
:1052F400637A00252A46083C01F05AF803C4206862
:10530400627A2946083C01F059F8A0602046FFF76C
:10531400B1FE0646284601F057F8002E04D1044891
:10532400386003CC01F03EF8304601B0F0BDC04611
:10533400D427020070B50546304E3068002801D0ED
:10534400012070BD01F028F82846FFF7D3FE04467B
:10535400002801D0204670BD0348306003CD01F021
:1053640021F8204670BDC046E4270200F0B581B0A4
:105374000446224F3868002801D001261EE001F0BF
:105384000BF803CC637A00252A46083C01F010F898
:1053940003C42068627A2946083C01F00FF8A06033
:1053A4002046FFF7E9FE0646284601F00DF8002ED8
:1053B40004D10448386003CC00F0F4FF304601B057
:1053C400F0BDC046F427020070B505460B4E3068A8
:1053D400002801D0012070BD00F0DEFF2846FFF751
:1053E4000BFF0446002801D0204670BD04483060FD
:1053F40003CD00F0D7FF204670BDC046C00D00208D
:1054040004280200B0B501230370D068047800209A
:10541400162C35D87123DB00CB18C0467C44247984
:105424006400A744151A2D0B2D2D2D2D102D0B2D99
:105434001F2D102D2D2D2D2D242D29000846194604
:1054440000F0C8FFB0BD08461946FFF77DFBB0BDAC
:105454000846194600F0C4FFB0BD0846194600F0DE
:10546400C5FFB0BD0846194600F0C6FFB0BD0846EA
:10547400194600F0C7FFB0BD0846194600F0C8FF42
:10548400B0BD000080B500F0C9FF00F0CDFF00F012
:10549400D1FF002800D080BD00F0D2FF054800F005
:1054A400D5FF022000F068FD0B2000F0D5FF00209E
:1054B40080BDC04620F50100084909680A4A1278EF
:1054C400824203D80020002907D105E03522D2000A
:1054D40042438818002900D108467047309B0020B9
:1054E400014800787047C0460AAE0020F0B581B08C
:1054F400FFF7F6FF002827D0044600250126E8B26E
:10550400FFF7DAFF00280FD099300178002907D07F
:105514004078002804D00020374600280FD114E03A
:10552400304600280BD110E0912001011E202A46AC
:10553400234600F0C5FE00273846002805D06D1C20
:10554400AC42DCD1002700E000270120384001B044
:10555400F0BD0000F0B581B0FFF7C2FF002828D0ED
:10556400044600250126E8B2FFF7A6FF00280DD067
:105574008D30017B002905D0417B002902D00078C1
:10558400002811D0304600280AD115E01E200C490D
:105594002A46234600F094FE0027384600280BD004
:1055A4006D1CAC42DFD106E0002037460028F7D15D
:1055B40002E0002700E000270120384001B0F0BDE0
:1055C40026090000014800687047C046349B00204B
:1055D40080B5FFF7F7FF002805D03321C900405CF0
:1055E400411E884180BD002080BD80B5FFF7EAFFE1
:1055F4000146002000290AD03322D2008A181278EA
:10560400002A04D091310878411E4842484180BDA7
:10561400014800687047C046389B002080B5FFF7FA
:10562400F7FF002805D047218900405C411E8841CE
:1056340080BD002080BD80B5FFF7EAFF0146002051
:1056440000290CD0472292008A181278002A06D02A
:10565400A531097802220A43032A00D1012080BD22
:1056640070477047704770471721817470477047BF
:1056740070477047FF217431826B642353548374E1
:10568400501819214170704770B50A460446FF212D
:1056940008462030A36B1E18B92040001D18185C62
:1056A400002807D0FF2A00D8D1B268781A2200F067
:1056B40036F868703078002801D0012000E002201C
:1056C400285CA07470BDB0B50446FF20A16B0246EF
:1056D40020328A5C002A08D074300D182878012101
:1056E4001A2200F01CF82870A074B0BDB0B50446AE
:1056F400FF20A16B024620328A5C002A08D0743055
:105704000D1828783221642200F003F82870A07460
:10571400B0BD4018904200D80246D0B2704753182A
:10572400834200D2421AD0B270470000F0B585B06F
:105734000646EFF3058002ACA6702180E2700025D6
:105744000395002800D1ED432A4F002A2BD0019362
:10575400242A15D80092294F3868002100F082FECF
:105764000390002808D1244F38680024214600F013
:1057740079FE0390002836D03868049003980DE031
:10578400802A27D800921C4F38680024214600F054
:1057940069FE0390002823D0396804910199009A86
:1057A400FCF7F8F9134FF81C314600F029FA1448B5
:1057B400006802A9002632462B4600F059FE4442F6
:1057C4004441002812D03A1D81B2104600F018FA64
:1057D40034460BE0B81C114600F012FA002405E030
:1057E4000448401C00E0034800F022FA204605B0BB
:1057F400F0BDC0460460000000C2002004C20020C6
:105804003C85002010B582B0019100900022EFF396
:105814000580002801D0134600E0D3430748006800
:10582400694600F025FE0446002803D004A0214662
:1058340000F030FE6042604102B010BD94AE002022
:10584400626C655F7461736B5F73656E645F6D73C7
:10585400675F746F5F6C6C635F7461736B20666108
:10586400696C65643A25750A000000001C461546FB
:105874000E460746FCF7A2FC07A001F055F80BA062
:105884003946324600F006FE10A02946224600F0B2
:1058940001FEFCF767FCFEE773797374656D2065A0
:1058A40072726F72206F636375727300753136455F
:1058B40072724D6F64756C653A2575207531364585
:1058C40072724C696E653A25750A0000753332456B
:1058D4007272496E666F313A25752075333245729E
:1058E40072496E666F323A25750A0000F0B585B0CC
:1058F4000446407D217D01290CD1EFF31081EFF3A3
:10590400108272B60022227562682260626A226284
:1059140081F3108800280AD0EFF31081EFF310828E
:1059240072B600226275E27DA27581F31088A17DB2
:1059340002291DD000295AD1EFF31080EFF3108112
:1059440072B6E16A002901D0A26A8A622C4A1368FD
:10595400A34201D1A36A13602A4A1368A34200D167
:10596400116080F310880020A062E06205B0F0BDF1
:1059740000280BD0276902972068009003A800F044
:105984007DFD0398012813D11B4D14E0207E0128CE
:105994002BD100200290174802A900F0ADF820682E
:1059A4000090029F04A800F069FD04980128EBD040
:1059B40000F06AFD05461148068805800197E760F6
:1059C4007D2042030027009839463B46FCF7CAF87D
:1059D400002E01D0721955082A463B46FCF792F86E
:1059E40001990818A06005B0F0BD0120A07505B0AC
:1059F400F0BDC04600300560127A0000ACC2002041
:105A04009CC20020A0C2002019480088081A414204
:105A1400414148007047C0460020009A022A0BD337
:105A2400002B09D0124A1288914205D100205870E7
:105A340011480078187002207047C046019A022A63
:105A440013D1002B11D1009A002A0ED0084B1B88C9
:105A540099420AD10749088010780121014006487B
:105A6400017006480168491C016000207047C04667
:105A740040F6002044F6002046F6002048F60020B8
:105A840003B40148019001BD39C4010003B40148C5
:105A9400019001BD43F9010003B40148019001BD27
:105AA40033F9010003B40148019001BD610E020005
:105AB40003B40148019001BD45A3010003B40148AA
:105AC400019001BDADA0010003B40148019001BDE6
:105AD40065BF010003B40148019001BDBDBD0100D3
:105AE40003B40148019001BD51F8020003B4014818
:105AF400019001BD1DBF010003B40148019001BD27
:105B040045BF010003B40148019001BDCDBF0100B0
:105B140003B40148019001BD698D010003B401483B
:105B2400019001BD058F010003B40148019001BD3E
:105B3400E971010003B40148019001BD79DC010061
:105B440003B40148019001BD5572010003B401483A
:105B5400019001BD858E010003B40148019001BD8F
:105B640089DB010003B40148019001BDADC301000C
:105B740003B40148019001BD43D7010003B40148B7
:105B8400019001BD41F9020003B40148019001BD37
:105B940089C2010003B40148019001BDBD0D01009B
:105BA40003B40148019001BD1D23010003B4014861
:105BB400019001BD0922010003B40148019001BD17
:105BC400D123010003B40148019001BD79C0010053
:105BD40003B40148019001BDBDBE010003B40148F6
:105BE400019001BD81BE010003B40148019001BDD3
:105BF400F9BD010003B40148019001BDD9C0010001
:105C040003B40148019001BDFDF6020003B401484C
:105C1400019001BDF912010003B40148019001BDD6
:105C2400B9A0030003B40148019001BDA51101000E
:105C340003B40148019001BDE9F6020003B4014830
:105C4400019001BD3594020003B40148019001BDE7
:105C540025AA020003B40148019001BD49A0020035
:105C640003B40148019001BDCD39020003B40148D9
:105C7400019001BD7DDC020003B40148019001BD27
:105C840011F4020003B40148019001BD15D00200D3
:105C940003B40148019001BD192C020003B401486A
:105CA400019001BD1959020003B40148019001BDDE
:105CB4005129020003B40148019001BD2982020068
:105CC40003B40148019001BD0114010003B401486B
:105CD400019001BDC5DF020003B40148019001BD7C
:105CE4006118020003B40148019001BD2D20020097
:105CF40003B40148019001BDFD23020003B401482F
:105D0400019001BD6982020003B40148019001BD04
:105D1400B13C030003B40148019001BD03F9020042
:105D240003B40148019001BD61F7020003B40148C6
:105D3400019001BD39F7020003B40148019001BD8F
:105D440025F7020003B40148019001BDC5F7020024
:105D540003B40148019001BDC923030003B4014801
:105D6400019001BDD9F7020003B40148019001BDBF
:105D740011F7020003B40148019001BDD5050300E9
:105D840003B40148019001BD9D12010003B4014810
:105D9400019001BD51EC030003B40148019001BD21
:105DA400E105030003B40148019001BD6D1803002F
:105DB40003B40148019001BDB95A030003B401487A
:105DC400019001BDDD59030003B40148019001BDF8
:105DD4008518030003B40148019001BDAF280300F6
:105DE40003B40148019001BDFD05030003B401485B
:105DF400019001BD0506030003B40148019001BDF3
:105E0400F505030003B40148019001BDED0503004D
:105E140003B40148019001BD89A6010003B40148FF
:105E2400019001BDF11A020003B40148019001BDC3
:105E34007923020003B40148019001BD75200200DA
:105E440003B40148019001BD3920020003B40148A4
:105E5400019001BD4520020003B40148019001BD39
:105E64008120020003B40148019001BD69200200B1
:105E740003B40148019001BD5120020003B401485C
:105E8400019001BD5D20020003B40148019001BDF1
:105E940031E0020003B40148019001BD19E00200A1
:105EA40003B40148019001BD25E0020003B4014898
:105EB400019001BDB9DF020003B40148019001BDA6
:105EC400D1DF020003B40148019001BDF5DF0200F7
:105ED40003B40148019001BDDDDF020003B40148B1
:105EE400019001BD01E0020003B40148019001BD2D
:105EF400E9DF020003B40148019001BD0DE0020096
:105F040003B40148019001BD49E0020003B4014813
:105F1400019001BD3DE0020003B40148019001BDC0
:105F2400ADDF020003B40148019001BD5DE9030047
:105F340003B40148019001BD75E9030003B40148AD
:105F4400019001BD69E9030003B40148019001BD5A
:105F540051E9030003B40148019001BD45E9030080
:105F640003B40148019001BD49E2030003B40148B0
:105F7400019001BD55E2030003B40148019001BD45
:105F84000559010003B40148019001BDF57E0100EB
:105F940003B40148019001BD7927030003B401480B
:105FA400019001BDE523030003B40148019001BD44
:105FB4008D23030003B40148019001BD5D28030053
:105FC40003B40148019001BD9F28030003B40148B4
:105FD400019001BDEB28030003B40148019001BD09
:105FE4002910010003B40148019001BD051001000E
:105FF40003B40148019001BD5D22030003B40148CC
:10600400019001BD253D030003B40148019001BD89
:10601400513A030003B40148019001BD7DDE010043
:1060240003B40148019001BDA5BC020003B40148BA
:10603400019001BD7D08010003B40148019001BD38
:106044006108010003B40148019001BD4D10010035
:1060540003B40148019001BDE110010003B40148FB
:10606400019001BDD952030003B40148019001BD60
:106074003930030003B40148019001BD29440300F1
:1060840003B40148019001BDB105030003B4014804
:10609400019001BD99A7030003B40148019001BD1B
:1060A400A530030003B40148019001BD4946030033
:1060B40003B40148019001BD8931030003B40148D0
:1060C400019001BDED44030003B40148019001BDFA
:1060D4000931030003B40148019001BDE13203001A
:1060E40003B40148019001BDA934030003B401487D
:1060F400019001BD3532030003B40148019001BD94
:10610400814E030003B40148019001BD35490300E9
:1061140003B40148019001BD6932030003B401488E
:10612400019001BDB135030003B40148019001BDE4
:10613400C331030003B40148019001BDDD30030005
:1061440003B40148019001BD8D35030003B4014837
:10615400019001BD5935030003B40148019001BD0C
:106164000936030003B40148019001BDF50B030097
:1061740003B40148019001BD410C030003B401487C
:10618400019001BDE10C030003B40148019001BD7D
:10619400F10C030003B40148019001BD910C03000C
:1061A40003B40148019001BDA30C030003B40148EA
:1061B400019001BD110D030003B40148019001BD1C
:1061C400C15D030003B40148019001BD31660300C1
:1061D40003B40148019001BDED16030003B4014866
:1061E400019001BD190F030003B40148019001BDE2
:1061F4008766030003B40148019001BD576603009C
:1062040003B40148019001BD4D17030003B40148D4
:10621400019001BD7B66030003B40148019001BDF8
:106224006366030003B40148019001BD1D1003001F
:1062340003B40148019001BD1510030003B40148E3
:10624400019001BDAF0F030003B40148019001BDEB
:106254002910030003B40148019001BDD1A7030034
:1062640003B40148019001BD4B66030003B4014827
:10627400019001BD6F66030003B40148019001BDA4
:1062840057EF020003B40148019001BDDDE00300B3
:1062940003B40148019001BDFD7A020003B4014832
:1062A400019001BDCD52020003B40148019001BD2B
:1062B4000552020003B40148019001BD4DF70200EC
:1062C40003B40148019001BD6942010003B40148CF
:1062D400019001BD31EE020003B40148019001BDFB
:1062E400A117020003B40148019001BDDD100200B2
:1062F40003B40148019001BDF115020003B4014843
:10630400019001BD4917020003B40148019001BD89
:106314004913020003B40148019001BD7115020044
:1063240003B40148019001BD9D0F020003B401486C
:10633400019001BDE11A020003B40148019001BDBE
:106344001D18020003B40148019001BD4D1802005C
:1063540003B40148019001BD9112020003B4014845
:10636400019001BDF111020003B40148019001BD87
:106374003512020003B40148019001BDD513020097
:1063840003B40148019001BD6114020003B4014843
:10639400019001BD1514020003B40148019001BD30
:1063A4001124020003B40148019001BDE922020056
:1063B40003B40148019001BD3D1E020003B401482D
:1063C400019001BD751E020003B40148019001BD96
:1063D400C91D020003B40148019001BD21780200E7
:1063E40003B40148019001BD8543020003B4014890
:1063F400019001BDB12D020003B40148019001BD1B
:1064040011F1020003B40148019001BDC961020009
:1064140003B40148019001BDE9C0020003B401487E
:10642400019001BD5D52010003B40148019001BD1A
:106434005D58010003B40148019001BDD953010026
:1064440003B40148019001BDE955010003B40148BA
:10645400019001BD195A010003B40148019001BD26
:1064640091B2010003B40148019001BD4D11010036
:1064740003B40148019001BD3514010003B401487F
:10648400019001BDED72010003B40148019001BD0A
:10649400BD7201000FB410B503A9044B044A02985D
:1064A40000F008F810BC08BC04B01847495000209C
:1064B400A8840020FFB591B00F460546002606E0EB
:1064C40025280AD0149A139990476D1C761C2878B5
:1064D4000028F5D1304615B0F0BD00240094012108
:1064E400F34A029400E004436D1C2B780846203BD9
:1064F40098401042F7D128782A280ED00221287813
:106504000246303A092A15D8009A0A235A43303AE7
:1065140080180C436D1C0090F1E701CF0090002817
:1065240005DA012040030443009840420090022011
:1065340004436D1C28782E2815D104200443687860
:106544006D1C2A280AD101CF6D1C02900BE0029920
:106554000A225143303940186D1C029028780146B4
:1065640030390929F3D928786C2810D006DC4C2856
:106574001AD068280ED06A2817D104E0742813D0E2
:106584007A2812D110E00120400504430CE00121D7
:10659400090501E0032109050C436978814203D10F
:1065A4000120000524186D1C6D1C287803906E28AA
:1065B4001ED00CDC632831D004DC00288AD0582893
:1065C40011D1B2E064287BD069280CD178E073281B
:1065D4002DD004DC6F2870D0702804D1A7E0752872
:1065E4006CD078286BD0149A13999047761C62E08B
:1065F4006002400F022807D003280AD00428386814
:106604000AD006603F1D56E03868F1170660416005
:10661400F8E738680680F5E70670F3E738786946E6
:1066240008740020487404A80390012003E038682B
:1066340003900020C0433F1D61070FD5002101E0F6
:106644000199491C029A0191914213DA8142F7DBC4
:10665400019A0399895C0029F2D10BE0002101E041
:106664000199491C01918142FADB019A0399895CE1
:106674000029F5D101990098139A401A00902146F7
:10668400149B00F03BF901998019461807E0039820
:1066940003990078491C0391149A1399904701981F
:1066A400401E0190401CF2D12146149B139A00987D
:1066B40000F014F986196D1C09E741E033E034E079
:1066C4000A200021049005916002410F022905D09F
:1066D40001CFC2179446032905D007E0FF1DFF0828
:1066E400FF0003CF06E000B2C2179446042902D18A
:1066F40040B2C1178C4600226146944506DA0A4628
:106704000021404291418C462D2102E0210504D50F
:106714002B216A461176012103E0E10701D02021F3
:10672400F7E7019154E00A200BE0102009E0102063
:10673400049000210420044308200591029003E002
:1067440008200021059104906002410F022905D020
:1067540001CF00229446032906D006E0FF1DFF085E
:10676400FF0003CF8C4603E080B2042900D1C0B2FD
:106774000021019121072BD50399702906D0049A91
:106784001021059B4A401A4305D00EE040216A4679
:106794001176012108E06146014306D030216A46A2
:1067A40011760399517602210191049A0821059BDF
:1067B4004A401A430CD16146014301D1610707D510
:1067C40030216A461176012101910299491E0291F4
:1067D4000399582904D037A103910FA90F910DE013
:1067E40039A1F9E76146059B049AFBF78BF9039BF2
:1067F4008C469B5C0F9A521E0F92137061460143A4
:10680400F0D10F9807A9081A20300390600704D527
:10681400012000048443029801E0012002900399BE
:10682400884201DD401A00E00020411802900198DE
:1068340009180098401A0090E00306D42146149BDE
:10684400139A009800F05AF886190020049008E082
:1068540006A9085C149A139990470498401C761C66
:10686400049001998842F3DBE0030CD52146149B84
:10687400139A009800F042F8861904E0149A302024
:1068840013999047761C0299481E02900029F5DC62
:1068940008E00F980F990078491C0F91149A1399E6
:1068A4009047761C0399481E03900029F1DCFBE60F
:1068B40009280100303132333435363738396162D2
:1068C4006364656600000000303132333435363796
:1068D400383941424344454600000000F8B50446B7
:1068E40000251E461746880404D405E039462020B6
:1068F400B0476D1C641EF9D52846F8BDFFB50446A3
:10690400002581B01E46C80301D5302700E02027AA
:10691400880404D505E038460399B0476D1C641E0D
:10692400F9D5284605B0F0BD10B5044601E0FCF7E2
:10693400F3FF2078641C03490028F8D10A20FCF7EF
:10694400EBFF10BDA8840020A000A00000020000FE
:1069540000000000000700002B820020010000005E
:1069640018AE00204400000098B300200008000086
:106974002000000000000000000000001882002039
:106984000000000060AE00203400000098AE00203B
:10699400000500007C840020878400208D84002072
:1069A4007F8400208A840020908400208284002038
:1069B400953F0020C94000200000000095450020BC
:1069C400A145002059460020FE0065787065726973
:1069D4006D656E74616C00004669726D77617265F5
:1069E400205265766973696F6E00000048617264B5
:1069F40077617265205265766973696F6E00000075
:106A04004D616E756661637475726572204E616D59
:106A1400650000004D6F64656C204E756D62657293
:106A24000000000053657269616C204E756D6265EB
:106A340072000000536F6674776172652052657648
:106A44006973696F6E005B486172644661756C744A
:106A54005F48616E646C65725D43757272656E74D5
:106A6400206D73703A203078253038580A004F630F
:106A7400637572656420696E207461736B2E0055B2
:106A840073696E67207533324D73702E004F6363E4
:106A94007572656420696E20696E746572727570B2
:106AA400742E0044657620696E666F207365727675
:106AB40069636520696E6974206661696C757265C5
:106AC4002E006C6C635461736B4D736751756575FF
:106AD400654964204E554C4C006C6C635461736B77
:106AE4004964204E554C4C006C6C635F7461736B4D
:106AF4005F6D73675F7175657565006C6C635F745A
:106B040061736B00626C65537461636B5F6D736773
:106B14005F717565756500626C65537461636B5470
:106B240061736B5F4D656D506F6F6C5F6C6F6E67FB
:106B340000626C65537461636B5461736B00626CC7
:106B440065537461636B5461736B5F4D656D506F16
:106B54006F6C5F73686F7274005B4D53475F424C98
:106B6400455F5048595F5550444154455F434F4D2C
:106B7400504C4554455F494E445D2048616E646CF9
:106B840065203D20307825582C2054585F504859B2
:106B9400203D20307825582C2052585F50485920E9
:106BA4003D20307825580A005B4D53475F424C45E1
:106BB4005F454E435259505445445F4348414E4704
:106BC40045445F494E445D2048616E646C65203DD8
:106BD40020307825582C20456E6372797074696F63
:106BE4006E5F456E61626C6564203D203078255887
:106BF4000A005B4D53475F424C455F454E43525933
:106C0400505445445F524546524553485F494E44AB
:106C14005D2048616E646C65203D20307825580AFB
:106C2400005B4D53475F424C455F4C4C5F564552A9
:106C340053494F4E5F494E445D204D616E75666108
:106C44006374757265725F4E616D65203D203078A6
:106C540025582C2048616E646C65203D20307825D1
:106C6400582C2056657273696F6E203D203078254C
:106C7400580A005B4D53475F424C455F44495343B8
:106C84004F4E4E45435445445F494E445D20486150
:106C94006E646C65203D20307825582C2072656127
:106CA400736F6E203D20307825580A005B4D5347A2
:106CB4005F424C455F434F4E4E454354494F4E5FF0
:106CC4005550444154455F434F4D504C4554455FE6
:106CD400494E445D20436F6E6E5F496E74657276F3
:106CE400616C203D20307825582C20436F6E6E5FF8
:106CF4004C6174656E6379203D20307825582C20D2
:106D04005375706572766973696F6E5F54696D65EA
:106D14006F75203D20307825580A005B4D53475F3E
:106D2400424C455F434F4E4E45435445445F494EA4
:106D3400445D48616E646C65203D203078253034B4
:106D4400580A006170705F6D61696E0042430046CD
:106D540043004E4F4E4500425000465000425300FF
:106D6400465300626C655F73656E645F7461736B38
:106D7400000000000000000000000000010000000E
:106D84000010010039710020497100206D7100204C
:106D940000232DE9F0413D4C84B02278CDE9013344
:106DA400002A35D0EFF3108572B6394B1B680BB14E
:106DB400984758B32378012B2DD0023B022B25D8BA
:106DC40001A800F085FB002003A900F06DFB0198E9
:106DD400012831D0039B2BB1012002A900F064FBF0
:106DE400029BF3B14FF0A04000F024F9294A136943
:106DF40043F00403136130BF4FF0A04000F026F9C4
:106E0400012000F06DFB244B1B6873B985F31088D7
:106E140004B0BDE8F0811F4A136923F00403136131
:106E240030BF1D4B1B68002BF0D02278022AEDD115
:106E3400984785F31088EBE7039BE3B14FF0804359
:106E4400D3F88021D2071CD5D3F88060D3F8E88129
:106E5400124B02A9D3F8047100F026FB40F6C413C8
:106E6400A6EB0806BFB207FB06F6B3EB962FD8D203
:106E7400029B002BD5D04FF4FA61012000F008FBEF
:106E8400A8E702A900F010FBCBE700BF38F301200C
:106E940040F3012000ED00E03CF3012000F0046029
:106EA400B0F1A04F10B5044602D0094B98420CD162
:106EB400084AFF21204600F0E3FA38B92046BDE82D
:106EC4001040044AFF2100F0DBBA012010BD00BFCE
:106ED400001000500007010038B504460D46FFF7C6
:106EE400DFFF28B929462046BDE8384000F0ECBA57
:106EF40038BD38B504460D46FFF7D2FF28B92946F8
:106F04002046BDE8384000F0ABBA38BD38B5044679
:106F14000D46FFF7C5FF28B929462046BDE838408D
:106F240000F0A6BA38BD38B504460D46FFF7B8FFE1
:106F340028B929462046BDE8384000F0BDBA38BD1E
:106F440038B504460D46FFF7ABFF28B9294620465D
:106F5400BDE8384000F0B4BA38BD10B50446FFF7B8
:106F64009FFF20B92046BDE8104000F08DBA10BD47
:106F740038B504460D46FFF793FF28B92946204645
:106F8400BDE8384000F094BA38BDB0F1A04F2DE907
:106F9400F84305460E4602D0234B98423ED1002EBC
:106FA4003CD02846FFF77CFF002838D11F4A2049EF
:106FB400284600F065FA90BB10270446B94641F212
:106FC4008738AB68DB061AD5042F3B46314628BF09
:106FD40004232868C6EB46740A19D20020FA02F288
:106FE40001F8012B8A1B92B29342F5D800245A1E51
:106FF40092B20132FF1A1644BFB2C5F810900134A0
:1070040044450ED8012000F06FFA002FD9D128464C
:10701400BDE8F84341F2883100F026BA0120BDE80A
:10702400F8830320FBE700BF001000501F070F0088
:107034004B00800310B50446FFF732FF28B9204601
:10704400BDE81040032100F02BBA10BD10B5044672
:10705400FFF726FF20B92046BDE8104000F048BAEB
:1070640010BD002337B5B0F1A04F04460D46ADF86E
:10707400063002D0164B984228D10DF10601204665
:10708400FFF72AFF00BBBDF80630AD0023F48043B0
:1070940005F07C0523F07C031D434FF4E0620621D8
:1070A4002046ADF8065000F0EBF968B9BDF806309B
:1070B400084A63600849204600F0E2F920B943F623
:1070C4009821204600F0D0F903B030BD0120FBE741
:1070D4000010005000070100010000052DE9F041F7
:1070E40004460D4616461F46FFF7DAFE38B93B46FE
:1070F400324629462046BDE8F04100F0A9B9BDE872
:10710400F08138B504460D46FFF7CAFE28B9294672
:107114002046BDE8384000F0AFB938BD2DE9F0474E
:1071240004460D4616461F469DF82080BDF824905F
:10713400FFF7B6FE48B9CDE908893B4632462946F1
:107144002046BDE8F04700F0C7B9BDE8F0872DE957
:10715400F04104460D4616461F469DF81880FFF779
:107164009FFE48B9CDF818803B4632462946204652
:10717400BDE8F04100F070B9BDE8F081B0F1A04F76
:107184002DE9F8430446894615461F4602D0284B8C
:10719400984247D1EFF3108872B6264B03216366F9
:1071A400254B2046E3650523236600F075F94FF46B
:1071B400E06206460621204600F062F9A36D06430C
:1071C40043F00103A3650123F6B2A366B9F1030FEB
:1071D4002BD8DFE809F0021B1F232D021749E564B1
:1071E400174A204600F04CF93043C0B288F31088A7
:1071F400C8B9236FDB07FCD4A36D394623F0010320
:10720400A3652046BDE8F84300F02EB92D03E564DC
:107214000C49E5E7ED03E5640B49E1E72D04E5647A
:107224000A49DDE70120BDE8F8831020FBE700BF31
:1072340000100050A008C80C2000C8008100000302
:10724400170702002000000352000003D8000003C7
:107254002DE9F74FB0F1A04F04468A4617461D4664
:107264009DF83060BDF8348003D05C4B984240F008
:10727400B180002D00F0AE80002F00F0AB8055FAF5
:107284008AF3B3F5807F00F2A580EFF310830193B6
:1072940072B6534B4FF4E0626366524B0621E365CA
:1072A40005232046236600F0EBF8A36D022E43F07D
:1072B4000103A3654FF001038146A3665DD0032E4D
:1072C40061D0002E65D12A04A2F578424649E93AF4
:1072D4000020042D2E46BE4628BF042603461EF871
:1072E40001CB4FEAC00B0CFA0BFC013043EA0C0350
:1072F4001FFA80FC6645F2D8701E80B20130C4F8D3
:107304004CA007446360204600F0BAF849EA00093B
:107314005FFA89F9AE1B41F2883A4D464FF0020BF1
:10732400B6B216B3C4F810B0A16811F0020117D1B7
:10733400042E3346BC4628BF04230A461CF8010B1E
:107344004FEAC10E00FA0EF00131024388B29842AE
:10735400F4D3591E89B20131F61A0F44B6B26260F1
:10736400BAF1010A18D149F00305019B83F310888F
:10737400B5B1E8B203B0BDE8F08F2A04A2F57842B3
:10738400E93A1A49A4E72A04A2F57842E93A1849E5
:107394009EE7002211469BE7012000F0A5F8C0E714
:1073A400236FDA07FCD441F28835A36D23F001037F
:1073B400A365D4F8A430DB0706D44146204603B0C5
:1073C400BDE8F04F00F050B8013D05D0012000F0B9
:1073D4008BF8EEE70120CDE70320CBE70010005047
:1073E400A008C80C4001C80002004003A2004203E8
:1073F400320043032DE9F74F9DB282468846174673
:107404009DF83090BDF834B0EDB1E2B1494600F0DA
:1074140043F8064698B95FFA88F4C4F58074A4B2B8
:10742400AC4288BFACB23A464146CDE9009B234604
:107434005046FFF70DFF2D1BA0442744EBD13046E7
:1074440003B0BDE8F08F0126F9E700BF000000009B
:107454005FF800F0A18800005FF800F09D8A00004A
:107464005FF800F0999200005FF800F09990000036
:107474005FF800F0758C00005FF800F001880000F0
:107484005FF800F0458E00005FF800F03D890000D1
:107494005FF800F0295D00005FF800F0C18D000086
:1074A4005FF800F0798800005FF800F03DC3000049
:1074B4005FF800F0758900005FF800F00D8D0000A2
:1074C4005FF800F0F58F00005FF800F0818B00009A
:1074D4005FF800F0697A00005FF800F0D9900000CE
:1074E4005FF800F01D7300005FF800F081470000B2
:0874F4005FF800F0A58D000017
:1074FC00FFFF0100EFF31000BCC30010C4C3001069
:10750C0001000000CCC30010050000002E0200009A
:10751C005D000000060000002E02000000000000CC
:10752C000000000000000000BC742B4106A3BA420E
:10753C000100000094F0012001000000D8CD0010E3
:10754C0001000000B8CD001001020600D8C30010E5
:10755C00170000000400070000F1012001000000EA
:10756C0000000000000000C30000803B0100000090
:10757C0003000000F4CD001001010100F8CD001053
:10758C0000000000040000002E02000071450010F5
:10759C00E8F00120F8F001200600000001000000D6
:1075AC0000000000B8F00120D0F001200100000024
:1075BC000000000000000000000000000558001052
:1075CC0080DF00102E020000C8D600102E02000032
:1075DC0010CE00102E02000004000000010000007C
:1075EC00060000000000803F0001020304050000BB
:1075FC0084C3001088C300108CC3001090C300100B
:10760C0094C3001098C300109CC300106CE90010C8
:10761C0064E900106CE9001000000000000000009C
:10762C007CE90010000000000000000000000000D9
:10763C000000000050E9001048E9001050E900106B
:10764C00000000000000000060E9001000000000D5
:10765C0000000000000000000000000034E90010F1
:10766C002CE9001034E900100000000000000000BC
:10767C0044E90010000000000000000000000000C1
:10768C000000000020E9001018E9001020E90010AB
:10769C00000000000000000028E9001000000000BD
:1076AC0000000000000000000000000002090000C3
:1076BC0000000000481801102E020000010000001C
:1076CC002C180110010200001018011004180110F0
:1076DC001C00000001000000E81701100109000067
:1076EC00A01701108C1701104600000001000000CB
:1076FC007817011001020000501701103C170110FF
:10770C0028000000010000002817011001090000EA
:10771C006016011054160110C80000000100000092
:10772C004016011001020000F0150110DC150110CB
:10773C005000000001000000C815011001090000F4
:10774C0030EA001018EA0010982B0000010000002D
:10775C0004EA00100209000000000000F8E9001023
:10776C001400000001000000DCE900100209000018
:10777C0000000000D0E900100A0000000100000029
:10778C00BCE900100209000000000000B0E9001084
:10779C00070000000100000094E90010020900003D
:1077AC0000000000B0E9001007000000010000001C
:1077BC0080E90010C8F20120000000006C010220DA
:1077CC00D40102203C020220000000000000000056
:1077DC00000000000000000000000000000000009D
:1077EC00000000000000000000000000000000008D
:1077FC00000000000000000000000000000000007D
:10780C000000000000000000030000006C010220DA
:04000005100031C1F5
:00000001FF
